run_id,n_active,rep,burst,rd_per_group,wr_per_group,acc,acc_y,acc_x,hops,cyc_to_done,cyc_all_done,start_skew,start_off,cyc_active,polls,acc_tlb,acc_mem_lo,acc_mem_hi,acc_tot_lo,acc_tot_hi,acc_invocations,errors,timeout
1,1,1,8,1,1,0,0,2,2,623796,623818,121,7,623789,4097,1,508862,0,623559,0,1,0,0
2,1,2,8,1,1,0,0,2,2,623800,623822,121,7,623793,4097,1,508866,0,623563,0,1,0,0
3,1,3,8,1,1,0,0,2,2,623819,623841,121,7,623812,4097,1,508902,0,623599,0,1,0,0
4,2,1,8,1,1,0,0,2,2,639805,639978,243,7,639798,2205,1,524781,0,639478,0,1,0,0
4,2,1,8,1,1,1,0,3,3,639951,639978,243,126,639825,2205,1,524784,0,639481,0,1,0,0
5,2,2,8,1,1,0,0,2,2,639712,639884,243,7,639705,2205,1,524849,0,639546,0,1,0,0
5,2,2,8,1,1,1,0,3,3,639857,639884,243,126,639731,2205,1,524878,0,639575,0,1,0,0
6,2,3,8,1,1,0,0,2,2,639729,639898,243,7,639722,2204,1,524662,0,639359,0,1,0,0
6,2,3,8,1,1,1,0,3,3,639871,639898,243,126,639745,2204,1,524691,0,639388,0,1,0,0
7,4,1,8,1,1,0,0,2,2,772634,773083,475,7,772627,1385,1,657622,0,772319,0,1,0,0
7,4,1,8,1,1,1,0,3,3,772779,773083,475,121,772658,1385,1,657638,0,772335,0,1,0,0
7,4,1,8,1,1,2,1,0,1,772918,773083,475,232,772686,1385,1,657613,0,772310,0,1,0,0
7,4,1,8,1,1,3,1,1,2,773056,773083,475,352,772704,1385,1,657635,0,772332,0,1,0,0
8,4,2,8,1,1,0,0,2,2,772533,772984,464,7,772526,1385,1,657606,0,772303,0,1,0,0
8,4,2,8,1,1,1,0,3,3,772678,772984,464,121,772557,1385,1,657628,0,772325,0,1,0,0
8,4,2,8,1,1,2,1,0,1,772819,772984,464,232,772587,1385,1,657522,0,772219,0,1,0,0
8,4,2,8,1,1,3,1,1,2,772957,772984,464,343,772614,1385,1,657528,0,772225,0,1,0,0
9,4,3,8,1,1,0,0,2,2,772900,773343,475,7,772893,1385,1,657693,0,772390,0,1,0,0
9,4,3,8,1,1,1,0,3,3,773042,773343,475,121,772921,1385,1,657718,0,772415,0,1,0,0
9,4,3,8,1,1,2,1,0,1,773179,773343,475,232,772947,1385,1,657603,0,772300,0,1,0,0
9,4,3,8,1,1,3,1,1,2,773316,773343,475,352,772964,1385,1,657602,0,772299,0,1,0,0
10,6,1,8,1,1,0,0,2,2,1047697,1083550,724,7,1047690,1339,1,932202,0,1046899,0,1,0,0
10,6,1,8,1,1,1,0,3,3,1047852,1083550,724,121,1047731,1339,1,932284,0,1046981,0,1,0,0
10,6,1,8,1,1,2,1,0,1,1063829,1083550,724,232,1063597,1339,1,948620,0,1063317,0,1,0,0
10,6,1,8,1,1,3,1,1,2,1078166,1083550,724,352,1077814,1339,1,962636,0,1077333,0,1,0,0
10,6,1,8,1,1,4,1,2,3,1083384,1083550,724,469,1082915,1339,1,967973,0,1082670,0,1,0,0
10,6,1,8,1,1,5,1,3,4,1083523,1083550,724,601,1082922,1339,1,967895,0,1082592,0,1,0,0
11,6,2,8,1,1,0,0,2,2,1040772,1080400,710,7,1040765,1338,1,925731,0,1040428,0,1,0,0
11,6,2,8,1,1,1,0,3,3,1040923,1080400,710,121,1040802,1338,1,925836,0,1040533,0,1,0,0
11,6,2,8,1,1,2,1,0,1,1058052,1080400,710,232,1057820,1338,1,942910,0,1057607,0,1,0,0
11,6,2,8,1,1,3,1,1,2,1074703,1080400,710,353,1074350,1338,1,959120,0,1073817,0,1,0,0
11,6,2,8,1,1,4,1,2,3,1080233,1080400,710,482,1079751,1338,1,964785,0,1079482,0,1,0,0
11,6,2,8,1,1,5,1,3,4,1080373,1080400,710,593,1079780,1338,1,964780,0,1079477,0,1,0,0
12,6,3,8,1,1,0,0,2,2,1044215,1083511,740,7,1044208,1341,1,929166,0,1043863,0,1,0,0
12,6,3,8,1,1,1,0,3,3,1044380,1083511,740,121,1044259,1341,1,929241,0,1043938,0,1,0,0
12,6,3,8,1,1,2,1,0,1,1063300,1083511,740,232,1063068,1341,1,948018,0,1062715,0,1,0,0
12,6,3,8,1,1,3,1,1,2,1077936,1083511,740,352,1077584,1341,1,962656,0,1077353,0,1,0,0
12,6,3,8,1,1,4,1,2,3,1083475,1083511,740,469,1083006,1341,1,967854,0,1082551,0,1,0,0
12,6,3,8,1,1,5,1,3,4,1083281,1083511,740,601,1082680,1341,1,967803,0,1082500,0,1,0,0
13,8,1,8,1,1,0,0,2,2,1131614,1403994,945,7,1131607,1415,1,1016608,0,1131305,0,1,0,0
13,8,1,8,1,1,1,0,3,3,1131765,1403994,945,121,1131644,1415,1,1016730,0,1131427,0,1,0,0
13,8,1,8,1,1,2,1,0,1,1259670,1403994,945,232,1259438,1415,1,1143818,0,1258515,0,1,0,0
13,8,1,8,1,1,3,1,1,2,1398202,1403994,945,352,1397850,1415,1,1282956,0,1397653,0,1,0,0
13,8,1,8,1,1,4,1,2,3,1403802,1403994,945,469,1403333,1415,1,1288364,0,1403061,0,1,0,0
13,8,1,8,1,1,5,1,3,4,1403942,1403994,945,589,1403353,1415,1,1288353,0,1403050,0,1,0,0
13,8,1,8,1,1,6,2,0,2,1340017,1403994,945,705,1339312,1415,1,1223880,0,1338577,0,1,0,0
13,8,1,8,1,1,7,2,1,3,1340168,1403994,945,825,1339343,1415,1,1223852,0,1338549,0,1,0,0
14,8,2,8,1,1,0,0,2,2,1132666,1403984,945,7,1132659,1414,1,1017744,0,1132441,0,1,0,0
14,8,2,8,1,1,1,0,3,3,1133792,1403984,945,121,1133671,1414,1,1017904,0,1132601,0,1,0,0
14,8,2,8,1,1,2,1,0,1,1256767,1403984,945,232,1256535,1414,1,1140892,0,1255589,0,1,0,0
14,8,2,8,1,1,3,1,1,2,1398266,1403984,945,352,1397914,1414,1,1282638,0,1397335,0,1,0,0
14,8,2,8,1,1,4,1,2,3,1403795,1403984,945,469,1403326,1414,1,1288254,0,1402951,0,1,0,0
14,8,2,8,1,1,5,1,3,4,1403932,1403984,945,589,1403343,1414,1,1288262,0,1402959,0,1,0,0
14,8,2,8,1,1,6,2,0,2,1340399,1403984,945,705,1339694,1414,1,1224639,0,1339336,0,1,0,0
14,8,2,8,1,1,7,2,1,3,1340551,1403984,945,825,1339726,1414,1,1224616,0,1339313,0,1,0,0
15,8,3,8,1,1,0,0,2,2,1131650,1406613,1007,7,1131643,1419,1,1016362,0,1131059,0,1,0,0
15,8,3,8,1,1,1,0,3,3,1131802,1406613,1007,121,1131681,1419,1,1016509,0,1131206,0,1,0,0
15,8,3,8,1,1,2,1,0,1,1260555,1406613,1007,232,1260323,1419,1,1145192,0,1259889,0,1,0,0
15,8,3,8,1,1,3,1,1,2,1399849,1406613,1007,352,1399497,1419,1,1284363,0,1399060,0,1,0,0
15,8,3,8,1,1,4,1,2,3,1406424,1406613,1007,487,1405937,1419,1,1290814,0,1405511,0,1,0,0
15,8,3,8,1,1,5,1,3,4,1406561,1406613,1007,619,1405942,1419,1,1290795,0,1405492,0,1,0,0
15,8,3,8,1,1,6,2,0,2,1341971,1406613,1007,752,1341219,1419,1,1226023,0,1340720,0,1,0,0
15,8,3,8,1,1,7,2,1,3,1342135,1406613,1007,871,1341264,1419,1,1226000,0,1340697,0,1,0,0
16,10,1,8,1,1,0,0,2,2,1143592,1774508,1228,7,1143585,1567,1,1028552,0,1143249,0,1,0,0
16,10,1,8,1,1,1,0,3,3,1143761,1774508,1228,121,1143640,1567,1,1028727,0,1143424,0,1,0,0
16,10,1,8,1,1,2,1,0,1,1312156,1774508,1228,232,1311924,1567,1,1196736,0,1311433,0,1,0,0
16,10,1,8,1,1,3,1,1,2,1615990,1774508,1228,352,1615638,1567,1,1499879,0,1614576,0,1,0,0
16,10,1,8,1,1,4,1,2,3,1628460,1774508,1228,469,1627991,1567,1,1512388,0,1627085,0,1,0,0
16,10,1,8,1,1,5,1,3,4,1628603,1774508,1228,601,1628002,1567,1,1512455,0,1627152,0,1,0,0
16,10,1,8,1,1,6,2,0,2,1673331,1774508,1228,734,1672597,1567,1,1557230,0,1671927,0,1,0,0
16,10,1,8,1,1,7,2,1,3,1766591,1774508,1228,853,1765738,1567,1,1650865,0,1765562,0,1,0,0
16,10,1,8,1,1,8,2,2,4,1774345,1774508,1228,983,1773362,1567,1,1658349,0,1773046,0,1,0,0
16,10,1,8,1,1,9,2,3,5,1774481,1774508,1228,1109,1773372,1567,1,1658276,0,1772973,0,1,0,0
17,10,2,8,1,1,0,0,2,2,1142540,1778850,1240,7,1142533,1578,1,1027116,0,1141813,0,1,0,0
17,10,2,8,1,1,1,0,3,3,1142697,1778850,1240,121,1142576,1578,1,1027146,0,1141843,0,1,0,0
17,10,2,8,1,1,2,1,0,1,1313273,1778850,1240,232,1313041,1578,1,1198108,0,1312805,0,1,0,0
17,10,2,8,1,1,3,1,1,2,1616388,1778850,1240,355,1616033,1578,1,1500509,0,1615206,0,1,0,0
17,10,2,8,1,1,4,1,2,3,1627942,1778850,1240,477,1627465,1578,1,1512342,0,1627039,0,1,0,0
17,10,2,8,1,1,5,1,3,4,1628092,1778850,1240,609,1627483,1578,1,1512412,0,1627109,0,1,0,0
17,10,2,8,1,1,6,2,0,2,1673315,1778850,1240,742,1672573,1578,1,1557296,0,1671993,0,1,0,0
17,10,2,8,1,1,7,2,1,3,1770407,1778850,1240,861,1769546,1578,1,1654572,0,1769269,0,1,0,0
17,10,2,8,1,1,8,2,2,4,1778814,1778850,1240,979,1777835,1578,1,1662689,0,1777386,0,1,0,0
17,10,2,8,1,1,9,2,3,5,1778583,1778850,1240,1101,1777482,1578,1,1662605,0,1777302,0,1,0,0
18,10,3,8,1,1,0,0,2,2,1140981,1781062,1191,7,1140974,1579,1,1025920,0,1140617,0,1,0,0
18,10,3,8,1,1,1,0,3,3,1141147,1781062,1191,121,1141026,1579,1,1026070,0,1140767,0,1,0,0
18,10,3,8,1,1,2,1,0,1,1316500,1781062,1191,232,1316268,1579,1,1200636,0,1315333,0,1,0,0
18,10,3,8,1,1,3,1,1,2,1618488,1781062,1191,343,1618145,1579,1,1503251,0,1617948,0,1,0,0
18,10,3,8,1,1,4,1,2,3,1631005,1781062,1191,458,1630547,1579,1,1515420,0,1630117,0,1,0,0
18,10,3,8,1,1,5,1,3,4,1631145,1781062,1191,575,1630570,1579,1,1515452,0,1630149,0,1,0,0
18,10,3,8,1,1,6,2,0,2,1674537,1781062,1191,692,1673845,1579,1,1558607,0,1673304,0,1,0,0
18,10,3,8,1,1,7,2,1,3,1772901,1781062,1191,805,1772096,1579,1,1656932,0,1771629,0,1,0,0
18,10,3,8,1,1,8,2,2,4,1780873,1781062,1191,940,1779933,1579,1,1664807,0,1779504,0,1,0,0
18,10,3,8,1,1,9,2,3,5,1781035,1781062,1191,1055,1779980,1579,1,1664764,0,1779461,0,1,0,0
19,13,1,8,1,1,0,0,2,2,1135434,2291554,1594,7,1135427,1670,1,1019416,0,1134113,0,1,0,0
19,13,1,8,1,1,1,0,3,3,1135591,2291554,1594,130,1135461,1670,1,1019521,0,1134218,0,1,0,0
19,13,1,8,1,1,2,1,0,1,1324073,2291554,1594,241,1323832,1670,1,1208970,0,1323667,0,1,0,0
19,13,1,8,1,1,3,1,1,2,1645345,2291554,1594,361,1644984,1670,1,1529508,0,1644205,0,1,0,0
19,13,1,8,1,1,4,1,2,3,1675587,2291554,1594,478,1675109,1670,1,1559354,0,1674051,0,1,0,0
19,13,1,8,1,1,5,1,3,4,1675736,2291554,1594,610,1675126,1670,1,1559444,0,1674141,0,1,0,0
19,13,1,8,1,1,6,2,0,2,1888826,2291554,1594,757,1888069,1670,1,1772471,0,1887168,0,1,0,0
19,13,1,8,1,1,7,2,1,3,2230272,2291554,1594,870,2229402,1670,1,2114352,0,2229049,0,1,0,0
19,13,1,8,1,1,8,2,2,4,2291359,2291554,1594,984,2290375,1670,1,2175193,0,2289890,0,1,0,0
19,13,1,8,1,1,9,2,3,5,2291493,2291554,1594,1104,2290389,1670,1,2175080,0,2289777,0,1,0,0
19,13,1,8,1,1,10,3,0,3,2228923,2291554,1594,1223,2227700,1670,1,2112803,0,2227500,0,1,0,0
19,13,1,8,1,1,11,3,1,4,2290986,2291554,1594,1344,2289642,1670,1,2174472,0,2289169,0,1,0,0
19,13,1,8,1,1,12,3,2,5,2291135,2291554,1594,1460,2289675,1670,1,2174438,0,2289135,0,1,0,0
20,13,2,8,1,1,0,0,2,2,1138790,2287103,1581,7,1138783,1665,1,1022786,0,1137483,0,1,0,0
20,13,2,8,1,1,1,0,3,3,1138954,2287103,1581,121,1138833,1665,1,1022893,0,1137590,0,1,0,0
20,13,2,8,1,1,2,1,0,1,1322006,2287103,1581,232,1321774,1665,1,1206848,0,1321545,0,1,0,0
20,13,2,8,1,1,3,1,1,2,1643177,2287103,1581,352,1642825,1665,1,1526696,0,1641393,0,1,0,0
20,13,2,8,1,1,4,1,2,3,1675919,2287103,1581,479,1675440,1665,1,1560548,0,1675245,0,1,0,0
20,13,2,8,1,1,5,1,3,4,1677233,2287103,1581,611,1676622,1665,1,1560615,0,1675312,0,1,0,0
20,13,2,8,1,1,6,2,0,2,1884054,2287103,1581,744,1883310,1665,1,1767782,0,1882479,0,1,0,0
20,13,2,8,1,1,7,2,1,3,2225426,2287103,1581,863,2224563,1665,1,2109575,0,2224272,0,1,0,0
20,13,2,8,1,1,8,2,2,4,2286910,2287103,1581,993,2285917,1665,1,2170616,0,2285313,0,1,0,0
20,13,2,8,1,1,9,2,3,5,2287042,2287103,1581,1117,2285925,1665,1,2170541,0,2285238,0,1,0,0
20,13,2,8,1,1,10,3,0,3,2226685,2287103,1581,1232,2225453,1665,1,2109854,0,2224551,0,1,0,0
20,13,2,8,1,1,11,3,1,4,2286517,2287103,1581,1345,2285172,1665,1,2169938,0,2284635,0,1,0,0
20,13,2,8,1,1,12,3,2,5,2286687,2287103,1581,1456,2285231,1665,1,2169865,0,2284562,0,1,0,0
21,13,3,8,1,1,0,0,2,2,1136896,2288005,1545,7,1136889,1667,1,1020826,0,1135523,0,1,0,0
21,13,3,8,1,1,1,0,3,3,1137059,2288005,1545,121,1136938,1667,1,1020882,0,1135579,0,1,0,0
21,13,3,8,1,1,2,1,0,1,1323452,2288005,1545,232,1323220,1667,1,1208148,0,1322845,0,1,0,0
21,13,3,8,1,1,3,1,1,2,1644494,2288005,1545,352,1644142,1667,1,1527987,0,1642684,0,1,0,0
21,13,3,8,1,1,4,1,2,3,1675941,2288005,1545,469,1675472,1667,1,1560267,0,1674964,0,1,0,0
21,13,3,8,1,1,5,1,3,4,1676081,2288005,1545,593,1675488,1667,1,1560350,0,1675047,0,1,0,0
21,13,3,8,1,1,6,2,0,2,1884814,2288005,1545,711,1884103,1667,1,1768379,0,1883076,0,1,0,0
21,13,3,8,1,1,7,2,1,3,2226431,2288005,1545,823,2225608,1667,1,2110197,0,2224894,0,1,0,0
21,13,3,8,1,1,8,2,2,4,2286927,2288005,1545,934,2285993,1667,1,2170584,0,2285281,0,1,0,0
21,13,3,8,1,1,9,2,3,5,2286428,2288005,1545,1056,2285372,1667,1,2170459,0,2285156,0,1,0,0
21,13,3,8,1,1,10,3,0,3,2223584,2288005,1545,1187,2222397,1667,1,2107497,0,2222194,0,1,0,0
21,13,3,8,1,1,11,3,1,4,2287835,2288005,1545,1304,2286531,1667,1,2171418,0,2286115,0,1,0,0
21,13,3,8,1,1,12,3,2,5,2287978,2288005,1545,1415,2286563,1667,1,2171343,0,2286040,0,1,0,0
22,1,1,16,1,1,0,0,2,2,383953,383975,147,7,383946,2835,1,326366,0,383719,0,1,0,0
23,1,2,16,1,1,0,0,2,2,383897,383919,121,7,383890,2835,1,326390,0,383743,0,1,0,0
24,1,3,16,1,1,0,0,2,2,383973,383995,121,7,383966,2836,1,326412,0,383765,0,1,0,0
25,2,1,16,1,1,0,0,2,2,415461,415806,258,7,415454,1367,1,357954,0,415307,0,1,0,0
25,2,1,16,1,1,1,0,3,3,415779,415806,258,126,415653,1367,1,358023,0,415376,0,1,0,0
26,2,2,16,1,1,0,0,2,2,415919,416104,243,7,415912,1366,1,358402,0,415755,0,1,0,0
26,2,2,16,1,1,1,0,3,3,416077,416104,243,126,415951,1366,1,358391,0,415744,0,1,0,0
27,2,3,16,1,1,0,0,2,2,416012,416202,243,7,416005,1366,1,358315,0,415668,0,1,0,0
27,2,3,16,1,1,1,0,3,3,416175,416202,243,126,416049,1366,1,358390,0,415743,0,1,0,0
28,4,1,16,1,1,0,0,2,2,497987,498440,471,7,497980,910,1,440098,0,497451,0,1,0,0
28,4,1,16,1,1,1,0,3,3,498134,498440,471,121,498013,910,1,440146,0,497499,0,1,0,0
28,4,1,16,1,1,2,1,0,1,498275,498440,471,234,498041,910,1,440188,0,497541,0,1,0,0
28,4,1,16,1,1,3,1,1,2,498413,498440,471,347,498066,910,1,440282,0,497635,0,1,0,0
29,4,2,16,1,1,0,0,2,2,498879,499633,465,7,498872,910,1,441034,0,498387,0,1,0,0
29,4,2,16,1,1,1,0,3,3,499030,499633,465,121,498909,910,1,441142,0,498495,0,1,0,0
29,4,2,16,1,1,2,1,0,1,499469,499633,465,234,499235,910,1,441530,0,498883,0,1,0,0
29,4,2,16,1,1,3,1,1,2,499606,499633,465,347,499259,910,1,441607,0,498960,0,1,0,0
30,4,3,16,1,1,0,0,2,2,494819,496519,486,7,494812,908,1,437084,0,494437,0,1,0,0
30,4,3,16,1,1,1,0,3,3,494977,496519,486,121,494856,908,1,437178,0,494531,0,1,0,0
30,4,3,16,1,1,2,1,0,1,496355,496519,486,256,496099,908,1,438502,0,495855,0,1,0,0
30,4,3,16,1,1,3,1,1,2,496492,496519,486,369,496123,908,1,438564,0,495917,0,1,0,0
31,6,1,16,1,1,0,0,2,2,608388,685638,698,7,608381,893,1,550299,0,607652,0,1,0,0
31,6,1,16,1,1,1,0,3,3,608545,685638,698,121,608424,893,1,550413,0,607766,0,1,0,0
31,6,1,16,1,1,2,1,0,1,627557,685638,698,234,627323,893,1,569443,0,626796,0,1,0,0
31,6,1,16,1,1,3,1,1,2,668250,685638,698,347,667903,893,1,610379,0,667732,0,1,0,0
31,6,1,16,1,1,4,1,2,3,685602,685638,698,459,685143,893,1,627362,0,684715,0,1,0,0
31,6,1,16,1,1,5,1,3,4,685409,685638,698,575,684834,893,1,627328,0,684681,0,1,0,0
32,6,2,16,1,1,0,0,2,2,608909,681845,728,7,608902,881,1,551400,0,608753,0,1,0,0
32,6,2,16,1,1,1,0,3,3,609782,681845,728,123,609659,881,1,551540,0,608893,0,1,0,0
32,6,2,16,1,1,2,1,0,1,628495,681845,728,236,628259,881,1,570750,0,628103,0,1,0,0
32,6,2,16,1,1,3,1,1,2,666705,681845,728,349,666356,881,1,608653,0,666006,0,1,0,0
32,6,2,16,1,1,4,1,2,3,681678,681845,728,461,681217,881,1,623586,0,680939,0,1,0,0
32,6,2,16,1,1,5,1,3,4,681818,681845,728,577,681241,881,1,623633,0,680986,0,1,0,0
33,6,3,16,1,1,0,0,2,2,608650,685972,721,7,608643,895,1,550469,0,607822,0,1,0,0
33,6,3,16,1,1,1,0,3,3,608803,685972,721,121,608682,895,1,550564,0,607917,0,1,0,0
33,6,3,16,1,1,2,1,0,1,625291,685972,721,234,625057,895,1,567084,0,624437,0,1,0,0
33,6,3,16,1,1,3,1,1,2,668892,685972,721,347,668545,895,1,611046,0,668399,0,1,0,0
33,6,3,16,1,1,4,1,2,3,685805,685972,721,459,685346,895,1,627727,0,685080,0,1,0,0
33,6,3,16,1,1,5,1,3,4,685945,685972,721,575,685370,895,1,627762,0,685115,0,1,0,0
34,8,1,16,1,1,0,0,2,2,633416,914971,934,7,633409,1005,1,575720,0,633073,0,1,0,0
34,8,1,16,1,1,1,0,3,3,633580,914971,934,121,633459,1005,1,575861,0,633214,0,1,0,0
34,8,1,16,1,1,2,1,0,1,754642,914971,934,234,754408,1005,1,696555,0,753908,0,1,0,0
34,8,1,16,1,1,3,1,1,2,884200,914971,934,347,883853,1005,1,826002,0,883355,0,1,0,0
34,8,1,16,1,1,4,1,2,3,914782,914971,934,459,914323,1005,1,856564,0,913917,0,1,0,0
34,8,1,16,1,1,5,1,3,4,914919,914971,934,575,914344,1005,1,856544,0,913897,0,1,0,0
34,8,1,16,1,1,6,2,0,2,845977,914971,934,694,845283,1005,1,787467,0,844820,0,1,0,0
34,8,1,16,1,1,7,2,1,3,846124,914971,934,808,845316,1005,1,787365,0,844718,0,1,0,0
35,8,2,16,1,1,0,0,2,2,633948,916872,935,7,633941,1013,1,575993,0,633346,0,1,0,0
35,8,2,16,1,1,1,0,3,3,634094,916872,935,121,633973,1013,1,576033,0,633386,0,1,0,0
35,8,2,16,1,1,2,1,0,1,754647,916872,935,234,754413,1013,1,696130,0,753483,0,1,0,0
35,8,2,16,1,1,3,1,1,2,883663,916872,935,347,883316,1013,1,825814,0,883167,0,1,0,0
35,8,2,16,1,1,4,1,2,3,916680,916872,935,459,916221,1013,1,858693,0,916046,0,1,0,0
35,8,2,16,1,1,5,1,3,4,916820,916872,935,575,916245,1013,1,858664,0,916017,0,1,0,0
35,8,2,16,1,1,6,2,0,2,842013,916872,935,695,841318,1013,1,783228,0,840581,0,1,0,0
35,8,2,16,1,1,7,2,1,3,842160,916872,935,809,841351,1013,1,783199,0,840552,0,1,0,0
36,8,3,16,1,1,0,0,2,2,633818,912279,972,7,633811,1000,1,575412,0,632765,0,1,0,0
36,8,3,16,1,1,1,0,3,3,633992,912279,972,121,633871,1000,1,575459,0,632812,0,1,0,0
36,8,3,16,1,1,2,1,0,1,754431,912279,972,234,754197,1000,1,696090,0,753443,0,1,0,0
36,8,3,16,1,1,3,1,1,2,883437,912279,972,347,883090,1000,1,825491,0,882844,0,1,0,0
36,8,3,16,1,1,4,1,2,3,912090,912279,972,459,911631,1000,1,853863,0,911216,0,1,0,0
36,8,3,16,1,1,5,1,3,4,912227,912279,972,584,911643,1000,1,853914,0,911267,0,1,0,0
36,8,3,16,1,1,6,2,0,2,843891,912279,972,724,843167,1000,1,784983,0,842336,0,1,0,0
36,8,3,16,1,1,7,2,1,3,843293,912279,972,842,842451,1000,1,784876,0,842229,0,1,0,0
37,10,1,16,1,1,0,0,2,2,642741,1148648,1208,7,642734,1106,1,584491,0,641844,0,1,0,0
37,10,1,16,1,1,1,0,3,3,642909,1148648,1208,121,642788,1106,1,584560,0,641913,0,1,0,0
37,10,1,16,1,1,2,1,0,1,753034,1148648,1208,234,752800,1106,1,695111,0,752464,0,1,0,0
37,10,1,16,1,1,3,1,1,2,973363,1148648,1208,347,973016,1106,1,915421,0,972774,0,1,0,0
37,10,1,16,1,1,4,1,2,3,1036766,1148648,1208,478,1036288,1106,1,978461,0,1035814,0,1,0,0
37,10,1,16,1,1,5,1,3,4,1036917,1148648,1208,593,1036324,1106,1,978400,0,1035753,0,1,0,0
37,10,1,16,1,1,6,2,0,2,1005215,1148648,1208,711,1004504,1106,1,946362,0,1003715,0,1,0,0
37,10,1,16,1,1,7,2,1,3,1108157,1148648,1208,826,1107331,1106,1,1049804,0,1107157,0,1,0,0
37,10,1,16,1,1,8,2,2,4,1148481,1148648,1208,942,1147539,1106,1,1089933,0,1147286,0,1,0,0
37,10,1,16,1,1,9,2,3,5,1148621,1148648,1208,1082,1147539,1106,1,1089933,0,1147286,0,1,0,0
38,10,2,16,1,1,0,0,2,2,639987,1148676,1217,7,639980,1106,1,582383,0,639736,0,1,0,0
38,10,2,16,1,1,1,0,3,3,640154,1148676,1217,121,640033,1106,1,582479,0,639832,0,1,0,0
38,10,2,16,1,1,2,1,0,1,753190,1148676,1217,234,752956,1106,1,695274,0,752627,0,1,0,0
38,10,2,16,1,1,3,1,1,2,974792,1148676,1217,347,974445,1106,1,916527,0,973880,0,1,0,0
38,10,2,16,1,1,4,1,2,3,1036412,1148676,1217,459,1035953,1106,1,977770,0,1035123,0,1,0,0
38,10,2,16,1,1,5,1,3,4,1036555,1148676,1217,575,1035980,1106,1,977825,0,1035178,0,1,0,0
38,10,2,16,1,1,6,2,0,2,1004701,1148676,1217,715,1003986,1106,1,946274,0,1003627,0,1,0,0
38,10,2,16,1,1,7,2,1,3,1110384,1148676,1217,833,1109551,1106,1,1051912,0,1109265,0,1,0,0
38,10,2,16,1,1,8,2,2,4,1148640,1148676,1217,969,1147671,1106,1,1089842,0,1147195,0,1,0,0
38,10,2,16,1,1,9,2,3,5,1148409,1148676,1217,1093,1147316,1106,1,1089809,0,1147162,0,1,0,0
39,10,3,16,1,1,0,0,2,2,638597,1150802,1220,7,638590,1111,1,580925,0,638278,0,1,0,0
39,10,3,16,1,1,1,0,3,3,638757,1150802,1220,121,638636,1111,1,581089,0,638442,0,1,0,0
39,10,3,16,1,1,2,1,0,1,753372,1150802,1220,234,753138,1111,1,694731,0,752084,0,1,0,0
39,10,3,16,1,1,3,1,1,2,975202,1150802,1220,347,974855,1111,1,917356,0,974709,0,1,0,0
39,10,3,16,1,1,4,1,2,3,1036522,1150802,1220,459,1036063,1111,1,978028,0,1035381,0,1,0,0
39,10,3,16,1,1,5,1,3,4,1036667,1150802,1220,595,1036072,1111,1,978145,0,1035498,0,1,0,0
39,10,3,16,1,1,6,2,0,2,1003470,1150802,1220,735,1002735,1111,1,944993,0,1002346,0,1,0,0
39,10,3,16,1,1,7,2,1,3,1108962,1150802,1220,853,1108109,1111,1,1050185,0,1107538,0,1,0,0
39,10,3,16,1,1,8,2,2,4,1150766,1150802,1220,978,1149788,1111,1,1091966,0,1149319,0,1,0,0
39,10,3,16,1,1,9,2,3,5,1150533,1150802,1220,1093,1149440,1111,1,1091930,0,1149283,0,1,0,0
40,13,1,16,1,1,0,0,2,2,641001,1459153,1535,7,640994,1092,1,583043,0,640396,0,1,0,0
40,13,1,16,1,1,1,0,3,3,641164,1459153,1535,121,641043,1092,1,583217,0,640570,0,1,0,0
40,13,1,16,1,1,2,1,0,1,752295,1459153,1535,234,752061,1092,1,694494,0,751847,0,1,0,0
40,13,1,16,1,1,3,1,1,2,984544,1459153,1535,347,984197,1092,1,925554,0,982907,0,1,0,0
40,13,1,16,1,1,4,1,2,3,1074703,1459153,1535,459,1074244,1092,1,1016092,0,1073445,0,1,0,0
40,13,1,16,1,1,5,1,3,4,1074849,1459153,1535,572,1074277,1092,1,1016083,0,1073436,0,1,0,0
40,13,1,16,1,1,6,2,0,2,1126501,1459153,1535,689,1125812,1092,1,1067390,0,1124743,0,1,0,0
40,13,1,16,1,1,7,2,1,3,1392382,1459153,1535,810,1391572,1092,1,1333512,0,1390865,0,1,0,0
40,13,1,16,1,1,8,2,2,4,1458959,1459153,1535,923,1458036,1092,1,1400384,0,1457737,0,1,0,0
40,13,1,16,1,1,9,2,3,5,1459092,1459153,1535,1044,1458048,1092,1,1400271,0,1457624,0,1,0,0
40,13,1,16,1,1,10,3,0,3,1393547,1459153,1535,1167,1392380,1092,1,1334620,0,1391973,0,1,0,0
40,13,1,16,1,1,11,3,1,4,1458568,1459153,1535,1278,1457290,1092,1,1399552,0,1456905,0,1,0,0
40,13,1,16,1,1,12,3,2,5,1458733,1459153,1535,1410,1457323,1092,1,1399443,0,1456796,0,1,0,0
41,13,2,16,1,1,0,0,2,2,641004,1461182,1593,7,640997,1095,1,583431,0,640784,0,1,0,0
41,13,2,16,1,1,1,0,3,3,642842,1461182,1593,121,642721,1095,1,583634,0,640987,0,1,0,0
41,13,2,16,1,1,2,1,0,1,752658,1461182,1593,234,752424,1095,1,694253,0,751606,0,1,0,0
41,13,2,16,1,1,3,1,1,2,985110,1461182,1593,349,984761,1095,1,926395,0,983748,0,1,0,0
41,13,2,16,1,1,4,1,2,3,1073800,1461182,1593,462,1073338,1095,1,1014640,0,1071993,0,1,0,0
41,13,2,16,1,1,5,1,3,4,1073947,1461182,1593,578,1073369,1095,1,1014761,0,1072114,0,1,0,0
41,13,2,16,1,1,6,2,0,2,1123287,1461182,1593,718,1122569,1095,1,1064700,0,1122053,0,1,0,0
41,13,2,16,1,1,7,2,1,3,1395496,1461182,1593,836,1394660,1095,1,1336574,0,1393927,0,1,0,0
41,13,2,16,1,1,8,2,2,4,1460037,1461182,1593,974,1459063,1095,1,1401381,0,1458734,0,1,0,0
41,13,2,16,1,1,9,2,3,5,1460194,1461182,1593,1093,1459101,1095,1,1401289,0,1458642,0,1,0,0
41,13,2,16,1,1,10,3,0,3,1394991,1461182,1593,1213,1393778,1095,1,1335768,0,1393121,0,1,0,0
41,13,2,16,1,1,11,3,1,4,1461146,1461182,1593,1349,1459797,1095,1,1401951,0,1459304,0,1,0,0
41,13,2,16,1,1,12,3,2,5,1460888,1461182,1593,1465,1459423,1095,1,1401875,0,1459228,0,1,0,0
42,13,3,16,1,1,0,0,2,2,642619,1457732,1599,7,642612,1091,1,584922,0,642275,0,1,0,0
42,13,3,16,1,1,1,0,3,3,642792,1457732,1599,121,642671,1091,1,585106,0,642459,0,1,0,0
42,13,3,16,1,1,2,1,0,1,750945,1457732,1599,234,750711,1091,1,691881,0,749234,0,1,0,0
42,13,3,16,1,1,3,1,1,2,985653,1457732,1599,347,985306,1091,1,927305,0,984658,0,1,0,0
42,13,3,16,1,1,4,1,2,3,1072762,1457732,1599,459,1072303,1091,1,1013751,0,1071104,0,1,0,0
42,13,3,16,1,1,5,1,3,4,1072916,1457732,1599,587,1072329,1091,1,1013831,0,1071184,0,1,0,0
42,13,3,16,1,1,6,2,0,2,1122243,1457732,1599,727,1121516,1091,1,1063634,0,1120987,0,1,0,0
42,13,3,16,1,1,7,2,1,3,1392041,1457732,1599,845,1391196,1091,1,1333465,0,1390818,0,1,0,0
42,13,3,16,1,1,8,2,2,4,1457411,1457732,1599,970,1456441,1091,1,1398537,0,1455890,0,1,0,0
42,13,3,16,1,1,9,2,3,5,1457544,1457732,1599,1085,1456459,1091,1,1398526,0,1455879,0,1,0,0
42,13,3,16,1,1,10,3,0,3,1392458,1457732,1599,1206,1391252,1091,1,1333690,0,1391043,0,1,0,0
42,13,3,16,1,1,11,3,1,4,1457691,1457732,1599,1333,1456358,1091,1,1398254,0,1455607,0,1,0,0
42,13,3,16,1,1,12,3,2,5,1457182,1457732,1599,1454,1455728,1091,1,1398130,0,1455483,0,1,0,0
43,1,1,32,1,1,0,0,2,2,265259,265281,121,7,265252,2048,1,236369,0,265050,0,1,0,0
44,1,2,32,1,1,0,0,2,2,265235,265257,121,7,265228,2048,1,236345,0,265026,0,1,0,0
45,1,3,32,1,1,0,0,2,2,265170,265192,121,7,265163,2048,1,236280,0,264961,0,1,0,0
46,2,1,32,1,1,0,0,2,2,294147,294317,248,7,294140,1025,1,265048,0,293729,0,1,0,0
46,2,1,32,1,1,1,0,3,3,294290,294317,248,126,294164,1025,1,265079,0,293760,0,1,0,0
47,2,2,32,1,1,0,0,2,2,292679,292848,246,7,292672,1025,1,263597,0,292278,0,1,0,0
47,2,2,32,1,1,1,0,3,3,292821,292848,246,126,292695,1025,1,263603,0,292284,0,1,0,0
48,2,3,32,1,1,0,0,2,2,294158,294328,248,7,294151,1025,1,265058,0,293739,0,1,0,0
48,2,3,32,1,1,1,0,3,3,294301,294328,248,126,294175,1025,1,265089,0,293770,0,1,0,0
49,4,1,32,1,1,0,0,2,2,348534,351951,529,7,348527,605,1,319440,0,348121,0,1,0,0
49,4,1,32,1,1,1,0,3,3,348702,351951,529,121,348581,605,1,319606,0,348257,0,1,0,0
49,4,1,32,1,1,2,1,0,1,351617,351951,529,242,351375,605,1,323666,0,351139,0,1,0,0
49,4,1,32,1,1,3,1,1,2,351924,351951,529,381,351543,605,1,322592,0,351271,0,1,0,0
50,4,2,32,1,1,0,0,2,2,348315,351678,544,7,348308,606,1,319057,0,347738,0,1,0,0
50,4,2,32,1,1,1,0,3,3,348461,351678,544,121,348340,606,1,319208,0,347858,0,1,0,0
50,4,2,32,1,1,2,1,0,1,351344,351678,544,242,351102,606,1,323451,0,350866,0,1,0,0
50,4,2,32,1,1,3,1,1,2,351651,351678,544,381,351270,606,1,322302,0,350983,0,1,0,0
51,4,3,32,1,1,0,0,2,2,349570,353388,529,7,349563,607,1,320307,0,348988,0,1,0,0
51,4,3,32,1,1,1,0,3,3,349726,353388,529,121,349605,607,1,320549,0,349193,0,1,0,0
51,4,3,32,1,1,2,1,0,1,353227,353388,529,242,352985,607,1,325196,0,352587,0,1,0,0
51,4,3,32,1,1,3,1,1,2,353361,353388,529,381,352980,607,1,323915,0,352595,0,1,0,0
52,6,1,32,1,1,0,0,2,2,415475,535138,805,7,415468,741,1,385839,0,414520,0,1,0,0
52,6,1,32,1,1,1,0,3,3,414728,535138,805,122,414606,741,1,386655,0,414431,0,1,0,0
52,6,1,32,1,1,2,1,0,1,449446,535138,805,241,449205,741,1,420097,0,448434,0,1,0,0
52,6,1,32,1,1,3,1,1,2,512268,535138,805,379,511889,741,1,483715,0,511653,0,1,0,0
52,6,1,32,1,1,4,1,2,3,534974,535138,805,521,534453,741,1,506591,0,534047,0,1,0,0
52,6,1,32,1,1,5,1,3,4,535111,535138,805,658,534453,741,1,506034,0,533979,0,1,0,0
53,6,2,32,1,1,0,0,2,2,416438,537205,811,7,416431,745,1,387246,0,415927,0,1,0,0
53,6,2,32,1,1,1,0,3,3,416609,537205,811,121,416488,745,1,388157,0,416103,0,1,0,0
53,6,2,32,1,1,2,1,0,1,449052,537205,811,242,448810,745,1,420307,0,448619,0,1,0,0
53,6,2,32,1,1,3,1,1,2,514101,537205,811,405,513696,745,1,485378,0,513312,0,1,0,0
53,6,2,32,1,1,4,1,2,3,537041,537205,811,547,536494,745,1,508615,0,536144,0,1,0,0
53,6,2,32,1,1,5,1,3,4,537178,537205,811,685,536493,745,1,508083,0,536109,0,1,0,0
54,6,3,32,1,1,0,0,2,2,414592,536922,787,7,414585,746,1,385602,0,414283,0,1,0,0
54,6,3,32,1,1,1,0,3,3,415528,536922,787,121,415407,746,1,386665,0,414500,0,1,0,0
54,6,3,32,1,1,2,1,0,1,449197,536922,787,242,448955,746,1,420263,0,448612,0,1,0,0
54,6,3,32,1,1,3,1,1,2,513270,536922,787,381,512889,746,1,484694,0,512653,0,1,0,0
54,6,3,32,1,1,4,1,2,3,536758,536922,787,523,536235,746,1,508309,0,535875,0,1,0,0
54,6,3,32,1,1,5,1,3,4,536895,536922,787,661,536234,746,1,507842,0,535837,0,1,0,0
55,8,1,32,1,1,0,0,2,2,431451,716727,1065,7,431444,821,1,401827,0,430508,0,1,0,0
55,8,1,32,1,1,1,0,3,3,431626,716727,1065,121,431505,821,1,403117,0,430624,0,1,0,0
55,8,1,32,1,1,2,1,0,1,514650,716727,1065,242,514408,821,1,485393,0,513941,0,1,0,0
55,8,1,32,1,1,3,1,1,2,670377,716727,1065,386,669991,821,1,641296,0,669439,0,1,0,0
55,8,1,32,1,1,4,1,2,3,716538,716727,1065,528,716010,821,1,688363,0,715635,0,1,0,0
55,8,1,32,1,1,5,1,3,4,716675,716727,1065,666,716009,821,1,688508,0,715636,0,1,0,0
55,8,1,32,1,1,6,2,0,2,632506,716727,1065,786,631720,821,1,604664,0,631056,0,1,0,0
55,8,1,32,1,1,7,2,1,3,632677,716727,1065,932,631745,821,1,603992,0,631090,0,1,0,0
56,8,2,32,1,1,0,0,2,2,432874,714890,1061,7,432867,817,1,403810,0,432491,0,1,0,0
56,8,2,32,1,1,1,0,3,3,433037,714890,1061,121,432916,817,1,405118,0,432730,0,1,0,0
56,8,2,32,1,1,2,1,0,1,515052,714890,1061,242,514810,817,1,485380,0,513929,0,1,0,0
56,8,2,32,1,1,3,1,1,2,668493,714890,1061,381,668112,817,1,639461,0,667570,0,1,0,0
56,8,2,32,1,1,4,1,2,3,714701,714890,1061,523,714178,817,1,686551,0,713772,0,1,0,0
56,8,2,32,1,1,5,1,3,4,714838,714890,1061,663,714175,817,1,686706,0,713779,0,1,0,0
56,8,2,32,1,1,6,2,0,2,633828,714890,1061,784,633044,817,1,606585,0,632739,0,1,0,0
56,8,2,32,1,1,7,2,1,3,633997,714890,1061,928,633069,817,1,605761,0,632723,0,1,0,0
57,8,3,32,1,1,0,0,2,2,433414,715568,1020,7,433407,818,1,403528,0,432209,0,1,0,0
57,8,3,32,1,1,1,0,3,3,433575,715568,1020,121,433454,818,1,404904,0,432299,0,1,0,0
57,8,3,32,1,1,2,1,0,1,517172,715568,1020,243,516929,818,1,487494,0,516029,0,1,0,0
57,8,3,32,1,1,3,1,1,2,668157,715568,1020,381,667776,818,1,639454,0,667515,0,1,0,0
57,8,3,32,1,1,4,1,2,3,715362,715568,1020,523,714839,818,1,687392,0,714633,0,1,0,0
57,8,3,32,1,1,5,1,3,4,715516,715568,1020,661,714855,818,1,687520,0,714641,0,1,0,0
57,8,3,32,1,1,6,2,0,2,633656,715568,1020,781,632875,818,1,606103,0,632264,0,1,0,0
57,8,3,32,1,1,7,2,1,3,633805,715568,1020,901,632904,818,1,605315,0,632177,0,1,0,0
58,10,1,32,1,1,0,0,2,2,438465,886038,1301,7,438458,867,1,408595,0,437276,0,1,0,0
58,10,1,32,1,1,1,0,3,3,438632,886038,1301,124,438508,867,1,410108,0,437431,0,1,0,0
58,10,1,32,1,1,2,1,0,1,517634,886038,1301,245,517389,867,1,488010,0,516572,0,1,0,0
58,10,1,32,1,1,3,1,1,2,716204,886038,1301,407,715797,867,1,687656,0,714919,0,1,0,0
58,10,1,32,1,1,4,1,2,3,790579,886038,1301,526,790053,867,1,763227,0,789746,0,1,0,0
58,10,1,32,1,1,5,1,3,4,790739,886038,1301,668,790071,867,1,763405,0,789635,0,1,0,0
58,10,1,32,1,1,6,2,0,2,732180,886038,1301,805,731375,867,1,702947,0,731195,0,1,0,0
58,10,1,32,1,1,7,2,1,3,839389,886038,1301,932,838457,867,1,811469,0,838081,0,1,0,0
58,10,1,32,1,1,8,2,2,4,885874,886038,1301,1049,884825,867,1,856789,0,884469,0,1,0,0
58,10,1,32,1,1,9,2,3,5,886011,886038,1301,1175,884836,867,1,857253,0,884475,0,1,0,0
59,10,2,32,1,1,0,0,2,2,439133,884157,1298,7,439126,865,1,409110,0,437791,0,1,0,0
59,10,2,32,1,1,1,0,3,3,439290,884157,1298,121,439169,865,1,410449,0,437860,0,1,0,0
59,10,2,32,1,1,2,1,0,1,515882,884157,1298,240,515642,865,1,486387,0,514992,0,1,0,0
59,10,2,32,1,1,3,1,1,2,715236,884157,1298,378,714858,865,1,686311,0,713672,0,1,0,0
59,10,2,32,1,1,4,1,2,3,789118,884157,1298,520,788598,865,1,761472,0,788131,0,1,0,0
59,10,2,32,1,1,5,1,3,4,789277,884157,1298,657,788620,865,1,761978,0,788136,0,1,0,0
59,10,2,32,1,1,6,2,0,2,728321,884157,1298,780,727541,865,1,699012,0,727217,0,1,0,0
59,10,2,32,1,1,7,2,1,3,837843,884157,1298,924,836919,865,1,809954,0,836453,0,1,0,0
59,10,2,32,1,1,8,2,2,4,883976,884157,1298,1053,882923,865,1,855470,0,882717,0,1,0,0
59,10,2,32,1,1,9,2,3,5,884130,884157,1298,1181,882949,865,1,855979,0,882743,0,1,0,0
60,10,3,32,1,1,0,0,2,2,440174,884997,1305,7,440167,861,1,411022,0,439703,0,1,0,0
60,10,3,32,1,1,1,0,3,3,440325,884997,1305,121,440204,861,1,412449,0,439751,0,1,0,0
60,10,3,32,1,1,2,1,0,1,517167,884997,1305,242,516925,861,1,487671,0,516303,0,1,0,0
60,10,3,32,1,1,3,1,1,2,716925,884997,1305,381,716544,861,1,688254,0,715618,0,1,0,0
60,10,3,32,1,1,4,1,2,3,789948,884997,1305,523,789425,861,1,762189,0,789057,0,1,0,0
60,10,3,32,1,1,5,1,3,4,790101,884997,1305,659,789442,861,1,762328,0,788985,0,1,0,0
60,10,3,32,1,1,6,2,0,2,732158,884997,1305,781,731377,861,1,702625,0,730919,0,1,0,0
60,10,3,32,1,1,7,2,1,3,842881,884997,1305,925,841956,861,1,814846,0,841304,0,1,0,0
60,10,3,32,1,1,8,2,2,4,884831,884997,1305,1052,883779,861,1,856474,0,883512,0,1,0,0
60,10,3,32,1,1,9,2,3,5,884970,884997,1305,1178,883792,861,1,857007,0,883516,0,1,0,0
61,13,1,32,1,1,0,0,2,2,440570,1106956,1721,7,440563,817,1,409881,0,438562,0,1,0,0
61,13,1,32,1,1,1,0,3,3,440721,1106956,1721,121,440600,817,1,411497,0,438777,0,1,0,0
61,13,1,32,1,1,2,1,0,1,515925,1106956,1721,242,515683,817,1,485751,0,514394,0,1,0,0
61,13,1,32,1,1,3,1,1,2,722999,1106956,1721,381,722618,817,1,694677,0,721862,0,1,0,0
61,13,1,32,1,1,4,1,2,3,808346,1106956,1721,523,807823,817,1,780106,0,806714,0,1,0,0
61,13,1,32,1,1,5,1,3,4,808510,1106956,1721,659,807851,817,1,780560,0,806622,0,1,0,0
61,13,1,32,1,1,6,2,0,2,823701,1106956,1721,781,822920,817,1,793490,0,821768,0,1,0,0
61,13,1,32,1,1,7,2,1,3,1045467,1106956,1721,925,1044542,817,1,1017008,0,1043604,0,1,0,0
61,13,1,32,1,1,8,2,2,4,1106467,1106956,1721,1052,1105415,817,1,1077158,0,1104769,0,1,0,0
61,13,1,32,1,1,9,2,3,5,1106639,1106956,1721,1178,1105461,817,1,1078042,0,1104758,0,1,0,0
61,13,1,32,1,1,10,3,0,3,1045883,1106956,1721,1298,1044585,817,1,1017923,0,1044263,0,1,0,0
61,13,1,32,1,1,11,3,1,4,1106789,1106956,1721,1441,1105348,817,1,1077508,0,1105089,0,1,0,0
61,13,1,32,1,1,12,3,2,5,1106929,1106956,1721,1588,1105341,817,1,1078596,0,1104979,0,1,0,0
62,13,2,32,1,1,0,0,2,2,440090,1107926,1683,7,440083,821,1,410802,0,439483,0,1,0,0
62,13,2,32,1,1,1,0,3,3,440243,1107926,1683,121,440122,821,1,412206,0,439533,0,1,0,0
62,13,2,32,1,1,2,1,0,1,520590,1107926,1683,242,520348,821,1,490434,0,519077,0,1,0,0
62,13,2,32,1,1,3,1,1,2,721718,1107926,1683,381,721337,821,1,693951,0,720978,0,1,0,0
62,13,2,32,1,1,4,1,2,3,806336,1107926,1683,523,805813,821,1,778504,0,805072,0,1,0,0
62,13,2,32,1,1,5,1,3,4,806483,1107926,1683,661,805822,821,1,779111,0,804986,0,1,0,0
62,13,2,32,1,1,6,2,0,2,825929,1107926,1683,775,825154,821,1,796670,0,824889,0,1,0,0
62,13,2,32,1,1,7,2,1,3,1043596,1107926,1683,917,1042679,821,1,1015954,0,1042231,0,1,0,0
62,13,2,32,1,1,8,2,2,4,1106000,1107926,1683,1058,1104942,821,1,1077209,0,1104734,0,1,0,0
62,13,2,32,1,1,9,2,3,5,1106143,1107926,1683,1174,1104969,821,1,1078168,0,1104770,0,1,0,0
62,13,2,32,1,1,10,3,0,3,1044927,1107926,1683,1315,1043612,821,1,1016745,0,1043099,0,1,0,0
62,13,2,32,1,1,11,3,1,4,1107890,1107926,1683,1440,1106450,821,1,1078545,0,1105961,0,1,0,0
62,13,2,32,1,1,12,3,2,5,1107610,1107926,1683,1557,1106053,821,1,1079165,0,1105899,0,1,0,0
63,13,3,32,1,1,0,0,2,2,439154,1106595,1711,7,439147,817,1,410268,0,438949,0,1,0,0
63,13,3,32,1,1,1,0,3,3,440984,1106595,1711,121,440863,817,1,411850,0,439181,0,1,0,0
63,13,3,32,1,1,2,1,0,1,518201,1106595,1711,242,517959,817,1,487542,0,516172,0,1,0,0
63,13,3,32,1,1,3,1,1,2,723566,1106595,1711,381,723185,817,1,695141,0,722233,0,1,0,0
63,13,3,32,1,1,4,1,2,3,807592,1106595,1711,523,807069,817,1,780023,0,806700,0,1,0,0
63,13,3,32,1,1,5,1,3,4,807765,1106595,1711,661,807104,817,1,780529,0,806731,0,1,0,0
63,13,3,32,1,1,6,2,0,2,826185,1106595,1711,781,825404,817,1,795870,0,824161,0,1,0,0
63,13,3,32,1,1,7,2,1,3,1042995,1106595,1711,913,1042082,817,1,1015414,0,1041888,0,1,0,0
63,13,3,32,1,1,8,2,2,4,1106532,1106595,1711,1027,1105505,817,1,1077314,0,1104685,0,1,0,0
63,13,3,32,1,1,9,2,3,5,1106005,1106595,1711,1176,1104829,817,1,1078266,0,1104642,0,1,0,0
63,13,3,32,1,1,10,3,0,3,1043454,1106595,1711,1287,1042167,817,1,1015122,0,1041676,0,1,0,0
63,13,3,32,1,1,11,3,1,4,1106160,1106595,1711,1434,1104726,817,1,1077129,0,1104516,0,1,0,0
63,13,3,32,1,1,12,3,2,5,1106309,1106595,1711,1591,1104718,817,1,1077831,0,1104516,0,1,0,0
64,1,1,64,1,1,0,0,2,2,198737,198759,121,7,198730,1071,1,184184,0,198529,0,1,0,0
65,1,2,64,1,1,0,0,2,2,198663,198685,132,7,198656,1071,1,184099,0,198444,0,1,0,0
66,1,3,64,1,1,0,0,2,2,198716,198738,121,7,198709,1071,1,184163,0,198508,0,1,0,0
67,2,1,64,1,1,0,0,2,2,250709,250756,264,7,250702,739,1,235945,0,250290,0,1,0,0
67,2,1,64,1,1,1,0,3,3,250563,250756,264,126,250437,739,1,235870,0,250215,0,1,0,0
68,2,2,64,1,1,0,0,2,2,249273,249442,264,7,249266,730,1,234585,0,248930,0,1,0,0
68,2,2,64,1,1,1,0,3,3,249415,249442,264,126,249289,730,1,234510,0,248855,0,1,0,0
69,2,3,64,1,1,0,0,2,2,250210,250383,264,7,250203,737,1,235575,0,249920,0,1,0,0
69,2,3,64,1,1,1,0,3,3,250356,250383,264,126,250230,737,1,235618,0,249963,0,1,0,0
70,4,1,64,1,1,0,0,2,2,316871,317366,593,7,316864,513,1,302110,0,316455,0,1,0,0
70,4,1,64,1,1,1,0,3,3,317064,317366,593,121,316943,513,1,302128,0,316433,0,1,0,0
70,4,1,64,1,1,2,1,0,1,317202,317366,593,258,316944,513,1,302129,0,316474,0,1,0,0
70,4,1,64,1,1,3,1,1,2,317339,317366,593,405,316934,513,1,302044,0,316389,0,1,0,0
71,4,2,64,1,1,0,0,2,2,319095,319541,567,7,319088,513,1,304334,0,318679,0,1,0,0
71,4,2,64,1,1,1,0,3,3,319238,319541,567,121,319117,513,1,304364,0,318659,0,1,0,0
71,4,2,64,1,1,2,1,0,1,319377,319541,567,256,319121,513,1,304137,0,318482,0,1,0,0
71,4,2,64,1,1,3,1,1,2,319514,319541,567,379,319135,513,1,304102,0,318447,0,1,0,0
72,4,3,64,1,1,0,0,2,2,315610,316059,569,7,315603,513,1,300689,0,315034,0,1,0,0
72,4,3,64,1,1,1,0,3,3,315755,316059,569,121,315634,513,1,300764,0,315049,0,1,0,0
72,4,3,64,1,1,2,1,0,1,315895,316059,569,258,315637,513,1,300635,0,314980,0,1,0,0
72,4,3,64,1,1,3,1,1,2,316032,316059,569,381,315651,513,1,300585,0,314930,0,1,0,0
73,6,1,64,1,1,0,0,2,2,467853,598174,860,7,467846,682,1,452768,0,467113,0,1,0,0
73,6,1,64,1,1,1,0,3,3,468022,598174,860,121,467901,682,1,452893,0,467233,0,1,0,0
73,6,1,64,1,1,2,1,0,1,468210,598174,860,258,467952,682,1,452874,0,467219,0,1,0,0
73,6,1,64,1,1,3,1,1,2,597448,598174,860,381,597067,682,1,582327,0,596672,0,1,0,0
73,6,1,64,1,1,4,1,2,3,598002,598174,860,563,597439,682,1,582700,0,597040,0,1,0,0
73,6,1,64,1,1,5,1,3,4,598147,598174,860,695,597452,682,1,582712,0,597057,0,1,0,0
74,6,2,64,1,1,0,0,2,2,467892,599566,850,7,467885,684,1,452882,0,467227,0,1,0,0
74,6,2,64,1,1,1,0,3,3,468067,599566,850,121,467946,684,1,452849,0,467194,0,1,0,0
74,6,2,64,1,1,2,1,0,1,468229,599566,850,258,467971,684,1,453009,0,467354,0,1,0,0
74,6,2,64,1,1,3,1,1,2,598098,599566,850,383,597715,684,1,582954,0,597299,0,1,0,0
74,6,2,64,1,1,4,1,2,3,599402,599566,850,565,598837,684,1,584083,0,598423,0,1,0,0
74,6,2,64,1,1,5,1,3,4,599539,599566,850,687,598852,684,1,584124,0,598469,0,1,0,0
75,6,3,64,1,1,0,0,2,2,454008,588063,852,7,454001,688,1,439479,0,453784,0,1,0,0
75,6,3,64,1,1,1,0,3,3,454161,588063,852,121,454040,688,1,439395,0,453732,0,1,0,0
75,6,3,64,1,1,2,1,0,1,457267,588063,852,277,456990,688,1,441832,0,456177,0,1,0,0
75,6,3,64,1,1,3,1,1,2,580127,588063,852,388,579739,688,1,564782,0,579097,0,1,0,0
75,6,3,64,1,1,4,1,2,3,587896,588063,852,570,587326,688,1,574707,0,587069,0,1,0,0
75,6,3,64,1,1,5,1,3,4,588036,588063,852,681,587355,688,1,572743,0,587088,0,1,0,0
76,8,1,64,1,1,0,0,2,2,421588,739908,1166,7,421581,749,1,406469,0,420799,0,1,0,0
76,8,1,64,1,1,1,0,3,3,421746,739908,1166,123,421623,749,1,406851,0,421001,0,1,0,0
76,8,1,64,1,1,2,1,0,1,498061,739908,1166,260,497801,749,1,483001,0,497346,0,1,0,0
76,8,1,64,1,1,3,1,1,2,671786,739908,1166,383,671403,749,1,656476,0,670761,0,1,0,0
76,8,1,64,1,1,4,1,2,3,739716,739908,1166,565,739151,749,1,724899,0,738874,0,1,0,0
76,8,1,64,1,1,5,1,3,4,739856,739908,1166,676,739180,749,1,724580,0,738898,0,1,0,0
76,8,1,64,1,1,6,2,0,2,656130,739908,1166,836,655294,749,1,640092,0,654402,0,1,0,0
76,8,1,64,1,1,7,2,1,3,656299,739908,1166,1010,655289,749,1,640540,0,654507,0,1,0,0
77,8,2,64,1,1,0,0,2,2,424026,737509,1185,7,424019,747,1,409147,0,423472,0,1,0,0
77,8,2,64,1,1,1,0,3,3,424263,737509,1185,121,424142,747,1,409431,0,423556,0,1,0,0
77,8,2,64,1,1,2,1,0,1,498283,737509,1185,282,498001,747,1,483318,0,497663,0,1,0,0
77,8,2,64,1,1,3,1,1,2,669763,737509,1185,403,669360,747,1,654730,0,668965,0,1,0,0
77,8,2,64,1,1,4,1,2,3,737320,737509,1185,585,736735,747,1,722347,0,736312,0,1,0,0
77,8,2,64,1,1,5,1,3,4,737457,737509,1185,696,736761,747,1,722045,0,736377,0,1,0,0
77,8,2,64,1,1,6,2,0,2,652495,737509,1185,854,651641,747,1,636673,0,650958,0,1,0,0
77,8,2,64,1,1,7,2,1,3,652705,737509,1185,1028,651677,747,1,636912,0,650972,0,1,0,0
78,8,3,64,1,1,0,0,2,2,422119,738007,1131,7,422112,741,1,407334,0,421669,0,1,0,0
78,8,3,64,1,1,1,0,3,3,422288,738007,1131,121,422167,741,1,407591,0,421757,0,1,0,0
78,8,3,64,1,1,2,1,0,1,500435,738007,1131,258,500177,741,1,485044,0,499389,0,1,0,0
78,8,3,64,1,1,3,1,1,2,671044,738007,1131,381,670663,741,1,655760,0,670020,0,1,0,0
78,8,3,64,1,1,4,1,2,3,737818,738007,1131,562,737256,741,1,722800,0,736850,0,1,0,0
78,8,3,64,1,1,5,1,3,4,737955,738007,1131,673,737282,741,1,722596,0,736891,0,1,0,0
78,8,3,64,1,1,6,2,0,2,656762,738007,1131,832,655930,741,1,641124,0,655394,0,1,0,0
78,8,3,64,1,1,7,2,1,3,656931,738007,1131,1005,655926,741,1,641518,0,655531,0,1,0,0
79,10,1,64,1,1,0,0,2,2,422913,897181,1469,7,422906,771,1,407045,0,421370,0,1,0,0
79,10,1,64,1,1,1,0,3,3,423140,897181,1469,121,423019,771,1,407045,0,421310,0,1,0,0
79,10,1,64,1,1,2,1,0,1,498288,897181,1469,277,498011,771,1,483457,0,497802,0,1,0,0
79,10,1,64,1,1,3,1,1,2,702781,897181,1469,389,702392,771,1,687137,0,701417,0,1,0,0
79,10,1,64,1,1,4,1,2,3,815343,897181,1469,571,814772,771,1,800252,0,814102,0,1,0,0
79,10,1,64,1,1,5,1,3,4,815506,897181,1469,682,814824,771,1,799866,0,814078,0,1,0,0
79,10,1,64,1,1,6,2,0,2,699885,897181,1469,846,699039,771,1,684165,0,698460,0,1,0,0
79,10,1,64,1,1,7,2,1,3,839772,897181,1469,1023,838749,771,1,824929,0,838497,0,1,0,0
79,10,1,64,1,1,8,2,2,4,897016,897181,1469,1173,895843,771,1,881259,0,895577,0,1,0,0
79,10,1,64,1,1,9,2,3,5,897154,897181,1469,1290,895864,771,1,881133,0,895458,0,1,0,0
80,10,2,64,1,1,0,0,2,2,416563,895973,1455,7,416556,777,1,401525,0,415845,0,1,0,0
80,10,2,64,1,1,1,0,3,3,416782,895973,1455,121,416661,777,1,401653,0,415948,0,1,0,0
80,10,2,64,1,1,2,1,0,1,495831,895973,1455,258,495573,777,1,480561,0,494906,0,1,0,0
80,10,2,64,1,1,3,1,1,2,700798,895973,1455,381,700417,777,1,685427,0,699682,0,1,0,0
80,10,2,64,1,1,4,1,2,3,807725,895973,1455,563,807162,777,1,792317,0,806186,0,1,0,0
80,10,2,64,1,1,5,1,3,4,807891,895973,1455,675,807216,777,1,792009,0,806273,0,1,0,0
80,10,2,64,1,1,6,2,0,2,694626,895973,1455,834,693792,777,1,678805,0,693100,0,1,0,0
80,10,2,64,1,1,7,2,1,3,836497,895973,1455,1007,835490,777,1,820986,0,834893,0,1,0,0
80,10,2,64,1,1,8,2,2,4,895805,895973,1455,1158,894647,777,1,880006,0,894340,0,1,0,0
80,10,2,64,1,1,9,2,3,5,895946,895973,1455,1275,894671,777,1,880061,0,894383,0,1,0,0
81,10,3,64,1,1,0,0,2,2,418108,901413,1466,7,418101,779,1,402841,0,417151,0,1,0,0
81,10,3,64,1,1,1,0,3,3,418269,901413,1466,121,418148,779,1,402796,0,417076,0,1,0,0
81,10,3,64,1,1,2,1,0,1,497309,901413,1466,258,497051,779,1,482063,0,496408,0,1,0,0
81,10,3,64,1,1,3,1,1,2,702729,901413,1466,384,702345,779,1,687389,0,701629,0,1,0,0
81,10,3,64,1,1,4,1,2,3,813323,901413,1466,566,812757,779,1,798316,0,812087,0,1,0,0
81,10,3,64,1,1,5,1,3,4,813486,901413,1466,677,812809,779,1,797882,0,812067,0,1,0,0
81,10,3,64,1,1,6,2,0,2,701957,901413,1466,837,701120,779,1,686498,0,700788,0,1,0,0
81,10,3,64,1,1,7,2,1,3,842987,901413,1466,1010,841977,779,1,827785,0,841605,0,1,0,0
81,10,3,64,1,1,8,2,2,4,901238,901413,1466,1161,900077,779,1,885456,0,899761,0,1,0,0
81,10,3,64,1,1,9,2,3,5,901386,901413,1466,1287,900099,779,1,885460,0,899778,0,1,0,0
82,13,1,64,1,1,0,0,2,2,437731,1147618,1881,7,437724,741,1,421558,0,435898,0,1,0,0
82,13,1,64,1,1,1,0,3,3,437896,1147618,1881,121,437775,741,1,421597,0,435865,0,1,0,0
82,13,1,64,1,1,2,1,0,1,502283,1147618,1881,258,502025,741,1,485829,0,500174,0,1,0,0
82,13,1,64,1,1,3,1,1,2,726952,1147618,1881,381,726571,741,1,711630,0,725860,0,1,0,0
82,13,1,64,1,1,4,1,2,3,825774,1147618,1881,587,825187,741,1,810109,0,824100,0,1,0,0
82,13,1,64,1,1,5,1,3,4,825951,1147618,1881,698,825253,741,1,809798,0,824063,0,1,0,0
82,13,1,64,1,1,6,2,0,2,826158,1147618,1881,858,825300,741,1,810512,0,824772,0,1,0,0
82,13,1,64,1,1,7,2,1,3,1064033,1147618,1881,1036,1062997,741,1,1048600,0,1062385,0,1,0,0
82,13,1,64,1,1,8,2,2,4,1147165,1147618,1881,1186,1145979,741,1,1131481,0,1145807,0,1,0,0
82,13,1,64,1,1,9,2,3,5,1147305,1147618,1881,1303,1146002,741,1,1131381,0,1145726,0,1,0,0
82,13,1,64,1,1,10,3,0,3,1063416,1147618,1881,1477,1061939,741,1,1048034,0,1061654,0,1,0,0
82,13,1,64,1,1,11,3,1,4,1147452,1147618,1881,1602,1145850,741,1,1130758,0,1145088,0,1,0,0
82,13,1,64,1,1,12,3,2,5,1147591,1147618,1881,1716,1145875,741,1,1130716,0,1145057,0,1,0,0
83,13,2,64,1,1,0,0,2,2,432983,1145111,1864,7,432976,741,1,418356,0,432691,0,1,0,0
83,13,2,64,1,1,1,0,3,3,433185,1145111,1864,121,433064,741,1,418394,0,432658,0,1,0,0
83,13,2,64,1,1,2,1,0,1,500395,1145111,1864,258,500137,741,1,485356,0,499701,0,1,0,0
83,13,2,64,1,1,3,1,1,2,722760,1145111,1864,381,722379,741,1,707736,0,721906,0,1,0,0
83,13,2,64,1,1,4,1,2,3,821906,1145111,1864,562,821344,741,1,806938,0,820878,0,1,0,0
83,13,2,64,1,1,5,1,3,4,822128,1145111,1864,673,821455,741,1,806692,0,820971,0,1,0,0
83,13,2,64,1,1,6,2,0,2,823545,1145111,1864,832,822713,741,1,807429,0,821699,0,1,0,0
83,13,2,64,1,1,7,2,1,3,1065242,1145111,1864,1005,1064237,741,1,1049418,0,1063258,0,1,0,0
83,13,2,64,1,1,8,2,2,4,1144656,1145111,1864,1171,1143485,741,1,1128930,0,1143253,0,1,0,0
83,13,2,64,1,1,9,2,3,5,1144798,1145111,1864,1288,1143510,741,1,1128824,0,1143169,0,1,0,0
83,13,2,64,1,1,10,3,0,3,1065827,1145111,1864,1462,1064365,741,1,1049598,0,1063192,0,1,0,0
83,13,2,64,1,1,11,3,1,4,1144945,1145111,1864,1587,1143358,741,1,1128263,0,1142591,0,1,0,0
83,13,2,64,1,1,12,3,2,5,1145084,1145111,1864,1740,1143344,741,1,1128250,0,1142587,0,1,0,0
84,13,3,64,1,1,0,0,2,2,437715,1145415,1841,7,437708,736,1,421354,0,435689,0,1,0,0
84,13,3,64,1,1,1,0,3,3,437933,1145415,1841,121,437812,736,1,421530,0,435810,0,1,0,0
84,13,3,64,1,1,2,1,0,1,503429,1145415,1841,256,503173,736,1,487125,0,501470,0,1,0,0
84,13,3,64,1,1,3,1,1,2,721542,1145415,1841,379,721163,736,1,706448,0,720673,0,1,0,0
84,13,3,64,1,1,4,1,2,3,823912,1145415,1841,561,823351,736,1,808334,0,822306,0,1,0,0
84,13,3,64,1,1,5,1,3,4,824115,1145415,1841,672,823443,736,1,807985,0,822250,0,1,0,0
84,13,3,64,1,1,6,2,0,2,825526,1145415,1841,830,824696,736,1,810087,0,824362,0,1,0,0
84,13,3,64,1,1,7,2,1,3,1088644,1145415,1841,1004,1087640,736,1,1073426,0,1087246,0,1,0,0
84,13,3,64,1,1,8,2,2,4,1145221,1145415,1841,1158,1144063,736,1,1129124,0,1143464,0,1,0,0
84,13,3,64,1,1,9,2,3,5,1145354,1145415,1841,1274,1144080,736,1,1129068,0,1143413,0,1,0,0
84,13,3,64,1,1,10,3,0,3,1089143,1145415,1841,1447,1087696,736,1,1073811,0,1087461,0,1,0,0
84,13,3,64,1,1,11,3,1,4,1144850,1145415,1841,1572,1143278,736,1,1128355,0,1142675,0,1,0,0
84,13,3,64,1,1,12,3,2,5,1144997,1145415,1841,1723,1143274,736,1,1128500,0,1142845,0,1,0,0
85,1,1,128,1,1,0,0,2,2,164742,164764,121,7,164735,1024,1,157357,0,164534,0,1,0,0
86,1,2,128,1,1,0,0,2,2,164768,164790,121,7,164761,1024,1,157383,0,164560,0,1,0,0
87,1,3,128,1,1,0,0,2,2,164789,164811,121,7,164782,1024,1,157397,0,164574,0,1,0,0
88,2,1,128,1,1,0,0,2,2,249516,249865,327,7,249509,513,1,242112,0,249289,0,1,0,0
88,2,1,128,1,1,1,0,3,3,249838,249865,327,129,249709,513,1,242251,0,249428,0,1,0,0
89,2,2,128,1,1,0,0,2,2,249445,249793,324,7,249438,513,1,242044,0,249221,0,1,0,0
89,2,2,128,1,1,1,0,3,3,249766,249793,324,126,249640,513,1,242183,0,249360,0,1,0,0
90,2,3,128,1,1,0,0,2,2,249468,249816,324,7,249461,513,1,242044,0,249221,0,1,0,0
90,2,3,128,1,1,1,0,3,3,249789,249816,324,126,249663,513,1,242206,0,249383,0,1,0,0
91,4,1,128,1,1,0,0,2,2,489028,489870,768,7,489021,512,1,481501,0,488678,0,1,0,0
91,4,1,128,1,1,1,0,3,3,489818,489870,768,121,489697,512,1,481794,0,488971,0,1,0,0
91,4,1,128,1,1,2,1,0,1,489515,489870,768,318,489197,512,1,481725,0,488902,0,1,0,0
91,4,1,128,1,1,3,1,1,2,489660,489870,768,509,489151,512,1,481593,0,488770,0,1,0,0
92,4,2,128,1,1,0,0,2,2,489031,489883,776,7,489024,512,1,481510,0,488687,0,1,0,0
92,4,2,128,1,1,1,0,3,3,489831,489883,776,122,489709,512,1,481797,0,488974,0,1,0,0
92,4,2,128,1,1,2,1,0,1,489526,489883,776,326,489200,512,1,481728,0,488905,0,1,0,0
92,4,2,128,1,1,3,1,1,2,489672,489883,776,517,489155,512,1,481596,0,488773,0,1,0,0
93,4,3,128,1,1,0,0,2,2,488939,489805,770,7,488932,512,1,481421,0,488598,0,1,0,0
93,4,3,128,1,1,1,0,3,3,489753,489805,770,121,489632,512,1,481705,0,488882,0,1,0,0
93,4,3,128,1,1,2,1,0,1,489449,489805,770,318,489131,512,1,481633,0,488810,0,1,0,0
93,4,3,128,1,1,3,1,1,2,489594,489805,770,511,489083,512,1,481519,0,488696,0,1,0,0
94,6,1,128,1,1,0,0,2,2,468463,624543,1035,7,468456,568,1,459876,0,467053,0,1,0,0
94,6,1,128,1,1,1,0,3,3,468701,624543,1035,121,468580,568,1,460143,0,467320,0,1,0,0
94,6,1,128,1,1,2,1,0,1,468925,624543,1035,318,468607,568,1,460660,0,467837,0,1,0,0
94,6,1,128,1,1,3,1,1,2,572983,624543,1035,509,572474,568,1,564449,0,571626,0,1,0,0
94,6,1,128,1,1,4,1,2,3,624379,624543,1035,762,623617,568,1,616079,0,623256,0,1,0,0
94,6,1,128,1,1,5,1,3,4,624516,624543,1035,897,623619,568,1,616067,0,623244,0,1,0,0
95,6,2,128,1,1,0,0,2,2,497474,653375,1033,7,497467,579,1,489378,0,496555,0,1,0,0
95,6,2,128,1,1,1,0,3,3,497706,653375,1033,121,497585,579,1,489983,0,497160,0,1,0,0
95,6,2,128,1,1,2,1,0,1,497942,653375,1033,318,497624,579,1,489914,0,497091,0,1,0,0
95,6,2,128,1,1,3,1,1,2,602440,653375,1033,509,601931,579,1,594145,0,601322,0,1,0,0
95,6,2,128,1,1,4,1,2,3,653339,653375,1033,762,652577,579,1,644846,0,652023,0,1,0,0
95,6,2,128,1,1,5,1,3,4,653147,653375,1033,897,652250,579,1,644836,0,652013,0,1,0,0
96,6,3,128,1,1,0,0,2,2,498533,653098,1041,7,498526,576,1,489718,0,496895,0,1,0,0
96,6,3,128,1,1,1,0,3,3,498778,653098,1041,121,498657,576,1,490228,0,497405,0,1,0,0
96,6,3,128,1,1,2,1,0,1,499133,653098,1041,318,498815,576,1,490153,0,497330,0,1,0,0
96,6,3,128,1,1,3,1,1,2,602539,653098,1041,515,602024,576,1,594368,0,601545,0,1,0,0
96,6,3,128,1,1,4,1,2,3,653062,653098,1041,768,652294,576,1,644565,0,651742,0,1,0,0
96,6,3,128,1,1,5,1,3,4,652872,653098,1041,903,651969,576,1,644553,0,651730,0,1,0,0
97,8,1,128,1,1,0,0,2,2,459572,854119,1420,7,459565,648,1,451685,0,458862,0,1,0,0
97,8,1,128,1,1,1,0,3,3,459911,854119,1420,121,459790,648,1,451961,0,459138,0,1,0,0
97,8,1,128,1,1,2,1,0,1,561028,854119,1420,327,560701,648,1,553238,0,560415,0,1,0,0
97,8,1,128,1,1,3,1,1,2,771661,854119,1420,510,771151,648,1,763496,0,770673,0,1,0,0
97,8,1,128,1,1,4,1,2,3,853930,854119,1420,763,853167,648,1,845630,0,852807,0,1,0,0
97,8,1,128,1,1,5,1,3,4,854067,854119,1420,898,853169,648,1,845601,0,852778,0,1,0,0
97,8,1,128,1,1,6,2,0,2,760249,854119,1420,1047,759202,648,1,750859,0,758036,0,1,0,0
97,8,1,128,1,1,7,2,1,3,760493,854119,1420,1166,759327,648,1,750848,0,758025,0,1,0,0
98,8,2,128,1,1,0,0,2,2,462508,857545,1414,7,462501,647,1,453682,0,460859,0,1,0,0
98,8,2,128,1,1,1,0,3,3,462656,857545,1414,121,462535,647,1,454450,0,461627,0,1,0,0
98,8,2,128,1,1,2,1,0,1,568525,857545,1414,316,568209,647,1,560464,0,567641,0,1,0,0
98,8,2,128,1,1,3,1,1,2,775440,857545,1414,509,774931,647,1,766891,0,774068,0,1,0,0
98,8,2,128,1,1,4,1,2,3,857146,857545,1414,762,856384,647,1,848953,0,856130,0,1,0,0
98,8,2,128,1,1,5,1,3,4,857500,857545,1414,910,856590,647,1,849181,0,856358,0,1,0,0
98,8,2,128,1,1,6,2,0,2,764780,857545,1414,1041,763739,647,1,755412,0,762589,0,1,0,0
98,8,2,128,1,1,7,2,1,3,765022,857545,1414,1160,763862,647,1,755401,0,762578,0,1,0,0
99,8,3,128,1,1,0,0,2,2,462209,853539,1401,7,462202,646,1,453626,0,460803,0,1,0,0
99,8,3,128,1,1,1,0,3,3,462457,853539,1401,121,462336,646,1,454016,0,461193,0,1,0,0
99,8,3,128,1,1,2,1,0,1,565205,853539,1401,318,564887,646,1,556808,0,563985,0,1,0,0
99,8,3,128,1,1,3,1,1,2,771158,853539,1401,509,770649,646,1,763094,0,770271,0,1,0,0
99,8,3,128,1,1,4,1,2,3,853350,853539,1401,762,852588,646,1,845050,0,852227,0,1,0,0
99,8,3,128,1,1,5,1,3,4,853487,853539,1401,897,852590,646,1,845039,0,852216,0,1,0,0
99,8,3,128,1,1,6,2,0,2,760317,853539,1401,1028,759289,646,1,751294,0,758471,0,1,0,0
99,8,3,128,1,1,7,2,1,3,760553,853539,1401,1147,759406,646,1,751283,0,758460,0,1,0,0
100,10,1,128,1,1,0,0,2,2,460479,1020902,1780,7,460472,676,1,451415,0,458592,0,1,0,0
100,10,1,128,1,1,1,0,3,3,460726,1020902,1780,121,460605,676,1,451679,0,458856,0,1,0,0
100,10,1,128,1,1,2,1,0,1,539849,1020902,1780,318,539531,676,1,530910,0,538087,0,1,0,0
100,10,1,128,1,1,3,1,1,2,780410,1020902,1780,509,779901,676,1,771232,0,778409,0,1,0,0
100,10,1,128,1,1,4,1,2,3,930857,1020902,1780,762,930095,676,1,922562,0,929739,0,1,0,0
100,10,1,128,1,1,5,1,3,4,931195,1020902,1780,897,930298,676,1,922657,0,929834,0,1,0,0
100,10,1,128,1,1,6,2,0,2,777880,1020902,1780,1029,776851,676,1,769449,0,776626,0,1,0,0
100,10,1,128,1,1,7,2,1,3,941950,1020902,1780,1148,940802,676,1,933020,0,940197,0,1,0,0
100,10,1,128,1,1,8,2,2,4,1020509,1020902,1780,1396,1019113,676,1,1011576,0,1018753,0,1,0,0
100,10,1,128,1,1,9,2,3,5,1020875,1020902,1780,1649,1019226,676,1,1011789,0,1018966,0,1,0,0
101,10,2,128,1,1,0,0,2,2,456256,1020057,1814,7,456249,674,1,447195,0,454372,0,1,0,0
101,10,2,128,1,1,1,0,3,3,456503,1020057,1814,121,456382,674,1,447453,0,454630,0,1,0,0
101,10,2,128,1,1,2,1,0,1,538655,1020057,1814,318,538337,674,1,530865,0,538042,0,1,0,0
101,10,2,128,1,1,3,1,1,2,778620,1020057,1814,509,778111,674,1,770577,0,777754,0,1,0,0
101,10,2,128,1,1,4,1,2,3,930428,1020057,1814,762,929666,674,1,922131,0,929308,0,1,0,0
101,10,2,128,1,1,5,1,3,4,930652,1020057,1814,897,929755,674,1,922228,0,929405,0,1,0,0
101,10,2,128,1,1,6,2,0,2,776156,1020057,1814,1029,775127,674,1,766791,0,773968,0,1,0,0
101,10,2,128,1,1,7,2,1,3,941376,1020057,1814,1148,940228,674,1,932559,0,939736,0,1,0,0
101,10,2,128,1,1,8,2,2,4,1019659,1020057,1814,1418,1018241,674,1,1010704,0,1017881,0,1,0,0
101,10,2,128,1,1,9,2,3,5,1020030,1020057,1814,1671,1018359,674,1,1010905,0,1018082,0,1,0,0
102,10,3,128,1,1,0,0,2,2,456769,1023063,1783,7,456762,676,1,448314,0,455491,0,1,0,0
102,10,3,128,1,1,1,0,3,3,457005,1023063,1783,121,456884,676,1,448565,0,455742,0,1,0,0
102,10,3,128,1,1,2,1,0,1,539102,1023063,1783,318,538784,676,1,530720,0,537897,0,1,0,0
102,10,3,128,1,1,3,1,1,2,779064,1023063,1783,510,778554,676,1,769882,0,777059,0,1,0,0
102,10,3,128,1,1,4,1,2,3,931680,1023063,1783,763,930917,676,1,922682,0,929859,0,1,0,0
102,10,3,128,1,1,5,1,3,4,932012,1023063,1783,898,931114,676,1,922777,0,929954,0,1,0,0
102,10,3,128,1,1,6,2,0,2,773290,1023063,1783,1030,772260,676,1,763692,0,770869,0,1,0,0
102,10,3,128,1,1,7,2,1,3,944920,1023063,1783,1150,943770,676,1,936221,0,943398,0,1,0,0
102,10,3,128,1,1,8,2,2,4,1022896,1023063,1783,1398,1021498,676,1,1013839,0,1021016,0,1,0,0
102,10,3,128,1,1,9,2,3,5,1023036,1023063,1783,1651,1021385,676,1,1013834,0,1021011,0,1,0,0
103,13,1,128,1,1,0,0,2,2,454746,1324239,2147,7,454739,632,1,446176,0,453353,0,1,0,0
103,13,1,128,1,1,1,0,3,3,454984,1324239,2147,121,454863,632,1,446663,0,453840,0,1,0,0
103,13,1,128,1,1,2,1,0,1,540412,1324239,2147,318,540094,632,1,530954,0,538131,0,1,0,0
103,13,1,128,1,1,3,1,1,2,774658,1324239,2147,519,774139,632,1,765907,0,773084,0,1,0,0
103,13,1,128,1,1,4,1,2,3,922250,1324239,2147,772,921478,632,1,912903,0,920080,0,1,0,0
103,13,1,128,1,1,5,1,3,4,922483,1324239,2147,907,921576,632,1,912990,0,920167,0,1,0,0
103,13,1,128,1,1,6,2,0,2,906060,1324239,2147,1039,905021,632,1,897373,0,904550,0,1,0,0
103,13,1,128,1,1,7,2,1,3,1188480,1324239,2147,1159,1187321,632,1,1179008,0,1186185,0,1,0,0
103,13,1,128,1,1,8,2,2,4,1323784,1324239,2147,1407,1322377,632,1,1314502,0,1321674,0,1,0,0
103,13,1,128,1,1,9,2,3,5,1323923,1324239,2147,1660,1322263,632,1,1314611,0,1321788,0,1,0,0
103,13,1,128,1,1,10,3,0,3,1189264,1324239,2147,1775,1187489,632,1,1178643,0,1185820,0,1,0,0
103,13,1,128,1,1,11,3,1,4,1324070,1324239,2147,1890,1322180,632,1,1314253,0,1321430,0,1,0,0
103,13,1,128,1,1,12,3,2,5,1324212,1324239,2147,2022,1322190,632,1,1314358,0,1321535,0,1,0,0
104,13,2,128,1,1,0,0,2,2,456836,1335175,2136,7,456829,635,1,446747,0,453924,0,1,0,0
104,13,2,128,1,1,1,0,3,3,457188,1335175,2136,121,457067,635,1,447001,0,454178,0,1,0,0
104,13,2,128,1,1,2,1,0,1,537078,1335175,2136,318,536760,635,1,529289,0,536466,0,1,0,0
104,13,2,128,1,1,3,1,1,2,780609,1335175,2136,509,780100,635,1,770155,0,777332,0,1,0,0
104,13,2,128,1,1,4,1,2,3,926581,1335175,2136,762,925819,635,1,917214,0,924391,0,1,0,0
104,13,2,128,1,1,5,1,3,4,926831,1335175,2136,897,925934,635,1,917202,0,924379,0,1,0,0
104,13,2,128,1,1,6,2,0,2,916523,1335175,2136,1029,915494,635,1,906090,0,913267,0,1,0,0
104,13,2,128,1,1,7,2,1,3,1198765,1335175,2136,1148,1197617,635,1,1190087,0,1197264,0,1,0,0
104,13,2,128,1,1,8,2,2,4,1334981,1335175,2136,1396,1333585,635,1,1325458,0,1332630,0,1,0,0
104,13,2,128,1,1,9,2,3,5,1335114,1335175,2136,1649,1333465,635,1,1325567,0,1332744,0,1,0,0
104,13,2,128,1,1,10,3,0,3,1199553,1335175,2136,1764,1197789,635,1,1189722,0,1196899,0,1,0,0
104,13,2,128,1,1,11,3,1,4,1334504,1335175,2136,1879,1332625,635,1,1325209,0,1332386,0,1,0,0
104,13,2,128,1,1,12,3,2,5,1334734,1335175,2136,2011,1332723,635,1,1325314,0,1332491,0,1,0,0
105,13,3,128,1,1,0,0,2,2,453841,1327001,2165,7,453834,632,1,446440,0,453617,0,1,0,0
105,13,3,128,1,1,1,0,3,3,457253,1327001,2165,121,457132,632,1,446718,0,453895,0,1,0,0
105,13,3,128,1,1,2,1,0,1,539979,1327001,2165,318,539661,632,1,531452,0,538629,0,1,0,0
105,13,3,128,1,1,3,1,1,2,778575,1327001,2165,509,778066,632,1,768866,0,776043,0,1,0,0
105,13,3,128,1,1,4,1,2,3,924882,1327001,2165,784,924098,632,1,915000,0,922177,0,1,0,0
105,13,3,128,1,1,5,1,3,4,925122,1327001,2165,919,924203,632,1,915095,0,922272,0,1,0,0
105,13,3,128,1,1,6,2,0,2,910522,1327001,2165,1051,909471,632,1,900787,0,907964,0,1,0,0
105,13,3,128,1,1,7,2,1,3,1190479,1327001,2165,1173,1189306,632,1,1181776,0,1188953,0,1,0,0
105,13,3,128,1,1,8,2,2,4,1326808,1327001,2165,1421,1325387,632,1,1317267,0,1324444,0,1,0,0
105,13,3,128,1,1,9,2,3,5,1326940,1327001,2165,1675,1325265,632,1,1317395,0,1324572,0,1,0,0
105,13,3,128,1,1,10,3,0,3,1191264,1327001,2165,1790,1189474,632,1,1181407,0,1188584,0,1,0,0
105,13,3,128,1,1,11,3,1,4,1326368,1327001,2165,1909,1324459,632,1,1317020,0,1324197,0,1,0,0
105,13,3,128,1,1,12,3,2,5,1326585,1327001,2165,2040,1324545,632,1,1317139,0,1324316,0,1,0,0
106,1,1,256,1,1,0,0,2,2,148326,148348,148,7,148319,512,1,144498,0,148091,0,1,0,0
107,1,2,256,1,1,0,0,2,2,148293,148315,124,7,148286,512,1,144489,0,148082,0,1,0,0
108,1,3,256,1,1,0,0,2,2,148294,148316,121,7,148287,512,1,144481,0,148074,0,1,0,0
109,2,1,256,1,1,0,0,2,2,255146,255504,452,7,255139,384,1,251080,0,254673,0,1,0,0
109,2,1,256,1,1,1,0,3,3,255477,255504,452,126,255351,384,1,251346,0,254939,0,1,0,0
110,2,2,256,1,1,0,0,2,2,255141,255502,452,7,255134,384,1,251075,0,254668,0,1,0,0
110,2,2,256,1,1,1,0,3,3,255475,255502,452,126,255349,384,1,251341,0,254934,0,1,0,0
111,2,3,256,1,1,0,0,2,2,255161,255525,452,7,255154,384,1,251095,0,254688,0,1,0,0
111,2,3,256,1,1,1,0,3,3,255498,255525,452,126,255372,384,1,251361,0,254954,0,1,0,0
112,4,1,256,1,1,0,0,2,2,505483,506143,1301,7,505476,383,1,500655,0,504248,0,1,0,0
112,4,1,256,1,1,1,0,3,3,505736,506143,1301,121,505615,383,1,501339,0,504932,0,1,0,0
112,4,1,256,1,1,2,1,0,1,505979,506143,1301,446,505533,383,1,501270,0,504863,0,1,0,0
112,4,1,256,1,1,3,1,1,2,506116,506143,1301,765,505351,383,1,500990,0,504583,0,1,0,0
113,4,2,256,1,1,0,0,2,2,505454,506116,1280,7,505447,383,1,500626,0,504219,0,1,0,0
113,4,2,256,1,1,1,0,3,3,505707,506116,1280,121,505586,383,1,501310,0,504903,0,1,0,0
113,4,2,256,1,1,2,1,0,1,505951,506116,1280,446,505505,383,1,501241,0,504834,0,1,0,0
113,4,2,256,1,1,3,1,1,2,506089,506116,1280,765,505324,383,1,500982,0,504575,0,1,0,0
114,4,3,256,1,1,0,0,2,2,505484,506167,1280,7,505477,383,1,500656,0,504249,0,1,0,0
114,4,3,256,1,1,1,0,3,3,505764,506167,1280,121,505643,383,1,501340,0,504933,0,1,0,0
114,4,3,256,1,1,2,1,0,1,506003,506167,1280,446,505557,383,1,501271,0,504864,0,1,0,0
114,4,3,256,1,1,3,1,1,2,506140,506167,1280,765,505375,383,1,501034,0,504627,0,1,0,0
115,6,1,256,1,1,0,0,2,2,532247,713876,1835,7,532240,485,1,528427,0,532020,0,1,0,0
115,6,1,256,1,1,1,0,3,3,534250,713876,1835,121,534129,485,1,529608,0,533201,0,1,0,0
115,6,1,256,1,1,2,1,0,1,534503,713876,1835,446,534057,485,1,529539,0,533132,0,1,0,0
115,6,1,256,1,1,3,1,1,2,663472,713876,1835,765,662707,485,1,657996,0,661589,0,1,0,0
115,6,1,256,1,1,4,1,2,3,713712,713876,1835,1274,712438,485,1,708221,0,711814,0,1,0,0
115,6,1,256,1,1,5,1,3,4,713849,713876,1835,1544,712305,485,1,708184,0,711777,0,1,0,0
116,6,2,256,1,1,0,0,2,2,532313,714101,1830,7,532306,485,1,528496,0,532089,0,1,0,0
116,6,2,256,1,1,1,0,3,3,534317,714101,1830,121,534196,485,1,529665,0,533258,0,1,0,0
116,6,2,256,1,1,2,1,0,1,534570,714101,1830,456,534114,485,1,529598,0,533191,0,1,0,0
116,6,2,256,1,1,3,1,1,2,663702,714101,1830,772,662930,485,1,658216,0,661809,0,1,0,0
116,6,2,256,1,1,4,1,2,3,713936,714101,1830,1281,712655,485,1,708439,0,712032,0,1,0,0
116,6,2,256,1,1,5,1,3,4,714074,714101,1830,1551,712523,485,1,708414,0,712007,0,1,0,0
117,6,3,256,1,1,0,0,2,2,532242,713973,1832,7,532235,485,1,528422,0,532015,0,1,0,0
117,6,3,256,1,1,1,0,3,3,534248,713973,1832,121,534127,485,1,529607,0,533200,0,1,0,0
117,6,3,256,1,1,2,1,0,1,534498,713973,1832,444,534054,485,1,529536,0,533129,0,1,0,0
117,6,3,256,1,1,3,1,1,2,663548,713973,1832,765,662783,485,1,658074,0,661667,0,1,0,0
117,6,3,256,1,1,4,1,2,3,713809,713973,1832,1274,712535,485,1,708319,0,711912,0,1,0,0
117,6,3,256,1,1,5,1,3,4,713946,713973,1832,1544,712402,485,1,708285,0,711878,0,1,0,0
118,8,1,256,1,1,0,0,2,2,502463,905329,2605,7,502456,521,1,497831,0,501424,0,1,0,0
118,8,1,256,1,1,1,0,3,3,502708,905329,2605,121,502587,521,1,498562,0,502155,0,1,0,0
118,8,1,256,1,1,2,1,0,1,603164,905329,2605,446,602718,521,1,597464,0,601057,0,1,0,0
118,8,1,256,1,1,3,1,1,2,816432,905329,2605,765,815667,521,1,811462,0,815055,0,1,0,0
118,8,1,256,1,1,4,1,2,3,904705,905329,2605,1274,903431,521,1,899459,0,903052,0,1,0,0
118,8,1,256,1,1,5,1,3,4,905284,905329,2605,1548,903736,521,1,899754,0,903347,0,1,0,0
118,8,1,256,1,1,6,2,0,2,806344,905329,2605,1846,804498,521,1,799558,0,803151,0,1,0,0
118,8,1,256,1,1,7,2,1,3,806617,905329,2605,2095,804522,521,1,799547,0,803140,0,1,0,0
119,8,2,256,1,1,0,0,2,2,502650,905561,2602,7,502643,521,1,498034,0,501627,0,1,0,0
119,8,2,256,1,1,1,0,3,3,502895,905561,2602,122,502773,521,1,498747,0,502340,0,1,0,0
119,8,2,256,1,1,2,1,0,1,603377,905561,2602,449,602928,521,1,597675,0,601268,0,1,0,0
119,8,2,256,1,1,3,1,1,2,816689,905561,2602,769,815920,521,1,811715,0,815308,0,1,0,0
119,8,2,256,1,1,4,1,2,3,904937,905561,2602,1278,903659,521,1,899692,0,903285,0,1,0,0
119,8,2,256,1,1,5,1,3,4,905516,905561,2602,1548,903968,521,1,900011,0,903604,0,1,0,0
119,8,2,256,1,1,6,2,0,2,806558,905561,2602,1821,804737,521,1,799775,0,803368,0,1,0,0
119,8,2,256,1,1,7,2,1,3,806855,905561,2602,2092,804763,521,1,799764,0,803357,0,1,0,0
120,8,3,256,1,1,0,0,2,2,502692,905658,2588,7,502685,521,1,498063,0,501656,0,1,0,0
120,8,3,256,1,1,1,0,3,3,502938,905658,2588,121,502817,521,1,498791,0,502384,0,1,0,0
120,8,3,256,1,1,2,1,0,1,603458,905658,2588,446,603012,521,1,597759,0,601352,0,1,0,0
120,8,3,256,1,1,3,1,1,2,816790,905658,2588,766,816024,521,1,811817,0,815410,0,1,0,0
120,8,3,256,1,1,4,1,2,3,905035,905658,2588,1275,903760,521,1,899792,0,903385,0,1,0,0
120,8,3,256,1,1,5,1,3,4,905613,905658,2588,1545,904068,521,1,900100,0,903693,0,1,0,0
120,8,3,256,1,1,6,2,0,2,806669,905658,2588,1829,804840,521,1,799900,0,803493,0,1,0,0
120,8,3,256,1,1,7,2,1,3,806951,905658,2588,2078,804873,521,1,799889,0,803482,0,1,0,0
121,10,1,256,1,1,0,0,2,2,482016,1098568,3328,7,482009,555,1,477705,0,481298,0,1,0,0
121,10,1,256,1,1,1,0,3,3,484768,1098568,3328,121,484647,555,1,478360,0,481953,0,1,0,0
121,10,1,256,1,1,2,1,0,1,570698,1098568,3328,446,570252,555,1,566234,0,569827,0,1,0,0
121,10,1,256,1,1,3,1,1,2,834315,1098568,3328,765,833550,555,1,829107,0,832700,0,1,0,0
121,10,1,256,1,1,4,1,2,3,999064,1098568,3328,1274,997790,555,1,992853,0,996446,0,1,0,0
121,10,1,256,1,1,5,1,3,4,999328,1098568,3328,1544,997784,555,1,993063,0,996656,0,1,0,0
121,10,1,256,1,1,6,2,0,2,824015,1098568,3328,1817,822198,555,1,818250,0,821843,0,1,0,0
121,10,1,256,1,1,7,2,1,3,1015443,1098568,3328,2066,1013377,555,1,1008926,0,1012519,0,1,0,0
121,10,1,256,1,1,8,2,2,4,1098282,1098568,3328,2570,1095712,555,1,1091501,0,1095094,0,1,0,0
121,10,1,256,1,1,9,2,3,5,1098541,1098568,3328,3079,1095462,555,1,1091507,0,1095100,0,1,0,0
122,10,2,256,1,1,0,0,2,2,481900,1098478,3354,7,481893,555,1,477561,0,481154,0,1,0,0
122,10,2,256,1,1,1,0,3,3,484648,1098478,3354,121,484527,555,1,478244,0,481837,0,1,0,0
122,10,2,256,1,1,2,1,0,1,570489,1098478,3354,446,570043,555,1,566025,0,569618,0,1,0,0
122,10,2,256,1,1,3,1,1,2,834105,1098478,3354,765,833340,555,1,828897,0,832490,0,1,0,0
122,10,2,256,1,1,4,1,2,3,998953,1098478,3354,1275,997678,555,1,992739,0,996332,0,1,0,0
122,10,2,256,1,1,5,1,3,4,999228,1098478,3354,1546,997682,555,1,992950,0,996543,0,1,0,0
122,10,2,256,1,1,6,2,0,2,823806,1098478,3354,1819,821987,555,1,818015,0,821608,0,1,0,0
122,10,2,256,1,1,7,2,1,3,1015373,1098478,3354,2092,1013281,555,1,1008830,0,1012423,0,1,0,0
122,10,2,256,1,1,8,2,2,4,1098199,1098478,3354,2596,1095603,555,1,1091394,0,1094987,0,1,0,0
122,10,2,256,1,1,9,2,3,5,1098451,1098478,3354,3105,1095346,555,1,1091400,0,1094993,0,1,0,0
123,10,3,256,1,1,0,0,2,2,481877,1098209,3342,7,481870,555,1,477537,0,481130,0,1,0,0
123,10,3,256,1,1,1,0,3,3,484626,1098209,3342,121,484505,555,1,478221,0,481814,0,1,0,0
123,10,3,256,1,1,2,1,0,1,570463,1098209,3342,447,570016,555,1,565998,0,569591,0,1,0,0
123,10,3,256,1,1,3,1,1,2,833937,1098209,3342,767,833170,555,1,828727,0,832320,0,1,0,0
123,10,3,256,1,1,4,1,2,3,998722,1098209,3342,1276,997446,555,1,992506,0,996099,0,1,0,0
123,10,3,256,1,1,5,1,3,4,998984,1098209,3342,1546,997438,555,1,992716,0,996309,0,1,0,0
123,10,3,256,1,1,6,2,0,2,823699,1098209,3342,1819,821880,555,1,817921,0,821514,0,1,0,0
123,10,3,256,1,1,7,2,1,3,1015077,1098209,3342,2079,1012998,555,1,1008548,0,1012141,0,1,0,0
123,10,3,256,1,1,8,2,2,4,1097928,1098209,3342,2583,1095345,555,1,1091135,0,1094728,0,1,0,0
123,10,3,256,1,1,9,2,3,5,1098182,1098209,3342,3093,1095089,555,1,1091141,0,1094734,0,1,0,0
124,13,1,256,1,1,0,0,2,2,496987,1495267,4134,7,496980,577,1,491676,0,495269,0,1,0,0
124,13,1,256,1,1,1,0,3,3,497243,1495267,4134,121,497122,577,1,492602,0,496195,0,1,0,0
124,13,1,256,1,1,2,1,0,1,584127,1495267,4134,444,583683,577,1,577646,0,581239,0,1,0,0
124,13,1,256,1,1,3,1,1,2,846263,1495267,4134,763,845500,577,1,838722,0,842315,0,1,0,0
124,13,1,256,1,1,4,1,2,3,1013676,1495267,4134,1291,1012385,577,1,1006414,0,1010007,0,1,0,0
124,13,1,256,1,1,5,1,3,4,1013925,1495267,4134,1561,1012364,577,1,1006418,0,1010011,0,1,0,0
124,13,1,256,1,1,6,2,0,2,991737,1495267,4134,1834,989903,577,1,984970,0,988563,0,1,0,0
124,13,1,256,1,1,7,2,1,3,1329911,1495267,4134,2083,1327828,577,1,1323369,0,1326962,0,1,0,0
124,13,1,256,1,1,8,2,2,4,1494946,1495267,4134,2587,1492359,577,1,1487398,0,1490991,0,1,0,0
124,13,1,256,1,1,9,2,3,5,1495083,1495267,4134,3117,1491966,577,1,1487641,0,1491234,0,1,0,0
124,13,1,256,1,1,10,3,0,3,1330641,1495267,4134,3360,1327281,577,1,1322608,0,1326201,0,1,0,0
124,13,1,256,1,1,11,3,1,4,1494461,1495267,4134,3603,1490858,577,1,1486881,0,1490474,0,1,0,0
124,13,1,256,1,1,12,3,2,5,1495240,1495267,4134,3880,1491360,577,1,1487117,0,1490710,0,1,0,0
125,13,2,256,1,1,0,0,2,2,496947,1494886,4112,7,496940,577,1,491636,0,495229,0,1,0,0
125,13,2,256,1,1,1,0,3,3,497203,1494886,4112,121,497082,577,1,492562,0,496155,0,1,0,0
125,13,2,256,1,1,2,1,0,1,584029,1494886,4112,444,583585,577,1,577520,0,581113,0,1,0,0
125,13,2,256,1,1,3,1,1,2,846164,1494886,4112,765,845399,577,1,838647,0,842240,0,1,0,0
125,13,2,256,1,1,4,1,2,3,1013490,1494886,4112,1274,1012216,577,1,1006226,0,1009819,0,1,0,0
125,13,2,256,1,1,5,1,3,4,1013737,1494886,4112,1544,1012193,577,1,1006203,0,1009796,0,1,0,0
125,13,2,256,1,1,6,2,0,2,991645,1494886,4112,1833,989812,577,1,984854,0,988447,0,1,0,0
125,13,2,256,1,1,7,2,1,3,1329644,1494886,4112,2082,1327562,577,1,1323112,0,1326705,0,1,0,0
125,13,2,256,1,1,8,2,2,4,1494565,1494886,4112,2586,1491979,577,1,1487037,0,1490630,0,1,0,0
125,13,2,256,1,1,9,2,3,5,1494703,1494886,4112,3095,1491608,577,1,1487280,0,1490873,0,1,0,0
125,13,2,256,1,1,10,3,0,3,1330378,1494886,4112,3338,1327040,577,1,1322365,0,1325958,0,1,0,0
125,13,2,256,1,1,11,3,1,4,1494078,1494886,4112,3581,1490497,577,1,1486520,0,1490113,0,1,0,0
125,13,2,256,1,1,12,3,2,5,1494859,1494886,4112,3858,1491001,577,1,1486758,0,1490351,0,1,0,0
126,13,3,256,1,1,0,0,2,2,496938,1494942,4096,7,496931,577,1,491602,0,495195,0,1,0,0
126,13,3,256,1,1,1,0,3,3,497195,1494942,4096,121,497074,577,1,492550,0,496143,0,1,0,0
126,13,3,256,1,1,2,1,0,1,583929,1494942,4096,446,583483,577,1,577406,0,580999,0,1,0,0
126,13,3,256,1,1,3,1,1,2,846077,1494942,4096,765,845312,577,1,838581,0,842174,0,1,0,0
126,13,3,256,1,1,4,1,2,3,1013415,1494942,4096,1274,1012141,577,1,1006156,0,1009749,0,1,0,0
126,13,3,256,1,1,5,1,3,4,1013664,1494942,4096,1544,1012120,577,1,1006172,0,1009765,0,1,0,0
126,13,3,256,1,1,6,2,0,2,991439,1494942,4096,1819,989620,577,1,984689,0,988282,0,1,0,0
126,13,3,256,1,1,7,2,1,3,1329703,1494942,4096,2066,1327637,577,1,1323186,0,1326779,0,1,0,0
126,13,3,256,1,1,8,2,2,4,1494621,1494942,4096,2570,1492051,577,1,1487111,0,1490704,0,1,0,0
126,13,3,256,1,1,9,2,3,5,1494758,1494942,4096,3079,1491679,577,1,1487354,0,1490947,0,1,0,0
126,13,3,256,1,1,10,3,0,3,1330438,1494942,4096,3322,1327116,577,1,1322439,0,1326032,0,1,0,0
126,13,3,256,1,1,11,3,1,4,1494136,1494942,4096,3565,1490571,577,1,1486594,0,1490187,0,1,0,0
126,13,3,256,1,1,12,3,2,5,1494915,1494942,4096,3842,1491073,577,1,1486830,0,1490423,0,1,0,0
127,1,1,512,1,1,0,0,2,2,139708,139730,121,7,139701,256,1,137699,0,139500,0,1,0,0
128,1,2,512,1,1,0,0,2,2,139699,139721,131,7,139692,256,1,137680,0,139481,0,1,0,0
129,1,3,512,1,1,0,0,2,2,139683,139705,121,7,139676,256,1,137656,0,139457,0,1,0,0
130,2,1,512,1,1,0,0,2,2,259597,260210,708,7,259590,192,1,257064,0,258865,0,1,0,0
130,2,1,512,1,1,1,0,3,3,260183,260210,708,126,260057,192,1,257590,0,259391,0,1,0,0
131,2,2,512,1,1,0,0,2,2,259488,260101,722,7,259481,192,1,256922,0,258723,0,1,0,0
131,2,2,512,1,1,1,0,3,3,260074,260101,722,138,259936,192,1,257466,0,259267,0,1,0,0
132,2,3,512,1,1,0,0,2,2,259544,260157,708,7,259537,192,1,257014,0,258815,0,1,0,0
132,2,3,512,1,1,1,0,3,3,260130,260157,708,126,260004,192,1,257537,0,259338,0,1,0,0
133,4,1,512,1,1,0,0,2,2,512746,513920,2323,7,512739,191,1,508640,0,510441,0,1,0,0
133,4,1,512,1,1,1,0,3,3,513254,513920,2323,121,513133,191,1,510120,0,511921,0,1,0,0
133,4,1,512,1,1,2,1,0,1,513756,513920,2323,721,513035,191,1,510051,0,511852,0,1,0,0
133,4,1,512,1,1,3,1,1,2,513893,513920,2323,1296,512597,191,1,509535,0,511336,0,1,0,0
134,4,2,512,1,1,0,0,2,2,512816,513989,2302,7,512809,191,1,508712,0,510513,0,1,0,0
134,4,2,512,1,1,1,0,3,3,513324,513989,2302,121,513203,191,1,510211,0,512012,0,1,0,0
134,4,2,512,1,1,2,1,0,1,513825,513989,2302,700,513125,191,1,510142,0,511943,0,1,0,0
134,4,2,512,1,1,3,1,1,2,513962,513989,2302,1275,512687,191,1,509626,0,511427,0,1,0,0
135,4,3,512,1,1,0,0,2,2,512820,513992,2309,7,512813,191,1,508731,0,510532,0,1,0,0
135,4,3,512,1,1,1,0,3,3,513327,513992,2309,121,513206,191,1,510213,0,512014,0,1,0,0
135,4,3,512,1,1,2,1,0,1,513828,513992,2309,702,513126,191,1,510144,0,511945,0,1,0,0
135,4,3,512,1,1,3,1,1,2,513965,513992,2309,1277,512688,191,1,509623,0,511424,0,1,0,0
136,6,1,512,1,1,0,0,2,2,542169,729259,3468,7,542162,250,1,538083,0,539884,0,1,0,0
136,6,1,512,1,1,1,0,3,3,542672,729259,3468,121,542551,250,1,539562,0,541363,0,1,0,0
136,6,1,512,1,1,2,1,0,1,543175,729259,3468,702,542473,250,1,539994,0,541795,0,1,0,0
136,6,1,512,1,1,3,1,1,2,648786,729259,3468,1279,647507,250,1,644582,0,646383,0,1,0,0
136,6,1,512,1,1,4,1,2,3,729095,729259,3468,2300,726795,250,1,723800,0,725601,0,1,0,0
136,6,1,512,1,1,5,1,3,4,729232,729259,3468,2885,726347,250,1,723727,0,725528,0,1,0,0
137,6,2,512,1,1,0,0,2,2,542424,729902,3424,7,542417,249,1,538395,0,540196,0,1,0,0
137,6,2,512,1,1,1,0,3,3,542927,729902,3424,121,542806,249,1,540317,0,542118,0,1,0,0
137,6,2,512,1,1,2,1,0,1,543429,729902,3424,702,542727,249,1,540247,0,542048,0,1,0,0
137,6,2,512,1,1,3,1,1,2,652682,729902,3424,1277,651405,249,1,648480,0,650281,0,1,0,0
137,6,2,512,1,1,4,1,2,3,729366,729902,3424,2298,727068,249,1,724604,0,726405,0,1,0,0
137,6,2,512,1,1,5,1,3,4,729875,729902,3424,2856,727019,249,1,724546,0,726347,0,1,0,0
138,6,3,512,1,1,0,0,2,2,541959,730638,3426,7,541952,249,1,537835,0,539636,0,1,0,0
138,6,3,512,1,1,1,0,3,3,542462,730638,3426,123,542339,249,1,539325,0,541126,0,1,0,0
138,6,3,512,1,1,2,1,0,1,542962,730638,3426,726,542236,249,1,539276,0,541077,0,1,0,0
138,6,3,512,1,1,3,1,1,2,654203,730638,3426,1279,652924,249,1,649974,0,651775,0,1,0,0
138,6,3,512,1,1,4,1,2,3,730103,730638,3426,2300,727803,249,1,725338,0,727139,0,1,0,0
138,6,3,512,1,1,5,1,3,4,730611,730638,3426,2858,727753,249,1,725280,0,727081,0,1,0,0
139,8,1,512,1,1,0,0,2,2,489062,920711,4949,7,489055,263,1,483446,0,485247,0,1,0,0
139,8,1,512,1,1,1,0,3,3,489568,920711,4949,122,489446,263,1,486432,0,488233,0,1,0,0
139,8,1,512,1,1,2,1,0,1,589384,920711,4949,725,588659,263,1,583616,0,585417,0,1,0,0
139,8,1,512,1,1,3,1,1,2,830607,920711,4949,1278,829329,263,1,825900,0,827701,0,1,0,0
139,8,1,512,1,1,4,1,2,3,919577,920711,4949,2301,917276,263,1,914809,0,916610,0,1,0,0
139,8,1,512,1,1,5,1,3,4,920666,920711,4949,2861,917805,263,1,915352,0,917153,0,1,0,0
139,8,1,512,1,1,6,2,0,2,813607,920711,4949,3422,810185,263,1,807773,0,809574,0,1,0,0
139,8,1,512,1,1,7,2,1,3,816673,920711,4949,3927,812746,263,1,807763,0,809564,0,1,0,0
140,8,2,512,1,1,0,0,2,2,483671,915134,4957,7,483664,261,1,478123,0,479924,0,1,0,0
140,8,2,512,1,1,1,0,3,3,484167,915134,4957,121,484046,261,1,479548,0,481349,0,1,0,0
140,8,2,512,1,1,2,1,0,1,587872,915134,4957,702,587170,261,1,581156,0,582957,0,1,0,0
140,8,2,512,1,1,3,1,1,2,826629,915134,4957,1277,825352,261,1,821410,0,823211,0,1,0,0
140,8,2,512,1,1,4,1,2,3,914574,915134,4957,2298,912276,261,1,909811,0,911612,0,1,0,0
140,8,2,512,1,1,5,1,3,4,915082,915134,4957,2856,912226,261,1,909753,0,911554,0,1,0,0
140,8,2,512,1,1,6,2,0,2,810131,915134,4957,3418,806713,261,1,803295,0,805096,0,1,0,0
140,8,2,512,1,1,7,2,1,3,810628,915134,4957,3923,806705,261,1,803273,0,805074,0,1,0,0
141,8,3,512,1,1,0,0,2,2,489676,920585,4959,7,489669,262,1,484624,0,486425,0,1,0,0
141,8,3,512,1,1,1,0,3,3,493837,920585,4959,121,493716,262,1,488068,0,489869,0,1,0,0
141,8,3,512,1,1,2,1,0,1,590562,920585,4959,702,589860,262,1,584320,0,586121,0,1,0,0
141,8,3,512,1,1,3,1,1,2,831432,920585,4959,1277,830155,262,1,826723,0,828524,0,1,0,0
141,8,3,512,1,1,4,1,2,3,920396,920585,4959,2298,918098,262,1,915121,0,916922,0,1,0,0
141,8,3,512,1,1,5,1,3,4,920533,920585,4959,2863,917670,262,1,915057,0,916858,0,1,0,0
141,8,3,512,1,1,6,2,0,2,816455,920585,4959,3432,813023,262,1,808552,0,810353,0,1,0,0
141,8,3,512,1,1,7,2,1,3,817467,920585,4959,3937,813530,262,1,808542,0,810343,0,1,0,0
142,10,1,512,1,1,0,0,2,2,493219,1126940,6487,7,493212,278,1,487081,0,488882,0,1,0,0
142,10,1,512,1,1,1,0,3,3,493712,1126940,6487,123,493589,278,1,488087,0,489888,0,1,0,0
142,10,1,512,1,1,2,1,0,1,586289,1126940,6487,726,585563,278,1,580473,0,582274,0,1,0,0
142,10,1,512,1,1,3,1,1,2,855506,1126940,6487,1279,854227,278,1,851302,0,853103,0,1,0,0
142,10,1,512,1,1,4,1,2,3,1022347,1126940,6487,2300,1020047,278,1,1017084,0,1018885,0,1,0,0
142,10,1,512,1,1,5,1,3,4,1022848,1126940,6487,2858,1019990,278,1,1017517,0,1019318,0,1,0,0
142,10,1,512,1,1,6,2,0,2,849404,1126940,6487,3420,845984,278,1,839929,0,841730,0,1,0,0
142,10,1,512,1,1,7,2,1,3,1042783,1126940,6487,3925,1038858,278,1,1035936,0,1037737,0,1,0,0
142,10,1,512,1,1,8,2,2,4,1125821,1126940,6487,4941,1120880,278,1,1117931,0,1119732,0,1,0,0
142,10,1,512,1,1,9,2,3,5,1126913,1126940,6487,5982,1120931,278,1,1118537,0,1120338,0,1,0,0
143,10,2,512,1,1,0,0,2,2,493226,1126947,6494,7,493219,278,1,487080,0,488881,0,1,0,0
143,10,2,512,1,1,1,0,3,3,493717,1126947,6494,130,493587,278,1,488086,0,489887,0,1,0,0
143,10,2,512,1,1,2,1,0,1,586498,1126947,6494,733,585765,278,1,581738,0,583539,0,1,0,0
143,10,2,512,1,1,3,1,1,2,855514,1126947,6494,1286,854228,278,1,851302,0,853103,0,1,0,0
143,10,2,512,1,1,4,1,2,3,1022354,1126947,6494,2307,1020047,278,1,1017084,0,1018885,0,1,0,0
143,10,2,512,1,1,5,1,3,4,1022855,1126947,6494,2865,1019990,278,1,1017517,0,1019318,0,1,0,0
143,10,2,512,1,1,6,2,0,2,849411,1126947,6494,3427,845984,278,1,839929,0,841730,0,1,0,0
143,10,2,512,1,1,7,2,1,3,1042789,1126947,6494,3932,1038857,278,1,1035935,0,1037736,0,1,0,0
143,10,2,512,1,1,8,2,2,4,1125828,1126947,6494,4948,1120880,278,1,1117931,0,1119732,0,1,0,0
143,10,2,512,1,1,9,2,3,5,1126920,1126947,6494,5989,1120931,278,1,1118537,0,1120338,0,1,0,0
144,10,3,512,1,1,0,0,2,2,492566,1120381,6465,7,492559,276,1,484963,0,486764,0,1,0,0
144,10,3,512,1,1,1,0,3,3,493073,1120381,6465,121,492952,276,1,486449,0,488250,0,1,0,0
144,10,3,512,1,1,2,1,0,1,586211,1120381,6465,700,585511,276,1,578441,0,580242,0,1,0,0
144,10,3,512,1,1,3,1,1,2,849121,1120381,6465,1277,847844,276,1,843307,0,845108,0,1,0,0
144,10,3,512,1,1,4,1,2,3,1016572,1120381,6465,2298,1014274,276,1,1011810,0,1013611,0,1,0,0
144,10,3,512,1,1,5,1,3,4,1019635,1120381,6465,2856,1016779,276,1,1012243,0,1014044,0,1,0,0
144,10,3,512,1,1,6,2,0,2,842492,1120381,6465,3418,839074,276,1,835169,0,836970,0,1,0,0
144,10,3,512,1,1,7,2,1,3,1035586,1120381,6465,3923,1031663,276,1,1028188,0,1029989,0,1,0,0
144,10,3,512,1,1,8,2,2,4,1119845,1120381,6465,4939,1114906,276,1,1111977,0,1113778,0,1,0,0
144,10,3,512,1,1,9,2,3,5,1120354,1120381,6465,5960,1114394,276,1,1111982,0,1113783,0,1,0,0
145,13,1,512,1,1,0,0,2,2,488934,1525890,8062,7,488927,287,1,479537,0,481338,0,1,0,0
145,13,1,512,1,1,1,0,3,3,489430,1525890,8062,121,489309,287,1,480565,0,482366,0,1,0,0
145,13,1,512,1,1,2,1,0,1,589155,1525890,8062,702,588453,287,1,582413,0,584214,0,1,0,0
145,13,1,512,1,1,3,1,1,2,861690,1525890,8062,1277,860413,287,1,852497,0,854298,0,1,0,0
145,13,1,512,1,1,4,1,2,3,1031254,1525890,8062,2298,1028956,287,1,1025992,0,1027793,0,1,0,0
145,13,1,512,1,1,5,1,3,4,1031754,1525890,8062,2864,1028890,287,1,1026415,0,1028216,0,1,0,0
145,13,1,512,1,1,6,2,0,2,1011306,1525890,8062,3428,1007878,287,1,1001341,0,1003142,0,1,0,0
145,13,1,512,1,1,7,2,1,3,1356522,1525890,8062,3931,1352591,287,1,1347170,0,1348971,0,1,0,0
145,13,1,512,1,1,8,2,2,4,1524734,1525890,8062,4948,1519786,287,1,1516356,0,1518157,0,1,0,0
145,13,1,512,1,1,9,2,3,5,1525234,1525890,8062,5968,1519266,287,1,1516854,0,1518655,0,1,0,0
145,13,1,512,1,1,10,3,0,3,1358012,1525890,8062,6468,1351544,287,1,1345655,0,1347456,0,1,0,0
145,13,1,512,1,1,11,3,1,4,1525724,1525890,8062,6966,1518758,287,1,1515274,0,1517075,0,1,0,0
145,13,1,512,1,1,12,3,2,5,1525863,1525890,8062,7552,1518311,287,1,1515762,0,1517563,0,1,0,0
146,13,2,512,1,1,0,0,2,2,499020,1533220,8045,7,499013,288,1,496482,0,498283,0,1,0,0
146,13,2,512,1,1,1,0,3,3,507721,1533220,8045,121,507600,288,1,497972,0,499773,0,1,0,0
146,13,2,512,1,1,2,1,0,1,600389,1533220,8045,711,599678,288,1,593123,0,594924,0,1,0,0
146,13,2,512,1,1,3,1,1,2,866259,1533220,8045,1286,864973,288,1,859553,0,861354,0,1,0,0
146,13,2,512,1,1,4,1,2,3,1040465,1533220,8045,2307,1038158,288,1,1033098,0,1034899,0,1,0,0
146,13,2,512,1,1,5,1,3,4,1041482,1533220,8045,2865,1038617,288,1,1033523,0,1035324,0,1,0,0
146,13,2,512,1,1,6,2,0,2,1015751,1533220,8045,3427,1012324,288,1,1008332,0,1010133,0,1,0,0
146,13,2,512,1,1,7,2,1,3,1361640,1533220,8045,3932,1357708,288,1,1354283,0,1356084,0,1,0,0
146,13,2,512,1,1,8,2,2,4,1532897,1533220,8045,4948,1527949,288,1,1523525,0,1525326,0,1,0,0
146,13,2,512,1,1,9,2,3,5,1533034,1533220,8045,5969,1527065,288,1,1524023,0,1525824,0,1,0,0
146,13,2,512,1,1,10,3,0,3,1364131,1533220,8045,6468,1357663,288,1,1352766,0,1354567,0,1,0,0
146,13,2,512,1,1,11,3,1,4,1531904,1533220,8045,6967,1524937,288,1,1522460,0,1524261,0,1,0,0
146,13,2,512,1,1,12,3,2,5,1533193,1533220,8045,7536,1525657,288,1,1522949,0,1524750,0,1,0,0
147,13,3,512,1,1,0,0,2,2,481503,1521708,8058,7,481496,287,1,478476,0,480277,0,1,0,0
147,13,3,512,1,1,1,0,3,3,489293,1521708,8058,121,489172,287,1,479888,0,481689,0,1,0,0
147,13,3,512,1,1,2,1,0,1,589212,1521708,8058,701,588511,287,1,581325,0,583126,0,1,0,0
147,13,3,512,1,1,3,1,1,2,853422,1521708,8058,1299,852123,287,1,848206,0,850007,0,1,0,0
147,13,3,512,1,1,4,1,2,3,1027897,1521708,8058,2320,1025577,287,1,1021054,0,1022855,0,1,0,0
147,13,3,512,1,1,5,1,3,4,1028397,1521708,8058,2881,1025516,287,1,1021483,0,1023284,0,1,0,0
147,13,3,512,1,1,6,2,0,2,1003397,1521708,8058,3443,999954,287,1,996987,0,998788,0,1,0,0
147,13,3,512,1,1,7,2,1,3,1353137,1521708,8058,3948,1349189,287,1,1342762,0,1344563,0,1,0,0
147,13,3,512,1,1,8,2,2,4,1520871,1521708,8058,4964,1515907,287,1,1511976,0,1513777,0,1,0,0
147,13,3,512,1,1,9,2,3,5,1521395,1521708,8058,5988,1515407,287,1,1512474,0,1514275,0,1,0,0
147,13,3,512,1,1,10,3,0,3,1351150,1521708,8058,6487,1344663,287,1,1341256,0,1343057,0,1,0,0
147,13,3,512,1,1,11,3,1,4,1521542,1521708,8058,6986,1514556,287,1,1510918,0,1512719,0,1,0,0
147,13,3,512,1,1,12,3,2,5,1521681,1521708,8058,7548,1514133,287,1,1511406,0,1513207,0,1,0,0
148,1,1,1024,1,1,0,0,2,2,135482,135504,121,7,135475,128,1,134369,0,135274,0,1,0,0
149,1,2,1024,1,1,0,0,2,2,135482,135504,121,7,135475,128,1,134369,0,135274,0,1,0,0
150,1,3,1024,1,1,0,0,2,2,135508,135530,121,7,135501,128,1,134395,0,135300,0,1,0,0
151,2,1,1024,1,1,0,0,2,2,259639,260765,1220,7,259632,96,1,257490,0,258395,0,1,0,0
151,2,1,1024,1,1,1,0,3,3,260738,260765,1220,126,260612,96,1,258527,0,259432,0,1,0,0
152,2,2,1024,1,1,0,0,2,2,259614,260740,1221,7,259607,96,1,257465,0,258370,0,1,0,0
152,2,2,1024,1,1,1,0,3,3,260713,260740,1221,126,260587,96,1,258502,0,259407,0,1,0,0
153,2,3,1024,1,1,0,0,2,2,259633,260760,1220,7,259626,96,1,257487,0,258392,0,1,0,0
153,2,3,1024,1,1,1,0,3,3,260733,260760,1220,126,260607,96,1,258521,0,259426,0,1,0,0
154,4,1,1024,1,1,0,0,2,2,513217,515409,4354,7,513210,95,1,507956,0,508861,0,1,0,0
154,4,1,1024,1,1,1,0,3,3,514232,515409,4354,121,514111,95,1,510976,0,511881,0,1,0,0
154,4,1,1024,1,1,2,1,0,1,515245,515409,4354,1214,514031,95,1,510919,0,511824,0,1,0,0
154,4,1,1024,1,1,3,1,1,2,515382,515409,4354,2303,513079,95,1,509891,0,510796,0,1,0,0
155,4,2,1024,1,1,0,0,2,2,513299,515495,4354,7,513292,95,1,508053,0,508958,0,1,0,0
155,4,2,1024,1,1,1,0,3,3,514318,515495,4354,123,514195,95,1,511055,0,511960,0,1,0,0
155,4,2,1024,1,1,2,1,0,1,515331,515495,4354,1235,514096,95,1,511005,0,511910,0,1,0,0
155,4,2,1024,1,1,3,1,1,2,515468,515495,4354,2303,513165,95,1,509977,0,510882,0,1,0,0
156,4,3,1024,1,1,0,0,2,2,513221,515430,4374,7,513214,95,1,507977,0,508882,0,1,0,0
156,4,3,1024,1,1,1,0,3,3,514258,515430,4374,121,514137,95,1,510976,0,511881,0,1,0,0
156,4,3,1024,1,1,2,1,0,1,515266,515430,4374,1236,514030,95,1,510906,0,511811,0,1,0,0
156,4,3,1024,1,1,3,1,1,2,515403,515430,4374,2323,513080,95,1,509892,0,510797,0,1,0,0
157,6,1,1024,1,1,0,0,2,2,545140,731461,6528,7,545133,122,1,536837,0,537742,0,1,0,0
157,6,1,1024,1,1,1,0,3,3,546156,731461,6528,121,546035,122,1,541902,0,542807,0,1,0,0
157,6,1,1024,1,1,2,1,0,1,547172,731461,6528,1212,545960,122,1,541831,0,542736,0,1,0,0
157,6,1,1024,1,1,3,1,1,2,664415,731461,6528,2301,662114,122,1,657034,0,657939,0,1,0,0
157,6,1,1024,1,1,4,1,2,3,730421,731461,6528,4346,726075,122,1,723954,0,724859,0,1,0,0
157,6,1,1024,1,1,5,1,3,4,731434,731461,6528,5448,725986,122,1,723897,0,724802,0,1,0,0
158,6,2,1024,1,1,0,0,2,2,545132,732356,6528,7,545125,123,1,536829,0,537734,0,1,0,0
158,6,2,1024,1,1,1,0,3,3,546149,732356,6528,121,546028,123,1,541894,0,542799,0,1,0,0
158,6,2,1024,1,1,2,1,0,1,547164,732356,6528,1212,545952,123,1,541824,0,542729,0,1,0,0
158,6,2,1024,1,1,3,1,1,2,660247,732356,6528,2299,657948,123,1,654895,0,655800,0,1,0,0
158,6,2,1024,1,1,4,1,2,3,731225,732356,6528,4344,726881,123,1,723755,0,724660,0,1,0,0
158,6,2,1024,1,1,5,1,3,4,732329,732356,6528,5446,726883,123,1,724808,0,725713,0,1,0,0
159,6,3,1024,1,1,0,0,2,2,545047,729601,6496,7,545040,122,1,536724,0,537629,0,1,0,0
159,6,3,1024,1,1,1,0,3,3,546065,729601,6496,121,545944,122,1,541806,0,542711,0,1,0,0
159,6,3,1024,1,1,2,1,0,1,547079,729601,6496,1214,545865,122,1,541737,0,542642,0,1,0,0
159,6,3,1024,1,1,3,1,1,2,663478,729601,6496,2301,661177,122,1,655944,0,656849,0,1,0,0
159,6,3,1024,1,1,4,1,2,3,729437,729601,6496,4346,725091,122,1,721977,0,722882,0,1,0,0
159,6,3,1024,1,1,5,1,3,4,729574,729601,6496,5416,724158,122,1,721919,0,722824,0,1,0,0
160,8,1,1024,1,1,0,0,2,2,511383,924651,9553,7,511376,129,1,501005,0,501910,0,1,0,0
160,8,1,1024,1,1,1,0,3,3,512456,924651,9553,121,512335,129,1,504083,0,504988,0,1,0,0
160,8,1,1024,1,1,2,1,0,1,604277,924651,9553,1214,603063,129,1,599864,0,600769,0,1,0,0
160,8,1,1024,1,1,3,1,1,2,835372,924651,9553,2301,833071,129,1,827982,0,828887,0,1,0,0
160,8,1,1024,1,1,4,1,2,3,923579,924651,9553,4346,919233,129,1,917152,0,918057,0,1,0,0
160,8,1,1024,1,1,5,1,3,4,924599,924651,9553,5416,919183,129,1,917094,0,917999,0,1,0,0
160,8,1,1024,1,1,6,2,0,2,821053,924651,9553,6490,814563,129,1,812535,0,813440,0,1,0,0
160,8,1,1024,1,1,7,2,1,3,827196,924651,9553,7507,819689,129,1,812525,0,813430,0,1,0,0
161,8,2,1024,1,1,0,0,2,2,511421,924698,9555,7,511414,129,1,501044,0,501949,0,1,0,0
161,8,2,1024,1,1,1,0,3,3,512495,924698,9555,121,512374,129,1,504121,0,505026,0,1,0,0
161,8,2,1024,1,1,2,1,0,1,604315,924698,9555,1214,603101,129,1,599900,0,600805,0,1,0,0
161,8,2,1024,1,1,3,1,1,2,835420,924698,9555,2303,833117,129,1,828028,0,828933,0,1,0,0
161,8,2,1024,1,1,4,1,2,3,923626,924698,9555,4348,919278,129,1,917197,0,918102,0,1,0,0
161,8,2,1024,1,1,5,1,3,4,924646,924698,9555,5418,919228,129,1,917139,0,918044,0,1,0,0
161,8,2,1024,1,1,6,2,0,2,821097,924698,9555,6492,814605,129,1,812577,0,813482,0,1,0,0
161,8,2,1024,1,1,7,2,1,3,827245,924698,9555,7509,819736,129,1,812567,0,813472,0,1,0,0
162,8,3,1024,1,1,0,0,2,2,511394,926811,9553,7,511387,130,1,501015,0,501920,0,1,0,0
162,8,3,1024,1,1,1,0,3,3,512466,926811,9553,121,512345,130,1,504094,0,504999,0,1,0,0
162,8,3,1024,1,1,2,1,0,1,604284,926811,9553,1215,603069,130,1,599894,0,600799,0,1,0,0
162,8,3,1024,1,1,3,1,1,2,833244,926811,9553,2301,830943,130,1,827887,0,828792,0,1,0,0
162,8,3,1024,1,1,4,1,2,3,926622,926811,9553,4346,922276,130,1,919165,0,920070,0,1,0,0
162,8,3,1024,1,1,5,1,3,4,926759,926811,9553,5416,921343,130,1,919107,0,920012,0,1,0,0
162,8,3,1024,1,1,6,2,0,2,827071,926811,9553,6490,820581,130,1,814424,0,815329,0,1,0,0
162,8,3,1024,1,1,7,2,1,3,828096,926811,9553,7507,820589,130,1,814414,0,815319,0,1,0,0
163,10,1,1024,1,1,0,0,2,2,491527,1127057,12622,7,491520,139,1,486289,0,487194,0,1,0,0
163,10,1,1024,1,1,1,0,3,3,493571,1127057,12622,121,493450,139,1,489303,0,490208,0,1,0,0
163,10,1,1024,1,1,2,1,0,1,587142,1127057,12622,1214,585928,139,1,579678,0,580583,0,1,0,0
163,10,1,1024,1,1,3,1,1,2,854271,1127057,12622,2313,851958,139,1,843795,0,844700,0,1,0,0
163,10,1,1024,1,1,4,1,2,3,1019372,1127057,12622,4359,1015013,139,1,1011911,0,1012816,0,1,0,0
163,10,1,1024,1,1,5,1,3,4,1020379,1127057,12622,5429,1014950,139,1,1012861,0,1013766,0,1,0,0
163,10,1,1024,1,1,6,2,0,2,842022,1127057,12622,6503,835519,139,1,830456,0,831361,0,1,0,0
163,10,1,1024,1,1,7,2,1,3,1037752,1127057,12622,7520,1030232,139,1,1027183,0,1028088,0,1,0,0
163,10,1,1024,1,1,8,2,2,4,1124913,1127057,12622,9560,1115353,139,1,1112296,0,1113201,0,1,0,0
163,10,1,1024,1,1,9,2,3,5,1127030,1127057,12622,11605,1115425,139,1,1113415,0,1114320,0,1,0,0
164,10,2,1024,1,1,0,0,2,2,490023,1123222,12610,7,490016,138,1,480654,0,481559,0,1,0,0
164,10,2,1024,1,1,1,0,3,3,492056,1123222,12610,121,491935,138,1,483679,0,484584,0,1,0,0
164,10,2,1024,1,1,2,1,0,1,585402,1123222,12610,1214,584188,138,1,579051,0,579956,0,1,0,0
164,10,2,1024,1,1,3,1,1,2,845331,1123222,12610,2301,843030,138,1,839976,0,840881,0,1,0,0
164,10,2,1024,1,1,4,1,2,3,1016541,1123222,12610,4346,1012195,138,1,1008090,0,1008995,0,1,0,0
164,10,2,1024,1,1,5,1,3,4,1018577,1123222,12610,5416,1013161,138,1,1009041,0,1009946,0,1,0,0
164,10,2,1024,1,1,6,2,0,2,840202,1123222,12610,6490,833712,138,1,826631,0,827536,0,1,0,0
164,10,2,1024,1,1,7,2,1,3,1034940,1123222,12610,7508,1027432,138,1,1023367,0,1024272,0,1,0,0
164,10,2,1024,1,1,8,2,2,4,1122102,1123222,12610,9548,1112554,138,1,1108473,0,1109378,0,1,0,0
164,10,2,1024,1,1,9,2,3,5,1123195,1123222,12610,11593,1111602,138,1,1109592,0,1110497,0,1,0,0
165,10,3,1024,1,1,0,0,2,2,490077,1123280,12609,7,490070,138,1,480704,0,481609,0,1,0,0
165,10,3,1024,1,1,1,0,3,3,492110,1123280,12609,121,491989,138,1,483733,0,484638,0,1,0,0
165,10,3,1024,1,1,2,1,0,1,585459,1123280,12609,1214,584245,138,1,579109,0,580014,0,1,0,0
165,10,3,1024,1,1,3,1,1,2,845387,1123280,12609,2301,843086,138,1,840032,0,840937,0,1,0,0
165,10,3,1024,1,1,4,1,2,3,1016599,1123280,12609,4346,1012253,138,1,1008148,0,1009053,0,1,0,0
165,10,3,1024,1,1,5,1,3,4,1018635,1123280,12609,5416,1013219,138,1,1009099,0,1010004,0,1,0,0
165,10,3,1024,1,1,6,2,0,2,840260,1123280,12609,6490,833770,138,1,826690,0,827595,0,1,0,0
165,10,3,1024,1,1,7,2,1,3,1034993,1123280,12609,7507,1027486,138,1,1023421,0,1024326,0,1,0,0
165,10,3,1024,1,1,8,2,2,4,1122160,1123280,12609,9547,1112613,138,1,1108532,0,1109437,0,1,0,0
165,10,3,1024,1,1,9,2,3,5,1123253,1123280,12609,11592,1111661,138,1,1109651,0,1110556,0,1,0,0
166,13,1,1024,1,1,0,0,2,2,507288,1531814,15743,7,507281,143,1,493724,0,494629,0,1,0,0
166,13,1,1024,1,1,1,0,3,3,508363,1531814,15743,121,508242,143,1,496675,0,497580,0,1,0,0
166,13,1,1024,1,1,2,1,0,1,593787,1531814,15743,1214,592573,143,1,586362,0,587267,0,1,0,0
166,13,1,1024,1,1,3,1,1,2,852358,1531814,15743,2301,850057,143,1,843964,0,844869,0,1,0,0
166,13,1,1024,1,1,4,1,2,3,1029691,1531814,15743,4346,1025345,143,1,1018125,0,1019030,0,1,0,0
166,13,1,1024,1,1,5,1,3,4,1031716,1531814,15743,5416,1026300,143,1,1019062,0,1019967,0,1,0,0
166,13,1,1024,1,1,6,2,0,2,1011241,1531814,15743,6490,1004751,143,1,1002700,0,1003605,0,1,0,0
166,13,1,1024,1,1,7,2,1,3,1356705,1531814,15743,7509,1349196,143,1,1346147,0,1347052,0,1,0,0
166,13,1,1024,1,1,8,2,2,4,1530489,1531814,15743,9549,1520940,143,1,1515844,0,1516749,0,1,0,0
166,13,1,1024,1,1,9,2,3,5,1531500,1531814,15743,11595,1519905,143,1,1516870,0,1517775,0,1,0,0
166,13,1,1024,1,1,10,3,0,3,1359748,1531814,15743,12606,1347142,143,1,1343095,0,1344000,0,1,0,0
166,13,1,1024,1,1,11,3,1,4,1531647,1531814,15743,13617,1518030,143,1,1513732,0,1514637,0,1,0,0
166,13,1,1024,1,1,12,3,2,5,1531787,1531814,15743,14721,1517066,143,1,1514747,0,1515652,0,1,0,0
167,13,2,1024,1,1,0,0,2,2,487453,1519932,15737,7,487446,142,1,472887,0,473792,0,1,0,0
167,13,2,1024,1,1,1,0,3,3,489497,1519932,15737,121,489376,142,1,478979,0,479884,0,1,0,0
167,13,2,1024,1,1,2,1,0,1,588391,1519932,15737,1214,587177,142,1,575774,0,576679,0,1,0,0
167,13,2,1024,1,1,3,1,1,2,848062,1519932,15737,2301,845761,142,1,838654,0,839559,0,1,0,0
167,13,2,1024,1,1,4,1,2,3,1024193,1519932,15737,4346,1019847,142,1,1012536,0,1013441,0,1,0,0
167,13,2,1024,1,1,5,1,3,4,1025202,1519932,15737,5416,1019786,142,1,1012532,0,1013437,0,1,0,0
167,13,2,1024,1,1,6,2,0,2,1005573,1519932,15737,6490,999083,142,1,990920,0,991825,0,1,0,0
167,13,2,1024,1,1,7,2,1,3,1349034,1519932,15737,7507,1341527,142,1,1334408,0,1335313,0,1,0,0
167,13,2,1024,1,1,8,2,2,4,1517729,1519932,15737,9567,1508162,142,1,1504092,0,1504997,0,1,0,0
167,13,2,1024,1,1,9,2,3,5,1518741,1519932,15737,11611,1507130,142,1,1505097,0,1506002,0,1,0,0
167,13,2,1024,1,1,10,3,0,3,1346003,1519932,15737,12628,1333375,142,1,1331353,0,1332258,0,1,0,0
167,13,2,1024,1,1,11,3,1,4,1519743,1519932,15737,13638,1506105,142,1,1502002,0,1502907,0,1,0,0
167,13,2,1024,1,1,12,3,2,5,1519905,1519932,15737,14715,1505190,142,1,1503002,0,1503907,0,1,0,0
168,13,3,1024,1,1,0,0,2,2,490999,1525883,15739,7,490992,143,1,480602,0,481507,0,1,0,0
168,13,3,1024,1,1,1,0,3,3,492099,1525883,15739,121,491978,143,1,487762,0,488667,0,1,0,0
168,13,3,1024,1,1,2,1,0,1,591122,1525883,15739,1212,589910,143,1,581542,0,582447,0,1,0,0
168,13,3,1024,1,1,3,1,1,2,862979,1525883,15739,2299,860680,143,1,844474,0,845379,0,1,0,0
168,13,3,1024,1,1,4,1,2,3,1027896,1525883,15739,4344,1023552,143,1,1018350,0,1019255,0,1,0,0
168,13,3,1024,1,1,5,1,3,4,1028964,1525883,15739,5446,1023518,143,1,1018347,0,1019252,0,1,0,0
168,13,3,1024,1,1,6,2,0,2,1009334,1525883,15739,6520,1002814,143,1,996719,0,997624,0,1,0,0
168,13,3,1024,1,1,7,2,1,3,1352862,1525883,15739,7536,1345326,143,1,1340247,0,1341152,0,1,0,0
168,13,3,1024,1,1,8,2,2,4,1522562,1525883,15739,9576,1512986,143,1,1509929,0,1510834,0,1,0,0
168,13,3,1024,1,1,9,2,3,5,1525829,1525883,15739,11621,1514208,143,1,1510940,0,1511845,0,1,0,0
168,13,3,1024,1,1,10,3,0,3,1355893,1525883,15739,12632,1343261,143,1,1337196,0,1338101,0,1,0,0
168,13,3,1024,1,1,11,3,1,4,1524585,1525883,15739,13643,1510942,143,1,1507847,0,1508752,0,1,0,0
168,13,3,1024,1,1,12,3,2,5,1525595,1525883,15739,14717,1510878,143,1,1508847,0,1509752,0,1,0,0
169,1,1,4096,1,1,0,0,2,2,132327,132349,121,7,132320,32,1,131886,0,132119,0,1,0,0
170,1,2,4096,1,1,0,0,2,2,132333,132355,121,7,132326,32,1,131892,0,132125,0,1,0,0
171,1,3,4096,1,1,0,0,2,2,132352,132374,121,7,132345,32,1,131909,0,132142,0,1,0,0
172,2,1,4096,1,1,0,0,2,2,253794,262078,4292,7,253787,32,1,253337,0,253570,0,1,0,0
172,2,1,4096,1,1,1,0,3,3,262051,262078,4292,126,261925,32,1,257443,0,257676,0,1,0,0
173,2,2,4096,1,1,0,0,2,2,253841,262139,4295,7,253834,32,1,253383,0,253616,0,1,0,0
173,2,2,4096,1,1,1,0,3,3,262112,262139,4295,127,261985,32,1,257488,0,257721,0,1,0,0
174,2,3,4096,1,1,0,0,2,2,253799,262083,4292,7,253792,32,1,253339,0,253572,0,1,0,0
174,2,3,4096,1,1,1,0,3,3,262056,262083,4292,126,261930,32,1,257448,0,257681,0,1,0,0
175,4,1,4096,1,1,0,0,2,2,490965,523708,12546,7,490958,32,1,490498,0,490731,0,1,0,0
175,4,1,4096,1,1,1,0,3,3,507306,523708,12546,121,507185,32,1,502682,0,502915,0,1,0,0
175,4,1,4096,1,1,2,1,0,1,519591,523708,12546,4286,515305,32,1,510806,0,511039,0,1,0,0
175,4,1,4096,1,1,3,1,1,2,523681,523708,12546,8445,515236,32,1,510801,0,511034,0,1,0,0
176,4,2,4096,1,1,0,0,2,2,490985,523747,12571,7,490978,32,1,490528,0,490761,0,1,0,0
176,4,2,4096,1,1,1,0,3,3,507344,523747,12571,121,507223,32,1,502718,0,502951,0,1,0,0
176,4,2,4096,1,1,2,1,0,1,519626,523747,12571,4286,515340,32,1,510819,0,511052,0,1,0,0
176,4,2,4096,1,1,3,1,1,2,523720,523747,12571,8470,515250,32,1,510813,0,511046,0,1,0,0
177,4,3,4096,1,1,0,0,2,2,490953,523701,12546,7,490946,32,1,490496,0,490729,0,1,0,0
177,4,3,4096,1,1,1,0,3,3,507299,523701,12546,121,507178,32,1,502675,0,502908,0,1,0,0
177,4,3,4096,1,1,2,1,0,1,519581,523701,12546,4286,515295,32,1,510799,0,511032,0,1,0,0
177,4,3,4096,1,1,3,1,1,2,523674,523701,12546,8445,515229,32,1,510794,0,511027,0,1,0,0
178,6,1,4096,1,1,0,0,2,2,539949,785411,20749,7,539942,43,1,531306,0,531539,0,1,0,0
178,6,1,4096,1,1,1,0,3,3,564491,785411,20749,121,564370,43,1,543489,0,543722,0,1,0,0
178,6,1,4096,1,1,2,1,0,1,584935,785411,20749,4286,580649,43,1,567974,0,568207,0,1,0,0
178,6,1,4096,1,1,3,1,1,2,699415,785411,20749,8445,690970,43,1,682432,0,682665,0,1,0,0
178,6,1,4096,1,1,4,1,2,3,785247,785411,20749,12540,772707,43,1,764180,0,764413,0,1,0,0
178,6,1,4096,1,1,5,1,3,4,785384,785411,20749,16640,768744,43,1,764165,0,764398,0,1,0,0
179,6,2,4096,1,1,0,0,2,2,540000,785486,20749,7,539993,43,1,531347,0,531580,0,1,0,0
179,6,2,4096,1,1,1,0,3,3,564535,785486,20749,121,564414,43,1,543541,0,543774,0,1,0,0
179,6,2,4096,1,1,2,1,0,1,584979,785486,20749,4286,580693,43,1,568017,0,568250,0,1,0,0
179,6,2,4096,1,1,3,1,1,2,699472,785486,20749,8445,691027,43,1,682506,0,682739,0,1,0,0
179,6,2,4096,1,1,4,1,2,3,785322,785486,20749,12540,772782,43,1,764255,0,764488,0,1,0,0
179,6,2,4096,1,1,5,1,3,4,785459,785486,20749,16640,768819,43,1,764240,0,764473,0,1,0,0
180,6,3,4096,1,1,0,0,2,2,540027,785529,20749,7,540020,43,1,531384,0,531617,0,1,0,0
180,6,3,4096,1,1,1,0,3,3,564578,785529,20749,121,564457,43,1,543567,0,543800,0,1,0,0
180,6,3,4096,1,1,2,1,0,1,585023,785529,20749,4286,580737,43,1,568060,0,568293,0,1,0,0
180,6,3,4096,1,1,3,1,1,2,699494,785529,20749,8445,691049,43,1,682528,0,682761,0,1,0,0
180,6,3,4096,1,1,4,1,2,3,785363,785529,20749,12540,772823,43,1,764295,0,764528,0,1,0,0
180,6,3,4096,1,1,5,1,3,4,785502,785529,20749,16640,768862,43,1,764280,0,764513,0,1,0,0
181,8,1,4096,1,1,0,0,2,2,523653,1047242,28931,7,523646,46,1,510903,0,511136,0,1,0,0
181,8,1,4096,1,1,1,0,3,3,527738,1047242,28931,121,527617,46,1,523112,0,523345,0,1,0,0
181,8,1,4096,1,1,2,1,0,1,679031,1047242,28931,4286,674745,46,1,653914,0,654147,0,1,0,0
181,8,1,4096,1,1,3,1,1,2,961197,1047242,28931,8445,952752,46,1,944231,0,944464,0,1,0,0
181,8,1,4096,1,1,4,1,2,3,1047053,1047242,28931,12540,1034513,46,1,1025987,0,1026220,0,1,0,0
181,8,1,4096,1,1,5,1,3,4,1047190,1047242,28931,16640,1030550,46,1,1025969,0,1026202,0,1,0,0
181,8,1,4096,1,1,6,2,0,2,940730,1047242,28931,20746,919984,46,1,903312,0,903545,0,1,0,0
181,8,1,4096,1,1,7,2,1,3,944848,1047242,28931,24826,920022,46,1,907385,0,907618,0,1,0,0
182,8,2,4096,1,1,0,0,2,2,523705,1047276,28951,7,523698,46,1,510956,0,511189,0,1,0,0
182,8,2,4096,1,1,1,0,3,3,527786,1047276,28951,121,527665,46,1,523160,0,523393,0,1,0,0
182,8,2,4096,1,1,2,1,0,1,679073,1047276,28951,4286,674787,46,1,653931,0,654164,0,1,0,0
182,8,2,4096,1,1,3,1,1,2,961224,1047276,28951,8468,952756,46,1,944233,0,944466,0,1,0,0
182,8,2,4096,1,1,4,1,2,3,1047087,1047276,28951,12563,1034524,46,1,1025998,0,1026231,0,1,0,0
182,8,2,4096,1,1,5,1,3,4,1047224,1047276,28951,16663,1030561,46,1,1025983,0,1026216,0,1,0,0
182,8,2,4096,1,1,6,2,0,2,940775,1047276,28951,20766,920009,46,1,903338,0,903571,0,1,0,0
182,8,2,4096,1,1,7,2,1,3,944875,1047276,28951,24845,920030,46,1,907411,0,907644,0,1,0,0
183,8,3,4096,1,1,0,0,2,2,523641,1047216,28930,7,523634,46,1,510916,0,511149,0,1,0,0
183,8,3,4096,1,1,1,0,3,3,527751,1047216,28930,121,527630,46,1,523100,0,523333,0,1,0,0
183,8,3,4096,1,1,2,1,0,1,679044,1047216,28930,4286,674758,46,1,653903,0,654136,0,1,0,0
183,8,3,4096,1,1,3,1,1,2,961187,1047216,28930,8445,952742,46,1,944217,0,944450,0,1,0,0
183,8,3,4096,1,1,4,1,2,3,1047027,1047216,28930,12540,1034487,46,1,1025961,0,1026194,0,1,0,0
183,8,3,4096,1,1,5,1,3,4,1047164,1047216,28930,16640,1030524,46,1,1025946,0,1026179,0,1,0,0
183,8,3,4096,1,1,6,2,0,2,940734,1047216,28930,20743,919991,46,1,903315,0,903548,0,1,0,0
183,8,3,4096,1,1,7,2,1,3,944833,1047216,28930,24822,920011,46,1,907390,0,907623,0,1,0,0
184,10,1,4096,1,1,0,0,2,2,531800,1308205,37124,7,531793,49,1,498633,0,498866,0,1,0,0
184,10,1,4096,1,1,1,0,3,3,535918,1308205,37124,121,535797,49,1,514919,0,515152,0,1,0,0
184,10,1,4096,1,1,2,1,0,1,670837,1308205,37124,4286,666551,49,1,653868,0,654101,0,1,0,0
184,10,1,4096,1,1,3,1,1,2,1018193,1308205,37124,8445,1009748,49,1,984898,0,985131,0,1,0,0
184,10,1,4096,1,1,4,1,2,3,1185620,1308205,37124,12549,1173071,49,1,1156386,0,1156619,0,1,0,0
184,10,1,4096,1,1,5,1,3,4,1189709,1308205,37124,16649,1173060,49,1,1160441,0,1160674,0,1,0,0
184,10,1,4096,1,1,6,2,0,2,1001874,1308205,37124,20752,981122,49,1,968527,0,968760,0,1,0,0
184,10,1,4096,1,1,7,2,1,3,1218305,1308205,37124,24831,1193474,49,1,1189033,0,1189266,0,1,0,0
184,10,1,4096,1,1,8,2,2,4,1304086,1308205,37124,28934,1275152,49,1,1270726,0,1270959,0,1,0,0
184,10,1,4096,1,1,9,2,3,5,1308178,1308205,37124,33020,1275158,49,1,1270717,0,1270950,0,1,0,0
185,10,2,4096,1,1,0,0,2,2,531812,1308141,37117,7,531805,49,1,498605,0,498838,0,1,0,0
185,10,2,4096,1,1,1,0,3,3,535919,1308141,37117,121,535798,49,1,514906,0,515139,0,1,0,0
185,10,2,4096,1,1,2,1,0,1,670840,1308141,37117,4287,666553,49,1,653870,0,654103,0,1,0,0
185,10,2,4096,1,1,3,1,1,2,1018171,1308141,37117,8447,1009724,49,1,984872,0,985105,0,1,0,0
185,10,2,4096,1,1,4,1,2,3,1185592,1308141,37117,12542,1173050,49,1,1156364,0,1156597,0,1,0,0
185,10,2,4096,1,1,5,1,3,4,1189681,1308141,37117,16642,1173039,49,1,1160419,0,1160652,0,1,0,0
185,10,2,4096,1,1,6,2,0,2,1001843,1308141,37117,20745,981098,49,1,968501,0,968734,0,1,0,0
185,10,2,4096,1,1,7,2,1,3,1218262,1308141,37117,24824,1193438,49,1,1188991,0,1189224,0,1,0,0
185,10,2,4096,1,1,8,2,2,4,1304022,1308141,37117,28932,1275090,49,1,1270666,0,1270899,0,1,0,0
185,10,2,4096,1,1,9,2,3,5,1308114,1308141,37117,33016,1275098,49,1,1270660,0,1270893,0,1,0,0
186,10,3,4096,1,1,0,0,2,2,531806,1308128,37112,7,531799,49,1,498631,0,498864,0,1,0,0
186,10,3,4096,1,1,1,0,3,3,535910,1308128,37112,121,535789,49,1,514889,0,515122,0,1,0,0
186,10,3,4096,1,1,2,1,0,1,670854,1308128,37112,4306,666548,49,1,653872,0,654105,0,1,0,0
186,10,3,4096,1,1,3,1,1,2,1018157,1308128,37112,8445,1009712,49,1,984860,0,985093,0,1,0,0
186,10,3,4096,1,1,4,1,2,3,1185559,1308128,37112,12540,1173019,49,1,1156334,0,1156567,0,1,0,0
186,10,3,4096,1,1,5,1,3,4,1189648,1308128,37112,16640,1173008,49,1,1160383,0,1160616,0,1,0,0
186,10,3,4096,1,1,6,2,0,2,1001827,1308128,37112,20749,981078,49,1,968484,0,968717,0,1,0,0
186,10,3,4096,1,1,7,2,1,3,1218229,1308128,37112,24827,1193402,49,1,1188964,0,1189197,0,1,0,0
186,10,3,4096,1,1,8,2,2,4,1304005,1308128,37112,28927,1275078,49,1,1270654,0,1270887,0,1,0,0
186,10,3,4096,1,1,9,2,3,5,1308101,1308128,37112,33011,1275090,49,1,1270648,0,1270881,0,1,0,0
187,13,1,4096,1,1,0,0,2,2,531845,1700539,49394,7,531838,49,1,523202,0,523435,0,1,0,0
187,13,1,4096,1,1,1,0,3,3,584960,1700539,49394,124,584836,49,1,535385,0,535618,0,1,0,0
187,13,1,4096,1,1,2,1,0,1,678980,1700539,49394,4287,674693,49,1,662027,0,662260,0,1,0,0
187,13,1,4096,1,1,3,1,1,2,1009947,1700539,49394,8447,1001500,49,1,976663,0,976896,0,1,0,0
187,13,1,4096,1,1,4,1,2,3,1197830,1700539,49394,12542,1185288,49,1,1148181,0,1148414,0,1,0,0
187,13,1,4096,1,1,5,1,3,4,1201914,1700539,49394,16640,1185274,49,1,1152245,0,1152478,0,1,0,0
187,13,1,4096,1,1,6,2,0,2,1169248,1700539,49394,20743,1148505,49,1,1144087,0,1144320,0,1,0,0
187,13,1,4096,1,1,7,2,1,3,1524664,1700539,49394,24822,1499842,49,1,1487229,0,1487462,0,1,0,0
187,13,1,4096,1,1,8,2,2,4,1696142,1700539,49394,28925,1667217,49,1,1654624,0,1654857,0,1,0,0
187,13,1,4096,1,1,9,2,3,5,1700225,1700539,49394,33011,1667214,49,1,1658695,0,1658928,0,1,0,0
187,13,1,4096,1,1,10,3,0,3,1536912,1700539,49394,37106,1499806,49,1,1479041,0,1479274,0,1,0,0
187,13,1,4096,1,1,11,3,1,4,1700372,1700539,49394,41201,1659171,49,1,1646433,0,1646666,0,1,0,0
187,13,1,4096,1,1,12,3,2,5,1700512,1700539,49394,45288,1655224,49,1,1650493,0,1650726,0,1,0,0
188,13,2,4096,1,1,0,0,2,2,531838,1700575,49417,7,531831,49,1,523198,0,523431,0,1,0,0
188,13,2,4096,1,1,1,0,3,3,584985,1700575,49417,121,584864,49,1,535372,0,535605,0,1,0,0
188,13,2,4096,1,1,2,1,0,1,679007,1700575,49417,4293,674714,49,1,662049,0,662282,0,1,0,0
188,13,2,4096,1,1,3,1,1,2,1009934,1700575,49417,8452,1001482,49,1,976644,0,976877,0,1,0,0
188,13,2,4096,1,1,4,1,2,3,1197859,1700575,49417,12547,1185312,49,1,1148192,0,1148425,0,1,0,0
188,13,2,4096,1,1,5,1,3,4,1201943,1700575,49417,16647,1185296,49,1,1152245,0,1152478,0,1,0,0
188,13,2,4096,1,1,6,2,0,2,1169266,1700575,49417,20761,1148505,49,1,1144087,0,1144320,0,1,0,0
188,13,2,4096,1,1,7,2,1,3,1524702,1700575,49417,24840,1499862,49,1,1487252,0,1487485,0,1,0,0
188,13,2,4096,1,1,8,2,2,4,1696180,1700575,49417,28940,1667240,49,1,1654649,0,1654882,0,1,0,0
188,13,2,4096,1,1,9,2,3,5,1700262,1700575,49417,33024,1667238,49,1,1658720,0,1658953,0,1,0,0
188,13,2,4096,1,1,10,3,0,3,1536950,1700575,49417,37119,1499831,49,1,1479063,0,1479296,0,1,0,0
188,13,2,4096,1,1,11,3,1,4,1700409,1700575,49417,41217,1659192,49,1,1646447,0,1646680,0,1,0,0
188,13,2,4096,1,1,12,3,2,5,1700548,1700575,49417,45312,1655236,49,1,1650507,0,1650740,0,1,0,0
189,13,3,4096,1,1,0,0,2,2,531790,1700479,49393,7,531783,49,1,523139,0,523372,0,1,0,0
189,13,3,4096,1,1,1,0,3,3,584907,1700479,49393,121,584786,49,1,535330,0,535563,0,1,0,0
189,13,3,4096,1,1,2,1,0,1,678925,1700479,49393,4286,674639,49,1,661974,0,662207,0,1,0,0
189,13,3,4096,1,1,3,1,1,2,1009898,1700479,49393,8445,1001453,49,1,976615,0,976848,0,1,0,0
189,13,3,4096,1,1,4,1,2,3,1197797,1700479,49393,12540,1185257,49,1,1148151,0,1148384,0,1,0,0
189,13,3,4096,1,1,5,1,3,4,1201891,1700479,49393,16640,1185251,49,1,1152215,0,1152448,0,1,0,0
189,13,3,4096,1,1,6,2,0,2,1169218,1700479,49393,20743,1148475,49,1,1144057,0,1144290,0,1,0,0
189,13,3,4096,1,1,7,2,1,3,1524608,1700479,49393,24822,1499786,49,1,1487173,0,1487406,0,1,0,0
189,13,3,4096,1,1,8,2,2,4,1696084,1700479,49393,28925,1667159,49,1,1654568,0,1654801,0,1,0,0
189,13,3,4096,1,1,9,2,3,5,1700166,1700479,49393,33009,1667157,49,1,1658637,0,1658870,0,1,0,0
189,13,3,4096,1,1,10,3,0,3,1536859,1700479,49393,37105,1499754,49,1,1478986,0,1479219,0,1,0,0
189,13,3,4096,1,1,11,3,1,4,1700313,1700479,49393,41200,1659113,49,1,1646376,0,1646609,0,1,0,0
189,13,3,4096,1,1,12,3,2,5,1700452,1700479,49393,45287,1655165,49,1,1650436,0,1650669,0,1,0,0
190,1,1,16384,1,1,0,0,2,2,131539,131561,121,7,131532,8,1,131266,0,131331,0,1,0,0
191,1,2,16384,1,1,0,0,2,2,131539,131561,121,7,131532,8,1,131266,0,131331,0,1,0,0
192,1,3,16384,1,1,0,0,2,2,131537,131559,121,7,131530,8,1,131264,0,131329,0,1,0,0
193,2,1,16384,1,1,0,0,2,2,229585,262445,16580,7,229578,8,1,229296,0,229361,0,1,0,0
193,2,1,16384,1,1,1,0,3,3,262418,262445,16580,126,262292,8,1,245690,0,245755,0,1,0,0
194,2,2,16384,1,1,0,0,2,2,229567,262427,16580,7,229560,8,1,229278,0,229343,0,1,0,0
194,2,2,16384,1,1,1,0,3,3,262400,262427,16580,126,262274,8,1,245672,0,245737,0,1,0,0
195,2,3,16384,1,1,0,0,2,2,229570,262430,16582,7,229563,8,1,229281,0,229346,0,1,0,0
195,2,3,16384,1,1,1,0,3,3,262403,262430,16582,126,262277,8,1,245674,0,245739,0,1,0,0
196,4,1,16384,1,1,0,0,2,2,393337,524390,49410,7,393330,8,1,393048,0,393113,0,1,0,0
196,4,1,16384,1,1,1,0,3,3,458836,524390,49410,121,458715,8,1,442091,0,442156,0,1,0,0
196,4,1,16384,1,1,2,1,0,1,507983,524390,49410,16574,491409,8,1,474792,0,474857,0,1,0,0
196,4,1,16384,1,1,3,1,1,2,524363,524390,49410,33021,491342,8,1,474787,0,474852,0,1,0,0
197,4,2,16384,1,1,0,0,2,2,393378,524434,49432,7,393371,8,1,393089,0,393154,0,1,0,0
197,4,2,16384,1,1,1,0,3,3,458874,524434,49432,121,458753,8,1,442130,0,442195,0,1,0,0
197,4,2,16384,1,1,2,1,0,1,508034,524434,49432,16575,491459,8,1,474831,0,474896,0,1,0,0
197,4,2,16384,1,1,3,1,1,2,524407,524434,49432,33021,491386,8,1,474809,0,474874,0,1,0,0
198,4,3,16384,1,1,0,0,2,2,393339,524399,49410,7,393332,8,1,393050,0,393115,0,1,0,0
198,4,3,16384,1,1,1,0,3,3,458844,524399,49410,121,458723,8,1,442097,0,442162,0,1,0,0
198,4,3,16384,1,1,2,1,0,1,507993,524399,49410,16574,491419,8,1,474802,0,474867,0,1,0,0
198,4,3,16384,1,1,3,1,1,2,524372,524399,49410,33021,491351,8,1,474797,0,474862,0,1,0,0
199,6,1,16384,1,1,0,0,2,2,393349,786431,82189,7,393342,10,1,393060,0,393125,0,1,0,0
199,6,1,16384,1,1,1,0,3,3,491619,786431,82189,121,491498,10,1,442121,0,442186,0,1,0,0
199,6,1,16384,1,1,2,1,0,1,573516,786431,82189,16574,556942,10,1,540326,0,540391,0,1,0,0
199,6,1,16384,1,1,3,1,1,2,688145,786431,82189,33021,655124,10,1,638573,0,638638,0,1,0,0
199,6,1,16384,1,1,4,1,2,3,770023,786431,82189,49404,720619,10,1,704061,0,704126,0,1,0,0
199,6,1,16384,1,1,5,1,3,4,786404,786431,82189,65792,720612,10,1,704046,0,704111,0,1,0,0
200,6,2,16384,1,1,0,0,2,2,393350,786443,82207,7,393343,10,1,393060,0,393125,0,1,0,0
200,6,2,16384,1,1,1,0,3,3,491613,786443,82207,122,491491,10,1,442102,0,442167,0,1,0,0
200,6,2,16384,1,1,2,1,0,1,573533,786443,82207,16575,556958,10,1,540341,0,540406,0,1,0,0
200,6,2,16384,1,1,3,1,1,2,688161,786443,82207,33023,655138,10,1,638587,0,638652,0,1,0,0
200,6,2,16384,1,1,4,1,2,3,770034,786443,82207,49406,720628,10,1,704055,0,704120,0,1,0,0
200,6,2,16384,1,1,5,1,3,4,786416,786443,82207,65810,720606,10,1,704040,0,704105,0,1,0,0
201,6,3,16384,1,1,0,0,2,2,393321,786396,82189,7,393314,10,1,393032,0,393097,0,1,0,0
201,6,3,16384,1,1,1,0,3,3,491571,786396,82189,121,491450,10,1,442074,0,442139,0,1,0,0
201,6,3,16384,1,1,2,1,0,1,573468,786396,82189,16574,556894,10,1,540278,0,540343,0,1,0,0
201,6,3,16384,1,1,3,1,1,2,688099,786396,82189,33021,655078,10,1,638526,0,638591,0,1,0,0
201,6,3,16384,1,1,4,1,2,3,769987,786396,82189,49404,720583,10,1,704026,0,704091,0,1,0,0
201,6,3,16384,1,1,5,1,3,4,786369,786396,82189,65792,720577,10,1,704011,0,704076,0,1,0,0
202,8,1,16384,1,1,0,0,2,2,393364,1048436,114944,7,393357,10,1,393075,0,393140,0,1,0,0
202,8,1,16384,1,1,1,0,3,3,524362,1048436,114944,121,524241,10,1,442108,0,442173,0,1,0,0
202,8,1,16384,1,1,2,1,0,1,639001,1048436,114944,16576,622425,10,1,589433,0,589498,0,1,0,0
202,8,1,16384,1,1,3,1,1,2,982874,1048436,114944,33021,949853,10,1,884182,0,884247,0,1,0,0
202,8,1,16384,1,1,4,1,2,3,1032003,1048436,114944,49404,982599,10,1,966041,0,966106,0,1,0,0
202,8,1,16384,1,1,5,1,3,4,1048384,1048436,114944,65792,982592,10,1,966026,0,966091,0,1,0,0
202,8,1,16384,1,1,6,2,0,2,950129,1048436,114944,82183,867946,10,1,818658,0,818723,0,1,0,0
202,8,1,16384,1,1,7,2,1,3,966502,1048436,114944,98550,867952,10,1,835020,0,835085,0,1,0,0
203,8,2,16384,1,1,0,0,2,2,393354,1048460,114945,7,393347,10,1,393065,0,393130,0,1,0,0
203,8,2,16384,1,1,1,0,3,3,524384,1048460,114945,121,524263,10,1,442098,0,442163,0,1,0,0
203,8,2,16384,1,1,2,1,0,1,639023,1048460,114945,16574,622449,10,1,589451,0,589516,0,1,0,0
203,8,2,16384,1,1,3,1,1,2,982897,1048460,114945,33021,949876,10,1,884205,0,884270,0,1,0,0
203,8,2,16384,1,1,4,1,2,3,1032026,1048460,114945,49404,982622,10,1,966064,0,966129,0,1,0,0
203,8,2,16384,1,1,5,1,3,4,1048408,1048460,114945,65793,982615,10,1,966049,0,966114,0,1,0,0
203,8,2,16384,1,1,6,2,0,2,950152,1048460,114945,82184,867968,10,1,818680,0,818745,0,1,0,0
203,8,2,16384,1,1,7,2,1,3,966525,1048460,114945,98551,867974,10,1,835042,0,835107,0,1,0,0
204,8,3,16384,1,1,0,0,2,2,393397,1048503,114956,7,393390,10,1,393108,0,393173,0,1,0,0
204,8,3,16384,1,1,1,0,3,3,524412,1048503,114956,121,524291,10,1,442144,0,442209,0,1,0,0
204,8,3,16384,1,1,2,1,0,1,639049,1048503,114956,16572,622477,10,1,589482,0,589547,0,1,0,0
204,8,3,16384,1,1,3,1,1,2,982940,1048503,114956,33021,949919,10,1,884232,0,884297,0,1,0,0
204,8,3,16384,1,1,4,1,2,3,1032069,1048503,114956,49416,982653,10,1,966096,0,966161,0,1,0,0
204,8,3,16384,1,1,5,1,3,4,1048451,1048503,114956,65804,982647,10,1,966081,0,966146,0,1,0,0
204,8,3,16384,1,1,6,2,0,2,950191,1048503,114956,82195,867996,10,1,818708,0,818773,0,1,0,0
204,8,3,16384,1,1,7,2,1,3,966568,1048503,114956,98562,868006,10,1,835070,0,835135,0,1,0,0
205,10,1,16384,1,1,0,0,2,2,491637,1310362,147701,7,491630,11,1,393088,0,393153,0,1,0,0
205,10,1,16384,1,1,1,0,3,3,508025,1310362,147701,121,507904,11,1,442139,0,442204,0,1,0,0
205,10,1,16384,1,1,2,1,0,1,655394,1310362,147701,16575,638819,11,1,589455,0,589520,0,1,0,0
205,10,1,16384,1,1,3,1,1,2,1015599,1310362,147701,33021,982578,11,1,900548,0,900613,0,1,0,0
205,10,1,16384,1,1,4,1,2,3,1130205,1310362,147701,49404,1080801,11,1,1047880,0,1047945,0,1,0,0
205,10,1,16384,1,1,5,1,3,4,1146578,1310362,147701,65792,1080786,11,1,1064220,0,1064285,0,1,0,0
205,10,1,16384,1,1,6,2,0,2,1064725,1310362,147701,82183,982542,11,1,933253,0,933318,0,1,0,0
205,10,1,16384,1,1,7,2,1,3,1212068,1310362,147701,98550,1113518,11,1,1096960,0,1097025,0,1,0,0
205,10,1,16384,1,1,8,2,2,4,1293930,1310362,147701,114938,1178992,11,1,1162448,0,1162513,0,1,0,0
205,10,1,16384,1,1,9,2,3,5,1310335,1310362,147701,131310,1179025,11,1,1162440,0,1162505,0,1,0,0
206,10,2,16384,1,1,0,0,2,2,491643,1310364,147702,7,491636,11,1,393092,0,393157,0,1,0,0
206,10,2,16384,1,1,1,0,3,3,508032,1310364,147702,121,507911,11,1,442124,0,442189,0,1,0,0
206,10,2,16384,1,1,2,1,0,1,655417,1310364,147702,16574,638843,11,1,589475,0,589540,0,1,0,0
206,10,2,16384,1,1,3,1,1,2,1015630,1310364,147702,33023,982607,11,1,900581,0,900646,0,1,0,0
206,10,2,16384,1,1,4,1,2,3,1130230,1310364,147702,49406,1080824,11,1,1047903,0,1047968,0,1,0,0
206,10,2,16384,1,1,5,1,3,4,1146603,1310364,147702,65794,1080809,11,1,1064243,0,1064308,0,1,0,0
206,10,2,16384,1,1,6,2,0,2,1064748,1310364,147702,82185,982563,11,1,933284,0,933349,0,1,0,0
206,10,2,16384,1,1,7,2,1,3,1212092,1310364,147702,98552,1113540,11,1,1096980,0,1097045,0,1,0,0
206,10,2,16384,1,1,8,2,2,4,1293955,1310364,147702,114942,1179013,11,1,1162469,0,1162534,0,1,0,0
206,10,2,16384,1,1,9,2,3,5,1310337,1310364,147702,131314,1179023,11,1,1162464,0,1162529,0,1,0,0
207,10,3,16384,1,1,0,0,2,2,491641,1310366,147701,7,491634,11,1,393087,0,393152,0,1,0,0
207,10,3,16384,1,1,1,0,3,3,508029,1310366,147701,124,507905,11,1,442119,0,442184,0,1,0,0
207,10,3,16384,1,1,2,1,0,1,655414,1310366,147701,16577,638837,11,1,589471,0,589536,0,1,0,0
207,10,3,16384,1,1,3,1,1,2,1015629,1310366,147701,33024,982605,11,1,900578,0,900643,0,1,0,0
207,10,3,16384,1,1,4,1,2,3,1130226,1310366,147701,49407,1080819,11,1,1047898,0,1047963,0,1,0,0
207,10,3,16384,1,1,5,1,3,4,1146599,1310366,147701,65795,1080804,11,1,1064238,0,1064303,0,1,0,0
207,10,3,16384,1,1,6,2,0,2,1064746,1310366,147701,82186,982560,11,1,933282,0,933347,0,1,0,0
207,10,3,16384,1,1,7,2,1,3,1212093,1310366,147701,98553,1113540,11,1,1096982,0,1097047,0,1,0,0
207,10,3,16384,1,1,8,2,2,4,1293957,1310366,147701,114941,1179016,11,1,1162472,0,1162537,0,1,0,0
207,10,3,16384,1,1,9,2,3,5,1310339,1310366,147701,131313,1179026,11,1,1162467,0,1162532,0,1,0,0
208,13,1,16384,1,1,0,0,2,2,426177,1703533,196861,7,426170,11,1,393134,0,393199,0,1,0,0
208,13,1,16384,1,1,1,0,3,3,639068,1703533,196861,121,638947,11,1,442172,0,442237,0,1,0,0
208,13,1,16384,1,1,2,1,0,1,655452,1703533,196861,16572,638880,11,1,589500,0,589565,0,1,0,0
208,13,1,16384,1,1,3,1,1,2,999307,1703533,196861,33019,966288,11,1,900611,0,900676,0,1,0,0
208,13,1,16384,1,1,4,1,2,3,1163038,1703533,196861,49402,1113636,11,1,1047959,0,1048024,0,1,0,0
208,13,1,16384,1,1,5,1,3,4,1179420,1703533,196861,65792,1113628,11,1,1064308,0,1064373,0,1,0,0
208,13,1,16384,1,1,6,2,0,2,1195795,1703533,196861,82183,1113612,11,1,1064318,0,1064383,0,1,0,0
208,13,1,16384,1,1,7,2,1,3,1506912,1703533,196861,98550,1408362,11,1,1375427,0,1375492,0,1,0,0
208,13,1,16384,1,1,8,2,2,4,1670632,1703533,196861,114938,1555694,11,1,1522759,0,1522824,0,1,0,0
208,13,1,16384,1,1,9,2,3,5,1687005,1703533,196861,131312,1555693,11,1,1539133,0,1539198,0,1,0,0
208,13,1,16384,1,1,10,3,0,3,1556029,1703533,196861,147695,1408334,11,1,1342663,0,1342728,0,1,0,0
208,13,1,16384,1,1,11,3,1,4,1703366,1703533,196861,164078,1539288,11,1,1489992,0,1490057,0,1,0,0
208,13,1,16384,1,1,12,3,2,5,1703506,1703533,196861,180468,1523038,11,1,1506340,0,1506405,0,1,0,0
209,13,2,16384,1,1,0,0,2,2,426146,1703500,196856,7,426139,11,1,393103,0,393168,0,1,0,0
209,13,2,16384,1,1,1,0,3,3,639053,1703500,196856,121,638932,11,1,442138,0,442203,0,1,0,0
209,13,2,16384,1,1,2,1,0,1,655440,1703500,196856,16574,638866,11,1,589456,0,589521,0,1,0,0
209,13,2,16384,1,1,3,1,1,2,999288,1703500,196856,33021,966267,11,1,900589,0,900654,0,1,0,0
209,13,2,16384,1,1,4,1,2,3,1163015,1703500,196856,49404,1113611,11,1,1047936,0,1048001,0,1,0,0
209,13,2,16384,1,1,5,1,3,4,1179394,1703500,196856,65792,1113602,11,1,1064284,0,1064349,0,1,0,0
209,13,2,16384,1,1,6,2,0,2,1195769,1703500,196856,82183,1113586,11,1,1064294,0,1064359,0,1,0,0
209,13,2,16384,1,1,7,2,1,3,1506871,1703500,196856,98550,1408321,11,1,1375383,0,1375448,0,1,0,0
209,13,2,16384,1,1,8,2,2,4,1670600,1703500,196856,114940,1555660,11,1,1522742,0,1522807,0,1,0,0
209,13,2,16384,1,1,9,2,3,5,1686971,1703500,196856,131312,1555659,11,1,1539101,0,1539166,0,1,0,0
209,13,2,16384,1,1,10,3,0,3,1555985,1703500,196856,147695,1408290,11,1,1342622,0,1342687,0,1,0,0
209,13,2,16384,1,1,11,3,1,4,1703334,1703500,196856,164078,1539256,11,1,1489973,0,1490038,0,1,0,0
209,13,2,16384,1,1,12,3,2,5,1703473,1703500,196856,180455,1523018,11,1,1506314,0,1506379,0,1,0,0
210,13,3,16384,1,1,0,0,2,2,426147,1703486,196855,7,426140,11,1,393102,0,393167,0,1,0,0
210,13,3,16384,1,1,1,0,3,3,639046,1703486,196855,121,638925,11,1,442139,0,442204,0,1,0,0
210,13,3,16384,1,1,2,1,0,1,655431,1703486,196855,16574,638857,11,1,589475,0,589540,0,1,0,0
210,13,3,16384,1,1,3,1,1,2,999290,1703486,196855,33021,966269,11,1,900592,0,900657,0,1,0,0
210,13,3,16384,1,1,4,1,2,3,1163014,1703486,196855,49404,1113610,11,1,1047936,0,1048001,0,1,0,0
210,13,3,16384,1,1,5,1,3,4,1179394,1703486,196855,65792,1113602,11,1,1064284,0,1064349,0,1,0,0
210,13,3,16384,1,1,6,2,0,2,1195792,1703486,196855,82183,1113609,11,1,1064294,0,1064359,0,1,0,0
210,13,3,16384,1,1,7,2,1,3,1506882,1703486,196855,98550,1408332,11,1,1375398,0,1375463,0,1,0,0
210,13,3,16384,1,1,8,2,2,4,1670586,1703486,196855,114938,1555648,11,1,1522730,0,1522795,0,1,0,0
210,13,3,16384,1,1,9,2,3,5,1686957,1703486,196855,131310,1555647,11,1,1539090,0,1539155,0,1,0,0
210,13,3,16384,1,1,10,3,0,3,1555997,1703486,196855,147692,1408305,11,1,1342637,0,1342702,0,1,0,0
210,13,3,16384,1,1,11,3,1,4,1703320,1703486,196855,164075,1539245,11,1,1489953,0,1490018,0,1,0,0
210,13,3,16384,1,1,12,3,2,5,1703459,1703486,196855,180461,1522998,11,1,1506301,0,1506366,0,1,0,0
211,1,1,8,1,0,0,0,2,2,453746,453768,121,7,453739,3352,1,371606,0,453535,0,1,0,0
212,1,2,8,1,0,0,0,2,2,453776,453798,121,7,453769,3352,1,371589,0,453518,0,1,0,0
213,1,3,8,1,0,0,0,2,2,453760,453782,121,7,453753,3352,1,371620,0,453549,0,1,0,0
214,2,1,8,1,0,0,0,2,2,499145,499317,243,7,499138,1639,1,416921,0,498850,0,1,0,0
214,2,1,8,1,0,1,0,3,3,499290,499317,243,126,499164,1639,1,416953,0,498882,0,1,0,0
215,2,2,8,1,0,0,0,2,2,498882,499054,243,7,498875,1640,1,416713,0,498642,0,1,0,0
215,2,2,8,1,0,1,0,3,3,499027,499054,243,126,498901,1640,1,416746,0,498675,0,1,0,0
216,2,3,8,1,0,0,0,2,2,498913,499085,250,7,498906,1640,1,416682,0,498611,0,1,0,0
216,2,3,8,1,0,1,0,3,3,499058,499085,250,133,498925,1640,1,416714,0,498643,0,1,0,0
217,4,1,8,1,0,0,0,2,2,515699,516165,482,7,515692,977,1,433381,0,515310,0,1,0,0
217,4,1,8,1,0,1,0,3,3,515859,516165,482,121,515738,977,1,433430,0,515359,0,1,0,0
217,4,1,8,1,0,2,1,0,1,515997,516165,482,236,515761,977,1,433404,0,515333,0,1,0,0
217,4,1,8,1,0,3,1,1,2,516138,516165,482,347,515791,977,1,433389,0,515318,0,1,0,0
218,4,2,8,1,0,0,0,2,2,518313,518762,466,7,518306,982,1,435809,0,517738,0,1,0,0
218,4,2,8,1,0,1,0,3,3,518455,518762,466,121,518334,982,1,435880,0,517809,0,1,0,0
218,4,2,8,1,0,2,1,0,1,518598,518762,466,232,518366,982,1,435870,0,517799,0,1,0,0
218,4,2,8,1,0,3,1,1,2,518735,518762,466,349,518386,982,1,435860,0,517789,0,1,0,0
219,4,3,8,1,0,0,0,2,2,515659,516122,478,7,515652,977,1,433341,0,515270,0,1,0,0
219,4,3,8,1,0,1,0,3,3,515819,516122,478,121,515698,977,1,433395,0,515324,0,1,0,0
219,4,3,8,1,0,2,1,0,1,515957,516122,478,232,515725,977,1,433368,0,515297,0,1,0,0
219,4,3,8,1,0,3,1,1,2,516095,516122,478,343,515752,977,1,433353,0,515282,0,1,0,0
220,6,1,8,1,0,0,0,2,2,645417,646169,737,7,645410,758,1,563044,0,644973,0,1,0,0
220,6,1,8,1,0,1,0,3,3,645576,646169,737,121,645455,758,1,563116,0,645045,0,1,0,0
220,6,1,8,1,0,2,1,0,1,645726,646169,737,232,645494,758,1,563071,0,645000,0,1,0,0
220,6,1,8,1,0,3,1,1,2,645866,646169,737,343,645523,758,1,563100,0,645029,0,1,0,0
220,6,1,8,1,0,4,1,2,3,646003,646169,737,472,645531,758,1,563075,0,645004,0,1,0,0
220,6,1,8,1,0,5,1,3,4,646142,646169,737,601,645541,758,1,563043,0,644972,0,1,0,0
221,6,2,8,1,0,0,0,2,2,645242,646010,732,7,645235,758,1,563037,0,644966,0,1,0,0
221,6,2,8,1,0,1,0,3,3,645396,646010,732,123,645273,758,1,563115,0,645044,0,1,0,0
221,6,2,8,1,0,2,1,0,1,645547,646010,732,234,645313,758,1,563095,0,645024,0,1,0,0
221,6,2,8,1,0,3,1,1,2,645703,646010,732,345,645358,758,1,563122,0,645051,0,1,0,0
221,6,2,8,1,0,4,1,2,3,645844,646010,732,474,645370,758,1,563068,0,644997,0,1,0,0
221,6,2,8,1,0,5,1,3,4,645983,646010,732,604,645379,758,1,563045,0,644974,0,1,0,0
222,6,3,8,1,0,0,0,2,2,643660,644383,762,7,643653,758,1,560991,0,642920,0,1,0,0
222,6,3,8,1,0,1,0,3,3,643806,644383,762,121,643685,758,1,561069,0,642998,0,1,0,0
222,6,3,8,1,0,2,1,0,1,643943,644383,762,257,643686,758,1,561068,0,642997,0,1,0,0
222,6,3,8,1,0,3,1,1,2,644080,644383,762,368,643712,758,1,561077,0,643006,0,1,0,0
222,6,3,8,1,0,4,1,2,3,644217,644383,762,497,643720,758,1,561079,0,643008,0,1,0,0
222,6,3,8,1,0,5,1,3,4,644356,644383,762,626,643730,758,1,561022,0,642951,0,1,0,0
223,8,1,8,1,0,0,0,2,2,860108,861193,983,7,860101,764,1,777826,0,859755,0,1,0,0
223,8,1,8,1,0,1,0,3,3,860268,861193,983,121,860147,764,1,777968,0,859897,0,1,0,0
223,8,1,8,1,0,2,1,0,1,860428,861193,983,232,860196,764,1,777989,0,859918,0,1,0,0
223,8,1,8,1,0,3,1,1,2,860585,861193,983,343,860242,764,1,778044,0,859973,0,1,0,0
223,8,1,8,1,0,4,1,2,3,860736,861193,983,472,860264,764,1,778034,0,859963,0,1,0,0
223,8,1,8,1,0,5,1,3,4,860889,861193,983,605,860284,764,1,778013,0,859942,0,1,0,0
223,8,1,8,1,0,6,2,0,2,861028,861193,983,734,860294,764,1,777973,0,859902,0,1,0,0
223,8,1,8,1,0,7,2,1,3,861166,861193,983,866,860300,764,1,777923,0,859852,0,1,0,0
224,8,2,8,1,0,0,0,2,2,861763,862799,975,7,861756,766,1,779167,0,861096,0,1,0,0
224,8,2,8,1,0,1,0,3,3,861930,862799,975,124,861806,766,1,779331,0,861260,0,1,0,0
224,8,2,8,1,0,2,1,0,1,862079,862799,975,235,861844,766,1,779319,0,861248,0,1,0,0
224,8,2,8,1,0,3,1,1,2,862219,862799,975,346,861873,766,1,779359,0,861288,0,1,0,0
224,8,2,8,1,0,4,1,2,3,862356,862799,975,475,861881,766,1,779368,0,861297,0,1,0,0
224,8,2,8,1,0,5,1,3,4,862495,862799,975,605,861890,766,1,779325,0,861254,0,1,0,0
224,8,2,8,1,0,6,2,0,2,862634,862799,975,726,861908,766,1,779270,0,861199,0,1,0,0
224,8,2,8,1,0,7,2,1,3,862772,862799,975,858,861914,766,1,779232,0,861161,0,1,0,0
225,8,3,8,1,0,0,0,2,2,862104,863111,980,7,862097,756,1,779032,0,860961,0,1,0,0
225,8,3,8,1,0,1,0,3,3,862252,863111,980,121,862131,756,1,779197,0,861126,0,1,0,0
225,8,3,8,1,0,2,1,0,1,862390,863111,980,232,862158,756,1,779191,0,861120,0,1,0,0
225,8,3,8,1,0,3,1,1,2,862528,863111,980,343,862185,756,1,779235,0,861164,0,1,0,0
225,8,3,8,1,0,4,1,2,3,862665,863111,980,472,862193,756,1,779227,0,861156,0,1,0,0
225,8,3,8,1,0,5,1,3,4,862807,863111,980,601,862206,756,1,779215,0,861144,0,1,0,0
225,8,3,8,1,0,6,2,0,2,862946,863111,980,731,862215,756,1,779158,0,861087,0,1,0,0
225,8,3,8,1,0,7,2,1,3,863084,863111,980,863,862221,756,1,779096,0,861025,0,1,0,0
226,10,1,8,1,0,0,0,2,2,1074580,1075946,1213,7,1074573,761,1,992095,0,1074024,0,1,0,0
226,10,1,8,1,0,1,0,3,3,1074738,1075946,1213,121,1074617,761,1,992287,0,1074216,0,1,0,0
226,10,1,8,1,0,2,1,0,1,1074893,1075946,1213,257,1074636,761,1,992324,0,1074253,0,1,0,0
226,10,1,8,1,0,3,1,1,2,1075051,1075946,1213,368,1074683,761,1,992471,0,1074400,0,1,0,0
226,10,1,8,1,0,4,1,2,3,1075194,1075946,1213,497,1074697,761,1,992475,0,1074404,0,1,0,0
226,10,1,8,1,0,5,1,3,4,1075345,1075946,1213,626,1074719,761,1,992488,0,1074417,0,1,0,0
226,10,1,8,1,0,6,2,0,2,1075503,1075946,1213,756,1074747,761,1,992433,0,1074362,0,1,0,0
226,10,1,8,1,0,7,2,1,3,1075640,1075946,1213,871,1074769,761,1,992411,0,1074340,0,1,0,0
226,10,1,8,1,0,8,2,2,4,1075780,1075946,1213,982,1074798,761,1,992375,0,1074304,0,1,0,0
226,10,1,8,1,0,9,2,3,5,1075919,1075946,1213,1095,1074824,761,1,992306,0,1074235,0,1,0,0
227,10,2,8,1,0,0,0,2,2,1074406,1076571,1204,7,1074399,757,1,992125,0,1074054,0,1,0,0
227,10,2,8,1,0,1,0,3,3,1075821,1076571,1204,121,1075700,757,1,992391,0,1074320,0,1,0,0
227,10,2,8,1,0,2,1,0,1,1074714,1076571,1204,232,1074482,757,1,992414,0,1074343,0,1,0,0
227,10,2,8,1,0,3,1,1,2,1075966,1076571,1204,343,1075623,757,1,992492,0,1074421,0,1,0,0
227,10,2,8,1,0,4,1,2,3,1076103,1076571,1204,472,1075631,757,1,992529,0,1074458,0,1,0,0
227,10,2,8,1,0,5,1,3,4,1076242,1076571,1204,601,1075641,757,1,992526,0,1074455,0,1,0,0
227,10,2,8,1,0,6,2,0,2,1076382,1076571,1204,731,1075651,757,1,992472,0,1074401,0,1,0,0
227,10,2,8,1,0,7,2,1,3,1076519,1076571,1204,862,1075657,757,1,992459,0,1074388,0,1,0,0
227,10,2,8,1,0,8,2,2,4,1075514,1076571,1204,974,1074540,757,1,992425,0,1074354,0,1,0,0
227,10,2,8,1,0,9,2,3,5,1075662,1076571,1204,1086,1074576,757,1,992358,0,1074287,0,1,0,0
228,10,3,8,1,0,0,0,2,2,1074561,1075927,1196,7,1074554,761,1,992076,0,1074005,0,1,0,0
228,10,3,8,1,0,1,0,3,3,1074719,1075927,1196,121,1074598,761,1,992283,0,1074212,0,1,0,0
228,10,3,8,1,0,2,1,0,1,1074874,1075927,1196,243,1074631,761,1,992319,0,1074248,0,1,0,0
228,10,3,8,1,0,3,1,1,2,1075032,1075927,1196,354,1074678,761,1,992466,0,1074395,0,1,0,0
228,10,3,8,1,0,4,1,2,3,1075175,1075927,1196,483,1074692,761,1,992470,0,1074399,0,1,0,0
228,10,3,8,1,0,5,1,3,4,1075326,1075927,1196,612,1074714,761,1,992483,0,1074412,0,1,0,0
228,10,3,8,1,0,6,2,0,2,1075484,1075927,1196,742,1074742,761,1,992431,0,1074360,0,1,0,0
228,10,3,8,1,0,7,2,1,3,1075621,1075927,1196,854,1074767,761,1,992409,0,1074338,0,1,0,0
228,10,3,8,1,0,8,2,2,4,1075761,1075927,1196,965,1074796,761,1,992373,0,1074302,0,1,0,0
228,10,3,8,1,0,9,2,3,5,1075900,1075927,1196,1078,1074822,761,1,992304,0,1074233,0,1,0,0
229,13,1,8,1,0,0,0,2,2,1325529,1400406,1586,7,1325522,765,1,1242473,0,1324402,0,1,0,0
229,13,1,8,1,0,1,0,3,3,1325687,1400406,1586,121,1325566,765,1,1242712,0,1324641,0,1,0,0
229,13,1,8,1,0,2,1,0,1,1398992,1400406,1586,232,1398760,765,1,1315460,0,1397389,0,1,0,0
229,13,1,8,1,0,3,1,1,2,1399126,1400406,1586,362,1398764,765,1,1315578,0,1397507,0,1,0,0
229,13,1,8,1,0,4,1,2,3,1399264,1400406,1586,487,1398777,765,1,1315642,0,1397571,0,1,0,0
229,13,1,8,1,0,5,1,3,4,1399403,1400406,1586,618,1398785,765,1,1315731,0,1397660,0,1,0,0
229,13,1,8,1,0,6,2,0,2,1399542,1400406,1586,749,1398793,765,1,1315719,0,1397648,0,1,0,0
229,13,1,8,1,0,7,2,1,3,1399680,1400406,1586,880,1398800,765,1,1315732,0,1397661,0,1,0,0
229,13,1,8,1,0,8,2,2,4,1399819,1400406,1586,1000,1398819,765,1,1315697,0,1397626,0,1,0,0
229,13,1,8,1,0,9,2,3,5,1399961,1400406,1586,1112,1398849,765,1,1315649,0,1397578,0,1,0,0
229,13,1,8,1,0,10,3,0,3,1400101,1400406,1586,1224,1398877,765,1,1315564,0,1397493,0,1,0,0
229,13,1,8,1,0,11,3,1,4,1400240,1400406,1586,1335,1398905,765,1,1315504,0,1397433,0,1,0,0
229,13,1,8,1,0,12,3,2,5,1400379,1400406,1586,1447,1398932,765,1,1315415,0,1397344,0,1,0,0
230,13,2,8,1,0,0,0,2,2,1323179,1399916,1549,7,1323172,765,1,1239452,0,1321381,0,1,0,0
230,13,2,8,1,0,1,0,3,3,1323338,1399916,1549,121,1323217,765,1,1239701,0,1321630,0,1,0,0
230,13,2,8,1,0,2,1,0,1,1398497,1399916,1549,232,1398265,765,1,1314985,0,1396914,0,1,0,0
230,13,2,8,1,0,3,1,1,2,1398633,1399916,1549,343,1398290,765,1,1315109,0,1397038,0,1,0,0
230,13,2,8,1,0,4,1,2,3,1398772,1399916,1549,454,1398318,765,1,1315180,0,1397109,0,1,0,0
230,13,2,8,1,0,5,1,3,4,1398911,1399916,1549,586,1398325,765,1,1315209,0,1397138,0,1,0,0
230,13,2,8,1,0,6,2,0,2,1399050,1399916,1549,718,1398332,765,1,1315304,0,1397233,0,1,0,0
230,13,2,8,1,0,7,2,1,3,1399191,1399916,1549,850,1398341,765,1,1315236,0,1397165,0,1,0,0
230,13,2,8,1,0,8,2,2,4,1399330,1399916,1549,961,1398369,765,1,1315223,0,1397152,0,1,0,0
230,13,2,8,1,0,9,2,3,5,1399470,1399916,1549,1073,1398397,765,1,1315154,0,1397083,0,1,0,0
230,13,2,8,1,0,10,3,0,3,1399610,1399916,1549,1185,1398425,765,1,1315102,0,1397031,0,1,0,0
230,13,2,8,1,0,11,3,1,4,1399749,1399916,1549,1296,1398453,765,1,1315034,0,1396963,0,1,0,0
230,13,2,8,1,0,12,3,2,5,1399889,1399916,1549,1408,1398481,765,1,1314952,0,1396881,0,1,0,0
231,13,3,8,1,0,0,0,2,2,1323308,1400143,1541,7,1323301,766,1,1240885,0,1322814,0,1,0,0
231,13,3,8,1,0,1,0,3,3,1323491,1400143,1541,121,1323370,766,1,1241121,0,1323050,0,1,0,0
231,13,3,8,1,0,2,1,0,1,1398700,1400143,1541,232,1398468,766,1,1315456,0,1397385,0,1,0,0
231,13,3,8,1,0,3,1,1,2,1398854,1400143,1541,343,1398511,766,1,1315687,0,1397616,0,1,0,0
231,13,3,8,1,0,4,1,2,3,1398993,1400143,1541,472,1398521,766,1,1315717,0,1397646,0,1,0,0
231,13,3,8,1,0,5,1,3,4,1399135,1400143,1541,602,1398533,766,1,1315784,0,1397713,0,1,0,0
231,13,3,8,1,0,6,2,0,2,1399274,1400143,1541,726,1398548,766,1,1315785,0,1397714,0,1,0,0
231,13,3,8,1,0,7,2,1,3,1399412,1400143,1541,858,1398554,766,1,1315781,0,1397710,0,1,0,0
231,13,3,8,1,0,8,2,2,4,1399554,1400143,1541,969,1398585,766,1,1315747,0,1397676,0,1,0,0
231,13,3,8,1,0,9,2,3,5,1399695,1400143,1541,1081,1398614,766,1,1315711,0,1397640,0,1,0,0
231,13,3,8,1,0,10,3,0,3,1399835,1400143,1541,1193,1398642,766,1,1315642,0,1397571,0,1,0,0
231,13,3,8,1,0,11,3,1,4,1399974,1400143,1541,1312,1398662,766,1,1315558,0,1397487,0,1,0,0
231,13,3,8,1,0,12,3,2,5,1400116,1400143,1541,1424,1398692,766,1,1315507,0,1397436,0,1,0,0
232,1,1,16,1,0,0,0,2,2,262850,262872,121,7,262843,2049,1,221616,0,262585,0,1,0,0
233,1,2,16,1,0,0,0,2,2,262853,262875,121,7,262846,2049,1,221616,0,262585,0,1,0,0
234,1,3,16,1,0,0,0,2,2,262850,262872,129,7,262843,2049,1,221616,0,262585,0,1,0,0
235,2,1,16,1,0,0,0,2,2,271525,271694,243,7,271518,1025,1,230163,0,271132,0,1,0,0
235,2,1,16,1,0,1,0,3,3,271667,271694,243,126,271541,1025,1,230166,0,271135,0,1,0,0
236,2,2,16,1,0,0,0,2,2,271565,271734,243,7,271558,1025,1,230202,0,271171,0,1,0,0
236,2,2,16,1,0,1,0,3,3,271707,271734,243,126,271581,1025,1,230205,0,271174,0,1,0,0
237,2,3,16,1,0,0,0,2,2,271553,271722,243,7,271546,1025,1,230190,0,271159,0,1,0,0
237,2,3,16,1,0,1,0,3,3,271695,271722,243,126,271569,1025,1,230193,0,271162,0,1,0,0
238,4,1,16,1,0,0,0,2,2,294653,295125,471,7,294646,521,1,253239,0,294208,0,1,0,0
238,4,1,16,1,0,1,0,3,3,294798,295125,471,121,294677,521,1,253243,0,294212,0,1,0,0
238,4,1,16,1,0,2,1,0,1,294960,295125,471,232,294728,521,1,253246,0,294215,0,1,0,0
238,4,1,16,1,0,3,1,1,2,295098,295125,471,345,294753,521,1,253212,0,294181,0,1,0,0
239,4,2,16,1,0,0,0,2,2,294735,295207,473,7,294728,521,1,253321,0,294290,0,1,0,0
239,4,2,16,1,0,1,0,3,3,294880,295207,473,121,294759,521,1,253323,0,294292,0,1,0,0
239,4,2,16,1,0,2,1,0,1,295042,295207,473,234,294808,521,1,253326,0,294295,0,1,0,0
239,4,2,16,1,0,3,1,1,2,295180,295207,473,347,294833,521,1,253292,0,294261,0,1,0,0
240,4,3,16,1,0,0,0,2,2,297258,297704,500,7,297251,520,1,255711,0,296680,0,1,0,0
240,4,3,16,1,0,1,0,3,3,297401,297704,500,121,297280,520,1,255751,0,296720,0,1,0,0
240,4,3,16,1,0,2,1,0,1,297540,297704,500,257,297283,520,1,255721,0,296690,0,1,0,0
240,4,3,16,1,0,3,1,1,2,297677,297704,500,373,297304,520,1,255710,0,296679,0,1,0,0
241,6,1,16,1,0,0,0,2,2,391864,392625,721,7,391857,456,1,350705,0,391674,0,1,0,0
241,6,1,16,1,0,1,0,3,3,392036,392625,721,121,391915,456,1,350763,0,391732,0,1,0,0
241,6,1,16,1,0,2,1,0,1,392178,392625,721,234,391944,456,1,350764,0,391733,0,1,0,0
241,6,1,16,1,0,3,1,1,2,392318,392625,721,355,391963,456,1,350743,0,391712,0,1,0,0
241,6,1,16,1,0,4,1,2,3,392458,392625,721,475,391983,456,1,350741,0,391710,0,1,0,0
241,6,1,16,1,0,5,1,3,4,392598,392625,721,595,392003,456,1,350692,0,391661,0,1,0,0
242,6,2,16,1,0,0,0,2,2,392987,393450,706,7,392980,457,1,351113,0,392082,0,1,0,0
242,6,2,16,1,0,1,0,3,3,393124,393450,706,121,393003,457,1,351131,0,392100,0,1,0,0
242,6,2,16,1,0,2,1,0,1,393261,393450,706,234,393027,457,1,351155,0,392124,0,1,0,0
242,6,2,16,1,0,3,1,1,2,393398,393450,706,347,393051,457,1,351115,0,392084,0,1,0,0
242,6,2,16,1,0,4,1,2,3,392701,393450,706,467,392234,457,1,351071,0,392040,0,1,0,0
242,6,2,16,1,0,5,1,3,4,392846,393450,706,587,392259,457,1,351036,0,392005,0,1,0,0
243,6,3,16,1,0,0,0,2,2,392113,392883,706,7,392106,456,1,350947,0,391916,0,1,0,0
243,6,3,16,1,0,1,0,3,3,392284,392883,706,121,392163,456,1,350981,0,391950,0,1,0,0
243,6,3,16,1,0,2,1,0,1,392425,392883,706,234,392191,456,1,351010,0,391979,0,1,0,0
243,6,3,16,1,0,3,1,1,2,392565,392883,706,347,392218,456,1,350975,0,391944,0,1,0,0
243,6,3,16,1,0,4,1,2,3,392717,392883,706,467,392250,456,1,350936,0,391905,0,1,0,0
243,6,3,16,1,0,5,1,3,4,392856,392883,706,580,392276,456,1,350896,0,391865,0,1,0,0
244,8,1,16,1,0,0,0,2,2,524937,526585,979,7,524930,459,1,483787,0,524756,0,1,0,0
244,8,1,16,1,0,1,0,3,3,526109,526585,979,121,525988,459,1,483892,0,524861,0,1,0,0
244,8,1,16,1,0,2,1,0,1,526247,526585,979,232,526015,459,1,483958,0,524927,0,1,0,0
244,8,1,16,1,0,3,1,1,2,526386,526585,979,345,526041,459,1,483979,0,524948,0,1,0,0
244,8,1,16,1,0,4,1,2,3,526524,526585,979,465,526059,459,1,483951,0,524920,0,1,0,0
244,8,1,16,1,0,5,1,3,4,525666,526585,979,585,525081,459,1,483905,0,524874,0,1,0,0
244,8,1,16,1,0,6,2,0,2,525813,526585,979,705,525108,459,1,483852,0,524821,0,1,0,0
244,8,1,16,1,0,7,2,1,3,525951,526585,979,833,525118,459,1,483800,0,524769,0,1,0,0
245,8,2,16,1,0,0,0,2,2,526060,527064,957,7,526053,459,1,484045,0,525014,0,1,0,0
245,8,2,16,1,0,1,0,3,3,526205,527064,957,121,526084,459,1,484148,0,525117,0,1,0,0
245,8,2,16,1,0,2,1,0,1,526346,527064,957,234,526112,459,1,484205,0,525174,0,1,0,0
245,8,2,16,1,0,3,1,1,2,526484,527064,957,347,526137,459,1,484201,0,525170,0,1,0,0
245,8,2,16,1,0,4,1,2,3,526621,527064,957,467,526154,459,1,484162,0,525131,0,1,0,0
245,8,2,16,1,0,5,1,3,4,526761,527064,957,580,526181,459,1,484123,0,525092,0,1,0,0
245,8,2,16,1,0,6,2,0,2,526900,527064,957,700,526200,459,1,484084,0,525053,0,1,0,0
245,8,2,16,1,0,7,2,1,3,527037,527064,957,811,526226,459,1,484048,0,525017,0,1,0,0
246,8,3,16,1,0,0,0,2,2,526131,527137,958,7,526124,459,1,484178,0,525147,0,1,0,0
246,8,3,16,1,0,1,0,3,3,526273,527137,958,121,526152,459,1,484240,0,525209,0,1,0,0
246,8,3,16,1,0,2,1,0,1,526411,527137,958,234,526177,459,1,484281,0,525250,0,1,0,0
246,8,3,16,1,0,3,1,1,2,526549,527137,958,346,526203,459,1,484303,0,525272,0,1,0,0
246,8,3,16,1,0,4,1,2,3,526686,527137,958,465,526221,459,1,484276,0,525245,0,1,0,0
246,8,3,16,1,0,5,1,3,4,526825,527137,958,585,526240,459,1,484248,0,525217,0,1,0,0
246,8,3,16,1,0,6,2,0,2,526964,527137,958,705,526259,459,1,484231,0,525200,0,1,0,0
246,8,3,16,1,0,7,2,1,3,527110,527137,958,839,526271,459,1,484143,0,525112,0,1,0,0
247,10,1,16,1,0,0,0,2,2,655931,657212,1268,7,655924,460,1,613654,0,654623,0,1,0,0
247,10,1,16,1,0,1,0,3,3,656076,657212,1268,121,655955,460,1,613757,0,654726,0,1,0,0
247,10,1,16,1,0,2,1,0,1,656213,657212,1268,234,655979,460,1,613889,0,654858,0,1,0,0
247,10,1,16,1,0,3,1,1,2,656350,657212,1268,347,656003,460,1,613943,0,654912,0,1,0,0
247,10,1,16,1,0,4,1,2,3,656491,657212,1268,467,656024,460,1,613937,0,654906,0,1,0,0
247,10,1,16,1,0,5,1,3,4,656630,657212,1268,612,656018,460,1,613924,0,654893,0,1,0,0
247,10,1,16,1,0,6,2,0,2,656769,657212,1268,732,656037,460,1,613878,0,654847,0,1,0,0
247,10,1,16,1,0,7,2,1,3,656906,657212,1268,866,656040,460,1,613872,0,654841,0,1,0,0
247,10,1,16,1,0,8,2,2,4,657045,657212,1268,1006,656039,460,1,613756,0,654725,0,1,0,0
247,10,1,16,1,0,9,2,3,5,657185,657212,1268,1146,656039,460,1,613691,0,654660,0,1,0,0
248,10,2,16,1,0,0,0,2,2,655931,657216,1278,7,655924,460,1,613757,0,654726,0,1,0,0
248,10,2,16,1,0,1,0,3,3,656077,657216,1278,121,655956,460,1,613897,0,654866,0,1,0,0
248,10,2,16,1,0,2,1,0,1,656218,657216,1278,243,655975,460,1,614014,0,654983,0,1,0,0
248,10,2,16,1,0,3,1,1,2,656356,657216,1278,365,655991,460,1,614112,0,655081,0,1,0,0
248,10,2,16,1,0,4,1,2,3,656493,657216,1278,486,656007,460,1,614102,0,655071,0,1,0,0
248,10,2,16,1,0,5,1,3,4,656632,657216,1278,606,656026,460,1,614090,0,655059,0,1,0,0
248,10,2,16,1,0,6,2,0,2,656772,657216,1278,724,656048,460,1,614034,0,655003,0,1,0,0
248,10,2,16,1,0,7,2,1,3,656910,657216,1278,852,656058,460,1,613977,0,654946,0,1,0,0
248,10,2,16,1,0,8,2,2,4,657049,657216,1278,992,656057,460,1,613966,0,654935,0,1,0,0
248,10,2,16,1,0,9,2,3,5,657189,657216,1278,1132,656057,460,1,613881,0,654850,0,1,0,0
249,10,3,16,1,0,0,0,2,2,656448,657738,1255,7,656441,460,1,614171,0,655140,0,1,0,0
249,10,3,16,1,0,1,0,3,3,656593,657738,1255,121,656472,460,1,614279,0,655248,0,1,0,0
249,10,3,16,1,0,2,1,0,1,656734,657738,1255,234,656500,460,1,614404,0,655373,0,1,0,0
249,10,3,16,1,0,3,1,1,2,656878,657738,1255,361,656517,460,1,614476,0,655445,0,1,0,0
249,10,3,16,1,0,4,1,2,3,657015,657738,1255,480,656535,460,1,614472,0,655441,0,1,0,0
249,10,3,16,1,0,5,1,3,4,657154,657738,1255,600,656554,460,1,614426,0,655395,0,1,0,0
249,10,3,16,1,0,6,2,0,2,657295,657738,1255,720,656575,460,1,614474,0,655443,0,1,0,0
249,10,3,16,1,0,7,2,1,3,657432,657738,1255,854,656578,460,1,614375,0,655344,0,1,0,0
249,10,3,16,1,0,8,2,2,4,657572,657738,1255,970,656602,460,1,614352,0,655321,0,1,0,0
249,10,3,16,1,0,9,2,3,5,657711,657738,1255,1109,656602,460,1,614237,0,655206,0,1,0,0
250,13,1,16,1,0,0,0,2,2,831875,852210,1692,7,831868,462,1,789077,0,830046,0,1,0,0
250,13,1,16,1,0,1,0,3,3,832038,852210,1692,121,831917,462,1,789321,0,830290,0,1,0,0
250,13,1,16,1,0,2,1,0,1,849704,852210,1692,232,849472,462,1,808280,0,849249,0,1,0,0
250,13,1,16,1,0,3,1,1,2,851320,852210,1692,345,850975,462,1,808473,0,849442,0,1,0,0
250,13,1,16,1,0,4,1,2,3,851451,852210,1692,465,850986,462,1,808575,0,849544,0,1,0,0
250,13,1,16,1,0,5,1,3,4,851594,852210,1692,585,851009,462,1,808605,0,849574,0,1,0,0
250,13,1,16,1,0,6,2,0,2,851733,852210,1692,705,851028,462,1,808641,0,849610,0,1,0,0
250,13,1,16,1,0,7,2,1,3,851871,852210,1692,832,851039,462,1,808633,0,849602,0,1,0,0
250,13,1,16,1,0,8,2,2,4,852010,852210,1692,972,851038,462,1,808609,0,849578,0,1,0,0
250,13,1,16,1,0,9,2,3,5,852149,852210,1692,1112,851037,462,1,808518,0,849487,0,1,0,0
250,13,1,16,1,0,10,3,0,3,850858,852210,1692,1252,849606,462,1,808416,0,849385,0,1,0,0
250,13,1,16,1,0,11,3,1,4,851003,852210,1692,1408,849595,462,1,808329,0,849298,0,1,0,0
250,13,1,16,1,0,12,3,2,5,851144,852210,1692,1547,849597,462,1,808246,0,849215,0,1,0,0
251,13,2,16,1,0,0,0,2,2,831837,852706,1692,7,831830,462,1,789076,0,830045,0,1,0,0
251,13,2,16,1,0,1,0,3,3,832003,852706,1692,121,831882,462,1,789340,0,830309,0,1,0,0
251,13,2,16,1,0,2,1,0,1,851292,852706,1692,234,851058,462,1,808505,0,849474,0,1,0,0
251,13,2,16,1,0,3,1,1,2,851426,852706,1692,359,851067,462,1,808681,0,849650,0,1,0,0
251,13,2,16,1,0,4,1,2,3,851564,852706,1692,479,851085,462,1,808750,0,849719,0,1,0,0
251,13,2,16,1,0,5,1,3,4,851703,852706,1692,599,851104,462,1,808855,0,849824,0,1,0,0
251,13,2,16,1,0,6,2,0,2,851843,852706,1692,719,851124,462,1,808899,0,849868,0,1,0,0
251,13,2,16,1,0,7,2,1,3,851980,852706,1692,853,851127,462,1,808825,0,849794,0,1,0,0
251,13,2,16,1,0,8,2,2,4,852119,852706,1692,977,851142,462,1,808801,0,849770,0,1,0,0
251,13,2,16,1,0,9,2,3,5,852259,852706,1692,1117,851142,462,1,808742,0,849711,0,1,0,0
251,13,2,16,1,0,10,3,0,3,852399,852706,1692,1256,851143,462,1,808636,0,849605,0,1,0,0
251,13,2,16,1,0,11,3,1,4,852538,852706,1692,1396,851142,462,1,808541,0,849510,0,1,0,0
251,13,2,16,1,0,12,3,2,5,852679,852706,1692,1547,851132,462,1,808453,0,849422,0,1,0,0
252,13,3,16,1,0,0,0,2,2,830850,851830,1687,7,830843,462,1,789260,0,830229,0,1,0,0
252,13,3,16,1,0,1,0,3,3,831016,851830,1687,121,830895,462,1,789527,0,830496,0,1,0,0
252,13,3,16,1,0,2,1,0,1,850281,851830,1687,234,850047,462,1,808547,0,849516,0,1,0,0
252,13,3,16,1,0,3,1,1,2,850445,851830,1687,347,850098,462,1,808658,0,849627,0,1,0,0
252,13,3,16,1,0,4,1,2,3,850607,851830,1687,467,850140,462,1,808740,0,849709,0,1,0,0
252,13,3,16,1,0,5,1,3,4,850792,851830,1687,612,850180,462,1,808785,0,849754,0,1,0,0
252,13,3,16,1,0,6,2,0,2,850956,851830,1687,732,850224,462,1,808814,0,849783,0,1,0,0
252,13,3,16,1,0,7,2,1,3,851099,851830,1687,866,850233,462,1,808851,0,849820,0,1,0,0
252,13,3,16,1,0,8,2,2,4,851241,851830,1687,1006,850235,462,1,808775,0,849744,0,1,0,0
252,13,3,16,1,0,9,2,3,5,851385,851830,1687,1146,850239,462,1,808734,0,849703,0,1,0,0
252,13,3,16,1,0,10,3,0,3,851525,851830,1687,1262,850263,462,1,808643,0,849612,0,1,0,0
252,13,3,16,1,0,11,3,1,4,851664,851830,1687,1401,850263,462,1,808576,0,849545,0,1,0,0
252,13,3,16,1,0,12,3,2,5,851803,851830,1687,1541,850262,462,1,808461,0,849430,0,1,0,0
253,1,1,32,1,0,0,0,2,2,160352,160374,121,7,160345,1052,1,139641,0,160130,0,1,0,0
254,1,2,32,1,0,0,0,2,2,160379,160401,121,7,160372,1053,1,139668,0,160157,0,1,0,0
255,1,3,32,1,0,0,0,2,2,160334,160356,121,7,160327,1052,1,139623,0,160112,0,1,0,0
256,2,1,32,1,0,0,0,2,2,166620,166790,248,7,166613,547,1,145822,0,166311,0,1,0,0
256,2,1,32,1,0,1,0,3,3,166763,166790,248,126,166637,547,1,145827,0,166316,0,1,0,0
257,2,2,32,1,0,0,0,2,2,166671,166840,246,7,166664,547,1,145842,0,166331,0,1,0,0
257,2,2,32,1,0,1,0,3,3,166813,166840,246,126,166687,547,1,145835,0,166324,0,1,0,0
258,2,3,32,1,0,0,0,2,2,166649,166819,250,7,166642,547,1,145849,0,166338,0,1,0,0
258,2,3,32,1,0,1,0,3,3,166792,166819,250,128,166664,547,1,145854,0,166343,0,1,0,0
259,4,1,32,1,0,0,0,2,2,220157,220620,514,7,220150,361,1,199507,0,219996,0,1,0,0
259,4,1,32,1,0,1,0,3,3,220311,220620,514,121,220190,361,1,199503,0,219992,0,1,0,0
259,4,1,32,1,0,2,1,0,1,220452,220620,514,242,220210,361,1,199452,0,219941,0,1,0,0
259,4,1,32,1,0,3,1,1,2,220593,220620,514,387,220206,361,1,199467,0,219956,0,1,0,0
260,4,2,32,1,0,0,0,2,2,220351,220797,491,7,220344,361,1,199419,0,219908,0,1,0,0
260,4,2,32,1,0,1,0,3,3,220495,220797,491,122,220373,361,1,199415,0,219904,0,1,0,0
260,4,2,32,1,0,2,1,0,1,220633,220797,491,243,220390,361,1,199388,0,219877,0,1,0,0
260,4,2,32,1,0,3,1,1,2,220770,220797,491,365,220405,361,1,199398,0,219887,0,1,0,0
261,4,3,32,1,0,0,0,2,2,220373,220819,490,7,220366,361,1,199441,0,219930,0,1,0,0
261,4,3,32,1,0,1,0,3,3,220516,220819,490,121,220395,361,1,199437,0,219926,0,1,0,0
261,4,3,32,1,0,2,1,0,1,220654,220819,490,242,220412,361,1,199410,0,219899,0,1,0,0
261,4,3,32,1,0,3,1,1,2,220792,220819,490,364,220428,361,1,199420,0,219909,0,1,0,0
262,6,1,32,1,0,0,0,2,2,321504,322317,772,7,321497,334,1,300858,0,321347,0,1,0,0
262,6,1,32,1,0,1,0,3,3,321659,322317,772,121,321538,334,1,300890,0,321379,0,1,0,0
262,6,1,32,1,0,2,1,0,1,321823,322317,772,242,321581,334,1,300893,0,321382,0,1,0,0
262,6,1,32,1,0,3,1,1,2,321990,322317,772,364,321626,334,1,300873,0,321362,0,1,0,0
262,6,1,32,1,0,4,1,2,3,322151,322317,772,505,321646,334,1,300877,0,321366,0,1,0,0
262,6,1,32,1,0,5,1,3,4,322290,322317,772,626,321664,334,1,300848,0,321337,0,1,0,0
263,6,2,32,1,0,0,0,2,2,322105,322830,770,7,322098,335,1,300876,0,321365,0,1,0,0
263,6,2,32,1,0,1,0,3,3,322250,322830,770,121,322129,335,1,300914,0,321403,0,1,0,0
263,6,2,32,1,0,2,1,0,1,322388,322830,770,242,322146,335,1,300899,0,321388,0,1,0,0
263,6,2,32,1,0,3,1,1,2,322526,322830,770,383,322143,335,1,300895,0,321384,0,1,0,0
263,6,2,32,1,0,4,1,2,3,322664,322830,770,503,322161,335,1,300913,0,321402,0,1,0,0
263,6,2,32,1,0,5,1,3,4,322803,322830,770,624,322179,335,1,300881,0,321370,0,1,0,0
264,6,3,32,1,0,0,0,2,2,322106,322831,751,7,322099,335,1,300933,0,321422,0,1,0,0
264,6,3,32,1,0,1,0,3,3,322252,322831,751,121,322131,335,1,300974,0,321463,0,1,0,0
264,6,3,32,1,0,2,1,0,1,322389,322831,751,242,322147,335,1,300975,0,321464,0,1,0,0
264,6,3,32,1,0,3,1,1,2,322528,322831,751,363,322165,335,1,300976,0,321465,0,1,0,0
264,6,3,32,1,0,4,1,2,3,322665,322831,751,484,322181,335,1,300960,0,321449,0,1,0,0
264,6,3,32,1,0,5,1,3,4,322804,322831,751,605,322199,335,1,300948,0,321437,0,1,0,0
265,8,1,32,1,0,0,0,2,2,415823,416848,1035,7,415816,341,1,394536,0,415025,0,1,0,0
265,8,1,32,1,0,1,0,3,3,415969,416848,1035,121,415848,341,1,394641,0,415130,0,1,0,0
265,8,1,32,1,0,2,1,0,1,416130,416848,1035,242,415888,341,1,394688,0,415177,0,1,0,0
265,8,1,32,1,0,3,1,1,2,416267,416848,1035,364,415903,341,1,394719,0,415208,0,1,0,0
265,8,1,32,1,0,4,1,2,3,416404,416848,1035,484,415920,341,1,394743,0,415232,0,1,0,0
265,8,1,32,1,0,5,1,3,4,416544,416848,1035,610,415934,341,1,394746,0,415235,0,1,0,0
265,8,1,32,1,0,6,2,0,2,416683,416848,1035,751,415932,341,1,394663,0,415152,0,1,0,0
265,8,1,32,1,0,7,2,1,3,416821,416848,1035,891,415930,341,1,394566,0,415055,0,1,0,0
266,8,2,32,1,0,0,0,2,2,416340,417356,1049,7,416333,340,1,394664,0,415153,0,1,0,0
266,8,2,32,1,0,1,0,3,3,416482,417356,1049,121,416361,340,1,394754,0,415243,0,1,0,0
266,8,2,32,1,0,2,1,0,1,416619,417356,1049,242,416377,340,1,394800,0,415289,0,1,0,0
266,8,2,32,1,0,3,1,1,2,416756,417356,1049,364,416392,340,1,394825,0,415314,0,1,0,0
266,8,2,32,1,0,4,1,2,3,416893,417356,1049,504,416389,340,1,394850,0,415339,0,1,0,0
266,8,2,32,1,0,5,1,3,4,417053,417356,1049,625,416428,340,1,394840,0,415329,0,1,0,0
266,8,2,32,1,0,6,2,0,2,417192,417356,1049,765,416427,340,1,394757,0,415246,0,1,0,0
266,8,2,32,1,0,7,2,1,3,417329,417356,1049,905,416424,340,1,394670,0,415159,0,1,0,0
267,8,3,32,1,0,0,0,2,2,416268,417282,1027,7,416261,341,1,394590,0,415079,0,1,0,0
267,8,3,32,1,0,1,0,3,3,416411,417282,1027,121,416290,341,1,394680,0,415169,0,1,0,0
267,8,3,32,1,0,2,1,0,1,416548,417282,1027,242,416306,341,1,394726,0,415215,0,1,0,0
267,8,3,32,1,0,3,1,1,2,416685,417282,1027,364,416321,341,1,394771,0,415260,0,1,0,0
267,8,3,32,1,0,4,1,2,3,416822,417282,1027,484,416338,341,1,394796,0,415285,0,1,0,0
267,8,3,32,1,0,5,1,3,4,416979,417282,1027,605,416374,341,1,394786,0,415275,0,1,0,0
267,8,3,32,1,0,6,2,0,2,417118,417282,1027,745,416373,341,1,394703,0,415192,0,1,0,0
267,8,3,32,1,0,7,2,1,3,417255,417282,1027,885,416370,341,1,394617,0,415106,0,1,0,0
268,10,1,32,1,0,0,0,2,2,515637,516928,1309,7,515630,330,1,493591,0,514080,0,1,0,0
268,10,1,32,1,0,1,0,3,3,515781,516928,1309,121,515660,330,1,493750,0,514239,0,1,0,0
268,10,1,32,1,0,2,1,0,1,515919,516928,1309,242,515677,330,1,493834,0,514323,0,1,0,0
268,10,1,32,1,0,3,1,1,2,516056,516928,1309,364,515692,330,1,493875,0,514364,0,1,0,0
268,10,1,32,1,0,4,1,2,3,516193,516928,1309,507,515686,330,1,493947,0,514436,0,1,0,0
268,10,1,32,1,0,5,1,3,4,516347,516928,1309,628,515719,330,1,493995,0,514484,0,1,0,0
268,10,1,32,1,0,6,2,0,2,516486,516928,1309,768,515718,330,1,493929,0,514418,0,1,0,0
268,10,1,32,1,0,7,2,1,3,516623,516928,1309,908,515715,330,1,493849,0,514338,0,1,0,0
268,10,1,32,1,0,8,2,2,4,516762,516928,1309,1046,515716,330,1,493791,0,514280,0,1,0,0
268,10,1,32,1,0,9,2,3,5,516901,516928,1309,1167,515734,330,1,493704,0,514193,0,1,0,0
269,10,2,32,1,0,0,0,2,2,524110,525390,1319,7,524103,328,1,502173,0,522662,0,1,0,0
269,10,2,32,1,0,1,0,3,3,524255,525390,1319,122,524133,328,1,502305,0,522794,0,1,0,0
269,10,2,32,1,0,2,1,0,1,524392,525390,1319,243,524149,328,1,502417,0,522906,0,1,0,0
269,10,2,32,1,0,3,1,1,2,524529,525390,1319,365,524164,328,1,502515,0,523004,0,1,0,0
269,10,2,32,1,0,4,1,2,3,524668,525390,1319,485,524183,328,1,502578,0,523067,0,1,0,0
269,10,2,32,1,0,5,1,3,4,524807,525390,1319,606,524201,328,1,502622,0,523111,0,1,0,0
269,10,2,32,1,0,6,2,0,2,524946,525390,1319,746,524200,328,1,502516,0,523005,0,1,0,0
269,10,2,32,1,0,7,2,1,3,525083,525390,1319,907,524176,328,1,502452,0,522941,0,1,0,0
269,10,2,32,1,0,8,2,2,4,525222,525390,1319,1046,524176,328,1,502396,0,522885,0,1,0,0
269,10,2,32,1,0,9,2,3,5,525363,525390,1319,1174,524189,328,1,502321,0,522810,0,1,0,0
270,10,3,32,1,0,0,0,2,2,510891,512228,1281,7,510884,327,1,489739,0,510228,0,1,0,0
270,10,3,32,1,0,1,0,3,3,511036,512228,1281,121,510915,327,1,489896,0,510385,0,1,0,0
270,10,3,32,1,0,2,1,0,1,511191,512228,1281,240,510951,327,1,489972,0,510461,0,1,0,0
270,10,3,32,1,0,3,1,1,2,511333,512228,1281,361,510972,327,1,490088,0,510577,0,1,0,0
270,10,3,32,1,0,4,1,2,3,511474,512228,1281,482,510992,327,1,490175,0,510664,0,1,0,0
270,10,3,32,1,0,5,1,3,4,511646,512228,1281,603,511043,327,1,490184,0,510673,0,1,0,0
270,10,3,32,1,0,6,2,0,2,511786,512228,1281,743,511043,327,1,490130,0,510619,0,1,0,0
270,10,3,32,1,0,7,2,1,3,511923,512228,1281,874,511049,327,1,490054,0,510543,0,1,0,0
270,10,3,32,1,0,8,2,2,4,512062,512228,1281,1013,511049,327,1,490017,0,510506,0,1,0,0
270,10,3,32,1,0,9,2,3,5,512201,512228,1281,1141,511060,327,1,489916,0,510405,0,1,0,0
271,13,1,32,1,0,0,0,2,2,652166,656350,1719,7,652159,317,1,630309,0,650798,0,1,0,0
271,13,1,32,1,0,1,0,3,3,652357,656350,1719,130,652227,317,1,630685,0,651174,0,1,0,0
271,13,1,32,1,0,2,1,0,1,654294,656350,1719,251,654043,317,1,633152,0,653641,0,1,0,0
271,13,1,32,1,0,3,1,1,2,654445,656350,1719,373,654072,317,1,633309,0,653798,0,1,0,0
271,13,1,32,1,0,4,1,2,3,654616,656350,1719,493,654123,317,1,633438,0,653927,0,1,0,0
271,13,1,32,1,0,5,1,3,4,656001,656350,1719,614,655387,317,1,633618,0,654107,0,1,0,0
271,13,1,32,1,0,6,2,0,2,656133,656350,1719,759,655374,317,1,633583,0,654072,0,1,0,0
271,13,1,32,1,0,7,2,1,3,656271,656350,1719,900,655371,317,1,633580,0,654069,0,1,0,0
271,13,1,32,1,0,8,2,2,4,655230,656350,1719,1038,654192,317,1,633516,0,654005,0,1,0,0
271,13,1,32,1,0,9,2,3,5,655385,656350,1719,1166,654219,317,1,633466,0,653955,0,1,0,0
271,13,1,32,1,0,10,3,0,3,655527,656350,1719,1305,654222,317,1,633382,0,653871,0,1,0,0
271,13,1,32,1,0,11,3,1,4,655666,656350,1719,1434,654232,317,1,633262,0,653751,0,1,0,0
271,13,1,32,1,0,12,3,2,5,655805,656350,1719,1573,654232,317,1,633189,0,653678,0,1,0,0
272,13,2,32,1,0,0,0,2,2,625111,626981,1717,7,625104,315,1,602914,0,623403,0,1,0,0
272,13,2,32,1,0,1,0,3,3,625303,626981,1717,121,625182,315,1,603179,0,623668,0,1,0,0
272,13,2,32,1,0,2,1,0,1,625487,626981,1717,242,625245,315,1,603585,0,624074,0,1,0,0
272,13,2,32,1,0,3,1,1,2,625671,626981,1717,364,625307,315,1,603765,0,624254,0,1,0,0
272,13,2,32,1,0,4,1,2,3,625838,626981,1717,484,625354,315,1,603901,0,624390,0,1,0,0
272,13,2,32,1,0,5,1,3,4,625980,626981,1717,605,625375,315,1,604013,0,624502,0,1,0,0
272,13,2,32,1,0,6,2,0,2,626119,626981,1717,748,625371,315,1,603994,0,624483,0,1,0,0
272,13,2,32,1,0,7,2,1,3,626257,626981,1717,889,625368,315,1,604018,0,624507,0,1,0,0
272,13,2,32,1,0,8,2,2,4,626396,626981,1717,1027,625369,315,1,603962,0,624451,0,1,0,0
272,13,2,32,1,0,9,2,3,5,626535,626981,1717,1155,625380,315,1,603895,0,624384,0,1,0,0
272,13,2,32,1,0,10,3,0,3,626675,626981,1717,1307,625368,315,1,603822,0,624311,0,1,0,0
272,13,2,32,1,0,11,3,1,4,626815,626981,1717,1441,625374,315,1,603726,0,624215,0,1,0,0
272,13,2,32,1,0,12,3,2,5,626954,626981,1717,1576,625378,315,1,603641,0,624130,0,1,0,0
273,13,3,32,1,0,0,0,2,2,642071,643924,1710,7,642064,315,1,620228,0,640717,0,1,0,0
273,13,3,32,1,0,1,0,3,3,642262,643924,1710,121,642141,315,1,620434,0,640923,0,1,0,0
273,13,3,32,1,0,2,1,0,1,642453,643924,1710,242,642211,315,1,620645,0,641134,0,1,0,0
273,13,3,32,1,0,3,1,1,2,642593,643924,1710,364,642229,315,1,620832,0,641321,0,1,0,0
273,13,3,32,1,0,4,1,2,3,642735,643924,1710,484,642251,315,1,620974,0,641463,0,1,0,0
273,13,3,32,1,0,5,1,3,4,642904,643924,1710,605,642299,315,1,621097,0,641586,0,1,0,0
273,13,3,32,1,0,6,2,0,2,643064,643924,1710,745,642319,315,1,621098,0,641587,0,1,0,0
273,13,3,32,1,0,7,2,1,3,643201,643924,1710,885,642316,315,1,621102,0,641591,0,1,0,0
273,13,3,32,1,0,8,2,2,4,643340,643924,1710,1023,642317,315,1,621018,0,641507,0,1,0,0
273,13,3,32,1,0,9,2,3,5,643479,643924,1710,1161,642318,315,1,620964,0,641453,0,1,0,0
273,13,3,32,1,0,10,3,0,3,643618,643924,1710,1300,642318,315,1,620893,0,641382,0,1,0,0
273,13,3,32,1,0,11,3,1,4,643758,643924,1710,1434,642324,315,1,620797,0,641286,0,1,0,0
273,13,3,32,1,0,12,3,2,5,643897,643924,1710,1569,642328,315,1,620712,0,641201,0,1,0,0
274,1,1,64,1,0,0,0,2,2,115714,115736,121,7,115707,834,1,105263,0,115512,0,1,0,0
275,1,2,64,1,0,0,0,2,2,115657,115679,121,7,115650,834,1,105234,0,115483,0,1,0,0
276,1,3,64,1,0,0,0,2,2,115710,115732,121,7,115703,834,1,105272,0,115521,0,1,0,0
277,2,1,64,1,0,0,0,2,2,126414,126583,264,7,126407,414,1,115811,0,126060,0,1,0,0
277,2,1,64,1,0,1,0,3,3,126556,126583,264,126,126430,414,1,115848,0,126097,0,1,0,0
278,2,2,64,1,0,0,0,2,2,126478,126648,267,7,126471,415,1,115870,0,126119,0,1,0,0
278,2,2,64,1,0,1,0,3,3,126621,126648,267,129,126492,415,1,115914,0,126163,0,1,0,0
279,2,3,64,1,0,0,0,2,2,126445,126614,264,7,126438,414,1,115842,0,126091,0,1,0,0
279,2,3,64,1,0,1,0,3,3,126587,126614,264,126,126461,414,1,115879,0,126128,0,1,0,0
280,4,1,64,1,0,0,0,2,2,239718,240235,610,7,239711,256,1,229202,0,239451,0,1,0,0
280,4,1,64,1,0,1,0,3,3,239897,240235,610,121,239776,256,1,229299,0,239548,0,1,0,0
280,4,1,64,1,0,2,1,0,1,240068,240235,610,258,239810,256,1,229306,0,239555,0,1,0,0
280,4,1,64,1,0,3,1,1,2,240208,240235,610,422,239786,256,1,229293,0,239542,0,1,0,0
281,4,2,64,1,0,0,0,2,2,239694,240245,629,7,239687,256,1,229235,0,239484,0,1,0,0
281,4,2,64,1,0,1,0,3,3,239872,240245,629,121,239751,256,1,229332,0,239581,0,1,0,0
281,4,2,64,1,0,2,1,0,1,240043,240245,629,258,239785,256,1,229341,0,239590,0,1,0,0
281,4,2,64,1,0,3,1,1,2,240218,240245,629,422,239796,256,1,229314,0,239563,0,1,0,0
282,4,3,64,1,0,0,0,2,2,239721,240237,617,7,239714,256,1,229205,0,239454,0,1,0,0
282,4,3,64,1,0,1,0,3,3,239900,240237,617,121,239779,256,1,229283,0,239532,0,1,0,0
282,4,3,64,1,0,2,1,0,1,240072,240237,617,277,239795,256,1,229304,0,239553,0,1,0,0
282,4,3,64,1,0,3,1,1,2,240210,240237,617,429,239781,256,1,229291,0,239540,0,1,0,0
283,6,1,64,1,0,0,0,2,2,350584,351422,974,7,350577,256,1,339562,0,349811,0,1,0,0
283,6,1,64,1,0,1,0,3,3,350813,351422,974,121,350692,256,1,339761,0,350010,0,1,0,0
283,6,1,64,1,0,2,1,0,1,350979,351422,974,267,350712,256,1,339942,0,350191,0,1,0,0
283,6,1,64,1,0,3,1,1,2,351119,351422,974,422,350697,256,1,340042,0,350291,0,1,0,0
283,6,1,64,1,0,4,1,2,3,351256,351422,974,604,350652,256,1,339977,0,350226,0,1,0,0
283,6,1,64,1,0,5,1,3,4,351395,351422,974,787,350608,256,1,339853,0,350102,0,1,0,0
284,6,2,64,1,0,0,0,2,2,350579,351418,981,7,350572,256,1,339557,0,349806,0,1,0,0
284,6,2,64,1,0,1,0,3,3,350807,351418,981,121,350686,256,1,339746,0,349995,0,1,0,0
284,6,2,64,1,0,2,1,0,1,350974,351418,981,277,350697,256,1,339930,0,350179,0,1,0,0
284,6,2,64,1,0,3,1,1,2,351114,351418,981,429,350685,256,1,340030,0,350279,0,1,0,0
284,6,2,64,1,0,4,1,2,3,351252,351418,981,611,350641,256,1,339966,0,350215,0,1,0,0
284,6,2,64,1,0,5,1,3,4,351391,351418,981,793,350598,256,1,339841,0,350090,0,1,0,0
285,6,3,64,1,0,0,0,2,2,350586,351425,974,7,350579,256,1,339561,0,349810,0,1,0,0
285,6,3,64,1,0,1,0,3,3,350815,351425,974,121,350694,256,1,339772,0,350021,0,1,0,0
285,6,3,64,1,0,2,1,0,1,350982,351425,974,258,350724,256,1,339944,0,350193,0,1,0,0
285,6,3,64,1,0,3,1,1,2,351122,351425,974,422,350700,256,1,340044,0,350293,0,1,0,0
285,6,3,64,1,0,4,1,2,3,351259,351425,974,604,350655,256,1,339980,0,350229,0,1,0,0
285,6,3,64,1,0,5,1,3,4,351398,351425,974,786,350612,256,1,339855,0,350104,0,1,0,0
286,8,1,64,1,0,0,0,2,2,453359,454565,1333,7,453352,256,1,441809,0,452058,0,1,0,0
286,8,1,64,1,0,1,0,3,3,453601,454565,1333,121,453480,256,1,442115,0,452364,0,1,0,0
286,8,1,64,1,0,2,1,0,1,453816,454565,1333,258,453558,256,1,442437,0,452686,0,1,0,0
286,8,1,64,1,0,3,1,1,2,453981,454565,1333,422,453559,256,1,442642,0,452891,0,1,0,0
286,8,1,64,1,0,4,1,2,3,454122,454565,1333,604,453518,256,1,442698,0,452947,0,1,0,0
286,8,1,64,1,0,5,1,3,4,454261,454565,1333,786,453475,256,1,442632,0,452881,0,1,0,0
286,8,1,64,1,0,6,2,0,2,454400,454565,1333,968,453432,256,1,442554,0,452803,0,1,0,0
286,8,1,64,1,0,7,2,1,3,454538,454565,1333,1144,453394,256,1,442440,0,452689,0,1,0,0
287,8,2,64,1,0,0,0,2,2,453285,454491,1344,7,453278,256,1,441735,0,451984,0,1,0,0
287,8,2,64,1,0,1,0,3,3,453528,454491,1344,121,453407,256,1,442041,0,452290,0,1,0,0
287,8,2,64,1,0,2,1,0,1,453742,454491,1344,258,453484,256,1,442363,0,452612,0,1,0,0
287,8,2,64,1,0,3,1,1,2,453907,454491,1344,421,453486,256,1,442570,0,452819,0,1,0,0
287,8,2,64,1,0,4,1,2,3,454048,454491,1344,602,453446,256,1,442626,0,452875,0,1,0,0
287,8,2,64,1,0,5,1,3,4,454187,454491,1344,784,453403,256,1,442560,0,452809,0,1,0,0
287,8,2,64,1,0,6,2,0,2,454326,454491,1344,966,453360,256,1,442471,0,452720,0,1,0,0
287,8,2,64,1,0,7,2,1,3,454464,454491,1344,1153,453311,256,1,442355,0,452604,0,1,0,0
288,8,3,64,1,0,0,0,2,2,453426,454617,1336,7,453419,256,1,441867,0,452116,0,1,0,0
288,8,3,64,1,0,1,0,3,3,453653,454617,1336,121,453532,256,1,442173,0,452422,0,1,0,0
288,8,3,64,1,0,2,1,0,1,453868,454617,1336,258,453610,256,1,442504,0,452753,0,1,0,0
288,8,3,64,1,0,3,1,1,2,454033,454617,1336,422,453611,256,1,442709,0,452958,0,1,0,0
288,8,3,64,1,0,4,1,2,3,454174,454617,1336,604,453570,256,1,442750,0,452999,0,1,0,0
288,8,3,64,1,0,5,1,3,4,454314,454617,1336,786,453528,256,1,442684,0,452933,0,1,0,0
288,8,3,64,1,0,6,2,0,2,454453,454617,1336,968,453485,256,1,442603,0,452852,0,1,0,0
288,8,3,64,1,0,7,2,1,3,454590,454617,1336,1147,453443,256,1,442489,0,452738,0,1,0,0
289,10,1,64,1,0,0,0,2,2,571371,572836,1689,7,571364,258,1,559000,0,569249,0,1,0,0
289,10,1,64,1,0,1,0,3,3,571547,572836,1689,121,571426,258,1,559426,0,569675,0,1,0,0
289,10,1,64,1,0,2,1,0,1,571761,572836,1689,256,571505,258,1,559912,0,570161,0,1,0,0
289,10,1,64,1,0,3,1,1,2,571972,572836,1689,420,571552,258,1,560218,0,570467,0,1,0,0
289,10,1,64,1,0,4,1,2,3,572111,572836,1689,602,571509,258,1,560368,0,570617,0,1,0,0
289,10,1,64,1,0,5,1,3,4,572250,572836,1689,783,571467,258,1,560415,0,570664,0,1,0,0
289,10,1,64,1,0,6,2,0,2,572389,572836,1689,968,571421,258,1,560399,0,570648,0,1,0,0
289,10,1,64,1,0,7,2,1,3,572526,572836,1689,1146,571380,258,1,560317,0,570566,0,1,0,0
289,10,1,64,1,0,8,2,2,4,572669,572836,1689,1328,571341,258,1,560192,0,570441,0,1,0,0
289,10,1,64,1,0,9,2,3,5,572809,572836,1689,1506,571303,258,1,560075,0,570324,0,1,0,0
290,10,2,64,1,0,0,0,2,2,569551,572705,1695,7,569544,258,1,558746,0,568995,0,1,0,0
290,10,2,64,1,0,1,0,3,3,569769,572705,1695,122,569647,258,1,559171,0,569420,0,1,0,0
290,10,2,64,1,0,2,1,0,1,571694,572705,1695,259,571435,258,1,559656,0,569905,0,1,0,0
290,10,2,64,1,0,3,1,1,2,571831,572705,1695,423,571408,258,1,559958,0,570207,0,1,0,0
290,10,2,64,1,0,4,1,2,3,571984,572705,1695,605,571379,258,1,560100,0,570349,0,1,0,0
290,10,2,64,1,0,5,1,3,4,572123,572705,1695,786,571337,258,1,560145,0,570394,0,1,0,0
290,10,2,64,1,0,6,2,0,2,572262,572705,1695,967,571295,258,1,560123,0,570372,0,1,0,0
290,10,2,64,1,0,7,2,1,3,572399,572705,1695,1145,571254,258,1,560034,0,570283,0,1,0,0
290,10,2,64,1,0,8,2,2,4,572538,572705,1695,1334,571204,258,1,559909,0,570158,0,1,0,0
290,10,2,64,1,0,9,2,3,5,572678,572705,1695,1512,571166,258,1,559786,0,570035,0,1,0,0
291,10,3,64,1,0,0,0,2,2,570482,572678,1705,7,570475,258,1,558974,0,569223,0,1,0,0
291,10,3,64,1,0,1,0,3,3,570709,572678,1705,126,570583,258,1,559398,0,569647,0,1,0,0
291,10,3,64,1,0,2,1,0,1,570920,572678,1705,263,570657,258,1,559884,0,570133,0,1,0,0
291,10,3,64,1,0,3,1,1,2,571143,572678,1705,427,570716,258,1,560202,0,570451,0,1,0,0
291,10,3,64,1,0,4,1,2,3,572469,572678,1705,609,571860,258,1,560386,0,570635,0,1,0,0
291,10,3,64,1,0,5,1,3,4,572608,572678,1705,790,571818,258,1,560422,0,570671,0,1,0,0
291,10,3,64,1,0,6,2,0,2,571825,572678,1705,972,570853,258,1,560391,0,570640,0,1,0,0
291,10,3,64,1,0,7,2,1,3,572003,572678,1705,1150,570853,258,1,560305,0,570554,0,1,0,0
291,10,3,64,1,0,8,2,2,4,572145,572678,1705,1344,570801,258,1,560180,0,570429,0,1,0,0
291,10,3,64,1,0,9,2,3,5,572284,572678,1705,1522,570762,258,1,560084,0,570333,0,1,0,0
292,13,1,64,1,0,0,0,2,2,664744,730381,2254,7,664737,263,1,652519,0,662768,0,1,0,0
292,13,1,64,1,0,1,0,3,3,664933,730381,2254,121,664812,263,1,653254,0,663503,0,1,0,0
292,13,1,64,1,0,2,1,0,1,728796,730381,2254,258,728538,263,1,716316,0,726565,0,1,0,0
292,13,1,64,1,0,3,1,1,2,729001,730381,2254,440,728561,263,1,716823,0,727072,0,1,0,0
292,13,1,64,1,0,4,1,2,3,729202,730381,2254,622,728580,263,1,717136,0,727385,0,1,0,0
292,13,1,64,1,0,5,1,3,4,729361,730381,2254,807,728554,263,1,717279,0,727528,0,1,0,0
292,13,1,64,1,0,6,2,0,2,729500,730381,2254,988,728512,263,1,717346,0,727595,0,1,0,0
292,13,1,64,1,0,7,2,1,3,729638,730381,2254,1166,728472,263,1,717321,0,727570,0,1,0,0
292,13,1,64,1,0,8,2,2,4,729777,730381,2254,1348,728429,263,1,717229,0,727478,0,1,0,0
292,13,1,64,1,0,9,2,3,5,729937,730381,2254,1552,728385,263,1,717198,0,727447,0,1,0,0
292,13,1,64,1,0,10,3,0,3,730076,730381,2254,1730,728346,263,1,717087,0,727336,0,1,0,0
292,13,1,64,1,0,11,3,1,4,730215,730381,2254,1900,728315,263,1,716966,0,727215,0,1,0,0
292,13,1,64,1,0,12,3,2,5,730354,730381,2254,2071,728283,263,1,716839,0,727088,0,1,0,0
293,13,2,64,1,0,0,0,2,2,664256,730121,2207,7,664249,263,1,652031,0,662280,0,1,0,0
293,13,2,64,1,0,1,0,3,3,664476,730121,2207,121,664355,263,1,652751,0,663000,0,1,0,0
293,13,2,64,1,0,2,1,0,1,728563,730121,2207,270,728293,263,1,716056,0,726305,0,1,0,0
293,13,2,64,1,0,3,1,1,2,728766,730121,2207,422,728344,263,1,716582,0,726831,0,1,0,0
293,13,2,64,1,0,4,1,2,3,728963,730121,2207,604,728359,263,1,716876,0,727125,0,1,0,0
293,13,2,64,1,0,5,1,3,4,729105,730121,2207,786,728319,263,1,717015,0,727264,0,1,0,0
293,13,2,64,1,0,6,2,0,2,729260,730121,2207,968,728292,263,1,717086,0,727335,0,1,0,0
293,13,2,64,1,0,7,2,1,3,729398,730121,2207,1146,728252,263,1,717059,0,727308,0,1,0,0
293,13,2,64,1,0,8,2,2,4,729537,730121,2207,1328,728209,263,1,716979,0,727228,0,1,0,0
293,13,2,64,1,0,9,2,3,5,729676,730121,2207,1506,728170,263,1,716962,0,727211,0,1,0,0
293,13,2,64,1,0,10,3,0,3,729815,730121,2207,1683,728132,263,1,716832,0,727081,0,1,0,0
293,13,2,64,1,0,11,3,1,4,729955,730121,2207,1853,728102,263,1,716725,0,726974,0,1,0,0
293,13,2,64,1,0,12,3,2,5,730094,730121,2207,2024,728070,263,1,716598,0,726847,0,1,0,0
294,13,3,64,1,0,0,0,2,2,664436,730060,2215,7,664429,263,1,652194,0,662443,0,1,0,0
294,13,3,64,1,0,1,0,3,3,664644,730060,2215,121,664523,263,1,652920,0,663169,0,1,0,0
294,13,3,64,1,0,2,1,0,1,728464,730060,2215,258,728206,263,1,715968,0,726217,0,1,0,0
294,13,3,64,1,0,3,1,1,2,728669,730060,2215,433,728236,263,1,716504,0,726753,0,1,0,0
294,13,3,64,1,0,4,1,2,3,728868,730060,2215,614,728254,263,1,716797,0,727046,0,1,0,0
294,13,3,64,1,0,5,1,3,4,729029,730060,2215,796,728233,263,1,716939,0,727188,0,1,0,0
294,13,3,64,1,0,6,2,0,2,729168,730060,2215,978,728190,263,1,717024,0,727273,0,1,0,0
294,13,3,64,1,0,7,2,1,3,729306,730060,2215,1156,728150,263,1,716999,0,727248,0,1,0,0
294,13,3,64,1,0,8,2,2,4,729446,730060,2215,1338,728108,263,1,716933,0,727182,0,1,0,0
294,13,3,64,1,0,9,2,3,5,729588,730060,2215,1516,728072,263,1,716905,0,727154,0,1,0,0
294,13,3,64,1,0,10,3,0,3,729727,730060,2215,1692,728035,263,1,716791,0,727040,0,1,0,0
294,13,3,64,1,0,11,3,1,4,729866,730060,2215,1861,728005,263,1,716671,0,726920,0,1,0,0
294,13,3,64,1,0,12,3,2,5,730033,730060,2215,2032,728001,263,1,716544,0,726793,0,1,0,0
295,1,1,128,1,0,0,0,2,2,89795,89817,121,7,89788,512,1,84513,0,89642,0,1,0,0
296,1,2,128,1,0,0,0,2,2,89797,89819,124,7,89790,512,1,84512,0,89641,0,1,0,0
297,1,3,128,1,0,0,0,2,2,89800,89822,125,7,89793,512,1,84514,0,89643,0,1,0,0
298,2,1,128,1,0,0,0,2,2,127106,127316,344,7,127099,256,1,121703,0,126832,0,1,0,0
298,2,1,128,1,0,1,0,3,3,127289,127316,344,126,127163,256,1,121787,0,126916,0,1,0,0
299,2,2,128,1,0,0,0,2,2,127127,127336,325,7,127120,256,1,121724,0,126853,0,1,0,0
299,2,2,128,1,0,1,0,3,3,127309,127336,325,126,127183,256,1,121828,0,126957,0,1,0,0
300,2,3,128,1,0,0,0,2,2,127081,127291,322,7,127074,256,1,121678,0,126807,0,1,0,0
300,2,3,128,1,0,1,0,3,3,127264,127291,322,126,127138,256,1,121785,0,126914,0,1,0,0
301,4,1,128,1,0,0,0,2,2,251538,252201,878,7,251531,223,1,245644,0,250773,0,1,0,0
301,4,1,128,1,0,1,0,3,3,251790,252201,878,126,251664,223,1,245937,0,251066,0,1,0,0
301,4,1,128,1,0,2,1,0,1,252037,252201,878,323,251714,223,1,246134,0,251263,0,1,0,0
301,4,1,128,1,0,3,1,1,2,252174,252201,878,619,251555,223,1,246003,0,251132,0,1,0,0
302,4,2,128,1,0,0,0,2,2,250969,252281,873,7,250962,224,1,245687,0,250816,0,1,0,0
302,4,2,128,1,0,1,0,3,3,251973,252281,873,121,251852,224,1,245986,0,251115,0,1,0,0
302,4,2,128,1,0,2,1,0,1,252117,252281,873,318,251799,224,1,246194,0,251323,0,1,0,0
302,4,2,128,1,0,3,1,1,2,252254,252281,873,614,251640,224,1,246071,0,251200,0,1,0,0
303,4,3,128,1,0,0,0,2,2,251803,252359,871,7,251796,224,1,245667,0,250796,0,1,0,0
303,4,3,128,1,0,1,0,3,3,252056,252359,871,121,251935,224,1,245962,0,251091,0,1,0,0
303,4,3,128,1,0,2,1,0,1,252194,252359,871,316,251878,224,1,246155,0,251284,0,1,0,0
303,4,3,128,1,0,3,1,1,2,252332,252359,871,612,251720,224,1,246024,0,251153,0,1,0,0
304,6,1,128,1,0,0,0,2,2,372107,374616,1375,7,372100,205,1,366825,0,371954,0,1,0,0
304,6,1,128,1,0,1,0,3,3,373823,374616,1375,121,373702,205,1,367494,0,372623,0,1,0,0
304,6,1,128,1,0,2,1,0,1,374073,374616,1375,318,373755,205,1,368022,0,373151,0,1,0,0
304,6,1,128,1,0,3,1,1,2,374311,374616,1375,614,373697,205,1,368038,0,373167,0,1,0,0
304,6,1,128,1,0,4,1,2,3,374450,374616,1375,867,373583,205,1,368033,0,373162,0,1,0,0
304,6,1,128,1,0,5,1,3,4,374589,374616,1375,1120,373469,205,1,367912,0,373041,0,1,0,0
305,6,2,128,1,0,0,0,2,2,373498,374542,1397,7,373491,206,1,366745,0,371874,0,1,0,0
305,6,2,128,1,0,1,0,3,3,373748,374542,1397,121,373627,206,1,367414,0,372543,0,1,0,0
305,6,2,128,1,0,2,1,0,1,373993,374542,1397,318,373675,206,1,367935,0,373064,0,1,0,0
305,6,2,128,1,0,3,1,1,2,374236,374542,1397,636,373600,206,1,367941,0,373070,0,1,0,0
305,6,2,128,1,0,4,1,2,3,374376,374542,1397,889,373487,206,1,367936,0,373065,0,1,0,0
305,6,2,128,1,0,5,1,3,4,374515,374542,1397,1142,373373,206,1,367815,0,372944,0,1,0,0
306,6,3,128,1,0,0,0,2,2,372837,374786,1382,7,372830,206,1,366711,0,371840,0,1,0,0
306,6,3,128,1,0,1,0,3,3,373083,374786,1382,121,372962,206,1,367356,0,372485,0,1,0,0
306,6,3,128,1,0,2,1,0,1,374346,374786,1382,325,374021,206,1,367907,0,373036,0,1,0,0
306,6,3,128,1,0,3,1,1,2,374481,374786,1382,621,373860,206,1,367901,0,373030,0,1,0,0
306,6,3,128,1,0,4,1,2,3,374620,374786,1382,874,373746,206,1,367890,0,373019,0,1,0,0
306,6,3,128,1,0,5,1,3,4,374759,374786,1382,1127,373632,206,1,367770,0,372899,0,1,0,0
307,8,1,128,1,0,0,0,2,2,493433,497173,1880,7,493426,211,1,487792,0,492921,0,1,0,0
307,8,1,128,1,0,1,0,3,3,496008,497173,1880,121,495887,211,1,488816,0,493945,0,1,0,0
307,8,1,128,1,0,2,1,0,1,496249,497173,1880,316,495933,211,1,489719,0,494848,0,1,0,0
307,8,1,128,1,0,3,1,1,2,496487,497173,1880,614,495873,211,1,489953,0,495082,0,1,0,0
307,8,1,128,1,0,4,1,2,3,496728,497173,1880,871,495857,211,1,490088,0,495217,0,1,0,0
307,8,1,128,1,0,5,1,3,4,496870,497173,1880,1124,495746,211,1,490084,0,495213,0,1,0,0
307,8,1,128,1,0,6,2,0,2,497009,497173,1880,1373,495636,211,1,489939,0,495068,0,1,0,0
307,8,1,128,1,0,7,2,1,3,497146,497173,1880,1626,495520,211,1,489824,0,494953,0,1,0,0
308,8,2,128,1,0,0,0,2,2,495186,498929,1891,7,495179,206,1,489545,0,494674,0,1,0,0
308,8,2,128,1,0,1,0,3,3,497762,498929,1891,121,497641,206,1,490572,0,495701,0,1,0,0
308,8,2,128,1,0,2,1,0,1,498002,498929,1891,316,497686,206,1,491478,0,496607,0,1,0,0
308,8,2,128,1,0,3,1,1,2,498244,498929,1891,612,497632,206,1,491715,0,496844,0,1,0,0
308,8,2,128,1,0,4,1,2,3,498484,498929,1891,865,497619,206,1,491848,0,496977,0,1,0,0
308,8,2,128,1,0,5,1,3,4,498626,498929,1891,1118,497508,206,1,491845,0,496974,0,1,0,0
308,8,2,128,1,0,6,2,0,2,498765,498929,1891,1367,497398,206,1,491683,0,496812,0,1,0,0
308,8,2,128,1,0,7,2,1,3,498902,498929,1891,1637,497265,206,1,491568,0,496697,0,1,0,0
309,8,3,128,1,0,0,0,2,2,495858,499056,1875,7,495851,208,1,489236,0,494365,0,1,0,0
309,8,3,128,1,0,1,0,3,3,496106,499056,1875,121,495985,208,1,490266,0,495395,0,1,0,0
309,8,3,128,1,0,2,1,0,1,498330,499056,1875,318,498012,208,1,491184,0,496313,0,1,0,0
309,8,3,128,1,0,3,1,1,2,498465,499056,1875,614,497851,208,1,491422,0,496551,0,1,0,0
309,8,3,128,1,0,4,1,2,3,498602,499056,1875,866,497736,208,1,491520,0,496649,0,1,0,0
309,8,3,128,1,0,5,1,3,4,498741,499056,1875,1119,497622,208,1,491530,0,496659,0,1,0,0
309,8,3,128,1,0,6,2,0,2,498880,499056,1875,1368,497512,208,1,491385,0,496514,0,1,0,0
309,8,3,128,1,0,7,2,1,3,499029,499056,1875,1621,497408,208,1,491264,0,496393,0,1,0,0
310,10,1,128,1,0,0,0,2,2,612244,615269,2376,7,612237,207,1,604128,0,609257,0,1,0,0
310,10,1,128,1,0,1,0,3,3,612488,615269,2376,121,612367,207,1,605468,0,610597,0,1,0,0
310,10,1,128,1,0,2,1,0,1,612833,615269,2376,318,612515,207,1,606703,0,611832,0,1,0,0
310,10,1,128,1,0,3,1,1,2,613086,615269,2376,614,612472,207,1,607057,0,612186,0,1,0,0
310,10,1,128,1,0,4,1,2,3,614936,615269,2376,867,614069,207,1,607398,0,612527,0,1,0,0
310,10,1,128,1,0,5,1,3,4,615069,615269,2376,1120,613949,207,1,607388,0,612517,0,1,0,0
310,10,1,128,1,0,6,2,0,2,615208,615269,2376,1369,613839,207,1,607474,0,612603,0,1,0,0
310,10,1,128,1,0,7,2,1,3,614372,615269,2376,1622,612750,207,1,607345,0,612474,0,1,0,0
310,10,1,128,1,0,8,2,2,4,614609,615269,2376,1870,612739,207,1,607218,0,612347,0,1,0,0
310,10,1,128,1,0,9,2,3,5,614750,615269,2376,2117,612633,207,1,607082,0,612211,0,1,0,0
311,10,2,128,1,0,0,0,2,2,611211,614249,2395,7,611204,207,1,603092,0,608221,0,1,0,0
311,10,2,128,1,0,1,0,3,3,611455,614249,2395,121,611334,207,1,604435,0,609564,0,1,0,0
311,10,2,128,1,0,2,1,0,1,611800,614249,2395,318,611482,207,1,605670,0,610799,0,1,0,0
311,10,2,128,1,0,3,1,1,2,612053,614249,2395,614,611439,207,1,606023,0,611152,0,1,0,0
311,10,2,128,1,0,4,1,2,3,613917,614249,2395,867,613050,207,1,606365,0,611494,0,1,0,0
311,10,2,128,1,0,5,1,3,4,614049,614249,2395,1120,612929,207,1,606358,0,611487,0,1,0,0
311,10,2,128,1,0,6,2,0,2,614188,614249,2395,1369,612819,207,1,606444,0,611573,0,1,0,0
311,10,2,128,1,0,7,2,1,3,613341,614249,2395,1622,611719,207,1,606294,0,611423,0,1,0,0
311,10,2,128,1,0,8,2,2,4,613580,614249,2395,1891,611689,207,1,606170,0,611299,0,1,0,0
311,10,2,128,1,0,9,2,3,5,613729,614249,2395,2136,611593,207,1,606034,0,611163,0,1,0,0
312,10,3,128,1,0,0,0,2,2,612239,615892,2387,7,612232,207,1,604467,0,609596,0,1,0,0
312,10,3,128,1,0,1,0,3,3,612509,615892,2387,121,612388,207,1,605812,0,610941,0,1,0,0
312,10,3,128,1,0,2,1,0,1,614897,615892,2387,318,614579,207,1,607099,0,612228,0,1,0,0
312,10,3,128,1,0,3,1,1,2,615034,615892,2387,614,614420,207,1,607441,0,612570,0,1,0,0
312,10,3,128,1,0,4,1,2,3,615171,615892,2387,867,614304,207,1,607777,0,612906,0,1,0,0
312,10,3,128,1,0,5,1,3,4,615310,615892,2387,1122,614188,207,1,607766,0,612895,0,1,0,0
312,10,3,128,1,0,6,2,0,2,615449,615892,2387,1371,614078,207,1,607884,0,613013,0,1,0,0
312,10,3,128,1,0,7,2,1,3,615587,615892,2387,1624,613963,207,1,607743,0,612872,0,1,0,0
312,10,3,128,1,0,8,2,2,4,615726,615892,2387,1883,613843,207,1,607616,0,612745,0,1,0,0
312,10,3,128,1,0,9,2,3,5,615865,615892,2387,2128,613737,207,1,607495,0,612624,0,1,0,0
313,13,1,128,1,0,0,0,2,2,704644,796214,3130,7,704637,204,1,698190,0,703319,0,1,0,0
313,13,1,128,1,0,1,0,3,3,708815,796214,3130,121,708694,204,1,700378,0,705507,0,1,0,0
313,13,1,128,1,0,2,1,0,1,794587,796214,3130,316,794271,204,1,785865,0,790994,0,1,0,0
313,13,1,128,1,0,3,1,1,2,794832,796214,3130,612,794220,204,1,786439,0,791568,0,1,0,0
313,13,1,128,1,0,4,1,2,3,795065,796214,3130,867,794198,204,1,786894,0,792023,0,1,0,0
313,13,1,128,1,0,5,1,3,4,795207,796214,3130,1120,794087,204,1,787102,0,792231,0,1,0,0
313,13,1,128,1,0,6,2,0,2,795349,796214,3130,1389,793960,204,1,787310,0,792439,0,1,0,0
313,13,1,128,1,0,7,2,1,3,795486,796214,3130,1642,793844,204,1,787310,0,792439,0,1,0,0
313,13,1,128,1,0,8,2,2,4,795626,796214,3130,1890,793736,204,1,787425,0,792554,0,1,0,0
313,13,1,128,1,0,9,2,3,5,795769,796214,3130,2135,793634,204,1,787289,0,792418,0,1,0,0
313,13,1,128,1,0,10,3,0,3,795908,796214,3130,2389,793519,204,1,787161,0,792290,0,1,0,0
313,13,1,128,1,0,11,3,1,4,796047,796214,3130,2635,793412,204,1,787031,0,792160,0,1,0,0
313,13,1,128,1,0,12,3,2,5,796187,796214,3130,2879,793308,204,1,786910,0,792039,0,1,0,0
314,13,2,128,1,0,0,0,2,2,705460,796464,3110,7,705453,203,1,699475,0,704604,0,1,0,0
314,13,2,128,1,0,1,0,3,3,709254,796464,3110,124,709130,203,1,701771,0,706900,0,1,0,0
314,13,2,128,1,0,2,1,0,1,794337,796464,3110,321,794016,203,1,786666,0,791795,0,1,0,0
314,13,2,128,1,0,3,1,1,2,794572,796464,3110,619,793953,203,1,787244,0,792373,0,1,0,0
314,13,2,128,1,0,4,1,2,3,794807,796464,3110,871,793936,203,1,787699,0,792828,0,1,0,0
314,13,2,128,1,0,5,1,3,4,795061,796464,3110,1124,793937,203,1,787927,0,793056,0,1,0,0
314,13,2,128,1,0,6,2,0,2,795310,796464,3110,1373,793937,203,1,788149,0,793278,0,1,0,0
314,13,2,128,1,0,7,2,1,3,795555,796464,3110,1626,793929,203,1,788155,0,793284,0,1,0,0
314,13,2,128,1,0,8,2,2,4,795787,796464,3110,1873,793914,203,1,788282,0,793411,0,1,0,0
314,13,2,128,1,0,9,2,3,5,796020,796464,3110,2117,793903,203,1,788152,0,793281,0,1,0,0
314,13,2,128,1,0,10,3,0,3,796159,796464,3110,2371,793788,203,1,788011,0,793140,0,1,0,0
314,13,2,128,1,0,11,3,1,4,796298,796464,3110,2615,793683,203,1,787896,0,793025,0,1,0,0
314,13,2,128,1,0,12,3,2,5,796437,796464,3110,2859,793578,203,1,787765,0,792894,0,1,0,0
315,13,3,128,1,0,0,0,2,2,705470,796452,3118,7,705463,203,1,697674,0,702803,0,1,0,0
315,13,3,128,1,0,1,0,3,3,705710,796452,3118,131,705579,203,1,699986,0,705115,0,1,0,0
315,13,3,128,1,0,2,1,0,1,791758,796452,3118,328,791430,203,1,785967,0,791096,0,1,0,0
315,13,3,128,1,0,3,1,1,2,795078,796452,3118,624,794454,203,1,786549,0,791678,0,1,0,0
315,13,3,128,1,0,4,1,2,3,795311,796452,3118,877,794434,203,1,787019,0,792148,0,1,0,0
315,13,3,128,1,0,5,1,3,4,795450,796452,3118,1130,794320,203,1,787243,0,792372,0,1,0,0
315,13,3,128,1,0,6,2,0,2,795590,796452,3118,1379,794211,203,1,787459,0,792588,0,1,0,0
315,13,3,128,1,0,7,2,1,3,795727,796452,3118,1632,794095,203,1,787459,0,792588,0,1,0,0
315,13,3,128,1,0,8,2,2,4,795866,796452,3118,1880,793986,203,1,787574,0,792703,0,1,0,0
315,13,3,128,1,0,9,2,3,5,796006,796452,3118,2125,793881,203,1,787438,0,792567,0,1,0,0
315,13,3,128,1,0,10,3,0,3,796147,796452,3118,2378,793769,203,1,787298,0,792427,0,1,0,0
315,13,3,128,1,0,11,3,1,4,796286,796452,3118,2623,793663,203,1,787176,0,792305,0,1,0,0
315,13,3,128,1,0,12,3,2,5,796425,796452,3118,2867,793558,203,1,787045,0,792174,0,1,0,0
316,1,1,256,1,0,0,0,2,2,78008,78030,121,7,78001,256,1,75286,0,77855,0,1,0,0
317,1,2,256,1,0,0,0,2,2,78039,78061,121,7,78032,256,1,75317,0,77886,0,1,0,0
318,1,3,256,1,0,0,0,2,2,78097,78119,121,7,78090,256,1,75375,0,77944,0,1,0,0
319,2,1,256,1,0,0,0,2,2,129078,129416,458,7,129071,128,1,126103,0,128672,0,1,0,0
319,2,1,256,1,0,1,0,3,3,129389,129416,458,130,129259,128,1,126334,0,128903,0,1,0,0
320,2,2,256,1,0,0,0,2,2,129102,129437,452,7,129095,128,1,126131,0,128700,0,1,0,0
320,2,2,256,1,0,1,0,3,3,129410,129437,452,126,129284,128,1,126361,0,128930,0,1,0,0
321,2,3,256,1,0,0,0,2,2,129095,129432,450,7,129088,128,1,126124,0,128693,0,1,0,0
321,2,3,256,1,0,1,0,3,3,129405,129432,450,126,129279,128,1,126359,0,128928,0,1,0,0
322,4,1,256,1,0,0,0,2,2,255286,257721,1511,7,255279,128,1,252564,0,255133,0,1,0,0
322,4,1,256,1,0,1,0,3,3,257296,257721,1511,121,257175,128,1,253249,0,255818,0,1,0,0
322,4,1,256,1,0,2,1,0,1,257556,257721,1511,444,257112,128,1,253694,0,256263,0,1,0,0
322,4,1,256,1,0,3,1,1,2,257694,257721,1511,996,256698,128,1,253443,0,256012,0,1,0,0
323,4,2,256,1,0,0,0,2,2,255288,257744,1516,7,255281,128,1,252566,0,255135,0,1,0,0
323,4,2,256,1,0,1,0,3,3,257320,257744,1516,121,257199,128,1,253248,0,255817,0,1,0,0
323,4,2,256,1,0,2,1,0,1,257580,257744,1516,446,257134,128,1,253714,0,256283,0,1,0,0
323,4,2,256,1,0,3,1,1,2,257717,257744,1516,1000,256717,128,1,253462,0,256031,0,1,0,0
324,4,3,256,1,0,0,0,2,2,255330,257766,1522,7,255323,128,1,252608,0,255177,0,1,0,0
324,4,3,256,1,0,1,0,3,3,257340,257766,1522,121,257219,128,1,253284,0,255853,0,1,0,0
324,4,3,256,1,0,2,1,0,1,257600,257766,1522,453,257147,128,1,253726,0,256295,0,1,0,0
324,4,3,256,1,0,3,1,1,2,257739,257766,1522,1008,256731,128,1,253476,0,256045,0,1,0,0
325,6,1,256,1,0,0,0,2,2,380792,384362,2528,7,380785,128,1,376579,0,379148,0,1,0,0
325,6,1,256,1,0,1,0,3,3,381299,384362,2528,121,381178,128,1,377998,0,380567,0,1,0,0
325,6,1,256,1,0,2,1,0,1,383810,384362,2528,446,383364,128,1,379189,0,381758,0,1,0,0
325,6,1,256,1,0,3,1,1,2,384059,384362,2528,998,383061,128,1,379206,0,381775,0,1,0,0
325,6,1,256,1,0,4,1,2,3,384196,384362,2528,1508,382688,128,1,379196,0,381765,0,1,0,0
325,6,1,256,1,0,5,1,3,4,384335,384362,2528,2017,382318,128,1,378940,0,381509,0,1,0,0
326,6,2,256,1,0,0,0,2,2,380809,384356,2523,7,380802,128,1,376582,0,379151,0,1,0,0
326,6,2,256,1,0,1,0,3,3,381314,384356,2523,121,381193,128,1,378018,0,380587,0,1,0,0
326,6,2,256,1,0,2,1,0,1,383801,384356,2523,444,383357,128,1,379206,0,381775,0,1,0,0
326,6,2,256,1,0,3,1,1,2,384053,384356,2523,996,383057,128,1,379200,0,381769,0,1,0,0
326,6,2,256,1,0,4,1,2,3,384190,384356,2523,1505,382685,128,1,379192,0,381761,0,1,0,0
326,6,2,256,1,0,5,1,3,4,384329,384356,2523,2012,382317,128,1,378936,0,381505,0,1,0,0
327,6,3,256,1,0,0,0,2,2,380794,384370,2530,7,380787,128,1,376581,0,379150,0,1,0,0
327,6,3,256,1,0,1,0,3,3,381302,384370,2530,121,381181,128,1,377985,0,380554,0,1,0,0
327,6,3,256,1,0,2,1,0,1,383813,384370,2530,462,383351,128,1,379216,0,381785,0,1,0,0
327,6,3,256,1,0,3,1,1,2,384065,384370,2530,998,383067,128,1,379207,0,381776,0,1,0,0
327,6,3,256,1,0,4,1,2,3,384204,384370,2530,1510,382694,128,1,379197,0,381766,0,1,0,0
327,6,3,256,1,0,5,1,3,4,384343,384370,2530,2019,382324,128,1,378941,0,381510,0,1,0,0
328,8,1,256,1,0,0,0,2,2,505993,510825,3540,7,505986,128,1,499768,0,502337,0,1,0,0
328,8,1,256,1,0,1,0,3,3,506494,510825,3540,121,506373,128,1,501953,0,504522,0,1,0,0
328,8,1,256,1,0,2,1,0,1,509988,510825,3540,446,509542,128,1,503897,0,506466,0,1,0,0
328,8,1,256,1,0,3,1,1,2,510243,510825,3540,998,509245,128,1,504390,0,506959,0,1,0,0
328,8,1,256,1,0,4,1,2,3,510382,510825,3540,1507,508875,128,1,504625,0,507194,0,1,0,0
328,8,1,256,1,0,5,1,3,4,510521,510825,3540,2016,508505,128,1,504628,0,507197,0,1,0,0
328,8,1,256,1,0,6,2,0,2,510660,510825,3540,2521,508139,128,1,504355,0,506924,0,1,0,0
328,8,1,256,1,0,7,2,1,3,510798,510825,3540,3030,507768,128,1,504106,0,506675,0,1,0,0
329,8,2,256,1,0,0,0,2,2,506057,510872,3567,7,506050,128,1,499832,0,502401,0,1,0,0
329,8,2,256,1,0,1,0,3,3,506559,510872,3567,121,506438,128,1,502017,0,504586,0,1,0,0
329,8,2,256,1,0,2,1,0,1,510034,510872,3567,446,509588,128,1,503958,0,506527,0,1,0,0
329,8,2,256,1,0,3,1,1,2,510289,510872,3567,998,509291,128,1,504449,0,507018,0,1,0,0
329,8,2,256,1,0,4,1,2,3,510428,510872,3567,1509,508919,128,1,504683,0,507252,0,1,0,0
329,8,2,256,1,0,5,1,3,4,510568,510872,3567,2018,508550,128,1,504672,0,507241,0,1,0,0
329,8,2,256,1,0,6,2,0,2,510707,510872,3567,2523,508184,128,1,504374,0,506943,0,1,0,0
329,8,2,256,1,0,7,2,1,3,510845,510872,3567,3057,507788,128,1,504125,0,506694,0,1,0,0
330,8,3,256,1,0,0,0,2,2,506008,510831,3538,7,506001,128,1,499794,0,502363,0,1,0,0
330,8,3,256,1,0,1,0,3,3,506510,510831,3538,121,506389,128,1,501964,0,504533,0,1,0,0
330,8,3,256,1,0,2,1,0,1,509985,510831,3538,444,509541,128,1,503909,0,506478,0,1,0,0
330,8,3,256,1,0,3,1,1,2,510241,510831,3538,998,509243,128,1,504402,0,506971,0,1,0,0
330,8,3,256,1,0,4,1,2,3,510379,510831,3538,1507,508872,128,1,504639,0,507208,0,1,0,0
330,8,3,256,1,0,5,1,3,4,510528,510831,3538,2014,508514,128,1,504628,0,507197,0,1,0,0
330,8,3,256,1,0,6,2,0,2,510667,510831,3538,2519,508148,128,1,504355,0,506924,0,1,0,0
330,8,3,256,1,0,7,2,1,3,510804,510831,3538,3028,507776,128,1,504106,0,506675,0,1,0,0
331,10,1,256,1,0,0,0,2,2,625366,636262,4588,7,625359,128,1,621908,0,624477,0,1,0,0
331,10,1,256,1,0,1,0,3,3,630342,636262,4588,121,630221,128,1,624815,0,627384,0,1,0,0
331,10,1,256,1,0,2,1,0,1,634786,636262,4588,446,634340,128,1,627491,0,630060,0,1,0,0
331,10,1,256,1,0,3,1,1,2,635283,636262,4588,998,634285,128,1,628217,0,630786,0,1,0,0
331,10,1,256,1,0,4,1,2,3,635536,636262,4588,1507,634029,128,1,628923,0,631492,0,1,0,0
331,10,1,256,1,0,5,1,3,4,635675,636262,4588,2032,633643,128,1,628912,0,631481,0,1,0,0
331,10,1,256,1,0,6,2,0,2,635814,636262,4588,2537,633277,128,1,629137,0,631706,0,1,0,0
331,10,1,256,1,0,7,2,1,3,635952,636262,4588,3046,632906,128,1,628888,0,631457,0,1,0,0
331,10,1,256,1,0,8,2,2,4,636094,636262,4588,3550,632544,128,1,628632,0,631201,0,1,0,0
331,10,1,256,1,0,9,2,3,5,636235,636262,4588,4051,632184,128,1,628353,0,630922,0,1,0,0
332,10,2,256,1,0,0,0,2,2,625330,636218,4554,7,625323,128,1,621872,0,624441,0,1,0,0
332,10,2,256,1,0,1,0,3,3,630302,636218,4554,121,630181,128,1,624776,0,627345,0,1,0,0
332,10,2,256,1,0,2,1,0,1,634757,636218,4554,446,634311,128,1,627448,0,630017,0,1,0,0
332,10,2,256,1,0,3,1,1,2,635253,636218,4554,999,634254,128,1,628198,0,630767,0,1,0,0
332,10,2,256,1,0,4,1,2,3,635498,636218,4554,1508,633990,128,1,628920,0,631489,0,1,0,0
332,10,2,256,1,0,5,1,3,4,635637,636218,4554,2017,633620,128,1,628906,0,631475,0,1,0,0
332,10,2,256,1,0,6,2,0,2,635776,636218,4554,2525,633251,128,1,629120,0,631689,0,1,0,0
332,10,2,256,1,0,7,2,1,3,635913,636218,4554,3034,632879,128,1,628871,0,631440,0,1,0,0
332,10,2,256,1,0,8,2,2,4,636052,636218,4554,3538,632514,128,1,628615,0,631184,0,1,0,0
332,10,2,256,1,0,9,2,3,5,636191,636218,4554,4039,632152,128,1,628358,0,630927,0,1,0,0
333,10,3,256,1,0,0,0,2,2,625333,636220,4555,7,625326,128,1,621873,0,624442,0,1,0,0
333,10,3,256,1,0,1,0,3,3,630312,636220,4555,123,630189,128,1,624786,0,627355,0,1,0,0
333,10,3,256,1,0,2,1,0,1,634759,636220,4555,450,634309,128,1,627456,0,630025,0,1,0,0
333,10,3,256,1,0,3,1,1,2,635256,636220,4555,1003,634253,128,1,628183,0,630752,0,1,0,0
333,10,3,256,1,0,4,1,2,3,635498,636220,4555,1512,633986,128,1,628919,0,631488,0,1,0,0
333,10,3,256,1,0,5,1,3,4,635637,636220,4555,2021,633616,128,1,628908,0,631477,0,1,0,0
333,10,3,256,1,0,6,2,0,2,635776,636220,4555,2526,633250,128,1,629122,0,631691,0,1,0,0
333,10,3,256,1,0,7,2,1,3,635915,636220,4555,3035,632880,128,1,628873,0,631442,0,1,0,0
333,10,3,256,1,0,8,2,2,4,636054,636220,4555,3539,632515,128,1,628617,0,631186,0,1,0,0
333,10,3,256,1,0,9,2,3,5,636193,636220,4555,4040,632153,128,1,628360,0,630929,0,1,0,0
334,13,1,256,1,0,0,0,2,2,748245,826721,6106,7,748238,130,1,745020,0,747589,0,1,0,0
334,13,1,256,1,0,1,0,3,3,754715,826721,6106,130,754585,130,1,749167,0,751736,0,1,0,0
334,13,1,256,1,0,2,1,0,1,820507,826721,6106,455,820052,130,1,814687,0,817256,0,1,0,0
334,13,1,256,1,0,3,1,1,2,821007,826721,6106,1007,820000,130,1,815903,0,818472,0,1,0,0
334,13,1,256,1,0,4,1,2,3,821504,826721,6106,1516,819988,130,1,816881,0,819450,0,1,0,0
334,13,1,256,1,0,5,1,3,4,825697,826721,6106,2025,823672,130,1,817344,0,819913,0,1,0,0
334,13,1,256,1,0,6,2,0,2,825834,826721,6106,2555,823279,130,1,817808,0,820377,0,1,0,0
334,13,1,256,1,0,7,2,1,3,825972,826721,6106,3064,822908,130,1,817821,0,820390,0,1,0,0
334,13,1,256,1,0,8,2,2,4,826111,826721,6106,3568,822543,130,1,818064,0,820633,0,1,0,0
334,13,1,256,1,0,9,2,3,5,826251,826721,6106,4069,822182,130,1,817801,0,820370,0,1,0,0
334,13,1,256,1,0,10,3,0,3,826390,826721,6106,4578,821812,130,1,817541,0,820110,0,1,0,0
334,13,1,256,1,0,11,3,1,4,826554,826721,6106,5078,821476,130,1,817261,0,819830,0,1,0,0
334,13,1,256,1,0,12,3,2,5,826694,826721,6106,5600,821094,130,1,817007,0,819576,0,1,0,0
335,13,2,256,1,0,0,0,2,2,748209,826691,6079,7,748202,130,1,744997,0,747566,0,1,0,0
335,13,2,256,1,0,1,0,3,3,754683,826691,6079,121,754562,130,1,749144,0,751713,0,1,0,0
335,13,2,256,1,0,2,1,0,1,820495,826691,6079,446,820049,130,1,814684,0,817253,0,1,0,0
335,13,2,256,1,0,3,1,1,2,820995,826691,6079,998,819997,130,1,815900,0,818469,0,1,0,0
335,13,2,256,1,0,4,1,2,3,821493,826691,6079,1507,819986,130,1,816878,0,819447,0,1,0,0
335,13,2,256,1,0,5,1,3,4,825682,826691,6079,2016,823666,130,1,817358,0,819927,0,1,0,0
335,13,2,256,1,0,6,2,0,2,825819,826691,6079,2528,823291,130,1,817822,0,820391,0,1,0,0
335,13,2,256,1,0,7,2,1,3,825958,826691,6079,3037,822921,130,1,817833,0,820402,0,1,0,0
335,13,2,256,1,0,8,2,2,4,826097,826691,6079,3541,822556,130,1,818076,0,820645,0,1,0,0
335,13,2,256,1,0,9,2,3,5,826236,826691,6079,4042,822194,130,1,817813,0,820382,0,1,0,0
335,13,2,256,1,0,10,3,0,3,826375,826691,6079,4551,821824,130,1,817553,0,820122,0,1,0,0
335,13,2,256,1,0,11,3,1,4,826522,826691,6079,5051,821471,130,1,817273,0,819842,0,1,0,0
335,13,2,256,1,0,12,3,2,5,826664,826691,6079,5573,821091,130,1,817019,0,819588,0,1,0,0
336,13,3,256,1,0,0,0,2,2,748092,826558,6077,7,748085,130,1,744880,0,747449,0,1,0,0
336,13,3,256,1,0,1,0,3,3,754557,826558,6077,121,754436,130,1,749040,0,751609,0,1,0,0
336,13,3,256,1,0,2,1,0,1,820377,826558,6077,446,819931,130,1,814565,0,817134,0,1,0,0
336,13,3,256,1,0,3,1,1,2,820876,826558,6077,998,819878,130,1,815781,0,818350,0,1,0,0
336,13,3,256,1,0,4,1,2,3,821373,826558,6077,1507,819866,130,1,816759,0,819328,0,1,0,0
336,13,3,256,1,0,5,1,3,4,825558,826558,6077,2016,823542,130,1,817242,0,819811,0,1,0,0
336,13,3,256,1,0,6,2,0,2,825695,826558,6077,2526,823169,130,1,817719,0,820288,0,1,0,0
336,13,3,256,1,0,7,2,1,3,825834,826558,6077,3035,822799,130,1,817711,0,820280,0,1,0,0
336,13,3,256,1,0,8,2,2,4,825974,826558,6077,3539,822435,130,1,817954,0,820523,0,1,0,0
336,13,3,256,1,0,9,2,3,5,826113,826558,6077,4040,822073,130,1,817691,0,820260,0,1,0,0
336,13,3,256,1,0,10,3,0,3,826252,826558,6077,4549,821703,130,1,817431,0,820000,0,1,0,0
336,13,3,256,1,0,11,3,1,4,826391,826558,6077,5049,821342,130,1,817151,0,819720,0,1,0,0
336,13,3,256,1,0,12,3,2,5,826531,826558,6077,5571,820960,130,1,816897,0,819466,0,1,0,0
337,1,1,512,1,0,0,0,2,2,71753,71775,131,7,71746,128,1,70301,0,71590,0,1,0,0
338,1,2,512,1,0,0,0,2,2,71737,71759,121,7,71730,128,1,70295,0,71584,0,1,0,0
339,1,3,512,1,0,0,0,2,2,71733,71755,123,7,71726,128,1,70289,0,71578,0,1,0,0
340,2,1,512,1,0,0,0,2,2,129684,130277,708,7,129677,64,1,127737,0,129026,0,1,0,0
340,2,1,512,1,0,1,0,3,3,130250,130277,708,126,130124,64,1,128226,0,129515,0,1,0,0
341,2,2,512,1,0,0,0,2,2,129695,130289,727,7,129688,64,1,127748,0,129037,0,1,0,0
341,2,2,512,1,0,1,0,3,3,130262,130289,727,126,130136,64,1,128218,0,129507,0,1,0,0
342,2,3,512,1,0,0,0,2,2,129682,130276,708,7,129675,64,1,127735,0,129024,0,1,0,0
342,2,3,512,1,0,1,0,3,3,130249,130276,708,126,130123,64,1,128224,0,129513,0,1,0,0
343,4,1,512,1,0,0,0,2,2,255426,260165,2800,7,255419,64,1,253980,0,255269,0,1,0,0
343,4,1,512,1,0,1,0,3,3,259486,260165,2800,121,259365,64,1,255428,0,256717,0,1,0,0
343,4,1,512,1,0,2,1,0,1,260001,260165,2800,709,259292,64,1,256387,0,257676,0,1,0,0
343,4,1,512,1,0,3,1,1,2,260138,260165,2800,1773,258365,64,1,255880,0,257169,0,1,0,0
344,4,2,512,1,0,0,0,2,2,255566,260310,2817,7,255559,64,1,254124,0,255413,0,1,0,0
344,4,2,512,1,0,1,0,3,3,259629,260310,2817,121,259508,64,1,255575,0,256864,0,1,0,0
344,4,2,512,1,0,2,1,0,1,260145,260310,2817,702,259443,64,1,256509,0,257798,0,1,0,0
344,4,2,512,1,0,3,1,1,2,260283,260310,2817,1791,258492,64,1,256006,0,257295,0,1,0,0
345,4,3,512,1,0,0,0,2,2,255411,260152,2793,7,255404,64,1,253966,0,255255,0,1,0,0
345,4,3,512,1,0,1,0,3,3,259472,260152,2793,121,259351,64,1,255424,0,256713,0,1,0,0
345,4,3,512,1,0,2,1,0,1,259987,260152,2793,702,259285,64,1,256381,0,257670,0,1,0,0
345,4,3,512,1,0,3,1,1,2,260125,260152,2793,1766,258359,64,1,255873,0,257162,0,1,0,0
346,6,1,512,1,0,0,0,2,2,383362,390259,4832,7,383355,64,1,378879,0,380168,0,1,0,0
346,6,1,512,1,0,1,0,3,3,384380,390259,4832,121,384259,64,1,381849,0,383138,0,1,0,0
346,6,1,512,1,0,2,1,0,1,389447,390259,4832,702,388745,64,1,384327,0,385616,0,1,0,0
346,6,1,512,1,0,3,1,1,2,389955,390259,4832,1766,388189,64,1,384320,0,385609,0,1,0,0
346,6,1,512,1,0,4,1,2,3,390093,390259,4832,2788,387305,64,1,384321,0,385610,0,1,0,0
346,6,1,512,1,0,5,1,3,4,390232,390259,4832,3809,386423,64,1,383810,0,385099,0,1,0,0
347,6,2,512,1,0,0,0,2,2,383425,390326,4834,7,383418,64,1,378943,0,380232,0,1,0,0
347,6,2,512,1,0,1,0,3,3,384442,390326,4834,121,384321,64,1,381912,0,383201,0,1,0,0
347,6,2,512,1,0,2,1,0,1,389511,390326,4834,702,388809,64,1,384387,0,385676,0,1,0,0
347,6,2,512,1,0,3,1,1,2,390022,390326,4834,1770,388252,64,1,384382,0,385671,0,1,0,0
347,6,2,512,1,0,4,1,2,3,390160,390326,4834,2790,387370,64,1,384383,0,385672,0,1,0,0
347,6,2,512,1,0,5,1,3,4,390299,390326,4834,3811,386488,64,1,383872,0,385161,0,1,0,0
348,6,3,512,1,0,0,0,2,2,383280,390182,4833,7,383273,64,1,378796,0,380085,0,1,0,0
348,6,3,512,1,0,1,0,3,3,384315,390182,4833,123,384192,64,1,381765,0,383054,0,1,0,0
348,6,3,512,1,0,2,1,0,1,389371,390182,4833,704,388667,64,1,384250,0,385539,0,1,0,0
348,6,3,512,1,0,3,1,1,2,389879,390182,4833,1768,388111,64,1,384255,0,385544,0,1,0,0
348,6,3,512,1,0,4,1,2,3,390016,390182,4833,2789,387227,64,1,384244,0,385533,0,1,0,0
348,6,3,512,1,0,5,1,3,4,390155,390182,4833,3810,386345,64,1,383733,0,385022,0,1,0,0
349,8,1,512,1,0,0,0,2,2,509553,518757,6871,7,509546,64,1,500998,0,502287,0,1,0,0
349,8,1,512,1,0,1,0,3,3,510566,518757,6871,121,510445,64,1,505498,0,506787,0,1,0,0
349,8,1,512,1,0,2,1,0,1,517649,518757,6871,702,516947,64,1,509512,0,510801,0,1,0,0
349,8,1,512,1,0,3,1,1,2,518177,518757,6871,1766,516411,64,1,510518,0,511807,0,1,0,0
349,8,1,512,1,0,4,1,2,3,518315,518757,6871,2787,515528,64,1,511019,0,512308,0,1,0,0
349,8,1,512,1,0,5,1,3,4,518454,518757,6871,3808,514646,64,1,511009,0,512298,0,1,0,0
349,8,1,512,1,0,6,2,0,2,518593,518757,6871,4825,513768,64,1,510480,0,511769,0,1,0,0
349,8,1,512,1,0,7,2,1,3,518730,518757,6871,5846,512884,64,1,509989,0,511278,0,1,0,0
350,8,2,512,1,0,0,0,2,2,509728,518935,6887,7,509721,64,1,501191,0,502480,0,1,0,0
350,8,2,512,1,0,1,0,3,3,510741,518935,6887,121,510620,64,1,505678,0,506967,0,1,0,0
350,8,2,512,1,0,2,1,0,1,517843,518935,6887,702,517141,64,1,509688,0,510977,0,1,0,0
350,8,2,512,1,0,3,1,1,2,518354,518935,6887,1766,516588,64,1,510705,0,511994,0,1,0,0
350,8,2,512,1,0,4,1,2,3,518491,518935,6887,2787,515704,64,1,511195,0,512484,0,1,0,0
350,8,2,512,1,0,5,1,3,4,518630,518935,6887,3808,514822,64,1,511204,0,512493,0,1,0,0
350,8,2,512,1,0,6,2,0,2,518770,518935,6887,4825,513945,64,1,510675,0,511964,0,1,0,0
350,8,2,512,1,0,7,2,1,3,518908,518935,6887,5846,513062,64,1,510151,0,511440,0,1,0,0
351,8,3,512,1,0,0,0,2,2,509632,518828,6868,7,509625,64,1,501115,0,502404,0,1,0,0
351,8,3,512,1,0,1,0,3,3,510646,518828,6868,121,510525,64,1,505585,0,506874,0,1,0,0
351,8,3,512,1,0,2,1,0,1,517731,518828,6868,702,517029,64,1,509582,0,510871,0,1,0,0
351,8,3,512,1,0,3,1,1,2,518245,518828,6868,1766,516479,64,1,510593,0,511882,0,1,0,0
351,8,3,512,1,0,4,1,2,3,518383,518828,6868,2787,515596,64,1,511102,0,512391,0,1,0,0
351,8,3,512,1,0,5,1,3,4,518522,518828,6868,3808,514714,64,1,511092,0,512381,0,1,0,0
351,8,3,512,1,0,6,2,0,2,518661,518828,6868,4825,513836,64,1,510563,0,511852,0,1,0,0
351,8,3,512,1,0,7,2,1,3,518801,518828,6868,5846,512955,64,1,510058,0,511347,0,1,0,0
352,10,1,512,1,0,0,0,2,2,625618,646992,8902,7,625611,64,1,622672,0,623961,0,1,0,0
352,10,1,512,1,0,1,0,3,3,635693,646992,8902,121,635572,64,1,628634,0,629923,0,1,0,0
352,10,1,512,1,0,2,1,0,1,644746,646992,8902,702,644044,64,1,634123,0,635412,0,1,0,0
352,10,1,512,1,0,3,1,1,2,645773,646992,8902,1766,644007,64,1,635616,0,636905,0,1,0,0
352,10,1,512,1,0,4,1,2,3,646271,646992,8902,2787,643484,64,1,637116,0,638405,0,1,0,0
352,10,1,512,1,0,5,1,3,4,646410,646992,8902,3808,642602,64,1,637106,0,638395,0,1,0,0
352,10,1,512,1,0,6,2,0,2,646549,646992,8902,4825,641724,64,1,637576,0,638865,0,1,0,0
352,10,1,512,1,0,7,2,1,3,646687,646992,8902,5846,640841,64,1,637091,0,638380,0,1,0,0
352,10,1,512,1,0,8,2,2,4,646826,646992,8902,6862,639964,64,1,636579,0,637868,0,1,0,0
352,10,1,512,1,0,9,2,3,5,646965,646992,8902,7875,639090,64,1,636065,0,637354,0,1,0,0
353,10,2,512,1,0,0,0,2,2,625797,647169,8913,7,625790,64,1,622840,0,624129,0,1,0,0
353,10,2,512,1,0,1,0,3,3,635890,647169,8913,121,635769,64,1,628830,0,630119,0,1,0,0
353,10,2,512,1,0,2,1,0,1,644934,647169,8913,702,644232,64,1,634308,0,635597,0,1,0,0
353,10,2,512,1,0,3,1,1,2,645941,647169,8913,1778,644163,64,1,635804,0,637093,0,1,0,0
353,10,2,512,1,0,4,1,2,3,646439,647169,8913,2798,643641,64,1,637293,0,638582,0,1,0,0
353,10,2,512,1,0,5,1,3,4,646578,647169,8913,3819,642759,64,1,637283,0,638572,0,1,0,0
353,10,2,512,1,0,6,2,0,2,646726,647169,8913,4836,641890,64,1,637753,0,639042,0,1,0,0
353,10,2,512,1,0,7,2,1,3,646864,647169,8913,5857,641007,64,1,637248,0,638537,0,1,0,0
353,10,2,512,1,0,8,2,2,4,647003,647169,8913,6873,640130,64,1,636736,0,638025,0,1,0,0
353,10,2,512,1,0,9,2,3,5,647142,647169,8913,7886,639256,64,1,636222,0,637511,0,1,0,0
354,10,3,512,1,0,0,0,2,2,625853,647260,8902,7,625846,64,1,622907,0,624196,0,1,0,0
354,10,3,512,1,0,1,0,3,3,635927,647260,8902,121,635806,64,1,628870,0,630159,0,1,0,0
354,10,3,512,1,0,2,1,0,1,645012,647260,8902,702,644310,64,1,634365,0,635654,0,1,0,0
354,10,3,512,1,0,3,1,1,2,646021,647260,8902,1766,644255,64,1,635859,0,637148,0,1,0,0
354,10,3,512,1,0,4,1,2,3,646519,647260,8902,2787,643732,64,1,637364,0,638653,0,1,0,0
354,10,3,512,1,0,5,1,3,4,646679,647260,8902,3808,642871,64,1,637374,0,638663,0,1,0,0
354,10,3,512,1,0,6,2,0,2,646818,647260,8902,4825,641993,64,1,637844,0,639133,0,1,0,0
354,10,3,512,1,0,7,2,1,3,646955,647260,8902,5846,641109,64,1,637339,0,638628,0,1,0,0
354,10,3,512,1,0,8,2,2,4,647094,647260,8902,6862,640232,64,1,636827,0,638116,0,1,0,0
354,10,3,512,1,0,9,2,3,5,647233,647260,8902,7875,639358,64,1,636313,0,637602,0,1,0,0
355,13,1,512,1,0,0,0,2,2,747495,840632,11949,7,747488,65,1,744037,0,745326,0,1,0,0
355,13,1,512,1,0,1,0,3,3,760574,840632,11949,128,760446,65,1,752491,0,753780,0,1,0,0
355,13,1,512,1,0,2,1,0,1,828069,840632,11949,731,827338,65,1,821457,0,822746,0,1,0,0
355,13,1,512,1,0,3,1,1,2,829073,840632,11949,1773,827300,65,1,823954,0,825243,0,1,0,0
355,13,1,512,1,0,4,1,2,3,839126,840632,11949,2794,836332,65,1,825955,0,827244,0,1,0,0
355,13,1,512,1,0,5,1,3,4,839630,840632,11949,3815,835815,65,1,826947,0,828236,0,1,0,0
355,13,1,512,1,0,6,2,0,2,839769,840632,11949,4832,834937,65,1,827923,0,829212,0,1,0,0
355,13,1,512,1,0,7,2,1,3,839906,840632,11949,5853,834053,65,1,827915,0,829204,0,1,0,0
355,13,1,512,1,0,8,2,2,4,840046,840632,11949,6869,833177,65,1,828411,0,829700,0,1,0,0
355,13,1,512,1,0,9,2,3,5,840185,840632,11949,7885,832300,65,1,827891,0,829180,0,1,0,0
355,13,1,512,1,0,10,3,0,3,840325,840632,11949,8906,831419,65,1,827395,0,828684,0,1,0,0
355,13,1,512,1,0,11,3,1,4,840464,840632,11949,9918,830546,65,1,826882,0,828171,0,1,0,0
355,13,1,512,1,0,12,3,2,5,840605,840632,11949,10930,829675,65,1,826371,0,827660,0,1,0,0
356,13,2,512,1,0,0,0,2,2,747477,840627,11939,7,747470,65,1,744026,0,745315,0,1,0,0
356,13,2,512,1,0,1,0,3,3,760559,840627,11939,121,760438,65,1,752505,0,753794,0,1,0,0
356,13,2,512,1,0,2,1,0,1,828087,840627,11939,703,827384,65,1,821481,0,822770,0,1,0,0
356,13,2,512,1,0,3,1,1,2,829090,840627,11939,1766,827324,65,1,823978,0,825267,0,1,0,0
356,13,2,512,1,0,4,1,2,3,839122,840627,11939,2787,836335,65,1,825979,0,827268,0,1,0,0
356,13,2,512,1,0,5,1,3,4,839627,840627,11939,3808,835819,65,1,826971,0,828260,0,1,0,0
356,13,2,512,1,0,6,2,0,2,839766,840627,11939,4825,834941,65,1,827947,0,829236,0,1,0,0
356,13,2,512,1,0,7,2,1,3,839903,840627,11939,5846,834057,65,1,827938,0,829227,0,1,0,0
356,13,2,512,1,0,8,2,2,4,840042,840627,11939,6863,833179,65,1,828438,0,829727,0,1,0,0
356,13,2,512,1,0,9,2,3,5,840182,840627,11939,7875,832307,65,1,827918,0,829207,0,1,0,0
356,13,2,512,1,0,10,3,0,3,840321,840627,11939,8896,831425,65,1,827402,0,828691,0,1,0,0
356,13,2,512,1,0,11,3,1,4,840460,840627,11939,9908,830552,65,1,826889,0,828178,0,1,0,0
356,13,2,512,1,0,12,3,2,5,840600,840627,11939,10920,829680,65,1,826378,0,827667,0,1,0,0
357,13,3,512,1,0,0,0,2,2,747701,840931,11939,7,747694,65,1,744250,0,745539,0,1,0,0
357,13,3,512,1,0,1,0,3,3,760780,840931,11939,121,760659,65,1,752726,0,754015,0,1,0,0
357,13,3,512,1,0,2,1,0,1,828364,840931,11939,702,827662,65,1,821747,0,823036,0,1,0,0
357,13,3,512,1,0,3,1,1,2,829367,840931,11939,1766,827601,65,1,824255,0,825544,0,1,0,0
357,13,3,512,1,0,4,1,2,3,839423,840931,11939,2787,836636,65,1,826279,0,827568,0,1,0,0
357,13,3,512,1,0,5,1,3,4,839927,840931,11939,3808,836119,65,1,827271,0,828560,0,1,0,0
357,13,3,512,1,0,6,2,0,2,840066,840931,11939,4825,835241,65,1,828247,0,829536,0,1,0,0
357,13,3,512,1,0,7,2,1,3,840205,840931,11939,5846,834359,65,1,828239,0,829528,0,1,0,0
357,13,3,512,1,0,8,2,2,4,840344,840931,11939,6862,833482,65,1,828738,0,830027,0,1,0,0
357,13,3,512,1,0,9,2,3,5,840483,840931,11939,7875,832608,65,1,828218,0,829507,0,1,0,0
357,13,3,512,1,0,10,3,0,3,840622,840931,11939,8896,831726,65,1,827702,0,828991,0,1,0,0
357,13,3,512,1,0,11,3,1,4,840765,840931,11939,9908,830857,65,1,827189,0,828478,0,1,0,0
357,13,3,512,1,0,12,3,2,5,840904,840931,11939,10920,829984,65,1,826678,0,827967,0,1,0,0
358,1,1,1024,1,0,0,0,2,2,68722,68744,121,7,68715,64,1,67920,0,68569,0,1,0,0
359,1,2,1024,1,0,0,0,2,2,68759,68781,131,7,68752,64,1,67947,0,68596,0,1,0,0
360,1,3,1024,1,0,0,0,2,2,68724,68746,121,7,68717,64,1,67922,0,68571,0,1,0,0
361,2,1,1024,1,0,0,0,2,2,129815,130933,1220,7,129808,32,1,127996,0,128645,0,1,0,0
361,2,1,1024,1,0,1,0,3,3,130906,130933,1220,126,130780,32,1,128996,0,129645,0,1,0,0
362,2,2,1024,1,0,0,0,2,2,129846,130951,1220,7,129839,32,1,128027,0,128676,0,1,0,0
362,2,2,1024,1,0,1,0,3,3,130924,130951,1220,126,130798,32,1,129027,0,129676,0,1,0,0
363,2,3,1024,1,0,0,0,2,2,129807,130913,1220,7,129800,32,1,127988,0,128637,0,1,0,0
363,2,3,1024,1,0,1,0,3,3,130886,130913,1220,126,130760,32,1,128988,0,129637,0,1,0,0
364,4,1,1024,1,0,0,0,2,2,251950,261298,5353,7,251943,32,1,251148,0,251797,0,1,0,0
364,4,1,1024,1,0,1,0,3,3,260105,261298,5353,121,259984,32,1,254134,0,254783,0,1,0,0
364,4,1,1024,1,0,2,1,0,1,261133,261298,5353,1214,259919,32,1,256116,0,256765,0,1,0,0
364,4,1,1024,1,0,3,1,1,2,261271,261298,5353,3302,257969,32,1,255097,0,255746,0,1,0,0
365,4,2,1024,1,0,0,0,2,2,251957,261307,5355,7,251950,32,1,251155,0,251804,0,1,0,0
365,4,2,1024,1,0,1,0,3,3,260111,261307,5355,121,259990,32,1,254141,0,254790,0,1,0,0
365,4,2,1024,1,0,2,1,0,1,261140,261307,5355,1214,259926,32,1,256123,0,256772,0,1,0,0
365,4,2,1024,1,0,3,1,1,2,261280,261307,5355,3302,257978,32,1,255102,0,255751,0,1,0,0
366,4,3,1024,1,0,0,0,2,2,251966,261313,5353,7,251959,32,1,251164,0,251813,0,1,0,0
366,4,3,1024,1,0,1,0,3,3,260120,261313,5353,121,259999,32,1,254150,0,254799,0,1,0,0
366,4,3,1024,1,0,2,1,0,1,261148,261313,5353,1214,259934,32,1,256132,0,256781,0,1,0,0
366,4,3,1024,1,0,3,1,1,2,261286,261313,5353,3302,257984,32,1,255113,0,255762,0,1,0,0
367,6,1,1024,1,0,0,0,2,2,377884,391431,9449,7,377877,32,1,370975,0,371624,0,1,0,0
367,6,1,1024,1,0,1,0,3,3,379925,391431,9449,121,379804,32,1,377010,0,377659,0,1,0,0
367,6,1,1024,1,0,2,1,0,1,390093,391431,9449,1214,388879,32,1,382027,0,382676,0,1,0,0
367,6,1,1024,1,0,3,1,1,2,391114,391431,9449,3315,387799,32,1,382023,0,382672,0,1,0,0
367,6,1,1024,1,0,4,1,2,3,391265,391431,9449,5359,385906,32,1,382013,0,382662,0,1,0,0
367,6,1,1024,1,0,5,1,3,4,391404,391431,9449,7404,384000,32,1,380991,0,381640,0,1,0,0
368,6,2,1024,1,0,0,0,2,2,377861,391394,9439,7,377854,32,1,370960,0,371609,0,1,0,0
368,6,2,1024,1,0,1,0,3,3,379902,391394,9439,121,379781,32,1,376987,0,377636,0,1,0,0
368,6,2,1024,1,0,2,1,0,1,390069,391394,9439,1214,388855,32,1,382017,0,382666,0,1,0,0
368,6,2,1024,1,0,3,1,1,2,391090,391394,9439,3302,387788,32,1,382011,0,382660,0,1,0,0
368,6,2,1024,1,0,4,1,2,3,391228,391394,9439,5347,385881,32,1,382001,0,382650,0,1,0,0
368,6,2,1024,1,0,5,1,3,4,391367,391394,9439,7392,383975,32,1,380977,0,381626,0,1,0,0
369,6,3,1024,1,0,0,0,2,2,377907,391440,9466,7,377900,32,1,371003,0,371652,0,1,0,0
369,6,3,1024,1,0,1,0,3,3,379948,391440,9466,121,379827,32,1,377033,0,377682,0,1,0,0
369,6,3,1024,1,0,2,1,0,1,390115,391440,9466,1214,388901,32,1,382062,0,382711,0,1,0,0
369,6,3,1024,1,0,3,1,1,2,391135,391440,9466,3302,387833,32,1,382029,0,382678,0,1,0,0
369,6,3,1024,1,0,4,1,2,3,391274,391440,9466,5374,385900,32,1,382019,0,382668,0,1,0,0
369,6,3,1024,1,0,5,1,3,4,391413,391440,9466,7419,383994,32,1,380995,0,381644,0,1,0,0
370,8,1,1024,1,0,0,0,2,2,503518,521387,13527,7,503511,32,1,488479,0,489128,0,1,0,0
370,8,1,1024,1,0,1,0,3,3,505556,521387,13527,121,505435,32,1,497558,0,498207,0,1,0,0
370,8,1,1024,1,0,2,1,0,1,519785,521387,13527,1214,518571,32,1,505643,0,506292,0,1,0,0
370,8,1,1024,1,0,3,1,1,2,520807,521387,13527,3302,517505,32,1,507672,0,508321,0,1,0,0
370,8,1,1024,1,0,4,1,2,3,520944,521387,13527,5347,515597,32,1,508676,0,509325,0,1,0,0
370,8,1,1024,1,0,5,1,3,4,521084,521387,13527,7392,513692,32,1,508663,0,509312,0,1,0,0
370,8,1,1024,1,0,6,2,0,2,521223,521387,13527,9435,511788,32,1,507622,0,508271,0,1,0,0
370,8,1,1024,1,0,7,2,1,3,521360,521387,13527,11480,509880,32,1,506603,0,507252,0,1,0,0
371,8,2,1024,1,0,0,0,2,2,503483,521376,13528,7,503476,32,1,488444,0,489093,0,1,0,0
371,8,2,1024,1,0,1,0,3,3,505521,521376,13528,121,505400,32,1,497523,0,498172,0,1,0,0
371,8,2,1024,1,0,2,1,0,1,519771,521376,13528,1214,518557,32,1,505608,0,506257,0,1,0,0
371,8,2,1024,1,0,3,1,1,2,520794,521376,13528,3302,517492,32,1,507644,0,508293,0,1,0,0
371,8,2,1024,1,0,4,1,2,3,520933,521376,13528,5351,515582,32,1,508658,0,509307,0,1,0,0
371,8,2,1024,1,0,5,1,3,4,521072,521376,13528,7396,513676,32,1,508647,0,509296,0,1,0,0
371,8,2,1024,1,0,6,2,0,2,521212,521376,13528,9437,511775,32,1,507606,0,508255,0,1,0,0
371,8,2,1024,1,0,7,2,1,3,521349,521376,13528,11482,509867,32,1,506589,0,507238,0,1,0,0
372,8,3,1024,1,0,0,0,2,2,503520,521393,13524,7,503513,32,1,488481,0,489130,0,1,0,0
372,8,3,1024,1,0,1,0,3,3,505558,521393,13524,121,505437,32,1,497560,0,498209,0,1,0,0
372,8,3,1024,1,0,2,1,0,1,519787,521393,13524,1214,518573,32,1,505646,0,506295,0,1,0,0
372,8,3,1024,1,0,3,1,1,2,520810,521393,13524,3302,517508,32,1,507675,0,508324,0,1,0,0
372,8,3,1024,1,0,4,1,2,3,520949,521393,13524,5347,515602,32,1,508678,0,509327,0,1,0,0
372,8,3,1024,1,0,5,1,3,4,521089,521393,13524,7392,513697,32,1,508667,0,509316,0,1,0,0
372,8,3,1024,1,0,6,2,0,2,521228,521393,13524,9433,511795,32,1,507626,0,508275,0,1,0,0
372,8,3,1024,1,0,7,2,1,3,521366,521393,13524,11478,509888,32,1,506609,0,507258,0,1,0,0
373,10,1,1024,1,0,0,0,2,2,608640,650983,17633,7,608633,32,1,604798,0,605447,0,1,0,0
373,10,1,1024,1,0,1,0,3,3,628957,650983,17633,121,628836,32,1,616903,0,617552,0,1,0,0
373,10,1,1024,1,0,2,1,0,1,647216,650983,17633,1214,646002,32,1,628027,0,628676,0,1,0,0
373,10,1,1024,1,0,3,1,1,2,649248,650983,17633,3302,645946,32,1,631036,0,631685,0,1,0,0
373,10,1,1024,1,0,4,1,2,3,650259,650983,17633,5369,644890,32,1,634062,0,634711,0,1,0,0
373,10,1,1024,1,0,5,1,3,4,650401,650983,17633,7414,642987,32,1,634051,0,634700,0,1,0,0
373,10,1,1024,1,0,6,2,0,2,650540,650983,17633,9455,641085,32,1,635031,0,635680,0,1,0,0
373,10,1,1024,1,0,7,2,1,3,650677,650983,17633,11502,639175,32,1,634014,0,634663,0,1,0,0
373,10,1,1024,1,0,8,2,2,4,650817,650983,17633,13542,637275,32,1,632987,0,633636,0,1,0,0
373,10,1,1024,1,0,9,2,3,5,650956,650983,17633,15582,635374,32,1,631962,0,632611,0,1,0,0
374,10,2,1024,1,0,0,0,2,2,608634,651031,17620,7,608627,32,1,604792,0,605441,0,1,0,0
374,10,2,1024,1,0,1,0,3,3,628951,651031,17620,121,628830,32,1,616898,0,617547,0,1,0,0
374,10,2,1024,1,0,2,1,0,1,647264,651031,17620,1214,646050,32,1,628033,0,628682,0,1,0,0
374,10,2,1024,1,0,3,1,1,2,649297,651031,17620,3302,645995,32,1,631065,0,631714,0,1,0,0
374,10,2,1024,1,0,4,1,2,3,650310,651031,17620,5360,644950,32,1,634110,0,634759,0,1,0,0
374,10,2,1024,1,0,5,1,3,4,650449,651031,17620,7405,643044,32,1,634098,0,634747,0,1,0,0
374,10,2,1024,1,0,6,2,0,2,650588,651031,17620,9447,641141,32,1,635080,0,635729,0,1,0,0
374,10,2,1024,1,0,7,2,1,3,650725,651031,17620,11492,639233,32,1,634073,0,634722,0,1,0,0
374,10,2,1024,1,0,8,2,2,4,650864,651031,17620,13532,637332,32,1,633049,0,633698,0,1,0,0
374,10,2,1024,1,0,9,2,3,5,651004,651031,17620,15569,635435,32,1,632024,0,632673,0,1,0,0
375,10,3,1024,1,0,0,0,2,2,608658,651008,17606,7,608651,32,1,604816,0,605465,0,1,0,0
375,10,3,1024,1,0,1,0,3,3,628972,651008,17606,121,628851,32,1,616920,0,617569,0,1,0,0
375,10,3,1024,1,0,2,1,0,1,647231,651008,17606,1216,646015,32,1,628040,0,628689,0,1,0,0
375,10,3,1024,1,0,3,1,1,2,649264,651008,17606,3302,645962,32,1,631071,0,631720,0,1,0,0
375,10,3,1024,1,0,4,1,2,3,650274,651008,17606,5347,644927,32,1,634100,0,634749,0,1,0,0
375,10,3,1024,1,0,5,1,3,4,650427,651008,17606,7392,643035,32,1,634089,0,634738,0,1,0,0
375,10,3,1024,1,0,6,2,0,2,650566,651008,17606,9433,641133,32,1,635071,0,635720,0,1,0,0
375,10,3,1024,1,0,7,2,1,3,650703,651008,17606,11478,639225,32,1,634054,0,634703,0,1,0,0
375,10,3,1024,1,0,8,2,2,4,650842,651008,17606,13518,637324,32,1,633030,0,633679,0,1,0,0
375,10,3,1024,1,0,9,2,3,5,650981,651008,17606,15555,635426,32,1,632005,0,632654,0,1,0,0
376,13,1,1024,1,0,0,0,2,2,738700,845722,23732,7,738693,32,1,719627,0,720276,0,1,0,0
376,13,1,1024,1,0,1,0,3,3,740732,845722,23732,121,740611,32,1,736808,0,737457,0,1,0,0
376,13,1,1024,1,0,2,1,0,1,832077,845722,23732,1216,830861,32,1,810855,0,811504,0,1,0,0
376,13,1,1024,1,0,3,1,1,2,834115,845722,23732,3302,830813,32,1,815912,0,816561,0,1,0,0
376,13,1,1024,1,0,4,1,2,3,836138,845722,23732,5347,830791,32,1,819941,0,820590,0,1,0,0
376,13,1,1024,1,0,5,1,3,4,838172,845722,23732,7406,830766,32,1,821957,0,822606,0,1,0,0
376,13,1,1024,1,0,6,2,0,2,840198,845722,23732,9447,830751,32,1,823963,0,824612,0,1,0,0
376,13,1,1024,1,0,7,2,1,3,842226,845722,23732,11492,830734,32,1,823959,0,824608,0,1,0,0
376,13,1,1024,1,0,8,2,2,4,844257,845722,23732,13534,830723,32,1,824973,0,825622,0,1,0,0
376,13,1,1024,1,0,9,2,3,5,845272,845722,23732,15570,829702,32,1,823941,0,824590,0,1,0,0
376,13,1,1024,1,0,10,3,0,3,845413,845722,23732,17616,827797,32,1,822918,0,823567,0,1,0,0
376,13,1,1024,1,0,11,3,1,4,845555,845722,23732,19653,825902,32,1,821892,0,822541,0,1,0,0
376,13,1,1024,1,0,12,3,2,5,845695,845722,23732,21689,824006,32,1,820875,0,821524,0,1,0,0
377,13,2,1024,1,0,0,0,2,2,738722,845742,23734,7,738715,32,1,719653,0,720302,0,1,0,0
377,13,2,1024,1,0,1,0,3,3,740754,845742,23734,121,740633,32,1,736834,0,737483,0,1,0,0
377,13,2,1024,1,0,2,1,0,1,832103,845742,23734,1212,830891,32,1,810876,0,811525,0,1,0,0
377,13,2,1024,1,0,3,1,1,2,834140,845742,23734,3302,830838,32,1,815937,0,816586,0,1,0,0
377,13,2,1024,1,0,4,1,2,3,836163,845742,23734,5347,830816,32,1,819978,0,820627,0,1,0,0
377,13,2,1024,1,0,5,1,3,4,838197,845742,23734,7394,830803,32,1,821994,0,822643,0,1,0,0
377,13,2,1024,1,0,6,2,0,2,840222,845742,23734,9435,830787,32,1,824000,0,824649,0,1,0,0
377,13,2,1024,1,0,7,2,1,3,842251,845742,23734,11480,830771,32,1,823998,0,824647,0,1,0,0
377,13,2,1024,1,0,8,2,2,4,844281,845742,23734,13520,830761,32,1,825008,0,825657,0,1,0,0
377,13,2,1024,1,0,9,2,3,5,845296,845742,23734,15560,829736,32,1,823977,0,824626,0,1,0,0
377,13,2,1024,1,0,10,3,0,3,845436,845742,23734,17605,827831,32,1,822942,0,823591,0,1,0,0
377,13,2,1024,1,0,11,3,1,4,845575,845742,23734,19652,825923,32,1,821917,0,822566,0,1,0,0
377,13,2,1024,1,0,12,3,2,5,845715,845742,23734,21688,824027,32,1,820897,0,821546,0,1,0,0
378,13,3,1024,1,0,0,0,2,2,738731,845750,23736,7,738724,32,1,719664,0,720313,0,1,0,0
378,13,3,1024,1,0,1,0,3,3,740763,845750,23736,121,740642,32,1,736843,0,737492,0,1,0,0
378,13,3,1024,1,0,2,1,0,1,832110,845750,23736,1212,830898,32,1,810884,0,811533,0,1,0,0
378,13,3,1024,1,0,3,1,1,2,834145,845750,23736,3300,830845,32,1,815940,0,816589,0,1,0,0
378,13,3,1024,1,0,4,1,2,3,836170,845750,23736,5345,830825,32,1,819985,0,820634,0,1,0,0
378,13,3,1024,1,0,5,1,3,4,838202,845750,23736,7390,830812,32,1,822000,0,822649,0,1,0,0
378,13,3,1024,1,0,6,2,0,2,840226,845750,23736,9431,830795,32,1,824010,0,824659,0,1,0,0
378,13,3,1024,1,0,7,2,1,3,842256,845750,23736,11476,830780,32,1,824008,0,824657,0,1,0,0
378,13,3,1024,1,0,8,2,2,4,844290,845750,23736,13516,830774,32,1,825019,0,825668,0,1,0,0
378,13,3,1024,1,0,9,2,3,5,845305,845750,23736,15553,829752,32,1,823988,0,824637,0,1,0,0
378,13,3,1024,1,0,10,3,0,3,845444,845750,23736,17598,827846,32,1,822966,0,823615,0,1,0,0
378,13,3,1024,1,0,11,3,1,4,845584,845750,23736,19634,825950,32,1,821918,0,822567,0,1,0,0
378,13,3,1024,1,0,12,3,2,5,845723,845750,23736,21692,824031,32,1,820903,0,821552,0,1,0,0
379,1,1,4096,1,0,0,0,2,2,66446,66468,121,7,66439,16,1,66124,0,66293,0,1,0,0
380,1,2,4096,1,0,0,0,2,2,66452,66474,122,7,66445,16,1,66129,0,66298,0,1,0,0
381,1,3,4096,1,0,0,0,2,2,66472,66494,121,7,66465,16,1,66150,0,66319,0,1,0,0
382,2,1,4096,1,0,0,0,2,2,123036,131296,4292,7,123029,16,1,122714,0,122883,0,1,0,0
382,2,1,4096,1,0,1,0,3,3,131269,131296,4292,126,131143,16,1,126786,0,126955,0,1,0,0
383,2,2,4096,1,0,0,0,2,2,123043,131303,4292,7,123036,16,1,122721,0,122890,0,1,0,0
383,2,2,4096,1,0,1,0,3,3,131276,131303,4292,126,131150,16,1,126793,0,126962,0,1,0,0
384,2,3,4096,1,0,0,0,2,2,123029,131289,4292,7,123022,16,1,122707,0,122876,0,1,0,0
384,2,3,4096,1,0,1,0,3,3,131262,131289,4292,126,131136,16,1,126777,0,126946,0,1,0,0
385,4,1,4096,1,0,0,0,2,2,229548,262500,12528,7,229541,16,1,229226,0,229395,0,1,0,0
385,4,1,4096,1,0,1,0,3,3,258232,262500,12528,121,258111,16,1,245540,0,245709,0,1,0,0
385,4,1,4096,1,0,2,1,0,1,262333,262500,12528,4284,258049,16,1,249600,0,249769,0,1,0,0
385,4,1,4096,1,0,3,1,1,2,262473,262500,12528,8427,254046,16,1,249603,0,249772,0,1,0,0
386,4,2,4096,1,0,0,0,2,2,229583,262530,12549,7,229576,16,1,229261,0,229430,0,1,0,0
386,4,2,4096,1,0,1,0,3,3,258265,262530,12549,121,258144,16,1,245589,0,245758,0,1,0,0
386,4,2,4096,1,0,2,1,0,1,262365,262530,12549,4286,258079,16,1,249629,0,249798,0,1,0,0
386,4,2,4096,1,0,3,1,1,2,262503,262530,12549,8429,254074,16,1,249613,0,249782,0,1,0,0
387,4,3,4096,1,0,0,0,2,2,229557,262508,12530,7,229550,16,1,229235,0,229404,0,1,0,0
387,4,3,4096,1,0,1,0,3,3,258243,262508,12530,121,258122,16,1,245568,0,245737,0,1,0,0
387,4,3,4096,1,0,2,1,0,1,262344,262508,12530,4286,258058,16,1,249608,0,249777,0,1,0,0
387,4,3,4096,1,0,3,1,1,2,262481,262508,12530,8429,254052,16,1,249611,0,249780,0,1,0,0
388,6,1,4096,1,0,0,0,2,2,344119,393544,20733,7,344112,16,1,327432,0,327601,0,1,0,0
388,6,1,4096,1,0,1,0,3,3,368689,393544,20733,121,368568,16,1,360112,0,360281,0,1,0,0
388,6,1,4096,1,0,2,1,0,1,389148,393544,20733,4286,384862,16,1,368247,0,368416,0,1,0,0
388,6,1,4096,1,0,3,1,1,2,393239,393544,20733,8429,384810,16,1,372333,0,372502,0,1,0,0
388,6,1,4096,1,0,4,1,2,3,393378,393544,20733,12524,380854,16,1,372327,0,372496,0,1,0,0
388,6,1,4096,1,0,5,1,3,4,393517,393544,20733,16624,376893,16,1,372313,0,372482,0,1,0,0
389,6,2,4096,1,0,0,0,2,2,344097,393524,20755,7,344090,16,1,327410,0,327579,0,1,0,0
389,6,2,4096,1,0,1,0,3,3,368655,393524,20755,121,368534,16,1,360072,0,360241,0,1,0,0
389,6,2,4096,1,0,2,1,0,1,389130,393524,20755,4293,384837,16,1,368217,0,368386,0,1,0,0
389,6,2,4096,1,0,3,1,1,2,393221,393524,20755,8436,384785,16,1,372308,0,372477,0,1,0,0
389,6,2,4096,1,0,4,1,2,3,393358,393524,20755,12531,380827,16,1,372302,0,372471,0,1,0,0
389,6,2,4096,1,0,5,1,3,4,393497,393524,20755,16631,376866,16,1,372273,0,372442,0,1,0,0
390,6,3,4096,1,0,0,0,2,2,344094,393506,20729,7,344087,16,1,327407,0,327576,0,1,0,0
390,6,3,4096,1,0,1,0,3,3,368652,393506,20729,121,368531,16,1,360079,0,360248,0,1,0,0
390,6,3,4096,1,0,2,1,0,1,389112,393506,20729,4284,384828,16,1,368211,0,368380,0,1,0,0
390,6,3,4096,1,0,3,1,1,2,393203,393506,20729,8427,384776,16,1,372299,0,372468,0,1,0,0
390,6,3,4096,1,0,4,1,2,3,393340,393506,20729,12522,380818,16,1,372295,0,372464,0,1,0,0
390,6,3,4096,1,0,5,1,3,4,393479,393506,20729,16620,376859,16,1,372281,0,372450,0,1,0,0
391,8,1,4096,1,0,0,0,2,2,425958,524499,28928,7,425951,16,1,425636,0,425805,0,1,0,0
391,8,1,4096,1,0,1,0,3,3,487336,524499,28928,121,487215,16,1,466487,0,466656,0,1,0,0
391,8,1,4096,1,0,2,1,0,1,491440,524499,28928,4286,487154,16,1,482798,0,482967,0,1,0,0
391,8,1,4096,1,0,3,1,1,2,516006,524499,28928,8429,507577,16,1,491015,0,491184,0,1,0,0
391,8,1,4096,1,0,4,1,2,3,520106,524499,28928,12524,507582,16,1,495098,0,495267,0,1,0,0
391,8,1,4096,1,0,5,1,3,4,524196,524499,28928,16624,507572,16,1,495086,0,495255,0,1,0,0
391,8,1,4096,1,0,6,2,0,2,524335,524499,28928,20727,503608,16,1,495075,0,495244,0,1,0,0
391,8,1,4096,1,0,7,2,1,3,524472,524499,28928,24822,499650,16,1,495076,0,495245,0,1,0,0
392,8,2,4096,1,0,0,0,2,2,425952,524493,28945,7,425945,16,1,425630,0,425799,0,1,0,0
392,8,2,4096,1,0,1,0,3,3,487354,524493,28945,121,487233,16,1,466505,0,466674,0,1,0,0
392,8,2,4096,1,0,2,1,0,1,491457,524493,28945,4286,487171,16,1,482817,0,482986,0,1,0,0
392,8,2,4096,1,0,3,1,1,2,515999,524493,28945,8427,507572,16,1,491011,0,491180,0,1,0,0
392,8,2,4096,1,0,4,1,2,3,520097,524493,28945,12522,507575,16,1,495094,0,495263,0,1,0,0
392,8,2,4096,1,0,5,1,3,4,524189,524493,28945,16622,507567,16,1,495080,0,495249,0,1,0,0
392,8,2,4096,1,0,6,2,0,2,524328,524493,28945,20725,503603,16,1,495049,0,495218,0,1,0,0
392,8,2,4096,1,0,7,2,1,3,524466,524493,28945,24840,499626,16,1,495050,0,495219,0,1,0,0
393,8,3,4096,1,0,0,0,2,2,425925,524457,28931,7,425918,16,1,425600,0,425769,0,1,0,0
393,8,3,4096,1,0,1,0,3,3,487316,524457,28931,124,487192,16,1,466461,0,466630,0,1,0,0
393,8,3,4096,1,0,2,1,0,1,491419,524457,28931,4292,487127,16,1,482775,0,482944,0,1,0,0
393,8,3,4096,1,0,3,1,1,2,515963,524457,28931,8432,507531,16,1,490970,0,491139,0,1,0,0
393,8,3,4096,1,0,4,1,2,3,520061,524457,28931,12527,507534,16,1,495053,0,495222,0,1,0,0
393,8,3,4096,1,0,5,1,3,4,524154,524457,28931,16627,507527,16,1,495039,0,495208,0,1,0,0
393,8,3,4096,1,0,6,2,0,2,524293,524457,28931,20730,503563,16,1,495028,0,495197,0,1,0,0
393,8,3,4096,1,0,7,2,1,3,524430,524457,28931,24825,499605,16,1,495029,0,495198,0,1,0,0
394,10,1,4096,1,0,0,0,2,2,532229,655409,37122,7,532222,16,1,515551,0,515720,0,1,0,0
394,10,1,4096,1,0,1,0,3,3,609965,655409,37122,121,609844,16,1,572748,0,572917,0,1,0,0
394,10,1,4096,1,0,2,1,0,1,614063,655409,37122,4286,609777,16,1,597243,0,597412,0,1,0,0
394,10,1,4096,1,0,3,1,1,2,618156,655409,37122,8429,609727,16,1,605430,0,605599,0,1,0,0
394,10,1,4096,1,0,4,1,2,3,646793,655409,37122,12524,634269,16,1,613615,0,613784,0,1,0,0
394,10,1,4096,1,0,5,1,3,4,650886,655409,37122,16624,634262,16,1,617690,0,617859,0,1,0,0
394,10,1,4096,1,0,6,2,0,2,654967,655409,37122,20727,634240,16,1,617679,0,617848,0,1,0,0
394,10,1,4096,1,0,7,2,1,3,655104,655409,37122,24822,630282,16,1,617674,0,617843,0,1,0,0
394,10,1,4096,1,0,8,2,2,4,655243,655409,37122,28922,626321,16,1,617664,0,617833,0,1,0,0
394,10,1,4096,1,0,9,2,3,5,655382,655409,37122,33021,622361,16,1,617661,0,617830,0,1,0,0
395,10,2,4096,1,0,0,0,2,2,532192,655402,37122,7,532185,16,1,515514,0,515683,0,1,0,0
395,10,2,4096,1,0,1,0,3,3,609913,655402,37122,121,609792,16,1,572702,0,572871,0,1,0,0
395,10,2,4096,1,0,2,1,0,1,614011,655402,37122,4286,609725,16,1,597191,0,597360,0,1,0,0
395,10,2,4096,1,0,3,1,1,2,618107,655402,37122,8429,609678,16,1,605378,0,605547,0,1,0,0
395,10,2,4096,1,0,4,1,2,3,646756,655402,37122,12524,634232,16,1,613578,0,613747,0,1,0,0
395,10,2,4096,1,0,5,1,3,4,650851,655402,37122,16624,634227,16,1,617653,0,617822,0,1,0,0
395,10,2,4096,1,0,6,2,0,2,654933,655402,37122,20727,634206,16,1,617642,0,617811,0,1,0,0
395,10,2,4096,1,0,7,2,1,3,655097,655402,37122,24822,630275,16,1,617637,0,617806,0,1,0,0
395,10,2,4096,1,0,8,2,2,4,655236,655402,37122,28922,626314,16,1,617627,0,617796,0,1,0,0
395,10,2,4096,1,0,9,2,3,5,655375,655402,37122,33021,622354,16,1,617626,0,617795,0,1,0,0
396,10,3,4096,1,0,0,0,2,2,532250,655420,37137,7,532243,16,1,515572,0,515741,0,1,0,0
396,10,3,4096,1,0,1,0,3,3,609965,655420,37137,121,609844,16,1,572760,0,572929,0,1,0,0
396,10,3,4096,1,0,2,1,0,1,614063,655420,37137,4287,609776,16,1,597244,0,597413,0,1,0,0
396,10,3,4096,1,0,3,1,1,2,618157,655420,37137,8429,609728,16,1,605416,0,605585,0,1,0,0
396,10,3,4096,1,0,4,1,2,3,646801,655420,37137,12539,634262,16,1,613601,0,613770,0,1,0,0
396,10,3,4096,1,0,5,1,3,4,650895,655420,37137,16639,634256,16,1,617682,0,617851,0,1,0,0
396,10,3,4096,1,0,6,2,0,2,654977,655420,37137,20742,634235,16,1,617671,0,617840,0,1,0,0
396,10,3,4096,1,0,7,2,1,3,655114,655420,37137,24837,630277,16,1,617668,0,617837,0,1,0,0
396,10,3,4096,1,0,8,2,2,4,655254,655420,37137,28937,626317,16,1,617658,0,617827,0,1,0,0
396,10,3,4096,1,0,9,2,3,5,655393,655420,37137,33036,622357,16,1,617655,0,617824,0,1,0,0
397,13,1,4096,1,0,0,0,2,2,585177,851337,49460,7,585170,16,1,560321,0,560490,0,1,0,0
397,13,1,4096,1,0,1,0,3,3,638342,851337,49460,121,638221,16,1,629769,0,629938,0,1,0,0
397,13,1,4096,1,0,2,1,0,1,777417,851337,49460,4286,773131,16,1,756521,0,756690,0,1,0,0
397,13,1,4096,1,0,3,1,1,2,822383,851337,49460,8430,813953,16,1,776964,0,777133,0,1,0,0
397,13,1,4096,1,0,4,1,2,3,826483,851337,49460,12525,813958,16,1,785137,0,785306,0,1,0,0
397,13,1,4096,1,0,5,1,3,4,830576,851337,49460,16625,813951,16,1,793293,0,793462,0,1,0,0
397,13,1,4096,1,0,6,2,0,2,834667,851337,49460,20728,813939,16,1,801428,0,801597,0,1,0,0
397,13,1,4096,1,0,7,2,1,3,838752,851337,49460,24847,813905,16,1,801429,0,801598,0,1,0,0
397,13,1,4096,1,0,8,2,2,4,842852,851337,49460,28946,813906,16,1,801426,0,801595,0,1,0,0
397,13,1,4096,1,0,9,2,3,5,846944,851337,49460,33045,813899,16,1,801423,0,801592,0,1,0,0
397,13,1,4096,1,0,10,3,0,3,851031,851337,49460,37140,813891,16,1,801406,0,801575,0,1,0,0
397,13,1,4096,1,0,11,3,1,4,851170,851337,49460,41243,809927,16,1,801389,0,801558,0,1,0,0
397,13,1,4096,1,0,12,3,2,5,851310,851337,49460,45359,805951,16,1,801386,0,801555,0,1,0,0
398,13,2,4096,1,0,0,0,2,2,585167,851262,49452,7,585160,16,1,560311,0,560480,0,1,0,0
398,13,2,4096,1,0,1,0,3,3,638332,851262,49452,121,638211,16,1,629759,0,629928,0,1,0,0
398,13,2,4096,1,0,2,1,0,1,777348,851262,49452,4286,773062,16,1,756453,0,756622,0,1,0,0
398,13,2,4096,1,0,3,1,1,2,822311,851262,49452,8429,813882,16,1,776896,0,777065,0,1,0,0
398,13,2,4096,1,0,4,1,2,3,826411,851262,49452,12524,813887,16,1,785069,0,785238,0,1,0,0
398,13,2,4096,1,0,5,1,3,4,830503,851262,49452,16624,813879,16,1,793225,0,793394,0,1,0,0
398,13,2,4096,1,0,6,2,0,2,834595,851262,49452,20727,813868,16,1,801364,0,801533,0,1,0,0
398,13,2,4096,1,0,7,2,1,3,838682,851262,49452,24839,813843,16,1,801365,0,801534,0,1,0,0
398,13,2,4096,1,0,8,2,2,4,842778,851262,49452,28938,813840,16,1,801362,0,801531,0,1,0,0
398,13,2,4096,1,0,9,2,3,5,846870,851262,49452,33037,813833,16,1,801359,0,801528,0,1,0,0
398,13,2,4096,1,0,10,3,0,3,850957,851262,49452,37132,813825,16,1,801343,0,801512,0,1,0,0
398,13,2,4096,1,0,11,3,1,4,851096,851262,49452,41235,809861,16,1,801323,0,801492,0,1,0,0
398,13,2,4096,1,0,12,3,2,5,851235,851262,49452,45351,805884,16,1,801320,0,801489,0,1,0,0
399,13,3,4096,1,0,0,0,2,2,585205,851300,49437,7,585198,16,1,560352,0,560521,0,1,0,0
399,13,3,4096,1,0,1,0,3,3,638370,851300,49437,121,638249,16,1,629800,0,629969,0,1,0,0
399,13,3,4096,1,0,2,1,0,1,777382,851300,49437,4284,773098,16,1,756488,0,756657,0,1,0,0
399,13,3,4096,1,0,3,1,1,2,822346,851300,49437,8429,813917,16,1,776931,0,777100,0,1,0,0
399,13,3,4096,1,0,4,1,2,3,826451,851300,49437,12524,813927,16,1,785104,0,785273,0,1,0,0
399,13,3,4096,1,0,5,1,3,4,830542,851300,49437,16624,813918,16,1,793261,0,793430,0,1,0,0
399,13,3,4096,1,0,6,2,0,2,834634,851300,49437,20726,813908,16,1,801417,0,801586,0,1,0,0
399,13,3,4096,1,0,7,2,1,3,838719,851300,49437,24821,813898,16,1,801422,0,801591,0,1,0,0
399,13,3,4096,1,0,8,2,2,4,842816,851300,49437,28921,813895,16,1,801418,0,801587,0,1,0,0
399,13,3,4096,1,0,9,2,3,5,846908,851300,49437,33020,813888,16,1,801415,0,801584,0,1,0,0
399,13,3,4096,1,0,10,3,0,3,850995,851300,49437,37115,813880,16,1,801374,0,801543,0,1,0,0
399,13,3,4096,1,0,11,3,1,4,851134,851300,49437,41242,809892,16,1,801376,0,801545,0,1,0,0
399,13,3,4096,1,0,12,3,2,5,851273,851300,49437,45336,805937,16,1,801373,0,801542,0,1,0,0
400,1,1,16384,1,0,0,0,2,2,65908,65930,122,7,65901,4,1,65684,0,65733,0,1,0,0
401,1,2,16384,1,0,0,0,2,2,65886,65908,121,7,65879,4,1,65684,0,65733,0,1,0,0
402,1,3,16384,1,0,0,0,2,2,65886,65908,121,7,65879,4,1,65684,0,65733,0,1,0,0
403,2,1,16384,1,0,0,0,2,2,98553,131389,16578,7,98546,4,1,98351,0,98400,0,1,0,0
403,2,1,16384,1,0,1,0,3,3,131362,131389,16578,126,131236,4,1,114714,0,114763,0,1,0,0
404,2,2,16384,1,0,0,0,2,2,98570,131407,16580,7,98563,4,1,98368,0,98417,0,1,0,0
404,2,2,16384,1,0,1,0,3,3,131380,131407,16580,126,131254,4,1,114728,0,114777,0,1,0,0
405,2,3,16384,1,0,0,0,2,2,98548,131384,16580,7,98541,4,1,98346,0,98395,0,1,0,0
405,2,3,16384,1,0,1,0,3,3,131357,131384,16580,126,131231,4,1,114706,0,114755,0,1,0,0
406,4,1,16384,1,0,0,0,2,2,131329,262564,49394,7,131322,4,1,131127,0,131176,0,1,0,0
406,4,1,16384,1,0,1,0,3,3,246011,262564,49394,121,245890,4,1,196590,0,196639,0,1,0,0
406,4,1,16384,1,0,2,1,0,1,262399,262564,49394,16574,245825,4,1,212921,0,212970,0,1,0,0
406,4,1,16384,1,0,3,1,1,2,262537,262564,49394,33005,229532,4,1,212924,0,212973,0,1,0,0
407,4,2,16384,1,0,0,0,2,2,131326,262572,49394,7,131319,4,1,131124,0,131173,0,1,0,0
407,4,2,16384,1,0,1,0,3,3,246020,262572,49394,121,245899,4,1,196600,0,196649,0,1,0,0
407,4,2,16384,1,0,2,1,0,1,262408,262572,49394,16574,245834,4,1,212928,0,212977,0,1,0,0
407,4,2,16384,1,0,3,1,1,2,262545,262572,49394,33005,229540,4,1,212931,0,212980,0,1,0,0
408,4,3,16384,1,0,0,0,2,2,131333,262587,49401,7,131326,4,1,131131,0,131180,0,1,0,0
408,4,3,16384,1,0,1,0,3,3,246034,262587,49401,121,245913,4,1,196609,0,196658,0,1,0,0
408,4,3,16384,1,0,2,1,0,1,262423,262587,49401,16581,245842,4,1,212936,0,212985,0,1,0,0
408,4,3,16384,1,0,3,1,1,2,262560,262587,49401,33012,229548,4,1,212939,0,212988,0,1,0,0
409,6,1,16384,1,0,0,0,2,2,196853,393766,82169,7,196846,4,1,131132,0,131181,0,1,0,0
409,6,1,16384,1,0,1,0,3,3,295155,393766,82169,121,295034,4,1,262124,0,262173,0,1,0,0
409,6,1,16384,1,0,2,1,0,1,377078,393766,82169,16572,360506,4,1,294836,0,294885,0,1,0,0
409,6,1,16384,1,0,3,1,1,2,393459,393766,82169,33001,360458,4,1,311213,0,311262,0,1,0,0
409,6,1,16384,1,0,4,1,2,3,393600,393766,82169,49384,344216,4,1,311230,0,311279,0,1,0,0
409,6,1,16384,1,0,5,1,3,4,393739,393766,82169,65772,327967,4,1,311216,0,311265,0,1,0,0
410,6,2,16384,1,0,0,0,2,2,196881,393762,82175,7,196874,4,1,131138,0,131187,0,1,0,0
410,6,2,16384,1,0,1,0,3,3,295167,393762,82175,121,295046,4,1,262135,0,262184,0,1,0,0
410,6,2,16384,1,0,2,1,0,1,377081,393762,82175,16574,360507,4,1,294857,0,294906,0,1,0,0
410,6,2,16384,1,0,3,1,1,2,393459,393762,82175,33005,360454,4,1,311231,0,311280,0,1,0,0
410,6,2,16384,1,0,4,1,2,3,393596,393762,82175,49390,344206,4,1,311225,0,311274,0,1,0,0
410,6,2,16384,1,0,5,1,3,4,393735,393762,82175,65778,327957,4,1,311211,0,311260,0,1,0,0
411,6,3,16384,1,0,0,0,2,2,196854,393735,82173,7,196847,4,1,131135,0,131184,0,1,0,0
411,6,3,16384,1,0,1,0,3,3,295152,393735,82173,121,295031,4,1,262108,0,262157,0,1,0,0
411,6,3,16384,1,0,2,1,0,1,377053,393735,82173,16574,360479,4,1,294829,0,294878,0,1,0,0
411,6,3,16384,1,0,3,1,1,2,393431,393735,82173,33005,360426,4,1,311205,0,311254,0,1,0,0
411,6,3,16384,1,0,4,1,2,3,393569,393735,82173,49388,344181,4,1,311199,0,311248,0,1,0,0
411,6,3,16384,1,0,5,1,3,4,393708,393735,82173,65776,327932,4,1,311185,0,311234,0,1,0,0
412,8,1,16384,1,0,0,0,2,2,131387,524849,114981,7,131380,4,1,131179,0,131228,0,1,0,0
412,8,1,16384,1,0,1,0,3,3,377094,524849,114981,121,376973,4,1,294897,0,294946,0,1,0,0
412,8,1,16384,1,0,2,1,0,1,393485,524849,114981,16594,376891,4,1,360351,0,360400,0,1,0,0
412,8,1,16384,1,0,3,1,1,2,491758,524849,114981,33042,458716,4,1,393123,0,393172,0,1,0,0
412,8,1,16384,1,0,4,1,2,3,508166,524849,114981,49425,458741,4,1,409494,0,409543,0,1,0,0
412,8,1,16384,1,0,5,1,3,4,524545,524849,114981,65813,458732,4,1,409480,0,409529,0,1,0,0
412,8,1,16384,1,0,6,2,0,2,524684,524849,114981,82204,442480,4,1,409469,0,409518,0,1,0,0
412,8,1,16384,1,0,7,2,1,3,524822,524849,114981,98587,426235,4,1,409491,0,409540,0,1,0,0
413,8,2,16384,1,0,0,0,2,2,131375,524837,114947,7,131368,4,1,131145,0,131194,0,1,0,0
413,8,2,16384,1,0,1,0,3,3,377085,524837,114947,121,376964,4,1,294917,0,294966,0,1,0,0
413,8,2,16384,1,0,2,1,0,1,393476,524837,114947,16574,376902,4,1,360380,0,360429,0,1,0,0
413,8,2,16384,1,0,3,1,1,2,491763,524837,114947,33005,458758,4,1,393146,0,393195,0,1,0,0
413,8,2,16384,1,0,4,1,2,3,508150,524837,114947,49391,458759,4,1,409534,0,409583,0,1,0,0
413,8,2,16384,1,0,5,1,3,4,524533,524837,114947,65779,458754,4,1,409520,0,409569,0,1,0,0
413,8,2,16384,1,0,6,2,0,2,524672,524837,114947,82170,442502,4,1,409509,0,409558,0,1,0,0
413,8,2,16384,1,0,7,2,1,3,524810,524837,114947,98553,426257,4,1,409510,0,409559,0,1,0,0
414,8,3,16384,1,0,0,0,2,2,131353,524810,114947,7,131346,4,1,131145,0,131194,0,1,0,0
414,8,3,16384,1,0,1,0,3,3,377066,524810,114947,121,376945,4,1,294898,0,294947,0,1,0,0
414,8,3,16384,1,0,2,1,0,1,393458,524810,114947,16574,376884,4,1,360361,0,360410,0,1,0,0
414,8,3,16384,1,0,3,1,1,2,491740,524810,114947,33005,458735,4,1,393143,0,393192,0,1,0,0
414,8,3,16384,1,0,4,1,2,3,508127,524810,114947,49388,458739,4,1,409514,0,409563,0,1,0,0
414,8,3,16384,1,0,5,1,3,4,524507,524810,114947,65776,458731,4,1,409500,0,409549,0,1,0,0
414,8,3,16384,1,0,6,2,0,2,524646,524810,114947,82167,442479,4,1,409489,0,409538,0,1,0,0
414,8,3,16384,1,0,7,2,1,3,524783,524810,114947,98550,426233,4,1,409487,0,409536,0,1,0,0
415,10,1,16384,1,0,0,0,2,2,164122,655951,147712,7,164115,4,1,131140,0,131189,0,1,0,0
415,10,1,16384,1,0,1,0,3,3,475322,655951,147712,121,475201,4,1,327644,0,327693,0,1,0,0
415,10,1,16384,1,0,2,1,0,1,491709,655951,147712,16574,475135,4,1,425857,0,425906,0,1,0,0
415,10,1,16384,1,0,3,1,1,2,508090,655951,147712,33005,475085,4,1,458621,0,458670,0,1,0,0
415,10,1,16384,1,0,4,1,2,3,622757,655951,147712,49387,573370,4,1,491396,0,491445,0,1,0,0
415,10,1,16384,1,0,5,1,3,4,639138,655951,147712,65774,573364,4,1,507760,0,507809,0,1,0,0
415,10,1,16384,1,0,6,2,0,2,655508,655951,147712,82165,573343,4,1,507749,0,507798,0,1,0,0
415,10,1,16384,1,0,7,2,1,3,655645,655951,147712,98548,557097,4,1,507744,0,507793,0,1,0,0
415,10,1,16384,1,0,8,2,2,4,655784,655951,147712,114936,540848,4,1,507734,0,507783,0,1,0,0
415,10,1,16384,1,0,9,2,3,5,655924,655951,147712,131323,524601,4,1,507731,0,507780,0,1,0,0
416,10,2,16384,1,0,0,0,2,2,164142,655980,147714,7,164135,4,1,131142,0,131191,0,1,0,0
416,10,2,16384,1,0,1,0,3,3,475343,655980,147714,121,475222,4,1,327667,0,327716,0,1,0,0
416,10,2,16384,1,0,2,1,0,1,491730,655980,147714,16574,475156,4,1,425880,0,425929,0,1,0,0
416,10,2,16384,1,0,3,1,1,2,508112,655980,147714,33005,475107,4,1,458642,0,458691,0,1,0,0
416,10,2,16384,1,0,4,1,2,3,622766,655980,147714,49388,573378,4,1,491404,0,491453,0,1,0,0
416,10,2,16384,1,0,5,1,3,4,639164,655980,147714,65776,573388,4,1,507767,0,507816,0,1,0,0
416,10,2,16384,1,0,6,2,0,2,655537,655980,147714,82167,573370,4,1,507756,0,507805,0,1,0,0
416,10,2,16384,1,0,7,2,1,3,655675,655980,147714,98550,557125,4,1,507751,0,507800,0,1,0,0
416,10,2,16384,1,0,8,2,2,4,655814,655980,147714,114938,540876,4,1,507741,0,507790,0,1,0,0
416,10,2,16384,1,0,9,2,3,5,655953,655980,147714,131325,524628,4,1,507755,0,507804,0,1,0,0
417,10,3,16384,1,0,0,0,2,2,164123,655949,147713,7,164116,4,1,131141,0,131190,0,1,0,0
417,10,3,16384,1,0,1,0,3,3,475323,655949,147713,121,475202,4,1,327647,0,327696,0,1,0,0
417,10,3,16384,1,0,2,1,0,1,491709,655949,147713,16572,475137,4,1,425860,0,425909,0,1,0,0
417,10,3,16384,1,0,3,1,1,2,508091,655949,147713,33003,475088,4,1,458621,0,458670,0,1,0,0
417,10,3,16384,1,0,4,1,2,3,622755,655949,147713,49387,573368,4,1,491393,0,491442,0,1,0,0
417,10,3,16384,1,0,5,1,3,4,639135,655949,147713,65775,573360,4,1,507756,0,507805,0,1,0,0
417,10,3,16384,1,0,6,2,0,2,655507,655949,147713,82166,573341,4,1,507745,0,507794,0,1,0,0
417,10,3,16384,1,0,7,2,1,3,655644,655949,147713,98549,557095,4,1,507740,0,507789,0,1,0,0
417,10,3,16384,1,0,8,2,2,4,655783,655949,147713,114937,540846,4,1,507730,0,507779,0,1,0,0
417,10,3,16384,1,0,9,2,3,5,655922,655949,147713,131324,524598,4,1,507727,0,507776,0,1,0,0
418,13,1,16384,1,0,0,0,2,2,213297,852645,196890,7,213290,4,1,131142,0,131191,0,1,0,0
418,13,1,16384,1,0,1,0,3,3,426212,852645,196890,121,426091,4,1,360429,0,360478,0,1,0,0
418,13,1,16384,1,0,2,1,0,1,622744,852645,196890,16575,606169,4,1,475020,0,475069,0,1,0,0
418,13,1,16384,1,0,3,1,1,2,639121,852645,196890,33005,606116,4,1,556897,0,556946,0,1,0,0
418,13,1,16384,1,0,4,1,2,3,655500,852645,196890,49388,606112,4,1,589646,0,589695,0,1,0,0
418,13,1,16384,1,0,5,1,3,4,802926,852645,196890,65776,737150,4,1,622415,0,622464,0,1,0,0
418,13,1,16384,1,0,6,2,0,2,819309,852645,196890,82167,737142,4,1,655150,0,655199,0,1,0,0
418,13,1,16384,1,0,7,2,1,3,835683,852645,196890,98550,737133,4,1,655145,0,655194,0,1,0,0
418,13,1,16384,1,0,8,2,2,4,852059,852645,196890,114938,737121,4,1,655135,0,655184,0,1,0,0
418,13,1,16384,1,0,9,2,3,5,852199,852645,196890,131325,720874,4,1,655126,0,655175,0,1,0,0
418,13,1,16384,1,0,10,3,0,3,852340,852645,196890,147708,704632,4,1,655122,0,655171,0,1,0,0
418,13,1,16384,1,0,11,3,1,4,852479,852645,196890,164101,688378,4,1,655107,0,655156,0,1,0,0
418,13,1,16384,1,0,12,3,2,5,852618,852645,196890,180501,672117,4,1,655104,0,655153,0,1,0,0
419,13,2,16384,1,0,0,0,2,2,213277,852601,196870,7,213270,4,1,131144,0,131193,0,1,0,0
419,13,2,16384,1,0,1,0,3,3,426189,852601,196870,121,426068,4,1,360404,0,360453,0,1,0,0
419,13,2,16384,1,0,2,1,0,1,622715,852601,196870,16574,606141,4,1,474992,0,475041,0,1,0,0
419,13,2,16384,1,0,3,1,1,2,639093,852601,196870,33005,606088,4,1,556869,0,556918,0,1,0,0
419,13,2,16384,1,0,4,1,2,3,655493,852601,196870,49388,606105,4,1,589639,0,589688,0,1,0,0
419,13,2,16384,1,0,5,1,3,4,802880,852601,196870,65776,737104,4,1,622383,0,622432,0,1,0,0
419,13,2,16384,1,0,6,2,0,2,819263,852601,196870,82167,737096,4,1,655113,0,655162,0,1,0,0
419,13,2,16384,1,0,7,2,1,3,835636,852601,196870,98552,737084,4,1,655108,0,655157,0,1,0,0
419,13,2,16384,1,0,8,2,2,4,852014,852601,196870,114940,737074,4,1,655098,0,655147,0,1,0,0
419,13,2,16384,1,0,9,2,3,5,852154,852601,196870,131327,720827,4,1,655100,0,655149,0,1,0,0
419,13,2,16384,1,0,10,3,0,3,852295,852601,196870,147710,704585,4,1,655077,0,655126,0,1,0,0
419,13,2,16384,1,0,11,3,1,4,852434,852601,196870,164101,688333,4,1,655081,0,655130,0,1,0,0
419,13,2,16384,1,0,12,3,2,5,852574,852601,196870,180481,672093,4,1,655078,0,655127,0,1,0,0
420,13,3,16384,1,0,0,0,2,2,213298,852624,196891,7,213291,4,1,131161,0,131210,0,1,0,0
420,13,3,16384,1,0,1,0,3,3,426235,852624,196891,121,426114,4,1,360437,0,360486,0,1,0,0
420,13,3,16384,1,0,2,1,0,1,622758,852624,196891,16574,606184,4,1,475033,0,475082,0,1,0,0
420,13,3,16384,1,0,3,1,1,2,639137,852624,196891,33008,606129,4,1,556908,0,556957,0,1,0,0
420,13,3,16384,1,0,4,1,2,3,655517,852624,196891,49391,606126,4,1,589659,0,589708,0,1,0,0
420,13,3,16384,1,0,5,1,3,4,802903,852624,196891,65779,737124,4,1,622387,0,622436,0,1,0,0
420,13,3,16384,1,0,6,2,0,2,819286,852624,196891,82186,737100,4,1,655130,0,655179,0,1,0,0
420,13,3,16384,1,0,7,2,1,3,835662,852624,196891,98569,737093,4,1,655125,0,655174,0,1,0,0
420,13,3,16384,1,0,8,2,2,4,852039,852624,196891,114957,737082,4,1,655115,0,655164,0,1,0,0
420,13,3,16384,1,0,9,2,3,5,852178,852624,196891,131344,720834,4,1,655104,0,655153,0,1,0,0
420,13,3,16384,1,0,10,3,0,3,852317,852624,196891,147728,704589,4,1,655079,0,655128,0,1,0,0
420,13,3,16384,1,0,11,3,1,4,852456,852624,196891,164122,688334,4,1,655083,0,655132,0,1,0,0
420,13,3,16384,1,0,12,3,2,5,852597,852624,196891,180502,672095,4,1,655083,0,655132,0,1,0,0
421,1,1,32,4,1,0,0,2,2,178400,178422,121,7,178393,1281,1,161799,0,178192,0,1,0,0
422,1,2,32,4,1,0,0,2,2,178407,178429,121,7,178400,1281,1,161756,0,178149,0,1,0,0
423,1,3,32,4,1,0,0,2,2,178459,178481,121,7,178452,1281,1,161808,0,178201,0,1,0,0
424,2,1,32,4,1,0,0,2,2,187690,187861,253,7,187683,641,1,171089,0,187482,0,1,0,0
424,2,1,32,4,1,1,0,3,3,187834,187861,253,126,187708,641,1,171014,0,187407,0,1,0,0
425,2,2,32,4,1,0,0,2,2,187649,187820,246,7,187642,641,1,171048,0,187441,0,1,0,0
425,2,2,32,4,1,1,0,3,3,187793,187820,246,126,187667,641,1,170980,0,187373,0,1,0,0
426,2,3,32,4,1,0,0,2,2,197460,197789,248,7,197453,650,1,180803,0,197196,0,1,0,0
426,2,3,32,4,1,1,0,3,3,197762,197789,248,126,197636,650,1,181022,0,197415,0,1,0,0
427,4,1,32,4,1,0,0,2,2,247937,248611,511,7,247930,408,1,231264,0,247657,0,1,0,0
427,4,1,32,4,1,1,0,3,3,248559,248611,511,121,248438,408,1,231526,0,247919,0,1,0,0
427,4,1,32,4,1,2,1,0,1,248256,248611,511,242,248014,408,1,231158,0,247551,0,1,0,0
427,4,1,32,4,1,3,1,1,2,248401,248611,511,384,248017,408,1,231397,0,247790,0,1,0,0
428,4,2,32,4,1,0,0,2,2,249633,250118,490,7,249626,410,1,233049,0,249442,0,1,0,0
428,4,2,32,4,1,1,0,3,3,249808,250118,490,121,249687,410,1,233085,0,249478,0,1,0,0
428,4,2,32,4,1,2,1,0,1,249951,250118,490,242,249709,410,1,232938,0,249331,0,1,0,0
428,4,2,32,4,1,3,1,1,2,250091,250118,490,364,249727,410,1,233064,0,249457,0,1,0,0
429,4,3,32,4,1,0,0,2,2,247543,247858,490,7,247536,407,1,230483,0,246876,0,1,0,0
429,4,3,32,4,1,1,0,3,3,247685,247858,490,121,247564,407,1,230706,0,247099,0,1,0,0
429,4,3,32,4,1,2,1,0,1,247227,247858,490,242,246985,407,1,230367,0,246760,0,1,0,0
429,4,3,32,4,1,3,1,1,2,247831,247858,490,364,247467,407,1,230577,0,246970,0,1,0,0
430,6,1,32,4,1,0,0,2,2,332932,360784,748,7,332925,419,1,315733,0,332126,0,1,0,0
430,6,1,32,4,1,1,0,3,3,333114,360784,748,121,332993,419,1,316198,0,332591,0,1,0,0
430,6,1,32,4,1,2,1,0,1,340162,360784,748,240,339922,419,1,323261,0,339474,0,1,0,0
430,6,1,32,4,1,3,1,1,2,356728,360784,748,361,356367,419,1,339640,0,355972,0,1,0,0
430,6,1,32,4,1,4,1,2,3,360390,360784,748,482,359908,419,1,343330,0,359625,0,1,0,0
430,6,1,32,4,1,5,1,3,4,360757,360784,748,603,360154,419,1,343409,0,359790,0,1,0,0
431,6,2,32,4,1,0,0,2,2,332457,360631,750,7,332450,418,1,315332,0,331725,0,1,0,0
431,6,2,32,4,1,1,0,3,3,332602,360631,750,121,332481,418,1,315737,0,332126,0,1,0,0
431,6,2,32,4,1,2,1,0,1,339012,360631,750,242,338770,418,1,322236,0,338407,0,1,0,0
431,6,2,32,4,1,3,1,1,2,356124,360631,750,363,355761,418,1,338947,0,355229,0,1,0,0
431,6,2,32,4,1,4,1,2,3,360274,360631,750,484,359790,418,1,343252,0,359559,0,1,0,0
431,6,2,32,4,1,5,1,3,4,360604,360631,750,605,359999,418,1,343336,0,359724,0,1,0,0
432,6,3,32,4,1,0,0,2,2,334758,362482,748,7,334751,420,1,317561,0,333954,0,1,0,0
432,6,3,32,4,1,1,0,3,3,334940,362482,748,121,334819,420,1,317902,0,334260,0,1,0,0
432,6,3,32,4,1,2,1,0,1,342023,362482,748,240,341783,420,1,325485,0,341573,0,1,0,0
432,6,3,32,4,1,3,1,1,2,357581,362482,748,361,357220,420,1,340773,0,357072,0,1,0,0
432,6,3,32,4,1,4,1,2,3,362315,362482,748,482,361833,420,1,345101,0,361374,0,1,0,0
432,6,3,32,4,1,5,1,3,4,362455,362482,748,603,361852,420,1,345150,0,361533,0,1,0,0
433,8,1,32,4,1,0,0,2,2,392927,472595,996,7,392920,441,1,376218,0,392611,0,1,0,0
433,8,1,32,4,1,1,0,3,3,394149,472595,996,121,394028,441,1,376566,0,392899,0,1,0,0
433,8,1,32,4,1,2,1,0,1,411271,472595,996,240,411031,441,1,393848,0,410061,0,1,0,0
433,8,1,32,4,1,3,1,1,2,465084,472595,996,361,464723,441,1,448224,0,464357,0,1,0,0
433,8,1,32,4,1,4,1,2,3,472171,472595,996,482,471689,441,1,455350,0,471536,0,1,0,0
433,8,1,32,4,1,5,1,3,4,472550,472595,996,603,471947,441,1,455570,0,471717,0,1,0,0
433,8,1,32,4,1,6,2,0,2,453392,472595,996,742,452650,441,1,435867,0,451759,0,1,0,0
433,8,1,32,4,1,7,2,1,3,453555,472595,996,870,452685,441,1,435650,0,452018,0,1,0,0
434,8,2,32,4,1,0,0,2,2,393260,472986,1035,7,393253,441,1,376351,0,392744,0,1,0,0
434,8,2,32,4,1,1,0,3,3,393436,472986,1035,125,393311,441,1,376526,0,392899,0,1,0,0
434,8,2,32,4,1,2,1,0,1,412277,472986,1035,246,412031,441,1,395152,0,411360,0,1,0,0
434,8,2,32,4,1,3,1,1,2,465632,472986,1035,368,465264,441,1,448688,0,464771,0,1,0,0
434,8,2,32,4,1,4,1,2,3,472797,472986,1035,488,472309,441,1,455640,0,471846,0,1,0,0
434,8,2,32,4,1,5,1,3,4,472934,472986,1035,609,472325,441,1,455710,0,471907,0,1,0,0
434,8,2,32,4,1,6,2,0,2,453109,472986,1035,758,452351,441,1,436285,0,452151,0,1,0,0
434,8,2,32,4,1,7,2,1,3,453873,472986,1035,884,452989,441,1,436149,0,452492,0,1,0,0
435,8,3,32,4,1,0,0,2,2,393973,472651,1002,7,393966,441,1,376285,0,392678,0,1,0,0
435,8,3,32,4,1,1,0,3,3,394133,472651,1002,121,394012,441,1,376623,0,392986,0,1,0,0
435,8,3,32,4,1,2,1,0,1,411168,472651,1002,242,410926,441,1,393665,0,409888,0,1,0,0
435,8,3,32,4,1,3,1,1,2,465774,472651,1002,363,465411,441,1,448985,0,465012,0,1,0,0
435,8,3,32,4,1,4,1,2,3,472459,472651,1002,484,471975,441,1,455260,0,471542,0,1,0,0
435,8,3,32,4,1,5,1,3,4,472599,472651,1002,606,471993,441,1,455478,0,471703,0,1,0,0
435,8,3,32,4,1,6,2,0,2,451988,472651,1002,745,451243,441,1,434699,0,450563,0,1,0,0
435,8,3,32,4,1,7,2,1,3,452151,472651,1002,870,451281,441,1,434596,0,450902,0,1,0,0
436,10,1,32,4,1,0,0,2,2,423278,584790,1303,7,423271,462,1,405790,0,422183,0,1,0,0
436,10,1,32,4,1,1,0,3,3,423445,584790,1303,121,423324,462,1,406147,0,422515,0,1,0,0
436,10,1,32,4,1,2,1,0,1,443293,584790,1303,242,443051,462,1,425632,0,441955,0,1,0,0
436,10,1,32,4,1,3,1,1,2,539419,584790,1303,365,539054,462,1,522705,0,538500,0,1,0,0
436,10,1,32,4,1,4,1,2,3,557141,584790,1303,485,556656,462,1,540512,0,556496,0,1,0,0
436,10,1,32,4,1,5,1,3,4,557957,584790,1303,606,557351,462,1,540461,0,556554,0,1,0,0
436,10,1,32,4,1,6,2,0,2,551541,584790,1303,745,550796,462,1,534435,0,550524,0,1,0,0
436,10,1,32,4,1,7,2,1,3,576650,584790,1303,870,575780,462,1,559234,0,575189,0,1,0,0
436,10,1,32,4,1,8,2,2,4,584391,584790,1303,1018,583373,462,1,566944,0,583088,0,1,0,0
436,10,1,32,4,1,9,2,3,5,584763,584790,1303,1154,583609,462,1,567125,0,583300,0,1,0,0
437,10,2,32,4,1,0,0,2,2,427100,586719,1289,7,427093,463,1,409273,0,425666,0,1,0,0
437,10,2,32,4,1,1,0,3,3,427244,586719,1289,121,427123,463,1,409746,0,426099,0,1,0,0
437,10,2,32,4,1,2,1,0,1,442369,586719,1289,242,442127,463,1,425338,0,441590,0,1,0,0
437,10,2,32,4,1,3,1,1,2,541944,586719,1289,364,541580,463,1,525042,0,540877,0,1,0,0
437,10,2,32,4,1,4,1,2,3,559550,586719,1289,484,559066,463,1,542657,0,558568,0,1,0,0
437,10,2,32,4,1,5,1,3,4,559712,586719,1289,605,559107,463,1,542586,0,558877,0,1,0,0
437,10,2,32,4,1,6,2,0,2,554866,586719,1289,744,554122,463,1,537335,0,553364,0,1,0,0
437,10,2,32,4,1,7,2,1,3,578225,586719,1289,869,577356,463,1,561350,0,577179,0,1,0,0
437,10,2,32,4,1,8,2,2,4,586318,586719,1289,1012,585306,463,1,568746,0,585021,0,1,0,0
437,10,2,32,4,1,9,2,3,5,586692,586719,1289,1148,585544,463,1,568940,0,585243,0,1,0,0
438,10,3,32,4,1,0,0,2,2,426880,586974,1284,7,426873,465,1,409886,0,426279,0,1,0,0
438,10,3,32,4,1,1,0,3,3,427038,586974,1284,121,426917,465,1,409963,0,426318,0,1,0,0
438,10,3,32,4,1,2,1,0,1,441978,586974,1284,242,441736,465,1,424355,0,440643,0,1,0,0
438,10,3,32,4,1,3,1,1,2,540839,586974,1284,367,540472,465,1,523453,0,539290,0,1,0,0
438,10,3,32,4,1,4,1,2,3,559989,586974,1284,487,559502,465,1,542916,0,558871,0,1,0,0
438,10,3,32,4,1,5,1,3,4,560142,586974,1284,608,559534,465,1,542834,0,559102,0,1,0,0
438,10,3,32,4,1,6,2,0,2,553658,586974,1284,747,552911,465,1,536413,0,552526,0,1,0,0
438,10,3,32,4,1,7,2,1,3,577725,586974,1284,872,576853,465,1,560756,0,576591,0,1,0,0
438,10,3,32,4,1,8,2,2,4,586576,586974,1284,999,585577,465,1,569064,0,585291,0,1,0,0
438,10,3,32,4,1,9,2,3,5,586947,586974,1284,1135,585812,465,1,569242,0,585505,0,1,0,0
439,13,1,32,4,1,0,0,2,2,448115,740632,1686,7,448108,467,1,431429,0,447822,0,1,0,0
439,13,1,32,4,1,1,0,3,3,450104,740632,1686,121,449983,467,1,431962,0,448330,0,1,0,0
439,13,1,32,4,1,2,1,0,1,472336,740632,1686,242,472094,467,1,454987,0,471175,0,1,0,0
439,13,1,32,4,1,3,1,1,2,588914,740632,1686,364,588550,467,1,572683,0,588210,0,1,0,0
439,13,1,32,4,1,4,1,2,3,620087,740632,1686,484,619603,467,1,603236,0,619125,0,1,0,0
439,13,1,32,4,1,5,1,3,4,620231,740632,1686,605,619626,467,1,603021,0,619335,0,1,0,0
439,13,1,32,4,1,6,2,0,2,627235,740632,1686,744,626491,467,1,609087,0,625293,0,1,0,0
439,13,1,32,4,1,7,2,1,3,726072,740632,1686,869,725203,467,1,708813,0,724400,0,1,0,0
439,13,1,32,4,1,8,2,2,4,740410,740632,1686,1035,739375,467,1,722777,0,738959,0,1,0,0
439,13,1,32,4,1,9,2,3,5,740571,740632,1686,1150,739421,467,1,722939,0,739207,0,1,0,0
439,13,1,32,4,1,10,3,0,3,727371,740632,1686,1276,726095,467,1,710179,0,725759,0,1,0,0
439,13,1,32,4,1,11,3,1,4,739993,740632,1686,1406,738587,467,1,722256,0,738361,0,1,0,0
439,13,1,32,4,1,12,3,2,5,740154,740632,1686,1541,738613,467,1,722194,0,738381,0,1,0,0
440,13,2,32,4,1,0,0,2,2,447244,742025,1651,7,447237,468,1,429868,0,446261,0,1,0,0
440,13,2,32,4,1,1,0,3,3,447390,742025,1651,121,447269,468,1,430162,0,446495,0,1,0,0
440,13,2,32,4,1,2,1,0,1,472578,742025,1651,242,472336,468,1,454394,0,470659,0,1,0,0
440,13,2,32,4,1,3,1,1,2,592779,742025,1651,364,592415,468,1,575425,0,591023,0,1,0,0
440,13,2,32,4,1,4,1,2,3,620732,742025,1651,484,620248,468,1,603357,0,619300,0,1,0,0
440,13,2,32,4,1,5,1,3,4,620912,742025,1651,605,620307,468,1,603261,0,619452,0,1,0,0
440,13,2,32,4,1,6,2,0,2,627898,742025,1651,750,627148,468,1,610229,0,626403,0,1,0,0
440,13,2,32,4,1,7,2,1,3,726792,742025,1651,876,725916,468,1,710195,0,725726,0,1,0,0
440,13,2,32,4,1,8,2,2,4,741832,742025,1651,1021,740811,468,1,724020,0,740151,0,1,0,0
440,13,2,32,4,1,9,2,3,5,741964,742025,1651,1136,740828,468,1,724098,0,740383,0,1,0,0
440,13,2,32,4,1,10,3,0,3,727266,742025,1651,1262,726004,468,1,709439,0,725023,0,1,0,0
440,13,2,32,4,1,11,3,1,4,741446,742025,1651,1379,740067,468,1,723542,0,739714,0,1,0,0
440,13,2,32,4,1,12,3,2,5,741606,742025,1651,1505,740101,468,1,723586,0,739869,0,1,0,0
441,13,3,32,4,1,0,0,2,2,450858,742189,1690,7,450851,468,1,433671,0,450064,0,1,0,0
441,13,3,32,4,1,1,0,3,3,451012,742189,1690,122,450890,468,1,434179,0,450497,0,1,0,0
441,13,3,32,4,1,2,1,0,1,473055,742189,1690,241,472814,468,1,455523,0,471716,0,1,0,0
441,13,3,32,4,1,3,1,1,2,591672,742189,1690,362,591310,468,1,574861,0,590484,0,1,0,0
441,13,3,32,4,1,4,1,2,3,621165,742189,1690,483,620682,468,1,603586,0,619476,0,1,0,0
441,13,3,32,4,1,5,1,3,4,621309,742189,1690,604,620705,468,1,603116,0,619504,0,1,0,0
441,13,3,32,4,1,6,2,0,2,629250,742189,1690,768,628482,468,1,611844,0,628009,0,1,0,0
441,13,3,32,4,1,7,2,1,3,728493,742189,1690,893,727600,468,1,711176,0,726772,0,1,0,0
441,13,3,32,4,1,8,2,2,4,741995,742189,1690,1038,740957,468,1,724174,0,740284,0,1,0,0
441,13,3,32,4,1,9,2,3,5,742128,742189,1690,1153,740975,468,1,724128,0,740401,0,1,0,0
441,13,3,32,4,1,10,3,0,3,727180,742189,1690,1279,725901,468,1,709464,0,725054,0,1,0,0
441,13,3,32,4,1,11,3,1,4,741612,742189,1690,1418,740194,468,1,723580,0,739704,0,1,0,0
441,13,3,32,4,1,12,3,2,5,741772,742189,1690,1552,740220,468,1,723430,0,739803,0,1,0,0
442,1,1,32,1,4,0,0,2,2,531244,531266,121,7,531237,4057,1,477779,0,531036,0,1,0,0
443,1,2,32,1,4,0,0,2,2,531602,531624,121,7,531595,4060,1,478137,0,531394,0,1,0,0
444,1,3,32,1,4,0,0,2,2,531292,531314,121,7,531285,4057,1,477827,0,531084,0,1,0,0
445,2,1,32,1,4,0,0,2,2,623622,623814,269,7,623615,2048,1,570149,0,623406,0,1,0,0
445,2,1,32,1,4,1,0,3,3,623787,623814,269,126,623661,2048,1,580436,0,623478,0,1,0,0
446,2,2,32,1,4,0,0,2,2,623684,623875,248,7,623677,2048,1,570211,0,623468,0,1,0,0
446,2,2,32,1,4,1,0,3,3,623848,623875,248,126,623722,2048,1,580528,0,623560,0,1,0,0
447,2,3,32,1,4,0,0,2,2,623672,623866,248,7,623665,2048,1,570197,0,623454,0,1,0,0
447,2,3,32,1,4,1,0,3,3,623839,623866,248,126,623713,2048,1,580517,0,623549,0,1,0,0
448,4,1,32,1,4,0,0,2,2,881228,882603,511,7,881221,1562,1,827532,0,880782,0,1,0,0
448,4,1,32,1,4,1,0,3,3,881383,882603,511,123,881260,1562,1,840420,0,880744,0,1,0,0
448,4,1,32,1,4,2,1,0,1,882441,882603,511,244,882197,1562,1,830948,0,881802,0,1,0,0
448,4,1,32,1,4,3,1,1,2,882576,882603,511,364,882212,1562,1,841032,0,881804,0,1,0,0
449,4,2,32,1,4,0,0,2,2,884189,885723,489,7,884182,1567,1,830780,0,884037,0,1,0,0
449,4,2,32,1,4,1,0,3,3,884787,885723,489,121,884666,1567,1,843893,0,884080,0,1,0,0
449,4,2,32,1,4,2,1,0,1,885559,885723,489,242,885317,1567,1,834485,0,884930,0,1,0,0
449,4,2,32,1,4,3,1,1,2,885696,885723,489,360,885336,1567,1,844436,0,885021,0,1,0,0
450,4,3,32,1,4,0,0,2,2,885379,885440,489,7,885372,1568,1,831630,0,884878,0,1,0,0
450,4,3,32,1,4,1,0,3,3,885074,885440,489,121,884953,1568,1,845689,0,884776,0,1,0,0
450,4,3,32,1,4,2,1,0,1,885223,885440,489,242,884981,1568,1,833859,0,884250,0,1,0,0
450,4,3,32,1,4,3,1,1,2,884768,885440,489,360,884408,1568,1,843072,0,884216,0,1,0,0
451,6,1,32,1,4,0,0,2,2,881284,1419524,732,7,881277,2410,1,827467,0,880716,0,1,0,0
451,6,1,32,1,4,1,0,3,3,881449,1419524,732,121,881328,2410,1,842305,0,880711,0,1,0,0
451,6,1,32,1,4,2,1,0,1,938934,1419524,732,242,938692,2410,1,885460,0,938228,0,1,0,0
451,6,1,32,1,4,3,1,1,2,1181051,1419524,732,360,1180691,2410,1,1127232,0,1180256,0,1,0,0
451,6,1,32,1,4,4,1,2,3,1419122,1419524,732,483,1418639,2410,1,1366613,0,1418411,0,1,0,0
451,6,1,32,1,4,5,1,3,4,1419497,1419524,732,605,1418892,2410,1,1384171,0,1418563,0,1,0,0
452,6,2,32,1,4,0,0,2,2,885405,1417864,794,7,885398,2411,1,831236,0,884485,0,1,0,0
452,6,2,32,1,4,1,0,3,3,885561,1417864,794,121,885440,2411,1,846529,0,884477,0,1,0,0
452,6,2,32,1,4,2,1,0,1,938792,1417864,794,260,938532,2411,1,885374,0,938275,0,1,0,0
452,6,2,32,1,4,3,1,1,2,1180561,1417864,794,400,1180161,2411,1,1126910,0,1179904,0,1,0,0
452,6,2,32,1,4,4,1,2,3,1417828,1417864,794,529,1417299,2411,1,1365170,0,1416833,0,1,0,0
452,6,2,32,1,4,5,1,3,4,1417636,1417864,794,672,1416964,2411,1,1382771,0,1416736,0,1,0,0
453,6,3,32,1,4,0,0,2,2,882589,1417742,722,7,882582,2409,1,828671,0,881925,0,1,0,0
453,6,3,32,1,4,1,0,3,3,882753,1417742,722,121,882632,2409,1,843900,0,882042,0,1,0,0
453,6,3,32,1,4,2,1,0,1,938845,1417742,722,242,938603,2409,1,885270,0,938175,0,1,0,0
453,6,3,32,1,4,3,1,1,2,1181248,1417742,722,360,1180888,2409,1,1127587,0,1180627,0,1,0,0
453,6,3,32,1,4,4,1,2,3,1417578,1417742,722,483,1417095,2409,1,1364981,0,1416844,0,1,0,0
453,6,3,32,1,4,5,1,3,4,1417715,1417742,722,605,1417110,2409,1,1382716,0,1416752,0,1,0,0
454,8,1,32,1,4,0,0,2,2,870223,1820461,989,7,870216,2383,1,816302,0,869553,0,1,0,0
454,8,1,32,1,4,1,0,3,3,870374,1820461,989,121,870253,2383,1,830325,0,869524,0,1,0,0
454,8,1,32,1,4,2,1,0,1,1131011,1820461,989,242,1130769,2383,1,1076841,0,1130036,0,1,0,0
454,8,1,32,1,4,3,1,1,2,1569126,1820461,989,361,1568765,2383,1,1515456,0,1568342,0,1,0,0
454,8,1,32,1,4,4,1,2,3,1820272,1820461,989,483,1819789,2383,1,1767716,0,1819527,0,1,0,0
454,8,1,32,1,4,5,1,3,4,1820409,1820461,989,605,1819804,2383,1,1784127,0,1819425,0,1,0,0
454,8,1,32,1,4,6,2,0,2,1533258,1820461,989,726,1532532,2383,1,1481184,0,1531948,0,1,0,0
454,8,1,32,1,4,7,2,1,3,1533425,1820461,989,854,1532571,2383,1,1497302,0,1531961,0,1,0,0
455,8,2,32,1,4,0,0,2,2,869339,1821042,972,7,869332,2381,1,815934,0,869188,0,1,0,0
455,8,2,32,1,4,1,0,3,3,870511,1821042,972,121,870390,2381,1,829714,0,869226,0,1,0,0
455,8,2,32,1,4,2,1,0,1,1133305,1821042,972,242,1133063,2381,1,1078953,0,1132157,0,1,0,0
455,8,2,32,1,4,3,1,1,2,1569954,1821042,972,361,1569593,2381,1,1516600,0,1569317,0,1,0,0
455,8,2,32,1,4,4,1,2,3,1820853,1821042,972,483,1820370,2381,1,1768303,0,1820101,0,1,0,0
455,8,2,32,1,4,5,1,3,4,1820990,1821042,972,605,1820385,2381,1,1784979,0,1819999,0,1,0,0
455,8,2,32,1,4,6,2,0,2,1532069,1821042,972,726,1531343,2381,1,1480433,0,1530967,0,1,0,0
455,8,2,32,1,4,7,2,1,3,1532215,1821042,972,854,1531361,2381,1,1496091,0,1531085,0,1,0,0
456,8,3,32,1,4,0,0,2,2,871744,1823319,1008,7,871737,2405,1,818257,0,871506,0,1,0,0
456,8,3,32,1,4,1,0,3,3,871902,1823319,1008,121,871781,2405,1,832327,0,871523,0,1,0,0
456,8,3,32,1,4,2,1,0,1,1132208,1823319,1008,242,1131966,2405,1,1078485,0,1131718,0,1,0,0
456,8,3,32,1,4,3,1,1,2,1568119,1823319,1008,367,1567752,2405,1,1514791,0,1567461,0,1,0,0
456,8,3,32,1,4,4,1,2,3,1823127,1823319,1008,504,1822623,2405,1,1770221,0,1822163,0,1,0,0
456,8,3,32,1,4,5,1,3,4,1823267,1823319,1008,624,1822643,2405,1,1788279,0,1822314,0,1,0,0
456,8,3,32,1,4,6,2,0,2,1534290,1823319,1008,746,1533544,2405,1,1482569,0,1533222,0,1,0,0
456,8,3,32,1,4,7,2,1,3,1534468,1823319,1008,860,1533608,2405,1,1498970,0,1533326,0,1,0,0
457,10,1,32,1,4,0,0,2,2,872322,2235382,1246,7,872315,2509,1,818606,0,871860,0,1,0,0
457,10,1,32,1,4,1,0,3,3,872471,2235382,1246,121,872350,2509,1,832835,0,871829,0,1,0,0
457,10,1,32,1,4,2,1,0,1,1132806,2235382,1246,242,1132564,2509,1,1078202,0,1131417,0,1,0,0
457,10,1,32,1,4,3,1,1,2,1597442,2235382,1246,360,1597082,2509,1,1543445,0,1596100,0,1,0,0
457,10,1,32,1,4,4,1,2,3,1954223,2235382,1246,483,1953740,2509,1,1902100,0,1953506,0,1,0,0
457,10,1,32,1,4,5,1,3,4,1954378,2235382,1246,606,1953772,2509,1,1918989,0,1953572,0,1,0,0
457,10,1,32,1,4,6,2,0,2,1604011,2235382,1246,727,1603284,2509,1,1550103,0,1602789,0,1,0,0
457,10,1,32,1,4,7,2,1,3,1991383,2235382,1246,855,1990528,2509,1,1937593,0,1990097,0,1,0,0
457,10,1,32,1,4,8,2,2,4,2235346,2235382,1246,987,2234359,2509,1,2181949,0,2233929,0,1,0,0
457,10,1,32,1,4,9,2,3,5,2235115,2235382,1246,1107,2234008,2509,1,2199159,0,2233815,0,1,0,0
458,10,2,32,1,4,0,0,2,2,871684,2238162,1245,7,871677,2508,1,817178,0,870427,0,1,0,0
458,10,2,32,1,4,1,0,3,3,871833,2238162,1245,121,871712,2508,1,831032,0,870400,0,1,0,0
458,10,2,32,1,4,2,1,0,1,1135280,2238162,1245,242,1135038,2508,1,1080791,0,1134021,0,1,0,0
458,10,2,32,1,4,3,1,1,2,1598391,2238162,1245,360,1598031,2508,1,1544955,0,1597535,0,1,0,0
458,10,2,32,1,4,4,1,2,3,1959407,2238162,1245,487,1958920,2508,1,1906816,0,1958329,0,1,0,0
458,10,2,32,1,4,5,1,3,4,1959555,2238162,1245,609,1958946,2508,1,1923435,0,1958227,0,1,0,0
458,10,2,32,1,4,6,2,0,2,1604165,2238162,1245,730,1603435,2508,1,1549875,0,1602591,0,1,0,0
458,10,2,32,1,4,7,2,1,3,1993776,2238162,1245,858,1992918,2508,1,1939757,0,1992341,0,1,0,0
458,10,2,32,1,4,8,2,2,4,2237994,2238162,1245,987,2237007,2508,1,2184707,0,2236850,0,1,0,0
458,10,2,32,1,4,9,2,3,5,2238135,2238162,1245,1106,2237029,2508,1,2202017,0,2236736,0,1,0,0
459,10,3,32,1,4,0,0,2,2,875406,2233813,1271,7,875399,2501,1,821398,0,874649,0,1,0,0
459,10,3,32,1,4,1,0,3,3,875561,2233813,1271,121,875440,2501,1,835820,0,874710,0,1,0,0
459,10,3,32,1,4,2,1,0,1,1133481,2233813,1271,242,1133239,2501,1,1079444,0,1132644,0,1,0,0
459,10,3,32,1,4,3,1,1,2,1598099,2233813,1271,362,1597737,2501,1,1544366,0,1596917,0,1,0,0
459,10,3,32,1,4,4,1,2,3,1957352,2233813,1271,483,1956869,2501,1,1904583,0,1955976,0,1,0,0
459,10,3,32,1,4,5,1,3,4,1956703,2233813,1271,605,1956098,2501,1,1920458,0,1955877,0,1,0,0
459,10,3,32,1,4,6,2,0,2,1604000,2233813,1271,723,1603277,2501,1,1549566,0,1602294,0,1,0,0
459,10,3,32,1,4,7,2,1,3,1992328,2233813,1271,852,1991476,2501,1,1938428,0,1990958,0,1,0,0
459,10,3,32,1,4,8,2,2,4,2233649,2233813,1271,999,2232650,2501,1,2180457,0,2232288,0,1,0,0
459,10,3,32,1,4,9,2,3,5,2233786,2233813,1271,1118,2232668,2501,1,2197474,0,2232161,0,1,0,0
460,13,1,32,1,4,0,0,2,2,871337,2805002,1648,7,871330,2330,1,817107,0,870356,0,1,0,0
460,13,1,32,1,4,1,0,3,3,871525,2805002,1648,121,871404,2330,1,830968,0,870316,0,1,0,0
460,13,1,32,1,4,2,1,0,1,1129868,2805002,1648,242,1129626,2330,1,1075322,0,1128510,0,1,0,0
460,13,1,32,1,4,3,1,1,2,1592024,2805002,1648,360,1591664,2330,1,1537935,0,1590472,0,1,0,0
460,13,1,32,1,4,4,1,2,3,1947110,2805002,1648,483,1946627,2330,1,1894596,0,1945935,0,1,0,0
460,13,1,32,1,4,5,1,3,4,1947258,2805002,1648,630,1946628,2330,1,1910333,0,1946079,0,1,0,0
460,13,1,32,1,4,6,2,0,2,1958908,2805002,1648,751,1958157,2330,1,1904055,0,1957138,0,1,0,0
460,13,1,32,1,4,7,2,1,3,2438551,2805002,1648,879,2437672,2330,1,2384877,0,2436747,0,1,0,0
460,13,1,32,1,4,8,2,2,4,2804808,2805002,1648,1008,2803800,2330,1,2751071,0,2803255,0,1,0,0
460,13,1,32,1,4,9,2,3,5,2804941,2805002,1648,1128,2803813,2330,1,2767342,0,2803178,0,1,0,0
460,13,1,32,1,4,10,3,0,3,2438038,2805002,1648,1270,2436768,2330,1,2384057,0,2435973,0,1,0,0
460,13,1,32,1,4,11,3,1,4,2804437,2805002,1648,1390,2803047,2330,1,2750354,0,2802531,0,1,0,0
460,13,1,32,1,4,12,3,2,5,2804585,2805002,1648,1523,2803062,2330,1,2767067,0,2802682,0,1,0,0
461,13,2,32,1,4,0,0,2,2,869774,2801809,1652,7,869767,2326,1,816278,0,869527,0,1,0,0
461,13,2,32,1,4,1,0,3,3,869941,2801809,1652,121,869820,2326,1,830470,0,869425,0,1,0,0
461,13,2,32,1,4,2,1,0,1,1130894,2801809,1652,242,1130652,2326,1,1076663,0,1129865,0,1,0,0
461,13,2,32,1,4,3,1,1,2,1587957,2801809,1652,368,1587589,2326,1,1533806,0,1586283,0,1,0,0
461,13,2,32,1,4,4,1,2,3,1944951,2801809,1652,505,1944446,2326,1,1892774,0,1944047,0,1,0,0
461,13,2,32,1,4,5,1,3,4,1945118,2801809,1652,625,1944493,2326,1,1908947,0,1944011,0,1,0,0
461,13,2,32,1,4,6,2,0,2,1957790,2801809,1652,748,1957042,2326,1,1903176,0,1956259,0,1,0,0
461,13,2,32,1,4,7,2,1,3,2438828,2801809,1652,861,2437967,2326,1,2385587,0,2437469,0,1,0,0
461,13,2,32,1,4,8,2,2,4,2801616,2801809,1652,1006,2800610,2326,1,2748145,0,2800320,0,1,0,0
461,13,2,32,1,4,9,2,3,5,2801748,2801809,1652,1125,2800623,2326,1,2764658,0,2800206,0,1,0,0
461,13,2,32,1,4,10,3,0,3,2437524,2801809,1652,1258,2436266,2326,1,2384927,0,2436027,0,1,0,0
461,13,2,32,1,4,11,3,1,4,2801221,2801809,1652,1392,2799829,2326,1,2746910,0,2799259,0,1,0,0
461,13,2,32,1,4,12,3,2,5,2801390,2801809,1652,1510,2799880,2326,1,2763997,0,2799204,0,1,0,0
462,13,3,32,1,4,0,0,2,2,873716,2806555,1651,7,873709,2332,1,819818,0,873072,0,1,0,0
462,13,3,32,1,4,1,0,3,3,873864,2806555,1651,121,873743,2332,1,834391,0,872981,0,1,0,0
462,13,3,32,1,4,2,1,0,1,1130278,2806555,1651,242,1130036,2332,1,1075733,0,1128933,0,1,0,0
462,13,3,32,1,4,3,1,1,2,1589287,2806555,1651,360,1588927,2332,1,1535217,0,1587843,0,1,0,0
462,13,3,32,1,4,4,1,2,3,1943640,2806555,1651,483,1943157,2332,1,1890721,0,1942092,0,1,0,0
462,13,3,32,1,4,5,1,3,4,1943789,2806555,1651,605,1943184,2332,1,1907476,0,1942293,0,1,0,0
462,13,3,32,1,4,6,2,0,2,1954466,2806555,1651,726,1953740,2332,1,1899784,0,1952845,0,1,0,0
462,13,3,32,1,4,7,2,1,3,2435607,2806555,1651,855,2434752,2332,1,2383259,0,2434572,0,1,0,0
462,13,3,32,1,4,8,2,2,4,2806056,2806555,1651,1002,2805054,2332,1,2752434,0,2804620,0,1,0,0
462,13,3,32,1,4,9,2,3,5,2806212,2806555,1651,1121,2805091,2332,1,2768904,0,2804614,0,1,0,0
462,13,3,32,1,4,10,3,0,3,2435080,2806555,1651,1268,2433812,2332,1,2381339,0,2433249,0,1,0,0
462,13,3,32,1,4,11,3,1,4,2806386,2806555,1651,1395,2804991,2332,1,2752610,0,2804811,0,1,0,0
462,13,3,32,1,4,12,3,2,5,2806528,2806555,1651,1513,2805015,2332,1,2769257,0,2804794,0,1,0,0
463,1,1,256,4,1,0,0,2,2,94592,94614,121,7,94585,320,1,92325,0,94382,0,1,0,0
464,1,2,256,4,1,0,0,2,2,94706,94728,121,7,94699,320,1,92441,0,94498,0,1,0,0
465,1,3,256,4,1,0,0,2,2,94587,94609,121,7,94580,320,1,92322,0,94379,0,1,0,0
466,2,1,256,4,1,0,0,2,2,159824,160183,452,7,159817,192,1,157294,0,159351,0,1,0,0
466,2,1,256,4,1,1,0,3,3,160156,160183,452,126,160030,192,1,157560,0,159617,0,1,0,0
467,2,2,256,4,1,0,0,2,2,159849,160206,453,7,159842,192,1,157318,0,159375,0,1,0,0
467,2,2,256,4,1,1,0,3,3,160179,160206,453,126,160053,192,1,157584,0,159641,0,1,0,0
468,2,3,256,4,1,0,0,2,2,159877,160235,452,7,159870,192,1,157347,0,159404,0,1,0,0
468,2,3,256,4,1,1,0,3,3,160208,160235,452,126,160082,192,1,157613,0,159670,0,1,0,0
469,4,1,256,4,1,0,0,2,2,263488,264225,1507,7,263481,160,1,259960,0,262017,0,1,0,0
469,4,1,256,4,1,1,0,3,3,263765,264225,1507,121,263644,160,1,260883,0,262940,0,1,0,0
469,4,1,256,4,1,2,1,0,1,264061,264225,1507,444,263617,160,1,260611,0,262668,0,1,0,0
469,4,1,256,4,1,3,1,1,2,264198,264225,1507,992,263206,160,1,260418,0,262475,0,1,0,0
470,4,2,256,4,1,0,0,2,2,263473,264213,1509,7,263466,160,1,259953,0,262010,0,1,0,0
470,4,2,256,4,1,1,0,3,3,263750,264213,1509,121,263629,160,1,260865,0,262922,0,1,0,0
470,4,2,256,4,1,2,1,0,1,264049,264213,1509,446,263603,160,1,260594,0,262651,0,1,0,0
470,4,2,256,4,1,3,1,1,2,264186,264213,1509,994,263192,160,1,260401,0,262458,0,1,0,0
471,4,3,256,4,1,0,0,2,2,263452,264190,1509,7,263445,160,1,259926,0,261983,0,1,0,0
471,4,3,256,4,1,1,0,3,3,263738,264190,1509,121,263617,160,1,260844,0,262901,0,1,0,0
471,4,3,256,4,1,2,1,0,1,264026,264190,1509,446,263580,160,1,260573,0,262630,0,1,0,0
471,4,3,256,4,1,3,1,1,2,264163,264190,1509,994,263169,160,1,260380,0,262437,0,1,0,0
472,6,1,256,4,1,0,0,2,2,379944,446866,2523,7,379937,214,1,377160,0,379217,0,1,0,0
472,6,1,256,4,1,1,0,3,3,382235,446866,2523,121,382114,214,1,377872,0,379929,0,1,0,0
472,6,1,256,4,1,2,1,0,1,384289,446866,2523,446,383843,214,1,380619,0,382676,0,1,0,0
472,6,1,256,4,1,3,1,1,2,427478,446866,2523,994,426484,214,1,423568,0,425625,0,1,0,0
472,6,1,256,4,1,4,1,2,3,445959,446866,2523,1503,444456,214,1,441786,0,443843,0,1,0,0
472,6,1,256,4,1,5,1,3,4,446839,446866,2523,2012,444827,214,1,442174,0,444231,0,1,0,0
473,6,2,256,4,1,0,0,2,2,379982,446885,2523,7,379975,214,1,377202,0,379259,0,1,0,0
473,6,2,256,4,1,1,0,3,3,382267,446885,2523,121,382146,214,1,377899,0,379956,0,1,0,0
473,6,2,256,4,1,2,1,0,1,384301,446885,2523,446,383855,214,1,380652,0,382709,0,1,0,0
473,6,2,256,4,1,3,1,1,2,427486,446885,2523,994,426492,214,1,423576,0,425633,0,1,0,0
473,6,2,256,4,1,4,1,2,3,445978,446885,2523,1503,444475,214,1,441805,0,443862,0,1,0,0
473,6,2,256,4,1,5,1,3,4,446858,446885,2523,2012,444846,214,1,442193,0,444250,0,1,0,0
474,6,3,256,4,1,0,0,2,2,380011,446786,2528,7,380004,214,1,377231,0,379288,0,1,0,0
474,6,3,256,4,1,1,0,3,3,382259,446786,2528,121,382138,214,1,377917,0,379974,0,1,0,0
474,6,3,256,4,1,2,1,0,1,384295,446786,2528,444,383851,214,1,380648,0,382705,0,1,0,0
474,6,3,256,4,1,3,1,1,2,427460,446786,2528,992,426468,214,1,423552,0,425609,0,1,0,0
474,6,3,256,4,1,4,1,2,3,445879,446786,2528,1501,444378,214,1,441701,0,443758,0,1,0,0
474,6,3,256,4,1,5,1,3,4,446759,446786,2528,2017,444742,214,1,442089,0,444146,0,1,0,0
475,8,1,256,4,1,0,0,2,2,425957,588009,3302,7,425950,222,1,422671,0,424728,0,1,0,0
475,8,1,256,4,1,1,0,3,3,429490,588009,3302,121,429369,222,1,424591,0,426648,0,1,0,0
475,8,1,256,4,1,2,1,0,1,472171,588009,3302,446,471725,222,1,467252,0,469309,0,1,0,0
475,8,1,256,4,1,3,1,1,2,562782,588009,3302,994,561788,222,1,558869,0,560926,0,1,0,0
475,8,1,256,4,1,4,1,2,3,587621,588009,3302,1503,586118,222,1,583202,0,585259,0,1,0,0
475,8,1,256,4,1,5,1,3,4,587957,588009,3302,2012,585945,222,1,583289,0,585346,0,1,0,0
475,8,1,256,4,1,6,2,0,2,559749,588009,3302,2517,557232,222,1,553300,0,555357,0,1,0,0
475,8,1,256,4,1,7,2,1,3,560018,588009,3302,2792,557226,222,1,554558,0,556615,0,1,0,0
476,8,2,256,4,1,0,0,2,2,425749,587946,3299,7,425742,222,1,422463,0,424520,0,1,0,0
476,8,2,256,4,1,1,0,3,3,429310,587946,3299,121,429189,222,1,424403,0,426460,0,1,0,0
476,8,2,256,4,1,2,1,0,1,472026,587946,3299,446,471580,222,1,467107,0,469164,0,1,0,0
476,8,2,256,4,1,3,1,1,2,562683,587946,3299,991,561692,222,1,558773,0,560830,0,1,0,0
476,8,2,256,4,1,4,1,2,3,587557,587946,3299,1500,586057,222,1,583142,0,585199,0,1,0,0
476,8,2,256,4,1,5,1,3,4,587894,587946,3299,2009,585885,222,1,583229,0,585286,0,1,0,0
476,8,2,256,4,1,6,2,0,2,559670,587946,3299,2514,557156,222,1,553217,0,555274,0,1,0,0
476,8,2,256,4,1,7,2,1,3,559936,587946,3299,2789,557147,222,1,554480,0,556537,0,1,0,0
477,8,3,256,4,1,0,0,2,2,425944,587975,3332,7,425937,222,1,422642,0,424699,0,1,0,0
477,8,3,256,4,1,1,0,3,3,429501,587975,3332,124,429377,222,1,424573,0,426630,0,1,0,0
477,8,3,256,4,1,2,1,0,1,472159,587975,3332,452,471707,222,1,467234,0,469291,0,1,0,0
477,8,3,256,4,1,3,1,1,2,562756,587975,3332,997,561759,222,1,558840,0,560897,0,1,0,0
477,8,3,256,4,1,4,1,2,3,587587,587975,3332,1506,586081,222,1,583140,0,585197,0,1,0,0
477,8,3,256,4,1,5,1,3,4,587923,587975,3332,2040,585883,222,1,583227,0,585284,0,1,0,0
477,8,3,256,4,1,6,2,0,2,559731,587975,3332,2545,557186,222,1,553251,0,555308,0,1,0,0
477,8,3,256,4,1,7,2,1,3,559998,587975,3332,2820,557178,222,1,554508,0,556565,0,1,0,0
478,10,1,256,4,1,0,0,2,2,466226,739272,4334,7,466219,242,1,463945,0,466002,0,1,0,0
478,10,1,256,4,1,1,0,3,3,470451,739272,4334,121,470330,242,1,465583,0,467640,0,1,0,0
478,10,1,256,4,1,2,1,0,1,503427,739272,4334,444,502983,242,1,497299,0,499356,0,1,0,0
478,10,1,256,4,1,3,1,1,2,643866,739272,4334,994,642872,242,1,639692,0,641749,0,1,0,0
478,10,1,256,4,1,4,1,2,3,701895,739272,4334,1514,700381,242,1,696227,0,698284,0,1,0,0
478,10,1,256,4,1,5,1,3,4,702166,739272,4334,2023,700143,242,1,696685,0,698742,0,1,0,0
478,10,1,256,4,1,6,2,0,2,647593,739272,4334,2528,645065,242,1,641413,0,643470,0,1,0,0
478,10,1,256,4,1,7,2,1,3,714709,739272,4334,2803,711906,242,1,709229,0,711286,0,1,0,0
478,10,1,256,4,1,8,2,2,4,738302,739272,4334,3318,734984,242,1,732070,0,734127,0,1,0,0
478,10,1,256,4,1,9,2,3,5,739245,739272,4334,3827,735418,242,1,732767,0,734824,0,1,0,0
479,10,2,256,4,1,0,0,2,2,465864,739124,4317,7,465857,242,1,463583,0,465640,0,1,0,0
479,10,2,256,4,1,1,0,3,3,470094,739124,4317,121,469973,242,1,465218,0,467275,0,1,0,0
479,10,2,256,4,1,2,1,0,1,503142,739124,4317,447,502695,242,1,496962,0,499019,0,1,0,0
479,10,2,256,4,1,3,1,1,2,643737,739124,4317,994,642743,242,1,639575,0,641632,0,1,0,0
479,10,2,256,4,1,4,1,2,3,701731,739124,4317,1503,700228,242,1,696103,0,698160,0,1,0,0
479,10,2,256,4,1,5,1,3,4,702002,739124,4317,2012,699990,242,1,696562,0,698619,0,1,0,0
479,10,2,256,4,1,6,2,0,2,647485,739124,4317,2515,644970,242,1,641318,0,643375,0,1,0,0
479,10,2,256,4,1,7,2,1,3,714557,739124,4317,2790,711767,242,1,709102,0,711159,0,1,0,0
479,10,2,256,4,1,8,2,2,4,738174,739124,4317,3294,734880,242,1,731947,0,734004,0,1,0,0
479,10,2,256,4,1,9,2,3,5,739097,739124,4317,3803,735294,242,1,732636,0,734693,0,1,0,0
480,10,3,256,4,1,0,0,2,2,465774,738944,4312,7,465767,242,1,463493,0,465550,0,1,0,0
480,10,3,256,4,1,1,0,3,3,470000,738944,4312,121,469879,242,1,465128,0,467185,0,1,0,0
480,10,3,256,4,1,2,1,0,1,502987,738944,4312,446,502541,242,1,496861,0,498918,0,1,0,0
480,10,3,256,4,1,3,1,1,2,643498,738944,4312,994,642504,242,1,639333,0,641390,0,1,0,0
480,10,3,256,4,1,4,1,2,3,701473,738944,4312,1503,699970,242,1,695844,0,697901,0,1,0,0
480,10,3,256,4,1,5,1,3,4,701757,738944,4312,2012,699745,242,1,696300,0,698357,0,1,0,0
480,10,3,256,4,1,6,2,0,2,647228,738944,4312,2518,644710,242,1,641058,0,643115,0,1,0,0
480,10,3,256,4,1,7,2,1,3,714359,738944,4312,2793,711566,242,1,708878,0,710935,0,1,0,0
480,10,3,256,4,1,8,2,2,4,737974,738944,4312,3297,734677,242,1,731763,0,733820,0,1,0,0
480,10,3,256,4,1,9,2,3,5,738917,738944,4312,3806,735111,242,1,732461,0,734518,0,1,0,0
481,13,1,256,4,1,0,0,2,2,492618,950606,5559,7,492611,244,1,485840,0,487897,0,1,0,0
481,13,1,256,4,1,1,0,3,3,492865,950606,5559,121,492744,244,1,486530,0,488587,0,1,0,0
481,13,1,256,4,1,2,1,0,1,529034,950606,5559,446,528588,244,1,523672,0,525729,0,1,0,0
481,13,1,256,4,1,3,1,1,2,697229,950606,5559,995,696234,244,1,691617,0,693674,0,1,0,0
481,13,1,256,4,1,4,1,2,3,767890,950606,5559,1504,766386,244,1,763199,0,765256,0,1,0,0
481,13,1,256,4,1,5,1,3,4,768380,950606,5559,2013,766367,244,1,762963,0,765020,0,1,0,0
481,13,1,256,4,1,6,2,0,2,749306,950606,5559,2519,746787,244,1,741636,0,743693,0,1,0,0
481,13,1,256,4,1,7,2,1,3,907128,950606,5559,2794,904334,244,1,900693,0,902750,0,1,0,0
481,13,1,256,4,1,8,2,2,4,949728,950606,5559,3298,946430,244,1,943757,0,945814,0,1,0,0
481,13,1,256,4,1,9,2,3,5,949995,950606,5559,3807,946188,244,1,943520,0,945577,0,1,0,0
481,13,1,256,4,1,10,3,0,3,908338,950606,5559,4307,904031,244,1,900395,0,902452,0,1,0,0
481,13,1,256,4,1,11,3,1,4,950304,950606,5559,4808,945496,244,1,943111,0,945168,0,1,0,0
481,13,1,256,4,1,12,3,2,5,950579,950606,5559,5047,945532,244,1,942871,0,944928,0,1,0,0
482,13,2,256,4,1,0,0,2,2,492364,950248,5554,7,492357,244,1,485340,0,487397,0,1,0,0
482,13,2,256,4,1,1,0,3,3,492867,950248,5554,121,492746,244,1,486033,0,488090,0,1,0,0
482,13,2,256,4,1,2,1,0,1,529030,950248,5554,446,528584,244,1,523170,0,525227,0,1,0,0
482,13,2,256,4,1,3,1,1,2,696976,950248,5554,994,695982,244,1,691129,0,693186,0,1,0,0
482,13,2,256,4,1,4,1,2,3,767879,950248,5554,1503,766376,244,1,762706,0,764763,0,1,0,0
482,13,2,256,4,1,5,1,3,4,768372,950248,5554,2012,766360,244,1,762471,0,764528,0,1,0,0
482,13,2,256,4,1,6,2,0,2,749304,950248,5554,2517,746787,244,1,741151,0,743208,0,1,0,0
482,13,2,256,4,1,7,2,1,3,906872,950248,5554,2792,904080,244,1,900201,0,902258,0,1,0,0
482,13,2,256,4,1,8,2,2,4,949495,950248,5554,3296,946199,244,1,943262,0,945319,0,1,0,0
482,13,2,256,4,1,9,2,3,5,949813,950248,5554,3805,946008,244,1,943025,0,945082,0,1,0,0
482,13,2,256,4,1,10,3,0,3,908343,950248,5554,4304,904039,244,1,899905,0,901962,0,1,0,0
482,13,2,256,4,1,11,3,1,4,950082,950248,5554,4804,945278,244,1,942618,0,944675,0,1,0,0
482,13,2,256,4,1,12,3,2,5,950221,950248,5554,5043,945178,244,1,942376,0,944433,0,1,0,0
483,13,3,256,4,1,0,0,2,2,492371,950385,5560,7,492364,244,1,485350,0,487407,0,1,0,0
483,13,3,256,4,1,1,0,3,3,492874,950385,5560,121,492753,244,1,486040,0,488097,0,1,0,0
483,13,3,256,4,1,2,1,0,1,529049,950385,5560,446,528603,244,1,523189,0,525246,0,1,0,0
483,13,3,256,4,1,3,1,1,2,697076,950385,5560,995,696081,244,1,691212,0,693269,0,1,0,0
483,13,3,256,4,1,4,1,2,3,767991,950385,5560,1504,766487,244,1,762807,0,764864,0,1,0,0
483,13,3,256,4,1,5,1,3,4,768485,950385,5560,2013,766472,244,1,762569,0,764626,0,1,0,0
483,13,3,256,4,1,6,2,0,2,749435,950385,5560,2521,746914,244,1,741278,0,743335,0,1,0,0
483,13,3,256,4,1,7,2,1,3,907021,950385,5560,2796,904225,244,1,900340,0,902397,0,1,0,0
483,13,3,256,4,1,8,2,2,4,949642,950385,5560,3300,946342,244,1,943399,0,945456,0,1,0,0
483,13,3,256,4,1,9,2,3,5,949954,950385,5560,3809,946145,244,1,943168,0,945225,0,1,0,0
483,13,3,256,4,1,10,3,0,3,908492,950385,5560,4309,904183,244,1,900045,0,902102,0,1,0,0
483,13,3,256,4,1,11,3,1,4,950219,950385,5560,4810,945409,244,1,942753,0,944810,0,1,0,0
483,13,3,256,4,1,12,3,2,5,950358,950385,5560,5049,945309,244,1,942517,0,944574,0,1,0,0
484,1,1,256,1,4,0,0,2,2,353069,353091,121,7,353062,1280,1,346194,0,352859,0,1,0,0
485,1,2,256,1,4,0,0,2,2,353051,353073,121,7,353044,1280,1,346178,0,352843,0,1,0,0
486,1,3,256,1,4,0,0,2,2,353036,353058,121,7,353029,1280,1,346163,0,352828,0,1,0,0
487,2,1,256,1,4,0,0,2,2,529799,530594,452,7,529792,1025,1,522910,0,529575,0,1,0,0
487,2,1,256,1,4,1,0,3,3,530567,530594,452,126,530441,1025,1,523367,0,530032,0,1,0,0
488,2,2,256,1,4,0,0,2,2,529846,530640,452,7,529839,1025,1,522956,0,529621,0,1,0,0
488,2,2,256,1,4,1,0,3,3,530613,530640,452,126,530487,1025,1,523413,0,530078,0,1,0,0
489,2,3,256,1,4,0,0,2,2,529816,530611,452,7,529809,1025,1,522927,0,529592,0,1,0,0
489,2,3,256,1,4,1,0,3,3,530584,530611,452,126,530458,1025,1,523384,0,530049,0,1,0,0
490,4,1,256,1,4,0,0,2,2,1145102,1147111,1044,7,1145095,1088,1,1137727,0,1144392,0,1,0,0
490,4,1,256,1,4,1,0,3,3,1146081,1147111,1044,121,1145960,1088,1,1138844,0,1145509,0,1,0,0
490,4,1,256,1,4,2,1,0,1,1146831,1147111,1044,468,1146363,1088,1,1139298,0,1145963,0,1,0,0
490,4,1,256,1,4,3,1,1,2,1147084,1147111,1044,765,1146319,1088,1,1139274,0,1145939,0,1,0,0
491,4,2,256,1,4,0,0,2,2,1145058,1147067,1046,7,1145051,1088,1,1137683,0,1144348,0,1,0,0
491,4,2,256,1,4,1,0,3,3,1146038,1147067,1046,121,1145917,1088,1,1138821,0,1145486,0,1,0,0
491,4,2,256,1,4,2,1,0,1,1146788,1147067,1046,447,1146341,1088,1,1139252,0,1145917,0,1,0,0
491,4,2,256,1,4,3,1,1,2,1147040,1147067,1046,767,1146273,1088,1,1139228,0,1145893,0,1,0,0
492,4,3,256,1,4,0,0,2,2,1145037,1147046,1053,7,1145030,1088,1,1137662,0,1144327,0,1,0,0
492,4,3,256,1,4,1,0,3,3,1146017,1147046,1053,121,1145896,1088,1,1138803,0,1145468,0,1,0,0
492,4,3,256,1,4,2,1,0,1,1146766,1147046,1053,444,1146322,1088,1,1139224,0,1145889,0,1,0,0
492,4,3,256,1,4,3,1,1,2,1147019,1147046,1053,774,1146245,1088,1,1139200,0,1145865,0,1,0,0
493,6,1,256,1,4,0,0,2,2,1061215,1660845,1620,7,1061208,1603,1,1053312,0,1059977,0,1,0,0
493,6,1,256,1,4,1,0,3,3,1061460,1660845,1620,129,1061331,1603,1,1054234,0,1060899,0,1,0,0
493,6,1,256,1,4,2,1,0,1,1062800,1660845,1620,454,1062346,1603,1,1054986,0,1061651,0,1,0,0
493,6,1,256,1,4,3,1,1,2,1374008,1660845,1620,773,1373235,1603,1,1365695,0,1372360,0,1,0,0
493,6,1,256,1,4,4,1,2,3,1660681,1660845,1620,1046,1659635,1603,1,1652317,0,1658982,0,1,0,0
493,6,1,256,1,4,5,1,3,4,1660818,1660845,1620,1344,1659474,1603,1,1652296,0,1658961,0,1,0,0
494,6,2,256,1,4,0,0,2,2,1060978,1660713,1588,7,1060971,1603,1,1053083,0,1059748,0,1,0,0
494,6,2,256,1,4,1,0,3,3,1061223,1660713,1588,121,1061102,1603,1,1054005,0,1060670,0,1,0,0
494,6,2,256,1,4,2,1,0,1,1062555,1660713,1588,446,1062109,1603,1,1054749,0,1061414,0,1,0,0
494,6,2,256,1,4,3,1,1,2,1373897,1660713,1588,765,1373132,1603,1,1365592,0,1372257,0,1,0,0
494,6,2,256,1,4,4,1,2,3,1660549,1660713,1588,1038,1659511,1603,1,1652219,0,1658884,0,1,0,0
494,6,2,256,1,4,5,1,3,4,1660686,1660713,1588,1311,1659375,1603,1,1652196,0,1658861,0,1,0,0
495,6,3,256,1,4,0,0,2,2,1060961,1660761,1588,7,1060954,1603,1,1053060,0,1059725,0,1,0,0
495,6,3,256,1,4,1,0,3,3,1061206,1660761,1588,121,1061085,1603,1,1053988,0,1060653,0,1,0,0
495,6,3,256,1,4,2,1,0,1,1062549,1660761,1588,446,1062103,1603,1,1054743,0,1061408,0,1,0,0
495,6,3,256,1,4,3,1,1,2,1373823,1660761,1588,765,1373058,1603,1,1365518,0,1372183,0,1,0,0
495,6,3,256,1,4,4,1,2,3,1660571,1660761,1588,1038,1659533,1603,1,1652240,0,1658905,0,1,0,0
495,6,3,256,1,4,5,1,3,4,1660734,1660761,1588,1311,1659423,1603,1,1652217,0,1658882,0,1,0,0
496,8,1,256,1,4,0,0,2,2,1065234,2230404,2085,7,1065227,1663,1,1058345,0,1065010,0,1,0,0
496,8,1,256,1,4,1,0,3,3,1067278,2230404,2085,121,1067157,1663,1,1059268,0,1065933,0,1,0,0
496,8,1,256,1,4,2,1,0,1,1356941,2230404,2085,446,1356495,1663,1,1348886,0,1355551,0,1,0,0
496,8,1,256,1,4,3,1,1,2,1961232,2230404,2085,765,1960467,1663,1,1953426,0,1960091,0,1,0,0
496,8,1,256,1,4,4,1,2,3,2229849,2230404,2085,1038,2228811,1663,1,2221769,0,2228434,0,1,0,0
496,8,1,256,1,4,5,1,3,4,2230359,2230404,2085,1311,2229048,1663,1,2222009,0,2228674,0,1,0,0
496,8,1,256,1,4,6,2,0,2,1962012,2230404,2085,1586,1960426,1663,1,1952381,0,1959046,0,1,0,0
496,8,1,256,1,4,7,2,1,3,1962263,2230404,2085,1834,1960429,1663,1,1952629,0,1959294,0,1,0,0
497,8,2,256,1,4,0,0,2,2,1065413,2230608,2107,7,1065406,1663,1,1058514,0,1065179,0,1,0,0
497,8,2,256,1,4,1,0,3,3,1067447,2230608,2107,121,1067326,1663,1,1059436,0,1066101,0,1,0,0
497,8,2,256,1,4,2,1,0,1,1357031,2230608,2107,446,1356585,1663,1,1348967,0,1355632,0,1,0,0
497,8,2,256,1,4,3,1,1,2,1961411,2230608,2107,765,1960646,1663,1,1953580,0,1960245,0,1,0,0
497,8,2,256,1,4,4,1,2,3,2230053,2230608,2107,1063,2228990,1663,1,2221948,0,2228613,0,1,0,0
497,8,2,256,1,4,5,1,3,4,2230563,2230608,2107,1336,2229227,1663,1,2222190,0,2228855,0,1,0,0
497,8,2,256,1,4,6,2,0,2,1962193,2230608,2107,1609,1960584,1663,1,1952538,0,1959203,0,1,0,0
497,8,2,256,1,4,7,2,1,3,1962465,2230608,2107,1856,1960609,1663,1,1952786,0,1959451,0,1,0,0
498,8,3,256,1,4,0,0,2,2,1065176,2230321,2082,7,1065169,1663,1,1058287,0,1064952,0,1,0,0
498,8,3,256,1,4,1,0,3,3,1067218,2230321,2082,121,1067097,1663,1,1059207,0,1065872,0,1,0,0
498,8,3,256,1,4,2,1,0,1,1356883,2230321,2082,446,1356437,1663,1,1348825,0,1355490,0,1,0,0
498,8,3,256,1,4,3,1,1,2,1961164,2230321,2082,765,1960399,1663,1,1953358,0,1960023,0,1,0,0
498,8,3,256,1,4,4,1,2,3,2229767,2230321,2082,1038,2228729,1663,1,2221686,0,2228351,0,1,0,0
498,8,3,256,1,4,5,1,3,4,2230276,2230321,2082,1311,2228965,1663,1,2221929,0,2228594,0,1,0,0
498,8,3,256,1,4,6,2,0,2,1961944,2230321,2082,1583,1960361,1663,1,1952316,0,1958981,0,1,0,0
498,8,3,256,1,4,7,2,1,3,1962195,2230321,2082,1831,1960364,1663,1,1952564,0,1959229,0,1,0,0
499,10,1,256,1,4,0,0,2,2,1077858,2761817,2629,7,1077851,1849,1,1068738,0,1075403,0,1,0,0
499,10,1,256,1,4,1,0,3,3,1078106,2761817,2629,121,1077985,1849,1,1069865,0,1076530,0,1,0,0
499,10,1,256,1,4,2,1,0,1,1371544,2761817,2629,448,1371096,1849,1,1363491,0,1370156,0,1,0,0
499,10,1,256,1,4,3,1,1,2,1906252,2761817,2629,768,1905484,1849,1,1896699,0,1903364,0,1,0,0
499,10,1,256,1,4,4,1,2,3,2445126,2761817,2629,1041,2444085,1849,1,2436292,0,2442957,0,1,0,0
499,10,1,256,1,4,5,1,3,4,2445398,2761817,2629,1339,2444059,1849,1,2436501,0,2443166,0,1,0,0
499,10,1,256,1,4,6,2,0,2,1906978,2761817,2629,1610,1905368,1849,1,1897110,0,1903775,0,1,0,0
499,10,1,256,1,4,7,2,1,3,2445702,2761817,2629,1859,2443843,1849,1,2436521,0,2443186,0,1,0,0
499,10,1,256,1,4,8,2,2,4,2761537,2761817,2629,2104,2759433,1849,1,2752390,0,2759055,0,1,0,0
499,10,1,256,1,4,9,2,3,5,2761790,2761817,2629,2375,2759415,1849,1,2752391,0,2759056,0,1,0,0
500,10,2,256,1,4,0,0,2,2,1077659,2762601,2629,7,1077652,1850,1,1068541,0,1075206,0,1,0,0
500,10,2,256,1,4,1,0,3,3,1077906,2762601,2629,121,1077785,1850,1,1069670,0,1076335,0,1,0,0
500,10,2,256,1,4,2,1,0,1,1371346,2762601,2629,446,1370900,1850,1,1363296,0,1369961,0,1,0,0
500,10,2,256,1,4,3,1,1,2,1906058,2762601,2629,765,1905293,1850,1,1896506,0,1903171,0,1,0,0
500,10,2,256,1,4,4,1,2,3,2445291,2762601,2629,1038,2444253,1850,1,2436488,0,2443153,0,1,0,0
500,10,2,256,1,4,5,1,3,4,2445563,2762601,2629,1311,2444252,1850,1,2436694,0,2443359,0,1,0,0
500,10,2,256,1,4,6,2,0,2,1906785,2762601,2629,1582,1905203,1850,1,1896944,0,1903609,0,1,0,0
500,10,2,256,1,4,7,2,1,3,2445866,2762601,2629,1831,2444035,1850,1,2436714,0,2443379,0,1,0,0
500,10,2,256,1,4,8,2,2,4,2762437,2762601,2629,2076,2760361,1850,1,2753040,0,2759705,0,1,0,0
500,10,2,256,1,4,9,2,3,5,2762574,2762601,2629,2375,2760199,1850,1,2753041,0,2759706,0,1,0,0
501,10,3,256,1,4,0,0,2,2,1077790,2762782,2613,7,1077783,1850,1,1068672,0,1075337,0,1,0,0
501,10,3,256,1,4,1,0,3,3,1078039,2762782,2613,121,1077918,1850,1,1069801,0,1076466,0,1,0,0
501,10,3,256,1,4,2,1,0,1,1371682,2762782,2613,446,1371236,1850,1,1363632,0,1370297,0,1,0,0
501,10,3,256,1,4,3,1,1,2,1906410,2762782,2613,765,1905645,1850,1,1896846,0,1903511,0,1,0,0
501,10,3,256,1,4,4,1,2,3,2445522,2762782,2613,1050,2444472,1850,1,2436708,0,2443373,0,1,0,0
501,10,3,256,1,4,5,1,3,4,2445819,2762782,2613,1323,2444496,1850,1,2436912,0,2443577,0,1,0,0
501,10,3,256,1,4,6,2,0,2,1907137,2762782,2613,1594,1905543,1850,1,1897285,0,1903950,0,1,0,0
501,10,3,256,1,4,7,2,1,3,2446098,2762782,2613,1843,2444255,1850,1,2436958,0,2443623,0,1,0,0
501,10,3,256,1,4,8,2,2,4,2762618,2762782,2613,2088,2760530,1850,1,2753237,0,2759902,0,1,0,0
501,10,3,256,1,4,9,2,3,5,2762755,2762782,2613,2359,2760396,1850,1,2753238,0,2759903,0,1,0,0
502,13,1,256,1,4,0,0,2,2,1048435,3615467,3624,7,1048428,1800,1,1040560,0,1047225,0,1,0,0
502,13,1,256,1,4,1,0,3,3,1051695,3615467,3624,129,1051566,1800,1,1041697,0,1048362,0,1,0,0
502,13,1,256,1,4,2,1,0,1,1327983,3615467,3624,454,1327529,1800,1,1318411,0,1325076,0,1,0,0
502,13,1,256,1,4,3,1,1,2,1880325,3615467,3624,773,1879552,1800,1,1872023,0,1878688,0,1,0,0
502,13,1,256,1,4,4,1,2,3,2423681,3615467,3624,1047,2422634,1800,1,2414278,0,2420943,0,1,0,0
502,13,1,256,1,4,5,1,3,4,2423975,3615467,3624,1342,2422633,1800,1,2414279,0,2420944,0,1,0,0
502,13,1,256,1,4,6,2,0,2,2421663,3615467,3624,1613,2420050,1800,1,2413030,0,2419695,0,1,0,0
502,13,1,256,1,4,7,2,1,3,2992975,3615467,3624,1862,2991113,1800,1,2983373,0,2990038,0,1,0,0
502,13,1,256,1,4,8,2,2,4,3614438,3615467,3624,2107,3612331,1800,1,3605288,0,3611953,0,1,0,0
502,13,1,256,1,4,9,2,3,5,3615413,3615467,3624,2378,3613035,1800,1,3605524,0,3612189,0,1,0,0
502,13,1,256,1,4,10,3,0,3,2993733,3615467,3624,2626,2991107,1800,1,2983071,0,2989736,0,1,0,0
502,13,1,256,1,4,11,3,1,4,3614923,3615467,3624,3133,3611790,1800,1,3604537,0,3611202,0,1,0,0
502,13,1,256,1,4,12,3,2,5,3615180,3615467,3624,3373,3611807,1800,1,3604772,0,3611437,0,1,0,0
503,13,2,256,1,4,0,0,2,2,1048796,3616185,3618,7,1048789,1800,1,1040930,0,1047595,0,1,0,0
503,13,2,256,1,4,1,0,3,3,1052057,3616185,3618,121,1051936,1800,1,1042068,0,1048733,0,1,0,0
503,13,2,256,1,4,2,1,0,1,1328342,3616185,3618,446,1327896,1800,1,1318779,0,1325444,0,1,0,0
503,13,2,256,1,4,3,1,1,2,1881226,3616185,3618,765,1880461,1800,1,1872927,0,1879592,0,1,0,0
503,13,2,256,1,4,4,1,2,3,2424527,3616185,3618,1041,2423486,1800,1,2415154,0,2421819,0,1,0,0
503,13,2,256,1,4,5,1,3,4,2424802,3616185,3618,1339,2423463,1800,1,2415155,0,2421820,0,1,0,0
503,13,2,256,1,4,6,2,0,2,2422536,3616185,3618,1610,2420926,1800,1,2413906,0,2420571,0,1,0,0
503,13,2,256,1,4,7,2,1,3,2993797,3616185,3618,1859,2991938,1800,1,2984204,0,2990869,0,1,0,0
503,13,2,256,1,4,8,2,2,4,3615165,3616185,3618,2104,3613061,1800,1,3606018,0,3612683,0,1,0,0
503,13,2,256,1,4,9,2,3,5,3616131,3616185,3618,2375,3613756,1800,1,3606254,0,3612919,0,1,0,0
503,13,2,256,1,4,10,3,0,3,2994557,3616185,3618,2623,2991934,1800,1,2983898,0,2990563,0,1,0,0
503,13,2,256,1,4,11,3,1,4,3615650,3616185,3618,3128,3612522,1800,1,3605270,0,3611935,0,1,0,0
503,13,2,256,1,4,12,3,2,5,3615893,3616185,3618,3367,3612526,1800,1,3605505,0,3612170,0,1,0,0
504,13,3,256,1,4,0,0,2,2,1048469,3614842,3612,7,1048462,1800,1,1040580,0,1047245,0,1,0,0
504,13,3,256,1,4,1,0,3,3,1051718,3614842,3612,121,1051597,1800,1,1041739,0,1048404,0,1,0,0
504,13,3,256,1,4,2,1,0,1,1327598,3614842,3612,446,1327152,1800,1,1318025,0,1324690,0,1,0,0
504,13,3,256,1,4,3,1,1,2,1879695,3614842,3612,765,1878930,1800,1,1871402,0,1878067,0,1,0,0
504,13,3,256,1,4,4,1,2,3,2423008,3614842,3612,1038,2421970,1800,1,2413644,0,2420309,0,1,0,0
504,13,3,256,1,4,5,1,3,4,2423282,3614842,3612,1311,2421971,1800,1,2413656,0,2420321,0,1,0,0
504,13,3,256,1,4,6,2,0,2,2420997,3614842,3612,1586,2419411,1800,1,2412393,0,2419058,0,1,0,0
504,13,3,256,1,4,7,2,1,3,2992334,3614842,3612,1833,2990501,1800,1,2982767,0,2989432,0,1,0,0
504,13,3,256,1,4,8,2,2,4,3613819,3614842,3612,2078,3611741,1800,1,3604678,0,3611343,0,1,0,0
504,13,3,256,1,4,9,2,3,5,3614788,3614842,3612,2369,3612419,1800,1,3604914,0,3611579,0,1,0,0
504,13,3,256,1,4,10,3,0,3,2993094,3614842,3612,2617,2990477,1800,1,2982441,0,2989106,0,1,0,0
504,13,3,256,1,4,11,3,1,4,3614304,3614842,3612,3122,3611182,1800,1,3603931,0,3610596,0,1,0,0
504,13,3,256,1,4,12,3,2,5,3614547,3614842,3612,3360,3611187,1800,1,3604165,0,3610830,0,1,0,0
