run_id,idle,tile,l2_hits,l2_misses,dvfs0,dvfs1,dvfs2,dvfs3,inject_p0,inject_p1,inject_p2,inject_p3,inject_p4,inject_p5,router_p0_d0,router_p0_d1,router_p0_d2,router_p0_d3,router_p0_d4,router_p1_d0,router_p1_d1,router_p1_d2,router_p1_d3,router_p1_d4,router_p2_d0,router_p2_d1,router_p2_d2,router_p2_d3,router_p2_d4,router_p3_d0,router_p3_d1,router_p3_d2,router_p3_d3,router_p3_d4,router_p4_d0,router_p4_d1,router_p4_d2,router_p4_d3,router_p4_d4,router_p5_d0,router_p5_d1,router_p5_d2,router_p5_d3,router_p5_d4
0,1,0,0,0,0,0,0,20103086,0,0,171,0,136,0,0,0,0,0,3837,0,0,0,0,0,0,0,0,171,171,0,0,0,0,0,0,294,0,136,284,0,0,0,0,0
0,1,1,0,0,0,0,0,10051543,3837,0,0,0,1116,0,0,0,0,0,3837,0,0,0,0,0,0,0,0,0,78,0,0,0,0,0,0,70,163,159,1831,0,0,0,0,0
0,1,2,0,0,0,0,0,10051543,0,0,0,0,55,0,0,0,0,0,0,0,0,0,0,0,0,0,0,0,0,0,0,0,0,0,0,260,92,278,130,0,0,0,0,0
0,1,3,0,0,0,0,0,10051543,0,0,0,0,55,0,0,0,0,0,0,0,0,0,0,0,0,0,0,0,0,0,0,0,0,0,0,91,37,0,66,0,0,0,0,0
0,1,4,0,0,0,0,0,10051543,0,0,0,0,53,0,0,0,0,0,0,0,0,0,0,0,0,0,0,0,0,0,0,0,0,0,0,82,0,39,69,0,0,0,0,0
0,1,5,0,0,0,0,0,10051543,0,0,0,0,56,0,0,0,0,0,0,0,0,0,0,0,0,0,0,0,0,0,0,0,0,0,537,150,0,0,130,0,0,0,0,0
0,1,6,0,0,0,0,0,10051543,0,0,0,0,55,0,0,0,0,0,0,0,0,0,0,0,0,0,0,0,0,0,0,0,0,0,0,28,96,0,61,0,0,0,0,0
0,1,7,0,0,0,0,0,10051543,0,0,0,0,59,0,0,0,0,0,0,0,0,0,0,0,0,0,0,0,0,0,0,0,0,0,0,104,33,0,146,0,0,0,0,0
0,1,8,0,0,0,0,0,10051543,0,0,0,0,60,0,0,0,0,0,0,0,0,0,0,0,0,0,0,0,0,0,0,0,0,0,0,57,0,32,117,0,0,0,0,0
0,1,9,0,0,0,0,0,10051543,0,0,0,0,55,0,0,0,0,0,0,0,0,0,0,0,0,0,0,0,0,0,0,0,0,0,364,40,0,0,61,0,0,0,0,0
0,1,10,0,0,0,0,0,10051543,0,0,0,0,60,0,0,0,0,0,0,0,0,0,0,0,0,0,0,0,0,0,0,0,0,0,0,90,93,0,138,0,0,0,0,0
0,1,11,0,0,0,0,0,10051543,0,0,0,0,61,0,0,0,0,0,0,0,0,0,0,0,0,0,0,0,0,0,0,0,0,0,0,39,31,0,102,0,0,0,0,0
0,1,12,0,0,0,0,0,10051543,0,0,0,0,59,0,0,0,0,0,0,0,0,0,0,0,0,0,0,0,0,0,0,0,0,0,0,0,0,33,100,0,0,0,0,0
0,1,13,0,0,0,0,0,10051543,0,0,0,0,61,0,0,0,0,0,0,0,0,0,0,0,0,0,0,0,0,0,0,0,0,0,180,0,0,0,119,0,0,0,0,0
0,1,14,0,0,0,0,0,10051543,0,0,0,0,59,0,0,0,0,0,0,0,0,0,0,0,0,0,0,0,0,0,0,0,0,0,0,0,82,0,67,0,0,0,0,0
0,1,15,0,0,0,0,0,10051543,0,0,0,0,49,0,0,0,0,0,0,0,0,0,0,0,0,0,0,0,0,0,0,0,0,0,0,0,31,0,96,0,0,0,0,0
1,0,0,0,0,0,0,0,1348814,0,0,8196,73728,136,0,0,0,0,0,15969,0,0,0,0,0,0,0,0,8196,8196,0,0,0,73728,73728,0,294,0,136,284,0,0,0,0,114688
1,0,1,0,0,0,0,0,674407,15969,0,0,0,7243,0,0,0,0,0,15969,0,0,0,0,0,0,0,0,0,2041,0,0,0,40959,0,0,84,170,2208,14111,0,0,114688,0,0
1,0,2,0,0,0,0,0,674407,0,0,0,0,6201,114688,0,0,0,0,0,0,0,0,0,0,0,0,0,0,0,0,0,0,0,32769,0,249,2133,282,12431,0,0,0,0,114688
1,0,3,0,0,0,0,0,674407,0,0,0,0,47,0,0,0,0,0,0,0,0,0,0,0,0,0,0,0,0,0,0,0,0,0,0,92,45,0,54,0,0,0,0,0
1,0,4,0,0,0,0,0,674407,0,0,0,0,47,0,0,0,0,0,0,0,0,0,0,0,0,0,0,0,0,0,0,0,0,0,0,87,0,45,62,0,0,0,0,0
1,0,5,0,0,0,0,0,674407,0,0,0,0,47,0,0,0,0,0,0,0,0,0,0,0,0,0,0,0,0,0,0,0,0,0,537,148,0,0,109,0,0,0,0,0
1,0,6,0,0,0,0,0,674407,0,0,0,0,47,0,0,0,0,0,0,0,0,0,0,0,0,0,0,0,0,0,0,0,0,0,0,40,98,0,52,0,0,0,0,0
1,0,7,0,0,0,0,0,674407,0,0,0,0,53,0,0,0,0,0,0,0,0,0,0,0,0,0,0,0,0,0,0,0,0,0,0,104,39,0,140,0,0,0,0,0
1,0,8,0,0,0,0,0,674407,0,0,0,0,50,0,0,0,0,0,0,0,0,0,0,0,0,0,0,0,0,0,0,0,0,0,0,52,0,42,107,0,0,0,0,0
1,0,9,0,0,0,0,0,674407,0,0,0,0,47,0,0,0,0,0,0,0,0,0,0,0,0,0,0,0,0,0,0,0,0,0,365,42,0,0,53,0,0,0,0,0
1,0,10,0,0,0,0,0,674407,0,0,0,0,53,0,0,0,0,0,0,0,0,0,0,0,0,0,0,0,0,0,0,0,0,0,0,91,92,0,118,0,0,0,0,0
1,0,11,0,0,0,0,0,674407,0,0,0,0,53,0,0,0,0,0,0,0,0,0,0,0,0,0,0,0,0,0,0,0,0,0,0,40,39,0,94,0,0,0,0,0
1,0,12,0,0,0,0,0,674407,0,0,0,0,47,0,0,0,0,0,0,0,0,0,0,0,0,0,0,0,0,0,0,0,0,0,0,0,0,45,93,0,0,0,0,0
1,0,13,0,0,0,0,0,674407,0,0,0,0,53,0,0,0,0,0,0,0,0,0,0,0,0,0,0,0,0,0,0,0,0,0,178,0,0,0,109,0,0,0,0,0
1,0,14,0,0,0,0,0,674407,0,0,0,0,53,0,0,0,0,0,0,0,0,0,0,0,0,0,0,0,0,0,0,0,0,0,0,0,80,0,60,0,0,0,0,0
1,0,15,0,0,0,0,0,674407,0,0,0,0,41,0,0,0,0,0,0,0,0,0,0,0,0,0,0,0,0,0,0,0,0,0,0,0,39,0,88,0,0,0,0,0
2,0,0,0,0,0,0,0,1348837,0,0,8196,73728,136,0,0,0,0,0,15972,0,0,0,0,0,0,0,0,8196,8196,0,0,0,73728,73728,0,294,0,136,284,0,0,0,0,114688
2,0,1,0,0,0,0,0,674419,15972,0,0,0,7243,0,0,0,0,0,15972,0,0,0,0,0,0,0,0,0,2041,0,0,0,40959,0,0,84,170,2208,14110,0,0,114688,0,0
2,0,2,0,0,0,0,0,674419,0,0,0,0,6200,114688,0,0,0,0,0,0,0,0,0,0,0,0,0,0,0,0,0,0,0,32769,0,249,2134,282,12430,0,0,0,0,114688
2,0,3,0,0,0,0,0,674419,0,0,0,0,47,0,0,0,0,0,0,0,0,0,0,0,0,0,0,0,0,0,0,0,0,0,0,92,45,0,54,0,0,0,0,0
2,0,4,0,0,0,0,0,674419,0,0,0,0,47,0,0,0,0,0,0,0,0,0,0,0,0,0,0,0,0,0,0,0,0,0,0,87,0,45,62,0,0,0,0,0
2,0,5,0,0,0,0,0,674419,0,0,0,0,47,0,0,0,0,0,0,0,0,0,0,0,0,0,0,0,0,0,0,0,0,0,537,148,0,0,109,0,0,0,0,0
2,0,6,0,0,0,0,0,674419,0,0,0,0,47,0,0,0,0,0,0,0,0,0,0,0,0,0,0,0,0,0,0,0,0,0,0,40,98,0,52,0,0,0,0,0
2,0,7,0,0,0,0,0,674419,0,0,0,0,53,0,0,0,0,0,0,0,0,0,0,0,0,0,0,0,0,0,0,0,0,0,0,104,39,0,140,0,0,0,0,0
2,0,8,0,0,0,0,0,674419,0,0,0,0,50,0,0,0,0,0,0,0,0,0,0,0,0,0,0,0,0,0,0,0,0,0,0,52,0,42,107,0,0,0,0,0
2,0,9,0,0,0,0,0,674419,0,0,0,0,47,0,0,0,0,0,0,0,0,0,0,0,0,0,0,0,0,0,0,0,0,0,365,42,0,0,53,0,0,0,0,0
2,0,10,0,0,0,0,0,674419,0,0,0,0,53,0,0,0,0,0,0,0,0,0,0,0,0,0,0,0,0,0,0,0,0,0,0,91,92,0,118,0,0,0,0,0
2,0,11,0,0,0,0,0,674419,0,0,0,0,53,0,0,0,0,0,0,0,0,0,0,0,0,0,0,0,0,0,0,0,0,0,0,40,39,0,94,0,0,0,0,0
2,0,12,0,0,0,0,0,674419,0,0,0,0,47,0,0,0,0,0,0,0,0,0,0,0,0,0,0,0,0,0,0,0,0,0,0,0,0,45,93,0,0,0,0,0
2,0,13,0,0,0,0,0,674419,0,0,0,0,53,0,0,0,0,0,0,0,0,0,0,0,0,0,0,0,0,0,0,0,0,0,178,0,0,0,109,0,0,0,0,0
2,0,14,0,0,0,0,0,674419,0,0,0,0,53,0,0,0,0,0,0,0,0,0,0,0,0,0,0,0,0,0,0,0,0,0,0,0,80,0,60,0,0,0,0,0
2,0,15,0,0,0,0,0,674419,0,0,0,0,41,0,0,0,0,0,0,0,0,0,0,0,0,0,0,0,0,0,0,0,0,0,0,0,39,0,88,0,0,0,0,0
3,0,0,0,0,0,0,0,1348871,0,0,8196,73728,136,0,0,0,0,0,15972,0,0,0,0,0,0,0,0,8196,8196,0,0,0,73728,73728,0,294,0,136,284,0,0,0,0,114688
3,0,1,0,0,0,0,0,674436,15972,0,0,0,7235,0,0,0,0,0,15972,0,0,0,0,0,0,0,0,0,2045,0,0,0,40959,0,0,84,170,2216,14095,0,0,114688,0,0
3,0,2,0,0,0,0,0,674436,0,0,0,0,6193,114688,0,0,0,0,0,0,0,0,0,0,0,0,0,0,0,0,0,0,0,32769,0,249,2141,282,12415,0,0,0,0,114688
3,0,3,0,0,0,0,0,674436,0,0,0,0,47,0,0,0,0,0,0,0,0,0,0,0,0,0,0,0,0,0,0,0,0,0,0,92,45,0,54,0,0,0,0,0
3,0,4,0,0,0,0,0,674436,0,0,0,0,47,0,0,0,0,0,0,0,0,0,0,0,0,0,0,0,0,0,0,0,0,0,0,87,0,45,61,0,0,0,0,0
3,0,5,0,0,0,0,0,674436,0,0,0,0,47,0,0,0,0,0,0,0,0,0,0,0,0,0,0,0,0,0,0,0,0,0,537,148,0,0,109,0,0,0,0,0
3,0,6,0,0,0,0,0,674436,0,0,0,0,47,0,0,0,0,0,0,0,0,0,0,0,0,0,0,0,0,0,0,0,0,0,0,40,98,0,52,0,0,0,0,0
3,0,7,0,0,0,0,0,674436,0,0,0,0,53,0,0,0,0,0,0,0,0,0,0,0,0,0,0,0,0,0,0,0,0,0,0,104,39,0,140,0,0,0,0,0
3,0,8,0,0,0,0,0,674436,0,0,0,0,50,0,0,0,0,0,0,0,0,0,0,0,0,0,0,0,0,0,0,0,0,0,0,52,0,42,107,0,0,0,0,0
3,0,9,0,0,0,0,0,674436,0,0,0,0,47,0,0,0,0,0,0,0,0,0,0,0,0,0,0,0,0,0,0,0,0,0,365,42,0,0,53,0,0,0,0,0
3,0,10,0,0,0,0,0,674436,0,0,0,0,53,0,0,0,0,0,0,0,0,0,0,0,0,0,0,0,0,0,0,0,0,0,0,91,92,0,118,0,0,0,0,0
3,0,11,0,0,0,0,0,674436,0,0,0,0,53,0,0,0,0,0,0,0,0,0,0,0,0,0,0,0,0,0,0,0,0,0,0,40,39,0,94,0,0,0,0,0
3,0,12,0,0,0,0,0,674436,0,0,0,0,47,0,0,0,0,0,0,0,0,0,0,0,0,0,0,0,0,0,0,0,0,0,0,0,0,45,93,0,0,0,0,0
3,0,13,0,0,0,0,0,674436,0,0,0,0,53,0,0,0,0,0,0,0,0,0,0,0,0,0,0,0,0,0,0,0,0,0,178,0,0,0,109,0,0,0,0,0
3,0,14,0,0,0,0,0,674436,0,0,0,0,53,0,0,0,0,0,0,0,0,0,0,0,0,0,0,0,0,0,0,0,0,0,0,0,80,0,60,0,0,0,0,0
3,0,15,0,0,0,0,0,674436,0,0,0,0,41,0,0,0,0,0,0,0,0,0,0,0,0,0,0,0,0,0,0,0,0,0,0,0,39,0,88,0,0,0,0,0
4,0,0,0,0,0,0,0,1381150,0,0,8824,147456,136,0,0,0,0,0,16920,0,0,0,0,0,0,0,0,8824,8824,0,0,0,147456,147456,0,294,0,136,284,0,0,0,0,229376
4,0,1,0,0,0,0,0,690575,16920,0,0,0,7424,0,0,0,0,0,16920,0,0,0,0,0,0,0,0,0,4139,0,0,0,73553,0,0,84,170,2656,12566,0,0,102797,0,0
4,0,2,0,0,0,0,0,690575,0,0,0,0,2900,114688,0,0,0,0,0,0,0,0,0,0,0,0,0,0,0,0,0,0,39975,35411,0,249,4485,3445,6148,0,0,126579,0,109308
4,0,3,0,0,0,0,0,690575,0,0,0,0,2883,114688,0,0,0,0,0,0,0,0,0,0,0,0,0,0,0,0,0,0,0,33753,0,92,1620,0,4140,0,0,0,0,114688
4,0,4,0,0,0,0,0,690575,0,0,0,0,47,0,0,0,0,0,0,0,0,0,0,0,0,0,0,0,0,0,0,0,0,0,0,87,0,45,62,0,0,0,0,0
4,0,5,0,0,0,0,0,690575,0,0,0,0,47,0,0,0,0,0,0,0,0,0,0,0,0,0,0,0,0,0,0,0,0,0,537,148,0,0,109,0,0,0,0,0
4,0,6,0,0,0,0,0,690575,0,0,0,0,47,0,0,0,0,0,0,0,0,0,0,0,0,0,0,0,0,0,0,0,0,0,0,40,98,0,52,0,0,0,0,0
4,0,7,0,0,0,0,0,690575,0,0,0,0,53,0,0,0,0,0,0,0,0,0,0,0,0,0,0,0,0,0,0,0,0,0,0,105,39,0,140,0,0,0,0,0
4,0,8,0,0,0,0,0,690575,0,0,0,0,50,0,0,0,0,0,0,0,0,0,0,0,0,0,0,0,0,0,0,0,0,0,0,52,0,42,107,0,0,0,0,0
4,0,9,0,0,0,0,0,690575,0,0,0,0,47,0,0,0,0,0,0,0,0,0,0,0,0,0,0,0,0,0,0,0,0,0,365,42,0,0,53,0,0,0,0,0
4,0,10,0,0,0,0,0,690575,0,0,0,0,53,0,0,0,0,0,0,0,0,0,0,0,0,0,0,0,0,0,0,0,0,0,0,91,92,0,118,0,0,0,0,0
4,0,11,0,0,0,0,0,690575,0,0,0,0,53,0,0,0,0,0,0,0,0,0,0,0,0,0,0,0,0,0,0,0,0,0,0,40,39,0,94,0,0,0,0,0
4,0,12,0,0,0,0,0,690575,0,0,0,0,47,0,0,0,0,0,0,0,0,0,0,0,0,0,0,0,0,0,0,0,0,0,0,0,0,45,93,0,0,0,0,0
4,0,13,0,0,0,0,0,690575,0,0,0,0,53,0,0,0,0,0,0,0,0,0,0,0,0,0,0,0,0,0,0,0,0,0,178,0,0,0,109,0,0,0,0,0
4,0,14,0,0,0,0,0,690575,0,0,0,0,53,0,0,0,0,0,0,0,0,0,0,0,0,0,0,0,0,0,0,0,0,0,0,0,80,0,60,0,0,0,0,0
4,0,15,0,0,0,0,0,690575,0,0,0,0,41,0,0,0,0,0,0,0,0,0,0,0,0,0,0,0,0,0,0,0,0,0,0,0,39,0,89,0,0,0,0,0
5,0,0,0,0,0,0,0,1380957,0,0,8824,147456,136,0,0,0,0,0,16920,0,0,0,0,0,0,0,0,8824,8824,0,0,0,147456,147456,0,294,0,136,284,0,0,0,0,229376
5,0,1,0,0,0,0,0,690479,16920,0,0,0,7433,0,0,0,0,0,16920,0,0,0,0,0,0,0,0,0,4143,0,0,0,73524,0,0,84,169,2648,12568,0,0,102840,0,0
5,0,2,0,0,0,0,0,690479,0,0,0,0,2886,114688,0,0,0,0,0,0,0,0,0,0,0,0,0,0,0,0,0,0,39972,35435,0,249,4492,3458,6129,0,0,126536,0,109325
5,0,3,0,0,0,0,0,690479,0,0,0,0,2875,114688,0,0,0,0,0,0,0,0,0,0,0,0,0,0,0,0,0,0,0,33756,0,93,1627,0,4119,0,0,0,0,114688
5,0,4,0,0,0,0,0,690479,0,0,0,0,47,0,0,0,0,0,0,0,0,0,0,0,0,0,0,0,0,0,0,0,0,0,0,87,0,45,61,0,0,0,0,0
5,0,5,0,0,0,0,0,690479,0,0,0,0,47,0,0,0,0,0,0,0,0,0,0,0,0,0,0,0,0,0,0,0,0,0,537,148,0,0,109,0,0,0,0,0
5,0,6,0,0,0,0,0,690479,0,0,0,0,47,0,0,0,0,0,0,0,0,0,0,0,0,0,0,0,0,0,0,0,0,0,0,40,98,0,52,0,0,0,0,0
5,0,7,0,0,0,0,0,690479,0,0,0,0,53,0,0,0,0,0,0,0,0,0,0,0,0,0,0,0,0,0,0,0,0,0,0,104,39,0,140,0,0,0,0,0
5,0,8,0,0,0,0,0,690479,0,0,0,0,50,0,0,0,0,0,0,0,0,0,0,0,0,0,0,0,0,0,0,0,0,0,0,52,0,42,107,0,0,0,0,0
5,0,9,0,0,0,0,0,690479,0,0,0,0,47,0,0,0,0,0,0,0,0,0,0,0,0,0,0,0,0,0,0,0,0,0,365,42,0,0,53,0,0,0,0,0
5,0,10,0,0,0,0,0,690479,0,0,0,0,53,0,0,0,0,0,0,0,0,0,0,0,0,0,0,0,0,0,0,0,0,0,0,91,92,0,118,0,0,0,0,0
5,0,11,0,0,0,0,0,690479,0,0,0,0,53,0,0,0,0,0,0,0,0,0,0,0,0,0,0,0,0,0,0,0,0,0,0,41,39,0,94,0,0,0,0,0
5,0,12,0,0,0,0,0,690479,0,0,0,0,47,0,0,0,0,0,0,0,0,0,0,0,0,0,0,0,0,0,0,0,0,0,0,0,0,45,93,0,0,0,0,0
5,0,13,0,0,0,0,0,690479,0,0,0,0,53,0,0,0,0,0,0,0,0,0,0,0,0,0,0,0,0,0,0,0,0,0,178,0,0,0,109,0,0,0,0,0
5,0,14,0,0,0,0,0,690479,0,0,0,0,53,0,0,0,0,0,0,0,0,0,0,0,0,0,0,0,0,0,0,0,0,0,0,0,80,0,60,0,0,0,0,0
5,0,15,0,0,0,0,0,690479,0,0,0,0,41,0,0,0,0,0,0,0,0,0,0,0,0,0,0,0,0,0,0,0,0,0,0,0,39,0,88,0,0,0,0,0
6,0,0,0,0,0,0,0,1380974,0,0,8820,147456,136,0,0,0,0,0,16911,0,0,0,0,0,0,0,0,8820,8820,0,0,0,147456,147456,0,294,0,136,284,0,0,0,0,229376
6,0,1,0,0,0,0,0,690487,16911,0,0,0,7378,0,0,0,0,0,16911,0,0,0,0,0,0,0,0,0,4134,0,0,0,73530,0,0,84,171,2697,12520,0,0,102701,0,0
6,0,2,0,0,0,0,0,690487,0,0,0,0,2911,114688,0,0,0,0,0,0,0,0,0,0,0,0,0,0,0,0,0,0,39983,35432,0,249,4481,3409,6150,0,0,126675,0,109282
6,0,3,0,0,0,0,0,690487,0,0,0,0,2891,114688,0,0,0,0,0,0,0,0,0,0,0,0,0,0,0,0,0,0,0,33745,0,93,1609,0,4182,0,0,0,0,114688
6,0,4,0,0,0,0,0,690487,0,0,0,0,47,0,0,0,0,0,0,0,0,0,0,0,0,0,0,0,0,0,0,0,0,0,0,87,0,45,62,0,0,0,0,0
6,0,5,0,0,0,0,0,690487,0,0,0,0,47,0,0,0,0,0,0,0,0,0,0,0,0,0,0,0,0,0,0,0,0,0,537,148,0,0,109,0,0,0,0,0
6,0,6,0,0,0,0,0,690487,0,0,0,0,47,0,0,0,0,0,0,0,0,0,0,0,0,0,0,0,0,0,0,0,0,0,0,40,98,0,52,0,0,0,0,0
6,0,7,0,0,0,0,0,690487,0,0,0,0,53,0,0,0,0,0,0,0,0,0,0,0,0,0,0,0,0,0,0,0,0,0,0,104,39,0,140,0,0,0,0,0
6,0,8,0,0,0,0,0,690487,0,0,0,0,50,0,0,0,0,0,0,0,0,0,0,0,0,0,0,0,0,0,0,0,0,0,0,52,0,42,107,0,0,0,0,0
6,0,9,0,0,0,0,0,690487,0,0,0,0,47,0,0,0,0,0,0,0,0,0,0,0,0,0,0,0,0,0,0,0,0,0,365,42,0,0,53,0,0,0,0,0
6,0,10,0,0,0,0,0,690487,0,0,0,0,53,0,0,0,0,0,0,0,0,0,0,0,0,0,0,0,0,0,0,0,0,0,0,91,92,0,118,0,0,0,0,0
6,0,11,0,0,0,0,0,690487,0,0,0,0,53,0,0,0,0,0,0,0,0,0,0,0,0,0,0,0,0,0,0,0,0,0,0,41,39,0,94,0,0,0,0,0
6,0,12,0,0,0,0,0,690487,0,0,0,0,47,0,0,0,0,0,0,0,0,0,0,0,0,0,0,0,0,0,0,0,0,0,0,0,0,45,93,0,0,0,0,0
6,0,13,0,0,0,0,0,690487,0,0,0,0,53,0,0,0,0,0,0,0,0,0,0,0,0,0,0,0,0,0,0,0,0,0,178,0,0,0,109,0,0,0,0,0
6,0,14,0,0,0,0,0,690487,0,0,0,0,53,0,0,0,0,0,0,0,0,0,0,0,0,0,0,0,0,0,0,0,0,0,0,0,80,0,60,0,0,0,0,0
6,0,15,0,0,0,0,0,690487,0,0,0,0,41,0,0,0,0,0,0,0,0,0,0,0,0,0,0,0,0,0,0,0,0,0,0,0,39,0,88,0,0,0,0,0
7,0,0,0,0,0,0,0,1647358,0,0,11088,294912,136,0,0,0,0,0,20328,0,0,0,0,0,0,0,0,11088,11088,0,73728,0,221184,294912,0,3067,0,136,284,0,0,0,0,612355
7,0,1,0,0,0,0,0,823679,20328,0,0,0,8481,0,0,0,0,0,20328,0,0,0,0,0,0,0,0,0,4884,0,36920,0,72815,0,0,980,1099,2040,14431,0,0,115517,0,0
7,0,2,0,0,0,0,0,823679,0,0,0,0,1861,114688,0,0,0,0,0,0,0,0,0,0,0,0,0,0,0,0,0,0,37846,37122,0,249,3024,2217,3673,0,0,114470,0,114676
7,0,3,0,0,0,0,0,823679,0,0,0,0,2023,114688,0,0,0,0,0,0,0,0,0,0,0,0,0,0,0,0,0,0,0,36180,0,92,840,0,2868,0,0,28,0,114688
7,0,4,0,0,0,0,0,823679,0,0,0,0,1955,114688,0,0,0,0,0,0,0,0,0,0,0,0,0,0,0,0,0,0,0,39961,0,87,0,908,2899,125134,0,0,0,114410
7,0,5,0,0,0,0,0,823679,0,0,0,0,1813,114688,0,0,0,0,0,0,0,0,0,0,0,0,0,0,0,0,0,0,0,45395,3450,148,0,0,3752,0,0,741,0,114688
7,0,6,0,0,0,0,0,823679,0,0,0,0,47,0,0,0,0,0,0,0,0,0,0,0,0,0,0,0,0,0,0,0,0,0,0,40,98,2,52,0,0,0,0,0
7,0,7,0,0,0,0,0,823679,0,0,0,0,53,0,0,0,0,0,0,0,0,0,0,0,0,0,0,0,0,0,0,0,0,0,0,105,39,0,140,0,0,0,0,0
7,0,8,0,0,0,0,0,823679,0,0,0,0,50,0,0,0,0,0,0,0,0,0,0,0,0,0,0,0,0,0,0,0,0,0,0,52,0,42,107,0,0,0,0,0
7,0,9,0,0,0,0,0,823679,0,0,0,0,47,0,0,0,0,0,0,0,0,0,0,0,0,0,0,0,0,0,0,0,0,0,365,42,0,0,53,0,0,0,0,0
7,0,10,0,0,0,0,0,823679,0,0,0,0,53,0,0,0,0,0,0,0,0,0,0,0,0,0,0,0,0,0,0,0,0,0,0,91,92,0,118,0,0,0,0,0
7,0,11,0,0,0,0,0,823679,0,0,0,0,53,0,0,0,0,0,0,0,0,0,0,0,0,0,0,0,0,0,0,0,0,0,0,42,39,0,94,0,0,0,0,0
7,0,12,0,0,0,0,0,823679,0,0,0,0,47,0,0,0,0,0,0,0,0,0,0,0,0,0,0,0,0,0,0,0,0,0,0,0,0,45,93,0,0,0,0,0
7,0,13,0,0,0,0,0,823679,0,0,0,0,53,0,0,0,0,0,0,0,0,0,0,0,0,0,0,0,0,0,0,0,0,0,178,0,0,0,109,0,0,0,0,0
7,0,14,0,0,0,0,0,823679,0,0,0,0,53,0,0,0,0,0,0,0,0,0,0,0,0,0,0,0,0,0,0,0,0,0,0,0,80,0,60,0,0,0,0,0
7,0,15,0,0,0,0,0,823679,0,0,0,0,41,0,0,0,0,0,0,0,0,0,0,0,0,0,0,0,0,0,0,0,0,0,0,0,39,0,89,0,0,0,0,0
8,0,0,0,0,0,0,0,1647147,0,0,11088,294912,136,0,0,0,0,0,20325,0,0,0,0,0,0,0,0,11088,11088,0,73728,0,221184,294912,0,3067,0,136,284,0,0,0,0,611643
8,0,1,0,0,0,0,0,823573,20325,0,0,0,8478,0,0,0,0,0,20325,0,0,0,0,0,0,0,0,0,4930,0,36965,0,72891,0,0,1021,1098,2003,14545,0,0,114854,0,0
8,0,2,0,0,0,0,0,823573,0,0,0,0,1896,114688,0,0,0,0,0,0,0,0,0,0,0,0,0,0,0,0,0,0,37722,37313,0,249,2940,2197,3765,0,0,114957,0,114279
8,0,3,0,0,0,0,0,823573,0,0,0,0,1974,114688,0,0,0,0,0,0,0,0,0,0,0,0,0,0,0,0,0,0,0,36498,0,92,889,0,2839,0,0,84,0,114688
8,0,4,0,0,0,0,0,823573,0,0,0,0,1953,114688,0,0,0,0,0,0,0,0,0,0,0,0,0,0,0,0,0,0,0,39946,0,87,0,910,2895,124019,0,0,0,114406
8,0,5,0,0,0,0,0,823573,0,0,0,0,1843,114688,0,0,0,0,0,0,0,0,0,0,0,0,0,0,0,0,0,0,0,44648,3417,148,0,1,3741,0,0,866,0,114671
8,0,6,0,0,0,0,0,823573,0,0,0,0,47,0,0,0,0,0,0,0,0,0,0,0,0,0,0,0,0,0,0,0,0,0,0,40,98,1,52,0,0,0,0,0
8,0,7,0,0,0,0,0,823573,0,0,0,0,53,0,0,0,0,0,0,0,0,0,0,0,0,0,0,0,0,0,0,0,0,0,0,106,39,0,140,0,0,0,0,0
8,0,8,0,0,0,0,0,823573,0,0,0,0,50,0,0,0,0,0,0,0,0,0,0,0,0,0,0,0,0,0,0,0,0,0,0,52,0,42,107,0,0,0,0,0
8,0,9,0,0,0,0,0,823573,0,0,0,0,47,0,0,0,0,0,0,0,0,0,0,0,0,0,0,0,0,0,0,0,0,0,365,42,0,0,53,0,0,0,0,0
8,0,10,0,0,0,0,0,823573,0,0,0,0,53,0,0,0,0,0,0,0,0,0,0,0,0,0,0,0,0,0,0,0,0,0,0,91,92,0,118,0,0,0,0,0
8,0,11,0,0,0,0,0,823573,0,0,0,0,53,0,0,0,0,0,0,0,0,0,0,0,0,0,0,0,0,0,0,0,0,0,0,41,39,0,94,0,0,0,0,0
8,0,12,0,0,0,0,0,823573,0,0,0,0,47,0,0,0,0,0,0,0,0,0,0,0,0,0,0,0,0,0,0,0,0,0,0,0,0,45,93,0,0,0,0,0
8,0,13,0,0,0,0,0,823573,0,0,0,0,53,0,0,0,0,0,0,0,0,0,0,0,0,0,0,0,0,0,0,0,0,0,178,0,0,0,109,0,0,0,0,0
8,0,14,0,0,0,0,0,823573,0,0,0,0,53,0,0,0,0,0,0,0,0,0,0,0,0,0,0,0,0,0,0,0,0,0,0,0,80,0,60,0,0,0,0,0
8,0,15,0,0,0,0,0,823573,0,0,0,0,41,0,0,0,0,0,0,0,0,0,0,0,0,0,0,0,0,0,0,0,0,0,0,0,39,0,90,0,0,0,0,0
9,0,0,0,0,0,0,0,1647877,0,0,11088,294912,136,0,0,0,0,0,20328,0,0,0,0,0,0,0,0,11088,11088,0,73728,0,221184,294912,0,3067,0,136,284,0,0,0,0,612565
9,0,1,0,0,0,0,0,823939,20328,0,0,0,8446,0,0,0,0,0,20328,0,0,0,0,0,0,0,0,0,4929,0,36954,0,72908,0,0,1027,1102,2025,14487,0,0,114856,0,0
9,0,2,0,0,0,0,0,823939,0,0,0,0,1883,114688,0,0,0,0,0,0,0,0,0,0,0,0,0,0,0,0,0,0,37734,37228,0,249,2957,2185,3743,0,0,115103,0,114297
9,0,3,0,0,0,0,0,823939,0,0,0,0,1979,114688,0,0,0,0,0,0,0,0,0,0,0,0,0,0,0,0,0,0,0,36341,0,91,884,0,2857,0,0,26,0,114688
9,0,4,0,0,0,0,0,823939,0,0,0,0,1969,114688,0,0,0,0,0,0,0,0,0,0,0,0,0,0,0,0,0,0,0,39983,0,87,0,894,2915,124449,0,0,0,114435
9,0,5,0,0,0,0,0,823939,0,0,0,0,1850,114688,0,0,0,0,0,0,0,0,0,0,0,0,0,0,0,0,0,0,0,44965,3426,148,0,1,3742,0,0,846,0,114671
9,0,6,0,0,0,0,0,823939,0,0,0,0,47,0,0,0,0,0,0,0,0,0,0,0,0,0,0,0,0,0,0,0,0,0,0,40,98,1,52,0,0,0,0,0
9,0,7,0,0,0,0,0,823939,0,0,0,0,53,0,0,0,0,0,0,0,0,0,0,0,0,0,0,0,0,0,0,0,0,0,0,107,39,0,140,0,0,0,0,0
9,0,8,0,0,0,0,0,823939,0,0,0,0,50,0,0,0,0,0,0,0,0,0,0,0,0,0,0,0,0,0,0,0,0,0,0,52,0,42,107,0,0,0,0,0
9,0,9,0,0,0,0,0,823939,0,0,0,0,47,0,0,0,0,0,0,0,0,0,0,0,0,0,0,0,0,0,0,0,0,0,365,42,0,0,53,0,0,0,0,0
9,0,10,0,0,0,0,0,823939,0,0,0,0,53,0,0,0,0,0,0,0,0,0,0,0,0,0,0,0,0,0,0,0,0,0,0,91,92,0,118,0,0,0,0,0
9,0,11,0,0,0,0,0,823939,0,0,0,0,53,0,0,0,0,0,0,0,0,0,0,0,0,0,0,0,0,0,0,0,0,0,0,40,39,0,94,0,0,0,0,0
9,0,12,0,0,0,0,0,823939,0,0,0,0,47,0,0,0,0,0,0,0,0,0,0,0,0,0,0,0,0,0,0,0,0,0,0,0,0,45,93,0,0,0,0,0
9,0,13,0,0,0,0,0,823939,0,0,0,0,53,0,0,0,0,0,0,0,0,0,0,0,0,0,0,0,0,0,0,0,0,0,178,0,0,0,109,0,0,0,0,0
9,0,14,0,0,0,0,0,823939,0,0,0,0,53,0,0,0,0,0,0,0,0,0,0,0,0,0,0,0,0,0,0,0,0,0,0,0,80,0,60,0,0,0,0,0
9,0,15,0,0,0,0,0,823939,0,0,0,0,41,0,0,0,0,0,0,0,0,0,0,0,0,0,0,0,0,0,0,0,0,0,0,0,39,0,91,0,0,0,0,0
10,0,0,0,0,0,0,0,2268294,0,0,15662,442368,136,0,0,0,0,0,27201,0,0,0,0,0,0,0,0,15662,15662,0,73728,0,368640,442368,0,2881,0,136,284,0,0,0,0,1775265
10,0,1,0,0,0,0,0,1134147,27201,0,0,0,11188,0,0,0,0,0,27201,0,0,0,0,0,0,0,0,0,7247,0,36890,0,147595,0,0,1038,1106,3844,19729,0,0,176182,0,0
10,0,2,0,0,0,0,0,1134147,0,0,0,0,1697,114688,0,0,0,0,0,0,0,0,0,0,0,0,0,0,0,0,36998,0,73571,37561,0,1984,2619,3654,3419,0,0,139555,0,111920
10,0,3,0,0,0,0,0,1134147,0,0,0,0,1691,114688,0,0,0,0,0,0,0,0,0,0,0,0,0,0,0,0,37013,0,0,37973,0,1045,933,0,2590,0,0,1304,0,114624
10,0,4,0,0,0,0,0,1134147,0,0,0,0,1783,114688,0,0,0,0,0,0,0,0,0,0,0,0,0,0,0,0,0,0,0,38977,0,87,0,894,2734,476824,0,0,0,96808
10,0,5,0,0,0,0,0,1134147,0,0,0,0,1817,114688,0,0,0,0,0,0,0,0,0,0,0,0,0,0,0,0,0,0,0,39320,5834,148,0,1,3574,0,0,281408,0,100513
10,0,6,0,0,0,0,0,1134147,0,0,0,0,1814,114688,0,0,0,0,0,0,0,0,0,0,0,0,0,0,0,0,0,0,0,39135,0,40,2769,1,2765,0,0,169721,0,107844
10,0,7,0,0,0,0,0,1134147,0,0,0,0,1813,114688,0,0,0,0,0,0,0,0,0,0,0,0,0,0,0,0,0,0,0,37923,0,106,958,0,3629,0,0,10182,0,114151
10,0,8,0,0,0,0,0,1134147,0,0,0,0,50,0,0,0,0,0,0,0,0,0,0,0,0,0,0,0,0,0,0,0,0,0,0,52,0,42,107,0,0,0,0,0
10,0,9,0,0,0,0,0,1134147,0,0,0,0,47,0,0,0,0,0,0,0,0,0,0,0,0,0,0,0,0,0,0,0,0,0,365,42,0,0,53,0,0,0,0,0
10,0,10,0,0,0,0,0,1134147,0,0,0,0,53,0,0,0,0,0,0,0,0,0,0,0,0,0,0,0,0,0,0,0,0,0,0,91,92,0,118,0,0,0,0,0
10,0,11,0,0,0,0,0,1134147,0,0,0,0,53,0,0,0,0,0,0,0,0,0,0,0,0,0,0,0,0,0,0,0,0,0,0,43,39,0,94,0,0,0,0,0
10,0,12,0,0,0,0,0,1134147,0,0,0,0,47,0,0,0,0,0,0,0,0,0,0,0,0,0,0,0,0,0,0,0,0,0,0,0,0,45,93,0,0,0,0,0
10,0,13,0,0,0,0,0,1134147,0,0,0,0,53,0,0,0,0,0,0,0,0,0,0,0,0,0,0,0,0,0,0,0,0,0,178,0,0,0,109,0,0,0,0,0
10,0,14,0,0,0,0,0,1134147,0,0,0,0,53,0,0,0,0,0,0,0,0,0,0,0,0,0,0,0,0,0,0,0,0,0,0,0,80,0,60,0,0,0,0,0
10,0,15,0,0,0,0,0,1134147,0,0,0,0,41,0,0,0,0,0,0,0,0,0,0,0,0,0,0,0,0,0,0,0,0,0,0,0,39,0,90,0,0,0,0,0
11,0,0,0,0,0,0,0,2261981,0,0,15604,442368,136,0,0,0,0,0,27111,0,0,0,0,0,0,0,0,15604,15604,0,73728,0,368640,442368,0,2867,0,136,284,0,0,0,0,1759782
11,0,1,0,0,0,0,0,1130990,27111,0,0,0,11199,0,0,0,0,0,27111,0,0,0,0,0,0,0,0,0,7638,0,36937,0,147495,0,0,1013,1094,3812,19798,0,0,169533,0,0
11,0,2,0,0,0,0,0,1130990,0,0,0,0,1727,114688,0,0,0,0,0,0,0,0,0,0,0,0,0,0,0,0,36904,0,73669,37686,0,1972,2603,3643,3465,0,0,135102,0,112189
11,0,3,0,0,0,0,0,1130990,0,0,0,0,1725,114688,0,0,0,0,0,0,0,0,0,0,0,0,0,0,0,0,36954,0,0,37935,0,1048,882,0,2611,0,0,1290,0,114623
11,0,4,0,0,0,0,0,1130990,0,0,0,0,1731,114688,0,0,0,0,0,0,0,0,0,0,0,0,0,0,0,0,0,0,0,38974,0,87,0,932,2670,476657,0,0,0,97607
11,0,5,0,0,0,0,0,1130990,0,0,0,0,1809,114688,0,0,0,0,0,0,0,0,0,0,0,0,0,0,0,0,0,0,0,39321,5734,148,0,2,3587,0,0,283729,0,101923
11,0,6,0,0,0,0,0,1130990,0,0,0,0,1824,114688,0,0,0,0,0,0,0,0,0,0,0,0,0,0,0,0,0,0,0,39332,0,40,2816,0,2785,0,0,175150,0,106913
11,0,7,0,0,0,0,0,1130990,0,0,0,0,1872,114688,0,0,0,0,0,0,0,0,0,0,0,0,0,0,0,0,0,0,0,37819,0,109,897,0,3681,0,0,9442,0,114153
11,0,8,0,0,0,0,0,1130990,0,0,0,0,50,0,0,0,0,0,0,0,0,0,0,0,0,0,0,0,0,0,0,0,0,0,0,52,0,42,107,0,0,0,0,0
11,0,9,0,0,0,0,0,1130990,0,0,0,0,47,0,0,0,0,0,0,0,0,0,0,0,0,0,0,0,0,0,0,0,0,0,365,42,0,0,53,0,0,0,0,0
11,0,10,0,0,0,0,0,1130990,0,0,0,0,53,0,0,0,0,0,0,0,0,0,0,0,0,0,0,0,0,0,0,0,0,0,0,91,92,0,118,0,0,0,0,0
11,0,11,0,0,0,0,0,1130990,0,0,0,0,53,0,0,0,0,0,0,0,0,0,0,0,0,0,0,0,0,0,0,0,0,0,0,40,39,0,94,0,0,0,0,0
11,0,12,0,0,0,0,0,1130990,0,0,0,0,47,0,0,0,0,0,0,0,0,0,0,0,0,0,0,0,0,0,0,0,0,0,0,0,0,45,93,0,0,0,0,0
11,0,13,0,0,0,0,0,1130990,0,0,0,0,53,0,0,0,0,0,0,0,0,0,0,0,0,0,0,0,0,0,0,0,0,0,178,0,0,0,109,0,0,0,0,0
11,0,14,0,0,0,0,0,1130990,0,0,0,0,53,0,0,0,0,0,0,0,0,0,0,0,0,0,0,0,0,0,0,0,0,0,0,0,80,0,60,0,0,0,0,0
11,0,15,0,0,0,0,0,1130990,0,0,0,0,41,0,0,0,0,0,0,0,0,0,0,0,0,0,0,0,0,0,0,0,0,0,0,0,39,0,93,0,0,0,0,0
12,0,0,0,0,0,0,0,2268198,0,0,15650,442368,136,0,0,0,0,0,27180,0,0,0,0,0,0,0,0,15650,15650,0,73728,0,368640,442368,0,2881,0,136,284,0,0,0,0,1773493
12,0,1,0,0,0,0,0,1134099,27180,0,0,0,11212,0,0,0,0,0,27180,0,0,0,0,0,0,0,0,0,7598,0,36939,0,147657,0,0,1041,1073,3838,19795,0,0,176898,0,0
12,0,2,0,0,0,0,0,1134099,0,0,0,0,1729,114688,0,0,0,0,0,0,0,0,0,0,0,0,0,0,0,0,36947,0,73536,37613,0,1988,2584,3652,3441,0,0,137298,0,112201
12,0,3,0,0,0,0,0,1134099,0,0,0,0,1698,114688,0,0,0,0,0,0,0,0,0,0,0,0,0,0,0,0,37015,0,0,38111,0,1048,916,0,2588,0,0,1415,0,114612
12,0,4,0,0,0,0,0,1134099,0,0,0,0,1782,114688,0,0,0,0,0,0,0,0,0,0,0,0,0,0,0,0,0,0,0,39150,0,87,0,895,2700,480921,0,0,0,96595
12,0,5,0,0,0,0,0,1134099,0,0,0,0,1796,114688,0,0,0,0,0,0,0,0,0,0,0,0,0,0,0,0,0,0,0,39178,5815,148,0,1,3552,0,0,281064,0,101853
12,0,6,0,0,0,0,0,1134099,0,0,0,0,1812,114688,0,0,0,0,0,0,0,0,0,0,0,0,0,0,0,0,0,0,0,39397,0,40,2816,1,2763,0,0,168532,0,107889
12,0,7,0,0,0,0,0,1134099,0,0,0,0,1854,114688,0,0,0,0,0,0,0,0,0,0,0,0,0,0,0,0,0,0,0,37797,0,106,919,0,3669,0,0,10824,0,114080
12,0,8,0,0,0,0,0,1134099,0,0,0,0,50,0,0,0,0,0,0,0,0,0,0,0,0,0,0,0,0,0,0,0,0,0,0,52,0,42,107,0,0,0,0,0
12,0,9,0,0,0,0,0,1134099,0,0,0,0,47,0,0,0,0,0,0,0,0,0,0,0,0,0,0,0,0,0,0,0,0,0,365,42,0,0,53,0,0,0,0,0
12,0,10,0,0,0,0,0,1134099,0,0,0,0,53,0,0,0,0,0,0,0,0,0,0,0,0,0,0,0,0,0,0,0,0,0,0,91,92,0,118,0,0,0,0,0
12,0,11,0,0,0,0,0,1134099,0,0,0,0,53,0,0,0,0,0,0,0,0,0,0,0,0,0,0,0,0,0,0,0,0,0,0,43,39,0,94,0,0,0,0,0
12,0,12,0,0,0,0,0,1134099,0,0,0,0,47,0,0,0,0,0,0,0,0,0,0,0,0,0,0,0,0,0,0,0,0,0,0,0,0,45,93,0,0,0,0,0
12,0,13,0,0,0,0,0,1134099,0,0,0,0,53,0,0,0,0,0,0,0,0,0,0,0,0,0,0,0,0,0,0,0,0,0,178,0,0,0,109,0,0,0,0,0
12,0,14,0,0,0,0,0,1134099,0,0,0,0,53,0,0,0,0,0,0,0,0,0,0,0,0,0,0,0,0,0,0,0,0,0,0,0,80,0,60,0,0,0,0,0
12,0,15,0,0,0,0,0,1134099,0,0,0,0,41,0,0,0,0,0,0,0,0,0,0,0,0,0,0,0,0,0,0,0,0,0,0,0,39,0,90,0,0,0,0,0
13,0,0,0,0,0,0,0,2909180,0,0,19982,589824,136,0,0,0,0,0,33693,0,0,0,0,0,0,0,0,19982,19982,0,147456,0,442368,589824,0,5184,0,136,284,0,0,0,0,2575290
13,0,1,0,0,0,0,0,1454590,33693,0,0,0,14487,0,0,0,0,0,33693,0,0,0,0,0,0,0,0,0,9584,0,73979,0,147689,0,0,1851,1774,3386,25209,0,0,278827,0,0
13,0,2,0,0,0,0,0,1454590,0,0,0,0,1384,114688,0,0,0,0,0,0,0,0,0,0,0,0,0,0,0,0,36771,0,73622,38354,0,2141,2138,3567,2811,0,0,215751,0,97784
13,0,3,0,0,0,0,0,1454590,0,0,0,0,1393,114688,0,0,0,0,0,0,0,0,0,0,0,0,0,0,0,0,37024,0,0,38516,0,1030,738,0,2051,0,0,10501,0,113171
13,0,4,0,0,0,0,0,1454590,0,0,0,0,1624,114688,0,0,0,0,0,0,0,0,0,0,0,0,0,0,0,0,36878,0,0,38659,0,916,0,805,2413,1158447,0,0,0,85393
13,0,5,0,0,0,0,0,1454590,0,0,0,0,1908,114688,0,0,0,0,0,0,0,0,0,0,0,0,0,0,0,0,36795,0,0,38592,8450,1876,0,2,3827,0,0,656273,0,94032
13,0,6,0,0,0,0,0,1454590,0,0,0,0,1906,114688,0,0,0,0,0,0,0,0,0,0,0,0,0,0,0,0,0,0,0,38854,0,40,2938,0,2852,0,0,323257,0,104247
13,0,7,0,0,0,0,0,1454590,0,0,0,0,1922,114688,0,0,0,0,0,0,0,0,0,0,0,0,0,0,0,0,0,0,0,37783,0,109,1001,0,3903,0,0,31793,0,112512
13,0,8,0,0,0,0,0,1454590,0,0,0,0,1728,114688,0,0,0,0,0,0,0,0,0,0,0,0,0,0,0,0,0,0,0,37447,0,52,0,913,3507,320798,0,0,0,98457
13,0,9,0,0,0,0,0,1454590,0,0,0,0,1757,114688,0,0,0,0,0,0,0,0,0,0,0,0,0,0,0,0,0,0,0,38205,2881,42,0,1,2586,0,0,51781,0,110935
13,0,10,0,0,0,0,0,1454590,0,0,0,0,53,0,0,0,0,0,0,0,0,0,0,0,0,0,0,0,0,0,0,0,0,0,0,91,92,1,118,0,0,0,0,0
13,0,11,0,0,0,0,0,1454590,0,0,0,0,53,0,0,0,0,0,0,0,0,0,0,0,0,0,0,0,0,0,0,0,0,0,0,41,39,0,94,0,0,0,0,0
13,0,12,0,0,0,0,0,1454590,0,0,0,0,47,0,0,0,0,0,0,0,0,0,0,0,0,0,0,0,0,0,0,0,0,0,0,0,0,45,93,0,0,0,0,0
13,0,13,0,0,0,0,0,1454590,0,0,0,0,53,0,0,0,0,0,0,0,0,0,0,0,0,0,0,0,0,0,0,0,0,0,178,0,0,0,109,0,0,0,0,0
13,0,14,0,0,0,0,0,1454590,0,0,0,0,53,0,0,0,0,0,0,0,0,0,0,0,0,0,0,0,0,0,0,0,0,0,0,0,80,0,60,0,0,0,0,0
13,0,15,0,0,0,0,0,1454590,0,0,0,0,41,0,0,0,0,0,0,0,0,0,0,0,0,0,0,0,0,0,0,0,0,0,0,0,39,0,94,0,0,0,0,0
14,0,0,0,0,0,0,0,2909158,0,0,19958,589824,136,0,0,0,0,0,33657,0,0,0,0,0,0,0,0,19958,19958,0,147456,0,442368,589824,0,5170,0,136,284,0,0,0,0,2574587
14,0,1,0,0,0,0,0,1454579,33657,0,0,0,14519,0,0,0,0,0,33657,0,0,0,0,0,0,0,0,0,9473,0,73960,0,147744,0,0,1815,1751,3389,25278,0,0,278413,0,0
14,0,2,0,0,0,0,0,1454579,0,0,0,0,1388,114688,0,0,0,0,0,0,0,0,0,0,0,0,0,0,0,0,36845,0,73429,38366,0,2147,2128,3519,2847,0,0,218212,0,96936
14,0,3,0,0,0,0,0,1454579,0,0,0,0,1388,114688,0,0,0,0,0,0,0,0,0,0,0,0,0,0,0,0,37102,0,0,38628,0,1048,743,0,2074,0,0,9213,0,113390
14,0,4,0,0,0,0,0,1454579,0,0,0,0,1611,114688,0,0,0,0,0,0,0,0,0,0,0,0,0,0,0,0,36892,0,0,38827,0,913,0,806,2380,1159199,0,0,0,85068
14,0,5,0,0,0,0,0,1454579,0,0,0,0,1923,114688,0,0,0,0,0,0,0,0,0,0,0,0,0,0,0,0,36827,0,0,38562,8399,1887,0,1,3863,0,0,658463,0,94026
14,0,6,0,0,0,0,0,1454579,0,0,0,0,1925,114688,0,0,0,0,0,0,0,0,0,0,0,0,0,0,0,0,0,0,0,38913,0,40,2944,2,2863,0,0,323926,0,104064
14,0,7,0,0,0,0,0,1454579,0,0,0,0,1950,114688,0,0,0,0,0,0,0,0,0,0,0,0,0,0,0,0,0,0,0,37528,0,106,971,0,3912,0,0,31562,0,112594
14,0,8,0,0,0,0,0,1454579,0,0,0,0,1757,114688,0,0,0,0,0,0,0,0,0,0,0,0,0,0,0,0,0,0,0,37396,0,52,0,882,3537,319030,0,0,0,98737
14,0,9,0,0,0,0,0,1454579,0,0,0,0,1776,114688,0,0,0,0,0,0,0,0,0,0,0,0,0,0,0,0,0,0,0,38163,2889,42,0,1,2592,0,0,52190,0,110901
14,0,10,0,0,0,0,0,1454579,0,0,0,0,53,0,0,0,0,0,0,0,0,0,0,0,0,0,0,0,0,0,0,0,0,0,0,91,92,1,118,0,0,0,0,0
14,0,11,0,0,0,0,0,1454579,0,0,0,0,53,0,0,0,0,0,0,0,0,0,0,0,0,0,0,0,0,0,0,0,0,0,0,44,39,0,94,0,0,0,0,0
14,0,12,0,0,0,0,0,1454579,0,0,0,0,47,0,0,0,0,0,0,0,0,0,0,0,0,0,0,0,0,0,0,0,0,0,0,0,0,45,93,0,0,0,0,0
14,0,13,0,0,0,0,0,1454579,0,0,0,0,53,0,0,0,0,0,0,0,0,0,0,0,0,0,0,0,0,0,0,0,0,0,178,0,0,0,109,0,0,0,0,0
14,0,14,0,0,0,0,0,1454579,0,0,0,0,53,0,0,0,0,0,0,0,0,0,0,0,0,0,0,0,0,0,0,0,0,0,0,0,80,0,60,0,0,0,0,0
14,0,15,0,0,0,0,0,1454579,0,0,0,0,41,0,0,0,0,0,0,0,0,0,0,0,0,0,0,0,0,0,0,0,0,0,0,0,39,0,91,0,0,0,0,0
15,0,0,0,0,0,0,0,2914417,0,0,20004,589824,136,0,0,0,0,0,33726,0,0,0,0,0,0,0,0,20004,20004,0,147456,0,442368,589824,0,5188,0,136,284,0,0,0,0,2582015
15,0,1,0,0,0,0,0,1457209,33726,0,0,0,14438,0,0,0,0,0,33726,0,0,0,0,0,0,0,0,0,9386,0,73846,0,147753,0,0,1899,1768,3415,25232,0,0,279062,0,0
15,0,2,0,0,0,0,0,1457209,0,0,0,0,1387,114688,0,0,0,0,0,0,0,0,0,0,0,0,0,0,0,0,36750,0,73538,38476,0,2145,2126,3524,2835,0,0,213444,0,98433
15,0,3,0,0,0,0,0,1457209,0,0,0,0,1385,114688,0,0,0,0,0,0,0,0,0,0,0,0,0,0,0,0,37042,0,0,38698,0,1032,744,0,2090,0,0,10999,0,112942
15,0,4,0,0,0,0,0,1457209,0,0,0,0,1602,114688,0,0,0,0,0,0,0,0,0,0,0,0,0,0,0,0,36957,0,0,38877,0,928,0,827,2374,1160303,0,0,0,85065
15,0,5,0,0,0,0,0,1457209,0,0,0,0,1908,114688,0,0,0,0,0,0,0,0,0,0,0,0,0,0,0,0,36879,0,0,38572,8412,1849,0,1,3812,0,0,658996,0,93928
15,0,6,0,0,0,0,0,1457209,0,0,0,0,1899,114688,0,0,0,0,0,0,0,0,0,0,0,0,0,0,0,0,0,0,0,39204,0,40,2935,2,2849,0,0,325758,0,104086
15,0,7,0,0,0,0,0,1457209,0,0,0,0,1905,114688,0,0,0,0,0,0,0,0,0,0,0,0,0,0,0,0,0,0,0,37609,0,106,1026,0,3893,0,0,33129,0,112468
15,0,8,0,0,0,0,0,1457209,0,0,0,0,1748,114688,0,0,0,0,0,0,0,0,0,0,0,0,0,0,0,0,0,0,0,37345,0,52,0,897,3519,316673,0,0,0,98718
15,0,9,0,0,0,0,0,1457209,0,0,0,0,1734,114688,0,0,0,0,0,0,0,0,0,0,0,0,0,0,0,0,0,0,0,38150,2927,42,0,2,2594,0,0,54307,0,110759
15,0,10,0,0,0,0,0,1457209,0,0,0,0,53,0,0,0,0,0,0,0,0,0,0,0,0,0,0,0,0,0,0,0,0,0,0,91,92,0,118,0,0,0,0,0
15,0,11,0,0,0,0,0,1457209,0,0,0,0,53,0,0,0,0,0,0,0,0,0,0,0,0,0,0,0,0,0,0,0,0,0,0,45,39,0,94,0,0,0,0,0
15,0,12,0,0,0,0,0,1457209,0,0,0,0,47,0,0,0,0,0,0,0,0,0,0,0,0,0,0,0,0,0,0,0,0,0,0,0,0,45,93,0,0,0,0,0
15,0,13,0,0,0,0,0,1457209,0,0,0,0,53,0,0,0,0,0,0,0,0,0,0,0,0,0,0,0,0,0,0,0,0,0,178,0,0,0,109,0,0,0,0,0
15,0,14,0,0,0,0,0,1457209,0,0,0,0,53,0,0,0,0,0,0,0,0,0,0,0,0,0,0,0,0,0,0,0,0,0,0,0,80,0,60,0,0,0,0,0
15,0,15,0,0,0,0,0,1457209,0,0,0,0,41,0,0,0,0,0,0,0,0,0,0,0,0,0,0,0,0,0,0,0,0,0,0,0,39,0,90,0,0,0,0,0
16,0,0,0,0,0,0,0,3650211,0,0,24992,737280,136,0,0,0,0,0,41220,0,0,0,0,0,0,0,0,24992,24992,0,147456,0,589824,737280,0,4952,0,136,284,0,0,0,0,3305450
16,0,1,0,0,0,0,0,1825105,41220,0,0,0,17830,0,0,0,0,0,41220,0,0,0,0,0,0,0,0,0,12137,0,74010,0,220882,0,0,1891,1730,5059,30982,0,0,298746,0,0
16,0,2,0,0,0,0,0,1825105,0,0,0,0,1136,114688,0,0,0,0,0,0,0,0,0,0,0,0,0,0,0,0,73465,0,111222,38483,0,4152,1754,5093,2314,0,0,219425,0,103674
16,0,3,0,0,0,0,0,1825105,0,0,0,0,1149,114688,0,0,0,0,0,0,0,0,0,0,0,0,0,0,0,0,73185,0,0,38675,0,2072,591,0,1721,0,0,20117,0,111572
16,0,4,0,0,0,0,0,1825105,0,0,0,0,1368,114688,0,0,0,0,0,0,0,0,0,0,0,0,0,0,0,0,36897,0,0,38659,0,971,0,667,2059,1590677,0,0,0,82284
16,0,5,0,0,0,0,0,1825105,0,0,0,0,1722,114688,0,0,0,0,0,0,0,0,0,0,0,0,0,0,0,0,36518,0,0,39250,11410,2282,0,1,3477,0,0,951596,0,85928
16,0,6,0,0,0,0,0,1825105,0,0,0,0,1737,114688,0,0,0,0,0,0,0,0,0,0,0,0,0,0,0,0,37088,0,0,39331,0,967,2672,2,2616,0,0,467950,0,101233
16,0,7,0,0,0,0,0,1825105,0,0,0,0,1754,114688,0,0,0,0,0,0,0,0,0,0,0,0,0,0,0,0,37389,0,0,38674,0,2117,903,0,3554,0,0,46932,0,111482
16,0,8,0,0,0,0,0,1825105,0,0,0,0,1861,114688,0,0,0,0,0,0,0,0,0,0,0,0,0,0,0,0,0,0,0,37526,0,52,0,942,3747,1422723,0,0,0,82962
16,0,9,0,0,0,0,0,1825105,0,0,0,0,2133,114688,0,0,0,0,0,0,0,0,0,0,0,0,0,0,0,0,0,0,0,38514,6298,42,0,1,3100,0,0,1096270,0,90078
16,0,10,0,0,0,0,0,1825105,0,0,0,0,2193,114688,0,0,0,0,0,0,0,0,0,0,0,0,0,0,0,0,0,0,0,38384,0,91,3244,1,4468,0,0,499650,0,103397
16,0,11,0,0,0,0,0,1825105,0,0,0,0,2211,114688,0,0,0,0,0,0,0,0,0,0,0,0,0,0,0,0,0,0,0,37857,0,46,1016,0,3377,0,0,76367,0,111010
16,0,12,0,0,0,0,0,1825105,0,0,0,0,47,0,0,0,0,0,0,0,0,0,0,0,0,0,0,0,0,0,0,0,0,0,0,0,0,45,93,0,0,0,0,0
16,0,13,0,0,0,0,0,1825105,0,0,0,0,53,0,0,0,0,0,0,0,0,0,0,0,0,0,0,0,0,0,0,0,0,0,178,0,0,0,109,0,0,0,0,0
16,0,14,0,0,0,0,0,1825105,0,0,0,0,53,0,0,0,0,0,0,0,0,0,0,0,0,0,0,0,0,0,0,0,0,0,0,0,80,0,60,0,0,0,0,0
16,0,15,0,0,0,0,0,1825105,0,0,0,0,41,0,0,0,0,0,0,0,0,0,0,0,0,0,0,0,0,0,0,0,0,0,0,0,39,0,91,0,0,0,0,0
17,0,0,0,0,0,0,0,3658880,0,0,25054,737280,136,0,0,0,0,0,41310,0,0,0,0,0,0,0,0,25054,25054,0,147456,0,589824,737280,0,4956,0,136,284,0,0,0,0,3306126
17,0,1,0,0,0,0,0,1829440,41310,0,0,0,17939,0,0,0,0,0,41310,0,0,0,0,0,0,0,0,0,12394,0,73288,0,221432,0,0,1892,1715,5026,31162,0,0,298222,0,0
17,0,2,0,0,0,0,0,1829440,0,0,0,0,1131,114688,0,0,0,0,0,0,0,0,0,0,0,0,0,0,0,0,73174,0,110941,38509,0,4119,1758,5184,2323,0,0,219166,0,103657
17,0,3,0,0,0,0,0,1829440,0,0,0,0,1152,114688,0,0,0,0,0,0,0,0,0,0,0,0,0,0,0,0,73390,0,0,38690,0,2023,587,0,1699,0,0,19478,0,111861
17,0,4,0,0,0,0,0,1829440,0,0,0,0,1319,114688,0,0,0,0,0,0,0,0,0,0,0,0,0,0,0,0,36778,0,0,38716,0,971,0,718,1995,1582214,0,0,0,82436
17,0,5,0,0,0,0,0,1829440,0,0,0,0,1727,114688,0,0,0,0,0,0,0,0,0,0,0,0,0,0,0,0,37350,0,0,39320,11397,2296,0,1,3487,0,0,946979,0,86289
17,0,6,0,0,0,0,0,1829440,0,0,0,0,1736,114688,0,0,0,0,0,0,0,0,0,0,0,0,0,0,0,0,37387,0,0,39457,0,1041,2651,2,2596,0,0,467803,0,101134
17,0,7,0,0,0,0,0,1829440,0,0,0,0,1731,114688,0,0,0,0,0,0,0,0,0,0,0,0,0,0,0,0,37283,0,0,38668,0,2203,925,0,3515,0,0,45869,0,111565
17,0,8,0,0,0,0,0,1829440,0,0,0,0,1859,114688,0,0,0,0,0,0,0,0,0,0,0,0,0,0,0,0,0,0,0,37692,0,52,0,946,3747,1434244,0,0,0,82840
17,0,9,0,0,0,0,0,1829440,0,0,0,0,2136,114688,0,0,0,0,0,0,0,0,0,0,0,0,0,0,0,0,0,0,0,38329,6342,42,0,1,3107,0,0,1093564,0,92522
17,0,10,0,0,0,0,0,1829440,0,0,0,0,2199,114688,0,0,0,0,0,0,0,0,0,0,0,0,0,0,0,0,0,0,0,38396,0,91,3255,2,4422,0,0,509438,0,100644
17,0,11,0,0,0,0,0,1829440,0,0,0,0,2207,114688,0,0,0,0,0,0,0,0,0,0,0,0,0,0,0,0,0,0,0,38023,0,42,1040,0,3310,0,0,77900,0,111059
17,0,12,0,0,0,0,0,1829440,0,0,0,0,47,0,0,0,0,0,0,0,0,0,0,0,0,0,0,0,0,0,0,0,0,0,0,0,0,45,93,0,0,0,0,0
17,0,13,0,0,0,0,0,1829440,0,0,0,0,53,0,0,0,0,0,0,0,0,0,0,0,0,0,0,0,0,0,0,0,0,0,178,0,0,0,109,0,0,0,0,0
17,0,14,0,0,0,0,0,1829440,0,0,0,0,53,0,0,0,0,0,0,0,0,0,0,0,0,0,0,0,0,0,0,0,0,0,0,0,80,0,60,0,0,0,0,0
17,0,15,0,0,0,0,0,1829440,0,0,0,0,41,0,0,0,0,0,0,0,0,0,0,0,0,0,0,0,0,0,0,0,0,0,0,0,39,0,95,0,0,0,0,0
18,0,0,0,0,0,0,0,3663304,0,0,25082,737280,136,0,0,0,0,0,41352,0,0,0,0,0,0,0,0,25082,25082,0,147456,0,589824,737280,0,4962,0,136,284,0,0,0,0,3312358
18,0,1,0,0,0,0,0,1831652,41352,0,0,0,17956,0,0,0,0,0,41352,0,0,0,0,0,0,0,0,0,12429,0,73365,0,221258,0,0,1879,1704,5061,31239,0,0,298126,0,0
18,0,2,0,0,0,0,0,1831652,0,0,0,0,1147,114688,0,0,0,0,0,0,0,0,0,0,0,0,0,0,0,0,73288,0,111037,38451,0,4108,1726,5190,2322,0,0,217072,0,103873
18,0,3,0,0,0,0,0,1831652,0,0,0,0,1136,114688,0,0,0,0,0,0,0,0,0,0,0,0,0,0,0,0,73274,0,0,38800,0,2035,600,0,1674,0,0,20171,0,111655
18,0,4,0,0,0,0,0,1831652,0,0,0,0,1352,114688,0,0,0,0,0,0,0,0,0,0,0,0,0,0,0,0,36868,0,0,38728,0,987,0,691,2001,1581941,0,0,0,82588
18,0,5,0,0,0,0,0,1831652,0,0,0,0,1759,114688,0,0,0,0,0,0,0,0,0,0,0,0,0,0,0,0,37286,0,0,39211,11397,2308,0,1,3528,0,0,954996,0,85925
18,0,6,0,0,0,0,0,1831652,0,0,0,0,1774,114688,0,0,0,0,0,0,0,0,0,0,0,0,0,0,0,0,37332,0,0,39396,0,1061,2681,1,2633,0,0,466375,0,100873
18,0,7,0,0,0,0,0,1831652,0,0,0,0,1792,114688,0,0,0,0,0,0,0,0,0,0,0,0,0,0,0,0,37329,0,0,38611,0,2202,870,0,3576,0,0,44803,0,111681
18,0,8,0,0,0,0,0,1831652,0,0,0,0,1863,114688,0,0,0,0,0,0,0,0,0,0,0,0,0,0,0,0,0,0,0,37421,0,52,0,942,3735,1436008,0,0,0,82551
18,0,9,0,0,0,0,0,1831652,0,0,0,0,2183,114688,0,0,0,0,0,0,0,0,0,0,0,0,0,0,0,0,0,0,0,37919,6339,42,0,0,3146,0,0,1093212,0,93428
18,0,10,0,0,0,0,0,1831652,0,0,0,0,2180,114688,0,0,0,0,0,0,0,0,0,0,0,0,0,0,0,0,0,0,0,38763,0,91,3226,3,4385,0,0,509156,0,100667
18,0,11,0,0,0,0,0,1831652,0,0,0,0,2157,114688,0,0,0,0,0,0,0,0,0,0,0,0,0,0,0,0,0,0,0,38105,0,42,1094,0,3264,0,0,72644,0,111243
18,0,12,0,0,0,0,0,1831652,0,0,0,0,47,0,0,0,0,0,0,0,0,0,0,0,0,0,0,0,0,0,0,0,0,0,0,0,0,45,93,0,0,0,0,0
18,0,13,0,0,0,0,0,1831652,0,0,0,0,53,0,0,0,0,0,0,0,0,0,0,0,0,0,0,0,0,0,0,0,0,0,178,0,0,0,109,0,0,0,0,0
18,0,14,0,0,0,0,0,1831652,0,0,0,0,53,0,0,0,0,0,0,0,0,0,0,0,0,0,0,0,0,0,0,0,0,0,0,0,80,0,60,0,0,0,0,0
18,0,15,0,0,0,0,0,1831652,0,0,0,0,41,0,0,0,0,0,0,0,0,0,0,0,0,0,0,0,0,0,0,0,0,0,0,0,39,0,95,0,0,0,0,0
19,0,0,0,0,0,0,0,4684283,0,0,32052,958464,136,0,0,0,0,0,51825,0,0,0,0,0,0,0,0,32052,32052,0,221184,0,737280,958464,0,7357,0,136,284,0,0,0,0,4384184
19,0,1,0,0,0,0,0,2342142,51825,0,0,0,22422,0,0,0,0,0,51825,0,0,0,0,0,0,0,0,0,15716,0,110590,0,258263,0,0,2936,2523,5692,38612,0,0,288272,0,0
19,0,2,0,0,0,0,0,2342142,0,0,0,0,903,114688,0,0,0,0,0,0,0,0,0,0,0,0,0,0,0,0,110513,0,110520,38567,0,6049,1352,4670,1815,0,0,211010,0,103952
19,0,3,0,0,0,0,0,2342142,0,0,0,0,902,114688,0,0,0,0,0,0,0,0,0,0,0,0,0,0,0,0,73723,0,0,38880,0,1899,450,0,1320,0,0,16149,0,112326
19,0,4,0,0,0,0,0,2342142,0,0,0,0,1052,114688,0,0,0,0,0,0,0,0,0,0,0,0,0,0,0,0,73826,0,0,38403,0,1931,0,543,1576,2024245,0,0,0,82840
19,0,5,0,0,0,0,0,2342142,0,0,0,0,1335,114688,0,0,0,0,0,0,0,0,0,0,0,0,0,0,0,0,73655,0,0,38715,15828,4447,0,1,2697,0,0,1009460,0,84562
19,0,6,0,0,0,0,0,2342142,0,0,0,0,1346,114688,0,0,0,0,0,0,0,0,0,0,0,0,0,0,0,0,73881,0,0,38778,0,2260,2136,1,2014,0,0,512893,0,99382
19,0,7,0,0,0,0,0,2342142,0,0,0,0,1394,114688,0,0,0,0,0,0,0,0,0,0,0,0,0,0,0,0,36859,0,0,37994,0,2328,695,0,2795,0,0,50972,0,111205
19,0,8,0,0,0,0,0,2342142,0,0,0,0,1661,114688,0,0,0,0,0,0,0,0,0,0,0,0,0,0,0,0,36826,0,0,37655,0,2162,0,834,3322,2022210,0,0,0,80490
19,0,9,0,0,0,0,0,2342142,0,0,0,0,2168,114688,0,0,0,0,0,0,0,0,0,0,0,0,0,0,0,0,36875,0,0,38404,10757,1176,0,1,3239,0,0,1586183,0,89725
19,0,10,0,0,0,0,0,2342142,0,0,0,0,2260,114688,0,0,0,0,0,0,0,0,0,0,0,0,0,0,0,0,36923,0,0,38077,0,2343,3456,2,4537,0,0,980412,0,101440
19,0,11,0,0,0,0,0,2342142,0,0,0,0,2285,114688,0,0,0,0,0,0,0,0,0,0,0,0,0,0,0,0,0,0,0,38872,0,44,1148,0,3447,0,0,177484,0,109942
19,0,12,0,0,0,0,0,2342142,0,0,0,0,2100,114688,0,0,0,0,0,0,0,0,0,0,0,0,0,0,0,0,0,0,0,38906,0,0,0,1143,3189,1581223,0,0,0,89579
19,0,13,0,0,0,0,0,2342142,0,0,0,0,2249,114688,0,0,0,0,0,0,0,0,0,0,0,0,0,0,0,0,0,0,0,39152,5572,0,0,0,4512,0,0,975969,0,100128
19,0,14,0,0,0,0,0,2342142,0,0,0,0,2252,114688,0,0,0,0,0,0,0,0,0,0,0,0,0,0,0,0,0,0,0,38713,0,0,1220,2,3348,0,0,182356,0,110011
19,0,15,0,0,0,0,0,2342142,0,0,0,0,41,0,0,0,0,0,0,0,0,0,0,0,0,0,0,0,0,0,0,0,0,0,0,0,39,0,94,0,0,0,0,0
20,0,0,0,0,0,0,0,4675386,0,0,31978,958464,136,0,0,0,0,0,51714,0,0,0,0,0,0,0,0,31978,31978,0,221184,0,737280,958464,0,7337,0,136,284,0,0,0,0,4367357
20,0,1,0,0,0,0,0,2337693,51714,0,0,0,22426,0,0,0,0,0,51714,0,0,0,0,0,0,0,0,0,15702,0,110724,0,258146,0,0,2938,2510,5625,38449,0,0,288327,0,0
20,0,2,0,0,0,0,0,2337693,0,0,0,0,879,114688,0,0,0,0,0,0,0,0,0,0,0,0,0,0,0,0,110416,0,110682,38433,0,6050,1370,4685,1815,0,0,212464,0,103516
20,0,3,0,0,0,0,0,2337693,0,0,0,0,896,114688,0,0,0,0,0,0,0,0,0,0,0,0,0,0,0,0,73628,0,0,38636,0,1865,459,0,1324,0,0,16426,0,112309
20,0,4,0,0,0,0,0,2337693,0,0,0,0,1045,114688,0,0,0,0,0,0,0,0,0,0,0,0,0,0,0,0,73918,0,0,38397,0,1921,0,544,1567,2021582,0,0,0,82997
20,0,5,0,0,0,0,0,2337693,0,0,0,0,1358,114688,0,0,0,0,0,0,0,0,0,0,0,0,0,0,0,0,73627,0,0,38623,15903,4431,0,0,2708,0,0,1005034,0,84728
20,0,6,0,0,0,0,0,2337693,0,0,0,0,1367,114688,0,0,0,0,0,0,0,0,0,0,0,0,0,0,0,0,73859,0,0,38877,0,2242,2100,3,2030,0,0,506103,0,99414
20,0,7,0,0,0,0,0,2337693,0,0,0,0,1382,114688,0,0,0,0,0,0,0,0,0,0,0,0,0,0,0,0,36954,0,0,37984,0,2316,707,0,2817,0,0,51095,0,111128
20,0,8,0,0,0,0,0,2337693,0,0,0,0,1642,114688,0,0,0,0,0,0,0,0,0,0,0,0,0,0,0,0,36764,0,0,37677,0,2175,0,843,3286,2019204,0,0,0,80405
20,0,9,0,0,0,0,0,2337693,0,0,0,0,2148,114688,0,0,0,0,0,0,0,0,0,0,0,0,0,0,0,0,36908,0,0,38356,10617,1181,0,1,3210,0,0,1573458,0,89933
20,0,10,0,0,0,0,0,2337693,0,0,0,0,2278,114688,0,0,0,0,0,0,0,0,0,0,0,0,0,0,0,0,36914,0,0,38141,0,2323,3447,1,4573,0,0,973165,0,101077
20,0,11,0,0,0,0,0,2337693,0,0,0,0,2303,114688,0,0,0,0,0,0,0,0,0,0,0,0,0,0,0,0,0,0,0,38721,0,45,1120,0,3467,0,0,181002,0,109884
20,0,12,0,0,0,0,0,2337693,0,0,0,0,2178,114688,0,0,0,0,0,0,0,0,0,0,0,0,0,0,0,0,0,0,0,38778,0,0,0,1061,3250,1576719,0,0,0,89650
20,0,13,0,0,0,0,0,2337693,0,0,0,0,2251,114688,0,0,0,0,0,0,0,0,0,0,0,0,0,0,0,0,0,0,0,38849,5668,0,0,0,4499,0,0,972733,0,100378
20,0,14,0,0,0,0,0,2337693,0,0,0,0,2282,114688,0,0,0,0,0,0,0,0,0,0,0,0,0,0,0,0,0,0,0,38730,0,0,1180,2,3388,0,0,179919,0,109817
20,0,15,0,0,0,0,0,2337693,0,0,0,0,41,0,0,0,0,0,0,0,0,0,0,0,0,0,0,0,0,0,0,0,0,0,0,0,39,0,93,0,0,0,0,0
21,0,0,0,0,0,0,0,4677202,0,0,31980,958464,136,0,0,0,0,0,51717,0,0,0,0,0,0,0,0,31980,31980,0,221184,0,737280,958464,0,7331,0,136,284,0,0,0,0,4368470
21,0,1,0,0,0,0,0,2338601,51717,0,0,0,22339,0,0,0,0,0,51717,0,0,0,0,0,0,0,0,0,15591,0,110668,0,258146,0,0,2921,2510,5731,38493,0,0,285352,0,0
21,0,2,0,0,0,0,0,2338601,0,0,0,0,888,114688,0,0,0,0,0,0,0,0,0,0,0,0,0,0,0,0,110436,0,110730,38469,0,5992,1360,4665,1793,0,0,208498,0,104102
21,0,3,0,0,0,0,0,2338601,0,0,0,0,895,114688,0,0,0,0,0,0,0,0,0,0,0,0,0,0,0,0,73557,0,0,38682,0,1863,457,0,1340,0,0,16368,0,112314
21,0,4,0,0,0,0,0,2338601,0,0,0,0,1049,114688,0,0,0,0,0,0,0,0,0,0,0,0,0,0,0,0,73722,0,0,38389,0,1924,0,542,1569,2017967,0,0,0,82850
21,0,5,0,0,0,0,0,2338601,0,0,0,0,1334,114688,0,0,0,0,0,0,0,0,0,0,0,0,0,0,0,0,73636,0,0,38630,15784,4440,0,2,2702,0,0,1011435,0,84325
21,0,6,0,0,0,0,0,2338601,0,0,0,0,1367,114688,0,0,0,0,0,0,0,0,0,0,0,0,0,0,0,0,73811,0,0,38850,0,2276,2091,0,2060,0,0,510296,0,99393
21,0,7,0,0,0,0,0,2338601,0,0,0,0,1372,114688,0,0,0,0,0,0,0,0,0,0,0,0,0,0,0,0,36975,0,0,38045,0,2333,715,0,2791,0,0,51723,0,111115
21,0,8,0,0,0,0,0,2338601,0,0,0,0,1635,114688,0,0,0,0,0,0,0,0,0,0,0,0,0,0,0,0,36870,0,0,37616,0,2126,0,850,3317,2015761,0,0,0,80214
21,0,9,0,0,0,0,0,2338601,0,0,0,0,2118,114688,0,0,0,0,0,0,0,0,0,0,0,0,0,0,0,0,36963,0,0,38487,10775,1188,0,1,3172,0,0,1579998,0,89260
21,0,10,0,0,0,0,0,2338601,0,0,0,0,2321,114688,0,0,0,0,0,0,0,0,0,0,0,0,0,0,0,0,36819,0,0,38336,0,2313,3370,1,4598,0,0,979027,0,101602
21,0,11,0,0,0,0,0,2338601,0,0,0,0,2269,114688,0,0,0,0,0,0,0,0,0,0,0,0,0,0,0,0,0,0,0,38640,0,39,1152,0,3420,0,0,183760,0,109976
21,0,12,0,0,0,0,0,2338601,0,0,0,0,2159,114688,0,0,0,0,0,0,0,0,0,0,0,0,0,0,0,0,0,0,0,38754,0,0,0,1072,3272,1569556,0,0,0,89864
21,0,13,0,0,0,0,0,2338601,0,0,0,0,2282,114688,0,0,0,0,0,0,0,0,0,0,0,0,0,0,0,0,0,0,0,38883,5614,0,0,0,4529,0,0,981011,0,100223
21,0,14,0,0,0,0,0,2338601,0,0,0,0,2272,114688,0,0,0,0,0,0,0,0,0,0,0,0,0,0,0,0,0,0,0,38822,0,0,1196,2,3394,0,0,178729,0,109999
21,0,15,0,0,0,0,0,2338601,0,0,0,0,41,0,0,0,0,0,0,0,0,0,0,0,0,0,0,0,0,0,0,0,0,0,0,0,39,0,99,0,0,0,0,0
22,0,0,0,0,0,0,0,869143,0,0,5672,69632,136,0,0,0,0,0,12186,0,0,0,0,0,0,0,0,5672,5672,0,0,0,69632,69632,0,294,0,136,284,0,0,0,0,90112
22,0,1,0,0,0,0,0,434572,12186,0,0,0,4875,0,0,0,0,0,12186,0,0,0,0,0,0,0,0,0,1309,0,0,0,40455,0,0,84,170,2052,9372,0,0,90112,0,0
22,0,2,0,0,0,0,0,434572,0,0,0,0,3829,90112,0,0,0,0,0,0,0,0,0,0,0,0,0,0,0,0,0,0,0,53294,0,249,1980,283,7691,0,0,0,0,90112
22,0,3,0,0,0,0,0,434572,0,0,0,0,47,0,0,0,0,0,0,0,0,0,0,0,0,0,0,0,0,0,0,0,0,0,0,91,45,0,54,0,0,0,0,0
22,0,4,0,0,0,0,0,434572,0,0,0,0,47,0,0,0,0,0,0,0,0,0,0,0,0,0,0,0,0,0,0,0,0,0,0,87,0,45,62,0,0,0,0,0
22,0,5,0,0,0,0,0,434572,0,0,0,0,47,0,0,0,0,0,0,0,0,0,0,0,0,0,0,0,0,0,0,0,0,0,537,148,0,0,109,0,0,0,0,0
22,0,6,0,0,0,0,0,434572,0,0,0,0,47,0,0,0,0,0,0,0,0,0,0,0,0,0,0,0,0,0,0,0,0,0,0,40,98,0,52,0,0,0,0,0
22,0,7,0,0,0,0,0,434572,0,0,0,0,53,0,0,0,0,0,0,0,0,0,0,0,0,0,0,0,0,0,0,0,0,0,0,105,39,0,140,0,0,0,0,0
22,0,8,0,0,0,0,0,434572,0,0,0,0,50,0,0,0,0,0,0,0,0,0,0,0,0,0,0,0,0,0,0,0,0,0,0,52,0,42,107,0,0,0,0,0
22,0,9,0,0,0,0,0,434572,0,0,0,0,47,0,0,0,0,0,0,0,0,0,0,0,0,0,0,0,0,0,0,0,0,0,365,42,0,0,53,0,0,0,0,0
22,0,10,0,0,0,0,0,434572,0,0,0,0,53,0,0,0,0,0,0,0,0,0,0,0,0,0,0,0,0,0,0,0,0,0,0,91,92,0,118,0,0,0,0,0
22,0,11,0,0,0,0,0,434572,0,0,0,0,53,0,0,0,0,0,0,0,0,0,0,0,0,0,0,0,0,0,0,0,0,0,0,39,39,0,94,0,0,0,0,0
22,0,12,0,0,0,0,0,434572,0,0,0,0,47,0,0,0,0,0,0,0,0,0,0,0,0,0,0,0,0,0,0,0,0,0,0,0,0,45,93,0,0,0,0,0
22,0,13,0,0,0,0,0,434572,0,0,0,0,53,0,0,0,0,0,0,0,0,0,0,0,0,0,0,0,0,0,0,0,0,0,178,0,0,0,109,0,0,0,0,0
22,0,14,0,0,0,0,0,434572,0,0,0,0,53,0,0,0,0,0,0,0,0,0,0,0,0,0,0,0,0,0,0,0,0,0,0,0,80,0,60,0,0,0,0,0
22,0,15,0,0,0,0,0,434572,0,0,0,0,41,0,0,0,0,0,0,0,0,0,0,0,0,0,0,0,0,0,0,0,0,0,0,0,39,0,89,0,0,0,0,0
23,0,0,0,0,0,0,0,869028,0,0,5672,69632,136,0,0,0,0,0,12186,0,0,0,0,0,0,0,0,5672,5672,0,0,0,69632,69632,0,294,0,136,284,0,0,0,0,90112
23,0,1,0,0,0,0,0,434514,12186,0,0,0,4878,0,0,0,0,0,12186,0,0,0,0,0,0,0,0,0,1307,0,0,0,40462,0,0,84,170,2049,9381,0,0,90112,0,0
23,0,2,0,0,0,0,0,434514,0,0,0,0,3836,90112,0,0,0,0,0,0,0,0,0,0,0,0,0,0,0,0,0,0,0,53291,0,249,1974,282,7701,0,0,0,0,90112
23,0,3,0,0,0,0,0,434514,0,0,0,0,47,0,0,0,0,0,0,0,0,0,0,0,0,0,0,0,0,0,0,0,0,0,0,92,45,0,54,0,0,0,0,0
23,0,4,0,0,0,0,0,434514,0,0,0,0,47,0,0,0,0,0,0,0,0,0,0,0,0,0,0,0,0,0,0,0,0,0,0,87,0,45,61,0,0,0,0,0
23,0,5,0,0,0,0,0,434514,0,0,0,0,47,0,0,0,0,0,0,0,0,0,0,0,0,0,0,0,0,0,0,0,0,0,537,148,0,0,109,0,0,0,0,0
23,0,6,0,0,0,0,0,434514,0,0,0,0,47,0,0,0,0,0,0,0,0,0,0,0,0,0,0,0,0,0,0,0,0,0,0,40,98,0,52,0,0,0,0,0
23,0,7,0,0,0,0,0,434514,0,0,0,0,53,0,0,0,0,0,0,0,0,0,0,0,0,0,0,0,0,0,0,0,0,0,0,104,39,0,140,0,0,0,0,0
23,0,8,0,0,0,0,0,434514,0,0,0,0,50,0,0,0,0,0,0,0,0,0,0,0,0,0,0,0,0,0,0,0,0,0,0,52,0,42,107,0,0,0,0,0
23,0,9,0,0,0,0,0,434514,0,0,0,0,47,0,0,0,0,0,0,0,0,0,0,0,0,0,0,0,0,0,0,0,0,0,365,42,0,0,53,0,0,0,0,0
23,0,10,0,0,0,0,0,434514,0,0,0,0,53,0,0,0,0,0,0,0,0,0,0,0,0,0,0,0,0,0,0,0,0,0,0,91,92,0,118,0,0,0,0,0
23,0,11,0,0,0,0,0,434514,0,0,0,0,53,0,0,0,0,0,0,0,0,0,0,0,0,0,0,0,0,0,0,0,0,0,0,40,39,0,94,0,0,0,0,0
23,0,12,0,0,0,0,0,434514,0,0,0,0,47,0,0,0,0,0,0,0,0,0,0,0,0,0,0,0,0,0,0,0,0,0,0,0,0,45,93,0,0,0,0,0
23,0,13,0,0,0,0,0,434514,0,0,0,0,53,0,0,0,0,0,0,0,0,0,0,0,0,0,0,0,0,0,0,0,0,0,178,0,0,0,109,0,0,0,0,0
23,0,14,0,0,0,0,0,434514,0,0,0,0,53,0,0,0,0,0,0,0,0,0,0,0,0,0,0,0,0,0,0,0,0,0,0,0,80,0,60,0,0,0,0,0
23,0,15,0,0,0,0,0,434514,0,0,0,0,41,0,0,0,0,0,0,0,0,0,0,0,0,0,0,0,0,0,0,0,0,0,0,0,39,0,88,0,0,0,0,0
24,0,0,0,0,0,0,0,869181,0,0,5674,69632,136,0,0,0,0,0,12189,0,0,0,0,0,0,0,0,5674,5674,0,0,0,69632,69632,0,294,0,136,284,0,0,0,0,90112
24,0,1,0,0,0,0,0,434591,12189,0,0,0,4875,0,0,0,0,0,12189,0,0,0,0,0,0,0,0,0,1312,0,0,0,40453,0,0,84,171,2053,9376,0,0,90112,0,0
24,0,2,0,0,0,0,0,434591,0,0,0,0,3833,90112,0,0,0,0,0,0,0,0,0,0,0,0,0,0,0,0,0,0,0,53294,0,249,1978,283,7696,0,0,0,0,90112
24,0,3,0,0,0,0,0,434591,0,0,0,0,47,0,0,0,0,0,0,0,0,0,0,0,0,0,0,0,0,0,0,0,0,0,0,91,45,0,54,0,0,0,0,0
24,0,4,0,0,0,0,0,434591,0,0,0,0,47,0,0,0,0,0,0,0,0,0,0,0,0,0,0,0,0,0,0,0,0,0,0,87,0,45,62,0,0,0,0,0
24,0,5,0,0,0,0,0,434591,0,0,0,0,47,0,0,0,0,0,0,0,0,0,0,0,0,0,0,0,0,0,0,0,0,0,537,148,0,0,109,0,0,0,0,0
24,0,6,0,0,0,0,0,434591,0,0,0,0,47,0,0,0,0,0,0,0,0,0,0,0,0,0,0,0,0,0,0,0,0,0,0,40,98,0,52,0,0,0,0,0
24,0,7,0,0,0,0,0,434591,0,0,0,0,53,0,0,0,0,0,0,0,0,0,0,0,0,0,0,0,0,0,0,0,0,0,0,105,39,0,140,0,0,0,0,0
24,0,8,0,0,0,0,0,434591,0,0,0,0,50,0,0,0,0,0,0,0,0,0,0,0,0,0,0,0,0,0,0,0,0,0,0,52,0,42,107,0,0,0,0,0
24,0,9,0,0,0,0,0,434591,0,0,0,0,47,0,0,0,0,0,0,0,0,0,0,0,0,0,0,0,0,0,0,0,0,0,365,42,0,0,53,0,0,0,0,0
24,0,10,0,0,0,0,0,434591,0,0,0,0,53,0,0,0,0,0,0,0,0,0,0,0,0,0,0,0,0,0,0,0,0,0,0,91,92,0,118,0,0,0,0,0
24,0,11,0,0,0,0,0,434591,0,0,0,0,53,0,0,0,0,0,0,0,0,0,0,0,0,0,0,0,0,0,0,0,0,0,0,39,39,0,94,0,0,0,0,0
24,0,12,0,0,0,0,0,434591,0,0,0,0,47,0,0,0,0,0,0,0,0,0,0,0,0,0,0,0,0,0,0,0,0,0,0,0,0,45,93,0,0,0,0,0
24,0,13,0,0,0,0,0,434591,0,0,0,0,53,0,0,0,0,0,0,0,0,0,0,0,0,0,0,0,0,0,0,0,0,0,178,0,0,0,109,0,0,0,0,0
24,0,14,0,0,0,0,0,434591,0,0,0,0,53,0,0,0,0,0,0,0,0,0,0,0,0,0,0,0,0,0,0,0,0,0,0,0,80,0,60,0,0,0,0,0
24,0,15,0,0,0,0,0,434591,0,0,0,0,41,0,0,0,0,0,0,0,0,0,0,0,0,0,0,0,0,0,0,0,0,0,0,0,39,0,89,0,0,0,0,0
25,0,0,0,0,0,0,0,932806,0,0,5470,139264,136,0,0,0,0,0,11889,0,0,0,0,0,0,0,0,5470,5470,0,0,0,139268,139264,0,294,0,136,284,0,0,0,0,180224
25,0,1,0,0,0,0,0,466403,11889,0,0,0,5117,0,0,0,0,0,11889,0,0,0,0,0,0,0,0,0,1444,0,0,0,73734,0,0,84,169,1610,8566,0,0,70072,0,0
25,0,2,0,0,0,0,0,466403,0,0,0,0,2096,90112,0,0,0,0,0,0,0,0,0,0,0,0,0,0,0,0,0,0,32984,57239,0,249,2824,2305,4177,0,0,110152,0,74052
25,0,3,0,0,0,0,0,466403,0,0,0,0,2097,90112,0,0,0,0,0,0,0,0,0,0,0,0,0,0,0,0,0,0,0,57269,0,91,730,0,2819,0,0,11,0,90112
25,0,4,0,0,0,0,0,466403,0,0,0,0,47,0,0,0,0,0,0,0,0,0,0,0,0,0,0,0,0,0,0,0,0,0,0,87,0,45,62,0,0,0,0,0
25,0,5,0,0,0,0,0,466403,0,0,0,0,47,0,0,0,0,0,0,0,0,0,0,0,0,0,0,0,0,0,0,0,0,0,537,148,0,0,109,0,0,0,0,0
25,0,6,0,0,0,0,0,466403,0,0,0,0,47,0,0,0,0,0,0,0,0,0,0,0,0,0,0,0,0,0,0,0,0,0,0,40,98,0,52,0,0,0,0,0
25,0,7,0,0,0,0,0,466403,0,0,0,0,53,0,0,0,0,0,0,0,0,0,0,0,0,0,0,0,0,0,0,0,0,0,0,106,39,0,140,0,0,0,0,0
25,0,8,0,0,0,0,0,466403,0,0,0,0,50,0,0,0,0,0,0,0,0,0,0,0,0,0,0,0,0,0,0,0,0,0,0,52,0,42,107,0,0,0,0,0
25,0,9,0,0,0,0,0,466403,0,0,0,0,47,0,0,0,0,0,0,0,0,0,0,0,0,0,0,0,0,0,0,0,0,0,365,42,0,0,53,0,0,0,0,0
25,0,10,0,0,0,0,0,466403,0,0,0,0,53,0,0,0,0,0,0,0,0,0,0,0,0,0,0,0,0,0,0,0,0,0,0,91,92,0,118,0,0,0,0,0
25,0,11,0,0,0,0,0,466403,0,0,0,0,53,0,0,0,0,0,0,0,0,0,0,0,0,0,0,0,0,0,0,0,0,0,0,39,39,0,94,0,0,0,0,0
25,0,12,0,0,0,0,0,466403,0,0,0,0,47,0,0,0,0,0,0,0,0,0,0,0,0,0,0,0,0,0,0,0,0,0,0,0,0,45,93,0,0,0,0,0
25,0,13,0,0,0,0,0,466403,0,0,0,0,53,0,0,0,0,0,0,0,0,0,0,0,0,0,0,0,0,0,0,0,0,0,178,0,0,0,109,0,0,0,0,0
25,0,14,0,0,0,0,0,466403,0,0,0,0,53,0,0,0,0,0,0,0,0,0,0,0,0,0,0,0,0,0,0,0,0,0,0,0,80,0,60,0,0,0,0,0
25,0,15,0,0,0,0,0,466403,0,0,0,0,41,0,0,0,0,0,0,0,0,0,0,0,0,0,0,0,0,0,0,0,0,0,0,0,39,0,90,0,0,0,0,0
26,0,0,0,0,0,0,0,933398,0,0,5468,139264,136,0,0,0,0,0,11886,0,0,0,0,0,0,0,0,5468,5468,0,0,0,140651,139264,0,294,0,136,284,0,0,0,0,180224
26,0,1,0,0,0,0,0,466699,11886,0,0,0,4236,0,0,0,0,0,11886,0,0,0,0,0,0,0,0,0,4017,0,0,0,75076,0,0,84,170,2488,7607,0,0,102176,0,0
26,0,2,0,0,0,0,0,466699,0,0,0,0,2019,90112,0,0,0,0,0,0,0,0,0,0,0,0,0,0,0,0,0,0,40916,57234,0,249,2900,2018,3507,0,0,78048,0,90112
26,0,3,0,0,0,0,0,466699,0,0,0,0,2095,90112,0,0,0,0,0,0,0,0,0,0,0,0,0,0,0,0,0,0,0,57298,0,92,729,0,3102,0,0,4028,0,90112
26,0,4,0,0,0,0,0,466699,0,0,0,0,47,0,0,0,0,0,0,0,0,0,0,0,0,0,0,0,0,0,0,0,0,0,0,87,0,45,61,0,0,0,0,0
26,0,5,0,0,0,0,0,466699,0,0,0,0,47,0,0,0,0,0,0,0,0,0,0,0,0,0,0,0,0,0,0,0,0,0,537,148,0,0,109,0,0,0,0,0
26,0,6,0,0,0,0,0,466699,0,0,0,0,47,0,0,0,0,0,0,0,0,0,0,0,0,0,0,0,0,0,0,0,0,0,0,40,98,0,52,0,0,0,0,0
26,0,7,0,0,0,0,0,466699,0,0,0,0,53,0,0,0,0,0,0,0,0,0,0,0,0,0,0,0,0,0,0,0,0,0,0,105,39,0,140,0,0,0,0,0
26,0,8,0,0,0,0,0,466699,0,0,0,0,50,0,0,0,0,0,0,0,0,0,0,0,0,0,0,0,0,0,0,0,0,0,0,52,0,42,107,0,0,0,0,0
26,0,9,0,0,0,0,0,466699,0,0,0,0,47,0,0,0,0,0,0,0,0,0,0,0,0,0,0,0,0,0,0,0,0,0,365,42,0,0,53,0,0,0,0,0
26,0,10,0,0,0,0,0,466699,0,0,0,0,53,0,0,0,0,0,0,0,0,0,0,0,0,0,0,0,0,0,0,0,0,0,0,91,92,0,118,0,0,0,0,0
26,0,11,0,0,0,0,0,466699,0,0,0,0,53,0,0,0,0,0,0,0,0,0,0,0,0,0,0,0,0,0,0,0,0,0,0,40,39,0,94,0,0,0,0,0
26,0,12,0,0,0,0,0,466699,0,0,0,0,47,0,0,0,0,0,0,0,0,0,0,0,0,0,0,0,0,0,0,0,0,0,0,0,0,45,93,0,0,0,0,0
26,0,13,0,0,0,0,0,466699,0,0,0,0,53,0,0,0,0,0,0,0,0,0,0,0,0,0,0,0,0,0,0,0,0,0,178,0,0,0,109,0,0,0,0,0
26,0,14,0,0,0,0,0,466699,0,0,0,0,53,0,0,0,0,0,0,0,0,0,0,0,0,0,0,0,0,0,0,0,0,0,0,0,80,0,60,0,0,0,0,0
26,0,15,0,0,0,0,0,466699,0,0,0,0,41,0,0,0,0,0,0,0,0,0,0,0,0,0,0,0,0,0,0,0,0,0,0,0,39,0,89,0,0,0,0,0
27,0,0,0,0,0,0,0,933582,0,0,5468,139264,136,0,0,0,0,0,11883,0,0,0,0,0,0,0,0,5468,5468,0,0,0,139264,139264,0,294,0,136,284,0,0,0,0,180224
27,0,1,0,0,0,0,0,466791,11883,0,0,0,5123,0,0,0,0,0,11883,0,0,0,0,0,0,0,0,0,1438,0,0,0,73730,0,0,84,171,1600,8574,0,0,69674,0,0
27,0,2,0,0,0,0,0,466791,0,0,0,0,2095,90112,0,0,0,0,0,0,0,0,0,0,0,0,0,0,0,0,0,0,32869,57294,0,249,2820,2311,4177,0,0,110550,0,73760
27,0,3,0,0,0,0,0,466791,0,0,0,0,2090,90112,0,0,0,0,0,0,0,0,0,0,0,0,0,0,0,0,0,0,0,57315,0,93,734,0,2803,0,0,0,0,90112
27,0,4,0,0,0,0,0,466791,0,0,0,0,47,0,0,0,0,0,0,0,0,0,0,0,0,0,0,0,0,0,0,0,0,0,0,87,0,45,62,0,0,0,0,0
27,0,5,0,0,0,0,0,466791,0,0,0,0,47,0,0,0,0,0,0,0,0,0,0,0,0,0,0,0,0,0,0,0,0,0,537,148,0,0,109,0,0,0,0,0
27,0,6,0,0,0,0,0,466791,0,0,0,0,47,0,0,0,0,0,0,0,0,0,0,0,0,0,0,0,0,0,0,0,0,0,0,40,98,0,52,0,0,0,0,0
27,0,7,0,0,0,0,0,466791,0,0,0,0,53,0,0,0,0,0,0,0,0,0,0,0,0,0,0,0,0,0,0,0,0,0,0,104,39,0,140,0,0,0,0,0
27,0,8,0,0,0,0,0,466791,0,0,0,0,50,0,0,0,0,0,0,0,0,0,0,0,0,0,0,0,0,0,0,0,0,0,0,52,0,42,107,0,0,0,0,0
27,0,9,0,0,0,0,0,466791,0,0,0,0,47,0,0,0,0,0,0,0,0,0,0,0,0,0,0,0,0,0,0,0,0,0,365,42,0,0,53,0,0,0,0,0
27,0,10,0,0,0,0,0,466791,0,0,0,0,53,0,0,0,0,0,0,0,0,0,0,0,0,0,0,0,0,0,0,0,0,0,0,91,92,0,118,0,0,0,0,0
27,0,11,0,0,0,0,0,466791,0,0,0,0,53,0,0,0,0,0,0,0,0,0,0,0,0,0,0,0,0,0,0,0,0,0,0,41,39,0,94,0,0,0,0,0
27,0,12,0,0,0,0,0,466791,0,0,0,0,47,0,0,0,0,0,0,0,0,0,0,0,0,0,0,0,0,0,0,0,0,0,0,0,0,45,93,0,0,0,0,0
27,0,13,0,0,0,0,0,466791,0,0,0,0,53,0,0,0,0,0,0,0,0,0,0,0,0,0,0,0,0,0,0,0,0,0,178,0,0,0,109,0,0,0,0,0
27,0,14,0,0,0,0,0,466791,0,0,0,0,53,0,0,0,0,0,0,0,0,0,0,0,0,0,0,0,0,0,0,0,0,0,0,0,80,0,60,0,0,0,0,0
27,0,15,0,0,0,0,0,466791,0,0,0,0,41,0,0,0,0,0,0,0,0,0,0,0,0,0,0,0,0,0,0,0,0,0,0,0,39,0,88,0,0,0,0,0
28,0,0,0,0,0,0,0,1098056,0,0,7288,278528,136,0,0,0,0,0,14625,0,0,0,0,0,0,0,0,7288,7288,0,76823,0,208930,278528,0,2117,0,136,284,0,0,0,0,455903
28,0,1,0,0,0,0,0,549028,14625,0,0,0,5807,0,0,0,0,0,14625,0,0,0,0,0,0,0,0,0,3143,0,37388,0,72009,0,0,695,645,1653,10238,0,0,90626,0,0
28,0,2,0,0,0,0,0,549028,0,0,0,0,1323,90112,0,0,0,0,0,0,0,0,0,0,0,0,0,0,0,0,0,0,37033,55591,0,249,1840,1341,2499,0,0,99258,0,85903
28,0,3,0,0,0,0,0,549028,0,0,0,0,1252,90112,0,0,0,0,0,0,0,0,0,0,0,0,0,0,0,0,0,0,0,55391,0,91,661,0,2024,0,0,94,0,90097
28,0,4,0,0,0,0,0,549028,0,0,0,0,1325,90112,0,0,0,0,0,0,0,0,0,0,0,0,0,0,0,0,0,0,0,55703,0,87,0,588,1815,115127,0,0,0,78464
28,0,5,0,0,0,0,0,549028,0,0,0,0,1329,90112,0,0,0,0,0,0,0,0,0,0,0,0,0,0,0,0,0,0,0,56396,2353,148,0,1,2603,0,0,8145,0,89638
28,0,6,0,0,0,0,0,549028,0,0,0,0,47,0,0,0,0,0,0,0,0,0,0,0,0,0,0,0,0,0,0,0,0,0,0,40,98,1,52,0,0,0,0,0
28,0,7,0,0,0,0,0,549028,0,0,0,0,53,0,0,0,0,0,0,0,0,0,0,0,0,0,0,0,0,0,0,0,0,0,0,107,39,0,140,0,0,0,0,0
28,0,8,0,0,0,0,0,549028,0,0,0,0,50,0,0,0,0,0,0,0,0,0,0,0,0,0,0,0,0,0,0,0,0,0,0,52,0,42,107,0,0,0,0,0
28,0,9,0,0,0,0,0,549028,0,0,0,0,47,0,0,0,0,0,0,0,0,0,0,0,0,0,0,0,0,0,0,0,0,0,365,42,0,0,53,0,0,0,0,0
28,0,10,0,0,0,0,0,549028,0,0,0,0,53,0,0,0,0,0,0,0,0,0,0,0,0,0,0,0,0,0,0,0,0,0,0,91,92,0,118,0,0,0,0,0
28,0,11,0,0,0,0,0,549028,0,0,0,0,53,0,0,0,0,0,0,0,0,0,0,0,0,0,0,0,0,0,0,0,0,0,0,40,39,0,94,0,0,0,0,0
28,0,12,0,0,0,0,0,549028,0,0,0,0,47,0,0,0,0,0,0,0,0,0,0,0,0,0,0,0,0,0,0,0,0,0,0,0,0,45,93,0,0,0,0,0
28,0,13,0,0,0,0,0,549028,0,0,0,0,53,0,0,0,0,0,0,0,0,0,0,0,0,0,0,0,0,0,0,0,0,0,178,0,0,0,109,0,0,0,0,0
28,0,14,0,0,0,0,0,549028,0,0,0,0,53,0,0,0,0,0,0,0,0,0,0,0,0,0,0,0,0,0,0,0,0,0,0,0,80,0,60,0,0,0,0,0
28,0,15,0,0,0,0,0,549028,0,0,0,0,41,0,0,0,0,0,0,0,0,0,0,0,0,0,0,0,0,0,0,0,0,0,0,0,39,0,91,0,0,0,0,0
29,0,0,0,0,0,0,0,1100459,0,0,7284,278528,136,0,0,0,0,0,14622,0,0,0,0,0,0,0,0,7284,7284,0,76709,0,208920,278528,0,2117,0,136,284,0,0,0,0,462909
29,0,1,0,0,0,0,0,550230,14622,0,0,0,5757,0,0,0,0,0,14622,0,0,0,0,0,0,0,0,0,3089,0,37138,0,72032,0,0,755,643,1641,10235,0,0,89814,0,0
29,0,2,0,0,0,0,0,550230,0,0,0,0,1374,90112,0,0,0,0,0,0,0,0,0,0,0,0,0,0,0,0,0,0,37274,55403,0,249,1780,1363,2536,0,0,99773,0,85834
29,0,3,0,0,0,0,0,550230,0,0,0,0,1245,90112,0,0,0,0,0,0,0,0,0,0,0,0,0,0,0,0,0,0,0,55259,0,91,666,0,1993,0,0,35,0,90111
29,0,4,0,0,0,0,0,550230,0,0,0,0,1322,90112,0,0,0,0,0,0,0,0,0,0,0,0,0,0,0,0,0,0,0,55669,0,87,0,591,1811,117454,0,0,0,78166
29,0,5,0,0,0,0,0,550230,0,0,0,0,1317,90112,0,0,0,0,0,0,0,0,0,0,0,0,0,0,0,0,0,0,0,56449,2362,148,0,1,2531,0,0,8630,0,89488
29,0,6,0,0,0,0,0,550230,0,0,0,0,47,0,0,0,0,0,0,0,0,0,0,0,0,0,0,0,0,0,0,0,0,0,0,40,98,1,52,0,0,0,0,0
29,0,7,0,0,0,0,0,550230,0,0,0,0,53,0,0,0,0,0,0,0,0,0,0,0,0,0,0,0,0,0,0,0,0,0,0,107,39,0,140,0,0,0,0,0
29,0,8,0,0,0,0,0,550230,0,0,0,0,50,0,0,0,0,0,0,0,0,0,0,0,0,0,0,0,0,0,0,0,0,0,0,52,0,42,107,0,0,0,0,0
29,0,9,0,0,0,0,0,550230,0,0,0,0,47,0,0,0,0,0,0,0,0,0,0,0,0,0,0,0,0,0,0,0,0,0,365,42,0,0,53,0,0,0,0,0
29,0,10,0,0,0,0,0,550230,0,0,0,0,53,0,0,0,0,0,0,0,0,0,0,0,0,0,0,0,0,0,0,0,0,0,0,91,92,0,118,0,0,0,0,0
29,0,11,0,0,0,0,0,550230,0,0,0,0,53,0,0,0,0,0,0,0,0,0,0,0,0,0,0,0,0,0,0,0,0,0,0,40,39,0,94,0,0,0,0,0
29,0,12,0,0,0,0,0,550230,0,0,0,0,47,0,0,0,0,0,0,0,0,0,0,0,0,0,0,0,0,0,0,0,0,0,0,0,0,45,93,0,0,0,0,0
29,0,13,0,0,0,0,0,550230,0,0,0,0,53,0,0,0,0,0,0,0,0,0,0,0,0,0,0,0,0,0,0,0,0,0,178,0,0,0,109,0,0,0,0,0
29,0,14,0,0,0,0,0,550230,0,0,0,0,53,0,0,0,0,0,0,0,0,0,0,0,0,0,0,0,0,0,0,0,0,0,0,0,80,0,60,0,0,0,0,0
29,0,15,0,0,0,0,0,550230,0,0,0,0,41,0,0,0,0,0,0,0,0,0,0,0,0,0,0,0,0,0,0,0,0,0,0,0,39,0,91,0,0,0,0,0
30,0,0,0,0,0,0,0,1094232,0,0,7256,278528,136,0,0,0,0,0,14580,0,0,0,0,0,0,0,0,7256,7256,0,76767,0,209185,278528,0,2113,0,136,284,0,0,0,0,457672
30,0,1,0,0,0,0,0,547116,14580,0,0,0,5834,0,0,0,0,0,14580,0,0,0,0,0,0,0,0,0,3237,0,37537,0,72502,0,0,705,716,1513,10191,0,0,94978,0,0
30,0,2,0,0,0,0,0,547116,0,0,0,0,1259,90112,0,0,0,0,0,0,0,0,0,0,0,0,0,0,0,0,0,0,37434,55833,0,249,1898,1397,2494,0,0,97432,0,86616
30,0,3,0,0,0,0,0,547116,0,0,0,0,1257,90112,0,0,0,0,0,0,0,0,0,0,0,0,0,0,0,0,0,0,0,55457,0,92,644,0,1960,0,0,493,0,90084
30,0,4,0,0,0,0,0,547116,0,0,0,0,1337,90112,0,0,0,0,0,0,0,0,0,0,0,0,0,0,0,0,0,0,0,55677,0,87,0,572,1899,105659,0,0,0,81174
30,0,5,0,0,0,0,0,547116,0,0,0,0,1353,90112,0,0,0,0,0,0,0,0,0,0,0,0,0,0,0,0,0,0,0,56082,2337,148,0,1,2613,0,0,9045,0,88568
30,0,6,0,0,0,0,0,547116,0,0,0,0,47,0,0,0,0,0,0,0,0,0,0,0,0,0,0,0,0,0,0,0,0,0,0,40,98,1,52,0,0,0,0,0
30,0,7,0,0,0,0,0,547116,0,0,0,0,53,0,0,0,0,0,0,0,0,0,0,0,0,0,0,0,0,0,0,0,0,0,0,106,39,0,140,0,0,0,0,0
30,0,8,0,0,0,0,0,547116,0,0,0,0,50,0,0,0,0,0,0,0,0,0,0,0,0,0,0,0,0,0,0,0,0,0,0,52,0,42,107,0,0,0,0,0
30,0,9,0,0,0,0,0,547116,0,0,0,0,47,0,0,0,0,0,0,0,0,0,0,0,0,0,0,0,0,0,0,0,0,0,365,42,0,0,53,0,0,0,0,0
30,0,10,0,0,0,0,0,547116,0,0,0,0,53,0,0,0,0,0,0,0,0,0,0,0,0,0,0,0,0,0,0,0,0,0,0,91,92,0,118,0,0,0,0,0
30,0,11,0,0,0,0,0,547116,0,0,0,0,53,0,0,0,0,0,0,0,0,0,0,0,0,0,0,0,0,0,0,0,0,0,0,41,39,0,94,0,0,0,0,0
30,0,12,0,0,0,0,0,547116,0,0,0,0,47,0,0,0,0,0,0,0,0,0,0,0,0,0,0,0,0,0,0,0,0,0,0,0,0,45,93,0,0,0,0,0
30,0,13,0,0,0,0,0,547116,0,0,0,0,53,0,0,0,0,0,0,0,0,0,0,0,0,0,0,0,0,0,0,0,0,0,178,0,0,0,109,0,0,0,0,0
30,0,14,0,0,0,0,0,547116,0,0,0,0,53,0,0,0,0,0,0,0,0,0,0,0,0,0,0,0,0,0,0,0,0,0,0,0,80,0,60,0,0,0,0,0
30,0,15,0,0,0,0,0,547116,0,0,0,0,41,0,0,0,0,0,0,0,0,0,0,0,0,0,0,0,0,0,0,0,0,0,0,0,39,0,90,0,0,0,0,0
31,0,0,0,0,0,0,0,1472465,0,0,9634,417792,136,0,0,0,0,0,18159,0,0,0,0,0,0,0,0,9634,9634,0,76738,0,348839,417792,0,1797,0,136,284,0,0,0,0,1167203
31,0,1,0,0,0,0,0,736233,18159,0,0,0,7471,0,0,0,0,0,18159,0,0,0,0,0,0,0,0,0,4632,0,37422,0,143821,0,0,636,647,2394,13001,0,0,176833,0,0
31,0,2,0,0,0,0,0,736233,0,0,0,0,1013,90112,0,0,0,0,0,0,0,0,0,0,0,0,0,0,0,0,37690,0,73172,55921,0,1443,1495,2381,2022,0,0,141943,0,75758
31,0,3,0,0,0,0,0,736233,0,0,0,0,981,90112,0,0,0,0,0,0,0,0,0,0,0,0,0,0,0,0,35894,0,0,55752,0,721,548,0,1486,0,0,28965,0,81276
31,0,4,0,0,0,0,0,736233,0,0,0,0,1044,90112,0,0,0,0,0,0,0,0,0,0,0,0,0,0,0,0,0,0,0,55763,0,87,0,549,1536,412685,0,0,0,68759
31,0,5,0,0,0,0,0,736233,0,0,0,0,1135,90112,0,0,0,0,0,0,0,0,0,0,0,0,0,0,0,0,0,0,0,55749,3941,148,0,0,2328,0,0,269655,0,72638
31,0,6,0,0,0,0,0,736233,0,0,0,0,1247,90112,0,0,0,0,0,0,0,0,0,0,0,0,0,0,0,0,0,0,0,55791,0,40,1854,2,1847,0,0,170497,0,78466
31,0,7,0,0,0,0,0,736233,0,0,0,0,1223,90112,0,0,0,0,0,0,0,0,0,0,0,0,0,0,0,0,0,0,0,54086,0,107,654,0,2467,0,0,29048,0,84492
31,0,8,0,0,0,0,0,736233,0,0,0,0,50,0,0,0,0,0,0,0,0,0,0,0,0,0,0,0,0,0,0,0,0,0,0,52,0,42,107,0,0,0,0,0
31,0,9,0,0,0,0,0,736233,0,0,0,0,47,0,0,0,0,0,0,0,0,0,0,0,0,0,0,0,0,0,0,0,0,0,365,42,0,0,53,0,0,0,0,0
31,0,10,0,0,0,0,0,736233,0,0,0,0,53,0,0,0,0,0,0,0,0,0,0,0,0,0,0,0,0,0,0,0,0,0,0,91,92,0,118,0,0,0,0,0
31,0,11,0,0,0,0,0,736233,0,0,0,0,53,0,0,0,0,0,0,0,0,0,0,0,0,0,0,0,0,0,0,0,0,0,0,42,39,0,94,0,0,0,0,0
31,0,12,0,0,0,0,0,736233,0,0,0,0,47,0,0,0,0,0,0,0,0,0,0,0,0,0,0,0,0,0,0,0,0,0,0,0,0,45,93,0,0,0,0,0
31,0,13,0,0,0,0,0,736233,0,0,0,0,53,0,0,0,0,0,0,0,0,0,0,0,0,0,0,0,0,0,0,0,0,0,178,0,0,0,109,0,0,0,0,0
31,0,14,0,0,0,0,0,736233,0,0,0,0,53,0,0,0,0,0,0,0,0,0,0,0,0,0,0,0,0,0,0,0,0,0,0,0,80,0,60,0,0,0,0,0
31,0,15,0,0,0,0,0,736233,0,0,0,0,41,0,0,0,0,0,0,0,0,0,0,0,0,0,0,0,0,0,0,0,0,0,0,0,39,0,91,0,0,0,0,0
32,0,0,0,0,0,0,0,1464880,0,0,9576,417792,136,0,0,0,0,0,18072,0,0,0,0,0,0,0,0,9576,9576,0,76713,0,348805,417792,0,1797,0,136,284,0,0,0,0,1169342
32,0,1,0,0,0,0,0,732440,18072,0,0,0,7373,0,0,0,0,0,18072,0,0,0,0,0,0,0,0,0,4619,0,37519,0,143751,0,0,656,677,2384,12866,0,0,177164,0,0
32,0,2,0,0,0,0,0,732440,0,0,0,0,1010,90112,0,0,0,0,0,0,0,0,0,0,0,0,0,0,0,0,37678,0,73259,55844,0,1409,1526,2383,2012,0,0,139741,0,76384
32,0,3,0,0,0,0,0,732440,0,0,0,0,1010,90112,0,0,0,0,0,0,0,0,0,0,0,0,0,0,0,0,35764,0,0,55620,0,682,519,0,1530,0,0,29505,0,81007
32,0,4,0,0,0,0,0,732440,0,0,0,0,1040,90112,0,0,0,0,0,0,0,0,0,0,0,0,0,0,0,0,0,0,0,55730,0,87,0,553,1562,409181,0,0,0,68788
32,0,5,0,0,0,0,0,732440,0,0,0,0,1151,90112,0,0,0,0,0,0,0,0,0,0,0,0,0,0,0,0,0,0,0,55730,3889,148,0,0,2314,0,0,265156,0,72100
32,0,6,0,0,0,0,0,732440,0,0,0,0,1222,90112,0,0,0,0,0,0,0,0,0,0,0,0,0,0,0,0,0,0,0,55860,0,40,1830,3,1832,0,0,169056,0,77624
32,0,7,0,0,0,0,0,732440,0,0,0,0,1198,90112,0,0,0,0,0,0,0,0,0,0,0,0,0,0,0,0,0,0,0,54175,0,106,656,0,2460,0,0,28249,0,84336
32,0,8,0,0,0,0,0,732440,0,0,0,0,50,0,0,0,0,0,0,0,0,0,0,0,0,0,0,0,0,0,0,0,0,0,0,52,0,42,107,0,0,0,0,0
32,0,9,0,0,0,0,0,732440,0,0,0,0,47,0,0,0,0,0,0,0,0,0,0,0,0,0,0,0,0,0,0,0,0,0,365,42,0,0,53,0,0,0,0,0
32,0,10,0,0,0,0,0,732440,0,0,0,0,53,0,0,0,0,0,0,0,0,0,0,0,0,0,0,0,0,0,0,0,0,0,0,91,92,0,118,0,0,0,0,0
32,0,11,0,0,0,0,0,732440,0,0,0,0,53,0,0,0,0,0,0,0,0,0,0,0,0,0,0,0,0,0,0,0,0,0,0,43,39,0,94,0,0,0,0,0
32,0,12,0,0,0,0,0,732440,0,0,0,0,47,0,0,0,0,0,0,0,0,0,0,0,0,0,0,0,0,0,0,0,0,0,0,0,0,45,93,0,0,0,0,0
32,0,13,0,0,0,0,0,732440,0,0,0,0,53,0,0,0,0,0,0,0,0,0,0,0,0,0,0,0,0,0,0,0,0,0,178,0,0,0,109,0,0,0,0,0
32,0,14,0,0,0,0,0,732440,0,0,0,0,53,0,0,0,0,0,0,0,0,0,0,0,0,0,0,0,0,0,0,0,0,0,0,0,80,0,60,0,0,0,0,0
32,0,15,0,0,0,0,0,732440,0,0,0,0,41,0,0,0,0,0,0,0,0,0,0,0,0,0,0,0,0,0,0,0,0,0,0,0,39,0,90,0,0,0,0,0
33,0,0,0,0,0,0,0,1473139,0,0,9648,417792,136,0,0,0,0,0,18180,0,0,0,0,0,0,0,0,9648,9648,0,76657,0,348760,417792,0,1791,0,136,284,0,0,0,0,1162782
33,0,1,0,0,0,0,0,736569,18180,0,0,0,7457,0,0,0,0,0,18180,0,0,0,0,0,0,0,0,0,4561,0,37394,0,143675,0,0,651,653,2401,13032,0,0,177701,0,0
33,0,2,0,0,0,0,0,736569,0,0,0,0,1019,90112,0,0,0,0,0,0,0,0,0,0,0,0,0,0,0,0,37666,0,73363,55886,0,1455,1525,2360,2043,0,0,141524,0,76011
33,0,3,0,0,0,0,0,736569,0,0,0,0,1013,90112,0,0,0,0,0,0,0,0,0,0,0,0,0,0,0,0,35862,0,0,55763,0,750,517,0,1519,0,0,28130,0,81463
33,0,4,0,0,0,0,0,736569,0,0,0,0,1033,90112,0,0,0,0,0,0,0,0,0,0,0,0,0,0,0,0,0,0,0,55696,0,87,0,554,1531,410551,0,0,0,68924
33,0,5,0,0,0,0,0,736569,0,0,0,0,1164,90112,0,0,0,0,0,0,0,0,0,0,0,0,0,0,0,0,0,0,0,55729,3880,148,0,1,2348,0,0,268100,0,72829
33,0,6,0,0,0,0,0,736569,0,0,0,0,1237,90112,0,0,0,0,0,0,0,0,0,0,0,0,0,0,0,0,0,0,0,55850,0,40,1890,2,1829,0,0,171201,0,77810
33,0,7,0,0,0,0,0,736569,0,0,0,0,1245,90112,0,0,0,0,0,0,0,0,0,0,0,0,0,0,0,0,0,0,0,54120,0,106,637,0,2468,0,0,28933,0,84369
33,0,8,0,0,0,0,0,736569,0,0,0,0,50,0,0,0,0,0,0,0,0,0,0,0,0,0,0,0,0,0,0,0,0,0,0,52,0,42,107,0,0,0,0,0
33,0,9,0,0,0,0,0,736569,0,0,0,0,47,0,0,0,0,0,0,0,0,0,0,0,0,0,0,0,0,0,0,0,0,0,365,42,0,0,53,0,0,0,0,0
33,0,10,0,0,0,0,0,736569,0,0,0,0,53,0,0,0,0,0,0,0,0,0,0,0,0,0,0,0,0,0,0,0,0,0,0,91,92,0,118,0,0,0,0,0
33,0,11,0,0,0,0,0,736569,0,0,0,0,53,0,0,0,0,0,0,0,0,0,0,0,0,0,0,0,0,0,0,0,0,0,0,43,39,0,94,0,0,0,0,0
33,0,12,0,0,0,0,0,736569,0,0,0,0,47,0,0,0,0,0,0,0,0,0,0,0,0,0,0,0,0,0,0,0,0,0,0,0,0,45,93,0,0,0,0,0
33,0,13,0,0,0,0,0,736569,0,0,0,0,53,0,0,0,0,0,0,0,0,0,0,0,0,0,0,0,0,0,0,0,0,0,178,0,0,0,109,0,0,0,0,0
33,0,14,0,0,0,0,0,736569,0,0,0,0,53,0,0,0,0,0,0,0,0,0,0,0,0,0,0,0,0,0,0,0,0,0,0,0,80,0,60,0,0,0,0,0
33,0,15,0,0,0,0,0,736569,0,0,0,0,41,0,0,0,0,0,0,0,0,0,0,0,0,0,0,0,0,0,0,0,0,0,0,0,39,0,90,0,0,0,0,0
34,0,0,0,0,0,0,0,1931122,0,0,12876,557056,136,0,0,0,0,0,23031,0,0,0,0,0,0,0,0,12876,12876,0,147610,0,418484,557056,0,3378,0,136,284,0,0,0,0,1637020
34,0,1,0,0,0,0,0,965561,23031,0,0,0,9711,0,0,0,0,0,23031,0,0,0,0,0,0,0,0,0,6013,0,73032,0,142979,0,0,1235,1199,2247,16942,0,0,208519,0,0
34,0,2,0,0,0,0,0,965561,0,0,0,0,796,90112,0,0,0,0,0,0,0,0,0,0,0,0,0,0,0,0,37756,0,73039,55838,0,1613,1231,2368,1640,0,0,172943,0,75435
34,0,3,0,0,0,0,0,965561,0,0,0,0,801,90112,0,0,0,0,0,0,0,0,0,0,0,0,0,0,0,0,35917,0,0,55641,0,782,426,0,1182,0,0,34898,0,81808
34,0,4,0,0,0,0,0,965561,0,0,0,0,1001,90112,0,0,0,0,0,0,0,0,0,0,0,0,0,0,0,0,36110,0,0,55879,0,632,0,506,1501,762215,0,0,0,66136
34,0,5,0,0,0,0,0,965561,0,0,0,0,1263,90112,0,0,0,0,0,0,0,0,0,0,0,0,0,0,0,0,37596,0,0,55683,5742,1283,0,1,2539,0,0,531906,0,67012
34,0,6,0,0,0,0,0,965561,0,0,0,0,1365,90112,0,0,0,0,0,0,0,0,0,0,0,0,0,0,0,0,0,0,0,55883,0,40,2112,1,2019,0,0,351030,0,70516
34,0,7,0,0,0,0,0,965561,0,0,0,0,1375,90112,0,0,0,0,0,0,0,0,0,0,0,0,0,0,0,0,0,0,0,54232,0,107,728,0,2785,0,0,119293,0,77929
34,0,8,0,0,0,0,0,965561,0,0,0,0,1194,90112,0,0,0,0,0,0,0,0,0,0,0,0,0,0,0,0,0,0,0,54117,0,52,0,563,2373,342143,0,0,0,68504
34,0,9,0,0,0,0,0,965561,0,0,0,0,1158,90112,0,0,0,0,0,0,0,0,0,0,0,0,0,0,0,0,0,0,0,55754,2062,42,0,1,1696,0,0,94922,0,75380
34,0,10,0,0,0,0,0,965561,0,0,0,0,53,0,0,0,0,0,0,0,0,0,0,0,0,0,0,0,0,0,0,0,0,0,0,91,92,1,118,0,0,0,0,0
34,0,11,0,0,0,0,0,965561,0,0,0,0,53,0,0,0,0,0,0,0,0,0,0,0,0,0,0,0,0,0,0,0,0,0,0,43,39,0,94,0,0,0,0,0
34,0,12,0,0,0,0,0,965561,0,0,0,0,47,0,0,0,0,0,0,0,0,0,0,0,0,0,0,0,0,0,0,0,0,0,0,0,0,45,93,0,0,0,0,0
34,0,13,0,0,0,0,0,965561,0,0,0,0,53,0,0,0,0,0,0,0,0,0,0,0,0,0,0,0,0,0,0,0,0,0,178,0,0,0,109,0,0,0,0,0
34,0,14,0,0,0,0,0,965561,0,0,0,0,53,0,0,0,0,0,0,0,0,0,0,0,0,0,0,0,0,0,0,0,0,0,0,0,80,0,60,0,0,0,0,0
34,0,15,0,0,0,0,0,965561,0,0,0,0,41,0,0,0,0,0,0,0,0,0,0,0,0,0,0,0,0,0,0,0,0,0,0,0,39,0,92,0,0,0,0,0
35,0,0,0,0,0,0,0,1934936,0,0,12884,557056,136,0,0,0,0,0,23046,0,0,0,0,0,0,0,0,12884,12884,0,147563,0,418512,557056,0,3364,0,136,284,0,0,0,0,1634396
35,0,1,0,0,0,0,0,967468,23046,0,0,0,9640,0,0,0,0,0,23046,0,0,0,0,0,0,0,0,0,5975,0,72977,0,142957,0,0,1228,1227,2305,16808,0,0,209172,0,0
35,0,2,0,0,0,0,0,967468,0,0,0,0,807,90112,0,0,0,0,0,0,0,0,0,0,0,0,0,0,0,0,37857,0,72919,55827,0,1582,1231,2371,1653,0,0,172501,0,75392
35,0,3,0,0,0,0,0,967468,0,0,0,0,811,90112,0,0,0,0,0,0,0,0,0,0,0,0,0,0,0,0,35931,0,0,55640,0,786,415,0,1202,0,0,36016,0,81702
35,0,4,0,0,0,0,0,967468,0,0,0,0,1008,90112,0,0,0,0,0,0,0,0,0,0,0,0,0,0,0,0,36134,0,0,55915,0,634,0,497,1532,759941,0,0,0,66186
35,0,5,0,0,0,0,0,967468,0,0,0,0,1241,90112,0,0,0,0,0,0,0,0,0,0,0,0,0,0,0,0,37618,0,0,55763,5813,1261,0,2,2536,0,0,542482,0,67259
35,0,6,0,0,0,0,0,967468,0,0,0,0,1385,90112,0,0,0,0,0,0,0,0,0,0,0,0,0,0,0,0,0,0,0,55783,0,40,2133,0,2086,0,0,355883,0,70546
35,0,7,0,0,0,0,0,967468,0,0,0,0,1400,90112,0,0,0,0,0,0,0,0,0,0,0,0,0,0,0,0,0,0,0,54195,0,107,719,0,2823,0,0,120878,0,77934
35,0,8,0,0,0,0,0,967468,0,0,0,0,1149,90112,0,0,0,0,0,0,0,0,0,0,0,0,0,0,0,0,0,0,0,54109,0,52,0,596,2314,335080,0,0,0,68686
35,0,9,0,0,0,0,0,967468,0,0,0,0,1156,90112,0,0,0,0,0,0,0,0,0,0,0,0,0,0,0,0,0,0,0,55751,2008,42,0,0,1704,0,0,94865,0,75526
35,0,10,0,0,0,0,0,967468,0,0,0,0,53,0,0,0,0,0,0,0,0,0,0,0,0,0,0,0,0,0,0,0,0,0,0,91,92,2,118,0,0,0,0,0
35,0,11,0,0,0,0,0,967468,0,0,0,0,53,0,0,0,0,0,0,0,0,0,0,0,0,0,0,0,0,0,0,0,0,0,0,42,39,0,94,0,0,0,0,0
35,0,12,0,0,0,0,0,967468,0,0,0,0,47,0,0,0,0,0,0,0,0,0,0,0,0,0,0,0,0,0,0,0,0,0,0,0,0,45,93,0,0,0,0,0
35,0,13,0,0,0,0,0,967468,0,0,0,0,53,0,0,0,0,0,0,0,0,0,0,0,0,0,0,0,0,0,0,0,0,0,178,0,0,0,109,0,0,0,0,0
35,0,14,0,0,0,0,0,967468,0,0,0,0,53,0,0,0,0,0,0,0,0,0,0,0,0,0,0,0,0,0,0,0,0,0,0,0,80,0,60,0,0,0,0,0
35,0,15,0,0,0,0,0,967468,0,0,0,0,41,0,0,0,0,0,0,0,0,0,0,0,0,0,0,0,0,0,0,0,0,0,0,0,39,0,93,0,0,0,0,0
36,0,0,0,0,0,0,0,1925751,0,0,12848,557056,136,0,0,0,0,0,22992,0,0,0,0,0,0,0,0,12848,12848,0,147600,0,418412,557056,0,3372,0,136,284,0,0,0,0,1636222
36,0,1,0,0,0,0,0,962876,22992,0,0,0,9677,0,0,0,0,0,22992,0,0,0,0,0,0,0,0,0,6103,0,72982,0,143009,0,0,1228,1180,2279,16961,0,0,210507,0,0
36,0,2,0,0,0,0,0,962876,0,0,0,0,799,90112,0,0,0,0,0,0,0,0,0,0,0,0,0,0,0,0,37790,0,72799,55874,0,1586,1214,2361,1629,0,0,175193,0,75128
36,0,3,0,0,0,0,0,962876,0,0,0,0,785,90112,0,0,0,0,0,0,0,0,0,0,0,0,0,0,0,0,35880,0,0,55703,0,792,444,0,1155,0,0,36944,0,81686
36,0,4,0,0,0,0,0,962876,0,0,0,0,964,90112,0,0,0,0,0,0,0,0,0,0,0,0,0,0,0,0,36042,0,0,55930,0,637,0,543,1439,758319,0,0,0,66406
36,0,5,0,0,0,0,0,962876,0,0,0,0,1249,90112,0,0,0,0,0,0,0,0,0,0,0,0,0,0,0,0,37562,0,0,55718,5678,1269,0,1,2540,0,0,536727,0,67004
36,0,6,0,0,0,0,0,962876,0,0,0,0,1370,90112,0,0,0,0,0,0,0,0,0,0,0,0,0,0,0,0,0,0,0,55874,0,40,2125,1,2041,0,0,345509,0,70854
36,0,7,0,0,0,0,0,962876,0,0,0,0,1402,90112,0,0,0,0,0,0,0,0,0,0,0,0,0,0,0,0,0,0,0,54216,0,108,690,0,2792,0,0,121812,0,77883
36,0,8,0,0,0,0,0,962876,0,0,0,0,1173,90112,0,0,0,0,0,0,0,0,0,0,0,0,0,0,0,0,0,0,0,54104,0,52,0,578,2341,335464,0,0,0,68423
36,0,9,0,0,0,0,0,962876,0,0,0,0,1133,90112,0,0,0,0,0,0,0,0,0,0,0,0,0,0,0,0,0,0,0,55723,2058,42,0,1,1677,0,0,95521,0,75256
36,0,10,0,0,0,0,0,962876,0,0,0,0,53,0,0,0,0,0,0,0,0,0,0,0,0,0,0,0,0,0,0,0,0,0,0,91,92,1,118,0,0,0,0,0
36,0,11,0,0,0,0,0,962876,0,0,0,0,53,0,0,0,0,0,0,0,0,0,0,0,0,0,0,0,0,0,0,0,0,0,0,42,39,0,94,0,0,0,0,0
36,0,12,0,0,0,0,0,962876,0,0,0,0,47,0,0,0,0,0,0,0,0,0,0,0,0,0,0,0,0,0,0,0,0,0,0,0,0,45,93,0,0,0,0,0
36,0,13,0,0,0,0,0,962876,0,0,0,0,53,0,0,0,0,0,0,0,0,0,0,0,0,0,0,0,0,0,0,0,0,0,178,0,0,0,109,0,0,0,0,0
36,0,14,0,0,0,0,0,962876,0,0,0,0,53,0,0,0,0,0,0,0,0,0,0,0,0,0,0,0,0,0,0,0,0,0,0,0,80,0,60,0,0,0,0,0
36,0,15,0,0,0,0,0,962876,0,0,0,0,41,0,0,0,0,0,0,0,0,0,0,0,0,0,0,0,0,0,0,0,0,0,0,0,39,0,93,0,0,0,0,0
37,0,0,0,0,0,0,0,2398491,0,0,15962,696320,136,0,0,0,0,0,27675,0,0,0,0,0,0,0,0,15962,15962,0,147260,0,558032,696320,0,3032,0,136,284,0,0,0,0,2090703
37,0,1,0,0,0,0,0,1199245,27675,0,0,0,11837,0,0,0,0,0,27675,0,0,0,0,0,0,0,0,0,7682,0,72962,0,213366,0,0,1163,1057,3423,20488,0,0,213988,0,0
37,0,2,0,0,0,0,0,1199245,0,0,0,0,648,90112,0,0,0,0,0,0,0,0,0,0,0,0,0,0,0,0,73027,0,108005,55723,0,2822,1052,3536,1330,0,0,176223,0,74681
37,0,3,0,0,0,0,0,1199245,0,0,0,0,684,90112,0,0,0,0,0,0,0,0,0,0,0,0,0,0,0,0,71604,0,0,55669,0,1383,332,0,992,0,0,38103,0,81820
37,0,4,0,0,0,0,0,1199245,0,0,0,0,792,90112,0,0,0,0,0,0,0,0,0,0,0,0,0,0,0,0,36103,0,0,55845,0,595,0,417,1186,1005847,0,0,0,66181
37,0,5,0,0,0,0,0,1199245,0,0,0,0,1092,90112,0,0,0,0,0,0,0,0,0,0,0,0,0,0,0,0,37485,0,0,55908,7583,1557,0,1,2210,0,0,694290,0,62813
37,0,6,0,0,0,0,0,1199245,0,0,0,0,1166,90112,0,0,0,0,0,0,0,0,0,0,0,0,0,0,0,0,37685,0,0,55814,0,822,1811,2,1734,0,0,431390,0,67386
37,0,7,0,0,0,0,0,1199245,0,0,0,0,1185,90112,0,0,0,0,0,0,0,0,0,0,0,0,0,0,0,0,37313,0,0,54506,0,1619,607,0,2387,0,0,155928,0,74747
37,0,8,0,0,0,0,0,1199245,0,0,0,0,1096,90112,0,0,0,0,0,0,0,0,0,0,0,0,0,0,0,0,0,0,0,54250,0,52,0,613,2264,927673,0,0,0,61818
37,0,9,0,0,0,0,0,1199245,0,0,0,0,1385,90112,0,0,0,0,0,0,0,0,0,0,0,0,0,0,0,0,0,0,0,55781,4284,42,0,1,1977,0,0,731579,0,65643
37,0,10,0,0,0,0,0,1199245,0,0,0,0,1545,90112,0,0,0,0,0,0,0,0,0,0,0,0,0,0,0,0,0,0,0,56094,0,91,2297,2,3043,0,0,487035,0,70245
37,0,11,0,0,0,0,0,1199245,0,0,0,0,1539,90112,0,0,0,0,0,0,0,0,0,0,0,0,0,0,0,0,0,0,0,55665,0,43,766,0,2283,0,0,165689,0,79359
37,0,12,0,0,0,0,0,1199245,0,0,0,0,47,0,0,0,0,0,0,0,0,0,0,0,0,0,0,0,0,0,0,0,0,0,0,0,0,45,93,0,0,0,0,0
37,0,13,0,0,0,0,0,1199245,0,0,0,0,53,0,0,0,0,0,0,0,0,0,0,0,0,0,0,0,0,0,0,0,0,0,178,0,0,0,109,0,0,0,0,0
37,0,14,0,0,0,0,0,1199245,0,0,0,0,53,0,0,0,0,0,0,0,0,0,0,0,0,0,0,0,0,0,0,0,0,0,0,0,80,0,60,0,0,0,0,0
37,0,15,0,0,0,0,0,1199245,0,0,0,0,41,0,0,0,0,0,0,0,0,0,0,0,0,0,0,0,0,0,0,0,0,0,0,0,39,0,94,0,0,0,0,0
38,0,0,0,0,0,0,0,2398543,0,0,15978,696320,136,0,0,0,0,0,27699,0,0,0,0,0,0,0,0,15978,15978,0,147217,0,558083,696320,0,3036,0,136,284,0,0,0,0,2094121
38,0,1,0,0,0,0,0,1199272,27699,0,0,0,11805,0,0,0,0,0,27699,0,0,0,0,0,0,0,0,0,7722,0,72976,0,213462,0,0,1230,1060,3401,20468,0,0,215451,0,0
38,0,2,0,0,0,0,0,1199272,0,0,0,0,647,90112,0,0,0,0,0,0,0,0,0,0,0,0,0,0,0,0,73017,0,108060,55731,0,2838,1029,3526,1339,0,0,175943,0,75133
38,0,3,0,0,0,0,0,1199272,0,0,0,0,664,90112,0,0,0,0,0,0,0,0,0,0,0,0,0,0,0,0,71574,0,0,55618,0,1385,348,0,976,0,0,38519,0,81337
38,0,4,0,0,0,0,0,1199272,0,0,0,0,796,90112,0,0,0,0,0,0,0,0,0,0,0,0,0,0,0,0,36112,0,0,55810,0,611,0,415,1177,1007862,0,0,0,66292
38,0,5,0,0,0,0,0,1199272,0,0,0,0,1064,90112,0,0,0,0,0,0,0,0,0,0,0,0,0,0,0,0,37481,0,0,55837,7610,1533,0,0,2157,0,0,706118,0,62941
38,0,6,0,0,0,0,0,1199272,0,0,0,0,1186,90112,0,0,0,0,0,0,0,0,0,0,0,0,0,0,0,0,37791,0,0,55831,0,809,1801,3,1753,0,0,431478,0,67062
38,0,7,0,0,0,0,0,1199272,0,0,0,0,1194,90112,0,0,0,0,0,0,0,0,0,0,0,0,0,0,0,0,37388,0,0,54505,0,1598,601,0,2413,0,0,154670,0,74907
38,0,8,0,0,0,0,0,1199272,0,0,0,0,1122,90112,0,0,0,0,0,0,0,0,0,0,0,0,0,0,0,0,0,0,0,54225,0,52,0,589,2276,926265,0,0,0,62115
38,0,9,0,0,0,0,0,1199272,0,0,0,0,1400,90112,0,0,0,0,0,0,0,0,0,0,0,0,0,0,0,0,0,0,0,55756,4322,42,0,0,2028,0,0,737072,0,65959
38,0,10,0,0,0,0,0,1199272,0,0,0,0,1534,90112,0,0,0,0,0,0,0,0,0,0,0,0,0,0,0,0,0,0,0,56098,0,91,2281,2,3045,0,0,485468,0,70538
38,0,11,0,0,0,0,0,1199272,0,0,0,0,1511,90112,0,0,0,0,0,0,0,0,0,0,0,0,0,0,0,0,0,0,0,55693,0,45,792,0,2272,0,0,165572,0,79410
38,0,12,0,0,0,0,0,1199272,0,0,0,0,47,0,0,0,0,0,0,0,0,0,0,0,0,0,0,0,0,0,0,0,0,0,0,0,0,45,93,0,0,0,0,0
38,0,13,0,0,0,0,0,1199272,0,0,0,0,53,0,0,0,0,0,0,0,0,0,0,0,0,0,0,0,0,0,0,0,0,0,178,0,0,0,109,0,0,0,0,0
38,0,14,0,0,0,0,0,1199272,0,0,0,0,53,0,0,0,0,0,0,0,0,0,0,0,0,0,0,0,0,0,0,0,0,0,0,0,80,0,60,0,0,0,0,0
38,0,15,0,0,0,0,0,1199272,0,0,0,0,41,0,0,0,0,0,0,0,0,0,0,0,0,0,0,0,0,0,0,0,0,0,0,0,39,0,92,0,0,0,0,0
39,0,0,0,0,0,0,0,2402779,0,0,15974,696320,136,0,0,0,0,0,27690,0,0,0,0,0,0,0,0,15974,15974,0,147208,0,558032,696320,0,3030,0,136,284,0,0,0,0,2091408
39,0,1,0,0,0,0,0,1201390,27690,0,0,0,11712,0,0,0,0,0,27690,0,0,0,0,0,0,0,0,0,7534,0,72907,0,213331,0,0,1266,1087,3427,20460,0,0,211039,0,0
39,0,2,0,0,0,0,0,1201390,0,0,0,0,654,90112,0,0,0,0,0,0,0,0,0,0,0,0,0,0,0,0,73060,0,108018,55721,0,2837,1031,3531,1328,0,0,174628,0,74937
39,0,3,0,0,0,0,0,1201390,0,0,0,0,675,90112,0,0,0,0,0,0,0,0,0,0,0,0,0,0,0,0,71398,0,0,55646,0,1384,335,0,989,0,0,37802,0,81938
39,0,4,0,0,0,0,0,1201390,0,0,0,0,799,90112,0,0,0,0,0,0,0,0,0,0,0,0,0,0,0,0,36068,0,0,55856,0,619,0,412,1198,1006655,0,0,0,66156
39,0,5,0,0,0,0,0,1201390,0,0,0,0,1077,90112,0,0,0,0,0,0,0,0,0,0,0,0,0,0,0,0,37383,0,0,55940,7519,1495,0,1,2162,0,0,702708,0,62790
39,0,6,0,0,0,0,0,1201390,0,0,0,0,1186,90112,0,0,0,0,0,0,0,0,0,0,0,0,0,0,0,0,37709,0,0,55841,0,800,1814,1,1771,0,0,433167,0,67272
39,0,7,0,0,0,0,0,1201390,0,0,0,0,1207,90112,0,0,0,0,0,0,0,0,0,0,0,0,0,0,0,0,37493,0,0,54425,0,1600,585,0,2436,0,0,154779,0,74841
39,0,8,0,0,0,0,0,1201390,0,0,0,0,1132,90112,0,0,0,0,0,0,0,0,0,0,0,0,0,0,0,0,0,0,0,54209,0,52,0,573,2272,921301,0,0,0,61993
39,0,9,0,0,0,0,0,1201390,0,0,0,0,1351,90112,0,0,0,0,0,0,0,0,0,0,0,0,0,0,0,0,0,0,0,55796,4389,42,0,1,2009,0,0,730758,0,65329
39,0,10,0,0,0,0,0,1201390,0,0,0,0,1562,90112,0,0,0,0,0,0,0,0,0,0,0,0,0,0,0,0,0,0,0,56096,0,91,2284,1,3092,0,0,490178,0,70343
39,0,11,0,0,0,0,0,1201390,0,0,0,0,1531,90112,0,0,0,0,0,0,0,0,0,0,0,0,0,0,0,0,0,0,0,55601,0,44,781,0,2303,0,0,165497,0,79470
39,0,12,0,0,0,0,0,1201390,0,0,0,0,47,0,0,0,0,0,0,0,0,0,0,0,0,0,0,0,0,0,0,0,0,0,0,0,0,45,93,0,0,0,0,0
39,0,13,0,0,0,0,0,1201390,0,0,0,0,53,0,0,0,0,0,0,0,0,0,0,0,0,0,0,0,0,0,0,0,0,0,178,0,0,0,109,0,0,0,0,0
39,0,14,0,0,0,0,0,1201390,0,0,0,0,53,0,0,0,0,0,0,0,0,0,0,0,0,0,0,0,0,0,0,0,0,0,0,0,80,0,60,0,0,0,0,0
39,0,15,0,0,0,0,0,1201390,0,0,0,0,41,0,0,0,0,0,0,0,0,0,0,0,0,0,0,0,0,0,0,0,0,0,0,0,39,0,93,0,0,0,0,0
40,0,0,0,0,0,0,0,3019485,0,0,20198,905216,136,0,0,0,0,0,34044,0,0,0,0,0,0,0,0,20198,20198,0,217107,0,697226,905216,0,4547,0,136,284,0,0,0,0,2806175
40,0,1,0,0,0,0,0,1509743,34044,0,0,0,14655,0,0,0,0,0,34044,0,0,0,0,0,0,0,0,0,9687,0,107827,0,248077,0,0,1850,1558,3656,25022,0,0,216124,0,0
40,0,2,0,0,0,0,0,1509743,0,0,0,0,508,90112,0,0,0,0,0,0,0,0,0,0,0,0,0,0,0,0,108177,0,107853,55800,0,4075,799,3110,1050,0,0,177239,0,74705
40,0,3,0,0,0,0,0,1509743,0,0,0,0,507,90112,0,0,0,0,0,0,0,0,0,0,0,0,0,0,0,0,71144,0,0,55638,0,1248,294,0,743,0,0,38851,0,81412
40,0,4,0,0,0,0,0,1509743,0,0,0,0,615,90112,0,0,0,0,0,0,0,0,0,0,0,0,0,0,0,0,71336,0,0,55815,0,1192,0,328,914,1355590,0,0,0,66280
40,0,5,0,0,0,0,0,1509743,0,0,0,0,825,90112,0,0,0,0,0,0,0,0,0,0,0,0,0,0,0,0,73259,0,0,55869,10350,2933,0,1,1683,0,0,717627,0,63002
40,0,6,0,0,0,0,0,1509743,0,0,0,0,906,90112,0,0,0,0,0,0,0,0,0,0,0,0,0,0,0,0,73484,0,0,55849,0,1468,1411,1,1344,0,0,457363,0,65534
40,0,7,0,0,0,0,0,1509743,0,0,0,0,913,90112,0,0,0,0,0,0,0,0,0,0,0,0,0,0,0,0,37550,0,0,54426,0,1576,492,0,1877,0,0,166864,0,73845
40,0,8,0,0,0,0,0,1509743,0,0,0,0,1003,90112,0,0,0,0,0,0,0,0,0,0,0,0,0,0,0,0,37572,0,0,54431,0,1372,0,500,2035,1347725,0,0,0,62434
40,0,9,0,0,0,0,0,1509743,0,0,0,0,1387,90112,0,0,0,0,0,0,0,0,0,0,0,0,0,0,0,0,37735,0,0,55732,6935,793,0,1,2027,0,0,1061063,0,63909
40,0,10,0,0,0,0,0,1509743,0,0,0,0,1510,90112,0,0,0,0,0,0,0,0,0,0,0,0,0,0,0,0,37856,0,0,55945,0,1555,2272,1,3055,0,0,673032,0,69973
40,0,11,0,0,0,0,0,1509743,0,0,0,0,1506,90112,0,0,0,0,0,0,0,0,0,0,0,0,0,0,0,0,0,0,0,55838,0,44,771,0,2265,0,0,257877,0,76937
40,0,12,0,0,0,0,0,1509743,0,0,0,0,1382,90112,0,0,0,0,0,0,0,0,0,0,0,0,0,0,0,0,0,0,0,55998,0,0,0,695,2095,1080686,0,0,0,63611
40,0,13,0,0,0,0,0,1509743,0,0,0,0,1492,90112,0,0,0,0,0,0,0,0,0,0,0,0,0,0,0,0,0,0,0,55934,3739,0,0,0,2982,0,0,679845,0,69498
40,0,14,0,0,0,0,0,1509743,0,0,0,0,1536,90112,0,0,0,0,0,0,0,0,0,0,0,0,0,0,0,0,0,0,0,56008,0,0,780,2,2264,0,0,261153,0,77234
40,0,15,0,0,0,0,0,1509743,0,0,0,0,41,0,0,0,0,0,0,0,0,0,0,0,0,0,0,0,0,0,0,0,0,0,0,0,39,0,94,0,0,0,0,0
41,0,0,0,0,0,0,0,3023542,0,0,20220,905216,136,0,0,0,0,0,34077,0,0,0,0,0,0,0,0,20220,20220,0,217081,0,697204,905216,0,4545,0,136,284,0,0,0,0,2811223
41,0,1,0,0,0,0,0,1511771,34077,0,0,0,14608,0,0,0,0,0,34077,0,0,0,0,0,0,0,0,0,9849,0,107860,0,248201,0,0,1885,1559,3689,25019,0,0,216349,0,0
41,0,2,0,0,0,0,0,1511771,0,0,0,0,504,90112,0,0,0,0,0,0,0,0,0,0,0,0,0,0,0,0,107993,0,107735,55754,0,4038,819,3114,1054,0,0,177684,0,74565
41,0,3,0,0,0,0,0,1511771,0,0,0,0,523,90112,0,0,0,0,0,0,0,0,0,0,0,0,0,0,0,0,71340,0,0,55634,0,1241,280,0,764,0,0,38248,0,81498
41,0,4,0,0,0,0,0,1511771,0,0,0,0,606,90112,0,0,0,0,0,0,0,0,0,0,0,0,0,0,0,0,71291,0,0,55794,0,1195,0,337,901,1365291,0,0,0,66544
41,0,5,0,0,0,0,0,1511771,0,0,0,0,824,90112,0,0,0,0,0,0,0,0,0,0,0,0,0,0,0,0,73298,0,0,55825,10308,2933,0,0,1663,0,0,716713,0,63059
41,0,6,0,0,0,0,0,1511771,0,0,0,0,925,90112,0,0,0,0,0,0,0,0,0,0,0,0,0,0,0,0,73195,0,0,55830,0,1510,1401,2,1364,0,0,455754,0,65455
41,0,7,0,0,0,0,0,1511771,0,0,0,0,924,90112,0,0,0,0,0,0,0,0,0,0,0,0,0,0,0,0,37533,0,0,54444,0,1570,479,0,1900,0,0,163959,0,73961
41,0,8,0,0,0,0,0,1511771,0,0,0,0,996,90112,0,0,0,0,0,0,0,0,0,0,0,0,0,0,0,0,37540,0,0,54354,0,1387,0,501,2008,1354275,0,0,0,62275
41,0,9,0,0,0,0,0,1511771,0,0,0,0,1378,90112,0,0,0,0,0,0,0,0,0,0,0,0,0,0,0,0,37521,0,0,55896,7000,770,0,0,2057,0,0,1062136,0,63231
41,0,10,0,0,0,0,0,1511771,0,0,0,0,1538,90112,0,0,0,0,0,0,0,0,0,0,0,0,0,0,0,0,37799,0,0,55970,0,1558,2259,2,3046,0,0,677968,0,69568
41,0,11,0,0,0,0,0,1511771,0,0,0,0,1518,90112,0,0,0,0,0,0,0,0,0,0,0,0,0,0,0,0,0,0,0,55994,0,45,760,0,2284,0,0,255353,0,76974
41,0,12,0,0,0,0,0,1511771,0,0,0,0,1373,90112,0,0,0,0,0,0,0,0,0,0,0,0,0,0,0,0,0,0,0,55940,0,0,0,708,2075,1065246,0,0,0,63623
41,0,13,0,0,0,0,0,1511771,0,0,0,0,1500,90112,0,0,0,0,0,0,0,0,0,0,0,0,0,0,0,0,0,0,0,55836,3720,0,0,1,3021,0,0,678212,0,70221
41,0,14,0,0,0,0,0,1511771,0,0,0,0,1527,90112,0,0,0,0,0,0,0,0,0,0,0,0,0,0,0,0,0,0,0,56002,0,0,795,1,2258,0,0,259083,0,76945
41,0,15,0,0,0,0,0,1511771,0,0,0,0,41,0,0,0,0,0,0,0,0,0,0,0,0,0,0,0,0,0,0,0,0,0,0,0,39,0,94,0,0,0,0,0
42,0,0,0,0,0,0,0,3016657,0,0,20188,905216,136,0,0,0,0,0,34032,0,0,0,0,0,0,0,0,20188,20188,0,217100,0,697274,905216,0,4539,0,136,284,0,0,0,0,2803255
42,0,1,0,0,0,0,0,1508328,34032,0,0,0,14581,0,0,0,0,0,34032,0,0,0,0,0,0,0,0,0,9709,0,107848,0,248075,0,0,1873,1599,3656,24917,0,0,215827,0,0
42,0,2,0,0,0,0,0,1508328,0,0,0,0,518,90112,0,0,0,0,0,0,0,0,0,0,0,0,0,0,0,0,108140,0,107763,55831,0,4095,806,3068,1076,0,0,177243,0,74340
42,0,3,0,0,0,0,0,1508328,0,0,0,0,521,90112,0,0,0,0,0,0,0,0,0,0,0,0,0,0,0,0,71249,0,0,55644,0,1281,281,0,765,0,0,37448,0,81674
42,0,4,0,0,0,0,0,1508328,0,0,0,0,631,90112,0,0,0,0,0,0,0,0,0,0,0,0,0,0,0,0,71261,0,0,55844,0,1243,0,310,918,1357413,0,0,0,66314
42,0,5,0,0,0,0,0,1508328,0,0,0,0,801,90112,0,0,0,0,0,0,0,0,0,0,0,0,0,0,0,0,73198,0,0,55791,10364,2938,0,2,1635,0,0,715742,0,62932
42,0,6,0,0,0,0,0,1508328,0,0,0,0,920,90112,0,0,0,0,0,0,0,0,0,0,0,0,0,0,0,0,73256,0,0,55839,0,1441,1410,1,1359,0,0,457518,0,65534
42,0,7,0,0,0,0,0,1508328,0,0,0,0,928,90112,0,0,0,0,0,0,0,0,0,0,0,0,0,0,0,0,37557,0,0,54430,0,1540,474,0,1892,0,0,162455,0,74226
42,0,8,0,0,0,0,0,1508328,0,0,0,0,990,90112,0,0,0,0,0,0,0,0,0,0,0,0,0,0,0,0,37434,0,0,54314,0,1367,0,507,1970,1347802,0,0,0,62584
42,0,9,0,0,0,0,0,1508328,0,0,0,0,1364,90112,0,0,0,0,0,0,0,0,0,0,0,0,0,0,0,0,37505,0,0,55820,6949,758,0,0,2036,0,0,1065549,0,63734
42,0,10,0,0,0,0,0,1508328,0,0,0,0,1520,90112,0,0,0,0,0,0,0,0,0,0,0,0,0,0,0,0,37806,0,0,55947,0,1568,2281,2,3075,0,0,678946,0,69272
42,0,11,0,0,0,0,0,1508328,0,0,0,0,1527,90112,0,0,0,0,0,0,0,0,0,0,0,0,0,0,0,0,0,0,0,55924,0,43,748,0,2320,0,0,260841,0,77037
42,0,12,0,0,0,0,0,1508328,0,0,0,0,1356,90112,0,0,0,0,0,0,0,0,0,0,0,0,0,0,0,0,0,0,0,55974,0,0,0,721,2074,1075803,0,0,0,63714
42,0,13,0,0,0,0,0,1508328,0,0,0,0,1467,90112,0,0,0,0,0,0,0,0,0,0,0,0,0,0,0,0,0,0,0,55818,3723,0,0,1,2992,0,0,676482,0,70684
42,0,14,0,0,0,0,0,1508328,0,0,0,0,1522,90112,0,0,0,0,0,0,0,0,0,0,0,0,0,0,0,0,0,0,0,56008,0,0,792,1,2235,0,0,257274,0,76761
42,0,15,0,0,0,0,0,1508328,0,0,0,0,41,0,0,0,0,0,0,0,0,0,0,0,0,0,0,0,0,0,0,0,0,0,0,0,39,0,96,0,0,0,0,0
43,0,0,0,0,0,0,0,631742,0,0,4098,67584,136,0,0,0,0,0,9822,0,0,0,0,0,0,0,0,4098,4098,0,0,0,87334,67584,0,294,0,136,284,0,0,0,0,77824
43,0,1,0,0,0,0,0,315871,9822,0,0,0,3241,0,0,0,0,0,9822,0,0,0,0,0,0,0,0,0,1420,0,0,0,51942,0,0,84,169,2113,6105,0,0,77824,0,0
43,0,2,0,0,0,0,0,315871,0,0,0,0,2196,77824,0,0,0,0,0,0,0,0,0,0,0,0,0,0,0,0,0,0,0,59968,0,249,2039,283,4423,0,0,0,0,77824
43,0,3,0,0,0,0,0,315871,0,0,0,0,47,0,0,0,0,0,0,0,0,0,0,0,0,0,0,0,0,0,0,0,0,0,0,91,45,0,54,0,0,0,0,0
43,0,4,0,0,0,0,0,315871,0,0,0,0,47,0,0,0,0,0,0,0,0,0,0,0,0,0,0,0,0,0,0,0,0,0,0,87,0,45,62,0,0,0,0,0
43,0,5,0,0,0,0,0,315871,0,0,0,0,47,0,0,0,0,0,0,0,0,0,0,0,0,0,0,0,0,0,0,0,0,0,537,148,0,0,109,0,0,0,0,0
43,0,6,0,0,0,0,0,315871,0,0,0,0,47,0,0,0,0,0,0,0,0,0,0,0,0,0,0,0,0,0,0,0,0,0,0,40,98,0,52,0,0,0,0,0
43,0,7,0,0,0,0,0,315871,0,0,0,0,53,0,0,0,0,0,0,0,0,0,0,0,0,0,0,0,0,0,0,0,0,0,0,105,39,0,140,0,0,0,0,0
43,0,8,0,0,0,0,0,315871,0,0,0,0,50,0,0,0,0,0,0,0,0,0,0,0,0,0,0,0,0,0,0,0,0,0,0,52,0,42,107,0,0,0,0,0
43,0,9,0,0,0,0,0,315871,0,0,0,0,47,0,0,0,0,0,0,0,0,0,0,0,0,0,0,0,0,0,0,0,0,0,365,42,0,0,53,0,0,0,0,0
43,0,10,0,0,0,0,0,315871,0,0,0,0,53,0,0,0,0,0,0,0,0,0,0,0,0,0,0,0,0,0,0,0,0,0,0,91,92,0,118,0,0,0,0,0
43,0,11,0,0,0,0,0,315871,0,0,0,0,53,0,0,0,0,0,0,0,0,0,0,0,0,0,0,0,0,0,0,0,0,0,0,39,39,0,94,0,0,0,0,0
43,0,12,0,0,0,0,0,315871,0,0,0,0,47,0,0,0,0,0,0,0,0,0,0,0,0,0,0,0,0,0,0,0,0,0,0,0,0,45,93,0,0,0,0,0
43,0,13,0,0,0,0,0,315871,0,0,0,0,53,0,0,0,0,0,0,0,0,0,0,0,0,0,0,0,0,0,0,0,0,0,178,0,0,0,109,0,0,0,0,0
43,0,14,0,0,0,0,0,315871,0,0,0,0,53,0,0,0,0,0,0,0,0,0,0,0,0,0,0,0,0,0,0,0,0,0,0,0,80,0,60,0,0,0,0,0
43,0,15,0,0,0,0,0,315871,0,0,0,0,41,0,0,0,0,0,0,0,0,0,0,0,0,0,0,0,0,0,0,0,0,0,0,0,39,0,89,0,0,0,0,0
44,0,0,0,0,0,0,0,631707,0,0,4098,67584,136,0,0,0,0,0,9825,0,0,0,0,0,0,0,0,4098,4098,0,0,0,87358,67584,0,294,0,136,284,0,0,0,0,77824
44,0,1,0,0,0,0,0,315854,9825,0,0,0,3228,0,0,0,0,0,9825,0,0,0,0,0,0,0,0,0,1452,0,0,0,51999,0,0,84,170,2125,6080,0,0,77824,0,0
44,0,2,0,0,0,0,0,315854,0,0,0,0,2184,77824,0,0,0,0,0,0,0,0,0,0,0,0,0,0,0,0,0,0,0,59935,0,249,2051,283,4399,0,0,0,0,77824
44,0,3,0,0,0,0,0,315854,0,0,0,0,47,0,0,0,0,0,0,0,0,0,0,0,0,0,0,0,0,0,0,0,0,0,0,91,45,0,54,0,0,0,0,0
44,0,4,0,0,0,0,0,315854,0,0,0,0,47,0,0,0,0,0,0,0,0,0,0,0,0,0,0,0,0,0,0,0,0,0,0,87,0,45,62,0,0,0,0,0
44,0,5,0,0,0,0,0,315854,0,0,0,0,47,0,0,0,0,0,0,0,0,0,0,0,0,0,0,0,0,0,0,0,0,0,537,148,0,0,109,0,0,0,0,0
44,0,6,0,0,0,0,0,315854,0,0,0,0,47,0,0,0,0,0,0,0,0,0,0,0,0,0,0,0,0,0,0,0,0,0,0,40,98,0,52,0,0,0,0,0
44,0,7,0,0,0,0,0,315854,0,0,0,0,53,0,0,0,0,0,0,0,0,0,0,0,0,0,0,0,0,0,0,0,0,0,0,105,39,0,140,0,0,0,0,0
44,0,8,0,0,0,0,0,315854,0,0,0,0,50,0,0,0,0,0,0,0,0,0,0,0,0,0,0,0,0,0,0,0,0,0,0,52,0,42,107,0,0,0,0,0
44,0,9,0,0,0,0,0,315854,0,0,0,0,47,0,0,0,0,0,0,0,0,0,0,0,0,0,0,0,0,0,0,0,0,0,365,42,0,0,53,0,0,0,0,0
44,0,10,0,0,0,0,0,315854,0,0,0,0,53,0,0,0,0,0,0,0,0,0,0,0,0,0,0,0,0,0,0,0,0,0,0,91,92,0,118,0,0,0,0,0
44,0,11,0,0,0,0,0,315854,0,0,0,0,53,0,0,0,0,0,0,0,0,0,0,0,0,0,0,0,0,0,0,0,0,0,0,39,39,0,94,0,0,0,0,0
44,0,12,0,0,0,0,0,315854,0,0,0,0,47,0,0,0,0,0,0,0,0,0,0,0,0,0,0,0,0,0,0,0,0,0,0,0,0,45,93,0,0,0,0,0
44,0,13,0,0,0,0,0,315854,0,0,0,0,53,0,0,0,0,0,0,0,0,0,0,0,0,0,0,0,0,0,0,0,0,0,178,0,0,0,109,0,0,0,0,0
44,0,14,0,0,0,0,0,315854,0,0,0,0,53,0,0,0,0,0,0,0,0,0,0,0,0,0,0,0,0,0,0,0,0,0,0,0,80,0,60,0,0,0,0,0
44,0,15,0,0,0,0,0,315854,0,0,0,0,41,0,0,0,0,0,0,0,0,0,0,0,0,0,0,0,0,0,0,0,0,0,0,0,39,0,89,0,0,0,0,0
45,0,0,0,0,0,0,0,631576,0,0,4098,67584,136,0,0,0,0,0,9825,0,0,0,0,0,0,0,0,4098,4098,0,0,0,87342,67584,0,294,0,136,284,0,0,0,0,77824
45,0,1,0,0,0,0,0,315788,9825,0,0,0,3226,0,0,0,0,0,9825,0,0,0,0,0,0,0,0,0,1424,0,0,0,51955,0,0,84,171,2126,6075,0,0,77824,0,0
45,0,2,0,0,0,0,0,315788,0,0,0,0,2182,77824,0,0,0,0,0,0,0,0,0,0,0,0,0,0,0,0,0,0,0,59963,0,249,2054,282,4396,0,0,0,0,77824
45,0,3,0,0,0,0,0,315788,0,0,0,0,47,0,0,0,0,0,0,0,0,0,0,0,0,0,0,0,0,0,0,0,0,0,0,92,45,0,54,0,0,0,0,0
45,0,4,0,0,0,0,0,315788,0,0,0,0,47,0,0,0,0,0,0,0,0,0,0,0,0,0,0,0,0,0,0,0,0,0,0,87,0,45,62,0,0,0,0,0
45,0,5,0,0,0,0,0,315788,0,0,0,0,47,0,0,0,0,0,0,0,0,0,0,0,0,0,0,0,0,0,0,0,0,0,537,148,0,0,109,0,0,0,0,0
45,0,6,0,0,0,0,0,315788,0,0,0,0,47,0,0,0,0,0,0,0,0,0,0,0,0,0,0,0,0,0,0,0,0,0,0,40,98,0,52,0,0,0,0,0
45,0,7,0,0,0,0,0,315788,0,0,0,0,53,0,0,0,0,0,0,0,0,0,0,0,0,0,0,0,0,0,0,0,0,0,0,104,39,0,140,0,0,0,0,0
45,0,8,0,0,0,0,0,315788,0,0,0,0,50,0,0,0,0,0,0,0,0,0,0,0,0,0,0,0,0,0,0,0,0,0,0,52,0,42,107,0,0,0,0,0
45,0,9,0,0,0,0,0,315788,0,0,0,0,47,0,0,0,0,0,0,0,0,0,0,0,0,0,0,0,0,0,0,0,0,0,365,42,0,0,53,0,0,0,0,0
45,0,10,0,0,0,0,0,315788,0,0,0,0,53,0,0,0,0,0,0,0,0,0,0,0,0,0,0,0,0,0,0,0,0,0,0,91,92,0,118,0,0,0,0,0
45,0,11,0,0,0,0,0,315788,0,0,0,0,53,0,0,0,0,0,0,0,0,0,0,0,0,0,0,0,0,0,0,0,0,0,0,40,39,0,94,0,0,0,0,0
45,0,12,0,0,0,0,0,315788,0,0,0,0,47,0,0,0,0,0,0,0,0,0,0,0,0,0,0,0,0,0,0,0,0,0,0,0,0,45,93,0,0,0,0,0
45,0,13,0,0,0,0,0,315788,0,0,0,0,53,0,0,0,0,0,0,0,0,0,0,0,0,0,0,0,0,0,0,0,0,0,178,0,0,0,109,0,0,0,0,0
45,0,14,0,0,0,0,0,315788,0,0,0,0,53,0,0,0,0,0,0,0,0,0,0,0,0,0,0,0,0,0,0,0,0,0,0,0,80,0,60,0,0,0,0,0
45,0,15,0,0,0,0,0,315788,0,0,0,0,41,0,0,0,0,0,0,0,0,0,0,0,0,0,0,0,0,0,0,0,0,0,0,0,39,0,88,0,0,0,0,0
46,0,0,0,0,0,0,0,689826,0,0,4104,135168,136,0,0,0,0,0,9840,0,0,0,0,0,0,0,0,4104,4104,0,0,0,188426,135168,0,294,0,136,284,0,0,0,0,155648
46,0,1,0,0,0,0,0,344913,9840,0,0,0,4391,0,0,0,0,0,9840,0,0,0,0,0,0,0,0,0,3212,0,0,0,102028,0,0,84,170,969,7142,0,0,83716,0,0
46,0,2,0,0,0,0,0,344913,0,0,0,0,1257,77824,0,0,0,0,0,0,0,0,0,0,0,0,0,0,0,0,0,0,53156,61093,0,249,2156,1927,2990,0,0,71932,0,77824
46,0,3,0,0,0,0,0,344913,0,0,0,0,1271,77824,0,0,0,0,0,0,0,0,0,0,0,0,0,0,0,0,0,0,0,61361,0,92,872,0,1686,0,0,1969,0,77824
46,0,4,0,0,0,0,0,344913,0,0,0,0,47,0,0,0,0,0,0,0,0,0,0,0,0,0,0,0,0,0,0,0,0,0,0,87,0,45,62,0,0,0,0,0
46,0,5,0,0,0,0,0,344913,0,0,0,0,47,0,0,0,0,0,0,0,0,0,0,0,0,0,0,0,0,0,0,0,0,0,537,148,0,0,109,0,0,0,0,0
46,0,6,0,0,0,0,0,344913,0,0,0,0,47,0,0,0,0,0,0,0,0,0,0,0,0,0,0,0,0,0,0,0,0,0,0,40,98,0,52,0,0,0,0,0
46,0,7,0,0,0,0,0,344913,0,0,0,0,53,0,0,0,0,0,0,0,0,0,0,0,0,0,0,0,0,0,0,0,0,0,0,105,39,0,140,0,0,0,0,0
46,0,8,0,0,0,0,0,344913,0,0,0,0,50,0,0,0,0,0,0,0,0,0,0,0,0,0,0,0,0,0,0,0,0,0,0,52,0,42,107,0,0,0,0,0
46,0,9,0,0,0,0,0,344913,0,0,0,0,47,0,0,0,0,0,0,0,0,0,0,0,0,0,0,0,0,0,0,0,0,0,365,42,0,0,53,0,0,0,0,0
46,0,10,0,0,0,0,0,344913,0,0,0,0,53,0,0,0,0,0,0,0,0,0,0,0,0,0,0,0,0,0,0,0,0,0,0,91,92,0,118,0,0,0,0,0
46,0,11,0,0,0,0,0,344913,0,0,0,0,53,0,0,0,0,0,0,0,0,0,0,0,0,0,0,0,0,0,0,0,0,0,0,40,39,0,94,0,0,0,0,0
46,0,12,0,0,0,0,0,344913,0,0,0,0,47,0,0,0,0,0,0,0,0,0,0,0,0,0,0,0,0,0,0,0,0,0,0,0,0,45,93,0,0,0,0,0
46,0,13,0,0,0,0,0,344913,0,0,0,0,53,0,0,0,0,0,0,0,0,0,0,0,0,0,0,0,0,0,0,0,0,0,178,0,0,0,109,0,0,0,0,0
46,0,14,0,0,0,0,0,344913,0,0,0,0,53,0,0,0,0,0,0,0,0,0,0,0,0,0,0,0,0,0,0,0,0,0,0,0,80,0,60,0,0,0,0,0
46,0,15,0,0,0,0,0,344913,0,0,0,0,41,0,0,0,0,0,0,0,0,0,0,0,0,0,0,0,0,0,0,0,0,0,0,0,39,0,89,0,0,0,0,0
47,0,0,0,0,0,0,0,686885,0,0,4104,135168,136,0,0,0,0,0,9840,0,0,0,0,0,0,0,0,4104,4104,0,0,0,189630,135168,0,294,0,136,284,0,0,0,0,155697
47,0,1,0,0,0,0,0,343443,9840,0,0,0,3931,0,0,0,0,0,9840,0,0,0,0,0,0,0,0,0,385,0,0,0,104094,0,0,84,169,1430,6649,0,0,67634,0,0
47,0,2,0,0,0,0,0,343443,0,0,0,0,1454,77824,0,0,0,0,0,0,0,0,0,0,0,0,0,0,0,0,0,0,49165,61408,0,249,2189,1782,2871,0,0,88014,0,69674
47,0,3,0,0,0,0,0,343443,0,0,0,0,1500,77824,0,0,0,0,0,0,0,0,0,0,0,0,0,0,0,0,0,0,0,61331,0,93,642,0,2060,0,0,0,0,77824
47,0,4,0,0,0,0,0,343443,0,0,0,0,47,0,0,0,0,0,0,0,0,0,0,0,0,0,0,0,0,0,0,0,0,0,0,87,0,45,61,0,0,0,0,0
47,0,5,0,0,0,0,0,343443,0,0,0,0,47,0,0,0,0,0,0,0,0,0,0,0,0,0,0,0,0,0,0,0,0,0,537,148,0,0,109,0,0,0,0,0
47,0,6,0,0,0,0,0,343443,0,0,0,0,47,0,0,0,0,0,0,0,0,0,0,0,0,0,0,0,0,0,0,0,0,0,0,40,98,0,52,0,0,0,0,0
47,0,7,0,0,0,0,0,343443,0,0,0,0,53,0,0,0,0,0,0,0,0,0,0,0,0,0,0,0,0,0,0,0,0,0,0,104,39,0,140,0,0,0,0,0
47,0,8,0,0,0,0,0,343443,0,0,0,0,50,0,0,0,0,0,0,0,0,0,0,0,0,0,0,0,0,0,0,0,0,0,0,52,0,42,107,0,0,0,0,0
47,0,9,0,0,0,0,0,343443,0,0,0,0,47,0,0,0,0,0,0,0,0,0,0,0,0,0,0,0,0,0,0,0,0,0,365,42,0,0,53,0,0,0,0,0
47,0,10,0,0,0,0,0,343443,0,0,0,0,53,0,0,0,0,0,0,0,0,0,0,0,0,0,0,0,0,0,0,0,0,0,0,91,92,0,118,0,0,0,0,0
47,0,11,0,0,0,0,0,343443,0,0,0,0,53,0,0,0,0,0,0,0,0,0,0,0,0,0,0,0,0,0,0,0,0,0,0,41,39,0,94,0,0,0,0,0
47,0,12,0,0,0,0,0,343443,0,0,0,0,47,0,0,0,0,0,0,0,0,0,0,0,0,0,0,0,0,0,0,0,0,0,0,0,0,45,93,0,0,0,0,0
47,0,13,0,0,0,0,0,343443,0,0,0,0,53,0,0,0,0,0,0,0,0,0,0,0,0,0,0,0,0,0,0,0,0,0,178,0,0,0,109,0,0,0,0,0
47,0,14,0,0,0,0,0,343443,0,0,0,0,53,0,0,0,0,0,0,0,0,0,0,0,0,0,0,0,0,0,0,0,0,0,0,0,80,0,60,0,0,0,0,0
47,0,15,0,0,0,0,0,343443,0,0,0,0,41,0,0,0,0,0,0,0,0,0,0,0,0,0,0,0,0,0,0,0,0,0,0,0,39,0,88,0,0,0,0,0
48,0,0,0,0,0,0,0,689835,0,0,4104,135168,136,0,0,0,0,0,9837,0,0,0,0,0,0,0,0,4104,4104,0,0,0,188463,135168,0,294,0,136,284,0,0,0,0,155648
48,0,1,0,0,0,0,0,344918,9837,0,0,0,4389,0,0,0,0,0,9837,0,0,0,0,0,0,0,0,0,3212,0,0,0,102042,0,0,84,169,972,7150,0,0,83713,0,0
48,0,2,0,0,0,0,0,344918,0,0,0,0,1257,77824,0,0,0,0,0,0,0,0,0,0,0,0,0,0,0,0,0,0,53156,61105,0,249,2146,1926,2989,0,0,71935,0,77824
48,0,3,0,0,0,0,0,344918,0,0,0,0,1261,77824,0,0,0,0,0,0,0,0,0,0,0,0,0,0,0,0,0,0,0,61360,0,92,881,0,1678,0,0,1968,0,77824
48,0,4,0,0,0,0,0,344918,0,0,0,0,47,0,0,0,0,0,0,0,0,0,0,0,0,0,0,0,0,0,0,0,0,0,0,87,0,45,62,0,0,0,0,0
48,0,5,0,0,0,0,0,344918,0,0,0,0,47,0,0,0,0,0,0,0,0,0,0,0,0,0,0,0,0,0,0,0,0,0,537,148,0,0,109,0,0,0,0,0
48,0,6,0,0,0,0,0,344918,0,0,0,0,47,0,0,0,0,0,0,0,0,0,0,0,0,0,0,0,0,0,0,0,0,0,0,40,98,0,52,0,0,0,0,0
48,0,7,0,0,0,0,0,344918,0,0,0,0,53,0,0,0,0,0,0,0,0,0,0,0,0,0,0,0,0,0,0,0,0,0,0,105,39,0,140,0,0,0,0,0
48,0,8,0,0,0,0,0,344918,0,0,0,0,50,0,0,0,0,0,0,0,0,0,0,0,0,0,0,0,0,0,0,0,0,0,0,52,0,42,107,0,0,0,0,0
48,0,9,0,0,0,0,0,344918,0,0,0,0,47,0,0,0,0,0,0,0,0,0,0,0,0,0,0,0,0,0,0,0,0,0,365,42,0,0,53,0,0,0,0,0
48,0,10,0,0,0,0,0,344918,0,0,0,0,53,0,0,0,0,0,0,0,0,0,0,0,0,0,0,0,0,0,0,0,0,0,0,91,92,0,118,0,0,0,0,0
48,0,11,0,0,0,0,0,344918,0,0,0,0,53,0,0,0,0,0,0,0,0,0,0,0,0,0,0,0,0,0,0,0,0,0,0,40,39,0,94,0,0,0,0,0
48,0,12,0,0,0,0,0,344918,0,0,0,0,47,0,0,0,0,0,0,0,0,0,0,0,0,0,0,0,0,0,0,0,0,0,0,0,0,45,93,0,0,0,0,0
48,0,13,0,0,0,0,0,344918,0,0,0,0,53,0,0,0,0,0,0,0,0,0,0,0,0,0,0,0,0,0,0,0,0,0,178,0,0,0,109,0,0,0,0,0
48,0,14,0,0,0,0,0,344918,0,0,0,0,53,0,0,0,0,0,0,0,0,0,0,0,0,0,0,0,0,0,0,0,0,0,0,0,80,0,60,0,0,0,0,0
48,0,15,0,0,0,0,0,344918,0,0,0,0,41,0,0,0,0,0,0,0,0,0,0,0,0,0,0,0,0,0,0,0,0,0,0,0,39,0,89,0,0,0,0,0
49,0,0,0,0,0,0,0,805096,0,0,4806,270336,136,0,0,0,0,0,10905,0,0,0,0,0,0,0,0,4806,4806,0,103949,0,257826,270336,0,1505,0,136,284,0,0,0,0,452066
49,0,1,0,0,0,0,0,402548,10905,0,0,0,4425,0,0,0,0,0,10905,0,0,0,0,0,0,0,0,0,2247,0,51289,0,96666,0,0,466,569,858,7616,0,0,101942,0,0
49,0,2,0,0,0,0,0,402548,0,0,0,0,879,77824,0,0,0,0,0,0,0,0,0,0,0,0,0,0,0,0,0,0,51248,60729,0,249,1246,1126,1804,0,0,91305,0,72925
49,0,3,0,0,0,0,0,402548,0,0,0,0,843,77824,0,0,0,0,0,0,0,0,0,0,0,0,0,0,0,0,0,0,0,60807,0,92,440,0,1199,0,0,10824,0,74744
49,0,4,0,0,0,0,0,402548,0,0,0,0,854,77824,0,0,0,0,0,0,0,0,0,0,0,0,0,0,0,0,0,0,0,60770,0,87,0,447,1269,84535,0,0,0,71752
49,0,5,0,0,0,0,0,402548,0,0,0,0,896,77824,0,0,0,0,0,0,0,0,0,0,0,0,0,0,0,0,0,0,0,60863,1705,148,0,1,1789,0,0,8235,0,73857
49,0,6,0,0,0,0,0,402548,0,0,0,0,47,0,0,0,0,0,0,0,0,0,0,0,0,0,0,0,0,0,0,0,0,0,0,40,98,1,52,0,0,0,0,0
49,0,7,0,0,0,0,0,402548,0,0,0,0,53,0,0,0,0,0,0,0,0,0,0,0,0,0,0,0,0,0,0,0,0,0,0,106,39,0,140,0,0,0,0,0
49,0,8,0,0,0,0,0,402548,0,0,0,0,50,0,0,0,0,0,0,0,0,0,0,0,0,0,0,0,0,0,0,0,0,0,0,52,0,42,107,0,0,0,0,0
49,0,9,0,0,0,0,0,402548,0,0,0,0,47,0,0,0,0,0,0,0,0,0,0,0,0,0,0,0,0,0,0,0,0,0,365,42,0,0,53,0,0,0,0,0
49,0,10,0,0,0,0,0,402548,0,0,0,0,53,0,0,0,0,0,0,0,0,0,0,0,0,0,0,0,0,0,0,0,0,0,0,91,92,0,118,0,0,0,0,0
49,0,11,0,0,0,0,0,402548,0,0,0,0,53,0,0,0,0,0,0,0,0,0,0,0,0,0,0,0,0,0,0,0,0,0,0,41,39,0,94,0,0,0,0,0
49,0,12,0,0,0,0,0,402548,0,0,0,0,47,0,0,0,0,0,0,0,0,0,0,0,0,0,0,0,0,0,0,0,0,0,0,0,0,45,93,0,0,0,0,0
49,0,13,0,0,0,0,0,402548,0,0,0,0,53,0,0,0,0,0,0,0,0,0,0,0,0,0,0,0,0,0,0,0,0,0,178,0,0,0,109,0,0,0,0,0
49,0,14,0,0,0,0,0,402548,0,0,0,0,53,0,0,0,0,0,0,0,0,0,0,0,0,0,0,0,0,0,0,0,0,0,0,0,80,0,60,0,0,0,0,0
49,0,15,0,0,0,0,0,402548,0,0,0,0,41,0,0,0,0,0,0,0,0,0,0,0,0,0,0,0,0,0,0,0,0,0,0,0,39,0,90,0,0,0,0,0
50,0,0,0,0,0,0,0,804533,0,0,4814,270336,136,0,0,0,0,0,10914,0,0,0,0,0,0,0,0,4814,4814,0,103817,0,257546,270336,0,1507,0,136,284,0,0,0,0,453370
50,0,1,0,0,0,0,0,402266,10914,0,0,0,4408,0,0,0,0,0,10914,0,0,0,0,0,0,0,0,0,2185,0,51259,0,96637,0,0,472,597,849,7517,0,0,102694,0,0
50,0,2,0,0,0,0,0,402266,0,0,0,0,842,77824,0,0,0,0,0,0,0,0,0,0,0,0,0,0,0,0,0,0,51201,60711,0,249,1280,1141,1766,0,0,91911,0,73022
50,0,3,0,0,0,0,0,402266,0,0,0,0,839,77824,0,0,0,0,0,0,0,0,0,0,0,0,0,0,0,0,0,0,0,60801,0,91,446,0,1183,0,0,10610,0,74769
50,0,4,0,0,0,0,0,402266,0,0,0,0,880,77824,0,0,0,0,0,0,0,0,0,0,0,0,0,0,0,0,0,0,0,60725,0,87,0,423,1321,84630,0,0,0,71668
50,0,5,0,0,0,0,0,402266,0,0,0,0,869,77824,0,0,0,0,0,0,0,0,0,0,0,0,0,0,0,0,0,0,0,60859,1761,148,0,0,1758,0,0,8106,0,74002
50,0,6,0,0,0,0,0,402266,0,0,0,0,47,0,0,0,0,0,0,0,0,0,0,0,0,0,0,0,0,0,0,0,0,0,0,40,98,2,52,0,0,0,0,0
50,0,7,0,0,0,0,0,402266,0,0,0,0,53,0,0,0,0,0,0,0,0,0,0,0,0,0,0,0,0,0,0,0,0,0,0,106,39,0,140,0,0,0,0,0
50,0,8,0,0,0,0,0,402266,0,0,0,0,50,0,0,0,0,0,0,0,0,0,0,0,0,0,0,0,0,0,0,0,0,0,0,52,0,42,107,0,0,0,0,0
50,0,9,0,0,0,0,0,402266,0,0,0,0,47,0,0,0,0,0,0,0,0,0,0,0,0,0,0,0,0,0,0,0,0,0,365,42,0,0,53,0,0,0,0,0
50,0,10,0,0,0,0,0,402266,0,0,0,0,53,0,0,0,0,0,0,0,0,0,0,0,0,0,0,0,0,0,0,0,0,0,0,91,92,0,118,0,0,0,0,0
50,0,11,0,0,0,0,0,402266,0,0,0,0,53,0,0,0,0,0,0,0,0,0,0,0,0,0,0,0,0,0,0,0,0,0,0,41,39,0,94,0,0,0,0,0
50,0,12,0,0,0,0,0,402266,0,0,0,0,47,0,0,0,0,0,0,0,0,0,0,0,0,0,0,0,0,0,0,0,0,0,0,0,0,45,93,0,0,0,0,0
50,0,13,0,0,0,0,0,402266,0,0,0,0,53,0,0,0,0,0,0,0,0,0,0,0,0,0,0,0,0,0,0,0,0,0,178,0,0,0,109,0,0,0,0,0
50,0,14,0,0,0,0,0,402266,0,0,0,0,53,0,0,0,0,0,0,0,0,0,0,0,0,0,0,0,0,0,0,0,0,0,0,0,80,0,60,0,0,0,0,0
50,0,15,0,0,0,0,0,402266,0,0,0,0,41,0,0,0,0,0,0,0,0,0,0,0,0,0,0,0,0,0,0,0,0,0,0,0,39,0,90,0,0,0,0,0
51,0,0,0,0,0,0,0,807967,0,0,4820,270336,136,0,0,0,0,0,10926,0,0,0,0,0,0,0,0,4820,4820,0,103862,0,257743,270336,0,1511,0,136,284,0,0,0,0,457014
51,0,1,0,0,0,0,0,403984,10926,0,0,0,4432,0,0,0,0,0,10926,0,0,0,0,0,0,0,0,0,2192,0,51317,0,96563,0,0,472,577,851,7561,0,0,103832,0,0
51,0,2,0,0,0,0,0,403984,0,0,0,0,854,77824,0,0,0,0,0,0,0,0,0,0,0,0,0,0,0,0,0,0,51226,60719,0,249,1287,1135,1781,0,0,91344,0,73151
51,0,3,0,0,0,0,0,403984,0,0,0,0,857,77824,0,0,0,0,0,0,0,0,0,0,0,0,0,0,0,0,0,0,0,60802,0,92,428,0,1206,0,0,11559,0,74566
51,0,4,0,0,0,0,0,403984,0,0,0,0,870,77824,0,0,0,0,0,0,0,0,0,0,0,0,0,0,0,0,0,0,0,60756,0,87,0,437,1292,84655,0,0,0,71891
51,0,5,0,0,0,0,0,403984,0,0,0,0,880,77824,0,0,0,0,0,0,0,0,0,0,0,0,0,0,0,0,0,0,0,60876,1740,148,0,2,1771,0,0,8509,0,73836
51,0,6,0,0,0,0,0,403984,0,0,0,0,47,0,0,0,0,0,0,0,0,0,0,0,0,0,0,0,0,0,0,0,0,0,0,40,98,0,52,0,0,0,0,0
51,0,7,0,0,0,0,0,403984,0,0,0,0,53,0,0,0,0,0,0,0,0,0,0,0,0,0,0,0,0,0,0,0,0,0,0,107,39,0,140,0,0,0,0,0
51,0,8,0,0,0,0,0,403984,0,0,0,0,50,0,0,0,0,0,0,0,0,0,0,0,0,0,0,0,0,0,0,0,0,0,0,52,0,42,107,0,0,0,0,0
51,0,9,0,0,0,0,0,403984,0,0,0,0,47,0,0,0,0,0,0,0,0,0,0,0,0,0,0,0,0,0,0,0,0,0,365,42,0,0,53,0,0,0,0,0
51,0,10,0,0,0,0,0,403984,0,0,0,0,53,0,0,0,0,0,0,0,0,0,0,0,0,0,0,0,0,0,0,0,0,0,0,91,92,0,118,0,0,0,0,0
51,0,11,0,0,0,0,0,403984,0,0,0,0,53,0,0,0,0,0,0,0,0,0,0,0,0,0,0,0,0,0,0,0,0,0,0,40,39,0,94,0,0,0,0,0
51,0,12,0,0,0,0,0,403984,0,0,0,0,47,0,0,0,0,0,0,0,0,0,0,0,0,0,0,0,0,0,0,0,0,0,0,0,0,45,93,0,0,0,0,0
51,0,13,0,0,0,0,0,403984,0,0,0,0,53,0,0,0,0,0,0,0,0,0,0,0,0,0,0,0,0,0,0,0,0,0,178,0,0,0,109,0,0,0,0,0
51,0,14,0,0,0,0,0,403984,0,0,0,0,53,0,0,0,0,0,0,0,0,0,0,0,0,0,0,0,0,0,0,0,0,0,0,0,80,0,60,0,0,0,0,0
51,0,15,0,0,0,0,0,403984,0,0,0,0,41,0,0,0,0,0,0,0,0,0,0,0,0,0,0,0,0,0,0,0,0,0,0,0,39,0,91,0,0,0,0,0
52,0,0,0,0,0,0,0,1171469,0,0,7308,405504,136,0,0,0,0,0,14670,0,0,0,0,0,0,0,0,7308,7308,0,104171,0,420328,405504,0,1367,0,136,284,0,0,0,0,876114
52,0,1,0,0,0,0,0,585735,14670,0,0,0,5991,0,0,0,0,0,14670,0,0,0,0,0,0,0,0,0,3534,0,51801,0,183347,0,0,483,497,1851,10400,0,0,126217,0,0
52,0,2,0,0,0,0,0,585735,0,0,0,0,679,77824,0,0,0,0,0,0,0,0,0,0,0,0,0,0,0,0,51269,0,97133,60920,0,1230,1065,1861,1403,0,0,99389,0,69308
52,0,3,0,0,0,0,0,585735,0,0,0,0,692,77824,0,0,0,0,0,0,0,0,0,0,0,0,0,0,0,0,51235,0,0,60864,0,619,359,0,1039,0,0,19496,0,70575
52,0,4,0,0,0,0,0,585735,0,0,0,0,759,77824,0,0,0,0,0,0,0,0,0,0,0,0,0,0,0,0,0,0,0,60790,0,87,0,404,1102,364273,0,0,0,66293
52,0,5,0,0,0,0,0,585735,0,0,0,0,935,77824,0,0,0,0,0,0,0,0,0,0,0,0,0,0,0,0,0,0,0,60570,3166,148,0,1,1945,0,0,320184,0,65472
52,0,6,0,0,0,0,0,585735,0,0,0,0,1023,77824,0,0,0,0,0,0,0,0,0,0,0,0,0,0,0,0,0,0,0,60769,0,40,1601,1,1532,0,0,186988,0,68227
52,0,7,0,0,0,0,0,585735,0,0,0,0,1049,77824,0,0,0,0,0,0,0,0,0,0,0,0,0,0,0,0,0,0,0,60450,0,108,525,0,2094,0,0,63629,0,66916
52,0,8,0,0,0,0,0,585735,0,0,0,0,50,0,0,0,0,0,0,0,0,0,0,0,0,0,0,0,0,0,0,0,0,0,0,52,0,42,107,0,0,0,0,0
52,0,9,0,0,0,0,0,585735,0,0,0,0,47,0,0,0,0,0,0,0,0,0,0,0,0,0,0,0,0,0,0,0,0,0,365,42,0,0,53,0,0,0,0,0
52,0,10,0,0,0,0,0,585735,0,0,0,0,53,0,0,0,0,0,0,0,0,0,0,0,0,0,0,0,0,0,0,0,0,0,0,91,92,0,118,0,0,0,0,0
52,0,11,0,0,0,0,0,585735,0,0,0,0,53,0,0,0,0,0,0,0,0,0,0,0,0,0,0,0,0,0,0,0,0,0,0,41,39,0,94,0,0,0,0,0
52,0,12,0,0,0,0,0,585735,0,0,0,0,47,0,0,0,0,0,0,0,0,0,0,0,0,0,0,0,0,0,0,0,0,0,0,0,0,45,93,0,0,0,0,0
52,0,13,0,0,0,0,0,585735,0,0,0,0,53,0,0,0,0,0,0,0,0,0,0,0,0,0,0,0,0,0,0,0,0,0,178,0,0,0,109,0,0,0,0,0
52,0,14,0,0,0,0,0,585735,0,0,0,0,53,0,0,0,0,0,0,0,0,0,0,0,0,0,0,0,0,0,0,0,0,0,0,0,80,0,60,0,0,0,0,0
52,0,15,0,0,0,0,0,585735,0,0,0,0,41,0,0,0,0,0,0,0,0,0,0,0,0,0,0,0,0,0,0,0,0,0,0,0,39,0,92,0,0,0,0,0
53,0,0,0,0,0,0,0,1175587,0,0,7328,405504,136,0,0,0,0,0,14697,0,0,0,0,0,0,0,0,7328,7328,0,104211,0,418617,405504,0,1363,0,136,284,0,0,0,0,875797
53,0,1,0,0,0,0,0,587793,14697,0,0,0,6001,0,0,0,0,0,14697,0,0,0,0,0,0,0,0,0,3372,0,51870,0,182946,0,0,500,537,1804,10440,0,0,126985,0,0
53,0,2,0,0,0,0,0,587793,0,0,0,0,683,77824,0,0,0,0,0,0,0,0,0,0,0,0,0,0,0,0,51269,0,96978,60902,0,1251,1048,1910,1402,0,0,100274,0,69257
53,0,3,0,0,0,0,0,587793,0,0,0,0,679,77824,0,0,0,0,0,0,0,0,0,0,0,0,0,0,0,0,51236,0,0,60886,0,587,374,0,1019,0,0,18466,0,70840
53,0,4,0,0,0,0,0,587793,0,0,0,0,759,77824,0,0,0,0,0,0,0,0,0,0,0,0,0,0,0,0,0,0,0,60818,0,87,0,400,1140,361785,0,0,0,66379
53,0,5,0,0,0,0,0,587793,0,0,0,0,960,77824,0,0,0,0,0,0,0,0,0,0,0,0,0,0,0,0,0,0,0,60617,3173,148,0,1,1959,0,0,321465,0,65437
53,0,6,0,0,0,0,0,587793,0,0,0,0,1035,77824,0,0,0,0,0,0,0,0,0,0,0,0,0,0,0,0,0,0,0,60770,0,40,1591,1,1531,0,0,190622,0,67937
53,0,7,0,0,0,0,0,587793,0,0,0,0,1043,77824,0,0,0,0,0,0,0,0,0,0,0,0,0,0,0,0,0,0,0,60452,0,108,539,0,2128,0,0,61556,0,67069
53,0,8,0,0,0,0,0,587793,0,0,0,0,50,0,0,0,0,0,0,0,0,0,0,0,0,0,0,0,0,0,0,0,0,0,0,52,0,42,107,0,0,0,0,0
53,0,9,0,0,0,0,0,587793,0,0,0,0,47,0,0,0,0,0,0,0,0,0,0,0,0,0,0,0,0,0,0,0,0,0,365,42,0,0,53,0,0,0,0,0
53,0,10,0,0,0,0,0,587793,0,0,0,0,53,0,0,0,0,0,0,0,0,0,0,0,0,0,0,0,0,0,0,0,0,0,0,91,92,0,118,0,0,0,0,0
53,0,11,0,0,0,0,0,587793,0,0,0,0,53,0,0,0,0,0,0,0,0,0,0,0,0,0,0,0,0,0,0,0,0,0,0,41,39,0,94,0,0,0,0,0
53,0,12,0,0,0,0,0,587793,0,0,0,0,47,0,0,0,0,0,0,0,0,0,0,0,0,0,0,0,0,0,0,0,0,0,0,0,0,45,93,0,0,0,0,0
53,0,13,0,0,0,0,0,587793,0,0,0,0,53,0,0,0,0,0,0,0,0,0,0,0,0,0,0,0,0,0,0,0,0,0,178,0,0,0,109,0,0,0,0,0
53,0,14,0,0,0,0,0,587793,0,0,0,0,53,0,0,0,0,0,0,0,0,0,0,0,0,0,0,0,0,0,0,0,0,0,0,0,80,0,60,0,0,0,0,0
53,0,15,0,0,0,0,0,587793,0,0,0,0,41,0,0,0,0,0,0,0,0,0,0,0,0,0,0,0,0,0,0,0,0,0,0,0,39,0,92,0,0,0,0,0
54,0,0,0,0,0,0,0,1175021,0,0,7334,405504,136,0,0,0,0,0,14706,0,0,0,0,0,0,0,0,7334,7334,0,104038,0,419618,405504,0,1367,0,136,284,0,0,0,0,872689
54,0,1,0,0,0,0,0,587510,14706,0,0,0,6032,0,0,0,0,0,14706,0,0,0,0,0,0,0,0,0,3472,0,51861,0,183031,0,0,490,500,1826,10432,0,0,127569,0,0
54,0,2,0,0,0,0,0,587510,0,0,0,0,686,77824,0,0,0,0,0,0,0,0,0,0,0,0,0,0,0,0,51293,0,96995,60876,0,1225,1056,1926,1395,0,0,100041,0,69487
54,0,3,0,0,0,0,0,587510,0,0,0,0,692,77824,0,0,0,0,0,0,0,0,0,0,0,0,0,0,0,0,51138,0,0,60882,0,583,361,0,1022,0,0,20247,0,70604
54,0,4,0,0,0,0,0,587510,0,0,0,0,765,77824,0,0,0,0,0,0,0,0,0,0,0,0,0,0,0,0,0,0,0,60734,0,87,0,398,1109,361102,0,0,0,66716
54,0,5,0,0,0,0,0,587510,0,0,0,0,930,77824,0,0,0,0,0,0,0,0,0,0,0,0,0,0,0,0,0,0,0,60584,3210,148,0,2,1939,0,0,323314,0,65636
54,0,6,0,0,0,0,0,587510,0,0,0,0,1033,77824,0,0,0,0,0,0,0,0,0,0,0,0,0,0,0,0,0,0,0,60808,0,40,1593,0,1557,0,0,187886,0,68363
54,0,7,0,0,0,0,0,587510,0,0,0,0,1042,77824,0,0,0,0,0,0,0,0,0,0,0,0,0,0,0,0,0,0,0,60395,0,108,543,0,2133,0,0,65397,0,66898
54,0,8,0,0,0,0,0,587510,0,0,0,0,50,0,0,0,0,0,0,0,0,0,0,0,0,0,0,0,0,0,0,0,0,0,0,52,0,42,107,0,0,0,0,0
54,0,9,0,0,0,0,0,587510,0,0,0,0,47,0,0,0,0,0,0,0,0,0,0,0,0,0,0,0,0,0,0,0,0,0,365,42,0,0,53,0,0,0,0,0
54,0,10,0,0,0,0,0,587510,0,0,0,0,53,0,0,0,0,0,0,0,0,0,0,0,0,0,0,0,0,0,0,0,0,0,0,91,92,0,118,0,0,0,0,0
54,0,11,0,0,0,0,0,587510,0,0,0,0,53,0,0,0,0,0,0,0,0,0,0,0,0,0,0,0,0,0,0,0,0,0,0,41,39,0,94,0,0,0,0,0
54,0,12,0,0,0,0,0,587510,0,0,0,0,47,0,0,0,0,0,0,0,0,0,0,0,0,0,0,0,0,0,0,0,0,0,0,0,0,45,93,0,0,0,0,0
54,0,13,0,0,0,0,0,587510,0,0,0,0,53,0,0,0,0,0,0,0,0,0,0,0,0,0,0,0,0,0,0,0,0,0,178,0,0,0,109,0,0,0,0,0
54,0,14,0,0,0,0,0,587510,0,0,0,0,53,0,0,0,0,0,0,0,0,0,0,0,0,0,0,0,0,0,0,0,0,0,0,0,80,0,60,0,0,0,0,0
54,0,15,0,0,0,0,0,587510,0,0,0,0,41,0,0,0,0,0,0,0,0,0,0,0,0,0,0,0,0,0,0,0,0,0,0,0,39,0,92,0,0,0,0,0
55,0,0,0,0,0,0,0,1534646,0,0,9574,540672,136,0,0,0,0,0,18081,0,0,0,0,0,0,0,0,9574,9574,0,192644,0,495743,540672,0,2462,0,136,284,0,0,0,0,1201757
55,0,1,0,0,0,0,0,767323,18081,0,0,0,7533,0,0,0,0,0,18081,0,0,0,0,0,0,0,0,0,4572,0,97598,0,181788,0,0,971,850,1736,13063,0,0,138496,0,0
55,0,2,0,0,0,0,0,767323,0,0,0,0,536,77824,0,0,0,0,0,0,0,0,0,0,0,0,0,0,0,0,52121,0,96252,60833,0,1318,860,1932,1107,0,0,107899,0,69178
55,0,3,0,0,0,0,0,767323,0,0,0,0,560,77824,0,0,0,0,0,0,0,0,0,0,0,0,0,0,0,0,50886,0,0,60823,0,585,276,0,817,0,0,24981,0,69842
55,0,4,0,0,0,0,0,767323,0,0,0,0,675,77824,0,0,0,0,0,0,0,0,0,0,0,0,0,0,0,0,50790,0,0,60907,0,468,0,346,988,514780,0,0,0,66379
55,0,5,0,0,0,0,0,767323,0,0,0,0,983,77824,0,0,0,0,0,0,0,0,0,0,0,0,0,0,0,0,51638,0,0,60802,4512,962,0,1,1974,0,0,491573,0,66367
55,0,6,0,0,0,0,0,767323,0,0,0,0,1139,77824,0,0,0,0,0,0,0,0,0,0,0,0,0,0,0,0,0,0,0,60967,0,40,1722,1,1720,0,0,312154,0,65793
55,0,7,0,0,0,0,0,767323,0,0,0,0,1127,77824,0,0,0,0,0,0,0,0,0,0,0,0,0,0,0,0,0,0,0,60269,0,107,608,0,2366,0,0,111170,0,68137
55,0,8,0,0,0,0,0,767323,0,0,0,0,883,77824,0,0,0,0,0,0,0,0,0,0,0,0,0,0,0,0,0,0,0,60141,0,52,0,444,1796,275478,0,0,0,66144
55,0,9,0,0,0,0,0,767323,0,0,0,0,879,77824,0,0,0,0,0,0,0,0,0,0,0,0,0,0,0,0,0,0,0,60818,1600,42,0,1,1308,0,0,72069,0,67366
55,0,10,0,0,0,0,0,767323,0,0,0,0,53,0,0,0,0,0,0,0,0,0,0,0,0,0,0,0,0,0,0,0,0,0,0,91,92,1,118,0,0,0,0,0
55,0,11,0,0,0,0,0,767323,0,0,0,0,53,0,0,0,0,0,0,0,0,0,0,0,0,0,0,0,0,0,0,0,0,0,0,43,39,0,94,0,0,0,0,0
55,0,12,0,0,0,0,0,767323,0,0,0,0,47,0,0,0,0,0,0,0,0,0,0,0,0,0,0,0,0,0,0,0,0,0,0,0,0,45,93,0,0,0,0,0
55,0,13,0,0,0,0,0,767323,0,0,0,0,53,0,0,0,0,0,0,0,0,0,0,0,0,0,0,0,0,0,0,0,0,0,178,0,0,0,109,0,0,0,0,0
55,0,14,0,0,0,0,0,767323,0,0,0,0,53,0,0,0,0,0,0,0,0,0,0,0,0,0,0,0,0,0,0,0,0,0,0,0,80,0,60,0,0,0,0,0
55,0,15,0,0,0,0,0,767323,0,0,0,0,41,0,0,0,0,0,0,0,0,0,0,0,0,0,0,0,0,0,0,0,0,0,0,0,39,0,92,0,0,0,0,0
56,0,0,0,0,0,0,0,1530974,0,0,9568,540672,136,0,0,0,0,0,18072,0,0,0,0,0,0,0,0,9568,9568,0,192865,0,495297,540672,0,2470,0,136,284,0,0,0,0,1204666
56,0,1,0,0,0,0,0,765487,18072,0,0,0,7523,0,0,0,0,0,18072,0,0,0,0,0,0,0,0,0,4610,0,97571,0,181899,0,0,981,876,1704,13083,0,0,137134,0,0
56,0,2,0,0,0,0,0,765487,0,0,0,0,560,77824,0,0,0,0,0,0,0,0,0,0,0,0,0,0,0,0,52075,0,96332,60786,0,1335,847,1922,1143,0,0,107566,0,68971
56,0,3,0,0,0,0,0,765487,0,0,0,0,569,77824,0,0,0,0,0,0,0,0,0,0,0,0,0,0,0,0,51072,0,0,60769,0,604,270,0,810,0,0,23775,0,69989
56,0,4,0,0,0,0,0,765487,0,0,0,0,669,77824,0,0,0,0,0,0,0,0,0,0,0,0,0,0,0,0,50859,0,0,60896,0,486,0,354,991,514194,0,0,0,66428
56,0,5,0,0,0,0,0,765487,0,0,0,0,962,77824,0,0,0,0,0,0,0,0,0,0,0,0,0,0,0,0,51578,0,0,60856,4489,977,0,0,1926,0,0,490129,0,66503
56,0,6,0,0,0,0,0,765487,0,0,0,0,1122,77824,0,0,0,0,0,0,0,0,0,0,0,0,0,0,0,0,0,0,0,60967,0,40,1741,2,1678,0,0,312105,0,65638
56,0,7,0,0,0,0,0,765487,0,0,0,0,1136,77824,0,0,0,0,0,0,0,0,0,0,0,0,0,0,0,0,0,0,0,60374,0,107,590,0,2348,0,0,111703,0,67921
56,0,8,0,0,0,0,0,765487,0,0,0,0,880,77824,0,0,0,0,0,0,0,0,0,0,0,0,0,0,0,0,0,0,0,60175,0,52,0,453,1781,278768,0,0,0,65788
56,0,9,0,0,0,0,0,765487,0,0,0,0,874,77824,0,0,0,0,0,0,0,0,0,0,0,0,0,0,0,0,0,0,0,60825,1608,42,0,1,1294,0,0,71807,0,67294
56,0,10,0,0,0,0,0,765487,0,0,0,0,53,0,0,0,0,0,0,0,0,0,0,0,0,0,0,0,0,0,0,0,0,0,0,91,92,1,118,0,0,0,0,0
56,0,11,0,0,0,0,0,765487,0,0,0,0,53,0,0,0,0,0,0,0,0,0,0,0,0,0,0,0,0,0,0,0,0,0,0,43,39,0,94,0,0,0,0,0
56,0,12,0,0,0,0,0,765487,0,0,0,0,47,0,0,0,0,0,0,0,0,0,0,0,0,0,0,0,0,0,0,0,0,0,0,0,0,45,93,0,0,0,0,0
56,0,13,0,0,0,0,0,765487,0,0,0,0,53,0,0,0,0,0,0,0,0,0,0,0,0,0,0,0,0,0,0,0,0,0,178,0,0,0,109,0,0,0,0,0
56,0,14,0,0,0,0,0,765487,0,0,0,0,53,0,0,0,0,0,0,0,0,0,0,0,0,0,0,0,0,0,0,0,0,0,0,0,80,0,60,0,0,0,0,0
56,0,15,0,0,0,0,0,765487,0,0,0,0,41,0,0,0,0,0,0,0,0,0,0,0,0,0,0,0,0,0,0,0,0,0,0,0,39,0,92,0,0,0,0,0
57,0,0,0,0,0,0,0,1532327,0,0,9568,540672,136,0,0,0,0,0,18072,0,0,0,0,0,0,0,0,9568,9568,0,192586,0,495062,540672,0,2470,0,136,284,0,0,0,0,1201211
57,0,1,0,0,0,0,0,766164,18072,0,0,0,7574,0,0,0,0,0,18072,0,0,0,0,0,0,0,0,0,4444,0,97496,0,181507,0,0,936,871,1703,13138,0,0,139249,0,0
57,0,2,0,0,0,0,0,766164,0,0,0,0,549,77824,0,0,0,0,0,0,0,0,0,0,0,0,0,0,0,0,52042,0,96259,60848,0,1365,843,1904,1129,0,0,107606,0,69173
57,0,3,0,0,0,0,0,766164,0,0,0,0,552,77824,0,0,0,0,0,0,0,0,0,0,0,0,0,0,0,0,50989,0,0,60828,0,610,289,0,809,0,0,26013,0,69700
57,0,4,0,0,0,0,0,766164,0,0,0,0,680,77824,0,0,0,0,0,0,0,0,0,0,0,0,0,0,0,0,50825,0,0,60923,0,490,0,347,993,515158,0,0,0,66356
57,0,5,0,0,0,0,0,766164,0,0,0,0,972,77824,0,0,0,0,0,0,0,0,0,0,0,0,0,0,0,0,51635,0,0,60805,4489,985,0,2,1965,0,0,485671,0,66454
57,0,6,0,0,0,0,0,766164,0,0,0,0,1151,77824,0,0,0,0,0,0,0,0,0,0,0,0,0,0,0,0,0,0,0,60961,0,40,1720,0,1679,0,0,310632,0,65877
57,0,7,0,0,0,0,0,766164,0,0,0,0,1143,77824,0,0,0,0,0,0,0,0,0,0,0,0,0,0,0,0,0,0,0,60354,0,108,586,0,2351,0,0,109470,0,67979
57,0,8,0,0,0,0,0,766164,0,0,0,0,872,77824,0,0,0,0,0,0,0,0,0,0,0,0,0,0,0,0,0,0,0,60109,0,52,0,457,1765,280869,0,0,0,66231
57,0,9,0,0,0,0,0,766164,0,0,0,0,850,77824,0,0,0,0,0,0,0,0,0,0,0,0,0,0,0,0,0,0,0,60772,1620,42,0,1,1258,0,0,74177,0,67075
57,0,10,0,0,0,0,0,766164,0,0,0,0,53,0,0,0,0,0,0,0,0,0,0,0,0,0,0,0,0,0,0,0,0,0,0,91,92,1,118,0,0,0,0,0
57,0,11,0,0,0,0,0,766164,0,0,0,0,53,0,0,0,0,0,0,0,0,0,0,0,0,0,0,0,0,0,0,0,0,0,0,42,39,0,94,0,0,0,0,0
57,0,12,0,0,0,0,0,766164,0,0,0,0,47,0,0,0,0,0,0,0,0,0,0,0,0,0,0,0,0,0,0,0,0,0,0,0,0,45,93,0,0,0,0,0
57,0,13,0,0,0,0,0,766164,0,0,0,0,53,0,0,0,0,0,0,0,0,0,0,0,0,0,0,0,0,0,0,0,0,0,178,0,0,0,109,0,0,0,0,0
57,0,14,0,0,0,0,0,766164,0,0,0,0,53,0,0,0,0,0,0,0,0,0,0,0,0,0,0,0,0,0,0,0,0,0,0,0,80,0,60,0,0,0,0,0
57,0,15,0,0,0,0,0,766164,0,0,0,0,41,0,0,0,0,0,0,0,0,0,0,0,0,0,0,0,0,0,0,0,0,0,0,0,39,0,93,0,0,0,0,0
58,0,0,0,0,0,0,0,1873269,0,0,11808,675840,136,0,0,0,0,0,21444,0,0,0,0,0,0,0,0,11808,11808,0,192863,0,640474,675840,0,2194,0,136,284,0,0,0,0,1535366
58,0,1,0,0,0,0,0,936634,21444,0,0,0,9002,0,0,0,0,0,21444,0,0,0,0,0,0,0,0,0,5725,0,97436,0,257206,0,0,950,778,2596,15608,0,0,136598,0,0
58,0,2,0,0,0,0,0,936634,0,0,0,0,462,77824,0,0,0,0,0,0,0,0,0,0,0,0,0,0,0,0,97584,0,133758,60839,0,2274,688,2707,959,0,0,104453,0,69042
58,0,3,0,0,0,0,0,936634,0,0,0,0,452,77824,0,0,0,0,0,0,0,0,0,0,0,0,0,0,0,0,96799,0,0,60808,0,1134,247,0,644,0,0,24724,0,69754
58,0,4,0,0,0,0,0,936634,0,0,0,0,541,77824,0,0,0,0,0,0,0,0,0,0,0,0,0,0,0,0,50964,0,0,60903,0,452,0,292,798,676114,0,0,0,66540
58,0,5,0,0,0,0,0,936634,0,0,0,0,787,77824,0,0,0,0,0,0,0,0,0,0,0,0,0,0,0,0,51684,0,0,60836,5838,1140,0,1,1607,0,0,550617,0,64159
58,0,6,0,0,0,0,0,936634,0,0,0,0,913,77824,0,0,0,0,0,0,0,0,0,0,0,0,0,0,0,0,51644,0,0,60826,0,634,1410,1,1341,0,0,350437,0,64111
58,0,7,0,0,0,0,0,936634,0,0,0,0,928,77824,0,0,0,0,0,0,0,0,0,0,0,0,0,0,0,0,51149,0,0,60345,0,1229,466,0,1894,0,0,134974,0,64348
58,0,8,0,0,0,0,0,936634,0,0,0,0,806,77824,0,0,0,0,0,0,0,0,0,0,0,0,0,0,0,0,0,0,0,60308,0,52,0,441,1655,713346,0,0,0,63503
58,0,9,0,0,0,0,0,936634,0,0,0,0,1041,77824,0,0,0,0,0,0,0,0,0,0,0,0,0,0,0,0,0,0,0,60835,3342,42,0,2,1548,0,0,595140,0,64265
58,0,10,0,0,0,0,0,936634,0,0,0,0,1218,77824,0,0,0,0,0,0,0,0,0,0,0,0,0,0,0,0,0,0,0,61013,0,91,1834,0,2426,0,0,410383,0,63492
58,0,11,0,0,0,0,0,936634,0,0,0,0,1226,77824,0,0,0,0,0,0,0,0,0,0,0,0,0,0,0,0,0,0,0,60908,0,45,601,0,1882,0,0,149942,0,66227
58,0,12,0,0,0,0,0,936634,0,0,0,0,47,0,0,0,0,0,0,0,0,0,0,0,0,0,0,0,0,0,0,0,0,0,0,0,0,45,93,0,0,0,0,0
58,0,13,0,0,0,0,0,936634,0,0,0,0,53,0,0,0,0,0,0,0,0,0,0,0,0,0,0,0,0,0,0,0,0,0,178,0,0,0,109,0,0,0,0,0
58,0,14,0,0,0,0,0,936634,0,0,0,0,53,0,0,0,0,0,0,0,0,0,0,0,0,0,0,0,0,0,0,0,0,0,0,0,80,0,60,0,0,0,0,0
58,0,15,0,0,0,0,0,936634,0,0,0,0,41,0,0,0,0,0,0,0,0,0,0,0,0,0,0,0,0,0,0,0,0,0,0,0,39,0,92,0,0,0,0,0
59,0,0,0,0,0,0,0,1869489,0,0,11786,675840,136,0,0,0,0,0,21408,0,0,0,0,0,0,0,0,11786,11786,0,192915,0,640352,675840,0,2184,0,136,284,0,0,0,0,1529845
59,0,1,0,0,0,0,0,934745,21408,0,0,0,8956,0,0,0,0,0,21408,0,0,0,0,0,0,0,0,0,5614,0,97292,0,257355,0,0,959,780,2609,15573,0,0,133874,0,0
59,0,2,0,0,0,0,0,934745,0,0,0,0,447,77824,0,0,0,0,0,0,0,0,0,0,0,0,0,0,0,0,97461,0,134174,60792,0,2269,712,2714,922,0,0,103441,0,68996
59,0,3,0,0,0,0,0,934745,0,0,0,0,460,77824,0,0,0,0,0,0,0,0,0,0,0,0,0,0,0,0,96962,0,0,60804,0,1104,241,0,670,0,0,23415,0,69943
59,0,4,0,0,0,0,0,934745,0,0,0,0,550,77824,0,0,0,0,0,0,0,0,0,0,0,0,0,0,0,0,50964,0,0,60888,0,464,0,281,798,675055,0,0,0,66346
59,0,5,0,0,0,0,0,934745,0,0,0,0,797,77824,0,0,0,0,0,0,0,0,0,0,0,0,0,0,0,0,51652,0,0,60824,5781,1148,0,1,1596,0,0,548150,0,64179
59,0,6,0,0,0,0,0,934745,0,0,0,0,904,77824,0,0,0,0,0,0,0,0,0,0,0,0,0,0,0,0,51686,0,0,60788,0,626,1395,1,1339,0,0,348213,0,64391
59,0,7,0,0,0,0,0,934745,0,0,0,0,906,77824,0,0,0,0,0,0,0,0,0,0,0,0,0,0,0,0,51190,0,0,60433,0,1259,486,0,1866,0,0,138095,0,64374
59,0,8,0,0,0,0,0,934745,0,0,0,0,823,77824,0,0,0,0,0,0,0,0,0,0,0,0,0,0,0,0,0,0,0,60289,0,52,0,416,1652,711149,0,0,0,63627
59,0,9,0,0,0,0,0,934745,0,0,0,0,1024,77824,0,0,0,0,0,0,0,0,0,0,0,0,0,0,0,0,0,0,0,60846,3389,42,0,1,1521,0,0,603896,0,64154
59,0,10,0,0,0,0,0,934745,0,0,0,0,1218,77824,0,0,0,0,0,0,0,0,0,0,0,0,0,0,0,0,0,0,0,61004,0,91,1812,1,2430,0,0,410816,0,63839
59,0,11,0,0,0,0,0,934745,0,0,0,0,1208,77824,0,0,0,0,0,0,0,0,0,0,0,0,0,0,0,0,0,0,0,60918,0,42,615,0,1832,0,0,165536,0,65799
59,0,12,0,0,0,0,0,934745,0,0,0,0,47,0,0,0,0,0,0,0,0,0,0,0,0,0,0,0,0,0,0,0,0,0,0,0,0,45,93,0,0,0,0,0
59,0,13,0,0,0,0,0,934745,0,0,0,0,53,0,0,0,0,0,0,0,0,0,0,0,0,0,0,0,0,0,0,0,0,0,178,0,0,0,109,0,0,0,0,0
59,0,14,0,0,0,0,0,934745,0,0,0,0,53,0,0,0,0,0,0,0,0,0,0,0,0,0,0,0,0,0,0,0,0,0,0,0,80,0,60,0,0,0,0,0
59,0,15,0,0,0,0,0,934745,0,0,0,0,41,0,0,0,0,0,0,0,0,0,0,0,0,0,0,0,0,0,0,0,0,0,0,0,39,0,95,0,0,0,0,0
60,0,0,0,0,0,0,0,1871159,0,0,11788,675840,136,0,0,0,0,0,21411,0,0,0,0,0,0,0,0,11788,11788,0,192935,0,640134,675840,0,2190,0,136,284,0,0,0,0,1537144
60,0,1,0,0,0,0,0,935580,21411,0,0,0,8996,0,0,0,0,0,21411,0,0,0,0,0,0,0,0,0,5689,0,97285,0,257355,0,0,931,802,2577,15615,0,0,136885,0,0
60,0,2,0,0,0,0,0,935580,0,0,0,0,451,77824,0,0,0,0,0,0,0,0,0,0,0,0,0,0,0,0,97339,0,133972,60829,0,2266,706,2711,943,0,0,104667,0,68912
60,0,3,0,0,0,0,0,935580,0,0,0,0,456,77824,0,0,0,0,0,0,0,0,0,0,0,0,0,0,0,0,96875,0,0,60808,0,1100,244,0,664,0,0,24445,0,69741
60,0,4,0,0,0,0,0,935580,0,0,0,0,538,77824,0,0,0,0,0,0,0,0,0,0,0,0,0,0,0,0,50963,0,0,60877,0,473,0,293,798,681399,0,0,0,66304
60,0,5,0,0,0,0,0,935580,0,0,0,0,799,77824,0,0,0,0,0,0,0,0,0,0,0,0,0,0,0,0,51629,0,0,60829,5787,1175,0,1,1615,0,0,551082,0,64132
60,0,6,0,0,0,0,0,935580,0,0,0,0,905,77824,0,0,0,0,0,0,0,0,0,0,0,0,0,0,0,0,51589,0,0,60869,0,633,1398,1,1326,0,0,349363,0,63790
60,0,7,0,0,0,0,0,935580,0,0,0,0,913,77824,0,0,0,0,0,0,0,0,0,0,0,0,0,0,0,0,51165,0,0,60374,0,1233,478,0,1892,0,0,126896,0,64687
60,0,8,0,0,0,0,0,935580,0,0,0,0,823,77824,0,0,0,0,0,0,0,0,0,0,0,0,0,0,0,0,0,0,0,60300,0,57,0,422,1644,719494,0,0,0,63628
60,0,9,0,0,0,0,0,935580,0,0,0,0,1039,77824,0,0,0,0,0,0,0,0,0,0,0,0,0,0,0,0,0,0,0,60797,3368,41,0,0,1524,0,0,618175,0,64410
60,0,10,0,0,0,0,0,935580,0,0,0,0,1204,77824,0,0,0,0,0,0,0,0,0,0,0,0,0,0,0,0,0,0,0,61003,0,90,1810,2,2402,0,0,409922,0,63712
60,0,11,0,0,0,0,0,935580,0,0,0,0,1200,77824,0,0,0,0,0,0,0,0,0,0,0,0,0,0,0,0,0,0,0,60954,0,45,615,0,1838,0,0,167242,0,65496
60,0,12,0,0,0,0,0,935580,0,0,0,0,54,0,0,0,0,0,0,0,0,0,0,0,0,0,0,0,0,0,0,0,0,0,0,0,0,38,95,0,0,0,0,0
60,0,13,0,0,0,0,0,935580,0,0,0,0,53,0,0,0,0,0,0,0,0,0,0,0,0,0,0,0,0,0,0,0,0,0,185,0,0,0,110,0,0,0,0,0
60,0,14,0,0,0,0,0,935580,0,0,0,0,53,0,0,0,0,0,0,0,0,0,0,0,0,0,0,0,0,0,0,0,0,0,0,0,80,0,61,0,0,0,0,0
60,0,15,0,0,0,0,0,935580,0,0,0,0,41,0,0,0,0,0,0,0,0,0,0,0,0,0,0,0,0,0,0,0,0,0,0,0,39,0,92,0,0,0,0,0
61,0,0,0,0,0,0,0,2315087,0,0,14750,878592,136,0,0,0,0,0,25874,0,0,0,0,0,0,0,0,14750,14750,0,266108,0,776513,878592,0,3319,0,136,284,0,0,0,0,2056201
61,0,1,0,0,0,0,0,1157544,25872,0,0,0,11087,0,0,0,0,0,25872,0,0,0,0,0,0,0,0,0,7227,0,136029,0,289809,0,0,1364,1127,2693,18844,0,0,135491,0,0
61,0,2,0,0,0,0,0,1157544,0,0,0,0,357,77824,0,0,0,0,0,0,0,0,0,0,0,0,0,0,0,0,134510,0,132782,60776,0,3136,560,2354,742,0,0,103008,0,68935
61,0,3,0,0,0,0,0,1157544,0,0,0,0,358,77824,0,0,0,0,0,0,0,0,0,0,0,0,0,0,0,0,96131,0,0,60794,0,956,203,0,508,0,0,23441,0,69635
61,0,4,0,0,0,0,0,1157544,0,0,0,0,419,77824,0,0,0,0,0,0,0,0,0,0,0,0,0,0,0,0,95823,0,0,60898,0,861,0,236,617,923734,0,0,0,66421
61,0,5,0,0,0,0,0,1157544,0,0,0,0,602,77824,0,0,0,0,0,0,0,0,0,0,0,0,0,0,0,0,97904,0,0,60804,7751,2248,0,0,1227,0,0,560882,0,64009
61,0,6,0,0,0,0,0,1157544,0,0,0,0,695,77824,0,0,0,0,0,0,0,0,0,0,0,0,0,0,0,0,97073,0,0,60839,0,1087,1055,3,1011,0,0,363413,0,63674
61,0,7,0,0,0,0,0,1157544,0,0,0,0,691,77824,0,0,0,0,0,0,0,0,0,0,0,0,0,0,0,0,51606,0,0,60366,0,1202,370,0,1425,0,0,140582,0,63758
61,0,8,0,0,0,0,0,1157544,0,0,0,0,711,77824,0,0,0,0,0,0,0,0,0,0,0,0,0,0,0,0,51507,0,0,60470,0,1057,0,378,1449,986362,0,0,0,63809
61,0,9,0,0,0,0,0,1157544,0,0,0,0,1038,77824,0,0,0,0,0,0,0,0,0,0,0,0,0,0,0,0,51846,0,0,60728,5238,558,0,1,1526,0,0,890355,0,63434
61,0,10,0,0,0,0,0,1157544,0,0,0,0,1134,77824,0,0,0,0,0,0,0,0,0,0,0,0,0,0,0,0,51609,0,0,60779,0,1204,1735,1,2313,0,0,573035,0,63969
61,0,11,0,0,0,0,0,1157544,0,0,0,0,1143,77824,0,0,0,0,0,0,0,0,0,0,0,0,0,0,0,0,0,0,0,60883,0,45,584,0,1725,0,0,235449,0,63625
61,0,12,0,0,0,0,0,1157544,0,0,0,0,1014,77824,0,0,0,0,0,0,0,0,0,0,0,0,0,0,0,0,0,0,0,60720,0,0,0,537,1516,889701,0,0,0,62984
61,0,13,0,0,0,0,0,1157544,0,0,0,0,1153,77824,0,0,0,0,0,0,0,0,0,0,0,0,0,0,0,0,0,0,0,60909,2784,0,0,1,2330,0,0,559347,0,64010
61,0,14,0,0,0,0,0,1157544,0,0,0,0,1158,77824,0,0,0,0,0,0,0,0,0,0,0,0,0,0,0,0,0,0,0,60760,0,0,609,2,1689,0,0,219330,0,64349
61,0,15,0,0,0,0,0,1157544,0,0,0,0,41,0,0,0,0,0,0,0,0,0,0,0,0,0,0,0,0,0,0,0,0,0,0,0,39,0,93,0,0,0,0,0
62,0,0,0,0,0,0,0,2317016,0,0,14762,878592,136,0,0,0,0,0,25890,0,0,0,0,0,0,0,0,14762,14762,0,266009,0,776795,878592,0,3329,0,136,284,0,0,0,0,2048044
62,0,1,0,0,0,0,0,1158508,25890,0,0,0,11048,0,0,0,0,0,25890,0,0,0,0,0,0,0,0,0,7124,0,135000,0,291511,0,0,1354,1153,2728,18872,0,0,134301,0,0
62,0,2,0,0,0,0,0,1158508,0,0,0,0,364,77824,0,0,0,0,0,0,0,0,0,0,0,0,0,0,0,0,135275,0,133200,60771,0,3111,569,2344,747,0,0,103186,0,68899
62,0,3,0,0,0,0,0,1158508,0,0,0,0,374,77824,0,0,0,0,0,0,0,0,0,0,0,0,0,0,0,0,96286,0,0,60851,0,941,187,0,545,0,0,23730,0,69753
62,0,4,0,0,0,0,0,1158508,0,0,0,0,439,77824,0,0,0,0,0,0,0,0,0,0,0,0,0,0,0,0,95860,0,0,60857,0,881,0,222,642,917386,0,0,0,66450
62,0,5,0,0,0,0,0,1158508,0,0,0,0,609,77824,0,0,0,0,0,0,0,0,0,0,0,0,0,0,0,0,97124,0,0,60769,7687,2239,0,1,1257,0,0,549820,0,64143
62,0,6,0,0,0,0,0,1158508,0,0,0,0,677,77824,0,0,0,0,0,0,0,0,0,0,0,0,0,0,0,0,97598,0,0,60862,0,1116,1079,2,991,0,0,359076,0,63928
62,0,7,0,0,0,0,0,1158508,0,0,0,0,701,77824,0,0,0,0,0,0,0,0,0,0,0,0,0,0,0,0,51641,0,0,60417,0,1200,356,0,1449,0,0,141699,0,63815
62,0,8,0,0,0,0,0,1158508,0,0,0,0,712,77824,0,0,0,0,0,0,0,0,0,0,0,0,0,0,0,0,51613,0,0,60527,0,1056,0,381,1435,980827,0,0,0,63815
62,0,9,0,0,0,0,0,1158508,0,0,0,0,1027,77824,0,0,0,0,0,0,0,0,0,0,0,0,0,0,0,0,51790,0,0,60773,5296,577,0,0,1511,0,0,880412,0,63099
62,0,10,0,0,0,0,0,1158508,0,0,0,0,1166,77824,0,0,0,0,0,0,0,0,0,0,0,0,0,0,0,0,51574,0,0,60858,0,1190,1697,3,2336,0,0,563623,0,63820
62,0,11,0,0,0,0,0,1158508,0,0,0,0,1138,77824,0,0,0,0,0,0,0,0,0,0,0,0,0,0,0,0,0,0,0,60819,0,43,589,0,1722,0,0,226530,0,63896
62,0,12,0,0,0,0,0,1158508,0,0,0,0,1025,77824,0,0,0,0,0,0,0,0,0,0,0,0,0,0,0,0,0,0,0,60739,0,0,0,526,1528,889013,0,0,0,63080
62,0,13,0,0,0,0,0,1158508,0,0,0,0,1163,77824,0,0,0,0,0,0,0,0,0,0,0,0,0,0,0,0,0,0,0,60756,2789,0,0,1,2329,0,0,558044,0,63951
62,0,14,0,0,0,0,0,1158508,0,0,0,0,1155,77824,0,0,0,0,0,0,0,0,0,0,0,0,0,0,0,0,0,0,0,60858,0,0,619,1,1706,0,0,218259,0,64769
62,0,15,0,0,0,0,0,1158508,0,0,0,0,41,0,0,0,0,0,0,0,0,0,0,0,0,0,0,0,0,0,0,0,0,0,0,0,39,0,96,0,0,0,0,0
63,0,0,0,0,0,0,0,2314368,0,0,14732,878592,136,0,0,0,0,0,25845,0,0,0,0,0,0,0,0,14732,14732,0,266050,0,775618,878592,0,3319,0,136,284,0,0,0,0,2048471
63,0,1,0,0,0,0,0,1157184,25845,0,0,0,10998,0,0,0,0,0,25845,0,0,0,0,0,0,0,0,0,7187,0,135596,0,289883,0,0,1353,1166,2736,18709,0,0,135708,0,0
63,0,2,0,0,0,0,0,1157184,0,0,0,0,351,77824,0,0,0,0,0,0,0,0,0,0,0,0,0,0,0,0,134445,0,132845,60801,0,3075,580,2349,749,0,0,103679,0,68799
63,0,3,0,0,0,0,0,1157184,0,0,0,0,374,77824,0,0,0,0,0,0,0,0,0,0,0,0,0,0,0,0,96025,0,0,60786,0,951,187,0,530,0,0,23515,0,69750
63,0,4,0,0,0,0,0,1157184,0,0,0,0,428,77824,0,0,0,0,0,0,0,0,0,0,0,0,0,0,0,0,95815,0,0,60904,0,883,0,229,643,917727,0,0,0,66381
63,0,5,0,0,0,0,0,1157184,0,0,0,0,590,77824,0,0,0,0,0,0,0,0,0,0,0,0,0,0,0,0,97627,0,0,60797,7759,2227,0,1,1239,0,0,554004,0,64018
63,0,6,0,0,0,0,0,1157184,0,0,0,0,687,77824,0,0,0,0,0,0,0,0,0,0,0,0,0,0,0,0,97172,0,0,60854,0,1131,1046,2,1016,0,0,364447,0,63659
63,0,7,0,0,0,0,0,1157184,0,0,0,0,676,77824,0,0,0,0,0,0,0,0,0,0,0,0,0,0,0,0,51635,0,0,60350,0,1194,383,0,1420,0,0,141566,0,63760
63,0,8,0,0,0,0,0,1157184,0,0,0,0,697,77824,0,0,0,0,0,0,0,0,0,0,0,0,0,0,0,0,51605,0,0,60485,0,1031,0,396,1437,979982,0,0,0,63826
63,0,9,0,0,0,0,0,1157184,0,0,0,0,1001,77824,0,0,0,0,0,0,0,0,0,0,0,0,0,0,0,0,51845,0,0,60781,5241,576,0,1,1484,0,0,873346,0,63289
63,0,10,0,0,0,0,0,1157184,0,0,0,0,1133,77824,0,0,0,0,0,0,0,0,0,0,0,0,0,0,0,0,51617,0,0,60887,0,1193,1721,1,2277,0,0,571578,0,63733
63,0,11,0,0,0,0,0,1157184,0,0,0,0,1128,77824,0,0,0,0,0,0,0,0,0,0,0,0,0,0,0,0,0,0,0,60770,0,44,597,0,1717,0,0,235053,0,63665
63,0,12,0,0,0,0,0,1157184,0,0,0,0,1022,77824,0,0,0,0,0,0,0,0,0,0,0,0,0,0,0,0,0,0,0,60704,0,0,0,523,1544,882357,0,0,0,63063
63,0,13,0,0,0,0,0,1157184,0,0,0,0,1140,77824,0,0,0,0,0,0,0,0,0,0,0,0,0,0,0,0,0,0,0,60837,2800,0,0,1,2297,0,0,563455,0,64125
63,0,14,0,0,0,0,0,1157184,0,0,0,0,1156,77824,0,0,0,0,0,0,0,0,0,0,0,0,0,0,0,0,0,0,0,60808,0,0,610,1,1696,0,0,220996,0,64666
63,0,15,0,0,0,0,0,1157184,0,0,0,0,41,0,0,0,0,0,0,0,0,0,0,0,0,0,0,0,0,0,0,0,0,0,0,0,39,0,95,0,0,0,0,0
64,0,0,0,0,0,0,0,498710,0,0,2144,66560,136,0,0,0,0,0,6894,0,0,0,0,0,0,0,0,2144,2144,0,0,0,109441,66560,0,294,0,136,284,0,0,0,0,71680
64,0,1,0,0,0,0,0,249355,6894,0,0,0,2564,0,0,0,0,0,6894,0,0,0,0,0,0,0,0,0,860,0,0,0,59147,0,0,84,171,834,4754,0,0,71680,0,0
64,0,2,0,0,0,0,0,249355,0,0,0,0,1523,71680,0,0,0,0,0,0,0,0,0,0,0,0,0,0,0,0,0,0,0,62585,0,249,759,282,3075,0,0,0,0,71680
64,0,3,0,0,0,0,0,249355,0,0,0,0,47,0,0,0,0,0,0,0,0,0,0,0,0,0,0,0,0,0,0,0,0,0,0,92,45,0,54,0,0,0,0,0
64,0,4,0,0,0,0,0,249355,0,0,0,0,47,0,0,0,0,0,0,0,0,0,0,0,0,0,0,0,0,0,0,0,0,0,0,87,0,45,62,0,0,0,0,0
64,0,5,0,0,0,0,0,249355,0,0,0,0,47,0,0,0,0,0,0,0,0,0,0,0,0,0,0,0,0,0,0,0,0,0,537,148,0,0,109,0,0,0,0,0
64,0,6,0,0,0,0,0,249355,0,0,0,0,47,0,0,0,0,0,0,0,0,0,0,0,0,0,0,0,0,0,0,0,0,0,0,40,98,0,52,0,0,0,0,0
64,0,7,0,0,0,0,0,249355,0,0,0,0,53,0,0,0,0,0,0,0,0,0,0,0,0,0,0,0,0,0,0,0,0,0,0,104,39,0,140,0,0,0,0,0
64,0,8,0,0,0,0,0,249355,0,0,0,0,50,0,0,0,0,0,0,0,0,0,0,0,0,0,0,0,0,0,0,0,0,0,0,52,0,42,107,0,0,0,0,0
64,0,9,0,0,0,0,0,249355,0,0,0,0,47,0,0,0,0,0,0,0,0,0,0,0,0,0,0,0,0,0,0,0,0,0,365,42,0,0,53,0,0,0,0,0
64,0,10,0,0,0,0,0,249355,0,0,0,0,53,0,0,0,0,0,0,0,0,0,0,0,0,0,0,0,0,0,0,0,0,0,0,91,92,0,118,0,0,0,0,0
64,0,11,0,0,0,0,0,249355,0,0,0,0,53,0,0,0,0,0,0,0,0,0,0,0,0,0,0,0,0,0,0,0,0,0,0,40,39,0,94,0,0,0,0,0
64,0,12,0,0,0,0,0,249355,0,0,0,0,47,0,0,0,0,0,0,0,0,0,0,0,0,0,0,0,0,0,0,0,0,0,0,0,0,45,93,0,0,0,0,0
64,0,13,0,0,0,0,0,249355,0,0,0,0,53,0,0,0,0,0,0,0,0,0,0,0,0,0,0,0,0,0,0,0,0,0,178,0,0,0,109,0,0,0,0,0
64,0,14,0,0,0,0,0,249355,0,0,0,0,53,0,0,0,0,0,0,0,0,0,0,0,0,0,0,0,0,0,0,0,0,0,0,0,80,0,60,0,0,0,0,0
64,0,15,0,0,0,0,0,249355,0,0,0,0,41,0,0,0,0,0,0,0,0,0,0,0,0,0,0,0,0,0,0,0,0,0,0,0,39,0,88,0,0,0,0,0
65,0,0,0,0,0,0,0,498563,0,0,2144,66560,136,0,0,0,0,0,6894,0,0,0,0,0,0,0,0,2144,2144,0,0,0,109444,66560,0,294,0,136,284,0,0,0,0,71680
65,0,1,0,0,0,0,0,249282,6894,0,0,0,2563,0,0,0,0,0,6894,0,0,0,0,0,0,0,0,0,858,0,0,0,59144,0,0,84,170,836,4751,0,0,71680,0,0
65,0,2,0,0,0,0,0,249282,0,0,0,0,1520,71680,0,0,0,0,0,0,0,0,0,0,0,0,0,0,0,0,0,0,0,62588,0,249,761,283,3070,0,0,0,0,71680
65,0,3,0,0,0,0,0,249282,0,0,0,0,47,0,0,0,0,0,0,0,0,0,0,0,0,0,0,0,0,0,0,0,0,0,0,91,45,0,54,0,0,0,0,0
65,0,4,0,0,0,0,0,249282,0,0,0,0,47,0,0,0,0,0,0,0,0,0,0,0,0,0,0,0,0,0,0,0,0,0,0,87,0,45,62,0,0,0,0,0
65,0,5,0,0,0,0,0,249282,0,0,0,0,47,0,0,0,0,0,0,0,0,0,0,0,0,0,0,0,0,0,0,0,0,0,537,148,0,0,109,0,0,0,0,0
65,0,6,0,0,0,0,0,249282,0,0,0,0,47,0,0,0,0,0,0,0,0,0,0,0,0,0,0,0,0,0,0,0,0,0,0,40,98,0,52,0,0,0,0,0
65,0,7,0,0,0,0,0,249282,0,0,0,0,53,0,0,0,0,0,0,0,0,0,0,0,0,0,0,0,0,0,0,0,0,0,0,105,39,0,140,0,0,0,0,0
65,0,8,0,0,0,0,0,249282,0,0,0,0,50,0,0,0,0,0,0,0,0,0,0,0,0,0,0,0,0,0,0,0,0,0,0,52,0,42,107,0,0,0,0,0
65,0,9,0,0,0,0,0,249282,0,0,0,0,47,0,0,0,0,0,0,0,0,0,0,0,0,0,0,0,0,0,0,0,0,0,365,42,0,0,53,0,0,0,0,0
65,0,10,0,0,0,0,0,249282,0,0,0,0,53,0,0,0,0,0,0,0,0,0,0,0,0,0,0,0,0,0,0,0,0,0,0,91,92,0,118,0,0,0,0,0
65,0,11,0,0,0,0,0,249282,0,0,0,0,53,0,0,0,0,0,0,0,0,0,0,0,0,0,0,0,0,0,0,0,0,0,0,39,39,0,94,0,0,0,0,0
65,0,12,0,0,0,0,0,249282,0,0,0,0,47,0,0,0,0,0,0,0,0,0,0,0,0,0,0,0,0,0,0,0,0,0,0,0,0,45,93,0,0,0,0,0
65,0,13,0,0,0,0,0,249282,0,0,0,0,53,0,0,0,0,0,0,0,0,0,0,0,0,0,0,0,0,0,0,0,0,0,178,0,0,0,109,0,0,0,0,0
65,0,14,0,0,0,0,0,249282,0,0,0,0,53,0,0,0,0,0,0,0,0,0,0,0,0,0,0,0,0,0,0,0,0,0,0,0,80,0,60,0,0,0,0,0
65,0,15,0,0,0,0,0,249282,0,0,0,0,41,0,0,0,0,0,0,0,0,0,0,0,0,0,0,0,0,0,0,0,0,0,0,0,39,0,89,0,0,0,0,0
66,0,0,0,0,0,0,0,498666,0,0,2144,66560,136,0,0,0,0,0,6894,0,0,0,0,0,0,0,0,2144,2144,0,0,0,109417,66560,0,294,0,136,284,0,0,0,0,71680
66,0,1,0,0,0,0,0,249333,6894,0,0,0,2565,0,0,0,0,0,6894,0,0,0,0,0,0,0,0,0,862,0,0,0,59139,0,0,84,170,834,4755,0,0,71680,0,0
66,0,2,0,0,0,0,0,249333,0,0,0,0,1523,71680,0,0,0,0,0,0,0,0,0,0,0,0,0,0,0,0,0,0,0,62587,0,249,759,282,3075,0,0,0,0,71680
66,0,3,0,0,0,0,0,249333,0,0,0,0,47,0,0,0,0,0,0,0,0,0,0,0,0,0,0,0,0,0,0,0,0,0,0,92,45,0,54,0,0,0,0,0
66,0,4,0,0,0,0,0,249333,0,0,0,0,47,0,0,0,0,0,0,0,0,0,0,0,0,0,0,0,0,0,0,0,0,0,0,87,0,45,61,0,0,0,0,0
66,0,5,0,0,0,0,0,249333,0,0,0,0,47,0,0,0,0,0,0,0,0,0,0,0,0,0,0,0,0,0,0,0,0,0,537,148,0,0,109,0,0,0,0,0
66,0,6,0,0,0,0,0,249333,0,0,0,0,47,0,0,0,0,0,0,0,0,0,0,0,0,0,0,0,0,0,0,0,0,0,0,40,98,0,52,0,0,0,0,0
66,0,7,0,0,0,0,0,249333,0,0,0,0,53,0,0,0,0,0,0,0,0,0,0,0,0,0,0,0,0,0,0,0,0,0,0,104,39,0,140,0,0,0,0,0
66,0,8,0,0,0,0,0,249333,0,0,0,0,50,0,0,0,0,0,0,0,0,0,0,0,0,0,0,0,0,0,0,0,0,0,0,52,0,42,107,0,0,0,0,0
66,0,9,0,0,0,0,0,249333,0,0,0,0,47,0,0,0,0,0,0,0,0,0,0,0,0,0,0,0,0,0,0,0,0,0,365,42,0,0,53,0,0,0,0,0
66,0,10,0,0,0,0,0,249333,0,0,0,0,53,0,0,0,0,0,0,0,0,0,0,0,0,0,0,0,0,0,0,0,0,0,0,91,92,0,118,0,0,0,0,0
66,0,11,0,0,0,0,0,249333,0,0,0,0,53,0,0,0,0,0,0,0,0,0,0,0,0,0,0,0,0,0,0,0,0,0,0,40,39,0,94,0,0,0,0,0
66,0,12,0,0,0,0,0,249333,0,0,0,0,47,0,0,0,0,0,0,0,0,0,0,0,0,0,0,0,0,0,0,0,0,0,0,0,0,45,93,0,0,0,0,0
66,0,13,0,0,0,0,0,249333,0,0,0,0,53,0,0,0,0,0,0,0,0,0,0,0,0,0,0,0,0,0,0,0,0,0,178,0,0,0,109,0,0,0,0,0
66,0,14,0,0,0,0,0,249333,0,0,0,0,53,0,0,0,0,0,0,0,0,0,0,0,0,0,0,0,0,0,0,0,0,0,0,0,80,0,60,0,0,0,0,0
66,0,15,0,0,0,0,0,249333,0,0,0,0,41,0,0,0,0,0,0,0,0,0,0,0,0,0,0,0,0,0,0,0,0,0,0,0,39,0,88,0,0,0,0,0
67,0,0,0,0,0,0,0,602705,0,0,2958,133120,136,0,0,0,0,0,8121,0,0,0,0,0,0,0,0,2958,2958,0,0,0,223718,133120,0,294,0,136,284,0,0,0,0,146843
67,0,1,0,0,0,0,0,301352,8121,0,0,0,3129,0,0,0,0,0,8121,0,0,0,0,0,0,0,0,0,1212,0,0,0,116633,0,0,84,171,1084,5267,0,0,69716,0,0
67,0,2,0,0,0,0,0,301352,0,0,0,0,990,71680,0,0,0,0,0,0,0,0,0,0,0,0,0,0,0,0,0,0,58213,63352,0,249,1623,1247,2143,0,0,73584,0,69395
67,0,3,0,0,0,0,0,301352,0,0,0,0,1043,71680,0,0,0,0,0,0,0,0,0,0,0,0,0,0,0,0,0,0,0,63293,0,92,525,0,1565,0,0,389,0,71647
67,0,4,0,0,0,0,0,301352,0,0,0,0,47,0,0,0,0,0,0,0,0,0,0,0,0,0,0,0,0,0,0,0,0,0,0,87,0,45,62,0,0,0,0,0
67,0,5,0,0,0,0,0,301352,0,0,0,0,47,0,0,0,0,0,0,0,0,0,0,0,0,0,0,0,0,0,0,0,0,0,537,148,0,0,109,0,0,0,0,0
67,0,6,0,0,0,0,0,301352,0,0,0,0,47,0,0,0,0,0,0,0,0,0,0,0,0,0,0,0,0,0,0,0,0,0,0,40,98,0,52,0,0,0,0,0
67,0,7,0,0,0,0,0,301352,0,0,0,0,53,0,0,0,0,0,0,0,0,0,0,0,0,0,0,0,0,0,0,0,0,0,0,105,39,0,140,0,0,0,0,0
67,0,8,0,0,0,0,0,301352,0,0,0,0,50,0,0,0,0,0,0,0,0,0,0,0,0,0,0,0,0,0,0,0,0,0,0,52,0,42,107,0,0,0,0,0
67,0,9,0,0,0,0,0,301352,0,0,0,0,47,0,0,0,0,0,0,0,0,0,0,0,0,0,0,0,0,0,0,0,0,0,365,42,0,0,53,0,0,0,0,0
67,0,10,0,0,0,0,0,301352,0,0,0,0,53,0,0,0,0,0,0,0,0,0,0,0,0,0,0,0,0,0,0,0,0,0,0,91,92,0,118,0,0,0,0,0
67,0,11,0,0,0,0,0,301352,0,0,0,0,53,0,0,0,0,0,0,0,0,0,0,0,0,0,0,0,0,0,0,0,0,0,0,40,39,0,94,0,0,0,0,0
67,0,12,0,0,0,0,0,301352,0,0,0,0,47,0,0,0,0,0,0,0,0,0,0,0,0,0,0,0,0,0,0,0,0,0,0,0,0,45,93,0,0,0,0,0
67,0,13,0,0,0,0,0,301352,0,0,0,0,53,0,0,0,0,0,0,0,0,0,0,0,0,0,0,0,0,0,0,0,0,0,178,0,0,0,109,0,0,0,0,0
67,0,14,0,0,0,0,0,301352,0,0,0,0,53,0,0,0,0,0,0,0,0,0,0,0,0,0,0,0,0,0,0,0,0,0,0,0,80,0,60,0,0,0,0,0
67,0,15,0,0,0,0,0,301352,0,0,0,0,41,0,0,0,0,0,0,0,0,0,0,0,0,0,0,0,0,0,0,0,0,0,0,0,39,0,89,0,0,0,0,0
68,0,0,0,0,0,0,0,600074,0,0,2924,133120,136,0,0,0,0,0,8070,0,0,0,0,0,0,0,0,2924,2924,0,0,0,222749,133120,0,294,0,136,284,0,0,0,0,146093
68,0,1,0,0,0,0,0,300037,8070,0,0,0,3156,0,0,0,0,0,8070,0,0,0,0,0,0,0,0,0,1124,0,0,0,116427,0,0,84,169,1025,5286,0,0,69402,0,0
68,0,2,0,0,0,0,0,300037,0,0,0,0,990,71680,0,0,0,0,0,0,0,0,0,0,0,0,0,0,0,0,0,0,58092,63303,0,249,1597,1246,2168,0,0,73927,0,69314
68,0,3,0,0,0,0,0,300037,0,0,0,0,1035,71680,0,0,0,0,0,0,0,0,0,0,0,0,0,0,0,0,0,0,0,63280,0,92,518,0,1541,0,0,286,0,71664
68,0,4,0,0,0,0,0,300037,0,0,0,0,47,0,0,0,0,0,0,0,0,0,0,0,0,0,0,0,0,0,0,0,0,0,0,87,0,45,61,0,0,0,0,0
68,0,5,0,0,0,0,0,300037,0,0,0,0,47,0,0,0,0,0,0,0,0,0,0,0,0,0,0,0,0,0,0,0,0,0,537,148,0,0,109,0,0,0,0,0
68,0,6,0,0,0,0,0,300037,0,0,0,0,47,0,0,0,0,0,0,0,0,0,0,0,0,0,0,0,0,0,0,0,0,0,0,40,98,0,52,0,0,0,0,0
68,0,7,0,0,0,0,0,300037,0,0,0,0,53,0,0,0,0,0,0,0,0,0,0,0,0,0,0,0,0,0,0,0,0,0,0,105,39,0,140,0,0,0,0,0
68,0,8,0,0,0,0,0,300037,0,0,0,0,50,0,0,0,0,0,0,0,0,0,0,0,0,0,0,0,0,0,0,0,0,0,0,52,0,42,107,0,0,0,0,0
68,0,9,0,0,0,0,0,300037,0,0,0,0,47,0,0,0,0,0,0,0,0,0,0,0,0,0,0,0,0,0,0,0,0,0,365,42,0,0,53,0,0,0,0,0
68,0,10,0,0,0,0,0,300037,0,0,0,0,53,0,0,0,0,0,0,0,0,0,0,0,0,0,0,0,0,0,0,0,0,0,0,91,92,0,118,0,0,0,0,0
68,0,11,0,0,0,0,0,300037,0,0,0,0,53,0,0,0,0,0,0,0,0,0,0,0,0,0,0,0,0,0,0,0,0,0,0,40,39,0,94,0,0,0,0,0
68,0,12,0,0,0,0,0,300037,0,0,0,0,47,0,0,0,0,0,0,0,0,0,0,0,0,0,0,0,0,0,0,0,0,0,0,0,0,45,93,0,0,0,0,0
68,0,13,0,0,0,0,0,300037,0,0,0,0,53,0,0,0,0,0,0,0,0,0,0,0,0,0,0,0,0,0,0,0,0,0,178,0,0,0,109,0,0,0,0,0
68,0,14,0,0,0,0,0,300037,0,0,0,0,53,0,0,0,0,0,0,0,0,0,0,0,0,0,0,0,0,0,0,0,0,0,0,0,80,0,60,0,0,0,0,0
68,0,15,0,0,0,0,0,300037,0,0,0,0,41,0,0,0,0,0,0,0,0,0,0,0,0,0,0,0,0,0,0,0,0,0,0,0,39,0,89,0,0,0,0,0
69,0,0,0,0,0,0,0,601943,0,0,2952,133120,136,0,0,0,0,0,8109,0,0,0,0,0,0,0,0,2952,2952,0,0,0,223430,133120,0,294,0,136,284,0,0,0,0,146876
69,0,1,0,0,0,0,0,300972,8109,0,0,0,3118,0,0,0,0,0,8109,0,0,0,0,0,0,0,0,0,1117,0,0,0,116635,0,0,84,170,1090,5264,0,0,69104,0,0
69,0,2,0,0,0,0,0,300972,0,0,0,0,983,71680,0,0,0,0,0,0,0,0,0,0,0,0,0,0,0,0,0,0,58081,63328,0,249,1609,1241,2129,0,0,74184,0,69134
69,0,3,0,0,0,0,0,300972,0,0,0,0,1025,71680,0,0,0,0,0,0,0,0,0,0,0,0,0,0,0,0,0,0,0,63309,0,93,541,0,1550,0,0,298,0,71657
69,0,4,0,0,0,0,0,300972,0,0,0,0,47,0,0,0,0,0,0,0,0,0,0,0,0,0,0,0,0,0,0,0,0,0,0,87,0,45,62,0,0,0,0,0
69,0,5,0,0,0,0,0,300972,0,0,0,0,47,0,0,0,0,0,0,0,0,0,0,0,0,0,0,0,0,0,0,0,0,0,537,148,0,0,109,0,0,0,0,0
69,0,6,0,0,0,0,0,300972,0,0,0,0,47,0,0,0,0,0,0,0,0,0,0,0,0,0,0,0,0,0,0,0,0,0,0,40,98,0,52,0,0,0,0,0
69,0,7,0,0,0,0,0,300972,0,0,0,0,53,0,0,0,0,0,0,0,0,0,0,0,0,0,0,0,0,0,0,0,0,0,0,104,39,0,140,0,0,0,0,0
69,0,8,0,0,0,0,0,300972,0,0,0,0,50,0,0,0,0,0,0,0,0,0,0,0,0,0,0,0,0,0,0,0,0,0,0,52,0,42,107,0,0,0,0,0
69,0,9,0,0,0,0,0,300972,0,0,0,0,47,0,0,0,0,0,0,0,0,0,0,0,0,0,0,0,0,0,0,0,0,0,365,42,0,0,53,0,0,0,0,0
69,0,10,0,0,0,0,0,300972,0,0,0,0,53,0,0,0,0,0,0,0,0,0,0,0,0,0,0,0,0,0,0,0,0,0,0,91,92,0,118,0,0,0,0,0
69,0,11,0,0,0,0,0,300972,0,0,0,0,53,0,0,0,0,0,0,0,0,0,0,0,0,0,0,0,0,0,0,0,0,0,0,41,39,0,94,0,0,0,0,0
69,0,12,0,0,0,0,0,300972,0,0,0,0,47,0,0,0,0,0,0,0,0,0,0,0,0,0,0,0,0,0,0,0,0,0,0,0,0,45,93,0,0,0,0,0
69,0,13,0,0,0,0,0,300972,0,0,0,0,53,0,0,0,0,0,0,0,0,0,0,0,0,0,0,0,0,0,0,0,0,0,178,0,0,0,109,0,0,0,0,0
69,0,14,0,0,0,0,0,300972,0,0,0,0,53,0,0,0,0,0,0,0,0,0,0,0,0,0,0,0,0,0,0,0,0,0,0,0,80,0,60,0,0,0,0,0
69,0,15,0,0,0,0,0,300972,0,0,0,0,41,0,0,0,0,0,0,0,0,0,0,0,0,0,0,0,0,0,0,0,0,0,0,0,39,0,88,0,0,0,0,0
70,0,0,0,0,0,0,0,735908,0,0,4112,266240,136,0,0,0,0,0,9861,0,0,0,0,0,0,0,0,4112,4112,0,117501,0,327634,266240,0,1323,0,136,284,0,0,0,0,523048
70,0,1,0,0,0,0,0,367954,9861,0,0,0,3865,0,0,0,0,0,9861,0,0,0,0,0,0,0,0,0,1677,0,59330,0,113629,0,0,427,448,884,6732,0,0,79129,0,0
70,0,2,0,0,0,0,0,367954,0,0,0,0,753,71680,0,0,0,0,0,0,0,0,0,0,0,0,0,0,0,0,0,0,58355,63476,0,249,1127,1074,1377,0,0,70848,0,67425
70,0,3,0,0,0,0,0,367954,0,0,0,0,762,71680,0,0,0,0,0,0,0,0,0,0,0,0,0,0,0,0,0,0,0,63470,0,92,356,0,1007,0,0,8591,0,67409
70,0,4,0,0,0,0,0,367954,0,0,0,0,737,71680,0,0,0,0,0,0,0,0,0,0,0,0,0,0,0,0,0,0,0,62526,0,87,0,382,1030,157698,0,0,0,61598
70,0,5,0,0,0,0,0,367954,0,0,0,0,846,71680,0,0,0,0,0,0,0,0,0,0,0,0,0,0,0,0,0,0,0,62527,1454,148,0,1,1594,0,0,62833,0,59693
70,0,6,0,0,0,0,0,367954,0,0,0,0,47,0,0,0,0,0,0,0,0,0,0,0,0,0,0,0,0,0,0,0,0,0,0,40,98,1,52,0,0,0,0,0
70,0,7,0,0,0,0,0,367954,0,0,0,0,53,0,0,0,0,0,0,0,0,0,0,0,0,0,0,0,0,0,0,0,0,0,0,106,39,0,140,0,0,0,0,0
70,0,8,0,0,0,0,0,367954,0,0,0,0,50,0,0,0,0,0,0,0,0,0,0,0,0,0,0,0,0,0,0,0,0,0,0,52,0,42,107,0,0,0,0,0
70,0,9,0,0,0,0,0,367954,0,0,0,0,47,0,0,0,0,0,0,0,0,0,0,0,0,0,0,0,0,0,0,0,0,0,365,42,0,0,53,0,0,0,0,0
70,0,10,0,0,0,0,0,367954,0,0,0,0,53,0,0,0,0,0,0,0,0,0,0,0,0,0,0,0,0,0,0,0,0,0,0,91,92,0,118,0,0,0,0,0
70,0,11,0,0,0,0,0,367954,0,0,0,0,53,0,0,0,0,0,0,0,0,0,0,0,0,0,0,0,0,0,0,0,0,0,0,41,39,0,94,0,0,0,0,0
70,0,12,0,0,0,0,0,367954,0,0,0,0,47,0,0,0,0,0,0,0,0,0,0,0,0,0,0,0,0,0,0,0,0,0,0,0,0,45,93,0,0,0,0,0
70,0,13,0,0,0,0,0,367954,0,0,0,0,53,0,0,0,0,0,0,0,0,0,0,0,0,0,0,0,0,0,0,0,0,0,178,0,0,0,109,0,0,0,0,0
70,0,14,0,0,0,0,0,367954,0,0,0,0,53,0,0,0,0,0,0,0,0,0,0,0,0,0,0,0,0,0,0,0,0,0,0,0,80,0,60,0,0,0,0,0
70,0,15,0,0,0,0,0,367954,0,0,0,0,41,0,0,0,0,0,0,0,0,0,0,0,0,0,0,0,0,0,0,0,0,0,0,0,39,0,90,0,0,0,0,0
71,0,0,0,0,0,0,0,740273,0,0,4112,266240,136,0,0,0,0,0,9864,0,0,0,0,0,0,0,0,4112,4112,0,117471,0,327718,266240,0,1323,0,136,284,0,0,0,0,522892
71,0,1,0,0,0,0,0,370137,9864,0,0,0,3866,0,0,0,0,0,9864,0,0,0,0,0,0,0,0,0,1730,0,59305,0,113667,0,0,421,433,904,6724,0,0,80693,0,0
71,0,2,0,0,0,0,0,370137,0,0,0,0,773,71680,0,0,0,0,0,0,0,0,0,0,0,0,0,0,0,0,0,0,58376,63470,0,249,1089,1051,1400,0,0,71539,0,67395
71,0,3,0,0,0,0,0,370137,0,0,0,0,745,71680,0,0,0,0,0,0,0,0,0,0,0,0,0,0,0,0,0,0,0,63467,0,91,374,0,1013,0,0,9143,0,67359
71,0,4,0,0,0,0,0,370137,0,0,0,0,734,71680,0,0,0,0,0,0,0,0,0,0,0,0,0,0,0,0,0,0,0,62546,0,87,0,385,1011,156777,0,0,0,61708
71,0,5,0,0,0,0,0,370137,0,0,0,0,796,71680,0,0,0,0,0,0,0,0,0,0,0,0,0,0,0,0,0,0,0,62542,1501,148,0,1,1550,0,0,61739,0,59867
71,0,6,0,0,0,0,0,370137,0,0,0,0,47,0,0,0,0,0,0,0,0,0,0,0,0,0,0,0,0,0,0,0,0,0,0,40,98,1,52,0,0,0,0,0
71,0,7,0,0,0,0,0,370137,0,0,0,0,53,0,0,0,0,0,0,0,0,0,0,0,0,0,0,0,0,0,0,0,0,0,0,107,39,0,140,0,0,0,0,0
71,0,8,0,0,0,0,0,370137,0,0,0,0,50,0,0,0,0,0,0,0,0,0,0,0,0,0,0,0,0,0,0,0,0,0,0,52,0,42,107,0,0,0,0,0
71,0,9,0,0,0,0,0,370137,0,0,0,0,47,0,0,0,0,0,0,0,0,0,0,0,0,0,0,0,0,0,0,0,0,0,365,42,0,0,53,0,0,0,0,0
71,0,10,0,0,0,0,0,370137,0,0,0,0,53,0,0,0,0,0,0,0,0,0,0,0,0,0,0,0,0,0,0,0,0,0,0,91,92,0,118,0,0,0,0,0
71,0,11,0,0,0,0,0,370137,0,0,0,0,53,0,0,0,0,0,0,0,0,0,0,0,0,0,0,0,0,0,0,0,0,0,0,40,39,0,94,0,0,0,0,0
71,0,12,0,0,0,0,0,370137,0,0,0,0,47,0,0,0,0,0,0,0,0,0,0,0,0,0,0,0,0,0,0,0,0,0,0,0,0,45,93,0,0,0,0,0
71,0,13,0,0,0,0,0,370137,0,0,0,0,53,0,0,0,0,0,0,0,0,0,0,0,0,0,0,0,0,0,0,0,0,0,178,0,0,0,109,0,0,0,0,0
71,0,14,0,0,0,0,0,370137,0,0,0,0,53,0,0,0,0,0,0,0,0,0,0,0,0,0,0,0,0,0,0,0,0,0,0,0,80,0,60,0,0,0,0,0
71,0,15,0,0,0,0,0,370137,0,0,0,0,41,0,0,0,0,0,0,0,0,0,0,0,0,0,0,0,0,0,0,0,0,0,0,0,39,0,91,0,0,0,0,0
72,0,0,0,0,0,0,0,733310,0,0,4112,266240,136,0,0,0,0,0,9864,0,0,0,0,0,0,0,0,4112,4112,0,117777,0,327549,266240,0,1323,0,136,284,0,0,0,0,524865
72,0,1,0,0,0,0,0,366655,9864,0,0,0,4054,0,0,0,0,0,9864,0,0,0,0,0,0,0,0,0,1652,0,58394,0,113708,0,0,255,551,764,6803,0,0,183465,0,0
72,0,2,0,0,0,0,0,366655,0,0,0,0,722,71680,0,0,0,0,0,0,0,0,0,0,0,0,0,0,0,0,0,0,59102,62529,0,249,1189,1062,1477,0,0,157480,0,59558
72,0,3,0,0,0,0,0,366655,0,0,0,0,793,71680,0,0,0,0,0,0,0,0,0,0,0,0,0,0,0,0,0,0,0,62611,0,92,326,0,1049,0,0,62902,0,62234
72,0,4,0,0,0,0,0,366655,0,0,0,0,741,71680,0,0,0,0,0,0,0,0,0,0,0,0,0,0,0,0,0,0,0,63477,0,87,0,378,1136,69860,0,0,0,67518
72,0,5,0,0,0,0,0,366655,0,0,0,0,794,71680,0,0,0,0,0,0,0,0,0,0,0,0,0,0,0,0,0,0,0,63477,1510,148,0,1,1714,0,0,7825,0,67515
72,0,6,0,0,0,0,0,366655,0,0,0,0,47,0,0,0,0,0,0,0,0,0,0,0,0,0,0,0,0,0,0,0,0,0,0,40,98,1,52,0,0,0,0,0
72,0,7,0,0,0,0,0,366655,0,0,0,0,53,0,0,0,0,0,0,0,0,0,0,0,0,0,0,0,0,0,0,0,0,0,0,106,39,0,140,0,0,0,0,0
72,0,8,0,0,0,0,0,366655,0,0,0,0,50,0,0,0,0,0,0,0,0,0,0,0,0,0,0,0,0,0,0,0,0,0,0,52,0,42,107,0,0,0,0,0
72,0,9,0,0,0,0,0,366655,0,0,0,0,47,0,0,0,0,0,0,0,0,0,0,0,0,0,0,0,0,0,0,0,0,0,365,42,0,0,53,0,0,0,0,0
72,0,10,0,0,0,0,0,366655,0,0,0,0,53,0,0,0,0,0,0,0,0,0,0,0,0,0,0,0,0,0,0,0,0,0,0,91,92,0,118,0,0,0,0,0
72,0,11,0,0,0,0,0,366655,0,0,0,0,53,0,0,0,0,0,0,0,0,0,0,0,0,0,0,0,0,0,0,0,0,0,0,41,39,0,94,0,0,0,0,0
72,0,12,0,0,0,0,0,366655,0,0,0,0,47,0,0,0,0,0,0,0,0,0,0,0,0,0,0,0,0,0,0,0,0,0,0,0,0,45,93,0,0,0,0,0
72,0,13,0,0,0,0,0,366655,0,0,0,0,53,0,0,0,0,0,0,0,0,0,0,0,0,0,0,0,0,0,0,0,0,0,178,0,0,0,109,0,0,0,0,0
72,0,14,0,0,0,0,0,366655,0,0,0,0,53,0,0,0,0,0,0,0,0,0,0,0,0,0,0,0,0,0,0,0,0,0,0,0,80,0,60,0,0,0,0,0
72,0,15,0,0,0,0,0,366655,0,0,0,0,41,0,0,0,0,0,0,0,0,0,0,0,0,0,0,0,0,0,0,0,0,0,0,0,39,0,90,0,0,0,0,0
73,0,0,0,0,0,0,0,1297542,0,0,6664,399360,136,0,0,0,0,0,13704,0,0,0,0,0,0,0,0,6664,6664,0,117764,0,538928,399360,0,1151,0,136,284,0,0,0,0,989007
73,0,1,0,0,0,0,0,648771,13704,0,0,0,5803,0,0,0,0,0,13704,0,0,0,0,0,0,0,0,0,3175,0,58395,0,222517,0,0,382,435,1558,10022,0,0,150171,0,0
73,0,2,0,0,0,0,0,648771,0,0,0,0,569,71680,0,0,0,0,0,0,0,0,0,0,0,0,0,0,0,0,58311,0,113551,63226,0,1114,969,1880,1238,0,0,129049,0,62897
73,0,3,0,0,0,0,0,648771,0,0,0,0,592,71680,0,0,0,0,0,0,0,0,0,0,0,0,0,0,0,0,58350,0,0,63033,0,520,354,0,798,0,0,8080,0,67356
73,0,4,0,0,0,0,0,648771,0,0,0,0,594,71680,0,0,0,0,0,0,0,0,0,0,0,0,0,0,0,0,0,0,0,63486,0,87,0,353,874,487737,0,0,0,64420
73,0,5,0,0,0,0,0,648771,0,0,0,0,901,71680,0,0,0,0,0,0,0,0,0,0,0,0,0,0,0,0,0,0,0,63485,2808,148,0,0,2030,0,0,472071,0,61982
73,0,6,0,0,0,0,0,648771,0,0,0,0,906,71680,0,0,0,0,0,0,0,0,0,0,0,0,0,0,0,0,0,0,0,63246,0,40,1611,3,1413,0,0,260323,0,63194
73,0,7,0,0,0,0,0,648771,0,0,0,0,1061,71680,0,0,0,0,0,0,0,0,0,0,0,0,0,0,0,0,0,0,0,62976,0,106,395,0,2087,0,0,114527,0,64123
73,0,8,0,0,0,0,0,648771,0,0,0,0,50,0,0,0,0,0,0,0,0,0,0,0,0,0,0,0,0,0,0,0,0,0,0,52,0,42,107,0,0,0,0,0
73,0,9,0,0,0,0,0,648771,0,0,0,0,47,0,0,0,0,0,0,0,0,0,0,0,0,0,0,0,0,0,0,0,0,0,365,42,0,0,53,0,0,0,0,0
73,0,10,0,0,0,0,0,648771,0,0,0,0,53,0,0,0,0,0,0,0,0,0,0,0,0,0,0,0,0,0,0,0,0,0,0,91,92,0,118,0,0,0,0,0
73,0,11,0,0,0,0,0,648771,0,0,0,0,53,0,0,0,0,0,0,0,0,0,0,0,0,0,0,0,0,0,0,0,0,0,0,43,39,0,94,0,0,0,0,0
73,0,12,0,0,0,0,0,648771,0,0,0,0,47,0,0,0,0,0,0,0,0,0,0,0,0,0,0,0,0,0,0,0,0,0,0,0,0,45,93,0,0,0,0,0
73,0,13,0,0,0,0,0,648771,0,0,0,0,53,0,0,0,0,0,0,0,0,0,0,0,0,0,0,0,0,0,0,0,0,0,178,0,0,0,109,0,0,0,0,0
73,0,14,0,0,0,0,0,648771,0,0,0,0,53,0,0,0,0,0,0,0,0,0,0,0,0,0,0,0,0,0,0,0,0,0,0,0,80,0,60,0,0,0,0,0
73,0,15,0,0,0,0,0,648771,0,0,0,0,41,0,0,0,0,0,0,0,0,0,0,0,0,0,0,0,0,0,0,0,0,0,0,0,39,0,90,0,0,0,0,0
74,0,0,0,0,0,0,0,1300390,0,0,6675,399360,136,0,0,0,0,0,13719,0,0,0,0,0,0,0,0,6675,6675,0,118773,0,543607,399360,0,1151,0,136,284,0,0,0,0,986959
74,0,1,0,0,0,0,0,650195,13719,0,0,0,5279,0,0,0,0,0,13719,0,0,0,0,0,0,0,0,0,3157,0,58952,0,224492,0,0,487,529,1891,9408,0,0,170055,0,0
74,0,2,0,0,0,0,0,650195,0,0,0,0,584,71680,0,0,0,0,0,0,0,0,0,0,0,0,0,0,0,0,58161,0,115209,63350,0,1040,976,1729,1153,0,0,113264,0,67559
74,0,3,0,0,0,0,0,650195,0,0,0,0,615,71680,0,0,0,0,0,0,0,0,0,0,0,0,0,0,0,0,58815,0,0,63243,0,581,332,0,914,0,0,68926,0,62853
74,0,4,0,0,0,0,0,650195,0,0,0,0,598,71680,0,0,0,0,0,0,0,0,0,0,0,0,0,0,0,0,0,0,0,63484,0,87,0,349,972,483608,0,0,0,64463
74,0,5,0,0,0,0,0,650195,0,0,0,0,935,71680,0,0,0,0,0,0,0,0,0,0,0,0,0,0,0,0,0,0,0,63479,2899,148,0,1,1959,0,0,471802,0,61446
74,0,6,0,0,0,0,0,650195,0,0,0,0,933,71680,0,0,0,0,0,0,0,0,0,0,0,0,0,0,0,0,0,0,0,63269,0,40,1497,1,1518,0,0,259073,0,63552
74,0,7,0,0,0,0,0,650195,0,0,0,0,969,71680,0,0,0,0,0,0,0,0,0,0,0,0,0,0,0,0,0,0,0,63010,0,109,491,0,1937,0,0,116595,0,63839
74,0,8,0,0,0,0,0,650195,0,0,0,0,50,0,0,0,0,0,0,0,0,0,0,0,0,0,0,0,0,0,0,0,0,0,0,52,0,42,107,0,0,0,0,0
74,0,9,0,0,0,0,0,650195,0,0,0,0,47,0,0,0,0,0,0,0,0,0,0,0,0,0,0,0,0,0,0,0,0,0,365,42,0,0,53,0,0,0,0,0
74,0,10,0,0,0,0,0,650195,0,0,0,0,53,0,0,0,0,0,0,0,0,0,0,0,0,0,0,0,0,0,0,0,0,0,0,91,92,0,118,0,0,0,0,0
74,0,11,0,0,0,0,0,650195,0,0,0,0,53,0,0,0,0,0,0,0,0,0,0,0,0,0,0,0,0,0,0,0,0,0,0,40,39,0,94,0,0,0,0,0
74,0,12,0,0,0,0,0,650195,0,0,0,0,47,0,0,0,0,0,0,0,0,0,0,0,0,0,0,0,0,0,0,0,0,0,0,0,0,45,93,0,0,0,0,0
74,0,13,0,0,0,0,0,650195,0,0,0,0,53,0,0,0,0,0,0,0,0,0,0,0,0,0,0,0,0,0,0,0,0,0,178,0,0,0,109,0,0,0,0,0
74,0,14,0,0,0,0,0,650195,0,0,0,0,53,0,0,0,0,0,0,0,0,0,0,0,0,0,0,0,0,0,0,0,0,0,0,0,80,0,60,0,0,0,0,0
74,0,15,0,0,0,0,0,650195,0,0,0,0,41,0,0,0,0,0,0,0,0,0,0,0,0,0,0,0,0,0,0,0,0,0,0,0,39,0,93,0,0,0,0,0
75,0,0,0,0,0,0,0,1277316,0,0,6644,399360,136,0,0,0,0,0,13674,0,0,0,0,0,0,0,0,6644,6644,0,118582,0,537994,399360,0,1151,0,136,284,0,0,0,0,957668
75,0,1,0,0,0,0,0,638658,13674,0,0,0,5709,0,0,0,0,0,13674,0,0,0,0,0,0,0,0,0,3263,0,58912,0,222847,0,0,421,413,1615,9772,0,0,172810,0,0
75,0,2,0,0,0,0,0,638658,0,0,0,0,628,71680,0,0,0,0,0,0,0,0,0,0,0,0,0,0,0,0,58685,0,112562,63001,0,1132,926,1799,1310,0,0,121524,0,66674
75,0,3,0,0,0,0,0,638658,0,0,0,0,616,71680,0,0,0,0,0,0,0,0,0,0,0,0,0,0,0,0,58220,0,0,63410,0,541,323,0,885,0,0,66365,0,63115
75,0,4,0,0,0,0,0,638658,0,0,0,0,631,71680,0,0,0,0,0,0,0,0,0,0,0,0,0,0,0,0,0,0,0,63404,0,87,0,316,889,466980,0,0,0,64895
75,0,5,0,0,0,0,0,638658,0,0,0,0,903,71680,0,0,0,0,0,0,0,0,0,0,0,0,0,0,0,0,0,0,0,63381,2987,148,0,0,1965,0,0,419836,0,61968
75,0,6,0,0,0,0,0,638658,0,0,0,0,940,71680,0,0,0,0,0,0,0,0,0,0,0,0,0,0,0,0,0,0,0,63306,0,40,1463,2,1441,0,0,262062,0,61959
75,0,7,0,0,0,0,0,638658,0,0,0,0,935,71680,0,0,0,0,0,0,0,0,0,0,0,0,0,0,0,0,0,0,0,62517,0,106,534,0,1952,0,0,85166,0,65045
75,0,8,0,0,0,0,0,638658,0,0,0,0,50,0,0,0,0,0,0,0,0,0,0,0,0,0,0,0,0,0,0,0,0,0,0,52,0,42,107,0,0,0,0,0
75,0,9,0,0,0,0,0,638658,0,0,0,0,47,0,0,0,0,0,0,0,0,0,0,0,0,0,0,0,0,0,0,0,0,0,365,42,0,0,53,0,0,0,0,0
75,0,10,0,0,0,0,0,638658,0,0,0,0,53,0,0,0,0,0,0,0,0,0,0,0,0,0,0,0,0,0,0,0,0,0,0,91,92,0,118,0,0,0,0,0
75,0,11,0,0,0,0,0,638658,0,0,0,0,53,0,0,0,0,0,0,0,0,0,0,0,0,0,0,0,0,0,0,0,0,0,0,43,39,0,94,0,0,0,0,0
75,0,12,0,0,0,0,0,638658,0,0,0,0,47,0,0,0,0,0,0,0,0,0,0,0,0,0,0,0,0,0,0,0,0,0,0,0,0,45,93,0,0,0,0,0
75,0,13,0,0,0,0,0,638658,0,0,0,0,53,0,0,0,0,0,0,0,0,0,0,0,0,0,0,0,0,0,0,0,0,0,178,0,0,0,109,0,0,0,0,0
75,0,14,0,0,0,0,0,638658,0,0,0,0,53,0,0,0,0,0,0,0,0,0,0,0,0,0,0,0,0,0,0,0,0,0,0,0,80,0,60,0,0,0,0,0
75,0,15,0,0,0,0,0,638658,0,0,0,0,41,0,0,0,0,0,0,0,0,0,0,0,0,0,0,0,0,0,0,0,0,0,0,0,39,0,90,0,0,0,0,0
76,0,0,0,0,0,0,0,1580993,0,0,8234,532480,136,0,0,0,0,0,16068,0,0,0,0,0,0,0,0,8234,8234,0,227625,0,641196,532480,0,2112,0,136,284,0,0,0,0,1118285
76,0,1,0,0,0,0,0,790496,16068,0,0,0,6492,0,0,0,0,0,16068,0,0,0,0,0,0,0,0,0,4262,0,114545,0,222122,0,0,807,793,1658,11351,0,0,153082,0,0
76,0,2,0,0,0,0,0,790496,0,0,0,0,453,71680,0,0,0,0,0,0,0,0,0,0,0,0,0,0,0,0,58942,0,113740,63178,0,1209,684,1635,931,0,0,113447,0,65790
76,0,3,0,0,0,0,0,790496,0,0,0,0,445,71680,0,0,0,0,0,0,0,0,0,0,0,0,0,0,0,0,58253,0,0,63107,0,641,248,0,654,0,0,32654,0,65724
76,0,4,0,0,0,0,0,790496,0,0,0,0,539,71680,0,0,0,0,0,0,0,0,0,0,0,0,0,0,0,0,58352,0,0,63222,0,454,0,292,809,489354,0,0,0,65098
76,0,5,0,0,0,0,0,790496,0,0,0,0,796,71680,0,0,0,0,0,0,0,0,0,0,0,0,0,0,0,0,58479,0,0,63291,4019,869,0,2,1630,0,0,479522,0,63612
76,0,6,0,0,0,0,0,790496,0,0,0,0,1069,71680,0,0,0,0,0,0,0,0,0,0,0,0,0,0,0,0,0,0,0,63332,0,40,1549,0,1615,0,0,345172,0,62898
76,0,7,0,0,0,0,0,790496,0,0,0,0,1028,71680,0,0,0,0,0,0,0,0,0,0,0,0,0,0,0,0,0,0,0,62919,0,108,563,0,2067,0,0,123364,0,64589
76,0,8,0,0,0,0,0,790496,0,0,0,0,793,71680,0,0,0,0,0,0,0,0,0,0,0,0,0,0,0,0,0,0,0,62962,0,52,0,374,1560,303544,0,0,0,63484
76,0,9,0,0,0,0,0,790496,0,0,0,0,775,71680,0,0,0,0,0,0,0,0,0,0,0,0,0,0,0,0,0,0,0,63223,1454,42,0,1,1137,0,0,98212,0,63392
76,0,10,0,0,0,0,0,790496,0,0,0,0,53,0,0,0,0,0,0,0,0,0,0,0,0,0,0,0,0,0,0,0,0,0,0,91,92,1,118,0,0,0,0,0
76,0,11,0,0,0,0,0,790496,0,0,0,0,53,0,0,0,0,0,0,0,0,0,0,0,0,0,0,0,0,0,0,0,0,0,0,42,39,0,94,0,0,0,0,0
76,0,12,0,0,0,0,0,790496,0,0,0,0,47,0,0,0,0,0,0,0,0,0,0,0,0,0,0,0,0,0,0,0,0,0,0,0,0,45,93,0,0,0,0,0
76,0,13,0,0,0,0,0,790496,0,0,0,0,53,0,0,0,0,0,0,0,0,0,0,0,0,0,0,0,0,0,0,0,0,0,178,0,0,0,109,0,0,0,0,0
76,0,14,0,0,0,0,0,790496,0,0,0,0,53,0,0,0,0,0,0,0,0,0,0,0,0,0,0,0,0,0,0,0,0,0,0,0,80,0,60,0,0,0,0,0
76,0,15,0,0,0,0,0,790496,0,0,0,0,41,0,0,0,0,0,0,0,0,0,0,0,0,0,0,0,0,0,0,0,0,0,0,0,39,0,93,0,0,0,0,0
77,0,0,0,0,0,0,0,1576208,0,0,8210,532480,136,0,0,0,0,0,16035,0,0,0,0,0,0,0,0,8210,8210,0,227520,0,641566,532480,0,2102,0,136,284,0,0,0,0,1117139
77,0,1,0,0,0,0,0,788104,16035,0,0,0,6458,0,0,0,0,0,16035,0,0,0,0,0,0,0,0,0,4214,0,114608,0,222085,0,0,851,764,1653,11362,0,0,156288,0,0
77,0,2,0,0,0,0,0,788104,0,0,0,0,445,71680,0,0,0,0,0,0,0,0,0,0,0,0,0,0,0,0,58914,0,113721,63164,0,1218,699,1625,925,0,0,115958,0,65625
77,0,3,0,0,0,0,0,788104,0,0,0,0,450,71680,0,0,0,0,0,0,0,0,0,0,0,0,0,0,0,0,58155,0,0,63094,0,644,245,0,664,0,0,34307,0,65730
77,0,4,0,0,0,0,0,788104,0,0,0,0,533,71680,0,0,0,0,0,0,0,0,0,0,0,0,0,0,0,0,58345,0,0,63240,0,446,0,296,782,485998,0,0,0,65117
77,0,5,0,0,0,0,0,788104,0,0,0,0,799,71680,0,0,0,0,0,0,0,0,0,0,0,0,0,0,0,0,58509,0,0,63296,3935,834,0,0,1614,0,0,470726,0,63558
77,0,6,0,0,0,0,0,788104,0,0,0,0,1035,71680,0,0,0,0,0,0,0,0,0,0,0,0,0,0,0,0,0,0,0,63332,0,40,1599,3,1568,0,0,343431,0,62659
77,0,7,0,0,0,0,0,788104,0,0,0,0,1048,71680,0,0,0,0,0,0,0,0,0,0,0,0,0,0,0,0,0,0,0,62852,0,106,538,0,2080,0,0,120255,0,64805
77,0,8,0,0,0,0,0,788104,0,0,0,0,769,71680,0,0,0,0,0,0,0,0,0,0,0,0,0,0,0,0,0,0,0,62950,0,52,0,390,1536,296719,0,0,0,63360
77,0,9,0,0,0,0,0,788104,0,0,0,0,741,71680,0,0,0,0,0,0,0,0,0,0,0,0,0,0,0,0,0,0,0,63220,1455,42,0,2,1130,0,0,93482,0,63411
77,0,10,0,0,0,0,0,788104,0,0,0,0,53,0,0,0,0,0,0,0,0,0,0,0,0,0,0,0,0,0,0,0,0,0,0,91,92,0,118,0,0,0,0,0
77,0,11,0,0,0,0,0,788104,0,0,0,0,53,0,0,0,0,0,0,0,0,0,0,0,0,0,0,0,0,0,0,0,0,0,0,45,39,0,94,0,0,0,0,0
77,0,12,0,0,0,0,0,788104,0,0,0,0,47,0,0,0,0,0,0,0,0,0,0,0,0,0,0,0,0,0,0,0,0,0,0,0,0,45,93,0,0,0,0,0
77,0,13,0,0,0,0,0,788104,0,0,0,0,53,0,0,0,0,0,0,0,0,0,0,0,0,0,0,0,0,0,0,0,0,0,178,0,0,0,109,0,0,0,0,0
77,0,14,0,0,0,0,0,788104,0,0,0,0,53,0,0,0,0,0,0,0,0,0,0,0,0,0,0,0,0,0,0,0,0,0,0,0,80,0,60,0,0,0,0,0
77,0,15,0,0,0,0,0,788104,0,0,0,0,41,0,0,0,0,0,0,0,0,0,0,0,0,0,0,0,0,0,0,0,0,0,0,0,39,0,90,0,0,0,0,0
78,0,0,0,0,0,0,0,1577203,0,0,8182,532480,136,0,0,0,0,0,15993,0,0,0,0,0,0,0,0,8182,8182,0,227588,0,641240,532480,0,2110,0,136,284,0,0,0,0,1120357
78,0,1,0,0,0,0,0,788602,15993,0,0,0,6502,0,0,0,0,0,15993,0,0,0,0,0,0,0,0,0,4083,0,114668,0,222047,0,0,802,786,1608,11404,0,0,152425,0,0
78,0,2,0,0,0,0,0,788602,0,0,0,0,455,71680,0,0,0,0,0,0,0,0,0,0,0,0,0,0,0,0,58853,0,113685,63166,0,1223,671,1656,913,0,0,113072,0,65724
78,0,3,0,0,0,0,0,788602,0,0,0,0,436,71680,0,0,0,0,0,0,0,0,0,0,0,0,0,0,0,0,58239,0,0,63116,0,596,254,0,652,0,0,32722,0,65806
78,0,4,0,0,0,0,0,788602,0,0,0,0,536,71680,0,0,0,0,0,0,0,0,0,0,0,0,0,0,0,0,58325,0,0,63241,0,458,0,297,795,489661,0,0,0,65168
78,0,5,0,0,0,0,0,788602,0,0,0,0,783,71680,0,0,0,0,0,0,0,0,0,0,0,0,0,0,0,0,58595,0,0,63271,3937,858,0,1,1619,0,0,470910,0,63475
78,0,6,0,0,0,0,0,788602,0,0,0,0,1015,71680,0,0,0,0,0,0,0,0,0,0,0,0,0,0,0,0,0,0,0,63301,0,40,1619,1,1531,0,0,339950,0,62794
78,0,7,0,0,0,0,0,788602,0,0,0,0,1060,71680,0,0,0,0,0,0,0,0,0,0,0,0,0,0,0,0,0,0,0,62912,0,107,515,0,2128,0,0,115790,0,64657
78,0,8,0,0,0,0,0,788602,0,0,0,0,745,71680,0,0,0,0,0,0,0,0,0,0,0,0,0,0,0,0,0,0,0,62939,0,52,0,418,1504,299671,0,0,0,63298
78,0,9,0,0,0,0,0,788602,0,0,0,0,751,71680,0,0,0,0,0,0,0,0,0,0,0,0,0,0,0,0,0,0,0,63178,1427,42,0,0,1120,0,0,97882,0,63558
78,0,10,0,0,0,0,0,788602,0,0,0,0,53,0,0,0,0,0,0,0,0,0,0,0,0,0,0,0,0,0,0,0,0,0,0,91,92,2,118,0,0,0,0,0
78,0,11,0,0,0,0,0,788602,0,0,0,0,53,0,0,0,0,0,0,0,0,0,0,0,0,0,0,0,0,0,0,0,0,0,0,42,39,0,94,0,0,0,0,0
78,0,12,0,0,0,0,0,788602,0,0,0,0,47,0,0,0,0,0,0,0,0,0,0,0,0,0,0,0,0,0,0,0,0,0,0,0,0,45,93,0,0,0,0,0
78,0,13,0,0,0,0,0,788602,0,0,0,0,53,0,0,0,0,0,0,0,0,0,0,0,0,0,0,0,0,0,0,0,0,0,178,0,0,0,109,0,0,0,0,0
78,0,14,0,0,0,0,0,788602,0,0,0,0,53,0,0,0,0,0,0,0,0,0,0,0,0,0,0,0,0,0,0,0,0,0,0,0,80,0,60,0,0,0,0,0
78,0,15,0,0,0,0,0,788602,0,0,0,0,41,0,0,0,0,0,0,0,0,0,0,0,0,0,0,0,0,0,0,0,0,0,0,0,39,0,93,0,0,0,0,0
79,0,0,0,0,0,0,0,1895552,0,0,9998,665600,136,0,0,0,0,0,18729,0,0,0,0,0,0,0,0,9998,9998,0,227671,0,838933,665600,0,1786,0,136,284,0,0,0,0,1433452
79,0,1,0,0,0,0,0,947776,18729,0,0,0,7757,0,0,0,0,0,18729,0,0,0,0,0,0,0,0,0,4969,0,114431,0,324814,0,0,778,665,2316,13436,0,0,140207,0,0
79,0,2,0,0,0,0,0,947776,0,0,0,0,357,71680,0,0,0,0,0,0,0,0,0,0,0,0,0,0,0,0,114186,0,165952,63167,0,2057,573,2372,754,0,0,102704,0,65632
79,0,3,0,0,0,0,0,947776,0,0,0,0,356,71680,0,0,0,0,0,0,0,0,0,0,0,0,0,0,0,0,114172,0,0,63136,0,1032,219,0,518,0,0,25435,0,65893
79,0,4,0,0,0,0,0,947776,0,0,0,0,435,71680,0,0,0,0,0,0,0,0,0,0,0,0,0,0,0,0,58265,0,0,63225,0,383,0,244,648,651818,0,0,0,65137
79,0,5,0,0,0,0,0,947776,0,0,0,0,658,71680,0,0,0,0,0,0,0,0,0,0,0,0,0,0,0,0,58668,0,0,63278,5070,1000,0,0,1320,0,0,558063,0,62721
79,0,6,0,0,0,0,0,947776,0,0,0,0,815,71680,0,0,0,0,0,0,0,0,0,0,0,0,0,0,0,0,58430,0,0,63164,0,550,1251,2,1202,0,0,368057,0,62386
79,0,7,0,0,0,0,0,947776,0,0,0,0,822,71680,0,0,0,0,0,0,0,0,0,0,0,0,0,0,0,0,58749,0,0,62997,0,1102,423,0,1673,0,0,136375,0,62547
79,0,8,0,0,0,0,0,947776,0,0,0,0,641,71680,0,0,0,0,0,0,0,0,0,0,0,0,0,0,0,0,0,0,0,62918,0,52,0,352,1305,676757,0,0,0,62947
79,0,9,0,0,0,0,0,947776,0,0,0,0,865,71680,0,0,0,0,0,0,0,0,0,0,0,0,0,0,0,0,0,0,0,63321,2885,42,0,2,1256,0,0,566846,0,61996
79,0,10,0,0,0,0,0,947776,0,0,0,0,1097,71680,0,0,0,0,0,0,0,0,0,0,0,0,0,0,0,0,0,0,0,63278,0,91,1662,1,2197,0,0,410903,0,64553
79,0,11,0,0,0,0,0,947776,0,0,0,0,1125,71680,0,0,0,0,0,0,0,0,0,0,0,0,0,0,0,0,0,0,0,63265,0,46,509,0,1715,0,0,191866,0,62202
79,0,12,0,0,0,0,0,947776,0,0,0,0,47,0,0,0,0,0,0,0,0,0,0,0,0,0,0,0,0,0,0,0,0,0,0,0,0,45,93,0,0,0,0,0
79,0,13,0,0,0,0,0,947776,0,0,0,0,53,0,0,0,0,0,0,0,0,0,0,0,0,0,0,0,0,0,0,0,0,0,178,0,0,0,109,0,0,0,0,0
79,0,14,0,0,0,0,0,947776,0,0,0,0,53,0,0,0,0,0,0,0,0,0,0,0,0,0,0,0,0,0,0,0,0,0,0,0,80,0,60,0,0,0,0,0
79,0,15,0,0,0,0,0,947776,0,0,0,0,41,0,0,0,0,0,0,0,0,0,0,0,0,0,0,0,0,0,0,0,0,0,0,0,39,0,91,0,0,0,0,0
80,0,0,0,0,0,0,0,1893124,0,0,10006,665600,136,0,0,0,0,0,18738,0,0,0,0,0,0,0,0,10006,10006,0,227636,0,838251,665600,0,1784,0,136,284,0,0,0,0,1424242
80,0,1,0,0,0,0,0,946562,18738,0,0,0,7782,0,0,0,0,0,18738,0,0,0,0,0,0,0,0,0,4819,0,114311,0,324894,0,0,791,649,2302,13509,0,0,137019,0,0
80,0,2,0,0,0,0,0,946562,0,0,0,0,361,71680,0,0,0,0,0,0,0,0,0,0,0,0,0,0,0,0,114254,0,165412,63149,0,2055,570,2391,756,0,0,99052,0,65879
80,0,3,0,0,0,0,0,946562,0,0,0,0,361,71680,0,0,0,0,0,0,0,0,0,0,0,0,0,0,0,0,114126,0,0,63136,0,1009,209,0,528,0,0,26189,0,65675
80,0,4,0,0,0,0,0,946562,0,0,0,0,432,71680,0,0,0,0,0,0,0,0,0,0,0,0,0,0,0,0,58278,0,0,63239,0,370,0,247,642,650526,0,0,0,65016
80,0,5,0,0,0,0,0,946562,0,0,0,0,641,71680,0,0,0,0,0,0,0,0,0,0,0,0,0,0,0,0,58687,0,0,63292,5033,1000,0,1,1300,0,0,564262,0,62401
80,0,6,0,0,0,0,0,946562,0,0,0,0,819,71680,0,0,0,0,0,0,0,0,0,0,0,0,0,0,0,0,58866,0,0,63206,0,552,1258,1,1210,0,0,370477,0,62425
80,0,7,0,0,0,0,0,946562,0,0,0,0,841,71680,0,0,0,0,0,0,0,0,0,0,0,0,0,0,0,0,58306,0,0,63010,0,1116,396,0,1706,0,0,136552,0,62413
80,0,8,0,0,0,0,0,946562,0,0,0,0,632,71680,0,0,0,0,0,0,0,0,0,0,0,0,0,0,0,0,0,0,0,62898,0,52,0,359,1307,682797,0,0,0,63001
80,0,9,0,0,0,0,0,946562,0,0,0,0,855,71680,0,0,0,0,0,0,0,0,0,0,0,0,0,0,0,0,0,0,0,63258,2944,42,0,2,1252,0,0,563951,0,62187
80,0,10,0,0,0,0,0,946562,0,0,0,0,1088,71680,0,0,0,0,0,0,0,0,0,0,0,0,0,0,0,0,0,0,0,63277,0,91,1634,0,2198,0,0,417985,0,63481
80,0,11,0,0,0,0,0,946562,0,0,0,0,1076,71680,0,0,0,0,0,0,0,0,0,0,0,0,0,0,0,0,0,0,0,63238,0,45,571,0,1665,0,0,183239,0,63299
80,0,12,0,0,0,0,0,946562,0,0,0,0,47,0,0,0,0,0,0,0,0,0,0,0,0,0,0,0,0,0,0,0,0,0,0,0,0,45,93,0,0,0,0,0
80,0,13,0,0,0,0,0,946562,0,0,0,0,53,0,0,0,0,0,0,0,0,0,0,0,0,0,0,0,0,0,0,0,0,0,178,0,0,0,109,0,0,0,0,0
80,0,14,0,0,0,0,0,946562,0,0,0,0,53,0,0,0,0,0,0,0,0,0,0,0,0,0,0,0,0,0,0,0,0,0,0,0,80,0,60,0,0,0,0,0
80,0,15,0,0,0,0,0,946562,0,0,0,0,41,0,0,0,0,0,0,0,0,0,0,0,0,0,0,0,0,0,0,0,0,0,0,0,39,0,92,0,0,0,0,0
81,0,0,0,0,0,0,0,1904003,0,0,10042,665600,136,0,0,0,0,0,18792,0,0,0,0,0,0,0,0,10042,10042,0,227707,0,838941,665600,0,1792,0,136,284,0,0,0,0,1434084
81,0,1,0,0,0,0,0,952002,18792,0,0,0,7837,0,0,0,0,0,18792,0,0,0,0,0,0,0,0,0,4951,0,114364,0,325134,0,0,812,653,2258,13541,0,0,138387,0,0
81,0,2,0,0,0,0,0,952002,0,0,0,0,383,71680,0,0,0,0,0,0,0,0,0,0,0,0,0,0,0,0,114356,0,165610,63188,0,2113,556,2400,775,0,0,100924,0,65768
81,0,3,0,0,0,0,0,952002,0,0,0,0,370,71680,0,0,0,0,0,0,0,0,0,0,0,0,0,0,0,0,114200,0,0,63168,0,1019,201,0,527,0,0,25186,0,65753
81,0,4,0,0,0,0,0,952002,0,0,0,0,442,71680,0,0,0,0,0,0,0,0,0,0,0,0,0,0,0,0,58365,0,0,63207,0,383,0,237,643,649504,0,0,0,65162
81,0,5,0,0,0,0,0,952002,0,0,0,0,665,71680,0,0,0,0,0,0,0,0,0,0,0,0,0,0,0,0,58676,0,0,63270,5106,993,0,0,1318,0,0,557839,0,62591
81,0,6,0,0,0,0,0,952002,0,0,0,0,813,71680,0,0,0,0,0,0,0,0,0,0,0,0,0,0,0,0,58848,0,0,63202,0,522,1264,2,1186,0,0,373833,0,62226
81,0,7,0,0,0,0,0,952002,0,0,0,0,835,71680,0,0,0,0,0,0,0,0,0,0,0,0,0,0,0,0,58235,0,0,63020,0,1123,408,0,1692,0,0,140826,0,62504
81,0,8,0,0,0,0,0,952002,0,0,0,0,635,71680,0,0,0,0,0,0,0,0,0,0,0,0,0,0,0,0,0,0,0,62946,0,52,0,364,1305,685159,0,0,0,63002
81,0,9,0,0,0,0,0,952002,0,0,0,0,884,71680,0,0,0,0,0,0,0,0,0,0,0,0,0,0,0,0,0,0,0,63273,2888,42,0,2,1298,0,0,571862,0,62067
81,0,10,0,0,0,0,0,952002,0,0,0,0,1070,71680,0,0,0,0,0,0,0,0,0,0,0,0,0,0,0,0,0,0,0,63349,0,91,1682,1,2214,0,0,420143,0,62526
81,0,11,0,0,0,0,0,952002,0,0,0,0,1103,71680,0,0,0,0,0,0,0,0,0,0,0,0,0,0,0,0,0,0,0,63239,0,44,548,0,1689,0,0,153611,0,63965
81,0,12,0,0,0,0,0,952002,0,0,0,0,47,0,0,0,0,0,0,0,0,0,0,0,0,0,0,0,0,0,0,0,0,0,0,0,0,45,93,0,0,0,0,0
81,0,13,0,0,0,0,0,952002,0,0,0,0,53,0,0,0,0,0,0,0,0,0,0,0,0,0,0,0,0,0,0,0,0,0,178,0,0,0,109,0,0,0,0,0
81,0,14,0,0,0,0,0,952002,0,0,0,0,53,0,0,0,0,0,0,0,0,0,0,0,0,0,0,0,0,0,0,0,0,0,0,0,80,0,60,0,0,0,0,0
81,0,15,0,0,0,0,0,952002,0,0,0,0,41,0,0,0,0,0,0,0,0,0,0,0,0,0,0,0,0,0,0,0,0,0,0,0,39,0,93,0,0,0,0,0
82,0,0,0,0,0,0,0,2396388,0,0,12856,865280,136,0,0,0,0,0,23031,0,0,0,0,0,0,0,0,12856,12856,0,329622,0,1026728,865280,0,2829,0,136,284,0,0,0,0,1932248
82,0,1,0,0,0,0,0,1198194,23031,0,0,0,9613,0,0,0,0,0,23031,0,0,0,0,0,0,0,0,0,6340,0,165731,0,373403,0,0,1229,1067,2468,16475,0,0,145827,0,0
82,0,2,0,0,0,0,0,1198194,0,0,0,0,294,71680,0,0,0,0,0,0,0,0,0,0,0,0,0,0,0,0,167666,0,164866,63204,0,2777,488,2104,604,0,0,105469,0,65483
82,0,3,0,0,0,0,0,1198194,0,0,0,0,305,71680,0,0,0,0,0,0,0,0,0,0,0,0,0,0,0,0,113703,0,0,63078,0,842,171,0,442,0,0,29686,0,65528
82,0,4,0,0,0,0,0,1198194,0,0,0,0,332,71680,0,0,0,0,0,0,0,0,0,0,0,0,0,0,0,0,113573,0,0,63245,0,801,0,209,536,872778,0,0,0,65280
82,0,5,0,0,0,0,0,1198194,0,0,0,0,517,71680,0,0,0,0,0,0,0,0,0,0,0,0,0,0,0,0,113869,0,0,63166,6824,1952,0,0,1077,0,0,524531,0,62802
82,0,6,0,0,0,0,0,1198194,0,0,0,0,610,71680,0,0,0,0,0,0,0,0,0,0,0,0,0,0,0,0,114883,0,0,63270,0,1037,931,2,889,0,0,358416,0,62525
82,0,7,0,0,0,0,0,1198194,0,0,0,0,623,71680,0,0,0,0,0,0,0,0,0,0,0,0,0,0,0,0,58640,0,0,63022,0,1144,296,0,1236,0,0,133242,0,62666
82,0,8,0,0,0,0,0,1198194,0,0,0,0,596,71680,0,0,0,0,0,0,0,0,0,0,0,0,0,0,0,0,58508,0,0,63053,0,879,0,323,1196,929423,0,0,0,62732
82,0,9,0,0,0,0,0,1198194,0,0,0,0,886,71680,0,0,0,0,0,0,0,0,0,0,0,0,0,0,0,0,58660,0,0,63316,4675,555,0,2,1317,0,0,846077,0,61385
82,0,10,0,0,0,0,0,1198194,0,0,0,0,1022,71680,0,0,0,0,0,0,0,0,0,0,0,0,0,0,0,0,58626,0,0,63363,0,1047,1588,1,2104,0,0,605140,0,62829
82,0,11,0,0,0,0,0,1198194,0,0,0,0,1037,71680,0,0,0,0,0,0,0,0,0,0,0,0,0,0,0,0,0,0,0,63230,0,11,538,0,1559,0,0,274321,0,61860
82,0,12,0,0,0,0,0,1198194,0,0,0,0,894,71680,0,0,0,0,0,0,0,0,0,0,0,0,0,0,0,0,0,0,0,63243,0,0,0,451,1368,891776,0,0,0,60962
82,0,13,0,0,0,0,0,1198194,0,0,0,0,1024,71680,0,0,0,0,0,0,0,0,0,0,0,0,0,0,0,0,0,0,0,63179,2512,0,0,1,2052,0,0,577252,0,62336
82,0,14,0,0,0,0,0,1198194,0,0,0,0,1030,71680,0,0,0,0,0,0,0,0,0,0,0,0,0,0,0,0,0,0,0,63210,0,0,586,1,1566,0,0,272602,0,61751
82,0,15,0,0,0,0,0,1198194,0,0,0,0,41,0,0,0,0,0,0,0,0,0,0,0,0,0,0,0,0,0,0,0,0,0,0,0,39,0,128,0,0,0,0,0
83,0,0,0,0,0,0,0,2391400,0,0,12868,865280,136,0,0,0,0,0,23049,0,0,0,0,0,0,0,0,12868,12868,0,329464,0,1029170,865280,0,2843,0,136,284,0,0,0,0,1935033
83,0,1,0,0,0,0,0,1195700,23049,0,0,0,9625,0,0,0,0,0,23049,0,0,0,0,0,0,0,0,0,6046,0,165287,0,374915,0,0,1221,1015,2528,16493,0,0,145968,0,0
83,0,2,0,0,0,0,0,1195700,0,0,0,0,308,71680,0,0,0,0,0,0,0,0,0,0,0,0,0,0,0,0,168477,0,164979,63171,0,2734,471,2045,648,0,0,105893,0,65450
83,0,3,0,0,0,0,0,1195700,0,0,0,0,307,71680,0,0,0,0,0,0,0,0,0,0,0,0,0,0,0,0,113657,0,0,63115,0,895,166,0,443,0,0,26970,0,65703
83,0,4,0,0,0,0,0,1195700,0,0,0,0,345,71680,0,0,0,0,0,0,0,0,0,0,0,0,0,0,0,0,113436,0,0,63214,0,781,0,196,510,878002,0,0,0,65283
83,0,5,0,0,0,0,0,1195700,0,0,0,0,517,71680,0,0,0,0,0,0,0,0,0,0,0,0,0,0,0,0,113801,0,0,63184,6847,1991,0,1,1056,0,0,523512,0,62900
83,0,6,0,0,0,0,0,1195700,0,0,0,0,605,71680,0,0,0,0,0,0,0,0,0,0,0,0,0,0,0,0,115542,0,0,63263,0,1084,916,1,878,0,0,360546,0,62537
83,0,7,0,0,0,0,0,1195700,0,0,0,0,605,71680,0,0,0,0,0,0,0,0,0,0,0,0,0,0,0,0,58824,0,0,63049,0,1075,312,0,1233,0,0,134130,0,62594
83,0,8,0,0,0,0,0,1195700,0,0,0,0,583,71680,0,0,0,0,0,0,0,0,0,0,0,0,0,0,0,0,58561,0,0,63066,0,907,0,336,1189,924717,0,0,0,62914
83,0,9,0,0,0,0,0,1195700,0,0,0,0,900,71680,0,0,0,0,0,0,0,0,0,0,0,0,0,0,0,0,58432,0,0,63386,4699,550,0,0,1309,0,0,821908,0,61861
83,0,10,0,0,0,0,0,1195700,0,0,0,0,1066,71680,0,0,0,0,0,0,0,0,0,0,0,0,0,0,0,0,58509,0,0,63237,0,1055,1557,3,2093,0,0,605298,0,62553
83,0,11,0,0,0,0,0,1195700,0,0,0,0,1049,71680,0,0,0,0,0,0,0,0,0,0,0,0,0,0,0,0,0,0,0,63192,0,43,525,0,1607,0,0,279668,0,62144
83,0,12,0,0,0,0,0,1195700,0,0,0,0,897,71680,0,0,0,0,0,0,0,0,0,0,0,0,0,0,0,0,0,0,0,63173,0,0,0,462,1357,907670,0,0,0,60007
83,0,13,0,0,0,0,0,1195700,0,0,0,0,1019,71680,0,0,0,0,0,0,0,0,0,0,0,0,0,0,0,0,0,0,0,63243,2520,0,0,1,2052,0,0,571833,0,62298
83,0,14,0,0,0,0,0,1195700,0,0,0,0,1030,71680,0,0,0,0,0,0,0,0,0,0,0,0,0,0,0,0,0,0,0,63234,0,0,586,1,1558,0,0,276201,0,61363
83,0,15,0,0,0,0,0,1195700,0,0,0,0,41,0,0,0,0,0,0,0,0,0,0,0,0,0,0,0,0,0,0,0,0,0,0,0,39,0,96,0,0,0,0,0
84,0,0,0,0,0,0,0,2392022,0,0,12934,865280,136,0,0,0,0,0,23151,0,0,0,0,0,0,0,0,12934,12934,0,329476,0,1029690,865280,0,2897,0,136,284,0,0,0,0,1973266
84,0,1,0,0,0,0,0,1196011,23151,0,0,0,9688,0,0,0,0,0,23151,0,0,0,0,0,0,0,0,0,6316,0,164522,0,376014,0,0,1314,983,2470,16592,0,0,145651,0,0
84,0,2,0,0,0,0,0,1196011,0,0,0,0,303,71680,0,0,0,0,0,0,0,0,0,0,0,0,0,0,0,0,168804,0,164497,63190,0,2833,478,1988,636,0,0,104196,0,65586
84,0,3,0,0,0,0,0,1196011,0,0,0,0,305,71680,0,0,0,0,0,0,0,0,0,0,0,0,0,0,0,0,113795,0,0,63081,0,934,171,0,454,0,0,28520,0,65586
84,0,4,0,0,0,0,0,1196011,0,0,0,0,346,71680,0,0,0,0,0,0,0,0,0,0,0,0,0,0,0,0,113433,0,0,63252,0,748,0,197,514,925016,0,0,0,65314
84,0,5,0,0,0,0,0,1196011,0,0,0,0,502,71680,0,0,0,0,0,0,0,0,0,0,0,0,0,0,0,0,113691,0,0,63175,6870,1941,0,2,1034,0,0,522830,0,62854
84,0,6,0,0,0,0,0,1196011,0,0,0,0,597,71680,0,0,0,0,0,0,0,0,0,0,0,0,0,0,0,0,115888,0,0,63244,0,970,918,0,863,0,0,355317,0,62581
84,0,7,0,0,0,0,0,1196011,0,0,0,0,598,71680,0,0,0,0,0,0,0,0,0,0,0,0,0,0,0,0,58230,0,0,63071,0,1026,318,0,1228,0,0,139707,0,62590
84,0,8,0,0,0,0,0,1196011,0,0,0,0,586,71680,0,0,0,0,0,0,0,0,0,0,0,0,0,0,0,0,58562,0,0,63070,0,1007,0,333,1177,952971,0,0,0,62835
84,0,9,0,0,0,0,0,1196011,0,0,0,0,929,71680,0,0,0,0,0,0,0,0,0,0,0,0,0,0,0,0,58024,0,0,63376,4745,550,0,1,1428,0,0,815368,0,62809
84,0,10,0,0,0,0,0,1196011,0,0,0,0,1055,71680,0,0,0,0,0,0,0,0,0,0,0,0,0,0,0,0,58908,0,0,63298,0,1132,1536,2,2097,0,0,590591,0,62853
84,0,11,0,0,0,0,0,1196011,0,0,0,0,1028,71680,0,0,0,0,0,0,0,0,0,0,0,0,0,0,0,0,0,0,0,63298,0,38,537,0,1630,0,0,285409,0,61125
84,0,12,0,0,0,0,0,1196011,0,0,0,0,917,71680,0,0,0,0,0,0,0,0,0,0,0,0,0,0,0,0,0,0,0,63097,0,0,0,494,1329,947986,0,0,0,58704
84,0,13,0,0,0,0,0,1196011,0,0,0,0,1029,71680,0,0,0,0,0,0,0,0,0,0,0,0,0,0,0,0,0,0,0,63324,2528,0,0,1,2050,0,0,547780,0,63513
84,0,14,0,0,0,0,0,1196011,0,0,0,0,1040,71680,0,0,0,0,0,0,0,0,0,0,0,0,0,0,0,0,0,0,0,63418,0,0,564,1,1479,0,0,272158,0,59653
84,0,15,0,0,0,0,0,1196011,0,0,0,0,41,0,0,0,0,0,0,0,0,0,0,0,0,0,0,0,0,0,0,0,0,0,0,0,39,0,101,0,0,0,0,0
85,0,0,0,0,0,0,0,430708,0,0,2050,66048,136,0,0,0,0,0,6750,0,0,0,0,0,0,0,0,2050,2050,0,0,0,120290,66048,0,294,0,136,284,0,0,0,0,68608
85,0,1,0,0,0,0,0,215354,6750,0,0,0,2361,0,0,0,0,0,6750,0,0,0,0,0,0,0,0,0,555,0,0,0,62418,0,0,84,170,944,4346,0,0,68608,0,0
85,0,2,0,0,0,0,0,215354,0,0,0,0,1318,68608,0,0,0,0,0,0,0,0,0,0,0,0,0,0,0,0,0,0,0,64016,0,249,870,282,2666,0,0,0,0,68608
85,0,3,0,0,0,0,0,215354,0,0,0,0,47,0,0,0,0,0,0,0,0,0,0,0,0,0,0,0,0,0,0,0,0,0,0,92,45,0,54,0,0,0,0,0
85,0,4,0,0,0,0,0,215354,0,0,0,0,47,0,0,0,0,0,0,0,0,0,0,0,0,0,0,0,0,0,0,0,0,0,0,87,0,45,62,0,0,0,0,0
85,0,5,0,0,0,0,0,215354,0,0,0,0,47,0,0,0,0,0,0,0,0,0,0,0,0,0,0,0,0,0,0,0,0,0,537,148,0,0,109,0,0,0,0,0
85,0,6,0,0,0,0,0,215354,0,0,0,0,47,0,0,0,0,0,0,0,0,0,0,0,0,0,0,0,0,0,0,0,0,0,0,40,98,0,52,0,0,0,0,0
85,0,7,0,0,0,0,0,215354,0,0,0,0,53,0,0,0,0,0,0,0,0,0,0,0,0,0,0,0,0,0,0,0,0,0,0,104,39,0,140,0,0,0,0,0
85,0,8,0,0,0,0,0,215354,0,0,0,0,50,0,0,0,0,0,0,0,0,0,0,0,0,0,0,0,0,0,0,0,0,0,0,52,0,42,107,0,0,0,0,0
85,0,9,0,0,0,0,0,215354,0,0,0,0,47,0,0,0,0,0,0,0,0,0,0,0,0,0,0,0,0,0,0,0,0,0,365,42,0,0,53,0,0,0,0,0
85,0,10,0,0,0,0,0,215354,0,0,0,0,53,0,0,0,0,0,0,0,0,0,0,0,0,0,0,0,0,0,0,0,0,0,0,91,92,0,118,0,0,0,0,0
85,0,11,0,0,0,0,0,215354,0,0,0,0,53,0,0,0,0,0,0,0,0,0,0,0,0,0,0,0,0,0,0,0,0,0,0,40,39,0,94,0,0,0,0,0
85,0,12,0,0,0,0,0,215354,0,0,0,0,47,0,0,0,0,0,0,0,0,0,0,0,0,0,0,0,0,0,0,0,0,0,0,0,0,45,93,0,0,0,0,0
85,0,13,0,0,0,0,0,215354,0,0,0,0,53,0,0,0,0,0,0,0,0,0,0,0,0,0,0,0,0,0,0,0,0,0,178,0,0,0,109,0,0,0,0,0
85,0,14,0,0,0,0,0,215354,0,0,0,0,53,0,0,0,0,0,0,0,0,0,0,0,0,0,0,0,0,0,0,0,0,0,0,0,80,0,60,0,0,0,0,0
85,0,15,0,0,0,0,0,215354,0,0,0,0,41,0,0,0,0,0,0,0,0,0,0,0,0,0,0,0,0,0,0,0,0,0,0,0,39,0,88,0,0,0,0,0
86,0,0,0,0,0,0,0,430774,0,0,2050,66048,136,0,0,0,0,0,6753,0,0,0,0,0,0,0,0,2050,2050,0,0,0,120290,66048,0,294,0,136,284,0,0,0,0,68608
86,0,1,0,0,0,0,0,215387,6753,0,0,0,2362,0,0,0,0,0,6753,0,0,0,0,0,0,0,0,0,556,0,0,0,62418,0,0,84,170,943,4348,0,0,68608,0,0
86,0,2,0,0,0,0,0,215387,0,0,0,0,1319,68608,0,0,0,0,0,0,0,0,0,0,0,0,0,0,0,0,0,0,0,64016,0,249,869,282,2668,0,0,0,0,68608
86,0,3,0,0,0,0,0,215387,0,0,0,0,47,0,0,0,0,0,0,0,0,0,0,0,0,0,0,0,0,0,0,0,0,0,0,92,45,0,54,0,0,0,0,0
86,0,4,0,0,0,0,0,215387,0,0,0,0,47,0,0,0,0,0,0,0,0,0,0,0,0,0,0,0,0,0,0,0,0,0,0,87,0,45,62,0,0,0,0,0
86,0,5,0,0,0,0,0,215387,0,0,0,0,47,0,0,0,0,0,0,0,0,0,0,0,0,0,0,0,0,0,0,0,0,0,537,148,0,0,109,0,0,0,0,0
86,0,6,0,0,0,0,0,215387,0,0,0,0,47,0,0,0,0,0,0,0,0,0,0,0,0,0,0,0,0,0,0,0,0,0,0,40,98,0,52,0,0,0,0,0
86,0,7,0,0,0,0,0,215387,0,0,0,0,53,0,0,0,0,0,0,0,0,0,0,0,0,0,0,0,0,0,0,0,0,0,0,104,39,0,140,0,0,0,0,0
86,0,8,0,0,0,0,0,215387,0,0,0,0,50,0,0,0,0,0,0,0,0,0,0,0,0,0,0,0,0,0,0,0,0,0,0,52,0,42,107,0,0,0,0,0
86,0,9,0,0,0,0,0,215387,0,0,0,0,47,0,0,0,0,0,0,0,0,0,0,0,0,0,0,0,0,0,0,0,0,0,365,42,0,0,53,0,0,0,0,0
86,0,10,0,0,0,0,0,215387,0,0,0,0,53,0,0,0,0,0,0,0,0,0,0,0,0,0,0,0,0,0,0,0,0,0,0,91,92,0,118,0,0,0,0,0
86,0,11,0,0,0,0,0,215387,0,0,0,0,53,0,0,0,0,0,0,0,0,0,0,0,0,0,0,0,0,0,0,0,0,0,0,40,39,0,94,0,0,0,0,0
86,0,12,0,0,0,0,0,215387,0,0,0,0,47,0,0,0,0,0,0,0,0,0,0,0,0,0,0,0,0,0,0,0,0,0,0,0,0,45,93,0,0,0,0,0
86,0,13,0,0,0,0,0,215387,0,0,0,0,53,0,0,0,0,0,0,0,0,0,0,0,0,0,0,0,0,0,0,0,0,0,178,0,0,0,109,0,0,0,0,0
86,0,14,0,0,0,0,0,215387,0,0,0,0,53,0,0,0,0,0,0,0,0,0,0,0,0,0,0,0,0,0,0,0,0,0,0,0,80,0,60,0,0,0,0,0
86,0,15,0,0,0,0,0,215387,0,0,0,0,41,0,0,0,0,0,0,0,0,0,0,0,0,0,0,0,0,0,0,0,0,0,0,0,39,0,88,0,0,0,0,0
87,0,0,0,0,0,0,0,430811,0,0,2050,66048,136,0,0,0,0,0,6753,0,0,0,0,0,0,0,0,2050,2050,0,0,0,120292,66048,0,294,0,136,284,0,0,0,0,68608
87,0,1,0,0,0,0,0,215406,6753,0,0,0,2366,0,0,0,0,0,6753,0,0,0,0,0,0,0,0,0,559,0,0,0,62423,0,0,84,170,939,4357,0,0,68608,0,0
87,0,2,0,0,0,0,0,215406,0,0,0,0,1323,68608,0,0,0,0,0,0,0,0,0,0,0,0,0,0,0,0,0,0,0,64013,0,249,864,283,2676,0,0,0,0,68608
87,0,3,0,0,0,0,0,215406,0,0,0,0,47,0,0,0,0,0,0,0,0,0,0,0,0,0,0,0,0,0,0,0,0,0,0,91,45,0,54,0,0,0,0,0
87,0,4,0,0,0,0,0,215406,0,0,0,0,47,0,0,0,0,0,0,0,0,0,0,0,0,0,0,0,0,0,0,0,0,0,0,87,0,45,61,0,0,0,0,0
87,0,5,0,0,0,0,0,215406,0,0,0,0,47,0,0,0,0,0,0,0,0,0,0,0,0,0,0,0,0,0,0,0,0,0,537,148,0,0,109,0,0,0,0,0
87,0,6,0,0,0,0,0,215406,0,0,0,0,47,0,0,0,0,0,0,0,0,0,0,0,0,0,0,0,0,0,0,0,0,0,0,40,98,0,52,0,0,0,0,0
87,0,7,0,0,0,0,0,215406,0,0,0,0,53,0,0,0,0,0,0,0,0,0,0,0,0,0,0,0,0,0,0,0,0,0,0,105,39,0,140,0,0,0,0,0
87,0,8,0,0,0,0,0,215406,0,0,0,0,50,0,0,0,0,0,0,0,0,0,0,0,0,0,0,0,0,0,0,0,0,0,0,52,0,42,107,0,0,0,0,0
87,0,9,0,0,0,0,0,215406,0,0,0,0,47,0,0,0,0,0,0,0,0,0,0,0,0,0,0,0,0,0,0,0,0,0,365,42,0,0,53,0,0,0,0,0
87,0,10,0,0,0,0,0,215406,0,0,0,0,53,0,0,0,0,0,0,0,0,0,0,0,0,0,0,0,0,0,0,0,0,0,0,91,92,0,118,0,0,0,0,0
87,0,11,0,0,0,0,0,215406,0,0,0,0,53,0,0,0,0,0,0,0,0,0,0,0,0,0,0,0,0,0,0,0,0,0,0,39,39,0,94,0,0,0,0,0
87,0,12,0,0,0,0,0,215406,0,0,0,0,47,0,0,0,0,0,0,0,0,0,0,0,0,0,0,0,0,0,0,0,0,0,0,0,0,45,93,0,0,0,0,0
87,0,13,0,0,0,0,0,215406,0,0,0,0,53,0,0,0,0,0,0,0,0,0,0,0,0,0,0,0,0,0,0,0,0,0,178,0,0,0,109,0,0,0,0,0
87,0,14,0,0,0,0,0,215406,0,0,0,0,53,0,0,0,0,0,0,0,0,0,0,0,0,0,0,0,0,0,0,0,0,0,0,0,80,0,60,0,0,0,0,0
87,0,15,0,0,0,0,0,215406,0,0,0,0,41,0,0,0,0,0,0,0,0,0,0,0,0,0,0,0,0,0,0,0,0,0,0,0,39,0,89,0,0,0,0,0
88,0,0,0,0,0,0,0,600924,0,0,2054,132096,136,0,0,0,0,0,6765,0,0,0,0,0,0,0,0,2054,2054,0,0,0,244306,132096,0,294,0,136,284,0,0,0,0,192686
88,0,1,0,0,0,0,0,300462,6765,0,0,0,2923,0,0,0,0,0,6765,0,0,0,0,0,0,0,0,0,446,0,0,0,124315,0,0,84,170,387,4633,0,0,72668,0,0
88,0,2,0,0,0,0,0,300462,0,0,0,0,631,68608,0,0,0,0,0,0,0,0,0,0,0,0,0,0,0,0,0,0,61636,64511,0,249,1147,1218,1605,0,0,66592,0,66564
88,0,3,0,0,0,0,0,300462,0,0,0,0,662,68608,0,0,0,0,0,0,0,0,0,0,0,0,0,0,0,0,0,0,0,64414,0,92,457,0,762,0,0,3547,0,66564
88,0,4,0,0,0,0,0,300462,0,0,0,0,47,0,0,0,0,0,0,0,0,0,0,0,0,0,0,0,0,0,0,0,0,0,0,87,0,45,62,0,0,0,0,0
88,0,5,0,0,0,0,0,300462,0,0,0,0,47,0,0,0,0,0,0,0,0,0,0,0,0,0,0,0,0,0,0,0,0,0,537,148,0,0,109,0,0,0,0,0
88,0,6,0,0,0,0,0,300462,0,0,0,0,47,0,0,0,0,0,0,0,0,0,0,0,0,0,0,0,0,0,0,0,0,0,0,40,98,0,52,0,0,0,0,0
88,0,7,0,0,0,0,0,300462,0,0,0,0,53,0,0,0,0,0,0,0,0,0,0,0,0,0,0,0,0,0,0,0,0,0,0,105,39,0,140,0,0,0,0,0
88,0,8,0,0,0,0,0,300462,0,0,0,0,50,0,0,0,0,0,0,0,0,0,0,0,0,0,0,0,0,0,0,0,0,0,0,52,0,42,107,0,0,0,0,0
88,0,9,0,0,0,0,0,300462,0,0,0,0,47,0,0,0,0,0,0,0,0,0,0,0,0,0,0,0,0,0,0,0,0,0,365,42,0,0,53,0,0,0,0,0
88,0,10,0,0,0,0,0,300462,0,0,0,0,53,0,0,0,0,0,0,0,0,0,0,0,0,0,0,0,0,0,0,0,0,0,0,91,92,0,118,0,0,0,0,0
88,0,11,0,0,0,0,0,300462,0,0,0,0,53,0,0,0,0,0,0,0,0,0,0,0,0,0,0,0,0,0,0,0,0,0,0,40,39,0,94,0,0,0,0,0
88,0,12,0,0,0,0,0,300462,0,0,0,0,47,0,0,0,0,0,0,0,0,0,0,0,0,0,0,0,0,0,0,0,0,0,0,0,0,45,93,0,0,0,0,0
88,0,13,0,0,0,0,0,300462,0,0,0,0,53,0,0,0,0,0,0,0,0,0,0,0,0,0,0,0,0,0,0,0,0,0,178,0,0,0,109,0,0,0,0,0
88,0,14,0,0,0,0,0,300462,0,0,0,0,53,0,0,0,0,0,0,0,0,0,0,0,0,0,0,0,0,0,0,0,0,0,0,0,80,0,60,0,0,0,0,0
88,0,15,0,0,0,0,0,300462,0,0,0,0,41,0,0,0,0,0,0,0,0,0,0,0,0,0,0,0,0,0,0,0,0,0,0,0,39,0,89,0,0,0,0,0
89,0,0,0,0,0,0,0,600777,0,0,2054,132096,136,0,0,0,0,0,6765,0,0,0,0,0,0,0,0,2054,2054,0,0,0,244315,132096,0,294,0,136,284,0,0,0,0,192606
89,0,1,0,0,0,0,0,300389,6765,0,0,0,2879,0,0,0,0,0,6765,0,0,0,0,0,0,0,0,0,433,0,0,0,124306,0,0,84,170,431,4607,0,0,72672,0,0
89,0,2,0,0,0,0,0,300389,0,0,0,0,647,68608,0,0,0,0,0,0,0,0,0,0,0,0,0,0,0,0,0,0,61654,64511,0,249,1129,1188,1607,0,0,66588,0,66564
89,0,3,0,0,0,0,0,300389,0,0,0,0,659,68608,0,0,0,0,0,0,0,0,0,0,0,0,0,0,0,0,0,0,0,64405,0,93,459,0,789,0,0,3551,0,66564
89,0,4,0,0,0,0,0,300389,0,0,0,0,47,0,0,0,0,0,0,0,0,0,0,0,0,0,0,0,0,0,0,0,0,0,0,87,0,45,62,0,0,0,0,0
89,0,5,0,0,0,0,0,300389,0,0,0,0,47,0,0,0,0,0,0,0,0,0,0,0,0,0,0,0,0,0,0,0,0,0,537,148,0,0,109,0,0,0,0,0
89,0,6,0,0,0,0,0,300389,0,0,0,0,47,0,0,0,0,0,0,0,0,0,0,0,0,0,0,0,0,0,0,0,0,0,0,40,98,0,52,0,0,0,0,0
89,0,7,0,0,0,0,0,300389,0,0,0,0,53,0,0,0,0,0,0,0,0,0,0,0,0,0,0,0,0,0,0,0,0,0,0,104,39,0,140,0,0,0,0,0
89,0,8,0,0,0,0,0,300389,0,0,0,0,50,0,0,0,0,0,0,0,0,0,0,0,0,0,0,0,0,0,0,0,0,0,0,52,0,42,107,0,0,0,0,0
89,0,9,0,0,0,0,0,300389,0,0,0,0,47,0,0,0,0,0,0,0,0,0,0,0,0,0,0,0,0,0,0,0,0,0,365,42,0,0,53,0,0,0,0,0
89,0,10,0,0,0,0,0,300389,0,0,0,0,53,0,0,0,0,0,0,0,0,0,0,0,0,0,0,0,0,0,0,0,0,0,0,91,92,0,118,0,0,0,0,0
89,0,11,0,0,0,0,0,300389,0,0,0,0,53,0,0,0,0,0,0,0,0,0,0,0,0,0,0,0,0,0,0,0,0,0,0,41,39,0,94,0,0,0,0,0
89,0,12,0,0,0,0,0,300389,0,0,0,0,47,0,0,0,0,0,0,0,0,0,0,0,0,0,0,0,0,0,0,0,0,0,0,0,0,45,93,0,0,0,0,0
89,0,13,0,0,0,0,0,300389,0,0,0,0,53,0,0,0,0,0,0,0,0,0,0,0,0,0,0,0,0,0,0,0,0,0,178,0,0,0,109,0,0,0,0,0
89,0,14,0,0,0,0,0,300389,0,0,0,0,53,0,0,0,0,0,0,0,0,0,0,0,0,0,0,0,0,0,0,0,0,0,0,0,80,0,60,0,0,0,0,0
89,0,15,0,0,0,0,0,300389,0,0,0,0,41,0,0,0,0,0,0,0,0,0,0,0,0,0,0,0,0,0,0,0,0,0,0,0,39,0,88,0,0,0,0,0
90,0,0,0,0,0,0,0,600810,0,0,2054,132096,136,0,0,0,0,0,6764,0,0,0,0,0,0,0,0,2054,2054,0,0,0,244305,132096,0,294,0,136,284,0,0,0,0,192661
90,0,1,0,0,0,0,0,300405,6762,0,0,0,2846,0,0,0,0,0,6762,0,0,0,0,0,0,0,0,0,458,0,0,0,124316,0,0,84,171,463,4568,0,0,72657,0,0
90,0,2,0,0,0,0,0,300405,0,0,0,0,645,68608,0,0,0,0,0,0,0,0,0,0,0,0,0,0,0,0,0,0,61634,64511,0,249,1135,1174,1587,0,0,66603,0,66564
90,0,3,0,0,0,0,0,300405,0,0,0,0,663,68608,0,0,0,0,0,0,0,0,0,0,0,0,0,0,0,0,0,0,0,64415,0,93,455,0,807,0,0,3536,0,66564
90,0,4,0,0,0,0,0,300405,0,0,0,0,47,0,0,0,0,0,0,0,0,0,0,0,0,0,0,0,0,0,0,0,0,0,0,87,0,45,62,0,0,0,0,0
90,0,5,0,0,0,0,0,300405,0,0,0,0,47,0,0,0,0,0,0,0,0,0,0,0,0,0,0,0,0,0,0,0,0,0,537,148,0,0,109,0,0,0,0,0
90,0,6,0,0,0,0,0,300405,0,0,0,0,47,0,0,0,0,0,0,0,0,0,0,0,0,0,0,0,0,0,0,0,0,0,0,40,98,0,52,0,0,0,0,0
90,0,7,0,0,0,0,0,300405,0,0,0,0,53,0,0,0,0,0,0,0,0,0,0,0,0,0,0,0,0,0,0,0,0,0,0,104,39,0,140,0,0,0,0,0
90,0,8,0,0,0,0,0,300405,0,0,0,0,50,0,0,0,0,0,0,0,0,0,0,0,0,0,0,0,0,0,0,0,0,0,0,52,0,42,107,0,0,0,0,0
90,0,9,0,0,0,0,0,300405,0,0,0,0,47,0,0,0,0,0,0,0,0,0,0,0,0,0,0,0,0,0,0,0,0,0,365,42,0,0,53,0,0,0,0,0
90,0,10,0,0,0,0,0,300405,0,0,0,0,53,0,0,0,0,0,0,0,0,0,0,0,0,0,0,0,0,0,0,0,0,0,0,91,92,0,118,0,0,0,0,0
90,0,11,0,0,0,0,0,300405,0,0,0,0,53,0,0,0,0,0,0,0,0,0,0,0,0,0,0,0,0,0,0,0,0,0,0,41,39,0,94,0,0,0,0,0
90,0,12,0,0,0,0,0,300405,0,0,0,0,47,0,0,0,0,0,0,0,0,0,0,0,0,0,0,0,0,0,0,0,0,0,0,0,0,45,93,0,0,0,0,0
90,0,13,0,0,0,0,0,300405,0,0,0,0,53,0,0,0,0,0,0,0,0,0,0,0,0,0,0,0,0,0,0,0,0,0,178,0,0,0,109,0,0,0,0,0
90,0,14,0,0,0,0,0,300405,0,0,0,0,53,0,0,0,0,0,0,0,0,0,0,0,0,0,0,0,0,0,0,0,0,0,0,0,80,0,60,0,0,0,0,0
90,0,15,0,0,0,0,0,300405,0,0,0,0,41,0,0,0,0,0,0,0,0,0,0,0,0,0,0,0,0,0,0,0,0,0,0,0,39,0,88,0,0,0,0,0
91,0,0,0,0,0,0,0,1080931,0,0,4098,264192,136,0,0,0,0,0,9843,0,0,0,0,0,0,0,0,4098,4098,0,124417,0,359873,264192,0,1319,0,136,284,0,0,0,0,598256
91,0,1,0,0,0,0,0,540465,9843,0,0,0,4222,0,0,0,0,0,9843,0,0,0,0,0,0,0,0,0,1981,0,61954,0,122681,0,0,196,364,828,6953,0,0,312349,0,0
91,0,2,0,0,0,0,0,540465,0,0,0,0,675,68608,0,0,0,0,0,0,0,0,0,0,0,0,0,0,0,0,0,0,61540,64065,0,249,1141,829,1593,0,0,254265,0,63648
91,0,3,0,0,0,0,0,540465,0,0,0,0,702,68608,0,0,0,0,0,0,0,0,0,0,0,0,0,0,0,0,0,0,0,64461,0,92,415,0,1189,0,0,131158,0,64508
91,0,4,0,0,0,0,0,540465,0,0,0,0,682,68608,0,0,0,0,0,0,0,0,0,0,0,0,0,0,0,0,0,0,0,64511,0,87,0,433,890,124179,0,0,0,66560
91,0,5,0,0,0,0,0,540465,0,0,0,0,679,68608,0,0,0,0,0,0,0,0,0,0,0,0,0,0,0,0,0,0,0,64509,1562,148,0,1,1654,0,0,63406,0,65026
91,0,6,0,0,0,0,0,540465,0,0,0,0,47,0,0,0,0,0,0,0,0,0,0,0,0,0,0,0,0,0,0,0,0,0,0,40,98,1,52,0,0,0,0,0
91,0,7,0,0,0,0,0,540465,0,0,0,0,53,0,0,0,0,0,0,0,0,0,0,0,0,0,0,0,0,0,0,0,0,0,0,106,39,0,140,0,0,0,0,0
91,0,8,0,0,0,0,0,540465,0,0,0,0,50,0,0,0,0,0,0,0,0,0,0,0,0,0,0,0,0,0,0,0,0,0,0,52,0,42,107,0,0,0,0,0
91,0,9,0,0,0,0,0,540465,0,0,0,0,47,0,0,0,0,0,0,0,0,0,0,0,0,0,0,0,0,0,0,0,0,0,365,42,0,0,53,0,0,0,0,0
91,0,10,0,0,0,0,0,540465,0,0,0,0,53,0,0,0,0,0,0,0,0,0,0,0,0,0,0,0,0,0,0,0,0,0,0,91,92,0,118,0,0,0,0,0
91,0,11,0,0,0,0,0,540465,0,0,0,0,53,0,0,0,0,0,0,0,0,0,0,0,0,0,0,0,0,0,0,0,0,0,0,41,39,0,94,0,0,0,0,0
91,0,12,0,0,0,0,0,540465,0,0,0,0,47,0,0,0,0,0,0,0,0,0,0,0,0,0,0,0,0,0,0,0,0,0,0,0,0,45,93,0,0,0,0,0
91,0,13,0,0,0,0,0,540465,0,0,0,0,53,0,0,0,0,0,0,0,0,0,0,0,0,0,0,0,0,0,0,0,0,0,178,0,0,0,109,0,0,0,0,0
91,0,14,0,0,0,0,0,540465,0,0,0,0,53,0,0,0,0,0,0,0,0,0,0,0,0,0,0,0,0,0,0,0,0,0,0,0,80,0,60,0,0,0,0,0
91,0,15,0,0,0,0,0,540465,0,0,0,0,41,0,0,0,0,0,0,0,0,0,0,0,0,0,0,0,0,0,0,0,0,0,0,0,39,0,90,0,0,0,0,0
92,0,0,0,0,0,0,0,1080942,0,0,4098,264192,136,0,0,0,0,0,9840,0,0,0,0,0,0,0,0,4098,4098,0,124417,0,359883,264192,0,1319,0,136,284,0,0,0,0,598037
92,0,1,0,0,0,0,0,540471,9840,0,0,0,4223,0,0,0,0,0,9840,0,0,0,0,0,0,0,0,0,1976,0,61952,0,122685,0,0,194,364,829,6947,0,0,312431,0,0
92,0,2,0,0,0,0,0,540471,0,0,0,0,668,68608,0,0,0,0,0,0,0,0,0,0,0,0,0,0,0,0,0,0,61552,64059,0,249,1147,817,1597,0,0,254254,0,63668
92,0,3,0,0,0,0,0,540471,0,0,0,0,701,68608,0,0,0,0,0,0,0,0,0,0,0,0,0,0,0,0,0,0,0,64456,0,92,416,0,1200,0,0,131161,0,64496
92,0,4,0,0,0,0,0,540471,0,0,0,0,681,68608,0,0,0,0,0,0,0,0,0,0,0,0,0,0,0,0,0,0,0,64511,0,87,0,434,890,124197,0,0,0,66558
92,0,5,0,0,0,0,0,540471,0,0,0,0,677,68608,0,0,0,0,0,0,0,0,0,0,0,0,0,0,0,0,0,0,0,64510,1563,148,0,1,1654,0,0,63380,0,65030
92,0,6,0,0,0,0,0,540471,0,0,0,0,47,0,0,0,0,0,0,0,0,0,0,0,0,0,0,0,0,0,0,0,0,0,0,40,98,1,52,0,0,0,0,0
92,0,7,0,0,0,0,0,540471,0,0,0,0,53,0,0,0,0,0,0,0,0,0,0,0,0,0,0,0,0,0,0,0,0,0,0,106,39,0,140,0,0,0,0,0
92,0,8,0,0,0,0,0,540471,0,0,0,0,50,0,0,0,0,0,0,0,0,0,0,0,0,0,0,0,0,0,0,0,0,0,0,52,0,42,107,0,0,0,0,0
92,0,9,0,0,0,0,0,540471,0,0,0,0,47,0,0,0,0,0,0,0,0,0,0,0,0,0,0,0,0,0,0,0,0,0,365,42,0,0,53,0,0,0,0,0
92,0,10,0,0,0,0,0,540471,0,0,0,0,53,0,0,0,0,0,0,0,0,0,0,0,0,0,0,0,0,0,0,0,0,0,0,91,92,0,118,0,0,0,0,0
92,0,11,0,0,0,0,0,540471,0,0,0,0,53,0,0,0,0,0,0,0,0,0,0,0,0,0,0,0,0,0,0,0,0,0,0,41,39,0,94,0,0,0,0,0
92,0,12,0,0,0,0,0,540471,0,0,0,0,47,0,0,0,0,0,0,0,0,0,0,0,0,0,0,0,0,0,0,0,0,0,0,0,0,45,93,0,0,0,0,0
92,0,13,0,0,0,0,0,540471,0,0,0,0,53,0,0,0,0,0,0,0,0,0,0,0,0,0,0,0,0,0,0,0,0,0,178,0,0,0,109,0,0,0,0,0
92,0,14,0,0,0,0,0,540471,0,0,0,0,53,0,0,0,0,0,0,0,0,0,0,0,0,0,0,0,0,0,0,0,0,0,0,0,80,0,60,0,0,0,0,0
92,0,15,0,0,0,0,0,540471,0,0,0,0,41,0,0,0,0,0,0,0,0,0,0,0,0,0,0,0,0,0,0,0,0,0,0,0,39,0,90,0,0,0,0,0
93,0,0,0,0,0,0,0,1080799,0,0,4098,264192,136,0,0,0,0,0,9843,0,0,0,0,0,0,0,0,4098,4098,0,124417,0,359896,264192,0,1319,0,136,284,0,0,0,0,598081
93,0,1,0,0,0,0,0,540400,9843,0,0,0,4224,0,0,0,0,0,9843,0,0,0,0,0,0,0,0,0,1983,0,61954,0,122691,0,0,188,360,838,6966,0,0,312318,0,0
93,0,2,0,0,0,0,0,540400,0,0,0,0,688,68608,0,0,0,0,0,0,0,0,0,0,0,0,0,0,0,0,0,0,61546,64068,0,249,1129,818,1607,0,0,254238,0,63666
93,0,3,0,0,0,0,0,540400,0,0,0,0,702,68608,0,0,0,0,0,0,0,0,0,0,0,0,0,0,0,0,0,0,0,64459,0,93,414,0,1200,0,0,131140,0,64512
93,0,4,0,0,0,0,0,540400,0,0,0,0,685,68608,0,0,0,0,0,0,0,0,0,0,0,0,0,0,0,0,0,0,0,64511,0,87,0,430,890,124160,0,0,0,66556
93,0,5,0,0,0,0,0,540400,0,0,0,0,682,68608,0,0,0,0,0,0,0,0,0,0,0,0,0,0,0,0,0,0,0,64509,1563,148,0,0,1665,0,0,63365,0,65026
93,0,6,0,0,0,0,0,540400,0,0,0,0,47,0,0,0,0,0,0,0,0,0,0,0,0,0,0,0,0,0,0,0,0,0,0,40,98,2,52,0,0,0,0,0
93,0,7,0,0,0,0,0,540400,0,0,0,0,53,0,0,0,0,0,0,0,0,0,0,0,0,0,0,0,0,0,0,0,0,0,0,104,39,0,140,0,0,0,0,0
93,0,8,0,0,0,0,0,540400,0,0,0,0,50,0,0,0,0,0,0,0,0,0,0,0,0,0,0,0,0,0,0,0,0,0,0,52,0,42,107,0,0,0,0,0
93,0,9,0,0,0,0,0,540400,0,0,0,0,47,0,0,0,0,0,0,0,0,0,0,0,0,0,0,0,0,0,0,0,0,0,365,42,0,0,53,0,0,0,0,0
93,0,10,0,0,0,0,0,540400,0,0,0,0,53,0,0,0,0,0,0,0,0,0,0,0,0,0,0,0,0,0,0,0,0,0,0,91,92,0,118,0,0,0,0,0
93,0,11,0,0,0,0,0,540400,0,0,0,0,53,0,0,0,0,0,0,0,0,0,0,0,0,0,0,0,0,0,0,0,0,0,0,43,39,0,94,0,0,0,0,0
93,0,12,0,0,0,0,0,540400,0,0,0,0,47,0,0,0,0,0,0,0,0,0,0,0,0,0,0,0,0,0,0,0,0,0,0,0,0,45,93,0,0,0,0,0
93,0,13,0,0,0,0,0,540400,0,0,0,0,53,0,0,0,0,0,0,0,0,0,0,0,0,0,0,0,0,0,0,0,0,0,178,0,0,0,109,0,0,0,0,0
93,0,14,0,0,0,0,0,540400,0,0,0,0,53,0,0,0,0,0,0,0,0,0,0,0,0,0,0,0,0,0,0,0,0,0,0,0,80,0,60,0,0,0,0,0
93,0,15,0,0,0,0,0,540400,0,0,0,0,41,0,0,0,0,0,0,0,0,0,0,0,0,0,0,0,0,0,0,0,0,0,0,0,39,0,88,0,0,0,0,0
94,0,0,0,0,0,0,0,1350278,0,0,5076,396288,136,0,0,0,0,0,11322,0,0,0,0,0,0,0,0,5076,5076,0,123675,0,593956,396288,0,921,0,136,284,0,0,0,0,843854
94,0,1,0,0,0,0,0,675139,11322,0,0,0,4381,0,0,0,0,0,11322,0,0,0,0,0,0,0,0,0,2430,0,61705,0,242445,0,0,389,396,1424,7732,0,0,157172,0,0
94,0,2,0,0,0,0,0,675139,0,0,0,0,470,68608,0,0,0,0,0,0,0,0,0,0,0,0,0,0,0,0,61823,0,122204,64293,0,1043,704,1372,935,0,0,146865,0,64393
94,0,3,0,0,0,0,0,675139,0,0,0,0,457,68608,0,0,0,0,0,0,0,0,0,0,0,0,0,0,0,0,62214,0,0,64510,0,533,259,0,700,0,0,41888,0,65041
94,0,4,0,0,0,0,0,675139,0,0,0,0,457,68608,0,0,0,0,0,0,0,0,0,0,0,0,0,0,0,0,0,0,0,64338,0,87,0,260,697,401914,0,0,0,64808
94,0,5,0,0,0,0,0,675139,0,0,0,0,662,68608,0,0,0,0,0,0,0,0,0,0,0,0,0,0,0,0,0,0,0,64359,2353,148,0,2,1342,0,0,284137,0,64415
94,0,6,0,0,0,0,0,675139,0,0,0,0,789,68608,0,0,0,0,0,0,0,0,0,0,0,0,0,0,0,0,0,0,0,64385,0,40,1268,0,1139,0,0,269830,0,64590
94,0,7,0,0,0,0,0,675139,0,0,0,0,828,68608,0,0,0,0,0,0,0,0,0,0,0,0,0,0,0,0,0,0,0,64399,0,108,400,0,1614,0,0,137664,0,64068
94,0,8,0,0,0,0,0,675139,0,0,0,0,50,0,0,0,0,0,0,0,0,0,0,0,0,0,0,0,0,0,0,0,0,0,0,52,0,42,107,0,0,0,0,0
94,0,9,0,0,0,0,0,675139,0,0,0,0,47,0,0,0,0,0,0,0,0,0,0,0,0,0,0,0,0,0,0,0,0,0,365,42,0,0,53,0,0,0,0,0
94,0,10,0,0,0,0,0,675139,0,0,0,0,53,0,0,0,0,0,0,0,0,0,0,0,0,0,0,0,0,0,0,0,0,0,0,91,92,0,118,0,0,0,0,0
94,0,11,0,0,0,0,0,675139,0,0,0,0,53,0,0,0,0,0,0,0,0,0,0,0,0,0,0,0,0,0,0,0,0,0,0,41,39,0,94,0,0,0,0,0
94,0,12,0,0,0,0,0,675139,0,0,0,0,47,0,0,0,0,0,0,0,0,0,0,0,0,0,0,0,0,0,0,0,0,0,0,0,0,45,93,0,0,0,0,0
94,0,13,0,0,0,0,0,675139,0,0,0,0,53,0,0,0,0,0,0,0,0,0,0,0,0,0,0,0,0,0,0,0,0,0,178,0,0,0,109,0,0,0,0,0
94,0,14,0,0,0,0,0,675139,0,0,0,0,53,0,0,0,0,0,0,0,0,0,0,0,0,0,0,0,0,0,0,0,0,0,0,0,80,0,60,0,0,0,0,0
94,0,15,0,0,0,0,0,675139,0,0,0,0,41,0,0,0,0,0,0,0,0,0,0,0,0,0,0,0,0,0,0,0,0,0,0,0,39,0,92,0,0,0,0,0
95,0,0,0,0,0,0,0,1407926,0,0,5208,396288,136,0,0,0,0,0,11517,0,0,0,0,0,0,0,0,5208,5208,0,124322,0,593632,396288,0,943,0,136,284,0,0,0,0,901719
95,0,1,0,0,0,0,0,703963,11517,0,0,0,4630,0,0,0,0,0,11517,0,0,0,0,0,0,0,0,0,2479,0,61918,0,242243,0,0,378,379,1335,7968,0,0,259536,0,0
95,0,2,0,0,0,0,0,703963,0,0,0,0,487,68608,0,0,0,0,0,0,0,0,0,0,0,0,0,0,0,0,62025,0,121989,64136,0,974,738,1509,1059,0,0,209803,0,64148
95,0,3,0,0,0,0,0,703963,0,0,0,0,487,68608,0,0,0,0,0,0,0,0,0,0,0,0,0,0,0,0,62171,0,0,64390,0,467,252,0,700,0,0,86180,0,64924
95,0,4,0,0,0,0,0,703963,0,0,0,0,482,68608,0,0,0,0,0,0,0,0,0,0,0,0,0,0,0,0,0,0,0,64491,0,87,0,257,706,325332,0,0,0,65439
95,0,5,0,0,0,0,0,703963,0,0,0,0,639,68608,0,0,0,0,0,0,0,0,0,0,0,0,0,0,0,0,0,0,0,64297,2464,148,0,2,1354,0,0,304643,0,64455
95,0,6,0,0,0,0,0,703963,0,0,0,0,809,68608,0,0,0,0,0,0,0,0,0,0,0,0,0,0,0,0,0,0,0,64392,0,40,1271,0,1250,0,0,302568,0,64778
95,0,7,0,0,0,0,0,703963,0,0,0,0,829,68608,0,0,0,0,0,0,0,0,0,0,0,0,0,0,0,0,0,0,0,64366,0,109,419,0,1700,0,0,157929,0,63735
95,0,8,0,0,0,0,0,703963,0,0,0,0,50,0,0,0,0,0,0,0,0,0,0,0,0,0,0,0,0,0,0,0,0,0,0,52,0,42,107,0,0,0,0,0
95,0,9,0,0,0,0,0,703963,0,0,0,0,47,0,0,0,0,0,0,0,0,0,0,0,0,0,0,0,0,0,0,0,0,0,365,42,0,0,53,0,0,0,0,0
95,0,10,0,0,0,0,0,703963,0,0,0,0,53,0,0,0,0,0,0,0,0,0,0,0,0,0,0,0,0,0,0,0,0,0,0,91,92,0,118,0,0,0,0,0
95,0,11,0,0,0,0,0,703963,0,0,0,0,53,0,0,0,0,0,0,0,0,0,0,0,0,0,0,0,0,0,0,0,0,0,0,40,39,0,94,0,0,0,0,0
95,0,12,0,0,0,0,0,703963,0,0,0,0,47,0,0,0,0,0,0,0,0,0,0,0,0,0,0,0,0,0,0,0,0,0,0,0,0,45,93,0,0,0,0,0
95,0,13,0,0,0,0,0,703963,0,0,0,0,53,0,0,0,0,0,0,0,0,0,0,0,0,0,0,0,0,0,0,0,0,0,178,0,0,0,109,0,0,0,0,0
95,0,14,0,0,0,0,0,703963,0,0,0,0,53,0,0,0,0,0,0,0,0,0,0,0,0,0,0,0,0,0,0,0,0,0,0,0,80,0,60,0,0,0,0,0
95,0,15,0,0,0,0,0,703963,0,0,0,0,41,0,0,0,0,0,0,0,0,0,0,0,0,0,0,0,0,0,0,0,0,0,0,0,39,0,93,0,0,0,0,0
96,0,0,0,0,0,0,0,1407377,0,0,5192,396288,136,0,0,0,0,0,11493,0,0,0,0,0,0,0,0,5192,5192,0,124299,0,593767,396288,0,943,0,136,284,0,0,0,0,901569
96,0,1,0,0,0,0,0,703688,11493,0,0,0,4593,0,0,0,0,0,11493,0,0,0,0,0,0,0,0,0,2465,0,61931,0,242313,0,0,389,393,1331,7945,0,0,259117,0,0
96,0,2,0,0,0,0,0,703688,0,0,0,0,475,68608,0,0,0,0,0,0,0,0,0,0,0,0,0,0,0,0,62004,0,122016,64168,0,990,726,1512,1021,0,0,209162,0,64148
96,0,3,0,0,0,0,0,703688,0,0,0,0,464,68608,0,0,0,0,0,0,0,0,0,0,0,0,0,0,0,0,62187,0,0,64388,0,465,275,0,670,0,0,85550,0,64877
96,0,4,0,0,0,0,0,703688,0,0,0,0,497,68608,0,0,0,0,0,0,0,0,0,0,0,0,0,0,0,0,0,0,0,64485,0,87,0,242,735,324958,0,0,0,65418
96,0,5,0,0,0,0,0,703688,0,0,0,0,663,68608,0,0,0,0,0,0,0,0,0,0,0,0,0,0,0,0,0,0,0,64292,2446,148,0,0,1363,0,0,304431,0,64524
96,0,6,0,0,0,0,0,703688,0,0,0,0,799,68608,0,0,0,0,0,0,0,0,0,0,0,0,0,0,0,0,0,0,0,64400,0,40,1266,2,1218,0,0,304820,0,64810
96,0,7,0,0,0,0,0,703688,0,0,0,0,821,68608,0,0,0,0,0,0,0,0,0,0,0,0,0,0,0,0,0,0,0,64376,0,107,422,0,1687,0,0,160659,0,63749
96,0,8,0,0,0,0,0,703688,0,0,0,0,50,0,0,0,0,0,0,0,0,0,0,0,0,0,0,0,0,0,0,0,0,0,0,52,0,42,107,0,0,0,0,0
96,0,9,0,0,0,0,0,703688,0,0,0,0,47,0,0,0,0,0,0,0,0,0,0,0,0,0,0,0,0,0,0,0,0,0,365,42,0,0,53,0,0,0,0,0
96,0,10,0,0,0,0,0,703688,0,0,0,0,53,0,0,0,0,0,0,0,0,0,0,0,0,0,0,0,0,0,0,0,0,0,0,91,92,0,118,0,0,0,0,0
96,0,11,0,0,0,0,0,703688,0,0,0,0,53,0,0,0,0,0,0,0,0,0,0,0,0,0,0,0,0,0,0,0,0,0,0,42,39,0,94,0,0,0,0,0
96,0,12,0,0,0,0,0,703688,0,0,0,0,47,0,0,0,0,0,0,0,0,0,0,0,0,0,0,0,0,0,0,0,0,0,0,0,0,45,93,0,0,0,0,0
96,0,13,0,0,0,0,0,703688,0,0,0,0,53,0,0,0,0,0,0,0,0,0,0,0,0,0,0,0,0,0,0,0,0,0,178,0,0,0,109,0,0,0,0,0
96,0,14,0,0,0,0,0,703688,0,0,0,0,53,0,0,0,0,0,0,0,0,0,0,0,0,0,0,0,0,0,0,0,0,0,0,0,80,0,60,0,0,0,0,0
96,0,15,0,0,0,0,0,703688,0,0,0,0,41,0,0,0,0,0,0,0,0,0,0,0,0,0,0,0,0,0,0,0,0,0,0,0,39,0,91,0,0,0,0,0
97,0,0,0,0,0,0,0,1809432,0,0,6958,528384,136,0,0,0,0,0,14157,0,0,0,0,0,0,0,0,6958,6958,0,244526,0,711242,528384,0,1834,0,136,284,0,0,0,0,1227381
97,0,1,0,0,0,0,0,904716,14157,0,0,0,5657,0,0,0,0,0,14157,0,0,0,0,0,0,0,0,0,3345,0,122594,0,241978,0,0,751,685,1381,9909,0,0,159804,0,0
97,0,2,0,0,0,0,0,904716,0,0,0,0,363,68608,0,0,0,0,0,0,0,0,0,0,0,0,0,0,0,0,61890,0,122406,64298,0,1142,578,1425,744,0,0,121636,0,65077
97,0,3,0,0,0,0,0,904716,0,0,0,0,374,68608,0,0,0,0,0,0,0,0,0,0,0,0,0,0,0,0,62164,0,0,64326,0,577,195,0,531,0,0,28477,0,65395
97,0,4,0,0,0,0,0,904716,0,0,0,0,467,68608,0,0,0,0,0,0,0,0,0,0,0,0,0,0,0,0,61955,0,0,64270,0,391,0,244,693,570248,0,0,0,64812
97,0,5,0,0,0,0,0,904716,0,0,0,0,690,68608,0,0,0,0,0,0,0,0,0,0,0,0,0,0,0,0,62219,0,0,64443,3456,733,0,0,1370,0,0,544839,0,64460
97,0,6,0,0,0,0,0,904716,0,0,0,0,921,68608,0,0,0,0,0,0,0,0,0,0,0,0,0,0,0,0,0,0,0,64412,0,40,1406,3,1332,0,0,413781,0,64019
97,0,7,0,0,0,0,0,904716,0,0,0,0,939,68608,0,0,0,0,0,0,0,0,0,0,0,0,0,0,0,0,0,0,0,64316,0,107,449,0,1839,0,0,154241,0,63819
97,0,8,0,0,0,0,0,904716,0,0,0,0,666,68608,0,0,0,0,0,0,0,0,0,0,0,0,0,0,0,0,0,0,0,64172,0,52,0,343,1338,381514,0,0,0,64397
97,0,9,0,0,0,0,0,904716,0,0,0,0,656,68608,0,0,0,0,0,0,0,0,0,0,0,0,0,0,0,0,0,0,0,64263,1288,42,0,1,996,0,0,128108,0,63696
97,0,10,0,0,0,0,0,904716,0,0,0,0,53,0,0,0,0,0,0,0,0,0,0,0,0,0,0,0,0,0,0,0,0,0,0,91,92,1,118,0,0,0,0,0
97,0,11,0,0,0,0,0,904716,0,0,0,0,53,0,0,0,0,0,0,0,0,0,0,0,0,0,0,0,0,0,0,0,0,0,0,43,39,0,94,0,0,0,0,0
97,0,12,0,0,0,0,0,904716,0,0,0,0,47,0,0,0,0,0,0,0,0,0,0,0,0,0,0,0,0,0,0,0,0,0,0,0,0,45,93,0,0,0,0,0
97,0,13,0,0,0,0,0,904716,0,0,0,0,53,0,0,0,0,0,0,0,0,0,0,0,0,0,0,0,0,0,0,0,0,0,178,0,0,0,109,0,0,0,0,0
97,0,14,0,0,0,0,0,904716,0,0,0,0,53,0,0,0,0,0,0,0,0,0,0,0,0,0,0,0,0,0,0,0,0,0,0,0,80,0,60,0,0,0,0,0
97,0,15,0,0,0,0,0,904716,0,0,0,0,41,0,0,0,0,0,0,0,0,0,0,0,0,0,0,0,0,0,0,0,0,0,0,0,39,0,92,0,0,0,0,0
98,0,0,0,0,0,0,0,1816285,0,0,6958,528384,136,0,0,0,0,0,14157,0,0,0,0,0,0,0,0,6958,6958,0,244553,0,712012,528384,0,1842,0,136,284,0,0,0,0,1237552
98,0,1,0,0,0,0,0,908142,14157,0,0,0,5675,0,0,0,0,0,14157,0,0,0,0,0,0,0,0,0,3707,0,122714,0,242029,0,0,703,709,1387,9922,0,0,157355,0,0
98,0,2,0,0,0,0,0,908142,0,0,0,0,369,68608,0,0,0,0,0,0,0,0,0,0,0,0,0,0,0,0,62246,0,122316,64302,0,1052,546,1498,750,0,0,121125,0,64958
98,0,3,0,0,0,0,0,908142,0,0,0,0,349,68608,0,0,0,0,0,0,0,0,0,0,0,0,0,0,0,0,61874,0,0,64323,0,495,218,0,511,0,0,27131,0,65339
98,0,4,0,0,0,0,0,908142,0,0,0,0,465,68608,0,0,0,0,0,0,0,0,0,0,0,0,0,0,0,0,61944,0,0,64271,0,415,0,252,691,576536,0,0,0,64700
98,0,5,0,0,0,0,0,908142,0,0,0,0,681,68608,0,0,0,0,0,0,0,0,0,0,0,0,0,0,0,0,62205,0,0,64423,3493,769,0,2,1375,0,0,542380,0,64450
98,0,6,0,0,0,0,0,908142,0,0,0,0,932,68608,0,0,0,0,0,0,0,0,0,0,0,0,0,0,0,0,0,0,0,64409,0,40,1369,1,1429,0,0,412267,0,64028
98,0,7,0,0,0,0,0,908142,0,0,0,0,917,68608,0,0,0,0,0,0,0,0,0,0,0,0,0,0,0,0,0,0,0,64163,0,108,469,0,1898,0,0,141179,0,63867
98,0,8,0,0,0,0,0,908142,0,0,0,0,660,68608,0,0,0,0,0,0,0,0,0,0,0,0,0,0,0,0,0,0,0,64169,0,52,0,351,1310,388041,0,0,0,64267
98,0,9,0,0,0,0,0,908142,0,0,0,0,648,68608,0,0,0,0,0,0,0,0,0,0,0,0,0,0,0,0,0,0,0,64272,1291,42,0,2,954,0,0,131257,0,63734
98,0,10,0,0,0,0,0,908142,0,0,0,0,53,0,0,0,0,0,0,0,0,0,0,0,0,0,0,0,0,0,0,0,0,0,0,91,92,0,118,0,0,0,0,0
98,0,11,0,0,0,0,0,908142,0,0,0,0,53,0,0,0,0,0,0,0,0,0,0,0,0,0,0,0,0,0,0,0,0,0,0,43,39,0,94,0,0,0,0,0
98,0,12,0,0,0,0,0,908142,0,0,0,0,47,0,0,0,0,0,0,0,0,0,0,0,0,0,0,0,0,0,0,0,0,0,0,0,0,45,93,0,0,0,0,0
98,0,13,0,0,0,0,0,908142,0,0,0,0,53,0,0,0,0,0,0,0,0,0,0,0,0,0,0,0,0,0,0,0,0,0,178,0,0,0,109,0,0,0,0,0
98,0,14,0,0,0,0,0,908142,0,0,0,0,53,0,0,0,0,0,0,0,0,0,0,0,0,0,0,0,0,0,0,0,0,0,0,0,80,0,60,0,0,0,0,0
98,0,15,0,0,0,0,0,908142,0,0,0,0,41,0,0,0,0,0,0,0,0,0,0,0,0,0,0,0,0,0,0,0,0,0,0,0,39,0,92,0,0,0,0,0
99,0,0,0,0,0,0,0,1808271,0,0,6948,528384,136,0,0,0,0,0,14142,0,0,0,0,0,0,0,0,6948,6948,0,244683,0,711740,528384,0,1836,0,136,284,0,0,0,0,1227541
99,0,1,0,0,0,0,0,904136,14142,0,0,0,5715,0,0,0,0,0,14142,0,0,0,0,0,0,0,0,0,3318,0,122588,0,242234,0,0,716,679,1354,10006,0,0,159588,0,0
99,0,2,0,0,0,0,0,904136,0,0,0,0,373,68608,0,0,0,0,0,0,0,0,0,0,0,0,0,0,0,0,61905,0,122526,64289,0,1160,555,1405,774,0,0,120986,0,65119
99,0,3,0,0,0,0,0,904136,0,0,0,0,359,68608,0,0,0,0,0,0,0,0,0,0,0,0,0,0,0,0,62184,0,0,64340,0,590,209,0,520,0,0,28272,0,65431
99,0,4,0,0,0,0,0,904136,0,0,0,0,463,68608,0,0,0,0,0,0,0,0,0,0,0,0,0,0,0,0,61968,0,0,64291,0,405,0,252,670,570943,0,0,0,64848
99,0,5,0,0,0,0,0,904136,0,0,0,0,677,68608,0,0,0,0,0,0,0,0,0,0,0,0,0,0,0,0,62218,0,0,64447,3430,752,0,0,1369,0,0,537594,0,64535
99,0,6,0,0,0,0,0,904136,0,0,0,0,901,68608,0,0,0,0,0,0,0,0,0,0,0,0,0,0,0,0,0,0,0,64420,0,40,1437,2,1290,0,0,413724,0,63768
99,0,7,0,0,0,0,0,904136,0,0,0,0,954,68608,0,0,0,0,0,0,0,0,0,0,0,0,0,0,0,0,0,0,0,64324,0,105,431,0,1839,0,0,130647,0,63972
99,0,8,0,0,0,0,0,904136,0,0,0,0,650,68608,0,0,0,0,0,0,0,0,0,0,0,0,0,0,0,0,0,0,0,64194,0,52,0,357,1306,386835,0,0,0,64334
99,0,9,0,0,0,0,0,904136,0,0,0,0,648,68608,0,0,0,0,0,0,0,0,0,0,0,0,0,0,0,0,0,0,0,64257,1278,42,0,1,967,0,0,132310,0,63657
99,0,10,0,0,0,0,0,904136,0,0,0,0,53,0,0,0,0,0,0,0,0,0,0,0,0,0,0,0,0,0,0,0,0,0,0,91,92,1,118,0,0,0,0,0
99,0,11,0,0,0,0,0,904136,0,0,0,0,53,0,0,0,0,0,0,0,0,0,0,0,0,0,0,0,0,0,0,0,0,0,0,45,39,0,94,0,0,0,0,0
99,0,12,0,0,0,0,0,904136,0,0,0,0,47,0,0,0,0,0,0,0,0,0,0,0,0,0,0,0,0,0,0,0,0,0,0,0,0,45,93,0,0,0,0,0
99,0,13,0,0,0,0,0,904136,0,0,0,0,53,0,0,0,0,0,0,0,0,0,0,0,0,0,0,0,0,0,0,0,0,0,178,0,0,0,109,0,0,0,0,0
99,0,14,0,0,0,0,0,904136,0,0,0,0,53,0,0,0,0,0,0,0,0,0,0,0,0,0,0,0,0,0,0,0,0,0,0,0,80,0,60,0,0,0,0,0
99,0,15,0,0,0,0,0,904136,0,0,0,0,41,0,0,0,0,0,0,0,0,0,0,0,0,0,0,0,0,0,0,0,0,0,0,0,39,0,90,0,0,0,0,0
100,0,0,0,0,0,0,0,2142994,0,0,8436,660480,136,0,0,0,0,0,16386,0,0,0,0,0,0,0,0,8436,8436,0,244450,0,939886,660480,0,1518,0,136,284,0,0,0,0,1507514
100,0,1,0,0,0,0,0,1071497,16386,0,0,0,6593,0,0,0,0,0,16386,0,0,0,0,0,0,0,0,0,4055,0,122514,0,358324,0,0,673,576,2112,11496,0,0,140365,0,0
100,0,2,0,0,0,0,0,1071497,0,0,0,0,297,68608,0,0,0,0,0,0,0,0,0,0,0,0,0,0,0,0,122514,0,180755,64234,0,1752,495,2020,633,0,0,101785,0,65200
100,0,3,0,0,0,0,0,1071497,0,0,0,0,318,68608,0,0,0,0,0,0,0,0,0,0,0,0,0,0,0,0,122653,0,0,64286,0,940,157,0,464,0,0,12259,0,65709
100,0,4,0,0,0,0,0,1071497,0,0,0,0,368,68608,0,0,0,0,0,0,0,0,0,0,0,0,0,0,0,0,61783,0,0,64285,0,340,0,191,535,698404,0,0,0,65172
100,0,5,0,0,0,0,0,1071497,0,0,0,0,544,68608,0,0,0,0,0,0,0,0,0,0,0,0,0,0,0,0,61957,0,0,64265,4362,807,0,2,1132,0,0,643213,0,63807
100,0,6,0,0,0,0,0,1071497,0,0,0,0,692,68608,0,0,0,0,0,0,0,0,0,0,0,0,0,0,0,0,62149,0,0,64348,0,550,1069,0,1022,0,0,430696,0,64059
100,0,7,0,0,0,0,0,1071497,0,0,0,0,686,68608,0,0,0,0,0,0,0,0,0,0,0,0,0,0,0,0,61838,0,0,64274,0,954,388,0,1420,0,0,196130,0,62864
100,0,8,0,0,0,0,0,1071497,0,0,0,0,582,68608,0,0,0,0,0,0,0,0,0,0,0,0,0,0,0,0,0,0,0,64088,0,52,0,263,1141,768441,0,0,0,63298
100,0,9,0,0,0,0,0,1071497,0,0,0,0,725,68608,0,0,0,0,0,0,0,0,0,0,0,0,0,0,0,0,0,0,0,64401,2578,42,0,2,1087,0,0,613653,0,63830
100,0,10,0,0,0,0,0,1071497,0,0,0,0,1018,68608,0,0,0,0,0,0,0,0,0,0,0,0,0,0,0,0,0,0,0,64418,0,91,1446,1,1926,0,0,503702,0,64125
100,0,11,0,0,0,0,0,1071497,0,0,0,0,1022,68608,0,0,0,0,0,0,0,0,0,0,0,0,0,0,0,0,0,0,0,64413,0,43,422,0,1573,0,0,231171,0,63061
100,0,12,0,0,0,0,0,1071497,0,0,0,0,47,0,0,0,0,0,0,0,0,0,0,0,0,0,0,0,0,0,0,0,0,0,0,0,0,45,93,0,0,0,0,0
100,0,13,0,0,0,0,0,1071497,0,0,0,0,53,0,0,0,0,0,0,0,0,0,0,0,0,0,0,0,0,0,0,0,0,0,178,0,0,0,109,0,0,0,0,0
100,0,14,0,0,0,0,0,1071497,0,0,0,0,53,0,0,0,0,0,0,0,0,0,0,0,0,0,0,0,0,0,0,0,0,0,0,0,80,0,60,0,0,0,0,0
100,0,15,0,0,0,0,0,1071497,0,0,0,0,41,0,0,0,0,0,0,0,0,0,0,0,0,0,0,0,0,0,0,0,0,0,0,0,39,0,94,0,0,0,0,0
101,0,0,0,0,0,0,0,2141289,0,0,8388,660480,136,0,0,0,0,0,16311,0,0,0,0,0,0,0,0,8388,8388,0,244463,0,940200,660480,0,1508,0,136,284,0,0,0,0,1505091
101,0,1,0,0,0,0,0,1070645,16311,0,0,0,6587,0,0,0,0,0,16311,0,0,0,0,0,0,0,0,0,4031,0,122551,0,358349,0,0,676,567,2076,11495,0,0,140690,0,0
101,0,2,0,0,0,0,0,1070645,0,0,0,0,296,68608,0,0,0,0,0,0,0,0,0,0,0,0,0,0,0,0,122494,0,180828,64236,0,1734,471,2062,616,0,0,100952,0,65322
101,0,3,0,0,0,0,0,1070645,0,0,0,0,298,68608,0,0,0,0,0,0,0,0,0,0,0,0,0,0,0,0,122682,0,0,64287,0,898,170,0,431,0,0,13214,0,65624
101,0,4,0,0,0,0,0,1070645,0,0,0,0,353,68608,0,0,0,0,0,0,0,0,0,0,0,0,0,0,0,0,61770,0,0,64288,0,331,0,202,521,697660,0,0,0,65232
101,0,5,0,0,0,0,0,1070645,0,0,0,0,546,68608,0,0,0,0,0,0,0,0,0,0,0,0,0,0,0,0,61917,0,0,64291,4333,813,0,2,1115,0,0,636726,0,63823
101,0,6,0,0,0,0,0,1070645,0,0,0,0,710,68608,0,0,0,0,0,0,0,0,0,0,0,0,0,0,0,0,62141,0,0,64345,0,540,1060,0,1060,0,0,433408,0,64039
101,0,7,0,0,0,0,0,1070645,0,0,0,0,700,68608,0,0,0,0,0,0,0,0,0,0,0,0,0,0,0,0,61858,0,0,64277,0,979,371,0,1442,0,0,198531,0,62913
101,0,8,0,0,0,0,0,1070645,0,0,0,0,549,68608,0,0,0,0,0,0,0,0,0,0,0,0,0,0,0,0,0,0,0,64070,0,52,0,290,1111,770951,0,0,0,63281
101,0,9,0,0,0,0,0,1070645,0,0,0,0,712,68608,0,0,0,0,0,0,0,0,0,0,0,0,0,0,0,0,0,0,0,64407,2567,42,0,2,1064,0,0,617269,0,63909
101,0,10,0,0,0,0,0,1070645,0,0,0,0,1041,68608,0,0,0,0,0,0,0,0,0,0,0,0,0,0,0,0,0,0,0,64417,0,91,1425,0,1955,0,0,501295,0,64058
101,0,11,0,0,0,0,0,1070645,0,0,0,0,1028,68608,0,0,0,0,0,0,0,0,0,0,0,0,0,0,0,0,0,0,0,64426,0,45,413,0,1548,0,0,230125,0,63033
101,0,12,0,0,0,0,0,1070645,0,0,0,0,47,0,0,0,0,0,0,0,0,0,0,0,0,0,0,0,0,0,0,0,0,0,0,0,0,45,93,0,0,0,0,0
101,0,13,0,0,0,0,0,1070645,0,0,0,0,53,0,0,0,0,0,0,0,0,0,0,0,0,0,0,0,0,0,0,0,0,0,178,0,0,0,109,0,0,0,0,0
101,0,14,0,0,0,0,0,1070645,0,0,0,0,53,0,0,0,0,0,0,0,0,0,0,0,0,0,0,0,0,0,0,0,0,0,0,0,80,0,60,0,0,0,0,0
101,0,15,0,0,0,0,0,1070645,0,0,0,0,41,0,0,0,0,0,0,0,0,0,0,0,0,0,0,0,0,0,0,0,0,0,0,0,39,0,92,0,0,0,0,0
102,0,0,0,0,0,0,0,2147305,0,0,8418,660480,136,0,0,0,0,0,16356,0,0,0,0,0,0,0,0,8418,8418,0,244498,0,939997,660480,0,1508,0,136,284,0,0,0,0,1508014
102,0,1,0,0,0,0,0,1073653,16356,0,0,0,6591,0,0,0,0,0,16356,0,0,0,0,0,0,0,0,0,4474,0,122556,0,358347,0,0,694,564,2087,11504,0,0,141176,0,0
102,0,2,0,0,0,0,0,1073653,0,0,0,0,302,68608,0,0,0,0,0,0,0,0,0,0,0,0,0,0,0,0,122500,0,181132,64214,0,1755,464,2041,633,0,0,102366,0,65284
102,0,3,0,0,0,0,0,1073653,0,0,0,0,293,68608,0,0,0,0,0,0,0,0,0,0,0,0,0,0,0,0,122682,0,0,64321,0,921,179,0,434,0,0,13432,0,65634
102,0,4,0,0,0,0,0,1073653,0,0,0,0,352,68608,0,0,0,0,0,0,0,0,0,0,0,0,0,0,0,0,61813,0,0,64296,0,330,0,207,518,697205,0,0,0,65172
102,0,5,0,0,0,0,0,1073653,0,0,0,0,558,68608,0,0,0,0,0,0,0,0,0,0,0,0,0,0,0,0,61921,0,0,64328,4365,816,0,2,1114,0,0,638904,0,63873
102,0,6,0,0,0,0,0,1073653,0,0,0,0,686,68608,0,0,0,0,0,0,0,0,0,0,0,0,0,0,0,0,61841,0,0,64340,0,549,1094,0,1014,0,0,440039,0,63927
102,0,7,0,0,0,0,0,1073653,0,0,0,0,708,68608,0,0,0,0,0,0,0,0,0,0,0,0,0,0,0,0,62214,0,0,64230,0,965,365,0,1447,0,0,200170,0,62947
102,0,8,0,0,0,0,0,1073653,0,0,0,0,536,68608,0,0,0,0,0,0,0,0,0,0,0,0,0,0,0,0,0,0,0,64104,0,52,0,299,1095,767413,0,0,0,63448
102,0,9,0,0,0,0,0,1073653,0,0,0,0,730,68608,0,0,0,0,0,0,0,0,0,0,0,0,0,0,0,0,0,0,0,64428,2506,42,0,0,1087,0,0,606628,0,63823
102,0,10,0,0,0,0,0,1073653,0,0,0,0,972,68608,0,0,0,0,0,0,0,0,0,0,0,0,0,0,0,0,0,0,0,64404,0,91,1475,2,1883,0,0,499271,0,64071
102,0,11,0,0,0,0,0,1073653,0,0,0,0,1002,68608,0,0,0,0,0,0,0,0,0,0,0,0,0,0,0,0,0,0,0,64452,0,44,442,0,1540,0,0,231067,0,63244
102,0,12,0,0,0,0,0,1073653,0,0,0,0,47,0,0,0,0,0,0,0,0,0,0,0,0,0,0,0,0,0,0,0,0,0,0,0,0,45,93,0,0,0,0,0
102,0,13,0,0,0,0,0,1073653,0,0,0,0,53,0,0,0,0,0,0,0,0,0,0,0,0,0,0,0,0,0,0,0,0,0,178,0,0,0,109,0,0,0,0,0
102,0,14,0,0,0,0,0,1073653,0,0,0,0,53,0,0,0,0,0,0,0,0,0,0,0,0,0,0,0,0,0,0,0,0,0,0,0,80,0,60,0,0,0,0,0
102,0,15,0,0,0,0,0,1073653,0,0,0,0,41,0,0,0,0,0,0,0,0,0,0,0,0,0,0,0,0,0,0,0,0,0,0,0,39,0,93,0,0,0,0,0
103,0,0,0,0,0,0,0,2749658,0,0,10574,858624,136,0,0,0,0,0,19608,0,0,0,0,0,0,0,0,10574,10574,0,361075,0,1159537,858624,0,2321,0,136,284,0,0,0,0,1984118
103,0,1,0,0,0,0,0,1374829,19608,0,0,0,8295,0,0,0,0,0,19608,0,0,0,0,0,0,0,0,0,5791,0,180759,0,413452,0,0,998,844,1958,14189,0,0,137702,0,0
103,0,2,0,0,0,0,0,1374829,0,0,0,0,243,68608,0,0,0,0,0,0,0,0,0,0,0,0,0,0,0,0,180252,0,180515,64258,0,2478,372,1813,499,0,0,104086,0,65159
103,0,3,0,0,0,0,0,1374829,0,0,0,0,236,68608,0,0,0,0,0,0,0,0,0,0,0,0,0,0,0,0,122365,0,0,64356,0,705,142,0,333,0,0,10862,0,65701
103,0,4,0,0,0,0,0,1374829,0,0,0,0,281,68608,0,0,0,0,0,0,0,0,0,0,0,0,0,0,0,0,122333,0,0,64324,0,645,0,162,412,880919,0,0,0,65244
103,0,5,0,0,0,0,0,1374829,0,0,0,0,414,68608,0,0,0,0,0,0,0,0,0,0,0,0,0,0,0,0,122677,0,0,64337,5626,1700,0,1,837,0,0,540220,0,63789
103,0,6,0,0,0,0,0,1374829,0,0,0,0,497,68608,0,0,0,0,0,0,0,0,0,0,0,0,0,0,0,0,122127,0,0,64384,0,801,772,2,723,0,0,403350,0,63714
103,0,7,0,0,0,0,0,1374829,0,0,0,0,503,68608,0,0,0,0,0,0,0,0,0,0,0,0,0,0,0,0,62135,0,0,64117,0,994,263,0,1034,0,0,190401,0,63249
103,0,8,0,0,0,0,0,1374829,0,0,0,0,488,68608,0,0,0,0,0,0,0,0,0,0,0,0,0,0,0,0,61923,0,0,64232,0,732,0,263,981,1040434,0,0,0,63950
103,0,9,0,0,0,0,0,1374829,0,0,0,0,717,68608,0,0,0,0,0,0,0,0,0,0,0,0,0,0,0,0,61939,0,0,64308,4095,436,0,2,1057,0,0,1101252,0,62960
103,0,10,0,0,0,0,0,1374829,0,0,0,0,913,68608,0,0,0,0,0,0,0,0,0,0,0,0,0,0,0,0,61715,0,0,64323,0,970,1309,0,1872,0,0,709952,0,63349
103,0,11,0,0,0,0,0,1374829,0,0,0,0,865,68608,0,0,0,0,0,0,0,0,0,0,0,0,0,0,0,0,0,0,0,64455,0,47,491,0,1285,0,0,309625,0,63168
103,0,12,0,0,0,0,0,1374829,0,0,0,0,698,68608,0,0,0,0,0,0,0,0,0,0,0,0,0,0,0,0,0,0,0,64454,0,0,0,405,1077,957568,0,0,0,64171
103,0,13,0,0,0,0,0,1374829,0,0,0,0,912,68608,0,0,0,0,0,0,0,0,0,0,0,0,0,0,0,0,0,0,0,64435,2074,0,0,1,1841,0,0,668300,0,64542
103,0,14,0,0,0,0,0,1374829,0,0,0,0,894,68608,0,0,0,0,0,0,0,0,0,0,0,0,0,0,0,0,0,0,0,64410,0,0,504,1,1289,0,0,319719,0,62783
103,0,15,0,0,0,0,0,1374829,0,0,0,0,41,0,0,0,0,0,0,0,0,0,0,0,0,0,0,0,0,0,0,0,0,0,0,0,39,0,92,0,0,0,0,0
104,0,0,0,0,0,0,0,2771531,0,0,10600,858624,136,0,0,0,0,0,19647,0,0,0,0,0,0,0,0,10600,10600,0,361121,0,1159829,858624,0,2325,0,136,284,0,0,0,0,2002782
104,0,1,0,0,0,0,0,1385765,19647,0,0,0,8270,0,0,0,0,0,19647,0,0,0,0,0,0,0,0,0,5839,0,180781,0,413525,0,0,1007,843,2001,14094,0,0,139198,0,0
104,0,2,0,0,0,0,0,1385765,0,0,0,0,231,68608,0,0,0,0,0,0,0,0,0,0,0,0,0,0,0,0,180387,0,180447,64255,0,2447,387,1794,507,0,0,105447,0,65126
104,0,3,0,0,0,0,0,1385765,0,0,0,0,240,68608,0,0,0,0,0,0,0,0,0,0,0,0,0,0,0,0,122339,0,0,64377,0,718,138,0,347,0,0,12046,0,65564
104,0,4,0,0,0,0,0,1385765,0,0,0,0,270,68608,0,0,0,0,0,0,0,0,0,0,0,0,0,0,0,0,122333,0,0,64325,0,644,0,169,401,886466,0,0,0,65284
104,0,5,0,0,0,0,0,1385765,0,0,0,0,421,68608,0,0,0,0,0,0,0,0,0,0,0,0,0,0,0,0,122687,0,0,64325,5707,1707,0,0,838,0,0,542730,0,63886
104,0,6,0,0,0,0,0,1385765,0,0,0,0,505,68608,0,0,0,0,0,0,0,0,0,0,0,0,0,0,0,0,122129,0,0,64408,0,830,762,2,741,0,0,402142,0,63838
104,0,7,0,0,0,0,0,1385765,0,0,0,0,503,68608,0,0,0,0,0,0,0,0,0,0,0,0,0,0,0,0,62137,0,0,64110,0,963,262,0,1055,0,0,188182,0,63282
104,0,8,0,0,0,0,0,1385765,0,0,0,0,494,68608,0,0,0,0,0,0,0,0,0,0,0,0,0,0,0,0,61948,0,0,64239,0,733,0,261,995,1049297,0,0,0,63960
104,0,9,0,0,0,0,0,1385765,0,0,0,0,721,68608,0,0,0,0,0,0,0,0,0,0,0,0,0,0,0,0,61926,0,0,64335,4037,427,0,1,1071,0,0,1109488,0,62961
104,0,10,0,0,0,0,0,1385765,0,0,0,0,908,68608,0,0,0,0,0,0,0,0,0,0,0,0,0,0,0,0,61729,0,0,64343,0,966,1347,2,1852,0,0,712665,0,63447
104,0,11,0,0,0,0,0,1385765,0,0,0,0,894,68608,0,0,0,0,0,0,0,0,0,0,0,0,0,0,0,0,0,0,0,64451,0,44,469,0,1351,0,0,305186,0,63173
104,0,12,0,0,0,0,0,1385765,0,0,0,0,733,68608,0,0,0,0,0,0,0,0,0,0,0,0,0,0,0,0,0,0,0,64456,0,0,0,374,1115,962373,0,0,0,64149
104,0,13,0,0,0,0,0,1385765,0,0,0,0,897,68608,0,0,0,0,0,0,0,0,0,0,0,0,0,0,0,0,0,0,0,64444,2125,0,0,1,1839,0,0,668681,0,64628
104,0,14,0,0,0,0,0,1385765,0,0,0,0,890,68608,0,0,0,0,0,0,0,0,0,0,0,0,0,0,0,0,0,0,0,64408,0,0,511,2,1293,0,0,317121,0,62856
104,0,15,0,0,0,0,0,1385765,0,0,0,0,41,0,0,0,0,0,0,0,0,0,0,0,0,0,0,0,0,0,0,0,0,0,0,0,39,0,94,0,0,0,0,0
105,0,0,0,0,0,0,0,2755180,0,0,10558,858624,136,0,0,0,0,0,19584,0,0,0,0,0,0,0,0,10558,10558,0,361096,0,1159585,858624,0,2317,0,136,284,0,0,0,0,1988422
105,0,1,0,0,0,0,0,1377590,19584,0,0,0,8302,0,0,0,0,0,19584,0,0,0,0,0,0,0,0,0,5849,0,180797,0,413389,0,0,1005,808,1964,14067,0,0,138230,0,0
105,0,2,0,0,0,0,0,1377590,0,0,0,0,235,68608,0,0,0,0,0,0,0,0,0,0,0,0,0,0,0,0,180306,0,180436,64267,0,2479,376,1789,501,0,0,106504,0,65091
105,0,3,0,0,0,0,0,1377590,0,0,0,0,235,68608,0,0,0,0,0,0,0,0,0,0,0,0,0,0,0,0,122289,0,0,64377,0,713,143,0,346,0,0,12344,0,65638
105,0,4,0,0,0,0,0,1377590,0,0,0,0,280,68608,0,0,0,0,0,0,0,0,0,0,0,0,0,0,0,0,122367,0,0,64304,0,611,0,161,409,881884,0,0,0,65232
105,0,5,0,0,0,0,0,1377590,0,0,0,0,409,68608,0,0,0,0,0,0,0,0,0,0,0,0,0,0,0,0,122706,0,0,64341,5735,1703,0,1,818,0,0,536538,0,63923
105,0,6,0,0,0,0,0,1377590,0,0,0,0,484,68608,0,0,0,0,0,0,0,0,0,0,0,0,0,0,0,0,122078,0,0,64395,0,811,768,1,695,0,0,401754,0,63822
105,0,7,0,0,0,0,0,1377590,0,0,0,0,488,68608,0,0,0,0,0,0,0,0,0,0,0,0,0,0,0,0,62136,0,0,64082,0,979,277,0,1024,0,0,189518,0,63254
105,0,8,0,0,0,0,0,1377590,0,0,0,0,484,68608,0,0,0,0,0,0,0,0,0,0,0,0,0,0,0,0,61948,0,0,64244,0,757,0,267,984,1049852,0,0,0,63955
105,0,9,0,0,0,0,0,1377590,0,0,0,0,704,68608,0,0,0,0,0,0,0,0,0,0,0,0,0,0,0,0,61946,0,0,64315,3982,443,0,2,1030,0,0,1108130,0,63004
105,0,10,0,0,0,0,0,1377590,0,0,0,0,883,68608,0,0,0,0,0,0,0,0,0,0,0,0,0,0,0,0,61728,0,0,64317,0,964,1375,0,1836,0,0,710196,0,63357
105,0,11,0,0,0,0,0,1377590,0,0,0,0,901,68608,0,0,0,0,0,0,0,0,0,0,0,0,0,0,0,0,0,0,0,64464,0,46,455,0,1337,0,0,306876,0,63125
105,0,12,0,0,0,0,0,1377590,0,0,0,0,733,68608,0,0,0,0,0,0,0,0,0,0,0,0,0,0,0,0,0,0,0,64468,0,0,0,368,1085,956294,0,0,0,64027
105,0,13,0,0,0,0,0,1377590,0,0,0,0,881,68608,0,0,0,0,0,0,0,0,0,0,0,0,0,0,0,0,0,0,0,64434,2122,0,0,1,1801,0,0,674820,0,64588
105,0,14,0,0,0,0,0,1377590,0,0,0,0,877,68608,0,0,0,0,0,0,0,0,0,0,0,0,0,0,0,0,0,0,0,64397,0,0,518,2,1276,0,0,323038,0,62775
105,0,15,0,0,0,0,0,1377590,0,0,0,0,41,0,0,0,0,0,0,0,0,0,0,0,0,0,0,0,0,0,0,0,0,0,0,0,39,0,92,0,0,0,0,0
106,0,0,0,0,0,0,0,397889,0,0,1026,65792,136,0,0,0,0,0,5217,0,0,0,0,0,0,0,0,1026,1026,0,0,0,125550,65792,0,294,0,136,284,0,0,0,0,67072
106,0,1,0,0,0,0,0,198945,5217,0,0,0,1841,0,0,0,0,0,5217,0,0,0,0,0,0,0,0,0,258,0,0,0,63929,0,0,84,170,440,3303,0,0,67072,0,0
106,0,2,0,0,0,0,0,198945,0,0,0,0,794,67072,0,0,0,0,0,0,0,0,0,0,0,0,0,0,0,0,0,0,0,64780,0,249,369,283,1622,0,0,0,0,67072
106,0,3,0,0,0,0,0,198945,0,0,0,0,47,0,0,0,0,0,0,0,0,0,0,0,0,0,0,0,0,0,0,0,0,0,0,91,45,0,54,0,0,0,0,0
106,0,4,0,0,0,0,0,198945,0,0,0,0,47,0,0,0,0,0,0,0,0,0,0,0,0,0,0,0,0,0,0,0,0,0,0,87,0,45,62,0,0,0,0,0
106,0,5,0,0,0,0,0,198945,0,0,0,0,47,0,0,0,0,0,0,0,0,0,0,0,0,0,0,0,0,0,0,0,0,0,537,148,0,0,109,0,0,0,0,0
106,0,6,0,0,0,0,0,198945,0,0,0,0,47,0,0,0,0,0,0,0,0,0,0,0,0,0,0,0,0,0,0,0,0,0,0,40,98,0,52,0,0,0,0,0
106,0,7,0,0,0,0,0,198945,0,0,0,0,53,0,0,0,0,0,0,0,0,0,0,0,0,0,0,0,0,0,0,0,0,0,0,105,39,0,140,0,0,0,0,0
106,0,8,0,0,0,0,0,198945,0,0,0,0,50,0,0,0,0,0,0,0,0,0,0,0,0,0,0,0,0,0,0,0,0,0,0,52,0,42,107,0,0,0,0,0
106,0,9,0,0,0,0,0,198945,0,0,0,0,47,0,0,0,0,0,0,0,0,0,0,0,0,0,0,0,0,0,0,0,0,0,365,42,0,0,53,0,0,0,0,0
106,0,10,0,0,0,0,0,198945,0,0,0,0,53,0,0,0,0,0,0,0,0,0,0,0,0,0,0,0,0,0,0,0,0,0,0,91,92,0,118,0,0,0,0,0
106,0,11,0,0,0,0,0,198945,0,0,0,0,53,0,0,0,0,0,0,0,0,0,0,0,0,0,0,0,0,0,0,0,0,0,0,39,39,0,94,0,0,0,0,0
106,0,12,0,0,0,0,0,198945,0,0,0,0,47,0,0,0,0,0,0,0,0,0,0,0,0,0,0,0,0,0,0,0,0,0,0,0,0,45,93,0,0,0,0,0
106,0,13,0,0,0,0,0,198945,0,0,0,0,53,0,0,0,0,0,0,0,0,0,0,0,0,0,0,0,0,0,0,0,0,0,178,0,0,0,109,0,0,0,0,0
106,0,14,0,0,0,0,0,198945,0,0,0,0,53,0,0,0,0,0,0,0,0,0,0,0,0,0,0,0,0,0,0,0,0,0,0,0,80,0,60,0,0,0,0,0
106,0,15,0,0,0,0,0,198945,0,0,0,0,41,0,0,0,0,0,0,0,0,0,0,0,0,0,0,0,0,0,0,0,0,0,0,0,39,0,89,0,0,0,0,0
107,0,0,0,0,0,0,0,397823,0,0,1026,65792,136,0,0,0,0,0,5218,0,0,0,0,0,0,0,0,1026,1026,0,0,0,125485,65792,0,294,0,136,284,0,0,0,0,67072
107,0,1,0,0,0,0,0,198912,5217,0,0,0,1844,0,0,0,0,0,5217,0,0,0,0,0,0,0,0,0,255,0,0,0,63901,0,0,84,170,437,3309,0,0,67072,0,0
107,0,2,0,0,0,0,0,198912,0,0,0,0,797,67072,0,0,0,0,0,0,0,0,0,0,0,0,0,0,0,0,0,0,0,64785,0,249,366,283,1628,0,0,0,0,67072
107,0,3,0,0,0,0,0,198912,0,0,0,0,47,0,0,0,0,0,0,0,0,0,0,0,0,0,0,0,0,0,0,0,0,0,0,91,45,0,54,0,0,0,0,0
107,0,4,0,0,0,0,0,198912,0,0,0,0,47,0,0,0,0,0,0,0,0,0,0,0,0,0,0,0,0,0,0,0,0,0,0,87,0,45,62,0,0,0,0,0
107,0,5,0,0,0,0,0,198912,0,0,0,0,47,0,0,0,0,0,0,0,0,0,0,0,0,0,0,0,0,0,0,0,0,0,537,148,0,0,109,0,0,0,0,0
107,0,6,0,0,0,0,0,198912,0,0,0,0,47,0,0,0,0,0,0,0,0,0,0,0,0,0,0,0,0,0,0,0,0,0,0,40,98,0,52,0,0,0,0,0
107,0,7,0,0,0,0,0,198912,0,0,0,0,53,0,0,0,0,0,0,0,0,0,0,0,0,0,0,0,0,0,0,0,0,0,0,105,39,0,140,0,0,0,0,0
107,0,8,0,0,0,0,0,198912,0,0,0,0,50,0,0,0,0,0,0,0,0,0,0,0,0,0,0,0,0,0,0,0,0,0,0,52,0,42,107,0,0,0,0,0
107,0,9,0,0,0,0,0,198912,0,0,0,0,47,0,0,0,0,0,0,0,0,0,0,0,0,0,0,0,0,0,0,0,0,0,365,42,0,0,53,0,0,0,0,0
107,0,10,0,0,0,0,0,198912,0,0,0,0,53,0,0,0,0,0,0,0,0,0,0,0,0,0,0,0,0,0,0,0,0,0,0,91,92,0,118,0,0,0,0,0
107,0,11,0,0,0,0,0,198912,0,0,0,0,53,0,0,0,0,0,0,0,0,0,0,0,0,0,0,0,0,0,0,0,0,0,0,39,39,0,94,0,0,0,0,0
107,0,12,0,0,0,0,0,198912,0,0,0,0,47,0,0,0,0,0,0,0,0,0,0,0,0,0,0,0,0,0,0,0,0,0,0,0,0,45,93,0,0,0,0,0
107,0,13,0,0,0,0,0,198912,0,0,0,0,53,0,0,0,0,0,0,0,0,0,0,0,0,0,0,0,0,0,0,0,0,0,178,0,0,0,109,0,0,0,0,0
107,0,14,0,0,0,0,0,198912,0,0,0,0,53,0,0,0,0,0,0,0,0,0,0,0,0,0,0,0,0,0,0,0,0,0,0,0,80,0,60,0,0,0,0,0
107,0,15,0,0,0,0,0,198912,0,0,0,0,41,0,0,0,0,0,0,0,0,0,0,0,0,0,0,0,0,0,0,0,0,0,0,0,39,0,89,0,0,0,0,0
108,0,0,0,0,0,0,0,397822,0,0,1026,65792,136,0,0,0,0,0,5217,0,0,0,0,0,0,0,0,1026,1026,0,0,0,125598,65792,0,294,0,136,284,0,0,0,0,67072
108,0,1,0,0,0,0,0,198911,5217,0,0,0,1848,0,0,0,0,0,5217,0,0,0,0,0,0,0,0,0,260,0,0,0,63942,0,0,84,170,433,3318,0,0,67072,0,0
108,0,2,0,0,0,0,0,198911,0,0,0,0,802,67072,0,0,0,0,0,0,0,0,0,0,0,0,0,0,0,0,0,0,0,64779,0,249,361,283,1637,0,0,0,0,67072
108,0,3,0,0,0,0,0,198911,0,0,0,0,47,0,0,0,0,0,0,0,0,0,0,0,0,0,0,0,0,0,0,0,0,0,0,91,45,0,54,0,0,0,0,0
108,0,4,0,0,0,0,0,198911,0,0,0,0,47,0,0,0,0,0,0,0,0,0,0,0,0,0,0,0,0,0,0,0,0,0,0,87,0,45,61,0,0,0,0,0
108,0,5,0,0,0,0,0,198911,0,0,0,0,47,0,0,0,0,0,0,0,0,0,0,0,0,0,0,0,0,0,0,0,0,0,537,148,0,0,109,0,0,0,0,0
108,0,6,0,0,0,0,0,198911,0,0,0,0,47,0,0,0,0,0,0,0,0,0,0,0,0,0,0,0,0,0,0,0,0,0,0,40,98,0,52,0,0,0,0,0
108,0,7,0,0,0,0,0,198911,0,0,0,0,53,0,0,0,0,0,0,0,0,0,0,0,0,0,0,0,0,0,0,0,0,0,0,105,39,0,140,0,0,0,0,0
108,0,8,0,0,0,0,0,198911,0,0,0,0,50,0,0,0,0,0,0,0,0,0,0,0,0,0,0,0,0,0,0,0,0,0,0,52,0,42,107,0,0,0,0,0
108,0,9,0,0,0,0,0,198911,0,0,0,0,47,0,0,0,0,0,0,0,0,0,0,0,0,0,0,0,0,0,0,0,0,0,365,42,0,0,53,0,0,0,0,0
108,0,10,0,0,0,0,0,198911,0,0,0,0,53,0,0,0,0,0,0,0,0,0,0,0,0,0,0,0,0,0,0,0,0,0,0,91,92,0,118,0,0,0,0,0
108,0,11,0,0,0,0,0,198911,0,0,0,0,53,0,0,0,0,0,0,0,0,0,0,0,0,0,0,0,0,0,0,0,0,0,0,39,39,0,94,0,0,0,0,0
108,0,12,0,0,0,0,0,198911,0,0,0,0,47,0,0,0,0,0,0,0,0,0,0,0,0,0,0,0,0,0,0,0,0,0,0,0,0,45,93,0,0,0,0,0
108,0,13,0,0,0,0,0,198911,0,0,0,0,53,0,0,0,0,0,0,0,0,0,0,0,0,0,0,0,0,0,0,0,0,0,178,0,0,0,109,0,0,0,0,0
108,0,14,0,0,0,0,0,198911,0,0,0,0,53,0,0,0,0,0,0,0,0,0,0,0,0,0,0,0,0,0,0,0,0,0,0,0,80,0,60,0,0,0,0,0
108,0,15,0,0,0,0,0,198911,0,0,0,0,41,0,0,0,0,0,0,0,0,0,0,0,0,0,0,0,0,0,0,0,0,0,0,0,39,0,89,0,0,0,0,0
109,0,0,0,0,0,0,0,612200,0,0,1540,131584,136,0,0,0,0,0,5994,0,0,0,0,0,0,0,0,1540,1540,0,0,0,253163,131584,0,294,0,136,284,0,0,0,0,229423
109,0,1,0,0,0,0,0,306100,5994,0,0,0,1993,0,0,0,0,0,5994,0,0,0,0,0,0,0,0,0,505,0,0,0,127707,0,0,84,171,802,3433,0,0,68997,0,0
109,0,2,0,0,0,0,0,306100,0,0,0,0,548,67072,0,0,0,0,0,0,0,0,0,0,0,0,0,0,0,0,0,0,63529,65023,0,249,903,748,1063,0,0,66088,0,66034
109,0,3,0,0,0,0,0,306100,0,0,0,0,591,67072,0,0,0,0,0,0,0,0,0,0,0,0,0,0,0,0,0,0,0,64998,0,92,270,0,903,0,0,1801,0,66044
109,0,4,0,0,0,0,0,306100,0,0,0,0,47,0,0,0,0,0,0,0,0,0,0,0,0,0,0,0,0,0,0,0,0,0,0,87,0,45,62,0,0,0,0,0
109,0,5,0,0,0,0,0,306100,0,0,0,0,47,0,0,0,0,0,0,0,0,0,0,0,0,0,0,0,0,0,0,0,0,0,537,148,0,0,109,0,0,0,0,0
109,0,6,0,0,0,0,0,306100,0,0,0,0,47,0,0,0,0,0,0,0,0,0,0,0,0,0,0,0,0,0,0,0,0,0,0,40,98,0,52,0,0,0,0,0
109,0,7,0,0,0,0,0,306100,0,0,0,0,53,0,0,0,0,0,0,0,0,0,0,0,0,0,0,0,0,0,0,0,0,0,0,105,39,0,140,0,0,0,0,0
109,0,8,0,0,0,0,0,306100,0,0,0,0,50,0,0,0,0,0,0,0,0,0,0,0,0,0,0,0,0,0,0,0,0,0,0,52,0,42,107,0,0,0,0,0
109,0,9,0,0,0,0,0,306100,0,0,0,0,47,0,0,0,0,0,0,0,0,0,0,0,0,0,0,0,0,0,0,0,0,0,365,42,0,0,53,0,0,0,0,0
109,0,10,0,0,0,0,0,306100,0,0,0,0,53,0,0,0,0,0,0,0,0,0,0,0,0,0,0,0,0,0,0,0,0,0,0,91,92,0,118,0,0,0,0,0
109,0,11,0,0,0,0,0,306100,0,0,0,0,53,0,0,0,0,0,0,0,0,0,0,0,0,0,0,0,0,0,0,0,0,0,0,40,39,0,94,0,0,0,0,0
109,0,12,0,0,0,0,0,306100,0,0,0,0,47,0,0,0,0,0,0,0,0,0,0,0,0,0,0,0,0,0,0,0,0,0,0,0,0,45,93,0,0,0,0,0
109,0,13,0,0,0,0,0,306100,0,0,0,0,53,0,0,0,0,0,0,0,0,0,0,0,0,0,0,0,0,0,0,0,0,0,178,0,0,0,109,0,0,0,0,0
109,0,14,0,0,0,0,0,306100,0,0,0,0,53,0,0,0,0,0,0,0,0,0,0,0,0,0,0,0,0,0,0,0,0,0,0,0,80,0,60,0,0,0,0,0
109,0,15,0,0,0,0,0,306100,0,0,0,0,41,0,0,0,0,0,0,0,0,0,0,0,0,0,0,0,0,0,0,0,0,0,0,0,39,0,89,0,0,0,0,0
110,0,0,0,0,0,0,0,612196,0,0,1540,131584,136,0,0,0,0,0,5994,0,0,0,0,0,0,0,0,1540,1540,0,0,0,253137,131584,0,294,0,136,284,0,0,0,0,229395
110,0,1,0,0,0,0,0,306098,5994,0,0,0,2001,0,0,0,0,0,5994,0,0,0,0,0,0,0,0,0,498,0,0,0,127702,0,0,84,171,794,3444,0,0,68991,0,0
110,0,2,0,0,0,0,0,306098,0,0,0,0,544,67072,0,0,0,0,0,0,0,0,0,0,0,0,0,0,0,0,0,0,63529,65023,0,249,900,760,1055,0,0,66097,0,66033
110,0,3,0,0,0,0,0,306098,0,0,0,0,584,67072,0,0,0,0,0,0,0,0,0,0,0,0,0,0,0,0,0,0,0,64998,0,92,277,0,884,0,0,1797,0,66044
110,0,4,0,0,0,0,0,306098,0,0,0,0,47,0,0,0,0,0,0,0,0,0,0,0,0,0,0,0,0,0,0,0,0,0,0,87,0,45,62,0,0,0,0,0
110,0,5,0,0,0,0,0,306098,0,0,0,0,47,0,0,0,0,0,0,0,0,0,0,0,0,0,0,0,0,0,0,0,0,0,537,148,0,0,109,0,0,0,0,0
110,0,6,0,0,0,0,0,306098,0,0,0,0,47,0,0,0,0,0,0,0,0,0,0,0,0,0,0,0,0,0,0,0,0,0,0,40,98,0,52,0,0,0,0,0
110,0,7,0,0,0,0,0,306098,0,0,0,0,53,0,0,0,0,0,0,0,0,0,0,0,0,0,0,0,0,0,0,0,0,0,0,105,39,0,140,0,0,0,0,0
110,0,8,0,0,0,0,0,306098,0,0,0,0,50,0,0,0,0,0,0,0,0,0,0,0,0,0,0,0,0,0,0,0,0,0,0,52,0,42,107,0,0,0,0,0
110,0,9,0,0,0,0,0,306098,0,0,0,0,47,0,0,0,0,0,0,0,0,0,0,0,0,0,0,0,0,0,0,0,0,0,365,42,0,0,53,0,0,0,0,0
110,0,10,0,0,0,0,0,306098,0,0,0,0,53,0,0,0,0,0,0,0,0,0,0,0,0,0,0,0,0,0,0,0,0,0,0,91,92,0,118,0,0,0,0,0
110,0,11,0,0,0,0,0,306098,0,0,0,0,53,0,0,0,0,0,0,0,0,0,0,0,0,0,0,0,0,0,0,0,0,0,0,40,39,0,94,0,0,0,0,0
110,0,12,0,0,0,0,0,306098,0,0,0,0,47,0,0,0,0,0,0,0,0,0,0,0,0,0,0,0,0,0,0,0,0,0,0,0,0,45,93,0,0,0,0,0
110,0,13,0,0,0,0,0,306098,0,0,0,0,53,0,0,0,0,0,0,0,0,0,0,0,0,0,0,0,0,0,0,0,0,0,178,0,0,0,109,0,0,0,0,0
110,0,14,0,0,0,0,0,306098,0,0,0,0,53,0,0,0,0,0,0,0,0,0,0,0,0,0,0,0,0,0,0,0,0,0,0,0,80,0,60,0,0,0,0,0
110,0,15,0,0,0,0,0,306098,0,0,0,0,41,0,0,0,0,0,0,0,0,0,0,0,0,0,0,0,0,0,0,0,0,0,0,0,39,0,89,0,0,0,0,0
111,0,0,0,0,0,0,0,612239,0,0,1540,131584,136,0,0,0,0,0,5994,0,0,0,0,0,0,0,0,1540,1540,0,0,0,253162,131584,0,294,0,136,284,0,0,0,0,229460
111,0,1,0,0,0,0,0,306120,5994,0,0,0,1994,0,0,0,0,0,5994,0,0,0,0,0,0,0,0,0,504,0,0,0,127708,0,0,84,169,803,3437,0,0,68975,0,0
111,0,2,0,0,0,0,0,306120,0,0,0,0,551,67072,0,0,0,0,0,0,0,0,0,0,0,0,0,0,0,0,0,0,63527,65023,0,249,900,748,1065,0,0,66101,0,66034
111,0,3,0,0,0,0,0,306120,0,0,0,0,591,67072,0,0,0,0,0,0,0,0,0,0,0,0,0,0,0,0,0,0,0,64999,0,92,270,0,903,0,0,1796,0,66048
111,0,4,0,0,0,0,0,306120,0,0,0,0,47,0,0,0,0,0,0,0,0,0,0,0,0,0,0,0,0,0,0,0,0,0,0,87,0,45,61,0,0,0,0,0
111,0,5,0,0,0,0,0,306120,0,0,0,0,47,0,0,0,0,0,0,0,0,0,0,0,0,0,0,0,0,0,0,0,0,0,537,148,0,0,109,0,0,0,0,0
111,0,6,0,0,0,0,0,306120,0,0,0,0,47,0,0,0,0,0,0,0,0,0,0,0,0,0,0,0,0,0,0,0,0,0,0,40,98,0,52,0,0,0,0,0
111,0,7,0,0,0,0,0,306120,0,0,0,0,53,0,0,0,0,0,0,0,0,0,0,0,0,0,0,0,0,0,0,0,0,0,0,105,39,0,140,0,0,0,0,0
111,0,8,0,0,0,0,0,306120,0,0,0,0,50,0,0,0,0,0,0,0,0,0,0,0,0,0,0,0,0,0,0,0,0,0,0,52,0,42,107,0,0,0,0,0
111,0,9,0,0,0,0,0,306120,0,0,0,0,47,0,0,0,0,0,0,0,0,0,0,0,0,0,0,0,0,0,0,0,0,0,365,42,0,0,53,0,0,0,0,0
111,0,10,0,0,0,0,0,306120,0,0,0,0,53,0,0,0,0,0,0,0,0,0,0,0,0,0,0,0,0,0,0,0,0,0,0,91,92,0,118,0,0,0,0,0
111,0,11,0,0,0,0,0,306120,0,0,0,0,53,0,0,0,0,0,0,0,0,0,0,0,0,0,0,0,0,0,0,0,0,0,0,40,39,0,94,0,0,0,0,0
111,0,12,0,0,0,0,0,306120,0,0,0,0,47,0,0,0,0,0,0,0,0,0,0,0,0,0,0,0,0,0,0,0,0,0,0,0,0,45,93,0,0,0,0,0
111,0,13,0,0,0,0,0,306120,0,0,0,0,53,0,0,0,0,0,0,0,0,0,0,0,0,0,0,0,0,0,0,0,0,0,178,0,0,0,109,0,0,0,0,0
111,0,14,0,0,0,0,0,306120,0,0,0,0,53,0,0,0,0,0,0,0,0,0,0,0,0,0,0,0,0,0,0,0,0,0,0,0,80,0,60,0,0,0,0,0
111,0,15,0,0,0,0,0,306120,0,0,0,0,41,0,0,0,0,0,0,0,0,0,0,0,0,0,0,0,0,0,0,0,0,0,0,0,39,0,89,0,0,0,0,0
112,0,0,0,0,0,0,0,1113466,0,0,3072,263168,136,0,0,0,0,0,8301,0,0,0,0,0,0,0,0,3072,3072,0,127744,0,376578,263168,0,1063,0,136,284,0,0,0,0,634582
112,0,1,0,0,0,0,0,556733,8301,0,0,0,3224,0,0,0,0,0,8301,0,0,0,0,0,0,0,0,0,1572,0,63747,0,126968,0,0,383,350,627,5558,0,0,318915,0,0
112,0,2,0,0,0,0,0,556733,0,0,0,0,668,67072,0,0,0,0,0,0,0,0,0,0,0,0,0,0,0,0,0,0,63506,64769,0,249,749,776,1326,0,0,256159,0,64643
112,0,3,0,0,0,0,0,556733,0,0,0,0,558,67072,0,0,0,0,0,0,0,0,0,0,0,0,0,0,0,0,0,0,0,65015,0,93,300,0,840,0,0,129814,0,64929
112,0,4,0,0,0,0,0,556733,0,0,0,0,548,67072,0,0,0,0,0,0,0,0,0,0,0,0,0,0,0,0,0,0,0,65024,0,87,0,311,744,126376,0,0,0,65968
112,0,5,0,0,0,0,0,556733,0,0,0,0,527,67072,0,0,0,0,0,0,0,0,0,0,0,0,0,0,0,0,0,0,0,65021,1325,148,0,0,1059,0,0,66048,0,64897
112,0,6,0,0,0,0,0,556733,0,0,0,0,47,0,0,0,0,0,0,0,0,0,0,0,0,0,0,0,0,0,0,0,0,0,0,40,98,2,52,0,0,0,0,0
112,0,7,0,0,0,0,0,556733,0,0,0,0,53,0,0,0,0,0,0,0,0,0,0,0,0,0,0,0,0,0,0,0,0,0,0,104,39,0,140,0,0,0,0,0
112,0,8,0,0,0,0,0,556733,0,0,0,0,50,0,0,0,0,0,0,0,0,0,0,0,0,0,0,0,0,0,0,0,0,0,0,52,0,42,107,0,0,0,0,0
112,0,9,0,0,0,0,0,556733,0,0,0,0,47,0,0,0,0,0,0,0,0,0,0,0,0,0,0,0,0,0,0,0,0,0,365,42,0,0,53,0,0,0,0,0
112,0,10,0,0,0,0,0,556733,0,0,0,0,53,0,0,0,0,0,0,0,0,0,0,0,0,0,0,0,0,0,0,0,0,0,0,91,92,0,118,0,0,0,0,0
112,0,11,0,0,0,0,0,556733,0,0,0,0,53,0,0,0,0,0,0,0,0,0,0,0,0,0,0,0,0,0,0,0,0,0,0,43,39,0,94,0,0,0,0,0
112,0,12,0,0,0,0,0,556733,0,0,0,0,47,0,0,0,0,0,0,0,0,0,0,0,0,0,0,0,0,0,0,0,0,0,0,0,0,45,93,0,0,0,0,0
112,0,13,0,0,0,0,0,556733,0,0,0,0,53,0,0,0,0,0,0,0,0,0,0,0,0,0,0,0,0,0,0,0,0,0,178,0,0,0,109,0,0,0,0,0
112,0,14,0,0,0,0,0,556733,0,0,0,0,53,0,0,0,0,0,0,0,0,0,0,0,0,0,0,0,0,0,0,0,0,0,0,0,80,0,60,0,0,0,0,0
112,0,15,0,0,0,0,0,556733,0,0,0,0,41,0,0,0,0,0,0,0,0,0,0,0,0,0,0,0,0,0,0,0,0,0,0,0,39,0,88,0,0,0,0,0
113,0,0,0,0,0,0,0,1113423,0,0,3072,263168,136,0,0,0,0,0,8304,0,0,0,0,0,0,0,0,3072,3072,0,127745,0,376576,263168,0,1063,0,136,284,0,0,0,0,634400
113,0,1,0,0,0,0,0,556712,8304,0,0,0,3215,0,0,0,0,0,8304,0,0,0,0,0,0,0,0,0,1554,0,63747,0,126968,0,0,365,395,609,5588,0,0,318985,0,0
113,0,2,0,0,0,0,0,556712,0,0,0,0,670,67072,0,0,0,0,0,0,0,0,0,0,0,0,0,0,0,0,0,0,63504,64769,0,249,737,771,1351,0,0,256273,0,64685
113,0,3,0,0,0,0,0,556712,0,0,0,0,548,67072,0,0,0,0,0,0,0,0,0,0,0,0,0,0,0,0,0,0,0,65016,0,93,310,0,835,0,0,129843,0,64967
113,0,4,0,0,0,0,0,556712,0,0,0,0,567,67072,0,0,0,0,0,0,0,0,0,0,0,0,0,0,0,0,0,0,0,65023,0,87,0,292,807,126055,0,0,0,65993
113,0,5,0,0,0,0,0,556712,0,0,0,0,571,67072,0,0,0,0,0,0,0,0,0,0,0,0,0,0,0,0,0,0,0,65021,1298,148,0,2,1121,0,0,65915,0,64828
113,0,6,0,0,0,0,0,556712,0,0,0,0,47,0,0,0,0,0,0,0,0,0,0,0,0,0,0,0,0,0,0,0,0,0,0,40,98,0,52,0,0,0,0,0
113,0,7,0,0,0,0,0,556712,0,0,0,0,53,0,0,0,0,0,0,0,0,0,0,0,0,0,0,0,0,0,0,0,0,0,0,106,39,0,140,0,0,0,0,0
113,0,8,0,0,0,0,0,556712,0,0,0,0,50,0,0,0,0,0,0,0,0,0,0,0,0,0,0,0,0,0,0,0,0,0,0,52,0,42,107,0,0,0,0,0
113,0,9,0,0,0,0,0,556712,0,0,0,0,47,0,0,0,0,0,0,0,0,0,0,0,0,0,0,0,0,0,0,0,0,0,365,42,0,0,53,0,0,0,0,0
113,0,10,0,0,0,0,0,556712,0,0,0,0,53,0,0,0,0,0,0,0,0,0,0,0,0,0,0,0,0,0,0,0,0,0,0,91,92,0,118,0,0,0,0,0
113,0,11,0,0,0,0,0,556712,0,0,0,0,53,0,0,0,0,0,0,0,0,0,0,0,0,0,0,0,0,0,0,0,0,0,0,41,39,0,94,0,0,0,0,0
113,0,12,0,0,0,0,0,556712,0,0,0,0,47,0,0,0,0,0,0,0,0,0,0,0,0,0,0,0,0,0,0,0,0,0,0,0,0,45,93,0,0,0,0,0
113,0,13,0,0,0,0,0,556712,0,0,0,0,53,0,0,0,0,0,0,0,0,0,0,0,0,0,0,0,0,0,0,0,0,0,178,0,0,0,109,0,0,0,0,0
113,0,14,0,0,0,0,0,556712,0,0,0,0,53,0,0,0,0,0,0,0,0,0,0,0,0,0,0,0,0,0,0,0,0,0,0,0,80,0,60,0,0,0,0,0
113,0,15,0,0,0,0,0,556712,0,0,0,0,41,0,0,0,0,0,0,0,0,0,0,0,0,0,0,0,0,0,0,0,0,0,0,0,39,0,90,0,0,0,0,0
114,0,0,0,0,0,0,0,1113526,0,0,3072,263168,136,0,0,0,0,0,8304,0,0,0,0,0,0,0,0,3072,3072,0,127745,0,376594,263168,0,1063,0,136,284,0,0,0,0,634111
114,0,1,0,0,0,0,0,556763,8304,0,0,0,3242,0,0,0,0,0,8304,0,0,0,0,0,0,0,0,0,1544,0,63747,0,126951,0,0,354,348,640,5605,0,0,318375,0,0
114,0,2,0,0,0,0,0,556763,0,0,0,0,649,67072,0,0,0,0,0,0,0,0,0,0,0,0,0,0,0,0,0,0,63539,64769,0,249,752,772,1298,0,0,255853,0,64614
114,0,3,0,0,0,0,0,556763,0,0,0,0,542,67072,0,0,0,0,0,0,0,0,0,0,0,0,0,0,0,0,0,0,0,64999,0,93,316,0,828,0,0,129602,0,64949
114,0,4,0,0,0,0,0,556763,0,0,0,0,540,67072,0,0,0,0,0,0,0,0,0,0,0,0,0,0,0,0,0,0,0,65023,0,87,0,319,732,126411,0,0,0,65956
114,0,5,0,0,0,0,0,556763,0,0,0,0,549,67072,0,0,0,0,0,0,0,0,0,0,0,0,0,0,0,0,0,0,0,65021,1293,148,0,2,1110,0,0,65693,0,64979
114,0,6,0,0,0,0,0,556763,0,0,0,0,47,0,0,0,0,0,0,0,0,0,0,0,0,0,0,0,0,0,0,0,0,0,0,40,98,0,52,0,0,0,0,0
114,0,7,0,0,0,0,0,556763,0,0,0,0,53,0,0,0,0,0,0,0,0,0,0,0,0,0,0,0,0,0,0,0,0,0,0,106,39,0,140,0,0,0,0,0
114,0,8,0,0,0,0,0,556763,0,0,0,0,50,0,0,0,0,0,0,0,0,0,0,0,0,0,0,0,0,0,0,0,0,0,0,52,0,42,107,0,0,0,0,0
114,0,9,0,0,0,0,0,556763,0,0,0,0,47,0,0,0,0,0,0,0,0,0,0,0,0,0,0,0,0,0,0,0,0,0,365,42,0,0,53,0,0,0,0,0
114,0,10,0,0,0,0,0,556763,0,0,0,0,53,0,0,0,0,0,0,0,0,0,0,0,0,0,0,0,0,0,0,0,0,0,0,91,92,0,118,0,0,0,0,0
114,0,11,0,0,0,0,0,556763,0,0,0,0,53,0,0,0,0,0,0,0,0,0,0,0,0,0,0,0,0,0,0,0,0,0,0,41,39,0,94,0,0,0,0,0
114,0,12,0,0,0,0,0,556763,0,0,0,0,47,0,0,0,0,0,0,0,0,0,0,0,0,0,0,0,0,0,0,0,0,0,0,0,0,45,93,0,0,0,0,0
114,0,13,0,0,0,0,0,556763,0,0,0,0,53,0,0,0,0,0,0,0,0,0,0,0,0,0,0,0,0,0,0,0,0,0,178,0,0,0,109,0,0,0,0,0
114,0,14,0,0,0,0,0,556763,0,0,0,0,53,0,0,0,0,0,0,0,0,0,0,0,0,0,0,0,0,0,0,0,0,0,0,0,80,0,60,0,0,0,0,0
114,0,15,0,0,0,0,0,556763,0,0,0,0,41,0,0,0,0,0,0,0,0,0,0,0,0,0,0,0,0,0,0,0,0,0,0,0,39,0,90,0,0,0,0,0
115,0,0,0,0,0,0,0,1528946,0,0,4406,394752,136,0,0,0,0,0,10317,0,0,0,0,0,0,0,0,4406,4406,0,127658,0,624830,394752,0,843,0,136,284,0,0,0,0,1004251
115,0,1,0,0,0,0,0,764473,10317,0,0,0,4100,0,0,0,0,0,10317,0,0,0,0,0,0,0,0,0,2193,0,63773,0,252401,0,0,351,321,1148,7012,0,0,278311,0,0
115,0,2,0,0,0,0,0,764473,0,0,0,0,419,67072,0,0,0,0,0,0,0,0,0,0,0,0,0,0,0,0,63640,0,126642,64819,0,926,625,1280,879,0,0,227840,0,64669
115,0,3,0,0,0,0,0,764473,0,0,0,0,408,67072,0,0,0,0,0,0,0,0,0,0,0,0,0,0,0,0,63947,0,0,64959,0,431,231,0,600,0,0,101871,0,65197
115,0,4,0,0,0,0,0,764473,0,0,0,0,428,67072,0,0,0,0,0,0,0,0,0,0,0,0,0,0,0,0,0,0,0,64997,0,87,0,211,594,341930,0,0,0,65508
115,0,5,0,0,0,0,0,764473,0,0,0,0,581,67072,0,0,0,0,0,0,0,0,0,0,0,0,0,0,0,0,0,0,0,64889,2201,148,0,2,1197,0,0,319873,0,64975
115,0,6,0,0,0,0,0,764473,0,0,0,0,709,67072,0,0,0,0,0,0,0,0,0,0,0,0,0,0,0,0,0,0,0,64949,0,40,1038,1,1010,0,0,319072,0,65205
115,0,7,0,0,0,0,0,764473,0,0,0,0,686,67072,0,0,0,0,0,0,0,0,0,0,0,0,0,0,0,0,0,0,0,65022,0,107,377,0,1407,0,0,167622,0,64283
115,0,8,0,0,0,0,0,764473,0,0,0,0,50,0,0,0,0,0,0,0,0,0,0,0,0,0,0,0,0,0,0,0,0,0,0,52,0,42,107,0,0,0,0,0
115,0,9,0,0,0,0,0,764473,0,0,0,0,47,0,0,0,0,0,0,0,0,0,0,0,0,0,0,0,0,0,0,0,0,0,365,42,0,0,53,0,0,0,0,0
115,0,10,0,0,0,0,0,764473,0,0,0,0,53,0,0,0,0,0,0,0,0,0,0,0,0,0,0,0,0,0,0,0,0,0,0,91,92,0,118,0,0,0,0,0
115,0,11,0,0,0,0,0,764473,0,0,0,0,53,0,0,0,0,0,0,0,0,0,0,0,0,0,0,0,0,0,0,0,0,0,0,42,39,0,94,0,0,0,0,0
115,0,12,0,0,0,0,0,764473,0,0,0,0,47,0,0,0,0,0,0,0,0,0,0,0,0,0,0,0,0,0,0,0,0,0,0,0,0,45,93,0,0,0,0,0
115,0,13,0,0,0,0,0,764473,0,0,0,0,53,0,0,0,0,0,0,0,0,0,0,0,0,0,0,0,0,0,0,0,0,0,178,0,0,0,109,0,0,0,0,0
115,0,14,0,0,0,0,0,764473,0,0,0,0,53,0,0,0,0,0,0,0,0,0,0,0,0,0,0,0,0,0,0,0,0,0,0,0,80,0,60,0,0,0,0,0
115,0,15,0,0,0,0,0,764473,0,0,0,0,41,0,0,0,0,0,0,0,0,0,0,0,0,0,0,0,0,0,0,0,0,0,0,0,39,0,91,0,0,0,0,0
116,0,0,0,0,0,0,0,1529397,0,0,4406,394752,136,0,0,0,0,0,10317,0,0,0,0,0,0,0,0,4406,4406,0,127663,0,624863,394752,0,843,0,136,284,0,0,0,0,1004958
116,0,1,0,0,0,0,0,764698,10317,0,0,0,4078,0,0,0,0,0,10317,0,0,0,0,0,0,0,0,0,2203,0,63757,0,252435,0,0,364,331,1147,6953,0,0,278435,0,0
116,0,2,0,0,0,0,0,764698,0,0,0,0,404,67072,0,0,0,0,0,0,0,0,0,0,0,0,0,0,0,0,63662,0,126647,64821,0,911,638,1280,880,0,0,228008,0,64675
116,0,3,0,0,0,0,0,764698,0,0,0,0,405,67072,0,0,0,0,0,0,0,0,0,0,0,0,0,0,0,0,63947,0,0,64963,0,411,233,0,618,0,0,101879,0,65215
116,0,4,0,0,0,0,0,764698,0,0,0,0,431,67072,0,0,0,0,0,0,0,0,0,0,0,0,0,0,0,0,0,0,0,64998,0,87,0,208,607,341827,0,0,0,65492
116,0,5,0,0,0,0,0,764698,0,0,0,0,578,67072,0,0,0,0,0,0,0,0,0,0,0,0,0,0,0,0,0,0,0,64877,2225,148,0,0,1181,0,0,319894,0,64954
116,0,6,0,0,0,0,0,764698,0,0,0,0,720,67072,0,0,0,0,0,0,0,0,0,0,0,0,0,0,0,0,0,0,0,64948,0,40,1022,2,1036,0,0,319018,0,65187
116,0,7,0,0,0,0,0,764698,0,0,0,0,679,67072,0,0,0,0,0,0,0,0,0,0,0,0,0,0,0,0,0,0,0,65022,0,106,383,0,1421,0,0,167506,0,64284
116,0,8,0,0,0,0,0,764698,0,0,0,0,50,0,0,0,0,0,0,0,0,0,0,0,0,0,0,0,0,0,0,0,0,0,0,52,0,42,107,0,0,0,0,0
116,0,9,0,0,0,0,0,764698,0,0,0,0,47,0,0,0,0,0,0,0,0,0,0,0,0,0,0,0,0,0,0,0,0,0,365,42,0,0,53,0,0,0,0,0
116,0,10,0,0,0,0,0,764698,0,0,0,0,53,0,0,0,0,0,0,0,0,0,0,0,0,0,0,0,0,0,0,0,0,0,0,91,92,0,118,0,0,0,0,0
116,0,11,0,0,0,0,0,764698,0,0,0,0,53,0,0,0,0,0,0,0,0,0,0,0,0,0,0,0,0,0,0,0,0,0,0,43,39,0,94,0,0,0,0,0
116,0,12,0,0,0,0,0,764698,0,0,0,0,47,0,0,0,0,0,0,0,0,0,0,0,0,0,0,0,0,0,0,0,0,0,0,0,0,45,93,0,0,0,0,0
116,0,13,0,0,0,0,0,764698,0,0,0,0,53,0,0,0,0,0,0,0,0,0,0,0,0,0,0,0,0,0,0,0,0,0,178,0,0,0,109,0,0,0,0,0
116,0,14,0,0,0,0,0,764698,0,0,0,0,53,0,0,0,0,0,0,0,0,0,0,0,0,0,0,0,0,0,0,0,0,0,0,0,80,0,60,0,0,0,0,0
116,0,15,0,0,0,0,0,764698,0,0,0,0,41,0,0,0,0,0,0,0,0,0,0,0,0,0,0,0,0,0,0,0,0,0,0,0,39,0,90,0,0,0,0,0
117,0,0,0,0,0,0,0,1529136,0,0,4406,394752,136,0,0,0,0,0,10317,0,0,0,0,0,0,0,0,4406,4406,0,127662,0,624968,394752,0,843,0,136,284,0,0,0,0,1004602
117,0,1,0,0,0,0,0,764568,10317,0,0,0,4116,0,0,0,0,0,10317,0,0,0,0,0,0,0,0,0,2215,0,63751,0,252475,0,0,350,328,1126,7029,0,0,278461,0,0
117,0,2,0,0,0,0,0,764568,0,0,0,0,410,67072,0,0,0,0,0,0,0,0,0,0,0,0,0,0,0,0,63674,0,126674,64817,0,934,643,1295,870,0,0,227982,0,64664
117,0,3,0,0,0,0,0,764568,0,0,0,0,418,67072,0,0,0,0,0,0,0,0,0,0,0,0,0,0,0,0,63947,0,0,64966,0,412,221,0,614,0,0,101857,0,65192
117,0,4,0,0,0,0,0,764568,0,0,0,0,415,67072,0,0,0,0,0,0,0,0,0,0,0,0,0,0,0,0,0,0,0,64999,0,87,0,224,588,341915,0,0,0,65480
117,0,5,0,0,0,0,0,764568,0,0,0,0,570,67072,0,0,0,0,0,0,0,0,0,0,0,0,0,0,0,0,0,0,0,64884,2182,148,0,1,1187,0,0,319772,0,64967
117,0,6,0,0,0,0,0,764568,0,0,0,0,703,67072,0,0,0,0,0,0,0,0,0,0,0,0,0,0,0,0,0,0,0,64954,0,40,1056,1,996,0,0,319060,0,65205
117,0,7,0,0,0,0,0,764568,0,0,0,0,696,67072,0,0,0,0,0,0,0,0,0,0,0,0,0,0,0,0,0,0,0,65021,0,109,366,0,1435,0,0,167444,0,64286
117,0,8,0,0,0,0,0,764568,0,0,0,0,50,0,0,0,0,0,0,0,0,0,0,0,0,0,0,0,0,0,0,0,0,0,0,52,0,42,107,0,0,0,0,0
117,0,9,0,0,0,0,0,764568,0,0,0,0,47,0,0,0,0,0,0,0,0,0,0,0,0,0,0,0,0,0,0,0,0,0,365,42,0,0,53,0,0,0,0,0
117,0,10,0,0,0,0,0,764568,0,0,0,0,53,0,0,0,0,0,0,0,0,0,0,0,0,0,0,0,0,0,0,0,0,0,0,91,92,0,118,0,0,0,0,0
117,0,11,0,0,0,0,0,764568,0,0,0,0,53,0,0,0,0,0,0,0,0,0,0,0,0,0,0,0,0,0,0,0,0,0,0,40,39,0,94,0,0,0,0,0
117,0,12,0,0,0,0,0,764568,0,0,0,0,47,0,0,0,0,0,0,0,0,0,0,0,0,0,0,0,0,0,0,0,0,0,0,0,0,45,93,0,0,0,0,0
117,0,13,0,0,0,0,0,764568,0,0,0,0,53,0,0,0,0,0,0,0,0,0,0,0,0,0,0,0,0,0,0,0,0,0,178,0,0,0,109,0,0,0,0,0
117,0,14,0,0,0,0,0,764568,0,0,0,0,53,0,0,0,0,0,0,0,0,0,0,0,0,0,0,0,0,0,0,0,0,0,0,0,80,0,60,0,0,0,0,0
117,0,15,0,0,0,0,0,764568,0,0,0,0,41,0,0,0,0,0,0,0,0,0,0,0,0,0,0,0,0,0,0,0,0,0,0,0,39,0,93,0,0,0,0,0
118,0,0,0,0,0,0,0,1911838,0,0,5658,526336,136,0,0,0,0,0,12204,0,0,0,0,0,0,0,0,5658,5658,0,253226,0,747742,526336,0,1550,0,136,284,0,0,0,0,1288191
118,0,1,0,0,0,0,0,955919,12204,0,0,0,4926,0,0,0,0,0,12204,0,0,0,0,0,0,0,0,0,3043,0,126922,0,251643,0,0,549,531,1168,8495,0,0,191285,0,0
118,0,2,0,0,0,0,0,955919,0,0,0,0,317,67072,0,0,0,0,0,0,0,0,0,0,0,0,0,0,0,0,63882,0,126598,64924,0,918,484,1230,655,0,0,153520,0,64797
118,0,3,0,0,0,0,0,955919,0,0,0,0,315,67072,0,0,0,0,0,0,0,0,0,0,0,0,0,0,0,0,63647,0,0,64940,0,463,172,0,445,0,0,55243,0,65369
118,0,4,0,0,0,0,0,955919,0,0,0,0,375,67072,0,0,0,0,0,0,0,0,0,0,0,0,0,0,0,0,63785,0,0,64864,0,299,0,218,539,596521,0,0,0,65002
118,0,5,0,0,0,0,0,955919,0,0,0,0,566,67072,0,0,0,0,0,0,0,0,0,0,0,0,0,0,0,0,63891,0,0,64952,2933,675,0,0,1164,0,0,575318,0,65027
118,0,6,0,0,0,0,0,955919,0,0,0,0,781,67072,0,0,0,0,0,0,0,0,0,0,0,0,0,0,0,0,0,0,0,64944,0,40,1101,2,1160,0,0,465256,0,64626
118,0,7,0,0,0,0,0,955919,0,0,0,0,750,67072,0,0,0,0,0,0,0,0,0,0,0,0,0,0,0,0,0,0,0,64783,0,106,385,0,1511,0,0,167009,0,64490
118,0,8,0,0,0,0,0,955919,0,0,0,0,552,67072,0,0,0,0,0,0,0,0,0,0,0,0,0,0,0,0,0,0,0,64896,0,52,0,291,1150,399687,0,0,0,65005
118,0,9,0,0,0,0,0,955919,0,0,0,0,534,67072,0,0,0,0,0,0,0,0,0,0,0,0,0,0,0,0,0,0,0,64926,1130,42,0,1,766,0,0,145638,0,64260
118,0,10,0,0,0,0,0,955919,0,0,0,0,53,0,0,0,0,0,0,0,0,0,0,0,0,0,0,0,0,0,0,0,0,0,0,91,92,1,118,0,0,0,0,0
118,0,11,0,0,0,0,0,955919,0,0,0,0,53,0,0,0,0,0,0,0,0,0,0,0,0,0,0,0,0,0,0,0,0,0,0,44,39,0,94,0,0,0,0,0
118,0,12,0,0,0,0,0,955919,0,0,0,0,47,0,0,0,0,0,0,0,0,0,0,0,0,0,0,0,0,0,0,0,0,0,0,0,0,45,93,0,0,0,0,0
118,0,13,0,0,0,0,0,955919,0,0,0,0,53,0,0,0,0,0,0,0,0,0,0,0,0,0,0,0,0,0,0,0,0,0,178,0,0,0,109,0,0,0,0,0
118,0,14,0,0,0,0,0,955919,0,0,0,0,53,0,0,0,0,0,0,0,0,0,0,0,0,0,0,0,0,0,0,0,0,0,0,0,80,0,60,0,0,0,0,0
118,0,15,0,0,0,0,0,955919,0,0,0,0,41,0,0,0,0,0,0,0,0,0,0,0,0,0,0,0,0,0,0,0,0,0,0,0,39,0,91,0,0,0,0,0
119,0,0,0,0,0,0,0,1912313,0,0,5658,526336,136,0,0,0,0,0,12207,0,0,0,0,0,0,0,0,5658,5658,0,253156,0,747798,526336,0,1550,0,136,284,0,0,0,0,1288909
119,0,1,0,0,0,0,0,956156,12207,0,0,0,4908,0,0,0,0,0,12207,0,0,0,0,0,0,0,0,0,3034,0,126954,0,251639,0,0,556,553,1157,8483,0,0,191430,0,0
119,0,2,0,0,0,0,0,956156,0,0,0,0,312,67072,0,0,0,0,0,0,0,0,0,0,0,0,0,0,0,0,63874,0,126592,64932,0,955,485,1216,638,0,0,153567,0,64805
119,0,3,0,0,0,0,0,956156,0,0,0,0,311,67072,0,0,0,0,0,0,0,0,0,0,0,0,0,0,0,0,63643,0,0,64937,0,473,176,0,445,0,0,55177,0,65374
119,0,4,0,0,0,0,0,956156,0,0,0,0,380,67072,0,0,0,0,0,0,0,0,0,0,0,0,0,0,0,0,63784,0,0,64855,0,319,0,213,545,596690,0,0,0,64978
119,0,5,0,0,0,0,0,956156,0,0,0,0,558,67072,0,0,0,0,0,0,0,0,0,0,0,0,0,0,0,0,63900,0,0,64962,2926,664,0,1,1160,0,0,575604,0,65034
119,0,6,0,0,0,0,0,956156,0,0,0,0,756,67072,0,0,0,0,0,0,0,0,0,0,0,0,0,0,0,0,0,0,0,64939,0,40,1123,1,1098,0,0,466810,0,64618
119,0,7,0,0,0,0,0,956156,0,0,0,0,746,67072,0,0,0,0,0,0,0,0,0,0,0,0,0,0,0,0,0,0,0,64788,0,108,388,0,1497,0,0,167728,0,64459
119,0,8,0,0,0,0,0,956156,0,0,0,0,561,67072,0,0,0,0,0,0,0,0,0,0,0,0,0,0,0,0,0,0,0,64892,0,52,0,282,1139,399733,0,0,0,65008
119,0,9,0,0,0,0,0,956156,0,0,0,0,546,67072,0,0,0,0,0,0,0,0,0,0,0,0,0,0,0,0,0,0,0,64930,1127,42,0,1,789,0,0,145734,0,64254
119,0,10,0,0,0,0,0,956156,0,0,0,0,53,0,0,0,0,0,0,0,0,0,0,0,0,0,0,0,0,0,0,0,0,0,0,91,92,1,118,0,0,0,0,0
119,0,11,0,0,0,0,0,956156,0,0,0,0,53,0,0,0,0,0,0,0,0,0,0,0,0,0,0,0,0,0,0,0,0,0,0,42,39,0,94,0,0,0,0,0
119,0,12,0,0,0,0,0,956156,0,0,0,0,47,0,0,0,0,0,0,0,0,0,0,0,0,0,0,0,0,0,0,0,0,0,0,0,0,45,93,0,0,0,0,0
119,0,13,0,0,0,0,0,956156,0,0,0,0,53,0,0,0,0,0,0,0,0,0,0,0,0,0,0,0,0,0,0,0,0,0,178,0,0,0,109,0,0,0,0,0
119,0,14,0,0,0,0,0,956156,0,0,0,0,53,0,0,0,0,0,0,0,0,0,0,0,0,0,0,0,0,0,0,0,0,0,0,0,80,0,60,0,0,0,0,0
119,0,15,0,0,0,0,0,956156,0,0,0,0,41,0,0,0,0,0,0,0,0,0,0,0,0,0,0,0,0,0,0,0,0,0,0,0,39,0,93,0,0,0,0,0
120,0,0,0,0,0,0,0,1912510,0,0,5658,526336,136,0,0,0,0,0,12207,0,0,0,0,0,0,0,0,5658,5658,0,253216,0,747720,526336,0,1550,0,136,284,0,0,0,0,1289317
120,0,1,0,0,0,0,0,956255,12207,0,0,0,4900,0,0,0,0,0,12207,0,0,0,0,0,0,0,0,0,3034,0,126927,0,251629,0,0,576,543,1155,8466,0,0,191523,0,0
120,0,2,0,0,0,0,0,956255,0,0,0,0,315,67072,0,0,0,0,0,0,0,0,0,0,0,0,0,0,0,0,63885,0,126589,64925,0,948,495,1218,648,0,0,153561,0,64789
120,0,3,0,0,0,0,0,956255,0,0,0,0,324,67072,0,0,0,0,0,0,0,0,0,0,0,0,0,0,0,0,63629,0,0,64944,0,471,163,0,458,0,0,55230,0,65363
120,0,4,0,0,0,0,0,956255,0,0,0,0,386,67072,0,0,0,0,0,0,0,0,0,0,0,0,0,0,0,0,63791,0,0,64864,0,317,0,207,544,596382,0,0,0,64977
120,0,5,0,0,0,0,0,956255,0,0,0,0,557,67072,0,0,0,0,0,0,0,0,0,0,0,0,0,0,0,0,63889,0,0,64956,2925,650,0,2,1153,0,0,575488,0,65012
120,0,6,0,0,0,0,0,956255,0,0,0,0,743,67072,0,0,0,0,0,0,0,0,0,0,0,0,0,0,0,0,0,0,0,64942,0,40,1149,1,1092,0,0,466388,0,64614
120,0,7,0,0,0,0,0,956255,0,0,0,0,760,67072,0,0,0,0,0,0,0,0,0,0,0,0,0,0,0,0,0,0,0,64782,0,108,374,0,1513,0,0,166649,0,64482
120,0,8,0,0,0,0,0,956255,0,0,0,0,553,67072,0,0,0,0,0,0,0,0,0,0,0,0,0,0,0,0,0,0,0,64896,0,52,0,290,1133,400014,0,0,0,64960
120,0,9,0,0,0,0,0,956255,0,0,0,0,558,67072,0,0,0,0,0,0,0,0,0,0,0,0,0,0,0,0,0,0,0,64928,1108,42,0,0,815,0,0,145823,0,64256
120,0,10,0,0,0,0,0,956255,0,0,0,0,53,0,0,0,0,0,0,0,0,0,0,0,0,0,0,0,0,0,0,0,0,0,0,91,92,2,118,0,0,0,0,0
120,0,11,0,0,0,0,0,956255,0,0,0,0,53,0,0,0,0,0,0,0,0,0,0,0,0,0,0,0,0,0,0,0,0,0,0,41,39,0,94,0,0,0,0,0
120,0,12,0,0,0,0,0,956255,0,0,0,0,47,0,0,0,0,0,0,0,0,0,0,0,0,0,0,0,0,0,0,0,0,0,0,0,0,45,93,0,0,0,0,0
120,0,13,0,0,0,0,0,956255,0,0,0,0,53,0,0,0,0,0,0,0,0,0,0,0,0,0,0,0,0,0,0,0,0,0,178,0,0,0,109,0,0,0,0,0
120,0,14,0,0,0,0,0,956255,0,0,0,0,53,0,0,0,0,0,0,0,0,0,0,0,0,0,0,0,0,0,0,0,0,0,0,0,80,0,60,0,0,0,0,0
120,0,15,0,0,0,0,0,956255,0,0,0,0,41,0,0,0,0,0,0,0,0,0,0,0,0,0,0,0,0,0,0,0,0,0,0,0,39,0,94,0,0,0,0,0
121,0,0,0,0,0,0,0,2298331,0,0,6944,657920,136,0,0,0,0,0,14148,0,0,0,0,0,0,0,0,6944,6944,0,253257,0,992435,657920,0,1278,0,136,284,0,0,0,0,1589295
121,0,1,0,0,0,0,0,1149165,14148,0,0,0,5741,0,0,0,0,0,14148,0,0,0,0,0,0,0,0,0,3669,0,126785,0,375481,0,0,561,480,1680,9937,0,0,163489,0,0
121,0,2,0,0,0,0,0,1149165,0,0,0,0,251,67072,0,0,0,0,0,0,0,0,0,0,0,0,0,0,0,0,126723,0,188828,64912,0,1514,398,1787,535,0,0,128482,0,64813
121,0,3,0,0,0,0,0,1149165,0,0,0,0,254,67072,0,0,0,0,0,0,0,0,0,0,0,0,0,0,0,0,126822,0,0,64944,0,736,145,0,359,0,0,35998,0,65532
121,0,4,0,0,0,0,0,1149165,0,0,0,0,297,67072,0,0,0,0,0,0,0,0,0,0,0,0,0,0,0,0,63722,0,0,64860,0,277,0,170,432,775634,0,0,0,65220
121,0,5,0,0,0,0,0,1149165,0,0,0,0,451,67072,0,0,0,0,0,0,0,0,0,0,0,0,0,0,0,0,63682,0,0,64931,3674,726,0,0,936,0,0,711222,0,64376
121,0,6,0,0,0,0,0,1149165,0,0,0,0,591,67072,0,0,0,0,0,0,0,0,0,0,0,0,0,0,0,0,63693,0,0,64958,0,420,920,3,889,0,0,481591,0,64698
121,0,7,0,0,0,0,0,1149165,0,0,0,0,598,67072,0,0,0,0,0,0,0,0,0,0,0,0,0,0,0,0,63882,0,0,64866,0,846,317,0,1238,0,0,212859,0,64181
121,0,8,0,0,0,0,0,1149165,0,0,0,0,449,67072,0,0,0,0,0,0,0,0,0,0,0,0,0,0,0,0,0,0,0,64870,0,52,0,248,923,833243,0,0,0,64301
121,0,9,0,0,0,0,0,1149165,0,0,0,0,605,67072,0,0,0,0,0,0,0,0,0,0,0,0,0,0,0,0,0,0,0,64967,2193,42,0,1,892,0,0,655683,0,64550
121,0,10,0,0,0,0,0,1149165,0,0,0,0,802,67072,0,0,0,0,0,0,0,0,0,0,0,0,0,0,0,0,0,0,0,64929,0,91,1181,1,1600,0,0,551699,0,64787
121,0,11,0,0,0,0,0,1149165,0,0,0,0,781,67072,0,0,0,0,0,0,0,0,0,0,0,0,0,0,0,0,0,0,0,64978,0,45,422,0,1195,0,0,240859,0,64345
121,0,12,0,0,0,0,0,1149165,0,0,0,0,47,0,0,0,0,0,0,0,0,0,0,0,0,0,0,0,0,0,0,0,0,0,0,0,0,45,93,0,0,0,0,0
121,0,13,0,0,0,0,0,1149165,0,0,0,0,53,0,0,0,0,0,0,0,0,0,0,0,0,0,0,0,0,0,0,0,0,0,178,0,0,0,109,0,0,0,0,0
121,0,14,0,0,0,0,0,1149165,0,0,0,0,53,0,0,0,0,0,0,0,0,0,0,0,0,0,0,0,0,0,0,0,0,0,0,0,80,0,60,0,0,0,0,0
121,0,15,0,0,0,0,0,1149165,0,0,0,0,41,0,0,0,0,0,0,0,0,0,0,0,0,0,0,0,0,0,0,0,0,0,0,0,39,0,92,0,0,0,0,0
122,0,0,0,0,0,0,0,2298131,0,0,6944,657920,136,0,0,0,0,0,14145,0,0,0,0,0,0,0,0,6944,6944,0,253274,0,992337,657920,0,1278,0,136,284,0,0,0,0,1589561
122,0,1,0,0,0,0,0,1149066,14145,0,0,0,5747,0,0,0,0,0,14145,0,0,0,0,0,0,0,0,0,3665,0,126756,0,375458,0,0,567,488,1660,9931,0,0,163484,0,0
122,0,2,0,0,0,0,0,1149066,0,0,0,0,238,67072,0,0,0,0,0,0,0,0,0,0,0,0,0,0,0,0,126748,0,188819,64905,0,1534,406,1782,527,0,0,128532,0,64778
122,0,3,0,0,0,0,0,1149066,0,0,0,0,249,67072,0,0,0,0,0,0,0,0,0,0,0,0,0,0,0,0,126825,0,0,64943,0,740,150,0,355,0,0,35967,0,65542
122,0,4,0,0,0,0,0,1149066,0,0,0,0,293,67072,0,0,0,0,0,0,0,0,0,0,0,0,0,0,0,0,63715,0,0,64858,0,287,0,174,425,775655,0,0,0,65212
122,0,5,0,0,0,0,0,1149066,0,0,0,0,449,67072,0,0,0,0,0,0,0,0,0,0,0,0,0,0,0,0,63663,0,0,64939,3678,720,0,0,934,0,0,711385,0,64369
122,0,6,0,0,0,0,0,1149066,0,0,0,0,582,67072,0,0,0,0,0,0,0,0,0,0,0,0,0,0,0,0,63686,0,0,64953,0,421,920,3,859,0,0,481971,0,64696
122,0,7,0,0,0,0,0,1149066,0,0,0,0,589,67072,0,0,0,0,0,0,0,0,0,0,0,0,0,0,0,0,63889,0,0,64863,0,838,326,0,1233,0,0,212807,0,64191
122,0,8,0,0,0,0,0,1149066,0,0,0,0,463,67072,0,0,0,0,0,0,0,0,0,0,0,0,0,0,0,0,0,0,0,64869,0,52,0,234,927,833725,0,0,0,64305
122,0,9,0,0,0,0,0,1149066,0,0,0,0,614,67072,0,0,0,0,0,0,0,0,0,0,0,0,0,0,0,0,0,0,0,64969,2187,42,0,2,907,0,0,656713,0,64552
122,0,10,0,0,0,0,0,1149066,0,0,0,0,786,67072,0,0,0,0,0,0,0,0,0,0,0,0,0,0,0,0,0,0,0,64936,0,91,1191,0,1583,0,0,552504,0,64786
122,0,11,0,0,0,0,0,1149066,0,0,0,0,774,67072,0,0,0,0,0,0,0,0,0,0,0,0,0,0,0,0,0,0,0,64979,0,47,428,0,1196,0,0,241760,0,64322
122,0,12,0,0,0,0,0,1149066,0,0,0,0,47,0,0,0,0,0,0,0,0,0,0,0,0,0,0,0,0,0,0,0,0,0,0,0,0,45,93,0,0,0,0,0
122,0,13,0,0,0,0,0,1149066,0,0,0,0,53,0,0,0,0,0,0,0,0,0,0,0,0,0,0,0,0,0,0,0,0,0,178,0,0,0,109,0,0,0,0,0
122,0,14,0,0,0,0,0,1149066,0,0,0,0,53,0,0,0,0,0,0,0,0,0,0,0,0,0,0,0,0,0,0,0,0,0,0,0,80,0,60,0,0,0,0,0
122,0,15,0,0,0,0,0,1149066,0,0,0,0,41,0,0,0,0,0,0,0,0,0,0,0,0,0,0,0,0,0,0,0,0,0,0,0,39,0,90,0,0,0,0,0
123,0,0,0,0,0,0,0,2297593,0,0,6944,657920,136,0,0,0,0,0,14145,0,0,0,0,0,0,0,0,6944,6944,0,253269,0,992444,657920,0,1278,0,136,284,0,0,0,0,1589164
123,0,1,0,0,0,0,0,1148797,14145,0,0,0,5746,0,0,0,0,0,14145,0,0,0,0,0,0,0,0,0,3629,0,126778,0,375483,0,0,578,491,1647,9864,0,0,163657,0,0
123,0,2,0,0,0,0,0,1148797,0,0,0,0,238,67072,0,0,0,0,0,0,0,0,0,0,0,0,0,0,0,0,126744,0,188830,64913,0,1560,412,1781,515,0,0,128549,0,64773
123,0,3,0,0,0,0,0,1148797,0,0,0,0,255,67072,0,0,0,0,0,0,0,0,0,0,0,0,0,0,0,0,126830,0,0,64943,0,746,144,0,356,0,0,36021,0,65522
123,0,4,0,0,0,0,0,1148797,0,0,0,0,295,67072,0,0,0,0,0,0,0,0,0,0,0,0,0,0,0,0,63710,0,0,64856,0,289,0,172,428,775846,0,0,0,65208
123,0,5,0,0,0,0,0,1148797,0,0,0,0,466,67072,0,0,0,0,0,0,0,0,0,0,0,0,0,0,0,0,63698,0,0,64942,3738,715,0,0,945,0,0,711964,0,64365
123,0,6,0,0,0,0,0,1148797,0,0,0,0,603,67072,0,0,0,0,0,0,0,0,0,0,0,0,0,0,0,0,63704,0,0,64951,0,412,885,3,863,0,0,482144,0,64708
123,0,7,0,0,0,0,0,1148797,0,0,0,0,575,67072,0,0,0,0,0,0,0,0,0,0,0,0,0,0,0,0,63877,0,0,64868,0,833,340,0,1218,0,0,213437,0,64148
123,0,8,0,0,0,0,0,1148797,0,0,0,0,444,67072,0,0,0,0,0,0,0,0,0,0,0,0,0,0,0,0,0,0,0,64867,0,52,0,253,906,833282,0,0,0,64300
123,0,9,0,0,0,0,0,1148797,0,0,0,0,620,67072,0,0,0,0,0,0,0,0,0,0,0,0,0,0,0,0,0,0,0,64979,2147,42,0,0,918,0,0,656592,0,64551
123,0,10,0,0,0,0,0,1148797,0,0,0,0,770,67072,0,0,0,0,0,0,0,0,0,0,0,0,0,0,0,0,0,0,0,64940,0,91,1208,2,1576,0,0,550970,0,64742
123,0,11,0,0,0,0,0,1148797,0,0,0,0,776,67072,0,0,0,0,0,0,0,0,0,0,0,0,0,0,0,0,0,0,0,64981,0,44,427,0,1203,0,0,241864,0,64334
123,0,12,0,0,0,0,0,1148797,0,0,0,0,47,0,0,0,0,0,0,0,0,0,0,0,0,0,0,0,0,0,0,0,0,0,0,0,0,45,93,0,0,0,0,0
123,0,13,0,0,0,0,0,1148797,0,0,0,0,53,0,0,0,0,0,0,0,0,0,0,0,0,0,0,0,0,0,0,0,0,0,178,0,0,0,109,0,0,0,0,0
123,0,14,0,0,0,0,0,1148797,0,0,0,0,53,0,0,0,0,0,0,0,0,0,0,0,0,0,0,0,0,0,0,0,0,0,0,0,80,0,60,0,0,0,0,0
123,0,15,0,0,0,0,0,1148797,0,0,0,0,41,0,0,0,0,0,0,0,0,0,0,0,0,0,0,0,0,0,0,0,0,0,0,0,39,0,93,0,0,0,0,0
124,0,0,0,0,0,0,0,3091713,0,0,9366,855296,136,0,0,0,0,0,17796,0,0,0,0,0,0,0,0,9366,9366,0,376890,0,1235734,855296,0,2047,0,136,284,0,0,0,0,2210937
124,0,1,0,0,0,0,0,1545857,17796,0,0,0,7385,0,0,0,0,0,17796,0,0,0,0,0,0,0,0,0,4967,0,188780,0,436185,0,0,967,737,1798,12595,0,0,179534,0,0
124,0,2,0,0,0,0,0,1545857,0,0,0,0,212,67072,0,0,0,0,0,0,0,0,0,0,0,0,0,0,0,0,188571,0,188644,64924,0,2186,320,1660,451,0,0,138934,0,64786
124,0,3,0,0,0,0,0,1545857,0,0,0,0,200,67072,0,0,0,0,0,0,0,0,0,0,0,0,0,0,0,0,126575,0,0,64932,0,616,133,0,282,0,0,41244,0,65506
124,0,4,0,0,0,0,0,1545857,0,0,0,0,243,67072,0,0,0,0,0,0,0,0,0,0,0,0,0,0,0,0,126677,0,0,64891,0,551,0,140,362,1067872,0,0,0,65064
124,0,5,0,0,0,0,0,1545857,0,0,0,0,338,67072,0,0,0,0,0,0,0,0,0,0,0,0,0,0,0,0,126862,0,0,64943,5154,1474,0,1,706,0,0,684762,0,64622
124,0,6,0,0,0,0,0,1545857,0,0,0,0,434,67072,0,0,0,0,0,0,0,0,0,0,0,0,0,0,0,0,126665,0,0,64935,0,796,663,1,637,0,0,477450,0,64743
124,0,7,0,0,0,0,0,1545857,0,0,0,0,430,67072,0,0,0,0,0,0,0,0,0,0,0,0,0,0,0,0,63822,0,0,64828,0,929,236,0,906,0,0,218580,0,64210
124,0,8,0,0,0,0,0,1545857,0,0,0,0,430,67072,0,0,0,0,0,0,0,0,0,0,0,0,0,0,0,0,63756,0,0,64860,0,659,0,219,876,1228975,0,0,0,64542
124,0,9,0,0,0,0,0,1545857,0,0,0,0,641,67072,0,0,0,0,0,0,0,0,0,0,0,0,0,0,0,0,63776,0,0,64962,3658,471,0,1,948,0,0,1278763,0,64067
124,0,10,0,0,0,0,0,1545857,0,0,0,0,819,67072,0,0,0,0,0,0,0,0,0,0,0,0,0,0,0,0,63736,0,0,64941,0,904,1256,2,1629,0,0,836575,0,64369
124,0,11,0,0,0,0,0,1545857,0,0,0,0,830,67072,0,0,0,0,0,0,0,0,0,0,0,0,0,0,0,0,0,0,0,64879,0,42,417,0,1207,0,0,339696,0,64306
124,0,12,0,0,0,0,0,1545857,0,0,0,0,637,67072,0,0,0,0,0,0,0,0,0,0,0,0,0,0,0,0,0,0,0,64989,0,0,0,354,977,1043486,0,0,0,64827
124,0,13,0,0,0,0,0,1545857,0,0,0,0,830,67072,0,0,0,0,0,0,0,0,0,0,0,0,0,0,0,0,0,0,0,65004,1917,0,0,2,1612,0,0,749523,0,64972
124,0,14,0,0,0,0,0,1545857,0,0,0,0,828,67072,0,0,0,0,0,0,0,0,0,0,0,0,0,0,0,0,0,0,0,65008,0,0,459,1,1179,0,0,366838,0,64093
124,0,15,0,0,0,0,0,1545857,0,0,0,0,41,0,0,0,0,0,0,0,0,0,0,0,0,0,0,0,0,0,0,0,0,0,0,0,39,0,97,0,0,0,0,0
125,0,0,0,0,0,0,0,3090936,0,0,9366,855296,136,0,0,0,0,0,17796,0,0,0,0,0,0,0,0,9366,9366,0,376816,0,1235733,855296,0,2047,0,136,284,0,0,0,0,2210430
125,0,1,0,0,0,0,0,1545468,17796,0,0,0,7394,0,0,0,0,0,17796,0,0,0,0,0,0,0,0,0,4968,0,188780,0,436182,0,0,974,751,1768,12573,0,0,179411,0,0
125,0,2,0,0,0,0,0,1545468,0,0,0,0,212,67072,0,0,0,0,0,0,0,0,0,0,0,0,0,0,0,0,188543,0,188640,64920,0,2219,327,1649,459,0,0,139000,0,64753
125,0,3,0,0,0,0,0,1545468,0,0,0,0,207,67072,0,0,0,0,0,0,0,0,0,0,0,0,0,0,0,0,126568,0,0,64934,0,623,126,0,293,0,0,41207,0,65519
125,0,4,0,0,0,0,0,1545468,0,0,0,0,244,67072,0,0,0,0,0,0,0,0,0,0,0,0,0,0,0,0,126674,0,0,64870,0,578,0,139,348,1067806,0,0,0,65065
125,0,5,0,0,0,0,0,1545468,0,0,0,0,345,67072,0,0,0,0,0,0,0,0,0,0,0,0,0,0,0,0,126877,0,0,64940,5178,1483,0,0,697,0,0,685322,0,64611
125,0,6,0,0,0,0,0,1545468,0,0,0,0,432,67072,0,0,0,0,0,0,0,0,0,0,0,0,0,0,0,0,126661,0,0,64932,0,764,656,3,634,0,0,475747,0,64754
125,0,7,0,0,0,0,0,1545468,0,0,0,0,422,67072,0,0,0,0,0,0,0,0,0,0,0,0,0,0,0,0,63822,0,0,64838,0,923,244,0,895,0,0,217998,0,64186
125,0,8,0,0,0,0,0,1545468,0,0,0,0,414,67072,0,0,0,0,0,0,0,0,0,0,0,0,0,0,0,0,63762,0,0,64859,0,653,0,235,839,1228951,0,0,0,64549
125,0,9,0,0,0,0,0,1545468,0,0,0,0,651,67072,0,0,0,0,0,0,0,0,0,0,0,0,0,0,0,0,63772,0,0,64960,3636,465,0,1,955,0,0,1278532,0,64073
125,0,10,0,0,0,0,0,1545468,0,0,0,0,834,67072,0,0,0,0,0,0,0,0,0,0,0,0,0,0,0,0,63736,0,0,64942,0,937,1238,2,1643,0,0,836240,0,64361
125,0,11,0,0,0,0,0,1545468,0,0,0,0,827,67072,0,0,0,0,0,0,0,0,0,0,0,0,0,0,0,0,0,0,0,64879,0,45,420,0,1207,0,0,339730,0,64327
125,0,12,0,0,0,0,0,1545468,0,0,0,0,644,67072,0,0,0,0,0,0,0,0,0,0,0,0,0,0,0,0,0,0,0,64990,0,0,0,347,990,1042977,0,0,0,64844
125,0,13,0,0,0,0,0,1545468,0,0,0,0,815,67072,0,0,0,0,0,0,0,0,0,0,0,0,0,0,0,0,0,0,0,65006,1931,0,0,2,1603,0,0,749349,0,64979
125,0,14,0,0,0,0,0,1545468,0,0,0,0,821,67072,0,0,0,0,0,0,0,0,0,0,0,0,0,0,0,0,0,0,0,65008,0,0,467,0,1139,0,0,367099,0,64116
125,0,15,0,0,0,0,0,1545468,0,0,0,0,41,0,0,0,0,0,0,0,0,0,0,0,0,0,0,0,0,0,0,0,0,0,0,0,39,0,95,0,0,0,0,0
126,0,0,0,0,0,0,0,3091078,0,0,9366,855296,136,0,0,0,0,0,17799,0,0,0,0,0,0,0,0,9366,9366,0,376767,0,1235683,855296,0,2047,0,136,284,0,0,0,0,2210358
126,0,1,0,0,0,0,0,1545539,17799,0,0,0,7375,0,0,0,0,0,17799,0,0,0,0,0,0,0,0,0,4944,0,188782,0,436165,0,0,968,743,1801,12585,0,0,179381,0,0
126,0,2,0,0,0,0,0,1545539,0,0,0,0,210,67072,0,0,0,0,0,0,0,0,0,0,0,0,0,0,0,0,188537,0,188665,64926,0,2204,333,1639,449,0,0,138991,0,64766
126,0,3,0,0,0,0,0,1545539,0,0,0,0,211,67072,0,0,0,0,0,0,0,0,0,0,0,0,0,0,0,0,126577,0,0,64937,0,629,122,0,301,0,0,41207,0,65545
126,0,4,0,0,0,0,0,1545539,0,0,0,0,252,67072,0,0,0,0,0,0,0,0,0,0,0,0,0,0,0,0,126649,0,0,64883,0,561,0,131,366,1068234,0,0,0,65078
126,0,5,0,0,0,0,0,1545539,0,0,0,0,347,67072,0,0,0,0,0,0,0,0,0,0,0,0,0,0,0,0,126872,0,0,64945,5141,1482,0,0,706,0,0,684920,0,64609
126,0,6,0,0,0,0,0,1545539,0,0,0,0,418,67072,0,0,0,0,0,0,0,0,0,0,0,0,0,0,0,0,126666,0,0,64931,0,777,692,3,622,0,0,475666,0,64722
126,0,7,0,0,0,0,0,1545539,0,0,0,0,445,67072,0,0,0,0,0,0,0,0,0,0,0,0,0,0,0,0,63834,0,0,64840,0,908,222,0,926,0,0,219988,0,64151
126,0,8,0,0,0,0,0,1545539,0,0,0,0,418,67072,0,0,0,0,0,0,0,0,0,0,0,0,0,0,0,0,63760,0,0,64845,0,654,0,231,859,1229299,0,0,0,64549
126,0,9,0,0,0,0,0,1545539,0,0,0,0,650,67072,0,0,0,0,0,0,0,0,0,0,0,0,0,0,0,0,63780,0,0,64960,3643,459,0,1,961,0,0,1277134,0,64086
126,0,10,0,0,0,0,0,1545539,0,0,0,0,832,67072,0,0,0,0,0,0,0,0,0,0,0,0,0,0,0,0,63726,0,0,64935,0,920,1247,2,1645,0,0,834984,0,64377
126,0,11,0,0,0,0,0,1545539,0,0,0,0,834,67072,0,0,0,0,0,0,0,0,0,0,0,0,0,0,0,0,0,0,0,64878,0,45,413,0,1229,0,0,339223,0,64309
126,0,12,0,0,0,0,0,1545539,0,0,0,0,649,67072,0,0,0,0,0,0,0,0,0,0,0,0,0,0,0,0,0,0,0,64989,0,0,0,342,994,1041712,0,0,0,64859
126,0,13,0,0,0,0,0,1545539,0,0,0,0,834,67072,0,0,0,0,0,0,0,0,0,0,0,0,0,0,0,0,0,0,0,65002,1920,0,0,2,1628,0,0,749474,0,65018
126,0,14,0,0,0,0,0,1545539,0,0,0,0,823,67072,0,0,0,0,0,0,0,0,0,0,0,0,0,0,0,0,0,0,0,65012,0,0,464,1,1158,0,0,367128,0,64106
126,0,15,0,0,0,0,0,1545539,0,0,0,0,41,0,0,0,0,0,0,0,0,0,0,0,0,0,0,0,0,0,0,0,0,0,0,0,39,0,94,0,0,0,0,0
127,0,0,0,0,0,0,0,380638,0,0,514,65664,136,0,0,0,0,0,4446,0,0,0,0,0,0,0,0,514,514,0,0,0,128370,65664,0,294,0,136,284,0,0,0,0,66304
127,0,1,0,0,0,0,0,190319,4446,0,0,0,1410,0,0,0,0,0,4446,0,0,0,0,0,0,0,0,0,129,0,0,0,64746,0,0,84,170,359,2445,0,0,66304,0,0
127,0,2,0,0,0,0,0,190319,0,0,0,0,368,66304,0,0,0,0,0,0,0,0,0,0,0,0,0,0,0,0,0,0,0,65160,0,249,284,282,765,0,0,0,0,66304
127,0,3,0,0,0,0,0,190319,0,0,0,0,47,0,0,0,0,0,0,0,0,0,0,0,0,0,0,0,0,0,0,0,0,0,0,92,45,0,54,0,0,0,0,0
127,0,4,0,0,0,0,0,190319,0,0,0,0,47,0,0,0,0,0,0,0,0,0,0,0,0,0,0,0,0,0,0,0,0,0,0,87,0,45,62,0,0,0,0,0
127,0,5,0,0,0,0,0,190319,0,0,0,0,47,0,0,0,0,0,0,0,0,0,0,0,0,0,0,0,0,0,0,0,0,0,537,148,0,0,109,0,0,0,0,0
127,0,6,0,0,0,0,0,190319,0,0,0,0,47,0,0,0,0,0,0,0,0,0,0,0,0,0,0,0,0,0,0,0,0,0,0,40,98,0,52,0,0,0,0,0
127,0,7,0,0,0,0,0,190319,0,0,0,0,53,0,0,0,0,0,0,0,0,0,0,0,0,0,0,0,0,0,0,0,0,0,0,104,39,0,140,0,0,0,0,0
127,0,8,0,0,0,0,0,190319,0,0,0,0,50,0,0,0,0,0,0,0,0,0,0,0,0,0,0,0,0,0,0,0,0,0,0,52,0,42,107,0,0,0,0,0
127,0,9,0,0,0,0,0,190319,0,0,0,0,47,0,0,0,0,0,0,0,0,0,0,0,0,0,0,0,0,0,0,0,0,0,365,42,0,0,53,0,0,0,0,0
127,0,10,0,0,0,0,0,190319,0,0,0,0,53,0,0,0,0,0,0,0,0,0,0,0,0,0,0,0,0,0,0,0,0,0,0,91,92,0,118,0,0,0,0,0
127,0,11,0,0,0,0,0,190319,0,0,0,0,53,0,0,0,0,0,0,0,0,0,0,0,0,0,0,0,0,0,0,0,0,0,0,40,39,0,94,0,0,0,0,0
127,0,12,0,0,0,0,0,190319,0,0,0,0,47,0,0,0,0,0,0,0,0,0,0,0,0,0,0,0,0,0,0,0,0,0,0,0,0,45,93,0,0,0,0,0
127,0,13,0,0,0,0,0,190319,0,0,0,0,53,0,0,0,0,0,0,0,0,0,0,0,0,0,0,0,0,0,0,0,0,0,178,0,0,0,109,0,0,0,0,0
127,0,14,0,0,0,0,0,190319,0,0,0,0,53,0,0,0,0,0,0,0,0,0,0,0,0,0,0,0,0,0,0,0,0,0,0,0,80,0,60,0,0,0,0,0
127,0,15,0,0,0,0,0,190319,0,0,0,0,41,0,0,0,0,0,0,0,0,0,0,0,0,0,0,0,0,0,0,0,0,0,0,0,39,0,88,0,0,0,0,0
128,0,0,0,0,0,0,0,380634,0,0,514,65664,136,0,0,0,0,0,4449,0,0,0,0,0,0,0,0,514,514,0,0,0,128375,65664,0,294,0,136,284,0,0,0,0,66304
128,0,1,0,0,0,0,0,190317,4449,0,0,0,1412,0,0,0,0,0,4449,0,0,0,0,0,0,0,0,0,132,0,0,0,64756,0,0,84,171,356,2448,0,0,66304,0,0
128,0,2,0,0,0,0,0,190317,0,0,0,0,369,66304,0,0,0,0,0,0,0,0,0,0,0,0,0,0,0,0,0,0,0,65155,0,249,283,282,769,0,0,0,0,66304
128,0,3,0,0,0,0,0,190317,0,0,0,0,47,0,0,0,0,0,0,0,0,0,0,0,0,0,0,0,0,0,0,0,0,0,0,92,45,0,54,0,0,0,0,0
128,0,4,0,0,0,0,0,190317,0,0,0,0,47,0,0,0,0,0,0,0,0,0,0,0,0,0,0,0,0,0,0,0,0,0,0,87,0,45,62,0,0,0,0,0
128,0,5,0,0,0,0,0,190317,0,0,0,0,47,0,0,0,0,0,0,0,0,0,0,0,0,0,0,0,0,0,0,0,0,0,537,148,0,0,109,0,0,0,0,0
128,0,6,0,0,0,0,0,190317,0,0,0,0,47,0,0,0,0,0,0,0,0,0,0,0,0,0,0,0,0,0,0,0,0,0,0,40,98,0,52,0,0,0,0,0
128,0,7,0,0,0,0,0,190317,0,0,0,0,53,0,0,0,0,0,0,0,0,0,0,0,0,0,0,0,0,0,0,0,0,0,0,104,39,0,140,0,0,0,0,0
128,0,8,0,0,0,0,0,190317,0,0,0,0,50,0,0,0,0,0,0,0,0,0,0,0,0,0,0,0,0,0,0,0,0,0,0,52,0,42,107,0,0,0,0,0
128,0,9,0,0,0,0,0,190317,0,0,0,0,47,0,0,0,0,0,0,0,0,0,0,0,0,0,0,0,0,0,0,0,0,0,365,42,0,0,53,0,0,0,0,0
128,0,10,0,0,0,0,0,190317,0,0,0,0,53,0,0,0,0,0,0,0,0,0,0,0,0,0,0,0,0,0,0,0,0,0,0,91,92,0,118,0,0,0,0,0
128,0,11,0,0,0,0,0,190317,0,0,0,0,53,0,0,0,0,0,0,0,0,0,0,0,0,0,0,0,0,0,0,0,0,0,0,40,39,0,94,0,0,0,0,0
128,0,12,0,0,0,0,0,190317,0,0,0,0,47,0,0,0,0,0,0,0,0,0,0,0,0,0,0,0,0,0,0,0,0,0,0,0,0,45,93,0,0,0,0,0
128,0,13,0,0,0,0,0,190317,0,0,0,0,53,0,0,0,0,0,0,0,0,0,0,0,0,0,0,0,0,0,0,0,0,0,178,0,0,0,109,0,0,0,0,0
128,0,14,0,0,0,0,0,190317,0,0,0,0,53,0,0,0,0,0,0,0,0,0,0,0,0,0,0,0,0,0,0,0,0,0,0,0,80,0,60,0,0,0,0,0
128,0,15,0,0,0,0,0,190317,0,0,0,0,41,0,0,0,0,0,0,0,0,0,0,0,0,0,0,0,0,0,0,0,0,0,0,0,39,0,88,0,0,0,0,0
129,0,0,0,0,0,0,0,380604,0,0,514,65664,136,0,0,0,0,0,4449,0,0,0,0,0,0,0,0,514,514,0,0,0,128351,65664,0,294,0,136,284,0,0,0,0,66304
129,0,1,0,0,0,0,0,190302,4449,0,0,0,1416,0,0,0,0,0,4449,0,0,0,0,0,0,0,0,0,132,0,0,0,64747,0,0,84,170,353,2453,0,0,66304,0,0
129,0,2,0,0,0,0,0,190302,0,0,0,0,370,66304,0,0,0,0,0,0,0,0,0,0,0,0,0,0,0,0,0,0,0,65152,0,249,282,282,773,0,0,0,0,66304
129,0,3,0,0,0,0,0,190302,0,0,0,0,47,0,0,0,0,0,0,0,0,0,0,0,0,0,0,0,0,0,0,0,0,0,0,92,45,0,54,0,0,0,0,0
129,0,4,0,0,0,0,0,190302,0,0,0,0,47,0,0,0,0,0,0,0,0,0,0,0,0,0,0,0,0,0,0,0,0,0,0,87,0,45,62,0,0,0,0,0
129,0,5,0,0,0,0,0,190302,0,0,0,0,47,0,0,0,0,0,0,0,0,0,0,0,0,0,0,0,0,0,0,0,0,0,537,148,0,0,109,0,0,0,0,0
129,0,6,0,0,0,0,0,190302,0,0,0,0,47,0,0,0,0,0,0,0,0,0,0,0,0,0,0,0,0,0,0,0,0,0,0,40,98,0,52,0,0,0,0,0
129,0,7,0,0,0,0,0,190302,0,0,0,0,53,0,0,0,0,0,0,0,0,0,0,0,0,0,0,0,0,0,0,0,0,0,0,104,39,0,140,0,0,0,0,0
129,0,8,0,0,0,0,0,190302,0,0,0,0,50,0,0,0,0,0,0,0,0,0,0,0,0,0,0,0,0,0,0,0,0,0,0,52,0,42,107,0,0,0,0,0
129,0,9,0,0,0,0,0,190302,0,0,0,0,47,0,0,0,0,0,0,0,0,0,0,0,0,0,0,0,0,0,0,0,0,0,365,42,0,0,53,0,0,0,0,0
129,0,10,0,0,0,0,0,190302,0,0,0,0,53,0,0,0,0,0,0,0,0,0,0,0,0,0,0,0,0,0,0,0,0,0,0,91,92,0,118,0,0,0,0,0
129,0,11,0,0,0,0,0,190302,0,0,0,0,53,0,0,0,0,0,0,0,0,0,0,0,0,0,0,0,0,0,0,0,0,0,0,40,39,0,94,0,0,0,0,0
129,0,12,0,0,0,0,0,190302,0,0,0,0,47,0,0,0,0,0,0,0,0,0,0,0,0,0,0,0,0,0,0,0,0,0,0,0,0,45,93,0,0,0,0,0
129,0,13,0,0,0,0,0,190302,0,0,0,0,53,0,0,0,0,0,0,0,0,0,0,0,0,0,0,0,0,0,0,0,0,0,178,0,0,0,109,0,0,0,0,0
129,0,14,0,0,0,0,0,190302,0,0,0,0,53,0,0,0,0,0,0,0,0,0,0,0,0,0,0,0,0,0,0,0,0,0,0,0,80,0,60,0,0,0,0,0
129,0,15,0,0,0,0,0,190302,0,0,0,0,41,0,0,0,0,0,0,0,0,0,0,0,0,0,0,0,0,0,0,0,0,0,0,0,39,0,88,0,0,0,0,0
130,0,0,0,0,0,0,0,621610,0,0,772,131328,136,0,0,0,0,0,4842,0,0,0,0,0,0,0,0,772,772,0,0,0,257686,131328,0,294,0,136,284,0,0,0,0,245456
130,0,1,0,0,0,0,0,310805,4842,0,0,0,1622,0,0,0,0,0,4842,0,0,0,0,0,0,0,0,0,239,0,0,0,129367,0,0,84,169,407,2736,0,0,67284,0,0
130,0,2,0,0,0,0,0,310805,0,0,0,0,368,66304,0,0,0,0,0,0,0,0,0,0,0,0,0,0,0,0,0,0,64588,65279,0,249,461,552,706,0,0,65800,0,65796
130,0,3,0,0,0,0,0,310805,0,0,0,0,353,66304,0,0,0,0,0,0,0,0,0,0,0,0,0,0,0,0,0,0,0,65242,0,92,124,0,477,0,0,883,0,65796
130,0,4,0,0,0,0,0,310805,0,0,0,0,47,0,0,0,0,0,0,0,0,0,0,0,0,0,0,0,0,0,0,0,0,0,0,87,0,45,61,0,0,0,0,0
130,0,5,0,0,0,0,0,310805,0,0,0,0,47,0,0,0,0,0,0,0,0,0,0,0,0,0,0,0,0,0,0,0,0,0,537,148,0,0,109,0,0,0,0,0
130,0,6,0,0,0,0,0,310805,0,0,0,0,47,0,0,0,0,0,0,0,0,0,0,0,0,0,0,0,0,0,0,0,0,0,0,40,98,0,52,0,0,0,0,0
130,0,7,0,0,0,0,0,310805,0,0,0,0,53,0,0,0,0,0,0,0,0,0,0,0,0,0,0,0,0,0,0,0,0,0,0,105,39,0,140,0,0,0,0,0
130,0,8,0,0,0,0,0,310805,0,0,0,0,50,0,0,0,0,0,0,0,0,0,0,0,0,0,0,0,0,0,0,0,0,0,0,52,0,42,107,0,0,0,0,0
130,0,9,0,0,0,0,0,310805,0,0,0,0,47,0,0,0,0,0,0,0,0,0,0,0,0,0,0,0,0,0,0,0,0,0,365,42,0,0,53,0,0,0,0,0
130,0,10,0,0,0,0,0,310805,0,0,0,0,53,0,0,0,0,0,0,0,0,0,0,0,0,0,0,0,0,0,0,0,0,0,0,91,92,0,118,0,0,0,0,0
130,0,11,0,0,0,0,0,310805,0,0,0,0,53,0,0,0,0,0,0,0,0,0,0,0,0,0,0,0,0,0,0,0,0,0,0,40,39,0,94,0,0,0,0,0
130,0,12,0,0,0,0,0,310805,0,0,0,0,47,0,0,0,0,0,0,0,0,0,0,0,0,0,0,0,0,0,0,0,0,0,0,0,0,45,93,0,0,0,0,0
130,0,13,0,0,0,0,0,310805,0,0,0,0,53,0,0,0,0,0,0,0,0,0,0,0,0,0,0,0,0,0,0,0,0,0,178,0,0,0,109,0,0,0,0,0
130,0,14,0,0,0,0,0,310805,0,0,0,0,53,0,0,0,0,0,0,0,0,0,0,0,0,0,0,0,0,0,0,0,0,0,0,0,80,0,60,0,0,0,0,0
130,0,15,0,0,0,0,0,310805,0,0,0,0,41,0,0,0,0,0,0,0,0,0,0,0,0,0,0,0,0,0,0,0,0,0,0,0,39,0,89,0,0,0,0,0
131,0,0,0,0,0,0,0,621393,0,0,772,131328,136,0,0,0,0,0,4842,0,0,0,0,0,0,0,0,772,772,0,0,0,257688,131328,0,294,0,136,284,0,0,0,0,245452
131,0,1,0,0,0,0,0,310697,4842,0,0,0,1605,0,0,0,0,0,4842,0,0,0,0,0,0,0,0,0,234,0,0,0,129365,0,0,84,170,423,2701,0,0,67290,0,0
131,0,2,0,0,0,0,0,310697,0,0,0,0,363,66304,0,0,0,0,0,0,0,0,0,0,0,0,0,0,0,0,0,0,64592,65279,0,249,479,541,696,0,0,65803,0,65796
131,0,3,0,0,0,0,0,310697,0,0,0,0,366,66304,0,0,0,0,0,0,0,0,0,0,0,0,0,0,0,0,0,0,0,65240,0,92,111,0,501,0,0,884,0,65796
131,0,4,0,0,0,0,0,310697,0,0,0,0,47,0,0,0,0,0,0,0,0,0,0,0,0,0,0,0,0,0,0,0,0,0,0,87,0,45,62,0,0,0,0,0
131,0,5,0,0,0,0,0,310697,0,0,0,0,47,0,0,0,0,0,0,0,0,0,0,0,0,0,0,0,0,0,0,0,0,0,537,148,0,0,109,0,0,0,0,0
131,0,6,0,0,0,0,0,310697,0,0,0,0,47,0,0,0,0,0,0,0,0,0,0,0,0,0,0,0,0,0,0,0,0,0,0,40,98,0,52,0,0,0,0,0
131,0,7,0,0,0,0,0,310697,0,0,0,0,53,0,0,0,0,0,0,0,0,0,0,0,0,0,0,0,0,0,0,0,0,0,0,105,39,0,140,0,0,0,0,0
131,0,8,0,0,0,0,0,310697,0,0,0,0,50,0,0,0,0,0,0,0,0,0,0,0,0,0,0,0,0,0,0,0,0,0,0,52,0,42,107,0,0,0,0,0
131,0,9,0,0,0,0,0,310697,0,0,0,0,47,0,0,0,0,0,0,0,0,0,0,0,0,0,0,0,0,0,0,0,0,0,365,42,0,0,53,0,0,0,0,0
131,0,10,0,0,0,0,0,310697,0,0,0,0,53,0,0,0,0,0,0,0,0,0,0,0,0,0,0,0,0,0,0,0,0,0,0,91,92,0,118,0,0,0,0,0
131,0,11,0,0,0,0,0,310697,0,0,0,0,53,0,0,0,0,0,0,0,0,0,0,0,0,0,0,0,0,0,0,0,0,0,0,40,39,0,94,0,0,0,0,0
131,0,12,0,0,0,0,0,310697,0,0,0,0,47,0,0,0,0,0,0,0,0,0,0,0,0,0,0,0,0,0,0,0,0,0,0,0,0,45,93,0,0,0,0,0
131,0,13,0,0,0,0,0,310697,0,0,0,0,53,0,0,0,0,0,0,0,0,0,0,0,0,0,0,0,0,0,0,0,0,0,178,0,0,0,109,0,0,0,0,0
131,0,14,0,0,0,0,0,310697,0,0,0,0,53,0,0,0,0,0,0,0,0,0,0,0,0,0,0,0,0,0,0,0,0,0,0,0,80,0,60,0,0,0,0,0
131,0,15,0,0,0,0,0,310697,0,0,0,0,41,0,0,0,0,0,0,0,0,0,0,0,0,0,0,0,0,0,0,0,0,0,0,0,39,0,89,0,0,0,0,0
132,0,0,0,0,0,0,0,621490,0,0,772,131328,136,0,0,0,0,0,4839,0,0,0,0,0,0,0,0,772,772,0,0,0,257685,131328,0,294,0,136,284,0,0,0,0,245452
132,0,1,0,0,0,0,0,310745,4839,0,0,0,1623,0,0,0,0,0,4839,0,0,0,0,0,0,0,0,0,233,0,0,0,129368,0,0,84,170,405,2752,0,0,67296,0,0
132,0,2,0,0,0,0,0,310745,0,0,0,0,349,66304,0,0,0,0,0,0,0,0,0,0,0,0,0,0,0,0,0,0,64586,65279,0,249,446,553,688,0,0,65799,0,65796
132,0,3,0,0,0,0,0,310745,0,0,0,0,319,66304,0,0,0,0,0,0,0,0,0,0,0,0,0,0,0,0,0,0,0,65243,0,92,158,0,442,0,0,884,0,65796
132,0,4,0,0,0,0,0,310745,0,0,0,0,47,0,0,0,0,0,0,0,0,0,0,0,0,0,0,0,0,0,0,0,0,0,0,87,0,45,61,0,0,0,0,0
132,0,5,0,0,0,0,0,310745,0,0,0,0,47,0,0,0,0,0,0,0,0,0,0,0,0,0,0,0,0,0,0,0,0,0,537,148,0,0,109,0,0,0,0,0
132,0,6,0,0,0,0,0,310745,0,0,0,0,47,0,0,0,0,0,0,0,0,0,0,0,0,0,0,0,0,0,0,0,0,0,0,40,98,0,52,0,0,0,0,0
132,0,7,0,0,0,0,0,310745,0,0,0,0,53,0,0,0,0,0,0,0,0,0,0,0,0,0,0,0,0,0,0,0,0,0,0,105,39,0,140,0,0,0,0,0
132,0,8,0,0,0,0,0,310745,0,0,0,0,50,0,0,0,0,0,0,0,0,0,0,0,0,0,0,0,0,0,0,0,0,0,0,52,0,42,107,0,0,0,0,0
132,0,9,0,0,0,0,0,310745,0,0,0,0,47,0,0,0,0,0,0,0,0,0,0,0,0,0,0,0,0,0,0,0,0,0,365,42,0,0,53,0,0,0,0,0
132,0,10,0,0,0,0,0,310745,0,0,0,0,53,0,0,0,0,0,0,0,0,0,0,0,0,0,0,0,0,0,0,0,0,0,0,91,92,0,118,0,0,0,0,0
132,0,11,0,0,0,0,0,310745,0,0,0,0,53,0,0,0,0,0,0,0,0,0,0,0,0,0,0,0,0,0,0,0,0,0,0,40,39,0,94,0,0,0,0,0
132,0,12,0,0,0,0,0,310745,0,0,0,0,47,0,0,0,0,0,0,0,0,0,0,0,0,0,0,0,0,0,0,0,0,0,0,0,0,45,93,0,0,0,0,0
132,0,13,0,0,0,0,0,310745,0,0,0,0,53,0,0,0,0,0,0,0,0,0,0,0,0,0,0,0,0,0,0,0,0,0,178,0,0,0,109,0,0,0,0,0
132,0,14,0,0,0,0,0,310745,0,0,0,0,53,0,0,0,0,0,0,0,0,0,0,0,0,0,0,0,0,0,0,0,0,0,0,0,80,0,60,0,0,0,0,0
132,0,15,0,0,0,0,0,310745,0,0,0,0,41,0,0,0,0,0,0,0,0,0,0,0,0,0,0,0,0,0,0,0,0,0,0,0,39,0,89,0,0,0,0,0
133,0,0,0,0,0,0,0,1129030,0,0,1536,262656,136,0,0,0,0,0,6000,0,0,0,0,0,0,0,0,1536,1536,0,129409,0,384876,262656,0,679,0,136,284,0,0,0,0,641820
133,0,1,0,0,0,0,0,564515,6000,0,0,0,2020,0,0,0,0,0,6000,0,0,0,0,0,0,0,0,0,766,0,64643,0,128995,0,0,255,302,471,3496,0,0,319730,0,0
133,0,2,0,0,0,0,0,564515,0,0,0,0,310,66304,0,0,0,0,0,0,0,0,0,0,0,0,0,0,0,0,0,0,64535,65156,0,249,477,499,634,0,0,256267,0,65098
133,0,3,0,0,0,0,0,564515,0,0,0,0,313,66304,0,0,0,0,0,0,0,0,0,0,0,0,0,0,0,0,0,0,0,65273,0,92,161,0,489,0,0,128085,0,65276
133,0,4,0,0,0,0,0,564515,0,0,0,0,307,66304,0,0,0,0,0,0,0,0,0,0,0,0,0,0,0,0,0,0,0,65279,0,87,0,168,453,127796,0,0,0,65729
133,0,5,0,0,0,0,0,564515,0,0,0,0,306,66304,0,0,0,0,0,0,0,0,0,0,0,0,0,0,0,0,0,0,0,65277,919,148,0,2,582,0,0,64763,0,65226
133,0,6,0,0,0,0,0,564515,0,0,0,0,47,0,0,0,0,0,0,0,0,0,0,0,0,0,0,0,0,0,0,0,0,0,0,40,98,0,52,0,0,0,0,0
133,0,7,0,0,0,0,0,564515,0,0,0,0,53,0,0,0,0,0,0,0,0,0,0,0,0,0,0,0,0,0,0,0,0,0,0,107,39,0,140,0,0,0,0,0
133,0,8,0,0,0,0,0,564515,0,0,0,0,50,0,0,0,0,0,0,0,0,0,0,0,0,0,0,0,0,0,0,0,0,0,0,52,0,42,107,0,0,0,0,0
133,0,9,0,0,0,0,0,564515,0,0,0,0,47,0,0,0,0,0,0,0,0,0,0,0,0,0,0,0,0,0,0,0,0,0,365,42,0,0,53,0,0,0,0,0
133,0,10,0,0,0,0,0,564515,0,0,0,0,53,0,0,0,0,0,0,0,0,0,0,0,0,0,0,0,0,0,0,0,0,0,0,91,92,0,118,0,0,0,0,0
133,0,11,0,0,0,0,0,564515,0,0,0,0,53,0,0,0,0,0,0,0,0,0,0,0,0,0,0,0,0,0,0,0,0,0,0,40,39,0,94,0,0,0,0,0
133,0,12,0,0,0,0,0,564515,0,0,0,0,47,0,0,0,0,0,0,0,0,0,0,0,0,0,0,0,0,0,0,0,0,0,0,0,0,45,93,0,0,0,0,0
133,0,13,0,0,0,0,0,564515,0,0,0,0,53,0,0,0,0,0,0,0,0,0,0,0,0,0,0,0,0,0,0,0,0,0,178,0,0,0,109,0,0,0,0,0
133,0,14,0,0,0,0,0,564515,0,0,0,0,53,0,0,0,0,0,0,0,0,0,0,0,0,0,0,0,0,0,0,0,0,0,0,0,80,0,60,0,0,0,0,0
133,0,15,0,0,0,0,0,564515,0,0,0,0,41,0,0,0,0,0,0,0,0,0,0,0,0,0,0,0,0,0,0,0,0,0,0,0,39,0,91,0,0,0,0,0
134,0,0,0,0,0,0,0,1129154,0,0,1536,262656,136,0,0,0,0,0,5997,0,0,0,0,0,0,0,0,1536,1536,0,129409,0,384854,262656,0,679,0,136,284,0,0,0,0,641947
134,0,1,0,0,0,0,0,564577,5997,0,0,0,2024,0,0,0,0,0,5997,0,0,0,0,0,0,0,0,0,764,0,64643,0,128985,0,0,254,301,469,3510,0,0,319796,0,0
134,0,2,0,0,0,0,0,564577,0,0,0,0,306,66304,0,0,0,0,0,0,0,0,0,0,0,0,0,0,0,0,0,0,64536,65154,0,249,477,496,635,0,0,256292,0,65107
134,0,3,0,0,0,0,0,564577,0,0,0,0,309,66304,0,0,0,0,0,0,0,0,0,0,0,0,0,0,0,0,0,0,0,65266,0,92,165,0,488,0,0,128137,0,65272
134,0,4,0,0,0,0,0,564577,0,0,0,0,307,66304,0,0,0,0,0,0,0,0,0,0,0,0,0,0,0,0,0,0,0,65279,0,87,0,168,453,127814,0,0,0,65736
134,0,5,0,0,0,0,0,564577,0,0,0,0,318,66304,0,0,0,0,0,0,0,0,0,0,0,0,0,0,0,0,0,0,0,65277,909,148,0,0,595,0,0,64768,0,65232
134,0,6,0,0,0,0,0,564577,0,0,0,0,47,0,0,0,0,0,0,0,0,0,0,0,0,0,0,0,0,0,0,0,0,0,0,40,98,2,52,0,0,0,0,0
134,0,7,0,0,0,0,0,564577,0,0,0,0,53,0,0,0,0,0,0,0,0,0,0,0,0,0,0,0,0,0,0,0,0,0,0,105,39,0,140,0,0,0,0,0
134,0,8,0,0,0,0,0,564577,0,0,0,0,50,0,0,0,0,0,0,0,0,0,0,0,0,0,0,0,0,0,0,0,0,0,0,52,0,42,107,0,0,0,0,0
134,0,9,0,0,0,0,0,564577,0,0,0,0,47,0,0,0,0,0,0,0,0,0,0,0,0,0,0,0,0,0,0,0,0,0,365,42,0,0,53,0,0,0,0,0
134,0,10,0,0,0,0,0,564577,0,0,0,0,53,0,0,0,0,0,0,0,0,0,0,0,0,0,0,0,0,0,0,0,0,0,0,91,92,0,118,0,0,0,0,0
134,0,11,0,0,0,0,0,564577,0,0,0,0,53,0,0,0,0,0,0,0,0,0,0,0,0,0,0,0,0,0,0,0,0,0,0,42,39,0,94,0,0,0,0,0
134,0,12,0,0,0,0,0,564577,0,0,0,0,47,0,0,0,0,0,0,0,0,0,0,0,0,0,0,0,0,0,0,0,0,0,0,0,0,45,93,0,0,0,0,0
134,0,13,0,0,0,0,0,564577,0,0,0,0,53,0,0,0,0,0,0,0,0,0,0,0,0,0,0,0,0,0,0,0,0,0,178,0,0,0,109,0,0,0,0,0
134,0,14,0,0,0,0,0,564577,0,0,0,0,53,0,0,0,0,0,0,0,0,0,0,0,0,0,0,0,0,0,0,0,0,0,0,0,80,0,60,0,0,0,0,0
134,0,15,0,0,0,0,0,564577,0,0,0,0,41,0,0,0,0,0,0,0,0,0,0,0,0,0,0,0,0,0,0,0,0,0,0,0,39,0,89,0,0,0,0,0
135,0,0,0,0,0,0,0,1129177,0,0,1536,262656,136,0,0,0,0,0,6000,0,0,0,0,0,0,0,0,1536,1536,0,129409,0,384837,262656,0,679,0,136,284,0,0,0,0,641953
135,0,1,0,0,0,0,0,564589,6000,0,0,0,2023,0,0,0,0,0,6000,0,0,0,0,0,0,0,0,0,768,0,64636,0,128988,0,0,254,301,470,3491,0,0,319753,0,0
135,0,2,0,0,0,0,0,564589,0,0,0,0,304,66304,0,0,0,0,0,0,0,0,0,0,0,0,0,0,0,0,0,0,64528,65154,0,249,477,493,634,0,0,256315,0,65100
135,0,3,0,0,0,0,0,564589,0,0,0,0,307,66304,0,0,0,0,0,0,0,0,0,0,0,0,0,0,0,0,0,0,0,65269,0,92,168,0,488,0,0,128118,0,65280
135,0,4,0,0,0,0,0,564589,0,0,0,0,320,66304,0,0,0,0,0,0,0,0,0,0,0,0,0,0,0,0,0,0,0,65279,0,87,0,155,466,127781,0,0,0,65738
135,0,5,0,0,0,0,0,564589,0,0,0,0,312,66304,0,0,0,0,0,0,0,0,0,0,0,0,0,0,0,0,0,0,0,65274,927,148,0,1,589,0,0,64792,0,65223
135,0,6,0,0,0,0,0,564589,0,0,0,0,47,0,0,0,0,0,0,0,0,0,0,0,0,0,0,0,0,0,0,0,0,0,0,40,98,1,52,0,0,0,0,0
135,0,7,0,0,0,0,0,564589,0,0,0,0,53,0,0,0,0,0,0,0,0,0,0,0,0,0,0,0,0,0,0,0,0,0,0,106,39,0,140,0,0,0,0,0
135,0,8,0,0,0,0,0,564589,0,0,0,0,50,0,0,0,0,0,0,0,0,0,0,0,0,0,0,0,0,0,0,0,0,0,0,52,0,42,107,0,0,0,0,0
135,0,9,0,0,0,0,0,564589,0,0,0,0,47,0,0,0,0,0,0,0,0,0,0,0,0,0,0,0,0,0,0,0,0,0,365,42,0,0,53,0,0,0,0,0
135,0,10,0,0,0,0,0,564589,0,0,0,0,53,0,0,0,0,0,0,0,0,0,0,0,0,0,0,0,0,0,0,0,0,0,0,91,92,0,118,0,0,0,0,0
135,0,11,0,0,0,0,0,564589,0,0,0,0,53,0,0,0,0,0,0,0,0,0,0,0,0,0,0,0,0,0,0,0,0,0,0,41,39,0,94,0,0,0,0,0
135,0,12,0,0,0,0,0,564589,0,0,0,0,47,0,0,0,0,0,0,0,0,0,0,0,0,0,0,0,0,0,0,0,0,0,0,0,0,45,93,0,0,0,0,0
135,0,13,0,0,0,0,0,564589,0,0,0,0,53,0,0,0,0,0,0,0,0,0,0,0,0,0,0,0,0,0,0,0,0,0,178,0,0,0,109,0,0,0,0,0
135,0,14,0,0,0,0,0,564589,0,0,0,0,53,0,0,0,0,0,0,0,0,0,0,0,0,0,0,0,0,0,0,0,0,0,0,0,80,0,60,0,0,0,0,0
135,0,15,0,0,0,0,0,564589,0,0,0,0,41,0,0,0,0,0,0,0,0,0,0,0,0,0,0,0,0,0,0,0,0,0,0,0,39,0,90,0,0,0,0,0
136,0,0,0,0,0,0,0,1559709,0,0,2208,393984,136,0,0,0,0,0,7020,0,0,0,0,0,0,0,0,2208,2208,0,129384,0,640056,393984,0,569,0,136,284,0,0,0,0,971008
136,0,1,0,0,0,0,0,779855,7020,0,0,0,2458,0,0,0,0,0,7020,0,0,0,0,0,0,0,0,0,1080,0,64678,0,257186,0,0,222,283,759,4267,0,0,276857,0,0
136,0,2,0,0,0,0,0,779855,0,0,0,0,231,66304,0,0,0,0,0,0,0,0,0,0,0,0,0,0,0,0,64648,0,128834,65182,0,555,360,783,462,0,0,226446,0,65093
136,0,3,0,0,0,0,0,779855,0,0,0,0,226,66304,0,0,0,0,0,0,0,0,0,0,0,0,0,0,0,0,64699,0,0,65248,0,266,138,0,337,0,0,98330,0,65417
136,0,4,0,0,0,0,0,779855,0,0,0,0,243,66304,0,0,0,0,0,0,0,0,0,0,0,0,0,0,0,0,0,0,0,65278,0,87,0,122,371,359558,0,0,0,65500
136,0,5,0,0,0,0,0,779855,0,0,0,0,296,66304,0,0,0,0,0,0,0,0,0,0,0,0,0,0,0,0,0,0,0,65225,1371,148,0,0,603,0,0,327695,0,65177
136,0,6,0,0,0,0,0,779855,0,0,0,0,380,66304,0,0,0,0,0,0,0,0,0,0,0,0,0,0,0,0,0,0,0,65242,0,40,592,3,582,0,0,337073,0,65275
136,0,7,0,0,0,0,0,779855,0,0,0,0,380,66304,0,0,0,0,0,0,0,0,0,0,0,0,0,0,0,0,0,0,0,65252,0,105,212,0,797,0,0,167647,0,64983
136,0,8,0,0,0,0,0,779855,0,0,0,0,50,0,0,0,0,0,0,0,0,0,0,0,0,0,0,0,0,0,0,0,0,0,0,52,0,42,107,0,0,0,0,0
136,0,9,0,0,0,0,0,779855,0,0,0,0,47,0,0,0,0,0,0,0,0,0,0,0,0,0,0,0,0,0,0,0,0,0,365,42,0,0,53,0,0,0,0,0
136,0,10,0,0,0,0,0,779855,0,0,0,0,53,0,0,0,0,0,0,0,0,0,0,0,0,0,0,0,0,0,0,0,0,0,0,91,92,0,118,0,0,0,0,0
136,0,11,0,0,0,0,0,779855,0,0,0,0,53,0,0,0,0,0,0,0,0,0,0,0,0,0,0,0,0,0,0,0,0,0,0,44,39,0,94,0,0,0,0,0
136,0,12,0,0,0,0,0,779855,0,0,0,0,47,0,0,0,0,0,0,0,0,0,0,0,0,0,0,0,0,0,0,0,0,0,0,0,0,45,93,0,0,0,0,0
136,0,13,0,0,0,0,0,779855,0,0,0,0,53,0,0,0,0,0,0,0,0,0,0,0,0,0,0,0,0,0,0,0,0,0,178,0,0,0,109,0,0,0,0,0
136,0,14,0,0,0,0,0,779855,0,0,0,0,53,0,0,0,0,0,0,0,0,0,0,0,0,0,0,0,0,0,0,0,0,0,0,0,80,0,60,0,0,0,0,0
136,0,15,0,0,0,0,0,779855,0,0,0,0,41,0,0,0,0,0,0,0,0,0,0,0,0,0,0,0,0,0,0,0,0,0,0,0,39,0,89,0,0,0,0,0
137,0,0,0,0,0,0,0,1560984,0,0,2208,393984,136,0,0,0,0,0,7017,0,0,0,0,0,0,0,0,2208,2208,0,129384,0,640050,393984,0,569,0,136,284,0,0,0,0,981847
137,0,1,0,0,0,0,0,780492,7017,0,0,0,2468,0,0,0,0,0,7017,0,0,0,0,0,0,0,0,0,1106,0,64677,0,257195,0,0,231,267,756,4297,0,0,278808,0,0
137,0,2,0,0,0,0,0,780492,0,0,0,0,232,66304,0,0,0,0,0,0,0,0,0,0,0,0,0,0,0,0,64640,0,128844,65183,0,567,364,751,482,0,0,228397,0,65103
137,0,3,0,0,0,0,0,780492,0,0,0,0,232,66304,0,0,0,0,0,0,0,0,0,0,0,0,0,0,0,0,64705,0,0,65246,0,284,133,0,354,0,0,100332,0,65403
137,0,4,0,0,0,0,0,780492,0,0,0,0,233,66304,0,0,0,0,0,0,0,0,0,0,0,0,0,0,0,0,0,0,0,65279,0,87,0,132,345,354522,0,0,0,65512
137,0,5,0,0,0,0,0,780492,0,0,0,0,301,66304,0,0,0,0,0,0,0,0,0,0,0,0,0,0,0,0,0,0,0,65218,1347,148,0,2,603,0,0,323683,0,65196
137,0,6,0,0,0,0,0,780492,0,0,0,0,370,66304,0,0,0,0,0,0,0,0,0,0,0,0,0,0,0,0,0,0,0,65240,0,40,599,1,558,0,0,333156,0,65294
137,0,7,0,0,0,0,0,780492,0,0,0,0,379,66304,0,0,0,0,0,0,0,0,0,0,0,0,0,0,0,0,0,0,0,65254,0,108,211,0,775,0,0,169174,0,64963
137,0,8,0,0,0,0,0,780492,0,0,0,0,50,0,0,0,0,0,0,0,0,0,0,0,0,0,0,0,0,0,0,0,0,0,0,52,0,42,107,0,0,0,0,0
137,0,9,0,0,0,0,0,780492,0,0,0,0,47,0,0,0,0,0,0,0,0,0,0,0,0,0,0,0,0,0,0,0,0,0,365,42,0,0,53,0,0,0,0,0
137,0,10,0,0,0,0,0,780492,0,0,0,0,53,0,0,0,0,0,0,0,0,0,0,0,0,0,0,0,0,0,0,0,0,0,0,91,92,0,118,0,0,0,0,0
137,0,11,0,0,0,0,0,780492,0,0,0,0,53,0,0,0,0,0,0,0,0,0,0,0,0,0,0,0,0,0,0,0,0,0,0,41,39,0,94,0,0,0,0,0
137,0,12,0,0,0,0,0,780492,0,0,0,0,47,0,0,0,0,0,0,0,0,0,0,0,0,0,0,0,0,0,0,0,0,0,0,0,0,45,93,0,0,0,0,0
137,0,13,0,0,0,0,0,780492,0,0,0,0,53,0,0,0,0,0,0,0,0,0,0,0,0,0,0,0,0,0,0,0,0,0,178,0,0,0,109,0,0,0,0,0
137,0,14,0,0,0,0,0,780492,0,0,0,0,53,0,0,0,0,0,0,0,0,0,0,0,0,0,0,0,0,0,0,0,0,0,0,0,80,0,60,0,0,0,0,0
137,0,15,0,0,0,0,0,780492,0,0,0,0,41,0,0,0,0,0,0,0,0,0,0,0,0,0,0,0,0,0,0,0,0,0,0,0,39,0,92,0,0,0,0,0
138,0,0,0,0,0,0,0,1562452,0,0,2210,393984,136,0,0,0,0,0,7020,0,0,0,0,0,0,0,0,2210,2210,0,129384,0,640076,393984,0,569,0,136,284,0,0,0,0,982158
138,0,1,0,0,0,0,0,781226,7020,0,0,0,2457,0,0,0,0,0,7020,0,0,0,0,0,0,0,0,0,1097,0,64671,0,257206,0,0,220,284,763,4324,0,0,276765,0,0
138,0,2,0,0,0,0,0,781226,0,0,0,0,229,66304,0,0,0,0,0,0,0,0,0,0,0,0,0,0,0,0,64649,0,128835,65183,0,544,356,778,468,0,0,226293,0,65114
138,0,3,0,0,0,0,0,781226,0,0,0,0,220,66304,0,0,0,0,0,0,0,0,0,0,0,0,0,0,0,0,64699,0,0,65247,0,274,144,0,326,0,0,98285,0,65409
138,0,4,0,0,0,0,0,781226,0,0,0,0,235,66304,0,0,0,0,0,0,0,0,0,0,0,0,0,0,0,0,0,0,0,65278,0,87,0,130,363,356177,0,0,0,65491
138,0,5,0,0,0,0,0,781226,0,0,0,0,314,66304,0,0,0,0,0,0,0,0,0,0,0,0,0,0,0,0,0,0,0,65211,1319,148,0,1,629,0,0,326721,0,65187
138,0,6,0,0,0,0,0,781226,0,0,0,0,374,66304,0,0,0,0,0,0,0,0,0,0,0,0,0,0,0,0,0,0,0,65241,0,40,619,1,585,0,0,334250,0,65288
138,0,7,0,0,0,0,0,781226,0,0,0,0,403,66304,0,0,0,0,0,0,0,0,0,0,0,0,0,0,0,0,0,0,0,65253,0,106,188,0,810,0,0,167085,0,64982
138,0,8,0,0,0,0,0,781226,0,0,0,0,50,0,0,0,0,0,0,0,0,0,0,0,0,0,0,0,0,0,0,0,0,0,0,52,0,42,107,0,0,0,0,0
138,0,9,0,0,0,0,0,781226,0,0,0,0,47,0,0,0,0,0,0,0,0,0,0,0,0,0,0,0,0,0,0,0,0,0,365,42,0,0,53,0,0,0,0,0
138,0,10,0,0,0,0,0,781226,0,0,0,0,53,0,0,0,0,0,0,0,0,0,0,0,0,0,0,0,0,0,0,0,0,0,0,91,92,0,118,0,0,0,0,0
138,0,11,0,0,0,0,0,781226,0,0,0,0,53,0,0,0,0,0,0,0,0,0,0,0,0,0,0,0,0,0,0,0,0,0,0,43,39,0,94,0,0,0,0,0
138,0,12,0,0,0,0,0,781226,0,0,0,0,47,0,0,0,0,0,0,0,0,0,0,0,0,0,0,0,0,0,0,0,0,0,0,0,0,45,93,0,0,0,0,0
138,0,13,0,0,0,0,0,781226,0,0,0,0,53,0,0,0,0,0,0,0,0,0,0,0,0,0,0,0,0,0,0,0,0,0,178,0,0,0,109,0,0,0,0,0
138,0,14,0,0,0,0,0,781226,0,0,0,0,53,0,0,0,0,0,0,0,0,0,0,0,0,0,0,0,0,0,0,0,0,0,0,0,80,0,60,0,0,0,0,0
138,0,15,0,0,0,0,0,781226,0,0,0,0,41,0,0,0,0,0,0,0,0,0,0,0,0,0,0,0,0,0,0,0,0,0,0,0,39,0,90,0,0,0,0,0
139,0,0,0,0,0,0,0,1942614,0,0,2824,525312,136,0,0,0,0,0,7956,0,0,0,0,0,0,0,0,2824,2824,0,257691,0,767126,525312,0,914,0,136,284,0,0,0,0,1282349
139,0,1,0,0,0,0,0,971307,7956,0,0,0,2960,0,0,0,0,0,7956,0,0,0,0,0,0,0,0,0,1513,0,129000,0,256904,0,0,362,369,649,5079,0,0,189074,0,0
139,0,2,0,0,0,0,0,971307,0,0,0,0,164,66304,0,0,0,0,0,0,0,0,0,0,0,0,0,0,0,0,64686,0,128824,65245,0,590,284,769,366,0,0,160853,0,65122
139,0,3,0,0,0,0,0,971307,0,0,0,0,168,66304,0,0,0,0,0,0,0,0,0,0,0,0,0,0,0,0,64577,0,0,65242,0,260,113,0,240,0,0,64122,0,65363
139,0,4,0,0,0,0,0,971307,0,0,0,0,210,66304,0,0,0,0,0,0,0,0,0,0,0,0,0,0,0,0,64638,0,0,65243,0,213,0,123,298,613553,0,0,0,65231
139,0,5,0,0,0,0,0,971307,0,0,0,0,301,66304,0,0,0,0,0,0,0,0,0,0,0,0,0,0,0,0,64712,0,0,65256,1749,386,0,2,621,0,0,618612,0,65215
139,0,6,0,0,0,0,0,971307,0,0,0,0,383,66304,0,0,0,0,0,0,0,0,0,0,0,0,0,0,0,0,0,0,0,65239,0,40,614,0,574,0,0,474346,0,65138
139,0,7,0,0,0,0,0,971307,0,0,0,0,380,66304,0,0,0,0,0,0,0,0,0,0,0,0,0,0,0,0,0,0,0,65165,0,109,238,0,828,0,0,177150,0,65024
139,0,8,0,0,0,0,0,971307,0,0,0,0,306,66304,0,0,0,0,0,0,0,0,0,0,0,0,0,0,0,0,0,0,0,65206,0,52,0,161,614,429160,0,0,0,65104
139,0,9,0,0,0,0,0,971307,0,0,0,0,306,66304,0,0,0,0,0,0,0,0,0,0,0,0,0,0,0,0,0,0,0,65231,737,42,0,2,453,0,0,144973,0,65002
139,0,10,0,0,0,0,0,971307,0,0,0,0,53,0,0,0,0,0,0,0,0,0,0,0,0,0,0,0,0,0,0,0,0,0,0,91,92,0,118,0,0,0,0,0
139,0,11,0,0,0,0,0,971307,0,0,0,0,53,0,0,0,0,0,0,0,0,0,0,0,0,0,0,0,0,0,0,0,0,0,0,42,39,0,94,0,0,0,0,0
139,0,12,0,0,0,0,0,971307,0,0,0,0,47,0,0,0,0,0,0,0,0,0,0,0,0,0,0,0,0,0,0,0,0,0,0,0,0,45,93,0,0,0,0,0
139,0,13,0,0,0,0,0,971307,0,0,0,0,53,0,0,0,0,0,0,0,0,0,0,0,0,0,0,0,0,0,0,0,0,0,178,0,0,0,109,0,0,0,0,0
139,0,14,0,0,0,0,0,971307,0,0,0,0,53,0,0,0,0,0,0,0,0,0,0,0,0,0,0,0,0,0,0,0,0,0,0,0,80,0,60,0,0,0,0,0
139,0,15,0,0,0,0,0,971307,0,0,0,0,41,0,0,0,0,0,0,0,0,0,0,0,0,0,0,0,0,0,0,0,0,0,0,0,39,0,93,0,0,0,0,0
140,0,0,0,0,0,0,0,1931458,0,0,2812,525312,136,0,0,0,0,0,7938,0,0,0,0,0,0,0,0,2812,2812,0,257684,0,767175,525312,0,914,0,136,284,0,0,0,0,1269112
140,0,1,0,0,0,0,0,965729,7938,0,0,0,2963,0,0,0,0,0,7938,0,0,0,0,0,0,0,0,0,1399,0,128958,0,256992,0,0,330,380,655,5083,0,0,184344,0,0
140,0,2,0,0,0,0,0,965729,0,0,0,0,178,66304,0,0,0,0,0,0,0,0,0,0,0,0,0,0,0,0,64627,0,128891,65245,0,586,271,756,382,0,0,154833,0,65125
140,0,3,0,0,0,0,0,965729,0,0,0,0,171,66304,0,0,0,0,0,0,0,0,0,0,0,0,0,0,0,0,64675,0,0,65245,0,278,107,0,233,0,0,58678,0,65420
140,0,4,0,0,0,0,0,965729,0,0,0,0,222,66304,0,0,0,0,0,0,0,0,0,0,0,0,0,0,0,0,64638,0,0,65240,0,214,0,111,320,610903,0,0,0,65239
140,0,5,0,0,0,0,0,965729,0,0,0,0,297,66304,0,0,0,0,0,0,0,0,0,0,0,0,0,0,0,0,64716,0,0,65256,1749,406,0,2,627,0,0,614050,0,65201
140,0,6,0,0,0,0,0,965729,0,0,0,0,388,66304,0,0,0,0,0,0,0,0,0,0,0,0,0,0,0,0,0,0,0,65239,0,40,619,0,581,0,0,465191,0,65090
140,0,7,0,0,0,0,0,965729,0,0,0,0,392,66304,0,0,0,0,0,0,0,0,0,0,0,0,0,0,0,0,0,0,0,65211,0,109,222,0,818,0,0,178916,0,65030
140,0,8,0,0,0,0,0,965729,0,0,0,0,305,66304,0,0,0,0,0,0,0,0,0,0,0,0,0,0,0,0,0,0,0,65208,0,52,0,162,612,433074,0,0,0,65180
140,0,9,0,0,0,0,0,965729,0,0,0,0,300,66304,0,0,0,0,0,0,0,0,0,0,0,0,0,0,0,0,0,0,0,65226,740,42,0,2,425,0,0,138640,0,65003
140,0,10,0,0,0,0,0,965729,0,0,0,0,53,0,0,0,0,0,0,0,0,0,0,0,0,0,0,0,0,0,0,0,0,0,0,91,92,0,118,0,0,0,0,0
140,0,11,0,0,0,0,0,965729,0,0,0,0,53,0,0,0,0,0,0,0,0,0,0,0,0,0,0,0,0,0,0,0,0,0,0,42,39,0,94,0,0,0,0,0
140,0,12,0,0,0,0,0,965729,0,0,0,0,47,0,0,0,0,0,0,0,0,0,0,0,0,0,0,0,0,0,0,0,0,0,0,0,0,45,93,0,0,0,0,0
140,0,13,0,0,0,0,0,965729,0,0,0,0,53,0,0,0,0,0,0,0,0,0,0,0,0,0,0,0,0,0,0,0,0,0,178,0,0,0,109,0,0,0,0,0
140,0,14,0,0,0,0,0,965729,0,0,0,0,53,0,0,0,0,0,0,0,0,0,0,0,0,0,0,0,0,0,0,0,0,0,0,0,80,0,60,0,0,0,0,0
140,0,15,0,0,0,0,0,965729,0,0,0,0,41,0,0,0,0,0,0,0,0,0,0,0,0,0,0,0,0,0,0,0,0,0,0,0,39,0,93,0,0,0,0,0
141,0,0,0,0,0,0,0,1942361,0,0,2826,525312,136,0,0,0,0,0,7959,0,0,0,0,0,0,0,0,2826,2826,0,257678,0,767224,525312,0,916,0,136,284,0,0,0,0,1279363
141,0,1,0,0,0,0,0,971181,7959,0,0,0,2953,0,0,0,0,0,7959,0,0,0,0,0,0,0,0,0,1421,0,128973,0,256992,0,0,349,372,668,5094,0,0,183669,0,0
141,0,2,0,0,0,0,0,971181,0,0,0,0,169,66304,0,0,0,0,0,0,0,0,0,0,0,0,0,0,0,0,64608,0,128906,65242,0,592,287,746,374,0,0,156035,0,65113
141,0,3,0,0,0,0,0,971181,0,0,0,0,177,66304,0,0,0,0,0,0,0,0,0,0,0,0,0,0,0,0,64671,0,0,65246,0,284,106,0,248,0,0,59415,0,65405
141,0,4,0,0,0,0,0,971181,0,0,0,0,205,66304,0,0,0,0,0,0,0,0,0,0,0,0,0,0,0,0,64620,0,0,65241,0,215,0,128,294,621837,0,0,0,65247
141,0,5,0,0,0,0,0,971181,0,0,0,0,308,66304,0,0,0,0,0,0,0,0,0,0,0,0,0,0,0,0,64715,0,0,65249,1726,400,0,1,627,0,0,617380,0,65191
141,0,6,0,0,0,0,0,971181,0,0,0,0,386,66304,0,0,0,0,0,0,0,0,0,0,0,0,0,0,0,0,0,0,0,65238,0,40,623,1,575,0,0,470146,0,65092
141,0,7,0,0,0,0,0,971181,0,0,0,0,392,66304,0,0,0,0,0,0,0,0,0,0,0,0,0,0,0,0,0,0,0,65212,0,109,224,0,813,0,0,159019,0,65071
141,0,8,0,0,0,0,0,971181,0,0,0,0,306,66304,0,0,0,0,0,0,0,0,0,0,0,0,0,0,0,0,0,0,0,65198,0,52,0,163,614,434963,0,0,0,65127
141,0,9,0,0,0,0,0,971181,0,0,0,0,304,66304,0,0,0,0,0,0,0,0,0,0,0,0,0,0,0,0,0,0,0,65226,740,42,0,1,437,0,0,141413,0,65034
141,0,10,0,0,0,0,0,971181,0,0,0,0,53,0,0,0,0,0,0,0,0,0,0,0,0,0,0,0,0,0,0,0,0,0,0,91,92,1,118,0,0,0,0,0
141,0,11,0,0,0,0,0,971181,0,0,0,0,53,0,0,0,0,0,0,0,0,0,0,0,0,0,0,0,0,0,0,0,0,0,0,41,39,0,94,0,0,0,0,0
141,0,12,0,0,0,0,0,971181,0,0,0,0,47,0,0,0,0,0,0,0,0,0,0,0,0,0,0,0,0,0,0,0,0,0,0,0,0,45,93,0,0,0,0,0
141,0,13,0,0,0,0,0,971181,0,0,0,0,53,0,0,0,0,0,0,0,0,0,0,0,0,0,0,0,0,0,0,0,0,0,178,0,0,0,109,0,0,0,0,0
141,0,14,0,0,0,0,0,971181,0,0,0,0,53,0,0,0,0,0,0,0,0,0,0,0,0,0,0,0,0,0,0,0,0,0,0,0,80,0,60,0,0,0,0,0
141,0,15,0,0,0,0,0,971181,0,0,0,0,41,0,0,0,0,0,0,0,0,0,0,0,0,0,0,0,0,0,0,0,0,0,0,0,39,0,94,0,0,0,0,0
142,0,0,0,0,0,0,0,2355070,0,0,3484,656640,136,0,0,0,0,0,8958,0,0,0,0,0,0,0,0,3484,3484,0,257723,0,1020509,656640,0,792,0,136,284,0,0,0,0,1592499
142,0,1,0,0,0,0,0,1177535,8958,0,0,0,3490,0,0,0,0,0,8958,0,0,0,0,0,0,0,0,0,1729,0,128912,0,384403,0,0,306,335,871,5921,0,0,173133,0,0
142,0,2,0,0,0,0,0,1177535,0,0,0,0,146,66304,0,0,0,0,0,0,0,0,0,0,0,0,0,0,0,0,128910,0,192661,65216,0,926,249,1047,326,0,0,140022,0,65144
142,0,3,0,0,0,0,0,1177535,0,0,0,0,151,66304,0,0,0,0,0,0,0,0,0,0,0,0,0,0,0,0,128958,0,0,65240,0,405,94,0,207,0,0,43336,0,65524
142,0,4,0,0,0,0,0,1177535,0,0,0,0,179,66304,0,0,0,0,0,0,0,0,0,0,0,0,0,0,0,0,64622,0,0,65231,0,184,0,102,261,781713,0,0,0,65336
142,0,5,0,0,0,0,0,1177535,0,0,0,0,253,66304,0,0,0,0,0,0,0,0,0,0,0,0,0,0,0,0,64630,0,0,65228,2128,460,0,2,525,0,0,728791,0,64984
142,0,6,0,0,0,0,0,1177535,0,0,0,0,324,66304,0,0,0,0,0,0,0,0,0,0,0,0,0,0,0,0,64703,0,0,65242,0,206,502,1,456,0,0,489611,0,65053
142,0,7,0,0,0,0,0,1177535,0,0,0,0,325,66304,0,0,0,0,0,0,0,0,0,0,0,0,0,0,0,0,64625,0,0,65208,0,492,178,0,686,0,0,210197,0,64840
142,0,8,0,0,0,0,0,1177535,0,0,0,0,247,66304,0,0,0,0,0,0,0,0,0,0,0,0,0,0,0,0,0,0,0,65205,0,52,0,150,514,846072,0,0,0,64919
142,0,9,0,0,0,0,0,1177535,0,0,0,0,327,66304,0,0,0,0,0,0,0,0,0,0,0,0,0,0,0,0,0,0,0,65251,1267,42,0,1,454,0,0,669448,0,65023
142,0,10,0,0,0,0,0,1177535,0,0,0,0,424,66304,0,0,0,0,0,0,0,0,0,0,0,0,0,0,0,0,0,0,0,65245,0,91,647,2,880,0,0,564511,0,65107
142,0,11,0,0,0,0,0,1177535,0,0,0,0,426,66304,0,0,0,0,0,0,0,0,0,0,0,0,0,0,0,0,0,0,0,65250,0,43,223,0,641,0,0,245161,0,64931
142,0,12,0,0,0,0,0,1177535,0,0,0,0,47,0,0,0,0,0,0,0,0,0,0,0,0,0,0,0,0,0,0,0,0,0,0,0,0,45,93,0,0,0,0,0
142,0,13,0,0,0,0,0,1177535,0,0,0,0,53,0,0,0,0,0,0,0,0,0,0,0,0,0,0,0,0,0,0,0,0,0,178,0,0,0,109,0,0,0,0,0
142,0,14,0,0,0,0,0,1177535,0,0,0,0,53,0,0,0,0,0,0,0,0,0,0,0,0,0,0,0,0,0,0,0,0,0,0,0,80,0,60,0,0,0,0,0
142,0,15,0,0,0,0,0,1177535,0,0,0,0,41,0,0,0,0,0,0,0,0,0,0,0,0,0,0,0,0,0,0,0,0,0,0,0,39,0,94,0,0,0,0,0
143,0,0,0,0,0,0,0,2355069,0,0,3484,656640,136,0,0,0,0,0,8955,0,0,0,0,0,0,0,0,3484,3484,0,257678,0,1020685,656640,0,792,0,136,284,0,0,0,0,1592141
143,0,1,0,0,0,0,0,1177535,8955,0,0,0,3485,0,0,0,0,0,8955,0,0,0,0,0,0,0,0,0,1729,0,128925,0,384453,0,0,315,325,877,5888,0,0,173650,0,0
143,0,2,0,0,0,0,0,1177535,0,0,0,0,143,66304,0,0,0,0,0,0,0,0,0,0,0,0,0,0,0,0,128926,0,192683,65221,0,918,257,1044,328,0,0,139998,0,65151
143,0,3,0,0,0,0,0,1177535,0,0,0,0,156,66304,0,0,0,0,0,0,0,0,0,0,0,0,0,0,0,0,128952,0,0,65240,0,402,89,0,218,0,0,42309,0,65526
143,0,4,0,0,0,0,0,1177535,0,0,0,0,173,66304,0,0,0,0,0,0,0,0,0,0,0,0,0,0,0,0,64595,0,0,65235,0,183,0,108,247,781589,0,0,0,65337
143,0,5,0,0,0,0,0,1177535,0,0,0,0,252,66304,0,0,0,0,0,0,0,0,0,0,0,0,0,0,0,0,64630,0,0,65231,2148,449,0,1,526,0,0,729106,0,64976
143,0,6,0,0,0,0,0,1177535,0,0,0,0,317,66304,0,0,0,0,0,0,0,0,0,0,0,0,0,0,0,0,64704,0,0,65248,0,211,514,2,452,0,0,488034,0,65078
143,0,7,0,0,0,0,0,1177535,0,0,0,0,330,66304,0,0,0,0,0,0,0,0,0,0,0,0,0,0,0,0,64634,0,0,65207,0,489,173,0,696,0,0,209168,0,64862
143,0,8,0,0,0,0,0,1177535,0,0,0,0,242,66304,0,0,0,0,0,0,0,0,0,0,0,0,0,0,0,0,0,0,0,65196,0,52,0,155,510,849139,0,0,0,64898
143,0,9,0,0,0,0,0,1177535,0,0,0,0,330,66304,0,0,0,0,0,0,0,0,0,0,0,0,0,0,0,0,0,0,0,65252,1231,42,0,2,468,0,0,667284,0,65029
143,0,10,0,0,0,0,0,1177535,0,0,0,0,405,66304,0,0,0,0,0,0,0,0,0,0,0,0,0,0,0,0,0,0,0,65246,0,91,674,1,856,0,0,561016,0,65101
143,0,11,0,0,0,0,0,1177535,0,0,0,0,434,66304,0,0,0,0,0,0,0,0,0,0,0,0,0,0,0,0,0,0,0,65248,0,45,215,0,651,0,0,244163,0,64923
143,0,12,0,0,0,0,0,1177535,0,0,0,0,47,0,0,0,0,0,0,0,0,0,0,0,0,0,0,0,0,0,0,0,0,0,0,0,0,45,93,0,0,0,0,0
143,0,13,0,0,0,0,0,1177535,0,0,0,0,53,0,0,0,0,0,0,0,0,0,0,0,0,0,0,0,0,0,0,0,0,0,178,0,0,0,109,0,0,0,0,0
143,0,14,0,0,0,0,0,1177535,0,0,0,0,53,0,0,0,0,0,0,0,0,0,0,0,0,0,0,0,0,0,0,0,0,0,0,0,80,0,60,0,0,0,0,0
143,0,15,0,0,0,0,0,1177535,0,0,0,0,41,0,0,0,0,0,0,0,0,0,0,0,0,0,0,0,0,0,0,0,0,0,0,0,39,0,92,0,0,0,0,0
144,0,0,0,0,0,0,0,2341938,0,0,3468,656640,136,0,0,0,0,0,8931,0,0,0,0,0,0,0,0,3468,3468,0,257703,0,1020464,656640,0,790,0,136,284,0,0,0,0,1579112
144,0,1,0,0,0,0,0,1170969,8931,0,0,0,3429,0,0,0,0,0,8931,0,0,0,0,0,0,0,0,0,1835,0,128909,0,384387,0,0,320,342,895,5872,0,0,176261,0,0
144,0,2,0,0,0,0,0,1170969,0,0,0,0,157,66304,0,0,0,0,0,0,0,0,0,0,0,0,0,0,0,0,128899,0,192753,65219,0,904,238,1040,335,0,0,145936,0,65124
144,0,3,0,0,0,0,0,1170969,0,0,0,0,152,66304,0,0,0,0,0,0,0,0,0,0,0,0,0,0,0,0,128956,0,0,65247,0,401,93,0,215,0,0,45200,0,65488
144,0,4,0,0,0,0,0,1170969,0,0,0,0,169,66304,0,0,0,0,0,0,0,0,0,0,0,0,0,0,0,0,64611,0,0,65237,0,188,0,112,254,783347,0,0,0,65332
144,0,5,0,0,0,0,0,1170969,0,0,0,0,252,66304,0,0,0,0,0,0,0,0,0,0,0,0,0,0,0,0,64621,0,0,65226,2111,438,0,2,526,0,0,705694,0,64969
144,0,6,0,0,0,0,0,1170969,0,0,0,0,326,66304,0,0,0,0,0,0,0,0,0,0,0,0,0,0,0,0,64641,0,0,65239,0,224,497,1,458,0,0,494353,0,65062
144,0,7,0,0,0,0,0,1170969,0,0,0,0,324,66304,0,0,0,0,0,0,0,0,0,0,0,0,0,0,0,0,64702,0,0,65200,0,477,179,0,700,0,0,213389,0,64830
144,0,8,0,0,0,0,0,1170969,0,0,0,0,249,66304,0,0,0,0,0,0,0,0,0,0,0,0,0,0,0,0,0,0,0,65196,0,52,0,146,510,841092,0,0,0,64909
144,0,9,0,0,0,0,0,1170969,0,0,0,0,327,66304,0,0,0,0,0,0,0,0,0,0,0,0,0,0,0,0,0,0,0,65248,1264,42,0,2,472,0,0,666172,0,65069
144,0,10,0,0,0,0,0,1170969,0,0,0,0,426,66304,0,0,0,0,0,0,0,0,0,0,0,0,0,0,0,0,0,0,0,65231,0,91,641,0,862,0,0,559009,0,65136
144,0,11,0,0,0,0,0,1170969,0,0,0,0,423,66304,0,0,0,0,0,0,0,0,0,0,0,0,0,0,0,0,0,0,0,65257,0,44,222,0,650,0,0,241491,0,64888
144,0,12,0,0,0,0,0,1170969,0,0,0,0,47,0,0,0,0,0,0,0,0,0,0,0,0,0,0,0,0,0,0,0,0,0,0,0,0,45,93,0,0,0,0,0
144,0,13,0,0,0,0,0,1170969,0,0,0,0,53,0,0,0,0,0,0,0,0,0,0,0,0,0,0,0,0,0,0,0,0,0,178,0,0,0,109,0,0,0,0,0
144,0,14,0,0,0,0,0,1170969,0,0,0,0,53,0,0,0,0,0,0,0,0,0,0,0,0,0,0,0,0,0,0,0,0,0,0,0,80,0,60,0,0,0,0,0
144,0,15,0,0,0,0,0,1170969,0,0,0,0,41,0,0,0,0,0,0,0,0,0,0,0,0,0,0,0,0,0,0,0,0,0,0,0,39,0,93,0,0,0,0,0
145,0,0,0,0,0,0,0,3152956,0,0,4672,853632,136,0,0,0,0,0,10755,0,0,0,0,0,0,0,0,4672,4672,0,385147,0,1273260,853632,0,1173,0,136,284,0,0,0,0,2195616
145,0,1,0,0,0,0,0,1576478,10755,0,0,0,4317,0,0,0,0,0,10755,0,0,0,0,0,0,0,0,0,2465,0,192706,0,447455,0,0,453,436,987,7214,0,0,170873,0,0
145,0,2,0,0,0,0,0,1576478,0,0,0,0,120,66304,0,0,0,0,0,0,0,0,0,0,0,0,0,0,0,0,192569,0,192609,65236,0,1249,216,934,270,0,0,142004,0,65140
145,0,3,0,0,0,0,0,1576478,0,0,0,0,129,66304,0,0,0,0,0,0,0,0,0,0,0,0,0,0,0,0,128792,0,0,65247,0,392,80,0,169,0,0,42177,0,65482
145,0,4,0,0,0,0,0,1576478,0,0,0,0,144,66304,0,0,0,0,0,0,0,0,0,0,0,0,0,0,0,0,128886,0,0,65236,0,312,0,93,199,1062084,0,0,0,65347
145,0,5,0,0,0,0,0,1576478,0,0,0,0,202,66304,0,0,0,0,0,0,0,0,0,0,0,0,0,0,0,0,128973,0,0,65236,2877,883,0,0,419,0,0,665711,0,64920
145,0,6,0,0,0,0,0,1576478,0,0,0,0,246,66304,0,0,0,0,0,0,0,0,0,0,0,0,0,0,0,0,128846,0,0,65245,0,393,373,3,341,0,0,474849,0,65163
145,0,7,0,0,0,0,0,1576478,0,0,0,0,242,66304,0,0,0,0,0,0,0,0,0,0,0,0,0,0,0,0,64676,0,0,65165,0,470,137,0,530,0,0,222232,0,64866
145,0,8,0,0,0,0,0,1576478,0,0,0,0,238,66304,0,0,0,0,0,0,0,0,0,0,0,0,0,0,0,0,64643,0,0,65198,0,362,0,133,492,1239203,0,0,0,65039
145,0,9,0,0,0,0,0,1576478,0,0,0,0,358,66304,0,0,0,0,0,0,0,0,0,0,0,0,0,0,0,0,64659,0,0,65240,1963,185,0,1,514,0,0,1285335,0,64837
145,0,10,0,0,0,0,0,1576478,0,0,0,0,434,66304,0,0,0,0,0,0,0,0,0,0,0,0,0,0,0,0,64629,0,0,65240,0,466,667,1,925,0,0,837743,0,65006
145,0,11,0,0,0,0,0,1576478,0,0,0,0,435,66304,0,0,0,0,0,0,0,0,0,0,0,0,0,0,0,0,0,0,0,65208,0,45,232,0,689,0,0,346079,0,64894
145,0,12,0,0,0,0,0,1576478,0,0,0,0,363,66304,0,0,0,0,0,0,0,0,0,0,0,0,0,0,0,0,0,0,0,65266,0,0,0,178,550,1043990,0,0,0,65179
145,0,13,0,0,0,0,0,1576478,0,0,0,0,430,66304,0,0,0,0,0,0,0,0,0,0,0,0,0,0,0,0,0,0,0,65266,1074,0,0,2,920,0,0,751295,0,65361
145,0,14,0,0,0,0,0,1576478,0,0,0,0,437,66304,0,0,0,0,0,0,0,0,0,0,0,0,0,0,0,0,0,0,0,65268,0,0,270,1,646,0,0,363915,0,64722
145,0,15,0,0,0,0,0,1576478,0,0,0,0,41,0,0,0,0,0,0,0,0,0,0,0,0,0,0,0,0,0,0,0,0,0,0,0,39,0,94,0,0,0,0,0
146,0,0,0,0,0,0,0,3167707,0,0,4693,853632,136,0,0,0,0,0,10785,0,0,0,0,0,0,0,0,4693,4693,0,385120,0,1273147,853632,0,1175,0,136,284,0,0,0,0,2209465
146,0,1,0,0,0,0,0,1583853,10785,0,0,0,4332,0,0,0,0,0,10785,0,0,0,0,0,0,0,0,0,2478,0,192695,0,447408,0,0,456,444,979,7287,0,0,181678,0,0
146,0,2,0,0,0,0,0,1583853,0,0,0,0,130,66304,0,0,0,0,0,0,0,0,0,0,0,0,0,0,0,0,192548,0,192631,65224,0,1240,208,954,292,0,0,142557,0,65150
146,0,3,0,0,0,0,0,1583853,0,0,0,0,128,66304,0,0,0,0,0,0,0,0,0,0,0,0,0,0,0,0,128817,0,0,65234,0,372,85,0,176,0,0,43415,0,65526
146,0,4,0,0,0,0,0,1583853,0,0,0,0,146,66304,0,0,0,0,0,0,0,0,0,0,0,0,0,0,0,0,128862,0,0,65242,0,314,0,93,207,1070232,0,0,0,65302
146,0,5,0,0,0,0,0,1583853,0,0,0,0,201,66304,0,0,0,0,0,0,0,0,0,0,0,0,0,0,0,0,128991,0,0,65237,2845,882,0,2,416,0,0,691468,0,64994
146,0,6,0,0,0,0,0,1583853,0,0,0,0,245,66304,0,0,0,0,0,0,0,0,0,0,0,0,0,0,0,0,128840,0,0,65236,0,403,389,0,345,0,0,484186,0,65110
146,0,7,0,0,0,0,0,1583853,0,0,0,0,254,66304,0,0,0,0,0,0,0,0,0,0,0,0,0,0,0,0,64681,0,0,65182,0,496,127,0,543,0,0,219678,0,64861
146,0,8,0,0,0,0,0,1583853,0,0,0,0,235,66304,0,0,0,0,0,0,0,0,0,0,0,0,0,0,0,0,64655,0,0,65198,0,370,0,136,479,1243733,0,0,0,65006
146,0,9,0,0,0,0,0,1583853,0,0,0,0,353,66304,0,0,0,0,0,0,0,0,0,0,0,0,0,0,0,0,64657,0,0,65243,1990,208,0,0,487,0,0,1292923,0,64797
146,0,10,0,0,0,0,0,1583853,0,0,0,0,440,66304,0,0,0,0,0,0,0,0,0,0,0,0,0,0,0,0,64619,0,0,65244,0,481,664,2,910,0,0,857217,0,64997
146,0,11,0,0,0,0,0,1583853,0,0,0,0,436,66304,0,0,0,0,0,0,0,0,0,0,0,0,0,0,0,0,0,0,0,65207,0,42,233,0,668,0,0,349461,0,64908
146,0,12,0,0,0,0,0,1583853,0,0,0,0,357,66304,0,0,0,0,0,0,0,0,0,0,0,0,0,0,0,0,0,0,0,65262,0,0,0,184,536,1055610,0,0,0,65202
146,0,13,0,0,0,0,0,1583853,0,0,0,0,455,66304,0,0,0,0,0,0,0,0,0,0,0,0,0,0,0,0,0,0,0,65270,1059,0,0,2,922,0,0,769026,0,65323
146,0,14,0,0,0,0,0,1583853,0,0,0,0,454,66304,0,0,0,0,0,0,0,0,0,0,0,0,0,0,0,0,0,0,0,65273,0,0,256,0,650,0,0,373561,0,64766
146,0,15,0,0,0,0,0,1583853,0,0,0,0,41,0,0,0,0,0,0,0,0,0,0,0,0,0,0,0,0,0,0,0,0,0,0,0,39,0,98,0,0,0,0,0
147,0,0,0,0,0,0,0,3144607,0,0,4664,853632,136,0,0,0,0,0,10743,0,0,0,0,0,0,0,0,4664,4664,0,385098,0,1273225,853632,0,1169,0,136,284,0,0,0,0,2187039
147,0,1,0,0,0,0,0,1572303,10743,0,0,0,4296,0,0,0,0,0,10743,0,0,0,0,0,0,0,0,0,2453,0,192671,0,447544,0,0,501,462,926,7259,0,0,168508,0,0
147,0,2,0,0,0,0,0,1572303,0,0,0,0,123,66304,0,0,0,0,0,0,0,0,0,0,0,0,0,0,0,0,192591,0,192644,65232,0,1245,210,990,280,0,0,139688,0,65138
147,0,3,0,0,0,0,0,1572303,0,0,0,0,128,66304,0,0,0,0,0,0,0,0,0,0,0,0,0,0,0,0,128823,0,0,65250,0,328,81,0,176,0,0,41570,0,65468
147,0,4,0,0,0,0,0,1572303,0,0,0,0,144,66304,0,0,0,0,0,0,0,0,0,0,0,0,0,0,0,0,128866,0,0,65230,0,329,0,93,210,1057969,0,0,0,65352
147,0,5,0,0,0,0,0,1572303,0,0,0,0,198,66304,0,0,0,0,0,0,0,0,0,0,0,0,0,0,0,0,128963,0,0,65225,2809,828,0,1,420,0,0,668871,0,64936
147,0,6,0,0,0,0,0,1572303,0,0,0,0,236,66304,0,0,0,0,0,0,0,0,0,0,0,0,0,0,0,0,128859,0,0,65245,0,385,397,1,343,0,0,469055,0,65130
147,0,7,0,0,0,0,0,1572303,0,0,0,0,254,66304,0,0,0,0,0,0,0,0,0,0,0,0,0,0,0,0,64690,0,0,65174,0,538,124,0,541,0,0,207844,0,64860
147,0,8,0,0,0,0,0,1572303,0,0,0,0,231,66304,0,0,0,0,0,0,0,0,0,0,0,0,0,0,0,0,64650,0,0,65195,0,351,0,138,475,1234622,0,0,0,65081
147,0,9,0,0,0,0,0,1572303,0,0,0,0,348,66304,0,0,0,0,0,0,0,0,0,0,0,0,0,0,0,0,64658,0,0,65242,2004,241,0,1,503,0,0,1282224,0,64850
147,0,10,0,0,0,0,0,1572303,0,0,0,0,441,66304,0,0,0,0,0,0,0,0,0,0,0,0,0,0,0,0,64637,0,0,65243,0,510,664,1,896,0,0,835637,0,64963
147,0,11,0,0,0,0,0,1572303,0,0,0,0,438,66304,0,0,0,0,0,0,0,0,0,0,0,0,0,0,0,0,0,0,0,65206,0,38,228,0,632,0,0,338225,0,64881
147,0,12,0,0,0,0,0,1572303,0,0,0,0,344,66304,0,0,0,0,0,0,0,0,0,0,0,0,0,0,0,0,0,0,0,65264,0,0,0,195,540,1044138,0,0,0,65073
147,0,13,0,0,0,0,0,1572303,0,0,0,0,433,66304,0,0,0,0,0,0,0,0,0,0,0,0,0,0,0,0,0,0,0,65264,1037,0,0,2,867,0,0,743462,0,65341
147,0,14,0,0,0,0,0,1572303,0,0,0,0,423,66304,0,0,0,0,0,0,0,0,0,0,0,0,0,0,0,0,0,0,0,65269,0,0,285,0,588,0,0,356778,0,64859
147,0,15,0,0,0,0,0,1572303,0,0,0,0,41,0,0,0,0,0,0,0,0,0,0,0,0,0,0,0,0,0,0,0,0,0,0,0,39,0,102,0,0,0,0,0
148,0,0,0,0,0,0,0,372197,0,0,258,65600,136,0,0,0,0,0,4065,0,0,0,0,0,0,0,0,258,258,0,0,0,129720,65600,0,294,0,136,284,0,0,0,0,65920
148,0,1,0,0,0,0,0,186099,4065,0,0,0,1283,0,0,0,0,0,4065,0,0,0,0,0,0,0,0,0,63,0,0,0,65138,0,0,84,170,230,2188,0,0,65920,0,0
148,0,2,0,0,0,0,0,186099,0,0,0,0,237,65920,0,0,0,0,0,0,0,0,0,0,0,0,0,0,0,0,0,0,0,65350,0,249,158,283,507,0,0,0,0,65920
148,0,3,0,0,0,0,0,186099,0,0,0,0,47,0,0,0,0,0,0,0,0,0,0,0,0,0,0,0,0,0,0,0,0,0,0,91,45,0,54,0,0,0,0,0
148,0,4,0,0,0,0,0,186099,0,0,0,0,47,0,0,0,0,0,0,0,0,0,0,0,0,0,0,0,0,0,0,0,0,0,0,87,0,45,61,0,0,0,0,0
148,0,5,0,0,0,0,0,186099,0,0,0,0,47,0,0,0,0,0,0,0,0,0,0,0,0,0,0,0,0,0,0,0,0,0,537,148,0,0,109,0,0,0,0,0
148,0,6,0,0,0,0,0,186099,0,0,0,0,47,0,0,0,0,0,0,0,0,0,0,0,0,0,0,0,0,0,0,0,0,0,0,40,98,0,52,0,0,0,0,0
148,0,7,0,0,0,0,0,186099,0,0,0,0,53,0,0,0,0,0,0,0,0,0,0,0,0,0,0,0,0,0,0,0,0,0,0,105,39,0,140,0,0,0,0,0
148,0,8,0,0,0,0,0,186099,0,0,0,0,50,0,0,0,0,0,0,0,0,0,0,0,0,0,0,0,0,0,0,0,0,0,0,52,0,42,107,0,0,0,0,0
148,0,9,0,0,0,0,0,186099,0,0,0,0,47,0,0,0,0,0,0,0,0,0,0,0,0,0,0,0,0,0,0,0,0,0,365,42,0,0,53,0,0,0,0,0
148,0,10,0,0,0,0,0,186099,0,0,0,0,53,0,0,0,0,0,0,0,0,0,0,0,0,0,0,0,0,0,0,0,0,0,0,91,92,0,118,0,0,0,0,0
148,0,11,0,0,0,0,0,186099,0,0,0,0,53,0,0,0,0,0,0,0,0,0,0,0,0,0,0,0,0,0,0,0,0,0,0,39,39,0,94,0,0,0,0,0
148,0,12,0,0,0,0,0,186099,0,0,0,0,47,0,0,0,0,0,0,0,0,0,0,0,0,0,0,0,0,0,0,0,0,0,0,0,0,45,93,0,0,0,0,0
148,0,13,0,0,0,0,0,186099,0,0,0,0,53,0,0,0,0,0,0,0,0,0,0,0,0,0,0,0,0,0,0,0,0,0,178,0,0,0,109,0,0,0,0,0
148,0,14,0,0,0,0,0,186099,0,0,0,0,53,0,0,0,0,0,0,0,0,0,0,0,0,0,0,0,0,0,0,0,0,0,0,0,80,0,60,0,0,0,0,0
148,0,15,0,0,0,0,0,186099,0,0,0,0,41,0,0,0,0,0,0,0,0,0,0,0,0,0,0,0,0,0,0,0,0,0,0,0,39,0,89,0,0,0,0,0
149,0,0,0,0,0,0,0,372201,0,0,258,65600,136,0,0,0,0,0,4065,0,0,0,0,0,0,0,0,258,258,0,0,0,129720,65600,0,294,0,136,284,0,0,0,0,65920
149,0,1,0,0,0,0,0,186101,4065,0,0,0,1281,0,0,0,0,0,4065,0,0,0,0,0,0,0,0,0,65,0,0,0,65140,0,0,84,170,232,2183,0,0,65920,0,0
149,0,2,0,0,0,0,0,186101,0,0,0,0,234,65920,0,0,0,0,0,0,0,0,0,0,0,0,0,0,0,0,0,0,0,65348,0,249,161,283,502,0,0,0,0,65920
149,0,3,0,0,0,0,0,186101,0,0,0,0,47,0,0,0,0,0,0,0,0,0,0,0,0,0,0,0,0,0,0,0,0,0,0,91,45,0,54,0,0,0,0,0
149,0,4,0,0,0,0,0,186101,0,0,0,0,47,0,0,0,0,0,0,0,0,0,0,0,0,0,0,0,0,0,0,0,0,0,0,87,0,45,62,0,0,0,0,0
149,0,5,0,0,0,0,0,186101,0,0,0,0,47,0,0,0,0,0,0,0,0,0,0,0,0,0,0,0,0,0,0,0,0,0,537,148,0,0,109,0,0,0,0,0
149,0,6,0,0,0,0,0,186101,0,0,0,0,47,0,0,0,0,0,0,0,0,0,0,0,0,0,0,0,0,0,0,0,0,0,0,40,98,0,52,0,0,0,0,0
149,0,7,0,0,0,0,0,186101,0,0,0,0,53,0,0,0,0,0,0,0,0,0,0,0,0,0,0,0,0,0,0,0,0,0,0,105,39,0,140,0,0,0,0,0
149,0,8,0,0,0,0,0,186101,0,0,0,0,50,0,0,0,0,0,0,0,0,0,0,0,0,0,0,0,0,0,0,0,0,0,0,52,0,42,107,0,0,0,0,0
149,0,9,0,0,0,0,0,186101,0,0,0,0,47,0,0,0,0,0,0,0,0,0,0,0,0,0,0,0,0,0,0,0,0,0,365,42,0,0,53,0,0,0,0,0
149,0,10,0,0,0,0,0,186101,0,0,0,0,53,0,0,0,0,0,0,0,0,0,0,0,0,0,0,0,0,0,0,0,0,0,0,91,92,0,118,0,0,0,0,0
149,0,11,0,0,0,0,0,186101,0,0,0,0,53,0,0,0,0,0,0,0,0,0,0,0,0,0,0,0,0,0,0,0,0,0,0,39,39,0,94,0,0,0,0,0
149,0,12,0,0,0,0,0,186101,0,0,0,0,47,0,0,0,0,0,0,0,0,0,0,0,0,0,0,0,0,0,0,0,0,0,0,0,0,45,93,0,0,0,0,0
149,0,13,0,0,0,0,0,186101,0,0,0,0,53,0,0,0,0,0,0,0,0,0,0,0,0,0,0,0,0,0,0,0,0,0,178,0,0,0,109,0,0,0,0,0
149,0,14,0,0,0,0,0,186101,0,0,0,0,53,0,0,0,0,0,0,0,0,0,0,0,0,0,0,0,0,0,0,0,0,0,0,0,80,0,60,0,0,0,0,0
149,0,15,0,0,0,0,0,186101,0,0,0,0,41,0,0,0,0,0,0,0,0,0,0,0,0,0,0,0,0,0,0,0,0,0,0,0,39,0,89,0,0,0,0,0
150,0,0,0,0,0,0,0,372253,0,0,258,65600,136,0,0,0,0,0,4065,0,0,0,0,0,0,0,0,258,258,0,0,0,129721,65600,0,294,0,136,284,0,0,0,0,65920
150,0,1,0,0,0,0,0,186127,4065,0,0,0,1282,0,0,0,0,0,4065,0,0,0,0,0,0,0,0,0,65,0,0,0,65141,0,0,84,170,231,2188,0,0,65920,0,0
150,0,2,0,0,0,0,0,186127,0,0,0,0,238,65920,0,0,0,0,0,0,0,0,0,0,0,0,0,0,0,0,0,0,0,65348,0,249,157,283,507,0,0,0,0,65920
150,0,3,0,0,0,0,0,186127,0,0,0,0,47,0,0,0,0,0,0,0,0,0,0,0,0,0,0,0,0,0,0,0,0,0,0,91,45,0,54,0,0,0,0,0
150,0,4,0,0,0,0,0,186127,0,0,0,0,47,0,0,0,0,0,0,0,0,0,0,0,0,0,0,0,0,0,0,0,0,0,0,87,0,45,62,0,0,0,0,0
150,0,5,0,0,0,0,0,186127,0,0,0,0,47,0,0,0,0,0,0,0,0,0,0,0,0,0,0,0,0,0,0,0,0,0,537,148,0,0,109,0,0,0,0,0
150,0,6,0,0,0,0,0,186127,0,0,0,0,47,0,0,0,0,0,0,0,0,0,0,0,0,0,0,0,0,0,0,0,0,0,0,40,98,0,52,0,0,0,0,0
150,0,7,0,0,0,0,0,186127,0,0,0,0,53,0,0,0,0,0,0,0,0,0,0,0,0,0,0,0,0,0,0,0,0,0,0,105,39,0,140,0,0,0,0,0
150,0,8,0,0,0,0,0,186127,0,0,0,0,50,0,0,0,0,0,0,0,0,0,0,0,0,0,0,0,0,0,0,0,0,0,0,52,0,42,107,0,0,0,0,0
150,0,9,0,0,0,0,0,186127,0,0,0,0,47,0,0,0,0,0,0,0,0,0,0,0,0,0,0,0,0,0,0,0,0,0,365,42,0,0,53,0,0,0,0,0
150,0,10,0,0,0,0,0,186127,0,0,0,0,53,0,0,0,0,0,0,0,0,0,0,0,0,0,0,0,0,0,0,0,0,0,0,91,92,0,118,0,0,0,0,0
150,0,11,0,0,0,0,0,186127,0,0,0,0,53,0,0,0,0,0,0,0,0,0,0,0,0,0,0,0,0,0,0,0,0,0,0,39,39,0,94,0,0,0,0,0
150,0,12,0,0,0,0,0,186127,0,0,0,0,47,0,0,0,0,0,0,0,0,0,0,0,0,0,0,0,0,0,0,0,0,0,0,0,0,45,93,0,0,0,0,0
150,0,13,0,0,0,0,0,186127,0,0,0,0,53,0,0,0,0,0,0,0,0,0,0,0,0,0,0,0,0,0,0,0,0,0,178,0,0,0,109,0,0,0,0,0
150,0,14,0,0,0,0,0,186127,0,0,0,0,53,0,0,0,0,0,0,0,0,0,0,0,0,0,0,0,0,0,0,0,0,0,0,0,80,0,60,0,0,0,0,0
150,0,15,0,0,0,0,0,186127,0,0,0,0,41,0,0,0,0,0,0,0,0,0,0,0,0,0,0,0,0,0,0,0,0,0,0,0,39,0,89,0,0,0,0,0
151,0,0,0,0,0,0,0,622723,0,0,388,131200,136,0,0,0,0,0,4266,0,0,0,0,0,0,0,0,388,388,0,0,0,259873,131200,0,294,0,136,284,0,0,0,0,252082
151,0,1,0,0,0,0,0,311361,4266,0,0,0,1320,0,0,0,0,0,4266,0,0,0,0,0,0,0,0,0,135,0,0,0,130220,0,0,84,171,323,2219,0,0,66420,0,0
151,0,2,0,0,0,0,0,311361,0,0,0,0,171,65920,0,0,0,0,0,0,0,0,0,0,0,0,0,0,0,0,0,0,65029,65407,0,249,292,392,369,0,0,65666,0,65662
151,0,3,0,0,0,0,0,311361,0,0,0,0,179,65920,0,0,0,0,0,0,0,0,0,0,0,0,0,0,0,0,0,0,0,65399,0,92,106,0,271,0,0,447,0,65661
151,0,4,0,0,0,0,0,311361,0,0,0,0,47,0,0,0,0,0,0,0,0,0,0,0,0,0,0,0,0,0,0,0,0,0,0,87,0,45,62,0,0,0,0,0
151,0,5,0,0,0,0,0,311361,0,0,0,0,47,0,0,0,0,0,0,0,0,0,0,0,0,0,0,0,0,0,0,0,0,0,537,148,0,0,109,0,0,0,0,0
151,0,6,0,0,0,0,0,311361,0,0,0,0,47,0,0,0,0,0,0,0,0,0,0,0,0,0,0,0,0,0,0,0,0,0,0,40,98,0,52,0,0,0,0,0
151,0,7,0,0,0,0,0,311361,0,0,0,0,53,0,0,0,0,0,0,0,0,0,0,0,0,0,0,0,0,0,0,0,0,0,0,105,39,0,140,0,0,0,0,0
151,0,8,0,0,0,0,0,311361,0,0,0,0,50,0,0,0,0,0,0,0,0,0,0,0,0,0,0,0,0,0,0,0,0,0,0,52,0,42,107,0,0,0,0,0
151,0,9,0,0,0,0,0,311361,0,0,0,0,47,0,0,0,0,0,0,0,0,0,0,0,0,0,0,0,0,0,0,0,0,0,365,42,0,0,53,0,0,0,0,0
151,0,10,0,0,0,0,0,311361,0,0,0,0,53,0,0,0,0,0,0,0,0,0,0,0,0,0,0,0,0,0,0,0,0,0,0,91,92,0,118,0,0,0,0,0
151,0,11,0,0,0,0,0,311361,0,0,0,0,53,0,0,0,0,0,0,0,0,0,0,0,0,0,0,0,0,0,0,0,0,0,0,40,39,0,94,0,0,0,0,0
151,0,12,0,0,0,0,0,311361,0,0,0,0,47,0,0,0,0,0,0,0,0,0,0,0,0,0,0,0,0,0,0,0,0,0,0,0,0,45,93,0,0,0,0,0
151,0,13,0,0,0,0,0,311361,0,0,0,0,53,0,0,0,0,0,0,0,0,0,0,0,0,0,0,0,0,0,0,0,0,0,178,0,0,0,109,0,0,0,0,0
151,0,14,0,0,0,0,0,311361,0,0,0,0,53,0,0,0,0,0,0,0,0,0,0,0,0,0,0,0,0,0,0,0,0,0,0,0,80,0,60,0,0,0,0,0
151,0,15,0,0,0,0,0,311361,0,0,0,0,41,0,0,0,0,0,0,0,0,0,0,0,0,0,0,0,0,0,0,0,0,0,0,0,39,0,89,0,0,0,0,0
152,0,0,0,0,0,0,0,622675,0,0,388,131200,136,0,0,0,0,0,4266,0,0,0,0,0,0,0,0,388,388,0,0,0,259892,131200,0,294,0,136,284,0,0,0,0,252093
152,0,1,0,0,0,0,0,311337,4266,0,0,0,1328,0,0,0,0,0,4266,0,0,0,0,0,0,0,0,0,142,0,0,0,130235,0,0,84,170,316,2224,0,0,66448,0,0
152,0,2,0,0,0,0,0,311337,0,0,0,0,169,65920,0,0,0,0,0,0,0,0,0,0,0,0,0,0,0,0,0,0,65030,65407,0,249,295,406,360,0,0,65662,0,65660
152,0,3,0,0,0,0,0,311337,0,0,0,0,180,65920,0,0,0,0,0,0,0,0,0,0,0,0,0,0,0,0,0,0,0,65406,0,92,105,0,258,0,0,450,0,65658
152,0,4,0,0,0,0,0,311337,0,0,0,0,47,0,0,0,0,0,0,0,0,0,0,0,0,0,0,0,0,0,0,0,0,0,0,87,0,45,62,0,0,0,0,0
152,0,5,0,0,0,0,0,311337,0,0,0,0,47,0,0,0,0,0,0,0,0,0,0,0,0,0,0,0,0,0,0,0,0,0,537,148,0,0,109,0,0,0,0,0
152,0,6,0,0,0,0,0,311337,0,0,0,0,47,0,0,0,0,0,0,0,0,0,0,0,0,0,0,0,0,0,0,0,0,0,0,40,98,0,52,0,0,0,0,0
152,0,7,0,0,0,0,0,311337,0,0,0,0,53,0,0,0,0,0,0,0,0,0,0,0,0,0,0,0,0,0,0,0,0,0,0,105,39,0,140,0,0,0,0,0
152,0,8,0,0,0,0,0,311337,0,0,0,0,50,0,0,0,0,0,0,0,0,0,0,0,0,0,0,0,0,0,0,0,0,0,0,52,0,42,107,0,0,0,0,0
152,0,9,0,0,0,0,0,311337,0,0,0,0,47,0,0,0,0,0,0,0,0,0,0,0,0,0,0,0,0,0,0,0,0,0,365,42,0,0,53,0,0,0,0,0
152,0,10,0,0,0,0,0,311337,0,0,0,0,53,0,0,0,0,0,0,0,0,0,0,0,0,0,0,0,0,0,0,0,0,0,0,91,92,0,118,0,0,0,0,0
152,0,11,0,0,0,0,0,311337,0,0,0,0,53,0,0,0,0,0,0,0,0,0,0,0,0,0,0,0,0,0,0,0,0,0,0,40,39,0,94,0,0,0,0,0
152,0,12,0,0,0,0,0,311337,0,0,0,0,47,0,0,0,0,0,0,0,0,0,0,0,0,0,0,0,0,0,0,0,0,0,0,0,0,45,93,0,0,0,0,0
152,0,13,0,0,0,0,0,311337,0,0,0,0,53,0,0,0,0,0,0,0,0,0,0,0,0,0,0,0,0,0,0,0,0,0,178,0,0,0,109,0,0,0,0,0
152,0,14,0,0,0,0,0,311337,0,0,0,0,53,0,0,0,0,0,0,0,0,0,0,0,0,0,0,0,0,0,0,0,0,0,0,0,80,0,60,0,0,0,0,0
152,0,15,0,0,0,0,0,311337,0,0,0,0,41,0,0,0,0,0,0,0,0,0,0,0,0,0,0,0,0,0,0,0,0,0,0,0,39,0,89,0,0,0,0,0
153,0,0,0,0,0,0,0,622696,0,0,388,131200,136,0,0,0,0,0,4263,0,0,0,0,0,0,0,0,388,388,0,0,0,259891,131200,0,294,0,136,284,0,0,0,0,252077
153,0,1,0,0,0,0,0,311348,4263,0,0,0,1327,0,0,0,0,0,4263,0,0,0,0,0,0,0,0,0,143,0,0,0,130235,0,0,84,170,317,2225,0,0,66429,0,0
153,0,2,0,0,0,0,0,311348,0,0,0,0,168,65920,0,0,0,0,0,0,0,0,0,0,0,0,0,0,0,0,0,0,65029,65407,0,249,293,402,362,0,0,65676,0,65658
153,0,3,0,0,0,0,0,311348,0,0,0,0,177,65920,0,0,0,0,0,0,0,0,0,0,0,0,0,0,0,0,0,0,0,65406,0,92,108,0,259,0,0,442,0,65660
153,0,4,0,0,0,0,0,311348,0,0,0,0,47,0,0,0,0,0,0,0,0,0,0,0,0,0,0,0,0,0,0,0,0,0,0,87,0,45,61,0,0,0,0,0
153,0,5,0,0,0,0,0,311348,0,0,0,0,47,0,0,0,0,0,0,0,0,0,0,0,0,0,0,0,0,0,0,0,0,0,537,148,0,0,109,0,0,0,0,0
153,0,6,0,0,0,0,0,311348,0,0,0,0,47,0,0,0,0,0,0,0,0,0,0,0,0,0,0,0,0,0,0,0,0,0,0,40,98,0,52,0,0,0,0,0
153,0,7,0,0,0,0,0,311348,0,0,0,0,53,0,0,0,0,0,0,0,0,0,0,0,0,0,0,0,0,0,0,0,0,0,0,105,39,0,140,0,0,0,0,0
153,0,8,0,0,0,0,0,311348,0,0,0,0,50,0,0,0,0,0,0,0,0,0,0,0,0,0,0,0,0,0,0,0,0,0,0,52,0,42,107,0,0,0,0,0
153,0,9,0,0,0,0,0,311348,0,0,0,0,47,0,0,0,0,0,0,0,0,0,0,0,0,0,0,0,0,0,0,0,0,0,365,42,0,0,53,0,0,0,0,0
153,0,10,0,0,0,0,0,311348,0,0,0,0,53,0,0,0,0,0,0,0,0,0,0,0,0,0,0,0,0,0,0,0,0,0,0,91,92,0,118,0,0,0,0,0
153,0,11,0,0,0,0,0,311348,0,0,0,0,53,0,0,0,0,0,0,0,0,0,0,0,0,0,0,0,0,0,0,0,0,0,0,40,39,0,94,0,0,0,0,0
153,0,12,0,0,0,0,0,311348,0,0,0,0,47,0,0,0,0,0,0,0,0,0,0,0,0,0,0,0,0,0,0,0,0,0,0,0,0,45,93,0,0,0,0,0
153,0,13,0,0,0,0,0,311348,0,0,0,0,53,0,0,0,0,0,0,0,0,0,0,0,0,0,0,0,0,0,0,0,0,0,178,0,0,0,109,0,0,0,0,0
153,0,14,0,0,0,0,0,311348,0,0,0,0,53,0,0,0,0,0,0,0,0,0,0,0,0,0,0,0,0,0,0,0,0,0,0,0,80,0,60,0,0,0,0,0
153,0,15,0,0,0,0,0,311348,0,0,0,0,41,0,0,0,0,0,0,0,0,0,0,0,0,0,0,0,0,0,0,0,0,0,0,0,39,0,89,0,0,0,0,0
154,0,0,0,0,0,0,0,1131998,0,0,768,262400,136,0,0,0,0,0,4845,0,0,0,0,0,0,0,0,768,768,0,130241,0,389053,262400,0,487,0,136,284,0,0,0,0,641948
154,0,1,0,0,0,0,0,565999,4845,0,0,0,1607,0,0,0,0,0,4845,0,0,0,0,0,0,0,0,0,372,0,65091,0,130049,0,0,148,202,323,2704,0,0,316265,0,0
154,0,2,0,0,0,0,0,565999,0,0,0,0,206,65920,0,0,0,0,0,0,0,0,0,0,0,0,0,0,0,0,0,0,65028,65345,0,249,249,401,391,0,0,252698,0,65353
154,0,3,0,0,0,0,0,565999,0,0,0,0,173,65920,0,0,0,0,0,0,0,0,0,0,0,0,0,0,0,0,0,0,0,65406,0,92,110,0,254,0,0,125066,0,65323
154,0,4,0,0,0,0,0,565999,0,0,0,0,204,65920,0,0,0,0,0,0,0,0,0,0,0,0,0,0,0,0,0,0,0,65407,0,87,0,79,252,127729,0,0,0,65656
154,0,5,0,0,0,0,0,565999,0,0,0,0,174,65920,0,0,0,0,0,0,0,0,0,0,0,0,0,0,0,0,0,0,0,65405,758,148,0,0,365,0,0,63698,0,65293
154,0,6,0,0,0,0,0,565999,0,0,0,0,47,0,0,0,0,0,0,0,0,0,0,0,0,0,0,0,0,0,0,0,0,0,0,40,98,2,52,0,0,0,0,0
154,0,7,0,0,0,0,0,565999,0,0,0,0,53,0,0,0,0,0,0,0,0,0,0,0,0,0,0,0,0,0,0,0,0,0,0,105,39,0,140,0,0,0,0,0
154,0,8,0,0,0,0,0,565999,0,0,0,0,50,0,0,0,0,0,0,0,0,0,0,0,0,0,0,0,0,0,0,0,0,0,0,52,0,42,107,0,0,0,0,0
154,0,9,0,0,0,0,0,565999,0,0,0,0,47,0,0,0,0,0,0,0,0,0,0,0,0,0,0,0,0,0,0,0,0,0,365,42,0,0,53,0,0,0,0,0
154,0,10,0,0,0,0,0,565999,0,0,0,0,53,0,0,0,0,0,0,0,0,0,0,0,0,0,0,0,0,0,0,0,0,0,0,91,92,0,118,0,0,0,0,0
154,0,11,0,0,0,0,0,565999,0,0,0,0,53,0,0,0,0,0,0,0,0,0,0,0,0,0,0,0,0,0,0,0,0,0,0,42,39,0,94,0,0,0,0,0
154,0,12,0,0,0,0,0,565999,0,0,0,0,47,0,0,0,0,0,0,0,0,0,0,0,0,0,0,0,0,0,0,0,0,0,0,0,0,45,93,0,0,0,0,0
154,0,13,0,0,0,0,0,565999,0,0,0,0,53,0,0,0,0,0,0,0,0,0,0,0,0,0,0,0,0,0,0,0,0,0,178,0,0,0,109,0,0,0,0,0
154,0,14,0,0,0,0,0,565999,0,0,0,0,53,0,0,0,0,0,0,0,0,0,0,0,0,0,0,0,0,0,0,0,0,0,0,0,80,0,60,0,0,0,0,0
154,0,15,0,0,0,0,0,565999,0,0,0,0,41,0,0,0,0,0,0,0,0,0,0,0,0,0,0,0,0,0,0,0,0,0,0,0,39,0,89,0,0,0,0,0
155,0,0,0,0,0,0,0,1132183,0,0,768,262400,136,0,0,0,0,0,4848,0,0,0,0,0,0,0,0,768,768,0,130241,0,389068,262400,0,487,0,136,284,0,0,0,0,641010
155,0,1,0,0,0,0,0,566092,4848,0,0,0,1629,0,0,0,0,0,4848,0,0,0,0,0,0,0,0,0,382,0,65091,0,130019,0,0,140,209,302,2731,0,0,316105,0,0
155,0,2,0,0,0,0,0,566092,0,0,0,0,176,65920,0,0,0,0,0,0,0,0,0,0,0,0,0,0,0,0,0,0,65082,65345,0,249,280,410,373,0,0,253000,0,65353
155,0,3,0,0,0,0,0,566092,0,0,0,0,174,65920,0,0,0,0,0,0,0,0,0,0,0,0,0,0,0,0,0,0,0,65379,0,92,109,0,246,0,0,125001,0,65396
155,0,4,0,0,0,0,0,566092,0,0,0,0,176,65920,0,0,0,0,0,0,0,0,0,0,0,0,0,0,0,0,0,0,0,65407,0,87,0,107,230,127959,0,0,0,65632
155,0,5,0,0,0,0,0,566092,0,0,0,0,181,65920,0,0,0,0,0,0,0,0,0,0,0,0,0,0,0,0,0,0,0,65405,722,148,0,1,380,0,0,63593,0,65399
155,0,6,0,0,0,0,0,566092,0,0,0,0,47,0,0,0,0,0,0,0,0,0,0,0,0,0,0,0,0,0,0,0,0,0,0,40,98,1,52,0,0,0,0,0
155,0,7,0,0,0,0,0,566092,0,0,0,0,53,0,0,0,0,0,0,0,0,0,0,0,0,0,0,0,0,0,0,0,0,0,0,106,39,0,140,0,0,0,0,0
155,0,8,0,0,0,0,0,566092,0,0,0,0,50,0,0,0,0,0,0,0,0,0,0,0,0,0,0,0,0,0,0,0,0,0,0,52,0,42,107,0,0,0,0,0
155,0,9,0,0,0,0,0,566092,0,0,0,0,47,0,0,0,0,0,0,0,0,0,0,0,0,0,0,0,0,0,0,0,0,0,365,42,0,0,53,0,0,0,0,0
155,0,10,0,0,0,0,0,566092,0,0,0,0,53,0,0,0,0,0,0,0,0,0,0,0,0,0,0,0,0,0,0,0,0,0,0,91,92,0,118,0,0,0,0,0
155,0,11,0,0,0,0,0,566092,0,0,0,0,53,0,0,0,0,0,0,0,0,0,0,0,0,0,0,0,0,0,0,0,0,0,0,41,39,0,94,0,0,0,0,0
155,0,12,0,0,0,0,0,566092,0,0,0,0,47,0,0,0,0,0,0,0,0,0,0,0,0,0,0,0,0,0,0,0,0,0,0,0,0,45,93,0,0,0,0,0
155,0,13,0,0,0,0,0,566092,0,0,0,0,53,0,0,0,0,0,0,0,0,0,0,0,0,0,0,0,0,0,0,0,0,0,178,0,0,0,109,0,0,0,0,0
155,0,14,0,0,0,0,0,566092,0,0,0,0,53,0,0,0,0,0,0,0,0,0,0,0,0,0,0,0,0,0,0,0,0,0,0,0,80,0,60,0,0,0,0,0
155,0,15,0,0,0,0,0,566092,0,0,0,0,41,0,0,0,0,0,0,0,0,0,0,0,0,0,0,0,0,0,0,0,0,0,0,0,39,0,90,0,0,0,0,0
156,0,0,0,0,0,0,0,1132054,0,0,768,262400,136,0,0,0,0,0,4848,0,0,0,0,0,0,0,0,768,768,0,130241,0,389073,262400,0,487,0,136,284,0,0,0,0,641319
156,0,1,0,0,0,0,0,566027,4848,0,0,0,1606,0,0,0,0,0,4848,0,0,0,0,0,0,0,0,0,381,0,65091,0,130027,0,0,157,215,302,2669,0,0,316247,0,0
156,0,2,0,0,0,0,0,566027,0,0,0,0,206,65920,0,0,0,0,0,0,0,0,0,0,0,0,0,0,0,0,0,0,65070,65345,0,249,283,412,401,0,0,252688,0,65354
156,0,3,0,0,0,0,0,566027,0,0,0,0,207,65920,0,0,0,0,0,0,0,0,0,0,0,0,0,0,0,0,0,0,0,65385,0,92,76,0,277,0,0,125068,0,65330
156,0,4,0,0,0,0,0,566027,0,0,0,0,205,65920,0,0,0,0,0,0,0,0,0,0,0,0,0,0,0,0,0,0,0,65407,0,87,0,78,265,128056,0,0,0,65602
156,0,5,0,0,0,0,0,566027,0,0,0,0,174,65920,0,0,0,0,0,0,0,0,0,0,0,0,0,0,0,0,0,0,0,65405,758,148,0,1,356,0,0,63588,0,65404
156,0,6,0,0,0,0,0,566027,0,0,0,0,47,0,0,0,0,0,0,0,0,0,0,0,0,0,0,0,0,0,0,0,0,0,0,40,98,1,52,0,0,0,0,0
156,0,7,0,0,0,0,0,566027,0,0,0,0,53,0,0,0,0,0,0,0,0,0,0,0,0,0,0,0,0,0,0,0,0,0,0,106,39,0,140,0,0,0,0,0
156,0,8,0,0,0,0,0,566027,0,0,0,0,50,0,0,0,0,0,0,0,0,0,0,0,0,0,0,0,0,0,0,0,0,0,0,52,0,42,107,0,0,0,0,0
156,0,9,0,0,0,0,0,566027,0,0,0,0,47,0,0,0,0,0,0,0,0,0,0,0,0,0,0,0,0,0,0,0,0,0,365,42,0,0,53,0,0,0,0,0
156,0,10,0,0,0,0,0,566027,0,0,0,0,53,0,0,0,0,0,0,0,0,0,0,0,0,0,0,0,0,0,0,0,0,0,0,91,92,0,118,0,0,0,0,0
156,0,11,0,0,0,0,0,566027,0,0,0,0,53,0,0,0,0,0,0,0,0,0,0,0,0,0,0,0,0,0,0,0,0,0,0,41,39,0,94,0,0,0,0,0
156,0,12,0,0,0,0,0,566027,0,0,0,0,47,0,0,0,0,0,0,0,0,0,0,0,0,0,0,0,0,0,0,0,0,0,0,0,0,45,93,0,0,0,0,0
156,0,13,0,0,0,0,0,566027,0,0,0,0,53,0,0,0,0,0,0,0,0,0,0,0,0,0,0,0,0,0,0,0,0,0,178,0,0,0,109,0,0,0,0,0
156,0,14,0,0,0,0,0,566027,0,0,0,0,53,0,0,0,0,0,0,0,0,0,0,0,0,0,0,0,0,0,0,0,0,0,0,0,80,0,60,0,0,0,0,0
156,0,15,0,0,0,0,0,566027,0,0,0,0,41,0,0,0,0,0,0,0,0,0,0,0,0,0,0,0,0,0,0,0,0,0,0,0,39,0,90,0,0,0,0,0
157,0,0,0,0,0,0,0,1564111,0,0,1104,393600,136,0,0,0,0,0,5364,0,0,0,0,0,0,0,0,1104,1104,0,130231,0,647811,393600,0,433,0,136,284,0,0,0,0,982963
157,0,1,0,0,0,0,0,782056,5364,0,0,0,1818,0,0,0,0,0,5364,0,0,0,0,0,0,0,0,0,542,0,65107,0,259714,0,0,159,205,436,3101,0,0,269136,0,0
157,0,2,0,0,0,0,0,782056,0,0,0,0,140,65920,0,0,0,0,0,0,0,0,0,0,0,0,0,0,0,0,65102,0,129964,65359,0,403,218,533,312,0,0,220229,0,65312
157,0,3,0,0,0,0,0,782056,0,0,0,0,130,65920,0,0,0,0,0,0,0,0,0,0,0,0,0,0,0,0,65117,0,0,65395,0,176,99,0,188,0,0,92206,0,65479
157,0,4,0,0,0,0,0,782056,0,0,0,0,132,65920,0,0,0,0,0,0,0,0,0,0,0,0,0,0,0,0,0,0,0,65405,0,87,0,97,182,356590,0,0,0,65535
157,0,5,0,0,0,0,0,782056,0,0,0,0,177,65920,0,0,0,0,0,0,0,0,0,0,0,0,0,0,0,0,0,0,0,65376,935,148,0,1,363,0,0,328774,0,65352
157,0,6,0,0,0,0,0,782056,0,0,0,0,210,65920,0,0,0,0,0,0,0,0,0,0,0,0,0,0,0,0,0,0,0,65389,0,40,339,1,308,0,0,330400,0,65419
157,0,7,0,0,0,0,0,782056,0,0,0,0,213,65920,0,0,0,0,0,0,0,0,0,0,0,0,0,0,0,0,0,0,0,65395,0,107,124,0,463,0,0,162135,0,65260
157,0,8,0,0,0,0,0,782056,0,0,0,0,50,0,0,0,0,0,0,0,0,0,0,0,0,0,0,0,0,0,0,0,0,0,0,52,0,42,107,0,0,0,0,0
157,0,9,0,0,0,0,0,782056,0,0,0,0,47,0,0,0,0,0,0,0,0,0,0,0,0,0,0,0,0,0,0,0,0,0,365,42,0,0,53,0,0,0,0,0
157,0,10,0,0,0,0,0,782056,0,0,0,0,53,0,0,0,0,0,0,0,0,0,0,0,0,0,0,0,0,0,0,0,0,0,0,91,92,0,118,0,0,0,0,0
157,0,11,0,0,0,0,0,782056,0,0,0,0,53,0,0,0,0,0,0,0,0,0,0,0,0,0,0,0,0,0,0,0,0,0,0,42,39,0,94,0,0,0,0,0
157,0,12,0,0,0,0,0,782056,0,0,0,0,47,0,0,0,0,0,0,0,0,0,0,0,0,0,0,0,0,0,0,0,0,0,0,0,0,45,93,0,0,0,0,0
157,0,13,0,0,0,0,0,782056,0,0,0,0,53,0,0,0,0,0,0,0,0,0,0,0,0,0,0,0,0,0,0,0,0,0,178,0,0,0,109,0,0,0,0,0
157,0,14,0,0,0,0,0,782056,0,0,0,0,53,0,0,0,0,0,0,0,0,0,0,0,0,0,0,0,0,0,0,0,0,0,0,0,80,0,60,0,0,0,0,0
157,0,15,0,0,0,0,0,782056,0,0,0,0,41,0,0,0,0,0,0,0,0,0,0,0,0,0,0,0,0,0,0,0,0,0,0,0,39,0,91,0,0,0,0,0
158,0,0,0,0,0,0,0,1565905,0,0,1106,393600,136,0,0,0,0,0,5367,0,0,0,0,0,0,0,0,1106,1106,0,130230,0,647777,393600,0,433,0,136,284,0,0,0,0,978066
158,0,1,0,0,0,0,0,782952,5367,0,0,0,1821,0,0,0,0,0,5367,0,0,0,0,0,0,0,0,0,586,0,65116,0,259693,0,0,153,212,434,3094,0,0,269069,0,0
158,0,2,0,0,0,0,0,782952,0,0,0,0,139,65920,0,0,0,0,0,0,0,0,0,0,0,0,0,0,0,0,65125,0,129949,65359,0,412,222,535,306,0,0,220272,0,65302
158,0,3,0,0,0,0,0,782952,0,0,0,0,133,65920,0,0,0,0,0,0,0,0,0,0,0,0,0,0,0,0,65082,0,0,65392,0,177,96,0,190,0,0,92197,0,65482
158,0,4,0,0,0,0,0,782952,0,0,0,0,139,65920,0,0,0,0,0,0,0,0,0,0,0,0,0,0,0,0,0,0,0,65407,0,87,0,90,195,358750,0,0,0,65513
158,0,5,0,0,0,0,0,782952,0,0,0,0,177,65920,0,0,0,0,0,0,0,0,0,0,0,0,0,0,0,0,0,0,0,65373,943,148,0,0,367,0,0,330814,0,65363
158,0,6,0,0,0,0,0,782952,0,0,0,0,209,65920,0,0,0,0,0,0,0,0,0,0,0,0,0,0,0,0,0,0,0,65394,0,40,341,2,300,0,0,332494,0,65401
158,0,7,0,0,0,0,0,782952,0,0,0,0,212,65920,0,0,0,0,0,0,0,0,0,0,0,0,0,0,0,0,0,0,0,65375,0,106,127,0,463,0,0,162106,0,65276
158,0,8,0,0,0,0,0,782952,0,0,0,0,50,0,0,0,0,0,0,0,0,0,0,0,0,0,0,0,0,0,0,0,0,0,0,52,0,42,107,0,0,0,0,0
158,0,9,0,0,0,0,0,782952,0,0,0,0,47,0,0,0,0,0,0,0,0,0,0,0,0,0,0,0,0,0,0,0,0,0,365,42,0,0,53,0,0,0,0,0
158,0,10,0,0,0,0,0,782952,0,0,0,0,53,0,0,0,0,0,0,0,0,0,0,0,0,0,0,0,0,0,0,0,0,0,0,91,92,0,118,0,0,0,0,0
158,0,11,0,0,0,0,0,782952,0,0,0,0,53,0,0,0,0,0,0,0,0,0,0,0,0,0,0,0,0,0,0,0,0,0,0,43,39,0,94,0,0,0,0,0
158,0,12,0,0,0,0,0,782952,0,0,0,0,47,0,0,0,0,0,0,0,0,0,0,0,0,0,0,0,0,0,0,0,0,0,0,0,0,45,93,0,0,0,0,0
158,0,13,0,0,0,0,0,782952,0,0,0,0,53,0,0,0,0,0,0,0,0,0,0,0,0,0,0,0,0,0,0,0,0,0,178,0,0,0,109,0,0,0,0,0
158,0,14,0,0,0,0,0,782952,0,0,0,0,53,0,0,0,0,0,0,0,0,0,0,0,0,0,0,0,0,0,0,0,0,0,0,0,80,0,60,0,0,0,0,0
158,0,15,0,0,0,0,0,782952,0,0,0,0,41,0,0,0,0,0,0,0,0,0,0,0,0,0,0,0,0,0,0,0,0,0,0,0,39,0,90,0,0,0,0,0
159,0,0,0,0,0,0,0,1560394,0,0,1104,393600,136,0,0,0,0,0,5364,0,0,0,0,0,0,0,0,1104,1104,0,130227,0,647786,393600,0,433,0,136,284,0,0,0,0,979055
159,0,1,0,0,0,0,0,780197,5364,0,0,0,1833,0,0,0,0,0,5364,0,0,0,0,0,0,0,0,0,546,0,65113,0,259706,0,0,158,209,418,3114,0,0,269084,0,0
159,0,2,0,0,0,0,0,780197,0,0,0,0,140,65920,0,0,0,0,0,0,0,0,0,0,0,0,0,0,0,0,65100,0,129962,65360,0,415,224,536,315,0,0,220207,0,65325
159,0,3,0,0,0,0,0,780197,0,0,0,0,135,65920,0,0,0,0,0,0,0,0,0,0,0,0,0,0,0,0,65115,0,0,65395,0,169,93,0,198,0,0,92183,0,65474
159,0,4,0,0,0,0,0,780197,0,0,0,0,134,65920,0,0,0,0,0,0,0,0,0,0,0,0,0,0,0,0,0,0,0,65407,0,87,0,95,188,357545,0,0,0,65515
159,0,5,0,0,0,0,0,780197,0,0,0,0,184,65920,0,0,0,0,0,0,0,0,0,0,0,0,0,0,0,0,0,0,0,65373,931,148,0,0,371,0,0,328641,0,65348
159,0,6,0,0,0,0,0,780197,0,0,0,0,210,65920,0,0,0,0,0,0,0,0,0,0,0,0,0,0,0,0,0,0,0,65389,0,40,339,2,296,0,0,330379,0,65406
159,0,7,0,0,0,0,0,780197,0,0,0,0,212,65920,0,0,0,0,0,0,0,0,0,0,0,0,0,0,0,0,0,0,0,65393,0,106,124,0,470,0,0,162115,0,65260
159,0,8,0,0,0,0,0,780197,0,0,0,0,50,0,0,0,0,0,0,0,0,0,0,0,0,0,0,0,0,0,0,0,0,0,0,52,0,42,107,0,0,0,0,0
159,0,9,0,0,0,0,0,780197,0,0,0,0,47,0,0,0,0,0,0,0,0,0,0,0,0,0,0,0,0,0,0,0,0,0,365,42,0,0,53,0,0,0,0,0
159,0,10,0,0,0,0,0,780197,0,0,0,0,53,0,0,0,0,0,0,0,0,0,0,0,0,0,0,0,0,0,0,0,0,0,0,91,92,0,118,0,0,0,0,0
159,0,11,0,0,0,0,0,780197,0,0,0,0,53,0,0,0,0,0,0,0,0,0,0,0,0,0,0,0,0,0,0,0,0,0,0,43,39,0,94,0,0,0,0,0
159,0,12,0,0,0,0,0,780197,0,0,0,0,47,0,0,0,0,0,0,0,0,0,0,0,0,0,0,0,0,0,0,0,0,0,0,0,0,45,93,0,0,0,0,0
159,0,13,0,0,0,0,0,780197,0,0,0,0,53,0,0,0,0,0,0,0,0,0,0,0,0,0,0,0,0,0,0,0,0,0,178,0,0,0,109,0,0,0,0,0
159,0,14,0,0,0,0,0,780197,0,0,0,0,53,0,0,0,0,0,0,0,0,0,0,0,0,0,0,0,0,0,0,0,0,0,0,0,80,0,60,0,0,0,0,0
159,0,15,0,0,0,0,0,780197,0,0,0,0,41,0,0,0,0,0,0,0,0,0,0,0,0,0,0,0,0,0,0,0,0,0,0,0,39,0,90,0,0,0,0,0
160,0,0,0,0,0,0,0,1950492,0,0,1418,524800,136,0,0,0,0,0,5847,0,0,0,0,0,0,0,0,1418,1418,0,259942,0,776882,524800,0,608,0,136,284,0,0,0,0,1273513
160,0,1,0,0,0,0,0,975246,5847,0,0,0,2052,0,0,0,0,0,5847,0,0,0,0,0,0,0,0,0,699,0,130060,0,259552,0,0,215,276,391,3466,0,0,188409,0,0
160,0,2,0,0,0,0,0,975246,0,0,0,0,120,65920,0,0,0,0,0,0,0,0,0,0,0,0,0,0,0,0,65070,0,129978,65389,0,433,185,532,260,0,0,157082,0,65344
160,0,3,0,0,0,0,0,975246,0,0,0,0,115,65920,0,0,0,0,0,0,0,0,0,0,0,0,0,0,0,0,65103,0,0,65387,0,173,76,0,153,0,0,55565,0,65482
160,0,4,0,0,0,0,0,975246,0,0,0,0,129,65920,0,0,0,0,0,0,0,0,0,0,0,0,0,0,0,0,65092,0,0,65386,0,151,0,86,186,605199,0,0,0,65387
160,0,5,0,0,0,0,0,975246,0,0,0,0,170,65920,0,0,0,0,0,0,0,0,0,0,0,0,0,0,0,0,65120,0,0,65390,1147,272,0,1,365,0,0,597812,0,65361
160,0,6,0,0,0,0,0,975246,0,0,0,0,227,65920,0,0,0,0,0,0,0,0,0,0,0,0,0,0,0,0,0,0,0,65391,0,40,344,1,309,0,0,474988,0,65317
160,0,7,0,0,0,0,0,975246,0,0,0,0,221,65920,0,0,0,0,0,0,0,0,0,0,0,0,0,0,0,0,0,0,0,65375,0,107,130,0,488,0,0,170694,0,65274
160,0,8,0,0,0,0,0,975246,0,0,0,0,177,65920,0,0,0,0,0,0,0,0,0,0,0,0,0,0,0,0,0,0,0,65376,0,52,0,102,359,419749,0,0,0,65354
160,0,9,0,0,0,0,0,975246,0,0,0,0,175,65920,0,0,0,0,0,0,0,0,0,0,0,0,0,0,0,0,0,0,0,65390,552,42,0,1,248,0,0,143925,0,65230
160,0,10,0,0,0,0,0,975246,0,0,0,0,53,0,0,0,0,0,0,0,0,0,0,0,0,0,0,0,0,0,0,0,0,0,0,91,92,1,118,0,0,0,0,0
160,0,11,0,0,0,0,0,975246,0,0,0,0,53,0,0,0,0,0,0,0,0,0,0,0,0,0,0,0,0,0,0,0,0,0,0,43,39,0,94,0,0,0,0,0
160,0,12,0,0,0,0,0,975246,0,0,0,0,47,0,0,0,0,0,0,0,0,0,0,0,0,0,0,0,0,0,0,0,0,0,0,0,0,45,93,0,0,0,0,0
160,0,13,0,0,0,0,0,975246,0,0,0,0,53,0,0,0,0,0,0,0,0,0,0,0,0,0,0,0,0,0,0,0,0,0,178,0,0,0,109,0,0,0,0,0
160,0,14,0,0,0,0,0,975246,0,0,0,0,53,0,0,0,0,0,0,0,0,0,0,0,0,0,0,0,0,0,0,0,0,0,0,0,80,0,60,0,0,0,0,0
160,0,15,0,0,0,0,0,975246,0,0,0,0,41,0,0,0,0,0,0,0,0,0,0,0,0,0,0,0,0,0,0,0,0,0,0,0,39,0,92,0,0,0,0,0
161,0,0,0,0,0,0,0,1950585,0,0,1418,524800,136,0,0,0,0,0,5847,0,0,0,0,0,0,0,0,1418,1418,0,259912,0,776848,524800,0,608,0,136,284,0,0,0,0,1273774
161,0,1,0,0,0,0,0,975293,5847,0,0,0,2040,0,0,0,0,0,5847,0,0,0,0,0,0,0,0,0,692,0,130041,0,259562,0,0,214,280,400,3477,0,0,188433,0,0
161,0,2,0,0,0,0,0,975293,0,0,0,0,111,65920,0,0,0,0,0,0,0,0,0,0,0,0,0,0,0,0,65071,0,129973,65385,0,425,187,527,256,0,0,157055,0,65337
161,0,3,0,0,0,0,0,975293,0,0,0,0,109,65920,0,0,0,0,0,0,0,0,0,0,0,0,0,0,0,0,65103,0,0,65390,0,178,82,0,147,0,0,55571,0,65470
161,0,4,0,0,0,0,0,975293,0,0,0,0,123,65920,0,0,0,0,0,0,0,0,0,0,0,0,0,0,0,0,65085,0,0,65387,0,152,0,92,183,605067,0,0,0,65392
161,0,5,0,0,0,0,0,975293,0,0,0,0,187,65920,0,0,0,0,0,0,0,0,0,0,0,0,0,0,0,0,65123,0,0,65391,1122,275,0,1,380,0,0,597836,0,65366
161,0,6,0,0,0,0,0,975293,0,0,0,0,225,65920,0,0,0,0,0,0,0,0,0,0,0,0,0,0,0,0,0,0,0,65390,0,40,344,1,315,0,0,475009,0,65314
161,0,7,0,0,0,0,0,975293,0,0,0,0,219,65920,0,0,0,0,0,0,0,0,0,0,0,0,0,0,0,0,0,0,0,65376,0,108,132,0,480,0,0,170684,0,65270
161,0,8,0,0,0,0,0,975293,0,0,0,0,181,65920,0,0,0,0,0,0,0,0,0,0,0,0,0,0,0,0,0,0,0,65373,0,52,0,98,362,419770,0,0,0,65364
161,0,9,0,0,0,0,0,975293,0,0,0,0,178,65920,0,0,0,0,0,0,0,0,0,0,0,0,0,0,0,0,0,0,0,65386,554,42,0,0,248,0,0,143924,0,65223
161,0,10,0,0,0,0,0,975293,0,0,0,0,53,0,0,0,0,0,0,0,0,0,0,0,0,0,0,0,0,0,0,0,0,0,0,91,92,2,118,0,0,0,0,0
161,0,11,0,0,0,0,0,975293,0,0,0,0,53,0,0,0,0,0,0,0,0,0,0,0,0,0,0,0,0,0,0,0,0,0,0,41,39,0,94,0,0,0,0,0
161,0,12,0,0,0,0,0,975293,0,0,0,0,47,0,0,0,0,0,0,0,0,0,0,0,0,0,0,0,0,0,0,0,0,0,0,0,0,45,93,0,0,0,0,0
161,0,13,0,0,0,0,0,975293,0,0,0,0,53,0,0,0,0,0,0,0,0,0,0,0,0,0,0,0,0,0,0,0,0,0,178,0,0,0,109,0,0,0,0,0
161,0,14,0,0,0,0,0,975293,0,0,0,0,53,0,0,0,0,0,0,0,0,0,0,0,0,0,0,0,0,0,0,0,0,0,0,0,80,0,60,0,0,0,0,0
161,0,15,0,0,0,0,0,975293,0,0,0,0,41,0,0,0,0,0,0,0,0,0,0,0,0,0,0,0,0,0,0,0,0,0,0,0,39,0,94,0,0,0,0,0
162,0,0,0,0,0,0,0,1954800,0,0,1422,524800,136,0,0,0,0,0,5850,0,0,0,0,0,0,0,0,1422,1422,0,259934,0,776882,524800,0,610,0,136,284,0,0,0,0,1268739
162,0,1,0,0,0,0,0,977400,5850,0,0,0,2077,0,0,0,0,0,5850,0,0,0,0,0,0,0,0,0,693,0,130044,0,259556,0,0,219,257,385,3502,0,0,188452,0,0
162,0,2,0,0,0,0,0,977400,0,0,0,0,112,65920,0,0,0,0,0,0,0,0,0,0,0,0,0,0,0,0,65089,0,129973,65390,0,435,196,539,253,0,0,157037,0,65341
162,0,3,0,0,0,0,0,977400,0,0,0,0,117,65920,0,0,0,0,0,0,0,0,0,0,0,0,0,0,0,0,65106,0,0,65390,0,173,73,0,151,0,0,55569,0,65476
162,0,4,0,0,0,0,0,977400,0,0,0,0,130,65920,0,0,0,0,0,0,0,0,0,0,0,0,0,0,0,0,65092,0,0,65387,0,142,0,85,177,606986,0,0,0,65390
162,0,5,0,0,0,0,0,977400,0,0,0,0,176,65920,0,0,0,0,0,0,0,0,0,0,0,0,0,0,0,0,65126,0,0,65393,1129,269,0,1,368,0,0,597920,0,65360
162,0,6,0,0,0,0,0,977400,0,0,0,0,227,65920,0,0,0,0,0,0,0,0,0,0,0,0,0,0,0,0,0,0,0,65383,0,40,353,1,309,0,0,484140,0,65308
162,0,7,0,0,0,0,0,977400,0,0,0,0,228,65920,0,0,0,0,0,0,0,0,0,0,0,0,0,0,0,0,0,0,0,65377,0,106,125,0,498,0,0,169659,0,65277
162,0,8,0,0,0,0,0,977400,0,0,0,0,191,65920,0,0,0,0,0,0,0,0,0,0,0,0,0,0,0,0,0,0,0,65376,0,52,0,90,384,418697,0,0,0,65370
162,0,9,0,0,0,0,0,977400,0,0,0,0,182,65920,0,0,0,0,0,0,0,0,0,0,0,0,0,0,0,0,0,0,0,65383,560,42,0,0,258,0,0,146029,0,65208
162,0,10,0,0,0,0,0,977400,0,0,0,0,53,0,0,0,0,0,0,0,0,0,0,0,0,0,0,0,0,0,0,0,0,0,0,91,92,2,118,0,0,0,0,0
162,0,11,0,0,0,0,0,977400,0,0,0,0,53,0,0,0,0,0,0,0,0,0,0,0,0,0,0,0,0,0,0,0,0,0,0,43,39,0,94,0,0,0,0,0
162,0,12,0,0,0,0,0,977400,0,0,0,0,47,0,0,0,0,0,0,0,0,0,0,0,0,0,0,0,0,0,0,0,0,0,0,0,0,45,93,0,0,0,0,0
162,0,13,0,0,0,0,0,977400,0,0,0,0,53,0,0,0,0,0,0,0,0,0,0,0,0,0,0,0,0,0,0,0,0,0,178,0,0,0,109,0,0,0,0,0
162,0,14,0,0,0,0,0,977400,0,0,0,0,53,0,0,0,0,0,0,0,0,0,0,0,0,0,0,0,0,0,0,0,0,0,0,0,80,0,60,0,0,0,0,0
162,0,15,0,0,0,0,0,977400,0,0,0,0,41,0,0,0,0,0,0,0,0,0,0,0,0,0,0,0,0,0,0,0,0,0,0,0,39,0,92,0,0,0,0,0
163,0,0,0,0,0,0,0,2355305,0,0,1744,656000,136,0,0,0,0,0,6348,0,0,0,0,0,0,0,0,1744,1744,0,259940,0,1034504,656000,0,544,0,136,284,0,0,0,0,1551780
163,0,1,0,0,0,0,0,1177652,6348,0,0,0,2265,0,0,0,0,0,6348,0,0,0,0,0,0,0,0,0,870,0,129988,0,388798,0,0,212,250,535,3849,0,0,176485,0,0
163,0,2,0,0,0,0,0,1177652,0,0,0,0,101,65920,0,0,0,0,0,0,0,0,0,0,0,0,0,0,0,0,129984,0,194629,65372,0,577,168,663,230,0,0,138347,0,65331
163,0,3,0,0,0,0,0,1177652,0,0,0,0,101,65920,0,0,0,0,0,0,0,0,0,0,0,0,0,0,0,0,130014,0,0,65389,0,254,68,0,132,0,0,42988,0,65514
163,0,4,0,0,0,0,0,1177652,0,0,0,0,108,65920,0,0,0,0,0,0,0,0,0,0,0,0,0,0,0,0,65081,0,0,65387,0,136,0,79,153,765795,0,0,0,65428
163,0,5,0,0,0,0,0,1177652,0,0,0,0,157,65920,0,0,0,0,0,0,0,0,0,0,0,0,0,0,0,0,65081,0,0,65380,1316,292,0,0,319,0,0,717565,0,65260
163,0,6,0,0,0,0,0,1177652,0,0,0,0,182,65920,0,0,0,0,0,0,0,0,0,0,0,0,0,0,0,0,65106,0,0,65387,0,136,309,2,249,0,0,489137,0,65302
163,0,7,0,0,0,0,0,1177652,0,0,0,0,194,65920,0,0,0,0,0,0,0,0,0,0,0,0,0,0,0,0,65081,0,0,65373,0,290,102,0,424,0,0,217387,0,65174
163,0,8,0,0,0,0,0,1177652,0,0,0,0,150,65920,0,0,0,0,0,0,0,0,0,0,0,0,0,0,0,0,0,0,0,65371,0,52,0,93,311,836300,0,0,0,65222
163,0,9,0,0,0,0,0,1177652,0,0,0,0,187,65920,0,0,0,0,0,0,0,0,0,0,0,0,0,0,0,0,0,0,0,65392,805,42,0,0,264,0,0,650080,0,65282
163,0,10,0,0,0,0,0,1177652,0,0,0,0,222,65920,0,0,0,0,0,0,0,0,0,0,0,0,0,0,0,0,0,0,0,65391,0,91,379,3,470,0,0,549006,0,65321
163,0,11,0,0,0,0,0,1177652,0,0,0,0,234,65920,0,0,0,0,0,0,0,0,0,0,0,0,0,0,0,0,0,0,0,65395,0,42,137,0,373,0,0,255415,0,65230
163,0,12,0,0,0,0,0,1177652,0,0,0,0,47,0,0,0,0,0,0,0,0,0,0,0,0,0,0,0,0,0,0,0,0,0,0,0,0,45,93,0,0,0,0,0
163,0,13,0,0,0,0,0,1177652,0,0,0,0,53,0,0,0,0,0,0,0,0,0,0,0,0,0,0,0,0,0,0,0,0,0,178,0,0,0,109,0,0,0,0,0
163,0,14,0,0,0,0,0,1177652,0,0,0,0,53,0,0,0,0,0,0,0,0,0,0,0,0,0,0,0,0,0,0,0,0,0,0,0,80,0,60,0,0,0,0,0
163,0,15,0,0,0,0,0,1177652,0,0,0,0,41,0,0,0,0,0,0,0,0,0,0,0,0,0,0,0,0,0,0,0,0,0,0,0,39,0,95,0,0,0,0,0
164,0,0,0,0,0,0,0,2347637,0,0,1740,656000,136,0,0,0,0,0,6342,0,0,0,0,0,0,0,0,1740,1740,0,259954,0,1034404,656000,0,544,0,136,284,0,0,0,0,1544139
164,0,1,0,0,0,0,0,1173818,6342,0,0,0,2263,0,0,0,0,0,6342,0,0,0,0,0,0,0,0,0,846,0,129991,0,388746,0,0,203,262,530,3848,0,0,165106,0,0
164,0,2,0,0,0,0,0,1173818,0,0,0,0,93,65920,0,0,0,0,0,0,0,0,0,0,0,0,0,0,0,0,129983,0,194627,65374,0,571,175,665,229,0,0,128053,0,65342
164,0,3,0,0,0,0,0,1173818,0,0,0,0,100,65920,0,0,0,0,0,0,0,0,0,0,0,0,0,0,0,0,130011,0,0,65386,0,252,69,0,129,0,0,36739,0,65553
164,0,4,0,0,0,0,0,1173818,0,0,0,0,107,65920,0,0,0,0,0,0,0,0,0,0,0,0,0,0,0,0,65085,0,0,65383,0,139,0,80,161,761874,0,0,0,65444
164,0,5,0,0,0,0,0,1173818,0,0,0,0,154,65920,0,0,0,0,0,0,0,0,0,0,0,0,0,0,0,0,65083,0,0,65384,1304,286,0,1,329,0,0,714857,0,65252
164,0,6,0,0,0,0,0,1173818,0,0,0,0,178,65920,0,0,0,0,0,0,0,0,0,0,0,0,0,0,0,0,65099,0,0,65390,0,132,309,2,255,0,0,491261,0,65287
164,0,7,0,0,0,0,0,1173818,0,0,0,0,192,65920,0,0,0,0,0,0,0,0,0,0,0,0,0,0,0,0,65085,0,0,65374,0,294,105,0,417,0,0,216508,0,65168
164,0,8,0,0,0,0,0,1173818,0,0,0,0,147,65920,0,0,0,0,0,0,0,0,0,0,0,0,0,0,0,0,0,0,0,65374,0,52,0,96,305,832662,0,0,0,65229
164,0,9,0,0,0,0,0,1173818,0,0,0,0,190,65920,0,0,0,0,0,0,0,0,0,0,0,0,0,0,0,0,0,0,0,65395,814,42,0,0,273,0,0,646352,0,65282
164,0,10,0,0,0,0,0,1173818,0,0,0,0,237,65920,0,0,0,0,0,0,0,0,0,0,0,0,0,0,0,0,0,0,0,65392,0,91,362,3,489,0,0,544144,0,65314
164,0,11,0,0,0,0,0,1173818,0,0,0,0,232,65920,0,0,0,0,0,0,0,0,0,0,0,0,0,0,0,0,0,0,0,65394,0,43,137,0,364,0,0,245564,0,65240
164,0,12,0,0,0,0,0,1173818,0,0,0,0,47,0,0,0,0,0,0,0,0,0,0,0,0,0,0,0,0,0,0,0,0,0,0,0,0,45,93,0,0,0,0,0
164,0,13,0,0,0,0,0,1173818,0,0,0,0,53,0,0,0,0,0,0,0,0,0,0,0,0,0,0,0,0,0,0,0,0,0,178,0,0,0,109,0,0,0,0,0
164,0,14,0,0,0,0,0,1173818,0,0,0,0,53,0,0,0,0,0,0,0,0,0,0,0,0,0,0,0,0,0,0,0,0,0,0,0,80,0,60,0,0,0,0,0
164,0,15,0,0,0,0,0,1173818,0,0,0,0,41,0,0,0,0,0,0,0,0,0,0,0,0,0,0,0,0,0,0,0,0,0,0,0,39,0,94,0,0,0,0,0
165,0,0,0,0,0,0,0,2347739,0,0,1740,656000,136,0,0,0,0,0,6339,0,0,0,0,0,0,0,0,1740,1740,0,259945,0,1034454,656000,0,544,0,136,284,0,0,0,0,1544472
165,0,1,0,0,0,0,0,1173870,6339,0,0,0,2284,0,0,0,0,0,6339,0,0,0,0,0,0,0,0,0,843,0,129993,0,388772,0,0,203,248,523,3827,0,0,163113,0,0
165,0,2,0,0,0,0,0,1173870,0,0,0,0,99,65920,0,0,0,0,0,0,0,0,0,0,0,0,0,0,0,0,129980,0,194627,65380,0,573,169,672,233,0,0,128147,0,65333
165,0,3,0,0,0,0,0,1173870,0,0,0,0,100,65920,0,0,0,0,0,0,0,0,0,0,0,0,0,0,0,0,130014,0,0,65387,0,246,69,0,128,0,0,35791,0,65545
165,0,4,0,0,0,0,0,1173870,0,0,0,0,115,65920,0,0,0,0,0,0,0,0,0,0,0,0,0,0,0,0,65085,0,0,65382,0,132,0,72,163,761868,0,0,0,65439
165,0,5,0,0,0,0,0,1173870,0,0,0,0,155,65920,0,0,0,0,0,0,0,0,0,0,0,0,0,0,0,0,65086,0,0,65383,1352,292,0,1,324,0,0,714940,0,65250
165,0,6,0,0,0,0,0,1173870,0,0,0,0,192,65920,0,0,0,0,0,0,0,0,0,0,0,0,0,0,0,0,65098,0,0,65391,0,132,285,2,267,0,0,488284,0,65299
165,0,7,0,0,0,0,0,1173870,0,0,0,0,182,65920,0,0,0,0,0,0,0,0,0,0,0,0,0,0,0,0,65079,0,0,65374,0,293,115,0,414,0,0,214414,0,65167
165,0,8,0,0,0,0,0,1173870,0,0,0,0,152,65920,0,0,0,0,0,0,0,0,0,0,0,0,0,0,0,0,0,0,0,65374,0,52,0,91,317,832709,0,0,0,65231
165,0,9,0,0,0,0,0,1173870,0,0,0,0,191,65920,0,0,0,0,0,0,0,0,0,0,0,0,0,0,0,0,0,0,0,65394,797,42,0,0,268,0,0,646240,0,65269
165,0,10,0,0,0,0,0,1173870,0,0,0,0,225,65920,0,0,0,0,0,0,0,0,0,0,0,0,0,0,0,0,0,0,0,65387,0,91,383,2,477,0,0,542186,0,65315
165,0,11,0,0,0,0,0,1173870,0,0,0,0,240,65920,0,0,0,0,0,0,0,0,0,0,0,0,0,0,0,0,0,0,0,65397,0,44,129,0,373,0,0,245608,0,65235
165,0,12,0,0,0,0,0,1173870,0,0,0,0,47,0,0,0,0,0,0,0,0,0,0,0,0,0,0,0,0,0,0,0,0,0,0,0,0,45,93,0,0,0,0,0
165,0,13,0,0,0,0,0,1173870,0,0,0,0,53,0,0,0,0,0,0,0,0,0,0,0,0,0,0,0,0,0,0,0,0,0,178,0,0,0,109,0,0,0,0,0
165,0,14,0,0,0,0,0,1173870,0,0,0,0,53,0,0,0,0,0,0,0,0,0,0,0,0,0,0,0,0,0,0,0,0,0,0,0,80,0,60,0,0,0,0,0
165,0,15,0,0,0,0,0,1173870,0,0,0,0,41,0,0,0,0,0,0,0,0,0,0,0,0,0,0,0,0,0,0,0,0,0,0,0,39,0,93,0,0,0,0,0
166,0,0,0,0,0,0,0,3164805,0,0,2340,852800,136,0,0,0,0,0,7257,0,0,0,0,0,0,0,0,2340,2340,0,389136,0,1291995,852800,0,735,0,136,284,0,0,0,0,2162298
166,0,1,0,0,0,0,0,1582403,7257,0,0,0,2699,0,0,0,0,0,7257,0,0,0,0,0,0,0,0,0,1230,0,194639,0,453129,0,0,273,309,580,4546,0,0,188519,0,0
166,0,2,0,0,0,0,0,1582403,0,0,0,0,89,65920,0,0,0,0,0,0,0,0,0,0,0,0,0,0,0,0,194618,0,194597,65374,0,740,149,614,211,0,0,151192,0,65331
166,0,3,0,0,0,0,0,1582403,0,0,0,0,87,65920,0,0,0,0,0,0,0,0,0,0,0,0,0,0,0,0,129941,0,0,65388,0,237,66,0,114,0,0,48929,0,65486
166,0,4,0,0,0,0,0,1582403,0,0,0,0,95,65920,0,0,0,0,0,0,0,0,0,0,0,0,0,0,0,0,129955,0,0,65394,0,193,0,70,143,1051921,0,0,0,65417
166,0,5,0,0,0,0,0,1582403,0,0,0,0,120,65920,0,0,0,0,0,0,0,0,0,0,0,0,0,0,0,0,130037,0,0,65394,1662,511,0,0,259,0,0,662364,0,65266
166,0,6,0,0,0,0,0,1582403,0,0,0,0,138,65920,0,0,0,0,0,0,0,0,0,0,0,0,0,0,0,0,129969,0,0,65382,0,228,245,3,187,0,0,469158,0,65342
166,0,7,0,0,0,0,0,1582403,0,0,0,0,150,65920,0,0,0,0,0,0,0,0,0,0,0,0,0,0,0,0,65110,0,0,65358,0,296,85,0,335,0,0,228098,0,65187
166,0,8,0,0,0,0,0,1582403,0,0,0,0,144,65920,0,0,0,0,0,0,0,0,0,0,0,0,0,0,0,0,65100,0,0,65363,0,212,0,87,301,1235782,0,0,0,65263
166,0,9,0,0,0,0,0,1582403,0,0,0,0,191,65920,0,0,0,0,0,0,0,0,0,0,0,0,0,0,0,0,65093,0,0,65382,1191,134,0,1,256,0,0,1276887,0,65214
166,0,10,0,0,0,0,0,1582403,0,0,0,0,256,65920,0,0,0,0,0,0,0,0,0,0,0,0,0,0,0,0,65084,0,0,65389,0,274,361,1,528,0,0,859454,0,65203
166,0,11,0,0,0,0,0,1582403,0,0,0,0,238,65920,0,0,0,0,0,0,0,0,0,0,0,0,0,0,0,0,0,0,0,65371,0,46,140,0,378,0,0,339270,0,65205
166,0,12,0,0,0,0,0,1582403,0,0,0,0,202,65920,0,0,0,0,0,0,0,0,0,0,0,0,0,0,0,0,0,0,0,65391,0,0,0,113,313,1016388,0,0,0,65377
166,0,13,0,0,0,0,0,1582403,0,0,0,0,239,65920,0,0,0,0,0,0,0,0,0,0,0,0,0,0,0,0,0,0,0,65401,621,0,0,2,492,0,0,717273,0,65372
166,0,14,0,0,0,0,0,1582403,0,0,0,0,243,65920,0,0,0,0,0,0,0,0,0,0,0,0,0,0,0,0,0,0,0,65406,0,0,177,0,356,0,0,366285,0,65219
166,0,15,0,0,0,0,0,1582403,0,0,0,0,41,0,0,0,0,0,0,0,0,0,0,0,0,0,0,0,0,0,0,0,0,0,0,0,39,0,94,0,0,0,0,0
167,0,0,0,0,0,0,0,3141044,0,0,2326,852800,136,0,0,0,0,0,7236,0,0,0,0,0,0,0,0,2326,2326,0,389194,0,1291915,852800,0,733,0,136,284,0,0,0,0,2141444
167,0,1,0,0,0,0,0,1570522,7236,0,0,0,2674,0,0,0,0,0,7236,0,0,0,0,0,0,0,0,0,1230,0,194634,0,453129,0,0,292,299,582,4484,0,0,170311,0,0
167,0,2,0,0,0,0,0,1570522,0,0,0,0,85,65920,0,0,0,0,0,0,0,0,0,0,0,0,0,0,0,0,194608,0,194606,65388,0,725,150,623,201,0,0,142183,0,65327
167,0,3,0,0,0,0,0,1570522,0,0,0,0,85,65920,0,0,0,0,0,0,0,0,0,0,0,0,0,0,0,0,129941,0,0,65395,0,225,65,0,112,0,0,43838,0,65527
167,0,4,0,0,0,0,0,1570522,0,0,0,0,95,65920,0,0,0,0,0,0,0,0,0,0,0,0,0,0,0,0,129976,0,0,65385,0,189,0,70,137,1042551,0,0,0,65440
167,0,5,0,0,0,0,0,1570522,0,0,0,0,126,65920,0,0,0,0,0,0,0,0,0,0,0,0,0,0,0,0,130023,0,0,65382,1684,481,0,1,274,0,0,653490,0,65233
167,0,6,0,0,0,0,0,1570522,0,0,0,0,144,65920,0,0,0,0,0,0,0,0,0,0,0,0,0,0,0,0,129964,0,0,65390,0,236,244,1,196,0,0,459410,0,65333
167,0,7,0,0,0,0,0,1570522,0,0,0,0,154,65920,0,0,0,0,0,0,0,0,0,0,0,0,0,0,0,0,65111,0,0,65356,0,312,81,0,335,0,0,211004,0,65194
167,0,8,0,0,0,0,0,1570522,0,0,0,0,148,65920,0,0,0,0,0,0,0,0,0,0,0,0,0,0,0,0,65092,0,0,65365,0,216,0,83,303,1223084,0,0,0,65333
167,0,9,0,0,0,0,0,1570522,0,0,0,0,200,65920,0,0,0,0,0,0,0,0,0,0,0,0,0,0,0,0,65095,0,0,65385,1153,148,0,1,279,0,0,1268939,0,65150
167,0,10,0,0,0,0,0,1570522,0,0,0,0,232,65920,0,0,0,0,0,0,0,0,0,0,0,0,0,0,0,0,65088,0,0,65391,0,286,393,2,480,0,0,846053,0,65221
167,0,11,0,0,0,0,0,1570522,0,0,0,0,250,65920,0,0,0,0,0,0,0,0,0,0,0,0,0,0,0,0,0,0,0,65372,0,43,127,0,373,0,0,335086,0,65207
167,0,12,0,0,0,0,0,1570522,0,0,0,0,194,65920,0,0,0,0,0,0,0,0,0,0,0,0,0,0,0,0,0,0,0,65402,0,0,0,119,299,1017912,0,0,0,65336
167,0,13,0,0,0,0,0,1570522,0,0,0,0,242,65920,0,0,0,0,0,0,0,0,0,0,0,0,0,0,0,0,0,0,0,65401,612,0,0,1,479,0,0,726558,0,65432
167,0,14,0,0,0,0,0,1570522,0,0,0,0,245,65920,0,0,0,0,0,0,0,0,0,0,0,0,0,0,0,0,0,0,0,65402,0,0,172,2,344,0,0,352506,0,65190
167,0,15,0,0,0,0,0,1570522,0,0,0,0,41,0,0,0,0,0,0,0,0,0,0,0,0,0,0,0,0,0,0,0,0,0,0,0,39,0,95,0,0,0,0,0
168,0,0,0,0,0,0,0,3152956,0,0,2332,852800,136,0,0,0,0,0,7248,0,0,0,0,0,0,0,0,2332,2332,0,389158,0,1291952,852800,0,735,0,136,284,0,0,0,0,2153238
168,0,1,0,0,0,0,0,1576478,7248,0,0,0,2684,0,0,0,0,0,7248,0,0,0,0,0,0,0,0,0,1221,0,194635,0,453149,0,0,280,313,576,4515,0,0,177714,0,0
168,0,2,0,0,0,0,0,1576478,0,0,0,0,83,65920,0,0,0,0,0,0,0,0,0,0,0,0,0,0,0,0,194597,0,194630,65385,0,734,151,614,206,0,0,149403,0,65340
168,0,3,0,0,0,0,0,1576478,0,0,0,0,83,65920,0,0,0,0,0,0,0,0,0,0,0,0,0,0,0,0,129953,0,0,65391,0,239,67,0,107,0,0,47021,0,65503
168,0,4,0,0,0,0,0,1576478,0,0,0,0,92,65920,0,0,0,0,0,0,0,0,0,0,0,0,0,0,0,0,129968,0,0,65386,0,208,0,73,129,1050031,0,0,0,65417
168,0,5,0,0,0,0,0,1576478,0,0,0,0,125,65920,0,0,0,0,0,0,0,0,0,0,0,0,0,0,0,0,130008,0,0,65383,1668,502,0,1,266,0,0,655426,0,65240
168,0,6,0,0,0,0,0,1576478,0,0,0,0,143,65920,0,0,0,0,0,0,0,0,0,0,0,0,0,0,0,0,129954,0,0,65390,0,227,240,1,195,0,0,467397,0,65311
168,0,7,0,0,0,0,0,1576478,0,0,0,0,149,65920,0,0,0,0,0,0,0,0,0,0,0,0,0,0,0,0,65111,0,0,65358,0,289,86,0,341,0,0,210006,0,65177
168,0,8,0,0,0,0,0,1576478,0,0,0,0,140,65920,0,0,0,0,0,0,0,0,0,0,0,0,0,0,0,0,65082,0,0,65371,0,195,0,91,299,1231099,0,0,0,65314
168,0,9,0,0,0,0,0,1576478,0,0,0,0,196,65920,0,0,0,0,0,0,0,0,0,0,0,0,0,0,0,0,65097,0,0,65390,1177,121,0,1,281,0,0,1274647,0,65178
168,0,10,0,0,0,0,0,1576478,0,0,0,0,252,65920,0,0,0,0,0,0,0,0,0,0,0,0,0,0,0,0,65091,0,0,65383,0,277,382,1,518,0,0,849034,0,65225
168,0,11,0,0,0,0,0,1576478,0,0,0,0,258,65920,0,0,0,0,0,0,0,0,0,0,0,0,0,0,0,0,0,0,0,65373,0,45,121,0,405,0,0,340993,0,65216
168,0,12,0,0,0,0,0,1576478,0,0,0,0,189,65920,0,0,0,0,0,0,0,0,0,0,0,0,0,0,0,0,0,0,0,65400,0,0,0,126,317,1024020,0,0,0,65345
168,0,13,0,0,0,0,0,1576478,0,0,0,0,242,65920,0,0,0,0,0,0,0,0,0,0,0,0,0,0,0,0,0,0,0,65401,599,0,0,0,506,0,0,734364,0,65425
168,0,14,0,0,0,0,0,1576478,0,0,0,0,237,65920,0,0,0,0,0,0,0,0,0,0,0,0,0,0,0,0,0,0,0,65400,0,0,181,2,345,0,0,356318,0,65185
168,0,15,0,0,0,0,0,1576478,0,0,0,0,41,0,0,0,0,0,0,0,0,0,0,0,0,0,0,0,0,0,0,0,0,0,0,0,39,0,93,0,0,0,0,0
169,0,0,0,0,0,0,0,365878,0,0,66,65552,136,0,0,0,0,0,3775,0,0,0,0,0,0,0,0,66,66,0,0,0,130736,65552,0,294,0,136,284,0,0,0,0,65632
169,0,1,0,0,0,0,0,182939,3774,0,0,0,1137,0,0,0,0,0,3774,0,0,0,0,0,0,0,0,0,19,0,0,0,65440,0,0,84,169,185,1897,0,0,65632,0,0
169,0,2,0,0,0,0,0,182939,0,0,0,0,92,65632,0,0,0,0,0,0,0,0,0,0,0,0,0,0,0,0,0,0,0,65488,0,249,111,283,215,0,0,0,0,65632
169,0,3,0,0,0,0,0,182939,0,0,0,0,47,0,0,0,0,0,0,0,0,0,0,0,0,0,0,0,0,0,0,0,0,0,0,91,45,0,54,0,0,0,0,0
169,0,4,0,0,0,0,0,182939,0,0,0,0,47,0,0,0,0,0,0,0,0,0,0,0,0,0,0,0,0,0,0,0,0,0,0,87,0,45,62,0,0,0,0,0
169,0,5,0,0,0,0,0,182939,0,0,0,0,47,0,0,0,0,0,0,0,0,0,0,0,0,0,0,0,0,0,0,0,0,0,537,148,0,0,109,0,0,0,0,0
169,0,6,0,0,0,0,0,182939,0,0,0,0,47,0,0,0,0,0,0,0,0,0,0,0,0,0,0,0,0,0,0,0,0,0,0,40,98,0,52,0,0,0,0,0
169,0,7,0,0,0,0,0,182939,0,0,0,0,53,0,0,0,0,0,0,0,0,0,0,0,0,0,0,0,0,0,0,0,0,0,0,105,39,0,140,0,0,0,0,0
169,0,8,0,0,0,0,0,182939,0,0,0,0,50,0,0,0,0,0,0,0,0,0,0,0,0,0,0,0,0,0,0,0,0,0,0,52,0,42,107,0,0,0,0,0
169,0,9,0,0,0,0,0,182939,0,0,0,0,47,0,0,0,0,0,0,0,0,0,0,0,0,0,0,0,0,0,0,0,0,0,365,42,0,0,53,0,0,0,0,0
169,0,10,0,0,0,0,0,182939,0,0,0,0,53,0,0,0,0,0,0,0,0,0,0,0,0,0,0,0,0,0,0,0,0,0,0,91,92,0,118,0,0,0,0,0
169,0,11,0,0,0,0,0,182939,0,0,0,0,53,0,0,0,0,0,0,0,0,0,0,0,0,0,0,0,0,0,0,0,0,0,0,39,39,0,94,0,0,0,0,0
169,0,12,0,0,0,0,0,182939,0,0,0,0,47,0,0,0,0,0,0,0,0,0,0,0,0,0,0,0,0,0,0,0,0,0,0,0,0,45,93,0,0,0,0,0
169,0,13,0,0,0,0,0,182939,0,0,0,0,53,0,0,0,0,0,0,0,0,0,0,0,0,0,0,0,0,0,0,0,0,0,178,0,0,0,109,0,0,0,0,0
169,0,14,0,0,0,0,0,182939,0,0,0,0,53,0,0,0,0,0,0,0,0,0,0,0,0,0,0,0,0,0,0,0,0,0,0,0,80,0,60,0,0,0,0,0
169,0,15,0,0,0,0,0,182939,0,0,0,0,41,0,0,0,0,0,0,0,0,0,0,0,0,0,0,0,0,0,0,0,0,0,0,0,39,0,89,0,0,0,0,0
170,0,0,0,0,0,0,0,365899,0,0,66,65552,136,0,0,0,0,0,3777,0,0,0,0,0,0,0,0,66,66,0,0,0,130735,65552,0,294,0,136,284,0,0,0,0,65632
170,0,1,0,0,0,0,0,182950,3777,0,0,0,1141,0,0,0,0,0,3777,0,0,0,0,0,0,0,0,0,16,0,0,0,65438,0,0,84,170,180,1904,0,0,65632,0,0
170,0,2,0,0,0,0,0,182950,0,0,0,0,95,65632,0,0,0,0,0,0,0,0,0,0,0,0,0,0,0,0,0,0,0,65489,0,249,108,283,223,0,0,0,0,65632
170,0,3,0,0,0,0,0,182950,0,0,0,0,47,0,0,0,0,0,0,0,0,0,0,0,0,0,0,0,0,0,0,0,0,0,0,91,45,0,54,0,0,0,0,0
170,0,4,0,0,0,0,0,182950,0,0,0,0,47,0,0,0,0,0,0,0,0,0,0,0,0,0,0,0,0,0,0,0,0,0,0,87,0,45,61,0,0,0,0,0
170,0,5,0,0,0,0,0,182950,0,0,0,0,47,0,0,0,0,0,0,0,0,0,0,0,0,0,0,0,0,0,0,0,0,0,537,148,0,0,109,0,0,0,0,0
170,0,6,0,0,0,0,0,182950,0,0,0,0,47,0,0,0,0,0,0,0,0,0,0,0,0,0,0,0,0,0,0,0,0,0,0,40,98,0,52,0,0,0,0,0
170,0,7,0,0,0,0,0,182950,0,0,0,0,53,0,0,0,0,0,0,0,0,0,0,0,0,0,0,0,0,0,0,0,0,0,0,105,39,0,140,0,0,0,0,0
170,0,8,0,0,0,0,0,182950,0,0,0,0,50,0,0,0,0,0,0,0,0,0,0,0,0,0,0,0,0,0,0,0,0,0,0,52,0,42,107,0,0,0,0,0
170,0,9,0,0,0,0,0,182950,0,0,0,0,47,0,0,0,0,0,0,0,0,0,0,0,0,0,0,0,0,0,0,0,0,0,365,42,0,0,53,0,0,0,0,0
170,0,10,0,0,0,0,0,182950,0,0,0,0,53,0,0,0,0,0,0,0,0,0,0,0,0,0,0,0,0,0,0,0,0,0,0,91,92,0,118,0,0,0,0,0
170,0,11,0,0,0,0,0,182950,0,0,0,0,53,0,0,0,0,0,0,0,0,0,0,0,0,0,0,0,0,0,0,0,0,0,0,39,39,0,94,0,0,0,0,0
170,0,12,0,0,0,0,0,182950,0,0,0,0,47,0,0,0,0,0,0,0,0,0,0,0,0,0,0,0,0,0,0,0,0,0,0,0,0,45,93,0,0,0,0,0
170,0,13,0,0,0,0,0,182950,0,0,0,0,53,0,0,0,0,0,0,0,0,0,0,0,0,0,0,0,0,0,0,0,0,0,178,0,0,0,109,0,0,0,0,0
170,0,14,0,0,0,0,0,182950,0,0,0,0,53,0,0,0,0,0,0,0,0,0,0,0,0,0,0,0,0,0,0,0,0,0,0,0,80,0,60,0,0,0,0,0
170,0,15,0,0,0,0,0,182950,0,0,0,0,41,0,0,0,0,0,0,0,0,0,0,0,0,0,0,0,0,0,0,0,0,0,0,0,39,0,89,0,0,0,0,0
171,0,0,0,0,0,0,0,365940,0,0,66,65552,136,0,0,0,0,0,3777,0,0,0,0,0,0,0,0,66,66,0,0,0,130735,65552,0,294,0,136,284,0,0,0,0,65632
171,0,1,0,0,0,0,0,182970,3777,0,0,0,1137,0,0,0,0,0,3777,0,0,0,0,0,0,0,0,0,17,0,0,0,65439,0,0,84,171,183,1897,0,0,65632,0,0
171,0,2,0,0,0,0,0,182970,0,0,0,0,92,65632,0,0,0,0,0,0,0,0,0,0,0,0,0,0,0,0,0,0,0,65488,0,249,111,283,217,0,0,0,0,65632
171,0,3,0,0,0,0,0,182970,0,0,0,0,47,0,0,0,0,0,0,0,0,0,0,0,0,0,0,0,0,0,0,0,0,0,0,91,45,0,54,0,0,0,0,0
171,0,4,0,0,0,0,0,182970,0,0,0,0,47,0,0,0,0,0,0,0,0,0,0,0,0,0,0,0,0,0,0,0,0,0,0,87,0,45,62,0,0,0,0,0
171,0,5,0,0,0,0,0,182970,0,0,0,0,47,0,0,0,0,0,0,0,0,0,0,0,0,0,0,0,0,0,0,0,0,0,537,148,0,0,109,0,0,0,0,0
171,0,6,0,0,0,0,0,182970,0,0,0,0,47,0,0,0,0,0,0,0,0,0,0,0,0,0,0,0,0,0,0,0,0,0,0,40,98,0,52,0,0,0,0,0
171,0,7,0,0,0,0,0,182970,0,0,0,0,53,0,0,0,0,0,0,0,0,0,0,0,0,0,0,0,0,0,0,0,0,0,0,105,39,0,140,0,0,0,0,0
171,0,8,0,0,0,0,0,182970,0,0,0,0,50,0,0,0,0,0,0,0,0,0,0,0,0,0,0,0,0,0,0,0,0,0,0,52,0,42,107,0,0,0,0,0
171,0,9,0,0,0,0,0,182970,0,0,0,0,47,0,0,0,0,0,0,0,0,0,0,0,0,0,0,0,0,0,0,0,0,0,365,42,0,0,53,0,0,0,0,0
171,0,10,0,0,0,0,0,182970,0,0,0,0,53,0,0,0,0,0,0,0,0,0,0,0,0,0,0,0,0,0,0,0,0,0,0,91,92,0,118,0,0,0,0,0
171,0,11,0,0,0,0,0,182970,0,0,0,0,53,0,0,0,0,0,0,0,0,0,0,0,0,0,0,0,0,0,0,0,0,0,0,39,39,0,94,0,0,0,0,0
171,0,12,0,0,0,0,0,182970,0,0,0,0,47,0,0,0,0,0,0,0,0,0,0,0,0,0,0,0,0,0,0,0,0,0,0,0,0,45,93,0,0,0,0,0
171,0,13,0,0,0,0,0,182970,0,0,0,0,53,0,0,0,0,0,0,0,0,0,0,0,0,0,0,0,0,0,0,0,0,0,178,0,0,0,109,0,0,0,0,0
171,0,14,0,0,0,0,0,182970,0,0,0,0,53,0,0,0,0,0,0,0,0,0,0,0,0,0,0,0,0,0,0,0,0,0,0,0,80,0,60,0,0,0,0,0
171,0,15,0,0,0,0,0,182970,0,0,0,0,41,0,0,0,0,0,0,0,0,0,0,0,0,0,0,0,0,0,0,0,0,0,0,0,39,0,89,0,0,0,0,0
172,0,0,0,0,0,0,0,625348,0,0,130,131104,136,0,0,0,0,0,3879,0,0,0,0,0,0,0,0,130,130,0,0,0,261351,131104,0,294,0,136,284,0,0,0,0,252039
172,0,1,0,0,0,0,0,312674,3879,0,0,0,1170,0,0,0,0,0,3879,0,0,0,0,0,0,0,0,0,61,0,0,0,130816,0,0,84,170,216,1941,0,0,65746,0,0
172,0,2,0,0,0,0,0,312674,0,0,0,0,82,65632,0,0,0,0,0,0,0,0,0,0,0,0,0,0,0,0,0,0,65412,65490,0,249,162,322,199,0,0,65575,0,65571
172,0,3,0,0,0,0,0,312674,0,0,0,0,89,65632,0,0,0,0,0,0,0,0,0,0,0,0,0,0,0,0,0,0,0,65502,0,93,67,0,123,0,0,105,0,65572
172,0,4,0,0,0,0,0,312674,0,0,0,0,47,0,0,0,0,0,0,0,0,0,0,0,0,0,0,0,0,0,0,0,0,0,0,87,0,45,62,0,0,0,0,0
172,0,5,0,0,0,0,0,312674,0,0,0,0,47,0,0,0,0,0,0,0,0,0,0,0,0,0,0,0,0,0,0,0,0,0,537,148,0,0,109,0,0,0,0,0
172,0,6,0,0,0,0,0,312674,0,0,0,0,47,0,0,0,0,0,0,0,0,0,0,0,0,0,0,0,0,0,0,0,0,0,0,40,98,0,52,0,0,0,0,0
172,0,7,0,0,0,0,0,312674,0,0,0,0,53,0,0,0,0,0,0,0,0,0,0,0,0,0,0,0,0,0,0,0,0,0,0,104,39,0,140,0,0,0,0,0
172,0,8,0,0,0,0,0,312674,0,0,0,0,50,0,0,0,0,0,0,0,0,0,0,0,0,0,0,0,0,0,0,0,0,0,0,52,0,42,107,0,0,0,0,0
172,0,9,0,0,0,0,0,312674,0,0,0,0,47,0,0,0,0,0,0,0,0,0,0,0,0,0,0,0,0,0,0,0,0,0,365,42,0,0,53,0,0,0,0,0
172,0,10,0,0,0,0,0,312674,0,0,0,0,53,0,0,0,0,0,0,0,0,0,0,0,0,0,0,0,0,0,0,0,0,0,0,91,92,0,118,0,0,0,0,0
172,0,11,0,0,0,0,0,312674,0,0,0,0,53,0,0,0,0,0,0,0,0,0,0,0,0,0,0,0,0,0,0,0,0,0,0,41,39,0,94,0,0,0,0,0
172,0,12,0,0,0,0,0,312674,0,0,0,0,47,0,0,0,0,0,0,0,0,0,0,0,0,0,0,0,0,0,0,0,0,0,0,0,0,45,93,0,0,0,0,0
172,0,13,0,0,0,0,0,312674,0,0,0,0,53,0,0,0,0,0,0,0,0,0,0,0,0,0,0,0,0,0,0,0,0,0,178,0,0,0,109,0,0,0,0,0
172,0,14,0,0,0,0,0,312674,0,0,0,0,53,0,0,0,0,0,0,0,0,0,0,0,0,0,0,0,0,0,0,0,0,0,0,0,80,0,60,0,0,0,0,0
172,0,15,0,0,0,0,0,312674,0,0,0,0,41,0,0,0,0,0,0,0,0,0,0,0,0,0,0,0,0,0,0,0,0,0,0,0,39,0,88,0,0,0,0,0
173,0,0,0,0,0,0,0,625467,0,0,130,131104,136,0,0,0,0,0,3879,0,0,0,0,0,0,0,0,130,130,0,0,0,261346,131104,0,294,0,136,284,0,0,0,0,252120
173,0,1,0,0,0,0,0,312734,3879,0,0,0,1174,0,0,0,0,0,3879,0,0,0,0,0,0,0,0,0,64,0,0,0,130812,0,0,84,169,213,1941,0,0,65729,0,0
173,0,2,0,0,0,0,0,312734,0,0,0,0,83,65632,0,0,0,0,0,0,0,0,0,0,0,0,0,0,0,0,0,0,65414,65489,0,249,166,323,202,0,0,65584,0,65567
173,0,3,0,0,0,0,0,312734,0,0,0,0,95,65632,0,0,0,0,0,0,0,0,0,0,0,0,0,0,0,0,0,0,0,65501,0,92,62,0,128,0,0,104,0,65572
173,0,4,0,0,0,0,0,312734,0,0,0,0,47,0,0,0,0,0,0,0,0,0,0,0,0,0,0,0,0,0,0,0,0,0,0,87,0,45,61,0,0,0,0,0
173,0,5,0,0,0,0,0,312734,0,0,0,0,47,0,0,0,0,0,0,0,0,0,0,0,0,0,0,0,0,0,0,0,0,0,537,148,0,0,109,0,0,0,0,0
173,0,6,0,0,0,0,0,312734,0,0,0,0,47,0,0,0,0,0,0,0,0,0,0,0,0,0,0,0,0,0,0,0,0,0,0,40,98,0,52,0,0,0,0,0
173,0,7,0,0,0,0,0,312734,0,0,0,0,53,0,0,0,0,0,0,0,0,0,0,0,0,0,0,0,0,0,0,0,0,0,0,105,39,0,140,0,0,0,0,0
173,0,8,0,0,0,0,0,312734,0,0,0,0,50,0,0,0,0,0,0,0,0,0,0,0,0,0,0,0,0,0,0,0,0,0,0,52,0,42,107,0,0,0,0,0
173,0,9,0,0,0,0,0,312734,0,0,0,0,47,0,0,0,0,0,0,0,0,0,0,0,0,0,0,0,0,0,0,0,0,0,365,42,0,0,53,0,0,0,0,0
173,0,10,0,0,0,0,0,312734,0,0,0,0,53,0,0,0,0,0,0,0,0,0,0,0,0,0,0,0,0,0,0,0,0,0,0,91,92,0,118,0,0,0,0,0
173,0,11,0,0,0,0,0,312734,0,0,0,0,53,0,0,0,0,0,0,0,0,0,0,0,0,0,0,0,0,0,0,0,0,0,0,40,39,0,94,0,0,0,0,0
173,0,12,0,0,0,0,0,312734,0,0,0,0,47,0,0,0,0,0,0,0,0,0,0,0,0,0,0,0,0,0,0,0,0,0,0,0,0,45,93,0,0,0,0,0
173,0,13,0,0,0,0,0,312734,0,0,0,0,53,0,0,0,0,0,0,0,0,0,0,0,0,0,0,0,0,0,0,0,0,0,178,0,0,0,109,0,0,0,0,0
173,0,14,0,0,0,0,0,312734,0,0,0,0,53,0,0,0,0,0,0,0,0,0,0,0,0,0,0,0,0,0,0,0,0,0,0,0,80,0,60,0,0,0,0,0
173,0,15,0,0,0,0,0,312734,0,0,0,0,41,0,0,0,0,0,0,0,0,0,0,0,0,0,0,0,0,0,0,0,0,0,0,0,39,0,89,0,0,0,0,0
174,0,0,0,0,0,0,0,625346,0,0,130,131104,136,0,0,0,0,0,3876,0,0,0,0,0,0,0,0,130,130,0,0,0,261344,131104,0,294,0,136,284,0,0,0,0,252051
174,0,1,0,0,0,0,0,312673,3876,0,0,0,1175,0,0,0,0,0,3876,0,0,0,0,0,0,0,0,0,64,0,0,0,130815,0,0,84,170,211,1951,0,0,65740,0,0
174,0,2,0,0,0,0,0,312673,0,0,0,0,81,65632,0,0,0,0,0,0,0,0,0,0,0,0,0,0,0,0,0,0,65410,65488,0,249,157,322,204,0,0,65575,0,65572
174,0,3,0,0,0,0,0,312673,0,0,0,0,85,65632,0,0,0,0,0,0,0,0,0,0,0,0,0,0,0,0,0,0,0,65503,0,91,72,0,120,0,0,104,0,65572
174,0,4,0,0,0,0,0,312673,0,0,0,0,47,0,0,0,0,0,0,0,0,0,0,0,0,0,0,0,0,0,0,0,0,0,0,87,0,45,62,0,0,0,0,0
174,0,5,0,0,0,0,0,312673,0,0,0,0,47,0,0,0,0,0,0,0,0,0,0,0,0,0,0,0,0,0,0,0,0,0,537,148,0,0,109,0,0,0,0,0
174,0,6,0,0,0,0,0,312673,0,0,0,0,47,0,0,0,0,0,0,0,0,0,0,0,0,0,0,0,0,0,0,0,0,0,0,40,98,0,52,0,0,0,0,0
174,0,7,0,0,0,0,0,312673,0,0,0,0,53,0,0,0,0,0,0,0,0,0,0,0,0,0,0,0,0,0,0,0,0,0,0,106,39,0,140,0,0,0,0,0
174,0,8,0,0,0,0,0,312673,0,0,0,0,50,0,0,0,0,0,0,0,0,0,0,0,0,0,0,0,0,0,0,0,0,0,0,52,0,42,107,0,0,0,0,0
174,0,9,0,0,0,0,0,312673,0,0,0,0,47,0,0,0,0,0,0,0,0,0,0,0,0,0,0,0,0,0,0,0,0,0,365,42,0,0,53,0,0,0,0,0
174,0,10,0,0,0,0,0,312673,0,0,0,0,53,0,0,0,0,0,0,0,0,0,0,0,0,0,0,0,0,0,0,0,0,0,0,91,92,0,118,0,0,0,0,0
174,0,11,0,0,0,0,0,312673,0,0,0,0,53,0,0,0,0,0,0,0,0,0,0,0,0,0,0,0,0,0,0,0,0,0,0,39,39,0,94,0,0,0,0,0
174,0,12,0,0,0,0,0,312673,0,0,0,0,47,0,0,0,0,0,0,0,0,0,0,0,0,0,0,0,0,0,0,0,0,0,0,0,0,45,93,0,0,0,0,0
174,0,13,0,0,0,0,0,312673,0,0,0,0,53,0,0,0,0,0,0,0,0,0,0,0,0,0,0,0,0,0,0,0,0,0,178,0,0,0,109,0,0,0,0,0
174,0,14,0,0,0,0,0,312673,0,0,0,0,53,0,0,0,0,0,0,0,0,0,0,0,0,0,0,0,0,0,0,0,0,0,0,0,80,0,60,0,0,0,0,0
174,0,15,0,0,0,0,0,312673,0,0,0,0,41,0,0,0,0,0,0,0,0,0,0,0,0,0,0,0,0,0,0,0,0,0,0,0,39,0,90,0,0,0,0,0
175,0,0,0,0,0,0,0,1148610,0,0,258,262208,136,0,0,0,0,0,4083,0,0,0,0,0,0,0,0,258,258,0,130862,0,392064,262208,0,361,0,136,284,0,0,0,0,762903
175,0,1,0,0,0,0,0,574305,4083,0,0,0,1261,0,0,0,0,0,4083,0,0,0,0,0,0,0,0,0,130,0,65416,0,130801,0,0,107,189,213,2092,0,0,303412,0,0
175,0,2,0,0,0,0,0,574305,0,0,0,0,90,65632,0,0,0,0,0,0,0,0,0,0,0,0,0,0,0,0,0,0,65434,65489,0,249,156,318,210,0,0,188328,0,65509
175,0,3,0,0,0,0,0,574305,0,0,0,0,94,65632,0,0,0,0,0,0,0,0,0,0,0,0,0,0,0,0,0,0,0,65491,0,92,61,0,130,0,0,119006,0,65471
175,0,4,0,0,0,0,0,574305,0,0,0,0,96,65632,0,0,0,0,0,0,0,0,0,0,0,0,0,0,0,0,0,0,0,65488,0,87,0,61,131,253500,0,0,0,65528
175,0,5,0,0,0,0,0,574305,0,0,0,0,90,65632,0,0,0,0,0,0,0,0,0,0,0,0,0,0,0,0,0,0,0,65500,607,148,0,1,196,0,0,61566,0,65501
175,0,6,0,0,0,0,0,574305,0,0,0,0,47,0,0,0,0,0,0,0,0,0,0,0,0,0,0,0,0,0,0,0,0,0,0,40,98,1,52,0,0,0,0,0
175,0,7,0,0,0,0,0,574305,0,0,0,0,53,0,0,0,0,0,0,0,0,0,0,0,0,0,0,0,0,0,0,0,0,0,0,106,39,0,140,0,0,0,0,0
175,0,8,0,0,0,0,0,574305,0,0,0,0,50,0,0,0,0,0,0,0,0,0,0,0,0,0,0,0,0,0,0,0,0,0,0,52,0,42,107,0,0,0,0,0
175,0,9,0,0,0,0,0,574305,0,0,0,0,47,0,0,0,0,0,0,0,0,0,0,0,0,0,0,0,0,0,0,0,0,0,365,42,0,0,53,0,0,0,0,0
175,0,10,0,0,0,0,0,574305,0,0,0,0,53,0,0,0,0,0,0,0,0,0,0,0,0,0,0,0,0,0,0,0,0,0,0,91,92,0,118,0,0,0,0,0
175,0,11,0,0,0,0,0,574305,0,0,0,0,53,0,0,0,0,0,0,0,0,0,0,0,0,0,0,0,0,0,0,0,0,0,0,41,39,0,94,0,0,0,0,0
175,0,12,0,0,0,0,0,574305,0,0,0,0,47,0,0,0,0,0,0,0,0,0,0,0,0,0,0,0,0,0,0,0,0,0,0,0,0,45,93,0,0,0,0,0
175,0,13,0,0,0,0,0,574305,0,0,0,0,53,0,0,0,0,0,0,0,0,0,0,0,0,0,0,0,0,0,0,0,0,0,178,0,0,0,109,0,0,0,0,0
175,0,14,0,0,0,0,0,574305,0,0,0,0,53,0,0,0,0,0,0,0,0,0,0,0,0,0,0,0,0,0,0,0,0,0,0,0,80,0,60,0,0,0,0,0
175,0,15,0,0,0,0,0,574305,0,0,0,0,41,0,0,0,0,0,0,0,0,0,0,0,0,0,0,0,0,0,0,0,0,0,0,0,39,0,90,0,0,0,0,0
176,0,0,0,0,0,0,0,1148675,0,0,258,262208,136,0,0,0,0,0,4080,0,0,0,0,0,0,0,0,258,258,0,130864,0,392064,262208,0,361,0,136,284,0,0,0,0,762923
176,0,1,0,0,0,0,0,574337,4080,0,0,0,1268,0,0,0,0,0,4080,0,0,0,0,0,0,0,0,0,121,0,65410,0,130798,0,0,103,189,210,2109,0,0,303413,0,0
176,0,2,0,0,0,0,0,574337,0,0,0,0,91,65632,0,0,0,0,0,0,0,0,0,0,0,0,0,0,0,0,0,0,65440,65489,0,249,150,320,212,0,0,196501,0,65506
176,0,3,0,0,0,0,0,574337,0,0,0,0,88,65632,0,0,0,0,0,0,0,0,0,0,0,0,0,0,0,0,0,0,0,65488,0,93,66,0,122,0,0,119013,0,65474
176,0,4,0,0,0,0,0,574337,0,0,0,0,89,65632,0,0,0,0,0,0,0,0,0,0,0,0,0,0,0,0,0,0,0,65488,0,87,0,68,123,253507,0,0,0,65530
176,0,5,0,0,0,0,0,574337,0,0,0,0,86,65632,0,0,0,0,0,0,0,0,0,0,0,0,0,0,0,0,0,0,0,65503,603,148,0,2,196,0,0,61565,0,65500
176,0,6,0,0,0,0,0,574337,0,0,0,0,47,0,0,0,0,0,0,0,0,0,0,0,0,0,0,0,0,0,0,0,0,0,0,40,98,0,52,0,0,0,0,0
176,0,7,0,0,0,0,0,574337,0,0,0,0,53,0,0,0,0,0,0,0,0,0,0,0,0,0,0,0,0,0,0,0,0,0,0,106,39,0,140,0,0,0,0,0
176,0,8,0,0,0,0,0,574337,0,0,0,0,50,0,0,0,0,0,0,0,0,0,0,0,0,0,0,0,0,0,0,0,0,0,0,52,0,42,107,0,0,0,0,0
176,0,9,0,0,0,0,0,574337,0,0,0,0,47,0,0,0,0,0,0,0,0,0,0,0,0,0,0,0,0,0,0,0,0,0,365,42,0,0,53,0,0,0,0,0
176,0,10,0,0,0,0,0,574337,0,0,0,0,53,0,0,0,0,0,0,0,0,0,0,0,0,0,0,0,0,0,0,0,0,0,0,91,92,0,118,0,0,0,0,0
176,0,11,0,0,0,0,0,574337,0,0,0,0,53,0,0,0,0,0,0,0,0,0,0,0,0,0,0,0,0,0,0,0,0,0,0,41,39,0,94,0,0,0,0,0
176,0,12,0,0,0,0,0,574337,0,0,0,0,47,0,0,0,0,0,0,0,0,0,0,0,0,0,0,0,0,0,0,0,0,0,0,0,0,45,93,0,0,0,0,0
176,0,13,0,0,0,0,0,574337,0,0,0,0,53,0,0,0,0,0,0,0,0,0,0,0,0,0,0,0,0,0,0,0,0,0,178,0,0,0,109,0,0,0,0,0
176,0,14,0,0,0,0,0,574337,0,0,0,0,53,0,0,0,0,0,0,0,0,0,0,0,0,0,0,0,0,0,0,0,0,0,0,0,80,0,60,0,0,0,0,0
176,0,15,0,0,0,0,0,574337,0,0,0,0,41,0,0,0,0,0,0,0,0,0,0,0,0,0,0,0,0,0,0,0,0,0,0,0,39,0,90,0,0,0,0,0
177,0,0,0,0,0,0,0,1148592,0,0,258,262208,136,0,0,0,0,0,4083,0,0,0,0,0,0,0,0,258,258,0,130864,0,392064,262208,0,361,0,136,284,0,0,0,0,762913
177,0,1,0,0,0,0,0,574296,4083,0,0,0,1265,0,0,0,0,0,4083,0,0,0,0,0,0,0,0,0,125,0,65414,0,130799,0,0,104,191,210,2101,0,0,303403,0,0
177,0,2,0,0,0,0,0,574296,0,0,0,0,90,65632,0,0,0,0,0,0,0,0,0,0,0,0,0,0,0,0,0,0,65436,65489,0,249,148,320,211,0,0,196507,0,65503
177,0,3,0,0,0,0,0,574296,0,0,0,0,86,65632,0,0,0,0,0,0,0,0,0,0,0,0,0,0,0,0,0,0,0,65490,0,92,69,0,120,0,0,119017,0,65474
177,0,4,0,0,0,0,0,574296,0,0,0,0,95,65632,0,0,0,0,0,0,0,0,0,0,0,0,0,0,0,0,0,0,0,65488,0,87,0,62,130,253497,0,0,0,65534
177,0,5,0,0,0,0,0,574296,0,0,0,0,85,65632,0,0,0,0,0,0,0,0,0,0,0,0,0,0,0,0,0,0,0,65501,610,148,0,2,194,0,0,61563,0,65502
177,0,6,0,0,0,0,0,574296,0,0,0,0,47,0,0,0,0,0,0,0,0,0,0,0,0,0,0,0,0,0,0,0,0,0,0,40,98,0,52,0,0,0,0,0
177,0,7,0,0,0,0,0,574296,0,0,0,0,53,0,0,0,0,0,0,0,0,0,0,0,0,0,0,0,0,0,0,0,0,0,0,107,39,0,140,0,0,0,0,0
177,0,8,0,0,0,0,0,574296,0,0,0,0,50,0,0,0,0,0,0,0,0,0,0,0,0,0,0,0,0,0,0,0,0,0,0,52,0,42,107,0,0,0,0,0
177,0,9,0,0,0,0,0,574296,0,0,0,0,47,0,0,0,0,0,0,0,0,0,0,0,0,0,0,0,0,0,0,0,0,0,365,42,0,0,53,0,0,0,0,0
177,0,10,0,0,0,0,0,574296,0,0,0,0,53,0,0,0,0,0,0,0,0,0,0,0,0,0,0,0,0,0,0,0,0,0,0,91,92,0,118,0,0,0,0,0
177,0,11,0,0,0,0,0,574296,0,0,0,0,53,0,0,0,0,0,0,0,0,0,0,0,0,0,0,0,0,0,0,0,0,0,0,40,39,0,94,0,0,0,0,0
177,0,12,0,0,0,0,0,574296,0,0,0,0,47,0,0,0,0,0,0,0,0,0,0,0,0,0,0,0,0,0,0,0,0,0,0,0,0,45,93,0,0,0,0,0
177,0,13,0,0,0,0,0,574296,0,0,0,0,53,0,0,0,0,0,0,0,0,0,0,0,0,0,0,0,0,0,0,0,0,0,178,0,0,0,109,0,0,0,0,0
177,0,14,0,0,0,0,0,574296,0,0,0,0,53,0,0,0,0,0,0,0,0,0,0,0,0,0,0,0,0,0,0,0,0,0,0,0,80,0,60,0,0,0,0,0
177,0,15,0,0,0,0,0,574296,0,0,0,0,41,0,0,0,0,0,0,0,0,0,0,0,0,0,0,0,0,0,0,0,0,0,0,0,39,0,91,0,0,0,0,0
178,0,0,0,0,0,0,0,1672012,0,0,388,393312,136,0,0,0,0,0,4290,0,0,0,0,0,0,0,0,388,388,0,130852,0,653122,393312,0,345,0,136,284,0,0,0,0,1040090
178,0,1,0,0,0,0,0,836006,4290,0,0,0,1348,0,0,0,0,0,4290,0,0,0,0,0,0,0,0,0,193,0,65426,0,261457,0,0,110,186,258,2250,0,0,208907,0,0
178,0,2,0,0,0,0,0,836006,0,0,0,0,78,65632,0,0,0,0,0,0,0,0,0,0,0,0,0,0,0,0,65421,0,130769,65493,0,309,138,373,184,0,0,184060,0,65499
178,0,3,0,0,0,0,0,836006,0,0,0,0,80,65632,0,0,0,0,0,0,0,0,0,0,0,0,0,0,0,0,65417,0,0,65501,0,122,59,0,104,0,0,77905,0,65526
178,0,4,0,0,0,0,0,836006,0,0,0,0,81,65632,0,0,0,0,0,0,0,0,0,0,0,0,0,0,0,0,0,0,0,65500,0,87,0,60,111,507526,0,0,0,65487
178,0,5,0,0,0,0,0,836006,0,0,0,0,89,65632,0,0,0,0,0,0,0,0,0,0,0,0,0,0,0,0,0,0,0,65495,680,148,0,2,194,0,0,372573,0,65497
178,0,6,0,0,0,0,0,836006,0,0,0,0,103,65632,0,0,0,0,0,0,0,0,0,0,0,0,0,0,0,0,0,0,0,65498,0,40,184,1,137,0,0,347600,0,65502
178,0,7,0,0,0,0,0,836006,0,0,0,0,110,65632,0,0,0,0,0,0,0,0,0,0,0,0,0,0,0,0,0,0,0,65487,0,107,69,0,256,0,0,167828,0,65478
178,0,8,0,0,0,0,0,836006,0,0,0,0,50,0,0,0,0,0,0,0,0,0,0,0,0,0,0,0,0,0,0,0,0,0,0,52,0,42,107,0,0,0,0,0
178,0,9,0,0,0,0,0,836006,0,0,0,0,47,0,0,0,0,0,0,0,0,0,0,0,0,0,0,0,0,0,0,0,0,0,365,42,0,0,53,0,0,0,0,0
178,0,10,0,0,0,0,0,836006,0,0,0,0,53,0,0,0,0,0,0,0,0,0,0,0,0,0,0,0,0,0,0,0,0,0,0,91,92,0,118,0,0,0,0,0
178,0,11,0,0,0,0,0,836006,0,0,0,0,53,0,0,0,0,0,0,0,0,0,0,0,0,0,0,0,0,0,0,0,0,0,0,42,39,0,94,0,0,0,0,0
178,0,12,0,0,0,0,0,836006,0,0,0,0,47,0,0,0,0,0,0,0,0,0,0,0,0,0,0,0,0,0,0,0,0,0,0,0,0,45,93,0,0,0,0,0
178,0,13,0,0,0,0,0,836006,0,0,0,0,53,0,0,0,0,0,0,0,0,0,0,0,0,0,0,0,0,0,0,0,0,0,178,0,0,0,109,0,0,0,0,0
178,0,14,0,0,0,0,0,836006,0,0,0,0,53,0,0,0,0,0,0,0,0,0,0,0,0,0,0,0,0,0,0,0,0,0,0,0,80,0,60,0,0,0,0,0
178,0,15,0,0,0,0,0,836006,0,0,0,0,41,0,0,0,0,0,0,0,0,0,0,0,0,0,0,0,0,0,0,0,0,0,0,0,39,0,91,0,0,0,0,0
179,0,0,0,0,0,0,0,1672148,0,0,388,393312,136,0,0,0,0,0,4287,0,0,0,0,0,0,0,0,388,388,0,130852,0,653135,393312,0,345,0,136,284,0,0,0,0,1040108
179,0,1,0,0,0,0,0,836074,4287,0,0,0,1348,0,0,0,0,0,4287,0,0,0,0,0,0,0,0,0,188,0,65426,0,261461,0,0,106,189,259,2260,0,0,208916,0,0
179,0,2,0,0,0,0,0,836074,0,0,0,0,80,65632,0,0,0,0,0,0,0,0,0,0,0,0,0,0,0,0,65422,0,130777,65493,0,307,130,372,189,0,0,188160,0,65490
179,0,3,0,0,0,0,0,836074,0,0,0,0,74,65632,0,0,0,0,0,0,0,0,0,0,0,0,0,0,0,0,65419,0,0,65500,0,123,64,0,99,0,0,77899,0,65517
179,0,4,0,0,0,0,0,836074,0,0,0,0,78,65632,0,0,0,0,0,0,0,0,0,0,0,0,0,0,0,0,0,0,0,65500,0,87,0,63,111,507518,0,0,0,65480
179,0,5,0,0,0,0,0,836074,0,0,0,0,90,65632,0,0,0,0,0,0,0,0,0,0,0,0,0,0,0,0,0,0,0,65495,678,148,0,0,199,0,0,372698,0,65486
179,0,6,0,0,0,0,0,836074,0,0,0,0,106,65632,0,0,0,0,0,0,0,0,0,0,0,0,0,0,0,0,0,0,0,65498,0,40,184,3,142,0,0,347691,0,65515
179,0,7,0,0,0,0,0,836074,0,0,0,0,112,65632,0,0,0,0,0,0,0,0,0,0,0,0,0,0,0,0,0,0,0,65489,0,106,66,0,257,0,0,167858,0,65484
179,0,8,0,0,0,0,0,836074,0,0,0,0,50,0,0,0,0,0,0,0,0,0,0,0,0,0,0,0,0,0,0,0,0,0,0,52,0,42,107,0,0,0,0,0
179,0,9,0,0,0,0,0,836074,0,0,0,0,47,0,0,0,0,0,0,0,0,0,0,0,0,0,0,0,0,0,0,0,0,0,365,42,0,0,53,0,0,0,0,0
179,0,10,0,0,0,0,0,836074,0,0,0,0,53,0,0,0,0,0,0,0,0,0,0,0,0,0,0,0,0,0,0,0,0,0,0,91,92,0,118,0,0,0,0,0
179,0,11,0,0,0,0,0,836074,0,0,0,0,53,0,0,0,0,0,0,0,0,0,0,0,0,0,0,0,0,0,0,0,0,0,0,43,39,0,94,0,0,0,0,0
179,0,12,0,0,0,0,0,836074,0,0,0,0,47,0,0,0,0,0,0,0,0,0,0,0,0,0,0,0,0,0,0,0,0,0,0,0,0,45,93,0,0,0,0,0
179,0,13,0,0,0,0,0,836074,0,0,0,0,53,0,0,0,0,0,0,0,0,0,0,0,0,0,0,0,0,0,0,0,0,0,178,0,0,0,109,0,0,0,0,0
179,0,14,0,0,0,0,0,836074,0,0,0,0,53,0,0,0,0,0,0,0,0,0,0,0,0,0,0,0,0,0,0,0,0,0,0,0,80,0,60,0,0,0,0,0
179,0,15,0,0,0,0,0,836074,0,0,0,0,41,0,0,0,0,0,0,0,0,0,0,0,0,0,0,0,0,0,0,0,0,0,0,0,39,0,90,0,0,0,0,0
180,0,0,0,0,0,0,0,1672238,0,0,388,393312,136,0,0,0,0,0,4287,0,0,0,0,0,0,0,0,388,388,0,130853,0,653138,393312,0,345,0,136,284,0,0,0,0,1040144
180,0,1,0,0,0,0,0,836119,4287,0,0,0,1348,0,0,0,0,0,4287,0,0,0,0,0,0,0,0,0,199,0,65431,0,261457,0,0,109,183,262,2257,0,0,208971,0,0
180,0,2,0,0,0,0,0,836119,0,0,0,0,79,65632,0,0,0,0,0,0,0,0,0,0,0,0,0,0,0,0,65420,0,130779,65495,0,305,137,372,186,0,0,188161,0,65494
180,0,3,0,0,0,0,0,836119,0,0,0,0,80,65632,0,0,0,0,0,0,0,0,0,0,0,0,0,0,0,0,65418,0,0,65500,0,121,59,0,106,0,0,77924,0,65505
180,0,4,0,0,0,0,0,836119,0,0,0,0,79,65632,0,0,0,0,0,0,0,0,0,0,0,0,0,0,0,0,0,0,0,65501,0,87,0,62,107,507543,0,0,0,65480
180,0,5,0,0,0,0,0,836119,0,0,0,0,92,65632,0,0,0,0,0,0,0,0,0,0,0,0,0,0,0,0,0,0,0,65493,674,148,0,1,198,0,0,372725,0,65498
180,0,6,0,0,0,0,0,836119,0,0,0,0,107,65632,0,0,0,0,0,0,0,0,0,0,0,0,0,0,0,0,0,0,0,65498,0,40,186,1,145,0,0,347683,0,65515
180,0,7,0,0,0,0,0,836119,0,0,0,0,115,65632,0,0,0,0,0,0,0,0,0,0,0,0,0,0,0,0,0,0,0,65491,0,107,64,0,262,0,0,167886,0,65481
180,0,8,0,0,0,0,0,836119,0,0,0,0,50,0,0,0,0,0,0,0,0,0,0,0,0,0,0,0,0,0,0,0,0,0,0,52,0,42,107,0,0,0,0,0
180,0,9,0,0,0,0,0,836119,0,0,0,0,47,0,0,0,0,0,0,0,0,0,0,0,0,0,0,0,0,0,0,0,0,0,365,42,0,0,53,0,0,0,0,0
180,0,10,0,0,0,0,0,836119,0,0,0,0,53,0,0,0,0,0,0,0,0,0,0,0,0,0,0,0,0,0,0,0,0,0,0,91,92,0,118,0,0,0,0,0
180,0,11,0,0,0,0,0,836119,0,0,0,0,53,0,0,0,0,0,0,0,0,0,0,0,0,0,0,0,0,0,0,0,0,0,0,42,39,0,94,0,0,0,0,0
180,0,12,0,0,0,0,0,836119,0,0,0,0,47,0,0,0,0,0,0,0,0,0,0,0,0,0,0,0,0,0,0,0,0,0,0,0,0,45,93,0,0,0,0,0
180,0,13,0,0,0,0,0,836119,0,0,0,0,53,0,0,0,0,0,0,0,0,0,0,0,0,0,0,0,0,0,0,0,0,0,178,0,0,0,109,0,0,0,0,0
180,0,14,0,0,0,0,0,836119,0,0,0,0,53,0,0,0,0,0,0,0,0,0,0,0,0,0,0,0,0,0,0,0,0,0,0,0,80,0,60,0,0,0,0,0
180,0,15,0,0,0,0,0,836119,0,0,0,0,41,0,0,0,0,0,0,0,0,0,0,0,0,0,0,0,0,0,0,0,0,0,0,0,39,0,91,0,0,0,0,0
181,0,0,0,0,0,0,0,2195676,0,0,516,524416,136,0,0,0,0,0,4494,0,0,0,0,0,0,0,0,516,516,0,261571,0,783751,524416,0,412,0,136,284,0,0,0,0,1475603
181,0,1,0,0,0,0,0,1097838,4494,0,0,0,1429,0,0,0,0,0,4494,0,0,0,0,0,0,0,0,0,253,0,130791,0,261459,0,0,134,220,249,2384,0,0,221260,0,0
181,0,2,0,0,0,0,0,1097838,0,0,0,0,66,65632,0,0,0,0,0,0,0,0,0,0,0,0,0,0,0,0,65422,0,130784,65496,0,311,126,374,164,0,0,180068,0,65502
181,0,3,0,0,0,0,0,1097838,0,0,0,0,67,65632,0,0,0,0,0,0,0,0,0,0,0,0,0,0,0,0,65418,0,0,65498,0,122,57,0,83,0,0,69809,0,65512
181,0,4,0,0,0,0,0,1097838,0,0,0,0,80,65632,0,0,0,0,0,0,0,0,0,0,0,0,0,0,0,0,65416,0,0,65494,0,115,0,57,116,737107,0,0,0,65498
181,0,5,0,0,0,0,0,1097838,0,0,0,0,94,65632,0,0,0,0,0,0,0,0,0,0,0,0,0,0,0,0,65427,0,0,65500,763,191,0,1,209,0,0,728497,0,65481
181,0,6,0,0,0,0,0,1097838,0,0,0,0,114,65632,0,0,0,0,0,0,0,0,0,0,0,0,0,0,0,0,0,0,0,65497,0,40,185,1,152,0,0,523465,0,65500
181,0,7,0,0,0,0,0,1097838,0,0,0,0,115,65632,0,0,0,0,0,0,0,0,0,0,0,0,0,0,0,0,0,0,0,65486,0,106,70,0,268,0,0,229208,0,65488
181,0,8,0,0,0,0,0,1097838,0,0,0,0,93,65632,0,0,0,0,0,0,0,0,0,0,0,0,0,0,0,0,0,0,0,65489,0,52,0,68,193,539818,0,0,0,65498
181,0,9,0,0,0,0,0,1097838,0,0,0,0,92,65632,0,0,0,0,0,0,0,0,0,0,0,0,0,0,0,0,0,0,0,65495,430,42,0,2,126,0,0,143359,0,65476
181,0,10,0,0,0,0,0,1097838,0,0,0,0,53,0,0,0,0,0,0,0,0,0,0,0,0,0,0,0,0,0,0,0,0,0,0,91,92,0,118,0,0,0,0,0
181,0,11,0,0,0,0,0,1097838,0,0,0,0,53,0,0,0,0,0,0,0,0,0,0,0,0,0,0,0,0,0,0,0,0,0,0,45,39,0,94,0,0,0,0,0
181,0,12,0,0,0,0,0,1097838,0,0,0,0,47,0,0,0,0,0,0,0,0,0,0,0,0,0,0,0,0,0,0,0,0,0,0,0,0,45,93,0,0,0,0,0
181,0,13,0,0,0,0,0,1097838,0,0,0,0,53,0,0,0,0,0,0,0,0,0,0,0,0,0,0,0,0,0,0,0,0,0,178,0,0,0,109,0,0,0,0,0
181,0,14,0,0,0,0,0,1097838,0,0,0,0,53,0,0,0,0,0,0,0,0,0,0,0,0,0,0,0,0,0,0,0,0,0,0,0,80,0,60,0,0,0,0,0
181,0,15,0,0,0,0,0,1097838,0,0,0,0,41,0,0,0,0,0,0,0,0,0,0,0,0,0,0,0,0,0,0,0,0,0,0,0,39,0,90,0,0,0,0,0
182,0,0,0,0,0,0,0,2195742,0,0,516,524416,136,0,0,0,0,0,4494,0,0,0,0,0,0,0,0,516,516,0,261569,0,783745,524416,0,412,0,136,284,0,0,0,0,1475745
182,0,1,0,0,0,0,0,1097871,4494,0,0,0,1439,0,0,0,0,0,4494,0,0,0,0,0,0,0,0,0,260,0,130791,0,261458,0,0,130,213,250,2421,0,0,221258,0,0
182,0,2,0,0,0,0,0,1097871,0,0,0,0,71,65632,0,0,0,0,0,0,0,0,0,0,0,0,0,0,0,0,65422,0,130779,65498,0,315,124,369,169,0,0,180060,0,65492
182,0,3,0,0,0,0,0,1097871,0,0,0,0,70,65632,0,0,0,0,0,0,0,0,0,0,0,0,0,0,0,0,65418,0,0,65501,0,124,54,0,89,0,0,69841,0,65506
182,0,4,0,0,0,0,0,1097871,0,0,0,0,76,65632,0,0,0,0,0,0,0,0,0,0,0,0,0,0,0,0,65416,0,0,65495,0,114,0,61,106,737124,0,0,0,65502
182,0,5,0,0,0,0,0,1097871,0,0,0,0,93,65632,0,0,0,0,0,0,0,0,0,0,0,0,0,0,0,0,65426,0,0,65499,738,196,0,2,207,0,0,732606,0,65488
182,0,6,0,0,0,0,0,1097871,0,0,0,0,104,65632,0,0,0,0,0,0,0,0,0,0,0,0,0,0,0,0,0,0,0,65497,0,40,197,0,138,0,0,523462,0,65497
182,0,7,0,0,0,0,0,1097871,0,0,0,0,117,65632,0,0,0,0,0,0,0,0,0,0,0,0,0,0,0,0,0,0,0,65488,0,107,68,0,268,0,0,229161,0,65481
182,0,8,0,0,0,0,0,1097871,0,0,0,0,99,65632,0,0,0,0,0,0,0,0,0,0,0,0,0,0,0,0,0,0,0,65488,0,52,0,62,200,539821,0,0,0,65494
182,0,9,0,0,0,0,0,1097871,0,0,0,0,89,65632,0,0,0,0,0,0,0,0,0,0,0,0,0,0,0,0,0,0,0,65495,439,42,0,2,118,0,0,143329,0,65467
182,0,10,0,0,0,0,0,1097871,0,0,0,0,53,0,0,0,0,0,0,0,0,0,0,0,0,0,0,0,0,0,0,0,0,0,0,91,92,0,118,0,0,0,0,0
182,0,11,0,0,0,0,0,1097871,0,0,0,0,53,0,0,0,0,0,0,0,0,0,0,0,0,0,0,0,0,0,0,0,0,0,0,44,39,0,94,0,0,0,0,0
182,0,12,0,0,0,0,0,1097871,0,0,0,0,47,0,0,0,0,0,0,0,0,0,0,0,0,0,0,0,0,0,0,0,0,0,0,0,0,45,93,0,0,0,0,0
182,0,13,0,0,0,0,0,1097871,0,0,0,0,53,0,0,0,0,0,0,0,0,0,0,0,0,0,0,0,0,0,0,0,0,0,178,0,0,0,109,0,0,0,0,0
182,0,14,0,0,0,0,0,1097871,0,0,0,0,53,0,0,0,0,0,0,0,0,0,0,0,0,0,0,0,0,0,0,0,0,0,0,0,80,0,60,0,0,0,0,0
182,0,15,0,0,0,0,0,1097871,0,0,0,0,41,0,0,0,0,0,0,0,0,0,0,0,0,0,0,0,0,0,0,0,0,0,0,0,39,0,91,0,0,0,0,0
183,0,0,0,0,0,0,0,2195621,0,0,516,524416,136,0,0,0,0,0,4494,0,0,0,0,0,0,0,0,516,516,0,261567,0,783724,524416,0,412,0,136,284,0,0,0,0,1475596
183,0,1,0,0,0,0,0,1097811,4494,0,0,0,1441,0,0,0,0,0,4494,0,0,0,0,0,0,0,0,0,244,0,130789,0,261442,0,0,131,214,246,2418,0,0,221288,0,0
183,0,2,0,0,0,0,0,1097811,0,0,0,0,66,65632,0,0,0,0,0,0,0,0,0,0,0,0,0,0,0,0,65423,0,130774,65498,0,311,124,377,165,0,0,175982,0,65496
183,0,3,0,0,0,0,0,1097811,0,0,0,0,67,65632,0,0,0,0,0,0,0,0,0,0,0,0,0,0,0,0,65411,0,0,65497,0,118,58,0,83,0,0,69831,0,65511
183,0,4,0,0,0,0,0,1097811,0,0,0,0,76,65632,0,0,0,0,0,0,0,0,0,0,0,0,0,0,0,0,65414,0,0,65495,0,113,0,61,108,737091,0,0,0,65495
183,0,5,0,0,0,0,0,1097811,0,0,0,0,96,65632,0,0,0,0,0,0,0,0,0,0,0,0,0,0,0,0,65428,0,0,65499,743,195,0,1,210,0,0,732503,0,65480
183,0,6,0,0,0,0,0,1097811,0,0,0,0,110,65632,0,0,0,0,0,0,0,0,0,0,0,0,0,0,0,0,0,0,0,65497,0,40,196,1,148,0,0,527598,0,65494
183,0,7,0,0,0,0,0,1097811,0,0,0,0,121,65632,0,0,0,0,0,0,0,0,0,0,0,0,0,0,0,0,0,0,0,65484,0,109,63,0,276,0,0,233234,0,65485
183,0,8,0,0,0,0,0,1097811,0,0,0,0,97,65632,0,0,0,0,0,0,0,0,0,0,0,0,0,0,0,0,0,0,0,65487,0,52,0,64,199,539763,0,0,0,65501
183,0,9,0,0,0,0,0,1097811,0,0,0,0,94,65632,0,0,0,0,0,0,0,0,0,0,0,0,0,0,0,0,0,0,0,65494,433,42,0,1,124,0,0,143342,0,65474
183,0,10,0,0,0,0,0,1097811,0,0,0,0,53,0,0,0,0,0,0,0,0,0,0,0,0,0,0,0,0,0,0,0,0,0,0,91,92,1,118,0,0,0,0,0
183,0,11,0,0,0,0,0,1097811,0,0,0,0,53,0,0,0,0,0,0,0,0,0,0,0,0,0,0,0,0,0,0,0,0,0,0,41,39,0,94,0,0,0,0,0
183,0,12,0,0,0,0,0,1097811,0,0,0,0,47,0,0,0,0,0,0,0,0,0,0,0,0,0,0,0,0,0,0,0,0,0,0,0,0,45,93,0,0,0,0,0
183,0,13,0,0,0,0,0,1097811,0,0,0,0,53,0,0,0,0,0,0,0,0,0,0,0,0,0,0,0,0,0,0,0,0,0,178,0,0,0,109,0,0,0,0,0
183,0,14,0,0,0,0,0,1097811,0,0,0,0,53,0,0,0,0,0,0,0,0,0,0,0,0,0,0,0,0,0,0,0,0,0,0,0,80,0,60,0,0,0,0,0
183,0,15,0,0,0,0,0,1097811,0,0,0,0,41,0,0,0,0,0,0,0,0,0,0,0,0,0,0,0,0,0,0,0,0,0,0,0,39,0,94,0,0,0,0,0
184,0,0,0,0,0,0,0,2717605,0,0,642,655520,136,0,0,0,0,0,4695,0,0,0,0,0,0,0,0,642,642,0,261565,0,1044567,655520,0,390,0,136,284,0,0,0,0,1877213
184,0,1,0,0,0,0,0,1358802,4695,0,0,0,1529,0,0,0,0,0,4695,0,0,0,0,0,0,0,0,0,313,0,130798,0,391995,0,0,127,200,304,2556,0,0,217161,0,0
184,0,2,0,0,0,0,0,1358802,0,0,0,0,64,65632,0,0,0,0,0,0,0,0,0,0,0,0,0,0,0,0,130792,0,196105,65491,0,370,119,416,160,0,0,167753,0,65500
184,0,3,0,0,0,0,0,1358802,0,0,0,0,64,65632,0,0,0,0,0,0,0,0,0,0,0,0,0,0,0,0,130786,0,0,65492,0,155,54,0,82,0,0,69759,0,65510
184,0,4,0,0,0,0,0,1358802,0,0,0,0,68,65632,0,0,0,0,0,0,0,0,0,0,0,0,0,0,0,0,65412,0,0,65496,0,106,0,59,94,950003,0,0,0,65500
184,0,5,0,0,0,0,0,1358802,0,0,0,0,86,65632,0,0,0,0,0,0,0,0,0,0,0,0,0,0,0,0,65421,0,0,65494,820,203,0,1,192,0,0,814173,0,65485
184,0,6,0,0,0,0,0,1358802,0,0,0,0,99,65632,0,0,0,0,0,0,0,0,0,0,0,0,0,0,0,0,65420,0,0,65495,0,71,166,1,130,0,0,596885,0,65461
184,0,7,0,0,0,0,0,1358802,0,0,0,0,99,65632,0,0,0,0,0,0,0,0,0,0,0,0,0,0,0,0,65432,0,0,65489,0,172,68,0,236,0,0,237304,0,65458
184,0,8,0,0,0,0,0,1358802,0,0,0,0,90,65632,0,0,0,0,0,0,0,0,0,0,0,0,0,0,0,0,0,0,0,65488,0,52,0,59,187,1010163,0,0,0,65488
184,0,9,0,0,0,0,0,1358802,0,0,0,0,96,65632,0,0,0,0,0,0,0,0,0,0,0,0,0,0,0,0,0,0,0,65498,532,42,0,0,128,0,0,748700,0,65480
184,0,10,0,0,0,0,0,1358802,0,0,0,0,117,65632,0,0,0,0,0,0,0,0,0,0,0,0,0,0,0,0,0,0,0,65500,0,91,191,2,252,0,0,621421,0,65497
184,0,11,0,0,0,0,0,1358802,0,0,0,0,117,65632,0,0,0,0,0,0,0,0,0,0,0,0,0,0,0,0,0,0,0,65492,0,45,73,0,193,0,0,253704,0,65477
184,0,12,0,0,0,0,0,1358802,0,0,0,0,47,0,0,0,0,0,0,0,0,0,0,0,0,0,0,0,0,0,0,0,0,0,0,0,0,45,93,0,0,0,0,0
184,0,13,0,0,0,0,0,1358802,0,0,0,0,53,0,0,0,0,0,0,0,0,0,0,0,0,0,0,0,0,0,0,0,0,0,178,0,0,0,109,0,0,0,0,0
184,0,14,0,0,0,0,0,1358802,0,0,0,0,53,0,0,0,0,0,0,0,0,0,0,0,0,0,0,0,0,0,0,0,0,0,0,0,80,0,60,0,0,0,0,0
184,0,15,0,0,0,0,0,1358802,0,0,0,0,41,0,0,0,0,0,0,0,0,0,0,0,0,0,0,0,0,0,0,0,0,0,0,0,39,0,92,0,0,0,0,0
185,0,0,0,0,0,0,0,2717459,0,0,642,655520,136,0,0,0,0,0,4692,0,0,0,0,0,0,0,0,642,642,0,261570,0,1044643,655520,0,390,0,136,284,0,0,0,0,1877083
185,0,1,0,0,0,0,0,1358730,4692,0,0,0,1528,0,0,0,0,0,4692,0,0,0,0,0,0,0,0,0,315,0,130797,0,392029,0,0,135,200,297,2558,0,0,217192,0,0
185,0,2,0,0,0,0,0,1358730,0,0,0,0,62,65632,0,0,0,0,0,0,0,0,0,0,0,0,0,0,0,0,130797,0,196117,65494,0,366,121,429,156,0,0,175928,0,65502
185,0,3,0,0,0,0,0,1358730,0,0,0,0,65,65632,0,0,0,0,0,0,0,0,0,0,0,0,0,0,0,0,130790,0,0,65496,0,142,54,0,82,0,0,69771,0,65507
185,0,4,0,0,0,0,0,1358730,0,0,0,0,71,65632,0,0,0,0,0,0,0,0,0,0,0,0,0,0,0,0,65413,0,0,65495,0,104,0,56,98,949927,0,0,0,65501
185,0,5,0,0,0,0,0,1358730,0,0,0,0,86,65632,0,0,0,0,0,0,0,0,0,0,0,0,0,0,0,0,65422,0,0,65494,815,201,0,2,186,0,0,814168,0,65482
185,0,6,0,0,0,0,0,1358730,0,0,0,0,91,65632,0,0,0,0,0,0,0,0,0,0,0,0,0,0,0,0,65420,0,0,65497,0,76,175,0,121,0,0,592836,0,65459
185,0,7,0,0,0,0,0,1358730,0,0,0,0,99,65632,0,0,0,0,0,0,0,0,0,0,0,0,0,0,0,0,65433,0,0,65489,0,185,67,0,238,0,0,237350,0,65457
185,0,8,0,0,0,0,0,1358730,0,0,0,0,87,65632,0,0,0,0,0,0,0,0,0,0,0,0,0,0,0,0,0,0,0,65489,0,52,0,62,186,1022353,0,0,0,65486
185,0,9,0,0,0,0,0,1358730,0,0,0,0,96,65632,0,0,0,0,0,0,0,0,0,0,0,0,0,0,0,0,0,0,0,65497,530,42,0,2,130,0,0,752805,0,65478
185,0,10,0,0,0,0,0,1358730,0,0,0,0,121,65632,0,0,0,0,0,0,0,0,0,0,0,0,0,0,0,0,0,0,0,65499,0,91,188,0,251,0,0,621488,0,65504
185,0,11,0,0,0,0,0,1358730,0,0,0,0,118,65632,0,0,0,0,0,0,0,0,0,0,0,0,0,0,0,0,0,0,0,65494,0,44,72,0,184,0,0,253727,0,65483
185,0,12,0,0,0,0,0,1358730,0,0,0,0,47,0,0,0,0,0,0,0,0,0,0,0,0,0,0,0,0,0,0,0,0,0,0,0,0,45,93,0,0,0,0,0
185,0,13,0,0,0,0,0,1358730,0,0,0,0,53,0,0,0,0,0,0,0,0,0,0,0,0,0,0,0,0,0,0,0,0,0,178,0,0,0,109,0,0,0,0,0
185,0,14,0,0,0,0,0,1358730,0,0,0,0,53,0,0,0,0,0,0,0,0,0,0,0,0,0,0,0,0,0,0,0,0,0,0,0,80,0,60,0,0,0,0,0
185,0,15,0,0,0,0,0,1358730,0,0,0,0,41,0,0,0,0,0,0,0,0,0,0,0,0,0,0,0,0,0,0,0,0,0,0,0,39,0,93,0,0,0,0,0
186,0,0,0,0,0,0,0,2717435,0,0,642,655520,136,0,0,0,0,0,4692,0,0,0,0,0,0,0,0,642,642,0,261570,0,1044640,655520,0,390,0,136,284,0,0,0,0,1877206
186,0,1,0,0,0,0,0,1358718,4692,0,0,0,1513,0,0,0,0,0,4692,0,0,0,0,0,0,0,0,0,319,0,130798,0,392027,0,0,139,200,308,2544,0,0,217157,0,0
186,0,2,0,0,0,0,0,1358718,0,0,0,0,64,65632,0,0,0,0,0,0,0,0,0,0,0,0,0,0,0,0,130800,0,196121,65495,0,367,119,416,159,0,0,171861,0,65497
186,0,3,0,0,0,0,0,1358718,0,0,0,0,64,65632,0,0,0,0,0,0,0,0,0,0,0,0,0,0,0,0,130790,0,0,65495,0,156,54,0,81,0,0,69805,0,65511
186,0,4,0,0,0,0,0,1358718,0,0,0,0,69,65632,0,0,0,0,0,0,0,0,0,0,0,0,0,0,0,0,65414,0,0,65495,0,109,0,58,93,949950,0,0,0,65491
186,0,5,0,0,0,0,0,1358718,0,0,0,0,87,65632,0,0,0,0,0,0,0,0,0,0,0,0,0,0,0,0,65420,0,0,65494,816,196,0,0,188,0,0,814191,0,65477
186,0,6,0,0,0,0,0,1358718,0,0,0,0,96,65632,0,0,0,0,0,0,0,0,0,0,0,0,0,0,0,0,65420,0,0,65498,0,76,171,3,125,0,0,592789,0,65458
186,0,7,0,0,0,0,0,1358718,0,0,0,0,102,65632,0,0,0,0,0,0,0,0,0,0,0,0,0,0,0,0,65434,0,0,65490,0,173,65,0,235,0,0,237325,0,65455
186,0,8,0,0,0,0,0,1358718,0,0,0,0,90,65632,0,0,0,0,0,0,0,0,0,0,0,0,0,0,0,0,0,0,0,65489,0,52,0,59,184,1010152,0,0,0,65490
186,0,9,0,0,0,0,0,1358718,0,0,0,0,99,65632,0,0,0,0,0,0,0,0,0,0,0,0,0,0,0,0,0,0,0,65498,532,42,0,2,138,0,0,748754,0,65479
186,0,10,0,0,0,0,0,1358718,0,0,0,0,118,65632,0,0,0,0,0,0,0,0,0,0,0,0,0,0,0,0,0,0,0,65500,0,91,186,0,248,0,0,621450,0,65499
186,0,11,0,0,0,0,0,1358718,0,0,0,0,114,65632,0,0,0,0,0,0,0,0,0,0,0,0,0,0,0,0,0,0,0,65493,0,48,77,0,187,0,0,253719,0,65475
186,0,12,0,0,0,0,0,1358718,0,0,0,0,47,0,0,0,0,0,0,0,0,0,0,0,0,0,0,0,0,0,0,0,0,0,0,0,0,45,93,0,0,0,0,0
186,0,13,0,0,0,0,0,1358718,0,0,0,0,53,0,0,0,0,0,0,0,0,0,0,0,0,0,0,0,0,0,0,0,0,0,178,0,0,0,109,0,0,0,0,0
186,0,14,0,0,0,0,0,1358718,0,0,0,0,53,0,0,0,0,0,0,0,0,0,0,0,0,0,0,0,0,0,0,0,0,0,0,0,80,0,60,0,0,0,0,0
186,0,15,0,0,0,0,0,1358718,0,0,0,0,41,0,0,0,0,0,0,0,0,0,0,0,0,0,0,0,0,0,0,0,0,0,0,0,39,0,89,0,0,0,0,0
187,0,0,0,0,0,0,0,3502257,0,0,838,852176,136,0,0,0,0,0,5004,0,0,0,0,0,0,0,0,838,838,0,392170,0,1305409,852176,0,457,0,136,284,0,0,0,0,2451009
187,0,1,0,0,0,0,0,1751129,5004,0,0,0,1654,0,0,0,0,0,5004,0,0,0,0,0,0,0,0,0,436,0,196102,0,457212,0,0,163,224,318,2769,0,0,204853,0,0
187,0,2,0,0,0,0,0,1751129,0,0,0,0,65,65632,0,0,0,0,0,0,0,0,0,0,0,0,0,0,0,0,196086,0,196070,65495,0,414,108,409,157,0,0,175927,0,65485
187,0,3,0,0,0,0,0,1751129,0,0,0,0,61,65632,0,0,0,0,0,0,0,0,0,0,0,0,0,0,0,0,130774,0,0,65493,0,137,54,0,77,0,0,61577,0,65515
187,0,4,0,0,0,0,0,1751129,0,0,0,0,67,65632,0,0,0,0,0,0,0,0,0,0,0,0,0,0,0,0,130787,0,0,65494,0,132,0,52,92,1183805,0,0,0,65503
187,0,5,0,0,0,0,0,1751129,0,0,0,0,77,65632,0,0,0,0,0,0,0,0,0,0,0,0,0,0,0,0,130810,0,0,65493,933,268,0,1,167,0,0,732421,0,65439
187,0,6,0,0,0,0,0,1751129,0,0,0,0,80,65632,0,0,0,0,0,0,0,0,0,0,0,0,0,0,0,0,130783,0,0,65497,0,109,154,2,108,0,0,531455,0,65504
187,0,7,0,0,0,0,0,1751129,0,0,0,0,91,65632,0,0,0,0,0,0,0,0,0,0,0,0,0,0,0,0,65414,0,0,65489,0,177,54,0,218,0,0,241397,0,65474
187,0,8,0,0,0,0,0,1751129,0,0,0,0,81,65632,0,0,0,0,0,0,0,0,0,0,0,0,0,0,0,0,65419,0,0,65488,0,107,0,62,172,1361767,0,0,0,65467
187,0,9,0,0,0,0,0,1751129,0,0,0,0,96,65632,0,0,0,0,0,0,0,0,0,0,0,0,0,0,0,0,65416,0,0,65497,647,76,0,1,130,0,0,1406467,0,65433
187,0,10,0,0,0,0,0,1751129,0,0,0,0,112,65632,0,0,0,0,0,0,0,0,0,0,0,0,0,0,0,0,65417,0,0,65497,0,159,196,2,242,0,0,915574,0,65477
187,0,11,0,0,0,0,0,1751129,0,0,0,0,119,65632,0,0,0,0,0,0,0,0,0,0,0,0,0,0,0,0,0,0,0,65494,0,44,72,0,190,0,0,343625,0,65452
187,0,12,0,0,0,0,0,1751129,0,0,0,0,103,65632,0,0,0,0,0,0,0,0,0,0,0,0,0,0,0,0,0,0,0,65499,0,0,0,68,175,1230805,0,0,0,65499
187,0,13,0,0,0,0,0,1751129,0,0,0,0,122,65632,0,0,0,0,0,0,0,0,0,0,0,0,0,0,0,0,0,0,0,65501,322,0,0,0,245,0,0,768341,0,65511
187,0,14,0,0,0,0,0,1751129,0,0,0,0,112,65632,0,0,0,0,0,0,0,0,0,0,0,0,0,0,0,0,0,0,0,65500,0,0,120,2,152,0,0,363850,0,65474
187,0,15,0,0,0,0,0,1751129,0,0,0,0,41,0,0,0,0,0,0,0,0,0,0,0,0,0,0,0,0,0,0,0,0,0,0,0,39,0,94,0,0,0,0,0
188,0,0,0,0,0,0,0,3502344,0,0,838,852176,136,0,0,0,0,0,5007,0,0,0,0,0,0,0,0,838,838,0,392169,0,1305355,852176,0,457,0,136,284,0,0,0,0,2450986
188,0,1,0,0,0,0,0,1751172,5007,0,0,0,1659,0,0,0,0,0,5007,0,0,0,0,0,0,0,0,0,438,0,196105,0,457192,0,0,158,224,318,2750,0,0,204835,0,0
188,0,2,0,0,0,0,0,1751172,0,0,0,0,63,65632,0,0,0,0,0,0,0,0,0,0,0,0,0,0,0,0,196065,0,196080,65493,0,421,113,401,156,0,0,175962,0,65485
188,0,3,0,0,0,0,0,1751172,0,0,0,0,64,65632,0,0,0,0,0,0,0,0,0,0,0,0,0,0,0,0,130785,0,0,65491,0,145,51,0,80,0,0,61577,0,65525
188,0,4,0,0,0,0,0,1751172,0,0,0,0,68,65632,0,0,0,0,0,0,0,0,0,0,0,0,0,0,0,0,130790,0,0,65494,0,131,0,51,94,1187900,0,0,0,65506
188,0,5,0,0,0,0,0,1751172,0,0,0,0,80,65632,0,0,0,0,0,0,0,0,0,0,0,0,0,0,0,0,130807,0,0,65494,952,271,0,1,172,0,0,728322,0,65445
188,0,6,0,0,0,0,0,1751172,0,0,0,0,84,65632,0,0,0,0,0,0,0,0,0,0,0,0,0,0,0,0,130782,0,0,65492,0,104,143,2,110,0,0,531444,0,65505
188,0,7,0,0,0,0,0,1751172,0,0,0,0,84,65632,0,0,0,0,0,0,0,0,0,0,0,0,0,0,0,0,65424,0,0,65487,0,173,61,0,207,0,0,241367,0,65471
188,0,8,0,0,0,0,0,1751172,0,0,0,0,81,65632,0,0,0,0,0,0,0,0,0,0,0,0,0,0,0,0,65414,0,0,65488,0,107,0,62,173,1361783,0,0,0,65466
188,0,9,0,0,0,0,0,1751172,0,0,0,0,98,65632,0,0,0,0,0,0,0,0,0,0,0,0,0,0,0,0,65419,0,0,65498,637,73,0,1,132,0,0,1402406,0,65435
188,0,10,0,0,0,0,0,1751172,0,0,0,0,118,65632,0,0,0,0,0,0,0,0,0,0,0,0,0,0,0,0,65414,0,0,65496,0,161,194,1,251,0,0,915523,0,65475
188,0,11,0,0,0,0,0,1751172,0,0,0,0,121,65632,0,0,0,0,0,0,0,0,0,0,0,0,0,0,0,0,0,0,0,65496,0,46,69,0,196,0,0,343565,0,65447
188,0,12,0,0,0,0,0,1751172,0,0,0,0,111,65632,0,0,0,0,0,0,0,0,0,0,0,0,0,0,0,0,0,0,0,65501,0,0,0,60,183,1234879,0,0,0,65494
188,0,13,0,0,0,0,0,1751172,0,0,0,0,126,65632,0,0,0,0,0,0,0,0,0,0,0,0,0,0,0,0,0,0,0,65500,332,0,0,1,252,0,0,768358,0,65511
188,0,14,0,0,0,0,0,1751172,0,0,0,0,119,65632,0,0,0,0,0,0,0,0,0,0,0,0,0,0,0,0,0,0,0,65498,0,0,113,1,157,0,0,363797,0,65477
188,0,15,0,0,0,0,0,1751172,0,0,0,0,41,0,0,0,0,0,0,0,0,0,0,0,0,0,0,0,0,0,0,0,0,0,0,0,39,0,93,0,0,0,0,0
189,0,0,0,0,0,0,0,3502137,0,0,838,852176,136,0,0,0,0,0,5004,0,0,0,0,0,0,0,0,838,838,0,392170,0,1305378,852176,0,457,0,136,284,0,0,0,0,2450915
189,0,1,0,0,0,0,0,1751068,5004,0,0,0,1648,0,0,0,0,0,5004,0,0,0,0,0,0,0,0,0,440,0,196094,0,457212,0,0,155,222,334,2744,0,0,204856,0,0
189,0,2,0,0,0,0,0,1751068,0,0,0,0,59,65632,0,0,0,0,0,0,0,0,0,0,0,0,0,0,0,0,196086,0,196074,65495,0,406,115,404,149,0,0,171845,0,65495
189,0,3,0,0,0,0,0,1751068,0,0,0,0,62,65632,0,0,0,0,0,0,0,0,0,0,0,0,0,0,0,0,130772,0,0,65494,0,142,52,0,79,0,0,61606,0,65514
189,0,4,0,0,0,0,0,1751068,0,0,0,0,62,65632,0,0,0,0,0,0,0,0,0,0,0,0,0,0,0,0,130789,0,0,65494,0,129,0,57,86,1183906,0,0,0,65510
189,0,5,0,0,0,0,0,1751068,0,0,0,0,77,65632,0,0,0,0,0,0,0,0,0,0,0,0,0,0,0,0,130809,0,0,65493,945,269,0,0,174,0,0,728349,0,65449
189,0,6,0,0,0,0,0,1751068,0,0,0,0,80,65632,0,0,0,0,0,0,0,0,0,0,0,0,0,0,0,0,130788,0,0,65497,0,118,151,2,107,0,0,531461,0,65492
189,0,7,0,0,0,0,0,1751068,0,0,0,0,86,65632,0,0,0,0,0,0,0,0,0,0,0,0,0,0,0,0,65417,0,0,65488,0,176,58,0,210,0,0,241446,0,65465
189,0,8,0,0,0,0,0,1751068,0,0,0,0,81,65632,0,0,0,0,0,0,0,0,0,0,0,0,0,0,0,0,65415,0,0,65489,0,109,0,62,173,1361700,0,0,0,65464
189,0,9,0,0,0,0,0,1751068,0,0,0,0,104,65632,0,0,0,0,0,0,0,0,0,0,0,0,0,0,0,0,65414,0,0,65497,634,75,0,1,138,0,0,1402312,0,65434
189,0,10,0,0,0,0,0,1751068,0,0,0,0,124,65632,0,0,0,0,0,0,0,0,0,0,0,0,0,0,0,0,65417,0,0,65501,0,152,194,1,252,0,0,915457,0,65479
189,0,11,0,0,0,0,0,1751068,0,0,0,0,127,65632,0,0,0,0,0,0,0,0,0,0,0,0,0,0,0,0,0,0,0,65493,0,45,63,0,200,0,0,347661,0,65445
189,0,12,0,0,0,0,0,1751068,0,0,0,0,105,65632,0,0,0,0,0,0,0,0,0,0,0,0,0,0,0,0,0,0,0,65500,0,0,0,66,175,1230719,0,0,0,65496
189,0,13,0,0,0,0,0,1751068,0,0,0,0,114,65632,0,0,0,0,0,0,0,0,0,0,0,0,0,0,0,0,0,0,0,65501,329,0,0,1,238,0,0,768317,0,65506
189,0,14,0,0,0,0,0,1751068,0,0,0,0,110,65632,0,0,0,0,0,0,0,0,0,0,0,0,0,0,0,0,0,0,0,65500,0,0,122,1,157,0,0,363886,0,65470
189,0,15,0,0,0,0,0,1751068,0,0,0,0,41,0,0,0,0,0,0,0,0,0,0,0,0,0,0,0,0,0,0,0,0,0,0,0,39,0,94,0,0,0,0,0
190,0,0,0,0,0,0,0,364315,0,0,18,65540,136,0,0,0,0,0,3705,0,0,0,0,0,0,0,0,18,18,0,0,0,130988,65540,0,294,0,136,284,0,0,0,0,65560
190,0,1,0,0,0,0,0,182158,3705,0,0,0,1105,0,0,0,0,0,3705,0,0,0,0,0,0,0,0,0,5,0,0,0,65512,0,0,84,170,168,1831,0,0,65560,0,0
190,0,2,0,0,0,0,0,182158,0,0,0,0,58,65560,0,0,0,0,0,0,0,0,0,0,0,0,0,0,0,0,0,0,0,65524,0,249,97,283,150,0,0,0,0,65560
190,0,3,0,0,0,0,0,182158,0,0,0,0,47,0,0,0,0,0,0,0,0,0,0,0,0,0,0,0,0,0,0,0,0,0,0,91,45,0,54,0,0,0,0,0
190,0,4,0,0,0,0,0,182158,0,0,0,0,47,0,0,0,0,0,0,0,0,0,0,0,0,0,0,0,0,0,0,0,0,0,0,87,0,45,62,0,0,0,0,0
190,0,5,0,0,0,0,0,182158,0,0,0,0,47,0,0,0,0,0,0,0,0,0,0,0,0,0,0,0,0,0,0,0,0,0,537,148,0,0,109,0,0,0,0,0
190,0,6,0,0,0,0,0,182158,0,0,0,0,47,0,0,0,0,0,0,0,0,0,0,0,0,0,0,0,0,0,0,0,0,0,0,40,98,0,52,0,0,0,0,0
190,0,7,0,0,0,0,0,182158,0,0,0,0,53,0,0,0,0,0,0,0,0,0,0,0,0,0,0,0,0,0,0,0,0,0,0,105,39,0,140,0,0,0,0,0
190,0,8,0,0,0,0,0,182158,0,0,0,0,50,0,0,0,0,0,0,0,0,0,0,0,0,0,0,0,0,0,0,0,0,0,0,52,0,42,107,0,0,0,0,0
190,0,9,0,0,0,0,0,182158,0,0,0,0,47,0,0,0,0,0,0,0,0,0,0,0,0,0,0,0,0,0,0,0,0,0,365,42,0,0,53,0,0,0,0,0
190,0,10,0,0,0,0,0,182158,0,0,0,0,53,0,0,0,0,0,0,0,0,0,0,0,0,0,0,0,0,0,0,0,0,0,0,91,92,0,118,0,0,0,0,0
190,0,11,0,0,0,0,0,182158,0,0,0,0,53,0,0,0,0,0,0,0,0,0,0,0,0,0,0,0,0,0,0,0,0,0,0,39,39,0,94,0,0,0,0,0
190,0,12,0,0,0,0,0,182158,0,0,0,0,47,0,0,0,0,0,0,0,0,0,0,0,0,0,0,0,0,0,0,0,0,0,0,0,0,45,93,0,0,0,0,0
190,0,13,0,0,0,0,0,182158,0,0,0,0,53,0,0,0,0,0,0,0,0,0,0,0,0,0,0,0,0,0,0,0,0,0,178,0,0,0,109,0,0,0,0,0
190,0,14,0,0,0,0,0,182158,0,0,0,0,53,0,0,0,0,0,0,0,0,0,0,0,0,0,0,0,0,0,0,0,0,0,0,0,80,0,60,0,0,0,0,0
190,0,15,0,0,0,0,0,182158,0,0,0,0,41,0,0,0,0,0,0,0,0,0,0,0,0,0,0,0,0,0,0,0,0,0,0,0,39,0,89,0,0,0,0,0
191,0,0,0,0,0,0,0,364315,0,0,18,65540,136,0,0,0,0,0,3705,0,0,0,0,0,0,0,0,18,18,0,0,0,130988,65540,0,294,0,136,284,0,0,0,0,65560
191,0,1,0,0,0,0,0,182158,3705,0,0,0,1105,0,0,0,0,0,3705,0,0,0,0,0,0,0,0,0,5,0,0,0,65512,0,0,84,170,168,1831,0,0,65560,0,0
191,0,2,0,0,0,0,0,182158,0,0,0,0,58,65560,0,0,0,0,0,0,0,0,0,0,0,0,0,0,0,0,0,0,0,65524,0,249,97,283,150,0,0,0,0,65560
191,0,3,0,0,0,0,0,182158,0,0,0,0,47,0,0,0,0,0,0,0,0,0,0,0,0,0,0,0,0,0,0,0,0,0,0,91,45,0,54,0,0,0,0,0
191,0,4,0,0,0,0,0,182158,0,0,0,0,47,0,0,0,0,0,0,0,0,0,0,0,0,0,0,0,0,0,0,0,0,0,0,87,0,45,62,0,0,0,0,0
191,0,5,0,0,0,0,0,182158,0,0,0,0,47,0,0,0,0,0,0,0,0,0,0,0,0,0,0,0,0,0,0,0,0,0,537,148,0,0,109,0,0,0,0,0
191,0,6,0,0,0,0,0,182158,0,0,0,0,47,0,0,0,0,0,0,0,0,0,0,0,0,0,0,0,0,0,0,0,0,0,0,40,98,0,52,0,0,0,0,0
191,0,7,0,0,0,0,0,182158,0,0,0,0,53,0,0,0,0,0,0,0,0,0,0,0,0,0,0,0,0,0,0,0,0,0,0,105,39,0,140,0,0,0,0,0
191,0,8,0,0,0,0,0,182158,0,0,0,0,50,0,0,0,0,0,0,0,0,0,0,0,0,0,0,0,0,0,0,0,0,0,0,52,0,42,107,0,0,0,0,0
191,0,9,0,0,0,0,0,182158,0,0,0,0,47,0,0,0,0,0,0,0,0,0,0,0,0,0,0,0,0,0,0,0,0,0,365,42,0,0,53,0,0,0,0,0
191,0,10,0,0,0,0,0,182158,0,0,0,0,53,0,0,0,0,0,0,0,0,0,0,0,0,0,0,0,0,0,0,0,0,0,0,91,92,0,118,0,0,0,0,0
191,0,11,0,0,0,0,0,182158,0,0,0,0,53,0,0,0,0,0,0,0,0,0,0,0,0,0,0,0,0,0,0,0,0,0,0,39,39,0,94,0,0,0,0,0
191,0,12,0,0,0,0,0,182158,0,0,0,0,47,0,0,0,0,0,0,0,0,0,0,0,0,0,0,0,0,0,0,0,0,0,0,0,0,45,93,0,0,0,0,0
191,0,13,0,0,0,0,0,182158,0,0,0,0,53,0,0,0,0,0,0,0,0,0,0,0,0,0,0,0,0,0,0,0,0,0,178,0,0,0,109,0,0,0,0,0
191,0,14,0,0,0,0,0,182158,0,0,0,0,53,0,0,0,0,0,0,0,0,0,0,0,0,0,0,0,0,0,0,0,0,0,0,0,80,0,60,0,0,0,0,0
191,0,15,0,0,0,0,0,182158,0,0,0,0,41,0,0,0,0,0,0,0,0,0,0,0,0,0,0,0,0,0,0,0,0,0,0,0,39,0,89,0,0,0,0,0
192,0,0,0,0,0,0,0,364309,0,0,18,65540,136,0,0,0,0,0,3705,0,0,0,0,0,0,0,0,18,18,0,0,0,130987,65540,0,294,0,136,284,0,0,0,0,65560
192,0,1,0,0,0,0,0,182155,3705,0,0,0,1102,0,0,0,0,0,3705,0,0,0,0,0,0,0,0,0,5,0,0,0,65511,0,0,84,171,170,1830,0,0,65560,0,0
192,0,2,0,0,0,0,0,182155,0,0,0,0,60,65560,0,0,0,0,0,0,0,0,0,0,0,0,0,0,0,0,0,0,0,65524,0,249,95,283,150,0,0,0,0,65560
192,0,3,0,0,0,0,0,182155,0,0,0,0,47,0,0,0,0,0,0,0,0,0,0,0,0,0,0,0,0,0,0,0,0,0,0,91,45,0,54,0,0,0,0,0
192,0,4,0,0,0,0,0,182155,0,0,0,0,47,0,0,0,0,0,0,0,0,0,0,0,0,0,0,0,0,0,0,0,0,0,0,87,0,45,62,0,0,0,0,0
192,0,5,0,0,0,0,0,182155,0,0,0,0,47,0,0,0,0,0,0,0,0,0,0,0,0,0,0,0,0,0,0,0,0,0,537,148,0,0,109,0,0,0,0,0
192,0,6,0,0,0,0,0,182155,0,0,0,0,47,0,0,0,0,0,0,0,0,0,0,0,0,0,0,0,0,0,0,0,0,0,0,40,98,0,52,0,0,0,0,0
192,0,7,0,0,0,0,0,182155,0,0,0,0,53,0,0,0,0,0,0,0,0,0,0,0,0,0,0,0,0,0,0,0,0,0,0,105,39,0,140,0,0,0,0,0
192,0,8,0,0,0,0,0,182155,0,0,0,0,50,0,0,0,0,0,0,0,0,0,0,0,0,0,0,0,0,0,0,0,0,0,0,52,0,42,107,0,0,0,0,0
192,0,9,0,0,0,0,0,182155,0,0,0,0,47,0,0,0,0,0,0,0,0,0,0,0,0,0,0,0,0,0,0,0,0,0,365,42,0,0,53,0,0,0,0,0
192,0,10,0,0,0,0,0,182155,0,0,0,0,53,0,0,0,0,0,0,0,0,0,0,0,0,0,0,0,0,0,0,0,0,0,0,91,92,0,118,0,0,0,0,0
192,0,11,0,0,0,0,0,182155,0,0,0,0,53,0,0,0,0,0,0,0,0,0,0,0,0,0,0,0,0,0,0,0,0,0,0,39,39,0,94,0,0,0,0,0
192,0,12,0,0,0,0,0,182155,0,0,0,0,47,0,0,0,0,0,0,0,0,0,0,0,0,0,0,0,0,0,0,0,0,0,0,0,0,45,93,0,0,0,0,0
192,0,13,0,0,0,0,0,182155,0,0,0,0,53,0,0,0,0,0,0,0,0,0,0,0,0,0,0,0,0,0,0,0,0,0,178,0,0,0,109,0,0,0,0,0
192,0,14,0,0,0,0,0,182155,0,0,0,0,53,0,0,0,0,0,0,0,0,0,0,0,0,0,0,0,0,0,0,0,0,0,0,0,80,0,60,0,0,0,0,0
192,0,15,0,0,0,0,0,182155,0,0,0,0,41,0,0,0,0,0,0,0,0,0,0,0,0,0,0,0,0,0,0,0,0,0,0,0,39,0,89,0,0,0,0,0
193,0,0,0,0,0,0,0,626084,0,0,34,131080,136,0,0,0,0,0,3735,0,0,0,0,0,0,0,0,34,34,0,0,0,261943,131080,0,294,0,136,284,0,0,0,0,229059
193,0,1,0,0,0,0,0,313042,3735,0,0,0,1117,0,0,0,0,0,3735,0,0,0,0,0,0,0,0,0,15,0,0,0,131006,0,0,84,169,174,1845,0,0,65577,0,0
193,0,2,0,0,0,0,0,313042,0,0,0,0,55,65560,0,0,0,0,0,0,0,0,0,0,0,0,0,0,0,0,0,0,65506,65524,0,249,109,297,144,0,0,65552,0,65544
193,0,3,0,0,0,0,0,313042,0,0,0,0,58,65560,0,0,0,0,0,0,0,0,0,0,0,0,0,0,0,0,0,0,0,65527,0,92,50,0,70,0,0,21,0,65548
193,0,4,0,0,0,0,0,313042,0,0,0,0,47,0,0,0,0,0,0,0,0,0,0,0,0,0,0,0,0,0,0,0,0,0,0,87,0,45,62,0,0,0,0,0
193,0,5,0,0,0,0,0,313042,0,0,0,0,47,0,0,0,0,0,0,0,0,0,0,0,0,0,0,0,0,0,0,0,0,0,537,148,0,0,109,0,0,0,0,0
193,0,6,0,0,0,0,0,313042,0,0,0,0,47,0,0,0,0,0,0,0,0,0,0,0,0,0,0,0,0,0,0,0,0,0,0,40,98,0,52,0,0,0,0,0
193,0,7,0,0,0,0,0,313042,0,0,0,0,53,0,0,0,0,0,0,0,0,0,0,0,0,0,0,0,0,0,0,0,0,0,0,105,39,0,140,0,0,0,0,0
193,0,8,0,0,0,0,0,313042,0,0,0,0,50,0,0,0,0,0,0,0,0,0,0,0,0,0,0,0,0,0,0,0,0,0,0,52,0,42,107,0,0,0,0,0
193,0,9,0,0,0,0,0,313042,0,0,0,0,47,0,0,0,0,0,0,0,0,0,0,0,0,0,0,0,0,0,0,0,0,0,365,42,0,0,53,0,0,0,0,0
193,0,10,0,0,0,0,0,313042,0,0,0,0,53,0,0,0,0,0,0,0,0,0,0,0,0,0,0,0,0,0,0,0,0,0,0,91,92,0,118,0,0,0,0,0
193,0,11,0,0,0,0,0,313042,0,0,0,0,53,0,0,0,0,0,0,0,0,0,0,0,0,0,0,0,0,0,0,0,0,0,0,40,39,0,94,0,0,0,0,0
193,0,12,0,0,0,0,0,313042,0,0,0,0,47,0,0,0,0,0,0,0,0,0,0,0,0,0,0,0,0,0,0,0,0,0,0,0,0,45,93,0,0,0,0,0
193,0,13,0,0,0,0,0,313042,0,0,0,0,53,0,0,0,0,0,0,0,0,0,0,0,0,0,0,0,0,0,0,0,0,0,178,0,0,0,109,0,0,0,0,0
193,0,14,0,0,0,0,0,313042,0,0,0,0,53,0,0,0,0,0,0,0,0,0,0,0,0,0,0,0,0,0,0,0,0,0,0,0,80,0,60,0,0,0,0,0
193,0,15,0,0,0,0,0,313042,0,0,0,0,41,0,0,0,0,0,0,0,0,0,0,0,0,0,0,0,0,0,0,0,0,0,0,0,39,0,89,0,0,0,0,0
194,0,0,0,0,0,0,0,626044,0,0,34,131080,136,0,0,0,0,0,3735,0,0,0,0,0,0,0,0,34,34,0,0,0,261944,131080,0,294,0,136,284,0,0,0,0,229019
194,0,1,0,0,0,0,0,313022,3735,0,0,0,1113,0,0,0,0,0,3735,0,0,0,0,0,0,0,0,0,16,0,0,0,131007,0,0,84,169,178,1841,0,0,65604,0,0
194,0,2,0,0,0,0,0,313022,0,0,0,0,55,65560,0,0,0,0,0,0,0,0,0,0,0,0,0,0,0,0,0,0,65506,65524,0,249,109,293,144,0,0,65538,0,65548
194,0,3,0,0,0,0,0,313022,0,0,0,0,59,65560,0,0,0,0,0,0,0,0,0,0,0,0,0,0,0,0,0,0,0,65527,0,91,50,0,75,0,0,26,0,65547
194,0,4,0,0,0,0,0,313022,0,0,0,0,47,0,0,0,0,0,0,0,0,0,0,0,0,0,0,0,0,0,0,0,0,0,0,87,0,45,61,0,0,0,0,0
194,0,5,0,0,0,0,0,313022,0,0,0,0,47,0,0,0,0,0,0,0,0,0,0,0,0,0,0,0,0,0,0,0,0,0,537,148,0,0,109,0,0,0,0,0
194,0,6,0,0,0,0,0,313022,0,0,0,0,47,0,0,0,0,0,0,0,0,0,0,0,0,0,0,0,0,0,0,0,0,0,0,40,98,0,52,0,0,0,0,0
194,0,7,0,0,0,0,0,313022,0,0,0,0,53,0,0,0,0,0,0,0,0,0,0,0,0,0,0,0,0,0,0,0,0,0,0,106,39,0,140,0,0,0,0,0
194,0,8,0,0,0,0,0,313022,0,0,0,0,50,0,0,0,0,0,0,0,0,0,0,0,0,0,0,0,0,0,0,0,0,0,0,52,0,42,107,0,0,0,0,0
194,0,9,0,0,0,0,0,313022,0,0,0,0,47,0,0,0,0,0,0,0,0,0,0,0,0,0,0,0,0,0,0,0,0,0,365,42,0,0,53,0,0,0,0,0
194,0,10,0,0,0,0,0,313022,0,0,0,0,53,0,0,0,0,0,0,0,0,0,0,0,0,0,0,0,0,0,0,0,0,0,0,91,92,0,118,0,0,0,0,0
194,0,11,0,0,0,0,0,313022,0,0,0,0,53,0,0,0,0,0,0,0,0,0,0,0,0,0,0,0,0,0,0,0,0,0,0,39,39,0,94,0,0,0,0,0
194,0,12,0,0,0,0,0,313022,0,0,0,0,47,0,0,0,0,0,0,0,0,0,0,0,0,0,0,0,0,0,0,0,0,0,0,0,0,45,93,0,0,0,0,0
194,0,13,0,0,0,0,0,313022,0,0,0,0,53,0,0,0,0,0,0,0,0,0,0,0,0,0,0,0,0,0,0,0,0,0,178,0,0,0,109,0,0,0,0,0
194,0,14,0,0,0,0,0,313022,0,0,0,0,53,0,0,0,0,0,0,0,0,0,0,0,0,0,0,0,0,0,0,0,0,0,0,0,80,0,60,0,0,0,0,0
194,0,15,0,0,0,0,0,313022,0,0,0,0,41,0,0,0,0,0,0,0,0,0,0,0,0,0,0,0,0,0,0,0,0,0,0,0,39,0,90,0,0,0,0,0
195,0,0,0,0,0,0,0,626040,0,0,34,131080,136,0,0,0,0,0,3732,0,0,0,0,0,0,0,0,34,34,0,0,0,261944,131080,0,294,0,136,284,0,0,0,0,229030
195,0,1,0,0,0,0,0,313020,3732,0,0,0,1112,0,0,0,0,0,3732,0,0,0,0,0,0,0,0,0,17,0,0,0,131007,0,0,84,170,178,1840,0,0,65576,0,0
195,0,2,0,0,0,0,0,313020,0,0,0,0,55,65560,0,0,0,0,0,0,0,0,0,0,0,0,0,0,0,0,0,0,65506,65524,0,249,109,294,143,0,0,65553,0,65544
195,0,3,0,0,0,0,0,313020,0,0,0,0,59,65560,0,0,0,0,0,0,0,0,0,0,0,0,0,0,0,0,0,0,0,65527,0,91,50,0,74,0,0,21,0,65548
195,0,4,0,0,0,0,0,313020,0,0,0,0,47,0,0,0,0,0,0,0,0,0,0,0,0,0,0,0,0,0,0,0,0,0,0,87,0,45,62,0,0,0,0,0
195,0,5,0,0,0,0,0,313020,0,0,0,0,47,0,0,0,0,0,0,0,0,0,0,0,0,0,0,0,0,0,0,0,0,0,537,148,0,0,109,0,0,0,0,0
195,0,6,0,0,0,0,0,313020,0,0,0,0,47,0,0,0,0,0,0,0,0,0,0,0,0,0,0,0,0,0,0,0,0,0,0,40,98,0,52,0,0,0,0,0
195,0,7,0,0,0,0,0,313020,0,0,0,0,53,0,0,0,0,0,0,0,0,0,0,0,0,0,0,0,0,0,0,0,0,0,0,106,39,0,140,0,0,0,0,0
195,0,8,0,0,0,0,0,313020,0,0,0,0,50,0,0,0,0,0,0,0,0,0,0,0,0,0,0,0,0,0,0,0,0,0,0,52,0,42,107,0,0,0,0,0
195,0,9,0,0,0,0,0,313020,0,0,0,0,47,0,0,0,0,0,0,0,0,0,0,0,0,0,0,0,0,0,0,0,0,0,365,42,0,0,53,0,0,0,0,0
195,0,10,0,0,0,0,0,313020,0,0,0,0,53,0,0,0,0,0,0,0,0,0,0,0,0,0,0,0,0,0,0,0,0,0,0,91,92,0,118,0,0,0,0,0
195,0,11,0,0,0,0,0,313020,0,0,0,0,53,0,0,0,0,0,0,0,0,0,0,0,0,0,0,0,0,0,0,0,0,0,0,39,39,0,94,0,0,0,0,0
195,0,12,0,0,0,0,0,313020,0,0,0,0,47,0,0,0,0,0,0,0,0,0,0,0,0,0,0,0,0,0,0,0,0,0,0,0,0,45,93,0,0,0,0,0
195,0,13,0,0,0,0,0,313020,0,0,0,0,53,0,0,0,0,0,0,0,0,0,0,0,0,0,0,0,0,0,0,0,0,0,178,0,0,0,109,0,0,0,0,0
195,0,14,0,0,0,0,0,313020,0,0,0,0,53,0,0,0,0,0,0,0,0,0,0,0,0,0,0,0,0,0,0,0,0,0,0,0,80,0,60,0,0,0,0,0
195,0,15,0,0,0,0,0,313020,0,0,0,0,41,0,0,0,0,0,0,0,0,0,0,0,0,0,0,0,0,0,0,0,0,0,0,0,39,0,90,0,0,0,0,0
196,0,0,0,0,0,0,0,1149958,0,0,66,262160,136,0,0,0,0,0,3792,0,0,0,0,0,0,0,0,66,66,0,131019,0,392926,262160,0,313,0,136,284,0,0,0,0,688213
196,0,1,0,0,0,0,0,574979,3792,0,0,0,1133,0,0,0,0,0,3792,0,0,0,0,0,0,0,0,0,30,0,65504,0,131006,0,0,90,177,178,1877,0,0,229447,0,0
196,0,2,0,0,0,0,0,574979,0,0,0,0,57,65560,0,0,0,0,0,0,0,0,0,0,0,0,0,0,0,0,0,0,65508,65524,0,249,106,291,143,0,0,147426,0,65536
196,0,3,0,0,0,0,0,574979,0,0,0,0,58,65560,0,0,0,0,0,0,0,0,0,0,0,0,0,0,0,0,0,0,0,65526,0,93,48,0,73,0,0,81971,0,65524
196,0,4,0,0,0,0,0,574979,0,0,0,0,58,65560,0,0,0,0,0,0,0,0,0,0,0,0,0,0,0,0,0,0,0,65524,0,87,0,51,79,229267,0,0,0,65534
196,0,5,0,0,0,0,0,574979,0,0,0,0,59,65560,0,0,0,0,0,0,0,0,0,0,0,0,0,0,0,0,0,0,0,65528,552,148,0,1,134,0,0,49186,0,65526
196,0,6,0,0,0,0,0,574979,0,0,0,0,47,0,0,0,0,0,0,0,0,0,0,0,0,0,0,0,0,0,0,0,0,0,0,40,98,1,52,0,0,0,0,0
196,0,7,0,0,0,0,0,574979,0,0,0,0,53,0,0,0,0,0,0,0,0,0,0,0,0,0,0,0,0,0,0,0,0,0,0,105,39,0,140,0,0,0,0,0
196,0,8,0,0,0,0,0,574979,0,0,0,0,50,0,0,0,0,0,0,0,0,0,0,0,0,0,0,0,0,0,0,0,0,0,0,52,0,42,107,0,0,0,0,0
196,0,9,0,0,0,0,0,574979,0,0,0,0,47,0,0,0,0,0,0,0,0,0,0,0,0,0,0,0,0,0,0,0,0,0,365,42,0,0,53,0,0,0,0,0
196,0,10,0,0,0,0,0,574979,0,0,0,0,53,0,0,0,0,0,0,0,0,0,0,0,0,0,0,0,0,0,0,0,0,0,0,91,92,0,118,0,0,0,0,0
196,0,11,0,0,0,0,0,574979,0,0,0,0,53,0,0,0,0,0,0,0,0,0,0,0,0,0,0,0,0,0,0,0,0,0,0,42,39,0,94,0,0,0,0,0
196,0,12,0,0,0,0,0,574979,0,0,0,0,47,0,0,0,0,0,0,0,0,0,0,0,0,0,0,0,0,0,0,0,0,0,0,0,0,45,93,0,0,0,0,0
196,0,13,0,0,0,0,0,574979,0,0,0,0,53,0,0,0,0,0,0,0,0,0,0,0,0,0,0,0,0,0,0,0,0,0,178,0,0,0,109,0,0,0,0,0
196,0,14,0,0,0,0,0,574979,0,0,0,0,53,0,0,0,0,0,0,0,0,0,0,0,0,0,0,0,0,0,0,0,0,0,0,0,80,0,60,0,0,0,0,0
196,0,15,0,0,0,0,0,574979,0,0,0,0,41,0,0,0,0,0,0,0,0,0,0,0,0,0,0,0,0,0,0,0,0,0,0,0,39,0,89,0,0,0,0,0
197,0,0,0,0,0,0,0,1150060,0,0,66,262160,136,0,0,0,0,0,3795,0,0,0,0,0,0,0,0,66,66,0,131019,0,392927,262160,0,313,0,136,284,0,0,0,0,688277
197,0,1,0,0,0,0,0,575030,3795,0,0,0,1136,0,0,0,0,0,3795,0,0,0,0,0,0,0,0,0,34,0,65507,0,131003,0,0,91,178,173,1875,0,0,229481,0,0
197,0,2,0,0,0,0,0,575030,0,0,0,0,53,65560,0,0,0,0,0,0,0,0,0,0,0,0,0,0,0,0,0,0,65510,65525,0,249,108,294,142,0,0,147444,0,65536
197,0,3,0,0,0,0,0,575030,0,0,0,0,58,65560,0,0,0,0,0,0,0,0,0,0,0,0,0,0,0,0,0,0,0,65525,0,91,49,0,71,0,0,81972,0,65524
197,0,4,0,0,0,0,0,575030,0,0,0,0,58,65560,0,0,0,0,0,0,0,0,0,0,0,0,0,0,0,0,0,0,0,65524,0,87,0,51,80,229285,0,0,0,65538
197,0,5,0,0,0,0,0,575030,0,0,0,0,57,65560,0,0,0,0,0,0,0,0,0,0,0,0,0,0,0,0,0,0,0,65526,555,148,0,0,131,0,0,49189,0,65527
197,0,6,0,0,0,0,0,575030,0,0,0,0,47,0,0,0,0,0,0,0,0,0,0,0,0,0,0,0,0,0,0,0,0,0,0,40,98,2,52,0,0,0,0,0
197,0,7,0,0,0,0,0,575030,0,0,0,0,53,0,0,0,0,0,0,0,0,0,0,0,0,0,0,0,0,0,0,0,0,0,0,106,39,0,140,0,0,0,0,0
197,0,8,0,0,0,0,0,575030,0,0,0,0,50,0,0,0,0,0,0,0,0,0,0,0,0,0,0,0,0,0,0,0,0,0,0,52,0,42,107,0,0,0,0,0
197,0,9,0,0,0,0,0,575030,0,0,0,0,47,0,0,0,0,0,0,0,0,0,0,0,0,0,0,0,0,0,0,0,0,0,365,42,0,0,53,0,0,0,0,0
197,0,10,0,0,0,0,0,575030,0,0,0,0,53,0,0,0,0,0,0,0,0,0,0,0,0,0,0,0,0,0,0,0,0,0,0,91,92,0,118,0,0,0,0,0
197,0,11,0,0,0,0,0,575030,0,0,0,0,53,0,0,0,0,0,0,0,0,0,0,0,0,0,0,0,0,0,0,0,0,0,0,41,39,0,94,0,0,0,0,0
197,0,12,0,0,0,0,0,575030,0,0,0,0,47,0,0,0,0,0,0,0,0,0,0,0,0,0,0,0,0,0,0,0,0,0,0,0,0,45,93,0,0,0,0,0
197,0,13,0,0,0,0,0,575030,0,0,0,0,53,0,0,0,0,0,0,0,0,0,0,0,0,0,0,0,0,0,0,0,0,0,178,0,0,0,109,0,0,0,0,0
197,0,14,0,0,0,0,0,575030,0,0,0,0,53,0,0,0,0,0,0,0,0,0,0,0,0,0,0,0,0,0,0,0,0,0,0,0,80,0,60,0,0,0,0,0
197,0,15,0,0,0,0,0,575030,0,0,0,0,41,0,0,0,0,0,0,0,0,0,0,0,0,0,0,0,0,0,0,0,0,0,0,0,39,0,90,0,0,0,0,0
198,0,0,0,0,0,0,0,1149988,0,0,66,262160,136,0,0,0,0,0,3795,0,0,0,0,0,0,0,0,66,66,0,131020,0,392929,262160,0,313,0,136,284,0,0,0,0,688215
198,0,1,0,0,0,0,0,574994,3795,0,0,0,1133,0,0,0,0,0,3795,0,0,0,0,0,0,0,0,0,29,0,65506,0,131004,0,0,90,177,178,1875,0,0,229444,0,0
198,0,2,0,0,0,0,0,574994,0,0,0,0,57,65560,0,0,0,0,0,0,0,0,0,0,0,0,0,0,0,0,0,0,65512,65524,0,249,108,292,142,0,0,163825,0,65532
198,0,3,0,0,0,0,0,574994,0,0,0,0,61,65560,0,0,0,0,0,0,0,0,0,0,0,0,0,0,0,0,0,0,0,65524,0,92,46,0,75,0,0,81964,0,65527
198,0,4,0,0,0,0,0,574994,0,0,0,0,58,65560,0,0,0,0,0,0,0,0,0,0,0,0,0,0,0,0,0,0,0,65524,0,87,0,51,80,229293,0,0,0,65531
198,0,5,0,0,0,0,0,574994,0,0,0,0,59,65560,0,0,0,0,0,0,0,0,0,0,0,0,0,0,0,0,0,0,0,65527,552,148,0,1,134,0,0,49182,0,65529
198,0,6,0,0,0,0,0,574994,0,0,0,0,47,0,0,0,0,0,0,0,0,0,0,0,0,0,0,0,0,0,0,0,0,0,0,40,98,1,52,0,0,0,0,0
198,0,7,0,0,0,0,0,574994,0,0,0,0,53,0,0,0,0,0,0,0,0,0,0,0,0,0,0,0,0,0,0,0,0,0,0,106,39,0,140,0,0,0,0,0
198,0,8,0,0,0,0,0,574994,0,0,0,0,50,0,0,0,0,0,0,0,0,0,0,0,0,0,0,0,0,0,0,0,0,0,0,52,0,42,107,0,0,0,0,0
198,0,9,0,0,0,0,0,574994,0,0,0,0,47,0,0,0,0,0,0,0,0,0,0,0,0,0,0,0,0,0,0,0,0,0,365,42,0,0,53,0,0,0,0,0
198,0,10,0,0,0,0,0,574994,0,0,0,0,53,0,0,0,0,0,0,0,0,0,0,0,0,0,0,0,0,0,0,0,0,0,0,91,92,0,118,0,0,0,0,0
198,0,11,0,0,0,0,0,574994,0,0,0,0,53,0,0,0,0,0,0,0,0,0,0,0,0,0,0,0,0,0,0,0,0,0,0,41,39,0,94,0,0,0,0,0
198,0,12,0,0,0,0,0,574994,0,0,0,0,47,0,0,0,0,0,0,0,0,0,0,0,0,0,0,0,0,0,0,0,0,0,0,0,0,45,93,0,0,0,0,0
198,0,13,0,0,0,0,0,574994,0,0,0,0,53,0,0,0,0,0,0,0,0,0,0,0,0,0,0,0,0,0,0,0,0,0,178,0,0,0,109,0,0,0,0,0
198,0,14,0,0,0,0,0,574994,0,0,0,0,53,0,0,0,0,0,0,0,0,0,0,0,0,0,0,0,0,0,0,0,0,0,0,0,80,0,60,0,0,0,0,0
198,0,15,0,0,0,0,0,574994,0,0,0,0,41,0,0,0,0,0,0,0,0,0,0,0,0,0,0,0,0,0,0,0,0,0,0,0,39,0,90,0,0,0,0,0
199,0,0,0,0,0,0,0,1674056,0,0,98,393240,136,0,0,0,0,0,3855,0,0,0,0,0,0,0,0,98,98,0,131020,0,654809,393240,0,309,0,136,284,0,0,0,0,1015779
199,0,1,0,0,0,0,0,837028,3855,0,0,0,1160,0,0,0,0,0,3855,0,0,0,0,0,0,0,0,0,45,0,65510,0,261974,0,0,90,175,187,1920,0,0,213034,0,0
199,0,2,0,0,0,0,0,837028,0,0,0,0,53,65560,0,0,0,0,0,0,0,0,0,0,0,0,0,0,0,0,65506,0,131002,65526,0,265,102,306,137,0,0,163785,0,65536
199,0,3,0,0,0,0,0,837028,0,0,0,0,55,65560,0,0,0,0,0,0,0,0,0,0,0,0,0,0,0,0,65507,0,0,65526,0,99,48,0,67,0,0,81940,0,65527
199,0,4,0,0,0,0,0,837028,0,0,0,0,55,65560,0,0,0,0,0,0,0,0,0,0,0,0,0,0,0,0,0,0,0,65524,0,87,0,50,75,458707,0,0,0,65524
199,0,5,0,0,0,0,0,837028,0,0,0,0,58,65560,0,0,0,0,0,0,0,0,0,0,0,0,0,0,0,0,0,0,0,65525,568,148,0,2,133,0,0,327673,0,65534
199,0,6,0,0,0,0,0,837028,0,0,0,0,61,65560,0,0,0,0,0,0,0,0,0,0,0,0,0,0,0,0,0,0,0,65527,0,40,119,0,73,0,0,262095,0,65533
199,0,7,0,0,0,0,0,837028,0,0,0,0,67,65560,0,0,0,0,0,0,0,0,0,0,0,0,0,0,0,0,0,0,0,65525,0,109,45,0,170,0,0,98315,0,65523
199,0,8,0,0,0,0,0,837028,0,0,0,0,50,0,0,0,0,0,0,0,0,0,0,0,0,0,0,0,0,0,0,0,0,0,0,52,0,42,107,0,0,0,0,0
199,0,9,0,0,0,0,0,837028,0,0,0,0,47,0,0,0,0,0,0,0,0,0,0,0,0,0,0,0,0,0,0,0,0,0,365,42,0,0,53,0,0,0,0,0
199,0,10,0,0,0,0,0,837028,0,0,0,0,53,0,0,0,0,0,0,0,0,0,0,0,0,0,0,0,0,0,0,0,0,0,0,91,92,0,118,0,0,0,0,0
199,0,11,0,0,0,0,0,837028,0,0,0,0,53,0,0,0,0,0,0,0,0,0,0,0,0,0,0,0,0,0,0,0,0,0,0,40,39,0,94,0,0,0,0,0
199,0,12,0,0,0,0,0,837028,0,0,0,0,47,0,0,0,0,0,0,0,0,0,0,0,0,0,0,0,0,0,0,0,0,0,0,0,0,45,93,0,0,0,0,0
199,0,13,0,0,0,0,0,837028,0,0,0,0,53,0,0,0,0,0,0,0,0,0,0,0,0,0,0,0,0,0,0,0,0,0,178,0,0,0,109,0,0,0,0,0
199,0,14,0,0,0,0,0,837028,0,0,0,0,53,0,0,0,0,0,0,0,0,0,0,0,0,0,0,0,0,0,0,0,0,0,0,0,80,0,60,0,0,0,0,0
199,0,15,0,0,0,0,0,837028,0,0,0,0,41,0,0,0,0,0,0,0,0,0,0,0,0,0,0,0,0,0,0,0,0,0,0,0,39,0,93,0,0,0,0,0
200,0,0,0,0,0,0,0,1674078,0,0,98,393240,136,0,0,0,0,0,3855,0,0,0,0,0,0,0,0,98,98,0,131020,0,654807,393240,0,309,0,136,284,0,0,0,0,1015729
200,0,1,0,0,0,0,0,837039,3855,0,0,0,1161,0,0,0,0,0,3855,0,0,0,0,0,0,0,0,0,49,0,65511,0,261972,0,0,91,174,186,1922,0,0,213056,0,0
200,0,2,0,0,0,0,0,837039,0,0,0,0,54,65560,0,0,0,0,0,0,0,0,0,0,0,0,0,0,0,0,65507,0,131000,65526,0,266,100,307,138,0,0,147408,0,65536
200,0,3,0,0,0,0,0,837039,0,0,0,0,55,65560,0,0,0,0,0,0,0,0,0,0,0,0,0,0,0,0,65507,0,0,65526,0,98,48,0,67,0,0,81938,0,65527
200,0,4,0,0,0,0,0,837039,0,0,0,0,55,65560,0,0,0,0,0,0,0,0,0,0,0,0,0,0,0,0,0,0,0,65524,0,87,0,50,74,458660,0,0,0,65524
200,0,5,0,0,0,0,0,837039,0,0,0,0,57,65560,0,0,0,0,0,0,0,0,0,0,0,0,0,0,0,0,0,0,0,65524,569,148,0,2,131,0,0,327647,0,65533
200,0,6,0,0,0,0,0,837039,0,0,0,0,62,65560,0,0,0,0,0,0,0,0,0,0,0,0,0,0,0,0,0,0,0,65527,0,40,119,0,73,0,0,262073,0,65537
200,0,7,0,0,0,0,0,837039,0,0,0,0,69,65560,0,0,0,0,0,0,0,0,0,0,0,0,0,0,0,0,0,0,0,65524,0,109,44,0,172,0,0,98326,0,65527
200,0,8,0,0,0,0,0,837039,0,0,0,0,50,0,0,0,0,0,0,0,0,0,0,0,0,0,0,0,0,0,0,0,0,0,0,52,0,42,107,0,0,0,0,0
200,0,9,0,0,0,0,0,837039,0,0,0,0,47,0,0,0,0,0,0,0,0,0,0,0,0,0,0,0,0,0,0,0,0,0,365,42,0,0,53,0,0,0,0,0
200,0,10,0,0,0,0,0,837039,0,0,0,0,53,0,0,0,0,0,0,0,0,0,0,0,0,0,0,0,0,0,0,0,0,0,0,91,92,0,118,0,0,0,0,0
200,0,11,0,0,0,0,0,837039,0,0,0,0,53,0,0,0,0,0,0,0,0,0,0,0,0,0,0,0,0,0,0,0,0,0,0,40,39,0,94,0,0,0,0,0
200,0,12,0,0,0,0,0,837039,0,0,0,0,47,0,0,0,0,0,0,0,0,0,0,0,0,0,0,0,0,0,0,0,0,0,0,0,0,45,93,0,0,0,0,0
200,0,13,0,0,0,0,0,837039,0,0,0,0,53,0,0,0,0,0,0,0,0,0,0,0,0,0,0,0,0,0,0,0,0,0,178,0,0,0,109,0,0,0,0,0
200,0,14,0,0,0,0,0,837039,0,0,0,0,53,0,0,0,0,0,0,0,0,0,0,0,0,0,0,0,0,0,0,0,0,0,0,0,80,0,60,0,0,0,0,0
200,0,15,0,0,0,0,0,837039,0,0,0,0,41,0,0,0,0,0,0,0,0,0,0,0,0,0,0,0,0,0,0,0,0,0,0,0,39,0,93,0,0,0,0,0
201,0,0,0,0,0,0,0,1673984,0,0,98,393240,136,0,0,0,0,0,3855,0,0,0,0,0,0,0,0,98,98,0,131018,0,654784,393240,0,309,0,136,284,0,0,0,0,1015688
201,0,1,0,0,0,0,0,836992,3855,0,0,0,1156,0,0,0,0,0,3855,0,0,0,0,0,0,0,0,0,52,0,65512,0,261966,0,0,93,176,187,1918,0,0,213032,0,0
201,0,2,0,0,0,0,0,836992,0,0,0,0,54,65560,0,0,0,0,0,0,0,0,0,0,0,0,0,0,0,0,65506,0,130997,65525,0,267,100,305,137,0,0,147412,0,65536
201,0,3,0,0,0,0,0,836992,0,0,0,0,54,65560,0,0,0,0,0,0,0,0,0,0,0,0,0,0,0,0,65506,0,0,65525,0,99,49,0,67,0,0,81935,0,65529
201,0,4,0,0,0,0,0,836992,0,0,0,0,54,65560,0,0,0,0,0,0,0,0,0,0,0,0,0,0,0,0,0,0,0,65526,0,87,0,51,75,458648,0,0,0,65520
201,0,5,0,0,0,0,0,836992,0,0,0,0,60,65560,0,0,0,0,0,0,0,0,0,0,0,0,0,0,0,0,0,0,0,65524,568,148,0,0,132,0,0,327643,0,65530
201,0,6,0,0,0,0,0,836992,0,0,0,0,61,65560,0,0,0,0,0,0,0,0,0,0,0,0,0,0,0,0,0,0,0,65527,0,40,118,2,71,0,0,262062,0,65537
201,0,7,0,0,0,0,0,836992,0,0,0,0,67,65560,0,0,0,0,0,0,0,0,0,0,0,0,0,0,0,0,0,0,0,65523,0,106,46,0,170,0,0,98312,0,65527
201,0,8,0,0,0,0,0,836992,0,0,0,0,50,0,0,0,0,0,0,0,0,0,0,0,0,0,0,0,0,0,0,0,0,0,0,52,0,42,107,0,0,0,0,0
201,0,9,0,0,0,0,0,836992,0,0,0,0,47,0,0,0,0,0,0,0,0,0,0,0,0,0,0,0,0,0,0,0,0,0,365,42,0,0,53,0,0,0,0,0
201,0,10,0,0,0,0,0,836992,0,0,0,0,53,0,0,0,0,0,0,0,0,0,0,0,0,0,0,0,0,0,0,0,0,0,0,91,92,0,118,0,0,0,0,0
201,0,11,0,0,0,0,0,836992,0,0,0,0,53,0,0,0,0,0,0,0,0,0,0,0,0,0,0,0,0,0,0,0,0,0,0,43,39,0,94,0,0,0,0,0
201,0,12,0,0,0,0,0,836992,0,0,0,0,47,0,0,0,0,0,0,0,0,0,0,0,0,0,0,0,0,0,0,0,0,0,0,0,0,45,93,0,0,0,0,0
201,0,13,0,0,0,0,0,836992,0,0,0,0,53,0,0,0,0,0,0,0,0,0,0,0,0,0,0,0,0,0,0,0,0,0,178,0,0,0,109,0,0,0,0,0
201,0,14,0,0,0,0,0,836992,0,0,0,0,53,0,0,0,0,0,0,0,0,0,0,0,0,0,0,0,0,0,0,0,0,0,0,0,80,0,60,0,0,0,0,0
201,0,15,0,0,0,0,0,836992,0,0,0,0,41,0,0,0,0,0,0,0,0,0,0,0,0,0,0,0,0,0,0,0,0,0,0,0,39,0,90,0,0,0,0,0
202,0,0,0,0,0,0,0,2198051,0,0,130,524320,136,0,0,0,0,0,3912,0,0,0,0,0,0,0,0,130,130,0,262000,0,785762,524320,0,326,0,136,284,0,0,0,0,1441935
202,0,1,0,0,0,0,0,1099025,3912,0,0,0,1185,0,0,0,0,0,3912,0,0,0,0,0,0,0,0,0,61,0,131001,0,261970,0,0,97,181,183,1957,0,0,163893,0,0
202,0,2,0,0,0,0,0,1099025,0,0,0,0,53,65560,0,0,0,0,0,0,0,0,0,0,0,0,0,0,0,0,65511,0,131002,65525,0,263,99,308,137,0,0,131054,0,65535
202,0,3,0,0,0,0,0,1099025,0,0,0,0,54,65560,0,0,0,0,0,0,0,0,0,0,0,0,0,0,0,0,65506,0,0,65525,0,97,47,0,64,0,0,49196,0,65535
202,0,4,0,0,0,0,0,1099025,0,0,0,0,53,65560,0,0,0,0,0,0,0,0,0,0,0,0,0,0,0,0,65506,0,0,65526,0,92,0,50,73,671729,0,0,0,65527
202,0,5,0,0,0,0,0,1099025,0,0,0,0,58,65560,0,0,0,0,0,0,0,0,0,0,0,0,0,0,0,0,65508,0,0,65527,587,161,0,0,134,0,0,606061,0,65522
202,0,6,0,0,0,0,0,1099025,0,0,0,0,61,65560,0,0,0,0,0,0,0,0,0,0,0,0,0,0,0,0,0,0,0,65525,0,40,117,3,75,0,0,425819,0,65522
202,0,7,0,0,0,0,0,1099025,0,0,0,0,67,65560,0,0,0,0,0,0,0,0,0,0,0,0,0,0,0,0,0,0,0,65524,0,105,46,0,172,0,0,147431,0,65529
202,0,8,0,0,0,0,0,1099025,0,0,0,0,61,65560,0,0,0,0,0,0,0,0,0,0,0,0,0,0,0,0,0,0,0,65524,0,52,0,48,132,507665,0,0,0,65531
202,0,9,0,0,0,0,0,1099025,0,0,0,0,58,65560,0,0,0,0,0,0,0,0,0,0,0,0,0,0,0,0,0,0,0,65526,382,42,0,0,70,0,0,98306,0,65525
202,0,10,0,0,0,0,0,1099025,0,0,0,0,53,0,0,0,0,0,0,0,0,0,0,0,0,0,0,0,0,0,0,0,0,0,0,91,92,2,118,0,0,0,0,0
202,0,11,0,0,0,0,0,1099025,0,0,0,0,53,0,0,0,0,0,0,0,0,0,0,0,0,0,0,0,0,0,0,0,0,0,0,44,39,0,94,0,0,0,0,0
202,0,12,0,0,0,0,0,1099025,0,0,0,0,47,0,0,0,0,0,0,0,0,0,0,0,0,0,0,0,0,0,0,0,0,0,0,0,0,45,93,0,0,0,0,0
202,0,13,0,0,0,0,0,1099025,0,0,0,0,53,0,0,0,0,0,0,0,0,0,0,0,0,0,0,0,0,0,0,0,0,0,178,0,0,0,109,0,0,0,0,0
202,0,14,0,0,0,0,0,1099025,0,0,0,0,53,0,0,0,0,0,0,0,0,0,0,0,0,0,0,0,0,0,0,0,0,0,0,0,80,0,60,0,0,0,0,0
202,0,15,0,0,0,0,0,1099025,0,0,0,0,41,0,0,0,0,0,0,0,0,0,0,0,0,0,0,0,0,0,0,0,0,0,0,0,39,0,91,0,0,0,0,0
203,0,0,0,0,0,0,0,2198114,0,0,130,524320,136,0,0,0,0,0,3915,0,0,0,0,0,0,0,0,130,130,0,261998,0,785757,524320,0,326,0,136,284,0,0,0,0,1442061
203,0,1,0,0,0,0,0,1099057,3915,0,0,0,1193,0,0,0,0,0,3915,0,0,0,0,0,0,0,0,0,63,0,131001,0,261972,0,0,92,180,181,1964,0,0,163897,0,0
203,0,2,0,0,0,0,0,1099057,0,0,0,0,52,65560,0,0,0,0,0,0,0,0,0,0,0,0,0,0,0,0,65506,0,131000,65525,0,265,98,308,136,0,0,131058,0,65535
203,0,3,0,0,0,0,0,1099057,0,0,0,0,51,65560,0,0,0,0,0,0,0,0,0,0,0,0,0,0,0,0,65506,0,0,65526,0,99,49,0,60,0,0,49198,0,65535
203,0,4,0,0,0,0,0,1099057,0,0,0,0,54,65560,0,0,0,0,0,0,0,0,0,0,0,0,0,0,0,0,65505,0,0,65527,0,93,0,49,73,671717,0,0,0,65527
203,0,5,0,0,0,0,0,1099057,0,0,0,0,57,65560,0,0,0,0,0,0,0,0,0,0,0,0,0,0,0,0,65508,0,0,65527,589,163,0,1,136,0,0,606094,0,65523
203,0,6,0,0,0,0,0,1099057,0,0,0,0,63,65560,0,0,0,0,0,0,0,0,0,0,0,0,0,0,0,0,0,0,0,65527,0,40,118,1,75,0,0,425847,0,65523
203,0,7,0,0,0,0,0,1099057,0,0,0,0,69,65560,0,0,0,0,0,0,0,0,0,0,0,0,0,0,0,0,0,0,0,65524,0,106,44,0,173,0,0,147462,0,65528
203,0,8,0,0,0,0,0,1099057,0,0,0,0,59,65560,0,0,0,0,0,0,0,0,0,0,0,0,0,0,0,0,0,0,0,65524,0,52,0,50,129,507642,0,0,0,65528
203,0,9,0,0,0,0,0,1099057,0,0,0,0,57,65560,0,0,0,0,0,0,0,0,0,0,0,0,0,0,0,0,0,0,0,65526,380,42,0,1,67,0,0,98307,0,65520
203,0,10,0,0,0,0,0,1099057,0,0,0,0,53,0,0,0,0,0,0,0,0,0,0,0,0,0,0,0,0,0,0,0,0,0,0,91,92,1,118,0,0,0,0,0
203,0,11,0,0,0,0,0,1099057,0,0,0,0,53,0,0,0,0,0,0,0,0,0,0,0,0,0,0,0,0,0,0,0,0,0,0,44,39,0,94,0,0,0,0,0
203,0,12,0,0,0,0,0,1099057,0,0,0,0,47,0,0,0,0,0,0,0,0,0,0,0,0,0,0,0,0,0,0,0,0,0,0,0,0,45,93,0,0,0,0,0
203,0,13,0,0,0,0,0,1099057,0,0,0,0,53,0,0,0,0,0,0,0,0,0,0,0,0,0,0,0,0,0,0,0,0,0,178,0,0,0,109,0,0,0,0,0
203,0,14,0,0,0,0,0,1099057,0,0,0,0,53,0,0,0,0,0,0,0,0,0,0,0,0,0,0,0,0,0,0,0,0,0,0,0,80,0,60,0,0,0,0,0
203,0,15,0,0,0,0,0,1099057,0,0,0,0,41,0,0,0,0,0,0,0,0,0,0,0,0,0,0,0,0,0,0,0,0,0,0,0,39,0,91,0,0,0,0,0
204,0,0,0,0,0,0,0,2198199,0,0,130,524320,136,0,0,0,0,0,3915,0,0,0,0,0,0,0,0,130,130,0,261999,0,785758,524320,0,326,0,136,284,0,0,0,0,1442143
204,0,1,0,0,0,0,0,1099100,3915,0,0,0,1184,0,0,0,0,0,3915,0,0,0,0,0,0,0,0,0,62,0,131001,0,261971,0,0,96,180,186,1959,0,0,163924,0,0
204,0,2,0,0,0,0,0,1099100,0,0,0,0,53,65560,0,0,0,0,0,0,0,0,0,0,0,0,0,0,0,0,65508,0,131000,65525,0,262,99,307,136,0,0,131073,0,65535
204,0,3,0,0,0,0,0,1099100,0,0,0,0,53,65560,0,0,0,0,0,0,0,0,0,0,0,0,0,0,0,0,65506,0,0,65526,0,100,47,0,62,0,0,49223,0,65530
204,0,4,0,0,0,0,0,1099100,0,0,0,0,54,65560,0,0,0,0,0,0,0,0,0,0,0,0,0,0,0,0,65505,0,0,65526,0,93,0,49,73,688143,0,0,0,65522
204,0,5,0,0,0,0,0,1099100,0,0,0,0,60,65560,0,0,0,0,0,0,0,0,0,0,0,0,0,0,0,0,65508,0,0,65527,584,162,0,2,136,0,0,606128,0,65524
204,0,6,0,0,0,0,0,1099100,0,0,0,0,62,65560,0,0,0,0,0,0,0,0,0,0,0,0,0,0,0,0,0,0,0,65526,0,40,118,0,77,0,0,425852,0,65519
204,0,7,0,0,0,0,0,1099100,0,0,0,0,68,65560,0,0,0,0,0,0,0,0,0,0,0,0,0,0,0,0,0,0,0,65524,0,107,45,0,171,0,0,147459,0,65525
204,0,8,0,0,0,0,0,1099100,0,0,0,0,59,65560,0,0,0,0,0,0,0,0,0,0,0,0,0,0,0,0,0,0,0,65524,0,52,0,50,129,507687,0,0,0,65532
204,0,9,0,0,0,0,0,1099100,0,0,0,0,57,65560,0,0,0,0,0,0,0,0,0,0,0,0,0,0,0,0,0,0,0,65526,381,42,0,0,68,0,0,98308,0,65521
204,0,10,0,0,0,0,0,1099100,0,0,0,0,53,0,0,0,0,0,0,0,0,0,0,0,0,0,0,0,0,0,0,0,0,0,0,91,92,2,118,0,0,0,0,0
204,0,11,0,0,0,0,0,1099100,0,0,0,0,53,0,0,0,0,0,0,0,0,0,0,0,0,0,0,0,0,0,0,0,0,0,0,42,39,0,94,0,0,0,0,0
204,0,12,0,0,0,0,0,1099100,0,0,0,0,47,0,0,0,0,0,0,0,0,0,0,0,0,0,0,0,0,0,0,0,0,0,0,0,0,45,93,0,0,0,0,0
204,0,13,0,0,0,0,0,1099100,0,0,0,0,53,0,0,0,0,0,0,0,0,0,0,0,0,0,0,0,0,0,0,0,0,0,178,0,0,0,109,0,0,0,0,0
204,0,14,0,0,0,0,0,1099100,0,0,0,0,53,0,0,0,0,0,0,0,0,0,0,0,0,0,0,0,0,0,0,0,0,0,0,0,80,0,60,0,0,0,0,0
204,0,15,0,0,0,0,0,1099100,0,0,0,0,41,0,0,0,0,0,0,0,0,0,0,0,0,0,0,0,0,0,0,0,0,0,0,0,39,0,93,0,0,0,0,0
205,0,0,0,0,0,0,0,2721917,0,0,162,655400,136,0,0,0,0,0,3975,0,0,0,0,0,0,0,0,162,162,0,262000,0,1047555,655400,0,322,0,136,284,0,0,0,0,1835227
205,0,1,0,0,0,0,0,1360958,3975,0,0,0,1214,0,0,0,0,0,3975,0,0,0,0,0,0,0,0,0,72,0,131004,0,392900,0,0,94,177,195,1989,0,0,163896,0,0
205,0,2,0,0,0,0,0,1360958,0,0,0,0,51,65560,0,0,0,0,0,0,0,0,0,0,0,0,0,0,0,0,130999,0,196479,65525,0,278,100,324,132,0,0,131051,0,65535
205,0,3,0,0,0,0,0,1360958,0,0,0,0,53,65560,0,0,0,0,0,0,0,0,0,0,0,0,0,0,0,0,130999,0,0,65526,0,102,46,0,61,0,0,49199,0,65531
205,0,4,0,0,0,0,0,1360958,0,0,0,0,53,65560,0,0,0,0,0,0,0,0,0,0,0,0,0,0,0,0,65506,0,0,65526,0,91,0,48,70,884682,0,0,0,65528
205,0,5,0,0,0,0,0,1360958,0,0,0,0,55,65560,0,0,0,0,0,0,0,0,0,0,0,0,0,0,0,0,65509,0,0,65525,611,163,0,2,130,0,0,786200,0,65509
205,0,6,0,0,0,0,0,1360958,0,0,0,0,59,65560,0,0,0,0,0,0,0,0,0,0,0,0,0,0,0,0,65507,0,0,65521,0,50,114,0,69,0,0,458521,0,65517
205,0,7,0,0,0,0,0,1360958,0,0,0,0,65,65560,0,0,0,0,0,0,0,0,0,0,0,0,0,0,0,0,65510,0,0,65524,0,129,44,0,165,0,0,163798,0,65521
205,0,8,0,0,0,0,0,1360958,0,0,0,0,60,65560,0,0,0,0,0,0,0,0,0,0,0,0,0,0,0,0,0,0,0,65523,0,52,0,47,130,900742,0,0,0,65525
205,0,9,0,0,0,0,0,1360958,0,0,0,0,62,65560,0,0,0,0,0,0,0,0,0,0,0,0,0,0,0,0,0,0,0,65526,394,42,0,1,74,0,0,491331,0,65527
205,0,10,0,0,0,0,0,1360958,0,0,0,0,66,65560,0,0,0,0,0,0,0,0,0,0,0,0,0,0,0,0,0,0,0,65526,0,91,120,2,146,0,0,409374,0,65532
205,0,11,0,0,0,0,0,1360958,0,0,0,0,73,65560,0,0,0,0,0,0,0,0,0,0,0,0,0,0,0,0,0,0,0,65525,0,42,42,0,118,0,0,131018,0,65532
205,0,12,0,0,0,0,0,1360958,0,0,0,0,47,0,0,0,0,0,0,0,0,0,0,0,0,0,0,0,0,0,0,0,0,0,0,0,0,45,93,0,0,0,0,0
205,0,13,0,0,0,0,0,1360958,0,0,0,0,53,0,0,0,0,0,0,0,0,0,0,0,0,0,0,0,0,0,0,0,0,0,178,0,0,0,109,0,0,0,0,0
205,0,14,0,0,0,0,0,1360958,0,0,0,0,53,0,0,0,0,0,0,0,0,0,0,0,0,0,0,0,0,0,0,0,0,0,0,0,80,0,60,0,0,0,0,0
205,0,15,0,0,0,0,0,1360958,0,0,0,0,41,0,0,0,0,0,0,0,0,0,0,0,0,0,0,0,0,0,0,0,0,0,0,0,39,0,95,0,0,0,0,0
206,0,0,0,0,0,0,0,2721903,0,0,162,655400,136,0,0,0,0,0,3972,0,0,0,0,0,0,0,0,162,162,0,262001,0,1047579,655400,0,322,0,136,284,0,0,0,0,1835346
206,0,1,0,0,0,0,0,1360952,3972,0,0,0,1209,0,0,0,0,0,3972,0,0,0,0,0,0,0,0,0,80,0,131003,0,392914,0,0,94,180,197,2000,0,0,163898,0,0
206,0,2,0,0,0,0,0,1360952,0,0,0,0,54,65560,0,0,0,0,0,0,0,0,0,0,0,0,0,0,0,0,131006,0,196479,65524,0,281,95,318,136,0,0,131056,0,65535
206,0,3,0,0,0,0,0,1360952,0,0,0,0,51,65560,0,0,0,0,0,0,0,0,0,0,0,0,0,0,0,0,131000,0,0,65526,0,106,48,0,61,0,0,49196,0,65533
206,0,4,0,0,0,0,0,1360952,0,0,0,0,53,65560,0,0,0,0,0,0,0,0,0,0,0,0,0,0,0,0,65506,0,0,65526,0,92,0,48,72,868282,0,0,0,65520
206,0,5,0,0,0,0,0,1360952,0,0,0,0,57,65560,0,0,0,0,0,0,0,0,0,0,0,0,0,0,0,0,65507,0,0,65526,600,164,0,1,131,0,0,802602,0,65506
206,0,6,0,0,0,0,0,1360952,0,0,0,0,58,65560,0,0,0,0,0,0,0,0,0,0,0,0,0,0,0,0,65508,0,0,65524,0,48,114,1,67,0,0,458546,0,65517
206,0,7,0,0,0,0,0,1360952,0,0,0,0,63,65560,0,0,0,0,0,0,0,0,0,0,0,0,0,0,0,0,65510,0,0,65524,0,125,45,0,163,0,0,163823,0,65520
206,0,8,0,0,0,0,0,1360952,0,0,0,0,62,65560,0,0,0,0,0,0,0,0,0,0,0,0,0,0,0,0,0,0,0,65524,0,52,0,45,131,900787,0,0,0,65525
206,0,9,0,0,0,0,0,1360952,0,0,0,0,60,65560,0,0,0,0,0,0,0,0,0,0,0,0,0,0,0,0,0,0,0,65527,404,42,0,1,71,0,0,507734,0,65527
206,0,10,0,0,0,0,0,1360952,0,0,0,0,67,65560,0,0,0,0,0,0,0,0,0,0,0,0,0,0,0,0,0,0,0,65526,0,91,114,1,149,0,0,409388,0,65529
206,0,11,0,0,0,0,0,1360952,0,0,0,0,67,65560,0,0,0,0,0,0,0,0,0,0,0,0,0,0,0,0,0,0,0,65526,0,43,48,0,116,0,0,131040,0,65532
206,0,12,0,0,0,0,0,1360952,0,0,0,0,47,0,0,0,0,0,0,0,0,0,0,0,0,0,0,0,0,0,0,0,0,0,0,0,0,45,93,0,0,0,0,0
206,0,13,0,0,0,0,0,1360952,0,0,0,0,53,0,0,0,0,0,0,0,0,0,0,0,0,0,0,0,0,0,0,0,0,0,178,0,0,0,109,0,0,0,0,0
206,0,14,0,0,0,0,0,1360952,0,0,0,0,53,0,0,0,0,0,0,0,0,0,0,0,0,0,0,0,0,0,0,0,0,0,0,0,80,0,60,0,0,0,0,0
206,0,15,0,0,0,0,0,1360952,0,0,0,0,41,0,0,0,0,0,0,0,0,0,0,0,0,0,0,0,0,0,0,0,0,0,0,0,39,0,94,0,0,0,0,0
207,0,0,0,0,0,0,0,2721911,0,0,162,655400,136,0,0,0,0,0,3972,0,0,0,0,0,0,0,0,162,162,0,262001,0,1047574,655400,0,322,0,136,284,0,0,0,0,1835350
207,0,1,0,0,0,0,0,1360956,3972,0,0,0,1214,0,0,0,0,0,3972,0,0,0,0,0,0,0,0,0,79,0,131005,0,392910,0,0,95,176,195,1999,0,0,163893,0,0
207,0,2,0,0,0,0,0,1360956,0,0,0,0,53,65560,0,0,0,0,0,0,0,0,0,0,0,0,0,0,0,0,131006,0,196478,65525,0,280,97,320,136,0,0,131054,0,65535
207,0,3,0,0,0,0,0,1360956,0,0,0,0,51,65560,0,0,0,0,0,0,0,0,0,0,0,0,0,0,0,0,130999,0,0,65526,0,104,47,0,62,0,0,49196,0,65535
207,0,4,0,0,0,0,0,1360956,0,0,0,0,53,65560,0,0,0,0,0,0,0,0,0,0,0,0,0,0,0,0,65506,0,0,65526,0,90,0,48,71,868278,0,0,0,65517
207,0,5,0,0,0,0,0,1360956,0,0,0,0,55,65560,0,0,0,0,0,0,0,0,0,0,0,0,0,0,0,0,65506,0,0,65525,604,162,0,0,130,0,0,802602,0,65507
207,0,6,0,0,0,0,0,1360956,0,0,0,0,55,65560,0,0,0,0,0,0,0,0,0,0,0,0,0,0,0,0,65508,0,0,65524,0,48,115,3,65,0,0,458544,0,65517
207,0,7,0,0,0,0,0,1360956,0,0,0,0,63,65560,0,0,0,0,0,0,0,0,0,0,0,0,0,0,0,0,65509,0,0,65524,0,123,46,0,164,0,0,163823,0,65521
207,0,8,0,0,0,0,0,1360956,0,0,0,0,60,65560,0,0,0,0,0,0,0,0,0,0,0,0,0,0,0,0,0,0,0,65524,0,52,0,47,131,900789,0,0,0,65525
207,0,9,0,0,0,0,0,1360956,0,0,0,0,58,65560,0,0,0,0,0,0,0,0,0,0,0,0,0,0,0,0,0,0,0,65527,402,42,0,2,71,0,0,491352,0,65527
207,0,10,0,0,0,0,0,1360956,0,0,0,0,67,65560,0,0,0,0,0,0,0,0,0,0,0,0,0,0,0,0,0,0,0,65526,0,91,115,0,149,0,0,409386,0,65530
207,0,11,0,0,0,0,0,1360956,0,0,0,0,68,65560,0,0,0,0,0,0,0,0,0,0,0,0,0,0,0,0,0,0,0,65525,0,48,47,0,115,0,0,131038,0,65532
207,0,12,0,0,0,0,0,1360956,0,0,0,0,47,0,0,0,0,0,0,0,0,0,0,0,0,0,0,0,0,0,0,0,0,0,0,0,0,45,93,0,0,0,0,0
207,0,13,0,0,0,0,0,1360956,0,0,0,0,53,0,0,0,0,0,0,0,0,0,0,0,0,0,0,0,0,0,0,0,0,0,178,0,0,0,109,0,0,0,0,0
207,0,14,0,0,0,0,0,1360956,0,0,0,0,53,0,0,0,0,0,0,0,0,0,0,0,0,0,0,0,0,0,0,0,0,0,0,0,80,0,60,0,0,0,0,0
207,0,15,0,0,0,0,0,1360956,0,0,0,0,41,0,0,0,0,0,0,0,0,0,0,0,0,0,0,0,0,0,0,0,0,0,0,0,39,0,89,0,0,0,0,0
208,0,0,0,0,0,0,0,3508243,0,0,212,852020,136,0,0,0,0,0,4065,0,0,0,0,0,0,0,0,212,212,0,392944,0,1309363,852020,0,339,0,136,284,0,0,0,0,2392509
208,0,1,0,0,0,0,0,1754122,4065,0,0,0,1241,0,0,0,0,0,4065,0,0,0,0,0,0,0,0,0,109,0,196478,0,458365,0,0,101,184,207,2054,0,0,163948,0,0
208,0,2,0,0,0,0,0,1754122,0,0,0,0,51,65560,0,0,0,0,0,0,0,0,0,0,0,0,0,0,0,0,196476,0,196469,65525,0,293,97,312,132,0,0,131079,0,65535
208,0,3,0,0,0,0,0,1754122,0,0,0,0,52,65560,0,0,0,0,0,0,0,0,0,0,0,0,0,0,0,0,130999,0,0,65527,0,108,47,0,62,0,0,49234,0,65528
208,0,4,0,0,0,0,0,1754122,0,0,0,0,51,65560,0,0,0,0,0,0,0,0,0,0,0,0,0,0,0,0,130995,0,0,65527,0,98,0,48,69,1114165,0,0,0,65521
208,0,5,0,0,0,0,0,1754122,0,0,0,0,54,65560,0,0,0,0,0,0,0,0,0,0,0,0,0,0,0,0,131005,0,0,65525,620,182,0,1,124,0,0,589794,0,65518
208,0,6,0,0,0,0,0,1754122,0,0,0,0,55,65560,0,0,0,0,0,0,0,0,0,0,0,0,0,0,0,0,131005,0,0,65525,0,54,111,1,67,0,0,376678,0,65528
208,0,7,0,0,0,0,0,1754122,0,0,0,0,62,65560,0,0,0,0,0,0,0,0,0,0,0,0,0,0,0,0,65508,0,0,65524,0,120,43,0,160,0,0,163823,0,65522
208,0,8,0,0,0,0,0,1754122,0,0,0,0,60,65560,0,0,0,0,0,0,0,0,0,0,0,0,0,0,0,0,65508,0,0,65521,0,66,0,45,128,1228389,0,0,0,65526
208,0,9,0,0,0,0,0,1754122,0,0,0,0,57,65560,0,0,0,0,0,0,0,0,0,0,0,0,0,0,0,0,65506,0,0,65525,436,46,0,1,71,0,0,1277452,0,65513
208,0,10,0,0,0,0,0,1754122,0,0,0,0,70,65560,0,0,0,0,0,0,0,0,0,0,0,0,0,0,0,0,65506,0,0,65525,0,108,111,1,154,0,0,622264,0,65522
208,0,11,0,0,0,0,0,1754122,0,0,0,0,67,65560,0,0,0,0,0,0,0,0,0,0,0,0,0,0,0,0,0,0,0,65526,0,44,48,0,120,0,0,262047,0,65523
208,0,12,0,0,0,0,0,1754122,0,0,0,0,59,65560,0,0,0,0,0,0,0,0,0,0,0,0,0,0,0,0,0,0,0,65526,0,0,0,52,112,1031767,0,0,0,65531
208,0,13,0,0,0,0,0,1754122,0,0,0,0,69,65560,0,0,0,0,0,0,0,0,0,0,0,0,0,0,0,0,0,0,0,65527,212,0,0,1,146,0,0,507630,0,65521
208,0,14,0,0,0,0,0,1754122,0,0,0,0,70,65560,0,0,0,0,0,0,0,0,0,0,0,0,0,0,0,0,0,0,0,65527,0,0,86,1,85,0,0,262046,0,65517
208,0,15,0,0,0,0,0,1754122,0,0,0,0,41,0,0,0,0,0,0,0,0,0,0,0,0,0,0,0,0,0,0,0,0,0,0,0,39,0,95,0,0,0,0,0
209,0,0,0,0,0,0,0,3508180,0,0,212,852020,136,0,0,0,0,0,4065,0,0,0,0,0,0,0,0,212,212,0,392951,0,1309369,852020,0,339,0,136,284,0,0,0,0,2392488
209,0,1,0,0,0,0,0,1754090,4065,0,0,0,1244,0,0,0,0,0,4065,0,0,0,0,0,0,0,0,0,109,0,196479,0,458367,0,0,97,185,207,2044,0,0,163921,0,0
209,0,2,0,0,0,0,0,1754090,0,0,0,0,52,65560,0,0,0,0,0,0,0,0,0,0,0,0,0,0,0,0,196479,0,196474,65521,0,289,97,314,135,0,0,131073,0,65535
209,0,3,0,0,0,0,0,1754090,0,0,0,0,53,65560,0,0,0,0,0,0,0,0,0,0,0,0,0,0,0,0,130999,0,0,65527,0,105,46,0,64,0,0,49217,0,65531
209,0,4,0,0,0,0,0,1754090,0,0,0,0,52,65560,0,0,0,0,0,0,0,0,0,0,0,0,0,0,0,0,131000,0,0,65526,0,98,0,47,71,1097824,0,0,0,65527
209,0,5,0,0,0,0,0,1754090,0,0,0,0,54,65560,0,0,0,0,0,0,0,0,0,0,0,0,0,0,0,0,131005,0,0,65524,633,185,0,2,125,0,0,589743,0,65514
209,0,6,0,0,0,0,0,1754090,0,0,0,0,56,65560,0,0,0,0,0,0,0,0,0,0,0,0,0,0,0,0,131005,0,0,65524,0,60,109,0,66,0,0,376644,0,65528
209,0,7,0,0,0,0,0,1754090,0,0,0,0,61,65560,0,0,0,0,0,0,0,0,0,0,0,0,0,0,0,0,65508,0,0,65524,0,125,44,0,158,0,0,163815,0,65522
209,0,8,0,0,0,0,0,1754090,0,0,0,0,60,65560,0,0,0,0,0,0,0,0,0,0,0,0,0,0,0,0,65506,0,0,65523,0,67,0,45,127,1228348,0,0,0,65524
209,0,9,0,0,0,0,0,1754090,0,0,0,0,59,65560,0,0,0,0,0,0,0,0,0,0,0,0,0,0,0,0,65506,0,0,65525,425,46,0,2,70,0,0,1277421,0,65514
209,0,10,0,0,0,0,0,1754090,0,0,0,0,66,65560,0,0,0,0,0,0,0,0,0,0,0,0,0,0,0,0,65506,0,0,65525,0,106,114,0,146,0,0,622248,0,65523
209,0,11,0,0,0,0,0,1754090,0,0,0,0,66,65560,0,0,0,0,0,0,0,0,0,0,0,0,0,0,0,0,0,0,0,65526,0,44,49,0,115,0,0,262021,0,65523
209,0,12,0,0,0,0,0,1754090,0,0,0,0,62,65560,0,0,0,0,0,0,0,0,0,0,0,0,0,0,0,0,0,0,0,65527,0,0,0,49,114,1031795,0,0,0,65534
209,0,13,0,0,0,0,0,1754090,0,0,0,0,66,65560,0,0,0,0,0,0,0,0,0,0,0,0,0,0,0,0,0,0,0,65527,217,0,0,0,143,0,0,507601,0,65529
209,0,14,0,0,0,0,0,1754090,0,0,0,0,67,65560,0,0,0,0,0,0,0,0,0,0,0,0,0,0,0,0,0,0,0,65527,0,0,88,3,84,0,0,262034,0,65518
209,0,15,0,0,0,0,0,1754090,0,0,0,0,41,0,0,0,0,0,0,0,0,0,0,0,0,0,0,0,0,0,0,0,0,0,0,0,39,0,93,0,0,0,0,0
210,0,0,0,0,0,0,0,3508162,0,0,212,852020,136,0,0,0,0,0,4068,0,0,0,0,0,0,0,0,212,212,0,392951,0,1309394,852020,0,339,0,136,284,0,0,0,0,2392509
210,0,1,0,0,0,0,0,1754081,4068,0,0,0,1251,0,0,0,0,0,4068,0,0,0,0,0,0,0,0,0,109,0,196480,0,458374,0,0,97,186,199,2064,0,0,163910,0,0
210,0,2,0,0,0,0,0,1754081,0,0,0,0,51,65560,0,0,0,0,0,0,0,0,0,0,0,0,0,0,0,0,196480,0,196475,65525,0,302,99,314,130,0,0,131065,0,65535
210,0,3,0,0,0,0,0,1754081,0,0,0,0,54,65560,0,0,0,0,0,0,0,0,0,0,0,0,0,0,0,0,131000,0,0,65527,0,105,44,0,66,0,0,49210,0,65531
210,0,4,0,0,0,0,0,1754081,0,0,0,0,50,65560,0,0,0,0,0,0,0,0,0,0,0,0,0,0,0,0,131000,0,0,65527,0,99,0,49,70,1114110,0,0,0,65523
210,0,5,0,0,0,0,0,1754081,0,0,0,0,58,65560,0,0,0,0,0,0,0,0,0,0,0,0,0,0,0,0,131005,0,0,65524,618,182,0,1,132,0,0,589753,0,65515
210,0,6,0,0,0,0,0,1754081,0,0,0,0,55,65560,0,0,0,0,0,0,0,0,0,0,0,0,0,0,0,0,131005,0,0,65524,0,47,110,1,65,0,0,376666,0,65528
210,0,7,0,0,0,0,0,1754081,0,0,0,0,61,65560,0,0,0,0,0,0,0,0,0,0,0,0,0,0,0,0,65508,0,0,65524,0,124,44,0,158,0,0,163831,0,65522
210,0,8,0,0,0,0,0,1754081,0,0,0,0,59,65560,0,0,0,0,0,0,0,0,0,0,0,0,0,0,0,0,65506,0,0,65524,0,66,0,46,126,1228312,0,0,0,65519
210,0,9,0,0,0,0,0,1754081,0,0,0,0,60,65560,0,0,0,0,0,0,0,0,0,0,0,0,0,0,0,0,65506,0,0,65525,434,49,0,1,71,0,0,1277392,0,65514
210,0,10,0,0,0,0,0,1754081,0,0,0,0,68,65560,0,0,0,0,0,0,0,0,0,0,0,0,0,0,0,0,65507,0,0,65525,0,110,111,2,157,0,0,622225,0,65522
210,0,11,0,0,0,0,0,1754081,0,0,0,0,66,65560,0,0,0,0,0,0,0,0,0,0,0,0,0,0,0,0,0,0,0,65526,0,40,49,0,118,0,0,262040,0,65519
210,0,12,0,0,0,0,0,1754081,0,0,0,0,61,65560,0,0,0,0,0,0,0,0,0,0,0,0,0,0,0,0,0,0,0,65527,0,0,0,50,114,1031800,0,0,0,65533
210,0,13,0,0,0,0,0,1754081,0,0,0,0,71,65560,0,0,0,0,0,0,0,0,0,0,0,0,0,0,0,0,0,0,0,65527,210,0,0,2,145,0,0,507628,0,65529
210,0,14,0,0,0,0,0,1754081,0,0,0,0,69,65560,0,0,0,0,0,0,0,0,0,0,0,0,0,0,0,0,0,0,0,65527,0,0,87,0,82,0,0,262056,0,65517
210,0,15,0,0,0,0,0,1754081,0,0,0,0,41,0,0,0,0,0,0,0,0,0,0,0,0,0,0,0,0,0,0,0,0,0,0,0,39,0,100,0,0,0,0,0
211,0,0,0,0,0,0,0,1008714,0,0,6706,73728,136,0,0,0,0,0,13734,0,0,0,0,0,0,0,0,6706,6706,0,0,0,73728,73728,0,294,0,136,284,0,0,0,0,24576
211,0,1,0,0,0,0,0,504357,13734,0,0,0,5000,0,0,0,0,0,13734,0,0,0,0,0,0,0,0,0,745,0,0,0,39472,0,0,84,171,2960,9626,0,0,24576,0,0
211,0,2,0,0,0,0,0,504357,0,0,0,0,3959,24576,0,0,0,0,0,0,0,0,0,0,0,0,0,0,0,0,0,0,0,34256,0,249,2885,282,7947,0,0,0,0,24576
211,0,3,0,0,0,0,0,504357,0,0,0,0,47,0,0,0,0,0,0,0,0,0,0,0,0,0,0,0,0,0,0,0,0,0,0,92,45,0,54,0,0,0,0,0
211,0,4,0,0,0,0,0,504357,0,0,0,0,47,0,0,0,0,0,0,0,0,0,0,0,0,0,0,0,0,0,0,0,0,0,0,87,0,45,62,0,0,0,0,0
211,0,5,0,0,0,0,0,504357,0,0,0,0,47,0,0,0,0,0,0,0,0,0,0,0,0,0,0,0,0,0,0,0,0,0,537,148,0,0,109,0,0,0,0,0
211,0,6,0,0,0,0,0,504357,0,0,0,0,47,0,0,0,0,0,0,0,0,0,0,0,0,0,0,0,0,0,0,0,0,0,0,40,98,0,52,0,0,0,0,0
211,0,7,0,0,0,0,0,504357,0,0,0,0,53,0,0,0,0,0,0,0,0,0,0,0,0,0,0,0,0,0,0,0,0,0,0,104,39,0,140,0,0,0,0,0
211,0,8,0,0,0,0,0,504357,0,0,0,0,50,0,0,0,0,0,0,0,0,0,0,0,0,0,0,0,0,0,0,0,0,0,0,52,0,42,107,0,0,0,0,0
211,0,9,0,0,0,0,0,504357,0,0,0,0,47,0,0,0,0,0,0,0,0,0,0,0,0,0,0,0,0,0,0,0,0,0,365,42,0,0,53,0,0,0,0,0
211,0,10,0,0,0,0,0,504357,0,0,0,0,53,0,0,0,0,0,0,0,0,0,0,0,0,0,0,0,0,0,0,0,0,0,0,91,92,0,118,0,0,0,0,0
211,0,11,0,0,0,0,0,504357,0,0,0,0,53,0,0,0,0,0,0,0,0,0,0,0,0,0,0,0,0,0,0,0,0,0,0,40,39,0,94,0,0,0,0,0
211,0,12,0,0,0,0,0,504357,0,0,0,0,47,0,0,0,0,0,0,0,0,0,0,0,0,0,0,0,0,0,0,0,0,0,0,0,0,45,93,0,0,0,0,0
211,0,13,0,0,0,0,0,504357,0,0,0,0,53,0,0,0,0,0,0,0,0,0,0,0,0,0,0,0,0,0,0,0,0,0,178,0,0,0,109,0,0,0,0,0
211,0,14,0,0,0,0,0,504357,0,0,0,0,53,0,0,0,0,0,0,0,0,0,0,0,0,0,0,0,0,0,0,0,0,0,0,0,80,0,60,0,0,0,0,0
211,0,15,0,0,0,0,0,504357,0,0,0,0,41,0,0,0,0,0,0,0,0,0,0,0,0,0,0,0,0,0,0,0,0,0,0,0,39,0,88,0,0,0,0,0
212,0,0,0,0,0,0,0,1008790,0,0,6706,73728,136,0,0,0,0,0,13737,0,0,0,0,0,0,0,0,6706,6706,0,0,0,73728,73728,0,294,0,136,284,0,0,0,0,24576
212,0,1,0,0,0,0,0,504395,13737,0,0,0,5002,0,0,0,0,0,13737,0,0,0,0,0,0,0,0,0,743,0,0,0,39471,0,0,84,170,2959,9628,0,0,24576,0,0
212,0,2,0,0,0,0,0,504395,0,0,0,0,3958,24576,0,0,0,0,0,0,0,0,0,0,0,0,0,0,0,0,0,0,0,34257,0,249,2885,283,7947,0,0,0,0,24576
212,0,3,0,0,0,0,0,504395,0,0,0,0,47,0,0,0,0,0,0,0,0,0,0,0,0,0,0,0,0,0,0,0,0,0,0,91,45,0,54,0,0,0,0,0
212,0,4,0,0,0,0,0,504395,0,0,0,0,47,0,0,0,0,0,0,0,0,0,0,0,0,0,0,0,0,0,0,0,0,0,0,87,0,45,62,0,0,0,0,0
212,0,5,0,0,0,0,0,504395,0,0,0,0,47,0,0,0,0,0,0,0,0,0,0,0,0,0,0,0,0,0,0,0,0,0,537,148,0,0,109,0,0,0,0,0
212,0,6,0,0,0,0,0,504395,0,0,0,0,47,0,0,0,0,0,0,0,0,0,0,0,0,0,0,0,0,0,0,0,0,0,0,40,98,0,52,0,0,0,0,0
212,0,7,0,0,0,0,0,504395,0,0,0,0,53,0,0,0,0,0,0,0,0,0,0,0,0,0,0,0,0,0,0,0,0,0,0,105,39,0,140,0,0,0,0,0
212,0,8,0,0,0,0,0,504395,0,0,0,0,50,0,0,0,0,0,0,0,0,0,0,0,0,0,0,0,0,0,0,0,0,0,0,52,0,42,107,0,0,0,0,0
212,0,9,0,0,0,0,0,504395,0,0,0,0,47,0,0,0,0,0,0,0,0,0,0,0,0,0,0,0,0,0,0,0,0,0,365,42,0,0,53,0,0,0,0,0
212,0,10,0,0,0,0,0,504395,0,0,0,0,53,0,0,0,0,0,0,0,0,0,0,0,0,0,0,0,0,0,0,0,0,0,0,91,92,0,118,0,0,0,0,0
212,0,11,0,0,0,0,0,504395,0,0,0,0,53,0,0,0,0,0,0,0,0,0,0,0,0,0,0,0,0,0,0,0,0,0,0,39,39,0,94,0,0,0,0,0
212,0,12,0,0,0,0,0,504395,0,0,0,0,47,0,0,0,0,0,0,0,0,0,0,0,0,0,0,0,0,0,0,0,0,0,0,0,0,45,93,0,0,0,0,0
212,0,13,0,0,0,0,0,504395,0,0,0,0,53,0,0,0,0,0,0,0,0,0,0,0,0,0,0,0,0,0,0,0,0,0,178,0,0,0,109,0,0,0,0,0
212,0,14,0,0,0,0,0,504395,0,0,0,0,53,0,0,0,0,0,0,0,0,0,0,0,0,0,0,0,0,0,0,0,0,0,0,0,80,0,60,0,0,0,0,0
212,0,15,0,0,0,0,0,504395,0,0,0,0,41,0,0,0,0,0,0,0,0,0,0,0,0,0,0,0,0,0,0,0,0,0,0,0,39,0,89,0,0,0,0,0
213,0,0,0,0,0,0,0,1008757,0,0,6706,73728,136,0,0,0,0,0,13737,0,0,0,0,0,0,0,0,6706,6706,0,0,0,73728,73728,0,294,0,136,284,0,0,0,0,24576
213,0,1,0,0,0,0,0,504379,13737,0,0,0,5002,0,0,0,0,0,13737,0,0,0,0,0,0,0,0,0,745,0,0,0,39472,0,0,84,170,2959,9628,0,0,24576,0,0
213,0,2,0,0,0,0,0,504379,0,0,0,0,3959,24576,0,0,0,0,0,0,0,0,0,0,0,0,0,0,0,0,0,0,0,34256,0,249,2885,282,7948,0,0,0,0,24576
213,0,3,0,0,0,0,0,504379,0,0,0,0,47,0,0,0,0,0,0,0,0,0,0,0,0,0,0,0,0,0,0,0,0,0,0,92,45,0,54,0,0,0,0,0
213,0,4,0,0,0,0,0,504379,0,0,0,0,47,0,0,0,0,0,0,0,0,0,0,0,0,0,0,0,0,0,0,0,0,0,0,87,0,45,62,0,0,0,0,0
213,0,5,0,0,0,0,0,504379,0,0,0,0,47,0,0,0,0,0,0,0,0,0,0,0,0,0,0,0,0,0,0,0,0,0,537,148,0,0,109,0,0,0,0,0
213,0,6,0,0,0,0,0,504379,0,0,0,0,47,0,0,0,0,0,0,0,0,0,0,0,0,0,0,0,0,0,0,0,0,0,0,40,98,0,52,0,0,0,0,0
213,0,7,0,0,0,0,0,504379,0,0,0,0,53,0,0,0,0,0,0,0,0,0,0,0,0,0,0,0,0,0,0,0,0,0,0,104,39,0,140,0,0,0,0,0
213,0,8,0,0,0,0,0,504379,0,0,0,0,50,0,0,0,0,0,0,0,0,0,0,0,0,0,0,0,0,0,0,0,0,0,0,52,0,42,107,0,0,0,0,0
213,0,9,0,0,0,0,0,504379,0,0,0,0,47,0,0,0,0,0,0,0,0,0,0,0,0,0,0,0,0,0,0,0,0,0,365,42,0,0,53,0,0,0,0,0
213,0,10,0,0,0,0,0,504379,0,0,0,0,53,0,0,0,0,0,0,0,0,0,0,0,0,0,0,0,0,0,0,0,0,0,0,91,92,0,118,0,0,0,0,0
213,0,11,0,0,0,0,0,504379,0,0,0,0,53,0,0,0,0,0,0,0,0,0,0,0,0,0,0,0,0,0,0,0,0,0,0,40,39,0,94,0,0,0,0,0
213,0,12,0,0,0,0,0,504379,0,0,0,0,47,0,0,0,0,0,0,0,0,0,0,0,0,0,0,0,0,0,0,0,0,0,0,0,0,45,93,0,0,0,0,0
213,0,13,0,0,0,0,0,504379,0,0,0,0,53,0,0,0,0,0,0,0,0,0,0,0,0,0,0,0,0,0,0,0,0,0,178,0,0,0,109,0,0,0,0,0
213,0,14,0,0,0,0,0,504379,0,0,0,0,53,0,0,0,0,0,0,0,0,0,0,0,0,0,0,0,0,0,0,0,0,0,0,0,80,0,60,0,0,0,0,0
213,0,15,0,0,0,0,0,504379,0,0,0,0,41,0,0,0,0,0,0,0,0,0,0,0,0,0,0,0,0,0,0,0,0,0,0,0,39,0,88,0,0,0,0,0
214,0,0,0,0,0,0,0,1099826,0,0,6560,147456,136,0,0,0,0,0,13524,0,0,0,0,0,0,0,0,6560,6560,0,0,0,147456,147456,0,294,0,136,284,0,0,0,0,49152
214,0,1,0,0,0,0,0,549913,13524,0,0,0,6009,0,0,0,0,0,13524,0,0,0,0,0,0,0,0,0,2436,0,0,0,73702,0,0,84,170,1807,10002,0,0,24576,0,0
214,0,2,0,0,0,0,0,549913,0,0,0,0,2505,24576,0,0,0,0,0,0,0,0,0,0,0,0,0,0,0,0,0,0,40131,33623,0,249,3370,3550,4234,0,0,24576,0,24576
214,0,3,0,0,0,0,0,549913,0,0,0,0,2506,24576,0,0,0,0,0,0,0,0,0,0,0,0,0,0,0,0,0,0,0,34402,0,91,865,0,2527,0,0,0,0,24576
214,0,4,0,0,0,0,0,549913,0,0,0,0,47,0,0,0,0,0,0,0,0,0,0,0,0,0,0,0,0,0,0,0,0,0,0,87,0,45,62,0,0,0,0,0
214,0,5,0,0,0,0,0,549913,0,0,0,0,47,0,0,0,0,0,0,0,0,0,0,0,0,0,0,0,0,0,0,0,0,0,537,148,0,0,109,0,0,0,0,0
214,0,6,0,0,0,0,0,549913,0,0,0,0,47,0,0,0,0,0,0,0,0,0,0,0,0,0,0,0,0,0,0,0,0,0,0,40,98,0,52,0,0,0,0,0
214,0,7,0,0,0,0,0,549913,0,0,0,0,53,0,0,0,0,0,0,0,0,0,0,0,0,0,0,0,0,0,0,0,0,0,0,106,39,0,140,0,0,0,0,0
214,0,8,0,0,0,0,0,549913,0,0,0,0,50,0,0,0,0,0,0,0,0,0,0,0,0,0,0,0,0,0,0,0,0,0,0,52,0,42,107,0,0,0,0,0
214,0,9,0,0,0,0,0,549913,0,0,0,0,47,0,0,0,0,0,0,0,0,0,0,0,0,0,0,0,0,0,0,0,0,0,365,42,0,0,53,0,0,0,0,0
214,0,10,0,0,0,0,0,549913,0,0,0,0,53,0,0,0,0,0,0,0,0,0,0,0,0,0,0,0,0,0,0,0,0,0,0,91,92,0,118,0,0,0,0,0
214,0,11,0,0,0,0,0,549913,0,0,0,0,53,0,0,0,0,0,0,0,0,0,0,0,0,0,0,0,0,0,0,0,0,0,0,39,39,0,94,0,0,0,0,0
214,0,12,0,0,0,0,0,549913,0,0,0,0,47,0,0,0,0,0,0,0,0,0,0,0,0,0,0,0,0,0,0,0,0,0,0,0,0,45,93,0,0,0,0,0
214,0,13,0,0,0,0,0,549913,0,0,0,0,53,0,0,0,0,0,0,0,0,0,0,0,0,0,0,0,0,0,0,0,0,0,178,0,0,0,109,0,0,0,0,0
214,0,14,0,0,0,0,0,549913,0,0,0,0,53,0,0,0,0,0,0,0,0,0,0,0,0,0,0,0,0,0,0,0,0,0,0,0,80,0,60,0,0,0,0,0
214,0,15,0,0,0,0,0,549913,0,0,0,0,41,0,0,0,0,0,0,0,0,0,0,0,0,0,0,0,0,0,0,0,0,0,0,0,39,0,90,0,0,0,0,0
215,0,0,0,0,0,0,0,1099299,0,0,6564,147456,136,0,0,0,0,0,13530,0,0,0,0,0,0,0,0,6564,6564,0,0,0,147456,147456,0,294,0,136,284,0,0,0,0,49152
215,0,1,0,0,0,0,0,549650,13530,0,0,0,5993,0,0,0,0,0,13530,0,0,0,0,0,0,0,0,0,2448,0,0,0,73704,0,0,84,170,1827,9985,0,0,24576,0,0
215,0,2,0,0,0,0,0,549650,0,0,0,0,2505,24576,0,0,0,0,0,0,0,0,0,0,0,0,0,0,0,0,0,0,40150,33694,0,249,3375,3540,4227,0,0,24576,0,24576
215,0,3,0,0,0,0,0,549650,0,0,0,0,2508,24576,0,0,0,0,0,0,0,0,0,0,0,0,0,0,0,0,0,0,0,34387,0,92,865,0,2540,0,0,0,0,24576
215,0,4,0,0,0,0,0,549650,0,0,0,0,47,0,0,0,0,0,0,0,0,0,0,0,0,0,0,0,0,0,0,0,0,0,0,87,0,45,62,0,0,0,0,0
215,0,5,0,0,0,0,0,549650,0,0,0,0,47,0,0,0,0,0,0,0,0,0,0,0,0,0,0,0,0,0,0,0,0,0,537,148,0,0,109,0,0,0,0,0
215,0,6,0,0,0,0,0,549650,0,0,0,0,47,0,0,0,0,0,0,0,0,0,0,0,0,0,0,0,0,0,0,0,0,0,0,40,98,0,52,0,0,0,0,0
215,0,7,0,0,0,0,0,549650,0,0,0,0,53,0,0,0,0,0,0,0,0,0,0,0,0,0,0,0,0,0,0,0,0,0,0,105,39,0,140,0,0,0,0,0
215,0,8,0,0,0,0,0,549650,0,0,0,0,50,0,0,0,0,0,0,0,0,0,0,0,0,0,0,0,0,0,0,0,0,0,0,52,0,42,107,0,0,0,0,0
215,0,9,0,0,0,0,0,549650,0,0,0,0,47,0,0,0,0,0,0,0,0,0,0,0,0,0,0,0,0,0,0,0,0,0,365,42,0,0,53,0,0,0,0,0
215,0,10,0,0,0,0,0,549650,0,0,0,0,53,0,0,0,0,0,0,0,0,0,0,0,0,0,0,0,0,0,0,0,0,0,0,91,92,0,118,0,0,0,0,0
215,0,11,0,0,0,0,0,549650,0,0,0,0,53,0,0,0,0,0,0,0,0,0,0,0,0,0,0,0,0,0,0,0,0,0,0,40,39,0,94,0,0,0,0,0
215,0,12,0,0,0,0,0,549650,0,0,0,0,47,0,0,0,0,0,0,0,0,0,0,0,0,0,0,0,0,0,0,0,0,0,0,0,0,45,93,0,0,0,0,0
215,0,13,0,0,0,0,0,549650,0,0,0,0,53,0,0,0,0,0,0,0,0,0,0,0,0,0,0,0,0,0,0,0,0,0,178,0,0,0,109,0,0,0,0,0
215,0,14,0,0,0,0,0,549650,0,0,0,0,53,0,0,0,0,0,0,0,0,0,0,0,0,0,0,0,0,0,0,0,0,0,0,0,80,0,60,0,0,0,0,0
215,0,15,0,0,0,0,0,549650,0,0,0,0,41,0,0,0,0,0,0,0,0,0,0,0,0,0,0,0,0,0,0,0,0,0,0,0,39,0,89,0,0,0,0,0
216,0,0,0,0,0,0,0,1099350,0,0,6564,147456,136,0,0,0,0,0,13527,0,0,0,0,0,0,0,0,6564,6564,0,0,0,147456,147456,0,294,0,136,284,0,0,0,0,49152
216,0,1,0,0,0,0,0,549675,13527,0,0,0,5992,0,0,0,0,0,13527,0,0,0,0,0,0,0,0,0,2438,0,0,0,73705,0,0,84,170,1828,9990,0,0,24576,0,0
216,0,2,0,0,0,0,0,549675,0,0,0,0,2506,24576,0,0,0,0,0,0,0,0,0,0,0,0,0,0,0,0,0,0,40134,33681,0,249,3369,3527,4241,0,0,24576,0,24576
216,0,3,0,0,0,0,0,549675,0,0,0,0,2504,24576,0,0,0,0,0,0,0,0,0,0,0,0,0,0,0,0,0,0,0,34393,0,91,869,0,2550,0,0,0,0,24576
216,0,4,0,0,0,0,0,549675,0,0,0,0,47,0,0,0,0,0,0,0,0,0,0,0,0,0,0,0,0,0,0,0,0,0,0,87,0,45,62,0,0,0,0,0
216,0,5,0,0,0,0,0,549675,0,0,0,0,47,0,0,0,0,0,0,0,0,0,0,0,0,0,0,0,0,0,0,0,0,0,537,148,0,0,109,0,0,0,0,0
216,0,6,0,0,0,0,0,549675,0,0,0,0,47,0,0,0,0,0,0,0,0,0,0,0,0,0,0,0,0,0,0,0,0,0,0,40,98,0,52,0,0,0,0,0
216,0,7,0,0,0,0,0,549675,0,0,0,0,53,0,0,0,0,0,0,0,0,0,0,0,0,0,0,0,0,0,0,0,0,0,0,106,39,0,140,0,0,0,0,0
216,0,8,0,0,0,0,0,549675,0,0,0,0,50,0,0,0,0,0,0,0,0,0,0,0,0,0,0,0,0,0,0,0,0,0,0,52,0,42,107,0,0,0,0,0
216,0,9,0,0,0,0,0,549675,0,0,0,0,47,0,0,0,0,0,0,0,0,0,0,0,0,0,0,0,0,0,0,0,0,0,365,42,0,0,53,0,0,0,0,0
216,0,10,0,0,0,0,0,549675,0,0,0,0,53,0,0,0,0,0,0,0,0,0,0,0,0,0,0,0,0,0,0,0,0,0,0,91,92,0,118,0,0,0,0,0
216,0,11,0,0,0,0,0,549675,0,0,0,0,53,0,0,0,0,0,0,0,0,0,0,0,0,0,0,0,0,0,0,0,0,0,0,39,39,0,94,0,0,0,0,0
216,0,12,0,0,0,0,0,549675,0,0,0,0,47,0,0,0,0,0,0,0,0,0,0,0,0,0,0,0,0,0,0,0,0,0,0,0,0,45,93,0,0,0,0,0
216,0,13,0,0,0,0,0,549675,0,0,0,0,53,0,0,0,0,0,0,0,0,0,0,0,0,0,0,0,0,0,0,0,0,0,178,0,0,0,109,0,0,0,0,0
216,0,14,0,0,0,0,0,549675,0,0,0,0,53,0,0,0,0,0,0,0,0,0,0,0,0,0,0,0,0,0,0,0,0,0,0,0,80,0,60,0,0,0,0,0
216,0,15,0,0,0,0,0,549675,0,0,0,0,41,0,0,0,0,0,0,0,0,0,0,0,0,0,0,0,0,0,0,0,0,0,0,0,39,0,90,0,0,0,0,0
217,0,0,0,0,0,0,0,1133524,0,0,7824,294912,136,0,0,0,0,0,15432,0,0,0,0,0,0,0,0,7824,7824,0,73728,0,221184,294912,0,2251,0,136,284,0,0,0,0,98304
217,0,1,0,0,0,0,0,566762,15432,0,0,0,5575,0,0,0,0,0,15432,0,0,0,0,0,0,0,0,0,1408,0,36585,0,74159,0,0,983,859,1919,10004,0,0,24576,0,0
217,0,2,0,0,0,0,0,566762,0,0,0,0,1380,24576,0,0,0,0,0,0,0,0,0,0,0,0,0,0,0,0,0,0,39028,39611,0,249,2157,1333,2566,0,0,24576,0,24576
217,0,3,0,0,0,0,0,566762,0,0,0,0,1492,24576,0,0,0,0,0,0,0,0,0,0,0,0,0,0,0,0,0,0,0,34929,0,91,555,0,2406,0,0,0,0,24576
217,0,4,0,0,0,0,0,566762,0,0,0,0,1558,24576,0,0,0,0,0,0,0,0,0,0,0,0,0,0,0,0,0,0,0,38256,0,87,0,489,2262,24576,0,0,0,24576
217,0,5,0,0,0,0,0,566762,0,0,0,0,1476,24576,0,0,0,0,0,0,0,0,0,0,0,0,0,0,0,0,0,0,0,38500,2574,148,0,0,2596,0,0,0,0,24576
217,0,6,0,0,0,0,0,566762,0,0,0,0,47,0,0,0,0,0,0,0,0,0,0,0,0,0,0,0,0,0,0,0,0,0,0,40,98,2,52,0,0,0,0,0
217,0,7,0,0,0,0,0,566762,0,0,0,0,53,0,0,0,0,0,0,0,0,0,0,0,0,0,0,0,0,0,0,0,0,0,0,106,39,0,140,0,0,0,0,0
217,0,8,0,0,0,0,0,566762,0,0,0,0,50,0,0,0,0,0,0,0,0,0,0,0,0,0,0,0,0,0,0,0,0,0,0,52,0,42,107,0,0,0,0,0
217,0,9,0,0,0,0,0,566762,0,0,0,0,47,0,0,0,0,0,0,0,0,0,0,0,0,0,0,0,0,0,0,0,0,0,365,42,0,0,53,0,0,0,0,0
217,0,10,0,0,0,0,0,566762,0,0,0,0,53,0,0,0,0,0,0,0,0,0,0,0,0,0,0,0,0,0,0,0,0,0,0,91,92,0,118,0,0,0,0,0
217,0,11,0,0,0,0,0,566762,0,0,0,0,53,0,0,0,0,0,0,0,0,0,0,0,0,0,0,0,0,0,0,0,0,0,0,41,39,0,94,0,0,0,0,0
217,0,12,0,0,0,0,0,566762,0,0,0,0,47,0,0,0,0,0,0,0,0,0,0,0,0,0,0,0,0,0,0,0,0,0,0,0,0,45,93,0,0,0,0,0
217,0,13,0,0,0,0,0,566762,0,0,0,0,53,0,0,0,0,0,0,0,0,0,0,0,0,0,0,0,0,0,0,0,0,0,178,0,0,0,109,0,0,0,0,0
217,0,14,0,0,0,0,0,566762,0,0,0,0,53,0,0,0,0,0,0,0,0,0,0,0,0,0,0,0,0,0,0,0,0,0,0,0,80,0,60,0,0,0,0,0
217,0,15,0,0,0,0,0,566762,0,0,0,0,41,0,0,0,0,0,0,0,0,0,0,0,0,0,0,0,0,0,0,0,0,0,0,0,39,0,90,0,0,0,0,0
218,0,0,0,0,0,0,0,1138702,0,0,7864,294912,136,0,0,0,0,0,15489,0,0,0,0,0,0,0,0,7864,7864,0,73728,0,221184,294912,0,2261,0,136,284,0,0,0,0,98304
218,0,1,0,0,0,0,0,569351,15489,0,0,0,5811,0,0,0,0,0,15489,0,0,0,0,0,0,0,0,0,1487,0,37535,0,75699,0,0,918,818,1829,10197,0,0,24577,0,0
218,0,2,0,0,0,0,0,569351,0,0,0,0,1302,24576,0,0,0,0,0,0,0,0,0,0,0,0,0,0,0,0,0,0,37445,38562,0,249,2215,1326,2604,0,0,24575,0,24576
218,0,3,0,0,0,0,0,569351,0,0,0,0,1461,24576,0,0,0,0,0,0,0,0,0,0,0,0,0,0,0,0,0,0,0,36606,0,92,596,0,2391,0,0,0,0,24576
218,0,4,0,0,0,0,0,569351,0,0,0,0,1529,24576,0,0,0,0,0,0,0,0,0,0,0,0,0,0,0,0,0,0,0,38436,0,87,0,528,2192,24576,0,0,0,24576
218,0,5,0,0,0,0,0,569351,0,0,0,0,1431,24576,0,0,0,0,0,0,0,0,0,0,0,0,0,0,0,0,0,0,0,37204,2599,148,0,1,2626,0,0,0,0,24576
218,0,6,0,0,0,0,0,569351,0,0,0,0,47,0,0,0,0,0,0,0,0,0,0,0,0,0,0,0,0,0,0,0,0,0,0,40,98,1,52,0,0,0,0,0
218,0,7,0,0,0,0,0,569351,0,0,0,0,53,0,0,0,0,0,0,0,0,0,0,0,0,0,0,0,0,0,0,0,0,0,0,106,39,0,140,0,0,0,0,0
218,0,8,0,0,0,0,0,569351,0,0,0,0,50,0,0,0,0,0,0,0,0,0,0,0,0,0,0,0,0,0,0,0,0,0,0,52,0,42,107,0,0,0,0,0
218,0,9,0,0,0,0,0,569351,0,0,0,0,47,0,0,0,0,0,0,0,0,0,0,0,0,0,0,0,0,0,0,0,0,0,365,42,0,0,53,0,0,0,0,0
218,0,10,0,0,0,0,0,569351,0,0,0,0,53,0,0,0,0,0,0,0,0,0,0,0,0,0,0,0,0,0,0,0,0,0,0,91,92,0,118,0,0,0,0,0
218,0,11,0,0,0,0,0,569351,0,0,0,0,53,0,0,0,0,0,0,0,0,0,0,0,0,0,0,0,0,0,0,0,0,0,0,41,39,0,94,0,0,0,0,0
218,0,12,0,0,0,0,0,569351,0,0,0,0,47,0,0,0,0,0,0,0,0,0,0,0,0,0,0,0,0,0,0,0,0,0,0,0,0,45,93,0,0,0,0,0
218,0,13,0,0,0,0,0,569351,0,0,0,0,53,0,0,0,0,0,0,0,0,0,0,0,0,0,0,0,0,0,0,0,0,0,178,0,0,0,109,0,0,0,0,0
218,0,14,0,0,0,0,0,569351,0,0,0,0,53,0,0,0,0,0,0,0,0,0,0,0,0,0,0,0,0,0,0,0,0,0,0,0,80,0,60,0,0,0,0,0
218,0,15,0,0,0,0,0,569351,0,0,0,0,41,0,0,0,0,0,0,0,0,0,0,0,0,0,0,0,0,0,0,0,0,0,0,0,39,0,90,0,0,0,0,0
219,0,0,0,0,0,0,0,1133437,0,0,7824,294912,136,0,0,0,0,0,15432,0,0,0,0,0,0,0,0,7824,7824,0,73728,0,221184,294912,0,2251,0,136,284,0,0,0,0,98304
219,0,1,0,0,0,0,0,566719,15432,0,0,0,5581,0,0,0,0,0,15432,0,0,0,0,0,0,0,0,0,1360,0,36591,0,74116,0,0,982,864,1909,9929,0,0,24576,0,0
219,0,2,0,0,0,0,0,566719,0,0,0,0,1375,24576,0,0,0,0,0,0,0,0,0,0,0,0,0,0,0,0,0,0,39072,39823,0,249,2202,1331,2573,0,0,24576,0,24576
219,0,3,0,0,0,0,0,566719,0,0,0,0,1532,24576,0,0,0,0,0,0,0,0,0,0,0,0,0,0,0,0,0,0,0,34825,0,91,515,0,2448,0,0,0,0,24576
219,0,4,0,0,0,0,0,566719,0,0,0,0,1568,24576,0,0,0,0,0,0,0,0,0,0,0,0,0,0,0,0,0,0,0,38034,0,87,0,479,2277,24576,0,0,0,24576
219,0,5,0,0,0,0,0,566719,0,0,0,0,1450,24576,0,0,0,0,0,0,0,0,0,0,0,0,0,0,0,0,0,0,0,38550,2610,148,0,0,2571,0,0,0,0,24576
219,0,6,0,0,0,0,0,566719,0,0,0,0,47,0,0,0,0,0,0,0,0,0,0,0,0,0,0,0,0,0,0,0,0,0,0,40,98,2,52,0,0,0,0,0
219,0,7,0,0,0,0,0,566719,0,0,0,0,53,0,0,0,0,0,0,0,0,0,0,0,0,0,0,0,0,0,0,0,0,0,0,106,39,0,140,0,0,0,0,0
219,0,8,0,0,0,0,0,566719,0,0,0,0,50,0,0,0,0,0,0,0,0,0,0,0,0,0,0,0,0,0,0,0,0,0,0,52,0,42,107,0,0,0,0,0
219,0,9,0,0,0,0,0,566719,0,0,0,0,47,0,0,0,0,0,0,0,0,0,0,0,0,0,0,0,0,0,0,0,0,0,365,42,0,0,53,0,0,0,0,0
219,0,10,0,0,0,0,0,566719,0,0,0,0,53,0,0,0,0,0,0,0,0,0,0,0,0,0,0,0,0,0,0,0,0,0,0,91,92,0,118,0,0,0,0,0
219,0,11,0,0,0,0,0,566719,0,0,0,0,53,0,0,0,0,0,0,0,0,0,0,0,0,0,0,0,0,0,0,0,0,0,0,41,39,0,94,0,0,0,0,0
219,0,12,0,0,0,0,0,566719,0,0,0,0,47,0,0,0,0,0,0,0,0,0,0,0,0,0,0,0,0,0,0,0,0,0,0,0,0,45,93,0,0,0,0,0
219,0,13,0,0,0,0,0,566719,0,0,0,0,53,0,0,0,0,0,0,0,0,0,0,0,0,0,0,0,0,0,0,0,0,0,178,0,0,0,109,0,0,0,0,0
219,0,14,0,0,0,0,0,566719,0,0,0,0,53,0,0,0,0,0,0,0,0,0,0,0,0,0,0,0,0,0,0,0,0,0,0,0,80,0,60,0,0,0,0,0
219,0,15,0,0,0,0,0,566719,0,0,0,0,41,0,0,0,0,0,0,0,0,0,0,0,0,0,0,0,0,0,0,0,0,0,0,0,39,0,90,0,0,0,0,0
220,0,0,0,0,0,0,0,1393529,0,0,9108,442368,136,0,0,0,0,0,17370,0,0,0,0,0,0,0,0,9108,9108,0,73728,0,368640,442368,0,1813,0,136,284,0,0,0,0,147456
220,0,1,0,0,0,0,0,696765,17370,0,0,0,6976,0,0,0,0,0,17370,0,0,0,0,0,0,0,0,0,4231,0,36485,0,147017,0,0,632,729,2285,12109,0,0,24576,0,0
220,0,2,0,0,0,0,0,696765,0,0,0,0,1041,24576,0,0,0,0,0,0,0,0,0,0,0,0,0,0,0,0,36882,0,74200,37301,0,1210,1719,2224,2171,0,0,24576,0,24576
220,0,3,0,0,0,0,0,696765,0,0,0,0,1153,24576,0,0,0,0,0,0,0,0,0,0,0,0,0,0,0,0,36892,0,0,40394,0,673,456,0,1675,0,0,0,0,24576
220,0,4,0,0,0,0,0,696765,0,0,0,0,1111,24576,0,0,0,0,0,0,0,0,0,0,0,0,0,0,0,0,0,0,0,41766,0,87,0,498,1685,49152,0,0,0,24576
220,0,5,0,0,0,0,0,696765,0,0,0,0,1148,24576,0,0,0,0,0,0,0,0,0,0,0,0,0,0,0,0,0,0,0,39243,3588,148,0,1,2181,0,0,24576,0,24576
220,0,6,0,0,0,0,0,696765,0,0,0,0,1126,24576,0,0,0,0,0,0,0,0,0,0,0,0,0,0,0,0,0,0,0,37662,0,40,1558,2,1689,0,0,24576,0,24576
220,0,7,0,0,0,0,0,696765,0,0,0,0,1077,24576,0,0,0,0,0,0,0,0,0,0,0,0,0,0,0,0,0,0,0,36836,0,107,532,0,2101,0,0,0,0,24576
220,0,8,0,0,0,0,0,696765,0,0,0,0,50,0,0,0,0,0,0,0,0,0,0,0,0,0,0,0,0,0,0,0,0,0,0,52,0,42,107,0,0,0,0,0
220,0,9,0,0,0,0,0,696765,0,0,0,0,47,0,0,0,0,0,0,0,0,0,0,0,0,0,0,0,0,0,0,0,0,0,365,42,0,0,53,0,0,0,0,0
220,0,10,0,0,0,0,0,696765,0,0,0,0,53,0,0,0,0,0,0,0,0,0,0,0,0,0,0,0,0,0,0,0,0,0,0,91,92,0,118,0,0,0,0,0
220,0,11,0,0,0,0,0,696765,0,0,0,0,53,0,0,0,0,0,0,0,0,0,0,0,0,0,0,0,0,0,0,0,0,0,0,42,39,0,94,0,0,0,0,0
220,0,12,0,0,0,0,0,696765,0,0,0,0,47,0,0,0,0,0,0,0,0,0,0,0,0,0,0,0,0,0,0,0,0,0,0,0,0,45,93,0,0,0,0,0
220,0,13,0,0,0,0,0,696765,0,0,0,0,53,0,0,0,0,0,0,0,0,0,0,0,0,0,0,0,0,0,0,0,0,0,178,0,0,0,109,0,0,0,0,0
220,0,14,0,0,0,0,0,696765,0,0,0,0,53,0,0,0,0,0,0,0,0,0,0,0,0,0,0,0,0,0,0,0,0,0,0,0,80,0,60,0,0,0,0,0
220,0,15,0,0,0,0,0,696765,0,0,0,0,41,0,0,0,0,0,0,0,0,0,0,0,0,0,0,0,0,0,0,0,0,0,0,0,39,0,91,0,0,0,0,0
221,0,0,0,0,0,0,0,1393196,0,0,9108,442368,136,0,0,0,0,0,17367,0,0,0,0,0,0,0,0,9108,9108,0,73728,0,368640,442368,0,1813,0,136,284,0,0,0,0,147456
221,0,1,0,0,0,0,0,696598,17367,0,0,0,6992,0,0,0,0,0,17367,0,0,0,0,0,0,0,0,0,4172,0,36550,0,147065,0,0,621,735,2274,12088,0,0,24577,0,0
221,0,2,0,0,0,0,0,696598,0,0,0,0,1034,24576,0,0,0,0,0,0,0,0,0,0,0,0,0,0,0,0,36893,0,74150,37291,0,1212,1724,2213,2183,0,0,24575,0,24576
221,0,3,0,0,0,0,0,696598,0,0,0,0,1150,24576,0,0,0,0,0,0,0,0,0,0,0,0,0,0,0,0,36892,0,0,40441,0,672,459,0,1684,0,0,0,0,24576
221,0,4,0,0,0,0,0,696598,0,0,0,0,1136,24576,0,0,0,0,0,0,0,0,0,0,0,0,0,0,0,0,0,0,0,41699,0,87,0,473,1716,49152,0,0,0,24576
221,0,5,0,0,0,0,0,696598,0,0,0,0,1158,24576,0,0,0,0,0,0,0,0,0,0,0,0,0,0,0,0,0,0,0,39175,3620,148,0,1,2202,0,0,24576,0,24576
221,0,6,0,0,0,0,0,696598,0,0,0,0,1147,24576,0,0,0,0,0,0,0,0,0,0,0,0,0,0,0,0,0,0,0,37617,0,40,1541,1,1708,0,0,24576,0,24576
221,0,7,0,0,0,0,0,696598,0,0,0,0,1080,24576,0,0,0,0,0,0,0,0,0,0,0,0,0,0,0,0,0,0,0,36836,0,107,529,0,2106,0,0,0,0,24576
221,0,8,0,0,0,0,0,696598,0,0,0,0,50,0,0,0,0,0,0,0,0,0,0,0,0,0,0,0,0,0,0,0,0,0,0,52,0,42,107,0,0,0,0,0
221,0,9,0,0,0,0,0,696598,0,0,0,0,47,0,0,0,0,0,0,0,0,0,0,0,0,0,0,0,0,0,0,0,0,0,365,42,0,0,53,0,0,0,0,0
221,0,10,0,0,0,0,0,696598,0,0,0,0,53,0,0,0,0,0,0,0,0,0,0,0,0,0,0,0,0,0,0,0,0,0,0,91,92,0,118,0,0,0,0,0
221,0,11,0,0,0,0,0,696598,0,0,0,0,53,0,0,0,0,0,0,0,0,0,0,0,0,0,0,0,0,0,0,0,0,0,0,42,39,0,94,0,0,0,0,0
221,0,12,0,0,0,0,0,696598,0,0,0,0,47,0,0,0,0,0,0,0,0,0,0,0,0,0,0,0,0,0,0,0,0,0,0,0,0,45,93,0,0,0,0,0
221,0,13,0,0,0,0,0,696598,0,0,0,0,53,0,0,0,0,0,0,0,0,0,0,0,0,0,0,0,0,0,0,0,0,0,178,0,0,0,109,0,0,0,0,0
221,0,14,0,0,0,0,0,696598,0,0,0,0,53,0,0,0,0,0,0,0,0,0,0,0,0,0,0,0,0,0,0,0,0,0,0,0,80,0,60,0,0,0,0,0
221,0,15,0,0,0,0,0,696598,0,0,0,0,41,0,0,0,0,0,0,0,0,0,0,0,0,0,0,0,0,0,0,0,0,0,0,0,39,0,91,0,0,0,0,0
222,0,0,0,0,0,0,0,1389945,0,0,9108,442368,136,0,0,0,0,0,17367,0,0,0,0,0,0,0,0,9108,9108,0,73728,0,368640,442368,0,1813,0,136,284,0,0,0,0,147456
222,0,1,0,0,0,0,0,694972,17367,0,0,0,7019,0,0,0,0,0,17367,0,0,0,0,0,0,0,0,0,3799,0,36701,0,147976,0,0,631,782,2190,12167,0,0,24576,0,0
222,0,2,0,0,0,0,0,694972,0,0,0,0,1071,24576,0,0,0,0,0,0,0,0,0,0,0,0,0,0,0,0,36795,0,73460,38792,0,1215,1605,2278,2236,0,0,24576,0,24576
222,0,3,0,0,0,0,0,694972,0,0,0,0,1068,24576,0,0,0,0,0,0,0,0,0,0,0,0,0,0,0,0,36889,0,0,37961,0,635,541,0,1574,0,0,0,0,24576
222,0,4,0,0,0,0,0,694972,0,0,0,0,1104,24576,0,0,0,0,0,0,0,0,0,0,0,0,0,0,0,0,0,0,0,41277,0,87,0,505,1730,49152,0,0,0,24576
222,0,5,0,0,0,0,0,694972,0,0,0,0,1077,24576,0,0,0,0,0,0,0,0,0,0,0,0,0,0,0,0,0,0,0,39268,3687,148,0,2,2111,0,0,24576,0,24576
222,0,6,0,0,0,0,0,694972,0,0,0,0,1190,24576,0,0,0,0,0,0,0,0,0,0,0,0,0,0,0,0,0,0,0,37711,0,40,1522,1,1748,0,0,24576,0,24576
222,0,7,0,0,0,0,0,694972,0,0,0,0,1105,24576,0,0,0,0,0,0,0,0,0,0,0,0,0,0,0,0,0,0,0,37914,0,107,504,0,2168,0,0,0,0,24576
222,0,8,0,0,0,0,0,694972,0,0,0,0,50,0,0,0,0,0,0,0,0,0,0,0,0,0,0,0,0,0,0,0,0,0,0,52,0,42,107,0,0,0,0,0
222,0,9,0,0,0,0,0,694972,0,0,0,0,47,0,0,0,0,0,0,0,0,0,0,0,0,0,0,0,0,0,0,0,0,0,365,42,0,0,53,0,0,0,0,0
222,0,10,0,0,0,0,0,694972,0,0,0,0,53,0,0,0,0,0,0,0,0,0,0,0,0,0,0,0,0,0,0,0,0,0,0,91,92,0,118,0,0,0,0,0
222,0,11,0,0,0,0,0,694972,0,0,0,0,53,0,0,0,0,0,0,0,0,0,0,0,0,0,0,0,0,0,0,0,0,0,0,42,39,0,94,0,0,0,0,0
222,0,12,0,0,0,0,0,694972,0,0,0,0,47,0,0,0,0,0,0,0,0,0,0,0,0,0,0,0,0,0,0,0,0,0,0,0,0,45,93,0,0,0,0,0
222,0,13,0,0,0,0,0,694972,0,0,0,0,53,0,0,0,0,0,0,0,0,0,0,0,0,0,0,0,0,0,0,0,0,0,178,0,0,0,109,0,0,0,0,0
222,0,14,0,0,0,0,0,694972,0,0,0,0,53,0,0,0,0,0,0,0,0,0,0,0,0,0,0,0,0,0,0,0,0,0,0,0,80,0,60,0,0,0,0,0
222,0,15,0,0,0,0,0,694972,0,0,0,0,41,0,0,0,0,0,0,0,0,0,0,0,0,0,0,0,0,0,0,0,0,0,0,0,39,0,91,0,0,0,0,0
223,0,0,0,0,0,0,0,1823580,0,0,12240,589824,136,0,0,0,0,0,22080,0,0,0,0,0,0,0,0,12240,12240,0,147456,0,442368,589824,0,3356,0,136,284,0,0,0,0,196608
223,0,1,0,0,0,0,0,911790,22080,0,0,0,8582,0,0,0,0,0,22080,0,0,0,0,0,0,0,0,0,6379,0,73546,0,147303,0,0,1326,1319,2529,15422,0,0,24577,0,0
223,0,2,0,0,0,0,0,911790,0,0,0,0,1056,24576,0,0,0,0,0,0,0,0,0,0,0,0,0,0,0,0,37067,0,73771,41602,0,1213,1605,2103,2108,0,0,24575,0,24576
223,0,3,0,0,0,0,0,911790,0,0,0,0,1042,24576,0,0,0,0,0,0,0,0,0,0,0,0,0,0,0,0,36933,0,0,40912,0,747,579,0,1635,0,0,0,0,24576
223,0,4,0,0,0,0,0,911790,0,0,0,0,1080,24576,0,0,0,0,0,0,0,0,0,0,0,0,0,0,0,0,37000,0,0,41248,0,703,0,541,1628,73728,0,0,0,24576
223,0,5,0,0,0,0,0,911790,0,0,0,0,1065,24576,0,0,0,0,0,0,0,0,0,0,0,0,0,0,0,0,36936,0,0,39020,5123,1027,0,0,2068,0,0,24576,0,24576
223,0,6,0,0,0,0,0,911790,0,0,0,0,1037,24576,0,0,0,0,0,0,0,0,0,0,0,0,0,0,0,0,0,0,0,37380,0,40,1617,2,1609,0,0,24576,0,24576
223,0,7,0,0,0,0,0,911790,0,0,0,0,1034,24576,0,0,0,0,0,0,0,0,0,0,0,0,0,0,0,0,0,0,0,37791,0,107,587,0,1996,0,0,0,0,24576
223,0,8,0,0,0,0,0,911790,0,0,0,0,1057,24576,0,0,0,0,0,0,0,0,0,0,0,0,0,0,0,0,0,0,0,36728,0,52,0,564,2029,24576,0,0,0,24576
223,0,9,0,0,0,0,0,911790,0,0,0,0,1030,24576,0,0,0,0,0,0,0,0,0,0,0,0,0,0,0,0,0,0,0,37188,1916,42,0,2,1688,0,0,0,0,24576
223,0,10,0,0,0,0,0,911790,0,0,0,0,53,0,0,0,0,0,0,0,0,0,0,0,0,0,0,0,0,0,0,0,0,0,0,91,92,0,118,0,0,0,0,0
223,0,11,0,0,0,0,0,911790,0,0,0,0,53,0,0,0,0,0,0,0,0,0,0,0,0,0,0,0,0,0,0,0,0,0,0,44,39,0,94,0,0,0,0,0
223,0,12,0,0,0,0,0,911790,0,0,0,0,47,0,0,0,0,0,0,0,0,0,0,0,0,0,0,0,0,0,0,0,0,0,0,0,0,45,93,0,0,0,0,0
223,0,13,0,0,0,0,0,911790,0,0,0,0,53,0,0,0,0,0,0,0,0,0,0,0,0,0,0,0,0,0,0,0,0,0,178,0,0,0,109,0,0,0,0,0
223,0,14,0,0,0,0,0,911790,0,0,0,0,53,0,0,0,0,0,0,0,0,0,0,0,0,0,0,0,0,0,0,0,0,0,0,0,80,0,60,0,0,0,0,0
223,0,15,0,0,0,0,0,911790,0,0,0,0,41,0,0,0,0,0,0,0,0,0,0,0,0,0,0,0,0,0,0,0,0,0,0,0,39,0,91,0,0,0,0,0
224,0,0,0,0,0,0,0,1826789,0,0,12272,589824,136,0,0,0,0,0,22128,0,0,0,0,0,0,0,0,12272,12272,0,147456,0,442368,589824,0,3364,0,136,284,0,0,0,0,196608
224,0,1,0,0,0,0,0,913394,22128,0,0,0,8525,0,0,0,0,0,22128,0,0,0,0,0,0,0,0,0,6545,0,73156,0,147720,0,0,1247,1400,2616,15328,0,0,24577,0,0
224,0,2,0,0,0,0,0,913394,0,0,0,0,1026,24576,0,0,0,0,0,0,0,0,0,0,0,0,0,0,0,0,36732,0,73266,37558,0,1164,1636,2143,2015,0,0,24575,0,24576
224,0,3,0,0,0,0,0,913394,0,0,0,0,1037,24576,0,0,0,0,0,0,0,0,0,0,0,0,0,0,0,0,37336,0,0,41034,0,708,587,0,1638,0,0,0,0,24576
224,0,4,0,0,0,0,0,913394,0,0,0,0,1038,24576,0,0,0,0,0,0,0,0,0,0,0,0,0,0,0,0,37272,0,0,41571,0,688,0,587,1681,73728,0,0,0,24576
224,0,5,0,0,0,0,0,913394,0,0,0,0,1015,24576,0,0,0,0,0,0,0,0,0,0,0,0,0,0,0,0,37335,0,0,41784,5161,1060,0,1,2072,0,0,24576,0,24576
224,0,6,0,0,0,0,0,913394,0,0,0,0,1080,24576,0,0,0,0,0,0,0,0,0,0,0,0,0,0,0,0,0,0,0,41277,0,40,1595,1,1705,0,0,24576,0,24576
224,0,7,0,0,0,0,0,913394,0,0,0,0,1051,24576,0,0,0,0,0,0,0,0,0,0,0,0,0,0,0,0,0,0,0,36392,0,106,574,0,2058,0,0,0,0,24576
224,0,8,0,0,0,0,0,913394,0,0,0,0,1061,24576,0,0,0,0,0,0,0,0,0,0,0,0,0,0,0,0,0,0,0,36458,0,52,0,564,2052,24576,0,0,0,24576
224,0,9,0,0,0,0,0,913394,0,0,0,0,1029,24576,0,0,0,0,0,0,0,0,0,0,0,0,0,0,0,0,0,0,0,36762,1927,42,0,0,1658,0,0,0,0,24576
224,0,10,0,0,0,0,0,913394,0,0,0,0,53,0,0,0,0,0,0,0,0,0,0,0,0,0,0,0,0,0,0,0,0,0,0,91,92,2,118,0,0,0,0,0
224,0,11,0,0,0,0,0,913394,0,0,0,0,53,0,0,0,0,0,0,0,0,0,0,0,0,0,0,0,0,0,0,0,0,0,0,43,39,0,94,0,0,0,0,0
224,0,12,0,0,0,0,0,913394,0,0,0,0,47,0,0,0,0,0,0,0,0,0,0,0,0,0,0,0,0,0,0,0,0,0,0,0,0,45,93,0,0,0,0,0
224,0,13,0,0,0,0,0,913394,0,0,0,0,53,0,0,0,0,0,0,0,0,0,0,0,0,0,0,0,0,0,0,0,0,0,178,0,0,0,109,0,0,0,0,0
224,0,14,0,0,0,0,0,913394,0,0,0,0,53,0,0,0,0,0,0,0,0,0,0,0,0,0,0,0,0,0,0,0,0,0,0,0,80,0,60,0,0,0,0,0
224,0,15,0,0,0,0,0,913394,0,0,0,0,41,0,0,0,0,0,0,0,0,0,0,0,0,0,0,0,0,0,0,0,0,0,0,0,39,0,92,0,0,0,0,0
225,0,0,0,0,0,0,0,1827416,0,0,12112,589824,136,0,0,0,0,0,21888,0,0,0,0,0,0,0,0,12112,12112,0,147456,0,442368,589824,0,3324,0,136,284,0,0,0,0,196608
225,0,1,0,0,0,0,0,913708,21888,0,0,0,9290,0,0,0,0,0,21888,0,0,0,0,0,0,0,0,0,5490,0,73999,0,147472,0,0,1130,1097,2111,15902,0,0,24577,0,0
225,0,2,0,0,0,0,0,913708,0,0,0,0,1059,24576,0,0,0,0,0,0,0,0,0,0,0,0,0,0,0,0,36731,0,73658,37906,0,1305,1668,2297,2179,0,0,24575,0,24576
225,0,3,0,0,0,0,0,913708,0,0,0,0,1123,24576,0,0,0,0,0,0,0,0,0,0,0,0,0,0,0,0,36901,0,0,40521,0,631,481,0,1607,0,0,0,0,24576
225,0,4,0,0,0,0,0,913708,0,0,0,0,1101,24576,0,0,0,0,0,0,0,0,0,0,0,0,0,0,0,0,36874,0,0,39710,0,491,0,504,1639,73728,0,0,0,24576
225,0,5,0,0,0,0,0,913708,0,0,0,0,1066,24576,0,0,0,0,0,0,0,0,0,0,0,0,0,0,0,0,36580,0,0,38928,5160,1116,0,1,2144,0,0,24576,0,24576
225,0,6,0,0,0,0,0,913708,0,0,0,0,1074,24576,0,0,0,0,0,0,0,0,0,0,0,0,0,0,0,0,0,0,0,38888,0,40,1615,1,1538,0,0,24576,0,24576
225,0,7,0,0,0,0,0,913708,0,0,0,0,1084,24576,0,0,0,0,0,0,0,0,0,0,0,0,0,0,0,0,0,0,0,39685,0,108,520,0,2147,0,0,0,0,24576
225,0,8,0,0,0,0,0,913708,0,0,0,0,1043,24576,0,0,0,0,0,0,0,0,0,0,0,0,0,0,0,0,0,0,0,38202,0,52,0,562,2211,24576,0,0,0,24576
225,0,9,0,0,0,0,0,913708,0,0,0,0,1098,24576,0,0,0,0,0,0,0,0,0,0,0,0,0,0,0,0,0,0,0,38753,1820,42,0,0,1651,0,0,0,0,24576
225,0,10,0,0,0,0,0,913708,0,0,0,0,53,0,0,0,0,0,0,0,0,0,0,0,0,0,0,0,0,0,0,0,0,0,0,91,92,2,118,0,0,0,0,0
225,0,11,0,0,0,0,0,913708,0,0,0,0,53,0,0,0,0,0,0,0,0,0,0,0,0,0,0,0,0,0,0,0,0,0,0,41,39,0,94,0,0,0,0,0
225,0,12,0,0,0,0,0,913708,0,0,0,0,47,0,0,0,0,0,0,0,0,0,0,0,0,0,0,0,0,0,0,0,0,0,0,0,0,45,93,0,0,0,0,0
225,0,13,0,0,0,0,0,913708,0,0,0,0,53,0,0,0,0,0,0,0,0,0,0,0,0,0,0,0,0,0,0,0,0,0,178,0,0,0,109,0,0,0,0,0
225,0,14,0,0,0,0,0,913708,0,0,0,0,53,0,0,0,0,0,0,0,0,0,0,0,0,0,0,0,0,0,0,0,0,0,0,0,80,0,60,0,0,0,0,0
225,0,15,0,0,0,0,0,913708,0,0,0,0,41,0,0,0,0,0,0,0,0,0,0,0,0,0,0,0,0,0,0,0,0,0,0,0,39,0,94,0,0,0,0,0
226,0,0,0,0,0,0,0,2253084,0,0,15240,737280,136,0,0,0,0,0,26592,0,0,0,0,0,0,0,0,15240,15240,0,147456,0,589824,737280,0,3344,0,136,284,0,0,0,0,271651
226,0,1,0,0,0,0,0,1126542,26592,0,0,0,10743,0,0,0,0,0,26592,0,0,0,0,0,0,0,0,0,8397,0,73872,0,220843,0,0,1235,1322,3458,19075,0,0,24576,0,0
226,0,2,0,0,0,0,0,1126542,0,0,0,0,1072,24576,0,0,0,0,0,0,0,0,0,0,0,0,0,0,0,0,73933,0,110668,38853,0,2178,1628,3233,2126,0,0,24576,0,24576
226,0,3,0,0,0,0,0,1126542,0,0,0,0,1086,24576,0,0,0,0,0,0,0,0,0,0,0,0,0,0,0,0,73465,0,0,38018,0,1178,528,0,1632,0,0,0,0,24576
226,0,4,0,0,0,0,0,1126542,0,0,0,0,1035,24576,0,0,0,0,0,0,0,0,0,0,0,0,0,0,0,0,37208,0,0,40710,0,670,0,580,1619,98304,0,0,0,24576
226,0,5,0,0,0,0,0,1126542,0,0,0,0,1023,24576,0,0,0,0,0,0,0,0,0,0,0,0,0,0,0,0,36735,0,0,41909,6604,1099,0,2,2033,0,0,24576,0,24576
226,0,6,0,0,0,0,0,1126542,0,0,0,0,1080,24576,0,0,0,0,0,0,0,0,0,0,0,0,0,0,0,0,36757,0,0,40828,0,578,1636,0,1668,0,0,24576,0,24576
226,0,7,0,0,0,0,0,1126542,0,0,0,0,1101,24576,0,0,0,0,0,0,0,0,0,0,0,0,0,0,0,0,36908,0,0,38167,0,1083,513,0,2178,0,0,0,0,24576
226,0,8,0,0,0,0,0,1126542,0,0,0,0,1073,24576,0,0,0,0,0,0,0,0,0,0,0,0,0,0,0,0,0,0,0,36524,0,52,0,542,2072,49152,0,0,0,24576
226,0,9,0,0,0,0,0,1126542,0,0,0,0,1063,24576,0,0,0,0,0,0,0,0,0,0,0,0,0,0,0,0,0,0,0,37326,3425,42,0,1,1643,0,0,24576,0,24576
226,0,10,0,0,0,0,0,1126542,0,0,0,0,1077,24576,0,0,0,0,0,0,0,0,0,0,0,0,0,0,0,0,0,0,0,37657,0,91,1605,2,2129,0,0,24576,0,24576
226,0,11,0,0,0,0,0,1126542,0,0,0,0,1069,24576,0,0,0,0,0,0,0,0,0,0,0,0,0,0,0,0,0,0,0,41499,0,41,546,0,1661,0,0,0,0,24576
226,0,12,0,0,0,0,0,1126542,0,0,0,0,47,0,0,0,0,0,0,0,0,0,0,0,0,0,0,0,0,0,0,0,0,0,0,0,0,45,93,0,0,0,0,0
226,0,13,0,0,0,0,0,1126542,0,0,0,0,53,0,0,0,0,0,0,0,0,0,0,0,0,0,0,0,0,0,0,0,0,0,178,0,0,0,109,0,0,0,0,0
226,0,14,0,0,0,0,0,1126542,0,0,0,0,53,0,0,0,0,0,0,0,0,0,0,0,0,0,0,0,0,0,0,0,0,0,0,0,80,0,60,0,0,0,0,0
226,0,15,0,0,0,0,0,1126542,0,0,0,0,41,0,0,0,0,0,0,0,0,0,0,0,0,0,0,0,0,0,0,0,0,0,0,0,39,0,96,0,0,0,0,0
227,0,0,0,0,0,0,0,2254317,0,0,15152,737280,136,0,0,0,0,0,26457,0,0,0,0,0,0,0,0,15152,15152,0,147456,0,589824,737280,0,3326,0,136,284,0,0,0,0,272854
227,0,1,0,0,0,0,0,1127159,26457,0,0,0,11011,0,0,0,0,0,26457,0,0,0,0,0,0,0,0,0,7364,0,73977,0,221438,0,0,1243,1231,3185,19425,0,0,24576,0,0
227,0,2,0,0,0,0,0,1127159,0,0,0,0,938,24576,0,0,0,0,0,0,0,0,0,0,0,0,0,0,0,0,73555,0,110670,38036,0,2313,1676,3302,2006,0,0,24576,0,24576
227,0,3,0,0,0,0,0,1127159,0,0,0,0,1010,24576,0,0,0,0,0,0,0,0,0,0,0,0,0,0,0,0,73563,0,0,41521,0,1073,597,0,1565,0,0,0,0,24576
227,0,4,0,0,0,0,0,1127159,0,0,0,0,1035,24576,0,0,0,0,0,0,0,0,0,0,0,0,0,0,0,0,36855,0,0,39981,0,638,0,570,1559,98304,0,0,0,24576
227,0,5,0,0,0,0,0,1127159,0,0,0,0,1033,24576,0,0,0,0,0,0,0,0,0,0,0,0,0,0,0,0,36816,0,0,40361,6386,1103,0,0,2015,0,0,24576,0,24576
227,0,6,0,0,0,0,0,1127159,0,0,0,0,1017,24576,0,0,0,0,0,0,0,0,0,0,0,0,0,0,0,0,36789,0,0,38848,0,579,1722,2,1451,0,0,24576,0,24576
227,0,7,0,0,0,0,0,1127159,0,0,0,0,1133,24576,0,0,0,0,0,0,0,0,0,0,0,0,0,0,0,0,37031,0,0,40372,0,1146,474,0,2231,0,0,0,0,24576
227,0,8,0,0,0,0,0,1127159,0,0,0,0,1087,24576,0,0,0,0,0,0,0,0,0,0,0,0,0,0,0,0,0,0,0,36874,0,52,0,520,2110,49152,0,0,0,24576
227,0,9,0,0,0,0,0,1127159,0,0,0,0,1066,24576,0,0,0,0,0,0,0,0,0,0,0,0,0,0,0,0,0,0,0,37216,3489,42,0,0,1634,0,0,24576,0,24576
227,0,10,0,0,0,0,0,1127159,0,0,0,0,1093,24576,0,0,0,0,0,0,0,0,0,0,0,0,0,0,0,0,0,0,0,37716,0,91,1525,3,2134,0,0,24576,0,24576
227,0,11,0,0,0,0,0,1127159,0,0,0,0,1014,24576,0,0,0,0,0,0,0,0,0,0,0,0,0,0,0,0,0,0,0,41038,0,44,590,0,1530,0,0,0,0,24576
227,0,12,0,0,0,0,0,1127159,0,0,0,0,47,0,0,0,0,0,0,0,0,0,0,0,0,0,0,0,0,0,0,0,0,0,0,0,0,45,93,0,0,0,0,0
227,0,13,0,0,0,0,0,1127159,0,0,0,0,53,0,0,0,0,0,0,0,0,0,0,0,0,0,0,0,0,0,0,0,0,0,178,0,0,0,109,0,0,0,0,0
227,0,14,0,0,0,0,0,1127159,0,0,0,0,53,0,0,0,0,0,0,0,0,0,0,0,0,0,0,0,0,0,0,0,0,0,0,0,80,0,60,0,0,0,0,0
227,0,15,0,0,0,0,0,1127159,0,0,0,0,41,0,0,0,0,0,0,0,0,0,0,0,0,0,0,0,0,0,0,0,0,0,0,0,39,0,93,0,0,0,0,0
228,0,0,0,0,0,0,0,2253032,0,0,15240,737280,136,0,0,0,0,0,26589,0,0,0,0,0,0,0,0,15240,15240,0,147456,0,589824,737280,0,3344,0,136,284,0,0,0,0,271852
228,0,1,0,0,0,0,0,1126516,26589,0,0,0,10754,0,0,0,0,0,26589,0,0,0,0,0,0,0,0,0,8350,0,73885,0,220832,0,0,1230,1313,3461,19089,0,0,24576,0,0
228,0,2,0,0,0,0,0,1126516,0,0,0,0,1067,24576,0,0,0,0,0,0,0,0,0,0,0,0,0,0,0,0,73935,0,110671,38858,0,2170,1634,3238,2121,0,0,24576,0,24576
228,0,3,0,0,0,0,0,1126516,0,0,0,0,1087,24576,0,0,0,0,0,0,0,0,0,0,0,0,0,0,0,0,73469,0,0,38012,0,1172,527,0,1634,0,0,0,0,24576
228,0,4,0,0,0,0,0,1126516,0,0,0,0,1039,24576,0,0,0,0,0,0,0,0,0,0,0,0,0,0,0,0,37212,0,0,40715,0,667,0,576,1616,98304,0,0,0,24576
228,0,5,0,0,0,0,0,1126516,0,0,0,0,1033,24576,0,0,0,0,0,0,0,0,0,0,0,0,0,0,0,0,36732,0,0,41907,6595,1102,0,2,2045,0,0,24576,0,24576
228,0,6,0,0,0,0,0,1126516,0,0,0,0,1081,24576,0,0,0,0,0,0,0,0,0,0,0,0,0,0,0,0,36762,0,0,40817,0,578,1630,0,1677,0,0,24576,0,24576
228,0,7,0,0,0,0,0,1126516,0,0,0,0,1096,24576,0,0,0,0,0,0,0,0,0,0,0,0,0,0,0,0,36908,0,0,38158,0,1089,518,0,2173,0,0,0,0,24576
228,0,8,0,0,0,0,0,1126516,0,0,0,0,1065,24576,0,0,0,0,0,0,0,0,0,0,0,0,0,0,0,0,0,0,0,36520,0,52,0,550,2067,49152,0,0,0,24576
228,0,9,0,0,0,0,0,1126516,0,0,0,0,1055,24576,0,0,0,0,0,0,0,0,0,0,0,0,0,0,0,0,0,0,0,37335,3434,42,0,1,1632,0,0,24576,0,24576
228,0,10,0,0,0,0,0,1126516,0,0,0,0,1081,24576,0,0,0,0,0,0,0,0,0,0,0,0,0,0,0,0,0,0,0,37658,0,91,1596,2,2133,0,0,24576,0,24576
228,0,11,0,0,0,0,0,1126516,0,0,0,0,1064,24576,0,0,0,0,0,0,0,0,0,0,0,0,0,0,0,0,0,0,0,41501,0,41,551,0,1650,0,0,0,0,24576
228,0,12,0,0,0,0,0,1126516,0,0,0,0,47,0,0,0,0,0,0,0,0,0,0,0,0,0,0,0,0,0,0,0,0,0,0,0,0,45,93,0,0,0,0,0
228,0,13,0,0,0,0,0,1126516,0,0,0,0,53,0,0,0,0,0,0,0,0,0,0,0,0,0,0,0,0,0,0,0,0,0,178,0,0,0,109,0,0,0,0,0
228,0,14,0,0,0,0,0,1126516,0,0,0,0,53,0,0,0,0,0,0,0,0,0,0,0,0,0,0,0,0,0,0,0,0,0,0,0,80,0,60,0,0,0,0,0
228,0,15,0,0,0,0,0,1126516,0,0,0,0,41,0,0,0,0,0,0,0,0,0,0,0,0,0,0,0,0,0,0,0,0,0,0,0,39,0,96,0,0,0,0,0
229,0,0,0,0,0,0,0,2901988,0,0,19732,958464,136,0,0,0,0,0,33345,0,0,0,0,0,0,0,0,19732,19732,0,221184,0,737280,958464,0,4893,0,136,284,0,0,0,0,1786089
229,0,1,0,0,0,0,0,1450994,33345,0,0,0,13344,0,0,0,0,0,33345,0,0,0,0,0,0,0,0,0,9805,0,110558,0,258172,0,0,1886,1972,4051,23745,0,0,24581,0,0
229,0,2,0,0,0,0,0,1450994,0,0,0,0,992,24576,0,0,0,0,0,0,0,0,0,0,0,0,0,0,0,0,110612,0,110326,38757,0,3118,1538,3086,2057,0,0,24575,0,24576
229,0,3,0,0,0,0,0,1450994,0,0,0,0,1000,24576,0,0,0,0,0,0,0,0,0,0,0,0,0,0,0,0,74014,0,0,38528,0,1268,530,0,1535,0,0,0,0,24576
229,0,4,0,0,0,0,0,1450994,0,0,0,0,1060,24576,0,0,0,0,0,0,0,0,0,0,0,0,0,0,0,0,73848,0,0,38556,0,1283,0,563,1680,134857,0,0,0,24576
229,0,5,0,0,0,0,0,1450994,0,0,0,0,1058,24576,0,0,0,0,0,0,0,0,0,0,0,0,0,0,0,0,73850,0,0,38200,9111,2026,0,1,2039,0,0,24481,0,24576
229,0,6,0,0,0,0,0,1450994,0,0,0,0,1054,24576,0,0,0,0,0,0,0,0,0,0,0,0,0,0,0,0,73794,0,0,39612,0,1206,1638,2,1623,0,0,24576,0,24576
229,0,7,0,0,0,0,0,1450994,0,0,0,0,1071,24576,0,0,0,0,0,0,0,0,0,0,0,0,0,0,0,0,36735,0,0,36921,0,1037,552,0,2117,0,0,0,0,24576
229,0,8,0,0,0,0,0,1450994,0,0,0,0,1044,24576,0,0,0,0,0,0,0,0,0,0,0,0,0,0,0,0,36873,0,0,36907,0,986,0,579,2037,97914,0,0,0,24576
229,0,9,0,0,0,0,0,1450994,0,0,0,0,1040,24576,0,0,0,0,0,0,0,0,0,0,0,0,0,0,0,0,36794,0,0,37867,5553,667,0,1,1609,0,0,24576,0,24576
229,0,10,0,0,0,0,0,1450994,0,0,0,0,1097,24576,0,0,0,0,0,0,0,0,0,0,0,0,0,0,0,0,36759,0,0,38491,0,1036,1578,1,2117,0,0,24576,0,24576
229,0,11,0,0,0,0,0,1450994,0,0,0,0,1052,24576,0,0,0,0,0,0,0,0,0,0,0,0,0,0,0,0,0,0,0,39750,0,46,570,0,1695,0,0,0,0,24576
229,0,12,0,0,0,0,0,1450994,0,0,0,0,1048,24576,0,0,0,0,0,0,0,0,0,0,0,0,0,0,0,0,0,0,0,39449,0,0,0,575,1693,24576,0,0,0,24576
229,0,13,0,0,0,0,0,1450994,0,0,0,0,1076,24576,0,0,0,0,0,0,0,0,0,0,0,0,0,0,0,0,0,0,0,37978,2685,0,0,1,2040,0,0,24576,0,24576
229,0,14,0,0,0,0,0,1450994,0,0,0,0,1053,24576,0,0,0,0,0,0,0,0,0,0,0,0,0,0,0,0,0,0,0,39125,0,0,611,1,1648,0,0,0,0,24576
229,0,15,0,0,0,0,0,1450994,0,0,0,0,41,0,0,0,0,0,0,0,0,0,0,0,0,0,0,0,0,0,0,0,0,0,0,0,39,0,93,0,0,0,0,0
230,0,0,0,0,0,0,0,2901022,0,0,19728,958464,136,0,0,0,0,0,33342,0,0,0,0,0,0,0,0,19728,19728,0,221184,0,737280,958464,0,4893,0,136,284,0,0,0,0,1785881
230,0,1,0,0,0,0,0,1450511,33342,0,0,0,13335,0,0,0,0,0,33342,0,0,0,0,0,0,0,0,0,9527,0,110696,0,258448,0,0,1853,1945,4116,23719,0,0,24574,0,0
230,0,2,0,0,0,0,0,1450511,0,0,0,0,967,24576,0,0,0,0,0,0,0,0,0,0,0,0,0,0,0,0,110339,0,110466,39058,0,3116,1538,3062,1988,0,0,24575,0,24576
230,0,3,0,0,0,0,0,1450511,0,0,0,0,977,24576,0,0,0,0,0,0,0,0,0,0,0,0,0,0,0,0,73889,0,0,38988,0,1298,552,0,1503,0,0,0,0,24576
230,0,4,0,0,0,0,0,1450511,0,0,0,0,1070,24576,0,0,0,0,0,0,0,0,0,0,0,0,0,0,0,0,73657,0,0,40017,0,1266,0,553,1681,130236,0,0,0,24576
230,0,5,0,0,0,0,0,1450511,0,0,0,0,1050,24576,0,0,0,0,0,0,0,0,0,0,0,0,0,0,0,0,73594,0,0,38606,9124,2024,0,2,2066,0,0,24581,0,24576
230,0,6,0,0,0,0,0,1450511,0,0,0,0,1042,24576,0,0,0,0,0,0,0,0,0,0,0,0,0,0,0,0,73857,0,0,38506,0,1214,1648,0,1605,0,0,24576,0,24576
230,0,7,0,0,0,0,0,1450511,0,0,0,0,1068,24576,0,0,0,0,0,0,0,0,0,0,0,0,0,0,0,0,36694,0,0,37460,0,1034,555,0,2089,0,0,0,0,24576
230,0,8,0,0,0,0,0,1450511,0,0,0,0,1079,24576,0,0,0,0,0,0,0,0,0,0,0,0,0,0,0,0,36798,0,0,38488,0,1000,0,544,2075,98345,0,0,0,24576
230,0,9,0,0,0,0,0,1450511,0,0,0,0,1050,24576,0,0,0,0,0,0,0,0,0,0,0,0,0,0,0,0,36924,0,0,38603,5547,623,0,1,1665,0,0,24576,0,24576
230,0,10,0,0,0,0,0,1450511,0,0,0,0,1070,24576,0,0,0,0,0,0,0,0,0,0,0,0,0,0,0,0,36827,0,0,38537,0,1018,1595,1,2100,0,0,24576,0,24576
230,0,11,0,0,0,0,0,1450511,0,0,0,0,1043,24576,0,0,0,0,0,0,0,0,0,0,0,0,0,0,0,0,0,0,0,39652,0,43,580,0,1691,0,0,0,0,24576
230,0,12,0,0,0,0,0,1450511,0,0,0,0,1044,24576,0,0,0,0,0,0,0,0,0,0,0,0,0,0,0,0,0,0,0,38571,0,0,0,579,1675,24576,0,0,0,24576
230,0,13,0,0,0,0,0,1450511,0,0,0,0,1053,24576,0,0,0,0,0,0,0,0,0,0,0,0,0,0,0,0,0,0,0,38641,2699,0,0,1,2061,0,0,24576,0,24576
230,0,14,0,0,0,0,0,1450511,0,0,0,0,1048,24576,0,0,0,0,0,0,0,0,0,0,0,0,0,0,0,0,0,0,0,39241,0,0,616,1,1661,0,0,0,0,24576
230,0,15,0,0,0,0,0,1450511,0,0,0,0,41,0,0,0,0,0,0,0,0,0,0,0,0,0,0,0,0,0,0,0,0,0,0,0,39,0,96,0,0,0,0,0
231,0,0,0,0,0,0,0,2901476,0,0,19754,958464,136,0,0,0,0,0,33381,0,0,0,0,0,0,0,0,19754,19754,0,221184,0,737280,958464,0,4899,0,136,284,0,0,0,0,1787802
231,0,1,0,0,0,0,0,1450738,33381,0,0,0,13341,0,0,0,0,0,33381,0,0,0,0,0,0,0,0,0,10012,0,111124,0,257992,0,0,1768,2006,4160,23783,0,0,24570,0,0
231,0,2,0,0,0,0,0,1450738,0,0,0,0,978,24576,0,0,0,0,0,0,0,0,0,0,0,0,0,0,0,0,110304,0,110870,38516,0,3067,1546,3082,1999,0,0,24575,0,24576
231,0,3,0,0,0,0,0,1450738,0,0,0,0,995,24576,0,0,0,0,0,0,0,0,0,0,0,0,0,0,0,0,73515,0,0,38656,0,1301,536,0,1504,0,0,0,0,24576
231,0,4,0,0,0,0,0,1450738,0,0,0,0,1078,24576,0,0,0,0,0,0,0,0,0,0,0,0,0,0,0,0,73685,0,0,38094,0,1314,0,547,1702,135144,0,0,0,24576
231,0,5,0,0,0,0,0,1450738,0,0,0,0,1052,24576,0,0,0,0,0,0,0,0,0,0,0,0,0,0,0,0,73346,0,0,38659,9084,2087,0,0,2096,0,0,24579,0,24576
231,0,6,0,0,0,0,0,1450738,0,0,0,0,1046,24576,0,0,0,0,0,0,0,0,0,0,0,0,0,0,0,0,73853,0,0,38544,0,1210,1668,2,1668,0,0,24576,0,24576
231,0,7,0,0,0,0,0,1450738,0,0,0,0,1089,24576,0,0,0,0,0,0,0,0,0,0,0,0,0,0,0,0,36934,0,0,38404,0,1026,535,0,2118,0,0,0,0,24576
231,0,8,0,0,0,0,0,1450738,0,0,0,0,1054,24576,0,0,0,0,0,0,0,0,0,0,0,0,0,0,0,0,36782,0,0,37195,0,978,0,571,2028,98097,0,0,0,24576
231,0,9,0,0,0,0,0,1450738,0,0,0,0,1037,24576,0,0,0,0,0,0,0,0,0,0,0,0,0,0,0,0,37014,0,0,38091,5595,627,0,2,1589,0,0,24576,0,24576
231,0,10,0,0,0,0,0,1450738,0,0,0,0,1070,24576,0,0,0,0,0,0,0,0,0,0,0,0,0,0,0,0,36874,0,0,38115,0,1042,1597,1,2084,0,0,24576,0,24576
231,0,11,0,0,0,0,0,1450738,0,0,0,0,1044,24576,0,0,0,0,0,0,0,0,0,0,0,0,0,0,0,0,0,0,0,39662,0,43,581,0,1702,0,0,0,0,24576
231,0,12,0,0,0,0,0,1450738,0,0,0,0,1011,24576,0,0,0,0,0,0,0,0,0,0,0,0,0,0,0,0,0,0,0,39928,0,0,0,614,1666,24576,0,0,0,24576
231,0,13,0,0,0,0,0,1450738,0,0,0,0,1083,24576,0,0,0,0,0,0,0,0,0,0,0,0,0,0,0,0,0,0,0,38165,2648,0,0,0,2089,0,0,24576,0,24576
231,0,14,0,0,0,0,0,1450738,0,0,0,0,1057,24576,0,0,0,0,0,0,0,0,0,0,0,0,0,0,0,0,0,0,0,39710,0,0,609,2,1648,0,0,0,0,24576
231,0,15,0,0,0,0,0,1450738,0,0,0,0,41,0,0,0,0,0,0,0,0,0,0,0,0,0,0,0,0,0,0,0,0,0,0,0,39,0,95,0,0,0,0,0
232,0,0,0,0,0,0,0,626937,0,0,4100,69632,136,0,0,0,0,0,9828,0,0,0,0,0,0,0,0,4100,4100,0,0,0,69632,69632,0,294,0,136,284,0,0,0,0,12288
232,0,1,0,0,0,0,0,313469,9828,0,0,0,3195,0,0,0,0,0,9828,0,0,0,0,0,0,0,0,0,1,0,0,0,37919,0,0,84,170,2160,6014,0,0,12288,0,0
232,0,2,0,0,0,0,0,313469,0,0,0,0,2152,12288,0,0,0,0,0,0,0,0,0,0,0,0,0,0,0,0,0,0,0,54601,0,249,2086,282,4334,0,0,0,0,12288
232,0,3,0,0,0,0,0,313469,0,0,0,0,47,0,0,0,0,0,0,0,0,0,0,0,0,0,0,0,0,0,0,0,0,0,0,92,45,0,54,0,0,0,0,0
232,0,4,0,0,0,0,0,313469,0,0,0,0,47,0,0,0,0,0,0,0,0,0,0,0,0,0,0,0,0,0,0,0,0,0,0,87,0,45,62,0,0,0,0,0
232,0,5,0,0,0,0,0,313469,0,0,0,0,47,0,0,0,0,0,0,0,0,0,0,0,0,0,0,0,0,0,0,0,0,0,537,148,0,0,109,0,0,0,0,0
232,0,6,0,0,0,0,0,313469,0,0,0,0,47,0,0,0,0,0,0,0,0,0,0,0,0,0,0,0,0,0,0,0,0,0,0,40,98,0,52,0,0,0,0,0
232,0,7,0,0,0,0,0,313469,0,0,0,0,53,0,0,0,0,0,0,0,0,0,0,0,0,0,0,0,0,0,0,0,0,0,0,104,39,0,140,0,0,0,0,0
232,0,8,0,0,0,0,0,313469,0,0,0,0,50,0,0,0,0,0,0,0,0,0,0,0,0,0,0,0,0,0,0,0,0,0,0,52,0,42,107,0,0,0,0,0
232,0,9,0,0,0,0,0,313469,0,0,0,0,47,0,0,0,0,0,0,0,0,0,0,0,0,0,0,0,0,0,0,0,0,0,365,42,0,0,53,0,0,0,0,0
232,0,10,0,0,0,0,0,313469,0,0,0,0,53,0,0,0,0,0,0,0,0,0,0,0,0,0,0,0,0,0,0,0,0,0,0,91,92,0,118,0,0,0,0,0
232,0,11,0,0,0,0,0,313469,0,0,0,0,53,0,0,0,0,0,0,0,0,0,0,0,0,0,0,0,0,0,0,0,0,0,0,40,39,0,94,0,0,0,0,0
232,0,12,0,0,0,0,0,313469,0,0,0,0,47,0,0,0,0,0,0,0,0,0,0,0,0,0,0,0,0,0,0,0,0,0,0,0,0,45,93,0,0,0,0,0
232,0,13,0,0,0,0,0,313469,0,0,0,0,53,0,0,0,0,0,0,0,0,0,0,0,0,0,0,0,0,0,0,0,0,0,178,0,0,0,109,0,0,0,0,0
232,0,14,0,0,0,0,0,313469,0,0,0,0,53,0,0,0,0,0,0,0,0,0,0,0,0,0,0,0,0,0,0,0,0,0,0,0,80,0,60,0,0,0,0,0
232,0,15,0,0,0,0,0,313469,0,0,0,0,41,0,0,0,0,0,0,0,0,0,0,0,0,0,0,0,0,0,0,0,0,0,0,0,39,0,88,0,0,0,0,0
233,0,0,0,0,0,0,0,626944,0,0,4100,69632,136,0,0,0,0,0,9828,0,0,0,0,0,0,0,0,4100,4100,0,0,0,69632,69632,0,294,0,136,284,0,0,0,0,12288
233,0,1,0,0,0,0,0,313472,9828,0,0,0,3196,0,0,0,0,0,9828,0,0,0,0,0,0,0,0,0,4,0,0,0,37922,0,0,84,170,2159,6013,0,0,12288,0,0
233,0,2,0,0,0,0,0,313472,0,0,0,0,2150,12288,0,0,0,0,0,0,0,0,0,0,0,0,0,0,0,0,0,0,0,54605,0,249,2088,282,4333,0,0,0,0,12288
233,0,3,0,0,0,0,0,313472,0,0,0,0,47,0,0,0,0,0,0,0,0,0,0,0,0,0,0,0,0,0,0,0,0,0,0,92,45,0,54,0,0,0,0,0
233,0,4,0,0,0,0,0,313472,0,0,0,0,47,0,0,0,0,0,0,0,0,0,0,0,0,0,0,0,0,0,0,0,0,0,0,87,0,45,62,0,0,0,0,0
233,0,5,0,0,0,0,0,313472,0,0,0,0,47,0,0,0,0,0,0,0,0,0,0,0,0,0,0,0,0,0,0,0,0,0,537,148,0,0,109,0,0,0,0,0
233,0,6,0,0,0,0,0,313472,0,0,0,0,47,0,0,0,0,0,0,0,0,0,0,0,0,0,0,0,0,0,0,0,0,0,0,40,98,0,52,0,0,0,0,0
233,0,7,0,0,0,0,0,313472,0,0,0,0,53,0,0,0,0,0,0,0,0,0,0,0,0,0,0,0,0,0,0,0,0,0,0,104,39,0,140,0,0,0,0,0
233,0,8,0,0,0,0,0,313472,0,0,0,0,50,0,0,0,0,0,0,0,0,0,0,0,0,0,0,0,0,0,0,0,0,0,0,52,0,42,107,0,0,0,0,0
233,0,9,0,0,0,0,0,313472,0,0,0,0,47,0,0,0,0,0,0,0,0,0,0,0,0,0,0,0,0,0,0,0,0,0,365,42,0,0,53,0,0,0,0,0
233,0,10,0,0,0,0,0,313472,0,0,0,0,53,0,0,0,0,0,0,0,0,0,0,0,0,0,0,0,0,0,0,0,0,0,0,91,92,0,118,0,0,0,0,0
233,0,11,0,0,0,0,0,313472,0,0,0,0,53,0,0,0,0,0,0,0,0,0,0,0,0,0,0,0,0,0,0,0,0,0,0,40,39,0,94,0,0,0,0,0
233,0,12,0,0,0,0,0,313472,0,0,0,0,47,0,0,0,0,0,0,0,0,0,0,0,0,0,0,0,0,0,0,0,0,0,0,0,0,45,93,0,0,0,0,0
233,0,13,0,0,0,0,0,313472,0,0,0,0,53,0,0,0,0,0,0,0,0,0,0,0,0,0,0,0,0,0,0,0,0,0,178,0,0,0,109,0,0,0,0,0
233,0,14,0,0,0,0,0,313472,0,0,0,0,53,0,0,0,0,0,0,0,0,0,0,0,0,0,0,0,0,0,0,0,0,0,0,0,80,0,60,0,0,0,0,0
233,0,15,0,0,0,0,0,313472,0,0,0,0,41,0,0,0,0,0,0,0,0,0,0,0,0,0,0,0,0,0,0,0,0,0,0,0,39,0,88,0,0,0,0,0
234,0,0,0,0,0,0,0,626937,0,0,4100,69632,136,0,0,0,0,0,9828,0,0,0,0,0,0,0,0,4100,4100,0,0,0,69632,69632,0,294,0,136,284,0,0,0,0,12288
234,0,1,0,0,0,0,0,313469,9828,0,0,0,3197,0,0,0,0,0,9828,0,0,0,0,0,0,0,0,0,2,0,0,0,37922,0,0,84,170,2158,6016,0,0,12288,0,0
234,0,2,0,0,0,0,0,313469,0,0,0,0,2152,12288,0,0,0,0,0,0,0,0,0,0,0,0,0,0,0,0,0,0,0,54605,0,249,2086,282,4336,0,0,0,0,12288
234,0,3,0,0,0,0,0,313469,0,0,0,0,47,0,0,0,0,0,0,0,0,0,0,0,0,0,0,0,0,0,0,0,0,0,0,92,45,0,54,0,0,0,0,0
234,0,4,0,0,0,0,0,313469,0,0,0,0,47,0,0,0,0,0,0,0,0,0,0,0,0,0,0,0,0,0,0,0,0,0,0,87,0,45,62,0,0,0,0,0
234,0,5,0,0,0,0,0,313469,0,0,0,0,47,0,0,0,0,0,0,0,0,0,0,0,0,0,0,0,0,0,0,0,0,0,537,148,0,0,109,0,0,0,0,0
234,0,6,0,0,0,0,0,313469,0,0,0,0,47,0,0,0,0,0,0,0,0,0,0,0,0,0,0,0,0,0,0,0,0,0,0,40,98,0,52,0,0,0,0,0
234,0,7,0,0,0,0,0,313469,0,0,0,0,53,0,0,0,0,0,0,0,0,0,0,0,0,0,0,0,0,0,0,0,0,0,0,104,39,0,140,0,0,0,0,0
234,0,8,0,0,0,0,0,313469,0,0,0,0,50,0,0,0,0,0,0,0,0,0,0,0,0,0,0,0,0,0,0,0,0,0,0,52,0,42,107,0,0,0,0,0
234,0,9,0,0,0,0,0,313469,0,0,0,0,47,0,0,0,0,0,0,0,0,0,0,0,0,0,0,0,0,0,0,0,0,0,365,42,0,0,53,0,0,0,0,0
234,0,10,0,0,0,0,0,313469,0,0,0,0,53,0,0,0,0,0,0,0,0,0,0,0,0,0,0,0,0,0,0,0,0,0,0,91,92,0,118,0,0,0,0,0
234,0,11,0,0,0,0,0,313469,0,0,0,0,53,0,0,0,0,0,0,0,0,0,0,0,0,0,0,0,0,0,0,0,0,0,0,40,39,0,94,0,0,0,0,0
234,0,12,0,0,0,0,0,313469,0,0,0,0,47,0,0,0,0,0,0,0,0,0,0,0,0,0,0,0,0,0,0,0,0,0,0,0,0,45,93,0,0,0,0,0
234,0,13,0,0,0,0,0,313469,0,0,0,0,53,0,0,0,0,0,0,0,0,0,0,0,0,0,0,0,0,0,0,0,0,0,178,0,0,0,109,0,0,0,0,0
234,0,14,0,0,0,0,0,313469,0,0,0,0,53,0,0,0,0,0,0,0,0,0,0,0,0,0,0,0,0,0,0,0,0,0,0,0,80,0,60,0,0,0,0,0
234,0,15,0,0,0,0,0,313469,0,0,0,0,41,0,0,0,0,0,0,0,0,0,0,0,0,0,0,0,0,0,0,0,0,0,0,0,39,0,88,0,0,0,0,0
235,0,0,0,0,0,0,0,644578,0,0,4104,139264,136,0,0,0,0,0,9840,0,0,0,0,0,0,0,0,4104,4104,0,0,0,139264,139264,0,294,0,136,284,0,0,0,0,24576
235,0,1,0,0,0,0,0,322289,9840,0,0,0,3299,0,0,0,0,0,9840,0,0,0,0,0,0,0,0,0,225,0,0,0,73497,0,0,84,169,2062,6062,0,0,12288,0,0
235,0,2,0,0,0,0,0,322289,0,0,0,0,1184,12288,0,0,0,0,0,0,0,0,0,0,0,0,0,0,0,0,0,0,40627,56615,0,249,2144,1336,2416,0,0,12288,0,12288
235,0,3,0,0,0,0,0,322289,0,0,0,0,1187,12288,0,0,0,0,0,0,0,0,0,0,0,0,0,0,0,0,0,0,0,53337,0,91,956,0,2194,0,0,0,0,12288
235,0,4,0,0,0,0,0,322289,0,0,0,0,47,0,0,0,0,0,0,0,0,0,0,0,0,0,0,0,0,0,0,0,0,0,0,87,0,45,61,0,0,0,0,0
235,0,5,0,0,0,0,0,322289,0,0,0,0,47,0,0,0,0,0,0,0,0,0,0,0,0,0,0,0,0,0,0,0,0,0,537,148,0,0,109,0,0,0,0,0
235,0,6,0,0,0,0,0,322289,0,0,0,0,47,0,0,0,0,0,0,0,0,0,0,0,0,0,0,0,0,0,0,0,0,0,0,40,98,0,52,0,0,0,0,0
235,0,7,0,0,0,0,0,322289,0,0,0,0,53,0,0,0,0,0,0,0,0,0,0,0,0,0,0,0,0,0,0,0,0,0,0,106,39,0,140,0,0,0,0,0
235,0,8,0,0,0,0,0,322289,0,0,0,0,50,0,0,0,0,0,0,0,0,0,0,0,0,0,0,0,0,0,0,0,0,0,0,52,0,42,107,0,0,0,0,0
235,0,9,0,0,0,0,0,322289,0,0,0,0,47,0,0,0,0,0,0,0,0,0,0,0,0,0,0,0,0,0,0,0,0,0,365,42,0,0,53,0,0,0,0,0
235,0,10,0,0,0,0,0,322289,0,0,0,0,53,0,0,0,0,0,0,0,0,0,0,0,0,0,0,0,0,0,0,0,0,0,0,91,92,0,118,0,0,0,0,0
235,0,11,0,0,0,0,0,322289,0,0,0,0,53,0,0,0,0,0,0,0,0,0,0,0,0,0,0,0,0,0,0,0,0,0,0,39,39,0,94,0,0,0,0,0
235,0,12,0,0,0,0,0,322289,0,0,0,0,47,0,0,0,0,0,0,0,0,0,0,0,0,0,0,0,0,0,0,0,0,0,0,0,0,45,93,0,0,0,0,0
235,0,13,0,0,0,0,0,322289,0,0,0,0,53,0,0,0,0,0,0,0,0,0,0,0,0,0,0,0,0,0,0,0,0,0,178,0,0,0,109,0,0,0,0,0
235,0,14,0,0,0,0,0,322289,0,0,0,0,53,0,0,0,0,0,0,0,0,0,0,0,0,0,0,0,0,0,0,0,0,0,0,0,80,0,60,0,0,0,0,0
235,0,15,0,0,0,0,0,322289,0,0,0,0,41,0,0,0,0,0,0,0,0,0,0,0,0,0,0,0,0,0,0,0,0,0,0,0,39,0,90,0,0,0,0,0
236,0,0,0,0,0,0,0,644662,0,0,4104,139264,136,0,0,0,0,0,9840,0,0,0,0,0,0,0,0,4104,4104,0,0,0,139264,139264,0,294,0,136,284,0,0,0,0,24576
236,0,1,0,0,0,0,0,322331,9840,0,0,0,3299,0,0,0,0,0,9840,0,0,0,0,0,0,0,0,0,227,0,0,0,73491,0,0,84,169,2062,6065,0,0,12288,0,0
236,0,2,0,0,0,0,0,322331,0,0,0,0,1187,12288,0,0,0,0,0,0,0,0,0,0,0,0,0,0,0,0,0,0,40625,56617,0,249,2141,1333,2421,0,0,12288,0,12288
236,0,3,0,0,0,0,0,322331,0,0,0,0,1186,12288,0,0,0,0,0,0,0,0,0,0,0,0,0,0,0,0,0,0,0,53338,0,92,957,0,2195,0,0,0,0,12288
236,0,4,0,0,0,0,0,322331,0,0,0,0,47,0,0,0,0,0,0,0,0,0,0,0,0,0,0,0,0,0,0,0,0,0,0,87,0,45,62,0,0,0,0,0
236,0,5,0,0,0,0,0,322331,0,0,0,0,47,0,0,0,0,0,0,0,0,0,0,0,0,0,0,0,0,0,0,0,0,0,537,148,0,0,109,0,0,0,0,0
236,0,6,0,0,0,0,0,322331,0,0,0,0,47,0,0,0,0,0,0,0,0,0,0,0,0,0,0,0,0,0,0,0,0,0,0,40,98,0,52,0,0,0,0,0
236,0,7,0,0,0,0,0,322331,0,0,0,0,53,0,0,0,0,0,0,0,0,0,0,0,0,0,0,0,0,0,0,0,0,0,0,105,39,0,140,0,0,0,0,0
236,0,8,0,0,0,0,0,322331,0,0,0,0,50,0,0,0,0,0,0,0,0,0,0,0,0,0,0,0,0,0,0,0,0,0,0,52,0,42,107,0,0,0,0,0
236,0,9,0,0,0,0,0,322331,0,0,0,0,47,0,0,0,0,0,0,0,0,0,0,0,0,0,0,0,0,0,0,0,0,0,365,42,0,0,53,0,0,0,0,0
236,0,10,0,0,0,0,0,322331,0,0,0,0,53,0,0,0,0,0,0,0,0,0,0,0,0,0,0,0,0,0,0,0,0,0,0,91,92,0,118,0,0,0,0,0
236,0,11,0,0,0,0,0,322331,0,0,0,0,53,0,0,0,0,0,0,0,0,0,0,0,0,0,0,0,0,0,0,0,0,0,0,40,39,0,94,0,0,0,0,0
236,0,12,0,0,0,0,0,322331,0,0,0,0,47,0,0,0,0,0,0,0,0,0,0,0,0,0,0,0,0,0,0,0,0,0,0,0,0,45,93,0,0,0,0,0
236,0,13,0,0,0,0,0,322331,0,0,0,0,53,0,0,0,0,0,0,0,0,0,0,0,0,0,0,0,0,0,0,0,0,0,178,0,0,0,109,0,0,0,0,0
236,0,14,0,0,0,0,0,322331,0,0,0,0,53,0,0,0,0,0,0,0,0,0,0,0,0,0,0,0,0,0,0,0,0,0,0,0,80,0,60,0,0,0,0,0
236,0,15,0,0,0,0,0,322331,0,0,0,0,41,0,0,0,0,0,0,0,0,0,0,0,0,0,0,0,0,0,0,0,0,0,0,0,39,0,89,0,0,0,0,0
237,0,0,0,0,0,0,0,644620,0,0,4104,139264,136,0,0,0,0,0,9837,0,0,0,0,0,0,0,0,4104,4104,0,0,0,139264,139264,0,294,0,136,284,0,0,0,0,24576
237,0,1,0,0,0,0,0,322310,9837,0,0,0,3300,0,0,0,0,0,9837,0,0,0,0,0,0,0,0,0,223,0,0,0,73497,0,0,84,170,2060,6066,0,0,12288,0,0
237,0,2,0,0,0,0,0,322310,0,0,0,0,1187,12288,0,0,0,0,0,0,0,0,0,0,0,0,0,0,0,0,0,0,40628,56612,0,249,2141,1337,2419,0,0,12288,0,12288
237,0,3,0,0,0,0,0,322310,0,0,0,0,1186,12288,0,0,0,0,0,0,0,0,0,0,0,0,0,0,0,0,0,0,0,53335,0,92,957,0,2191,0,0,0,0,12288
237,0,4,0,0,0,0,0,322310,0,0,0,0,47,0,0,0,0,0,0,0,0,0,0,0,0,0,0,0,0,0,0,0,0,0,0,87,0,45,61,0,0,0,0,0
237,0,5,0,0,0,0,0,322310,0,0,0,0,47,0,0,0,0,0,0,0,0,0,0,0,0,0,0,0,0,0,0,0,0,0,537,148,0,0,109,0,0,0,0,0
237,0,6,0,0,0,0,0,322310,0,0,0,0,47,0,0,0,0,0,0,0,0,0,0,0,0,0,0,0,0,0,0,0,0,0,0,40,98,0,52,0,0,0,0,0
237,0,7,0,0,0,0,0,322310,0,0,0,0,53,0,0,0,0,0,0,0,0,0,0,0,0,0,0,0,0,0,0,0,0,0,0,105,39,0,140,0,0,0,0,0
237,0,8,0,0,0,0,0,322310,0,0,0,0,50,0,0,0,0,0,0,0,0,0,0,0,0,0,0,0,0,0,0,0,0,0,0,52,0,42,107,0,0,0,0,0
237,0,9,0,0,0,0,0,322310,0,0,0,0,47,0,0,0,0,0,0,0,0,0,0,0,0,0,0,0,0,0,0,0,0,0,365,42,0,0,53,0,0,0,0,0
237,0,10,0,0,0,0,0,322310,0,0,0,0,53,0,0,0,0,0,0,0,0,0,0,0,0,0,0,0,0,0,0,0,0,0,0,91,92,0,118,0,0,0,0,0
237,0,11,0,0,0,0,0,322310,0,0,0,0,53,0,0,0,0,0,0,0,0,0,0,0,0,0,0,0,0,0,0,0,0,0,0,40,39,0,94,0,0,0,0,0
237,0,12,0,0,0,0,0,322310,0,0,0,0,47,0,0,0,0,0,0,0,0,0,0,0,0,0,0,0,0,0,0,0,0,0,0,0,0,45,93,0,0,0,0,0
237,0,13,0,0,0,0,0,322310,0,0,0,0,53,0,0,0,0,0,0,0,0,0,0,0,0,0,0,0,0,0,0,0,0,0,178,0,0,0,109,0,0,0,0,0
237,0,14,0,0,0,0,0,322310,0,0,0,0,53,0,0,0,0,0,0,0,0,0,0,0,0,0,0,0,0,0,0,0,0,0,0,0,80,0,60,0,0,0,0,0
237,0,15,0,0,0,0,0,322310,0,0,0,0,41,0,0,0,0,0,0,0,0,0,0,0,0,0,0,0,0,0,0,0,0,0,0,0,39,0,89,0,0,0,0,0
238,0,0,0,0,0,0,0,691427,0,0,4176,278528,136,0,0,0,0,0,9957,0,0,0,0,0,0,0,0,4176,4176,0,79277,0,208896,278528,0,1339,0,136,284,0,0,0,0,49152
238,0,1,0,0,0,0,0,345713,9957,0,0,0,4636,0,0,0,0,0,9957,0,0,0,0,0,0,0,0,0,1915,0,40475,0,73138,0,0,263,334,455,7452,0,0,12288,0,0
238,0,2,0,0,0,0,0,345713,0,0,0,0,753,12288,0,0,0,0,0,0,0,0,0,0,0,0,0,0,0,0,0,0,37893,56511,0,249,1134,1187,1725,0,0,12288,0,12288
238,0,3,0,0,0,0,0,345713,0,0,0,0,753,12288,0,0,0,0,0,0,0,0,0,0,0,0,0,0,0,0,0,0,0,56233,0,92,381,0,901,0,0,0,0,12288
238,0,4,0,0,0,0,0,345713,0,0,0,0,723,12288,0,0,0,0,0,0,0,0,0,0,0,0,0,0,0,0,0,0,0,55233,0,87,0,412,901,12288,0,0,0,12288
238,0,5,0,0,0,0,0,345713,0,0,0,0,741,12288,0,0,0,0,0,0,0,0,0,0,0,0,0,0,0,0,0,0,0,55294,1562,148,0,0,1669,0,0,0,0,12288
238,0,6,0,0,0,0,0,345713,0,0,0,0,47,0,0,0,0,0,0,0,0,0,0,0,0,0,0,0,0,0,0,0,0,0,0,40,98,2,52,0,0,0,0,0
238,0,7,0,0,0,0,0,345713,0,0,0,0,53,0,0,0,0,0,0,0,0,0,0,0,0,0,0,0,0,0,0,0,0,0,0,105,39,0,140,0,0,0,0,0
238,0,8,0,0,0,0,0,345713,0,0,0,0,50,0,0,0,0,0,0,0,0,0,0,0,0,0,0,0,0,0,0,0,0,0,0,52,0,42,107,0,0,0,0,0
238,0,9,0,0,0,0,0,345713,0,0,0,0,47,0,0,0,0,0,0,0,0,0,0,0,0,0,0,0,0,0,0,0,0,0,365,42,0,0,53,0,0,0,0,0
238,0,10,0,0,0,0,0,345713,0,0,0,0,53,0,0,0,0,0,0,0,0,0,0,0,0,0,0,0,0,0,0,0,0,0,0,91,92,0,118,0,0,0,0,0
238,0,11,0,0,0,0,0,345713,0,0,0,0,53,0,0,0,0,0,0,0,0,0,0,0,0,0,0,0,0,0,0,0,0,0,0,42,39,0,94,0,0,0,0,0
238,0,12,0,0,0,0,0,345713,0,0,0,0,47,0,0,0,0,0,0,0,0,0,0,0,0,0,0,0,0,0,0,0,0,0,0,0,0,45,93,0,0,0,0,0
238,0,13,0,0,0,0,0,345713,0,0,0,0,53,0,0,0,0,0,0,0,0,0,0,0,0,0,0,0,0,0,0,0,0,0,178,0,0,0,109,0,0,0,0,0
238,0,14,0,0,0,0,0,345713,0,0,0,0,53,0,0,0,0,0,0,0,0,0,0,0,0,0,0,0,0,0,0,0,0,0,0,0,80,0,60,0,0,0,0,0
238,0,15,0,0,0,0,0,345713,0,0,0,0,41,0,0,0,0,0,0,0,0,0,0,0,0,0,0,0,0,0,0,0,0,0,0,0,39,0,89,0,0,0,0,0
239,0,0,0,0,0,0,0,691603,0,0,4176,278528,136,0,0,0,0,0,9960,0,0,0,0,0,0,0,0,4176,4176,0,79284,0,208896,278528,0,1339,0,136,284,0,0,0,0,49152
239,0,1,0,0,0,0,0,345802,9960,0,0,0,4639,0,0,0,0,0,9960,0,0,0,0,0,0,0,0,0,1942,0,40473,0,73168,0,0,263,333,453,7452,0,0,12288,0,0
239,0,2,0,0,0,0,0,345802,0,0,0,0,749,12288,0,0,0,0,0,0,0,0,0,0,0,0,0,0,0,0,0,0,37884,56496,0,249,1134,1187,1723,0,0,12288,0,12288
239,0,3,0,0,0,0,0,345802,0,0,0,0,749,12288,0,0,0,0,0,0,0,0,0,0,0,0,0,0,0,0,0,0,0,56246,0,92,385,0,897,0,0,0,0,12288
239,0,4,0,0,0,0,0,345802,0,0,0,0,722,12288,0,0,0,0,0,0,0,0,0,0,0,0,0,0,0,0,0,0,0,55240,0,87,0,413,900,12288,0,0,0,12288
239,0,5,0,0,0,0,0,345802,0,0,0,0,737,12288,0,0,0,0,0,0,0,0,0,0,0,0,0,0,0,0,0,0,0,55301,1565,148,0,0,1665,0,0,0,0,12288
239,0,6,0,0,0,0,0,345802,0,0,0,0,47,0,0,0,0,0,0,0,0,0,0,0,0,0,0,0,0,0,0,0,0,0,0,40,98,2,52,0,0,0,0,0
239,0,7,0,0,0,0,0,345802,0,0,0,0,53,0,0,0,0,0,0,0,0,0,0,0,0,0,0,0,0,0,0,0,0,0,0,105,39,0,140,0,0,0,0,0
239,0,8,0,0,0,0,0,345802,0,0,0,0,50,0,0,0,0,0,0,0,0,0,0,0,0,0,0,0,0,0,0,0,0,0,0,52,0,42,107,0,0,0,0,0
239,0,9,0,0,0,0,0,345802,0,0,0,0,47,0,0,0,0,0,0,0,0,0,0,0,0,0,0,0,0,0,0,0,0,0,365,42,0,0,53,0,0,0,0,0
239,0,10,0,0,0,0,0,345802,0,0,0,0,53,0,0,0,0,0,0,0,0,0,0,0,0,0,0,0,0,0,0,0,0,0,0,91,92,0,118,0,0,0,0,0
239,0,11,0,0,0,0,0,345802,0,0,0,0,53,0,0,0,0,0,0,0,0,0,0,0,0,0,0,0,0,0,0,0,0,0,0,42,39,0,94,0,0,0,0,0
239,0,12,0,0,0,0,0,345802,0,0,0,0,47,0,0,0,0,0,0,0,0,0,0,0,0,0,0,0,0,0,0,0,0,0,0,0,0,45,93,0,0,0,0,0
239,0,13,0,0,0,0,0,345802,0,0,0,0,53,0,0,0,0,0,0,0,0,0,0,0,0,0,0,0,0,0,0,0,0,0,178,0,0,0,109,0,0,0,0,0
239,0,14,0,0,0,0,0,345802,0,0,0,0,53,0,0,0,0,0,0,0,0,0,0,0,0,0,0,0,0,0,0,0,0,0,0,0,80,0,60,0,0,0,0,0
239,0,15,0,0,0,0,0,345802,0,0,0,0,41,0,0,0,0,0,0,0,0,0,0,0,0,0,0,0,0,0,0,0,0,0,0,0,39,0,89,0,0,0,0,0
240,0,0,0,0,0,0,0,696600,0,0,4168,278528,136,0,0,0,0,0,9948,0,0,0,0,0,0,0,0,4168,4168,0,77473,0,210182,278528,0,1337,0,136,284,0,0,0,0,49152
240,0,1,0,0,0,0,0,348300,9948,0,0,0,3898,0,0,0,0,0,9948,0,0,0,0,0,0,0,0,0,2161,0,39839,0,76120,0,0,402,481,899,6661,0,0,12288,0,0
240,0,2,0,0,0,0,0,348300,0,0,0,0,715,12288,0,0,0,0,0,0,0,0,0,0,0,0,0,0,0,0,0,0,40800,55077,0,249,1153,975,1450,0,0,12288,0,12288
240,0,3,0,0,0,0,0,348300,0,0,0,0,735,12288,0,0,0,0,0,0,0,0,0,0,0,0,0,0,0,0,0,0,0,54468,0,93,397,0,1092,0,0,0,0,12288
240,0,4,0,0,0,0,0,348300,0,0,0,0,722,12288,0,0,0,0,0,0,0,0,0,0,0,0,0,0,0,0,0,0,0,56108,0,87,0,411,1047,12288,0,0,0,12288
240,0,5,0,0,0,0,0,348300,0,0,0,0,711,12288,0,0,0,0,0,0,0,0,0,0,0,0,0,0,0,0,0,0,0,55710,1588,148,0,1,1498,0,0,0,0,12288
240,0,6,0,0,0,0,0,348300,0,0,0,0,47,0,0,0,0,0,0,0,0,0,0,0,0,0,0,0,0,0,0,0,0,0,0,40,98,1,52,0,0,0,0,0
240,0,7,0,0,0,0,0,348300,0,0,0,0,53,0,0,0,0,0,0,0,0,0,0,0,0,0,0,0,0,0,0,0,0,0,0,105,39,0,140,0,0,0,0,0
240,0,8,0,0,0,0,0,348300,0,0,0,0,50,0,0,0,0,0,0,0,0,0,0,0,0,0,0,0,0,0,0,0,0,0,0,52,0,42,107,0,0,0,0,0
240,0,9,0,0,0,0,0,348300,0,0,0,0,47,0,0,0,0,0,0,0,0,0,0,0,0,0,0,0,0,0,0,0,0,0,365,42,0,0,53,0,0,0,0,0
240,0,10,0,0,0,0,0,348300,0,0,0,0,53,0,0,0,0,0,0,0,0,0,0,0,0,0,0,0,0,0,0,0,0,0,0,91,92,0,118,0,0,0,0,0
240,0,11,0,0,0,0,0,348300,0,0,0,0,53,0,0,0,0,0,0,0,0,0,0,0,0,0,0,0,0,0,0,0,0,0,0,42,39,0,94,0,0,0,0,0
240,0,12,0,0,0,0,0,348300,0,0,0,0,47,0,0,0,0,0,0,0,0,0,0,0,0,0,0,0,0,0,0,0,0,0,0,0,0,45,93,0,0,0,0,0
240,0,13,0,0,0,0,0,348300,0,0,0,0,53,0,0,0,0,0,0,0,0,0,0,0,0,0,0,0,0,0,0,0,0,0,178,0,0,0,109,0,0,0,0,0
240,0,14,0,0,0,0,0,348300,0,0,0,0,53,0,0,0,0,0,0,0,0,0,0,0,0,0,0,0,0,0,0,0,0,0,0,0,80,0,60,0,0,0,0,0
240,0,15,0,0,0,0,0,348300,0,0,0,0,41,0,0,0,0,0,0,0,0,0,0,0,0,0,0,0,0,0,0,0,0,0,0,0,39,0,89,0,0,0,0,0
241,0,0,0,0,0,0,0,886441,0,0,5484,417792,136,0,0,0,0,0,11934,0,0,0,0,0,0,0,0,5484,5484,0,77593,0,350414,417792,0,1209,0,136,284,0,0,0,0,73728
241,0,1,0,0,0,0,0,443221,11934,0,0,0,4299,0,0,0,0,0,11934,0,0,0,0,0,0,0,0,0,2741,0,37105,0,148053,0,0,462,547,1690,7755,0,0,12288,0,0
241,0,2,0,0,0,0,0,443221,0,0,0,0,643,12288,0,0,0,0,0,0,0,0,0,0,0,0,0,0,0,0,39526,0,71816,56533,0,774,1007,1385,1227,0,0,12288,0,12288
241,0,3,0,0,0,0,0,443221,0,0,0,0,646,12288,0,0,0,0,0,0,0,0,0,0,0,0,0,0,0,0,36844,0,0,55898,0,463,358,0,1010,0,0,0,0,12288
241,0,4,0,0,0,0,0,443221,0,0,0,0,640,12288,0,0,0,0,0,0,0,0,0,0,0,0,0,0,0,0,0,0,0,56761,0,87,0,365,1031,24576,0,0,0,12288
241,0,5,0,0,0,0,0,443221,0,0,0,0,642,12288,0,0,0,0,0,0,0,0,0,0,0,0,0,0,0,0,0,0,0,55897,2353,148,0,1,1241,0,0,12288,0,12288
241,0,6,0,0,0,0,0,443221,0,0,0,0,638,12288,0,0,0,0,0,0,0,0,0,0,0,0,0,0,0,0,0,0,0,55265,0,40,1016,1,1033,0,0,12288,0,12288
241,0,7,0,0,0,0,0,443221,0,0,0,0,649,12288,0,0,0,0,0,0,0,0,0,0,0,0,0,0,0,0,0,0,0,53406,0,108,355,0,1280,0,0,0,0,12288
241,0,8,0,0,0,0,0,443221,0,0,0,0,50,0,0,0,0,0,0,0,0,0,0,0,0,0,0,0,0,0,0,0,0,0,0,52,0,42,107,0,0,0,0,0
241,0,9,0,0,0,0,0,443221,0,0,0,0,47,0,0,0,0,0,0,0,0,0,0,0,0,0,0,0,0,0,0,0,0,0,365,42,0,0,53,0,0,0,0,0
241,0,10,0,0,0,0,0,443221,0,0,0,0,53,0,0,0,0,0,0,0,0,0,0,0,0,0,0,0,0,0,0,0,0,0,0,91,92,0,118,0,0,0,0,0
241,0,11,0,0,0,0,0,443221,0,0,0,0,53,0,0,0,0,0,0,0,0,0,0,0,0,0,0,0,0,0,0,0,0,0,0,41,39,0,94,0,0,0,0,0
241,0,12,0,0,0,0,0,443221,0,0,0,0,47,0,0,0,0,0,0,0,0,0,0,0,0,0,0,0,0,0,0,0,0,0,0,0,0,45,93,0,0,0,0,0
241,0,13,0,0,0,0,0,443221,0,0,0,0,53,0,0,0,0,0,0,0,0,0,0,0,0,0,0,0,0,0,0,0,0,0,178,0,0,0,109,0,0,0,0,0
241,0,14,0,0,0,0,0,443221,0,0,0,0,53,0,0,0,0,0,0,0,0,0,0,0,0,0,0,0,0,0,0,0,0,0,0,0,80,0,60,0,0,0,0,0
241,0,15,0,0,0,0,0,443221,0,0,0,0,41,0,0,0,0,0,0,0,0,0,0,0,0,0,0,0,0,0,0,0,0,0,0,0,39,0,92,0,0,0,0,0
242,0,0,0,0,0,0,0,888092,0,0,5492,417792,136,0,0,0,0,0,11946,0,0,0,0,0,0,0,0,5492,5492,0,77626,0,349396,417792,0,1211,0,136,284,0,0,0,0,73728
242,0,1,0,0,0,0,0,444046,11946,0,0,0,4356,0,0,0,0,0,11946,0,0,0,0,0,0,0,0,0,2711,0,38030,0,147373,0,0,452,542,1656,7794,0,0,12288,0,0
242,0,2,0,0,0,0,0,444046,0,0,0,0,631,12288,0,0,0,0,0,0,0,0,0,0,0,0,0,0,0,0,38173,0,73391,55554,0,780,1029,1389,1243,0,0,12288,0,12288
242,0,3,0,0,0,0,0,444046,0,0,0,0,654,12288,0,0,0,0,0,0,0,0,0,0,0,0,0,0,0,0,34847,0,0,56540,0,450,352,0,1029,0,0,0,0,12288
242,0,4,0,0,0,0,0,444046,0,0,0,0,670,12288,0,0,0,0,0,0,0,0,0,0,0,0,0,0,0,0,0,0,0,56182,0,87,0,337,1056,24576,0,0,0,12288
242,0,5,0,0,0,0,0,444046,0,0,0,0,639,12288,0,0,0,0,0,0,0,0,0,0,0,0,0,0,0,0,0,0,0,55983,2357,148,0,0,1250,0,0,12288,0,12288
242,0,6,0,0,0,0,0,444046,0,0,0,0,613,12288,0,0,0,0,0,0,0,0,0,0,0,0,0,0,0,0,0,0,0,55098,0,40,1048,2,1002,0,0,12288,0,12288
242,0,7,0,0,0,0,0,444046,0,0,0,0,657,12288,0,0,0,0,0,0,0,0,0,0,0,0,0,0,0,0,0,0,0,55804,0,106,348,0,1301,0,0,0,0,12288
242,0,8,0,0,0,0,0,444046,0,0,0,0,50,0,0,0,0,0,0,0,0,0,0,0,0,0,0,0,0,0,0,0,0,0,0,52,0,42,107,0,0,0,0,0
242,0,9,0,0,0,0,0,444046,0,0,0,0,47,0,0,0,0,0,0,0,0,0,0,0,0,0,0,0,0,0,0,0,0,0,365,42,0,0,53,0,0,0,0,0
242,0,10,0,0,0,0,0,444046,0,0,0,0,53,0,0,0,0,0,0,0,0,0,0,0,0,0,0,0,0,0,0,0,0,0,0,91,92,0,118,0,0,0,0,0
242,0,11,0,0,0,0,0,444046,0,0,0,0,53,0,0,0,0,0,0,0,0,0,0,0,0,0,0,0,0,0,0,0,0,0,0,43,39,0,94,0,0,0,0,0
242,0,12,0,0,0,0,0,444046,0,0,0,0,47,0,0,0,0,0,0,0,0,0,0,0,0,0,0,0,0,0,0,0,0,0,0,0,0,45,93,0,0,0,0,0
242,0,13,0,0,0,0,0,444046,0,0,0,0,53,0,0,0,0,0,0,0,0,0,0,0,0,0,0,0,0,0,0,0,0,0,178,0,0,0,109,0,0,0,0,0
242,0,14,0,0,0,0,0,444046,0,0,0,0,53,0,0,0,0,0,0,0,0,0,0,0,0,0,0,0,0,0,0,0,0,0,0,0,80,0,60,0,0,0,0,0
242,0,15,0,0,0,0,0,444046,0,0,0,0,41,0,0,0,0,0,0,0,0,0,0,0,0,0,0,0,0,0,0,0,0,0,0,0,39,0,90,0,0,0,0,0
243,0,0,0,0,0,0,0,886945,0,0,5484,417792,136,0,0,0,0,0,11931,0,0,0,0,0,0,0,0,5484,5484,0,77588,0,349446,417792,0,1209,0,136,284,0,0,0,0,73728
243,0,1,0,0,0,0,0,443472,11931,0,0,0,4312,0,0,0,0,0,11931,0,0,0,0,0,0,0,0,0,2703,0,37986,0,147185,0,0,469,542,1675,7819,0,0,12288,0,0
243,0,2,0,0,0,0,0,443472,0,0,0,0,666,12288,0,0,0,0,0,0,0,0,0,0,0,0,0,0,0,0,36521,0,74732,55564,0,773,965,1381,1269,0,0,12288,0,12288
243,0,3,0,0,0,0,0,443472,0,0,0,0,626,12288,0,0,0,0,0,0,0,0,0,0,0,0,0,0,0,0,34846,0,0,55762,0,468,378,0,989,0,0,0,0,12288
243,0,4,0,0,0,0,0,443472,0,0,0,0,658,12288,0,0,0,0,0,0,0,0,0,0,0,0,0,0,0,0,0,0,0,56201,0,87,0,347,1044,24576,0,0,0,12288
243,0,5,0,0,0,0,0,443472,0,0,0,0,661,12288,0,0,0,0,0,0,0,0,0,0,0,0,0,0,0,0,0,0,0,55055,2344,148,0,2,1253,0,0,12288,0,12288
243,0,6,0,0,0,0,0,443472,0,0,0,0,634,12288,0,0,0,0,0,0,0,0,0,0,0,0,0,0,0,0,0,0,0,56789,0,40,1023,0,1030,0,0,12288,0,12288
243,0,7,0,0,0,0,0,443472,0,0,0,0,653,12288,0,0,0,0,0,0,0,0,0,0,0,0,0,0,0,0,0,0,0,55843,0,107,352,0,1280,0,0,0,0,12288
243,0,8,0,0,0,0,0,443472,0,0,0,0,50,0,0,0,0,0,0,0,0,0,0,0,0,0,0,0,0,0,0,0,0,0,0,52,0,42,107,0,0,0,0,0
243,0,9,0,0,0,0,0,443472,0,0,0,0,47,0,0,0,0,0,0,0,0,0,0,0,0,0,0,0,0,0,0,0,0,0,365,42,0,0,53,0,0,0,0,0
243,0,10,0,0,0,0,0,443472,0,0,0,0,53,0,0,0,0,0,0,0,0,0,0,0,0,0,0,0,0,0,0,0,0,0,0,91,92,0,118,0,0,0,0,0
243,0,11,0,0,0,0,0,443472,0,0,0,0,53,0,0,0,0,0,0,0,0,0,0,0,0,0,0,0,0,0,0,0,0,0,0,42,39,0,94,0,0,0,0,0
243,0,12,0,0,0,0,0,443472,0,0,0,0,47,0,0,0,0,0,0,0,0,0,0,0,0,0,0,0,0,0,0,0,0,0,0,0,0,45,93,0,0,0,0,0
243,0,13,0,0,0,0,0,443472,0,0,0,0,53,0,0,0,0,0,0,0,0,0,0,0,0,0,0,0,0,0,0,0,0,0,178,0,0,0,109,0,0,0,0,0
243,0,14,0,0,0,0,0,443472,0,0,0,0,53,0,0,0,0,0,0,0,0,0,0,0,0,0,0,0,0,0,0,0,0,0,0,0,80,0,60,0,0,0,0,0
243,0,15,0,0,0,0,0,443472,0,0,0,0,41,0,0,0,0,0,0,0,0,0,0,0,0,0,0,0,0,0,0,0,0,0,0,0,39,0,91,0,0,0,0,0
244,0,0,0,0,0,0,0,1154360,0,0,7352,557056,136,0,0,0,0,0,14748,0,0,0,0,0,0,0,0,7352,7352,0,146800,0,420439,557056,0,2134,0,136,284,0,0,0,0,98304
244,0,1,0,0,0,0,0,577180,14748,0,0,0,5097,0,0,0,0,0,14748,0,0,0,0,0,0,0,0,0,3619,0,72997,0,147427,0,0,932,1033,1806,9270,0,0,12288,0,0
244,0,2,0,0,0,0,0,577180,0,0,0,0,561,12288,0,0,0,0,0,0,0,0,0,0,0,0,0,0,0,0,39782,0,71896,56958,0,775,1056,1296,1136,0,0,12288,0,12288
244,0,3,0,0,0,0,0,577180,0,0,0,0,608,12288,0,0,0,0,0,0,0,0,0,0,0,0,0,0,0,0,36658,0,0,56145,0,495,402,0,1039,0,0,0,0,12288
244,0,4,0,0,0,0,0,577180,0,0,0,0,638,12288,0,0,0,0,0,0,0,0,0,0,0,0,0,0,0,0,36755,0,0,56905,0,517,0,373,1086,36862,0,0,0,12288
244,0,5,0,0,0,0,0,577180,0,0,0,0,621,12288,0,0,0,0,0,0,0,0,0,0,0,0,0,0,0,0,37415,0,0,55362,3451,639,0,1,1184,0,0,12288,0,12288
244,0,6,0,0,0,0,0,577180,0,0,0,0,611,12288,0,0,0,0,0,0,0,0,0,0,0,0,0,0,0,0,0,0,0,55286,0,40,952,1,1011,0,0,12288,0,12288
244,0,7,0,0,0,0,0,577180,0,0,0,0,553,12288,0,0,0,0,0,0,0,0,0,0,0,0,0,0,0,0,0,0,0,53849,0,106,456,0,1157,0,0,0,0,12288
244,0,8,0,0,0,0,0,577180,0,0,0,0,549,12288,0,0,0,0,0,0,0,0,0,0,0,0,0,0,0,0,0,0,0,54921,0,52,0,460,1095,12288,0,0,0,12288
244,0,9,0,0,0,0,0,577180,0,0,0,0,630,12288,0,0,0,0,0,0,0,0,0,0,0,0,0,0,0,0,0,0,0,56287,1198,42,0,0,1064,0,0,0,0,12288
244,0,10,0,0,0,0,0,577180,0,0,0,0,53,0,0,0,0,0,0,0,0,0,0,0,0,0,0,0,0,0,0,0,0,0,0,91,92,2,118,0,0,0,0,0
244,0,11,0,0,0,0,0,577180,0,0,0,0,53,0,0,0,0,0,0,0,0,0,0,0,0,0,0,0,0,0,0,0,0,0,0,43,39,0,94,0,0,0,0,0
244,0,12,0,0,0,0,0,577180,0,0,0,0,47,0,0,0,0,0,0,0,0,0,0,0,0,0,0,0,0,0,0,0,0,0,0,0,0,45,93,0,0,0,0,0
244,0,13,0,0,0,0,0,577180,0,0,0,0,53,0,0,0,0,0,0,0,0,0,0,0,0,0,0,0,0,0,0,0,0,0,178,0,0,0,109,0,0,0,0,0
244,0,14,0,0,0,0,0,577180,0,0,0,0,53,0,0,0,0,0,0,0,0,0,0,0,0,0,0,0,0,0,0,0,0,0,0,0,80,0,60,0,0,0,0,0
244,0,15,0,0,0,0,0,577180,0,0,0,0,41,0,0,0,0,0,0,0,0,0,0,0,0,0,0,0,0,0,0,0,0,0,0,0,39,0,92,0,0,0,0,0
245,0,0,0,0,0,0,0,1155321,0,0,7360,557056,136,0,0,0,0,0,14760,0,0,0,0,0,0,0,0,7360,7360,0,147120,0,419175,557056,0,2136,0,136,284,0,0,0,0,98304
245,0,1,0,0,0,0,0,577661,14760,0,0,0,5132,0,0,0,0,0,14760,0,0,0,0,0,0,0,0,0,3728,0,73574,0,146739,0,0,907,1002,1835,9366,0,0,12288,0,0
245,0,2,0,0,0,0,0,577661,0,0,0,0,568,12288,0,0,0,0,0,0,0,0,0,0,0,0,0,0,0,0,36952,0,75469,55345,0,750,1060,1290,1150,0,0,12288,0,12288
245,0,3,0,0,0,0,0,577661,0,0,0,0,619,12288,0,0,0,0,0,0,0,0,0,0,0,0,0,0,0,0,34772,0,0,55345,0,501,392,0,1051,0,0,0,0,12288
245,0,4,0,0,0,0,0,577661,0,0,0,0,635,12288,0,0,0,0,0,0,0,0,0,0,0,0,0,0,0,0,36920,0,0,55271,0,498,0,376,1071,36863,0,0,0,12288
245,0,5,0,0,0,0,0,577661,0,0,0,0,630,12288,0,0,0,0,0,0,0,0,0,0,0,0,0,0,0,0,36785,0,0,55306,3394,659,0,1,1200,0,0,12288,0,12288
245,0,6,0,0,0,0,0,577661,0,0,0,0,619,12288,0,0,0,0,0,0,0,0,0,0,0,0,0,0,0,0,0,0,0,56910,0,40,959,2,1044,0,0,12288,0,12288
245,0,7,0,0,0,0,0,577661,0,0,0,0,568,12288,0,0,0,0,0,0,0,0,0,0,0,0,0,0,0,0,0,0,0,56110,0,108,442,0,1166,0,0,0,0,12288
245,0,8,0,0,0,0,0,577661,0,0,0,0,571,12288,0,0,0,0,0,0,0,0,0,0,0,0,0,0,0,0,0,0,0,54730,0,52,0,440,1138,12288,0,0,0,12288
245,0,9,0,0,0,0,0,577661,0,0,0,0,608,12288,0,0,0,0,0,0,0,0,0,0,0,0,0,0,0,0,0,0,0,57038,1242,42,0,2,1024,0,0,0,0,12288
245,0,10,0,0,0,0,0,577661,0,0,0,0,53,0,0,0,0,0,0,0,0,0,0,0,0,0,0,0,0,0,0,0,0,0,0,91,92,0,118,0,0,0,0,0
245,0,11,0,0,0,0,0,577661,0,0,0,0,53,0,0,0,0,0,0,0,0,0,0,0,0,0,0,0,0,0,0,0,0,0,0,43,39,0,94,0,0,0,0,0
245,0,12,0,0,0,0,0,577661,0,0,0,0,47,0,0,0,0,0,0,0,0,0,0,0,0,0,0,0,0,0,0,0,0,0,0,0,0,45,93,0,0,0,0,0
245,0,13,0,0,0,0,0,577661,0,0,0,0,53,0,0,0,0,0,0,0,0,0,0,0,0,0,0,0,0,0,0,0,0,0,178,0,0,0,109,0,0,0,0,0
245,0,14,0,0,0,0,0,577661,0,0,0,0,53,0,0,0,0,0,0,0,0,0,0,0,0,0,0,0,0,0,0,0,0,0,0,0,80,0,60,0,0,0,0,0
245,0,15,0,0,0,0,0,577661,0,0,0,0,41,0,0,0,0,0,0,0,0,0,0,0,0,0,0,0,0,0,0,0,0,0,0,0,39,0,92,0,0,0,0,0
246,0,0,0,0,0,0,0,1155452,0,0,7360,557056,136,0,0,0,0,0,14757,0,0,0,0,0,0,0,0,7360,7360,0,146624,0,420439,557056,0,2136,0,136,284,0,0,0,0,98304
246,0,1,0,0,0,0,0,577726,14757,0,0,0,5249,0,0,0,0,0,14757,0,0,0,0,0,0,0,0,0,3572,0,72619,0,146809,0,0,891,982,1754,9561,0,0,12288,0,0
246,0,2,0,0,0,0,0,577726,0,0,0,0,603,12288,0,0,0,0,0,0,0,0,0,0,0,0,0,0,0,0,39665,0,71711,56669,0,768,1037,1326,1211,0,0,12288,0,12288
246,0,3,0,0,0,0,0,577726,0,0,0,0,630,12288,0,0,0,0,0,0,0,0,0,0,0,0,0,0,0,0,36537,0,0,55736,0,481,381,0,1046,0,0,0,0,12288
246,0,4,0,0,0,0,0,577726,0,0,0,0,635,12288,0,0,0,0,0,0,0,0,0,0,0,0,0,0,0,0,36020,0,0,56771,0,502,0,376,1046,36865,0,0,0,12288
246,0,5,0,0,0,0,0,577726,0,0,0,0,618,12288,0,0,0,0,0,0,0,0,0,0,0,0,0,0,0,0,37688,0,0,56233,3339,664,0,1,1199,0,0,12288,0,12288
246,0,6,0,0,0,0,0,577726,0,0,0,0,624,12288,0,0,0,0,0,0,0,0,0,0,0,0,0,0,0,0,0,0,0,55247,0,40,999,1,1031,0,0,12288,0,12288
246,0,7,0,0,0,0,0,577726,0,0,0,0,613,12288,0,0,0,0,0,0,0,0,0,0,0,0,0,0,0,0,0,0,0,53808,0,107,398,0,1232,0,0,0,0,12288
246,0,8,0,0,0,0,0,577726,0,0,0,0,609,12288,0,0,0,0,0,0,0,0,0,0,0,0,0,0,0,0,0,0,0,54311,0,52,0,402,1172,12288,0,0,0,12288
246,0,9,0,0,0,0,0,577726,0,0,0,0,619,12288,0,0,0,0,0,0,0,0,0,0,0,0,0,0,0,0,0,0,0,56246,1269,42,0,2,1030,0,0,0,0,12288
246,0,10,0,0,0,0,0,577726,0,0,0,0,53,0,0,0,0,0,0,0,0,0,0,0,0,0,0,0,0,0,0,0,0,0,0,91,92,0,118,0,0,0,0,0
246,0,11,0,0,0,0,0,577726,0,0,0,0,53,0,0,0,0,0,0,0,0,0,0,0,0,0,0,0,0,0,0,0,0,0,0,44,39,0,94,0,0,0,0,0
246,0,12,0,0,0,0,0,577726,0,0,0,0,47,0,0,0,0,0,0,0,0,0,0,0,0,0,0,0,0,0,0,0,0,0,0,0,0,45,93,0,0,0,0,0
246,0,13,0,0,0,0,0,577726,0,0,0,0,53,0,0,0,0,0,0,0,0,0,0,0,0,0,0,0,0,0,0,0,0,0,178,0,0,0,109,0,0,0,0,0
246,0,14,0,0,0,0,0,577726,0,0,0,0,53,0,0,0,0,0,0,0,0,0,0,0,0,0,0,0,0,0,0,0,0,0,0,0,80,0,60,0,0,0,0,0
246,0,15,0,0,0,0,0,577726,0,0,0,0,41,0,0,0,0,0,0,0,0,0,0,0,0,0,0,0,0,0,0,0,0,0,0,0,39,0,91,0,0,0,0,0
247,0,0,0,0,0,0,0,1415618,0,0,9220,696320,136,0,0,0,0,0,17562,0,0,0,0,0,0,0,0,9220,9220,0,147094,0,559690,696320,0,2140,0,136,284,0,0,0,0,134220
247,0,1,0,0,0,0,0,707809,17562,0,0,0,6158,0,0,0,0,0,17562,0,0,0,0,0,0,0,0,0,4017,0,72581,0,218577,0,0,948,978,2654,11461,0,0,12288,0,0
247,0,2,0,0,0,0,0,707809,0,0,0,0,649,12288,0,0,0,0,0,0,0,0,0,0,0,0,0,0,0,0,75226,0,112018,55945,0,1225,1003,1806,1274,0,0,12288,0,12288
247,0,3,0,0,0,0,0,707809,0,0,0,0,640,12288,0,0,0,0,0,0,0,0,0,0,0,0,0,0,0,0,73367,0,0,55982,0,898,373,0,1086,0,0,0,0,12288
247,0,4,0,0,0,0,0,707809,0,0,0,0,639,12288,0,0,0,0,0,0,0,0,0,0,0,0,0,0,0,0,35913,0,0,56910,0,511,0,374,1039,49152,0,0,0,12288
247,0,5,0,0,0,0,0,707809,0,0,0,0,689,12288,0,0,0,0,0,0,0,0,0,0,0,0,0,0,0,0,37868,0,0,56085,4238,625,0,1,1256,0,0,12288,0,12288
247,0,6,0,0,0,0,0,707809,0,0,0,0,703,12288,0,0,0,0,0,0,0,0,0,0,0,0,0,0,0,0,36484,0,0,55172,0,464,1000,1,1154,0,0,12288,0,12288
247,0,7,0,0,0,0,0,707809,0,0,0,0,691,12288,0,0,0,0,0,0,0,0,0,0,0,0,0,0,0,0,36051,0,0,53567,0,623,322,0,1302,0,0,0,0,12288
247,0,8,0,0,0,0,0,707809,0,0,0,0,681,12288,0,0,0,0,0,0,0,0,0,0,0,0,0,0,0,0,0,0,0,54414,0,52,0,332,1237,24576,0,0,0,12288
247,0,9,0,0,0,0,0,707809,0,0,0,0,652,12288,0,0,0,0,0,0,0,0,0,0,0,0,0,0,0,0,0,0,0,56082,2152,42,0,1,1104,0,0,12288,0,12288
247,0,10,0,0,0,0,0,707809,0,0,0,0,654,12288,0,0,0,0,0,0,0,0,0,0,0,0,0,0,0,0,0,0,0,56582,0,91,1091,1,1218,0,0,12288,0,12288
247,0,11,0,0,0,0,0,707809,0,0,0,0,732,12288,0,0,0,0,0,0,0,0,0,0,0,0,0,0,0,0,0,0,0,57012,0,45,280,0,1180,0,0,0,0,12288
247,0,12,0,0,0,0,0,707809,0,0,0,0,47,0,0,0,0,0,0,0,0,0,0,0,0,0,0,0,0,0,0,0,0,0,0,0,0,45,93,0,0,0,0,0
247,0,13,0,0,0,0,0,707809,0,0,0,0,53,0,0,0,0,0,0,0,0,0,0,0,0,0,0,0,0,0,0,0,0,0,178,0,0,0,109,0,0,0,0,0
247,0,14,0,0,0,0,0,707809,0,0,0,0,53,0,0,0,0,0,0,0,0,0,0,0,0,0,0,0,0,0,0,0,0,0,0,0,80,0,60,0,0,0,0,0
247,0,15,0,0,0,0,0,707809,0,0,0,0,41,0,0,0,0,0,0,0,0,0,0,0,0,0,0,0,0,0,0,0,0,0,0,0,39,0,92,0,0,0,0,0
248,0,0,0,0,0,0,0,1415621,0,0,9220,696320,136,0,0,0,0,0,17562,0,0,0,0,0,0,0,0,9220,9220,0,147080,0,557056,696320,0,2140,0,136,284,0,0,0,0,134582
248,0,1,0,0,0,0,0,707811,17562,0,0,0,6079,0,0,0,0,0,17562,0,0,0,0,0,0,0,0,0,4228,0,71662,0,213870,0,0,961,1015,2683,11367,0,0,12288,0,0
248,0,2,0,0,0,0,0,707811,0,0,0,0,643,12288,0,0,0,0,0,0,0,0,0,0,0,0,0,0,0,0,71577,0,112020,56206,0,1231,1076,1808,1231,0,0,12288,0,12288
248,0,3,0,0,0,0,0,707811,0,0,0,0,707,12288,0,0,0,0,0,0,0,0,0,0,0,0,0,0,0,0,73310,0,0,57006,0,889,306,0,1160,0,0,0,0,12288
248,0,4,0,0,0,0,0,707811,0,0,0,0,696,12288,0,0,0,0,0,0,0,0,0,0,0,0,0,0,0,0,36611,0,0,56056,0,506,0,317,1136,49151,0,0,0,12288
248,0,5,0,0,0,0,0,707811,0,0,0,0,649,12288,0,0,0,0,0,0,0,0,0,0,0,0,0,0,0,0,38640,0,0,56232,4180,623,0,1,1205,0,0,12288,0,12288
248,0,6,0,0,0,0,0,707811,0,0,0,0,678,12288,0,0,0,0,0,0,0,0,0,0,0,0,0,0,0,0,37776,0,0,56936,0,472,1013,1,1115,0,0,12288,0,12288
248,0,7,0,0,0,0,0,707811,0,0,0,0,678,12288,0,0,0,0,0,0,0,0,0,0,0,0,0,0,0,0,37649,0,0,54246,0,634,334,0,1288,0,0,0,0,12288
248,0,8,0,0,0,0,0,707811,0,0,0,0,662,12288,0,0,0,0,0,0,0,0,0,0,0,0,0,0,0,0,0,0,0,54899,0,52,0,351,1223,24576,0,0,0,12288
248,0,9,0,0,0,0,0,707811,0,0,0,0,629,12288,0,0,0,0,0,0,0,0,0,0,0,0,0,0,0,0,0,0,0,55292,2294,42,0,1,1083,0,0,12288,0,12288
248,0,10,0,0,0,0,0,707811,0,0,0,0,712,12288,0,0,0,0,0,0,0,0,0,0,0,0,0,0,0,0,0,0,0,56157,0,91,953,1,1268,0,0,12288,0,12288
248,0,11,0,0,0,0,0,707811,0,0,0,0,653,12288,0,0,0,0,0,0,0,0,0,0,0,0,0,0,0,0,0,0,0,56184,0,43,360,0,1091,0,0,0,0,12288
248,0,12,0,0,0,0,0,707811,0,0,0,0,47,0,0,0,0,0,0,0,0,0,0,0,0,0,0,0,0,0,0,0,0,0,0,0,0,45,93,0,0,0,0,0
248,0,13,0,0,0,0,0,707811,0,0,0,0,53,0,0,0,0,0,0,0,0,0,0,0,0,0,0,0,0,0,0,0,0,0,178,0,0,0,109,0,0,0,0,0
248,0,14,0,0,0,0,0,707811,0,0,0,0,53,0,0,0,0,0,0,0,0,0,0,0,0,0,0,0,0,0,0,0,0,0,0,0,80,0,60,0,0,0,0,0
248,0,15,0,0,0,0,0,707811,0,0,0,0,41,0,0,0,0,0,0,0,0,0,0,0,0,0,0,0,0,0,0,0,0,0,0,0,39,0,94,0,0,0,0,0
249,0,0,0,0,0,0,0,1416654,0,0,9220,696320,136,0,0,0,0,0,17559,0,0,0,0,0,0,0,0,9220,9220,0,146694,0,559739,696320,0,2140,0,136,284,0,0,0,0,134741
249,0,1,0,0,0,0,0,708327,17559,0,0,0,6071,0,0,0,0,0,17559,0,0,0,0,0,0,0,0,0,4548,0,72587,0,216649,0,0,943,1026,2698,11253,0,0,12288,0,0
249,0,2,0,0,0,0,0,708327,0,0,0,0,648,12288,0,0,0,0,0,0,0,0,0,0,0,0,0,0,0,0,74432,0,106684,56642,0,1225,1041,1758,1278,0,0,12288,0,12288
249,0,3,0,0,0,0,0,708327,0,0,0,0,677,12288,0,0,0,0,0,0,0,0,0,0,0,0,0,0,0,0,71400,0,0,55966,0,950,335,0,1120,0,0,0,0,12288
249,0,4,0,0,0,0,0,708327,0,0,0,0,675,12288,0,0,0,0,0,0,0,0,0,0,0,0,0,0,0,0,36066,0,0,56766,0,529,0,338,1103,49152,0,0,0,12288
249,0,5,0,0,0,0,0,708327,0,0,0,0,705,12288,0,0,0,0,0,0,0,0,0,0,0,0,0,0,0,0,37293,0,0,56199,4321,633,0,2,1269,0,0,12288,0,12288
249,0,6,0,0,0,0,0,708327,0,0,0,0,707,12288,0,0,0,0,0,0,0,0,0,0,0,0,0,0,0,0,37533,0,0,55258,0,477,959,1,1145,0,0,12288,0,12288
249,0,7,0,0,0,0,0,708327,0,0,0,0,654,12288,0,0,0,0,0,0,0,0,0,0,0,0,0,0,0,0,37824,0,0,53744,0,607,358,0,1230,0,0,0,0,12288
249,0,8,0,0,0,0,0,708327,0,0,0,0,667,12288,0,0,0,0,0,0,0,0,0,0,0,0,0,0,0,0,0,0,0,54260,0,52,0,346,1205,24576,0,0,0,12288
249,0,9,0,0,0,0,0,708327,0,0,0,0,689,12288,0,0,0,0,0,0,0,0,0,0,0,0,0,0,0,0,0,0,0,55730,2129,42,0,1,1133,0,0,12288,0,12288
249,0,10,0,0,0,0,0,708327,0,0,0,0,678,12288,0,0,0,0,0,0,0,0,0,0,0,0,0,0,0,0,0,0,0,56011,0,91,1063,1,1229,0,0,12288,0,12288
249,0,11,0,0,0,0,0,708327,0,0,0,0,729,12288,0,0,0,0,0,0,0,0,0,0,0,0,0,0,0,0,0,0,0,56071,0,43,284,0,1194,0,0,0,0,12288
249,0,12,0,0,0,0,0,708327,0,0,0,0,47,0,0,0,0,0,0,0,0,0,0,0,0,0,0,0,0,0,0,0,0,0,0,0,0,45,93,0,0,0,0,0
249,0,13,0,0,0,0,0,708327,0,0,0,0,53,0,0,0,0,0,0,0,0,0,0,0,0,0,0,0,0,0,0,0,0,0,178,0,0,0,109,0,0,0,0,0
249,0,14,0,0,0,0,0,708327,0,0,0,0,53,0,0,0,0,0,0,0,0,0,0,0,0,0,0,0,0,0,0,0,0,0,0,0,80,0,60,0,0,0,0,0
249,0,15,0,0,0,0,0,708327,0,0,0,0,41,0,0,0,0,0,0,0,0,0,0,0,0,0,0,0,0,0,0,0,0,0,0,0,39,0,94,0,0,0,0,0
250,0,0,0,0,0,0,0,1805599,0,0,11982,905216,136,0,0,0,0,0,21720,0,0,0,0,0,0,0,0,11982,11982,0,217633,0,698264,905216,0,3071,0,136,284,0,0,0,0,1167473
250,0,1,0,0,0,0,0,902800,21720,0,0,0,8245,0,0,0,0,0,21720,0,0,0,0,0,0,0,0,0,5987,0,108276,0,249296,0,0,1209,1271,2778,14796,0,0,12239,0,0
250,0,2,0,0,0,0,0,902800,0,0,0,0,660,12288,0,0,0,0,0,0,0,0,0,0,0,0,0,0,0,0,109294,0,108118,55616,0,1923,977,1911,1260,0,0,12288,0,12288
250,0,3,0,0,0,0,0,902800,0,0,0,0,646,12288,0,0,0,0,0,0,0,0,0,0,0,0,0,0,0,0,71087,0,0,55931,0,846,347,0,1027,0,0,0,0,12288
250,0,4,0,0,0,0,0,902800,0,0,0,0,665,12288,0,0,0,0,0,0,0,0,0,0,0,0,0,0,0,0,74634,0,0,56289,0,820,0,350,1049,65559,0,0,0,12288
250,0,5,0,0,0,0,0,902800,0,0,0,0,658,12288,0,0,0,0,0,0,0,0,0,0,0,0,0,0,0,0,73029,0,0,56131,5772,1257,0,1,1265,0,0,12288,0,12288
250,0,6,0,0,0,0,0,902800,0,0,0,0,665,12288,0,0,0,0,0,0,0,0,0,0,0,0,0,0,0,0,73155,0,0,56096,0,776,1020,1,1039,0,0,12288,0,12288
250,0,7,0,0,0,0,0,902800,0,0,0,0,669,12288,0,0,0,0,0,0,0,0,0,0,0,0,0,0,0,0,37997,0,0,54075,0,652,348,0,1311,0,0,0,0,12288
250,0,8,0,0,0,0,0,902800,0,0,0,0,661,12288,0,0,0,0,0,0,0,0,0,0,0,0,0,0,0,0,39383,0,0,54324,0,603,0,356,1286,49142,0,0,0,12288
250,0,9,0,0,0,0,0,902800,0,0,0,0,655,12288,0,0,0,0,0,0,0,0,0,0,0,0,0,0,0,0,37578,0,0,55889,3449,418,0,1,1028,0,0,12288,0,12288
250,0,10,0,0,0,0,0,902800,0,0,0,0,671,12288,0,0,0,0,0,0,0,0,0,0,0,0,0,0,0,0,38047,0,0,55960,0,651,1021,1,1292,0,0,12288,0,12288
250,0,11,0,0,0,0,0,902800,0,0,0,0,675,12288,0,0,0,0,0,0,0,0,0,0,0,0,0,0,0,0,0,0,0,55795,0,44,341,0,1099,0,0,0,0,12288
250,0,12,0,0,0,0,0,902800,0,0,0,0,665,12288,0,0,0,0,0,0,0,0,0,0,0,0,0,0,0,0,0,0,0,55456,0,0,0,350,1085,12288,0,0,0,12288
250,0,13,0,0,0,0,0,902800,0,0,0,0,684,12288,0,0,0,0,0,0,0,0,0,0,0,0,0,0,0,0,0,0,0,56207,1706,0,0,0,1289,0,0,12288,0,12288
250,0,14,0,0,0,0,0,902800,0,0,0,0,672,12288,0,0,0,0,0,0,0,0,0,0,0,0,0,0,0,0,0,0,0,56073,0,0,384,2,1044,0,0,0,0,12288
250,0,15,0,0,0,0,0,902800,0,0,0,0,41,0,0,0,0,0,0,0,0,0,0,0,0,0,0,0,0,0,0,0,0,0,0,0,39,0,94,0,0,0,0,0
251,0,0,0,0,0,0,0,1806591,0,0,11990,905216,136,0,0,0,0,0,21732,0,0,0,0,0,0,0,0,11990,11990,0,218279,0,698011,905216,0,3075,0,136,284,0,0,0,0,1173332
251,0,1,0,0,0,0,0,903296,21732,0,0,0,8212,0,0,0,0,0,21732,0,0,0,0,0,0,0,0,0,6018,0,107881,0,249174,0,0,1204,1274,2821,14730,0,0,12203,0,0
251,0,2,0,0,0,0,0,903296,0,0,0,0,643,12288,0,0,0,0,0,0,0,0,0,0,0,0,0,0,0,0,107491,0,108703,55599,0,1908,993,1904,1223,0,0,12288,0,12288
251,0,3,0,0,0,0,0,903296,0,0,0,0,644,12288,0,0,0,0,0,0,0,0,0,0,0,0,0,0,0,0,70794,0,0,55845,0,854,349,0,1024,0,0,0,0,12288
251,0,4,0,0,0,0,0,903296,0,0,0,0,652,12288,0,0,0,0,0,0,0,0,0,0,0,0,0,0,0,0,71460,0,0,56082,0,817,0,365,1042,65817,0,0,0,12288
251,0,5,0,0,0,0,0,903296,0,0,0,0,671,12288,0,0,0,0,0,0,0,0,0,0,0,0,0,0,0,0,72997,0,0,56073,5797,1251,0,1,1291,0,0,12288,0,12288
251,0,6,0,0,0,0,0,903296,0,0,0,0,668,12288,0,0,0,0,0,0,0,0,0,0,0,0,0,0,0,0,72461,0,0,56418,0,795,1036,2,1040,0,0,12288,0,12288
251,0,7,0,0,0,0,0,903296,0,0,0,0,689,12288,0,0,0,0,0,0,0,0,0,0,0,0,0,0,0,0,37904,0,0,54529,0,658,328,0,1316,0,0,0,0,12288
251,0,8,0,0,0,0,0,903296,0,0,0,0,645,12288,0,0,0,0,0,0,0,0,0,0,0,0,0,0,0,0,37675,0,0,54341,0,622,0,372,1256,49223,0,0,0,12288
251,0,9,0,0,0,0,0,903296,0,0,0,0,679,12288,0,0,0,0,0,0,0,0,0,0,0,0,0,0,0,0,37512,0,0,55732,3388,409,0,2,1069,0,0,12288,0,12288
251,0,10,0,0,0,0,0,903296,0,0,0,0,678,12288,0,0,0,0,0,0,0,0,0,0,0,0,0,0,0,0,37782,0,0,56022,0,646,1026,0,1287,0,0,12288,0,12288
251,0,11,0,0,0,0,0,903296,0,0,0,0,688,12288,0,0,0,0,0,0,0,0,0,0,0,0,0,0,0,0,0,0,0,55844,0,46,329,0,1104,0,0,0,0,12288
251,0,12,0,0,0,0,0,903296,0,0,0,0,661,12288,0,0,0,0,0,0,0,0,0,0,0,0,0,0,0,0,0,0,0,56178,0,0,0,356,1064,12288,0,0,0,12288
251,0,13,0,0,0,0,0,903296,0,0,0,0,656,12288,0,0,0,0,0,0,0,0,0,0,0,0,0,0,0,0,0,0,0,56189,1727,0,0,0,1272,0,0,12288,0,12288
251,0,14,0,0,0,0,0,903296,0,0,0,0,667,12288,0,0,0,0,0,0,0,0,0,0,0,0,0,0,0,0,0,0,0,56038,0,0,391,2,1046,0,0,0,0,12288
251,0,15,0,0,0,0,0,903296,0,0,0,0,41,0,0,0,0,0,0,0,0,0,0,0,0,0,0,0,0,0,0,0,0,0,0,0,39,0,92,0,0,0,0,0
252,0,0,0,0,0,0,0,1804854,0,0,11990,905216,136,0,0,0,0,0,21735,0,0,0,0,0,0,0,0,11990,11990,0,216872,0,697549,905216,0,3075,0,136,284,0,0,0,0,1173489
252,0,1,0,0,0,0,0,902427,21735,0,0,0,8272,0,0,0,0,0,21735,0,0,0,0,0,0,0,0,0,5944,0,107212,0,249345,0,0,1187,1283,2769,14930,0,0,12200,0,0
252,0,2,0,0,0,0,0,902427,0,0,0,0,693,12288,0,0,0,0,0,0,0,0,0,0,0,0,0,0,0,0,108781,0,108238,55530,0,1922,941,1932,1283,0,0,12288,0,12288
252,0,3,0,0,0,0,0,902427,0,0,0,0,642,12288,0,0,0,0,0,0,0,0,0,0,0,0,0,0,0,0,71049,0,0,55861,0,822,351,0,1026,0,0,0,0,12288
252,0,4,0,0,0,0,0,902427,0,0,0,0,649,12288,0,0,0,0,0,0,0,0,0,0,0,0,0,0,0,0,70918,0,0,56205,0,824,0,368,1041,65553,0,0,0,12288
252,0,5,0,0,0,0,0,902427,0,0,0,0,676,12288,0,0,0,0,0,0,0,0,0,0,0,0,0,0,0,0,72435,0,0,56092,5709,1266,0,2,1298,0,0,12288,0,12288
252,0,6,0,0,0,0,0,902427,0,0,0,0,657,12288,0,0,0,0,0,0,0,0,0,0,0,0,0,0,0,0,76647,0,0,56016,0,767,1036,0,1043,0,0,12288,0,12288
252,0,7,0,0,0,0,0,902427,0,0,0,0,677,12288,0,0,0,0,0,0,0,0,0,0,0,0,0,0,0,0,37950,0,0,54274,0,656,340,0,1340,0,0,0,0,12288
252,0,8,0,0,0,0,0,902427,0,0,0,0,677,12288,0,0,0,0,0,0,0,0,0,0,0,0,0,0,0,0,37709,0,0,54226,0,615,0,340,1288,49208,0,0,0,12288
252,0,9,0,0,0,0,0,902427,0,0,0,0,655,12288,0,0,0,0,0,0,0,0,0,0,0,0,0,0,0,0,38049,0,0,55906,3467,402,0,1,1037,0,0,12288,0,12288
252,0,10,0,0,0,0,0,902427,0,0,0,0,680,12288,0,0,0,0,0,0,0,0,0,0,0,0,0,0,0,0,39676,0,0,56183,0,676,1007,1,1287,0,0,12288,0,12288
252,0,11,0,0,0,0,0,902427,0,0,0,0,670,12288,0,0,0,0,0,0,0,0,0,0,0,0,0,0,0,0,0,0,0,55675,0,44,346,0,1090,0,0,0,0,12288
252,0,12,0,0,0,0,0,902427,0,0,0,0,672,12288,0,0,0,0,0,0,0,0,0,0,0,0,0,0,0,0,0,0,0,56240,0,0,0,345,1082,12288,0,0,0,12288
252,0,13,0,0,0,0,0,902427,0,0,0,0,675,12288,0,0,0,0,0,0,0,0,0,0,0,0,0,0,0,0,0,0,0,55755,1724,0,0,2,1298,0,0,12288,0,12288
252,0,14,0,0,0,0,0,902427,0,0,0,0,674,12288,0,0,0,0,0,0,0,0,0,0,0,0,0,0,0,0,0,0,0,55610,0,0,384,0,1023,0,0,0,0,12288
252,0,15,0,0,0,0,0,902427,0,0,0,0,41,0,0,0,0,0,0,0,0,0,0,0,0,0,0,0,0,0,0,0,0,0,0,0,39,0,96,0,0,0,0,0
253,0,0,0,0,0,0,0,421926,0,0,2106,67584,136,0,0,0,0,0,6834,0,0,0,0,0,0,0,0,2106,2106,0,0,0,87580,67584,0,294,0,136,284,0,0,0,0,6144
253,0,1,0,0,0,0,0,210963,6834,0,0,0,2255,0,0,0,0,0,6834,0,0,0,0,0,0,0,0,0,409,0,0,0,52850,0,0,84,171,1105,4133,0,0,6144,0,0
253,0,2,0,0,0,0,0,210963,0,0,0,0,1210,6144,0,0,0,0,0,0,0,0,0,0,0,0,0,0,0,0,0,0,0,59306,0,249,1033,283,2453,0,0,0,0,6144
253,0,3,0,0,0,0,0,210963,0,0,0,0,47,0,0,0,0,0,0,0,0,0,0,0,0,0,0,0,0,0,0,0,0,0,0,91,45,0,54,0,0,0,0,0
253,0,4,0,0,0,0,0,210963,0,0,0,0,47,0,0,0,0,0,0,0,0,0,0,0,0,0,0,0,0,0,0,0,0,0,0,87,0,45,62,0,0,0,0,0
253,0,5,0,0,0,0,0,210963,0,0,0,0,47,0,0,0,0,0,0,0,0,0,0,0,0,0,0,0,0,0,0,0,0,0,537,148,0,0,109,0,0,0,0,0
253,0,6,0,0,0,0,0,210963,0,0,0,0,47,0,0,0,0,0,0,0,0,0,0,0,0,0,0,0,0,0,0,0,0,0,0,40,98,0,52,0,0,0,0,0
253,0,7,0,0,0,0,0,210963,0,0,0,0,53,0,0,0,0,0,0,0,0,0,0,0,0,0,0,0,0,0,0,0,0,0,0,105,39,0,140,0,0,0,0,0
253,0,8,0,0,0,0,0,210963,0,0,0,0,50,0,0,0,0,0,0,0,0,0,0,0,0,0,0,0,0,0,0,0,0,0,0,52,0,42,107,0,0,0,0,0
253,0,9,0,0,0,0,0,210963,0,0,0,0,47,0,0,0,0,0,0,0,0,0,0,0,0,0,0,0,0,0,0,0,0,0,365,42,0,0,53,0,0,0,0,0
253,0,10,0,0,0,0,0,210963,0,0,0,0,53,0,0,0,0,0,0,0,0,0,0,0,0,0,0,0,0,0,0,0,0,0,0,91,92,0,118,0,0,0,0,0
253,0,11,0,0,0,0,0,210963,0,0,0,0,53,0,0,0,0,0,0,0,0,0,0,0,0,0,0,0,0,0,0,0,0,0,0,39,39,0,94,0,0,0,0,0
253,0,12,0,0,0,0,0,210963,0,0,0,0,47,0,0,0,0,0,0,0,0,0,0,0,0,0,0,0,0,0,0,0,0,0,0,0,0,45,93,0,0,0,0,0
253,0,13,0,0,0,0,0,210963,0,0,0,0,53,0,0,0,0,0,0,0,0,0,0,0,0,0,0,0,0,0,0,0,0,0,178,0,0,0,109,0,0,0,0,0
253,0,14,0,0,0,0,0,210963,0,0,0,0,53,0,0,0,0,0,0,0,0,0,0,0,0,0,0,0,0,0,0,0,0,0,0,0,80,0,60,0,0,0,0,0
253,0,15,0,0,0,0,0,210963,0,0,0,0,41,0,0,0,0,0,0,0,0,0,0,0,0,0,0,0,0,0,0,0,0,0,0,0,39,0,89,0,0,0,0,0
254,0,0,0,0,0,0,0,421996,0,0,2108,67584,136,0,0,0,0,0,6840,0,0,0,0,0,0,0,0,2108,2108,0,0,0,87584,67584,0,294,0,136,284,0,0,0,0,6144
254,0,1,0,0,0,0,0,210998,6840,0,0,0,2257,0,0,0,0,0,6840,0,0,0,0,0,0,0,0,0,415,0,0,0,52848,0,0,84,170,1106,4135,0,0,6144,0,0
254,0,2,0,0,0,0,0,210998,0,0,0,0,1210,6144,0,0,0,0,0,0,0,0,0,0,0,0,0,0,0,0,0,0,0,59312,0,249,1035,283,2454,0,0,0,0,6144
254,0,3,0,0,0,0,0,210998,0,0,0,0,47,0,0,0,0,0,0,0,0,0,0,0,0,0,0,0,0,0,0,0,0,0,0,91,45,0,54,0,0,0,0,0
254,0,4,0,0,0,0,0,210998,0,0,0,0,47,0,0,0,0,0,0,0,0,0,0,0,0,0,0,0,0,0,0,0,0,0,0,87,0,45,62,0,0,0,0,0
254,0,5,0,0,0,0,0,210998,0,0,0,0,47,0,0,0,0,0,0,0,0,0,0,0,0,0,0,0,0,0,0,0,0,0,537,148,0,0,109,0,0,0,0,0
254,0,6,0,0,0,0,0,210998,0,0,0,0,47,0,0,0,0,0,0,0,0,0,0,0,0,0,0,0,0,0,0,0,0,0,0,40,98,0,52,0,0,0,0,0
254,0,7,0,0,0,0,0,210998,0,0,0,0,53,0,0,0,0,0,0,0,0,0,0,0,0,0,0,0,0,0,0,0,0,0,0,105,39,0,140,0,0,0,0,0
254,0,8,0,0,0,0,0,210998,0,0,0,0,50,0,0,0,0,0,0,0,0,0,0,0,0,0,0,0,0,0,0,0,0,0,0,52,0,42,107,0,0,0,0,0
254,0,9,0,0,0,0,0,210998,0,0,0,0,47,0,0,0,0,0,0,0,0,0,0,0,0,0,0,0,0,0,0,0,0,0,365,42,0,0,53,0,0,0,0,0
254,0,10,0,0,0,0,0,210998,0,0,0,0,53,0,0,0,0,0,0,0,0,0,0,0,0,0,0,0,0,0,0,0,0,0,0,91,92,0,118,0,0,0,0,0
254,0,11,0,0,0,0,0,210998,0,0,0,0,53,0,0,0,0,0,0,0,0,0,0,0,0,0,0,0,0,0,0,0,0,0,0,39,39,0,94,0,0,0,0,0
254,0,12,0,0,0,0,0,210998,0,0,0,0,47,0,0,0,0,0,0,0,0,0,0,0,0,0,0,0,0,0,0,0,0,0,0,0,0,45,93,0,0,0,0,0
254,0,13,0,0,0,0,0,210998,0,0,0,0,53,0,0,0,0,0,0,0,0,0,0,0,0,0,0,0,0,0,0,0,0,0,178,0,0,0,109,0,0,0,0,0
254,0,14,0,0,0,0,0,210998,0,0,0,0,53,0,0,0,0,0,0,0,0,0,0,0,0,0,0,0,0,0,0,0,0,0,0,0,80,0,60,0,0,0,0,0
254,0,15,0,0,0,0,0,210998,0,0,0,0,41,0,0,0,0,0,0,0,0,0,0,0,0,0,0,0,0,0,0,0,0,0,0,0,39,0,89,0,0,0,0,0
255,0,0,0,0,0,0,0,421902,0,0,2106,67584,136,0,0,0,0,0,6838,0,0,0,0,0,0,0,0,2106,2106,0,0,0,87580,67584,0,294,0,136,284,0,0,0,0,6144
255,0,1,0,0,0,0,0,210951,6837,0,0,0,2253,0,0,0,0,0,6837,0,0,0,0,0,0,0,0,0,410,0,0,0,52850,0,0,84,170,1108,4131,0,0,6144,0,0
255,0,2,0,0,0,0,0,210951,0,0,0,0,1210,6144,0,0,0,0,0,0,0,0,0,0,0,0,0,0,0,0,0,0,0,59306,0,249,1033,283,2450,0,0,0,0,6144
255,0,3,0,0,0,0,0,210951,0,0,0,0,47,0,0,0,0,0,0,0,0,0,0,0,0,0,0,0,0,0,0,0,0,0,0,91,45,0,54,0,0,0,0,0
255,0,4,0,0,0,0,0,210951,0,0,0,0,47,0,0,0,0,0,0,0,0,0,0,0,0,0,0,0,0,0,0,0,0,0,0,87,0,45,61,0,0,0,0,0
255,0,5,0,0,0,0,0,210951,0,0,0,0,47,0,0,0,0,0,0,0,0,0,0,0,0,0,0,0,0,0,0,0,0,0,537,148,0,0,109,0,0,0,0,0
255,0,6,0,0,0,0,0,210951,0,0,0,0,47,0,0,0,0,0,0,0,0,0,0,0,0,0,0,0,0,0,0,0,0,0,0,40,98,0,52,0,0,0,0,0
255,0,7,0,0,0,0,0,210951,0,0,0,0,53,0,0,0,0,0,0,0,0,0,0,0,0,0,0,0,0,0,0,0,0,0,0,105,39,0,140,0,0,0,0,0
255,0,8,0,0,0,0,0,210951,0,0,0,0,50,0,0,0,0,0,0,0,0,0,0,0,0,0,0,0,0,0,0,0,0,0,0,52,0,42,107,0,0,0,0,0
255,0,9,0,0,0,0,0,210951,0,0,0,0,47,0,0,0,0,0,0,0,0,0,0,0,0,0,0,0,0,0,0,0,0,0,365,42,0,0,53,0,0,0,0,0
255,0,10,0,0,0,0,0,210951,0,0,0,0,53,0,0,0,0,0,0,0,0,0,0,0,0,0,0,0,0,0,0,0,0,0,0,91,92,0,118,0,0,0,0,0
255,0,11,0,0,0,0,0,210951,0,0,0,0,53,0,0,0,0,0,0,0,0,0,0,0,0,0,0,0,0,0,0,0,0,0,0,39,39,0,94,0,0,0,0,0
255,0,12,0,0,0,0,0,210951,0,0,0,0,47,0,0,0,0,0,0,0,0,0,0,0,0,0,0,0,0,0,0,0,0,0,0,0,0,45,93,0,0,0,0,0
255,0,13,0,0,0,0,0,210951,0,0,0,0,53,0,0,0,0,0,0,0,0,0,0,0,0,0,0,0,0,0,0,0,0,0,178,0,0,0,109,0,0,0,0,0
255,0,14,0,0,0,0,0,210951,0,0,0,0,53,0,0,0,0,0,0,0,0,0,0,0,0,0,0,0,0,0,0,0,0,0,0,0,80,0,60,0,0,0,0,0
255,0,15,0,0,0,0,0,210951,0,0,0,0,41,0,0,0,0,0,0,0,0,0,0,0,0,0,0,0,0,0,0,0,0,0,0,0,39,0,89,0,0,0,0,0
256,0,0,0,0,0,0,0,434774,0,0,2192,135168,136,0,0,0,0,0,6972,0,0,0,0,0,0,0,0,2192,2192,0,0,0,163020,135168,0,294,0,136,284,0,0,0,0,12288
256,0,1,0,0,0,0,0,217387,6972,0,0,0,2326,0,0,0,0,0,6972,0,0,0,0,0,0,0,0,0,552,0,0,0,97351,0,0,84,169,1123,4136,0,0,6144,0,0
256,0,2,0,0,0,0,0,217387,0,0,0,0,870,6144,0,0,0,0,0,0,0,0,0,0,0,0,0,0,0,0,0,0,53248,60071,0,249,1185,832,1632,0,0,6144,0,6144
256,0,3,0,0,0,0,0,217387,0,0,0,0,869,6144,0,0,0,0,0,0,0,0,0,0,0,0,0,0,0,0,0,0,0,59393,0,92,318,0,1423,0,0,0,0,6144
256,0,4,0,0,0,0,0,217387,0,0,0,0,47,0,0,0,0,0,0,0,0,0,0,0,0,0,0,0,0,0,0,0,0,0,0,87,0,45,62,0,0,0,0,0
256,0,5,0,0,0,0,0,217387,0,0,0,0,47,0,0,0,0,0,0,0,0,0,0,0,0,0,0,0,0,0,0,0,0,0,537,148,0,0,109,0,0,0,0,0
256,0,6,0,0,0,0,0,217387,0,0,0,0,47,0,0,0,0,0,0,0,0,0,0,0,0,0,0,0,0,0,0,0,0,0,0,40,98,0,52,0,0,0,0,0
256,0,7,0,0,0,0,0,217387,0,0,0,0,53,0,0,0,0,0,0,0,0,0,0,0,0,0,0,0,0,0,0,0,0,0,0,105,39,0,140,0,0,0,0,0
256,0,8,0,0,0,0,0,217387,0,0,0,0,50,0,0,0,0,0,0,0,0,0,0,0,0,0,0,0,0,0,0,0,0,0,0,52,0,42,107,0,0,0,0,0
256,0,9,0,0,0,0,0,217387,0,0,0,0,47,0,0,0,0,0,0,0,0,0,0,0,0,0,0,0,0,0,0,0,0,0,365,42,0,0,53,0,0,0,0,0
256,0,10,0,0,0,0,0,217387,0,0,0,0,53,0,0,0,0,0,0,0,0,0,0,0,0,0,0,0,0,0,0,0,0,0,0,91,92,0,118,0,0,0,0,0
256,0,11,0,0,0,0,0,217387,0,0,0,0,53,0,0,0,0,0,0,0,0,0,0,0,0,0,0,0,0,0,0,0,0,0,0,40,39,0,94,0,0,0,0,0
256,0,12,0,0,0,0,0,217387,0,0,0,0,47,0,0,0,0,0,0,0,0,0,0,0,0,0,0,0,0,0,0,0,0,0,0,0,0,45,93,0,0,0,0,0
256,0,13,0,0,0,0,0,217387,0,0,0,0,53,0,0,0,0,0,0,0,0,0,0,0,0,0,0,0,0,0,0,0,0,0,178,0,0,0,109,0,0,0,0,0
256,0,14,0,0,0,0,0,217387,0,0,0,0,53,0,0,0,0,0,0,0,0,0,0,0,0,0,0,0,0,0,0,0,0,0,0,0,80,0,60,0,0,0,0,0
256,0,15,0,0,0,0,0,217387,0,0,0,0,41,0,0,0,0,0,0,0,0,0,0,0,0,0,0,0,0,0,0,0,0,0,0,0,39,0,89,0,0,0,0,0
257,0,0,0,0,0,0,0,434873,0,0,2192,135168,136,0,0,0,0,0,6972,0,0,0,0,0,0,0,0,2192,2192,0,0,0,163028,135168,0,294,0,136,284,0,0,0,0,12288
257,0,1,0,0,0,0,0,217437,6972,0,0,0,2332,0,0,0,0,0,6972,0,0,0,0,0,0,0,0,0,551,0,0,0,97351,0,0,84,169,1117,4141,0,0,6144,0,0
257,0,2,0,0,0,0,0,217437,0,0,0,0,866,6144,0,0,0,0,0,0,0,0,0,0,0,0,0,0,0,0,0,0,53246,60077,0,249,1186,837,1630,0,0,6144,0,6144
257,0,3,0,0,0,0,0,217437,0,0,0,0,866,6144,0,0,0,0,0,0,0,0,0,0,0,0,0,0,0,0,0,0,0,59394,0,92,320,0,1416,0,0,0,0,6144
257,0,4,0,0,0,0,0,217437,0,0,0,0,47,0,0,0,0,0,0,0,0,0,0,0,0,0,0,0,0,0,0,0,0,0,0,87,0,45,62,0,0,0,0,0
257,0,5,0,0,0,0,0,217437,0,0,0,0,47,0,0,0,0,0,0,0,0,0,0,0,0,0,0,0,0,0,0,0,0,0,537,148,0,0,109,0,0,0,0,0
257,0,6,0,0,0,0,0,217437,0,0,0,0,47,0,0,0,0,0,0,0,0,0,0,0,0,0,0,0,0,0,0,0,0,0,0,40,98,0,52,0,0,0,0,0
257,0,7,0,0,0,0,0,217437,0,0,0,0,53,0,0,0,0,0,0,0,0,0,0,0,0,0,0,0,0,0,0,0,0,0,0,105,39,0,140,0,0,0,0,0
257,0,8,0,0,0,0,0,217437,0,0,0,0,50,0,0,0,0,0,0,0,0,0,0,0,0,0,0,0,0,0,0,0,0,0,0,52,0,42,107,0,0,0,0,0
257,0,9,0,0,0,0,0,217437,0,0,0,0,47,0,0,0,0,0,0,0,0,0,0,0,0,0,0,0,0,0,0,0,0,0,365,42,0,0,53,0,0,0,0,0
257,0,10,0,0,0,0,0,217437,0,0,0,0,53,0,0,0,0,0,0,0,0,0,0,0,0,0,0,0,0,0,0,0,0,0,0,91,92,0,118,0,0,0,0,0
257,0,11,0,0,0,0,0,217437,0,0,0,0,53,0,0,0,0,0,0,0,0,0,0,0,0,0,0,0,0,0,0,0,0,0,0,40,39,0,94,0,0,0,0,0
257,0,12,0,0,0,0,0,217437,0,0,0,0,47,0,0,0,0,0,0,0,0,0,0,0,0,0,0,0,0,0,0,0,0,0,0,0,0,45,93,0,0,0,0,0
257,0,13,0,0,0,0,0,217437,0,0,0,0,53,0,0,0,0,0,0,0,0,0,0,0,0,0,0,0,0,0,0,0,0,0,178,0,0,0,109,0,0,0,0,0
257,0,14,0,0,0,0,0,217437,0,0,0,0,53,0,0,0,0,0,0,0,0,0,0,0,0,0,0,0,0,0,0,0,0,0,0,0,80,0,60,0,0,0,0,0
257,0,15,0,0,0,0,0,217437,0,0,0,0,41,0,0,0,0,0,0,0,0,0,0,0,0,0,0,0,0,0,0,0,0,0,0,0,39,0,89,0,0,0,0,0
258,0,0,0,0,0,0,0,434818,0,0,2192,135168,136,0,0,0,0,0,6969,0,0,0,0,0,0,0,0,2192,2192,0,0,0,163044,135168,0,294,0,136,284,0,0,0,0,12288
258,0,1,0,0,0,0,0,217409,6969,0,0,0,2325,0,0,0,0,0,6969,0,0,0,0,0,0,0,0,0,549,0,0,0,97357,0,0,84,170,1123,4135,0,0,6144,0,0
258,0,2,0,0,0,0,0,217409,0,0,0,0,868,6144,0,0,0,0,0,0,0,0,0,0,0,0,0,0,0,0,0,0,53248,60070,0,249,1185,832,1630,0,0,6144,0,6144
258,0,3,0,0,0,0,0,217409,0,0,0,0,867,6144,0,0,0,0,0,0,0,0,0,0,0,0,0,0,0,0,0,0,0,59394,0,92,320,0,1421,0,0,0,0,6144
258,0,4,0,0,0,0,0,217409,0,0,0,0,47,0,0,0,0,0,0,0,0,0,0,0,0,0,0,0,0,0,0,0,0,0,0,87,0,45,62,0,0,0,0,0
258,0,5,0,0,0,0,0,217409,0,0,0,0,47,0,0,0,0,0,0,0,0,0,0,0,0,0,0,0,0,0,0,0,0,0,537,148,0,0,109,0,0,0,0,0
258,0,6,0,0,0,0,0,217409,0,0,0,0,47,0,0,0,0,0,0,0,0,0,0,0,0,0,0,0,0,0,0,0,0,0,0,40,98,0,52,0,0,0,0,0
258,0,7,0,0,0,0,0,217409,0,0,0,0,53,0,0,0,0,0,0,0,0,0,0,0,0,0,0,0,0,0,0,0,0,0,0,105,39,0,140,0,0,0,0,0
258,0,8,0,0,0,0,0,217409,0,0,0,0,50,0,0,0,0,0,0,0,0,0,0,0,0,0,0,0,0,0,0,0,0,0,0,52,0,42,107,0,0,0,0,0
258,0,9,0,0,0,0,0,217409,0,0,0,0,47,0,0,0,0,0,0,0,0,0,0,0,0,0,0,0,0,0,0,0,0,0,365,42,0,0,53,0,0,0,0,0
258,0,10,0,0,0,0,0,217409,0,0,0,0,53,0,0,0,0,0,0,0,0,0,0,0,0,0,0,0,0,0,0,0,0,0,0,91,92,0,118,0,0,0,0,0
258,0,11,0,0,0,0,0,217409,0,0,0,0,53,0,0,0,0,0,0,0,0,0,0,0,0,0,0,0,0,0,0,0,0,0,0,40,39,0,94,0,0,0,0,0
258,0,12,0,0,0,0,0,217409,0,0,0,0,47,0,0,0,0,0,0,0,0,0,0,0,0,0,0,0,0,0,0,0,0,0,0,0,0,45,93,0,0,0,0,0
258,0,13,0,0,0,0,0,217409,0,0,0,0,53,0,0,0,0,0,0,0,0,0,0,0,0,0,0,0,0,0,0,0,0,0,178,0,0,0,109,0,0,0,0,0
258,0,14,0,0,0,0,0,217409,0,0,0,0,53,0,0,0,0,0,0,0,0,0,0,0,0,0,0,0,0,0,0,0,0,0,0,0,80,0,60,0,0,0,0,0
258,0,15,0,0,0,0,0,217409,0,0,0,0,41,0,0,0,0,0,0,0,0,0,0,0,0,0,0,0,0,0,0,0,0,0,0,0,39,0,89,0,0,0,0,0
259,0,0,0,0,0,0,0,542432,0,0,2896,270336,136,0,0,0,0,0,8040,0,0,0,0,0,0,0,0,2896,2896,0,104553,0,283110,270336,0,1019,0,136,284,0,0,0,0,24576
259,0,1,0,0,0,0,0,271216,8040,0,0,0,2905,0,0,0,0,0,8040,0,0,0,0,0,0,0,0,0,12,0,52166,0,101095,0,0,328,526,649,4713,0,0,6144,0,0
259,0,2,0,0,0,0,0,271216,0,0,0,0,414,6144,0,0,0,0,0,0,0,0,0,0,0,0,0,0,0,0,0,0,52312,61436,0,249,1161,882,857,0,0,6144,0,6144
259,0,3,0,0,0,0,0,271216,0,0,0,0,762,6144,0,0,0,0,0,0,0,0,0,0,0,0,0,0,0,0,0,0,0,60485,0,91,53,0,895,0,0,0,0,6144
259,0,4,0,0,0,0,0,271216,0,0,0,0,418,6144,0,0,0,0,0,0,0,0,0,0,0,0,0,0,0,0,0,0,0,61316,0,87,0,397,789,6144,0,0,0,6144
259,0,5,0,0,0,0,0,271216,0,0,0,0,414,6144,0,0,0,0,0,0,0,0,0,0,0,0,0,0,0,0,0,0,0,61316,1263,148,0,1,957,0,0,0,0,6144
259,0,6,0,0,0,0,0,271216,0,0,0,0,47,0,0,0,0,0,0,0,0,0,0,0,0,0,0,0,0,0,0,0,0,0,0,40,98,1,52,0,0,0,0,0
259,0,7,0,0,0,0,0,271216,0,0,0,0,53,0,0,0,0,0,0,0,0,0,0,0,0,0,0,0,0,0,0,0,0,0,0,107,39,0,140,0,0,0,0,0
259,0,8,0,0,0,0,0,271216,0,0,0,0,50,0,0,0,0,0,0,0,0,0,0,0,0,0,0,0,0,0,0,0,0,0,0,52,0,42,107,0,0,0,0,0
259,0,9,0,0,0,0,0,271216,0,0,0,0,47,0,0,0,0,0,0,0,0,0,0,0,0,0,0,0,0,0,0,0,0,0,365,42,0,0,53,0,0,0,0,0
259,0,10,0,0,0,0,0,271216,0,0,0,0,53,0,0,0,0,0,0,0,0,0,0,0,0,0,0,0,0,0,0,0,0,0,0,91,92,0,118,0,0,0,0,0
259,0,11,0,0,0,0,0,271216,0,0,0,0,53,0,0,0,0,0,0,0,0,0,0,0,0,0,0,0,0,0,0,0,0,0,0,40,39,0,94,0,0,0,0,0
259,0,12,0,0,0,0,0,271216,0,0,0,0,47,0,0,0,0,0,0,0,0,0,0,0,0,0,0,0,0,0,0,0,0,0,0,0,0,45,93,0,0,0,0,0
259,0,13,0,0,0,0,0,271216,0,0,0,0,53,0,0,0,0,0,0,0,0,0,0,0,0,0,0,0,0,0,0,0,0,0,178,0,0,0,109,0,0,0,0,0
259,0,14,0,0,0,0,0,271216,0,0,0,0,53,0,0,0,0,0,0,0,0,0,0,0,0,0,0,0,0,0,0,0,0,0,0,0,80,0,60,0,0,0,0,0
259,0,15,0,0,0,0,0,271216,0,0,0,0,41,0,0,0,0,0,0,0,0,0,0,0,0,0,0,0,0,0,0,0,0,0,0,0,39,0,91,0,0,0,0,0
260,0,0,0,0,0,0,0,542784,0,0,2896,270336,136,0,0,0,0,0,8040,0,0,0,0,0,0,0,0,2896,2896,0,104527,0,283119,270336,0,1019,0,136,284,0,0,0,0,24576
260,0,1,0,0,0,0,0,271392,8040,0,0,0,2906,0,0,0,0,0,8040,0,0,0,0,0,0,0,0,0,19,0,52158,0,101111,0,0,329,524,649,4736,0,0,6144,0,0
260,0,2,0,0,0,0,0,271392,0,0,0,0,423,6144,0,0,0,0,0,0,0,0,0,0,0,0,0,0,0,0,0,0,52334,61435,0,249,1141,874,873,0,0,6144,0,6144
260,0,3,0,0,0,0,0,271392,0,0,0,0,750,6144,0,0,0,0,0,0,0,0,0,0,0,0,0,0,0,0,0,0,0,60498,0,92,65,0,890,0,0,0,0,6144
260,0,4,0,0,0,0,0,271392,0,0,0,0,420,6144,0,0,0,0,0,0,0,0,0,0,0,0,0,0,0,0,0,0,0,61309,0,87,0,395,788,6144,0,0,0,6144
260,0,5,0,0,0,0,0,271392,0,0,0,0,418,6144,0,0,0,0,0,0,0,0,0,0,0,0,0,0,0,0,0,0,0,61316,1261,148,0,1,960,0,0,0,0,6144
260,0,6,0,0,0,0,0,271392,0,0,0,0,47,0,0,0,0,0,0,0,0,0,0,0,0,0,0,0,0,0,0,0,0,0,0,40,98,1,52,0,0,0,0,0
260,0,7,0,0,0,0,0,271392,0,0,0,0,53,0,0,0,0,0,0,0,0,0,0,0,0,0,0,0,0,0,0,0,0,0,0,106,39,0,140,0,0,0,0,0
260,0,8,0,0,0,0,0,271392,0,0,0,0,50,0,0,0,0,0,0,0,0,0,0,0,0,0,0,0,0,0,0,0,0,0,0,52,0,42,107,0,0,0,0,0
260,0,9,0,0,0,0,0,271392,0,0,0,0,47,0,0,0,0,0,0,0,0,0,0,0,0,0,0,0,0,0,0,0,0,0,365,42,0,0,53,0,0,0,0,0
260,0,10,0,0,0,0,0,271392,0,0,0,0,53,0,0,0,0,0,0,0,0,0,0,0,0,0,0,0,0,0,0,0,0,0,0,91,92,0,118,0,0,0,0,0
260,0,11,0,0,0,0,0,271392,0,0,0,0,53,0,0,0,0,0,0,0,0,0,0,0,0,0,0,0,0,0,0,0,0,0,0,41,39,0,94,0,0,0,0,0
260,0,12,0,0,0,0,0,271392,0,0,0,0,47,0,0,0,0,0,0,0,0,0,0,0,0,0,0,0,0,0,0,0,0,0,0,0,0,45,93,0,0,0,0,0
260,0,13,0,0,0,0,0,271392,0,0,0,0,53,0,0,0,0,0,0,0,0,0,0,0,0,0,0,0,0,0,0,0,0,0,178,0,0,0,109,0,0,0,0,0
260,0,14,0,0,0,0,0,271392,0,0,0,0,53,0,0,0,0,0,0,0,0,0,0,0,0,0,0,0,0,0,0,0,0,0,0,0,80,0,60,0,0,0,0,0
260,0,15,0,0,0,0,0,271392,0,0,0,0,41,0,0,0,0,0,0,0,0,0,0,0,0,0,0,0,0,0,0,0,0,0,0,0,39,0,90,0,0,0,0,0
261,0,0,0,0,0,0,0,542819,0,0,2896,270336,136,0,0,0,0,0,8037,0,0,0,0,0,0,0,0,2896,2896,0,104526,0,283118,270336,0,1019,0,136,284,0,0,0,0,24576
261,0,1,0,0,0,0,0,271409,8037,0,0,0,2909,0,0,0,0,0,8037,0,0,0,0,0,0,0,0,0,20,0,52157,0,101109,0,0,329,522,648,4749,0,0,6144,0,0
261,0,2,0,0,0,0,0,271409,0,0,0,0,424,6144,0,0,0,0,0,0,0,0,0,0,0,0,0,0,0,0,0,0,52335,61435,0,249,1137,874,875,0,0,6144,0,6144
261,0,3,0,0,0,0,0,271409,0,0,0,0,747,6144,0,0,0,0,0,0,0,0,0,0,0,0,0,0,0,0,0,0,0,60497,0,92,68,0,887,0,0,0,0,6144
261,0,4,0,0,0,0,0,271409,0,0,0,0,419,6144,0,0,0,0,0,0,0,0,0,0,0,0,0,0,0,0,0,0,0,61310,0,87,0,396,786,6144,0,0,0,6144
261,0,5,0,0,0,0,0,271409,0,0,0,0,424,6144,0,0,0,0,0,0,0,0,0,0,0,0,0,0,0,0,0,0,0,61317,1255,148,0,0,966,0,0,0,0,6144
261,0,6,0,0,0,0,0,271409,0,0,0,0,47,0,0,0,0,0,0,0,0,0,0,0,0,0,0,0,0,0,0,0,0,0,0,40,98,2,52,0,0,0,0,0
261,0,7,0,0,0,0,0,271409,0,0,0,0,53,0,0,0,0,0,0,0,0,0,0,0,0,0,0,0,0,0,0,0,0,0,0,105,39,0,140,0,0,0,0,0
261,0,8,0,0,0,0,0,271409,0,0,0,0,50,0,0,0,0,0,0,0,0,0,0,0,0,0,0,0,0,0,0,0,0,0,0,52,0,42,107,0,0,0,0,0
261,0,9,0,0,0,0,0,271409,0,0,0,0,47,0,0,0,0,0,0,0,0,0,0,0,0,0,0,0,0,0,0,0,0,0,365,42,0,0,53,0,0,0,0,0
261,0,10,0,0,0,0,0,271409,0,0,0,0,53,0,0,0,0,0,0,0,0,0,0,0,0,0,0,0,0,0,0,0,0,0,0,91,92,0,118,0,0,0,0,0
261,0,11,0,0,0,0,0,271409,0,0,0,0,53,0,0,0,0,0,0,0,0,0,0,0,0,0,0,0,0,0,0,0,0,0,0,42,39,0,94,0,0,0,0,0
261,0,12,0,0,0,0,0,271409,0,0,0,0,47,0,0,0,0,0,0,0,0,0,0,0,0,0,0,0,0,0,0,0,0,0,0,0,0,45,93,0,0,0,0,0
261,0,13,0,0,0,0,0,271409,0,0,0,0,53,0,0,0,0,0,0,0,0,0,0,0,0,0,0,0,0,0,0,0,0,0,178,0,0,0,109,0,0,0,0,0
261,0,14,0,0,0,0,0,271409,0,0,0,0,53,0,0,0,0,0,0,0,0,0,0,0,0,0,0,0,0,0,0,0,0,0,0,0,80,0,60,0,0,0,0,0
261,0,15,0,0,0,0,0,271409,0,0,0,0,41,0,0,0,0,0,0,0,0,0,0,0,0,0,0,0,0,0,0,0,0,0,0,0,39,0,89,0,0,0,0,0
262,0,0,0,0,0,0,0,745815,0,0,4020,405504,136,0,0,0,0,0,9735,0,0,0,0,0,0,0,0,4020,4020,0,104323,0,467422,405504,0,965,0,136,284,0,0,0,0,36864
262,0,1,0,0,0,0,0,372907,9735,0,0,0,3848,0,0,0,0,0,9735,0,0,0,0,0,0,0,0,0,670,0,52674,0,195314,0,0,309,387,990,6511,0,0,6144,0,0
262,0,2,0,0,0,0,0,372907,0,0,0,0,472,6144,0,0,0,0,0,0,0,0,0,0,0,0,0,0,0,0,53243,0,97381,61396,0,731,785,1162,1045,0,0,6144,0,6144
262,0,3,0,0,0,0,0,372907,0,0,0,0,496,6144,0,0,0,0,0,0,0,0,0,0,0,0,0,0,0,0,52729,0,0,61105,0,296,264,0,762,0,0,0,0,6144
262,0,4,0,0,0,0,0,372907,0,0,0,0,498,6144,0,0,0,0,0,0,0,0,0,0,0,0,0,0,0,0,0,0,0,61083,0,87,0,263,730,12288,0,0,0,6144
262,0,5,0,0,0,0,0,372907,0,0,0,0,503,6144,0,0,0,0,0,0,0,0,0,0,0,0,0,0,0,0,0,0,0,61363,1904,148,0,0,1011,0,0,6144,0,6144
262,0,6,0,0,0,0,0,372907,0,0,0,0,501,6144,0,0,0,0,0,0,0,0,0,0,0,0,0,0,0,0,0,0,0,61087,0,40,731,3,695,0,0,6144,0,6144
262,0,7,0,0,0,0,0,372907,0,0,0,0,473,6144,0,0,0,0,0,0,0,0,0,0,0,0,0,0,0,0,0,0,0,60578,0,104,288,0,1028,0,0,0,0,6144
262,0,8,0,0,0,0,0,372907,0,0,0,0,50,0,0,0,0,0,0,0,0,0,0,0,0,0,0,0,0,0,0,0,0,0,0,52,0,42,107,0,0,0,0,0
262,0,9,0,0,0,0,0,372907,0,0,0,0,47,0,0,0,0,0,0,0,0,0,0,0,0,0,0,0,0,0,0,0,0,0,365,42,0,0,53,0,0,0,0,0
262,0,10,0,0,0,0,0,372907,0,0,0,0,53,0,0,0,0,0,0,0,0,0,0,0,0,0,0,0,0,0,0,0,0,0,0,91,92,0,118,0,0,0,0,0
262,0,11,0,0,0,0,0,372907,0,0,0,0,53,0,0,0,0,0,0,0,0,0,0,0,0,0,0,0,0,0,0,0,0,0,0,45,39,0,94,0,0,0,0,0
262,0,12,0,0,0,0,0,372907,0,0,0,0,47,0,0,0,0,0,0,0,0,0,0,0,0,0,0,0,0,0,0,0,0,0,0,0,0,45,93,0,0,0,0,0
262,0,13,0,0,0,0,0,372907,0,0,0,0,53,0,0,0,0,0,0,0,0,0,0,0,0,0,0,0,0,0,0,0,0,0,178,0,0,0,109,0,0,0,0,0
262,0,14,0,0,0,0,0,372907,0,0,0,0,53,0,0,0,0,0,0,0,0,0,0,0,0,0,0,0,0,0,0,0,0,0,0,0,80,0,60,0,0,0,0,0
262,0,15,0,0,0,0,0,372907,0,0,0,0,41,0,0,0,0,0,0,0,0,0,0,0,0,0,0,0,0,0,0,0,0,0,0,0,39,0,88,0,0,0,0,0
263,0,0,0,0,0,0,0,746850,0,0,4032,405504,136,0,0,0,0,0,9756,0,0,0,0,0,0,0,0,4032,4032,0,104292,0,467276,405504,0,967,0,136,284,0,0,0,0,36864
263,0,1,0,0,0,0,0,373425,9756,0,0,0,3860,0,0,0,0,0,9756,0,0,0,0,0,0,0,0,0,673,0,52688,0,195265,0,0,310,381,995,6529,0,0,6144,0,0
263,0,2,0,0,0,0,0,373425,0,0,0,0,472,6144,0,0,0,0,0,0,0,0,0,0,0,0,0,0,0,0,53248,0,97369,61388,0,735,795,1165,1042,0,0,6144,0,6144
263,0,3,0,0,0,0,0,373425,0,0,0,0,506,6144,0,0,0,0,0,0,0,0,0,0,0,0,0,0,0,0,52720,0,0,61084,0,292,257,0,776,0,0,0,0,6144
263,0,4,0,0,0,0,0,373425,0,0,0,0,506,6144,0,0,0,0,0,0,0,0,0,0,0,0,0,0,0,0,0,0,0,61062,0,87,0,257,731,12288,0,0,0,6144
263,0,5,0,0,0,0,0,373425,0,0,0,0,504,6144,0,0,0,0,0,0,0,0,0,0,0,0,0,0,0,0,0,0,0,61366,1900,148,0,1,1013,0,0,6144,0,6144
263,0,6,0,0,0,0,0,373425,0,0,0,0,494,6144,0,0,0,0,0,0,0,0,0,0,0,0,0,0,0,0,0,0,0,61092,0,40,747,2,686,0,0,6144,0,6144
263,0,7,0,0,0,0,0,373425,0,0,0,0,480,6144,0,0,0,0,0,0,0,0,0,0,0,0,0,0,0,0,0,0,0,60577,0,107,283,0,1039,0,0,0,0,6144
263,0,8,0,0,0,0,0,373425,0,0,0,0,50,0,0,0,0,0,0,0,0,0,0,0,0,0,0,0,0,0,0,0,0,0,0,52,0,42,107,0,0,0,0,0
263,0,9,0,0,0,0,0,373425,0,0,0,0,47,0,0,0,0,0,0,0,0,0,0,0,0,0,0,0,0,0,0,0,0,0,365,42,0,0,53,0,0,0,0,0
263,0,10,0,0,0,0,0,373425,0,0,0,0,53,0,0,0,0,0,0,0,0,0,0,0,0,0,0,0,0,0,0,0,0,0,0,91,92,0,118,0,0,0,0,0
263,0,11,0,0,0,0,0,373425,0,0,0,0,53,0,0,0,0,0,0,0,0,0,0,0,0,0,0,0,0,0,0,0,0,0,0,42,39,0,94,0,0,0,0,0
263,0,12,0,0,0,0,0,373425,0,0,0,0,47,0,0,0,0,0,0,0,0,0,0,0,0,0,0,0,0,0,0,0,0,0,0,0,0,45,93,0,0,0,0,0
263,0,13,0,0,0,0,0,373425,0,0,0,0,53,0,0,0,0,0,0,0,0,0,0,0,0,0,0,0,0,0,0,0,0,0,178,0,0,0,109,0,0,0,0,0
263,0,14,0,0,0,0,0,373425,0,0,0,0,53,0,0,0,0,0,0,0,0,0,0,0,0,0,0,0,0,0,0,0,0,0,0,0,80,0,60,0,0,0,0,0
263,0,15,0,0,0,0,0,373425,0,0,0,0,41,0,0,0,0,0,0,0,0,0,0,0,0,0,0,0,0,0,0,0,0,0,0,0,39,0,91,0,0,0,0,0
264,0,0,0,0,0,0,0,746853,0,0,4032,405504,136,0,0,0,0,0,9756,0,0,0,0,0,0,0,0,4032,4032,0,104288,0,467214,405504,0,967,0,136,284,0,0,0,0,36864
264,0,1,0,0,0,0,0,373427,9756,0,0,0,3848,0,0,0,0,0,9756,0,0,0,0,0,0,0,0,0,672,0,52679,0,195245,0,0,314,385,999,6513,0,0,6144,0,0
264,0,2,0,0,0,0,0,373427,0,0,0,0,472,6144,0,0,0,0,0,0,0,0,0,0,0,0,0,0,0,0,53248,0,97366,61383,0,738,793,1157,1042,0,0,6144,0,6144
264,0,3,0,0,0,0,0,373427,0,0,0,0,502,6144,0,0,0,0,0,0,0,0,0,0,0,0,0,0,0,0,52722,0,0,61096,0,298,260,0,775,0,0,0,0,6144
264,0,4,0,0,0,0,0,373427,0,0,0,0,503,6144,0,0,0,0,0,0,0,0,0,0,0,0,0,0,0,0,0,0,0,61064,0,87,0,260,733,12288,0,0,0,6144
264,0,5,0,0,0,0,0,373427,0,0,0,0,496,6144,0,0,0,0,0,0,0,0,0,0,0,0,0,0,0,0,0,0,0,61367,1906,148,0,2,1001,0,0,6144,0,6144
264,0,6,0,0,0,0,0,373427,0,0,0,0,489,6144,0,0,0,0,0,0,0,0,0,0,0,0,0,0,0,0,0,0,0,61095,0,40,745,0,678,0,0,6144,0,6144
264,0,7,0,0,0,0,0,373427,0,0,0,0,471,6144,0,0,0,0,0,0,0,0,0,0,0,0,0,0,0,0,0,0,0,60568,0,108,291,0,1026,0,0,0,0,6144
264,0,8,0,0,0,0,0,373427,0,0,0,0,50,0,0,0,0,0,0,0,0,0,0,0,0,0,0,0,0,0,0,0,0,0,0,52,0,42,107,0,0,0,0,0
264,0,9,0,0,0,0,0,373427,0,0,0,0,47,0,0,0,0,0,0,0,0,0,0,0,0,0,0,0,0,0,0,0,0,0,365,42,0,0,53,0,0,0,0,0
264,0,10,0,0,0,0,0,373427,0,0,0,0,53,0,0,0,0,0,0,0,0,0,0,0,0,0,0,0,0,0,0,0,0,0,0,91,92,0,118,0,0,0,0,0
264,0,11,0,0,0,0,0,373427,0,0,0,0,53,0,0,0,0,0,0,0,0,0,0,0,0,0,0,0,0,0,0,0,0,0,0,41,39,0,94,0,0,0,0,0
264,0,12,0,0,0,0,0,373427,0,0,0,0,47,0,0,0,0,0,0,0,0,0,0,0,0,0,0,0,0,0,0,0,0,0,0,0,0,45,93,0,0,0,0,0
264,0,13,0,0,0,0,0,373427,0,0,0,0,53,0,0,0,0,0,0,0,0,0,0,0,0,0,0,0,0,0,0,0,0,0,178,0,0,0,109,0,0,0,0,0
264,0,14,0,0,0,0,0,373427,0,0,0,0,53,0,0,0,0,0,0,0,0,0,0,0,0,0,0,0,0,0,0,0,0,0,0,0,80,0,60,0,0,0,0,0
264,0,15,0,0,0,0,0,373427,0,0,0,0,41,0,0,0,0,0,0,0,0,0,0,0,0,0,0,0,0,0,0,0,0,0,0,0,39,0,92,0,0,0,0,0
265,0,0,0,0,0,0,0,934888,0,0,5472,540672,136,0,0,0,0,0,11928,0,0,0,0,0,0,0,0,5472,5472,0,194214,0,537833,540672,0,1664,0,136,284,0,0,0,0,49152
265,0,1,0,0,0,0,0,467444,11928,0,0,0,5191,0,0,0,0,0,11928,0,0,0,0,0,0,0,0,0,2046,0,103755,0,189395,0,0,426,187,1184,8634,0,0,6144,0,0
265,0,2,0,0,0,0,0,467444,0,0,0,0,556,6144,0,0,0,0,0,0,0,0,0,0,0,0,0,0,0,0,51193,0,97607,61104,0,597,774,1306,982,0,0,6144,0,6144
265,0,3,0,0,0,0,0,467444,0,0,0,0,557,6144,0,0,0,0,0,0,0,0,0,0,0,0,0,0,0,0,50849,0,0,61093,0,406,218,0,596,0,0,0,0,6144
265,0,4,0,0,0,0,0,467444,0,0,0,0,556,6144,0,0,0,0,0,0,0,0,0,0,0,0,0,0,0,0,52900,0,0,61433,0,97,0,219,577,18432,0,0,0,6144
265,0,5,0,0,0,0,0,467444,0,0,0,0,558,6144,0,0,0,0,0,0,0,0,0,0,0,0,0,0,0,0,53238,0,0,61440,2583,824,0,0,972,0,0,6144,0,6144
265,0,6,0,0,0,0,0,467444,0,0,0,0,556,6144,0,0,0,0,0,0,0,0,0,0,0,0,0,0,0,0,0,0,0,61433,0,40,781,3,898,0,0,6144,0,6144
265,0,7,0,0,0,0,0,467444,0,0,0,0,564,6144,0,0,0,0,0,0,0,0,0,0,0,0,0,0,0,0,0,0,0,61092,0,106,211,0,1021,0,0,0,0,6144
265,0,8,0,0,0,0,0,467444,0,0,0,0,557,6144,0,0,0,0,0,0,0,0,0,0,0,0,0,0,0,0,0,0,0,61095,0,52,0,218,1289,6144,0,0,0,6144
265,0,9,0,0,0,0,0,467444,0,0,0,0,556,6144,0,0,0,0,0,0,0,0,0,0,0,0,0,0,0,0,0,0,0,61092,1045,42,0,1,571,0,0,0,0,6144
265,0,10,0,0,0,0,0,467444,0,0,0,0,53,0,0,0,0,0,0,0,0,0,0,0,0,0,0,0,0,0,0,0,0,0,0,91,92,1,118,0,0,0,0,0
265,0,11,0,0,0,0,0,467444,0,0,0,0,53,0,0,0,0,0,0,0,0,0,0,0,0,0,0,0,0,0,0,0,0,0,0,44,39,0,94,0,0,0,0,0
265,0,12,0,0,0,0,0,467444,0,0,0,0,47,0,0,0,0,0,0,0,0,0,0,0,0,0,0,0,0,0,0,0,0,0,0,0,0,45,93,0,0,0,0,0
265,0,13,0,0,0,0,0,467444,0,0,0,0,53,0,0,0,0,0,0,0,0,0,0,0,0,0,0,0,0,0,0,0,0,0,178,0,0,0,109,0,0,0,0,0
265,0,14,0,0,0,0,0,467444,0,0,0,0,53,0,0,0,0,0,0,0,0,0,0,0,0,0,0,0,0,0,0,0,0,0,0,0,80,0,60,0,0,0,0,0
265,0,15,0,0,0,0,0,467444,0,0,0,0,41,0,0,0,0,0,0,0,0,0,0,0,0,0,0,0,0,0,0,0,0,0,0,0,39,0,91,0,0,0,0,0
266,0,0,0,0,0,0,0,935890,0,0,5456,540672,136,0,0,0,0,0,11901,0,0,0,0,0,0,0,0,5456,5456,0,194139,0,537941,540672,0,1660,0,136,284,0,0,0,0,49152
266,0,1,0,0,0,0,0,467945,11901,0,0,0,5149,0,0,0,0,0,11901,0,0,0,0,0,0,0,0,0,1974,0,103796,0,189305,0,0,453,239,1131,8573,0,0,6144,0,0
266,0,2,0,0,0,0,0,467945,0,0,0,0,556,6144,0,0,0,0,0,0,0,0,0,0,0,0,0,0,0,0,51148,0,97571,61132,0,620,771,1303,1006,0,0,6144,0,6144
266,0,3,0,0,0,0,0,467945,0,0,0,0,554,6144,0,0,0,0,0,0,0,0,0,0,0,0,0,0,0,0,50819,0,0,61084,0,384,218,0,615,0,0,0,0,6144
266,0,4,0,0,0,0,0,467945,0,0,0,0,548,6144,0,0,0,0,0,0,0,0,0,0,0,0,0,0,0,0,52880,0,0,61408,0,122,0,225,597,18432,0,0,0,6144
266,0,5,0,0,0,0,0,467945,0,0,0,0,546,6144,0,0,0,0,0,0,0,0,0,0,0,0,0,0,0,0,53217,0,0,61440,2589,782,0,1,971,0,0,6144,0,6144
266,0,6,0,0,0,0,0,467945,0,0,0,0,550,6144,0,0,0,0,0,0,0,0,0,0,0,0,0,0,0,0,0,0,0,61407,0,40,773,2,867,0,0,6144,0,6144
266,0,7,0,0,0,0,0,467945,0,0,0,0,552,6144,0,0,0,0,0,0,0,0,0,0,0,0,0,0,0,0,0,0,0,61072,0,105,221,0,1031,0,0,0,0,6144
266,0,8,0,0,0,0,0,467945,0,0,0,0,550,6144,0,0,0,0,0,0,0,0,0,0,0,0,0,0,0,0,0,0,0,61072,0,52,0,223,1255,6144,0,0,0,6144
266,0,9,0,0,0,0,0,467945,0,0,0,0,553,6144,0,0,0,0,0,0,0,0,0,0,0,0,0,0,0,0,0,0,0,61081,1040,42,0,0,608,0,0,0,0,6144
266,0,10,0,0,0,0,0,467945,0,0,0,0,53,0,0,0,0,0,0,0,0,0,0,0,0,0,0,0,0,0,0,0,0,0,0,91,92,2,118,0,0,0,0,0
266,0,11,0,0,0,0,0,467945,0,0,0,0,53,0,0,0,0,0,0,0,0,0,0,0,0,0,0,0,0,0,0,0,0,0,0,44,39,0,94,0,0,0,0,0
266,0,12,0,0,0,0,0,467945,0,0,0,0,47,0,0,0,0,0,0,0,0,0,0,0,0,0,0,0,0,0,0,0,0,0,0,0,0,45,93,0,0,0,0,0
266,0,13,0,0,0,0,0,467945,0,0,0,0,53,0,0,0,0,0,0,0,0,0,0,0,0,0,0,0,0,0,0,0,0,0,178,0,0,0,109,0,0,0,0,0
266,0,14,0,0,0,0,0,467945,0,0,0,0,53,0,0,0,0,0,0,0,0,0,0,0,0,0,0,0,0,0,0,0,0,0,0,0,80,0,60,0,0,0,0,0
266,0,15,0,0,0,0,0,467945,0,0,0,0,41,0,0,0,0,0,0,0,0,0,0,0,0,0,0,0,0,0,0,0,0,0,0,0,39,0,91,0,0,0,0,0
267,0,0,0,0,0,0,0,935758,0,0,5472,540672,136,0,0,0,0,0,11928,0,0,0,0,0,0,0,0,5472,5472,0,194176,0,537877,540672,0,1664,0,136,284,0,0,0,0,49152
267,0,1,0,0,0,0,0,467879,11928,0,0,0,5186,0,0,0,0,0,11928,0,0,0,0,0,0,0,0,0,2042,0,103761,0,189384,0,0,433,196,1173,8623,0,0,6144,0,0
267,0,2,0,0,0,0,0,467879,0,0,0,0,553,6144,0,0,0,0,0,0,0,0,0,0,0,0,0,0,0,0,51176,0,97616,61108,0,605,778,1300,987,0,0,6144,0,6144
267,0,3,0,0,0,0,0,467879,0,0,0,0,556,6144,0,0,0,0,0,0,0,0,0,0,0,0,0,0,0,0,50855,0,0,61093,0,407,218,0,601,0,0,0,0,6144
267,0,4,0,0,0,0,0,467879,0,0,0,0,553,6144,0,0,0,0,0,0,0,0,0,0,0,0,0,0,0,0,52884,0,0,61426,0,102,0,222,579,18432,0,0,0,6144
267,0,5,0,0,0,0,0,467879,0,0,0,0,554,6144,0,0,0,0,0,0,0,0,0,0,0,0,0,0,0,0,53233,0,0,61440,2585,817,0,1,968,0,0,6144,0,6144
267,0,6,0,0,0,0,0,467879,0,0,0,0,558,6144,0,0,0,0,0,0,0,0,0,0,0,0,0,0,0,0,0,0,0,61423,0,40,776,2,892,0,0,6144,0,6144
267,0,7,0,0,0,0,0,467879,0,0,0,0,560,6144,0,0,0,0,0,0,0,0,0,0,0,0,0,0,0,0,0,0,0,61095,0,106,214,0,1018,0,0,0,0,6144
267,0,8,0,0,0,0,0,467879,0,0,0,0,556,6144,0,0,0,0,0,0,0,0,0,0,0,0,0,0,0,0,0,0,0,61078,0,52,0,219,1283,6144,0,0,0,6144
267,0,9,0,0,0,0,0,467879,0,0,0,0,551,6144,0,0,0,0,0,0,0,0,0,0,0,0,0,0,0,0,0,0,0,61085,1048,42,0,2,573,0,0,0,0,6144
267,0,10,0,0,0,0,0,467879,0,0,0,0,53,0,0,0,0,0,0,0,0,0,0,0,0,0,0,0,0,0,0,0,0,0,0,91,92,0,118,0,0,0,0,0
267,0,11,0,0,0,0,0,467879,0,0,0,0,53,0,0,0,0,0,0,0,0,0,0,0,0,0,0,0,0,0,0,0,0,0,0,45,39,0,94,0,0,0,0,0
267,0,12,0,0,0,0,0,467879,0,0,0,0,47,0,0,0,0,0,0,0,0,0,0,0,0,0,0,0,0,0,0,0,0,0,0,0,0,45,93,0,0,0,0,0
267,0,13,0,0,0,0,0,467879,0,0,0,0,53,0,0,0,0,0,0,0,0,0,0,0,0,0,0,0,0,0,0,0,0,0,178,0,0,0,109,0,0,0,0,0
267,0,14,0,0,0,0,0,467879,0,0,0,0,53,0,0,0,0,0,0,0,0,0,0,0,0,0,0,0,0,0,0,0,0,0,0,0,80,0,60,0,0,0,0,0
267,0,15,0,0,0,0,0,467879,0,0,0,0,41,0,0,0,0,0,0,0,0,0,0,0,0,0,0,0,0,0,0,0,0,0,0,0,39,0,90,0,0,0,0,0
268,0,0,0,0,0,0,0,1135046,0,0,6620,675840,136,0,0,0,0,0,13662,0,0,0,0,0,0,0,0,6620,6620,0,191751,0,704951,675840,0,1620,0,136,284,0,0,0,0,62009
268,0,1,0,0,0,0,0,567523,13662,0,0,0,5486,0,0,0,0,0,13662,0,0,0,0,0,0,0,0,0,2681,0,104046,0,267724,0,0,524,603,1525,9499,0,0,6144,0,0
268,0,2,0,0,0,0,0,567523,0,0,0,0,474,6144,0,0,0,0,0,0,0,0,0,0,0,0,0,0,0,0,96081,0,132405,61081,0,1132,761,1576,992,0,0,6144,0,6144
268,0,3,0,0,0,0,0,567523,0,0,0,0,484,6144,0,0,0,0,0,0,0,0,0,0,0,0,0,0,0,0,96046,0,0,61024,0,558,269,0,720,0,0,0,0,6144
268,0,4,0,0,0,0,0,567523,0,0,0,0,485,6144,0,0,0,0,0,0,0,0,0,0,0,0,0,0,0,0,51058,0,0,61034,0,292,0,268,728,24576,0,0,0,6144
268,0,5,0,0,0,0,0,567523,0,0,0,0,495,6144,0,0,0,0,0,0,0,0,0,0,0,0,0,0,0,0,53170,0,0,61354,3170,594,0,1,997,0,0,6144,0,6144
268,0,6,0,0,0,0,0,567523,0,0,0,0,473,6144,0,0,0,0,0,0,0,0,0,0,0,0,0,0,0,0,51151,0,0,61362,0,253,769,1,708,0,0,6144,0,6144
268,0,7,0,0,0,0,0,567523,0,0,0,0,490,6144,0,0,0,0,0,0,0,0,0,0,0,0,0,0,0,0,51110,0,0,60987,0,558,263,0,986,0,0,0,0,6144
268,0,8,0,0,0,0,0,567523,0,0,0,0,476,6144,0,0,0,0,0,0,0,0,0,0,0,0,0,0,0,0,0,0,0,60956,0,52,0,277,991,12288,0,0,0,6144
268,0,9,0,0,0,0,0,567523,0,0,0,0,469,6144,0,0,0,0,0,0,0,0,0,0,0,0,0,0,0,0,0,0,0,61053,1671,42,0,1,692,0,0,6144,0,6144
268,0,10,0,0,0,0,0,567523,0,0,0,0,482,6144,0,0,0,0,0,0,0,0,0,0,0,0,0,0,0,0,0,0,0,61436,0,91,770,1,997,0,0,6144,0,6144
268,0,11,0,0,0,0,0,567523,0,0,0,0,500,6144,0,0,0,0,0,0,0,0,0,0,0,0,0,0,0,0,0,0,0,61427,0,43,253,0,754,0,0,0,0,6144
268,0,12,0,0,0,0,0,567523,0,0,0,0,47,0,0,0,0,0,0,0,0,0,0,0,0,0,0,0,0,0,0,0,0,0,0,0,0,45,93,0,0,0,0,0
268,0,13,0,0,0,0,0,567523,0,0,0,0,53,0,0,0,0,0,0,0,0,0,0,0,0,0,0,0,0,0,0,0,0,0,178,0,0,0,109,0,0,0,0,0
268,0,14,0,0,0,0,0,567523,0,0,0,0,53,0,0,0,0,0,0,0,0,0,0,0,0,0,0,0,0,0,0,0,0,0,0,0,80,0,60,0,0,0,0,0
268,0,15,0,0,0,0,0,567523,0,0,0,0,41,0,0,0,0,0,0,0,0,0,0,0,0,0,0,0,0,0,0,0,0,0,0,0,39,0,94,0,0,0,0,0
269,0,0,0,0,0,0,0,1151974,0,0,6580,675840,136,0,0,0,0,0,13602,0,0,0,0,0,0,0,0,6580,6580,0,194820,0,721305,675840,0,1612,0,136,284,0,0,0,0,62352
269,0,1,0,0,0,0,0,575987,13602,0,0,0,5433,0,0,0,0,0,13602,0,0,0,0,0,0,0,0,0,3029,0,104413,0,280316,0,0,572,657,1436,9676,0,0,6144,0,0
269,0,2,0,0,0,0,0,575987,0,0,0,0,432,6144,0,0,0,0,0,0,0,0,0,0,0,0,0,0,0,0,95821,0,147384,61434,0,1228,849,1566,928,0,0,6144,0,6144
269,0,3,0,0,0,0,0,575987,0,0,0,0,533,6144,0,0,0,0,0,0,0,0,0,0,0,0,0,0,0,0,101881,0,0,61357,0,540,216,0,785,0,0,0,0,6144
269,0,4,0,0,0,0,0,575987,0,0,0,0,478,6144,0,0,0,0,0,0,0,0,0,0,0,0,0,0,0,0,53009,0,0,61372,0,258,0,271,809,24576,0,0,0,6144
269,0,5,0,0,0,0,0,575987,0,0,0,0,534,6144,0,0,0,0,0,0,0,0,0,0,0,0,0,0,0,0,53246,0,0,61183,2812,563,0,1,1011,0,0,6144,0,6144
269,0,6,0,0,0,0,0,575987,0,0,0,0,521,6144,0,0,0,0,0,0,0,0,0,0,0,0,0,0,0,0,52834,0,0,61432,0,210,761,1,695,0,0,6144,0,6144
269,0,7,0,0,0,0,0,575987,0,0,0,0,534,6144,0,0,0,0,0,0,0,0,0,0,0,0,0,0,0,0,53016,0,0,60985,0,523,215,0,1075,0,0,0,0,6144
269,0,8,0,0,0,0,0,575987,0,0,0,0,635,6144,0,0,0,0,0,0,0,0,0,0,0,0,0,0,0,0,0,0,0,61242,0,52,0,114,1180,12288,0,0,0,6144
269,0,9,0,0,0,0,0,575987,0,0,0,0,430,6144,0,0,0,0,0,0,0,0,0,0,0,0,0,0,0,0,0,0,0,60992,1963,42,0,1,680,0,0,6144,0,6144
269,0,10,0,0,0,0,0,575987,0,0,0,0,527,6144,0,0,0,0,0,0,0,0,0,0,0,0,0,0,0,0,0,0,0,60995,0,91,664,1,1081,0,0,6144,0,6144
269,0,11,0,0,0,0,0,575987,0,0,0,0,442,6144,0,0,0,0,0,0,0,0,0,0,0,0,0,0,0,0,0,0,0,60855,0,45,306,0,726,0,0,0,0,6144
269,0,12,0,0,0,0,0,575987,0,0,0,0,47,0,0,0,0,0,0,0,0,0,0,0,0,0,0,0,0,0,0,0,0,0,0,0,0,45,93,0,0,0,0,0
269,0,13,0,0,0,0,0,575987,0,0,0,0,53,0,0,0,0,0,0,0,0,0,0,0,0,0,0,0,0,0,0,0,0,0,178,0,0,0,109,0,0,0,0,0
269,0,14,0,0,0,0,0,575987,0,0,0,0,53,0,0,0,0,0,0,0,0,0,0,0,0,0,0,0,0,0,0,0,0,0,0,0,80,0,60,0,0,0,0,0
269,0,15,0,0,0,0,0,575987,0,0,0,0,41,0,0,0,0,0,0,0,0,0,0,0,0,0,0,0,0,0,0,0,0,0,0,0,39,0,92,0,0,0,0,0
270,0,0,0,0,0,0,0,1125647,0,0,6560,675840,136,0,0,0,0,0,13572,0,0,0,0,0,0,0,0,6560,6560,0,191876,0,700300,675840,0,1608,0,136,284,0,0,0,0,61854
270,0,1,0,0,0,0,0,562824,13572,0,0,0,5637,0,0,0,0,0,13572,0,0,0,0,0,0,0,0,0,3304,0,101975,0,272006,0,0,479,695,1267,9768,0,0,6144,0,0
270,0,2,0,0,0,0,0,562824,0,0,0,0,456,6144,0,0,0,0,0,0,0,0,0,0,0,0,0,0,0,0,95992,0,134438,61327,0,1161,755,1703,1039,0,0,6144,0,6144
270,0,3,0,0,0,0,0,562824,0,0,0,0,464,6144,0,0,0,0,0,0,0,0,0,0,0,0,0,0,0,0,97714,0,0,61016,0,431,282,0,683,0,0,0,0,6144
270,0,4,0,0,0,0,0,562824,0,0,0,0,482,6144,0,0,0,0,0,0,0,0,0,0,0,0,0,0,0,0,50730,0,0,60973,0,332,0,265,777,24576,0,0,0,6144
270,0,5,0,0,0,0,0,562824,0,0,0,0,536,6144,0,0,0,0,0,0,0,0,0,0,0,0,0,0,0,0,51209,0,0,61364,2998,657,0,1,1008,0,0,6144,0,6144
270,0,6,0,0,0,0,0,562824,0,0,0,0,443,6144,0,0,0,0,0,0,0,0,0,0,0,0,0,0,0,0,51120,0,0,61418,0,265,789,1,625,0,0,6144,0,6144
270,0,7,0,0,0,0,0,562824,0,0,0,0,486,6144,0,0,0,0,0,0,0,0,0,0,0,0,0,0,0,0,53071,0,0,60935,0,599,261,0,1056,0,0,0,0,6144
270,0,8,0,0,0,0,0,562824,0,0,0,0,571,6144,0,0,0,0,0,0,0,0,0,0,0,0,0,0,0,0,0,0,0,61375,0,52,0,176,1040,12288,0,0,0,6144
270,0,9,0,0,0,0,0,562824,0,0,0,0,504,6144,0,0,0,0,0,0,0,0,0,0,0,0,0,0,0,0,0,0,0,61096,1737,42,0,1,658,0,0,6144,0,6144
270,0,10,0,0,0,0,0,562824,0,0,0,0,487,6144,0,0,0,0,0,0,0,0,0,0,0,0,0,0,0,0,0,0,0,61437,0,91,746,1,984,0,0,6144,0,6144
270,0,11,0,0,0,0,0,562824,0,0,0,0,487,6144,0,0,0,0,0,0,0,0,0,0,0,0,0,0,0,0,0,0,0,61399,0,45,260,0,692,0,0,0,0,6144
270,0,12,0,0,0,0,0,562824,0,0,0,0,47,0,0,0,0,0,0,0,0,0,0,0,0,0,0,0,0,0,0,0,0,0,0,0,0,45,93,0,0,0,0,0
270,0,13,0,0,0,0,0,562824,0,0,0,0,53,0,0,0,0,0,0,0,0,0,0,0,0,0,0,0,0,0,0,0,0,0,178,0,0,0,109,0,0,0,0,0
270,0,14,0,0,0,0,0,562824,0,0,0,0,53,0,0,0,0,0,0,0,0,0,0,0,0,0,0,0,0,0,0,0,0,0,0,0,80,0,60,0,0,0,0,0
270,0,15,0,0,0,0,0,562824,0,0,0,0,41,0,0,0,0,0,0,0,0,0,0,0,0,0,0,0,0,0,0,0,0,0,0,0,39,0,92,0,0,0,0,0
271,0,0,0,0,0,0,0,1413876,0,0,8244,878592,136,0,0,0,0,0,16113,0,0,0,0,0,0,0,0,8244,8244,0,266872,0,872305,878592,0,2201,0,136,284,0,0,0,0,1126393
271,0,1,0,0,0,0,0,706938,16113,0,0,0,6431,0,0,0,0,0,16113,0,0,0,0,0,0,0,0,0,3067,0,141722,0,323187,0,0,822,799,1713,11196,0,0,6144,0,0
271,0,2,0,0,0,0,0,706938,0,0,0,0,451,6144,0,0,0,0,0,0,0,0,0,0,0,0,0,0,0,0,144633,0,149570,61324,0,1453,758,1527,974,0,0,6144,0,6144
271,0,3,0,0,0,0,0,706938,0,0,0,0,488,6144,0,0,0,0,0,0,0,0,0,0,0,0,0,0,0,0,103509,0,0,61035,0,541,235,0,706,0,0,0,0,6144
271,0,4,0,0,0,0,0,706938,0,0,0,0,459,6144,0,0,0,0,0,0,0,0,0,0,0,0,0,0,0,0,95757,0,0,61300,0,495,0,266,694,29177,0,0,0,6144
271,0,5,0,0,0,0,0,706938,0,0,0,0,497,6144,0,0,0,0,0,0,0,0,0,0,0,0,0,0,0,0,98123,0,0,61336,4039,943,0,1,933,0,0,6144,0,6144
271,0,6,0,0,0,0,0,706938,0,0,0,0,478,6144,0,0,0,0,0,0,0,0,0,0,0,0,0,0,0,0,102791,0,0,61408,0,511,701,1,713,0,0,6144,0,6144
271,0,7,0,0,0,0,0,706938,0,0,0,0,454,6144,0,0,0,0,0,0,0,0,0,0,0,0,0,0,0,0,52862,0,0,61317,0,525,272,0,947,0,0,0,0,6144
271,0,8,0,0,0,0,0,706938,0,0,0,0,487,6144,0,0,0,0,0,0,0,0,0,0,0,0,0,0,0,0,52170,0,0,60113,0,481,0,240,979,24575,0,0,0,6144
271,0,9,0,0,0,0,0,706938,0,0,0,0,467,6144,0,0,0,0,0,0,0,0,0,0,0,0,0,0,0,0,52072,0,0,61403,2548,292,0,0,700,0,0,6144,0,6144
271,0,10,0,0,0,0,0,706938,0,0,0,0,510,6144,0,0,0,0,0,0,0,0,0,0,0,0,0,0,0,0,53168,0,0,61420,0,494,671,3,971,0,0,6144,0,6144
271,0,11,0,0,0,0,0,706938,0,0,0,0,458,6144,0,0,0,0,0,0,0,0,0,0,0,0,0,0,0,0,0,0,0,61361,0,40,267,0,718,0,0,0,0,6144
271,0,12,0,0,0,0,0,706938,0,0,0,0,449,6144,0,0,0,0,0,0,0,0,0,0,0,0,0,0,0,0,0,0,0,60433,0,0,0,276,701,6144,0,0,0,6144
271,0,13,0,0,0,0,0,706938,0,0,0,0,471,6144,0,0,0,0,0,0,0,0,0,0,0,0,0,0,0,0,0,0,0,61309,1228,0,0,0,912,0,0,6144,0,6144
271,0,14,0,0,0,0,0,706938,0,0,0,0,486,6144,0,0,0,0,0,0,0,0,0,0,0,0,0,0,0,0,0,0,0,61078,0,0,279,3,725,0,0,0,0,6144
271,0,15,0,0,0,0,0,706938,0,0,0,0,41,0,0,0,0,0,0,0,0,0,0,0,0,0,0,0,0,0,0,0,0,0,0,0,39,0,97,0,0,0,0,0
272,0,0,0,0,0,0,0,1355143,0,0,8216,878592,136,0,0,0,0,0,16071,0,0,0,0,0,0,0,0,8216,8216,0,268096,0,818243,878592,0,2193,0,136,284,0,0,0,0,1053680
272,0,1,0,0,0,0,0,677571,16071,0,0,0,6761,0,0,0,0,0,16071,0,0,0,0,0,0,0,0,0,3982,0,139761,0,298447,0,0,650,803,1523,11427,0,0,6144,0,0
272,0,2,0,0,0,0,0,677571,0,0,0,0,513,6144,0,0,0,0,0,0,0,0,0,0,0,0,0,0,0,0,131125,0,135278,61395,0,1517,725,1620,1056,0,0,6144,0,6144
272,0,3,0,0,0,0,0,677571,0,0,0,0,516,6144,0,0,0,0,0,0,0,0,0,0,0,0,0,0,0,0,96072,0,0,61401,0,487,207,0,689,0,0,0,0,6144
272,0,4,0,0,0,0,0,677571,0,0,0,0,509,6144,0,0,0,0,0,0,0,0,0,0,0,0,0,0,0,0,98201,0,0,61432,0,489,0,214,755,29301,0,0,0,6144
272,0,5,0,0,0,0,0,677571,0,0,0,0,512,6144,0,0,0,0,0,0,0,0,0,0,0,0,0,0,0,0,96537,0,0,61143,4143,1011,0,0,1044,0,0,6144,0,6144
272,0,6,0,0,0,0,0,677571,0,0,0,0,514,6144,0,0,0,0,0,0,0,0,0,0,0,0,0,0,0,0,96243,0,0,61436,0,440,732,2,750,0,0,6144,0,6144
272,0,7,0,0,0,0,0,677571,0,0,0,0,524,6144,0,0,0,0,0,0,0,0,0,0,0,0,0,0,0,0,53223,0,0,61284,0,507,199,0,1081,0,0,0,0,6144
272,0,8,0,0,0,0,0,677571,0,0,0,0,519,6144,0,0,0,0,0,0,0,0,0,0,0,0,0,0,0,0,53190,0,0,61413,0,520,0,204,972,24576,0,0,0,6144
272,0,9,0,0,0,0,0,677571,0,0,0,0,512,6144,0,0,0,0,0,0,0,0,0,0,0,0,0,0,0,0,53024,0,0,61432,2423,278,0,0,685,0,0,6144,0,6144
272,0,10,0,0,0,0,0,677571,0,0,0,0,515,6144,0,0,0,0,0,0,0,0,0,0,0,0,0,0,0,0,51225,0,0,61437,0,559,725,3,978,0,0,6144,0,6144
272,0,11,0,0,0,0,0,677571,0,0,0,0,519,6144,0,0,0,0,0,0,0,0,0,0,0,0,0,0,0,0,0,0,0,61347,0,43,204,0,792,0,0,0,0,6144
272,0,12,0,0,0,0,0,677571,0,0,0,0,513,6144,0,0,0,0,0,0,0,0,0,0,0,0,0,0,0,0,0,0,0,61369,0,0,0,210,724,6144,0,0,0,6144
272,0,13,0,0,0,0,0,677571,0,0,0,0,521,6144,0,0,0,0,0,0,0,0,0,0,0,0,0,0,0,0,0,0,0,59698,1272,0,0,1,974,0,0,6144,0,6144
272,0,14,0,0,0,0,0,677571,0,0,0,0,519,6144,0,0,0,0,0,0,0,0,0,0,0,0,0,0,0,0,0,0,0,61411,0,0,244,2,691,0,0,0,0,6144
272,0,15,0,0,0,0,0,677571,0,0,0,0,41,0,0,0,0,0,0,0,0,0,0,0,0,0,0,0,0,0,0,0,0,0,0,0,39,0,95,0,0,0,0,0
273,0,0,0,0,0,0,0,1389029,0,0,8216,878592,136,0,0,0,0,0,16071,0,0,0,0,0,0,0,0,8216,8216,0,266237,0,848575,878592,0,2193,0,136,284,0,0,0,0,1088929
273,0,1,0,0,0,0,0,694514,16071,0,0,0,6319,0,0,0,0,0,16071,0,0,0,0,0,0,0,0,0,2301,0,140880,0,302882,0,0,766,896,1756,10975,0,0,6151,0,0
273,0,2,0,0,0,0,0,694514,0,0,0,0,475,6144,0,0,0,0,0,0,0,0,0,0,0,0,0,0,0,0,132352,0,142694,60701,0,1432,771,1476,1014,0,0,6144,0,6144
273,0,3,0,0,0,0,0,694514,0,0,0,0,524,6144,0,0,0,0,0,0,0,0,0,0,0,0,0,0,0,0,97070,0,0,61370,0,556,199,0,772,0,0,0,0,6144
273,0,4,0,0,0,0,0,694514,0,0,0,0,449,6144,0,0,0,0,0,0,0,0,0,0,0,0,0,0,0,0,97959,0,0,61156,0,576,0,274,701,33744,0,0,0,6144
273,0,5,0,0,0,0,0,694514,0,0,0,0,472,6144,0,0,0,0,0,0,0,0,0,0,0,0,0,0,0,0,98262,0,0,61358,4107,959,0,1,940,0,0,6144,0,6144
273,0,6,0,0,0,0,0,694514,0,0,0,0,489,6144,0,0,0,0,0,0,0,0,0,0,0,0,0,0,0,0,94749,0,0,61438,0,523,687,1,727,0,0,6144,0,6144
273,0,7,0,0,0,0,0,694514,0,0,0,0,454,6144,0,0,0,0,0,0,0,0,0,0,0,0,0,0,0,0,52853,0,0,61391,0,502,269,0,948,0,0,0,0,6144
273,0,8,0,0,0,0,0,694514,0,0,0,0,471,6144,0,0,0,0,0,0,0,0,0,0,0,0,0,0,0,0,51723,0,0,61236,0,452,0,252,905,24576,0,0,0,6144
273,0,9,0,0,0,0,0,694514,0,0,0,0,461,6144,0,0,0,0,0,0,0,0,0,0,0,0,0,0,0,0,51164,0,0,61390,2483,280,0,1,684,0,0,6144,0,6144
273,0,10,0,0,0,0,0,694514,0,0,0,0,483,6144,0,0,0,0,0,0,0,0,0,0,0,0,0,0,0,0,52351,0,0,61419,0,492,722,1,930,0,0,6144,0,6144
273,0,11,0,0,0,0,0,694514,0,0,0,0,483,6144,0,0,0,0,0,0,0,0,0,0,0,0,0,0,0,0,0,0,0,60316,0,44,240,0,762,0,0,0,0,6144
273,0,12,0,0,0,0,0,694514,0,0,0,0,472,6144,0,0,0,0,0,0,0,0,0,0,0,0,0,0,0,0,0,0,0,61326,0,0,0,251,751,6144,0,0,0,6144
273,0,13,0,0,0,0,0,694514,0,0,0,0,459,6144,0,0,0,0,0,0,0,0,0,0,0,0,0,0,0,0,0,0,0,61424,1217,0,0,0,910,0,0,6144,0,6144
273,0,14,0,0,0,0,0,694514,0,0,0,0,443,6144,0,0,0,0,0,0,0,0,0,0,0,0,0,0,0,0,0,0,0,59927,0,0,321,2,682,0,0,0,0,6144
273,0,15,0,0,0,0,0,694514,0,0,0,0,41,0,0,0,0,0,0,0,0,0,0,0,0,0,0,0,0,0,0,0,0,0,0,0,39,0,94,0,0,0,0,0
274,0,0,0,0,0,0,0,332666,0,0,1670,66560,136,0,0,0,0,0,6183,0,0,0,0,0,0,0,0,1670,1670,0,0,0,109270,66560,0,294,0,136,284,0,0,0,0,3072
274,0,1,0,0,0,0,0,166333,6183,0,0,0,1988,0,0,0,0,0,6183,0,0,0,0,0,0,0,0,0,80,0,0,0,58928,0,0,84,170,937,3600,0,0,3072,0,0
274,0,2,0,0,0,0,0,166333,0,0,0,0,945,3072,0,0,0,0,0,0,0,0,0,0,0,0,0,0,0,0,0,0,0,62654,0,249,863,282,1920,0,0,0,0,3072
274,0,3,0,0,0,0,0,166333,0,0,0,0,47,0,0,0,0,0,0,0,0,0,0,0,0,0,0,0,0,0,0,0,0,0,0,92,45,0,54,0,0,0,0,0
274,0,4,0,0,0,0,0,166333,0,0,0,0,47,0,0,0,0,0,0,0,0,0,0,0,0,0,0,0,0,0,0,0,0,0,0,87,0,45,62,0,0,0,0,0
274,0,5,0,0,0,0,0,166333,0,0,0,0,47,0,0,0,0,0,0,0,0,0,0,0,0,0,0,0,0,0,0,0,0,0,537,148,0,0,109,0,0,0,0,0
274,0,6,0,0,0,0,0,166333,0,0,0,0,47,0,0,0,0,0,0,0,0,0,0,0,0,0,0,0,0,0,0,0,0,0,0,40,98,0,52,0,0,0,0,0
274,0,7,0,0,0,0,0,166333,0,0,0,0,53,0,0,0,0,0,0,0,0,0,0,0,0,0,0,0,0,0,0,0,0,0,0,104,39,0,140,0,0,0,0,0
274,0,8,0,0,0,0,0,166333,0,0,0,0,50,0,0,0,0,0,0,0,0,0,0,0,0,0,0,0,0,0,0,0,0,0,0,52,0,42,107,0,0,0,0,0
274,0,9,0,0,0,0,0,166333,0,0,0,0,47,0,0,0,0,0,0,0,0,0,0,0,0,0,0,0,0,0,0,0,0,0,365,42,0,0,53,0,0,0,0,0
274,0,10,0,0,0,0,0,166333,0,0,0,0,53,0,0,0,0,0,0,0,0,0,0,0,0,0,0,0,0,0,0,0,0,0,0,91,92,0,118,0,0,0,0,0
274,0,11,0,0,0,0,0,166333,0,0,0,0,53,0,0,0,0,0,0,0,0,0,0,0,0,0,0,0,0,0,0,0,0,0,0,40,39,0,94,0,0,0,0,0
274,0,12,0,0,0,0,0,166333,0,0,0,0,47,0,0,0,0,0,0,0,0,0,0,0,0,0,0,0,0,0,0,0,0,0,0,0,0,45,93,0,0,0,0,0
274,0,13,0,0,0,0,0,166333,0,0,0,0,53,0,0,0,0,0,0,0,0,0,0,0,0,0,0,0,0,0,0,0,0,0,178,0,0,0,109,0,0,0,0,0
274,0,14,0,0,0,0,0,166333,0,0,0,0,53,0,0,0,0,0,0,0,0,0,0,0,0,0,0,0,0,0,0,0,0,0,0,0,80,0,60,0,0,0,0,0
274,0,15,0,0,0,0,0,166333,0,0,0,0,41,0,0,0,0,0,0,0,0,0,0,0,0,0,0,0,0,0,0,0,0,0,0,0,39,0,88,0,0,0,0,0
275,0,0,0,0,0,0,0,332550,0,0,1670,66560,136,0,0,0,0,0,6183,0,0,0,0,0,0,0,0,1670,1670,0,0,0,109287,66560,0,294,0,136,284,0,0,0,0,3072
275,0,1,0,0,0,0,0,166275,6183,0,0,0,1983,0,0,0,0,0,6183,0,0,0,0,0,0,0,0,0,82,0,0,0,58930,0,0,84,171,941,3592,0,0,3072,0,0
275,0,2,0,0,0,0,0,166275,0,0,0,0,941,3072,0,0,0,0,0,0,0,0,0,0,0,0,0,0,0,0,0,0,0,62654,0,249,866,283,1912,0,0,0,0,3072
275,0,3,0,0,0,0,0,166275,0,0,0,0,47,0,0,0,0,0,0,0,0,0,0,0,0,0,0,0,0,0,0,0,0,0,0,91,45,0,54,0,0,0,0,0
275,0,4,0,0,0,0,0,166275,0,0,0,0,47,0,0,0,0,0,0,0,0,0,0,0,0,0,0,0,0,0,0,0,0,0,0,87,0,45,62,0,0,0,0,0
275,0,5,0,0,0,0,0,166275,0,0,0,0,47,0,0,0,0,0,0,0,0,0,0,0,0,0,0,0,0,0,0,0,0,0,537,148,0,0,109,0,0,0,0,0
275,0,6,0,0,0,0,0,166275,0,0,0,0,47,0,0,0,0,0,0,0,0,0,0,0,0,0,0,0,0,0,0,0,0,0,0,40,98,0,52,0,0,0,0,0
275,0,7,0,0,0,0,0,166275,0,0,0,0,53,0,0,0,0,0,0,0,0,0,0,0,0,0,0,0,0,0,0,0,0,0,0,105,39,0,140,0,0,0,0,0
275,0,8,0,0,0,0,0,166275,0,0,0,0,50,0,0,0,0,0,0,0,0,0,0,0,0,0,0,0,0,0,0,0,0,0,0,52,0,42,107,0,0,0,0,0
275,0,9,0,0,0,0,0,166275,0,0,0,0,47,0,0,0,0,0,0,0,0,0,0,0,0,0,0,0,0,0,0,0,0,0,365,42,0,0,53,0,0,0,0,0
275,0,10,0,0,0,0,0,166275,0,0,0,0,53,0,0,0,0,0,0,0,0,0,0,0,0,0,0,0,0,0,0,0,0,0,0,91,92,0,118,0,0,0,0,0
275,0,11,0,0,0,0,0,166275,0,0,0,0,53,0,0,0,0,0,0,0,0,0,0,0,0,0,0,0,0,0,0,0,0,0,0,39,39,0,94,0,0,0,0,0
275,0,12,0,0,0,0,0,166275,0,0,0,0,47,0,0,0,0,0,0,0,0,0,0,0,0,0,0,0,0,0,0,0,0,0,0,0,0,45,93,0,0,0,0,0
275,0,13,0,0,0,0,0,166275,0,0,0,0,53,0,0,0,0,0,0,0,0,0,0,0,0,0,0,0,0,0,0,0,0,0,178,0,0,0,109,0,0,0,0,0
275,0,14,0,0,0,0,0,166275,0,0,0,0,53,0,0,0,0,0,0,0,0,0,0,0,0,0,0,0,0,0,0,0,0,0,0,0,80,0,60,0,0,0,0,0
275,0,15,0,0,0,0,0,166275,0,0,0,0,41,0,0,0,0,0,0,0,0,0,0,0,0,0,0,0,0,0,0,0,0,0,0,0,39,0,89,0,0,0,0,0
276,0,0,0,0,0,0,0,332658,0,0,1670,66560,136,0,0,0,0,0,6183,0,0,0,0,0,0,0,0,1670,1670,0,0,0,109281,66560,0,294,0,136,284,0,0,0,0,3072
276,0,1,0,0,0,0,0,166329,6183,0,0,0,1995,0,0,0,0,0,6183,0,0,0,0,0,0,0,0,0,83,0,0,0,58930,0,0,84,170,930,3614,0,0,3072,0,0
276,0,2,0,0,0,0,0,166329,0,0,0,0,951,3072,0,0,0,0,0,0,0,0,0,0,0,0,0,0,0,0,0,0,0,62654,0,249,856,283,1933,0,0,0,0,3072
276,0,3,0,0,0,0,0,166329,0,0,0,0,47,0,0,0,0,0,0,0,0,0,0,0,0,0,0,0,0,0,0,0,0,0,0,91,45,0,54,0,0,0,0,0
276,0,4,0,0,0,0,0,166329,0,0,0,0,47,0,0,0,0,0,0,0,0,0,0,0,0,0,0,0,0,0,0,0,0,0,0,87,0,45,62,0,0,0,0,0
276,0,5,0,0,0,0,0,166329,0,0,0,0,47,0,0,0,0,0,0,0,0,0,0,0,0,0,0,0,0,0,0,0,0,0,537,148,0,0,109,0,0,0,0,0
276,0,6,0,0,0,0,0,166329,0,0,0,0,47,0,0,0,0,0,0,0,0,0,0,0,0,0,0,0,0,0,0,0,0,0,0,40,98,0,52,0,0,0,0,0
276,0,7,0,0,0,0,0,166329,0,0,0,0,53,0,0,0,0,0,0,0,0,0,0,0,0,0,0,0,0,0,0,0,0,0,0,105,39,0,140,0,0,0,0,0
276,0,8,0,0,0,0,0,166329,0,0,0,0,50,0,0,0,0,0,0,0,0,0,0,0,0,0,0,0,0,0,0,0,0,0,0,52,0,42,107,0,0,0,0,0
276,0,9,0,0,0,0,0,166329,0,0,0,0,47,0,0,0,0,0,0,0,0,0,0,0,0,0,0,0,0,0,0,0,0,0,365,42,0,0,53,0,0,0,0,0
276,0,10,0,0,0,0,0,166329,0,0,0,0,53,0,0,0,0,0,0,0,0,0,0,0,0,0,0,0,0,0,0,0,0,0,0,91,92,0,118,0,0,0,0,0
276,0,11,0,0,0,0,0,166329,0,0,0,0,53,0,0,0,0,0,0,0,0,0,0,0,0,0,0,0,0,0,0,0,0,0,0,39,39,0,94,0,0,0,0,0
276,0,12,0,0,0,0,0,166329,0,0,0,0,47,0,0,0,0,0,0,0,0,0,0,0,0,0,0,0,0,0,0,0,0,0,0,0,0,45,93,0,0,0,0,0
276,0,13,0,0,0,0,0,166329,0,0,0,0,53,0,0,0,0,0,0,0,0,0,0,0,0,0,0,0,0,0,0,0,0,0,178,0,0,0,109,0,0,0,0,0
276,0,14,0,0,0,0,0,166329,0,0,0,0,53,0,0,0,0,0,0,0,0,0,0,0,0,0,0,0,0,0,0,0,0,0,0,0,80,0,60,0,0,0,0,0
276,0,15,0,0,0,0,0,166329,0,0,0,0,41,0,0,0,0,0,0,0,0,0,0,0,0,0,0,0,0,0,0,0,0,0,0,0,39,0,89,0,0,0,0,0
277,0,0,0,0,0,0,0,354358,0,0,1660,133120,136,0,0,0,0,0,6174,0,0,0,0,0,0,0,0,1660,1660,0,0,0,229154,133120,0,294,0,136,284,0,0,0,0,6144
277,0,1,0,0,0,0,0,177179,6174,0,0,0,2105,0,0,0,0,0,6174,0,0,0,0,0,0,0,0,0,431,0,0,0,118429,0,0,84,170,811,3642,0,0,3072,0,0
277,0,2,0,0,0,0,0,177179,0,0,0,0,498,3072,0,0,0,0,0,0,0,0,0,0,0,0,0,0,0,0,0,0,59292,63036,0,249,926,706,1166,0,0,3072,0,3072
277,0,3,0,0,0,0,0,177179,0,0,0,0,503,3072,0,0,0,0,0,0,0,0,0,0,0,0,0,0,0,0,0,0,0,63034,0,93,417,0,917,0,0,0,0,3072
277,0,4,0,0,0,0,0,177179,0,0,0,0,47,0,0,0,0,0,0,0,0,0,0,0,0,0,0,0,0,0,0,0,0,0,0,87,0,45,62,0,0,0,0,0
277,0,5,0,0,0,0,0,177179,0,0,0,0,47,0,0,0,0,0,0,0,0,0,0,0,0,0,0,0,0,0,0,0,0,0,537,148,0,0,109,0,0,0,0,0
277,0,6,0,0,0,0,0,177179,0,0,0,0,47,0,0,0,0,0,0,0,0,0,0,0,0,0,0,0,0,0,0,0,0,0,0,40,98,0,52,0,0,0,0,0
277,0,7,0,0,0,0,0,177179,0,0,0,0,53,0,0,0,0,0,0,0,0,0,0,0,0,0,0,0,0,0,0,0,0,0,0,104,39,0,140,0,0,0,0,0
277,0,8,0,0,0,0,0,177179,0,0,0,0,50,0,0,0,0,0,0,0,0,0,0,0,0,0,0,0,0,0,0,0,0,0,0,52,0,42,107,0,0,0,0,0
277,0,9,0,0,0,0,0,177179,0,0,0,0,47,0,0,0,0,0,0,0,0,0,0,0,0,0,0,0,0,0,0,0,0,0,365,42,0,0,53,0,0,0,0,0
277,0,10,0,0,0,0,0,177179,0,0,0,0,53,0,0,0,0,0,0,0,0,0,0,0,0,0,0,0,0,0,0,0,0,0,0,91,92,0,118,0,0,0,0,0
277,0,11,0,0,0,0,0,177179,0,0,0,0,53,0,0,0,0,0,0,0,0,0,0,0,0,0,0,0,0,0,0,0,0,0,0,41,39,0,94,0,0,0,0,0
277,0,12,0,0,0,0,0,177179,0,0,0,0,47,0,0,0,0,0,0,0,0,0,0,0,0,0,0,0,0,0,0,0,0,0,0,0,0,45,93,0,0,0,0,0
277,0,13,0,0,0,0,0,177179,0,0,0,0,53,0,0,0,0,0,0,0,0,0,0,0,0,0,0,0,0,0,0,0,0,0,178,0,0,0,109,0,0,0,0,0
277,0,14,0,0,0,0,0,177179,0,0,0,0,53,0,0,0,0,0,0,0,0,0,0,0,0,0,0,0,0,0,0,0,0,0,0,0,80,0,60,0,0,0,0,0
277,0,15,0,0,0,0,0,177179,0,0,0,0,41,0,0,0,0,0,0,0,0,0,0,0,0,0,0,0,0,0,0,0,0,0,0,0,39,0,88,0,0,0,0,0
278,0,0,0,0,0,0,0,354490,0,0,1664,133120,136,0,0,0,0,0,6180,0,0,0,0,0,0,0,0,1664,1664,0,0,0,229030,133120,0,294,0,136,284,0,0,0,0,6144
278,0,1,0,0,0,0,0,177245,6180,0,0,0,2099,0,0,0,0,0,6180,0,0,0,0,0,0,0,0,0,415,0,0,0,118377,0,0,84,170,821,3640,0,0,3072,0,0
278,0,2,0,0,0,0,0,177245,0,0,0,0,497,3072,0,0,0,0,0,0,0,0,0,0,0,0,0,0,0,0,0,0,59269,63040,0,249,926,700,1165,0,0,3072,0,3072
278,0,3,0,0,0,0,0,177245,0,0,0,0,501,3072,0,0,0,0,0,0,0,0,0,0,0,0,0,0,0,0,0,0,0,63023,0,92,422,0,923,0,0,0,0,3072
278,0,4,0,0,0,0,0,177245,0,0,0,0,47,0,0,0,0,0,0,0,0,0,0,0,0,0,0,0,0,0,0,0,0,0,0,87,0,45,62,0,0,0,0,0
278,0,5,0,0,0,0,0,177245,0,0,0,0,47,0,0,0,0,0,0,0,0,0,0,0,0,0,0,0,0,0,0,0,0,0,537,148,0,0,109,0,0,0,0,0
278,0,6,0,0,0,0,0,177245,0,0,0,0,47,0,0,0,0,0,0,0,0,0,0,0,0,0,0,0,0,0,0,0,0,0,0,40,98,0,52,0,0,0,0,0
278,0,7,0,0,0,0,0,177245,0,0,0,0,53,0,0,0,0,0,0,0,0,0,0,0,0,0,0,0,0,0,0,0,0,0,0,105,39,0,140,0,0,0,0,0
278,0,8,0,0,0,0,0,177245,0,0,0,0,50,0,0,0,0,0,0,0,0,0,0,0,0,0,0,0,0,0,0,0,0,0,0,52,0,42,107,0,0,0,0,0
278,0,9,0,0,0,0,0,177245,0,0,0,0,47,0,0,0,0,0,0,0,0,0,0,0,0,0,0,0,0,0,0,0,0,0,365,42,0,0,53,0,0,0,0,0
278,0,10,0,0,0,0,0,177245,0,0,0,0,53,0,0,0,0,0,0,0,0,0,0,0,0,0,0,0,0,0,0,0,0,0,0,91,92,0,118,0,0,0,0,0
278,0,11,0,0,0,0,0,177245,0,0,0,0,53,0,0,0,0,0,0,0,0,0,0,0,0,0,0,0,0,0,0,0,0,0,0,40,39,0,94,0,0,0,0,0
278,0,12,0,0,0,0,0,177245,0,0,0,0,47,0,0,0,0,0,0,0,0,0,0,0,0,0,0,0,0,0,0,0,0,0,0,0,0,45,93,0,0,0,0,0
278,0,13,0,0,0,0,0,177245,0,0,0,0,53,0,0,0,0,0,0,0,0,0,0,0,0,0,0,0,0,0,0,0,0,0,178,0,0,0,109,0,0,0,0,0
278,0,14,0,0,0,0,0,177245,0,0,0,0,53,0,0,0,0,0,0,0,0,0,0,0,0,0,0,0,0,0,0,0,0,0,0,0,80,0,60,0,0,0,0,0
278,0,15,0,0,0,0,0,177245,0,0,0,0,41,0,0,0,0,0,0,0,0,0,0,0,0,0,0,0,0,0,0,0,0,0,0,0,39,0,89,0,0,0,0,0
279,0,0,0,0,0,0,0,354404,0,0,1660,133120,136,0,0,0,0,0,6171,0,0,0,0,0,0,0,0,1660,1660,0,0,0,229152,133120,0,294,0,136,284,0,0,0,0,6144
279,0,1,0,0,0,0,0,177202,6171,0,0,0,2107,0,0,0,0,0,6171,0,0,0,0,0,0,0,0,0,431,0,0,0,118423,0,0,84,170,809,3641,0,0,3072,0,0
279,0,2,0,0,0,0,0,177202,0,0,0,0,500,3072,0,0,0,0,0,0,0,0,0,0,0,0,0,0,0,0,0,0,59285,63036,0,249,929,707,1169,0,0,3072,0,3072
279,0,3,0,0,0,0,0,177202,0,0,0,0,508,3072,0,0,0,0,0,0,0,0,0,0,0,0,0,0,0,0,0,0,0,63032,0,93,412,0,921,0,0,0,0,3072
279,0,4,0,0,0,0,0,177202,0,0,0,0,47,0,0,0,0,0,0,0,0,0,0,0,0,0,0,0,0,0,0,0,0,0,0,87,0,45,61,0,0,0,0,0
279,0,5,0,0,0,0,0,177202,0,0,0,0,47,0,0,0,0,0,0,0,0,0,0,0,0,0,0,0,0,0,0,0,0,0,537,148,0,0,109,0,0,0,0,0
279,0,6,0,0,0,0,0,177202,0,0,0,0,47,0,0,0,0,0,0,0,0,0,0,0,0,0,0,0,0,0,0,0,0,0,0,40,98,0,52,0,0,0,0,0
279,0,7,0,0,0,0,0,177202,0,0,0,0,53,0,0,0,0,0,0,0,0,0,0,0,0,0,0,0,0,0,0,0,0,0,0,104,39,0,140,0,0,0,0,0
279,0,8,0,0,0,0,0,177202,0,0,0,0,50,0,0,0,0,0,0,0,0,0,0,0,0,0,0,0,0,0,0,0,0,0,0,52,0,42,107,0,0,0,0,0
279,0,9,0,0,0,0,0,177202,0,0,0,0,47,0,0,0,0,0,0,0,0,0,0,0,0,0,0,0,0,0,0,0,0,0,365,42,0,0,53,0,0,0,0,0
279,0,10,0,0,0,0,0,177202,0,0,0,0,53,0,0,0,0,0,0,0,0,0,0,0,0,0,0,0,0,0,0,0,0,0,0,91,92,0,118,0,0,0,0,0
279,0,11,0,0,0,0,0,177202,0,0,0,0,53,0,0,0,0,0,0,0,0,0,0,0,0,0,0,0,0,0,0,0,0,0,0,41,39,0,94,0,0,0,0,0
279,0,12,0,0,0,0,0,177202,0,0,0,0,47,0,0,0,0,0,0,0,0,0,0,0,0,0,0,0,0,0,0,0,0,0,0,0,0,45,93,0,0,0,0,0
279,0,13,0,0,0,0,0,177202,0,0,0,0,53,0,0,0,0,0,0,0,0,0,0,0,0,0,0,0,0,0,0,0,0,0,178,0,0,0,109,0,0,0,0,0
279,0,14,0,0,0,0,0,177202,0,0,0,0,53,0,0,0,0,0,0,0,0,0,0,0,0,0,0,0,0,0,0,0,0,0,0,0,80,0,60,0,0,0,0,0
279,0,15,0,0,0,0,0,177202,0,0,0,0,41,0,0,0,0,0,0,0,0,0,0,0,0,0,0,0,0,0,0,0,0,0,0,0,39,0,88,0,0,0,0,0
280,0,0,0,0,0,0,0,581650,0,0,2056,266240,136,0,0,0,0,0,6777,0,0,0,0,0,0,0,0,2056,2056,0,117761,0,343770,266240,0,809,0,136,284,0,0,0,0,12288
280,0,1,0,0,0,0,0,290825,6777,0,0,0,2313,0,0,0,0,0,6777,0,0,0,0,0,0,0,0,0,1894,0,59139,0,117757,0,0,291,385,579,4071,0,0,3072,0,0
280,0,2,0,0,0,0,0,290825,0,0,0,0,390,3072,0,0,0,0,0,0,0,0,0,0,0,0,0,0,0,0,0,0,59392,63484,0,249,614,585,779,0,0,3072,0,3072
280,0,3,0,0,0,0,0,290825,0,0,0,0,400,3072,0,0,0,0,0,0,0,0,0,0,0,0,0,0,0,0,0,0,0,63488,0,92,205,0,619,0,0,0,0,3072
280,0,4,0,0,0,0,0,290825,0,0,0,0,355,3072,0,0,0,0,0,0,0,0,0,0,0,0,0,0,0,0,0,0,0,63488,0,87,0,250,586,3072,0,0,0,3072
280,0,5,0,0,0,0,0,290825,0,0,0,0,384,3072,0,0,0,0,0,0,0,0,0,0,0,0,0,0,0,0,0,0,0,62532,1020,148,0,1,754,0,0,0,0,3072
280,0,6,0,0,0,0,0,290825,0,0,0,0,47,0,0,0,0,0,0,0,0,0,0,0,0,0,0,0,0,0,0,0,0,0,0,40,98,1,52,0,0,0,0,0
280,0,7,0,0,0,0,0,290825,0,0,0,0,53,0,0,0,0,0,0,0,0,0,0,0,0,0,0,0,0,0,0,0,0,0,0,106,39,0,140,0,0,0,0,0
280,0,8,0,0,0,0,0,290825,0,0,0,0,50,0,0,0,0,0,0,0,0,0,0,0,0,0,0,0,0,0,0,0,0,0,0,52,0,42,107,0,0,0,0,0
280,0,9,0,0,0,0,0,290825,0,0,0,0,47,0,0,0,0,0,0,0,0,0,0,0,0,0,0,0,0,0,0,0,0,0,365,42,0,0,53,0,0,0,0,0
280,0,10,0,0,0,0,0,290825,0,0,0,0,53,0,0,0,0,0,0,0,0,0,0,0,0,0,0,0,0,0,0,0,0,0,0,91,92,0,118,0,0,0,0,0
280,0,11,0,0,0,0,0,290825,0,0,0,0,53,0,0,0,0,0,0,0,0,0,0,0,0,0,0,0,0,0,0,0,0,0,0,41,39,0,94,0,0,0,0,0
280,0,12,0,0,0,0,0,290825,0,0,0,0,47,0,0,0,0,0,0,0,0,0,0,0,0,0,0,0,0,0,0,0,0,0,0,0,0,45,93,0,0,0,0,0
280,0,13,0,0,0,0,0,290825,0,0,0,0,53,0,0,0,0,0,0,0,0,0,0,0,0,0,0,0,0,0,0,0,0,0,178,0,0,0,109,0,0,0,0,0
280,0,14,0,0,0,0,0,290825,0,0,0,0,53,0,0,0,0,0,0,0,0,0,0,0,0,0,0,0,0,0,0,0,0,0,0,0,80,0,60,0,0,0,0,0
280,0,15,0,0,0,0,0,290825,0,0,0,0,41,0,0,0,0,0,0,0,0,0,0,0,0,0,0,0,0,0,0,0,0,0,0,0,39,0,90,0,0,0,0,0
281,0,0,0,0,0,0,0,581681,0,0,2056,266240,136,0,0,0,0,0,6780,0,0,0,0,0,0,0,0,2056,2056,0,116784,0,344834,266240,0,809,0,136,284,0,0,0,0,12288
281,0,1,0,0,0,0,0,290841,6780,0,0,0,2234,0,0,0,0,0,6780,0,0,0,0,0,0,0,0,0,1904,0,59349,0,117758,0,0,320,394,620,3958,0,0,3072,0,0
281,0,2,0,0,0,0,0,290841,0,0,0,0,399,3072,0,0,0,0,0,0,0,0,0,0,0,0,0,0,0,0,0,0,59392,63485,0,249,607,571,761,0,0,3072,0,3072
281,0,3,0,0,0,0,0,290841,0,0,0,0,401,3072,0,0,0,0,0,0,0,0,0,0,0,0,0,0,0,0,0,0,0,63488,0,93,203,0,634,0,0,0,0,3072
281,0,4,0,0,0,0,0,290841,0,0,0,0,399,3072,0,0,0,0,0,0,0,0,0,0,0,0,0,0,0,0,0,0,0,63321,0,87,0,206,638,3072,0,0,0,3072
281,0,5,0,0,0,0,0,290841,0,0,0,0,388,3072,0,0,0,0,0,0,0,0,0,0,0,0,0,0,0,0,0,0,0,63326,1061,148,0,0,729,0,0,0,0,3072
281,0,6,0,0,0,0,0,290841,0,0,0,0,47,0,0,0,0,0,0,0,0,0,0,0,0,0,0,0,0,0,0,0,0,0,0,40,98,2,52,0,0,0,0,0
281,0,7,0,0,0,0,0,290841,0,0,0,0,53,0,0,0,0,0,0,0,0,0,0,0,0,0,0,0,0,0,0,0,0,0,0,104,39,0,140,0,0,0,0,0
281,0,8,0,0,0,0,0,290841,0,0,0,0,50,0,0,0,0,0,0,0,0,0,0,0,0,0,0,0,0,0,0,0,0,0,0,52,0,42,107,0,0,0,0,0
281,0,9,0,0,0,0,0,290841,0,0,0,0,47,0,0,0,0,0,0,0,0,0,0,0,0,0,0,0,0,0,0,0,0,0,365,42,0,0,53,0,0,0,0,0
281,0,10,0,0,0,0,0,290841,0,0,0,0,53,0,0,0,0,0,0,0,0,0,0,0,0,0,0,0,0,0,0,0,0,0,0,91,92,0,118,0,0,0,0,0
281,0,11,0,0,0,0,0,290841,0,0,0,0,53,0,0,0,0,0,0,0,0,0,0,0,0,0,0,0,0,0,0,0,0,0,0,43,39,0,94,0,0,0,0,0
281,0,12,0,0,0,0,0,290841,0,0,0,0,47,0,0,0,0,0,0,0,0,0,0,0,0,0,0,0,0,0,0,0,0,0,0,0,0,45,93,0,0,0,0,0
281,0,13,0,0,0,0,0,290841,0,0,0,0,53,0,0,0,0,0,0,0,0,0,0,0,0,0,0,0,0,0,0,0,0,0,178,0,0,0,109,0,0,0,0,0
281,0,14,0,0,0,0,0,290841,0,0,0,0,53,0,0,0,0,0,0,0,0,0,0,0,0,0,0,0,0,0,0,0,0,0,0,0,80,0,60,0,0,0,0,0
281,0,15,0,0,0,0,0,290841,0,0,0,0,41,0,0,0,0,0,0,0,0,0,0,0,0,0,0,0,0,0,0,0,0,0,0,0,39,0,88,0,0,0,0,0
282,0,0,0,0,0,0,0,581664,0,0,2056,266240,136,0,0,0,0,0,6780,0,0,0,0,0,0,0,0,2056,2056,0,117761,0,343821,266240,0,809,0,136,284,0,0,0,0,12288
282,0,1,0,0,0,0,0,290832,6780,0,0,0,2282,0,0,0,0,0,6780,0,0,0,0,0,0,0,0,0,1908,0,59172,0,117753,0,0,301,382,603,4006,0,0,3072,0,0
282,0,2,0,0,0,0,0,290832,0,0,0,0,387,3072,0,0,0,0,0,0,0,0,0,0,0,0,0,0,0,0,0,0,59392,63481,0,249,574,582,756,0,0,3072,0,3072
282,0,3,0,0,0,0,0,290832,0,0,0,0,358,3072,0,0,0,0,0,0,0,0,0,0,0,0,0,0,0,0,0,0,0,63488,0,91,247,0,581,0,0,0,0,3072
282,0,4,0,0,0,0,0,290832,0,0,0,0,389,3072,0,0,0,0,0,0,0,0,0,0,0,0,0,0,0,0,0,0,0,63488,0,87,0,216,615,3072,0,0,0,3072
282,0,5,0,0,0,0,0,290832,0,0,0,0,344,3072,0,0,0,0,0,0,0,0,0,0,0,0,0,0,0,0,0,0,0,62536,1094,148,0,1,704,0,0,0,0,3072
282,0,6,0,0,0,0,0,290832,0,0,0,0,47,0,0,0,0,0,0,0,0,0,0,0,0,0,0,0,0,0,0,0,0,0,0,40,98,1,52,0,0,0,0,0
282,0,7,0,0,0,0,0,290832,0,0,0,0,53,0,0,0,0,0,0,0,0,0,0,0,0,0,0,0,0,0,0,0,0,0,0,107,39,0,140,0,0,0,0,0
282,0,8,0,0,0,0,0,290832,0,0,0,0,50,0,0,0,0,0,0,0,0,0,0,0,0,0,0,0,0,0,0,0,0,0,0,52,0,42,107,0,0,0,0,0
282,0,9,0,0,0,0,0,290832,0,0,0,0,47,0,0,0,0,0,0,0,0,0,0,0,0,0,0,0,0,0,0,0,0,0,365,42,0,0,53,0,0,0,0,0
282,0,10,0,0,0,0,0,290832,0,0,0,0,53,0,0,0,0,0,0,0,0,0,0,0,0,0,0,0,0,0,0,0,0,0,0,91,92,0,118,0,0,0,0,0
282,0,11,0,0,0,0,0,290832,0,0,0,0,53,0,0,0,0,0,0,0,0,0,0,0,0,0,0,0,0,0,0,0,0,0,0,40,39,0,94,0,0,0,0,0
282,0,12,0,0,0,0,0,290832,0,0,0,0,47,0,0,0,0,0,0,0,0,0,0,0,0,0,0,0,0,0,0,0,0,0,0,0,0,45,93,0,0,0,0,0
282,0,13,0,0,0,0,0,290832,0,0,0,0,53,0,0,0,0,0,0,0,0,0,0,0,0,0,0,0,0,0,0,0,0,0,178,0,0,0,109,0,0,0,0,0
282,0,14,0,0,0,0,0,290832,0,0,0,0,53,0,0,0,0,0,0,0,0,0,0,0,0,0,0,0,0,0,0,0,0,0,0,0,80,0,60,0,0,0,0,0
282,0,15,0,0,0,0,0,290832,0,0,0,0,41,0,0,0,0,0,0,0,0,0,0,0,0,0,0,0,0,0,0,0,0,0,0,0,39,0,91,0,0,0,0,0
283,0,0,0,0,0,0,0,804037,0,0,3084,399360,136,0,0,0,0,0,8334,0,0,0,0,0,0,0,0,3084,3084,0,118778,0,559137,399360,0,809,0,136,284,0,0,0,0,18432
283,0,1,0,0,0,0,0,402019,8334,0,0,0,3012,0,0,0,0,0,8334,0,0,0,0,0,0,0,0,0,1864,0,59390,0,228908,0,0,293,274,1019,5237,0,0,3072,0,0
283,0,2,0,0,0,0,0,402019,0,0,0,0,408,3072,0,0,0,0,0,0,0,0,0,0,0,0,0,0,0,0,57974,0,118656,63484,0,550,599,907,764,0,0,3072,0,3072
283,0,3,0,0,0,0,0,402019,0,0,0,0,403,3072,0,0,0,0,0,0,0,0,0,0,0,0,0,0,0,0,59383,0,0,63488,0,252,202,0,655,0,0,0,0,3072
283,0,4,0,0,0,0,0,402019,0,0,0,0,404,3072,0,0,0,0,0,0,0,0,0,0,0,0,0,0,0,0,0,0,0,63486,0,87,0,201,524,6144,0,0,0,3072
283,0,5,0,0,0,0,0,402019,0,0,0,0,410,3072,0,0,0,0,0,0,0,0,0,0,0,0,0,0,0,0,0,0,0,63488,1592,148,0,2,778,0,0,3072,0,3072
283,0,6,0,0,0,0,0,402019,0,0,0,0,395,3072,0,0,0,0,0,0,0,0,0,0,0,0,0,0,0,0,0,0,0,63486,0,40,572,0,614,0,0,3072,0,3072
283,0,7,0,0,0,0,0,402019,0,0,0,0,362,3072,0,0,0,0,0,0,0,0,0,0,0,0,0,0,0,0,0,0,0,63479,0,109,242,0,804,0,0,0,0,3072
283,0,8,0,0,0,0,0,402019,0,0,0,0,50,0,0,0,0,0,0,0,0,0,0,0,0,0,0,0,0,0,0,0,0,0,0,52,0,42,107,0,0,0,0,0
283,0,9,0,0,0,0,0,402019,0,0,0,0,47,0,0,0,0,0,0,0,0,0,0,0,0,0,0,0,0,0,0,0,0,0,365,42,0,0,53,0,0,0,0,0
283,0,10,0,0,0,0,0,402019,0,0,0,0,53,0,0,0,0,0,0,0,0,0,0,0,0,0,0,0,0,0,0,0,0,0,0,91,92,0,118,0,0,0,0,0
283,0,11,0,0,0,0,0,402019,0,0,0,0,53,0,0,0,0,0,0,0,0,0,0,0,0,0,0,0,0,0,0,0,0,0,0,40,39,0,94,0,0,0,0,0
283,0,12,0,0,0,0,0,402019,0,0,0,0,47,0,0,0,0,0,0,0,0,0,0,0,0,0,0,0,0,0,0,0,0,0,0,0,0,45,93,0,0,0,0,0
283,0,13,0,0,0,0,0,402019,0,0,0,0,53,0,0,0,0,0,0,0,0,0,0,0,0,0,0,0,0,0,0,0,0,0,178,0,0,0,109,0,0,0,0,0
283,0,14,0,0,0,0,0,402019,0,0,0,0,53,0,0,0,0,0,0,0,0,0,0,0,0,0,0,0,0,0,0,0,0,0,0,0,80,0,60,0,0,0,0,0
283,0,15,0,0,0,0,0,402019,0,0,0,0,41,0,0,0,0,0,0,0,0,0,0,0,0,0,0,0,0,0,0,0,0,0,0,0,39,0,93,0,0,0,0,0
284,0,0,0,0,0,0,0,804026,0,0,3084,399360,136,0,0,0,0,0,8334,0,0,0,0,0,0,0,0,3084,3084,0,118778,0,559085,399360,0,809,0,136,284,0,0,0,0,18432
284,0,1,0,0,0,0,0,402013,8334,0,0,0,3008,0,0,0,0,0,8334,0,0,0,0,0,0,0,0,0,1866,0,59387,0,228893,0,0,295,277,1018,5228,0,0,3072,0,0
284,0,2,0,0,0,0,0,402013,0,0,0,0,410,3072,0,0,0,0,0,0,0,0,0,0,0,0,0,0,0,0,57974,0,118649,63481,0,551,598,903,770,0,0,3072,0,3072
284,0,3,0,0,0,0,0,402013,0,0,0,0,404,3072,0,0,0,0,0,0,0,0,0,0,0,0,0,0,0,0,59383,0,0,63488,0,252,201,0,660,0,0,0,0,3072
284,0,4,0,0,0,0,0,402013,0,0,0,0,403,3072,0,0,0,0,0,0,0,0,0,0,0,0,0,0,0,0,0,0,0,63486,0,87,0,202,524,6144,0,0,0,3072
284,0,5,0,0,0,0,0,402013,0,0,0,0,411,3072,0,0,0,0,0,0,0,0,0,0,0,0,0,0,0,0,0,0,0,63486,1598,148,0,1,777,0,0,3072,0,3072
284,0,6,0,0,0,0,0,402013,0,0,0,0,397,3072,0,0,0,0,0,0,0,0,0,0,0,0,0,0,0,0,0,0,0,63486,0,40,565,2,615,0,0,3072,0,3072
284,0,7,0,0,0,0,0,402013,0,0,0,0,358,3072,0,0,0,0,0,0,0,0,0,0,0,0,0,0,0,0,0,0,0,63478,0,107,246,0,800,0,0,0,0,3072
284,0,8,0,0,0,0,0,402013,0,0,0,0,50,0,0,0,0,0,0,0,0,0,0,0,0,0,0,0,0,0,0,0,0,0,0,52,0,42,107,0,0,0,0,0
284,0,9,0,0,0,0,0,402013,0,0,0,0,47,0,0,0,0,0,0,0,0,0,0,0,0,0,0,0,0,0,0,0,0,0,365,42,0,0,53,0,0,0,0,0
284,0,10,0,0,0,0,0,402013,0,0,0,0,53,0,0,0,0,0,0,0,0,0,0,0,0,0,0,0,0,0,0,0,0,0,0,91,92,0,118,0,0,0,0,0
284,0,11,0,0,0,0,0,402013,0,0,0,0,53,0,0,0,0,0,0,0,0,0,0,0,0,0,0,0,0,0,0,0,0,0,0,42,39,0,94,0,0,0,0,0
284,0,12,0,0,0,0,0,402013,0,0,0,0,47,0,0,0,0,0,0,0,0,0,0,0,0,0,0,0,0,0,0,0,0,0,0,0,0,45,93,0,0,0,0,0
284,0,13,0,0,0,0,0,402013,0,0,0,0,53,0,0,0,0,0,0,0,0,0,0,0,0,0,0,0,0,0,0,0,0,0,178,0,0,0,109,0,0,0,0,0
284,0,14,0,0,0,0,0,402013,0,0,0,0,53,0,0,0,0,0,0,0,0,0,0,0,0,0,0,0,0,0,0,0,0,0,0,0,80,0,60,0,0,0,0,0
284,0,15,0,0,0,0,0,402013,0,0,0,0,41,0,0,0,0,0,0,0,0,0,0,0,0,0,0,0,0,0,0,0,0,0,0,0,39,0,91,0,0,0,0,0
285,0,0,0,0,0,0,0,804040,0,0,3084,399360,136,0,0,0,0,0,8334,0,0,0,0,0,0,0,0,3084,3084,0,118778,0,559162,399360,0,809,0,136,284,0,0,0,0,18432
285,0,1,0,0,0,0,0,402020,8334,0,0,0,3028,0,0,0,0,0,8334,0,0,0,0,0,0,0,0,0,1872,0,59392,0,228930,0,0,293,270,1007,5260,0,0,3072,0,0
285,0,2,0,0,0,0,0,402020,0,0,0,0,414,3072,0,0,0,0,0,0,0,0,0,0,0,0,0,0,0,0,57965,0,118659,63484,0,553,588,909,777,0,0,3072,0,3072
285,0,3,0,0,0,0,0,402020,0,0,0,0,398,3072,0,0,0,0,0,0,0,0,0,0,0,0,0,0,0,0,59386,0,0,63488,0,248,207,0,652,0,0,0,0,3072
285,0,4,0,0,0,0,0,402020,0,0,0,0,402,3072,0,0,0,0,0,0,0,0,0,0,0,0,0,0,0,0,0,0,0,63486,0,87,0,203,517,6144,0,0,0,3072
285,0,5,0,0,0,0,0,402020,0,0,0,0,408,3072,0,0,0,0,0,0,0,0,0,0,0,0,0,0,0,0,0,0,0,63487,1596,148,0,0,776,0,0,3072,0,3072
285,0,6,0,0,0,0,0,402020,0,0,0,0,394,3072,0,0,0,0,0,0,0,0,0,0,0,0,0,0,0,0,0,0,0,63486,0,40,570,3,610,0,0,3072,0,3072
285,0,7,0,0,0,0,0,402020,0,0,0,0,360,3072,0,0,0,0,0,0,0,0,0,0,0,0,0,0,0,0,0,0,0,63480,0,106,244,0,806,0,0,0,0,3072
285,0,8,0,0,0,0,0,402020,0,0,0,0,50,0,0,0,0,0,0,0,0,0,0,0,0,0,0,0,0,0,0,0,0,0,0,52,0,42,107,0,0,0,0,0
285,0,9,0,0,0,0,0,402020,0,0,0,0,47,0,0,0,0,0,0,0,0,0,0,0,0,0,0,0,0,0,0,0,0,0,365,42,0,0,53,0,0,0,0,0
285,0,10,0,0,0,0,0,402020,0,0,0,0,53,0,0,0,0,0,0,0,0,0,0,0,0,0,0,0,0,0,0,0,0,0,0,91,92,0,118,0,0,0,0,0
285,0,11,0,0,0,0,0,402020,0,0,0,0,53,0,0,0,0,0,0,0,0,0,0,0,0,0,0,0,0,0,0,0,0,0,0,43,39,0,94,0,0,0,0,0
285,0,12,0,0,0,0,0,402020,0,0,0,0,47,0,0,0,0,0,0,0,0,0,0,0,0,0,0,0,0,0,0,0,0,0,0,0,0,45,93,0,0,0,0,0
285,0,13,0,0,0,0,0,402020,0,0,0,0,53,0,0,0,0,0,0,0,0,0,0,0,0,0,0,0,0,0,0,0,0,0,178,0,0,0,109,0,0,0,0,0
285,0,14,0,0,0,0,0,402020,0,0,0,0,53,0,0,0,0,0,0,0,0,0,0,0,0,0,0,0,0,0,0,0,0,0,0,0,80,0,60,0,0,0,0,0
285,0,15,0,0,0,0,0,402020,0,0,0,0,41,0,0,0,0,0,0,0,0,0,0,0,0,0,0,0,0,0,0,0,0,0,0,0,39,0,90,0,0,0,0,0
286,0,0,0,0,0,0,0,1010308,0,0,4112,532480,136,0,0,0,0,0,9885,0,0,0,0,0,0,0,0,4112,4112,0,227300,0,650054,532480,0,1324,0,136,284,0,0,0,0,24576
286,0,1,0,0,0,0,0,505154,9885,0,0,0,3458,0,0,0,0,0,9885,0,0,0,0,0,0,0,0,0,3676,0,114378,0,227401,0,0,573,546,1051,6211,0,0,3072,0,0
286,0,2,0,0,0,0,0,505154,0,0,0,0,383,3072,0,0,0,0,0,0,0,0,0,0,0,0,0,0,0,0,58367,0,118550,63484,0,571,659,810,783,0,0,3072,0,3072
286,0,3,0,0,0,0,0,505154,0,0,0,0,438,3072,0,0,0,0,0,0,0,0,0,0,0,0,0,0,0,0,59386,0,0,63488,0,344,167,0,695,0,0,0,0,3072
286,0,4,0,0,0,0,0,505154,0,0,0,0,395,3072,0,0,0,0,0,0,0,0,0,0,0,0,0,0,0,0,58356,0,0,63487,0,275,0,210,597,9216,0,0,0,3072
286,0,5,0,0,0,0,0,505154,0,0,0,0,440,3072,0,0,0,0,0,0,0,0,0,0,0,0,0,0,0,0,59388,0,0,62573,2028,419,0,1,772,0,0,3072,0,3072
286,0,6,0,0,0,0,0,505154,0,0,0,0,371,3072,0,0,0,0,0,0,0,0,0,0,0,0,0,0,0,0,0,0,0,63488,0,40,649,1,569,0,0,3072,0,3072
286,0,7,0,0,0,0,0,505154,0,0,0,0,416,3072,0,0,0,0,0,0,0,0,0,0,0,0,0,0,0,0,0,0,0,63486,0,107,189,0,766,0,0,0,0,3072
286,0,8,0,0,0,0,0,505154,0,0,0,0,402,3072,0,0,0,0,0,0,0,0,0,0,0,0,0,0,0,0,0,0,0,63476,0,52,0,203,786,3072,0,0,0,3072
286,0,9,0,0,0,0,0,505154,0,0,0,0,438,3072,0,0,0,0,0,0,0,0,0,0,0,0,0,0,0,0,0,0,0,63472,838,42,0,1,688,0,0,0,0,3072
286,0,10,0,0,0,0,0,505154,0,0,0,0,53,0,0,0,0,0,0,0,0,0,0,0,0,0,0,0,0,0,0,0,0,0,0,91,92,1,118,0,0,0,0,0
286,0,11,0,0,0,0,0,505154,0,0,0,0,53,0,0,0,0,0,0,0,0,0,0,0,0,0,0,0,0,0,0,0,0,0,0,43,39,0,94,0,0,0,0,0
286,0,12,0,0,0,0,0,505154,0,0,0,0,47,0,0,0,0,0,0,0,0,0,0,0,0,0,0,0,0,0,0,0,0,0,0,0,0,45,93,0,0,0,0,0
286,0,13,0,0,0,0,0,505154,0,0,0,0,53,0,0,0,0,0,0,0,0,0,0,0,0,0,0,0,0,0,0,0,0,0,178,0,0,0,109,0,0,0,0,0
286,0,14,0,0,0,0,0,505154,0,0,0,0,53,0,0,0,0,0,0,0,0,0,0,0,0,0,0,0,0,0,0,0,0,0,0,0,80,0,60,0,0,0,0,0
286,0,15,0,0,0,0,0,505154,0,0,0,0,41,0,0,0,0,0,0,0,0,0,0,0,0,0,0,0,0,0,0,0,0,0,0,0,39,0,92,0,0,0,0,0
287,0,0,0,0,0,0,0,1010177,0,0,4112,532480,136,0,0,0,0,0,9888,0,0,0,0,0,0,0,0,4112,4112,0,227308,0,649877,532480,0,1324,0,136,284,0,0,0,0,24576
287,0,1,0,0,0,0,0,505088,9888,0,0,0,3459,0,0,0,0,0,9888,0,0,0,0,0,0,0,0,0,3709,0,114393,0,227356,0,0,566,555,1048,6238,0,0,3072,0,0
287,0,2,0,0,0,0,0,505088,0,0,0,0,382,3072,0,0,0,0,0,0,0,0,0,0,0,0,0,0,0,0,58367,0,118542,63484,0,563,603,829,774,0,0,3072,0,3072
287,0,3,0,0,0,0,0,505088,0,0,0,0,381,3072,0,0,0,0,0,0,0,0,0,0,0,0,0,0,0,0,59376,0,0,63488,0,334,224,0,629,0,0,0,0,3072
287,0,4,0,0,0,0,0,505088,0,0,0,0,382,3072,0,0,0,0,0,0,0,0,0,0,0,0,0,0,0,0,58367,0,0,63484,0,281,0,223,588,9216,0,0,0,3072
287,0,5,0,0,0,0,0,505088,0,0,0,0,409,3072,0,0,0,0,0,0,0,0,0,0,0,0,0,0,0,0,59391,0,0,62555,2058,423,0,1,744,0,0,3072,0,3072
287,0,6,0,0,0,0,0,505088,0,0,0,0,370,3072,0,0,0,0,0,0,0,0,0,0,0,0,0,0,0,0,0,0,0,63488,0,40,625,1,576,0,0,3072,0,3072
287,0,7,0,0,0,0,0,505088,0,0,0,0,391,3072,0,0,0,0,0,0,0,0,0,0,0,0,0,0,0,0,0,0,0,63476,0,107,214,0,751,0,0,0,0,3072
287,0,8,0,0,0,0,0,505088,0,0,0,0,389,3072,0,0,0,0,0,0,0,0,0,0,0,0,0,0,0,0,0,0,0,63485,0,52,0,216,767,3072,0,0,0,3072
287,0,9,0,0,0,0,0,505088,0,0,0,0,413,3072,0,0,0,0,0,0,0,0,0,0,0,0,0,0,0,0,0,0,0,63483,850,42,0,1,659,0,0,0,0,3072
287,0,10,0,0,0,0,0,505088,0,0,0,0,53,0,0,0,0,0,0,0,0,0,0,0,0,0,0,0,0,0,0,0,0,0,0,91,92,1,118,0,0,0,0,0
287,0,11,0,0,0,0,0,505088,0,0,0,0,53,0,0,0,0,0,0,0,0,0,0,0,0,0,0,0,0,0,0,0,0,0,0,43,39,0,94,0,0,0,0,0
287,0,12,0,0,0,0,0,505088,0,0,0,0,47,0,0,0,0,0,0,0,0,0,0,0,0,0,0,0,0,0,0,0,0,0,0,0,0,45,93,0,0,0,0,0
287,0,13,0,0,0,0,0,505088,0,0,0,0,53,0,0,0,0,0,0,0,0,0,0,0,0,0,0,0,0,0,0,0,0,0,178,0,0,0,109,0,0,0,0,0
287,0,14,0,0,0,0,0,505088,0,0,0,0,53,0,0,0,0,0,0,0,0,0,0,0,0,0,0,0,0,0,0,0,0,0,0,0,80,0,60,0,0,0,0,0
287,0,15,0,0,0,0,0,505088,0,0,0,0,41,0,0,0,0,0,0,0,0,0,0,0,0,0,0,0,0,0,0,0,0,0,0,0,39,0,92,0,0,0,0,0
288,0,0,0,0,0,0,0,1010423,0,0,4112,532480,136,0,0,0,0,0,9888,0,0,0,0,0,0,0,0,4112,4112,0,227296,0,650119,532480,0,1324,0,136,284,0,0,0,0,24576
288,0,1,0,0,0,0,0,505212,9888,0,0,0,3463,0,0,0,0,0,9888,0,0,0,0,0,0,0,0,0,3661,0,114376,0,227417,0,0,572,544,1049,6213,0,0,3072,0,0
288,0,2,0,0,0,0,0,505212,0,0,0,0,382,3072,0,0,0,0,0,0,0,0,0,0,0,0,0,0,0,0,58367,0,118550,63484,0,571,659,812,782,0,0,3072,0,3072
288,0,3,0,0,0,0,0,505212,0,0,0,0,437,3072,0,0,0,0,0,0,0,0,0,0,0,0,0,0,0,0,59386,0,0,63488,0,342,168,0,694,0,0,0,0,3072
288,0,4,0,0,0,0,0,505212,0,0,0,0,394,3072,0,0,0,0,0,0,0,0,0,0,0,0,0,0,0,0,58352,0,0,63487,0,274,0,211,595,9216,0,0,0,3072
288,0,5,0,0,0,0,0,505212,0,0,0,0,439,3072,0,0,0,0,0,0,0,0,0,0,0,0,0,0,0,0,59389,0,0,62576,2031,419,0,1,772,0,0,3072,0,3072
288,0,6,0,0,0,0,0,505212,0,0,0,0,370,3072,0,0,0,0,0,0,0,0,0,0,0,0,0,0,0,0,0,0,0,63488,0,40,653,1,568,0,0,3072,0,3072
288,0,7,0,0,0,0,0,505212,0,0,0,0,419,3072,0,0,0,0,0,0,0,0,0,0,0,0,0,0,0,0,0,0,0,63486,0,107,186,0,771,0,0,0,0,3072
288,0,8,0,0,0,0,0,505212,0,0,0,0,398,3072,0,0,0,0,0,0,0,0,0,0,0,0,0,0,0,0,0,0,0,63473,0,52,0,207,783,3072,0,0,0,3072
288,0,9,0,0,0,0,0,505212,0,0,0,0,441,3072,0,0,0,0,0,0,0,0,0,0,0,0,0,0,0,0,0,0,0,63468,831,42,0,1,691,0,0,0,0,3072
288,0,10,0,0,0,0,0,505212,0,0,0,0,53,0,0,0,0,0,0,0,0,0,0,0,0,0,0,0,0,0,0,0,0,0,0,91,92,1,118,0,0,0,0,0
288,0,11,0,0,0,0,0,505212,0,0,0,0,53,0,0,0,0,0,0,0,0,0,0,0,0,0,0,0,0,0,0,0,0,0,0,43,39,0,94,0,0,0,0,0
288,0,12,0,0,0,0,0,505212,0,0,0,0,47,0,0,0,0,0,0,0,0,0,0,0,0,0,0,0,0,0,0,0,0,0,0,0,0,45,93,0,0,0,0,0
288,0,13,0,0,0,0,0,505212,0,0,0,0,53,0,0,0,0,0,0,0,0,0,0,0,0,0,0,0,0,0,0,0,0,0,178,0,0,0,109,0,0,0,0,0
288,0,14,0,0,0,0,0,505212,0,0,0,0,53,0,0,0,0,0,0,0,0,0,0,0,0,0,0,0,0,0,0,0,0,0,0,0,80,0,60,0,0,0,0,0
288,0,15,0,0,0,0,0,505212,0,0,0,0,41,0,0,0,0,0,0,0,0,0,0,0,0,0,0,0,0,0,0,0,0,0,0,0,39,0,92,0,0,0,0,0
289,0,0,0,0,0,0,0,1246864,0,0,5180,665600,136,0,0,0,0,0,11502,0,0,0,0,0,0,0,0,5180,5180,0,226146,0,869905,665600,0,1332,0,136,284,0,0,0,0,59489
289,0,1,0,0,0,0,0,623432,11502,0,0,0,4533,0,0,0,0,0,11502,0,0,0,0,0,0,0,0,0,2680,0,114378,0,335242,0,0,454,543,1168,7854,0,0,3072,0,0
289,0,2,0,0,0,0,0,623432,0,0,0,0,387,3072,0,0,0,0,0,0,0,0,0,0,0,0,0,0,0,0,113404,0,176056,63472,0,949,600,1326,830,0,0,3072,0,3072
289,0,3,0,0,0,0,0,623432,0,0,0,0,379,3072,0,0,0,0,0,0,0,0,0,0,0,0,0,0,0,0,117495,0,0,63195,0,428,230,0,563,0,0,0,0,3072
289,0,4,0,0,0,0,0,623432,0,0,0,0,390,3072,0,0,0,0,0,0,0,0,0,0,0,0,0,0,0,0,58013,0,0,63409,0,274,0,219,590,12288,0,0,0,3072
289,0,5,0,0,0,0,0,623432,0,0,0,0,391,3072,0,0,0,0,0,0,0,0,0,0,0,0,0,0,0,0,59329,0,0,63180,2583,490,0,0,779,0,0,3072,0,3072
289,0,6,0,0,0,0,0,623432,0,0,0,0,382,3072,0,0,0,0,0,0,0,0,0,0,0,0,0,0,0,0,58151,0,0,63473,0,198,637,2,567,0,0,3072,0,3072
289,0,7,0,0,0,0,0,623432,0,0,0,0,411,3072,0,0,0,0,0,0,0,0,0,0,0,0,0,0,0,0,58328,0,0,63394,0,463,198,0,843,0,0,0,0,3072
289,0,8,0,0,0,0,0,623432,0,0,0,0,372,3072,0,0,0,0,0,0,0,0,0,0,0,0,0,0,0,0,0,0,0,63203,0,52,0,237,761,6144,0,0,0,3072
289,0,9,0,0,0,0,0,623432,0,0,0,0,378,3072,0,0,0,0,0,0,0,0,0,0,0,0,0,0,0,0,0,0,0,63280,1392,42,0,0,561,0,0,3072,0,3072
289,0,10,0,0,0,0,0,623432,0,0,0,0,396,3072,0,0,0,0,0,0,0,0,0,0,0,0,0,0,0,0,0,0,0,63467,0,91,605,3,822,0,0,3072,0,3072
289,0,11,0,0,0,0,0,623432,0,0,0,0,394,3072,0,0,0,0,0,0,0,0,0,0,0,0,0,0,0,0,0,0,0,63471,0,43,215,0,597,0,0,0,0,3072
289,0,12,0,0,0,0,0,623432,0,0,0,0,47,0,0,0,0,0,0,0,0,0,0,0,0,0,0,0,0,0,0,0,0,0,0,0,0,45,93,0,0,0,0,0
289,0,13,0,0,0,0,0,623432,0,0,0,0,53,0,0,0,0,0,0,0,0,0,0,0,0,0,0,0,0,0,0,0,0,0,178,0,0,0,109,0,0,0,0,0
289,0,14,0,0,0,0,0,623432,0,0,0,0,53,0,0,0,0,0,0,0,0,0,0,0,0,0,0,0,0,0,0,0,0,0,0,0,80,0,60,0,0,0,0,0
289,0,15,0,0,0,0,0,623432,0,0,0,0,41,0,0,0,0,0,0,0,0,0,0,0,0,0,0,0,0,0,0,0,0,0,0,0,39,0,94,0,0,0,0,0
290,0,0,0,0,0,0,0,1246602,0,0,5176,665600,136,0,0,0,0,0,11496,0,0,0,0,0,0,0,0,5176,5176,0,226322,0,871347,665600,0,1332,0,136,284,0,0,0,0,58963
290,0,1,0,0,0,0,0,623301,11496,0,0,0,4469,0,0,0,0,0,11496,0,0,0,0,0,0,0,0,0,2545,0,114353,0,335850,0,0,434,488,1303,7695,0,0,3072,0,0
290,0,2,0,0,0,0,0,623301,0,0,0,0,398,3072,0,0,0,0,0,0,0,0,0,0,0,0,0,0,0,0,113371,0,176308,63484,0,920,624,1257,801,0,0,3072,0,3072
290,0,3,0,0,0,0,0,623301,0,0,0,0,416,3072,0,0,0,0,0,0,0,0,0,0,0,0,0,0,0,0,117563,0,0,63264,0,495,190,0,601,0,0,0,0,3072
290,0,4,0,0,0,0,0,623301,0,0,0,0,400,3072,0,0,0,0,0,0,0,0,0,0,0,0,0,0,0,0,58085,0,0,63404,0,249,0,209,571,12288,0,0,0,3072
290,0,5,0,0,0,0,0,623301,0,0,0,0,378,3072,0,0,0,0,0,0,0,0,0,0,0,0,0,0,0,0,59350,0,0,63248,2650,485,0,0,791,0,0,3072,0,3072
290,0,6,0,0,0,0,0,623301,0,0,0,0,391,3072,0,0,0,0,0,0,0,0,0,0,0,0,0,0,0,0,58084,0,0,63480,0,221,601,2,582,0,0,3072,0,3072
290,0,7,0,0,0,0,0,623301,0,0,0,0,384,3072,0,0,0,0,0,0,0,0,0,0,0,0,0,0,0,0,58337,0,0,63425,0,416,225,0,796,0,0,0,0,3072
290,0,8,0,0,0,0,0,623301,0,0,0,0,385,3072,0,0,0,0,0,0,0,0,0,0,0,0,0,0,0,0,0,0,0,63263,0,52,0,224,799,6144,0,0,0,3072
290,0,9,0,0,0,0,0,623301,0,0,0,0,391,3072,0,0,0,0,0,0,0,0,0,0,0,0,0,0,0,0,0,0,0,63214,1384,42,0,0,579,0,0,3072,0,3072
290,0,10,0,0,0,0,0,623301,0,0,0,0,385,3072,0,0,0,0,0,0,0,0,0,0,0,0,0,0,0,0,0,0,0,63470,0,91,613,3,788,0,0,3072,0,3072
290,0,11,0,0,0,0,0,623301,0,0,0,0,391,3072,0,0,0,0,0,0,0,0,0,0,0,0,0,0,0,0,0,0,0,63472,0,43,218,0,641,0,0,0,0,3072
290,0,12,0,0,0,0,0,623301,0,0,0,0,47,0,0,0,0,0,0,0,0,0,0,0,0,0,0,0,0,0,0,0,0,0,0,0,0,45,93,0,0,0,0,0
290,0,13,0,0,0,0,0,623301,0,0,0,0,53,0,0,0,0,0,0,0,0,0,0,0,0,0,0,0,0,0,0,0,0,0,178,0,0,0,109,0,0,0,0,0
290,0,14,0,0,0,0,0,623301,0,0,0,0,53,0,0,0,0,0,0,0,0,0,0,0,0,0,0,0,0,0,0,0,0,0,0,0,80,0,60,0,0,0,0,0
290,0,15,0,0,0,0,0,623301,0,0,0,0,41,0,0,0,0,0,0,0,0,0,0,0,0,0,0,0,0,0,0,0,0,0,0,0,39,0,94,0,0,0,0,0
291,0,0,0,0,0,0,0,1246621,0,0,5167,665600,136,0,0,0,0,0,11478,0,0,0,0,0,0,0,0,5167,5167,0,226524,0,871637,665600,0,1328,0,136,284,0,0,0,0,59283
291,0,1,0,0,0,0,0,623311,11478,0,0,0,4478,0,0,0,0,0,11478,0,0,0,0,0,0,0,0,0,2459,0,114255,0,336030,0,0,425,493,1286,7718,0,0,3072,0,0
291,0,2,0,0,0,0,0,623311,0,0,0,0,379,3072,0,0,0,0,0,0,0,0,0,0,0,0,0,0,0,0,113311,0,176412,63478,0,928,626,1258,785,0,0,3072,0,3072
291,0,3,0,0,0,0,0,623311,0,0,0,0,398,3072,0,0,0,0,0,0,0,0,0,0,0,0,0,0,0,0,117568,0,0,63309,0,483,208,0,592,0,0,0,0,3072
291,0,4,0,0,0,0,0,623311,0,0,0,0,383,3072,0,0,0,0,0,0,0,0,0,0,0,0,0,0,0,0,58142,0,0,63418,0,257,0,224,550,12288,0,0,0,3072
291,0,5,0,0,0,0,0,623311,0,0,0,0,369,3072,0,0,0,0,0,0,0,0,0,0,0,0,0,0,0,0,59295,0,0,63298,2622,484,0,1,788,0,0,3072,0,3072
291,0,6,0,0,0,0,0,623311,0,0,0,0,393,3072,0,0,0,0,0,0,0,0,0,0,0,0,0,0,0,0,58030,0,0,63476,0,203,600,1,592,0,0,3072,0,3072
291,0,7,0,0,0,0,0,623311,0,0,0,0,385,3072,0,0,0,0,0,0,0,0,0,0,0,0,0,0,0,0,58324,0,0,63436,0,428,224,0,796,0,0,0,0,3072
291,0,8,0,0,0,0,0,623311,0,0,0,0,381,3072,0,0,0,0,0,0,0,0,0,0,0,0,0,0,0,0,0,0,0,63310,0,52,0,226,785,6144,0,0,0,3072
291,0,9,0,0,0,0,0,623311,0,0,0,0,382,3072,0,0,0,0,0,0,0,0,0,0,0,0,0,0,0,0,0,0,0,63148,1394,42,0,2,569,0,0,3072,0,3072
291,0,10,0,0,0,0,0,623311,0,0,0,0,392,3072,0,0,0,0,0,0,0,0,0,0,0,0,0,0,0,0,0,0,0,63467,0,91,600,0,811,0,0,3072,0,3072
291,0,11,0,0,0,0,0,623311,0,0,0,0,385,3072,0,0,0,0,0,0,0,0,0,0,0,0,0,0,0,0,0,0,0,63465,0,47,221,0,621,0,0,0,0,3072
291,0,12,0,0,0,0,0,623311,0,0,0,0,47,0,0,0,0,0,0,0,0,0,0,0,0,0,0,0,0,0,0,0,0,0,0,0,0,45,93,0,0,0,0,0
291,0,13,0,0,0,0,0,623311,0,0,0,0,53,0,0,0,0,0,0,0,0,0,0,0,0,0,0,0,0,0,0,0,0,0,178,0,0,0,109,0,0,0,0,0
291,0,14,0,0,0,0,0,623311,0,0,0,0,53,0,0,0,0,0,0,0,0,0,0,0,0,0,0,0,0,0,0,0,0,0,0,0,80,0,60,0,0,0,0,0
291,0,15,0,0,0,0,0,623311,0,0,0,0,41,0,0,0,0,0,0,0,0,0,0,0,0,0,0,0,0,0,0,0,0,0,0,0,39,0,90,0,0,0,0,0
292,0,0,0,0,0,0,0,1561928,0,0,6756,865280,136,0,0,0,0,0,13881,0,0,0,0,0,0,0,0,6756,6756,0,331736,0,1057114,865280,0,1881,0,136,284,0,0,0,0,1360661
292,0,1,0,0,0,0,0,780964,13881,0,0,0,5750,0,0,0,0,0,13881,0,0,0,0,0,0,0,0,0,3173,0,164124,0,380904,0,0,575,648,1304,9751,0,0,3072,0,0
292,0,2,0,0,0,0,0,780964,0,0,0,0,367,3072,0,0,0,0,0,0,0,0,0,0,0,0,0,0,0,0,164573,0,170926,63484,0,1318,563,1356,756,0,0,3072,0,3072
292,0,3,0,0,0,0,0,780964,0,0,0,0,366,3072,0,0,0,0,0,0,0,0,0,0,0,0,0,0,0,0,116841,0,0,63487,0,416,199,0,508,0,0,0,0,3072
292,0,4,0,0,0,0,0,780964,0,0,0,0,398,3072,0,0,0,0,0,0,0,0,0,0,0,0,0,0,0,0,113375,0,0,63432,0,398,0,221,579,16219,0,0,0,3072
292,0,5,0,0,0,0,0,780964,0,0,0,0,405,3072,0,0,0,0,0,0,0,0,0,0,0,0,0,0,0,0,114488,0,0,63198,3510,869,0,0,842,0,0,3078,0,3072
292,0,6,0,0,0,0,0,780964,0,0,0,0,386,3072,0,0,0,0,0,0,0,0,0,0,0,0,0,0,0,0,113197,0,0,63463,0,370,635,2,579,0,0,3072,0,3072
292,0,7,0,0,0,0,0,780964,0,0,0,0,403,3072,0,0,0,0,0,0,0,0,0,0,0,0,0,0,0,0,58153,0,0,63409,0,468,216,0,862,0,0,0,0,3072
292,0,8,0,0,0,0,0,780964,0,0,0,0,404,3072,0,0,0,0,0,0,0,0,0,0,0,0,0,0,0,0,58158,0,0,63233,0,428,0,215,832,12280,0,0,0,3072
292,0,9,0,0,0,0,0,780964,0,0,0,0,402,3072,0,0,0,0,0,0,0,0,0,0,0,0,0,0,0,0,58170,0,0,63172,2109,202,0,0,585,0,0,3072,0,3072
292,0,10,0,0,0,0,0,780964,0,0,0,0,401,3072,0,0,0,0,0,0,0,0,0,0,0,0,0,0,0,0,59270,0,0,63486,0,453,618,3,832,0,0,3072,0,3072
292,0,11,0,0,0,0,0,780964,0,0,0,0,401,3072,0,0,0,0,0,0,0,0,0,0,0,0,0,0,0,0,0,0,0,63433,0,45,217,0,608,0,0,0,0,3072
292,0,12,0,0,0,0,0,780964,0,0,0,0,397,3072,0,0,0,0,0,0,0,0,0,0,0,0,0,0,0,0,0,0,0,63468,0,0,0,222,596,3072,0,0,0,3072
292,0,13,0,0,0,0,0,780964,0,0,0,0,400,3072,0,0,0,0,0,0,0,0,0,0,0,0,0,0,0,0,0,0,0,63484,1064,0,0,0,825,0,0,3072,0,3072
292,0,14,0,0,0,0,0,780964,0,0,0,0,409,3072,0,0,0,0,0,0,0,0,0,0,0,0,0,0,0,0,0,0,0,63186,0,0,250,3,583,0,0,0,0,3072
292,0,15,0,0,0,0,0,780964,0,0,0,0,41,0,0,0,0,0,0,0,0,0,0,0,0,0,0,0,0,0,0,0,0,0,0,0,39,0,92,0,0,0,0,0
293,0,0,0,0,0,0,0,1561418,0,0,6756,865280,136,0,0,0,0,0,13881,0,0,0,0,0,0,0,0,6756,6756,0,331689,0,1056766,865280,0,1881,0,136,284,0,0,0,0,1360063
293,0,1,0,0,0,0,0,780709,13881,0,0,0,5752,0,0,0,0,0,13881,0,0,0,0,0,0,0,0,0,3208,0,164147,0,380769,0,0,565,676,1284,9806,0,0,3072,0,0
293,0,2,0,0,0,0,0,780709,0,0,0,0,367,3072,0,0,0,0,0,0,0,0,0,0,0,0,0,0,0,0,164575,0,170807,63484,0,1343,564,1356,751,0,0,3072,0,3072
293,0,3,0,0,0,0,0,780709,0,0,0,0,366,3072,0,0,0,0,0,0,0,0,0,0,0,0,0,0,0,0,116812,0,0,63487,0,411,198,0,514,0,0,0,0,3072
293,0,4,0,0,0,0,0,780709,0,0,0,0,388,3072,0,0,0,0,0,0,0,0,0,0,0,0,0,0,0,0,113375,0,0,63422,0,418,0,231,577,16232,0,0,0,3072
293,0,5,0,0,0,0,0,780709,0,0,0,0,403,3072,0,0,0,0,0,0,0,0,0,0,0,0,0,0,0,0,114515,0,0,63195,3456,876,0,0,843,0,0,3074,0,3072
293,0,6,0,0,0,0,0,780709,0,0,0,0,385,3072,0,0,0,0,0,0,0,0,0,0,0,0,0,0,0,0,113201,0,0,63469,0,354,646,2,569,0,0,3072,0,3072
293,0,7,0,0,0,0,0,780709,0,0,0,0,413,3072,0,0,0,0,0,0,0,0,0,0,0,0,0,0,0,0,58159,0,0,63402,0,471,206,0,874,0,0,0,0,3072
293,0,8,0,0,0,0,0,780709,0,0,0,0,399,3072,0,0,0,0,0,0,0,0,0,0,0,0,0,0,0,0,58149,0,0,63248,0,419,0,220,816,12283,0,0,0,3072
293,0,9,0,0,0,0,0,780709,0,0,0,0,390,3072,0,0,0,0,0,0,0,0,0,0,0,0,0,0,0,0,58159,0,0,63187,2144,204,0,0,564,0,0,3072,0,3072
293,0,10,0,0,0,0,0,780709,0,0,0,0,395,3072,0,0,0,0,0,0,0,0,0,0,0,0,0,0,0,0,59263,0,0,63486,0,461,623,3,834,0,0,3072,0,3072
293,0,11,0,0,0,0,0,780709,0,0,0,0,401,3072,0,0,0,0,0,0,0,0,0,0,0,0,0,0,0,0,0,0,0,63444,0,44,218,0,605,0,0,0,0,3072
293,0,12,0,0,0,0,0,780709,0,0,0,0,382,3072,0,0,0,0,0,0,0,0,0,0,0,0,0,0,0,0,0,0,0,63469,0,0,0,237,590,3072,0,0,0,3072
293,0,13,0,0,0,0,0,780709,0,0,0,0,410,3072,0,0,0,0,0,0,0,0,0,0,0,0,0,0,0,0,0,0,0,63485,1031,0,0,1,833,0,0,3072,0,3072
293,0,14,0,0,0,0,0,780709,0,0,0,0,403,3072,0,0,0,0,0,0,0,0,0,0,0,0,0,0,0,0,0,0,0,63188,0,0,257,1,569,0,0,0,0,3072
293,0,15,0,0,0,0,0,780709,0,0,0,0,41,0,0,0,0,0,0,0,0,0,0,0,0,0,0,0,0,0,0,0,0,0,0,0,39,0,95,0,0,0,0,0
294,0,0,0,0,0,0,0,1561312,0,0,6756,865280,136,0,0,0,0,0,13884,0,0,0,0,0,0,0,0,6756,6756,0,331550,0,1056469,865280,0,1881,0,136,284,0,0,0,0,1360447
294,0,1,0,0,0,0,0,780656,13884,0,0,0,5705,0,0,0,0,0,13884,0,0,0,0,0,0,0,0,0,3167,0,164135,0,380684,0,0,610,681,1281,9694,0,0,3072,0,0
294,0,2,0,0,0,0,0,780656,0,0,0,0,360,3072,0,0,0,0,0,0,0,0,0,0,0,0,0,0,0,0,164554,0,170775,63485,0,1351,582,1349,747,0,0,3072,0,3072
294,0,3,0,0,0,0,0,780656,0,0,0,0,379,3072,0,0,0,0,0,0,0,0,0,0,0,0,0,0,0,0,116824,0,0,63487,0,409,186,0,535,0,0,0,0,3072
294,0,4,0,0,0,0,0,780656,0,0,0,0,410,3072,0,0,0,0,0,0,0,0,0,0,0,0,0,0,0,0,113348,0,0,63424,0,429,0,209,593,16189,0,0,0,3072
294,0,5,0,0,0,0,0,780656,0,0,0,0,399,3072,0,0,0,0,0,0,0,0,0,0,0,0,0,0,0,0,114519,0,0,63182,3503,851,0,1,819,0,0,3074,0,3072
294,0,6,0,0,0,0,0,780656,0,0,0,0,387,3072,0,0,0,0,0,0,0,0,0,0,0,0,0,0,0,0,113175,0,0,63469,0,347,636,1,570,0,0,3072,0,3072
294,0,7,0,0,0,0,0,780656,0,0,0,0,405,3072,0,0,0,0,0,0,0,0,0,0,0,0,0,0,0,0,58159,0,0,63422,0,476,214,0,864,0,0,0,0,3072
294,0,8,0,0,0,0,0,780656,0,0,0,0,398,3072,0,0,0,0,0,0,0,0,0,0,0,0,0,0,0,0,58132,0,0,63241,0,414,0,221,809,12281,0,0,0,3072
294,0,9,0,0,0,0,0,780656,0,0,0,0,398,3072,0,0,0,0,0,0,0,0,0,0,0,0,0,0,0,0,58156,0,0,63190,2132,219,0,1,582,0,0,3072,0,3072
294,0,10,0,0,0,0,0,780656,0,0,0,0,394,3072,0,0,0,0,0,0,0,0,0,0,0,0,0,0,0,0,59259,0,0,63486,0,468,635,1,833,0,0,3072,0,3072
294,0,11,0,0,0,0,0,780656,0,0,0,0,411,3072,0,0,0,0,0,0,0,0,0,0,0,0,0,0,0,0,0,0,0,63439,0,43,208,0,613,0,0,0,0,3072
294,0,12,0,0,0,0,0,780656,0,0,0,0,388,3072,0,0,0,0,0,0,0,0,0,0,0,0,0,0,0,0,0,0,0,63461,0,0,0,231,601,3072,0,0,0,3072
294,0,13,0,0,0,0,0,780656,0,0,0,0,412,3072,0,0,0,0,0,0,0,0,0,0,0,0,0,0,0,0,0,0,0,63483,1021,0,0,0,820,0,0,3072,0,3072
294,0,14,0,0,0,0,0,780656,0,0,0,0,388,3072,0,0,0,0,0,0,0,0,0,0,0,0,0,0,0,0,0,0,0,63180,0,0,272,2,547,0,0,0,0,3072
294,0,15,0,0,0,0,0,780656,0,0,0,0,41,0,0,0,0,0,0,0,0,0,0,0,0,0,0,0,0,0,0,0,0,0,0,0,39,0,95,0,0,0,0,0
295,0,0,0,0,0,0,0,280812,0,0,1026,66048,136,0,0,0,0,0,5214,0,0,0,0,0,0,0,0,1026,1026,0,0,0,120136,66048,0,294,0,136,284,0,0,0,0,1536
295,0,1,0,0,0,0,0,140406,5214,0,0,0,1841,0,0,0,0,0,5214,0,0,0,0,0,0,0,0,0,59,0,0,0,62370,0,0,84,170,440,3307,0,0,1536,0,0
295,0,2,0,0,0,0,0,140406,0,0,0,0,799,1536,0,0,0,0,0,0,0,0,0,0,0,0,0,0,0,0,0,0,0,63982,0,249,365,282,1627,0,0,0,0,1536
295,0,3,0,0,0,0,0,140406,0,0,0,0,47,0,0,0,0,0,0,0,0,0,0,0,0,0,0,0,0,0,0,0,0,0,0,92,45,0,54,0,0,0,0,0
295,0,4,0,0,0,0,0,140406,0,0,0,0,47,0,0,0,0,0,0,0,0,0,0,0,0,0,0,0,0,0,0,0,0,0,0,87,0,45,62,0,0,0,0,0
295,0,5,0,0,0,0,0,140406,0,0,0,0,47,0,0,0,0,0,0,0,0,0,0,0,0,0,0,0,0,0,0,0,0,0,537,148,0,0,109,0,0,0,0,0
295,0,6,0,0,0,0,0,140406,0,0,0,0,47,0,0,0,0,0,0,0,0,0,0,0,0,0,0,0,0,0,0,0,0,0,0,40,98,0,52,0,0,0,0,0
295,0,7,0,0,0,0,0,140406,0,0,0,0,53,0,0,0,0,0,0,0,0,0,0,0,0,0,0,0,0,0,0,0,0,0,0,104,39,0,140,0,0,0,0,0
295,0,8,0,0,0,0,0,140406,0,0,0,0,50,0,0,0,0,0,0,0,0,0,0,0,0,0,0,0,0,0,0,0,0,0,0,52,0,42,107,0,0,0,0,0
295,0,9,0,0,0,0,0,140406,0,0,0,0,47,0,0,0,0,0,0,0,0,0,0,0,0,0,0,0,0,0,0,0,0,0,365,42,0,0,53,0,0,0,0,0
295,0,10,0,0,0,0,0,140406,0,0,0,0,53,0,0,0,0,0,0,0,0,0,0,0,0,0,0,0,0,0,0,0,0,0,0,91,92,0,118,0,0,0,0,0
295,0,11,0,0,0,0,0,140406,0,0,0,0,53,0,0,0,0,0,0,0,0,0,0,0,0,0,0,0,0,0,0,0,0,0,0,40,39,0,94,0,0,0,0,0
295,0,12,0,0,0,0,0,140406,0,0,0,0,47,0,0,0,0,0,0,0,0,0,0,0,0,0,0,0,0,0,0,0,0,0,0,0,0,45,93,0,0,0,0,0
295,0,13,0,0,0,0,0,140406,0,0,0,0,53,0,0,0,0,0,0,0,0,0,0,0,0,0,0,0,0,0,0,0,0,0,178,0,0,0,109,0,0,0,0,0
295,0,14,0,0,0,0,0,140406,0,0,0,0,53,0,0,0,0,0,0,0,0,0,0,0,0,0,0,0,0,0,0,0,0,0,0,0,80,0,60,0,0,0,0,0
295,0,15,0,0,0,0,0,140406,0,0,0,0,41,0,0,0,0,0,0,0,0,0,0,0,0,0,0,0,0,0,0,0,0,0,0,0,39,0,88,0,0,0,0,0
296,0,0,0,0,0,0,0,280828,0,0,1026,66048,136,0,0,0,0,0,5217,0,0,0,0,0,0,0,0,1026,1026,0,0,0,120136,66048,0,294,0,136,284,0,0,0,0,1536
296,0,1,0,0,0,0,0,140414,5217,0,0,0,1843,0,0,0,0,0,5217,0,0,0,0,0,0,0,0,0,58,0,0,0,62370,0,0,84,170,438,3311,0,0,1536,0,0
296,0,2,0,0,0,0,0,140414,0,0,0,0,800,1536,0,0,0,0,0,0,0,0,0,0,0,0,0,0,0,0,0,0,0,63982,0,249,363,283,1630,0,0,0,0,1536
296,0,3,0,0,0,0,0,140414,0,0,0,0,47,0,0,0,0,0,0,0,0,0,0,0,0,0,0,0,0,0,0,0,0,0,0,91,45,0,54,0,0,0,0,0
296,0,4,0,0,0,0,0,140414,0,0,0,0,47,0,0,0,0,0,0,0,0,0,0,0,0,0,0,0,0,0,0,0,0,0,0,87,0,45,61,0,0,0,0,0
296,0,5,0,0,0,0,0,140414,0,0,0,0,47,0,0,0,0,0,0,0,0,0,0,0,0,0,0,0,0,0,0,0,0,0,537,148,0,0,109,0,0,0,0,0
296,0,6,0,0,0,0,0,140414,0,0,0,0,47,0,0,0,0,0,0,0,0,0,0,0,0,0,0,0,0,0,0,0,0,0,0,40,98,0,52,0,0,0,0,0
296,0,7,0,0,0,0,0,140414,0,0,0,0,53,0,0,0,0,0,0,0,0,0,0,0,0,0,0,0,0,0,0,0,0,0,0,105,39,0,140,0,0,0,0,0
296,0,8,0,0,0,0,0,140414,0,0,0,0,50,0,0,0,0,0,0,0,0,0,0,0,0,0,0,0,0,0,0,0,0,0,0,52,0,42,107,0,0,0,0,0
296,0,9,0,0,0,0,0,140414,0,0,0,0,47,0,0,0,0,0,0,0,0,0,0,0,0,0,0,0,0,0,0,0,0,0,365,42,0,0,53,0,0,0,0,0
296,0,10,0,0,0,0,0,140414,0,0,0,0,53,0,0,0,0,0,0,0,0,0,0,0,0,0,0,0,0,0,0,0,0,0,0,91,92,0,118,0,0,0,0,0
296,0,11,0,0,0,0,0,140414,0,0,0,0,53,0,0,0,0,0,0,0,0,0,0,0,0,0,0,0,0,0,0,0,0,0,0,39,39,0,94,0,0,0,0,0
296,0,12,0,0,0,0,0,140414,0,0,0,0,47,0,0,0,0,0,0,0,0,0,0,0,0,0,0,0,0,0,0,0,0,0,0,0,0,45,93,0,0,0,0,0
296,0,13,0,0,0,0,0,140414,0,0,0,0,53,0,0,0,0,0,0,0,0,0,0,0,0,0,0,0,0,0,0,0,0,0,178,0,0,0,109,0,0,0,0,0
296,0,14,0,0,0,0,0,140414,0,0,0,0,53,0,0,0,0,0,0,0,0,0,0,0,0,0,0,0,0,0,0,0,0,0,0,0,80,0,60,0,0,0,0,0
296,0,15,0,0,0,0,0,140414,0,0,0,0,41,0,0,0,0,0,0,0,0,0,0,0,0,0,0,0,0,0,0,0,0,0,0,0,39,0,89,0,0,0,0,0
297,0,0,0,0,0,0,0,280833,0,0,1026,66048,136,0,0,0,0,0,5217,0,0,0,0,0,0,0,0,1026,1026,0,0,0,120148,66048,0,294,0,136,284,0,0,0,0,1536
297,0,1,0,0,0,0,0,140417,5217,0,0,0,1847,0,0,0,0,0,5217,0,0,0,0,0,0,0,0,0,58,0,0,0,62376,0,0,84,170,434,3317,0,0,1536,0,0
297,0,2,0,0,0,0,0,140417,0,0,0,0,803,1536,0,0,0,0,0,0,0,0,0,0,0,0,0,0,0,0,0,0,0,63985,0,249,361,282,1637,0,0,0,0,1536
297,0,3,0,0,0,0,0,140417,0,0,0,0,47,0,0,0,0,0,0,0,0,0,0,0,0,0,0,0,0,0,0,0,0,0,0,92,45,0,54,0,0,0,0,0
297,0,4,0,0,0,0,0,140417,0,0,0,0,47,0,0,0,0,0,0,0,0,0,0,0,0,0,0,0,0,0,0,0,0,0,0,87,0,45,61,0,0,0,0,0
297,0,5,0,0,0,0,0,140417,0,0,0,0,47,0,0,0,0,0,0,0,0,0,0,0,0,0,0,0,0,0,0,0,0,0,537,148,0,0,109,0,0,0,0,0
297,0,6,0,0,0,0,0,140417,0,0,0,0,47,0,0,0,0,0,0,0,0,0,0,0,0,0,0,0,0,0,0,0,0,0,0,40,98,0,52,0,0,0,0,0
297,0,7,0,0,0,0,0,140417,0,0,0,0,53,0,0,0,0,0,0,0,0,0,0,0,0,0,0,0,0,0,0,0,0,0,0,104,39,0,140,0,0,0,0,0
297,0,8,0,0,0,0,0,140417,0,0,0,0,50,0,0,0,0,0,0,0,0,0,0,0,0,0,0,0,0,0,0,0,0,0,0,52,0,42,107,0,0,0,0,0
297,0,9,0,0,0,0,0,140417,0,0,0,0,47,0,0,0,0,0,0,0,0,0,0,0,0,0,0,0,0,0,0,0,0,0,365,42,0,0,53,0,0,0,0,0
297,0,10,0,0,0,0,0,140417,0,0,0,0,53,0,0,0,0,0,0,0,0,0,0,0,0,0,0,0,0,0,0,0,0,0,0,91,92,0,118,0,0,0,0,0
297,0,11,0,0,0,0,0,140417,0,0,0,0,53,0,0,0,0,0,0,0,0,0,0,0,0,0,0,0,0,0,0,0,0,0,0,40,39,0,94,0,0,0,0,0
297,0,12,0,0,0,0,0,140417,0,0,0,0,47,0,0,0,0,0,0,0,0,0,0,0,0,0,0,0,0,0,0,0,0,0,0,0,0,45,93,0,0,0,0,0
297,0,13,0,0,0,0,0,140417,0,0,0,0,53,0,0,0,0,0,0,0,0,0,0,0,0,0,0,0,0,0,0,0,0,0,178,0,0,0,109,0,0,0,0,0
297,0,14,0,0,0,0,0,140417,0,0,0,0,53,0,0,0,0,0,0,0,0,0,0,0,0,0,0,0,0,0,0,0,0,0,0,0,80,0,60,0,0,0,0,0
297,0,15,0,0,0,0,0,140417,0,0,0,0,41,0,0,0,0,0,0,0,0,0,0,0,0,0,0,0,0,0,0,0,0,0,0,0,39,0,88,0,0,0,0,0
298,0,0,0,0,0,0,0,355826,0,0,1028,132096,136,0,0,0,0,0,5226,0,0,0,0,0,0,0,0,1028,1028,0,0,0,245001,132096,0,294,0,136,284,0,0,0,0,3072
298,0,1,0,0,0,0,0,177913,5226,0,0,0,1969,0,0,0,0,0,5226,0,0,0,0,0,0,0,0,0,980,0,0,0,124828,0,0,84,170,315,3199,0,0,1536,0,0
298,0,2,0,0,0,0,0,177913,0,0,0,0,340,1536,0,0,0,0,0,0,0,0,0,0,0,0,0,0,0,0,0,0,62464,63994,0,249,601,723,855,0,0,1536,0,1536
298,0,3,0,0,0,0,0,177913,0,0,0,0,337,1536,0,0,0,0,0,0,0,0,0,0,0,0,0,0,0,0,0,0,0,64511,0,92,268,0,418,0,0,0,0,1536
298,0,4,0,0,0,0,0,177913,0,0,0,0,47,0,0,0,0,0,0,0,0,0,0,0,0,0,0,0,0,0,0,0,0,0,0,87,0,45,62,0,0,0,0,0
298,0,5,0,0,0,0,0,177913,0,0,0,0,47,0,0,0,0,0,0,0,0,0,0,0,0,0,0,0,0,0,0,0,0,0,537,148,0,0,109,0,0,0,0,0
298,0,6,0,0,0,0,0,177913,0,0,0,0,47,0,0,0,0,0,0,0,0,0,0,0,0,0,0,0,0,0,0,0,0,0,0,40,98,0,52,0,0,0,0,0
298,0,7,0,0,0,0,0,177913,0,0,0,0,53,0,0,0,0,0,0,0,0,0,0,0,0,0,0,0,0,0,0,0,0,0,0,105,39,0,140,0,0,0,0,0
298,0,8,0,0,0,0,0,177913,0,0,0,0,50,0,0,0,0,0,0,0,0,0,0,0,0,0,0,0,0,0,0,0,0,0,0,52,0,42,107,0,0,0,0,0
298,0,9,0,0,0,0,0,177913,0,0,0,0,47,0,0,0,0,0,0,0,0,0,0,0,0,0,0,0,0,0,0,0,0,0,365,42,0,0,53,0,0,0,0,0
298,0,10,0,0,0,0,0,177913,0,0,0,0,53,0,0,0,0,0,0,0,0,0,0,0,0,0,0,0,0,0,0,0,0,0,0,91,92,0,118,0,0,0,0,0
298,0,11,0,0,0,0,0,177913,0,0,0,0,53,0,0,0,0,0,0,0,0,0,0,0,0,0,0,0,0,0,0,0,0,0,0,40,39,0,94,0,0,0,0,0
298,0,12,0,0,0,0,0,177913,0,0,0,0,47,0,0,0,0,0,0,0,0,0,0,0,0,0,0,0,0,0,0,0,0,0,0,0,0,45,93,0,0,0,0,0
298,0,13,0,0,0,0,0,177913,0,0,0,0,53,0,0,0,0,0,0,0,0,0,0,0,0,0,0,0,0,0,0,0,0,0,178,0,0,0,109,0,0,0,0,0
298,0,14,0,0,0,0,0,177913,0,0,0,0,53,0,0,0,0,0,0,0,0,0,0,0,0,0,0,0,0,0,0,0,0,0,0,0,80,0,60,0,0,0,0,0
298,0,15,0,0,0,0,0,177913,0,0,0,0,41,0,0,0,0,0,0,0,0,0,0,0,0,0,0,0,0,0,0,0,0,0,0,0,39,0,89,0,0,0,0,0
299,0,0,0,0,0,0,0,355861,0,0,1028,132096,136,0,0,0,0,0,5226,0,0,0,0,0,0,0,0,1028,1028,0,0,0,245053,132096,0,294,0,136,284,0,0,0,0,3072
299,0,1,0,0,0,0,0,177931,5226,0,0,0,1998,0,0,0,0,0,5226,0,0,0,0,0,0,0,0,0,983,0,0,0,124845,0,0,84,170,286,3219,0,0,1536,0,0
299,0,2,0,0,0,0,0,177931,0,0,0,0,326,1536,0,0,0,0,0,0,0,0,0,0,0,0,0,0,0,0,0,0,62464,64005,0,249,610,738,855,0,0,1536,0,1536
299,0,3,0,0,0,0,0,177931,0,0,0,0,331,1536,0,0,0,0,0,0,0,0,0,0,0,0,0,0,0,0,0,0,0,64511,0,93,273,0,397,0,0,0,0,1536
299,0,4,0,0,0,0,0,177931,0,0,0,0,47,0,0,0,0,0,0,0,0,0,0,0,0,0,0,0,0,0,0,0,0,0,0,87,0,45,61,0,0,0,0,0
299,0,5,0,0,0,0,0,177931,0,0,0,0,47,0,0,0,0,0,0,0,0,0,0,0,0,0,0,0,0,0,0,0,0,0,537,148,0,0,109,0,0,0,0,0
299,0,6,0,0,0,0,0,177931,0,0,0,0,47,0,0,0,0,0,0,0,0,0,0,0,0,0,0,0,0,0,0,0,0,0,0,40,98,0,52,0,0,0,0,0
299,0,7,0,0,0,0,0,177931,0,0,0,0,53,0,0,0,0,0,0,0,0,0,0,0,0,0,0,0,0,0,0,0,0,0,0,104,39,0,140,0,0,0,0,0
299,0,8,0,0,0,0,0,177931,0,0,0,0,50,0,0,0,0,0,0,0,0,0,0,0,0,0,0,0,0,0,0,0,0,0,0,52,0,42,107,0,0,0,0,0
299,0,9,0,0,0,0,0,177931,0,0,0,0,47,0,0,0,0,0,0,0,0,0,0,0,0,0,0,0,0,0,0,0,0,0,365,42,0,0,53,0,0,0,0,0
299,0,10,0,0,0,0,0,177931,0,0,0,0,53,0,0,0,0,0,0,0,0,0,0,0,0,0,0,0,0,0,0,0,0,0,0,91,92,0,118,0,0,0,0,0
299,0,11,0,0,0,0,0,177931,0,0,0,0,53,0,0,0,0,0,0,0,0,0,0,0,0,0,0,0,0,0,0,0,0,0,0,41,39,0,94,0,0,0,0,0
299,0,12,0,0,0,0,0,177931,0,0,0,0,47,0,0,0,0,0,0,0,0,0,0,0,0,0,0,0,0,0,0,0,0,0,0,0,0,45,93,0,0,0,0,0
299,0,13,0,0,0,0,0,177931,0,0,0,0,53,0,0,0,0,0,0,0,0,0,0,0,0,0,0,0,0,0,0,0,0,0,178,0,0,0,109,0,0,0,0,0
299,0,14,0,0,0,0,0,177931,0,0,0,0,53,0,0,0,0,0,0,0,0,0,0,0,0,0,0,0,0,0,0,0,0,0,0,0,80,0,60,0,0,0,0,0
299,0,15,0,0,0,0,0,177931,0,0,0,0,41,0,0,0,0,0,0,0,0,0,0,0,0,0,0,0,0,0,0,0,0,0,0,0,39,0,88,0,0,0,0,0
300,0,0,0,0,0,0,0,355757,0,0,1028,132096,136,0,0,0,0,0,5223,0,0,0,0,0,0,0,0,1028,1028,0,0,0,244910,132096,0,294,0,136,284,0,0,0,0,3072
300,0,1,0,0,0,0,0,177879,5223,0,0,0,1981,0,0,0,0,0,5223,0,0,0,0,0,0,0,0,0,987,0,0,0,124802,0,0,84,169,304,3208,0,0,1536,0,0
300,0,2,0,0,0,0,0,177879,0,0,0,0,341,1536,0,0,0,0,0,0,0,0,0,0,0,0,0,0,0,0,0,0,62464,63982,0,249,604,725,865,0,0,1536,0,1536
300,0,3,0,0,0,0,0,177879,0,0,0,0,341,1536,0,0,0,0,0,0,0,0,0,0,0,0,0,0,0,0,0,0,0,64511,0,92,264,0,420,0,0,0,0,1536
300,0,4,0,0,0,0,0,177879,0,0,0,0,47,0,0,0,0,0,0,0,0,0,0,0,0,0,0,0,0,0,0,0,0,0,0,87,0,45,61,0,0,0,0,0
300,0,5,0,0,0,0,0,177879,0,0,0,0,47,0,0,0,0,0,0,0,0,0,0,0,0,0,0,0,0,0,0,0,0,0,537,148,0,0,109,0,0,0,0,0
300,0,6,0,0,0,0,0,177879,0,0,0,0,47,0,0,0,0,0,0,0,0,0,0,0,0,0,0,0,0,0,0,0,0,0,0,40,98,0,52,0,0,0,0,0
300,0,7,0,0,0,0,0,177879,0,0,0,0,53,0,0,0,0,0,0,0,0,0,0,0,0,0,0,0,0,0,0,0,0,0,0,105,39,0,140,0,0,0,0,0
300,0,8,0,0,0,0,0,177879,0,0,0,0,50,0,0,0,0,0,0,0,0,0,0,0,0,0,0,0,0,0,0,0,0,0,0,52,0,42,107,0,0,0,0,0
300,0,9,0,0,0,0,0,177879,0,0,0,0,47,0,0,0,0,0,0,0,0,0,0,0,0,0,0,0,0,0,0,0,0,0,365,42,0,0,53,0,0,0,0,0
300,0,10,0,0,0,0,0,177879,0,0,0,0,53,0,0,0,0,0,0,0,0,0,0,0,0,0,0,0,0,0,0,0,0,0,0,91,92,0,118,0,0,0,0,0
300,0,11,0,0,0,0,0,177879,0,0,0,0,53,0,0,0,0,0,0,0,0,0,0,0,0,0,0,0,0,0,0,0,0,0,0,40,39,0,94,0,0,0,0,0
300,0,12,0,0,0,0,0,177879,0,0,0,0,47,0,0,0,0,0,0,0,0,0,0,0,0,0,0,0,0,0,0,0,0,0,0,0,0,45,93,0,0,0,0,0
300,0,13,0,0,0,0,0,177879,0,0,0,0,53,0,0,0,0,0,0,0,0,0,0,0,0,0,0,0,0,0,0,0,0,0,178,0,0,0,109,0,0,0,0,0
300,0,14,0,0,0,0,0,177879,0,0,0,0,53,0,0,0,0,0,0,0,0,0,0,0,0,0,0,0,0,0,0,0,0,0,0,0,80,0,60,0,0,0,0,0
300,0,15,0,0,0,0,0,177879,0,0,0,0,41,0,0,0,0,0,0,0,0,0,0,0,0,0,0,0,0,0,0,0,0,0,0,0,39,0,89,0,0,0,0,0
301,0,0,0,0,0,0,0,605594,0,0,1792,264192,136,0,0,0,0,0,6384,0,0,0,0,0,0,0,0,1792,1792,0,124574,0,364228,264192,0,743,0,136,284,0,0,0,0,6144
301,0,1,0,0,0,0,0,302797,6384,0,0,0,2326,0,0,0,0,0,6384,0,0,0,0,0,0,0,0,0,886,0,62428,0,123943,0,0,182,281,515,3943,0,0,1536,0,0
301,0,2,0,0,0,0,0,302797,0,0,0,0,339,1536,0,0,0,0,0,0,0,0,0,0,0,0,0,0,0,0,0,0,62441,64279,0,249,529,565,680,0,0,1536,0,1536
301,0,3,0,0,0,0,0,302797,0,0,0,0,330,1536,0,0,0,0,0,0,0,0,0,0,0,0,0,0,0,0,0,0,0,64284,0,92,209,0,503,0,0,0,0,1536
301,0,4,0,0,0,0,0,302797,0,0,0,0,355,1536,0,0,0,0,0,0,0,0,0,0,0,0,0,0,0,0,0,0,0,64261,0,87,0,184,480,1536,0,0,0,1536
301,0,5,0,0,0,0,0,302797,0,0,0,0,355,1536,0,0,0,0,0,0,0,0,0,0,0,0,0,0,0,0,0,0,0,64298,982,148,0,2,768,0,0,0,0,1536
301,0,6,0,0,0,0,0,302797,0,0,0,0,47,0,0,0,0,0,0,0,0,0,0,0,0,0,0,0,0,0,0,0,0,0,0,40,98,0,52,0,0,0,0,0
301,0,7,0,0,0,0,0,302797,0,0,0,0,53,0,0,0,0,0,0,0,0,0,0,0,0,0,0,0,0,0,0,0,0,0,0,107,39,0,140,0,0,0,0,0
301,0,8,0,0,0,0,0,302797,0,0,0,0,50,0,0,0,0,0,0,0,0,0,0,0,0,0,0,0,0,0,0,0,0,0,0,52,0,42,107,0,0,0,0,0
301,0,9,0,0,0,0,0,302797,0,0,0,0,47,0,0,0,0,0,0,0,0,0,0,0,0,0,0,0,0,0,0,0,0,0,365,42,0,0,53,0,0,0,0,0
301,0,10,0,0,0,0,0,302797,0,0,0,0,53,0,0,0,0,0,0,0,0,0,0,0,0,0,0,0,0,0,0,0,0,0,0,91,92,0,118,0,0,0,0,0
301,0,11,0,0,0,0,0,302797,0,0,0,0,53,0,0,0,0,0,0,0,0,0,0,0,0,0,0,0,0,0,0,0,0,0,0,40,39,0,94,0,0,0,0,0
301,0,12,0,0,0,0,0,302797,0,0,0,0,47,0,0,0,0,0,0,0,0,0,0,0,0,0,0,0,0,0,0,0,0,0,0,0,0,45,93,0,0,0,0,0
301,0,13,0,0,0,0,0,302797,0,0,0,0,53,0,0,0,0,0,0,0,0,0,0,0,0,0,0,0,0,0,0,0,0,0,178,0,0,0,109,0,0,0,0,0
301,0,14,0,0,0,0,0,302797,0,0,0,0,53,0,0,0,0,0,0,0,0,0,0,0,0,0,0,0,0,0,0,0,0,0,0,0,80,0,60,0,0,0,0,0
301,0,15,0,0,0,0,0,302797,0,0,0,0,41,0,0,0,0,0,0,0,0,0,0,0,0,0,0,0,0,0,0,0,0,0,0,0,39,0,91,0,0,0,0,0
302,0,0,0,0,0,0,0,605742,0,0,1798,264192,136,0,0,0,0,0,6390,0,0,0,0,0,0,0,0,1798,1798,0,124574,0,364271,264192,0,745,0,136,284,0,0,0,0,6144
302,0,1,0,0,0,0,0,302871,6390,0,0,0,2316,0,0,0,0,0,6390,0,0,0,0,0,0,0,0,0,889,0,62422,0,123957,0,0,194,285,515,3911,0,0,1536,0,0
302,0,2,0,0,0,0,0,302871,0,0,0,0,338,1536,0,0,0,0,0,0,0,0,0,0,0,0,0,0,0,0,0,0,62438,64283,0,249,539,564,683,0,0,1536,0,1536
302,0,3,0,0,0,0,0,302871,0,0,0,0,340,1536,0,0,0,0,0,0,0,0,0,0,0,0,0,0,0,0,0,0,0,64284,0,91,201,0,517,0,0,0,0,1536
302,0,4,0,0,0,0,0,302871,0,0,0,0,374,1536,0,0,0,0,0,0,0,0,0,0,0,0,0,0,0,0,0,0,0,64258,0,87,0,167,505,1536,0,0,0,1536
302,0,5,0,0,0,0,0,302871,0,0,0,0,359,1536,0,0,0,0,0,0,0,0,0,0,0,0,0,0,0,0,0,0,0,64294,1000,148,0,1,762,0,0,0,0,1536
302,0,6,0,0,0,0,0,302871,0,0,0,0,47,0,0,0,0,0,0,0,0,0,0,0,0,0,0,0,0,0,0,0,0,0,0,40,98,1,52,0,0,0,0,0
302,0,7,0,0,0,0,0,302871,0,0,0,0,53,0,0,0,0,0,0,0,0,0,0,0,0,0,0,0,0,0,0,0,0,0,0,107,39,0,140,0,0,0,0,0
302,0,8,0,0,0,0,0,302871,0,0,0,0,50,0,0,0,0,0,0,0,0,0,0,0,0,0,0,0,0,0,0,0,0,0,0,52,0,42,107,0,0,0,0,0
302,0,9,0,0,0,0,0,302871,0,0,0,0,47,0,0,0,0,0,0,0,0,0,0,0,0,0,0,0,0,0,0,0,0,0,365,42,0,0,53,0,0,0,0,0
302,0,10,0,0,0,0,0,302871,0,0,0,0,53,0,0,0,0,0,0,0,0,0,0,0,0,0,0,0,0,0,0,0,0,0,0,91,92,0,118,0,0,0,0,0
302,0,11,0,0,0,0,0,302871,0,0,0,0,53,0,0,0,0,0,0,0,0,0,0,0,0,0,0,0,0,0,0,0,0,0,0,40,39,0,94,0,0,0,0,0
302,0,12,0,0,0,0,0,302871,0,0,0,0,47,0,0,0,0,0,0,0,0,0,0,0,0,0,0,0,0,0,0,0,0,0,0,0,0,45,93,0,0,0,0,0
302,0,13,0,0,0,0,0,302871,0,0,0,0,53,0,0,0,0,0,0,0,0,0,0,0,0,0,0,0,0,0,0,0,0,0,178,0,0,0,109,0,0,0,0,0
302,0,14,0,0,0,0,0,302871,0,0,0,0,53,0,0,0,0,0,0,0,0,0,0,0,0,0,0,0,0,0,0,0,0,0,0,0,80,0,60,0,0,0,0,0
302,0,15,0,0,0,0,0,302871,0,0,0,0,41,0,0,0,0,0,0,0,0,0,0,0,0,0,0,0,0,0,0,0,0,0,0,0,39,0,91,0,0,0,0,0
303,0,0,0,0,0,0,0,605987,0,0,1803,264192,136,0,0,0,0,0,6399,0,0,0,0,0,0,0,0,1803,1803,0,124571,0,364238,264192,0,745,0,136,284,0,0,0,0,6144
303,0,1,0,0,0,0,0,302994,6399,0,0,0,2316,0,0,0,0,0,6399,0,0,0,0,0,0,0,0,0,881,0,62409,0,123963,0,0,188,287,521,3920,0,0,1536,0,0
303,0,2,0,0,0,0,0,302994,0,0,0,0,341,1536,0,0,0,0,0,0,0,0,0,0,0,0,0,0,0,0,0,0,62445,64287,0,249,537,559,686,0,0,1536,0,1536
303,0,3,0,0,0,0,0,302994,0,0,0,0,338,1536,0,0,0,0,0,0,0,0,0,0,0,0,0,0,0,0,0,0,0,64287,0,92,203,0,519,0,0,0,0,1536
303,0,4,0,0,0,0,0,302994,0,0,0,0,385,1536,0,0,0,0,0,0,0,0,0,0,0,0,0,0,0,0,0,0,0,64247,0,87,0,156,516,1536,0,0,0,1536
303,0,5,0,0,0,0,0,302994,0,0,0,0,376,1536,0,0,0,0,0,0,0,0,0,0,0,0,0,0,0,0,0,0,0,64289,995,148,0,0,785,0,0,0,0,1536
303,0,6,0,0,0,0,0,302994,0,0,0,0,47,0,0,0,0,0,0,0,0,0,0,0,0,0,0,0,0,0,0,0,0,0,0,40,98,2,52,0,0,0,0,0
303,0,7,0,0,0,0,0,302994,0,0,0,0,53,0,0,0,0,0,0,0,0,0,0,0,0,0,0,0,0,0,0,0,0,0,0,105,39,0,140,0,0,0,0,0
303,0,8,0,0,0,0,0,302994,0,0,0,0,50,0,0,0,0,0,0,0,0,0,0,0,0,0,0,0,0,0,0,0,0,0,0,52,0,42,107,0,0,0,0,0
303,0,9,0,0,0,0,0,302994,0,0,0,0,47,0,0,0,0,0,0,0,0,0,0,0,0,0,0,0,0,0,0,0,0,0,365,42,0,0,53,0,0,0,0,0
303,0,10,0,0,0,0,0,302994,0,0,0,0,53,0,0,0,0,0,0,0,0,0,0,0,0,0,0,0,0,0,0,0,0,0,0,91,92,0,118,0,0,0,0,0
303,0,11,0,0,0,0,0,302994,0,0,0,0,53,0,0,0,0,0,0,0,0,0,0,0,0,0,0,0,0,0,0,0,0,0,0,42,39,0,94,0,0,0,0,0
303,0,12,0,0,0,0,0,302994,0,0,0,0,47,0,0,0,0,0,0,0,0,0,0,0,0,0,0,0,0,0,0,0,0,0,0,0,0,45,93,0,0,0,0,0
303,0,13,0,0,0,0,0,302994,0,0,0,0,53,0,0,0,0,0,0,0,0,0,0,0,0,0,0,0,0,0,0,0,0,0,178,0,0,0,109,0,0,0,0,0
303,0,14,0,0,0,0,0,302994,0,0,0,0,53,0,0,0,0,0,0,0,0,0,0,0,0,0,0,0,0,0,0,0,0,0,0,0,80,0,60,0,0,0,0,0
303,0,15,0,0,0,0,0,302994,0,0,0,0,41,0,0,0,0,0,0,0,0,0,0,0,0,0,0,0,0,0,0,0,0,0,0,0,39,0,89,0,0,0,0,0
304,0,0,0,0,0,0,0,850425,0,0,2470,396288,136,0,0,0,0,0,7413,0,0,0,0,0,0,0,0,2470,2470,0,124636,0,597721,396288,0,707,0,136,284,0,0,0,0,9216
304,0,1,0,0,0,0,0,425213,7413,0,0,0,2634,0,0,0,0,0,7413,0,0,0,0,0,0,0,0,0,757,0,62462,0,242395,0,0,202,288,860,4582,0,0,1536,0,0
304,0,2,0,0,0,0,0,425213,0,0,0,0,349,1536,0,0,0,0,0,0,0,0,0,0,0,0,0,0,0,0,62441,0,121970,64497,0,479,495,765,667,0,0,1536,0,1536
304,0,3,0,0,0,0,0,425213,0,0,0,0,343,1536,0,0,0,0,0,0,0,0,0,0,0,0,0,0,0,0,61672,0,0,64511,0,236,159,0,550,0,0,0,0,1536
304,0,4,0,0,0,0,0,425213,0,0,0,0,349,1536,0,0,0,0,0,0,0,0,0,0,0,0,0,0,0,0,0,0,0,64297,0,87,0,154,483,3072,0,0,0,1536
304,0,5,0,0,0,0,0,425213,0,0,0,0,340,1536,0,0,0,0,0,0,0,0,0,0,0,0,0,0,0,0,0,0,0,64306,1359,148,0,1,697,0,0,1536,0,1536
304,0,6,0,0,0,0,0,425213,0,0,0,0,339,1536,0,0,0,0,0,0,0,0,0,0,0,0,0,0,0,0,0,0,0,64136,0,40,515,2,527,0,0,1536,0,1536
304,0,7,0,0,0,0,0,425213,0,0,0,0,353,1536,0,0,0,0,0,0,0,0,0,0,0,0,0,0,0,0,0,0,0,64238,0,105,150,0,710,0,0,0,0,1536
304,0,8,0,0,0,0,0,425213,0,0,0,0,50,0,0,0,0,0,0,0,0,0,0,0,0,0,0,0,0,0,0,0,0,0,0,52,0,42,107,0,0,0,0,0
304,0,9,0,0,0,0,0,425213,0,0,0,0,47,0,0,0,0,0,0,0,0,0,0,0,0,0,0,0,0,0,0,0,0,0,365,42,0,0,53,0,0,0,0,0
304,0,10,0,0,0,0,0,425213,0,0,0,0,53,0,0,0,0,0,0,0,0,0,0,0,0,0,0,0,0,0,0,0,0,0,0,91,92,0,118,0,0,0,0,0
304,0,11,0,0,0,0,0,425213,0,0,0,0,53,0,0,0,0,0,0,0,0,0,0,0,0,0,0,0,0,0,0,0,0,0,0,44,39,0,94,0,0,0,0,0
304,0,12,0,0,0,0,0,425213,0,0,0,0,47,0,0,0,0,0,0,0,0,0,0,0,0,0,0,0,0,0,0,0,0,0,0,0,0,45,93,0,0,0,0,0
304,0,13,0,0,0,0,0,425213,0,0,0,0,53,0,0,0,0,0,0,0,0,0,0,0,0,0,0,0,0,0,0,0,0,0,178,0,0,0,109,0,0,0,0,0
304,0,14,0,0,0,0,0,425213,0,0,0,0,53,0,0,0,0,0,0,0,0,0,0,0,0,0,0,0,0,0,0,0,0,0,0,0,80,0,60,0,0,0,0,0
304,0,15,0,0,0,0,0,425213,0,0,0,0,41,0,0,0,0,0,0,0,0,0,0,0,0,0,0,0,0,0,0,0,0,0,0,0,39,0,89,0,0,0,0,0
305,0,0,0,0,0,0,0,850265,0,0,2484,396288,136,0,0,0,0,0,7431,0,0,0,0,0,0,0,0,2484,2484,0,124655,0,597711,396288,0,709,0,136,284,0,0,0,0,9216
305,0,1,0,0,0,0,0,425132,7431,0,0,0,2668,0,0,0,0,0,7431,0,0,0,0,0,0,0,0,0,741,0,62434,0,242429,0,0,209,310,811,4603,0,0,1536,0,0
305,0,2,0,0,0,0,0,425132,0,0,0,0,325,1536,0,0,0,0,0,0,0,0,0,0,0,0,0,0,0,0,62436,0,122008,64484,0,493,513,792,662,0,0,1536,0,1536
305,0,3,0,0,0,0,0,425132,0,0,0,0,335,1536,0,0,0,0,0,0,0,0,0,0,0,0,0,0,0,0,61673,0,0,64503,0,226,170,0,528,0,0,0,0,1536
305,0,4,0,0,0,0,0,425132,0,0,0,0,339,1536,0,0,0,0,0,0,0,0,0,0,0,0,0,0,0,0,0,0,0,64297,0,87,0,166,494,3072,0,0,0,1536
305,0,5,0,0,0,0,0,425132,0,0,0,0,336,1536,0,0,0,0,0,0,0,0,0,0,0,0,0,0,0,0,0,0,0,64314,1368,148,0,1,688,0,0,1536,0,1536
305,0,6,0,0,0,0,0,425132,0,0,0,0,335,1536,0,0,0,0,0,0,0,0,0,0,0,0,0,0,0,0,0,0,0,64126,0,40,506,1,511,0,0,1536,0,1536
305,0,7,0,0,0,0,0,425132,0,0,0,0,337,1536,0,0,0,0,0,0,0,0,0,0,0,0,0,0,0,0,0,0,0,64241,0,108,168,0,704,0,0,0,0,1536
305,0,8,0,0,0,0,0,425132,0,0,0,0,50,0,0,0,0,0,0,0,0,0,0,0,0,0,0,0,0,0,0,0,0,0,0,52,0,42,107,0,0,0,0,0
305,0,9,0,0,0,0,0,425132,0,0,0,0,47,0,0,0,0,0,0,0,0,0,0,0,0,0,0,0,0,0,0,0,0,0,365,42,0,0,53,0,0,0,0,0
305,0,10,0,0,0,0,0,425132,0,0,0,0,53,0,0,0,0,0,0,0,0,0,0,0,0,0,0,0,0,0,0,0,0,0,0,91,92,0,118,0,0,0,0,0
305,0,11,0,0,0,0,0,425132,0,0,0,0,53,0,0,0,0,0,0,0,0,0,0,0,0,0,0,0,0,0,0,0,0,0,0,41,39,0,94,0,0,0,0,0
305,0,12,0,0,0,0,0,425132,0,0,0,0,47,0,0,0,0,0,0,0,0,0,0,0,0,0,0,0,0,0,0,0,0,0,0,0,0,45,93,0,0,0,0,0
305,0,13,0,0,0,0,0,425132,0,0,0,0,53,0,0,0,0,0,0,0,0,0,0,0,0,0,0,0,0,0,0,0,0,0,178,0,0,0,109,0,0,0,0,0
305,0,14,0,0,0,0,0,425132,0,0,0,0,53,0,0,0,0,0,0,0,0,0,0,0,0,0,0,0,0,0,0,0,0,0,0,0,80,0,60,0,0,0,0,0
305,0,15,0,0,0,0,0,425132,0,0,0,0,41,0,0,0,0,0,0,0,0,0,0,0,0,0,0,0,0,0,0,0,0,0,0,0,39,0,92,0,0,0,0,0
306,0,0,0,0,0,0,0,850751,0,0,2480,396288,136,0,0,0,0,0,7425,0,0,0,0,0,0,0,0,2480,2480,0,124639,0,597680,396288,0,709,0,136,284,0,0,0,0,9216
306,0,1,0,0,0,0,0,425375,7425,0,0,0,2650,0,0,0,0,0,7425,0,0,0,0,0,0,0,0,0,750,0,62444,0,242419,0,0,205,304,835,4590,0,0,1536,0,0
306,0,2,0,0,0,0,0,425375,0,0,0,0,327,1536,0,0,0,0,0,0,0,0,0,0,0,0,0,0,0,0,62434,0,121991,64478,0,491,515,771,658,0,0,1536,0,1536
306,0,3,0,0,0,0,0,425375,0,0,0,0,339,1536,0,0,0,0,0,0,0,0,0,0,0,0,0,0,0,0,61669,0,0,64506,0,238,163,0,540,0,0,0,0,1536
306,0,4,0,0,0,0,0,425375,0,0,0,0,342,1536,0,0,0,0,0,0,0,0,0,0,0,0,0,0,0,0,0,0,0,64295,0,87,0,163,490,3072,0,0,0,1536
306,0,5,0,0,0,0,0,425375,0,0,0,0,341,1536,0,0,0,0,0,0,0,0,0,0,0,0,0,0,0,0,0,0,0,64310,1357,148,0,1,697,0,0,1536,0,1536
306,0,6,0,0,0,0,0,425375,0,0,0,0,334,1536,0,0,0,0,0,0,0,0,0,0,0,0,0,0,0,0,0,0,0,64130,0,40,515,1,512,0,0,1536,0,1536
306,0,7,0,0,0,0,0,425375,0,0,0,0,345,1536,0,0,0,0,0,0,0,0,0,0,0,0,0,0,0,0,0,0,0,64234,0,106,160,0,702,0,0,0,0,1536
306,0,8,0,0,0,0,0,425375,0,0,0,0,50,0,0,0,0,0,0,0,0,0,0,0,0,0,0,0,0,0,0,0,0,0,0,52,0,42,107,0,0,0,0,0
306,0,9,0,0,0,0,0,425375,0,0,0,0,47,0,0,0,0,0,0,0,0,0,0,0,0,0,0,0,0,0,0,0,0,0,365,42,0,0,53,0,0,0,0,0
306,0,10,0,0,0,0,0,425375,0,0,0,0,53,0,0,0,0,0,0,0,0,0,0,0,0,0,0,0,0,0,0,0,0,0,0,91,92,0,118,0,0,0,0,0
306,0,11,0,0,0,0,0,425375,0,0,0,0,53,0,0,0,0,0,0,0,0,0,0,0,0,0,0,0,0,0,0,0,0,0,0,43,39,0,94,0,0,0,0,0
306,0,12,0,0,0,0,0,425375,0,0,0,0,47,0,0,0,0,0,0,0,0,0,0,0,0,0,0,0,0,0,0,0,0,0,0,0,0,45,93,0,0,0,0,0
306,0,13,0,0,0,0,0,425375,0,0,0,0,53,0,0,0,0,0,0,0,0,0,0,0,0,0,0,0,0,0,0,0,0,0,178,0,0,0,109,0,0,0,0,0
306,0,14,0,0,0,0,0,425375,0,0,0,0,53,0,0,0,0,0,0,0,0,0,0,0,0,0,0,0,0,0,0,0,0,0,0,0,80,0,60,0,0,0,0,0
306,0,15,0,0,0,0,0,425375,0,0,0,0,41,0,0,0,0,0,0,0,0,0,0,0,0,0,0,0,0,0,0,0,0,0,0,0,39,0,90,0,0,0,0,0
307,0,0,0,0,0,0,0,1095538,0,0,3390,528384,136,0,0,0,0,0,8805,0,0,0,0,0,0,0,0,3390,3390,0,243858,0,713317,528384,0,1144,0,136,284,0,0,0,0,12288
307,0,1,0,0,0,0,0,547769,8805,0,0,0,3674,0,0,0,0,0,8805,0,0,0,0,0,0,0,0,0,1308,0,123929,0,241001,0,0,227,394,611,6088,0,0,1536,0,0
307,0,2,0,0,0,0,0,547769,0,0,0,0,343,1536,0,0,0,0,0,0,0,0,0,0,0,0,0,0,0,0,62463,0,121717,64504,0,561,512,925,716,0,0,1536,0,1536
307,0,3,0,0,0,0,0,547769,0,0,0,0,343,1536,0,0,0,0,0,0,0,0,0,0,0,0,0,0,0,0,61599,0,0,64460,0,195,172,0,454,0,0,0,0,1536
307,0,4,0,0,0,0,0,547769,0,0,0,0,356,1536,0,0,0,0,0,0,0,0,0,0,0,0,0,0,0,0,61376,0,0,64333,0,162,0,159,519,4608,0,0,0,1536
307,0,5,0,0,0,0,0,547769,0,0,0,0,339,1536,0,0,0,0,0,0,0,0,0,0,0,0,0,0,0,0,61878,0,0,64369,1792,480,0,0,776,0,0,1536,0,1536
307,0,6,0,0,0,0,0,547769,0,0,0,0,333,1536,0,0,0,0,0,0,0,0,0,0,0,0,0,0,0,0,0,0,0,64503,0,40,539,2,451,0,0,1536,0,1536
307,0,7,0,0,0,0,0,547769,0,0,0,0,358,1536,0,0,0,0,0,0,0,0,0,0,0,0,0,0,0,0,0,0,0,64168,0,106,157,0,767,0,0,0,0,1536
307,0,8,0,0,0,0,0,547769,0,0,0,0,351,1536,0,0,0,0,0,0,0,0,0,0,0,0,0,0,0,0,0,0,0,64004,0,52,0,164,758,1536,0,0,0,1536
307,0,9,0,0,0,0,0,547769,0,0,0,0,338,1536,0,0,0,0,0,0,0,0,0,0,0,0,0,0,0,0,0,0,0,64509,797,42,0,1,437,0,0,0,0,1536
307,0,10,0,0,0,0,0,547769,0,0,0,0,53,0,0,0,0,0,0,0,0,0,0,0,0,0,0,0,0,0,0,0,0,0,0,91,92,1,118,0,0,0,0,0
307,0,11,0,0,0,0,0,547769,0,0,0,0,53,0,0,0,0,0,0,0,0,0,0,0,0,0,0,0,0,0,0,0,0,0,0,44,39,0,94,0,0,0,0,0
307,0,12,0,0,0,0,0,547769,0,0,0,0,47,0,0,0,0,0,0,0,0,0,0,0,0,0,0,0,0,0,0,0,0,0,0,0,0,45,93,0,0,0,0,0
307,0,13,0,0,0,0,0,547769,0,0,0,0,53,0,0,0,0,0,0,0,0,0,0,0,0,0,0,0,0,0,0,0,0,0,178,0,0,0,109,0,0,0,0,0
307,0,14,0,0,0,0,0,547769,0,0,0,0,53,0,0,0,0,0,0,0,0,0,0,0,0,0,0,0,0,0,0,0,0,0,0,0,80,0,60,0,0,0,0,0
307,0,15,0,0,0,0,0,547769,0,0,0,0,41,0,0,0,0,0,0,0,0,0,0,0,0,0,0,0,0,0,0,0,0,0,0,0,39,0,91,0,0,0,0,0
308,0,0,0,0,0,0,0,1099052,0,0,3310,528384,136,0,0,0,0,0,8685,0,0,0,0,0,0,0,0,3310,3310,0,244068,0,713704,528384,0,1124,0,136,284,0,0,0,0,12288
308,0,1,0,0,0,0,0,549526,8685,0,0,0,3557,0,0,0,0,0,8685,0,0,0,0,0,0,0,0,0,1181,0,124069,0,240997,0,0,204,462,603,5921,0,0,1536,0,0
308,0,2,0,0,0,0,0,549526,0,0,0,0,351,1536,0,0,0,0,0,0,0,0,0,0,0,0,0,0,0,0,62462,0,121733,64508,0,551,503,894,733,0,0,1536,0,1536
308,0,3,0,0,0,0,0,549526,0,0,0,0,352,1536,0,0,0,0,0,0,0,0,0,0,0,0,0,0,0,0,61563,0,0,64439,0,202,153,0,467,0,0,0,0,1536
308,0,4,0,0,0,0,0,549526,0,0,0,0,355,1536,0,0,0,0,0,0,0,0,0,0,0,0,0,0,0,0,61434,0,0,64382,0,187,0,150,562,4608,0,0,0,1536
308,0,5,0,0,0,0,0,549526,0,0,0,0,352,1536,0,0,0,0,0,0,0,0,0,0,0,0,0,0,0,0,61853,0,0,64400,1771,461,0,0,811,0,0,1536,0,1536
308,0,6,0,0,0,0,0,549526,0,0,0,0,345,1536,0,0,0,0,0,0,0,0,0,0,0,0,0,0,0,0,0,0,0,64506,0,40,515,3,463,0,0,1536,0,1536
308,0,7,0,0,0,0,0,549526,0,0,0,0,357,1536,0,0,0,0,0,0,0,0,0,0,0,0,0,0,0,0,0,0,0,64114,0,105,148,0,749,0,0,0,0,1536
308,0,8,0,0,0,0,0,549526,0,0,0,0,349,1536,0,0,0,0,0,0,0,0,0,0,0,0,0,0,0,0,0,0,0,64016,0,52,0,156,721,1536,0,0,0,1536
308,0,9,0,0,0,0,0,549526,0,0,0,0,345,1536,0,0,0,0,0,0,0,0,0,0,0,0,0,0,0,0,0,0,0,64511,778,42,0,1,453,0,0,0,0,1536
308,0,10,0,0,0,0,0,549526,0,0,0,0,53,0,0,0,0,0,0,0,0,0,0,0,0,0,0,0,0,0,0,0,0,0,0,91,92,1,118,0,0,0,0,0
308,0,11,0,0,0,0,0,549526,0,0,0,0,53,0,0,0,0,0,0,0,0,0,0,0,0,0,0,0,0,0,0,0,0,0,0,45,39,0,94,0,0,0,0,0
308,0,12,0,0,0,0,0,549526,0,0,0,0,47,0,0,0,0,0,0,0,0,0,0,0,0,0,0,0,0,0,0,0,0,0,0,0,0,45,93,0,0,0,0,0
308,0,13,0,0,0,0,0,549526,0,0,0,0,53,0,0,0,0,0,0,0,0,0,0,0,0,0,0,0,0,0,0,0,0,0,178,0,0,0,109,0,0,0,0,0
308,0,14,0,0,0,0,0,549526,0,0,0,0,53,0,0,0,0,0,0,0,0,0,0,0,0,0,0,0,0,0,0,0,0,0,0,0,80,0,60,0,0,0,0,0
308,0,15,0,0,0,0,0,549526,0,0,0,0,41,0,0,0,0,0,0,0,0,0,0,0,0,0,0,0,0,0,0,0,0,0,0,0,39,0,90,0,0,0,0,0
309,0,0,0,0,0,0,0,1099303,0,0,3340,528384,136,0,0,0,0,0,8730,0,0,0,0,0,0,0,0,3340,3340,0,244017,0,713581,528384,0,1132,0,136,284,0,0,0,0,12288
309,0,1,0,0,0,0,0,549652,8730,0,0,0,3590,0,0,0,0,0,8730,0,0,0,0,0,0,0,0,0,1211,0,124020,0,241000,0,0,208,449,609,5962,0,0,1536,0,0
309,0,2,0,0,0,0,0,549652,0,0,0,0,343,1536,0,0,0,0,0,0,0,0,0,0,0,0,0,0,0,0,62464,0,121738,64507,0,557,509,897,724,0,0,1536,0,1536
309,0,3,0,0,0,0,0,549652,0,0,0,0,345,1536,0,0,0,0,0,0,0,0,0,0,0,0,0,0,0,0,61577,0,0,64442,0,203,161,0,463,0,0,0,0,1536
309,0,4,0,0,0,0,0,549652,0,0,0,0,360,1536,0,0,0,0,0,0,0,0,0,0,0,0,0,0,0,0,61428,0,0,64365,0,182,0,149,558,4608,0,0,0,1536
309,0,5,0,0,0,0,0,549652,0,0,0,0,347,1536,0,0,0,0,0,0,0,0,0,0,0,0,0,0,0,0,61861,0,0,64387,1787,469,0,1,802,0,0,1536,0,1536
309,0,6,0,0,0,0,0,549652,0,0,0,0,343,1536,0,0,0,0,0,0,0,0,0,0,0,0,0,0,0,0,0,0,0,64505,0,40,524,1,459,0,0,1536,0,1536
309,0,7,0,0,0,0,0,549652,0,0,0,0,359,1536,0,0,0,0,0,0,0,0,0,0,0,0,0,0,0,0,0,0,0,64132,0,106,150,0,755,0,0,0,0,1536
309,0,8,0,0,0,0,0,549652,0,0,0,0,351,1536,0,0,0,0,0,0,0,0,0,0,0,0,0,0,0,0,0,0,0,64013,0,52,0,158,732,1536,0,0,0,1536
309,0,9,0,0,0,0,0,549652,0,0,0,0,347,1536,0,0,0,0,0,0,0,0,0,0,0,0,0,0,0,0,0,0,0,64509,782,42,0,1,451,0,0,0,0,1536
309,0,10,0,0,0,0,0,549652,0,0,0,0,53,0,0,0,0,0,0,0,0,0,0,0,0,0,0,0,0,0,0,0,0,0,0,91,92,1,118,0,0,0,0,0
309,0,11,0,0,0,0,0,549652,0,0,0,0,53,0,0,0,0,0,0,0,0,0,0,0,0,0,0,0,0,0,0,0,0,0,0,44,39,0,94,0,0,0,0,0
309,0,12,0,0,0,0,0,549652,0,0,0,0,47,0,0,0,0,0,0,0,0,0,0,0,0,0,0,0,0,0,0,0,0,0,0,0,0,45,93,0,0,0,0,0
309,0,13,0,0,0,0,0,549652,0,0,0,0,53,0,0,0,0,0,0,0,0,0,0,0,0,0,0,0,0,0,0,0,0,0,178,0,0,0,109,0,0,0,0,0
309,0,14,0,0,0,0,0,549652,0,0,0,0,53,0,0,0,0,0,0,0,0,0,0,0,0,0,0,0,0,0,0,0,0,0,0,0,80,0,60,0,0,0,0,0
309,0,15,0,0,0,0,0,549652,0,0,0,0,41,0,0,0,0,0,0,0,0,0,0,0,0,0,0,0,0,0,0,0,0,0,0,0,39,0,91,0,0,0,0,0
310,0,0,0,0,0,0,0,1331732,0,0,4146,660480,136,0,0,0,0,0,9951,0,0,0,0,0,0,0,0,4146,4146,0,244987,0,943202,660480,0,1126,0,136,284,0,0,0,0,303792
310,0,1,0,0,0,0,0,665866,9951,0,0,0,3942,0,0,0,0,0,9951,0,0,0,0,0,0,0,0,0,2625,0,123812,0,357704,0,0,334,431,957,6680,0,0,1536,0,0
310,0,2,0,0,0,0,0,665866,0,0,0,0,310,1536,0,0,0,0,0,0,0,0,0,0,0,0,0,0,0,0,122872,0,179899,64189,0,829,513,1107,684,0,0,1536,0,1536
310,0,3,0,0,0,0,0,665866,0,0,0,0,320,1536,0,0,0,0,0,0,0,0,0,0,0,0,0,0,0,0,121760,0,0,64495,0,373,185,0,468,0,0,0,0,1536
310,0,4,0,0,0,0,0,665866,0,0,0,0,336,1536,0,0,0,0,0,0,0,0,0,0,0,0,0,0,0,0,62050,0,0,64505,0,242,0,169,457,6144,0,0,0,1536
310,0,5,0,0,0,0,0,665866,0,0,0,0,332,1536,0,0,0,0,0,0,0,0,0,0,0,0,0,0,0,0,61892,0,0,64325,2219,426,0,1,695,0,0,1536,0,1536
310,0,6,0,0,0,0,0,665866,0,0,0,0,323,1536,0,0,0,0,0,0,0,0,0,0,0,0,0,0,0,0,61792,0,0,64488,0,151,518,2,469,0,0,1536,0,1536
310,0,7,0,0,0,0,0,665866,0,0,0,0,336,1536,0,0,0,0,0,0,0,0,0,0,0,0,0,0,0,0,62426,0,0,64177,0,384,171,0,696,0,0,0,0,1536
310,0,8,0,0,0,0,0,665866,0,0,0,0,328,1536,0,0,0,0,0,0,0,0,0,0,0,0,0,0,0,0,0,0,0,64165,0,52,0,179,647,3072,0,0,0,1536
310,0,9,0,0,0,0,0,665866,0,0,0,0,350,1536,0,0,0,0,0,0,0,0,0,0,0,0,0,0,0,0,0,0,0,64505,1157,42,0,1,493,0,0,1536,0,1536
310,0,10,0,0,0,0,0,665866,0,0,0,0,341,1536,0,0,0,0,0,0,0,0,0,0,0,0,0,0,0,0,0,0,0,64511,0,91,511,1,710,0,0,1536,0,1536
310,0,11,0,0,0,0,0,665866,0,0,0,0,347,1536,0,0,0,0,0,0,0,0,0,0,0,0,0,0,0,0,0,0,0,64349,0,45,157,0,526,0,0,0,0,1536
310,0,12,0,0,0,0,0,665866,0,0,0,0,47,0,0,0,0,0,0,0,0,0,0,0,0,0,0,0,0,0,0,0,0,0,0,0,0,45,93,0,0,0,0,0
310,0,13,0,0,0,0,0,665866,0,0,0,0,53,0,0,0,0,0,0,0,0,0,0,0,0,0,0,0,0,0,0,0,0,0,178,0,0,0,109,0,0,0,0,0
310,0,14,0,0,0,0,0,665866,0,0,0,0,53,0,0,0,0,0,0,0,0,0,0,0,0,0,0,0,0,0,0,0,0,0,0,0,80,0,60,0,0,0,0,0
310,0,15,0,0,0,0,0,665866,0,0,0,0,41,0,0,0,0,0,0,0,0,0,0,0,0,0,0,0,0,0,0,0,0,0,0,0,39,0,92,0,0,0,0,0
311,0,0,0,0,0,0,0,1329834,0,0,4152,660480,136,0,0,0,0,0,9954,0,0,0,0,0,0,0,0,4152,4152,0,245060,0,941830,660480,0,1126,0,136,284,0,0,0,0,301619
311,0,1,0,0,0,0,0,664917,9954,0,0,0,3906,0,0,0,0,0,9954,0,0,0,0,0,0,0,0,0,2581,0,123684,0,357350,0,0,331,446,981,6657,0,0,1536,0,0
311,0,2,0,0,0,0,0,664917,0,0,0,0,315,1536,0,0,0,0,0,0,0,0,0,0,0,0,0,0,0,0,122875,0,179840,64228,0,783,522,1140,677,0,0,1536,0,1536
311,0,3,0,0,0,0,0,664917,0,0,0,0,333,1536,0,0,0,0,0,0,0,0,0,0,0,0,0,0,0,0,121695,0,0,64500,0,333,172,0,488,0,0,0,0,1536
311,0,4,0,0,0,0,0,664917,0,0,0,0,358,1536,0,0,0,0,0,0,0,0,0,0,0,0,0,0,0,0,62122,0,0,64498,0,256,0,147,481,6144,0,0,0,1536
311,0,5,0,0,0,0,0,664917,0,0,0,0,336,1536,0,0,0,0,0,0,0,0,0,0,0,0,0,0,0,0,61898,0,0,64277,2197,425,0,2,704,0,0,1536,0,1536
311,0,6,0,0,0,0,0,664917,0,0,0,0,330,1536,0,0,0,0,0,0,0,0,0,0,0,0,0,0,0,0,61762,0,0,64485,0,175,530,0,498,0,0,1536,0,1536
311,0,7,0,0,0,0,0,664917,0,0,0,0,353,1536,0,0,0,0,0,0,0,0,0,0,0,0,0,0,0,0,62420,0,0,64195,0,400,153,0,740,0,0,0,0,1536
311,0,8,0,0,0,0,0,664917,0,0,0,0,333,1536,0,0,0,0,0,0,0,0,0,0,0,0,0,0,0,0,0,0,0,64188,0,52,0,174,638,3072,0,0,0,1536
311,0,9,0,0,0,0,0,664917,0,0,0,0,352,1536,0,0,0,0,0,0,0,0,0,0,0,0,0,0,0,0,0,0,0,64504,1184,42,0,1,496,0,0,1536,0,1536
311,0,10,0,0,0,0,0,664917,0,0,0,0,338,1536,0,0,0,0,0,0,0,0,0,0,0,0,0,0,0,0,0,0,0,64510,0,91,487,2,683,0,0,1536,0,1536
311,0,11,0,0,0,0,0,664917,0,0,0,0,322,1536,0,0,0,0,0,0,0,0,0,0,0,0,0,0,0,0,0,0,0,64317,0,41,183,0,487,0,0,0,0,1536
311,0,12,0,0,0,0,0,664917,0,0,0,0,47,0,0,0,0,0,0,0,0,0,0,0,0,0,0,0,0,0,0,0,0,0,0,0,0,45,93,0,0,0,0,0
311,0,13,0,0,0,0,0,664917,0,0,0,0,53,0,0,0,0,0,0,0,0,0,0,0,0,0,0,0,0,0,0,0,0,0,178,0,0,0,109,0,0,0,0,0
311,0,14,0,0,0,0,0,664917,0,0,0,0,53,0,0,0,0,0,0,0,0,0,0,0,0,0,0,0,0,0,0,0,0,0,0,0,80,0,60,0,0,0,0,0
311,0,15,0,0,0,0,0,664917,0,0,0,0,41,0,0,0,0,0,0,0,0,0,0,0,0,0,0,0,0,0,0,0,0,0,0,0,39,0,96,0,0,0,0,0
312,0,0,0,0,0,0,0,1332964,0,0,4156,660480,136,0,0,0,0,0,9963,0,0,0,0,0,0,0,0,4156,4156,0,244966,0,943319,660480,0,1128,0,136,284,0,0,0,0,304284
312,0,1,0,0,0,0,0,666482,9963,0,0,0,3947,0,0,0,0,0,9963,0,0,0,0,0,0,0,0,0,2629,0,123821,0,357712,0,0,341,425,961,6695,0,0,1536,0,0
312,0,2,0,0,0,0,0,666482,0,0,0,0,310,1536,0,0,0,0,0,0,0,0,0,0,0,0,0,0,0,0,122874,0,179885,64184,0,838,517,1099,682,0,0,1536,0,1536
312,0,3,0,0,0,0,0,666482,0,0,0,0,323,1536,0,0,0,0,0,0,0,0,0,0,0,0,0,0,0,0,121749,0,0,64494,0,383,182,0,471,0,0,0,0,1536
312,0,4,0,0,0,0,0,666482,0,0,0,0,332,1536,0,0,0,0,0,0,0,0,0,0,0,0,0,0,0,0,62036,0,0,64504,0,236,0,175,453,6144,0,0,0,1536
312,0,5,0,0,0,0,0,666482,0,0,0,0,335,1536,0,0,0,0,0,0,0,0,0,0,0,0,0,0,0,0,61889,0,0,64328,2215,425,0,2,697,0,0,1536,0,1536
312,0,6,0,0,0,0,0,666482,0,0,0,0,327,1536,0,0,0,0,0,0,0,0,0,0,0,0,0,0,0,0,61795,0,0,64486,0,146,514,0,471,0,0,1536,0,1536
312,0,7,0,0,0,0,0,666482,0,0,0,0,335,1536,0,0,0,0,0,0,0,0,0,0,0,0,0,0,0,0,62425,0,0,64172,0,382,172,0,691,0,0,0,0,1536
312,0,8,0,0,0,0,0,666482,0,0,0,0,330,1536,0,0,0,0,0,0,0,0,0,0,0,0,0,0,0,0,0,0,0,64160,0,52,0,177,655,3072,0,0,0,1536
312,0,9,0,0,0,0,0,666482,0,0,0,0,349,1536,0,0,0,0,0,0,0,0,0,0,0,0,0,0,0,0,0,0,0,64505,1165,42,0,1,495,0,0,1536,0,1536
312,0,10,0,0,0,0,0,666482,0,0,0,0,337,1536,0,0,0,0,0,0,0,0,0,0,0,0,0,0,0,0,0,0,0,64512,0,91,512,2,713,0,0,1536,0,1536
312,0,11,0,0,0,0,0,666482,0,0,0,0,343,1536,0,0,0,0,0,0,0,0,0,0,0,0,0,0,0,0,0,0,0,64353,0,43,163,0,527,0,0,0,0,1536
312,0,12,0,0,0,0,0,666482,0,0,0,0,47,0,0,0,0,0,0,0,0,0,0,0,0,0,0,0,0,0,0,0,0,0,0,0,0,45,93,0,0,0,0,0
312,0,13,0,0,0,0,0,666482,0,0,0,0,53,0,0,0,0,0,0,0,0,0,0,0,0,0,0,0,0,0,0,0,0,0,178,0,0,0,109,0,0,0,0,0
312,0,14,0,0,0,0,0,666482,0,0,0,0,53,0,0,0,0,0,0,0,0,0,0,0,0,0,0,0,0,0,0,0,0,0,0,0,80,0,60,0,0,0,0,0
312,0,15,0,0,0,0,0,666482,0,0,0,0,41,0,0,0,0,0,0,0,0,0,0,0,0,0,0,0,0,0,0,0,0,0,0,0,39,0,94,0,0,0,0,0
313,0,0,0,0,0,0,0,1693604,0,0,5232,858624,136,0,0,0,0,0,11595,0,0,0,0,0,0,0,0,5232,5232,0,360846,0,1181134,858624,0,1527,0,136,284,0,0,0,0,1526304
313,0,1,0,0,0,0,0,846802,11595,0,0,0,4370,0,0,0,0,0,11595,0,0,0,0,0,0,0,0,0,2761,0,183740,0,418787,0,0,534,625,1224,7604,0,0,1536,0,0
313,0,2,0,0,0,0,0,846802,0,0,0,0,286,1536,0,0,0,0,0,0,0,0,0,0,0,0,0,0,0,0,184402,0,180558,64429,0,1006,461,1022,586,0,0,1536,0,1536
313,0,3,0,0,0,0,0,846802,0,0,0,0,298,1536,0,0,0,0,0,0,0,0,0,0,0,0,0,0,0,0,122146,0,0,64438,0,409,155,0,433,0,0,0,0,1536
313,0,4,0,0,0,0,0,846802,0,0,0,0,318,1536,0,0,0,0,0,0,0,0,0,0,0,0,0,0,0,0,122629,0,0,64290,0,397,0,183,477,7885,0,0,0,1536
313,0,5,0,0,0,0,0,846802,0,0,0,0,315,1536,0,0,0,0,0,0,0,0,0,0,0,0,0,0,0,0,123841,0,0,64497,2855,671,0,2,637,0,0,1559,0,1536
313,0,6,0,0,0,0,0,846802,0,0,0,0,324,1536,0,0,0,0,0,0,0,0,0,0,0,0,0,0,0,0,123810,0,0,64463,0,337,504,1,508,0,0,1536,0,1536
313,0,7,0,0,0,0,0,846802,0,0,0,0,329,1536,0,0,0,0,0,0,0,0,0,0,0,0,0,0,0,0,61791,0,0,64353,0,359,172,0,669,0,0,0,0,1536
313,0,8,0,0,0,0,0,846802,0,0,0,0,325,1536,0,0,0,0,0,0,0,0,0,0,0,0,0,0,0,0,61669,0,0,64349,0,302,0,176,644,6493,0,0,0,1536
313,0,9,0,0,0,0,0,846802,0,0,0,0,320,1536,0,0,0,0,0,0,0,0,0,0,0,0,0,0,0,0,62372,0,0,64489,1723,182,0,2,485,0,0,1536,0,1536
313,0,10,0,0,0,0,0,846802,0,0,0,0,325,1536,0,0,0,0,0,0,0,0,0,0,0,0,0,0,0,0,62414,0,0,64497,0,345,503,0,661,0,0,1536,0,1536
313,0,11,0,0,0,0,0,846802,0,0,0,0,328,1536,0,0,0,0,0,0,0,0,0,0,0,0,0,0,0,0,0,0,0,64440,0,44,173,0,529,0,0,0,0,1536
313,0,12,0,0,0,0,0,846802,0,0,0,0,316,1536,0,0,0,0,0,0,0,0,0,0,0,0,0,0,0,0,0,0,0,64469,0,0,0,185,523,1536,0,0,0,1536
313,0,13,0,0,0,0,0,846802,0,0,0,0,324,1536,0,0,0,0,0,0,0,0,0,0,0,0,0,0,0,0,0,0,0,64470,858,0,0,1,651,0,0,1536,0,1536
313,0,14,0,0,0,0,0,846802,0,0,0,0,327,1536,0,0,0,0,0,0,0,0,0,0,0,0,0,0,0,0,0,0,0,64238,0,0,214,2,491,0,0,0,0,1536
313,0,15,0,0,0,0,0,846802,0,0,0,0,41,0,0,0,0,0,0,0,0,0,0,0,0,0,0,0,0,0,0,0,0,0,0,0,39,0,94,0,0,0,0,0
314,0,0,0,0,0,0,0,1694109,0,0,5206,858624,136,0,0,0,0,0,11556,0,0,0,0,0,0,0,0,5206,5206,0,360805,0,1181695,858624,0,1521,0,136,284,0,0,0,0,1528644
314,0,1,0,0,0,0,0,847054,11556,0,0,0,4398,0,0,0,0,0,11556,0,0,0,0,0,0,0,0,0,2690,0,183728,0,418955,0,0,534,626,1169,7648,0,0,1536,0,0
314,0,2,0,0,0,0,0,847054,0,0,0,0,286,1536,0,0,0,0,0,0,0,0,0,0,0,0,0,0,0,0,184439,0,180624,64425,0,1027,458,1023,605,0,0,1536,0,1536
314,0,3,0,0,0,0,0,847054,0,0,0,0,297,1536,0,0,0,0,0,0,0,0,0,0,0,0,0,0,0,0,122158,0,0,64433,0,407,154,0,427,0,0,0,0,1536
314,0,4,0,0,0,0,0,847054,0,0,0,0,318,1536,0,0,0,0,0,0,0,0,0,0,0,0,0,0,0,0,122607,0,0,64294,0,402,0,181,474,7939,0,0,0,1536
314,0,5,0,0,0,0,0,847054,0,0,0,0,321,1536,0,0,0,0,0,0,0,0,0,0,0,0,0,0,0,0,123828,0,0,64498,2816,674,0,1,634,0,0,1558,0,1536
314,0,6,0,0,0,0,0,847054,0,0,0,0,327,1536,0,0,0,0,0,0,0,0,0,0,0,0,0,0,0,0,123835,0,0,64463,0,331,499,1,490,0,0,1536,0,1536
314,0,7,0,0,0,0,0,847054,0,0,0,0,328,1536,0,0,0,0,0,0,0,0,0,0,0,0,0,0,0,0,61805,0,0,64350,0,356,171,0,669,0,0,0,0,1536
314,0,8,0,0,0,0,0,847054,0,0,0,0,321,1536,0,0,0,0,0,0,0,0,0,0,0,0,0,0,0,0,61658,0,0,64343,0,310,0,178,623,6456,0,0,0,1536
314,0,9,0,0,0,0,0,847054,0,0,0,0,316,1536,0,0,0,0,0,0,0,0,0,0,0,0,0,0,0,0,62362,0,0,64487,1742,186,0,1,470,0,0,1536,0,1536
314,0,10,0,0,0,0,0,847054,0,0,0,0,306,1536,0,0,0,0,0,0,0,0,0,0,0,0,0,0,0,0,62417,0,0,64501,0,356,503,2,633,0,0,1536,0,1536
314,0,11,0,0,0,0,0,847054,0,0,0,0,312,1536,0,0,0,0,0,0,0,0,0,0,0,0,0,0,0,0,0,0,0,64440,0,42,187,0,514,0,0,0,0,1536
314,0,12,0,0,0,0,0,847054,0,0,0,0,307,1536,0,0,0,0,0,0,0,0,0,0,0,0,0,0,0,0,0,0,0,64470,0,0,0,192,504,1536,0,0,0,1536
314,0,13,0,0,0,0,0,847054,0,0,0,0,330,1536,0,0,0,0,0,0,0,0,0,0,0,0,0,0,0,0,0,0,0,64468,828,0,0,1,651,0,0,1536,0,1536
314,0,14,0,0,0,0,0,847054,0,0,0,0,315,1536,0,0,0,0,0,0,0,0,0,0,0,0,0,0,0,0,0,0,0,64241,0,0,225,1,466,0,0,0,0,1536
314,0,15,0,0,0,0,0,847054,0,0,0,0,41,0,0,0,0,0,0,0,0,0,0,0,0,0,0,0,0,0,0,0,0,0,0,0,39,0,97,0,0,0,0,0
315,0,0,0,0,0,0,0,1694159,0,0,5205,858624,136,0,0,0,0,0,11553,0,0,0,0,0,0,0,0,5205,5205,0,360855,0,1181657,858624,0,1519,0,136,284,0,0,0,0,1526287
315,0,1,0,0,0,0,0,847079,11553,0,0,0,4397,0,0,0,0,0,11553,0,0,0,0,0,0,0,0,0,2732,0,183840,0,418910,0,0,510,615,1201,7656,0,0,1536,0,0
315,0,2,0,0,0,0,0,847079,0,0,0,0,286,1536,0,0,0,0,0,0,0,0,0,0,0,0,0,0,0,0,184458,0,180573,64432,0,1005,452,1021,594,0,0,1536,0,1536
315,0,3,0,0,0,0,0,847079,0,0,0,0,289,1536,0,0,0,0,0,0,0,0,0,0,0,0,0,0,0,0,122162,0,0,64432,0,404,159,0,423,0,0,0,0,1536
315,0,4,0,0,0,0,0,847079,0,0,0,0,323,1536,0,0,0,0,0,0,0,0,0,0,0,0,0,0,0,0,122627,0,0,64307,0,393,0,174,476,7887,0,0,0,1536
315,0,5,0,0,0,0,0,847079,0,0,0,0,333,1536,0,0,0,0,0,0,0,0,0,0,0,0,0,0,0,0,123875,0,0,64501,2809,695,0,2,649,0,0,1559,0,1536
315,0,6,0,0,0,0,0,847079,0,0,0,0,327,1536,0,0,0,0,0,0,0,0,0,0,0,0,0,0,0,0,123849,0,0,64460,0,339,491,0,504,0,0,1536,0,1536
315,0,7,0,0,0,0,0,847079,0,0,0,0,319,1536,0,0,0,0,0,0,0,0,0,0,0,0,0,0,0,0,61785,0,0,64349,0,352,179,0,669,0,0,0,0,1536
315,0,8,0,0,0,0,0,847079,0,0,0,0,318,1536,0,0,0,0,0,0,0,0,0,0,0,0,0,0,0,0,61672,0,0,64371,0,306,0,181,633,6483,0,0,0,1536
315,0,9,0,0,0,0,0,847079,0,0,0,0,310,1536,0,0,0,0,0,0,0,0,0,0,0,0,0,0,0,0,62386,0,0,64478,1749,173,0,1,456,0,0,1536,0,1536
315,0,10,0,0,0,0,0,847079,0,0,0,0,344,1536,0,0,0,0,0,0,0,0,0,0,0,0,0,0,0,0,62417,0,0,64500,0,345,478,2,674,0,0,1536,0,1536
315,0,11,0,0,0,0,0,847079,0,0,0,0,325,1536,0,0,0,0,0,0,0,0,0,0,0,0,0,0,0,0,0,0,0,64441,0,42,174,0,531,0,0,0,0,1536
315,0,12,0,0,0,0,0,847079,0,0,0,0,320,1536,0,0,0,0,0,0,0,0,0,0,0,0,0,0,0,0,0,0,0,64464,0,0,0,179,521,1536,0,0,0,1536
315,0,13,0,0,0,0,0,847079,0,0,0,0,327,1536,0,0,0,0,0,0,0,0,0,0,0,0,0,0,0,0,0,0,0,64476,849,0,0,2,661,0,0,1536,0,1536
315,0,14,0,0,0,0,0,847079,0,0,0,0,321,1536,0,0,0,0,0,0,0,0,0,0,0,0,0,0,0,0,0,0,0,64245,0,0,219,0,483,0,0,0,0,1536
315,0,15,0,0,0,0,0,847079,0,0,0,0,41,0,0,0,0,0,0,0,0,0,0,0,0,0,0,0,0,0,0,0,0,0,0,0,39,0,98,0,0,0,0,0
316,0,0,0,0,0,0,0,257253,0,0,514,65792,136,0,0,0,0,0,4449,0,0,0,0,0,0,0,0,514,514,0,0,0,125589,65792,0,294,0,136,284,0,0,0,0,768
316,0,1,0,0,0,0,0,128627,4449,0,0,0,1464,0,0,0,0,0,4449,0,0,0,0,0,0,0,0,0,17,0,0,0,63893,0,0,84,170,305,2552,0,0,768,0,0
316,0,2,0,0,0,0,0,128627,0,0,0,0,421,768,0,0,0,0,0,0,0,0,0,0,0,0,0,0,0,0,0,0,0,64768,0,249,231,282,872,0,0,0,0,768
316,0,3,0,0,0,0,0,128627,0,0,0,0,47,0,0,0,0,0,0,0,0,0,0,0,0,0,0,0,0,0,0,0,0,0,0,92,45,0,54,0,0,0,0,0
316,0,4,0,0,0,0,0,128627,0,0,0,0,47,0,0,0,0,0,0,0,0,0,0,0,0,0,0,0,0,0,0,0,0,0,0,87,0,45,62,0,0,0,0,0
316,0,5,0,0,0,0,0,128627,0,0,0,0,47,0,0,0,0,0,0,0,0,0,0,0,0,0,0,0,0,0,0,0,0,0,537,148,0,0,109,0,0,0,0,0
316,0,6,0,0,0,0,0,128627,0,0,0,0,47,0,0,0,0,0,0,0,0,0,0,0,0,0,0,0,0,0,0,0,0,0,0,40,98,0,52,0,0,0,0,0
316,0,7,0,0,0,0,0,128627,0,0,0,0,53,0,0,0,0,0,0,0,0,0,0,0,0,0,0,0,0,0,0,0,0,0,0,104,39,0,140,0,0,0,0,0
316,0,8,0,0,0,0,0,128627,0,0,0,0,50,0,0,0,0,0,0,0,0,0,0,0,0,0,0,0,0,0,0,0,0,0,0,52,0,42,107,0,0,0,0,0
316,0,9,0,0,0,0,0,128627,0,0,0,0,47,0,0,0,0,0,0,0,0,0,0,0,0,0,0,0,0,0,0,0,0,0,365,42,0,0,53,0,0,0,0,0
316,0,10,0,0,0,0,0,128627,0,0,0,0,53,0,0,0,0,0,0,0,0,0,0,0,0,0,0,0,0,0,0,0,0,0,0,91,92,0,118,0,0,0,0,0
316,0,11,0,0,0,0,0,128627,0,0,0,0,53,0,0,0,0,0,0,0,0,0,0,0,0,0,0,0,0,0,0,0,0,0,0,40,39,0,94,0,0,0,0,0
316,0,12,0,0,0,0,0,128627,0,0,0,0,47,0,0,0,0,0,0,0,0,0,0,0,0,0,0,0,0,0,0,0,0,0,0,0,0,45,93,0,0,0,0,0
316,0,13,0,0,0,0,0,128627,0,0,0,0,53,0,0,0,0,0,0,0,0,0,0,0,0,0,0,0,0,0,0,0,0,0,178,0,0,0,109,0,0,0,0,0
316,0,14,0,0,0,0,0,128627,0,0,0,0,53,0,0,0,0,0,0,0,0,0,0,0,0,0,0,0,0,0,0,0,0,0,0,0,80,0,60,0,0,0,0,0
316,0,15,0,0,0,0,0,128627,0,0,0,0,41,0,0,0,0,0,0,0,0,0,0,0,0,0,0,0,0,0,0,0,0,0,0,0,39,0,88,0,0,0,0,0
317,0,0,0,0,0,0,0,257313,0,0,514,65792,136,0,0,0,0,0,4449,0,0,0,0,0,0,0,0,514,514,0,0,0,125579,65792,0,294,0,136,284,0,0,0,0,768
317,0,1,0,0,0,0,0,128657,4449,0,0,0,1461,0,0,0,0,0,4449,0,0,0,0,0,0,0,0,0,14,0,0,0,63883,0,0,84,171,307,2548,0,0,768,0,0
317,0,2,0,0,0,0,0,128657,0,0,0,0,420,768,0,0,0,0,0,0,0,0,0,0,0,0,0,0,0,0,0,0,0,64768,0,249,232,282,869,0,0,0,0,768
317,0,3,0,0,0,0,0,128657,0,0,0,0,47,0,0,0,0,0,0,0,0,0,0,0,0,0,0,0,0,0,0,0,0,0,0,92,45,0,54,0,0,0,0,0
317,0,4,0,0,0,0,0,128657,0,0,0,0,47,0,0,0,0,0,0,0,0,0,0,0,0,0,0,0,0,0,0,0,0,0,0,87,0,45,62,0,0,0,0,0
317,0,5,0,0,0,0,0,128657,0,0,0,0,47,0,0,0,0,0,0,0,0,0,0,0,0,0,0,0,0,0,0,0,0,0,537,148,0,0,109,0,0,0,0,0
317,0,6,0,0,0,0,0,128657,0,0,0,0,47,0,0,0,0,0,0,0,0,0,0,0,0,0,0,0,0,0,0,0,0,0,0,40,98,0,52,0,0,0,0,0
317,0,7,0,0,0,0,0,128657,0,0,0,0,53,0,0,0,0,0,0,0,0,0,0,0,0,0,0,0,0,0,0,0,0,0,0,104,39,0,140,0,0,0,0,0
317,0,8,0,0,0,0,0,128657,0,0,0,0,50,0,0,0,0,0,0,0,0,0,0,0,0,0,0,0,0,0,0,0,0,0,0,52,0,42,107,0,0,0,0,0
317,0,9,0,0,0,0,0,128657,0,0,0,0,47,0,0,0,0,0,0,0,0,0,0,0,0,0,0,0,0,0,0,0,0,0,365,42,0,0,53,0,0,0,0,0
317,0,10,0,0,0,0,0,128657,0,0,0,0,53,0,0,0,0,0,0,0,0,0,0,0,0,0,0,0,0,0,0,0,0,0,0,91,92,0,118,0,0,0,0,0
317,0,11,0,0,0,0,0,128657,0,0,0,0,53,0,0,0,0,0,0,0,0,0,0,0,0,0,0,0,0,0,0,0,0,0,0,40,39,0,94,0,0,0,0,0
317,0,12,0,0,0,0,0,128657,0,0,0,0,47,0,0,0,0,0,0,0,0,0,0,0,0,0,0,0,0,0,0,0,0,0,0,0,0,45,93,0,0,0,0,0
317,0,13,0,0,0,0,0,128657,0,0,0,0,53,0,0,0,0,0,0,0,0,0,0,0,0,0,0,0,0,0,0,0,0,0,178,0,0,0,109,0,0,0,0,0
317,0,14,0,0,0,0,0,128657,0,0,0,0,53,0,0,0,0,0,0,0,0,0,0,0,0,0,0,0,0,0,0,0,0,0,0,0,80,0,60,0,0,0,0,0
317,0,15,0,0,0,0,0,128657,0,0,0,0,41,0,0,0,0,0,0,0,0,0,0,0,0,0,0,0,0,0,0,0,0,0,0,0,39,0,88,0,0,0,0,0
318,0,0,0,0,0,0,0,257427,0,0,514,65792,136,0,0,0,0,0,4449,0,0,0,0,0,0,0,0,514,514,0,0,0,125568,65792,0,294,0,136,284,0,0,0,0,768
318,0,1,0,0,0,0,0,128714,4449,0,0,0,1467,0,0,0,0,0,4449,0,0,0,0,0,0,0,0,0,11,0,0,0,63872,0,0,84,170,302,2559,0,0,768,0,0
318,0,2,0,0,0,0,0,128714,0,0,0,0,425,768,0,0,0,0,0,0,0,0,0,0,0,0,0,0,0,0,0,0,0,64768,0,249,227,282,879,0,0,0,0,768
318,0,3,0,0,0,0,0,128714,0,0,0,0,47,0,0,0,0,0,0,0,0,0,0,0,0,0,0,0,0,0,0,0,0,0,0,92,45,0,54,0,0,0,0,0
318,0,4,0,0,0,0,0,128714,0,0,0,0,47,0,0,0,0,0,0,0,0,0,0,0,0,0,0,0,0,0,0,0,0,0,0,87,0,45,61,0,0,0,0,0
318,0,5,0,0,0,0,0,128714,0,0,0,0,47,0,0,0,0,0,0,0,0,0,0,0,0,0,0,0,0,0,0,0,0,0,537,148,0,0,109,0,0,0,0,0
318,0,6,0,0,0,0,0,128714,0,0,0,0,47,0,0,0,0,0,0,0,0,0,0,0,0,0,0,0,0,0,0,0,0,0,0,40,98,0,52,0,0,0,0,0
318,0,7,0,0,0,0,0,128714,0,0,0,0,53,0,0,0,0,0,0,0,0,0,0,0,0,0,0,0,0,0,0,0,0,0,0,104,39,0,140,0,0,0,0,0
318,0,8,0,0,0,0,0,128714,0,0,0,0,50,0,0,0,0,0,0,0,0,0,0,0,0,0,0,0,0,0,0,0,0,0,0,52,0,42,107,0,0,0,0,0
318,0,9,0,0,0,0,0,128714,0,0,0,0,47,0,0,0,0,0,0,0,0,0,0,0,0,0,0,0,0,0,0,0,0,0,365,42,0,0,53,0,0,0,0,0
318,0,10,0,0,0,0,0,128714,0,0,0,0,53,0,0,0,0,0,0,0,0,0,0,0,0,0,0,0,0,0,0,0,0,0,0,91,92,0,118,0,0,0,0,0
318,0,11,0,0,0,0,0,128714,0,0,0,0,53,0,0,0,0,0,0,0,0,0,0,0,0,0,0,0,0,0,0,0,0,0,0,40,39,0,94,0,0,0,0,0
318,0,12,0,0,0,0,0,128714,0,0,0,0,47,0,0,0,0,0,0,0,0,0,0,0,0,0,0,0,0,0,0,0,0,0,0,0,0,45,93,0,0,0,0,0
318,0,13,0,0,0,0,0,128714,0,0,0,0,53,0,0,0,0,0,0,0,0,0,0,0,0,0,0,0,0,0,0,0,0,0,178,0,0,0,109,0,0,0,0,0
318,0,14,0,0,0,0,0,128714,0,0,0,0,53,0,0,0,0,0,0,0,0,0,0,0,0,0,0,0,0,0,0,0,0,0,0,0,80,0,60,0,0,0,0,0
318,0,15,0,0,0,0,0,128714,0,0,0,0,41,0,0,0,0,0,0,0,0,0,0,0,0,0,0,0,0,0,0,0,0,0,0,0,39,0,88,0,0,0,0,0
319,0,0,0,0,0,0,0,360024,0,0,516,131584,136,0,0,0,0,0,4458,0,0,0,0,0,0,0,0,516,516,0,0,0,253474,131584,0,294,0,136,284,0,0,0,0,1536
319,0,1,0,0,0,0,0,180012,4458,0,0,0,1371,0,0,0,0,0,4458,0,0,0,0,0,0,0,0,0,502,0,0,0,127921,0,0,84,171,400,2356,0,0,768,0,0
319,0,2,0,0,0,0,0,180012,0,0,0,0,261,768,0,0,0,0,0,0,0,0,0,0,0,0,0,0,0,0,0,0,64000,64745,0,249,334,423,479,0,0,768,0,768
319,0,3,0,0,0,0,0,180012,0,0,0,0,247,768,0,0,0,0,0,0,0,0,0,0,0,0,0,0,0,0,0,0,0,65023,0,92,102,0,372,0,0,0,0,768
319,0,4,0,0,0,0,0,180012,0,0,0,0,47,0,0,0,0,0,0,0,0,0,0,0,0,0,0,0,0,0,0,0,0,0,0,87,0,45,62,0,0,0,0,0
319,0,5,0,0,0,0,0,180012,0,0,0,0,47,0,0,0,0,0,0,0,0,0,0,0,0,0,0,0,0,0,0,0,0,0,537,148,0,0,109,0,0,0,0,0
319,0,6,0,0,0,0,0,180012,0,0,0,0,47,0,0,0,0,0,0,0,0,0,0,0,0,0,0,0,0,0,0,0,0,0,0,40,98,0,52,0,0,0,0,0
319,0,7,0,0,0,0,0,180012,0,0,0,0,53,0,0,0,0,0,0,0,0,0,0,0,0,0,0,0,0,0,0,0,0,0,0,105,39,0,140,0,0,0,0,0
319,0,8,0,0,0,0,0,180012,0,0,0,0,50,0,0,0,0,0,0,0,0,0,0,0,0,0,0,0,0,0,0,0,0,0,0,52,0,42,107,0,0,0,0,0
319,0,9,0,0,0,0,0,180012,0,0,0,0,47,0,0,0,0,0,0,0,0,0,0,0,0,0,0,0,0,0,0,0,0,0,365,42,0,0,53,0,0,0,0,0
319,0,10,0,0,0,0,0,180012,0,0,0,0,53,0,0,0,0,0,0,0,0,0,0,0,0,0,0,0,0,0,0,0,0,0,0,91,92,0,118,0,0,0,0,0
319,0,11,0,0,0,0,0,180012,0,0,0,0,53,0,0,0,0,0,0,0,0,0,0,0,0,0,0,0,0,0,0,0,0,0,0,40,39,0,94,0,0,0,0,0
319,0,12,0,0,0,0,0,180012,0,0,0,0,47,0,0,0,0,0,0,0,0,0,0,0,0,0,0,0,0,0,0,0,0,0,0,0,0,45,93,0,0,0,0,0
319,0,13,0,0,0,0,0,180012,0,0,0,0,53,0,0,0,0,0,0,0,0,0,0,0,0,0,0,0,0,0,0,0,0,0,178,0,0,0,109,0,0,0,0,0
319,0,14,0,0,0,0,0,180012,0,0,0,0,53,0,0,0,0,0,0,0,0,0,0,0,0,0,0,0,0,0,0,0,0,0,0,0,80,0,60,0,0,0,0,0
319,0,15,0,0,0,0,0,180012,0,0,0,0,41,0,0,0,0,0,0,0,0,0,0,0,0,0,0,0,0,0,0,0,0,0,0,0,39,0,89,0,0,0,0,0
320,0,0,0,0,0,0,0,360068,0,0,516,131584,136,0,0,0,0,0,4458,0,0,0,0,0,0,0,0,516,516,0,0,0,253504,131584,0,294,0,136,284,0,0,0,0,1536
320,0,1,0,0,0,0,0,180034,4458,0,0,0,1363,0,0,0,0,0,4458,0,0,0,0,0,0,0,0,0,499,0,0,0,127931,0,0,84,169,410,2333,0,0,768,0,0
320,0,2,0,0,0,0,0,180034,0,0,0,0,252,768,0,0,0,0,0,0,0,0,0,0,0,0,0,0,0,0,0,0,63999,64752,0,249,349,419,465,0,0,768,0,768
320,0,3,0,0,0,0,0,180034,0,0,0,0,253,768,0,0,0,0,0,0,0,0,0,0,0,0,0,0,0,0,0,0,0,65023,0,92,95,0,383,0,0,0,0,768
320,0,4,0,0,0,0,0,180034,0,0,0,0,47,0,0,0,0,0,0,0,0,0,0,0,0,0,0,0,0,0,0,0,0,0,0,87,0,45,62,0,0,0,0,0
320,0,5,0,0,0,0,0,180034,0,0,0,0,47,0,0,0,0,0,0,0,0,0,0,0,0,0,0,0,0,0,0,0,0,0,537,148,0,0,109,0,0,0,0,0
320,0,6,0,0,0,0,0,180034,0,0,0,0,47,0,0,0,0,0,0,0,0,0,0,0,0,0,0,0,0,0,0,0,0,0,0,40,98,0,52,0,0,0,0,0
320,0,7,0,0,0,0,0,180034,0,0,0,0,53,0,0,0,0,0,0,0,0,0,0,0,0,0,0,0,0,0,0,0,0,0,0,105,39,0,140,0,0,0,0,0
320,0,8,0,0,0,0,0,180034,0,0,0,0,50,0,0,0,0,0,0,0,0,0,0,0,0,0,0,0,0,0,0,0,0,0,0,52,0,42,107,0,0,0,0,0
320,0,9,0,0,0,0,0,180034,0,0,0,0,47,0,0,0,0,0,0,0,0,0,0,0,0,0,0,0,0,0,0,0,0,0,365,42,0,0,53,0,0,0,0,0
320,0,10,0,0,0,0,0,180034,0,0,0,0,53,0,0,0,0,0,0,0,0,0,0,0,0,0,0,0,0,0,0,0,0,0,0,91,92,0,118,0,0,0,0,0
320,0,11,0,0,0,0,0,180034,0,0,0,0,53,0,0,0,0,0,0,0,0,0,0,0,0,0,0,0,0,0,0,0,0,0,0,40,39,0,94,0,0,0,0,0
320,0,12,0,0,0,0,0,180034,0,0,0,0,47,0,0,0,0,0,0,0,0,0,0,0,0,0,0,0,0,0,0,0,0,0,0,0,0,45,93,0,0,0,0,0
320,0,13,0,0,0,0,0,180034,0,0,0,0,53,0,0,0,0,0,0,0,0,0,0,0,0,0,0,0,0,0,0,0,0,0,178,0,0,0,109,0,0,0,0,0
320,0,14,0,0,0,0,0,180034,0,0,0,0,53,0,0,0,0,0,0,0,0,0,0,0,0,0,0,0,0,0,0,0,0,0,0,0,80,0,60,0,0,0,0,0
320,0,15,0,0,0,0,0,180034,0,0,0,0,41,0,0,0,0,0,0,0,0,0,0,0,0,0,0,0,0,0,0,0,0,0,0,0,39,0,89,0,0,0,0,0
321,0,0,0,0,0,0,0,360044,0,0,516,131584,136,0,0,0,0,0,4455,0,0,0,0,0,0,0,0,516,516,0,0,0,253479,131584,0,294,0,136,284,0,0,0,0,1536
321,0,1,0,0,0,0,0,180022,4455,0,0,0,1366,0,0,0,0,0,4455,0,0,0,0,0,0,0,0,0,500,0,0,0,127924,0,0,84,170,406,2346,0,0,768,0,0
321,0,2,0,0,0,0,0,180022,0,0,0,0,250,768,0,0,0,0,0,0,0,0,0,0,0,0,0,0,0,0,0,0,64000,64748,0,249,339,420,465,0,0,768,0,768
321,0,3,0,0,0,0,0,180022,0,0,0,0,241,768,0,0,0,0,0,0,0,0,0,0,0,0,0,0,0,0,0,0,0,65023,0,92,108,0,369,0,0,0,0,768
321,0,4,0,0,0,0,0,180022,0,0,0,0,47,0,0,0,0,0,0,0,0,0,0,0,0,0,0,0,0,0,0,0,0,0,0,87,0,45,62,0,0,0,0,0
321,0,5,0,0,0,0,0,180022,0,0,0,0,47,0,0,0,0,0,0,0,0,0,0,0,0,0,0,0,0,0,0,0,0,0,537,148,0,0,109,0,0,0,0,0
321,0,6,0,0,0,0,0,180022,0,0,0,0,47,0,0,0,0,0,0,0,0,0,0,0,0,0,0,0,0,0,0,0,0,0,0,40,98,0,52,0,0,0,0,0
321,0,7,0,0,0,0,0,180022,0,0,0,0,53,0,0,0,0,0,0,0,0,0,0,0,0,0,0,0,0,0,0,0,0,0,0,105,39,0,140,0,0,0,0,0
321,0,8,0,0,0,0,0,180022,0,0,0,0,50,0,0,0,0,0,0,0,0,0,0,0,0,0,0,0,0,0,0,0,0,0,0,52,0,42,107,0,0,0,0,0
321,0,9,0,0,0,0,0,180022,0,0,0,0,47,0,0,0,0,0,0,0,0,0,0,0,0,0,0,0,0,0,0,0,0,0,365,42,0,0,53,0,0,0,0,0
321,0,10,0,0,0,0,0,180022,0,0,0,0,53,0,0,0,0,0,0,0,0,0,0,0,0,0,0,0,0,0,0,0,0,0,0,91,92,0,118,0,0,0,0,0
321,0,11,0,0,0,0,0,180022,0,0,0,0,53,0,0,0,0,0,0,0,0,0,0,0,0,0,0,0,0,0,0,0,0,0,0,40,39,0,94,0,0,0,0,0
321,0,12,0,0,0,0,0,180022,0,0,0,0,47,0,0,0,0,0,0,0,0,0,0,0,0,0,0,0,0,0,0,0,0,0,0,0,0,45,93,0,0,0,0,0
321,0,13,0,0,0,0,0,180022,0,0,0,0,53,0,0,0,0,0,0,0,0,0,0,0,0,0,0,0,0,0,0,0,0,0,178,0,0,0,109,0,0,0,0,0
321,0,14,0,0,0,0,0,180022,0,0,0,0,53,0,0,0,0,0,0,0,0,0,0,0,0,0,0,0,0,0,0,0,0,0,0,0,80,0,60,0,0,0,0,0
321,0,15,0,0,0,0,0,180022,0,0,0,0,41,0,0,0,0,0,0,0,0,0,0,0,0,0,0,0,0,0,0,0,0,0,0,0,39,0,89,0,0,0,0,0
322,0,0,0,0,0,0,0,616621,0,0,1030,263168,136,0,0,0,0,0,5238,0,0,0,0,0,0,0,0,1030,1030,0,127534,0,377597,263168,0,553,0,136,284,0,0,0,0,3072
322,0,1,0,0,0,0,0,308310,5238,0,0,0,1836,0,0,0,0,0,5238,0,0,0,0,0,0,0,0,0,42,0,64000,0,126982,0,0,104,294,308,3075,0,0,768,0,0
322,0,2,0,0,0,0,0,308310,0,0,0,0,233,768,0,0,0,0,0,0,0,0,0,0,0,0,0,0,0,0,0,0,63991,65021,0,249,341,520,444,0,0,768,0,768
322,0,3,0,0,0,0,0,308310,0,0,0,0,228,768,0,0,0,0,0,0,0,0,0,0,0,0,0,0,0,0,0,0,0,64777,0,92,121,0,256,0,0,0,0,768
322,0,4,0,0,0,0,0,308310,0,0,0,0,225,768,0,0,0,0,0,0,0,0,0,0,0,0,0,0,0,0,0,0,0,64700,0,87,0,124,363,768,0,0,0,768
322,0,5,0,0,0,0,0,308310,0,0,0,0,233,768,0,0,0,0,0,0,0,0,0,0,0,0,0,0,0,0,0,0,0,65021,786,148,0,0,534,0,0,0,0,768
322,0,6,0,0,0,0,0,308310,0,0,0,0,47,0,0,0,0,0,0,0,0,0,0,0,0,0,0,0,0,0,0,0,0,0,0,40,98,2,52,0,0,0,0,0
322,0,7,0,0,0,0,0,308310,0,0,0,0,53,0,0,0,0,0,0,0,0,0,0,0,0,0,0,0,0,0,0,0,0,0,0,105,39,0,140,0,0,0,0,0
322,0,8,0,0,0,0,0,308310,0,0,0,0,50,0,0,0,0,0,0,0,0,0,0,0,0,0,0,0,0,0,0,0,0,0,0,52,0,42,107,0,0,0,0,0
322,0,9,0,0,0,0,0,308310,0,0,0,0,47,0,0,0,0,0,0,0,0,0,0,0,0,0,0,0,0,0,0,0,0,0,365,42,0,0,53,0,0,0,0,0
322,0,10,0,0,0,0,0,308310,0,0,0,0,53,0,0,0,0,0,0,0,0,0,0,0,0,0,0,0,0,0,0,0,0,0,0,91,92,0,118,0,0,0,0,0
322,0,11,0,0,0,0,0,308310,0,0,0,0,53,0,0,0,0,0,0,0,0,0,0,0,0,0,0,0,0,0,0,0,0,0,0,42,39,0,94,0,0,0,0,0
322,0,12,0,0,0,0,0,308310,0,0,0,0,47,0,0,0,0,0,0,0,0,0,0,0,0,0,0,0,0,0,0,0,0,0,0,0,0,45,93,0,0,0,0,0
322,0,13,0,0,0,0,0,308310,0,0,0,0,53,0,0,0,0,0,0,0,0,0,0,0,0,0,0,0,0,0,0,0,0,0,178,0,0,0,109,0,0,0,0,0
322,0,14,0,0,0,0,0,308310,0,0,0,0,53,0,0,0,0,0,0,0,0,0,0,0,0,0,0,0,0,0,0,0,0,0,0,0,80,0,60,0,0,0,0,0
322,0,15,0,0,0,0,0,308310,0,0,0,0,41,0,0,0,0,0,0,0,0,0,0,0,0,0,0,0,0,0,0,0,0,0,0,0,39,0,89,0,0,0,0,0
323,0,0,0,0,0,0,0,616771,0,0,1033,263168,136,0,0,0,0,0,5244,0,0,0,0,0,0,0,0,1033,1033,0,127538,0,377602,263168,0,553,0,136,284,0,0,0,0,3072
323,0,1,0,0,0,0,0,308386,5244,0,0,0,1835,0,0,0,0,0,5244,0,0,0,0,0,0,0,0,0,45,0,63998,0,126987,0,0,104,296,307,3081,0,0,768,0,0
323,0,2,0,0,0,0,0,308386,0,0,0,0,225,768,0,0,0,0,0,0,0,0,0,0,0,0,0,0,0,0,0,0,63990,65021,0,249,342,517,440,0,0,768,0,768
323,0,3,0,0,0,0,0,308386,0,0,0,0,220,768,0,0,0,0,0,0,0,0,0,0,0,0,0,0,0,0,0,0,0,64779,0,93,128,0,251,0,0,0,0,768
323,0,4,0,0,0,0,0,308386,0,0,0,0,218,768,0,0,0,0,0,0,0,0,0,0,0,0,0,0,0,0,0,0,0,64705,0,87,0,131,359,768,0,0,0,768
323,0,5,0,0,0,0,0,308386,0,0,0,0,234,768,0,0,0,0,0,0,0,0,0,0,0,0,0,0,0,0,0,0,0,65022,778,148,0,0,535,0,0,0,0,768
323,0,6,0,0,0,0,0,308386,0,0,0,0,47,0,0,0,0,0,0,0,0,0,0,0,0,0,0,0,0,0,0,0,0,0,0,40,98,2,52,0,0,0,0,0
323,0,7,0,0,0,0,0,308386,0,0,0,0,53,0,0,0,0,0,0,0,0,0,0,0,0,0,0,0,0,0,0,0,0,0,0,104,39,0,140,0,0,0,0,0
323,0,8,0,0,0,0,0,308386,0,0,0,0,50,0,0,0,0,0,0,0,0,0,0,0,0,0,0,0,0,0,0,0,0,0,0,52,0,42,107,0,0,0,0,0
323,0,9,0,0,0,0,0,308386,0,0,0,0,47,0,0,0,0,0,0,0,0,0,0,0,0,0,0,0,0,0,0,0,0,0,365,42,0,0,53,0,0,0,0,0
323,0,10,0,0,0,0,0,308386,0,0,0,0,53,0,0,0,0,0,0,0,0,0,0,0,0,0,0,0,0,0,0,0,0,0,0,91,92,0,118,0,0,0,0,0
323,0,11,0,0,0,0,0,308386,0,0,0,0,53,0,0,0,0,0,0,0,0,0,0,0,0,0,0,0,0,0,0,0,0,0,0,43,39,0,94,0,0,0,0,0
323,0,12,0,0,0,0,0,308386,0,0,0,0,47,0,0,0,0,0,0,0,0,0,0,0,0,0,0,0,0,0,0,0,0,0,0,0,0,45,93,0,0,0,0,0
323,0,13,0,0,0,0,0,308386,0,0,0,0,53,0,0,0,0,0,0,0,0,0,0,0,0,0,0,0,0,0,0,0,0,0,178,0,0,0,109,0,0,0,0,0
323,0,14,0,0,0,0,0,308386,0,0,0,0,53,0,0,0,0,0,0,0,0,0,0,0,0,0,0,0,0,0,0,0,0,0,0,0,80,0,60,0,0,0,0,0
323,0,15,0,0,0,0,0,308386,0,0,0,0,41,0,0,0,0,0,0,0,0,0,0,0,0,0,0,0,0,0,0,0,0,0,0,0,39,0,88,0,0,0,0,0
324,0,0,0,0,0,0,0,616724,0,0,1030,263168,136,0,0,0,0,0,5241,0,0,0,0,0,0,0,0,1030,1030,0,127533,0,377549,263168,0,553,0,136,284,0,0,0,0,3072
324,0,1,0,0,0,0,0,308362,5241,0,0,0,1829,0,0,0,0,0,5241,0,0,0,0,0,0,0,0,0,45,0,64000,0,126969,0,0,104,299,310,3077,0,0,768,0,0
324,0,2,0,0,0,0,0,308362,0,0,0,0,228,768,0,0,0,0,0,0,0,0,0,0,0,0,0,0,0,0,0,0,63983,65018,0,249,337,517,441,0,0,768,0,768
324,0,3,0,0,0,0,0,308362,0,0,0,0,220,768,0,0,0,0,0,0,0,0,0,0,0,0,0,0,0,0,0,0,0,64776,0,91,129,0,252,0,0,0,0,768
324,0,4,0,0,0,0,0,308362,0,0,0,0,217,768,0,0,0,0,0,0,0,0,0,0,0,0,0,0,0,0,0,0,0,64700,0,87,0,132,360,768,0,0,0,768
324,0,5,0,0,0,0,0,308362,0,0,0,0,229,768,0,0,0,0,0,0,0,0,0,0,0,0,0,0,0,0,0,0,0,65021,781,148,0,1,530,0,0,0,0,768
324,0,6,0,0,0,0,0,308362,0,0,0,0,47,0,0,0,0,0,0,0,0,0,0,0,0,0,0,0,0,0,0,0,0,0,0,40,98,1,52,0,0,0,0,0
324,0,7,0,0,0,0,0,308362,0,0,0,0,53,0,0,0,0,0,0,0,0,0,0,0,0,0,0,0,0,0,0,0,0,0,0,107,39,0,140,0,0,0,0,0
324,0,8,0,0,0,0,0,308362,0,0,0,0,50,0,0,0,0,0,0,0,0,0,0,0,0,0,0,0,0,0,0,0,0,0,0,52,0,42,107,0,0,0,0,0
324,0,9,0,0,0,0,0,308362,0,0,0,0,47,0,0,0,0,0,0,0,0,0,0,0,0,0,0,0,0,0,0,0,0,0,365,42,0,0,53,0,0,0,0,0
324,0,10,0,0,0,0,0,308362,0,0,0,0,53,0,0,0,0,0,0,0,0,0,0,0,0,0,0,0,0,0,0,0,0,0,0,91,92,0,118,0,0,0,0,0
324,0,11,0,0,0,0,0,308362,0,0,0,0,53,0,0,0,0,0,0,0,0,0,0,0,0,0,0,0,0,0,0,0,0,0,0,40,39,0,94,0,0,0,0,0
324,0,12,0,0,0,0,0,308362,0,0,0,0,47,0,0,0,0,0,0,0,0,0,0,0,0,0,0,0,0,0,0,0,0,0,0,0,0,45,93,0,0,0,0,0
324,0,13,0,0,0,0,0,308362,0,0,0,0,53,0,0,0,0,0,0,0,0,0,0,0,0,0,0,0,0,0,0,0,0,0,178,0,0,0,109,0,0,0,0,0
324,0,14,0,0,0,0,0,308362,0,0,0,0,53,0,0,0,0,0,0,0,0,0,0,0,0,0,0,0,0,0,0,0,0,0,0,0,80,0,60,0,0,0,0,0
324,0,15,0,0,0,0,0,308362,0,0,0,0,41,0,0,0,0,0,0,0,0,0,0,0,0,0,0,0,0,0,0,0,0,0,0,0,39,0,91,0,0,0,0,0
325,0,0,0,0,0,0,0,869915,0,0,1544,394752,136,0,0,0,0,0,6024,0,0,0,0,0,0,0,0,1544,1544,0,127448,0,626485,394752,0,553,0,136,284,0,0,0,0,4608
325,0,1,0,0,0,0,0,434958,6024,0,0,0,2111,0,0,0,0,0,6024,0,0,0,0,0,0,0,0,0,557,0,63957,0,252385,0,0,203,232,512,3542,0,0,768,0,0
325,0,2,0,0,0,0,0,434958,0,0,0,0,220,768,0,0,0,0,0,0,0,0,0,0,0,0,0,0,0,0,63978,0,126718,65021,0,424,377,654,434,0,0,768,0,768
325,0,3,0,0,0,0,0,434958,0,0,0,0,250,768,0,0,0,0,0,0,0,0,0,0,0,0,0,0,0,0,63741,0,0,65023,0,153,96,0,341,0,0,0,0,768
325,0,4,0,0,0,0,0,434958,0,0,0,0,259,768,0,0,0,0,0,0,0,0,0,0,0,0,0,0,0,0,0,0,0,64688,0,87,0,90,336,1536,0,0,0,768
325,0,5,0,0,0,0,0,434958,0,0,0,0,260,768,0,0,0,0,0,0,0,0,0,0,0,0,0,0,0,0,0,0,0,64757,1068,148,0,1,462,0,0,768,0,768
325,0,6,0,0,0,0,0,434958,0,0,0,0,254,768,0,0,0,0,0,0,0,0,0,0,0,0,0,0,0,0,0,0,0,64775,0,40,334,1,343,0,0,768,0,768
325,0,7,0,0,0,0,0,434958,0,0,0,0,240,768,0,0,0,0,0,0,0,0,0,0,0,0,0,0,0,0,0,0,0,65020,0,106,109,0,526,0,0,0,0,768
325,0,8,0,0,0,0,0,434958,0,0,0,0,50,0,0,0,0,0,0,0,0,0,0,0,0,0,0,0,0,0,0,0,0,0,0,52,0,42,107,0,0,0,0,0
325,0,9,0,0,0,0,0,434958,0,0,0,0,47,0,0,0,0,0,0,0,0,0,0,0,0,0,0,0,0,0,0,0,0,0,365,42,0,0,53,0,0,0,0,0
325,0,10,0,0,0,0,0,434958,0,0,0,0,53,0,0,0,0,0,0,0,0,0,0,0,0,0,0,0,0,0,0,0,0,0,0,91,92,0,118,0,0,0,0,0
325,0,11,0,0,0,0,0,434958,0,0,0,0,53,0,0,0,0,0,0,0,0,0,0,0,0,0,0,0,0,0,0,0,0,0,0,43,39,0,94,0,0,0,0,0
325,0,12,0,0,0,0,0,434958,0,0,0,0,47,0,0,0,0,0,0,0,0,0,0,0,0,0,0,0,0,0,0,0,0,0,0,0,0,45,93,0,0,0,0,0
325,0,13,0,0,0,0,0,434958,0,0,0,0,53,0,0,0,0,0,0,0,0,0,0,0,0,0,0,0,0,0,0,0,0,0,178,0,0,0,109,0,0,0,0,0
325,0,14,0,0,0,0,0,434958,0,0,0,0,53,0,0,0,0,0,0,0,0,0,0,0,0,0,0,0,0,0,0,0,0,0,0,0,80,0,60,0,0,0,0,0
325,0,15,0,0,0,0,0,434958,0,0,0,0,41,0,0,0,0,0,0,0,0,0,0,0,0,0,0,0,0,0,0,0,0,0,0,0,39,0,90,0,0,0,0,0
326,0,0,0,0,0,0,0,869902,0,0,1544,394752,136,0,0,0,0,0,6024,0,0,0,0,0,0,0,0,1544,1544,0,127464,0,626367,394752,0,553,0,136,284,0,0,0,0,4608
326,0,1,0,0,0,0,0,434951,6024,0,0,0,2096,0,0,0,0,0,6024,0,0,0,0,0,0,0,0,0,534,0,63926,0,252359,0,0,205,225,532,3556,0,0,768,0,0
326,0,2,0,0,0,0,0,434951,0,0,0,0,236,768,0,0,0,0,0,0,0,0,0,0,0,0,0,0,0,0,63943,0,126719,65021,0,408,352,653,447,0,0,768,0,768
326,0,3,0,0,0,0,0,434951,0,0,0,0,242,768,0,0,0,0,0,0,0,0,0,0,0,0,0,0,0,0,63741,0,0,65022,0,145,105,0,341,0,0,0,0,768
326,0,4,0,0,0,0,0,434951,0,0,0,0,253,768,0,0,0,0,0,0,0,0,0,0,0,0,0,0,0,0,0,0,0,64691,0,87,0,96,323,1536,0,0,0,768
326,0,5,0,0,0,0,0,434951,0,0,0,0,254,768,0,0,0,0,0,0,0,0,0,0,0,0,0,0,0,0,0,0,0,64759,1064,148,0,1,454,0,0,768,0,768
326,0,6,0,0,0,0,0,434951,0,0,0,0,242,768,0,0,0,0,0,0,0,0,0,0,0,0,0,0,0,0,0,0,0,64766,0,40,338,1,347,0,0,768,0,768
326,0,7,0,0,0,0,0,434951,0,0,0,0,232,768,0,0,0,0,0,0,0,0,0,0,0,0,0,0,0,0,0,0,0,65020,0,107,117,0,525,0,0,0,0,768
326,0,8,0,0,0,0,0,434951,0,0,0,0,50,0,0,0,0,0,0,0,0,0,0,0,0,0,0,0,0,0,0,0,0,0,0,52,0,42,107,0,0,0,0,0
326,0,9,0,0,0,0,0,434951,0,0,0,0,47,0,0,0,0,0,0,0,0,0,0,0,0,0,0,0,0,0,0,0,0,0,365,42,0,0,53,0,0,0,0,0
326,0,10,0,0,0,0,0,434951,0,0,0,0,53,0,0,0,0,0,0,0,0,0,0,0,0,0,0,0,0,0,0,0,0,0,0,91,92,0,118,0,0,0,0,0
326,0,11,0,0,0,0,0,434951,0,0,0,0,53,0,0,0,0,0,0,0,0,0,0,0,0,0,0,0,0,0,0,0,0,0,0,42,39,0,94,0,0,0,0,0
326,0,12,0,0,0,0,0,434951,0,0,0,0,47,0,0,0,0,0,0,0,0,0,0,0,0,0,0,0,0,0,0,0,0,0,0,0,0,45,93,0,0,0,0,0
326,0,13,0,0,0,0,0,434951,0,0,0,0,53,0,0,0,0,0,0,0,0,0,0,0,0,0,0,0,0,0,0,0,0,0,178,0,0,0,109,0,0,0,0,0
326,0,14,0,0,0,0,0,434951,0,0,0,0,53,0,0,0,0,0,0,0,0,0,0,0,0,0,0,0,0,0,0,0,0,0,0,0,80,0,60,0,0,0,0,0
326,0,15,0,0,0,0,0,434951,0,0,0,0,41,0,0,0,0,0,0,0,0,0,0,0,0,0,0,0,0,0,0,0,0,0,0,0,39,0,91,0,0,0,0,0
327,0,0,0,0,0,0,0,870020,0,0,1547,394752,136,0,0,0,0,0,6027,0,0,0,0,0,0,0,0,1547,1547,0,127510,0,626366,394752,0,553,0,136,284,0,0,0,0,4608
327,0,1,0,0,0,0,0,435010,6027,0,0,0,2094,0,0,0,0,0,6027,0,0,0,0,0,0,0,0,0,528,0,63891,0,252405,0,0,207,231,526,3520,0,0,768,0,0
327,0,2,0,0,0,0,0,435010,0,0,0,0,215,768,0,0,0,0,0,0,0,0,0,0,0,0,0,0,0,0,63983,0,126718,65021,0,423,375,647,424,0,0,768,0,768
327,0,3,0,0,0,0,0,435010,0,0,0,0,244,768,0,0,0,0,0,0,0,0,0,0,0,0,0,0,0,0,63741,0,0,65023,0,155,102,0,340,0,0,0,0,768
327,0,4,0,0,0,0,0,435010,0,0,0,0,238,768,0,0,0,0,0,0,0,0,0,0,0,0,0,0,0,0,0,0,0,64697,0,87,0,111,314,1536,0,0,0,768
327,0,5,0,0,0,0,0,435010,0,0,0,0,233,768,0,0,0,0,0,0,0,0,0,0,0,0,0,0,0,0,0,0,0,64734,1075,148,0,2,431,0,0,768,0,768
327,0,6,0,0,0,0,0,435010,0,0,0,0,239,768,0,0,0,0,0,0,0,0,0,0,0,0,0,0,0,0,0,0,0,64775,0,40,332,0,329,0,0,768,0,768
327,0,7,0,0,0,0,0,435010,0,0,0,0,223,768,0,0,0,0,0,0,0,0,0,0,0,0,0,0,0,0,0,0,0,65020,0,108,126,0,506,0,0,0,0,768
327,0,8,0,0,0,0,0,435010,0,0,0,0,50,0,0,0,0,0,0,0,0,0,0,0,0,0,0,0,0,0,0,0,0,0,0,52,0,42,107,0,0,0,0,0
327,0,9,0,0,0,0,0,435010,0,0,0,0,47,0,0,0,0,0,0,0,0,0,0,0,0,0,0,0,0,0,0,0,0,0,365,42,0,0,53,0,0,0,0,0
327,0,10,0,0,0,0,0,435010,0,0,0,0,53,0,0,0,0,0,0,0,0,0,0,0,0,0,0,0,0,0,0,0,0,0,0,91,92,0,118,0,0,0,0,0
327,0,11,0,0,0,0,0,435010,0,0,0,0,53,0,0,0,0,0,0,0,0,0,0,0,0,0,0,0,0,0,0,0,0,0,0,41,39,0,94,0,0,0,0,0
327,0,12,0,0,0,0,0,435010,0,0,0,0,47,0,0,0,0,0,0,0,0,0,0,0,0,0,0,0,0,0,0,0,0,0,0,0,0,45,93,0,0,0,0,0
327,0,13,0,0,0,0,0,435010,0,0,0,0,53,0,0,0,0,0,0,0,0,0,0,0,0,0,0,0,0,0,0,0,0,0,178,0,0,0,109,0,0,0,0,0
327,0,14,0,0,0,0,0,435010,0,0,0,0,53,0,0,0,0,0,0,0,0,0,0,0,0,0,0,0,0,0,0,0,0,0,0,0,80,0,60,0,0,0,0,0
327,0,15,0,0,0,0,0,435010,0,0,0,0,41,0,0,0,0,0,0,0,0,0,0,0,0,0,0,0,0,0,0,0,0,0,0,0,39,0,92,0,0,0,0,0
328,0,0,0,0,0,0,0,1122830,0,0,2060,526336,136,0,0,0,0,0,6807,0,0,0,0,0,0,0,0,2060,2060,0,252612,0,748201,526336,0,812,0,136,284,0,0,0,0,6144
328,0,1,0,0,0,0,0,561415,6807,0,0,0,2276,0,0,0,0,0,6807,0,0,0,0,0,0,0,0,0,1031,0,126921,0,251649,0,0,332,412,556,3995,0,0,768,0,0
328,0,2,0,0,0,0,0,561415,0,0,0,0,211,768,0,0,0,0,0,0,0,0,0,0,0,0,0,0,0,0,64000,0,126500,65021,0,430,356,556,474,0,0,768,0,768
328,0,3,0,0,0,0,0,561415,0,0,0,0,221,768,0,0,0,0,0,0,0,0,0,0,0,0,0,0,0,0,63740,0,0,65017,0,216,125,0,347,0,0,0,0,768
328,0,4,0,0,0,0,0,561415,0,0,0,0,219,768,0,0,0,0,0,0,0,0,0,0,0,0,0,0,0,0,63494,0,0,64674,0,207,0,130,356,2304,0,0,0,768
328,0,5,0,0,0,0,0,561415,0,0,0,0,221,768,0,0,0,0,0,0,0,0,0,0,0,0,0,0,0,0,63742,0,0,64760,1313,281,0,1,420,0,0,768,0,768
328,0,6,0,0,0,0,0,561415,0,0,0,0,232,768,0,0,0,0,0,0,0,0,0,0,0,0,0,0,0,0,0,0,0,65021,0,40,344,1,315,0,0,768,0,768
328,0,7,0,0,0,0,0,561415,0,0,0,0,228,768,0,0,0,0,0,0,0,0,0,0,0,0,0,0,0,0,0,0,0,65021,0,107,121,0,450,0,0,0,0,768
328,0,8,0,0,0,0,0,561415,0,0,0,0,226,768,0,0,0,0,0,0,0,0,0,0,0,0,0,0,0,0,0,0,0,64787,0,52,0,123,422,768,0,0,0,768
328,0,9,0,0,0,0,0,561415,0,0,0,0,223,768,0,0,0,0,0,0,0,0,0,0,0,0,0,0,0,0,0,0,0,65023,621,42,0,1,355,0,0,0,0,768
328,0,10,0,0,0,0,0,561415,0,0,0,0,53,0,0,0,0,0,0,0,0,0,0,0,0,0,0,0,0,0,0,0,0,0,0,91,92,1,118,0,0,0,0,0
328,0,11,0,0,0,0,0,561415,0,0,0,0,53,0,0,0,0,0,0,0,0,0,0,0,0,0,0,0,0,0,0,0,0,0,0,43,39,0,94,0,0,0,0,0
328,0,12,0,0,0,0,0,561415,0,0,0,0,47,0,0,0,0,0,0,0,0,0,0,0,0,0,0,0,0,0,0,0,0,0,0,0,0,45,93,0,0,0,0,0
328,0,13,0,0,0,0,0,561415,0,0,0,0,53,0,0,0,0,0,0,0,0,0,0,0,0,0,0,0,0,0,0,0,0,0,178,0,0,0,109,0,0,0,0,0
328,0,14,0,0,0,0,0,561415,0,0,0,0,53,0,0,0,0,0,0,0,0,0,0,0,0,0,0,0,0,0,0,0,0,0,0,0,80,0,60,0,0,0,0,0
328,0,15,0,0,0,0,0,561415,0,0,0,0,41,0,0,0,0,0,0,0,0,0,0,0,0,0,0,0,0,0,0,0,0,0,0,0,39,0,92,0,0,0,0,0
329,0,0,0,0,0,0,0,1122935,0,0,2060,526336,136,0,0,0,0,0,6810,0,0,0,0,0,0,0,0,2060,2060,0,252647,0,748232,526336,0,812,0,136,284,0,0,0,0,6144
329,0,1,0,0,0,0,0,561467,6810,0,0,0,2265,0,0,0,0,0,6810,0,0,0,0,0,0,0,0,0,1028,0,126922,0,251649,0,0,335,410,566,3979,0,0,768,0,0
329,0,2,0,0,0,0,0,561467,0,0,0,0,211,768,0,0,0,0,0,0,0,0,0,0,0,0,0,0,0,0,64000,0,126509,65021,0,434,354,555,460,0,0,768,0,768
329,0,3,0,0,0,0,0,561467,0,0,0,0,219,768,0,0,0,0,0,0,0,0,0,0,0,0,0,0,0,0,63741,0,0,65011,0,215,128,0,346,0,0,0,0,768
329,0,4,0,0,0,0,0,561467,0,0,0,0,215,768,0,0,0,0,0,0,0,0,0,0,0,0,0,0,0,0,63495,0,0,64681,0,205,0,134,351,2304,0,0,0,768
329,0,5,0,0,0,0,0,561467,0,0,0,0,218,768,0,0,0,0,0,0,0,0,0,0,0,0,0,0,0,0,63742,0,0,64766,1320,280,0,2,415,0,0,768,0,768
329,0,6,0,0,0,0,0,561467,0,0,0,0,219,768,0,0,0,0,0,0,0,0,0,0,0,0,0,0,0,0,0,0,0,65021,0,40,346,0,298,0,0,768,0,768
329,0,7,0,0,0,0,0,561467,0,0,0,0,216,768,0,0,0,0,0,0,0,0,0,0,0,0,0,0,0,0,0,0,0,65021,0,109,132,0,439,0,0,0,0,768
329,0,8,0,0,0,0,0,561467,0,0,0,0,213,768,0,0,0,0,0,0,0,0,0,0,0,0,0,0,0,0,0,0,0,64788,0,52,0,136,411,768,0,0,0,768
329,0,9,0,0,0,0,0,561467,0,0,0,0,222,768,0,0,0,0,0,0,0,0,0,0,0,0,0,0,0,0,0,0,0,65023,610,42,0,0,355,0,0,0,0,768
329,0,10,0,0,0,0,0,561467,0,0,0,0,53,0,0,0,0,0,0,0,0,0,0,0,0,0,0,0,0,0,0,0,0,0,0,91,92,2,118,0,0,0,0,0
329,0,11,0,0,0,0,0,561467,0,0,0,0,53,0,0,0,0,0,0,0,0,0,0,0,0,0,0,0,0,0,0,0,0,0,0,40,39,0,94,0,0,0,0,0
329,0,12,0,0,0,0,0,561467,0,0,0,0,47,0,0,0,0,0,0,0,0,0,0,0,0,0,0,0,0,0,0,0,0,0,0,0,0,45,93,0,0,0,0,0
329,0,13,0,0,0,0,0,561467,0,0,0,0,53,0,0,0,0,0,0,0,0,0,0,0,0,0,0,0,0,0,0,0,0,0,178,0,0,0,109,0,0,0,0,0
329,0,14,0,0,0,0,0,561467,0,0,0,0,53,0,0,0,0,0,0,0,0,0,0,0,0,0,0,0,0,0,0,0,0,0,0,0,80,0,60,0,0,0,0,0
329,0,15,0,0,0,0,0,561467,0,0,0,0,41,0,0,0,0,0,0,0,0,0,0,0,0,0,0,0,0,0,0,0,0,0,0,0,39,0,95,0,0,0,0,0
330,0,0,0,0,0,0,0,1122855,0,0,2060,526336,136,0,0,0,0,0,6810,0,0,0,0,0,0,0,0,2060,2060,0,252640,0,748130,526336,0,812,0,136,284,0,0,0,0,6144
330,0,1,0,0,0,0,0,561428,6810,0,0,0,2280,0,0,0,0,0,6810,0,0,0,0,0,0,0,0,0,1027,0,126909,0,251629,0,0,330,417,549,3990,0,0,768,0,0
330,0,2,0,0,0,0,0,561428,0,0,0,0,212,768,0,0,0,0,0,0,0,0,0,0,0,0,0,0,0,0,64000,0,126486,65021,0,435,351,559,474,0,0,768,0,768
330,0,3,0,0,0,0,0,561428,0,0,0,0,218,768,0,0,0,0,0,0,0,0,0,0,0,0,0,0,0,0,63741,0,0,65011,0,208,129,0,348,0,0,0,0,768
330,0,4,0,0,0,0,0,561428,0,0,0,0,219,768,0,0,0,0,0,0,0,0,0,0,0,0,0,0,0,0,63496,0,0,64681,0,209,0,130,359,2304,0,0,0,768
330,0,5,0,0,0,0,0,561428,0,0,0,0,222,768,0,0,0,0,0,0,0,0,0,0,0,0,0,0,0,0,63734,0,0,64762,1327,285,0,0,419,0,0,768,0,768
330,0,6,0,0,0,0,0,561428,0,0,0,0,227,768,0,0,0,0,0,0,0,0,0,0,0,0,0,0,0,0,0,0,0,65021,0,40,337,2,305,0,0,768,0,768
330,0,7,0,0,0,0,0,561428,0,0,0,0,215,768,0,0,0,0,0,0,0,0,0,0,0,0,0,0,0,0,0,0,0,65020,0,108,133,0,444,0,0,0,0,768
330,0,8,0,0,0,0,0,561428,0,0,0,0,212,768,0,0,0,0,0,0,0,0,0,0,0,0,0,0,0,0,0,0,0,64786,0,52,0,137,406,768,0,0,0,768
330,0,9,0,0,0,0,0,561428,0,0,0,0,216,768,0,0,0,0,0,0,0,0,0,0,0,0,0,0,0,0,0,0,0,65020,614,42,0,1,344,0,0,0,0,768
330,0,10,0,0,0,0,0,561428,0,0,0,0,53,0,0,0,0,0,0,0,0,0,0,0,0,0,0,0,0,0,0,0,0,0,0,91,92,1,118,0,0,0,0,0
330,0,11,0,0,0,0,0,561428,0,0,0,0,53,0,0,0,0,0,0,0,0,0,0,0,0,0,0,0,0,0,0,0,0,0,0,42,39,0,94,0,0,0,0,0
330,0,12,0,0,0,0,0,561428,0,0,0,0,47,0,0,0,0,0,0,0,0,0,0,0,0,0,0,0,0,0,0,0,0,0,0,0,0,45,93,0,0,0,0,0
330,0,13,0,0,0,0,0,561428,0,0,0,0,53,0,0,0,0,0,0,0,0,0,0,0,0,0,0,0,0,0,0,0,0,0,178,0,0,0,109,0,0,0,0,0
330,0,14,0,0,0,0,0,561428,0,0,0,0,53,0,0,0,0,0,0,0,0,0,0,0,0,0,0,0,0,0,0,0,0,0,0,0,80,0,60,0,0,0,0,0
330,0,15,0,0,0,0,0,561428,0,0,0,0,41,0,0,0,0,0,0,0,0,0,0,0,0,0,0,0,0,0,0,0,0,0,0,0,39,0,93,0,0,0,0,0
331,0,0,0,0,0,0,0,1373717,0,0,2574,657920,136,0,0,0,0,0,7593,0,0,0,0,0,0,0,0,2574,2574,0,253412,0,993304,657920,0,812,0,136,284,0,0,0,0,497301
331,0,1,0,0,0,0,0,686858,7593,0,0,0,2748,0,0,0,0,0,7593,0,0,0,0,0,0,0,0,0,1972,0,126960,0,375271,0,0,276,359,709,4800,0,0,768,0,0
331,0,2,0,0,0,0,0,686858,0,0,0,0,224,768,0,0,0,0,0,0,0,0,0,0,0,0,0,0,0,0,126976,0,188446,64778,0,566,328,789,480,0,0,768,0,768
331,0,3,0,0,0,0,0,686858,0,0,0,0,207,768,0,0,0,0,0,0,0,0,0,0,0,0,0,0,0,0,126714,0,0,65009,0,241,139,0,334,0,0,0,0,768
331,0,4,0,0,0,0,0,686858,0,0,0,0,204,768,0,0,0,0,0,0,0,0,0,0,0,0,0,0,0,0,63737,0,0,65019,0,203,0,145,291,3072,0,0,0,768
331,0,5,0,0,0,0,0,686858,0,0,0,0,205,768,0,0,0,0,0,0,0,0,0,0,0,0,0,0,0,0,63742,0,0,64787,1518,334,0,1,407,0,0,768,0,768
331,0,6,0,0,0,0,0,686858,0,0,0,0,205,768,0,0,0,0,0,0,0,0,0,0,0,0,0,0,0,0,63509,0,0,65021,0,158,371,1,293,0,0,768,0,768
331,0,7,0,0,0,0,0,686858,0,0,0,0,227,768,0,0,0,0,0,0,0,0,0,0,0,0,0,0,0,0,63996,0,0,65020,0,289,121,0,502,0,0,0,0,768
331,0,8,0,0,0,0,0,686858,0,0,0,0,219,768,0,0,0,0,0,0,0,0,0,0,0,0,0,0,0,0,0,0,0,64756,0,52,0,130,419,1536,0,0,0,768
331,0,9,0,0,0,0,0,686858,0,0,0,0,206,768,0,0,0,0,0,0,0,0,0,0,0,0,0,0,0,0,0,0,0,65023,902,42,0,1,285,0,0,768,0,768
331,0,10,0,0,0,0,0,686858,0,0,0,0,226,768,0,0,0,0,0,0,0,0,0,0,0,0,0,0,0,0,0,0,0,65024,0,91,333,2,432,0,0,768,0,768
331,0,11,0,0,0,0,0,686858,0,0,0,0,212,768,0,0,0,0,0,0,0,0,0,0,0,0,0,0,0,0,0,0,0,65021,0,43,137,0,330,0,0,0,0,768
331,0,12,0,0,0,0,0,686858,0,0,0,0,47,0,0,0,0,0,0,0,0,0,0,0,0,0,0,0,0,0,0,0,0,0,0,0,0,45,93,0,0,0,0,0
331,0,13,0,0,0,0,0,686858,0,0,0,0,53,0,0,0,0,0,0,0,0,0,0,0,0,0,0,0,0,0,0,0,0,0,178,0,0,0,109,0,0,0,0,0
331,0,14,0,0,0,0,0,686858,0,0,0,0,53,0,0,0,0,0,0,0,0,0,0,0,0,0,0,0,0,0,0,0,0,0,0,0,80,0,60,0,0,0,0,0
331,0,15,0,0,0,0,0,686858,0,0,0,0,41,0,0,0,0,0,0,0,0,0,0,0,0,0,0,0,0,0,0,0,0,0,0,0,39,0,94,0,0,0,0,0
332,0,0,0,0,0,0,0,1373616,0,0,2574,657920,136,0,0,0,0,0,7590,0,0,0,0,0,0,0,0,2574,2574,0,253411,0,993300,657920,0,812,0,136,284,0,0,0,0,497239
332,0,1,0,0,0,0,0,686808,7590,0,0,0,2757,0,0,0,0,0,7590,0,0,0,0,0,0,0,0,0,1975,0,126963,0,375267,0,0,263,358,714,4830,0,0,768,0,0
332,0,2,0,0,0,0,0,686808,0,0,0,0,221,768,0,0,0,0,0,0,0,0,0,0,0,0,0,0,0,0,126976,0,188447,64780,0,569,325,778,480,0,0,768,0,768
332,0,3,0,0,0,0,0,686808,0,0,0,0,202,768,0,0,0,0,0,0,0,0,0,0,0,0,0,0,0,0,126715,0,0,65011,0,250,145,0,330,0,0,0,0,768
332,0,4,0,0,0,0,0,686808,0,0,0,0,199,768,0,0,0,0,0,0,0,0,0,0,0,0,0,0,0,0,63738,0,0,65020,0,204,0,150,285,3072,0,0,0,768
332,0,5,0,0,0,0,0,686808,0,0,0,0,199,768,0,0,0,0,0,0,0,0,0,0,0,0,0,0,0,0,63743,0,0,64788,1500,342,0,1,406,0,0,768,0,768
332,0,6,0,0,0,0,0,686808,0,0,0,0,199,768,0,0,0,0,0,0,0,0,0,0,0,0,0,0,0,0,63514,0,0,65021,0,158,377,1,284,0,0,768,0,768
332,0,7,0,0,0,0,0,686808,0,0,0,0,227,768,0,0,0,0,0,0,0,0,0,0,0,0,0,0,0,0,63996,0,0,65020,0,288,121,0,494,0,0,0,0,768
332,0,8,0,0,0,0,0,686808,0,0,0,0,219,768,0,0,0,0,0,0,0,0,0,0,0,0,0,0,0,0,0,0,0,64755,0,52,0,130,418,1536,0,0,0,768
332,0,9,0,0,0,0,0,686808,0,0,0,0,204,768,0,0,0,0,0,0,0,0,0,0,0,0,0,0,0,0,0,0,0,65023,915,42,0,0,275,0,0,768,0,768
332,0,10,0,0,0,0,0,686808,0,0,0,0,227,768,0,0,0,0,0,0,0,0,0,0,0,0,0,0,0,0,0,0,0,65024,0,91,323,2,433,0,0,768,0,768
332,0,11,0,0,0,0,0,686808,0,0,0,0,202,768,0,0,0,0,0,0,0,0,0,0,0,0,0,0,0,0,0,0,0,65022,0,42,147,0,322,0,0,0,0,768
332,0,12,0,0,0,0,0,686808,0,0,0,0,47,0,0,0,0,0,0,0,0,0,0,0,0,0,0,0,0,0,0,0,0,0,0,0,0,45,93,0,0,0,0,0
332,0,13,0,0,0,0,0,686808,0,0,0,0,53,0,0,0,0,0,0,0,0,0,0,0,0,0,0,0,0,0,0,0,0,0,178,0,0,0,109,0,0,0,0,0
332,0,14,0,0,0,0,0,686808,0,0,0,0,53,0,0,0,0,0,0,0,0,0,0,0,0,0,0,0,0,0,0,0,0,0,0,0,80,0,60,0,0,0,0,0
332,0,15,0,0,0,0,0,686808,0,0,0,0,41,0,0,0,0,0,0,0,0,0,0,0,0,0,0,0,0,0,0,0,0,0,0,0,39,0,95,0,0,0,0,0
333,0,0,0,0,0,0,0,1373618,0,0,2574,657920,136,0,0,0,0,0,7590,0,0,0,0,0,0,0,0,2574,2574,0,253407,0,993288,657920,0,812,0,136,284,0,0,0,0,497285
333,0,1,0,0,0,0,0,686809,7590,0,0,0,2754,0,0,0,0,0,7590,0,0,0,0,0,0,0,0,0,1968,0,126962,0,375263,0,0,267,365,706,4780,0,0,768,0,0
333,0,2,0,0,0,0,0,686809,0,0,0,0,216,768,0,0,0,0,0,0,0,0,0,0,0,0,0,0,0,0,126971,0,188447,64779,0,579,336,778,473,0,0,768,0,768
333,0,3,0,0,0,0,0,686809,0,0,0,0,208,768,0,0,0,0,0,0,0,0,0,0,0,0,0,0,0,0,126714,0,0,65011,0,252,139,0,334,0,0,0,0,768
333,0,4,0,0,0,0,0,686809,0,0,0,0,204,768,0,0,0,0,0,0,0,0,0,0,0,0,0,0,0,0,63738,0,0,65019,0,208,0,145,292,3072,0,0,0,768
333,0,5,0,0,0,0,0,686809,0,0,0,0,192,768,0,0,0,0,0,0,0,0,0,0,0,0,0,0,0,0,63743,0,0,64788,1536,340,0,2,397,0,0,768,0,768
333,0,6,0,0,0,0,0,686809,0,0,0,0,211,768,0,0,0,0,0,0,0,0,0,0,0,0,0,0,0,0,63512,0,0,65020,0,160,368,0,284,0,0,768,0,768
333,0,7,0,0,0,0,0,686809,0,0,0,0,230,768,0,0,0,0,0,0,0,0,0,0,0,0,0,0,0,0,63996,0,0,65020,0,292,118,0,492,0,0,0,0,768
333,0,8,0,0,0,0,0,686809,0,0,0,0,226,768,0,0,0,0,0,0,0,0,0,0,0,0,0,0,0,0,0,0,0,64750,0,52,0,123,421,1536,0,0,0,768
333,0,9,0,0,0,0,0,686809,0,0,0,0,212,768,0,0,0,0,0,0,0,0,0,0,0,0,0,0,0,0,0,0,0,65023,899,42,0,2,285,0,0,768,0,768
333,0,10,0,0,0,0,0,686809,0,0,0,0,221,768,0,0,0,0,0,0,0,0,0,0,0,0,0,0,0,0,0,0,0,65024,0,91,336,0,425,0,0,768,0,768
333,0,11,0,0,0,0,0,686809,0,0,0,0,209,768,0,0,0,0,0,0,0,0,0,0,0,0,0,0,0,0,0,0,0,65021,0,43,140,0,326,0,0,0,0,768
333,0,12,0,0,0,0,0,686809,0,0,0,0,47,0,0,0,0,0,0,0,0,0,0,0,0,0,0,0,0,0,0,0,0,0,0,0,0,45,93,0,0,0,0,0
333,0,13,0,0,0,0,0,686809,0,0,0,0,53,0,0,0,0,0,0,0,0,0,0,0,0,0,0,0,0,0,0,0,0,0,178,0,0,0,109,0,0,0,0,0
333,0,14,0,0,0,0,0,686809,0,0,0,0,53,0,0,0,0,0,0,0,0,0,0,0,0,0,0,0,0,0,0,0,0,0,0,0,80,0,60,0,0,0,0,0
333,0,15,0,0,0,0,0,686809,0,0,0,0,41,0,0,0,0,0,0,0,0,0,0,0,0,0,0,0,0,0,0,0,0,0,0,0,39,0,94,0,0,0,0,0
334,0,0,0,0,0,0,0,1754617,0,0,3346,855296,136,0,0,0,0,0,8766,0,0,0,0,0,0,0,0,3346,3346,0,376692,0,1243793,855296,0,1081,0,136,284,0,0,0,0,1615551
334,0,1,0,0,0,0,0,877309,8766,0,0,0,3428,0,0,0,0,0,8766,0,0,0,0,0,0,0,0,0,1764,0,190083,0,438523,0,0,323,405,711,5743,0,0,768,0,0
334,0,2,0,0,0,0,0,877309,0,0,0,0,202,768,0,0,0,0,0,0,0,0,0,0,0,0,0,0,0,0,190398,0,188642,65020,0,788,327,820,440,0,0,768,0,768
334,0,3,0,0,0,0,0,877309,0,0,0,0,204,768,0,0,0,0,0,0,0,0,0,0,0,0,0,0,0,0,126555,0,0,65023,0,246,122,0,283,0,0,0,0,768
334,0,4,0,0,0,0,0,877309,0,0,0,0,213,768,0,0,0,0,0,0,0,0,0,0,0,0,0,0,0,0,126720,0,0,64848,0,250,0,138,300,4097,0,0,0,768
334,0,5,0,0,0,0,0,877309,0,0,0,0,217,768,0,0,0,0,0,0,0,0,0,0,0,0,0,0,0,0,127391,0,0,64998,2022,518,0,2,457,0,0,829,0,768
334,0,6,0,0,0,0,0,877309,0,0,0,0,223,768,0,0,0,0,0,0,0,0,0,0,0,0,0,0,0,0,127399,0,0,64892,0,217,356,0,299,0,0,768,0,768
334,0,7,0,0,0,0,0,877309,0,0,0,0,228,768,0,0,0,0,0,0,0,0,0,0,0,0,0,0,0,0,63657,0,0,64897,0,293,124,0,503,0,0,0,0,768
334,0,8,0,0,0,0,0,877309,0,0,0,0,219,768,0,0,0,0,0,0,0,0,0,0,0,0,0,0,0,0,63624,0,0,64858,0,229,0,134,462,3163,0,0,0,768
334,0,9,0,0,0,0,0,877309,0,0,0,0,222,768,0,0,0,0,0,0,0,0,0,0,0,0,0,0,0,0,63938,0,0,64994,1213,123,0,0,303,0,0,768,0,768
334,0,10,0,0,0,0,0,877309,0,0,0,0,223,768,0,0,0,0,0,0,0,0,0,0,0,0,0,0,0,0,63949,0,0,64997,0,266,352,3,462,0,0,768,0,768
334,0,11,0,0,0,0,0,877309,0,0,0,0,224,768,0,0,0,0,0,0,0,0,0,0,0,0,0,0,0,0,0,0,0,64990,0,41,129,0,343,0,0,0,0,768
334,0,12,0,0,0,0,0,877309,0,0,0,0,224,768,0,0,0,0,0,0,0,0,0,0,0,0,0,0,0,0,0,0,0,64983,0,0,0,129,356,768,0,0,0,768
334,0,13,0,0,0,0,0,877309,0,0,0,0,216,768,0,0,0,0,0,0,0,0,0,0,0,0,0,0,0,0,0,0,0,64996,625,0,0,2,454,0,0,768,0,768
334,0,14,0,0,0,0,0,877309,0,0,0,0,228,768,0,0,0,0,0,0,0,0,0,0,0,0,0,0,0,0,0,0,0,64900,0,0,166,0,323,0,0,0,0,768
334,0,15,0,0,0,0,0,877309,0,0,0,0,41,0,0,0,0,0,0,0,0,0,0,0,0,0,0,0,0,0,0,0,0,0,0,0,39,0,99,0,0,0,0,0
335,0,0,0,0,0,0,0,1754557,0,0,3346,855296,136,0,0,0,0,0,8766,0,0,0,0,0,0,0,0,3346,3346,0,376702,0,1243733,855296,0,1081,0,136,284,0,0,0,0,1615665
335,0,1,0,0,0,0,0,877279,8766,0,0,0,3428,0,0,0,0,0,8766,0,0,0,0,0,0,0,0,0,1770,0,190100,0,438481,0,0,333,411,695,5739,0,0,768,0,0
335,0,2,0,0,0,0,0,877279,0,0,0,0,198,768,0,0,0,0,0,0,0,0,0,0,0,0,0,0,0,0,190391,0,188606,65020,0,792,328,824,444,0,0,768,0,768
335,0,3,0,0,0,0,0,877279,0,0,0,0,202,768,0,0,0,0,0,0,0,0,0,0,0,0,0,0,0,0,126529,0,0,65023,0,244,125,0,278,0,0,0,0,768
335,0,4,0,0,0,0,0,877279,0,0,0,0,221,768,0,0,0,0,0,0,0,0,0,0,0,0,0,0,0,0,126725,0,0,64848,0,249,0,130,315,4088,0,0,0,768
335,0,5,0,0,0,0,0,877279,0,0,0,0,211,768,0,0,0,0,0,0,0,0,0,0,0,0,0,0,0,0,127395,0,0,65002,2025,508,0,0,451,0,0,831,0,768
335,0,6,0,0,0,0,0,877279,0,0,0,0,212,768,0,0,0,0,0,0,0,0,0,0,0,0,0,0,0,0,127401,0,0,64892,0,206,360,2,295,0,0,768,0,768
335,0,7,0,0,0,0,0,877279,0,0,0,0,221,768,0,0,0,0,0,0,0,0,0,0,0,0,0,0,0,0,63654,0,0,64887,0,291,131,0,498,0,0,0,0,768
335,0,8,0,0,0,0,0,877279,0,0,0,0,219,768,0,0,0,0,0,0,0,0,0,0,0,0,0,0,0,0,63631,0,0,64853,0,230,0,134,462,3162,0,0,0,768
335,0,9,0,0,0,0,0,877279,0,0,0,0,223,768,0,0,0,0,0,0,0,0,0,0,0,0,0,0,0,0,63942,0,0,64995,1222,122,0,0,315,0,0,768,0,768
335,0,10,0,0,0,0,0,877279,0,0,0,0,227,768,0,0,0,0,0,0,0,0,0,0,0,0,0,0,0,0,63952,0,0,64995,0,271,349,3,472,0,0,768,0,768
335,0,11,0,0,0,0,0,877279,0,0,0,0,225,768,0,0,0,0,0,0,0,0,0,0,0,0,0,0,0,0,0,0,0,64987,0,42,128,0,345,0,0,0,0,768
335,0,12,0,0,0,0,0,877279,0,0,0,0,227,768,0,0,0,0,0,0,0,0,0,0,0,0,0,0,0,0,0,0,0,64987,0,0,0,126,358,768,0,0,0,768
335,0,13,0,0,0,0,0,877279,0,0,0,0,226,768,0,0,0,0,0,0,0,0,0,0,0,0,0,0,0,0,0,0,0,64995,618,0,0,2,465,0,0,768,0,768
335,0,14,0,0,0,0,0,877279,0,0,0,0,228,768,0,0,0,0,0,0,0,0,0,0,0,0,0,0,0,0,0,0,0,64900,0,0,166,0,318,0,0,0,0,768
335,0,15,0,0,0,0,0,877279,0,0,0,0,41,0,0,0,0,0,0,0,0,0,0,0,0,0,0,0,0,0,0,0,0,0,0,0,39,0,98,0,0,0,0,0
336,0,0,0,0,0,0,0,1754308,0,0,3346,855296,136,0,0,0,0,0,8769,0,0,0,0,0,0,0,0,3346,3346,0,376703,0,1243706,855296,0,1081,0,136,284,0,0,0,0,1615545
336,0,1,0,0,0,0,0,877154,8769,0,0,0,3457,0,0,0,0,0,8769,0,0,0,0,0,0,0,0,0,1778,0,190040,0,438538,0,0,339,407,664,5780,0,0,768,0,0
336,0,2,0,0,0,0,0,877154,0,0,0,0,195,768,0,0,0,0,0,0,0,0,0,0,0,0,0,0,0,0,190418,0,188606,65020,0,806,334,838,444,0,0,768,0,768
336,0,3,0,0,0,0,0,877154,0,0,0,0,205,768,0,0,0,0,0,0,0,0,0,0,0,0,0,0,0,0,126561,0,0,65023,0,236,122,0,275,0,0,0,0,768
336,0,4,0,0,0,0,0,877154,0,0,0,0,225,768,0,0,0,0,0,0,0,0,0,0,0,0,0,0,0,0,126727,0,0,64851,0,241,0,126,323,4087,0,0,0,768
336,0,5,0,0,0,0,0,877154,0,0,0,0,216,768,0,0,0,0,0,0,0,0,0,0,0,0,0,0,0,0,127337,0,0,64998,2007,507,0,2,451,0,0,833,0,768
336,0,6,0,0,0,0,0,877154,0,0,0,0,222,768,0,0,0,0,0,0,0,0,0,0,0,0,0,0,0,0,127411,0,0,64895,0,200,348,0,297,0,0,768,0,768
336,0,7,0,0,0,0,0,877154,0,0,0,0,219,768,0,0,0,0,0,0,0,0,0,0,0,0,0,0,0,0,63667,0,0,64891,0,296,133,0,501,0,0,0,0,768
336,0,8,0,0,0,0,0,877154,0,0,0,0,224,768,0,0,0,0,0,0,0,0,0,0,0,0,0,0,0,0,63623,0,0,64862,0,237,0,129,468,3165,0,0,0,768
336,0,9,0,0,0,0,0,877154,0,0,0,0,215,768,0,0,0,0,0,0,0,0,0,0,0,0,0,0,0,0,63937,0,0,64983,1249,123,0,1,307,0,0,768,0,768
336,0,10,0,0,0,0,0,877154,0,0,0,0,233,768,0,0,0,0,0,0,0,0,0,0,0,0,0,0,0,0,63945,0,0,64997,0,272,346,2,483,0,0,768,0,768
336,0,11,0,0,0,0,0,877154,0,0,0,0,228,768,0,0,0,0,0,0,0,0,0,0,0,0,0,0,0,0,0,0,0,64998,0,41,125,0,345,0,0,0,0,768
336,0,12,0,0,0,0,0,877154,0,0,0,0,215,768,0,0,0,0,0,0,0,0,0,0,0,0,0,0,0,0,0,0,0,64983,0,0,0,138,339,768,0,0,0,768
336,0,13,0,0,0,0,0,877154,0,0,0,0,223,768,0,0,0,0,0,0,0,0,0,0,0,0,0,0,0,0,0,0,0,64990,606,0,0,1,461,0,0,768,0,768
336,0,14,0,0,0,0,0,877154,0,0,0,0,223,768,0,0,0,0,0,0,0,0,0,0,0,0,0,0,0,0,0,0,0,64899,0,0,170,2,312,0,0,0,0,768
336,0,15,0,0,0,0,0,877154,0,0,0,0,41,0,0,0,0,0,0,0,0,0,0,0,0,0,0,0,0,0,0,0,0,0,0,0,39,0,97,0,0,0,0,0
337,0,0,0,0,0,0,0,244730,0,0,258,65664,136,0,0,0,0,0,4062,0,0,0,0,0,0,0,0,258,258,0,0,0,128318,65664,0,294,0,136,284,0,0,0,0,384
337,0,1,0,0,0,0,0,122365,4062,0,0,0,1317,0,0,0,0,0,4062,0,0,0,0,0,0,0,0,0,8,0,0,0,64736,0,0,84,169,197,2255,0,0,384,0,0
337,0,2,0,0,0,0,0,122365,0,0,0,0,271,384,0,0,0,0,0,0,0,0,0,0,0,0,0,0,0,0,0,0,0,65142,0,249,125,282,574,0,0,0,0,384
337,0,3,0,0,0,0,0,122365,0,0,0,0,47,0,0,0,0,0,0,0,0,0,0,0,0,0,0,0,0,0,0,0,0,0,0,92,45,0,54,0,0,0,0,0
337,0,4,0,0,0,0,0,122365,0,0,0,0,47,0,0,0,0,0,0,0,0,0,0,0,0,0,0,0,0,0,0,0,0,0,0,87,0,45,62,0,0,0,0,0
337,0,5,0,0,0,0,0,122365,0,0,0,0,47,0,0,0,0,0,0,0,0,0,0,0,0,0,0,0,0,0,0,0,0,0,537,148,0,0,109,0,0,0,0,0
337,0,6,0,0,0,0,0,122365,0,0,0,0,47,0,0,0,0,0,0,0,0,0,0,0,0,0,0,0,0,0,0,0,0,0,0,40,98,0,52,0,0,0,0,0
337,0,7,0,0,0,0,0,122365,0,0,0,0,53,0,0,0,0,0,0,0,0,0,0,0,0,0,0,0,0,0,0,0,0,0,0,104,39,0,140,0,0,0,0,0
337,0,8,0,0,0,0,0,122365,0,0,0,0,50,0,0,0,0,0,0,0,0,0,0,0,0,0,0,0,0,0,0,0,0,0,0,52,0,42,107,0,0,0,0,0
337,0,9,0,0,0,0,0,122365,0,0,0,0,47,0,0,0,0,0,0,0,0,0,0,0,0,0,0,0,0,0,0,0,0,0,365,42,0,0,53,0,0,0,0,0
337,0,10,0,0,0,0,0,122365,0,0,0,0,53,0,0,0,0,0,0,0,0,0,0,0,0,0,0,0,0,0,0,0,0,0,0,91,92,0,118,0,0,0,0,0
337,0,11,0,0,0,0,0,122365,0,0,0,0,53,0,0,0,0,0,0,0,0,0,0,0,0,0,0,0,0,0,0,0,0,0,0,40,39,0,94,0,0,0,0,0
337,0,12,0,0,0,0,0,122365,0,0,0,0,47,0,0,0,0,0,0,0,0,0,0,0,0,0,0,0,0,0,0,0,0,0,0,0,0,45,93,0,0,0,0,0
337,0,13,0,0,0,0,0,122365,0,0,0,0,53,0,0,0,0,0,0,0,0,0,0,0,0,0,0,0,0,0,0,0,0,0,178,0,0,0,109,0,0,0,0,0
337,0,14,0,0,0,0,0,122365,0,0,0,0,53,0,0,0,0,0,0,0,0,0,0,0,0,0,0,0,0,0,0,0,0,0,0,0,80,0,60,0,0,0,0,0
337,0,15,0,0,0,0,0,122365,0,0,0,0,41,0,0,0,0,0,0,0,0,0,0,0,0,0,0,0,0,0,0,0,0,0,0,0,39,0,88,0,0,0,0,0
338,0,0,0,0,0,0,0,244712,0,0,258,65664,136,0,0,0,0,0,4065,0,0,0,0,0,0,0,0,258,258,0,0,0,128339,65664,0,294,0,136,284,0,0,0,0,384
338,0,1,0,0,0,0,0,122356,4065,0,0,0,1307,0,0,0,0,0,4065,0,0,0,0,0,0,0,0,0,13,0,0,0,64747,0,0,84,170,206,2238,0,0,384,0,0
338,0,2,0,0,0,0,0,122356,0,0,0,0,263,384,0,0,0,0,0,0,0,0,0,0,0,0,0,0,0,0,0,0,0,65149,0,249,132,283,557,0,0,0,0,384
338,0,3,0,0,0,0,0,122356,0,0,0,0,47,0,0,0,0,0,0,0,0,0,0,0,0,0,0,0,0,0,0,0,0,0,0,91,45,0,54,0,0,0,0,0
338,0,4,0,0,0,0,0,122356,0,0,0,0,47,0,0,0,0,0,0,0,0,0,0,0,0,0,0,0,0,0,0,0,0,0,0,87,0,45,62,0,0,0,0,0
338,0,5,0,0,0,0,0,122356,0,0,0,0,47,0,0,0,0,0,0,0,0,0,0,0,0,0,0,0,0,0,0,0,0,0,537,148,0,0,109,0,0,0,0,0
338,0,6,0,0,0,0,0,122356,0,0,0,0,47,0,0,0,0,0,0,0,0,0,0,0,0,0,0,0,0,0,0,0,0,0,0,40,98,0,52,0,0,0,0,0
338,0,7,0,0,0,0,0,122356,0,0,0,0,53,0,0,0,0,0,0,0,0,0,0,0,0,0,0,0,0,0,0,0,0,0,0,105,39,0,140,0,0,0,0,0
338,0,8,0,0,0,0,0,122356,0,0,0,0,50,0,0,0,0,0,0,0,0,0,0,0,0,0,0,0,0,0,0,0,0,0,0,52,0,42,107,0,0,0,0,0
338,0,9,0,0,0,0,0,122356,0,0,0,0,47,0,0,0,0,0,0,0,0,0,0,0,0,0,0,0,0,0,0,0,0,0,365,42,0,0,53,0,0,0,0,0
338,0,10,0,0,0,0,0,122356,0,0,0,0,53,0,0,0,0,0,0,0,0,0,0,0,0,0,0,0,0,0,0,0,0,0,0,91,92,0,118,0,0,0,0,0
338,0,11,0,0,0,0,0,122356,0,0,0,0,53,0,0,0,0,0,0,0,0,0,0,0,0,0,0,0,0,0,0,0,0,0,0,39,39,0,94,0,0,0,0,0
338,0,12,0,0,0,0,0,122356,0,0,0,0,47,0,0,0,0,0,0,0,0,0,0,0,0,0,0,0,0,0,0,0,0,0,0,0,0,45,93,0,0,0,0,0
338,0,13,0,0,0,0,0,122356,0,0,0,0,53,0,0,0,0,0,0,0,0,0,0,0,0,0,0,0,0,0,0,0,0,0,178,0,0,0,109,0,0,0,0,0
338,0,14,0,0,0,0,0,122356,0,0,0,0,53,0,0,0,0,0,0,0,0,0,0,0,0,0,0,0,0,0,0,0,0,0,0,0,80,0,60,0,0,0,0,0
338,0,15,0,0,0,0,0,122356,0,0,0,0,41,0,0,0,0,0,0,0,0,0,0,0,0,0,0,0,0,0,0,0,0,0,0,0,39,0,89,0,0,0,0,0
339,0,0,0,0,0,0,0,244791,0,0,261,65664,136,0,0,0,0,0,4068,0,0,0,0,0,0,0,0,261,261,0,0,0,128332,65664,0,294,0,136,284,0,0,0,0,384
339,0,1,0,0,0,0,0,122396,4068,0,0,0,1301,0,0,0,0,0,4068,0,0,0,0,0,0,0,0,0,16,0,0,0,64744,0,0,84,171,211,2226,0,0,384,0,0
339,0,2,0,0,0,0,0,122396,0,0,0,0,258,384,0,0,0,0,0,0,0,0,0,0,0,0,0,0,0,0,0,0,0,65145,0,249,138,282,547,0,0,0,0,384
339,0,3,0,0,0,0,0,122396,0,0,0,0,47,0,0,0,0,0,0,0,0,0,0,0,0,0,0,0,0,0,0,0,0,0,0,92,45,0,54,0,0,0,0,0
339,0,4,0,0,0,0,0,122396,0,0,0,0,47,0,0,0,0,0,0,0,0,0,0,0,0,0,0,0,0,0,0,0,0,0,0,87,0,45,62,0,0,0,0,0
339,0,5,0,0,0,0,0,122396,0,0,0,0,47,0,0,0,0,0,0,0,0,0,0,0,0,0,0,0,0,0,0,0,0,0,537,148,0,0,109,0,0,0,0,0
339,0,6,0,0,0,0,0,122396,0,0,0,0,47,0,0,0,0,0,0,0,0,0,0,0,0,0,0,0,0,0,0,0,0,0,0,40,98,0,52,0,0,0,0,0
339,0,7,0,0,0,0,0,122396,0,0,0,0,53,0,0,0,0,0,0,0,0,0,0,0,0,0,0,0,0,0,0,0,0,0,0,104,39,0,140,0,0,0,0,0
339,0,8,0,0,0,0,0,122396,0,0,0,0,50,0,0,0,0,0,0,0,0,0,0,0,0,0,0,0,0,0,0,0,0,0,0,52,0,42,107,0,0,0,0,0
339,0,9,0,0,0,0,0,122396,0,0,0,0,47,0,0,0,0,0,0,0,0,0,0,0,0,0,0,0,0,0,0,0,0,0,365,42,0,0,53,0,0,0,0,0
339,0,10,0,0,0,0,0,122396,0,0,0,0,53,0,0,0,0,0,0,0,0,0,0,0,0,0,0,0,0,0,0,0,0,0,0,91,92,0,118,0,0,0,0,0
339,0,11,0,0,0,0,0,122396,0,0,0,0,53,0,0,0,0,0,0,0,0,0,0,0,0,0,0,0,0,0,0,0,0,0,0,40,39,0,94,0,0,0,0,0
339,0,12,0,0,0,0,0,122396,0,0,0,0,47,0,0,0,0,0,0,0,0,0,0,0,0,0,0,0,0,0,0,0,0,0,0,0,0,45,93,0,0,0,0,0
339,0,13,0,0,0,0,0,122396,0,0,0,0,53,0,0,0,0,0,0,0,0,0,0,0,0,0,0,0,0,0,0,0,0,0,178,0,0,0,109,0,0,0,0,0
339,0,14,0,0,0,0,0,122396,0,0,0,0,53,0,0,0,0,0,0,0,0,0,0,0,0,0,0,0,0,0,0,0,0,0,0,0,80,0,60,0,0,0,0,0
339,0,15,0,0,0,0,0,122396,0,0,0,0,41,0,0,0,0,0,0,0,0,0,0,0,0,0,0,0,0,0,0,0,0,0,0,0,39,0,88,0,0,0,0,0
340,0,0,0,0,0,0,0,361748,0,0,260,131328,136,0,0,0,0,0,4074,0,0,0,0,0,0,0,0,260,260,0,0,0,257901,131328,0,294,0,136,284,0,0,0,0,768
340,0,1,0,0,0,0,0,180874,4074,0,0,0,1350,0,0,0,0,0,4074,0,0,0,0,0,0,0,0,0,257,0,0,0,129531,0,0,84,169,167,2192,0,0,384,0,0
340,0,2,0,0,0,0,0,180874,0,0,0,0,112,384,0,0,0,0,0,0,0,0,0,0,0,0,0,0,0,0,0,0,64768,65152,0,249,221,412,318,0,0,384,0,384
340,0,3,0,0,0,0,0,180874,0,0,0,0,112,384,0,0,0,0,0,0,0,0,0,0,0,0,0,0,0,0,0,0,0,65279,0,93,108,0,120,0,0,0,0,384
340,0,4,0,0,0,0,0,180874,0,0,0,0,47,0,0,0,0,0,0,0,0,0,0,0,0,0,0,0,0,0,0,0,0,0,0,87,0,45,62,0,0,0,0,0
340,0,5,0,0,0,0,0,180874,0,0,0,0,47,0,0,0,0,0,0,0,0,0,0,0,0,0,0,0,0,0,0,0,0,0,537,148,0,0,109,0,0,0,0,0
340,0,6,0,0,0,0,0,180874,0,0,0,0,47,0,0,0,0,0,0,0,0,0,0,0,0,0,0,0,0,0,0,0,0,0,0,40,98,0,52,0,0,0,0,0
340,0,7,0,0,0,0,0,180874,0,0,0,0,53,0,0,0,0,0,0,0,0,0,0,0,0,0,0,0,0,0,0,0,0,0,0,104,39,0,140,0,0,0,0,0
340,0,8,0,0,0,0,0,180874,0,0,0,0,50,0,0,0,0,0,0,0,0,0,0,0,0,0,0,0,0,0,0,0,0,0,0,52,0,42,107,0,0,0,0,0
340,0,9,0,0,0,0,0,180874,0,0,0,0,47,0,0,0,0,0,0,0,0,0,0,0,0,0,0,0,0,0,0,0,0,0,365,42,0,0,53,0,0,0,0,0
340,0,10,0,0,0,0,0,180874,0,0,0,0,53,0,0,0,0,0,0,0,0,0,0,0,0,0,0,0,0,0,0,0,0,0,0,91,92,0,118,0,0,0,0,0
340,0,11,0,0,0,0,0,180874,0,0,0,0,53,0,0,0,0,0,0,0,0,0,0,0,0,0,0,0,0,0,0,0,0,0,0,41,39,0,94,0,0,0,0,0
340,0,12,0,0,0,0,0,180874,0,0,0,0,47,0,0,0,0,0,0,0,0,0,0,0,0,0,0,0,0,0,0,0,0,0,0,0,0,45,93,0,0,0,0,0
340,0,13,0,0,0,0,0,180874,0,0,0,0,53,0,0,0,0,0,0,0,0,0,0,0,0,0,0,0,0,0,0,0,0,0,178,0,0,0,109,0,0,0,0,0
340,0,14,0,0,0,0,0,180874,0,0,0,0,53,0,0,0,0,0,0,0,0,0,0,0,0,0,0,0,0,0,0,0,0,0,0,0,80,0,60,0,0,0,0,0
340,0,15,0,0,0,0,0,180874,0,0,0,0,41,0,0,0,0,0,0,0,0,0,0,0,0,0,0,0,0,0,0,0,0,0,0,0,39,0,88,0,0,0,0,0
341,0,0,0,0,0,0,0,361769,0,0,260,131328,136,0,0,0,0,0,4074,0,0,0,0,0,0,0,0,260,260,0,0,0,257925,131328,0,294,0,136,284,0,0,0,0,768
341,0,1,0,0,0,0,0,180885,4074,0,0,0,1306,0,0,0,0,0,4074,0,0,0,0,0,0,0,0,0,246,0,0,0,129537,0,0,84,171,209,2140,0,0,384,0,0
341,0,2,0,0,0,0,0,180885,0,0,0,0,115,384,0,0,0,0,0,0,0,0,0,0,0,0,0,0,0,0,0,0,64768,65161,0,249,229,391,300,0,0,384,0,384
341,0,3,0,0,0,0,0,180885,0,0,0,0,124,384,0,0,0,0,0,0,0,0,0,0,0,0,0,0,0,0,0,0,0,65279,0,92,97,0,153,0,0,0,0,384
341,0,4,0,0,0,0,0,180885,0,0,0,0,47,0,0,0,0,0,0,0,0,0,0,0,0,0,0,0,0,0,0,0,0,0,0,87,0,45,62,0,0,0,0,0
341,0,5,0,0,0,0,0,180885,0,0,0,0,47,0,0,0,0,0,0,0,0,0,0,0,0,0,0,0,0,0,0,0,0,0,537,148,0,0,109,0,0,0,0,0
341,0,6,0,0,0,0,0,180885,0,0,0,0,47,0,0,0,0,0,0,0,0,0,0,0,0,0,0,0,0,0,0,0,0,0,0,40,98,0,52,0,0,0,0,0
341,0,7,0,0,0,0,0,180885,0,0,0,0,53,0,0,0,0,0,0,0,0,0,0,0,0,0,0,0,0,0,0,0,0,0,0,105,39,0,140,0,0,0,0,0
341,0,8,0,0,0,0,0,180885,0,0,0,0,50,0,0,0,0,0,0,0,0,0,0,0,0,0,0,0,0,0,0,0,0,0,0,52,0,42,107,0,0,0,0,0
341,0,9,0,0,0,0,0,180885,0,0,0,0,47,0,0,0,0,0,0,0,0,0,0,0,0,0,0,0,0,0,0,0,0,0,365,42,0,0,53,0,0,0,0,0
341,0,10,0,0,0,0,0,180885,0,0,0,0,53,0,0,0,0,0,0,0,0,0,0,0,0,0,0,0,0,0,0,0,0,0,0,91,92,0,118,0,0,0,0,0
341,0,11,0,0,0,0,0,180885,0,0,0,0,53,0,0,0,0,0,0,0,0,0,0,0,0,0,0,0,0,0,0,0,0,0,0,40,39,0,94,0,0,0,0,0
341,0,12,0,0,0,0,0,180885,0,0,0,0,47,0,0,0,0,0,0,0,0,0,0,0,0,0,0,0,0,0,0,0,0,0,0,0,0,45,93,0,0,0,0,0
341,0,13,0,0,0,0,0,180885,0,0,0,0,53,0,0,0,0,0,0,0,0,0,0,0,0,0,0,0,0,0,0,0,0,0,178,0,0,0,109,0,0,0,0,0
341,0,14,0,0,0,0,0,180885,0,0,0,0,53,0,0,0,0,0,0,0,0,0,0,0,0,0,0,0,0,0,0,0,0,0,0,0,80,0,60,0,0,0,0,0
341,0,15,0,0,0,0,0,180885,0,0,0,0,41,0,0,0,0,0,0,0,0,0,0,0,0,0,0,0,0,0,0,0,0,0,0,0,39,0,89,0,0,0,0,0
342,0,0,0,0,0,0,0,361729,0,0,260,131328,136,0,0,0,0,0,4071,0,0,0,0,0,0,0,0,260,260,0,0,0,257901,131328,0,294,0,136,284,0,0,0,0,768
342,0,1,0,0,0,0,0,180865,4071,0,0,0,1347,0,0,0,0,0,4071,0,0,0,0,0,0,0,0,0,257,0,0,0,129531,0,0,84,170,169,2190,0,0,384,0,0
342,0,2,0,0,0,0,0,180865,0,0,0,0,113,384,0,0,0,0,0,0,0,0,0,0,0,0,0,0,0,0,0,0,64768,65152,0,249,220,411,318,0,0,384,0,384
342,0,3,0,0,0,0,0,180865,0,0,0,0,113,384,0,0,0,0,0,0,0,0,0,0,0,0,0,0,0,0,0,0,0,65279,0,92,108,0,122,0,0,0,0,384
342,0,4,0,0,0,0,0,180865,0,0,0,0,47,0,0,0,0,0,0,0,0,0,0,0,0,0,0,0,0,0,0,0,0,0,0,87,0,45,62,0,0,0,0,0
342,0,5,0,0,0,0,0,180865,0,0,0,0,47,0,0,0,0,0,0,0,0,0,0,0,0,0,0,0,0,0,0,0,0,0,537,148,0,0,109,0,0,0,0,0
342,0,6,0,0,0,0,0,180865,0,0,0,0,47,0,0,0,0,0,0,0,0,0,0,0,0,0,0,0,0,0,0,0,0,0,0,40,98,0,52,0,0,0,0,0
342,0,7,0,0,0,0,0,180865,0,0,0,0,53,0,0,0,0,0,0,0,0,0,0,0,0,0,0,0,0,0,0,0,0,0,0,105,39,0,140,0,0,0,0,0
342,0,8,0,0,0,0,0,180865,0,0,0,0,50,0,0,0,0,0,0,0,0,0,0,0,0,0,0,0,0,0,0,0,0,0,0,52,0,42,107,0,0,0,0,0
342,0,9,0,0,0,0,0,180865,0,0,0,0,47,0,0,0,0,0,0,0,0,0,0,0,0,0,0,0,0,0,0,0,0,0,365,42,0,0,53,0,0,0,0,0
342,0,10,0,0,0,0,0,180865,0,0,0,0,53,0,0,0,0,0,0,0,0,0,0,0,0,0,0,0,0,0,0,0,0,0,0,91,92,0,118,0,0,0,0,0
342,0,11,0,0,0,0,0,180865,0,0,0,0,53,0,0,0,0,0,0,0,0,0,0,0,0,0,0,0,0,0,0,0,0,0,0,40,39,0,94,0,0,0,0,0
342,0,12,0,0,0,0,0,180865,0,0,0,0,47,0,0,0,0,0,0,0,0,0,0,0,0,0,0,0,0,0,0,0,0,0,0,0,0,45,93,0,0,0,0,0
342,0,13,0,0,0,0,0,180865,0,0,0,0,53,0,0,0,0,0,0,0,0,0,0,0,0,0,0,0,0,0,0,0,0,0,178,0,0,0,109,0,0,0,0,0
342,0,14,0,0,0,0,0,180865,0,0,0,0,53,0,0,0,0,0,0,0,0,0,0,0,0,0,0,0,0,0,0,0,0,0,0,0,80,0,60,0,0,0,0,0
342,0,15,0,0,0,0,0,180865,0,0,0,0,41,0,0,0,0,0,0,0,0,0,0,0,0,0,0,0,0,0,0,0,0,0,0,0,39,0,89,0,0,0,0,0
343,0,0,0,0,0,0,0,621520,0,0,518,262656,136,0,0,0,0,0,4473,0,0,0,0,0,0,0,0,518,518,0,129393,0,385382,262656,0,425,0,136,284,0,0,0,0,1536
343,0,1,0,0,0,0,0,310760,4473,0,0,0,1444,0,0,0,0,0,4473,0,0,0,0,0,0,0,0,0,31,0,64767,0,129025,0,0,133,205,248,2400,0,0,384,0,0
343,0,2,0,0,0,0,0,310760,0,0,0,0,124,384,0,0,0,0,0,0,0,0,0,0,0,0,0,0,0,0,0,0,64762,65274,0,249,226,359,300,0,0,384,0,384
343,0,3,0,0,0,0,0,310760,0,0,0,0,132,384,0,0,0,0,0,0,0,0,0,0,0,0,0,0,0,0,0,0,0,65155,0,92,89,0,193,0,0,0,0,384
343,0,4,0,0,0,0,0,310760,0,0,0,0,141,384,0,0,0,0,0,0,0,0,0,0,0,0,0,0,0,0,0,0,0,65158,0,87,0,80,190,384,0,0,0,384
343,0,5,0,0,0,0,0,310760,0,0,0,0,134,384,0,0,0,0,0,0,0,0,0,0,0,0,0,0,0,0,0,0,0,65277,672,148,0,1,278,0,0,0,0,384
343,0,6,0,0,0,0,0,310760,0,0,0,0,47,0,0,0,0,0,0,0,0,0,0,0,0,0,0,0,0,0,0,0,0,0,0,40,98,1,52,0,0,0,0,0
343,0,7,0,0,0,0,0,310760,0,0,0,0,53,0,0,0,0,0,0,0,0,0,0,0,0,0,0,0,0,0,0,0,0,0,0,106,39,0,140,0,0,0,0,0
343,0,8,0,0,0,0,0,310760,0,0,0,0,50,0,0,0,0,0,0,0,0,0,0,0,0,0,0,0,0,0,0,0,0,0,0,52,0,42,107,0,0,0,0,0
343,0,9,0,0,0,0,0,310760,0,0,0,0,47,0,0,0,0,0,0,0,0,0,0,0,0,0,0,0,0,0,0,0,0,0,365,42,0,0,53,0,0,0,0,0
343,0,10,0,0,0,0,0,310760,0,0,0,0,53,0,0,0,0,0,0,0,0,0,0,0,0,0,0,0,0,0,0,0,0,0,0,91,92,0,118,0,0,0,0,0
343,0,11,0,0,0,0,0,310760,0,0,0,0,53,0,0,0,0,0,0,0,0,0,0,0,0,0,0,0,0,0,0,0,0,0,0,41,39,0,94,0,0,0,0,0
343,0,12,0,0,0,0,0,310760,0,0,0,0,47,0,0,0,0,0,0,0,0,0,0,0,0,0,0,0,0,0,0,0,0,0,0,0,0,45,93,0,0,0,0,0
343,0,13,0,0,0,0,0,310760,0,0,0,0,53,0,0,0,0,0,0,0,0,0,0,0,0,0,0,0,0,0,0,0,0,0,178,0,0,0,109,0,0,0,0,0
343,0,14,0,0,0,0,0,310760,0,0,0,0,53,0,0,0,0,0,0,0,0,0,0,0,0,0,0,0,0,0,0,0,0,0,0,0,80,0,60,0,0,0,0,0
343,0,15,0,0,0,0,0,310760,0,0,0,0,41,0,0,0,0,0,0,0,0,0,0,0,0,0,0,0,0,0,0,0,0,0,0,0,39,0,90,0,0,0,0,0
344,0,0,0,0,0,0,0,621801,0,0,518,262656,136,0,0,0,0,0,4470,0,0,0,0,0,0,0,0,518,518,0,129393,0,385405,262656,0,425,0,136,284,0,0,0,0,1536
344,0,1,0,0,0,0,0,310900,4470,0,0,0,1499,0,0,0,0,0,4470,0,0,0,0,0,0,0,0,0,29,0,64767,0,129031,0,0,117,193,221,2454,0,0,384,0,0
344,0,2,0,0,0,0,0,310900,0,0,0,0,127,384,0,0,0,0,0,0,0,0,0,0,0,0,0,0,0,0,0,0,64762,65278,0,249,220,372,317,0,0,384,0,384
344,0,3,0,0,0,0,0,310900,0,0,0,0,129,384,0,0,0,0,0,0,0,0,0,0,0,0,0,0,0,0,0,0,0,65156,0,92,92,0,177,0,0,0,0,384
344,0,4,0,0,0,0,0,310900,0,0,0,0,142,384,0,0,0,0,0,0,0,0,0,0,0,0,0,0,0,0,0,0,0,65160,0,87,0,79,180,384,0,0,0,384
344,0,5,0,0,0,0,0,310900,0,0,0,0,128,384,0,0,0,0,0,0,0,0,0,0,0,0,0,0,0,0,0,0,0,65277,679,148,0,1,288,0,0,0,0,384
344,0,6,0,0,0,0,0,310900,0,0,0,0,47,0,0,0,0,0,0,0,0,0,0,0,0,0,0,0,0,0,0,0,0,0,0,40,98,1,52,0,0,0,0,0
344,0,7,0,0,0,0,0,310900,0,0,0,0,53,0,0,0,0,0,0,0,0,0,0,0,0,0,0,0,0,0,0,0,0,0,0,106,39,0,140,0,0,0,0,0
344,0,8,0,0,0,0,0,310900,0,0,0,0,50,0,0,0,0,0,0,0,0,0,0,0,0,0,0,0,0,0,0,0,0,0,0,52,0,42,107,0,0,0,0,0
344,0,9,0,0,0,0,0,310900,0,0,0,0,47,0,0,0,0,0,0,0,0,0,0,0,0,0,0,0,0,0,0,0,0,0,365,42,0,0,53,0,0,0,0,0
344,0,10,0,0,0,0,0,310900,0,0,0,0,53,0,0,0,0,0,0,0,0,0,0,0,0,0,0,0,0,0,0,0,0,0,0,91,92,0,118,0,0,0,0,0
344,0,11,0,0,0,0,0,310900,0,0,0,0,53,0,0,0,0,0,0,0,0,0,0,0,0,0,0,0,0,0,0,0,0,0,0,41,39,0,94,0,0,0,0,0
344,0,12,0,0,0,0,0,310900,0,0,0,0,47,0,0,0,0,0,0,0,0,0,0,0,0,0,0,0,0,0,0,0,0,0,0,0,0,45,93,0,0,0,0,0
344,0,13,0,0,0,0,0,310900,0,0,0,0,53,0,0,0,0,0,0,0,0,0,0,0,0,0,0,0,0,0,0,0,0,0,178,0,0,0,109,0,0,0,0,0
344,0,14,0,0,0,0,0,310900,0,0,0,0,53,0,0,0,0,0,0,0,0,0,0,0,0,0,0,0,0,0,0,0,0,0,0,0,80,0,60,0,0,0,0,0
344,0,15,0,0,0,0,0,310900,0,0,0,0,41,0,0,0,0,0,0,0,0,0,0,0,0,0,0,0,0,0,0,0,0,0,0,0,39,0,90,0,0,0,0,0
345,0,0,0,0,0,0,0,621495,0,0,518,262656,136,0,0,0,0,0,4473,0,0,0,0,0,0,0,0,518,518,0,129406,0,385400,262656,0,425,0,136,284,0,0,0,0,1536
345,0,1,0,0,0,0,0,310748,4473,0,0,0,1447,0,0,0,0,0,4473,0,0,0,0,0,0,0,0,0,20,0,64767,0,129032,0,0,129,210,244,2404,0,0,384,0,0
345,0,2,0,0,0,0,0,310748,0,0,0,0,123,384,0,0,0,0,0,0,0,0,0,0,0,0,0,0,0,0,0,0,64762,65277,0,249,210,363,300,0,0,384,0,384
345,0,3,0,0,0,0,0,310748,0,0,0,0,116,384,0,0,0,0,0,0,0,0,0,0,0,0,0,0,0,0,0,0,0,65155,0,91,105,0,174,0,0,0,0,384
345,0,4,0,0,0,0,0,310748,0,0,0,0,135,384,0,0,0,0,0,0,0,0,0,0,0,0,0,0,0,0,0,0,0,65155,0,87,0,86,189,384,0,0,0,384
345,0,5,0,0,0,0,0,310748,0,0,0,0,113,384,0,0,0,0,0,0,0,0,0,0,0,0,0,0,0,0,0,0,0,65277,687,148,0,1,261,0,0,0,0,384
345,0,6,0,0,0,0,0,310748,0,0,0,0,47,0,0,0,0,0,0,0,0,0,0,0,0,0,0,0,0,0,0,0,0,0,0,40,98,1,52,0,0,0,0,0
345,0,7,0,0,0,0,0,310748,0,0,0,0,53,0,0,0,0,0,0,0,0,0,0,0,0,0,0,0,0,0,0,0,0,0,0,107,39,0,140,0,0,0,0,0
345,0,8,0,0,0,0,0,310748,0,0,0,0,50,0,0,0,0,0,0,0,0,0,0,0,0,0,0,0,0,0,0,0,0,0,0,52,0,42,107,0,0,0,0,0
345,0,9,0,0,0,0,0,310748,0,0,0,0,47,0,0,0,0,0,0,0,0,0,0,0,0,0,0,0,0,0,0,0,0,0,365,42,0,0,53,0,0,0,0,0
345,0,10,0,0,0,0,0,310748,0,0,0,0,53,0,0,0,0,0,0,0,0,0,0,0,0,0,0,0,0,0,0,0,0,0,0,91,92,0,118,0,0,0,0,0
345,0,11,0,0,0,0,0,310748,0,0,0,0,53,0,0,0,0,0,0,0,0,0,0,0,0,0,0,0,0,0,0,0,0,0,0,40,39,0,94,0,0,0,0,0
345,0,12,0,0,0,0,0,310748,0,0,0,0,47,0,0,0,0,0,0,0,0,0,0,0,0,0,0,0,0,0,0,0,0,0,0,0,0,45,93,0,0,0,0,0
345,0,13,0,0,0,0,0,310748,0,0,0,0,53,0,0,0,0,0,0,0,0,0,0,0,0,0,0,0,0,0,0,0,0,0,178,0,0,0,109,0,0,0,0,0
345,0,14,0,0,0,0,0,310748,0,0,0,0,53,0,0,0,0,0,0,0,0,0,0,0,0,0,0,0,0,0,0,0,0,0,0,0,80,0,60,0,0,0,0,0
345,0,15,0,0,0,0,0,310748,0,0,0,0,41,0,0,0,0,0,0,0,0,0,0,0,0,0,0,0,0,0,0,0,0,0,0,0,39,0,91,0,0,0,0,0
346,0,0,0,0,0,0,0,881707,0,0,776,393984,136,0,0,0,0,0,4872,0,0,0,0,0,0,0,0,776,776,0,129402,0,640991,393984,0,425,0,136,284,0,0,0,0,2304
346,0,1,0,0,0,0,0,440854,4872,0,0,0,1521,0,0,0,0,0,4872,0,0,0,0,0,0,0,0,0,274,0,64768,0,257276,0,0,135,233,401,2639,0,0,384,0,0
346,0,2,0,0,0,0,0,440854,0,0,0,0,142,384,0,0,0,0,0,0,0,0,0,0,0,0,0,0,0,0,64758,0,128894,65277,0,317,197,423,294,0,0,384,0,384
346,0,3,0,0,0,0,0,440854,0,0,0,0,122,384,0,0,0,0,0,0,0,0,0,0,0,0,0,0,0,0,64637,0,0,65279,0,148,97,0,192,0,0,0,0,384
346,0,4,0,0,0,0,0,440854,0,0,0,0,143,384,0,0,0,0,0,0,0,0,0,0,0,0,0,0,0,0,0,0,0,65162,0,87,0,78,220,768,0,0,0,384
346,0,5,0,0,0,0,0,440854,0,0,0,0,143,384,0,0,0,0,0,0,0,0,0,0,0,0,0,0,0,0,0,0,0,65156,793,148,0,1,285,0,0,384,0,384
346,0,6,0,0,0,0,0,440854,0,0,0,0,142,384,0,0,0,0,0,0,0,0,0,0,0,0,0,0,0,0,0,0,0,65155,0,40,226,2,210,0,0,384,0,384
346,0,7,0,0,0,0,0,440854,0,0,0,0,149,384,0,0,0,0,0,0,0,0,0,0,0,0,0,0,0,0,0,0,0,65276,0,107,72,0,310,0,0,0,0,384
346,0,8,0,0,0,0,0,440854,0,0,0,0,50,0,0,0,0,0,0,0,0,0,0,0,0,0,0,0,0,0,0,0,0,0,0,52,0,42,107,0,0,0,0,0
346,0,9,0,0,0,0,0,440854,0,0,0,0,47,0,0,0,0,0,0,0,0,0,0,0,0,0,0,0,0,0,0,0,0,0,365,42,0,0,53,0,0,0,0,0
346,0,10,0,0,0,0,0,440854,0,0,0,0,53,0,0,0,0,0,0,0,0,0,0,0,0,0,0,0,0,0,0,0,0,0,0,91,92,0,118,0,0,0,0,0
346,0,11,0,0,0,0,0,440854,0,0,0,0,53,0,0,0,0,0,0,0,0,0,0,0,0,0,0,0,0,0,0,0,0,0,0,42,39,0,94,0,0,0,0,0
346,0,12,0,0,0,0,0,440854,0,0,0,0,47,0,0,0,0,0,0,0,0,0,0,0,0,0,0,0,0,0,0,0,0,0,0,0,0,45,93,0,0,0,0,0
346,0,13,0,0,0,0,0,440854,0,0,0,0,53,0,0,0,0,0,0,0,0,0,0,0,0,0,0,0,0,0,0,0,0,0,178,0,0,0,109,0,0,0,0,0
346,0,14,0,0,0,0,0,440854,0,0,0,0,53,0,0,0,0,0,0,0,0,0,0,0,0,0,0,0,0,0,0,0,0,0,0,0,80,0,60,0,0,0,0,0
346,0,15,0,0,0,0,0,440854,0,0,0,0,41,0,0,0,0,0,0,0,0,0,0,0,0,0,0,0,0,0,0,0,0,0,0,0,39,0,91,0,0,0,0,0
347,0,0,0,0,0,0,0,881829,0,0,776,393984,136,0,0,0,0,0,4869,0,0,0,0,0,0,0,0,776,776,0,129401,0,640989,393984,0,425,0,136,284,0,0,0,0,2304
347,0,1,0,0,0,0,0,440914,4869,0,0,0,1513,0,0,0,0,0,4869,0,0,0,0,0,0,0,0,0,276,0,64768,0,257275,0,0,139,235,403,2634,0,0,384,0,0
347,0,2,0,0,0,0,0,440914,0,0,0,0,140,384,0,0,0,0,0,0,0,0,0,0,0,0,0,0,0,0,64757,0,128894,65277,0,316,198,423,290,0,0,384,0,384
347,0,3,0,0,0,0,0,440914,0,0,0,0,120,384,0,0,0,0,0,0,0,0,0,0,0,0,0,0,0,0,64637,0,0,65279,0,149,99,0,189,0,0,0,0,384
347,0,4,0,0,0,0,0,440914,0,0,0,0,141,384,0,0,0,0,0,0,0,0,0,0,0,0,0,0,0,0,0,0,0,65162,0,87,0,80,220,768,0,0,0,384
347,0,5,0,0,0,0,0,440914,0,0,0,0,145,384,0,0,0,0,0,0,0,0,0,0,0,0,0,0,0,0,0,0,0,65156,789,148,0,0,283,0,0,384,0,384
347,0,6,0,0,0,0,0,440914,0,0,0,0,143,384,0,0,0,0,0,0,0,0,0,0,0,0,0,0,0,0,0,0,0,65155,0,40,227,2,212,0,0,384,0,384
347,0,7,0,0,0,0,0,440914,0,0,0,0,150,384,0,0,0,0,0,0,0,0,0,0,0,0,0,0,0,0,0,0,0,65276,0,106,71,0,311,0,0,0,0,384
347,0,8,0,0,0,0,0,440914,0,0,0,0,50,0,0,0,0,0,0,0,0,0,0,0,0,0,0,0,0,0,0,0,0,0,0,52,0,42,107,0,0,0,0,0
347,0,9,0,0,0,0,0,440914,0,0,0,0,47,0,0,0,0,0,0,0,0,0,0,0,0,0,0,0,0,0,0,0,0,0,365,42,0,0,53,0,0,0,0,0
347,0,10,0,0,0,0,0,440914,0,0,0,0,53,0,0,0,0,0,0,0,0,0,0,0,0,0,0,0,0,0,0,0,0,0,0,91,92,0,118,0,0,0,0,0
347,0,11,0,0,0,0,0,440914,0,0,0,0,53,0,0,0,0,0,0,0,0,0,0,0,0,0,0,0,0,0,0,0,0,0,0,43,39,0,94,0,0,0,0,0
347,0,12,0,0,0,0,0,440914,0,0,0,0,47,0,0,0,0,0,0,0,0,0,0,0,0,0,0,0,0,0,0,0,0,0,0,0,0,45,93,0,0,0,0,0
347,0,13,0,0,0,0,0,440914,0,0,0,0,53,0,0,0,0,0,0,0,0,0,0,0,0,0,0,0,0,0,0,0,0,0,178,0,0,0,109,0,0,0,0,0
347,0,14,0,0,0,0,0,440914,0,0,0,0,53,0,0,0,0,0,0,0,0,0,0,0,0,0,0,0,0,0,0,0,0,0,0,0,80,0,60,0,0,0,0,0
347,0,15,0,0,0,0,0,440914,0,0,0,0,41,0,0,0,0,0,0,0,0,0,0,0,0,0,0,0,0,0,0,0,0,0,0,0,39,0,90,0,0,0,0,0
348,0,0,0,0,0,0,0,881545,0,0,776,393984,136,0,0,0,0,0,4869,0,0,0,0,0,0,0,0,776,776,0,129409,0,640783,393984,0,425,0,136,284,0,0,0,0,2304
348,0,1,0,0,0,0,0,440772,4869,0,0,0,1811,0,0,0,0,0,4869,0,0,0,0,0,0,0,0,0,157,0,64561,0,257276,0,0,88,185,206,2908,0,0,384,0,0
348,0,2,0,0,0,0,0,440772,0,0,0,0,141,384,0,0,0,0,0,0,0,0,0,0,0,0,0,0,0,0,64764,0,128894,65277,0,372,218,511,344,0,0,384,0,384
348,0,3,0,0,0,0,0,440772,0,0,0,0,141,384,0,0,0,0,0,0,0,0,0,0,0,0,0,0,0,0,64637,0,0,65279,0,109,78,0,162,0,0,0,0,384
348,0,4,0,0,0,0,0,440772,0,0,0,0,140,384,0,0,0,0,0,0,0,0,0,0,0,0,0,0,0,0,0,0,0,65155,0,87,0,81,170,768,0,0,0,384
348,0,5,0,0,0,0,0,440772,0,0,0,0,143,384,0,0,0,0,0,0,0,0,0,0,0,0,0,0,0,0,0,0,0,65259,793,148,0,0,332,0,0,384,0,384
348,0,6,0,0,0,0,0,440772,0,0,0,0,143,384,0,0,0,0,0,0,0,0,0,0,0,0,0,0,0,0,0,0,0,65155,0,40,224,2,156,0,0,384,0,384
348,0,7,0,0,0,0,0,440772,0,0,0,0,147,384,0,0,0,0,0,0,0,0,0,0,0,0,0,0,0,0,0,0,0,65276,0,106,74,0,348,0,0,0,0,384
348,0,8,0,0,0,0,0,440772,0,0,0,0,50,0,0,0,0,0,0,0,0,0,0,0,0,0,0,0,0,0,0,0,0,0,0,52,0,42,107,0,0,0,0,0
348,0,9,0,0,0,0,0,440772,0,0,0,0,47,0,0,0,0,0,0,0,0,0,0,0,0,0,0,0,0,0,0,0,0,0,365,42,0,0,53,0,0,0,0,0
348,0,10,0,0,0,0,0,440772,0,0,0,0,53,0,0,0,0,0,0,0,0,0,0,0,0,0,0,0,0,0,0,0,0,0,0,91,92,0,118,0,0,0,0,0
348,0,11,0,0,0,0,0,440772,0,0,0,0,53,0,0,0,0,0,0,0,0,0,0,0,0,0,0,0,0,0,0,0,0,0,0,43,39,0,94,0,0,0,0,0
348,0,12,0,0,0,0,0,440772,0,0,0,0,47,0,0,0,0,0,0,0,0,0,0,0,0,0,0,0,0,0,0,0,0,0,0,0,0,45,93,0,0,0,0,0
348,0,13,0,0,0,0,0,440772,0,0,0,0,53,0,0,0,0,0,0,0,0,0,0,0,0,0,0,0,0,0,0,0,0,0,178,0,0,0,109,0,0,0,0,0
348,0,14,0,0,0,0,0,440772,0,0,0,0,53,0,0,0,0,0,0,0,0,0,0,0,0,0,0,0,0,0,0,0,0,0,0,0,80,0,60,0,0,0,0,0
348,0,15,0,0,0,0,0,440772,0,0,0,0,41,0,0,0,0,0,0,0,0,0,0,0,0,0,0,0,0,0,0,0,0,0,0,0,39,0,90,0,0,0,0,0
349,0,0,0,0,0,0,0,1138704,0,0,1036,525312,136,0,0,0,0,0,5274,0,0,0,0,0,0,0,0,1036,1036,0,257428,0,767218,525312,0,556,0,136,284,0,0,0,0,3072
349,0,1,0,0,0,0,0,569352,5274,0,0,0,1924,0,0,0,0,0,5274,0,0,0,0,0,0,0,0,0,509,0,128953,0,256893,0,0,108,210,310,3148,0,0,384,0,0
349,0,2,0,0,0,0,0,569352,0,0,0,0,144,384,0,0,0,0,0,0,0,0,0,0,0,0,0,0,0,0,64768,0,128798,65277,0,322,214,507,297,0,0,384,0,384
349,0,3,0,0,0,0,0,569352,0,0,0,0,140,384,0,0,0,0,0,0,0,0,0,0,0,0,0,0,0,0,64637,0,0,65270,0,110,79,0,164,0,0,0,0,384
349,0,4,0,0,0,0,0,569352,0,0,0,0,135,384,0,0,0,0,0,0,0,0,0,0,0,0,0,0,0,0,64518,0,0,65129,0,103,0,86,173,1152,0,0,0,384
349,0,5,0,0,0,0,0,569352,0,0,0,0,135,384,0,0,0,0,0,0,0,0,0,0,0,0,0,0,0,0,64638,0,0,65140,926,271,0,0,312,0,0,384,0,384
349,0,6,0,0,0,0,0,569352,0,0,0,0,139,384,0,0,0,0,0,0,0,0,0,0,0,0,0,0,0,0,0,0,0,65277,0,40,224,2,202,0,0,384,0,384
349,0,7,0,0,0,0,0,569352,0,0,0,0,143,384,0,0,0,0,0,0,0,0,0,0,0,0,0,0,0,0,0,0,0,65276,0,106,78,0,343,0,0,0,0,384
349,0,8,0,0,0,0,0,569352,0,0,0,0,139,384,0,0,0,0,0,0,0,0,0,0,0,0,0,0,0,0,0,0,0,65168,0,52,0,82,311,384,0,0,0,384
349,0,9,0,0,0,0,0,569352,0,0,0,0,137,384,0,0,0,0,0,0,0,0,0,0,0,0,0,0,0,0,0,0,0,65279,491,42,0,2,151,0,0,0,0,384
349,0,10,0,0,0,0,0,569352,0,0,0,0,53,0,0,0,0,0,0,0,0,0,0,0,0,0,0,0,0,0,0,0,0,0,0,91,92,0,118,0,0,0,0,0
349,0,11,0,0,0,0,0,569352,0,0,0,0,53,0,0,0,0,0,0,0,0,0,0,0,0,0,0,0,0,0,0,0,0,0,0,45,39,0,94,0,0,0,0,0
349,0,12,0,0,0,0,0,569352,0,0,0,0,47,0,0,0,0,0,0,0,0,0,0,0,0,0,0,0,0,0,0,0,0,0,0,0,0,45,93,0,0,0,0,0
349,0,13,0,0,0,0,0,569352,0,0,0,0,53,0,0,0,0,0,0,0,0,0,0,0,0,0,0,0,0,0,0,0,0,0,178,0,0,0,109,0,0,0,0,0
349,0,14,0,0,0,0,0,569352,0,0,0,0,53,0,0,0,0,0,0,0,0,0,0,0,0,0,0,0,0,0,0,0,0,0,0,0,80,0,60,0,0,0,0,0
349,0,15,0,0,0,0,0,569352,0,0,0,0,41,0,0,0,0,0,0,0,0,0,0,0,0,0,0,0,0,0,0,0,0,0,0,0,39,0,90,0,0,0,0,0
350,0,0,0,0,0,0,0,1139065,0,0,1036,525312,136,0,0,0,0,0,5274,0,0,0,0,0,0,0,0,1036,1036,0,257428,0,767233,525312,0,556,0,136,284,0,0,0,0,3072
350,0,1,0,0,0,0,0,569532,5274,0,0,0,1904,0,0,0,0,0,5274,0,0,0,0,0,0,0,0,0,513,0,128951,0,256899,0,0,113,218,317,3131,0,0,384,0,0
350,0,2,0,0,0,0,0,569532,0,0,0,0,140,384,0,0,0,0,0,0,0,0,0,0,0,0,0,0,0,0,64768,0,128798,65277,0,324,217,501,290,0,0,384,0,384
350,0,3,0,0,0,0,0,569532,0,0,0,0,138,384,0,0,0,0,0,0,0,0,0,0,0,0,0,0,0,0,64637,0,0,65272,0,113,80,0,166,0,0,0,0,384
350,0,4,0,0,0,0,0,569532,0,0,0,0,137,384,0,0,0,0,0,0,0,0,0,0,0,0,0,0,0,0,64518,0,0,65130,0,114,0,84,173,1152,0,0,0,384
350,0,5,0,0,0,0,0,569532,0,0,0,0,143,384,0,0,0,0,0,0,0,0,0,0,0,0,0,0,0,0,64638,0,0,65139,920,264,0,0,322,0,0,384,0,384
350,0,6,0,0,0,0,0,569532,0,0,0,0,140,384,0,0,0,0,0,0,0,0,0,0,0,0,0,0,0,0,0,0,0,65277,0,40,221,2,201,0,0,384,0,384
350,0,7,0,0,0,0,0,569532,0,0,0,0,140,384,0,0,0,0,0,0,0,0,0,0,0,0,0,0,0,0,0,0,0,65275,0,106,80,0,338,0,0,0,0,384
350,0,8,0,0,0,0,0,569532,0,0,0,0,140,384,0,0,0,0,0,0,0,0,0,0,0,0,0,0,0,0,0,0,0,65168,0,52,0,81,301,384,0,0,0,384
350,0,9,0,0,0,0,0,569532,0,0,0,0,136,384,0,0,0,0,0,0,0,0,0,0,0,0,0,0,0,0,0,0,0,65279,494,42,0,1,157,0,0,0,0,384
350,0,10,0,0,0,0,0,569532,0,0,0,0,53,0,0,0,0,0,0,0,0,0,0,0,0,0,0,0,0,0,0,0,0,0,0,91,92,1,118,0,0,0,0,0
350,0,11,0,0,0,0,0,569532,0,0,0,0,53,0,0,0,0,0,0,0,0,0,0,0,0,0,0,0,0,0,0,0,0,0,0,44,39,0,94,0,0,0,0,0
350,0,12,0,0,0,0,0,569532,0,0,0,0,47,0,0,0,0,0,0,0,0,0,0,0,0,0,0,0,0,0,0,0,0,0,0,0,0,45,93,0,0,0,0,0
350,0,13,0,0,0,0,0,569532,0,0,0,0,53,0,0,0,0,0,0,0,0,0,0,0,0,0,0,0,0,0,0,0,0,0,178,0,0,0,109,0,0,0,0,0
350,0,14,0,0,0,0,0,569532,0,0,0,0,53,0,0,0,0,0,0,0,0,0,0,0,0,0,0,0,0,0,0,0,0,0,0,0,80,0,60,0,0,0,0,0
350,0,15,0,0,0,0,0,569532,0,0,0,0,41,0,0,0,0,0,0,0,0,0,0,0,0,0,0,0,0,0,0,0,0,0,0,0,39,0,91,0,0,0,0,0
351,0,0,0,0,0,0,0,1138845,0,0,1036,525312,136,0,0,0,0,0,5274,0,0,0,0,0,0,0,0,1036,1036,0,257421,0,767220,525312,0,556,0,136,284,0,0,0,0,3072
351,0,1,0,0,0,0,0,569423,5274,0,0,0,1922,0,0,0,0,0,5274,0,0,0,0,0,0,0,0,0,510,0,128948,0,256897,0,0,112,208,310,3138,0,0,384,0,0
351,0,2,0,0,0,0,0,569423,0,0,0,0,140,384,0,0,0,0,0,0,0,0,0,0,0,0,0,0,0,0,64767,0,128802,65277,0,329,219,505,288,0,0,384,0,384
351,0,3,0,0,0,0,0,569423,0,0,0,0,141,384,0,0,0,0,0,0,0,0,0,0,0,0,0,0,0,0,64637,0,0,65270,0,111,78,0,166,0,0,0,0,384
351,0,4,0,0,0,0,0,569423,0,0,0,0,138,384,0,0,0,0,0,0,0,0,0,0,0,0,0,0,0,0,64518,0,0,65130,0,110,0,83,168,1152,0,0,0,384
351,0,5,0,0,0,0,0,569423,0,0,0,0,139,384,0,0,0,0,0,0,0,0,0,0,0,0,0,0,0,0,64638,0,0,65137,929,261,0,0,322,0,0,384,0,384
351,0,6,0,0,0,0,0,569423,0,0,0,0,139,384,0,0,0,0,0,0,0,0,0,0,0,0,0,0,0,0,0,0,0,65277,0,40,217,2,195,0,0,384,0,384
351,0,7,0,0,0,0,0,569423,0,0,0,0,135,384,0,0,0,0,0,0,0,0,0,0,0,0,0,0,0,0,0,0,0,65276,0,107,85,0,334,0,0,0,0,384
351,0,8,0,0,0,0,0,569423,0,0,0,0,143,384,0,0,0,0,0,0,0,0,0,0,0,0,0,0,0,0,0,0,0,65164,0,52,0,78,308,384,0,0,0,384
351,0,9,0,0,0,0,0,569423,0,0,0,0,139,384,0,0,0,0,0,0,0,0,0,0,0,0,0,0,0,0,0,0,0,65279,494,42,0,1,163,0,0,0,0,384
351,0,10,0,0,0,0,0,569423,0,0,0,0,53,0,0,0,0,0,0,0,0,0,0,0,0,0,0,0,0,0,0,0,0,0,0,91,92,1,118,0,0,0,0,0
351,0,11,0,0,0,0,0,569423,0,0,0,0,53,0,0,0,0,0,0,0,0,0,0,0,0,0,0,0,0,0,0,0,0,0,0,43,39,0,94,0,0,0,0,0
351,0,12,0,0,0,0,0,569423,0,0,0,0,47,0,0,0,0,0,0,0,0,0,0,0,0,0,0,0,0,0,0,0,0,0,0,0,0,45,93,0,0,0,0,0
351,0,13,0,0,0,0,0,569423,0,0,0,0,53,0,0,0,0,0,0,0,0,0,0,0,0,0,0,0,0,0,0,0,0,0,178,0,0,0,109,0,0,0,0,0
351,0,14,0,0,0,0,0,569423,0,0,0,0,53,0,0,0,0,0,0,0,0,0,0,0,0,0,0,0,0,0,0,0,0,0,0,0,80,0,60,0,0,0,0,0
351,0,15,0,0,0,0,0,569423,0,0,0,0,41,0,0,0,0,0,0,0,0,0,0,0,0,0,0,0,0,0,0,0,0,0,0,0,39,0,92,0,0,0,0,0
352,0,0,0,0,0,0,0,1395164,0,0,1294,656640,136,0,0,0,0,0,5673,0,0,0,0,0,0,0,0,1294,1294,0,257785,0,1020496,656640,0,556,0,136,284,0,0,0,0,554019
352,0,1,0,0,0,0,0,697582,5673,0,0,0,1985,0,0,0,0,0,5673,0,0,0,0,0,0,0,0,0,972,0,128918,0,384181,0,0,164,242,421,3324,0,0,384,0,0
352,0,2,0,0,0,0,0,697582,0,0,0,0,136,384,0,0,0,0,0,0,0,0,0,0,0,0,0,0,0,0,129024,0,192534,65087,0,438,216,541,289,0,0,384,0,384
352,0,3,0,0,0,0,0,697582,0,0,0,0,137,384,0,0,0,0,0,0,0,0,0,0,0,0,0,0,0,0,128890,0,0,65278,0,203,82,0,165,0,0,0,0,384
352,0,4,0,0,0,0,0,697582,0,0,0,0,140,384,0,0,0,0,0,0,0,0,0,0,0,0,0,0,0,0,64641,0,0,65276,0,103,0,81,211,1536,0,0,0,384
352,0,5,0,0,0,0,0,697582,0,0,0,0,139,384,0,0,0,0,0,0,0,0,0,0,0,0,0,0,0,0,64639,0,0,65143,1063,220,0,2,311,0,0,384,0,384
352,0,6,0,0,0,0,0,697582,0,0,0,0,138,384,0,0,0,0,0,0,0,0,0,0,0,0,0,0,0,0,64518,0,0,65277,0,59,228,1,197,0,0,384,0,384
352,0,7,0,0,0,0,0,697582,0,0,0,0,147,384,0,0,0,0,0,0,0,0,0,0,0,0,0,0,0,0,64764,0,0,65276,0,186,74,0,306,0,0,0,0,384
352,0,8,0,0,0,0,0,697582,0,0,0,0,136,384,0,0,0,0,0,0,0,0,0,0,0,0,0,0,0,0,0,0,0,65150,0,57,0,85,303,768,0,0,0,384
352,0,9,0,0,0,0,0,697582,0,0,0,0,139,384,0,0,0,0,0,0,0,0,0,0,0,0,0,0,0,0,0,0,0,65279,605,41,0,1,205,0,0,384,0,384
352,0,10,0,0,0,0,0,697582,0,0,0,0,150,384,0,0,0,0,0,0,0,0,0,0,0,0,0,0,0,0,0,0,0,65280,0,90,223,2,328,0,0,384,0,384
352,0,11,0,0,0,0,0,697582,0,0,0,0,153,384,0,0,0,0,0,0,0,0,0,0,0,0,0,0,0,0,0,0,0,65277,0,44,67,0,246,0,0,0,0,384
352,0,12,0,0,0,0,0,697582,0,0,0,0,54,0,0,0,0,0,0,0,0,0,0,0,0,0,0,0,0,0,0,0,0,0,0,0,0,38,95,0,0,0,0,0
352,0,13,0,0,0,0,0,697582,0,0,0,0,53,0,0,0,0,0,0,0,0,0,0,0,0,0,0,0,0,0,0,0,0,0,185,0,0,0,110,0,0,0,0,0
352,0,14,0,0,0,0,0,697582,0,0,0,0,53,0,0,0,0,0,0,0,0,0,0,0,0,0,0,0,0,0,0,0,0,0,0,0,80,0,61,0,0,0,0,0
352,0,15,0,0,0,0,0,697582,0,0,0,0,41,0,0,0,0,0,0,0,0,0,0,0,0,0,0,0,0,0,0,0,0,0,0,0,39,0,93,0,0,0,0,0
353,0,0,0,0,0,0,0,1395514,0,0,1294,656640,136,0,0,0,0,0,5670,0,0,0,0,0,0,0,0,1294,1294,0,257783,0,1020492,656640,0,556,0,136,284,0,0,0,0,554257
353,0,1,0,0,0,0,0,697757,5670,0,0,0,1981,0,0,0,0,0,5670,0,0,0,0,0,0,0,0,0,974,0,128916,0,384175,0,0,165,245,421,3328,0,0,384,0,0
353,0,2,0,0,0,0,0,697757,0,0,0,0,135,384,0,0,0,0,0,0,0,0,0,0,0,0,0,0,0,0,129016,0,192536,65096,0,440,216,540,286,0,0,384,0,384
353,0,3,0,0,0,0,0,697757,0,0,0,0,135,384,0,0,0,0,0,0,0,0,0,0,0,0,0,0,0,0,128890,0,0,65275,0,205,84,0,162,0,0,0,0,384
353,0,4,0,0,0,0,0,697757,0,0,0,0,132,384,0,0,0,0,0,0,0,0,0,0,0,0,0,0,0,0,64642,0,0,65276,0,107,0,89,201,1536,0,0,0,384
353,0,5,0,0,0,0,0,697757,0,0,0,0,137,384,0,0,0,0,0,0,0,0,0,0,0,0,0,0,0,0,64631,0,0,65145,1055,222,0,1,306,0,0,384,0,384
353,0,6,0,0,0,0,0,697757,0,0,0,0,135,384,0,0,0,0,0,0,0,0,0,0,0,0,0,0,0,0,64513,0,0,65277,0,59,230,2,192,0,0,384,0,384
353,0,7,0,0,0,0,0,697757,0,0,0,0,146,384,0,0,0,0,0,0,0,0,0,0,0,0,0,0,0,0,64764,0,0,65276,0,184,75,0,304,0,0,0,0,384
353,0,8,0,0,0,0,0,697757,0,0,0,0,133,384,0,0,0,0,0,0,0,0,0,0,0,0,0,0,0,0,0,0,0,65147,0,52,0,88,301,768,0,0,0,384
353,0,9,0,0,0,0,0,697757,0,0,0,0,136,384,0,0,0,0,0,0,0,0,0,0,0,0,0,0,0,0,0,0,0,65276,606,42,0,1,199,0,0,384,0,384
353,0,10,0,0,0,0,0,697757,0,0,0,0,147,384,0,0,0,0,0,0,0,0,0,0,0,0,0,0,0,0,0,0,0,65277,0,91,229,1,324,0,0,384,0,384
353,0,11,0,0,0,0,0,697757,0,0,0,0,156,384,0,0,0,0,0,0,0,0,0,0,0,0,0,0,0,0,0,0,0,65277,0,45,65,0,250,0,0,0,0,384
353,0,12,0,0,0,0,0,697757,0,0,0,0,47,0,0,0,0,0,0,0,0,0,0,0,0,0,0,0,0,0,0,0,0,0,0,0,0,45,93,0,0,0,0,0
353,0,13,0,0,0,0,0,697757,0,0,0,0,53,0,0,0,0,0,0,0,0,0,0,0,0,0,0,0,0,0,0,0,0,0,178,0,0,0,109,0,0,0,0,0
353,0,14,0,0,0,0,0,697757,0,0,0,0,53,0,0,0,0,0,0,0,0,0,0,0,0,0,0,0,0,0,0,0,0,0,0,0,80,0,60,0,0,0,0,0
353,0,15,0,0,0,0,0,697757,0,0,0,0,41,0,0,0,0,0,0,0,0,0,0,0,0,0,0,0,0,0,0,0,0,0,0,0,39,0,92,0,0,0,0,0
354,0,0,0,0,0,0,0,1395698,0,0,1294,656640,136,0,0,0,0,0,5670,0,0,0,0,0,0,0,0,1294,1294,0,257747,0,1020546,656640,0,556,0,136,284,0,0,0,0,554253
354,0,1,0,0,0,0,0,697849,5670,0,0,0,1971,0,0,0,0,0,5670,0,0,0,0,0,0,0,0,0,978,0,128933,0,384186,0,0,159,248,434,3330,0,0,384,0,0
354,0,2,0,0,0,0,0,697849,0,0,0,0,133,384,0,0,0,0,0,0,0,0,0,0,0,0,0,0,0,0,129024,0,192534,65101,0,429,208,542,280,0,0,384,0,384
354,0,3,0,0,0,0,0,697849,0,0,0,0,125,384,0,0,0,0,0,0,0,0,0,0,0,0,0,0,0,0,128890,0,0,65276,0,204,94,0,151,0,0,0,0,384
354,0,4,0,0,0,0,0,697849,0,0,0,0,136,384,0,0,0,0,0,0,0,0,0,0,0,0,0,0,0,0,64628,0,0,65276,0,108,0,85,207,1536,0,0,0,384
354,0,5,0,0,0,0,0,697849,0,0,0,0,135,384,0,0,0,0,0,0,0,0,0,0,0,0,0,0,0,0,64638,0,0,65140,1051,226,0,1,306,0,0,384,0,384
354,0,6,0,0,0,0,0,697849,0,0,0,0,137,384,0,0,0,0,0,0,0,0,0,0,0,0,0,0,0,0,64523,0,0,65277,0,69,224,1,195,0,0,384,0,384
354,0,7,0,0,0,0,0,697849,0,0,0,0,141,384,0,0,0,0,0,0,0,0,0,0,0,0,0,0,0,0,64764,0,0,65275,0,182,80,0,303,0,0,0,0,384
354,0,8,0,0,0,0,0,697849,0,0,0,0,136,384,0,0,0,0,0,0,0,0,0,0,0,0,0,0,0,0,0,0,0,65139,0,52,0,85,303,768,0,0,0,384
354,0,9,0,0,0,0,0,697849,0,0,0,0,138,384,0,0,0,0,0,0,0,0,0,0,0,0,0,0,0,0,0,0,0,65279,622,42,0,1,197,0,0,384,0,384
354,0,10,0,0,0,0,0,697849,0,0,0,0,146,384,0,0,0,0,0,0,0,0,0,0,0,0,0,0,0,0,0,0,0,65280,0,91,214,1,313,0,0,384,0,384
354,0,11,0,0,0,0,0,697849,0,0,0,0,140,384,0,0,0,0,0,0,0,0,0,0,0,0,0,0,0,0,0,0,0,65277,0,44,81,0,237,0,0,0,0,384
354,0,12,0,0,0,0,0,697849,0,0,0,0,47,0,0,0,0,0,0,0,0,0,0,0,0,0,0,0,0,0,0,0,0,0,0,0,0,45,93,0,0,0,0,0
354,0,13,0,0,0,0,0,697849,0,0,0,0,53,0,0,0,0,0,0,0,0,0,0,0,0,0,0,0,0,0,0,0,0,0,178,0,0,0,109,0,0,0,0,0
354,0,14,0,0,0,0,0,697849,0,0,0,0,53,0,0,0,0,0,0,0,0,0,0,0,0,0,0,0,0,0,0,0,0,0,0,0,80,0,60,0,0,0,0,0
354,0,15,0,0,0,0,0,697849,0,0,0,0,41,0,0,0,0,0,0,0,0,0,0,0,0,0,0,0,0,0,0,0,0,0,0,0,39,0,93,0,0,0,0,0
355,0,0,0,0,0,0,0,1782443,0,0,1682,853632,136,0,0,0,0,0,6270,0,0,0,0,0,0,0,0,1682,1682,0,384978,0,1276888,853632,0,691,0,136,284,0,0,0,0,1627185
355,0,1,0,0,0,0,0,891222,6270,0,0,0,2192,0,0,0,0,0,6270,0,0,0,0,0,0,0,0,0,878,0,193314,0,448474,0,0,226,306,479,3711,0,0,384,0,0
355,0,2,0,0,0,0,0,891222,0,0,0,0,119,384,0,0,0,0,0,0,0,0,0,0,0,0,0,0,0,0,193389,0,192620,65276,0,511,210,527,276,0,0,384,0,384
355,0,3,0,0,0,0,0,891222,0,0,0,0,123,384,0,0,0,0,0,0,0,0,0,0,0,0,0,0,0,0,128819,0,0,65279,0,189,85,0,174,0,0,0,0,384
355,0,4,0,0,0,0,0,891222,0,0,0,0,129,384,0,0,0,0,0,0,0,0,0,0,0,0,0,0,0,0,128912,0,0,65200,0,186,0,92,182,2295,0,0,0,384
355,0,5,0,0,0,0,0,891222,0,0,0,0,137,384,0,0,0,0,0,0,0,0,0,0,0,0,0,0,0,0,129213,0,0,65267,1271,319,0,0,283,0,0,415,0,384
355,0,6,0,0,0,0,0,891222,0,0,0,0,138,384,0,0,0,0,0,0,0,0,0,0,0,0,0,0,0,0,129143,0,0,65213,0,128,224,2,192,0,0,384,0,384
355,0,7,0,0,0,0,0,891222,0,0,0,0,140,384,0,0,0,0,0,0,0,0,0,0,0,0,0,0,0,0,64617,0,0,65217,0,194,83,0,308,0,0,0,0,384
355,0,8,0,0,0,0,0,891222,0,0,0,0,139,384,0,0,0,0,0,0,0,0,0,0,0,0,0,0,0,0,64577,0,0,65196,0,131,0,84,284,1576,0,0,0,384
355,0,9,0,0,0,0,0,891222,0,0,0,0,130,384,0,0,0,0,0,0,0,0,0,0,0,0,0,0,0,0,64730,0,0,65263,796,92,0,0,181,0,0,384,0,384
355,0,10,0,0,0,0,0,891222,0,0,0,0,138,384,0,0,0,0,0,0,0,0,0,0,0,0,0,0,0,0,64702,0,0,65262,0,184,228,3,288,0,0,384,0,384
355,0,11,0,0,0,0,0,891222,0,0,0,0,145,384,0,0,0,0,0,0,0,0,0,0,0,0,0,0,0,0,0,0,0,65262,0,43,78,0,231,0,0,0,0,384
355,0,12,0,0,0,0,0,891222,0,0,0,0,135,384,0,0,0,0,0,0,0,0,0,0,0,0,0,0,0,0,0,0,0,65256,0,0,0,88,235,384,0,0,0,384
355,0,13,0,0,0,0,0,891222,0,0,0,0,141,384,0,0,0,0,0,0,0,0,0,0,0,0,0,0,0,0,0,0,0,65258,398,0,0,1,280,0,0,384,0,384
355,0,14,0,0,0,0,0,891222,0,0,0,0,143,384,0,0,0,0,0,0,0,0,0,0,0,0,0,0,0,0,0,0,0,65202,0,0,120,2,190,0,0,0,0,384
355,0,15,0,0,0,0,0,891222,0,0,0,0,41,0,0,0,0,0,0,0,0,0,0,0,0,0,0,0,0,0,0,0,0,0,0,0,39,0,95,0,0,0,0,0
356,0,0,0,0,0,0,0,1782434,0,0,1682,853632,136,0,0,0,0,0,6270,0,0,0,0,0,0,0,0,1682,1682,0,384896,0,1276914,853632,0,691,0,136,284,0,0,0,0,1627238
356,0,1,0,0,0,0,0,891217,6270,0,0,0,2211,0,0,0,0,0,6270,0,0,0,0,0,0,0,0,0,873,0,193282,0,448536,0,0,224,297,471,3744,0,0,384,0,0
356,0,2,0,0,0,0,0,891217,0,0,0,0,132,384,0,0,0,0,0,0,0,0,0,0,0,0,0,0,0,0,193445,0,192614,65276,0,516,201,531,287,0,0,384,0,384
356,0,3,0,0,0,0,0,891217,0,0,0,0,127,384,0,0,0,0,0,0,0,0,0,0,0,0,0,0,0,0,128813,0,0,65279,0,185,82,0,177,0,0,0,0,384
356,0,4,0,0,0,0,0,891217,0,0,0,0,132,384,0,0,0,0,0,0,0,0,0,0,0,0,0,0,0,0,128872,0,0,65203,0,171,0,89,191,2295,0,0,0,384
356,0,5,0,0,0,0,0,891217,0,0,0,0,137,384,0,0,0,0,0,0,0,0,0,0,0,0,0,0,0,0,129186,0,0,65268,1266,321,0,2,283,0,0,415,0,384
356,0,6,0,0,0,0,0,891217,0,0,0,0,133,384,0,0,0,0,0,0,0,0,0,0,0,0,0,0,0,0,129192,0,0,65219,0,132,232,0,178,0,0,384,0,384
356,0,7,0,0,0,0,0,891217,0,0,0,0,142,384,0,0,0,0,0,0,0,0,0,0,0,0,0,0,0,0,64617,0,0,65215,0,195,80,0,316,0,0,0,0,384
356,0,8,0,0,0,0,0,891217,0,0,0,0,140,384,0,0,0,0,0,0,0,0,0,0,0,0,0,0,0,0,64575,0,0,65185,0,143,0,83,288,1579,0,0,0,384
356,0,9,0,0,0,0,0,891217,0,0,0,0,136,384,0,0,0,0,0,0,0,0,0,0,0,0,0,0,0,0,64726,0,0,65261,794,90,0,1,187,0,0,384,0,384
356,0,10,0,0,0,0,0,891217,0,0,0,0,140,384,0,0,0,0,0,0,0,0,0,0,0,0,0,0,0,0,64727,0,0,65261,0,181,224,1,289,0,0,384,0,384
356,0,11,0,0,0,0,0,891217,0,0,0,0,142,384,0,0,0,0,0,0,0,0,0,0,0,0,0,0,0,0,0,0,0,65263,0,42,81,0,230,0,0,0,0,384
356,0,12,0,0,0,0,0,891217,0,0,0,0,144,384,0,0,0,0,0,0,0,0,0,0,0,0,0,0,0,0,0,0,0,65255,0,0,0,79,232,384,0,0,0,384
356,0,13,0,0,0,0,0,891217,0,0,0,0,142,384,0,0,0,0,0,0,0,0,0,0,0,0,0,0,0,0,0,0,0,65257,398,0,0,2,283,0,0,384,0,384
356,0,14,0,0,0,0,0,891217,0,0,0,0,137,384,0,0,0,0,0,0,0,0,0,0,0,0,0,0,0,0,0,0,0,65210,0,0,127,0,187,0,0,0,0,384
356,0,15,0,0,0,0,0,891217,0,0,0,0,41,0,0,0,0,0,0,0,0,0,0,0,0,0,0,0,0,0,0,0,0,0,0,0,39,0,98,0,0,0,0,0
357,0,0,0,0,0,0,0,1783039,0,0,1682,853632,136,0,0,0,0,0,6270,0,0,0,0,0,0,0,0,1682,1682,0,384927,0,1276868,853632,0,691,0,136,284,0,0,0,0,1627934
357,0,1,0,0,0,0,0,891519,6270,0,0,0,2220,0,0,0,0,0,6270,0,0,0,0,0,0,0,0,0,880,0,193283,0,448519,0,0,220,302,461,3759,0,0,384,0,0
357,0,2,0,0,0,0,0,891519,0,0,0,0,130,384,0,0,0,0,0,0,0,0,0,0,0,0,0,0,0,0,193445,0,192610,65276,0,526,198,533,283,0,0,384,0,384
357,0,3,0,0,0,0,0,891519,0,0,0,0,121,384,0,0,0,0,0,0,0,0,0,0,0,0,0,0,0,0,128808,0,0,65279,0,186,87,0,169,0,0,0,0,384
357,0,4,0,0,0,0,0,891519,0,0,0,0,131,384,0,0,0,0,0,0,0,0,0,0,0,0,0,0,0,0,128884,0,0,65202,0,183,0,90,181,2295,0,0,0,384
357,0,5,0,0,0,0,0,891519,0,0,0,0,134,384,0,0,0,0,0,0,0,0,0,0,0,0,0,0,0,0,129193,0,0,65260,1263,327,0,1,278,0,0,413,0,384
357,0,6,0,0,0,0,0,891519,0,0,0,0,130,384,0,0,0,0,0,0,0,0,0,0,0,0,0,0,0,0,129190,0,0,65217,0,126,234,2,171,0,0,384,0,384
357,0,7,0,0,0,0,0,891519,0,0,0,0,143,384,0,0,0,0,0,0,0,0,0,0,0,0,0,0,0,0,64607,0,0,65216,0,189,80,0,319,0,0,0,0,384
357,0,8,0,0,0,0,0,891519,0,0,0,0,142,384,0,0,0,0,0,0,0,0,0,0,0,0,0,0,0,0,64565,0,0,65186,0,135,0,81,286,1583,0,0,0,384
357,0,9,0,0,0,0,0,891519,0,0,0,0,128,384,0,0,0,0,0,0,0,0,0,0,0,0,0,0,0,0,64720,0,0,65266,798,86,0,0,177,0,0,384,0,384
357,0,10,0,0,0,0,0,891519,0,0,0,0,139,384,0,0,0,0,0,0,0,0,0,0,0,0,0,0,0,0,64731,0,0,65262,0,182,230,2,293,0,0,384,0,384
357,0,11,0,0,0,0,0,891519,0,0,0,0,146,384,0,0,0,0,0,0,0,0,0,0,0,0,0,0,0,0,0,0,0,65259,0,46,76,0,236,0,0,0,0,384
357,0,12,0,0,0,0,0,891519,0,0,0,0,140,384,0,0,0,0,0,0,0,0,0,0,0,0,0,0,0,0,0,0,0,65252,0,0,0,83,236,384,0,0,0,384
357,0,13,0,0,0,0,0,891519,0,0,0,0,141,384,0,0,0,0,0,0,0,0,0,0,0,0,0,0,0,0,0,0,0,65253,399,0,0,1,286,0,0,384,0,384
357,0,14,0,0,0,0,0,891519,0,0,0,0,140,384,0,0,0,0,0,0,0,0,0,0,0,0,0,0,0,0,0,0,0,65210,0,0,124,1,189,0,0,0,0,384
357,0,15,0,0,0,0,0,891519,0,0,0,0,41,0,0,0,0,0,0,0,0,0,0,0,0,0,0,0,0,0,0,0,0,0,0,0,39,0,93,0,0,0,0,0
358,0,0,0,0,0,0,0,238681,0,0,130,65600,136,0,0,0,0,0,3873,0,0,0,0,0,0,0,0,130,130,0,0,0,129690,65600,0,294,0,136,284,0,0,0,0,192
358,0,1,0,0,0,0,0,119341,3873,0,0,0,1180,0,0,0,0,0,3873,0,0,0,0,0,0,0,0,0,5,0,0,0,65133,0,0,84,170,205,1981,0,0,192,0,0
358,0,2,0,0,0,0,0,119341,0,0,0,0,134,192,0,0,0,0,0,0,0,0,0,0,0,0,0,0,0,0,0,0,0,65337,0,249,134,282,301,0,0,0,0,192
358,0,3,0,0,0,0,0,119341,0,0,0,0,47,0,0,0,0,0,0,0,0,0,0,0,0,0,0,0,0,0,0,0,0,0,0,92,45,0,54,0,0,0,0,0
358,0,4,0,0,0,0,0,119341,0,0,0,0,47,0,0,0,0,0,0,0,0,0,0,0,0,0,0,0,0,0,0,0,0,0,0,87,0,45,62,0,0,0,0,0
358,0,5,0,0,0,0,0,119341,0,0,0,0,47,0,0,0,0,0,0,0,0,0,0,0,0,0,0,0,0,0,0,0,0,0,537,148,0,0,109,0,0,0,0,0
358,0,6,0,0,0,0,0,119341,0,0,0,0,47,0,0,0,0,0,0,0,0,0,0,0,0,0,0,0,0,0,0,0,0,0,0,40,98,0,52,0,0,0,0,0
358,0,7,0,0,0,0,0,119341,0,0,0,0,53,0,0,0,0,0,0,0,0,0,0,0,0,0,0,0,0,0,0,0,0,0,0,104,39,0,140,0,0,0,0,0
358,0,8,0,0,0,0,0,119341,0,0,0,0,50,0,0,0,0,0,0,0,0,0,0,0,0,0,0,0,0,0,0,0,0,0,0,52,0,42,107,0,0,0,0,0
358,0,9,0,0,0,0,0,119341,0,0,0,0,47,0,0,0,0,0,0,0,0,0,0,0,0,0,0,0,0,0,0,0,0,0,365,42,0,0,53,0,0,0,0,0
358,0,10,0,0,0,0,0,119341,0,0,0,0,53,0,0,0,0,0,0,0,0,0,0,0,0,0,0,0,0,0,0,0,0,0,0,91,92,0,118,0,0,0,0,0
358,0,11,0,0,0,0,0,119341,0,0,0,0,53,0,0,0,0,0,0,0,0,0,0,0,0,0,0,0,0,0,0,0,0,0,0,40,39,0,94,0,0,0,0,0
358,0,12,0,0,0,0,0,119341,0,0,0,0,47,0,0,0,0,0,0,0,0,0,0,0,0,0,0,0,0,0,0,0,0,0,0,0,0,45,93,0,0,0,0,0
358,0,13,0,0,0,0,0,119341,0,0,0,0,53,0,0,0,0,0,0,0,0,0,0,0,0,0,0,0,0,0,0,0,0,0,178,0,0,0,109,0,0,0,0,0
358,0,14,0,0,0,0,0,119341,0,0,0,0,53,0,0,0,0,0,0,0,0,0,0,0,0,0,0,0,0,0,0,0,0,0,0,0,80,0,60,0,0,0,0,0
358,0,15,0,0,0,0,0,119341,0,0,0,0,41,0,0,0,0,0,0,0,0,0,0,0,0,0,0,0,0,0,0,0,0,0,0,0,39,0,88,0,0,0,0,0
359,0,0,0,0,0,0,0,238752,0,0,130,65600,136,0,0,0,0,0,3873,0,0,0,0,0,0,0,0,130,130,0,0,0,129714,65600,0,294,0,136,284,0,0,0,0,192
359,0,1,0,0,0,0,0,119376,3873,0,0,0,1184,0,0,0,0,0,3873,0,0,0,0,0,0,0,0,0,6,0,0,0,65142,0,0,84,170,201,1991,0,0,192,0,0
359,0,2,0,0,0,0,0,119376,0,0,0,0,139,192,0,0,0,0,0,0,0,0,0,0,0,0,0,0,0,0,0,0,0,65340,0,249,128,283,310,0,0,0,0,192
359,0,3,0,0,0,0,0,119376,0,0,0,0,47,0,0,0,0,0,0,0,0,0,0,0,0,0,0,0,0,0,0,0,0,0,0,91,45,0,54,0,0,0,0,0
359,0,4,0,0,0,0,0,119376,0,0,0,0,47,0,0,0,0,0,0,0,0,0,0,0,0,0,0,0,0,0,0,0,0,0,0,87,0,45,61,0,0,0,0,0
359,0,5,0,0,0,0,0,119376,0,0,0,0,47,0,0,0,0,0,0,0,0,0,0,0,0,0,0,0,0,0,0,0,0,0,537,148,0,0,109,0,0,0,0,0
359,0,6,0,0,0,0,0,119376,0,0,0,0,47,0,0,0,0,0,0,0,0,0,0,0,0,0,0,0,0,0,0,0,0,0,0,40,98,0,52,0,0,0,0,0
359,0,7,0,0,0,0,0,119376,0,0,0,0,53,0,0,0,0,0,0,0,0,0,0,0,0,0,0,0,0,0,0,0,0,0,0,105,39,0,140,0,0,0,0,0
359,0,8,0,0,0,0,0,119376,0,0,0,0,50,0,0,0,0,0,0,0,0,0,0,0,0,0,0,0,0,0,0,0,0,0,0,52,0,42,107,0,0,0,0,0
359,0,9,0,0,0,0,0,119376,0,0,0,0,47,0,0,0,0,0,0,0,0,0,0,0,0,0,0,0,0,0,0,0,0,0,365,42,0,0,53,0,0,0,0,0
359,0,10,0,0,0,0,0,119376,0,0,0,0,53,0,0,0,0,0,0,0,0,0,0,0,0,0,0,0,0,0,0,0,0,0,0,91,92,0,118,0,0,0,0,0
359,0,11,0,0,0,0,0,119376,0,0,0,0,53,0,0,0,0,0,0,0,0,0,0,0,0,0,0,0,0,0,0,0,0,0,0,39,39,0,94,0,0,0,0,0
359,0,12,0,0,0,0,0,119376,0,0,0,0,47,0,0,0,0,0,0,0,0,0,0,0,0,0,0,0,0,0,0,0,0,0,0,0,0,45,93,0,0,0,0,0
359,0,13,0,0,0,0,0,119376,0,0,0,0,53,0,0,0,0,0,0,0,0,0,0,0,0,0,0,0,0,0,0,0,0,0,178,0,0,0,109,0,0,0,0,0
359,0,14,0,0,0,0,0,119376,0,0,0,0,53,0,0,0,0,0,0,0,0,0,0,0,0,0,0,0,0,0,0,0,0,0,0,0,80,0,60,0,0,0,0,0
359,0,15,0,0,0,0,0,119376,0,0,0,0,41,0,0,0,0,0,0,0,0,0,0,0,0,0,0,0,0,0,0,0,0,0,0,0,39,0,89,0,0,0,0,0
360,0,0,0,0,0,0,0,238681,0,0,130,65600,136,0,0,0,0,0,3873,0,0,0,0,0,0,0,0,130,130,0,0,0,129703,65600,0,294,0,136,284,0,0,0,0,192
360,0,1,0,0,0,0,0,119341,3873,0,0,0,1183,0,0,0,0,0,3873,0,0,0,0,0,0,0,0,0,8,0,0,0,65140,0,0,84,170,202,1988,0,0,192,0,0
360,0,2,0,0,0,0,0,119341,0,0,0,0,138,192,0,0,0,0,0,0,0,0,0,0,0,0,0,0,0,0,0,0,0,65340,0,249,130,282,308,0,0,0,0,192
360,0,3,0,0,0,0,0,119341,0,0,0,0,47,0,0,0,0,0,0,0,0,0,0,0,0,0,0,0,0,0,0,0,0,0,0,92,45,0,54,0,0,0,0,0
360,0,4,0,0,0,0,0,119341,0,0,0,0,47,0,0,0,0,0,0,0,0,0,0,0,0,0,0,0,0,0,0,0,0,0,0,87,0,45,61,0,0,0,0,0
360,0,5,0,0,0,0,0,119341,0,0,0,0,47,0,0,0,0,0,0,0,0,0,0,0,0,0,0,0,0,0,0,0,0,0,537,148,0,0,109,0,0,0,0,0
360,0,6,0,0,0,0,0,119341,0,0,0,0,47,0,0,0,0,0,0,0,0,0,0,0,0,0,0,0,0,0,0,0,0,0,0,40,98,0,52,0,0,0,0,0
360,0,7,0,0,0,0,0,119341,0,0,0,0,53,0,0,0,0,0,0,0,0,0,0,0,0,0,0,0,0,0,0,0,0,0,0,104,39,0,140,0,0,0,0,0
360,0,8,0,0,0,0,0,119341,0,0,0,0,50,0,0,0,0,0,0,0,0,0,0,0,0,0,0,0,0,0,0,0,0,0,0,52,0,42,107,0,0,0,0,0
360,0,9,0,0,0,0,0,119341,0,0,0,0,47,0,0,0,0,0,0,0,0,0,0,0,0,0,0,0,0,0,0,0,0,0,365,42,0,0,53,0,0,0,0,0
360,0,10,0,0,0,0,0,119341,0,0,0,0,53,0,0,0,0,0,0,0,0,0,0,0,0,0,0,0,0,0,0,0,0,0,0,91,92,0,118,0,0,0,0,0
360,0,11,0,0,0,0,0,119341,0,0,0,0,53,0,0,0,0,0,0,0,0,0,0,0,0,0,0,0,0,0,0,0,0,0,0,40,39,0,94,0,0,0,0,0
360,0,12,0,0,0,0,0,119341,0,0,0,0,47,0,0,0,0,0,0,0,0,0,0,0,0,0,0,0,0,0,0,0,0,0,0,0,0,45,93,0,0,0,0,0
360,0,13,0,0,0,0,0,119341,0,0,0,0,53,0,0,0,0,0,0,0,0,0,0,0,0,0,0,0,0,0,0,0,0,0,178,0,0,0,109,0,0,0,0,0
360,0,14,0,0,0,0,0,119341,0,0,0,0,53,0,0,0,0,0,0,0,0,0,0,0,0,0,0,0,0,0,0,0,0,0,0,0,80,0,60,0,0,0,0,0
360,0,15,0,0,0,0,0,119341,0,0,0,0,41,0,0,0,0,0,0,0,0,0,0,0,0,0,0,0,0,0,0,0,0,0,0,0,39,0,88,0,0,0,0,0
361,0,0,0,0,0,0,0,363056,0,0,132,131200,136,0,0,0,0,0,3882,0,0,0,0,0,0,0,0,132,132,0,0,0,259997,131200,0,294,0,136,284,0,0,0,0,384
361,0,1,0,0,0,0,0,181528,3882,0,0,0,1162,0,0,0,0,0,3882,0,0,0,0,0,0,0,0,0,125,0,0,0,130292,0,0,84,169,227,1946,0,0,192,0,0
361,0,2,0,0,0,0,0,181528,0,0,0,0,106,192,0,0,0,0,0,0,0,0,0,0,0,0,0,0,0,0,0,0,65152,65347,0,249,151,316,220,0,0,192,0,192
361,0,3,0,0,0,0,0,181528,0,0,0,0,101,192,0,0,0,0,0,0,0,0,0,0,0,0,0,0,0,0,0,0,0,65407,0,92,56,0,141,0,0,0,0,192
361,0,4,0,0,0,0,0,181528,0,0,0,0,47,0,0,0,0,0,0,0,0,0,0,0,0,0,0,0,0,0,0,0,0,0,0,87,0,45,61,0,0,0,0,0
361,0,5,0,0,0,0,0,181528,0,0,0,0,47,0,0,0,0,0,0,0,0,0,0,0,0,0,0,0,0,0,0,0,0,0,537,148,0,0,109,0,0,0,0,0
361,0,6,0,0,0,0,0,181528,0,0,0,0,47,0,0,0,0,0,0,0,0,0,0,0,0,0,0,0,0,0,0,0,0,0,0,40,98,0,52,0,0,0,0,0
361,0,7,0,0,0,0,0,181528,0,0,0,0,53,0,0,0,0,0,0,0,0,0,0,0,0,0,0,0,0,0,0,0,0,0,0,105,39,0,140,0,0,0,0,0
361,0,8,0,0,0,0,0,181528,0,0,0,0,50,0,0,0,0,0,0,0,0,0,0,0,0,0,0,0,0,0,0,0,0,0,0,52,0,42,107,0,0,0,0,0
361,0,9,0,0,0,0,0,181528,0,0,0,0,47,0,0,0,0,0,0,0,0,0,0,0,0,0,0,0,0,0,0,0,0,0,365,42,0,0,53,0,0,0,0,0
361,0,10,0,0,0,0,0,181528,0,0,0,0,53,0,0,0,0,0,0,0,0,0,0,0,0,0,0,0,0,0,0,0,0,0,0,91,92,0,118,0,0,0,0,0
361,0,11,0,0,0,0,0,181528,0,0,0,0,53,0,0,0,0,0,0,0,0,0,0,0,0,0,0,0,0,0,0,0,0,0,0,40,39,0,94,0,0,0,0,0
361,0,12,0,0,0,0,0,181528,0,0,0,0,47,0,0,0,0,0,0,0,0,0,0,0,0,0,0,0,0,0,0,0,0,0,0,0,0,45,93,0,0,0,0,0
361,0,13,0,0,0,0,0,181528,0,0,0,0,53,0,0,0,0,0,0,0,0,0,0,0,0,0,0,0,0,0,0,0,0,0,178,0,0,0,109,0,0,0,0,0
361,0,14,0,0,0,0,0,181528,0,0,0,0,53,0,0,0,0,0,0,0,0,0,0,0,0,0,0,0,0,0,0,0,0,0,0,0,80,0,60,0,0,0,0,0
361,0,15,0,0,0,0,0,181528,0,0,0,0,41,0,0,0,0,0,0,0,0,0,0,0,0,0,0,0,0,0,0,0,0,0,0,0,39,0,89,0,0,0,0,0
362,0,0,0,0,0,0,0,363092,0,0,132,131200,136,0,0,0,0,0,3882,0,0,0,0,0,0,0,0,132,132,0,0,0,260025,131200,0,294,0,136,284,0,0,0,0,384
362,0,1,0,0,0,0,0,181546,3882,0,0,0,1165,0,0,0,0,0,3882,0,0,0,0,0,0,0,0,0,123,0,0,0,130302,0,0,84,169,224,1945,0,0,192,0,0
362,0,2,0,0,0,0,0,181546,0,0,0,0,96,192,0,0,0,0,0,0,0,0,0,0,0,0,0,0,0,0,0,0,65152,65349,0,249,155,322,208,0,0,192,0,192
362,0,3,0,0,0,0,0,181546,0,0,0,0,96,192,0,0,0,0,0,0,0,0,0,0,0,0,0,0,0,0,0,0,0,65407,0,91,61,0,131,0,0,0,0,192
362,0,4,0,0,0,0,0,181546,0,0,0,0,47,0,0,0,0,0,0,0,0,0,0,0,0,0,0,0,0,0,0,0,0,0,0,87,0,45,61,0,0,0,0,0
362,0,5,0,0,0,0,0,181546,0,0,0,0,47,0,0,0,0,0,0,0,0,0,0,0,0,0,0,0,0,0,0,0,0,0,537,148,0,0,109,0,0,0,0,0
362,0,6,0,0,0,0,0,181546,0,0,0,0,47,0,0,0,0,0,0,0,0,0,0,0,0,0,0,0,0,0,0,0,0,0,0,40,98,0,52,0,0,0,0,0
362,0,7,0,0,0,0,0,181546,0,0,0,0,53,0,0,0,0,0,0,0,0,0,0,0,0,0,0,0,0,0,0,0,0,0,0,106,39,0,140,0,0,0,0,0
362,0,8,0,0,0,0,0,181546,0,0,0,0,50,0,0,0,0,0,0,0,0,0,0,0,0,0,0,0,0,0,0,0,0,0,0,52,0,42,107,0,0,0,0,0
362,0,9,0,0,0,0,0,181546,0,0,0,0,47,0,0,0,0,0,0,0,0,0,0,0,0,0,0,0,0,0,0,0,0,0,365,42,0,0,53,0,0,0,0,0
362,0,10,0,0,0,0,0,181546,0,0,0,0,53,0,0,0,0,0,0,0,0,0,0,0,0,0,0,0,0,0,0,0,0,0,0,91,92,0,118,0,0,0,0,0
362,0,11,0,0,0,0,0,181546,0,0,0,0,53,0,0,0,0,0,0,0,0,0,0,0,0,0,0,0,0,0,0,0,0,0,0,39,39,0,94,0,0,0,0,0
362,0,12,0,0,0,0,0,181546,0,0,0,0,47,0,0,0,0,0,0,0,0,0,0,0,0,0,0,0,0,0,0,0,0,0,0,0,0,45,93,0,0,0,0,0
362,0,13,0,0,0,0,0,181546,0,0,0,0,53,0,0,0,0,0,0,0,0,0,0,0,0,0,0,0,0,0,0,0,0,0,178,0,0,0,109,0,0,0,0,0
362,0,14,0,0,0,0,0,181546,0,0,0,0,53,0,0,0,0,0,0,0,0,0,0,0,0,0,0,0,0,0,0,0,0,0,0,0,80,0,60,0,0,0,0,0
362,0,15,0,0,0,0,0,181546,0,0,0,0,41,0,0,0,0,0,0,0,0,0,0,0,0,0,0,0,0,0,0,0,0,0,0,0,39,0,90,0,0,0,0,0
363,0,0,0,0,0,0,0,363001,0,0,132,131200,136,0,0,0,0,0,3879,0,0,0,0,0,0,0,0,132,132,0,0,0,259972,131200,0,294,0,136,284,0,0,0,0,384
363,0,1,0,0,0,0,0,181501,3879,0,0,0,1168,0,0,0,0,0,3879,0,0,0,0,0,0,0,0,0,126,0,0,0,130284,0,0,84,169,221,1946,0,0,192,0,0
363,0,2,0,0,0,0,0,181501,0,0,0,0,102,192,0,0,0,0,0,0,0,0,0,0,0,0,0,0,0,0,0,0,65152,65339,0,249,157,322,216,0,0,192,0,192
363,0,3,0,0,0,0,0,181501,0,0,0,0,103,192,0,0,0,0,0,0,0,0,0,0,0,0,0,0,0,0,0,0,0,65407,0,92,54,0,137,0,0,0,0,192
363,0,4,0,0,0,0,0,181501,0,0,0,0,47,0,0,0,0,0,0,0,0,0,0,0,0,0,0,0,0,0,0,0,0,0,0,87,0,45,61,0,0,0,0,0
363,0,5,0,0,0,0,0,181501,0,0,0,0,47,0,0,0,0,0,0,0,0,0,0,0,0,0,0,0,0,0,0,0,0,0,537,148,0,0,109,0,0,0,0,0
363,0,6,0,0,0,0,0,181501,0,0,0,0,47,0,0,0,0,0,0,0,0,0,0,0,0,0,0,0,0,0,0,0,0,0,0,40,98,0,52,0,0,0,0,0
363,0,7,0,0,0,0,0,181501,0,0,0,0,53,0,0,0,0,0,0,0,0,0,0,0,0,0,0,0,0,0,0,0,0,0,0,105,39,0,140,0,0,0,0,0
363,0,8,0,0,0,0,0,181501,0,0,0,0,50,0,0,0,0,0,0,0,0,0,0,0,0,0,0,0,0,0,0,0,0,0,0,52,0,42,107,0,0,0,0,0
363,0,9,0,0,0,0,0,181501,0,0,0,0,47,0,0,0,0,0,0,0,0,0,0,0,0,0,0,0,0,0,0,0,0,0,365,42,0,0,53,0,0,0,0,0
363,0,10,0,0,0,0,0,181501,0,0,0,0,53,0,0,0,0,0,0,0,0,0,0,0,0,0,0,0,0,0,0,0,0,0,0,91,92,0,118,0,0,0,0,0
363,0,11,0,0,0,0,0,181501,0,0,0,0,53,0,0,0,0,0,0,0,0,0,0,0,0,0,0,0,0,0,0,0,0,0,0,40,39,0,94,0,0,0,0,0
363,0,12,0,0,0,0,0,181501,0,0,0,0,47,0,0,0,0,0,0,0,0,0,0,0,0,0,0,0,0,0,0,0,0,0,0,0,0,45,93,0,0,0,0,0
363,0,13,0,0,0,0,0,181501,0,0,0,0,53,0,0,0,0,0,0,0,0,0,0,0,0,0,0,0,0,0,0,0,0,0,178,0,0,0,109,0,0,0,0,0
363,0,14,0,0,0,0,0,181501,0,0,0,0,53,0,0,0,0,0,0,0,0,0,0,0,0,0,0,0,0,0,0,0,0,0,0,0,80,0,60,0,0,0,0,0
363,0,15,0,0,0,0,0,181501,0,0,0,0,41,0,0,0,0,0,0,0,0,0,0,0,0,0,0,0,0,0,0,0,0,0,0,0,39,0,89,0,0,0,0,0
364,0,0,0,0,0,0,0,623776,0,0,262,262400,136,0,0,0,0,0,4086,0,0,0,0,0,0,0,0,262,262,0,130232,0,389316,262400,0,361,0,136,284,0,0,0,0,768
364,0,1,0,0,0,0,0,311888,4086,0,0,0,1279,0,0,0,0,0,4086,0,0,0,0,0,0,0,0,0,25,0,65152,0,130058,0,0,91,201,203,2123,0,0,192,0,0
364,0,2,0,0,0,0,0,311888,0,0,0,0,92,192,0,0,0,0,0,0,0,0,0,0,0,0,0,0,0,0,0,0,65150,65405,0,249,155,343,202,0,0,192,0,192
364,0,3,0,0,0,0,0,311888,0,0,0,0,93,192,0,0,0,0,0,0,0,0,0,0,0,0,0,0,0,0,0,0,0,65348,0,92,63,0,107,0,0,0,0,192
364,0,4,0,0,0,0,0,311888,0,0,0,0,92,192,0,0,0,0,0,0,0,0,0,0,0,0,0,0,0,0,0,0,0,65347,0,87,0,65,139,192,0,0,0,192
364,0,5,0,0,0,0,0,311888,0,0,0,0,93,192,0,0,0,0,0,0,0,0,0,0,0,0,0,0,0,0,0,0,0,65405,599,148,0,2,215,0,0,0,0,192
364,0,6,0,0,0,0,0,311888,0,0,0,0,47,0,0,0,0,0,0,0,0,0,0,0,0,0,0,0,0,0,0,0,0,0,0,40,98,0,52,0,0,0,0,0
364,0,7,0,0,0,0,0,311888,0,0,0,0,53,0,0,0,0,0,0,0,0,0,0,0,0,0,0,0,0,0,0,0,0,0,0,107,39,0,140,0,0,0,0,0
364,0,8,0,0,0,0,0,311888,0,0,0,0,50,0,0,0,0,0,0,0,0,0,0,0,0,0,0,0,0,0,0,0,0,0,0,52,0,42,107,0,0,0,0,0
364,0,9,0,0,0,0,0,311888,0,0,0,0,47,0,0,0,0,0,0,0,0,0,0,0,0,0,0,0,0,0,0,0,0,0,365,42,0,0,53,0,0,0,0,0
364,0,10,0,0,0,0,0,311888,0,0,0,0,53,0,0,0,0,0,0,0,0,0,0,0,0,0,0,0,0,0,0,0,0,0,0,91,92,0,118,0,0,0,0,0
364,0,11,0,0,0,0,0,311888,0,0,0,0,53,0,0,0,0,0,0,0,0,0,0,0,0,0,0,0,0,0,0,0,0,0,0,40,39,0,94,0,0,0,0,0
364,0,12,0,0,0,0,0,311888,0,0,0,0,47,0,0,0,0,0,0,0,0,0,0,0,0,0,0,0,0,0,0,0,0,0,0,0,0,45,93,0,0,0,0,0
364,0,13,0,0,0,0,0,311888,0,0,0,0,53,0,0,0,0,0,0,0,0,0,0,0,0,0,0,0,0,0,0,0,0,0,178,0,0,0,109,0,0,0,0,0
364,0,14,0,0,0,0,0,311888,0,0,0,0,53,0,0,0,0,0,0,0,0,0,0,0,0,0,0,0,0,0,0,0,0,0,0,0,80,0,60,0,0,0,0,0
364,0,15,0,0,0,0,0,311888,0,0,0,0,41,0,0,0,0,0,0,0,0,0,0,0,0,0,0,0,0,0,0,0,0,0,0,0,39,0,91,0,0,0,0,0
365,0,0,0,0,0,0,0,623805,0,0,262,262400,136,0,0,0,0,0,4089,0,0,0,0,0,0,0,0,262,262,0,130239,0,389323,262400,0,361,0,136,284,0,0,0,0,768
365,0,1,0,0,0,0,0,311903,4089,0,0,0,1286,0,0,0,0,0,4089,0,0,0,0,0,0,0,0,0,19,0,65152,0,130064,0,0,88,201,199,2124,0,0,192,0,0
365,0,2,0,0,0,0,0,311903,0,0,0,0,88,192,0,0,0,0,0,0,0,0,0,0,0,0,0,0,0,0,0,0,65148,65405,0,249,157,347,198,0,0,192,0,192
365,0,3,0,0,0,0,0,311903,0,0,0,0,92,192,0,0,0,0,0,0,0,0,0,0,0,0,0,0,0,0,0,0,0,65351,0,91,65,0,102,0,0,0,0,192
365,0,4,0,0,0,0,0,311903,0,0,0,0,94,192,0,0,0,0,0,0,0,0,0,0,0,0,0,0,0,0,0,0,0,65346,0,87,0,63,139,192,0,0,0,192
365,0,5,0,0,0,0,0,311903,0,0,0,0,91,192,0,0,0,0,0,0,0,0,0,0,0,0,0,0,0,0,0,0,0,65405,603,148,0,2,216,0,0,0,0,192
365,0,6,0,0,0,0,0,311903,0,0,0,0,47,0,0,0,0,0,0,0,0,0,0,0,0,0,0,0,0,0,0,0,0,0,0,40,98,0,52,0,0,0,0,0
365,0,7,0,0,0,0,0,311903,0,0,0,0,53,0,0,0,0,0,0,0,0,0,0,0,0,0,0,0,0,0,0,0,0,0,0,108,39,0,140,0,0,0,0,0
365,0,8,0,0,0,0,0,311903,0,0,0,0,50,0,0,0,0,0,0,0,0,0,0,0,0,0,0,0,0,0,0,0,0,0,0,52,0,42,107,0,0,0,0,0
365,0,9,0,0,0,0,0,311903,0,0,0,0,47,0,0,0,0,0,0,0,0,0,0,0,0,0,0,0,0,0,0,0,0,0,365,42,0,0,53,0,0,0,0,0
365,0,10,0,0,0,0,0,311903,0,0,0,0,53,0,0,0,0,0,0,0,0,0,0,0,0,0,0,0,0,0,0,0,0,0,0,91,92,0,118,0,0,0,0,0
365,0,11,0,0,0,0,0,311903,0,0,0,0,53,0,0,0,0,0,0,0,0,0,0,0,0,0,0,0,0,0,0,0,0,0,0,39,39,0,94,0,0,0,0,0
365,0,12,0,0,0,0,0,311903,0,0,0,0,47,0,0,0,0,0,0,0,0,0,0,0,0,0,0,0,0,0,0,0,0,0,0,0,0,45,93,0,0,0,0,0
365,0,13,0,0,0,0,0,311903,0,0,0,0,53,0,0,0,0,0,0,0,0,0,0,0,0,0,0,0,0,0,0,0,0,0,178,0,0,0,109,0,0,0,0,0
365,0,14,0,0,0,0,0,311903,0,0,0,0,53,0,0,0,0,0,0,0,0,0,0,0,0,0,0,0,0,0,0,0,0,0,0,0,80,0,60,0,0,0,0,0
365,0,15,0,0,0,0,0,311903,0,0,0,0,41,0,0,0,0,0,0,0,0,0,0,0,0,0,0,0,0,0,0,0,0,0,0,0,39,0,92,0,0,0,0,0
366,0,0,0,0,0,0,0,623818,0,0,262,262400,136,0,0,0,0,0,4089,0,0,0,0,0,0,0,0,262,262,0,130233,0,389301,262400,0,361,0,136,284,0,0,0,0,768
366,0,1,0,0,0,0,0,311909,4089,0,0,0,1279,0,0,0,0,0,4089,0,0,0,0,0,0,0,0,0,25,0,65152,0,130053,0,0,90,202,203,2123,0,0,192,0,0
366,0,2,0,0,0,0,0,311909,0,0,0,0,88,192,0,0,0,0,0,0,0,0,0,0,0,0,0,0,0,0,0,0,65139,65405,0,249,155,343,197,0,0,192,0,192
366,0,3,0,0,0,0,0,311909,0,0,0,0,89,192,0,0,0,0,0,0,0,0,0,0,0,0,0,0,0,0,0,0,0,65346,0,92,68,0,102,0,0,0,0,192
366,0,4,0,0,0,0,0,311909,0,0,0,0,92,192,0,0,0,0,0,0,0,0,0,0,0,0,0,0,0,0,0,0,0,65347,0,87,0,65,139,192,0,0,0,192
366,0,5,0,0,0,0,0,311909,0,0,0,0,94,192,0,0,0,0,0,0,0,0,0,0,0,0,0,0,0,0,0,0,0,65405,599,148,0,1,217,0,0,0,0,192
366,0,6,0,0,0,0,0,311909,0,0,0,0,47,0,0,0,0,0,0,0,0,0,0,0,0,0,0,0,0,0,0,0,0,0,0,40,98,1,52,0,0,0,0,0
366,0,7,0,0,0,0,0,311909,0,0,0,0,53,0,0,0,0,0,0,0,0,0,0,0,0,0,0,0,0,0,0,0,0,0,0,106,39,0,140,0,0,0,0,0
366,0,8,0,0,0,0,0,311909,0,0,0,0,50,0,0,0,0,0,0,0,0,0,0,0,0,0,0,0,0,0,0,0,0,0,0,52,0,42,107,0,0,0,0,0
366,0,9,0,0,0,0,0,311909,0,0,0,0,47,0,0,0,0,0,0,0,0,0,0,0,0,0,0,0,0,0,0,0,0,0,365,42,0,0,53,0,0,0,0,0
366,0,10,0,0,0,0,0,311909,0,0,0,0,53,0,0,0,0,0,0,0,0,0,0,0,0,0,0,0,0,0,0,0,0,0,0,91,92,0,118,0,0,0,0,0
366,0,11,0,0,0,0,0,311909,0,0,0,0,53,0,0,0,0,0,0,0,0,0,0,0,0,0,0,0,0,0,0,0,0,0,0,41,39,0,94,0,0,0,0,0
366,0,12,0,0,0,0,0,311909,0,0,0,0,47,0,0,0,0,0,0,0,0,0,0,0,0,0,0,0,0,0,0,0,0,0,0,0,0,45,93,0,0,0,0,0
366,0,13,0,0,0,0,0,311909,0,0,0,0,53,0,0,0,0,0,0,0,0,0,0,0,0,0,0,0,0,0,0,0,0,0,178,0,0,0,109,0,0,0,0,0
366,0,14,0,0,0,0,0,311909,0,0,0,0,53,0,0,0,0,0,0,0,0,0,0,0,0,0,0,0,0,0,0,0,0,0,0,0,80,0,60,0,0,0,0,0
366,0,15,0,0,0,0,0,311909,0,0,0,0,41,0,0,0,0,0,0,0,0,0,0,0,0,0,0,0,0,0,0,0,0,0,0,0,39,0,90,0,0,0,0,0
367,0,0,0,0,0,0,0,884051,0,0,392,393600,136,0,0,0,0,0,4296,0,0,0,0,0,0,0,0,392,392,0,130236,0,648162,393600,0,361,0,136,284,0,0,0,0,1152
367,0,1,0,0,0,0,0,442026,4296,0,0,0,1350,0,0,0,0,0,4296,0,0,0,0,0,0,0,0,0,139,0,65146,0,259711,0,0,115,183,258,2242,0,0,192,0,0
367,0,2,0,0,0,0,0,442026,0,0,0,0,94,192,0,0,0,0,0,0,0,0,0,0,0,0,0,0,0,0,65144,0,129982,65406,0,291,157,377,205,0,0,192,0,192
367,0,3,0,0,0,0,0,442026,0,0,0,0,97,192,0,0,0,0,0,0,0,0,0,0,0,0,0,0,0,0,65085,0,0,65407,0,106,57,0,128,0,0,0,0,192
367,0,4,0,0,0,0,0,442026,0,0,0,0,96,192,0,0,0,0,0,0,0,0,0,0,0,0,0,0,0,0,0,0,0,65347,0,87,0,61,124,384,0,0,0,192
367,0,5,0,0,0,0,0,442026,0,0,0,0,96,192,0,0,0,0,0,0,0,0,0,0,0,0,0,0,0,0,0,0,0,65348,675,148,0,1,194,0,0,192,0,192
367,0,6,0,0,0,0,0,442026,0,0,0,0,105,192,0,0,0,0,0,0,0,0,0,0,0,0,0,0,0,0,0,0,0,65350,0,40,152,1,135,0,0,192,0,192
367,0,7,0,0,0,0,0,442026,0,0,0,0,101,192,0,0,0,0,0,0,0,0,0,0,0,0,0,0,0,0,0,0,0,65404,0,107,56,0,241,0,0,0,0,192
367,0,8,0,0,0,0,0,442026,0,0,0,0,50,0,0,0,0,0,0,0,0,0,0,0,0,0,0,0,0,0,0,0,0,0,0,52,0,42,107,0,0,0,0,0
367,0,9,0,0,0,0,0,442026,0,0,0,0,47,0,0,0,0,0,0,0,0,0,0,0,0,0,0,0,0,0,0,0,0,0,365,42,0,0,53,0,0,0,0,0
367,0,10,0,0,0,0,0,442026,0,0,0,0,53,0,0,0,0,0,0,0,0,0,0,0,0,0,0,0,0,0,0,0,0,0,0,91,92,0,118,0,0,0,0,0
367,0,11,0,0,0,0,0,442026,0,0,0,0,53,0,0,0,0,0,0,0,0,0,0,0,0,0,0,0,0,0,0,0,0,0,0,42,39,0,94,0,0,0,0,0
367,0,12,0,0,0,0,0,442026,0,0,0,0,47,0,0,0,0,0,0,0,0,0,0,0,0,0,0,0,0,0,0,0,0,0,0,0,0,45,93,0,0,0,0,0
367,0,13,0,0,0,0,0,442026,0,0,0,0,53,0,0,0,0,0,0,0,0,0,0,0,0,0,0,0,0,0,0,0,0,0,178,0,0,0,109,0,0,0,0,0
367,0,14,0,0,0,0,0,442026,0,0,0,0,53,0,0,0,0,0,0,0,0,0,0,0,0,0,0,0,0,0,0,0,0,0,0,0,80,0,60,0,0,0,0,0
367,0,15,0,0,0,0,0,442026,0,0,0,0,41,0,0,0,0,0,0,0,0,0,0,0,0,0,0,0,0,0,0,0,0,0,0,0,39,0,91,0,0,0,0,0
368,0,0,0,0,0,0,0,883982,0,0,392,393600,136,0,0,0,0,0,4296,0,0,0,0,0,0,0,0,392,392,0,130237,0,648155,393600,0,361,0,136,284,0,0,0,0,1152
368,0,1,0,0,0,0,0,441991,4296,0,0,0,1351,0,0,0,0,0,4296,0,0,0,0,0,0,0,0,0,137,0,65145,0,259711,0,0,116,182,257,2260,0,0,192,0,0
368,0,2,0,0,0,0,0,441991,0,0,0,0,100,192,0,0,0,0,0,0,0,0,0,0,0,0,0,0,0,0,65144,0,129983,65405,0,291,154,376,212,0,0,192,0,192
368,0,3,0,0,0,0,0,441991,0,0,0,0,99,192,0,0,0,0,0,0,0,0,0,0,0,0,0,0,0,0,65085,0,0,65407,0,103,55,0,134,0,0,0,0,192
368,0,4,0,0,0,0,0,441991,0,0,0,0,100,192,0,0,0,0,0,0,0,0,0,0,0,0,0,0,0,0,0,0,0,65347,0,87,0,57,128,384,0,0,0,192
368,0,5,0,0,0,0,0,441991,0,0,0,0,99,192,0,0,0,0,0,0,0,0,0,0,0,0,0,0,0,0,0,0,0,65348,661,148,0,2,196,0,0,192,0,192
368,0,6,0,0,0,0,0,441991,0,0,0,0,97,192,0,0,0,0,0,0,0,0,0,0,0,0,0,0,0,0,0,0,0,65349,0,40,166,1,127,0,0,192,0,192
368,0,7,0,0,0,0,0,441991,0,0,0,0,108,192,0,0,0,0,0,0,0,0,0,0,0,0,0,0,0,0,0,0,0,65405,0,106,49,0,252,0,0,0,0,192
368,0,8,0,0,0,0,0,441991,0,0,0,0,50,0,0,0,0,0,0,0,0,0,0,0,0,0,0,0,0,0,0,0,0,0,0,52,0,42,107,0,0,0,0,0
368,0,9,0,0,0,0,0,441991,0,0,0,0,47,0,0,0,0,0,0,0,0,0,0,0,0,0,0,0,0,0,0,0,0,0,365,42,0,0,53,0,0,0,0,0
368,0,10,0,0,0,0,0,441991,0,0,0,0,53,0,0,0,0,0,0,0,0,0,0,0,0,0,0,0,0,0,0,0,0,0,0,91,92,0,118,0,0,0,0,0
368,0,11,0,0,0,0,0,441991,0,0,0,0,53,0,0,0,0,0,0,0,0,0,0,0,0,0,0,0,0,0,0,0,0,0,0,43,39,0,94,0,0,0,0,0
368,0,12,0,0,0,0,0,441991,0,0,0,0,47,0,0,0,0,0,0,0,0,0,0,0,0,0,0,0,0,0,0,0,0,0,0,0,0,45,93,0,0,0,0,0
368,0,13,0,0,0,0,0,441991,0,0,0,0,53,0,0,0,0,0,0,0,0,0,0,0,0,0,0,0,0,0,0,0,0,0,178,0,0,0,109,0,0,0,0,0
368,0,14,0,0,0,0,0,441991,0,0,0,0,53,0,0,0,0,0,0,0,0,0,0,0,0,0,0,0,0,0,0,0,0,0,0,0,80,0,60,0,0,0,0,0
368,0,15,0,0,0,0,0,441991,0,0,0,0,41,0,0,0,0,0,0,0,0,0,0,0,0,0,0,0,0,0,0,0,0,0,0,0,39,0,90,0,0,0,0,0
369,0,0,0,0,0,0,0,884072,0,0,392,393600,136,0,0,0,0,0,4296,0,0,0,0,0,0,0,0,392,392,0,130236,0,648119,393600,0,361,0,136,284,0,0,0,0,1152
369,0,1,0,0,0,0,0,442036,4296,0,0,0,1345,0,0,0,0,0,4296,0,0,0,0,0,0,0,0,0,140,0,65130,0,259713,0,0,114,188,259,2253,0,0,192,0,0
369,0,2,0,0,0,0,0,442036,0,0,0,0,96,192,0,0,0,0,0,0,0,0,0,0,0,0,0,0,0,0,65143,0,129982,65405,0,291,157,376,206,0,0,192,0,192
369,0,3,0,0,0,0,0,442036,0,0,0,0,99,192,0,0,0,0,0,0,0,0,0,0,0,0,0,0,0,0,65085,0,0,65407,0,107,56,0,129,0,0,0,0,192
369,0,4,0,0,0,0,0,442036,0,0,0,0,95,192,0,0,0,0,0,0,0,0,0,0,0,0,0,0,0,0,0,0,0,65347,0,87,0,62,128,384,0,0,0,192
369,0,5,0,0,0,0,0,442036,0,0,0,0,96,192,0,0,0,0,0,0,0,0,0,0,0,0,0,0,0,0,0,0,0,65343,659,148,0,1,195,0,0,192,0,192
369,0,6,0,0,0,0,0,442036,0,0,0,0,93,192,0,0,0,0,0,0,0,0,0,0,0,0,0,0,0,0,0,0,0,65350,0,40,167,1,123,0,0,192,0,192
369,0,7,0,0,0,0,0,442036,0,0,0,0,104,192,0,0,0,0,0,0,0,0,0,0,0,0,0,0,0,0,0,0,0,65404,0,107,53,0,243,0,0,0,0,192
369,0,8,0,0,0,0,0,442036,0,0,0,0,50,0,0,0,0,0,0,0,0,0,0,0,0,0,0,0,0,0,0,0,0,0,0,52,0,42,107,0,0,0,0,0
369,0,9,0,0,0,0,0,442036,0,0,0,0,47,0,0,0,0,0,0,0,0,0,0,0,0,0,0,0,0,0,0,0,0,0,365,42,0,0,53,0,0,0,0,0
369,0,10,0,0,0,0,0,442036,0,0,0,0,53,0,0,0,0,0,0,0,0,0,0,0,0,0,0,0,0,0,0,0,0,0,0,91,92,0,118,0,0,0,0,0
369,0,11,0,0,0,0,0,442036,0,0,0,0,53,0,0,0,0,0,0,0,0,0,0,0,0,0,0,0,0,0,0,0,0,0,0,42,39,0,94,0,0,0,0,0
369,0,12,0,0,0,0,0,442036,0,0,0,0,47,0,0,0,0,0,0,0,0,0,0,0,0,0,0,0,0,0,0,0,0,0,0,0,0,45,93,0,0,0,0,0
369,0,13,0,0,0,0,0,442036,0,0,0,0,53,0,0,0,0,0,0,0,0,0,0,0,0,0,0,0,0,0,0,0,0,0,178,0,0,0,109,0,0,0,0,0
369,0,14,0,0,0,0,0,442036,0,0,0,0,53,0,0,0,0,0,0,0,0,0,0,0,0,0,0,0,0,0,0,0,0,0,0,0,80,0,60,0,0,0,0,0
369,0,15,0,0,0,0,0,442036,0,0,0,0,41,0,0,0,0,0,0,0,0,0,0,0,0,0,0,0,0,0,0,0,0,0,0,0,39,0,91,0,0,0,0,0
370,0,0,0,0,0,0,0,1143950,0,0,524,524800,136,0,0,0,0,0,4503,0,0,0,0,0,0,0,0,524,524,0,259857,0,776890,524800,0,428,0,136,284,0,0,0,0,1536
370,0,1,0,0,0,0,0,571975,4503,0,0,0,1406,0,0,0,0,0,4503,0,0,0,0,0,0,0,0,0,261,0,130053,0,259507,0,0,143,233,258,2376,0,0,192,0,0
370,0,2,0,0,0,0,0,571975,0,0,0,0,88,192,0,0,0,0,0,0,0,0,0,0,0,0,0,0,0,0,65152,0,129910,65405,0,290,156,354,223,0,0,192,0,192
370,0,3,0,0,0,0,0,571975,0,0,0,0,91,192,0,0,0,0,0,0,0,0,0,0,0,0,0,0,0,0,65085,0,0,65401,0,123,64,0,127,0,0,0,0,192
370,0,4,0,0,0,0,0,571975,0,0,0,0,89,192,0,0,0,0,0,0,0,0,0,0,0,0,0,0,0,0,65030,0,0,65348,0,119,0,68,135,576,0,0,0,192
370,0,5,0,0,0,0,0,571975,0,0,0,0,90,192,0,0,0,0,0,0,0,0,0,0,0,0,0,0,0,0,65086,0,0,65350,726,185,0,1,190,0,0,192,0,192
370,0,6,0,0,0,0,0,571975,0,0,0,0,90,192,0,0,0,0,0,0,0,0,0,0,0,0,0,0,0,0,0,0,0,65405,0,40,165,1,121,0,0,192,0,192
370,0,7,0,0,0,0,0,571975,0,0,0,0,98,192,0,0,0,0,0,0,0,0,0,0,0,0,0,0,0,0,0,0,0,65405,0,109,58,0,220,0,0,0,0,192
370,0,8,0,0,0,0,0,571975,0,0,0,0,95,192,0,0,0,0,0,0,0,0,0,0,0,0,0,0,0,0,0,0,0,65349,0,52,0,62,187,192,0,0,0,192
370,0,9,0,0,0,0,0,571975,0,0,0,0,93,192,0,0,0,0,0,0,0,0,0,0,0,0,0,0,0,0,0,0,0,65407,428,42,0,1,129,0,0,0,0,192
370,0,10,0,0,0,0,0,571975,0,0,0,0,53,0,0,0,0,0,0,0,0,0,0,0,0,0,0,0,0,0,0,0,0,0,0,91,92,1,118,0,0,0,0,0
370,0,11,0,0,0,0,0,571975,0,0,0,0,53,0,0,0,0,0,0,0,0,0,0,0,0,0,0,0,0,0,0,0,0,0,0,41,39,0,94,0,0,0,0,0
370,0,12,0,0,0,0,0,571975,0,0,0,0,47,0,0,0,0,0,0,0,0,0,0,0,0,0,0,0,0,0,0,0,0,0,0,0,0,45,93,0,0,0,0,0
370,0,13,0,0,0,0,0,571975,0,0,0,0,53,0,0,0,0,0,0,0,0,0,0,0,0,0,0,0,0,0,0,0,0,0,178,0,0,0,109,0,0,0,0,0
370,0,14,0,0,0,0,0,571975,0,0,0,0,53,0,0,0,0,0,0,0,0,0,0,0,0,0,0,0,0,0,0,0,0,0,0,0,80,0,60,0,0,0,0,0
370,0,15,0,0,0,0,0,571975,0,0,0,0,41,0,0,0,0,0,0,0,0,0,0,0,0,0,0,0,0,0,0,0,0,0,0,0,39,0,94,0,0,0,0,0
371,0,0,0,0,0,0,0,1143946,0,0,524,524800,136,0,0,0,0,0,4506,0,0,0,0,0,0,0,0,524,524,0,259854,0,776899,524800,0,428,0,136,284,0,0,0,0,1536
371,0,1,0,0,0,0,0,571973,4506,0,0,0,1399,0,0,0,0,0,4506,0,0,0,0,0,0,0,0,0,264,0,130040,0,259528,0,0,149,230,262,2373,0,0,192,0,0
371,0,2,0,0,0,0,0,571973,0,0,0,0,94,192,0,0,0,0,0,0,0,0,0,0,0,0,0,0,0,0,65152,0,129928,65405,0,304,151,352,212,0,0,192,0,192
371,0,3,0,0,0,0,0,571973,0,0,0,0,91,192,0,0,0,0,0,0,0,0,0,0,0,0,0,0,0,0,65085,0,0,65406,0,124,64,0,128,0,0,0,0,192
371,0,4,0,0,0,0,0,571973,0,0,0,0,92,192,0,0,0,0,0,0,0,0,0,0,0,0,0,0,0,0,65029,0,0,65346,0,116,0,65,138,576,0,0,0,192
371,0,5,0,0,0,0,0,571973,0,0,0,0,90,192,0,0,0,0,0,0,0,0,0,0,0,0,0,0,0,0,65086,0,0,65342,727,183,0,1,186,0,0,192,0,192
371,0,6,0,0,0,0,0,571973,0,0,0,0,91,192,0,0,0,0,0,0,0,0,0,0,0,0,0,0,0,0,0,0,0,65405,0,40,164,1,108,0,0,192,0,192
371,0,7,0,0,0,0,0,571973,0,0,0,0,99,192,0,0,0,0,0,0,0,0,0,0,0,0,0,0,0,0,0,0,0,65404,0,107,58,0,221,0,0,0,0,192
371,0,8,0,0,0,0,0,571973,0,0,0,0,97,192,0,0,0,0,0,0,0,0,0,0,0,0,0,0,0,0,0,0,0,65353,0,52,0,60,192,192,0,0,0,192
371,0,9,0,0,0,0,0,571973,0,0,0,0,93,192,0,0,0,0,0,0,0,0,0,0,0,0,0,0,0,0,0,0,0,65407,431,42,0,0,131,0,0,0,0,192
371,0,10,0,0,0,0,0,571973,0,0,0,0,53,0,0,0,0,0,0,0,0,0,0,0,0,0,0,0,0,0,0,0,0,0,0,91,92,2,118,0,0,0,0,0
371,0,11,0,0,0,0,0,571973,0,0,0,0,53,0,0,0,0,0,0,0,0,0,0,0,0,0,0,0,0,0,0,0,0,0,0,42,39,0,94,0,0,0,0,0
371,0,12,0,0,0,0,0,571973,0,0,0,0,47,0,0,0,0,0,0,0,0,0,0,0,0,0,0,0,0,0,0,0,0,0,0,0,0,45,93,0,0,0,0,0
371,0,13,0,0,0,0,0,571973,0,0,0,0,53,0,0,0,0,0,0,0,0,0,0,0,0,0,0,0,0,0,0,0,0,0,178,0,0,0,109,0,0,0,0,0
371,0,14,0,0,0,0,0,571973,0,0,0,0,53,0,0,0,0,0,0,0,0,0,0,0,0,0,0,0,0,0,0,0,0,0,0,0,80,0,60,0,0,0,0,0
371,0,15,0,0,0,0,0,571973,0,0,0,0,41,0,0,0,0,0,0,0,0,0,0,0,0,0,0,0,0,0,0,0,0,0,0,0,39,0,93,0,0,0,0,0
372,0,0,0,0,0,0,0,1143980,0,0,524,524800,136,0,0,0,0,0,4506,0,0,0,0,0,0,0,0,524,524,0,259857,0,776921,524800,0,428,0,136,284,0,0,0,0,1536
372,0,1,0,0,0,0,0,571990,4506,0,0,0,1404,0,0,0,0,0,4506,0,0,0,0,0,0,0,0,0,254,0,130056,0,259518,0,0,145,231,260,2377,0,0,192,0,0
372,0,2,0,0,0,0,0,571990,0,0,0,0,92,192,0,0,0,0,0,0,0,0,0,0,0,0,0,0,0,0,65152,0,129919,65405,0,298,151,351,220,0,0,192,0,192
372,0,3,0,0,0,0,0,571990,0,0,0,0,90,192,0,0,0,0,0,0,0,0,0,0,0,0,0,0,0,0,65085,0,0,65404,0,124,65,0,128,0,0,0,0,192
372,0,4,0,0,0,0,0,571990,0,0,0,0,92,192,0,0,0,0,0,0,0,0,0,0,0,0,0,0,0,0,65030,0,0,65347,0,116,0,65,139,576,0,0,0,192
372,0,5,0,0,0,0,0,571990,0,0,0,0,90,192,0,0,0,0,0,0,0,0,0,0,0,0,0,0,0,0,65087,0,0,65352,728,184,0,2,189,0,0,192,0,192
372,0,6,0,0,0,0,0,571990,0,0,0,0,93,192,0,0,0,0,0,0,0,0,0,0,0,0,0,0,0,0,0,0,0,65405,0,40,161,0,116,0,0,192,0,192
372,0,7,0,0,0,0,0,571990,0,0,0,0,98,192,0,0,0,0,0,0,0,0,0,0,0,0,0,0,0,0,0,0,0,65404,0,109,59,0,219,0,0,0,0,192
372,0,8,0,0,0,0,0,571990,0,0,0,0,96,192,0,0,0,0,0,0,0,0,0,0,0,0,0,0,0,0,0,0,0,65348,0,52,0,61,191,192,0,0,0,192
372,0,9,0,0,0,0,0,571990,0,0,0,0,90,192,0,0,0,0,0,0,0,0,0,0,0,0,0,0,0,0,0,0,0,65407,432,42,0,1,127,0,0,0,0,192
372,0,10,0,0,0,0,0,571990,0,0,0,0,53,0,0,0,0,0,0,0,0,0,0,0,0,0,0,0,0,0,0,0,0,0,0,91,92,1,118,0,0,0,0,0
372,0,11,0,0,0,0,0,571990,0,0,0,0,53,0,0,0,0,0,0,0,0,0,0,0,0,0,0,0,0,0,0,0,0,0,0,41,39,0,94,0,0,0,0,0
372,0,12,0,0,0,0,0,571990,0,0,0,0,47,0,0,0,0,0,0,0,0,0,0,0,0,0,0,0,0,0,0,0,0,0,0,0,0,45,93,0,0,0,0,0
372,0,13,0,0,0,0,0,571990,0,0,0,0,53,0,0,0,0,0,0,0,0,0,0,0,0,0,0,0,0,0,0,0,0,0,178,0,0,0,109,0,0,0,0,0
372,0,14,0,0,0,0,0,571990,0,0,0,0,53,0,0,0,0,0,0,0,0,0,0,0,0,0,0,0,0,0,0,0,0,0,0,0,80,0,60,0,0,0,0,0
372,0,15,0,0,0,0,0,571990,0,0,0,0,41,0,0,0,0,0,0,0,0,0,0,0,0,0,0,0,0,0,0,0,0,0,0,0,39,0,94,0,0,0,0,0
373,0,0,0,0,0,0,0,1403158,0,0,654,656000,136,0,0,0,0,0,4713,0,0,0,0,0,0,0,0,654,654,0,259943,0,1034759,656000,0,428,0,136,284,0,0,0,0,558740
373,0,1,0,0,0,0,0,701579,4713,0,0,0,1527,0,0,0,0,0,4713,0,0,0,0,0,0,0,0,0,489,0,130059,0,388730,0,0,132,219,294,2571,0,0,192,0,0
373,0,2,0,0,0,0,0,701579,0,0,0,0,88,192,0,0,0,0,0,0,0,0,0,0,0,0,0,0,0,0,130036,0,194563,65348,0,339,148,411,212,0,0,192,0,192
373,0,3,0,0,0,0,0,701579,0,0,0,0,84,192,0,0,0,0,0,0,0,0,0,0,0,0,0,0,0,0,129978,0,0,65407,0,131,71,0,122,0,0,0,0,192
373,0,4,0,0,0,0,0,701579,0,0,0,0,88,192,0,0,0,0,0,0,0,0,0,0,0,0,0,0,0,0,65083,0,0,65404,0,115,0,69,124,768,0,0,0,192
373,0,5,0,0,0,0,0,701579,0,0,0,0,88,192,0,0,0,0,0,0,0,0,0,0,0,0,0,0,0,0,65086,0,0,65351,786,197,0,1,187,0,0,192,0,192
373,0,6,0,0,0,0,0,701579,0,0,0,0,85,192,0,0,0,0,0,0,0,0,0,0,0,0,0,0,0,0,65028,0,0,65405,0,68,167,2,106,0,0,192,0,192
373,0,7,0,0,0,0,0,701579,0,0,0,0,96,192,0,0,0,0,0,0,0,0,0,0,0,0,0,0,0,0,65148,0,0,65404,0,154,60,0,231,0,0,0,0,192
373,0,8,0,0,0,0,0,701579,0,0,0,0,89,192,0,0,0,0,0,0,0,0,0,0,0,0,0,0,0,0,0,0,0,65342,0,52,0,68,185,384,0,0,0,192
373,0,9,0,0,0,0,0,701579,0,0,0,0,86,192,0,0,0,0,0,0,0,0,0,0,0,0,0,0,0,0,0,0,0,65407,495,42,0,0,110,0,0,192,0,192
373,0,10,0,0,0,0,0,701579,0,0,0,0,93,192,0,0,0,0,0,0,0,0,0,0,0,0,0,0,0,0,0,0,0,65405,0,91,155,2,197,0,0,192,0,192
373,0,11,0,0,0,0,0,701579,0,0,0,0,92,192,0,0,0,0,0,0,0,0,0,0,0,0,0,0,0,0,0,0,0,65405,0,43,65,0,153,0,0,0,0,192
373,0,12,0,0,0,0,0,701579,0,0,0,0,47,0,0,0,0,0,0,0,0,0,0,0,0,0,0,0,0,0,0,0,0,0,0,0,0,45,93,0,0,0,0,0
373,0,13,0,0,0,0,0,701579,0,0,0,0,53,0,0,0,0,0,0,0,0,0,0,0,0,0,0,0,0,0,0,0,0,0,178,0,0,0,109,0,0,0,0,0
373,0,14,0,0,0,0,0,701579,0,0,0,0,53,0,0,0,0,0,0,0,0,0,0,0,0,0,0,0,0,0,0,0,0,0,0,0,80,0,60,0,0,0,0,0
373,0,15,0,0,0,0,0,701579,0,0,0,0,41,0,0,0,0,0,0,0,0,0,0,0,0,0,0,0,0,0,0,0,0,0,0,0,39,0,94,0,0,0,0,0
374,0,0,0,0,0,0,0,1403255,0,0,654,656000,136,0,0,0,0,0,4714,0,0,0,0,0,0,0,0,654,654,0,259965,0,1034764,656000,0,428,0,136,284,0,0,0,0,558757
374,0,1,0,0,0,0,0,701628,4713,0,0,0,1521,0,0,0,0,0,4713,0,0,0,0,0,0,0,0,0,485,0,130053,0,388736,0,0,134,219,298,2550,0,0,192,0,0
374,0,2,0,0,0,0,0,701628,0,0,0,0,82,192,0,0,0,0,0,0,0,0,0,0,0,0,0,0,0,0,130048,0,194554,65347,0,337,154,408,207,0,0,192,0,192
374,0,3,0,0,0,0,0,701628,0,0,0,0,84,192,0,0,0,0,0,0,0,0,0,0,0,0,0,0,0,0,129970,0,0,65407,0,133,71,0,123,0,0,0,0,192
374,0,4,0,0,0,0,0,701628,0,0,0,0,88,192,0,0,0,0,0,0,0,0,0,0,0,0,0,0,0,0,65090,0,0,65403,0,116,0,69,124,768,0,0,0,192
374,0,5,0,0,0,0,0,701628,0,0,0,0,87,192,0,0,0,0,0,0,0,0,0,0,0,0,0,0,0,0,65087,0,0,65350,795,196,0,0,185,0,0,192,0,192
374,0,6,0,0,0,0,0,701628,0,0,0,0,86,192,0,0,0,0,0,0,0,0,0,0,0,0,0,0,0,0,65036,0,0,65405,0,69,163,3,108,0,0,192,0,192
374,0,7,0,0,0,0,0,701628,0,0,0,0,94,192,0,0,0,0,0,0,0,0,0,0,0,0,0,0,0,0,65148,0,0,65401,0,151,63,0,228,0,0,0,0,192
374,0,8,0,0,0,0,0,701628,0,0,0,0,89,192,0,0,0,0,0,0,0,0,0,0,0,0,0,0,0,0,0,0,0,65344,0,52,0,68,184,384,0,0,0,192
374,0,9,0,0,0,0,0,701628,0,0,0,0,89,192,0,0,0,0,0,0,0,0,0,0,0,0,0,0,0,0,0,0,0,65407,492,42,0,0,114,0,0,192,0,192
374,0,10,0,0,0,0,0,701628,0,0,0,0,92,192,0,0,0,0,0,0,0,0,0,0,0,0,0,0,0,0,0,0,0,65408,0,91,155,3,195,0,0,192,0,192
374,0,11,0,0,0,0,0,701628,0,0,0,0,91,192,0,0,0,0,0,0,0,0,0,0,0,0,0,0,0,0,0,0,0,65405,0,45,65,0,153,0,0,0,0,192
374,0,12,0,0,0,0,0,701628,0,0,0,0,47,0,0,0,0,0,0,0,0,0,0,0,0,0,0,0,0,0,0,0,0,0,0,0,0,45,93,0,0,0,0,0
374,0,13,0,0,0,0,0,701628,0,0,0,0,53,0,0,0,0,0,0,0,0,0,0,0,0,0,0,0,0,0,0,0,0,0,178,0,0,0,109,0,0,0,0,0
374,0,14,0,0,0,0,0,701628,0,0,0,0,53,0,0,0,0,0,0,0,0,0,0,0,0,0,0,0,0,0,0,0,0,0,0,0,80,0,60,0,0,0,0,0
374,0,15,0,0,0,0,0,701628,0,0,0,0,41,0,0,0,0,0,0,0,0,0,0,0,0,0,0,0,0,0,0,0,0,0,0,0,39,0,92,0,0,0,0,0
375,0,0,0,0,0,0,0,1403196,0,0,654,656000,136,0,0,0,0,0,4710,0,0,0,0,0,0,0,0,654,654,0,259939,0,1034705,656000,0,428,0,136,284,0,0,0,0,558776
375,0,1,0,0,0,0,0,701598,4710,0,0,0,1520,0,0,0,0,0,4710,0,0,0,0,0,0,0,0,0,482,0,130056,0,388706,0,0,130,221,301,2557,0,0,192,0,0
375,0,2,0,0,0,0,0,701598,0,0,0,0,84,192,0,0,0,0,0,0,0,0,0,0,0,0,0,0,0,0,130038,0,194548,65347,0,336,152,409,206,0,0,192,0,192
375,0,3,0,0,0,0,0,701598,0,0,0,0,84,192,0,0,0,0,0,0,0,0,0,0,0,0,0,0,0,0,129978,0,0,65401,0,134,71,0,121,0,0,0,0,192
375,0,4,0,0,0,0,0,701598,0,0,0,0,92,192,0,0,0,0,0,0,0,0,0,0,0,0,0,0,0,0,65083,0,0,65404,0,116,0,65,129,768,0,0,0,192
375,0,5,0,0,0,0,0,701598,0,0,0,0,84,192,0,0,0,0,0,0,0,0,0,0,0,0,0,0,0,0,65085,0,0,65352,789,197,0,2,185,0,0,192,0,192
375,0,6,0,0,0,0,0,701598,0,0,0,0,84,192,0,0,0,0,0,0,0,0,0,0,0,0,0,0,0,0,65033,0,0,65405,0,69,168,0,107,0,0,192,0,192
375,0,7,0,0,0,0,0,701598,0,0,0,0,96,192,0,0,0,0,0,0,0,0,0,0,0,0,0,0,0,0,65148,0,0,65404,0,155,61,0,228,0,0,0,0,192
375,0,8,0,0,0,0,0,701598,0,0,0,0,94,192,0,0,0,0,0,0,0,0,0,0,0,0,0,0,0,0,0,0,0,65338,0,52,0,63,189,384,0,0,0,192
375,0,9,0,0,0,0,0,701598,0,0,0,0,87,192,0,0,0,0,0,0,0,0,0,0,0,0,0,0,0,0,0,0,0,65407,498,42,0,1,111,0,0,192,0,192
375,0,10,0,0,0,0,0,701598,0,0,0,0,92,192,0,0,0,0,0,0,0,0,0,0,0,0,0,0,0,0,0,0,0,65408,0,91,155,1,195,0,0,192,0,192
375,0,11,0,0,0,0,0,701598,0,0,0,0,91,192,0,0,0,0,0,0,0,0,0,0,0,0,0,0,0,0,0,0,0,65405,0,43,66,0,152,0,0,0,0,192
375,0,12,0,0,0,0,0,701598,0,0,0,0,47,0,0,0,0,0,0,0,0,0,0,0,0,0,0,0,0,0,0,0,0,0,0,0,0,45,93,0,0,0,0,0
375,0,13,0,0,0,0,0,701598,0,0,0,0,53,0,0,0,0,0,0,0,0,0,0,0,0,0,0,0,0,0,0,0,0,0,178,0,0,0,109,0,0,0,0,0
375,0,14,0,0,0,0,0,701598,0,0,0,0,53,0,0,0,0,0,0,0,0,0,0,0,0,0,0,0,0,0,0,0,0,0,0,0,80,0,60,0,0,0,0,0
375,0,15,0,0,0,0,0,701598,0,0,0,0,41,0,0,0,0,0,0,0,0,0,0,0,0,0,0,0,0,0,0,0,0,0,0,0,39,0,94,0,0,0,0,0
376,0,0,0,0,0,0,0,1792623,0,0,842,852800,136,0,0,0,0,0,5010,0,0,0,0,0,0,0,0,842,842,0,389103,0,1293955,852800,0,495,0,136,284,0,0,0,0,1596538
376,0,1,0,0,0,0,0,896312,5010,0,0,0,1695,0,0,0,0,0,5010,0,0,0,0,0,0,0,0,0,447,0,194982,0,453686,0,0,143,231,294,2802,0,0,192,0,0
376,0,2,0,0,0,0,0,896312,0,0,0,0,86,192,0,0,0,0,0,0,0,0,0,0,0,0,0,0,0,0,195062,0,194610,65404,0,391,148,419,207,0,0,192,0,192
376,0,3,0,0,0,0,0,896312,0,0,0,0,86,192,0,0,0,0,0,0,0,0,0,0,0,0,0,0,0,0,129944,0,0,65408,0,132,63,0,109,0,0,0,0,192
376,0,4,0,0,0,0,0,896312,0,0,0,0,91,192,0,0,0,0,0,0,0,0,0,0,0,0,0,0,0,0,129981,0,0,65375,0,129,0,66,126,1366,0,0,0,192
376,0,5,0,0,0,0,0,896312,0,0,0,0,90,192,0,0,0,0,0,0,0,0,0,0,0,0,0,0,0,0,130153,0,0,65398,905,242,0,1,200,0,0,206,0,192
376,0,6,0,0,0,0,0,896312,0,0,0,0,91,192,0,0,0,0,0,0,0,0,0,0,0,0,0,0,0,0,130153,0,0,65378,0,78,162,1,117,0,0,192,0,192
376,0,7,0,0,0,0,0,896312,0,0,0,0,96,192,0,0,0,0,0,0,0,0,0,0,0,0,0,0,0,0,65076,0,0,65378,0,155,60,0,230,0,0,0,0,192
376,0,8,0,0,0,0,0,896312,0,0,0,0,89,192,0,0,0,0,0,0,0,0,0,0,0,0,0,0,0,0,65053,0,0,65364,0,98,0,68,192,794,0,0,0,192
376,0,9,0,0,0,0,0,896312,0,0,0,0,90,192,0,0,0,0,0,0,0,0,0,0,0,0,0,0,0,0,65142,0,0,65403,574,62,0,0,116,0,0,192,0,192
376,0,10,0,0,0,0,0,896312,0,0,0,0,95,192,0,0,0,0,0,0,0,0,0,0,0,0,0,0,0,0,65142,0,0,65403,0,138,155,3,209,0,0,192,0,192
376,0,11,0,0,0,0,0,896312,0,0,0,0,94,192,0,0,0,0,0,0,0,0,0,0,0,0,0,0,0,0,0,0,0,65401,0,42,62,0,155,0,0,0,0,192
376,0,12,0,0,0,0,0,896312,0,0,0,0,93,192,0,0,0,0,0,0,0,0,0,0,0,0,0,0,0,0,0,0,0,65399,0,0,0,64,160,192,0,0,0,192
376,0,13,0,0,0,0,0,896312,0,0,0,0,94,192,0,0,0,0,0,0,0,0,0,0,0,0,0,0,0,0,0,0,0,65402,287,0,0,1,197,0,0,192,0,192
376,0,14,0,0,0,0,0,896312,0,0,0,0,94,192,0,0,0,0,0,0,0,0,0,0,0,0,0,0,0,0,0,0,0,65374,0,0,104,1,121,0,0,0,0,192
376,0,15,0,0,0,0,0,896312,0,0,0,0,41,0,0,0,0,0,0,0,0,0,0,0,0,0,0,0,0,0,0,0,0,0,0,0,39,0,97,0,0,0,0,0
377,0,0,0,0,0,0,0,1792661,0,0,842,852800,136,0,0,0,0,0,5010,0,0,0,0,0,0,0,0,842,842,0,389148,0,1294015,852800,0,495,0,136,284,0,0,0,0,1596573
377,0,1,0,0,0,0,0,896331,5010,0,0,0,1685,0,0,0,0,0,5010,0,0,0,0,0,0,0,0,0,445,0,194996,0,453708,0,0,148,228,302,2787,0,0,192,0,0
377,0,2,0,0,0,0,0,896331,0,0,0,0,88,192,0,0,0,0,0,0,0,0,0,0,0,0,0,0,0,0,195059,0,194614,65404,0,388,151,419,204,0,0,192,0,192
377,0,3,0,0,0,0,0,896331,0,0,0,0,91,192,0,0,0,0,0,0,0,0,0,0,0,0,0,0,0,0,129949,0,0,65407,0,131,58,0,115,0,0,0,0,192
377,0,4,0,0,0,0,0,896331,0,0,0,0,94,192,0,0,0,0,0,0,0,0,0,0,0,0,0,0,0,0,129998,0,0,65376,0,128,0,63,126,1366,0,0,0,192
377,0,5,0,0,0,0,0,896331,0,0,0,0,92,192,0,0,0,0,0,0,0,0,0,0,0,0,0,0,0,0,130164,0,0,65401,907,244,0,1,195,0,0,207,0,192
377,0,6,0,0,0,0,0,896331,0,0,0,0,96,192,0,0,0,0,0,0,0,0,0,0,0,0,0,0,0,0,130161,0,0,65377,0,83,155,1,120,0,0,192,0,192
377,0,7,0,0,0,0,0,896331,0,0,0,0,95,192,0,0,0,0,0,0,0,0,0,0,0,0,0,0,0,0,65072,0,0,65378,0,151,62,0,233,0,0,0,0,192
377,0,8,0,0,0,0,0,896331,0,0,0,0,97,192,0,0,0,0,0,0,0,0,0,0,0,0,0,0,0,0,65065,0,0,65365,0,97,0,60,202,791,0,0,0,192
377,0,9,0,0,0,0,0,896331,0,0,0,0,91,192,0,0,0,0,0,0,0,0,0,0,0,0,0,0,0,0,65142,0,0,65403,580,62,0,1,115,0,0,192,0,192
377,0,10,0,0,0,0,0,896331,0,0,0,0,94,192,0,0,0,0,0,0,0,0,0,0,0,0,0,0,0,0,65142,0,0,65403,0,139,159,2,202,0,0,192,0,192
377,0,11,0,0,0,0,0,896331,0,0,0,0,98,192,0,0,0,0,0,0,0,0,0,0,0,0,0,0,0,0,0,0,0,65402,0,43,59,0,162,0,0,0,0,192
377,0,12,0,0,0,0,0,896331,0,0,0,0,87,192,0,0,0,0,0,0,0,0,0,0,0,0,0,0,0,0,0,0,0,65402,0,0,0,70,155,192,0,0,0,192
377,0,13,0,0,0,0,0,896331,0,0,0,0,99,192,0,0,0,0,0,0,0,0,0,0,0,0,0,0,0,0,0,0,0,65402,283,0,0,1,202,0,0,192,0,192
377,0,14,0,0,0,0,0,896331,0,0,0,0,100,192,0,0,0,0,0,0,0,0,0,0,0,0,0,0,0,0,0,0,0,65379,0,0,97,2,126,0,0,0,0,192
377,0,15,0,0,0,0,0,896331,0,0,0,0,41,0,0,0,0,0,0,0,0,0,0,0,0,0,0,0,0,0,0,0,0,0,0,0,39,0,95,0,0,0,0,0
378,0,0,0,0,0,0,0,1792682,0,0,842,852800,136,0,0,0,0,0,5013,0,0,0,0,0,0,0,0,842,842,0,389108,0,1293950,852800,0,495,0,136,284,0,0,0,0,1596604
378,0,1,0,0,0,0,0,896341,5013,0,0,0,1704,0,0,0,0,0,5013,0,0,0,0,0,0,0,0,0,441,0,194990,0,453684,0,0,142,221,296,2816,0,0,192,0,0
378,0,2,0,0,0,0,0,896341,0,0,0,0,88,192,0,0,0,0,0,0,0,0,0,0,0,0,0,0,0,0,195064,0,194604,65405,0,392,145,416,209,0,0,192,0,192
378,0,3,0,0,0,0,0,896341,0,0,0,0,84,192,0,0,0,0,0,0,0,0,0,0,0,0,0,0,0,0,129948,0,0,65404,0,137,64,0,106,0,0,0,0,192
378,0,4,0,0,0,0,0,896341,0,0,0,0,86,192,0,0,0,0,0,0,0,0,0,0,0,0,0,0,0,0,129987,0,0,65375,0,121,0,71,119,1366,0,0,0,192
378,0,5,0,0,0,0,0,896341,0,0,0,0,93,192,0,0,0,0,0,0,0,0,0,0,0,0,0,0,0,0,130157,0,0,65401,903,248,0,0,198,0,0,206,0,192
378,0,6,0,0,0,0,0,896341,0,0,0,0,90,192,0,0,0,0,0,0,0,0,0,0,0,0,0,0,0,0,130158,0,0,65377,0,79,162,3,114,0,0,192,0,192
378,0,7,0,0,0,0,0,896341,0,0,0,0,96,192,0,0,0,0,0,0,0,0,0,0,0,0,0,0,0,0,65074,0,0,65376,0,148,60,0,230,0,0,0,0,192
378,0,8,0,0,0,0,0,896341,0,0,0,0,97,192,0,0,0,0,0,0,0,0,0,0,0,0,0,0,0,0,65056,0,0,65367,0,105,0,60,201,792,0,0,0,192
378,0,9,0,0,0,0,0,896341,0,0,0,0,89,192,0,0,0,0,0,0,0,0,0,0,0,0,0,0,0,0,65140,0,0,65402,569,60,0,0,111,0,0,192,0,192
378,0,10,0,0,0,0,0,896341,0,0,0,0,96,192,0,0,0,0,0,0,0,0,0,0,0,0,0,0,0,0,65143,0,0,65403,0,140,162,2,207,0,0,192,0,192
378,0,11,0,0,0,0,0,896341,0,0,0,0,102,192,0,0,0,0,0,0,0,0,0,0,0,0,0,0,0,0,0,0,0,65402,0,46,55,0,166,0,0,0,0,192
378,0,12,0,0,0,0,0,896341,0,0,0,0,98,192,0,0,0,0,0,0,0,0,0,0,0,0,0,0,0,0,0,0,0,65399,0,0,0,59,158,192,0,0,0,192
378,0,13,0,0,0,0,0,896341,0,0,0,0,98,192,0,0,0,0,0,0,0,0,0,0,0,0,0,0,0,0,0,0,0,65401,294,0,0,1,203,0,0,192,0,192
378,0,14,0,0,0,0,0,896341,0,0,0,0,100,192,0,0,0,0,0,0,0,0,0,0,0,0,0,0,0,0,0,0,0,65375,0,0,98,1,125,0,0,0,0,192
378,0,15,0,0,0,0,0,896341,0,0,0,0,41,0,0,0,0,0,0,0,0,0,0,0,0,0,0,0,0,0,0,0,0,0,0,0,39,0,93,0,0,0,0,0
379,0,0,0,0,0,0,0,234127,0,0,34,65552,136,0,0,0,0,0,3729,0,0,0,0,0,0,0,0,34,34,0,0,0,130734,65552,0,294,0,136,284,0,0,0,0,48
379,0,1,0,0,0,0,0,117064,3729,0,0,0,1111,0,0,0,0,0,3729,0,0,0,0,0,0,0,0,0,1,0,0,0,65438,0,0,84,171,177,1848,0,0,48,0,0
379,0,2,0,0,0,0,0,117064,0,0,0,0,70,48,0,0,0,0,0,0,0,0,0,0,0,0,0,0,0,0,0,0,0,65488,0,249,102,282,169,0,0,0,0,48
379,0,3,0,0,0,0,0,117064,0,0,0,0,47,0,0,0,0,0,0,0,0,0,0,0,0,0,0,0,0,0,0,0,0,0,0,92,45,0,54,0,0,0,0,0
379,0,4,0,0,0,0,0,117064,0,0,0,0,47,0,0,0,0,0,0,0,0,0,0,0,0,0,0,0,0,0,0,0,0,0,0,87,0,45,62,0,0,0,0,0
379,0,5,0,0,0,0,0,117064,0,0,0,0,47,0,0,0,0,0,0,0,0,0,0,0,0,0,0,0,0,0,0,0,0,0,537,148,0,0,109,0,0,0,0,0
379,0,6,0,0,0,0,0,117064,0,0,0,0,47,0,0,0,0,0,0,0,0,0,0,0,0,0,0,0,0,0,0,0,0,0,0,40,98,0,52,0,0,0,0,0
379,0,7,0,0,0,0,0,117064,0,0,0,0,53,0,0,0,0,0,0,0,0,0,0,0,0,0,0,0,0,0,0,0,0,0,0,104,39,0,140,0,0,0,0,0
379,0,8,0,0,0,0,0,117064,0,0,0,0,50,0,0,0,0,0,0,0,0,0,0,0,0,0,0,0,0,0,0,0,0,0,0,52,0,42,107,0,0,0,0,0
379,0,9,0,0,0,0,0,117064,0,0,0,0,47,0,0,0,0,0,0,0,0,0,0,0,0,0,0,0,0,0,0,0,0,0,365,42,0,0,53,0,0,0,0,0
379,0,10,0,0,0,0,0,117064,0,0,0,0,53,0,0,0,0,0,0,0,0,0,0,0,0,0,0,0,0,0,0,0,0,0,0,91,92,0,118,0,0,0,0,0
379,0,11,0,0,0,0,0,117064,0,0,0,0,53,0,0,0,0,0,0,0,0,0,0,0,0,0,0,0,0,0,0,0,0,0,0,40,39,0,94,0,0,0,0,0
379,0,12,0,0,0,0,0,117064,0,0,0,0,47,0,0,0,0,0,0,0,0,0,0,0,0,0,0,0,0,0,0,0,0,0,0,0,0,45,93,0,0,0,0,0
379,0,13,0,0,0,0,0,117064,0,0,0,0,53,0,0,0,0,0,0,0,0,0,0,0,0,0,0,0,0,0,0,0,0,0,178,0,0,0,109,0,0,0,0,0
379,0,14,0,0,0,0,0,117064,0,0,0,0,53,0,0,0,0,0,0,0,0,0,0,0,0,0,0,0,0,0,0,0,0,0,0,0,80,0,60,0,0,0,0,0
379,0,15,0,0,0,0,0,117064,0,0,0,0,41,0,0,0,0,0,0,0,0,0,0,0,0,0,0,0,0,0,0,0,0,0,0,0,39,0,88,0,0,0,0,0
380,0,0,0,0,0,0,0,234141,0,0,34,65552,136,0,0,0,0,0,3729,0,0,0,0,0,0,0,0,34,34,0,0,0,130733,65552,0,294,0,136,284,0,0,0,0,48
380,0,1,0,0,0,0,0,117070,3729,0,0,0,1114,0,0,0,0,0,3729,0,0,0,0,0,0,0,0,0,1,0,0,0,65437,0,0,84,171,174,1852,0,0,48,0,0
380,0,2,0,0,0,0,0,117070,0,0,0,0,70,48,0,0,0,0,0,0,0,0,0,0,0,0,0,0,0,0,0,0,0,65488,0,249,101,283,172,0,0,0,0,48
380,0,3,0,0,0,0,0,117070,0,0,0,0,47,0,0,0,0,0,0,0,0,0,0,0,0,0,0,0,0,0,0,0,0,0,0,91,45,0,54,0,0,0,0,0
380,0,4,0,0,0,0,0,117070,0,0,0,0,47,0,0,0,0,0,0,0,0,0,0,0,0,0,0,0,0,0,0,0,0,0,0,87,0,45,62,0,0,0,0,0
380,0,5,0,0,0,0,0,117070,0,0,0,0,47,0,0,0,0,0,0,0,0,0,0,0,0,0,0,0,0,0,0,0,0,0,537,148,0,0,109,0,0,0,0,0
380,0,6,0,0,0,0,0,117070,0,0,0,0,47,0,0,0,0,0,0,0,0,0,0,0,0,0,0,0,0,0,0,0,0,0,0,40,98,0,52,0,0,0,0,0
380,0,7,0,0,0,0,0,117070,0,0,0,0,53,0,0,0,0,0,0,0,0,0,0,0,0,0,0,0,0,0,0,0,0,0,0,105,39,0,140,0,0,0,0,0
380,0,8,0,0,0,0,0,117070,0,0,0,0,50,0,0,0,0,0,0,0,0,0,0,0,0,0,0,0,0,0,0,0,0,0,0,52,0,42,107,0,0,0,0,0
380,0,9,0,0,0,0,0,117070,0,0,0,0,47,0,0,0,0,0,0,0,0,0,0,0,0,0,0,0,0,0,0,0,0,0,365,42,0,0,53,0,0,0,0,0
380,0,10,0,0,0,0,0,117070,0,0,0,0,53,0,0,0,0,0,0,0,0,0,0,0,0,0,0,0,0,0,0,0,0,0,0,91,92,0,118,0,0,0,0,0
380,0,11,0,0,0,0,0,117070,0,0,0,0,53,0,0,0,0,0,0,0,0,0,0,0,0,0,0,0,0,0,0,0,0,0,0,39,39,0,94,0,0,0,0,0
380,0,12,0,0,0,0,0,117070,0,0,0,0,47,0,0,0,0,0,0,0,0,0,0,0,0,0,0,0,0,0,0,0,0,0,0,0,0,45,93,0,0,0,0,0
380,0,13,0,0,0,0,0,117070,0,0,0,0,53,0,0,0,0,0,0,0,0,0,0,0,0,0,0,0,0,0,0,0,0,0,178,0,0,0,109,0,0,0,0,0
380,0,14,0,0,0,0,0,117070,0,0,0,0,53,0,0,0,0,0,0,0,0,0,0,0,0,0,0,0,0,0,0,0,0,0,0,0,80,0,60,0,0,0,0,0
380,0,15,0,0,0,0,0,117070,0,0,0,0,41,0,0,0,0,0,0,0,0,0,0,0,0,0,0,0,0,0,0,0,0,0,0,0,39,0,89,0,0,0,0,0
381,0,0,0,0,0,0,0,234180,0,0,34,65552,136,0,0,0,0,0,3729,0,0,0,0,0,0,0,0,34,34,0,0,0,130725,65552,0,294,0,136,284,0,0,0,0,48
381,0,1,0,0,0,0,0,117090,3729,0,0,0,1110,0,0,0,0,0,3729,0,0,0,0,0,0,0,0,0,4,0,0,0,65438,0,0,84,171,178,1846,0,0,48,0,0
381,0,2,0,0,0,0,0,117090,0,0,0,0,68,48,0,0,0,0,0,0,0,0,0,0,0,0,0,0,0,0,0,0,0,65488,0,249,103,283,166,0,0,0,0,48
381,0,3,0,0,0,0,0,117090,0,0,0,0,47,0,0,0,0,0,0,0,0,0,0,0,0,0,0,0,0,0,0,0,0,0,0,91,45,0,54,0,0,0,0,0
381,0,4,0,0,0,0,0,117090,0,0,0,0,47,0,0,0,0,0,0,0,0,0,0,0,0,0,0,0,0,0,0,0,0,0,0,87,0,45,62,0,0,0,0,0
381,0,5,0,0,0,0,0,117090,0,0,0,0,47,0,0,0,0,0,0,0,0,0,0,0,0,0,0,0,0,0,0,0,0,0,537,148,0,0,109,0,0,0,0,0
381,0,6,0,0,0,0,0,117090,0,0,0,0,47,0,0,0,0,0,0,0,0,0,0,0,0,0,0,0,0,0,0,0,0,0,0,40,98,0,52,0,0,0,0,0
381,0,7,0,0,0,0,0,117090,0,0,0,0,53,0,0,0,0,0,0,0,0,0,0,0,0,0,0,0,0,0,0,0,0,0,0,105,39,0,140,0,0,0,0,0
381,0,8,0,0,0,0,0,117090,0,0,0,0,50,0,0,0,0,0,0,0,0,0,0,0,0,0,0,0,0,0,0,0,0,0,0,52,0,42,107,0,0,0,0,0
381,0,9,0,0,0,0,0,117090,0,0,0,0,47,0,0,0,0,0,0,0,0,0,0,0,0,0,0,0,0,0,0,0,0,0,365,42,0,0,53,0,0,0,0,0
381,0,10,0,0,0,0,0,117090,0,0,0,0,53,0,0,0,0,0,0,0,0,0,0,0,0,0,0,0,0,0,0,0,0,0,0,91,92,0,118,0,0,0,0,0
381,0,11,0,0,0,0,0,117090,0,0,0,0,53,0,0,0,0,0,0,0,0,0,0,0,0,0,0,0,0,0,0,0,0,0,0,39,39,0,94,0,0,0,0,0
381,0,12,0,0,0,0,0,117090,0,0,0,0,47,0,0,0,0,0,0,0,0,0,0,0,0,0,0,0,0,0,0,0,0,0,0,0,0,45,93,0,0,0,0,0
381,0,13,0,0,0,0,0,117090,0,0,0,0,53,0,0,0,0,0,0,0,0,0,0,0,0,0,0,0,0,0,0,0,0,0,178,0,0,0,109,0,0,0,0,0
381,0,14,0,0,0,0,0,117090,0,0,0,0,53,0,0,0,0,0,0,0,0,0,0,0,0,0,0,0,0,0,0,0,0,0,0,0,80,0,60,0,0,0,0,0
381,0,15,0,0,0,0,0,117090,0,0,0,0,41,0,0,0,0,0,0,0,0,0,0,0,0,0,0,0,0,0,0,0,0,0,0,0,39,0,89,0,0,0,0,0
382,0,0,0,0,0,0,0,363782,0,0,66,131104,136,0,0,0,0,0,3783,0,0,0,0,0,0,0,0,66,66,0,0,0,261379,131104,0,294,0,136,284,0,0,0,0,96
382,0,1,0,0,0,0,0,181891,3783,0,0,0,1135,0,0,0,0,0,3783,0,0,0,0,0,0,0,0,0,35,0,0,0,130819,0,0,84,169,188,1874,0,0,48,0,0
382,0,2,0,0,0,0,0,181891,0,0,0,0,63,48,0,0,0,0,0,0,0,0,0,0,0,0,0,0,0,0,0,0,65439,65489,0,249,130,310,157,0,0,48,0,48
382,0,3,0,0,0,0,0,181891,0,0,0,0,71,48,0,0,0,0,0,0,0,0,0,0,0,0,0,0,0,0,0,0,0,65490,0,92,53,0,86,0,0,0,0,48
382,0,4,0,0,0,0,0,181891,0,0,0,0,47,0,0,0,0,0,0,0,0,0,0,0,0,0,0,0,0,0,0,0,0,0,0,87,0,45,61,0,0,0,0,0
382,0,5,0,0,0,0,0,181891,0,0,0,0,47,0,0,0,0,0,0,0,0,0,0,0,0,0,0,0,0,0,0,0,0,0,537,148,0,0,109,0,0,0,0,0
382,0,6,0,0,0,0,0,181891,0,0,0,0,47,0,0,0,0,0,0,0,0,0,0,0,0,0,0,0,0,0,0,0,0,0,0,40,98,0,52,0,0,0,0,0
382,0,7,0,0,0,0,0,181891,0,0,0,0,53,0,0,0,0,0,0,0,0,0,0,0,0,0,0,0,0,0,0,0,0,0,0,105,39,0,140,0,0,0,0,0
382,0,8,0,0,0,0,0,181891,0,0,0,0,50,0,0,0,0,0,0,0,0,0,0,0,0,0,0,0,0,0,0,0,0,0,0,52,0,42,107,0,0,0,0,0
382,0,9,0,0,0,0,0,181891,0,0,0,0,47,0,0,0,0,0,0,0,0,0,0,0,0,0,0,0,0,0,0,0,0,0,365,42,0,0,53,0,0,0,0,0
382,0,10,0,0,0,0,0,181891,0,0,0,0,53,0,0,0,0,0,0,0,0,0,0,0,0,0,0,0,0,0,0,0,0,0,0,91,92,0,118,0,0,0,0,0
382,0,11,0,0,0,0,0,181891,0,0,0,0,53,0,0,0,0,0,0,0,0,0,0,0,0,0,0,0,0,0,0,0,0,0,0,40,39,0,94,0,0,0,0,0
382,0,12,0,0,0,0,0,181891,0,0,0,0,47,0,0,0,0,0,0,0,0,0,0,0,0,0,0,0,0,0,0,0,0,0,0,0,0,45,93,0,0,0,0,0
382,0,13,0,0,0,0,0,181891,0,0,0,0,53,0,0,0,0,0,0,0,0,0,0,0,0,0,0,0,0,0,0,0,0,0,178,0,0,0,109,0,0,0,0,0
382,0,14,0,0,0,0,0,181891,0,0,0,0,53,0,0,0,0,0,0,0,0,0,0,0,0,0,0,0,0,0,0,0,0,0,0,0,80,0,60,0,0,0,0,0
382,0,15,0,0,0,0,0,181891,0,0,0,0,41,0,0,0,0,0,0,0,0,0,0,0,0,0,0,0,0,0,0,0,0,0,0,0,39,0,89,0,0,0,0,0
383,0,0,0,0,0,0,0,363798,0,0,66,131104,136,0,0,0,0,0,3783,0,0,0,0,0,0,0,0,66,66,0,0,0,261349,131104,0,294,0,136,284,0,0,0,0,96
383,0,1,0,0,0,0,0,181899,3783,0,0,0,1133,0,0,0,0,0,3783,0,0,0,0,0,0,0,0,0,33,0,0,0,130807,0,0,84,170,189,1877,0,0,48,0,0
383,0,2,0,0,0,0,0,181899,0,0,0,0,65,48,0,0,0,0,0,0,0,0,0,0,0,0,0,0,0,0,0,0,65440,65485,0,249,125,308,159,0,0,48,0,48
383,0,3,0,0,0,0,0,181899,0,0,0,0,67,48,0,0,0,0,0,0,0,0,0,0,0,0,0,0,0,0,0,0,0,65488,0,93,57,0,83,0,0,0,0,48
383,0,4,0,0,0,0,0,181899,0,0,0,0,47,0,0,0,0,0,0,0,0,0,0,0,0,0,0,0,0,0,0,0,0,0,0,87,0,45,62,0,0,0,0,0
383,0,5,0,0,0,0,0,181899,0,0,0,0,47,0,0,0,0,0,0,0,0,0,0,0,0,0,0,0,0,0,0,0,0,0,537,148,0,0,109,0,0,0,0,0
383,0,6,0,0,0,0,0,181899,0,0,0,0,47,0,0,0,0,0,0,0,0,0,0,0,0,0,0,0,0,0,0,0,0,0,0,40,98,0,52,0,0,0,0,0
383,0,7,0,0,0,0,0,181899,0,0,0,0,53,0,0,0,0,0,0,0,0,0,0,0,0,0,0,0,0,0,0,0,0,0,0,104,39,0,140,0,0,0,0,0
383,0,8,0,0,0,0,0,181899,0,0,0,0,50,0,0,0,0,0,0,0,0,0,0,0,0,0,0,0,0,0,0,0,0,0,0,52,0,42,107,0,0,0,0,0
383,0,9,0,0,0,0,0,181899,0,0,0,0,47,0,0,0,0,0,0,0,0,0,0,0,0,0,0,0,0,0,0,0,0,0,365,42,0,0,53,0,0,0,0,0
383,0,10,0,0,0,0,0,181899,0,0,0,0,53,0,0,0,0,0,0,0,0,0,0,0,0,0,0,0,0,0,0,0,0,0,0,91,92,0,118,0,0,0,0,0
383,0,11,0,0,0,0,0,181899,0,0,0,0,53,0,0,0,0,0,0,0,0,0,0,0,0,0,0,0,0,0,0,0,0,0,0,41,39,0,94,0,0,0,0,0
383,0,12,0,0,0,0,0,181899,0,0,0,0,47,0,0,0,0,0,0,0,0,0,0,0,0,0,0,0,0,0,0,0,0,0,0,0,0,45,93,0,0,0,0,0
383,0,13,0,0,0,0,0,181899,0,0,0,0,53,0,0,0,0,0,0,0,0,0,0,0,0,0,0,0,0,0,0,0,0,0,178,0,0,0,109,0,0,0,0,0
383,0,14,0,0,0,0,0,181899,0,0,0,0,53,0,0,0,0,0,0,0,0,0,0,0,0,0,0,0,0,0,0,0,0,0,0,0,80,0,60,0,0,0,0,0
383,0,15,0,0,0,0,0,181899,0,0,0,0,41,0,0,0,0,0,0,0,0,0,0,0,0,0,0,0,0,0,0,0,0,0,0,0,39,0,88,0,0,0,0,0
384,0,0,0,0,0,0,0,363771,0,0,66,131104,136,0,0,0,0,0,3783,0,0,0,0,0,0,0,0,66,66,0,0,0,261370,131104,0,294,0,136,284,0,0,0,0,96
384,0,1,0,0,0,0,0,181886,3783,0,0,0,1134,0,0,0,0,0,3783,0,0,0,0,0,0,0,0,0,32,0,0,0,130814,0,0,84,169,189,1879,0,0,48,0,0
384,0,2,0,0,0,0,0,181886,0,0,0,0,64,48,0,0,0,0,0,0,0,0,0,0,0,0,0,0,0,0,0,0,65439,65488,0,249,124,307,159,0,0,48,0,48
384,0,3,0,0,0,0,0,181886,0,0,0,0,66,48,0,0,0,0,0,0,0,0,0,0,0,0,0,0,0,0,0,0,0,65488,0,92,59,0,83,0,0,0,0,48
384,0,4,0,0,0,0,0,181886,0,0,0,0,47,0,0,0,0,0,0,0,0,0,0,0,0,0,0,0,0,0,0,0,0,0,0,87,0,45,62,0,0,0,0,0
384,0,5,0,0,0,0,0,181886,0,0,0,0,47,0,0,0,0,0,0,0,0,0,0,0,0,0,0,0,0,0,0,0,0,0,537,148,0,0,109,0,0,0,0,0
384,0,6,0,0,0,0,0,181886,0,0,0,0,47,0,0,0,0,0,0,0,0,0,0,0,0,0,0,0,0,0,0,0,0,0,0,40,98,0,52,0,0,0,0,0
384,0,7,0,0,0,0,0,181886,0,0,0,0,53,0,0,0,0,0,0,0,0,0,0,0,0,0,0,0,0,0,0,0,0,0,0,105,39,0,140,0,0,0,0,0
384,0,8,0,0,0,0,0,181886,0,0,0,0,50,0,0,0,0,0,0,0,0,0,0,0,0,0,0,0,0,0,0,0,0,0,0,52,0,42,107,0,0,0,0,0
384,0,9,0,0,0,0,0,181886,0,0,0,0,47,0,0,0,0,0,0,0,0,0,0,0,0,0,0,0,0,0,0,0,0,0,365,42,0,0,53,0,0,0,0,0
384,0,10,0,0,0,0,0,181886,0,0,0,0,53,0,0,0,0,0,0,0,0,0,0,0,0,0,0,0,0,0,0,0,0,0,0,91,92,0,118,0,0,0,0,0
384,0,11,0,0,0,0,0,181886,0,0,0,0,53,0,0,0,0,0,0,0,0,0,0,0,0,0,0,0,0,0,0,0,0,0,0,40,39,0,94,0,0,0,0,0
384,0,12,0,0,0,0,0,181886,0,0,0,0,47,0,0,0,0,0,0,0,0,0,0,0,0,0,0,0,0,0,0,0,0,0,0,0,0,45,93,0,0,0,0,0
384,0,13,0,0,0,0,0,181886,0,0,0,0,53,0,0,0,0,0,0,0,0,0,0,0,0,0,0,0,0,0,0,0,0,0,178,0,0,0,109,0,0,0,0,0
384,0,14,0,0,0,0,0,181886,0,0,0,0,53,0,0,0,0,0,0,0,0,0,0,0,0,0,0,0,0,0,0,0,0,0,0,0,80,0,60,0,0,0,0,0
384,0,15,0,0,0,0,0,181886,0,0,0,0,41,0,0,0,0,0,0,0,0,0,0,0,0,0,0,0,0,0,0,0,0,0,0,0,39,0,89,0,0,0,0,0
385,0,0,0,0,0,0,0,626194,0,0,132,262208,136,0,0,0,0,0,3894,0,0,0,0,0,0,0,0,132,132,0,130858,0,392079,262208,0,329,0,136,284,0,0,0,0,192
385,0,1,0,0,0,0,0,313097,3894,0,0,0,1170,0,0,0,0,0,3894,0,0,0,0,0,0,0,0,0,65,0,65439,0,130790,0,0,100,184,190,1945,0,0,48,0,0
385,0,2,0,0,0,0,0,313097,0,0,0,0,66,48,0,0,0,0,0,0,0,0,0,0,0,0,0,0,0,0,0,0,65411,65501,0,249,125,303,163,0,0,48,0,48
385,0,3,0,0,0,0,0,313097,0,0,0,0,72,48,0,0,0,0,0,0,0,0,0,0,0,0,0,0,0,0,0,0,0,65503,0,91,53,0,94,0,0,0,0,48
385,0,4,0,0,0,0,0,313097,0,0,0,0,67,48,0,0,0,0,0,0,0,0,0,0,0,0,0,0,0,0,0,0,0,65488,0,87,0,58,96,48,0,0,0,48
385,0,5,0,0,0,0,0,313097,0,0,0,0,69,48,0,0,0,0,0,0,0,0,0,0,0,0,0,0,0,0,0,0,0,65488,568,148,0,0,150,0,0,0,0,48
385,0,6,0,0,0,0,0,313097,0,0,0,0,47,0,0,0,0,0,0,0,0,0,0,0,0,0,0,0,0,0,0,0,0,0,0,40,98,2,52,0,0,0,0,0
385,0,7,0,0,0,0,0,313097,0,0,0,0,53,0,0,0,0,0,0,0,0,0,0,0,0,0,0,0,0,0,0,0,0,0,0,106,39,0,140,0,0,0,0,0
385,0,8,0,0,0,0,0,313097,0,0,0,0,50,0,0,0,0,0,0,0,0,0,0,0,0,0,0,0,0,0,0,0,0,0,0,52,0,42,107,0,0,0,0,0
385,0,9,0,0,0,0,0,313097,0,0,0,0,47,0,0,0,0,0,0,0,0,0,0,0,0,0,0,0,0,0,0,0,0,0,365,42,0,0,53,0,0,0,0,0
385,0,10,0,0,0,0,0,313097,0,0,0,0,53,0,0,0,0,0,0,0,0,0,0,0,0,0,0,0,0,0,0,0,0,0,0,91,92,0,118,0,0,0,0,0
385,0,11,0,0,0,0,0,313097,0,0,0,0,53,0,0,0,0,0,0,0,0,0,0,0,0,0,0,0,0,0,0,0,0,0,0,41,39,0,94,0,0,0,0,0
385,0,12,0,0,0,0,0,313097,0,0,0,0,47,0,0,0,0,0,0,0,0,0,0,0,0,0,0,0,0,0,0,0,0,0,0,0,0,45,93,0,0,0,0,0
385,0,13,0,0,0,0,0,313097,0,0,0,0,53,0,0,0,0,0,0,0,0,0,0,0,0,0,0,0,0,0,0,0,0,0,178,0,0,0,109,0,0,0,0,0
385,0,14,0,0,0,0,0,313097,0,0,0,0,53,0,0,0,0,0,0,0,0,0,0,0,0,0,0,0,0,0,0,0,0,0,0,0,80,0,60,0,0,0,0,0
385,0,15,0,0,0,0,0,313097,0,0,0,0,41,0,0,0,0,0,0,0,0,0,0,0,0,0,0,0,0,0,0,0,0,0,0,0,39,0,90,0,0,0,0,0
386,0,0,0,0,0,0,0,626238,0,0,132,262208,136,0,0,0,0,0,3891,0,0,0,0,0,0,0,0,132,132,0,130863,0,392063,262208,0,329,0,136,284,0,0,0,0,192
386,0,1,0,0,0,0,0,313119,3891,0,0,0,1165,0,0,0,0,0,3891,0,0,0,0,0,0,0,0,0,67,0,65440,0,130780,0,0,99,186,194,1940,0,0,48,0,0
386,0,2,0,0,0,0,0,313119,0,0,0,0,64,48,0,0,0,0,0,0,0,0,0,0,0,0,0,0,0,0,0,0,65406,65501,0,249,126,302,158,0,0,48,0,48
386,0,3,0,0,0,0,0,313119,0,0,0,0,70,48,0,0,0,0,0,0,0,0,0,0,0,0,0,0,0,0,0,0,0,65499,0,92,54,0,93,0,0,0,0,48
386,0,4,0,0,0,0,0,313119,0,0,0,0,69,48,0,0,0,0,0,0,0,0,0,0,0,0,0,0,0,0,0,0,0,65488,0,87,0,56,100,48,0,0,0,48
386,0,5,0,0,0,0,0,313119,0,0,0,0,70,48,0,0,0,0,0,0,0,0,0,0,0,0,0,0,0,0,0,0,0,65488,567,148,0,2,152,0,0,0,0,48
386,0,6,0,0,0,0,0,313119,0,0,0,0,47,0,0,0,0,0,0,0,0,0,0,0,0,0,0,0,0,0,0,0,0,0,0,40,98,0,52,0,0,0,0,0
386,0,7,0,0,0,0,0,313119,0,0,0,0,53,0,0,0,0,0,0,0,0,0,0,0,0,0,0,0,0,0,0,0,0,0,0,107,39,0,140,0,0,0,0,0
386,0,8,0,0,0,0,0,313119,0,0,0,0,50,0,0,0,0,0,0,0,0,0,0,0,0,0,0,0,0,0,0,0,0,0,0,52,0,42,107,0,0,0,0,0
386,0,9,0,0,0,0,0,313119,0,0,0,0,47,0,0,0,0,0,0,0,0,0,0,0,0,0,0,0,0,0,0,0,0,0,365,42,0,0,53,0,0,0,0,0
386,0,10,0,0,0,0,0,313119,0,0,0,0,53,0,0,0,0,0,0,0,0,0,0,0,0,0,0,0,0,0,0,0,0,0,0,91,92,0,118,0,0,0,0,0
386,0,11,0,0,0,0,0,313119,0,0,0,0,53,0,0,0,0,0,0,0,0,0,0,0,0,0,0,0,0,0,0,0,0,0,0,40,39,0,94,0,0,0,0,0
386,0,12,0,0,0,0,0,313119,0,0,0,0,47,0,0,0,0,0,0,0,0,0,0,0,0,0,0,0,0,0,0,0,0,0,0,0,0,45,93,0,0,0,0,0
386,0,13,0,0,0,0,0,313119,0,0,0,0,53,0,0,0,0,0,0,0,0,0,0,0,0,0,0,0,0,0,0,0,0,0,178,0,0,0,109,0,0,0,0,0
386,0,14,0,0,0,0,0,313119,0,0,0,0,53,0,0,0,0,0,0,0,0,0,0,0,0,0,0,0,0,0,0,0,0,0,0,0,80,0,60,0,0,0,0,0
386,0,15,0,0,0,0,0,313119,0,0,0,0,41,0,0,0,0,0,0,0,0,0,0,0,0,0,0,0,0,0,0,0,0,0,0,0,39,0,91,0,0,0,0,0
387,0,0,0,0,0,0,0,626209,0,0,132,262208,136,0,0,0,0,0,3894,0,0,0,0,0,0,0,0,132,132,0,130863,0,392077,262208,0,329,0,136,284,0,0,0,0,192
387,0,1,0,0,0,0,0,313105,3894,0,0,0,1166,0,0,0,0,0,3894,0,0,0,0,0,0,0,0,0,66,0,65437,0,130791,0,0,98,186,194,1945,0,0,48,0,0
387,0,2,0,0,0,0,0,313105,0,0,0,0,66,48,0,0,0,0,0,0,0,0,0,0,0,0,0,0,0,0,0,0,65410,65501,0,249,121,301,160,0,0,48,0,48
387,0,3,0,0,0,0,0,313105,0,0,0,0,67,48,0,0,0,0,0,0,0,0,0,0,0,0,0,0,0,0,0,0,0,65503,0,92,58,0,90,0,0,0,0,48
387,0,4,0,0,0,0,0,313105,0,0,0,0,66,48,0,0,0,0,0,0,0,0,0,0,0,0,0,0,0,0,0,0,0,65488,0,87,0,59,97,48,0,0,0,48
387,0,5,0,0,0,0,0,313105,0,0,0,0,66,48,0,0,0,0,0,0,0,0,0,0,0,0,0,0,0,0,0,0,0,65489,568,148,0,2,149,0,0,0,0,48
387,0,6,0,0,0,0,0,313105,0,0,0,0,47,0,0,0,0,0,0,0,0,0,0,0,0,0,0,0,0,0,0,0,0,0,0,40,98,0,52,0,0,0,0,0
387,0,7,0,0,0,0,0,313105,0,0,0,0,53,0,0,0,0,0,0,0,0,0,0,0,0,0,0,0,0,0,0,0,0,0,0,107,39,0,140,0,0,0,0,0
387,0,8,0,0,0,0,0,313105,0,0,0,0,50,0,0,0,0,0,0,0,0,0,0,0,0,0,0,0,0,0,0,0,0,0,0,52,0,42,107,0,0,0,0,0
387,0,9,0,0,0,0,0,313105,0,0,0,0,47,0,0,0,0,0,0,0,0,0,0,0,0,0,0,0,0,0,0,0,0,0,365,42,0,0,53,0,0,0,0,0
387,0,10,0,0,0,0,0,313105,0,0,0,0,53,0,0,0,0,0,0,0,0,0,0,0,0,0,0,0,0,0,0,0,0,0,0,91,92,0,118,0,0,0,0,0
387,0,11,0,0,0,0,0,313105,0,0,0,0,53,0,0,0,0,0,0,0,0,0,0,0,0,0,0,0,0,0,0,0,0,0,0,40,39,0,94,0,0,0,0,0
387,0,12,0,0,0,0,0,313105,0,0,0,0,47,0,0,0,0,0,0,0,0,0,0,0,0,0,0,0,0,0,0,0,0,0,0,0,0,45,93,0,0,0,0,0
387,0,13,0,0,0,0,0,313105,0,0,0,0,53,0,0,0,0,0,0,0,0,0,0,0,0,0,0,0,0,0,0,0,0,0,178,0,0,0,109,0,0,0,0,0
387,0,14,0,0,0,0,0,313105,0,0,0,0,53,0,0,0,0,0,0,0,0,0,0,0,0,0,0,0,0,0,0,0,0,0,0,0,80,0,60,0,0,0,0,0
387,0,15,0,0,0,0,0,313105,0,0,0,0,41,0,0,0,0,0,0,0,0,0,0,0,0,0,0,0,0,0,0,0,0,0,0,0,39,0,91,0,0,0,0,0
388,0,0,0,0,0,0,0,888279,0,0,198,393312,136,0,0,0,0,0,4005,0,0,0,0,0,0,0,0,198,198,0,130849,0,653265,393312,0,329,0,136,284,0,0,0,0,288
388,0,1,0,0,0,0,0,444140,4005,0,0,0,1232,0,0,0,0,0,4005,0,0,0,0,0,0,0,0,0,98,0,65423,0,261518,0,0,98,178,204,2039,0,0,48,0,0
388,0,2,0,0,0,0,0,444140,0,0,0,0,65,48,0,0,0,0,0,0,0,0,0,0,0,0,0,0,0,0,65440,0,130839,65500,0,268,121,332,167,0,0,48,0,48
388,0,3,0,0,0,0,0,444140,0,0,0,0,66,48,0,0,0,0,0,0,0,0,0,0,0,0,0,0,0,0,65424,0,0,65503,0,96,57,0,87,0,0,0,0,48
388,0,4,0,0,0,0,0,444140,0,0,0,0,70,48,0,0,0,0,0,0,0,0,0,0,0,0,0,0,0,0,0,0,0,65503,0,87,0,55,92,96,0,0,0,48
388,0,5,0,0,0,0,0,444140,0,0,0,0,71,48,0,0,0,0,0,0,0,0,0,0,0,0,0,0,0,0,0,0,0,65485,602,148,0,2,154,0,0,48,0,48
388,0,6,0,0,0,0,0,444140,0,0,0,0,70,48,0,0,0,0,0,0,0,0,0,0,0,0,0,0,0,0,0,0,0,65488,0,40,127,1,91,0,0,48,0,48
388,0,7,0,0,0,0,0,444140,0,0,0,0,73,48,0,0,0,0,0,0,0,0,0,0,0,0,0,0,0,0,0,0,0,65487,0,108,51,0,191,0,0,0,0,48
388,0,8,0,0,0,0,0,444140,0,0,0,0,50,0,0,0,0,0,0,0,0,0,0,0,0,0,0,0,0,0,0,0,0,0,0,52,0,42,107,0,0,0,0,0
388,0,9,0,0,0,0,0,444140,0,0,0,0,47,0,0,0,0,0,0,0,0,0,0,0,0,0,0,0,0,0,0,0,0,0,365,42,0,0,53,0,0,0,0,0
388,0,10,0,0,0,0,0,444140,0,0,0,0,53,0,0,0,0,0,0,0,0,0,0,0,0,0,0,0,0,0,0,0,0,0,0,91,92,0,118,0,0,0,0,0
388,0,11,0,0,0,0,0,444140,0,0,0,0,53,0,0,0,0,0,0,0,0,0,0,0,0,0,0,0,0,0,0,0,0,0,0,41,39,0,94,0,0,0,0,0
388,0,12,0,0,0,0,0,444140,0,0,0,0,47,0,0,0,0,0,0,0,0,0,0,0,0,0,0,0,0,0,0,0,0,0,0,0,0,45,93,0,0,0,0,0
388,0,13,0,0,0,0,0,444140,0,0,0,0,53,0,0,0,0,0,0,0,0,0,0,0,0,0,0,0,0,0,0,0,0,0,178,0,0,0,109,0,0,0,0,0
388,0,14,0,0,0,0,0,444140,0,0,0,0,53,0,0,0,0,0,0,0,0,0,0,0,0,0,0,0,0,0,0,0,0,0,0,0,80,0,60,0,0,0,0,0
388,0,15,0,0,0,0,0,444140,0,0,0,0,41,0,0,0,0,0,0,0,0,0,0,0,0,0,0,0,0,0,0,0,0,0,0,0,39,0,92,0,0,0,0,0
389,0,0,0,0,0,0,0,888227,0,0,198,393312,136,0,0,0,0,0,4002,0,0,0,0,0,0,0,0,198,198,0,130835,0,653233,393312,0,329,0,136,284,0,0,0,0,288
389,0,1,0,0,0,0,0,444113,4002,0,0,0,1220,0,0,0,0,0,4002,0,0,0,0,0,0,0,0,0,101,0,65434,0,261488,0,0,98,181,213,2019,0,0,48,0,0
389,0,2,0,0,0,0,0,444113,0,0,0,0,66,48,0,0,0,0,0,0,0,0,0,0,0,0,0,0,0,0,65431,0,130824,65498,0,269,124,326,164,0,0,48,0,48
389,0,3,0,0,0,0,0,444113,0,0,0,0,70,48,0,0,0,0,0,0,0,0,0,0,0,0,0,0,0,0,65417,0,0,65501,0,101,53,0,92,0,0,0,0,48
389,0,4,0,0,0,0,0,444113,0,0,0,0,70,48,0,0,0,0,0,0,0,0,0,0,0,0,0,0,0,0,0,0,0,65500,0,87,0,55,95,96,0,0,0,48
389,0,5,0,0,0,0,0,444113,0,0,0,0,71,48,0,0,0,0,0,0,0,0,0,0,0,0,0,0,0,0,0,0,0,65489,607,148,0,1,154,0,0,48,0,48
389,0,6,0,0,0,0,0,444113,0,0,0,0,74,48,0,0,0,0,0,0,0,0,0,0,0,0,0,0,0,0,0,0,0,65486,0,40,123,1,94,0,0,48,0,48
389,0,7,0,0,0,0,0,444113,0,0,0,0,73,48,0,0,0,0,0,0,0,0,0,0,0,0,0,0,0,0,0,0,0,65485,0,107,52,0,186,0,0,0,0,48
389,0,8,0,0,0,0,0,444113,0,0,0,0,50,0,0,0,0,0,0,0,0,0,0,0,0,0,0,0,0,0,0,0,0,0,0,52,0,42,107,0,0,0,0,0
389,0,9,0,0,0,0,0,444113,0,0,0,0,47,0,0,0,0,0,0,0,0,0,0,0,0,0,0,0,0,0,0,0,0,0,365,42,0,0,53,0,0,0,0,0
389,0,10,0,0,0,0,0,444113,0,0,0,0,53,0,0,0,0,0,0,0,0,0,0,0,0,0,0,0,0,0,0,0,0,0,0,91,92,0,118,0,0,0,0,0
389,0,11,0,0,0,0,0,444113,0,0,0,0,53,0,0,0,0,0,0,0,0,0,0,0,0,0,0,0,0,0,0,0,0,0,0,42,39,0,94,0,0,0,0,0
389,0,12,0,0,0,0,0,444113,0,0,0,0,47,0,0,0,0,0,0,0,0,0,0,0,0,0,0,0,0,0,0,0,0,0,0,0,0,45,93,0,0,0,0,0
389,0,13,0,0,0,0,0,444113,0,0,0,0,53,0,0,0,0,0,0,0,0,0,0,0,0,0,0,0,0,0,0,0,0,0,178,0,0,0,109,0,0,0,0,0
389,0,14,0,0,0,0,0,444113,0,0,0,0,53,0,0,0,0,0,0,0,0,0,0,0,0,0,0,0,0,0,0,0,0,0,0,0,80,0,60,0,0,0,0,0
389,0,15,0,0,0,0,0,444113,0,0,0,0,41,0,0,0,0,0,0,0,0,0,0,0,0,0,0,0,0,0,0,0,0,0,0,0,39,0,91,0,0,0,0,0
390,0,0,0,0,0,0,0,888193,0,0,198,393312,136,0,0,0,0,0,4002,0,0,0,0,0,0,0,0,198,198,0,130843,0,653272,393312,0,329,0,136,284,0,0,0,0,288
390,0,1,0,0,0,0,0,444096,4002,0,0,0,1225,0,0,0,0,0,4002,0,0,0,0,0,0,0,0,0,100,0,65437,0,261506,0,0,99,178,210,2033,0,0,48,0,0
390,0,2,0,0,0,0,0,444096,0,0,0,0,66,48,0,0,0,0,0,0,0,0,0,0,0,0,0,0,0,0,65432,0,130835,65501,0,269,123,326,168,0,0,48,0,48
390,0,3,0,0,0,0,0,444096,0,0,0,0,69,48,0,0,0,0,0,0,0,0,0,0,0,0,0,0,0,0,65423,0,0,65503,0,102,53,0,91,0,0,0,0,48
390,0,4,0,0,0,0,0,444096,0,0,0,0,70,48,0,0,0,0,0,0,0,0,0,0,0,0,0,0,0,0,0,0,0,65503,0,87,0,55,93,96,0,0,0,48
390,0,5,0,0,0,0,0,444096,0,0,0,0,71,48,0,0,0,0,0,0,0,0,0,0,0,0,0,0,0,0,0,0,0,65489,599,148,0,1,153,0,0,48,0,48
390,0,6,0,0,0,0,0,444096,0,0,0,0,71,48,0,0,0,0,0,0,0,0,0,0,0,0,0,0,0,0,0,0,0,65487,0,40,131,1,91,0,0,48,0,48
390,0,7,0,0,0,0,0,444096,0,0,0,0,77,48,0,0,0,0,0,0,0,0,0,0,0,0,0,0,0,0,0,0,0,65485,0,108,47,0,189,0,0,0,0,48
390,0,8,0,0,0,0,0,444096,0,0,0,0,50,0,0,0,0,0,0,0,0,0,0,0,0,0,0,0,0,0,0,0,0,0,0,52,0,42,107,0,0,0,0,0
390,0,9,0,0,0,0,0,444096,0,0,0,0,47,0,0,0,0,0,0,0,0,0,0,0,0,0,0,0,0,0,0,0,0,0,365,42,0,0,53,0,0,0,0,0
390,0,10,0,0,0,0,0,444096,0,0,0,0,53,0,0,0,0,0,0,0,0,0,0,0,0,0,0,0,0,0,0,0,0,0,0,91,92,0,118,0,0,0,0,0
390,0,11,0,0,0,0,0,444096,0,0,0,0,53,0,0,0,0,0,0,0,0,0,0,0,0,0,0,0,0,0,0,0,0,0,0,41,39,0,94,0,0,0,0,0
390,0,12,0,0,0,0,0,444096,0,0,0,0,47,0,0,0,0,0,0,0,0,0,0,0,0,0,0,0,0,0,0,0,0,0,0,0,0,45,93,0,0,0,0,0
390,0,13,0,0,0,0,0,444096,0,0,0,0,53,0,0,0,0,0,0,0,0,0,0,0,0,0,0,0,0,0,0,0,0,0,178,0,0,0,109,0,0,0,0,0
390,0,14,0,0,0,0,0,444096,0,0,0,0,53,0,0,0,0,0,0,0,0,0,0,0,0,0,0,0,0,0,0,0,0,0,0,0,80,0,60,0,0,0,0,0
390,0,15,0,0,0,0,0,444096,0,0,0,0,41,0,0,0,0,0,0,0,0,0,0,0,0,0,0,0,0,0,0,0,0,0,0,0,39,0,92,0,0,0,0,0
391,0,0,0,0,0,0,0,1150188,0,0,262,524416,136,0,0,0,0,0,4113,0,0,0,0,0,0,0,0,262,262,0,261566,0,783891,524416,0,362,0,136,284,0,0,0,0,384
391,0,1,0,0,0,0,0,575094,4113,0,0,0,1271,0,0,0,0,0,4113,0,0,0,0,0,0,0,0,0,130,0,130783,0,261542,0,0,108,190,209,2115,0,0,48,0,0
391,0,2,0,0,0,0,0,575094,0,0,0,0,66,48,0,0,0,0,0,0,0,0,0,0,0,0,0,0,0,0,65433,0,130836,65489,0,274,120,328,159,0,0,48,0,48
391,0,3,0,0,0,0,0,575094,0,0,0,0,68,48,0,0,0,0,0,0,0,0,0,0,0,0,0,0,0,0,65423,0,0,65503,0,107,55,0,82,0,0,0,0,48
391,0,4,0,0,0,0,0,575094,0,0,0,0,66,48,0,0,0,0,0,0,0,0,0,0,0,0,0,0,0,0,65422,0,0,65503,0,94,0,57,93,144,0,0,0,48
391,0,5,0,0,0,0,0,575094,0,0,0,0,69,48,0,0,0,0,0,0,0,0,0,0,0,0,0,0,0,0,65438,0,0,65503,626,172,0,2,153,0,0,48,0,48
391,0,6,0,0,0,0,0,575094,0,0,0,0,68,48,0,0,0,0,0,0,0,0,0,0,0,0,0,0,0,0,0,0,0,65492,0,40,131,0,83,0,0,48,0,48
391,0,7,0,0,0,0,0,575094,0,0,0,0,75,48,0,0,0,0,0,0,0,0,0,0,0,0,0,0,0,0,0,0,0,65486,0,108,50,0,182,0,0,0,0,48
391,0,8,0,0,0,0,0,575094,0,0,0,0,71,48,0,0,0,0,0,0,0,0,0,0,0,0,0,0,0,0,0,0,0,65486,0,52,0,54,156,48,0,0,0,48
391,0,9,0,0,0,0,0,575094,0,0,0,0,65,48,0,0,0,0,0,0,0,0,0,0,0,0,0,0,0,0,0,0,0,65489,399,42,0,2,82,0,0,0,0,48
391,0,10,0,0,0,0,0,575094,0,0,0,0,53,0,0,0,0,0,0,0,0,0,0,0,0,0,0,0,0,0,0,0,0,0,0,91,92,0,118,0,0,0,0,0
391,0,11,0,0,0,0,0,575094,0,0,0,0,53,0,0,0,0,0,0,0,0,0,0,0,0,0,0,0,0,0,0,0,0,0,0,43,39,0,94,0,0,0,0,0
391,0,12,0,0,0,0,0,575094,0,0,0,0,47,0,0,0,0,0,0,0,0,0,0,0,0,0,0,0,0,0,0,0,0,0,0,0,0,45,93,0,0,0,0,0
391,0,13,0,0,0,0,0,575094,0,0,0,0,53,0,0,0,0,0,0,0,0,0,0,0,0,0,0,0,0,0,0,0,0,0,178,0,0,0,109,0,0,0,0,0
391,0,14,0,0,0,0,0,575094,0,0,0,0,53,0,0,0,0,0,0,0,0,0,0,0,0,0,0,0,0,0,0,0,0,0,0,0,80,0,60,0,0,0,0,0
391,0,15,0,0,0,0,0,575094,0,0,0,0,41,0,0,0,0,0,0,0,0,0,0,0,0,0,0,0,0,0,0,0,0,0,0,0,39,0,92,0,0,0,0,0
392,0,0,0,0,0,0,0,1150179,0,0,262,524416,136,0,0,0,0,0,4113,0,0,0,0,0,0,0,0,262,262,0,261568,0,783884,524416,0,362,0,136,284,0,0,0,0,384
392,0,1,0,0,0,0,0,575089,4113,0,0,0,1267,0,0,0,0,0,4113,0,0,0,0,0,0,0,0,0,132,0,130779,0,261540,0,0,111,193,207,2110,0,0,48,0,0
392,0,2,0,0,0,0,0,575089,0,0,0,0,63,48,0,0,0,0,0,0,0,0,0,0,0,0,0,0,0,0,65433,0,130835,65489,0,273,121,332,155,0,0,48,0,48
392,0,3,0,0,0,0,0,575089,0,0,0,0,65,48,0,0,0,0,0,0,0,0,0,0,0,0,0,0,0,0,65424,0,0,65502,0,107,57,0,76,0,0,0,0,48
392,0,4,0,0,0,0,0,575089,0,0,0,0,63,48,0,0,0,0,0,0,0,0,0,0,0,0,0,0,0,0,65422,0,0,65503,0,93,0,60,94,144,0,0,0,48
392,0,5,0,0,0,0,0,575089,0,0,0,0,67,48,0,0,0,0,0,0,0,0,0,0,0,0,0,0,0,0,65439,0,0,65503,626,168,0,1,152,0,0,48,0,48
392,0,6,0,0,0,0,0,575089,0,0,0,0,65,48,0,0,0,0,0,0,0,0,0,0,0,0,0,0,0,0,0,0,0,65491,0,40,133,2,81,0,0,48,0,48
392,0,7,0,0,0,0,0,575089,0,0,0,0,75,48,0,0,0,0,0,0,0,0,0,0,0,0,0,0,0,0,0,0,0,65487,0,105,50,0,183,0,0,0,0,48
392,0,8,0,0,0,0,0,575089,0,0,0,0,70,48,0,0,0,0,0,0,0,0,0,0,0,0,0,0,0,0,0,0,0,65487,0,52,0,55,156,48,0,0,0,48
392,0,9,0,0,0,0,0,575089,0,0,0,0,67,48,0,0,0,0,0,0,0,0,0,0,0,0,0,0,0,0,0,0,0,65489,397,42,0,1,88,0,0,0,0,48
392,0,10,0,0,0,0,0,575089,0,0,0,0,53,0,0,0,0,0,0,0,0,0,0,0,0,0,0,0,0,0,0,0,0,0,0,91,92,1,118,0,0,0,0,0
392,0,11,0,0,0,0,0,575089,0,0,0,0,53,0,0,0,0,0,0,0,0,0,0,0,0,0,0,0,0,0,0,0,0,0,0,45,39,0,94,0,0,0,0,0
392,0,12,0,0,0,0,0,575089,0,0,0,0,47,0,0,0,0,0,0,0,0,0,0,0,0,0,0,0,0,0,0,0,0,0,0,0,0,45,93,0,0,0,0,0
392,0,13,0,0,0,0,0,575089,0,0,0,0,53,0,0,0,0,0,0,0,0,0,0,0,0,0,0,0,0,0,0,0,0,0,178,0,0,0,109,0,0,0,0,0
392,0,14,0,0,0,0,0,575089,0,0,0,0,53,0,0,0,0,0,0,0,0,0,0,0,0,0,0,0,0,0,0,0,0,0,0,0,80,0,60,0,0,0,0,0
392,0,15,0,0,0,0,0,575089,0,0,0,0,41,0,0,0,0,0,0,0,0,0,0,0,0,0,0,0,0,0,0,0,0,0,0,0,39,0,90,0,0,0,0,0
393,0,0,0,0,0,0,0,1150107,0,0,262,524416,136,0,0,0,0,0,4113,0,0,0,0,0,0,0,0,262,262,0,261567,0,783910,524416,0,362,0,136,284,0,0,0,0,384
393,0,1,0,0,0,0,0,575054,4113,0,0,0,1278,0,0,0,0,0,4113,0,0,0,0,0,0,0,0,0,127,0,130788,0,261543,0,0,103,191,206,2109,0,0,48,0,0
393,0,2,0,0,0,0,0,575054,0,0,0,0,66,48,0,0,0,0,0,0,0,0,0,0,0,0,0,0,0,0,65434,0,130835,65489,0,276,120,328,160,0,0,48,0,48
393,0,3,0,0,0,0,0,575054,0,0,0,0,67,48,0,0,0,0,0,0,0,0,0,0,0,0,0,0,0,0,65424,0,0,65502,0,105,55,0,84,0,0,0,0,48
393,0,4,0,0,0,0,0,575054,0,0,0,0,71,48,0,0,0,0,0,0,0,0,0,0,0,0,0,0,0,0,65423,0,0,65503,0,94,0,52,100,144,0,0,0,48
393,0,5,0,0,0,0,0,575054,0,0,0,0,68,48,0,0,0,0,0,0,0,0,0,0,0,0,0,0,0,0,65440,0,0,65503,639,174,0,0,155,0,0,48,0,48
393,0,6,0,0,0,0,0,575054,0,0,0,0,68,48,0,0,0,0,0,0,0,0,0,0,0,0,0,0,0,0,0,0,0,65492,0,40,130,3,81,0,0,48,0,48
393,0,7,0,0,0,0,0,575054,0,0,0,0,74,48,0,0,0,0,0,0,0,0,0,0,0,0,0,0,0,0,0,0,0,65486,0,105,50,0,184,0,0,0,0,48
393,0,8,0,0,0,0,0,575054,0,0,0,0,70,48,0,0,0,0,0,0,0,0,0,0,0,0,0,0,0,0,0,0,0,65485,0,52,0,55,155,48,0,0,0,48
393,0,9,0,0,0,0,0,575054,0,0,0,0,69,48,0,0,0,0,0,0,0,0,0,0,0,0,0,0,0,0,0,0,0,65488,395,42,0,1,84,0,0,0,0,48
393,0,10,0,0,0,0,0,575054,0,0,0,0,53,0,0,0,0,0,0,0,0,0,0,0,0,0,0,0,0,0,0,0,0,0,0,91,92,1,118,0,0,0,0,0
393,0,11,0,0,0,0,0,575054,0,0,0,0,53,0,0,0,0,0,0,0,0,0,0,0,0,0,0,0,0,0,0,0,0,0,0,45,39,0,94,0,0,0,0,0
393,0,12,0,0,0,0,0,575054,0,0,0,0,47,0,0,0,0,0,0,0,0,0,0,0,0,0,0,0,0,0,0,0,0,0,0,0,0,45,93,0,0,0,0,0
393,0,13,0,0,0,0,0,575054,0,0,0,0,53,0,0,0,0,0,0,0,0,0,0,0,0,0,0,0,0,0,0,0,0,0,178,0,0,0,109,0,0,0,0,0
393,0,14,0,0,0,0,0,575054,0,0,0,0,53,0,0,0,0,0,0,0,0,0,0,0,0,0,0,0,0,0,0,0,0,0,0,0,80,0,60,0,0,0,0,0
393,0,15,0,0,0,0,0,575054,0,0,0,0,41,0,0,0,0,0,0,0,0,0,0,0,0,0,0,0,0,0,0,0,0,0,0,0,39,0,90,0,0,0,0,0
394,0,0,0,0,0,0,0,1412000,0,0,328,655520,136,0,0,0,0,0,4224,0,0,0,0,0,0,0,0,328,328,0,261567,0,1044784,655520,0,362,0,136,284,0,0,0,0,946426
394,0,1,0,0,0,0,0,706000,4224,0,0,0,1314,0,0,0,0,0,4224,0,0,0,0,0,0,0,0,0,160,0,130788,0,392112,0,0,108,190,234,2177,0,0,48,0,0
394,0,2,0,0,0,0,0,706000,0,0,0,0,64,48,0,0,0,0,0,0,0,0,0,0,0,0,0,0,0,0,130846,0,196104,65490,0,299,120,349,157,0,0,48,0,48
394,0,3,0,0,0,0,0,706000,0,0,0,0,67,48,0,0,0,0,0,0,0,0,0,0,0,0,0,0,0,0,130784,0,0,65501,0,114,56,0,88,0,0,0,0,48
394,0,4,0,0,0,0,0,706000,0,0,0,0,67,48,0,0,0,0,0,0,0,0,0,0,0,0,0,0,0,0,65422,0,0,65503,0,95,0,56,95,192,0,0,0,48
394,0,5,0,0,0,0,0,706000,0,0,0,0,68,48,0,0,0,0,0,0,0,0,0,0,0,0,0,0,0,0,65440,0,0,65502,669,171,0,2,151,0,0,48,0,48
394,0,6,0,0,0,0,0,706000,0,0,0,0,69,48,0,0,0,0,0,0,0,0,0,0,0,0,0,0,0,0,65410,0,0,65502,0,54,128,0,80,0,0,48,0,48
394,0,7,0,0,0,0,0,706000,0,0,0,0,73,48,0,0,0,0,0,0,0,0,0,0,0,0,0,0,0,0,65405,0,0,65486,0,135,52,0,181,0,0,0,0,48
394,0,8,0,0,0,0,0,706000,0,0,0,0,70,48,0,0,0,0,0,0,0,0,0,0,0,0,0,0,0,0,0,0,0,65487,0,57,0,55,149,96,0,0,0,48
394,0,9,0,0,0,0,0,706000,0,0,0,0,69,48,0,0,0,0,0,0,0,0,0,0,0,0,0,0,0,0,0,0,0,65488,423,41,0,1,88,0,0,48,0,48
394,0,10,0,0,0,0,0,706000,0,0,0,0,79,48,0,0,0,0,0,0,0,0,0,0,0,0,0,0,0,0,0,0,0,65497,0,90,121,2,166,0,0,48,0,48
394,0,11,0,0,0,0,0,706000,0,0,0,0,77,48,0,0,0,0,0,0,0,0,0,0,0,0,0,0,0,0,0,0,0,65500,0,42,48,0,126,0,0,0,0,48
394,0,12,0,0,0,0,0,706000,0,0,0,0,54,0,0,0,0,0,0,0,0,0,0,0,0,0,0,0,0,0,0,0,0,0,0,0,0,38,95,0,0,0,0,0
394,0,13,0,0,0,0,0,706000,0,0,0,0,53,0,0,0,0,0,0,0,0,0,0,0,0,0,0,0,0,0,0,0,0,0,185,0,0,0,110,0,0,0,0,0
394,0,14,0,0,0,0,0,706000,0,0,0,0,53,0,0,0,0,0,0,0,0,0,0,0,0,0,0,0,0,0,0,0,0,0,0,0,80,0,61,0,0,0,0,0
394,0,15,0,0,0,0,0,706000,0,0,0,0,41,0,0,0,0,0,0,0,0,0,0,0,0,0,0,0,0,0,0,0,0,0,0,0,39,0,95,0,0,0,0,0
395,0,0,0,0,0,0,0,1411998,0,0,328,655520,136,0,0,0,0,0,4224,0,0,0,0,0,0,0,0,328,328,0,261568,0,1044811,655520,0,362,0,136,284,0,0,0,0,946256
395,0,1,0,0,0,0,0,705999,4224,0,0,0,1321,0,0,0,0,0,4224,0,0,0,0,0,0,0,0,0,160,0,130784,0,392130,0,0,108,193,224,2184,0,0,48,0,0
395,0,2,0,0,0,0,0,705999,0,0,0,0,65,48,0,0,0,0,0,0,0,0,0,0,0,0,0,0,0,0,130844,0,196124,65489,0,306,121,351,158,0,0,48,0,48
395,0,3,0,0,0,0,0,705999,0,0,0,0,68,48,0,0,0,0,0,0,0,0,0,0,0,0,0,0,0,0,130803,0,0,65501,0,113,55,0,88,0,0,0,0,48
395,0,4,0,0,0,0,0,705999,0,0,0,0,68,48,0,0,0,0,0,0,0,0,0,0,0,0,0,0,0,0,65422,0,0,65503,0,100,0,55,94,192,0,0,0,48
395,0,5,0,0,0,0,0,705999,0,0,0,0,66,48,0,0,0,0,0,0,0,0,0,0,0,0,0,0,0,0,65439,0,0,65503,668,172,0,1,148,0,0,48,0,48
395,0,6,0,0,0,0,0,705999,0,0,0,0,67,48,0,0,0,0,0,0,0,0,0,0,0,0,0,0,0,0,65416,0,0,65497,0,50,132,1,75,0,0,48,0,48
395,0,7,0,0,0,0,0,705999,0,0,0,0,74,48,0,0,0,0,0,0,0,0,0,0,0,0,0,0,0,0,65411,0,0,65488,0,137,50,0,181,0,0,0,0,48
395,0,8,0,0,0,0,0,705999,0,0,0,0,71,48,0,0,0,0,0,0,0,0,0,0,0,0,0,0,0,0,0,0,0,65487,0,52,0,54,150,96,0,0,0,48
395,0,9,0,0,0,0,0,705999,0,0,0,0,70,48,0,0,0,0,0,0,0,0,0,0,0,0,0,0,0,0,0,0,0,65488,424,42,0,1,87,0,0,48,0,48
395,0,10,0,0,0,0,0,705999,0,0,0,0,74,48,0,0,0,0,0,0,0,0,0,0,0,0,0,0,0,0,0,0,0,65501,0,91,127,1,164,0,0,48,0,48
395,0,11,0,0,0,0,0,705999,0,0,0,0,77,48,0,0,0,0,0,0,0,0,0,0,0,0,0,0,0,0,0,0,0,65503,0,43,48,0,124,0,0,0,0,48
395,0,12,0,0,0,0,0,705999,0,0,0,0,47,0,0,0,0,0,0,0,0,0,0,0,0,0,0,0,0,0,0,0,0,0,0,0,0,45,93,0,0,0,0,0
395,0,13,0,0,0,0,0,705999,0,0,0,0,53,0,0,0,0,0,0,0,0,0,0,0,0,0,0,0,0,0,0,0,0,0,178,0,0,0,109,0,0,0,0,0
395,0,14,0,0,0,0,0,705999,0,0,0,0,53,0,0,0,0,0,0,0,0,0,0,0,0,0,0,0,0,0,0,0,0,0,0,0,80,0,60,0,0,0,0,0
395,0,15,0,0,0,0,0,705999,0,0,0,0,41,0,0,0,0,0,0,0,0,0,0,0,0,0,0,0,0,0,0,0,0,0,0,0,39,0,94,0,0,0,0,0
396,0,0,0,0,0,0,0,1412018,0,0,328,655520,136,0,0,0,0,0,4221,0,0,0,0,0,0,0,0,328,328,0,261567,0,1044763,655520,0,362,0,136,284,0,0,0,0,946392
396,0,1,0,0,0,0,0,706009,4221,0,0,0,1317,0,0,0,0,0,4221,0,0,0,0,0,0,0,0,0,165,0,130788,0,392106,0,0,109,196,224,2178,0,0,48,0,0
396,0,2,0,0,0,0,0,706009,0,0,0,0,64,48,0,0,0,0,0,0,0,0,0,0,0,0,0,0,0,0,130849,0,196097,65486,0,305,122,352,157,0,0,48,0,48
396,0,3,0,0,0,0,0,706009,0,0,0,0,68,48,0,0,0,0,0,0,0,0,0,0,0,0,0,0,0,0,130791,0,0,65498,0,110,55,0,90,0,0,0,0,48
396,0,4,0,0,0,0,0,706009,0,0,0,0,71,48,0,0,0,0,0,0,0,0,0,0,0,0,0,0,0,0,65422,0,0,65502,0,101,0,52,97,192,0,0,0,48
396,0,5,0,0,0,0,0,706009,0,0,0,0,70,48,0,0,0,0,0,0,0,0,0,0,0,0,0,0,0,0,65437,0,0,65502,669,171,0,1,151,0,0,48,0,48
396,0,6,0,0,0,0,0,706009,0,0,0,0,69,48,0,0,0,0,0,0,0,0,0,0,0,0,0,0,0,0,65410,0,0,65503,0,48,130,2,80,0,0,48,0,48
396,0,7,0,0,0,0,0,706009,0,0,0,0,76,48,0,0,0,0,0,0,0,0,0,0,0,0,0,0,0,0,65411,0,0,65483,0,135,49,0,186,0,0,0,0,48
396,0,8,0,0,0,0,0,706009,0,0,0,0,71,48,0,0,0,0,0,0,0,0,0,0,0,0,0,0,0,0,0,0,0,65487,0,52,0,54,149,96,0,0,0,48
396,0,9,0,0,0,0,0,706009,0,0,0,0,74,48,0,0,0,0,0,0,0,0,0,0,0,0,0,0,0,0,0,0,0,65488,424,42,0,0,92,0,0,48,0,48
396,0,10,0,0,0,0,0,706009,0,0,0,0,74,48,0,0,0,0,0,0,0,0,0,0,0,0,0,0,0,0,0,0,0,65497,0,91,124,2,166,0,0,48,0,48
396,0,11,0,0,0,0,0,706009,0,0,0,0,74,48,0,0,0,0,0,0,0,0,0,0,0,0,0,0,0,0,0,0,0,65503,0,44,51,0,121,0,0,0,0,48
396,0,12,0,0,0,0,0,706009,0,0,0,0,47,0,0,0,0,0,0,0,0,0,0,0,0,0,0,0,0,0,0,0,0,0,0,0,0,45,93,0,0,0,0,0
396,0,13,0,0,0,0,0,706009,0,0,0,0,53,0,0,0,0,0,0,0,0,0,0,0,0,0,0,0,0,0,0,0,0,0,178,0,0,0,109,0,0,0,0,0
396,0,14,0,0,0,0,0,706009,0,0,0,0,53,0,0,0,0,0,0,0,0,0,0,0,0,0,0,0,0,0,0,0,0,0,0,0,80,0,60,0,0,0,0,0
396,0,15,0,0,0,0,0,706009,0,0,0,0,41,0,0,0,0,0,0,0,0,0,0,0,0,0,0,0,0,0,0,0,0,0,0,0,39,0,93,0,0,0,0,0
397,0,0,0,0,0,0,0,1803852,0,0,422,852176,136,0,0,0,0,0,4380,0,0,0,0,0,0,0,0,422,422,0,392174,0,1305585,852176,0,397,0,136,284,0,0,0,0,1504421
397,0,1,0,0,0,0,0,901926,4380,0,0,0,1393,0,0,0,0,0,4380,0,0,0,0,0,0,0,0,0,231,0,196075,0,457326,0,0,118,203,229,2295,0,0,48,0,0
397,0,2,0,0,0,0,0,901926,0,0,0,0,60,48,0,0,0,0,0,0,0,0,0,0,0,0,0,0,0,0,196133,0,196088,65494,0,323,116,354,153,0,0,48,0,48
397,0,3,0,0,0,0,0,901926,0,0,0,0,62,48,0,0,0,0,0,0,0,0,0,0,0,0,0,0,0,0,130799,0,0,65498,0,108,55,0,78,0,0,0,0,48
397,0,4,0,0,0,0,0,901926,0,0,0,0,67,48,0,0,0,0,0,0,0,0,0,0,0,0,0,0,0,0,130798,0,0,65501,0,109,0,56,92,507156,0,0,0,48
397,0,5,0,0,0,0,0,901926,0,0,0,0,67,48,0,0,0,0,0,0,0,0,0,0,0,0,0,0,0,0,130811,0,0,65503,722,197,0,2,151,0,0,48,0,48
397,0,6,0,0,0,0,0,901926,0,0,0,0,70,48,0,0,0,0,0,0,0,0,0,0,0,0,0,0,0,0,130787,0,0,65502,0,63,129,0,83,0,0,48,0,48
397,0,7,0,0,0,0,0,901926,0,0,0,0,75,48,0,0,0,0,0,0,0,0,0,0,0,0,0,0,0,0,65414,0,0,65489,0,135,50,0,189,0,0,0,0,48
397,0,8,0,0,0,0,0,901926,0,0,0,0,75,48,0,0,0,0,0,0,0,0,0,0,0,0,0,0,0,0,65410,0,0,65487,0,76,0,50,156,192,0,0,0,48
397,0,9,0,0,0,0,0,901926,0,0,0,0,68,48,0,0,0,0,0,0,0,0,0,0,0,0,0,0,0,0,65417,0,0,65489,468,54,0,1,83,0,0,48,0,48
397,0,10,0,0,0,0,0,901926,0,0,0,0,74,48,0,0,0,0,0,0,0,0,0,0,0,0,0,0,0,0,65433,0,0,65487,0,113,125,2,164,0,0,48,0,48
397,0,11,0,0,0,0,0,901926,0,0,0,0,75,48,0,0,0,0,0,0,0,0,0,0,0,0,0,0,0,0,0,0,0,65502,0,43,49,0,124,0,0,0,0,48
397,0,12,0,0,0,0,0,901926,0,0,0,0,72,48,0,0,0,0,0,0,0,0,0,0,0,0,0,0,0,0,0,0,0,65503,0,0,0,53,129,48,0,0,0,48
397,0,13,0,0,0,0,0,901926,0,0,0,0,71,48,0,0,0,0,0,0,0,0,0,0,0,0,0,0,0,0,0,0,0,65501,238,0,0,1,150,0,0,48,0,48
397,0,14,0,0,0,0,0,901926,0,0,0,0,75,48,0,0,0,0,0,0,0,0,0,0,0,0,0,0,0,0,0,0,0,65487,0,0,91,1,95,0,0,0,0,48
397,0,15,0,0,0,0,0,901926,0,0,0,0,41,0,0,0,0,0,0,0,0,0,0,0,0,0,0,0,0,0,0,0,0,0,0,0,39,0,96,0,0,0,0,0
398,0,0,0,0,0,0,0,1803705,0,0,422,852176,136,0,0,0,0,0,4380,0,0,0,0,0,0,0,0,422,422,0,392173,0,1305598,852176,0,397,0,136,284,0,0,0,0,1504301
398,0,1,0,0,0,0,0,901852,4380,0,0,0,1400,0,0,0,0,0,4380,0,0,0,0,0,0,0,0,0,227,0,196073,0,457333,0,0,113,203,227,2306,0,0,48,0,0
398,0,2,0,0,0,0,0,901852,0,0,0,0,64,48,0,0,0,0,0,0,0,0,0,0,0,0,0,0,0,0,196141,0,196089,65494,0,324,116,354,158,0,0,48,0,48
398,0,3,0,0,0,0,0,901852,0,0,0,0,66,48,0,0,0,0,0,0,0,0,0,0,0,0,0,0,0,0,130799,0,0,65498,0,107,51,0,83,0,0,0,0,48
398,0,4,0,0,0,0,0,901852,0,0,0,0,69,48,0,0,0,0,0,0,0,0,0,0,0,0,0,0,0,0,130798,0,0,65502,0,109,0,54,95,507156,0,0,0,48
398,0,5,0,0,0,0,0,901852,0,0,0,0,67,48,0,0,0,0,0,0,0,0,0,0,0,0,0,0,0,0,130812,0,0,65503,718,201,0,1,152,0,0,48,0,48
398,0,6,0,0,0,0,0,901852,0,0,0,0,70,48,0,0,0,0,0,0,0,0,0,0,0,0,0,0,0,0,130796,0,0,65502,0,61,130,1,84,0,0,48,0,48
398,0,7,0,0,0,0,0,901852,0,0,0,0,76,48,0,0,0,0,0,0,0,0,0,0,0,0,0,0,0,0,65414,0,0,65489,0,135,49,0,190,0,0,0,0,48
398,0,8,0,0,0,0,0,901852,0,0,0,0,72,48,0,0,0,0,0,0,0,0,0,0,0,0,0,0,0,0,65410,0,0,65487,0,75,0,53,154,192,0,0,0,48
398,0,9,0,0,0,0,0,901852,0,0,0,0,65,48,0,0,0,0,0,0,0,0,0,0,0,0,0,0,0,0,65416,0,0,65489,474,51,0,1,79,0,0,48,0,48
398,0,10,0,0,0,0,0,901852,0,0,0,0,74,48,0,0,0,0,0,0,0,0,0,0,0,0,0,0,0,0,65435,0,0,65490,0,114,122,1,165,0,0,48,0,48
398,0,11,0,0,0,0,0,901852,0,0,0,0,72,48,0,0,0,0,0,0,0,0,0,0,0,0,0,0,0,0,0,0,0,65502,0,44,53,0,120,0,0,0,0,48
398,0,12,0,0,0,0,0,901852,0,0,0,0,71,48,0,0,0,0,0,0,0,0,0,0,0,0,0,0,0,0,0,0,0,65503,0,0,0,54,129,48,0,0,0,48
398,0,13,0,0,0,0,0,901852,0,0,0,0,73,48,0,0,0,0,0,0,0,0,0,0,0,0,0,0,0,0,0,0,0,65501,235,0,0,1,155,0,0,48,0,48
398,0,14,0,0,0,0,0,901852,0,0,0,0,75,48,0,0,0,0,0,0,0,0,0,0,0,0,0,0,0,0,0,0,0,65489,0,0,91,1,94,0,0,0,0,48
398,0,15,0,0,0,0,0,901852,0,0,0,0,41,0,0,0,0,0,0,0,0,0,0,0,0,0,0,0,0,0,0,0,0,0,0,0,39,0,95,0,0,0,0,0
399,0,0,0,0,0,0,0,1803777,0,0,422,852176,136,0,0,0,0,0,4380,0,0,0,0,0,0,0,0,422,422,0,392150,0,1305622,852176,0,397,0,136,284,0,0,0,0,1504405
399,0,1,0,0,0,0,0,901888,4380,0,0,0,1399,0,0,0,0,0,4380,0,0,0,0,0,0,0,0,0,230,0,196074,0,457343,0,0,113,202,229,2302,0,0,48,0,0
399,0,2,0,0,0,0,0,901888,0,0,0,0,62,48,0,0,0,0,0,0,0,0,0,0,0,0,0,0,0,0,196147,0,196100,65491,0,319,116,356,157,0,0,48,0,48
399,0,3,0,0,0,0,0,901888,0,0,0,0,64,48,0,0,0,0,0,0,0,0,0,0,0,0,0,0,0,0,130798,0,0,65498,0,108,53,0,78,0,0,0,0,48
399,0,4,0,0,0,0,0,901888,0,0,0,0,69,48,0,0,0,0,0,0,0,0,0,0,0,0,0,0,0,0,130791,0,0,65502,0,109,0,54,93,507213,0,0,0,48
399,0,5,0,0,0,0,0,901888,0,0,0,0,70,48,0,0,0,0,0,0,0,0,0,0,0,0,0,0,0,0,130811,0,0,65502,721,197,0,1,159,0,0,48,0,48
399,0,6,0,0,0,0,0,901888,0,0,0,0,69,48,0,0,0,0,0,0,0,0,0,0,0,0,0,0,0,0,130797,0,0,65502,0,65,128,1,84,0,0,48,0,48
399,0,7,0,0,0,0,0,901888,0,0,0,0,73,48,0,0,0,0,0,0,0,0,0,0,0,0,0,0,0,0,65415,0,0,65491,0,135,52,0,186,0,0,0,0,48
399,0,8,0,0,0,0,0,901888,0,0,0,0,72,48,0,0,0,0,0,0,0,0,0,0,0,0,0,0,0,0,65405,0,0,65487,0,74,0,53,155,192,0,0,0,48
399,0,9,0,0,0,0,0,901888,0,0,0,0,71,48,0,0,0,0,0,0,0,0,0,0,0,0,0,0,0,0,65415,0,0,65489,470,52,0,1,88,0,0,48,0,48
399,0,10,0,0,0,0,0,901888,0,0,0,0,74,48,0,0,0,0,0,0,0,0,0,0,0,0,0,0,0,0,65435,0,0,65490,0,114,125,2,161,0,0,48,0,48
399,0,11,0,0,0,0,0,901888,0,0,0,0,76,48,0,0,0,0,0,0,0,0,0,0,0,0,0,0,0,0,0,0,0,65502,0,43,49,0,124,0,0,0,0,48
399,0,12,0,0,0,0,0,901888,0,0,0,0,69,48,0,0,0,0,0,0,0,0,0,0,0,0,0,0,0,0,0,0,0,65503,0,0,0,56,128,48,0,0,0,48
399,0,13,0,0,0,0,0,901888,0,0,0,0,77,48,0,0,0,0,0,0,0,0,0,0,0,0,0,0,0,0,0,0,0,65501,230,0,0,1,158,0,0,48,0,48
399,0,14,0,0,0,0,0,901888,0,0,0,0,76,48,0,0,0,0,0,0,0,0,0,0,0,0,0,0,0,0,0,0,0,65489,0,0,90,1,95,0,0,0,0,48
399,0,15,0,0,0,0,0,901888,0,0,0,0,41,0,0,0,0,0,0,0,0,0,0,0,0,0,0,0,0,0,0,0,0,0,0,0,39,0,96,0,0,0,0,0
400,0,0,0,0,0,0,0,233050,0,0,10,65540,136,0,0,0,0,0,3693,0,0,0,0,0,0,0,0,10,10,0,0,0,130988,65540,0,294,0,136,284,0,0,0,0,12
400,0,1,0,0,0,0,0,116525,3693,0,0,0,1098,0,0,0,0,0,3693,0,0,0,0,0,0,0,0,0,2,0,0,0,65512,0,0,84,170,167,1819,0,0,12,0,0
400,0,2,0,0,0,0,0,116525,0,0,0,0,53,12,0,0,0,0,0,0,0,0,0,0,0,0,0,0,0,0,0,0,0,65524,0,249,94,283,138,0,0,0,0,12
400,0,3,0,0,0,0,0,116525,0,0,0,0,47,0,0,0,0,0,0,0,0,0,0,0,0,0,0,0,0,0,0,0,0,0,0,91,45,0,54,0,0,0,0,0
400,0,4,0,0,0,0,0,116525,0,0,0,0,47,0,0,0,0,0,0,0,0,0,0,0,0,0,0,0,0,0,0,0,0,0,0,87,0,45,61,0,0,0,0,0
400,0,5,0,0,0,0,0,116525,0,0,0,0,47,0,0,0,0,0,0,0,0,0,0,0,0,0,0,0,0,0,0,0,0,0,537,148,0,0,109,0,0,0,0,0
400,0,6,0,0,0,0,0,116525,0,0,0,0,47,0,0,0,0,0,0,0,0,0,0,0,0,0,0,0,0,0,0,0,0,0,0,40,98,0,52,0,0,0,0,0
400,0,7,0,0,0,0,0,116525,0,0,0,0,53,0,0,0,0,0,0,0,0,0,0,0,0,0,0,0,0,0,0,0,0,0,0,105,39,0,140,0,0,0,0,0
400,0,8,0,0,0,0,0,116525,0,0,0,0,50,0,0,0,0,0,0,0,0,0,0,0,0,0,0,0,0,0,0,0,0,0,0,52,0,42,107,0,0,0,0,0
400,0,9,0,0,0,0,0,116525,0,0,0,0,47,0,0,0,0,0,0,0,0,0,0,0,0,0,0,0,0,0,0,0,0,0,365,42,0,0,53,0,0,0,0,0
400,0,10,0,0,0,0,0,116525,0,0,0,0,53,0,0,0,0,0,0,0,0,0,0,0,0,0,0,0,0,0,0,0,0,0,0,91,92,0,118,0,0,0,0,0
400,0,11,0,0,0,0,0,116525,0,0,0,0,53,0,0,0,0,0,0,0,0,0,0,0,0,0,0,0,0,0,0,0,0,0,0,39,39,0,94,0,0,0,0,0
400,0,12,0,0,0,0,0,116525,0,0,0,0,47,0,0,0,0,0,0,0,0,0,0,0,0,0,0,0,0,0,0,0,0,0,0,0,0,45,93,0,0,0,0,0
400,0,13,0,0,0,0,0,116525,0,0,0,0,53,0,0,0,0,0,0,0,0,0,0,0,0,0,0,0,0,0,0,0,0,0,178,0,0,0,109,0,0,0,0,0
400,0,14,0,0,0,0,0,116525,0,0,0,0,53,0,0,0,0,0,0,0,0,0,0,0,0,0,0,0,0,0,0,0,0,0,0,0,80,0,60,0,0,0,0,0
400,0,15,0,0,0,0,0,116525,0,0,0,0,41,0,0,0,0,0,0,0,0,0,0,0,0,0,0,0,0,0,0,0,0,0,0,0,39,0,89,0,0,0,0,0
401,0,0,0,0,0,0,0,233010,0,0,10,65540,136,0,0,0,0,0,3693,0,0,0,0,0,0,0,0,10,10,0,0,0,130988,65540,0,294,0,136,284,0,0,0,0,12
401,0,1,0,0,0,0,0,116505,3693,0,0,0,1098,0,0,0,0,0,3693,0,0,0,0,0,0,0,0,0,1,0,0,0,65512,0,0,84,170,167,1819,0,0,12,0,0
401,0,2,0,0,0,0,0,116505,0,0,0,0,54,12,0,0,0,0,0,0,0,0,0,0,0,0,0,0,0,0,0,0,0,65524,0,249,94,282,139,0,0,0,0,12
401,0,3,0,0,0,0,0,116505,0,0,0,0,47,0,0,0,0,0,0,0,0,0,0,0,0,0,0,0,0,0,0,0,0,0,0,92,45,0,54,0,0,0,0,0
401,0,4,0,0,0,0,0,116505,0,0,0,0,47,0,0,0,0,0,0,0,0,0,0,0,0,0,0,0,0,0,0,0,0,0,0,87,0,45,62,0,0,0,0,0
401,0,5,0,0,0,0,0,116505,0,0,0,0,47,0,0,0,0,0,0,0,0,0,0,0,0,0,0,0,0,0,0,0,0,0,537,148,0,0,109,0,0,0,0,0
401,0,6,0,0,0,0,0,116505,0,0,0,0,47,0,0,0,0,0,0,0,0,0,0,0,0,0,0,0,0,0,0,0,0,0,0,40,98,0,52,0,0,0,0,0
401,0,7,0,0,0,0,0,116505,0,0,0,0,53,0,0,0,0,0,0,0,0,0,0,0,0,0,0,0,0,0,0,0,0,0,0,104,39,0,140,0,0,0,0,0
401,0,8,0,0,0,0,0,116505,0,0,0,0,50,0,0,0,0,0,0,0,0,0,0,0,0,0,0,0,0,0,0,0,0,0,0,52,0,42,107,0,0,0,0,0
401,0,9,0,0,0,0,0,116505,0,0,0,0,47,0,0,0,0,0,0,0,0,0,0,0,0,0,0,0,0,0,0,0,0,0,365,42,0,0,53,0,0,0,0,0
401,0,10,0,0,0,0,0,116505,0,0,0,0,53,0,0,0,0,0,0,0,0,0,0,0,0,0,0,0,0,0,0,0,0,0,0,91,92,0,118,0,0,0,0,0
401,0,11,0,0,0,0,0,116505,0,0,0,0,53,0,0,0,0,0,0,0,0,0,0,0,0,0,0,0,0,0,0,0,0,0,0,40,39,0,94,0,0,0,0,0
401,0,12,0,0,0,0,0,116505,0,0,0,0,47,0,0,0,0,0,0,0,0,0,0,0,0,0,0,0,0,0,0,0,0,0,0,0,0,45,93,0,0,0,0,0
401,0,13,0,0,0,0,0,116505,0,0,0,0,53,0,0,0,0,0,0,0,0,0,0,0,0,0,0,0,0,0,0,0,0,0,178,0,0,0,109,0,0,0,0,0
401,0,14,0,0,0,0,0,116505,0,0,0,0,53,0,0,0,0,0,0,0,0,0,0,0,0,0,0,0,0,0,0,0,0,0,0,0,80,0,60,0,0,0,0,0
401,0,15,0,0,0,0,0,116505,0,0,0,0,41,0,0,0,0,0,0,0,0,0,0,0,0,0,0,0,0,0,0,0,0,0,0,0,39,0,88,0,0,0,0,0
402,0,0,0,0,0,0,0,233006,0,0,10,65540,136,0,0,0,0,0,3693,0,0,0,0,0,0,0,0,10,10,0,0,0,130988,65540,0,294,0,136,284,0,0,0,0,12
402,0,1,0,0,0,0,0,116503,3693,0,0,0,1097,0,0,0,0,0,3693,0,0,0,0,0,0,0,0,0,1,0,0,0,65512,0,0,84,170,168,1818,0,0,12,0,0
402,0,2,0,0,0,0,0,116503,0,0,0,0,54,12,0,0,0,0,0,0,0,0,0,0,0,0,0,0,0,0,0,0,0,65524,0,249,94,282,138,0,0,0,0,12
402,0,3,0,0,0,0,0,116503,0,0,0,0,47,0,0,0,0,0,0,0,0,0,0,0,0,0,0,0,0,0,0,0,0,0,0,92,45,0,54,0,0,0,0,0
402,0,4,0,0,0,0,0,116503,0,0,0,0,47,0,0,0,0,0,0,0,0,0,0,0,0,0,0,0,0,0,0,0,0,0,0,87,0,45,61,0,0,0,0,0
402,0,5,0,0,0,0,0,116503,0,0,0,0,47,0,0,0,0,0,0,0,0,0,0,0,0,0,0,0,0,0,0,0,0,0,537,148,0,0,109,0,0,0,0,0
402,0,6,0,0,0,0,0,116503,0,0,0,0,47,0,0,0,0,0,0,0,0,0,0,0,0,0,0,0,0,0,0,0,0,0,0,40,98,0,52,0,0,0,0,0
402,0,7,0,0,0,0,0,116503,0,0,0,0,53,0,0,0,0,0,0,0,0,0,0,0,0,0,0,0,0,0,0,0,0,0,0,104,39,0,140,0,0,0,0,0
402,0,8,0,0,0,0,0,116503,0,0,0,0,50,0,0,0,0,0,0,0,0,0,0,0,0,0,0,0,0,0,0,0,0,0,0,52,0,42,107,0,0,0,0,0
402,0,9,0,0,0,0,0,116503,0,0,0,0,47,0,0,0,0,0,0,0,0,0,0,0,0,0,0,0,0,0,0,0,0,0,365,42,0,0,53,0,0,0,0,0
402,0,10,0,0,0,0,0,116503,0,0,0,0,53,0,0,0,0,0,0,0,0,0,0,0,0,0,0,0,0,0,0,0,0,0,0,91,92,0,118,0,0,0,0,0
402,0,11,0,0,0,0,0,116503,0,0,0,0,53,0,0,0,0,0,0,0,0,0,0,0,0,0,0,0,0,0,0,0,0,0,0,40,39,0,94,0,0,0,0,0
402,0,12,0,0,0,0,0,116503,0,0,0,0,47,0,0,0,0,0,0,0,0,0,0,0,0,0,0,0,0,0,0,0,0,0,0,0,0,45,93,0,0,0,0,0
402,0,13,0,0,0,0,0,116503,0,0,0,0,53,0,0,0,0,0,0,0,0,0,0,0,0,0,0,0,0,0,0,0,0,0,178,0,0,0,109,0,0,0,0,0
402,0,14,0,0,0,0,0,116503,0,0,0,0,53,0,0,0,0,0,0,0,0,0,0,0,0,0,0,0,0,0,0,0,0,0,0,0,80,0,60,0,0,0,0,0
402,0,15,0,0,0,0,0,116503,0,0,0,0,41,0,0,0,0,0,0,0,0,0,0,0,0,0,0,0,0,0,0,0,0,0,0,0,39,0,88,0,0,0,0,0
403,0,0,0,0,0,0,0,363968,0,0,18,131080,136,0,0,0,0,0,3711,0,0,0,0,0,0,0,0,18,18,0,0,0,261924,131080,0,294,0,136,284,0,0,0,0,24
403,0,1,0,0,0,0,0,181984,3711,0,0,0,1104,0,0,0,0,0,3711,0,0,0,0,0,0,0,0,0,9,0,0,0,130994,0,0,84,169,171,1824,0,0,12,0,0
403,0,2,0,0,0,0,0,181984,0,0,0,0,51,12,0,0,0,0,0,0,0,0,0,0,0,0,0,0,0,0,0,0,65505,65524,0,249,101,290,133,0,0,12,0,12
403,0,3,0,0,0,0,0,181984,0,0,0,0,53,12,0,0,0,0,0,0,0,0,0,0,0,0,0,0,0,0,0,0,0,65521,0,93,47,0,63,0,0,0,0,12
403,0,4,0,0,0,0,0,181984,0,0,0,0,47,0,0,0,0,0,0,0,0,0,0,0,0,0,0,0,0,0,0,0,0,0,0,87,0,45,61,0,0,0,0,0
403,0,5,0,0,0,0,0,181984,0,0,0,0,47,0,0,0,0,0,0,0,0,0,0,0,0,0,0,0,0,0,0,0,0,0,537,148,0,0,109,0,0,0,0,0
403,0,6,0,0,0,0,0,181984,0,0,0,0,47,0,0,0,0,0,0,0,0,0,0,0,0,0,0,0,0,0,0,0,0,0,0,40,98,0,52,0,0,0,0,0
403,0,7,0,0,0,0,0,181984,0,0,0,0,53,0,0,0,0,0,0,0,0,0,0,0,0,0,0,0,0,0,0,0,0,0,0,104,39,0,140,0,0,0,0,0
403,0,8,0,0,0,0,0,181984,0,0,0,0,50,0,0,0,0,0,0,0,0,0,0,0,0,0,0,0,0,0,0,0,0,0,0,52,0,42,107,0,0,0,0,0
403,0,9,0,0,0,0,0,181984,0,0,0,0,47,0,0,0,0,0,0,0,0,0,0,0,0,0,0,0,0,0,0,0,0,0,365,42,0,0,53,0,0,0,0,0
403,0,10,0,0,0,0,0,181984,0,0,0,0,53,0,0,0,0,0,0,0,0,0,0,0,0,0,0,0,0,0,0,0,0,0,0,91,92,0,118,0,0,0,0,0
403,0,11,0,0,0,0,0,181984,0,0,0,0,53,0,0,0,0,0,0,0,0,0,0,0,0,0,0,0,0,0,0,0,0,0,0,41,39,0,94,0,0,0,0,0
403,0,12,0,0,0,0,0,181984,0,0,0,0,47,0,0,0,0,0,0,0,0,0,0,0,0,0,0,0,0,0,0,0,0,0,0,0,0,45,93,0,0,0,0,0
403,0,13,0,0,0,0,0,181984,0,0,0,0,53,0,0,0,0,0,0,0,0,0,0,0,0,0,0,0,0,0,0,0,0,0,178,0,0,0,109,0,0,0,0,0
403,0,14,0,0,0,0,0,181984,0,0,0,0,53,0,0,0,0,0,0,0,0,0,0,0,0,0,0,0,0,0,0,0,0,0,0,0,80,0,60,0,0,0,0,0
403,0,15,0,0,0,0,0,181984,0,0,0,0,41,0,0,0,0,0,0,0,0,0,0,0,0,0,0,0,0,0,0,0,0,0,0,0,39,0,88,0,0,0,0,0
404,0,0,0,0,0,0,0,364004,0,0,18,131080,136,0,0,0,0,0,3711,0,0,0,0,0,0,0,0,18,18,0,0,0,261950,131080,0,294,0,136,284,0,0,0,0,24
404,0,1,0,0,0,0,0,182002,3711,0,0,0,1102,0,0,0,0,0,3711,0,0,0,0,0,0,0,0,0,10,0,0,0,131008,0,0,84,170,172,1824,0,0,12,0,0
404,0,2,0,0,0,0,0,182002,0,0,0,0,52,12,0,0,0,0,0,0,0,0,0,0,0,0,0,0,0,0,0,0,65512,65524,0,249,99,289,134,0,0,12,0,12
404,0,3,0,0,0,0,0,182002,0,0,0,0,53,12,0,0,0,0,0,0,0,0,0,0,0,0,0,0,0,0,0,0,0,65525,0,92,48,0,64,0,0,0,0,12
404,0,4,0,0,0,0,0,182002,0,0,0,0,47,0,0,0,0,0,0,0,0,0,0,0,0,0,0,0,0,0,0,0,0,0,0,87,0,45,61,0,0,0,0,0
404,0,5,0,0,0,0,0,182002,0,0,0,0,47,0,0,0,0,0,0,0,0,0,0,0,0,0,0,0,0,0,0,0,0,0,537,148,0,0,109,0,0,0,0,0
404,0,6,0,0,0,0,0,182002,0,0,0,0,47,0,0,0,0,0,0,0,0,0,0,0,0,0,0,0,0,0,0,0,0,0,0,40,98,0,52,0,0,0,0,0
404,0,7,0,0,0,0,0,182002,0,0,0,0,53,0,0,0,0,0,0,0,0,0,0,0,0,0,0,0,0,0,0,0,0,0,0,105,39,0,140,0,0,0,0,0
404,0,8,0,0,0,0,0,182002,0,0,0,0,50,0,0,0,0,0,0,0,0,0,0,0,0,0,0,0,0,0,0,0,0,0,0,52,0,42,107,0,0,0,0,0
404,0,9,0,0,0,0,0,182002,0,0,0,0,47,0,0,0,0,0,0,0,0,0,0,0,0,0,0,0,0,0,0,0,0,0,365,42,0,0,53,0,0,0,0,0
404,0,10,0,0,0,0,0,182002,0,0,0,0,53,0,0,0,0,0,0,0,0,0,0,0,0,0,0,0,0,0,0,0,0,0,0,91,92,0,118,0,0,0,0,0
404,0,11,0,0,0,0,0,182002,0,0,0,0,53,0,0,0,0,0,0,0,0,0,0,0,0,0,0,0,0,0,0,0,0,0,0,40,39,0,94,0,0,0,0,0
404,0,12,0,0,0,0,0,182002,0,0,0,0,47,0,0,0,0,0,0,0,0,0,0,0,0,0,0,0,0,0,0,0,0,0,0,0,0,45,93,0,0,0,0,0
404,0,13,0,0,0,0,0,182002,0,0,0,0,53,0,0,0,0,0,0,0,0,0,0,0,0,0,0,0,0,0,0,0,0,0,178,0,0,0,109,0,0,0,0,0
404,0,14,0,0,0,0,0,182002,0,0,0,0,53,0,0,0,0,0,0,0,0,0,0,0,0,0,0,0,0,0,0,0,0,0,0,0,80,0,60,0,0,0,0,0
404,0,15,0,0,0,0,0,182002,0,0,0,0,41,0,0,0,0,0,0,0,0,0,0,0,0,0,0,0,0,0,0,0,0,0,0,0,39,0,89,0,0,0,0,0
405,0,0,0,0,0,0,0,363946,0,0,18,131080,136,0,0,0,0,0,3708,0,0,0,0,0,0,0,0,18,18,0,0,0,261948,131080,0,294,0,136,284,0,0,0,0,24
405,0,1,0,0,0,0,0,181973,3708,0,0,0,1102,0,0,0,0,0,3708,0,0,0,0,0,0,0,0,0,9,0,0,0,131007,0,0,84,171,171,1823,0,0,12,0,0
405,0,2,0,0,0,0,0,181973,0,0,0,0,50,12,0,0,0,0,0,0,0,0,0,0,0,0,0,0,0,0,0,0,65512,65524,0,249,100,292,131,0,0,12,0,12
405,0,3,0,0,0,0,0,181973,0,0,0,0,52,12,0,0,0,0,0,0,0,0,0,0,0,0,0,0,0,0,0,0,0,65524,0,92,48,0,61,0,0,0,0,12
405,0,4,0,0,0,0,0,181973,0,0,0,0,47,0,0,0,0,0,0,0,0,0,0,0,0,0,0,0,0,0,0,0,0,0,0,87,0,45,62,0,0,0,0,0
405,0,5,0,0,0,0,0,181973,0,0,0,0,47,0,0,0,0,0,0,0,0,0,0,0,0,0,0,0,0,0,0,0,0,0,537,148,0,0,109,0,0,0,0,0
405,0,6,0,0,0,0,0,181973,0,0,0,0,47,0,0,0,0,0,0,0,0,0,0,0,0,0,0,0,0,0,0,0,0,0,0,40,98,0,52,0,0,0,0,0
405,0,7,0,0,0,0,0,181973,0,0,0,0,53,0,0,0,0,0,0,0,0,0,0,0,0,0,0,0,0,0,0,0,0,0,0,105,39,0,140,0,0,0,0,0
405,0,8,0,0,0,0,0,181973,0,0,0,0,50,0,0,0,0,0,0,0,0,0,0,0,0,0,0,0,0,0,0,0,0,0,0,52,0,42,107,0,0,0,0,0
405,0,9,0,0,0,0,0,181973,0,0,0,0,47,0,0,0,0,0,0,0,0,0,0,0,0,0,0,0,0,0,0,0,0,0,365,42,0,0,53,0,0,0,0,0
405,0,10,0,0,0,0,0,181973,0,0,0,0,53,0,0,0,0,0,0,0,0,0,0,0,0,0,0,0,0,0,0,0,0,0,0,91,92,0,118,0,0,0,0,0
405,0,11,0,0,0,0,0,181973,0,0,0,0,53,0,0,0,0,0,0,0,0,0,0,0,0,0,0,0,0,0,0,0,0,0,0,40,39,0,94,0,0,0,0,0
405,0,12,0,0,0,0,0,181973,0,0,0,0,47,0,0,0,0,0,0,0,0,0,0,0,0,0,0,0,0,0,0,0,0,0,0,0,0,45,93,0,0,0,0,0
405,0,13,0,0,0,0,0,181973,0,0,0,0,53,0,0,0,0,0,0,0,0,0,0,0,0,0,0,0,0,0,0,0,0,0,178,0,0,0,109,0,0,0,0,0
405,0,14,0,0,0,0,0,181973,0,0,0,0,53,0,0,0,0,0,0,0,0,0,0,0,0,0,0,0,0,0,0,0,0,0,0,0,80,0,60,0,0,0,0,0
405,0,15,0,0,0,0,0,181973,0,0,0,0,41,0,0,0,0,0,0,0,0,0,0,0,0,0,0,0,0,0,0,0,0,0,0,0,39,0,89,0,0,0,0,0
406,0,0,0,0,0,0,0,626306,0,0,36,262160,136,0,0,0,0,0,3747,0,0,0,0,0,0,0,0,36,36,0,131019,0,392932,262160,0,305,0,136,284,0,0,0,0,48
406,0,1,0,0,0,0,0,313153,3747,0,0,0,1112,0,0,0,0,0,3747,0,0,0,0,0,0,0,0,0,20,0,65512,0,131006,0,0,89,174,173,1839,0,0,12,0,0
406,0,2,0,0,0,0,0,313153,0,0,0,0,50,12,0,0,0,0,0,0,0,0,0,0,0,0,0,0,0,0,0,0,65506,65525,0,249,99,288,130,0,0,12,0,12
406,0,3,0,0,0,0,0,313153,0,0,0,0,53,12,0,0,0,0,0,0,0,0,0,0,0,0,0,0,0,0,0,0,0,65527,0,92,48,0,65,0,0,0,0,12
406,0,4,0,0,0,0,0,313153,0,0,0,0,54,12,0,0,0,0,0,0,0,0,0,0,0,0,0,0,0,0,0,0,0,65524,0,87,0,47,73,12,0,0,0,12
406,0,5,0,0,0,0,0,313153,0,0,0,0,53,12,0,0,0,0,0,0,0,0,0,0,0,0,0,0,0,0,0,0,0,65524,546,148,0,1,121,0,0,0,0,12
406,0,6,0,0,0,0,0,313153,0,0,0,0,47,0,0,0,0,0,0,0,0,0,0,0,0,0,0,0,0,0,0,0,0,0,0,40,98,1,52,0,0,0,0,0
406,0,7,0,0,0,0,0,313153,0,0,0,0,53,0,0,0,0,0,0,0,0,0,0,0,0,0,0,0,0,0,0,0,0,0,0,106,39,0,140,0,0,0,0,0
406,0,8,0,0,0,0,0,313153,0,0,0,0,50,0,0,0,0,0,0,0,0,0,0,0,0,0,0,0,0,0,0,0,0,0,0,52,0,42,107,0,0,0,0,0
406,0,9,0,0,0,0,0,313153,0,0,0,0,47,0,0,0,0,0,0,0,0,0,0,0,0,0,0,0,0,0,0,0,0,0,365,42,0,0,53,0,0,0,0,0
406,0,10,0,0,0,0,0,313153,0,0,0,0,53,0,0,0,0,0,0,0,0,0,0,0,0,0,0,0,0,0,0,0,0,0,0,91,92,0,118,0,0,0,0,0
406,0,11,0,0,0,0,0,313153,0,0,0,0,53,0,0,0,0,0,0,0,0,0,0,0,0,0,0,0,0,0,0,0,0,0,0,41,39,0,94,0,0,0,0,0
406,0,12,0,0,0,0,0,313153,0,0,0,0,47,0,0,0,0,0,0,0,0,0,0,0,0,0,0,0,0,0,0,0,0,0,0,0,0,45,93,0,0,0,0,0
406,0,13,0,0,0,0,0,313153,0,0,0,0,53,0,0,0,0,0,0,0,0,0,0,0,0,0,0,0,0,0,0,0,0,0,178,0,0,0,109,0,0,0,0,0
406,0,14,0,0,0,0,0,313153,0,0,0,0,53,0,0,0,0,0,0,0,0,0,0,0,0,0,0,0,0,0,0,0,0,0,0,0,80,0,60,0,0,0,0,0
406,0,15,0,0,0,0,0,313153,0,0,0,0,41,0,0,0,0,0,0,0,0,0,0,0,0,0,0,0,0,0,0,0,0,0,0,0,39,0,90,0,0,0,0,0
407,0,0,0,0,0,0,0,626333,0,0,36,262160,136,0,0,0,0,0,3750,0,0,0,0,0,0,0,0,36,36,0,131020,0,392932,262160,0,305,0,136,284,0,0,0,0,48
407,0,1,0,0,0,0,0,313167,3750,0,0,0,1113,0,0,0,0,0,3750,0,0,0,0,0,0,0,0,0,17,0,65512,0,131006,0,0,88,174,173,1842,0,0,12,0,0
407,0,2,0,0,0,0,0,313167,0,0,0,0,50,12,0,0,0,0,0,0,0,0,0,0,0,0,0,0,0,0,0,0,65506,65525,0,249,98,288,130,0,0,12,0,12
407,0,3,0,0,0,0,0,313167,0,0,0,0,51,12,0,0,0,0,0,0,0,0,0,0,0,0,0,0,0,0,0,0,0,65527,0,93,49,0,63,0,0,0,0,12
407,0,4,0,0,0,0,0,313167,0,0,0,0,53,12,0,0,0,0,0,0,0,0,0,0,0,0,0,0,0,0,0,0,0,65524,0,87,0,48,71,12,0,0,0,12
407,0,5,0,0,0,0,0,313167,0,0,0,0,53,12,0,0,0,0,0,0,0,0,0,0,0,0,0,0,0,0,0,0,0,65524,545,148,0,1,122,0,0,0,0,12
407,0,6,0,0,0,0,0,313167,0,0,0,0,47,0,0,0,0,0,0,0,0,0,0,0,0,0,0,0,0,0,0,0,0,0,0,40,98,1,52,0,0,0,0,0
407,0,7,0,0,0,0,0,313167,0,0,0,0,53,0,0,0,0,0,0,0,0,0,0,0,0,0,0,0,0,0,0,0,0,0,0,105,39,0,140,0,0,0,0,0
407,0,8,0,0,0,0,0,313167,0,0,0,0,50,0,0,0,0,0,0,0,0,0,0,0,0,0,0,0,0,0,0,0,0,0,0,52,0,42,107,0,0,0,0,0
407,0,9,0,0,0,0,0,313167,0,0,0,0,47,0,0,0,0,0,0,0,0,0,0,0,0,0,0,0,0,0,0,0,0,0,365,42,0,0,53,0,0,0,0,0
407,0,10,0,0,0,0,0,313167,0,0,0,0,53,0,0,0,0,0,0,0,0,0,0,0,0,0,0,0,0,0,0,0,0,0,0,91,92,0,118,0,0,0,0,0
407,0,11,0,0,0,0,0,313167,0,0,0,0,53,0,0,0,0,0,0,0,0,0,0,0,0,0,0,0,0,0,0,0,0,0,0,42,39,0,94,0,0,0,0,0
407,0,12,0,0,0,0,0,313167,0,0,0,0,47,0,0,0,0,0,0,0,0,0,0,0,0,0,0,0,0,0,0,0,0,0,0,0,0,45,93,0,0,0,0,0
407,0,13,0,0,0,0,0,313167,0,0,0,0,53,0,0,0,0,0,0,0,0,0,0,0,0,0,0,0,0,0,0,0,0,0,178,0,0,0,109,0,0,0,0,0
407,0,14,0,0,0,0,0,313167,0,0,0,0,53,0,0,0,0,0,0,0,0,0,0,0,0,0,0,0,0,0,0,0,0,0,0,0,80,0,60,0,0,0,0,0
407,0,15,0,0,0,0,0,313167,0,0,0,0,41,0,0,0,0,0,0,0,0,0,0,0,0,0,0,0,0,0,0,0,0,0,0,0,39,0,89,0,0,0,0,0
408,0,0,0,0,0,0,0,626364,0,0,36,262160,136,0,0,0,0,0,3750,0,0,0,0,0,0,0,0,36,36,0,131020,0,392909,262160,0,305,0,136,284,0,0,0,0,48
408,0,1,0,0,0,0,0,313182,3750,0,0,0,1115,0,0,0,0,0,3750,0,0,0,0,0,0,0,0,0,16,0,65511,0,130999,0,0,87,175,171,1843,0,0,12,0,0
408,0,2,0,0,0,0,0,313182,0,0,0,0,49,12,0,0,0,0,0,0,0,0,0,0,0,0,0,0,0,0,0,0,65506,65522,0,249,100,291,129,0,0,12,0,12
408,0,3,0,0,0,0,0,313182,0,0,0,0,54,12,0,0,0,0,0,0,0,0,0,0,0,0,0,0,0,0,0,0,0,65527,0,91,47,0,64,0,0,0,0,12
408,0,4,0,0,0,0,0,313182,0,0,0,0,53,12,0,0,0,0,0,0,0,0,0,0,0,0,0,0,0,0,0,0,0,65524,0,87,0,48,72,12,0,0,0,12
408,0,5,0,0,0,0,0,313182,0,0,0,0,53,12,0,0,0,0,0,0,0,0,0,0,0,0,0,0,0,0,0,0,0,65524,544,148,0,2,123,0,0,0,0,12
408,0,6,0,0,0,0,0,313182,0,0,0,0,47,0,0,0,0,0,0,0,0,0,0,0,0,0,0,0,0,0,0,0,0,0,0,40,98,0,52,0,0,0,0,0
408,0,7,0,0,0,0,0,313182,0,0,0,0,53,0,0,0,0,0,0,0,0,0,0,0,0,0,0,0,0,0,0,0,0,0,0,108,39,0,140,0,0,0,0,0
408,0,8,0,0,0,0,0,313182,0,0,0,0,50,0,0,0,0,0,0,0,0,0,0,0,0,0,0,0,0,0,0,0,0,0,0,52,0,42,107,0,0,0,0,0
408,0,9,0,0,0,0,0,313182,0,0,0,0,47,0,0,0,0,0,0,0,0,0,0,0,0,0,0,0,0,0,0,0,0,0,365,42,0,0,53,0,0,0,0,0
408,0,10,0,0,0,0,0,313182,0,0,0,0,53,0,0,0,0,0,0,0,0,0,0,0,0,0,0,0,0,0,0,0,0,0,0,91,92,0,118,0,0,0,0,0
408,0,11,0,0,0,0,0,313182,0,0,0,0,53,0,0,0,0,0,0,0,0,0,0,0,0,0,0,0,0,0,0,0,0,0,0,39,39,0,94,0,0,0,0,0
408,0,12,0,0,0,0,0,313182,0,0,0,0,47,0,0,0,0,0,0,0,0,0,0,0,0,0,0,0,0,0,0,0,0,0,0,0,0,45,93,0,0,0,0,0
408,0,13,0,0,0,0,0,313182,0,0,0,0,53,0,0,0,0,0,0,0,0,0,0,0,0,0,0,0,0,0,0,0,0,0,178,0,0,0,109,0,0,0,0,0
408,0,14,0,0,0,0,0,313182,0,0,0,0,53,0,0,0,0,0,0,0,0,0,0,0,0,0,0,0,0,0,0,0,0,0,0,0,80,0,60,0,0,0,0,0
408,0,15,0,0,0,0,0,313182,0,0,0,0,41,0,0,0,0,0,0,0,0,0,0,0,0,0,0,0,0,0,0,0,0,0,0,0,39,0,92,0,0,0,0,0
409,0,0,0,0,0,0,0,888723,0,0,54,393240,136,0,0,0,0,0,3789,0,0,0,0,0,0,0,0,54,54,0,131017,0,654811,393240,0,305,0,136,284,0,0,0,0,72
409,0,1,0,0,0,0,0,444362,3789,0,0,0,1130,0,0,0,0,0,3789,0,0,0,0,0,0,0,0,0,26,0,65503,0,261983,0,0,88,174,176,1863,0,0,12,0,0
409,0,2,0,0,0,0,0,444362,0,0,0,0,50,12,0,0,0,0,0,0,0,0,0,0,0,0,0,0,0,0,65512,0,131007,65525,0,256,97,298,130,0,0,12,0,12
409,0,3,0,0,0,0,0,444362,0,0,0,0,50,12,0,0,0,0,0,0,0,0,0,0,0,0,0,0,0,0,65508,0,0,65527,0,94,48,0,60,0,0,0,0,12
409,0,4,0,0,0,0,0,444362,0,0,0,0,53,12,0,0,0,0,0,0,0,0,0,0,0,0,0,0,0,0,0,0,0,65527,0,87,0,48,72,24,0,0,0,12
409,0,5,0,0,0,0,0,444362,0,0,0,0,52,12,0,0,0,0,0,0,0,0,0,0,0,0,0,0,0,0,0,0,0,65522,556,148,0,1,121,0,0,12,0,12
409,0,6,0,0,0,0,0,444362,0,0,0,0,54,12,0,0,0,0,0,0,0,0,0,0,0,0,0,0,0,0,0,0,0,65524,0,40,104,1,63,0,0,12,0,12
409,0,7,0,0,0,0,0,444362,0,0,0,0,58,12,0,0,0,0,0,0,0,0,0,0,0,0,0,0,0,0,0,0,0,65523,0,106,43,0,155,0,0,0,0,12
409,0,8,0,0,0,0,0,444362,0,0,0,0,50,0,0,0,0,0,0,0,0,0,0,0,0,0,0,0,0,0,0,0,0,0,0,52,0,42,107,0,0,0,0,0
409,0,9,0,0,0,0,0,444362,0,0,0,0,47,0,0,0,0,0,0,0,0,0,0,0,0,0,0,0,0,0,0,0,0,0,365,42,0,0,53,0,0,0,0,0
409,0,10,0,0,0,0,0,444362,0,0,0,0,53,0,0,0,0,0,0,0,0,0,0,0,0,0,0,0,0,0,0,0,0,0,0,91,92,0,118,0,0,0,0,0
409,0,11,0,0,0,0,0,444362,0,0,0,0,53,0,0,0,0,0,0,0,0,0,0,0,0,0,0,0,0,0,0,0,0,0,0,43,39,0,94,0,0,0,0,0
409,0,12,0,0,0,0,0,444362,0,0,0,0,47,0,0,0,0,0,0,0,0,0,0,0,0,0,0,0,0,0,0,0,0,0,0,0,0,45,93,0,0,0,0,0
409,0,13,0,0,0,0,0,444362,0,0,0,0,53,0,0,0,0,0,0,0,0,0,0,0,0,0,0,0,0,0,0,0,0,0,178,0,0,0,109,0,0,0,0,0
409,0,14,0,0,0,0,0,444362,0,0,0,0,53,0,0,0,0,0,0,0,0,0,0,0,0,0,0,0,0,0,0,0,0,0,0,0,80,0,60,0,0,0,0,0
409,0,15,0,0,0,0,0,444362,0,0,0,0,41,0,0,0,0,0,0,0,0,0,0,0,0,0,0,0,0,0,0,0,0,0,0,0,39,0,90,0,0,0,0,0
410,0,0,0,0,0,0,0,888717,0,0,54,393240,136,0,0,0,0,0,3789,0,0,0,0,0,0,0,0,54,54,0,131019,0,654830,393240,0,305,0,136,284,0,0,0,0,72
410,0,1,0,0,0,0,0,444359,3789,0,0,0,1136,0,0,0,0,0,3789,0,0,0,0,0,0,0,0,0,26,0,65510,0,261983,0,0,87,173,172,1872,0,0,12,0,0
410,0,2,0,0,0,0,0,444359,0,0,0,0,51,12,0,0,0,0,0,0,0,0,0,0,0,0,0,0,0,0,65511,0,131008,65525,0,259,97,297,133,0,0,12,0,12
410,0,3,0,0,0,0,0,444359,0,0,0,0,52,12,0,0,0,0,0,0,0,0,0,0,0,0,0,0,0,0,65508,0,0,65527,0,93,47,0,63,0,0,0,0,12
410,0,4,0,0,0,0,0,444359,0,0,0,0,51,12,0,0,0,0,0,0,0,0,0,0,0,0,0,0,0,0,0,0,0,65527,0,87,0,50,70,24,0,0,0,12
410,0,5,0,0,0,0,0,444359,0,0,0,0,52,12,0,0,0,0,0,0,0,0,0,0,0,0,0,0,0,0,0,0,0,65525,553,148,0,1,122,0,0,12,0,12
410,0,6,0,0,0,0,0,444359,0,0,0,0,54,12,0,0,0,0,0,0,0,0,0,0,0,0,0,0,0,0,0,0,0,65524,0,40,105,2,60,0,0,12,0,12
410,0,7,0,0,0,0,0,444359,0,0,0,0,60,12,0,0,0,0,0,0,0,0,0,0,0,0,0,0,0,0,0,0,0,65524,0,106,41,0,157,0,0,0,0,12
410,0,8,0,0,0,0,0,444359,0,0,0,0,50,0,0,0,0,0,0,0,0,0,0,0,0,0,0,0,0,0,0,0,0,0,0,52,0,42,107,0,0,0,0,0
410,0,9,0,0,0,0,0,444359,0,0,0,0,47,0,0,0,0,0,0,0,0,0,0,0,0,0,0,0,0,0,0,0,0,0,365,42,0,0,53,0,0,0,0,0
410,0,10,0,0,0,0,0,444359,0,0,0,0,53,0,0,0,0,0,0,0,0,0,0,0,0,0,0,0,0,0,0,0,0,0,0,91,92,0,118,0,0,0,0,0
410,0,11,0,0,0,0,0,444359,0,0,0,0,53,0,0,0,0,0,0,0,0,0,0,0,0,0,0,0,0,0,0,0,0,0,0,43,39,0,94,0,0,0,0,0
410,0,12,0,0,0,0,0,444359,0,0,0,0,47,0,0,0,0,0,0,0,0,0,0,0,0,0,0,0,0,0,0,0,0,0,0,0,0,45,93,0,0,0,0,0
410,0,13,0,0,0,0,0,444359,0,0,0,0,53,0,0,0,0,0,0,0,0,0,0,0,0,0,0,0,0,0,0,0,0,0,178,0,0,0,109,0,0,0,0,0
410,0,14,0,0,0,0,0,444359,0,0,0,0,53,0,0,0,0,0,0,0,0,0,0,0,0,0,0,0,0,0,0,0,0,0,0,0,80,0,60,0,0,0,0,0
410,0,15,0,0,0,0,0,444359,0,0,0,0,41,0,0,0,0,0,0,0,0,0,0,0,0,0,0,0,0,0,0,0,0,0,0,0,39,0,90,0,0,0,0,0
411,0,0,0,0,0,0,0,888662,0,0,54,393240,136,0,0,0,0,0,3789,0,0,0,0,0,0,0,0,54,54,0,131017,0,654831,393240,0,305,0,136,284,0,0,0,0,72
411,0,1,0,0,0,0,0,444331,3789,0,0,0,1131,0,0,0,0,0,3789,0,0,0,0,0,0,0,0,0,26,0,65510,0,261984,0,0,88,176,173,1867,0,0,12,0,0
411,0,2,0,0,0,0,0,444331,0,0,0,0,51,12,0,0,0,0,0,0,0,0,0,0,0,0,0,0,0,0,65512,0,131008,65525,0,259,96,297,132,0,0,12,0,12
411,0,3,0,0,0,0,0,444331,0,0,0,0,51,12,0,0,0,0,0,0,0,0,0,0,0,0,0,0,0,0,65508,0,0,65527,0,95,48,0,61,0,0,0,0,12
411,0,4,0,0,0,0,0,444331,0,0,0,0,52,12,0,0,0,0,0,0,0,0,0,0,0,0,0,0,0,0,0,0,0,65527,0,87,0,49,72,24,0,0,0,12
411,0,5,0,0,0,0,0,444331,0,0,0,0,53,12,0,0,0,0,0,0,0,0,0,0,0,0,0,0,0,0,0,0,0,65525,554,148,0,0,122,0,0,12,0,12
411,0,6,0,0,0,0,0,444331,0,0,0,0,54,12,0,0,0,0,0,0,0,0,0,0,0,0,0,0,0,0,0,0,0,65524,0,40,105,2,60,0,0,12,0,12
411,0,7,0,0,0,0,0,444331,0,0,0,0,59,12,0,0,0,0,0,0,0,0,0,0,0,0,0,0,0,0,0,0,0,65524,0,105,42,0,155,0,0,0,0,12
411,0,8,0,0,0,0,0,444331,0,0,0,0,50,0,0,0,0,0,0,0,0,0,0,0,0,0,0,0,0,0,0,0,0,0,0,52,0,42,107,0,0,0,0,0
411,0,9,0,0,0,0,0,444331,0,0,0,0,47,0,0,0,0,0,0,0,0,0,0,0,0,0,0,0,0,0,0,0,0,0,365,42,0,0,53,0,0,0,0,0
411,0,10,0,0,0,0,0,444331,0,0,0,0,53,0,0,0,0,0,0,0,0,0,0,0,0,0,0,0,0,0,0,0,0,0,0,91,92,0,118,0,0,0,0,0
411,0,11,0,0,0,0,0,444331,0,0,0,0,53,0,0,0,0,0,0,0,0,0,0,0,0,0,0,0,0,0,0,0,0,0,0,44,39,0,94,0,0,0,0,0
411,0,12,0,0,0,0,0,444331,0,0,0,0,47,0,0,0,0,0,0,0,0,0,0,0,0,0,0,0,0,0,0,0,0,0,0,0,0,45,93,0,0,0,0,0
411,0,13,0,0,0,0,0,444331,0,0,0,0,53,0,0,0,0,0,0,0,0,0,0,0,0,0,0,0,0,0,0,0,0,0,178,0,0,0,109,0,0,0,0,0
411,0,14,0,0,0,0,0,444331,0,0,0,0,53,0,0,0,0,0,0,0,0,0,0,0,0,0,0,0,0,0,0,0,0,0,0,0,80,0,60,0,0,0,0,0
411,0,15,0,0,0,0,0,444331,0,0,0,0,41,0,0,0,0,0,0,0,0,0,0,0,0,0,0,0,0,0,0,0,0,0,0,0,39,0,89,0,0,0,0,0
412,0,0,0,0,0,0,0,1150891,0,0,70,524320,136,0,0,0,0,0,3825,0,0,0,0,0,0,0,0,70,70,0,261999,0,785771,524320,0,314,0,136,284,0,0,0,0,96
412,0,1,0,0,0,0,0,575445,3825,0,0,0,1145,0,0,0,0,0,3825,0,0,0,0,0,0,0,0,0,34,0,131001,0,261981,0,0,90,177,174,1885,0,0,12,0,0
412,0,2,0,0,0,0,0,575445,0,0,0,0,49,12,0,0,0,0,0,0,0,0,0,0,0,0,0,0,0,0,65506,0,131008,65521,0,257,96,297,128,0,0,12,0,12
412,0,3,0,0,0,0,0,575445,0,0,0,0,51,12,0,0,0,0,0,0,0,0,0,0,0,0,0,0,0,0,65508,0,0,65527,0,95,48,0,60,0,0,0,0,12
412,0,4,0,0,0,0,0,575445,0,0,0,0,52,12,0,0,0,0,0,0,0,0,0,0,0,0,0,0,0,0,65506,0,0,65527,0,90,0,47,70,36,0,0,0,12
412,0,5,0,0,0,0,0,575445,0,0,0,0,52,12,0,0,0,0,0,0,0,0,0,0,0,0,0,0,0,0,65512,0,0,65527,562,157,0,1,121,0,0,12,0,12
412,0,6,0,0,0,0,0,575445,0,0,0,0,53,12,0,0,0,0,0,0,0,0,0,0,0,0,0,0,0,0,0,0,0,65527,0,40,105,1,61,0,0,12,0,12
412,0,7,0,0,0,0,0,575445,0,0,0,0,57,12,0,0,0,0,0,0,0,0,0,0,0,0,0,0,0,0,0,0,0,65524,0,108,43,0,152,0,0,0,0,12
412,0,8,0,0,0,0,0,575445,0,0,0,0,56,12,0,0,0,0,0,0,0,0,0,0,0,0,0,0,0,0,0,0,0,65524,0,52,0,45,121,12,0,0,0,12
412,0,9,0,0,0,0,0,575445,0,0,0,0,53,12,0,0,0,0,0,0,0,0,0,0,0,0,0,0,0,0,0,0,0,65524,373,42,0,1,61,0,0,0,0,12
412,0,10,0,0,0,0,0,575445,0,0,0,0,53,0,0,0,0,0,0,0,0,0,0,0,0,0,0,0,0,0,0,0,0,0,0,91,92,1,118,0,0,0,0,0
412,0,11,0,0,0,0,0,575445,0,0,0,0,53,0,0,0,0,0,0,0,0,0,0,0,0,0,0,0,0,0,0,0,0,0,0,42,39,0,94,0,0,0,0,0
412,0,12,0,0,0,0,0,575445,0,0,0,0,47,0,0,0,0,0,0,0,0,0,0,0,0,0,0,0,0,0,0,0,0,0,0,0,0,45,93,0,0,0,0,0
412,0,13,0,0,0,0,0,575445,0,0,0,0,53,0,0,0,0,0,0,0,0,0,0,0,0,0,0,0,0,0,0,0,0,0,178,0,0,0,109,0,0,0,0,0
412,0,14,0,0,0,0,0,575445,0,0,0,0,53,0,0,0,0,0,0,0,0,0,0,0,0,0,0,0,0,0,0,0,0,0,0,0,80,0,60,0,0,0,0,0
412,0,15,0,0,0,0,0,575445,0,0,0,0,41,0,0,0,0,0,0,0,0,0,0,0,0,0,0,0,0,0,0,0,0,0,0,0,39,0,93,0,0,0,0,0
413,0,0,0,0,0,0,0,1150864,0,0,70,524320,136,0,0,0,0,0,3825,0,0,0,0,0,0,0,0,70,70,0,261999,0,785772,524320,0,314,0,136,284,0,0,0,0,96
413,0,1,0,0,0,0,0,575432,3825,0,0,0,1144,0,0,0,0,0,3825,0,0,0,0,0,0,0,0,0,33,0,131001,0,261979,0,0,90,178,174,1883,0,0,12,0,0
413,0,2,0,0,0,0,0,575432,0,0,0,0,49,12,0,0,0,0,0,0,0,0,0,0,0,0,0,0,0,0,65508,0,131005,65525,0,258,97,297,128,0,0,12,0,12
413,0,3,0,0,0,0,0,575432,0,0,0,0,51,12,0,0,0,0,0,0,0,0,0,0,0,0,0,0,0,0,65508,0,0,65526,0,96,47,0,60,0,0,0,0,12
413,0,4,0,0,0,0,0,575432,0,0,0,0,52,12,0,0,0,0,0,0,0,0,0,0,0,0,0,0,0,0,65506,0,0,65527,0,91,0,47,70,36,0,0,0,12
413,0,5,0,0,0,0,0,575432,0,0,0,0,53,12,0,0,0,0,0,0,0,0,0,0,0,0,0,0,0,0,65512,0,0,65527,562,156,0,0,123,0,0,12,0,12
413,0,6,0,0,0,0,0,575432,0,0,0,0,51,12,0,0,0,0,0,0,0,0,0,0,0,0,0,0,0,0,0,0,0,65526,0,40,107,3,58,0,0,12,0,12
413,0,7,0,0,0,0,0,575432,0,0,0,0,59,12,0,0,0,0,0,0,0,0,0,0,0,0,0,0,0,0,0,0,0,65524,0,104,42,0,154,0,0,0,0,12
413,0,8,0,0,0,0,0,575432,0,0,0,0,55,12,0,0,0,0,0,0,0,0,0,0,0,0,0,0,0,0,0,0,0,65524,0,52,0,46,119,12,0,0,0,12
413,0,9,0,0,0,0,0,575432,0,0,0,0,53,12,0,0,0,0,0,0,0,0,0,0,0,0,0,0,0,0,0,0,0,65524,371,42,0,2,62,0,0,0,0,12
413,0,10,0,0,0,0,0,575432,0,0,0,0,53,0,0,0,0,0,0,0,0,0,0,0,0,0,0,0,0,0,0,0,0,0,0,91,92,0,118,0,0,0,0,0
413,0,11,0,0,0,0,0,575432,0,0,0,0,53,0,0,0,0,0,0,0,0,0,0,0,0,0,0,0,0,0,0,0,0,0,0,47,39,0,94,0,0,0,0,0
413,0,12,0,0,0,0,0,575432,0,0,0,0,47,0,0,0,0,0,0,0,0,0,0,0,0,0,0,0,0,0,0,0,0,0,0,0,0,45,93,0,0,0,0,0
413,0,13,0,0,0,0,0,575432,0,0,0,0,53,0,0,0,0,0,0,0,0,0,0,0,0,0,0,0,0,0,0,0,0,0,178,0,0,0,109,0,0,0,0,0
413,0,14,0,0,0,0,0,575432,0,0,0,0,53,0,0,0,0,0,0,0,0,0,0,0,0,0,0,0,0,0,0,0,0,0,0,0,80,0,60,0,0,0,0,0
413,0,15,0,0,0,0,0,575432,0,0,0,0,41,0,0,0,0,0,0,0,0,0,0,0,0,0,0,0,0,0,0,0,0,0,0,0,39,0,88,0,0,0,0,0
414,0,0,0,0,0,0,0,1150796,0,0,70,524320,136,0,0,0,0,0,3822,0,0,0,0,0,0,0,0,70,70,0,261986,0,785743,524320,0,314,0,136,284,0,0,0,0,96
414,0,1,0,0,0,0,0,575398,3822,0,0,0,1147,0,0,0,0,0,3822,0,0,0,0,0,0,0,0,0,32,0,130988,0,261986,0,0,89,175,175,1888,0,0,12,0,0
414,0,2,0,0,0,0,0,575398,0,0,0,0,50,12,0,0,0,0,0,0,0,0,0,0,0,0,0,0,0,0,65506,0,131008,65525,0,257,97,296,129,0,0,12,0,12
414,0,3,0,0,0,0,0,575398,0,0,0,0,52,12,0,0,0,0,0,0,0,0,0,0,0,0,0,0,0,0,65508,0,0,65527,0,96,46,0,62,0,0,0,0,12
414,0,4,0,0,0,0,0,575398,0,0,0,0,52,12,0,0,0,0,0,0,0,0,0,0,0,0,0,0,0,0,65507,0,0,65524,0,89,0,47,70,36,0,0,0,12
414,0,5,0,0,0,0,0,575398,0,0,0,0,51,12,0,0,0,0,0,0,0,0,0,0,0,0,0,0,0,0,65512,0,0,65523,560,156,0,2,122,0,0,12,0,12
414,0,6,0,0,0,0,0,575398,0,0,0,0,54,12,0,0,0,0,0,0,0,0,0,0,0,0,0,0,0,0,0,0,0,65527,0,40,106,0,62,0,0,12,0,12
414,0,7,0,0,0,0,0,575398,0,0,0,0,59,12,0,0,0,0,0,0,0,0,0,0,0,0,0,0,0,0,0,0,0,65524,0,108,41,0,154,0,0,0,0,12
414,0,8,0,0,0,0,0,575398,0,0,0,0,55,12,0,0,0,0,0,0,0,0,0,0,0,0,0,0,0,0,0,0,0,65523,0,52,0,46,121,12,0,0,0,12
414,0,9,0,0,0,0,0,575398,0,0,0,0,52,12,0,0,0,0,0,0,0,0,0,0,0,0,0,0,0,0,0,0,0,65524,374,42,0,0,61,0,0,0,0,12
414,0,10,0,0,0,0,0,575398,0,0,0,0,53,0,0,0,0,0,0,0,0,0,0,0,0,0,0,0,0,0,0,0,0,0,0,91,92,2,118,0,0,0,0,0
414,0,11,0,0,0,0,0,575398,0,0,0,0,53,0,0,0,0,0,0,0,0,0,0,0,0,0,0,0,0,0,0,0,0,0,0,41,39,0,94,0,0,0,0,0
414,0,12,0,0,0,0,0,575398,0,0,0,0,47,0,0,0,0,0,0,0,0,0,0,0,0,0,0,0,0,0,0,0,0,0,0,0,0,45,93,0,0,0,0,0
414,0,13,0,0,0,0,0,575398,0,0,0,0,53,0,0,0,0,0,0,0,0,0,0,0,0,0,0,0,0,0,0,0,0,0,178,0,0,0,109,0,0,0,0,0
414,0,14,0,0,0,0,0,575398,0,0,0,0,53,0,0,0,0,0,0,0,0,0,0,0,0,0,0,0,0,0,0,0,0,0,0,0,80,0,60,0,0,0,0,0
414,0,15,0,0,0,0,0,575398,0,0,0,0,41,0,0,0,0,0,0,0,0,0,0,0,0,0,0,0,0,0,0,0,0,0,0,0,39,0,94,0,0,0,0,0
415,0,0,0,0,0,0,0,1413096,0,0,88,655400,136,0,0,0,0,0,3864,0,0,0,0,0,0,0,0,88,88,0,261999,0,1047616,655400,0,314,0,136,284,0,0,0,0,120
415,0,1,0,0,0,0,0,706548,3864,0,0,0,1163,0,0,0,0,0,3864,0,0,0,0,0,0,0,0,0,40,0,131001,0,392937,0,0,87,175,181,1911,0,0,12,0,0
415,0,2,0,0,0,0,0,706548,0,0,0,0,50,12,0,0,0,0,0,0,0,0,0,0,0,0,0,0,0,0,131010,0,196484,65525,0,265,97,304,130,0,0,12,0,12
415,0,3,0,0,0,0,0,706548,0,0,0,0,53,12,0,0,0,0,0,0,0,0,0,0,0,0,0,0,0,0,131007,0,0,65526,0,97,46,0,64,0,0,0,0,12
415,0,4,0,0,0,0,0,706548,0,0,0,0,51,12,0,0,0,0,0,0,0,0,0,0,0,0,0,0,0,0,65506,0,0,65527,0,89,0,48,69,48,0,0,0,12
415,0,5,0,0,0,0,0,706548,0,0,0,0,52,12,0,0,0,0,0,0,0,0,0,0,0,0,0,0,0,0,65511,0,0,65527,567,158,0,1,120,0,0,12,0,12
415,0,6,0,0,0,0,0,706548,0,0,0,0,54,12,0,0,0,0,0,0,0,0,0,0,0,0,0,0,0,0,65512,0,0,65526,0,43,104,1,62,0,0,12,0,12
415,0,7,0,0,0,0,0,706548,0,0,0,0,57,12,0,0,0,0,0,0,0,0,0,0,0,0,0,0,0,0,65506,0,0,65525,0,116,43,0,153,0,0,0,0,12
415,0,8,0,0,0,0,0,706548,0,0,0,0,55,12,0,0,0,0,0,0,0,0,0,0,0,0,0,0,0,0,0,0,0,65524,0,52,0,46,121,24,0,0,0,12
415,0,9,0,0,0,0,0,706548,0,0,0,0,53,12,0,0,0,0,0,0,0,0,0,0,0,0,0,0,0,0,0,0,0,65524,382,42,0,1,60,0,0,12,0,12
415,0,10,0,0,0,0,0,706548,0,0,0,0,59,12,0,0,0,0,0,0,0,0,0,0,0,0,0,0,0,0,0,0,0,65524,0,91,98,2,132,0,0,12,0,12
415,0,11,0,0,0,0,0,706548,0,0,0,0,57,12,0,0,0,0,0,0,0,0,0,0,0,0,0,0,0,0,0,0,0,65527,0,43,43,0,101,0,0,0,0,12
415,0,12,0,0,0,0,0,706548,0,0,0,0,47,0,0,0,0,0,0,0,0,0,0,0,0,0,0,0,0,0,0,0,0,0,0,0,0,45,93,0,0,0,0,0
415,0,13,0,0,0,0,0,706548,0,0,0,0,53,0,0,0,0,0,0,0,0,0,0,0,0,0,0,0,0,0,0,0,0,0,178,0,0,0,109,0,0,0,0,0
415,0,14,0,0,0,0,0,706548,0,0,0,0,53,0,0,0,0,0,0,0,0,0,0,0,0,0,0,0,0,0,0,0,0,0,0,0,80,0,60,0,0,0,0,0
415,0,15,0,0,0,0,0,706548,0,0,0,0,41,0,0,0,0,0,0,0,0,0,0,0,0,0,0,0,0,0,0,0,0,0,0,0,39,0,94,0,0,0,0,0
416,0,0,0,0,0,0,0,1413150,0,0,88,655400,136,0,0,0,0,0,3864,0,0,0,0,0,0,0,0,88,88,0,262000,0,1047605,655400,0,314,0,136,284,0,0,0,0,120
416,0,1,0,0,0,0,0,706575,3864,0,0,0,1159,0,0,0,0,0,3864,0,0,0,0,0,0,0,0,0,43,0,130995,0,392940,0,0,88,176,183,1906,0,0,12,0,0
416,0,2,0,0,0,0,0,706575,0,0,0,0,49,12,0,0,0,0,0,0,0,0,0,0,0,0,0,0,0,0,131013,0,196485,65525,0,265,97,303,128,0,0,12,0,12
416,0,3,0,0,0,0,0,706575,0,0,0,0,51,12,0,0,0,0,0,0,0,0,0,0,0,0,0,0,0,0,131006,0,0,65525,0,100,47,0,61,0,0,0,0,12
416,0,4,0,0,0,0,0,706575,0,0,0,0,51,12,0,0,0,0,0,0,0,0,0,0,0,0,0,0,0,0,65506,0,0,65527,0,90,0,48,69,48,0,0,0,12
416,0,5,0,0,0,0,0,706575,0,0,0,0,51,12,0,0,0,0,0,0,0,0,0,0,0,0,0,0,0,0,65512,0,0,65526,568,158,0,1,119,0,0,12,0,12
416,0,6,0,0,0,0,0,706575,0,0,0,0,54,12,0,0,0,0,0,0,0,0,0,0,0,0,0,0,0,0,65512,0,0,65527,0,43,105,1,62,0,0,12,0,12
416,0,7,0,0,0,0,0,706575,0,0,0,0,59,12,0,0,0,0,0,0,0,0,0,0,0,0,0,0,0,0,65506,0,0,65525,0,114,42,0,153,0,0,0,0,12
416,0,8,0,0,0,0,0,706575,0,0,0,0,57,12,0,0,0,0,0,0,0,0,0,0,0,0,0,0,0,0,0,0,0,65525,0,52,0,44,122,24,0,0,0,12
416,0,9,0,0,0,0,0,706575,0,0,0,0,53,12,0,0,0,0,0,0,0,0,0,0,0,0,0,0,0,0,0,0,0,65524,381,42,0,0,60,0,0,12,0,12
416,0,10,0,0,0,0,0,706575,0,0,0,0,58,12,0,0,0,0,0,0,0,0,0,0,0,0,0,0,0,0,0,0,0,65524,0,91,102,2,131,0,0,12,0,12
416,0,11,0,0,0,0,0,706575,0,0,0,0,60,12,0,0,0,0,0,0,0,0,0,0,0,0,0,0,0,0,0,0,0,65527,0,44,41,0,104,0,0,0,0,12
416,0,12,0,0,0,0,0,706575,0,0,0,0,47,0,0,0,0,0,0,0,0,0,0,0,0,0,0,0,0,0,0,0,0,0,0,0,0,45,93,0,0,0,0,0
416,0,13,0,0,0,0,0,706575,0,0,0,0,53,0,0,0,0,0,0,0,0,0,0,0,0,0,0,0,0,0,0,0,0,0,178,0,0,0,109,0,0,0,0,0
416,0,14,0,0,0,0,0,706575,0,0,0,0,53,0,0,0,0,0,0,0,0,0,0,0,0,0,0,0,0,0,0,0,0,0,0,0,80,0,60,0,0,0,0,0
416,0,15,0,0,0,0,0,706575,0,0,0,0,41,0,0,0,0,0,0,0,0,0,0,0,0,0,0,0,0,0,0,0,0,0,0,0,39,0,93,0,0,0,0,0
417,0,0,0,0,0,0,0,1413078,0,0,88,655400,136,0,0,0,0,0,3861,0,0,0,0,0,0,0,0,88,88,0,261981,0,1047632,655400,0,314,0,136,284,0,0,0,0,120
417,0,1,0,0,0,0,0,706539,3861,0,0,0,1166,0,0,0,0,0,3861,0,0,0,0,0,0,0,0,0,41,0,131002,0,392944,0,0,87,175,178,1915,0,0,12,0,0
417,0,2,0,0,0,0,0,706539,0,0,0,0,48,12,0,0,0,0,0,0,0,0,0,0,0,0,0,0,0,0,131013,0,196487,65525,0,266,97,307,128,0,0,12,0,12
417,0,3,0,0,0,0,0,706539,0,0,0,0,51,12,0,0,0,0,0,0,0,0,0,0,0,0,0,0,0,0,131007,0,0,65526,0,97,47,0,60,0,0,0,0,12
417,0,4,0,0,0,0,0,706539,0,0,0,0,51,12,0,0,0,0,0,0,0,0,0,0,0,0,0,0,0,0,65499,0,0,65527,0,89,0,48,69,48,0,0,0,12
417,0,5,0,0,0,0,0,706539,0,0,0,0,51,12,0,0,0,0,0,0,0,0,0,0,0,0,0,0,0,0,65512,0,0,65527,566,158,0,1,119,0,0,12,0,12
417,0,6,0,0,0,0,0,706539,0,0,0,0,51,12,0,0,0,0,0,0,0,0,0,0,0,0,0,0,0,0,65512,0,0,65527,0,43,106,2,58,0,0,12,0,12
417,0,7,0,0,0,0,0,706539,0,0,0,0,57,12,0,0,0,0,0,0,0,0,0,0,0,0,0,0,0,0,65506,0,0,65525,0,115,43,0,153,0,0,0,0,12
417,0,8,0,0,0,0,0,706539,0,0,0,0,55,12,0,0,0,0,0,0,0,0,0,0,0,0,0,0,0,0,0,0,0,65520,0,52,0,46,121,24,0,0,0,12
417,0,9,0,0,0,0,0,706539,0,0,0,0,54,12,0,0,0,0,0,0,0,0,0,0,0,0,0,0,0,0,0,0,0,65524,382,42,0,1,61,0,0,12,0,12
417,0,10,0,0,0,0,0,706539,0,0,0,0,60,12,0,0,0,0,0,0,0,0,0,0,0,0,0,0,0,0,0,0,0,65524,0,91,97,2,133,0,0,12,0,12
417,0,11,0,0,0,0,0,706539,0,0,0,0,57,12,0,0,0,0,0,0,0,0,0,0,0,0,0,0,0,0,0,0,0,65527,0,44,43,0,101,0,0,0,0,12
417,0,12,0,0,0,0,0,706539,0,0,0,0,47,0,0,0,0,0,0,0,0,0,0,0,0,0,0,0,0,0,0,0,0,0,0,0,0,45,93,0,0,0,0,0
417,0,13,0,0,0,0,0,706539,0,0,0,0,53,0,0,0,0,0,0,0,0,0,0,0,0,0,0,0,0,0,0,0,0,0,178,0,0,0,109,0,0,0,0,0
417,0,14,0,0,0,0,0,706539,0,0,0,0,53,0,0,0,0,0,0,0,0,0,0,0,0,0,0,0,0,0,0,0,0,0,0,0,80,0,60,0,0,0,0,0
417,0,15,0,0,0,0,0,706539,0,0,0,0,41,0,0,0,0,0,0,0,0,0,0,0,0,0,0,0,0,0,0,0,0,0,0,0,39,0,93,0,0,0,0,0
418,0,0,0,0,0,0,0,1806470,0,0,114,852020,136,0,0,0,0,0,3918,0,0,0,0,0,0,0,0,114,114,0,392957,0,1309416,852020,0,325,0,136,284,0,0,0,0,883856
418,0,1,0,0,0,0,0,903235,3918,0,0,0,1183,0,0,0,0,0,3918,0,0,0,0,0,0,0,0,0,55,0,196475,0,458388,0,0,93,181,178,1938,0,0,12,0,0
418,0,2,0,0,0,0,0,903235,0,0,0,0,49,12,0,0,0,0,0,0,0,0,0,0,0,0,0,0,0,0,196487,0,196476,65525,0,273,95,306,129,0,0,12,0,12
418,0,3,0,0,0,0,0,903235,0,0,0,0,49,12,0,0,0,0,0,0,0,0,0,0,0,0,0,0,0,0,131002,0,0,65525,0,98,47,0,56,0,0,0,0,12
418,0,4,0,0,0,0,0,903235,0,0,0,0,54,12,0,0,0,0,0,0,0,0,0,0,0,0,0,0,0,0,131003,0,0,65526,0,95,0,45,72,60,0,0,0,12
418,0,5,0,0,0,0,0,903235,0,0,0,0,51,12,0,0,0,0,0,0,0,0,0,0,0,0,0,0,0,0,131007,0,0,65527,582,163,0,1,120,0,0,12,0,12
418,0,6,0,0,0,0,0,903235,0,0,0,0,50,12,0,0,0,0,0,0,0,0,0,0,0,0,0,0,0,0,131005,0,0,65526,0,46,108,2,56,0,0,12,0,12
418,0,7,0,0,0,0,0,903235,0,0,0,0,61,12,0,0,0,0,0,0,0,0,0,0,0,0,0,0,0,0,65507,0,0,65523,0,113,40,0,157,0,0,0,0,12
418,0,8,0,0,0,0,0,903235,0,0,0,0,55,12,0,0,0,0,0,0,0,0,0,0,0,0,0,0,0,0,65506,0,0,65524,0,59,0,46,119,48,0,0,0,12
418,0,9,0,0,0,0,0,903235,0,0,0,0,52,12,0,0,0,0,0,0,0,0,0,0,0,0,0,0,0,0,65506,0,0,65524,389,46,0,2,61,0,0,12,0,12
418,0,10,0,0,0,0,0,903235,0,0,0,0,59,12,0,0,0,0,0,0,0,0,0,0,0,0,0,0,0,0,65510,0,0,65524,0,99,101,1,132,0,0,12,0,12
418,0,11,0,0,0,0,0,903235,0,0,0,0,61,12,0,0,0,0,0,0,0,0,0,0,0,0,0,0,0,0,0,0,0,65527,0,46,40,0,105,0,0,0,0,12
418,0,12,0,0,0,0,0,903235,0,0,0,0,52,12,0,0,0,0,0,0,0,0,0,0,0,0,0,0,0,0,0,0,0,65527,0,0,0,49,102,12,0,0,0,12
418,0,13,0,0,0,0,0,903235,0,0,0,0,59,12,0,0,0,0,0,0,0,0,0,0,0,0,0,0,0,0,0,0,0,65527,192,0,0,0,122,0,0,12,0,12
418,0,14,0,0,0,0,0,903235,0,0,0,0,60,12,0,0,0,0,0,0,0,0,0,0,0,0,0,0,0,0,0,0,0,65525,0,0,82,2,70,0,0,0,0,12
418,0,15,0,0,0,0,0,903235,0,0,0,0,41,0,0,0,0,0,0,0,0,0,0,0,0,0,0,0,0,0,0,0,0,0,0,0,39,0,92,0,0,0,0,0
419,0,0,0,0,0,0,0,1806377,0,0,114,852020,136,0,0,0,0,0,3918,0,0,0,0,0,0,0,0,114,114,0,392955,0,1309387,852020,0,325,0,136,284,0,0,0,0,883760
419,0,1,0,0,0,0,0,903189,3918,0,0,0,1177,0,0,0,0,0,3918,0,0,0,0,0,0,0,0,0,57,0,196475,0,458379,0,0,93,180,185,1937,0,0,12,0,0
419,0,2,0,0,0,0,0,903189,0,0,0,0,49,12,0,0,0,0,0,0,0,0,0,0,0,0,0,0,0,0,196486,0,196472,65525,0,270,96,304,128,0,0,12,0,12
419,0,3,0,0,0,0,0,903189,0,0,0,0,51,12,0,0,0,0,0,0,0,0,0,0,0,0,0,0,0,0,131003,0,0,65525,0,99,45,0,59,0,0,0,0,12
419,0,4,0,0,0,0,0,903189,0,0,0,0,51,12,0,0,0,0,0,0,0,0,0,0,0,0,0,0,0,0,131004,0,0,65527,0,94,0,48,69,60,0,0,0,12
419,0,5,0,0,0,0,0,903189,0,0,0,0,53,12,0,0,0,0,0,0,0,0,0,0,0,0,0,0,0,0,131007,0,0,65527,576,164,0,0,121,0,0,12,0,12
419,0,6,0,0,0,0,0,903189,0,0,0,0,52,12,0,0,0,0,0,0,0,0,0,0,0,0,0,0,0,0,131004,0,0,65526,0,48,105,2,59,0,0,12,0,12
419,0,7,0,0,0,0,0,903189,0,0,0,0,59,12,0,0,0,0,0,0,0,0,0,0,0,0,0,0,0,0,65506,0,0,65523,0,114,42,0,153,0,0,0,0,12
419,0,8,0,0,0,0,0,903189,0,0,0,0,56,12,0,0,0,0,0,0,0,0,0,0,0,0,0,0,0,0,65504,0,0,65524,0,60,0,45,120,48,0,0,0,12
419,0,9,0,0,0,0,0,903189,0,0,0,0,53,12,0,0,0,0,0,0,0,0,0,0,0,0,0,0,0,0,65506,0,0,65524,394,46,0,1,61,0,0,12,0,12
419,0,10,0,0,0,0,0,903189,0,0,0,0,60,12,0,0,0,0,0,0,0,0,0,0,0,0,0,0,0,0,65510,0,0,65524,0,98,98,1,132,0,0,12,0,12
419,0,11,0,0,0,0,0,903189,0,0,0,0,58,12,0,0,0,0,0,0,0,0,0,0,0,0,0,0,0,0,0,0,0,65527,0,45,43,0,102,0,0,0,0,12
419,0,12,0,0,0,0,0,903189,0,0,0,0,53,12,0,0,0,0,0,0,0,0,0,0,0,0,0,0,0,0,0,0,0,65528,0,0,0,48,102,12,0,0,0,12
419,0,13,0,0,0,0,0,903189,0,0,0,0,58,12,0,0,0,0,0,0,0,0,0,0,0,0,0,0,0,0,0,0,0,65527,191,0,0,1,121,0,0,12,0,12
419,0,14,0,0,0,0,0,903189,0,0,0,0,58,12,0,0,0,0,0,0,0,0,0,0,0,0,0,0,0,0,0,0,0,65525,0,0,84,1,69,0,0,0,0,12
419,0,15,0,0,0,0,0,903189,0,0,0,0,41,0,0,0,0,0,0,0,0,0,0,0,0,0,0,0,0,0,0,0,0,0,0,0,39,0,94,0,0,0,0,0
420,0,0,0,0,0,0,0,1806438,0,0,114,852020,136,0,0,0,0,0,3921,0,0,0,0,0,0,0,0,114,114,0,392956,0,1309407,852020,0,325,0,136,284,0,0,0,0,883799
420,0,1,0,0,0,0,0,903219,3921,0,0,0,1178,0,0,0,0,0,3921,0,0,0,0,0,0,0,0,0,56,0,196477,0,458383,0,0,92,181,184,1936,0,0,12,0,0
420,0,2,0,0,0,0,0,903219,0,0,0,0,50,12,0,0,0,0,0,0,0,0,0,0,0,0,0,0,0,0,196483,0,196478,65525,0,272,95,302,129,0,0,12,0,12
420,0,3,0,0,0,0,0,903219,0,0,0,0,50,12,0,0,0,0,0,0,0,0,0,0,0,0,0,0,0,0,131003,0,0,65524,0,100,46,0,59,0,0,0,0,12
420,0,4,0,0,0,0,0,903219,0,0,0,0,52,12,0,0,0,0,0,0,0,0,0,0,0,0,0,0,0,0,131004,0,0,65526,0,95,0,47,69,60,0,0,0,12
420,0,5,0,0,0,0,0,903219,0,0,0,0,53,12,0,0,0,0,0,0,0,0,0,0,0,0,0,0,0,0,131007,0,0,65526,579,165,0,1,121,0,0,12,0,12
420,0,6,0,0,0,0,0,903219,0,0,0,0,51,12,0,0,0,0,0,0,0,0,0,0,0,0,0,0,0,0,131003,0,0,65525,0,46,107,1,58,0,0,12,0,12
420,0,7,0,0,0,0,0,903219,0,0,0,0,60,12,0,0,0,0,0,0,0,0,0,0,0,0,0,0,0,0,65506,0,0,65524,0,113,41,0,155,0,0,0,0,12
420,0,8,0,0,0,0,0,903219,0,0,0,0,55,12,0,0,0,0,0,0,0,0,0,0,0,0,0,0,0,0,65504,0,0,65524,0,60,0,46,118,48,0,0,0,12
420,0,9,0,0,0,0,0,903219,0,0,0,0,53,12,0,0,0,0,0,0,0,0,0,0,0,0,0,0,0,0,65506,0,0,65524,389,45,0,2,61,0,0,12,0,12
420,0,10,0,0,0,0,0,903219,0,0,0,0,59,12,0,0,0,0,0,0,0,0,0,0,0,0,0,0,0,0,65508,0,0,65524,0,98,100,0,133,0,0,12,0,12
420,0,11,0,0,0,0,0,903219,0,0,0,0,58,12,0,0,0,0,0,0,0,0,0,0,0,0,0,0,0,0,0,0,0,65527,0,47,42,0,103,0,0,0,0,12
420,0,12,0,0,0,0,0,903219,0,0,0,0,55,12,0,0,0,0,0,0,0,0,0,0,0,0,0,0,0,0,0,0,0,65528,0,0,0,46,104,12,0,0,0,12
420,0,13,0,0,0,0,0,903219,0,0,0,0,59,12,0,0,0,0,0,0,0,0,0,0,0,0,0,0,0,0,0,0,0,65527,192,0,0,2,123,0,0,12,0,12
420,0,14,0,0,0,0,0,903219,0,0,0,0,59,12,0,0,0,0,0,0,0,0,0,0,0,0,0,0,0,0,0,0,0,65524,0,0,83,0,70,0,0,0,0,12
420,0,15,0,0,0,0,0,903219,0,0,0,0,41,0,0,0,0,0,0,0,0,0,0,0,0,0,0,0,0,0,0,0,0,0,0,0,39,0,93,0,0,0,0,0
421,0,0,0,0,0,0,0,458000,0,0,2564,67584,136,0,0,0,0,0,7521,0,0,0,0,0,0,0,0,2564,2564,0,0,0,87820,67584,0,294,0,136,284,0,0,0,0,24064
421,0,1,0,0,0,0,0,229000,7521,0,0,0,2713,0,0,0,0,0,7521,0,0,0,0,0,0,0,0,0,352,0,0,0,52954,0,0,84,166,1110,5043,0,0,24064,0,0
421,0,2,0,0,0,0,0,229000,0,0,0,0,1662,24064,0,0,0,0,0,0,0,0,0,0,0,0,0,0,0,0,0,0,0,59442,0,249,1039,283,3358,0,0,0,0,24064
421,0,3,0,0,0,0,0,229000,0,0,0,0,47,0,0,0,0,0,0,0,0,0,0,0,0,0,0,0,0,0,0,0,0,0,0,91,45,0,54,0,0,0,0,0
421,0,4,0,0,0,0,0,229000,0,0,0,0,47,0,0,0,0,0,0,0,0,0,0,0,0,0,0,0,0,0,0,0,0,0,0,87,0,45,61,0,0,0,0,0
421,0,5,0,0,0,0,0,229000,0,0,0,0,47,0,0,0,0,0,0,0,0,0,0,0,0,0,0,0,0,0,0,0,0,0,537,148,0,0,109,0,0,0,0,0
421,0,6,0,0,0,0,0,229000,0,0,0,0,47,0,0,0,0,0,0,0,0,0,0,0,0,0,0,0,0,0,0,0,0,0,0,40,98,0,52,0,0,0,0,0
421,0,7,0,0,0,0,0,229000,0,0,0,0,53,0,0,0,0,0,0,0,0,0,0,0,0,0,0,0,0,0,0,0,0,0,0,105,39,0,140,0,0,0,0,0
421,0,8,0,0,0,0,0,229000,0,0,0,0,50,0,0,0,0,0,0,0,0,0,0,0,0,0,0,0,0,0,0,0,0,0,0,52,0,42,107,0,0,0,0,0
421,0,9,0,0,0,0,0,229000,0,0,0,0,47,0,0,0,0,0,0,0,0,0,0,0,0,0,0,0,0,0,0,0,0,0,365,42,0,0,53,0,0,0,0,0
421,0,10,0,0,0,0,0,229000,0,0,0,0,53,0,0,0,0,0,0,0,0,0,0,0,0,0,0,0,0,0,0,0,0,0,0,91,92,0,118,0,0,0,0,0
421,0,11,0,0,0,0,0,229000,0,0,0,0,53,0,0,0,0,0,0,0,0,0,0,0,0,0,0,0,0,0,0,0,0,0,0,39,39,0,94,0,0,0,0,0
421,0,12,0,0,0,0,0,229000,0,0,0,0,47,0,0,0,0,0,0,0,0,0,0,0,0,0,0,0,0,0,0,0,0,0,0,0,0,45,93,0,0,0,0,0
421,0,13,0,0,0,0,0,229000,0,0,0,0,53,0,0,0,0,0,0,0,0,0,0,0,0,0,0,0,0,0,0,0,0,0,178,0,0,0,109,0,0,0,0,0
421,0,14,0,0,0,0,0,229000,0,0,0,0,53,0,0,0,0,0,0,0,0,0,0,0,0,0,0,0,0,0,0,0,0,0,0,0,80,0,60,0,0,0,0,0
421,0,15,0,0,0,0,0,229000,0,0,0,0,41,0,0,0,0,0,0,0,0,0,0,0,0,0,0,0,0,0,0,0,0,0,0,0,39,0,89,0,0,0,0,0
422,0,0,0,0,0,0,0,458051,0,0,2564,67584,136,0,0,0,0,0,7524,0,0,0,0,0,0,0,0,2564,2564,0,0,0,87821,67584,0,294,0,136,284,0,0,0,0,24064
422,0,1,0,0,0,0,0,229026,7524,0,0,0,2711,0,0,0,0,0,7524,0,0,0,0,0,0,0,0,0,356,0,0,0,52955,0,0,84,170,1108,5043,0,0,24064,0,0
422,0,2,0,0,0,0,0,229026,0,0,0,0,1665,24064,0,0,0,0,0,0,0,0,0,0,0,0,0,0,0,0,0,0,0,59442,0,249,1037,282,3363,0,0,0,0,24064
422,0,3,0,0,0,0,0,229026,0,0,0,0,47,0,0,0,0,0,0,0,0,0,0,0,0,0,0,0,0,0,0,0,0,0,0,92,45,0,54,0,0,0,0,0
422,0,4,0,0,0,0,0,229026,0,0,0,0,47,0,0,0,0,0,0,0,0,0,0,0,0,0,0,0,0,0,0,0,0,0,0,87,0,45,62,0,0,0,0,0
422,0,5,0,0,0,0,0,229026,0,0,0,0,47,0,0,0,0,0,0,0,0,0,0,0,0,0,0,0,0,0,0,0,0,0,537,148,0,0,109,0,0,0,0,0
422,0,6,0,0,0,0,0,229026,0,0,0,0,47,0,0,0,0,0,0,0,0,0,0,0,0,0,0,0,0,0,0,0,0,0,0,40,98,0,52,0,0,0,0,0
422,0,7,0,0,0,0,0,229026,0,0,0,0,53,0,0,0,0,0,0,0,0,0,0,0,0,0,0,0,0,0,0,0,0,0,0,104,39,0,140,0,0,0,0,0
422,0,8,0,0,0,0,0,229026,0,0,0,0,50,0,0,0,0,0,0,0,0,0,0,0,0,0,0,0,0,0,0,0,0,0,0,52,0,42,107,0,0,0,0,0
422,0,9,0,0,0,0,0,229026,0,0,0,0,47,0,0,0,0,0,0,0,0,0,0,0,0,0,0,0,0,0,0,0,0,0,365,42,0,0,53,0,0,0,0,0
422,0,10,0,0,0,0,0,229026,0,0,0,0,53,0,0,0,0,0,0,0,0,0,0,0,0,0,0,0,0,0,0,0,0,0,0,91,92,0,118,0,0,0,0,0
422,0,11,0,0,0,0,0,229026,0,0,0,0,53,0,0,0,0,0,0,0,0,0,0,0,0,0,0,0,0,0,0,0,0,0,0,40,39,0,94,0,0,0,0,0
422,0,12,0,0,0,0,0,229026,0,0,0,0,47,0,0,0,0,0,0,0,0,0,0,0,0,0,0,0,0,0,0,0,0,0,0,0,0,45,93,0,0,0,0,0
422,0,13,0,0,0,0,0,229026,0,0,0,0,53,0,0,0,0,0,0,0,0,0,0,0,0,0,0,0,0,0,0,0,0,0,178,0,0,0,109,0,0,0,0,0
422,0,14,0,0,0,0,0,229026,0,0,0,0,53,0,0,0,0,0,0,0,0,0,0,0,0,0,0,0,0,0,0,0,0,0,0,0,80,0,60,0,0,0,0,0
422,0,15,0,0,0,0,0,229026,0,0,0,0,41,0,0,0,0,0,0,0,0,0,0,0,0,0,0,0,0,0,0,0,0,0,0,0,39,0,88,0,0,0,0,0
423,0,0,0,0,0,0,0,458152,0,0,2564,67584,136,0,0,0,0,0,7524,0,0,0,0,0,0,0,0,2564,2564,0,0,0,87840,67584,0,294,0,136,284,0,0,0,0,24064
423,0,1,0,0,0,0,0,229076,7524,0,0,0,2704,0,0,0,0,0,7524,0,0,0,0,0,0,0,0,0,362,0,0,0,52978,0,0,84,170,1115,5030,0,0,24064,0,0
423,0,2,0,0,0,0,0,229076,0,0,0,0,1658,24064,0,0,0,0,0,0,0,0,0,0,0,0,0,0,0,0,0,0,0,59438,0,249,1043,283,3349,0,0,0,0,24064
423,0,3,0,0,0,0,0,229076,0,0,0,0,47,0,0,0,0,0,0,0,0,0,0,0,0,0,0,0,0,0,0,0,0,0,0,91,45,0,54,0,0,0,0,0
423,0,4,0,0,0,0,0,229076,0,0,0,0,47,0,0,0,0,0,0,0,0,0,0,0,0,0,0,0,0,0,0,0,0,0,0,87,0,45,61,0,0,0,0,0
423,0,5,0,0,0,0,0,229076,0,0,0,0,47,0,0,0,0,0,0,0,0,0,0,0,0,0,0,0,0,0,0,0,0,0,537,148,0,0,109,0,0,0,0,0
423,0,6,0,0,0,0,0,229076,0,0,0,0,47,0,0,0,0,0,0,0,0,0,0,0,0,0,0,0,0,0,0,0,0,0,0,40,98,0,52,0,0,0,0,0
423,0,7,0,0,0,0,0,229076,0,0,0,0,53,0,0,0,0,0,0,0,0,0,0,0,0,0,0,0,0,0,0,0,0,0,0,105,39,0,140,0,0,0,0,0
423,0,8,0,0,0,0,0,229076,0,0,0,0,50,0,0,0,0,0,0,0,0,0,0,0,0,0,0,0,0,0,0,0,0,0,0,52,0,42,107,0,0,0,0,0
423,0,9,0,0,0,0,0,229076,0,0,0,0,47,0,0,0,0,0,0,0,0,0,0,0,0,0,0,0,0,0,0,0,0,0,365,42,0,0,53,0,0,0,0,0
423,0,10,0,0,0,0,0,229076,0,0,0,0,53,0,0,0,0,0,0,0,0,0,0,0,0,0,0,0,0,0,0,0,0,0,0,91,92,0,118,0,0,0,0,0
423,0,11,0,0,0,0,0,229076,0,0,0,0,53,0,0,0,0,0,0,0,0,0,0,0,0,0,0,0,0,0,0,0,0,0,0,39,39,0,94,0,0,0,0,0
423,0,12,0,0,0,0,0,229076,0,0,0,0,47,0,0,0,0,0,0,0,0,0,0,0,0,0,0,0,0,0,0,0,0,0,0,0,0,45,93,0,0,0,0,0
423,0,13,0,0,0,0,0,229076,0,0,0,0,53,0,0,0,0,0,0,0,0,0,0,0,0,0,0,0,0,0,0,0,0,0,178,0,0,0,109,0,0,0,0,0
423,0,14,0,0,0,0,0,229076,0,0,0,0,53,0,0,0,0,0,0,0,0,0,0,0,0,0,0,0,0,0,0,0,0,0,0,0,80,0,60,0,0,0,0,0
423,0,15,0,0,0,0,0,229076,0,0,0,0,41,0,0,0,0,0,0,0,0,0,0,0,0,0,0,0,0,0,0,0,0,0,0,0,39,0,89,0,0,0,0,0
424,0,0,0,0,0,0,0,476895,0,0,2568,135168,136,0,0,0,0,0,7536,0,0,0,0,0,0,0,0,2568,2568,0,0,0,169184,135168,0,294,0,136,284,0,0,0,0,48574
424,0,1,0,0,0,0,0,238447,7536,0,0,0,2782,0,0,0,0,0,7536,0,0,0,0,0,0,0,0,0,706,0,0,0,98440,0,0,84,171,1041,4829,0,0,24286,0,0
424,0,2,0,0,0,0,0,238447,0,0,0,0,884,24064,0,0,0,0,0,0,0,0,0,0,0,0,0,0,0,0,0,0,52987,60427,0,249,1324,1142,1794,0,0,23918,0,24064
424,0,3,0,0,0,0,0,238447,0,0,0,0,833,24064,0,0,0,0,0,0,0,0,0,0,0,0,0,0,0,0,0,0,0,59547,0,93,541,0,1265,0,0,30,0,24064
424,0,4,0,0,0,0,0,238447,0,0,0,0,47,0,0,0,0,0,0,0,0,0,0,0,0,0,0,0,0,0,0,0,0,0,0,87,0,45,62,0,0,0,0,0
424,0,5,0,0,0,0,0,238447,0,0,0,0,47,0,0,0,0,0,0,0,0,0,0,0,0,0,0,0,0,0,0,0,0,0,537,148,0,0,109,0,0,0,0,0
424,0,6,0,0,0,0,0,238447,0,0,0,0,47,0,0,0,0,0,0,0,0,0,0,0,0,0,0,0,0,0,0,0,0,0,0,40,98,0,52,0,0,0,0,0
424,0,7,0,0,0,0,0,238447,0,0,0,0,53,0,0,0,0,0,0,0,0,0,0,0,0,0,0,0,0,0,0,0,0,0,0,104,39,0,140,0,0,0,0,0
424,0,8,0,0,0,0,0,238447,0,0,0,0,50,0,0,0,0,0,0,0,0,0,0,0,0,0,0,0,0,0,0,0,0,0,0,52,0,42,107,0,0,0,0,0
424,0,9,0,0,0,0,0,238447,0,0,0,0,47,0,0,0,0,0,0,0,0,0,0,0,0,0,0,0,0,0,0,0,0,0,365,42,0,0,53,0,0,0,0,0
424,0,10,0,0,0,0,0,238447,0,0,0,0,53,0,0,0,0,0,0,0,0,0,0,0,0,0,0,0,0,0,0,0,0,0,0,91,92,0,118,0,0,0,0,0
424,0,11,0,0,0,0,0,238447,0,0,0,0,53,0,0,0,0,0,0,0,0,0,0,0,0,0,0,0,0,0,0,0,0,0,0,41,39,0,94,0,0,0,0,0
424,0,12,0,0,0,0,0,238447,0,0,0,0,47,0,0,0,0,0,0,0,0,0,0,0,0,0,0,0,0,0,0,0,0,0,0,0,0,45,93,0,0,0,0,0
424,0,13,0,0,0,0,0,238447,0,0,0,0,53,0,0,0,0,0,0,0,0,0,0,0,0,0,0,0,0,0,0,0,0,0,178,0,0,0,109,0,0,0,0,0
424,0,14,0,0,0,0,0,238447,0,0,0,0,53,0,0,0,0,0,0,0,0,0,0,0,0,0,0,0,0,0,0,0,0,0,0,0,80,0,60,0,0,0,0,0
424,0,15,0,0,0,0,0,238447,0,0,0,0,41,0,0,0,0,0,0,0,0,0,0,0,0,0,0,0,0,0,0,0,0,0,0,0,39,0,88,0,0,0,0,0
425,0,0,0,0,0,0,0,476830,0,0,2568,135168,136,0,0,0,0,0,7536,0,0,0,0,0,0,0,0,2568,2568,0,0,0,169194,135168,0,294,0,136,284,0,0,0,0,48574
425,0,1,0,0,0,0,0,238415,7536,0,0,0,2787,0,0,0,0,0,7536,0,0,0,0,0,0,0,0,0,706,0,0,0,98443,0,0,84,170,1037,4831,0,0,24286,0,0
425,0,2,0,0,0,0,0,238415,0,0,0,0,883,24064,0,0,0,0,0,0,0,0,0,0,0,0,0,0,0,0,0,0,52987,60430,0,249,1327,1145,1794,0,0,23918,0,24064
425,0,3,0,0,0,0,0,238415,0,0,0,0,835,24064,0,0,0,0,0,0,0,0,0,0,0,0,0,0,0,0,0,0,0,59548,0,93,539,0,1264,0,0,30,0,24064
425,0,4,0,0,0,0,0,238415,0,0,0,0,47,0,0,0,0,0,0,0,0,0,0,0,0,0,0,0,0,0,0,0,0,0,0,87,0,45,61,0,0,0,0,0
425,0,5,0,0,0,0,0,238415,0,0,0,0,47,0,0,0,0,0,0,0,0,0,0,0,0,0,0,0,0,0,0,0,0,0,537,148,0,0,109,0,0,0,0,0
425,0,6,0,0,0,0,0,238415,0,0,0,0,47,0,0,0,0,0,0,0,0,0,0,0,0,0,0,0,0,0,0,0,0,0,0,40,98,0,52,0,0,0,0,0
425,0,7,0,0,0,0,0,238415,0,0,0,0,53,0,0,0,0,0,0,0,0,0,0,0,0,0,0,0,0,0,0,0,0,0,0,104,39,0,140,0,0,0,0,0
425,0,8,0,0,0,0,0,238415,0,0,0,0,50,0,0,0,0,0,0,0,0,0,0,0,0,0,0,0,0,0,0,0,0,0,0,52,0,42,107,0,0,0,0,0
425,0,9,0,0,0,0,0,238415,0,0,0,0,47,0,0,0,0,0,0,0,0,0,0,0,0,0,0,0,0,0,0,0,0,0,365,42,0,0,53,0,0,0,0,0
425,0,10,0,0,0,0,0,238415,0,0,0,0,53,0,0,0,0,0,0,0,0,0,0,0,0,0,0,0,0,0,0,0,0,0,0,91,92,0,118,0,0,0,0,0
425,0,11,0,0,0,0,0,238415,0,0,0,0,53,0,0,0,0,0,0,0,0,0,0,0,0,0,0,0,0,0,0,0,0,0,0,41,39,0,94,0,0,0,0,0
425,0,12,0,0,0,0,0,238415,0,0,0,0,47,0,0,0,0,0,0,0,0,0,0,0,0,0,0,0,0,0,0,0,0,0,0,0,0,45,93,0,0,0,0,0
425,0,13,0,0,0,0,0,238415,0,0,0,0,53,0,0,0,0,0,0,0,0,0,0,0,0,0,0,0,0,0,0,0,0,0,178,0,0,0,109,0,0,0,0,0
425,0,14,0,0,0,0,0,238415,0,0,0,0,53,0,0,0,0,0,0,0,0,0,0,0,0,0,0,0,0,0,0,0,0,0,0,0,80,0,60,0,0,0,0,0
425,0,15,0,0,0,0,0,238415,0,0,0,0,41,0,0,0,0,0,0,0,0,0,0,0,0,0,0,0,0,0,0,0,0,0,0,0,39,0,88,0,0,0,0,0
426,0,0,0,0,0,0,0,496755,0,0,2602,135168,136,0,0,0,0,0,7584,0,0,0,0,0,0,0,0,2602,2602,0,0,0,172180,135168,0,294,0,136,284,0,0,0,0,48355
426,0,1,0,0,0,0,0,248378,7584,0,0,0,2796,0,0,0,0,0,7584,0,0,0,0,0,0,0,0,0,1666,0,0,0,100646,0,0,84,171,1061,4845,0,0,23767,0,0
426,0,2,0,0,0,0,0,248378,0,0,0,0,984,24064,0,0,0,0,0,0,0,0,0,0,0,0,0,0,0,0,0,0,52525,60169,0,249,1356,1150,1900,0,0,24361,0,23676
426,0,3,0,0,0,0,0,248378,0,0,0,0,950,24064,0,0,0,0,0,0,0,0,0,0,0,0,0,0,0,0,0,0,0,60335,0,92,443,0,1392,0,0,0,0,24064
426,0,4,0,0,0,0,0,248378,0,0,0,0,47,0,0,0,0,0,0,0,0,0,0,0,0,0,0,0,0,0,0,0,0,0,0,87,0,45,62,0,0,0,0,0
426,0,5,0,0,0,0,0,248378,0,0,0,0,47,0,0,0,0,0,0,0,0,0,0,0,0,0,0,0,0,0,0,0,0,0,537,148,0,0,109,0,0,0,0,0
426,0,6,0,0,0,0,0,248378,0,0,0,0,47,0,0,0,0,0,0,0,0,0,0,0,0,0,0,0,0,0,0,0,0,0,0,40,98,0,52,0,0,0,0,0
426,0,7,0,0,0,0,0,248378,0,0,0,0,53,0,0,0,0,0,0,0,0,0,0,0,0,0,0,0,0,0,0,0,0,0,0,105,39,0,140,0,0,0,0,0
426,0,8,0,0,0,0,0,248378,0,0,0,0,50,0,0,0,0,0,0,0,0,0,0,0,0,0,0,0,0,0,0,0,0,0,0,52,0,42,107,0,0,0,0,0
426,0,9,0,0,0,0,0,248378,0,0,0,0,47,0,0,0,0,0,0,0,0,0,0,0,0,0,0,0,0,0,0,0,0,0,365,42,0,0,53,0,0,0,0,0
426,0,10,0,0,0,0,0,248378,0,0,0,0,53,0,0,0,0,0,0,0,0,0,0,0,0,0,0,0,0,0,0,0,0,0,0,91,92,0,118,0,0,0,0,0
426,0,11,0,0,0,0,0,248378,0,0,0,0,53,0,0,0,0,0,0,0,0,0,0,0,0,0,0,0,0,0,0,0,0,0,0,40,39,0,94,0,0,0,0,0
426,0,12,0,0,0,0,0,248378,0,0,0,0,47,0,0,0,0,0,0,0,0,0,0,0,0,0,0,0,0,0,0,0,0,0,0,0,0,45,93,0,0,0,0,0
426,0,13,0,0,0,0,0,248378,0,0,0,0,53,0,0,0,0,0,0,0,0,0,0,0,0,0,0,0,0,0,0,0,0,0,178,0,0,0,109,0,0,0,0,0
426,0,14,0,0,0,0,0,248378,0,0,0,0,53,0,0,0,0,0,0,0,0,0,0,0,0,0,0,0,0,0,0,0,0,0,0,0,80,0,60,0,0,0,0,0
426,0,15,0,0,0,0,0,248378,0,0,0,0,41,0,0,0,0,0,0,0,0,0,0,0,0,0,0,0,0,0,0,0,0,0,0,0,39,0,89,0,0,0,0,0
427,0,0,0,0,0,0,0,598380,0,0,3266,270336,136,0,0,0,0,0,8592,0,0,0,0,0,0,0,0,3266,3266,0,105033,0,275352,270336,0,1111,0,136,284,0,0,0,0,120226
427,0,1,0,0,0,0,0,299190,8592,0,0,0,3275,0,0,0,0,0,8592,0,0,0,0,0,0,0,0,0,1436,0,51939,0,99748,0,0,350,450,703,5612,0,0,24140,0,0
427,0,2,0,0,0,0,0,299190,0,0,0,0,580,24064,0,0,0,0,0,0,0,0,0,0,0,0,0,0,0,0,0,0,51881,61202,0,249,925,819,1217,0,0,25577,0,23570
427,0,3,0,0,0,0,0,299190,0,0,0,0,598,24064,0,0,0,0,0,0,0,0,0,0,0,0,0,0,0,0,0,0,0,61075,0,93,310,0,887,0,0,0,0,24064
427,0,4,0,0,0,0,0,299190,0,0,0,0,568,24064,0,0,0,0,0,0,0,0,0,0,0,0,0,0,0,0,0,0,0,61089,0,87,0,339,862,24259,0,0,0,23477
427,0,5,0,0,0,0,0,299190,0,0,0,0,578,24064,0,0,0,0,0,0,0,0,0,0,0,0,0,0,0,0,0,0,0,61128,1340,148,0,2,1191,0,0,769,0,23770
427,0,6,0,0,0,0,0,299190,0,0,0,0,47,0,0,0,0,0,0,0,0,0,0,0,0,0,0,0,0,0,0,0,0,0,0,40,98,0,52,0,0,0,0,0
427,0,7,0,0,0,0,0,299190,0,0,0,0,53,0,0,0,0,0,0,0,0,0,0,0,0,0,0,0,0,0,0,0,0,0,0,106,39,0,140,0,0,0,0,0
427,0,8,0,0,0,0,0,299190,0,0,0,0,50,0,0,0,0,0,0,0,0,0,0,0,0,0,0,0,0,0,0,0,0,0,0,52,0,42,107,0,0,0,0,0
427,0,9,0,0,0,0,0,299190,0,0,0,0,47,0,0,0,0,0,0,0,0,0,0,0,0,0,0,0,0,0,0,0,0,0,365,42,0,0,53,0,0,0,0,0
427,0,10,0,0,0,0,0,299190,0,0,0,0,53,0,0,0,0,0,0,0,0,0,0,0,0,0,0,0,0,0,0,0,0,0,0,91,92,0,118,0,0,0,0,0
427,0,11,0,0,0,0,0,299190,0,0,0,0,53,0,0,0,0,0,0,0,0,0,0,0,0,0,0,0,0,0,0,0,0,0,0,41,39,0,94,0,0,0,0,0
427,0,12,0,0,0,0,0,299190,0,0,0,0,47,0,0,0,0,0,0,0,0,0,0,0,0,0,0,0,0,0,0,0,0,0,0,0,0,45,93,0,0,0,0,0
427,0,13,0,0,0,0,0,299190,0,0,0,0,53,0,0,0,0,0,0,0,0,0,0,0,0,0,0,0,0,0,0,0,0,0,178,0,0,0,109,0,0,0,0,0
427,0,14,0,0,0,0,0,299190,0,0,0,0,53,0,0,0,0,0,0,0,0,0,0,0,0,0,0,0,0,0,0,0,0,0,0,0,80,0,60,0,0,0,0,0
427,0,15,0,0,0,0,0,299190,0,0,0,0,41,0,0,0,0,0,0,0,0,0,0,0,0,0,0,0,0,0,0,0,0,0,0,0,39,0,90,0,0,0,0,0
428,0,0,0,0,0,0,0,601429,0,0,3288,270336,136,0,0,0,0,0,8628,0,0,0,0,0,0,0,0,3288,3288,0,105560,0,279823,270336,0,1117,0,136,284,0,0,0,0,126490
428,0,1,0,0,0,0,0,300715,8628,0,0,0,3254,0,0,0,0,0,8628,0,0,0,0,0,0,0,0,0,1940,0,52428,0,100464,0,0,395,476,675,5595,0,0,24173,0,0
428,0,2,0,0,0,0,0,300715,0,0,0,0,654,24064,0,0,0,0,0,0,0,0,0,0,0,0,0,0,0,0,0,0,52227,61329,0,249,918,896,1252,0,0,24203,0,24064
428,0,3,0,0,0,0,0,300715,0,0,0,0,660,24064,0,0,0,0,0,0,0,0,0,0,0,0,0,0,0,0,0,0,0,61133,0,92,253,0,876,0,0,0,0,24064
428,0,4,0,0,0,0,0,300715,0,0,0,0,661,24064,0,0,0,0,0,0,0,0,0,0,0,0,0,0,0,0,0,0,0,60931,0,87,0,252,982,24216,0,0,0,23962
428,0,5,0,0,0,0,0,300715,0,0,0,0,654,24064,0,0,0,0,0,0,0,0,0,0,0,0,0,0,0,0,0,0,0,60830,1365,148,0,0,1228,0,0,0,0,24064
428,0,6,0,0,0,0,0,300715,0,0,0,0,47,0,0,0,0,0,0,0,0,0,0,0,0,0,0,0,0,0,0,0,0,0,0,40,98,2,52,0,0,0,0,0
428,0,7,0,0,0,0,0,300715,0,0,0,0,53,0,0,0,0,0,0,0,0,0,0,0,0,0,0,0,0,0,0,0,0,0,0,105,39,0,140,0,0,0,0,0
428,0,8,0,0,0,0,0,300715,0,0,0,0,50,0,0,0,0,0,0,0,0,0,0,0,0,0,0,0,0,0,0,0,0,0,0,52,0,42,107,0,0,0,0,0
428,0,9,0,0,0,0,0,300715,0,0,0,0,47,0,0,0,0,0,0,0,0,0,0,0,0,0,0,0,0,0,0,0,0,0,365,42,0,0,53,0,0,0,0,0
428,0,10,0,0,0,0,0,300715,0,0,0,0,53,0,0,0,0,0,0,0,0,0,0,0,0,0,0,0,0,0,0,0,0,0,0,91,92,0,118,0,0,0,0,0
428,0,11,0,0,0,0,0,300715,0,0,0,0,53,0,0,0,0,0,0,0,0,0,0,0,0,0,0,0,0,0,0,0,0,0,0,42,39,0,94,0,0,0,0,0
428,0,12,0,0,0,0,0,300715,0,0,0,0,47,0,0,0,0,0,0,0,0,0,0,0,0,0,0,0,0,0,0,0,0,0,0,0,0,45,93,0,0,0,0,0
428,0,13,0,0,0,0,0,300715,0,0,0,0,53,0,0,0,0,0,0,0,0,0,0,0,0,0,0,0,0,0,0,0,0,0,178,0,0,0,109,0,0,0,0,0
428,0,14,0,0,0,0,0,300715,0,0,0,0,53,0,0,0,0,0,0,0,0,0,0,0,0,0,0,0,0,0,0,0,0,0,0,0,80,0,60,0,0,0,0,0
428,0,15,0,0,0,0,0,300715,0,0,0,0,41,0,0,0,0,0,0,0,0,0,0,0,0,0,0,0,0,0,0,0,0,0,0,0,39,0,89,0,0,0,0,0
429,0,0,0,0,0,0,0,596908,0,0,3262,270336,136,0,0,0,0,0,8589,0,0,0,0,0,0,0,0,3262,3262,0,105105,0,274631,270336,0,1109,0,136,284,0,0,0,0,122884
429,0,1,0,0,0,0,0,298454,8589,0,0,0,3277,0,0,0,0,0,8589,0,0,0,0,0,0,0,0,0,1461,0,51959,0,99444,0,0,330,433,734,5622,0,0,23883,0,0
429,0,2,0,0,0,0,0,298454,0,0,0,0,581,24064,0,0,0,0,0,0,0,0,0,0,0,0,0,0,0,0,0,0,52065,61185,0,249,924,800,1204,0,0,25939,0,23481
429,0,3,0,0,0,0,0,298454,0,0,0,0,598,24064,0,0,0,0,0,0,0,0,0,0,0,0,0,0,0,0,0,0,0,61031,0,93,308,0,904,0,0,13,0,24057
429,0,4,0,0,0,0,0,298454,0,0,0,0,558,24064,0,0,0,0,0,0,0,0,0,0,0,0,0,0,0,0,0,0,0,61054,0,87,0,347,835,24100,0,0,0,23492
429,0,5,0,0,0,0,0,298454,0,0,0,0,579,24064,0,0,0,0,0,0,0,0,0,0,0,0,0,0,0,0,0,0,0,61185,1329,148,0,2,1212,0,0,764,0,23790
429,0,6,0,0,0,0,0,298454,0,0,0,0,47,0,0,0,0,0,0,0,0,0,0,0,0,0,0,0,0,0,0,0,0,0,0,40,98,0,52,0,0,0,0,0
429,0,7,0,0,0,0,0,298454,0,0,0,0,53,0,0,0,0,0,0,0,0,0,0,0,0,0,0,0,0,0,0,0,0,0,0,106,39,0,140,0,0,0,0,0
429,0,8,0,0,0,0,0,298454,0,0,0,0,50,0,0,0,0,0,0,0,0,0,0,0,0,0,0,0,0,0,0,0,0,0,0,52,0,42,107,0,0,0,0,0
429,0,9,0,0,0,0,0,298454,0,0,0,0,47,0,0,0,0,0,0,0,0,0,0,0,0,0,0,0,0,0,0,0,0,0,365,42,0,0,53,0,0,0,0,0
429,0,10,0,0,0,0,0,298454,0,0,0,0,53,0,0,0,0,0,0,0,0,0,0,0,0,0,0,0,0,0,0,0,0,0,0,91,92,0,118,0,0,0,0,0
429,0,11,0,0,0,0,0,298454,0,0,0,0,53,0,0,0,0,0,0,0,0,0,0,0,0,0,0,0,0,0,0,0,0,0,0,41,39,0,94,0,0,0,0,0
429,0,12,0,0,0,0,0,298454,0,0,0,0,47,0,0,0,0,0,0,0,0,0,0,0,0,0,0,0,0,0,0,0,0,0,0,0,0,45,93,0,0,0,0,0
429,0,13,0,0,0,0,0,298454,0,0,0,0,53,0,0,0,0,0,0,0,0,0,0,0,0,0,0,0,0,0,0,0,0,0,178,0,0,0,109,0,0,0,0,0
429,0,14,0,0,0,0,0,298454,0,0,0,0,53,0,0,0,0,0,0,0,0,0,0,0,0,0,0,0,0,0,0,0,0,0,0,0,80,0,60,0,0,0,0,0
429,0,15,0,0,0,0,0,298454,0,0,0,0,41,0,0,0,0,0,0,0,0,0,0,0,0,0,0,0,0,0,0,0,0,0,0,0,39,0,90,0,0,0,0,0
430,0,0,0,0,0,0,0,822738,0,0,4702,405504,136,0,0,0,0,0,10761,0,0,0,0,0,0,0,0,4702,4702,0,104681,0,448878,405504,0,1045,0,136,284,0,0,0,0,350043
430,0,1,0,0,0,0,0,411369,10761,0,0,0,4256,0,0,0,0,0,10761,0,0,0,0,0,0,0,0,0,1958,0,51960,0,190867,0,0,346,411,1203,7335,0,0,39420,0,0
430,0,2,0,0,0,0,0,411369,0,0,0,0,538,24064,0,0,0,0,0,0,0,0,0,0,0,0,0,0,0,0,52189,0,98832,61090,0,814,807,1333,1099,0,0,31027,0,22683
430,0,3,0,0,0,0,0,411369,0,0,0,0,528,24064,0,0,0,0,0,0,0,0,0,0,0,0,0,0,0,0,51644,0,0,61125,0,365,291,0,781,0,0,1568,0,23265
430,0,4,0,0,0,0,0,411369,0,0,0,0,558,24064,0,0,0,0,0,0,0,0,0,0,0,0,0,0,0,0,0,0,0,61069,0,87,0,283,816,99637,0,0,0,21883
430,0,5,0,0,0,0,0,411369,0,0,0,0,596,24064,0,0,0,0,0,0,0,0,0,0,0,0,0,0,0,0,0,0,0,61099,2148,148,0,2,1215,0,0,61962,0,22756
430,0,6,0,0,0,0,0,411369,0,0,0,0,599,24064,0,0,0,0,0,0,0,0,0,0,0,0,0,0,0,0,0,0,0,61062,0,40,938,0,878,0,0,33440,0,22690
430,0,7,0,0,0,0,0,411369,0,0,0,0,609,24064,0,0,0,0,0,0,0,0,0,0,0,0,0,0,0,0,0,0,0,60852,0,109,322,0,1263,0,0,4423,0,23133
430,0,8,0,0,0,0,0,411369,0,0,0,0,50,0,0,0,0,0,0,0,0,0,0,0,0,0,0,0,0,0,0,0,0,0,0,52,0,42,107,0,0,0,0,0
430,0,9,0,0,0,0,0,411369,0,0,0,0,47,0,0,0,0,0,0,0,0,0,0,0,0,0,0,0,0,0,0,0,0,0,365,42,0,0,53,0,0,0,0,0
430,0,10,0,0,0,0,0,411369,0,0,0,0,53,0,0,0,0,0,0,0,0,0,0,0,0,0,0,0,0,0,0,0,0,0,0,91,92,0,118,0,0,0,0,0
430,0,11,0,0,0,0,0,411369,0,0,0,0,53,0,0,0,0,0,0,0,0,0,0,0,0,0,0,0,0,0,0,0,0,0,0,40,39,0,94,0,0,0,0,0
430,0,12,0,0,0,0,0,411369,0,0,0,0,47,0,0,0,0,0,0,0,0,0,0,0,0,0,0,0,0,0,0,0,0,0,0,0,0,45,93,0,0,0,0,0
430,0,13,0,0,0,0,0,411369,0,0,0,0,53,0,0,0,0,0,0,0,0,0,0,0,0,0,0,0,0,0,0,0,0,0,178,0,0,0,109,0,0,0,0,0
430,0,14,0,0,0,0,0,411369,0,0,0,0,53,0,0,0,0,0,0,0,0,0,0,0,0,0,0,0,0,0,0,0,0,0,0,0,80,0,60,0,0,0,0,0
430,0,15,0,0,0,0,0,411369,0,0,0,0,41,0,0,0,0,0,0,0,0,0,0,0,0,0,0,0,0,0,0,0,0,0,0,0,39,0,93,0,0,0,0,0
431,0,0,0,0,0,0,0,822455,0,0,4680,405504,136,0,0,0,0,0,10728,0,0,0,0,0,0,0,0,4680,4680,0,104566,0,448738,405504,0,1039,0,136,284,0,0,0,0,344983
431,0,1,0,0,0,0,0,411227,10728,0,0,0,4237,0,0,0,0,0,10728,0,0,0,0,0,0,0,0,0,1952,0,52018,0,190715,0,0,359,412,1186,7286,0,0,37987,0,0
431,0,2,0,0,0,0,0,411227,0,0,0,0,516,24064,0,0,0,0,0,0,0,0,0,0,0,0,0,0,0,0,52277,0,98452,61069,0,824,835,1331,1073,0,0,31394,0,22652
431,0,3,0,0,0,0,0,411227,0,0,0,0,537,24064,0,0,0,0,0,0,0,0,0,0,0,0,0,0,0,0,51738,0,0,61094,0,369,278,0,782,0,0,1467,0,23354
431,0,4,0,0,0,0,0,411227,0,0,0,0,537,24064,0,0,0,0,0,0,0,0,0,0,0,0,0,0,0,0,0,0,0,61031,0,87,0,298,793,98651,0,0,0,21853
431,0,5,0,0,0,0,0,411227,0,0,0,0,604,24064,0,0,0,0,0,0,0,0,0,0,0,0,0,0,0,0,0,0,0,61122,2128,148,0,1,1206,0,0,61763,0,22429
431,0,6,0,0,0,0,0,411227,0,0,0,0,610,24064,0,0,0,0,0,0,0,0,0,0,0,0,0,0,0,0,0,0,0,61077,0,40,922,1,877,0,0,34391,0,22656
431,0,7,0,0,0,0,0,411227,0,0,0,0,606,24064,0,0,0,0,0,0,0,0,0,0,0,0,0,0,0,0,0,0,0,60825,0,107,323,0,1255,0,0,3303,0,23354
431,0,8,0,0,0,0,0,411227,0,0,0,0,50,0,0,0,0,0,0,0,0,0,0,0,0,0,0,0,0,0,0,0,0,0,0,52,0,42,107,0,0,0,0,0
431,0,9,0,0,0,0,0,411227,0,0,0,0,47,0,0,0,0,0,0,0,0,0,0,0,0,0,0,0,0,0,0,0,0,0,365,42,0,0,53,0,0,0,0,0
431,0,10,0,0,0,0,0,411227,0,0,0,0,53,0,0,0,0,0,0,0,0,0,0,0,0,0,0,0,0,0,0,0,0,0,0,91,92,0,118,0,0,0,0,0
431,0,11,0,0,0,0,0,411227,0,0,0,0,53,0,0,0,0,0,0,0,0,0,0,0,0,0,0,0,0,0,0,0,0,0,0,42,39,0,94,0,0,0,0,0
431,0,12,0,0,0,0,0,411227,0,0,0,0,47,0,0,0,0,0,0,0,0,0,0,0,0,0,0,0,0,0,0,0,0,0,0,0,0,45,93,0,0,0,0,0
431,0,13,0,0,0,0,0,411227,0,0,0,0,53,0,0,0,0,0,0,0,0,0,0,0,0,0,0,0,0,0,0,0,0,0,178,0,0,0,109,0,0,0,0,0
431,0,14,0,0,0,0,0,411227,0,0,0,0,53,0,0,0,0,0,0,0,0,0,0,0,0,0,0,0,0,0,0,0,0,0,0,0,80,0,60,0,0,0,0,0
431,0,15,0,0,0,0,0,411227,0,0,0,0,41,0,0,0,0,0,0,0,0,0,0,0,0,0,0,0,0,0,0,0,0,0,0,0,39,0,91,0,0,0,0,0
432,0,0,0,0,0,0,0,826144,0,0,4712,405504,136,0,0,0,0,0,10773,0,0,0,0,0,0,0,0,4712,4712,0,104659,0,449236,405504,0,1047,0,136,284,0,0,0,0,349342
432,0,1,0,0,0,0,0,413072,10773,0,0,0,4280,0,0,0,0,0,10773,0,0,0,0,0,0,0,0,0,1964,0,52002,0,190672,0,0,343,422,1181,7346,0,0,39962,0,0
432,0,2,0,0,0,0,0,413072,0,0,0,0,540,24064,0,0,0,0,0,0,0,0,0,0,0,0,0,0,0,0,52196,0,98565,61088,0,833,810,1338,1108,0,0,30989,0,22808
432,0,3,0,0,0,0,0,413072,0,0,0,0,530,24064,0,0,0,0,0,0,0,0,0,0,0,0,0,0,0,0,51663,0,0,61098,0,377,291,0,770,0,0,1738,0,23208
432,0,4,0,0,0,0,0,413072,0,0,0,0,560,24064,0,0,0,0,0,0,0,0,0,0,0,0,0,0,0,0,0,0,0,61072,0,87,0,283,827,100612,0,0,0,21831
432,0,5,0,0,0,0,0,413072,0,0,0,0,589,24064,0,0,0,0,0,0,0,0,0,0,0,0,0,0,0,0,0,0,0,61104,2168,148,0,2,1209,0,0,61311,0,22700
432,0,6,0,0,0,0,0,413072,0,0,0,0,605,24064,0,0,0,0,0,0,0,0,0,0,0,0,0,0,0,0,0,0,0,61060,0,40,931,0,869,0,0,32761,0,22536
432,0,7,0,0,0,0,0,413072,0,0,0,0,604,24064,0,0,0,0,0,0,0,0,0,0,0,0,0,0,0,0,0,0,0,60847,0,108,329,0,1249,0,0,2448,0,23478
432,0,8,0,0,0,0,0,413072,0,0,0,0,50,0,0,0,0,0,0,0,0,0,0,0,0,0,0,0,0,0,0,0,0,0,0,52,0,42,107,0,0,0,0,0
432,0,9,0,0,0,0,0,413072,0,0,0,0,47,0,0,0,0,0,0,0,0,0,0,0,0,0,0,0,0,0,0,0,0,0,365,42,0,0,53,0,0,0,0,0
432,0,10,0,0,0,0,0,413072,0,0,0,0,53,0,0,0,0,0,0,0,0,0,0,0,0,0,0,0,0,0,0,0,0,0,0,91,92,0,118,0,0,0,0,0
432,0,11,0,0,0,0,0,413072,0,0,0,0,53,0,0,0,0,0,0,0,0,0,0,0,0,0,0,0,0,0,0,0,0,0,0,41,39,0,94,0,0,0,0,0
432,0,12,0,0,0,0,0,413072,0,0,0,0,47,0,0,0,0,0,0,0,0,0,0,0,0,0,0,0,0,0,0,0,0,0,0,0,0,45,93,0,0,0,0,0
432,0,13,0,0,0,0,0,413072,0,0,0,0,53,0,0,0,0,0,0,0,0,0,0,0,0,0,0,0,0,0,0,0,0,0,178,0,0,0,109,0,0,0,0,0
432,0,14,0,0,0,0,0,413072,0,0,0,0,53,0,0,0,0,0,0,0,0,0,0,0,0,0,0,0,0,0,0,0,0,0,0,0,80,0,60,0,0,0,0,0
432,0,15,0,0,0,0,0,413072,0,0,0,0,41,0,0,0,0,0,0,0,0,0,0,0,0,0,0,0,0,0,0,0,0,0,0,0,39,0,92,0,0,0,0,0
433,0,0,0,0,0,0,0,1046359,0,0,6198,540672,136,0,0,0,0,0,13017,0,0,0,0,0,0,0,0,6198,6198,0,194912,0,515707,540672,0,1782,0,136,284,0,0,0,0,615685
433,0,1,0,0,0,0,0,523179,13017,0,0,0,5238,0,0,0,0,0,13017,0,0,0,0,0,0,0,0,0,3269,0,98912,0,184746,0,0,633,670,1173,9110,0,0,57350,0,0
433,0,2,0,0,0,0,0,523179,0,0,0,0,487,24064,0,0,0,0,0,0,0,0,0,0,0,0,0,0,0,0,52057,0,97308,60992,0,849,742,1309,1004,0,0,49016,0,21962
433,0,3,0,0,0,0,0,523179,0,0,0,0,487,24064,0,0,0,0,0,0,0,0,0,0,0,0,0,0,0,0,51631,0,0,61048,0,382,258,0,717,0,0,5187,0,22578
433,0,4,0,0,0,0,0,523179,0,0,0,0,498,24064,0,0,0,0,0,0,0,0,0,0,0,0,0,0,0,0,51693,0,0,61086,0,363,0,283,737,222751,0,0,0,21017
433,0,5,0,0,0,0,0,523179,0,0,0,0,619,24064,0,0,0,0,0,0,0,0,0,0,0,0,0,0,0,0,52017,0,0,61150,2912,672,0,1,1250,0,0,134663,0,21419
433,0,6,0,0,0,0,0,523179,0,0,0,0,612,24064,0,0,0,0,0,0,0,0,0,0,0,0,0,0,0,0,0,0,0,61084,0,40,996,1,900,0,0,60900,0,22156
433,0,7,0,0,0,0,0,523179,0,0,0,0,635,24064,0,0,0,0,0,0,0,0,0,0,0,0,0,0,0,0,0,0,0,60779,0,108,339,0,1317,0,0,16886,0,22134
433,0,8,0,0,0,0,0,523179,0,0,0,0,572,24064,0,0,0,0,0,0,0,0,0,0,0,0,0,0,0,0,0,0,0,60860,0,52,0,315,1150,74307,0,0,0,21400
433,0,9,0,0,0,0,0,523179,0,0,0,0,565,24064,0,0,0,0,0,0,0,0,0,0,0,0,0,0,0,0,0,0,0,61094,1163,42,0,1,844,0,0,8039,0,22454
433,0,10,0,0,0,0,0,523179,0,0,0,0,53,0,0,0,0,0,0,0,0,0,0,0,0,0,0,0,0,0,0,0,0,0,0,91,92,1,118,0,0,0,0,0
433,0,11,0,0,0,0,0,523179,0,0,0,0,53,0,0,0,0,0,0,0,0,0,0,0,0,0,0,0,0,0,0,0,0,0,0,42,39,0,94,0,0,0,0,0
433,0,12,0,0,0,0,0,523179,0,0,0,0,47,0,0,0,0,0,0,0,0,0,0,0,0,0,0,0,0,0,0,0,0,0,0,0,0,45,93,0,0,0,0,0
433,0,13,0,0,0,0,0,523179,0,0,0,0,53,0,0,0,0,0,0,0,0,0,0,0,0,0,0,0,0,0,0,0,0,0,178,0,0,0,109,0,0,0,0,0
433,0,14,0,0,0,0,0,523179,0,0,0,0,53,0,0,0,0,0,0,0,0,0,0,0,0,0,0,0,0,0,0,0,0,0,0,0,80,0,60,0,0,0,0,0
433,0,15,0,0,0,0,0,523179,0,0,0,0,41,0,0,0,0,0,0,0,0,0,0,0,0,0,0,0,0,0,0,0,0,0,0,0,39,0,93,0,0,0,0,0
434,0,0,0,0,0,0,0,1047164,0,0,6210,540672,136,0,0,0,0,0,13035,0,0,0,0,0,0,0,0,6210,6210,0,194788,0,516546,540672,0,1786,0,136,284,0,0,0,0,618187
434,0,1,0,0,0,0,0,523582,13035,0,0,0,5222,0,0,0,0,0,13035,0,0,0,0,0,0,0,0,0,3201,0,98833,0,185180,0,0,628,688,1188,9064,0,0,57331,0,0
434,0,2,0,0,0,0,0,523582,0,0,0,0,461,24064,0,0,0,0,0,0,0,0,0,0,0,0,0,0,0,0,52092,0,97584,60967,0,849,759,1307,969,0,0,49370,0,21947
434,0,3,0,0,0,0,0,523582,0,0,0,0,476,24064,0,0,0,0,0,0,0,0,0,0,0,0,0,0,0,0,51788,0,0,61025,0,381,269,0,709,0,0,5496,0,22661
434,0,4,0,0,0,0,0,523582,0,0,0,0,503,24064,0,0,0,0,0,0,0,0,0,0,0,0,0,0,0,0,51619,0,0,61031,0,362,0,282,761,221931,0,0,0,21002
434,0,5,0,0,0,0,0,523582,0,0,0,0,613,24064,0,0,0,0,0,0,0,0,0,0,0,0,0,0,0,0,51940,0,0,61119,2937,684,0,2,1241,0,0,133755,0,21484
434,0,6,0,0,0,0,0,523582,0,0,0,0,640,24064,0,0,0,0,0,0,0,0,0,0,0,0,0,0,0,0,0,0,0,61136,0,40,973,0,930,0,0,56324,0,22353
434,0,7,0,0,0,0,0,523582,0,0,0,0,639,24064,0,0,0,0,0,0,0,0,0,0,0,0,0,0,0,0,0,0,0,60883,0,108,336,0,1322,0,0,15292,0,22055
434,0,8,0,0,0,0,0,523582,0,0,0,0,593,24064,0,0,0,0,0,0,0,0,0,0,0,0,0,0,0,0,0,0,0,60831,0,52,0,294,1172,72163,0,0,0,21443
434,0,9,0,0,0,0,0,523582,0,0,0,0,575,24064,0,0,0,0,0,0,0,0,0,0,0,0,0,0,0,0,0,0,0,61105,1177,42,0,0,844,0,0,8114,0,22453
434,0,10,0,0,0,0,0,523582,0,0,0,0,53,0,0,0,0,0,0,0,0,0,0,0,0,0,0,0,0,0,0,0,0,0,0,91,92,2,118,0,0,0,0,0
434,0,11,0,0,0,0,0,523582,0,0,0,0,53,0,0,0,0,0,0,0,0,0,0,0,0,0,0,0,0,0,0,0,0,0,0,41,39,0,94,0,0,0,0,0
434,0,12,0,0,0,0,0,523582,0,0,0,0,47,0,0,0,0,0,0,0,0,0,0,0,0,0,0,0,0,0,0,0,0,0,0,0,0,45,93,0,0,0,0,0
434,0,13,0,0,0,0,0,523582,0,0,0,0,53,0,0,0,0,0,0,0,0,0,0,0,0,0,0,0,0,0,0,0,0,0,178,0,0,0,109,0,0,0,0,0
434,0,14,0,0,0,0,0,523582,0,0,0,0,53,0,0,0,0,0,0,0,0,0,0,0,0,0,0,0,0,0,0,0,0,0,0,0,80,0,60,0,0,0,0,0
434,0,15,0,0,0,0,0,523582,0,0,0,0,41,0,0,0,0,0,0,0,0,0,0,0,0,0,0,0,0,0,0,0,0,0,0,0,39,0,94,0,0,0,0,0
435,0,0,0,0,0,0,0,1046493,0,0,6198,540672,136,0,0,0,0,0,13017,0,0,0,0,0,0,0,0,6198,6198,0,195156,0,515778,540672,0,1778,0,136,284,0,0,0,0,612948
435,0,1,0,0,0,0,0,523247,13017,0,0,0,5289,0,0,0,0,0,13017,0,0,0,0,0,0,0,0,0,3196,0,98828,0,184780,0,0,621,646,1158,9114,0,0,56193,0,0
435,0,2,0,0,0,0,0,523247,0,0,0,0,487,24064,0,0,0,0,0,0,0,0,0,0,0,0,0,0,0,0,52137,0,97443,60992,0,845,737,1335,1002,0,0,48417,0,21939
435,0,3,0,0,0,0,0,523247,0,0,0,0,481,24064,0,0,0,0,0,0,0,0,0,0,0,0,0,0,0,0,51763,0,0,61024,0,367,264,0,700,0,0,4836,0,22578
435,0,4,0,0,0,0,0,523247,0,0,0,0,498,24064,0,0,0,0,0,0,0,0,0,0,0,0,0,0,0,0,51693,0,0,61025,0,336,0,283,739,220600,0,0,0,21052
435,0,5,0,0,0,0,0,523247,0,0,0,0,597,24064,0,0,0,0,0,0,0,0,0,0,0,0,0,0,0,0,51965,0,0,61119,2964,672,0,1,1240,0,0,136789,0,21360
435,0,6,0,0,0,0,0,523247,0,0,0,0,633,24064,0,0,0,0,0,0,0,0,0,0,0,0,0,0,0,0,0,0,0,61104,0,40,996,1,927,0,0,56398,0,22486
435,0,7,0,0,0,0,0,523247,0,0,0,0,655,24064,0,0,0,0,0,0,0,0,0,0,0,0,0,0,0,0,0,0,0,60879,0,108,320,0,1351,0,0,14113,0,22254
435,0,8,0,0,0,0,0,523247,0,0,0,0,574,24064,0,0,0,0,0,0,0,0,0,0,0,0,0,0,0,0,0,0,0,60854,0,52,0,309,1175,73730,0,0,0,21379
435,0,9,0,0,0,0,0,523247,0,0,0,0,596,24064,0,0,0,0,0,0,0,0,0,0,0,0,0,0,0,0,0,0,0,61128,1131,42,0,0,871,0,0,8610,0,22452
435,0,10,0,0,0,0,0,523247,0,0,0,0,53,0,0,0,0,0,0,0,0,0,0,0,0,0,0,0,0,0,0,0,0,0,0,91,92,2,118,0,0,0,0,0
435,0,11,0,0,0,0,0,523247,0,0,0,0,53,0,0,0,0,0,0,0,0,0,0,0,0,0,0,0,0,0,0,0,0,0,0,41,39,0,94,0,0,0,0,0
435,0,12,0,0,0,0,0,523247,0,0,0,0,47,0,0,0,0,0,0,0,0,0,0,0,0,0,0,0,0,0,0,0,0,0,0,0,0,45,93,0,0,0,0,0
435,0,13,0,0,0,0,0,523247,0,0,0,0,53,0,0,0,0,0,0,0,0,0,0,0,0,0,0,0,0,0,0,0,0,0,178,0,0,0,109,0,0,0,0,0
435,0,14,0,0,0,0,0,523247,0,0,0,0,53,0,0,0,0,0,0,0,0,0,0,0,0,0,0,0,0,0,0,0,0,0,0,0,80,0,60,0,0,0,0,0
435,0,15,0,0,0,0,0,523247,0,0,0,0,41,0,0,0,0,0,0,0,0,0,0,0,0,0,0,0,0,0,0,0,0,0,0,0,39,0,94,0,0,0,0,0
436,0,0,0,0,0,0,0,1270750,0,0,7648,675840,136,0,0,0,0,0,15204,0,0,0,0,0,0,0,0,7648,7648,0,194008,0,671893,675840,0,1688,0,136,284,0,0,0,0,882040
436,0,1,0,0,0,0,0,635375,15204,0,0,0,6269,0,0,0,0,0,15204,0,0,0,0,0,0,0,0,0,3827,0,98387,0,266093,0,0,627,604,1666,10831,0,0,60621,0,0
436,0,2,0,0,0,0,0,635375,0,0,0,0,436,24064,0,0,0,0,0,0,0,0,0,0,0,0,0,0,0,0,98536,0,137387,60912,0,1429,636,1832,888,0,0,52343,0,21680
436,0,3,0,0,0,0,0,635375,0,0,0,0,418,24064,0,0,0,0,0,0,0,0,0,0,0,0,0,0,0,0,98076,0,0,60963,0,660,236,0,613,0,0,11511,0,22033
436,0,4,0,0,0,0,0,635375,0,0,0,0,443,24064,0,0,0,0,0,0,0,0,0,0,0,0,0,0,0,0,51547,0,0,61044,0,342,0,244,639,360685,0,0,0,20658
436,0,5,0,0,0,0,0,635375,0,0,0,0,588,24064,0,0,0,0,0,0,0,0,0,0,0,0,0,0,0,0,52115,0,0,61146,3774,761,0,0,1152,0,0,173148,0,20668
436,0,6,0,0,0,0,0,635375,0,0,0,0,579,24064,0,0,0,0,0,0,0,0,0,0,0,0,0,0,0,0,52131,0,0,61122,0,336,896,2,844,0,0,84492,0,21090
436,0,7,0,0,0,0,0,635375,0,0,0,0,575,24064,0,0,0,0,0,0,0,0,0,0,0,0,0,0,0,0,52071,0,0,60854,0,732,328,0,1208,0,0,24808,0,21232
436,0,8,0,0,0,0,0,635375,0,0,0,0,570,24064,0,0,0,0,0,0,0,0,0,0,0,0,0,0,0,0,0,0,0,60842,0,52,0,317,1169,272712,0,0,0,20435
436,0,9,0,0,0,0,0,635375,0,0,0,0,636,24064,0,0,0,0,0,0,0,0,0,0,0,0,0,0,0,0,0,0,0,61110,2096,42,0,0,914,0,0,158368,0,21260
436,0,10,0,0,0,0,0,635375,0,0,0,0,667,24064,0,0,0,0,0,0,0,0,0,0,0,0,0,0,0,0,0,0,0,61144,0,91,1021,2,1361,0,0,86827,0,21278
436,0,11,0,0,0,0,0,635375,0,0,0,0,674,24064,0,0,0,0,0,0,0,0,0,0,0,0,0,0,0,0,0,0,0,61031,0,44,343,0,1016,0,0,24903,0,21741
436,0,12,0,0,0,0,0,635375,0,0,0,0,47,0,0,0,0,0,0,0,0,0,0,0,0,0,0,0,0,0,0,0,0,0,0,0,0,45,93,0,0,0,0,0
436,0,13,0,0,0,0,0,635375,0,0,0,0,53,0,0,0,0,0,0,0,0,0,0,0,0,0,0,0,0,0,0,0,0,0,178,0,0,0,109,0,0,0,0,0
436,0,14,0,0,0,0,0,635375,0,0,0,0,53,0,0,0,0,0,0,0,0,0,0,0,0,0,0,0,0,0,0,0,0,0,0,0,80,0,60,0,0,0,0,0
436,0,15,0,0,0,0,0,635375,0,0,0,0,41,0,0,0,0,0,0,0,0,0,0,0,0,0,0,0,0,0,0,0,0,0,0,0,39,0,93,0,0,0,0,0
437,0,0,0,0,0,0,0,1274616,0,0,7664,675840,136,0,0,0,0,0,15225,0,0,0,0,0,0,0,0,7664,7664,0,194209,0,672025,675840,0,1688,0,136,284,0,0,0,0,887173
437,0,1,0,0,0,0,0,637308,15225,0,0,0,6274,0,0,0,0,0,15225,0,0,0,0,0,0,0,0,0,3836,0,98544,0,265770,0,0,644,627,1637,10817,0,0,62413,0,0
437,0,2,0,0,0,0,0,637308,0,0,0,0,436,24064,0,0,0,0,0,0,0,0,0,0,0,0,0,0,0,0,98592,0,136817,60954,0,1419,646,1869,904,0,0,53188,0,21702
437,0,3,0,0,0,0,0,637308,0,0,0,0,425,24064,0,0,0,0,0,0,0,0,0,0,0,0,0,0,0,0,97789,0,0,61003,0,634,234,0,614,0,0,11621,0,22030
437,0,4,0,0,0,0,0,637308,0,0,0,0,461,24064,0,0,0,0,0,0,0,0,0,0,0,0,0,0,0,0,51567,0,0,61031,0,352,0,222,667,364114,0,0,0,20649
437,0,5,0,0,0,0,0,637308,0,0,0,0,563,24064,0,0,0,0,0,0,0,0,0,0,0,0,0,0,0,0,52113,0,0,61122,3799,738,0,0,1135,0,0,173719,0,20621
437,0,6,0,0,0,0,0,637308,0,0,0,0,599,24064,0,0,0,0,0,0,0,0,0,0,0,0,0,0,0,0,52052,0,0,61125,0,342,899,2,872,0,0,85226,0,20887
437,0,7,0,0,0,0,0,637308,0,0,0,0,596,24064,0,0,0,0,0,0,0,0,0,0,0,0,0,0,0,0,52020,0,0,60826,0,729,307,0,1260,0,0,21490,0,21629
437,0,8,0,0,0,0,0,637308,0,0,0,0,581,24064,0,0,0,0,0,0,0,0,0,0,0,0,0,0,0,0,0,0,0,60860,0,52,0,310,1174,270747,0,0,0,20394
437,0,9,0,0,0,0,0,637308,0,0,0,0,638,24064,0,0,0,0,0,0,0,0,0,0,0,0,0,0,0,0,0,0,0,61105,2123,42,0,0,939,0,0,159456,0,21031
437,0,10,0,0,0,0,0,637308,0,0,0,0,676,24064,0,0,0,0,0,0,0,0,0,0,0,0,0,0,0,0,0,0,0,61100,0,91,1007,2,1366,0,0,85503,0,21479
437,0,11,0,0,0,0,0,637308,0,0,0,0,667,24064,0,0,0,0,0,0,0,0,0,0,0,0,0,0,0,0,0,0,0,61039,0,43,352,0,1015,0,0,24700,0,21838
437,0,12,0,0,0,0,0,637308,0,0,0,0,47,0,0,0,0,0,0,0,0,0,0,0,0,0,0,0,0,0,0,0,0,0,0,0,0,45,93,0,0,0,0,0
437,0,13,0,0,0,0,0,637308,0,0,0,0,53,0,0,0,0,0,0,0,0,0,0,0,0,0,0,0,0,0,0,0,0,0,178,0,0,0,109,0,0,0,0,0
437,0,14,0,0,0,0,0,637308,0,0,0,0,53,0,0,0,0,0,0,0,0,0,0,0,0,0,0,0,0,0,0,0,0,0,0,0,80,0,60,0,0,0,0,0
437,0,15,0,0,0,0,0,637308,0,0,0,0,41,0,0,0,0,0,0,0,0,0,0,0,0,0,0,0,0,0,0,0,0,0,0,0,39,0,94,0,0,0,0,0
438,0,0,0,0,0,0,0,1275142,0,0,7680,675840,136,0,0,0,0,0,15252,0,0,0,0,0,0,0,0,7680,7680,0,194226,0,672043,675840,0,1688,0,136,284,0,0,0,0,881119
438,0,1,0,0,0,0,0,637571,15252,0,0,0,6294,0,0,0,0,0,15252,0,0,0,0,0,0,0,0,0,3834,0,98323,0,266137,0,0,629,646,1629,10829,0,0,60898,0,0
438,0,2,0,0,0,0,0,637571,0,0,0,0,424,24064,0,0,0,0,0,0,0,0,0,0,0,0,0,0,0,0,98748,0,137133,60966,0,1452,653,1850,902,0,0,52088,0,21701
438,0,3,0,0,0,0,0,637571,0,0,0,0,419,24064,0,0,0,0,0,0,0,0,0,0,0,0,0,0,0,0,97862,0,0,60992,0,666,239,0,604,0,0,12528,0,22025
438,0,4,0,0,0,0,0,637571,0,0,0,0,442,24064,0,0,0,0,0,0,0,0,0,0,0,0,0,0,0,0,51627,0,0,61047,0,364,0,241,656,363954,0,0,0,20657
438,0,5,0,0,0,0,0,637571,0,0,0,0,565,24064,0,0,0,0,0,0,0,0,0,0,0,0,0,0,0,0,52145,0,0,61122,3816,744,0,2,1146,0,0,168619,0,20725
438,0,6,0,0,0,0,0,637571,0,0,0,0,590,24064,0,0,0,0,0,0,0,0,0,0,0,0,0,0,0,0,52008,0,0,61132,0,320,894,0,860,0,0,82806,0,20792
438,0,7,0,0,0,0,0,637571,0,0,0,0,578,24064,0,0,0,0,0,0,0,0,0,0,0,0,0,0,0,0,52022,0,0,60815,0,721,329,0,1228,0,0,19283,0,21780
438,0,8,0,0,0,0,0,637571,0,0,0,0,582,24064,0,0,0,0,0,0,0,0,0,0,0,0,0,0,0,0,0,0,0,60859,0,52,0,309,1163,276268,0,0,0,20466
438,0,9,0,0,0,0,0,637571,0,0,0,0,641,24064,0,0,0,0,0,0,0,0,0,0,0,0,0,0,0,0,0,0,0,61120,2104,42,0,1,936,0,0,160752,0,21074
438,0,10,0,0,0,0,0,637571,0,0,0,0,656,24064,0,0,0,0,0,0,0,0,0,0,0,0,0,0,0,0,0,0,0,61153,0,91,1031,2,1372,0,0,88505,0,21492
438,0,11,0,0,0,0,0,637571,0,0,0,0,667,24064,0,0,0,0,0,0,0,0,0,0,0,0,0,0,0,0,0,0,0,61030,0,43,355,0,1028,0,0,24045,0,21782
438,0,12,0,0,0,0,0,637571,0,0,0,0,47,0,0,0,0,0,0,0,0,0,0,0,0,0,0,0,0,0,0,0,0,0,0,0,0,45,93,0,0,0,0,0
438,0,13,0,0,0,0,0,637571,0,0,0,0,53,0,0,0,0,0,0,0,0,0,0,0,0,0,0,0,0,0,0,0,0,0,178,0,0,0,109,0,0,0,0,0
438,0,14,0,0,0,0,0,637571,0,0,0,0,53,0,0,0,0,0,0,0,0,0,0,0,0,0,0,0,0,0,0,0,0,0,0,0,80,0,60,0,0,0,0,0
438,0,15,0,0,0,0,0,637571,0,0,0,0,41,0,0,0,0,0,0,0,0,0,0,0,0,0,0,0,0,0,0,0,0,0,0,0,39,0,94,0,0,0,0,0
439,0,0,0,0,0,0,0,1582417,0,0,9648,878592,136,0,0,0,0,0,18219,0,0,0,0,0,0,0,0,9648,9648,0,268247,0,806484,878592,0,2379,0,136,284,0,0,0,0,1293363
439,0,1,0,0,0,0,0,791209,18219,0,0,0,7625,0,0,0,0,0,18219,0,0,0,0,0,0,0,0,0,4586,0,137477,0,298449,0,0,887,842,1815,13036,0,0,57853,0,0
439,0,2,0,0,0,0,0,791209,0,0,0,0,357,24064,0,0,0,0,0,0,0,0,0,0,0,0,0,0,0,0,137567,0,134922,60940,0,1979,551,1694,745,0,0,49390,0,21567
439,0,3,0,0,0,0,0,791209,0,0,0,0,358,24064,0,0,0,0,0,0,0,0,0,0,0,0,0,0,0,0,97223,0,0,60961,0,617,194,0,514,0,0,12512,0,21787
439,0,4,0,0,0,0,0,791209,0,0,0,0,371,24064,0,0,0,0,0,0,0,0,0,0,0,0,0,0,0,0,96694,0,0,60986,0,602,0,208,543,540329,0,0,0,20571
439,0,5,0,0,0,0,0,791209,0,0,0,0,480,24064,0,0,0,0,0,0,0,0,0,0,0,0,0,0,0,0,98352,0,0,61126,5004,1384,0,1,976,0,0,189299,0,20231
439,0,6,0,0,0,0,0,791209,0,0,0,0,489,24064,0,0,0,0,0,0,0,0,0,0,0,0,0,0,0,0,98480,0,0,61110,0,637,794,1,724,0,0,94102,0,20391
439,0,7,0,0,0,0,0,791209,0,0,0,0,508,24064,0,0,0,0,0,0,0,0,0,0,0,0,0,0,0,0,51891,0,0,60804,0,750,266,0,1050,0,0,26383,0,21144
439,0,8,0,0,0,0,0,791209,0,0,0,0,519,24064,0,0,0,0,0,0,0,0,0,0,0,0,0,0,0,0,51871,0,0,60823,0,663,0,268,1046,500196,0,0,0,19851
439,0,9,0,0,0,0,0,791209,0,0,0,0,641,24064,0,0,0,0,0,0,0,0,0,0,0,0,0,0,0,0,51923,0,0,61099,3311,340,0,1,945,0,0,306884,0,20469
439,0,10,0,0,0,0,0,791209,0,0,0,0,664,24064,0,0,0,0,0,0,0,0,0,0,0,0,0,0,0,0,51966,0,0,61134,0,726,1024,1,1369,0,0,133668,0,21064
439,0,11,0,0,0,0,0,791209,0,0,0,0,662,24064,0,0,0,0,0,0,0,0,0,0,0,0,0,0,0,0,0,0,0,61092,0,43,365,0,998,0,0,42465,0,21151
439,0,12,0,0,0,0,0,791209,0,0,0,0,629,24064,0,0,0,0,0,0,0,0,0,0,0,0,0,0,0,0,0,0,0,61151,0,0,0,360,963,304294,0,0,0,20419
439,0,13,0,0,0,0,0,791209,0,0,0,0,676,24064,0,0,0,0,0,0,0,0,0,0,0,0,0,0,0,0,0,0,0,61146,1697,0,0,2,1369,0,0,134323,0,21157
439,0,14,0,0,0,0,0,791209,0,0,0,0,683,24064,0,0,0,0,0,0,0,0,0,0,0,0,0,0,0,0,0,0,0,61135,0,0,383,0,990,0,0,43654,0,21430
439,0,15,0,0,0,0,0,791209,0,0,0,0,41,0,0,0,0,0,0,0,0,0,0,0,0,0,0,0,0,0,0,0,0,0,0,0,39,0,97,0,0,0,0,0
440,0,0,0,0,0,0,0,1585226,0,0,9652,878592,136,0,0,0,0,0,18225,0,0,0,0,0,0,0,0,9652,9652,0,267763,0,808223,878592,0,2377,0,136,284,0,0,0,0,1288216
440,0,1,0,0,0,0,0,792613,18225,0,0,0,7608,0,0,0,0,0,18225,0,0,0,0,0,0,0,0,0,4627,0,137928,0,299354,0,0,867,859,1839,12943,0,0,58752,0,0
440,0,2,0,0,0,0,0,792613,0,0,0,0,353,24064,0,0,0,0,0,0,0,0,0,0,0,0,0,0,0,0,138297,0,134955,60904,0,1991,555,1662,736,0,0,50081,0,21574
440,0,3,0,0,0,0,0,792613,0,0,0,0,360,24064,0,0,0,0,0,0,0,0,0,0,0,0,0,0,0,0,97245,0,0,60941,0,641,189,0,521,0,0,13041,0,21817
440,0,4,0,0,0,0,0,792613,0,0,0,0,375,24064,0,0,0,0,0,0,0,0,0,0,0,0,0,0,0,0,96640,0,0,60993,0,619,0,204,547,530101,0,0,0,20555
440,0,5,0,0,0,0,0,792613,0,0,0,0,475,24064,0,0,0,0,0,0,0,0,0,0,0,0,0,0,0,0,98646,0,0,61098,5080,1408,0,1,973,0,0,193055,0,20222
440,0,6,0,0,0,0,0,792613,0,0,0,0,507,24064,0,0,0,0,0,0,0,0,0,0,0,0,0,0,0,0,98712,0,0,61092,0,641,768,1,730,0,0,95660,0,20591
440,0,7,0,0,0,0,0,792613,0,0,0,0,501,24064,0,0,0,0,0,0,0,0,0,0,0,0,0,0,0,0,51899,0,0,60812,0,733,274,0,1037,0,0,27577,0,21084
440,0,8,0,0,0,0,0,792613,0,0,0,0,504,24064,0,0,0,0,0,0,0,0,0,0,0,0,0,0,0,0,51817,0,0,60846,0,665,0,283,1010,491343,0,0,0,19888
440,0,9,0,0,0,0,0,792613,0,0,0,0,643,24064,0,0,0,0,0,0,0,0,0,0,0,0,0,0,0,0,51932,0,0,61147,3280,339,0,1,926,0,0,305219,0,20464
440,0,10,0,0,0,0,0,792613,0,0,0,0,682,24064,0,0,0,0,0,0,0,0,0,0,0,0,0,0,0,0,51979,0,0,61141,0,718,1053,1,1395,0,0,132656,0,21041
440,0,11,0,0,0,0,0,792613,0,0,0,0,707,24064,0,0,0,0,0,0,0,0,0,0,0,0,0,0,0,0,0,0,0,61087,0,44,322,0,1061,0,0,43862,0,21210
440,0,12,0,0,0,0,0,792613,0,0,0,0,634,24064,0,0,0,0,0,0,0,0,0,0,0,0,0,0,0,0,0,0,0,61146,0,0,0,353,964,307123,0,0,0,20602
440,0,13,0,0,0,0,0,792613,0,0,0,0,691,24064,0,0,0,0,0,0,0,0,0,0,0,0,0,0,0,0,0,0,0,61131,1688,0,0,0,1387,0,0,133882,0,21018
440,0,14,0,0,0,0,0,792613,0,0,0,0,680,24064,0,0,0,0,0,0,0,0,0,0,0,0,0,0,0,0,0,0,0,61142,0,0,388,2,997,0,0,41462,0,21567
440,0,15,0,0,0,0,0,792613,0,0,0,0,41,0,0,0,0,0,0,0,0,0,0,0,0,0,0,0,0,0,0,0,0,0,0,0,39,0,94,0,0,0,0,0
441,0,0,0,0,0,0,0,1585554,0,0,9664,878592,136,0,0,0,0,0,18243,0,0,0,0,0,0,0,0,9664,9664,0,268271,0,805700,878592,0,2379,0,136,284,0,0,0,0,1288449
441,0,1,0,0,0,0,0,792777,18243,0,0,0,7639,0,0,0,0,0,18243,0,0,0,0,0,0,0,0,0,4580,0,137503,0,298611,0,0,895,830,1821,13095,0,0,62008,0,0
441,0,2,0,0,0,0,0,792777,0,0,0,0,359,24064,0,0,0,0,0,0,0,0,0,0,0,0,0,0,0,0,138057,0,134913,60915,0,1992,543,1686,744,0,0,52662,0,21415
441,0,3,0,0,0,0,0,792777,0,0,0,0,351,24064,0,0,0,0,0,0,0,0,0,0,0,0,0,0,0,0,97332,0,0,60926,0,627,202,0,506,0,0,13220,0,21730
441,0,4,0,0,0,0,0,792777,0,0,0,0,366,24064,0,0,0,0,0,0,0,0,0,0,0,0,0,0,0,0,96767,0,0,61027,0,599,0,213,528,533449,0,0,0,20603
441,0,5,0,0,0,0,0,792777,0,0,0,0,477,24064,0,0,0,0,0,0,0,0,0,0,0,0,0,0,0,0,98490,0,0,61087,4983,1384,0,2,973,0,0,189841,0,20182
441,0,6,0,0,0,0,0,792777,0,0,0,0,490,24064,0,0,0,0,0,0,0,0,0,0,0,0,0,0,0,0,98544,0,0,61093,0,628,804,0,725,0,0,93518,0,20405
441,0,7,0,0,0,0,0,792777,0,0,0,0,520,24064,0,0,0,0,0,0,0,0,0,0,0,0,0,0,0,0,51875,0,0,60816,0,752,255,0,1052,0,0,24374,0,21220
441,0,8,0,0,0,0,0,792777,0,0,0,0,514,24064,0,0,0,0,0,0,0,0,0,0,0,0,0,0,0,0,51879,0,0,60834,0,664,0,275,1043,495014,0,0,0,19954
441,0,9,0,0,0,0,0,792777,0,0,0,0,641,24064,0,0,0,0,0,0,0,0,0,0,0,0,0,0,0,0,51949,0,0,61101,3333,339,0,1,952,0,0,304960,0,20458
441,0,10,0,0,0,0,0,792777,0,0,0,0,682,24064,0,0,0,0,0,0,0,0,0,0,0,0,0,0,0,0,51962,0,0,61115,0,748,1017,1,1378,0,0,136550,0,20893
441,0,11,0,0,0,0,0,792777,0,0,0,0,671,24064,0,0,0,0,0,0,0,0,0,0,0,0,0,0,0,0,0,0,0,61108,0,42,358,0,1008,0,0,40180,0,21437
441,0,12,0,0,0,0,0,792777,0,0,0,0,626,24064,0,0,0,0,0,0,0,0,0,0,0,0,0,0,0,0,0,0,0,61165,0,0,0,361,957,306715,0,0,0,20504
441,0,13,0,0,0,0,0,792777,0,0,0,0,688,24064,0,0,0,0,0,0,0,0,0,0,0,0,0,0,0,0,0,0,0,61159,1687,0,0,1,1384,0,0,130181,0,20966
441,0,14,0,0,0,0,0,792777,0,0,0,0,685,24064,0,0,0,0,0,0,0,0,0,0,0,0,0,0,0,0,0,0,0,61130,0,0,383,1,972,0,0,38364,0,21527
441,0,15,0,0,0,0,0,792777,0,0,0,0,41,0,0,0,0,0,0,0,0,0,0,0,0,0,0,0,0,0,0,0,0,0,0,0,39,0,97,0,0,0,0,0
442,0,0,0,0,0,0,0,1163725,0,0,8116,67584,136,0,0,0,0,0,15852,0,0,0,0,0,0,0,0,8116,8116,0,0,0,87215,67584,0,294,0,136,284,0,0,0,0,293795
442,0,1,0,0,0,0,0,581863,15852,0,0,0,5890,0,0,0,0,0,15852,0,0,0,0,0,0,0,0,0,3000,0,0,0,52100,0,0,84,170,3481,11401,0,0,292781,0,0
442,0,2,0,0,0,0,0,581863,0,0,0,0,4844,292864,0,0,0,0,0,0,0,0,0,0,0,0,0,0,0,0,0,0,0,59686,0,249,3410,282,9721,0,0,0,0,292864
442,0,3,0,0,0,0,0,581863,0,0,0,0,47,0,0,0,0,0,0,0,0,0,0,0,0,0,0,0,0,0,0,0,0,0,0,92,45,0,54,0,0,0,0,0
442,0,4,0,0,0,0,0,581863,0,0,0,0,47,0,0,0,0,0,0,0,0,0,0,0,0,0,0,0,0,0,0,0,0,0,0,87,0,45,62,0,0,0,0,0
442,0,5,0,0,0,0,0,581863,0,0,0,0,47,0,0,0,0,0,0,0,0,0,0,0,0,0,0,0,0,0,0,0,0,0,537,148,0,0,109,0,0,0,0,0
442,0,6,0,0,0,0,0,581863,0,0,0,0,47,0,0,0,0,0,0,0,0,0,0,0,0,0,0,0,0,0,0,0,0,0,0,40,98,0,52,0,0,0,0,0
442,0,7,0,0,0,0,0,581863,0,0,0,0,53,0,0,0,0,0,0,0,0,0,0,0,0,0,0,0,0,0,0,0,0,0,0,104,39,0,140,0,0,0,0,0
442,0,8,0,0,0,0,0,581863,0,0,0,0,50,0,0,0,0,0,0,0,0,0,0,0,0,0,0,0,0,0,0,0,0,0,0,52,0,42,107,0,0,0,0,0
442,0,9,0,0,0,0,0,581863,0,0,0,0,47,0,0,0,0,0,0,0,0,0,0,0,0,0,0,0,0,0,0,0,0,0,365,42,0,0,53,0,0,0,0,0
442,0,10,0,0,0,0,0,581863,0,0,0,0,53,0,0,0,0,0,0,0,0,0,0,0,0,0,0,0,0,0,0,0,0,0,0,91,92,0,118,0,0,0,0,0
442,0,11,0,0,0,0,0,581863,0,0,0,0,53,0,0,0,0,0,0,0,0,0,0,0,0,0,0,0,0,0,0,0,0,0,0,40,39,0,94,0,0,0,0,0
442,0,12,0,0,0,0,0,581863,0,0,0,0,47,0,0,0,0,0,0,0,0,0,0,0,0,0,0,0,0,0,0,0,0,0,0,0,0,45,93,0,0,0,0,0
442,0,13,0,0,0,0,0,581863,0,0,0,0,53,0,0,0,0,0,0,0,0,0,0,0,0,0,0,0,0,0,0,0,0,0,178,0,0,0,109,0,0,0,0,0
442,0,14,0,0,0,0,0,581863,0,0,0,0,53,0,0,0,0,0,0,0,0,0,0,0,0,0,0,0,0,0,0,0,0,0,0,0,80,0,60,0,0,0,0,0
442,0,15,0,0,0,0,0,581863,0,0,0,0,41,0,0,0,0,0,0,0,0,0,0,0,0,0,0,0,0,0,0,0,0,0,0,0,39,0,88,0,0,0,0,0
443,0,0,0,0,0,0,0,1164441,0,0,8122,67584,136,0,0,0,0,0,15861,0,0,0,0,0,0,0,0,8122,8122,0,0,0,87263,67584,0,294,0,136,284,0,0,0,0,293757
443,0,1,0,0,0,0,0,582221,15861,0,0,0,5871,0,0,0,0,0,15861,0,0,0,0,0,0,0,0,0,3008,0,0,0,52125,0,0,84,170,3506,11363,0,0,292785,0,0
443,0,2,0,0,0,0,0,582221,0,0,0,0,4824,292864,0,0,0,0,0,0,0,0,0,0,0,0,0,0,0,0,0,0,0,59711,0,249,3435,283,9682,0,0,0,0,292864
443,0,3,0,0,0,0,0,582221,0,0,0,0,47,0,0,0,0,0,0,0,0,0,0,0,0,0,0,0,0,0,0,0,0,0,0,91,45,0,54,0,0,0,0,0
443,0,4,0,0,0,0,0,582221,0,0,0,0,47,0,0,0,0,0,0,0,0,0,0,0,0,0,0,0,0,0,0,0,0,0,0,87,0,45,62,0,0,0,0,0
443,0,5,0,0,0,0,0,582221,0,0,0,0,47,0,0,0,0,0,0,0,0,0,0,0,0,0,0,0,0,0,0,0,0,0,537,148,0,0,109,0,0,0,0,0
443,0,6,0,0,0,0,0,582221,0,0,0,0,47,0,0,0,0,0,0,0,0,0,0,0,0,0,0,0,0,0,0,0,0,0,0,40,98,0,52,0,0,0,0,0
443,0,7,0,0,0,0,0,582221,0,0,0,0,53,0,0,0,0,0,0,0,0,0,0,0,0,0,0,0,0,0,0,0,0,0,0,105,39,0,140,0,0,0,0,0
443,0,8,0,0,0,0,0,582221,0,0,0,0,50,0,0,0,0,0,0,0,0,0,0,0,0,0,0,0,0,0,0,0,0,0,0,52,0,42,107,0,0,0,0,0
443,0,9,0,0,0,0,0,582221,0,0,0,0,47,0,0,0,0,0,0,0,0,0,0,0,0,0,0,0,0,0,0,0,0,0,365,42,0,0,53,0,0,0,0,0
443,0,10,0,0,0,0,0,582221,0,0,0,0,53,0,0,0,0,0,0,0,0,0,0,0,0,0,0,0,0,0,0,0,0,0,0,91,92,0,118,0,0,0,0,0
443,0,11,0,0,0,0,0,582221,0,0,0,0,53,0,0,0,0,0,0,0,0,0,0,0,0,0,0,0,0,0,0,0,0,0,0,39,39,0,94,0,0,0,0,0
443,0,12,0,0,0,0,0,582221,0,0,0,0,47,0,0,0,0,0,0,0,0,0,0,0,0,0,0,0,0,0,0,0,0,0,0,0,0,45,93,0,0,0,0,0
443,0,13,0,0,0,0,0,582221,0,0,0,0,53,0,0,0,0,0,0,0,0,0,0,0,0,0,0,0,0,0,0,0,0,0,178,0,0,0,109,0,0,0,0,0
443,0,14,0,0,0,0,0,582221,0,0,0,0,53,0,0,0,0,0,0,0,0,0,0,0,0,0,0,0,0,0,0,0,0,0,0,0,80,0,60,0,0,0,0,0
443,0,15,0,0,0,0,0,582221,0,0,0,0,41,0,0,0,0,0,0,0,0,0,0,0,0,0,0,0,0,0,0,0,0,0,0,0,39,0,89,0,0,0,0,0
444,0,0,0,0,0,0,0,1163819,0,0,8116,67584,136,0,0,0,0,0,15852,0,0,0,0,0,0,0,0,8116,8116,0,0,0,87205,67584,0,294,0,136,284,0,0,0,0,293783
444,0,1,0,0,0,0,0,581910,15852,0,0,0,5876,0,0,0,0,0,15852,0,0,0,0,0,0,0,0,0,2973,0,0,0,52081,0,0,84,171,3494,11375,0,0,292781,0,0
444,0,2,0,0,0,0,0,581910,0,0,0,0,4832,292864,0,0,0,0,0,0,0,0,0,0,0,0,0,0,0,0,0,0,0,59695,0,249,3422,282,9696,0,0,1,0,292864
444,0,3,0,0,0,0,0,581910,0,0,0,0,47,0,0,0,0,0,0,0,0,0,0,0,0,0,0,0,0,0,0,0,0,0,0,92,45,0,54,0,0,0,0,0
444,0,4,0,0,0,0,0,581910,0,0,0,0,47,0,0,0,0,0,0,0,0,0,0,0,0,0,0,0,0,0,0,0,0,0,0,87,0,45,62,0,0,0,0,0
444,0,5,0,0,0,0,0,581910,0,0,0,0,47,0,0,0,0,0,0,0,0,0,0,0,0,0,0,0,0,0,0,0,0,0,537,148,0,0,109,0,0,0,0,0
444,0,6,0,0,0,0,0,581910,0,0,0,0,47,0,0,0,0,0,0,0,0,0,0,0,0,0,0,0,0,0,0,0,0,0,0,40,98,0,52,0,0,0,0,0
444,0,7,0,0,0,0,0,581910,0,0,0,0,53,0,0,0,0,0,0,0,0,0,0,0,0,0,0,0,0,0,0,0,0,0,0,104,39,0,140,0,0,0,0,0
444,0,8,0,0,0,0,0,581910,0,0,0,0,50,0,0,0,0,0,0,0,0,0,0,0,0,0,0,0,0,0,0,0,0,0,0,52,0,42,107,0,0,0,0,0
444,0,9,0,0,0,0,0,581910,0,0,0,0,47,0,0,0,0,0,0,0,0,0,0,0,0,0,0,0,0,0,0,0,0,0,365,42,0,0,53,0,0,0,0,0
444,0,10,0,0,0,0,0,581910,0,0,0,0,53,0,0,0,0,0,0,0,0,0,0,0,0,0,0,0,0,0,0,0,0,0,0,91,92,0,118,0,0,0,0,0
444,0,11,0,0,0,0,0,581910,0,0,0,0,53,0,0,0,0,0,0,0,0,0,0,0,0,0,0,0,0,0,0,0,0,0,0,40,39,0,94,0,0,0,0,0
444,0,12,0,0,0,0,0,581910,0,0,0,0,47,0,0,0,0,0,0,0,0,0,0,0,0,0,0,0,0,0,0,0,0,0,0,0,0,45,93,0,0,0,0,0
444,0,13,0,0,0,0,0,581910,0,0,0,0,53,0,0,0,0,0,0,0,0,0,0,0,0,0,0,0,0,0,0,0,0,0,178,0,0,0,109,0,0,0,0,0
444,0,14,0,0,0,0,0,581910,0,0,0,0,53,0,0,0,0,0,0,0,0,0,0,0,0,0,0,0,0,0,0,0,0,0,0,0,80,0,60,0,0,0,0,0
444,0,15,0,0,0,0,0,581910,0,0,0,0,41,0,0,0,0,0,0,0,0,0,0,0,0,0,0,0,0,0,0,0,0,0,0,0,39,0,88,0,0,0,0,0
445,0,0,0,0,0,0,0,1348818,0,0,8196,135168,136,0,0,0,0,0,15978,0,0,0,0,0,0,0,0,8196,8196,0,0,0,158061,135168,0,294,0,136,284,0,0,0,0,677395
445,0,1,0,0,0,0,0,674409,15978,0,0,0,6275,0,0,0,0,0,15978,0,0,0,0,0,0,0,0,0,4892,0,0,0,96180,0,0,84,169,3178,11007,0,0,291849,0,0
445,0,2,0,0,0,0,0,674409,0,0,0,0,2886,292864,0,0,0,0,0,0,0,0,0,0,0,0,0,0,0,0,0,0,51027,59958,0,249,4267,3082,5347,0,0,295377,0,267998
445,0,3,0,0,0,0,0,674409,0,0,0,0,2965,292864,0,0,0,0,0,0,0,0,0,0,0,0,0,0,0,0,0,0,0,60448,0,92,1224,0,4271,0,0,24540,0,276504
445,0,4,0,0,0,0,0,674409,0,0,0,0,47,0,0,0,0,0,0,0,0,0,0,0,0,0,0,0,0,0,0,0,0,0,0,87,0,45,61,0,0,0,0,0
445,0,5,0,0,0,0,0,674409,0,0,0,0,47,0,0,0,0,0,0,0,0,0,0,0,0,0,0,0,0,0,0,0,0,0,537,148,0,0,109,0,0,0,0,0
445,0,6,0,0,0,0,0,674409,0,0,0,0,47,0,0,0,0,0,0,0,0,0,0,0,0,0,0,0,0,0,0,0,0,0,0,40,98,0,52,0,0,0,0,0
445,0,7,0,0,0,0,0,674409,0,0,0,0,53,0,0,0,0,0,0,0,0,0,0,0,0,0,0,0,0,0,0,0,0,0,0,105,39,0,140,0,0,0,0,0
445,0,8,0,0,0,0,0,674409,0,0,0,0,50,0,0,0,0,0,0,0,0,0,0,0,0,0,0,0,0,0,0,0,0,0,0,52,0,42,107,0,0,0,0,0
445,0,9,0,0,0,0,0,674409,0,0,0,0,47,0,0,0,0,0,0,0,0,0,0,0,0,0,0,0,0,0,0,0,0,0,365,42,0,0,53,0,0,0,0,0
445,0,10,0,0,0,0,0,674409,0,0,0,0,53,0,0,0,0,0,0,0,0,0,0,0,0,0,0,0,0,0,0,0,0,0,0,91,92,0,118,0,0,0,0,0
445,0,11,0,0,0,0,0,674409,0,0,0,0,53,0,0,0,0,0,0,0,0,0,0,0,0,0,0,0,0,0,0,0,0,0,0,40,39,0,94,0,0,0,0,0
445,0,12,0,0,0,0,0,674409,0,0,0,0,47,0,0,0,0,0,0,0,0,0,0,0,0,0,0,0,0,0,0,0,0,0,0,0,0,45,93,0,0,0,0,0
445,0,13,0,0,0,0,0,674409,0,0,0,0,53,0,0,0,0,0,0,0,0,0,0,0,0,0,0,0,0,0,0,0,0,0,178,0,0,0,109,0,0,0,0,0
445,0,14,0,0,0,0,0,674409,0,0,0,0,53,0,0,0,0,0,0,0,0,0,0,0,0,0,0,0,0,0,0,0,0,0,0,0,80,0,60,0,0,0,0,0
445,0,15,0,0,0,0,0,674409,0,0,0,0,41,0,0,0,0,0,0,0,0,0,0,0,0,0,0,0,0,0,0,0,0,0,0,0,39,0,89,0,0,0,0,0
446,0,0,0,0,0,0,0,1348940,0,0,8196,135168,136,0,0,0,0,0,15978,0,0,0,0,0,0,0,0,8196,8196,0,0,0,158015,135168,0,294,0,136,284,0,0,0,0,677216
446,0,1,0,0,0,0,0,674470,15978,0,0,0,6280,0,0,0,0,0,15978,0,0,0,0,0,0,0,0,0,4911,0,0,0,96078,0,0,84,169,3173,11015,0,0,291851,0,0
446,0,2,0,0,0,0,0,674470,0,0,0,0,2887,292864,0,0,0,0,0,0,0,0,0,0,0,0,0,0,0,0,0,0,51031,60006,0,249,4264,3087,5349,0,0,295369,0,267985
446,0,3,0,0,0,0,0,674470,0,0,0,0,2964,292864,0,0,0,0,0,0,0,0,0,0,0,0,0,0,0,0,0,0,0,60442,0,91,1225,0,4266,0,0,24558,0,276493
446,0,4,0,0,0,0,0,674470,0,0,0,0,47,0,0,0,0,0,0,0,0,0,0,0,0,0,0,0,0,0,0,0,0,0,0,87,0,45,61,0,0,0,0,0
446,0,5,0,0,0,0,0,674470,0,0,0,0,47,0,0,0,0,0,0,0,0,0,0,0,0,0,0,0,0,0,0,0,0,0,537,148,0,0,109,0,0,0,0,0
446,0,6,0,0,0,0,0,674470,0,0,0,0,47,0,0,0,0,0,0,0,0,0,0,0,0,0,0,0,0,0,0,0,0,0,0,40,98,0,52,0,0,0,0,0
446,0,7,0,0,0,0,0,674470,0,0,0,0,53,0,0,0,0,0,0,0,0,0,0,0,0,0,0,0,0,0,0,0,0,0,0,106,39,0,140,0,0,0,0,0
446,0,8,0,0,0,0,0,674470,0,0,0,0,50,0,0,0,0,0,0,0,0,0,0,0,0,0,0,0,0,0,0,0,0,0,0,52,0,42,107,0,0,0,0,0
446,0,9,0,0,0,0,0,674470,0,0,0,0,47,0,0,0,0,0,0,0,0,0,0,0,0,0,0,0,0,0,0,0,0,0,365,42,0,0,53,0,0,0,0,0
446,0,10,0,0,0,0,0,674470,0,0,0,0,53,0,0,0,0,0,0,0,0,0,0,0,0,0,0,0,0,0,0,0,0,0,0,91,92,0,118,0,0,0,0,0
446,0,11,0,0,0,0,0,674470,0,0,0,0,53,0,0,0,0,0,0,0,0,0,0,0,0,0,0,0,0,0,0,0,0,0,0,39,39,0,94,0,0,0,0,0
446,0,12,0,0,0,0,0,674470,0,0,0,0,47,0,0,0,0,0,0,0,0,0,0,0,0,0,0,0,0,0,0,0,0,0,0,0,0,45,93,0,0,0,0,0
446,0,13,0,0,0,0,0,674470,0,0,0,0,53,0,0,0,0,0,0,0,0,0,0,0,0,0,0,0,0,0,0,0,0,0,178,0,0,0,109,0,0,0,0,0
446,0,14,0,0,0,0,0,674470,0,0,0,0,53,0,0,0,0,0,0,0,0,0,0,0,0,0,0,0,0,0,0,0,0,0,0,0,80,0,60,0,0,0,0,0
446,0,15,0,0,0,0,0,674470,0,0,0,0,41,0,0,0,0,0,0,0,0,0,0,0,0,0,0,0,0,0,0,0,0,0,0,0,39,0,90,0,0,0,0,0
447,0,0,0,0,0,0,0,1348912,0,0,8196,135168,136,0,0,0,0,0,15975,0,0,0,0,0,0,0,0,8196,8196,0,0,0,158000,135168,0,294,0,136,284,0,0,0,0,677205
447,0,1,0,0,0,0,0,674456,15975,0,0,0,6280,0,0,0,0,0,15975,0,0,0,0,0,0,0,0,0,4884,0,0,0,96052,0,0,84,170,3172,11018,0,0,291850,0,0
447,0,2,0,0,0,0,0,674456,0,0,0,0,2889,292864,0,0,0,0,0,0,0,0,0,0,0,0,0,0,0,0,0,0,51015,60020,0,249,4261,3088,5351,0,0,295367,0,267988
447,0,3,0,0,0,0,0,674456,0,0,0,0,2963,292864,0,0,0,0,0,0,0,0,0,0,0,0,0,0,0,0,0,0,0,60444,0,91,1226,0,4264,0,0,24558,0,276493
447,0,4,0,0,0,0,0,674456,0,0,0,0,47,0,0,0,0,0,0,0,0,0,0,0,0,0,0,0,0,0,0,0,0,0,0,87,0,45,62,0,0,0,0,0
447,0,5,0,0,0,0,0,674456,0,0,0,0,47,0,0,0,0,0,0,0,0,0,0,0,0,0,0,0,0,0,0,0,0,0,537,148,0,0,109,0,0,0,0,0
447,0,6,0,0,0,0,0,674456,0,0,0,0,47,0,0,0,0,0,0,0,0,0,0,0,0,0,0,0,0,0,0,0,0,0,0,40,98,0,52,0,0,0,0,0
447,0,7,0,0,0,0,0,674456,0,0,0,0,53,0,0,0,0,0,0,0,0,0,0,0,0,0,0,0,0,0,0,0,0,0,0,106,39,0,140,0,0,0,0,0
447,0,8,0,0,0,0,0,674456,0,0,0,0,50,0,0,0,0,0,0,0,0,0,0,0,0,0,0,0,0,0,0,0,0,0,0,52,0,42,107,0,0,0,0,0
447,0,9,0,0,0,0,0,674456,0,0,0,0,47,0,0,0,0,0,0,0,0,0,0,0,0,0,0,0,0,0,0,0,0,0,365,42,0,0,53,0,0,0,0,0
447,0,10,0,0,0,0,0,674456,0,0,0,0,53,0,0,0,0,0,0,0,0,0,0,0,0,0,0,0,0,0,0,0,0,0,0,91,92,0,118,0,0,0,0,0
447,0,11,0,0,0,0,0,674456,0,0,0,0,53,0,0,0,0,0,0,0,0,0,0,0,0,0,0,0,0,0,0,0,0,0,0,39,39,0,94,0,0,0,0,0
447,0,12,0,0,0,0,0,674456,0,0,0,0,47,0,0,0,0,0,0,0,0,0,0,0,0,0,0,0,0,0,0,0,0,0,0,0,0,45,93,0,0,0,0,0
447,0,13,0,0,0,0,0,674456,0,0,0,0,53,0,0,0,0,0,0,0,0,0,0,0,0,0,0,0,0,0,0,0,0,0,178,0,0,0,109,0,0,0,0,0
447,0,14,0,0,0,0,0,674456,0,0,0,0,53,0,0,0,0,0,0,0,0,0,0,0,0,0,0,0,0,0,0,0,0,0,0,0,80,0,60,0,0,0,0,0
447,0,15,0,0,0,0,0,674456,0,0,0,0,41,0,0,0,0,0,0,0,0,0,0,0,0,0,0,0,0,0,0,0,0,0,0,0,39,0,90,0,0,0,0,0
448,0,0,0,0,0,0,0,1866384,0,0,12492,270336,136,0,0,0,0,0,22431,0,0,0,0,0,0,0,0,12492,12492,0,103525,0,254794,270336,0,3421,0,136,284,0,0,0,0,1531688
448,0,1,0,0,0,0,0,933192,22431,0,0,0,9335,0,0,0,0,0,22431,0,0,0,0,0,0,0,0,0,6125,0,51630,0,95760,0,0,1165,1236,2268,16201,0,0,689798,0,0
448,0,2,0,0,0,0,0,933192,0,0,0,0,2140,292864,0,0,0,0,0,0,0,0,0,0,0,0,0,0,0,0,0,0,51670,60657,0,249,3294,2397,4241,0,0,542282,0,242475
448,0,3,0,0,0,0,0,933192,0,0,0,0,2225,292864,0,0,0,0,0,0,0,0,0,0,0,0,0,0,0,0,0,0,0,60603,0,91,986,0,3239,0,0,219561,0,239618
448,0,4,0,0,0,0,0,933192,0,0,0,0,2163,292864,0,0,0,0,0,0,0,0,0,0,0,0,0,0,0,0,0,0,0,60697,0,87,0,1054,3243,558052,0,0,0,243138
448,0,5,0,0,0,0,0,933192,0,0,0,0,2156,292864,0,0,0,0,0,0,0,0,0,0,0,0,0,0,0,0,0,0,0,60524,3668,148,0,1,4264,0,0,211071,0,246429
448,0,6,0,0,0,0,0,933192,0,0,0,0,47,0,0,0,0,0,0,0,0,0,0,0,0,0,0,0,0,0,0,0,0,0,0,40,98,1,52,0,0,0,0,0
448,0,7,0,0,0,0,0,933192,0,0,0,0,53,0,0,0,0,0,0,0,0,0,0,0,0,0,0,0,0,0,0,0,0,0,0,107,39,0,140,0,0,0,0,0
448,0,8,0,0,0,0,0,933192,0,0,0,0,50,0,0,0,0,0,0,0,0,0,0,0,0,0,0,0,0,0,0,0,0,0,0,52,0,42,107,0,0,0,0,0
448,0,9,0,0,0,0,0,933192,0,0,0,0,47,0,0,0,0,0,0,0,0,0,0,0,0,0,0,0,0,0,0,0,0,0,365,42,0,0,53,0,0,0,0,0
448,0,10,0,0,0,0,0,933192,0,0,0,0,53,0,0,0,0,0,0,0,0,0,0,0,0,0,0,0,0,0,0,0,0,0,0,91,92,0,118,0,0,0,0,0
448,0,11,0,0,0,0,0,933192,0,0,0,0,53,0,0,0,0,0,0,0,0,0,0,0,0,0,0,0,0,0,0,0,0,0,0,40,39,0,94,0,0,0,0,0
448,0,12,0,0,0,0,0,933192,0,0,0,0,47,0,0,0,0,0,0,0,0,0,0,0,0,0,0,0,0,0,0,0,0,0,0,0,0,45,93,0,0,0,0,0
448,0,13,0,0,0,0,0,933192,0,0,0,0,53,0,0,0,0,0,0,0,0,0,0,0,0,0,0,0,0,0,0,0,0,0,178,0,0,0,109,0,0,0,0,0
448,0,14,0,0,0,0,0,933192,0,0,0,0,53,0,0,0,0,0,0,0,0,0,0,0,0,0,0,0,0,0,0,0,0,0,0,0,80,0,60,0,0,0,0,0
448,0,15,0,0,0,0,0,933192,0,0,0,0,41,0,0,0,0,0,0,0,0,0,0,0,0,0,0,0,0,0,0,0,0,0,0,0,39,0,91,0,0,0,0,0
449,0,0,0,0,0,0,0,1872639,0,0,12534,270336,136,0,0,0,0,0,22497,0,0,0,0,0,0,0,0,12534,12534,0,103725,0,254465,270336,0,3431,0,136,284,0,0,0,0,1539079
449,0,1,0,0,0,0,0,936320,22497,0,0,0,9296,0,0,0,0,0,22497,0,0,0,0,0,0,0,0,0,6117,0,51608,0,95785,0,0,1167,1292,2291,16196,0,0,690234,0,0
449,0,2,0,0,0,0,0,936320,0,0,0,0,2136,292864,0,0,0,0,0,0,0,0,0,0,0,0,0,0,0,0,0,0,51723,60743,0,249,3267,2371,4262,0,0,546177,0,241536
449,0,3,0,0,0,0,0,936320,0,0,0,0,2184,292864,0,0,0,0,0,0,0,0,0,0,0,0,0,0,0,0,0,0,0,60560,0,91,1039,0,3236,0,0,214501,0,240336
449,0,4,0,0,0,0,0,936320,0,0,0,0,2205,292864,0,0,0,0,0,0,0,0,0,0,0,0,0,0,0,0,0,0,0,60707,0,87,0,1022,3343,561787,0,0,0,242662
449,0,5,0,0,0,0,0,936320,0,0,0,0,2173,292864,0,0,0,0,0,0,0,0,0,0,0,0,0,0,0,0,0,0,0,60453,3703,148,0,1,4289,0,0,203147,0,246894
449,0,6,0,0,0,0,0,936320,0,0,0,0,47,0,0,0,0,0,0,0,0,0,0,0,0,0,0,0,0,0,0,0,0,0,0,40,98,1,52,0,0,0,0,0
449,0,7,0,0,0,0,0,936320,0,0,0,0,53,0,0,0,0,0,0,0,0,0,0,0,0,0,0,0,0,0,0,0,0,0,0,107,39,0,140,0,0,0,0,0
449,0,8,0,0,0,0,0,936320,0,0,0,0,50,0,0,0,0,0,0,0,0,0,0,0,0,0,0,0,0,0,0,0,0,0,0,52,0,42,107,0,0,0,0,0
449,0,9,0,0,0,0,0,936320,0,0,0,0,47,0,0,0,0,0,0,0,0,0,0,0,0,0,0,0,0,0,0,0,0,0,365,42,0,0,53,0,0,0,0,0
449,0,10,0,0,0,0,0,936320,0,0,0,0,53,0,0,0,0,0,0,0,0,0,0,0,0,0,0,0,0,0,0,0,0,0,0,91,92,0,118,0,0,0,0,0
449,0,11,0,0,0,0,0,936320,0,0,0,0,53,0,0,0,0,0,0,0,0,0,0,0,0,0,0,0,0,0,0,0,0,0,0,40,39,0,94,0,0,0,0,0
449,0,12,0,0,0,0,0,936320,0,0,0,0,47,0,0,0,0,0,0,0,0,0,0,0,0,0,0,0,0,0,0,0,0,0,0,0,0,45,93,0,0,0,0,0
449,0,13,0,0,0,0,0,936320,0,0,0,0,53,0,0,0,0,0,0,0,0,0,0,0,0,0,0,0,0,0,0,0,0,0,178,0,0,0,109,0,0,0,0,0
449,0,14,0,0,0,0,0,936320,0,0,0,0,53,0,0,0,0,0,0,0,0,0,0,0,0,0,0,0,0,0,0,0,0,0,0,0,80,0,60,0,0,0,0,0
449,0,15,0,0,0,0,0,936320,0,0,0,0,41,0,0,0,0,0,0,0,0,0,0,0,0,0,0,0,0,0,0,0,0,0,0,0,39,0,91,0,0,0,0,0
450,0,0,0,0,0,0,0,1872071,0,0,12544,270336,136,0,0,0,0,0,22512,0,0,0,0,0,0,0,0,12544,12544,0,103295,0,256396,270336,0,3431,0,136,284,0,0,0,0,1529358
450,0,1,0,0,0,0,0,936035,22512,0,0,0,9288,0,0,0,0,0,22512,0,0,0,0,0,0,0,0,0,6170,0,51455,0,96341,0,0,1185,1292,2291,16235,0,0,679868,0,0
450,0,2,0,0,0,0,0,936035,0,0,0,0,2129,292864,0,0,0,0,0,0,0,0,0,0,0,0,0,0,0,0,0,0,51479,60753,0,249,3281,2376,4262,0,0,535490,0,242031
450,0,3,0,0,0,0,0,936035,0,0,0,0,2183,292864,0,0,0,0,0,0,0,0,0,0,0,0,0,0,0,0,0,0,0,60711,0,91,1044,0,3234,0,0,206248,0,241245
450,0,4,0,0,0,0,0,936035,0,0,0,0,2214,292864,0,0,0,0,0,0,0,0,0,0,0,0,0,0,0,0,0,0,0,60542,0,87,0,1013,3350,553911,0,0,0,245404
450,0,5,0,0,0,0,0,936035,0,0,0,0,2230,292864,0,0,0,0,0,0,0,0,0,0,0,0,0,0,0,0,0,0,0,60700,3652,148,0,2,4326,0,0,227748,0,243737
450,0,6,0,0,0,0,0,936035,0,0,0,0,47,0,0,0,0,0,0,0,0,0,0,0,0,0,0,0,0,0,0,0,0,0,0,40,98,0,52,0,0,0,0,0
450,0,7,0,0,0,0,0,936035,0,0,0,0,53,0,0,0,0,0,0,0,0,0,0,0,0,0,0,0,0,0,0,0,0,0,0,108,39,0,140,0,0,0,0,0
450,0,8,0,0,0,0,0,936035,0,0,0,0,50,0,0,0,0,0,0,0,0,0,0,0,0,0,0,0,0,0,0,0,0,0,0,52,0,42,107,0,0,0,0,0
450,0,9,0,0,0,0,0,936035,0,0,0,0,47,0,0,0,0,0,0,0,0,0,0,0,0,0,0,0,0,0,0,0,0,0,365,42,0,0,53,0,0,0,0,0
450,0,10,0,0,0,0,0,936035,0,0,0,0,53,0,0,0,0,0,0,0,0,0,0,0,0,0,0,0,0,0,0,0,0,0,0,91,92,0,118,0,0,0,0,0
450,0,11,0,0,0,0,0,936035,0,0,0,0,53,0,0,0,0,0,0,0,0,0,0,0,0,0,0,0,0,0,0,0,0,0,0,39,39,0,94,0,0,0,0,0
450,0,12,0,0,0,0,0,936035,0,0,0,0,47,0,0,0,0,0,0,0,0,0,0,0,0,0,0,0,0,0,0,0,0,0,0,0,0,45,93,0,0,0,0,0
450,0,13,0,0,0,0,0,936035,0,0,0,0,53,0,0,0,0,0,0,0,0,0,0,0,0,0,0,0,0,0,0,0,0,0,178,0,0,0,109,0,0,0,0,0
450,0,14,0,0,0,0,0,936035,0,0,0,0,53,0,0,0,0,0,0,0,0,0,0,0,0,0,0,0,0,0,0,0,0,0,0,0,80,0,60,0,0,0,0,0
450,0,15,0,0,0,0,0,936035,0,0,0,0,41,0,0,0,0,0,0,0,0,0,0,0,0,0,0,0,0,0,0,0,0,0,0,0,39,0,92,0,0,0,0,0
451,0,0,0,0,0,0,0,2940240,0,0,19452,405504,136,0,0,0,0,0,32886,0,0,0,0,0,0,0,0,19452,19452,0,103699,0,406019,405504,0,2581,0,136,284,0,0,0,0,2192052
451,0,1,0,0,0,0,0,1470120,32886,0,0,0,13843,0,0,0,0,0,32886,0,0,0,0,0,0,0,0,0,9471,0,51635,0,180493,0,0,1229,943,4951,24433,0,0,671300,0,0
451,0,2,0,0,0,0,0,1470120,0,0,0,0,1432,292864,0,0,0,0,0,0,0,0,0,0,0,0,0,0,0,0,51922,0,95318,60536,0,3247,2157,4919,2914,0,0,522979,0,244606
451,0,3,0,0,0,0,0,1470120,0,0,0,0,1409,292864,0,0,0,0,0,0,0,0,0,0,0,0,0,0,0,0,50681,0,0,60625,0,1646,771,0,2140,0,0,225556,0,239010
451,0,4,0,0,0,0,0,1470120,0,0,0,0,1559,292864,0,0,0,0,0,0,0,0,0,0,0,0,0,0,0,0,0,0,0,60584,0,87,0,818,2346,1009177,0,0,0,242016
451,0,5,0,0,0,0,0,1470120,0,0,0,0,2282,292864,0,0,0,0,0,0,0,0,0,0,0,0,0,0,0,0,0,0,0,60414,8037,148,0,0,4544,0,0,1056956,0,243185
451,0,6,0,0,0,0,0,1470120,0,0,0,0,3215,292864,0,0,0,0,0,0,0,0,0,0,0,0,0,0,0,0,0,0,0,61086,0,40,4856,2,5043,0,0,1057313,0,240690
451,0,7,0,0,0,0,0,1470120,0,0,0,0,3161,292864,0,0,0,0,0,0,0,0,0,0,0,0,0,0,0,0,0,0,0,59896,0,106,1752,0,6517,0,0,432921,0,241534
451,0,8,0,0,0,0,0,1470120,0,0,0,0,50,0,0,0,0,0,0,0,0,0,0,0,0,0,0,0,0,0,0,0,0,0,0,52,0,42,107,0,0,0,0,0
451,0,9,0,0,0,0,0,1470120,0,0,0,0,47,0,0,0,0,0,0,0,0,0,0,0,0,0,0,0,0,0,0,0,0,0,365,42,0,0,53,0,0,0,0,0
451,0,10,0,0,0,0,0,1470120,0,0,0,0,53,0,0,0,0,0,0,0,0,0,0,0,0,0,0,0,0,0,0,0,0,0,0,91,92,0,118,0,0,0,0,0
451,0,11,0,0,0,0,0,1470120,0,0,0,0,53,0,0,0,0,0,0,0,0,0,0,0,0,0,0,0,0,0,0,0,0,0,0,43,39,0,94,0,0,0,0,0
451,0,12,0,0,0,0,0,1470120,0,0,0,0,47,0,0,0,0,0,0,0,0,0,0,0,0,0,0,0,0,0,0,0,0,0,0,0,0,45,93,0,0,0,0,0
451,0,13,0,0,0,0,0,1470120,0,0,0,0,53,0,0,0,0,0,0,0,0,0,0,0,0,0,0,0,0,0,0,0,0,0,178,0,0,0,109,0,0,0,0,0
451,0,14,0,0,0,0,0,1470120,0,0,0,0,53,0,0,0,0,0,0,0,0,0,0,0,0,0,0,0,0,0,0,0,0,0,0,0,80,0,60,0,0,0,0,0
451,0,15,0,0,0,0,0,1470120,0,0,0,0,41,0,0,0,0,0,0,0,0,0,0,0,0,0,0,0,0,0,0,0,0,0,0,0,39,0,90,0,0,0,0,0
452,0,0,0,0,0,0,0,2936918,0,0,19476,405504,136,0,0,0,0,0,32922,0,0,0,0,0,0,0,0,19476,19476,0,103591,0,407529,405504,0,2579,0,136,284,0,0,0,0,2196770
452,0,1,0,0,0,0,0,1468459,32922,0,0,0,14643,0,0,0,0,0,32922,0,0,0,0,0,0,0,0,0,9502,0,51600,0,181789,0,0,1208,956,4183,25217,0,0,670675,0,0
452,0,2,0,0,0,0,0,1468459,0,0,0,0,1460,292864,0,0,0,0,0,0,0,0,0,0,0,0,0,0,0,0,50489,0,96129,60538,0,3756,2214,5188,2960,0,0,524567,0,243938
452,0,3,0,0,0,0,0,1468459,0,0,0,0,1482,292864,0,0,0,0,0,0,0,0,0,0,0,0,0,0,0,0,52037,0,0,60656,0,1407,710,0,2195,0,0,224220,0,238998
452,0,4,0,0,0,0,0,1468459,0,0,0,0,1558,292864,0,0,0,0,0,0,0,0,0,0,0,0,0,0,0,0,0,0,0,60660,0,87,0,817,2359,1000144,0,0,0,241821
452,0,5,0,0,0,0,0,1468459,0,0,0,0,2265,292864,0,0,0,0,0,0,0,0,0,0,0,0,0,0,0,0,0,0,0,60444,8020,148,0,0,4546,0,0,1064956,0,243546
452,0,6,0,0,0,0,0,1468459,0,0,0,0,3087,292864,0,0,0,0,0,0,0,0,0,0,0,0,0,0,0,0,0,0,0,61072,0,40,4891,2,4410,0,0,1048928,0,243470
452,0,7,0,0,0,0,0,1468459,0,0,0,0,3063,292864,0,0,0,0,0,0,0,0,0,0,0,0,0,0,0,0,0,0,0,60639,0,107,1849,0,6658,0,0,436168,0,239829
452,0,8,0,0,0,0,0,1468459,0,0,0,0,50,0,0,0,0,0,0,0,0,0,0,0,0,0,0,0,0,0,0,0,0,0,0,52,0,42,107,0,0,0,0,0
452,0,9,0,0,0,0,0,1468459,0,0,0,0,47,0,0,0,0,0,0,0,0,0,0,0,0,0,0,0,0,0,0,0,0,0,365,42,0,0,53,0,0,0,0,0
452,0,10,0,0,0,0,0,1468459,0,0,0,0,53,0,0,0,0,0,0,0,0,0,0,0,0,0,0,0,0,0,0,0,0,0,0,91,92,0,118,0,0,0,0,0
452,0,11,0,0,0,0,0,1468459,0,0,0,0,53,0,0,0,0,0,0,0,0,0,0,0,0,0,0,0,0,0,0,0,0,0,0,42,39,0,94,0,0,0,0,0
452,0,12,0,0,0,0,0,1468459,0,0,0,0,47,0,0,0,0,0,0,0,0,0,0,0,0,0,0,0,0,0,0,0,0,0,0,0,0,45,93,0,0,0,0,0
452,0,13,0,0,0,0,0,1468459,0,0,0,0,53,0,0,0,0,0,0,0,0,0,0,0,0,0,0,0,0,0,0,0,0,0,178,0,0,0,109,0,0,0,0,0
452,0,14,0,0,0,0,0,1468459,0,0,0,0,53,0,0,0,0,0,0,0,0,0,0,0,0,0,0,0,0,0,0,0,0,0,0,0,80,0,60,0,0,0,0,0
452,0,15,0,0,0,0,0,1468459,0,0,0,0,41,0,0,0,0,0,0,0,0,0,0,0,0,0,0,0,0,0,0,0,0,0,0,0,39,0,91,0,0,0,0,0
453,0,0,0,0,0,0,0,2936678,0,0,19452,405504,136,0,0,0,0,0,32886,0,0,0,0,0,0,0,0,19452,19452,0,103644,0,407358,405504,0,2579,0,136,284,0,0,0,0,2195231
453,0,1,0,0,0,0,0,1468339,32886,0,0,0,13987,0,0,0,0,0,32886,0,0,0,0,0,0,0,0,0,9529,0,51520,0,181606,0,0,1185,942,4852,24495,0,0,666866,0,0
453,0,2,0,0,0,0,0,1468339,0,0,0,0,1442,292864,0,0,0,0,0,0,0,0,0,0,0,0,0,0,0,0,50505,0,96035,60584,0,3339,2208,4915,2936,0,0,522869,0,244172
453,0,3,0,0,0,0,0,1468339,0,0,0,0,1467,292864,0,0,0,0,0,0,0,0,0,0,0,0,0,0,0,0,51995,0,0,60605,0,1642,715,0,2206,0,0,221340,0,239454
453,0,4,0,0,0,0,0,1468339,0,0,0,0,1579,292864,0,0,0,0,0,0,0,0,0,0,0,0,0,0,0,0,0,0,0,60588,0,87,0,796,2367,999578,0,0,0,241995
453,0,5,0,0,0,0,0,1468339,0,0,0,0,2262,292864,0,0,0,0,0,0,0,0,0,0,0,0,0,0,0,0,0,0,0,60474,8068,148,0,0,4568,0,0,1069036,0,243310
453,0,6,0,0,0,0,0,1468339,0,0,0,0,3209,292864,0,0,0,0,0,0,0,0,0,0,0,0,0,0,0,0,0,0,0,61008,0,40,4863,2,4945,0,0,1052587,0,243620
453,0,7,0,0,0,0,0,1468339,0,0,0,0,3161,292864,0,0,0,0,0,0,0,0,0,0,0,0,0,0,0,0,0,0,0,60607,0,106,1749,0,6520,0,0,440080,0,239925
453,0,8,0,0,0,0,0,1468339,0,0,0,0,50,0,0,0,0,0,0,0,0,0,0,0,0,0,0,0,0,0,0,0,0,0,0,52,0,42,107,0,0,0,0,0
453,0,9,0,0,0,0,0,1468339,0,0,0,0,47,0,0,0,0,0,0,0,0,0,0,0,0,0,0,0,0,0,0,0,0,0,365,42,0,0,53,0,0,0,0,0
453,0,10,0,0,0,0,0,1468339,0,0,0,0,53,0,0,0,0,0,0,0,0,0,0,0,0,0,0,0,0,0,0,0,0,0,0,91,92,0,118,0,0,0,0,0
453,0,11,0,0,0,0,0,1468339,0,0,0,0,53,0,0,0,0,0,0,0,0,0,0,0,0,0,0,0,0,0,0,0,0,0,0,43,39,0,94,0,0,0,0,0
453,0,12,0,0,0,0,0,1468339,0,0,0,0,47,0,0,0,0,0,0,0,0,0,0,0,0,0,0,0,0,0,0,0,0,0,0,0,0,45,93,0,0,0,0,0
453,0,13,0,0,0,0,0,1468339,0,0,0,0,53,0,0,0,0,0,0,0,0,0,0,0,0,0,0,0,0,0,0,0,0,0,178,0,0,0,109,0,0,0,0,0
453,0,14,0,0,0,0,0,1468339,0,0,0,0,53,0,0,0,0,0,0,0,0,0,0,0,0,0,0,0,0,0,0,0,0,0,0,0,80,0,60,0,0,0,0,0
453,0,15,0,0,0,0,0,1468339,0,0,0,0,41,0,0,0,0,0,0,0,0,0,0,0,0,0,0,0,0,0,0,0,0,0,0,0,39,0,90,0,0,0,0,0
454,0,0,0,0,0,0,0,3742098,0,0,24722,540672,136,0,0,0,0,0,40800,0,0,0,0,0,0,0,0,24722,24722,0,190124,0,477440,540672,0,5712,0,136,284,0,0,0,0,2988885
454,0,1,0,0,0,0,0,1871049,40800,0,0,0,17388,0,0,0,0,0,40800,0,0,0,0,0,0,0,0,0,11536,0,96533,0,179217,0,0,2358,1989,4503,30621,0,0,661012,0,0
454,0,2,0,0,0,0,0,1871049,0,0,0,0,1076,292864,0,0,0,0,0,0,0,0,0,0,0,0,0,0,0,0,50773,0,95467,60530,0,3332,1680,4475,2198,0,0,514171,0,244579
454,0,3,0,0,0,0,0,1871049,0,0,0,0,1106,292864,0,0,0,0,0,0,0,0,0,0,0,0,0,0,0,0,51514,0,0,60711,0,1692,545,0,1650,0,0,211904,0,240455
454,0,4,0,0,0,0,0,1871049,0,0,0,0,1469,292864,0,0,0,0,0,0,0,0,0,0,0,0,0,0,0,0,50449,0,0,60547,0,1179,0,788,2211,1366164,0,0,0,246142
454,0,5,0,0,0,0,0,1871049,0,0,0,0,2325,292864,0,0,0,0,0,0,0,0,0,0,0,0,0,0,0,0,51269,0,0,60557,11137,2302,0,2,4611,0,0,1530618,0,236403
454,0,6,0,0,0,0,0,1871049,0,0,0,0,3253,292864,0,0,0,0,0,0,0,0,0,0,0,0,0,0,0,0,0,0,0,60766,0,40,4789,0,4944,0,0,1503898,0,239478
454,0,7,0,0,0,0,0,1871049,0,0,0,0,3184,292864,0,0,0,0,0,0,0,0,0,0,0,0,0,0,0,0,0,0,0,60408,0,108,1675,0,6440,0,0,643088,0,238199
454,0,8,0,0,0,0,0,1871049,0,0,0,0,2231,292864,0,0,0,0,0,0,0,0,0,0,0,0,0,0,0,0,0,0,0,59670,0,52,0,1110,4447,1208132,0,0,0,237368
454,0,9,0,0,0,0,0,1871049,0,0,0,0,2198,292864,0,0,0,0,0,0,0,0,0,0,0,0,0,0,0,0,0,0,0,60560,3643,42,0,1,3301,0,0,508658,0,235388
454,0,10,0,0,0,0,0,1871049,0,0,0,0,53,0,0,0,0,0,0,0,0,0,0,0,0,0,0,0,0,0,0,0,0,0,0,91,92,1,118,0,0,0,0,0
454,0,11,0,0,0,0,0,1871049,0,0,0,0,53,0,0,0,0,0,0,0,0,0,0,0,0,0,0,0,0,0,0,0,0,0,0,42,39,0,94,0,0,0,0,0
454,0,12,0,0,0,0,0,1871049,0,0,0,0,47,0,0,0,0,0,0,0,0,0,0,0,0,0,0,0,0,0,0,0,0,0,0,0,0,45,93,0,0,0,0,0
454,0,13,0,0,0,0,0,1871049,0,0,0,0,53,0,0,0,0,0,0,0,0,0,0,0,0,0,0,0,0,0,0,0,0,0,178,0,0,0,109,0,0,0,0,0
454,0,14,0,0,0,0,0,1871049,0,0,0,0,53,0,0,0,0,0,0,0,0,0,0,0,0,0,0,0,0,0,0,0,0,0,0,0,80,0,60,0,0,0,0,0
454,0,15,0,0,0,0,0,1871049,0,0,0,0,41,0,0,0,0,0,0,0,0,0,0,0,0,0,0,0,0,0,0,0,0,0,0,0,39,0,93,0,0,0,0,0
455,0,0,0,0,0,0,0,3743278,0,0,24686,540672,136,0,0,0,0,0,40749,0,0,0,0,0,0,0,0,24686,24686,0,190088,0,477887,540672,0,5702,0,136,284,0,0,0,0,2991490
455,0,1,0,0,0,0,0,1871639,40749,0,0,0,17384,0,0,0,0,0,40749,0,0,0,0,0,0,0,0,0,11540,0,96541,0,179323,0,0,2333,1956,4529,30564,0,0,664816,0,0
455,0,2,0,0,0,0,0,1871639,0,0,0,0,1093,292864,0,0,0,0,0,0,0,0,0,0,0,0,0,0,0,0,50757,0,95573,60569,0,3299,1624,4465,2218,0,0,514005,0,244411
455,0,3,0,0,0,0,0,1871639,0,0,0,0,1071,292864,0,0,0,0,0,0,0,0,0,0,0,0,0,0,0,0,51564,0,0,60646,0,1689,578,0,1622,0,0,209969,0,240492
455,0,4,0,0,0,0,0,1871639,0,0,0,0,1496,292864,0,0,0,0,0,0,0,0,0,0,0,0,0,0,0,0,50465,0,0,60512,0,1173,0,761,2211,1368748,0,0,0,246106
455,0,5,0,0,0,0,0,1871639,0,0,0,0,2307,292864,0,0,0,0,0,0,0,0,0,0,0,0,0,0,0,0,51301,0,0,60503,11210,2300,0,1,4608,0,0,1532456,0,236187
455,0,6,0,0,0,0,0,1871639,0,0,0,0,3235,292864,0,0,0,0,0,0,0,0,0,0,0,0,0,0,0,0,0,0,0,60786,0,40,4746,2,4955,0,0,1497322,0,239288
455,0,7,0,0,0,0,0,1871639,0,0,0,0,3128,292864,0,0,0,0,0,0,0,0,0,0,0,0,0,0,0,0,0,0,0,60444,0,106,1727,0,6383,0,0,639197,0,238407
455,0,8,0,0,0,0,0,1871639,0,0,0,0,2227,292864,0,0,0,0,0,0,0,0,0,0,0,0,0,0,0,0,0,0,0,59710,0,52,0,1104,4439,1210605,0,0,0,237402
455,0,9,0,0,0,0,0,1871639,0,0,0,0,2199,292864,0,0,0,0,0,0,0,0,0,0,0,0,0,0,0,0,0,0,0,60554,3629,42,0,0,3294,0,0,513075,0,235652
455,0,10,0,0,0,0,0,1871639,0,0,0,0,53,0,0,0,0,0,0,0,0,0,0,0,0,0,0,0,0,0,0,0,0,0,0,91,92,2,118,0,0,0,0,0
455,0,11,0,0,0,0,0,1871639,0,0,0,0,53,0,0,0,0,0,0,0,0,0,0,0,0,0,0,0,0,0,0,0,0,0,0,43,39,0,94,0,0,0,0,0
455,0,12,0,0,0,0,0,1871639,0,0,0,0,47,0,0,0,0,0,0,0,0,0,0,0,0,0,0,0,0,0,0,0,0,0,0,0,0,45,93,0,0,0,0,0
455,0,13,0,0,0,0,0,1871639,0,0,0,0,53,0,0,0,0,0,0,0,0,0,0,0,0,0,0,0,0,0,0,0,0,0,178,0,0,0,109,0,0,0,0,0
455,0,14,0,0,0,0,0,1871639,0,0,0,0,53,0,0,0,0,0,0,0,0,0,0,0,0,0,0,0,0,0,0,0,0,0,0,0,80,0,60,0,0,0,0,0
455,0,15,0,0,0,0,0,1871639,0,0,0,0,41,0,0,0,0,0,0,0,0,0,0,0,0,0,0,0,0,0,0,0,0,0,0,0,39,0,92,0,0,0,0,0
456,0,0,0,0,0,0,0,3747829,0,0,24794,540672,136,0,0,0,0,0,40911,0,0,0,0,0,0,0,0,24794,24794,0,189957,0,476722,540672,0,5708,0,136,284,0,0,0,0,2990564
456,0,1,0,0,0,0,0,1873915,40911,0,0,0,17597,0,0,0,0,0,40911,0,0,0,0,0,0,0,0,0,11405,0,96616,0,178391,0,0,2274,2005,4434,30788,0,0,664577,0,0
456,0,2,0,0,0,0,0,1873915,0,0,0,0,1088,292864,0,0,0,0,0,0,0,0,0,0,0,0,0,0,0,0,52013,0,94722,60582,0,3398,1656,4544,2236,0,0,515627,0,244223
456,0,3,0,0,0,0,0,1873915,0,0,0,0,1092,292864,0,0,0,0,0,0,0,0,0,0,0,0,0,0,0,0,50163,0,0,60688,0,1655,561,0,1650,0,0,212541,0,240278
456,0,4,0,0,0,0,0,1873915,0,0,0,0,1508,292864,0,0,0,0,0,0,0,0,0,0,0,0,0,0,0,0,50411,0,0,60550,0,1184,0,749,2260,1379194,0,0,0,246077
456,0,5,0,0,0,0,0,1873915,0,0,0,0,2273,292864,0,0,0,0,0,0,0,0,0,0,0,0,0,0,0,0,51372,0,0,60520,11275,2320,0,2,4609,0,0,1515835,0,236478
456,0,6,0,0,0,0,0,1873915,0,0,0,0,3280,292864,0,0,0,0,0,0,0,0,0,0,0,0,0,0,0,0,0,0,0,60859,0,40,4822,0,4949,0,0,1441084,0,235427
456,0,7,0,0,0,0,0,1873915,0,0,0,0,3199,292864,0,0,0,0,0,0,0,0,0,0,0,0,0,0,0,0,0,0,0,59592,0,109,1703,0,6536,0,0,597167,0,240084
456,0,8,0,0,0,0,0,1873915,0,0,0,0,2230,292864,0,0,0,0,0,0,0,0,0,0,0,0,0,0,0,0,0,0,0,59678,0,52,0,1107,4437,1188270,0,0,0,237389
456,0,9,0,0,0,0,0,1873915,0,0,0,0,2205,292864,0,0,0,0,0,0,0,0,0,0,0,0,0,0,0,0,0,0,0,60581,3631,42,0,1,3286,0,0,504132,0,235168
456,0,10,0,0,0,0,0,1873915,0,0,0,0,53,0,0,0,0,0,0,0,0,0,0,0,0,0,0,0,0,0,0,0,0,0,0,91,92,1,118,0,0,0,0,0
456,0,11,0,0,0,0,0,1873915,0,0,0,0,53,0,0,0,0,0,0,0,0,0,0,0,0,0,0,0,0,0,0,0,0,0,0,41,39,0,94,0,0,0,0,0
456,0,12,0,0,0,0,0,1873915,0,0,0,0,47,0,0,0,0,0,0,0,0,0,0,0,0,0,0,0,0,0,0,0,0,0,0,0,0,45,93,0,0,0,0,0
456,0,13,0,0,0,0,0,1873915,0,0,0,0,53,0,0,0,0,0,0,0,0,0,0,0,0,0,0,0,0,0,0,0,0,0,178,0,0,0,109,0,0,0,0,0
456,0,14,0,0,0,0,0,1873915,0,0,0,0,53,0,0,0,0,0,0,0,0,0,0,0,0,0,0,0,0,0,0,0,0,0,0,0,80,0,60,0,0,0,0,0
456,0,15,0,0,0,0,0,1873915,0,0,0,0,41,0,0,0,0,0,0,0,0,0,0,0,0,0,0,0,0,0,0,0,0,0,0,0,39,0,94,0,0,0,0,0
457,0,0,0,0,0,0,0,4571956,0,0,30318,675840,136,0,0,0,0,0,49209,0,0,0,0,0,0,0,0,30318,30318,0,190199,0,611451,675840,0,4640,0,136,284,0,0,0,0,3824671
457,0,1,0,0,0,0,0,2285978,49209,0,0,0,21184,0,0,0,0,0,49209,0,0,0,0,0,0,0,0,0,14557,0,96168,0,249646,0,0,2148,1619,6885,37088,0,0,663812,0,0
457,0,2,0,0,0,0,0,2285978,0,0,0,0,888,292864,0,0,0,0,0,0,0,0,0,0,0,0,0,0,0,0,96188,0,131818,60584,0,5891,1337,6743,1798,0,0,517361,0,244226
457,0,3,0,0,0,0,0,2285978,0,0,0,0,883,292864,0,0,0,0,0,0,0,0,0,0,0,0,0,0,0,0,95549,0,0,60713,0,3012,459,0,1337,0,0,211937,0,240274
457,0,4,0,0,0,0,0,2285978,0,0,0,0,1198,292864,0,0,0,0,0,0,0,0,0,0,0,0,0,0,0,0,50530,0,0,60471,0,967,0,601,1782,1771938,0,0,0,245988
457,0,5,0,0,0,0,0,2285978,0,0,0,0,1789,292864,0,0,0,0,0,0,0,0,0,0,0,0,0,0,0,0,51330,0,0,60524,14401,2695,0,2,3566,0,0,1703551,0,234521
457,0,6,0,0,0,0,0,2285978,0,0,0,0,2380,292864,0,0,0,0,0,0,0,0,0,0,0,0,0,0,0,0,50809,0,0,60514,0,1745,3705,1,3614,0,0,1576861,0,226846
457,0,7,0,0,0,0,0,2285978,0,0,0,0,2442,292864,0,0,0,0,0,0,0,0,0,0,0,0,0,0,0,0,51925,0,0,59859,0,3410,1203,0,4880,0,0,688917,0,227360
457,0,8,0,0,0,0,0,2285978,0,0,0,0,1785,292864,0,0,0,0,0,0,0,0,0,0,0,0,0,0,0,0,0,0,0,59849,0,52,0,942,3599,1919435,0,0,0,233870
457,0,9,0,0,0,0,0,2285978,0,0,0,0,2508,292864,0,0,0,0,0,0,0,0,0,0,0,0,0,0,0,0,0,0,0,60628,8394,42,0,0,3670,0,0,1960049,0,224261
457,0,10,0,0,0,0,0,2285978,0,0,0,0,3462,292864,0,0,0,0,0,0,0,0,0,0,0,0,0,0,0,0,0,0,0,60661,0,91,5072,2,6843,0,0,1817632,0,234999
457,0,11,0,0,0,0,0,2285978,0,0,0,0,3423,292864,0,0,0,0,0,0,0,0,0,0,0,0,0,0,0,0,0,0,0,60900,0,44,1685,0,5180,0,0,784943,0,230020
457,0,12,0,0,0,0,0,2285978,0,0,0,0,47,0,0,0,0,0,0,0,0,0,0,0,0,0,0,0,0,0,0,0,0,0,0,0,0,45,93,0,0,0,0,0
457,0,13,0,0,0,0,0,2285978,0,0,0,0,53,0,0,0,0,0,0,0,0,0,0,0,0,0,0,0,0,0,0,0,0,0,178,0,0,0,109,0,0,0,0,0
457,0,14,0,0,0,0,0,2285978,0,0,0,0,53,0,0,0,0,0,0,0,0,0,0,0,0,0,0,0,0,0,0,0,0,0,0,0,80,0,60,0,0,0,0,0
457,0,15,0,0,0,0,0,2285978,0,0,0,0,41,0,0,0,0,0,0,0,0,0,0,0,0,0,0,0,0,0,0,0,0,0,0,0,39,0,93,0,0,0,0,0
458,0,0,0,0,0,0,0,4577501,0,0,30316,675840,136,0,0,0,0,0,49203,0,0,0,0,0,0,0,0,30316,30316,0,190383,0,611331,675840,0,4638,0,136,284,0,0,0,0,3828617
458,0,1,0,0,0,0,0,2288751,49203,0,0,0,21106,0,0,0,0,0,49203,0,0,0,0,0,0,0,0,0,14711,0,96071,0,249844,0,0,2161,1651,6916,37008,0,0,664061,0,0
458,0,2,0,0,0,0,0,2288751,0,0,0,0,881,292864,0,0,0,0,0,0,0,0,0,0,0,0,0,0,0,0,96169,0,132050,60581,0,5894,1346,6718,1787,0,0,515287,0,244519
458,0,3,0,0,0,0,0,2288751,0,0,0,0,889,292864,0,0,0,0,0,0,0,0,0,0,0,0,0,0,0,0,95636,0,0,60665,0,3050,450,0,1333,0,0,210686,0,240508
458,0,4,0,0,0,0,0,2288751,0,0,0,0,1183,292864,0,0,0,0,0,0,0,0,0,0,0,0,0,0,0,0,50519,0,0,60564,0,981,0,618,1785,1771256,0,0,0,245834
458,0,5,0,0,0,0,0,2288751,0,0,0,0,1793,292864,0,0,0,0,0,0,0,0,0,0,0,0,0,0,0,0,51352,0,0,60527,14392,2617,0,0,3629,0,0,1699894,0,234643
458,0,6,0,0,0,0,0,2288751,0,0,0,0,2403,292864,0,0,0,0,0,0,0,0,0,0,0,0,0,0,0,0,50805,0,0,60536,0,1723,3684,2,3662,0,0,1633875,0,226512
458,0,7,0,0,0,0,0,2288751,0,0,0,0,2434,292864,0,0,0,0,0,0,0,0,0,0,0,0,0,0,0,0,52035,0,0,59853,0,3381,1218,0,4871,0,0,721227,0,227073
458,0,8,0,0,0,0,0,2288751,0,0,0,0,1803,292864,0,0,0,0,0,0,0,0,0,0,0,0,0,0,0,0,0,0,0,59825,0,52,0,920,3599,1918367,0,0,0,233893
458,0,9,0,0,0,0,0,2288751,0,0,0,0,2492,292864,0,0,0,0,0,0,0,0,0,0,0,0,0,0,0,0,0,0,0,60590,8411,42,0,1,3728,0,0,1961248,0,224482
458,0,10,0,0,0,0,0,2288751,0,0,0,0,3469,292864,0,0,0,0,0,0,0,0,0,0,0,0,0,0,0,0,0,0,0,60705,0,91,5082,1,6870,0,0,1835907,0,234734
458,0,11,0,0,0,0,0,2288751,0,0,0,0,3443,292864,0,0,0,0,0,0,0,0,0,0,0,0,0,0,0,0,0,0,0,60857,0,44,1666,0,5229,0,0,790420,0,230156
458,0,12,0,0,0,0,0,2288751,0,0,0,0,47,0,0,0,0,0,0,0,0,0,0,0,0,0,0,0,0,0,0,0,0,0,0,0,0,45,93,0,0,0,0,0
458,0,13,0,0,0,0,0,2288751,0,0,0,0,53,0,0,0,0,0,0,0,0,0,0,0,0,0,0,0,0,0,0,0,0,0,178,0,0,0,109,0,0,0,0,0
458,0,14,0,0,0,0,0,2288751,0,0,0,0,53,0,0,0,0,0,0,0,0,0,0,0,0,0,0,0,0,0,0,0,0,0,0,0,80,0,60,0,0,0,0,0
458,0,15,0,0,0,0,0,2288751,0,0,0,0,41,0,0,0,0,0,0,0,0,0,0,0,0,0,0,0,0,0,0,0,0,0,0,0,39,0,93,0,0,0,0,0
459,0,0,0,0,0,0,0,4568789,0,0,30292,675840,136,0,0,0,0,0,49167,0,0,0,0,0,0,0,0,30292,30292,0,190440,0,611461,675840,0,4634,0,136,284,0,0,0,0,3825465
459,0,1,0,0,0,0,0,2284395,49167,0,0,0,21152,0,0,0,0,0,49167,0,0,0,0,0,0,0,0,0,14593,0,96095,0,249797,0,0,2182,1617,6859,37097,0,0,663529,0,0
459,0,2,0,0,0,0,0,2284395,0,0,0,0,865,292864,0,0,0,0,0,0,0,0,0,0,0,0,0,0,0,0,96237,0,131788,60562,0,5937,1360,6667,1814,0,0,519540,0,243457
459,0,3,0,0,0,0,0,2284395,0,0,0,0,881,292864,0,0,0,0,0,0,0,0,0,0,0,0,0,0,0,0,95570,0,0,60687,0,3072,464,0,1342,0,0,208776,0,240658
459,0,4,0,0,0,0,0,2284395,0,0,0,0,1197,292864,0,0,0,0,0,0,0,0,0,0,0,0,0,0,0,0,50551,0,0,60527,0,959,0,600,1786,1771103,0,0,0,245888
459,0,5,0,0,0,0,0,2284395,0,0,0,0,1774,292864,0,0,0,0,0,0,0,0,0,0,0,0,0,0,0,0,51256,0,0,60497,14311,2630,0,2,3578,0,0,1700793,0,234487
459,0,6,0,0,0,0,0,2284395,0,0,0,0,2403,292864,0,0,0,0,0,0,0,0,0,0,0,0,0,0,0,0,50826,0,0,60503,0,1727,3675,0,3599,0,0,1653900,0,226067
459,0,7,0,0,0,0,0,2284395,0,0,0,0,2427,292864,0,0,0,0,0,0,0,0,0,0,0,0,0,0,0,0,51960,0,0,59849,0,3352,1221,0,4855,0,0,727081,0,227490
459,0,8,0,0,0,0,0,2284395,0,0,0,0,1854,292864,0,0,0,0,0,0,0,0,0,0,0,0,0,0,0,0,0,0,0,59839,0,57,0,869,3667,1917160,0,0,0,234035
459,0,9,0,0,0,0,0,2284395,0,0,0,0,2479,292864,0,0,0,0,0,0,0,0,0,0,0,0,0,0,0,0,0,0,0,60657,8500,41,0,1,3705,0,0,1960028,0,224167
459,0,10,0,0,0,0,0,2284395,0,0,0,0,3438,292864,0,0,0,0,0,0,0,0,0,0,0,0,0,0,0,0,0,0,0,60686,0,90,5024,1,6822,0,0,1814305,0,235075
459,0,11,0,0,0,0,0,2284395,0,0,0,0,3367,292864,0,0,0,0,0,0,0,0,0,0,0,0,0,0,0,0,0,0,0,60878,0,44,1727,0,5169,0,0,783993,0,230039
459,0,12,0,0,0,0,0,2284395,0,0,0,0,54,0,0,0,0,0,0,0,0,0,0,0,0,0,0,0,0,0,0,0,0,0,0,0,0,38,95,0,0,0,0,0
459,0,13,0,0,0,0,0,2284395,0,0,0,0,53,0,0,0,0,0,0,0,0,0,0,0,0,0,0,0,0,0,0,0,0,0,185,0,0,0,110,0,0,0,0,0
459,0,14,0,0,0,0,0,2284395,0,0,0,0,53,0,0,0,0,0,0,0,0,0,0,0,0,0,0,0,0,0,0,0,0,0,0,0,80,0,61,0,0,0,0,0
459,0,15,0,0,0,0,0,2284395,0,0,0,0,41,0,0,0,0,0,0,0,0,0,0,0,0,0,0,0,0,0,0,0,0,0,0,0,39,0,93,0,0,0,0,0
460,0,0,0,0,0,0,0,5711180,0,0,38402,878592,136,0,0,0,0,0,61350,0,0,0,0,0,0,0,0,38402,38402,0,261765,0,746976,878592,0,7657,0,136,284,0,0,0,0,5106049
460,0,1,0,0,0,0,0,2855590,61350,0,0,0,26422,0,0,0,0,0,61350,0,0,0,0,0,0,0,0,0,18395,0,131995,0,283281,0,0,3518,2677,7306,45599,0,0,664309,0,0
460,0,2,0,0,0,0,0,2855590,0,0,0,0,706,292864,0,0,0,0,0,0,0,0,0,0,0,0,0,0,0,0,133666,0,130447,60585,0,8041,1044,5587,1435,0,0,515369,0,244337
460,0,3,0,0,0,0,0,2855590,0,0,0,0,696,292864,0,0,0,0,0,0,0,0,0,0,0,0,0,0,0,0,94978,0,0,60681,0,2572,359,0,1033,0,0,211015,0,240443
460,0,4,0,0,0,0,0,2855590,0,0,0,0,904,292864,0,0,0,0,0,0,0,0,0,0,0,0,0,0,0,0,94998,0,0,60539,0,2171,0,483,1341,2311255,0,0,0,245808
460,0,5,0,0,0,0,0,2855590,0,0,0,0,1344,292864,0,0,0,0,0,0,0,0,0,0,0,0,0,0,0,0,95952,0,0,60556,19499,5594,0,1,2687,0,0,1706907,0,234443
460,0,6,0,0,0,0,0,2855590,0,0,0,0,1685,292864,0,0,0,0,0,0,0,0,0,0,0,0,0,0,0,0,96934,0,0,60602,0,3211,2611,1,2538,0,0,1601316,0,227778
460,0,7,0,0,0,0,0,2855590,0,0,0,0,1719,292864,0,0,0,0,0,0,0,0,0,0,0,0,0,0,0,0,51302,0,0,59819,0,3134,857,0,3450,0,0,704338,0,227195
460,0,8,0,0,0,0,0,2855590,0,0,0,0,1723,292864,0,0,0,0,0,0,0,0,0,0,0,0,0,0,0,0,51446,0,0,59737,0,2363,0,876,3451,2559000,0,0,0,235883
460,0,9,0,0,0,0,0,2855590,0,0,0,0,2436,292864,0,0,0,0,0,0,0,0,0,0,0,0,0,0,0,0,51464,0,0,60594,13608,1627,0,2,3631,0,0,2586166,0,229316
460,0,10,0,0,0,0,0,2855590,0,0,0,0,3173,292864,0,0,0,0,0,0,0,0,0,0,0,0,0,0,0,0,51379,0,0,60666,0,3151,4761,0,6331,0,0,2412031,0,225899
460,0,11,0,0,0,0,0,2855590,0,0,0,0,3181,292864,0,0,0,0,0,0,0,0,0,0,0,0,0,0,0,0,0,0,0,60657,0,45,1571,0,4859,0,0,1077195,0,223081
460,0,12,0,0,0,0,0,2855590,0,0,0,0,2445,292864,0,0,0,0,0,0,0,0,0,0,0,0,0,0,0,0,0,0,0,60650,0,0,0,1202,3737,2572642,0,0,0,228606
460,0,13,0,0,0,0,0,2855590,0,0,0,0,3126,292864,0,0,0,0,0,0,0,0,0,0,0,0,0,0,0,0,0,0,0,60584,7295,0,0,2,6258,0,0,2396020,0,225555
460,0,14,0,0,0,0,0,2855590,0,0,0,0,3189,292864,0,0,0,0,0,0,0,0,0,0,0,0,0,0,0,0,0,0,0,60652,0,0,1603,0,4797,0,0,1055444,0,224632
460,0,15,0,0,0,0,0,2855590,0,0,0,0,41,0,0,0,0,0,0,0,0,0,0,0,0,0,0,0,0,0,0,0,0,0,0,0,39,0,95,0,0,0,0,0
461,0,0,0,0,0,0,0,5704793,0,0,38350,878592,136,0,0,0,0,0,61272,0,0,0,0,0,0,0,0,38350,38350,0,261836,0,747806,878592,0,7655,0,136,284,0,0,0,0,5103291
461,0,1,0,0,0,0,0,2852397,61272,0,0,0,26353,0,0,0,0,0,61272,0,0,0,0,0,0,0,0,0,18324,0,132002,0,284265,0,0,3499,2691,7328,45516,0,0,660685,0,0
461,0,2,0,0,0,0,0,2852397,0,0,0,0,682,292864,0,0,0,0,0,0,0,0,0,0,0,0,0,0,0,0,134336,0,130590,60547,0,7989,1038,5567,1425,0,0,513526,0,244566
461,0,3,0,0,0,0,0,2852397,0,0,0,0,667,292864,0,0,0,0,0,0,0,0,0,0,0,0,0,0,0,0,95072,0,0,60624,0,2566,385,0,1017,0,0,212100,0,240210
461,0,4,0,0,0,0,0,2852397,0,0,0,0,925,292864,0,0,0,0,0,0,0,0,0,0,0,0,0,0,0,0,95004,0,0,60485,0,2165,0,462,1383,2314869,0,0,0,246017
461,0,5,0,0,0,0,0,2852397,0,0,0,0,1339,292864,0,0,0,0,0,0,0,0,0,0,0,0,0,0,0,0,95870,0,0,60525,19467,5579,0,0,2702,0,0,1696678,0,234654
461,0,6,0,0,0,0,0,2852397,0,0,0,0,1719,292864,0,0,0,0,0,0,0,0,0,0,0,0,0,0,0,0,97285,0,0,60624,0,3241,2582,3,2574,0,0,1562460,0,227766
461,0,7,0,0,0,0,0,2852397,0,0,0,0,1729,292864,0,0,0,0,0,0,0,0,0,0,0,0,0,0,0,0,51302,0,0,59869,0,3149,843,0,3437,0,0,687258,0,227073
461,0,8,0,0,0,0,0,2852397,0,0,0,0,1706,292864,0,0,0,0,0,0,0,0,0,0,0,0,0,0,0,0,51368,0,0,59754,0,2377,0,891,3424,2558612,0,0,0,235450
461,0,9,0,0,0,0,0,2852397,0,0,0,0,2417,292864,0,0,0,0,0,0,0,0,0,0,0,0,0,0,0,0,51445,0,0,60607,13648,1623,0,1,3625,0,0,2585940,0,228521
461,0,10,0,0,0,0,0,2852397,0,0,0,0,3140,292864,0,0,0,0,0,0,0,0,0,0,0,0,0,0,0,0,51402,0,0,60635,0,3168,4781,1,6235,0,0,2381625,0,226169
461,0,11,0,0,0,0,0,2852397,0,0,0,0,3177,292864,0,0,0,0,0,0,0,0,0,0,0,0,0,0,0,0,0,0,0,60628,0,46,1568,0,4829,0,0,1060246,0,223051
461,0,12,0,0,0,0,0,2852397,0,0,0,0,2404,292864,0,0,0,0,0,0,0,0,0,0,0,0,0,0,0,0,0,0,0,60668,0,0,0,1243,3682,2568381,0,0,0,229251
461,0,13,0,0,0,0,0,2852397,0,0,0,0,3165,292864,0,0,0,0,0,0,0,0,0,0,0,0,0,0,0,0,0,0,0,60546,7208,0,0,1,6293,0,0,2365503,0,224499
461,0,14,0,0,0,0,0,2852397,0,0,0,0,3189,292864,0,0,0,0,0,0,0,0,0,0,0,0,0,0,0,0,0,0,0,60615,0,0,1595,1,4772,0,0,1027844,0,225952
461,0,15,0,0,0,0,0,2852397,0,0,0,0,41,0,0,0,0,0,0,0,0,0,0,0,0,0,0,0,0,0,0,0,0,0,0,0,39,0,93,0,0,0,0,0
462,0,0,0,0,0,0,0,5714302,0,0,38380,878592,136,0,0,0,0,0,61320,0,0,0,0,0,0,0,0,38380,38380,0,261879,0,745565,878592,0,7639,0,136,284,0,0,0,0,5115044
462,0,1,0,0,0,0,0,2857151,61320,0,0,0,26480,0,0,0,0,0,61320,0,0,0,0,0,0,0,0,0,18213,0,131908,0,282751,0,0,3439,2703,7279,45664,0,0,662236,0,0
462,0,2,0,0,0,0,0,2857151,0,0,0,0,695,292864,0,0,0,0,0,0,0,0,0,0,0,0,0,0,0,0,132694,0,130732,60490,0,8056,1037,5573,1452,0,0,514066,0,244566
462,0,3,0,0,0,0,0,2857151,0,0,0,0,675,292864,0,0,0,0,0,0,0,0,0,0,0,0,0,0,0,0,94948,0,0,60692,0,2584,381,0,1013,0,0,217249,0,239553
462,0,4,0,0,0,0,0,2857151,0,0,0,0,901,292864,0,0,0,0,0,0,0,0,0,0,0,0,0,0,0,0,95007,0,0,60516,0,2156,0,484,1380,2320454,0,0,0,245781
462,0,5,0,0,0,0,0,2857151,0,0,0,0,1352,292864,0,0,0,0,0,0,0,0,0,0,0,0,0,0,0,0,95944,0,0,60503,19477,5645,0,1,2717,0,0,1693823,0,234432
462,0,6,0,0,0,0,0,2857151,0,0,0,0,1700,292864,0,0,0,0,0,0,0,0,0,0,0,0,0,0,0,0,96485,0,0,60588,0,3200,2554,1,2551,0,0,1560822,0,227678
462,0,7,0,0,0,0,0,2857151,0,0,0,0,1686,292864,0,0,0,0,0,0,0,0,0,0,0,0,0,0,0,0,51340,0,0,59846,0,3136,883,0,3398,0,0,686206,0,227166
462,0,8,0,0,0,0,0,2857151,0,0,0,0,1721,292864,0,0,0,0,0,0,0,0,0,0,0,0,0,0,0,0,51463,0,0,59762,0,2382,0,868,3429,2564763,0,0,0,235434
462,0,9,0,0,0,0,0,2857151,0,0,0,0,2418,292864,0,0,0,0,0,0,0,0,0,0,0,0,0,0,0,0,51387,0,0,60637,13652,1567,0,2,3622,0,0,2593518,0,228868
462,0,10,0,0,0,0,0,2857151,0,0,0,0,3113,292864,0,0,0,0,0,0,0,0,0,0,0,0,0,0,0,0,51285,0,0,60663,0,3142,4840,0,6301,0,0,2385748,0,225824
462,0,11,0,0,0,0,0,2857151,0,0,0,0,3197,292864,0,0,0,0,0,0,0,0,0,0,0,0,0,0,0,0,0,0,0,60615,0,46,1560,0,4875,0,0,1066455,0,222503
462,0,12,0,0,0,0,0,2857151,0,0,0,0,2400,292864,0,0,0,0,0,0,0,0,0,0,0,0,0,0,0,0,0,0,0,60653,0,0,0,1241,3667,2575501,0,0,0,228989
462,0,13,0,0,0,0,0,2857151,0,0,0,0,3168,292864,0,0,0,0,0,0,0,0,0,0,0,0,0,0,0,0,0,0,0,60600,7196,0,0,1,6366,0,0,2380712,0,225477
462,0,14,0,0,0,0,0,2857151,0,0,0,0,3170,292864,0,0,0,0,0,0,0,0,0,0,0,0,0,0,0,0,0,0,0,60598,0,0,1628,1,4793,0,0,1053482,0,224049
462,0,15,0,0,0,0,0,2857151,0,0,0,0,41,0,0,0,0,0,0,0,0,0,0,0,0,0,0,0,0,0,0,0,0,0,0,0,39,0,93,0,0,0,0,0
463,0,0,0,0,0,0,0,290386,0,0,642,65792,136,0,0,0,0,0,4638,0,0,0,0,0,0,0,0,642,642,0,0,0,125564,65792,0,294,0,136,284,0,0,0,0,17344
463,0,1,0,0,0,0,0,145193,4638,0,0,0,1479,0,0,0,0,0,4638,0,0,0,0,0,0,0,0,0,79,0,0,0,63946,0,0,84,170,418,2579,0,0,17344,0,0
463,0,2,0,0,0,0,0,145193,0,0,0,0,433,17344,0,0,0,0,0,0,0,0,0,0,0,0,0,0,0,0,0,0,0,64765,0,249,347,282,899,0,0,0,0,17344
463,0,3,0,0,0,0,0,145193,0,0,0,0,47,0,0,0,0,0,0,0,0,0,0,0,0,0,0,0,0,0,0,0,0,0,0,92,45,0,54,0,0,0,0,0
463,0,4,0,0,0,0,0,145193,0,0,0,0,47,0,0,0,0,0,0,0,0,0,0,0,0,0,0,0,0,0,0,0,0,0,0,87,0,45,62,0,0,0,0,0
463,0,5,0,0,0,0,0,145193,0,0,0,0,47,0,0,0,0,0,0,0,0,0,0,0,0,0,0,0,0,0,0,0,0,0,537,148,0,0,109,0,0,0,0,0
463,0,6,0,0,0,0,0,145193,0,0,0,0,47,0,0,0,0,0,0,0,0,0,0,0,0,0,0,0,0,0,0,0,0,0,0,40,98,0,52,0,0,0,0,0
463,0,7,0,0,0,0,0,145193,0,0,0,0,53,0,0,0,0,0,0,0,0,0,0,0,0,0,0,0,0,0,0,0,0,0,0,104,39,0,140,0,0,0,0,0
463,0,8,0,0,0,0,0,145193,0,0,0,0,50,0,0,0,0,0,0,0,0,0,0,0,0,0,0,0,0,0,0,0,0,0,0,52,0,42,107,0,0,0,0,0
463,0,9,0,0,0,0,0,145193,0,0,0,0,47,0,0,0,0,0,0,0,0,0,0,0,0,0,0,0,0,0,0,0,0,0,365,42,0,0,53,0,0,0,0,0
463,0,10,0,0,0,0,0,145193,0,0,0,0,53,0,0,0,0,0,0,0,0,0,0,0,0,0,0,0,0,0,0,0,0,0,0,91,92,0,118,0,0,0,0,0
463,0,11,0,0,0,0,0,145193,0,0,0,0,53,0,0,0,0,0,0,0,0,0,0,0,0,0,0,0,0,0,0,0,0,0,0,40,39,0,94,0,0,0,0,0
463,0,12,0,0,0,0,0,145193,0,0,0,0,47,0,0,0,0,0,0,0,0,0,0,0,0,0,0,0,0,0,0,0,0,0,0,0,0,45,93,0,0,0,0,0
463,0,13,0,0,0,0,0,145193,0,0,0,0,53,0,0,0,0,0,0,0,0,0,0,0,0,0,0,0,0,0,0,0,0,0,178,0,0,0,109,0,0,0,0,0
463,0,14,0,0,0,0,0,145193,0,0,0,0,53,0,0,0,0,0,0,0,0,0,0,0,0,0,0,0,0,0,0,0,0,0,0,0,80,0,60,0,0,0,0,0
463,0,15,0,0,0,0,0,145193,0,0,0,0,41,0,0,0,0,0,0,0,0,0,0,0,0,0,0,0,0,0,0,0,0,0,0,0,39,0,88,0,0,0,0,0
464,0,0,0,0,0,0,0,290649,0,0,642,65792,136,0,0,0,0,0,4641,0,0,0,0,0,0,0,0,642,642,0,0,0,125580,65792,0,294,0,136,284,0,0,0,0,17344
464,0,1,0,0,0,0,0,145325,4641,0,0,0,1479,0,0,0,0,0,4641,0,0,0,0,0,0,0,0,0,78,0,0,0,63943,0,0,84,170,418,2579,0,0,17344,0,0
464,0,2,0,0,0,0,0,145325,0,0,0,0,433,17344,0,0,0,0,0,0,0,0,0,0,0,0,0,0,0,0,0,0,0,64760,0,249,347,282,899,0,0,0,0,17344
464,0,3,0,0,0,0,0,145325,0,0,0,0,47,0,0,0,0,0,0,0,0,0,0,0,0,0,0,0,0,0,0,0,0,0,0,92,45,0,54,0,0,0,0,0
464,0,4,0,0,0,0,0,145325,0,0,0,0,47,0,0,0,0,0,0,0,0,0,0,0,0,0,0,0,0,0,0,0,0,0,0,87,0,45,62,0,0,0,0,0
464,0,5,0,0,0,0,0,145325,0,0,0,0,47,0,0,0,0,0,0,0,0,0,0,0,0,0,0,0,0,0,0,0,0,0,537,148,0,0,109,0,0,0,0,0
464,0,6,0,0,0,0,0,145325,0,0,0,0,47,0,0,0,0,0,0,0,0,0,0,0,0,0,0,0,0,0,0,0,0,0,0,40,98,0,52,0,0,0,0,0
464,0,7,0,0,0,0,0,145325,0,0,0,0,53,0,0,0,0,0,0,0,0,0,0,0,0,0,0,0,0,0,0,0,0,0,0,104,39,0,140,0,0,0,0,0
464,0,8,0,0,0,0,0,145325,0,0,0,0,50,0,0,0,0,0,0,0,0,0,0,0,0,0,0,0,0,0,0,0,0,0,0,52,0,42,107,0,0,0,0,0
464,0,9,0,0,0,0,0,145325,0,0,0,0,47,0,0,0,0,0,0,0,0,0,0,0,0,0,0,0,0,0,0,0,0,0,365,42,0,0,53,0,0,0,0,0
464,0,10,0,0,0,0,0,145325,0,0,0,0,53,0,0,0,0,0,0,0,0,0,0,0,0,0,0,0,0,0,0,0,0,0,0,91,92,0,118,0,0,0,0,0
464,0,11,0,0,0,0,0,145325,0,0,0,0,53,0,0,0,0,0,0,0,0,0,0,0,0,0,0,0,0,0,0,0,0,0,0,40,39,0,94,0,0,0,0,0
464,0,12,0,0,0,0,0,145325,0,0,0,0,47,0,0,0,0,0,0,0,0,0,0,0,0,0,0,0,0,0,0,0,0,0,0,0,0,45,93,0,0,0,0,0
464,0,13,0,0,0,0,0,145325,0,0,0,0,53,0,0,0,0,0,0,0,0,0,0,0,0,0,0,0,0,0,0,0,0,0,178,0,0,0,109,0,0,0,0,0
464,0,14,0,0,0,0,0,145325,0,0,0,0,53,0,0,0,0,0,0,0,0,0,0,0,0,0,0,0,0,0,0,0,0,0,0,0,80,0,60,0,0,0,0,0
464,0,15,0,0,0,0,0,145325,0,0,0,0,41,0,0,0,0,0,0,0,0,0,0,0,0,0,0,0,0,0,0,0,0,0,0,0,39,0,88,0,0,0,0,0
465,0,0,0,0,0,0,0,290407,0,0,642,65792,136,0,0,0,0,0,4641,0,0,0,0,0,0,0,0,642,642,0,0,0,125566,65792,0,294,0,136,284,0,0,0,0,17344
465,0,1,0,0,0,0,0,145204,4641,0,0,0,1468,0,0,0,0,0,4641,0,0,0,0,0,0,0,0,0,86,0,0,0,63948,0,0,84,170,429,2558,0,0,17344,0,0
465,0,2,0,0,0,0,0,145204,0,0,0,0,422,17344,0,0,0,0,0,0,0,0,0,0,0,0,0,0,0,0,0,0,0,64762,0,249,357,283,877,0,0,0,0,17344
465,0,3,0,0,0,0,0,145204,0,0,0,0,47,0,0,0,0,0,0,0,0,0,0,0,0,0,0,0,0,0,0,0,0,0,0,91,45,0,54,0,0,0,0,0
465,0,4,0,0,0,0,0,145204,0,0,0,0,47,0,0,0,0,0,0,0,0,0,0,0,0,0,0,0,0,0,0,0,0,0,0,87,0,45,61,0,0,0,0,0
465,0,5,0,0,0,0,0,145204,0,0,0,0,47,0,0,0,0,0,0,0,0,0,0,0,0,0,0,0,0,0,0,0,0,0,537,148,0,0,109,0,0,0,0,0
465,0,6,0,0,0,0,0,145204,0,0,0,0,47,0,0,0,0,0,0,0,0,0,0,0,0,0,0,0,0,0,0,0,0,0,0,40,98,0,52,0,0,0,0,0
465,0,7,0,0,0,0,0,145204,0,0,0,0,53,0,0,0,0,0,0,0,0,0,0,0,0,0,0,0,0,0,0,0,0,0,0,105,39,0,140,0,0,0,0,0
465,0,8,0,0,0,0,0,145204,0,0,0,0,50,0,0,0,0,0,0,0,0,0,0,0,0,0,0,0,0,0,0,0,0,0,0,52,0,42,107,0,0,0,0,0
465,0,9,0,0,0,0,0,145204,0,0,0,0,47,0,0,0,0,0,0,0,0,0,0,0,0,0,0,0,0,0,0,0,0,0,365,42,0,0,53,0,0,0,0,0
465,0,10,0,0,0,0,0,145204,0,0,0,0,53,0,0,0,0,0,0,0,0,0,0,0,0,0,0,0,0,0,0,0,0,0,0,91,92,0,118,0,0,0,0,0
465,0,11,0,0,0,0,0,145204,0,0,0,0,53,0,0,0,0,0,0,0,0,0,0,0,0,0,0,0,0,0,0,0,0,0,0,39,39,0,94,0,0,0,0,0
465,0,12,0,0,0,0,0,145204,0,0,0,0,47,0,0,0,0,0,0,0,0,0,0,0,0,0,0,0,0,0,0,0,0,0,0,0,0,45,93,0,0,0,0,0
465,0,13,0,0,0,0,0,145204,0,0,0,0,53,0,0,0,0,0,0,0,0,0,0,0,0,0,0,0,0,0,0,0,0,0,178,0,0,0,109,0,0,0,0,0
465,0,14,0,0,0,0,0,145204,0,0,0,0,53,0,0,0,0,0,0,0,0,0,0,0,0,0,0,0,0,0,0,0,0,0,0,0,80,0,60,0,0,0,0,0
465,0,15,0,0,0,0,0,145204,0,0,0,0,41,0,0,0,0,0,0,0,0,0,0,0,0,0,0,0,0,0,0,0,0,0,0,0,39,0,89,0,0,0,0,0
466,0,0,0,0,0,0,0,421536,0,0,772,131584,136,0,0,0,0,0,4842,0,0,0,0,0,0,0,0,772,772,0,0,0,253390,131584,0,294,0,136,284,0,0,0,0,81361
466,0,1,0,0,0,0,0,210768,4842,0,0,0,1550,0,0,0,0,0,4842,0,0,0,0,0,0,0,0,0,514,0,0,0,127801,0,0,84,166,482,2645,0,0,17653,0,0
466,0,2,0,0,0,0,0,210768,0,0,0,0,309,17344,0,0,0,0,0,0,0,0,0,0,0,0,0,0,0,0,0,0,63874,64889,0,249,480,494,631,0,0,17145,0,17066
466,0,3,0,0,0,0,0,210768,0,0,0,0,314,17344,0,0,0,0,0,0,0,0,0,0,0,0,0,0,0,0,0,0,0,65023,0,91,163,0,497,0,0,472,0,17077
466,0,4,0,0,0,0,0,210768,0,0,0,0,47,0,0,0,0,0,0,0,0,0,0,0,0,0,0,0,0,0,0,0,0,0,0,87,0,45,61,0,0,0,0,0
466,0,5,0,0,0,0,0,210768,0,0,0,0,47,0,0,0,0,0,0,0,0,0,0,0,0,0,0,0,0,0,0,0,0,0,537,148,0,0,109,0,0,0,0,0
466,0,6,0,0,0,0,0,210768,0,0,0,0,47,0,0,0,0,0,0,0,0,0,0,0,0,0,0,0,0,0,0,0,0,0,0,40,98,0,52,0,0,0,0,0
466,0,7,0,0,0,0,0,210768,0,0,0,0,53,0,0,0,0,0,0,0,0,0,0,0,0,0,0,0,0,0,0,0,0,0,0,106,39,0,140,0,0,0,0,0
466,0,8,0,0,0,0,0,210768,0,0,0,0,50,0,0,0,0,0,0,0,0,0,0,0,0,0,0,0,0,0,0,0,0,0,0,52,0,42,107,0,0,0,0,0
466,0,9,0,0,0,0,0,210768,0,0,0,0,47,0,0,0,0,0,0,0,0,0,0,0,0,0,0,0,0,0,0,0,0,0,365,42,0,0,53,0,0,0,0,0
466,0,10,0,0,0,0,0,210768,0,0,0,0,53,0,0,0,0,0,0,0,0,0,0,0,0,0,0,0,0,0,0,0,0,0,0,91,92,0,118,0,0,0,0,0
466,0,11,0,0,0,0,0,210768,0,0,0,0,53,0,0,0,0,0,0,0,0,0,0,0,0,0,0,0,0,0,0,0,0,0,0,39,39,0,94,0,0,0,0,0
466,0,12,0,0,0,0,0,210768,0,0,0,0,47,0,0,0,0,0,0,0,0,0,0,0,0,0,0,0,0,0,0,0,0,0,0,0,0,45,93,0,0,0,0,0
466,0,13,0,0,0,0,0,210768,0,0,0,0,53,0,0,0,0,0,0,0,0,0,0,0,0,0,0,0,0,0,0,0,0,0,178,0,0,0,109,0,0,0,0,0
466,0,14,0,0,0,0,0,210768,0,0,0,0,53,0,0,0,0,0,0,0,0,0,0,0,0,0,0,0,0,0,0,0,0,0,0,0,80,0,60,0,0,0,0,0
466,0,15,0,0,0,0,0,210768,0,0,0,0,41,0,0,0,0,0,0,0,0,0,0,0,0,0,0,0,0,0,0,0,0,0,0,0,39,0,90,0,0,0,0,0
467,0,0,0,0,0,0,0,421603,0,0,772,131584,136,0,0,0,0,0,4842,0,0,0,0,0,0,0,0,772,772,0,0,0,253357,131584,0,294,0,136,284,0,0,0,0,81367
467,0,1,0,0,0,0,0,210802,4842,0,0,0,1539,0,0,0,0,0,4842,0,0,0,0,0,0,0,0,0,510,0,0,0,127785,0,0,84,171,488,2636,0,0,17632,0,0
467,0,2,0,0,0,0,0,210802,0,0,0,0,318,17344,0,0,0,0,0,0,0,0,0,0,0,0,0,0,0,0,0,0,63869,64884,0,249,478,490,638,0,0,17151,0,17066
467,0,3,0,0,0,0,0,210802,0,0,0,0,321,17344,0,0,0,0,0,0,0,0,0,0,0,0,0,0,0,0,0,0,0,65019,0,91,156,0,508,0,0,466,0,17083
467,0,4,0,0,0,0,0,210802,0,0,0,0,47,0,0,0,0,0,0,0,0,0,0,0,0,0,0,0,0,0,0,0,0,0,0,87,0,45,62,0,0,0,0,0
467,0,5,0,0,0,0,0,210802,0,0,0,0,47,0,0,0,0,0,0,0,0,0,0,0,0,0,0,0,0,0,0,0,0,0,537,148,0,0,109,0,0,0,0,0
467,0,6,0,0,0,0,0,210802,0,0,0,0,47,0,0,0,0,0,0,0,0,0,0,0,0,0,0,0,0,0,0,0,0,0,0,40,98,0,52,0,0,0,0,0
467,0,7,0,0,0,0,0,210802,0,0,0,0,53,0,0,0,0,0,0,0,0,0,0,0,0,0,0,0,0,0,0,0,0,0,0,106,39,0,140,0,0,0,0,0
467,0,8,0,0,0,0,0,210802,0,0,0,0,50,0,0,0,0,0,0,0,0,0,0,0,0,0,0,0,0,0,0,0,0,0,0,52,0,42,107,0,0,0,0,0
467,0,9,0,0,0,0,0,210802,0,0,0,0,47,0,0,0,0,0,0,0,0,0,0,0,0,0,0,0,0,0,0,0,0,0,365,42,0,0,53,0,0,0,0,0
467,0,10,0,0,0,0,0,210802,0,0,0,0,53,0,0,0,0,0,0,0,0,0,0,0,0,0,0,0,0,0,0,0,0,0,0,91,92,0,118,0,0,0,0,0
467,0,11,0,0,0,0,0,210802,0,0,0,0,53,0,0,0,0,0,0,0,0,0,0,0,0,0,0,0,0,0,0,0,0,0,0,39,39,0,94,0,0,0,0,0
467,0,12,0,0,0,0,0,210802,0,0,0,0,47,0,0,0,0,0,0,0,0,0,0,0,0,0,0,0,0,0,0,0,0,0,0,0,0,45,93,0,0,0,0,0
467,0,13,0,0,0,0,0,210802,0,0,0,0,53,0,0,0,0,0,0,0,0,0,0,0,0,0,0,0,0,0,0,0,0,0,178,0,0,0,109,0,0,0,0,0
467,0,14,0,0,0,0,0,210802,0,0,0,0,53,0,0,0,0,0,0,0,0,0,0,0,0,0,0,0,0,0,0,0,0,0,0,0,80,0,60,0,0,0,0,0
467,0,15,0,0,0,0,0,210802,0,0,0,0,41,0,0,0,0,0,0,0,0,0,0,0,0,0,0,0,0,0,0,0,0,0,0,0,39,0,90,0,0,0,0,0
468,0,0,0,0,0,0,0,421645,0,0,772,131584,136,0,0,0,0,0,4839,0,0,0,0,0,0,0,0,772,772,0,0,0,253378,131584,0,294,0,136,284,0,0,0,0,81339
468,0,1,0,0,0,0,0,210823,4839,0,0,0,1552,0,0,0,0,0,4839,0,0,0,0,0,0,0,0,0,508,0,0,0,127795,0,0,84,169,477,2640,0,0,17648,0,0
468,0,2,0,0,0,0,0,210823,0,0,0,0,304,17344,0,0,0,0,0,0,0,0,0,0,0,0,0,0,0,0,0,0,63873,64885,0,249,487,501,624,0,0,17143,0,17071
468,0,3,0,0,0,0,0,210823,0,0,0,0,316,17344,0,0,0,0,0,0,0,0,0,0,0,0,0,0,0,0,0,0,0,65024,0,91,161,0,492,0,0,470,0,17080
468,0,4,0,0,0,0,0,210823,0,0,0,0,47,0,0,0,0,0,0,0,0,0,0,0,0,0,0,0,0,0,0,0,0,0,0,87,0,45,61,0,0,0,0,0
468,0,5,0,0,0,0,0,210823,0,0,0,0,47,0,0,0,0,0,0,0,0,0,0,0,0,0,0,0,0,0,0,0,0,0,537,148,0,0,109,0,0,0,0,0
468,0,6,0,0,0,0,0,210823,0,0,0,0,47,0,0,0,0,0,0,0,0,0,0,0,0,0,0,0,0,0,0,0,0,0,0,40,98,0,52,0,0,0,0,0
468,0,7,0,0,0,0,0,210823,0,0,0,0,53,0,0,0,0,0,0,0,0,0,0,0,0,0,0,0,0,0,0,0,0,0,0,106,39,0,140,0,0,0,0,0
468,0,8,0,0,0,0,0,210823,0,0,0,0,50,0,0,0,0,0,0,0,0,0,0,0,0,0,0,0,0,0,0,0,0,0,0,52,0,42,107,0,0,0,0,0
468,0,9,0,0,0,0,0,210823,0,0,0,0,47,0,0,0,0,0,0,0,0,0,0,0,0,0,0,0,0,0,0,0,0,0,365,42,0,0,53,0,0,0,0,0
468,0,10,0,0,0,0,0,210823,0,0,0,0,53,0,0,0,0,0,0,0,0,0,0,0,0,0,0,0,0,0,0,0,0,0,0,91,92,0,118,0,0,0,0,0
468,0,11,0,0,0,0,0,210823,0,0,0,0,53,0,0,0,0,0,0,0,0,0,0,0,0,0,0,0,0,0,0,0,0,0,0,39,39,0,94,0,0,0,0,0
468,0,12,0,0,0,0,0,210823,0,0,0,0,47,0,0,0,0,0,0,0,0,0,0,0,0,0,0,0,0,0,0,0,0,0,0,0,0,45,93,0,0,0,0,0
468,0,13,0,0,0,0,0,210823,0,0,0,0,53,0,0,0,0,0,0,0,0,0,0,0,0,0,0,0,0,0,0,0,0,0,178,0,0,0,109,0,0,0,0,0
468,0,14,0,0,0,0,0,210823,0,0,0,0,53,0,0,0,0,0,0,0,0,0,0,0,0,0,0,0,0,0,0,0,0,0,0,0,80,0,60,0,0,0,0,0
468,0,15,0,0,0,0,0,210823,0,0,0,0,41,0,0,0,0,0,0,0,0,0,0,0,0,0,0,0,0,0,0,0,0,0,0,0,39,0,90,0,0,0,0,0
469,0,0,0,0,0,0,0,629618,0,0,1288,263168,136,0,0,0,0,0,5628,0,0,0,0,0,0,0,0,1288,1288,0,127665,0,376407,263168,0,617,0,136,284,0,0,0,0,262203
469,0,1,0,0,0,0,0,314809,5628,0,0,0,1969,0,0,0,0,0,5628,0,0,0,0,0,0,0,0,0,664,0,63807,0,126743,0,0,182,267,382,3328,0,0,20679,0,0
469,0,2,0,0,0,0,0,314809,0,0,0,0,263,17344,0,0,0,0,0,0,0,0,0,0,0,0,0,0,0,0,0,0,63809,64953,0,249,418,491,559,0,0,17134,0,16764
469,0,3,0,0,0,0,0,314809,0,0,0,0,269,17344,0,0,0,0,0,0,0,0,0,0,0,0,0,0,0,0,0,0,0,64902,0,92,144,0,390,0,0,891,0,16832
469,0,4,0,0,0,0,0,314809,0,0,0,0,268,17344,0,0,0,0,0,0,0,0,0,0,0,0,0,0,0,0,0,0,0,64956,0,87,0,145,380,17352,0,0,0,16833
469,0,5,0,0,0,0,0,314809,0,0,0,0,278,17344,0,0,0,0,0,0,0,0,0,0,0,0,0,0,0,0,0,0,0,64891,847,148,0,1,565,0,0,943,0,16833
469,0,6,0,0,0,0,0,314809,0,0,0,0,47,0,0,0,0,0,0,0,0,0,0,0,0,0,0,0,0,0,0,0,0,0,0,40,98,1,52,0,0,0,0,0
469,0,7,0,0,0,0,0,314809,0,0,0,0,53,0,0,0,0,0,0,0,0,0,0,0,0,0,0,0,0,0,0,0,0,0,0,106,39,0,140,0,0,0,0,0
469,0,8,0,0,0,0,0,314809,0,0,0,0,50,0,0,0,0,0,0,0,0,0,0,0,0,0,0,0,0,0,0,0,0,0,0,52,0,42,107,0,0,0,0,0
469,0,9,0,0,0,0,0,314809,0,0,0,0,47,0,0,0,0,0,0,0,0,0,0,0,0,0,0,0,0,0,0,0,0,0,365,42,0,0,53,0,0,0,0,0
469,0,10,0,0,0,0,0,314809,0,0,0,0,53,0,0,0,0,0,0,0,0,0,0,0,0,0,0,0,0,0,0,0,0,0,0,91,92,0,118,0,0,0,0,0
469,0,11,0,0,0,0,0,314809,0,0,0,0,53,0,0,0,0,0,0,0,0,0,0,0,0,0,0,0,0,0,0,0,0,0,0,41,39,0,94,0,0,0,0,0
469,0,12,0,0,0,0,0,314809,0,0,0,0,47,0,0,0,0,0,0,0,0,0,0,0,0,0,0,0,0,0,0,0,0,0,0,0,0,45,93,0,0,0,0,0
469,0,13,0,0,0,0,0,314809,0,0,0,0,53,0,0,0,0,0,0,0,0,0,0,0,0,0,0,0,0,0,0,0,0,0,178,0,0,0,109,0,0,0,0,0
469,0,14,0,0,0,0,0,314809,0,0,0,0,53,0,0,0,0,0,0,0,0,0,0,0,0,0,0,0,0,0,0,0,0,0,0,0,80,0,60,0,0,0,0,0
469,0,15,0,0,0,0,0,314809,0,0,0,0,41,0,0,0,0,0,0,0,0,0,0,0,0,0,0,0,0,0,0,0,0,0,0,0,39,0,90,0,0,0,0,0
470,0,0,0,0,0,0,0,629606,0,0,1288,263168,136,0,0,0,0,0,5625,0,0,0,0,0,0,0,0,1288,1288,0,127644,0,376395,263168,0,617,0,136,284,0,0,0,0,261699
470,0,1,0,0,0,0,0,314803,5625,0,0,0,1982,0,0,0,0,0,5625,0,0,0,0,0,0,0,0,0,652,0,63812,0,126725,0,0,186,263,369,3317,0,0,20471,0,0
470,0,2,0,0,0,0,0,314803,0,0,0,0,253,17344,0,0,0,0,0,0,0,0,0,0,0,0,0,0,0,0,0,0,63812,64958,0,249,439,512,542,0,0,17009,0,16832
470,0,3,0,0,0,0,0,314803,0,0,0,0,280,17344,0,0,0,0,0,0,0,0,0,0,0,0,0,0,0,0,0,0,0,64897,0,92,132,0,381,0,0,888,0,16832
470,0,4,0,0,0,0,0,314803,0,0,0,0,259,17344,0,0,0,0,0,0,0,0,0,0,0,0,0,0,0,0,0,0,0,64952,0,87,0,154,368,17397,0,0,0,16777
470,0,5,0,0,0,0,0,314803,0,0,0,0,266,17344,0,0,0,0,0,0,0,0,0,0,0,0,0,0,0,0,0,0,0,64889,850,148,0,1,549,0,0,963,0,16829
470,0,6,0,0,0,0,0,314803,0,0,0,0,47,0,0,0,0,0,0,0,0,0,0,0,0,0,0,0,0,0,0,0,0,0,0,40,98,1,52,0,0,0,0,0
470,0,7,0,0,0,0,0,314803,0,0,0,0,53,0,0,0,0,0,0,0,0,0,0,0,0,0,0,0,0,0,0,0,0,0,0,106,39,0,140,0,0,0,0,0
470,0,8,0,0,0,0,0,314803,0,0,0,0,50,0,0,0,0,0,0,0,0,0,0,0,0,0,0,0,0,0,0,0,0,0,0,52,0,42,107,0,0,0,0,0
470,0,9,0,0,0,0,0,314803,0,0,0,0,47,0,0,0,0,0,0,0,0,0,0,0,0,0,0,0,0,0,0,0,0,0,365,42,0,0,53,0,0,0,0,0
470,0,10,0,0,0,0,0,314803,0,0,0,0,53,0,0,0,0,0,0,0,0,0,0,0,0,0,0,0,0,0,0,0,0,0,0,91,92,0,118,0,0,0,0,0
470,0,11,0,0,0,0,0,314803,0,0,0,0,53,0,0,0,0,0,0,0,0,0,0,0,0,0,0,0,0,0,0,0,0,0,0,41,39,0,94,0,0,0,0,0
470,0,12,0,0,0,0,0,314803,0,0,0,0,47,0,0,0,0,0,0,0,0,0,0,0,0,0,0,0,0,0,0,0,0,0,0,0,0,45,93,0,0,0,0,0
470,0,13,0,0,0,0,0,314803,0,0,0,0,53,0,0,0,0,0,0,0,0,0,0,0,0,0,0,0,0,0,0,0,0,0,178,0,0,0,109,0,0,0,0,0
470,0,14,0,0,0,0,0,314803,0,0,0,0,53,0,0,0,0,0,0,0,0,0,0,0,0,0,0,0,0,0,0,0,0,0,0,0,80,0,60,0,0,0,0,0
470,0,15,0,0,0,0,0,314803,0,0,0,0,41,0,0,0,0,0,0,0,0,0,0,0,0,0,0,0,0,0,0,0,0,0,0,0,39,0,90,0,0,0,0,0
471,0,0,0,0,0,0,0,629571,0,0,1288,263168,136,0,0,0,0,0,5628,0,0,0,0,0,0,0,0,1288,1288,0,127680,0,376405,263168,0,617,0,136,284,0,0,0,0,262230
471,0,1,0,0,0,0,0,314786,5628,0,0,0,1978,0,0,0,0,0,5628,0,0,0,0,0,0,0,0,0,654,0,63800,0,126740,0,0,189,268,365,3323,0,0,20619,0,0
471,0,2,0,0,0,0,0,314786,0,0,0,0,252,17344,0,0,0,0,0,0,0,0,0,0,0,0,0,0,0,0,0,0,63806,64956,0,249,426,515,541,0,0,17135,0,16772
471,0,3,0,0,0,0,0,314786,0,0,0,0,265,17344,0,0,0,0,0,0,0,0,0,0,0,0,0,0,0,0,0,0,0,64904,0,93,147,0,362,0,0,876,0,16836
471,0,4,0,0,0,0,0,314786,0,0,0,0,261,17344,0,0,0,0,0,0,0,0,0,0,0,0,0,0,0,0,0,0,0,64956,0,87,0,152,373,17349,0,0,0,16833
471,0,5,0,0,0,0,0,314786,0,0,0,0,265,17344,0,0,0,0,0,0,0,0,0,0,0,0,0,0,0,0,0,0,0,64896,853,148,0,1,545,0,0,950,0,16828
471,0,6,0,0,0,0,0,314786,0,0,0,0,47,0,0,0,0,0,0,0,0,0,0,0,0,0,0,0,0,0,0,0,0,0,0,40,98,1,52,0,0,0,0,0
471,0,7,0,0,0,0,0,314786,0,0,0,0,53,0,0,0,0,0,0,0,0,0,0,0,0,0,0,0,0,0,0,0,0,0,0,105,39,0,140,0,0,0,0,0
471,0,8,0,0,0,0,0,314786,0,0,0,0,50,0,0,0,0,0,0,0,0,0,0,0,0,0,0,0,0,0,0,0,0,0,0,52,0,42,107,0,0,0,0,0
471,0,9,0,0,0,0,0,314786,0,0,0,0,47,0,0,0,0,0,0,0,0,0,0,0,0,0,0,0,0,0,0,0,0,0,365,42,0,0,53,0,0,0,0,0
471,0,10,0,0,0,0,0,314786,0,0,0,0,53,0,0,0,0,0,0,0,0,0,0,0,0,0,0,0,0,0,0,0,0,0,0,91,92,0,118,0,0,0,0,0
471,0,11,0,0,0,0,0,314786,0,0,0,0,53,0,0,0,0,0,0,0,0,0,0,0,0,0,0,0,0,0,0,0,0,0,0,42,39,0,94,0,0,0,0,0
471,0,12,0,0,0,0,0,314786,0,0,0,0,47,0,0,0,0,0,0,0,0,0,0,0,0,0,0,0,0,0,0,0,0,0,0,0,0,45,93,0,0,0,0,0
471,0,13,0,0,0,0,0,314786,0,0,0,0,53,0,0,0,0,0,0,0,0,0,0,0,0,0,0,0,0,0,0,0,0,0,178,0,0,0,109,0,0,0,0,0
471,0,14,0,0,0,0,0,314786,0,0,0,0,53,0,0,0,0,0,0,0,0,0,0,0,0,0,0,0,0,0,0,0,0,0,0,0,80,0,60,0,0,0,0,0
471,0,15,0,0,0,0,0,314786,0,0,0,0,41,0,0,0,0,0,0,0,0,0,0,0,0,0,0,0,0,0,0,0,0,0,0,0,39,0,89,0,0,0,0,0
472,0,0,0,0,0,0,0,994904,0,0,2168,394752,136,0,0,0,0,0,6960,0,0,0,0,0,0,0,0,2168,2168,0,127573,0,625659,394752,0,607,0,136,284,0,0,0,0,493517
472,0,1,0,0,0,0,0,497452,6960,0,0,0,2519,0,0,0,0,0,6960,0,0,0,0,0,0,0,0,0,1053,0,63780,0,252425,0,0,214,271,678,4327,0,0,72058,0,0
472,0,2,0,0,0,0,0,497452,0,0,0,0,256,17344,0,0,0,0,0,0,0,0,0,0,0,0,0,0,0,0,63871,0,126790,64926,0,530,389,762,536,0,0,61807,0,16942
472,0,3,0,0,0,0,0,497452,0,0,0,0,247,17344,0,0,0,0,0,0,0,0,0,0,0,0,0,0,0,0,63779,0,0,64974,0,253,154,0,355,0,0,31172,0,16771
472,0,4,0,0,0,0,0,497452,0,0,0,0,264,17344,0,0,0,0,0,0,0,0,0,0,0,0,0,0,0,0,0,0,0,64866,0,87,0,139,379,150286,0,0,0,16775
472,0,5,0,0,0,0,0,497452,0,0,0,0,302,17344,0,0,0,0,0,0,0,0,0,0,0,0,0,0,0,0,0,0,0,64926,1303,148,0,1,617,0,0,121781,0,16641
472,0,6,0,0,0,0,0,497452,0,0,0,0,329,17344,0,0,0,0,0,0,0,0,0,0,0,0,0,0,0,0,0,0,0,64919,0,40,526,1,480,0,0,87438,0,16710
472,0,7,0,0,0,0,0,497452,0,0,0,0,339,17344,0,0,0,0,0,0,0,0,0,0,0,0,0,0,0,0,0,0,0,64925,0,107,182,0,696,0,0,30556,0,16702
472,0,8,0,0,0,0,0,497452,0,0,0,0,50,0,0,0,0,0,0,0,0,0,0,0,0,0,0,0,0,0,0,0,0,0,0,52,0,42,107,0,0,0,0,0
472,0,9,0,0,0,0,0,497452,0,0,0,0,47,0,0,0,0,0,0,0,0,0,0,0,0,0,0,0,0,0,0,0,0,0,365,42,0,0,53,0,0,0,0,0
472,0,10,0,0,0,0,0,497452,0,0,0,0,53,0,0,0,0,0,0,0,0,0,0,0,0,0,0,0,0,0,0,0,0,0,0,91,92,0,118,0,0,0,0,0
472,0,11,0,0,0,0,0,497452,0,0,0,0,53,0,0,0,0,0,0,0,0,0,0,0,0,0,0,0,0,0,0,0,0,0,0,42,39,0,94,0,0,0,0,0
472,0,12,0,0,0,0,0,497452,0,0,0,0,47,0,0,0,0,0,0,0,0,0,0,0,0,0,0,0,0,0,0,0,0,0,0,0,0,45,93,0,0,0,0,0
472,0,13,0,0,0,0,0,497452,0,0,0,0,53,0,0,0,0,0,0,0,0,0,0,0,0,0,0,0,0,0,0,0,0,0,178,0,0,0,109,0,0,0,0,0
472,0,14,0,0,0,0,0,497452,0,0,0,0,53,0,0,0,0,0,0,0,0,0,0,0,0,0,0,0,0,0,0,0,0,0,0,0,80,0,60,0,0,0,0,0
472,0,15,0,0,0,0,0,497452,0,0,0,0,41,0,0,0,0,0,0,0,0,0,0,0,0,0,0,0,0,0,0,0,0,0,0,0,39,0,91,0,0,0,0,0
473,0,0,0,0,0,0,0,994950,0,0,2168,394752,136,0,0,0,0,0,6957,0,0,0,0,0,0,0,0,2168,2168,0,127524,0,625693,394752,0,607,0,136,284,0,0,0,0,493554
473,0,1,0,0,0,0,0,497475,6957,0,0,0,2516,0,0,0,0,0,6957,0,0,0,0,0,0,0,0,0,1055,0,63792,0,252421,0,0,210,273,683,4331,0,0,72041,0,0
473,0,2,0,0,0,0,0,497475,0,0,0,0,259,17344,0,0,0,0,0,0,0,0,0,0,0,0,0,0,0,0,63884,0,126807,64930,0,522,390,762,542,0,0,61727,0,16943
473,0,3,0,0,0,0,0,497475,0,0,0,0,251,17344,0,0,0,0,0,0,0,0,0,0,0,0,0,0,0,0,63772,0,0,64971,0,240,150,0,372,0,0,31174,0,16764
473,0,4,0,0,0,0,0,497475,0,0,0,0,260,17344,0,0,0,0,0,0,0,0,0,0,0,0,0,0,0,0,0,0,0,64856,0,87,0,143,378,150341,0,0,0,16769
473,0,5,0,0,0,0,0,497475,0,0,0,0,300,17344,0,0,0,0,0,0,0,0,0,0,0,0,0,0,0,0,0,0,0,64926,1295,148,0,1,619,0,0,121720,0,16649
473,0,6,0,0,0,0,0,497475,0,0,0,0,328,17344,0,0,0,0,0,0,0,0,0,0,0,0,0,0,0,0,0,0,0,64919,0,40,532,1,487,0,0,87484,0,16706
473,0,7,0,0,0,0,0,497475,0,0,0,0,344,17344,0,0,0,0,0,0,0,0,0,0,0,0,0,0,0,0,0,0,0,64926,0,107,177,0,714,0,0,29044,0,16696
473,0,8,0,0,0,0,0,497475,0,0,0,0,50,0,0,0,0,0,0,0,0,0,0,0,0,0,0,0,0,0,0,0,0,0,0,52,0,42,107,0,0,0,0,0
473,0,9,0,0,0,0,0,497475,0,0,0,0,47,0,0,0,0,0,0,0,0,0,0,0,0,0,0,0,0,0,0,0,0,0,365,42,0,0,53,0,0,0,0,0
473,0,10,0,0,0,0,0,497475,0,0,0,0,53,0,0,0,0,0,0,0,0,0,0,0,0,0,0,0,0,0,0,0,0,0,0,91,92,0,118,0,0,0,0,0
473,0,11,0,0,0,0,0,497475,0,0,0,0,53,0,0,0,0,0,0,0,0,0,0,0,0,0,0,0,0,0,0,0,0,0,0,42,39,0,94,0,0,0,0,0
473,0,12,0,0,0,0,0,497475,0,0,0,0,47,0,0,0,0,0,0,0,0,0,0,0,0,0,0,0,0,0,0,0,0,0,0,0,0,45,93,0,0,0,0,0
473,0,13,0,0,0,0,0,497475,0,0,0,0,53,0,0,0,0,0,0,0,0,0,0,0,0,0,0,0,0,0,0,0,0,0,178,0,0,0,109,0,0,0,0,0
473,0,14,0,0,0,0,0,497475,0,0,0,0,53,0,0,0,0,0,0,0,0,0,0,0,0,0,0,0,0,0,0,0,0,0,0,0,80,0,60,0,0,0,0,0
473,0,15,0,0,0,0,0,497475,0,0,0,0,41,0,0,0,0,0,0,0,0,0,0,0,0,0,0,0,0,0,0,0,0,0,0,0,39,0,91,0,0,0,0,0
474,0,0,0,0,0,0,0,994748,0,0,2168,394752,136,0,0,0,0,0,6957,0,0,0,0,0,0,0,0,2168,2168,0,127559,0,625692,394752,0,607,0,136,284,0,0,0,0,493706
474,0,1,0,0,0,0,0,497374,6957,0,0,0,2499,0,0,0,0,0,6957,0,0,0,0,0,0,0,0,0,1054,0,63770,0,252443,0,0,220,281,682,4312,0,0,72040,0,0
474,0,2,0,0,0,0,0,497374,0,0,0,0,239,17344,0,0,0,0,0,0,0,0,0,0,0,0,0,0,0,0,63889,0,126791,64929,0,518,408,770,520,0,0,61743,0,16935
474,0,3,0,0,0,0,0,497374,0,0,0,0,250,17344,0,0,0,0,0,0,0,0,0,0,0,0,0,0,0,0,63778,0,0,64966,0,240,151,0,363,0,0,31149,0,16768
474,0,4,0,0,0,0,0,497374,0,0,0,0,258,17344,0,0,0,0,0,0,0,0,0,0,0,0,0,0,0,0,0,0,0,64864,0,87,0,145,383,150429,0,0,0,16784
474,0,5,0,0,0,0,0,497374,0,0,0,0,305,17344,0,0,0,0,0,0,0,0,0,0,0,0,0,0,0,0,0,0,0,64918,1279,148,0,1,614,0,0,121691,0,16644
474,0,6,0,0,0,0,0,497374,0,0,0,0,319,17344,0,0,0,0,0,0,0,0,0,0,0,0,0,0,0,0,0,0,0,64923,0,40,541,1,482,0,0,87513,0,16701
474,0,7,0,0,0,0,0,497374,0,0,0,0,344,17344,0,0,0,0,0,0,0,0,0,0,0,0,0,0,0,0,0,0,0,64926,0,108,177,0,713,0,0,31008,0,16701
474,0,8,0,0,0,0,0,497374,0,0,0,0,50,0,0,0,0,0,0,0,0,0,0,0,0,0,0,0,0,0,0,0,0,0,0,52,0,42,107,0,0,0,0,0
474,0,9,0,0,0,0,0,497374,0,0,0,0,47,0,0,0,0,0,0,0,0,0,0,0,0,0,0,0,0,0,0,0,0,0,365,42,0,0,53,0,0,0,0,0
474,0,10,0,0,0,0,0,497374,0,0,0,0,53,0,0,0,0,0,0,0,0,0,0,0,0,0,0,0,0,0,0,0,0,0,0,91,92,0,118,0,0,0,0,0
474,0,11,0,0,0,0,0,497374,0,0,0,0,53,0,0,0,0,0,0,0,0,0,0,0,0,0,0,0,0,0,0,0,0,0,0,41,39,0,94,0,0,0,0,0
474,0,12,0,0,0,0,0,497374,0,0,0,0,47,0,0,0,0,0,0,0,0,0,0,0,0,0,0,0,0,0,0,0,0,0,0,0,0,45,93,0,0,0,0,0
474,0,13,0,0,0,0,0,497374,0,0,0,0,53,0,0,0,0,0,0,0,0,0,0,0,0,0,0,0,0,0,0,0,0,0,178,0,0,0,109,0,0,0,0,0
474,0,14,0,0,0,0,0,497374,0,0,0,0,53,0,0,0,0,0,0,0,0,0,0,0,0,0,0,0,0,0,0,0,0,0,0,0,80,0,60,0,0,0,0,0
474,0,15,0,0,0,0,0,497374,0,0,0,0,41,0,0,0,0,0,0,0,0,0,0,0,0,0,0,0,0,0,0,0,0,0,0,0,39,0,92,0,0,0,0,0
475,0,0,0,0,0,0,0,1277190,0,0,2856,526336,136,0,0,0,0,0,8004,0,0,0,0,0,0,0,0,2856,2856,0,253327,0,749745,526336,0,972,0,136,284,0,0,0,0,767670
475,0,1,0,0,0,0,0,638595,8004,0,0,0,2976,0,0,0,0,0,8004,0,0,0,0,0,0,0,0,0,1435,0,127010,0,252091,0,0,346,398,652,5112,0,0,93053,0,0
475,0,2,0,0,0,0,0,638595,0,0,0,0,212,17344,0,0,0,0,0,0,0,0,0,0,0,0,0,0,0,0,63796,0,126761,64936,0,542,360,741,467,0,0,83352,0,16759
475,0,3,0,0,0,0,0,638595,0,0,0,0,222,17344,0,0,0,0,0,0,0,0,0,0,0,0,0,0,0,0,63800,0,0,64945,0,250,131,0,322,0,0,30774,0,16748
475,0,4,0,0,0,0,0,638595,0,0,0,0,248,17344,0,0,0,0,0,0,0,0,0,0,0,0,0,0,0,0,63709,0,0,64876,0,218,0,139,359,261152,0,0,0,16713
475,0,5,0,0,0,0,0,638595,0,0,0,0,301,17344,0,0,0,0,0,0,0,0,0,0,0,0,0,0,0,0,63855,0,0,64968,1688,398,0,2,619,0,0,213868,0,16650
475,0,6,0,0,0,0,0,638595,0,0,0,0,351,17344,0,0,0,0,0,0,0,0,0,0,0,0,0,0,0,0,0,0,0,64939,0,40,529,0,510,0,0,132893,0,16531
475,0,7,0,0,0,0,0,638595,0,0,0,0,344,17344,0,0,0,0,0,0,0,0,0,0,0,0,0,0,0,0,0,0,0,64909,0,108,193,0,720,0,0,51233,0,16534
475,0,8,0,0,0,0,0,638595,0,0,0,0,307,17344,0,0,0,0,0,0,0,0,0,0,0,0,0,0,0,0,0,0,0,64854,0,52,0,164,614,103163,0,0,0,16646
475,0,9,0,0,0,0,0,638595,0,0,0,0,291,17344,0,0,0,0,0,0,0,0,0,0,0,0,0,0,0,0,0,0,0,64951,757,42,0,0,428,0,0,42887,0,16580
475,0,10,0,0,0,0,0,638595,0,0,0,0,53,0,0,0,0,0,0,0,0,0,0,0,0,0,0,0,0,0,0,0,0,0,0,91,92,2,118,0,0,0,0,0
475,0,11,0,0,0,0,0,638595,0,0,0,0,53,0,0,0,0,0,0,0,0,0,0,0,0,0,0,0,0,0,0,0,0,0,0,41,39,0,94,0,0,0,0,0
475,0,12,0,0,0,0,0,638595,0,0,0,0,47,0,0,0,0,0,0,0,0,0,0,0,0,0,0,0,0,0,0,0,0,0,0,0,0,45,93,0,0,0,0,0
475,0,13,0,0,0,0,0,638595,0,0,0,0,53,0,0,0,0,0,0,0,0,0,0,0,0,0,0,0,0,0,0,0,0,0,178,0,0,0,109,0,0,0,0,0
475,0,14,0,0,0,0,0,638595,0,0,0,0,53,0,0,0,0,0,0,0,0,0,0,0,0,0,0,0,0,0,0,0,0,0,0,0,80,0,60,0,0,0,0,0
475,0,15,0,0,0,0,0,638595,0,0,0,0,41,0,0,0,0,0,0,0,0,0,0,0,0,0,0,0,0,0,0,0,0,0,0,0,39,0,94,0,0,0,0,0
476,0,0,0,0,0,0,0,1277083,0,0,2856,526336,136,0,0,0,0,0,8004,0,0,0,0,0,0,0,0,2856,2856,0,253327,0,749766,526336,0,972,0,136,284,0,0,0,0,767141
476,0,1,0,0,0,0,0,638542,8004,0,0,0,2993,0,0,0,0,0,8004,0,0,0,0,0,0,0,0,0,1432,0,127033,0,252085,0,0,350,398,631,5144,0,0,93080,0,0
476,0,2,0,0,0,0,0,638542,0,0,0,0,225,17344,0,0,0,0,0,0,0,0,0,0,0,0,0,0,0,0,63817,0,126727,64945,0,553,350,759,472,0,0,83389,0,16763
476,0,3,0,0,0,0,0,638542,0,0,0,0,225,17344,0,0,0,0,0,0,0,0,0,0,0,0,0,0,0,0,63790,0,0,64952,0,240,128,0,317,0,0,30780,0,16750
476,0,4,0,0,0,0,0,638542,0,0,0,0,240,17344,0,0,0,0,0,0,0,0,0,0,0,0,0,0,0,0,63715,0,0,64872,0,216,0,147,354,261296,0,0,0,16712
476,0,5,0,0,0,0,0,638542,0,0,0,0,292,17344,0,0,0,0,0,0,0,0,0,0,0,0,0,0,0,0,63860,0,0,64963,1683,385,0,1,619,0,0,213960,0,16691
476,0,6,0,0,0,0,0,638542,0,0,0,0,328,17344,0,0,0,0,0,0,0,0,0,0,0,0,0,0,0,0,0,0,0,64940,0,40,552,1,476,0,0,132358,0,16529
476,0,7,0,0,0,0,0,638542,0,0,0,0,344,17344,0,0,0,0,0,0,0,0,0,0,0,0,0,0,0,0,0,0,0,64900,0,107,193,0,730,0,0,51215,0,16514
476,0,8,0,0,0,0,0,638542,0,0,0,0,304,17344,0,0,0,0,0,0,0,0,0,0,0,0,0,0,0,0,0,0,0,64859,0,52,0,167,613,103011,0,0,0,16655
476,0,9,0,0,0,0,0,638542,0,0,0,0,303,17344,0,0,0,0,0,0,0,0,0,0,0,0,0,0,0,0,0,0,0,64959,741,42,0,1,453,0,0,42871,0,16582
476,0,10,0,0,0,0,0,638542,0,0,0,0,53,0,0,0,0,0,0,0,0,0,0,0,0,0,0,0,0,0,0,0,0,0,0,91,92,1,118,0,0,0,0,0
476,0,11,0,0,0,0,0,638542,0,0,0,0,53,0,0,0,0,0,0,0,0,0,0,0,0,0,0,0,0,0,0,0,0,0,0,43,39,0,94,0,0,0,0,0
476,0,12,0,0,0,0,0,638542,0,0,0,0,47,0,0,0,0,0,0,0,0,0,0,0,0,0,0,0,0,0,0,0,0,0,0,0,0,45,93,0,0,0,0,0
476,0,13,0,0,0,0,0,638542,0,0,0,0,53,0,0,0,0,0,0,0,0,0,0,0,0,0,0,0,0,0,0,0,0,0,178,0,0,0,109,0,0,0,0,0
476,0,14,0,0,0,0,0,638542,0,0,0,0,53,0,0,0,0,0,0,0,0,0,0,0,0,0,0,0,0,0,0,0,0,0,0,0,80,0,60,0,0,0,0,0
476,0,15,0,0,0,0,0,638542,0,0,0,0,41,0,0,0,0,0,0,0,0,0,0,0,0,0,0,0,0,0,0,0,0,0,0,0,39,0,92,0,0,0,0,0
477,0,0,0,0,0,0,0,1277127,0,0,2856,526336,136,0,0,0,0,0,8001,0,0,0,0,0,0,0,0,2856,2856,0,253326,0,749623,526336,0,972,0,136,284,0,0,0,0,767406
477,0,1,0,0,0,0,0,638564,8001,0,0,0,2995,0,0,0,0,0,8001,0,0,0,0,0,0,0,0,0,1433,0,127010,0,252069,0,0,329,410,638,5138,0,0,93189,0,0
477,0,2,0,0,0,0,0,638564,0,0,0,0,224,17344,0,0,0,0,0,0,0,0,0,0,0,0,0,0,0,0,63811,0,126719,64940,0,548,343,754,474,0,0,83559,0,16777
477,0,3,0,0,0,0,0,638564,0,0,0,0,216,17344,0,0,0,0,0,0,0,0,0,0,0,0,0,0,0,0,63796,0,0,64947,0,244,136,0,310,0,0,30752,0,16767
477,0,4,0,0,0,0,0,638564,0,0,0,0,254,17344,0,0,0,0,0,0,0,0,0,0,0,0,0,0,0,0,63709,0,0,64877,0,216,0,133,380,261463,0,0,0,16712
477,0,5,0,0,0,0,0,638564,0,0,0,0,306,17344,0,0,0,0,0,0,0,0,0,0,0,0,0,0,0,0,63860,0,0,64966,1698,405,0,1,634,0,0,215017,0,16673
477,0,6,0,0,0,0,0,638564,0,0,0,0,349,17344,0,0,0,0,0,0,0,0,0,0,0,0,0,0,0,0,0,0,0,64941,0,40,523,1,502,0,0,132417,0,16545
477,0,7,0,0,0,0,0,638564,0,0,0,0,336,17344,0,0,0,0,0,0,0,0,0,0,0,0,0,0,0,0,0,0,0,64905,0,106,201,0,719,0,0,51270,0,16521
477,0,8,0,0,0,0,0,638564,0,0,0,0,313,17344,0,0,0,0,0,0,0,0,0,0,0,0,0,0,0,0,0,0,0,64859,0,52,0,158,622,103112,0,0,0,16663
477,0,9,0,0,0,0,0,638564,0,0,0,0,298,17344,0,0,0,0,0,0,0,0,0,0,0,0,0,0,0,0,0,0,0,64956,755,42,0,1,428,0,0,43006,0,16564
477,0,10,0,0,0,0,0,638564,0,0,0,0,53,0,0,0,0,0,0,0,0,0,0,0,0,0,0,0,0,0,0,0,0,0,0,91,92,1,118,0,0,0,0,0
477,0,11,0,0,0,0,0,638564,0,0,0,0,53,0,0,0,0,0,0,0,0,0,0,0,0,0,0,0,0,0,0,0,0,0,0,44,39,0,94,0,0,0,0,0
477,0,12,0,0,0,0,0,638564,0,0,0,0,47,0,0,0,0,0,0,0,0,0,0,0,0,0,0,0,0,0,0,0,0,0,0,0,0,45,93,0,0,0,0,0
477,0,13,0,0,0,0,0,638564,0,0,0,0,53,0,0,0,0,0,0,0,0,0,0,0,0,0,0,0,0,0,0,0,0,0,178,0,0,0,109,0,0,0,0,0
477,0,14,0,0,0,0,0,638564,0,0,0,0,53,0,0,0,0,0,0,0,0,0,0,0,0,0,0,0,0,0,0,0,0,0,0,0,80,0,60,0,0,0,0,0
477,0,15,0,0,0,0,0,638564,0,0,0,0,41,0,0,0,0,0,0,0,0,0,0,0,0,0,0,0,0,0,0,0,0,0,0,0,39,0,91,0,0,0,0,0
478,0,0,0,0,0,0,0,1579714,0,0,3606,657920,136,0,0,0,0,0,9141,0,0,0,0,0,0,0,0,3606,3606,0,253169,0,995577,657920,0,896,0,136,284,0,0,0,0,1107308
478,0,1,0,0,0,0,0,789857,9141,0,0,0,3516,0,0,0,0,0,9141,0,0,0,0,0,0,0,0,0,1796,0,126881,0,376383,0,0,341,363,904,6030,0,0,88854,0,0
478,0,2,0,0,0,0,0,789857,0,0,0,0,196,17344,0,0,0,0,0,0,0,0,0,0,0,0,0,0,0,0,127000,0,189110,64921,0,852,318,1034,418,0,0,79169,0,16756
478,0,3,0,0,0,0,0,789857,0,0,0,0,196,17344,0,0,0,0,0,0,0,0,0,0,0,0,0,0,0,0,126926,0,0,64945,0,390,125,0,276,0,0,27054,0,16831
478,0,4,0,0,0,0,0,789857,0,0,0,0,207,17344,0,0,0,0,0,0,0,0,0,0,0,0,0,0,0,0,63684,0,0,64899,0,202,0,134,303,436783,0,0,0,16720
478,0,5,0,0,0,0,0,789857,0,0,0,0,283,17344,0,0,0,0,0,0,0,0,0,0,0,0,0,0,0,0,63822,0,0,64952,2098,432,0,1,578,0,0,253579,0,16446
478,0,6,0,0,0,0,0,789857,0,0,0,0,313,17344,0,0,0,0,0,0,0,0,0,0,0,0,0,0,0,0,63836,0,0,64954,0,193,500,1,450,0,0,151730,0,16489
478,0,7,0,0,0,0,0,789857,0,0,0,0,319,17344,0,0,0,0,0,0,0,0,0,0,0,0,0,0,0,0,63851,0,0,64920,0,435,176,0,672,0,0,68719,0,16430
478,0,8,0,0,0,0,0,789857,0,0,0,0,277,17344,0,0,0,0,0,0,0,0,0,0,0,0,0,0,0,0,0,0,0,64876,0,52,0,164,570,372141,0,0,0,16532
478,0,9,0,0,0,0,0,789857,0,0,0,0,338,17344,0,0,0,0,0,0,0,0,0,0,0,0,0,0,0,0,0,0,0,64934,1210,42,0,2,485,0,0,248644,0,16425
478,0,10,0,0,0,0,0,789857,0,0,0,0,377,17344,0,0,0,0,0,0,0,0,0,0,0,0,0,0,0,0,0,0,0,64979,0,91,568,0,772,0,0,172304,0,16555
478,0,11,0,0,0,0,0,789857,0,0,0,0,373,17344,0,0,0,0,0,0,0,0,0,0,0,0,0,0,0,0,0,0,0,64963,0,45,204,0,573,0,0,85217,0,16404
478,0,12,0,0,0,0,0,789857,0,0,0,0,47,0,0,0,0,0,0,0,0,0,0,0,0,0,0,0,0,0,0,0,0,0,0,0,0,45,93,0,0,0,0,0
478,0,13,0,0,0,0,0,789857,0,0,0,0,53,0,0,0,0,0,0,0,0,0,0,0,0,0,0,0,0,0,0,0,0,0,178,0,0,0,109,0,0,0,0,0
478,0,14,0,0,0,0,0,789857,0,0,0,0,53,0,0,0,0,0,0,0,0,0,0,0,0,0,0,0,0,0,0,0,0,0,0,0,80,0,60,0,0,0,0,0
478,0,15,0,0,0,0,0,789857,0,0,0,0,41,0,0,0,0,0,0,0,0,0,0,0,0,0,0,0,0,0,0,0,0,0,0,0,39,0,92,0,0,0,0,0
479,0,0,0,0,0,0,0,1579440,0,0,3606,657920,136,0,0,0,0,0,9141,0,0,0,0,0,0,0,0,3606,3606,0,253226,0,995468,657920,0,896,0,136,284,0,0,0,0,1107176
479,0,1,0,0,0,0,0,789720,9141,0,0,0,3500,0,0,0,0,0,9141,0,0,0,0,0,0,0,0,0,1787,0,126905,0,376314,0,0,358,363,903,6041,0,0,88407,0,0
479,0,2,0,0,0,0,0,789720,0,0,0,0,194,17344,0,0,0,0,0,0,0,0,0,0,0,0,0,0,0,0,126969,0,189066,64922,0,850,312,1026,428,0,0,79196,0,16760
479,0,3,0,0,0,0,0,789720,0,0,0,0,189,17344,0,0,0,0,0,0,0,0,0,0,0,0,0,0,0,0,126907,0,0,64951,0,397,132,0,270,0,0,27109,0,16835
479,0,4,0,0,0,0,0,789720,0,0,0,0,208,17344,0,0,0,0,0,0,0,0,0,0,0,0,0,0,0,0,63699,0,0,64907,0,205,0,133,297,436823,0,0,0,16711
479,0,5,0,0,0,0,0,789720,0,0,0,0,280,17344,0,0,0,0,0,0,0,0,0,0,0,0,0,0,0,0,63840,0,0,64952,2077,419,0,1,571,0,0,254122,0,16455
479,0,6,0,0,0,0,0,789720,0,0,0,0,310,17344,0,0,0,0,0,0,0,0,0,0,0,0,0,0,0,0,63829,0,0,64958,0,192,501,1,450,0,0,152702,0,16486
479,0,7,0,0,0,0,0,789720,0,0,0,0,317,17344,0,0,0,0,0,0,0,0,0,0,0,0,0,0,0,0,63832,0,0,64923,0,424,178,0,674,0,0,68249,0,16419
479,0,8,0,0,0,0,0,789720,0,0,0,0,292,17344,0,0,0,0,0,0,0,0,0,0,0,0,0,0,0,0,0,0,0,64876,0,52,0,149,582,372052,0,0,0,16534
479,0,9,0,0,0,0,0,789720,0,0,0,0,321,17344,0,0,0,0,0,0,0,0,0,0,0,0,0,0,0,0,0,0,0,64937,1234,42,0,1,481,0,0,248852,0,16419
479,0,10,0,0,0,0,0,789720,0,0,0,0,364,17344,0,0,0,0,0,0,0,0,0,0,0,0,0,0,0,0,0,0,0,64974,0,91,577,1,760,0,0,172950,0,16571
479,0,11,0,0,0,0,0,789720,0,0,0,0,369,17344,0,0,0,0,0,0,0,0,0,0,0,0,0,0,0,0,0,0,0,64960,0,43,208,0,581,0,0,85342,0,16403
479,0,12,0,0,0,0,0,789720,0,0,0,0,47,0,0,0,0,0,0,0,0,0,0,0,0,0,0,0,0,0,0,0,0,0,0,0,0,45,93,0,0,0,0,0
479,0,13,0,0,0,0,0,789720,0,0,0,0,53,0,0,0,0,0,0,0,0,0,0,0,0,0,0,0,0,0,0,0,0,0,178,0,0,0,109,0,0,0,0,0
479,0,14,0,0,0,0,0,789720,0,0,0,0,53,0,0,0,0,0,0,0,0,0,0,0,0,0,0,0,0,0,0,0,0,0,0,0,80,0,60,0,0,0,0,0
479,0,15,0,0,0,0,0,789720,0,0,0,0,41,0,0,0,0,0,0,0,0,0,0,0,0,0,0,0,0,0,0,0,0,0,0,0,39,0,94,0,0,0,0,0
480,0,0,0,0,0,0,0,1579068,0,0,3606,657920,136,0,0,0,0,0,9138,0,0,0,0,0,0,0,0,3606,3606,0,253197,0,995427,657920,0,896,0,136,284,0,0,0,0,1106759
480,0,1,0,0,0,0,0,789534,9138,0,0,0,3520,0,0,0,0,0,9138,0,0,0,0,0,0,0,0,0,1775,0,126880,0,376330,0,0,329,361,914,6012,0,0,88924,0,0
480,0,2,0,0,0,0,0,789534,0,0,0,0,201,17344,0,0,0,0,0,0,0,0,0,0,0,0,0,0,0,0,127012,0,189043,64933,0,843,323,1024,432,0,0,79141,0,16771
480,0,3,0,0,0,0,0,789534,0,0,0,0,205,17344,0,0,0,0,0,0,0,0,0,0,0,0,0,0,0,0,126908,0,0,64954,0,401,115,0,285,0,0,27090,0,16836
480,0,4,0,0,0,0,0,789534,0,0,0,0,223,17344,0,0,0,0,0,0,0,0,0,0,0,0,0,0,0,0,63690,0,0,64904,0,201,0,118,315,436338,0,0,0,16707
480,0,5,0,0,0,0,0,789534,0,0,0,0,282,17344,0,0,0,0,0,0,0,0,0,0,0,0,0,0,0,0,63821,0,0,64949,2115,433,0,1,588,0,0,253435,0,16444
480,0,6,0,0,0,0,0,789534,0,0,0,0,320,17344,0,0,0,0,0,0,0,0,0,0,0,0,0,0,0,0,63835,0,0,64956,0,199,501,2,460,0,0,151512,0,16504
480,0,7,0,0,0,0,0,789534,0,0,0,0,328,17344,0,0,0,0,0,0,0,0,0,0,0,0,0,0,0,0,63848,0,0,64910,0,417,167,0,687,0,0,68691,0,16416
480,0,8,0,0,0,0,0,789534,0,0,0,0,278,17344,0,0,0,0,0,0,0,0,0,0,0,0,0,0,0,0,0,0,0,64875,0,52,0,163,572,371751,0,0,0,16547
480,0,9,0,0,0,0,0,789534,0,0,0,0,332,17344,0,0,0,0,0,0,0,0,0,0,0,0,0,0,0,0,0,0,0,64935,1209,42,0,2,478,0,0,248549,0,16414
480,0,10,0,0,0,0,0,789534,0,0,0,0,376,17344,0,0,0,0,0,0,0,0,0,0,0,0,0,0,0,0,0,0,0,64980,0,91,576,0,765,0,0,172366,0,16573
480,0,11,0,0,0,0,0,789534,0,0,0,0,380,17344,0,0,0,0,0,0,0,0,0,0,0,0,0,0,0,0,0,0,0,64960,0,47,197,0,596,0,0,84764,0,16407
480,0,12,0,0,0,0,0,789534,0,0,0,0,47,0,0,0,0,0,0,0,0,0,0,0,0,0,0,0,0,0,0,0,0,0,0,0,0,45,93,0,0,0,0,0
480,0,13,0,0,0,0,0,789534,0,0,0,0,53,0,0,0,0,0,0,0,0,0,0,0,0,0,0,0,0,0,0,0,0,0,178,0,0,0,109,0,0,0,0,0
480,0,14,0,0,0,0,0,789534,0,0,0,0,53,0,0,0,0,0,0,0,0,0,0,0,0,0,0,0,0,0,0,0,0,0,0,0,80,0,60,0,0,0,0,0
480,0,15,0,0,0,0,0,789534,0,0,0,0,41,0,0,0,0,0,0,0,0,0,0,0,0,0,0,0,0,0,0,0,0,0,0,0,39,0,90,0,0,0,0,0
481,0,0,0,0,0,0,0,2002346,0,0,4654,855296,136,0,0,0,0,0,10728,0,0,0,0,0,0,0,0,4654,4654,0,377039,0,1238712,855296,0,1249,0,136,284,0,0,0,0,1533219
481,0,1,0,0,0,0,0,1001173,10728,0,0,0,4259,0,0,0,0,0,10728,0,0,0,0,0,0,0,0,0,2301,0,189013,0,437472,0,0,435,505,976,7157,0,0,74642,0,0
481,0,2,0,0,0,0,0,1001173,0,0,0,0,172,17344,0,0,0,0,0,0,0,0,0,0,0,0,0,0,0,0,189463,0,188957,64942,0,1148,279,964,353,0,0,67245,0,16749
481,0,3,0,0,0,0,0,1001173,0,0,0,0,174,17344,0,0,0,0,0,0,0,0,0,0,0,0,0,0,0,0,126784,0,0,64963,0,354,102,0,241,0,0,17610,0,16903
481,0,4,0,0,0,0,0,1001173,0,0,0,0,182,17344,0,0,0,0,0,0,0,0,0,0,0,0,0,0,0,0,126665,0,0,64904,0,328,0,111,297,668433,0,0,0,16726
481,0,5,0,0,0,0,0,1001173,0,0,0,0,233,17344,0,0,0,0,0,0,0,0,0,0,0,0,0,0,0,0,126835,0,0,64956,2795,788,0,0,519,0,0,260099,0,16528
481,0,6,0,0,0,0,0,1001173,0,0,0,0,271,17344,0,0,0,0,0,0,0,0,0,0,0,0,0,0,0,0,127016,0,0,64954,0,344,407,3,380,0,0,148997,0,16501
481,0,7,0,0,0,0,0,1001173,0,0,0,0,265,17344,0,0,0,0,0,0,0,0,0,0,0,0,0,0,0,0,63818,0,0,64901,0,468,150,0,543,0,0,59762,0,16386
481,0,8,0,0,0,0,0,1001173,0,0,0,0,253,17344,0,0,0,0,0,0,0,0,0,0,0,0,0,0,0,0,63831,0,0,64894,0,354,0,150,519,638077,0,0,0,16449
481,0,9,0,0,0,0,0,1001173,0,0,0,0,331,17344,0,0,0,0,0,0,0,0,0,0,0,0,0,0,0,0,63866,0,0,64972,1808,176,0,1,493,0,0,481649,0,16397
481,0,10,0,0,0,0,0,1001173,0,0,0,0,376,17344,0,0,0,0,0,0,0,0,0,0,0,0,0,0,0,0,63844,0,0,64983,0,398,590,1,812,0,0,223480,0,16414
481,0,11,0,0,0,0,0,1001173,0,0,0,0,386,17344,0,0,0,0,0,0,0,0,0,0,0,0,0,0,0,0,0,0,0,64907,0,12,195,0,589,0,0,105163,0,16231
481,0,12,0,0,0,0,0,1001173,0,0,0,0,354,17344,0,0,0,0,0,0,0,0,0,0,0,0,0,0,0,0,0,0,0,64966,0,0,0,175,537,485934,0,0,0,16295
481,0,13,0,0,0,0,0,1001173,0,0,0,0,373,17344,0,0,0,0,0,0,0,0,0,0,0,0,0,0,0,0,0,0,0,64983,980,0,0,1,786,0,0,257243,0,16551
481,0,14,0,0,0,0,0,1001173,0,0,0,0,381,17344,0,0,0,0,0,0,0,0,0,0,0,0,0,0,0,0,0,0,0,64925,0,0,241,1,572,0,0,98089,0,16225
481,0,15,0,0,0,0,0,1001173,0,0,0,0,41,0,0,0,0,0,0,0,0,0,0,0,0,0,0,0,0,0,0,0,0,0,0,0,39,0,127,0,0,0,0,0
482,0,0,0,0,0,0,0,2001673,0,0,4654,855296,136,0,0,0,0,0,10728,0,0,0,0,0,0,0,0,4654,4654,0,376937,0,1238697,855296,0,1249,0,136,284,0,0,0,0,1532342
482,0,1,0,0,0,0,0,1000836,10728,0,0,0,4237,0,0,0,0,0,10728,0,0,0,0,0,0,0,0,0,2322,0,189025,0,437469,0,0,484,458,996,7192,0,0,72905,0,0
482,0,2,0,0,0,0,0,1000836,0,0,0,0,170,17344,0,0,0,0,0,0,0,0,0,0,0,0,0,0,0,0,189477,0,188923,64948,0,1115,283,953,375,0,0,65696,0,16772
482,0,3,0,0,0,0,0,1000836,0,0,0,0,177,17344,0,0,0,0,0,0,0,0,0,0,0,0,0,0,0,0,126766,0,0,64970,0,361,100,0,247,0,0,17079,0,16911
482,0,4,0,0,0,0,0,1000836,0,0,0,0,182,17344,0,0,0,0,0,0,0,0,0,0,0,0,0,0,0,0,126645,0,0,64892,0,311,0,111,260,668201,0,0,0,16725
482,0,5,0,0,0,0,0,1000836,0,0,0,0,237,17344,0,0,0,0,0,0,0,0,0,0,0,0,0,0,0,0,126846,0,0,64948,2734,775,0,0,487,0,0,259955,0,16531
482,0,6,0,0,0,0,0,1000836,0,0,0,0,257,17344,0,0,0,0,0,0,0,0,0,0,0,0,0,0,0,0,127007,0,0,64951,0,380,431,3,363,0,0,149576,0,16479
482,0,7,0,0,0,0,0,1000836,0,0,0,0,274,17344,0,0,0,0,0,0,0,0,0,0,0,0,0,0,0,0,63797,0,0,64900,0,429,140,0,585,0,0,59475,0,16407
482,0,8,0,0,0,0,0,1000836,0,0,0,0,265,17344,0,0,0,0,0,0,0,0,0,0,0,0,0,0,0,0,63823,0,0,64886,0,377,0,138,525,638153,0,0,0,16442
482,0,9,0,0,0,0,0,1000836,0,0,0,0,335,17344,0,0,0,0,0,0,0,0,0,0,0,0,0,0,0,0,63887,0,0,64972,1841,208,0,2,478,0,0,481709,0,16398
482,0,10,0,0,0,0,0,1000836,0,0,0,0,378,17344,0,0,0,0,0,0,0,0,0,0,0,0,0,0,0,0,63844,0,0,64982,0,408,590,0,768,0,0,223125,0,16421
482,0,11,0,0,0,0,0,1000836,0,0,0,0,387,17344,0,0,0,0,0,0,0,0,0,0,0,0,0,0,0,0,0,0,0,64901,0,47,193,0,596,0,0,104719,0,16238
482,0,12,0,0,0,0,0,1000836,0,0,0,0,349,17344,0,0,0,0,0,0,0,0,0,0,0,0,0,0,0,0,0,0,0,64962,0,0,0,180,509,486014,0,0,0,16279
482,0,13,0,0,0,0,0,1000836,0,0,0,0,391,17344,0,0,0,0,0,0,0,0,0,0,0,0,0,0,0,0,0,0,0,64984,954,0,0,0,772,0,0,257265,0,16557
482,0,14,0,0,0,0,0,1000836,0,0,0,0,377,17344,0,0,0,0,0,0,0,0,0,0,0,0,0,0,0,0,0,0,0,64923,0,0,245,2,558,0,0,98397,0,16218
482,0,15,0,0,0,0,0,1000836,0,0,0,0,41,0,0,0,0,0,0,0,0,0,0,0,0,0,0,0,0,0,0,0,0,0,0,0,39,0,91,0,0,0,0,0
483,0,0,0,0,0,0,0,2001927,0,0,4654,855296,136,0,0,0,0,0,10730,0,0,0,0,0,0,0,0,4654,4654,0,376986,0,1238690,855296,0,1249,0,136,284,0,0,0,0,1532529
483,0,1,0,0,0,0,0,1000963,10728,0,0,0,4309,0,0,0,0,0,10728,0,0,0,0,0,0,0,0,0,2314,0,189029,0,437468,0,0,429,477,960,7222,0,0,72923,0,0
483,0,2,0,0,0,0,0,1000963,0,0,0,0,167,17344,0,0,0,0,0,0,0,0,0,0,0,0,0,0,0,0,189462,0,188926,64941,0,1169,283,961,346,0,0,65698,0,16772
483,0,3,0,0,0,0,0,1000963,0,0,0,0,174,17344,0,0,0,0,0,0,0,0,0,0,0,0,0,0,0,0,126780,0,0,64970,0,345,103,0,252,0,0,17075,0,16908
483,0,4,0,0,0,0,0,1000963,0,0,0,0,187,17344,0,0,0,0,0,0,0,0,0,0,0,0,0,0,0,0,126641,0,0,64900,0,313,0,106,290,668225,0,0,0,16733
483,0,5,0,0,0,0,0,1000963,0,0,0,0,239,17344,0,0,0,0,0,0,0,0,0,0,0,0,0,0,0,0,126854,0,0,64945,2776,797,0,2,522,0,0,260430,0,16535
483,0,6,0,0,0,0,0,1000963,0,0,0,0,256,17344,0,0,0,0,0,0,0,0,0,0,0,0,0,0,0,0,127014,0,0,64952,0,334,421,1,354,0,0,149168,0,16483
483,0,7,0,0,0,0,0,1000963,0,0,0,0,263,17344,0,0,0,0,0,0,0,0,0,0,0,0,0,0,0,0,63822,0,0,64892,0,476,151,0,545,0,0,59544,0,16398
483,0,8,0,0,0,0,0,1000963,0,0,0,0,266,17344,0,0,0,0,0,0,0,0,0,0,0,0,0,0,0,0,63813,0,0,64888,0,369,0,137,532,637949,0,0,0,16450
483,0,9,0,0,0,0,0,1000963,0,0,0,0,339,17344,0,0,0,0,0,0,0,0,0,0,0,0,0,0,0,0,63879,0,0,64973,1810,202,0,2,466,0,0,482689,0,16405
483,0,10,0,0,0,0,0,1000963,0,0,0,0,378,17344,0,0,0,0,0,0,0,0,0,0,0,0,0,0,0,0,63846,0,0,64980,0,423,596,0,799,0,0,222778,0,16401
483,0,11,0,0,0,0,0,1000963,0,0,0,0,393,17344,0,0,0,0,0,0,0,0,0,0,0,0,0,0,0,0,0,0,0,64908,0,10,187,0,592,0,0,103780,0,16266
483,0,12,0,0,0,0,0,1000963,0,0,0,0,346,17344,0,0,0,0,0,0,0,0,0,0,0,0,0,0,0,0,0,0,0,64961,0,0,0,183,514,486980,0,0,0,16269
483,0,13,0,0,0,0,0,1000963,0,0,0,0,372,17344,0,0,0,0,0,0,0,0,0,0,0,0,0,0,0,0,0,0,0,64986,976,0,0,0,759,0,0,256811,0,16550
483,0,14,0,0,0,0,0,1000963,0,0,0,0,383,17344,0,0,0,0,0,0,0,0,0,0,0,0,0,0,0,0,0,0,0,64926,0,0,239,2,549,0,0,98396,0,16219
483,0,15,0,0,0,0,0,1000963,0,0,0,0,41,0,0,0,0,0,0,0,0,0,0,0,0,0,0,0,0,0,0,0,0,0,0,0,39,0,128,0,0,0,0,0
484,0,0,0,0,0,0,0,807371,0,0,2562,65792,136,0,0,0,0,0,7521,0,0,0,0,0,0,0,0,2562,2562,0,0,0,125672,65792,0,294,0,136,284,0,0,0,0,266842
484,0,1,0,0,0,0,0,403686,7521,0,0,0,2726,0,0,0,0,0,7521,0,0,0,0,0,0,0,0,0,972,0,0,0,63964,0,0,84,170,1091,5074,0,0,265732,0,0
484,0,2,0,0,0,0,0,403686,0,0,0,0,1681,265984,0,0,0,0,0,0,0,0,0,0,0,0,0,0,0,0,0,0,0,64780,0,249,1019,282,3394,0,0,132,0,265936
484,0,3,0,0,0,0,0,403686,0,0,0,0,47,0,0,0,0,0,0,0,0,0,0,0,0,0,0,0,0,0,0,0,0,0,0,92,45,0,54,0,0,0,0,0
484,0,4,0,0,0,0,0,403686,0,0,0,0,47,0,0,0,0,0,0,0,0,0,0,0,0,0,0,0,0,0,0,0,0,0,0,87,0,45,61,0,0,0,0,0
484,0,5,0,0,0,0,0,403686,0,0,0,0,47,0,0,0,0,0,0,0,0,0,0,0,0,0,0,0,0,0,0,0,0,0,537,148,0,0,109,0,0,0,0,0
484,0,6,0,0,0,0,0,403686,0,0,0,0,47,0,0,0,0,0,0,0,0,0,0,0,0,0,0,0,0,0,0,0,0,0,0,40,98,0,52,0,0,0,0,0
484,0,7,0,0,0,0,0,403686,0,0,0,0,53,0,0,0,0,0,0,0,0,0,0,0,0,0,0,0,0,0,0,0,0,0,0,104,39,0,140,0,0,0,0,0
484,0,8,0,0,0,0,0,403686,0,0,0,0,50,0,0,0,0,0,0,0,0,0,0,0,0,0,0,0,0,0,0,0,0,0,0,52,0,42,107,0,0,0,0,0
484,0,9,0,0,0,0,0,403686,0,0,0,0,47,0,0,0,0,0,0,0,0,0,0,0,0,0,0,0,0,0,0,0,0,0,365,42,0,0,53,0,0,0,0,0
484,0,10,0,0,0,0,0,403686,0,0,0,0,53,0,0,0,0,0,0,0,0,0,0,0,0,0,0,0,0,0,0,0,0,0,0,91,92,0,118,0,0,0,0,0
484,0,11,0,0,0,0,0,403686,0,0,0,0,53,0,0,0,0,0,0,0,0,0,0,0,0,0,0,0,0,0,0,0,0,0,0,40,39,0,94,0,0,0,0,0
484,0,12,0,0,0,0,0,403686,0,0,0,0,47,0,0,0,0,0,0,0,0,0,0,0,0,0,0,0,0,0,0,0,0,0,0,0,0,45,93,0,0,0,0,0
484,0,13,0,0,0,0,0,403686,0,0,0,0,53,0,0,0,0,0,0,0,0,0,0,0,0,0,0,0,0,0,0,0,0,0,178,0,0,0,109,0,0,0,0,0
484,0,14,0,0,0,0,0,403686,0,0,0,0,53,0,0,0,0,0,0,0,0,0,0,0,0,0,0,0,0,0,0,0,0,0,0,0,80,0,60,0,0,0,0,0
484,0,15,0,0,0,0,0,403686,0,0,0,0,41,0,0,0,0,0,0,0,0,0,0,0,0,0,0,0,0,0,0,0,0,0,0,0,39,0,88,0,0,0,0,0
485,0,0,0,0,0,0,0,807336,0,0,2562,65792,136,0,0,0,0,0,7521,0,0,0,0,0,0,0,0,2562,2562,0,0,0,125671,65792,0,294,0,136,284,0,0,0,0,266971
485,0,1,0,0,0,0,0,403668,7521,0,0,0,2718,0,0,0,0,0,7521,0,0,0,0,0,0,0,0,0,989,0,0,0,63962,0,0,84,170,1099,5058,0,0,265695,0,0
485,0,2,0,0,0,0,0,403668,0,0,0,0,1673,265984,0,0,0,0,0,0,0,0,0,0,0,0,0,0,0,0,0,0,0,64781,0,249,1027,282,3378,0,0,163,0,265915
485,0,3,0,0,0,0,0,403668,0,0,0,0,47,0,0,0,0,0,0,0,0,0,0,0,0,0,0,0,0,0,0,0,0,0,0,92,45,0,54,0,0,0,0,0
485,0,4,0,0,0,0,0,403668,0,0,0,0,47,0,0,0,0,0,0,0,0,0,0,0,0,0,0,0,0,0,0,0,0,0,0,87,0,45,61,0,0,0,0,0
485,0,5,0,0,0,0,0,403668,0,0,0,0,47,0,0,0,0,0,0,0,0,0,0,0,0,0,0,0,0,0,0,0,0,0,537,148,0,0,109,0,0,0,0,0
485,0,6,0,0,0,0,0,403668,0,0,0,0,47,0,0,0,0,0,0,0,0,0,0,0,0,0,0,0,0,0,0,0,0,0,0,40,98,0,52,0,0,0,0,0
485,0,7,0,0,0,0,0,403668,0,0,0,0,53,0,0,0,0,0,0,0,0,0,0,0,0,0,0,0,0,0,0,0,0,0,0,104,39,0,140,0,0,0,0,0
485,0,8,0,0,0,0,0,403668,0,0,0,0,50,0,0,0,0,0,0,0,0,0,0,0,0,0,0,0,0,0,0,0,0,0,0,52,0,42,107,0,0,0,0,0
485,0,9,0,0,0,0,0,403668,0,0,0,0,47,0,0,0,0,0,0,0,0,0,0,0,0,0,0,0,0,0,0,0,0,0,365,42,0,0,53,0,0,0,0,0
485,0,10,0,0,0,0,0,403668,0,0,0,0,53,0,0,0,0,0,0,0,0,0,0,0,0,0,0,0,0,0,0,0,0,0,0,91,92,0,118,0,0,0,0,0
485,0,11,0,0,0,0,0,403668,0,0,0,0,53,0,0,0,0,0,0,0,0,0,0,0,0,0,0,0,0,0,0,0,0,0,0,40,39,0,94,0,0,0,0,0
485,0,12,0,0,0,0,0,403668,0,0,0,0,47,0,0,0,0,0,0,0,0,0,0,0,0,0,0,0,0,0,0,0,0,0,0,0,0,45,93,0,0,0,0,0
485,0,13,0,0,0,0,0,403668,0,0,0,0,53,0,0,0,0,0,0,0,0,0,0,0,0,0,0,0,0,0,0,0,0,0,178,0,0,0,109,0,0,0,0,0
485,0,14,0,0,0,0,0,403668,0,0,0,0,53,0,0,0,0,0,0,0,0,0,0,0,0,0,0,0,0,0,0,0,0,0,0,0,80,0,60,0,0,0,0,0
485,0,15,0,0,0,0,0,403668,0,0,0,0,41,0,0,0,0,0,0,0,0,0,0,0,0,0,0,0,0,0,0,0,0,0,0,0,39,0,88,0,0,0,0,0
486,0,0,0,0,0,0,0,807311,0,0,2562,65792,136,0,0,0,0,0,7521,0,0,0,0,0,0,0,0,2562,2562,0,0,0,125674,65792,0,294,0,136,284,0,0,0,0,266869
486,0,1,0,0,0,0,0,403655,7521,0,0,0,2722,0,0,0,0,0,7521,0,0,0,0,0,0,0,0,0,972,0,0,0,63968,0,0,84,170,1095,5065,0,0,265725,0,0
486,0,2,0,0,0,0,0,403655,0,0,0,0,1676,265984,0,0,0,0,0,0,0,0,0,0,0,0,0,0,0,0,0,0,0,64778,0,249,1024,282,3385,0,0,133,0,265936
486,0,3,0,0,0,0,0,403655,0,0,0,0,47,0,0,0,0,0,0,0,0,0,0,0,0,0,0,0,0,0,0,0,0,0,0,92,45,0,54,0,0,0,0,0
486,0,4,0,0,0,0,0,403655,0,0,0,0,47,0,0,0,0,0,0,0,0,0,0,0,0,0,0,0,0,0,0,0,0,0,0,87,0,45,62,0,0,0,0,0
486,0,5,0,0,0,0,0,403655,0,0,0,0,47,0,0,0,0,0,0,0,0,0,0,0,0,0,0,0,0,0,0,0,0,0,537,148,0,0,109,0,0,0,0,0
486,0,6,0,0,0,0,0,403655,0,0,0,0,47,0,0,0,0,0,0,0,0,0,0,0,0,0,0,0,0,0,0,0,0,0,0,40,98,0,52,0,0,0,0,0
486,0,7,0,0,0,0,0,403655,0,0,0,0,53,0,0,0,0,0,0,0,0,0,0,0,0,0,0,0,0,0,0,0,0,0,0,104,39,0,140,0,0,0,0,0
486,0,8,0,0,0,0,0,403655,0,0,0,0,50,0,0,0,0,0,0,0,0,0,0,0,0,0,0,0,0,0,0,0,0,0,0,52,0,42,107,0,0,0,0,0
486,0,9,0,0,0,0,0,403655,0,0,0,0,47,0,0,0,0,0,0,0,0,0,0,0,0,0,0,0,0,0,0,0,0,0,365,42,0,0,53,0,0,0,0,0
486,0,10,0,0,0,0,0,403655,0,0,0,0,53,0,0,0,0,0,0,0,0,0,0,0,0,0,0,0,0,0,0,0,0,0,0,91,92,0,118,0,0,0,0,0
486,0,11,0,0,0,0,0,403655,0,0,0,0,53,0,0,0,0,0,0,0,0,0,0,0,0,0,0,0,0,0,0,0,0,0,0,40,39,0,94,0,0,0,0,0
486,0,12,0,0,0,0,0,403655,0,0,0,0,47,0,0,0,0,0,0,0,0,0,0,0,0,0,0,0,0,0,0,0,0,0,0,0,0,45,93,0,0,0,0,0
486,0,13,0,0,0,0,0,403655,0,0,0,0,53,0,0,0,0,0,0,0,0,0,0,0,0,0,0,0,0,0,0,0,0,0,178,0,0,0,109,0,0,0,0,0
486,0,14,0,0,0,0,0,403655,0,0,0,0,53,0,0,0,0,0,0,0,0,0,0,0,0,0,0,0,0,0,0,0,0,0,0,0,80,0,60,0,0,0,0,0
486,0,15,0,0,0,0,0,403655,0,0,0,0,41,0,0,0,0,0,0,0,0,0,0,0,0,0,0,0,0,0,0,0,0,0,0,0,39,0,88,0,0,0,0,0
487,0,0,0,0,0,0,0,1162380,0,0,4100,131584,136,0,0,0,0,0,9834,0,0,0,0,0,0,0,0,4100,4100,0,0,0,248777,131584,0,294,0,136,284,0,0,0,0,577950
487,0,1,0,0,0,0,0,581190,9834,0,0,0,3893,0,0,0,0,0,9834,0,0,0,0,0,0,0,0,0,2074,0,0,0,126429,0,0,84,170,1463,6960,0,0,269380,0,0
487,0,2,0,0,0,0,0,581190,0,0,0,0,1771,265984,0,0,0,0,0,0,0,0,0,0,0,0,0,0,0,0,0,0,63542,65010,0,249,1836,1789,3144,0,0,263833,0,262634
487,0,3,0,0,0,0,0,581190,0,0,0,0,1468,265984,0,0,0,0,0,0,0,0,0,0,0,0,0,0,0,0,0,0,0,64997,0,93,674,0,2021,0,0,4986,0,262776
487,0,4,0,0,0,0,0,581190,0,0,0,0,47,0,0,0,0,0,0,0,0,0,0,0,0,0,0,0,0,0,0,0,0,0,0,87,0,45,62,0,0,0,0,0
487,0,5,0,0,0,0,0,581190,0,0,0,0,47,0,0,0,0,0,0,0,0,0,0,0,0,0,0,0,0,0,0,0,0,0,537,148,0,0,109,0,0,0,0,0
487,0,6,0,0,0,0,0,581190,0,0,0,0,47,0,0,0,0,0,0,0,0,0,0,0,0,0,0,0,0,0,0,0,0,0,0,40,98,0,52,0,0,0,0,0
487,0,7,0,0,0,0,0,581190,0,0,0,0,53,0,0,0,0,0,0,0,0,0,0,0,0,0,0,0,0,0,0,0,0,0,0,104,39,0,140,0,0,0,0,0
487,0,8,0,0,0,0,0,581190,0,0,0,0,50,0,0,0,0,0,0,0,0,0,0,0,0,0,0,0,0,0,0,0,0,0,0,52,0,42,107,0,0,0,0,0
487,0,9,0,0,0,0,0,581190,0,0,0,0,47,0,0,0,0,0,0,0,0,0,0,0,0,0,0,0,0,0,0,0,0,0,365,42,0,0,53,0,0,0,0,0
487,0,10,0,0,0,0,0,581190,0,0,0,0,53,0,0,0,0,0,0,0,0,0,0,0,0,0,0,0,0,0,0,0,0,0,0,91,92,0,118,0,0,0,0,0
487,0,11,0,0,0,0,0,581190,0,0,0,0,53,0,0,0,0,0,0,0,0,0,0,0,0,0,0,0,0,0,0,0,0,0,0,41,39,0,94,0,0,0,0,0
487,0,12,0,0,0,0,0,581190,0,0,0,0,47,0,0,0,0,0,0,0,0,0,0,0,0,0,0,0,0,0,0,0,0,0,0,0,0,45,93,0,0,0,0,0
487,0,13,0,0,0,0,0,581190,0,0,0,0,53,0,0,0,0,0,0,0,0,0,0,0,0,0,0,0,0,0,0,0,0,0,178,0,0,0,109,0,0,0,0,0
487,0,14,0,0,0,0,0,581190,0,0,0,0,53,0,0,0,0,0,0,0,0,0,0,0,0,0,0,0,0,0,0,0,0,0,0,0,80,0,60,0,0,0,0,0
487,0,15,0,0,0,0,0,581190,0,0,0,0,41,0,0,0,0,0,0,0,0,0,0,0,0,0,0,0,0,0,0,0,0,0,0,0,39,0,88,0,0,0,0,0
488,0,0,0,0,0,0,0,1162474,0,0,4100,131584,136,0,0,0,0,0,9834,0,0,0,0,0,0,0,0,4100,4100,0,0,0,248783,131584,0,294,0,136,284,0,0,0,0,577402
488,0,1,0,0,0,0,0,581237,9834,0,0,0,3891,0,0,0,0,0,9834,0,0,0,0,0,0,0,0,0,2034,0,0,0,126459,0,0,84,169,1466,6876,0,0,269970,0,0
488,0,2,0,0,0,0,0,581237,0,0,0,0,1628,265984,0,0,0,0,0,0,0,0,0,0,0,0,0,0,0,0,0,0,63492,65012,0,249,1918,1776,3011,0,0,263320,0,262667
488,0,3,0,0,0,0,0,581237,0,0,0,0,1408,265984,0,0,0,0,0,0,0,0,0,0,0,0,0,0,0,0,0,0,0,65016,0,92,735,0,1974,0,0,5170,0,262660
488,0,4,0,0,0,0,0,581237,0,0,0,0,47,0,0,0,0,0,0,0,0,0,0,0,0,0,0,0,0,0,0,0,0,0,0,87,0,45,62,0,0,0,0,0
488,0,5,0,0,0,0,0,581237,0,0,0,0,47,0,0,0,0,0,0,0,0,0,0,0,0,0,0,0,0,0,0,0,0,0,537,148,0,0,109,0,0,0,0,0
488,0,6,0,0,0,0,0,581237,0,0,0,0,47,0,0,0,0,0,0,0,0,0,0,0,0,0,0,0,0,0,0,0,0,0,0,40,98,0,52,0,0,0,0,0
488,0,7,0,0,0,0,0,581237,0,0,0,0,53,0,0,0,0,0,0,0,0,0,0,0,0,0,0,0,0,0,0,0,0,0,0,105,39,0,140,0,0,0,0,0
488,0,8,0,0,0,0,0,581237,0,0,0,0,50,0,0,0,0,0,0,0,0,0,0,0,0,0,0,0,0,0,0,0,0,0,0,52,0,42,107,0,0,0,0,0
488,0,9,0,0,0,0,0,581237,0,0,0,0,47,0,0,0,0,0,0,0,0,0,0,0,0,0,0,0,0,0,0,0,0,0,365,42,0,0,53,0,0,0,0,0
488,0,10,0,0,0,0,0,581237,0,0,0,0,53,0,0,0,0,0,0,0,0,0,0,0,0,0,0,0,0,0,0,0,0,0,0,91,92,0,118,0,0,0,0,0
488,0,11,0,0,0,0,0,581237,0,0,0,0,53,0,0,0,0,0,0,0,0,0,0,0,0,0,0,0,0,0,0,0,0,0,0,40,39,0,94,0,0,0,0,0
488,0,12,0,0,0,0,0,581237,0,0,0,0,47,0,0,0,0,0,0,0,0,0,0,0,0,0,0,0,0,0,0,0,0,0,0,0,0,45,93,0,0,0,0,0
488,0,13,0,0,0,0,0,581237,0,0,0,0,53,0,0,0,0,0,0,0,0,0,0,0,0,0,0,0,0,0,0,0,0,0,178,0,0,0,109,0,0,0,0,0
488,0,14,0,0,0,0,0,581237,0,0,0,0,53,0,0,0,0,0,0,0,0,0,0,0,0,0,0,0,0,0,0,0,0,0,0,0,80,0,60,0,0,0,0,0
488,0,15,0,0,0,0,0,581237,0,0,0,0,41,0,0,0,0,0,0,0,0,0,0,0,0,0,0,0,0,0,0,0,0,0,0,0,39,0,89,0,0,0,0,0
489,0,0,0,0,0,0,0,1162398,0,0,4100,131584,136,0,0,0,0,0,9831,0,0,0,0,0,0,0,0,4100,4100,0,0,0,248765,131584,0,294,0,136,284,0,0,0,0,577293
489,0,1,0,0,0,0,0,581199,9831,0,0,0,3867,0,0,0,0,0,9831,0,0,0,0,0,0,0,0,0,2034,0,0,0,126447,0,0,84,170,1489,6871,0,0,269924,0,0
489,0,2,0,0,0,0,0,581199,0,0,0,0,1637,265984,0,0,0,0,0,0,0,0,0,0,0,0,0,0,0,0,0,0,63482,65010,0,249,1899,1769,3004,0,0,263396,0,262672
489,0,3,0,0,0,0,0,581199,0,0,0,0,1398,265984,0,0,0,0,0,0,0,0,0,0,0,0,0,0,0,0,0,0,0,65009,0,92,745,0,1971,0,0,5154,0,262662
489,0,4,0,0,0,0,0,581199,0,0,0,0,47,0,0,0,0,0,0,0,0,0,0,0,0,0,0,0,0,0,0,0,0,0,0,87,0,45,61,0,0,0,0,0
489,0,5,0,0,0,0,0,581199,0,0,0,0,47,0,0,0,0,0,0,0,0,0,0,0,0,0,0,0,0,0,0,0,0,0,537,148,0,0,109,0,0,0,0,0
489,0,6,0,0,0,0,0,581199,0,0,0,0,47,0,0,0,0,0,0,0,0,0,0,0,0,0,0,0,0,0,0,0,0,0,0,40,98,0,52,0,0,0,0,0
489,0,7,0,0,0,0,0,581199,0,0,0,0,53,0,0,0,0,0,0,0,0,0,0,0,0,0,0,0,0,0,0,0,0,0,0,105,39,0,140,0,0,0,0,0
489,0,8,0,0,0,0,0,581199,0,0,0,0,50,0,0,0,0,0,0,0,0,0,0,0,0,0,0,0,0,0,0,0,0,0,0,52,0,42,107,0,0,0,0,0
489,0,9,0,0,0,0,0,581199,0,0,0,0,47,0,0,0,0,0,0,0,0,0,0,0,0,0,0,0,0,0,0,0,0,0,365,42,0,0,53,0,0,0,0,0
489,0,10,0,0,0,0,0,581199,0,0,0,0,53,0,0,0,0,0,0,0,0,0,0,0,0,0,0,0,0,0,0,0,0,0,0,91,92,0,118,0,0,0,0,0
489,0,11,0,0,0,0,0,581199,0,0,0,0,53,0,0,0,0,0,0,0,0,0,0,0,0,0,0,0,0,0,0,0,0,0,0,40,39,0,94,0,0,0,0,0
489,0,12,0,0,0,0,0,581199,0,0,0,0,47,0,0,0,0,0,0,0,0,0,0,0,0,0,0,0,0,0,0,0,0,0,0,0,0,45,93,0,0,0,0,0
489,0,13,0,0,0,0,0,581199,0,0,0,0,53,0,0,0,0,0,0,0,0,0,0,0,0,0,0,0,0,0,0,0,0,0,178,0,0,0,109,0,0,0,0,0
489,0,14,0,0,0,0,0,581199,0,0,0,0,53,0,0,0,0,0,0,0,0,0,0,0,0,0,0,0,0,0,0,0,0,0,0,0,80,0,60,0,0,0,0,0
489,0,15,0,0,0,0,0,581199,0,0,0,0,41,0,0,0,0,0,0,0,0,0,0,0,0,0,0,0,0,0,0,0,0,0,0,0,39,0,89,0,0,0,0,0
490,0,0,0,0,0,0,0,2395398,0,0,8706,263168,136,0,0,0,0,0,16752,0,0,0,0,0,0,0,0,8706,8706,0,127744,0,374536,263168,0,2473,0,136,284,0,0,0,0,1454570
490,0,1,0,0,0,0,0,1197699,16752,0,0,0,7535,0,0,0,0,0,16752,0,0,0,0,0,0,0,0,0,4562,0,63963,0,126493,0,0,667,735,1281,12676,0,0,921726,0,0
490,0,2,0,0,0,0,0,1197699,0,0,0,0,1475,265984,0,0,0,0,0,0,0,0,0,0,0,0,0,0,0,0,0,0,63502,65008,0,249,2212,1921,3148,0,0,768583,0,255940
490,0,3,0,0,0,0,0,1197699,0,0,0,0,1423,265984,0,0,0,0,0,0,0,0,0,0,0,0,0,0,0,0,0,0,0,65021,0,92,844,0,1968,0,0,209116,0,256231
490,0,4,0,0,0,0,0,1197699,0,0,0,0,1398,265984,0,0,0,0,0,0,0,0,0,0,0,0,0,0,0,0,0,0,0,65023,0,87,0,871,1977,698496,0,0,0,258518
490,0,5,0,0,0,0,0,1197699,0,0,0,0,1422,265984,0,0,0,0,0,0,0,0,0,0,0,0,0,0,0,0,0,0,0,64786,2689,148,0,1,3080,0,0,201771,0,257360
490,0,6,0,0,0,0,0,1197699,0,0,0,0,47,0,0,0,0,0,0,0,0,0,0,0,0,0,0,0,0,0,0,0,0,0,0,40,98,1,52,0,0,0,0,0
490,0,7,0,0,0,0,0,1197699,0,0,0,0,53,0,0,0,0,0,0,0,0,0,0,0,0,0,0,0,0,0,0,0,0,0,0,106,39,0,140,0,0,0,0,0
490,0,8,0,0,0,0,0,1197699,0,0,0,0,50,0,0,0,0,0,0,0,0,0,0,0,0,0,0,0,0,0,0,0,0,0,0,52,0,42,107,0,0,0,0,0
490,0,9,0,0,0,0,0,1197699,0,0,0,0,47,0,0,0,0,0,0,0,0,0,0,0,0,0,0,0,0,0,0,0,0,0,365,42,0,0,53,0,0,0,0,0
490,0,10,0,0,0,0,0,1197699,0,0,0,0,53,0,0,0,0,0,0,0,0,0,0,0,0,0,0,0,0,0,0,0,0,0,0,91,92,0,118,0,0,0,0,0
490,0,11,0,0,0,0,0,1197699,0,0,0,0,53,0,0,0,0,0,0,0,0,0,0,0,0,0,0,0,0,0,0,0,0,0,0,41,39,0,94,0,0,0,0,0
490,0,12,0,0,0,0,0,1197699,0,0,0,0,47,0,0,0,0,0,0,0,0,0,0,0,0,0,0,0,0,0,0,0,0,0,0,0,0,45,93,0,0,0,0,0
490,0,13,0,0,0,0,0,1197699,0,0,0,0,53,0,0,0,0,0,0,0,0,0,0,0,0,0,0,0,0,0,0,0,0,0,178,0,0,0,109,0,0,0,0,0
490,0,14,0,0,0,0,0,1197699,0,0,0,0,53,0,0,0,0,0,0,0,0,0,0,0,0,0,0,0,0,0,0,0,0,0,0,0,80,0,60,0,0,0,0,0
490,0,15,0,0,0,0,0,1197699,0,0,0,0,41,0,0,0,0,0,0,0,0,0,0,0,0,0,0,0,0,0,0,0,0,0,0,0,39,0,90,0,0,0,0,0
491,0,0,0,0,0,0,0,2395328,0,0,8706,263168,136,0,0,0,0,0,16755,0,0,0,0,0,0,0,0,8706,8706,0,127744,0,374534,263168,0,2473,0,136,284,0,0,0,0,1454743
491,0,1,0,0,0,0,0,1197664,16755,0,0,0,7520,0,0,0,0,0,16755,0,0,0,0,0,0,0,0,0,4566,0,63960,0,126483,0,0,678,745,1275,12632,0,0,921612,0,0
491,0,2,0,0,0,0,0,1197664,0,0,0,0,1459,265984,0,0,0,0,0,0,0,0,0,0,0,0,0,0,0,0,0,0,63507,65012,0,249,2240,1905,3154,0,0,768596,0,255892
491,0,3,0,0,0,0,0,1197664,0,0,0,0,1434,265984,0,0,0,0,0,0,0,0,0,0,0,0,0,0,0,0,0,0,0,65019,0,93,832,0,1995,0,0,209102,0,256198
491,0,4,0,0,0,0,0,1197664,0,0,0,0,1402,265984,0,0,0,0,0,0,0,0,0,0,0,0,0,0,0,0,0,0,0,65023,0,87,0,867,1992,698514,0,0,0,258469
491,0,5,0,0,0,0,0,1197664,0,0,0,0,1424,265984,0,0,0,0,0,0,0,0,0,0,0,0,0,0,0,0,0,0,0,64788,2690,148,0,2,3071,0,0,201845,0,257318
491,0,6,0,0,0,0,0,1197664,0,0,0,0,47,0,0,0,0,0,0,0,0,0,0,0,0,0,0,0,0,0,0,0,0,0,0,40,98,0,52,0,0,0,0,0
491,0,7,0,0,0,0,0,1197664,0,0,0,0,53,0,0,0,0,0,0,0,0,0,0,0,0,0,0,0,0,0,0,0,0,0,0,106,39,0,140,0,0,0,0,0
491,0,8,0,0,0,0,0,1197664,0,0,0,0,50,0,0,0,0,0,0,0,0,0,0,0,0,0,0,0,0,0,0,0,0,0,0,52,0,42,107,0,0,0,0,0
491,0,9,0,0,0,0,0,1197664,0,0,0,0,47,0,0,0,0,0,0,0,0,0,0,0,0,0,0,0,0,0,0,0,0,0,365,42,0,0,53,0,0,0,0,0
491,0,10,0,0,0,0,0,1197664,0,0,0,0,53,0,0,0,0,0,0,0,0,0,0,0,0,0,0,0,0,0,0,0,0,0,0,91,92,0,118,0,0,0,0,0
491,0,11,0,0,0,0,0,1197664,0,0,0,0,53,0,0,0,0,0,0,0,0,0,0,0,0,0,0,0,0,0,0,0,0,0,0,41,39,0,94,0,0,0,0,0
491,0,12,0,0,0,0,0,1197664,0,0,0,0,47,0,0,0,0,0,0,0,0,0,0,0,0,0,0,0,0,0,0,0,0,0,0,0,0,45,93,0,0,0,0,0
491,0,13,0,0,0,0,0,1197664,0,0,0,0,53,0,0,0,0,0,0,0,0,0,0,0,0,0,0,0,0,0,0,0,0,0,178,0,0,0,109,0,0,0,0,0
491,0,14,0,0,0,0,0,1197664,0,0,0,0,53,0,0,0,0,0,0,0,0,0,0,0,0,0,0,0,0,0,0,0,0,0,0,0,80,0,60,0,0,0,0,0
491,0,15,0,0,0,0,0,1197664,0,0,0,0,41,0,0,0,0,0,0,0,0,0,0,0,0,0,0,0,0,0,0,0,0,0,0,0,39,0,90,0,0,0,0,0
492,0,0,0,0,0,0,0,2395285,0,0,8706,263168,136,0,0,0,0,0,16755,0,0,0,0,0,0,0,0,8706,8706,0,127744,0,374525,263168,0,2473,0,136,284,0,0,0,0,1454771
492,0,1,0,0,0,0,0,1197642,16755,0,0,0,7509,0,0,0,0,0,16755,0,0,0,0,0,0,0,0,0,4571,0,63961,0,126483,0,0,677,742,1290,12667,0,0,921580,0,0
492,0,2,0,0,0,0,0,1197642,0,0,0,0,1471,265984,0,0,0,0,0,0,0,0,0,0,0,0,0,0,0,0,0,0,63497,65013,0,249,2195,1897,3159,0,0,768612,0,255896
492,0,3,0,0,0,0,0,1197642,0,0,0,0,1401,265984,0,0,0,0,0,0,0,0,0,0,0,0,0,0,0,0,0,0,0,65022,0,93,865,0,1970,0,0,209055,0,256251
492,0,4,0,0,0,0,0,1197642,0,0,0,0,1403,265984,0,0,0,0,0,0,0,0,0,0,0,0,0,0,0,0,0,0,0,65023,0,87,0,866,1989,698436,0,0,0,258458
492,0,5,0,0,0,0,0,1197642,0,0,0,0,1427,265984,0,0,0,0,0,0,0,0,0,0,0,0,0,0,0,0,0,0,0,64787,2689,148,0,1,3075,0,0,201818,0,257304
492,0,6,0,0,0,0,0,1197642,0,0,0,0,47,0,0,0,0,0,0,0,0,0,0,0,0,0,0,0,0,0,0,0,0,0,0,40,98,1,52,0,0,0,0,0
492,0,7,0,0,0,0,0,1197642,0,0,0,0,53,0,0,0,0,0,0,0,0,0,0,0,0,0,0,0,0,0,0,0,0,0,0,105,39,0,140,0,0,0,0,0
492,0,8,0,0,0,0,0,1197642,0,0,0,0,50,0,0,0,0,0,0,0,0,0,0,0,0,0,0,0,0,0,0,0,0,0,0,52,0,42,107,0,0,0,0,0
492,0,9,0,0,0,0,0,1197642,0,0,0,0,47,0,0,0,0,0,0,0,0,0,0,0,0,0,0,0,0,0,0,0,0,0,365,42,0,0,53,0,0,0,0,0
492,0,10,0,0,0,0,0,1197642,0,0,0,0,53,0,0,0,0,0,0,0,0,0,0,0,0,0,0,0,0,0,0,0,0,0,0,91,92,0,118,0,0,0,0,0
492,0,11,0,0,0,0,0,1197642,0,0,0,0,53,0,0,0,0,0,0,0,0,0,0,0,0,0,0,0,0,0,0,0,0,0,0,42,39,0,94,0,0,0,0,0
492,0,12,0,0,0,0,0,1197642,0,0,0,0,47,0,0,0,0,0,0,0,0,0,0,0,0,0,0,0,0,0,0,0,0,0,0,0,0,45,93,0,0,0,0,0
492,0,13,0,0,0,0,0,1197642,0,0,0,0,53,0,0,0,0,0,0,0,0,0,0,0,0,0,0,0,0,0,0,0,0,0,178,0,0,0,109,0,0,0,0,0
492,0,14,0,0,0,0,0,1197642,0,0,0,0,53,0,0,0,0,0,0,0,0,0,0,0,0,0,0,0,0,0,0,0,0,0,0,0,80,0,60,0,0,0,0,0
492,0,15,0,0,0,0,0,1197642,0,0,0,0,41,0,0,0,0,0,0,0,0,0,0,0,0,0,0,0,0,0,0,0,0,0,0,0,39,0,89,0,0,0,0,0
493,0,0,0,0,0,0,0,3422882,0,0,12756,394752,136,0,0,0,0,0,22842,0,0,0,0,0,0,0,0,12756,12756,0,127190,0,623509,394752,0,1685,0,136,284,0,0,0,0,1949926
493,0,1,0,0,0,0,0,1711441,22842,0,0,0,9563,0,0,0,0,0,22842,0,0,0,0,0,0,0,0,0,6376,0,63660,0,252228,0,0,811,610,3286,16701,0,0,829031,0,0
493,0,2,0,0,0,0,0,1711441,0,0,0,0,974,265984,0,0,0,0,0,0,0,0,0,0,0,0,0,0,0,0,63627,0,127140,64770,0,2335,1495,3317,2004,0,0,677883,0,256452
493,0,3,0,0,0,0,0,1711441,0,0,0,0,991,265984,0,0,0,0,0,0,0,0,0,0,0,0,0,0,0,0,63941,0,0,64780,0,1209,488,0,1444,0,0,211234,0,256930
493,0,4,0,0,0,0,0,1711441,0,0,0,0,984,265984,0,0,0,0,0,0,0,0,0,0,0,0,0,0,0,0,0,0,0,64864,0,87,0,497,1438,1028850,0,0,0,258674
493,0,5,0,0,0,0,0,1711441,0,0,0,0,1487,265984,0,0,0,0,0,0,0,0,0,0,0,0,0,0,0,0,0,0,0,64951,5455,148,0,0,2997,0,0,1089364,0,258388
493,0,6,0,0,0,0,0,1711441,0,0,0,0,2325,265984,0,0,0,0,0,0,0,0,0,0,0,0,0,0,0,0,0,0,0,64936,0,40,3262,3,3453,0,0,1198498,0,258619
493,0,7,0,0,0,0,0,1711441,0,0,0,0,2290,265984,0,0,0,0,0,0,0,0,0,0,0,0,0,0,0,0,0,0,0,64968,0,105,1009,0,4469,0,0,418259,0,258494
493,0,8,0,0,0,0,0,1711441,0,0,0,0,50,0,0,0,0,0,0,0,0,0,0,0,0,0,0,0,0,0,0,0,0,0,0,52,0,42,107,0,0,0,0,0
493,0,9,0,0,0,0,0,1711441,0,0,0,0,47,0,0,0,0,0,0,0,0,0,0,0,0,0,0,0,0,0,0,0,0,0,365,42,0,0,53,0,0,0,0,0
493,0,10,0,0,0,0,0,1711441,0,0,0,0,53,0,0,0,0,0,0,0,0,0,0,0,0,0,0,0,0,0,0,0,0,0,0,91,92,0,118,0,0,0,0,0
493,0,11,0,0,0,0,0,1711441,0,0,0,0,53,0,0,0,0,0,0,0,0,0,0,0,0,0,0,0,0,0,0,0,0,0,0,44,39,0,94,0,0,0,0,0
493,0,12,0,0,0,0,0,1711441,0,0,0,0,47,0,0,0,0,0,0,0,0,0,0,0,0,0,0,0,0,0,0,0,0,0,0,0,0,45,93,0,0,0,0,0
493,0,13,0,0,0,0,0,1711441,0,0,0,0,53,0,0,0,0,0,0,0,0,0,0,0,0,0,0,0,0,0,0,0,0,0,178,0,0,0,109,0,0,0,0,0
493,0,14,0,0,0,0,0,1711441,0,0,0,0,53,0,0,0,0,0,0,0,0,0,0,0,0,0,0,0,0,0,0,0,0,0,0,0,80,0,60,0,0,0,0,0
493,0,15,0,0,0,0,0,1711441,0,0,0,0,41,0,0,0,0,0,0,0,0,0,0,0,0,0,0,0,0,0,0,0,0,0,0,0,39,0,89,0,0,0,0,0
494,0,0,0,0,0,0,0,3422620,0,0,12756,394752,136,0,0,0,0,0,22842,0,0,0,0,0,0,0,0,12756,12756,0,127130,0,622892,394752,0,1685,0,136,284,0,0,0,0,1950614
494,0,1,0,0,0,0,0,1711310,22842,0,0,0,9677,0,0,0,0,0,22842,0,0,0,0,0,0,0,0,0,6409,0,63641,0,252045,0,0,766,604,3223,16841,0,0,828630,0,0
494,0,2,0,0,0,0,0,1711310,0,0,0,0,971,265984,0,0,0,0,0,0,0,0,0,0,0,0,0,0,0,0,63496,0,127126,64761,0,2352,1506,3370,1995,0,0,677826,0,256478
494,0,3,0,0,0,0,0,1711310,0,0,0,0,1000,265984,0,0,0,0,0,0,0,0,0,0,0,0,0,0,0,0,63942,0,0,64787,0,1160,479,0,1449,0,0,211096,0,256924
494,0,4,0,0,0,0,0,1711310,0,0,0,0,950,265984,0,0,0,0,0,0,0,0,0,0,0,0,0,0,0,0,0,0,0,64849,0,87,0,531,1399,1030044,0,0,0,258692
494,0,5,0,0,0,0,0,1711310,0,0,0,0,1466,265984,0,0,0,0,0,0,0,0,0,0,0,0,0,0,0,0,0,0,0,64963,5418,148,0,0,3021,0,0,1089347,0,258455
494,0,6,0,0,0,0,0,1711310,0,0,0,0,2316,265984,0,0,0,0,0,0,0,0,0,0,0,0,0,0,0,0,0,0,0,64902,0,40,3286,3,3427,0,0,1198223,0,258619
494,0,7,0,0,0,0,0,1711310,0,0,0,0,2305,265984,0,0,0,0,0,0,0,0,0,0,0,0,0,0,0,0,0,0,0,64968,0,106,994,0,4532,0,0,418388,0,258425
494,0,8,0,0,0,0,0,1711310,0,0,0,0,50,0,0,0,0,0,0,0,0,0,0,0,0,0,0,0,0,0,0,0,0,0,0,52,0,42,107,0,0,0,0,0
494,0,9,0,0,0,0,0,1711310,0,0,0,0,47,0,0,0,0,0,0,0,0,0,0,0,0,0,0,0,0,0,0,0,0,0,365,42,0,0,53,0,0,0,0,0
494,0,10,0,0,0,0,0,1711310,0,0,0,0,53,0,0,0,0,0,0,0,0,0,0,0,0,0,0,0,0,0,0,0,0,0,0,91,92,0,118,0,0,0,0,0
494,0,11,0,0,0,0,0,1711310,0,0,0,0,53,0,0,0,0,0,0,0,0,0,0,0,0,0,0,0,0,0,0,0,0,0,0,43,39,0,94,0,0,0,0,0
494,0,12,0,0,0,0,0,1711310,0,0,0,0,47,0,0,0,0,0,0,0,0,0,0,0,0,0,0,0,0,0,0,0,0,0,0,0,0,45,93,0,0,0,0,0
494,0,13,0,0,0,0,0,1711310,0,0,0,0,53,0,0,0,0,0,0,0,0,0,0,0,0,0,0,0,0,0,0,0,0,0,178,0,0,0,109,0,0,0,0,0
494,0,14,0,0,0,0,0,1711310,0,0,0,0,53,0,0,0,0,0,0,0,0,0,0,0,0,0,0,0,0,0,0,0,0,0,0,0,80,0,60,0,0,0,0,0
494,0,15,0,0,0,0,0,1711310,0,0,0,0,41,0,0,0,0,0,0,0,0,0,0,0,0,0,0,0,0,0,0,0,0,0,0,0,39,0,90,0,0,0,0,0
495,0,0,0,0,0,0,0,3422702,0,0,12756,394752,136,0,0,0,0,0,22839,0,0,0,0,0,0,0,0,12756,12756,0,127169,0,622714,394752,0,1685,0,136,284,0,0,0,0,1950913
495,0,1,0,0,0,0,0,1711351,22839,0,0,0,9677,0,0,0,0,0,22839,0,0,0,0,0,0,0,0,0,6395,0,63628,0,251994,0,0,787,594,3212,16952,0,0,828657,0,0
495,0,2,0,0,0,0,0,1711351,0,0,0,0,997,265984,0,0,0,0,0,0,0,0,0,0,0,0,0,0,0,0,63490,0,127136,64764,0,2372,1441,3363,2018,0,0,677825,0,256468
495,0,3,0,0,0,0,0,1711351,0,0,0,0,960,265984,0,0,0,0,0,0,0,0,0,0,0,0,0,0,0,0,63935,0,0,64782,0,1177,519,0,1399,0,0,211133,0,256910
495,0,4,0,0,0,0,0,1711351,0,0,0,0,965,265984,0,0,0,0,0,0,0,0,0,0,0,0,0,0,0,0,0,0,0,64855,0,87,0,516,1404,1030046,0,0,0,258686
495,0,5,0,0,0,0,0,1711351,0,0,0,0,1507,265984,0,0,0,0,0,0,0,0,0,0,0,0,0,0,0,0,0,0,0,64969,5372,148,0,0,3041,0,0,1088889,0,258444
495,0,6,0,0,0,0,0,1711351,0,0,0,0,2318,265984,0,0,0,0,0,0,0,0,0,0,0,0,0,0,0,0,0,0,0,64903,0,40,3306,2,3409,0,0,1198369,0,258551
495,0,7,0,0,0,0,0,1711351,0,0,0,0,2326,265984,0,0,0,0,0,0,0,0,0,0,0,0,0,0,0,0,0,0,0,64968,0,106,973,0,4537,0,0,418219,0,258485
495,0,8,0,0,0,0,0,1711351,0,0,0,0,50,0,0,0,0,0,0,0,0,0,0,0,0,0,0,0,0,0,0,0,0,0,0,52,0,42,107,0,0,0,0,0
495,0,9,0,0,0,0,0,1711351,0,0,0,0,47,0,0,0,0,0,0,0,0,0,0,0,0,0,0,0,0,0,0,0,0,0,365,42,0,0,53,0,0,0,0,0
495,0,10,0,0,0,0,0,1711351,0,0,0,0,53,0,0,0,0,0,0,0,0,0,0,0,0,0,0,0,0,0,0,0,0,0,0,91,92,0,118,0,0,0,0,0
495,0,11,0,0,0,0,0,1711351,0,0,0,0,53,0,0,0,0,0,0,0,0,0,0,0,0,0,0,0,0,0,0,0,0,0,0,43,39,0,94,0,0,0,0,0
495,0,12,0,0,0,0,0,1711351,0,0,0,0,47,0,0,0,0,0,0,0,0,0,0,0,0,0,0,0,0,0,0,0,0,0,0,0,0,45,93,0,0,0,0,0
495,0,13,0,0,0,0,0,1711351,0,0,0,0,53,0,0,0,0,0,0,0,0,0,0,0,0,0,0,0,0,0,0,0,0,0,178,0,0,0,109,0,0,0,0,0
495,0,14,0,0,0,0,0,1711351,0,0,0,0,53,0,0,0,0,0,0,0,0,0,0,0,0,0,0,0,0,0,0,0,0,0,0,0,80,0,60,0,0,0,0,0
495,0,15,0,0,0,0,0,1711351,0,0,0,0,41,0,0,0,0,0,0,0,0,0,0,0,0,0,0,0,0,0,0,0,0,0,0,0,39,0,90,0,0,0,0,0
496,0,0,0,0,0,0,0,4561999,0,0,17076,526336,136,0,0,0,0,0,29334,0,0,0,0,0,0,0,0,17076,17076,0,252889,0,744105,526336,0,4012,0,136,284,0,0,0,0,2730877
496,0,1,0,0,0,0,0,2280999,29334,0,0,0,12763,0,0,0,0,0,29334,0,0,0,0,0,0,0,0,0,8608,0,126775,0,251041,0,0,1710,1351,2768,22151,0,0,838453,0,0
496,0,2,0,0,0,0,0,2280999,0,0,0,0,763,265984,0,0,0,0,0,0,0,0,0,0,0,0,0,0,0,0,63674,0,126366,64934,0,2582,1120,3290,1647,0,0,683759,0,257003
496,0,3,0,0,0,0,0,2280999,0,0,0,0,747,265984,0,0,0,0,0,0,0,0,0,0,0,0,0,0,0,0,63653,0,0,64939,0,1165,392,0,1051,0,0,248741,0,256674
496,0,4,0,0,0,0,0,2280999,0,0,0,0,991,265984,0,0,0,0,0,0,0,0,0,0,0,0,0,0,0,0,63641,0,0,64810,0,853,0,510,1420,1471980,0,0,0,259471
496,0,5,0,0,0,0,0,2280999,0,0,0,0,1617,265984,0,0,0,0,0,0,0,0,0,0,0,0,0,0,0,0,63983,0,0,65018,7896,1616,0,1,3199,0,0,1741570,0,257940
496,0,6,0,0,0,0,0,2280999,0,0,0,0,2333,265984,0,0,0,0,0,0,0,0,0,0,0,0,0,0,0,0,0,0,0,64928,0,40,3427,1,3332,0,0,1791437,0,258650
496,0,7,0,0,0,0,0,2280999,0,0,0,0,2344,265984,0,0,0,0,0,0,0,0,0,0,0,0,0,0,0,0,0,0,0,64759,0,107,1075,0,4687,0,0,643789,0,258138
496,0,8,0,0,0,0,0,2280999,0,0,0,0,1573,265984,0,0,0,0,0,0,0,0,0,0,0,0,0,0,0,0,0,0,0,64917,0,52,0,824,3171,1423540,0,0,0,257326
496,0,9,0,0,0,0,0,2280999,0,0,0,0,1626,265984,0,0,0,0,0,0,0,0,0,0,0,0,0,0,0,0,0,0,0,64853,2613,42,0,1,2471,0,0,555451,0,256863
496,0,10,0,0,0,0,0,2280999,0,0,0,0,53,0,0,0,0,0,0,0,0,0,0,0,0,0,0,0,0,0,0,0,0,0,0,91,92,1,118,0,0,0,0,0
496,0,11,0,0,0,0,0,2280999,0,0,0,0,53,0,0,0,0,0,0,0,0,0,0,0,0,0,0,0,0,0,0,0,0,0,0,43,39,0,94,0,0,0,0,0
496,0,12,0,0,0,0,0,2280999,0,0,0,0,47,0,0,0,0,0,0,0,0,0,0,0,0,0,0,0,0,0,0,0,0,0,0,0,0,45,93,0,0,0,0,0
496,0,13,0,0,0,0,0,2280999,0,0,0,0,53,0,0,0,0,0,0,0,0,0,0,0,0,0,0,0,0,0,0,0,0,0,178,0,0,0,109,0,0,0,0,0
496,0,14,0,0,0,0,0,2280999,0,0,0,0,53,0,0,0,0,0,0,0,0,0,0,0,0,0,0,0,0,0,0,0,0,0,0,0,80,0,60,0,0,0,0,0
496,0,15,0,0,0,0,0,2280999,0,0,0,0,41,0,0,0,0,0,0,0,0,0,0,0,0,0,0,0,0,0,0,0,0,0,0,0,39,0,92,0,0,0,0,0
497,0,0,0,0,0,0,0,4562408,0,0,17076,526336,136,0,0,0,0,0,29334,0,0,0,0,0,0,0,0,17076,17076,0,252885,0,743995,526336,0,4012,0,136,284,0,0,0,0,2730544
497,0,1,0,0,0,0,0,2281204,29334,0,0,0,12713,0,0,0,0,0,29334,0,0,0,0,0,0,0,0,0,8628,0,126704,0,251023,0,0,1700,1301,2878,22032,0,0,836532,0,0
497,0,2,0,0,0,0,0,2281204,0,0,0,0,727,265984,0,0,0,0,0,0,0,0,0,0,0,0,0,0,0,0,63665,0,126393,64928,0,2517,1145,3250,1606,0,0,684976,0,257012
497,0,3,0,0,0,0,0,2281204,0,0,0,0,736,265984,0,0,0,0,0,0,0,0,0,0,0,0,0,0,0,0,63640,0,0,64926,0,1204,403,0,1041,0,0,248842,0,256902
497,0,4,0,0,0,0,0,2281204,0,0,0,0,1002,265984,0,0,0,0,0,0,0,0,0,0,0,0,0,0,0,0,63650,0,0,64804,0,828,0,499,1406,1473931,0,0,0,259341
497,0,5,0,0,0,0,0,2281204,0,0,0,0,1555,265984,0,0,0,0,0,0,0,0,0,0,0,0,0,0,0,0,63988,0,0,65014,7940,1635,0,1,3128,0,0,1742649,0,257997
497,0,6,0,0,0,0,0,2281204,0,0,0,0,2324,265984,0,0,0,0,0,0,0,0,0,0,0,0,0,0,0,0,0,0,0,64932,0,40,3415,1,3388,0,0,1790392,0,258704
497,0,7,0,0,0,0,0,2281204,0,0,0,0,2322,265984,0,0,0,0,0,0,0,0,0,0,0,0,0,0,0,0,0,0,0,64760,0,108,1096,0,4626,0,0,643524,0,258200
497,0,8,0,0,0,0,0,2281204,0,0,0,0,1546,265984,0,0,0,0,0,0,0,0,0,0,0,0,0,0,0,0,0,0,0,64917,0,52,0,851,3169,1425749,0,0,0,257502
497,0,9,0,0,0,0,0,2281204,0,0,0,0,1558,265984,0,0,0,0,0,0,0,0,0,0,0,0,0,0,0,0,0,0,0,64840,2654,42,0,1,2384,0,0,555678,0,256780
497,0,10,0,0,0,0,0,2281204,0,0,0,0,53,0,0,0,0,0,0,0,0,0,0,0,0,0,0,0,0,0,0,0,0,0,0,91,92,1,118,0,0,0,0,0
497,0,11,0,0,0,0,0,2281204,0,0,0,0,53,0,0,0,0,0,0,0,0,0,0,0,0,0,0,0,0,0,0,0,0,0,0,42,39,0,94,0,0,0,0,0
497,0,12,0,0,0,0,0,2281204,0,0,0,0,47,0,0,0,0,0,0,0,0,0,0,0,0,0,0,0,0,0,0,0,0,0,0,0,0,45,93,0,0,0,0,0
497,0,13,0,0,0,0,0,2281204,0,0,0,0,53,0,0,0,0,0,0,0,0,0,0,0,0,0,0,0,0,0,0,0,0,0,178,0,0,0,109,0,0,0,0,0
497,0,14,0,0,0,0,0,2281204,0,0,0,0,53,0,0,0,0,0,0,0,0,0,0,0,0,0,0,0,0,0,0,0,0,0,0,0,80,0,60,0,0,0,0,0
497,0,15,0,0,0,0,0,2281204,0,0,0,0,41,0,0,0,0,0,0,0,0,0,0,0,0,0,0,0,0,0,0,0,0,0,0,0,39,0,93,0,0,0,0,0
498,0,0,0,0,0,0,0,4561822,0,0,17076,526336,136,0,0,0,0,0,29331,0,0,0,0,0,0,0,0,17076,17076,0,252889,0,744066,526336,0,4012,0,136,284,0,0,0,0,2730409
498,0,1,0,0,0,0,0,2280911,29331,0,0,0,12709,0,0,0,0,0,29331,0,0,0,0,0,0,0,0,0,8592,0,126758,0,251032,0,0,1722,1335,2826,22092,0,0,838590,0,0
498,0,2,0,0,0,0,0,2280911,0,0,0,0,768,265984,0,0,0,0,0,0,0,0,0,0,0,0,0,0,0,0,63649,0,126375,64934,0,2567,1120,3241,1659,0,0,683753,0,257028
498,0,3,0,0,0,0,0,2280911,0,0,0,0,753,265984,0,0,0,0,0,0,0,0,0,0,0,0,0,0,0,0,63654,0,0,64935,0,1189,386,0,1082,0,0,248839,0,256668
498,0,4,0,0,0,0,0,2280911,0,0,0,0,992,265984,0,0,0,0,0,0,0,0,0,0,0,0,0,0,0,0,63640,0,0,64810,0,859,0,509,1400,1472461,0,0,0,259490
498,0,5,0,0,0,0,0,2280911,0,0,0,0,1615,265984,0,0,0,0,0,0,0,0,0,0,0,0,0,0,0,0,63985,0,0,65018,7901,1634,0,0,3167,0,0,1741944,0,257981
498,0,6,0,0,0,0,0,2280911,0,0,0,0,2335,265984,0,0,0,0,0,0,0,0,0,0,0,0,0,0,0,0,0,0,0,64927,0,40,3408,3,3349,0,0,1791295,0,258660
498,0,7,0,0,0,0,0,2280911,0,0,0,0,2328,265984,0,0,0,0,0,0,0,0,0,0,0,0,0,0,0,0,0,0,0,64760,0,106,1091,0,4646,0,0,643569,0,258153
498,0,8,0,0,0,0,0,2280911,0,0,0,0,1554,265984,0,0,0,0,0,0,0,0,0,0,0,0,0,0,0,0,0,0,0,64917,0,52,0,843,3146,1423031,0,0,0,257354
498,0,9,0,0,0,0,0,2280911,0,0,0,0,1589,265984,0,0,0,0,0,0,0,0,0,0,0,0,0,0,0,0,0,0,0,64854,2631,42,0,1,2416,0,0,555054,0,256803
498,0,10,0,0,0,0,0,2280911,0,0,0,0,53,0,0,0,0,0,0,0,0,0,0,0,0,0,0,0,0,0,0,0,0,0,0,91,92,1,118,0,0,0,0,0
498,0,11,0,0,0,0,0,2280911,0,0,0,0,53,0,0,0,0,0,0,0,0,0,0,0,0,0,0,0,0,0,0,0,0,0,0,44,39,0,94,0,0,0,0,0
498,0,12,0,0,0,0,0,2280911,0,0,0,0,47,0,0,0,0,0,0,0,0,0,0,0,0,0,0,0,0,0,0,0,0,0,0,0,0,45,93,0,0,0,0,0
498,0,13,0,0,0,0,0,2280911,0,0,0,0,53,0,0,0,0,0,0,0,0,0,0,0,0,0,0,0,0,0,0,0,0,0,178,0,0,0,109,0,0,0,0,0
498,0,14,0,0,0,0,0,2280911,0,0,0,0,53,0,0,0,0,0,0,0,0,0,0,0,0,0,0,0,0,0,0,0,0,0,0,0,80,0,60,0,0,0,0,0
498,0,15,0,0,0,0,0,2280911,0,0,0,0,41,0,0,0,0,0,0,0,0,0,0,0,0,0,0,0,0,0,0,0,0,0,0,0,39,0,91,0,0,0,0,0
499,0,0,0,0,0,0,0,5624826,0,0,21286,657920,136,0,0,0,0,0,35661,0,0,0,0,0,0,0,0,21286,21286,0,253043,0,988542,657920,0,3124,0,136,284,0,0,0,0,3339167
499,0,1,0,0,0,0,0,2812413,35661,0,0,0,15056,0,0,0,0,0,35661,0,0,0,0,0,0,0,0,0,10842,0,126592,0,374966,0,0,1535,1087,5126,26343,0,0,783799,0,0
499,0,2,0,0,0,0,0,2812413,0,0,0,0,605,265984,0,0,0,0,0,0,0,0,0,0,0,0,0,0,0,0,126836,0,188561,64926,0,4284,934,4880,1286,0,0,656255,0,256622
499,0,3,0,0,0,0,0,2812413,0,0,0,0,608,265984,0,0,0,0,0,0,0,0,0,0,0,0,0,0,0,0,126709,0,0,64862,0,2352,325,0,856,0,0,194128,0,257314
499,0,4,0,0,0,0,0,2812413,0,0,0,0,785,265984,0,0,0,0,0,0,0,0,0,0,0,0,0,0,0,0,63679,0,0,64825,0,665,0,422,1139,1698472,0,0,0,259270
499,0,5,0,0,0,0,0,2812413,0,0,0,0,1188,265984,0,0,0,0,0,0,0,0,0,0,0,0,0,0,0,0,63560,0,0,64918,10389,1826,0,2,2389,0,0,1882599,0,257767
499,0,6,0,0,0,0,0,2812413,0,0,0,0,1750,265984,0,0,0,0,0,0,0,0,0,0,0,0,0,0,0,0,63678,0,0,64904,0,1393,2620,1,2623,0,0,1898467,0,256101
499,0,7,0,0,0,0,0,2812413,0,0,0,0,1727,265984,0,0,0,0,0,0,0,0,0,0,0,0,0,0,0,0,63889,0,0,64760,0,2425,918,0,3492,0,0,759438,0,255616
499,0,8,0,0,0,0,0,2812413,0,0,0,0,1182,265984,0,0,0,0,0,0,0,0,0,0,0,0,0,0,0,0,0,0,0,64783,0,52,0,621,2374,2156112,0,0,0,257361
499,0,9,0,0,0,0,0,2812413,0,0,0,0,1732,265984,0,0,0,0,0,0,0,0,0,0,0,0,0,0,0,0,0,0,0,64988,6059,42,0,2,2615,0,0,2179486,0,256094
499,0,10,0,0,0,0,0,2812413,0,0,0,0,2627,265984,0,0,0,0,0,0,0,0,0,0,0,0,0,0,0,0,0,0,0,64950,0,91,3792,1,5040,0,0,2215669,0,257412
499,0,11,0,0,0,0,0,2812413,0,0,0,0,2630,265984,0,0,0,0,0,0,0,0,0,0,0,0,0,0,0,0,0,0,0,65002,0,43,1161,0,4055,0,0,880072,0,257532
499,0,12,0,0,0,0,0,2812413,0,0,0,0,47,0,0,0,0,0,0,0,0,0,0,0,0,0,0,0,0,0,0,0,0,0,0,0,0,45,93,0,0,0,0,0
499,0,13,0,0,0,0,0,2812413,0,0,0,0,53,0,0,0,0,0,0,0,0,0,0,0,0,0,0,0,0,0,0,0,0,0,178,0,0,0,109,0,0,0,0,0
499,0,14,0,0,0,0,0,2812413,0,0,0,0,53,0,0,0,0,0,0,0,0,0,0,0,0,0,0,0,0,0,0,0,0,0,0,0,80,0,60,0,0,0,0,0
499,0,15,0,0,0,0,0,2812413,0,0,0,0,41,0,0,0,0,0,0,0,0,0,0,0,0,0,0,0,0,0,0,0,0,0,0,0,39,0,94,0,0,0,0,0
500,0,0,0,0,0,0,0,5626394,0,0,21290,657920,136,0,0,0,0,0,35667,0,0,0,0,0,0,0,0,21290,21290,0,252995,0,988448,657920,0,3124,0,136,284,0,0,0,0,3340104
500,0,1,0,0,0,0,0,2813197,35667,0,0,0,14978,0,0,0,0,0,35667,0,0,0,0,0,0,0,0,0,10905,0,126550,0,374964,0,0,1551,1107,5172,26430,0,0,783326,0,0
500,0,2,0,0,0,0,0,2813197,0,0,0,0,600,265984,0,0,0,0,0,0,0,0,0,0,0,0,0,0,0,0,126869,0,188527,64931,0,4262,935,4865,1276,0,0,655515,0,256636
500,0,3,0,0,0,0,0,2813197,0,0,0,0,604,265984,0,0,0,0,0,0,0,0,0,0,0,0,0,0,0,0,126703,0,0,64851,0,2368,329,0,853,0,0,194163,0,257302
500,0,4,0,0,0,0,0,2813197,0,0,0,0,776,265984,0,0,0,0,0,0,0,0,0,0,0,0,0,0,0,0,63660,0,0,64811,0,675,0,431,1139,1698877,0,0,0,259209
500,0,5,0,0,0,0,0,2813197,0,0,0,0,1183,265984,0,0,0,0,0,0,0,0,0,0,0,0,0,0,0,0,63538,0,0,64912,10227,1824,0,1,2370,0,0,1882730,0,257753
500,0,6,0,0,0,0,0,2813197,0,0,0,0,1685,265984,0,0,0,0,0,0,0,0,0,0,0,0,0,0,0,0,63714,0,0,64905,0,1411,2704,1,2564,0,0,1899284,0,256032
500,0,7,0,0,0,0,0,2813197,0,0,0,0,1745,265984,0,0,0,0,0,0,0,0,0,0,0,0,0,0,0,0,63908,0,0,64769,0,2421,900,0,3500,0,0,759728,0,255602
500,0,8,0,0,0,0,0,2813197,0,0,0,0,1189,265984,0,0,0,0,0,0,0,0,0,0,0,0,0,0,0,0,0,0,0,64779,0,52,0,614,2371,2154460,0,0,0,257345
500,0,9,0,0,0,0,0,2813197,0,0,0,0,1696,265984,0,0,0,0,0,0,0,0,0,0,0,0,0,0,0,0,0,0,0,64976,6138,42,0,1,2581,0,0,2177050,0,256188
500,0,10,0,0,0,0,0,2813197,0,0,0,0,2625,265984,0,0,0,0,0,0,0,0,0,0,0,0,0,0,0,0,0,0,0,64953,0,91,3761,1,5022,0,0,2215754,0,257412
500,0,11,0,0,0,0,0,2813197,0,0,0,0,2594,265984,0,0,0,0,0,0,0,0,0,0,0,0,0,0,0,0,0,0,0,64993,0,43,1199,0,4025,0,0,879847,0,257529
500,0,12,0,0,0,0,0,2813197,0,0,0,0,47,0,0,0,0,0,0,0,0,0,0,0,0,0,0,0,0,0,0,0,0,0,0,0,0,45,93,0,0,0,0,0
500,0,13,0,0,0,0,0,2813197,0,0,0,0,53,0,0,0,0,0,0,0,0,0,0,0,0,0,0,0,0,0,0,0,0,0,178,0,0,0,109,0,0,0,0,0
500,0,14,0,0,0,0,0,2813197,0,0,0,0,53,0,0,0,0,0,0,0,0,0,0,0,0,0,0,0,0,0,0,0,0,0,0,0,80,0,60,0,0,0,0,0
500,0,15,0,0,0,0,0,2813197,0,0,0,0,41,0,0,0,0,0,0,0,0,0,0,0,0,0,0,0,0,0,0,0,0,0,0,0,39,0,94,0,0,0,0,0
501,0,0,0,0,0,0,0,5626743,0,0,21290,657920,136,0,0,0,0,0,35664,0,0,0,0,0,0,0,0,21290,21290,0,252977,0,988455,657920,0,3124,0,136,284,0,0,0,0,3340935
501,0,1,0,0,0,0,0,2813372,35664,0,0,0,14905,0,0,0,0,0,35664,0,0,0,0,0,0,0,0,0,10839,0,126538,0,374968,0,0,1568,1104,5231,26220,0,0,783436,0,0
501,0,2,0,0,0,0,0,2813372,0,0,0,0,610,265984,0,0,0,0,0,0,0,0,0,0,0,0,0,0,0,0,126860,0,188533,64929,0,4216,950,4863,1275,0,0,655617,0,256636
501,0,3,0,0,0,0,0,2813372,0,0,0,0,629,265984,0,0,0,0,0,0,0,0,0,0,0,0,0,0,0,0,126703,0,0,64855,0,2362,304,0,886,0,0,194157,0,257302
501,0,4,0,0,0,0,0,2813372,0,0,0,0,797,265984,0,0,0,0,0,0,0,0,0,0,0,0,0,0,0,0,63647,0,0,64818,0,675,0,410,1158,1704509,0,0,0,259176
501,0,5,0,0,0,0,0,2813372,0,0,0,0,1157,265984,0,0,0,0,0,0,0,0,0,0,0,0,0,0,0,0,63548,0,0,64911,10349,1807,0,0,2344,0,0,1882628,0,257783
501,0,6,0,0,0,0,0,2813372,0,0,0,0,1711,265984,0,0,0,0,0,0,0,0,0,0,0,0,0,0,0,0,63698,0,0,64906,0,1431,2679,3,2616,0,0,1899183,0,256055
501,0,7,0,0,0,0,0,2813372,0,0,0,0,1747,265984,0,0,0,0,0,0,0,0,0,0,0,0,0,0,0,0,63902,0,0,64756,0,2417,898,0,3510,0,0,759402,0,255601
501,0,8,0,0,0,0,0,2813372,0,0,0,0,1195,265984,0,0,0,0,0,0,0,0,0,0,0,0,0,0,0,0,0,0,0,64775,0,52,0,608,2377,2157208,0,0,0,257351
501,0,9,0,0,0,0,0,2813372,0,0,0,0,1721,265984,0,0,0,0,0,0,0,0,0,0,0,0,0,0,0,0,0,0,0,64972,6089,42,0,1,2623,0,0,2180928,0,256041
501,0,10,0,0,0,0,0,2813372,0,0,0,0,2591,265984,0,0,0,0,0,0,0,0,0,0,0,0,0,0,0,0,0,0,0,64954,0,91,3791,1,4968,0,0,2216098,0,257446
501,0,11,0,0,0,0,0,2813372,0,0,0,0,2590,265984,0,0,0,0,0,0,0,0,0,0,0,0,0,0,0,0,0,0,0,64996,0,45,1203,0,4023,0,0,879958,0,257531
501,0,12,0,0,0,0,0,2813372,0,0,0,0,47,0,0,0,0,0,0,0,0,0,0,0,0,0,0,0,0,0,0,0,0,0,0,0,0,45,93,0,0,0,0,0
501,0,13,0,0,0,0,0,2813372,0,0,0,0,53,0,0,0,0,0,0,0,0,0,0,0,0,0,0,0,0,0,0,0,0,0,178,0,0,0,109,0,0,0,0,0
501,0,14,0,0,0,0,0,2813372,0,0,0,0,53,0,0,0,0,0,0,0,0,0,0,0,0,0,0,0,0,0,0,0,0,0,0,0,80,0,60,0,0,0,0,0
501,0,15,0,0,0,0,0,2813372,0,0,0,0,41,0,0,0,0,0,0,0,0,0,0,0,0,0,0,0,0,0,0,0,0,0,0,0,39,0,92,0,0,0,0,0
502,0,0,0,0,0,0,0,7332111,0,0,27856,855296,136,0,0,0,0,0,45531,0,0,0,0,0,0,0,0,27856,27856,0,376117,0,1229379,855296,0,5307,0,136,284,0,0,0,0,4448658
502,0,1,0,0,0,0,0,3666056,45531,0,0,0,19643,0,0,0,0,0,45531,0,0,0,0,0,0,0,0,0,14295,0,188168,0,434676,0,0,2452,1880,5402,33823,0,0,814994,0,0
502,0,2,0,0,0,0,0,3666056,0,0,0,0,472,265984,0,0,0,0,0,0,0,0,0,0,0,0,0,0,0,0,188427,0,188324,64879,0,6169,712,4229,988,0,0,663696,0,256822
502,0,3,0,0,0,0,0,3666056,0,0,0,0,457,265984,0,0,0,0,0,0,0,0,0,0,0,0,0,0,0,0,126538,0,0,64896,0,1924,274,0,658,0,0,213044,0,256929
502,0,4,0,0,0,0,0,3666056,0,0,0,0,602,265984,0,0,0,0,0,0,0,0,0,0,0,0,0,0,0,0,126459,0,0,64797,0,1548,0,321,865,2156848,0,0,0,259291
502,0,5,0,0,0,0,0,3666056,0,0,0,0,886,265984,0,0,0,0,0,0,0,0,0,0,0,0,0,0,0,0,126760,0,0,64922,14282,4262,0,0,1779,0,0,1852819,0,257591
502,0,6,0,0,0,0,0,3666056,0,0,0,0,1186,265984,0,0,0,0,0,0,0,0,0,0,0,0,0,0,0,0,126585,0,0,64889,0,2444,1821,3,1798,0,0,1883246,0,256113
502,0,7,0,0,0,0,0,3666056,0,0,0,0,1189,265984,0,0,0,0,0,0,0,0,0,0,0,0,0,0,0,0,63812,0,0,64815,0,2471,629,0,2411,0,0,734578,0,255944
502,0,8,0,0,0,0,0,3666056,0,0,0,0,1204,265984,0,0,0,0,0,0,0,0,0,0,0,0,0,0,0,0,63697,0,0,64796,0,1626,0,613,2406,2823328,0,0,0,257587
502,0,9,0,0,0,0,0,3666056,0,0,0,0,1681,265984,0,0,0,0,0,0,0,0,0,0,0,0,0,0,0,0,63662,0,0,64886,10340,1150,0,1,2519,0,0,3040389,0,257054
502,0,10,0,0,0,0,0,3666056,0,0,0,0,2425,265984,0,0,0,0,0,0,0,0,0,0,0,0,0,0,0,0,63777,0,0,64933,0,2422,3662,2,4957,0,0,2943813,0,255716
502,0,11,0,0,0,0,0,3666056,0,0,0,0,2398,265984,0,0,0,0,0,0,0,0,0,0,0,0,0,0,0,0,0,0,0,64863,0,43,1295,0,3678,0,0,1209530,0,255566
502,0,12,0,0,0,0,0,3666056,0,0,0,0,1696,265984,0,0,0,0,0,0,0,0,0,0,0,0,0,0,0,0,0,0,0,64919,0,0,0,847,2621,2953411,0,0,0,256915
502,0,13,0,0,0,0,0,3666056,0,0,0,0,2412,265984,0,0,0,0,0,0,0,0,0,0,0,0,0,0,0,0,0,0,0,65018,5447,0,0,1,4961,0,0,2900330,0,255824
502,0,14,0,0,0,0,0,3666056,0,0,0,0,2435,265984,0,0,0,0,0,0,0,0,0,0,0,0,0,0,0,0,0,0,0,64971,0,0,1297,1,3712,0,0,1222558,0,255848
502,0,15,0,0,0,0,0,3666056,0,0,0,0,41,0,0,0,0,0,0,0,0,0,0,0,0,0,0,0,0,0,0,0,0,0,0,0,39,0,96,0,0,0,0,0
503,0,0,0,0,0,0,0,7333550,0,0,27856,855296,136,0,0,0,0,0,45531,0,0,0,0,0,0,0,0,27856,27856,0,376092,0,1229449,855296,0,5307,0,136,284,0,0,0,0,4454059
503,0,1,0,0,0,0,0,3666775,45531,0,0,0,19829,0,0,0,0,0,45531,0,0,0,0,0,0,0,0,0,14328,0,188097,0,434711,0,0,2452,1894,5202,33899,0,0,815055,0,0
503,0,2,0,0,0,0,0,3666775,0,0,0,0,477,265984,0,0,0,0,0,0,0,0,0,0,0,0,0,0,0,0,188470,0,188408,64886,0,6300,711,4287,1004,0,0,663971,0,256773
503,0,3,0,0,0,0,0,3666775,0,0,0,0,461,265984,0,0,0,0,0,0,0,0,0,0,0,0,0,0,0,0,126583,0,0,64893,0,1864,270,0,664,0,0,212854,0,256912
503,0,4,0,0,0,0,0,3666775,0,0,0,0,611,265984,0,0,0,0,0,0,0,0,0,0,0,0,0,0,0,0,126476,0,0,64799,0,1555,0,312,882,2158246,0,0,0,259272
503,0,5,0,0,0,0,0,3666775,0,0,0,0,858,265984,0,0,0,0,0,0,0,0,0,0,0,0,0,0,0,0,126712,0,0,64923,14393,4267,0,2,1746,0,0,1853378,0,257567
503,0,6,0,0,0,0,0,3666775,0,0,0,0,1169,265984,0,0,0,0,0,0,0,0,0,0,0,0,0,0,0,0,126485,0,0,64876,0,2318,1876,1,1776,0,0,1883521,0,256125
503,0,7,0,0,0,0,0,3666775,0,0,0,0,1227,265984,0,0,0,0,0,0,0,0,0,0,0,0,0,0,0,0,63853,0,0,64812,0,2532,591,0,2450,0,0,735692,0,255971
503,0,8,0,0,0,0,0,3666775,0,0,0,0,1174,265984,0,0,0,0,0,0,0,0,0,0,0,0,0,0,0,0,63674,0,0,64796,0,1634,0,643,2361,2825137,0,0,0,257632
503,0,9,0,0,0,0,0,3666775,0,0,0,0,1684,265984,0,0,0,0,0,0,0,0,0,0,0,0,0,0,0,0,63652,0,0,64869,10209,1115,0,0,2552,0,0,3041980,0,257072
503,0,10,0,0,0,0,0,3666775,0,0,0,0,2435,265984,0,0,0,0,0,0,0,0,0,0,0,0,0,0,0,0,63761,0,0,64975,0,2477,3769,2,5038,0,0,2944812,0,255204
503,0,11,0,0,0,0,0,3666775,0,0,0,0,2513,265984,0,0,0,0,0,0,0,0,0,0,0,0,0,0,0,0,0,0,0,64874,0,42,1179,0,3734,0,0,1209506,0,255553
503,0,12,0,0,0,0,0,3666775,0,0,0,0,1685,265984,0,0,0,0,0,0,0,0,0,0,0,0,0,0,0,0,0,0,0,64932,0,0,0,858,2602,2958306,0,0,0,256932
503,0,13,0,0,0,0,0,3666775,0,0,0,0,2514,265984,0,0,0,0,0,0,0,0,0,0,0,0,0,0,0,0,0,0,0,65012,5439,0,0,1,5098,0,0,2903369,0,256372
503,0,14,0,0,0,0,0,3666775,0,0,0,0,2540,265984,0,0,0,0,0,0,0,0,0,0,0,0,0,0,0,0,0,0,0,64966,0,0,1192,1,3762,0,0,1225659,0,255838
503,0,15,0,0,0,0,0,3666775,0,0,0,0,41,0,0,0,0,0,0,0,0,0,0,0,0,0,0,0,0,0,0,0,0,0,0,0,39,0,97,0,0,0,0,0
504,0,0,0,0,0,0,0,7330879,0,0,27856,855296,136,0,0,0,0,0,45534,0,0,0,0,0,0,0,0,27856,27856,0,376176,0,1229884,855296,0,5307,0,136,284,0,0,0,0,4451756
504,0,1,0,0,0,0,0,3665439,45534,0,0,0,19796,0,0,0,0,0,45534,0,0,0,0,0,0,0,0,0,14352,0,188173,0,434844,0,0,2473,1905,5203,33922,0,0,814856,0,0
504,0,2,0,0,0,0,0,3665439,0,0,0,0,466,265984,0,0,0,0,0,0,0,0,0,0,0,0,0,0,0,0,188453,0,188458,64900,0,6338,735,4254,986,0,0,664626,0,256767
504,0,3,0,0,0,0,0,3665439,0,0,0,0,473,265984,0,0,0,0,0,0,0,0,0,0,0,0,0,0,0,0,126612,0,0,64907,0,1888,258,0,685,0,0,212560,0,256946
504,0,4,0,0,0,0,0,3665439,0,0,0,0,594,265984,0,0,0,0,0,0,0,0,0,0,0,0,0,0,0,0,126489,0,0,64811,0,1560,0,329,871,2157259,0,0,0,259203
504,0,5,0,0,0,0,0,3665439,0,0,0,0,865,265984,0,0,0,0,0,0,0,0,0,0,0,0,0,0,0,0,126758,0,0,64922,14313,4250,0,0,1749,0,0,1852248,0,257511
504,0,6,0,0,0,0,0,3665439,0,0,0,0,1189,265984,0,0,0,0,0,0,0,0,0,0,0,0,0,0,0,0,126528,0,0,64882,0,2303,1846,2,1773,0,0,1882569,0,256145
504,0,7,0,0,0,0,0,3665439,0,0,0,0,1217,265984,0,0,0,0,0,0,0,0,0,0,0,0,0,0,0,0,63884,0,0,64815,0,2528,602,0,2418,0,0,734003,0,255996
504,0,8,0,0,0,0,0,3665439,0,0,0,0,1207,265984,0,0,0,0,0,0,0,0,0,0,0,0,0,0,0,0,63678,0,0,64799,0,1636,0,610,2387,2824175,0,0,0,257585
504,0,9,0,0,0,0,0,3665439,0,0,0,0,1692,265984,0,0,0,0,0,0,0,0,0,0,0,0,0,0,0,0,63671,0,0,64883,10297,1149,0,1,2543,0,0,3040270,0,257107
504,0,10,0,0,0,0,0,3665439,0,0,0,0,2473,265984,0,0,0,0,0,0,0,0,0,0,0,0,0,0,0,0,63776,0,0,64961,0,2466,3712,1,5102,0,0,2943634,0,255169
504,0,11,0,0,0,0,0,3665439,0,0,0,0,2494,265984,0,0,0,0,0,0,0,0,0,0,0,0,0,0,0,0,0,0,0,64884,0,46,1198,0,3716,0,0,1207522,0,255551
504,0,12,0,0,0,0,0,3665439,0,0,0,0,1660,265984,0,0,0,0,0,0,0,0,0,0,0,0,0,0,0,0,0,0,0,64929,0,0,0,883,2575,2956932,0,0,0,256883
504,0,13,0,0,0,0,0,3665439,0,0,0,0,2462,265984,0,0,0,0,0,0,0,0,0,0,0,0,0,0,0,0,0,0,0,65012,5432,0,0,1,5012,0,0,2902604,0,256356
504,0,14,0,0,0,0,0,3665439,0,0,0,0,2506,265984,0,0,0,0,0,0,0,0,0,0,0,0,0,0,0,0,0,0,0,64975,0,0,1226,1,3739,0,0,1225229,0,255829
504,0,15,0,0,0,0,0,3665439,0,0,0,0,41,0,0,0,0,0,0,0,0,0,0,0,0,0,0,0,0,0,0,0,0,0,0,0,39,0,93,0,0,0,0,0
