run_id,idle,tile,l2_hits,l2_misses,dvfs0,dvfs1,dvfs2,dvfs3,inject_p0,inject_p1,inject_p2,inject_p3,inject_p4,inject_p5,router_p0_d0,router_p0_d1,router_p0_d2,router_p0_d3,router_p0_d4,router_p1_d0,router_p1_d1,router_p1_d2,router_p1_d3,router_p1_d4,router_p2_d0,router_p2_d1,router_p2_d2,router_p2_d3,router_p2_d4,router_p3_d0,router_p3_d1,router_p3_d2,router_p3_d3,router_p3_d4,router_p4_d0,router_p4_d1,router_p4_d2,router_p4_d3,router_p4_d4,router_p5_d0,router_p5_d1,router_p5_d2,router_p5_d3,router_p5_d4
0,1,0,0,0,0,0,0,20055470,0,0,104,0,116,0,0,0,0,0,2040,0,0,0,0,0,0,0,0,104,104,0,0,0,0,0,0,196,0,116,238,0,0,0,0,0
0,1,1,0,0,0,0,0,10027735,2040,0,0,0,564,0,0,0,0,0,2040,0,0,0,0,0,0,0,0,0,38,0,0,0,0,0,0,91,70,71,944,0,0,0,0,0
0,1,2,0,0,0,0,0,10027735,0,0,0,0,48,0,0,0,0,0,0,0,0,0,0,0,0,0,0,0,0,0,0,0,0,0,0,142,44,0,117,0,0,0,0,0
0,1,3,0,0,0,0,0,10027735,0,0,0,0,50,0,0,0,0,0,0,0,0,0,0,0,0,0,0,0,0,0,0,0,0,0,0,5,0,42,61,0,0,0,0,0
0,1,4,0,0,0,0,0,10027735,0,0,0,0,49,0,0,0,0,0,0,0,0,0,0,0,0,0,0,0,0,0,0,0,0,0,266,53,0,0,101,0,0,0,0,0
0,1,5,0,0,0,0,0,10027735,0,0,0,0,55,0,0,0,0,0,0,0,0,0,0,0,0,0,0,0,0,0,0,0,0,0,0,22,37,0,75,0,0,0,0,0
0,1,6,0,0,0,0,0,10027735,0,0,0,0,54,0,0,0,0,0,0,0,0,0,0,0,0,0,0,0,0,0,0,0,0,0,0,0,0,38,147,0,0,0,0,0
0,1,7,0,0,0,0,0,10027735,0,0,0,0,49,0,0,0,0,0,0,0,0,0,0,0,0,0,0,0,0,0,0,0,0,0,146,0,0,0,94,0,0,0,0,0
0,1,8,0,0,0,0,0,10027735,0,0,0,0,49,0,0,0,0,0,0,0,0,0,0,0,0,0,0,0,0,0,0,0,0,0,0,0,31,0,113,0,0,0,0,0
1,0,0,0,0,0,0,0,1302214,0,0,8196,73728,116,0,0,0,0,0,14244,0,0,0,0,0,0,0,0,8196,8196,0,0,0,73728,73728,0,196,0,116,238,0,0,0,0,114688
1,0,1,0,0,0,0,0,651107,14244,0,0,0,8174,0,0,0,0,0,14244,0,0,0,0,0,0,0,0,0,27,0,0,0,40474,0,0,90,89,640,16192,0,0,114688,0,0
1,0,2,0,0,0,0,0,651107,0,0,0,0,7688,114688,0,0,0,0,0,0,0,0,0,0,0,0,0,0,0,0,0,0,0,33254,0,135,599,0,15392,0,0,0,0,114688
1,0,3,0,0,0,0,0,651107,0,0,0,0,49,0,0,0,0,0,0,0,0,0,0,0,0,0,0,0,0,0,0,0,0,0,0,11,0,43,69,0,0,0,0,0
1,0,4,0,0,0,0,0,651107,0,0,0,0,49,0,0,0,0,0,0,0,0,0,0,0,0,0,0,0,0,0,0,0,0,0,267,54,0,0,101,0,0,0,0,0
1,0,5,0,0,0,0,0,651107,0,0,0,0,59,0,0,0,0,0,0,0,0,0,0,0,0,0,0,0,0,0,0,0,0,0,0,28,33,0,81,0,0,0,0,0
1,0,6,0,0,0,0,0,651107,0,0,0,0,52,0,0,0,0,0,0,0,0,0,0,0,0,0,0,0,0,0,0,0,0,0,0,0,0,40,139,0,0,0,0,0
1,0,7,0,0,0,0,0,651107,0,0,0,0,49,0,0,0,0,0,0,0,0,0,0,0,0,0,0,0,0,0,0,0,0,0,148,0,0,0,93,0,0,0,0,0
1,0,8,0,0,0,0,0,651107,0,0,0,0,53,0,0,0,0,0,0,0,0,0,0,0,0,0,0,0,0,0,0,0,0,0,0,0,27,0,112,0,0,0,0,0
2,0,0,0,0,0,0,0,1302120,0,0,8196,73728,116,0,0,0,0,0,14244,0,0,0,0,0,0,0,0,8196,8196,0,0,0,73728,73728,0,196,0,116,238,0,0,0,0,114688
2,0,1,0,0,0,0,0,651060,14244,0,0,0,8188,0,0,0,0,0,14244,0,0,0,0,0,0,0,0,0,25,0,0,0,40475,0,0,90,81,634,16207,0,0,114688,0,0
2,0,2,0,0,0,0,0,651060,0,0,0,0,7691,114688,0,0,0,0,0,0,0,0,0,0,0,0,0,0,0,0,0,0,0,33253,0,136,595,0,15401,0,0,0,0,114688
2,0,3,0,0,0,0,0,651060,0,0,0,0,46,0,0,0,0,0,0,0,0,0,0,0,0,0,0,0,0,0,0,0,0,0,0,8,0,46,62,0,0,0,0,0
2,0,4,0,0,0,0,0,651060,0,0,0,0,46,0,0,0,0,0,0,0,0,0,0,0,0,0,0,0,0,0,0,0,0,0,270,53,0,0,99,0,0,0,0,0
2,0,5,0,0,0,0,0,651060,0,0,0,0,61,0,0,0,0,0,0,0,0,0,0,0,0,0,0,0,0,0,0,0,0,0,0,25,31,0,85,0,0,0,0,0
2,0,6,0,0,0,0,0,651060,0,0,0,0,52,0,0,0,0,0,0,0,0,0,0,0,0,0,0,0,0,0,0,0,0,0,0,0,0,40,142,0,0,0,0,0
2,0,7,0,0,0,0,0,651060,0,0,0,0,49,0,0,0,0,0,0,0,0,0,0,0,0,0,0,0,0,0,0,0,0,0,147,0,0,0,94,0,0,0,0,0
2,0,8,0,0,0,0,0,651060,0,0,0,0,52,0,0,0,0,0,0,0,0,0,0,0,0,0,0,0,0,0,0,0,0,0,0,0,28,0,114,0,0,0,0,0
3,0,0,0,0,0,0,0,1302135,0,0,8196,73728,116,0,0,0,0,0,14244,0,0,0,0,0,0,0,0,8196,8196,0,0,0,73728,73728,0,196,0,116,238,0,0,0,0,114688
3,0,1,0,0,0,0,0,651068,14244,0,0,0,8171,0,0,0,0,0,14244,0,0,0,0,0,0,0,0,0,1,0,0,0,40462,0,0,91,85,646,16187,0,0,114688,0,0
3,0,2,0,0,0,0,0,651068,0,0,0,0,7684,114688,0,0,0,0,0,0,0,0,0,0,0,0,0,0,0,0,0,0,0,33266,0,133,602,0,15385,0,0,0,0,114688
3,0,3,0,0,0,0,0,651068,0,0,0,0,49,0,0,0,0,0,0,0,0,0,0,0,0,0,0,0,0,0,0,0,0,0,0,8,0,43,69,0,0,0,0,0
3,0,4,0,0,0,0,0,651068,0,0,0,0,49,0,0,0,0,0,0,0,0,0,0,0,0,0,0,0,0,0,0,0,0,0,266,53,0,0,101,0,0,0,0,0
3,0,5,0,0,0,0,0,651068,0,0,0,0,60,0,0,0,0,0,0,0,0,0,0,0,0,0,0,0,0,0,0,0,0,0,0,29,32,0,83,0,0,0,0,0
3,0,6,0,0,0,0,0,651068,0,0,0,0,55,0,0,0,0,0,0,0,0,0,0,0,0,0,0,0,0,0,0,0,0,0,0,0,0,37,145,0,0,0,0,0
3,0,7,0,0,0,0,0,651068,0,0,0,0,49,0,0,0,0,0,0,0,0,0,0,0,0,0,0,0,0,0,0,0,0,0,150,0,0,0,94,0,0,0,0,0
3,0,8,0,0,0,0,0,651068,0,0,0,0,52,0,0,0,0,0,0,0,0,0,0,0,0,0,0,0,0,0,0,0,0,0,0,0,28,0,110,0,0,0,0,0
4,0,0,0,0,0,0,0,1302629,0,0,8200,147456,116,0,0,0,0,0,14253,0,0,0,0,0,0,0,0,8200,8200,0,73728,0,73728,147456,0,4297,0,116,238,0,0,0,0,229376
4,0,1,0,0,0,0,0,651315,14253,0,0,0,8031,0,0,0,0,0,14253,0,0,0,0,0,0,0,0,0,135,0,0,0,40451,0,0,90,657,220,12510,0,0,114688,0,0
4,0,2,0,0,0,0,0,651315,0,0,0,0,2357,114688,0,0,0,0,0,0,0,0,0,0,0,0,0,0,0,0,0,0,0,33277,0,129,1834,0,6391,0,0,0,0,114688
4,0,3,0,0,0,0,0,651315,0,0,0,0,2351,114688,0,0,0,0,0,0,0,0,0,0,0,0,0,0,0,0,0,0,0,36814,0,11,0,1840,2942,82,0,0,0,114688
4,0,4,0,0,0,0,0,651315,0,0,0,0,46,0,0,0,0,0,0,0,0,0,0,0,0,0,0,0,0,0,0,0,0,0,2573,53,0,1,99,0,0,0,0,0
4,0,5,0,0,0,0,0,651315,0,0,0,0,63,0,0,0,0,0,0,0,0,0,0,0,0,0,0,0,0,0,0,0,0,0,0,28,29,0,91,0,0,0,0,0
4,0,6,0,0,0,0,0,651315,0,0,0,0,52,0,0,0,0,0,0,0,0,0,0,0,0,0,0,0,0,0,0,0,0,0,0,0,0,40,139,0,0,0,0,0
4,0,7,0,0,0,0,0,651315,0,0,0,0,49,0,0,0,0,0,0,0,0,0,0,0,0,0,0,0,0,0,0,0,0,0,150,0,0,0,94,0,0,0,0,0
4,0,8,0,0,0,0,0,651315,0,0,0,0,55,0,0,0,0,0,0,0,0,0,0,0,0,0,0,0,0,0,0,0,0,0,0,0,25,0,115,0,0,0,0,0
5,0,0,0,0,0,0,0,1302853,0,0,8200,147456,116,0,0,0,0,0,14256,0,0,0,0,0,0,0,0,8200,8200,0,73728,0,73728,147456,0,4297,0,116,238,0,0,0,0,229376
5,0,1,0,0,0,0,0,651427,14256,0,0,0,5153,0,0,0,0,0,14256,0,0,0,0,0,0,0,0,0,8193,0,0,0,38912,0,0,90,2126,1629,9635,0,0,114688,0,0
5,0,2,0,0,0,0,0,651427,0,0,0,0,3123,114688,0,0,0,0,0,0,0,0,0,0,0,0,0,0,0,0,0,0,0,34816,0,130,1068,0,5747,0,0,0,0,114688
5,0,3,0,0,0,0,0,651427,0,0,0,0,3119,114688,0,0,0,0,0,0,0,0,0,0,0,0,0,0,0,0,0,0,0,33793,0,7,0,1072,5183,0,0,0,0,114688
5,0,4,0,0,0,0,0,651427,0,0,0,0,46,0,0,0,0,0,0,0,0,0,0,0,0,0,0,0,0,0,0,0,0,0,3336,53,0,1,99,0,0,0,0,0
5,0,5,0,0,0,0,0,651427,0,0,0,0,59,0,0,0,0,0,0,0,0,0,0,0,0,0,0,0,0,0,0,0,0,0,0,28,33,0,86,0,0,0,0,0
5,0,6,0,0,0,0,0,651427,0,0,0,0,55,0,0,0,0,0,0,0,0,0,0,0,0,0,0,0,0,0,0,0,0,0,0,0,0,37,146,0,0,0,0,0
5,0,7,0,0,0,0,0,651427,0,0,0,0,49,0,0,0,0,0,0,0,0,0,0,0,0,0,0,0,0,0,0,0,0,0,151,0,0,0,94,0,0,0,0,0
5,0,8,0,0,0,0,0,651427,0,0,0,0,53,0,0,0,0,0,0,0,0,0,0,0,0,0,0,0,0,0,0,0,0,0,0,0,27,0,113,0,0,0,0,0
6,0,0,0,0,0,0,0,1302683,0,0,8200,147456,116,0,0,0,0,0,14253,0,0,0,0,0,0,0,0,8200,8200,0,73728,0,73728,147456,0,4297,0,116,238,0,0,0,0,229376
6,0,1,0,0,0,0,0,651342,14253,0,0,0,8223,0,0,0,0,0,14253,0,0,0,0,0,0,0,0,0,142,0,0,0,40450,0,0,90,86,599,12699,0,0,114688,0,0
6,0,2,0,0,0,0,0,651342,0,0,0,0,2357,114688,0,0,0,0,0,0,0,0,0,0,0,0,0,0,0,0,0,0,0,33278,0,134,1833,0,6008,0,0,0,0,114688
6,0,3,0,0,0,0,0,651342,0,0,0,0,2354,114688,0,0,0,0,0,0,0,0,0,0,0,0,0,0,0,0,0,0,0,36742,0,11,0,1837,2374,50,0,0,0,114688
6,0,4,0,0,0,0,0,651342,0,0,0,0,46,0,0,0,0,0,0,0,0,0,0,0,0,0,0,0,0,0,0,0,0,0,2577,53,0,1,99,0,0,0,0,0
6,0,5,0,0,0,0,0,651342,0,0,0,0,64,0,0,0,0,0,0,0,0,0,0,0,0,0,0,0,0,0,0,0,0,0,0,25,28,0,90,0,0,0,0,0
6,0,6,0,0,0,0,0,651342,0,0,0,0,52,0,0,0,0,0,0,0,0,0,0,0,0,0,0,0,0,0,0,0,0,0,0,0,0,40,139,0,0,0,0,0
6,0,7,0,0,0,0,0,651342,0,0,0,0,49,0,0,0,0,0,0,0,0,0,0,0,0,0,0,0,0,0,0,0,0,0,150,0,0,0,94,0,0,0,0,0
6,0,8,0,0,0,0,0,651342,0,0,0,0,55,0,0,0,0,0,0,0,0,0,0,0,0,0,0,0,0,0,0,0,0,0,0,0,25,0,118,0,0,0,0,0
7,0,0,0,0,0,0,0,1574441,0,0,10706,294912,116,0,0,0,0,0,18027,0,0,0,0,0,0,0,0,10706,10706,0,73728,0,221184,294912,0,2829,0,116,238,0,0,0,0,475230
7,0,1,0,0,0,0,0,787221,18027,0,0,0,7741,0,0,0,0,0,18027,0,0,0,0,0,0,0,0,0,5090,0,37502,0,73370,0,0,954,947,1864,13415,0,0,109677,0,0
7,0,2,0,0,0,0,0,787221,0,0,0,0,1801,114688,0,0,0,0,0,0,0,0,0,0,0,0,0,0,0,0,37299,0,0,38728,0,1951,900,0,3612,0,0,13,0,114688
7,0,3,0,0,0,0,0,787221,0,0,0,0,1822,114688,0,0,0,0,0,0,0,0,0,0,0,0,0,0,0,0,0,0,0,39514,0,10,0,901,2703,132433,0,0,0,108914
7,0,4,0,0,0,0,0,787221,0,0,0,0,1885,114688,0,0,0,0,0,0,0,0,0,0,0,0,0,0,0,0,0,0,0,40091,4814,53,0,2,3807,0,0,133575,0,107552
7,0,5,0,0,0,0,0,787221,0,0,0,0,1941,114688,0,0,0,0,0,0,0,0,0,0,0,0,0,0,0,0,0,0,0,36429,0,32,881,0,2877,0,0,565,0,114685
7,0,6,0,0,0,0,0,787221,0,0,0,0,55,0,0,0,0,0,0,0,0,0,0,0,0,0,0,0,0,0,0,0,0,0,0,0,0,37,143,0,0,0,0,0
7,0,7,0,0,0,0,0,787221,0,0,0,0,49,0,0,0,0,0,0,0,0,0,0,0,0,0,0,0,0,0,0,0,0,0,149,0,0,0,94,0,0,0,0,0
7,0,8,0,0,0,0,0,787221,0,0,0,0,51,0,0,0,0,0,0,0,0,0,0,0,0,0,0,0,0,0,0,0,0,0,0,0,29,0,109,0,0,0,0,0
8,0,0,0,0,0,0,0,1572384,0,0,10702,294912,116,0,0,0,0,0,18018,0,0,0,0,0,0,0,0,10702,10702,0,73728,0,221184,294912,0,2825,0,116,238,0,0,0,0,473878
8,0,1,0,0,0,0,0,786192,18018,0,0,0,7740,0,0,0,0,0,18018,0,0,0,0,0,0,0,0,0,4992,0,37539,0,73492,0,0,954,943,1865,13475,0,0,109650,0,0
8,0,2,0,0,0,0,0,786192,0,0,0,0,1814,114688,0,0,0,0,0,0,0,0,0,0,0,0,0,0,0,0,37213,0,0,38810,0,1950,886,0,3626,0,0,20,0,114687
8,0,3,0,0,0,0,0,786192,0,0,0,0,1801,114688,0,0,0,0,0,0,0,0,0,0,0,0,0,0,0,0,0,0,0,39344,0,15,0,918,2673,132002,0,0,0,108496
8,0,4,0,0,0,0,0,786192,0,0,0,0,1874,114688,0,0,0,0,0,0,0,0,0,0,0,0,0,0,0,0,0,0,0,40196,4763,53,0,1,3796,0,0,135932,0,106807
8,0,5,0,0,0,0,0,786192,0,0,0,0,1904,114688,0,0,0,0,0,0,0,0,0,0,0,0,0,0,0,0,0,0,0,36515,0,24,919,0,2849,0,0,376,0,114688
8,0,6,0,0,0,0,0,786192,0,0,0,0,55,0,0,0,0,0,0,0,0,0,0,0,0,0,0,0,0,0,0,0,0,0,0,0,0,37,138,0,0,0,0,0
8,0,7,0,0,0,0,0,786192,0,0,0,0,49,0,0,0,0,0,0,0,0,0,0,0,0,0,0,0,0,0,0,0,0,0,153,0,0,0,94,0,0,0,0,0
8,0,8,0,0,0,0,0,786192,0,0,0,0,55,0,0,0,0,0,0,0,0,0,0,0,0,0,0,0,0,0,0,0,0,0,0,0,25,0,121,0,0,0,0,0
9,0,0,0,0,0,0,0,1574670,0,0,10708,294912,116,0,0,0,0,0,18027,0,0,0,0,0,0,0,0,10708,10708,0,73728,0,221184,294912,0,2831,0,116,238,0,0,0,0,475091
9,0,1,0,0,0,0,0,787335,18027,0,0,0,7826,0,0,0,0,0,18027,0,0,0,0,0,0,0,0,0,5165,0,37512,0,73414,0,0,975,926,1781,13510,0,0,109696,0,0
9,0,2,0,0,0,0,0,787334,0,0,0,0,1789,114688,0,0,0,0,0,0,0,0,0,0,0,0,0,0,0,0,37305,0,0,38694,0,2014,912,0,3620,0,0,31,0,114688
9,0,3,0,0,0,0,0,787335,0,0,0,0,1797,114688,0,0,0,0,0,0,0,0,0,0,0,0,0,0,0,0,0,0,0,39390,0,6,0,928,2661,130523,0,0,0,109020
9,0,4,0,0,0,0,0,787335,0,0,0,0,1900,114688,0,0,0,0,0,0,0,0,0,0,0,0,0,0,0,0,0,0,0,40195,4794,53,0,1,3801,0,0,134339,0,107429
9,0,5,0,0,0,0,0,787335,0,0,0,0,1959,114688,0,0,0,0,0,0,0,0,0,0,0,0,0,0,0,0,0,0,0,36423,0,32,864,0,2832,0,0,534,0,114687
9,0,6,0,0,0,0,0,787335,0,0,0,0,55,0,0,0,0,0,0,0,0,0,0,0,0,0,0,0,0,0,0,0,0,0,0,0,0,37,147,0,0,0,0,0
9,0,7,0,0,0,0,0,787335,0,0,0,0,49,0,0,0,0,0,0,0,0,0,0,0,0,0,0,0,0,0,0,0,0,0,147,0,0,0,94,0,0,0,0,0
9,0,8,0,0,0,0,0,787335,0,0,0,0,49,0,0,0,0,0,0,0,0,0,0,0,0,0,0,0,0,0,0,0,0,0,0,0,31,0,107,0,0,0,0,0
10,0,0,0,0,0,0,0,1816329,0,0,12320,442368,116,0,0,0,0,0,20460,0,0,0,0,0,0,0,0,12320,12320,0,147456,0,294912,442368,0,4312,0,116,238,0,0,0,0,946201
10,0,1,0,0,0,0,0,908165,20460,0,0,0,8772,0,0,0,0,0,20460,0,0,0,0,0,0,0,0,0,5878,0,73732,0,73685,0,0,1485,1455,1410,15300,0,0,108760,0,0
10,0,2,0,0,0,0,0,908164,0,0,0,0,1326,114688,0,0,0,0,0,0,0,0,0,0,0,0,0,0,0,0,36944,0,0,39641,0,1527,685,0,2677,0,0,1371,0,114562
10,0,3,0,0,0,0,0,908165,0,0,0,0,1377,114688,0,0,0,0,0,0,0,0,0,0,0,0,0,0,0,0,37121,0,0,41548,0,708,0,710,2069,315509,0,0,0,104993
10,0,4,0,0,0,0,0,908165,0,0,0,0,1445,114688,0,0,0,0,0,0,0,0,0,0,0,0,0,0,0,0,37054,0,0,41036,5785,1466,0,1,2894,0,0,139141,0,109245
10,0,5,0,0,0,0,0,908165,0,0,0,0,1445,114688,0,0,0,0,0,0,0,0,0,0,0,0,0,0,0,0,0,0,0,38641,0,27,729,0,2163,0,0,3696,0,114472
10,0,6,0,0,0,0,0,908165,0,0,0,0,1462,114688,0,0,0,0,0,0,0,0,0,0,0,0,0,0,0,0,0,0,0,41229,0,0,0,747,2971,142938,0,0,0,108250
10,0,7,0,0,0,0,0,908165,0,0,0,0,1462,114688,0,0,0,0,0,0,0,0,0,0,0,0,0,0,0,0,0,0,0,40812,2262,0,0,2,2213,0,0,2571,0,114529
10,0,8,0,0,0,0,0,908165,0,0,0,0,55,0,0,0,0,0,0,0,0,0,0,0,0,0,0,0,0,0,0,0,0,0,0,0,25,0,118,0,0,0,0,0
11,0,0,0,0,0,0,0,1809618,0,0,12262,442368,116,0,0,0,0,0,20373,0,0,0,0,0,0,0,0,12262,12262,0,147456,0,294912,442368,0,4286,0,116,238,0,0,0,0,948119
11,0,1,0,0,0,0,0,904809,20373,0,0,0,8680,0,0,0,0,0,20373,0,0,0,0,0,0,0,0,0,5932,0,73866,0,73768,0,0,1493,1483,1408,15123,0,0,108023,0,0
11,0,2,0,0,0,0,0,904809,0,0,0,0,1303,114688,0,0,0,0,0,0,0,0,0,0,0,0,0,0,0,0,36874,0,0,39878,0,1513,706,0,2664,0,0,1457,0,114559
11,0,3,0,0,0,0,0,904809,0,0,0,0,1380,114688,0,0,0,0,0,0,0,0,0,0,0,0,0,0,0,0,37205,0,0,41832,0,737,0,703,2071,316561,0,0,0,104665
11,0,4,0,0,0,0,0,904809,0,0,0,0,1429,114688,0,0,0,0,0,0,0,0,0,0,0,0,0,0,0,0,36964,0,0,40757,5791,1450,0,1,2860,0,0,137719,0,109671
11,0,5,0,0,0,0,0,904809,0,0,0,0,1437,114688,0,0,0,0,0,0,0,0,0,0,0,0,0,0,0,0,0,0,0,38695,0,25,734,0,2166,0,0,3567,0,114456
11,0,6,0,0,0,0,0,904809,0,0,0,0,1459,114688,0,0,0,0,0,0,0,0,0,0,0,0,0,0,0,0,0,0,0,40481,0,0,0,728,2917,138988,0,0,0,109288
11,0,7,0,0,0,0,0,904809,0,0,0,0,1481,114688,0,0,0,0,0,0,0,0,0,0,0,0,0,0,0,0,0,0,0,41194,2218,0,0,1,2226,0,0,2792,0,114500
11,0,8,0,0,0,0,0,904809,0,0,0,0,54,0,0,0,0,0,0,0,0,0,0,0,0,0,0,0,0,0,0,0,0,0,0,0,26,0,120,0,0,0,0,0
12,0,0,0,0,0,0,0,1809468,0,0,12288,442368,116,0,0,0,0,0,20412,0,0,0,0,0,0,0,0,12288,12288,0,147456,0,294912,442368,0,4302,0,116,238,0,0,0,0,944690
12,0,1,0,0,0,0,0,904734,20412,0,0,0,8795,0,0,0,0,0,20412,0,0,0,0,0,0,0,0,0,5819,0,73790,0,73783,0,0,1470,1459,1366,15339,0,0,108011,0,0
12,0,2,0,0,0,0,0,904734,0,0,0,0,1341,114688,0,0,0,0,0,0,0,0,0,0,0,0,0,0,0,0,36911,0,0,39804,0,1530,668,0,2725,0,0,1476,0,114565
12,0,3,0,0,0,0,0,904734,0,0,0,0,1384,114688,0,0,0,0,0,0,0,0,0,0,0,0,0,0,0,0,37110,0,0,41727,0,734,0,701,2053,312607,0,0,0,104508
12,0,4,0,0,0,0,0,904734,0,0,0,0,1446,114688,0,0,0,0,0,0,0,0,0,0,0,0,0,0,0,0,36981,0,0,40909,5754,1459,0,1,2903,0,0,139106,0,108994
12,0,5,0,0,0,0,0,904734,0,0,0,0,1429,114688,0,0,0,0,0,0,0,0,0,0,0,0,0,0,0,0,0,0,0,38664,0,25,740,0,2139,0,0,3580,0,114473
12,0,6,0,0,0,0,0,904734,0,0,0,0,1475,114688,0,0,0,0,0,0,0,0,0,0,0,0,0,0,0,0,0,0,0,41342,0,0,0,726,2950,143407,0,0,0,107987
12,0,7,0,0,0,0,0,904734,0,0,0,0,1470,114688,0,0,0,0,0,0,0,0,0,0,0,0,0,0,0,0,0,0,0,40696,2260,0,0,1,2220,0,0,2365,0,114540
12,0,8,0,0,0,0,0,904734,0,0,0,0,55,0,0,0,0,0,0,0,0,0,0,0,0,0,0,0,0,0,0,0,0,0,0,0,25,0,121,0,0,0,0,0
13,0,0,0,0,0,0,0,585737,0,0,4098,67584,116,0,0,0,0,0,8097,0,0,0,0,0,0,0,0,4098,4098,0,0,0,86355,67584,0,196,0,116,238,0,0,0,0,77824
13,0,1,0,0,0,0,0,292869,8097,0,0,0,2701,0,0,0,0,0,8097,0,0,0,0,0,0,0,0,0,672,0,0,0,50348,0,0,90,84,2020,5242,0,0,77824,0,0
13,0,2,0,0,0,0,0,292869,0,0,0,0,2207,77824,0,0,0,0,0,0,0,0,0,0,0,0,0,0,0,0,0,0,0,60600,0,134,1981,0,4435,0,0,0,0,77824
13,0,3,0,0,0,0,0,292869,0,0,0,0,46,0,0,0,0,0,0,0,0,0,0,0,0,0,0,0,0,0,0,0,0,0,0,14,0,46,59,0,0,0,0,0
13,0,4,0,0,0,0,0,292869,0,0,0,0,46,0,0,0,0,0,0,0,0,0,0,0,0,0,0,0,0,0,0,0,0,0,264,53,0,0,99,0,0,0,0,0
13,0,5,0,0,0,0,0,292869,0,0,0,0,64,0,0,0,0,0,0,0,0,0,0,0,0,0,0,0,0,0,0,0,0,0,0,23,28,0,92,0,0,0,0,0
13,0,6,0,0,0,0,0,292869,0,0,0,0,55,0,0,0,0,0,0,0,0,0,0,0,0,0,0,0,0,0,0,0,0,0,0,0,0,37,139,0,0,0,0,0
13,0,7,0,0,0,0,0,292869,0,0,0,0,49,0,0,0,0,0,0,0,0,0,0,0,0,0,0,0,0,0,0,0,0,0,156,0,0,0,94,0,0,0,0,0
13,0,8,0,0,0,0,0,292869,0,0,0,0,58,0,0,0,0,0,0,0,0,0,0,0,0,0,0,0,0,0,0,0,0,0,0,0,22,0,122,0,0,0,0,0
14,0,0,0,0,0,0,0,586074,0,0,4098,67584,116,0,0,0,0,0,8097,0,0,0,0,0,0,0,0,4098,4098,0,0,0,86254,67584,0,196,0,116,238,0,0,0,0,77824
14,0,1,0,0,0,0,0,293037,8097,0,0,0,2707,0,0,0,0,0,8097,0,0,0,0,0,0,0,0,0,595,0,0,0,50182,0,0,90,89,2009,5255,0,0,77824,0,0
14,0,2,0,0,0,0,0,293037,0,0,0,0,2217,77824,0,0,0,0,0,0,0,0,0,0,0,0,0,0,0,0,0,0,0,60665,0,136,1971,0,4454,0,0,0,0,77824
14,0,3,0,0,0,0,0,293037,0,0,0,0,49,0,0,0,0,0,0,0,0,0,0,0,0,0,0,0,0,0,0,0,0,0,0,11,0,43,69,0,0,0,0,0
14,0,4,0,0,0,0,0,293037,0,0,0,0,49,0,0,0,0,0,0,0,0,0,0,0,0,0,0,0,0,0,0,0,0,0,267,54,0,0,101,0,0,0,0,0
14,0,5,0,0,0,0,0,293037,0,0,0,0,59,0,0,0,0,0,0,0,0,0,0,0,0,0,0,0,0,0,0,0,0,0,0,27,33,0,81,0,0,0,0,0
14,0,6,0,0,0,0,0,293037,0,0,0,0,52,0,0,0,0,0,0,0,0,0,0,0,0,0,0,0,0,0,0,0,0,0,0,0,0,40,139,0,0,0,0,0
14,0,7,0,0,0,0,0,293037,0,0,0,0,49,0,0,0,0,0,0,0,0,0,0,0,0,0,0,0,0,0,0,0,0,0,148,0,0,0,93,0,0,0,0,0
14,0,8,0,0,0,0,0,293037,0,0,0,0,53,0,0,0,0,0,0,0,0,0,0,0,0,0,0,0,0,0,0,0,0,0,0,0,27,0,113,0,0,0,0,0
15,0,0,0,0,0,0,0,586128,0,0,4098,67584,116,0,0,0,0,0,8097,0,0,0,0,0,0,0,0,4098,4098,0,0,0,86264,67584,0,196,0,116,238,0,0,0,0,77824
15,0,1,0,0,0,0,0,293064,8097,0,0,0,2705,0,0,0,0,0,8097,0,0,0,0,0,0,0,0,0,611,0,0,0,50203,0,0,90,85,2015,5254,0,0,77824,0,0
15,0,2,0,0,0,0,0,293064,0,0,0,0,2221,77824,0,0,0,0,0,0,0,0,0,0,0,0,0,0,0,0,0,0,0,60654,0,127,1968,0,4460,0,0,0,0,77824
15,0,3,0,0,0,0,0,293064,0,0,0,0,46,0,0,0,0,0,0,0,0,0,0,0,0,0,0,0,0,0,0,0,0,0,0,14,0,46,60,0,0,0,0,0
15,0,4,0,0,0,0,0,293064,0,0,0,0,46,0,0,0,0,0,0,0,0,0,0,0,0,0,0,0,0,0,0,0,0,0,269,53,0,0,99,0,0,0,0,0
15,0,5,0,0,0,0,0,293064,0,0,0,0,66,0,0,0,0,0,0,0,0,0,0,0,0,0,0,0,0,0,0,0,0,0,0,28,26,0,96,0,0,0,0,0
15,0,6,0,0,0,0,0,293064,0,0,0,0,52,0,0,0,0,0,0,0,0,0,0,0,0,0,0,0,0,0,0,0,0,0,0,0,0,40,136,0,0,0,0,0
15,0,7,0,0,0,0,0,293064,0,0,0,0,49,0,0,0,0,0,0,0,0,0,0,0,0,0,0,0,0,0,0,0,0,0,153,0,0,0,94,0,0,0,0,0
15,0,8,0,0,0,0,0,293064,0,0,0,0,58,0,0,0,0,0,0,0,0,0,0,0,0,0,0,0,0,0,0,0,0,0,0,0,22,0,117,0,0,0,0,0
16,0,0,0,0,0,0,0,623607,0,0,4104,135168,116,0,0,0,0,0,8109,0,0,0,0,0,0,0,0,4104,4104,0,103097,0,89777,135168,0,2249,0,116,238,0,0,0,0,155675
16,0,1,0,0,0,0,0,311804,8109,0,0,0,2983,0,0,0,0,0,8109,0,0,0,0,0,0,0,0,0,251,0,0,0,53115,0,0,90,844,985,5431,0,0,67807,0,0
16,0,2,0,0,0,0,0,311803,0,0,0,0,1420,77824,0,0,0,0,0,0,0,0,0,0,0,0,0,0,0,0,0,0,0,61368,0,127,723,0,2643,0,0,3968,0,77824
16,0,3,0,0,0,0,0,311804,0,0,0,0,1397,77824,0,0,0,0,0,0,0,0,0,0,0,0,0,0,0,0,0,0,0,61868,0,14,0,746,2171,0,0,0,0,77824
16,0,4,0,0,0,0,0,311804,0,0,0,0,46,0,0,0,0,0,0,0,0,0,0,0,0,0,0,0,0,0,0,0,0,0,1619,53,0,1,99,0,0,0,0,0
16,0,5,0,0,0,0,0,311804,0,0,0,0,66,0,0,0,0,0,0,0,0,0,0,0,0,0,0,0,0,0,0,0,0,0,0,28,26,0,96,0,0,0,0,0
16,0,6,0,0,0,0,0,311804,0,0,0,0,52,0,0,0,0,0,0,0,0,0,0,0,0,0,0,0,0,0,0,0,0,0,0,0,0,40,136,0,0,0,0,0
16,0,7,0,0,0,0,0,311804,0,0,0,0,49,0,0,0,0,0,0,0,0,0,0,0,0,0,0,0,0,0,0,0,0,0,153,0,0,0,94,0,0,0,0,0
16,0,8,0,0,0,0,0,311804,0,0,0,0,58,0,0,0,0,0,0,0,0,0,0,0,0,0,0,0,0,0,0,0,0,0,0,0,22,0,118,0,0,0,0,0
17,0,0,0,0,0,0,0,623372,0,0,4104,135168,116,0,0,0,0,0,8112,0,0,0,0,0,0,0,0,4104,4104,0,103102,0,89762,135168,0,2249,0,116,238,0,0,0,0,155673
17,0,1,0,0,0,0,0,311686,8112,0,0,0,2997,0,0,0,0,0,8112,0,0,0,0,0,0,0,0,0,231,0,0,0,53128,0,0,90,842,973,5449,0,0,67788,0,0
17,0,2,0,0,0,0,0,311685,0,0,0,0,1398,77824,0,0,0,0,0,0,0,0,0,0,0,0,0,0,0,0,0,0,0,61386,0,131,745,0,2629,0,0,3979,0,77824
17,0,3,0,0,0,0,0,311686,0,0,0,0,1376,77824,0,0,0,0,0,0,0,0,0,0,0,0,0,0,0,0,0,0,0,61873,0,15,0,767,2146,0,0,0,0,77824
17,0,4,0,0,0,0,0,311686,0,0,0,0,46,0,0,0,0,0,0,0,0,0,0,0,0,0,0,0,0,0,0,0,0,0,1593,53,0,1,99,0,0,0,0,0
17,0,5,0,0,0,0,0,311686,0,0,0,0,64,0,0,0,0,0,0,0,0,0,0,0,0,0,0,0,0,0,0,0,0,0,0,25,28,0,93,0,0,0,0,0
17,0,6,0,0,0,0,0,311686,0,0,0,0,55,0,0,0,0,0,0,0,0,0,0,0,0,0,0,0,0,0,0,0,0,0,0,0,0,37,138,0,0,0,0,0
17,0,7,0,0,0,0,0,311686,0,0,0,0,49,0,0,0,0,0,0,0,0,0,0,0,0,0,0,0,0,0,0,0,0,0,156,0,0,0,94,0,0,0,0,0
17,0,8,0,0,0,0,0,311686,0,0,0,0,58,0,0,0,0,0,0,0,0,0,0,0,0,0,0,0,0,0,0,0,0,0,0,0,22,0,121,0,0,0,0,0
18,0,0,0,0,0,0,0,623309,0,0,4102,135168,116,0,0,0,0,0,8106,0,0,0,0,0,0,0,0,4102,4102,0,103107,0,89769,135168,0,2247,0,116,238,0,0,0,0,155664
18,0,1,0,0,0,0,0,311655,8106,0,0,0,3030,0,0,0,0,0,8106,0,0,0,0,0,0,0,0,0,279,0,0,0,53144,0,0,90,820,960,5507,0,0,67802,0,0
18,0,2,0,0,0,0,0,311654,0,0,0,0,1410,77824,0,0,0,0,0,0,0,0,0,0,0,0,0,0,0,0,0,0,0,61387,0,133,733,0,2652,0,0,3978,0,77824
18,0,3,0,0,0,0,0,311655,0,0,0,0,1355,77824,0,0,0,0,0,0,0,0,0,0,0,0,0,0,0,0,0,0,0,61845,0,11,0,786,2108,0,0,0,0,77824
18,0,4,0,0,0,0,0,311655,0,0,0,0,46,0,0,0,0,0,0,0,0,0,0,0,0,0,0,0,0,0,0,0,0,0,1578,53,0,1,99,0,0,0,0,0
18,0,5,0,0,0,0,0,311655,0,0,0,0,64,0,0,0,0,0,0,0,0,0,0,0,0,0,0,0,0,0,0,0,0,0,0,26,28,0,90,0,0,0,0,0
18,0,6,0,0,0,0,0,311655,0,0,0,0,52,0,0,0,0,0,0,0,0,0,0,0,0,0,0,0,0,0,0,0,0,0,0,0,0,40,139,0,0,0,0,0
18,0,7,0,0,0,0,0,311655,0,0,0,0,49,0,0,0,0,0,0,0,0,0,0,0,0,0,0,0,0,0,0,0,0,0,150,0,0,0,94,0,0,0,0,0
18,0,8,0,0,0,0,0,311655,0,0,0,0,55,0,0,0,0,0,0,0,0,0,0,0,0,0,0,0,0,0,0,0,0,0,0,0,25,0,117,0,0,0,0,0
19,0,0,0,0,0,0,0,680487,0,0,4112,270336,116,0,0,0,0,0,8136,0,0,0,0,0,0,0,0,4112,4112,0,105675,0,280536,270336,0,1225,0,116,238,0,0,0,0,370821
19,0,1,0,0,0,0,0,340244,8136,0,0,0,4287,0,0,0,0,0,8136,0,0,0,0,0,0,0,0,0,1734,0,49928,0,103345,0,0,220,245,160,6719,0,0,58726,0,0
19,0,2,0,0,0,0,0,340243,0,0,0,0,727,77824,0,0,0,0,0,0,0,0,0,0,0,0,0,0,0,0,53245,0,0,61439,0,1153,392,0,1754,0,0,8879,0,77820
19,0,3,0,0,0,0,0,340244,0,0,0,0,718,77824,0,0,0,0,0,0,0,0,0,0,0,0,0,0,0,0,0,0,0,62056,0,14,0,401,894,127044,0,0,0,68385
19,0,4,0,0,0,0,0,340244,0,0,0,0,718,77824,0,0,0,0,0,0,0,0,0,0,0,0,0,0,0,0,0,0,0,61247,1970,53,0,1,1670,0,0,66874,0,77816
19,0,5,0,0,0,0,0,340244,0,0,0,0,742,77824,0,0,0,0,0,0,0,0,0,0,0,0,0,0,0,0,0,0,0,61436,0,29,377,0,775,0,0,4851,0,75782
19,0,6,0,0,0,0,0,340244,0,0,0,0,52,0,0,0,0,0,0,0,0,0,0,0,0,0,0,0,0,0,0,0,0,0,0,0,0,40,136,0,0,0,0,0
19,0,7,0,0,0,0,0,340244,0,0,0,0,49,0,0,0,0,0,0,0,0,0,0,0,0,0,0,0,0,0,0,0,0,0,153,0,0,0,94,0,0,0,0,0
19,0,8,0,0,0,0,0,340244,0,0,0,0,58,0,0,0,0,0,0,0,0,0,0,0,0,0,0,0,0,0,0,0,0,0,0,0,22,0,119,0,0,0,0,0
20,0,0,0,0,0,0,0,680465,0,0,4112,270336,116,0,0,0,0,0,8133,0,0,0,0,0,0,0,0,4112,4112,0,106471,0,269959,270336,0,1225,0,116,238,0,0,0,0,363290
20,0,1,0,0,0,0,0,340233,8133,0,0,0,2860,0,0,0,0,0,8133,0,0,0,0,0,0,0,0,0,1545,0,51321,0,100595,0,0,601,595,856,5288,0,0,58948,0,0
20,0,2,0,0,0,0,0,340232,0,0,0,0,817,77824,0,0,0,0,0,0,0,0,0,0,0,0,0,0,0,0,49108,0,0,61369,0,647,302,0,1654,0,0,8671,0,75782
20,0,3,0,0,0,0,0,340233,0,0,0,0,814,77824,0,0,0,0,0,0,0,0,0,0,0,0,0,0,0,0,0,0,0,61435,0,14,0,305,1339,72863,0,0,0,69654
20,0,4,0,0,0,0,0,340233,0,0,0,0,816,77824,0,0,0,0,0,0,0,0,0,0,0,0,0,0,0,0,0,0,0,61626,2064,53,0,1,1387,0,0,90574,0,69165
20,0,5,0,0,0,0,0,340233,0,0,0,0,835,77824,0,0,0,0,0,0,0,0,0,0,0,0,0,0,0,0,0,0,0,59399,0,27,284,0,1376,0,0,103,0,77796
20,0,6,0,0,0,0,0,340233,0,0,0,0,52,0,0,0,0,0,0,0,0,0,0,0,0,0,0,0,0,0,0,0,0,0,0,0,0,40,136,0,0,0,0,0
20,0,7,0,0,0,0,0,340233,0,0,0,0,49,0,0,0,0,0,0,0,0,0,0,0,0,0,0,0,0,0,0,0,0,0,150,0,0,0,94,0,0,0,0,0
20,0,8,0,0,0,0,0,340233,0,0,0,0,55,0,0,0,0,0,0,0,0,0,0,0,0,0,0,0,0,0,0,0,0,0,0,0,25,0,118,0,0,0,0,0
21,0,0,0,0,0,0,0,680532,0,0,4112,270336,116,0,0,0,0,0,8133,0,0,0,0,0,0,0,0,4112,4112,0,106474,0,269651,270336,0,1225,0,116,238,0,0,0,0,363144
21,0,1,0,0,0,0,0,340266,8133,0,0,0,2858,0,0,0,0,0,8133,0,0,0,0,0,0,0,0,0,1547,0,51338,0,100469,0,0,603,596,855,5291,0,0,59123,0,0
21,0,2,0,0,0,0,0,340265,0,0,0,0,817,77824,0,0,0,0,0,0,0,0,0,0,0,0,0,0,0,0,49104,0,0,61310,0,903,302,0,1399,0,0,8580,0,75830
21,0,3,0,0,0,0,0,340266,0,0,0,0,813,77824,0,0,0,0,0,0,0,0,0,0,0,0,0,0,0,0,0,0,0,61435,0,12,0,306,1340,72730,0,0,0,69664
21,0,4,0,0,0,0,0,340266,0,0,0,0,814,77824,0,0,0,0,0,0,0,0,0,0,0,0,0,0,0,0,0,0,0,61628,2059,53,0,0,1383,0,0,90583,0,69143
21,0,5,0,0,0,0,0,340266,0,0,0,0,834,77824,0,0,0,0,0,0,0,0,0,0,0,0,0,0,0,0,0,0,0,59398,0,27,285,0,1120,0,0,20,0,77812
21,0,6,0,0,0,0,0,340266,0,0,0,0,55,0,0,0,0,0,0,0,0,0,0,0,0,0,0,0,0,0,0,0,0,0,0,0,0,37,141,0,0,0,0,0
21,0,7,0,0,0,0,0,340266,0,0,0,0,49,0,0,0,0,0,0,0,0,0,0,0,0,0,0,0,0,0,0,0,0,0,156,0,0,0,94,0,0,0,0,0
21,0,8,0,0,0,0,0,340266,0,0,0,0,58,0,0,0,0,0,0,0,0,0,0,0,0,0,0,0,0,0,0,0,0,0,0,0,22,0,121,0,0,0,0,0
22,0,0,0,0,0,0,0,980042,0,0,5850,405504,116,0,0,0,0,0,10755,0,0,0,0,0,0,0,0,5850,5850,0,199226,0,353139,405504,0,2138,0,116,238,0,0,0,0,687115
22,0,1,0,0,0,0,0,490021,10755,0,0,0,4467,0,0,0,0,0,10755,0,0,0,0,0,0,0,0,0,2913,0,100741,0,97751,0,0,794,691,700,7741,0,0,64967,0,0
22,0,2,0,0,0,0,0,490021,0,0,0,0,530,77824,0,0,0,0,0,0,0,0,0,0,0,0,0,0,0,0,51428,0,0,60851,0,822,285,0,1078,0,0,13056,0,71628
22,0,3,0,0,0,0,0,490021,0,0,0,0,630,77824,0,0,0,0,0,0,0,0,0,0,0,0,0,0,0,0,52651,0,0,61382,0,335,0,337,929,242357,0,0,0,69917
22,0,4,0,0,0,0,0,490021,0,0,0,0,759,77824,0,0,0,0,0,0,0,0,0,0,0,0,0,0,0,0,52468,0,0,61151,2969,746,0,1,1541,0,0,140895,0,69031
22,0,5,0,0,0,0,0,490021,0,0,0,0,784,77824,0,0,0,0,0,0,0,0,0,0,0,0,0,0,0,0,0,0,0,60554,0,31,368,0,1181,0,0,34819,0,70381
22,0,6,0,0,0,0,0,490021,0,0,0,0,775,77824,0,0,0,0,0,0,0,0,0,0,0,0,0,0,0,0,0,0,0,61996,0,0,0,380,1603,149244,0,0,0,68844
22,0,7,0,0,0,0,0,490021,0,0,0,0,758,77824,0,0,0,0,0,0,0,0,0,0,0,0,0,0,0,0,0,0,0,62185,1224,0,0,2,1175,0,0,35546,0,69934
22,0,8,0,0,0,0,0,490021,0,0,0,0,54,0,0,0,0,0,0,0,0,0,0,0,0,0,0,0,0,0,0,0,0,0,0,0,26,0,113,0,0,0,0,0
23,0,0,0,0,0,0,0,984667,0,0,5880,405504,116,0,0,0,0,0,10800,0,0,0,0,0,0,0,0,5880,5880,0,199051,0,352648,405504,0,2148,0,116,238,0,0,0,0,682952
23,0,1,0,0,0,0,0,492334,10800,0,0,0,4489,0,0,0,0,0,10800,0,0,0,0,0,0,0,0,0,2793,0,100345,0,97673,0,0,783,702,708,7781,0,0,65464,0,0
23,0,2,0,0,0,0,0,492334,0,0,0,0,536,77824,0,0,0,0,0,0,0,0,0,0,0,0,0,0,0,0,51561,0,0,60841,0,808,285,0,1100,0,0,12612,0,71836
23,0,3,0,0,0,0,0,492334,0,0,0,0,640,77824,0,0,0,0,0,0,0,0,0,0,0,0,0,0,0,0,52584,0,0,61351,0,349,0,331,937,241478,0,0,0,69837
23,0,4,0,0,0,0,0,492334,0,0,0,0,757,77824,0,0,0,0,0,0,0,0,0,0,0,0,0,0,0,0,52585,0,0,61168,2981,774,0,2,1532,0,0,140155,0,69431
23,0,5,0,0,0,0,0,492334,0,0,0,0,786,77824,0,0,0,0,0,0,0,0,0,0,0,0,0,0,0,0,0,0,0,60639,0,24,371,0,1206,0,0,35578,0,69915
23,0,6,0,0,0,0,0,492334,0,0,0,0,774,77824,0,0,0,0,0,0,0,0,0,0,0,0,0,0,0,0,0,0,0,61798,0,0,0,387,1594,145782,0,0,0,68925
23,0,7,0,0,0,0,0,492334,0,0,0,0,752,77824,0,0,0,0,0,0,0,0,0,0,0,0,0,0,0,0,0,0,0,62229,1240,0,0,1,1147,0,0,34702,0,70494
23,0,8,0,0,0,0,0,492334,0,0,0,0,58,0,0,0,0,0,0,0,0,0,0,0,0,0,0,0,0,0,0,0,0,0,0,0,22,0,125,0,0,0,0,0
24,0,0,0,0,0,0,0,972817,0,0,5820,405504,116,0,0,0,0,0,10710,0,0,0,0,0,0,0,0,5820,5820,0,199543,0,351445,405504,0,2130,0,116,238,0,0,0,0,682246
24,0,1,0,0,0,0,0,486408,10710,0,0,0,4431,0,0,0,0,0,10710,0,0,0,0,0,0,0,0,0,2701,0,100090,0,97781,0,0,755,739,697,7641,0,0,64968,0,0
24,0,2,0,0,0,0,0,486408,0,0,0,0,512,77824,0,0,0,0,0,0,0,0,0,0,0,0,0,0,0,0,51391,0,0,60833,0,801,301,0,1076,0,0,13293,0,71493
24,0,3,0,0,0,0,0,486408,0,0,0,0,627,77824,0,0,0,0,0,0,0,0,0,0,0,0,0,0,0,0,52592,0,0,61358,0,390,0,342,921,241498,0,0,0,69648
24,0,4,0,0,0,0,0,486408,0,0,0,0,766,77824,0,0,0,0,0,0,0,0,0,0,0,0,0,0,0,0,52580,0,0,61090,2987,768,0,2,1551,0,0,137863,0,69508
24,0,5,0,0,0,0,0,486408,0,0,0,0,797,77824,0,0,0,0,0,0,0,0,0,0,0,0,0,0,0,0,0,0,0,60595,0,25,349,0,1214,0,0,36440,0,70208
24,0,6,0,0,0,0,0,486408,0,0,0,0,751,77824,0,0,0,0,0,0,0,0,0,0,0,0,0,0,0,0,0,0,0,61815,0,0,0,394,1514,141003,0,0,0,68973
24,0,7,0,0,0,0,0,486408,0,0,0,0,767,77824,0,0,0,0,0,0,0,0,0,0,0,0,0,0,0,0,0,0,0,62062,1184,0,0,0,1152,0,0,32343,0,70631
24,0,8,0,0,0,0,0,486408,0,0,0,0,55,0,0,0,0,0,0,0,0,0,0,0,0,0,0,0,0,0,0,0,0,0,0,0,25,0,122,0,0,0,0,0
25,0,0,0,0,0,0,0,384151,0,0,2050,66048,116,0,0,0,0,0,5022,0,0,0,0,0,0,0,0,2050,2050,0,0,0,120229,66048,0,196,0,116,238,0,0,0,0,68608
25,0,1,0,0,0,0,0,192076,5022,0,0,0,1809,0,0,0,0,0,5022,0,0,0,0,0,0,0,0,0,491,0,0,0,62294,0,0,91,87,860,3462,0,0,68608,0,0
25,0,2,0,0,0,0,0,192076,0,0,0,0,1323,68608,0,0,0,0,0,0,0,0,0,0,0,0,0,0,0,0,0,0,0,64079,0,132,818,0,2664,0,0,0,0,68608
25,0,3,0,0,0,0,0,192076,0,0,0,0,49,0,0,0,0,0,0,0,0,0,0,0,0,0,0,0,0,0,0,0,0,0,0,11,0,43,68,0,0,0,0,0
25,0,4,0,0,0,0,0,192076,0,0,0,0,49,0,0,0,0,0,0,0,0,0,0,0,0,0,0,0,0,0,0,0,0,0,267,53,0,0,101,0,0,0,0,0
25,0,5,0,0,0,0,0,192076,0,0,0,0,64,0,0,0,0,0,0,0,0,0,0,0,0,0,0,0,0,0,0,0,0,0,0,29,28,0,88,0,0,0,0,0
25,0,6,0,0,0,0,0,192076,0,0,0,0,55,0,0,0,0,0,0,0,0,0,0,0,0,0,0,0,0,0,0,0,0,0,0,0,0,37,142,0,0,0,0,0
25,0,7,0,0,0,0,0,192076,0,0,0,0,49,0,0,0,0,0,0,0,0,0,0,0,0,0,0,0,0,0,0,0,0,0,153,0,0,0,94,0,0,0,0,0
25,0,8,0,0,0,0,0,192076,0,0,0,0,55,0,0,0,0,0,0,0,0,0,0,0,0,0,0,0,0,0,0,0,0,0,0,0,25,0,113,0,0,0,0,0
26,0,0,0,0,0,0,0,384162,0,0,2050,66048,116,0,0,0,0,0,5025,0,0,0,0,0,0,0,0,2050,2050,0,0,0,120231,66048,0,196,0,116,238,0,0,0,0,68608
26,0,1,0,0,0,0,0,192081,5025,0,0,0,1802,0,0,0,0,0,5025,0,0,0,0,0,0,0,0,0,493,0,0,0,62299,0,0,91,87,867,3451,0,0,68608,0,0
26,0,2,0,0,0,0,0,192081,0,0,0,0,1319,68608,0,0,0,0,0,0,0,0,0,0,0,0,0,0,0,0,0,0,0,64076,0,132,822,0,2653,0,0,0,0,68608
26,0,3,0,0,0,0,0,192081,0,0,0,0,49,0,0,0,0,0,0,0,0,0,0,0,0,0,0,0,0,0,0,0,0,0,0,11,0,43,68,0,0,0,0,0
26,0,4,0,0,0,0,0,192081,0,0,0,0,49,0,0,0,0,0,0,0,0,0,0,0,0,0,0,0,0,0,0,0,0,0,267,53,0,0,101,0,0,0,0,0
26,0,5,0,0,0,0,0,192081,0,0,0,0,64,0,0,0,0,0,0,0,0,0,0,0,0,0,0,0,0,0,0,0,0,0,0,29,28,0,88,0,0,0,0,0
26,0,6,0,0,0,0,0,192081,0,0,0,0,55,0,0,0,0,0,0,0,0,0,0,0,0,0,0,0,0,0,0,0,0,0,0,0,0,37,142,0,0,0,0,0
26,0,7,0,0,0,0,0,192081,0,0,0,0,49,0,0,0,0,0,0,0,0,0,0,0,0,0,0,0,0,0,0,0,0,0,153,0,0,0,94,0,0,0,0,0
26,0,8,0,0,0,0,0,192081,0,0,0,0,55,0,0,0,0,0,0,0,0,0,0,0,0,0,0,0,0,0,0,0,0,0,0,0,25,0,113,0,0,0,0,0
27,0,0,0,0,0,0,0,384263,0,0,2050,66048,116,0,0,0,0,0,5025,0,0,0,0,0,0,0,0,2050,2050,0,0,0,120213,66048,0,196,0,116,238,0,0,0,0,68608
27,0,1,0,0,0,0,0,192131,5025,0,0,0,1809,0,0,0,0,0,5025,0,0,0,0,0,0,0,0,0,491,0,0,0,62289,0,0,90,86,862,3469,0,0,68608,0,0
27,0,2,0,0,0,0,0,192131,0,0,0,0,1327,68608,0,0,0,0,0,0,0,0,0,0,0,0,0,0,0,0,0,0,0,64079,0,131,814,0,2667,0,0,0,0,68608
27,0,3,0,0,0,0,0,192131,0,0,0,0,46,0,0,0,0,0,0,0,0,0,0,0,0,0,0,0,0,0,0,0,0,0,0,18,0,46,59,0,0,0,0,0
27,0,4,0,0,0,0,0,192131,0,0,0,0,46,0,0,0,0,0,0,0,0,0,0,0,0,0,0,0,0,0,0,0,0,0,264,53,0,0,99,0,0,0,0,0
27,0,5,0,0,0,0,0,192131,0,0,0,0,64,0,0,0,0,0,0,0,0,0,0,0,0,0,0,0,0,0,0,0,0,0,0,24,28,0,94,0,0,0,0,0
27,0,6,0,0,0,0,0,192131,0,0,0,0,55,0,0,0,0,0,0,0,0,0,0,0,0,0,0,0,0,0,0,0,0,0,0,0,0,37,135,0,0,0,0,0
27,0,7,0,0,0,0,0,192131,0,0,0,0,49,0,0,0,0,0,0,0,0,0,0,0,0,0,0,0,0,0,0,0,0,0,156,0,0,0,94,0,0,0,0,0
27,0,8,0,0,0,0,0,192131,0,0,0,0,58,0,0,0,0,0,0,0,0,0,0,0,0,0,0,0,0,0,0,0,0,0,0,0,22,0,121,0,0,0,0,0
28,0,0,0,0,0,0,0,554364,0,0,2054,132096,116,0,0,0,0,0,5034,0,0,0,0,0,0,0,0,2054,2054,0,124209,0,120831,132096,0,1225,0,116,238,0,0,0,0,194560
28,0,1,0,0,0,0,0,277182,5034,0,0,0,2003,0,0,0,0,0,5034,0,0,0,0,0,0,0,0,0,554,0,0,0,62464,0,0,90,345,414,3411,0,0,64007,0,0
28,0,2,0,0,0,0,0,277182,0,0,0,0,697,68608,0,0,0,0,0,0,0,0,0,0,0,0,0,0,0,0,0,0,0,64511,0,131,420,0,1461,0,0,3066,0,66564
28,0,3,0,0,0,0,0,277182,0,0,0,0,695,68608,0,0,0,0,0,0,0,0,0,0,0,0,0,0,0,0,0,0,0,64570,0,19,0,424,965,3781,0,0,0,66564
28,0,4,0,0,0,0,0,277182,0,0,0,0,46,0,0,0,0,0,0,0,0,0,0,0,0,0,0,0,0,0,0,0,0,0,912,53,0,1,99,0,0,0,0,0
28,0,5,0,0,0,0,0,277182,0,0,0,0,64,0,0,0,0,0,0,0,0,0,0,0,0,0,0,0,0,0,0,0,0,0,0,23,28,0,95,0,0,0,0,0
28,0,6,0,0,0,0,0,277182,0,0,0,0,55,0,0,0,0,0,0,0,0,0,0,0,0,0,0,0,0,0,0,0,0,0,0,0,0,37,134,0,0,0,0,0
28,0,7,0,0,0,0,0,277182,0,0,0,0,49,0,0,0,0,0,0,0,0,0,0,0,0,0,0,0,0,0,0,0,0,0,156,0,0,0,94,0,0,0,0,0
28,0,8,0,0,0,0,0,277182,0,0,0,0,58,0,0,0,0,0,0,0,0,0,0,0,0,0,0,0,0,0,0,0,0,0,0,0,22,0,123,0,0,0,0,0
29,0,0,0,0,0,0,0,554211,0,0,2054,132096,116,0,0,0,0,0,5037,0,0,0,0,0,0,0,0,2054,2054,0,124242,0,120831,132096,0,1225,0,116,238,0,0,0,0,194504
29,0,1,0,0,0,0,0,277106,5037,0,0,0,1972,0,0,0,0,0,5037,0,0,0,0,0,0,0,0,0,540,0,0,0,62464,0,0,90,363,427,3401,0,0,63998,0,0
29,0,2,0,0,0,0,0,277106,0,0,0,0,729,68608,0,0,0,0,0,0,0,0,0,0,0,0,0,0,0,0,0,0,0,64511,0,131,388,0,1480,0,0,3066,0,66564
29,0,3,0,0,0,0,0,277106,0,0,0,0,706,68608,0,0,0,0,0,0,0,0,0,0,0,0,0,0,0,0,0,0,0,64579,0,18,0,413,996,3781,0,0,0,66564
29,0,4,0,0,0,0,0,277106,0,0,0,0,46,0,0,0,0,0,0,0,0,0,0,0,0,0,0,0,0,0,0,0,0,0,923,53,0,1,99,0,0,0,0,0
29,0,5,0,0,0,0,0,277106,0,0,0,0,61,0,0,0,0,0,0,0,0,0,0,0,0,0,0,0,0,0,0,0,0,0,0,24,31,0,91,0,0,0,0,0
29,0,6,0,0,0,0,0,277106,0,0,0,0,55,0,0,0,0,0,0,0,0,0,0,0,0,0,0,0,0,0,0,0,0,0,0,0,0,37,135,0,0,0,0,0
29,0,7,0,0,0,0,0,277106,0,0,0,0,49,0,0,0,0,0,0,0,0,0,0,0,0,0,0,0,0,0,0,0,0,0,153,0,0,0,94,0,0,0,0,0
29,0,8,0,0,0,0,0,277106,0,0,0,0,55,0,0,0,0,0,0,0,0,0,0,0,0,0,0,0,0,0,0,0,0,0,0,0,25,0,119,0,0,0,0,0
30,0,0,0,0,0,0,0,554198,0,0,2054,132096,116,0,0,0,0,0,5034,0,0,0,0,0,0,0,0,2054,2054,0,124255,0,120831,132096,0,1225,0,116,238,0,0,0,0,194570
30,0,1,0,0,0,0,0,277099,5034,0,0,0,1987,0,0,0,0,0,5034,0,0,0,0,0,0,0,0,0,547,0,0,0,62464,0,0,91,340,434,3399,0,0,63997,0,0
30,0,2,0,0,0,0,0,277099,0,0,0,0,707,68608,0,0,0,0,0,0,0,0,0,0,0,0,0,0,0,0,0,0,0,64511,0,129,410,0,1453,0,0,3066,0,66564
30,0,3,0,0,0,0,0,277099,0,0,0,0,701,68608,0,0,0,0,0,0,0,0,0,0,0,0,0,0,0,0,0,0,0,64578,0,9,0,418,976,3777,0,0,0,66564
30,0,4,0,0,0,0,0,277099,0,0,0,0,49,0,0,0,0,0,0,0,0,0,0,0,0,0,0,0,0,0,0,0,0,0,918,53,0,1,101,0,0,0,0,0
30,0,5,0,0,0,0,0,277099,0,0,0,0,62,0,0,0,0,0,0,0,0,0,0,0,0,0,0,0,0,0,0,0,0,0,0,31,30,0,87,0,0,0,0,0
30,0,6,0,0,0,0,0,277099,0,0,0,0,55,0,0,0,0,0,0,0,0,0,0,0,0,0,0,0,0,0,0,0,0,0,0,0,0,37,144,0,0,0,0,0
30,0,7,0,0,0,0,0,277099,0,0,0,0,49,0,0,0,0,0,0,0,0,0,0,0,0,0,0,0,0,0,0,0,0,0,151,0,0,0,94,0,0,0,0,0
30,0,8,0,0,0,0,0,277099,0,0,0,0,53,0,0,0,0,0,0,0,0,0,0,0,0,0,0,0,0,0,0,0,0,0,0,0,27,0,110,0,0,0,0,0
31,0,0,0,0,0,0,0,895171,0,0,3076,264192,116,0,0,0,0,0,6582,0,0,0,0,0,0,0,0,3076,3076,0,124521,0,360960,264192,0,891,0,116,238,0,0,0,0,506223
31,0,1,0,0,0,0,0,447586,6582,0,0,0,2457,0,0,0,0,0,6582,0,0,0,0,0,0,0,0,0,1898,0,61902,0,122673,0,0,438,354,627,4347,0,0,63426,0,0
31,0,2,0,0,0,0,0,447586,0,0,0,0,406,68608,0,0,0,0,0,0,0,0,0,0,0,0,0,0,0,0,62320,0,0,64296,0,709,209,0,806,0,0,3531,0,66417
31,0,3,0,0,0,0,0,447586,0,0,0,0,511,68608,0,0,0,0,0,0,0,0,0,0,0,0,0,0,0,0,0,0,0,64535,0,14,0,274,795,121161,0,0,0,65906
31,0,4,0,0,0,0,0,447586,0,0,0,0,662,68608,0,0,0,0,0,0,0,0,0,0,0,0,0,0,0,0,0,0,0,64428,1659,53,0,2,1298,0,0,119944,0,65658
31,0,5,0,0,0,0,0,447586,0,0,0,0,681,68608,0,0,0,0,0,0,0,0,0,0,0,0,0,0,0,0,0,0,0,64491,0,26,338,0,1060,0,0,25131,0,64952
31,0,6,0,0,0,0,0,447586,0,0,0,0,52,0,0,0,0,0,0,0,0,0,0,0,0,0,0,0,0,0,0,0,0,0,0,0,0,40,136,0,0,0,0,0
31,0,7,0,0,0,0,0,447586,0,0,0,0,49,0,0,0,0,0,0,0,0,0,0,0,0,0,0,0,0,0,0,0,0,0,153,0,0,0,94,0,0,0,0,0
31,0,8,0,0,0,0,0,447586,0,0,0,0,58,0,0,0,0,0,0,0,0,0,0,0,0,0,0,0,0,0,0,0,0,0,0,0,22,0,122,0,0,0,0,0
32,0,0,0,0,0,0,0,852344,0,0,2954,264192,116,0,0,0,0,0,6396,0,0,0,0,0,0,0,0,2954,2954,0,124381,0,361657,264192,0,891,0,116,238,0,0,0,0,500242
32,0,1,0,0,0,0,0,426172,6396,0,0,0,2569,0,0,0,0,0,6396,0,0,0,0,0,0,0,0,0,974,0,62393,0,122512,0,0,358,291,536,4417,0,0,62151,0,0
32,0,2,0,0,0,0,0,426172,0,0,0,0,416,68608,0,0,0,0,0,0,0,0,0,0,0,0,0,0,0,0,61684,0,0,64456,0,720,201,0,838,0,0,4460,0,65945
32,0,3,0,0,0,0,0,426172,0,0,0,0,506,68608,0,0,0,0,0,0,0,0,0,0,0,0,0,0,0,0,0,0,0,64398,0,16,0,279,726,117074,0,0,0,65544
32,0,4,0,0,0,0,0,426172,0,0,0,0,655,68608,0,0,0,0,0,0,0,0,0,0,0,0,0,0,0,0,0,0,0,64518,1587,53,0,0,1307,0,0,110870,0,64909
32,0,5,0,0,0,0,0,426172,0,0,0,0,669,68608,0,0,0,0,0,0,0,0,0,0,0,0,0,0,0,0,0,0,0,64114,0,25,290,0,980,0,0,13185,0,65647
32,0,6,0,0,0,0,0,426172,0,0,0,0,55,0,0,0,0,0,0,0,0,0,0,0,0,0,0,0,0,0,0,0,0,0,0,0,0,37,137,0,0,0,0,0
32,0,7,0,0,0,0,0,426172,0,0,0,0,49,0,0,0,0,0,0,0,0,0,0,0,0,0,0,0,0,0,0,0,0,0,153,0,0,0,94,0,0,0,0,0
32,0,8,0,0,0,0,0,426172,0,0,0,0,55,0,0,0,0,0,0,0,0,0,0,0,0,0,0,0,0,0,0,0,0,0,0,0,25,0,120,0,0,0,0,0
33,0,0,0,0,0,0,0,889138,0,0,3068,264192,116,0,0,0,0,0,6567,0,0,0,0,0,0,0,0,3068,3068,0,124500,0,361091,264192,0,893,0,116,238,0,0,0,0,505638
33,0,1,0,0,0,0,0,444569,6567,0,0,0,2492,0,0,0,0,0,6567,0,0,0,0,0,0,0,0,0,1859,0,61918,0,122680,0,0,415,344,617,4376,0,0,63304,0,0
33,0,2,0,0,0,0,0,444569,0,0,0,0,397,68608,0,0,0,0,0,0,0,0,0,0,0,0,0,0,0,0,62330,0,0,64312,0,721,220,0,791,0,0,3608,0,66377
33,0,3,0,0,0,0,0,444569,0,0,0,0,511,68608,0,0,0,0,0,0,0,0,0,0,0,0,0,0,0,0,0,0,0,64530,0,11,0,276,787,121272,0,0,0,65783
33,0,4,0,0,0,0,0,444569,0,0,0,0,654,68608,0,0,0,0,0,0,0,0,0,0,0,0,0,0,0,0,0,0,0,64442,1646,53,0,1,1307,0,0,118585,0,65704
33,0,5,0,0,0,0,0,444569,0,0,0,0,659,68608,0,0,0,0,0,0,0,0,0,0,0,0,0,0,0,0,0,0,0,64490,0,29,354,0,1018,0,0,26062,0,64933
33,0,6,0,0,0,0,0,444569,0,0,0,0,55,0,0,0,0,0,0,0,0,0,0,0,0,0,0,0,0,0,0,0,0,0,0,0,0,37,142,0,0,0,0,0
33,0,7,0,0,0,0,0,444569,0,0,0,0,49,0,0,0,0,0,0,0,0,0,0,0,0,0,0,0,0,0,0,0,0,0,147,0,0,0,94,0,0,0,0,0
33,0,8,0,0,0,0,0,444569,0,0,0,0,49,0,0,0,0,0,0,0,0,0,0,0,0,0,0,0,0,0,0,0,0,0,0,0,31,0,110,0,0,0,0,0
34,0,0,0,0,0,0,0,1356086,0,0,4604,396288,116,0,0,0,0,0,8886,0,0,0,0,0,0,0,0,4604,4604,0,246600,0,478128,396288,0,1722,0,116,238,0,0,0,0,887193
34,0,1,0,0,0,0,0,678043,8886,0,0,0,3500,0,0,0,0,0,8886,0,0,0,0,0,0,0,0,0,2337,0,123433,0,122108,0,0,692,632,582,6098,0,0,109168,0,0
34,0,2,0,0,0,0,0,678043,0,0,0,0,322,68608,0,0,0,0,0,0,0,0,0,0,0,0,0,0,0,0,62054,0,0,64361,0,657,179,0,667,0,0,52824,0,65670
34,0,3,0,0,0,0,0,678043,0,0,0,0,483,68608,0,0,0,0,0,0,0,0,0,0,0,0,0,0,0,0,62402,0,0,64470,0,357,0,242,702,198495,0,0,0,65802
34,0,4,0,0,0,0,0,678043,0,0,0,0,657,68608,0,0,0,0,0,0,0,0,0,0,0,0,0,0,0,0,62343,0,0,64437,2505,610,0,1,1333,0,0,256523,0,64771
34,0,5,0,0,0,0,0,678043,0,0,0,0,670,68608,0,0,0,0,0,0,0,0,0,0,0,0,0,0,0,0,0,0,0,64308,0,27,311,0,1063,0,0,68940,0,64405
34,0,6,0,0,0,0,0,678043,0,0,0,0,623,68608,0,0,0,0,0,0,0,0,0,0,0,0,0,0,0,0,0,0,0,64690,0,0,0,358,1255,207956,0,0,0,65981
34,0,7,0,0,0,0,0,678043,0,0,0,0,650,68608,0,0,0,0,0,0,0,0,0,0,0,0,0,0,0,0,0,0,0,64737,1010,0,0,2,1029,0,0,86684,0,64235
34,0,8,0,0,0,0,0,678043,0,0,0,0,58,0,0,0,0,0,0,0,0,0,0,0,0,0,0,0,0,0,0,0,0,0,0,0,22,0,121,0,0,0,0,0
35,0,0,0,0,0,0,0,1366276,0,0,4562,396288,116,0,0,0,0,0,8823,0,0,0,0,0,0,0,0,4562,4562,0,245425,0,482427,396288,0,1704,0,116,238,0,0,0,0,903140
35,0,1,0,0,0,0,0,683138,8823,0,0,0,3573,0,0,0,0,0,8823,0,0,0,0,0,0,0,0,0,1958,0,124359,0,122216,0,0,703,596,492,6150,0,0,129426,0,0
35,0,2,0,0,0,0,0,683138,0,0,0,0,311,68608,0,0,0,0,0,0,0,0,0,0,0,0,0,0,0,0,62265,0,0,64354,0,729,183,0,663,0,0,71986,0,65780
35,0,3,0,0,0,0,0,683138,0,0,0,0,456,68608,0,0,0,0,0,0,0,0,0,0,0,0,0,0,0,0,62158,0,0,64496,0,290,0,257,705,200070,0,0,0,65661
35,0,4,0,0,0,0,0,683138,0,0,0,0,635,68608,0,0,0,0,0,0,0,0,0,0,0,0,0,0,0,0,62398,0,0,64460,2480,618,0,2,1280,0,0,210624,0,64339
35,0,5,0,0,0,0,0,683138,0,0,0,0,671,68608,0,0,0,0,0,0,0,0,0,0,0,0,0,0,0,0,0,0,0,64393,0,29,303,0,984,0,0,25782,0,65642
35,0,6,0,0,0,0,0,683138,0,0,0,0,635,68608,0,0,0,0,0,0,0,0,0,0,0,0,0,0,0,0,0,0,0,64533,0,0,0,340,1328,259264,0,0,0,64925
35,0,7,0,0,0,0,0,683138,0,0,0,0,645,68608,0,0,0,0,0,0,0,0,0,0,0,0,0,0,0,0,0,0,0,64800,1013,0,0,1,1010,0,0,77159,0,64308
35,0,8,0,0,0,0,0,683138,0,0,0,0,49,0,0,0,0,0,0,0,0,0,0,0,0,0,0,0,0,0,0,0,0,0,0,0,31,0,111,0,0,0,0,0
36,0,0,0,0,0,0,0,1351142,0,0,4590,396288,116,0,0,0,0,0,8865,0,0,0,0,0,0,0,0,4590,4590,0,246253,0,480147,396288,0,1716,0,116,238,0,0,0,0,887710
36,0,1,0,0,0,0,0,675571,8865,0,0,0,3515,0,0,0,0,0,8865,0,0,0,0,0,0,0,0,0,2081,0,123721,0,122236,0,0,712,601,564,6157,0,0,112132,0,0
36,0,2,0,0,0,0,0,675571,0,0,0,0,312,68608,0,0,0,0,0,0,0,0,0,0,0,0,0,0,0,0,62202,0,0,64361,0,675,189,0,655,0,0,55707,0,65653
36,0,3,0,0,0,0,0,675571,0,0,0,0,474,68608,0,0,0,0,0,0,0,0,0,0,0,0,0,0,0,0,62216,0,0,64454,0,323,0,249,697,199125,0,0,0,65785
36,0,4,0,0,0,0,0,675571,0,0,0,0,640,68608,0,0,0,0,0,0,0,0,0,0,0,0,0,0,0,0,62329,0,0,64391,2437,624,0,0,1276,0,0,243563,0,64909
36,0,5,0,0,0,0,0,675571,0,0,0,0,652,68608,0,0,0,0,0,0,0,0,0,0,0,0,0,0,0,0,0,0,0,64432,0,27,326,0,1027,0,0,73699,0,64345
36,0,6,0,0,0,0,0,675571,0,0,0,0,652,68608,0,0,0,0,0,0,0,0,0,0,0,0,0,0,0,0,0,0,0,64592,0,0,0,325,1314,216460,0,0,0,65975
36,0,7,0,0,0,0,0,675571,0,0,0,0,625,68608,0,0,0,0,0,0,0,0,0,0,0,0,0,0,0,0,0,0,0,64930,1060,0,0,1,986,0,0,92952,0,64104
36,0,8,0,0,0,0,0,675571,0,0,0,0,57,0,0,0,0,0,0,0,0,0,0,0,0,0,0,0,0,0,0,0,0,0,0,0,23,0,121,0,0,0,0,0
37,0,0,0,0,0,0,0,351387,0,0,1026,65792,116,0,0,0,0,0,3486,0,0,0,0,0,0,0,0,1026,1026,0,0,0,125576,65792,0,196,0,116,238,0,0,0,0,67072
37,0,1,0,0,0,0,0,175694,3486,0,0,0,1277,0,0,0,0,0,3486,0,0,0,0,0,0,0,0,0,240,0,0,0,63902,0,0,90,85,371,2405,0,0,67072,0,0
37,0,2,0,0,0,0,0,175693,0,0,0,0,794,67072,0,0,0,0,0,0,0,0,0,0,0,0,0,0,0,0,0,0,0,64805,0,129,322,0,1604,0,0,0,0,67072
37,0,3,0,0,0,0,0,175694,0,0,0,0,46,0,0,0,0,0,0,0,0,0,0,0,0,0,0,0,0,0,0,0,0,0,0,17,0,46,59,0,0,0,0,0
37,0,4,0,0,0,0,0,175694,0,0,0,0,46,0,0,0,0,0,0,0,0,0,0,0,0,0,0,0,0,0,0,0,0,0,264,53,0,0,99,0,0,0,0,0
37,0,5,0,0,0,0,0,175694,0,0,0,0,63,0,0,0,0,0,0,0,0,0,0,0,0,0,0,0,0,0,0,0,0,0,0,25,29,0,94,0,0,0,0,0
37,0,6,0,0,0,0,0,175694,0,0,0,0,55,0,0,0,0,0,0,0,0,0,0,0,0,0,0,0,0,0,0,0,0,0,0,0,0,37,136,0,0,0,0,0
37,0,7,0,0,0,0,0,175694,0,0,0,0,49,0,0,0,0,0,0,0,0,0,0,0,0,0,0,0,0,0,0,0,0,0,155,0,0,0,94,0,0,0,0,0
37,0,8,0,0,0,0,0,175694,0,0,0,0,57,0,0,0,0,0,0,0,0,0,0,0,0,0,0,0,0,0,0,0,0,0,0,0,23,0,119,0,0,0,0,0
38,0,0,0,0,0,0,0,351351,0,0,1026,65792,116,0,0,0,0,0,3489,0,0,0,0,0,0,0,0,1026,1026,0,0,0,125527,65792,0,196,0,116,238,0,0,0,0,67072
38,0,1,0,0,0,0,0,175676,3489,0,0,0,1295,0,0,0,0,0,3489,0,0,0,0,0,0,0,0,0,237,0,0,0,63887,0,0,90,87,351,2439,0,0,67072,0,0
38,0,2,0,0,0,0,0,175676,0,0,0,0,810,67072,0,0,0,0,0,0,0,0,0,0,0,0,0,0,0,0,0,0,0,64796,0,132,306,0,1637,0,0,0,0,67072
38,0,3,0,0,0,0,0,175676,0,0,0,0,46,0,0,0,0,0,0,0,0,0,0,0,0,0,0,0,0,0,0,0,0,0,0,19,0,46,58,0,0,0,0,0
38,0,4,0,0,0,0,0,175676,0,0,0,0,46,0,0,0,0,0,0,0,0,0,0,0,0,0,0,0,0,0,0,0,0,0,264,53,0,0,99,0,0,0,0,0
38,0,5,0,0,0,0,0,175676,0,0,0,0,64,0,0,0,0,0,0,0,0,0,0,0,0,0,0,0,0,0,0,0,0,0,0,22,28,0,95,0,0,0,0,0
38,0,6,0,0,0,0,0,175676,0,0,0,0,55,0,0,0,0,0,0,0,0,0,0,0,0,0,0,0,0,0,0,0,0,0,0,0,0,37,134,0,0,0,0,0
38,0,7,0,0,0,0,0,175676,0,0,0,0,49,0,0,0,0,0,0,0,0,0,0,0,0,0,0,0,0,0,0,0,0,0,156,0,0,0,94,0,0,0,0,0
38,0,8,0,0,0,0,0,175676,0,0,0,0,58,0,0,0,0,0,0,0,0,0,0,0,0,0,0,0,0,0,0,0,0,0,0,0,22,0,123,0,0,0,0,0
39,0,0,0,0,0,0,0,351290,0,0,1026,65792,116,0,0,0,0,0,3489,0,0,0,0,0,0,0,0,1026,1026,0,0,0,125558,65792,0,196,0,116,238,0,0,0,0,67072
39,0,1,0,0,0,0,0,175645,3489,0,0,0,1296,0,0,0,0,0,3489,0,0,0,0,0,0,0,0,0,243,0,0,0,63903,0,0,90,85,352,2441,0,0,67072,0,0
39,0,2,0,0,0,0,0,175645,0,0,0,0,811,67072,0,0,0,0,0,0,0,0,0,0,0,0,0,0,0,0,0,0,0,64798,0,131,305,0,1638,0,0,0,0,67072
39,0,3,0,0,0,0,0,175645,0,0,0,0,46,0,0,0,0,0,0,0,0,0,0,0,0,0,0,0,0,0,0,0,0,0,0,16,0,46,60,0,0,0,0,0
39,0,4,0,0,0,0,0,175645,0,0,0,0,46,0,0,0,0,0,0,0,0,0,0,0,0,0,0,0,0,0,0,0,0,0,264,53,0,0,99,0,0,0,0,0
39,0,5,0,0,0,0,0,175645,0,0,0,0,61,0,0,0,0,0,0,0,0,0,0,0,0,0,0,0,0,0,0,0,0,0,0,24,31,0,91,0,0,0,0,0
39,0,6,0,0,0,0,0,175645,0,0,0,0,55,0,0,0,0,0,0,0,0,0,0,0,0,0,0,0,0,0,0,0,0,0,0,0,0,37,137,0,0,0,0,0
39,0,7,0,0,0,0,0,175645,0,0,0,0,49,0,0,0,0,0,0,0,0,0,0,0,0,0,0,0,0,0,0,0,0,0,153,0,0,0,94,0,0,0,0,0
39,0,8,0,0,0,0,0,175645,0,0,0,0,55,0,0,0,0,0,0,0,0,0,0,0,0,0,0,0,0,0,0,0,0,0,0,0,25,0,118,0,0,0,0,0
40,0,0,0,0,0,0,0,566126,0,0,1540,131584,116,0,0,0,0,0,4263,0,0,0,0,0,0,0,0,1540,1540,0,127610,0,125951,131584,0,967,0,116,238,0,0,0,0,234005
40,0,1,0,0,0,0,0,283063,4263,0,0,0,1521,0,0,0,0,0,4263,0,0,0,0,0,0,0,0,0,526,0,0,0,64000,0,0,91,328,398,2698,0,0,63349,0,0
40,0,2,0,0,0,0,0,283062,0,0,0,0,517,67072,0,0,0,0,0,0,0,0,0,0,0,0,0,0,0,0,0,0,0,65023,0,134,344,0,1038,0,0,2143,0,66004
40,0,3,0,0,0,0,0,283063,0,0,0,0,488,67072,0,0,0,0,0,0,0,0,0,0,0,0,0,0,0,0,0,0,0,65067,0,8,0,373,751,1993,0,0,0,66017
40,0,4,0,0,0,0,0,283063,0,0,0,0,49,0,0,0,0,0,0,0,0,0,0,0,0,0,0,0,0,0,0,0,0,0,705,53,0,1,101,0,0,0,0,0
40,0,5,0,0,0,0,0,283063,0,0,0,0,61,0,0,0,0,0,0,0,0,0,0,0,0,0,0,0,0,0,0,0,0,0,0,29,31,0,83,0,0,0,0,0
40,0,6,0,0,0,0,0,283063,0,0,0,0,55,0,0,0,0,0,0,0,0,0,0,0,0,0,0,0,0,0,0,0,0,0,0,0,0,37,145,0,0,0,0,0
40,0,7,0,0,0,0,0,283063,0,0,0,0,49,0,0,0,0,0,0,0,0,0,0,0,0,0,0,0,0,0,0,0,0,0,150,0,0,0,94,0,0,0,0,0
40,0,8,0,0,0,0,0,283063,0,0,0,0,52,0,0,0,0,0,0,0,0,0,0,0,0,0,0,0,0,0,0,0,0,0,0,0,28,0,111,0,0,0,0,0
41,0,0,0,0,0,0,0,566267,0,0,1540,131584,116,0,0,0,0,0,4266,0,0,0,0,0,0,0,0,1540,1540,0,127584,0,125951,131584,0,967,0,116,238,0,0,0,0,233969
41,0,1,0,0,0,0,0,283134,4266,0,0,0,1537,0,0,0,0,0,4266,0,0,0,0,0,0,0,0,0,515,0,0,0,64000,0,0,90,309,402,2719,0,0,63347,0,0
41,0,2,0,0,0,0,0,283134,0,0,0,0,524,67072,0,0,0,0,0,0,0,0,0,0,0,0,0,0,0,0,0,0,0,65023,0,133,337,0,1042,0,0,2150,0,65999
41,0,3,0,0,0,0,0,283134,0,0,0,0,490,67072,0,0,0,0,0,0,0,0,0,0,0,0,0,0,0,0,0,0,0,65049,0,15,0,371,728,1974,0,0,0,66018
41,0,4,0,0,0,0,0,283134,0,0,0,0,46,0,0,0,0,0,0,0,0,0,0,0,0,0,0,0,0,0,0,0,0,0,707,53,0,1,99,0,0,0,0,0
41,0,5,0,0,0,0,0,283134,0,0,0,0,61,0,0,0,0,0,0,0,0,0,0,0,0,0,0,0,0,0,0,0,0,0,0,24,31,0,89,0,0,0,0,0
41,0,6,0,0,0,0,0,283134,0,0,0,0,55,0,0,0,0,0,0,0,0,0,0,0,0,0,0,0,0,0,0,0,0,0,0,0,0,37,138,0,0,0,0,0
41,0,7,0,0,0,0,0,283134,0,0,0,0,49,0,0,0,0,0,0,0,0,0,0,0,0,0,0,0,0,0,0,0,0,0,153,0,0,0,94,0,0,0,0,0
41,0,8,0,0,0,0,0,283134,0,0,0,0,55,0,0,0,0,0,0,0,0,0,0,0,0,0,0,0,0,0,0,0,0,0,0,0,25,0,119,0,0,0,0,0
42,0,0,0,0,0,0,0,566165,0,0,1540,131584,116,0,0,0,0,0,4263,0,0,0,0,0,0,0,0,1540,1540,0,127567,0,125951,131584,0,967,0,116,238,0,0,0,0,234004
42,0,1,0,0,0,0,0,283083,4263,0,0,0,1524,0,0,0,0,0,4263,0,0,0,0,0,0,0,0,0,533,0,0,0,64000,0,0,90,314,410,2699,0,0,63340,0,0
42,0,2,0,0,0,0,0,283083,0,0,0,0,524,67072,0,0,0,0,0,0,0,0,0,0,0,0,0,0,0,0,0,0,0,65023,0,130,337,0,1037,0,0,2154,0,65999
42,0,3,0,0,0,0,0,283083,0,0,0,0,496,67072,0,0,0,0,0,0,0,0,0,0,0,0,0,0,0,0,0,0,0,65053,0,10,0,365,743,1979,0,0,0,66019
42,0,4,0,0,0,0,0,283083,0,0,0,0,49,0,0,0,0,0,0,0,0,0,0,0,0,0,0,0,0,0,0,0,0,0,714,54,0,1,101,0,0,0,0,0
42,0,5,0,0,0,0,0,283083,0,0,0,0,61,0,0,0,0,0,0,0,0,0,0,0,0,0,0,0,0,0,0,0,0,0,0,31,31,0,85,0,0,0,0,0
42,0,6,0,0,0,0,0,283083,0,0,0,0,52,0,0,0,0,0,0,0,0,0,0,0,0,0,0,0,0,0,0,0,0,0,0,0,0,40,140,0,0,0,0,0
42,0,7,0,0,0,0,0,283083,0,0,0,0,49,0,0,0,0,0,0,0,0,0,0,0,0,0,0,0,0,0,0,0,0,0,149,0,0,0,93,0,0,0,0,0
42,0,8,0,0,0,0,0,283083,0,0,0,0,54,0,0,0,0,0,0,0,0,0,0,0,0,0,0,0,0,0,0,0,0,0,0,0,26,0,111,0,0,0,0,0
43,0,0,0,0,0,0,0,915178,0,0,2356,263168,116,0,0,0,0,0,5502,0,0,0,0,0,0,0,0,2356,2356,0,127819,0,377466,263168,0,725,0,116,238,0,0,0,0,541826
43,0,1,0,0,0,0,0,457589,5502,0,0,0,2062,0,0,0,0,0,5502,0,0,0,0,0,0,0,0,0,926,0,63967,0,126834,0,0,327,272,495,3569,0,0,63130,0,0
43,0,2,0,0,0,0,0,457588,0,0,0,0,327,67072,0,0,0,0,0,0,0,0,0,0,0,0,0,0,0,0,63600,0,0,64982,0,574,170,0,660,0,0,2426,0,65818
43,0,3,0,0,0,0,0,457589,0,0,0,0,418,67072,0,0,0,0,0,0,0,0,0,0,0,0,0,0,0,0,0,0,0,64998,0,11,0,201,623,120690,0,0,0,65256
43,0,4,0,0,0,0,0,457589,0,0,0,0,517,67072,0,0,0,0,0,0,0,0,0,0,0,0,0,0,0,0,0,0,0,65027,1361,53,0,0,1044,0,0,126812,0,64995
43,0,5,0,0,0,0,0,457589,0,0,0,0,542,67072,0,0,0,0,0,0,0,0,0,0,0,0,0,0,0,0,0,0,0,64843,0,31,260,0,838,0,0,6362,0,65530
43,0,6,0,0,0,0,0,457589,0,0,0,0,52,0,0,0,0,0,0,0,0,0,0,0,0,0,0,0,0,0,0,0,0,0,0,0,0,40,139,0,0,0,0,0
43,0,7,0,0,0,0,0,457589,0,0,0,0,49,0,0,0,0,0,0,0,0,0,0,0,0,0,0,0,0,0,0,0,0,0,147,0,0,0,94,0,0,0,0,0
43,0,8,0,0,0,0,0,457589,0,0,0,0,52,0,0,0,0,0,0,0,0,0,0,0,0,0,0,0,0,0,0,0,0,0,0,0,28,0,111,0,0,0,0,0
44,0,0,0,0,0,0,0,914341,0,0,2354,263168,116,0,0,0,0,0,5496,0,0,0,0,0,0,0,0,2354,2354,0,127855,0,377478,263168,0,721,0,116,238,0,0,0,0,541203
44,0,1,0,0,0,0,0,457171,5496,0,0,0,2047,0,0,0,0,0,5496,0,0,0,0,0,0,0,0,0,914,0,63965,0,126844,0,0,343,275,489,3573,0,0,63242,0,0
44,0,2,0,0,0,0,0,457171,0,0,0,0,310,67072,0,0,0,0,0,0,0,0,0,0,0,0,0,0,0,0,63592,0,0,64976,0,572,187,0,651,0,0,2329,0,65859
44,0,3,0,0,0,0,0,457171,0,0,0,0,408,67072,0,0,0,0,0,0,0,0,0,0,0,0,0,0,0,0,0,0,0,65015,0,16,0,207,612,120681,0,0,0,65247
44,0,4,0,0,0,0,0,457171,0,0,0,0,516,67072,0,0,0,0,0,0,0,0,0,0,0,0,0,0,0,0,0,0,0,65028,1323,53,0,1,1029,0,0,127758,0,64986
44,0,5,0,0,0,0,0,457171,0,0,0,0,520,67072,0,0,0,0,0,0,0,0,0,0,0,0,0,0,0,0,0,0,0,64844,0,27,283,0,820,0,0,5279,0,65516
44,0,6,0,0,0,0,0,457171,0,0,0,0,55,0,0,0,0,0,0,0,0,0,0,0,0,0,0,0,0,0,0,0,0,0,0,0,0,37,137,0,0,0,0,0
44,0,7,0,0,0,0,0,457171,0,0,0,0,49,0,0,0,0,0,0,0,0,0,0,0,0,0,0,0,0,0,0,0,0,0,154,0,0,0,94,0,0,0,0,0
44,0,8,0,0,0,0,0,457171,0,0,0,0,56,0,0,0,0,0,0,0,0,0,0,0,0,0,0,0,0,0,0,0,0,0,0,0,24,0,119,0,0,0,0,0
45,0,0,0,0,0,0,0,894752,0,0,2320,263168,116,0,0,0,0,0,5445,0,0,0,0,0,0,0,0,2320,2320,0,127775,0,377193,263168,0,719,0,116,238,0,0,0,0,534117
45,0,1,0,0,0,0,0,447376,5445,0,0,0,2015,0,0,0,0,0,5445,0,0,0,0,0,0,0,0,0,1174,0,63887,0,126798,0,0,339,271,495,3531,0,0,63169,0,0
45,0,2,0,0,0,0,0,447376,0,0,0,0,324,67072,0,0,0,0,0,0,0,0,0,0,0,0,0,0,0,0,63765,0,0,64958,0,571,178,0,649,0,0,2456,0,65821
45,0,3,0,0,0,0,0,447376,0,0,0,0,397,67072,0,0,0,0,0,0,0,0,0,0,0,0,0,0,0,0,0,0,0,65022,0,15,0,216,598,118545,0,0,0,65180
45,0,4,0,0,0,0,0,447376,0,0,0,0,484,67072,0,0,0,0,0,0,0,0,0,0,0,0,0,0,0,0,0,0,0,64967,1308,53,0,2,981,0,0,121487,0,65339
45,0,5,0,0,0,0,0,447376,0,0,0,0,504,67072,0,0,0,0,0,0,0,0,0,0,0,0,0,0,0,0,0,0,0,64937,0,23,281,0,790,0,0,34972,0,65071
45,0,6,0,0,0,0,0,447376,0,0,0,0,55,0,0,0,0,0,0,0,0,0,0,0,0,0,0,0,0,0,0,0,0,0,0,0,0,37,138,0,0,0,0,0
45,0,7,0,0,0,0,0,447376,0,0,0,0,49,0,0,0,0,0,0,0,0,0,0,0,0,0,0,0,0,0,0,0,0,0,153,0,0,0,94,0,0,0,0,0
45,0,8,0,0,0,0,0,447376,0,0,0,0,55,0,0,0,0,0,0,0,0,0,0,0,0,0,0,0,0,0,0,0,0,0,0,0,25,0,122,0,0,0,0,0
46,0,0,0,0,0,0,0,1397060,0,0,3526,394752,116,0,0,0,0,0,7269,0,0,0,0,0,0,0,0,3526,3526,0,253935,0,503620,394752,0,1352,0,116,238,0,0,0,0,921926
46,0,1,0,0,0,0,0,698530,7269,0,0,0,2778,0,0,0,0,0,7269,0,0,0,0,0,0,0,0,0,1611,0,127628,0,126641,0,0,604,500,446,4912,0,0,77475,0,0
46,0,2,0,0,0,0,0,698529,0,0,0,0,252,67072,0,0,0,0,0,0,0,0,0,0,0,0,0,0,0,0,63599,0,0,64965,0,568,133,0,510,0,0,17743,0,65580
46,0,3,0,0,0,0,0,698530,0,0,0,0,362,67072,0,0,0,0,0,0,0,0,0,0,0,0,0,0,0,0,63904,0,0,65029,0,270,0,191,536,223262,0,0,0,65317
46,0,4,0,0,0,0,0,698530,0,0,0,0,519,67072,0,0,0,0,0,0,0,0,0,0,0,0,0,0,0,0,63967,0,0,64995,1937,500,0,1,997,0,0,278345,0,64705
46,0,5,0,0,0,0,0,698530,0,0,0,0,523,67072,0,0,0,0,0,0,0,0,0,0,0,0,0,0,0,0,0,0,0,64827,0,27,262,0,809,0,0,37177,0,65209
46,0,6,0,0,0,0,0,698530,0,0,0,0,529,67072,0,0,0,0,0,0,0,0,0,0,0,0,0,0,0,0,0,0,0,65162,0,0,0,254,1050,224122,0,0,0,64700
46,0,7,0,0,0,0,0,698530,0,0,0,0,509,67072,0,0,0,0,0,0,0,0,0,0,0,0,0,0,0,0,0,0,0,65209,854,0,0,1,800,0,0,31577,0,65529
46,0,8,0,0,0,0,0,698530,0,0,0,0,52,0,0,0,0,0,0,0,0,0,0,0,0,0,0,0,0,0,0,0,0,0,0,0,28,0,116,0,0,0,0,0
47,0,0,0,0,0,0,0,1394299,0,0,3528,394752,116,0,0,0,0,0,7272,0,0,0,0,0,0,0,0,3528,3528,0,253877,0,503603,394752,0,1354,0,116,238,0,0,0,0,919483
47,0,1,0,0,0,0,0,697150,7272,0,0,0,2814,0,0,0,0,0,7272,0,0,0,0,0,0,0,0,0,1598,0,127632,0,126591,0,0,600,482,434,4914,0,0,78417,0,0
47,0,2,0,0,0,0,0,697150,0,0,0,0,241,67072,0,0,0,0,0,0,0,0,0,0,0,0,0,0,0,0,63600,0,0,64966,0,579,145,0,501,0,0,18791,0,65574
47,0,3,0,0,0,0,0,697150,0,0,0,0,371,67072,0,0,0,0,0,0,0,0,0,0,0,0,0,0,0,0,63892,0,0,65034,0,250,0,184,547,215485,0,0,0,65321
47,0,4,0,0,0,0,0,697150,0,0,0,0,529,67072,0,0,0,0,0,0,0,0,0,0,0,0,0,0,0,0,63971,0,0,64994,1961,487,0,1,1024,0,0,286469,0,64534
47,0,5,0,0,0,0,0,697150,0,0,0,0,544,67072,0,0,0,0,0,0,0,0,0,0,0,0,0,0,0,0,0,0,0,64808,0,28,239,0,816,0,0,26520,0,65358
47,0,6,0,0,0,0,0,697150,0,0,0,0,530,67072,0,0,0,0,0,0,0,0,0,0,0,0,0,0,0,0,0,0,0,65177,0,0,0,253,1071,211476,0,0,0,64712
47,0,7,0,0,0,0,0,697150,0,0,0,0,518,67072,0,0,0,0,0,0,0,0,0,0,0,0,0,0,0,0,0,0,0,65231,850,0,0,0,822,0,0,25445,0,65599
47,0,8,0,0,0,0,0,697150,0,0,0,0,55,0,0,0,0,0,0,0,0,0,0,0,0,0,0,0,0,0,0,0,0,0,0,0,25,0,119,0,0,0,0,0
48,0,0,0,0,0,0,0,1394723,0,0,3532,394752,116,0,0,0,0,0,7278,0,0,0,0,0,0,0,0,3532,3532,0,253938,0,503580,394752,0,1354,0,116,238,0,0,0,0,921474
48,0,1,0,0,0,0,0,697362,7278,0,0,0,2782,0,0,0,0,0,7278,0,0,0,0,0,0,0,0,0,1598,0,127636,0,126609,0,0,613,495,444,4919,0,0,80784,0,0
48,0,2,0,0,0,0,0,697362,0,0,0,0,257,67072,0,0,0,0,0,0,0,0,0,0,0,0,0,0,0,0,63598,0,0,64959,0,570,130,0,517,0,0,21188,0,65556
48,0,3,0,0,0,0,0,697362,0,0,0,0,347,67072,0,0,0,0,0,0,0,0,0,0,0,0,0,0,0,0,63917,0,0,65030,0,259,0,208,527,216688,0,0,0,65330
48,0,4,0,0,0,0,0,697362,0,0,0,0,517,67072,0,0,0,0,0,0,0,0,0,0,0,0,0,0,0,0,63967,0,0,64997,1943,492,0,1,996,0,0,280793,0,64694
48,0,5,0,0,0,0,0,697362,0,0,0,0,548,67072,0,0,0,0,0,0,0,0,0,0,0,0,0,0,0,0,0,0,0,64820,0,27,237,0,832,0,0,29632,0,65324
48,0,6,0,0,0,0,0,697362,0,0,0,0,527,67072,0,0,0,0,0,0,0,0,0,0,0,0,0,0,0,0,0,0,0,65174,0,0,0,256,1059,218280,0,0,0,64602
48,0,7,0,0,0,0,0,697362,0,0,0,0,504,67072,0,0,0,0,0,0,0,0,0,0,0,0,0,0,0,0,0,0,0,65221,862,0,0,1,805,0,0,26302,0,65518
48,0,8,0,0,0,0,0,697362,0,0,0,0,55,0,0,0,0,0,0,0,0,0,0,0,0,0,0,0,0,0,0,0,0,0,0,0,25,0,119,0,0,0,0,0
49,0,0,0,0,0,0,0,325673,0,0,258,65600,116,0,0,0,0,0,2337,0,0,0,0,0,0,0,0,258,258,0,0,0,129718,65600,0,196,0,116,238,0,0,0,0,65920
49,0,1,0,0,0,0,0,162837,2337,0,0,0,721,0,0,0,0,0,2337,0,0,0,0,0,0,0,0,0,62,0,0,0,65135,0,0,90,84,160,1288,0,0,65920,0,0
49,0,2,0,0,0,0,0,162836,0,0,0,0,238,65920,0,0,0,0,0,0,0,0,0,0,0,0,0,0,0,0,0,0,0,65351,0,128,110,0,492,0,0,0,0,65920
49,0,3,0,0,0,0,0,162837,0,0,0,0,46,0,0,0,0,0,0,0,0,0,0,0,0,0,0,0,0,0,0,0,0,0,0,14,0,46,60,0,0,0,0,0
49,0,4,0,0,0,0,0,162837,0,0,0,0,46,0,0,0,0,0,0,0,0,0,0,0,0,0,0,0,0,0,0,0,0,0,269,53,0,0,99,0,0,0,0,0
49,0,5,0,0,0,0,0,162837,0,0,0,0,63,0,0,0,0,0,0,0,0,0,0,0,0,0,0,0,0,0,0,0,0,0,0,27,29,0,93,0,0,0,0,0
49,0,6,0,0,0,0,0,162837,0,0,0,0,52,0,0,0,0,0,0,0,0,0,0,0,0,0,0,0,0,0,0,0,0,0,0,0,0,40,136,0,0,0,0,0
49,0,7,0,0,0,0,0,162837,0,0,0,0,49,0,0,0,0,0,0,0,0,0,0,0,0,0,0,0,0,0,0,0,0,0,150,0,0,0,94,0,0,0,0,0
49,0,8,0,0,0,0,0,162837,0,0,0,0,55,0,0,0,0,0,0,0,0,0,0,0,0,0,0,0,0,0,0,0,0,0,0,0,25,0,115,0,0,0,0,0
50,0,0,0,0,0,0,0,325668,0,0,258,65600,116,0,0,0,0,0,2337,0,0,0,0,0,0,0,0,258,258,0,0,0,129717,65600,0,196,0,116,238,0,0,0,0,65920
50,0,1,0,0,0,0,0,162834,2337,0,0,0,736,0,0,0,0,0,2337,0,0,0,0,0,0,0,0,0,59,0,0,0,65131,0,0,90,83,146,1306,0,0,65920,0,0
50,0,2,0,0,0,0,0,162834,0,0,0,0,242,65920,0,0,0,0,0,0,0,0,0,0,0,0,0,0,0,0,0,0,0,65354,0,134,106,0,504,0,0,0,0,65920
50,0,3,0,0,0,0,0,162834,0,0,0,0,46,0,0,0,0,0,0,0,0,0,0,0,0,0,0,0,0,0,0,0,0,0,0,11,0,46,61,0,0,0,0,0
50,0,4,0,0,0,0,0,162834,0,0,0,0,46,0,0,0,0,0,0,0,0,0,0,0,0,0,0,0,0,0,0,0,0,0,270,53,0,0,99,0,0,0,0,0
50,0,5,0,0,0,0,0,162834,0,0,0,0,64,0,0,0,0,0,0,0,0,0,0,0,0,0,0,0,0,0,0,0,0,0,0,25,28,0,90,0,0,0,0,0
50,0,6,0,0,0,0,0,162834,0,0,0,0,52,0,0,0,0,0,0,0,0,0,0,0,0,0,0,0,0,0,0,0,0,0,0,0,0,40,139,0,0,0,0,0
50,0,7,0,0,0,0,0,162834,0,0,0,0,49,0,0,0,0,0,0,0,0,0,0,0,0,0,0,0,0,0,0,0,0,0,150,0,0,0,94,0,0,0,0,0
50,0,8,0,0,0,0,0,162834,0,0,0,0,55,0,0,0,0,0,0,0,0,0,0,0,0,0,0,0,0,0,0,0,0,0,0,0,25,0,117,0,0,0,0,0
51,0,0,0,0,0,0,0,325613,0,0,258,65600,116,0,0,0,0,0,2337,0,0,0,0,0,0,0,0,258,258,0,0,0,129705,65600,0,196,0,116,238,0,0,0,0,65920
51,0,1,0,0,0,0,0,162807,2337,0,0,0,721,0,0,0,0,0,2337,0,0,0,0,0,0,0,0,0,62,0,0,0,65133,0,0,91,87,156,1290,0,0,65920,0,0
51,0,2,0,0,0,0,0,162807,0,0,0,0,237,65920,0,0,0,0,0,0,0,0,0,0,0,0,0,0,0,0,0,0,0,65351,0,131,111,0,492,0,0,0,0,65920
51,0,3,0,0,0,0,0,162807,0,0,0,0,49,0,0,0,0,0,0,0,0,0,0,0,0,0,0,0,0,0,0,0,0,0,0,11,0,43,68,0,0,0,0,0
51,0,4,0,0,0,0,0,162807,0,0,0,0,49,0,0,0,0,0,0,0,0,0,0,0,0,0,0,0,0,0,0,0,0,0,266,53,0,0,101,0,0,0,0,0
51,0,5,0,0,0,0,0,162807,0,0,0,0,63,0,0,0,0,0,0,0,0,0,0,0,0,0,0,0,0,0,0,0,0,0,0,29,29,0,88,0,0,0,0,0
51,0,6,0,0,0,0,0,162807,0,0,0,0,55,0,0,0,0,0,0,0,0,0,0,0,0,0,0,0,0,0,0,0,0,0,0,0,0,37,142,0,0,0,0,0
51,0,7,0,0,0,0,0,162807,0,0,0,0,49,0,0,0,0,0,0,0,0,0,0,0,0,0,0,0,0,0,0,0,0,0,153,0,0,0,94,0,0,0,0,0
51,0,8,0,0,0,0,0,162807,0,0,0,0,55,0,0,0,0,0,0,0,0,0,0,0,0,0,0,0,0,0,0,0,0,0,0,0,25,0,113,0,0,0,0,0
52,0,0,0,0,0,0,0,576179,0,0,388,131200,116,0,0,0,0,0,2535,0,0,0,0,0,0,0,0,388,388,0,130217,0,129791,131200,0,391,0,116,238,0,0,0,0,253142
52,0,1,0,0,0,0,0,288090,2535,0,0,0,798,0,0,0,0,0,2535,0,0,0,0,0,0,0,0,0,138,0,0,0,65152,0,0,90,132,166,1376,0,0,65003,0,0
52,0,2,0,0,0,0,0,288089,0,0,0,0,169,65920,0,0,0,0,0,0,0,0,0,0,0,0,0,0,0,0,0,0,0,65407,0,133,116,0,347,0,0,533,0,65654
52,0,3,0,0,0,0,0,288090,0,0,0,0,156,65920,0,0,0,0,0,0,0,0,0,0,0,0,0,0,0,0,0,0,0,65421,0,11,0,129,221,481,0,0,0,65664
52,0,4,0,0,0,0,0,288090,0,0,0,0,46,0,0,0,0,0,0,0,0,0,0,0,0,0,0,0,0,0,0,0,0,0,380,53,0,0,99,0,0,0,0,0
52,0,5,0,0,0,0,0,288090,0,0,0,0,64,0,0,0,0,0,0,0,0,0,0,0,0,0,0,0,0,0,0,0,0,0,0,27,28,0,90,0,0,0,0,0
52,0,6,0,0,0,0,0,288090,0,0,0,0,52,0,0,0,0,0,0,0,0,0,0,0,0,0,0,0,0,0,0,0,0,0,0,0,0,40,139,0,0,0,0,0
52,0,7,0,0,0,0,0,288090,0,0,0,0,49,0,0,0,0,0,0,0,0,0,0,0,0,0,0,0,0,0,0,0,0,0,150,0,0,0,94,0,0,0,0,0
52,0,8,0,0,0,0,0,288090,0,0,0,0,55,0,0,0,0,0,0,0,0,0,0,0,0,0,0,0,0,0,0,0,0,0,0,0,25,0,116,0,0,0,0,0
53,0,0,0,0,0,0,0,576210,0,0,388,131200,116,0,0,0,0,0,2538,0,0,0,0,0,0,0,0,388,388,0,130214,0,129791,131200,0,391,0,116,238,0,0,0,0,253241
53,0,1,0,0,0,0,0,288105,2538,0,0,0,787,0,0,0,0,0,2538,0,0,0,0,0,0,0,0,0,134,0,0,0,65152,0,0,91,140,168,1364,0,0,65005,0,0
53,0,2,0,0,0,0,0,288105,0,0,0,0,165,65920,0,0,0,0,0,0,0,0,0,0,0,0,0,0,0,0,0,0,0,65407,0,134,120,0,340,0,0,531,0,65654
53,0,3,0,0,0,0,0,288105,0,0,0,0,160,65920,0,0,0,0,0,0,0,0,0,0,0,0,0,0,0,0,0,0,0,65418,0,11,0,125,232,488,0,0,0,65660
53,0,4,0,0,0,0,0,288105,0,0,0,0,49,0,0,0,0,0,0,0,0,0,0,0,0,0,0,0,0,0,0,0,0,0,377,53,0,1,101,0,0,0,0,0
53,0,5,0,0,0,0,0,288105,0,0,0,0,64,0,0,0,0,0,0,0,0,0,0,0,0,0,0,0,0,0,0,0,0,0,0,28,28,0,87,0,0,0,0,0
53,0,6,0,0,0,0,0,288105,0,0,0,0,55,0,0,0,0,0,0,0,0,0,0,0,0,0,0,0,0,0,0,0,0,0,0,0,0,37,142,0,0,0,0,0
53,0,7,0,0,0,0,0,288105,0,0,0,0,49,0,0,0,0,0,0,0,0,0,0,0,0,0,0,0,0,0,0,0,0,0,153,0,0,0,94,0,0,0,0,0
53,0,8,0,0,0,0,0,288105,0,0,0,0,55,0,0,0,0,0,0,0,0,0,0,0,0,0,0,0,0,0,0,0,0,0,0,0,25,0,115,0,0,0,0,0
54,0,0,0,0,0,0,0,576151,0,0,388,131200,116,0,0,0,0,0,2535,0,0,0,0,0,0,0,0,388,388,0,130212,0,129791,131200,0,391,0,116,238,0,0,0,0,253166
54,0,1,0,0,0,0,0,288076,2535,0,0,0,788,0,0,0,0,0,2535,0,0,0,0,0,0,0,0,0,133,0,0,0,65152,0,0,91,145,162,1371,0,0,65009,0,0
54,0,2,0,0,0,0,0,288076,0,0,0,0,167,65920,0,0,0,0,0,0,0,0,0,0,0,0,0,0,0,0,0,0,0,65407,0,134,118,0,348,0,0,527,0,65654
54,0,3,0,0,0,0,0,288076,0,0,0,0,156,65920,0,0,0,0,0,0,0,0,0,0,0,0,0,0,0,0,0,0,0,65420,0,11,0,129,233,483,0,0,0,65660
54,0,4,0,0,0,0,0,288076,0,0,0,0,49,0,0,0,0,0,0,0,0,0,0,0,0,0,0,0,0,0,0,0,0,0,373,53,0,1,101,0,0,0,0,0
54,0,5,0,0,0,0,0,288076,0,0,0,0,64,0,0,0,0,0,0,0,0,0,0,0,0,0,0,0,0,0,0,0,0,0,0,28,28,0,87,0,0,0,0,0
54,0,6,0,0,0,0,0,288076,0,0,0,0,55,0,0,0,0,0,0,0,0,0,0,0,0,0,0,0,0,0,0,0,0,0,0,0,0,37,142,0,0,0,0,0
54,0,7,0,0,0,0,0,288076,0,0,0,0,49,0,0,0,0,0,0,0,0,0,0,0,0,0,0,0,0,0,0,0,0,0,153,0,0,0,94,0,0,0,0,0
54,0,8,0,0,0,0,0,288076,0,0,0,0,55,0,0,0,0,0,0,0,0,0,0,0,0,0,0,0,0,0,0,0,0,0,0,0,25,0,115,0,0,0,0,0
55,0,0,0,0,0,0,0,924035,0,0,612,262400,116,0,0,0,0,0,2886,0,0,0,0,0,0,0,0,612,612,0,130255,0,389290,262400,0,343,0,116,238,0,0,0,0,554042
55,0,1,0,0,0,0,0,462018,2886,0,0,0,953,0,0,0,0,0,2886,0,0,0,0,0,0,0,0,0,369,0,65097,0,130044,0,0,146,134,179,1635,0,0,72358,0,0
55,0,2,0,0,0,0,0,462018,0,0,0,0,119,65920,0,0,0,0,0,0,0,0,0,0,0,0,0,0,0,0,65126,0,0,65384,0,258,77,0,253,0,0,7209,0,65517
55,0,3,0,0,0,0,0,462018,0,0,0,0,136,65920,0,0,0,0,0,0,0,0,0,0,0,0,0,0,0,0,0,0,0,65412,0,9,0,101,206,170679,0,0,0,65375
55,0,4,0,0,0,0,0,462018,0,0,0,0,165,65920,0,0,0,0,0,0,0,0,0,0,0,0,0,0,0,0,0,0,0,65384,535,53,0,0,343,0,0,120005,0,65457
55,0,5,0,0,0,0,0,462018,0,0,0,0,176,65920,0,0,0,0,0,0,0,0,0,0,0,0,0,0,0,0,0,0,0,65393,0,30,94,0,257,0,0,15716,0,65325
55,0,6,0,0,0,0,0,462018,0,0,0,0,52,0,0,0,0,0,0,0,0,0,0,0,0,0,0,0,0,0,0,0,0,0,0,0,0,40,141,0,0,0,0,0
55,0,7,0,0,0,0,0,462018,0,0,0,0,49,0,0,0,0,0,0,0,0,0,0,0,0,0,0,0,0,0,0,0,0,0,147,0,0,0,94,0,0,0,0,0
55,0,8,0,0,0,0,0,462018,0,0,0,0,52,0,0,0,0,0,0,0,0,0,0,0,0,0,0,0,0,0,0,0,0,0,0,0,28,0,112,0,0,0,0,0
56,0,0,0,0,0,0,0,919339,0,0,614,262400,116,0,0,0,0,0,2886,0,0,0,0,0,0,0,0,614,614,0,130226,0,389212,262400,0,339,0,116,238,0,0,0,0,527356
56,0,1,0,0,0,0,0,459670,2886,0,0,0,954,0,0,0,0,0,2886,0,0,0,0,0,0,0,0,0,366,0,65088,0,130035,0,0,150,127,183,1620,0,0,65633,0,0
56,0,2,0,0,0,0,0,459670,0,0,0,0,117,65920,0,0,0,0,0,0,0,0,0,0,0,0,0,0,0,0,65124,0,0,65376,0,253,82,0,255,0,0,1344,0,65517
56,0,3,0,0,0,0,0,459670,0,0,0,0,139,65920,0,0,0,0,0,0,0,0,0,0,0,0,0,0,0,0,0,0,0,65406,0,14,0,94,197,140886,0,0,0,65378
56,0,4,0,0,0,0,0,459670,0,0,0,0,168,65920,0,0,0,0,0,0,0,0,0,0,0,0,0,0,0,0,0,0,0,65393,548,53,0,0,344,0,0,123691,0,65485
56,0,5,0,0,0,0,0,459670,0,0,0,0,194,65920,0,0,0,0,0,0,0,0,0,0,0,0,0,0,0,0,0,0,0,65398,0,28,79,0,283,0,0,18885,0,65337
56,0,6,0,0,0,0,0,459670,0,0,0,0,52,0,0,0,0,0,0,0,0,0,0,0,0,0,0,0,0,0,0,0,0,0,0,0,0,40,136,0,0,0,0,0
56,0,7,0,0,0,0,0,459670,0,0,0,0,49,0,0,0,0,0,0,0,0,0,0,0,0,0,0,0,0,0,0,0,0,0,153,0,0,0,94,0,0,0,0,0
56,0,8,0,0,0,0,0,459670,0,0,0,0,58,0,0,0,0,0,0,0,0,0,0,0,0,0,0,0,0,0,0,0,0,0,0,0,22,0,120,0,0,0,0,0
57,0,0,0,0,0,0,0,911238,0,0,618,262400,116,0,0,0,0,0,2892,0,0,0,0,0,0,0,0,618,618,0,130230,0,389093,262400,0,333,0,116,238,0,0,0,0,501997
57,0,1,0,0,0,0,0,455619,2892,0,0,0,969,0,0,0,0,0,2892,0,0,0,0,0,0,0,0,0,337,0,65071,0,129995,0,0,148,128,173,1666,0,0,68606,0,0
57,0,2,0,0,0,0,0,455619,0,0,0,0,122,65920,0,0,0,0,0,0,0,0,0,0,0,0,0,0,0,0,65112,0,0,65376,0,269,79,0,260,0,0,4339,0,65513
57,0,3,0,0,0,0,0,455619,0,0,0,0,129,65920,0,0,0,0,0,0,0,0,0,0,0,0,0,0,0,0,0,0,0,65402,0,18,0,98,183,110324,0,0,0,65424
57,0,4,0,0,0,0,0,455619,0,0,0,0,179,65920,0,0,0,0,0,0,0,0,0,0,0,0,0,0,0,0,0,0,0,65410,524,53,0,1,361,0,0,127735,0,65468
57,0,5,0,0,0,0,0,455619,0,0,0,0,191,65920,0,0,0,0,0,0,0,0,0,0,0,0,0,0,0,0,0,0,0,65392,0,25,86,0,270,0,0,18984,0,65374
57,0,6,0,0,0,0,0,455619,0,0,0,0,55,0,0,0,0,0,0,0,0,0,0,0,0,0,0,0,0,0,0,0,0,0,0,0,0,37,135,0,0,0,0,0
57,0,7,0,0,0,0,0,455619,0,0,0,0,49,0,0,0,0,0,0,0,0,0,0,0,0,0,0,0,0,0,0,0,0,0,156,0,0,0,94,0,0,0,0,0
57,0,8,0,0,0,0,0,455619,0,0,0,0,58,0,0,0,0,0,0,0,0,0,0,0,0,0,0,0,0,0,0,0,0,0,0,0,22,0,123,0,0,0,0,0
58,0,0,0,0,0,0,0,1369476,0,0,920,393600,116,0,0,0,0,0,3360,0,0,0,0,0,0,0,0,920,920,0,260009,0,518838,393600,0,498,0,116,238,0,0,0,0,873971
58,0,1,0,0,0,0,0,684738,3360,0,0,0,1133,0,0,0,0,0,3360,0,0,0,0,0,0,0,0,0,498,0,130066,0,130055,0,0,216,190,183,1940,0,0,65861,0,0
58,0,2,0,0,0,0,0,684738,0,0,0,0,87,65920,0,0,0,0,0,0,0,0,0,0,0,0,0,0,0,0,65100,0,0,65393,0,252,77,0,193,0,0,1583,0,65627
58,0,3,0,0,0,0,0,684738,0,0,0,0,130,65920,0,0,0,0,0,0,0,0,0,0,0,0,0,0,0,0,65102,0,0,65405,0,73,0,79,190,338494,0,0,0,65340
58,0,4,0,0,0,0,0,684738,0,0,0,0,167,65920,0,0,0,0,0,0,0,0,0,0,0,0,0,0,0,0,65140,0,0,65374,714,170,0,1,343,0,0,311582,0,65231
58,0,5,0,0,0,0,0,684738,0,0,0,0,183,65920,0,0,0,0,0,0,0,0,0,0,0,0,0,0,0,0,0,0,0,65381,0,31,90,0,269,0,0,68845,0,65324
58,0,6,0,0,0,0,0,684738,0,0,0,0,169,65920,0,0,0,0,0,0,0,0,0,0,0,0,0,0,0,0,0,0,0,65385,0,0,0,104,377,305963,0,0,0,65336
58,0,7,0,0,0,0,0,684738,0,0,0,0,165,65920,0,0,0,0,0,0,0,0,0,0,0,0,0,0,0,0,0,0,0,65438,327,0,0,1,276,0,0,74180,0,65272
58,0,8,0,0,0,0,0,684738,0,0,0,0,51,0,0,0,0,0,0,0,0,0,0,0,0,0,0,0,0,0,0,0,0,0,0,0,29,0,111,0,0,0,0,0
59,0,0,0,0,0,0,0,1371593,0,0,920,393600,116,0,0,0,0,0,3360,0,0,0,0,0,0,0,0,920,920,0,260026,0,519160,393600,0,498,0,116,238,0,0,0,0,874400
59,0,1,0,0,0,0,0,685797,3360,0,0,0,1166,0,0,0,0,0,3360,0,0,0,0,0,0,0,0,0,492,0,130147,0,130072,0,0,207,187,162,1982,0,0,64887,0,0
59,0,2,0,0,0,0,0,685797,0,0,0,0,97,65920,0,0,0,0,0,0,0,0,0,0,0,0,0,0,0,0,65097,0,0,65394,0,264,68,0,211,0,0,634,0,65618
59,0,3,0,0,0,0,0,685797,0,0,0,0,128,65920,0,0,0,0,0,0,0,0,0,0,0,0,0,0,0,0,65105,0,0,65402,0,66,0,81,193,335173,0,0,0,65325
59,0,4,0,0,0,0,0,685797,0,0,0,0,169,65920,0,0,0,0,0,0,0,0,0,0,0,0,0,0,0,0,65134,0,0,65379,714,182,0,0,342,0,0,301503,0,65302
59,0,5,0,0,0,0,0,685797,0,0,0,0,187,65920,0,0,0,0,0,0,0,0,0,0,0,0,0,0,0,0,0,0,0,65392,0,30,86,0,263,0,0,73392,0,65275
59,0,6,0,0,0,0,0,685797,0,0,0,0,170,65920,0,0,0,0,0,0,0,0,0,0,0,0,0,0,0,0,0,0,0,65373,0,0,0,103,385,312482,0,0,0,65225
59,0,7,0,0,0,0,0,685797,0,0,0,0,170,65920,0,0,0,0,0,0,0,0,0,0,0,0,0,0,0,0,0,0,0,65423,328,0,0,0,269,0,0,70043,0,65327
59,0,8,0,0,0,0,0,685797,0,0,0,0,55,0,0,0,0,0,0,0,0,0,0,0,0,0,0,0,0,0,0,0,0,0,0,0,25,0,117,0,0,0,0,0
60,0,0,0,0,0,0,0,1379598,0,0,926,393600,116,0,0,0,0,0,3369,0,0,0,0,0,0,0,0,926,926,0,260010,0,518666,393600,0,500,0,116,238,0,0,0,0,870634
60,0,1,0,0,0,0,0,689799,3369,0,0,0,1163,0,0,0,0,0,3369,0,0,0,0,0,0,0,0,0,496,0,130080,0,130011,0,0,207,185,173,1989,0,0,95612,0,0
60,0,2,0,0,0,0,0,689798,0,0,0,0,103,65920,0,0,0,0,0,0,0,0,0,0,0,0,0,0,0,0,65112,0,0,65386,0,254,66,0,220,0,0,31117,0,65561
60,0,3,0,0,0,0,0,689799,0,0,0,0,123,65920,0,0,0,0,0,0,0,0,0,0,0,0,0,0,0,0,65102,0,0,65398,0,73,0,88,181,289021,0,0,0,65381
60,0,4,0,0,0,0,0,689799,0,0,0,0,162,65920,0,0,0,0,0,0,0,0,0,0,0,0,0,0,0,0,65140,0,0,65370,712,174,0,0,343,0,0,290286,0,65309
60,0,5,0,0,0,0,0,689799,0,0,0,0,183,65920,0,0,0,0,0,0,0,0,0,0,0,0,0,0,0,0,0,0,0,65389,0,29,90,0,270,0,0,75219,0,65337
60,0,6,0,0,0,0,0,689799,0,0,0,0,173,65920,0,0,0,0,0,0,0,0,0,0,0,0,0,0,0,0,0,0,0,65398,0,0,0,100,381,275602,0,0,0,65355
60,0,7,0,0,0,0,0,689799,0,0,0,0,171,65920,0,0,0,0,0,0,0,0,0,0,0,0,0,0,0,0,0,0,0,65447,328,0,0,2,278,0,0,84428,0,65280
60,0,8,0,0,0,0,0,689799,0,0,0,0,55,0,0,0,0,0,0,0,0,0,0,0,0,0,0,0,0,0,0,0,0,0,0,0,25,0,116,0,0,0,0,0
61,0,0,0,0,0,0,0,319269,0,0,66,65552,116,0,0,0,0,0,2049,0,0,0,0,0,0,0,0,66,66,0,0,0,130714,65552,0,196,0,116,238,0,0,0,0,65632
61,0,1,0,0,0,0,0,159635,2049,0,0,0,584,0,0,0,0,0,2049,0,0,0,0,0,0,0,0,0,17,0,0,0,65433,0,0,91,87,101,1009,0,0,65632,0,0
61,0,2,0,0,0,0,0,159634,0,0,0,0,94,65632,0,0,0,0,0,0,0,0,0,0,0,0,0,0,0,0,0,0,0,65485,0,135,62,0,208,0,0,0,0,65632
61,0,3,0,0,0,0,0,159635,0,0,0,0,49,0,0,0,0,0,0,0,0,0,0,0,0,0,0,0,0,0,0,0,0,0,0,11,0,43,68,0,0,0,0,0
61,0,4,0,0,0,0,0,159635,0,0,0,0,49,0,0,0,0,0,0,0,0,0,0,0,0,0,0,0,0,0,0,0,0,0,267,53,0,0,101,0,0,0,0,0
61,0,5,0,0,0,0,0,159635,0,0,0,0,64,0,0,0,0,0,0,0,0,0,0,0,0,0,0,0,0,0,0,0,0,0,0,27,28,0,87,0,0,0,0,0
61,0,6,0,0,0,0,0,159635,0,0,0,0,55,0,0,0,0,0,0,0,0,0,0,0,0,0,0,0,0,0,0,0,0,0,0,0,0,37,142,0,0,0,0,0
61,0,7,0,0,0,0,0,159635,0,0,0,0,49,0,0,0,0,0,0,0,0,0,0,0,0,0,0,0,0,0,0,0,0,0,153,0,0,0,94,0,0,0,0,0
61,0,8,0,0,0,0,0,159635,0,0,0,0,55,0,0,0,0,0,0,0,0,0,0,0,0,0,0,0,0,0,0,0,0,0,0,0,25,0,115,0,0,0,0,0
62,0,0,0,0,0,0,0,319358,0,0,66,65552,116,0,0,0,0,0,2049,0,0,0,0,0,0,0,0,66,66,0,0,0,130710,65552,0,196,0,116,238,0,0,0,0,65632
62,0,1,0,0,0,0,0,159679,2049,0,0,0,609,0,0,0,0,0,2049,0,0,0,0,0,0,0,0,0,13,0,0,0,65425,0,0,89,76,89,1039,0,0,65632,0,0
62,0,2,0,0,0,0,0,159679,0,0,0,0,96,65632,0,0,0,0,0,0,0,0,0,0,0,0,0,0,0,0,0,0,0,65489,0,138,60,0,219,0,0,0,0,65632
62,0,3,0,0,0,0,0,159679,0,0,0,0,46,0,0,0,0,0,0,0,0,0,0,0,0,0,0,0,0,0,0,0,0,0,0,13,0,46,54,0,0,0,0,0
62,0,4,0,0,0,0,0,159679,0,0,0,0,46,0,0,0,0,0,0,0,0,0,0,0,0,0,0,0,0,0,0,0,0,0,264,54,0,0,99,0,0,0,0,0
62,0,5,0,0,0,0,0,159679,0,0,0,0,59,0,0,0,0,0,0,0,0,0,0,0,0,0,0,0,0,0,0,0,0,0,0,18,33,0,88,0,0,0,0,0
62,0,6,0,0,0,0,0,159679,0,0,0,0,52,0,0,0,0,0,0,0,0,0,0,0,0,0,0,0,0,0,0,0,0,0,0,0,0,40,137,0,0,0,0,0
62,0,7,0,0,0,0,0,159679,0,0,0,0,46,0,0,0,0,0,0,0,0,0,0,0,0,0,0,0,0,0,0,0,0,0,151,0,0,0,90,0,0,0,0,0
62,0,8,0,0,0,0,0,159679,0,0,0,0,53,0,0,0,0,0,0,0,0,0,0,0,0,0,0,0,0,0,0,0,0,0,0,0,27,0,122,0,0,0,0,0
63,0,0,0,0,0,0,0,319313,0,0,66,65552,116,0,0,0,0,0,2046,0,0,0,0,0,0,0,0,66,66,0,0,0,130713,65552,0,196,0,116,238,0,0,0,0,65632
63,0,1,0,0,0,0,0,159657,2046,0,0,0,586,0,0,0,0,0,2046,0,0,0,0,0,0,0,0,0,17,0,0,0,65432,0,0,90,83,104,1010,0,0,65632,0,0
63,0,2,0,0,0,0,0,159657,0,0,0,0,96,65632,0,0,0,0,0,0,0,0,0,0,0,0,0,0,0,0,0,0,0,65485,0,132,60,0,210,0,0,0,0,65632
63,0,3,0,0,0,0,0,159657,0,0,0,0,46,0,0,0,0,0,0,0,0,0,0,0,0,0,0,0,0,0,0,0,0,0,0,14,0,46,60,0,0,0,0,0
63,0,4,0,0,0,0,0,159657,0,0,0,0,46,0,0,0,0,0,0,0,0,0,0,0,0,0,0,0,0,0,0,0,0,0,270,53,0,0,99,0,0,0,0,0
63,0,5,0,0,0,0,0,159657,0,0,0,0,67,0,0,0,0,0,0,0,0,0,0,0,0,0,0,0,0,0,0,0,0,0,0,25,25,0,95,0,0,0,0,0
63,0,6,0,0,0,0,0,159657,0,0,0,0,52,0,0,0,0,0,0,0,0,0,0,0,0,0,0,0,0,0,0,0,0,0,0,0,0,40,136,0,0,0,0,0
63,0,7,0,0,0,0,0,159657,0,0,0,0,49,0,0,0,0,0,0,0,0,0,0,0,0,0,0,0,0,0,0,0,0,0,153,0,0,0,94,0,0,0,0,0
63,0,8,0,0,0,0,0,159657,0,0,0,0,58,0,0,0,0,0,0,0,0,0,0,0,0,0,0,0,0,0,0,0,0,0,0,0,22,0,120,0,0,0,0,0
64,0,0,0,0,0,0,0,579165,0,0,130,131104,116,0,0,0,0,0,2151,0,0,0,0,0,0,0,0,130,130,0,130858,0,130691,131104,0,263,0,116,238,0,0,0,0,252628
64,0,1,0,0,0,0,0,289583,2151,0,0,0,625,0,0,0,0,0,2151,0,0,0,0,0,0,0,0,0,63,0,0,0,65424,0,0,90,109,104,1067,0,0,65407,0,0
64,0,2,0,0,0,0,0,289583,0,0,0,0,88,65632,0,0,0,0,0,0,0,0,0,0,0,0,0,0,0,0,0,0,0,65482,0,131,67,0,200,0,0,131,0,65564
64,0,3,0,0,0,0,0,289583,0,0,0,0,84,65632,0,0,0,0,0,0,0,0,0,0,0,0,0,0,0,0,0,0,0,65506,0,14,0,73,124,117,0,0,0,65571
64,0,4,0,0,0,0,0,289583,0,0,0,0,46,0,0,0,0,0,0,0,0,0,0,0,0,0,0,0,0,0,0,0,0,0,307,53,0,1,99,0,0,0,0,0
64,0,5,0,0,0,0,0,289583,0,0,0,0,67,0,0,0,0,0,0,0,0,0,0,0,0,0,0,0,0,0,0,0,0,0,0,26,25,0,95,0,0,0,0,0
64,0,6,0,0,0,0,0,289583,0,0,0,0,52,0,0,0,0,0,0,0,0,0,0,0,0,0,0,0,0,0,0,0,0,0,0,0,0,40,136,0,0,0,0,0
64,0,7,0,0,0,0,0,289583,0,0,0,0,49,0,0,0,0,0,0,0,0,0,0,0,0,0,0,0,0,0,0,0,0,0,153,0,0,0,94,0,0,0,0,0
64,0,8,0,0,0,0,0,289583,0,0,0,0,58,0,0,0,0,0,0,0,0,0,0,0,0,0,0,0,0,0,0,0,0,0,0,0,22,0,120,0,0,0,0,0
65,0,0,0,0,0,0,0,579130,0,0,130,131104,116,0,0,0,0,0,2148,0,0,0,0,0,0,0,0,130,130,0,130857,0,130734,131104,0,263,0,116,238,0,0,0,0,252699
65,0,1,0,0,0,0,0,289565,2148,0,0,0,617,0,0,0,0,0,2148,0,0,0,0,0,0,0,0,0,62,0,0,0,65436,0,0,91,110,110,1058,0,0,65410,0,0
65,0,2,0,0,0,0,0,289565,0,0,0,0,87,65632,0,0,0,0,0,0,0,0,0,0,0,0,0,0,0,0,0,0,0,65490,0,137,67,0,188,0,0,129,0,65569
65,0,3,0,0,0,0,0,289565,0,0,0,0,91,65632,0,0,0,0,0,0,0,0,0,0,0,0,0,0,0,0,0,0,0,65504,0,8,0,66,136,127,0,0,0,65564
65,0,4,0,0,0,0,0,289565,0,0,0,0,49,0,0,0,0,0,0,0,0,0,0,0,0,0,0,0,0,0,0,0,0,0,308,53,0,1,101,0,0,0,0,0
65,0,5,0,0,0,0,0,289565,0,0,0,0,61,0,0,0,0,0,0,0,0,0,0,0,0,0,0,0,0,0,0,0,0,0,0,27,31,0,82,0,0,0,0,0
65,0,6,0,0,0,0,0,289565,0,0,0,0,55,0,0,0,0,0,0,0,0,0,0,0,0,0,0,0,0,0,0,0,0,0,0,0,0,37,145,0,0,0,0,0
65,0,7,0,0,0,0,0,289565,0,0,0,0,49,0,0,0,0,0,0,0,0,0,0,0,0,0,0,0,0,0,0,0,0,0,150,0,0,0,94,0,0,0,0,0
65,0,8,0,0,0,0,0,289565,0,0,0,0,52,0,0,0,0,0,0,0,0,0,0,0,0,0,0,0,0,0,0,0,0,0,0,0,28,0,113,0,0,0,0,0
66,0,0,0,0,0,0,0,579155,0,0,130,131104,116,0,0,0,0,0,2151,0,0,0,0,0,0,0,0,130,130,0,130856,0,130700,131104,0,263,0,116,238,0,0,0,0,252613
66,0,1,0,0,0,0,0,289578,2151,0,0,0,618,0,0,0,0,0,2151,0,0,0,0,0,0,0,0,0,64,0,0,0,65430,0,0,90,112,108,1057,0,0,65407,0,0
66,0,2,0,0,0,0,0,289578,0,0,0,0,87,65632,0,0,0,0,0,0,0,0,0,0,0,0,0,0,0,0,0,0,0,65485,0,131,68,0,195,0,0,132,0,65562
66,0,3,0,0,0,0,0,289578,0,0,0,0,86,65632,0,0,0,0,0,0,0,0,0,0,0,0,0,0,0,0,0,0,0,65506,0,14,0,71,129,118,0,0,0,65571
66,0,4,0,0,0,0,0,289578,0,0,0,0,46,0,0,0,0,0,0,0,0,0,0,0,0,0,0,0,0,0,0,0,0,0,309,53,0,1,99,0,0,0,0,0
66,0,5,0,0,0,0,0,289578,0,0,0,0,67,0,0,0,0,0,0,0,0,0,0,0,0,0,0,0,0,0,0,0,0,0,0,26,25,0,95,0,0,0,0,0
66,0,6,0,0,0,0,0,289578,0,0,0,0,52,0,0,0,0,0,0,0,0,0,0,0,0,0,0,0,0,0,0,0,0,0,0,0,0,40,136,0,0,0,0,0
66,0,7,0,0,0,0,0,289578,0,0,0,0,49,0,0,0,0,0,0,0,0,0,0,0,0,0,0,0,0,0,0,0,0,0,153,0,0,0,94,0,0,0,0,0
66,0,8,0,0,0,0,0,289578,0,0,0,0,58,0,0,0,0,0,0,0,0,0,0,0,0,0,0,0,0,0,0,0,0,0,0,0,22,0,120,0,0,0,0,0
67,0,0,0,0,0,0,0,1102260,0,0,258,262208,116,0,0,0,0,0,2355,0,0,0,0,0,0,0,0,258,258,0,130864,0,392058,262208,0,255,0,116,238,0,0,0,0,646159
67,0,1,0,0,0,0,0,551130,2355,0,0,0,722,0,0,0,0,0,2355,0,0,0,0,0,0,0,0,0,127,0,65420,0,130786,0,0,116,102,118,1220,0,0,98131,0,0
67,0,2,0,0,0,0,0,551130,0,0,0,0,75,65632,0,0,0,0,0,0,0,0,0,0,0,0,0,0,0,0,65419,0,0,65495,0,191,56,0,170,0,0,32882,0,65549
67,0,3,0,0,0,0,0,551130,0,0,0,0,83,65632,0,0,0,0,0,0,0,0,0,0,0,0,0,0,0,0,0,0,0,65494,0,13,0,66,117,205079,0,0,0,65540
67,0,4,0,0,0,0,0,551130,0,0,0,0,96,65632,0,0,0,0,0,0,0,0,0,0,0,0,0,0,0,0,0,0,0,65500,386,53,0,0,204,0,0,220940,0,65535
67,0,5,0,0,0,0,0,551130,0,0,0,0,114,65632,0,0,0,0,0,0,0,0,0,0,0,0,0,0,0,0,0,0,0,65488,0,28,56,0,164,0,0,73813,0,65501
67,0,6,0,0,0,0,0,551130,0,0,0,0,52,0,0,0,0,0,0,0,0,0,0,0,0,0,0,0,0,0,0,0,0,0,0,0,0,40,137,0,0,0,0,0
67,0,7,0,0,0,0,0,551130,0,0,0,0,49,0,0,0,0,0,0,0,0,0,0,0,0,0,0,0,0,0,0,0,0,0,150,0,0,0,94,0,0,0,0,0
67,0,8,0,0,0,0,0,551130,0,0,0,0,55,0,0,0,0,0,0,0,0,0,0,0,0,0,0,0,0,0,0,0,0,0,0,0,25,0,117,0,0,0,0,0
68,0,0,0,0,0,0,0,1102242,0,0,258,262208,116,0,0,0,0,0,2352,0,0,0,0,0,0,0,0,258,258,0,130863,0,392061,262208,0,255,0,116,238,0,0,0,0,646226
68,0,1,0,0,0,0,0,551121,2352,0,0,0,708,0,0,0,0,0,2352,0,0,0,0,0,0,0,0,0,129,0,65420,0,130789,0,0,120,106,124,1195,0,0,98119,0,0
68,0,2,0,0,0,0,0,551121,0,0,0,0,71,65632,0,0,0,0,0,0,0,0,0,0,0,0,0,0,0,0,65419,0,0,65494,0,189,59,0,163,0,0,32880,0,65547
68,0,3,0,0,0,0,0,551121,0,0,0,0,84,65632,0,0,0,0,0,0,0,0,0,0,0,0,0,0,0,0,0,0,0,65494,0,14,0,65,119,205102,0,0,0,65540
68,0,4,0,0,0,0,0,551121,0,0,0,0,98,65632,0,0,0,0,0,0,0,0,0,0,0,0,0,0,0,0,0,0,0,65501,394,53,0,0,202,0,0,220905,0,65541
68,0,5,0,0,0,0,0,551121,0,0,0,0,123,65632,0,0,0,0,0,0,0,0,0,0,0,0,0,0,0,0,0,0,0,65489,0,28,47,0,175,0,0,73817,0,65501
68,0,6,0,0,0,0,0,551121,0,0,0,0,52,0,0,0,0,0,0,0,0,0,0,0,0,0,0,0,0,0,0,0,0,0,0,0,0,40,136,0,0,0,0,0
68,0,7,0,0,0,0,0,551121,0,0,0,0,49,0,0,0,0,0,0,0,0,0,0,0,0,0,0,0,0,0,0,0,0,0,150,0,0,0,94,0,0,0,0,0
68,0,8,0,0,0,0,0,551121,0,0,0,0,55,0,0,0,0,0,0,0,0,0,0,0,0,0,0,0,0,0,0,0,0,0,0,0,25,0,117,0,0,0,0,0
69,0,0,0,0,0,0,0,1102366,0,0,258,262208,116,0,0,0,0,0,2352,0,0,0,0,0,0,0,0,258,258,0,130861,0,392058,262208,0,255,0,116,238,0,0,0,0,646376
69,0,1,0,0,0,0,0,551183,2352,0,0,0,721,0,0,0,0,0,2352,0,0,0,0,0,0,0,0,0,124,0,65416,0,130788,0,0,116,103,118,1224,0,0,98135,0,0
69,0,2,0,0,0,0,0,551183,0,0,0,0,75,65632,0,0,0,0,0,0,0,0,0,0,0,0,0,0,0,0,65419,0,0,65494,0,193,56,0,168,0,0,32872,0,65554
69,0,3,0,0,0,0,0,551183,0,0,0,0,80,65632,0,0,0,0,0,0,0,0,0,0,0,0,0,0,0,0,0,0,0,65493,0,11,0,69,115,205101,0,0,0,65530
69,0,4,0,0,0,0,0,551183,0,0,0,0,100,65632,0,0,0,0,0,0,0,0,0,0,0,0,0,0,0,0,0,0,0,65503,381,53,0,0,208,0,0,220963,0,65525
69,0,5,0,0,0,0,0,551183,0,0,0,0,116,65632,0,0,0,0,0,0,0,0,0,0,0,0,0,0,0,0,0,0,0,65488,0,29,54,0,163,0,0,73813,0,65500
69,0,6,0,0,0,0,0,551183,0,0,0,0,52,0,0,0,0,0,0,0,0,0,0,0,0,0,0,0,0,0,0,0,0,0,0,0,0,40,139,0,0,0,0,0
69,0,7,0,0,0,0,0,551183,0,0,0,0,49,0,0,0,0,0,0,0,0,0,0,0,0,0,0,0,0,0,0,0,0,0,150,0,0,0,94,0,0,0,0,0
69,0,8,0,0,0,0,0,551183,0,0,0,0,55,0,0,0,0,0,0,0,0,0,0,0,0,0,0,0,0,0,0,0,0,0,0,0,25,0,116,0,0,0,0,0
70,0,0,0,0,0,0,0,1625814,0,0,388,393312,116,0,0,0,0,0,2562,0,0,0,0,0,0,0,0,388,388,0,261589,0,522676,393312,0,324,0,116,238,0,0,0,0,1098294
70,0,1,0,0,0,0,0,812907,2562,0,0,0,811,0,0,0,0,0,2562,0,0,0,0,0,0,0,0,0,194,0,130807,0,130776,0,0,133,122,124,1384,0,0,65395,0,0
70,0,2,0,0,0,0,0,812907,0,0,0,0,68,65632,0,0,0,0,0,0,0,0,0,0,0,0,0,0,0,0,65424,0,0,65501,0,184,51,0,150,0,0,147,0,65564
70,0,3,0,0,0,0,0,812907,0,0,0,0,76,65632,0,0,0,0,0,0,0,0,0,0,0,0,0,0,0,0,65423,0,0,65500,0,38,0,63,105,500124,0,0,0,65508
70,0,4,0,0,0,0,0,812907,0,0,0,0,98,65632,0,0,0,0,0,0,0,0,0,0,0,0,0,0,0,0,65423,0,0,65502,442,111,0,2,208,0,0,543999,0,65441
70,0,5,0,0,0,0,0,812907,0,0,0,0,112,65632,0,0,0,0,0,0,0,0,0,0,0,0,0,0,0,0,0,0,0,65485,0,24,57,0,168,0,0,147338,0,65498
70,0,6,0,0,0,0,0,812907,0,0,0,0,107,65632,0,0,0,0,0,0,0,0,0,0,0,0,0,0,0,0,0,0,0,65501,0,0,0,62,246,286196,0,0,0,65546
70,0,7,0,0,0,0,0,812907,0,0,0,0,99,65632,0,0,0,0,0,0,0,0,0,0,0,0,0,0,0,0,0,0,0,65517,230,0,0,2,165,0,0,114656,0,65477
70,0,8,0,0,0,0,0,812907,0,0,0,0,55,0,0,0,0,0,0,0,0,0,0,0,0,0,0,0,0,0,0,0,0,0,0,0,25,0,121,0,0,0,0,0
71,0,0,0,0,0,0,0,1625856,0,0,388,393312,116,0,0,0,0,0,2562,0,0,0,0,0,0,0,0,388,388,0,261588,0,522619,393312,0,324,0,116,238,0,0,0,0,1098389
71,0,1,0,0,0,0,0,812928,2562,0,0,0,801,0,0,0,0,0,2562,0,0,0,0,0,0,0,0,0,189,0,130805,0,130753,0,0,138,121,130,1355,0,0,65389,0,0
71,0,2,0,0,0,0,0,812928,0,0,0,0,63,65632,0,0,0,0,0,0,0,0,0,0,0,0,0,0,0,0,65417,0,0,65499,0,180,55,0,144,0,0,150,0,65565
71,0,3,0,0,0,0,0,812928,0,0,0,0,85,65632,0,0,0,0,0,0,0,0,0,0,0,0,0,0,0,0,65424,0,0,65497,0,33,0,54,117,491989,0,0,0,65511
71,0,4,0,0,0,0,0,812928,0,0,0,0,101,65632,0,0,0,0,0,0,0,0,0,0,0,0,0,0,0,0,65423,0,0,65503,457,113,0,2,204,0,0,544013,0,65438
71,0,5,0,0,0,0,0,812928,0,0,0,0,113,65632,0,0,0,0,0,0,0,0,0,0,0,0,0,0,0,0,0,0,0,65484,0,30,56,0,167,0,0,147374,0,65495
71,0,6,0,0,0,0,0,812928,0,0,0,0,103,65632,0,0,0,0,0,0,0,0,0,0,0,0,0,0,0,0,0,0,0,65500,0,0,0,66,247,286238,0,0,0,65547
71,0,7,0,0,0,0,0,812928,0,0,0,0,101,65632,0,0,0,0,0,0,0,0,0,0,0,0,0,0,0,0,0,0,0,65517,222,0,0,2,165,0,0,110603,0,65480
71,0,8,0,0,0,0,0,812928,0,0,0,0,53,0,0,0,0,0,0,0,0,0,0,0,0,0,0,0,0,0,0,0,0,0,0,0,27,0,113,0,0,0,0,0
72,0,0,0,0,0,0,0,1625996,0,0,390,393312,116,0,0,0,0,0,2565,0,0,0,0,0,0,0,0,390,390,0,261587,0,522673,393312,0,324,0,116,238,0,0,0,0,1106870
72,0,1,0,0,0,0,0,812998,2565,0,0,0,814,0,0,0,0,0,2565,0,0,0,0,0,0,0,0,0,200,0,130806,0,130775,0,0,134,118,126,1374,0,0,65390,0,0
72,0,2,0,0,0,0,0,812998,0,0,0,0,68,65632,0,0,0,0,0,0,0,0,0,0,0,0,0,0,0,0,65423,0,0,65502,0,181,53,0,153,0,0,149,0,65564
72,0,3,0,0,0,0,0,812998,0,0,0,0,77,65632,0,0,0,0,0,0,0,0,0,0,0,0,0,0,0,0,65424,0,0,65496,0,39,0,62,100,500248,0,0,0,65500
72,0,4,0,0,0,0,0,812998,0,0,0,0,92,65632,0,0,0,0,0,0,0,0,0,0,0,0,0,0,0,0,65423,0,0,65501,455,114,0,1,198,0,0,544052,0,65434
72,0,5,0,0,0,0,0,812998,0,0,0,0,117,65632,0,0,0,0,0,0,0,0,0,0,0,0,0,0,0,0,0,0,0,65487,0,25,52,0,176,0,0,147356,0,65492
72,0,6,0,0,0,0,0,812998,0,0,0,0,110,65632,0,0,0,0,0,0,0,0,0,0,0,0,0,0,0,0,0,0,0,65499,0,0,0,59,248,286206,0,0,0,65548
72,0,7,0,0,0,0,0,812998,0,0,0,0,106,65632,0,0,0,0,0,0,0,0,0,0,0,0,0,0,0,0,0,0,0,65517,230,0,0,1,169,0,0,106492,0,65477
72,0,8,0,0,0,0,0,812998,0,0,0,0,58,0,0,0,0,0,0,0,0,0,0,0,0,0,0,0,0,0,0,0,0,0,0,0,22,0,124,0,0,0,0,0
73,0,0,0,0,0,0,0,317761,0,0,18,65540,116,0,0,0,0,0,1977,0,0,0,0,0,0,0,0,18,18,0,0,0,130981,65540,0,196,0,116,238,0,0,0,0,65560
73,0,1,0,0,0,0,0,158881,1977,0,0,0,546,0,0,0,0,0,1977,0,0,0,0,0,0,0,0,0,5,0,0,0,65508,0,0,91,87,91,933,0,0,65560,0,0
73,0,2,0,0,0,0,0,158881,0,0,0,0,56,65560,0,0,0,0,0,0,0,0,0,0,0,0,0,0,0,0,0,0,0,65521,0,135,52,0,132,0,0,0,0,65560
73,0,3,0,0,0,0,0,158881,0,0,0,0,49,0,0,0,0,0,0,0,0,0,0,0,0,0,0,0,0,0,0,0,0,0,0,11,0,43,68,0,0,0,0,0
73,0,4,0,0,0,0,0,158881,0,0,0,0,49,0,0,0,0,0,0,0,0,0,0,0,0,0,0,0,0,0,0,0,0,0,267,53,0,0,101,0,0,0,0,0
73,0,5,0,0,0,0,0,158881,0,0,0,0,64,0,0,0,0,0,0,0,0,0,0,0,0,0,0,0,0,0,0,0,0,0,0,27,28,0,87,0,0,0,0,0
73,0,6,0,0,0,0,0,158881,0,0,0,0,55,0,0,0,0,0,0,0,0,0,0,0,0,0,0,0,0,0,0,0,0,0,0,0,0,37,142,0,0,0,0,0
73,0,7,0,0,0,0,0,158881,0,0,0,0,49,0,0,0,0,0,0,0,0,0,0,0,0,0,0,0,0,0,0,0,0,0,153,0,0,0,94,0,0,0,0,0
73,0,8,0,0,0,0,0,158881,0,0,0,0,55,0,0,0,0,0,0,0,0,0,0,0,0,0,0,0,0,0,0,0,0,0,0,0,25,0,115,0,0,0,0,0
74,0,0,0,0,0,0,0,317740,0,0,18,65540,116,0,0,0,0,0,1977,0,0,0,0,0,0,0,0,18,18,0,0,0,130988,65540,0,196,0,116,238,0,0,0,0,65560
74,0,1,0,0,0,0,0,158870,1977,0,0,0,554,0,0,0,0,0,1977,0,0,0,0,0,0,0,0,0,5,0,0,0,65512,0,0,90,82,89,941,0,0,65560,0,0
74,0,2,0,0,0,0,0,158869,0,0,0,0,59,65560,0,0,0,0,0,0,0,0,0,0,0,0,0,0,0,0,0,0,0,65524,0,134,49,0,138,0,0,0,0,65560
74,0,3,0,0,0,0,0,158870,0,0,0,0,46,0,0,0,0,0,0,0,0,0,0,0,0,0,0,0,0,0,0,0,0,0,0,11,0,46,61,0,0,0,0,0
74,0,4,0,0,0,0,0,158870,0,0,0,0,46,0,0,0,0,0,0,0,0,0,0,0,0,0,0,0,0,0,0,0,0,0,270,53,0,0,99,0,0,0,0,0
74,0,5,0,0,0,0,0,158870,0,0,0,0,64,0,0,0,0,0,0,0,0,0,0,0,0,0,0,0,0,0,0,0,0,0,0,25,28,0,90,0,0,0,0,0
74,0,6,0,0,0,0,0,158870,0,0,0,0,52,0,0,0,0,0,0,0,0,0,0,0,0,0,0,0,0,0,0,0,0,0,0,0,0,40,139,0,0,0,0,0
74,0,7,0,0,0,0,0,158870,0,0,0,0,49,0,0,0,0,0,0,0,0,0,0,0,0,0,0,0,0,0,0,0,0,0,150,0,0,0,94,0,0,0,0,0
74,0,8,0,0,0,0,0,158870,0,0,0,0,55,0,0,0,0,0,0,0,0,0,0,0,0,0,0,0,0,0,0,0,0,0,0,0,25,0,117,0,0,0,0,0
75,0,0,0,0,0,0,0,317711,0,0,18,65540,116,0,0,0,0,0,1977,0,0,0,0,0,0,0,0,18,18,0,0,0,130987,65540,0,196,0,116,238,0,0,0,0,65560
75,0,1,0,0,0,0,0,158856,1977,0,0,0,550,0,0,0,0,0,1977,0,0,0,0,0,0,0,0,0,4,0,0,0,65510,0,0,91,85,89,938,0,0,65560,0,0
75,0,2,0,0,0,0,0,158856,0,0,0,0,57,65560,0,0,0,0,0,0,0,0,0,0,0,0,0,0,0,0,0,0,0,65525,0,137,51,0,133,0,0,0,0,65560
75,0,3,0,0,0,0,0,158856,0,0,0,0,49,0,0,0,0,0,0,0,0,0,0,0,0,0,0,0,0,0,0,0,0,0,0,8,0,43,69,0,0,0,0,0
75,0,4,0,0,0,0,0,158856,0,0,0,0,49,0,0,0,0,0,0,0,0,0,0,0,0,0,0,0,0,0,0,0,0,0,267,53,0,0,101,0,0,0,0,0
75,0,5,0,0,0,0,0,158856,0,0,0,0,61,0,0,0,0,0,0,0,0,0,0,0,0,0,0,0,0,0,0,0,0,0,0,27,31,0,82,0,0,0,0,0
75,0,6,0,0,0,0,0,158856,0,0,0,0,55,0,0,0,0,0,0,0,0,0,0,0,0,0,0,0,0,0,0,0,0,0,0,0,0,37,145,0,0,0,0,0
75,0,7,0,0,0,0,0,158856,0,0,0,0,49,0,0,0,0,0,0,0,0,0,0,0,0,0,0,0,0,0,0,0,0,0,150,0,0,0,94,0,0,0,0,0
75,0,8,0,0,0,0,0,158856,0,0,0,0,52,0,0,0,0,0,0,0,0,0,0,0,0,0,0,0,0,0,0,0,0,0,0,0,28,0,112,0,0,0,0,0
76,0,0,0,0,0,0,0,579507,0,0,34,131080,116,0,0,0,0,0,2004,0,0,0,0,0,0,0,0,34,34,0,131020,0,130986,131080,0,215,0,116,238,0,0,0,0,229133
76,0,1,0,0,0,0,0,289754,2004,0,0,0,559,0,0,0,0,0,2004,0,0,0,0,0,0,0,0,0,14,0,0,0,65509,0,0,91,94,88,949,0,0,65511,0,0
76,0,2,0,0,0,0,0,289753,0,0,0,0,55,65560,0,0,0,0,0,0,0,0,0,0,0,0,0,0,0,0,0,0,0,65525,0,134,52,0,132,0,0,28,0,65547
76,0,3,0,0,0,0,0,289754,0,0,0,0,61,65560,0,0,0,0,0,0,0,0,0,0,0,0,0,0,0,0,0,0,0,65527,0,11,0,48,87,22,0,0,0,65548
76,0,4,0,0,0,0,0,289754,0,0,0,0,49,0,0,0,0,0,0,0,0,0,0,0,0,0,0,0,0,0,0,0,0,0,278,53,0,1,101,0,0,0,0,0
76,0,5,0,0,0,0,0,289754,0,0,0,0,61,0,0,0,0,0,0,0,0,0,0,0,0,0,0,0,0,0,0,0,0,0,0,28,31,0,84,0,0,0,0,0
76,0,6,0,0,0,0,0,289754,0,0,0,0,55,0,0,0,0,0,0,0,0,0,0,0,0,0,0,0,0,0,0,0,0,0,0,0,0,37,142,0,0,0,0,0
76,0,7,0,0,0,0,0,289754,0,0,0,0,49,0,0,0,0,0,0,0,0,0,0,0,0,0,0,0,0,0,0,0,0,0,150,0,0,0,94,0,0,0,0,0
76,0,8,0,0,0,0,0,289754,0,0,0,0,52,0,0,0,0,0,0,0,0,0,0,0,0,0,0,0,0,0,0,0,0,0,0,0,28,0,112,0,0,0,0,0
77,0,0,0,0,0,0,0,579543,0,0,34,131080,116,0,0,0,0,0,2007,0,0,0,0,0,0,0,0,34,34,0,131018,0,130974,131080,0,215,0,116,238,0,0,0,0,229103
77,0,1,0,0,0,0,0,289772,2007,0,0,0,556,0,0,0,0,0,2007,0,0,0,0,0,0,0,0,0,15,0,0,0,65509,0,0,91,94,91,949,0,0,65518,0,0
77,0,2,0,0,0,0,0,289772,0,0,0,0,55,65560,0,0,0,0,0,0,0,0,0,0,0,0,0,0,0,0,0,0,0,65524,0,135,51,0,129,0,0,24,0,65548
77,0,3,0,0,0,0,0,289772,0,0,0,0,59,65560,0,0,0,0,0,0,0,0,0,0,0,0,0,0,0,0,0,0,0,65526,0,11,0,50,86,23,0,0,0,65548
77,0,4,0,0,0,0,0,289772,0,0,0,0,49,0,0,0,0,0,0,0,0,0,0,0,0,0,0,0,0,0,0,0,0,0,276,53,0,1,101,0,0,0,0,0
77,0,5,0,0,0,0,0,289772,0,0,0,0,61,0,0,0,0,0,0,0,0,0,0,0,0,0,0,0,0,0,0,0,0,0,0,27,31,0,84,0,0,0,0,0
77,0,6,0,0,0,0,0,289772,0,0,0,0,55,0,0,0,0,0,0,0,0,0,0,0,0,0,0,0,0,0,0,0,0,0,0,0,0,37,142,0,0,0,0,0
77,0,7,0,0,0,0,0,289772,0,0,0,0,49,0,0,0,0,0,0,0,0,0,0,0,0,0,0,0,0,0,0,0,0,0,150,0,0,0,94,0,0,0,0,0
77,0,8,0,0,0,0,0,289772,0,0,0,0,52,0,0,0,0,0,0,0,0,0,0,0,0,0,0,0,0,0,0,0,0,0,0,0,28,0,113,0,0,0,0,0
78,0,0,0,0,0,0,0,579527,0,0,34,131080,116,0,0,0,0,0,2004,0,0,0,0,0,0,0,0,34,34,0,131019,0,130988,131080,0,215,0,116,238,0,0,0,0,229113
78,0,1,0,0,0,0,0,289764,2004,0,0,0,555,0,0,0,0,0,2004,0,0,0,0,0,0,0,0,0,17,0,0,0,65512,0,0,90,90,97,950,0,0,65517,0,0
78,0,2,0,0,0,0,0,289763,0,0,0,0,59,65560,0,0,0,0,0,0,0,0,0,0,0,0,0,0,0,0,0,0,0,65524,0,127,48,0,134,0,0,24,0,65548
78,0,3,0,0,0,0,0,289764,0,0,0,0,55,65560,0,0,0,0,0,0,0,0,0,0,0,0,0,0,0,0,0,0,0,65528,0,14,0,54,75,23,0,0,0,65548
78,0,4,0,0,0,0,0,289764,0,0,0,0,46,0,0,0,0,0,0,0,0,0,0,0,0,0,0,0,0,0,0,0,0,0,277,53,0,1,99,0,0,0,0,0
78,0,5,0,0,0,0,0,289764,0,0,0,0,66,0,0,0,0,0,0,0,0,0,0,0,0,0,0,0,0,0,0,0,0,0,0,28,26,0,96,0,0,0,0,0
78,0,6,0,0,0,0,0,289764,0,0,0,0,52,0,0,0,0,0,0,0,0,0,0,0,0,0,0,0,0,0,0,0,0,0,0,0,0,40,136,0,0,0,0,0
78,0,7,0,0,0,0,0,289764,0,0,0,0,49,0,0,0,0,0,0,0,0,0,0,0,0,0,0,0,0,0,0,0,0,0,153,0,0,0,94,0,0,0,0,0
78,0,8,0,0,0,0,0,289764,0,0,0,0,58,0,0,0,0,0,0,0,0,0,0,0,0,0,0,0,0,0,0,0,0,0,0,0,22,0,118,0,0,0,0,0
79,0,0,0,0,0,0,0,1103517,0,0,66,262160,116,0,0,0,0,0,2067,0,0,0,0,0,0,0,0,66,66,0,131019,0,392928,262160,0,213,0,116,238,0,0,0,0,622405
79,0,1,0,0,0,0,0,551759,2067,0,0,0,588,0,0,0,0,0,2067,0,0,0,0,0,0,0,0,0,35,0,65507,0,131002,0,0,96,87,95,997,0,0,65507,0,0
79,0,2,0,0,0,0,0,551759,0,0,0,0,55,65560,0,0,0,0,0,0,0,0,0,0,0,0,0,0,0,0,65507,0,0,65525,0,146,46,0,128,0,0,35,0,65543
79,0,3,0,0,0,0,0,551759,0,0,0,0,56,65560,0,0,0,0,0,0,0,0,0,0,0,0,0,0,0,0,0,0,0,65528,0,11,0,51,76,229434,0,0,0,65537
79,0,4,0,0,0,0,0,551759,0,0,0,0,61,65560,0,0,0,0,0,0,0,0,0,0,0,0,0,0,0,0,0,0,0,65528,293,53,0,1,129,0,0,212945,0,65532
79,0,5,0,0,0,0,0,551759,0,0,0,0,74,65560,0,0,0,0,0,0,0,0,0,0,0,0,0,0,0,0,0,0,0,65524,0,28,36,0,108,0,0,49173,0,65533
79,0,6,0,0,0,0,0,551759,0,0,0,0,52,0,0,0,0,0,0,0,0,0,0,0,0,0,0,0,0,0,0,0,0,0,0,0,0,40,139,0,0,0,0,0
79,0,7,0,0,0,0,0,551759,0,0,0,0,49,0,0,0,0,0,0,0,0,0,0,0,0,0,0,0,0,0,0,0,0,0,150,0,0,0,94,0,0,0,0,0
79,0,8,0,0,0,0,0,551759,0,0,0,0,55,0,0,0,0,0,0,0,0,0,0,0,0,0,0,0,0,0,0,0,0,0,0,0,25,0,117,0,0,0,0,0
80,0,0,0,0,0,0,0,1103517,0,0,66,262160,116,0,0,0,0,0,2064,0,0,0,0,0,0,0,0,66,66,0,131021,0,392926,262160,0,213,0,116,238,0,0,0,0,622444
80,0,1,0,0,0,0,0,551759,2064,0,0,0,580,0,0,0,0,0,2064,0,0,0,0,0,0,0,0,0,31,0,65506,0,131001,0,0,97,87,102,987,0,0,65516,0,0
80,0,2,0,0,0,0,0,551759,0,0,0,0,55,65560,0,0,0,0,0,0,0,0,0,0,0,0,0,0,0,0,65507,0,0,65525,0,140,46,0,127,0,0,26,0,65548
80,0,3,0,0,0,0,0,551759,0,0,0,0,57,65560,0,0,0,0,0,0,0,0,0,0,0,0,0,0,0,0,0,0,0,65526,0,12,0,50,77,229451,0,0,0,65533
80,0,4,0,0,0,0,0,551759,0,0,0,0,62,65560,0,0,0,0,0,0,0,0,0,0,0,0,0,0,0,0,0,0,0,65527,295,53,0,0,129,0,0,212925,0,65533
80,0,5,0,0,0,0,0,551759,0,0,0,0,71,65560,0,0,0,0,0,0,0,0,0,0,0,0,0,0,0,0,0,0,0,65524,0,31,40,0,108,0,0,65571,0,65528
80,0,6,0,0,0,0,0,551759,0,0,0,0,52,0,0,0,0,0,0,0,0,0,0,0,0,0,0,0,0,0,0,0,0,0,0,0,0,40,138,0,0,0,0,0
80,0,7,0,0,0,0,0,551759,0,0,0,0,49,0,0,0,0,0,0,0,0,0,0,0,0,0,0,0,0,0,0,0,0,0,145,0,0,0,94,0,0,0,0,0
80,0,8,0,0,0,0,0,551759,0,0,0,0,50,0,0,0,0,0,0,0,0,0,0,0,0,0,0,0,0,0,0,0,0,0,0,0,30,0,109,0,0,0,0,0
81,0,0,0,0,0,0,0,1103527,0,0,66,262160,116,0,0,0,0,0,2064,0,0,0,0,0,0,0,0,66,66,0,131020,0,392929,262160,0,213,0,116,238,0,0,0,0,622402
81,0,1,0,0,0,0,0,551764,2064,0,0,0,580,0,0,0,0,0,2064,0,0,0,0,0,0,0,0,0,31,0,65506,0,131002,0,0,97,91,98,984,0,0,65516,0,0
81,0,2,0,0,0,0,0,551763,0,0,0,0,51,65560,0,0,0,0,0,0,0,0,0,0,0,0,0,0,0,0,65508,0,0,65525,0,147,50,0,120,0,0,26,0,65548
81,0,3,0,0,0,0,0,551764,0,0,0,0,58,65560,0,0,0,0,0,0,0,0,0,0,0,0,0,0,0,0,0,0,0,65527,0,11,0,49,81,229425,0,0,0,65537
81,0,4,0,0,0,0,0,551764,0,0,0,0,62,65560,0,0,0,0,0,0,0,0,0,0,0,0,0,0,0,0,0,0,0,65528,294,53,0,0,129,0,0,212936,0,65532
81,0,5,0,0,0,0,0,551764,0,0,0,0,77,65560,0,0,0,0,0,0,0,0,0,0,0,0,0,0,0,0,0,0,0,65524,0,30,34,0,108,0,0,49173,0,65533
81,0,6,0,0,0,0,0,551764,0,0,0,0,55,0,0,0,0,0,0,0,0,0,0,0,0,0,0,0,0,0,0,0,0,0,0,0,0,37,142,0,0,0,0,0
81,0,7,0,0,0,0,0,551764,0,0,0,0,49,0,0,0,0,0,0,0,0,0,0,0,0,0,0,0,0,0,0,0,0,0,153,0,0,0,94,0,0,0,0,0
81,0,8,0,0,0,0,0,551764,0,0,0,0,55,0,0,0,0,0,0,0,0,0,0,0,0,0,0,0,0,0,0,0,0,0,0,0,25,0,115,0,0,0,0,0
82,0,0,0,0,0,0,0,1627847,0,0,100,393240,116,0,0,0,0,0,2130,0,0,0,0,0,0,0,0,100,100,0,261985,0,523886,393240,0,230,0,116,238,0,0,0,0,1048693
82,0,1,0,0,0,0,0,813924,2130,0,0,0,613,0,0,0,0,0,2130,0,0,0,0,0,0,0,0,0,50,0,131005,0,130999,0,0,104,92,93,1039,0,0,65510,0,0
82,0,2,0,0,0,0,0,813924,0,0,0,0,52,65560,0,0,0,0,0,0,0,0,0,0,0,0,0,0,0,0,65508,0,0,65527,0,147,46,0,125,0,0,31,0,65547
82,0,3,0,0,0,0,0,813924,0,0,0,0,54,65560,0,0,0,0,0,0,0,0,0,0,0,0,0,0,0,0,65501,0,0,65528,0,19,0,49,72,442477,0,0,0,65535
82,0,4,0,0,0,0,0,813924,0,0,0,0,60,65560,0,0,0,0,0,0,0,0,0,0,0,0,0,0,0,0,65508,0,0,65529,306,68,0,1,126,0,0,507735,0,65512
82,0,5,0,0,0,0,0,813924,0,0,0,0,78,65560,0,0,0,0,0,0,0,0,0,0,0,0,0,0,0,0,0,0,0,65524,0,26,33,0,112,0,0,147426,0,65528
82,0,6,0,0,0,0,0,813924,0,0,0,0,68,65560,0,0,0,0,0,0,0,0,0,0,0,0,0,0,0,0,0,0,0,65525,0,0,0,43,168,212879,0,0,0,65540
82,0,7,0,0,0,0,0,813924,0,0,0,0,60,65560,0,0,0,0,0,0,0,0,0,0,0,0,0,0,0,0,0,0,0,65532,175,0,0,2,111,0,0,98298,0,65522
82,0,8,0,0,0,0,0,813924,0,0,0,0,58,0,0,0,0,0,0,0,0,0,0,0,0,0,0,0,0,0,0,0,0,0,0,0,22,0,122,0,0,0,0,0
83,0,0,0,0,0,0,0,1627828,0,0,100,393240,116,0,0,0,0,0,2130,0,0,0,0,0,0,0,0,100,100,0,262006,0,523882,393240,0,230,0,116,238,0,0,0,0,1048779
83,0,1,0,0,0,0,0,813914,2130,0,0,0,638,0,0,0,0,0,2130,0,0,0,0,0,0,0,0,0,51,0,131002,0,131001,0,0,104,91,69,1060,0,0,65525,0,0
83,0,2,0,0,0,0,0,813914,0,0,0,0,51,65560,0,0,0,0,0,0,0,0,0,0,0,0,0,0,0,0,65508,0,0,65526,0,165,48,0,129,0,0,36,0,65543
83,0,3,0,0,0,0,0,813914,0,0,0,0,55,65560,0,0,0,0,0,0,0,0,0,0,0,0,0,0,0,0,65508,0,0,65528,0,17,0,48,73,442521,0,0,0,65535
83,0,4,0,0,0,0,0,813914,0,0,0,0,60,65560,0,0,0,0,0,0,0,0,0,0,0,0,0,0,0,0,65507,0,0,65528,308,69,0,1,125,0,0,507766,0,65507
83,0,5,0,0,0,0,0,813914,0,0,0,0,72,65560,0,0,0,0,0,0,0,0,0,0,0,0,0,0,0,0,0,0,0,65524,0,17,39,0,97,0,0,147439,0,65527
83,0,6,0,0,0,0,0,813914,0,0,0,0,67,65560,0,0,0,0,0,0,0,0,0,0,0,0,0,0,0,0,0,0,0,65527,0,0,0,44,169,212900,0,0,0,65537
83,0,7,0,0,0,0,0,813914,0,0,0,0,62,65560,0,0,0,0,0,0,0,0,0,0,0,0,0,0,0,0,0,0,0,65530,168,0,0,2,112,0,0,98306,0,65523
83,0,8,0,0,0,0,0,813914,0,0,0,0,54,0,0,0,0,0,0,0,0,0,0,0,0,0,0,0,0,0,0,0,0,0,0,0,26,0,127,0,0,0,0,0
84,0,0,0,0,0,0,0,1627860,0,0,100,393240,116,0,0,0,0,0,2130,0,0,0,0,0,0,0,0,100,100,0,262006,0,523887,393240,0,230,0,116,238,0,0,0,0,1048661
84,0,1,0,0,0,0,0,813930,2130,0,0,0,608,0,0,0,0,0,2130,0,0,0,0,0,0,0,0,0,51,0,131005,0,131001,0,0,104,97,93,1027,0,0,65507,0,0
84,0,2,0,0,0,0,0,813930,0,0,0,0,53,65560,0,0,0,0,0,0,0,0,0,0,0,0,0,0,0,0,65508,0,0,65526,0,147,45,0,126,0,0,35,0,65544
84,0,3,0,0,0,0,0,813930,0,0,0,0,51,65560,0,0,0,0,0,0,0,0,0,0,0,0,0,0,0,0,65508,0,0,65528,0,22,0,52,70,442489,0,0,0,65535
84,0,4,0,0,0,0,0,813930,0,0,0,0,56,65560,0,0,0,0,0,0,0,0,0,0,0,0,0,0,0,0,65508,0,0,65529,314,68,0,1,122,0,0,507719,0,65512
84,0,5,0,0,0,0,0,813930,0,0,0,0,79,65560,0,0,0,0,0,0,0,0,0,0,0,0,0,0,0,0,0,0,0,65524,0,26,32,0,113,0,0,147429,0,65525
84,0,6,0,0,0,0,0,813930,0,0,0,0,65,65560,0,0,0,0,0,0,0,0,0,0,0,0,0,0,0,0,0,0,0,65527,0,0,0,46,162,212884,0,0,0,65540
84,0,7,0,0,0,0,0,813930,0,0,0,0,63,65560,0,0,0,0,0,0,0,0,0,0,0,0,0,0,0,0,0,0,0,65532,169,0,0,2,114,0,0,98293,0,65524
84,0,8,0,0,0,0,0,813930,0,0,0,0,58,0,0,0,0,0,0,0,0,0,0,0,0,0,0,0,0,0,0,0,0,0,0,0,22,0,122,0,0,0,0,0
85,0,0,0,0,0,0,0,962180,0,0,6706,73728,116,0,0,0,0,0,12009,0,0,0,0,0,0,0,0,6706,6706,0,0,0,73728,73728,0,196,0,116,238,0,0,0,0,24576
85,0,1,0,0,0,0,0,481090,12009,0,0,0,4450,0,0,0,0,0,12009,0,0,0,0,0,0,0,0,0,747,0,0,0,39471,0,0,90,84,2879,8742,0,0,24576,0,0
85,0,2,0,0,0,0,0,481090,0,0,0,0,3959,24576,0,0,0,0,0,0,0,0,0,0,0,0,0,0,0,0,0,0,0,34257,0,131,2838,0,7938,0,0,0,0,24576
85,0,3,0,0,0,0,0,481090,0,0,0,0,46,0,0,0,0,0,0,0,0,0,0,0,0,0,0,0,0,0,0,0,0,0,0,15,0,46,59,0,0,0,0,0
85,0,4,0,0,0,0,0,481090,0,0,0,0,46,0,0,0,0,0,0,0,0,0,0,0,0,0,0,0,0,0,0,0,0,0,264,53,0,0,99,0,0,0,0,0
85,0,5,0,0,0,0,0,481090,0,0,0,0,67,0,0,0,0,0,0,0,0,0,0,0,0,0,0,0,0,0,0,0,0,0,0,25,25,0,96,0,0,0,0,0
85,0,6,0,0,0,0,0,481090,0,0,0,0,55,0,0,0,0,0,0,0,0,0,0,0,0,0,0,0,0,0,0,0,0,0,0,0,0,37,138,0,0,0,0,0
85,0,7,0,0,0,0,0,481090,0,0,0,0,49,0,0,0,0,0,0,0,0,0,0,0,0,0,0,0,0,0,0,0,0,0,159,0,0,0,94,0,0,0,0,0
85,0,8,0,0,0,0,0,481090,0,0,0,0,61,0,0,0,0,0,0,0,0,0,0,0,0,0,0,0,0,0,0,0,0,0,0,0,19,0,123,0,0,0,0,0
86,0,0,0,0,0,0,0,962133,0,0,6706,73728,116,0,0,0,0,0,12009,0,0,0,0,0,0,0,0,6706,6706,0,0,0,73728,73728,0,196,0,116,238,0,0,0,0,24576
86,0,1,0,0,0,0,0,481066,12009,0,0,0,4450,0,0,0,0,0,12009,0,0,0,0,0,0,0,0,0,743,0,0,0,39471,0,0,90,82,2881,8740,0,0,24576,0,0
86,0,2,0,0,0,0,0,481066,0,0,0,0,3962,24576,0,0,0,0,0,0,0,0,0,0,0,0,0,0,0,0,0,0,0,34257,0,129,2835,0,7941,0,0,0,0,24576
86,0,3,0,0,0,0,0,481066,0,0,0,0,46,0,0,0,0,0,0,0,0,0,0,0,0,0,0,0,0,0,0,0,0,0,0,11,0,46,61,0,0,0,0,0
86,0,4,0,0,0,0,0,481066,0,0,0,0,46,0,0,0,0,0,0,0,0,0,0,0,0,0,0,0,0,0,0,0,0,0,269,53,0,0,99,0,0,0,0,0
86,0,5,0,0,0,0,0,481066,0,0,0,0,63,0,0,0,0,0,0,0,0,0,0,0,0,0,0,0,0,0,0,0,0,0,0,28,29,0,91,0,0,0,0,0
86,0,6,0,0,0,0,0,481066,0,0,0,0,52,0,0,0,0,0,0,0,0,0,0,0,0,0,0,0,0,0,0,0,0,0,0,0,0,40,139,0,0,0,0,0
86,0,7,0,0,0,0,0,481066,0,0,0,0,49,0,0,0,0,0,0,0,0,0,0,0,0,0,0,0,0,0,0,0,0,0,150,0,0,0,94,0,0,0,0,0
86,0,8,0,0,0,0,0,481066,0,0,0,0,55,0,0,0,0,0,0,0,0,0,0,0,0,0,0,0,0,0,0,0,0,0,0,0,25,0,114,0,0,0,0,0
87,0,0,0,0,0,0,0,962198,0,0,6706,73728,116,0,0,0,0,0,12009,0,0,0,0,0,0,0,0,6706,6706,0,0,0,73728,73728,0,196,0,116,238,0,0,0,0,24576
87,0,1,0,0,0,0,0,481099,12009,0,0,0,4447,0,0,0,0,0,12009,0,0,0,0,0,0,0,0,0,769,0,0,0,39470,0,0,91,87,2878,8735,0,0,24576,0,0
87,0,2,0,0,0,0,0,481098,0,0,0,0,3958,24576,0,0,0,0,0,0,0,0,0,0,0,0,0,0,0,0,0,0,0,34258,0,134,2839,0,7935,0,0,0,0,24576
87,0,3,0,0,0,0,0,481099,0,0,0,0,49,0,0,0,0,0,0,0,0,0,0,0,0,0,0,0,0,0,0,0,0,0,0,11,0,43,68,0,0,0,0,0
87,0,4,0,0,0,0,0,481099,0,0,0,0,49,0,0,0,0,0,0,0,0,0,0,0,0,0,0,0,0,0,0,0,0,0,267,53,0,0,101,0,0,0,0,0
87,0,5,0,0,0,0,0,481099,0,0,0,0,61,0,0,0,0,0,0,0,0,0,0,0,0,0,0,0,0,0,0,0,0,0,0,28,31,0,84,0,0,0,0,0
87,0,6,0,0,0,0,0,481099,0,0,0,0,55,0,0,0,0,0,0,0,0,0,0,0,0,0,0,0,0,0,0,0,0,0,0,0,0,37,142,0,0,0,0,0
87,0,7,0,0,0,0,0,481099,0,0,0,0,49,0,0,0,0,0,0,0,0,0,0,0,0,0,0,0,0,0,0,0,0,0,150,0,0,0,94,0,0,0,0,0
87,0,8,0,0,0,0,0,481099,0,0,0,0,52,0,0,0,0,0,0,0,0,0,0,0,0,0,0,0,0,0,0,0,0,0,0,0,28,0,111,0,0,0,0,0
88,0,0,0,0,0,0,0,1052779,0,0,6560,147456,116,0,0,0,0,0,11793,0,0,0,0,0,0,0,0,6560,6560,0,73728,0,73728,147456,0,3477,0,116,238,0,0,0,0,49152
88,0,1,0,0,0,0,0,526390,11793,0,0,0,5492,0,0,0,0,0,11793,0,0,0,0,0,0,0,0,0,4845,0,0,0,40118,0,0,90,876,900,9148,0,0,24576,0,0
88,0,2,0,0,0,0,0,526390,0,0,0,0,2466,24576,0,0,0,0,0,0,0,0,0,0,0,0,0,0,0,0,0,0,0,33618,0,129,904,0,5001,0,0,0,0,24576
88,0,3,0,0,0,0,0,526390,0,0,0,0,2464,24576,0,0,0,0,0,0,0,0,0,0,0,0,0,0,0,0,0,0,0,33609,0,9,0,907,3277,0,0,0,0,24576
88,0,4,0,0,0,0,0,526390,0,0,0,0,46,0,0,0,0,0,0,0,0,0,0,0,0,0,0,0,0,0,0,0,0,0,2686,53,0,1,99,0,0,0,0,0
88,0,5,0,0,0,0,0,526390,0,0,0,0,60,0,0,0,0,0,0,0,0,0,0,0,0,0,0,0,0,0,0,0,0,0,0,28,32,0,88,0,0,0,0,0
88,0,6,0,0,0,0,0,526390,0,0,0,0,52,0,0,0,0,0,0,0,0,0,0,0,0,0,0,0,0,0,0,0,0,0,0,0,0,40,141,0,0,0,0,0
88,0,7,0,0,0,0,0,526390,0,0,0,0,49,0,0,0,0,0,0,0,0,0,0,0,0,0,0,0,0,0,0,0,0,0,147,0,0,0,94,0,0,0,0,0
88,0,8,0,0,0,0,0,526390,0,0,0,0,52,0,0,0,0,0,0,0,0,0,0,0,0,0,0,0,0,0,0,0,0,0,0,0,28,0,112,0,0,0,0,0
89,0,0,0,0,0,0,0,1053083,0,0,6560,147456,116,0,0,0,0,0,11796,0,0,0,0,0,0,0,0,6560,6560,0,73728,0,73728,147456,0,3477,0,116,238,0,0,0,0,49152
89,0,1,0,0,0,0,0,526542,11796,0,0,0,5494,0,0,0,0,0,11796,0,0,0,0,0,0,0,0,0,3273,0,0,0,40906,0,0,90,880,894,9227,0,0,24576,0,0
89,0,2,0,0,0,0,0,526542,0,0,0,0,2509,24576,0,0,0,0,0,0,0,0,0,0,0,0,0,0,0,0,0,0,0,32822,0,131,862,0,5047,0,0,0,0,24576
89,0,3,0,0,0,0,0,526542,0,0,0,0,2427,24576,0,0,0,0,0,0,0,0,0,0,0,0,0,0,0,0,0,0,0,32832,0,14,0,944,3236,0,0,0,0,24576
89,0,4,0,0,0,0,0,526542,0,0,0,0,46,0,0,0,0,0,0,0,0,0,0,0,0,0,0,0,0,0,0,0,0,0,2651,53,0,0,99,0,0,0,0,0
89,0,5,0,0,0,0,0,526542,0,0,0,0,67,0,0,0,0,0,0,0,0,0,0,0,0,0,0,0,0,0,0,0,0,0,0,27,25,0,95,0,0,0,0,0
89,0,6,0,0,0,0,0,526542,0,0,0,0,52,0,0,0,0,0,0,0,0,0,0,0,0,0,0,0,0,0,0,0,0,0,0,0,0,40,136,0,0,0,0,0
89,0,7,0,0,0,0,0,526542,0,0,0,0,49,0,0,0,0,0,0,0,0,0,0,0,0,0,0,0,0,0,0,0,0,0,153,0,0,0,94,0,0,0,0,0
89,0,8,0,0,0,0,0,526542,0,0,0,0,58,0,0,0,0,0,0,0,0,0,0,0,0,0,0,0,0,0,0,0,0,0,0,0,22,0,119,0,0,0,0,0
90,0,0,0,0,0,0,0,1053273,0,0,6562,147456,116,0,0,0,0,0,11796,0,0,0,0,0,0,0,0,6562,6562,0,73728,0,73728,147456,0,3477,0,116,238,0,0,0,0,49152
90,0,1,0,0,0,0,0,526637,11796,0,0,0,5458,0,0,0,0,0,11796,0,0,0,0,0,0,0,0,0,3274,0,0,0,40933,0,0,91,905,906,9154,0,0,24576,0,0
90,0,2,0,0,0,0,0,526637,0,0,0,0,2503,24576,0,0,0,0,0,0,0,0,0,0,0,0,0,0,0,0,0,0,0,32798,0,135,869,0,5028,0,0,0,0,24576
90,0,3,0,0,0,0,0,526637,0,0,0,0,2466,24576,0,0,0,0,0,0,0,0,0,0,0,0,0,0,0,0,0,0,0,32820,0,11,0,905,3303,0,0,0,0,24576
90,0,4,0,0,0,0,0,526637,0,0,0,0,49,0,0,0,0,0,0,0,0,0,0,0,0,0,0,0,0,0,0,0,0,0,2683,53,0,1,101,0,0,0,0,0
90,0,5,0,0,0,0,0,526637,0,0,0,0,64,0,0,0,0,0,0,0,0,0,0,0,0,0,0,0,0,0,0,0,0,0,0,27,28,0,87,0,0,0,0,0
90,0,6,0,0,0,0,0,526637,0,0,0,0,55,0,0,0,0,0,0,0,0,0,0,0,0,0,0,0,0,0,0,0,0,0,0,0,0,37,142,0,0,0,0,0
90,0,7,0,0,0,0,0,526637,0,0,0,0,49,0,0,0,0,0,0,0,0,0,0,0,0,0,0,0,0,0,0,0,0,0,153,0,0,0,94,0,0,0,0,0
90,0,8,0,0,0,0,0,526637,0,0,0,0,55,0,0,0,0,0,0,0,0,0,0,0,0,0,0,0,0,0,0,0,0,0,0,0,25,0,116,0,0,0,0,0
91,0,0,0,0,0,0,0,1071804,0,0,7776,294912,116,0,0,0,0,0,13632,0,0,0,0,0,0,0,0,7776,7776,0,73728,0,221184,294912,0,2141,0,116,238,0,0,0,0,98304
91,0,1,0,0,0,0,0,535902,13632,0,0,0,5273,0,0,0,0,0,13632,0,0,0,0,0,0,0,0,0,1479,0,33173,0,74037,0,0,725,941,1637,9312,0,0,24576,0,0
91,0,2,0,0,0,0,0,535902,0,0,0,0,1344,24576,0,0,0,0,0,0,0,0,0,0,0,0,0,0,0,0,39107,0,0,38086,0,1319,690,0,2561,0,0,0,0,24576
91,0,3,0,0,0,0,0,535902,0,0,0,0,1403,24576,0,0,0,0,0,0,0,0,0,0,0,0,0,0,0,0,0,0,0,42036,0,14,0,632,2273,24577,0,0,0,24576
91,0,4,0,0,0,0,0,535902,0,0,0,0,1388,24576,0,0,0,0,0,0,0,0,0,0,0,0,0,0,0,0,0,0,0,49433,3729,53,0,0,2751,0,0,24576,0,24576
91,0,5,0,0,0,0,0,535902,0,0,0,0,1569,24576,0,0,0,0,0,0,0,0,0,0,0,0,0,0,0,0,0,0,0,34621,0,27,466,0,2355,0,0,0,0,24576
91,0,6,0,0,0,0,0,535902,0,0,0,0,52,0,0,0,0,0,0,0,0,0,0,0,0,0,0,0,0,0,0,0,0,0,0,0,0,40,136,0,0,0,0,0
91,0,7,0,0,0,0,0,535902,0,0,0,0,49,0,0,0,0,0,0,0,0,0,0,0,0,0,0,0,0,0,0,0,0,0,153,0,0,0,94,0,0,0,0,0
91,0,8,0,0,0,0,0,535902,0,0,0,0,58,0,0,0,0,0,0,0,0,0,0,0,0,0,0,0,0,0,0,0,0,0,0,0,22,0,121,0,0,0,0,0
92,0,0,0,0,0,0,0,1072546,0,0,7776,294912,116,0,0,0,0,0,13629,0,0,0,0,0,0,0,0,7776,7776,0,73728,0,221184,294912,0,2141,0,116,238,0,0,0,0,98304
92,0,1,0,0,0,0,0,536273,13629,0,0,0,5268,0,0,0,0,0,13629,0,0,0,0,0,0,0,0,0,1422,0,39353,0,67808,0,0,736,963,1609,9402,0,0,24576,0,0
92,0,2,0,0,0,0,0,536273,0,0,0,0,1365,24576,0,0,0,0,0,0,0,0,0,0,0,0,0,0,0,0,39102,0,0,48450,0,1314,670,0,2614,0,0,0,0,24576
92,0,3,0,0,0,0,0,536273,0,0,0,0,1389,24576,0,0,0,0,0,0,0,0,0,0,0,0,0,0,0,0,0,0,0,42067,0,14,0,646,2282,24576,0,0,0,24576
92,0,4,0,0,0,0,0,536273,0,0,0,0,1424,24576,0,0,0,0,0,0,0,0,0,0,0,0,0,0,0,0,0,0,0,38126,3654,53,0,1,2776,0,0,24576,0,24576
92,0,5,0,0,0,0,0,536273,0,0,0,0,1541,24576,0,0,0,0,0,0,0,0,0,0,0,0,0,0,0,0,0,0,0,34626,0,28,493,0,2331,0,0,0,0,24576
92,0,6,0,0,0,0,0,536273,0,0,0,0,52,0,0,0,0,0,0,0,0,0,0,0,0,0,0,0,0,0,0,0,0,0,0,0,0,40,136,0,0,0,0,0
92,0,7,0,0,0,0,0,536273,0,0,0,0,49,0,0,0,0,0,0,0,0,0,0,0,0,0,0,0,0,0,0,0,0,0,150,0,0,0,94,0,0,0,0,0
92,0,8,0,0,0,0,0,536273,0,0,0,0,55,0,0,0,0,0,0,0,0,0,0,0,0,0,0,0,0,0,0,0,0,0,0,0,25,0,117,0,0,0,0,0
93,0,0,0,0,0,0,0,1071823,0,0,7768,294912,116,0,0,0,0,0,13620,0,0,0,0,0,0,0,0,7768,7768,0,73728,0,221184,294912,0,2139,0,116,238,0,0,0,0,98304
93,0,1,0,0,0,0,0,535912,13620,0,0,0,5226,0,0,0,0,0,13620,0,0,0,0,0,0,0,0,0,1391,0,39332,0,67783,0,0,741,993,1608,9306,0,0,24576,0,0
93,0,2,0,0,0,0,0,535912,0,0,0,0,1341,24576,0,0,0,0,0,0,0,0,0,0,0,0,0,0,0,0,39144,0,0,48428,0,1292,692,0,2609,0,0,0,0,24576
93,0,3,0,0,0,0,0,535912,0,0,0,0,1383,24576,0,0,0,0,0,0,0,0,0,0,0,0,0,0,0,0,0,0,0,42125,0,14,0,650,2305,24576,0,0,0,24576
93,0,4,0,0,0,0,0,535912,0,0,0,0,1413,24576,0,0,0,0,0,0,0,0,0,0,0,0,0,0,0,0,0,0,0,38159,3678,53,0,1,2758,0,0,24576,0,24576
93,0,5,0,0,0,0,0,535912,0,0,0,0,1566,24576,0,0,0,0,0,0,0,0,0,0,0,0,0,0,0,0,0,0,0,34584,0,27,467,0,2376,0,0,0,0,24576
93,0,6,0,0,0,0,0,535912,0,0,0,0,52,0,0,0,0,0,0,0,0,0,0,0,0,0,0,0,0,0,0,0,0,0,0,0,0,40,136,0,0,0,0,0
93,0,7,0,0,0,0,0,535912,0,0,0,0,49,0,0,0,0,0,0,0,0,0,0,0,0,0,0,0,0,0,0,0,0,0,153,0,0,0,94,0,0,0,0,0
93,0,8,0,0,0,0,0,535912,0,0,0,0,58,0,0,0,0,0,0,0,0,0,0,0,0,0,0,0,0,0,0,0,0,0,0,0,22,0,121,0,0,0,0,0
94,0,0,0,0,0,0,0,1115407,0,0,8052,442368,116,0,0,0,0,0,14055,0,0,0,0,0,0,0,0,8052,8052,0,147456,0,294912,442368,0,2882,0,116,238,0,0,0,0,147456
94,0,1,0,0,0,0,0,557704,14055,0,0,0,6055,0,0,0,0,0,14055,0,0,0,0,0,0,0,0,0,4283,0,73628,0,77825,0,0,763,1099,937,10483,0,0,24576,0,0
94,0,2,0,0,0,0,0,557704,0,0,0,0,960,24576,0,0,0,0,0,0,0,0,0,0,0,0,0,0,0,0,35301,0,0,46304,0,1020,472,0,1972,0,0,0,0,24576
94,0,3,0,0,0,0,0,557704,0,0,0,0,922,24576,0,0,0,0,0,0,0,0,0,0,0,0,0,0,0,0,35734,0,0,45557,0,490,0,511,1474,49153,0,0,0,24576
94,0,4,0,0,0,0,0,557704,0,0,0,0,941,24576,0,0,0,0,0,0,0,0,0,0,0,0,0,0,0,0,36807,0,0,44044,3830,1072,0,2,1988,0,0,24576,0,24576
94,0,5,0,0,0,0,0,557704,0,0,0,0,951,24576,0,0,0,0,0,0,0,0,0,0,0,0,0,0,0,0,0,0,0,40073,0,27,482,0,1432,0,0,0,0,24576
94,0,6,0,0,0,0,0,557704,0,0,0,0,913,24576,0,0,0,0,0,0,0,0,0,0,0,0,0,0,0,0,0,0,0,42392,0,0,0,520,1864,24576,0,0,0,24576
94,0,7,0,0,0,0,0,557704,0,0,0,0,927,24576,0,0,0,0,0,0,0,0,0,0,0,0,0,0,0,0,0,0,0,41394,1476,0,0,1,1296,0,0,0,0,24576
94,0,8,0,0,0,0,0,557704,0,0,0,0,58,0,0,0,0,0,0,0,0,0,0,0,0,0,0,0,0,0,0,0,0,0,0,0,22,0,122,0,0,0,0,0
95,0,0,0,0,0,0,0,1115883,0,0,8050,442368,116,0,0,0,0,0,14055,0,0,0,0,0,0,0,0,8050,8050,0,147456,0,294912,442368,0,2882,0,116,238,0,0,0,0,147456
95,0,1,0,0,0,0,0,557942,14055,0,0,0,5958,0,0,0,0,0,14055,0,0,0,0,0,0,0,0,0,4010,0,74186,0,74296,0,0,786,1120,988,10314,0,0,24576,0,0
95,0,2,0,0,0,0,0,557942,0,0,0,0,904,24576,0,0,0,0,0,0,0,0,0,0,0,0,0,0,0,0,35178,0,0,40340,0,1000,528,0,1885,0,0,0,0,24576
95,0,3,0,0,0,0,0,557942,0,0,0,0,912,24576,0,0,0,0,0,0,0,0,0,0,0,0,0,0,0,0,38389,0,0,49144,0,476,0,521,1499,49151,0,0,0,24576
95,0,4,0,0,0,0,0,557942,0,0,0,0,929,24576,0,0,0,0,0,0,0,0,0,0,0,0,0,0,0,0,38101,0,0,41902,3844,1052,0,2,1971,0,0,24576,0,24576
95,0,5,0,0,0,0,0,557942,0,0,0,0,947,24576,0,0,0,0,0,0,0,0,0,0,0,0,0,0,0,0,0,0,0,39405,0,28,486,0,1447,0,0,0,0,24576
95,0,6,0,0,0,0,0,557942,0,0,0,0,922,24576,0,0,0,0,0,0,0,0,0,0,0,0,0,0,0,0,0,0,0,42072,0,0,0,511,1887,24576,0,0,0,24576
95,0,7,0,0,0,0,0,557942,0,0,0,0,948,24576,0,0,0,0,0,0,0,0,0,0,0,0,0,0,0,0,0,0,0,39200,1458,0,0,2,1335,0,0,0,0,24576
95,0,8,0,0,0,0,0,557942,0,0,0,0,55,0,0,0,0,0,0,0,0,0,0,0,0,0,0,0,0,0,0,0,0,0,0,0,25,0,117,0,0,0,0,0
96,0,0,0,0,0,0,0,1115536,0,0,8048,442368,116,0,0,0,0,0,14052,0,0,0,0,0,0,0,0,8048,8048,0,147456,0,294912,442368,0,2880,0,116,238,0,0,0,0,147456
96,0,1,0,0,0,0,0,557768,14052,0,0,0,5954,0,0,0,0,0,14052,0,0,0,0,0,0,0,0,0,3931,0,74141,0,74233,0,0,784,1131,981,10332,0,0,24576,0,0
96,0,2,0,0,0,0,0,557768,0,0,0,0,915,24576,0,0,0,0,0,0,0,0,0,0,0,0,0,0,0,0,35133,0,0,40448,0,999,518,0,1903,0,0,0,0,24576
96,0,3,0,0,0,0,0,557768,0,0,0,0,903,24576,0,0,0,0,0,0,0,0,0,0,0,0,0,0,0,0,38393,0,0,49371,0,493,0,530,1485,49153,0,0,0,24576
96,0,4,0,0,0,0,0,557768,0,0,0,0,950,24576,0,0,0,0,0,0,0,0,0,0,0,0,0,0,0,0,38179,0,0,41737,3830,1053,0,1,1993,0,0,24576,0,24576
96,0,5,0,0,0,0,0,557768,0,0,0,0,965,24576,0,0,0,0,0,0,0,0,0,0,0,0,0,0,0,0,0,0,0,39439,0,27,468,0,1468,0,0,0,0,24576
96,0,6,0,0,0,0,0,557768,0,0,0,0,917,24576,0,0,0,0,0,0,0,0,0,0,0,0,0,0,0,0,0,0,0,42165,0,0,0,514,1863,24576,0,0,0,24576
96,0,7,0,0,0,0,0,557768,0,0,0,0,946,24576,0,0,0,0,0,0,0,0,0,0,0,0,0,0,0,0,0,0,0,39029,1459,0,0,1,1332,0,0,0,0,24576
96,0,8,0,0,0,0,0,557768,0,0,0,0,58,0,0,0,0,0,0,0,0,0,0,0,0,0,0,0,0,0,0,0,0,0,0,0,22,0,122,0,0,0,0,0
97,0,0,0,0,0,0,0,375373,0,0,2106,67584,116,0,0,0,0,0,5109,0,0,0,0,0,0,0,0,2106,2106,0,0,0,87387,67584,0,196,0,116,238,0,0,0,0,6144
97,0,1,0,0,0,0,0,187686,5109,0,0,0,1697,0,0,0,0,0,5109,0,0,0,0,0,0,0,0,0,415,0,0,0,52719,0,0,91,87,1028,3238,0,0,6144,0,0
97,0,2,0,0,0,0,0,187685,0,0,0,0,1211,6144,0,0,0,0,0,0,0,0,0,0,0,0,0,0,0,0,0,0,0,59277,0,132,986,0,2440,0,0,0,0,6144
97,0,3,0,0,0,0,0,187686,0,0,0,0,49,0,0,0,0,0,0,0,0,0,0,0,0,0,0,0,0,0,0,0,0,0,0,11,0,43,68,0,0,0,0,0
97,0,4,0,0,0,0,0,187686,0,0,0,0,49,0,0,0,0,0,0,0,0,0,0,0,0,0,0,0,0,0,0,0,0,0,267,53,0,0,101,0,0,0,0,0
97,0,5,0,0,0,0,0,187686,0,0,0,0,64,0,0,0,0,0,0,0,0,0,0,0,0,0,0,0,0,0,0,0,0,0,0,29,28,0,88,0,0,0,0,0
97,0,6,0,0,0,0,0,187686,0,0,0,0,55,0,0,0,0,0,0,0,0,0,0,0,0,0,0,0,0,0,0,0,0,0,0,0,0,37,142,0,0,0,0,0
97,0,7,0,0,0,0,0,187686,0,0,0,0,49,0,0,0,0,0,0,0,0,0,0,0,0,0,0,0,0,0,0,0,0,0,153,0,0,0,94,0,0,0,0,0
97,0,8,0,0,0,0,0,187686,0,0,0,0,55,0,0,0,0,0,0,0,0,0,0,0,0,0,0,0,0,0,0,0,0,0,0,0,25,0,113,0,0,0,0,0
98,0,0,0,0,0,0,0,375413,0,0,2106,67584,116,0,0,0,0,0,5109,0,0,0,0,0,0,0,0,2106,2106,0,0,0,87391,67584,0,196,0,116,238,0,0,0,0,6144
98,0,1,0,0,0,0,0,187707,5109,0,0,0,1690,0,0,0,0,0,5109,0,0,0,0,0,0,0,0,0,421,0,0,0,52722,0,0,90,81,1042,3235,0,0,6144,0,0
98,0,2,0,0,0,0,0,187707,0,0,0,0,1211,6144,0,0,0,0,0,0,0,0,0,0,0,0,0,0,0,0,0,0,0,59278,0,125,985,0,2434,0,0,0,0,6144
98,0,3,0,0,0,0,0,187707,0,0,0,0,46,0,0,0,0,0,0,0,0,0,0,0,0,0,0,0,0,0,0,0,0,0,0,12,0,46,62,0,0,0,0,0
98,0,4,0,0,0,0,0,187707,0,0,0,0,46,0,0,0,0,0,0,0,0,0,0,0,0,0,0,0,0,0,0,0,0,0,264,53,0,0,99,0,0,0,0,0
98,0,5,0,0,0,0,0,187707,0,0,0,0,55,0,0,0,0,0,0,0,0,0,0,0,0,0,0,0,0,0,0,0,0,0,0,28,37,0,87,0,0,0,0,0
98,0,6,0,0,0,0,0,187707,0,0,0,0,55,0,0,0,0,0,0,0,0,0,0,0,0,0,0,0,0,0,0,0,0,0,0,0,0,37,141,0,0,0,0,0
98,0,7,0,0,0,0,0,187707,0,0,0,0,49,0,0,0,0,0,0,0,0,0,0,0,0,0,0,0,0,0,0,0,0,0,147,0,0,0,94,0,0,0,0,0
98,0,8,0,0,0,0,0,187707,0,0,0,0,49,0,0,0,0,0,0,0,0,0,0,0,0,0,0,0,0,0,0,0,0,0,0,0,31,0,108,0,0,0,0,0
99,0,0,0,0,0,0,0,375516,0,0,2108,67584,116,0,0,0,0,0,5112,0,0,0,0,0,0,0,0,2108,2108,0,0,0,87381,67584,0,196,0,116,238,0,0,0,0,6144
99,0,1,0,0,0,0,0,187758,5112,0,0,0,1684,0,0,0,0,0,5112,0,0,0,0,0,0,0,0,0,412,0,0,0,52714,0,0,91,87,1043,3217,0,0,6144,0,0
99,0,2,0,0,0,0,0,187758,0,0,0,0,1199,6144,0,0,0,0,0,0,0,0,0,0,0,0,0,0,0,0,0,0,0,59281,0,133,999,0,2415,0,0,0,0,6144
99,0,3,0,0,0,0,0,187758,0,0,0,0,46,0,0,0,0,0,0,0,0,0,0,0,0,0,0,0,0,0,0,0,0,0,0,18,0,46,59,0,0,0,0,0
99,0,4,0,0,0,0,0,187758,0,0,0,0,47,0,0,0,0,0,0,0,0,0,0,0,0,0,0,0,0,0,0,0,0,0,264,53,0,0,99,0,0,0,0,0
99,0,5,0,0,0,0,0,187758,0,0,0,0,61,0,0,0,0,0,0,0,0,0,0,0,0,0,0,0,0,0,0,0,0,0,0,23,31,0,90,0,0,0,0,0
99,0,6,0,0,0,0,0,187758,0,0,0,0,55,0,0,0,0,0,0,0,0,0,0,0,0,0,0,0,0,0,0,0,0,0,0,0,0,37,135,0,0,0,0,0
99,0,7,0,0,0,0,0,187758,0,0,0,0,49,0,0,0,0,0,0,0,0,0,0,0,0,0,0,0,0,0,0,0,0,0,152,0,0,0,94,0,0,0,0,0
99,0,8,0,0,0,0,0,187758,0,0,0,0,54,0,0,0,0,0,0,0,0,0,0,0,0,0,0,0,0,0,0,0,0,0,0,0,26,0,118,0,0,0,0,0
100,0,0,0,0,0,0,0,382791,0,0,2156,135168,116,0,0,0,0,0,5187,0,0,0,0,0,0,0,0,2156,2156,0,104401,0,87406,135168,0,1275,0,116,238,0,0,0,0,12288
100,0,1,0,0,0,0,0,191396,5187,0,0,0,1845,0,0,0,0,0,5187,0,0,0,0,0,0,0,0,0,1173,0,0,0,52695,0,0,90,486,533,3300,0,0,6144,0,0
100,0,2,0,0,0,0,0,191396,0,0,0,0,744,6144,0,0,0,0,0,0,0,0,0,0,0,0,0,0,0,0,0,0,0,59325,0,131,425,0,1441,0,0,0,0,6144
100,0,3,0,0,0,0,0,191396,0,0,0,0,745,6144,0,0,0,0,0,0,0,0,0,0,0,0,0,0,0,0,0,0,0,59647,0,18,0,424,1157,0,0,0,0,6144
100,0,4,0,0,0,0,0,191396,0,0,0,0,46,0,0,0,0,0,0,0,0,0,0,0,0,0,0,0,0,0,0,0,0,0,962,53,0,1,99,0,0,0,0,0
100,0,5,0,0,0,0,0,191396,0,0,0,0,64,0,0,0,0,0,0,0,0,0,0,0,0,0,0,0,0,0,0,0,0,0,0,24,28,0,94,0,0,0,0,0
100,0,6,0,0,0,0,0,191396,0,0,0,0,55,0,0,0,0,0,0,0,0,0,0,0,0,0,0,0,0,0,0,0,0,0,0,0,0,37,135,0,0,0,0,0
100,0,7,0,0,0,0,0,191396,0,0,0,0,49,0,0,0,0,0,0,0,0,0,0,0,0,0,0,0,0,0,0,0,0,0,156,0,0,0,94,0,0,0,0,0
100,0,8,0,0,0,0,0,191396,0,0,0,0,58,0,0,0,0,0,0,0,0,0,0,0,0,0,0,0,0,0,0,0,0,0,0,0,22,0,122,0,0,0,0,0
101,0,0,0,0,0,0,0,383156,0,0,2156,135168,116,0,0,0,0,0,5191,0,0,0,0,0,0,0,0,2156,2156,0,104429,0,87477,135168,0,1275,0,116,238,0,0,0,0,12288
101,0,1,0,0,0,0,0,191578,5190,0,0,0,1836,0,0,0,0,0,5190,0,0,0,0,0,0,0,0,0,1155,0,0,0,52740,0,0,90,507,521,3294,0,0,6144,0,0
101,0,2,0,0,0,0,0,191577,0,0,0,0,748,6144,0,0,0,0,0,0,0,0,0,0,0,0,0,0,0,0,0,0,0,59337,0,128,421,0,1460,0,0,0,0,6144
101,0,3,0,0,0,0,0,191578,0,0,0,0,746,6144,0,0,0,0,0,0,0,0,0,0,0,0,0,0,0,0,0,0,0,59670,0,17,0,423,1180,0,0,0,0,6144
101,0,4,0,0,0,0,0,191578,0,0,0,0,46,0,0,0,0,0,0,0,0,0,0,0,0,0,0,0,0,0,0,0,0,0,963,53,0,1,99,0,0,0,0,0
101,0,5,0,0,0,0,0,191578,0,0,0,0,63,0,0,0,0,0,0,0,0,0,0,0,0,0,0,0,0,0,0,0,0,0,0,26,29,0,94,0,0,0,0,0
101,0,6,0,0,0,0,0,191578,0,0,0,0,55,0,0,0,0,0,0,0,0,0,0,0,0,0,0,0,0,0,0,0,0,0,0,0,0,37,136,0,0,0,0,0
101,0,7,0,0,0,0,0,191578,0,0,0,0,49,0,0,0,0,0,0,0,0,0,0,0,0,0,0,0,0,0,0,0,0,0,155,0,0,0,94,0,0,0,0,0
101,0,8,0,0,0,0,0,191578,0,0,0,0,57,0,0,0,0,0,0,0,0,0,0,0,0,0,0,0,0,0,0,0,0,0,0,0,23,0,119,0,0,0,0,0
102,0,0,0,0,0,0,0,383102,0,0,2156,135168,116,0,0,0,0,0,5187,0,0,0,0,0,0,0,0,2156,2156,0,104417,0,87460,135168,0,1275,0,116,238,0,0,0,0,12288
102,0,1,0,0,0,0,0,191551,5187,0,0,0,1841,0,0,0,0,0,5187,0,0,0,0,0,0,0,0,0,1152,0,0,0,52730,0,0,90,511,512,3300,0,0,6144,0,0
102,0,2,0,0,0,0,0,191551,0,0,0,0,746,6144,0,0,0,0,0,0,0,0,0,0,0,0,0,0,0,0,0,0,0,59332,0,132,422,0,1464,0,0,0,0,6144
102,0,3,0,0,0,0,0,191551,0,0,0,0,744,6144,0,0,0,0,0,0,0,0,0,0,0,0,0,0,0,0,0,0,0,59665,0,18,0,425,1182,0,0,0,0,6144
102,0,4,0,0,0,0,0,191551,0,0,0,0,46,0,0,0,0,0,0,0,0,0,0,0,0,0,0,0,0,0,0,0,0,0,961,53,0,1,99,0,0,0,0,0
102,0,5,0,0,0,0,0,191551,0,0,0,0,63,0,0,0,0,0,0,0,0,0,0,0,0,0,0,0,0,0,0,0,0,0,0,23,29,0,93,0,0,0,0,0
102,0,6,0,0,0,0,0,191551,0,0,0,0,55,0,0,0,0,0,0,0,0,0,0,0,0,0,0,0,0,0,0,0,0,0,0,0,0,37,135,0,0,0,0,0
102,0,7,0,0,0,0,0,191551,0,0,0,0,49,0,0,0,0,0,0,0,0,0,0,0,0,0,0,0,0,0,0,0,0,0,155,0,0,0,94,0,0,0,0,0
102,0,8,0,0,0,0,0,191551,0,0,0,0,57,0,0,0,0,0,0,0,0,0,0,0,0,0,0,0,0,0,0,0,0,0,0,0,23,0,122,0,0,0,0,0
103,0,0,0,0,0,0,0,501563,0,0,2936,270336,116,0,0,0,0,0,6372,0,0,0,0,0,0,0,0,2936,2936,0,105563,0,283473,270336,0,931,0,116,238,0,0,0,0,24576
103,0,1,0,0,0,0,0,250782,6372,0,0,0,2323,0,0,0,0,0,6372,0,0,0,0,0,0,0,0,0,22,0,52247,0,102013,0,0,448,352,613,4181,0,0,6144,0,0
103,0,2,0,0,0,0,0,250782,0,0,0,0,641,6144,0,0,0,0,0,0,0,0,0,0,0,0,0,0,0,0,52722,0,0,61338,0,668,184,0,1112,0,0,0,0,6144
103,0,3,0,0,0,0,0,250782,0,0,0,0,524,6144,0,0,0,0,0,0,0,0,0,0,0,0,0,0,0,0,0,0,0,61491,0,11,0,301,809,6144,0,0,0,6144
103,0,4,0,0,0,0,0,250782,0,0,0,0,526,6144,0,0,0,0,0,0,0,0,0,0,0,0,0,0,0,0,0,0,0,61304,1576,53,0,1,956,0,0,6144,0,6144
103,0,5,0,0,0,0,0,250782,0,0,0,0,644,6144,0,0,0,0,0,0,0,0,0,0,0,0,0,0,0,0,0,0,0,60953,0,30,181,0,867,0,0,0,0,6144
103,0,6,0,0,0,0,0,250782,0,0,0,0,55,0,0,0,0,0,0,0,0,0,0,0,0,0,0,0,0,0,0,0,0,0,0,0,0,37,142,0,0,0,0,0
103,0,7,0,0,0,0,0,250782,0,0,0,0,49,0,0,0,0,0,0,0,0,0,0,0,0,0,0,0,0,0,0,0,0,0,153,0,0,0,94,0,0,0,0,0
103,0,8,0,0,0,0,0,250782,0,0,0,0,55,0,0,0,0,0,0,0,0,0,0,0,0,0,0,0,0,0,0,0,0,0,0,0,25,0,115,0,0,0,0,0
104,0,0,0,0,0,0,0,501681,0,0,2936,270336,116,0,0,0,0,0,6369,0,0,0,0,0,0,0,0,2936,2936,0,105806,0,282780,270336,0,931,0,116,238,0,0,0,0,24576
104,0,1,0,0,0,0,0,250841,6369,0,0,0,2522,0,0,0,0,0,6369,0,0,0,0,0,0,0,0,0,3,0,52038,0,101722,0,0,397,247,570,4500,0,0,6144,0,0
104,0,2,0,0,0,0,0,250841,0,0,0,0,548,6144,0,0,0,0,0,0,0,0,0,0,0,0,0,0,0,0,52647,0,0,61405,0,622,277,0,1108,0,0,0,0,6144
104,0,3,0,0,0,0,0,250841,0,0,0,0,509,6144,0,0,0,0,0,0,0,0,0,0,0,0,0,0,0,0,0,0,0,61664,0,12,0,316,689,6144,0,0,0,6144
104,0,4,0,0,0,0,0,250841,0,0,0,0,583,6144,0,0,0,0,0,0,0,0,0,0,0,0,0,0,0,0,0,0,0,61264,1363,53,0,1,1064,0,0,6144,0,6144
104,0,5,0,0,0,0,0,250841,0,0,0,0,503,6144,0,0,0,0,0,0,0,0,0,0,0,0,0,0,0,0,0,0,0,60845,0,25,322,0,777,0,0,0,0,6144
104,0,6,0,0,0,0,0,250841,0,0,0,0,55,0,0,0,0,0,0,0,0,0,0,0,0,0,0,0,0,0,0,0,0,0,0,0,0,37,141,0,0,0,0,0
104,0,7,0,0,0,0,0,250841,0,0,0,0,49,0,0,0,0,0,0,0,0,0,0,0,0,0,0,0,0,0,0,0,0,0,153,0,0,0,94,0,0,0,0,0
104,0,8,0,0,0,0,0,250841,0,0,0,0,55,0,0,0,0,0,0,0,0,0,0,0,0,0,0,0,0,0,0,0,0,0,0,0,25,0,120,0,0,0,0,0
105,0,0,0,0,0,0,0,501774,0,0,2936,270336,116,0,0,0,0,0,6369,0,0,0,0,0,0,0,0,2936,2936,0,105538,0,283362,270336,0,931,0,116,238,0,0,0,0,24576
105,0,1,0,0,0,0,0,250887,6369,0,0,0,2336,0,0,0,0,0,6369,0,0,0,0,0,0,0,0,0,24,0,52238,0,101910,0,0,446,340,614,4192,0,0,6144,0,0
105,0,2,0,0,0,0,0,250886,0,0,0,0,618,6144,0,0,0,0,0,0,0,0,0,0,0,0,0,0,0,0,52681,0,0,61321,0,657,206,0,1100,0,0,0,0,6144
105,0,3,0,0,0,0,0,250887,0,0,0,0,534,6144,0,0,0,0,0,0,0,0,0,0,0,0,0,0,0,0,0,0,0,61497,0,18,0,291,800,6144,0,0,0,6144
105,0,4,0,0,0,0,0,250887,0,0,0,0,536,6144,0,0,0,0,0,0,0,0,0,0,0,0,0,0,0,0,0,0,0,61308,1556,53,0,1,968,0,0,6144,0,6144
105,0,5,0,0,0,0,0,250887,0,0,0,0,627,6144,0,0,0,0,0,0,0,0,0,0,0,0,0,0,0,0,0,0,0,60933,0,24,198,0,867,0,0,0,0,6144
105,0,6,0,0,0,0,0,250887,0,0,0,0,55,0,0,0,0,0,0,0,0,0,0,0,0,0,0,0,0,0,0,0,0,0,0,0,0,37,135,0,0,0,0,0
105,0,7,0,0,0,0,0,250887,0,0,0,0,49,0,0,0,0,0,0,0,0,0,0,0,0,0,0,0,0,0,0,0,0,0,156,0,0,0,94,0,0,0,0,0
105,0,8,0,0,0,0,0,250887,0,0,0,0,58,0,0,0,0,0,0,0,0,0,0,0,0,0,0,0,0,0,0,0,0,0,0,0,22,0,124,0,0,0,0,0
106,0,0,0,0,0,0,0,680518,0,0,3094,405504,116,0,0,0,0,0,6621,0,0,0,0,0,0,0,0,3094,3094,0,196300,0,360657,405504,0,1230,0,116,238,0,0,0,0,36864
106,0,1,0,0,0,0,0,340259,6621,0,0,0,2474,0,0,0,0,0,6621,0,0,0,0,0,0,0,0,0,10,0,96899,0,101877,0,0,603,347,472,4392,0,0,6144,0,0
106,0,2,0,0,0,0,0,340259,0,0,0,0,429,6144,0,0,0,0,0,0,0,0,0,0,0,0,0,0,0,0,52730,0,0,61437,0,521,177,0,753,0,0,0,0,6144
106,0,3,0,0,0,0,0,340259,0,0,0,0,433,6144,0,0,0,0,0,0,0,0,0,0,0,0,0,0,0,0,53238,0,0,62062,0,142,0,174,581,12288,0,0,0,6144
106,0,4,0,0,0,0,0,340259,0,0,0,0,434,6144,0,0,0,0,0,0,0,0,0,0,0,0,0,0,0,0,53120,0,0,61693,1677,312,0,2,747,0,0,6144,0,6144
106,0,5,0,0,0,0,0,340259,0,0,0,0,447,6144,0,0,0,0,0,0,0,0,0,0,0,0,0,0,0,0,0,0,0,60924,0,27,160,0,601,0,0,0,0,6144
106,0,6,0,0,0,0,0,340259,0,0,0,0,440,6144,0,0,0,0,0,0,0,0,0,0,0,0,0,0,0,0,0,0,0,61437,0,0,0,167,913,6144,0,0,0,6144
106,0,7,0,0,0,0,0,340259,0,0,0,0,433,6144,0,0,0,0,0,0,0,0,0,0,0,0,0,0,0,0,0,0,0,62334,663,0,0,1,734,0,0,0,0,6144
106,0,8,0,0,0,0,0,340259,0,0,0,0,52,0,0,0,0,0,0,0,0,0,0,0,0,0,0,0,0,0,0,0,0,0,0,0,28,0,116,0,0,0,0,0
107,0,0,0,0,0,0,0,680452,0,0,3094,405504,116,0,0,0,0,0,6621,0,0,0,0,0,0,0,0,3094,3094,0,196308,0,360668,405504,0,1230,0,116,238,0,0,0,0,36864
107,0,1,0,0,0,0,0,340226,6621,0,0,0,3618,0,0,0,0,0,6621,0,0,0,0,0,0,0,0,0,9,0,96903,0,102391,0,0,96,91,91,5536,0,0,6144,0,0
107,0,2,0,0,0,0,0,340226,0,0,0,0,434,6144,0,0,0,0,0,0,0,0,0,0,0,0,0,0,0,0,52736,0,0,61437,0,646,173,0,1013,0,0,0,0,6144
107,0,3,0,0,0,0,0,340226,0,0,0,0,431,6144,0,0,0,0,0,0,0,0,0,0,0,0,0,0,0,0,53245,0,0,62059,0,16,0,176,449,12288,0,0,0,6144
107,0,4,0,0,0,0,0,340226,0,0,0,0,428,6144,0,0,0,0,0,0,0,0,0,0,0,0,0,0,0,0,53119,0,0,61695,1681,566,0,2,994,0,0,6144,0,6144
107,0,5,0,0,0,0,0,340226,0,0,0,0,446,6144,0,0,0,0,0,0,0,0,0,0,0,0,0,0,0,0,0,0,0,60929,0,26,161,0,476,0,0,0,0,6144
107,0,6,0,0,0,0,0,340226,0,0,0,0,438,6144,0,0,0,0,0,0,0,0,0,0,0,0,0,0,0,0,0,0,0,61440,0,0,0,169,1037,6144,0,0,0,6144
107,0,7,0,0,0,0,0,340226,0,0,0,0,431,6144,0,0,0,0,0,0,0,0,0,0,0,0,0,0,0,0,0,0,0,62340,662,0,0,2,478,0,0,0,0,6144
107,0,8,0,0,0,0,0,340226,0,0,0,0,52,0,0,0,0,0,0,0,0,0,0,0,0,0,0,0,0,0,0,0,0,0,0,0,28,0,116,0,0,0,0,0
108,0,0,0,0,0,0,0,680582,0,0,3096,405504,116,0,0,0,0,0,6624,0,0,0,0,0,0,0,0,3096,3096,0,196089,0,361188,405504,0,1230,0,116,238,0,0,0,0,36864
108,0,1,0,0,0,0,0,340291,6624,0,0,0,2481,0,0,0,0,0,6624,0,0,0,0,0,0,0,0,0,14,0,97150,0,102397,0,0,600,474,343,4399,0,0,6144,0,0
108,0,2,0,0,0,0,0,340291,0,0,0,0,432,6144,0,0,0,0,0,0,0,0,0,0,0,0,0,0,0,0,52737,0,0,61436,0,520,174,0,886,0,0,0,0,6144
108,0,3,0,0,0,0,0,340291,0,0,0,0,429,6144,0,0,0,0,0,0,0,0,0,0,0,0,0,0,0,0,53244,0,0,61950,0,271,0,178,575,12288,0,0,0,6144
108,0,4,0,0,0,0,0,340291,0,0,0,0,433,6144,0,0,0,0,0,0,0,0,0,0,0,0,0,0,0,0,53111,0,0,61950,1682,315,0,0,748,0,0,6144,0,6144
108,0,5,0,0,0,0,0,340291,0,0,0,0,451,6144,0,0,0,0,0,0,0,0,0,0,0,0,0,0,0,0,0,0,0,60929,0,27,156,0,608,0,0,0,0,6144
108,0,6,0,0,0,0,0,340291,0,0,0,0,437,6144,0,0,0,0,0,0,0,0,0,0,0,0,0,0,0,0,0,0,0,61438,0,0,0,170,781,6144,0,0,0,6144
108,0,7,0,0,0,0,0,340291,0,0,0,0,435,6144,0,0,0,0,0,0,0,0,0,0,0,0,0,0,0,0,0,0,0,62337,663,0,0,1,735,0,0,0,0,6144
108,0,8,0,0,0,0,0,340291,0,0,0,0,55,0,0,0,0,0,0,0,0,0,0,0,0,0,0,0,0,0,0,0,0,0,0,0,25,0,119,0,0,0,0,0
109,0,0,0,0,0,0,0,234331,0,0,1026,66048,116,0,0,0,0,0,3489,0,0,0,0,0,0,0,0,1026,1026,0,0,0,120139,66048,0,196,0,116,238,0,0,0,0,1536
109,0,1,0,0,0,0,0,117166,3489,0,0,0,1356,0,0,0,0,0,3489,0,0,0,0,0,0,0,0,0,49,0,0,0,62374,0,0,89,79,299,2531,0,0,1536,0,0
109,0,2,0,0,0,0,0,117165,0,0,0,0,842,1536,0,0,0,0,0,0,0,0,0,0,0,0,0,0,0,0,0,0,0,63982,0,140,275,0,1712,0,0,0,0,1536
109,0,3,0,0,0,0,0,117166,0,0,0,0,46,0,0,0,0,0,0,0,0,0,0,0,0,0,0,0,0,0,0,0,0,0,0,15,0,46,53,0,0,0,0,0
109,0,4,0,0,0,0,0,117166,0,0,0,0,46,0,0,0,0,0,0,0,0,0,0,0,0,0,0,0,0,0,0,0,0,0,264,54,0,0,99,0,0,0,0,0
109,0,5,0,0,0,0,0,117166,0,0,0,0,65,0,0,0,0,0,0,0,0,0,0,0,0,0,0,0,0,0,0,0,0,0,0,17,27,0,93,0,0,0,0,0
109,0,6,0,0,0,0,0,117166,0,0,0,0,52,0,0,0,0,0,0,0,0,0,0,0,0,0,0,0,0,0,0,0,0,0,0,0,0,40,135,0,0,0,0,0
109,0,7,0,0,0,0,0,117166,0,0,0,0,46,0,0,0,0,0,0,0,0,0,0,0,0,0,0,0,0,0,0,0,0,0,157,0,0,0,90,0,0,0,0,0
109,0,8,0,0,0,0,0,117166,0,0,0,0,59,0,0,0,0,0,0,0,0,0,0,0,0,0,0,0,0,0,0,0,0,0,0,0,21,0,129,0,0,0,0,0
110,0,0,0,0,0,0,0,234282,0,0,1026,66048,116,0,0,0,0,0,3489,0,0,0,0,0,0,0,0,1026,1026,0,0,0,120136,66048,0,196,0,116,238,0,0,0,0,1536
110,0,1,0,0,0,0,0,117141,3489,0,0,0,1306,0,0,0,0,0,3489,0,0,0,0,0,0,0,0,0,60,0,0,0,62370,0,0,90,84,343,2448,0,0,1536,0,0
110,0,2,0,0,0,0,0,117141,0,0,0,0,815,1536,0,0,0,0,0,0,0,0,0,0,0,0,0,0,0,0,0,0,0,63982,0,131,302,0,1650,0,0,0,0,1536
110,0,3,0,0,0,0,0,117141,0,0,0,0,46,0,0,0,0,0,0,0,0,0,0,0,0,0,0,0,0,0,0,0,0,0,0,14,0,46,60,0,0,0,0,0
110,0,4,0,0,0,0,0,117141,0,0,0,0,46,0,0,0,0,0,0,0,0,0,0,0,0,0,0,0,0,0,0,0,0,0,270,53,0,0,99,0,0,0,0,0
110,0,5,0,0,0,0,0,117141,0,0,0,0,67,0,0,0,0,0,0,0,0,0,0,0,0,0,0,0,0,0,0,0,0,0,0,26,25,0,95,0,0,0,0,0
110,0,6,0,0,0,0,0,117141,0,0,0,0,52,0,0,0,0,0,0,0,0,0,0,0,0,0,0,0,0,0,0,0,0,0,0,0,0,40,136,0,0,0,0,0
110,0,7,0,0,0,0,0,117141,0,0,0,0,49,0,0,0,0,0,0,0,0,0,0,0,0,0,0,0,0,0,0,0,0,0,153,0,0,0,94,0,0,0,0,0
110,0,8,0,0,0,0,0,117141,0,0,0,0,58,0,0,0,0,0,0,0,0,0,0,0,0,0,0,0,0,0,0,0,0,0,0,0,22,0,119,0,0,0,0,0
111,0,0,0,0,0,0,0,234291,0,0,1026,66048,116,0,0,0,0,0,3489,0,0,0,0,0,0,0,0,1026,1026,0,0,0,120117,66048,0,196,0,116,238,0,0,0,0,1536
111,0,1,0,0,0,0,0,117146,3489,0,0,0,1304,0,0,0,0,0,3489,0,0,0,0,0,0,0,0,0,57,0,0,0,62366,0,0,91,87,341,2449,0,0,1536,0,0
111,0,2,0,0,0,0,0,117146,0,0,0,0,815,1536,0,0,0,0,0,0,0,0,0,0,0,0,0,0,0,0,0,0,0,63979,0,134,302,0,1649,0,0,0,0,1536
111,0,3,0,0,0,0,0,117146,0,0,0,0,49,0,0,0,0,0,0,0,0,0,0,0,0,0,0,0,0,0,0,0,0,0,0,11,0,43,68,0,0,0,0,0
111,0,4,0,0,0,0,0,117146,0,0,0,0,49,0,0,0,0,0,0,0,0,0,0,0,0,0,0,0,0,0,0,0,0,0,267,53,0,0,101,0,0,0,0,0
111,0,5,0,0,0,0,0,117146,0,0,0,0,64,0,0,0,0,0,0,0,0,0,0,0,0,0,0,0,0,0,0,0,0,0,0,28,28,0,87,0,0,0,0,0
111,0,6,0,0,0,0,0,117146,0,0,0,0,55,0,0,0,0,0,0,0,0,0,0,0,0,0,0,0,0,0,0,0,0,0,0,0,0,37,142,0,0,0,0,0
111,0,7,0,0,0,0,0,117146,0,0,0,0,49,0,0,0,0,0,0,0,0,0,0,0,0,0,0,0,0,0,0,0,0,0,153,0,0,0,94,0,0,0,0,0
111,0,8,0,0,0,0,0,117146,0,0,0,0,55,0,0,0,0,0,0,0,0,0,0,0,0,0,0,0,0,0,0,0,0,0,0,0,25,0,114,0,0,0,0,0
112,0,0,0,0,0,0,0,309059,0,0,1030,132096,116,0,0,0,0,0,3498,0,0,0,0,0,0,0,0,1030,1030,0,124232,0,120830,132096,0,713,0,116,238,0,0,0,0,3072
112,0,1,0,0,0,0,0,154530,3498,0,0,0,1468,0,0,0,0,0,3498,0,0,0,0,0,0,0,0,0,51,0,0,0,62464,0,0,90,139,131,2363,0,0,1536,0,0
112,0,2,0,0,0,0,0,154529,0,0,0,0,328,1536,0,0,0,0,0,0,0,0,0,0,0,0,0,0,0,0,0,0,0,64510,0,128,276,0,867,0,0,0,0,1536
112,0,3,0,0,0,0,0,154530,0,0,0,0,322,1536,0,0,0,0,0,0,0,0,0,0,0,0,0,0,0,0,0,0,0,63985,0,14,0,285,392,0,0,0,0,1536
112,0,4,0,0,0,0,0,154530,0,0,0,0,46,0,0,0,0,0,0,0,0,0,0,0,0,0,0,0,0,0,0,0,0,0,545,53,0,0,99,0,0,0,0,0
112,0,5,0,0,0,0,0,154530,0,0,0,0,66,0,0,0,0,0,0,0,0,0,0,0,0,0,0,0,0,0,0,0,0,0,0,28,26,0,96,0,0,0,0,0
112,0,6,0,0,0,0,0,154530,0,0,0,0,52,0,0,0,0,0,0,0,0,0,0,0,0,0,0,0,0,0,0,0,0,0,0,0,0,40,136,0,0,0,0,0
112,0,7,0,0,0,0,0,154530,0,0,0,0,49,0,0,0,0,0,0,0,0,0,0,0,0,0,0,0,0,0,0,0,0,0,153,0,0,0,94,0,0,0,0,0
112,0,8,0,0,0,0,0,154530,0,0,0,0,58,0,0,0,0,0,0,0,0,0,0,0,0,0,0,0,0,0,0,0,0,0,0,0,22,0,118,0,0,0,0,0
113,0,0,0,0,0,0,0,309243,0,0,1030,132096,116,0,0,0,0,0,3501,0,0,0,0,0,0,0,0,1030,1030,0,124190,0,120829,132096,0,713,0,116,238,0,0,0,0,3072
113,0,1,0,0,0,0,0,154622,3501,0,0,0,1471,0,0,0,0,0,3501,0,0,0,0,0,0,0,0,0,53,0,0,0,62463,0,0,90,139,128,2364,0,0,1536,0,0
113,0,2,0,0,0,0,0,154622,0,0,0,0,343,1536,0,0,0,0,0,0,0,0,0,0,0,0,0,0,0,0,0,0,0,64510,0,131,262,0,881,0,0,0,0,1536
113,0,3,0,0,0,0,0,154622,0,0,0,0,337,1536,0,0,0,0,0,0,0,0,0,0,0,0,0,0,0,0,0,0,0,63976,0,14,0,270,405,0,0,0,0,1536
113,0,4,0,0,0,0,0,154622,0,0,0,0,46,0,0,0,0,0,0,0,0,0,0,0,0,0,0,0,0,0,0,0,0,0,561,53,0,0,99,0,0,0,0,0
113,0,5,0,0,0,0,0,154622,0,0,0,0,64,0,0,0,0,0,0,0,0,0,0,0,0,0,0,0,0,0,0,0,0,0,0,27,28,0,92,0,0,0,0,0
113,0,6,0,0,0,0,0,154622,0,0,0,0,52,0,0,0,0,0,0,0,0,0,0,0,0,0,0,0,0,0,0,0,0,0,0,0,0,40,136,0,0,0,0,0
113,0,7,0,0,0,0,0,154622,0,0,0,0,49,0,0,0,0,0,0,0,0,0,0,0,0,0,0,0,0,0,0,0,0,0,150,0,0,0,94,0,0,0,0,0
113,0,8,0,0,0,0,0,154622,0,0,0,0,55,0,0,0,0,0,0,0,0,0,0,0,0,0,0,0,0,0,0,0,0,0,0,0,25,0,116,0,0,0,0,0
114,0,0,0,0,0,0,0,309081,0,0,1030,132096,116,0,0,0,0,0,3498,0,0,0,0,0,0,0,0,1030,1030,0,124222,0,120830,132096,0,713,0,116,238,0,0,0,0,3072
114,0,1,0,0,0,0,0,154541,3498,0,0,0,1462,0,0,0,0,0,3498,0,0,0,0,0,0,0,0,0,54,0,0,0,62464,0,0,90,139,137,2356,0,0,1536,0,0
114,0,2,0,0,0,0,0,154541,0,0,0,0,338,1536,0,0,0,0,0,0,0,0,0,0,0,0,0,0,0,0,0,0,0,64510,0,127,267,0,871,0,0,0,0,1536
114,0,3,0,0,0,0,0,154541,0,0,0,0,332,1536,0,0,0,0,0,0,0,0,0,0,0,0,0,0,0,0,0,0,0,63976,0,14,0,275,402,0,0,0,0,1536
114,0,4,0,0,0,0,0,154541,0,0,0,0,46,0,0,0,0,0,0,0,0,0,0,0,0,0,0,0,0,0,0,0,0,0,555,53,0,0,99,0,0,0,0,0
114,0,5,0,0,0,0,0,154541,0,0,0,0,66,0,0,0,0,0,0,0,0,0,0,0,0,0,0,0,0,0,0,0,0,0,0,29,26,0,96,0,0,0,0,0
114,0,6,0,0,0,0,0,154541,0,0,0,0,52,0,0,0,0,0,0,0,0,0,0,0,0,0,0,0,0,0,0,0,0,0,0,0,0,40,136,0,0,0,0,0
114,0,7,0,0,0,0,0,154541,0,0,0,0,49,0,0,0,0,0,0,0,0,0,0,0,0,0,0,0,0,0,0,0,0,0,153,0,0,0,94,0,0,0,0,0
114,0,8,0,0,0,0,0,154541,0,0,0,0,58,0,0,0,0,0,0,0,0,0,0,0,0,0,0,0,0,0,0,0,0,0,0,0,22,0,117,0,0,0,0,0
115,0,0,0,0,0,0,0,551596,0,0,1038,264192,116,0,0,0,0,0,3525,0,0,0,0,0,0,0,0,1038,1038,0,124927,0,361145,264192,0,457,0,116,238,0,0,0,0,6144
115,0,1,0,0,0,0,0,275798,3525,0,0,0,1094,0,0,0,0,0,3525,0,0,0,0,0,0,0,0,0,33,0,62462,0,122702,0,0,210,205,329,2009,0,0,1536,0,0
115,0,2,0,0,0,0,0,275798,0,0,0,0,206,1536,0,0,0,0,0,0,0,0,0,0,0,0,0,0,0,0,61877,0,0,64510,0,267,143,0,412,0,0,0,0,1536
115,0,3,0,0,0,0,0,275798,0,0,0,0,201,1536,0,0,0,0,0,0,0,0,0,0,0,0,0,0,0,0,0,0,0,64511,0,15,0,150,335,1536,0,0,0,1536
115,0,4,0,0,0,0,0,275798,0,0,0,0,217,1536,0,0,0,0,0,0,0,0,0,0,0,0,0,0,0,0,0,0,0,64512,662,53,0,2,411,0,0,1536,0,1536
115,0,5,0,0,0,0,0,275798,0,0,0,0,222,1536,0,0,0,0,0,0,0,0,0,0,0,0,0,0,0,0,0,0,0,63939,0,27,129,0,374,0,0,0,0,1536
115,0,6,0,0,0,0,0,275798,0,0,0,0,55,0,0,0,0,0,0,0,0,0,0,0,0,0,0,0,0,0,0,0,0,0,0,0,0,37,138,0,0,0,0,0
115,0,7,0,0,0,0,0,275798,0,0,0,0,49,0,0,0,0,0,0,0,0,0,0,0,0,0,0,0,0,0,0,0,0,0,156,0,0,0,94,0,0,0,0,0
115,0,8,0,0,0,0,0,275798,0,0,0,0,58,0,0,0,0,0,0,0,0,0,0,0,0,0,0,0,0,0,0,0,0,0,0,0,22,0,121,0,0,0,0,0
116,0,0,0,0,0,0,0,551613,0,0,1038,264192,116,0,0,0,0,0,3522,0,0,0,0,0,0,0,0,1038,1038,0,124927,0,361151,264192,0,457,0,116,238,0,0,0,0,6144
116,0,1,0,0,0,0,0,275807,3522,0,0,0,1106,0,0,0,0,0,3522,0,0,0,0,0,0,0,0,0,35,0,62462,0,122706,0,0,211,199,322,2009,0,0,1536,0,0
116,0,2,0,0,0,0,0,275806,0,0,0,0,207,1536,0,0,0,0,0,0,0,0,0,0,0,0,0,0,0,0,61877,0,0,64510,0,270,141,0,418,0,0,0,0,1536
116,0,3,0,0,0,0,0,275807,0,0,0,0,203,1536,0,0,0,0,0,0,0,0,0,0,0,0,0,0,0,0,0,0,0,64511,0,14,0,148,333,1536,0,0,0,1536
116,0,4,0,0,0,0,0,275807,0,0,0,0,215,1536,0,0,0,0,0,0,0,0,0,0,0,0,0,0,0,0,0,0,0,64512,676,53,0,1,408,0,0,1536,0,1536
116,0,5,0,0,0,0,0,275807,0,0,0,0,228,1536,0,0,0,0,0,0,0,0,0,0,0,0,0,0,0,0,0,0,0,63944,0,26,123,0,379,0,0,0,0,1536
116,0,6,0,0,0,0,0,275807,0,0,0,0,52,0,0,0,0,0,0,0,0,0,0,0,0,0,0,0,0,0,0,0,0,0,0,0,0,40,136,0,0,0,0,0
116,0,7,0,0,0,0,0,275807,0,0,0,0,49,0,0,0,0,0,0,0,0,0,0,0,0,0,0,0,0,0,0,0,0,0,153,0,0,0,94,0,0,0,0,0
116,0,8,0,0,0,0,0,275807,0,0,0,0,58,0,0,0,0,0,0,0,0,0,0,0,0,0,0,0,0,0,0,0,0,0,0,0,22,0,122,0,0,0,0,0
117,0,0,0,0,0,0,0,551629,0,0,1038,264192,116,0,0,0,0,0,3522,0,0,0,0,0,0,0,0,1038,1038,0,124926,0,361151,264192,0,457,0,116,238,0,0,0,0,6144
117,0,1,0,0,0,0,0,275815,3522,0,0,0,1091,0,0,0,0,0,3522,0,0,0,0,0,0,0,0,0,34,0,62462,0,122707,0,0,209,208,330,1991,0,0,1536,0,0
117,0,2,0,0,0,0,0,275815,0,0,0,0,204,1536,0,0,0,0,0,0,0,0,0,0,0,0,0,0,0,0,61877,0,0,64510,0,273,144,0,404,0,0,0,0,1536
117,0,3,0,0,0,0,0,275815,0,0,0,0,206,1536,0,0,0,0,0,0,0,0,0,0,0,0,0,0,0,0,0,0,0,64511,0,10,0,145,347,1536,0,0,0,1536
117,0,4,0,0,0,0,0,275815,0,0,0,0,219,1536,0,0,0,0,0,0,0,0,0,0,0,0,0,0,0,0,0,0,0,64512,676,53,0,2,414,0,0,1536,0,1536
117,0,5,0,0,0,0,0,275815,0,0,0,0,227,1536,0,0,0,0,0,0,0,0,0,0,0,0,0,0,0,0,0,0,0,63946,0,28,124,0,372,0,0,0,0,1536
117,0,6,0,0,0,0,0,275815,0,0,0,0,55,0,0,0,0,0,0,0,0,0,0,0,0,0,0,0,0,0,0,0,0,0,0,0,0,37,143,0,0,0,0,0
117,0,7,0,0,0,0,0,275815,0,0,0,0,49,0,0,0,0,0,0,0,0,0,0,0,0,0,0,0,0,0,0,0,0,0,150,0,0,0,94,0,0,0,0,0
117,0,8,0,0,0,0,0,275815,0,0,0,0,52,0,0,0,0,0,0,0,0,0,0,0,0,0,0,0,0,0,0,0,0,0,0,0,28,0,114,0,0,0,0,0
118,0,0,0,0,0,0,0,793683,0,0,1452,396288,116,0,0,0,0,0,4158,0,0,0,0,0,0,0,0,1452,1452,0,245328,0,480249,396288,0,682,0,116,238,0,0,0,0,9216
118,0,1,0,0,0,0,0,396842,4158,0,0,0,1421,0,0,0,0,0,4158,0,0,0,0,0,0,0,0,0,811,0,122769,0,122712,0,0,288,272,273,2523,0,0,1536,0,0
118,0,2,0,0,0,0,0,396842,0,0,0,0,199,1536,0,0,0,0,0,0,0,0,0,0,0,0,0,0,0,0,62337,0,0,64353,0,270,134,0,424,0,0,0,0,1536
118,0,3,0,0,0,0,0,396842,0,0,0,0,194,1536,0,0,0,0,0,0,0,0,0,0,0,0,0,0,0,0,62317,0,0,64427,0,102,0,139,310,3072,0,0,0,1536
118,0,4,0,0,0,0,0,396842,0,0,0,0,213,1536,0,0,0,0,0,0,0,0,0,0,0,0,0,0,0,0,62463,0,0,64392,894,195,0,1,412,0,0,1536,0,1536
118,0,5,0,0,0,0,0,396842,0,0,0,0,218,1536,0,0,0,0,0,0,0,0,0,0,0,0,0,0,0,0,0,0,0,64387,0,26,115,0,351,0,0,0,0,1536
118,0,6,0,0,0,0,0,396842,0,0,0,0,213,1536,0,0,0,0,0,0,0,0,0,0,0,0,0,0,0,0,0,0,0,64365,0,0,0,120,452,1536,0,0,0,1536
118,0,7,0,0,0,0,0,396842,0,0,0,0,219,1536,0,0,0,0,0,0,0,0,0,0,0,0,0,0,0,0,0,0,0,64422,380,0,0,2,365,0,0,0,0,1536
118,0,8,0,0,0,0,0,396842,0,0,0,0,55,0,0,0,0,0,0,0,0,0,0,0,0,0,0,0,0,0,0,0,0,0,0,0,25,0,119,0,0,0,0,0
119,0,0,0,0,0,0,0,793506,0,0,1452,396288,116,0,0,0,0,0,4158,0,0,0,0,0,0,0,0,1452,1452,0,245375,0,480216,396288,0,682,0,116,238,0,0,0,0,9216
119,0,1,0,0,0,0,0,396753,4158,0,0,0,1412,0,0,0,0,0,4158,0,0,0,0,0,0,0,0,0,820,0,122767,0,122709,0,0,280,283,279,2481,0,0,1536,0,0
119,0,2,0,0,0,0,0,396752,0,0,0,0,202,1536,0,0,0,0,0,0,0,0,0,0,0,0,0,0,0,0,62331,0,0,64353,0,261,131,0,430,0,0,0,0,1536
119,0,3,0,0,0,0,0,396753,0,0,0,0,206,1536,0,0,0,0,0,0,0,0,0,0,0,0,0,0,0,0,62323,0,0,64430,0,107,0,127,325,3072,0,0,0,1536
119,0,4,0,0,0,0,0,396753,0,0,0,0,206,1536,0,0,0,0,0,0,0,0,0,0,0,0,0,0,0,0,62456,0,0,64393,930,190,0,0,418,0,0,1536,0,1536
119,0,5,0,0,0,0,0,396753,0,0,0,0,233,1536,0,0,0,0,0,0,0,0,0,0,0,0,0,0,0,0,0,0,0,64384,0,29,99,0,374,0,0,0,0,1536
119,0,6,0,0,0,0,0,396753,0,0,0,0,211,1536,0,0,0,0,0,0,0,0,0,0,0,0,0,0,0,0,0,0,0,64370,0,0,0,122,445,1536,0,0,0,1536
119,0,7,0,0,0,0,0,396753,0,0,0,0,221,1536,0,0,0,0,0,0,0,0,0,0,0,0,0,0,0,0,0,0,0,64418,380,0,0,1,372,0,0,0,0,1536
119,0,8,0,0,0,0,0,396753,0,0,0,0,58,0,0,0,0,0,0,0,0,0,0,0,0,0,0,0,0,0,0,0,0,0,0,0,22,0,120,0,0,0,0,0
120,0,0,0,0,0,0,0,793299,0,0,1452,396288,116,0,0,0,0,0,4158,0,0,0,0,0,0,0,0,1452,1452,0,245343,0,480192,396288,0,682,0,116,238,0,0,0,0,9216
120,0,1,0,0,0,0,0,396650,4158,0,0,0,1399,0,0,0,0,0,4158,0,0,0,0,0,0,0,0,0,814,0,122757,0,122708,0,0,287,272,296,2495,0,0,1536,0,0
120,0,2,0,0,0,0,0,396650,0,0,0,0,204,1536,0,0,0,0,0,0,0,0,0,0,0,0,0,0,0,0,62337,0,0,64360,0,257,128,0,420,0,0,0,0,1536
120,0,3,0,0,0,0,0,396650,0,0,0,0,210,1536,0,0,0,0,0,0,0,0,0,0,0,0,0,0,0,0,62329,0,0,64424,0,108,0,123,319,3072,0,0,0,1536
120,0,4,0,0,0,0,0,396650,0,0,0,0,206,1536,0,0,0,0,0,0,0,0,0,0,0,0,0,0,0,0,62453,0,0,64388,906,196,0,1,405,0,0,1536,0,1536
120,0,5,0,0,0,0,0,396650,0,0,0,0,221,1536,0,0,0,0,0,0,0,0,0,0,0,0,0,0,0,0,0,0,0,64382,0,25,111,0,369,0,0,0,0,1536
120,0,6,0,0,0,0,0,396650,0,0,0,0,212,1536,0,0,0,0,0,0,0,0,0,0,0,0,0,0,0,0,0,0,0,64377,0,0,0,121,445,1536,0,0,0,1536
120,0,7,0,0,0,0,0,396650,0,0,0,0,207,1536,0,0,0,0,0,0,0,0,0,0,0,0,0,0,0,0,0,0,0,64417,395,0,0,1,352,0,0,0,0,1536
120,0,8,0,0,0,0,0,396650,0,0,0,0,58,0,0,0,0,0,0,0,0,0,0,0,0,0,0,0,0,0,0,0,0,0,0,0,22,0,124,0,0,0,0,0
121,0,0,0,0,0,0,0,210561,0,0,514,65792,116,0,0,0,0,0,2721,0,0,0,0,0,0,0,0,514,514,0,0,0,125604,65792,0,196,0,116,238,0,0,0,0,768
121,0,1,0,0,0,0,0,105281,2721,0,0,0,905,0,0,0,0,0,2721,0,0,0,0,0,0,0,0,0,18,0,0,0,63908,0,0,91,87,228,1651,0,0,768,0,0
121,0,2,0,0,0,0,0,105281,0,0,0,0,416,768,0,0,0,0,0,0,0,0,0,0,0,0,0,0,0,0,0,0,0,64768,0,134,189,0,851,0,0,0,0,768
121,0,3,0,0,0,0,0,105281,0,0,0,0,49,0,0,0,0,0,0,0,0,0,0,0,0,0,0,0,0,0,0,0,0,0,0,11,0,43,68,0,0,0,0,0
121,0,4,0,0,0,0,0,105281,0,0,0,0,49,0,0,0,0,0,0,0,0,0,0,0,0,0,0,0,0,0,0,0,0,0,267,53,0,0,101,0,0,0,0,0
121,0,5,0,0,0,0,0,105281,0,0,0,0,64,0,0,0,0,0,0,0,0,0,0,0,0,0,0,0,0,0,0,0,0,0,0,28,28,0,87,0,0,0,0,0
121,0,6,0,0,0,0,0,105281,0,0,0,0,55,0,0,0,0,0,0,0,0,0,0,0,0,0,0,0,0,0,0,0,0,0,0,0,0,37,142,0,0,0,0,0
121,0,7,0,0,0,0,0,105281,0,0,0,0,49,0,0,0,0,0,0,0,0,0,0,0,0,0,0,0,0,0,0,0,0,0,153,0,0,0,94,0,0,0,0,0
121,0,8,0,0,0,0,0,105281,0,0,0,0,55,0,0,0,0,0,0,0,0,0,0,0,0,0,0,0,0,0,0,0,0,0,0,0,25,0,114,0,0,0,0,0
122,0,0,0,0,0,0,0,210894,0,0,514,65792,116,0,0,0,0,0,2721,0,0,0,0,0,0,0,0,514,514,0,0,0,125568,65792,0,196,0,116,238,0,0,0,0,768
122,0,1,0,0,0,0,0,105447,2721,0,0,0,919,0,0,0,0,0,2721,0,0,0,0,0,0,0,0,0,11,0,0,0,63872,0,0,90,85,217,1675,0,0,768,0,0
122,0,2,0,0,0,0,0,105446,0,0,0,0,429,768,0,0,0,0,0,0,0,0,0,0,0,0,0,0,0,0,0,0,0,64768,0,131,176,0,878,0,0,0,0,768
122,0,3,0,0,0,0,0,105447,0,0,0,0,46,0,0,0,0,0,0,0,0,0,0,0,0,0,0,0,0,0,0,0,0,0,0,14,0,46,60,0,0,0,0,0
122,0,4,0,0,0,0,0,105447,0,0,0,0,46,0,0,0,0,0,0,0,0,0,0,0,0,0,0,0,0,0,0,0,0,0,270,53,0,0,99,0,0,0,0,0
122,0,5,0,0,0,0,0,105447,0,0,0,0,67,0,0,0,0,0,0,0,0,0,0,0,0,0,0,0,0,0,0,0,0,0,0,26,25,0,95,0,0,0,0,0
122,0,6,0,0,0,0,0,105447,0,0,0,0,52,0,0,0,0,0,0,0,0,0,0,0,0,0,0,0,0,0,0,0,0,0,0,0,0,40,136,0,0,0,0,0
122,0,7,0,0,0,0,0,105447,0,0,0,0,49,0,0,0,0,0,0,0,0,0,0,0,0,0,0,0,0,0,0,0,0,0,153,0,0,0,94,0,0,0,0,0
122,0,8,0,0,0,0,0,105447,0,0,0,0,58,0,0,0,0,0,0,0,0,0,0,0,0,0,0,0,0,0,0,0,0,0,0,0,22,0,119,0,0,0,0,0
123,0,0,0,0,0,0,0,210811,0,0,514,65792,116,0,0,0,0,0,2721,0,0,0,0,0,0,0,0,514,514,0,0,0,125568,65792,0,196,0,116,238,0,0,0,0,768
123,0,1,0,0,0,0,0,105406,2721,0,0,0,906,0,0,0,0,0,2721,0,0,0,0,0,0,0,0,0,12,0,0,0,63872,0,0,90,84,231,1655,0,0,768,0,0
123,0,2,0,0,0,0,0,105406,0,0,0,0,421,768,0,0,0,0,0,0,0,0,0,0,0,0,0,0,0,0,0,0,0,64768,0,127,184,0,860,0,0,0,0,768
123,0,3,0,0,0,0,0,105406,0,0,0,0,46,0,0,0,0,0,0,0,0,0,0,0,0,0,0,0,0,0,0,0,0,0,0,14,0,46,60,0,0,0,0,0
123,0,4,0,0,0,0,0,105406,0,0,0,0,46,0,0,0,0,0,0,0,0,0,0,0,0,0,0,0,0,0,0,0,0,0,269,53,0,0,99,0,0,0,0,0
123,0,5,0,0,0,0,0,105406,0,0,0,0,60,0,0,0,0,0,0,0,0,0,0,0,0,0,0,0,0,0,0,0,0,0,0,28,32,0,90,0,0,0,0,0
123,0,6,0,0,0,0,0,105406,0,0,0,0,52,0,0,0,0,0,0,0,0,0,0,0,0,0,0,0,0,0,0,0,0,0,0,0,0,40,136,0,0,0,0,0
123,0,7,0,0,0,0,0,105406,0,0,0,0,49,0,0,0,0,0,0,0,0,0,0,0,0,0,0,0,0,0,0,0,0,0,147,0,0,0,94,0,0,0,0,0
123,0,8,0,0,0,0,0,105406,0,0,0,0,52,0,0,0,0,0,0,0,0,0,0,0,0,0,0,0,0,0,0,0,0,0,0,0,28,0,111,0,0,0,0,0
124,0,0,0,0,0,0,0,313659,0,0,518,131584,116,0,0,0,0,0,2730,0,0,0,0,0,0,0,0,518,518,0,127612,0,125950,131584,0,457,0,116,238,0,0,0,0,1536
124,0,1,0,0,0,0,0,156830,2730,0,0,0,823,0,0,0,0,0,2730,0,0,0,0,0,0,0,0,0,16,0,0,0,64000,0,0,90,205,198,1464,0,0,768,0,0
124,0,2,0,0,0,0,0,156830,0,0,0,0,258,768,0,0,0,0,0,0,0,0,0,0,0,0,0,0,0,0,0,0,0,65022,0,133,91,0,468,0,0,0,0,768
124,0,3,0,0,0,0,0,156830,0,0,0,0,254,768,0,0,0,0,0,0,0,0,0,0,0,0,0,0,0,0,0,0,0,64746,0,13,0,97,391,0,0,0,0,768
124,0,4,0,0,0,0,0,156830,0,0,0,0,46,0,0,0,0,0,0,0,0,0,0,0,0,0,0,0,0,0,0,0,0,0,472,53,0,0,99,0,0,0,0,0
124,0,5,0,0,0,0,0,156830,0,0,0,0,64,0,0,0,0,0,0,0,0,0,0,0,0,0,0,0,0,0,0,0,0,0,0,25,28,0,92,0,0,0,0,0
124,0,6,0,0,0,0,0,156830,0,0,0,0,55,0,0,0,0,0,0,0,0,0,0,0,0,0,0,0,0,0,0,0,0,0,0,0,0,37,140,0,0,0,0,0
124,0,7,0,0,0,0,0,156830,0,0,0,0,49,0,0,0,0,0,0,0,0,0,0,0,0,0,0,0,0,0,0,0,0,0,156,0,0,0,94,0,0,0,0,0
124,0,8,0,0,0,0,0,156830,0,0,0,0,58,0,0,0,0,0,0,0,0,0,0,0,0,0,0,0,0,0,0,0,0,0,0,0,22,0,121,0,0,0,0,0
125,0,0,0,0,0,0,0,313366,0,0,518,131584,116,0,0,0,0,0,2733,0,0,0,0,0,0,0,0,518,518,0,127623,0,125950,131584,0,457,0,116,238,0,0,0,0,1536
125,0,1,0,0,0,0,0,156683,2733,0,0,0,815,0,0,0,0,0,2733,0,0,0,0,0,0,0,0,0,20,0,0,0,64000,0,0,91,204,206,1447,0,0,768,0,0
125,0,2,0,0,0,0,0,156682,0,0,0,0,252,768,0,0,0,0,0,0,0,0,0,0,0,0,0,0,0,0,0,0,0,65022,0,134,97,0,453,0,0,0,0,768
125,0,3,0,0,0,0,0,156683,0,0,0,0,257,768,0,0,0,0,0,0,0,0,0,0,0,0,0,0,0,0,0,0,0,64747,0,11,0,94,393,0,0,0,0,768
125,0,4,0,0,0,0,0,156683,0,0,0,0,49,0,0,0,0,0,0,0,0,0,0,0,0,0,0,0,0,0,0,0,0,0,475,53,0,0,101,0,0,0,0,0
125,0,5,0,0,0,0,0,156683,0,0,0,0,64,0,0,0,0,0,0,0,0,0,0,0,0,0,0,0,0,0,0,0,0,0,0,29,28,0,87,0,0,0,0,0
125,0,6,0,0,0,0,0,156683,0,0,0,0,55,0,0,0,0,0,0,0,0,0,0,0,0,0,0,0,0,0,0,0,0,0,0,0,0,37,142,0,0,0,0,0
125,0,7,0,0,0,0,0,156683,0,0,0,0,49,0,0,0,0,0,0,0,0,0,0,0,0,0,0,0,0,0,0,0,0,0,153,0,0,0,94,0,0,0,0,0
125,0,8,0,0,0,0,0,156683,0,0,0,0,55,0,0,0,0,0,0,0,0,0,0,0,0,0,0,0,0,0,0,0,0,0,0,0,25,0,114,0,0,0,0,0
126,0,0,0,0,0,0,0,313421,0,0,518,131584,116,0,0,0,0,0,2730,0,0,0,0,0,0,0,0,518,518,0,127622,0,125950,131584,0,457,0,116,238,0,0,0,0,1536
126,0,1,0,0,0,0,0,156711,2730,0,0,0,813,0,0,0,0,0,2730,0,0,0,0,0,0,0,0,0,18,0,0,0,64000,0,0,91,207,205,1445,0,0,768,0,0
126,0,2,0,0,0,0,0,156711,0,0,0,0,256,768,0,0,0,0,0,0,0,0,0,0,0,0,0,0,0,0,0,0,0,65022,0,134,93,0,458,0,0,0,0,768
126,0,3,0,0,0,0,0,156711,0,0,0,0,261,768,0,0,0,0,0,0,0,0,0,0,0,0,0,0,0,0,0,0,0,64748,0,11,0,90,401,0,0,0,0,768
126,0,4,0,0,0,0,0,156711,0,0,0,0,49,0,0,0,0,0,0,0,0,0,0,0,0,0,0,0,0,0,0,0,0,0,479,53,0,0,101,0,0,0,0,0
126,0,5,0,0,0,0,0,156711,0,0,0,0,64,0,0,0,0,0,0,0,0,0,0,0,0,0,0,0,0,0,0,0,0,0,0,29,28,0,87,0,0,0,0,0
126,0,6,0,0,0,0,0,156711,0,0,0,0,55,0,0,0,0,0,0,0,0,0,0,0,0,0,0,0,0,0,0,0,0,0,0,0,0,37,142,0,0,0,0,0
126,0,7,0,0,0,0,0,156711,0,0,0,0,49,0,0,0,0,0,0,0,0,0,0,0,0,0,0,0,0,0,0,0,0,0,153,0,0,0,94,0,0,0,0,0
126,0,8,0,0,0,0,0,156711,0,0,0,0,55,0,0,0,0,0,0,0,0,0,0,0,0,0,0,0,0,0,0,0,0,0,0,0,25,0,114,0,0,0,0,0
127,0,0,0,0,0,0,0,565565,0,0,526,263168,116,0,0,0,0,0,2757,0,0,0,0,0,0,0,0,526,526,0,127999,0,377166,263168,0,329,0,116,238,0,0,0,0,3072
127,0,1,0,0,0,0,0,282783,2757,0,0,0,1030,0,0,0,0,0,2757,0,0,0,0,0,0,0,0,0,20,0,63998,0,126858,0,0,101,90,105,1678,0,0,768,0,0
127,0,2,0,0,0,0,0,282783,0,0,0,0,146,768,0,0,0,0,0,0,0,0,0,0,0,0,0,0,0,0,63706,0,0,65022,0,254,75,0,333,0,0,0,0,768
127,0,3,0,0,0,0,0,282783,0,0,0,0,144,768,0,0,0,0,0,0,0,0,0,0,0,0,0,0,0,0,0,0,0,65023,0,12,0,79,166,768,0,0,0,768
127,0,4,0,0,0,0,0,282783,0,0,0,0,149,768,0,0,0,0,0,0,0,0,0,0,0,0,0,0,0,0,0,0,0,65024,485,53,0,2,324,0,0,768,0,768
127,0,5,0,0,0,0,0,282783,0,0,0,0,162,768,0,0,0,0,0,0,0,0,0,0,0,0,0,0,0,0,0,0,0,64741,0,25,61,0,201,0,0,0,0,768
127,0,6,0,0,0,0,0,282783,0,0,0,0,55,0,0,0,0,0,0,0,0,0,0,0,0,0,0,0,0,0,0,0,0,0,0,0,0,37,141,0,0,0,0,0
127,0,7,0,0,0,0,0,282783,0,0,0,0,49,0,0,0,0,0,0,0,0,0,0,0,0,0,0,0,0,0,0,0,0,0,156,0,0,0,94,0,0,0,0,0
127,0,8,0,0,0,0,0,282783,0,0,0,0,58,0,0,0,0,0,0,0,0,0,0,0,0,0,0,0,0,0,0,0,0,0,0,0,22,0,123,0,0,0,0,0
128,0,0,0,0,0,0,0,565579,0,0,526,263168,116,0,0,0,0,0,2754,0,0,0,0,0,0,0,0,526,526,0,127999,0,377192,263168,0,329,0,116,238,0,0,0,0,3072
128,0,1,0,0,0,0,0,282790,2754,0,0,0,999,0,0,0,0,0,2754,0,0,0,0,0,0,0,0,0,33,0,63998,0,126865,0,0,108,99,120,1637,0,0,768,0,0
128,0,2,0,0,0,0,0,282789,0,0,0,0,138,768,0,0,0,0,0,0,0,0,0,0,0,0,0,0,0,0,63718,0,0,65022,0,246,83,0,318,0,0,0,0,768
128,0,3,0,0,0,0,0,282790,0,0,0,0,139,768,0,0,0,0,0,0,0,0,0,0,0,0,0,0,0,0,0,0,0,65023,0,15,0,84,168,768,0,0,0,768
128,0,4,0,0,0,0,0,282790,0,0,0,0,138,768,0,0,0,0,0,0,0,0,0,0,0,0,0,0,0,0,0,0,0,65024,487,53,0,1,306,0,0,768,0,768
128,0,5,0,0,0,0,0,282790,0,0,0,0,157,768,0,0,0,0,0,0,0,0,0,0,0,0,0,0,0,0,0,0,0,64742,0,26,66,0,204,0,0,0,0,768
128,0,6,0,0,0,0,0,282790,0,0,0,0,55,0,0,0,0,0,0,0,0,0,0,0,0,0,0,0,0,0,0,0,0,0,0,0,0,37,138,0,0,0,0,0
128,0,7,0,0,0,0,0,282790,0,0,0,0,49,0,0,0,0,0,0,0,0,0,0,0,0,0,0,0,0,0,0,0,0,0,156,0,0,0,94,0,0,0,0,0
128,0,8,0,0,0,0,0,282790,0,0,0,0,58,0,0,0,0,0,0,0,0,0,0,0,0,0,0,0,0,0,0,0,0,0,0,0,22,0,122,0,0,0,0,0
129,0,0,0,0,0,0,0,565613,0,0,526,263168,116,0,0,0,0,0,2765,0,0,0,0,0,0,0,0,526,526,0,127999,0,377229,263168,0,329,0,116,238,0,0,0,0,3072
129,0,1,0,0,0,0,0,282807,2763,0,0,0,986,0,0,0,0,0,2763,0,0,0,0,0,0,0,0,0,38,0,63998,0,126886,0,0,115,100,125,1617,0,0,768,0,0
129,0,2,0,0,0,0,0,282807,0,0,0,0,147,768,0,0,0,0,0,0,0,0,0,0,0,0,0,0,0,0,63727,0,0,65022,0,245,74,0,323,0,0,0,0,768
129,0,3,0,0,0,0,0,282807,0,0,0,0,149,768,0,0,0,0,0,0,0,0,0,0,0,0,0,0,0,0,0,0,0,65023,0,11,0,74,183,768,0,0,0,768
129,0,4,0,0,0,0,0,282807,0,0,0,0,141,768,0,0,0,0,0,0,0,0,0,0,0,0,0,0,0,0,0,0,0,65024,503,53,0,2,302,0,0,768,0,768
129,0,5,0,0,0,0,0,282807,0,0,0,0,160,768,0,0,0,0,0,0,0,0,0,0,0,0,0,0,0,0,0,0,0,64758,0,27,62,0,207,0,0,0,0,768
129,0,6,0,0,0,0,0,282807,0,0,0,0,52,0,0,0,0,0,0,0,0,0,0,0,0,0,0,0,0,0,0,0,0,0,0,0,0,40,139,0,0,0,0,0
129,0,7,0,0,0,0,0,282807,0,0,0,0,49,0,0,0,0,0,0,0,0,0,0,0,0,0,0,0,0,0,0,0,0,0,150,0,0,0,94,0,0,0,0,0
129,0,8,0,0,0,0,0,282807,0,0,0,0,55,0,0,0,0,0,0,0,0,0,0,0,0,0,0,0,0,0,0,0,0,0,0,0,25,0,118,0,0,0,0,0
130,0,0,0,0,0,0,0,818140,0,0,780,394752,116,0,0,0,0,0,3150,0,0,0,0,0,0,0,0,780,780,0,253694,0,502198,394752,0,458,0,116,238,0,0,0,0,4608
130,0,1,0,0,0,0,0,409070,3150,0,0,0,1126,0,0,0,0,0,3150,0,0,0,0,0,0,0,0,0,730,0,126966,0,126958,0,0,119,206,131,1904,0,0,768,0,0
130,0,2,0,0,0,0,0,409070,0,0,0,0,140,768,0,0,0,0,0,0,0,0,0,0,0,0,0,0,0,0,63998,0,0,64896,0,240,81,0,313,0,0,0,0,768
130,0,3,0,0,0,0,0,409070,0,0,0,0,129,768,0,0,0,0,0,0,0,0,0,0,0,0,0,0,0,0,63883,0,0,65023,0,78,0,92,202,1536,0,0,0,768
130,0,4,0,0,0,0,0,409070,0,0,0,0,127,768,0,0,0,0,0,0,0,0,0,0,0,0,0,0,0,0,63999,0,0,64898,599,170,0,1,296,0,0,768,0,768
130,0,5,0,0,0,0,0,409070,0,0,0,0,146,768,0,0,0,0,0,0,0,0,0,0,0,0,0,0,0,0,0,0,0,65022,0,25,75,0,198,0,0,0,0,768
130,0,6,0,0,0,0,0,409070,0,0,0,0,138,768,0,0,0,0,0,0,0,0,0,0,0,0,0,0,0,0,0,0,0,64892,0,0,0,83,289,768,0,0,0,768
130,0,7,0,0,0,0,0,409070,0,0,0,0,128,768,0,0,0,0,0,0,0,0,0,0,0,0,0,0,0,0,0,0,0,65026,288,0,0,1,187,0,0,0,0,768
130,0,8,0,0,0,0,0,409070,0,0,0,0,58,0,0,0,0,0,0,0,0,0,0,0,0,0,0,0,0,0,0,0,0,0,0,0,22,0,124,0,0,0,0,0
131,0,0,0,0,0,0,0,818102,0,0,780,394752,116,0,0,0,0,0,3150,0,0,0,0,0,0,0,0,780,780,0,253710,0,502174,394752,0,458,0,116,238,0,0,0,0,4608
131,0,1,0,0,0,0,0,409051,3150,0,0,0,1147,0,0,0,0,0,3150,0,0,0,0,0,0,0,0,0,727,0,126968,0,126936,0,0,126,198,111,1914,0,0,768,0,0
131,0,2,0,0,0,0,0,409050,0,0,0,0,128,768,0,0,0,0,0,0,0,0,0,0,0,0,0,0,0,0,63998,0,0,64884,0,252,92,0,310,0,0,0,0,768
131,0,3,0,0,0,0,0,409051,0,0,0,0,133,768,0,0,0,0,0,0,0,0,0,0,0,0,0,0,0,0,63876,0,0,65023,0,68,0,88,206,1536,0,0,0,768
131,0,4,0,0,0,0,0,409051,0,0,0,0,135,768,0,0,0,0,0,0,0,0,0,0,0,0,0,0,0,0,63999,0,0,64898,599,165,0,0,302,0,0,768,0,768
131,0,5,0,0,0,0,0,409051,0,0,0,0,144,768,0,0,0,0,0,0,0,0,0,0,0,0,0,0,0,0,0,0,0,65022,0,31,77,0,179,0,0,0,0,768
131,0,6,0,0,0,0,0,409051,0,0,0,0,139,768,0,0,0,0,0,0,0,0,0,0,0,0,0,0,0,0,0,0,0,64907,0,0,0,82,300,768,0,0,0,768
131,0,7,0,0,0,0,0,409051,0,0,0,0,131,768,0,0,0,0,0,0,0,0,0,0,0,0,0,0,0,0,0,0,0,65026,283,0,0,1,195,0,0,0,0,768
131,0,8,0,0,0,0,0,409051,0,0,0,0,55,0,0,0,0,0,0,0,0,0,0,0,0,0,0,0,0,0,0,0,0,0,0,0,25,0,115,0,0,0,0,0
132,0,0,0,0,0,0,0,818085,0,0,780,394752,116,0,0,0,0,0,3150,0,0,0,0,0,0,0,0,780,780,0,253691,0,502135,394752,0,458,0,116,238,0,0,0,0,4608
132,0,1,0,0,0,0,0,409043,3150,0,0,0,1136,0,0,0,0,0,3150,0,0,0,0,0,0,0,0,0,729,0,126964,0,126931,0,0,123,202,121,1908,0,0,768,0,0
132,0,2,0,0,0,0,0,409043,0,0,0,0,138,768,0,0,0,0,0,0,0,0,0,0,0,0,0,0,0,0,63998,0,0,64881,0,246,82,0,316,0,0,0,0,768
132,0,3,0,0,0,0,0,409043,0,0,0,0,133,768,0,0,0,0,0,0,0,0,0,0,0,0,0,0,0,0,63871,0,0,65023,0,77,0,88,202,1536,0,0,0,768
132,0,4,0,0,0,0,0,409043,0,0,0,0,130,768,0,0,0,0,0,0,0,0,0,0,0,0,0,0,0,0,63999,0,0,64898,604,167,0,1,298,0,0,768,0,768
132,0,5,0,0,0,0,0,409043,0,0,0,0,145,768,0,0,0,0,0,0,0,0,0,0,0,0,0,0,0,0,0,0,0,65022,0,25,76,0,191,0,0,0,0,768
132,0,6,0,0,0,0,0,409043,0,0,0,0,143,768,0,0,0,0,0,0,0,0,0,0,0,0,0,0,0,0,0,0,0,64900,0,0,0,78,295,768,0,0,0,768
132,0,7,0,0,0,0,0,409043,0,0,0,0,137,768,0,0,0,0,0,0,0,0,0,0,0,0,0,0,0,0,0,0,0,65026,283,0,0,1,199,0,0,0,0,768
132,0,8,0,0,0,0,0,409043,0,0,0,0,57,0,0,0,0,0,0,0,0,0,0,0,0,0,0,0,0,0,0,0,0,0,0,0,23,0,123,0,0,0,0,0
133,0,0,0,0,0,0,0,192070,0,0,130,65600,116,0,0,0,0,0,2145,0,0,0,0,0,0,0,0,130,130,0,0,0,129686,65600,0,196,0,116,238,0,0,0,0,192
133,0,1,0,0,0,0,0,96035,2145,0,0,0,638,0,0,0,0,0,2145,0,0,0,0,0,0,0,0,0,5,0,0,0,65136,0,0,90,81,118,1107,0,0,192,0,0
133,0,2,0,0,0,0,0,96035,0,0,0,0,142,192,0,0,0,0,0,0,0,0,0,0,0,0,0,0,0,0,0,0,0,65341,0,135,79,0,302,0,0,0,0,192
133,0,3,0,0,0,0,0,96035,0,0,0,0,46,0,0,0,0,0,0,0,0,0,0,0,0,0,0,0,0,0,0,0,0,0,0,8,0,46,62,0,0,0,0,0
133,0,4,0,0,0,0,0,96035,0,0,0,0,46,0,0,0,0,0,0,0,0,0,0,0,0,0,0,0,0,0,0,0,0,0,270,53,0,0,99,0,0,0,0,0
133,0,5,0,0,0,0,0,96035,0,0,0,0,61,0,0,0,0,0,0,0,0,0,0,0,0,0,0,0,0,0,0,0,0,0,0,26,31,0,85,0,0,0,0,0
133,0,6,0,0,0,0,0,96035,0,0,0,0,52,0,0,0,0,0,0,0,0,0,0,0,0,0,0,0,0,0,0,0,0,0,0,0,0,40,142,0,0,0,0,0
133,0,7,0,0,0,0,0,96035,0,0,0,0,49,0,0,0,0,0,0,0,0,0,0,0,0,0,0,0,0,0,0,0,0,0,147,0,0,0,94,0,0,0,0,0
133,0,8,0,0,0,0,0,96035,0,0,0,0,52,0,0,0,0,0,0,0,0,0,0,0,0,0,0,0,0,0,0,0,0,0,0,0,28,0,113,0,0,0,0,0
134,0,0,0,0,0,0,0,192156,0,0,130,65600,116,0,0,0,0,0,2145,0,0,0,0,0,0,0,0,130,130,0,0,0,129693,65600,0,196,0,116,238,0,0,0,0,192
134,0,1,0,0,0,0,0,96078,2145,0,0,0,623,0,0,0,0,0,2145,0,0,0,0,0,0,0,0,0,2,0,0,0,65135,0,0,90,85,129,1096,0,0,192,0,0
134,0,2,0,0,0,0,0,96077,0,0,0,0,138,192,0,0,0,0,0,0,0,0,0,0,0,0,0,0,0,0,0,0,0,65338,0,128,82,0,295,0,0,0,0,192
134,0,3,0,0,0,0,0,96078,0,0,0,0,46,0,0,0,0,0,0,0,0,0,0,0,0,0,0,0,0,0,0,0,0,0,0,15,0,46,59,0,0,0,0,0
134,0,4,0,0,0,0,0,96078,0,0,0,0,46,0,0,0,0,0,0,0,0,0,0,0,0,0,0,0,0,0,0,0,0,0,263,53,0,0,99,0,0,0,0,0
134,0,5,0,0,0,0,0,96078,0,0,0,0,66,0,0,0,0,0,0,0,0,0,0,0,0,0,0,0,0,0,0,0,0,0,0,26,26,0,97,0,0,0,0,0
134,0,6,0,0,0,0,0,96078,0,0,0,0,55,0,0,0,0,0,0,0,0,0,0,0,0,0,0,0,0,0,0,0,0,0,0,0,0,37,138,0,0,0,0,0
134,0,7,0,0,0,0,0,96078,0,0,0,0,49,0,0,0,0,0,0,0,0,0,0,0,0,0,0,0,0,0,0,0,0,0,159,0,0,0,94,0,0,0,0,0
134,0,8,0,0,0,0,0,96078,0,0,0,0,61,0,0,0,0,0,0,0,0,0,0,0,0,0,0,0,0,0,0,0,0,0,0,0,19,0,122,0,0,0,0,0
135,0,0,0,0,0,0,0,192119,0,0,130,65600,116,0,0,0,0,0,2145,0,0,0,0,0,0,0,0,130,130,0,0,0,129716,65600,0,196,0,116,238,0,0,0,0,192
135,0,1,0,0,0,0,0,96059,2145,0,0,0,627,0,0,0,0,0,2145,0,0,0,0,0,0,0,0,0,7,0,0,0,65143,0,0,90,79,131,1093,0,0,192,0,0
135,0,2,0,0,0,0,0,96059,0,0,0,0,138,192,0,0,0,0,0,0,0,0,0,0,0,0,0,0,0,0,0,0,0,65341,0,129,82,0,292,0,0,0,0,192
135,0,3,0,0,0,0,0,96059,0,0,0,0,46,0,0,0,0,0,0,0,0,0,0,0,0,0,0,0,0,0,0,0,0,0,0,9,0,46,61,0,0,0,0,0
135,0,4,0,0,0,0,0,96059,0,0,0,0,46,0,0,0,0,0,0,0,0,0,0,0,0,0,0,0,0,0,0,0,0,0,270,53,0,0,99,0,0,0,0,0
135,0,5,0,0,0,0,0,96059,0,0,0,0,62,0,0,0,0,0,0,0,0,0,0,0,0,0,0,0,0,0,0,0,0,0,0,28,30,0,90,0,0,0,0,0
135,0,6,0,0,0,0,0,96059,0,0,0,0,52,0,0,0,0,0,0,0,0,0,0,0,0,0,0,0,0,0,0,0,0,0,0,0,0,40,141,0,0,0,0,0
135,0,7,0,0,0,0,0,96059,0,0,0,0,49,0,0,0,0,0,0,0,0,0,0,0,0,0,0,0,0,0,0,0,0,0,148,0,0,0,94,0,0,0,0,0
135,0,8,0,0,0,0,0,96059,0,0,0,0,53,0,0,0,0,0,0,0,0,0,0,0,0,0,0,0,0,0,0,0,0,0,0,0,27,0,112,0,0,0,0,0
136,0,0,0,0,0,0,0,316457,0,0,134,131200,116,0,0,0,0,0,2154,0,0,0,0,0,0,0,0,134,134,0,130229,0,129790,131200,0,265,0,116,238,0,0,0,0,384
136,0,1,0,0,0,0,0,158229,2154,0,0,0,615,0,0,0,0,0,2154,0,0,0,0,0,0,0,0,0,18,0,0,0,65152,0,0,91,110,116,1054,0,0,192,0,0
136,0,2,0,0,0,0,0,158229,0,0,0,0,99,192,0,0,0,0,0,0,0,0,0,0,0,0,0,0,0,0,0,0,0,65406,0,134,58,0,198,0,0,0,0,192
136,0,3,0,0,0,0,0,158229,0,0,0,0,105,192,0,0,0,0,0,0,0,0,0,0,0,0,0,0,0,0,0,0,0,65345,0,11,0,54,148,0,0,0,0,192
136,0,4,0,0,0,0,0,158229,0,0,0,0,49,0,0,0,0,0,0,0,0,0,0,0,0,0,0,0,0,0,0,0,0,0,323,53,0,0,101,0,0,0,0,0
136,0,5,0,0,0,0,0,158229,0,0,0,0,64,0,0,0,0,0,0,0,0,0,0,0,0,0,0,0,0,0,0,0,0,0,0,29,28,0,87,0,0,0,0,0
136,0,6,0,0,0,0,0,158229,0,0,0,0,55,0,0,0,0,0,0,0,0,0,0,0,0,0,0,0,0,0,0,0,0,0,0,0,0,37,142,0,0,0,0,0
136,0,7,0,0,0,0,0,158229,0,0,0,0,49,0,0,0,0,0,0,0,0,0,0,0,0,0,0,0,0,0,0,0,0,0,153,0,0,0,94,0,0,0,0,0
136,0,8,0,0,0,0,0,158229,0,0,0,0,55,0,0,0,0,0,0,0,0,0,0,0,0,0,0,0,0,0,0,0,0,0,0,0,25,0,114,0,0,0,0,0
137,0,0,0,0,0,0,0,316459,0,0,134,131200,116,0,0,0,0,0,2157,0,0,0,0,0,0,0,0,134,134,0,130226,0,129789,131200,0,265,0,116,238,0,0,0,0,384
137,0,1,0,0,0,0,0,158230,2157,0,0,0,611,0,0,0,0,0,2157,0,0,0,0,0,0,0,0,0,5,0,0,0,65151,0,0,90,118,113,1054,0,0,192,0,0
137,0,2,0,0,0,0,0,158229,0,0,0,0,107,192,0,0,0,0,0,0,0,0,0,0,0,0,0,0,0,0,0,0,0,65406,0,131,50,0,212,0,0,0,0,192
137,0,3,0,0,0,0,0,158230,0,0,0,0,103,192,0,0,0,0,0,0,0,0,0,0,0,0,0,0,0,0,0,0,0,65341,0,14,0,56,151,0,0,0,0,192
137,0,4,0,0,0,0,0,158230,0,0,0,0,46,0,0,0,0,0,0,0,0,0,0,0,0,0,0,0,0,0,0,0,0,0,327,53,0,0,99,0,0,0,0,0
137,0,5,0,0,0,0,0,158230,0,0,0,0,67,0,0,0,0,0,0,0,0,0,0,0,0,0,0,0,0,0,0,0,0,0,0,27,25,0,95,0,0,0,0,0
137,0,6,0,0,0,0,0,158230,0,0,0,0,52,0,0,0,0,0,0,0,0,0,0,0,0,0,0,0,0,0,0,0,0,0,0,0,0,40,136,0,0,0,0,0
137,0,7,0,0,0,0,0,158230,0,0,0,0,49,0,0,0,0,0,0,0,0,0,0,0,0,0,0,0,0,0,0,0,0,0,153,0,0,0,94,0,0,0,0,0
137,0,8,0,0,0,0,0,158230,0,0,0,0,58,0,0,0,0,0,0,0,0,0,0,0,0,0,0,0,0,0,0,0,0,0,0,0,22,0,119,0,0,0,0,0
138,0,0,0,0,0,0,0,316480,0,0,134,131200,116,0,0,0,0,0,2154,0,0,0,0,0,0,0,0,134,134,0,130230,0,129789,131200,0,265,0,116,238,0,0,0,0,384
138,0,1,0,0,0,0,0,158240,2154,0,0,0,614,0,0,0,0,0,2154,0,0,0,0,0,0,0,0,0,15,0,0,0,65151,0,0,91,115,112,1054,0,0,192,0,0
138,0,2,0,0,0,0,0,158240,0,0,0,0,100,192,0,0,0,0,0,0,0,0,0,0,0,0,0,0,0,0,0,0,0,65406,0,136,57,0,201,0,0,0,0,192
138,0,3,0,0,0,0,0,158240,0,0,0,0,106,192,0,0,0,0,0,0,0,0,0,0,0,0,0,0,0,0,0,0,0,65351,0,10,0,53,154,0,0,0,0,192
138,0,4,0,0,0,0,0,158240,0,0,0,0,49,0,0,0,0,0,0,0,0,0,0,0,0,0,0,0,0,0,0,0,0,0,323,53,0,1,101,0,0,0,0,0
138,0,5,0,0,0,0,0,158240,0,0,0,0,61,0,0,0,0,0,0,0,0,0,0,0,0,0,0,0,0,0,0,0,0,0,0,27,31,0,83,0,0,0,0,0
138,0,6,0,0,0,0,0,158240,0,0,0,0,55,0,0,0,0,0,0,0,0,0,0,0,0,0,0,0,0,0,0,0,0,0,0,0,0,37,143,0,0,0,0,0
138,0,7,0,0,0,0,0,158240,0,0,0,0,49,0,0,0,0,0,0,0,0,0,0,0,0,0,0,0,0,0,0,0,0,0,150,0,0,0,94,0,0,0,0,0
138,0,8,0,0,0,0,0,158240,0,0,0,0,52,0,0,0,0,0,0,0,0,0,0,0,0,0,0,0,0,0,0,0,0,0,0,0,28,0,113,0,0,0,0,0
139,0,0,0,0,0,0,0,577158,0,0,182,262400,116,0,0,0,0,0,2241,0,0,0,0,0,0,0,0,182,182,0,130282,0,389687,262400,0,243,0,116,238,0,0,0,0,768
139,0,1,0,0,0,0,0,288579,2241,0,0,0,632,0,0,0,0,0,2241,0,0,0,0,0,0,0,0,0,89,0,65142,0,130202,0,0,112,104,134,1096,0,0,192,0,0
139,0,2,0,0,0,0,0,288579,0,0,0,0,71,192,0,0,0,0,0,0,0,0,0,0,0,0,0,0,0,0,65126,0,0,65387,0,157,64,0,154,0,0,0,0,192
139,0,3,0,0,0,0,0,288579,0,0,0,0,75,192,0,0,0,0,0,0,0,0,0,0,0,0,0,0,0,0,0,0,0,65387,0,7,0,62,115,192,0,0,0,192
139,0,4,0,0,0,0,0,288579,0,0,0,0,77,192,0,0,0,0,0,0,0,0,0,0,0,0,0,0,0,0,0,0,0,65385,336,53,0,1,155,0,0,192,0,192
139,0,5,0,0,0,0,0,288579,0,0,0,0,88,192,0,0,0,0,0,0,0,0,0,0,0,0,0,0,0,0,0,0,0,65383,0,32,49,0,132,0,0,0,0,192
139,0,6,0,0,0,0,0,288579,0,0,0,0,55,0,0,0,0,0,0,0,0,0,0,0,0,0,0,0,0,0,0,0,0,0,0,0,0,37,146,0,0,0,0,0
139,0,7,0,0,0,0,0,288579,0,0,0,0,49,0,0,0,0,0,0,0,0,0,0,0,0,0,0,0,0,0,0,0,0,0,149,0,0,0,94,0,0,0,0,0
139,0,8,0,0,0,0,0,288579,0,0,0,0,51,0,0,0,0,0,0,0,0,0,0,0,0,0,0,0,0,0,0,0,0,0,0,0,29,0,109,0,0,0,0,0
140,0,0,0,0,0,0,0,577447,0,0,184,262400,116,0,0,0,0,0,2241,0,0,0,0,0,0,0,0,184,184,0,130279,0,389713,262400,0,243,0,116,238,0,0,0,0,768
140,0,1,0,0,0,0,0,288724,2241,0,0,0,642,0,0,0,0,0,2241,0,0,0,0,0,0,0,0,0,86,0,65143,0,130211,0,0,111,105,126,1111,0,0,192,0,0
140,0,2,0,0,0,0,0,288724,0,0,0,0,70,192,0,0,0,0,0,0,0,0,0,0,0,0,0,0,0,0,65130,0,0,65385,0,161,66,0,160,0,0,0,0,192
140,0,3,0,0,0,0,0,288724,0,0,0,0,73,192,0,0,0,0,0,0,0,0,0,0,0,0,0,0,0,0,0,0,0,65385,0,9,0,64,114,192,0,0,0,192
140,0,4,0,0,0,0,0,288724,0,0,0,0,78,192,0,0,0,0,0,0,0,0,0,0,0,0,0,0,0,0,0,0,0,65387,331,53,0,1,157,0,0,192,0,192
140,0,5,0,0,0,0,0,288724,0,0,0,0,87,192,0,0,0,0,0,0,0,0,0,0,0,0,0,0,0,0,0,0,0,65388,0,29,50,0,130,0,0,0,0,192
140,0,6,0,0,0,0,0,288724,0,0,0,0,55,0,0,0,0,0,0,0,0,0,0,0,0,0,0,0,0,0,0,0,0,0,0,0,0,37,144,0,0,0,0,0
140,0,7,0,0,0,0,0,288724,0,0,0,0,49,0,0,0,0,0,0,0,0,0,0,0,0,0,0,0,0,0,0,0,0,0,150,0,0,0,94,0,0,0,0,0
140,0,8,0,0,0,0,0,288724,0,0,0,0,52,0,0,0,0,0,0,0,0,0,0,0,0,0,0,0,0,0,0,0,0,0,0,0,28,0,113,0,0,0,0,0
141,0,0,0,0,0,0,0,577151,0,0,182,262400,116,0,0,0,0,0,2238,0,0,0,0,0,0,0,0,182,182,0,130282,0,389711,262400,0,243,0,116,238,0,0,0,0,768
141,0,1,0,0,0,0,0,288576,2238,0,0,0,634,0,0,0,0,0,2238,0,0,0,0,0,0,0,0,0,90,0,65149,0,130205,0,0,112,102,134,1095,0,0,192,0,0
141,0,2,0,0,0,0,0,288576,0,0,0,0,70,192,0,0,0,0,0,0,0,0,0,0,0,0,0,0,0,0,65127,0,0,65386,0,156,65,0,154,0,0,0,0,192
141,0,3,0,0,0,0,0,288576,0,0,0,0,74,192,0,0,0,0,0,0,0,0,0,0,0,0,0,0,0,0,0,0,0,65387,0,9,0,63,112,192,0,0,0,192
141,0,4,0,0,0,0,0,288576,0,0,0,0,75,192,0,0,0,0,0,0,0,0,0,0,0,0,0,0,0,0,0,0,0,65388,338,53,0,1,153,0,0,192,0,192
141,0,5,0,0,0,0,0,288576,0,0,0,0,91,192,0,0,0,0,0,0,0,0,0,0,0,0,0,0,0,0,0,0,0,65384,0,32,46,0,136,0,0,0,0,192
141,0,6,0,0,0,0,0,288576,0,0,0,0,55,0,0,0,0,0,0,0,0,0,0,0,0,0,0,0,0,0,0,0,0,0,0,0,0,37,144,0,0,0,0,0
141,0,7,0,0,0,0,0,288576,0,0,0,0,49,0,0,0,0,0,0,0,0,0,0,0,0,0,0,0,0,0,0,0,0,0,151,0,0,0,94,0,0,0,0,0
141,0,8,0,0,0,0,0,288576,0,0,0,0,53,0,0,0,0,0,0,0,0,0,0,0,0,0,0,0,0,0,0,0,0,0,0,0,27,0,111,0,0,0,0,0
142,0,0,0,0,0,0,0,835717,0,0,264,393600,116,0,0,0,0,0,2376,0,0,0,0,0,0,0,0,264,264,0,260148,0,518231,393600,0,286,0,116,238,0,0,0,0,1152
142,0,1,0,0,0,0,0,417859,2376,0,0,0,693,0,0,0,0,0,2376,0,0,0,0,0,0,0,0,0,249,0,130108,0,130047,0,0,131,122,120,1195,0,0,192,0,0
142,0,2,0,0,0,0,0,417859,0,0,0,0,76,192,0,0,0,0,0,0,0,0,0,0,0,0,0,0,0,0,65150,0,0,65346,0,159,59,0,169,0,0,0,0,192
142,0,3,0,0,0,0,0,417859,0,0,0,0,73,192,0,0,0,0,0,0,0,0,0,0,0,0,0,0,0,0,65149,0,0,65406,0,35,0,62,104,384,0,0,0,192
142,0,4,0,0,0,0,0,417859,0,0,0,0,75,192,0,0,0,0,0,0,0,0,0,0,0,0,0,0,0,0,65148,0,0,65348,381,78,0,2,152,0,0,192,0,192
142,0,5,0,0,0,0,0,417859,0,0,0,0,96,192,0,0,0,0,0,0,0,0,0,0,0,0,0,0,0,0,0,0,0,65406,0,26,39,0,141,0,0,0,0,192
142,0,6,0,0,0,0,0,417859,0,0,0,0,80,192,0,0,0,0,0,0,0,0,0,0,0,0,0,0,0,0,0,0,0,65465,0,0,0,55,188,192,0,0,0,192
142,0,7,0,0,0,0,0,417859,0,0,0,0,78,192,0,0,0,0,0,0,0,0,0,0,0,0,0,0,0,0,0,0,0,65466,193,0,0,2,143,0,0,0,0,192
142,0,8,0,0,0,0,0,417859,0,0,0,0,58,0,0,0,0,0,0,0,0,0,0,0,0,0,0,0,0,0,0,0,0,0,0,0,22,0,122,0,0,0,0,0
143,0,0,0,0,0,0,0,835680,0,0,264,393600,116,0,0,0,0,0,2376,0,0,0,0,0,0,0,0,264,264,0,260147,0,518231,393600,0,286,0,116,238,0,0,0,0,1152
143,0,1,0,0,0,0,0,417840,2376,0,0,0,693,0,0,0,0,0,2376,0,0,0,0,0,0,0,0,0,250,0,130108,0,130047,0,0,126,121,126,1196,0,0,192,0,0
143,0,2,0,0,0,0,0,417840,0,0,0,0,75,192,0,0,0,0,0,0,0,0,0,0,0,0,0,0,0,0,65150,0,0,65346,0,158,59,0,164,0,0,0,0,192
143,0,3,0,0,0,0,0,417840,0,0,0,0,73,192,0,0,0,0,0,0,0,0,0,0,0,0,0,0,0,0,65149,0,0,65406,0,31,0,62,106,384,0,0,0,192
143,0,4,0,0,0,0,0,417840,0,0,0,0,76,192,0,0,0,0,0,0,0,0,0,0,0,0,0,0,0,0,65148,0,0,65348,380,81,0,1,155,0,0,192,0,192
143,0,5,0,0,0,0,0,417840,0,0,0,0,92,192,0,0,0,0,0,0,0,0,0,0,0,0,0,0,0,0,0,0,0,65406,0,28,43,0,137,0,0,0,0,192
143,0,6,0,0,0,0,0,417840,0,0,0,0,77,192,0,0,0,0,0,0,0,0,0,0,0,0,0,0,0,0,0,0,0,65465,0,0,0,58,189,192,0,0,0,192
143,0,7,0,0,0,0,0,417840,0,0,0,0,77,192,0,0,0,0,0,0,0,0,0,0,0,0,0,0,0,0,0,0,0,65466,190,0,0,0,139,0,0,0,0,192
143,0,8,0,0,0,0,0,417840,0,0,0,0,55,0,0,0,0,0,0,0,0,0,0,0,0,0,0,0,0,0,0,0,0,0,0,0,25,0,119,0,0,0,0,0
144,0,0,0,0,0,0,0,835769,0,0,264,393600,116,0,0,0,0,0,2376,0,0,0,0,0,0,0,0,264,264,0,260133,0,518198,393600,0,286,0,116,238,0,0,0,0,1152
144,0,1,0,0,0,0,0,417885,2376,0,0,0,694,0,0,0,0,0,2376,0,0,0,0,0,0,0,0,0,249,0,130103,0,130043,0,0,128,122,122,1202,0,0,192,0,0
144,0,2,0,0,0,0,0,417885,0,0,0,0,77,192,0,0,0,0,0,0,0,0,0,0,0,0,0,0,0,0,65150,0,0,65346,0,160,58,0,167,0,0,0,0,192
144,0,3,0,0,0,0,0,417885,0,0,0,0,74,192,0,0,0,0,0,0,0,0,0,0,0,0,0,0,0,0,65143,0,0,65406,0,32,0,61,108,384,0,0,0,192
144,0,4,0,0,0,0,0,417885,0,0,0,0,75,192,0,0,0,0,0,0,0,0,0,0,0,0,0,0,0,0,65148,0,0,65347,376,80,0,1,153,0,0,192,0,192
144,0,5,0,0,0,0,0,417885,0,0,0,0,91,192,0,0,0,0,0,0,0,0,0,0,0,0,0,0,0,0,0,0,0,65405,0,27,44,0,135,0,0,0,0,192
144,0,6,0,0,0,0,0,417885,0,0,0,0,81,192,0,0,0,0,0,0,0,0,0,0,0,0,0,0,0,0,0,0,0,65463,0,0,0,54,192,192,0,0,0,192
144,0,7,0,0,0,0,0,417885,0,0,0,0,75,192,0,0,0,0,0,0,0,0,0,0,0,0,0,0,0,0,0,0,0,65466,195,0,0,1,138,0,0,0,0,192
144,0,8,0,0,0,0,0,417885,0,0,0,0,55,0,0,0,0,0,0,0,0,0,0,0,0,0,0,0,0,0,0,0,0,0,0,0,25,0,119,0,0,0,0,0
145,0,0,0,0,0,0,0,187527,0,0,34,65552,116,0,0,0,0,0,2001,0,0,0,0,0,0,0,0,34,34,0,0,0,130736,65552,0,196,0,116,238,0,0,0,0,48
145,0,1,0,0,0,0,0,93764,2001,0,0,0,560,0,0,0,0,0,2001,0,0,0,0,0,0,0,0,0,3,0,0,0,65440,0,0,91,86,94,958,0,0,48,0,0
145,0,2,0,0,0,0,0,93764,0,0,0,0,68,48,0,0,0,0,0,0,0,0,0,0,0,0,0,0,0,0,0,0,0,65488,0,136,57,0,155,0,0,0,0,48
145,0,3,0,0,0,0,0,93764,0,0,0,0,49,0,0,0,0,0,0,0,0,0,0,0,0,0,0,0,0,0,0,0,0,0,0,10,0,43,68,0,0,0,0,0
145,0,4,0,0,0,0,0,93764,0,0,0,0,49,0,0,0,0,0,0,0,0,0,0,0,0,0,0,0,0,0,0,0,0,0,267,53,0,0,101,0,0,0,0,0
145,0,5,0,0,0,0,0,93764,0,0,0,0,61,0,0,0,0,0,0,0,0,0,0,0,0,0,0,0,0,0,0,0,0,0,0,27,31,0,83,0,0,0,0,0
145,0,6,0,0,0,0,0,93764,0,0,0,0,55,0,0,0,0,0,0,0,0,0,0,0,0,0,0,0,0,0,0,0,0,0,0,0,0,37,143,0,0,0,0,0
145,0,7,0,0,0,0,0,93764,0,0,0,0,49,0,0,0,0,0,0,0,0,0,0,0,0,0,0,0,0,0,0,0,0,0,150,0,0,0,94,0,0,0,0,0
145,0,8,0,0,0,0,0,93764,0,0,0,0,52,0,0,0,0,0,0,0,0,0,0,0,0,0,0,0,0,0,0,0,0,0,0,0,28,0,112,0,0,0,0,0
146,0,0,0,0,0,0,0,187587,0,0,34,65552,116,0,0,0,0,0,2001,0,0,0,0,0,0,0,0,34,34,0,0,0,130720,65552,0,196,0,116,238,0,0,0,0,48
146,0,1,0,0,0,0,0,93793,2001,0,0,0,568,0,0,0,0,0,2001,0,0,0,0,0,0,0,0,0,2,0,0,0,65435,0,0,90,80,93,966,0,0,48,0,0
146,0,2,0,0,0,0,0,93793,0,0,0,0,70,48,0,0,0,0,0,0,0,0,0,0,0,0,0,0,0,0,0,0,0,65488,0,136,54,0,159,0,0,0,0,48
146,0,3,0,0,0,0,0,93793,0,0,0,0,46,0,0,0,0,0,0,0,0,0,0,0,0,0,0,0,0,0,0,0,0,0,0,8,0,46,62,0,0,0,0,0
146,0,4,0,0,0,0,0,93793,0,0,0,0,46,0,0,0,0,0,0,0,0,0,0,0,0,0,0,0,0,0,0,0,0,0,270,53,0,0,99,0,0,0,0,0
146,0,5,0,0,0,0,0,93793,0,0,0,0,61,0,0,0,0,0,0,0,0,0,0,0,0,0,0,0,0,0,0,0,0,0,0,25,31,0,85,0,0,0,0,0
146,0,6,0,0,0,0,0,93793,0,0,0,0,52,0,0,0,0,0,0,0,0,0,0,0,0,0,0,0,0,0,0,0,0,0,0,0,0,40,142,0,0,0,0,0
146,0,7,0,0,0,0,0,93793,0,0,0,0,49,0,0,0,0,0,0,0,0,0,0,0,0,0,0,0,0,0,0,0,0,0,147,0,0,0,94,0,0,0,0,0
146,0,8,0,0,0,0,0,93793,0,0,0,0,52,0,0,0,0,0,0,0,0,0,0,0,0,0,0,0,0,0,0,0,0,0,0,0,28,0,114,0,0,0,0,0
147,0,0,0,0,0,0,0,187545,0,0,34,65552,116,0,0,0,0,0,2001,0,0,0,0,0,0,0,0,34,34,0,0,0,130735,65552,0,196,0,116,238,0,0,0,0,48
147,0,1,0,0,0,0,0,93773,2001,0,0,0,557,0,0,0,0,0,2001,0,0,0,0,0,0,0,0,0,2,0,0,0,65439,0,0,91,87,96,958,0,0,48,0,0
147,0,2,0,0,0,0,0,93772,0,0,0,0,71,48,0,0,0,0,0,0,0,0,0,0,0,0,0,0,0,0,0,0,0,65488,0,134,54,0,158,0,0,0,0,48
147,0,3,0,0,0,0,0,93773,0,0,0,0,49,0,0,0,0,0,0,0,0,0,0,0,0,0,0,0,0,0,0,0,0,0,0,11,0,43,68,0,0,0,0,0
147,0,4,0,0,0,0,0,93773,0,0,0,0,49,0,0,0,0,0,0,0,0,0,0,0,0,0,0,0,0,0,0,0,0,0,267,53,0,0,101,0,0,0,0,0
147,0,5,0,0,0,0,0,93773,0,0,0,0,64,0,0,0,0,0,0,0,0,0,0,0,0,0,0,0,0,0,0,0,0,0,0,28,28,0,87,0,0,0,0,0
147,0,6,0,0,0,0,0,93773,0,0,0,0,55,0,0,0,0,0,0,0,0,0,0,0,0,0,0,0,0,0,0,0,0,0,0,0,0,37,142,0,0,0,0,0
147,0,7,0,0,0,0,0,93773,0,0,0,0,49,0,0,0,0,0,0,0,0,0,0,0,0,0,0,0,0,0,0,0,0,0,153,0,0,0,94,0,0,0,0,0
147,0,8,0,0,0,0,0,93773,0,0,0,0,55,0,0,0,0,0,0,0,0,0,0,0,0,0,0,0,0,0,0,0,0,0,0,0,25,0,114,0,0,0,0,0
148,0,0,0,0,0,0,0,317475,0,0,66,131104,116,0,0,0,0,0,2052,0,0,0,0,0,0,0,0,66,66,0,130863,0,130734,131104,0,231,0,116,238,0,0,0,0,96
148,0,1,0,0,0,0,0,158738,2052,0,0,0,575,0,0,0,0,0,2052,0,0,0,0,0,0,0,0,0,33,0,0,0,65437,0,0,91,101,97,984,0,0,48,0,0
148,0,2,0,0,0,0,0,158738,0,0,0,0,71,48,0,0,0,0,0,0,0,0,0,0,0,0,0,0,0,0,0,0,0,65489,0,136,52,0,153,0,0,0,0,48
148,0,3,0,0,0,0,0,158738,0,0,0,0,73,48,0,0,0,0,0,0,0,0,0,0,0,0,0,0,0,0,0,0,0,65488,0,8,0,52,109,0,0,0,0,48
148,0,4,0,0,0,0,0,158738,0,0,0,0,49,0,0,0,0,0,0,0,0,0,0,0,0,0,0,0,0,0,0,0,0,0,291,53,0,0,101,0,0,0,0,0
148,0,5,0,0,0,0,0,158738,0,0,0,0,61,0,0,0,0,0,0,0,0,0,0,0,0,0,0,0,0,0,0,0,0,0,0,29,31,0,82,0,0,0,0,0
148,0,6,0,0,0,0,0,158738,0,0,0,0,55,0,0,0,0,0,0,0,0,0,0,0,0,0,0,0,0,0,0,0,0,0,0,0,0,37,145,0,0,0,0,0
148,0,7,0,0,0,0,0,158738,0,0,0,0,49,0,0,0,0,0,0,0,0,0,0,0,0,0,0,0,0,0,0,0,0,0,150,0,0,0,94,0,0,0,0,0
148,0,8,0,0,0,0,0,158738,0,0,0,0,52,0,0,0,0,0,0,0,0,0,0,0,0,0,0,0,0,0,0,0,0,0,0,0,28,0,111,0,0,0,0,0
149,0,0,0,0,0,0,0,317487,0,0,66,131104,116,0,0,0,0,0,2056,0,0,0,0,0,0,0,0,66,66,0,130863,0,130735,131104,0,231,0,116,238,0,0,0,0,96
149,0,1,0,0,0,0,0,158744,2055,0,0,0,580,0,0,0,0,0,2055,0,0,0,0,0,0,0,0,0,33,0,0,0,65438,0,0,90,97,97,989,0,0,48,0,0
149,0,2,0,0,0,0,0,158744,0,0,0,0,76,48,0,0,0,0,0,0,0,0,0,0,0,0,0,0,0,0,0,0,0,65489,0,133,47,0,161,0,0,0,0,48
149,0,3,0,0,0,0,0,158744,0,0,0,0,72,48,0,0,0,0,0,0,0,0,0,0,0,0,0,0,0,0,0,0,0,65488,0,11,0,53,102,0,0,0,0,48
149,0,4,0,0,0,0,0,158744,0,0,0,0,46,0,0,0,0,0,0,0,0,0,0,0,0,0,0,0,0,0,0,0,0,0,296,53,0,0,99,0,0,0,0,0
149,0,5,0,0,0,0,0,158744,0,0,0,0,64,0,0,0,0,0,0,0,0,0,0,0,0,0,0,0,0,0,0,0,0,0,0,27,28,0,90,0,0,0,0,0
149,0,6,0,0,0,0,0,158744,0,0,0,0,52,0,0,0,0,0,0,0,0,0,0,0,0,0,0,0,0,0,0,0,0,0,0,0,0,40,139,0,0,0,0,0
149,0,7,0,0,0,0,0,158744,0,0,0,0,49,0,0,0,0,0,0,0,0,0,0,0,0,0,0,0,0,0,0,0,0,0,150,0,0,0,94,0,0,0,0,0
149,0,8,0,0,0,0,0,158744,0,0,0,0,55,0,0,0,0,0,0,0,0,0,0,0,0,0,0,0,0,0,0,0,0,0,0,0,25,0,116,0,0,0,0,0
150,0,0,0,0,0,0,0,317503,0,0,66,131104,116,0,0,0,0,0,2052,0,0,0,0,0,0,0,0,66,66,0,130863,0,130733,131104,0,231,0,116,238,0,0,0,0,96
150,0,1,0,0,0,0,0,158752,2052,0,0,0,563,0,0,0,0,0,2052,0,0,0,0,0,0,0,0,0,34,0,0,0,65437,0,0,91,104,106,973,0,0,48,0,0
150,0,2,0,0,0,0,0,158752,0,0,0,0,72,48,0,0,0,0,0,0,0,0,0,0,0,0,0,0,0,0,0,0,0,65488,0,130,51,0,151,0,0,0,0,48
150,0,3,0,0,0,0,0,158752,0,0,0,0,75,48,0,0,0,0,0,0,0,0,0,0,0,0,0,0,0,0,0,0,0,65488,0,11,0,50,111,0,0,0,0,48
150,0,4,0,0,0,0,0,158752,0,0,0,0,49,0,0,0,0,0,0,0,0,0,0,0,0,0,0,0,0,0,0,0,0,0,291,53,0,1,101,0,0,0,0,0
150,0,5,0,0,0,0,0,158752,0,0,0,0,60,0,0,0,0,0,0,0,0,0,0,0,0,0,0,0,0,0,0,0,0,0,0,30,32,0,85,0,0,0,0,0
150,0,6,0,0,0,0,0,158752,0,0,0,0,55,0,0,0,0,0,0,0,0,0,0,0,0,0,0,0,0,0,0,0,0,0,0,0,0,37,142,0,0,0,0,0
150,0,7,0,0,0,0,0,158752,0,0,0,0,49,0,0,0,0,0,0,0,0,0,0,0,0,0,0,0,0,0,0,0,0,0,150,0,0,0,94,0,0,0,0,0
150,0,8,0,0,0,0,0,158752,0,0,0,0,52,0,0,0,0,0,0,0,0,0,0,0,0,0,0,0,0,0,0,0,0,0,0,0,28,0,110,0,0,0,0,0
151,0,0,0,0,0,0,0,579605,0,0,132,262208,116,0,0,0,0,0,2166,0,0,0,0,0,0,0,0,132,132,0,130863,0,392064,262208,0,231,0,116,238,0,0,0,0,192
151,0,1,0,0,0,0,0,289803,2166,0,0,0,617,0,0,0,0,0,2166,0,0,0,0,0,0,0,0,0,66,0,65416,0,130799,0,0,103,99,113,1064,0,0,48,0,0
151,0,2,0,0,0,0,0,289802,0,0,0,0,66,48,0,0,0,0,0,0,0,0,0,0,0,0,0,0,0,0,65410,0,0,65488,0,155,55,0,146,0,0,0,0,48
151,0,3,0,0,0,0,0,289803,0,0,0,0,64,48,0,0,0,0,0,0,0,0,0,0,0,0,0,0,0,0,0,0,0,65488,0,18,0,61,90,48,0,0,0,48
151,0,4,0,0,0,0,0,289803,0,0,0,0,68,48,0,0,0,0,0,0,0,0,0,0,0,0,0,0,0,0,0,0,0,65503,312,53,0,0,143,0,0,48,0,48
151,0,5,0,0,0,0,0,289803,0,0,0,0,83,48,0,0,0,0,0,0,0,0,0,0,0,0,0,0,0,0,0,0,0,65489,0,27,41,0,124,0,0,0,0,48
151,0,6,0,0,0,0,0,289803,0,0,0,0,55,0,0,0,0,0,0,0,0,0,0,0,0,0,0,0,0,0,0,0,0,0,0,0,0,37,135,0,0,0,0,0
151,0,7,0,0,0,0,0,289803,0,0,0,0,49,0,0,0,0,0,0,0,0,0,0,0,0,0,0,0,0,0,0,0,0,0,156,0,0,0,94,0,0,0,0,0
151,0,8,0,0,0,0,0,289803,0,0,0,0,58,0,0,0,0,0,0,0,0,0,0,0,0,0,0,0,0,0,0,0,0,0,0,0,22,0,121,0,0,0,0,0
152,0,0,0,0,0,0,0,579614,0,0,132,262208,116,0,0,0,0,0,2166,0,0,0,0,0,0,0,0,132,132,0,130864,0,392031,262208,0,231,0,116,238,0,0,0,0,192
152,0,1,0,0,0,0,0,289807,2166,0,0,0,613,0,0,0,0,0,2166,0,0,0,0,0,0,0,0,0,65,0,65411,0,130793,0,0,107,100,112,1054,0,0,48,0,0
152,0,2,0,0,0,0,0,289807,0,0,0,0,66,48,0,0,0,0,0,0,0,0,0,0,0,0,0,0,0,0,65409,0,0,65487,0,152,55,0,150,0,0,0,0,48
152,0,3,0,0,0,0,0,289807,0,0,0,0,63,48,0,0,0,0,0,0,0,0,0,0,0,0,0,0,0,0,0,0,0,65488,0,14,0,62,93,48,0,0,0,48
152,0,4,0,0,0,0,0,289807,0,0,0,0,65,48,0,0,0,0,0,0,0,0,0,0,0,0,0,0,0,0,0,0,0,65502,318,53,0,0,136,0,0,48,0,48
152,0,5,0,0,0,0,0,289807,0,0,0,0,85,48,0,0,0,0,0,0,0,0,0,0,0,0,0,0,0,0,0,0,0,65489,0,28,40,0,127,0,0,0,0,48
152,0,6,0,0,0,0,0,289807,0,0,0,0,52,0,0,0,0,0,0,0,0,0,0,0,0,0,0,0,0,0,0,0,0,0,0,0,0,40,136,0,0,0,0,0
152,0,7,0,0,0,0,0,289807,0,0,0,0,49,0,0,0,0,0,0,0,0,0,0,0,0,0,0,0,0,0,0,0,0,0,153,0,0,0,94,0,0,0,0,0
152,0,8,0,0,0,0,0,289807,0,0,0,0,58,0,0,0,0,0,0,0,0,0,0,0,0,0,0,0,0,0,0,0,0,0,0,0,22,0,120,0,0,0,0,0
153,0,0,0,0,0,0,0,579631,0,0,132,262208,116,0,0,0,0,0,2163,0,0,0,0,0,0,0,0,132,132,0,130861,0,392067,262208,0,231,0,116,238,0,0,0,0,192
153,0,1,0,0,0,0,0,289816,2163,0,0,0,612,0,0,0,0,0,2163,0,0,0,0,0,0,0,0,0,66,0,65414,0,130800,0,0,107,95,118,1053,0,0,48,0,0
153,0,2,0,0,0,0,0,289816,0,0,0,0,63,48,0,0,0,0,0,0,0,0,0,0,0,0,0,0,0,0,65409,0,0,65489,0,155,57,0,139,0,0,0,0,48
153,0,3,0,0,0,0,0,289816,0,0,0,0,68,48,0,0,0,0,0,0,0,0,0,0,0,0,0,0,0,0,0,0,0,65488,0,9,0,57,98,48,0,0,0,48
153,0,4,0,0,0,0,0,289816,0,0,0,0,68,48,0,0,0,0,0,0,0,0,0,0,0,0,0,0,0,0,0,0,0,65503,316,53,0,1,139,0,0,48,0,48
153,0,5,0,0,0,0,0,289816,0,0,0,0,79,48,0,0,0,0,0,0,0,0,0,0,0,0,0,0,0,0,0,0,0,65490,0,32,45,0,114,0,0,0,0,48
153,0,6,0,0,0,0,0,289816,0,0,0,0,55,0,0,0,0,0,0,0,0,0,0,0,0,0,0,0,0,0,0,0,0,0,0,0,0,37,144,0,0,0,0,0
153,0,7,0,0,0,0,0,289816,0,0,0,0,49,0,0,0,0,0,0,0,0,0,0,0,0,0,0,0,0,0,0,0,0,0,151,0,0,0,94,0,0,0,0,0
153,0,8,0,0,0,0,0,289816,0,0,0,0,53,0,0,0,0,0,0,0,0,0,0,0,0,0,0,0,0,0,0,0,0,0,0,0,27,0,111,0,0,0,0,0
154,0,0,0,0,0,0,0,841855,0,0,198,393312,116,0,0,0,0,0,2274,0,0,0,0,0,0,0,0,198,198,0,261592,0,522684,393312,0,264,0,116,238,0,0,0,0,288
154,0,1,0,0,0,0,0,420928,2274,0,0,0,663,0,0,0,0,0,2274,0,0,0,0,0,0,0,0,0,104,0,130795,0,130800,0,0,120,107,110,1132,0,0,48,0,0
154,0,2,0,0,0,0,0,420927,0,0,0,0,65,48,0,0,0,0,0,0,0,0,0,0,0,0,0,0,0,0,65408,0,0,65488,0,156,56,0,147,0,0,0,0,48
154,0,3,0,0,0,0,0,420928,0,0,0,0,68,48,0,0,0,0,0,0,0,0,0,0,0,0,0,0,0,0,65424,0,0,65506,0,22,0,55,96,96,0,0,0,48
154,0,4,0,0,0,0,0,420928,0,0,0,0,70,48,0,0,0,0,0,0,0,0,0,0,0,0,0,0,0,0,65439,0,0,65506,351,76,0,1,140,0,0,48,0,48
154,0,5,0,0,0,0,0,420928,0,0,0,0,85,48,0,0,0,0,0,0,0,0,0,0,0,0,0,0,0,0,0,0,0,65489,0,31,39,0,120,0,0,0,0,48
154,0,6,0,0,0,0,0,420928,0,0,0,0,77,48,0,0,0,0,0,0,0,0,0,0,0,0,0,0,0,0,0,0,0,65501,0,0,0,48,188,48,0,0,0,48
154,0,7,0,0,0,0,0,420928,0,0,0,0,72,48,0,0,0,0,0,0,0,0,0,0,0,0,0,0,0,0,0,0,0,65491,184,0,0,1,129,0,0,0,0,48
154,0,8,0,0,0,0,0,420928,0,0,0,0,55,0,0,0,0,0,0,0,0,0,0,0,0,0,0,0,0,0,0,0,0,0,0,0,25,0,115,0,0,0,0,0
155,0,0,0,0,0,0,0,841850,0,0,198,393312,116,0,0,0,0,0,2277,0,0,0,0,0,0,0,0,198,198,0,261573,0,522652,393312,0,264,0,116,238,0,0,0,0,288
155,0,1,0,0,0,0,0,420925,2277,0,0,0,661,0,0,0,0,0,2277,0,0,0,0,0,0,0,0,0,93,0,130776,0,130796,0,0,119,111,109,1133,0,0,48,0,0
155,0,2,0,0,0,0,0,420925,0,0,0,0,64,48,0,0,0,0,0,0,0,0,0,0,0,0,0,0,0,0,65412,0,0,65489,0,155,57,0,148,0,0,0,0,48
155,0,3,0,0,0,0,0,420925,0,0,0,0,69,48,0,0,0,0,0,0,0,0,0,0,0,0,0,0,0,0,65424,0,0,65506,0,21,0,54,102,96,0,0,0,48
155,0,4,0,0,0,0,0,420925,0,0,0,0,71,48,0,0,0,0,0,0,0,0,0,0,0,0,0,0,0,0,65433,0,0,65506,347,74,0,1,144,0,0,48,0,48
155,0,5,0,0,0,0,0,420925,0,0,0,0,82,48,0,0,0,0,0,0,0,0,0,0,0,0,0,0,0,0,0,0,0,65488,0,29,43,0,119,0,0,0,0,48
155,0,6,0,0,0,0,0,420925,0,0,0,0,75,48,0,0,0,0,0,0,0,0,0,0,0,0,0,0,0,0,0,0,0,65501,0,0,0,50,187,48,0,0,0,48
155,0,7,0,0,0,0,0,420925,0,0,0,0,68,48,0,0,0,0,0,0,0,0,0,0,0,0,0,0,0,0,0,0,0,65486,184,0,0,0,127,0,0,0,0,48
155,0,8,0,0,0,0,0,420925,0,0,0,0,52,0,0,0,0,0,0,0,0,0,0,0,0,0,0,0,0,0,0,0,0,0,0,0,28,0,115,0,0,0,0,0
156,0,0,0,0,0,0,0,841908,0,0,198,393312,116,0,0,0,0,0,2277,0,0,0,0,0,0,0,0,198,198,0,261578,0,522672,393312,0,264,0,116,238,0,0,0,0,288
156,0,1,0,0,0,0,0,420954,2277,0,0,0,656,0,0,0,0,0,2277,0,0,0,0,0,0,0,0,0,99,0,130787,0,130796,0,0,119,106,119,1136,0,0,48,0,0
156,0,2,0,0,0,0,0,420954,0,0,0,0,67,48,0,0,0,0,0,0,0,0,0,0,0,0,0,0,0,0,65408,0,0,65488,0,149,54,0,147,0,0,0,0,48
156,0,3,0,0,0,0,0,420954,0,0,0,0,66,48,0,0,0,0,0,0,0,0,0,0,0,0,0,0,0,0,65423,0,0,65503,0,25,0,57,92,96,0,0,0,48
156,0,4,0,0,0,0,0,420954,0,0,0,0,70,48,0,0,0,0,0,0,0,0,0,0,0,0,0,0,0,0,65440,0,0,65506,342,75,0,2,142,0,0,48,0,48
156,0,5,0,0,0,0,0,420954,0,0,0,0,78,48,0,0,0,0,0,0,0,0,0,0,0,0,0,0,0,0,0,0,0,65488,0,27,46,0,123,0,0,0,0,48
156,0,6,0,0,0,0,0,420954,0,0,0,0,74,48,0,0,0,0,0,0,0,0,0,0,0,0,0,0,0,0,0,0,0,65501,0,0,0,51,182,48,0,0,0,48
156,0,7,0,0,0,0,0,420954,0,0,0,0,69,48,0,0,0,0,0,0,0,0,0,0,0,0,0,0,0,0,0,0,0,65489,183,0,0,1,127,0,0,0,0,48
156,0,8,0,0,0,0,0,420954,0,0,0,0,54,0,0,0,0,0,0,0,0,0,0,0,0,0,0,0,0,0,0,0,0,0,0,0,26,0,118,0,0,0,0,0
157,0,0,0,0,0,0,0,186442,0,0,10,65540,116,0,0,0,0,0,1965,0,0,0,0,0,0,0,0,10,10,0,0,0,130988,65540,0,196,0,116,238,0,0,0,0,12
157,0,1,0,0,0,0,0,93221,1965,0,0,0,552,0,0,0,0,0,1965,0,0,0,0,0,0,0,0,0,3,0,0,0,65512,0,0,90,81,84,941,0,0,12,0,0
157,0,2,0,0,0,0,0,93221,0,0,0,0,56,12,0,0,0,0,0,0,0,0,0,0,0,0,0,0,0,0,0,0,0,65524,0,135,45,0,130,0,0,0,0,12
157,0,3,0,0,0,0,0,93221,0,0,0,0,46,0,0,0,0,0,0,0,0,0,0,0,0,0,0,0,0,0,0,0,0,0,0,10,0,46,60,0,0,0,0,0
157,0,4,0,0,0,0,0,93221,0,0,0,0,46,0,0,0,0,0,0,0,0,0,0,0,0,0,0,0,0,0,0,0,0,0,264,53,0,0,99,0,0,0,0,0
157,0,5,0,0,0,0,0,93221,0,0,0,0,61,0,0,0,0,0,0,0,0,0,0,0,0,0,0,0,0,0,0,0,0,0,0,24,31,0,87,0,0,0,0,0
157,0,6,0,0,0,0,0,93221,0,0,0,0,55,0,0,0,0,0,0,0,0,0,0,0,0,0,0,0,0,0,0,0,0,0,0,0,0,37,143,0,0,0,0,0
157,0,7,0,0,0,0,0,93221,0,0,0,0,49,0,0,0,0,0,0,0,0,0,0,0,0,0,0,0,0,0,0,0,0,0,153,0,0,0,94,0,0,0,0,0
157,0,8,0,0,0,0,0,93221,0,0,0,0,55,0,0,0,0,0,0,0,0,0,0,0,0,0,0,0,0,0,0,0,0,0,0,0,25,0,118,0,0,0,0,0
158,0,0,0,0,0,0,0,186470,0,0,10,65540,116,0,0,0,0,0,1965,0,0,0,0,0,0,0,0,10,10,0,0,0,130988,65540,0,196,0,116,238,0,0,0,0,12
158,0,1,0,0,0,0,0,93235,1965,0,0,0,546,0,0,0,0,0,1965,0,0,0,0,0,0,0,0,0,2,0,0,0,65512,0,0,90,85,86,929,0,0,12,0,0
158,0,2,0,0,0,0,0,93235,0,0,0,0,55,12,0,0,0,0,0,0,0,0,0,0,0,0,0,0,0,0,0,0,0,65524,0,132,45,0,131,0,0,0,0,12
158,0,3,0,0,0,0,0,93235,0,0,0,0,46,0,0,0,0,0,0,0,0,0,0,0,0,0,0,0,0,0,0,0,0,0,0,14,0,46,60,0,0,0,0,0
158,0,4,0,0,0,0,0,93235,0,0,0,0,46,0,0,0,0,0,0,0,0,0,0,0,0,0,0,0,0,0,0,0,0,0,270,53,0,0,99,0,0,0,0,0
158,0,5,0,0,0,0,0,93235,0,0,0,0,63,0,0,0,0,0,0,0,0,0,0,0,0,0,0,0,0,0,0,0,0,0,0,25,29,0,91,0,0,0,0,0
158,0,6,0,0,0,0,0,93235,0,0,0,0,52,0,0,0,0,0,0,0,0,0,0,0,0,0,0,0,0,0,0,0,0,0,0,0,0,40,136,0,0,0,0,0
158,0,7,0,0,0,0,0,93235,0,0,0,0,49,0,0,0,0,0,0,0,0,0,0,0,0,0,0,0,0,0,0,0,0,0,149,0,0,0,94,0,0,0,0,0
158,0,8,0,0,0,0,0,93235,0,0,0,0,54,0,0,0,0,0,0,0,0,0,0,0,0,0,0,0,0,0,0,0,0,0,0,0,26,0,116,0,0,0,0,0
159,0,0,0,0,0,0,0,186449,0,0,10,65540,116,0,0,0,0,0,1965,0,0,0,0,0,0,0,0,10,10,0,0,0,130988,65540,0,196,0,116,238,0,0,0,0,12
159,0,1,0,0,0,0,0,93225,1965,0,0,0,547,0,0,0,0,0,1965,0,0,0,0,0,0,0,0,0,3,0,0,0,65512,0,0,90,82,88,930,0,0,12,0,0
159,0,2,0,0,0,0,0,93224,0,0,0,0,55,12,0,0,0,0,0,0,0,0,0,0,0,0,0,0,0,0,0,0,0,65524,0,134,45,0,127,0,0,0,0,12
159,0,3,0,0,0,0,0,93225,0,0,0,0,46,0,0,0,0,0,0,0,0,0,0,0,0,0,0,0,0,0,0,0,0,0,0,11,0,46,61,0,0,0,0,0
159,0,4,0,0,0,0,0,93225,0,0,0,0,46,0,0,0,0,0,0,0,0,0,0,0,0,0,0,0,0,0,0,0,0,0,270,53,0,0,99,0,0,0,0,0
159,0,5,0,0,0,0,0,93225,0,0,0,0,64,0,0,0,0,0,0,0,0,0,0,0,0,0,0,0,0,0,0,0,0,0,0,25,28,0,90,0,0,0,0,0
159,0,6,0,0,0,0,0,93225,0,0,0,0,52,0,0,0,0,0,0,0,0,0,0,0,0,0,0,0,0,0,0,0,0,0,0,0,0,40,139,0,0,0,0,0
159,0,7,0,0,0,0,0,93225,0,0,0,0,49,0,0,0,0,0,0,0,0,0,0,0,0,0,0,0,0,0,0,0,0,0,150,0,0,0,94,0,0,0,0,0
159,0,8,0,0,0,0,0,93225,0,0,0,0,55,0,0,0,0,0,0,0,0,0,0,0,0,0,0,0,0,0,0,0,0,0,0,0,25,0,117,0,0,0,0,0
160,0,0,0,0,0,0,0,317445,0,0,18,131080,116,0,0,0,0,0,1980,0,0,0,0,0,0,0,0,18,18,0,131019,0,130987,131080,0,207,0,116,238,0,0,0,0,24
160,0,1,0,0,0,0,0,158723,1980,0,0,0,547,0,0,0,0,0,1980,0,0,0,0,0,0,0,0,0,10,0,0,0,65511,0,0,91,91,87,932,0,0,12,0,0
160,0,2,0,0,0,0,0,158723,0,0,0,0,50,12,0,0,0,0,0,0,0,0,0,0,0,0,0,0,0,0,0,0,0,65524,0,134,49,0,120,0,0,0,0,12
160,0,3,0,0,0,0,0,158723,0,0,0,0,55,12,0,0,0,0,0,0,0,0,0,0,0,0,0,0,0,0,0,0,0,65525,0,11,0,46,79,0,0,0,0,12
160,0,4,0,0,0,0,0,158723,0,0,0,0,49,0,0,0,0,0,0,0,0,0,0,0,0,0,0,0,0,0,0,0,0,0,270,53,0,0,101,0,0,0,0,0
160,0,5,0,0,0,0,0,158723,0,0,0,0,63,0,0,0,0,0,0,0,0,0,0,0,0,0,0,0,0,0,0,0,0,0,0,29,29,0,86,0,0,0,0,0
160,0,6,0,0,0,0,0,158723,0,0,0,0,55,0,0,0,0,0,0,0,0,0,0,0,0,0,0,0,0,0,0,0,0,0,0,0,0,37,142,0,0,0,0,0
160,0,7,0,0,0,0,0,158723,0,0,0,0,49,0,0,0,0,0,0,0,0,0,0,0,0,0,0,0,0,0,0,0,0,0,155,0,0,0,94,0,0,0,0,0
160,0,8,0,0,0,0,0,158723,0,0,0,0,57,0,0,0,0,0,0,0,0,0,0,0,0,0,0,0,0,0,0,0,0,0,0,0,23,0,116,0,0,0,0,0
161,0,0,0,0,0,0,0,317444,0,0,18,131080,116,0,0,0,0,0,1983,0,0,0,0,0,0,0,0,18,18,0,131020,0,130988,131080,0,207,0,116,238,0,0,0,0,24
161,0,1,0,0,0,0,0,158722,1983,0,0,0,549,0,0,0,0,0,1983,0,0,0,0,0,0,0,0,0,9,0,0,0,65512,0,0,90,89,88,934,0,0,12,0,0
161,0,2,0,0,0,0,0,158722,0,0,0,0,56,12,0,0,0,0,0,0,0,0,0,0,0,0,0,0,0,0,0,0,0,65524,0,131,43,0,128,0,0,0,0,12
161,0,3,0,0,0,0,0,158722,0,0,0,0,52,12,0,0,0,0,0,0,0,0,0,0,0,0,0,0,0,0,0,0,0,65524,0,14,0,49,71,0,0,0,0,12
161,0,4,0,0,0,0,0,158722,0,0,0,0,46,0,0,0,0,0,0,0,0,0,0,0,0,0,0,0,0,0,0,0,0,0,276,53,0,0,99,0,0,0,0,0
161,0,5,0,0,0,0,0,158722,0,0,0,0,64,0,0,0,0,0,0,0,0,0,0,0,0,0,0,0,0,0,0,0,0,0,0,27,28,0,92,0,0,0,0,0
161,0,6,0,0,0,0,0,158722,0,0,0,0,52,0,0,0,0,0,0,0,0,0,0,0,0,0,0,0,0,0,0,0,0,0,0,0,0,40,136,0,0,0,0,0
161,0,7,0,0,0,0,0,158722,0,0,0,0,49,0,0,0,0,0,0,0,0,0,0,0,0,0,0,0,0,0,0,0,0,0,150,0,0,0,94,0,0,0,0,0
161,0,8,0,0,0,0,0,158722,0,0,0,0,55,0,0,0,0,0,0,0,0,0,0,0,0,0,0,0,0,0,0,0,0,0,0,0,25,0,116,0,0,0,0,0
162,0,0,0,0,0,0,0,317457,0,0,18,131080,116,0,0,0,0,0,1980,0,0,0,0,0,0,0,0,18,18,0,131020,0,130987,131080,0,207,0,116,238,0,0,0,0,24
162,0,1,0,0,0,0,0,158729,1980,0,0,0,546,0,0,0,0,0,1980,0,0,0,0,0,0,0,0,0,7,0,0,0,65510,0,0,91,92,87,930,0,0,12,0,0
162,0,2,0,0,0,0,0,158729,0,0,0,0,51,12,0,0,0,0,0,0,0,0,0,0,0,0,0,0,0,0,0,0,0,65525,0,134,48,0,121,0,0,0,0,12
162,0,3,0,0,0,0,0,158729,0,0,0,0,55,12,0,0,0,0,0,0,0,0,0,0,0,0,0,0,0,0,0,0,0,65524,0,11,0,46,79,0,0,0,0,12
162,0,4,0,0,0,0,0,158729,0,0,0,0,49,0,0,0,0,0,0,0,0,0,0,0,0,0,0,0,0,0,0,0,0,0,272,53,0,1,101,0,0,0,0,0
162,0,5,0,0,0,0,0,158729,0,0,0,0,64,0,0,0,0,0,0,0,0,0,0,0,0,0,0,0,0,0,0,0,0,0,0,28,28,0,87,0,0,0,0,0
162,0,6,0,0,0,0,0,158729,0,0,0,0,55,0,0,0,0,0,0,0,0,0,0,0,0,0,0,0,0,0,0,0,0,0,0,0,0,37,142,0,0,0,0,0
162,0,7,0,0,0,0,0,158729,0,0,0,0,49,0,0,0,0,0,0,0,0,0,0,0,0,0,0,0,0,0,0,0,0,0,153,0,0,0,94,0,0,0,0,0
162,0,8,0,0,0,0,0,158729,0,0,0,0,55,0,0,0,0,0,0,0,0,0,0,0,0,0,0,0,0,0,0,0,0,0,0,0,25,0,115,0,0,0,0,0
163,0,0,0,0,0,0,0,579781,0,0,36,262160,116,0,0,0,0,0,2022,0,0,0,0,0,0,0,0,36,36,0,131020,0,392904,262160,0,207,0,116,238,0,0,0,0,48
163,0,1,0,0,0,0,0,289891,2022,0,0,0,558,0,0,0,0,0,2022,0,0,0,0,0,0,0,0,0,18,0,65500,0,131003,0,0,94,89,95,954,0,0,12,0,0
163,0,2,0,0,0,0,0,289890,0,0,0,0,53,12,0,0,0,0,0,0,0,0,0,0,0,0,0,0,0,0,65505,0,0,65524,0,138,44,0,120,0,0,0,0,12
163,0,3,0,0,0,0,0,289891,0,0,0,0,51,12,0,0,0,0,0,0,0,0,0,0,0,0,0,0,0,0,0,0,0,65524,0,19,0,50,66,12,0,0,0,12
163,0,4,0,0,0,0,0,289891,0,0,0,0,52,12,0,0,0,0,0,0,0,0,0,0,0,0,0,0,0,0,0,0,0,65523,278,53,0,0,112,0,0,12,0,12
163,0,5,0,0,0,0,0,289891,0,0,0,0,68,12,0,0,0,0,0,0,0,0,0,0,0,0,0,0,0,0,0,0,0,65523,0,25,33,0,103,0,0,0,0,12
163,0,6,0,0,0,0,0,289891,0,0,0,0,55,0,0,0,0,0,0,0,0,0,0,0,0,0,0,0,0,0,0,0,0,0,0,0,0,37,134,0,0,0,0,0
163,0,7,0,0,0,0,0,289891,0,0,0,0,49,0,0,0,0,0,0,0,0,0,0,0,0,0,0,0,0,0,0,0,0,0,153,0,0,0,94,0,0,0,0,0
163,0,8,0,0,0,0,0,289891,0,0,0,0,55,0,0,0,0,0,0,0,0,0,0,0,0,0,0,0,0,0,0,0,0,0,0,0,25,0,120,0,0,0,0,0
164,0,0,0,0,0,0,0,579791,0,0,36,262160,116,0,0,0,0,0,2019,0,0,0,0,0,0,0,0,36,36,0,131020,0,392928,262160,0,207,0,116,238,0,0,0,0,48
164,0,1,0,0,0,0,0,289896,2019,0,0,0,562,0,0,0,0,0,2019,0,0,0,0,0,0,0,0,0,17,0,65508,0,131004,0,0,94,83,97,952,0,0,12,0,0
164,0,2,0,0,0,0,0,289896,0,0,0,0,54,12,0,0,0,0,0,0,0,0,0,0,0,0,0,0,0,0,65505,0,0,65524,0,135,43,0,122,0,0,0,0,12
164,0,3,0,0,0,0,0,289896,0,0,0,0,54,12,0,0,0,0,0,0,0,0,0,0,0,0,0,0,0,0,0,0,0,65524,0,12,0,47,71,12,0,0,0,12
164,0,4,0,0,0,0,0,289896,0,0,0,0,53,12,0,0,0,0,0,0,0,0,0,0,0,0,0,0,0,0,0,0,0,65526,285,53,0,0,113,0,0,12,0,12
164,0,5,0,0,0,0,0,289896,0,0,0,0,71,12,0,0,0,0,0,0,0,0,0,0,0,0,0,0,0,0,0,0,0,65524,0,31,30,0,103,0,0,0,0,12
164,0,6,0,0,0,0,0,289896,0,0,0,0,52,0,0,0,0,0,0,0,0,0,0,0,0,0,0,0,0,0,0,0,0,0,0,0,0,40,138,0,0,0,0,0
164,0,7,0,0,0,0,0,289896,0,0,0,0,49,0,0,0,0,0,0,0,0,0,0,0,0,0,0,0,0,0,0,0,0,0,151,0,0,0,94,0,0,0,0,0
164,0,8,0,0,0,0,0,289896,0,0,0,0,56,0,0,0,0,0,0,0,0,0,0,0,0,0,0,0,0,0,0,0,0,0,0,0,24,0,115,0,0,0,0,0
165,0,0,0,0,0,0,0,579737,0,0,36,262160,116,0,0,0,0,0,2019,0,0,0,0,0,0,0,0,36,36,0,131020,0,392926,262160,0,207,0,116,238,0,0,0,0,48
165,0,1,0,0,0,0,0,289869,2019,0,0,0,558,0,0,0,0,0,2019,0,0,0,0,0,0,0,0,0,17,0,65508,0,131001,0,0,95,90,93,954,0,0,12,0,0
165,0,2,0,0,0,0,0,289869,0,0,0,0,53,12,0,0,0,0,0,0,0,0,0,0,0,0,0,0,0,0,65505,0,0,65524,0,140,44,0,120,0,0,0,0,12
165,0,3,0,0,0,0,0,289869,0,0,0,0,52,12,0,0,0,0,0,0,0,0,0,0,0,0,0,0,0,0,0,0,0,65524,0,18,0,49,69,12,0,0,0,12
165,0,4,0,0,0,0,0,289869,0,0,0,0,50,12,0,0,0,0,0,0,0,0,0,0,0,0,0,0,0,0,0,0,0,65527,278,53,0,2,109,0,0,12,0,12
165,0,5,0,0,0,0,0,289869,0,0,0,0,64,12,0,0,0,0,0,0,0,0,0,0,0,0,0,0,0,0,0,0,0,65523,0,24,37,0,96,0,0,0,0,12
165,0,6,0,0,0,0,0,289869,0,0,0,0,55,0,0,0,0,0,0,0,0,0,0,0,0,0,0,0,0,0,0,0,0,0,0,0,0,37,135,0,0,0,0,0
165,0,7,0,0,0,0,0,289869,0,0,0,0,49,0,0,0,0,0,0,0,0,0,0,0,0,0,0,0,0,0,0,0,0,0,150,0,0,0,94,0,0,0,0,0
165,0,8,0,0,0,0,0,289869,0,0,0,0,52,0,0,0,0,0,0,0,0,0,0,0,0,0,0,0,0,0,0,0,0,0,0,0,28,0,118,0,0,0,0,0
166,0,0,0,0,0,0,0,842246,0,0,54,393240,116,0,0,0,0,0,2061,0,0,0,0,0,0,0,0,54,54,0,262005,0,523884,393240,0,216,0,116,238,0,0,0,0,72
166,0,1,0,0,0,0,0,421123,2061,0,0,0,572,0,0,0,0,0,2061,0,0,0,0,0,0,0,0,0,26,0,131001,0,131004,0,0,99,91,94,977,0,0,12,0,0
166,0,2,0,0,0,0,0,421122,0,0,0,0,52,12,0,0,0,0,0,0,0,0,0,0,0,0,0,0,0,0,65504,0,0,65524,0,139,45,0,119,0,0,0,0,12
166,0,3,0,0,0,0,0,421123,0,0,0,0,52,12,0,0,0,0,0,0,0,0,0,0,0,0,0,0,0,0,65508,0,0,65527,0,21,0,47,66,24,0,0,0,12
166,0,4,0,0,0,0,0,421123,0,0,0,0,53,12,0,0,0,0,0,0,0,0,0,0,0,0,0,0,0,0,65512,0,0,65529,282,60,0,1,112,0,0,12,0,12
166,0,5,0,0,0,0,0,421123,0,0,0,0,66,12,0,0,0,0,0,0,0,0,0,0,0,0,0,0,0,0,0,0,0,65524,0,24,35,0,100,0,0,0,0,12
166,0,6,0,0,0,0,0,421123,0,0,0,0,62,12,0,0,0,0,0,0,0,0,0,0,0,0,0,0,0,0,0,0,0,65525,0,0,0,39,150,12,0,0,0,12
166,0,7,0,0,0,0,0,421123,0,0,0,0,55,12,0,0,0,0,0,0,0,0,0,0,0,0,0,0,0,0,0,0,0,65525,162,0,0,1,104,0,0,0,0,12
166,0,8,0,0,0,0,0,421123,0,0,0,0,55,0,0,0,0,0,0,0,0,0,0,0,0,0,0,0,0,0,0,0,0,0,0,0,25,0,122,0,0,0,0,0
167,0,0,0,0,0,0,0,842172,0,0,54,393240,116,0,0,0,0,0,2061,0,0,0,0,0,0,0,0,54,54,0,261991,0,523883,393240,0,216,0,116,238,0,0,0,0,72
167,0,1,0,0,0,0,0,421086,2061,0,0,0,573,0,0,0,0,0,2061,0,0,0,0,0,0,0,0,0,26,0,131000,0,131004,0,0,98,95,90,969,0,0,12,0,0
167,0,2,0,0,0,0,0,421086,0,0,0,0,48,12,0,0,0,0,0,0,0,0,0,0,0,0,0,0,0,0,65504,0,0,65524,0,142,48,0,117,0,0,0,0,12
167,0,3,0,0,0,0,0,421086,0,0,0,0,54,12,0,0,0,0,0,0,0,0,0,0,0,0,0,0,0,0,65508,0,0,65524,0,15,0,45,77,24,0,0,0,12
167,0,4,0,0,0,0,0,421086,0,0,0,0,56,12,0,0,0,0,0,0,0,0,0,0,0,0,0,0,0,0,65512,0,0,65528,288,62,0,1,114,0,0,12,0,12
167,0,5,0,0,0,0,0,421086,0,0,0,0,70,12,0,0,0,0,0,0,0,0,0,0,0,0,0,0,0,0,0,0,0,65524,0,28,31,0,97,0,0,0,0,12
167,0,6,0,0,0,0,0,421086,0,0,0,0,61,12,0,0,0,0,0,0,0,0,0,0,0,0,0,0,0,0,0,0,0,65525,0,0,0,40,155,12,0,0,0,12
167,0,7,0,0,0,0,0,421086,0,0,0,0,57,12,0,0,0,0,0,0,0,0,0,0,0,0,0,0,0,0,0,0,0,65524,159,0,0,1,104,0,0,0,0,12
167,0,8,0,0,0,0,0,421086,0,0,0,0,55,0,0,0,0,0,0,0,0,0,0,0,0,0,0,0,0,0,0,0,0,0,0,0,25,0,118,0,0,0,0,0
168,0,0,0,0,0,0,0,842249,0,0,54,393240,116,0,0,0,0,0,2061,0,0,0,0,0,0,0,0,54,54,0,262005,0,523883,393240,0,216,0,116,238,0,0,0,0,72
168,0,1,0,0,0,0,0,421125,2061,0,0,0,573,0,0,0,0,0,2061,0,0,0,0,0,0,0,0,0,27,0,131001,0,131004,0,0,100,89,94,976,0,0,12,0,0
168,0,2,0,0,0,0,0,421125,0,0,0,0,53,12,0,0,0,0,0,0,0,0,0,0,0,0,0,0,0,0,65504,0,0,65524,0,139,44,0,120,0,0,0,0,12
168,0,3,0,0,0,0,0,421125,0,0,0,0,52,12,0,0,0,0,0,0,0,0,0,0,0,0,0,0,0,0,65508,0,0,65527,0,20,0,47,67,24,0,0,0,12
168,0,4,0,0,0,0,0,421125,0,0,0,0,52,12,0,0,0,0,0,0,0,0,0,0,0,0,0,0,0,0,65511,0,0,65529,285,59,0,1,111,0,0,12,0,12
168,0,5,0,0,0,0,0,421125,0,0,0,0,71,12,0,0,0,0,0,0,0,0,0,0,0,0,0,0,0,0,0,0,0,65524,0,25,30,0,104,0,0,0,0,12
168,0,6,0,0,0,0,0,421125,0,0,0,0,61,12,0,0,0,0,0,0,0,0,0,0,0,0,0,0,0,0,0,0,0,65525,0,0,0,40,150,12,0,0,0,12
168,0,7,0,0,0,0,0,421125,0,0,0,0,54,12,0,0,0,0,0,0,0,0,0,0,0,0,0,0,0,0,0,0,0,65526,165,0,0,1,104,0,0,0,0,12
168,0,8,0,0,0,0,0,421125,0,0,0,0,58,0,0,0,0,0,0,0,0,0,0,0,0,0,0,0,0,0,0,0,0,0,0,0,22,0,124,0,0,0,0,0
169,0,0,0,0,0,0,0,244081,0,0,642,65792,116,0,0,0,0,0,2913,0,0,0,0,0,0,0,0,642,642,0,0,0,125503,65792,0,196,0,116,238,0,0,0,0,17344
169,0,1,0,0,0,0,0,122041,2913,0,0,0,926,0,0,0,0,0,2913,0,0,0,0,0,0,0,0,0,74,0,0,0,63917,0,0,90,83,340,1687,0,0,17344,0,0
169,0,2,0,0,0,0,0,122041,0,0,0,0,433,17344,0,0,0,0,0,0,0,0,0,0,0,0,0,0,0,0,0,0,0,64754,0,134,299,0,885,0,0,0,0,17344
169,0,3,0,0,0,0,0,122041,0,0,0,0,46,0,0,0,0,0,0,0,0,0,0,0,0,0,0,0,0,0,0,0,0,0,0,11,0,46,61,0,0,0,0,0
169,0,4,0,0,0,0,0,122041,0,0,0,0,46,0,0,0,0,0,0,0,0,0,0,0,0,0,0,0,0,0,0,0,0,0,270,53,0,0,99,0,0,0,0,0
169,0,5,0,0,0,0,0,122041,0,0,0,0,63,0,0,0,0,0,0,0,0,0,0,0,0,0,0,0,0,0,0,0,0,0,0,25,29,0,89,0,0,0,0,0
169,0,6,0,0,0,0,0,122041,0,0,0,0,52,0,0,0,0,0,0,0,0,0,0,0,0,0,0,0,0,0,0,0,0,0,0,0,0,40,139,0,0,0,0,0
169,0,7,0,0,0,0,0,122041,0,0,0,0,49,0,0,0,0,0,0,0,0,0,0,0,0,0,0,0,0,0,0,0,0,0,149,0,0,0,94,0,0,0,0,0
169,0,8,0,0,0,0,0,122041,0,0,0,0,54,0,0,0,0,0,0,0,0,0,0,0,0,0,0,0,0,0,0,0,0,0,0,0,26,0,116,0,0,0,0,0
170,0,0,0,0,0,0,0,244018,0,0,642,65792,116,0,0,0,0,0,2913,0,0,0,0,0,0,0,0,642,642,0,0,0,125512,65792,0,196,0,116,238,0,0,0,0,17344
170,0,1,0,0,0,0,0,122009,2913,0,0,0,920,0,0,0,0,0,2913,0,0,0,0,0,0,0,0,0,77,0,0,0,63922,0,0,91,87,341,1681,0,0,17344,0,0
170,0,2,0,0,0,0,0,122009,0,0,0,0,431,17344,0,0,0,0,0,0,0,0,0,0,0,0,0,0,0,0,0,0,0,64752,0,134,302,0,881,0,0,0,0,17344
170,0,3,0,0,0,0,0,122009,0,0,0,0,49,0,0,0,0,0,0,0,0,0,0,0,0,0,0,0,0,0,0,0,0,0,0,11,0,43,68,0,0,0,0,0
170,0,4,0,0,0,0,0,122009,0,0,0,0,49,0,0,0,0,0,0,0,0,0,0,0,0,0,0,0,0,0,0,0,0,0,267,53,0,0,101,0,0,0,0,0
170,0,5,0,0,0,0,0,122009,0,0,0,0,64,0,0,0,0,0,0,0,0,0,0,0,0,0,0,0,0,0,0,0,0,0,0,28,28,0,87,0,0,0,0,0
170,0,6,0,0,0,0,0,122009,0,0,0,0,55,0,0,0,0,0,0,0,0,0,0,0,0,0,0,0,0,0,0,0,0,0,0,0,0,37,142,0,0,0,0,0
170,0,7,0,0,0,0,0,122009,0,0,0,0,49,0,0,0,0,0,0,0,0,0,0,0,0,0,0,0,0,0,0,0,0,0,153,0,0,0,94,0,0,0,0,0
170,0,8,0,0,0,0,0,122009,0,0,0,0,55,0,0,0,0,0,0,0,0,0,0,0,0,0,0,0,0,0,0,0,0,0,0,0,25,0,114,0,0,0,0,0
171,0,0,0,0,0,0,0,244127,0,0,642,65792,116,0,0,0,0,0,2913,0,0,0,0,0,0,0,0,642,642,0,0,0,125594,65792,0,196,0,116,238,0,0,0,0,17344
171,0,1,0,0,0,0,0,122064,2913,0,0,0,925,0,0,0,0,0,2913,0,0,0,0,0,0,0,0,0,80,0,0,0,63940,0,0,91,87,336,1691,0,0,17344,0,0
171,0,2,0,0,0,0,0,122063,0,0,0,0,435,17344,0,0,0,0,0,0,0,0,0,0,0,0,0,0,0,0,0,0,0,64763,0,135,297,0,890,0,0,0,0,17344
171,0,3,0,0,0,0,0,122064,0,0,0,0,49,0,0,0,0,0,0,0,0,0,0,0,0,0,0,0,0,0,0,0,0,0,0,11,0,43,68,0,0,0,0,0
171,0,4,0,0,0,0,0,122064,0,0,0,0,49,0,0,0,0,0,0,0,0,0,0,0,0,0,0,0,0,0,0,0,0,0,267,53,0,0,101,0,0,0,0,0
171,0,5,0,0,0,0,0,122064,0,0,0,0,64,0,0,0,0,0,0,0,0,0,0,0,0,0,0,0,0,0,0,0,0,0,0,27,28,0,87,0,0,0,0,0
171,0,6,0,0,0,0,0,122064,0,0,0,0,55,0,0,0,0,0,0,0,0,0,0,0,0,0,0,0,0,0,0,0,0,0,0,0,0,37,142,0,0,0,0,0
171,0,7,0,0,0,0,0,122064,0,0,0,0,49,0,0,0,0,0,0,0,0,0,0,0,0,0,0,0,0,0,0,0,0,0,153,0,0,0,94,0,0,0,0,0
171,0,8,0,0,0,0,0,122064,0,0,0,0,55,0,0,0,0,0,0,0,0,0,0,0,0,0,0,0,0,0,0,0,0,0,0,0,25,0,115,0,0,0,0,0
172,0,0,0,0,0,0,0,375469,0,0,772,131584,116,0,0,0,0,0,3111,0,0,0,0,0,0,0,0,772,772,0,127882,0,125689,131584,0,583,0,116,238,0,0,0,0,81267
172,0,1,0,0,0,0,0,187735,3111,0,0,0,1032,0,0,0,0,0,3111,0,0,0,0,0,0,0,0,0,493,0,0,0,63872,0,0,91,238,209,1820,0,0,16653,0,0
172,0,2,0,0,0,0,0,187735,0,0,0,0,337,17344,0,0,0,0,0,0,0,0,0,0,0,0,0,0,0,0,0,0,0,64889,0,148,139,0,650,0,0,481,0,17064
172,0,3,0,0,0,0,0,187735,0,0,0,0,314,17344,0,0,0,0,0,0,0,0,0,0,0,0,0,0,0,0,0,0,0,65008,0,7,0,163,490,526,0,0,0,17081
172,0,4,0,0,0,0,0,187735,0,0,0,0,47,0,0,0,0,0,0,0,0,0,0,0,0,0,0,0,0,0,0,0,0,0,531,53,0,0,99,0,0,0,0,0
172,0,5,0,0,0,0,0,187735,0,0,0,0,58,0,0,0,0,0,0,0,0,0,0,0,0,0,0,0,0,0,0,0,0,0,0,16,34,0,80,0,0,0,0,0
172,0,6,0,0,0,0,0,187735,0,0,0,0,53,0,0,0,0,0,0,0,0,0,0,0,0,0,0,0,0,0,0,0,0,0,0,0,0,39,144,0,0,0,0,0
172,0,7,0,0,0,0,0,187735,0,0,0,0,47,0,0,0,0,0,0,0,0,0,0,0,0,0,0,0,0,0,0,0,0,0,150,0,0,0,92,0,0,0,0,0
172,0,8,0,0,0,0,0,187735,0,0,0,0,52,0,0,0,0,0,0,0,0,0,0,0,0,0,0,0,0,0,0,0,0,0,0,0,28,0,124,0,0,0,0,0
173,0,0,0,0,0,0,0,375721,0,0,772,131584,116,0,0,0,0,0,3114,0,0,0,0,0,0,0,0,772,772,0,127883,0,125692,131584,0,583,0,116,238,0,0,0,0,81287
173,0,1,0,0,0,0,0,187861,3114,0,0,0,986,0,0,0,0,0,3114,0,0,0,0,0,0,0,0,0,502,0,0,0,63873,0,0,91,260,233,1786,0,0,16668,0,0
173,0,2,0,0,0,0,0,187861,0,0,0,0,330,17344,0,0,0,0,0,0,0,0,0,0,0,0,0,0,0,0,0,0,0,64891,0,135,146,0,632,0,0,469,0,17072
173,0,3,0,0,0,0,0,187861,0,0,0,0,295,17344,0,0,0,0,0,0,0,0,0,0,0,0,0,0,0,0,0,0,0,65009,0,11,0,182,487,509,0,0,0,17086
173,0,4,0,0,0,0,0,187861,0,0,0,0,49,0,0,0,0,0,0,0,0,0,0,0,0,0,0,0,0,0,0,0,0,0,512,53,0,1,101,0,0,0,0,0
173,0,5,0,0,0,0,0,187861,0,0,0,0,61,0,0,0,0,0,0,0,0,0,0,0,0,0,0,0,0,0,0,0,0,0,0,27,31,0,84,0,0,0,0,0
173,0,6,0,0,0,0,0,187861,0,0,0,0,55,0,0,0,0,0,0,0,0,0,0,0,0,0,0,0,0,0,0,0,0,0,0,0,0,37,142,0,0,0,0,0
173,0,7,0,0,0,0,0,187861,0,0,0,0,49,0,0,0,0,0,0,0,0,0,0,0,0,0,0,0,0,0,0,0,0,0,150,0,0,0,94,0,0,0,0,0
173,0,8,0,0,0,0,0,187861,0,0,0,0,52,0,0,0,0,0,0,0,0,0,0,0,0,0,0,0,0,0,0,0,0,0,0,0,28,0,113,0,0,0,0,0
174,0,0,0,0,0,0,0,375539,0,0,772,131584,116,0,0,0,0,0,3111,0,0,0,0,0,0,0,0,772,772,0,127880,0,125696,131584,0,583,0,116,238,0,0,0,0,81169
174,0,1,0,0,0,0,0,187770,3111,0,0,0,993,0,0,0,0,0,3111,0,0,0,0,0,0,0,0,0,507,0,0,0,63878,0,0,90,256,231,1776,0,0,16682,0,0
174,0,2,0,0,0,0,0,187769,0,0,0,0,336,17344,0,0,0,0,0,0,0,0,0,0,0,0,0,0,0,0,0,0,0,64890,0,132,140,0,643,0,0,461,0,17078
174,0,3,0,0,0,0,0,187770,0,0,0,0,312,17344,0,0,0,0,0,0,0,0,0,0,0,0,0,0,0,0,0,0,0,65012,0,14,0,165,498,498,0,0,0,17092
174,0,4,0,0,0,0,0,187770,0,0,0,0,46,0,0,0,0,0,0,0,0,0,0,0,0,0,0,0,0,0,0,0,0,0,535,53,0,1,99,0,0,0,0,0
174,0,5,0,0,0,0,0,187770,0,0,0,0,64,0,0,0,0,0,0,0,0,0,0,0,0,0,0,0,0,0,0,0,0,0,0,25,28,0,92,0,0,0,0,0
174,0,6,0,0,0,0,0,187770,0,0,0,0,52,0,0,0,0,0,0,0,0,0,0,0,0,0,0,0,0,0,0,0,0,0,0,0,0,40,136,0,0,0,0,0
174,0,7,0,0,0,0,0,187770,0,0,0,0,49,0,0,0,0,0,0,0,0,0,0,0,0,0,0,0,0,0,0,0,0,0,150,0,0,0,94,0,0,0,0,0
174,0,8,0,0,0,0,0,187770,0,0,0,0,55,0,0,0,0,0,0,0,0,0,0,0,0,0,0,0,0,0,0,0,0,0,0,0,25,0,118,0,0,0,0,0
175,0,0,0,0,0,0,0,627727,0,0,936,263168,116,0,0,0,0,0,3372,0,0,0,0,0,0,0,0,936,936,0,127856,0,378395,263168,0,421,0,116,238,0,0,0,0,194733
175,0,1,0,0,0,0,0,313864,3372,0,0,0,1179,0,0,0,0,0,3372,0,0,0,0,0,0,0,0,0,644,0,63810,0,127105,0,0,169,157,231,2034,0,0,16498,0,0
175,0,2,0,0,0,0,0,313863,0,0,0,0,191,17344,0,0,0,0,0,0,0,0,0,0,0,0,0,0,0,0,63949,0,0,64944,0,311,103,0,392,0,0,566,0,17032
175,0,3,0,0,0,0,0,313864,0,0,0,0,189,17344,0,0,0,0,0,0,0,0,0,0,0,0,0,0,0,0,0,0,0,65062,0,18,0,126,274,23682,0,0,0,16984
175,0,4,0,0,0,0,0,313864,0,0,0,0,215,17344,0,0,0,0,0,0,0,0,0,0,0,0,0,0,0,0,0,0,0,64950,660,53,0,1,444,0,0,21580,0,16900
175,0,5,0,0,0,0,0,313864,0,0,0,0,229,17344,0,0,0,0,0,0,0,0,0,0,0,0,0,0,0,0,0,0,0,65019,0,24,116,0,335,0,0,4204,0,16796
175,0,6,0,0,0,0,0,313864,0,0,0,0,55,0,0,0,0,0,0,0,0,0,0,0,0,0,0,0,0,0,0,0,0,0,0,0,0,37,135,0,0,0,0,0
175,0,7,0,0,0,0,0,313864,0,0,0,0,49,0,0,0,0,0,0,0,0,0,0,0,0,0,0,0,0,0,0,0,0,0,150,0,0,0,94,0,0,0,0,0
175,0,8,0,0,0,0,0,313864,0,0,0,0,52,0,0,0,0,0,0,0,0,0,0,0,0,0,0,0,0,0,0,0,0,0,0,0,28,0,118,0,0,0,0,0
176,0,0,0,0,0,0,0,602619,0,0,782,263168,116,0,0,0,0,0,3138,0,0,0,0,0,0,0,0,782,782,0,127992,0,379520,263168,0,393,0,116,238,0,0,0,0,138606
176,0,1,0,0,0,0,0,301310,3138,0,0,0,1038,0,0,0,0,0,3138,0,0,0,0,0,0,0,0,0,522,0,63763,0,127521,0,0,145,145,254,1858,0,0,16981,0,0
176,0,2,0,0,0,0,0,301309,0,0,0,0,204,17344,0,0,0,0,0,0,0,0,0,0,0,0,0,0,0,0,63929,0,0,64960,0,244,80,0,381,0,0,249,0,17198
176,0,3,0,0,0,0,0,301310,0,0,0,0,184,17344,0,0,0,0,0,0,0,0,0,0,0,0,0,0,0,0,0,0,0,65025,0,14,0,103,259,37034,0,0,0,17336
176,0,4,0,0,0,0,0,301310,0,0,0,0,208,17344,0,0,0,0,0,0,0,0,0,0,0,0,0,0,0,0,0,0,0,64895,564,53,0,2,403,0,0,16774,0,16808
176,0,5,0,0,0,0,0,301310,0,0,0,0,193,17344,0,0,0,0,0,0,0,0,0,0,0,0,0,0,0,0,0,0,0,65019,0,25,94,0,306,0,0,876,0,16845
176,0,6,0,0,0,0,0,301310,0,0,0,0,52,0,0,0,0,0,0,0,0,0,0,0,0,0,0,0,0,0,0,0,0,0,0,0,0,40,136,0,0,0,0,0
176,0,7,0,0,0,0,0,301310,0,0,0,0,49,0,0,0,0,0,0,0,0,0,0,0,0,0,0,0,0,0,0,0,0,0,153,0,0,0,94,0,0,0,0,0
176,0,8,0,0,0,0,0,301310,0,0,0,0,58,0,0,0,0,0,0,0,0,0,0,0,0,0,0,0,0,0,0,0,0,0,0,0,22,0,123,0,0,0,0,0
177,0,0,0,0,0,0,0,602966,0,0,786,263168,116,0,0,0,0,0,3144,0,0,0,0,0,0,0,0,786,786,0,127990,0,379073,263168,0,393,0,116,238,0,0,0,0,139501
177,0,1,0,0,0,0,0,301483,3144,0,0,0,1016,0,0,0,0,0,3144,0,0,0,0,0,0,0,0,0,463,0,63724,0,127515,0,0,162,173,235,1842,0,0,17301,0,0
177,0,2,0,0,0,0,0,301483,0,0,0,0,190,17344,0,0,0,0,0,0,0,0,0,0,0,0,0,0,0,0,63872,0,0,64962,0,270,95,0,361,0,0,25,0,17332
177,0,3,0,0,0,0,0,301483,0,0,0,0,156,17344,0,0,0,0,0,0,0,0,0,0,0,0,0,0,0,0,0,0,0,65025,0,14,0,131,259,20067,0,0,0,17140
177,0,4,0,0,0,0,0,301483,0,0,0,0,189,17344,0,0,0,0,0,0,0,0,0,0,0,0,0,0,0,0,0,0,0,64929,547,53,0,1,369,0,0,16395,0,17080
177,0,5,0,0,0,0,0,301483,0,0,0,0,178,17344,0,0,0,0,0,0,0,0,0,0,0,0,0,0,0,0,0,0,0,65020,0,30,110,0,264,0,0,1190,0,16837
177,0,6,0,0,0,0,0,301483,0,0,0,0,52,0,0,0,0,0,0,0,0,0,0,0,0,0,0,0,0,0,0,0,0,0,0,0,0,40,136,0,0,0,0,0
177,0,7,0,0,0,0,0,301483,0,0,0,0,49,0,0,0,0,0,0,0,0,0,0,0,0,0,0,0,0,0,0,0,0,0,150,0,0,0,94,0,0,0,0,0
177,0,8,0,0,0,0,0,301483,0,0,0,0,55,0,0,0,0,0,0,0,0,0,0,0,0,0,0,0,0,0,0,0,0,0,0,0,25,0,115,0,0,0,0,0
178,0,0,0,0,0,0,0,904997,0,0,1348,394752,116,0,0,0,0,0,4002,0,0,0,0,0,0,0,0,1348,1348,0,254090,0,502467,394752,0,642,0,116,238,0,0,0,0,417497
178,0,1,0,0,0,0,0,452499,4002,0,0,0,1435,0,0,0,0,0,4002,0,0,0,0,0,0,0,0,0,638,0,127266,0,126676,0,0,263,236,216,2484,0,0,23506,0,0
178,0,2,0,0,0,0,0,452499,0,0,0,0,165,17344,0,0,0,0,0,0,0,0,0,0,0,0,0,0,0,0,63691,0,0,64967,0,297,102,0,352,0,0,7717,0,16915
178,0,3,0,0,0,0,0,452499,0,0,0,0,182,17344,0,0,0,0,0,0,0,0,0,0,0,0,0,0,0,0,63943,0,0,64993,0,100,0,111,263,71345,0,0,0,16821
178,0,4,0,0,0,0,0,452499,0,0,0,0,203,17344,0,0,0,0,0,0,0,0,0,0,0,0,0,0,0,0,63964,0,0,65018,875,212,0,1,414,0,0,48944,0,16916
178,0,5,0,0,0,0,0,452499,0,0,0,0,224,17344,0,0,0,0,0,0,0,0,0,0,0,0,0,0,0,0,0,0,0,64901,0,25,107,0,329,0,0,3719,0,16847
178,0,6,0,0,0,0,0,452499,0,0,0,0,220,17344,0,0,0,0,0,0,0,0,0,0,0,0,0,0,0,0,0,0,0,65007,0,0,0,113,461,48292,0,0,0,16708
178,0,7,0,0,0,0,0,452499,0,0,0,0,210,17344,0,0,0,0,0,0,0,0,0,0,0,0,0,0,0,0,0,0,0,65096,407,0,0,0,345,0,0,4721,0,16863
178,0,8,0,0,0,0,0,452499,0,0,0,0,58,0,0,0,0,0,0,0,0,0,0,0,0,0,0,0,0,0,0,0,0,0,0,0,22,0,125,0,0,0,0,0
179,0,0,0,0,0,0,0,908228,0,0,1352,394752,116,0,0,0,0,0,4008,0,0,0,0,0,0,0,0,1352,1352,0,253989,0,503238,394752,0,644,0,116,238,0,0,0,0,477023
179,0,1,0,0,0,0,0,454114,4008,0,0,0,1401,0,0,0,0,0,4008,0,0,0,0,0,0,0,0,0,670,0,127391,0,126818,0,0,268,246,239,2440,0,0,26047,0,0
179,0,2,0,0,0,0,0,454114,0,0,0,0,161,17344,0,0,0,0,0,0,0,0,0,0,0,0,0,0,0,0,63787,0,0,64962,0,293,106,0,333,0,0,10698,0,16910
179,0,3,0,0,0,0,0,454114,0,0,0,0,181,17344,0,0,0,0,0,0,0,0,0,0,0,0,0,0,0,0,63898,0,0,64989,0,91,0,114,279,88303,0,0,0,16857
179,0,4,0,0,0,0,0,454114,0,0,0,0,215,17344,0,0,0,0,0,0,0,0,0,0,0,0,0,0,0,0,63963,0,0,64996,885,206,0,1,425,0,0,55521,0,16783
179,0,5,0,0,0,0,0,454114,0,0,0,0,225,17344,0,0,0,0,0,0,0,0,0,0,0,0,0,0,0,0,0,0,0,64937,0,31,109,0,333,0,0,8209,0,16787
179,0,6,0,0,0,0,0,454114,0,0,0,0,212,17344,0,0,0,0,0,0,0,0,0,0,0,0,0,0,0,0,0,0,0,65056,0,0,0,121,462,44762,0,0,0,16864
179,0,7,0,0,0,0,0,454114,0,0,0,0,213,17344,0,0,0,0,0,0,0,0,0,0,0,0,0,0,0,0,0,0,0,65157,384,0,0,2,350,0,0,7937,0,16768
179,0,8,0,0,0,0,0,454114,0,0,0,0,52,0,0,0,0,0,0,0,0,0,0,0,0,0,0,0,0,0,0,0,0,0,0,0,28,0,111,0,0,0,0,0
180,0,0,0,0,0,0,0,894803,0,0,1314,394752,116,0,0,0,0,0,3951,0,0,0,0,0,0,0,0,1314,1314,0,254577,0,502677,394752,0,634,0,116,238,0,0,0,0,491772
180,0,1,0,0,0,0,0,447402,3951,0,0,0,1411,0,0,0,0,0,3951,0,0,0,0,0,0,0,0,0,761,0,127303,0,126731,0,0,245,242,218,2431,0,0,55564,0,0
180,0,2,0,0,0,0,0,447402,0,0,0,0,176,17344,0,0,0,0,0,0,0,0,0,0,0,0,0,0,0,0,63836,0,0,64988,0,283,113,0,385,0,0,40311,0,16855
180,0,3,0,0,0,0,0,447402,0,0,0,0,194,17344,0,0,0,0,0,0,0,0,0,0,0,0,0,0,0,0,63935,0,0,64977,0,85,0,107,294,61395,0,0,0,16983
180,0,4,0,0,0,0,0,447402,0,0,0,0,203,17344,0,0,0,0,0,0,0,0,0,0,0,0,0,0,0,0,63902,0,0,64969,859,197,0,2,411,0,0,26272,0,16807
180,0,5,0,0,0,0,0,447402,0,0,0,0,212,17344,0,0,0,0,0,0,0,0,0,0,0,0,0,0,0,0,0,0,0,64965,0,28,107,0,315,0,0,4994,0,16780
180,0,6,0,0,0,0,0,447402,0,0,0,0,203,17344,0,0,0,0,0,0,0,0,0,0,0,0,0,0,0,0,0,0,0,65066,0,0,0,114,443,33597,0,0,0,16758
180,0,7,0,0,0,0,0,447402,0,0,0,0,204,17344,0,0,0,0,0,0,0,0,0,0,0,0,0,0,0,0,0,0,0,65176,370,0,0,1,332,0,0,4950,0,16812
180,0,8,0,0,0,0,0,447402,0,0,0,0,55,0,0,0,0,0,0,0,0,0,0,0,0,0,0,0,0,0,0,0,0,0,0,0,25,0,118,0,0,0,0,0
181,0,0,0,0,0,0,0,760789,0,0,2562,65792,116,0,0,0,0,0,5793,0,0,0,0,0,0,0,0,2562,2562,0,0,0,125668,65792,0,196,0,116,238,0,0,0,0,266922
181,0,1,0,0,0,0,0,380395,5793,0,0,0,2145,0,0,0,0,0,5793,0,0,0,0,0,0,0,0,0,945,0,0,0,63955,0,0,90,84,1040,4135,0,0,265704,0,0
181,0,2,0,0,0,0,0,380395,0,0,0,0,1657,265984,0,0,0,0,0,0,0,0,0,0,0,0,0,0,0,0,0,0,0,64785,0,133,996,0,3329,0,0,159,0,265921
181,0,3,0,0,0,0,0,380395,0,0,0,0,46,0,0,0,0,0,0,0,0,0,0,0,0,0,0,0,0,0,0,0,0,0,0,15,0,46,60,0,0,0,0,0
181,0,4,0,0,0,0,0,380395,0,0,0,0,46,0,0,0,0,0,0,0,0,0,0,0,0,0,0,0,0,0,0,0,0,0,264,53,0,0,99,0,0,0,0,0
181,0,5,0,0,0,0,0,380395,0,0,0,0,61,0,0,0,0,0,0,0,0,0,0,0,0,0,0,0,0,0,0,0,0,0,0,24,31,0,89,0,0,0,0,0
181,0,6,0,0,0,0,0,380395,0,0,0,0,55,0,0,0,0,0,0,0,0,0,0,0,0,0,0,0,0,0,0,0,0,0,0,0,0,37,138,0,0,0,0,0
181,0,7,0,0,0,0,0,380395,0,0,0,0,49,0,0,0,0,0,0,0,0,0,0,0,0,0,0,0,0,0,0,0,0,0,153,0,0,0,94,0,0,0,0,0
181,0,8,0,0,0,0,0,380395,0,0,0,0,55,0,0,0,0,0,0,0,0,0,0,0,0,0,0,0,0,0,0,0,0,0,0,0,25,0,118,0,0,0,0,0
182,0,0,0,0,0,0,0,760707,0,0,2562,65792,116,0,0,0,0,0,5793,0,0,0,0,0,0,0,0,2562,2562,0,0,0,125664,65792,0,196,0,116,238,0,0,0,0,267000
182,0,1,0,0,0,0,0,380353,5793,0,0,0,2143,0,0,0,0,0,5793,0,0,0,0,0,0,0,0,0,959,0,0,0,63949,0,0,91,82,1043,4130,0,0,265673,0,0
182,0,2,0,0,0,0,0,380353,0,0,0,0,1657,265984,0,0,0,0,0,0,0,0,0,0,0,0,0,0,0,0,0,0,0,64787,0,131,996,0,3328,0,0,191,0,265904
182,0,3,0,0,0,0,0,380353,0,0,0,0,49,0,0,0,0,0,0,0,0,0,0,0,0,0,0,0,0,0,0,0,0,0,0,6,0,43,69,0,0,0,0,0
182,0,4,0,0,0,0,0,380353,0,0,0,0,49,0,0,0,0,0,0,0,0,0,0,0,0,0,0,0,0,0,0,0,0,0,267,53,0,0,101,0,0,0,0,0
182,0,5,0,0,0,0,0,380353,0,0,0,0,59,0,0,0,0,0,0,0,0,0,0,0,0,0,0,0,0,0,0,0,0,0,0,31,33,0,82,0,0,0,0,0
182,0,6,0,0,0,0,0,380353,0,0,0,0,55,0,0,0,0,0,0,0,0,0,0,0,0,0,0,0,0,0,0,0,0,0,0,0,0,37,147,0,0,0,0,0
182,0,7,0,0,0,0,0,380353,0,0,0,0,49,0,0,0,0,0,0,0,0,0,0,0,0,0,0,0,0,0,0,0,0,0,148,0,0,0,94,0,0,0,0,0
182,0,8,0,0,0,0,0,380353,0,0,0,0,50,0,0,0,0,0,0,0,0,0,0,0,0,0,0,0,0,0,0,0,0,0,0,0,30,0,106,0,0,0,0,0
183,0,0,0,0,0,0,0,760739,0,0,2562,65792,116,0,0,0,0,0,5793,0,0,0,0,0,0,0,0,2562,2562,0,0,0,125638,65792,0,196,0,116,238,0,0,0,0,266837
183,0,1,0,0,0,0,0,380370,5793,0,0,0,2158,0,0,0,0,0,5793,0,0,0,0,0,0,0,0,0,948,0,0,0,63925,0,0,91,85,1025,4157,0,0,265729,0,0
183,0,2,0,0,0,0,0,380370,0,0,0,0,1669,265984,0,0,0,0,0,0,0,0,0,0,0,0,0,0,0,0,0,0,0,64798,0,134,984,0,3355,0,0,150,0,265924
183,0,3,0,0,0,0,0,380370,0,0,0,0,49,0,0,0,0,0,0,0,0,0,0,0,0,0,0,0,0,0,0,0,0,0,0,8,0,43,69,0,0,0,0,0
183,0,4,0,0,0,0,0,380370,0,0,0,0,49,0,0,0,0,0,0,0,0,0,0,0,0,0,0,0,0,0,0,0,0,0,267,53,0,0,101,0,0,0,0,0
183,0,5,0,0,0,0,0,380370,0,0,0,0,61,0,0,0,0,0,0,0,0,0,0,0,0,0,0,0,0,0,0,0,0,0,0,29,31,0,83,0,0,0,0,0
183,0,6,0,0,0,0,0,380370,0,0,0,0,55,0,0,0,0,0,0,0,0,0,0,0,0,0,0,0,0,0,0,0,0,0,0,0,0,37,145,0,0,0,0,0
183,0,7,0,0,0,0,0,380370,0,0,0,0,49,0,0,0,0,0,0,0,0,0,0,0,0,0,0,0,0,0,0,0,0,0,150,0,0,0,94,0,0,0,0,0
183,0,8,0,0,0,0,0,380370,0,0,0,0,52,0,0,0,0,0,0,0,0,0,0,0,0,0,0,0,0,0,0,0,0,0,0,0,28,0,110,0,0,0,0,0
184,0,0,0,0,0,0,0,1115903,0,0,4100,131584,116,0,0,0,0,0,8103,0,0,0,0,0,0,0,0,4100,4100,0,127654,0,124961,131584,0,2249,0,116,238,0,0,0,0,589090
184,0,1,0,0,0,0,0,557952,8103,0,0,0,3288,0,0,0,0,0,8103,0,0,0,0,0,0,0,0,0,2074,0,0,0,63364,0,0,90,723,797,5734,0,0,255131,0,0
184,0,2,0,0,0,0,0,557952,0,0,0,0,1373,265984,0,0,0,0,0,0,0,0,0,0,0,0,0,0,0,0,0,0,0,64946,0,132,765,0,2776,0,0,6707,0,262449
184,0,3,0,0,0,0,0,557952,0,0,0,0,1358,265984,0,0,0,0,0,0,0,0,0,0,0,0,0,0,0,0,0,0,0,65065,0,18,0,785,2009,6831,0,0,0,262479
184,0,4,0,0,0,0,0,557952,0,0,0,0,46,0,0,0,0,0,0,0,0,0,0,0,0,0,0,0,0,0,0,0,0,0,1575,53,0,1,99,0,0,0,0,0
184,0,5,0,0,0,0,0,557952,0,0,0,0,64,0,0,0,0,0,0,0,0,0,0,0,0,0,0,0,0,0,0,0,0,0,0,23,28,0,94,0,0,0,0,0
184,0,6,0,0,0,0,0,557952,0,0,0,0,55,0,0,0,0,0,0,0,0,0,0,0,0,0,0,0,0,0,0,0,0,0,0,0,0,37,135,0,0,0,0,0
184,0,7,0,0,0,0,0,557952,0,0,0,0,49,0,0,0,0,0,0,0,0,0,0,0,0,0,0,0,0,0,0,0,0,0,156,0,0,0,94,0,0,0,0,0
184,0,8,0,0,0,0,0,557952,0,0,0,0,58,0,0,0,0,0,0,0,0,0,0,0,0,0,0,0,0,0,0,0,0,0,0,0,22,0,123,0,0,0,0,0
185,0,0,0,0,0,0,0,1115890,0,0,4100,131584,116,0,0,0,0,0,8106,0,0,0,0,0,0,0,0,4100,4100,0,127244,0,125455,131584,0,2249,0,116,238,0,0,0,0,588030
185,0,1,0,0,0,0,0,557945,8106,0,0,0,3353,0,0,0,0,0,8106,0,0,0,0,0,0,0,0,0,1994,0,0,0,63518,0,0,90,649,806,5835,0,0,255207,0,0
185,0,2,0,0,0,0,0,557944,0,0,0,0,1399,265984,0,0,0,0,0,0,0,0,0,0,0,0,0,0,0,0,0,0,0,65009,0,132,739,0,2793,0,0,6647,0,262476
185,0,3,0,0,0,0,0,557945,0,0,0,0,1347,265984,0,0,0,0,0,0,0,0,0,0,0,0,0,0,0,0,0,0,0,65007,0,18,0,796,1923,6762,0,0,0,262497
185,0,4,0,0,0,0,0,557945,0,0,0,0,46,0,0,0,0,0,0,0,0,0,0,0,0,0,0,0,0,0,0,0,0,0,1565,53,0,0,99,0,0,0,0,0
185,0,5,0,0,0,0,0,557945,0,0,0,0,64,0,0,0,0,0,0,0,0,0,0,0,0,0,0,0,0,0,0,0,0,0,0,24,28,0,94,0,0,0,0,0
185,0,6,0,0,0,0,0,557945,0,0,0,0,55,0,0,0,0,0,0,0,0,0,0,0,0,0,0,0,0,0,0,0,0,0,0,0,0,37,135,0,0,0,0,0
185,0,7,0,0,0,0,0,557945,0,0,0,0,49,0,0,0,0,0,0,0,0,0,0,0,0,0,0,0,0,0,0,0,0,0,156,0,0,0,94,0,0,0,0,0
185,0,8,0,0,0,0,0,557945,0,0,0,0,58,0,0,0,0,0,0,0,0,0,0,0,0,0,0,0,0,0,0,0,0,0,0,0,22,0,122,0,0,0,0,0
186,0,0,0,0,0,0,0,1115933,0,0,4100,131584,116,0,0,0,0,0,8103,0,0,0,0,0,0,0,0,4100,4100,0,127178,0,125456,131584,0,2249,0,116,238,0,0,0,0,588079
186,0,1,0,0,0,0,0,557967,8103,0,0,0,3396,0,0,0,0,0,8103,0,0,0,0,0,0,0,0,0,1991,0,0,0,63520,0,0,89,614,799,5857,0,0,255254,0,0
186,0,2,0,0,0,0,0,557967,0,0,0,0,1391,265984,0,0,0,0,0,0,0,0,0,0,0,0,0,0,0,0,0,0,0,65008,0,142,748,0,2781,0,0,6610,0,262504
186,0,3,0,0,0,0,0,557967,0,0,0,0,1358,265984,0,0,0,0,0,0,0,0,0,0,0,0,0,0,0,0,0,0,0,64993,0,14,0,785,1902,6776,0,0,0,262489
186,0,4,0,0,0,0,0,557967,0,0,0,0,46,0,0,0,0,0,0,0,0,0,0,0,0,0,0,0,0,0,0,0,0,0,1577,54,0,0,99,0,0,0,0,0
186,0,5,0,0,0,0,0,557967,0,0,0,0,65,0,0,0,0,0,0,0,0,0,0,0,0,0,0,0,0,0,0,0,0,0,0,17,27,0,92,0,0,0,0,0
186,0,6,0,0,0,0,0,557967,0,0,0,0,52,0,0,0,0,0,0,0,0,0,0,0,0,0,0,0,0,0,0,0,0,0,0,0,0,40,136,0,0,0,0,0
186,0,7,0,0,0,0,0,557967,0,0,0,0,46,0,0,0,0,0,0,0,0,0,0,0,0,0,0,0,0,0,0,0,0,0,156,0,0,0,90,0,0,0,0,0
186,0,8,0,0,0,0,0,557967,0,0,0,0,58,0,0,0,0,0,0,0,0,0,0,0,0,0,0,0,0,0,0,0,0,0,0,0,22,0,129,0,0,0,0,0
187,0,0,0,0,0,0,0,2241297,0,0,8230,263168,116,0,0,0,0,0,14313,0,0,0,0,0,0,0,0,8230,8230,0,127708,0,375322,263168,0,1983,0,116,238,0,0,0,0,1266257
187,0,1,0,0,0,0,0,1120649,14313,0,0,0,5974,0,0,0,0,0,14313,0,0,0,0,0,0,0,0,0,4102,0,63662,0,126564,0,0,993,669,1394,10381,0,0,250919,0,0
187,0,2,0,0,0,0,0,1120649,0,0,0,0,864,265984,0,0,0,0,0,0,0,0,0,0,0,0,0,0,0,0,63685,0,0,64950,0,1864,411,0,1704,0,0,9250,0,261405
187,0,3,0,0,0,0,0,1120649,0,0,0,0,1265,265984,0,0,0,0,0,0,0,0,0,0,0,0,0,0,0,0,0,0,0,65032,0,12,0,612,1866,545840,0,0,0,259934
187,0,4,0,0,0,0,0,1120649,0,0,0,0,1888,265984,0,0,0,0,0,0,0,0,0,0,0,0,0,0,0,0,0,0,0,64977,4094,53,0,1,3669,0,0,721485,0,260071
187,0,5,0,0,0,0,0,1120649,0,0,0,0,1884,265984,0,0,0,0,0,0,0,0,0,0,0,0,0,0,0,0,0,0,0,64816,0,29,837,0,2808,0,0,219668,0,258927
187,0,6,0,0,0,0,0,1120649,0,0,0,0,52,0,0,0,0,0,0,0,0,0,0,0,0,0,0,0,0,0,0,0,0,0,0,0,0,40,138,0,0,0,0,0
187,0,7,0,0,0,0,0,1120649,0,0,0,0,49,0,0,0,0,0,0,0,0,0,0,0,0,0,0,0,0,0,0,0,0,0,150,0,0,0,94,0,0,0,0,0
187,0,8,0,0,0,0,0,1120649,0,0,0,0,55,0,0,0,0,0,0,0,0,0,0,0,0,0,0,0,0,0,0,0,0,0,0,0,25,0,116,0,0,0,0,0
188,0,0,0,0,0,0,0,2230483,0,0,8196,263168,116,0,0,0,0,0,14259,0,0,0,0,0,0,0,0,8196,8196,0,127708,0,375251,263168,0,1985,0,116,238,0,0,0,0,1279427
188,0,1,0,0,0,0,0,1115242,14259,0,0,0,6014,0,0,0,0,0,14259,0,0,0,0,0,0,0,0,0,4075,0,63614,0,126612,0,0,976,678,1328,10302,0,0,250750,0,0
188,0,2,0,0,0,0,0,1115242,0,0,0,0,859,265984,0,0,0,0,0,0,0,0,0,0,0,0,0,0,0,0,63594,0,0,64955,0,1890,421,0,1728,0,0,9291,0,261405
188,0,3,0,0,0,0,0,1115242,0,0,0,0,1253,265984,0,0,0,0,0,0,0,0,0,0,0,0,0,0,0,0,0,0,0,65044,0,16,0,626,1860,542535,0,0,0,259801
188,0,4,0,0,0,0,0,1115242,0,0,0,0,1757,265984,0,0,0,0,0,0,0,0,0,0,0,0,0,0,0,0,0,0,0,64994,4169,53,0,1,3531,0,0,735936,0,259473
188,0,5,0,0,0,0,0,1115242,0,0,0,0,1867,265984,0,0,0,0,0,0,0,0,0,0,0,0,0,0,0,0,0,0,0,64810,0,27,836,0,2749,0,0,213301,0,259395
188,0,6,0,0,0,0,0,1115242,0,0,0,0,55,0,0,0,0,0,0,0,0,0,0,0,0,0,0,0,0,0,0,0,0,0,0,0,0,37,137,0,0,0,0,0
188,0,7,0,0,0,0,0,1115242,0,0,0,0,49,0,0,0,0,0,0,0,0,0,0,0,0,0,0,0,0,0,0,0,0,0,153,0,0,0,94,0,0,0,0,0
188,0,8,0,0,0,0,0,1115242,0,0,0,0,55,0,0,0,0,0,0,0,0,0,0,0,0,0,0,0,0,0,0,0,0,0,0,0,25,0,118,0,0,0,0,0
189,0,0,0,0,0,0,0,2237095,0,0,8206,263168,116,0,0,0,0,0,14274,0,0,0,0,0,0,0,0,8206,8206,0,127675,0,375170,263168,0,1991,0,116,238,0,0,0,0,1271414
189,0,1,0,0,0,0,0,1118548,14274,0,0,0,5968,0,0,0,0,0,14274,0,0,0,0,0,0,0,0,0,4088,0,63768,0,126620,0,0,1011,678,1349,10287,0,0,250880,0,0
189,0,2,0,0,0,0,0,1118548,0,0,0,0,839,265984,0,0,0,0,0,0,0,0,0,0,0,0,0,0,0,0,63567,0,0,64956,0,1898,431,0,1675,0,0,9215,0,261455
189,0,3,0,0,0,0,0,1118548,0,0,0,0,1250,265984,0,0,0,0,0,0,0,0,0,0,0,0,0,0,0,0,0,0,0,65054,0,12,0,635,1861,541241,0,0,0,259812
189,0,4,0,0,0,0,0,1118548,0,0,0,0,1804,265984,0,0,0,0,0,0,0,0,0,0,0,0,0,0,0,0,0,0,0,64867,4138,53,0,1,3551,0,0,728612,0,259068
189,0,5,0,0,0,0,0,1118548,0,0,0,0,1875,265984,0,0,0,0,0,0,0,0,0,0,0,0,0,0,0,0,0,0,0,64809,0,28,834,0,2754,0,0,206281,0,259837
189,0,6,0,0,0,0,0,1118548,0,0,0,0,52,0,0,0,0,0,0,0,0,0,0,0,0,0,0,0,0,0,0,0,0,0,0,0,0,40,138,0,0,0,0,0
189,0,7,0,0,0,0,0,1118548,0,0,0,0,49,0,0,0,0,0,0,0,0,0,0,0,0,0,0,0,0,0,0,0,0,0,150,0,0,0,94,0,0,0,0,0
189,0,8,0,0,0,0,0,1118548,0,0,0,0,55,0,0,0,0,0,0,0,0,0,0,0,0,0,0,0,0,0,0,0,0,0,0,0,25,0,117,0,0,0,0,0
190,0,0,0,0,0,0,0,3602756,0,0,12742,394752,116,0,0,0,0,0,21093,0,0,0,0,0,0,0,0,12742,12742,0,252997,0,502317,394752,0,4324,0,116,238,0,0,0,0,2151733
190,0,1,0,0,0,0,0,1801378,21093,0,0,0,8592,0,0,0,0,0,21093,0,0,0,0,0,0,0,0,0,6290,0,127382,0,126614,0,0,2031,1596,1325,15280,0,0,250649,0,0
190,0,2,0,0,0,0,0,1801378,0,0,0,0,579,265984,0,0,0,0,0,0,0,0,0,0,0,0,0,0,0,0,63946,0,0,64977,0,1780,320,0,1170,0,0,9352,0,261534
190,0,3,0,0,0,0,0,1801378,0,0,0,0,1043,265984,0,0,0,0,0,0,0,0,0,0,0,0,0,0,0,0,63679,0,0,65017,0,1001,0,568,1584,849534,0,0,0,259920
190,0,4,0,0,0,0,0,1801378,0,0,0,0,1800,265984,0,0,0,0,0,0,0,0,0,0,0,0,0,0,0,0,63954,0,0,64997,6412,1638,0,1,3533,0,0,1233702,0,258208
190,0,5,0,0,0,0,0,1801378,0,0,0,0,1841,265984,0,0,0,0,0,0,0,0,0,0,0,0,0,0,0,0,0,0,0,64996,0,27,854,0,2825,0,0,467574,0,257841
190,0,6,0,0,0,0,0,1801378,0,0,0,0,1855,265984,0,0,0,0,0,0,0,0,0,0,0,0,0,0,0,0,0,0,0,64828,0,0,0,842,3559,1204135,0,0,0,258248
190,0,7,0,0,0,0,0,1801378,0,0,0,0,1776,265984,0,0,0,0,0,0,0,0,0,0,0,0,0,0,0,0,0,0,0,65255,2831,0,0,1,2843,0,0,527897,0,257596
190,0,8,0,0,0,0,0,1801378,0,0,0,0,56,0,0,0,0,0,0,0,0,0,0,0,0,0,0,0,0,0,0,0,0,0,0,0,24,0,120,0,0,0,0,0
191,0,0,0,0,0,0,0,3579275,0,0,12700,394752,116,0,0,0,0,0,21030,0,0,0,0,0,0,0,0,12700,12700,0,253371,0,501600,394752,0,4308,0,116,238,0,0,0,0,2141262
191,0,1,0,0,0,0,0,1789638,21030,0,0,0,8520,0,0,0,0,0,21030,0,0,0,0,0,0,0,0,0,6302,0,127334,0,126461,0,0,2048,1586,1348,15143,0,0,250633,0,0
191,0,2,0,0,0,0,0,1789638,0,0,0,0,582,265984,0,0,0,0,0,0,0,0,0,0,0,0,0,0,0,0,63664,0,0,64982,0,1755,317,0,1167,0,0,9383,0,261492
191,0,3,0,0,0,0,0,1789638,0,0,0,0,1053,265984,0,0,0,0,0,0,0,0,0,0,0,0,0,0,0,0,63798,0,0,65019,0,983,0,558,1600,848201,0,0,0,259932
191,0,4,0,0,0,0,0,1789638,0,0,0,0,1769,265984,0,0,0,0,0,0,0,0,0,0,0,0,0,0,0,0,63946,0,0,64987,6438,1649,0,2,3456,0,0,1257884,0,258185
191,0,5,0,0,0,0,0,1789638,0,0,0,0,1803,265984,0,0,0,0,0,0,0,0,0,0,0,0,0,0,0,0,0,0,0,64872,0,29,883,0,2802,0,0,467250,0,257838
191,0,6,0,0,0,0,0,1789638,0,0,0,0,1786,265984,0,0,0,0,0,0,0,0,0,0,0,0,0,0,0,0,0,0,0,65050,0,0,0,895,3492,1174146,0,0,0,257885
191,0,7,0,0,0,0,0,1789638,0,0,0,0,1750,265984,0,0,0,0,0,0,0,0,0,0,0,0,0,0,0,0,0,0,0,65244,2774,0,0,1,2796,0,0,497896,0,257969
191,0,8,0,0,0,0,0,1789638,0,0,0,0,52,0,0,0,0,0,0,0,0,0,0,0,0,0,0,0,0,0,0,0,0,0,0,0,28,0,114,0,0,0,0,0
192,0,0,0,0,0,0,0,3576075,0,0,12696,394752,116,0,0,0,0,0,21024,0,0,0,0,0,0,0,0,12696,12696,0,253359,0,501636,394752,0,4306,0,116,238,0,0,0,0,2136906
192,0,1,0,0,0,0,0,1788038,21024,0,0,0,8494,0,0,0,0,0,21024,0,0,0,0,0,0,0,0,0,6270,0,127328,0,126480,0,0,2057,1608,1339,15139,0,0,250680,0,0
192,0,2,0,0,0,0,0,1788038,0,0,0,0,589,265984,0,0,0,0,0,0,0,0,0,0,0,0,0,0,0,0,63679,0,0,64977,0,1753,308,0,1183,0,0,9362,0,261494
192,0,3,0,0,0,0,0,1788038,0,0,0,0,1060,265984,0,0,0,0,0,0,0,0,0,0,0,0,0,0,0,0,63799,0,0,65013,0,1029,0,551,1584,846239,0,0,0,259918
192,0,4,0,0,0,0,0,1788038,0,0,0,0,1791,265984,0,0,0,0,0,0,0,0,0,0,0,0,0,0,0,0,63943,0,0,64998,6421,1694,0,1,3424,0,0,1255251,0,258249
192,0,5,0,0,0,0,0,1788038,0,0,0,0,1791,265984,0,0,0,0,0,0,0,0,0,0,0,0,0,0,0,0,0,0,0,64880,0,25,896,0,2796,0,0,464998,0,257831
192,0,6,0,0,0,0,0,1788038,0,0,0,0,1788,265984,0,0,0,0,0,0,0,0,0,0,0,0,0,0,0,0,0,0,0,65048,0,0,0,891,3446,1171998,0,0,0,257879
192,0,7,0,0,0,0,0,1788038,0,0,0,0,1768,265984,0,0,0,0,0,0,0,0,0,0,0,0,0,0,0,0,0,0,0,65244,2762,0,0,0,2769,0,0,495633,0,258026
192,0,8,0,0,0,0,0,1788038,0,0,0,0,55,0,0,0,0,0,0,0,0,0,0,0,0,0,0,0,0,0,0,0,0,0,0,0,25,0,122,0,0,0,0,0
