run_id,n_active,rep,burst,rd_per_group,wr_per_group,acc,acc_y,acc_x,hops,cyc_to_done,cyc_all_done,start_skew,start_off,cyc_active,polls,acc_tlb,acc_mem_lo,acc_mem_hi,acc_tot_lo,acc_tot_hi,acc_invocations,errors,timeout
1,1,1,8,1,1,0,0,2,2,623797,623819,121,7,623790,4097,1,508863,0,623560,0,1,0,0
2,1,2,8,1,1,0,0,2,2,623758,623780,121,7,623751,4097,1,508895,0,623592,0,1,0,0
3,1,3,8,1,1,0,0,2,2,623799,623821,121,7,623792,4097,1,508882,0,623579,0,1,0,0
4,2,1,8,1,1,0,0,2,2,662184,662357,259,7,662177,2341,1,547321,0,662018,0,1,0,0
4,2,1,8,1,1,1,0,3,3,662330,662357,259,126,662204,2341,1,547313,0,662010,0,1,0,0
5,2,2,8,1,1,0,0,2,2,662154,662326,243,7,662147,2341,1,547277,0,661974,0,1,0,0
5,2,2,8,1,1,1,0,3,3,662299,662326,243,126,662173,2341,1,547288,0,661985,0,1,0,0
6,2,3,8,1,1,0,0,2,2,662248,662420,243,7,662241,2341,1,547353,0,662050,0,1,0,0
6,2,3,8,1,1,1,0,3,3,662393,662420,243,126,662267,2341,1,547345,0,662042,0,1,0,0
7,4,1,8,1,1,0,0,2,2,1196996,1197482,472,7,1196989,2130,1,1082102,0,1196799,0,1,0,0
7,4,1,8,1,1,1,0,3,3,1197163,1197482,472,121,1197042,2130,1,1082188,0,1196885,0,1,0,0
7,4,1,8,1,1,2,1,0,1,1197315,1197482,472,232,1197083,2130,1,1082188,0,1196885,0,1,0,0
7,4,1,8,1,1,3,1,1,2,1197455,1197482,472,352,1197103,2130,1,1082185,0,1196882,0,1,0,0
8,4,2,8,1,1,0,0,2,2,1196689,1197138,487,7,1196682,2131,1,1081598,0,1196295,0,1,0,0
8,4,2,8,1,1,1,0,3,3,1196834,1197138,487,121,1196713,2131,1,1081668,0,1196365,0,1,0,0
8,4,2,8,1,1,2,1,0,1,1196974,1197138,487,232,1196742,2131,1,1081681,0,1196378,0,1,0,0
8,4,2,8,1,1,3,1,1,2,1197111,1197138,487,352,1196759,2131,1,1081661,0,1196358,0,1,0,0
9,4,3,8,1,1,0,0,2,2,1196636,1197085,487,7,1196629,2131,1,1081545,0,1196242,0,1,0,0
9,4,3,8,1,1,1,0,3,3,1196781,1197085,487,121,1196660,2131,1,1081615,0,1196312,0,1,0,0
9,4,3,8,1,1,2,1,0,1,1196921,1197085,487,232,1196689,2131,1,1081628,0,1196325,0,1,0,0
9,4,3,8,1,1,3,1,1,2,1197058,1197085,487,352,1196706,2131,1,1081608,0,1196305,0,1,0,0
10,6,1,8,1,1,0,0,2,2,1392847,1725894,721,7,1392840,2304,1,1277444,0,1392141,0,1,0,0
10,6,1,8,1,1,1,0,3,3,1393007,1725894,721,121,1392886,2304,1,1277594,0,1392291,0,1,0,0
10,6,1,8,1,1,2,1,0,1,1664129,1725894,721,232,1663897,2304,1,1548673,0,1663370,0,1,0,0
10,6,1,8,1,1,3,1,1,2,1724939,1725894,721,352,1724587,2304,1,1609468,0,1724165,0,1,0,0
10,6,1,8,1,1,4,1,2,3,1725728,1725894,721,481,1725247,2304,1,1610330,0,1725027,0,1,0,0
10,6,1,8,1,1,5,1,3,4,1725867,1725894,721,598,1725269,2304,1,1610243,0,1724940,0,1,0,0
11,6,2,8,1,1,0,0,2,2,1397384,1726123,724,7,1397377,2303,1,1281941,0,1396638,0,1,0,0
11,6,2,8,1,1,1,0,3,3,1397536,1726123,724,121,1397415,2303,1,1282052,0,1396749,0,1,0,0
11,6,2,8,1,1,2,1,0,1,1664860,1726123,724,232,1664628,2303,1,1549229,0,1663926,0,1,0,0
11,6,2,8,1,1,3,1,1,2,1725176,1726123,724,352,1724824,2303,1,1609552,0,1724249,0,1,0,0
11,6,2,8,1,1,4,1,2,3,1725959,1726123,724,481,1725478,2303,1,1610478,0,1725175,0,1,0,0
11,6,2,8,1,1,5,1,3,4,1726096,1726123,724,605,1725491,2303,1,1610395,0,1725092,0,1,0,0
12,6,3,8,1,1,0,0,2,2,1395450,1726452,725,7,1395443,2306,1,1279968,0,1394665,0,1,0,0
12,6,3,8,1,1,1,0,3,3,1395595,1726452,725,121,1395474,2306,1,1280060,0,1394757,0,1,0,0
12,6,3,8,1,1,2,1,0,1,1664257,1726452,725,232,1664025,2306,1,1548662,0,1663359,0,1,0,0
12,6,3,8,1,1,3,1,1,2,1725187,1726452,725,352,1724835,2306,1,1609934,0,1724631,0,1,0,0
12,6,3,8,1,1,4,1,2,3,1726285,1726452,725,481,1725804,2306,1,1610943,0,1725640,0,1,0,0
12,6,3,8,1,1,5,1,3,4,1726425,1726452,725,598,1725827,2306,1,1610869,0,1725566,0,1,0,0
13,8,1,8,1,1,0,0,2,2,1527712,2288770,1012,7,1527705,2592,1,1412505,0,1527202,0,1,0,0
13,8,1,8,1,1,1,0,3,3,1527866,2288770,1012,145,1527721,2592,1,1412635,0,1527332,0,1,0,0
13,8,1,8,1,1,2,1,0,1,1907961,2288770,1012,256,1907705,2592,1,1792307,0,1907004,0,1,0,0
13,8,1,8,1,1,3,1,1,2,2237994,2288770,1012,376,2237618,2592,1,2122331,0,2237028,0,1,0,0
13,8,1,8,1,1,4,1,2,3,2288716,2288770,1012,505,2288211,2592,1,2173065,0,2287762,0,1,0,0
13,8,1,8,1,1,5,1,3,4,2288507,2288770,1012,622,2287885,2592,1,2172957,0,2287654,0,1,0,0
13,8,1,8,1,1,6,2,0,2,2092091,2288770,1012,760,2091331,2592,1,1976248,0,2090945,0,1,0,0
13,8,1,8,1,1,7,2,1,3,2092243,2288770,1012,886,2091357,2592,1,1976210,0,2090907,0,1,0,0
14,8,2,8,1,1,0,0,2,2,1526946,2289030,966,7,1526939,2594,1,1411313,0,1526010,0,1,0,0
14,8,2,8,1,1,1,0,3,3,1527109,2289030,966,121,1526988,2594,1,1411420,0,1526117,0,1,0,0
14,8,2,8,1,1,2,1,0,1,1902848,2289030,966,232,1902616,2594,1,1787300,0,1901997,0,1,0,0
14,8,2,8,1,1,3,1,1,2,2239344,2289030,966,352,2238992,2594,1,2124091,0,2238788,0,1,0,0
14,8,2,8,1,1,4,1,2,3,2288841,2289030,966,481,2288360,2594,1,2173361,0,2288058,0,1,0,0
14,8,2,8,1,1,5,1,3,4,2288978,2289030,966,598,2288380,2594,1,2173289,0,2287986,0,1,0,0
14,8,2,8,1,1,6,2,0,2,2090220,2289030,966,715,2089505,2594,1,1974013,0,2088710,0,1,0,0
14,8,2,8,1,1,7,2,1,3,2090372,2289030,966,837,2089535,2594,1,1973968,0,2088665,0,1,0,0
15,8,3,8,1,1,0,0,2,2,1527519,2287761,956,7,1527512,2589,1,1412548,0,1527245,0,1,0,0
15,8,3,8,1,1,1,0,3,3,1527668,2287761,956,121,1527547,2589,1,1412668,0,1527365,0,1,0,0
15,8,3,8,1,1,2,1,0,1,1905810,2287761,956,232,1905578,2589,1,1790225,0,1904922,0,1,0,0
15,8,3,8,1,1,3,1,1,2,2237791,2287761,956,352,2237439,2589,1,2122486,0,2237183,0,1,0,0
15,8,3,8,1,1,4,1,2,3,2287707,2287761,956,481,2287226,2589,1,2172081,0,2286778,0,1,0,0
15,8,3,8,1,1,5,1,3,4,2287499,2287761,956,596,2286903,2589,1,2171983,0,2286680,0,1,0,0
15,8,3,8,1,1,6,2,0,2,2091573,2287761,956,724,2090849,2589,1,1975366,0,2090063,0,1,0,0
15,8,3,8,1,1,7,2,1,3,2091726,2287761,956,837,2090889,2589,1,1975333,0,2090030,0,1,0,0
16,10,1,8,1,1,0,0,2,2,1561770,2854709,1200,7,1561763,2691,1,1446231,0,1560928,0,1,0,0
16,10,1,8,1,1,1,0,3,3,1561939,2854709,1200,121,1561818,2691,1,1446416,0,1561113,0,1,0,0
16,10,1,8,1,1,2,1,0,1,1917721,2854709,1200,254,1917467,2691,1,1801536,0,1916233,0,1,0,0
16,10,1,8,1,1,3,1,1,2,2520358,2854709,1200,368,2519990,2691,1,2404424,0,2519121,0,1,0,0
16,10,1,8,1,1,4,1,2,3,2630574,2854709,1200,479,2630095,2691,1,2515149,0,2629846,0,1,0,0
16,10,1,8,1,1,5,1,3,4,2630723,2854709,1200,596,2630127,2691,1,2515162,0,2629859,0,1,0,0
16,10,1,8,1,1,6,2,0,2,2635185,2854709,1200,724,2634461,2691,1,2519506,0,2634203,0,1,0,0
16,10,1,8,1,1,7,2,1,3,2837787,2854709,1200,840,2836947,2691,1,2721961,0,2836658,0,1,0,0
16,10,1,8,1,1,8,2,2,4,2854673,2854709,1200,964,2853709,2691,1,2738539,0,2853236,0,1,0,0
16,10,1,8,1,1,9,2,3,5,2854444,2854709,1200,1081,2853363,2691,1,2738458,0,2853155,0,1,0,0
17,10,2,8,1,1,0,0,2,2,1558004,2854182,1197,7,1557997,2688,1,1442975,0,1557672,0,1,0,0
17,10,2,8,1,1,1,0,3,3,1558158,2854182,1197,121,1558037,2688,1,1443119,0,1557816,0,1,0,0
17,10,2,8,1,1,2,1,0,1,1918192,2854182,1197,232,1917960,2688,1,1802251,0,1916948,0,1,0,0
17,10,2,8,1,1,3,1,1,2,2520956,2854182,1197,352,2520604,2688,1,2405491,0,2520188,0,1,0,0
17,10,2,8,1,1,4,1,2,3,2631762,2854182,1197,481,2631281,2688,1,2516273,0,2630970,0,1,0,0
17,10,2,8,1,1,5,1,3,4,2631908,2854182,1197,598,2631310,2688,1,2516260,0,2630957,0,1,0,0
17,10,2,8,1,1,6,2,0,2,2635747,2854182,1197,721,2635026,2688,1,2519770,0,2634467,0,1,0,0
17,10,2,8,1,1,7,2,1,3,2837848,2854182,1197,837,2837011,2688,1,2722073,0,2836770,0,1,0,0
17,10,2,8,1,1,8,2,2,4,2854015,2854182,1197,960,2853055,2688,1,2738158,0,2852855,0,1,0,0
17,10,2,8,1,1,9,2,3,5,2854155,2854182,1197,1080,2853075,2688,1,2738081,0,2852778,0,1,0,0
18,10,3,8,1,1,0,0,2,2,1556213,2855389,1190,7,1556206,2690,1,1441304,0,1556001,0,1,0,0
18,10,3,8,1,1,1,0,3,3,1556364,2855389,1190,122,1556242,2690,1,1441389,0,1556086,0,1,0,0
18,10,3,8,1,1,2,1,0,1,1920174,2855389,1190,233,1919941,2690,1,1804495,0,1919192,0,1,0,0
18,10,3,8,1,1,3,1,1,2,2518348,2855389,1190,353,2517995,2690,1,2402751,0,2517448,0,1,0,0
18,10,3,8,1,1,4,1,2,3,2633964,2855389,1190,482,2633482,2690,1,2518623,0,2633320,0,1,0,0
18,10,3,8,1,1,5,1,3,4,2634890,2855389,1190,599,2634291,2690,1,2518691,0,2633388,0,1,0,0
18,10,3,8,1,1,6,2,0,2,2636862,2855389,1190,714,2636148,2690,1,2521075,0,2635772,0,1,0,0
18,10,3,8,1,1,7,2,1,3,2838066,2855389,1190,830,2837236,2690,1,2722207,0,2836904,0,1,0,0
18,10,3,8,1,1,8,2,2,4,2855353,2855389,1190,953,2854400,2690,1,2739228,0,2853925,0,1,0,0
18,10,3,8,1,1,9,2,3,5,2855125,2855389,1190,1073,2854052,2690,1,2739149,0,2853846,0,1,0,0
19,13,1,8,1,1,0,0,2,2,1550705,3691893,1617,7,1550698,2855,1,1434844,0,1549541,0,1,0,0
19,13,1,8,1,1,1,0,3,3,1550852,3691893,1617,121,1550731,2855,1,1435049,0,1549746,0,1,0,0
19,13,1,8,1,1,2,1,0,1,1917948,3691893,1617,232,1917716,2855,1,1802174,0,1916871,0,1,0,0
19,13,1,8,1,1,3,1,1,2,2522478,3691893,1617,352,2522126,2855,1,2405922,0,2520619,0,1,0,0
19,13,1,8,1,1,4,1,2,3,2661653,3691893,1617,481,2661172,2855,1,2545939,0,2660636,0,1,0,0
19,13,1,8,1,1,5,1,3,4,2661797,3691893,1617,614,2661183,2855,1,2545921,0,2660618,0,1,0,0
19,13,1,8,1,1,6,2,0,2,2900105,3691893,1617,727,2899378,2855,1,2783990,0,2898687,0,1,0,0
19,13,1,8,1,1,7,2,1,3,3559904,3691893,1617,857,3559047,2855,1,3444048,0,3558745,0,1,0,0
19,13,1,8,1,1,8,2,2,4,3691699,3691893,1617,975,3690724,2855,1,3575760,0,3690457,0,1,0,0
19,13,1,8,1,1,9,2,3,5,3691832,3691893,1617,1092,3690740,2855,1,3575652,0,3690349,0,1,0,0
19,13,1,8,1,1,10,3,0,3,3560332,3691893,1617,1238,3559094,2855,1,3444181,0,3558878,0,1,0,0
19,13,1,8,1,1,11,3,1,4,3691304,3691893,1617,1367,3689937,2855,1,3574899,0,3689596,0,1,0,0
19,13,1,8,1,1,12,3,2,5,3691473,3691893,1617,1497,3689976,2855,1,3574880,0,3689577,0,1,0,0
20,13,2,8,1,1,0,0,2,2,1549807,3692215,1610,7,1549800,2856,1,1434139,0,1548836,0,1,0,0
20,13,2,8,1,1,1,0,3,3,1549959,3692215,1610,121,1549838,2856,1,1434284,0,1548981,0,1,0,0
20,13,2,8,1,1,2,1,0,1,1918612,3692215,1610,232,1918380,2856,1,1802467,0,1917164,0,1,0,0
20,13,2,8,1,1,3,1,1,2,2524748,3692215,1610,352,2524396,2856,1,2408823,0,2523520,0,1,0,0
20,13,2,8,1,1,4,1,2,3,2661494,3692215,1610,481,2661013,2856,1,2545579,0,2660276,0,1,0,0
20,13,2,8,1,1,5,1,3,4,2661639,3692215,1610,622,2661017,2856,1,2545511,0,2660208,0,1,0,0
20,13,2,8,1,1,6,2,0,2,2898318,3692215,1610,735,2897583,2856,1,2782618,0,2897315,0,1,0,0
20,13,2,8,1,1,7,2,1,3,3559383,3692215,1610,865,3558518,2856,1,3443292,0,3557989,0,1,0,0
20,13,2,8,1,1,8,2,2,4,3691894,3692215,1610,983,3690911,2856,1,3575587,0,3690284,0,1,0,0
20,13,2,8,1,1,9,2,3,5,3692027,3692215,1610,1100,3690927,2856,1,3575546,0,3690243,0,1,0,0
20,13,2,8,1,1,10,3,0,3,3559785,3692215,1610,1231,3558554,2856,1,3443382,0,3558079,0,1,0,0
20,13,2,8,1,1,11,3,1,4,3692174,3692215,1610,1359,3690815,2856,1,3575345,0,3690042,0,1,0,0
20,13,2,8,1,1,12,3,2,5,3691665,3692215,1610,1490,3690175,2856,1,3575269,0,3689966,0,1,0,0
21,13,3,8,1,1,0,0,2,2,1548919,3693611,1575,7,1548912,2858,1,1432712,0,1547409,0,1,0,0
21,13,3,8,1,1,1,0,3,3,1549064,3693611,1575,121,1548943,2858,1,1432801,0,1547498,0,1,0,0
21,13,3,8,1,1,2,1,0,1,1918715,3693611,1575,232,1918483,2858,1,1803403,0,1918100,0,1,0,0
21,13,3,8,1,1,3,1,1,2,2525207,3693611,1575,352,2524855,2858,1,2409379,0,2524076,0,1,0,0
21,13,3,8,1,1,4,1,2,3,2659477,3693611,1575,481,2658996,2858,1,2543274,0,2657971,0,1,0,0
21,13,3,8,1,1,5,1,3,4,2659622,3693611,1575,598,2659024,2858,1,2543284,0,2657981,0,1,0,0
21,13,3,8,1,1,6,2,0,2,2900514,3693611,1575,719,2899795,2858,1,2784295,0,2898992,0,1,0,0
21,13,3,8,1,1,7,2,1,3,3563001,3693611,1575,835,3562166,2858,1,3447220,0,3561917,0,1,0,0
21,13,3,8,1,1,8,2,2,4,3693156,3693611,1575,949,3692207,2858,1,3577020,0,3691717,0,1,0,0
21,13,3,8,1,1,9,2,3,5,3693297,3693611,1575,1085,3692212,2858,1,3576956,0,3691653,0,1,0,0
21,13,3,8,1,1,10,3,0,3,3560924,3693611,1575,1198,3559726,2858,1,3444452,0,3559149,0,1,0,0
21,13,3,8,1,1,11,3,1,4,3693444,3693611,1575,1323,3692121,2858,1,3576905,0,3691602,0,1,0,0
21,13,3,8,1,1,12,3,2,5,3693584,3693611,1575,1449,3692135,2858,1,3576818,0,3691515,0,1,0,0
22,1,1,16,1,1,0,0,2,2,383885,383907,121,7,383878,2834,1,326378,0,383731,0,1,0,0
23,1,2,16,1,1,0,0,2,2,383982,384004,130,7,383975,2836,1,326412,0,383765,0,1,0,0
24,1,3,16,1,1,0,0,2,2,383872,383894,121,7,383865,2834,1,326365,0,383718,0,1,0,0
25,2,1,16,1,1,0,0,2,2,401624,401797,244,7,401617,1389,1,344117,0,401470,0,1,0,0
25,2,1,16,1,1,1,0,3,3,401770,401797,244,126,401644,1389,1,344146,0,401499,0,1,0,0
26,2,2,16,1,1,0,0,2,2,401851,402028,243,7,401844,1390,1,344133,0,401486,0,1,0,0
26,2,2,16,1,1,1,0,3,3,402001,402028,243,126,401875,1390,1,344146,0,401499,0,1,0,0
27,2,3,16,1,1,0,0,2,2,401640,401815,243,7,401633,1389,1,344079,0,401432,0,1,0,0
27,2,3,16,1,1,1,0,3,3,401788,401815,243,126,401662,1389,1,344109,0,401462,0,1,0,0
28,4,1,16,1,1,0,0,2,2,694028,695485,483,7,694021,1301,1,636240,0,693593,0,1,0,0
28,4,1,16,1,1,1,0,3,3,694175,695485,483,121,694054,1301,1,636351,0,693704,0,1,0,0
28,4,1,16,1,1,2,1,0,1,695312,695485,483,242,695070,1301,1,637568,0,694921,0,1,0,0
28,4,1,16,1,1,3,1,1,2,695458,695485,483,356,695102,1301,1,637595,0,694948,0,1,0,0
29,4,2,16,1,1,0,0,2,2,694149,695587,483,7,694142,1301,1,636158,0,693511,0,1,0,0
29,4,2,16,1,1,1,0,3,3,694305,695587,483,121,694184,1301,1,636244,0,693597,0,1,0,0
29,4,2,16,1,1,2,1,0,1,695422,695587,483,234,695188,1301,1,637616,0,694969,0,1,0,0
29,4,2,16,1,1,3,1,1,2,695560,695587,483,348,695212,1301,1,637630,0,694983,0,1,0,0
30,4,3,16,1,1,0,0,2,2,695139,695609,477,7,695132,1301,1,637228,0,694581,0,1,0,0
30,4,3,16,1,1,1,0,3,3,695303,695609,477,121,695182,1301,1,637330,0,694683,0,1,0,0
30,4,3,16,1,1,2,1,0,1,695444,695609,477,234,695210,1301,1,637620,0,694973,0,1,0,0
30,4,3,16,1,1,3,1,1,2,695582,695609,477,348,695234,1301,1,637534,0,694887,0,1,0,0
31,6,1,16,1,1,0,0,2,2,862213,1051318,727,7,862206,1488,1,804069,0,861422,0,1,0,0
31,6,1,16,1,1,1,0,3,3,862358,1051318,727,121,862237,1488,1,804331,0,861684,0,1,0,0
31,6,1,16,1,1,2,1,0,1,933953,1051318,727,234,933719,1488,1,875859,0,933212,0,1,0,0
31,6,1,16,1,1,3,1,1,2,1021524,1051318,727,348,1021176,1488,1,963335,0,1020688,0,1,0,0
31,6,1,16,1,1,4,1,2,3,1051151,1051318,727,477,1050674,1488,1,993175,0,1050528,0,1,0,0
31,6,1,16,1,1,5,1,3,4,1051291,1051318,727,588,1050703,1488,1,993097,0,1050450,0,1,0,0
32,6,2,16,1,1,0,0,2,2,860452,1050330,749,7,860445,1485,1,802726,0,860079,0,1,0,0
32,6,2,16,1,1,1,0,3,3,860621,1050330,749,121,860500,1485,1,802897,0,860250,0,1,0,0
32,6,2,16,1,1,2,1,0,1,930735,1050330,749,234,930501,1485,1,872865,0,930218,0,1,0,0
32,6,2,16,1,1,3,1,1,2,1021751,1050330,749,361,1021390,1485,1,963471,0,1020824,0,1,0,0
32,6,2,16,1,1,4,1,2,3,1050141,1050330,749,481,1049660,1485,1,992142,0,1049495,0,1,0,0
32,6,2,16,1,1,5,1,3,4,1050303,1050330,749,612,1049691,1485,1,992065,0,1049418,0,1,0,0
33,6,3,16,1,1,0,0,2,2,861098,1050630,752,7,861091,1483,1,803392,0,860745,0,1,0,0
33,6,3,16,1,1,1,0,3,3,861266,1050630,752,121,861145,1483,1,803558,0,860911,0,1,0,0
33,6,3,16,1,1,2,1,0,1,934074,1050630,752,234,933840,1483,1,875935,0,933288,0,1,0,0
33,6,3,16,1,1,3,1,1,2,1023815,1050630,752,348,1023467,1483,1,965804,0,1023157,0,1,0,0
33,6,3,16,1,1,4,1,2,3,1050466,1050630,752,484,1049982,1483,1,992285,0,1049638,0,1,0,0
33,6,3,16,1,1,5,1,3,4,1050603,1050630,752,615,1049988,1483,1,992206,0,1049559,0,1,0,0
34,8,1,16,1,1,0,0,2,2,836119,1399599,964,7,836112,1612,1,778427,0,835780,0,1,0,0
34,8,1,16,1,1,1,0,3,3,836294,1399599,964,121,836173,1612,1,778577,0,835930,0,1,0,0
34,8,1,16,1,1,2,1,0,1,1107521,1399599,964,234,1107287,1612,1,1049702,0,1107055,0,1,0,0
34,8,1,16,1,1,3,1,1,2,1356098,1399599,964,348,1355750,1612,1,1297950,0,1355303,0,1,0,0
34,8,1,16,1,1,4,1,2,3,1399545,1399599,964,477,1399068,1612,1,1341246,0,1398599,0,1,0,0
34,8,1,16,1,1,5,1,3,4,1399336,1399599,964,610,1398726,1612,1,1341164,0,1398517,0,1,0,0
34,8,1,16,1,1,6,2,0,2,1319737,1399599,964,728,1319009,1612,1,1261352,0,1318705,0,1,0,0
34,8,1,16,1,1,7,2,1,3,1319893,1399599,964,847,1319046,1612,1,1261390,0,1318743,0,1,0,0
35,8,2,16,1,1,0,0,2,2,833437,1399435,1007,7,833430,1615,1,775474,0,832827,0,1,0,0
35,8,2,16,1,1,1,0,3,3,833603,1399435,1007,144,833459,1615,1,775700,0,833053,0,1,0,0
35,8,2,16,1,1,2,1,0,1,1104990,1399435,1007,257,1104733,1615,1,1047014,0,1104367,0,1,0,0
35,8,2,16,1,1,3,1,1,2,1355092,1399435,1007,371,1354721,1615,1,1297206,0,1354559,0,1,0,0
35,8,2,16,1,1,4,1,2,3,1399246,1399435,1007,500,1398746,1615,1,1341114,0,1398467,0,1,0,0
35,8,2,16,1,1,5,1,3,4,1399383,1399435,1007,633,1398750,1615,1,1341042,0,1398395,0,1,0,0
35,8,2,16,1,1,6,2,0,2,1320962,1399435,1007,761,1320201,1615,1,1262470,0,1319823,0,1,0,0
35,8,2,16,1,1,7,2,1,3,1321121,1399435,1007,881,1320240,1615,1,1262512,0,1319865,0,1,0,0
36,8,3,16,1,1,0,0,2,2,836853,1400082,985,7,836846,1612,1,778842,0,836195,0,1,0,0
36,8,3,16,1,1,1,0,3,3,837004,1400082,985,121,836883,1612,1,779048,0,836401,0,1,0,0
36,8,3,16,1,1,2,1,0,1,1106485,1400082,985,234,1106251,1612,1,1048603,0,1105956,0,1,0,0
36,8,3,16,1,1,3,1,1,2,1359170,1400082,985,362,1358808,1612,1,1301058,0,1358411,0,1,0,0
36,8,3,16,1,1,4,1,2,3,1399890,1400082,985,488,1399402,1612,1,1341863,0,1399216,0,1,0,0
36,8,3,16,1,1,5,1,3,4,1400030,1400082,985,620,1399410,1612,1,1341796,0,1399149,0,1,0,0
36,8,3,16,1,1,6,2,0,2,1322795,1400082,985,748,1322047,1612,1,1264106,0,1321459,0,1,0,0
36,8,3,16,1,1,7,2,1,3,1322946,1400082,985,868,1322078,1612,1,1264046,0,1321399,0,1,0,0
37,10,1,16,1,1,0,0,2,2,869553,1750680,1240,7,869546,1758,1,811800,0,869153,0,1,0,0
37,10,1,16,1,1,1,0,3,3,869722,1750680,1240,121,869601,1758,1,811933,0,869286,0,1,0,0
37,10,1,16,1,1,2,1,0,1,1063145,1750680,1240,234,1062911,1758,1,1004545,0,1061898,0,1,0,0
37,10,1,16,1,1,3,1,1,2,1477533,1750680,1240,364,1477169,1758,1,1419400,0,1476753,0,1,0,0
37,10,1,16,1,1,4,1,2,3,1594573,1750680,1240,490,1594083,1758,1,1535871,0,1593224,0,1,0,0
37,10,1,16,1,1,5,1,3,4,1594728,1750680,1240,622,1594106,1758,1,1535832,0,1593185,0,1,0,0
37,10,1,16,1,1,6,2,0,2,1501055,1750680,1240,750,1500305,1758,1,1442164,0,1499517,0,1,0,0
37,10,1,16,1,1,7,2,1,3,1699753,1750680,1240,870,1698883,1758,1,1641384,0,1698737,0,1,0,0
37,10,1,16,1,1,8,2,2,4,1750514,1750680,1240,982,1749532,1758,1,1691898,0,1749251,0,1,0,0
37,10,1,16,1,1,9,2,3,5,1750653,1750680,1240,1101,1749552,1758,1,1691819,0,1749172,0,1,0,0
38,10,2,16,1,1,0,0,2,2,872014,1750558,1231,7,872007,1759,1,813486,0,870839,0,1,0,0
38,10,2,16,1,1,1,0,3,3,872161,1750558,1231,121,872040,1759,1,813690,0,871043,0,1,0,0
38,10,2,16,1,1,2,1,0,1,1061869,1750558,1231,243,1061626,1759,1,1003545,0,1060898,0,1,0,0
38,10,2,16,1,1,3,1,1,2,1481960,1750558,1231,356,1481604,1759,1,1423211,0,1480564,0,1,0,0
38,10,2,16,1,1,4,1,2,3,1592799,1750558,1231,477,1592322,1759,1,1534696,0,1592049,0,1,0,0
38,10,2,16,1,1,5,1,3,4,1592953,1750558,1231,609,1592344,1759,1,1534664,0,1592017,0,1,0,0
38,10,2,16,1,1,6,2,0,2,1502864,1750558,1231,737,1502127,1759,1,1444181,0,1501534,0,1,0,0
38,10,2,16,1,1,7,2,1,3,1698949,1750558,1231,852,1698097,1759,1,1640193,0,1697546,0,1,0,0
38,10,2,16,1,1,8,2,2,4,1750371,1750558,1231,973,1749398,1759,1,1691765,0,1749118,0,1,0,0
38,10,2,16,1,1,9,2,3,5,1750531,1750558,1231,1092,1749439,1759,1,1691686,0,1749039,0,1,0,0
39,10,3,16,1,1,0,0,2,2,872773,1751187,1252,7,872766,1758,1,815128,0,872481,0,1,0,0
39,10,3,16,1,1,1,0,3,3,872937,1751187,1252,121,872816,1758,1,815234,0,872587,0,1,0,0
39,10,3,16,1,1,2,1,0,1,1058320,1751187,1252,239,1058081,1758,1,1000218,0,1057571,0,1,0,0
39,10,3,16,1,1,3,1,1,2,1476668,1751187,1252,353,1476315,1758,1,1418041,0,1475394,0,1,0,0
39,10,3,16,1,1,4,1,2,3,1596013,1751187,1252,482,1595531,1758,1,1537938,0,1595291,0,1,0,0
39,10,3,16,1,1,5,1,3,4,1596156,1751187,1252,615,1595541,1758,1,1537884,0,1595237,0,1,0,0
39,10,3,16,1,1,6,2,0,2,1500151,1751187,1252,742,1499409,1758,1,1441220,0,1498573,0,1,0,0
39,10,3,16,1,1,7,2,1,3,1699715,1751187,1252,873,1698842,1758,1,1641049,0,1698402,0,1,0,0
39,10,3,16,1,1,8,2,2,4,1751023,1751187,1252,994,1750029,1758,1,1692395,0,1749748,0,1,0,0
39,10,3,16,1,1,9,2,3,5,1751160,1751187,1252,1113,1750047,1758,1,1692316,0,1749669,0,1,0,0
40,13,1,16,1,1,0,0,2,2,868845,2261694,1583,7,868838,1804,1,809769,0,867122,0,1,0,0
40,13,1,16,1,1,1,0,3,3,868996,2261694,1583,121,868875,1804,1,809862,0,867215,0,1,0,0
40,13,1,16,1,1,2,1,0,1,1057926,2261694,1583,234,1057692,1804,1,999400,0,1056753,0,1,0,0
40,13,1,16,1,1,3,1,1,2,1475990,2261694,1583,348,1475642,1804,1,1417184,0,1474537,0,1,0,0
40,13,1,16,1,1,4,1,2,3,1627221,2261694,1583,477,1626744,1804,1,1569115,0,1626468,0,1,0,0
40,13,1,16,1,1,5,1,3,4,1627382,2261694,1583,610,1626772,1804,1,1569145,0,1626498,0,1,0,0
40,13,1,16,1,1,6,2,0,2,1679741,2261694,1583,731,1679010,1804,1,1620601,0,1677954,0,1,0,0
40,13,1,16,1,1,7,2,1,3,2162357,2261694,1583,852,2161505,1804,1,2103560,0,2160913,0,1,0,0
40,13,1,16,1,1,8,2,2,4,2260829,2261694,1583,973,2259856,1804,1,2202335,0,2259688,0,1,0,0
40,13,1,16,1,1,9,2,3,5,2260973,2261694,1583,1094,2259879,1804,1,2202298,0,2259651,0,1,0,0
40,13,1,16,1,1,10,3,0,3,2158846,2261694,1583,1222,2157624,1804,1,2100095,0,2157448,0,1,0,0
40,13,1,16,1,1,11,3,1,4,2261531,2261694,1583,1338,2260193,1804,1,2202532,0,2259885,0,1,0,0
40,13,1,16,1,1,12,3,2,5,2261667,2261694,1583,1456,2260211,1804,1,2202467,0,2259820,0,1,0,0
41,13,2,16,1,1,0,0,2,2,871792,2261834,1586,7,871785,1795,1,813468,0,870821,0,1,0,0
41,13,2,16,1,1,1,0,3,3,871969,2261834,1586,121,871848,1795,1,813715,0,871068,0,1,0,0
41,13,2,16,1,1,2,1,0,1,1056405,2261834,1586,234,1056171,1795,1,998401,0,1055754,0,1,0,0
41,13,2,16,1,1,3,1,1,2,1476588,2261834,1586,348,1476240,1795,1,1418361,0,1475714,0,1,0,0
41,13,2,16,1,1,4,1,2,3,1639308,2261834,1586,469,1638839,1795,1,1580199,0,1637552,0,1,0,0
41,13,2,16,1,1,5,1,3,4,1639463,2261834,1586,589,1638874,1795,1,1580125,0,1637478,0,1,0,0
41,13,2,16,1,1,6,2,0,2,1676008,2261834,1586,717,1675291,1795,1,1617254,0,1674607,0,1,0,0
41,13,2,16,1,1,7,2,1,3,2167612,2261834,1586,837,2166775,1795,1,2109032,0,2166385,0,1,0,0
41,13,2,16,1,1,8,2,2,4,2261640,2261834,1586,970,2260670,1795,1,2202902,0,2260255,0,1,0,0
41,13,2,16,1,1,9,2,3,5,2261773,2261834,1586,1104,2260669,1795,1,2202858,0,2260211,0,1,0,0
41,13,2,16,1,1,10,3,0,3,2168017,2261834,1586,1220,2166797,1795,1,2108974,0,2166327,0,1,0,0
41,13,2,16,1,1,11,3,1,4,2261259,2261834,1586,1340,2259919,1795,1,2202413,0,2259766,0,1,0,0
41,13,2,16,1,1,12,3,2,5,2261414,2261834,1586,1458,2259956,1795,1,2202380,0,2259733,0,1,0,0
42,13,3,16,1,1,0,0,2,2,870522,2259211,1622,7,870515,1798,1,812137,0,869490,0,1,0,0
42,13,3,16,1,1,1,0,3,3,870667,2259211,1622,121,870546,1798,1,812219,0,869572,0,1,0,0
42,13,3,16,1,1,2,1,0,1,1052525,2259211,1622,249,1052276,1798,1,994022,0,1051375,0,1,0,0
42,13,3,16,1,1,3,1,1,2,1477727,2259211,1622,363,1477364,1798,1,1419499,0,1476852,0,1,0,0
42,13,3,16,1,1,4,1,2,3,1628980,2259211,1622,492,1628488,1798,1,1570650,0,1628003,0,1,0,0
42,13,3,16,1,1,5,1,3,4,1629136,2259211,1622,625,1628511,1798,1,1570730,0,1628083,0,1,0,0
42,13,3,16,1,1,6,2,0,2,1680484,2259211,1622,752,1679732,1798,1,1621469,0,1678822,0,1,0,0
42,13,3,16,1,1,7,2,1,3,2160677,2259211,1622,883,2159794,1798,1,2101656,0,2159009,0,1,0,0
42,13,3,16,1,1,8,2,2,4,2258878,2259211,1622,1004,2257874,1798,1,2200248,0,2257601,0,1,0,0
42,13,3,16,1,1,9,2,3,5,2259023,2259211,1622,1123,2257900,1798,1,2200153,0,2257506,0,1,0,0
42,13,3,16,1,1,10,3,0,3,2161102,2259211,1622,1256,2159846,1798,1,2101950,0,2159303,0,1,0,0
42,13,3,16,1,1,11,3,1,4,2259170,2259211,1622,1380,2257790,1798,1,2199695,0,2257048,0,1,0,0
42,13,3,16,1,1,12,3,2,5,2258647,2259211,1622,1492,2257155,1798,1,2199643,0,2256996,0,1,0,0
43,1,1,32,1,1,0,0,2,2,265129,265151,121,7,265122,2048,1,236240,0,264921,0,1,0,0
44,1,2,32,1,1,0,0,2,2,265329,265351,121,7,265322,2048,1,236438,0,265119,0,1,0,0
45,1,3,32,1,1,0,0,2,2,265291,265313,121,7,265284,2048,1,236401,0,265082,0,1,0,0
46,2,1,32,1,1,0,0,2,2,277323,277519,248,7,277316,1024,1,248426,0,277107,0,1,0,0
46,2,1,32,1,1,1,0,3,3,277492,277519,248,126,277366,1024,1,248480,0,277161,0,1,0,0
47,2,2,32,1,1,0,0,2,2,277352,277525,270,7,277345,1024,1,248486,0,277167,0,1,0,0
47,2,2,32,1,1,1,0,3,3,277498,277525,270,126,277372,1024,1,248448,0,277129,0,1,0,0
48,2,3,32,1,1,0,0,2,2,277286,277645,248,7,277279,1025,1,248441,0,277122,0,1,0,0
48,2,3,32,1,1,1,0,3,3,277618,277645,248,126,277492,1025,1,248527,0,277208,0,1,0,0
49,4,1,32,1,1,0,0,2,2,496595,500467,533,7,496588,873,1,467385,0,496066,0,1,0,0
49,4,1,32,1,1,1,0,3,3,496748,500467,533,121,496627,873,1,467665,0,496238,0,1,0,0
49,4,1,32,1,1,2,1,0,1,500305,500467,533,242,500063,873,1,478545,0,499691,0,1,0,0
49,4,1,32,1,1,3,1,1,2,500440,500467,533,387,500053,873,1,471373,0,499605,0,1,0,0
50,4,2,32,1,1,0,0,2,2,498578,499564,490,7,498571,843,1,469552,0,498233,0,1,0,0
50,4,2,32,1,1,1,0,3,3,498738,499564,490,121,498617,843,1,469897,0,498448,0,1,0,0
50,4,2,32,1,1,2,1,0,1,499528,499564,490,242,499286,843,1,479264,0,498900,0,1,0,0
50,4,2,32,1,1,3,1,1,2,499352,499564,490,364,498988,843,1,471032,0,498833,0,1,0,0
51,4,3,32,1,1,0,0,2,2,496318,499680,490,7,496311,871,1,467287,0,495968,0,1,0,0
51,4,3,32,1,1,1,0,3,3,496478,499680,490,121,496357,871,1,467616,0,496170,0,1,0,0
51,4,3,32,1,1,2,1,0,1,499519,499680,490,242,499277,871,1,478095,0,499016,0,1,0,0
51,4,3,32,1,1,3,1,1,2,499653,499680,490,364,499289,871,1,470684,0,498948,0,1,0,0
52,6,1,32,1,1,0,0,2,2,561233,749109,754,7,561226,1080,1,532388,0,561069,0,1,0,0
52,6,1,32,1,1,1,0,3,3,562138,749109,754,121,562017,1080,1,536270,0,561226,0,1,0,0
52,6,1,32,1,1,2,1,0,1,562283,749109,754,242,562041,1080,1,532614,0,561295,0,1,0,0
52,6,1,32,1,1,3,1,1,2,748805,749109,754,364,748441,1080,1,719441,0,747957,0,1,0,0
52,6,1,32,1,1,4,1,2,3,748943,749109,754,484,748459,1080,1,724440,0,748012,0,1,0,0
52,6,1,32,1,1,5,1,3,4,749082,749109,754,611,748471,1080,1,724346,0,747947,0,1,0,0
53,6,2,32,1,1,0,0,2,2,561532,749186,763,7,561525,1075,1,532381,0,561062,0,1,0,0
53,6,2,32,1,1,1,0,3,3,561697,749186,763,121,561576,1075,1,537745,0,561206,0,1,0,0
53,6,2,32,1,1,2,1,0,1,561838,749186,763,251,561587,1075,1,532604,0,561275,0,1,0,0
53,6,2,32,1,1,3,1,1,2,748886,749186,763,373,748513,1075,1,719414,0,747930,0,1,0,0
53,6,2,32,1,1,4,1,2,3,749020,749186,763,493,748527,1075,1,719395,0,748056,0,1,0,0
53,6,2,32,1,1,5,1,3,4,749159,749186,763,620,748539,1075,1,719317,0,747998,0,1,0,0
54,6,3,32,1,1,0,0,2,2,560548,748122,752,7,560541,1076,1,531241,0,559922,0,1,0,0
54,6,3,32,1,1,1,0,3,3,560706,748122,752,121,560585,1076,1,531305,0,559982,0,1,0,0
54,6,3,32,1,1,2,1,0,1,561449,748122,752,240,561209,1076,1,531797,0,560473,0,1,0,0
54,6,3,32,1,1,3,1,1,2,747498,748122,752,361,747137,1076,1,718416,0,746929,0,1,0,0
54,6,3,32,1,1,4,1,2,3,747957,748122,752,482,747475,1076,1,718536,0,747207,0,1,0,0
54,6,3,32,1,1,5,1,3,4,748095,748122,752,609,747486,1076,1,718441,0,747122,0,1,0,0
55,8,1,32,1,1,0,0,2,2,566904,1001614,1011,7,566897,1162,1,537346,0,566027,0,1,0,0
55,8,1,32,1,1,1,0,3,3,567064,1001614,1011,125,566939,1162,1,539272,0,566180,0,1,0,0
55,8,1,32,1,1,2,1,0,1,687020,1001614,1011,246,686774,1162,1,658098,0,686604,0,1,0,0
55,8,1,32,1,1,3,1,1,2,956347,1001614,1011,368,955979,1162,1,927662,0,955751,0,1,0,0
55,8,1,32,1,1,4,1,2,3,1001425,1001614,1011,488,1000937,1162,1,974175,0,1000601,0,1,0,0
55,8,1,32,1,1,5,1,3,4,1001562,1001614,1011,615,1000947,1162,1,973579,0,1000550,0,1,0,0
55,8,1,32,1,1,6,2,0,2,925501,1001614,1011,738,924763,1162,1,898083,0,924443,0,1,0,0
55,8,1,32,1,1,7,2,1,3,925677,1001614,1011,864,924813,1162,1,899443,0,924486,0,1,0,0
56,8,2,32,1,1,0,0,2,2,570919,1001167,1020,7,570912,1142,1,541248,0,569929,0,1,0,0
56,8,2,32,1,1,1,0,3,3,571068,1001167,1020,121,570947,1142,1,543912,0,570196,0,1,0,0
56,8,2,32,1,1,2,1,0,1,684700,1001167,1020,242,684458,1142,1,655590,0,684081,0,1,0,0
56,8,2,32,1,1,3,1,1,2,959710,1001167,1020,364,959346,1142,1,930747,0,958835,0,1,0,0
56,8,2,32,1,1,4,1,2,3,1000975,1001167,1020,490,1000485,1142,1,973618,0,1000252,0,1,0,0
56,8,2,32,1,1,5,1,3,4,1001115,1001167,1020,617,1000498,1142,1,973058,0,1000187,0,1,0,0
56,8,2,32,1,1,6,2,0,2,931119,1001167,1020,754,930365,1142,1,906634,0,929804,0,1,0,0
56,8,2,32,1,1,7,2,1,3,931294,1001167,1020,865,930429,1142,1,907411,0,929681,0,1,0,0
57,8,3,32,1,1,0,0,2,2,568214,1001025,1018,7,568207,1154,1,538389,0,567070,0,1,0,0
57,8,3,32,1,1,1,0,3,3,568368,1001025,1018,121,568247,1154,1,540959,0,567420,0,1,0,0
57,8,3,32,1,1,2,1,0,1,685687,1001025,1018,242,685445,1154,1,656616,0,685112,0,1,0,0
57,8,3,32,1,1,3,1,1,2,960278,1001025,1018,364,959914,1154,1,931596,0,959655,0,1,0,0
57,8,3,32,1,1,4,1,2,3,1000817,1001025,1018,484,1000333,1154,1,973922,0,1000104,0,1,0,0
57,8,3,32,1,1,5,1,3,4,1000973,1001025,1018,611,1000362,1154,1,972848,0,1000039,0,1,0,0
57,8,3,32,1,1,6,2,0,2,931213,1001025,1018,748,930465,1154,1,907161,0,929976,0,1,0,0
57,8,3,32,1,1,7,2,1,3,931359,1001025,1018,859,930500,1154,1,908113,0,929862,0,1,0,0
58,10,1,32,1,1,0,0,2,2,570584,1249480,1241,7,570577,1222,1,541459,0,570140,0,1,0,0
58,10,1,32,1,1,1,0,3,3,571978,1249480,1241,121,571857,1222,1,543721,0,570478,0,1,0,0
58,10,1,32,1,1,2,1,0,1,693258,1249480,1241,242,693016,1222,1,663537,0,692183,0,1,0,0
58,10,1,32,1,1,3,1,1,2,991735,1249480,1241,364,991371,1222,1,962867,0,991050,0,1,0,0
58,10,1,32,1,1,4,1,2,3,1159459,1249480,1241,484,1158975,1222,1,1133390,0,1158543,0,1,0,0
58,10,1,32,1,1,5,1,3,4,1159628,1249480,1241,611,1159017,1222,1,1135484,0,1158496,0,1,0,0
58,10,1,32,1,1,6,2,0,2,981342,1249480,1241,748,980594,1222,1,951688,0,980052,0,1,0,0
58,10,1,32,1,1,7,2,1,3,1222077,1249480,1241,859,1221218,1222,1,1195295,0,1220765,0,1,0,0
58,10,1,32,1,1,8,2,2,4,1249315,1249480,1241,985,1248330,1222,1,1220130,0,1247927,0,1,0,0
58,10,1,32,1,1,9,2,3,5,1249453,1249480,1241,1106,1248347,1222,1,1220704,0,1247851,0,1,0,0
59,10,2,32,1,1,0,0,2,2,567923,1248591,1251,7,567916,1222,1,538738,0,567419,0,1,0,0
59,10,2,32,1,1,1,0,3,3,568095,1248591,1251,121,567974,1222,1,540783,0,567606,0,1,0,0
59,10,2,32,1,1,2,1,0,1,689383,1248591,1251,242,689141,1222,1,659275,0,687916,0,1,0,0
59,10,2,32,1,1,3,1,1,2,990896,1248591,1251,364,990532,1222,1,962041,0,990155,0,1,0,0
59,10,2,32,1,1,4,1,2,3,1159279,1248591,1251,491,1158788,1222,1,1132907,0,1158629,0,1,0,0
59,10,2,32,1,1,5,1,3,4,1160077,1248591,1251,618,1159459,1222,1,1132782,0,1158715,0,1,0,0
59,10,2,32,1,1,6,2,0,2,988420,1248591,1251,754,987666,1222,1,958566,0,986898,0,1,0,0
59,10,2,32,1,1,7,2,1,3,1220515,1248591,1251,865,1219650,1222,1,1193859,0,1219280,0,1,0,0
59,10,2,32,1,1,8,2,2,4,1248425,1248591,1251,991,1247434,1222,1,1221187,0,1247130,0,1,0,0
59,10,2,32,1,1,9,2,3,5,1248564,1248591,1251,1120,1247444,1222,1,1221427,0,1247085,0,1,0,0
60,10,3,32,1,1,0,0,2,2,570895,1249072,1276,7,570888,1225,1,540990,0,569671,0,1,0,0
60,10,3,32,1,1,1,0,3,3,571056,1249072,1276,121,570935,1225,1,543034,0,569858,0,1,0,0
60,10,3,32,1,1,2,1,0,1,690349,1249072,1276,242,690107,1225,1,661280,0,689936,0,1,0,0
60,10,3,32,1,1,3,1,1,2,992753,1249072,1276,364,992389,1225,1,964020,0,992161,0,1,0,0
60,10,3,32,1,1,4,1,2,3,1158876,1249072,1276,503,1158373,1225,1,1132564,0,1158033,0,1,0,0
60,10,3,32,1,1,5,1,3,4,1159021,1249072,1276,630,1158391,1225,1,1132636,0,1158098,0,1,0,0
60,10,3,32,1,1,6,2,0,2,985957,1249072,1276,767,985190,1225,1,956507,0,984887,0,1,0,0
60,10,3,32,1,1,7,2,1,3,1217884,1249072,1276,878,1217006,1225,1,1191358,0,1216818,0,1,0,0
60,10,3,32,1,1,8,2,2,4,1248908,1249072,1276,1004,1247904,1225,1,1221509,0,1247480,0,1,0,0
60,10,3,32,1,1,9,2,3,5,1249045,1249072,1276,1145,1247900,1225,1,1221751,0,1247410,0,1,0,0
61,13,1,32,1,1,0,0,2,2,573648,1619128,1612,7,573641,1261,1,543394,0,572075,0,1,0,0
61,13,1,32,1,1,1,0,3,3,573804,1619128,1612,121,573683,1261,1,545533,0,572008,0,1,0,0
61,13,1,32,1,1,2,1,0,1,687600,1619128,1612,241,687359,1261,1,658049,0,686715,0,1,0,0
61,13,1,32,1,1,3,1,1,2,993956,1619128,1612,362,993594,1261,1,964962,0,992685,0,1,0,0
61,13,1,32,1,1,4,1,2,3,1144066,1619128,1612,483,1143583,1261,1,1117073,0,1142938,0,1,0,0
61,13,1,32,1,1,5,1,3,4,1144209,1619128,1612,610,1143599,1261,1,1117772,0,1142925,0,1,0,0
61,13,1,32,1,1,6,2,0,2,1154846,1619128,1612,747,1154099,1261,1,1124903,0,1153087,0,1,0,0
61,13,1,32,1,1,7,2,1,3,1541457,1619128,1612,858,1540599,1261,1,1518421,0,1539736,0,1,0,0
61,13,1,32,1,1,8,2,2,4,1618934,1619128,1612,985,1617949,1261,1,1594591,0,1617338,0,1,0,0
61,13,1,32,1,1,9,2,3,5,1619067,1619128,1612,1106,1617961,1261,1,1591372,0,1617303,0,1,0,0
61,13,1,32,1,1,10,3,0,3,1541932,1619128,1612,1230,1540702,1261,1,1515044,0,1539639,0,1,0,0
61,13,1,32,1,1,11,3,1,4,1618564,1619128,1612,1358,1617206,1261,1,1588952,0,1616762,0,1,0,0
61,13,1,32,1,1,12,3,2,5,1618711,1619128,1612,1489,1617222,1261,1,1589412,0,1616789,0,1,0,0
62,13,2,32,1,1,0,0,2,2,573251,1618316,1638,7,573244,1260,1,543287,0,571968,0,1,0,0
62,13,2,32,1,1,1,0,3,3,573408,1618316,1638,121,573287,1260,1,545332,0,572155,0,1,0,0
62,13,2,32,1,1,2,1,0,1,684153,1618316,1638,242,683911,1260,1,654363,0,683039,0,1,0,0
62,13,2,32,1,1,3,1,1,2,994469,1618316,1638,364,994105,1260,1,965188,0,992965,0,1,0,0
62,13,2,32,1,1,4,1,2,3,1142166,1618316,1638,484,1141682,1260,1,1115282,0,1141243,0,1,0,0
62,13,2,32,1,1,5,1,3,4,1142319,1618316,1638,611,1141708,1260,1,1116122,0,1141273,0,1,0,0
62,13,2,32,1,1,6,2,0,2,1155223,1618316,1638,736,1154487,1260,1,1125303,0,1153409,0,1,0,0
62,13,2,32,1,1,7,2,1,3,1538895,1618316,1638,862,1538033,1260,1,1515686,0,1537497,0,1,0,0
62,13,2,32,1,1,8,2,2,4,1617862,1618316,1638,1003,1616859,1260,1,1593494,0,1616612,0,1,0,0
62,13,2,32,1,1,9,2,3,5,1618002,1618316,1638,1130,1616872,1260,1,1590338,0,1616591,0,1,0,0
62,13,2,32,1,1,10,3,0,3,1536777,1618316,1638,1241,1535536,1260,1,1509311,0,1534781,0,1,0,0
62,13,2,32,1,1,11,3,1,4,1618149,1618316,1638,1381,1616768,1260,1,1589193,0,1616085,0,1,0,0
62,13,2,32,1,1,12,3,2,5,1618289,1618316,1638,1492,1616797,1260,1,1588596,0,1616078,0,1,0,0
63,13,3,32,1,1,0,0,2,2,572016,1619080,1618,7,572009,1259,1,542487,0,571168,0,1,0,0
63,13,3,32,1,1,1,0,3,3,572165,1619080,1618,121,572044,1259,1,544709,0,571354,0,1,0,0
63,13,3,32,1,1,2,1,0,1,687581,1619080,1618,242,687339,1259,1,657287,0,685963,0,1,0,0
63,13,3,32,1,1,3,1,1,2,997122,1619080,1618,364,996758,1259,1,967843,0,995573,0,1,0,0
63,13,3,32,1,1,4,1,2,3,1144681,1619080,1618,484,1144197,1259,1,1117454,0,1143385,0,1,0,0
63,13,3,32,1,1,5,1,3,4,1144829,1619080,1618,633,1144196,1259,1,1118027,0,1143414,0,1,0,0
63,13,3,32,1,1,6,2,0,2,1154574,1619080,1618,770,1153804,1259,1,1124822,0,1153080,0,1,0,0
63,13,3,32,1,1,7,2,1,3,1542169,1619080,1618,881,1541288,1259,1,1517802,0,1540221,0,1,0,0
63,13,3,32,1,1,8,2,2,4,1618605,1619080,1618,1007,1617598,1259,1,1594652,0,1617202,0,1,0,0
63,13,3,32,1,1,9,2,3,5,1618763,1619080,1618,1128,1617635,1259,1,1590104,0,1617208,0,1,0,0
63,13,3,32,1,1,10,3,0,3,1541643,1619080,1618,1243,1540400,1259,1,1512963,0,1539455,0,1,0,0
63,13,3,32,1,1,11,3,1,4,1618913,1619080,1618,1356,1617557,1259,1,1589386,0,1617222,0,1,0,0
63,13,3,32,1,1,12,3,2,5,1619053,1619080,1618,1496,1617557,1259,1,1590048,0,1617188,0,1,0,0
64,1,1,64,1,1,0,0,2,2,198624,198646,121,7,198617,1071,1,184071,0,198416,0,1,0,0
65,1,2,64,1,1,0,0,2,2,198762,198784,121,7,198755,1071,1,184205,0,198550,0,1,0,0
66,1,3,64,1,1,0,0,2,2,198759,198781,121,7,198752,1071,1,184206,0,198551,0,1,0,0
67,2,1,64,1,1,0,0,2,2,228012,228184,264,7,228005,722,1,213459,0,227804,0,1,0,0
67,2,1,64,1,1,1,0,3,3,228157,228184,264,126,228031,722,1,213384,0,227729,0,1,0,0
68,2,2,64,1,1,0,0,2,2,242556,242725,262,7,242549,741,1,227852,0,242197,0,1,0,0
68,2,2,64,1,1,1,0,3,3,242698,242725,262,126,242572,741,1,227779,0,242124,0,1,0,0
69,2,3,64,1,1,0,0,2,2,233843,234012,264,7,233836,727,1,219224,0,233569,0,1,0,0
69,2,3,64,1,1,1,0,3,3,233985,234012,264,126,233859,727,1,219149,0,233494,0,1,0,0
70,4,1,64,1,1,0,0,2,2,437220,437690,525,7,437213,688,1,422266,0,436611,0,1,0,0
70,4,1,64,1,1,1,0,3,3,437363,437690,525,121,437242,688,1,427399,0,436734,0,1,0,0
70,4,1,64,1,1,2,1,0,1,437500,437690,525,258,437242,688,1,422320,0,436665,0,1,0,0
70,4,1,64,1,1,3,1,1,2,437663,437690,525,394,437269,688,1,422253,0,436598,0,1,0,0
71,4,2,64,1,1,0,0,2,2,437098,437545,512,7,437091,688,1,422264,0,436609,0,1,0,0
71,4,2,64,1,1,1,0,3,3,437244,437545,512,121,437123,688,1,427375,0,436715,0,1,0,0
71,4,2,64,1,1,2,1,0,1,437381,437545,512,258,437123,688,1,422323,0,436668,0,1,0,0
71,4,2,64,1,1,3,1,1,2,437518,437545,512,381,437137,688,1,422255,0,436600,0,1,0,0
72,4,3,64,1,1,0,0,2,2,437373,437822,516,7,437366,689,1,422539,0,436884,0,1,0,0
72,4,3,64,1,1,1,0,3,3,437519,437822,516,121,437398,689,1,427654,0,436999,0,1,0,0
72,4,3,64,1,1,2,1,0,1,437657,437822,516,258,437399,689,1,422597,0,436942,0,1,0,0
72,4,3,64,1,1,3,1,1,2,437795,437822,516,381,437414,689,1,422525,0,436870,0,1,0,0
73,6,1,64,1,1,0,0,2,2,482272,657361,775,7,482265,905,1,467501,0,481836,0,1,0,0
73,6,1,64,1,1,1,0,3,3,482425,657361,775,121,482304,905,1,469657,0,481957,0,1,0,0
73,6,1,64,1,1,2,1,0,1,482614,657361,775,263,482351,905,1,467648,0,481993,0,1,0,0
73,6,1,64,1,1,3,1,1,2,607057,657361,775,381,606676,905,1,592292,0,606492,0,1,0,0
73,6,1,64,1,1,4,1,2,3,657325,657361,775,506,656819,905,1,642357,0,656327,0,1,0,0
73,6,1,64,1,1,5,1,3,4,657133,657361,775,658,656475,905,1,641928,0,656273,0,1,0,0
74,6,2,64,1,1,0,0,2,2,470974,650914,791,7,470967,920,1,456533,0,470653,0,1,0,0
74,6,2,64,1,1,1,0,3,3,471138,650914,791,121,471017,920,1,456428,0,470773,0,1,0,0
74,6,2,64,1,1,2,1,0,1,471953,650914,791,258,471695,920,1,456656,0,471001,0,1,0,0
74,6,2,64,1,1,3,1,1,2,585204,650914,791,381,584823,920,1,570215,0,584550,0,1,0,0
74,6,2,64,1,1,4,1,2,3,650747,650914,791,506,650241,920,1,635932,0,650027,0,1,0,0
74,6,2,64,1,1,5,1,3,4,650887,650914,791,631,650256,920,1,635586,0,649931,0,1,0,0
75,6,3,64,1,1,0,0,2,2,471313,636641,795,7,471306,875,1,456209,0,470299,0,1,0,0
75,6,3,64,1,1,1,0,3,3,471489,636641,795,121,471368,875,1,456082,0,470427,0,1,0,0
75,6,3,64,1,1,2,1,0,1,471672,636641,795,258,471414,875,1,456283,0,470628,0,1,0,0
75,6,3,64,1,1,3,1,1,2,595693,636641,795,383,595310,875,1,581191,0,595126,0,1,0,0
75,6,3,64,1,1,4,1,2,3,636477,636641,795,508,635969,875,1,621217,0,635562,0,1,0,0
75,6,3,64,1,1,5,1,3,4,636614,636641,795,635,635979,875,1,621167,0,635512,0,1,0,0
76,8,1,64,1,1,0,0,2,2,478313,871998,1070,7,478306,979,1,463714,0,477289,0,1,0,0
76,8,1,64,1,1,1,0,3,3,478495,871998,1070,121,478374,979,1,463501,0,477541,0,1,0,0
76,8,1,64,1,1,2,1,0,1,601421,871998,1070,258,601163,979,1,585905,0,600250,0,1,0,0
76,8,1,64,1,1,3,1,1,2,787323,871998,1070,381,786942,979,1,772193,0,786493,0,1,0,0
76,8,1,64,1,1,4,1,2,3,871809,871998,1070,506,871303,979,1,857355,0,871005,0,1,0,0
76,8,1,64,1,1,5,1,3,4,871946,871998,1070,658,871288,979,1,856771,0,870951,0,1,0,0
76,8,1,64,1,1,6,2,0,2,774267,871998,1070,769,773498,979,1,758590,0,772930,0,1,0,0
76,8,1,64,1,1,7,2,1,3,774437,871998,1070,921,773516,979,1,758916,0,772961,0,1,0,0
77,8,2,64,1,1,0,0,2,2,478045,871690,1061,7,478038,981,1,463920,0,477585,0,1,0,0
77,8,2,64,1,1,1,0,3,3,478199,871690,1061,121,478078,981,1,463813,0,477885,0,1,0,0
77,8,2,64,1,1,2,1,0,1,600249,871690,1061,258,599991,981,1,584676,0,599021,0,1,0,0
77,8,2,64,1,1,3,1,1,2,787058,871690,1061,381,786677,981,1,771733,0,786038,0,1,0,0
77,8,2,64,1,1,4,1,2,3,871636,871690,1061,520,871116,981,1,856971,0,870601,0,1,0,0
77,8,2,64,1,1,5,1,3,4,871427,871690,1061,672,870755,981,1,856253,0,870548,0,1,0,0
77,8,2,64,1,1,6,2,0,2,773561,871690,1061,783,772778,981,1,758130,0,772470,0,1,0,0
77,8,2,64,1,1,7,2,1,3,773720,871690,1061,935,772785,981,1,758461,0,772506,0,1,0,0
78,8,3,64,1,1,0,0,2,2,478971,872163,1056,7,478964,980,1,464758,0,478353,0,1,0,0
78,8,3,64,1,1,1,0,3,3,479156,872163,1056,121,479035,980,1,464419,0,478499,0,1,0,0
78,8,3,64,1,1,2,1,0,1,596806,872163,1056,258,596548,980,1,582029,0,596374,0,1,0,0
78,8,3,64,1,1,3,1,1,2,784744,872163,1056,381,784363,980,1,769522,0,783867,0,1,0,0
78,8,3,64,1,1,4,1,2,3,871974,872163,1056,506,871468,980,1,857573,0,871168,0,1,0,0
78,8,3,64,1,1,5,1,3,4,872111,872163,1056,658,871453,980,1,857000,0,871115,0,1,0,0
78,8,3,64,1,1,6,2,0,2,772751,872163,1056,769,771982,980,1,757266,0,771606,0,1,0,0
78,8,3,64,1,1,7,2,1,3,772921,872163,1056,930,771991,980,1,757545,0,771595,0,1,0,0
79,10,1,64,1,1,0,0,2,2,496972,1069429,1333,7,496965,1043,1,482077,0,495747,0,1,0,0
79,10,1,64,1,1,1,0,3,3,497128,1069429,1333,121,497007,1043,1,481680,0,495861,0,1,0,0
79,10,1,64,1,1,2,1,0,1,575870,1069429,1333,258,575612,1043,1,560252,0,574597,0,1,0,0
79,10,1,64,1,1,3,1,1,2,816956,1069429,1333,381,816575,1043,1,801322,0,815567,0,1,0,0
79,10,1,64,1,1,4,1,2,3,965519,1069429,1333,506,965013,1043,1,951171,0,964801,0,1,0,0
79,10,1,64,1,1,5,1,3,4,965671,1069429,1333,658,965013,1043,1,950528,0,964792,0,1,0,0
79,10,1,64,1,1,6,2,0,2,814446,1069429,1333,769,813677,1043,1,798979,0,813099,0,1,0,0
79,10,1,64,1,1,7,2,1,3,985897,1069429,1333,921,984976,1043,1,970614,0,984726,0,1,0,0
79,10,1,64,1,1,8,2,2,4,1069263,1069429,1333,1041,1068222,1043,1,1053560,0,1067755,0,1,0,0
79,10,1,64,1,1,9,2,3,5,1069402,1069429,1333,1184,1068218,1043,1,1053521,0,1067820,0,1,0,0
80,10,2,64,1,1,0,0,2,2,497404,1069994,1295,7,497397,1047,1,483223,0,496933,0,1,0,0
80,10,2,64,1,1,1,0,3,3,497558,1069994,1295,121,497437,1047,1,482985,0,497190,0,1,0,0
80,10,2,64,1,1,2,1,0,1,575947,1069994,1295,258,575689,1047,1,560844,0,575189,0,1,0,0
80,10,2,64,1,1,3,1,1,2,815961,1069994,1295,381,815580,1047,1,800485,0,814785,0,1,0,0
80,10,2,64,1,1,4,1,2,3,965253,1069994,1295,506,964747,1047,1,950417,0,963968,0,1,0,0
80,10,2,64,1,1,5,1,3,4,965407,1069994,1295,675,964732,1047,1,949700,0,963966,0,1,0,0
80,10,2,64,1,1,6,2,0,2,813415,1069994,1295,786,812629,1047,1,798274,0,812314,0,1,0,0
80,10,2,64,1,1,7,2,1,3,986720,1069994,1295,938,985782,1047,1,971514,0,985603,0,1,0,0
80,10,2,64,1,1,8,2,2,4,1069829,1069994,1295,1058,1068771,1047,1,1054129,0,1068329,0,1,0,0
80,10,2,64,1,1,9,2,3,5,1069967,1069994,1295,1179,1068788,1047,1,1054123,0,1068425,0,1,0,0
81,10,3,64,1,1,0,0,2,2,495172,1071129,1355,7,495165,1045,1,480134,0,493799,0,1,0,0
81,10,3,64,1,1,1,0,3,3,495332,1071129,1355,121,495211,1045,1,479801,0,493959,0,1,0,0
81,10,3,64,1,1,2,1,0,1,576694,1071129,1355,279,576415,1045,1,560678,0,575023,0,1,0,0
81,10,3,64,1,1,3,1,1,2,817382,1071129,1355,429,816953,1045,1,801594,0,815874,0,1,0,0
81,10,3,64,1,1,4,1,2,3,965949,1071129,1355,559,965390,1045,1,951456,0,965081,0,1,0,0
81,10,3,64,1,1,5,1,3,4,966102,1071129,1355,711,965391,1045,1,950793,0,965056,0,1,0,0
81,10,3,64,1,1,6,2,0,2,816738,1071129,1355,836,815902,1045,1,801287,0,815422,0,1,0,0
81,10,3,64,1,1,7,2,1,3,988056,1071129,1355,955,987101,1045,1,972611,0,986757,0,1,0,0
81,10,3,64,1,1,8,2,2,4,1070965,1071129,1355,1108,1069857,1045,1,1055191,0,1069415,0,1,0,0
81,10,3,64,1,1,9,2,3,5,1071102,1071129,1355,1228,1069874,1045,1,1055205,0,1069499,0,1,0,0
82,13,1,64,1,1,0,0,2,2,496812,1371941,1801,7,496805,1018,1,481041,0,494851,0,1,0,0
82,13,1,64,1,1,1,0,3,3,496980,1371941,1801,122,496858,1018,1,480668,0,494993,0,1,0,0
82,13,1,64,1,1,2,1,0,1,563526,1371941,1801,276,563250,1018,1,548678,0,563023,0,1,0,0
82,13,1,64,1,1,3,1,1,2,812154,1371941,1801,399,811755,1018,1,796915,0,811090,0,1,0,0
82,13,1,64,1,1,4,1,2,3,977342,1371941,1801,524,976818,1018,1,962663,0,975823,0,1,0,0
82,13,1,64,1,1,5,1,3,4,977511,1371941,1801,676,976835,1018,1,961477,0,975774,0,1,0,0
82,13,1,64,1,1,6,2,0,2,943863,1371941,1801,787,943076,1018,1,928523,0,942648,0,1,0,0
82,13,1,64,1,1,7,2,1,3,1233728,1371941,1801,910,1232818,1018,1,1219454,0,1232167,0,1,0,0
82,13,1,64,1,1,8,2,2,4,1371747,1371941,1801,1035,1370712,1018,1,1355750,0,1370060,0,1,0,0
82,13,1,64,1,1,9,2,3,5,1371880,1371941,1801,1156,1370724,1018,1,1355708,0,1370053,0,1,0,0
82,13,1,64,1,1,10,3,0,3,1234210,1371941,1801,1309,1232901,1018,1,1218080,0,1231880,0,1,0,0
82,13,1,64,1,1,11,3,1,4,1371377,1371941,1801,1491,1369886,1018,1,1355362,0,1369667,0,1,0,0
82,13,1,64,1,1,12,3,2,5,1371524,1371941,1801,1646,1369878,1018,1,1355400,0,1369615,0,1,0,0
83,13,2,64,1,1,0,0,2,2,485657,1358747,1745,7,485650,1006,1,471111,0,484776,0,1,0,0
83,13,2,64,1,1,1,0,3,3,485806,1358747,1745,121,485685,1006,1,470651,0,484952,0,1,0,0
83,13,2,64,1,1,2,1,0,1,569275,1358747,1745,258,569017,1006,1,553378,0,567723,0,1,0,0
83,13,2,64,1,1,3,1,1,2,822151,1358747,1745,381,821770,1006,1,806836,0,820981,0,1,0,0
83,13,2,64,1,1,4,1,2,3,978357,1358747,1745,506,977851,1006,1,963981,0,977662,0,1,0,0
83,13,2,64,1,1,5,1,3,4,978498,1358747,1745,635,977863,1006,1,963282,0,977567,0,1,0,0
83,13,2,64,1,1,6,2,0,2,964483,1358747,1745,790,963693,1006,1,948775,0,963030,0,1,0,0
83,13,2,64,1,1,7,2,1,3,1220123,1358747,1745,910,1219213,1006,1,1205019,0,1218790,0,1,0,0
83,13,2,64,1,1,8,2,2,4,1358291,1358747,1745,1035,1357256,1006,1,1342267,0,1356582,0,1,0,0
83,13,2,64,1,1,9,2,3,5,1358429,1358747,1745,1186,1357243,1006,1,1342397,0,1356715,0,1,0,0
83,13,2,64,1,1,10,3,0,3,1220544,1358747,1745,1312,1219232,1006,1,1204325,0,1218552,0,1,0,0
83,13,2,64,1,1,11,3,1,4,1358576,1358747,1745,1465,1357111,1006,1,1342171,0,1356371,0,1,0,0
83,13,2,64,1,1,12,3,2,5,1358720,1358747,1745,1590,1357130,1006,1,1342096,0,1356339,0,1,0,0
84,13,3,64,1,1,0,0,2,2,495809,1371218,1735,7,495802,1016,1,481374,0,495189,0,1,0,0
84,13,3,64,1,1,1,0,3,3,495961,1371218,1735,121,495840,1016,1,481016,0,495351,0,1,0,0
84,13,3,64,1,1,2,1,0,1,564166,1371218,1735,258,563908,1016,1,549043,0,563388,0,1,0,0
84,13,3,64,1,1,3,1,1,2,811796,1371218,1735,381,811415,1016,1,796516,0,810686,0,1,0,0
84,13,3,64,1,1,4,1,2,3,977906,1371218,1735,506,977400,1016,1,962970,0,976133,0,1,0,0
84,13,3,64,1,1,5,1,3,4,978062,1371218,1735,658,977404,1016,1,961796,0,976078,0,1,0,0
84,13,3,64,1,1,6,2,0,2,942870,1371218,1735,769,942101,1016,1,926950,0,941110,0,1,0,0
84,13,3,64,1,1,7,2,1,3,1233461,1371218,1735,919,1232542,1016,1,1218933,0,1231658,0,1,0,0
84,13,3,64,1,1,8,2,2,4,1370743,1371218,1735,1039,1369704,1016,1,1354925,0,1369240,0,1,0,0
84,13,3,64,1,1,9,2,3,5,1370881,1371218,1735,1160,1369721,1016,1,1354921,0,1369266,0,1,0,0
84,13,3,64,1,1,10,3,0,3,1232907,1371218,1735,1303,1231604,1016,1,1217640,0,1231400,0,1,0,0
84,13,3,64,1,1,11,3,1,4,1371028,1371218,1735,1448,1369580,1016,1,1354636,0,1368941,0,1,0,0
84,13,3,64,1,1,12,3,2,5,1371191,1371218,1735,1580,1369611,1016,1,1354678,0,1368888,0,1,0,0
85,1,1,128,1,1,0,0,2,2,164762,164784,121,7,164755,1024,1,157352,0,164529,0,1,0,0
86,1,2,128,1,1,0,0,2,2,164748,164770,121,7,164741,1024,1,157363,0,164540,0,1,0,0
87,1,3,128,1,1,0,0,2,2,164752,164774,121,7,164745,1024,1,157367,0,164544,0,1,0,0
88,2,1,128,1,1,0,0,2,2,249496,249845,324,7,249489,513,1,242095,0,249272,0,1,0,0
88,2,1,128,1,1,1,0,3,3,249818,249845,324,126,249692,513,1,242234,0,249411,0,1,0,0
89,2,2,128,1,1,0,0,2,2,249434,249782,324,7,249427,513,1,242033,0,249210,0,1,0,0
89,2,2,128,1,1,1,0,3,3,249755,249782,324,126,249629,513,1,242172,0,249349,0,1,0,0
90,2,3,128,1,1,0,0,2,2,249466,249815,332,7,249459,513,1,242057,0,249234,0,1,0,0
90,2,3,128,1,1,1,0,3,3,249788,249815,332,134,249654,513,1,242196,0,249373,0,1,0,0
91,4,1,128,1,1,0,0,2,2,475813,476938,645,7,475806,616,1,468288,0,475465,0,1,0,0
91,4,1,128,1,1,1,0,3,3,476631,476938,645,124,476507,616,1,468549,0,475726,0,1,0,0
91,4,1,128,1,1,2,1,0,1,476774,476938,645,321,476453,616,1,468716,0,475893,0,1,0,0
91,4,1,128,1,1,3,1,1,2,476911,476938,645,512,476399,616,1,468709,0,475886,0,1,0,0
92,4,2,128,1,1,0,0,2,2,476268,476808,642,7,476261,617,1,468149,0,475326,0,1,0,0
92,4,2,128,1,1,1,0,3,3,476506,476808,642,121,476385,617,1,468407,0,475584,0,1,0,0
92,4,2,128,1,1,2,1,0,1,476644,476808,642,333,476311,617,1,468596,0,475773,0,1,0,0
92,4,2,128,1,1,3,1,1,2,476781,476808,642,509,476272,617,1,468590,0,475767,0,1,0,0
93,4,3,128,1,1,0,0,2,2,475829,476747,642,7,475822,614,1,468159,0,475336,0,1,0,0
93,4,3,128,1,1,1,0,3,3,476059,476747,642,121,475938,614,1,468458,0,475635,0,1,0,0
93,4,3,128,1,1,2,1,0,1,476711,476747,642,318,476393,614,1,468634,0,475811,0,1,0,0
93,4,3,128,1,1,3,1,1,2,476544,476747,642,509,476035,614,1,468628,0,475805,0,1,0,0
94,6,1,128,1,1,0,0,2,2,528516,721934,909,7,528509,811,1,520745,0,527922,0,1,0,0
94,6,1,128,1,1,1,0,3,3,529807,721934,909,121,529686,811,1,521388,0,528565,0,1,0,0
94,6,1,128,1,1,2,1,0,1,530051,721934,909,319,529732,811,1,521663,0,528840,0,1,0,0
94,6,1,128,1,1,3,1,1,2,641173,721934,909,509,640664,811,1,633018,0,640195,0,1,0,0
94,6,1,128,1,1,4,1,2,3,721898,721934,909,636,721262,811,1,713531,0,720708,0,1,0,0
94,6,1,128,1,1,5,1,3,4,721706,721934,909,768,720938,811,1,713516,0,720693,0,1,0,0
95,6,2,128,1,1,0,0,2,2,528820,722162,926,7,528813,812,1,521030,0,528207,0,1,0,0
95,6,2,128,1,1,1,0,3,3,530114,722162,926,140,529974,812,1,521674,0,528851,0,1,0,0
95,6,2,128,1,1,2,1,0,1,530356,722162,926,337,530019,812,1,521949,0,529126,0,1,0,0
95,6,2,128,1,1,3,1,1,2,640917,722162,926,528,640389,812,1,632981,0,640158,0,1,0,0
95,6,2,128,1,1,4,1,2,3,722126,722162,926,655,721471,812,1,713745,0,720922,0,1,0,0
95,6,2,128,1,1,5,1,3,4,721935,722162,926,785,721150,812,1,713731,0,720908,0,1,0,0
96,6,3,128,1,1,0,0,2,2,529712,722644,933,7,529705,812,1,521451,0,528628,0,1,0,0
96,6,3,128,1,1,1,0,3,3,529944,722644,933,121,529823,812,1,522098,0,529275,0,1,0,0
96,6,3,128,1,1,2,1,0,1,530178,722644,933,333,529845,812,1,522376,0,529553,0,1,0,0
96,6,3,128,1,1,3,1,1,2,641937,722644,933,524,641413,812,1,633673,0,640850,0,1,0,0
96,6,3,128,1,1,4,1,2,3,722479,722644,933,651,721828,812,1,714289,0,721466,0,1,0,0
96,6,3,128,1,1,5,1,3,4,722617,722644,933,783,721834,812,1,714266,0,721443,0,1,0,0
97,8,1,128,1,1,0,0,2,2,472952,954047,1174,7,472945,861,1,464512,0,471689,0,1,0,0
97,8,1,128,1,1,1,0,3,3,473174,954047,1174,121,473053,861,1,464754,0,471931,0,1,0,0
97,8,1,128,1,1,2,1,0,1,604650,954047,1174,329,604321,861,1,595812,0,602989,0,1,0,0
97,8,1,128,1,1,3,1,1,2,872776,954047,1174,520,872256,861,1,864849,0,872026,0,1,0,0
97,8,1,128,1,1,4,1,2,3,953993,954047,1174,647,953346,861,1,945598,0,952775,0,1,0,0
97,8,1,128,1,1,5,1,3,4,953781,954047,1174,779,953002,861,1,945574,0,952751,0,1,0,0
97,8,1,128,1,1,6,2,0,2,854568,954047,1174,923,853645,861,1,845788,0,852965,0,1,0,0
97,8,1,128,1,1,7,2,1,3,854802,954047,1174,1034,853768,861,1,845892,0,853069,0,1,0,0
98,8,2,128,1,1,0,0,2,2,471967,953364,1176,7,471960,860,1,464563,0,471740,0,1,0,0
98,8,2,128,1,1,1,0,3,3,473737,953364,1176,124,473613,860,1,464832,0,472009,0,1,0,0
98,8,2,128,1,1,2,1,0,1,604446,953364,1176,321,604125,860,1,595616,0,602793,0,1,0,0
98,8,2,128,1,1,3,1,1,2,872527,953364,1176,512,872015,860,1,864585,0,871762,0,1,0,0
98,8,2,128,1,1,4,1,2,3,953175,953364,1176,662,952513,860,1,944979,0,952156,0,1,0,0
98,8,2,128,1,1,5,1,3,4,953312,953364,1176,794,952518,860,1,944964,0,952141,0,1,0,0
98,8,2,128,1,1,6,2,0,2,854296,953364,1176,929,853367,860,1,845510,0,852687,0,1,0,0
98,8,2,128,1,1,7,2,1,3,854529,953364,1176,1040,853489,860,1,845617,0,852794,0,1,0,0
99,8,3,128,1,1,0,0,2,2,472287,953833,1155,7,472280,860,1,464303,0,471480,0,1,0,0
99,8,3,128,1,1,1,0,3,3,472532,953833,1155,121,472411,860,1,464580,0,471757,0,1,0,0
99,8,3,128,1,1,2,1,0,1,603612,953833,1155,318,603294,860,1,595599,0,602776,0,1,0,0
99,8,3,128,1,1,3,1,1,2,872551,953833,1155,509,872042,860,1,864634,0,871811,0,1,0,0
99,8,3,128,1,1,4,1,2,3,953779,953833,1155,636,953143,860,1,945398,0,952575,0,1,0,0
99,8,3,128,1,1,5,1,3,4,953570,953833,1155,768,952802,860,1,945383,0,952560,0,1,0,0
99,8,3,128,1,1,6,2,0,2,854228,953833,1155,903,853325,860,1,845574,0,852751,0,1,0,0
99,8,3,128,1,1,7,2,1,3,854447,953833,1155,1017,853430,860,1,845680,0,852857,0,1,0,0
100,10,1,128,1,1,0,0,2,2,506443,1181764,1452,7,506436,906,1,498926,0,506103,0,1,0,0
100,10,1,128,1,1,1,0,3,3,508649,1181764,1452,121,508528,906,1,499163,0,506340,0,1,0,0
100,10,1,128,1,1,2,1,0,1,622011,1181764,1452,342,621669,906,1,613186,0,620363,0,1,0,0
100,10,1,128,1,1,3,1,1,2,909085,1181764,1452,533,908552,906,1,900170,0,907347,0,1,0,0
100,10,1,128,1,1,4,1,2,3,1076781,1181764,1452,660,1076121,906,1,1068366,0,1075543,0,1,0,0
100,10,1,128,1,1,5,1,3,4,1076997,1181764,1452,792,1076205,906,1,1068451,0,1075628,0,1,0,0
100,10,1,128,1,1,6,2,0,2,903122,1181764,1452,936,902186,906,1,893637,0,900814,0,1,0,0
100,10,1,128,1,1,7,2,1,3,1102848,1181764,1452,1047,1101801,906,1,1093927,0,1101104,0,1,0,0
100,10,1,128,1,1,8,2,2,4,1181728,1181764,1452,1179,1180549,906,1,1172797,0,1179974,0,1,0,0
100,10,1,128,1,1,9,2,3,5,1181499,1181764,1452,1295,1180204,906,1,1172766,0,1179943,0,1,0,0
101,10,2,128,1,1,0,0,2,2,508127,1181725,1408,7,508120,907,1,498654,0,505831,0,1,0,0
101,10,2,128,1,1,1,0,3,3,508375,1181725,1408,121,508254,907,1,498933,0,506110,0,1,0,0
101,10,2,128,1,1,2,1,0,1,621432,1181725,1408,318,621114,907,1,612974,0,620151,0,1,0,0
101,10,2,128,1,1,3,1,1,2,909117,1181725,1408,509,908608,907,1,900216,0,907393,0,1,0,0
101,10,2,128,1,1,4,1,2,3,1076444,1181725,1408,636,1075808,907,1,1068394,0,1075571,0,1,0,0
101,10,2,128,1,1,5,1,3,4,1076675,1181725,1408,768,1075907,907,1,1068488,0,1075665,0,1,0,0
101,10,2,128,1,1,6,2,0,2,903171,1181725,1408,903,902268,907,1,893739,0,900916,0,1,0,0
101,10,2,128,1,1,7,2,1,3,1102358,1181725,1408,1014,1101344,907,1,1093934,0,1101111,0,1,0,0
101,10,2,128,1,1,8,2,2,4,1181689,1181725,1408,1148,1180541,907,1,1172790,0,1179967,0,1,0,0
101,10,2,128,1,1,9,2,3,5,1181460,1181725,1408,1264,1180196,907,1,1172773,0,1179950,0,1,0,0
102,10,3,128,1,1,0,0,2,2,506429,1181396,1445,7,506422,906,1,498771,0,505948,0,1,0,0
102,10,3,128,1,1,1,0,3,3,506664,1181396,1445,121,506543,906,1,499045,0,506222,0,1,0,0
102,10,3,128,1,1,2,1,0,1,621731,1181396,1445,335,621396,906,1,612906,0,620083,0,1,0,0
102,10,3,128,1,1,3,1,1,2,908784,1181396,1445,526,908258,906,1,899965,0,907142,0,1,0,0
102,10,3,128,1,1,4,1,2,3,1077076,1181396,1445,653,1076423,906,1,1068231,0,1075408,0,1,0,0
102,10,3,128,1,1,5,1,3,4,1077307,1181396,1445,785,1076522,906,1,1068316,0,1075493,0,1,0,0
102,10,3,128,1,1,6,2,0,2,902799,1181396,1445,929,901870,906,1,893457,0,900634,0,1,0,0
102,10,3,128,1,1,7,2,1,3,1102471,1181396,1445,1040,1101431,906,1,1093786,0,1100963,0,1,0,0
102,10,3,128,1,1,8,2,2,4,1181232,1181396,1445,1172,1180060,906,1,1172538,0,1179715,0,1,0,0
102,10,3,128,1,1,9,2,3,5,1181369,1181396,1445,1288,1180081,906,1,1172507,0,1179684,0,1,0,0
103,13,1,128,1,1,0,0,2,2,507376,1527679,1778,7,507369,873,1,499169,0,506346,0,1,0,0
103,13,1,128,1,1,1,0,3,3,507603,1527679,1778,129,507474,873,1,499417,0,506594,0,1,0,0
103,13,1,128,1,1,2,1,0,1,621905,1527679,1778,326,621579,873,1,613544,0,620721,0,1,0,0
103,13,1,128,1,1,3,1,1,2,907301,1527679,1778,517,906784,873,1,899153,0,906330,0,1,0,0
103,13,1,128,1,1,4,1,2,3,1088580,1527679,1778,644,1087936,873,1,1080297,0,1087474,0,1,0,0
103,13,1,128,1,1,5,1,3,4,1088818,1527679,1778,774,1088044,873,1,1080389,0,1087566,0,1,0,0
103,13,1,128,1,1,6,2,0,2,1076423,1527679,1778,909,1075514,873,1,1068120,0,1075297,0,1,0,0
103,13,1,128,1,1,7,2,1,3,1371491,1527679,1778,1020,1370471,873,1,1362478,0,1369655,0,1,0,0
103,13,1,128,1,1,8,2,2,4,1527212,1527679,1778,1152,1526060,873,1,1518316,0,1525493,0,1,0,0
103,13,1,128,1,1,9,2,3,5,1527351,1527679,1778,1268,1526083,873,1,1518421,0,1525598,0,1,0,0
103,13,1,128,1,1,10,3,0,3,1372171,1527679,1778,1394,1370777,873,1,1362227,0,1369404,0,1,0,0
103,13,1,128,1,1,11,3,1,4,1527512,1527679,1778,1521,1525991,873,1,1518063,0,1525240,0,1,0,0
103,13,1,128,1,1,12,3,2,5,1527652,1527679,1778,1640,1526012,873,1,1518155,0,1525332,0,1,0,0
104,13,2,128,1,1,0,0,2,2,507814,1528071,1768,7,507807,872,1,498908,0,506085,0,1,0,0
104,13,2,128,1,1,1,0,3,3,508037,1528071,1768,121,507916,872,1,499156,0,506333,0,1,0,0
104,13,2,128,1,1,2,1,0,1,623235,1528071,1768,318,622917,872,1,613512,0,620689,0,1,0,0
104,13,2,128,1,1,3,1,1,2,907958,1528071,1768,509,907449,872,1,899167,0,906344,0,1,0,0
104,13,2,128,1,1,4,1,2,3,1089308,1528071,1768,636,1088672,872,1,1080564,0,1087741,0,1,0,0
104,13,2,128,1,1,5,1,3,4,1089531,1528071,1768,768,1088763,872,1,1080656,0,1087833,0,1,0,0
104,13,2,128,1,1,6,2,0,2,1077127,1528071,1768,903,1076224,872,1,1068354,0,1075531,0,1,0,0
104,13,2,128,1,1,7,2,1,3,1372301,1528071,1768,1015,1371286,872,1,1362991,0,1370168,0,1,0,0
104,13,2,128,1,1,8,2,2,4,1527876,1528071,1768,1144,1526732,872,1,1518747,0,1525924,0,1,0,0
104,13,2,128,1,1,9,2,3,5,1528010,1528071,1768,1259,1526751,872,1,1518850,0,1526027,0,1,0,0
104,13,2,128,1,1,10,3,0,3,1371639,1528071,1768,1386,1370253,872,1,1362740,0,1369917,0,1,0,0
104,13,2,128,1,1,11,3,1,4,1527409,1528071,1768,1513,1525896,872,1,1518493,0,1525670,0,1,0,0
104,13,2,128,1,1,12,3,2,5,1527637,1528071,1768,1632,1526005,872,1,1518586,0,1525763,0,1,0,0
105,13,3,128,1,1,0,0,2,2,507374,1528523,1783,7,507367,872,1,498816,0,505993,0,1,0,0
105,13,3,128,1,1,1,0,3,3,507619,1528523,1783,121,507498,872,1,499076,0,506253,0,1,0,0
105,13,3,128,1,1,2,1,0,1,622370,1528523,1783,318,622052,872,1,613570,0,620747,0,1,0,0
105,13,3,128,1,1,3,1,1,2,907635,1528523,1783,509,907126,872,1,898817,0,905994,0,1,0,0
105,13,3,128,1,1,4,1,2,3,1089560,1528523,1783,650,1088910,872,1,1080436,0,1087613,0,1,0,0
105,13,3,128,1,1,5,1,3,4,1089791,1528523,1783,782,1089009,872,1,1080527,0,1087704,0,1,0,0
105,13,3,128,1,1,6,2,0,2,1077556,1528523,1783,917,1076639,872,1,1068206,0,1075383,0,1,0,0
105,13,3,128,1,1,7,2,1,3,1372383,1528523,1783,1028,1371355,872,1,1363367,0,1370544,0,1,0,0
105,13,3,128,1,1,8,2,2,4,1528071,1528523,1783,1158,1526913,872,1,1519169,0,1526346,0,1,0,0
105,13,3,128,1,1,9,2,3,5,1528209,1528523,1783,1274,1526935,872,1,1519272,0,1526449,0,1,0,0
105,13,3,128,1,1,10,3,0,3,1373065,1528523,1783,1401,1371664,872,1,1363116,0,1370293,0,1,0,0
105,13,3,128,1,1,11,3,1,4,1528356,1528523,1783,1528,1526828,872,1,1518915,0,1526092,0,1,0,0
105,13,3,128,1,1,12,3,2,5,1528496,1528523,1783,1647,1526849,872,1,1519008,0,1526185,0,1,0,0
106,1,1,256,1,1,0,0,2,2,148296,148318,121,7,148289,512,1,144495,0,148088,0,1,0,0
107,1,2,256,1,1,0,0,2,2,148315,148337,121,7,148308,512,1,144514,0,148107,0,1,0,0
108,1,3,256,1,1,0,0,2,2,148301,148323,121,7,148294,512,1,144500,0,148093,0,1,0,0
109,2,1,256,1,1,0,0,2,2,255214,255820,459,7,255207,512,1,251397,0,254990,0,1,0,0
109,2,1,256,1,1,1,0,3,3,255793,255820,459,126,255667,512,1,251657,0,255250,0,1,0,0
110,2,2,256,1,1,0,0,2,2,255290,255894,465,7,255283,512,1,251473,0,255066,0,1,0,0
110,2,2,256,1,1,1,0,3,3,255867,255894,465,126,255741,512,1,251727,0,255320,0,1,0,0
111,2,3,256,1,1,0,0,2,2,255239,255843,452,7,255232,512,1,251422,0,255015,0,1,0,0
111,2,3,256,1,1,1,0,3,3,255816,255843,452,126,255690,512,1,251688,0,255281,0,1,0,0
112,4,1,256,1,1,0,0,2,2,507462,509512,1026,7,507455,512,1,503645,0,507238,0,1,0,0
112,4,1,256,1,1,1,0,3,3,508470,509512,1026,121,508349,512,1,504326,0,507919,0,1,0,0
112,4,1,256,1,1,2,1,0,1,509232,509512,1026,446,508786,512,1,504770,0,508363,0,1,0,0
112,4,1,256,1,1,3,1,1,2,509485,509512,1026,765,508720,512,1,504765,0,508358,0,1,0,0
113,4,2,256,1,1,0,0,2,2,507583,509609,1026,7,507576,512,1,503766,0,507359,0,1,0,0
113,4,2,256,1,1,1,0,3,3,508567,509609,1026,121,508446,512,1,504423,0,508016,0,1,0,0
113,4,2,256,1,1,2,1,0,1,509332,509609,1026,446,508886,512,1,504867,0,508460,0,1,0,0
113,4,2,256,1,1,3,1,1,2,509582,509609,1026,765,508817,512,1,504862,0,508455,0,1,0,0
114,4,3,256,1,1,0,0,2,2,507591,509617,1026,7,507584,512,1,503774,0,507367,0,1,0,0
114,4,3,256,1,1,1,0,3,3,508575,509617,1026,121,508454,512,1,504431,0,508024,0,1,0,0
114,4,3,256,1,1,2,1,0,1,509337,509617,1026,446,508891,512,1,504875,0,508468,0,1,0,0
114,4,3,256,1,1,3,1,1,2,509590,509617,1026,765,508825,512,1,504870,0,508463,0,1,0,0
115,6,1,256,1,1,0,0,2,2,556937,761854,1559,7,556930,704,1,552614,0,556207,0,1,0,0
115,6,1,256,1,1,1,0,3,3,558448,761854,1559,121,558327,704,1,553287,0,556880,0,1,0,0
115,6,1,256,1,1,2,1,0,1,559693,761854,1559,446,559247,704,1,554732,0,558325,0,1,0,0
115,6,1,256,1,1,3,1,1,2,677512,761854,1559,765,676747,704,1,672795,0,676388,0,1,0,0
115,6,1,256,1,1,4,1,2,3,761575,761854,1559,1020,760555,704,1,756592,0,760185,0,1,0,0
115,6,1,256,1,1,5,1,3,4,761827,761854,1559,1283,760544,704,1,756571,0,760164,0,1,0,0
116,6,2,256,1,1,0,0,2,2,556929,761818,1550,7,556922,704,1,552606,0,556199,0,1,0,0
116,6,2,256,1,1,1,0,3,3,558443,761818,1550,121,558322,704,1,553282,0,556875,0,1,0,0
116,6,2,256,1,1,2,1,0,1,559688,761818,1550,446,559242,704,1,554727,0,558320,0,1,0,0
116,6,2,256,1,1,3,1,1,2,677490,761818,1550,765,676725,704,1,672773,0,676366,0,1,0,0
116,6,2,256,1,1,4,1,2,3,761538,761818,1550,1020,760518,704,1,756560,0,760153,0,1,0,0
116,6,2,256,1,1,5,1,3,4,761791,761818,1550,1280,760511,704,1,756544,0,760137,0,1,0,0
117,6,3,256,1,1,0,0,2,2,556894,761837,1566,7,556887,704,1,552562,0,556155,0,1,0,0
117,6,3,256,1,1,1,0,3,3,558378,761837,1566,121,558257,704,1,553234,0,556827,0,1,0,0
117,6,3,256,1,1,2,1,0,1,559622,761837,1566,446,559176,704,1,554661,0,558254,0,1,0,0
117,6,3,256,1,1,3,1,1,2,677502,761837,1566,765,676737,704,1,672786,0,676379,0,1,0,0
117,6,3,256,1,1,4,1,2,3,761556,761837,1566,1020,760536,704,1,756579,0,760172,0,1,0,0
117,6,3,256,1,1,5,1,3,4,761810,761837,1566,1280,760530,704,1,756547,0,760140,0,1,0,0
118,8,1,256,1,1,0,0,2,2,507179,1015506,2054,7,507172,758,1,502616,0,506209,0,1,0,0
118,8,1,256,1,1,1,0,3,3,507426,1015506,2054,121,507305,758,1,503279,0,506872,0,1,0,0
118,8,1,256,1,1,2,1,0,1,648321,1015506,2054,446,647875,758,1,642623,0,646216,0,1,0,0
118,8,1,256,1,1,3,1,1,2,931655,1015506,2054,765,930890,758,1,926436,0,930029,0,1,0,0
118,8,1,256,1,1,4,1,2,3,1015201,1015506,2054,1020,1014181,758,1,1010223,0,1013816,0,1,0,0
118,8,1,256,1,1,5,1,3,4,1015454,1015506,2054,1280,1014174,758,1,1010204,0,1013797,0,1,0,0
118,8,1,256,1,1,6,2,0,2,911064,1015506,2054,1547,909517,758,1,905329,0,908922,0,1,0,0
118,8,1,256,1,1,7,2,1,3,911309,1015506,2054,1788,909521,758,1,905562,0,909155,0,1,0,0
119,8,2,256,1,1,0,0,2,2,507386,1015671,2050,7,507379,758,1,502821,0,506414,0,1,0,0
119,8,2,256,1,1,1,0,3,3,507632,1015671,2050,121,507511,758,1,503486,0,507079,0,1,0,0
119,8,2,256,1,1,2,1,0,1,648463,1015671,2050,446,648017,758,1,642772,0,646365,0,1,0,0
119,8,2,256,1,1,3,1,1,2,931844,1015671,2050,765,931079,758,1,926628,0,930221,0,1,0,0
119,8,2,256,1,1,4,1,2,3,1015349,1015671,2050,1020,1014329,758,1,1010371,0,1013964,0,1,0,0
119,8,2,256,1,1,5,1,3,4,1015619,1015671,2050,1280,1014339,758,1,1010356,0,1013949,0,1,0,0
119,8,2,256,1,1,6,2,0,2,911234,1015671,2050,1543,909691,758,1,905503,0,909096,0,1,0,0
119,8,2,256,1,1,7,2,1,3,911487,1015671,2050,1784,909703,758,1,905736,0,909329,0,1,0,0
120,8,3,256,1,1,0,0,2,2,507181,1015508,2048,7,507174,758,1,502618,0,506211,0,1,0,0
120,8,3,256,1,1,1,0,3,3,507428,1015508,2048,121,507307,758,1,503281,0,506874,0,1,0,0
120,8,3,256,1,1,2,1,0,1,648323,1015508,2048,446,647877,758,1,642625,0,646218,0,1,0,0
120,8,3,256,1,1,3,1,1,2,931657,1015508,2048,765,930892,758,1,926438,0,930031,0,1,0,0
120,8,3,256,1,1,4,1,2,3,1015203,1015508,2048,1020,1014183,758,1,1010224,0,1013817,0,1,0,0
120,8,3,256,1,1,5,1,3,4,1015456,1015508,2048,1280,1014176,758,1,1010210,0,1013803,0,1,0,0
120,8,3,256,1,1,6,2,0,2,911066,1015508,2048,1543,909523,758,1,905337,0,908930,0,1,0,0
120,8,3,256,1,1,7,2,1,3,911311,1015508,2048,1782,909529,758,1,905570,0,909163,0,1,0,0
121,10,1,256,1,1,0,0,2,2,537167,1261852,2545,7,537160,814,1,532091,0,535684,0,1,0,0
121,10,1,256,1,1,1,0,3,3,539671,1261852,2545,121,539550,814,1,534032,0,537625,0,1,0,0
121,10,1,256,1,1,2,1,0,1,661201,1261852,2545,446,660755,814,1,656738,0,660331,0,1,0,0
121,10,1,256,1,1,3,1,1,2,970559,1261852,2545,765,969794,814,1,965123,0,968716,0,1,0,0
121,10,1,256,1,1,4,1,2,3,1150170,1261852,2545,1020,1149150,814,1,1144224,0,1147817,0,1,0,0
121,10,1,256,1,1,5,1,3,4,1150423,1261852,2545,1278,1149145,814,1,1144444,0,1148037,0,1,0,0
121,10,1,256,1,1,6,2,0,2,965148,1261852,2545,1541,963607,814,1,958204,0,961797,0,1,0,0
121,10,1,256,1,1,7,2,1,3,1178567,1261852,2545,1780,1176787,814,1,1172581,0,1176174,0,1,0,0
121,10,1,256,1,1,8,2,2,4,1261688,1261852,2545,2040,1259648,814,1,1255454,0,1259047,0,1,0,0
121,10,1,256,1,1,9,2,3,5,1261825,1261852,2545,2284,1259541,814,1,1255448,0,1259041,0,1,0,0
122,10,2,256,1,1,0,0,2,2,537486,1262184,2547,7,537479,814,1,532410,0,536003,0,1,0,0
122,10,2,256,1,1,1,0,3,3,539981,1262184,2547,121,539860,814,1,534326,0,537919,0,1,0,0
122,10,2,256,1,1,2,1,0,1,661549,1262184,2547,446,661103,814,1,657087,0,660680,0,1,0,0
122,10,2,256,1,1,3,1,1,2,970919,1262184,2547,765,970154,814,1,965480,0,969073,0,1,0,0
122,10,2,256,1,1,4,1,2,3,1150494,1262184,2547,1020,1149474,814,1,1144545,0,1148138,0,1,0,0
122,10,2,256,1,1,5,1,3,4,1150746,1262184,2547,1280,1149466,814,1,1144765,0,1148358,0,1,0,0
122,10,2,256,1,1,6,2,0,2,965523,1262184,2547,1543,963980,814,1,958577,0,962170,0,1,0,0
122,10,2,256,1,1,7,2,1,3,1178889,1262184,2547,1782,1177107,814,1,1172901,0,1176494,0,1,0,0
122,10,2,256,1,1,8,2,2,4,1262020,1262184,2547,2042,1259978,814,1,1255784,0,1259377,0,1,0,0
122,10,2,256,1,1,9,2,3,5,1262157,1262184,2547,2286,1259871,814,1,1255778,0,1259371,0,1,0,0
123,10,3,256,1,1,0,0,2,2,537350,1261910,2568,7,537343,814,1,532274,0,535867,0,1,0,0
123,10,3,256,1,1,1,0,3,3,539854,1261910,2568,121,539733,814,1,534197,0,537790,0,1,0,0
123,10,3,256,1,1,2,1,0,1,661383,1261910,2568,453,660930,814,1,656914,0,660507,0,1,0,0
123,10,3,256,1,1,3,1,1,2,970714,1261910,2568,772,969942,814,1,965271,0,968864,0,1,0,0
123,10,3,256,1,1,4,1,2,3,1150318,1261910,2568,1027,1149291,814,1,1144360,0,1147953,0,1,0,0
123,10,3,256,1,1,5,1,3,4,1150571,1261910,2568,1287,1149284,814,1,1144581,0,1148174,0,1,0,0
123,10,3,256,1,1,6,2,0,2,965319,1261910,2568,1550,963769,814,1,958366,0,961959,0,1,0,0
123,10,3,256,1,1,7,2,1,3,1178699,1261910,2568,1789,1176910,814,1,1172689,0,1176282,0,1,0,0
123,10,3,256,1,1,8,2,2,4,1261745,1261910,2568,2063,1259682,814,1,1255486,0,1259079,0,1,0,0
123,10,3,256,1,1,9,2,3,5,1261883,1261910,2568,2307,1259576,814,1,1255480,0,1259073,0,1,0,0
124,13,1,256,1,1,0,0,2,2,540651,1636877,3325,7,540644,805,1,534382,0,537975,0,1,0,0
124,13,1,256,1,1,1,0,3,3,540906,1636877,3325,121,540785,805,1,535031,0,538624,0,1,0,0
124,13,1,256,1,1,2,1,0,1,661440,1636877,3325,446,660994,805,1,656243,0,659836,0,1,0,0
124,13,1,256,1,1,3,1,1,2,970815,1636877,3325,765,970050,805,1,963904,0,967497,0,1,0,0
124,13,1,256,1,1,4,1,2,3,1163225,1636877,3325,1020,1162205,805,1,1157763,0,1161356,0,1,0,0
124,13,1,256,1,1,5,1,3,4,1163493,1636877,3325,1280,1162213,805,1,1157981,0,1161574,0,1,0,0
124,13,1,256,1,1,6,2,0,2,1151808,1636877,3325,1545,1150263,805,1,1145837,0,1149430,0,1,0,0
124,13,1,256,1,1,7,2,1,3,1470693,1636877,3325,1786,1468907,805,1,1463968,0,1467561,0,1,0,0
124,13,1,256,1,1,8,2,2,4,1636551,1636877,3325,2046,1634505,805,1,1629822,0,1633415,0,1,0,0
124,13,1,256,1,1,9,2,3,5,1636693,1636877,3325,2290,1634403,805,1,1630065,0,1633658,0,1,0,0
124,13,1,256,1,1,10,3,0,3,1469964,1636877,3325,2545,1467419,805,1,1463462,0,1467055,0,1,0,0
124,13,1,256,1,1,11,3,1,4,1636080,1636877,3325,2800,1633280,805,1,1629312,0,1632905,0,1,0,0
124,13,1,256,1,1,12,3,2,5,1636850,1636877,3325,3047,1633803,805,1,1629531,0,1633124,0,1,0,0
125,13,2,256,1,1,0,0,2,2,540727,1636875,3309,7,540720,805,1,534422,0,538015,0,1,0,0
125,13,2,256,1,1,1,0,3,3,540976,1636875,3309,121,540855,805,1,535082,0,538675,0,1,0,0
125,13,2,256,1,1,2,1,0,1,661377,1636875,3309,446,660931,805,1,656178,0,659771,0,1,0,0
125,13,2,256,1,1,3,1,1,2,970821,1636875,3309,765,970056,805,1,963913,0,967506,0,1,0,0
125,13,2,256,1,1,4,1,2,3,1163247,1636875,3309,1020,1162227,805,1,1157784,0,1161377,0,1,0,0
125,13,2,256,1,1,5,1,3,4,1163494,1636875,3309,1280,1162214,805,1,1158004,0,1161597,0,1,0,0
125,13,2,256,1,1,6,2,0,2,1151805,1636875,3309,1543,1150262,805,1,1145839,0,1149432,0,1,0,0
125,13,2,256,1,1,7,2,1,3,1470717,1636875,3309,1782,1468935,805,1,1463998,0,1467591,0,1,0,0
125,13,2,256,1,1,8,2,2,4,1636553,1636875,3309,2042,1634511,805,1,1629825,0,1633418,0,1,0,0
125,13,2,256,1,1,9,2,3,5,1636691,1636875,3309,2286,1634405,805,1,1630057,0,1633650,0,1,0,0
125,13,2,256,1,1,10,3,0,3,1469988,1636875,3309,2541,1467447,805,1,1463492,0,1467085,0,1,0,0
125,13,2,256,1,1,11,3,1,4,1636058,1636875,3309,2796,1633262,805,1,1629315,0,1632908,0,1,0,0
125,13,2,256,1,1,12,3,2,5,1636848,1636875,3309,3043,1633805,805,1,1629549,0,1633142,0,1,0,0
126,13,3,256,1,1,0,0,2,2,540586,1636725,3313,7,540579,805,1,534298,0,537891,0,1,0,0
126,13,3,256,1,1,1,0,3,3,540839,1636725,3313,121,540718,805,1,534959,0,538552,0,1,0,0
126,13,3,256,1,1,2,1,0,1,661231,1636725,3313,446,660785,805,1,656031,0,659624,0,1,0,0
126,13,3,256,1,1,3,1,1,2,970688,1636725,3313,765,969923,805,1,963776,0,967369,0,1,0,0
126,13,3,256,1,1,4,1,2,3,1163100,1636725,3313,1020,1162080,805,1,1157627,0,1161220,0,1,0,0
126,13,3,256,1,1,5,1,3,4,1163349,1636725,3313,1281,1162068,805,1,1157858,0,1161451,0,1,0,0
126,13,3,256,1,1,6,2,0,2,1151677,1636725,3313,1544,1150133,805,1,1145710,0,1149303,0,1,0,0
126,13,3,256,1,1,7,2,1,3,1470591,1636725,3313,1783,1468808,805,1,1463869,0,1467462,0,1,0,0
126,13,3,256,1,1,8,2,2,4,1636402,1636725,3313,2043,1634359,805,1,1629687,0,1633280,0,1,0,0
126,13,3,256,1,1,9,2,3,5,1636539,1636725,3313,2287,1634252,805,1,1629919,0,1633512,0,1,0,0
126,13,3,256,1,1,10,3,0,3,1469860,1636725,3313,2542,1467318,805,1,1463360,0,1466953,0,1,0,0
126,13,3,256,1,1,11,3,1,4,1635921,1636725,3313,2800,1633121,805,1,1629174,0,1632767,0,1,0,0
126,13,3,256,1,1,12,3,2,5,1636698,1636725,3313,3047,1633651,805,1,1629394,0,1632987,0,1,0,0
127,1,1,512,1,1,0,0,2,2,139726,139748,121,7,139719,256,1,137717,0,139518,0,1,0,0
128,1,2,512,1,1,0,0,2,2,139699,139721,121,7,139692,256,1,137690,0,139491,0,1,0,0
129,1,3,512,1,1,0,0,2,2,139717,139739,121,7,139710,256,1,137708,0,139509,0,1,0,0
130,2,1,512,1,1,0,0,2,2,259079,260195,728,7,259072,256,1,257030,0,258831,0,1,0,0
130,2,1,512,1,1,1,0,3,3,260168,260195,728,126,260042,256,1,257556,0,259357,0,1,0,0
131,2,2,512,1,1,0,0,2,2,259032,260148,708,7,259025,256,1,257007,0,258808,0,1,0,0
131,2,2,512,1,1,1,0,3,3,260121,260148,708,126,259995,256,1,257530,0,259331,0,1,0,0
132,2,3,512,1,1,0,0,2,2,259082,260199,708,7,259075,256,1,257057,0,258858,0,1,0,0
132,2,3,512,1,1,1,0,3,3,260172,260199,708,126,260046,256,1,257580,0,259381,0,1,0,0
133,4,1,512,1,1,0,0,2,2,513911,518002,1795,7,513904,256,1,511882,0,513683,0,1,0,0
133,4,1,512,1,1,1,0,3,3,515916,518002,1795,122,515794,256,1,513308,0,515109,0,1,0,0
133,4,1,512,1,1,2,1,0,1,517469,518002,1795,703,516766,256,1,514285,0,516086,0,1,0,0
133,4,1,512,1,1,3,1,1,2,517975,518002,1795,1278,516697,256,1,514279,0,516080,0,1,0,0
134,4,2,512,1,1,0,0,2,2,513841,517914,1818,7,513834,256,1,511815,0,513616,0,1,0,0
134,4,2,512,1,1,1,0,3,3,515849,517914,1818,122,515727,256,1,513241,0,515042,0,1,0,0
134,4,2,512,1,1,2,1,0,1,517381,517914,1818,703,516678,256,1,514173,0,515974,0,1,0,0
134,4,2,512,1,1,3,1,1,2,517887,517914,1818,1301,516586,256,1,514167,0,515968,0,1,0,0
135,4,3,512,1,1,0,0,2,2,513769,517878,1792,7,513762,256,1,511744,0,513545,0,1,0,0
135,4,3,512,1,1,1,0,3,3,515796,517878,1792,121,515675,256,1,513190,0,514991,0,1,0,0
135,4,3,512,1,1,2,1,0,1,517327,517878,1792,700,516627,256,1,514146,0,515947,0,1,0,0
135,4,3,512,1,1,3,1,1,2,517851,517878,1792,1275,516576,256,1,514140,0,515941,0,1,0,0
136,6,1,512,1,1,0,0,2,2,563417,775050,2839,7,563410,352,1,561388,0,563189,0,1,0,0
136,6,1,512,1,1,1,0,3,3,566446,775050,2839,121,566325,352,1,562827,0,564628,0,1,0,0
136,6,1,512,1,1,2,1,0,1,568971,775050,2839,702,568269,352,1,564774,0,566575,0,1,0,0
136,6,1,512,1,1,3,1,1,2,688960,775050,2839,1284,687676,352,1,684754,0,686555,0,1,0,0
136,6,1,512,1,1,4,1,2,3,774887,775050,2839,1795,773092,352,1,770165,0,771966,0,1,0,0
136,6,1,512,1,1,5,1,3,4,775023,775050,2839,2311,772712,352,1,770148,0,771949,0,1,0,0
137,6,2,512,1,1,0,0,2,2,563396,774901,2838,7,563389,352,1,561362,0,563163,0,1,0,0
137,6,2,512,1,1,1,0,3,3,566439,774901,2838,130,566309,352,1,562797,0,564598,0,1,0,0
137,6,2,512,1,1,2,1,0,1,568968,774901,2838,711,568257,352,1,564766,0,566567,0,1,0,0
137,6,2,512,1,1,3,1,1,2,688813,774901,2838,1286,687527,352,1,684588,0,686389,0,1,0,0
137,6,2,512,1,1,4,1,2,3,774734,774901,2838,1797,772937,352,1,770011,0,771812,0,1,0,0
137,6,2,512,1,1,5,1,3,4,774874,774901,2838,2313,772561,352,1,769996,0,771797,0,1,0,0
138,6,3,512,1,1,0,0,2,2,563376,774944,2827,7,563369,352,1,561351,0,563152,0,1,0,0
138,6,3,512,1,1,1,0,3,3,566411,774944,2827,121,566290,352,1,562789,0,564590,0,1,0,0
138,6,3,512,1,1,2,1,0,1,568942,774944,2827,702,568240,352,1,564752,0,566553,0,1,0,0
138,6,3,512,1,1,3,1,1,2,688835,774944,2827,1277,687558,352,1,684639,0,686440,0,1,0,0
138,6,3,512,1,1,4,1,2,3,774780,774944,2827,1787,772993,352,1,770068,0,771869,0,1,0,0
138,6,3,512,1,1,5,1,3,4,774917,774944,2827,2302,772615,352,1,770053,0,771854,0,1,0,0
139,8,1,512,1,1,0,0,2,2,516545,1033354,3849,7,516538,378,1,512998,0,514799,0,1,0,0
139,8,1,512,1,1,1,0,3,3,517047,1033354,3849,129,516918,378,1,514406,0,516207,0,1,0,0
139,8,1,512,1,1,2,1,0,1,660316,1033354,3849,733,659583,378,1,655100,0,656901,0,1,0,0
139,8,1,512,1,1,3,1,1,2,946873,1033354,3849,1285,945588,378,1,943172,0,944973,0,1,0,0
139,8,1,512,1,1,4,1,2,3,1032792,1033354,3849,1796,1030996,378,1,1028572,0,1030373,0,1,0,0
139,8,1,512,1,1,5,1,3,4,1033302,1033354,3849,2313,1030989,378,1,1028558,0,1030359,0,1,0,0
139,8,1,512,1,1,6,2,0,2,927209,1033354,3849,2832,924377,378,1,921975,0,923776,0,1,0,0
139,8,1,512,1,1,7,2,1,3,929723,1033354,3849,3327,926396,378,1,922464,0,924265,0,1,0,0
140,8,2,512,1,1,0,0,2,2,516456,1033190,3840,7,516449,378,1,512895,0,514696,0,1,0,0
140,8,2,512,1,1,1,0,3,3,516960,1033190,3840,121,516839,378,1,514349,0,516150,0,1,0,0
140,8,2,512,1,1,2,1,0,1,660093,1033190,3840,702,659391,378,1,654877,0,656678,0,1,0,0
140,8,2,512,1,1,3,1,1,2,946692,1033190,3840,1277,945415,378,1,942999,0,944800,0,1,0,0
140,8,2,512,1,1,4,1,2,3,1032629,1033190,3840,1788,1030841,378,1,1028419,0,1030220,0,1,0,0
140,8,2,512,1,1,5,1,3,4,1033138,1033190,3840,2304,1030834,378,1,1028404,0,1030205,0,1,0,0
140,8,2,512,1,1,6,2,0,2,927035,1033190,3840,2823,924212,378,1,921808,0,923609,0,1,0,0
140,8,2,512,1,1,7,2,1,3,929567,1033190,3840,3318,926249,378,1,922297,0,924098,0,1,0,0
141,8,3,512,1,1,0,0,2,2,516501,1033308,3867,7,516494,378,1,512962,0,514763,0,1,0,0
141,8,3,512,1,1,1,0,3,3,517004,1033308,3867,121,516883,378,1,514393,0,516194,0,1,0,0
141,8,3,512,1,1,2,1,0,1,660266,1033308,3867,703,659563,378,1,655025,0,656826,0,1,0,0
141,8,3,512,1,1,3,1,1,2,946834,1033308,3867,1302,945532,378,1,943116,0,944917,0,1,0,0
141,8,3,512,1,1,4,1,2,3,1032746,1033308,3867,1813,1030933,378,1,1028511,0,1030312,0,1,0,0
141,8,3,512,1,1,5,1,3,4,1033256,1033308,3867,2329,1030927,378,1,1028497,0,1030298,0,1,0,0
141,8,3,512,1,1,6,2,0,2,927163,1033308,3867,2848,924315,378,1,921911,0,923712,0,1,0,0
141,8,3,512,1,1,7,2,1,3,929677,1033308,3867,3345,926332,378,1,922400,0,924201,0,1,0,0
142,10,1,512,1,1,0,0,2,2,544448,1287965,4851,7,544441,405,1,540922,0,542723,0,1,0,0
142,10,1,512,1,1,1,0,3,3,544948,1287965,4851,121,544827,405,1,542338,0,544139,0,1,0,0
142,10,1,512,1,1,2,1,0,1,682841,1287965,4851,702,682139,405,1,676665,0,678466,0,1,0,0
142,10,1,512,1,1,3,1,1,2,991792,1287965,4851,1277,990515,405,1,985556,0,987357,0,1,0,0
142,10,1,512,1,1,4,1,2,3,1175200,1287965,4851,1789,1173411,405,1,1170990,0,1172791,0,1,0,0
142,10,1,512,1,1,5,1,3,4,1177700,1287965,4851,2304,1175396,405,1,1171466,0,1173267,0,1,0,0
142,10,1,512,1,1,6,2,0,2,983732,1287965,4851,2823,980909,405,1,977505,0,979306,0,1,0,0
142,10,1,512,1,1,7,2,1,3,1202265,1287965,4851,3318,1198947,405,1,1196024,0,1197825,0,1,0,0
142,10,1,512,1,1,8,2,2,4,1287801,1287965,4851,3834,1283967,405,1,1281053,0,1282854,0,1,0,0
142,10,1,512,1,1,9,2,3,5,1287938,1287965,4851,4334,1283604,405,1,1281046,0,1282847,0,1,0,0
143,10,2,512,1,1,0,0,2,2,544435,1287866,4847,7,544428,405,1,540894,0,542695,0,1,0,0
143,10,2,512,1,1,1,0,3,3,544937,1287866,4847,121,544816,405,1,542330,0,544131,0,1,0,0
143,10,2,512,1,1,2,1,0,1,682817,1287866,4847,700,682117,405,1,676630,0,678431,0,1,0,0
143,10,2,512,1,1,3,1,1,2,991711,1287866,4847,1275,990436,405,1,985480,0,987281,0,1,0,0
143,10,2,512,1,1,4,1,2,3,1175105,1287866,4847,1786,1173319,405,1,1170897,0,1172698,0,1,0,0
143,10,2,512,1,1,5,1,3,4,1177602,1287866,4847,2302,1175300,405,1,1171373,0,1173174,0,1,0,0
143,10,2,512,1,1,6,2,0,2,983655,1287866,4847,2821,980834,405,1,977430,0,979231,0,1,0,0
143,10,2,512,1,1,7,2,1,3,1202166,1287866,4847,3316,1198850,405,1,1195928,0,1197729,0,1,0,0
143,10,2,512,1,1,8,2,2,4,1287702,1287866,4847,3830,1283872,405,1,1280958,0,1282759,0,1,0,0
143,10,2,512,1,1,9,2,3,5,1287839,1287866,4847,4330,1283509,405,1,1280951,0,1282752,0,1,0,0
144,10,3,512,1,1,0,0,2,2,544538,1287903,4858,7,544531,405,1,541011,0,542812,0,1,0,0
144,10,3,512,1,1,1,0,3,3,545040,1287903,4858,121,544919,405,1,542431,0,544232,0,1,0,0
144,10,3,512,1,1,2,1,0,1,682879,1287903,4858,702,682177,405,1,676688,0,678489,0,1,0,0
144,10,3,512,1,1,3,1,1,2,991803,1287903,4858,1277,990526,405,1,985588,0,987389,0,1,0,0
144,10,3,512,1,1,4,1,2,3,1175189,1287903,4858,1788,1173401,405,1,1170972,0,1172773,0,1,0,0
144,10,3,512,1,1,5,1,3,4,1177696,1287903,4858,2311,1175385,405,1,1171449,0,1173250,0,1,0,0
144,10,3,512,1,1,6,2,0,2,983756,1287903,4858,2830,980926,405,1,977522,0,979323,0,1,0,0
144,10,3,512,1,1,7,2,1,3,1202241,1287903,4858,3325,1198916,405,1,1195993,0,1197794,0,1,0,0
144,10,3,512,1,1,8,2,2,4,1287737,1287903,4858,3841,1283896,405,1,1280982,0,1282783,0,1,0,0
144,10,3,512,1,1,9,2,3,5,1287876,1287903,4858,4341,1283535,405,1,1280975,0,1282776,0,1,0,0
145,13,1,512,1,1,0,0,2,2,550623,1672013,6391,7,550616,402,1,542536,0,544337,0,1,0,0
145,13,1,512,1,1,1,0,3,3,551127,1672013,6391,121,551006,402,1,544979,0,546780,0,1,0,0
145,13,1,512,1,1,2,1,0,1,673818,1672013,6391,702,673116,402,1,668129,0,669930,0,1,0,0
145,13,1,512,1,1,3,1,1,2,990526,1672013,6391,1277,989249,402,1,982313,0,984114,0,1,0,0
145,13,1,512,1,1,4,1,2,3,1188392,1672013,6391,1788,1186604,402,1,1182177,0,1183978,0,1,0,0
145,13,1,512,1,1,5,1,3,4,1188904,1672013,6391,2315,1186589,402,1,1182654,0,1184455,0,1,0,0
145,13,1,512,1,1,6,2,0,2,1176893,1672013,6391,2834,1174059,402,1,1169665,0,1171466,0,1,0,0
145,13,1,512,1,1,7,2,1,3,1502215,1672013,6391,3329,1498886,402,1,1493958,0,1495759,0,1,0,0
145,13,1,512,1,1,8,2,2,4,1670226,1672013,6391,3845,1666381,402,1,1663973,0,1665774,0,1,0,0
145,13,1,512,1,1,9,2,3,5,1671959,1672013,6391,4345,1667614,402,1,1664460,0,1666261,0,1,0,0
145,13,1,512,1,1,10,3,0,3,1500716,1672013,6391,4856,1495860,402,1,1492940,0,1494741,0,1,0,0
145,13,1,512,1,1,11,3,1,4,1671226,1672013,6391,5366,1665860,402,1,1662952,0,1664753,0,1,0,0
145,13,1,512,1,1,12,3,2,5,1671726,1672013,6391,5869,1665857,402,1,1663428,0,1665229,0,1,0,0
146,13,2,512,1,1,0,0,2,2,550630,1671752,6383,7,550623,402,1,542549,0,544350,0,1,0,0
146,13,2,512,1,1,1,0,3,3,551135,1671752,6383,121,551014,402,1,544995,0,546796,0,1,0,0
146,13,2,512,1,1,2,1,0,1,673667,1671752,6383,702,672965,402,1,667977,0,669778,0,1,0,0
146,13,2,512,1,1,3,1,1,2,990374,1671752,6383,1277,989097,402,1,982161,0,983962,0,1,0,0
146,13,2,512,1,1,4,1,2,3,1188155,1671752,6383,1788,1186367,402,1,1181951,0,1183752,0,1,0,0
146,13,2,512,1,1,5,1,3,4,1188667,1671752,6383,2304,1186363,402,1,1182428,0,1184229,0,1,0,0
146,13,2,512,1,1,6,2,0,2,1176665,1671752,6383,2823,1173842,402,1,1169449,0,1171250,0,1,0,0
146,13,2,512,1,1,7,2,1,3,1501960,1671752,6383,3318,1498642,402,1,1493714,0,1495515,0,1,0,0
146,13,2,512,1,1,8,2,2,4,1669953,1671752,6383,3834,1666119,402,1,1663711,0,1665512,0,1,0,0
146,13,2,512,1,1,9,2,3,5,1671698,1671752,6383,4334,1667364,402,1,1664198,0,1665999,0,1,0,0
146,13,2,512,1,1,10,3,0,3,1500460,1671752,6383,4845,1495615,402,1,1492694,0,1494495,0,1,0,0
146,13,2,512,1,1,11,3,1,4,1670953,1671752,6383,5356,1665597,402,1,1662687,0,1664488,0,1,0,0
146,13,2,512,1,1,12,3,2,5,1671465,1671752,6383,5861,1665604,402,1,1663163,0,1664964,0,1,0,0
147,13,3,512,1,1,0,0,2,2,550689,1672032,6409,7,550682,402,1,542616,0,544417,0,1,0,0
147,13,3,512,1,1,1,0,3,3,551197,1672032,6409,121,551076,402,1,545059,0,546860,0,1,0,0
147,13,3,512,1,1,2,1,0,1,673861,1672032,6409,702,673159,402,1,668187,0,669988,0,1,0,0
147,13,3,512,1,1,3,1,1,2,990621,1672032,6409,1277,989344,402,1,982423,0,984224,0,1,0,0
147,13,3,512,1,1,4,1,2,3,1188525,1672032,6409,1788,1186737,402,1,1182321,0,1184122,0,1,0,0
147,13,3,512,1,1,5,1,3,4,1189039,1672032,6409,2304,1186735,402,1,1182782,0,1184583,0,1,0,0
147,13,3,512,1,1,6,2,0,2,1177019,1672032,6409,2839,1174180,402,1,1169764,0,1171565,0,1,0,0
147,13,3,512,1,1,7,2,1,3,1502312,1672032,6409,3335,1498977,402,1,1494048,0,1495849,0,1,0,0
147,13,3,512,1,1,8,2,2,4,1670247,1672032,6409,3850,1666397,402,1,1663990,0,1665791,0,1,0,0
147,13,3,512,1,1,9,2,3,5,1671978,1672032,6409,4349,1667629,402,1,1664477,0,1666278,0,1,0,0
147,13,3,512,1,1,10,3,0,3,1500811,1672032,6409,4860,1495951,402,1,1493029,0,1494830,0,1,0,0
147,13,3,512,1,1,11,3,1,4,1671247,1672032,6409,5371,1665876,402,1,1662954,0,1664755,0,1,0,0
147,13,3,512,1,1,12,3,2,5,1671746,1672032,6409,5888,1665858,402,1,1663431,0,1665232,0,1,0,0
148,1,1,1024,1,1,0,0,2,2,135458,135480,121,7,135451,128,1,134345,0,135250,0,1,0,0
149,1,2,1024,1,1,0,0,2,2,135490,135512,121,7,135483,128,1,134377,0,135282,0,1,0,0
150,1,3,1024,1,1,0,0,2,2,135484,135506,121,7,135477,128,1,134371,0,135276,0,1,0,0
151,2,1,1024,1,1,0,0,2,2,258651,260791,1218,7,258644,128,1,257522,0,258427,0,1,0,0
151,2,1,1024,1,1,1,0,3,3,260764,260791,1218,126,260638,128,1,258559,0,259464,0,1,0,0
152,2,2,1024,1,1,0,0,2,2,258607,260747,1220,7,258600,128,1,257478,0,258383,0,1,0,0
152,2,2,1024,1,1,1,0,3,3,260720,260747,1220,126,260594,128,1,258512,0,259417,0,1,0,0
153,2,3,1024,1,1,0,0,2,2,258627,260767,1220,7,258620,128,1,257498,0,258403,0,1,0,0
153,2,3,1024,1,1,1,0,3,3,260740,260767,1220,126,260614,128,1,258532,0,259437,0,1,0,0
154,4,1,1024,1,1,0,0,2,2,512400,520576,3328,7,512393,128,1,511271,0,512176,0,1,0,0
154,4,1,1024,1,1,1,0,3,3,516460,520576,3328,121,516339,128,1,514236,0,515141,0,1,0,0
154,4,1,1024,1,1,2,1,0,1,519528,520576,3328,1212,518316,128,1,516220,0,517125,0,1,0,0
154,4,1,1024,1,1,3,1,1,2,520549,520576,3328,2299,518250,128,1,516215,0,517120,0,1,0,0
155,4,2,1024,1,1,0,0,2,2,512356,520526,3330,7,512349,128,1,511227,0,512132,0,1,0,0
155,4,2,1024,1,1,1,0,3,3,516412,520526,3330,121,516291,128,1,514188,0,515093,0,1,0,0
155,4,2,1024,1,1,2,1,0,1,519478,520526,3330,1214,518264,128,1,516168,0,517073,0,1,0,0
155,4,2,1024,1,1,3,1,1,2,520499,520526,3330,2301,518198,128,1,516163,0,517068,0,1,0,0
156,4,3,1024,1,1,0,0,2,2,512426,520596,3330,7,512419,128,1,511297,0,512202,0,1,0,0
156,4,3,1024,1,1,1,0,3,3,516482,520596,3330,121,516361,128,1,514258,0,515163,0,1,0,0
156,4,3,1024,1,1,2,1,0,1,519548,520596,3330,1214,518334,128,1,516238,0,517143,0,1,0,0
156,4,3,1024,1,1,3,1,1,2,520569,520596,3330,2301,518268,128,1,516233,0,517138,0,1,0,0
157,6,1,1024,1,1,0,0,2,2,560677,780053,5389,7,560670,175,1,559545,0,560450,0,1,0,0
157,6,1,1024,1,1,1,0,3,3,566770,780053,5389,121,566649,175,1,562513,0,563418,0,1,0,0
157,6,1,1024,1,1,2,1,0,1,571869,780053,5389,1214,570655,175,1,568558,0,569463,0,1,0,0
157,6,1,1024,1,1,3,1,1,2,694757,780053,5389,2301,692456,175,1,688384,0,689289,0,1,0,0
157,6,1,1024,1,1,4,1,2,3,779013,780053,5389,3324,775689,175,1,773643,0,774548,0,1,0,0
157,6,1,1024,1,1,5,1,3,4,780026,780053,5389,4352,775674,175,1,773628,0,774533,0,1,0,0
158,6,2,1024,1,1,0,0,2,2,560776,780013,5388,7,560769,175,1,559644,0,560549,0,1,0,0
158,6,2,1024,1,1,1,0,3,3,566869,780013,5388,121,566748,175,1,562615,0,563520,0,1,0,0
158,6,2,1024,1,1,2,1,0,1,571968,780013,5388,1212,570756,175,1,568659,0,569564,0,1,0,0
158,6,2,1024,1,1,3,1,1,2,694810,780013,5388,2299,692511,175,1,688445,0,689350,0,1,0,0
158,6,2,1024,1,1,4,1,2,3,778965,780013,5388,3322,775643,175,1,773604,0,774509,0,1,0,0
158,6,2,1024,1,1,5,1,3,4,779986,780013,5388,4351,775635,175,1,773589,0,774494,0,1,0,0
159,6,3,1024,1,1,0,0,2,2,560677,780049,5394,7,560670,175,1,559548,0,560453,0,1,0,0
159,6,3,1024,1,1,1,0,3,3,566770,780049,5394,121,566649,175,1,562513,0,563418,0,1,0,0
159,6,3,1024,1,1,2,1,0,1,571866,780049,5394,1214,570652,175,1,568555,0,569460,0,1,0,0
159,6,3,1024,1,1,3,1,1,2,694765,780049,5394,2301,692464,175,1,688394,0,689299,0,1,0,0
159,6,3,1024,1,1,4,1,2,3,779000,780049,5394,3323,775677,175,1,773639,0,774544,0,1,0,0
159,6,3,1024,1,1,5,1,3,4,780022,780049,5394,4350,775672,175,1,773618,0,774523,0,1,0,0
160,8,1,1024,1,1,0,0,2,2,520029,1040162,7447,7,520022,188,1,515847,0,516752,0,1,0,0
160,8,1,1024,1,1,1,0,3,3,521047,1040162,7447,121,520926,188,1,518813,0,519718,0,1,0,0
160,8,1,1024,1,1,2,1,0,1,662393,1040162,7447,1219,661174,188,1,659078,0,659983,0,1,0,0
160,8,1,1024,1,1,3,1,1,2,952845,1040162,7447,2306,950539,188,1,948507,0,949412,0,1,0,0
160,8,1,1024,1,1,4,1,2,3,1039096,1040162,7447,3329,1035767,188,1,1033703,0,1034608,0,1,0,0
160,8,1,1024,1,1,5,1,3,4,1040110,1040162,7447,4375,1035735,188,1,1033689,0,1034594,0,1,0,0
160,8,1,1024,1,1,6,2,0,2,935585,1040162,7447,5406,930179,188,1,924101,0,925006,0,1,0,0
160,8,1,1024,1,1,7,2,1,3,936607,1040162,7447,6413,930194,188,1,925102,0,926007,0,1,0,0
161,8,2,1024,1,1,0,0,2,2,520005,1040115,7427,7,519998,188,1,515825,0,516730,0,1,0,0
161,8,2,1024,1,1,1,0,3,3,521019,1040115,7427,121,520898,188,1,518792,0,519697,0,1,0,0
161,8,2,1024,1,1,2,1,0,1,662357,1040115,7427,1214,661143,188,1,659047,0,659952,0,1,0,0
161,8,2,1024,1,1,3,1,1,2,952825,1040115,7427,2301,950524,188,1,948493,0,949398,0,1,0,0
161,8,2,1024,1,1,4,1,2,3,1039044,1040115,7427,3323,1035721,188,1,1033681,0,1034586,0,1,0,0
161,8,2,1024,1,1,5,1,3,4,1040063,1040115,7427,4350,1035713,188,1,1033663,0,1034568,0,1,0,0
161,8,2,1024,1,1,6,2,0,2,935563,1040115,7427,5385,930178,188,1,924101,0,925006,0,1,0,0
161,8,2,1024,1,1,7,2,1,3,936586,1040115,7427,6392,930194,188,1,925101,0,926006,0,1,0,0
162,8,3,1024,1,1,0,0,2,2,520004,1040127,7436,7,519997,188,1,515822,0,516727,0,1,0,0
162,8,3,1024,1,1,1,0,3,3,521019,1040127,7436,121,520898,188,1,518792,0,519697,0,1,0,0
162,8,3,1024,1,1,2,1,0,1,662378,1040127,7436,1214,661164,188,1,659056,0,659961,0,1,0,0
162,8,3,1024,1,1,3,1,1,2,952821,1040127,7436,2313,950508,188,1,948477,0,949382,0,1,0,0
162,8,3,1024,1,1,4,1,2,3,1039042,1040127,7436,3336,1035706,188,1,1033667,0,1034572,0,1,0,0
162,8,3,1024,1,1,5,1,3,4,1040075,1040127,7436,4364,1035711,188,1,1033652,0,1034557,0,1,0,0
162,8,3,1024,1,1,6,2,0,2,935560,1040127,7436,5395,930165,188,1,924088,0,924993,0,1,0,0
162,8,3,1024,1,1,7,2,1,3,936583,1040127,7436,6402,930181,188,1,925089,0,925994,0,1,0,0
163,10,1,1024,1,1,0,0,2,2,548403,1299653,9464,7,548396,202,1,541193,0,542098,0,1,0,0
163,10,1,1024,1,1,1,0,3,3,549435,1299653,9464,121,549314,202,1,544150,0,545055,0,1,0,0
163,10,1,1024,1,1,2,1,0,1,680444,1299653,9464,1214,679230,202,1,674084,0,674989,0,1,0,0
163,10,1,1024,1,1,3,1,1,2,1000077,1299653,9464,2301,997776,202,1,990658,0,991563,0,1,0,0
163,10,1,1024,1,1,4,1,2,3,1183776,1299653,9464,3324,1180452,202,1,1176374,0,1177279,0,1,0,0
163,10,1,1024,1,1,5,1,3,4,1184789,1299653,9464,4352,1180437,202,1,1177381,0,1178286,0,1,0,0
163,10,1,1024,1,1,6,2,0,2,989917,1299653,9464,5385,984532,202,1,978462,0,979367,0,1,0,0
163,10,1,1024,1,1,7,2,1,3,1213223,1299653,9464,6392,1206831,202,1,1203756,0,1204661,0,1,0,0
163,10,1,1024,1,1,8,2,2,4,1299489,1299653,9464,7420,1292069,202,1,1289024,0,1289929,0,1,0,0
163,10,1,1024,1,1,9,2,3,5,1299626,1299653,9464,8432,1291194,202,1,1289016,0,1289921,0,1,0,0
164,10,2,1024,1,1,0,0,2,2,548436,1299685,9480,7,548429,202,1,541229,0,542134,0,1,0,0
164,10,2,1024,1,1,1,0,3,3,549469,1299685,9480,121,549348,202,1,544185,0,545090,0,1,0,0
164,10,2,1024,1,1,2,1,0,1,680489,1299685,9480,1214,679275,202,1,674130,0,675035,0,1,0,0
164,10,2,1024,1,1,3,1,1,2,1000096,1299685,9480,2301,997795,202,1,990682,0,991587,0,1,0,0
164,10,2,1024,1,1,4,1,2,3,1183814,1299685,9480,3346,1180468,202,1,1176398,0,1177303,0,1,0,0
164,10,2,1024,1,1,5,1,3,4,1184843,1299685,9480,4373,1180470,202,1,1177399,0,1178304,0,1,0,0
164,10,2,1024,1,1,6,2,0,2,989964,1299685,9480,5404,984560,202,1,978484,0,979389,0,1,0,0
164,10,2,1024,1,1,7,2,1,3,1213247,1299685,9480,6411,1206836,202,1,1203770,0,1204675,0,1,0,0
164,10,2,1024,1,1,8,2,2,4,1299520,1299685,9480,7439,1292081,202,1,1289039,0,1289944,0,1,0,0
164,10,2,1024,1,1,9,2,3,5,1299658,1299685,9480,8451,1291207,202,1,1289033,0,1289938,0,1,0,0
165,10,3,1024,1,1,0,0,2,2,548394,1299656,9462,7,548387,202,1,541172,0,542077,0,1,0,0
165,10,3,1024,1,1,1,0,3,3,549425,1299656,9462,121,549304,202,1,544128,0,545033,0,1,0,0
165,10,3,1024,1,1,2,1,0,1,680432,1299656,9462,1214,679218,202,1,674071,0,674976,0,1,0,0
165,10,3,1024,1,1,3,1,1,2,1000047,1299656,9462,2304,997743,202,1,990634,0,991539,0,1,0,0
165,10,3,1024,1,1,4,1,2,3,1183776,1299656,9462,3327,1180449,202,1,1176365,0,1177270,0,1,0,0
165,10,3,1024,1,1,5,1,3,4,1184784,1299656,9462,4355,1180429,202,1,1177355,0,1178260,0,1,0,0
165,10,3,1024,1,1,6,2,0,2,989892,1299656,9462,5386,984506,202,1,978442,0,979347,0,1,0,0
165,10,3,1024,1,1,7,2,1,3,1213205,1299656,9462,6393,1206812,202,1,1203757,0,1204662,0,1,0,0
165,10,3,1024,1,1,8,2,2,4,1299492,1299656,9462,7421,1292071,202,1,1289005,0,1289910,0,1,0,0
165,10,3,1024,1,1,9,2,3,5,1299629,1299656,9462,8433,1291196,202,1,1288999,0,1289904,0,1,0,0
166,13,1,1024,1,1,0,0,2,2,554556,1688939,12562,7,554549,200,1,544267,0,545172,0,1,0,0
166,13,1,1024,1,1,1,0,3,3,555578,1688939,12562,129,555449,200,1,550290,0,551195,0,1,0,0
166,13,1,1024,1,1,2,1,0,1,679469,1688939,12562,1222,678247,200,1,674119,0,675024,0,1,0,0
166,13,1,1024,1,1,3,1,1,2,995055,1688939,12562,2311,992744,200,1,988692,0,989597,0,1,0,0
166,13,1,1024,1,1,4,1,2,3,1196013,1688939,12562,3334,1192679,200,1,1188588,0,1189493,0,1,0,0
166,13,1,1024,1,1,5,1,3,4,1197034,1688939,12562,4387,1192647,200,1,1189581,0,1190486,0,1,0,0
166,13,1,1024,1,1,6,2,0,2,1180804,1688939,12562,5418,1175386,200,1,1173368,0,1174273,0,1,0,0
166,13,1,1024,1,1,7,2,1,3,1514743,1688939,12562,6425,1508318,200,1,1505239,0,1506144,0,1,0,0
166,13,1,1024,1,1,8,2,2,4,1686757,1688939,12562,7453,1679304,200,1,1676263,0,1677168,0,1,0,0
166,13,1,1024,1,1,9,2,3,5,1687773,1688939,12562,8467,1679306,200,1,1677263,0,1678168,0,1,0,0
166,13,1,1024,1,1,10,3,0,3,1517791,1688939,12562,9490,1508301,200,1,1503195,0,1504100,0,1,0,0
166,13,1,1024,1,1,11,3,1,4,1688771,1688939,12562,10513,1678258,200,1,1674217,0,1675122,0,1,0,0
166,13,1,1024,1,1,12,3,2,5,1688912,1688939,12562,11528,1677384,200,1,1675204,0,1676109,0,1,0,0
167,13,2,1024,1,1,0,0,2,2,554554,1689470,12546,7,554547,200,1,544263,0,545168,0,1,0,0
167,13,2,1024,1,1,1,0,3,3,555578,1689470,12546,131,555447,200,1,550286,0,551191,0,1,0,0
167,13,2,1024,1,1,2,1,0,1,679467,1689470,12546,1224,678243,200,1,674116,0,675021,0,1,0,0
167,13,2,1024,1,1,3,1,1,2,995057,1689470,12546,2311,992746,200,1,988692,0,989597,0,1,0,0
167,13,2,1024,1,1,4,1,2,3,1196010,1689470,12546,3334,1192676,200,1,1188614,0,1189519,0,1,0,0
167,13,2,1024,1,1,5,1,3,4,1197032,1689470,12546,4362,1192670,200,1,1189596,0,1190501,0,1,0,0
167,13,2,1024,1,1,6,2,0,2,1180803,1689470,12546,5404,1175399,200,1,1173381,0,1174286,0,1,0,0
167,13,2,1024,1,1,7,2,1,3,1514740,1689470,12546,6411,1508329,200,1,1505254,0,1506159,0,1,0,0
167,13,2,1024,1,1,8,2,2,4,1687270,1689470,12546,7438,1679832,200,1,1676793,0,1677698,0,1,0,0
167,13,2,1024,1,1,9,2,3,5,1688307,1689470,12546,8450,1679857,200,1,1677793,0,1678698,0,1,0,0
167,13,2,1024,1,1,10,3,0,3,1517790,1689470,12546,9473,1508317,200,1,1503211,0,1504116,0,1,0,0
167,13,2,1024,1,1,11,3,1,4,1689304,1689470,12546,10497,1678807,200,1,1674746,0,1675651,0,1,0,0
167,13,2,1024,1,1,12,3,2,5,1689443,1689470,12546,11512,1677931,200,1,1675754,0,1676659,0,1,0,0
168,13,3,1024,1,1,0,0,2,2,554462,1688762,12537,7,554455,200,1,544171,0,545076,0,1,0,0
168,13,3,1024,1,1,1,0,3,3,555485,1688762,12537,121,555364,200,1,550205,0,551110,0,1,0,0
168,13,3,1024,1,1,2,1,0,1,679382,1688762,12537,1221,678161,200,1,674034,0,674939,0,1,0,0
168,13,3,1024,1,1,3,1,1,2,994958,1688762,12537,2308,992650,200,1,988584,0,989489,0,1,0,0
168,13,3,1024,1,1,4,1,2,3,1195927,1688762,12537,3331,1192596,200,1,1188519,0,1189424,0,1,0,0
168,13,3,1024,1,1,5,1,3,4,1196948,1688762,12537,4359,1192589,200,1,1189522,0,1190427,0,1,0,0
168,13,3,1024,1,1,6,2,0,2,1180699,1688762,12537,5390,1175309,200,1,1173291,0,1174196,0,1,0,0
168,13,3,1024,1,1,7,2,1,3,1514635,1688762,12537,6397,1508238,200,1,1505163,0,1506068,0,1,0,0
168,13,3,1024,1,1,8,2,2,4,1686592,1688762,12537,7428,1679164,200,1,1676113,0,1677018,0,1,0,0
168,13,3,1024,1,1,9,2,3,5,1687594,1688762,12537,8440,1679154,200,1,1677115,0,1678020,0,1,0,0
168,13,3,1024,1,1,10,3,0,3,1517679,1688762,12537,9463,1508216,200,1,1503139,0,1504044,0,1,0,0
168,13,3,1024,1,1,11,3,1,4,1688596,1688762,12537,10486,1678110,200,1,1674064,0,1674969,0,1,0,0
168,13,3,1024,1,1,12,3,2,5,1688735,1688762,12537,11504,1677231,200,1,1675054,0,1675959,0,1,0,0
169,1,1,4096,1,1,0,0,2,2,132322,132344,121,7,132315,32,1,131881,0,132114,0,1,0,0
170,1,2,4096,1,1,0,0,2,2,132336,132358,121,7,132329,32,1,131895,0,132128,0,1,0,0
171,1,3,4096,1,1,0,0,2,2,132331,132353,121,7,132324,32,1,131890,0,132123,0,1,0,0
172,2,1,4096,1,1,0,0,2,2,253863,262162,4299,7,253856,32,1,253406,0,253639,0,1,0,0
172,2,1,4096,1,1,1,0,3,3,262135,262162,4299,126,262009,32,1,257506,0,257739,0,1,0,0
173,2,2,4096,1,1,0,0,2,2,253797,262093,4293,7,253790,32,1,253340,0,253573,0,1,0,0
173,2,2,4096,1,1,1,0,3,3,262066,262093,4293,126,261940,32,1,257446,0,257679,0,1,0,0
174,2,3,4096,1,1,0,0,2,2,253864,262163,4299,7,253857,32,1,253407,0,253640,0,1,0,0
174,2,3,4096,1,1,1,0,3,3,262136,262163,4299,126,262010,32,1,257507,0,257740,0,1,0,0
175,4,1,4096,1,1,0,0,2,2,490992,523753,12571,7,490985,32,1,490535,0,490768,0,1,0,0
175,4,1,4096,1,1,1,0,3,3,507348,523753,12571,121,507227,32,1,502724,0,502957,0,1,0,0
175,4,1,4096,1,1,2,1,0,1,519630,523753,12571,4286,515344,32,1,510824,0,511057,0,1,0,0
175,4,1,4096,1,1,3,1,1,2,523726,523753,12571,8470,515256,32,1,510818,0,511051,0,1,0,0
176,4,2,4096,1,1,0,0,2,2,491003,523748,12568,7,490996,32,1,490546,0,490779,0,1,0,0
176,4,2,4096,1,1,1,0,3,3,507347,523748,12568,121,507226,32,1,502722,0,502955,0,1,0,0
176,4,2,4096,1,1,2,1,0,1,519628,523748,12568,4286,515342,32,1,510846,0,511079,0,1,0,0
176,4,2,4096,1,1,3,1,1,2,523721,523748,12568,8445,515276,32,1,510818,0,511051,0,1,0,0
177,4,3,4096,1,1,0,0,2,2,490958,523718,12544,7,490951,32,1,490501,0,490734,0,1,0,0
177,4,3,4096,1,1,1,0,3,3,507318,523718,12544,121,507197,32,1,502696,0,502929,0,1,0,0
177,4,3,4096,1,1,2,1,0,1,519600,523718,12544,4284,515316,32,1,510819,0,511052,0,1,0,0
177,4,3,4096,1,1,3,1,1,2,523691,523718,12544,8443,515248,32,1,510814,0,511047,0,1,0,0
178,6,1,4096,1,1,0,0,2,2,540035,785501,20755,7,540028,43,1,531389,0,531622,0,1,0,0
178,6,1,4096,1,1,1,0,3,3,564578,785501,20755,124,564454,43,1,543571,0,543804,0,1,0,0
178,6,1,4096,1,1,2,1,0,1,585023,785501,20755,4291,580732,43,1,568057,0,568290,0,1,0,0
178,6,1,4096,1,1,3,1,1,2,699505,785501,20755,8451,691054,43,1,682516,0,682749,0,1,0,0
178,6,1,4096,1,1,4,1,2,3,785337,785501,20755,12546,772791,43,1,764265,0,764498,0,1,0,0
178,6,1,4096,1,1,5,1,3,4,785474,785501,20755,16646,768828,43,1,764250,0,764483,0,1,0,0
179,6,2,4096,1,1,0,0,2,2,540081,785575,20772,7,540074,43,1,531438,0,531671,0,1,0,0
179,6,2,4096,1,1,1,0,3,3,564635,785575,20772,121,564514,43,1,543621,0,543854,0,1,0,0
179,6,2,4096,1,1,2,1,0,1,585080,785575,20772,4286,580794,43,1,568119,0,568352,0,1,0,0
179,6,2,4096,1,1,3,1,1,2,699553,785575,20772,8445,691108,43,1,682546,0,682779,0,1,0,0
179,6,2,4096,1,1,4,1,2,3,785411,785575,20772,12564,772847,43,1,764293,0,764526,0,1,0,0
179,6,2,4096,1,1,5,1,3,4,785548,785575,20772,16663,768885,43,1,764279,0,764512,0,1,0,0
180,6,3,4096,1,1,0,0,2,2,540014,785490,20749,7,540007,43,1,531363,0,531596,0,1,0,0
180,6,3,4096,1,1,1,0,3,3,564541,785490,20749,121,564420,43,1,543554,0,543787,0,1,0,0
180,6,3,4096,1,1,2,1,0,1,584991,785490,20749,4286,580705,43,1,568030,0,568263,0,1,0,0
180,6,3,4096,1,1,3,1,1,2,699474,785490,20749,8445,691029,43,1,682508,0,682741,0,1,0,0
180,6,3,4096,1,1,4,1,2,3,785325,785490,20749,12540,772785,43,1,764259,0,764492,0,1,0,0
180,6,3,4096,1,1,5,1,3,4,785463,785490,20749,16640,768823,43,1,764244,0,764477,0,1,0,0
181,8,1,4096,1,1,0,0,2,2,523723,1047243,28948,7,523716,46,1,510972,0,511205,0,1,0,0
181,8,1,4096,1,1,1,0,3,3,527810,1047243,28948,121,527689,46,1,523183,0,523416,0,1,0,0
181,8,1,4096,1,1,2,1,0,1,679089,1047243,28948,4286,674803,46,1,653970,0,654203,0,1,0,0
181,8,1,4096,1,1,3,1,1,2,961230,1047243,28948,8445,952785,46,1,944264,0,944497,0,1,0,0
181,8,1,4096,1,1,4,1,2,3,1047054,1047243,28948,12540,1034514,46,1,1025988,0,1026221,0,1,0,0
181,8,1,4096,1,1,5,1,3,4,1047191,1047243,28948,16640,1030551,46,1,1025969,0,1026202,0,1,0,0
181,8,1,4096,1,1,6,2,0,2,940770,1047243,28948,20747,920023,46,1,903334,0,903567,0,1,0,0
181,8,1,4096,1,1,7,2,1,3,944879,1047243,28948,24843,920036,46,1,907408,0,907641,0,1,0,0
182,8,2,4096,1,1,0,0,2,2,523654,1047264,28929,7,523647,46,1,510920,0,511153,0,1,0,0
182,8,2,4096,1,1,1,0,3,3,527740,1047264,28929,121,527619,46,1,523114,0,523347,0,1,0,0
182,8,2,4096,1,1,2,1,0,1,679060,1047264,28929,4286,674774,46,1,653942,0,654175,0,1,0,0
182,8,2,4096,1,1,3,1,1,2,961220,1047264,28929,8445,952775,46,1,944254,0,944487,0,1,0,0
182,8,2,4096,1,1,4,1,2,3,1047074,1047264,28929,12540,1034534,46,1,1026007,0,1026240,0,1,0,0
182,8,2,4096,1,1,5,1,3,4,1047212,1047264,28929,16640,1030572,46,1,1025991,0,1026224,0,1,0,0
182,8,2,4096,1,1,6,2,0,2,940749,1047264,28929,20744,920005,46,1,903334,0,903567,0,1,0,0
182,8,2,4096,1,1,7,2,1,3,944870,1047264,28929,24823,920047,46,1,907407,0,907640,0,1,0,0
183,8,3,4096,1,1,0,0,2,2,523678,1047244,28932,7,523671,46,1,510933,0,511166,0,1,0,0
183,8,3,4096,1,1,1,0,3,3,527761,1047244,28932,121,527640,46,1,523134,0,523367,0,1,0,0
183,8,3,4096,1,1,2,1,0,1,679045,1047244,28932,4286,674759,46,1,653929,0,654162,0,1,0,0
183,8,3,4096,1,1,3,1,1,2,961186,1047244,28932,8447,952739,46,1,944216,0,944449,0,1,0,0
183,8,3,4096,1,1,4,1,2,3,1047055,1047244,28932,12544,1034511,46,1,1025982,0,1026215,0,1,0,0
183,8,3,4096,1,1,5,1,3,4,1047192,1047244,28932,16644,1030548,46,1,1025968,0,1026201,0,1,0,0
183,8,3,4096,1,1,6,2,0,2,940738,1047244,28932,20747,919991,46,1,903320,0,903553,0,1,0,0
183,8,3,4096,1,1,7,2,1,3,944837,1047244,28932,24826,920011,46,1,907393,0,907626,0,1,0,0
184,10,1,4096,1,1,0,0,2,2,531827,1308331,37118,7,531820,49,1,498653,0,498886,0,1,0,0
184,10,1,4096,1,1,1,0,3,3,535932,1308331,37118,121,535811,49,1,514946,0,515179,0,1,0,0
184,10,1,4096,1,1,2,1,0,1,670882,1308331,37118,4287,666595,49,1,653909,0,654142,0,1,0,0
184,10,1,4096,1,1,3,1,1,2,1018321,1308331,37118,8447,1009874,49,1,985014,0,985247,0,1,0,0
184,10,1,4096,1,1,4,1,2,3,1185765,1308331,37118,12542,1173223,49,1,1156535,0,1156768,0,1,0,0
184,10,1,4096,1,1,5,1,3,4,1189853,1308331,37118,16642,1173211,49,1,1160583,0,1160816,0,1,0,0
184,10,1,4096,1,1,6,2,0,2,1001983,1308331,37118,20754,981229,49,1,968634,0,968867,0,1,0,0
184,10,1,4096,1,1,7,2,1,3,1218434,1308331,37118,24833,1193601,49,1,1189163,0,1189396,0,1,0,0
184,10,1,4096,1,1,8,2,2,4,1304211,1308331,37118,28933,1275278,49,1,1270854,0,1271087,0,1,0,0
184,10,1,4096,1,1,9,2,3,5,1308304,1308331,37118,33017,1275287,49,1,1270848,0,1271081,0,1,0,0
185,10,2,4096,1,1,0,0,2,2,531772,1308201,37122,7,531765,49,1,498585,0,498818,0,1,0,0
185,10,2,4096,1,1,1,0,3,3,535883,1308201,37122,121,535762,49,1,514887,0,515120,0,1,0,0
185,10,2,4096,1,1,2,1,0,1,670849,1308201,37122,4286,666563,49,1,653872,0,654105,0,1,0,0
185,10,2,4096,1,1,3,1,1,2,1018178,1308201,37122,8445,1009733,49,1,984875,0,985108,0,1,0,0
185,10,2,4096,1,1,4,1,2,3,1185597,1308201,37122,12556,1173041,49,1,1156356,0,1156589,0,1,0,0
185,10,2,4096,1,1,5,1,3,4,1189686,1308201,37122,16655,1173031,49,1,1160412,0,1160645,0,1,0,0
185,10,2,4096,1,1,6,2,0,2,1001859,1308201,37122,20758,981101,49,1,968502,0,968735,0,1,0,0
185,10,2,4096,1,1,7,2,1,3,1218297,1308201,37122,24837,1193460,49,1,1189022,0,1189255,0,1,0,0
185,10,2,4096,1,1,8,2,2,4,1304080,1308201,37122,28937,1275143,49,1,1270719,0,1270952,0,1,0,0
185,10,2,4096,1,1,9,2,3,5,1308174,1308201,37122,33021,1275153,49,1,1270713,0,1270946,0,1,0,0
186,10,3,4096,1,1,0,0,2,2,531776,1308155,37107,7,531769,49,1,498611,0,498844,0,1,0,0
186,10,3,4096,1,1,1,0,3,3,535880,1308155,37107,121,535759,49,1,514891,0,515124,0,1,0,0
186,10,3,4096,1,1,2,1,0,1,670823,1308155,37107,4284,666539,49,1,653846,0,654079,0,1,0,0
186,10,3,4096,1,1,3,1,1,2,1018132,1308155,37107,8445,1009687,49,1,984846,0,985079,0,1,0,0
186,10,3,4096,1,1,4,1,2,3,1185585,1308155,37107,12540,1173045,49,1,1156335,0,1156568,0,1,0,0
186,10,3,4096,1,1,5,1,3,4,1189672,1308155,37107,16640,1173032,49,1,1160390,0,1160623,0,1,0,0
186,10,3,4096,1,1,6,2,0,2,1001813,1308155,37107,20743,981070,49,1,968475,0,968708,0,1,0,0
186,10,3,4096,1,1,7,2,1,3,1218277,1308155,37107,24822,1193455,49,1,1189016,0,1189249,0,1,0,0
186,10,3,4096,1,1,8,2,2,4,1304034,1308155,37107,28922,1275112,49,1,1270688,0,1270921,0,1,0,0
186,10,3,4096,1,1,9,2,3,5,1308128,1308155,37107,33006,1275122,49,1,1270682,0,1270915,0,1,0,0
187,13,1,4096,1,1,0,0,2,2,531825,1700613,49410,7,531818,49,1,523160,0,523393,0,1,0,0
187,13,1,4096,1,1,1,0,3,3,584990,1700613,49410,121,584869,49,1,535365,0,535598,0,1,0,0
187,13,1,4096,1,1,2,1,0,1,679028,1700613,49410,4286,674742,49,1,662074,0,662307,0,1,0,0
187,13,1,4096,1,1,3,1,1,2,1010004,1700613,49410,8445,1001559,49,1,976720,0,976953,0,1,0,0
187,13,1,4096,1,1,4,1,2,3,1197914,1700613,49410,12539,1185375,49,1,1148269,0,1148502,0,1,0,0
187,13,1,4096,1,1,5,1,3,4,1201999,1700613,49410,16638,1185361,49,1,1152334,0,1152567,0,1,0,0
187,13,1,4096,1,1,6,2,0,2,1169335,1700613,49410,20741,1148594,49,1,1144176,0,1144409,0,1,0,0
187,13,1,4096,1,1,7,2,1,3,1524711,1700613,49410,24820,1499891,49,1,1487260,0,1487493,0,1,0,0
187,13,1,4096,1,1,8,2,2,4,1696217,1700613,49410,28941,1667276,49,1,1654670,0,1654903,0,1,0,0
187,13,1,4096,1,1,9,2,3,5,1700300,1700613,49410,33025,1667275,49,1,1658754,0,1658987,0,1,0,0
187,13,1,4096,1,1,10,3,0,3,1536960,1700613,49410,37122,1499838,49,1,1479072,0,1479305,0,1,0,0
187,13,1,4096,1,1,11,3,1,4,1700447,1700613,49410,41217,1659230,49,1,1646478,0,1646711,0,1,0,0
187,13,1,4096,1,1,12,3,2,5,1700586,1700613,49410,45304,1655282,49,1,1650552,0,1650785,0,1,0,0
188,13,2,4096,1,1,0,0,2,2,531803,1700528,49400,7,531796,49,1,523163,0,523396,0,1,0,0
188,13,2,4096,1,1,1,0,3,3,584944,1700528,49400,123,584821,49,1,535340,0,535573,0,1,0,0
188,13,2,4096,1,1,2,1,0,1,678981,1700528,49400,4290,674691,49,1,662017,0,662250,0,1,0,0
188,13,2,4096,1,1,3,1,1,2,1009975,1700528,49400,8450,1001525,49,1,976685,0,976918,0,1,0,0
188,13,2,4096,1,1,4,1,2,3,1197855,1700528,49400,12545,1185310,49,1,1148204,0,1148437,0,1,0,0
188,13,2,4096,1,1,5,1,3,4,1201940,1700528,49400,16645,1185295,49,1,1152268,0,1152501,0,1,0,0
188,13,2,4096,1,1,6,2,0,2,1169276,1700528,49400,20748,1148528,49,1,1144110,0,1144343,0,1,0,0
188,13,2,4096,1,1,7,2,1,3,1524667,1700528,49400,24827,1499840,49,1,1487227,0,1487460,0,1,0,0
188,13,2,4096,1,1,8,2,2,4,1696132,1700528,49400,28930,1667202,49,1,1654610,0,1654843,0,1,0,0
188,13,2,4096,1,1,9,2,3,5,1700214,1700528,49400,33014,1667200,49,1,1658682,0,1658915,0,1,0,0
188,13,2,4096,1,1,10,3,0,3,1536916,1700528,49400,37109,1499807,49,1,1479041,0,1479274,0,1,0,0
188,13,2,4096,1,1,11,3,1,4,1700361,1700528,49400,41204,1659157,49,1,1646420,0,1646653,0,1,0,0
188,13,2,4096,1,1,12,3,2,5,1700501,1700528,49400,45291,1655210,49,1,1650477,0,1650710,0,1,0,0
189,13,3,4096,1,1,0,0,2,2,531839,1700611,49409,7,531832,49,1,523178,0,523411,0,1,0,0
189,13,3,4096,1,1,1,0,3,3,584967,1700611,49409,121,584846,49,1,535382,0,535615,0,1,0,0
189,13,3,4096,1,1,2,1,0,1,679045,1700611,49409,4284,674761,49,1,662093,0,662326,0,1,0,0
189,13,3,4096,1,1,3,1,1,2,1010033,1700611,49409,8443,1001590,49,1,976750,0,976983,0,1,0,0
189,13,3,4096,1,1,4,1,2,3,1197916,1700611,49409,12538,1185378,49,1,1148272,0,1148505,0,1,0,0
189,13,3,4096,1,1,5,1,3,4,1202000,1700611,49409,16638,1185362,49,1,1152337,0,1152570,0,1,0,0
189,13,3,4096,1,1,6,2,0,2,1169338,1700611,49409,20741,1148597,49,1,1144179,0,1144412,0,1,0,0
189,13,3,4096,1,1,7,2,1,3,1524739,1700611,49409,24820,1499919,49,1,1487308,0,1487541,0,1,0,0
189,13,3,4096,1,1,8,2,2,4,1696212,1700611,49409,28920,1667292,49,1,1654700,0,1654933,0,1,0,0
189,13,3,4096,1,1,9,2,3,5,1700295,1700611,49409,33004,1667291,49,1,1658749,0,1658982,0,1,0,0
189,13,3,4096,1,1,10,3,0,3,1536987,1700611,49409,37121,1499866,49,1,1479100,0,1479333,0,1,0,0
189,13,3,4096,1,1,11,3,1,4,1700442,1700611,49409,41216,1659226,49,1,1646488,0,1646721,0,1,0,0
189,13,3,4096,1,1,12,3,2,5,1700584,1700611,49409,45303,1655281,49,1,1650548,0,1650781,0,1,0,0
190,1,1,16384,1,1,0,0,2,2,131543,131565,121,7,131536,8,1,131268,0,131333,0,1,0,0
191,1,2,16384,1,1,0,0,2,2,131544,131566,121,7,131537,8,1,131271,0,131336,0,1,0,0
192,1,3,16384,1,1,0,0,2,2,131541,131563,121,7,131534,8,1,131268,0,131333,0,1,0,0
193,2,1,16384,1,1,0,0,2,2,229570,262430,16580,7,229563,8,1,229281,0,229346,0,1,0,0
193,2,1,16384,1,1,1,0,3,3,262403,262430,16580,126,262277,8,1,245675,0,245740,0,1,0,0
194,2,2,16384,1,1,0,0,2,2,229583,262446,16583,7,229576,8,1,229294,0,229359,0,1,0,0
194,2,2,16384,1,1,1,0,3,3,262419,262446,16583,126,262293,8,1,245685,0,245750,0,1,0,0
195,2,3,16384,1,1,0,0,2,2,229583,262443,16582,7,229576,8,1,229292,0,229357,0,1,0,0
195,2,3,16384,1,1,1,0,3,3,262416,262443,16582,128,262288,8,1,245686,0,245751,0,1,0,0
196,4,1,16384,1,1,0,0,2,2,393380,524450,49411,7,393373,8,1,393091,0,393156,0,1,0,0
196,4,1,16384,1,1,1,0,3,3,458876,524450,49411,121,458755,8,1,442132,0,442197,0,1,0,0
196,4,1,16384,1,1,2,1,0,1,508042,524450,49411,16574,491468,8,1,474852,0,474917,0,1,0,0
196,4,1,16384,1,1,3,1,1,2,524423,524450,49411,33022,491401,8,1,474846,0,474911,0,1,0,0
197,4,2,16384,1,1,0,0,2,2,393414,524493,49412,7,393407,8,1,393125,0,393190,0,1,0,0
197,4,2,16384,1,1,1,0,3,3,458919,524493,49412,121,458798,8,1,442173,0,442238,0,1,0,0
197,4,2,16384,1,1,2,1,0,1,508085,524493,49412,16576,491509,8,1,474893,0,474958,0,1,0,0
197,4,2,16384,1,1,3,1,1,2,524466,524493,49412,33023,491443,8,1,474888,0,474953,0,1,0,0
198,4,3,16384,1,1,0,0,2,2,393428,524489,49408,7,393421,8,1,393139,0,393204,0,1,0,0
198,4,3,16384,1,1,1,0,3,3,458927,524489,49408,121,458806,8,1,442185,0,442250,0,1,0,0
198,4,3,16384,1,1,2,1,0,1,508081,524489,49408,16572,491509,8,1,474893,0,474958,0,1,0,0
198,4,3,16384,1,1,3,1,1,2,524462,524489,49408,33019,491443,8,1,474888,0,474953,0,1,0,0
199,6,1,16384,1,1,0,0,2,2,393373,786491,82208,7,393366,10,1,393084,0,393149,0,1,0,0
199,6,1,16384,1,1,1,0,3,3,491649,786491,82208,121,491528,10,1,442123,0,442188,0,1,0,0
199,6,1,16384,1,1,2,1,0,1,573548,786491,82208,16577,556971,10,1,540355,0,540420,0,1,0,0
199,6,1,16384,1,1,3,1,1,2,688194,786491,82208,33024,655170,10,1,638619,0,638684,0,1,0,0
199,6,1,16384,1,1,4,1,2,3,770097,786491,82208,49407,720690,10,1,704103,0,704168,0,1,0,0
199,6,1,16384,1,1,5,1,3,4,786464,786491,82208,65795,720669,10,1,704087,0,704152,0,1,0,0
200,6,2,16384,1,1,0,0,2,2,393449,786543,82227,7,393442,10,1,393150,0,393215,0,1,0,0
200,6,2,16384,1,1,1,0,3,3,491698,786543,82227,121,491577,10,1,442201,0,442266,0,1,0,0
200,6,2,16384,1,1,2,1,0,1,573634,786543,82227,16574,557060,10,1,540444,0,540509,0,1,0,0
200,6,2,16384,1,1,3,1,1,2,688265,786543,82227,33021,655244,10,1,638689,0,638754,0,1,0,0
200,6,2,16384,1,1,4,1,2,3,770134,786543,82227,49404,720730,10,1,704173,0,704238,0,1,0,0
200,6,2,16384,1,1,5,1,3,4,786516,786543,82227,65792,720724,10,1,704120,0,704185,0,1,0,0
201,6,3,16384,1,1,0,0,2,2,393413,786509,82212,7,393406,10,1,393124,0,393189,0,1,0,0
201,6,3,16384,1,1,1,0,3,3,491663,786509,82212,121,491542,10,1,442166,0,442231,0,1,0,0
201,6,3,16384,1,1,2,1,0,1,573602,786509,82212,16574,557028,10,1,540410,0,540475,0,1,0,0
201,6,3,16384,1,1,3,1,1,2,688228,786509,82212,33021,655207,10,1,638632,0,638697,0,1,0,0
201,6,3,16384,1,1,4,1,2,3,770100,786509,82212,49427,720673,10,1,704116,0,704181,0,1,0,0
201,6,3,16384,1,1,5,1,3,4,786482,786509,82212,65814,720668,10,1,704101,0,704166,0,1,0,0
202,8,1,16384,1,1,0,0,2,2,393401,1048552,114948,7,393394,10,1,393112,0,393177,0,1,0,0
202,8,1,16384,1,1,1,0,3,3,524423,1048552,114948,121,524302,10,1,442160,0,442225,0,1,0,0
202,8,1,16384,1,1,2,1,0,1,639075,1048552,114948,16574,622501,10,1,589507,0,589572,0,1,0,0
202,8,1,16384,1,1,3,1,1,2,982980,1048552,114948,33023,949957,10,1,884286,0,884351,0,1,0,0
202,8,1,16384,1,1,4,1,2,3,1032109,1048552,114948,49406,982703,10,1,966146,0,966211,0,1,0,0
202,8,1,16384,1,1,5,1,3,4,1048500,1048552,114948,65794,982706,10,1,966129,0,966194,0,1,0,0
202,8,1,16384,1,1,6,2,0,2,950235,1048552,114948,82187,868048,10,1,818760,0,818825,0,1,0,0
202,8,1,16384,1,1,7,2,1,3,966609,1048552,114948,98554,868055,10,1,835122,0,835187,0,1,0,0
203,8,2,16384,1,1,0,0,2,2,393399,1048530,114989,7,393392,10,1,393110,0,393175,0,1,0,0
203,8,2,16384,1,1,1,0,3,3,524396,1048530,114989,121,524275,10,1,442147,0,442212,0,1,0,0
203,8,2,16384,1,1,2,1,0,1,639051,1048530,114989,16572,622479,10,1,589484,0,589549,0,1,0,0
203,8,2,16384,1,1,3,1,1,2,982966,1048530,114989,33021,949945,10,1,884245,0,884310,0,1,0,0
203,8,2,16384,1,1,4,1,2,3,1032098,1048530,114989,49423,982675,10,1,966115,0,966180,0,1,0,0
203,8,2,16384,1,1,5,1,3,4,1048478,1048530,114989,65812,982666,10,1,966079,0,966144,0,1,0,0
203,8,2,16384,1,1,6,2,0,2,950213,1048530,114989,82224,867989,10,1,818700,0,818765,0,1,0,0
203,8,2,16384,1,1,7,2,1,3,966604,1048530,114989,98591,868013,10,1,835058,0,835123,0,1,0,0
204,8,3,16384,1,1,0,0,2,2,393407,1048524,114966,7,393400,10,1,393117,0,393182,0,1,0,0
204,8,3,16384,1,1,1,0,3,3,524404,1048524,114966,122,524282,10,1,442151,0,442216,0,1,0,0
204,8,3,16384,1,1,2,1,0,1,639053,1048524,114966,16575,622478,10,1,589486,0,589551,0,1,0,0
204,8,3,16384,1,1,3,1,1,2,982960,1048524,114966,33022,949938,10,1,884267,0,884332,0,1,0,0
204,8,3,16384,1,1,4,1,2,3,1032089,1048524,114966,49405,982684,10,1,966126,0,966191,0,1,0,0
204,8,3,16384,1,1,5,1,3,4,1048472,1048524,114966,65793,982679,10,1,966094,0,966159,0,1,0,0
204,8,3,16384,1,1,6,2,0,2,950215,1048524,114966,82202,868013,10,1,818725,0,818790,0,1,0,0
204,8,3,16384,1,1,7,2,1,3,966588,1048524,114966,98569,868019,10,1,835084,0,835149,0,1,0,0
205,10,1,16384,1,1,0,0,2,2,491676,1310409,147727,7,491669,11,1,393144,0,393209,0,1,0,0
205,10,1,16384,1,1,1,0,3,3,508064,1310409,147727,121,507943,11,1,442178,0,442243,0,1,0,0
205,10,1,16384,1,1,2,1,0,1,655454,1310409,147727,16574,638880,11,1,589514,0,589579,0,1,0,0
205,10,1,16384,1,1,3,1,1,2,1015652,1310409,147727,33021,982631,11,1,900607,0,900672,0,1,0,0
205,10,1,16384,1,1,4,1,2,3,1130254,1310409,147727,49404,1080850,11,1,1047928,0,1047993,0,1,0,0
205,10,1,16384,1,1,5,1,3,4,1146642,1310409,147727,65792,1080850,11,1,1064262,0,1064327,0,1,0,0
205,10,1,16384,1,1,6,2,0,2,1064774,1310409,147727,82190,982584,11,1,933303,0,933368,0,1,0,0
205,10,1,16384,1,1,7,2,1,3,1212132,1310409,147727,98559,1113573,11,1,1096994,0,1097059,0,1,0,0
205,10,1,16384,1,1,8,2,2,4,1294019,1310409,147727,114967,1179052,11,1,1162484,0,1162549,0,1,0,0
205,10,1,16384,1,1,9,2,3,5,1310382,1310409,147727,131338,1179044,11,1,1162486,0,1162551,0,1,0,0
206,10,2,16384,1,1,0,0,2,2,491656,1310377,147704,7,491649,11,1,393110,0,393175,0,1,0,0
206,10,2,16384,1,1,1,0,3,3,508047,1310377,147704,121,507926,11,1,442143,0,442208,0,1,0,0
206,10,2,16384,1,1,2,1,0,1,655425,1310377,147704,16575,638850,11,1,589482,0,589547,0,1,0,0
206,10,2,16384,1,1,3,1,1,2,1015638,1310377,147704,33022,982616,11,1,900590,0,900655,0,1,0,0
206,10,2,16384,1,1,4,1,2,3,1130241,1310377,147704,49405,1080836,11,1,1047914,0,1047979,0,1,0,0
206,10,2,16384,1,1,5,1,3,4,1146616,1310377,147704,65794,1080822,11,1,1064251,0,1064316,0,1,0,0
206,10,2,16384,1,1,6,2,0,2,1064755,1310377,147704,82188,982567,11,1,933289,0,933354,0,1,0,0
206,10,2,16384,1,1,7,2,1,3,1212107,1310377,147704,98555,1113552,11,1,1096994,0,1097059,0,1,0,0
206,10,2,16384,1,1,8,2,2,4,1293969,1310377,147704,114943,1179026,11,1,1162482,0,1162547,0,1,0,0
206,10,2,16384,1,1,9,2,3,5,1310350,1310377,147704,131315,1179035,11,1,1162476,0,1162541,0,1,0,0
207,10,3,16384,1,1,0,0,2,2,491703,1310460,147752,7,491696,11,1,393152,0,393217,0,1,0,0
207,10,3,16384,1,1,1,0,3,3,508092,1310460,147752,121,507971,11,1,442185,0,442250,0,1,0,0
207,10,3,16384,1,1,2,1,0,1,655487,1310460,147752,16574,638913,11,1,589546,0,589611,0,1,0,0
207,10,3,16384,1,1,3,1,1,2,1015715,1310460,147752,33022,982693,11,1,900652,0,900717,0,1,0,0
207,10,3,16384,1,1,4,1,2,3,1130313,1310460,147752,49404,1080909,11,1,1047988,0,1048053,0,1,0,0
207,10,3,16384,1,1,5,1,3,4,1146686,1310460,147752,65791,1080895,11,1,1064291,0,1064356,0,1,0,0
207,10,3,16384,1,1,6,2,0,2,1064832,1310460,147752,82220,982612,11,1,933322,0,933387,0,1,0,0
207,10,3,16384,1,1,7,2,1,3,1212176,1310460,147752,98598,1113578,11,1,1097017,0,1097082,0,1,0,0
207,10,3,16384,1,1,8,2,2,4,1294051,1310460,147752,114988,1179063,11,1,1162519,0,1162584,0,1,0,0
207,10,3,16384,1,1,9,2,3,5,1310433,1310460,147752,131360,1179073,11,1,1162510,0,1162575,0,1,0,0
208,13,1,16384,1,1,0,0,2,2,426195,1703579,196881,7,426188,11,1,393152,0,393217,0,1,0,0
208,13,1,16384,1,1,1,0,3,3,639105,1703579,196881,121,638984,11,1,442188,0,442253,0,1,0,0
208,13,1,16384,1,1,2,1,0,1,655515,1703579,196881,16574,638941,11,1,589533,0,589598,0,1,0,0
208,13,1,16384,1,1,3,1,1,2,999397,1703579,196881,33021,966376,11,1,900685,0,900750,0,1,0,0
208,13,1,16384,1,1,4,1,2,3,1163105,1703579,196881,49404,1113701,11,1,1048024,0,1048089,0,1,0,0
208,13,1,16384,1,1,5,1,3,4,1179485,1703579,196881,65795,1113690,11,1,1064343,0,1064408,0,1,0,0
208,13,1,16384,1,1,6,2,0,2,1195860,1703579,196881,82215,1113645,11,1,1064350,0,1064415,0,1,0,0
208,13,1,16384,1,1,7,2,1,3,1506958,1703579,196881,98584,1408374,11,1,1375439,0,1375504,0,1,0,0
208,13,1,16384,1,1,8,2,2,4,1670677,1703579,196881,114972,1555705,11,1,1522787,0,1522852,0,1,0,0
208,13,1,16384,1,1,9,2,3,5,1687050,1703579,196881,131343,1555707,11,1,1539147,0,1539212,0,1,0,0
208,13,1,16384,1,1,10,3,0,3,1556083,1703579,196881,147726,1408357,11,1,1342676,0,1342741,0,1,0,0
208,13,1,16384,1,1,11,3,1,4,1703412,1703579,196881,164110,1539302,11,1,1490017,0,1490082,0,1,0,0
208,13,1,16384,1,1,12,3,2,5,1703552,1703579,196881,180488,1523064,11,1,1506365,0,1506430,0,1,0,0
209,13,2,16384,1,1,0,0,2,2,426186,1703569,196873,7,426179,11,1,393143,0,393208,0,1,0,0
209,13,2,16384,1,1,1,0,3,3,639098,1703569,196873,121,638977,11,1,442179,0,442244,0,1,0,0
209,13,2,16384,1,1,2,1,0,1,655505,1703569,196873,16574,638931,11,1,589525,0,589590,0,1,0,0
209,13,2,16384,1,1,3,1,1,2,999391,1703569,196873,33021,966370,11,1,900673,0,900738,0,1,0,0
209,13,2,16384,1,1,4,1,2,3,1163100,1703569,196873,49404,1113696,11,1,1048022,0,1048087,0,1,0,0
209,13,2,16384,1,1,5,1,3,4,1179480,1703569,196873,65792,1113688,11,1,1064346,0,1064411,0,1,0,0
209,13,2,16384,1,1,6,2,0,2,1195855,1703569,196873,82207,1113648,11,1,1064356,0,1064421,0,1,0,0
209,13,2,16384,1,1,7,2,1,3,1506949,1703569,196873,98574,1408375,11,1,1375440,0,1375505,0,1,0,0
209,13,2,16384,1,1,8,2,2,4,1670667,1703569,196873,114962,1555705,11,1,1522786,0,1522851,0,1,0,0
209,13,2,16384,1,1,9,2,3,5,1687039,1703569,196873,131334,1555705,11,1,1539147,0,1539212,0,1,0,0
209,13,2,16384,1,1,10,3,0,3,1556074,1703569,196873,147717,1408357,11,1,1342678,0,1342743,0,1,0,0
209,13,2,16384,1,1,11,3,1,4,1703402,1703569,196873,164100,1539302,11,1,1490015,0,1490080,0,1,0,0
209,13,2,16384,1,1,12,3,2,5,1703542,1703569,196873,180480,1523062,11,1,1506364,0,1506429,0,1,0,0
210,13,3,16384,1,1,0,0,2,2,426200,1703553,196887,7,426193,11,1,393157,0,393222,0,1,0,0
210,13,3,16384,1,1,1,0,3,3,639105,1703553,196887,121,638984,11,1,442193,0,442258,0,1,0,0
210,13,3,16384,1,1,2,1,0,1,655489,1703553,196887,16574,638915,11,1,589523,0,589588,0,1,0,0
210,13,3,16384,1,1,3,1,1,2,999341,1703553,196887,33021,966320,11,1,900642,0,900707,0,1,0,0
210,13,3,16384,1,1,4,1,2,3,1163068,1703553,196887,49404,1113664,11,1,1047989,0,1048054,0,1,0,0
210,13,3,16384,1,1,5,1,3,4,1179448,1703553,196887,65792,1113656,11,1,1064317,0,1064382,0,1,0,0
210,13,3,16384,1,1,6,2,0,2,1195823,1703553,196887,82204,1113619,11,1,1064324,0,1064389,0,1,0,0
210,13,3,16384,1,1,7,2,1,3,1506925,1703553,196887,98573,1408352,11,1,1375418,0,1375483,0,1,0,0
210,13,3,16384,1,1,8,2,2,4,1670653,1703553,196887,114961,1555692,11,1,1522774,0,1522839,0,1,0,0
210,13,3,16384,1,1,9,2,3,5,1687025,1703553,196887,131332,1555693,11,1,1539134,0,1539199,0,1,0,0
210,13,3,16384,1,1,10,3,0,3,1556045,1703553,196887,147715,1408330,11,1,1342639,0,1342704,0,1,0,0
210,13,3,16384,1,1,11,3,1,4,1703387,1703553,196887,164116,1539271,11,1,1489988,0,1490053,0,1,0,0
210,13,3,16384,1,1,12,3,2,5,1703526,1703553,196887,180493,1523033,11,1,1506336,0,1506401,0,1,0,0
211,1,1,8,1,0,0,0,2,2,453755,453777,121,7,453748,3352,1,371620,0,453549,0,1,0,0
212,1,2,8,1,0,0,0,2,2,453760,453782,121,7,453753,3352,1,371625,0,453554,0,1,0,0
213,1,3,8,1,0,0,0,2,2,453757,453779,121,7,453750,3352,1,371597,0,453526,0,1,0,0
214,2,1,8,1,0,0,0,2,2,499132,499305,243,7,499125,1639,1,416930,0,498859,0,1,0,0
214,2,1,8,1,0,1,0,3,3,499278,499305,243,126,499152,1639,1,416959,0,498888,0,1,0,0
215,2,2,8,1,0,0,0,2,2,499091,499264,253,7,499084,1639,1,416932,0,498861,0,1,0,0
215,2,2,8,1,0,1,0,3,3,499237,499264,253,136,499101,1639,1,416961,0,498890,0,1,0,0
216,2,3,8,1,0,0,0,2,2,499090,499280,243,7,499083,1639,1,416941,0,498870,0,1,0,0
216,2,3,8,1,0,1,0,3,3,499253,499280,243,126,499127,1639,1,416970,0,498899,0,1,0,0
217,4,1,8,1,0,0,0,2,2,780498,780941,476,7,780491,1399,1,697978,0,779907,0,1,0,0
217,4,1,8,1,0,1,0,3,3,780640,780941,476,121,780519,1399,1,698066,0,779995,0,1,0,0
217,4,1,8,1,0,2,1,0,1,780777,780941,476,232,780545,1399,1,698020,0,779949,0,1,0,0
217,4,1,8,1,0,3,1,1,2,780914,780941,476,350,780564,1399,1,697991,0,779920,0,1,0,0
218,4,2,8,1,0,0,0,2,2,780396,780843,486,7,780389,1399,1,697967,0,779896,0,1,0,0
218,4,2,8,1,0,1,0,3,3,780541,780843,486,121,780420,1399,1,698075,0,780004,0,1,0,0
218,4,2,8,1,0,2,1,0,1,780679,780843,486,232,780447,1399,1,698024,0,779953,0,1,0,0
218,4,2,8,1,0,3,1,1,2,780816,780843,486,357,780459,1399,1,697978,0,779907,0,1,0,0
219,4,3,8,1,0,0,0,2,2,780294,780747,482,7,780287,1399,1,697990,0,779919,0,1,0,0
219,4,3,8,1,0,1,0,3,3,780442,780747,482,121,780321,1399,1,698069,0,779998,0,1,0,0
219,4,3,8,1,0,2,1,0,1,780583,780747,482,232,780351,1399,1,698056,0,779985,0,1,0,0
219,4,3,8,1,0,3,1,1,2,780720,780747,482,357,780363,1399,1,698027,0,779956,0,1,0,0
220,6,1,8,1,0,0,0,2,2,1185204,1185939,734,7,1185197,1408,1,1102779,0,1184708,0,1,0,0
220,6,1,8,1,0,1,0,3,3,1185353,1185939,734,121,1185232,1408,1,1102979,0,1184908,0,1,0,0
220,6,1,8,1,0,2,1,0,1,1185493,1185939,734,232,1185261,1408,1,1103038,0,1184967,0,1,0,0
220,6,1,8,1,0,3,1,1,2,1185633,1185939,734,357,1185276,1408,1,1103001,0,1184930,0,1,0,0
220,6,1,8,1,0,4,1,2,3,1185773,1185939,734,477,1185296,1408,1,1102960,0,1184889,0,1,0,0
220,6,1,8,1,0,5,1,3,4,1185912,1185939,734,603,1185309,1408,1,1102954,0,1184883,0,1,0,0
221,6,2,8,1,0,0,0,2,2,1185653,1186383,733,7,1185646,1408,1,1103026,0,1184955,0,1,0,0
221,6,2,8,1,0,1,0,3,3,1185800,1186383,733,121,1185679,1408,1,1103242,0,1185171,0,1,0,0
221,6,2,8,1,0,2,1,0,1,1185940,1186383,733,236,1185704,1408,1,1103302,0,1185231,0,1,0,0
221,6,2,8,1,0,3,1,1,2,1186079,1186383,733,357,1185722,1408,1,1103284,0,1185213,0,1,0,0
221,6,2,8,1,0,4,1,2,3,1186217,1186383,733,476,1185741,1408,1,1103243,0,1185172,0,1,0,0
221,6,2,8,1,0,5,1,3,4,1186356,1186383,733,602,1185754,1408,1,1103192,0,1185121,0,1,0,0
222,6,3,8,1,0,0,0,2,2,1185695,1186431,742,7,1185688,1409,1,1103155,0,1185084,0,1,0,0
222,6,3,8,1,0,1,0,3,3,1185841,1186431,742,121,1185720,1409,1,1103400,0,1185329,0,1,0,0
222,6,3,8,1,0,2,1,0,1,1185985,1186431,742,239,1185746,1409,1,1103454,0,1185383,0,1,0,0
222,6,3,8,1,0,3,1,1,2,1186125,1186431,742,366,1185759,1409,1,1103442,0,1185371,0,1,0,0
222,6,3,8,1,0,4,1,2,3,1186262,1186431,742,485,1185777,1409,1,1103422,0,1185351,0,1,0,0
222,6,3,8,1,0,5,1,3,4,1186404,1186431,742,611,1185793,1409,1,1103371,0,1185300,0,1,0,0
223,8,1,8,1,0,0,0,2,2,1596060,1597076,991,7,1596053,1436,1,1512968,0,1594897,0,1,0,0
223,8,1,8,1,0,1,0,3,3,1596208,1597076,991,121,1596087,1436,1,1513347,0,1595276,0,1,0,0
223,8,1,8,1,0,2,1,0,1,1596358,1597076,991,232,1596126,1436,1,1513503,0,1595432,0,1,0,0
223,8,1,8,1,0,3,1,1,2,1596495,1597076,991,357,1596138,1436,1,1513519,0,1595448,0,1,0,0
223,8,1,8,1,0,4,1,2,3,1596632,1597076,991,483,1596149,1436,1,1513558,0,1595487,0,1,0,0
223,8,1,8,1,0,5,1,3,4,1596772,1597076,991,608,1596164,1436,1,1513560,0,1595489,0,1,0,0
223,8,1,8,1,0,6,2,0,2,1596911,1597076,991,734,1596177,1436,1,1513475,0,1595404,0,1,0,0
223,8,1,8,1,0,7,2,1,3,1597049,1597076,991,859,1596190,1436,1,1513386,0,1595315,0,1,0,0
224,8,2,8,1,0,0,0,2,2,1594146,1595194,970,7,1594139,1431,1,1511643,0,1593572,0,1,0,0
224,8,2,8,1,0,1,0,3,3,1594295,1595194,970,121,1594174,1431,1,1511959,0,1593888,0,1,0,0
224,8,2,8,1,0,2,1,0,1,1594435,1595194,970,232,1594203,1431,1,1512066,0,1593995,0,1,0,0
224,8,2,8,1,0,3,1,1,2,1594583,1595194,970,353,1594230,1431,1,1512094,0,1594023,0,1,0,0
224,8,2,8,1,0,4,1,2,3,1594739,1595194,970,473,1594266,1431,1,1512116,0,1594045,0,1,0,0
224,8,2,8,1,0,5,1,3,4,1594887,1595194,970,598,1594289,1431,1,1512125,0,1594054,0,1,0,0
224,8,2,8,1,0,6,2,0,2,1595029,1595194,970,724,1594305,1431,1,1512047,0,1593976,0,1,0,0
224,8,2,8,1,0,7,2,1,3,1595167,1595194,970,849,1594318,1431,1,1511970,0,1593899,0,1,0,0
225,8,3,8,1,0,0,0,2,2,1594615,1596526,975,7,1594608,1430,1,1512215,0,1594144,0,1,0,0
225,8,3,8,1,0,1,0,3,3,1595792,1596526,975,121,1595671,1430,1,1512596,0,1594525,0,1,0,0
225,8,3,8,1,0,2,1,0,1,1595930,1596526,975,232,1595698,1430,1,1512754,0,1594683,0,1,0,0
225,8,3,8,1,0,3,1,1,2,1596068,1596526,975,355,1595713,1430,1,1512795,0,1594724,0,1,0,0
225,8,3,8,1,0,4,1,2,3,1596206,1596526,975,474,1595732,1430,1,1512831,0,1594760,0,1,0,0
225,8,3,8,1,0,5,1,3,4,1596345,1596526,975,600,1595745,1430,1,1512806,0,1594735,0,1,0,0
225,8,3,8,1,0,6,2,0,2,1596485,1596526,975,725,1595760,1430,1,1512728,0,1594657,0,1,0,0
225,8,3,8,1,0,7,2,1,3,1595611,1596526,975,843,1594768,1430,1,1512639,0,1594568,0,1,0,0
226,10,1,8,1,0,0,0,2,2,1982456,1983783,1240,7,1982449,1423,1,1899303,0,1981232,0,1,0,0
226,10,1,8,1,0,1,0,3,3,1982605,1983783,1240,121,1982484,1423,1,1899787,0,1981716,0,1,0,0
226,10,1,8,1,0,2,1,0,1,1982745,1983783,1240,232,1982513,1423,1,1900021,0,1981950,0,1,0,0
226,10,1,8,1,0,3,1,1,2,1982893,1983783,1240,357,1982536,1423,1,1900134,0,1982063,0,1,0,0
226,10,1,8,1,0,4,1,2,3,1983049,1983783,1240,476,1982573,1423,1,1900275,0,1982204,0,1,0,0
226,10,1,8,1,0,5,1,3,4,1983196,1983783,1240,602,1982594,1423,1,1900273,0,1982202,0,1,0,0
226,10,1,8,1,0,6,2,0,2,1983338,1983783,1240,731,1982607,1423,1,1900240,0,1982169,0,1,0,0
226,10,1,8,1,0,7,2,1,3,1983475,1983783,1240,856,1982619,1423,1,1900178,0,1982107,0,1,0,0
226,10,1,8,1,0,8,2,2,4,1983615,1983783,1240,982,1982633,1423,1,1900097,0,1982026,0,1,0,0
226,10,1,8,1,0,9,2,3,5,1983756,1983783,1240,1109,1982647,1423,1,1900010,0,1981939,0,1,0,0
227,10,2,8,1,0,0,0,2,2,1983006,1984334,1224,7,1982999,1422,1,1899955,0,1981884,0,1,0,0
227,10,2,8,1,0,1,0,3,3,1983153,1984334,1224,121,1983032,1422,1,1900350,0,1982279,0,1,0,0
227,10,2,8,1,0,2,1,0,1,1983296,1984334,1224,232,1983064,1422,1,1900594,0,1982523,0,1,0,0
227,10,2,8,1,0,3,1,1,2,1983442,1984334,1224,357,1983085,1422,1,1900684,0,1982613,0,1,0,0
227,10,2,8,1,0,4,1,2,3,1983599,1984334,1224,476,1983123,1422,1,1900776,0,1982705,0,1,0,0
227,10,2,8,1,0,5,1,3,4,1983746,1984334,1224,589,1983157,1422,1,1900847,0,1982776,0,1,0,0
227,10,2,8,1,0,6,2,0,2,1983888,1984334,1224,715,1983173,1422,1,1900827,0,1982756,0,1,0,0
227,10,2,8,1,0,7,2,1,3,1984025,1984334,1224,840,1983185,1422,1,1900744,0,1982673,0,1,0,0
227,10,2,8,1,0,8,2,2,4,1984168,1984334,1224,966,1983202,1422,1,1900663,0,1982592,0,1,0,0
227,10,2,8,1,0,9,2,3,5,1984307,1984334,1224,1093,1983214,1422,1,1900576,0,1982505,0,1,0,0
228,10,3,8,1,0,0,0,2,2,1981520,1984113,1236,7,1981513,1424,1,1899382,0,1981311,0,1,0,0
228,10,3,8,1,0,1,0,3,3,1982959,1984113,1236,124,1982835,1424,1,1899877,0,1981806,0,1,0,0
228,10,3,8,1,0,2,1,0,1,1983111,1984113,1236,235,1982876,1424,1,1900120,0,1982049,0,1,0,0
228,10,3,8,1,0,3,1,1,2,1983252,1984113,1236,360,1982892,1424,1,1900221,0,1982150,0,1,0,0
228,10,3,8,1,0,4,1,2,3,1983392,1984113,1236,479,1982913,1424,1,1900339,0,1982268,0,1,0,0
228,10,3,8,1,0,5,1,3,4,1983531,1984113,1236,605,1982926,1424,1,1900363,0,1982292,0,1,0,0
228,10,3,8,1,0,6,2,0,2,1983671,1984113,1236,727,1982944,1424,1,1900322,0,1982251,0,1,0,0
228,10,3,8,1,0,7,2,1,3,1983808,1984113,1236,852,1982956,1424,1,1900259,0,1982188,0,1,0,0
228,10,3,8,1,0,8,2,2,4,1983947,1984113,1236,978,1982969,1424,1,1900196,0,1982125,0,1,0,0
228,10,3,8,1,0,9,2,3,5,1984086,1984113,1236,1105,1982981,1424,1,1900092,0,1982021,0,1,0,0
229,13,1,8,1,0,0,0,2,2,2304220,2568271,1617,7,2304213,1430,1,2221775,0,2303704,0,1,0,0
229,13,1,8,1,0,1,0,3,3,2306065,2568271,1617,121,2305944,1430,1,2222382,0,2304311,0,1,0,0
229,13,1,8,1,0,2,1,0,1,2565660,2568271,1617,232,2565428,1430,1,2483104,0,2565033,0,1,0,0
229,13,1,8,1,0,3,1,1,2,2565806,2568271,1617,359,2565447,1430,1,2483309,0,2565238,0,1,0,0
229,13,1,8,1,0,4,1,2,3,2567264,2568271,1617,477,2566787,1430,1,2483550,0,2565479,0,1,0,0
229,13,1,8,1,0,5,1,3,4,2567396,2568271,1617,603,2566793,1430,1,2483685,0,2565614,0,1,0,0
229,13,1,8,1,0,6,2,0,2,2567535,2568271,1617,728,2566807,1430,1,2483781,0,2565710,0,1,0,0
229,13,1,8,1,0,7,2,1,3,2567672,2568271,1617,854,2566818,1430,1,2483761,0,2565690,0,1,0,0
229,13,1,8,1,0,8,2,2,4,2567811,2568271,1617,981,2566830,1430,1,2483697,0,2565626,0,1,0,0
229,13,1,8,1,0,9,2,3,5,2567951,2568271,1617,1107,2566844,1430,1,2483671,0,2565600,0,1,0,0
229,13,1,8,1,0,10,3,0,3,2568091,2568271,1617,1233,2566858,1430,1,2483585,0,2565514,0,1,0,0
229,13,1,8,1,0,11,3,1,4,2568230,2568271,1617,1359,2566871,1430,1,2483497,0,2565426,0,1,0,0
229,13,1,8,1,0,12,3,2,5,2567063,2568271,1617,1485,2565578,1430,1,2483392,0,2565321,0,1,0,0
230,13,2,8,1,0,0,0,2,2,2302557,2568630,1621,7,2302550,1433,1,2218995,0,2300924,0,1,0,0
230,13,2,8,1,0,1,0,3,3,2302704,2568630,1621,122,2302582,1433,1,2219575,0,2301504,0,1,0,0
230,13,2,8,1,0,2,1,0,1,2566381,2568630,1621,233,2566148,1433,1,2483664,0,2565593,0,1,0,0
230,13,2,8,1,0,3,1,1,2,2566527,2568630,1621,371,2566156,1433,1,2483956,0,2565885,0,1,0,0
230,13,2,8,1,0,4,1,2,3,2566670,2568630,1621,489,2566181,1433,1,2484103,0,2566032,0,1,0,0
230,13,2,8,1,0,5,1,3,4,2568020,2568630,1621,615,2567405,1433,1,2484296,0,2566225,0,1,0,0
230,13,2,8,1,0,6,2,0,2,2568152,2568630,1621,740,2567412,1433,1,2484372,0,2566301,0,1,0,0
230,13,2,8,1,0,7,2,1,3,2568289,2568630,1621,866,2567423,1433,1,2484374,0,2566303,0,1,0,0
230,13,2,8,1,0,8,2,2,4,2568428,2568630,1621,985,2567443,1433,1,2484326,0,2566255,0,1,0,0
230,13,2,8,1,0,9,2,3,5,2568569,2568630,1621,1111,2567458,1433,1,2484262,0,2566191,0,1,0,0
230,13,2,8,1,0,10,3,0,3,2567534,2568630,1621,1237,2566297,1433,1,2484213,0,2566142,0,1,0,0
230,13,2,8,1,0,11,3,1,4,2567681,2568630,1621,1363,2566318,1433,1,2484108,0,2566037,0,1,0,0
230,13,2,8,1,0,12,3,2,5,2567823,2568630,1621,1489,2566334,1433,1,2484004,0,2565933,0,1,0,0
231,13,3,8,1,0,0,0,2,2,2303714,2567469,1653,7,2303707,1430,1,2219929,0,2301858,0,1,0,0
231,13,3,8,1,0,1,0,3,3,2303861,2567469,1653,147,2303714,1430,1,2220591,0,2302520,0,1,0,0
231,13,3,8,1,0,2,1,0,1,2564993,2567469,1653,258,2564735,1430,1,2482394,0,2564323,0,1,0,0
231,13,3,8,1,0,3,1,1,2,2565141,2567469,1653,383,2564758,1430,1,2482598,0,2564527,0,1,0,0
231,13,3,8,1,0,4,1,2,3,2566589,2567469,1653,502,2566087,1430,1,2482804,0,2564733,0,1,0,0
231,13,3,8,1,0,5,1,3,4,2566721,2567469,1653,628,2566093,1430,1,2482917,0,2564846,0,1,0,0
231,13,3,8,1,0,6,2,0,2,2566860,2567469,1653,776,2566084,1430,1,2482951,0,2564880,0,1,0,0
231,13,3,8,1,0,7,2,1,3,2566997,2567469,1653,902,2566095,1430,1,2483008,0,2564937,0,1,0,0
231,13,3,8,1,0,8,2,2,4,2567137,2567469,1653,1028,2566109,1430,1,2482943,0,2564872,0,1,0,0
231,13,3,8,1,0,9,2,3,5,2567277,2567469,1653,1154,2566123,1430,1,2482917,0,2564846,0,1,0,0
231,13,3,8,1,0,10,3,0,3,2567417,2567469,1653,1280,2566137,1430,1,2482841,0,2564770,0,1,0,0
231,13,3,8,1,0,11,3,1,4,2566253,2567469,1653,1395,2564858,1430,1,2482738,0,2564667,0,1,0,0
231,13,3,8,1,0,12,3,2,5,2566403,2567469,1653,1520,2564883,1430,1,2482648,0,2564577,0,1,0,0
232,1,1,16,1,0,0,0,2,2,262854,262876,121,7,262847,2049,1,221617,0,262586,0,1,0,0
233,1,2,16,1,0,0,0,2,2,262855,262877,121,7,262848,2049,1,221618,0,262587,0,1,0,0
234,1,3,16,1,0,0,0,2,2,262843,262865,121,7,262836,2049,1,221606,0,262575,0,1,0,0
235,2,1,16,1,0,0,0,2,2,277548,277719,243,7,277541,1025,1,236199,0,277168,0,1,0,0
235,2,1,16,1,0,1,0,3,3,277692,277719,243,126,277566,1025,1,236187,0,277156,0,1,0,0
236,2,2,16,1,0,0,0,2,2,277570,277739,243,7,277563,1025,1,236222,0,277191,0,1,0,0
236,2,2,16,1,0,1,0,3,3,277712,277739,243,126,277586,1025,1,236210,0,277179,0,1,0,0
237,2,3,16,1,0,0,0,2,2,277559,277728,243,7,277552,1025,1,236212,0,277181,0,1,0,0
237,2,3,16,1,0,1,0,3,3,277701,277728,243,126,277575,1025,1,236200,0,277169,0,1,0,0
238,4,1,16,1,0,0,0,2,2,467934,468563,464,7,467927,834,1,426784,0,467753,0,1,0,0
238,4,1,16,1,0,1,0,3,3,468511,468563,464,121,468390,834,1,426859,0,467828,0,1,0,0
238,4,1,16,1,0,2,1,0,1,468207,468563,464,234,467973,834,1,426831,0,467800,0,1,0,0
238,4,1,16,1,0,3,1,1,2,468352,468563,464,347,468005,834,1,426822,0,467791,0,1,0,0
239,4,2,16,1,0,0,0,2,2,468143,468610,475,7,468136,833,1,426663,0,467632,0,1,0,0
239,4,2,16,1,0,1,0,3,3,468288,468610,475,121,468167,833,1,426732,0,467701,0,1,0,0
239,4,2,16,1,0,2,1,0,1,468425,468610,475,247,468178,833,1,426724,0,467693,0,1,0,0
239,4,2,16,1,0,3,1,1,2,468583,468610,475,358,468225,833,1,426702,0,467671,0,1,0,0
240,4,3,16,1,0,0,0,2,2,468290,468605,466,7,468283,833,1,426662,0,467631,0,1,0,0
240,4,3,16,1,0,1,0,3,3,468427,468605,466,121,468306,833,1,426689,0,467658,0,1,0,0
240,4,3,16,1,0,2,1,0,1,468564,468605,466,234,468330,833,1,426666,0,467635,0,1,0,0
240,4,3,16,1,0,3,1,1,2,468143,468605,466,347,467796,833,1,426653,0,467622,0,1,0,0
241,6,1,16,1,0,0,0,2,2,712723,713452,695,7,712716,836,1,671211,0,712180,0,1,0,0
241,6,1,16,1,0,1,0,3,3,712869,713452,695,121,712748,836,1,671386,0,712355,0,1,0,0
241,6,1,16,1,0,2,1,0,1,713010,713452,695,234,712776,836,1,671412,0,712381,0,1,0,0
241,6,1,16,1,0,3,1,1,2,713149,713452,695,347,712802,836,1,671473,0,712442,0,1,0,0
241,6,1,16,1,0,4,1,2,3,713286,713452,695,458,712828,836,1,671419,0,712388,0,1,0,0
241,6,1,16,1,0,5,1,3,4,713425,713452,695,568,712857,836,1,671339,0,712308,0,1,0,0
242,6,2,16,1,0,0,0,2,2,712747,713479,704,7,712740,836,1,671194,0,712163,0,1,0,0
242,6,2,16,1,0,1,0,3,3,712894,713479,704,121,712773,836,1,671363,0,712332,0,1,0,0
242,6,2,16,1,0,2,1,0,1,713035,713479,704,232,712803,836,1,671414,0,712383,0,1,0,0
242,6,2,16,1,0,3,1,1,2,713175,713479,704,345,712830,836,1,671408,0,712377,0,1,0,0
242,6,2,16,1,0,4,1,2,3,713312,713479,704,456,712856,836,1,671417,0,712386,0,1,0,0
242,6,2,16,1,0,5,1,3,4,713452,713479,704,577,712875,836,1,671353,0,712322,0,1,0,0
243,6,3,16,1,0,0,0,2,2,712805,713552,714,7,712798,836,1,671186,0,712155,0,1,0,0
243,6,3,16,1,0,1,0,3,3,712970,713552,714,121,712849,836,1,671378,0,712347,0,1,0,0
243,6,3,16,1,0,2,1,0,1,713111,713552,714,234,712877,836,1,671404,0,712373,0,1,0,0
243,6,3,16,1,0,3,1,1,2,713249,713552,714,347,712902,836,1,671401,0,712370,0,1,0,0
243,6,3,16,1,0,4,1,2,3,713386,713552,714,466,712920,836,1,671420,0,712389,0,1,0,0
243,6,3,16,1,0,5,1,3,4,713525,713552,714,587,712938,836,1,671339,0,712308,0,1,0,0
244,8,1,16,1,0,0,0,2,2,949873,951897,955,7,949866,840,1,908649,0,949618,0,1,0,0
244,8,1,16,1,0,1,0,3,3,951034,951897,955,121,950913,840,1,908932,0,949901,0,1,0,0
244,8,1,16,1,0,2,1,0,1,951177,951897,955,234,950943,840,1,909032,0,950001,0,1,0,0
244,8,1,16,1,0,3,1,1,2,951317,951897,955,347,950970,840,1,909129,0,950098,0,1,0,0
244,8,1,16,1,0,4,1,2,3,951454,951897,955,458,950996,840,1,909196,0,950165,0,1,0,0
244,8,1,16,1,0,5,1,3,4,951593,951897,955,579,951014,840,1,909143,0,950112,0,1,0,0
244,8,1,16,1,0,6,2,0,2,951732,951897,955,706,951026,840,1,909087,0,950056,0,1,0,0
244,8,1,16,1,0,7,2,1,3,951870,951897,955,827,951043,840,1,909007,0,949976,0,1,0,0
245,8,2,16,1,0,0,0,2,2,949850,951874,955,7,949843,840,1,908626,0,949595,0,1,0,0
245,8,2,16,1,0,1,0,3,3,951011,951874,955,121,950890,840,1,908909,0,949878,0,1,0,0
245,8,2,16,1,0,2,1,0,1,951154,951874,955,234,950920,840,1,909009,0,949978,0,1,0,0
245,8,2,16,1,0,3,1,1,2,951294,951874,955,347,950947,840,1,909106,0,950075,0,1,0,0
245,8,2,16,1,0,4,1,2,3,951431,951874,955,458,950973,840,1,909173,0,950142,0,1,0,0
245,8,2,16,1,0,5,1,3,4,951570,951874,955,579,950991,840,1,909120,0,950089,0,1,0,0
245,8,2,16,1,0,6,2,0,2,951709,951874,955,706,951003,840,1,909064,0,950033,0,1,0,0
245,8,2,16,1,0,7,2,1,3,951847,951874,955,827,951020,840,1,908984,0,949953,0,1,0,0
246,8,3,16,1,0,0,0,2,2,950562,951588,945,7,950555,840,1,908546,0,949515,0,1,0,0
246,8,3,16,1,0,1,0,3,3,950717,951588,945,121,950596,840,1,908853,0,949822,0,1,0,0
246,8,3,16,1,0,2,1,0,1,950867,951588,945,234,950633,840,1,908971,0,949940,0,1,0,0
246,8,3,16,1,0,3,1,1,2,951004,951588,945,347,950657,840,1,909075,0,950044,0,1,0,0
246,8,3,16,1,0,4,1,2,3,951144,951588,945,458,950686,840,1,909080,0,950049,0,1,0,0
246,8,3,16,1,0,5,1,3,4,951284,951588,945,575,950709,840,1,909056,0,950025,0,1,0,0
246,8,3,16,1,0,6,2,0,2,951423,951588,945,696,950727,840,1,908984,0,949953,0,1,0,0
246,8,3,16,1,0,7,2,1,3,951561,951588,945,817,950744,840,1,908903,0,949872,0,1,0,0
247,10,1,16,1,0,0,0,2,2,1187866,1189185,1214,7,1187859,836,1,1145662,0,1186631,0,1,0,0
247,10,1,16,1,0,1,0,3,3,1188012,1189185,1214,121,1187891,836,1,1146019,0,1186988,0,1,0,0
247,10,1,16,1,0,2,1,0,1,1188165,1189185,1214,234,1187931,836,1,1146250,0,1187219,0,1,0,0
247,10,1,16,1,0,3,1,1,2,1188311,1189185,1214,347,1187964,836,1,1146379,0,1187348,0,1,0,0
247,10,1,16,1,0,4,1,2,3,1188457,1189185,1214,458,1187999,836,1,1146504,0,1187473,0,1,0,0
247,10,1,16,1,0,5,1,3,4,1188601,1189185,1214,595,1188006,836,1,1146540,0,1187509,0,1,0,0
247,10,1,16,1,0,6,2,0,2,1188740,1189185,1214,716,1188024,836,1,1146514,0,1187483,0,1,0,0
247,10,1,16,1,0,7,2,1,3,1188877,1189185,1214,837,1188040,836,1,1146444,0,1187413,0,1,0,0
247,10,1,16,1,0,8,2,2,4,1189016,1189185,1214,958,1188058,836,1,1146395,0,1187364,0,1,0,0
247,10,1,16,1,0,9,2,3,5,1189158,1189185,1214,1080,1188078,836,1,1146292,0,1187261,0,1,0,0
248,10,2,16,1,0,0,0,2,2,1187796,1189112,1198,7,1187789,836,1,1145863,0,1186832,0,1,0,0
248,10,2,16,1,0,1,0,3,3,1187941,1189112,1198,121,1187820,836,1,1146253,0,1187222,0,1,0,0
248,10,2,16,1,0,2,1,0,1,1188082,1189112,1198,234,1187848,836,1,1146377,0,1187346,0,1,0,0
248,10,2,16,1,0,3,1,1,2,1188228,1189112,1198,365,1187863,836,1,1146582,0,1187551,0,1,0,0
248,10,2,16,1,0,4,1,2,3,1188374,1189112,1198,476,1187898,836,1,1146698,0,1187667,0,1,0,0
248,10,2,16,1,0,5,1,3,4,1188521,1189112,1198,597,1187924,836,1,1146723,0,1187692,0,1,0,0
248,10,2,16,1,0,6,2,0,2,1188667,1189112,1198,718,1187949,836,1,1146720,0,1187689,0,1,0,0
248,10,2,16,1,0,7,2,1,3,1188807,1189112,1198,839,1187968,836,1,1146662,0,1187631,0,1,0,0
248,10,2,16,1,0,8,2,2,4,1188946,1189112,1198,949,1187997,836,1,1146612,0,1187581,0,1,0,0
248,10,2,16,1,0,9,2,3,5,1189085,1189112,1198,1070,1188015,836,1,1146515,0,1187484,0,1,0,0
249,10,3,16,1,0,0,0,2,2,1187847,1189199,1220,7,1187840,836,1,1145775,0,1186744,0,1,0,0
249,10,3,16,1,0,1,0,3,3,1187995,1189199,1220,121,1187874,836,1,1146115,0,1187084,0,1,0,0
249,10,3,16,1,0,2,1,0,1,1188151,1189199,1220,234,1187917,836,1,1146330,0,1187299,0,1,0,0
249,10,3,16,1,0,3,1,1,2,1188297,1189199,1220,347,1187950,836,1,1146475,0,1187444,0,1,0,0
249,10,3,16,1,0,4,1,2,3,1188443,1189199,1220,458,1187985,836,1,1146617,0,1187586,0,1,0,0
249,10,3,16,1,0,5,1,3,4,1188591,1189199,1220,600,1187991,836,1,1146643,0,1187612,0,1,0,0
249,10,3,16,1,0,6,2,0,2,1188757,1189199,1220,721,1188036,836,1,1146618,0,1187587,0,1,0,0
249,10,3,16,1,0,7,2,1,3,1188894,1189199,1220,842,1188052,836,1,1146547,0,1187516,0,1,0,0
249,10,3,16,1,0,8,2,2,4,1189033,1189199,1220,964,1188069,836,1,1146480,0,1187449,0,1,0,0
249,10,3,16,1,0,9,2,3,5,1189172,1189199,1220,1085,1188087,836,1,1146393,0,1187362,0,1,0,0
250,13,1,16,1,0,0,0,2,2,1381086,1546344,1567,7,1381079,858,1,1339772,0,1380741,0,1,0,0
250,13,1,16,1,0,1,0,3,3,1382940,1546344,1567,121,1382819,858,1,1340200,0,1381169,0,1,0,0
250,13,1,16,1,0,2,1,0,1,1543970,1546344,1567,234,1543736,858,1,1502025,0,1542994,0,1,0,0
250,13,1,16,1,0,3,1,1,2,1544116,1546344,1567,347,1543769,858,1,1502476,0,1543445,0,1,0,0
250,13,1,16,1,0,4,1,2,3,1545596,1546344,1567,464,1545132,858,1,1502750,0,1543719,0,1,0,0
250,13,1,16,1,0,5,1,3,4,1545728,1546344,1567,585,1545143,858,1,1502819,0,1543788,0,1,0,0
250,13,1,16,1,0,6,2,0,2,1545868,1546344,1567,706,1545162,858,1,1502903,0,1543872,0,1,0,0
250,13,1,16,1,0,7,2,1,3,1546005,1546344,1567,827,1545178,858,1,1502898,0,1543867,0,1,0,0
250,13,1,16,1,0,8,2,2,4,1546144,1546344,1567,949,1545195,858,1,1502876,0,1543845,0,1,0,0
250,13,1,16,1,0,9,2,3,5,1546283,1546344,1567,1076,1545207,858,1,1502820,0,1543789,0,1,0,0
250,13,1,16,1,0,10,3,0,3,1545122,1546344,1567,1197,1543925,858,1,1502747,0,1543716,0,1,0,0
250,13,1,16,1,0,11,3,1,4,1545269,1546344,1567,1319,1543950,858,1,1502651,0,1543620,0,1,0,0
250,13,1,16,1,0,12,3,2,5,1545409,1546344,1567,1440,1543969,858,1,1502572,0,1543541,0,1,0,0
251,13,2,16,1,0,0,0,2,2,1376148,1546591,1560,7,1376141,858,1,1333754,0,1374723,0,1,0,0
251,13,2,16,1,0,1,0,3,3,1376296,1546591,1560,121,1376175,858,1,1334090,0,1375059,0,1,0,0
251,13,2,16,1,0,2,1,0,1,1543697,1546591,1560,234,1543463,858,1,1502320,0,1543289,0,1,0,0
251,13,2,16,1,0,3,1,1,2,1545295,1546591,1560,347,1544948,858,1,1502555,0,1543524,0,1,0,0
251,13,2,16,1,0,4,1,2,3,1545429,1546591,1560,458,1544971,858,1,1502788,0,1543757,0,1,0,0
251,13,2,16,1,0,5,1,3,4,1545568,1546591,1560,579,1544989,858,1,1502894,0,1543863,0,1,0,0
251,13,2,16,1,0,6,2,0,2,1545727,1546591,1560,704,1545023,858,1,1502960,0,1543929,0,1,0,0
251,13,2,16,1,0,7,2,1,3,1545864,1546591,1560,825,1545039,858,1,1502956,0,1543925,0,1,0,0
251,13,2,16,1,0,8,2,2,4,1546004,1546591,1560,946,1545058,858,1,1502950,0,1543919,0,1,0,0
251,13,2,16,1,0,9,2,3,5,1546143,1546591,1560,1068,1545075,858,1,1502877,0,1543846,0,1,0,0
251,13,2,16,1,0,10,3,0,3,1546283,1546591,1560,1189,1545094,858,1,1502846,0,1543815,0,1,0,0
251,13,2,16,1,0,11,3,1,4,1546423,1546591,1560,1311,1545112,858,1,1502749,0,1543718,0,1,0,0
251,13,2,16,1,0,12,3,2,5,1546564,1546591,1560,1433,1545131,858,1,1502653,0,1543622,0,1,0,0
252,13,3,16,1,0,0,0,2,2,1381289,1545713,1572,7,1381282,857,1,1340139,0,1381108,0,1,0,0
252,13,3,16,1,0,1,0,3,3,1383155,1545713,1572,121,1383034,857,1,1340494,0,1381463,0,1,0,0
252,13,3,16,1,0,2,1,0,1,1544212,1545713,1572,234,1543978,857,1,1502060,0,1543029,0,1,0,0
252,13,3,16,1,0,3,1,1,2,1544375,1545713,1572,347,1544028,857,1,1502460,0,1543429,0,1,0,0
252,13,3,16,1,0,4,1,2,3,1544516,1545713,1572,458,1544058,857,1,1502708,0,1543677,0,1,0,0
252,13,3,16,1,0,5,1,3,4,1544664,1545713,1572,590,1544074,857,1,1502823,0,1543792,0,1,0,0
252,13,3,16,1,0,6,2,0,2,1544810,1545713,1572,711,1544099,857,1,1502895,0,1543864,0,1,0,0
252,13,3,16,1,0,7,2,1,3,1544981,1545713,1572,832,1544149,857,1,1502897,0,1543866,0,1,0,0
252,13,3,16,1,0,8,2,2,4,1545126,1545713,1572,953,1544173,857,1,1502921,0,1543890,0,1,0,0
252,13,3,16,1,0,9,2,3,5,1545268,1545713,1572,1075,1544193,857,1,1502843,0,1543812,0,1,0,0
252,13,3,16,1,0,10,3,0,3,1545408,1545713,1572,1202,1544206,857,1,1502776,0,1543745,0,1,0,0
252,13,3,16,1,0,11,3,1,4,1545547,1545713,1572,1324,1544223,857,1,1502697,0,1543666,0,1,0,0
252,13,3,16,1,0,12,3,2,5,1545686,1545713,1572,1445,1544241,857,1,1502600,0,1543569,0,1,0,0
253,1,1,32,1,0,0,0,2,2,160348,160370,131,7,160341,1052,1,139629,0,160118,0,1,0,0
254,1,2,32,1,0,0,0,2,2,160292,160314,121,7,160285,1052,1,139630,0,160119,0,1,0,0
255,1,3,32,1,0,0,0,2,2,160334,160356,121,7,160327,1052,1,139623,0,160112,0,1,0,0
256,2,1,32,1,0,0,0,2,2,173467,173641,248,7,173460,592,1,152805,0,173294,0,1,0,0
256,2,1,32,1,0,1,0,3,3,173614,173641,248,126,173488,592,1,152825,0,173314,0,1,0,0
257,2,2,32,1,0,0,0,2,2,173432,173603,248,7,173425,592,1,152737,0,173226,0,1,0,0
257,2,2,32,1,0,1,0,3,3,173576,173603,248,126,173450,592,1,152729,0,173218,0,1,0,0
258,2,3,32,1,0,0,0,2,2,173465,173638,248,7,173458,592,1,152770,0,173259,0,1,0,0
258,2,3,32,1,0,1,0,3,3,173611,173638,248,126,173485,592,1,152762,0,173251,0,1,0,0
259,4,1,32,1,0,0,0,2,2,311829,312319,488,7,311822,512,1,291102,0,311591,0,1,0,0
259,4,1,32,1,0,1,0,3,3,312002,312319,488,121,311881,512,1,291130,0,311619,0,1,0,0
259,4,1,32,1,0,2,1,0,1,312155,312319,488,240,311915,512,1,291148,0,311637,0,1,0,0
259,4,1,32,1,0,3,1,1,2,312292,312319,488,361,311931,512,1,291136,0,311625,0,1,0,0
260,4,2,32,1,0,0,0,2,2,311760,312263,491,7,311753,512,1,291098,0,311587,0,1,0,0
260,4,2,32,1,0,1,0,3,3,311935,312263,491,121,311814,512,1,291150,0,311639,0,1,0,0
260,4,2,32,1,0,2,1,0,1,312095,312263,491,242,311853,512,1,291155,0,311644,0,1,0,0
260,4,2,32,1,0,3,1,1,2,312236,312263,491,364,311872,512,1,291152,0,311641,0,1,0,0
261,4,3,32,1,0,0,0,2,2,311782,312264,491,7,311775,512,1,291120,0,311609,0,1,0,0
261,4,3,32,1,0,1,0,3,3,311936,312264,491,121,311815,512,1,291152,0,311641,0,1,0,0
261,4,3,32,1,0,2,1,0,1,312097,312264,491,242,311855,512,1,291158,0,311647,0,1,0,0
261,4,3,32,1,0,3,1,1,2,312237,312264,491,364,311873,512,1,291154,0,311643,0,1,0,0
262,6,1,32,1,0,0,0,2,2,467671,468429,744,7,467664,512,1,446597,0,467086,0,1,0,0
262,6,1,32,1,0,1,0,3,3,467825,468429,744,121,467704,512,1,446695,0,467184,0,1,0,0
262,6,1,32,1,0,2,1,0,1,467986,468429,744,254,467732,512,1,446803,0,467292,0,1,0,0
262,6,1,32,1,0,3,1,1,2,468126,468429,744,376,467750,512,1,446868,0,467357,0,1,0,0
262,6,1,32,1,0,4,1,2,3,468263,468429,744,497,467766,512,1,446833,0,467322,0,1,0,0
262,6,1,32,1,0,5,1,3,4,468402,468429,744,617,467785,512,1,446761,0,467250,0,1,0,0
263,6,2,32,1,0,0,0,2,2,467640,468399,723,7,467633,512,1,446618,0,467107,0,1,0,0
263,6,2,32,1,0,1,0,3,3,467809,468399,723,121,467688,512,1,446759,0,467248,0,1,0,0
263,6,2,32,1,0,2,1,0,1,467956,468399,723,242,467714,512,1,446817,0,467306,0,1,0,0
263,6,2,32,1,0,3,1,1,2,468096,468399,723,364,467732,512,1,446896,0,467385,0,1,0,0
263,6,2,32,1,0,4,1,2,3,468233,468399,723,485,467748,512,1,446864,0,467353,0,1,0,0
263,6,2,32,1,0,5,1,3,4,468372,468399,723,605,467767,512,1,446785,0,467274,0,1,0,0
264,6,3,32,1,0,0,0,2,2,467697,468468,734,7,467690,512,1,446573,0,467062,0,1,0,0
264,6,3,32,1,0,1,0,3,3,467851,468468,734,121,467730,512,1,446681,0,467170,0,1,0,0
264,6,3,32,1,0,2,1,0,1,468009,468468,734,242,467767,512,1,446772,0,467261,0,1,0,0
264,6,3,32,1,0,3,1,1,2,468146,468468,734,364,467782,512,1,446873,0,467362,0,1,0,0
264,6,3,32,1,0,4,1,2,3,468302,468468,734,485,467817,512,1,446818,0,467307,0,1,0,0
264,6,3,32,1,0,5,1,3,4,468441,468468,734,607,467834,512,1,446745,0,467234,0,1,0,0
265,8,1,32,1,0,0,0,2,2,623528,624592,990,7,623521,512,1,602025,0,622514,0,1,0,0
265,8,1,32,1,0,1,0,3,3,623683,624592,990,121,623562,512,1,602218,0,622707,0,1,0,0
265,8,1,32,1,0,2,1,0,1,623831,624592,990,242,623589,512,1,602424,0,622913,0,1,0,0
265,8,1,32,1,0,3,1,1,2,623991,624592,990,363,623628,512,1,602584,0,623073,0,1,0,0
265,8,1,32,1,0,4,1,2,3,624128,624592,990,484,623644,512,1,602618,0,623107,0,1,0,0
265,8,1,32,1,0,5,1,3,4,624267,624592,990,605,623662,512,1,602564,0,623053,0,1,0,0
265,8,1,32,1,0,6,2,0,2,624406,624592,990,725,623681,512,1,602529,0,623018,0,1,0,0
265,8,1,32,1,0,7,2,1,3,624565,624592,990,846,623719,512,1,602465,0,622954,0,1,0,0
266,8,2,32,1,0,0,0,2,2,623492,624558,996,7,623485,512,1,602040,0,622529,0,1,0,0
266,8,2,32,1,0,1,0,3,3,623664,624558,996,121,623543,512,1,602213,0,622702,0,1,0,0
266,8,2,32,1,0,2,1,0,1,623813,624558,996,242,623571,512,1,602438,0,622927,0,1,0,0
266,8,2,32,1,0,3,1,1,2,623976,624558,996,364,623612,512,1,602580,0,623069,0,1,0,0
266,8,2,32,1,0,4,1,2,3,624114,624558,996,485,623629,512,1,602609,0,623098,0,1,0,0
266,8,2,32,1,0,5,1,3,4,624254,624558,996,628,623626,512,1,602579,0,623068,0,1,0,0
266,8,2,32,1,0,6,2,0,2,624393,624558,996,748,623645,512,1,602522,0,623011,0,1,0,0
266,8,2,32,1,0,7,2,1,3,624531,624558,996,869,623662,512,1,602449,0,622938,0,1,0,0
267,8,3,32,1,0,0,0,2,2,623518,624578,992,7,623511,512,1,602048,0,622537,0,1,0,0
267,8,3,32,1,0,1,0,3,3,623673,624578,992,121,623552,512,1,602240,0,622729,0,1,0,0
267,8,3,32,1,0,2,1,0,1,623821,624578,992,242,623579,512,1,602452,0,622941,0,1,0,0
267,8,3,32,1,0,3,1,1,2,623982,624578,992,377,623605,512,1,602595,0,623084,0,1,0,0
267,8,3,32,1,0,4,1,2,3,624120,624578,992,497,623623,512,1,602628,0,623117,0,1,0,0
267,8,3,32,1,0,5,1,3,4,624259,624578,992,618,623641,512,1,602597,0,623086,0,1,0,0
267,8,3,32,1,0,6,2,0,2,624398,624578,992,738,623660,512,1,602539,0,623028,0,1,0,0
267,8,3,32,1,0,7,2,1,3,624551,624578,992,859,623692,512,1,602459,0,622948,0,1,0,0
268,10,1,32,1,0,0,0,2,2,779335,780672,1219,7,779328,512,1,757357,0,777846,0,1,0,0
268,10,1,32,1,0,1,0,3,3,779507,780672,1219,121,779386,512,1,757615,0,778104,0,1,0,0
268,10,1,32,1,0,2,1,0,1,779657,780672,1219,242,779415,512,1,757935,0,778424,0,1,0,0
268,10,1,32,1,0,3,1,1,2,779810,780672,1219,364,779446,512,1,758160,0,778649,0,1,0,0
268,10,1,32,1,0,4,1,2,3,779951,780672,1219,485,779466,512,1,758272,0,778761,0,1,0,0
268,10,1,32,1,0,5,1,3,4,780091,780672,1219,605,779486,512,1,758322,0,778811,0,1,0,0
268,10,1,32,1,0,6,2,0,2,780230,780672,1219,726,779504,512,1,758322,0,778811,0,1,0,0
268,10,1,32,1,0,7,2,1,3,780367,780672,1219,846,779521,512,1,758267,0,778756,0,1,0,0
268,10,1,32,1,0,8,2,2,4,780506,780672,1219,967,779539,512,1,758185,0,778674,0,1,0,0
268,10,1,32,1,0,9,2,3,5,780645,780672,1219,1088,779557,512,1,758110,0,778599,0,1,0,0
269,10,2,32,1,0,0,0,2,2,779375,780704,1247,7,779368,512,1,757374,0,777863,0,1,0,0
269,10,2,32,1,0,1,0,3,3,779529,780704,1247,144,779385,512,1,757612,0,778101,0,1,0,0
269,10,2,32,1,0,2,1,0,1,779685,780704,1247,265,779420,512,1,757952,0,778441,0,1,0,0
269,10,2,32,1,0,3,1,1,2,779838,780704,1247,387,779451,512,1,758178,0,778667,0,1,0,0
269,10,2,32,1,0,4,1,2,3,779979,780704,1247,508,779471,512,1,758288,0,778777,0,1,0,0
269,10,2,32,1,0,5,1,3,4,780118,780704,1247,628,779490,512,1,758312,0,778801,0,1,0,0
269,10,2,32,1,0,6,2,0,2,780257,780704,1247,758,779499,512,1,758318,0,778807,0,1,0,0
269,10,2,32,1,0,7,2,1,3,780398,780704,1247,878,779520,512,1,758263,0,778752,0,1,0,0
269,10,2,32,1,0,8,2,2,4,780537,780704,1247,999,779538,512,1,758181,0,778670,0,1,0,0
269,10,2,32,1,0,9,2,3,5,780677,780704,1247,1120,779557,512,1,758109,0,778598,0,1,0,0
270,10,3,32,1,0,0,0,2,2,779300,780619,1226,7,779293,512,1,757367,0,777856,0,1,0,0
270,10,3,32,1,0,1,0,3,3,779454,780619,1226,121,779333,512,1,757642,0,778131,0,1,0,0
270,10,3,32,1,0,2,1,0,1,779604,780619,1226,242,779362,512,1,757976,0,778465,0,1,0,0
270,10,3,32,1,0,3,1,1,2,779757,780619,1226,369,779388,512,1,758183,0,778672,0,1,0,0
270,10,3,32,1,0,4,1,2,3,779897,780619,1226,490,779407,512,1,758301,0,778790,0,1,0,0
270,10,3,32,1,0,5,1,3,4,780036,780619,1226,611,779425,512,1,758336,0,778825,0,1,0,0
270,10,3,32,1,0,6,2,0,2,780175,780619,1226,731,779444,512,1,758328,0,778817,0,1,0,0
270,10,3,32,1,0,7,2,1,3,780313,780619,1226,852,779461,512,1,758291,0,778780,0,1,0,0
270,10,3,32,1,0,8,2,2,4,780452,780619,1226,979,779473,512,1,758204,0,778693,0,1,0,0
270,10,3,32,1,0,9,2,3,5,780592,780619,1226,1099,779493,512,1,758115,0,778604,0,1,0,0
271,13,1,32,1,0,0,0,2,2,933895,1014457,1632,7,933888,519,1,912559,0,933048,0,1,0,0
271,13,1,32,1,0,1,0,3,3,934068,1014457,1632,121,933947,519,1,913047,0,933536,0,1,0,0
271,13,1,32,1,0,2,1,0,1,1012952,1014457,1632,242,1012710,519,1,991224,0,1011713,0,1,0,0
271,13,1,32,1,0,3,1,1,2,1013104,1014457,1632,364,1012740,519,1,991578,0,1012067,0,1,0,0
271,13,1,32,1,0,4,1,2,3,1013267,1014457,1632,504,1012763,519,1,991785,0,1012274,0,1,0,0
271,13,1,32,1,0,5,1,3,4,1013421,1014457,1632,624,1012797,519,1,991900,0,1012389,0,1,0,0
271,13,1,32,1,0,6,2,0,2,1013574,1014457,1632,745,1012829,519,1,991978,0,1012467,0,1,0,0
271,13,1,32,1,0,7,2,1,3,1013726,1014457,1632,865,1012861,519,1,991979,0,1012468,0,1,0,0
271,13,1,32,1,0,8,2,2,4,1013868,1014457,1632,986,1012882,519,1,991916,0,1012405,0,1,0,0
271,13,1,32,1,0,9,2,3,5,1014010,1014457,1632,1120,1012890,519,1,991909,0,1012398,0,1,0,0
271,13,1,32,1,0,10,3,0,3,1014150,1014457,1632,1241,1012909,519,1,991826,0,1012315,0,1,0,0
271,13,1,32,1,0,11,3,1,4,1014289,1014457,1632,1362,1012927,519,1,991756,0,1012245,0,1,0,0
271,13,1,32,1,0,12,3,2,5,1014430,1014457,1632,1483,1012947,519,1,991657,0,1012146,0,1,0,0
272,13,2,32,1,0,0,0,2,2,933880,1014399,1609,7,933873,519,1,912524,0,933013,0,1,0,0
272,13,2,32,1,0,1,0,3,3,934034,1014399,1609,121,933913,519,1,912991,0,933480,0,1,0,0
272,13,2,32,1,0,2,1,0,1,1012916,1014399,1609,264,1012652,519,1,991167,0,1011656,0,1,0,0
272,13,2,32,1,0,3,1,1,2,1013058,1014399,1609,385,1012673,519,1,991542,0,1012031,0,1,0,0
272,13,2,32,1,0,4,1,2,3,1013205,1014399,1609,506,1012699,519,1,991748,0,1012237,0,1,0,0
272,13,2,32,1,0,5,1,3,4,1013361,1014399,1609,627,1012734,519,1,991883,0,1012372,0,1,0,0
272,13,2,32,1,0,6,2,0,2,1013514,1014399,1609,747,1012767,519,1,991948,0,1012437,0,1,0,0
272,13,2,32,1,0,7,2,1,3,1013654,1014399,1609,873,1012781,519,1,991943,0,1012432,0,1,0,0
272,13,2,32,1,0,8,2,2,4,1013809,1014399,1609,994,1012815,519,1,991910,0,1012399,0,1,0,0
272,13,2,32,1,0,9,2,3,5,1013949,1014399,1609,1115,1012834,519,1,991931,0,1012420,0,1,0,0
272,13,2,32,1,0,10,3,0,3,1014088,1014399,1609,1236,1012852,519,1,991841,0,1012330,0,1,0,0
272,13,2,32,1,0,11,3,1,4,1014233,1014399,1609,1357,1012876,519,1,991750,0,1012239,0,1,0,0
272,13,2,32,1,0,12,3,2,5,1014372,1014399,1609,1482,1012890,519,1,991668,0,1012157,0,1,0,0
273,13,3,32,1,0,0,0,2,2,933911,1014430,1607,7,933904,519,1,912556,0,933045,0,1,0,0
273,13,3,32,1,0,1,0,3,3,934065,1014430,1607,121,933944,519,1,913024,0,933513,0,1,0,0
273,13,3,32,1,0,2,1,0,1,1012949,1014430,1607,262,1012687,519,1,991168,0,1011657,0,1,0,0
273,13,3,32,1,0,3,1,1,2,1013088,1014430,1607,383,1012705,519,1,991542,0,1012031,0,1,0,0
273,13,3,32,1,0,4,1,2,3,1013236,1014430,1607,504,1012732,519,1,991748,0,1012237,0,1,0,0
273,13,3,32,1,0,5,1,3,4,1013391,1014430,1607,625,1012766,519,1,991883,0,1012372,0,1,0,0
273,13,3,32,1,0,6,2,0,2,1013544,1014430,1607,745,1012799,519,1,991942,0,1012431,0,1,0,0
273,13,3,32,1,0,7,2,1,3,1013684,1014430,1607,871,1012813,519,1,991943,0,1012432,0,1,0,0
273,13,3,32,1,0,8,2,2,4,1013826,1014430,1607,992,1012834,519,1,991894,0,1012383,0,1,0,0
273,13,3,32,1,0,9,2,3,5,1013966,1014430,1607,1112,1012854,519,1,991896,0,1012385,0,1,0,0
273,13,3,32,1,0,10,3,0,3,1014105,1014430,1607,1233,1012872,519,1,991842,0,1012331,0,1,0,0
273,13,3,32,1,0,11,3,1,4,1014264,1014430,1607,1354,1012910,519,1,991750,0,1012239,0,1,0,0
273,13,3,32,1,0,12,3,2,5,1014403,1014430,1607,1480,1012923,519,1,991661,0,1012150,0,1,0,0
274,1,1,64,1,0,0,0,2,2,115710,115732,121,7,115703,834,1,105276,0,115525,0,1,0,0
275,1,2,64,1,0,0,0,2,2,115708,115730,121,7,115701,834,1,105253,0,115502,0,1,0,0
276,1,3,64,1,0,0,0,2,2,115674,115696,121,7,115667,834,1,105206,0,115455,0,1,0,0
277,2,1,64,1,0,0,0,2,2,126492,126661,264,7,126485,414,1,115907,0,126156,0,1,0,0
277,2,1,64,1,0,1,0,3,3,126634,126661,264,126,126508,414,1,115950,0,126199,0,1,0,0
278,2,2,64,1,0,0,0,2,2,126376,126548,279,7,126369,414,1,115900,0,126149,0,1,0,0
278,2,2,64,1,0,1,0,3,3,126521,126548,279,126,126395,414,1,115922,0,126171,0,1,0,0
279,2,3,64,1,0,0,0,2,2,126386,126558,264,7,126379,414,1,115910,0,126159,0,1,0,0
279,2,3,64,1,0,1,0,3,3,126531,126558,264,126,126405,414,1,115947,0,126196,0,1,0,0
280,4,1,64,1,0,0,0,2,2,240170,240620,500,7,240163,355,1,229356,0,239605,0,1,0,0
280,4,1,64,1,0,1,0,3,3,240316,240620,500,121,240195,355,1,229578,0,239827,0,1,0,0
280,4,1,64,1,0,2,1,0,1,240454,240620,500,258,240196,355,1,229581,0,239830,0,1,0,0
280,4,1,64,1,0,3,1,1,2,240593,240620,500,369,240224,355,1,229514,0,239763,0,1,0,0
281,4,2,64,1,0,0,0,2,2,239683,240606,513,7,239676,355,1,229281,0,239530,0,1,0,0
281,4,2,64,1,0,1,0,3,3,240300,240606,513,121,240179,355,1,229476,0,239725,0,1,0,0
281,4,2,64,1,0,2,1,0,1,240442,240606,513,271,240171,355,1,229475,0,239724,0,1,0,0
281,4,2,64,1,0,3,1,1,2,240579,240606,513,382,240197,355,1,229436,0,239685,0,1,0,0
282,4,3,64,1,0,0,0,2,2,240206,240652,500,7,240199,355,1,229249,0,239498,0,1,0,0
282,4,3,64,1,0,1,0,3,3,240349,240652,500,121,240228,355,1,229469,0,239718,0,1,0,0
282,4,3,64,1,0,2,1,0,1,240486,240652,500,258,240228,355,1,229482,0,239731,0,1,0,0
282,4,3,64,1,0,3,1,1,2,240625,240652,500,369,240256,355,1,229415,0,239664,0,1,0,0
283,6,1,64,1,0,0,0,2,2,354339,355130,764,7,354332,355,1,343258,0,353507,0,1,0,0
283,6,1,64,1,0,1,0,3,3,354517,355130,764,121,354396,355,1,343621,0,353870,0,1,0,0
283,6,1,64,1,0,2,1,0,1,354690,355130,764,277,354413,355,1,343731,0,353980,0,1,0,0
283,6,1,64,1,0,3,1,1,2,354827,355130,764,388,354439,355,1,343717,0,353966,0,1,0,0
283,6,1,64,1,0,4,1,2,3,354964,355130,764,513,354451,355,1,343718,0,353967,0,1,0,0
283,6,1,64,1,0,5,1,3,4,355103,355130,764,633,354470,355,1,343652,0,353901,0,1,0,0
284,6,2,64,1,0,0,0,2,2,354207,355040,745,7,354200,355,1,343359,0,353608,0,1,0,0
284,6,2,64,1,0,1,0,3,3,354385,355040,745,121,354264,355,1,343730,0,353979,0,1,0,0
284,6,2,64,1,0,2,1,0,1,354565,355040,745,258,354307,355,1,343845,0,354094,0,1,0,0
284,6,2,64,1,0,3,1,1,2,354734,355040,745,369,354365,355,1,343856,0,354105,0,1,0,0
284,6,2,64,1,0,4,1,2,3,354874,355040,745,494,354380,355,1,343846,0,354095,0,1,0,0
284,6,2,64,1,0,5,1,3,4,355013,355040,745,614,354399,355,1,343781,0,354030,0,1,0,0
285,6,3,64,1,0,0,0,2,2,354371,355125,765,7,354364,355,1,343231,0,353480,0,1,0,0
285,6,3,64,1,0,1,0,3,3,354542,355125,765,121,354421,355,1,343612,0,353861,0,1,0,0
285,6,3,64,1,0,2,1,0,1,354684,355125,765,258,354426,355,1,343717,0,353966,0,1,0,0
285,6,3,64,1,0,3,1,1,2,354821,355125,765,369,354452,355,1,343691,0,353940,0,1,0,0
285,6,3,64,1,0,4,1,2,3,354959,355125,765,514,354445,355,1,343688,0,353937,0,1,0,0
285,6,3,64,1,0,5,1,3,4,355098,355125,765,634,354464,355,1,343620,0,353869,0,1,0,0
286,8,1,64,1,0,0,0,2,2,467522,468618,995,7,467515,352,1,456007,0,466256,0,1,0,0
286,8,1,64,1,0,1,0,3,3,467704,468618,995,121,467583,352,1,456541,0,466790,0,1,0,0
286,8,1,64,1,0,2,1,0,1,467868,468618,995,258,467610,352,1,456761,0,467010,0,1,0,0
286,8,1,64,1,0,3,1,1,2,468038,468618,995,369,467669,352,1,456860,0,467109,0,1,0,0
286,8,1,64,1,0,4,1,2,3,468175,468618,995,499,467676,352,1,456918,0,467167,0,1,0,0
286,8,1,64,1,0,5,1,3,4,468315,468618,995,619,467696,352,1,456909,0,467158,0,1,0,0
286,8,1,64,1,0,6,2,0,2,468454,468618,995,744,467710,352,1,456837,0,467086,0,1,0,0
286,8,1,64,1,0,7,2,1,3,468591,468618,995,864,467727,352,1,456768,0,467017,0,1,0,0
287,8,2,64,1,0,0,0,2,2,467529,468622,1049,7,467522,352,1,455878,0,466127,0,1,0,0
287,8,2,64,1,0,1,0,3,3,467705,468622,1049,121,467584,352,1,456306,0,466555,0,1,0,0
287,8,2,64,1,0,2,1,0,1,467867,468622,1049,258,467609,352,1,456692,0,466941,0,1,0,0
287,8,2,64,1,0,3,1,1,2,468042,468622,1049,416,467626,352,1,456827,0,467076,0,1,0,0
287,8,2,64,1,0,4,1,2,3,468179,468622,1049,540,467639,352,1,456872,0,467121,0,1,0,0
287,8,2,64,1,0,5,1,3,4,468318,468622,1049,665,467653,352,1,456867,0,467116,0,1,0,0
287,8,2,64,1,0,6,2,0,2,468457,468622,1049,786,467671,352,1,456778,0,467027,0,1,0,0
287,8,2,64,1,0,7,2,1,3,468595,468622,1049,923,467672,352,1,456714,0,466963,0,1,0,0
288,8,3,64,1,0,0,0,2,2,467518,468626,1004,7,467511,352,1,455964,0,466213,0,1,0,0
288,8,3,64,1,0,1,0,3,3,467693,468626,1004,121,467572,352,1,456520,0,466769,0,1,0,0
288,8,3,64,1,0,2,1,0,1,467877,468626,1004,258,467619,352,1,456757,0,467006,0,1,0,0
288,8,3,64,1,0,3,1,1,2,468046,468626,1004,369,467677,352,1,456862,0,467111,0,1,0,0
288,8,3,64,1,0,4,1,2,3,468183,468626,1004,494,467689,352,1,456919,0,467168,0,1,0,0
288,8,3,64,1,0,5,1,3,4,468322,468626,1004,614,467708,352,1,456909,0,467158,0,1,0,0
288,8,3,64,1,0,6,2,0,2,468461,468626,1004,753,467708,352,1,456837,0,467086,0,1,0,0
288,8,3,64,1,0,7,2,1,3,468599,468626,1004,873,467726,352,1,456769,0,467018,0,1,0,0
289,10,1,64,1,0,0,0,2,2,579635,582467,1238,7,579628,352,1,568876,0,579125,0,1,0,0
289,10,1,64,1,0,1,0,3,3,581295,582467,1238,131,581164,352,1,569592,0,579841,0,1,0,0
289,10,1,64,1,0,2,1,0,1,581463,582467,1238,268,581195,352,1,569916,0,580165,0,1,0,0
289,10,1,64,1,0,3,1,1,2,581603,582467,1238,379,581224,352,1,570069,0,580318,0,1,0,0
289,10,1,64,1,0,4,1,2,3,581743,582467,1238,504,581239,352,1,570215,0,580464,0,1,0,0
289,10,1,64,1,0,5,1,3,4,581882,582467,1238,624,581258,352,1,570218,0,580467,0,1,0,0
289,10,1,64,1,0,6,2,0,2,582023,582467,1238,747,581276,352,1,570255,0,580504,0,1,0,0
289,10,1,64,1,0,7,2,1,3,582160,582467,1238,867,581293,352,1,570185,0,580434,0,1,0,0
289,10,1,64,1,0,8,2,2,4,582299,582467,1238,992,581307,352,1,570131,0,580380,0,1,0,0
289,10,1,64,1,0,9,2,3,5,582440,582467,1238,1112,581328,352,1,570065,0,580314,0,1,0,0
290,10,2,64,1,0,0,0,2,2,580995,582400,1259,7,580988,352,1,569110,0,579359,0,1,0,0
290,10,2,64,1,0,1,0,3,3,581169,582400,1259,121,581048,352,1,569857,0,580106,0,1,0,0
290,10,2,64,1,0,2,1,0,1,581333,582400,1259,258,581075,352,1,570179,0,580428,0,1,0,0
290,10,2,64,1,0,3,1,1,2,581502,582400,1259,369,581133,352,1,570339,0,580588,0,1,0,0
290,10,2,64,1,0,4,1,2,3,581642,582400,1259,494,581148,352,1,570490,0,580739,0,1,0,0
290,10,2,64,1,0,5,1,3,4,581813,582400,1259,629,581184,352,1,570472,0,580721,0,1,0,0
290,10,2,64,1,0,6,2,0,2,581955,582400,1259,753,581202,352,1,570553,0,580802,0,1,0,0
290,10,2,64,1,0,7,2,1,3,582093,582400,1259,873,581220,352,1,570483,0,580732,0,1,0,0
290,10,2,64,1,0,8,2,2,4,582233,582400,1259,998,581235,352,1,570416,0,580665,0,1,0,0
290,10,2,64,1,0,9,2,3,5,582373,582400,1259,1118,581255,352,1,570344,0,580593,0,1,0,0
291,10,3,64,1,0,0,0,2,2,582552,585441,1238,7,582545,352,1,572134,0,582383,0,1,0,0
291,10,3,64,1,0,1,0,3,3,584203,585441,1238,121,584082,352,1,572848,0,583097,0,1,0,0
291,10,3,64,1,0,2,1,0,1,584384,585441,1238,258,584126,352,1,573164,0,583413,0,1,0,0
291,10,3,64,1,0,3,1,1,2,584548,585441,1238,377,584171,352,1,573317,0,583566,0,1,0,0
291,10,3,64,1,0,4,1,2,3,584717,585441,1238,502,584215,352,1,573462,0,583711,0,1,0,0
291,10,3,64,1,0,5,1,3,4,584859,585441,1238,622,584237,352,1,573471,0,583720,0,1,0,0
291,10,3,64,1,0,6,2,0,2,584999,585441,1238,747,584252,352,1,573514,0,583763,0,1,0,0
291,10,3,64,1,0,7,2,1,3,585136,585441,1238,867,584269,352,1,573445,0,583694,0,1,0,0
291,10,3,64,1,0,8,2,2,4,585275,585441,1238,992,584283,352,1,573390,0,583639,0,1,0,0
291,10,3,64,1,0,9,2,3,5,585414,585441,1238,1112,584302,352,1,573324,0,583573,0,1,0,0
292,13,1,64,1,0,0,0,2,2,679640,738149,1599,7,679633,346,1,667134,0,677383,0,1,0,0
292,13,1,64,1,0,1,0,3,3,679810,738149,1599,121,679689,346,1,667991,0,678240,0,1,0,0
292,13,1,64,1,0,2,1,0,1,736549,738149,1599,258,736291,346,1,725294,0,735543,0,1,0,0
292,13,1,64,1,0,3,1,1,2,736718,738149,1599,369,736349,346,1,725549,0,735798,0,1,0,0
292,13,1,64,1,0,4,1,2,3,736883,738149,1599,494,736389,346,1,725769,0,736018,0,1,0,0
292,13,1,64,1,0,5,1,3,4,737052,738149,1599,614,736438,346,1,725867,0,736116,0,1,0,0
292,13,1,64,1,0,6,2,0,2,737226,738149,1599,742,736484,346,1,725973,0,736222,0,1,0,0
292,13,1,64,1,0,7,2,1,3,737392,738149,1599,862,736530,346,1,725960,0,736209,0,1,0,0
292,13,1,64,1,0,8,2,2,4,737563,738149,1599,987,736576,346,1,726009,0,736258,0,1,0,0
292,13,1,64,1,0,9,2,3,5,737705,738149,1599,1107,736598,346,1,725951,0,736200,0,1,0,0
292,13,1,64,1,0,10,3,0,3,737844,738149,1599,1227,736617,346,1,725874,0,736123,0,1,0,0
292,13,1,64,1,0,11,3,1,4,737983,738149,1599,1351,736632,346,1,725809,0,736058,0,1,0,0
292,13,1,64,1,0,12,3,2,5,738122,738149,1599,1472,736650,346,1,725773,0,736022,0,1,0,0
293,13,2,64,1,0,0,0,2,2,677238,739382,1679,7,677231,347,1,666571,0,676820,0,1,0,0
293,13,2,64,1,0,1,0,3,3,679348,739382,1679,121,679227,347,1,667420,0,677669,0,1,0,0
293,13,2,64,1,0,2,1,0,1,737966,739382,1679,277,737689,347,1,725504,0,735753,0,1,0,0
293,13,2,64,1,0,3,1,1,2,738101,739382,1679,424,737677,347,1,725759,0,736008,0,1,0,0
293,13,2,64,1,0,4,1,2,3,738240,739382,1679,549,737691,347,1,725963,0,736212,0,1,0,0
293,13,2,64,1,0,5,1,3,4,738380,739382,1679,674,737706,347,1,726061,0,736310,0,1,0,0
293,13,2,64,1,0,6,2,0,2,738519,739382,1679,795,737724,347,1,726153,0,736402,0,1,0,0
293,13,2,64,1,0,7,2,1,3,738656,739382,1679,935,737721,347,1,726145,0,736394,0,1,0,0
293,13,2,64,1,0,8,2,2,4,738795,739382,1679,1055,737740,347,1,726192,0,736441,0,1,0,0
293,13,2,64,1,0,9,2,3,5,738935,739382,1679,1176,737759,347,1,726121,0,736370,0,1,0,0
293,13,2,64,1,0,10,3,0,3,739077,739382,1679,1301,737776,347,1,726048,0,736297,0,1,0,0
293,13,2,64,1,0,11,3,1,4,739216,739382,1679,1421,737795,347,1,725967,0,736216,0,1,0,0
293,13,2,64,1,0,12,3,2,5,739355,739382,1679,1552,737803,347,1,725910,0,736159,0,1,0,0
294,13,3,64,1,0,0,0,2,2,679790,738298,1618,7,679783,346,1,667288,0,677537,0,1,0,0
294,13,3,64,1,0,1,0,3,3,679959,738298,1618,121,679838,346,1,668156,0,678405,0,1,0,0
294,13,3,64,1,0,2,1,0,1,736750,738298,1618,256,736494,346,1,725184,0,735433,0,1,0,0
294,13,3,64,1,0,3,1,1,2,736919,738298,1618,367,736552,346,1,725437,0,735686,0,1,0,0
294,13,3,64,1,0,4,1,2,3,737090,738298,1618,492,736598,346,1,725646,0,735895,0,1,0,0
294,13,3,64,1,0,5,1,3,4,737260,738298,1618,612,736648,346,1,725739,0,735988,0,1,0,0
294,13,3,64,1,0,6,2,0,2,737429,738298,1618,737,736692,346,1,725831,0,736080,0,1,0,0
294,13,3,64,1,0,7,2,1,3,737570,738298,1618,867,736703,346,1,725819,0,736068,0,1,0,0
294,13,3,64,1,0,8,2,2,4,737712,738298,1618,992,736720,346,1,725870,0,736119,0,1,0,0
294,13,3,64,1,0,9,2,3,5,737851,738298,1618,1112,736739,346,1,725812,0,736061,0,1,0,0
294,13,3,64,1,0,10,3,0,3,737990,738298,1618,1232,736758,346,1,725738,0,735987,0,1,0,0
294,13,3,64,1,0,11,3,1,4,738129,738298,1618,1353,736776,346,1,725655,0,735904,0,1,0,0
294,13,3,64,1,0,12,3,2,5,738271,738298,1618,1492,736779,346,1,725601,0,735850,0,1,0,0
295,1,1,128,1,0,0,0,2,2,89823,89845,121,7,89816,512,1,84541,0,89670,0,1,0,0
296,1,2,128,1,0,0,0,2,2,89797,89819,121,7,89790,512,1,84515,0,89644,0,1,0,0
297,1,3,128,1,0,0,0,2,2,89795,89817,121,7,89788,512,1,84513,0,89642,0,1,0,0
298,2,1,128,1,0,0,0,2,2,127213,127422,322,7,127206,265,1,121810,0,126939,0,1,0,0
298,2,1,128,1,0,1,0,3,3,127395,127422,322,126,127269,265,1,121917,0,127046,0,1,0,0
299,2,2,128,1,0,0,0,2,2,127220,127414,343,7,127213,266,1,121798,0,126927,0,1,0,0
299,2,2,128,1,0,1,0,3,3,127387,127414,343,128,127259,266,1,121886,0,127015,0,1,0,0
300,2,3,128,1,0,0,0,2,2,127360,127530,324,7,127353,265,1,121781,0,126910,0,1,0,0
300,2,3,128,1,0,1,0,3,3,127503,127530,324,126,127377,265,1,121886,0,127015,0,1,0,0
301,4,1,128,1,0,0,0,2,2,254644,255199,626,7,254637,393,1,248748,0,253877,0,1,0,0
301,4,1,128,1,0,1,0,3,3,254892,255199,626,121,254771,393,1,249170,0,254299,0,1,0,0
301,4,1,128,1,0,2,1,0,1,255032,255199,626,318,254714,393,1,249232,0,254361,0,1,0,0
301,4,1,128,1,0,3,1,1,2,255172,255199,626,493,254679,393,1,249235,0,254364,0,1,0,0
302,4,2,128,1,0,0,0,2,2,254171,255222,627,7,254164,393,1,248644,0,253773,0,1,0,0
302,4,2,128,1,0,1,0,3,3,254913,255222,627,121,254792,393,1,249064,0,254193,0,1,0,0
302,4,2,128,1,0,2,1,0,1,255057,255222,627,318,254739,393,1,249135,0,254264,0,1,0,0
302,4,2,128,1,0,3,1,1,2,255195,255222,627,494,254701,393,1,249129,0,254258,0,1,0,0
303,4,3,128,1,0,0,0,2,2,254664,255219,637,7,254657,393,1,248752,0,253881,0,1,0,0
303,4,3,128,1,0,1,0,3,3,254911,255219,637,132,254779,393,1,249179,0,254308,0,1,0,0
303,4,3,128,1,0,2,1,0,1,255055,255219,637,329,254726,393,1,249241,0,254370,0,1,0,0
303,4,3,128,1,0,3,1,1,2,255192,255219,637,504,254688,393,1,249244,0,254373,0,1,0,0
304,6,1,128,1,0,0,0,2,2,377697,379692,914,7,377690,357,1,372173,0,377302,0,1,0,0
304,6,1,128,1,0,1,0,3,3,378919,379692,914,121,378798,357,1,373077,0,378206,0,1,0,0
304,6,1,128,1,0,2,1,0,1,379155,379692,914,316,378839,357,1,373259,0,378388,0,1,0,0
304,6,1,128,1,0,3,1,1,2,379389,379692,914,493,378896,357,1,373376,0,378505,0,1,0,0
304,6,1,128,1,0,4,1,2,3,379526,379692,914,620,378906,357,1,373367,0,378496,0,1,0,0
304,6,1,128,1,0,5,1,3,4,379665,379692,914,752,378913,357,1,373333,0,378462,0,1,0,0
305,6,2,128,1,0,0,0,2,2,378477,380170,891,7,378470,358,1,372344,0,377473,0,1,0,0
305,6,2,128,1,0,1,0,3,3,378720,380170,891,121,378599,358,1,373246,0,378375,0,1,0,0
305,6,2,128,1,0,2,1,0,1,379731,380170,891,318,379413,358,1,373435,0,378564,0,1,0,0
305,6,2,128,1,0,3,1,1,2,379865,380170,891,491,379374,358,1,373552,0,378681,0,1,0,0
305,6,2,128,1,0,4,1,2,3,380004,380170,891,618,379386,358,1,373546,0,378675,0,1,0,0
305,6,2,128,1,0,5,1,3,4,380143,380170,891,750,379393,358,1,373533,0,378662,0,1,0,0
306,6,3,128,1,0,0,0,2,2,377401,379836,909,7,377394,358,1,372119,0,377248,0,1,0,0
306,6,3,128,1,0,1,0,3,3,378505,379836,909,121,378384,358,1,373014,0,378143,0,1,0,0
306,6,3,128,1,0,2,1,0,1,379398,379836,909,334,379064,358,1,373200,0,378329,0,1,0,0
306,6,3,128,1,0,3,1,1,2,379532,379836,909,509,379023,358,1,373317,0,378446,0,1,0,0
306,6,3,128,1,0,4,1,2,3,379670,379836,909,636,379034,358,1,373310,0,378439,0,1,0,0
306,6,3,128,1,0,5,1,3,4,379809,379836,909,768,379041,358,1,373296,0,378425,0,1,0,0
307,8,1,128,1,0,0,0,2,2,502874,505632,1152,7,502867,364,1,497104,0,502233,0,1,0,0
307,8,1,128,1,0,1,0,3,3,504465,505632,1152,121,504344,364,1,498264,0,503393,0,1,0,0
307,8,1,128,1,0,2,1,0,1,504710,505632,1152,318,504392,364,1,498696,0,503825,0,1,0,0
307,8,1,128,1,0,3,1,1,2,504950,505632,1152,493,504457,364,1,498927,0,504056,0,1,0,0
307,8,1,128,1,0,4,1,2,3,505185,505632,1152,620,504565,364,1,499038,0,504167,0,1,0,0
307,8,1,128,1,0,5,1,3,4,505327,505632,1152,752,504575,364,1,499032,0,504161,0,1,0,0
307,8,1,128,1,0,6,2,0,2,505466,505632,1152,887,504579,364,1,499012,0,504141,0,1,0,0
307,8,1,128,1,0,7,2,1,3,505605,505632,1152,1014,504591,364,1,499008,0,504137,0,1,0,0
308,8,2,128,1,0,0,0,2,2,503338,505852,1150,7,503331,362,1,497082,0,502211,0,1,0,0
308,8,2,128,1,0,1,0,3,3,504802,505852,1150,121,504681,362,1,498228,0,503357,0,1,0,0
308,8,2,128,1,0,2,1,0,1,505040,505852,1150,318,504722,362,1,498660,0,503789,0,1,0,0
308,8,2,128,1,0,3,1,1,2,505273,505852,1150,493,504780,362,1,498899,0,504028,0,1,0,0
308,8,2,128,1,0,4,1,2,3,505410,505852,1150,619,504791,362,1,499016,0,504145,0,1,0,0
308,8,2,128,1,0,5,1,3,4,505549,505852,1150,750,504799,362,1,499002,0,504131,0,1,0,0
308,8,2,128,1,0,6,2,0,2,505688,505852,1150,885,504803,362,1,498990,0,504119,0,1,0,0
308,8,2,128,1,0,7,2,1,3,505825,505852,1150,1012,504813,362,1,498978,0,504107,0,1,0,0
309,8,3,128,1,0,0,0,2,2,502572,505764,1150,7,502565,364,1,497048,0,502177,0,1,0,0
309,8,3,128,1,0,1,0,3,3,504043,505764,1150,121,503922,364,1,498198,0,503327,0,1,0,0
309,8,3,128,1,0,2,1,0,1,504284,505764,1150,318,503966,364,1,498626,0,503755,0,1,0,0
309,8,3,128,1,0,3,1,1,2,505443,505764,1150,493,504950,364,1,498863,0,503992,0,1,0,0
309,8,3,128,1,0,4,1,2,3,505573,505764,1150,619,504954,364,1,498979,0,504108,0,1,0,0
309,8,3,128,1,0,5,1,3,4,505712,505764,1150,750,504962,364,1,498965,0,504094,0,1,0,0
309,8,3,128,1,0,6,2,0,2,505122,505764,1150,885,504237,364,1,498945,0,504074,0,1,0,0
309,8,3,128,1,0,7,2,1,3,505267,505764,1150,1012,504255,364,1,498941,0,504070,0,1,0,0
310,10,1,128,1,0,0,0,2,2,620966,624578,1409,7,620959,320,1,614593,0,619722,0,1,0,0
310,10,1,128,1,0,1,0,3,3,623028,624578,1409,121,622907,320,1,616223,0,621352,0,1,0,0
310,10,1,128,1,0,2,1,0,1,623282,624578,1409,318,622964,320,1,616884,0,622013,0,1,0,0
310,10,1,128,1,0,3,1,1,2,623522,624578,1409,493,623029,320,1,617125,0,622254,0,1,0,0
310,10,1,128,1,0,4,1,2,3,623761,624578,1409,620,623141,320,1,617362,0,622491,0,1,0,0
310,10,1,128,1,0,5,1,3,4,623993,624578,1409,752,623241,320,1,617482,0,622611,0,1,0,0
310,10,1,128,1,0,6,2,0,2,624132,624578,1409,886,623246,320,1,617477,0,622606,0,1,0,0
310,10,1,128,1,0,7,2,1,3,624270,624578,1409,1013,623257,320,1,617464,0,622593,0,1,0,0
310,10,1,128,1,0,8,2,2,4,624409,624578,1409,1145,623264,320,1,617454,0,622583,0,1,0,0
310,10,1,128,1,0,9,2,3,5,624551,624578,1409,1276,623275,320,1,617444,0,622573,0,1,0,0
311,10,2,128,1,0,0,0,2,2,620503,624436,1429,7,620496,322,1,614501,0,619630,0,1,0,0
311,10,2,128,1,0,1,0,3,3,622456,624436,1429,121,622335,322,1,616136,0,621265,0,1,0,0
311,10,2,128,1,0,2,1,0,1,622697,624436,1429,316,622381,322,1,616797,0,621926,0,1,0,0
311,10,2,128,1,0,3,1,1,2,622939,624436,1429,492,622447,322,1,617041,0,622170,0,1,0,0
311,10,2,128,1,0,4,1,2,3,623188,624436,1429,619,622569,322,1,617257,0,622386,0,1,0,0
311,10,2,128,1,0,5,1,3,4,624373,624436,1429,772,623601,322,1,617372,0,622501,0,1,0,0
311,10,2,128,1,0,6,2,0,2,623672,624436,1429,907,622765,322,1,617360,0,622489,0,1,0,0
311,10,2,128,1,0,7,2,1,3,623899,624436,1429,1034,622865,322,1,617348,0,622477,0,1,0,0
311,10,2,128,1,0,8,2,2,4,624038,624436,1429,1166,622872,322,1,617338,0,622467,0,1,0,0
311,10,2,128,1,0,9,2,3,5,624177,624436,1429,1297,622880,322,1,617332,0,622461,0,1,0,0
312,10,3,128,1,0,0,0,2,2,621687,624749,1409,7,621680,317,1,614580,0,619709,0,1,0,0
312,10,3,128,1,0,1,0,3,3,621930,624749,1409,121,621809,317,1,616213,0,621342,0,1,0,0
312,10,3,128,1,0,2,1,0,1,623750,624749,1409,318,623432,317,1,616873,0,622002,0,1,0,0
312,10,3,128,1,0,3,1,1,2,623886,624749,1409,493,623393,317,1,617115,0,622244,0,1,0,0
312,10,3,128,1,0,4,1,2,3,624026,624749,1409,620,623406,317,1,617348,0,622477,0,1,0,0
312,10,3,128,1,0,5,1,3,4,624165,624749,1409,752,623413,317,1,617472,0,622601,0,1,0,0
312,10,3,128,1,0,6,2,0,2,624304,624749,1409,886,623418,317,1,617460,0,622589,0,1,0,0
312,10,3,128,1,0,7,2,1,3,624441,624749,1409,1013,623428,317,1,617448,0,622577,0,1,0,0
312,10,3,128,1,0,8,2,2,4,624583,624749,1409,1145,623438,317,1,617438,0,622567,0,1,0,0
312,10,3,128,1,0,9,2,3,5,624722,624749,1409,1276,623446,317,1,617447,0,622576,0,1,0,0
313,13,1,128,1,0,0,0,2,2,678821,804930,1811,7,678814,335,1,671467,0,676596,0,1,0,0
313,13,1,128,1,0,1,0,3,3,679068,804930,1811,121,678947,335,1,673474,0,678603,0,1,0,0
313,13,1,128,1,0,2,1,0,1,802191,804930,1811,316,801875,335,1,795831,0,800960,0,1,0,0
313,13,1,128,1,0,3,1,1,2,802340,804930,1811,491,801849,335,1,796412,0,801541,0,1,0,0
313,13,1,128,1,0,4,1,2,3,802579,804930,1811,618,801961,335,1,796660,0,801789,0,1,0,0
313,13,1,128,1,0,5,1,3,4,804319,804930,1811,766,803553,335,1,796885,0,802014,0,1,0,0
313,13,1,128,1,0,6,2,0,2,804453,804930,1811,901,803552,335,1,797102,0,802231,0,1,0,0
313,13,1,128,1,0,7,2,1,3,804590,804930,1811,1028,803562,335,1,797097,0,802226,0,1,0,0
313,13,1,128,1,0,8,2,2,4,804729,804930,1811,1160,803569,335,1,797083,0,802212,0,1,0,0
313,13,1,128,1,0,9,2,3,5,804869,804930,1811,1291,803578,335,1,797075,0,802204,0,1,0,0
313,13,1,128,1,0,10,3,0,3,803756,804930,1811,1417,802339,335,1,797042,0,802171,0,1,0,0
313,13,1,128,1,0,11,3,1,4,803982,804930,1811,1554,802428,335,1,797040,0,802169,0,1,0,0
313,13,1,128,1,0,12,3,2,5,804123,804930,1811,1678,802445,335,1,797026,0,802155,0,1,0,0
314,13,2,128,1,0,0,0,2,2,677656,803992,1803,7,677649,336,1,671184,0,676313,0,1,0,0
314,13,2,128,1,0,1,0,3,3,680064,803992,1803,124,679940,336,1,673141,0,678270,0,1,0,0
314,13,2,128,1,0,2,1,0,1,802086,803992,1803,319,801767,336,1,795453,0,800582,0,1,0,0
314,13,2,128,1,0,3,1,1,2,802324,803992,1803,496,801828,336,1,796066,0,801195,0,1,0,0
314,13,2,128,1,0,4,1,2,3,802465,803992,1803,623,801842,336,1,796300,0,801429,0,1,0,0
314,13,2,128,1,0,5,1,3,4,802698,803992,1803,755,801943,336,1,796539,0,801668,0,1,0,0
314,13,2,128,1,0,6,2,0,2,802929,803992,1803,896,802033,336,1,796746,0,801875,0,1,0,0
314,13,2,128,1,0,7,2,1,3,803075,803992,1803,1023,802052,336,1,796762,0,801891,0,1,0,0
314,13,2,128,1,0,8,2,2,4,803307,803992,1803,1155,802152,336,1,796758,0,801887,0,1,0,0
314,13,2,128,1,0,9,2,3,5,803540,803992,1803,1286,802254,336,1,796748,0,801877,0,1,0,0
314,13,2,128,1,0,10,3,0,3,803683,803992,1803,1413,802270,336,1,796727,0,801856,0,1,0,0
314,13,2,128,1,0,11,3,1,4,803825,803992,1803,1547,802278,336,1,796718,0,801847,0,1,0,0
314,13,2,128,1,0,12,3,2,5,803965,803992,1803,1670,802295,336,1,796728,0,801857,0,1,0,0
315,13,3,128,1,0,0,0,2,2,678531,805090,1796,7,678524,335,1,672048,0,677177,0,1,0,0
315,13,3,128,1,0,1,0,3,3,680972,805090,1796,123,680849,335,1,674038,0,679167,0,1,0,0
315,13,3,128,1,0,2,1,0,1,803211,805090,1796,320,802891,335,1,796366,0,801495,0,1,0,0
315,13,3,128,1,0,3,1,1,2,803439,805090,1796,495,802944,335,1,796952,0,802081,0,1,0,0
315,13,3,128,1,0,4,1,2,3,803662,805090,1796,622,803040,335,1,797186,0,802315,0,1,0,0
315,13,3,128,1,0,5,1,3,4,803902,805090,1796,752,803150,335,1,797401,0,802530,0,1,0,0
315,13,3,128,1,0,6,2,0,2,804133,805090,1796,887,803246,335,1,797615,0,802744,0,1,0,0
315,13,3,128,1,0,7,2,1,3,804362,805090,1796,1014,803348,335,1,797603,0,802732,0,1,0,0
315,13,3,128,1,0,8,2,2,4,804504,805090,1796,1146,803358,335,1,797593,0,802722,0,1,0,0
315,13,3,128,1,0,9,2,3,5,804646,805090,1796,1277,803369,335,1,797583,0,802712,0,1,0,0
315,13,3,128,1,0,10,3,0,3,804785,805090,1796,1404,803381,335,1,797561,0,802690,0,1,0,0
315,13,3,128,1,0,11,3,1,4,804924,805090,1796,1539,803385,335,1,797551,0,802680,0,1,0,0
315,13,3,128,1,0,12,3,2,5,805063,805090,1796,1663,803400,335,1,797541,0,802670,0,1,0,0
316,1,1,256,1,0,0,0,2,2,78009,78031,121,7,78002,256,1,75287,0,77856,0,1,0,0
317,1,2,256,1,0,0,0,2,2,78070,78092,121,7,78063,256,1,75348,0,77917,0,1,0,0
318,1,3,256,1,0,0,0,2,2,78014,78036,121,7,78007,256,1,75292,0,77861,0,1,0,0
319,2,1,256,1,0,0,0,2,2,129102,129693,452,7,129095,256,1,126380,0,128949,0,1,0,0
319,2,1,256,1,0,1,0,3,3,129666,129693,452,126,129540,256,1,126623,0,129192,0,1,0,0
320,2,2,256,1,0,0,0,2,2,129122,129702,450,7,129115,256,1,126400,0,128969,0,1,0,0
320,2,2,256,1,0,1,0,3,3,129675,129702,450,126,129549,256,1,126635,0,129204,0,1,0,0
321,2,3,256,1,0,0,0,2,2,129104,129685,452,7,129097,256,1,126382,0,128951,0,1,0,0
321,2,3,256,1,0,1,0,3,3,129658,129685,452,126,129532,256,1,126614,0,129183,0,1,0,0
322,4,1,256,1,0,0,0,2,2,258103,260311,1010,7,258096,256,1,255381,0,257950,0,1,0,0
322,4,1,256,1,0,1,0,3,3,259887,260311,1010,121,259766,256,1,256331,0,258900,0,1,0,0
322,4,1,256,1,0,2,1,0,1,260147,260311,1010,446,259701,256,1,256531,0,259100,0,1,0,0
322,4,1,256,1,0,3,1,1,2,260284,260311,1010,749,259535,256,1,256534,0,259103,0,1,0,0
323,4,2,256,1,0,0,0,2,2,258094,260327,1010,7,258087,256,1,255370,0,257939,0,1,0,0
323,4,2,256,1,0,1,0,3,3,259880,260327,1010,121,259759,256,1,256304,0,258873,0,1,0,0
323,4,2,256,1,0,2,1,0,1,260163,260327,1010,467,259696,256,1,256525,0,259094,0,1,0,0
323,4,2,256,1,0,3,1,1,2,260300,260327,1010,749,259551,256,1,256552,0,259121,0,1,0,0
324,4,3,256,1,0,0,0,2,2,258095,260309,1010,7,258088,256,1,255373,0,257942,0,1,0,0
324,4,3,256,1,0,1,0,3,3,259885,260309,1010,121,259764,256,1,256329,0,258898,0,1,0,0
324,4,3,256,1,0,2,1,0,1,260145,260309,1010,446,259699,256,1,256529,0,259098,0,1,0,0
324,4,3,256,1,0,3,1,1,2,260282,260309,1010,749,259533,256,1,256532,0,259101,0,1,0,0
325,6,1,256,1,0,0,0,2,2,387010,390359,1533,7,387003,256,1,383283,0,385852,0,1,0,0
325,6,1,256,1,0,1,0,3,3,388529,390359,1533,121,388408,256,1,385232,0,387801,0,1,0,0
325,6,1,256,1,0,2,1,0,1,389806,390359,1533,446,389360,256,1,385702,0,388271,0,1,0,0
325,6,1,256,1,0,3,1,1,2,390056,390359,1533,749,389307,256,1,385950,0,388519,0,1,0,0
325,6,1,256,1,0,4,1,2,3,390193,390359,1533,1004,389189,256,1,385944,0,388513,0,1,0,0
325,6,1,256,1,0,5,1,3,4,390332,390359,1533,1264,389068,256,1,385930,0,388499,0,1,0,0
326,6,2,256,1,0,0,0,2,2,386997,390352,1557,7,386990,256,1,383270,0,385839,0,1,0,0
326,6,2,256,1,0,1,0,3,3,388534,390352,1557,121,388413,256,1,385236,0,387805,0,1,0,0
326,6,2,256,1,0,2,1,0,1,389797,390352,1557,446,389351,256,1,385668,0,388237,0,1,0,0
326,6,2,256,1,0,3,1,1,2,390048,390352,1557,771,389277,256,1,385917,0,388486,0,1,0,0
326,6,2,256,1,0,4,1,2,3,390185,390352,1557,1026,389159,256,1,385911,0,388480,0,1,0,0
326,6,2,256,1,0,5,1,3,4,390325,390352,1557,1288,389037,256,1,385898,0,388467,0,1,0,0
327,6,3,256,1,0,0,0,2,2,386995,390343,1540,7,386988,256,1,383268,0,385837,0,1,0,0
327,6,3,256,1,0,1,0,3,3,388528,390343,1540,121,388407,256,1,385230,0,387799,0,1,0,0
327,6,3,256,1,0,2,1,0,1,389790,390343,1540,445,389345,256,1,385685,0,388254,0,1,0,0
327,6,3,256,1,0,3,1,1,2,390040,390343,1540,749,389291,256,1,385934,0,388503,0,1,0,0
327,6,3,256,1,0,4,1,2,3,390177,390343,1540,1004,389173,256,1,385920,0,388489,0,1,0,0
327,6,3,256,1,0,5,1,3,4,390316,390343,1540,1271,389045,256,1,385907,0,388476,0,1,0,0
328,8,1,256,1,0,0,0,2,2,513867,520260,2049,7,513860,256,1,511145,0,513714,0,1,0,0
328,8,1,256,1,0,1,0,3,3,517661,520260,2049,121,517540,256,1,513611,0,516180,0,1,0,0
328,8,1,256,1,0,2,1,0,1,517925,520260,2049,446,517479,256,1,514563,0,517132,0,1,0,0
328,8,1,256,1,0,3,1,1,2,519444,520260,2049,749,518695,256,1,515093,0,517662,0,1,0,0
328,8,1,256,1,0,4,1,2,3,519704,520260,2049,1004,518700,256,1,515335,0,517904,0,1,0,0
328,8,1,256,1,0,5,1,3,4,519956,520260,2049,1265,518691,256,1,515321,0,517890,0,1,0,0
328,8,1,256,1,0,6,2,0,2,520095,520260,2049,1528,518567,256,1,515313,0,517882,0,1,0,0
328,8,1,256,1,0,7,2,1,3,520233,520260,2049,1783,518450,256,1,515314,0,517883,0,1,0,0
329,8,2,256,1,0,0,0,2,2,513769,520160,2057,7,513762,256,1,511047,0,513616,0,1,0,0
329,8,2,256,1,0,1,0,3,3,517563,520160,2057,121,517442,256,1,513517,0,516086,0,1,0,0
329,8,2,256,1,0,2,1,0,1,517844,520160,2057,444,517400,256,1,514468,0,517037,0,1,0,0
329,8,2,256,1,0,3,1,1,2,519346,520160,2057,747,518599,256,1,514987,0,517556,0,1,0,0
329,8,2,256,1,0,4,1,2,3,519605,520160,2057,1013,518592,256,1,515231,0,517800,0,1,0,0
329,8,2,256,1,0,5,1,3,4,519857,520160,2057,1273,518584,256,1,515217,0,517786,0,1,0,0
329,8,2,256,1,0,6,2,0,2,519996,520160,2057,1536,518460,256,1,515204,0,517773,0,1,0,0
329,8,2,256,1,0,7,2,1,3,520133,520160,2057,1792,518341,256,1,515206,0,517775,0,1,0,0
330,8,3,256,1,0,0,0,2,2,513855,520252,2069,7,513848,256,1,511133,0,513702,0,1,0,0
330,8,3,256,1,0,1,0,3,3,517652,520252,2069,121,517531,256,1,513606,0,516175,0,1,0,0
330,8,3,256,1,0,2,1,0,1,517918,520252,2069,444,517474,256,1,514534,0,517103,0,1,0,0
330,8,3,256,1,0,3,1,1,2,519438,520252,2069,770,518668,256,1,515064,0,517633,0,1,0,0
330,8,3,256,1,0,4,1,2,3,519697,520252,2069,1025,518672,256,1,515306,0,517875,0,1,0,0
330,8,3,256,1,0,5,1,3,4,519948,520252,2069,1285,518663,256,1,515293,0,517862,0,1,0,0
330,8,3,256,1,0,6,2,0,2,520087,520252,2069,1548,518539,256,1,515285,0,517854,0,1,0,0
330,8,3,256,1,0,7,2,1,3,520225,520252,2069,1803,518422,256,1,515286,0,517855,0,1,0,0
331,10,1,256,1,0,0,0,2,2,637182,645199,2576,7,637175,256,1,633464,0,636033,0,1,0,0
331,10,1,256,1,0,1,0,3,3,641958,645199,2576,121,641837,256,1,636897,0,639466,0,1,0,0
331,10,1,256,1,0,2,1,0,1,642215,645199,2576,460,641755,256,1,638342,0,640911,0,1,0,0
331,10,1,256,1,0,3,1,1,2,642469,645199,2576,763,641706,256,1,638849,0,641418,0,1,0,0
331,10,1,256,1,0,4,1,2,3,644246,645199,2576,1018,643228,256,1,639369,0,641938,0,1,0,0
331,10,1,256,1,0,5,1,3,4,644498,645199,2576,1278,643220,256,1,639604,0,642173,0,1,0,0
331,10,1,256,1,0,6,2,0,2,644740,645199,2576,1541,643199,256,1,639593,0,642162,0,1,0,0
331,10,1,256,1,0,7,2,1,3,644878,645199,2576,1796,643082,256,1,639592,0,642161,0,1,0,0
331,10,1,256,1,0,8,2,2,4,645017,645199,2576,2056,642961,256,1,639582,0,642151,0,1,0,0
331,10,1,256,1,0,9,2,3,5,645172,645199,2576,2315,642857,256,1,639579,0,642148,0,1,0,0
332,10,2,256,1,0,0,0,2,2,637197,645195,2563,7,637190,256,1,633479,0,636048,0,1,0,0
332,10,2,256,1,0,1,0,3,3,641976,645195,2563,121,641855,256,1,636928,0,639497,0,1,0,0
332,10,2,256,1,0,2,1,0,1,642248,645195,2563,446,641802,256,1,638369,0,640938,0,1,0,0
332,10,2,256,1,0,3,1,1,2,642500,645195,2563,750,641750,256,1,638893,0,641462,0,1,0,0
332,10,2,256,1,0,4,1,2,3,644257,645195,2563,1005,643252,256,1,639397,0,641966,0,1,0,0
332,10,2,256,1,0,5,1,3,4,644510,645195,2563,1265,643245,256,1,639633,0,642202,0,1,0,0
332,10,2,256,1,0,6,2,0,2,644752,645195,2563,1528,643224,256,1,639620,0,642189,0,1,0,0
332,10,2,256,1,0,7,2,1,3,644889,645195,2563,1784,643105,256,1,639616,0,642185,0,1,0,0
332,10,2,256,1,0,8,2,2,4,645028,645195,2563,2044,642984,256,1,639606,0,642175,0,1,0,0
332,10,2,256,1,0,9,2,3,5,645168,645195,2563,2303,642865,256,1,639604,0,642173,0,1,0,0
333,10,3,256,1,0,0,0,2,2,637155,645165,2568,7,637148,256,1,633437,0,636006,0,1,0,0
333,10,3,256,1,0,1,0,3,3,641957,645165,2568,121,641836,256,1,636892,0,639461,0,1,0,0
333,10,3,256,1,0,2,1,0,1,642213,645165,2568,447,641766,256,1,638355,0,640924,0,1,0,0
333,10,3,256,1,0,3,1,1,2,642468,645165,2568,749,641719,256,1,638858,0,641427,0,1,0,0
333,10,3,256,1,0,4,1,2,3,644225,645165,2568,1007,643218,256,1,639362,0,641931,0,1,0,0
333,10,3,256,1,0,5,1,3,4,644480,645165,2568,1267,643213,256,1,639598,0,642167,0,1,0,0
333,10,3,256,1,0,6,2,0,2,644722,645165,2568,1530,643192,256,1,639587,0,642156,0,1,0,0
333,10,3,256,1,0,7,2,1,3,644859,645165,2568,1785,643074,256,1,639579,0,642148,0,1,0,0
333,10,3,256,1,0,8,2,2,4,644998,645165,2568,2047,642951,256,1,639569,0,642138,0,1,0,0
333,10,3,256,1,0,9,2,3,5,645138,645165,2568,2307,642831,256,1,639569,0,642138,0,1,0,0
334,13,1,256,1,0,0,0,2,2,696471,833299,3376,7,696464,263,1,692510,0,695079,0,1,0,0
334,13,1,256,1,0,1,0,3,3,699736,833299,3376,124,699612,263,1,696686,0,699255,0,1,0,0
334,13,1,256,1,0,2,1,0,1,828972,833299,3376,452,828520,263,1,824128,0,826697,0,1,0,0
334,13,1,256,1,0,3,1,1,2,829228,833299,3376,752,828476,263,1,825338,0,827907,0,1,0,0
334,13,1,256,1,0,4,1,2,3,831701,833299,3376,1032,830669,263,1,825840,0,828409,0,1,0,0
334,13,1,256,1,0,5,1,3,4,831965,833299,3376,1291,830674,263,1,826317,0,828886,0,1,0,0
334,13,1,256,1,0,6,2,0,2,832215,833299,3376,1554,830661,263,1,826792,0,829361,0,1,0,0
334,13,1,256,1,0,7,2,1,3,832466,833299,3376,1812,830654,263,1,826787,0,829356,0,1,0,0
334,13,1,256,1,0,8,2,2,4,832716,833299,3376,2071,830645,263,1,826778,0,829347,0,1,0,0
334,13,1,256,1,0,9,2,3,5,832855,833299,3376,2330,830525,263,1,826784,0,829353,0,1,0,0
334,13,1,256,1,0,10,3,0,3,832994,833299,3376,2585,830409,263,1,826751,0,829320,0,1,0,0
334,13,1,256,1,0,11,3,1,4,833133,833299,3376,2864,830269,263,1,826756,0,829325,0,1,0,0
334,13,1,256,1,0,12,3,2,5,833272,833299,3376,3115,830157,263,1,826755,0,829324,0,1,0,0
335,13,2,256,1,0,0,0,2,2,696541,833288,3365,7,696534,263,1,692559,0,695128,0,1,0,0
335,13,2,256,1,0,1,0,3,3,699801,833288,3365,121,699680,263,1,696758,0,699327,0,1,0,0
335,13,2,256,1,0,2,1,0,1,828958,833288,3365,446,828512,263,1,824114,0,826683,0,1,0,0
335,13,2,256,1,0,3,1,1,2,829214,833288,3365,752,828462,263,1,825331,0,827900,0,1,0,0
335,13,2,256,1,0,4,1,2,3,831687,833288,3365,1026,830661,263,1,825832,0,828401,0,1,0,0
335,13,2,256,1,0,5,1,3,4,831954,833288,3365,1285,830669,263,1,826305,0,828874,0,1,0,0
335,13,2,256,1,0,6,2,0,2,832204,833288,3365,1552,830652,263,1,826783,0,829352,0,1,0,0
335,13,2,256,1,0,7,2,1,3,832454,833288,3365,1807,830647,263,1,826778,0,829347,0,1,0,0
335,13,2,256,1,0,8,2,2,4,832703,833288,3365,2067,830636,263,1,826768,0,829337,0,1,0,0
335,13,2,256,1,0,9,2,3,5,832843,833288,3365,2326,830517,263,1,826777,0,829346,0,1,0,0
335,13,2,256,1,0,10,3,0,3,832982,833288,3365,2581,830401,263,1,826751,0,829320,0,1,0,0
335,13,2,256,1,0,11,3,1,4,833121,833288,3365,2853,830268,263,1,826756,0,829325,0,1,0,0
335,13,2,256,1,0,12,3,2,5,833261,833288,3365,3104,830157,263,1,826753,0,829322,0,1,0,0
336,13,3,256,1,0,0,0,2,2,696370,833126,3335,7,696363,263,1,692392,0,694961,0,1,0,0
336,13,3,256,1,0,1,0,3,3,699612,833126,3335,121,699491,263,1,696568,0,699137,0,1,0,0
336,13,3,256,1,0,2,1,0,1,828801,833126,3335,446,828355,263,1,823955,0,826524,0,1,0,0
336,13,3,256,1,0,3,1,1,2,829056,833126,3335,749,828307,263,1,825195,0,827764,0,1,0,0
336,13,3,256,1,0,4,1,2,3,831543,833126,3335,1004,830539,263,1,825696,0,828265,0,1,0,0
336,13,3,256,1,0,5,1,3,4,831792,833126,3335,1264,830528,263,1,826173,0,828742,0,1,0,0
336,13,3,256,1,0,6,2,0,2,832044,833126,3335,1527,830517,263,1,826649,0,829218,0,1,0,0
336,13,3,256,1,0,7,2,1,3,832295,833126,3335,1782,830513,263,1,826644,0,829213,0,1,0,0
336,13,3,256,1,0,8,2,2,4,832543,833126,3335,2042,830501,263,1,826649,0,829218,0,1,0,0
336,13,3,256,1,0,9,2,3,5,832682,833126,3335,2301,830381,263,1,826640,0,829209,0,1,0,0
336,13,3,256,1,0,10,3,0,3,832821,833126,3335,2556,830265,263,1,826620,0,829189,0,1,0,0
336,13,3,256,1,0,11,3,1,4,832960,833126,3335,2822,830138,263,1,826626,0,829195,0,1,0,0
336,13,3,256,1,0,12,3,2,5,833099,833126,3335,3074,830025,263,1,826623,0,829192,0,1,0,0
337,1,1,512,1,0,0,0,2,2,71744,71766,121,7,71737,128,1,70291,0,71580,0,1,0,0
338,1,2,512,1,0,0,0,2,2,71743,71765,121,7,71736,128,1,70301,0,71590,0,1,0,0
339,1,3,512,1,0,0,0,2,2,71755,71777,121,7,71748,128,1,70313,0,71602,0,1,0,0
340,2,1,512,1,0,0,0,2,2,129230,130322,708,7,129223,128,1,127788,0,129077,0,1,0,0
340,2,1,512,1,0,1,0,3,3,130295,130322,708,126,130169,128,1,128277,0,129566,0,1,0,0
341,2,2,512,1,0,0,0,2,2,129238,130330,708,7,129231,128,1,127796,0,129085,0,1,0,0
341,2,2,512,1,0,1,0,3,3,130303,130330,708,126,130177,128,1,128285,0,129574,0,1,0,0
342,2,3,512,1,0,0,0,2,2,129208,130301,706,7,129201,128,1,127766,0,129055,0,1,0,0
342,2,3,512,1,0,1,0,3,3,130274,130301,706,126,130148,128,1,128257,0,129546,0,1,0,0
343,4,1,512,1,0,0,0,2,2,257330,261606,1778,7,257323,128,1,255890,0,257179,0,1,0,0
343,4,1,512,1,0,1,0,3,3,260907,261606,1778,121,260786,128,1,257865,0,259154,0,1,0,0
343,4,1,512,1,0,2,1,0,1,261426,261606,1778,702,260724,128,1,258319,0,259608,0,1,0,0
343,4,1,512,1,0,3,1,1,2,261579,261606,1778,1261,260318,128,1,258322,0,259611,0,1,0,0
344,4,2,512,1,0,0,0,2,2,257396,261652,1778,7,257389,128,1,255947,0,257236,0,1,0,0
344,4,2,512,1,0,1,0,3,3,260971,261652,1778,121,260850,128,1,257930,0,259219,0,1,0,0
344,4,2,512,1,0,2,1,0,1,261488,261652,1778,702,260786,128,1,258384,0,259673,0,1,0,0
344,4,2,512,1,0,3,1,1,2,261625,261652,1778,1261,260364,128,1,258388,0,259677,0,1,0,0
345,4,3,512,1,0,0,0,2,2,257411,261668,1780,7,257404,128,1,255967,0,257256,0,1,0,0
345,4,3,512,1,0,1,0,3,3,260986,261668,1780,123,260863,128,1,257943,0,259232,0,1,0,0
345,4,3,512,1,0,2,1,0,1,261503,261668,1780,704,260799,128,1,258397,0,259686,0,1,0,0
345,4,3,512,1,0,3,1,1,2,261641,261668,1780,1263,260378,128,1,258400,0,259689,0,1,0,0
346,6,1,512,1,0,0,0,2,2,384636,391103,2832,7,384629,128,1,381165,0,382454,0,1,0,0
346,6,1,512,1,0,1,0,3,3,387710,391103,2832,121,387589,128,1,385184,0,386473,0,1,0,0
346,6,1,512,1,0,2,1,0,1,390266,391103,2832,700,389566,128,1,386148,0,387437,0,1,0,0
346,6,1,512,1,0,3,1,1,2,390774,391103,2832,1261,389513,128,1,386652,0,387941,0,1,0,0
346,6,1,512,1,0,4,1,2,3,390911,391103,2832,1788,389123,128,1,386643,0,387932,0,1,0,0
346,6,1,512,1,0,5,1,3,4,391076,391103,2832,2307,388769,128,1,386629,0,387918,0,1,0,0
347,6,2,512,1,0,0,0,2,2,384640,391059,2820,7,384633,128,1,381171,0,382460,0,1,0,0
347,6,2,512,1,0,1,0,3,3,387697,391059,2820,121,387576,128,1,385167,0,386456,0,1,0,0
347,6,2,512,1,0,2,1,0,1,390235,391059,2820,702,389533,128,1,386132,0,387421,0,1,0,0
347,6,2,512,1,0,3,1,1,2,390743,391059,2820,1261,389482,128,1,386638,0,387927,0,1,0,0
347,6,2,512,1,0,4,1,2,3,390893,391059,2820,1771,389122,128,1,386633,0,387922,0,1,0,0
347,6,2,512,1,0,5,1,3,4,391032,391059,2820,2286,388746,128,1,386610,0,387899,0,1,0,0
348,6,3,512,1,0,0,0,2,2,384643,391093,2837,7,384636,128,1,381172,0,382461,0,1,0,0
348,6,3,512,1,0,1,0,3,3,387699,391093,2837,121,387578,128,1,385170,0,386459,0,1,0,0
348,6,3,512,1,0,2,1,0,1,390265,391093,2837,702,389563,128,1,386159,0,387448,0,1,0,0
348,6,3,512,1,0,3,1,1,2,390789,391093,2837,1261,389528,128,1,386663,0,387952,0,1,0,0
348,6,3,512,1,0,4,1,2,3,390927,391093,2837,1772,389155,128,1,386657,0,387946,0,1,0,0
348,6,3,512,1,0,5,1,3,4,391066,391093,2837,2288,388778,128,1,386622,0,387911,0,1,0,0
349,8,1,512,1,0,0,0,2,2,508597,521121,3840,7,508590,128,1,507155,0,508444,0,1,0,0
349,8,1,512,1,0,1,0,3,3,516222,521121,3840,121,516101,128,1,512174,0,513463,0,1,0,0
349,8,1,512,1,0,2,1,0,1,516742,521121,3840,702,516040,128,1,514148,0,515437,0,1,0,0
349,8,1,512,1,0,3,1,1,2,519779,521121,3840,1261,518518,128,1,515173,0,516462,0,1,0,0
349,8,1,512,1,0,4,1,2,3,520294,521121,3840,1772,518522,128,1,515673,0,516962,0,1,0,0
349,8,1,512,1,0,5,1,3,4,520802,521121,3840,2288,518514,128,1,515659,0,516948,0,1,0,0
349,8,1,512,1,0,6,2,0,2,520956,521121,3840,2807,518149,128,1,515647,0,516936,0,1,0,0
349,8,1,512,1,0,7,2,1,3,521094,521121,3840,3318,517776,128,1,515649,0,516938,0,1,0,0
350,8,2,512,1,0,0,0,2,2,508586,521089,3838,7,508579,128,1,507144,0,508433,0,1,0,0
350,8,2,512,1,0,1,0,3,3,516204,521089,3838,121,516083,128,1,512156,0,513445,0,1,0,0
350,8,2,512,1,0,2,1,0,1,516724,521089,3838,702,516022,128,1,514130,0,515419,0,1,0,0
350,8,2,512,1,0,3,1,1,2,519761,521089,3838,1261,518500,128,1,515157,0,516446,0,1,0,0
350,8,2,512,1,0,4,1,2,3,520276,521089,3838,1771,518505,128,1,515656,0,516945,0,1,0,0
350,8,2,512,1,0,5,1,3,4,520784,521089,3838,2286,518498,128,1,515643,0,516932,0,1,0,0
350,8,2,512,1,0,6,2,0,2,520925,521089,3838,2805,518120,128,1,515631,0,516920,0,1,0,0
350,8,2,512,1,0,7,2,1,3,521062,521089,3838,3316,517746,128,1,515633,0,516922,0,1,0,0
351,8,3,512,1,0,0,0,2,2,508558,521062,3842,7,508551,128,1,507116,0,508405,0,1,0,0
351,8,3,512,1,0,1,0,3,3,516178,521062,3842,121,516057,128,1,512124,0,513413,0,1,0,0
351,8,3,512,1,0,2,1,0,1,516699,521062,3842,708,515991,128,1,514104,0,515393,0,1,0,0
351,8,3,512,1,0,3,1,1,2,519735,521062,3842,1261,518474,128,1,515128,0,516417,0,1,0,0
351,8,3,512,1,0,4,1,2,3,520250,521062,3842,1774,518476,128,1,515626,0,516915,0,1,0,0
351,8,3,512,1,0,5,1,3,4,520758,521062,3842,2290,518468,128,1,515613,0,516902,0,1,0,0
351,8,3,512,1,0,6,2,0,2,520898,521062,3842,2809,518089,128,1,515602,0,516891,0,1,0,0
351,8,3,512,1,0,7,2,1,3,521035,521062,3842,3320,517715,128,1,515603,0,516892,0,1,0,0
352,10,1,512,1,0,0,0,2,2,634680,650345,4884,7,634673,128,1,631216,0,632505,0,1,0,0
352,10,1,512,1,0,1,0,3,3,644318,650345,4884,121,644197,128,1,638247,0,639536,0,1,0,0
352,10,1,512,1,0,2,1,0,1,644833,650345,4884,702,644131,128,1,641229,0,642518,0,1,0,0
352,10,1,512,1,0,3,1,1,2,645343,650345,4884,1261,644082,128,1,642249,0,643538,0,1,0,0
352,10,1,512,1,0,4,1,2,3,648895,650345,4884,1772,647123,128,1,643267,0,644556,0,1,0,0
352,10,1,512,1,0,5,1,3,4,649404,650345,4884,2288,647116,128,1,643758,0,645047,0,1,0,0
352,10,1,512,1,0,6,2,0,2,649902,650345,4884,2807,647095,128,1,643730,0,645019,0,1,0,0
352,10,1,512,1,0,7,2,1,3,650039,650345,4884,3335,646704,128,1,643726,0,645015,0,1,0,0
352,10,1,512,1,0,8,2,2,4,650179,650345,4884,3850,646329,128,1,643718,0,645007,0,1,0,0
352,10,1,512,1,0,9,2,3,5,650318,650345,4884,4365,645953,128,1,643713,0,645002,0,1,0,0
353,10,2,512,1,0,0,0,2,2,634688,650356,4892,7,634681,128,1,631224,0,632513,0,1,0,0
353,10,2,512,1,0,1,0,3,3,644325,650356,4892,122,644203,128,1,638254,0,639543,0,1,0,0
353,10,2,512,1,0,2,1,0,1,644841,650356,4892,703,644138,128,1,641235,0,642524,0,1,0,0
353,10,2,512,1,0,3,1,1,2,645353,650356,4892,1262,644091,128,1,642255,0,643544,0,1,0,0
353,10,2,512,1,0,4,1,2,3,648903,650356,4892,1773,647130,128,1,643275,0,644564,0,1,0,0
353,10,2,512,1,0,5,1,3,4,649413,650356,4892,2289,647124,128,1,643741,0,645030,0,1,0,0
353,10,2,512,1,0,6,2,0,2,649911,650356,4892,2833,647078,128,1,643729,0,645018,0,1,0,0
353,10,2,512,1,0,7,2,1,3,650049,650356,4892,3344,646705,128,1,643727,0,645016,0,1,0,0
353,10,2,512,1,0,8,2,2,4,650188,650356,4892,3860,646328,128,1,643717,0,645006,0,1,0,0
353,10,2,512,1,0,9,2,3,5,650329,650356,4892,4375,645954,128,1,643713,0,645002,0,1,0,0
354,10,3,512,1,0,0,0,2,2,634720,650398,4869,7,634713,128,1,631257,0,632546,0,1,0,0
354,10,3,512,1,0,1,0,3,3,644360,650398,4869,121,644239,128,1,638295,0,639584,0,1,0,0
354,10,3,512,1,0,2,1,0,1,644887,650398,4869,703,644184,128,1,641270,0,642559,0,1,0,0
354,10,3,512,1,0,3,1,1,2,645397,650398,4869,1263,644134,128,1,642301,0,643590,0,1,0,0
354,10,3,512,1,0,4,1,2,3,648947,650398,4869,1774,647173,128,1,643317,0,644606,0,1,0,0
354,10,3,512,1,0,5,1,3,4,649456,650398,4869,2290,647166,128,1,643809,0,645098,0,1,0,0
354,10,3,512,1,0,6,2,0,2,649954,650398,4869,2809,647145,128,1,643799,0,645088,0,1,0,0
354,10,3,512,1,0,7,2,1,3,650091,650398,4869,3320,646771,128,1,643794,0,645083,0,1,0,0
354,10,3,512,1,0,8,2,2,4,650230,650398,4869,3836,646394,128,1,643784,0,645073,0,1,0,0
354,10,3,512,1,0,9,2,3,5,650371,650398,4869,4351,646020,128,1,643780,0,645069,0,1,0,0
355,13,1,512,1,0,0,0,2,2,699619,844835,6408,7,699612,131,1,693617,0,694906,0,1,0,0
355,13,1,512,1,0,1,0,3,3,706211,844835,6408,121,706090,131,1,702171,0,703460,0,1,0,0
355,13,1,512,1,0,2,1,0,1,835004,844835,6408,703,834301,131,1,831397,0,832686,0,1,0,0
355,13,1,512,1,0,3,1,1,2,840585,844835,6408,1263,839322,131,1,833932,0,835221,0,1,0,0
355,13,1,512,1,0,4,1,2,3,841088,844835,6408,1774,839314,131,1,834948,0,836237,0,1,0,0
355,13,1,512,1,0,5,1,3,4,841601,844835,6408,2290,839311,131,1,835937,0,837226,0,1,0,0
355,13,1,512,1,0,6,2,0,2,842112,844835,6408,2809,839303,131,1,836957,0,838246,0,1,0,0
355,13,1,512,1,0,7,2,1,3,842618,844835,6408,3319,839299,131,1,836959,0,838248,0,1,0,0
355,13,1,512,1,0,8,2,2,4,843145,844835,6408,3834,839311,131,1,836955,0,838244,0,1,0,0
355,13,1,512,1,0,9,2,3,5,843656,844835,6408,4349,839307,131,1,836948,0,838237,0,1,0,0
355,13,1,512,1,0,10,3,0,3,844165,844835,6408,4863,839302,131,1,836952,0,838241,0,1,0,0
355,13,1,512,1,0,11,3,1,4,844669,844835,6408,5383,839286,131,1,836957,0,838246,0,1,0,0
355,13,1,512,1,0,12,3,2,5,844808,844835,6408,5891,838917,131,1,836955,0,838244,0,1,0,0
356,13,2,512,1,0,0,0,2,2,699680,844900,6427,7,699673,131,1,693678,0,694967,0,1,0,0
356,13,2,512,1,0,1,0,3,3,706272,844900,6427,121,706151,131,1,702233,0,703522,0,1,0,0
356,13,2,512,1,0,2,1,0,1,835079,844900,6427,702,834377,131,1,831463,0,832752,0,1,0,0
356,13,2,512,1,0,3,1,1,2,840664,844900,6427,1261,839403,131,1,834009,0,835298,0,1,0,0
356,13,2,512,1,0,4,1,2,3,841167,844900,6427,1772,839395,131,1,835029,0,836318,0,1,0,0
356,13,2,512,1,0,5,1,3,4,841679,844900,6427,2288,839391,131,1,836018,0,837307,0,1,0,0
356,13,2,512,1,0,6,2,0,2,842190,844900,6427,2806,839384,131,1,837036,0,838325,0,1,0,0
356,13,2,512,1,0,7,2,1,3,842697,844900,6427,3317,839380,131,1,837038,0,838327,0,1,0,0
356,13,2,512,1,0,8,2,2,4,843209,844900,6427,3833,839376,131,1,837034,0,838323,0,1,0,0
356,13,2,512,1,0,9,2,3,5,843723,844900,6427,4348,839375,131,1,837030,0,838319,0,1,0,0
356,13,2,512,1,0,10,3,0,3,844231,844900,6427,4859,839372,131,1,837019,0,838308,0,1,0,0
356,13,2,512,1,0,11,3,1,4,844734,844900,6427,5381,839353,131,1,837026,0,838315,0,1,0,0
356,13,2,512,1,0,12,3,2,5,844873,844900,6427,5889,838984,131,1,837001,0,838290,0,1,0,0
357,13,3,512,1,0,0,0,2,2,699642,844830,6414,7,699635,131,1,693627,0,694916,0,1,0,0
357,13,3,512,1,0,1,0,3,3,706232,844830,6414,121,706111,131,1,702179,0,703468,0,1,0,0
357,13,3,512,1,0,2,1,0,1,835023,844830,6414,700,834323,131,1,831417,0,832706,0,1,0,0
357,13,3,512,1,0,3,1,1,2,840582,844830,6414,1259,839323,131,1,833955,0,835244,0,1,0,0
357,13,3,512,1,0,4,1,2,3,841085,844830,6414,1770,839315,131,1,834974,0,836263,0,1,0,0
357,13,3,512,1,0,5,1,3,4,841597,844830,6414,2286,839311,131,1,835962,0,837251,0,1,0,0
357,13,3,512,1,0,6,2,0,2,842108,844830,6414,2805,839303,131,1,836955,0,838244,0,1,0,0
357,13,3,512,1,0,7,2,1,3,842614,844830,6414,3316,839298,131,1,836946,0,838235,0,1,0,0
357,13,3,512,1,0,8,2,2,4,843119,844830,6414,3842,839277,131,1,836943,0,838232,0,1,0,0
357,13,3,512,1,0,9,2,3,5,843630,844830,6414,4357,839273,131,1,836938,0,838227,0,1,0,0
357,13,3,512,1,0,10,3,0,3,844160,844830,6414,4870,839290,131,1,836921,0,838210,0,1,0,0
357,13,3,512,1,0,11,3,1,4,844663,844830,6414,5389,839274,131,1,836947,0,838236,0,1,0,0
357,13,3,512,1,0,12,3,2,5,844803,844830,6414,5897,838906,131,1,836943,0,838232,0,1,0,0
358,1,1,1024,1,0,0,0,2,2,68732,68754,121,7,68725,64,1,67930,0,68579,0,1,0,0
359,1,2,1024,1,0,0,0,2,2,68737,68759,121,7,68730,64,1,67935,0,68584,0,1,0,0
360,1,3,1024,1,0,0,0,2,2,68725,68747,122,7,68718,64,1,67922,0,68571,0,1,0,0
361,2,1,1024,1,0,0,0,2,2,128842,130958,1220,7,128835,64,1,128040,0,128689,0,1,0,0
361,2,1,1024,1,0,1,0,3,3,130931,130958,1220,126,130805,64,1,129040,0,129689,0,1,0,0
362,2,2,1024,1,0,0,0,2,2,128837,130954,1220,7,128830,64,1,128035,0,128684,0,1,0,0
362,2,2,1024,1,0,1,0,3,3,130927,130954,1220,126,130801,64,1,129035,0,129684,0,1,0,0
363,2,3,1024,1,0,0,0,2,2,128843,130982,1220,7,128836,64,1,128039,0,128688,0,1,0,0
363,2,3,1024,1,0,1,0,3,3,130955,130982,1220,126,130829,64,1,129064,0,129713,0,1,0,0
364,4,1,1024,1,0,0,0,2,2,253822,262197,3329,7,253815,64,1,253005,0,253654,0,1,0,0
364,4,1,1024,1,0,1,0,3,3,260982,262197,3329,136,260846,64,1,257028,0,257677,0,1,0,0
364,4,1,1024,1,0,2,1,0,1,262033,262197,3329,1229,260804,64,1,257996,0,258645,0,1,0,0
364,4,1,1024,1,0,3,1,1,2,262170,262197,3329,2300,259870,64,1,257999,0,258648,0,1,0,0
365,4,2,1024,1,0,0,0,2,2,253803,262172,3314,7,253796,64,1,253001,0,253650,0,1,0,0
365,4,2,1024,1,0,1,0,3,3,260979,262172,3314,121,260858,64,1,257024,0,257673,0,1,0,0
365,4,2,1024,1,0,2,1,0,1,262008,262172,3314,1214,260794,64,1,258008,0,258657,0,1,0,0
365,4,2,1024,1,0,3,1,1,2,262145,262172,3314,2285,259860,64,1,258011,0,258660,0,1,0,0
366,4,3,1024,1,0,0,0,2,2,253758,262115,3314,7,253751,64,1,252956,0,253605,0,1,0,0
366,4,3,1024,1,0,1,0,3,3,260924,262115,3314,121,260803,64,1,256979,0,257628,0,1,0,0
366,4,3,1024,1,0,2,1,0,1,261951,262115,3314,1214,260737,64,1,257953,0,258602,0,1,0,0
366,4,3,1024,1,0,3,1,1,2,262088,262115,3314,2285,259803,64,1,257956,0,258605,0,1,0,0
367,6,1,1024,1,0,0,0,2,2,380004,392568,5373,7,379997,64,1,375125,0,375774,0,1,0,0
367,6,1,1024,1,0,1,0,3,3,386132,392568,5373,121,386011,64,1,383218,0,383867,0,1,0,0
367,6,1,1024,1,0,2,1,0,1,391244,392568,5373,1214,390030,64,1,385220,0,385869,0,1,0,0
367,6,1,1024,1,0,3,1,1,2,392264,392568,5373,2285,389979,64,1,386239,0,386888,0,1,0,0
367,6,1,1024,1,0,4,1,2,3,392402,392568,5373,3308,389094,64,1,386231,0,386880,0,1,0,0
367,6,1,1024,1,0,5,1,3,4,392541,392568,5373,4336,388205,64,1,386217,0,386866,0,1,0,0
368,6,2,1024,1,0,0,0,2,2,380085,392638,5375,7,380078,64,1,375206,0,375855,0,1,0,0
368,6,2,1024,1,0,1,0,3,3,386216,392638,5375,121,386095,64,1,383302,0,383951,0,1,0,0
368,6,2,1024,1,0,2,1,0,1,391317,392638,5375,1212,390105,64,1,385293,0,385942,0,1,0,0
368,6,2,1024,1,0,3,1,1,2,392335,392638,5375,2285,390050,64,1,386307,0,386956,0,1,0,0
368,6,2,1024,1,0,4,1,2,3,392472,392638,5375,3310,389162,64,1,386300,0,386949,0,1,0,0
368,6,2,1024,1,0,5,1,3,4,392611,392638,5375,4338,388273,64,1,386287,0,386936,0,1,0,0
369,6,3,1024,1,0,0,0,2,2,380009,392592,5373,7,380002,64,1,375130,0,375779,0,1,0,0
369,6,3,1024,1,0,1,0,3,3,386162,392592,5373,121,386041,64,1,383226,0,383875,0,1,0,0
369,6,3,1024,1,0,2,1,0,1,391271,392592,5373,1237,390034,64,1,385246,0,385895,0,1,0,0
369,6,3,1024,1,0,3,1,1,2,392289,392592,5373,2285,390004,64,1,386263,0,386912,0,1,0,0
369,6,3,1024,1,0,4,1,2,3,392426,392592,5373,3308,389118,64,1,386256,0,386905,0,1,0,0
369,6,3,1024,1,0,5,1,3,4,392565,392592,5373,4336,388229,64,1,386243,0,386892,0,1,0,0
370,8,1,1024,1,0,0,0,2,2,498340,523157,7422,7,498333,64,1,497538,0,498187,0,1,0,0
370,8,1,1024,1,0,1,0,3,3,513664,523157,7422,121,513543,64,1,507674,0,508323,0,1,0,0
370,8,1,1024,1,0,2,1,0,1,514695,523157,7422,1214,513481,64,1,511720,0,512369,0,1,0,0
370,8,1,1024,1,0,3,1,1,2,520806,523157,7422,2283,518523,64,1,513773,0,514422,0,1,0,0
370,8,1,1024,1,0,4,1,2,3,521834,523157,7422,3306,518528,64,1,514784,0,515433,0,1,0,0
370,8,1,1024,1,0,5,1,3,4,522854,523157,7422,4334,518520,64,1,514770,0,515419,0,1,0,0
370,8,1,1024,1,0,6,2,0,2,522993,523157,7422,5365,517628,64,1,514758,0,515407,0,1,0,0
370,8,1,1024,1,0,7,2,1,3,523130,523157,7422,6388,516742,64,1,514759,0,515408,0,1,0,0
371,8,2,1024,1,0,0,0,2,2,498351,523140,7455,7,498344,64,1,497534,0,498183,0,1,0,0
371,8,2,1024,1,0,1,0,3,3,513649,523140,7455,136,513513,64,1,507665,0,508314,0,1,0,0
371,8,2,1024,1,0,2,1,0,1,514680,523140,7455,1229,513451,64,1,511689,0,512338,0,1,0,0
371,8,2,1024,1,0,3,1,1,2,520791,523140,7455,2300,518491,64,1,513738,0,514387,0,1,0,0
371,8,2,1024,1,0,4,1,2,3,521817,523140,7455,3323,518494,64,1,514749,0,515398,0,1,0,0
371,8,2,1024,1,0,5,1,3,4,522837,523140,7455,4351,518486,64,1,514735,0,515384,0,1,0,0
371,8,2,1024,1,0,6,2,0,2,522976,523140,7455,5382,517594,64,1,514724,0,515373,0,1,0,0
371,8,2,1024,1,0,7,2,1,3,523113,523140,7455,6405,516708,64,1,514709,0,515358,0,1,0,0
372,8,3,1024,1,0,0,0,2,2,498335,523138,7422,7,498328,64,1,497533,0,498182,0,1,0,0
372,8,3,1024,1,0,1,0,3,3,513647,523138,7422,121,513526,64,1,507681,0,508330,0,1,0,0
372,8,3,1024,1,0,2,1,0,1,514678,523138,7422,1212,513466,64,1,511704,0,512353,0,1,0,0
372,8,3,1024,1,0,3,1,1,2,520789,523138,7422,2283,518506,64,1,513751,0,514400,0,1,0,0
372,8,3,1024,1,0,4,1,2,3,521815,523138,7422,3307,518508,64,1,514763,0,515412,0,1,0,0
372,8,3,1024,1,0,5,1,3,4,522835,523138,7422,4334,518501,64,1,514750,0,515399,0,1,0,0
372,8,3,1024,1,0,6,2,0,2,522974,523138,7422,5365,517609,64,1,514739,0,515388,0,1,0,0
372,8,3,1024,1,0,7,2,1,3,523111,523138,7422,6388,516723,64,1,514740,0,515389,0,1,0,0
373,10,1,1024,1,0,0,0,2,2,622072,653119,9474,7,622065,64,1,617202,0,617851,0,1,0,0
373,10,1,1024,1,0,1,0,3,3,641425,653119,9474,121,641304,64,1,631386,0,632035,0,1,0,0
373,10,1,1024,1,0,2,1,0,1,642451,653119,9474,1214,641237,64,1,637440,0,638089,0,1,0,0
373,10,1,1024,1,0,3,1,1,2,643473,653119,9474,2285,641188,64,1,639483,0,640132,0,1,0,0
373,10,1,1024,1,0,4,1,2,3,650642,653119,9474,3308,647334,64,1,641525,0,642174,0,1,0,0
373,10,1,1024,1,0,5,1,3,4,651664,653119,9474,4336,647328,64,1,642550,0,643199,0,1,0,0
373,10,1,1024,1,0,6,2,0,2,652674,653119,9474,5367,647307,64,1,642539,0,643188,0,1,0,0
373,10,1,1024,1,0,7,2,1,3,652814,653119,9474,6390,646424,64,1,642548,0,643197,0,1,0,0
373,10,1,1024,1,0,8,2,2,4,652953,653119,9474,7418,645535,64,1,642538,0,643187,0,1,0,0
373,10,1,1024,1,0,9,2,3,5,653092,653119,9474,8445,644647,64,1,642535,0,643184,0,1,0,0
374,10,2,1024,1,0,0,0,2,2,622075,653104,9498,7,622068,64,1,617205,0,617854,0,1,0,0
374,10,2,1024,1,0,1,0,3,3,641448,653104,9498,121,641327,64,1,631414,0,632063,0,1,0,0
374,10,2,1024,1,0,2,1,0,1,642474,653104,9498,1214,641260,64,1,637463,0,638112,0,1,0,0
374,10,2,1024,1,0,3,1,1,2,643496,653104,9498,2285,641211,64,1,639506,0,640155,0,1,0,0
374,10,2,1024,1,0,4,1,2,3,650630,653104,9498,3308,647322,64,1,641546,0,642195,0,1,0,0
374,10,2,1024,1,0,5,1,3,4,651650,653104,9498,4336,647314,64,1,642550,0,643199,0,1,0,0
374,10,2,1024,1,0,6,2,0,2,652660,653104,9498,5367,647293,64,1,642516,0,643165,0,1,0,0
374,10,2,1024,1,0,7,2,1,3,652798,653104,9498,6412,646386,64,1,642509,0,643158,0,1,0,0
374,10,2,1024,1,0,8,2,2,4,652937,653104,9498,7442,645495,64,1,642500,0,643149,0,1,0,0
374,10,2,1024,1,0,9,2,3,5,653077,653104,9498,8469,644608,64,1,642497,0,643146,0,1,0,0
375,10,3,1024,1,0,0,0,2,2,622065,653068,9472,7,622058,64,1,617190,0,617839,0,1,0,0
375,10,3,1024,1,0,1,0,3,3,641411,653068,9472,121,641290,64,1,631373,0,632022,0,1,0,0
375,10,3,1024,1,0,2,1,0,1,642438,653068,9472,1214,641224,64,1,637426,0,638075,0,1,0,0
375,10,3,1024,1,0,3,1,1,2,643459,653068,9472,2285,641174,64,1,639470,0,640119,0,1,0,0
375,10,3,1024,1,0,4,1,2,3,650592,653068,9472,3307,647285,64,1,641511,0,642160,0,1,0,0
375,10,3,1024,1,0,5,1,3,4,651615,653068,9472,4334,647281,64,1,642515,0,643164,0,1,0,0
375,10,3,1024,1,0,6,2,0,2,652625,653068,9472,5365,647260,64,1,642504,0,643153,0,1,0,0
375,10,3,1024,1,0,7,2,1,3,652762,653068,9472,6388,646374,64,1,642499,0,643148,0,1,0,0
375,10,3,1024,1,0,8,2,2,4,652901,653068,9472,7416,645485,64,1,642489,0,643138,0,1,0,0
375,10,3,1024,1,0,9,2,3,5,653041,653068,9472,8443,644598,64,1,642488,0,643137,0,1,0,0
376,13,1,1024,1,0,0,0,2,2,688369,847914,12562,7,688362,66,1,676375,0,677024,0,1,0,0
376,13,1,1024,1,0,1,0,3,3,701583,847914,12562,121,701462,66,1,693588,0,694237,0,1,0,0
376,13,1,1024,1,0,2,1,0,1,825705,847914,12562,1214,824491,66,1,822722,0,823371,0,1,0,0
376,13,1,1024,1,0,3,1,1,2,836890,847914,12562,2299,834591,66,1,827808,0,828457,0,1,0,0
376,13,1,1024,1,0,4,1,2,3,837910,847914,12562,3322,834588,66,1,829837,0,830486,0,1,0,0
376,13,1,1024,1,0,5,1,3,4,838925,847914,12562,4350,834575,66,1,831849,0,832498,0,1,0,0
376,13,1,1024,1,0,6,2,0,2,847049,847914,12562,5381,841668,66,1,833879,0,834528,0,1,0,0
376,13,1,1024,1,0,7,2,1,3,847183,847914,12562,6404,840779,66,1,833874,0,834523,0,1,0,0
376,13,1,1024,1,0,8,2,2,4,847322,847914,12562,7432,839890,66,1,833864,0,834513,0,1,0,0
376,13,1,1024,1,0,9,2,3,5,847462,847914,12562,8459,839003,66,1,833856,0,834505,0,1,0,0
376,13,1,1024,1,0,10,3,0,3,847609,847914,12562,9482,838127,66,1,833833,0,834482,0,1,0,0
376,13,1,1024,1,0,11,3,1,4,847748,847914,12562,10513,837235,66,1,833831,0,834480,0,1,0,0
376,13,1,1024,1,0,12,3,2,5,847887,847914,12562,11533,836354,66,1,833823,0,834472,0,1,0,0
377,13,2,1024,1,0,0,0,2,2,688336,847893,12548,7,688329,66,1,676343,0,676992,0,1,0,0
377,13,2,1024,1,0,1,0,3,3,701556,847893,12548,121,701435,66,1,693558,0,694207,0,1,0,0
377,13,2,1024,1,0,2,1,0,1,825691,847893,12548,1214,824477,66,1,822722,0,823371,0,1,0,0
377,13,2,1024,1,0,3,1,1,2,836874,847893,12548,2283,834591,66,1,827808,0,828457,0,1,0,0
377,13,2,1024,1,0,4,1,2,3,837894,847893,12548,3306,834588,66,1,829834,0,830483,0,1,0,0
377,13,2,1024,1,0,5,1,3,4,838909,847893,12548,4337,834572,66,1,831847,0,832496,0,1,0,0
377,13,2,1024,1,0,6,2,0,2,847031,847893,12548,5367,841664,66,1,833877,0,834526,0,1,0,0
377,13,2,1024,1,0,7,2,1,3,847166,847893,12548,6390,840776,66,1,833872,0,834521,0,1,0,0
377,13,2,1024,1,0,8,2,2,4,847306,847893,12548,7418,839888,66,1,833862,0,834511,0,1,0,0
377,13,2,1024,1,0,9,2,3,5,847445,847893,12548,8445,839000,66,1,833853,0,834502,0,1,0,0
377,13,2,1024,1,0,10,3,0,3,847587,847893,12548,9468,838119,66,1,833830,0,834479,0,1,0,0
377,13,2,1024,1,0,11,3,1,4,847726,847893,12548,10499,837227,66,1,833828,0,834477,0,1,0,0
377,13,2,1024,1,0,12,3,2,5,847866,847893,12548,11519,836347,66,1,833819,0,834468,0,1,0,0
378,13,3,1024,1,0,0,0,2,2,688362,847912,12573,7,688355,66,1,676367,0,677016,0,1,0,0
378,13,3,1024,1,0,1,0,3,3,701576,847912,12573,121,701455,66,1,693578,0,694227,0,1,0,0
378,13,3,1024,1,0,2,1,0,1,825665,847912,12573,1217,824448,66,1,822695,0,823344,0,1,0,0
378,13,3,1024,1,0,3,1,1,2,836847,847912,12573,2285,834562,66,1,827779,0,828428,0,1,0,0
378,13,3,1024,1,0,4,1,2,3,837867,847912,12573,3308,834559,66,1,829807,0,830456,0,1,0,0
378,13,3,1024,1,0,5,1,3,4,838882,847912,12573,4337,834545,66,1,831819,0,832468,0,1,0,0
378,13,3,1024,1,0,6,2,0,2,847054,847912,12573,5368,841686,66,1,833823,0,834472,0,1,0,0
378,13,3,1024,1,0,7,2,1,3,847189,847912,12573,6416,840773,66,1,833819,0,834468,0,1,0,0
378,13,3,1024,1,0,8,2,2,4,847328,847912,12573,7443,839885,66,1,833830,0,834479,0,1,0,0
378,13,3,1024,1,0,9,2,3,5,847468,847912,12573,8470,838998,66,1,833821,0,834470,0,1,0,0
378,13,3,1024,1,0,10,3,0,3,847607,847912,12573,9493,838114,66,1,833798,0,834447,0,1,0,0
378,13,3,1024,1,0,11,3,1,4,847746,847912,12573,10524,837222,66,1,833824,0,834473,0,1,0,0
378,13,3,1024,1,0,12,3,2,5,847885,847912,12573,11544,836341,66,1,833816,0,834465,0,1,0,0
379,1,1,4096,1,0,0,0,2,2,66452,66474,121,7,66445,16,1,66130,0,66299,0,1,0,0
380,1,2,4096,1,0,0,0,2,2,66461,66483,121,7,66454,16,1,66139,0,66308,0,1,0,0
381,1,3,4096,1,0,0,0,2,2,66454,66476,121,7,66447,16,1,66134,0,66303,0,1,0,0
382,2,1,4096,1,0,0,0,2,2,123056,131318,4293,7,123049,16,1,122736,0,122905,0,1,0,0
382,2,1,4096,1,0,1,0,3,3,131291,131318,4293,126,131165,16,1,126808,0,126977,0,1,0,0
383,2,2,4096,1,0,0,0,2,2,123067,131353,4294,7,123060,16,1,122745,0,122914,0,1,0,0
383,2,2,4096,1,0,1,0,3,3,131326,131353,4294,126,131200,16,1,126816,0,126985,0,1,0,0
384,2,3,4096,1,0,0,0,2,2,123051,131311,4309,7,123044,16,1,122712,0,122881,0,1,0,0
384,2,3,4096,1,0,1,0,3,3,131284,131311,4309,143,131141,16,1,126784,0,126953,0,1,0,0
385,4,1,4096,1,0,0,0,2,2,229595,262529,12528,7,229588,16,1,229273,0,229442,0,1,0,0
385,4,1,4096,1,0,1,0,3,3,258261,262529,12528,121,258140,16,1,245589,0,245758,0,1,0,0
385,4,1,4096,1,0,2,1,0,1,262365,262529,12528,4284,258081,16,1,249628,0,249797,0,1,0,0
385,4,1,4096,1,0,3,1,1,2,262502,262529,12528,8427,254075,16,1,249634,0,249803,0,1,0,0
386,4,2,4096,1,0,0,0,2,2,229593,262533,12553,7,229586,16,1,229271,0,229440,0,1,0,0
386,4,2,4096,1,0,1,0,3,3,258269,262533,12553,121,258148,16,1,245594,0,245763,0,1,0,0
386,4,2,4096,1,0,2,1,0,1,262368,262533,12553,4286,258082,16,1,249634,0,249803,0,1,0,0
386,4,2,4096,1,0,3,1,1,2,262506,262533,12553,8429,254077,16,1,249614,0,249783,0,1,0,0
387,4,3,4096,1,0,0,0,2,2,229580,262510,12530,7,229573,16,1,229258,0,229427,0,1,0,0
387,4,3,4096,1,0,1,0,3,3,258245,262510,12530,121,258124,16,1,245569,0,245738,0,1,0,0
387,4,3,4096,1,0,2,1,0,1,262346,262510,12530,4286,258060,16,1,249610,0,249779,0,1,0,0
387,4,3,4096,1,0,3,1,1,2,262483,262510,12530,8429,254054,16,1,249613,0,249782,0,1,0,0
388,6,1,4096,1,0,0,0,2,2,344128,393546,20759,7,344121,16,1,327433,0,327602,0,1,0,0
388,6,1,4096,1,0,1,0,3,3,368687,393546,20759,121,368566,16,1,360107,0,360276,0,1,0,0
388,6,1,4096,1,0,2,1,0,1,389152,393546,20759,4289,384863,16,1,368242,0,368411,0,1,0,0
388,6,1,4096,1,0,3,1,1,2,393242,393546,20759,8432,384810,16,1,372309,0,372478,0,1,0,0
388,6,1,4096,1,0,4,1,2,3,393380,393546,20759,12551,380829,16,1,372303,0,372472,0,1,0,0
388,6,1,4096,1,0,5,1,3,4,393519,393546,20759,16650,376869,16,1,372290,0,372459,0,1,0,0
389,6,2,4096,1,0,0,0,2,2,344096,393542,20732,7,344089,16,1,327410,0,327579,0,1,0,0
389,6,2,4096,1,0,1,0,3,3,368664,393542,20732,121,368543,16,1,360081,0,360250,0,1,0,0
389,6,2,4096,1,0,2,1,0,1,389122,393542,20732,4286,384836,16,1,368219,0,368388,0,1,0,0
389,6,2,4096,1,0,3,1,1,2,393237,393542,20732,8429,384808,16,1,372307,0,372476,0,1,0,0
389,6,2,4096,1,0,4,1,2,3,393376,393542,20732,12524,380852,16,1,372301,0,372470,0,1,0,0
389,6,2,4096,1,0,5,1,3,4,393515,393542,20732,16624,376891,16,1,372311,0,372480,0,1,0,0
390,6,3,4096,1,0,0,0,2,2,344097,393516,20735,7,344090,16,1,327404,0,327573,0,1,0,0
390,6,3,4096,1,0,1,0,3,3,368659,393516,20735,121,368538,16,1,360079,0,360248,0,1,0,0
390,6,3,4096,1,0,2,1,0,1,389121,393516,20735,4286,384835,16,1,368217,0,368386,0,1,0,0
390,6,3,4096,1,0,3,1,1,2,393211,393516,20735,8429,384782,16,1,372305,0,372474,0,1,0,0
390,6,3,4096,1,0,4,1,2,3,393350,393516,20735,12524,380826,16,1,372296,0,372465,0,1,0,0
390,6,3,4096,1,0,5,1,3,4,393489,393516,20735,16626,376863,16,1,372283,0,372452,0,1,0,0
391,8,1,4096,1,0,0,0,2,2,425989,524519,28933,7,425982,16,1,425667,0,425836,0,1,0,0
391,8,1,4096,1,0,1,0,3,3,487382,524519,28933,121,487261,16,1,466532,0,466701,0,1,0,0
391,8,1,4096,1,0,2,1,0,1,491484,524519,28933,4286,487198,16,1,482844,0,483013,0,1,0,0
391,8,1,4096,1,0,3,1,1,2,516026,524519,28933,8429,507597,16,1,491036,0,491205,0,1,0,0
391,8,1,4096,1,0,4,1,2,3,520125,524519,28933,12524,507601,16,1,495119,0,495288,0,1,0,0
391,8,1,4096,1,0,5,1,3,4,524216,524519,28933,16624,507592,16,1,495100,0,495269,0,1,0,0
391,8,1,4096,1,0,6,2,0,2,524355,524519,28933,20732,503623,16,1,495089,0,495258,0,1,0,0
391,8,1,4096,1,0,7,2,1,3,524492,524519,28933,24827,499665,16,1,495090,0,495259,0,1,0,0
392,8,2,4096,1,0,0,0,2,2,425990,524532,28949,7,425983,16,1,425668,0,425837,0,1,0,0
392,8,2,4096,1,0,1,0,3,3,487394,524532,28949,121,487273,16,1,466520,0,466689,0,1,0,0
392,8,2,4096,1,0,2,1,0,1,491497,524532,28949,4286,487211,16,1,482856,0,483025,0,1,0,0
392,8,2,4096,1,0,3,1,1,2,516038,524532,28949,8429,507609,16,1,491029,0,491198,0,1,0,0
392,8,2,4096,1,0,4,1,2,3,520138,524532,28949,12544,507594,16,1,495112,0,495281,0,1,0,0
392,8,2,4096,1,0,5,1,3,4,524229,524532,28949,16643,507586,16,1,495097,0,495266,0,1,0,0
392,8,2,4096,1,0,6,2,0,2,524368,524532,28949,20748,503620,16,1,495086,0,495255,0,1,0,0
392,8,2,4096,1,0,7,2,1,3,524505,524532,28949,24843,499662,16,1,495087,0,495256,0,1,0,0
393,8,3,4096,1,0,0,0,2,2,425988,524532,28930,7,425981,16,1,425663,0,425832,0,1,0,0
393,8,3,4096,1,0,1,0,3,3,487391,524532,28930,122,487269,16,1,466538,0,466707,0,1,0,0
393,8,3,4096,1,0,2,1,0,1,491493,524532,28930,4289,487204,16,1,482851,0,483020,0,1,0,0
393,8,3,4096,1,0,3,1,1,2,516034,524532,28930,8430,507604,16,1,491043,0,491212,0,1,0,0
393,8,3,4096,1,0,4,1,2,3,520131,524532,28930,12525,507606,16,1,495125,0,495294,0,1,0,0
393,8,3,4096,1,0,5,1,3,4,524225,524532,28930,16625,507600,16,1,495112,0,495281,0,1,0,0
393,8,3,4096,1,0,6,2,0,2,524368,524532,28930,20728,503640,16,1,495101,0,495270,0,1,0,0
393,8,3,4096,1,0,7,2,1,3,524505,524532,28930,24823,499682,16,1,495099,0,495268,0,1,0,0
394,10,1,4096,1,0,0,0,2,2,532249,655434,37123,7,532242,16,1,515571,0,515740,0,1,0,0
394,10,1,4096,1,0,1,0,3,3,609986,655434,37123,121,609865,16,1,572760,0,572929,0,1,0,0
394,10,1,4096,1,0,2,1,0,1,614084,655434,37123,4286,609798,16,1,597265,0,597434,0,1,0,0
394,10,1,4096,1,0,3,1,1,2,618178,655434,37123,8429,609749,16,1,605452,0,605621,0,1,0,0
394,10,1,4096,1,0,4,1,2,3,646816,655434,37123,12524,634292,16,1,613637,0,613806,0,1,0,0
394,10,1,4096,1,0,5,1,3,4,650910,655434,37123,16624,634286,16,1,617712,0,617881,0,1,0,0
394,10,1,4096,1,0,6,2,0,2,654992,655434,37123,20727,634265,16,1,617701,0,617870,0,1,0,0
394,10,1,4096,1,0,7,2,1,3,655129,655434,37123,24822,630307,16,1,617698,0,617867,0,1,0,0
394,10,1,4096,1,0,8,2,2,4,655268,655434,37123,28920,626348,16,1,617687,0,617856,0,1,0,0
394,10,1,4096,1,0,9,2,3,5,655407,655434,37123,33020,622387,16,1,617684,0,617853,0,1,0,0
395,10,2,4096,1,0,0,0,2,2,532273,655445,37162,7,532266,16,1,515590,0,515759,0,1,0,0
395,10,2,4096,1,0,1,0,3,3,609999,655445,37162,121,609878,16,1,572794,0,572963,0,1,0,0
395,10,2,4096,1,0,2,1,0,1,614097,655445,37162,4284,609813,16,1,597280,0,597449,0,1,0,0
395,10,2,4096,1,0,3,1,1,2,618192,655445,37162,8427,609765,16,1,605466,0,605635,0,1,0,0
395,10,2,4096,1,0,4,1,2,3,646827,655445,37162,12522,634305,16,1,613635,0,613804,0,1,0,0
395,10,2,4096,1,0,5,1,3,4,650920,655445,37162,16640,634280,16,1,617710,0,617879,0,1,0,0
395,10,2,4096,1,0,6,2,0,2,655002,655445,37162,20743,634259,16,1,617699,0,617868,0,1,0,0
395,10,2,4096,1,0,7,2,1,3,655140,655445,37162,24838,630302,16,1,617692,0,617861,0,1,0,0
395,10,2,4096,1,0,8,2,2,4,655279,655445,37162,28938,626341,16,1,617682,0,617851,0,1,0,0
395,10,2,4096,1,0,9,2,3,5,655418,655445,37162,33037,622381,16,1,617655,0,617824,0,1,0,0
396,10,3,4096,1,0,0,0,2,2,532245,655432,37143,7,532238,16,1,515556,0,515725,0,1,0,0
396,10,3,4096,1,0,1,0,3,3,609980,655432,37143,122,609858,16,1,572776,0,572945,0,1,0,0
396,10,3,4096,1,0,2,1,0,1,614081,655432,37143,4289,609792,16,1,597260,0,597429,0,1,0,0
396,10,3,4096,1,0,3,1,1,2,618174,655432,37143,8430,609744,16,1,605447,0,605616,0,1,0,0
396,10,3,4096,1,0,4,1,2,3,646813,655432,37143,12525,634288,16,1,613631,0,613800,0,1,0,0
396,10,3,4096,1,0,5,1,3,4,650906,655432,37143,16625,634281,16,1,617707,0,617876,0,1,0,0
396,10,3,4096,1,0,6,2,0,2,654988,655432,37143,20728,634260,16,1,617698,0,617867,0,1,0,0
396,10,3,4096,1,0,7,2,1,3,655127,655432,37143,24823,630304,16,1,617693,0,617862,0,1,0,0
396,10,3,4096,1,0,8,2,2,4,655266,655432,37143,28923,626343,16,1,617663,0,617832,0,1,0,0
396,10,3,4096,1,0,9,2,3,5,655405,655432,37143,33042,622363,16,1,617660,0,617829,0,1,0,0
397,13,1,4096,1,0,0,0,2,2,585215,851324,49445,7,585208,16,1,560364,0,560533,0,1,0,0
397,13,1,4096,1,0,1,0,3,3,638383,851324,49445,121,638262,16,1,629809,0,629978,0,1,0,0
397,13,1,4096,1,0,2,1,0,1,777408,851324,49445,4286,773122,16,1,756493,0,756662,0,1,0,0
397,13,1,4096,1,0,3,1,1,2,822373,851324,49445,8450,813923,16,1,776936,0,777105,0,1,0,0
397,13,1,4096,1,0,4,1,2,3,826473,851324,49445,12545,813928,16,1,785109,0,785278,0,1,0,0
397,13,1,4096,1,0,5,1,3,4,830565,851324,49445,16645,813920,16,1,793263,0,793432,0,1,0,0
397,13,1,4096,1,0,6,2,0,2,834657,851324,49445,20748,813909,16,1,801422,0,801591,0,1,0,0
397,13,1,4096,1,0,7,2,1,3,838743,851324,49445,24843,813900,16,1,801423,0,801592,0,1,0,0
397,13,1,4096,1,0,8,2,2,4,842838,851324,49445,28943,813895,16,1,801419,0,801588,0,1,0,0
397,13,1,4096,1,0,9,2,3,5,846931,851324,49445,33042,813889,16,1,801416,0,801585,0,1,0,0
397,13,1,4096,1,0,10,3,0,3,851019,851324,49445,37137,813882,16,1,801398,0,801567,0,1,0,0
397,13,1,4096,1,0,11,3,1,4,851158,851324,49445,41240,809918,16,1,801402,0,801571,0,1,0,0
397,13,1,4096,1,0,12,3,2,5,851297,851324,49445,45332,805965,16,1,801387,0,801556,0,1,0,0
398,13,2,4096,1,0,0,0,2,2,585223,851361,49434,7,585216,16,1,560355,0,560524,0,1,0,0
398,13,2,4096,1,0,1,0,3,3,638414,851361,49434,121,638293,16,1,629829,0,629998,0,1,0,0
398,13,2,4096,1,0,2,1,0,1,777440,851361,49434,4284,773156,16,1,756548,0,756717,0,1,0,0
398,13,2,4096,1,0,3,1,1,2,822408,851361,49434,8427,813981,16,1,776997,0,777166,0,1,0,0
398,13,2,4096,1,0,4,1,2,3,826512,851361,49434,12522,813990,16,1,785171,0,785340,0,1,0,0
398,13,2,4096,1,0,5,1,3,4,830603,851361,49434,16620,813983,16,1,793325,0,793494,0,1,0,0
398,13,2,4096,1,0,6,2,0,2,834695,851361,49434,20724,813971,16,1,801482,0,801651,0,1,0,0
398,13,2,4096,1,0,7,2,1,3,838781,851361,49434,24821,813960,16,1,801483,0,801652,0,1,0,0
398,13,2,4096,1,0,8,2,2,4,842876,851361,49434,28921,813955,16,1,801456,0,801625,0,1,0,0
398,13,2,4096,1,0,9,2,3,5,846969,851361,49434,33043,813926,16,1,801453,0,801622,0,1,0,0
398,13,2,4096,1,0,10,3,0,3,851055,851361,49434,37138,813917,16,1,801435,0,801604,0,1,0,0
398,13,2,4096,1,0,11,3,1,4,851194,851361,49434,41241,809953,16,1,801439,0,801608,0,1,0,0
398,13,2,4096,1,0,12,3,2,5,851334,851361,49434,45333,806001,16,1,801436,0,801605,0,1,0,0
399,13,3,4096,1,0,0,0,2,2,585210,851388,49431,7,585203,16,1,560355,0,560524,0,1,0,0
399,13,3,4096,1,0,1,0,3,3,638377,851388,49431,121,638256,16,1,629803,0,629972,0,1,0,0
399,13,3,4096,1,0,2,1,0,1,777429,851388,49431,4286,773143,16,1,756514,0,756683,0,1,0,0
399,13,3,4096,1,0,3,1,1,2,822435,851388,49431,8429,814006,16,1,776979,0,777148,0,1,0,0
399,13,3,4096,1,0,4,1,2,3,826535,851388,49431,12524,814011,16,1,785165,0,785334,0,1,0,0
399,13,3,4096,1,0,5,1,3,4,830627,851388,49431,16625,814002,16,1,793322,0,793491,0,1,0,0
399,13,3,4096,1,0,6,2,0,2,834719,851388,49431,20728,813991,16,1,801504,0,801673,0,1,0,0
399,13,3,4096,1,0,7,2,1,3,838805,851388,49431,24823,813982,16,1,801505,0,801674,0,1,0,0
399,13,3,4096,1,0,8,2,2,4,842902,851388,49431,28923,813979,16,1,801498,0,801667,0,1,0,0
399,13,3,4096,1,0,9,2,3,5,846995,851388,49431,33025,813970,16,1,801495,0,801664,0,1,0,0
399,13,3,4096,1,0,10,3,0,3,851082,851388,49431,37120,813962,16,1,801479,0,801648,0,1,0,0
399,13,3,4096,1,0,11,3,1,4,851221,851388,49431,41223,809998,16,1,801470,0,801639,0,1,0,0
399,13,3,4096,1,0,12,3,2,5,851361,851388,49431,45328,806033,16,1,801465,0,801634,0,1,0,0
400,1,1,16384,1,0,0,0,2,2,65888,65910,121,7,65881,4,1,65686,0,65735,0,1,0,0
401,1,2,16384,1,0,0,0,2,2,65887,65909,121,7,65880,4,1,65685,0,65734,0,1,0,0
402,1,3,16384,1,0,0,0,2,2,65916,65938,121,7,65909,4,1,65714,0,65763,0,1,0,0
403,2,1,16384,1,0,0,0,2,2,98569,131406,16580,7,98562,4,1,98367,0,98416,0,1,0,0
403,2,1,16384,1,0,1,0,3,3,131379,131406,16580,126,131253,4,1,114727,0,114776,0,1,0,0
404,2,2,16384,1,0,0,0,2,2,98553,131389,16581,7,98546,4,1,98351,0,98400,0,1,0,0
404,2,2,16384,1,0,1,0,3,3,131362,131389,16581,126,131236,4,1,114711,0,114760,0,1,0,0
405,2,3,16384,1,0,0,0,2,2,98553,131389,16581,7,98546,4,1,98351,0,98400,0,1,0,0
405,2,3,16384,1,0,1,0,3,3,131362,131389,16581,126,131236,4,1,114711,0,114760,0,1,0,0
406,4,1,16384,1,0,0,0,2,2,131372,262664,49420,7,131365,4,1,131153,0,131202,0,1,0,0
406,4,1,16384,1,0,1,0,3,3,246088,262664,49420,138,245950,4,1,196649,0,196698,0,1,0,0
406,4,1,16384,1,0,2,1,0,1,262475,262664,49420,16594,245881,4,1,212971,0,213020,0,1,0,0
406,4,1,16384,1,0,3,1,1,2,262637,262664,49420,33031,229606,4,1,212974,0,213023,0,1,0,0
407,4,2,16384,1,0,0,0,2,2,131348,262644,49396,7,131341,4,1,131146,0,131195,0,1,0,0
407,4,2,16384,1,0,1,0,3,3,246092,262644,49396,121,245971,4,1,196655,0,196704,0,1,0,0
407,4,2,16384,1,0,2,1,0,1,262480,262644,49396,16574,245906,4,1,212999,0,213048,0,1,0,0
407,4,2,16384,1,0,3,1,1,2,262617,262644,49396,33007,229610,4,1,213002,0,213051,0,1,0,0
408,4,3,16384,1,0,0,0,2,2,131366,262657,49399,7,131359,4,1,131164,0,131213,0,1,0,0
408,4,3,16384,1,0,1,0,3,3,246091,262657,49399,121,245970,4,1,196647,0,196696,0,1,0,0
408,4,3,16384,1,0,2,1,0,1,262493,262657,49399,16574,245919,4,1,212999,0,213048,0,1,0,0
408,4,3,16384,1,0,3,1,1,2,262630,262657,49399,33007,229623,4,1,212999,0,213048,0,1,0,0
409,6,1,16384,1,0,0,0,2,2,196874,393810,82183,7,196867,4,1,131155,0,131204,0,1,0,0
409,6,1,16384,1,0,1,0,3,3,295184,393810,82183,121,295063,4,1,262148,0,262197,0,1,0,0
409,6,1,16384,1,0,2,1,0,1,377128,393810,82183,16577,360551,4,1,294876,0,294925,0,1,0,0
409,6,1,16384,1,0,3,1,1,2,393506,393810,82183,33009,360497,4,1,311252,0,311301,0,1,0,0
409,6,1,16384,1,0,4,1,2,3,393644,393810,82183,49392,344252,4,1,311267,0,311316,0,1,0,0
409,6,1,16384,1,0,5,1,3,4,393783,393810,82183,65783,328000,4,1,311250,0,311299,0,1,0,0
410,6,2,16384,1,0,0,0,2,2,196905,393860,82190,7,196898,4,1,131153,0,131202,0,1,0,0
410,6,2,16384,1,0,1,0,3,3,295226,393860,82190,121,295105,4,1,262190,0,262239,0,1,0,0
410,6,2,16384,1,0,2,1,0,1,377177,393860,82190,16574,360603,4,1,294926,0,294975,0,1,0,0
410,6,2,16384,1,0,3,1,1,2,393556,393860,82190,33007,360549,4,1,311328,0,311377,0,1,0,0
410,6,2,16384,1,0,4,1,2,3,393693,393860,82190,49390,344303,4,1,311322,0,311371,0,1,0,0
410,6,2,16384,1,0,5,1,3,4,393833,393860,82190,65778,328055,4,1,311293,0,311342,0,1,0,0
411,6,3,16384,1,0,0,0,2,2,196905,393817,82205,7,196898,4,1,131168,0,131217,0,1,0,0
411,6,3,16384,1,0,1,0,3,3,295212,393817,82205,121,295091,4,1,262171,0,262220,0,1,0,0
411,6,3,16384,1,0,2,1,0,1,377134,393817,82205,16582,360552,4,1,294898,0,294947,0,1,0,0
411,6,3,16384,1,0,3,1,1,2,393513,393817,82205,33015,360498,4,1,311277,0,311326,0,1,0,0
411,6,3,16384,1,0,4,1,2,3,393651,393817,82205,49398,344253,4,1,311269,0,311318,0,1,0,0
411,6,3,16384,1,0,5,1,3,4,393790,393817,82205,65787,328003,4,1,311235,0,311284,0,1,0,0
412,8,1,16384,1,0,0,0,2,2,131389,524859,114983,7,131382,4,1,131181,0,131230,0,1,0,0
412,8,1,16384,1,0,1,0,3,3,377111,524859,114983,121,376990,4,1,294939,0,294988,0,1,0,0
412,8,1,16384,1,0,2,1,0,1,393516,524859,114983,16574,376942,4,1,360405,0,360454,0,1,0,0
412,8,1,16384,1,0,3,1,1,2,491787,524859,114983,33005,458782,4,1,393172,0,393221,0,1,0,0
412,8,1,16384,1,0,4,1,2,3,508176,524859,114983,49405,458771,4,1,409542,0,409591,0,1,0,0
412,8,1,16384,1,0,5,1,3,4,524556,524859,114983,65794,458762,4,1,409507,0,409556,0,1,0,0
412,8,1,16384,1,0,6,2,0,2,524695,524859,114983,82206,442489,4,1,409498,0,409547,0,1,0,0
412,8,1,16384,1,0,7,2,1,3,524832,524859,114983,98589,426243,4,1,409500,0,409549,0,1,0,0
413,8,2,16384,1,0,0,0,2,2,131374,524916,114968,7,131367,4,1,131166,0,131215,0,1,0,0
413,8,2,16384,1,0,1,0,3,3,377120,524916,114968,121,376999,4,1,294949,0,294998,0,1,0,0
413,8,2,16384,1,0,2,1,0,1,393539,524916,114968,16574,376965,4,1,360436,0,360485,0,1,0,0
413,8,2,16384,1,0,3,1,1,2,491846,524916,114968,33009,458837,4,1,393219,0,393268,0,1,0,0
413,8,2,16384,1,0,4,1,2,3,508232,524916,114968,49392,458840,4,1,409614,0,409663,0,1,0,0
413,8,2,16384,1,0,5,1,3,4,524612,524916,114968,65780,458832,4,1,409592,0,409641,0,1,0,0
413,8,2,16384,1,0,6,2,0,2,524751,524916,114968,82180,442571,4,1,409581,0,409630,0,1,0,0
413,8,2,16384,1,0,7,2,1,3,524889,524916,114968,98563,426326,4,1,409570,0,409619,0,1,0,0
414,8,3,16384,1,0,0,0,2,2,131380,524865,114972,7,131373,4,1,131172,0,131221,0,1,0,0
414,8,3,16384,1,0,1,0,3,3,377097,524865,114972,121,376976,4,1,294923,0,294972,0,1,0,0
414,8,3,16384,1,0,2,1,0,1,393500,524865,114972,16574,376926,4,1,360401,0,360450,0,1,0,0
414,8,3,16384,1,0,3,1,1,2,491769,524865,114972,33007,458762,4,1,393170,0,393219,0,1,0,0
414,8,3,16384,1,0,4,1,2,3,508157,524865,114972,49390,458767,4,1,409540,0,409589,0,1,0,0
414,8,3,16384,1,0,5,1,3,4,524537,524865,114972,65778,458759,4,1,409507,0,409556,0,1,0,0
414,8,3,16384,1,0,6,2,0,2,524676,524865,114972,82189,442487,4,1,409497,0,409546,0,1,0,0
414,8,3,16384,1,0,7,2,1,3,524838,524865,114972,98572,426266,4,1,409492,0,409541,0,1,0,0
415,10,1,16384,1,0,0,0,2,2,164187,656082,147732,7,164180,4,1,131161,0,131210,0,1,0,0
415,10,1,16384,1,0,1,0,3,3,475418,656082,147732,121,475297,4,1,327726,0,327775,0,1,0,0
415,10,1,16384,1,0,2,1,0,1,491826,656082,147732,16574,475252,4,1,425953,0,426002,0,1,0,0
415,10,1,16384,1,0,3,1,1,2,508211,656082,147732,33005,475206,4,1,458740,0,458789,0,1,0,0
415,10,1,16384,1,0,4,1,2,3,622863,656082,147732,49388,573475,4,1,491501,0,491550,0,1,0,0
415,10,1,16384,1,0,5,1,3,4,639244,656082,147732,65776,573468,4,1,507846,0,507895,0,1,0,0
415,10,1,16384,1,0,6,2,0,2,655639,656082,147732,82185,573454,4,1,507833,0,507882,0,1,0,0
415,10,1,16384,1,0,7,2,1,3,655776,656082,147732,98570,557206,4,1,507828,0,507877,0,1,0,0
415,10,1,16384,1,0,8,2,2,4,655915,656082,147732,114957,540958,4,1,507819,0,507868,0,1,0,0
415,10,1,16384,1,0,9,2,3,5,656055,656082,147732,131344,524711,4,1,507817,0,507866,0,1,0,0
416,10,2,16384,1,0,0,0,2,2,164157,656038,147720,7,164150,4,1,131148,0,131197,0,1,0,0
416,10,2,16384,1,0,1,0,3,3,475405,656038,147720,121,475284,4,1,327695,0,327744,0,1,0,0
416,10,2,16384,1,0,2,1,0,1,491796,656038,147720,16575,475221,4,1,425940,0,425989,0,1,0,0
416,10,2,16384,1,0,3,1,1,2,508193,656038,147720,33006,475187,4,1,458711,0,458760,0,1,0,0
416,10,2,16384,1,0,4,1,2,3,622846,656038,147720,49389,573457,4,1,491479,0,491528,0,1,0,0
416,10,2,16384,1,0,5,1,3,4,639226,656038,147720,65779,573447,4,1,507840,0,507889,0,1,0,0
416,10,2,16384,1,0,6,2,0,2,655596,656038,147720,82173,573423,4,1,507829,0,507878,0,1,0,0
416,10,2,16384,1,0,7,2,1,3,655733,656038,147720,98556,557177,4,1,507824,0,507873,0,1,0,0
416,10,2,16384,1,0,8,2,2,4,655872,656038,147720,114944,540928,4,1,507814,0,507863,0,1,0,0
416,10,2,16384,1,0,9,2,3,5,656011,656038,147720,131331,524680,4,1,507811,0,507860,0,1,0,0
417,10,3,16384,1,0,0,0,2,2,164203,656043,147769,7,164196,4,1,131172,0,131221,0,1,0,0
417,10,3,16384,1,0,1,0,3,3,475426,656043,147769,146,475280,4,1,327713,0,327762,0,1,0,0
417,10,3,16384,1,0,2,1,0,1,491813,656043,147769,16602,475211,4,1,425928,0,425977,0,1,0,0
417,10,3,16384,1,0,3,1,1,2,508194,656043,147769,33037,475157,4,1,458692,0,458741,0,1,0,0
417,10,3,16384,1,0,4,1,2,3,622850,656043,147769,49420,573430,4,1,491455,0,491504,0,1,0,0
417,10,3,16384,1,0,5,1,3,4,639231,656043,147769,65808,573423,4,1,507799,0,507848,0,1,0,0
417,10,3,16384,1,0,6,2,0,2,655601,656043,147769,82219,573382,4,1,507788,0,507837,0,1,0,0
417,10,3,16384,1,0,7,2,1,3,655738,656043,147769,98602,557136,4,1,507780,0,507829,0,1,0,0
417,10,3,16384,1,0,8,2,2,4,655877,656043,147769,114992,540885,4,1,507770,0,507819,0,1,0,0
417,10,3,16384,1,0,9,2,3,5,656016,656043,147769,131380,524636,4,1,507767,0,507816,0,1,0,0
418,13,1,16384,1,0,0,0,2,2,213287,852604,196880,7,213280,4,1,131156,0,131205,0,1,0,0
418,13,1,16384,1,0,1,0,3,3,426206,852604,196880,121,426085,4,1,360420,0,360469,0,1,0,0
418,13,1,16384,1,0,2,1,0,1,622755,852604,196880,16575,606180,4,1,475028,0,475077,0,1,0,0
418,13,1,16384,1,0,3,1,1,2,639134,852604,196880,33005,606129,4,1,556907,0,556956,0,1,0,0
418,13,1,16384,1,0,4,1,2,3,655514,852604,196880,49388,606126,4,1,589653,0,589702,0,1,0,0
418,13,1,16384,1,0,5,1,3,4,802887,852604,196880,65781,737106,4,1,622389,0,622438,0,1,0,0
418,13,1,16384,1,0,6,2,0,2,819270,852604,196880,82181,737089,4,1,655121,0,655170,0,1,0,0
418,13,1,16384,1,0,7,2,1,3,835643,852604,196880,98564,737079,4,1,655114,0,655163,0,1,0,0
418,13,1,16384,1,0,8,2,2,4,852020,852604,196880,114952,737068,4,1,655106,0,655155,0,1,0,0
418,13,1,16384,1,0,9,2,3,5,852159,852604,196880,131337,720822,4,1,655097,0,655146,0,1,0,0
418,13,1,16384,1,0,10,3,0,3,852298,852604,196880,147720,704578,4,1,655074,0,655123,0,1,0,0
418,13,1,16384,1,0,11,3,1,4,852438,852604,196880,164111,688327,4,1,655078,0,655127,0,1,0,0
418,13,1,16384,1,0,12,3,2,5,852577,852604,196880,180491,672086,4,1,655074,0,655123,0,1,0,0
419,13,2,16384,1,0,0,0,2,2,213331,852711,196924,7,213324,4,1,131169,0,131218,0,1,0,0
419,13,2,16384,1,0,1,0,3,3,426297,852711,196924,121,426176,4,1,360494,0,360543,0,1,0,0
419,13,2,16384,1,0,2,1,0,1,622832,852711,196924,16577,606255,4,1,475102,0,475151,0,1,0,0
419,13,2,16384,1,0,3,1,1,2,639210,852711,196924,33008,606202,4,1,556979,0,557028,0,1,0,0
419,13,2,16384,1,0,4,1,2,3,655590,852711,196924,49393,606197,4,1,589729,0,589778,0,1,0,0
419,13,2,16384,1,0,5,1,3,4,802964,852711,196924,65782,737182,4,1,622452,0,622501,0,1,0,0
419,13,2,16384,1,0,6,2,0,2,819347,852711,196924,82194,737153,4,1,655183,0,655232,0,1,0,0
419,13,2,16384,1,0,7,2,1,3,835720,852711,196924,98577,737143,4,1,655178,0,655227,0,1,0,0
419,13,2,16384,1,0,8,2,2,4,852096,852711,196924,114965,737131,4,1,655165,0,655214,0,1,0,0
419,13,2,16384,1,0,9,2,3,5,852235,852711,196924,131355,720880,4,1,655156,0,655205,0,1,0,0
419,13,2,16384,1,0,10,3,0,3,852375,852711,196924,147738,704637,4,1,655106,0,655155,0,1,0,0
419,13,2,16384,1,0,11,3,1,4,852514,852711,196924,164155,688359,4,1,655111,0,655160,0,1,0,0
419,13,2,16384,1,0,12,3,2,5,852684,852711,196924,180535,672149,4,1,655108,0,655157,0,1,0,0
420,13,3,16384,1,0,0,0,2,2,213321,852709,196913,7,213314,4,1,131162,0,131211,0,1,0,0
420,13,3,16384,1,0,1,0,3,3,426286,852709,196913,121,426165,4,1,360492,0,360541,0,1,0,0
420,13,3,16384,1,0,2,1,0,1,622814,852709,196913,16572,606242,4,1,475092,0,475141,0,1,0,0
420,13,3,16384,1,0,3,1,1,2,639193,852709,196913,33003,606190,4,1,556969,0,557018,0,1,0,0
420,13,3,16384,1,0,4,1,2,3,655573,852709,196913,49386,606187,4,1,589717,0,589766,0,1,0,0
420,13,3,16384,1,0,5,1,3,4,802973,852709,196913,65776,737197,4,1,622467,0,622516,0,1,0,0
420,13,3,16384,1,0,6,2,0,2,819356,852709,196913,82185,737171,4,1,655197,0,655246,0,1,0,0
420,13,3,16384,1,0,7,2,1,3,835747,852709,196913,98570,737177,4,1,655194,0,655243,0,1,0,0
420,13,3,16384,1,0,8,2,2,4,852124,852709,196913,114958,737166,4,1,655184,0,655233,0,1,0,0
420,13,3,16384,1,0,9,2,3,5,852264,852709,196913,131345,720919,4,1,655175,0,655224,0,1,0,0
420,13,3,16384,1,0,10,3,0,3,852403,852709,196913,147728,704675,4,1,655127,0,655176,0,1,0,0
420,13,3,16384,1,0,11,3,1,4,852542,852709,196913,164144,688398,4,1,655131,0,655180,0,1,0,0
420,13,3,16384,1,0,12,3,2,5,852682,852709,196913,180524,672158,4,1,655146,0,655195,0,1,0,0
421,1,1,32,4,1,0,0,2,2,178416,178438,121,7,178409,1281,1,161765,0,178158,0,1,0,0
422,1,2,32,4,1,0,0,2,2,178425,178447,123,7,178418,1281,1,161822,0,178215,0,1,0,0
423,1,3,32,4,1,0,0,2,2,178433,178455,121,7,178426,1281,1,161757,0,178150,0,1,0,0
424,2,1,32,4,1,0,0,2,2,200743,200912,248,7,200736,659,1,184085,0,200478,0,1,0,0
424,2,1,32,4,1,1,0,3,3,200885,200912,248,126,200759,659,1,184013,0,200406,0,1,0,0
425,2,2,32,4,1,0,0,2,2,200720,200890,248,7,200713,659,1,184028,0,200421,0,1,0,0
425,2,2,32,4,1,1,0,3,3,200863,200890,248,126,200737,659,1,183940,0,200333,0,1,0,0
426,2,3,32,4,1,0,0,2,2,208096,208268,248,7,208089,683,1,191495,0,207888,0,1,0,0
426,2,3,32,4,1,1,0,3,3,208241,208268,248,126,208115,683,1,191501,0,207894,0,1,0,0
427,4,1,32,4,1,0,0,2,2,357412,358072,488,7,357405,629,1,340484,0,356877,0,1,0,0
427,4,1,32,4,1,1,0,3,3,357572,358072,488,121,357451,629,1,340518,0,356867,0,1,0,0
427,4,1,32,4,1,2,1,0,1,357717,358072,488,240,357477,629,1,341510,0,357123,0,1,0,0
427,4,1,32,4,1,3,1,1,2,358045,358072,488,361,357684,629,1,340992,0,357370,0,1,0,0
428,4,2,32,4,1,0,0,2,2,356267,357194,491,7,356260,622,1,339465,0,355858,0,1,0,0
428,4,2,32,4,1,1,0,3,3,356876,357194,491,121,356755,622,1,339936,0,356271,0,1,0,0
428,4,2,32,4,1,2,1,0,1,357030,357194,491,242,356788,622,1,340974,0,356302,0,1,0,0
428,4,2,32,4,1,3,1,1,2,357167,357194,491,364,356803,622,1,340084,0,356457,0,1,0,0
429,4,3,32,4,1,0,0,2,2,357823,358296,491,7,357816,629,1,340884,0,357277,0,1,0,0
429,4,3,32,4,1,1,0,3,3,357977,358296,491,121,357856,629,1,341627,0,357253,0,1,0,0
429,4,3,32,4,1,2,1,0,1,358131,358296,491,242,357889,629,1,341068,0,357416,0,1,0,0
429,4,3,32,4,1,3,1,1,2,358269,358296,491,364,357905,629,1,341082,0,357405,0,1,0,0
430,6,1,32,4,1,0,0,2,2,477924,538197,771,7,477917,684,1,461054,0,477447,0,1,0,0
430,6,1,32,4,1,1,0,3,3,478086,538197,771,121,477965,684,1,461407,0,477500,0,1,0,0
430,6,1,32,4,1,2,1,0,1,483011,538197,771,262,482749,684,1,466202,0,482350,0,1,0,0
430,6,1,32,4,1,3,1,1,2,532978,538197,771,383,532595,684,1,516011,0,532224,0,1,0,0
430,6,1,32,4,1,4,1,2,3,538161,538197,771,504,537657,684,1,521017,0,537203,0,1,0,0
430,6,1,32,4,1,5,1,3,4,537970,538197,771,625,537345,684,1,521055,0,537113,0,1,0,0
431,6,2,32,4,1,0,0,2,2,477733,537790,751,7,477726,683,1,460417,0,476810,0,1,0,0
431,6,2,32,4,1,1,0,3,3,477884,537790,751,121,477763,683,1,460860,0,477094,0,1,0,0
431,6,2,32,4,1,2,1,0,1,483429,537790,751,242,483187,683,1,466623,0,482821,0,1,0,0
431,6,2,32,4,1,3,1,1,2,532092,537790,751,364,531728,683,1,515343,0,531564,0,1,0,0
431,6,2,32,4,1,4,1,2,3,537623,537790,751,485,537138,683,1,520515,0,536728,0,1,0,0
431,6,2,32,4,1,5,1,3,4,537763,537790,751,605,537158,683,1,520881,0,536918,0,1,0,0
432,6,3,32,4,1,0,0,2,2,479146,537689,751,7,479139,679,1,462143,0,478536,0,1,0,0
432,6,3,32,4,1,1,0,3,3,479319,537689,751,121,479198,679,1,462481,0,478796,0,1,0,0
432,6,3,32,4,1,2,1,0,1,483694,537689,751,242,483452,679,1,466826,0,482799,0,1,0,0
432,6,3,32,4,1,3,1,1,2,533863,537689,751,364,533499,679,1,516771,0,532967,0,1,0,0
432,6,3,32,4,1,4,1,2,3,537653,537689,751,485,537168,679,1,520767,0,536756,0,1,0,0
432,6,3,32,4,1,5,1,3,4,537459,537689,751,605,536854,679,1,520433,0,536649,0,1,0,0
433,8,1,32,4,1,0,0,2,2,544597,718114,1028,7,544590,730,1,527725,0,544118,0,1,0,0
433,8,1,32,4,1,1,0,3,3,545792,718114,1028,121,545671,730,1,528362,0,544635,0,1,0,0
433,8,1,32,4,1,2,1,0,1,583234,718114,1028,242,582992,730,1,566350,0,582548,0,1,0,0
433,8,1,32,4,1,3,1,1,2,703927,718114,1028,364,703563,730,1,687276,0,703262,0,1,0,0
433,8,1,32,4,1,4,1,2,3,717922,718114,1028,485,717437,730,1,701017,0,716956,0,1,0,0
433,8,1,32,4,1,5,1,3,4,718062,718114,1028,620,717442,730,1,700847,0,717152,0,1,0,0
433,8,1,32,4,1,6,2,0,2,685767,718114,1028,760,685007,730,1,668685,0,684601,0,1,0,0
433,8,1,32,4,1,7,2,1,3,686562,718114,1028,881,685681,730,1,668671,0,685061,0,1,0,0
434,8,2,32,4,1,0,0,2,2,545466,719040,1031,7,545459,731,1,528891,0,545284,0,1,0,0
434,8,2,32,4,1,1,0,3,3,546626,719040,1031,121,546505,731,1,529441,0,545654,0,1,0,0
434,8,2,32,4,1,2,1,0,1,583528,719040,1031,242,583286,731,1,566916,0,583079,0,1,0,0
434,8,2,32,4,1,3,1,1,2,705166,719040,1031,364,704802,731,1,688662,0,704235,0,1,0,0
434,8,2,32,4,1,4,1,2,3,718851,719040,1031,485,718366,731,1,702091,0,717984,0,1,0,0
434,8,2,32,4,1,5,1,3,4,718988,719040,1031,623,718365,731,1,701666,0,717879,0,1,0,0
434,8,2,32,4,1,6,2,0,2,685423,719040,1031,763,684660,731,1,668318,0,683890,0,1,0,0
434,8,2,32,4,1,7,2,1,3,685569,719040,1031,884,684685,731,1,668015,0,684322,0,1,0,0
435,8,3,32,4,1,0,0,2,2,545382,718047,1033,7,545375,729,1,528718,0,545111,0,1,0,0
435,8,3,32,4,1,1,0,3,3,545537,718047,1033,121,545416,729,1,529071,0,545214,0,1,0,0
435,8,3,32,4,1,2,1,0,1,583825,718047,1033,242,583583,729,1,566780,0,582968,0,1,0,0
435,8,3,32,4,1,3,1,1,2,704818,718047,1033,364,704454,729,1,687780,0,703849,0,1,0,0
435,8,3,32,4,1,4,1,2,3,717858,718047,1033,485,717373,729,1,701079,0,717099,0,1,0,0
435,8,3,32,4,1,5,1,3,4,717995,718047,1033,625,717370,729,1,700877,0,717004,0,1,0,0
435,8,3,32,4,1,6,2,0,2,686686,718047,1033,765,685921,729,1,669569,0,685187,0,1,0,0
435,8,3,32,4,1,7,2,1,3,686858,718047,1033,886,685972,729,1,669700,0,685717,0,1,0,0
436,10,1,32,4,1,0,0,2,2,579285,895127,1304,7,579278,762,1,562043,0,578436,0,1,0,0
436,10,1,32,4,1,1,0,3,3,579445,895127,1304,121,579324,762,1,562732,0,578935,0,1,0,0
436,10,1,32,4,1,2,1,0,1,623334,895127,1304,242,623092,762,1,606198,0,622531,0,1,0,0
436,10,1,32,4,1,3,1,1,2,806340,895127,1304,364,805976,762,1,789087,0,804911,0,1,0,0
436,10,1,32,4,1,4,1,2,3,853848,895127,1304,498,853350,762,1,837352,0,853084,0,1,0,0
436,10,1,32,4,1,5,1,3,4,854005,895127,1304,618,853387,762,1,836949,0,853008,0,1,0,0
436,10,1,32,4,1,6,2,0,2,816681,895127,1304,758,815923,762,1,799178,0,815288,0,1,0,0
436,10,1,32,4,1,7,2,1,3,883418,895127,1304,879,882539,762,1,866585,0,882143,0,1,0,0
436,10,1,32,4,1,8,2,2,4,895091,895127,1304,1036,894055,762,1,877497,0,893615,0,1,0,0
436,10,1,32,4,1,9,2,3,5,894862,895127,1304,1156,893706,762,1,877187,0,893505,0,1,0,0
437,10,2,32,4,1,0,0,2,2,583359,894971,1316,7,583352,760,1,565695,0,582088,0,1,0,0
437,10,2,32,4,1,1,0,3,3,583534,894971,1316,121,583413,760,1,566025,0,582208,0,1,0,0
437,10,2,32,4,1,2,1,0,1,625909,894971,1316,242,625667,760,1,608876,0,625154,0,1,0,0
437,10,2,32,4,1,3,1,1,2,803851,894971,1316,364,803487,760,1,787090,0,802894,0,1,0,0
437,10,2,32,4,1,4,1,2,3,854980,894971,1316,485,854495,760,1,838027,0,853763,0,1,0,0
437,10,2,32,4,1,5,1,3,4,855136,894971,1316,624,854512,760,1,837510,0,853711,0,1,0,0
437,10,2,32,4,1,6,2,0,2,816166,894971,1316,764,815402,760,1,799075,0,815134,0,1,0,0
437,10,2,32,4,1,7,2,1,3,884032,894971,1316,885,883147,760,1,867028,0,882618,0,1,0,0
437,10,2,32,4,1,8,2,2,4,894578,894971,1316,1026,893552,760,1,877157,0,893265,0,1,0,0
437,10,2,32,4,1,9,2,3,5,894944,894971,1316,1168,893776,760,1,877259,0,893466,0,1,0,0
438,10,3,32,4,1,0,0,2,2,585412,895274,1303,7,585405,762,1,567563,0,583956,0,1,0,0
438,10,3,32,4,1,1,0,3,3,585566,895274,1303,121,585445,762,1,568246,0,584584,0,1,0,0
438,10,3,32,4,1,2,1,0,1,622190,895274,1303,242,621948,762,1,604839,0,621137,0,1,0,0
438,10,3,32,4,1,3,1,1,2,804828,895274,1303,364,804464,762,1,788345,0,804191,0,1,0,0
438,10,3,32,4,1,4,1,2,3,853592,895274,1303,497,853095,762,1,837144,0,852900,0,1,0,0
438,10,3,32,4,1,5,1,3,4,853736,895274,1303,617,853119,762,1,836818,0,852875,0,1,0,0
438,10,3,32,4,1,6,2,0,2,817122,895274,1303,757,816365,762,1,799844,0,815884,0,1,0,0
438,10,3,32,4,1,7,2,1,3,883514,895274,1303,878,882636,762,1,866796,0,882380,0,1,0,0
438,10,3,32,4,1,8,2,2,4,895106,895274,1303,1035,894071,762,1,877499,0,893626,0,1,0,0
438,10,3,32,4,1,9,2,3,5,895247,895274,1303,1155,894092,762,1,877559,0,893798,0,1,0,0
439,13,1,32,4,1,0,0,2,2,599939,1161250,1638,7,599932,802,1,581872,0,598265,0,1,0,0
439,13,1,32,4,1,1,0,3,3,600102,1161250,1638,121,599981,802,1,582759,0,598912,0,1,0,0
439,13,1,32,4,1,2,1,0,1,662823,1161250,1638,240,662583,802,1,645158,0,661531,0,1,0,0
439,13,1,32,4,1,3,1,1,2,878228,1161250,1638,361,877867,802,1,861524,0,877174,0,1,0,0
439,13,1,32,4,1,4,1,2,3,939276,1161250,1638,482,938794,802,1,922435,0,938189,0,1,0,0
439,13,1,32,4,1,5,1,3,4,939418,1161250,1638,603,938815,802,1,922216,0,938286,0,1,0,0
439,13,1,32,4,1,6,2,0,2,930914,1161250,1638,743,930171,802,1,913795,0,929968,0,1,0,0
439,13,1,32,4,1,7,2,1,3,1135291,1161250,1638,854,1134437,802,1,1118482,0,1133742,0,1,0,0
439,13,1,32,4,1,8,2,2,4,1160377,1161250,1638,991,1159386,802,1,1143023,0,1159061,0,1,0,0
439,13,1,32,4,1,9,2,3,5,1161069,1161250,1638,1111,1159958,802,1,1143135,0,1159389,0,1,0,0
439,13,1,32,4,1,10,3,0,3,1134767,1161250,1638,1248,1133519,802,1,1117392,0,1132721,0,1,0,0
439,13,1,32,4,1,11,3,1,4,1160688,1161250,1638,1391,1159297,802,1,1142969,0,1158970,0,1,0,0
439,13,1,32,4,1,12,3,2,5,1161223,1161250,1638,1511,1159712,802,1,1142955,0,1159198,0,1,0,0
440,13,2,32,4,1,0,0,2,2,598906,1158481,1667,7,598899,797,1,581930,0,598323,0,1,0,0
440,13,2,32,4,1,1,0,3,3,600834,1158481,1667,121,600713,797,1,583079,0,599212,0,1,0,0
440,13,2,32,4,1,2,1,0,1,660399,1158481,1667,242,660157,797,1,643262,0,659640,0,1,0,0
440,13,2,32,4,1,3,1,1,2,876696,1158481,1667,364,876332,797,1,859250,0,874891,0,1,0,0
440,13,2,32,4,1,4,1,2,3,937926,1158481,1667,485,937441,797,1,920810,0,936654,0,1,0,0
440,13,2,32,4,1,5,1,3,4,938069,1158481,1667,614,937455,797,1,921310,0,937232,0,1,0,0
440,13,2,32,4,1,6,2,0,2,928419,1158481,1667,754,927665,797,1,910563,0,926743,0,1,0,0
440,13,2,32,4,1,7,2,1,3,1132927,1158481,1667,874,1132053,797,1,1115744,0,1131212,0,1,0,0
440,13,2,32,4,1,8,2,2,4,1158009,1158481,1667,1015,1156994,797,1,1140317,0,1156340,0,1,0,0
440,13,2,32,4,1,9,2,3,5,1158150,1158481,1667,1157,1156993,797,1,1140395,0,1156668,0,1,0,0
440,13,2,32,4,1,10,3,0,3,1132399,1158481,1667,1298,1131101,797,1,1115384,0,1130683,0,1,0,0
440,13,2,32,4,1,11,3,1,4,1158311,1158481,1667,1419,1156892,797,1,1140616,0,1156726,0,1,0,0
440,13,2,32,4,1,12,3,2,5,1158454,1158481,1667,1539,1156915,797,1,1140441,0,1156645,0,1,0,0
441,13,3,32,4,1,0,0,2,2,601341,1159678,1665,7,601334,797,1,583660,0,600053,0,1,0,0
441,13,3,32,4,1,1,0,3,3,601496,1159678,1665,121,601375,797,1,584116,0,600179,0,1,0,0
441,13,3,32,4,1,2,1,0,1,661230,1159678,1665,242,660988,797,1,643873,0,660261,0,1,0,0
441,13,3,32,4,1,3,1,1,2,875951,1159678,1665,364,875587,797,1,859521,0,875206,0,1,0,0
441,13,3,32,4,1,4,1,2,3,939898,1159678,1665,508,939390,797,1,923237,0,939073,0,1,0,0
441,13,3,32,4,1,5,1,3,4,941149,1159678,1665,628,940521,797,1,923369,0,939376,0,1,0,0
441,13,3,32,4,1,6,2,0,2,931600,1159678,1665,768,930832,797,1,913694,0,929881,0,1,0,0
441,13,3,32,4,1,7,2,1,3,1137344,1159678,1665,889,1136455,797,1,1120934,0,1135904,0,1,0,0
441,13,3,32,4,1,8,2,2,4,1159206,1159678,1665,1030,1158176,797,1,1141710,0,1157355,0,1,0,0
441,13,3,32,4,1,9,2,3,5,1159346,1159678,1665,1155,1158191,797,1,1141757,0,1157703,0,1,0,0
441,13,3,32,4,1,10,3,0,3,1135993,1159678,1665,1297,1134696,797,1,1119232,0,1134479,0,1,0,0
441,13,3,32,4,1,11,3,1,4,1159496,1159678,1665,1417,1158079,797,1,1141517,0,1157657,0,1,0,0
441,13,3,32,4,1,12,3,2,5,1159651,1159678,1665,1538,1158113,797,1,1141766,0,1157902,0,1,0,0
442,1,1,32,1,4,0,0,2,2,531210,531232,121,7,531203,4055,1,477745,0,531002,0,1,0,0
443,1,2,32,1,4,0,0,2,2,531739,531761,121,7,531732,4062,1,478274,0,531531,0,1,0,0
444,1,3,32,1,4,0,0,2,2,531369,531391,121,7,531362,4058,1,477904,0,531161,0,1,0,0
445,2,1,32,1,4,0,0,2,2,582172,582365,248,7,582165,2048,1,528744,0,582001,0,1,0,0
445,2,1,32,1,4,1,0,3,3,582338,582365,248,126,582212,2048,1,530372,0,582050,0,1,0,0
446,2,2,32,1,4,0,0,2,2,582186,582369,248,7,582179,2048,1,528758,0,582015,0,1,0,0
446,2,2,32,1,4,1,0,3,3,582342,582369,248,126,582216,2048,1,530380,0,582054,0,1,0,0
447,2,3,32,1,4,0,0,2,2,582172,582356,248,7,582165,2048,1,528744,0,582001,0,1,0,0
447,2,3,32,1,4,1,0,3,3,582329,582356,248,126,582203,2048,1,530360,0,582039,0,1,0,0
448,4,1,32,1,4,0,0,2,2,1060319,1061934,477,7,1060312,1946,1,1006914,0,1060168,0,1,0,0
448,4,1,32,1,4,1,0,3,3,1060471,1061934,477,121,1060350,1946,1,1027475,0,1060133,0,1,0,0
448,4,1,32,1,4,2,1,0,1,1061567,1061934,477,242,1061325,1946,1,1009022,0,1061146,0,1,0,0
448,4,1,32,1,4,3,1,1,2,1061907,1061934,477,360,1061547,1946,1,1018716,0,1061265,0,1,0,0
449,4,2,32,1,4,0,0,2,2,1062331,1062778,500,7,1062324,1949,1,1008484,0,1061739,0,1,0,0
449,4,2,32,1,4,1,0,3,3,1062476,1062778,500,121,1062355,1949,1,1029413,0,1061717,0,1,0,0
449,4,2,32,1,4,2,1,0,1,1062614,1062778,500,242,1062372,1949,1,1009515,0,1061798,0,1,0,0
449,4,2,32,1,4,3,1,1,2,1062751,1062778,500,360,1062391,1949,1,1019172,0,1061879,0,1,0,0
450,4,3,32,1,4,0,0,2,2,1062237,1062717,500,7,1062230,1949,1,1008649,0,1061903,0,1,0,0
450,4,3,32,1,4,1,0,3,3,1062387,1062717,500,124,1062263,1949,1,1029575,0,1061814,0,1,0,0
450,4,3,32,1,4,2,1,0,1,1062549,1062717,500,249,1062300,1949,1,1009182,0,1061874,0,1,0,0
450,4,3,32,1,4,3,1,1,2,1062690,1062717,500,368,1062322,1949,1,1018905,0,1062013,0,1,0,0
451,6,1,32,1,4,0,0,2,2,1070519,1642472,733,7,1070512,2736,1,1016546,0,1069800,0,1,0,0
451,6,1,32,1,4,1,0,3,3,1070682,1642472,733,121,1070561,2736,1,1035670,0,1069789,0,1,0,0
451,6,1,32,1,4,2,1,0,1,1110120,1642472,733,242,1109878,2736,1,1056886,0,1109730,0,1,0,0
451,6,1,32,1,4,3,1,1,2,1399693,1642472,733,360,1399333,2736,1,1346010,0,1399024,0,1,0,0
451,6,1,32,1,4,4,1,2,3,1642308,1642472,733,486,1641822,2736,1,1590121,0,1641434,0,1,0,0
451,6,1,32,1,4,5,1,3,4,1642445,1642472,733,616,1641829,2736,1,1604035,0,1641388,0,1,0,0
452,6,2,32,1,4,0,0,2,2,1070676,1641623,763,7,1070669,2735,1,1016657,0,1069904,0,1,0,0
452,6,2,32,1,4,1,0,3,3,1070827,1641623,763,121,1070706,2735,1,1036002,0,1069898,0,1,0,0
452,6,2,32,1,4,2,1,0,1,1110869,1641623,763,242,1110627,2735,1,1057541,0,1110387,0,1,0,0
452,6,2,32,1,4,3,1,1,2,1398090,1641623,763,360,1397730,2735,1,1344425,0,1397424,0,1,0,0
452,6,2,32,1,4,4,1,2,3,1641456,1641623,763,486,1640970,2735,1,1589158,0,1640580,0,1,0,0
452,6,2,32,1,4,5,1,3,4,1641596,1641623,763,615,1640981,2735,1,1603267,0,1640687,0,1,0,0
453,6,3,32,1,4,0,0,2,2,1069548,1641530,728,7,1069541,2730,1,1015472,0,1068712,0,1,0,0
453,6,3,32,1,4,1,0,3,3,1069711,1641530,728,121,1069590,2730,1,1035081,0,1068682,0,1,0,0
453,6,3,32,1,4,2,1,0,1,1110959,1641530,728,242,1110717,2730,1,1057460,0,1110286,0,1,0,0
453,6,3,32,1,4,3,1,1,2,1399354,1641530,728,360,1398994,2730,1,1345518,0,1398519,0,1,0,0
453,6,3,32,1,4,4,1,2,3,1641366,1641530,728,486,1640880,2730,1,1589317,0,1640567,0,1,0,0
453,6,3,32,1,4,5,1,3,4,1641503,1641530,728,597,1640906,2730,1,1602746,0,1640506,0,1,0,0
454,8,1,32,1,4,0,0,2,2,1061851,2176925,995,7,1061844,2882,1,1007756,0,1061013,0,1,0,0
454,8,1,32,1,4,1,0,3,3,1062026,2176925,995,121,1061905,2882,1,1026245,0,1060993,0,1,0,0
454,8,1,32,1,4,2,1,0,1,1350936,2176925,995,242,1350694,2882,1,1297273,0,1350527,0,1,0,0
454,8,1,32,1,4,3,1,1,2,1902260,2176925,995,361,1901899,2882,1,1848613,0,1901648,0,1,0,0
454,8,1,32,1,4,4,1,2,3,2176733,2176925,995,510,2176223,2882,1,2125339,0,2176005,0,1,0,0
454,8,1,32,1,4,5,1,3,4,2176873,2176925,995,652,2176221,2882,1,2140373,0,2175955,0,1,0,0
454,8,1,32,1,4,6,2,0,2,1873501,2176925,995,767,1872734,2882,1,1820694,0,1872450,0,1,0,0
454,8,1,32,1,4,7,2,1,3,1873654,2176925,995,878,1872776,2882,1,1840583,0,1872598,0,1,0,0
455,8,2,32,1,4,0,0,2,2,1061271,2176756,987,7,1061264,2881,1,1007842,0,1061099,0,1,0,0
455,8,2,32,1,4,1,0,3,3,1061426,2176756,987,121,1061305,2881,1,1026920,0,1061067,0,1,0,0
455,8,2,32,1,4,2,1,0,1,1352275,2176756,987,242,1352033,2881,1,1298534,0,1351791,0,1,0,0
455,8,2,32,1,4,3,1,1,2,1903584,2176756,987,360,1903224,2881,1,1849852,0,1902881,0,1,0,0
455,8,2,32,1,4,4,1,2,3,2176564,2176756,987,486,2176078,2881,1,2124394,0,2175689,0,1,0,0
455,8,2,32,1,4,5,1,3,4,2176704,2176756,987,597,2176107,2881,1,2139555,0,2175793,0,1,0,0
455,8,2,32,1,4,6,2,0,2,1874786,2176756,987,725,1874061,2881,1,1821322,0,1873204,0,1,0,0
455,8,2,32,1,4,7,2,1,3,1874945,2176756,987,854,1874091,2881,1,1841458,0,1873268,0,1,0,0
456,8,3,32,1,4,0,0,2,2,1061338,2174956,989,7,1061331,2877,1,1007156,0,1060407,0,1,0,0
456,8,3,32,1,4,1,0,3,3,1061489,2174956,989,121,1061368,2877,1,1024426,0,1060386,0,1,0,0
456,8,3,32,1,4,2,1,0,1,1351224,2174956,989,242,1350982,2877,1,1296869,0,1350126,0,1,0,0
456,8,3,32,1,4,3,1,1,2,1900648,2174956,989,360,1900288,2877,1,1847696,0,1899828,0,1,0,0
456,8,3,32,1,4,4,1,2,3,2174902,2174956,989,486,2174416,2877,1,2122293,0,2173967,0,1,0,0
456,8,3,32,1,4,5,1,3,4,2174689,2174956,989,615,2174074,2877,1,2136714,0,2173890,0,1,0,0
456,8,3,32,1,4,6,2,0,2,1872014,2174956,989,757,1871257,2877,1,1818652,0,1870598,0,1,0,0
456,8,3,32,1,4,7,2,1,3,1872176,2174956,989,872,1871304,2877,1,1839288,0,1870727,0,1,0,0
457,10,1,32,1,4,0,0,2,2,1064301,2699587,1210,7,1064294,3027,1,1009947,0,1063198,0,1,0,0
457,10,1,32,1,4,1,0,3,3,1064465,2699587,1210,121,1064344,3027,1,1027829,0,1063115,0,1,0,0
457,10,1,32,1,4,2,1,0,1,1353319,2699587,1210,242,1353077,3027,1,1298887,0,1352144,0,1,0,0
457,10,1,32,1,4,3,1,1,2,1928551,2699587,1210,360,1928191,3027,1,1874740,0,1927694,0,1,0,0
457,10,1,32,1,4,4,1,2,3,2396780,2699587,1210,487,2396293,3027,1,2344270,0,2395668,0,1,0,0
457,10,1,32,1,4,5,1,3,4,2396935,2699587,1210,629,2396306,3027,1,2362759,0,2395632,0,1,0,0
457,10,1,32,1,4,6,2,0,2,1935846,2699587,1210,744,1935102,3027,1,1881965,0,1934205,0,1,0,0
457,10,1,32,1,4,7,2,1,3,2431307,2699587,1210,855,2430452,3027,1,2378981,0,2430181,0,1,0,0
457,10,1,32,1,4,8,2,2,4,2699551,2699587,1210,966,2698585,3027,1,2645598,0,2698062,0,1,0,0
457,10,1,32,1,4,9,2,3,5,2699323,2699587,1210,1093,2698230,3027,1,2660932,0,2698016,0,1,0,0
458,10,2,32,1,4,0,0,2,2,1062160,2697365,1220,7,1062153,3052,1,1008125,0,1061379,0,1,0,0
458,10,2,32,1,4,1,0,3,3,1062312,2697365,1220,121,1062191,3052,1,1026809,0,1061526,0,1,0,0
458,10,2,32,1,4,2,1,0,1,1352104,2697365,1220,242,1351862,3052,1,1297823,0,1351080,0,1,0,0
458,10,2,32,1,4,3,1,1,2,1925093,2697365,1220,360,1924733,3052,1,1871596,0,1924310,0,1,0,0
458,10,2,32,1,4,4,1,2,3,2393781,2697365,1220,486,2393295,3052,1,2341167,0,2392799,0,1,0,0
458,10,2,32,1,4,5,1,3,4,2393936,2697365,1220,613,2393323,3052,1,2357915,0,2392742,0,1,0,0
458,10,2,32,1,4,6,2,0,2,1931486,2697365,1220,755,1930731,3052,1,1876731,0,1929741,0,1,0,0
458,10,2,32,1,4,7,2,1,3,2427720,2697365,1220,870,2426850,3052,1,2374502,0,2426625,0,1,0,0
458,10,2,32,1,4,8,2,2,4,2697199,2697365,1220,981,2696218,3052,1,2643343,0,2695812,0,1,0,0
458,10,2,32,1,4,9,2,3,5,2697338,2697365,1220,1105,2696233,3052,1,2659517,0,2695934,0,1,0,0
459,10,3,32,1,4,0,0,2,2,1062549,2697453,1226,7,1062542,3052,1,1008451,0,1061705,0,1,0,0
459,10,3,32,1,4,1,0,3,3,1062710,2697453,1226,121,1062589,3052,1,1026793,0,1061619,0,1,0,0
459,10,3,32,1,4,2,1,0,1,1350594,2697453,1226,242,1350352,3052,1,1296704,0,1349958,0,1,0,0
459,10,3,32,1,4,3,1,1,2,1924986,2697453,1226,360,1924626,3052,1,1871085,0,1924058,0,1,0,0
459,10,3,32,1,4,4,1,2,3,2394377,2697453,1226,486,2393891,3052,1,2342032,0,2393494,0,1,0,0
459,10,3,32,1,4,5,1,3,4,2394534,2697453,1226,597,2393937,3052,1,2361167,0,2393458,0,1,0,0
459,10,3,32,1,4,6,2,0,2,1930573,2697453,1226,726,1929847,3052,1,1877017,0,1929270,0,1,0,0
459,10,3,32,1,4,7,2,1,3,2427882,2697453,1226,855,2427027,3052,1,2375502,0,2426683,0,1,0,0
459,10,3,32,1,4,8,2,2,4,2697060,2697453,1226,982,2696078,3052,1,2643603,0,2695887,0,1,0,0
459,10,3,32,1,4,9,2,3,5,2697426,2697453,1226,1109,2696317,3052,1,2659918,0,2696008,0,1,0,0
460,13,1,32,1,4,0,0,2,2,1064177,3438654,1585,7,1064170,2934,1,1009926,0,1063169,0,1,0,0
460,13,1,32,1,4,1,0,3,3,1064369,3438654,1585,121,1064248,2934,1,1028575,0,1063134,0,1,0,0
460,13,1,32,1,4,2,1,0,1,1352243,3438654,1585,242,1352001,2934,1,1297435,0,1350692,0,1,0,0
460,13,1,32,1,4,3,1,1,2,1920864,3438654,1585,360,1920504,2934,1,1867395,0,1920309,0,1,0,0
460,13,1,32,1,4,4,1,2,3,2396110,3438654,1585,502,2395608,2934,1,2343518,0,2394689,0,1,0,0
460,13,1,32,1,4,5,1,3,4,2396267,3438654,1585,644,2395623,2934,1,2362664,0,2394663,0,1,0,0
460,13,1,32,1,4,6,2,0,2,2396411,3438654,1585,759,2395652,2934,1,2341827,0,2394696,0,1,0,0
460,13,1,32,1,4,7,2,1,3,2974639,3438654,1585,870,2973769,2934,1,2920996,0,2973149,0,1,0,0
460,13,1,32,1,4,8,2,2,4,3438461,3438654,1585,1005,3437456,2934,1,3384661,0,3437153,0,1,0,0
460,13,1,32,1,4,9,2,3,5,3438593,3438654,1585,1126,3437467,2934,1,3402858,0,3437107,0,1,0,0
460,13,1,32,1,4,10,3,0,3,2975048,3438654,1585,1237,2973811,2934,1,2920940,0,2972804,0,1,0,0
460,13,1,32,1,4,11,3,1,4,3438064,3438654,1585,1350,3436714,2934,1,3384002,0,3436443,0,1,0,0
460,13,1,32,1,4,12,3,2,5,3438235,3438654,1585,1464,3436771,2934,1,3402562,0,3436516,0,1,0,0
461,13,2,32,1,4,0,0,2,2,1062696,3438162,1616,7,1062689,2931,1,1008609,0,1061858,0,1,0,0
461,13,2,32,1,4,1,0,3,3,1062847,3438162,1616,121,1062726,2931,1,1027426,0,1062064,0,1,0,0
461,13,2,32,1,4,2,1,0,1,1351249,3438162,1616,261,1350988,2931,1,1296309,0,1349566,0,1,0,0
461,13,2,32,1,4,3,1,1,2,1922300,3438162,1616,392,1921908,2931,1,1869157,0,1921691,0,1,0,0
461,13,2,32,1,4,4,1,2,3,2396824,3438162,1616,510,2396314,2931,1,2343547,0,2395039,0,1,0,0
461,13,2,32,1,4,5,1,3,4,2396973,3438162,1616,621,2396352,2931,1,2361381,0,2394985,0,1,0,0
461,13,2,32,1,4,6,2,0,2,2395827,3438162,1616,763,2395064,2931,1,2341540,0,2394794,0,1,0,0
461,13,2,32,1,4,7,2,1,3,2974494,3438162,1616,888,2973606,2931,1,2922198,0,2973164,0,1,0,0
461,13,2,32,1,4,8,2,2,4,3437708,3438162,1616,1016,3436692,2931,1,3383370,0,3436190,0,1,0,0
461,13,2,32,1,4,9,2,3,5,3437849,3438162,1616,1127,3436722,2931,1,3402458,0,3436348,0,1,0,0
461,13,2,32,1,4,10,3,0,3,2973212,3438162,1616,1244,2971968,2931,1,2919416,0,2971434,0,1,0,0
461,13,2,32,1,4,11,3,1,4,3437996,3438162,1616,1384,3436612,2931,1,3383261,0,3436171,0,1,0,0
461,13,2,32,1,4,12,3,2,5,3438135,3438162,1616,1499,3436636,2931,1,3402215,0,3436125,0,1,0,0
462,13,3,32,1,4,0,0,2,2,1063510,3438772,1536,7,1063503,2938,1,1009558,0,1062812,0,1,0,0
462,13,3,32,1,4,1,0,3,3,1063660,3438772,1536,121,1063539,2938,1,1028249,0,1062658,0,1,0,0
462,13,3,32,1,4,2,1,0,1,1348380,3438772,1536,242,1348138,2938,1,1294491,0,1347748,0,1,0,0
462,13,3,32,1,4,3,1,1,2,1920829,3438772,1536,360,1920469,2938,1,1866965,0,1919945,0,1,0,0
462,13,3,32,1,4,4,1,2,3,2394021,3438772,1536,486,2393535,2938,1,2341546,0,2393136,0,1,0,0
462,13,3,32,1,4,5,1,3,4,2394171,3438772,1536,597,2393574,2938,1,2360970,0,2393113,0,1,0,0
462,13,3,32,1,4,6,2,0,2,2394322,3438772,1536,719,2393603,2938,1,2339994,0,2393139,0,1,0,0
462,13,3,32,1,4,7,2,1,3,2974575,3438772,1536,830,2973745,2938,1,2921578,0,2973176,0,1,0,0
462,13,3,32,1,4,8,2,2,4,3438299,3438772,1536,943,3437356,2938,1,3383967,0,3436784,0,1,0,0
462,13,3,32,1,4,9,2,3,5,3438459,3438772,1536,1084,3437375,2938,1,3402374,0,3436875,0,1,0,0
462,13,3,32,1,4,10,3,0,3,2974082,3438772,1536,1195,2972887,2938,1,2920784,0,2972246,0,1,0,0
462,13,3,32,1,4,11,3,1,4,3438606,3438772,1536,1308,3437298,2938,1,3384213,0,3436623,0,1,0,0
462,13,3,32,1,4,12,3,2,5,3438745,3438772,1536,1419,3437326,2938,1,3402396,0,3436640,0,1,0,0
463,1,1,256,4,1,0,0,2,2,94711,94733,126,7,94704,320,1,92441,0,94498,0,1,0,0
464,1,2,256,4,1,0,0,2,2,94604,94626,121,7,94597,320,1,92339,0,94396,0,1,0,0
465,1,3,256,4,1,0,0,2,2,94582,94604,121,7,94575,320,1,92317,0,94374,0,1,0,0
466,2,1,256,4,1,0,0,2,2,159995,160599,452,7,159988,320,1,157714,0,159771,0,1,0,0
466,2,1,256,4,1,1,0,3,3,160572,160599,452,126,160446,320,1,157980,0,160037,0,1,0,0
467,2,2,256,4,1,0,0,2,2,160025,160656,452,7,160018,320,1,157740,0,159797,0,1,0,0
467,2,2,256,4,1,1,0,3,3,160629,160656,452,126,160503,320,1,158010,0,160067,0,1,0,0
468,2,3,256,4,1,0,0,2,2,160037,160641,450,7,160030,320,1,157756,0,159813,0,1,0,0
468,2,3,256,4,1,1,0,3,3,160614,160641,450,126,160488,320,1,158025,0,160082,0,1,0,0
469,4,1,256,4,1,0,0,2,2,320771,322971,1006,7,320764,320,1,318490,0,320547,0,1,0,0
469,4,1,256,4,1,1,0,3,3,322553,322971,1006,121,322432,320,1,319447,0,321504,0,1,0,0
469,4,1,256,4,1,2,1,0,1,322806,322971,1006,446,322360,320,1,319648,0,321705,0,1,0,0
469,4,1,256,4,1,3,1,1,2,322944,322971,1006,745,322199,320,1,319642,0,321699,0,1,0,0
470,4,2,256,4,1,0,0,2,2,320700,322889,1029,7,320693,320,1,318419,0,320476,0,1,0,0
470,4,2,256,4,1,1,0,3,3,322469,322889,1029,121,322348,320,1,319363,0,321420,0,1,0,0
470,4,2,256,4,1,2,1,0,1,322725,322889,1029,446,322279,320,1,319540,0,321597,0,1,0,0
470,4,2,256,4,1,3,1,1,2,322862,322889,1029,768,322094,320,1,319535,0,321592,0,1,0,0
471,4,3,256,4,1,0,0,2,2,320799,322987,1023,7,320792,320,1,318518,0,320575,0,1,0,0
471,4,3,256,4,1,1,0,3,3,322568,322987,1023,121,322447,320,1,319457,0,321514,0,1,0,0
471,4,3,256,4,1,2,1,0,1,322821,322987,1023,444,322377,320,1,319665,0,321722,0,1,0,0
471,4,3,256,4,1,3,1,1,2,322960,322987,1023,743,322217,320,1,319639,0,321696,0,1,0,0
472,6,1,256,4,1,0,0,2,2,399012,481124,1529,7,399005,388,1,395981,0,398038,0,1,0,0
472,6,1,256,4,1,1,0,3,3,400518,481124,1529,121,400397,388,1,397397,0,399454,0,1,0,0
472,6,1,256,4,1,2,1,0,1,407808,481124,1529,450,407358,388,1,404901,0,406958,0,1,0,0
472,6,1,256,4,1,3,1,1,2,454320,481124,1529,745,453575,388,1,451156,0,453213,0,1,0,0
472,6,1,256,4,1,4,1,2,3,480843,481124,1529,1000,479843,388,1,477421,0,479478,0,1,0,0
472,6,1,256,4,1,5,1,3,4,481097,481124,1529,1260,479837,388,1,477407,0,479464,0,1,0,0
473,6,2,256,4,1,0,0,2,2,398878,481046,1537,7,398871,388,1,395847,0,397904,0,1,0,0
473,6,2,256,4,1,1,0,3,3,400387,481046,1537,121,400266,388,1,397266,0,399323,0,1,0,0
473,6,2,256,4,1,2,1,0,1,407674,481046,1537,446,407228,388,1,404768,0,406825,0,1,0,0
473,6,2,256,4,1,3,1,1,2,454243,481046,1537,745,453498,388,1,451083,0,453140,0,1,0,0
473,6,2,256,4,1,4,1,2,3,480765,481046,1537,1000,479765,388,1,477343,0,479400,0,1,0,0
473,6,2,256,4,1,5,1,3,4,481019,481046,1537,1260,479759,388,1,477321,0,479378,0,1,0,0
474,6,3,256,4,1,0,0,2,2,398988,481085,1551,7,398981,388,1,395955,0,398012,0,1,0,0
474,6,3,256,4,1,1,0,3,3,400495,481085,1551,121,400374,388,1,397376,0,399433,0,1,0,0
474,6,3,256,4,1,2,1,0,1,407792,481085,1551,446,407346,388,1,404885,0,406942,0,1,0,0
474,6,3,256,4,1,3,1,1,2,454268,481085,1551,745,453523,388,1,451107,0,453164,0,1,0,0
474,6,3,256,4,1,4,1,2,3,480804,481085,1551,1000,479804,388,1,477383,0,479440,0,1,0,0
474,6,3,256,4,1,5,1,3,4,481058,481085,1551,1260,479798,388,1,477346,0,479403,0,1,0,0
475,8,1,256,4,1,0,0,2,2,445576,641169,2042,7,445569,409,1,441783,0,443840,0,1,0,0
475,8,1,256,4,1,1,0,3,3,445839,641169,2042,121,445718,409,1,442968,0,445025,0,1,0,0
475,8,1,256,4,1,2,1,0,1,497265,641169,2042,446,496819,409,1,493355,0,495412,0,1,0,0
475,8,1,256,4,1,3,1,1,2,614890,641169,2042,745,614145,409,1,611233,0,613290,0,1,0,0
475,8,1,256,4,1,4,1,2,3,640863,641169,2042,1000,639863,409,1,637444,0,639501,0,1,0,0
475,8,1,256,4,1,5,1,3,4,641117,641169,2042,1258,639859,409,1,637429,0,639486,0,1,0,0
475,8,1,256,4,1,6,2,0,2,601730,641169,2042,1521,600209,409,1,596793,0,598850,0,1,0,0
475,8,1,256,4,1,7,2,1,3,601985,641169,2042,1776,600209,409,1,597026,0,599083,0,1,0,0
476,8,2,256,4,1,0,0,2,2,445460,641116,2044,7,445453,409,1,441689,0,443746,0,1,0,0
476,8,2,256,4,1,1,0,3,3,445742,641116,2044,121,445621,409,1,442852,0,444909,0,1,0,0
476,8,2,256,4,1,2,1,0,1,497155,641116,2044,446,496709,409,1,493241,0,495298,0,1,0,0
476,8,2,256,4,1,3,1,1,2,614797,641116,2044,745,614052,409,1,611120,0,613177,0,1,0,0
476,8,2,256,4,1,4,1,2,3,640814,641116,2044,1000,639814,409,1,637389,0,639446,0,1,0,0
476,8,2,256,4,1,5,1,3,4,641064,641116,2044,1260,639804,409,1,637374,0,639431,0,1,0,0
476,8,2,256,4,1,6,2,0,2,601575,641116,2044,1523,600052,409,1,596647,0,598704,0,1,0,0
476,8,2,256,4,1,7,2,1,3,601829,641116,2044,1778,600051,409,1,596880,0,598937,0,1,0,0
477,8,3,256,4,1,0,0,2,2,445610,641304,2046,7,445603,409,1,441843,0,443900,0,1,0,0
477,8,3,256,4,1,1,0,3,3,445877,641304,2046,121,445756,409,1,443002,0,445059,0,1,0,0
477,8,3,256,4,1,2,1,0,1,497294,641304,2046,446,496848,409,1,493384,0,495441,0,1,0,0
477,8,3,256,4,1,3,1,1,2,614979,641304,2046,745,614234,409,1,611323,0,613380,0,1,0,0
477,8,3,256,4,1,4,1,2,3,641000,641304,2046,1000,640000,409,1,637577,0,639634,0,1,0,0
477,8,3,256,4,1,5,1,3,4,641252,641304,2046,1260,639992,409,1,637560,0,639617,0,1,0,0
477,8,3,256,4,1,6,2,0,2,601810,641304,2046,1525,600285,409,1,596880,0,598937,0,1,0,0
477,8,3,256,4,1,7,2,1,3,602063,641304,2046,1780,600283,409,1,597113,0,599170,0,1,0,0
478,10,1,256,4,1,0,0,2,2,477777,796938,2600,7,477770,437,1,475496,0,477553,0,1,0,0
478,10,1,256,4,1,1,0,3,3,480273,796938,2600,121,480152,437,1,476160,0,478217,0,1,0,0
478,10,1,256,4,1,2,1,0,1,528440,796938,2600,444,527996,437,1,524781,0,526838,0,1,0,0
478,10,1,256,4,1,3,1,1,2,691918,796938,2600,765,691153,437,1,688500,0,690557,0,1,0,0
478,10,1,256,4,1,4,1,2,3,751092,796938,2600,1020,750072,437,1,746918,0,748975,0,1,0,0
478,10,1,256,4,1,5,1,3,4,751348,796938,2600,1280,750068,437,1,747140,0,749197,0,1,0,0
478,10,1,256,4,1,6,2,0,2,690945,796938,2600,1543,689402,437,1,686984,0,689041,0,1,0,0
478,10,1,256,4,1,7,2,1,3,770687,796938,2600,1798,768889,437,1,766222,0,768279,0,1,0,0
478,10,1,256,4,1,8,2,2,4,796773,796938,2600,2058,794715,437,1,792042,0,794099,0,1,0,0
478,10,1,256,4,1,9,2,3,5,796911,796938,2600,2317,794594,437,1,792013,0,794070,0,1,0,0
479,10,2,256,4,1,0,0,2,2,477754,796880,2574,7,477747,437,1,475473,0,477530,0,1,0,0
479,10,2,256,4,1,1,0,3,3,480275,796880,2574,121,480154,437,1,476134,0,478191,0,1,0,0
479,10,2,256,4,1,2,1,0,1,528517,796880,2574,446,528071,437,1,524854,0,526911,0,1,0,0
479,10,2,256,4,1,3,1,1,2,691877,796880,2574,743,691134,437,1,688481,0,690538,0,1,0,0
479,10,2,256,4,1,4,1,2,3,751059,796880,2574,998,750061,437,1,746905,0,748962,0,1,0,0
479,10,2,256,4,1,5,1,3,4,751316,796880,2574,1260,750056,437,1,747128,0,749185,0,1,0,0
479,10,2,256,4,1,6,2,0,2,690904,796880,2574,1523,689381,437,1,686963,0,689020,0,1,0,0
479,10,2,256,4,1,7,2,1,3,770653,796880,2574,1778,768875,437,1,766208,0,768265,0,1,0,0
479,10,2,256,4,1,8,2,2,4,796716,796880,2574,2038,794678,437,1,791989,0,794046,0,1,0,0
479,10,2,256,4,1,9,2,3,5,796853,796880,2574,2313,794540,437,1,791983,0,794040,0,1,0,0
480,10,3,256,4,1,0,0,2,2,477585,796783,2558,7,477578,437,1,475304,0,477361,0,1,0,0
480,10,3,256,4,1,1,0,3,3,480109,796783,2558,121,479988,437,1,475989,0,478046,0,1,0,0
480,10,3,256,4,1,2,1,0,1,528271,796783,2558,446,527825,437,1,524615,0,526672,0,1,0,0
480,10,3,256,4,1,3,1,1,2,691785,796783,2558,745,691040,437,1,688387,0,690444,0,1,0,0
480,10,3,256,4,1,4,1,2,3,750957,796783,2558,1000,749957,437,1,746799,0,748856,0,1,0,0
480,10,3,256,4,1,5,1,3,4,751213,796783,2558,1259,749954,437,1,747021,0,749078,0,1,0,0
480,10,3,256,4,1,6,2,0,2,690813,796783,2558,1523,689290,437,1,686872,0,688929,0,1,0,0
480,10,3,256,4,1,7,2,1,3,770555,796783,2558,1778,768777,437,1,766110,0,768167,0,1,0,0
480,10,3,256,4,1,8,2,2,4,796618,796783,2558,2038,794580,437,1,791907,0,793964,0,1,0,0
480,10,3,256,4,1,9,2,3,5,796756,796783,2558,2297,794459,437,1,791901,0,793958,0,1,0,0
481,13,1,256,4,1,0,0,2,2,480494,1031404,3367,7,480487,446,1,475706,0,477763,0,1,0,0
481,13,1,256,4,1,1,0,3,3,480757,1031404,3367,121,480636,446,1,477139,0,479196,0,1,0,0
481,13,1,256,4,1,2,1,0,1,560533,1031404,3367,444,560089,446,1,557382,0,559439,0,1,0,0
481,13,1,256,4,1,3,1,1,2,748947,1031404,3367,745,748202,446,1,744788,0,746845,0,1,0,0
481,13,1,256,4,1,4,1,2,3,825214,1031404,3367,1000,824214,446,1,820552,0,822609,0,1,0,0
481,13,1,256,4,1,5,1,3,4,825469,1031404,3367,1284,824185,446,1,820763,0,822820,0,1,0,0
481,13,1,256,4,1,6,2,0,2,794023,1031404,3367,1547,792476,446,1,788581,0,790638,0,1,0,0
481,13,1,256,4,1,7,2,1,3,978316,1031404,3367,1802,976514,446,1,973847,0,975904,0,1,0,0
481,13,1,256,4,1,8,2,2,4,1030633,1031404,3367,2062,1028571,446,1,1025671,0,1027728,0,1,0,0
481,13,1,256,4,1,9,2,3,5,1030894,1031404,3367,2321,1028573,446,1,1025892,0,1027949,0,1,0,0
481,13,1,256,4,1,10,3,0,3,980266,1031404,3367,2576,977690,446,1,974286,0,976343,0,1,0,0
481,13,1,256,4,1,11,3,1,4,1031125,1031404,3367,2839,1028286,446,1,1025860,0,1027917,0,1,0,0
481,13,1,256,4,1,12,3,2,5,1031377,1031404,3367,3103,1028274,446,1,1025851,0,1027908,0,1,0,0
482,13,2,256,4,1,0,0,2,2,480334,1031448,3353,7,480327,446,1,475571,0,477628,0,1,0,0
482,13,2,256,4,1,1,0,3,3,480597,1031448,3353,121,480476,446,1,476961,0,479018,0,1,0,0
482,13,2,256,4,1,2,1,0,1,560357,1031448,3353,469,559888,446,1,557184,0,559241,0,1,0,0
482,13,2,256,4,1,3,1,1,2,748832,1031448,3353,768,748064,446,1,744635,0,746692,0,1,0,0
482,13,2,256,4,1,4,1,2,3,825144,1031448,3353,1023,824121,446,1,820484,0,822541,0,1,0,0
482,13,2,256,4,1,5,1,3,4,825400,1031448,3353,1283,824117,446,1,820695,0,822752,0,1,0,0
482,13,2,256,4,1,6,2,0,2,793937,1031448,3353,1546,792391,446,1,788498,0,790555,0,1,0,0
482,13,2,256,4,1,7,2,1,3,978337,1031448,3353,1801,976536,446,1,973870,0,975927,0,1,0,0
482,13,2,256,4,1,8,2,2,4,1030692,1031448,3353,2061,1028631,446,1,1025719,0,1027776,0,1,0,0
482,13,2,256,4,1,9,2,3,5,1030941,1031448,3353,2320,1028621,446,1,1025940,0,1027997,0,1,0,0
482,13,2,256,4,1,10,3,0,3,980284,1031448,3353,2575,977709,446,1,974309,0,976366,0,1,0,0
482,13,2,256,4,1,11,3,1,4,1031171,1031448,3353,2838,1028333,446,1,1025917,0,1027974,0,1,0,0
482,13,2,256,4,1,12,3,2,5,1031421,1031448,3353,3092,1028329,446,1,1025911,0,1027968,0,1,0,0
483,13,3,256,4,1,0,0,2,2,480398,1031390,3347,7,480391,446,1,475635,0,477692,0,1,0,0
483,13,3,256,4,1,1,0,3,3,480662,1031390,3347,121,480541,446,1,477047,0,479104,0,1,0,0
483,13,3,256,4,1,2,1,0,1,560437,1031390,3347,446,559991,446,1,557288,0,559345,0,1,0,0
483,13,3,256,4,1,3,1,1,2,748830,1031390,3347,745,748085,446,1,744672,0,746729,0,1,0,0
483,13,3,256,4,1,4,1,2,3,825084,1031390,3347,1000,824084,446,1,820447,0,822504,0,1,0,0
483,13,3,256,4,1,5,1,3,4,825340,1031390,3347,1260,824080,446,1,820658,0,822715,0,1,0,0
483,13,3,256,4,1,6,2,0,2,793913,1031390,3347,1523,792390,446,1,788496,0,790553,0,1,0,0
483,13,3,256,4,1,7,2,1,3,978290,1031390,3347,1778,976512,446,1,973846,0,975903,0,1,0,0
483,13,3,256,4,1,8,2,2,4,1030620,1031390,3347,2038,1028582,446,1,1025675,0,1027732,0,1,0,0
483,13,3,256,4,1,9,2,3,5,1030867,1031390,3347,2299,1028568,446,1,1025901,0,1027958,0,1,0,0
483,13,3,256,4,1,10,3,0,3,980237,1031390,3347,2554,977683,446,1,974283,0,976340,0,1,0,0
483,13,3,256,4,1,11,3,1,4,1031100,1031390,3347,2817,1028283,446,1,1025869,0,1027926,0,1,0,0
483,13,3,256,4,1,12,3,2,5,1031363,1031390,3347,3069,1028294,446,1,1025846,0,1027903,0,1,0,0
484,1,1,256,1,4,0,0,2,2,353061,353083,121,7,353054,1280,1,346188,0,352853,0,1,0,0
485,1,2,256,1,4,0,0,2,2,353047,353069,122,7,353040,1280,1,346173,0,352838,0,1,0,0
486,1,3,256,1,4,0,0,2,2,353048,353070,121,7,353041,1280,1,346175,0,352840,0,1,0,0
487,2,1,256,1,4,0,0,2,2,638999,639536,452,7,638992,1280,1,632110,0,638775,0,1,0,0
487,2,1,256,1,4,1,0,3,3,639509,639536,452,126,639383,1280,1,632300,0,638965,0,1,0,0
488,2,2,256,1,4,0,0,2,2,639019,639555,452,7,639012,1280,1,632130,0,638795,0,1,0,0
488,2,2,256,1,4,1,0,3,3,639528,639555,452,126,639402,1280,1,632320,0,638985,0,1,0,0
489,2,3,256,1,4,0,0,2,2,638964,639511,452,7,638957,1280,1,632075,0,638740,0,1,0,0
489,2,3,256,1,4,1,0,3,3,639484,639511,452,126,639358,1280,1,632265,0,638930,0,1,0,0
490,4,1,256,1,4,0,0,2,2,1259826,1261853,1028,7,1259819,1280,1,1252937,0,1259602,0,1,0,0
490,4,1,256,1,4,1,0,3,3,1260806,1261853,1028,121,1260685,1280,1,1253589,0,1260254,0,1,0,0
490,4,1,256,1,4,2,1,0,1,1261573,1261853,1028,447,1261126,1280,1,1254038,0,1260703,0,1,0,0
490,4,1,256,1,4,3,1,1,2,1261826,1261853,1028,767,1261059,1280,1,1254032,0,1260697,0,1,0,0
491,4,2,256,1,4,0,0,2,2,1259811,1261820,1026,7,1259804,1280,1,1252922,0,1259587,0,1,0,0
491,4,2,256,1,4,1,0,3,3,1260789,1261820,1026,121,1260668,1280,1,1253554,0,1260219,0,1,0,0
491,4,2,256,1,4,2,1,0,1,1261540,1261820,1026,466,1261074,1280,1,1254007,0,1260672,0,1,0,0
491,4,2,256,1,4,3,1,1,2,1261793,1261820,1026,765,1261028,1280,1,1254001,0,1260666,0,1,0,0
492,4,3,256,1,4,0,0,2,2,1259700,1261712,1026,7,1259693,1280,1,1252811,0,1259476,0,1,0,0
492,4,3,256,1,4,1,0,3,3,1260680,1261712,1026,121,1260559,1280,1,1253462,0,1260127,0,1,0,0
492,4,3,256,1,4,2,1,0,1,1261429,1261712,1026,446,1260983,1280,1,1253895,0,1260560,0,1,0,0
492,4,3,256,1,4,3,1,1,2,1261685,1261712,1026,765,1260920,1280,1,1253890,0,1260555,0,1,0,0
493,6,1,256,1,4,0,0,2,2,1255345,1895183,1535,7,1255338,1918,1,1248456,0,1255121,0,1,0,0
493,6,1,256,1,4,1,0,3,3,1256818,1895183,1535,121,1256697,1918,1,1249107,0,1255772,0,1,0,0
493,6,1,256,1,4,2,1,0,1,1258061,1895183,1535,446,1257615,1918,1,1250274,0,1256939,0,1,0,0
493,6,1,256,1,4,3,1,1,2,1576072,1895183,1535,765,1575307,1918,1,1568037,0,1574702,0,1,0,0
493,6,1,256,1,4,4,1,2,3,1894902,1895183,1535,1020,1893882,1918,1,1886867,0,1893532,0,1,0,0
493,6,1,256,1,4,5,1,3,4,1895156,1895183,1535,1266,1893890,1918,1,1886852,0,1893517,0,1,0,0
494,6,2,256,1,4,0,0,2,2,1255245,1895102,1544,7,1255238,1918,1,1248356,0,1255021,0,1,0,0
494,6,2,256,1,4,1,0,3,3,1256718,1895102,1544,121,1256597,1918,1,1249010,0,1255675,0,1,0,0
494,6,2,256,1,4,2,1,0,1,1257965,1895102,1544,444,1257521,1918,1,1250164,0,1256829,0,1,0,0
494,6,2,256,1,4,3,1,1,2,1575983,1895102,1544,775,1575208,1918,1,1567939,0,1574604,0,1,0,0
494,6,2,256,1,4,4,1,2,3,1894818,1895102,1544,1030,1893788,1918,1,1886773,0,1893438,0,1,0,0
494,6,2,256,1,4,5,1,3,4,1895075,1895102,1544,1275,1893800,1918,1,1886759,0,1893424,0,1,0,0
495,6,3,256,1,4,0,0,2,2,1255208,1895159,1543,7,1255201,1918,1,1248319,0,1254984,0,1,0,0
495,6,3,256,1,4,1,0,3,3,1256689,1895159,1543,121,1256568,1918,1,1248970,0,1255635,0,1,0,0
495,6,3,256,1,4,2,1,0,1,1257960,1895159,1543,446,1257514,1918,1,1250145,0,1256810,0,1,0,0
495,6,3,256,1,4,3,1,1,2,1576025,1895159,1543,765,1575260,1918,1,1567990,0,1574655,0,1,0,0
495,6,3,256,1,4,4,1,2,3,1894878,1895159,1543,1020,1893858,1918,1,1886844,0,1893509,0,1,0,0
495,6,3,256,1,4,5,1,3,4,1895132,1895159,1543,1265,1893867,1918,1,1886820,0,1893485,0,1,0,0
496,8,1,256,1,4,0,0,2,2,1253585,2525408,2055,7,1253578,2003,1,1246696,0,1253361,0,1,0,0
496,8,1,256,1,4,1,0,3,3,1255559,2525408,2055,121,1255438,2003,1,1247362,0,1254027,0,1,0,0
496,8,1,256,1,4,2,1,0,1,1573575,2525408,2055,444,1573131,2003,1,1565794,0,1572459,0,1,0,0
496,8,1,256,1,4,3,1,1,2,2205808,2525408,2055,763,2205045,2003,1,2197999,0,2204664,0,1,0,0
496,8,1,256,1,4,4,1,2,3,2525102,2525408,2055,1039,2524063,2003,1,2517048,0,2523713,0,1,0,0
496,8,1,256,1,4,5,1,3,4,2525356,2525408,2055,1284,2524072,2003,1,2517032,0,2523697,0,1,0,0
496,8,1,256,1,4,6,2,0,2,2206538,2525408,2055,1549,2204989,2003,1,2197000,0,2203665,0,1,0,0
496,8,1,256,1,4,7,2,1,3,2206788,2525408,2055,1789,2204999,2003,1,2197233,0,2203898,0,1,0,0
497,8,2,256,1,4,0,0,2,2,1253478,2525306,2042,7,1253471,2003,1,1246589,0,1253254,0,1,0,0
497,8,2,256,1,4,1,0,3,3,1255463,2525306,2042,121,1255342,2003,1,1247240,0,1253905,0,1,0,0
497,8,2,256,1,4,2,1,0,1,1573483,2525306,2042,459,1573024,2003,1,1565701,0,1572366,0,1,0,0
497,8,2,256,1,4,3,1,1,2,2205697,2525306,2042,765,2204932,2003,1,2197909,0,2204574,0,1,0,0
497,8,2,256,1,4,4,1,2,3,2525000,2525306,2042,1020,2523980,2003,1,2516957,0,2523622,0,1,0,0
497,8,2,256,1,4,5,1,3,4,2525254,2525306,2042,1273,2523981,2003,1,2516943,0,2523608,0,1,0,0
497,8,2,256,1,4,6,2,0,2,2206428,2525306,2042,1536,2204892,2003,1,2196904,0,2203569,0,1,0,0
497,8,2,256,1,4,7,2,1,3,2206678,2525306,2042,1776,2204902,2003,1,2197137,0,2203802,0,1,0,0
498,8,3,256,1,4,0,0,2,2,1253428,2525167,2052,7,1253421,2003,1,1246539,0,1253204,0,1,0,0
498,8,3,256,1,4,1,0,3,3,1255402,2525167,2052,121,1255281,2003,1,1247202,0,1253867,0,1,0,0
498,8,3,256,1,4,2,1,0,1,1573302,2525167,2052,446,1572856,2003,1,1565519,0,1572184,0,1,0,0
498,8,3,256,1,4,3,1,1,2,2205545,2525167,2052,765,2204780,2003,1,2197757,0,2204422,0,1,0,0
498,8,3,256,1,4,4,1,2,3,2524861,2525167,2052,1020,2523841,2003,1,2516807,0,2523472,0,1,0,0
498,8,3,256,1,4,5,1,3,4,2525115,2525167,2052,1284,2523831,2003,1,2516793,0,2523458,0,1,0,0
498,8,3,256,1,4,6,2,0,2,2206276,2525167,2052,1547,2204729,2003,1,2196742,0,2203407,0,1,0,0
498,8,3,256,1,4,7,2,1,3,2206527,2525167,2052,1786,2204741,2003,1,2196975,0,2203640,0,1,0,0
499,10,1,256,1,4,0,0,2,2,1253971,3141217,2551,7,1253964,2187,1,1245118,0,1251783,0,1,0,0
499,10,1,256,1,4,1,0,3,3,1254215,3141217,2551,121,1254094,2187,1,1245756,0,1252421,0,1,0,0
499,10,1,256,1,4,2,1,0,1,1571841,3141217,2551,456,1571385,2187,1,1563298,0,1569963,0,1,0,0
499,10,1,256,1,4,3,1,1,2,2201068,3141217,2551,775,2200293,2187,1,2192038,0,2198703,0,1,0,0
499,10,1,256,1,4,4,1,2,3,2822704,3141217,2551,1030,2821674,2187,1,2814423,0,2821088,0,1,0,0
499,10,1,256,1,4,5,1,3,4,2822963,3141217,2551,1276,2821687,2187,1,2814635,0,2821300,0,1,0,0
499,10,1,256,1,4,6,2,0,2,2201801,3141217,2551,1539,2200262,2187,1,2192521,0,2199186,0,1,0,0
499,10,1,256,1,4,7,2,1,3,2823930,3141217,2551,1778,2822152,2187,1,2814872,0,2821537,0,1,0,0
499,10,1,256,1,4,8,2,2,4,3140937,3141217,2551,2046,3138891,2187,1,3131875,0,3138540,0,1,0,0
499,10,1,256,1,4,9,2,3,5,3141190,3141217,2551,2290,3138900,2187,1,3131869,0,3138534,0,1,0,0
500,10,2,256,1,4,0,0,2,2,1253863,3141267,2553,7,1253856,2187,1,1245011,0,1251676,0,1,0,0
500,10,2,256,1,4,1,0,3,3,1254108,3141267,2553,121,1253987,2187,1,1245657,0,1252322,0,1,0,0
500,10,2,256,1,4,2,1,0,1,1571768,3141267,2553,446,1571322,2187,1,1563246,0,1569911,0,1,0,0
500,10,2,256,1,4,3,1,1,2,2201089,3141267,2553,765,2200324,2187,1,2192070,0,2198735,0,1,0,0
500,10,2,256,1,4,4,1,2,3,2822734,3141267,2553,1020,2821714,2187,1,2814463,0,2821128,0,1,0,0
500,10,2,256,1,4,5,1,3,4,2822979,3141267,2553,1265,2821714,2187,1,2814676,0,2821341,0,1,0,0
500,10,2,256,1,4,6,2,0,2,2201821,3141267,2553,1528,2200293,2187,1,2192551,0,2199216,0,1,0,0
500,10,2,256,1,4,7,2,1,3,2823956,3141267,2553,1768,2822188,2187,1,2814918,0,2821583,0,1,0,0
500,10,2,256,1,4,8,2,2,4,3140986,3141267,2553,2028,3138958,2187,1,3131942,0,3138607,0,1,0,0
500,10,2,256,1,4,9,2,3,5,3141240,3141267,2553,2272,3138968,2187,1,3131916,0,3138581,0,1,0,0
501,10,3,256,1,4,0,0,2,2,1253865,3141245,2533,7,1253858,2187,1,1244984,0,1251649,0,1,0,0
501,10,3,256,1,4,1,0,3,3,1254109,3141245,2533,121,1253988,2187,1,1245656,0,1252321,0,1,0,0
501,10,3,256,1,4,2,1,0,1,1571701,3141245,2533,446,1571255,2187,1,1563179,0,1569844,0,1,0,0
501,10,3,256,1,4,3,1,1,2,2201163,3141245,2533,765,2200398,2187,1,2192143,0,2198808,0,1,0,0
501,10,3,256,1,4,4,1,2,3,2822756,3141245,2533,1020,2821736,2187,1,2814486,0,2821151,0,1,0,0
501,10,3,256,1,4,5,1,3,4,2823001,3141245,2533,1265,2821736,2187,1,2814697,0,2821362,0,1,0,0
501,10,3,256,1,4,6,2,0,2,2201896,3141245,2533,1529,2200367,2187,1,2192625,0,2199290,0,1,0,0
501,10,3,256,1,4,7,2,1,3,2823979,3141245,2533,1769,2822210,2187,1,2814939,0,2821604,0,1,0,0
501,10,3,256,1,4,8,2,2,4,3140965,3141245,2533,2029,3138936,2187,1,3131921,0,3138586,0,1,0,0
501,10,3,256,1,4,9,2,3,5,3141218,3141245,2533,2272,3138946,2187,1,3131915,0,3138580,0,1,0,0
502,13,1,256,1,4,0,0,2,2,1253649,4072295,3287,7,1253642,2115,1,1244304,0,1250969,0,1,0,0
502,13,1,256,1,4,1,0,3,3,1253903,4072295,3287,121,1253782,2115,1,1244934,0,1251599,0,1,0,0
502,13,1,256,1,4,2,1,0,1,1573253,4072295,3287,462,1572791,2115,1,1563270,0,1569935,0,1,0,0
502,13,1,256,1,4,3,1,1,2,2198183,4072295,3287,765,2197418,2115,1,2189897,0,2196562,0,1,0,0
502,13,1,256,1,4,4,1,2,3,2821005,4072295,3287,1023,2819982,2115,1,2812485,0,2819150,0,1,0,0
502,13,1,256,1,4,5,1,3,4,2821259,4072295,3287,1274,2819985,2115,1,2812698,0,2819363,0,1,0,0
502,13,1,256,1,4,6,2,0,2,2821493,4072295,3287,1537,2819956,2115,1,2811737,0,2818402,0,1,0,0
502,13,1,256,1,4,7,2,1,3,3449537,4072295,3287,1777,3447760,2115,1,3439999,0,3446664,0,1,0,0
502,13,1,256,1,4,8,2,2,4,4071657,4072295,3287,2037,4069620,2115,1,4062337,0,4069002,0,1,0,0
502,13,1,256,1,4,9,2,3,5,4071891,4072295,3287,2293,4069598,2115,1,4062566,0,4069231,0,1,0,0
502,13,1,256,1,4,10,3,0,3,3450257,4072295,3287,2549,3447708,2115,1,3439495,0,3446160,0,1,0,0
502,13,1,256,1,4,11,3,1,4,4072126,4072295,3287,2789,4069337,2115,1,4061839,0,4068504,0,1,0,0
502,13,1,256,1,4,12,3,2,5,4072268,4072295,3287,3036,4069232,2115,1,4062075,0,4068740,0,1,0,0
503,13,2,256,1,4,0,0,2,2,1253910,4072537,3286,7,1253903,2115,1,1244561,0,1251226,0,1,0,0
503,13,2,256,1,4,1,0,3,3,1254178,4072537,3286,121,1254057,2115,1,1245201,0,1251866,0,1,0,0
503,13,2,256,1,4,2,1,0,1,1573623,4072537,3286,455,1573168,2115,1,1563627,0,1570292,0,1,0,0
503,13,2,256,1,4,3,1,1,2,2198566,4072537,3286,774,2197792,2115,1,2190273,0,2196938,0,1,0,0
503,13,2,256,1,4,4,1,2,3,2821372,4072537,3286,1029,2820343,2115,1,2812851,0,2819516,0,1,0,0
503,13,2,256,1,4,5,1,3,4,2821626,4072537,3286,1274,2820352,2115,1,2813065,0,2819730,0,1,0,0
503,13,2,256,1,4,6,2,0,2,2821860,4072537,3286,1537,2820323,2115,1,2812104,0,2818769,0,1,0,0
503,13,2,256,1,4,7,2,1,3,3449807,4072537,3286,1777,3448030,2115,1,3440260,0,3446925,0,1,0,0
503,13,2,256,1,4,8,2,2,4,4071893,4072537,3286,2045,4069848,2115,1,4062587,0,4069252,0,1,0,0
503,13,2,256,1,4,9,2,3,5,4072137,4072537,3286,2289,4069848,2115,1,4062817,0,4069482,0,1,0,0
503,13,2,256,1,4,10,3,0,3,3450528,4072537,3286,2544,3447984,2115,1,3439770,0,3446435,0,1,0,0
503,13,2,256,1,4,11,3,1,4,4072371,4072537,3286,2784,4069587,2115,1,4062089,0,4068754,0,1,0,0
503,13,2,256,1,4,12,3,2,5,4072510,4072537,3286,3032,4069478,2115,1,4062321,0,4068986,0,1,0,0
504,13,3,256,1,4,0,0,2,2,1253706,4072254,3275,7,1253699,2115,1,1244367,0,1251032,0,1,0,0
504,13,3,256,1,4,1,0,3,3,1253959,4072254,3275,121,1253838,2115,1,1245009,0,1251674,0,1,0,0
504,13,3,256,1,4,2,1,0,1,1573285,4072254,3275,446,1572839,2115,1,1563314,0,1569979,0,1,0,0
504,13,3,256,1,4,3,1,1,2,2198151,4072254,3275,765,2197386,2115,1,2189858,0,2196523,0,1,0,0
504,13,3,256,1,4,4,1,2,3,2820968,4072254,3275,1029,2819939,2115,1,2812444,0,2819109,0,1,0,0
504,13,3,256,1,4,5,1,3,4,2821221,4072254,3275,1274,2819947,2115,1,2812660,0,2819325,0,1,0,0
504,13,3,256,1,4,6,2,0,2,2821455,4072254,3275,1537,2819918,2115,1,2811697,0,2818362,0,1,0,0
504,13,3,256,1,4,7,2,1,3,3449461,4072254,3275,1777,3447684,2115,1,3439922,0,3446587,0,1,0,0
504,13,3,256,1,4,8,2,2,4,4071618,4072254,3275,2037,4069581,2115,1,4062308,0,4068973,0,1,0,0
504,13,3,256,1,4,9,2,3,5,4071852,4072254,3275,2281,4069571,2115,1,4062540,0,4069205,0,1,0,0
504,13,3,256,1,4,10,3,0,3,3450180,4072254,3275,2536,3447644,2115,1,3439431,0,3446096,0,1,0,0
504,13,3,256,1,4,11,3,1,4,4072086,4072254,3275,2776,4069310,2115,1,4061810,0,4068475,0,1,0,0
504,13,3,256,1,4,12,3,2,5,4072227,4072254,3275,3024,4069203,2115,1,4062046,0,4068711,0,1,0,0
