run_id,idle,tile,l2_hits,l2_misses,dvfs0,dvfs1,dvfs2,dvfs3,inject_p0,inject_p1,inject_p2,inject_p3,inject_p4,inject_p5,router_p0_d0,router_p0_d1,router_p0_d2,router_p0_d3,router_p0_d4,router_p1_d0,router_p1_d1,router_p1_d2,router_p1_d3,router_p1_d4,router_p2_d0,router_p2_d1,router_p2_d2,router_p2_d3,router_p2_d4,router_p3_d0,router_p3_d1,router_p3_d2,router_p3_d3,router_p3_d4,router_p4_d0,router_p4_d1,router_p4_d2,router_p4_d3,router_p4_d4,router_p5_d0,router_p5_d1,router_p5_d2,router_p5_d3,router_p5_d4
0,1,0,0,0,0,0,0,20102937,0,0,171,0,136,0,0,0,0,0,3837,0,0,0,0,0,0,0,0,171,171,0,0,0,0,0,0,294,0,136,284,0,0,0,0,0
0,1,1,0,0,0,0,0,10051469,3837,0,0,0,1107,0,0,0,0,0,3837,0,0,0,0,0,0,0,0,0,77,0,0,0,0,0,0,71,168,162,1817,0,0,0,0,0
0,1,2,0,0,0,0,0,10051469,0,0,0,0,50,0,0,0,0,0,0,0,0,0,0,0,0,0,0,0,0,0,0,0,0,0,0,262,93,274,124,0,0,0,0,0
0,1,3,0,0,0,0,0,10051469,0,0,0,0,51,0,0,0,0,0,0,0,0,0,0,0,0,0,0,0,0,0,0,0,0,0,0,95,41,0,62,0,0,0,0,0
0,1,4,0,0,0,0,0,10051469,0,0,0,0,52,0,0,0,0,0,0,0,0,0,0,0,0,0,0,0,0,0,0,0,0,0,0,82,0,40,71,0,0,0,0,0
0,1,5,0,0,0,0,0,10051469,0,0,0,0,54,0,0,0,0,0,0,0,0,0,0,0,0,0,0,0,0,0,0,0,0,0,541,149,0,0,128,0,0,0,0,0
0,1,6,0,0,0,0,0,10051470,0,0,0,0,53,0,0,0,0,0,0,0,0,0,0,0,0,0,0,0,0,0,0,0,0,0,0,26,99,0,59,0,0,0,0,0
0,1,7,0,0,0,0,0,10051469,0,0,0,0,60,0,0,0,0,0,0,0,0,0,0,0,0,0,0,0,0,0,0,0,0,0,0,103,32,0,144,0,0,0,0,0
0,1,8,0,0,0,0,0,10051469,0,0,0,0,56,0,0,0,0,0,0,0,0,0,0,0,0,0,0,0,0,0,0,0,0,0,0,57,0,36,113,0,0,0,0,0
0,1,9,0,0,0,0,0,10051469,0,0,0,0,52,0,0,0,0,0,0,0,0,0,0,0,0,0,0,0,0,0,0,0,0,0,358,41,0,0,58,0,0,0,0,0
0,1,10,0,0,0,0,0,10051469,0,0,0,0,59,0,0,0,0,0,0,0,0,0,0,0,0,0,0,0,0,0,0,0,0,0,0,91,93,0,138,0,0,0,0,0
0,1,11,0,0,0,0,0,10051469,0,0,0,0,60,0,0,0,0,0,0,0,0,0,0,0,0,0,0,0,0,0,0,0,0,0,0,40,32,0,101,0,0,0,0,0
0,1,12,0,0,0,0,0,10051469,0,0,0,0,61,0,0,0,0,0,0,0,0,0,0,0,0,0,0,0,0,0,0,0,0,0,0,0,0,31,102,0,0,0,0,0
0,1,13,0,0,0,0,0,10051469,0,0,0,0,59,0,0,0,0,0,0,0,0,0,0,0,0,0,0,0,0,0,0,0,0,0,185,0,0,0,116,0,0,0,0,0
0,1,14,0,0,0,0,0,10051469,0,0,0,0,60,0,0,0,0,0,0,0,0,0,0,0,0,0,0,0,0,0,0,0,0,0,0,0,81,0,67,0,0,0,0,0
0,1,15,0,0,0,0,0,10051469,0,0,0,0,49,0,0,0,0,0,0,0,0,0,0,0,0,0,0,0,0,0,0,0,0,0,0,0,31,0,95,0,0,0,0,0
1,0,0,0,0,0,0,0,1348814,0,0,8196,73728,136,0,0,0,0,0,15969,0,0,0,0,0,0,0,0,8196,8196,0,0,0,73728,73728,0,294,0,136,284,0,0,0,0,114688
1,0,1,0,0,0,0,0,674407,15969,0,0,0,7243,0,0,0,0,0,15969,0,0,0,0,0,0,0,0,0,2041,0,0,0,40960,0,0,84,169,2209,14110,0,0,114688,0,0
1,0,2,0,0,0,0,0,674407,0,0,0,0,6200,114688,0,0,0,0,0,0,0,0,0,0,0,0,0,0,0,0,0,0,0,32768,0,249,2134,282,12429,0,0,0,0,114688
1,0,3,0,0,0,0,0,674407,0,0,0,0,47,0,0,0,0,0,0,0,0,0,0,0,0,0,0,0,0,0,0,0,0,0,0,92,45,0,54,0,0,0,0,0
1,0,4,0,0,0,0,0,674407,0,0,0,0,47,0,0,0,0,0,0,0,0,0,0,0,0,0,0,0,0,0,0,0,0,0,0,87,0,45,61,0,0,0,0,0
1,0,5,0,0,0,0,0,674407,0,0,0,0,47,0,0,0,0,0,0,0,0,0,0,0,0,0,0,0,0,0,0,0,0,0,537,148,0,0,109,0,0,0,0,0
1,0,6,0,0,0,0,0,674408,0,0,0,0,47,0,0,0,0,0,0,0,0,0,0,0,0,0,0,0,0,0,0,0,0,0,0,40,98,0,52,0,0,0,0,0
1,0,7,0,0,0,0,0,674407,0,0,0,0,53,0,0,0,0,0,0,0,0,0,0,0,0,0,0,0,0,0,0,0,0,0,0,104,39,0,140,0,0,0,0,0
1,0,8,0,0,0,0,0,674407,0,0,0,0,50,0,0,0,0,0,0,0,0,0,0,0,0,0,0,0,0,0,0,0,0,0,0,52,0,42,107,0,0,0,0,0
1,0,9,0,0,0,0,0,674407,0,0,0,0,47,0,0,0,0,0,0,0,0,0,0,0,0,0,0,0,0,0,0,0,0,0,365,42,0,0,53,0,0,0,0,0
1,0,10,0,0,0,0,0,674407,0,0,0,0,53,0,0,0,0,0,0,0,0,0,0,0,0,0,0,0,0,0,0,0,0,0,0,91,92,0,118,0,0,0,0,0
1,0,11,0,0,0,0,0,674407,0,0,0,0,53,0,0,0,0,0,0,0,0,0,0,0,0,0,0,0,0,0,0,0,0,0,0,40,39,0,94,0,0,0,0,0
1,0,12,0,0,0,0,0,674407,0,0,0,0,47,0,0,0,0,0,0,0,0,0,0,0,0,0,0,0,0,0,0,0,0,0,0,0,0,45,93,0,0,0,0,0
1,0,13,0,0,0,0,0,674407,0,0,0,0,53,0,0,0,0,0,0,0,0,0,0,0,0,0,0,0,0,0,0,0,0,0,178,0,0,0,109,0,0,0,0,0
1,0,14,0,0,0,0,0,674407,0,0,0,0,53,0,0,0,0,0,0,0,0,0,0,0,0,0,0,0,0,0,0,0,0,0,0,0,80,0,60,0,0,0,0,0
1,0,15,0,0,0,0,0,674407,0,0,0,0,41,0,0,0,0,0,0,0,0,0,0,0,0,0,0,0,0,0,0,0,0,0,0,0,39,0,88,0,0,0,0,0
2,0,0,0,0,0,0,0,1348790,0,0,8196,73728,136,0,0,0,0,0,15972,0,0,0,0,0,0,0,0,8196,8196,0,0,0,73728,73728,0,294,0,136,284,0,0,0,0,114688
2,0,1,0,0,0,0,0,674395,15972,0,0,0,7231,0,0,0,0,0,15972,0,0,0,0,0,0,0,0,0,2043,0,0,0,40959,0,0,76,172,2226,14104,0,0,114688,0,0
2,0,2,0,0,0,0,0,674395,0,0,0,0,6195,114688,0,0,0,0,0,0,0,0,0,0,0,0,0,0,0,0,0,0,0,32769,0,255,2139,267,12416,0,0,0,0,114688
2,0,3,0,0,0,0,0,674395,0,0,0,0,47,0,0,0,0,0,0,0,0,0,0,0,0,0,0,0,0,0,0,0,0,0,0,100,45,0,61,0,0,0,0,0
2,0,4,0,0,0,0,0,674395,0,0,0,0,47,0,0,0,0,0,0,0,0,0,0,0,0,0,0,0,0,0,0,0,0,0,0,87,0,45,70,0,0,0,0,0
2,0,5,0,0,0,0,0,674395,0,0,0,0,47,0,0,0,0,0,0,0,0,0,0,0,0,0,0,0,0,0,0,0,0,0,526,148,0,0,117,0,0,0,0,0
2,0,6,0,0,0,0,0,674395,0,0,0,0,47,0,0,0,0,0,0,0,0,0,0,0,0,0,0,0,0,0,0,0,0,0,0,34,98,0,52,0,0,0,0,0
2,0,7,0,0,0,0,0,674395,0,0,0,0,53,0,0,0,0,0,0,0,0,0,0,0,0,0,0,0,0,0,0,0,0,0,0,104,39,0,132,0,0,0,0,0
2,0,8,0,0,0,0,0,674395,0,0,0,0,50,0,0,0,0,0,0,0,0,0,0,0,0,0,0,0,0,0,0,0,0,0,0,52,0,42,107,0,0,0,0,0
2,0,9,0,0,0,0,0,674395,0,0,0,0,47,0,0,0,0,0,0,0,0,0,0,0,0,0,0,0,0,0,0,0,0,0,376,42,0,0,53,0,0,0,0,0
2,0,10,0,0,0,0,0,674395,0,0,0,0,53,0,0,0,0,0,0,0,0,0,0,0,0,0,0,0,0,0,0,0,0,0,0,89,92,0,126,0,0,0,0,0
2,0,11,0,0,0,0,0,674395,0,0,0,0,53,0,0,0,0,0,0,0,0,0,0,0,0,0,0,0,0,0,0,0,0,0,0,40,39,0,94,0,0,0,0,0
2,0,12,0,0,0,0,0,674395,0,0,0,0,47,0,0,0,0,0,0,0,0,0,0,0,0,0,0,0,0,0,0,0,0,0,0,0,0,45,93,0,0,0,0,0
2,0,13,0,0,0,0,0,674395,0,0,0,0,53,0,0,0,0,0,0,0,0,0,0,0,0,0,0,0,0,0,0,0,0,0,167,0,0,0,109,0,0,0,0,0
2,0,14,0,0,0,0,0,674394,0,0,0,0,53,0,0,0,0,0,0,0,0,0,0,0,0,0,0,0,0,0,0,0,0,0,0,0,91,0,62,0,0,0,0,0
2,0,15,0,0,0,0,0,674395,0,0,0,0,52,0,0,0,0,0,0,0,0,0,0,0,0,0,0,0,0,0,0,0,0,0,0,0,28,0,99,0,0,0,0,0
3,0,0,0,0,0,0,0,1348831,0,0,8196,73728,136,0,0,0,0,0,15972,0,0,0,0,0,0,0,0,8196,8196,0,0,0,73728,73728,0,294,0,136,284,0,0,0,0,114688
3,0,1,0,0,0,0,0,674416,15972,0,0,0,7237,0,0,0,0,0,15972,0,0,0,0,0,0,0,0,0,2043,0,0,0,40960,0,0,84,170,2214,14099,0,0,114688,0,0
3,0,2,0,0,0,0,0,674416,0,0,0,0,6195,114688,0,0,0,0,0,0,0,0,0,0,0,0,0,0,0,0,0,0,0,32768,0,249,2139,282,12419,0,0,0,0,114688
3,0,3,0,0,0,0,0,674416,0,0,0,0,47,0,0,0,0,0,0,0,0,0,0,0,0,0,0,0,0,0,0,0,0,0,0,92,45,0,54,0,0,0,0,0
3,0,4,0,0,0,0,0,674416,0,0,0,0,47,0,0,0,0,0,0,0,0,0,0,0,0,0,0,0,0,0,0,0,0,0,0,87,0,45,61,0,0,0,0,0
3,0,5,0,0,0,0,0,674416,0,0,0,0,47,0,0,0,0,0,0,0,0,0,0,0,0,0,0,0,0,0,0,0,0,0,537,148,0,0,109,0,0,0,0,0
3,0,6,0,0,0,0,0,674417,0,0,0,0,47,0,0,0,0,0,0,0,0,0,0,0,0,0,0,0,0,0,0,0,0,0,0,40,98,0,52,0,0,0,0,0
3,0,7,0,0,0,0,0,674416,0,0,0,0,53,0,0,0,0,0,0,0,0,0,0,0,0,0,0,0,0,0,0,0,0,0,0,104,39,0,140,0,0,0,0,0
3,0,8,0,0,0,0,0,674416,0,0,0,0,50,0,0,0,0,0,0,0,0,0,0,0,0,0,0,0,0,0,0,0,0,0,0,52,0,42,107,0,0,0,0,0
3,0,9,0,0,0,0,0,674416,0,0,0,0,47,0,0,0,0,0,0,0,0,0,0,0,0,0,0,0,0,0,0,0,0,0,365,42,0,0,53,0,0,0,0,0
3,0,10,0,0,0,0,0,674416,0,0,0,0,53,0,0,0,0,0,0,0,0,0,0,0,0,0,0,0,0,0,0,0,0,0,0,91,92,0,118,0,0,0,0,0
3,0,11,0,0,0,0,0,674416,0,0,0,0,53,0,0,0,0,0,0,0,0,0,0,0,0,0,0,0,0,0,0,0,0,0,0,40,39,0,94,0,0,0,0,0
3,0,12,0,0,0,0,0,674416,0,0,0,0,47,0,0,0,0,0,0,0,0,0,0,0,0,0,0,0,0,0,0,0,0,0,0,0,0,45,93,0,0,0,0,0
3,0,13,0,0,0,0,0,674416,0,0,0,0,53,0,0,0,0,0,0,0,0,0,0,0,0,0,0,0,0,0,0,0,0,0,178,0,0,0,109,0,0,0,0,0
3,0,14,0,0,0,0,0,674416,0,0,0,0,53,0,0,0,0,0,0,0,0,0,0,0,0,0,0,0,0,0,0,0,0,0,0,0,80,0,60,0,0,0,0,0
3,0,15,0,0,0,0,0,674416,0,0,0,0,41,0,0,0,0,0,0,0,0,0,0,0,0,0,0,0,0,0,0,0,0,0,0,0,39,0,88,0,0,0,0,0
4,0,0,0,0,0,0,0,1425944,0,0,9368,147456,136,0,0,0,0,0,17736,0,0,0,0,0,0,0,0,9368,9368,0,0,0,147456,147456,0,294,0,136,284,0,0,0,0,229376
4,0,1,0,0,0,0,0,712972,17736,0,0,0,7349,0,0,0,0,0,17736,0,0,0,0,0,0,0,0,0,6307,0,0,0,74795,0,0,76,172,3281,12211,0,0,114689,0,0
4,0,2,0,0,0,0,0,712972,0,0,0,0,2887,114688,0,0,0,0,0,0,0,0,0,0,0,0,0,0,0,0,0,0,37221,35440,0,255,5320,3538,5955,0,0,114687,0,114688
4,0,3,0,0,0,0,0,712972,0,0,0,0,3433,114688,0,0,0,0,0,0,0,0,0,0,0,0,0,0,0,0,0,0,0,36507,0,100,1342,0,4861,0,0,0,0,114688
4,0,4,0,0,0,0,0,712972,0,0,0,0,47,0,0,0,0,0,0,0,0,0,0,0,0,0,0,0,0,0,0,0,0,0,0,87,0,45,70,0,0,0,0,0
4,0,5,0,0,0,0,0,712972,0,0,0,0,47,0,0,0,0,0,0,0,0,0,0,0,0,0,0,0,0,0,0,0,0,0,526,148,0,0,117,0,0,0,0,0
4,0,6,0,0,0,0,0,712973,0,0,0,0,47,0,0,0,0,0,0,0,0,0,0,0,0,0,0,0,0,0,0,0,0,0,0,34,98,0,52,0,0,0,0,0
4,0,7,0,0,0,0,0,712972,0,0,0,0,53,0,0,0,0,0,0,0,0,0,0,0,0,0,0,0,0,0,0,0,0,0,0,105,39,0,132,0,0,0,0,0
4,0,8,0,0,0,0,0,712972,0,0,0,0,50,0,0,0,0,0,0,0,0,0,0,0,0,0,0,0,0,0,0,0,0,0,0,52,0,42,107,0,0,0,0,0
4,0,9,0,0,0,0,0,712972,0,0,0,0,47,0,0,0,0,0,0,0,0,0,0,0,0,0,0,0,0,0,0,0,0,0,376,42,0,0,53,0,0,0,0,0
4,0,10,0,0,0,0,0,712972,0,0,0,0,53,0,0,0,0,0,0,0,0,0,0,0,0,0,0,0,0,0,0,0,0,0,0,89,92,0,126,0,0,0,0,0
4,0,11,0,0,0,0,0,712972,0,0,0,0,53,0,0,0,0,0,0,0,0,0,0,0,0,0,0,0,0,0,0,0,0,0,0,40,39,0,94,0,0,0,0,0
4,0,12,0,0,0,0,0,712972,0,0,0,0,47,0,0,0,0,0,0,0,0,0,0,0,0,0,0,0,0,0,0,0,0,0,0,0,0,45,93,0,0,0,0,0
4,0,13,0,0,0,0,0,712972,0,0,0,0,53,0,0,0,0,0,0,0,0,0,0,0,0,0,0,0,0,0,0,0,0,0,167,0,0,0,109,0,0,0,0,0
4,0,14,0,0,0,0,0,712972,0,0,0,0,53,0,0,0,0,0,0,0,0,0,0,0,0,0,0,0,0,0,0,0,0,0,0,0,91,0,62,0,0,0,0,0
4,0,15,0,0,0,0,0,712972,0,0,0,0,52,0,0,0,0,0,0,0,0,0,0,0,0,0,0,0,0,0,0,0,0,0,0,0,28,0,100,0,0,0,0,0
5,0,0,0,0,0,0,0,1425919,0,0,9368,147456,136,0,0,0,0,0,17736,0,0,0,0,0,0,0,0,9368,9368,0,0,0,147456,147456,0,294,0,136,284,0,0,0,0,229376
5,0,1,0,0,0,0,0,712960,17736,0,0,0,7344,0,0,0,0,0,17736,0,0,0,0,0,0,0,0,0,6289,0,0,0,74798,0,0,78,167,3289,12228,0,0,114688,0,0
5,0,2,0,0,0,0,0,712960,0,0,0,0,2898,114688,0,0,0,0,0,0,0,0,0,0,0,0,0,0,0,0,0,0,37230,35428,0,249,5299,3545,5957,0,0,114688,0,114688
5,0,3,0,0,0,0,0,712960,0,0,0,0,3423,114688,0,0,0,0,0,0,0,0,0,0,0,0,0,0,0,0,0,0,0,36498,0,98,1352,0,4846,0,0,0,0,114688
5,0,4,0,0,0,0,0,712960,0,0,0,0,47,0,0,0,0,0,0,0,0,0,0,0,0,0,0,0,0,0,0,0,0,0,0,87,0,45,67,0,0,0,0,0
5,0,5,0,0,0,0,0,712960,0,0,0,0,47,0,0,0,0,0,0,0,0,0,0,0,0,0,0,0,0,0,0,0,0,0,525,148,0,0,115,0,0,0,0,0
5,0,6,0,0,0,0,0,712960,0,0,0,0,47,0,0,0,0,0,0,0,0,0,0,0,0,0,0,0,0,0,0,0,0,0,0,40,98,0,52,0,0,0,0,0
5,0,7,0,0,0,0,0,712960,0,0,0,0,53,0,0,0,0,0,0,0,0,0,0,0,0,0,0,0,0,0,0,0,0,0,0,105,39,0,134,0,0,0,0,0
5,0,8,0,0,0,0,0,712960,0,0,0,0,50,0,0,0,0,0,0,0,0,0,0,0,0,0,0,0,0,0,0,0,0,0,0,52,0,42,107,0,0,0,0,0
5,0,9,0,0,0,0,0,712960,0,0,0,0,47,0,0,0,0,0,0,0,0,0,0,0,0,0,0,0,0,0,0,0,0,0,377,42,0,0,53,0,0,0,0,0
5,0,10,0,0,0,0,0,712960,0,0,0,0,53,0,0,0,0,0,0,0,0,0,0,0,0,0,0,0,0,0,0,0,0,0,0,85,92,0,124,0,0,0,0,0
5,0,11,0,0,0,0,0,712960,0,0,0,0,53,0,0,0,0,0,0,0,0,0,0,0,0,0,0,0,0,0,0,0,0,0,0,40,39,0,94,0,0,0,0,0
5,0,12,0,0,0,0,0,712960,0,0,0,0,47,0,0,0,0,0,0,0,0,0,0,0,0,0,0,0,0,0,0,0,0,0,0,0,0,45,93,0,0,0,0,0
5,0,13,0,0,0,0,0,712960,0,0,0,0,53,0,0,0,0,0,0,0,0,0,0,0,0,0,0,0,0,0,0,0,0,0,166,0,0,0,109,0,0,0,0,0
5,0,14,0,0,0,0,0,712959,0,0,0,0,53,0,0,0,0,0,0,0,0,0,0,0,0,0,0,0,0,0,0,0,0,0,0,0,92,0,66,0,0,0,0,0
5,0,15,0,0,0,0,0,712960,0,0,0,0,53,0,0,0,0,0,0,0,0,0,0,0,0,0,0,0,0,0,0,0,0,0,0,0,27,0,101,0,0,0,0,0
6,0,0,0,0,0,0,0,1426076,0,0,9368,147456,136,0,0,0,0,0,17733,0,0,0,0,0,0,0,0,9368,9368,0,0,0,147456,147456,0,294,0,136,284,0,0,0,0,229376
6,0,1,0,0,0,0,0,713038,17733,0,0,0,7333,0,0,0,0,0,17733,0,0,0,0,0,0,0,0,0,6311,0,0,0,74787,0,0,80,166,3299,12193,0,0,114688,0,0
6,0,2,0,0,0,0,0,713038,0,0,0,0,2891,114688,0,0,0,0,0,0,0,0,0,0,0,0,0,0,0,0,0,0,37222,35447,0,249,5323,3533,5952,0,0,114688,0,114688
6,0,3,0,0,0,0,0,713038,0,0,0,0,3440,114688,0,0,0,0,0,0,0,0,0,0,0,0,0,0,0,0,0,0,0,36506,0,96,1335,0,4877,0,0,0,0,114688
6,0,4,0,0,0,0,0,713038,0,0,0,0,47,0,0,0,0,0,0,0,0,0,0,0,0,0,0,0,0,0,0,0,0,0,0,87,0,45,65,0,0,0,0,0
6,0,5,0,0,0,0,0,713038,0,0,0,0,47,0,0,0,0,0,0,0,0,0,0,0,0,0,0,0,0,0,0,0,0,0,525,148,0,0,113,0,0,0,0,0
6,0,6,0,0,0,0,0,713039,0,0,0,0,47,0,0,0,0,0,0,0,0,0,0,0,0,0,0,0,0,0,0,0,0,0,0,40,98,0,52,0,0,0,0,0
6,0,7,0,0,0,0,0,713038,0,0,0,0,53,0,0,0,0,0,0,0,0,0,0,0,0,0,0,0,0,0,0,0,0,0,0,105,39,0,136,0,0,0,0,0
6,0,8,0,0,0,0,0,713038,0,0,0,0,50,0,0,0,0,0,0,0,0,0,0,0,0,0,0,0,0,0,0,0,0,0,0,52,0,42,107,0,0,0,0,0
6,0,9,0,0,0,0,0,713038,0,0,0,0,47,0,0,0,0,0,0,0,0,0,0,0,0,0,0,0,0,0,0,0,0,0,377,42,0,0,53,0,0,0,0,0
6,0,10,0,0,0,0,0,713038,0,0,0,0,53,0,0,0,0,0,0,0,0,0,0,0,0,0,0,0,0,0,0,0,0,0,0,87,92,0,122,0,0,0,0,0
6,0,11,0,0,0,0,0,713038,0,0,0,0,53,0,0,0,0,0,0,0,0,0,0,0,0,0,0,0,0,0,0,0,0,0,0,40,39,0,94,0,0,0,0,0
6,0,12,0,0,0,0,0,713038,0,0,0,0,47,0,0,0,0,0,0,0,0,0,0,0,0,0,0,0,0,0,0,0,0,0,0,0,0,45,93,0,0,0,0,0
6,0,13,0,0,0,0,0,713038,0,0,0,0,53,0,0,0,0,0,0,0,0,0,0,0,0,0,0,0,0,0,0,0,0,0,166,0,0,0,109,0,0,0,0,0
6,0,14,0,0,0,0,0,713038,0,0,0,0,53,0,0,0,0,0,0,0,0,0,0,0,0,0,0,0,0,0,0,0,0,0,0,0,92,0,64,0,0,0,0,0
6,0,15,0,0,0,0,0,713038,0,0,0,0,53,0,0,0,0,0,0,0,0,0,0,0,0,0,0,0,0,0,0,0,0,0,0,0,27,0,101,0,0,0,0,0
7,0,0,0,0,0,0,0,2496200,0,0,17048,294912,136,0,0,0,0,0,29268,0,0,0,0,0,0,0,0,17048,17048,0,73728,0,221184,294912,0,4557,0,136,284,0,0,0,0,2056441
7,0,1,0,0,0,0,0,1248100,29268,0,0,0,12376,0,0,0,0,0,29268,0,0,0,0,0,0,0,0,0,8413,0,36860,0,73239,0,0,1505,1648,3031,21583,0,0,133175,0,0
7,0,2,0,0,0,0,0,1248100,0,0,0,0,2573,114688,0,0,0,0,0,0,0,0,0,0,0,0,0,0,0,0,0,0,37013,37204,0,249,4352,3421,5170,0,0,128306,0,111316
7,0,3,0,0,0,0,0,1248100,0,0,0,0,2573,114688,0,0,0,0,0,0,0,0,0,0,0,0,0,0,0,0,0,0,0,36715,0,95,1780,0,3701,0,0,2808,0,114677
7,0,4,0,0,0,0,0,1248100,0,0,0,0,2990,114688,0,0,0,0,0,0,0,0,0,0,0,0,0,0,0,0,0,0,0,36653,0,87,0,1363,4490,119795,0,0,0,103543
7,0,5,0,0,0,0,0,1248100,0,0,0,0,2951,114688,0,0,0,0,0,0,0,0,0,0,0,0,0,0,0,0,0,0,0,36868,4825,148,0,2,5855,0,0,12826,0,110970
7,0,6,0,0,0,0,0,1248101,0,0,0,0,47,0,0,0,0,0,0,0,0,0,0,0,0,0,0,0,0,0,0,0,0,0,0,40,98,0,52,0,0,0,0,0
7,0,7,0,0,0,0,0,1248100,0,0,0,0,53,0,0,0,0,0,0,0,0,0,0,0,0,0,0,0,0,0,0,0,0,0,0,107,39,0,137,0,0,0,0,0
7,0,8,0,0,0,0,0,1248100,0,0,0,0,50,0,0,0,0,0,0,0,0,0,0,0,0,0,0,0,0,0,0,0,0,0,0,52,0,42,107,0,0,0,0,0
7,0,9,0,0,0,0,0,1248100,0,0,0,0,47,0,0,0,0,0,0,0,0,0,0,0,0,0,0,0,0,0,0,0,0,0,375,42,0,0,53,0,0,0,0,0
7,0,10,0,0,0,0,0,1248100,0,0,0,0,53,0,0,0,0,0,0,0,0,0,0,0,0,0,0,0,0,0,0,0,0,0,0,88,92,0,121,0,0,0,0,0
7,0,11,0,0,0,0,0,1248100,0,0,0,0,53,0,0,0,0,0,0,0,0,0,0,0,0,0,0,0,0,0,0,0,0,0,0,40,39,0,94,0,0,0,0,0
7,0,12,0,0,0,0,0,1248100,0,0,0,0,47,0,0,0,0,0,0,0,0,0,0,0,0,0,0,0,0,0,0,0,0,0,0,0,0,45,93,0,0,0,0,0
7,0,13,0,0,0,0,0,1248100,0,0,0,0,53,0,0,0,0,0,0,0,0,0,0,0,0,0,0,0,0,0,0,0,0,0,168,0,0,0,109,0,0,0,0,0
7,0,14,0,0,0,0,0,1248100,0,0,0,0,53,0,0,0,0,0,0,0,0,0,0,0,0,0,0,0,0,0,0,0,0,0,0,0,90,0,63,0,0,0,0,0
7,0,15,0,0,0,0,0,1248100,0,0,0,0,51,0,0,0,0,0,0,0,0,0,0,0,0,0,0,0,0,0,0,0,0,0,0,0,29,0,101,0,0,0,0,0
8,0,0,0,0,0,0,0,2495498,0,0,17056,294912,136,0,0,0,0,0,29277,0,0,0,0,0,0,0,0,17056,17056,0,73728,0,221184,294912,0,4559,0,136,284,0,0,0,0,2054247
8,0,1,0,0,0,0,0,1247749,29277,0,0,0,12403,0,0,0,0,0,29277,0,0,0,0,0,0,0,0,0,8429,0,36898,0,73188,0,0,1521,1657,2987,21560,0,0,132136,0,0
8,0,2,0,0,0,0,0,1247749,0,0,0,0,2584,114688,0,0,0,0,0,0,0,0,0,0,0,0,0,0,0,0,0,0,37070,37198,0,249,4357,3471,5180,0,0,128514,0,111296
8,0,3,0,0,0,0,0,1247749,0,0,0,0,2587,114688,0,0,0,0,0,0,0,0,0,0,0,0,0,0,0,0,0,0,0,36658,0,95,1767,0,3668,0,0,2630,0,114688
8,0,4,0,0,0,0,0,1247749,0,0,0,0,3036,114688,0,0,0,0,0,0,0,0,0,0,0,0,0,0,0,0,0,0,0,36659,0,87,0,1319,4546,119752,0,0,0,103477
8,0,5,0,0,0,0,0,1247749,0,0,0,0,2947,114688,0,0,0,0,0,0,0,0,0,0,0,0,0,0,0,0,0,0,0,36830,4878,148,0,1,5837,0,0,12779,0,111142
8,0,6,0,0,0,0,0,1247749,0,0,0,0,47,0,0,0,0,0,0,0,0,0,0,0,0,0,0,0,0,0,0,0,0,0,0,40,98,1,52,0,0,0,0,0
8,0,7,0,0,0,0,0,1247749,0,0,0,0,53,0,0,0,0,0,0,0,0,0,0,0,0,0,0,0,0,0,0,0,0,0,0,106,39,0,137,0,0,0,0,0
8,0,8,0,0,0,0,0,1247749,0,0,0,0,50,0,0,0,0,0,0,0,0,0,0,0,0,0,0,0,0,0,0,0,0,0,0,52,0,42,107,0,0,0,0,0
8,0,9,0,0,0,0,0,1247749,0,0,0,0,47,0,0,0,0,0,0,0,0,0,0,0,0,0,0,0,0,0,0,0,0,0,375,42,0,0,53,0,0,0,0,0
8,0,10,0,0,0,0,0,1247749,0,0,0,0,53,0,0,0,0,0,0,0,0,0,0,0,0,0,0,0,0,0,0,0,0,0,0,88,92,0,121,0,0,0,0,0
8,0,11,0,0,0,0,0,1247749,0,0,0,0,53,0,0,0,0,0,0,0,0,0,0,0,0,0,0,0,0,0,0,0,0,0,0,41,39,0,94,0,0,0,0,0
8,0,12,0,0,0,0,0,1247749,0,0,0,0,47,0,0,0,0,0,0,0,0,0,0,0,0,0,0,0,0,0,0,0,0,0,0,0,0,45,93,0,0,0,0,0
8,0,13,0,0,0,0,0,1247749,0,0,0,0,53,0,0,0,0,0,0,0,0,0,0,0,0,0,0,0,0,0,0,0,0,0,168,0,0,0,109,0,0,0,0,0
8,0,14,0,0,0,0,0,1247748,0,0,0,0,53,0,0,0,0,0,0,0,0,0,0,0,0,0,0,0,0,0,0,0,0,0,0,0,90,0,63,0,0,0,0,0
8,0,15,0,0,0,0,0,1247749,0,0,0,0,51,0,0,0,0,0,0,0,0,0,0,0,0,0,0,0,0,0,0,0,0,0,0,0,29,0,100,0,0,0,0,0
9,0,0,0,0,0,0,0,2495401,0,0,17056,294912,136,0,0,0,0,0,29280,0,0,0,0,0,0,0,0,17056,17056,0,73728,0,221184,294912,0,4559,0,136,284,0,0,0,0,2053920
9,0,1,0,0,0,0,0,1247701,29280,0,0,0,12403,0,0,0,0,0,29280,0,0,0,0,0,0,0,0,0,8428,0,36897,0,73193,0,0,1520,1655,2990,21569,0,0,132063,0,0
9,0,2,0,0,0,0,0,1247701,0,0,0,0,2589,114688,0,0,0,0,0,0,0,0,0,0,0,0,0,0,0,0,0,0,37066,37197,0,249,4354,3469,5184,0,0,128480,0,111294
9,0,3,0,0,0,0,0,1247701,0,0,0,0,2589,114688,0,0,0,0,0,0,0,0,0,0,0,0,0,0,0,0,0,0,0,36662,0,95,1765,0,3672,0,0,2622,0,114688
9,0,4,0,0,0,0,0,1247701,0,0,0,0,3032,114688,0,0,0,0,0,0,0,0,0,0,0,0,0,0,0,0,0,0,0,36666,0,87,0,1323,4538,119772,0,0,0,103474
9,0,5,0,0,0,0,0,1247701,0,0,0,0,2949,114688,0,0,0,0,0,0,0,0,0,0,0,0,0,0,0,0,0,0,0,36831,4872,148,0,1,5840,0,0,12763,0,111155
9,0,6,0,0,0,0,0,1247702,0,0,0,0,47,0,0,0,0,0,0,0,0,0,0,0,0,0,0,0,0,0,0,0,0,0,0,40,98,1,52,0,0,0,0,0
9,0,7,0,0,0,0,0,1247701,0,0,0,0,53,0,0,0,0,0,0,0,0,0,0,0,0,0,0,0,0,0,0,0,0,0,0,106,39,0,137,0,0,0,0,0
9,0,8,0,0,0,0,0,1247701,0,0,0,0,50,0,0,0,0,0,0,0,0,0,0,0,0,0,0,0,0,0,0,0,0,0,0,52,0,42,107,0,0,0,0,0
9,0,9,0,0,0,0,0,1247701,0,0,0,0,47,0,0,0,0,0,0,0,0,0,0,0,0,0,0,0,0,0,0,0,0,0,375,42,0,0,53,0,0,0,0,0
9,0,10,0,0,0,0,0,1247701,0,0,0,0,53,0,0,0,0,0,0,0,0,0,0,0,0,0,0,0,0,0,0,0,0,0,0,88,92,0,121,0,0,0,0,0
9,0,11,0,0,0,0,0,1247701,0,0,0,0,53,0,0,0,0,0,0,0,0,0,0,0,0,0,0,0,0,0,0,0,0,0,0,41,39,0,94,0,0,0,0,0
9,0,12,0,0,0,0,0,1247701,0,0,0,0,47,0,0,0,0,0,0,0,0,0,0,0,0,0,0,0,0,0,0,0,0,0,0,0,0,45,93,0,0,0,0,0
9,0,13,0,0,0,0,0,1247701,0,0,0,0,53,0,0,0,0,0,0,0,0,0,0,0,0,0,0,0,0,0,0,0,0,0,168,0,0,0,109,0,0,0,0,0
9,0,14,0,0,0,0,0,1247701,0,0,0,0,53,0,0,0,0,0,0,0,0,0,0,0,0,0,0,0,0,0,0,0,0,0,0,0,90,0,63,0,0,0,0,0
9,0,15,0,0,0,0,0,1247701,0,0,0,0,51,0,0,0,0,0,0,0,0,0,0,0,0,0,0,0,0,0,0,0,0,0,0,0,29,0,100,0,0,0,0,0
10,0,0,0,0,0,0,0,3553014,0,0,25058,442368,136,0,0,0,0,0,41295,0,0,0,0,0,0,0,0,25058,25058,0,73728,0,368640,442368,0,4635,0,136,284,0,0,0,0,3234741
10,0,1,0,0,0,0,0,1776507,41295,0,0,0,18061,0,0,0,0,0,41295,0,0,0,0,0,0,0,0,0,11709,0,36659,0,147491,0,0,1495,1647,5369,31402,0,0,299609,0,0
10,0,2,0,0,0,0,0,1776507,0,0,0,0,2369,114688,0,0,0,0,0,0,0,0,0,0,0,0,0,0,0,0,36802,0,73765,36854,0,3377,3533,5751,4760,0,0,222079,0,106824
10,0,3,0,0,0,0,0,1776507,0,0,0,0,2365,114688,0,0,0,0,0,0,0,0,0,0,0,0,0,0,0,0,36944,0,0,36747,0,1604,1171,0,3450,0,0,15539,0,113250
10,0,4,0,0,0,0,0,1776507,0,0,0,0,2933,114688,0,0,0,0,0,0,0,0,0,0,0,0,0,0,0,0,0,0,0,36935,0,87,0,1498,4432,1260979,0,0,0,85127
10,0,5,0,0,0,0,0,1776507,0,0,0,0,3125,114688,0,0,0,0,0,0,0,0,0,0,0,0,0,0,0,0,0,0,0,37069,9516,151,0,2,6380,0,0,753996,0,93744
10,0,6,0,0,0,0,0,1776507,0,0,0,0,3155,114688,0,0,0,0,0,0,0,0,0,0,0,0,0,0,0,0,0,0,0,36926,0,28,4735,1,4655,0,0,375105,0,102254
10,0,7,0,0,0,0,0,1776507,0,0,0,0,3191,114688,0,0,0,0,0,0,0,0,0,0,0,0,0,0,0,0,0,0,0,36784,0,104,1510,0,6380,0,0,47793,0,110828
10,0,8,0,0,0,0,0,1776507,0,0,0,0,50,0,0,0,0,0,0,0,0,0,0,0,0,0,0,0,0,0,0,0,0,0,0,52,0,42,107,0,0,0,0,0
10,0,9,0,0,0,0,0,1776507,0,0,0,0,48,0,0,0,0,0,0,0,0,0,0,0,0,0,0,0,0,0,0,0,0,0,376,40,0,0,53,0,0,0,0,0
10,0,10,0,0,0,0,0,1776507,0,0,0,0,52,0,0,0,0,0,0,0,0,0,0,0,0,0,0,0,0,0,0,0,0,0,0,90,88,0,130,0,0,0,0,0
10,0,11,0,0,0,0,0,1776507,0,0,0,0,48,0,0,0,0,0,0,0,0,0,0,0,0,0,0,0,0,0,0,0,0,0,0,40,44,0,94,0,0,0,0,0
10,0,12,0,0,0,0,0,1776507,0,0,0,0,49,0,0,0,0,0,0,0,0,0,0,0,0,0,0,0,0,0,0,0,0,0,0,0,0,43,95,0,0,0,0,0
10,0,13,0,0,0,0,0,1776507,0,0,0,0,55,0,0,0,0,0,0,0,0,0,0,0,0,0,0,0,0,0,0,0,0,0,170,0,0,0,113,0,0,0,0,0
10,0,14,0,0,0,0,0,1776507,0,0,0,0,52,0,0,0,0,0,0,0,0,0,0,0,0,0,0,0,0,0,0,0,0,0,0,0,88,0,60,0,0,0,0,0
10,0,15,0,0,0,0,0,1776507,0,0,0,0,48,0,0,0,0,0,0,0,0,0,0,0,0,0,0,0,0,0,0,0,0,0,0,0,32,0,100,0,0,0,0,0
11,0,0,0,0,0,0,0,3553517,0,0,25076,442368,136,0,0,0,0,0,41319,0,0,0,0,0,0,0,0,25076,25076,0,73728,0,368640,442368,0,4635,0,136,284,0,0,0,0,3235707
11,0,1,0,0,0,0,0,1776758,41319,0,0,0,18222,0,0,0,0,0,41319,0,0,0,0,0,0,0,0,0,11626,0,36694,0,147551,0,0,1533,1601,5234,31565,0,0,301479,0,0
11,0,2,0,0,0,0,0,1776758,0,0,0,0,2342,114688,0,0,0,0,0,0,0,0,0,0,0,0,0,0,0,0,36779,0,73712,36870,0,3380,3569,5870,4766,0,0,223126,0,107150
11,0,3,0,0,0,0,0,1776758,0,0,0,0,2362,114688,0,0,0,0,0,0,0,0,0,0,0,0,0,0,0,0,36970,0,0,36774,0,1507,1186,0,3435,0,0,16247,0,113289
11,0,4,0,0,0,0,0,1776758,0,0,0,0,2969,114688,0,0,0,0,0,0,0,0,0,0,0,0,0,0,0,0,0,0,0,36883,0,87,0,1462,4423,1261767,0,0,0,85150
11,0,5,0,0,0,0,0,1776758,0,0,0,0,3152,114688,0,0,0,0,0,0,0,0,0,0,0,0,0,0,0,0,0,0,0,37034,9496,150,0,1,6368,0,0,754052,0,93449
11,0,6,0,0,0,0,0,1776758,0,0,0,0,3135,114688,0,0,0,0,0,0,0,0,0,0,0,0,0,0,0,0,0,0,0,36949,0,39,4756,1,4619,0,0,372039,0,102577
11,0,7,0,0,0,0,0,1776758,0,0,0,0,3193,114688,0,0,0,0,0,0,0,0,0,0,0,0,0,0,0,0,0,0,0,36758,0,109,1506,0,6472,0,0,44877,0,110753
11,0,8,0,0,0,0,0,1776758,0,0,0,0,51,0,0,0,0,0,0,0,0,0,0,0,0,0,0,0,0,0,0,0,0,0,0,52,0,41,108,0,0,0,0,0
11,0,9,0,0,0,0,0,1776758,0,0,0,0,48,0,0,0,0,0,0,0,0,0,0,0,0,0,0,0,0,0,0,0,0,0,379,41,0,0,53,0,0,0,0,0
11,0,10,0,0,0,0,0,1776758,0,0,0,0,52,0,0,0,0,0,0,0,0,0,0,0,0,0,0,0,0,0,0,0,0,0,0,85,92,0,124,0,0,0,0,0
11,0,11,0,0,0,0,0,1776758,0,0,0,0,52,0,0,0,0,0,0,0,0,0,0,0,0,0,0,0,0,0,0,0,0,0,0,40,40,0,93,0,0,0,0,0
11,0,12,0,0,0,0,0,1776758,0,0,0,0,46,0,0,0,0,0,0,0,0,0,0,0,0,0,0,0,0,0,0,0,0,0,0,0,0,46,92,0,0,0,0,0
11,0,13,0,0,0,0,0,1776758,0,0,0,0,53,0,0,0,0,0,0,0,0,0,0,0,0,0,0,0,0,0,0,0,0,0,164,0,0,0,110,0,0,0,0,0
11,0,14,0,0,0,0,0,1776757,0,0,0,0,52,0,0,0,0,0,0,0,0,0,0,0,0,0,0,0,0,0,0,0,0,0,0,0,93,0,65,0,0,0,0,0
11,0,15,0,0,0,0,0,1776758,0,0,0,0,53,0,0,0,0,0,0,0,0,0,0,0,0,0,0,0,0,0,0,0,0,0,0,0,27,0,105,0,0,0,0,0
12,0,0,0,0,0,0,0,3554107,0,0,25086,442368,136,0,0,0,0,0,41334,0,0,0,0,0,0,0,0,25086,25086,0,73728,0,368640,442368,0,4637,0,136,284,0,0,0,0,3233369
12,0,1,0,0,0,0,0,1777053,41334,0,0,0,18169,0,0,0,0,0,41334,0,0,0,0,0,0,0,0,0,11825,0,36705,0,147684,0,0,1514,1619,5298,31445,0,0,299789,0,0
12,0,2,0,0,0,0,0,1777053,0,0,0,0,2316,114688,0,0,0,0,0,0,0,0,0,0,0,0,0,0,0,0,36769,0,73553,36906,0,3383,3613,5784,4763,0,0,222534,0,107105
12,0,3,0,0,0,0,0,1777053,0,0,0,0,2384,114688,0,0,0,0,0,0,0,0,0,0,0,0,0,0,0,0,37087,0,0,36816,0,1566,1160,0,3486,0,0,15438,0,113292
12,0,4,0,0,0,0,0,1777053,0,0,0,0,2966,114688,0,0,0,0,0,0,0,0,0,0,0,0,0,0,0,0,0,0,0,36819,0,82,0,1467,4440,1260447,0,0,0,84886
12,0,5,0,0,0,0,0,1777053,0,0,0,0,3141,114688,0,0,0,0,0,0,0,0,0,0,0,0,0,0,0,0,0,0,0,37023,9529,149,0,0,6381,0,0,757682,0,93773
12,0,6,0,0,0,0,0,1777053,0,0,0,0,3132,114688,0,0,0,0,0,0,0,0,0,0,0,0,0,0,0,0,0,0,0,36959,0,35,4762,2,4623,0,0,377797,0,102232
12,0,7,0,0,0,0,0,1777053,0,0,0,0,3190,114688,0,0,0,0,0,0,0,0,0,0,0,0,0,0,0,0,0,0,0,36641,0,104,1515,0,6420,0,0,47841,0,110739
12,0,8,0,0,0,0,0,1777053,0,0,0,0,50,0,0,0,0,0,0,0,0,0,0,0,0,0,0,0,0,0,0,0,0,0,0,57,0,42,107,0,0,0,0,0
12,0,9,0,0,0,0,0,1777053,0,0,0,0,47,0,0,0,0,0,0,0,0,0,0,0,0,0,0,0,0,0,0,0,0,0,365,41,0,0,53,0,0,0,0,0
12,0,10,0,0,0,0,0,1777053,0,0,0,0,54,0,0,0,0,0,0,0,0,0,0,0,0,0,0,0,0,0,0,0,0,0,0,88,92,0,127,0,0,0,0,0
12,0,11,0,0,0,0,0,1777053,0,0,0,0,54,0,0,0,0,0,0,0,0,0,0,0,0,0,0,0,0,0,0,0,0,0,0,45,38,0,95,0,0,0,0,0
12,0,12,0,0,0,0,0,1777053,0,0,0,0,54,0,0,0,0,0,0,0,0,0,0,0,0,0,0,0,0,0,0,0,0,0,0,0,0,38,95,0,0,0,0,0
12,0,13,0,0,0,0,0,1777053,0,0,0,0,51,0,0,0,0,0,0,0,0,0,0,0,0,0,0,0,0,0,0,0,0,0,178,0,0,0,108,0,0,0,0,0
12,0,14,0,0,0,0,0,1777053,0,0,0,0,54,0,0,0,0,0,0,0,0,0,0,0,0,0,0,0,0,0,0,0,0,0,0,0,89,0,64,0,0,0,0,0
12,0,15,0,0,0,0,0,1777053,0,0,0,0,51,0,0,0,0,0,0,0,0,0,0,0,0,0,0,0,0,0,0,0,0,0,0,0,29,0,98,0,0,0,0,0
13,0,0,0,0,0,0,0,4678810,0,0,33222,589824,136,0,0,0,0,0,53553,0,0,0,0,0,0,0,0,33222,33222,0,147456,0,442368,589824,0,8312,0,136,284,0,0,0,0,4251491
13,0,1,0,0,0,0,0,2339405,53553,0,0,0,22991,0,0,0,0,0,53553,0,0,0,0,0,0,0,0,0,15604,0,73569,0,147186,0,0,3054,2952,5741,40555,0,0,472710,0,0
13,0,2,0,0,0,0,0,2339405,0,0,0,0,1946,114688,0,0,0,0,0,0,0,0,0,0,0,0,0,0,0,0,37121,0,73737,36868,0,3626,2938,5509,3908,0,0,366372,0,102554
13,0,3,0,0,0,0,0,2339405,0,0,0,0,1948,114688,0,0,0,0,0,0,0,0,0,0,0,0,0,0,0,0,37062,0,0,36657,0,1871,989,0,2981,0,0,50304,0,111167
13,0,4,0,0,0,0,0,2339405,0,0,0,0,2542,114688,0,0,0,0,0,0,0,0,0,0,0,0,0,0,0,0,36874,0,0,36841,0,1560,0,1301,3873,1990110,0,0,0,82188
13,0,5,0,0,0,0,0,2339405,0,0,0,0,3298,114688,0,0,0,0,0,0,0,0,0,0,0,0,0,0,0,0,36855,0,0,37032,14048,3011,0,1,6673,0,0,1514046,0,88100
13,0,6,0,0,0,0,0,2339404,0,0,0,0,3546,114688,0,0,0,0,0,0,0,0,0,0,0,0,0,0,0,0,0,0,0,36607,0,40,5324,1,5361,0,0,928549,0,98251
13,0,7,0,0,0,0,0,2339405,0,0,0,0,3594,114688,0,0,0,0,0,0,0,0,0,0,0,0,0,0,0,0,0,0,0,36666,0,107,1681,0,7087,0,0,163802,0,108374
13,0,8,0,0,0,0,0,2339405,0,0,0,0,2913,114688,0,0,0,0,0,0,0,0,0,0,0,0,0,0,0,0,0,0,0,36854,0,52,0,1442,5762,720454,0,0,0,88768
13,0,9,0,0,0,0,0,2339405,0,0,0,0,2910,114688,0,0,0,0,0,0,0,0,0,0,0,0,0,0,0,0,0,0,0,36873,4640,42,0,0,4318,0,0,191514,0,105665
13,0,10,0,0,0,0,0,2339405,0,0,0,0,53,0,0,0,0,0,0,0,0,0,0,0,0,0,0,0,0,0,0,0,0,0,0,85,92,2,124,0,0,0,0,0
13,0,11,0,0,0,0,0,2339405,0,0,0,0,53,0,0,0,0,0,0,0,0,0,0,0,0,0,0,0,0,0,0,0,0,0,0,42,39,0,94,0,0,0,0,0
13,0,12,0,0,0,0,0,2339405,0,0,0,0,47,0,0,0,0,0,0,0,0,0,0,0,0,0,0,0,0,0,0,0,0,0,0,0,0,45,93,0,0,0,0,0
13,0,13,0,0,0,0,0,2339405,0,0,0,0,53,0,0,0,0,0,0,0,0,0,0,0,0,0,0,0,0,0,0,0,0,0,166,0,0,0,109,0,0,0,0,0
13,0,14,0,0,0,0,0,2339405,0,0,0,0,53,0,0,0,0,0,0,0,0,0,0,0,0,0,0,0,0,0,0,0,0,0,0,0,92,0,66,0,0,0,0,0
13,0,15,0,0,0,0,0,2339405,0,0,0,0,53,0,0,0,0,0,0,0,0,0,0,0,0,0,0,0,0,0,0,0,0,0,0,0,27,0,105,0,0,0,0,0
14,0,0,0,0,0,0,0,4679232,0,0,33230,589824,136,0,0,0,0,0,53565,0,0,0,0,0,0,0,0,33230,33230,0,147456,0,442368,589824,0,8300,0,136,284,0,0,0,0,4246566
14,0,1,0,0,0,0,0,2339616,53565,0,0,0,22996,0,0,0,0,0,53565,0,0,0,0,0,0,0,0,0,15563,0,73460,0,147433,0,0,3157,2865,5728,40645,0,0,476376,0,0
14,0,2,0,0,0,0,0,2339616,0,0,0,0,1971,114688,0,0,0,0,0,0,0,0,0,0,0,0,0,0,0,0,37058,0,73479,36942,0,3736,2873,5442,3913,0,0,367424,0,102934
14,0,3,0,0,0,0,0,2339616,0,0,0,0,1907,114688,0,0,0,0,0,0,0,0,0,0,0,0,0,0,0,0,37151,0,0,36826,0,1937,1029,0,2948,0,0,52271,0,110963
14,0,4,0,0,0,0,0,2339616,0,0,0,0,2533,114688,0,0,0,0,0,0,0,0,0,0,0,0,0,0,0,0,36848,0,0,36877,0,1485,0,1300,3851,1989433,0,0,0,82479
14,0,5,0,0,0,0,0,2339616,0,0,0,0,3304,114688,0,0,0,0,0,0,0,0,0,0,0,0,0,0,0,0,36964,0,0,37032,14036,2990,0,0,6607,0,0,1526792,0,88038
14,0,6,0,0,0,0,0,2339616,0,0,0,0,3498,114688,0,0,0,0,0,0,0,0,0,0,0,0,0,0,0,0,0,0,0,36670,0,23,5353,2,5224,0,0,949001,0,98269
14,0,7,0,0,0,0,0,2339616,0,0,0,0,3571,114688,0,0,0,0,0,0,0,0,0,0,0,0,0,0,0,0,0,0,0,36577,0,104,1710,0,7006,0,0,168683,0,108532
14,0,8,0,0,0,0,0,2339616,0,0,0,0,2906,114688,0,0,0,0,0,0,0,0,0,0,0,0,0,0,0,0,0,0,0,36880,0,52,0,1447,5828,704120,0,0,0,88940
14,0,9,0,0,0,0,0,2339616,0,0,0,0,2904,114688,0,0,0,0,0,0,0,0,0,0,0,0,0,0,0,0,0,0,0,36764,4627,42,0,2,4331,0,0,185671,0,105647
14,0,10,0,0,0,0,0,2339616,0,0,0,0,57,0,0,0,0,0,0,0,0,0,0,0,0,0,0,0,0,0,0,0,0,0,0,92,92,0,138,0,0,0,0,0
14,0,11,0,0,0,0,0,2339616,0,0,0,0,57,0,0,0,0,0,0,0,0,0,0,0,0,0,0,0,0,0,0,0,0,0,0,47,35,0,98,0,0,0,0,0
14,0,12,0,0,0,0,0,2339616,0,0,0,0,51,0,0,0,0,0,0,0,0,0,0,0,0,0,0,0,0,0,0,0,0,0,0,0,0,41,97,0,0,0,0,0
14,0,13,0,0,0,0,0,2339616,0,0,0,0,57,0,0,0,0,0,0,0,0,0,0,0,0,0,0,0,0,0,0,0,0,0,174,0,0,0,113,0,0,0,0,0
14,0,14,0,0,0,0,0,2339615,0,0,0,0,57,0,0,0,0,0,0,0,0,0,0,0,0,0,0,0,0,0,0,0,0,0,0,0,84,0,63,0,0,0,0,0
14,0,15,0,0,0,0,0,2339616,0,0,0,0,49,0,0,0,0,0,0,0,0,0,0,0,0,0,0,0,0,0,0,0,0,0,0,0,31,0,96,0,0,0,0,0
15,0,0,0,0,0,0,0,4676719,0,0,33206,589824,136,0,0,0,0,0,53529,0,0,0,0,0,0,0,0,33206,33206,0,147456,0,442368,589824,0,8306,0,136,284,0,0,0,0,4248177
15,0,1,0,0,0,0,0,2338360,53529,0,0,0,22953,0,0,0,0,0,53529,0,0,0,0,0,0,0,0,0,15581,0,73792,0,147093,0,0,3222,2859,5688,40502,0,0,472376,0,0
15,0,2,0,0,0,0,0,2338360,0,0,0,0,1941,114688,0,0,0,0,0,0,0,0,0,0,0,0,0,0,0,0,37251,0,73641,36927,0,3720,2955,5465,3898,0,0,365959,0,102666
15,0,3,0,0,0,0,0,2338360,0,0,0,0,1958,114688,0,0,0,0,0,0,0,0,0,0,0,0,0,0,0,0,37078,0,0,36737,0,1924,981,0,2978,0,0,48761,0,111050
15,0,4,0,0,0,0,0,2338360,0,0,0,0,2554,114688,0,0,0,0,0,0,0,0,0,0,0,0,0,0,0,0,36828,0,0,36801,0,1468,0,1285,3884,1989911,0,0,0,82411
15,0,5,0,0,0,0,0,2338360,0,0,0,0,3320,114688,0,0,0,0,0,0,0,0,0,0,0,0,0,0,0,0,36843,0,0,36821,14030,2996,0,2,6540,0,0,1525342,0,87944
15,0,6,0,0,0,0,0,2338359,0,0,0,0,3467,114688,0,0,0,0,0,0,0,0,0,0,0,0,0,0,0,0,0,0,0,36477,0,12,5352,0,5210,0,0,938371,0,99335
15,0,7,0,0,0,0,0,2338360,0,0,0,0,3548,114688,0,0,0,0,0,0,0,0,0,0,0,0,0,0,0,0,0,0,0,36650,0,139,1720,0,6952,0,0,168366,0,107937
15,0,8,0,0,0,0,0,2338360,0,0,0,0,2877,114688,0,0,0,0,0,0,0,0,0,0,0,0,0,0,0,0,0,0,0,36900,0,53,0,1476,5815,710651,0,0,0,88799
15,0,9,0,0,0,0,0,2338360,0,0,0,0,2906,114688,0,0,0,0,0,0,0,0,0,0,0,0,0,0,0,0,0,0,0,36885,4603,38,0,1,4331,0,0,189524,0,105538
15,0,10,0,0,0,0,0,2338360,0,0,0,0,50,0,0,0,0,0,0,0,0,0,0,0,0,0,0,0,0,0,0,0,0,0,0,88,89,1,146,0,0,0,0,0
15,0,11,0,0,0,0,0,2338360,0,0,0,0,47,0,0,0,0,0,0,0,0,0,0,0,0,0,0,0,0,0,0,0,0,0,0,6,45,0,93,0,0,0,0,0
15,0,12,0,0,0,0,0,2338360,0,0,0,0,46,0,0,0,0,0,0,0,0,0,0,0,0,0,0,0,0,0,0,0,0,0,0,0,0,46,91,0,0,0,0,0
15,0,13,0,0,0,0,0,2338360,0,0,0,0,52,0,0,0,0,0,0,0,0,0,0,0,0,0,0,0,0,0,0,0,0,0,171,0,0,0,112,0,0,0,0,0
15,0,14,0,0,0,0,0,2338360,0,0,0,0,46,0,0,0,0,0,0,0,0,0,0,0,0,0,0,0,0,0,0,0,0,0,0,0,87,0,56,0,0,0,0,0
15,0,15,0,0,0,0,0,2338360,0,0,0,0,41,0,0,0,0,0,0,0,0,0,0,0,0,0,0,0,0,0,0,0,0,0,0,0,39,0,129,0,0,0,0,0
16,0,0,0,0,0,0,0,5810683,0,0,41246,737280,136,0,0,0,0,0,65601,0,0,0,0,0,0,0,0,41246,41246,0,147456,0,589824,737280,0,7732,0,136,284,0,0,0,0,5347645
16,0,1,0,0,0,0,0,2905341,65601,0,0,0,28288,0,0,0,0,0,65601,0,0,0,0,0,0,0,0,0,19448,0,73702,0,220853,0,0,3277,2689,8510,49558,0,0,485516,0,0
16,0,2,0,0,0,0,0,2905341,0,0,0,0,1604,114688,0,0,0,0,0,0,0,0,0,0,0,0,0,0,0,0,73762,0,110756,36997,0,6676,2407,8317,3202,0,0,377549,0,102960
16,0,3,0,0,0,0,0,2905341,0,0,0,0,1595,114688,0,0,0,0,0,0,0,0,0,0,0,0,0,0,0,0,73626,0,0,36802,0,3374,821,0,2449,0,0,53157,0,111448
16,0,4,0,0,0,0,0,2905341,0,0,0,0,2034,114688,0,0,0,0,0,0,0,0,0,0,0,0,0,0,0,0,36734,0,0,36853,0,1571,0,1027,3090,2644194,0,0,0,80103
16,0,5,0,0,0,0,0,2905341,0,0,0,0,2865,114688,0,0,0,0,0,0,0,0,0,0,0,0,0,0,0,0,36842,0,0,36912,18893,3690,0,1,5682,0,0,1803503,0,80434
16,0,6,0,0,0,0,0,2905340,0,0,0,0,3065,114688,0,0,0,0,0,0,0,0,0,0,0,0,0,0,0,0,36945,0,0,36749,0,1931,4485,1,4590,0,0,1034098,0,94554
16,0,7,0,0,0,0,0,2905341,0,0,0,0,3007,114688,0,0,0,0,0,0,0,0,0,0,0,0,0,0,0,0,37021,0,0,36809,0,3736,1535,0,6020,0,0,166918,0,107376
16,0,8,0,0,0,0,0,2905341,0,0,0,0,3006,114688,0,0,0,0,0,0,0,0,0,0,0,0,0,0,0,0,0,0,0,36994,0,52,0,1551,6046,2553129,0,0,0,76391
16,0,9,0,0,0,0,0,2905341,0,0,0,0,3672,114688,0,0,0,0,0,0,0,0,0,0,0,0,0,0,0,0,0,0,0,36886,10401,40,0,1,5431,0,0,2126873,0,88779
16,0,10,0,0,0,0,0,2905341,0,0,0,0,3629,114688,0,0,0,0,0,0,0,0,0,0,0,0,0,0,0,0,0,0,0,36783,0,82,5456,1,7197,0,0,1153360,0,98139
16,0,11,0,0,0,0,0,2905341,0,0,0,0,3610,114688,0,0,0,0,0,0,0,0,0,0,0,0,0,0,0,0,0,0,0,36707,0,45,1862,0,5405,0,0,273042,0,108404
16,0,12,0,0,0,0,0,2905341,0,0,0,0,46,0,0,0,0,0,0,0,0,0,0,0,0,0,0,0,0,0,0,0,0,0,0,0,0,46,92,0,0,0,0,0
16,0,13,0,0,0,0,0,2905341,0,0,0,0,52,0,0,0,0,0,0,0,0,0,0,0,0,0,0,0,0,0,0,0,0,0,161,0,0,0,110,0,0,0,0,0
16,0,14,0,0,0,0,0,2905341,0,0,0,0,46,0,0,0,0,0,0,0,0,0,0,0,0,0,0,0,0,0,0,0,0,0,0,0,97,0,62,0,0,0,0,0
16,0,15,0,0,0,0,0,2905341,0,0,0,0,51,0,0,0,0,0,0,0,0,0,0,0,0,0,0,0,0,0,0,0,0,0,0,0,29,0,102,0,0,0,0,0
17,0,0,0,0,0,0,0,5809621,0,0,41230,737280,136,0,0,0,0,0,65574,0,0,0,0,0,0,0,0,41230,41230,0,147456,0,589824,737280,0,7734,0,136,284,0,0,0,0,5348447
17,0,1,0,0,0,0,0,2904811,65574,0,0,0,28402,0,0,0,0,0,65574,0,0,0,0,0,0,0,0,0,19338,0,73628,0,220893,0,0,3263,2692,8391,49772,0,0,483123,0,0
17,0,2,0,0,0,0,0,2904811,0,0,0,0,1581,114688,0,0,0,0,0,0,0,0,0,0,0,0,0,0,0,0,73764,0,110765,36946,0,6725,2395,8343,3205,0,0,374787,0,103126
17,0,3,0,0,0,0,0,2904811,0,0,0,0,1567,114688,0,0,0,0,0,0,0,0,0,0,0,0,0,0,0,0,73604,0,0,36815,0,3338,844,0,2422,0,0,51866,0,111477
17,0,4,0,0,0,0,0,2904811,0,0,0,0,2001,114688,0,0,0,0,0,0,0,0,0,0,0,0,0,0,0,0,36807,0,0,36780,0,1583,0,1062,3050,2645686,0,0,0,80089
17,0,5,0,0,0,0,0,2904811,0,0,0,0,2819,114688,0,0,0,0,0,0,0,0,0,0,0,0,0,0,0,0,36869,0,0,36959,18789,3689,0,1,5651,0,0,1795304,0,80148
17,0,6,0,0,0,0,0,2904810,0,0,0,0,2980,114688,0,0,0,0,0,0,0,0,0,0,0,0,0,0,0,0,36868,0,0,36824,0,1898,4530,1,4485,0,0,1035684,0,94656
17,0,7,0,0,0,0,0,2904811,0,0,0,0,2965,114688,0,0,0,0,0,0,0,0,0,0,0,0,0,0,0,0,36976,0,0,36876,0,3760,1579,0,5988,0,0,169985,0,107581
17,0,8,0,0,0,0,0,2904811,0,0,0,0,3027,114688,0,0,0,0,0,0,0,0,0,0,0,0,0,0,0,0,0,0,0,36921,0,52,0,1530,6055,2550991,0,0,0,76421
17,0,9,0,0,0,0,0,2904811,0,0,0,0,3593,114688,0,0,0,0,0,0,0,0,0,0,0,0,0,0,0,0,0,0,0,36859,10467,42,0,2,5349,0,0,2130909,0,88942
17,0,10,0,0,0,0,0,2904811,0,0,0,0,3599,114688,0,0,0,0,0,0,0,0,0,0,0,0,0,0,0,0,0,0,0,36860,0,85,5473,1,7191,0,0,1159679,0,97956
17,0,11,0,0,0,0,0,2904811,0,0,0,0,3605,114688,0,0,0,0,0,0,0,0,0,0,0,0,0,0,0,0,0,0,0,36752,0,42,1864,0,5374,0,0,273111,0,108344
17,0,12,0,0,0,0,0,2904811,0,0,0,0,47,0,0,0,0,0,0,0,0,0,0,0,0,0,0,0,0,0,0,0,0,0,0,0,0,45,93,0,0,0,0,0
17,0,13,0,0,0,0,0,2904811,0,0,0,0,53,0,0,0,0,0,0,0,0,0,0,0,0,0,0,0,0,0,0,0,0,0,165,0,0,0,109,0,0,0,0,0
17,0,14,0,0,0,0,0,2904810,0,0,0,0,53,0,0,0,0,0,0,0,0,0,0,0,0,0,0,0,0,0,0,0,0,0,0,0,93,0,66,0,0,0,0,0
17,0,15,0,0,0,0,0,2904811,0,0,0,0,54,0,0,0,0,0,0,0,0,0,0,0,0,0,0,0,0,0,0,0,0,0,0,0,26,0,108,0,0,0,0,0
18,0,0,0,0,0,0,0,5812004,0,0,41244,737280,136,0,0,0,0,0,65595,0,0,0,0,0,0,0,0,41244,41244,0,147456,0,589824,737280,0,7740,0,136,284,0,0,0,0,5350868
18,0,1,0,0,0,0,0,2906002,65595,0,0,0,28316,0,0,0,0,0,65595,0,0,0,0,0,0,0,0,0,19573,0,73651,0,220940,0,0,3264,2710,8472,49634,0,0,476514,0,0
18,0,2,0,0,0,0,0,2906002,0,0,0,0,1599,114688,0,0,0,0,0,0,0,0,0,0,0,0,0,0,0,0,73717,0,110853,36858,0,6684,2399,8341,3201,0,0,368247,0,103053
18,0,3,0,0,0,0,0,2906002,0,0,0,0,1591,114688,0,0,0,0,0,0,0,0,0,0,0,0,0,0,0,0,73500,0,0,36831,0,3343,818,0,2451,0,0,48108,0,111671
18,0,4,0,0,0,0,0,2906002,0,0,0,0,2038,114688,0,0,0,0,0,0,0,0,0,0,0,0,0,0,0,0,36873,0,0,36820,0,1596,0,1029,3092,2647625,0,0,0,79903
18,0,5,0,0,0,0,0,2906002,0,0,0,0,2820,114688,0,0,0,0,0,0,0,0,0,0,0,0,0,0,0,0,36914,0,0,36891,18851,3721,0,1,5611,0,0,1798581,0,80363
18,0,6,0,0,0,0,0,2906001,0,0,0,0,2998,114688,0,0,0,0,0,0,0,0,0,0,0,0,0,0,0,0,36899,0,0,36840,0,1913,4592,2,4539,0,0,1047961,0,94760
18,0,7,0,0,0,0,0,2906002,0,0,0,0,3041,114688,0,0,0,0,0,0,0,0,0,0,0,0,0,0,0,0,37070,0,0,36886,0,3747,1512,0,6080,0,0,172415,0,107274
18,0,8,0,0,0,0,0,2906002,0,0,0,0,2988,114688,0,0,0,0,0,0,0,0,0,0,0,0,0,0,0,0,0,0,0,36855,0,52,0,1571,6005,2555120,0,0,0,76458
18,0,9,0,0,0,0,0,2906002,0,0,0,0,3617,114688,0,0,0,0,0,0,0,0,0,0,0,0,0,0,0,0,0,0,0,36814,10393,40,0,1,5341,0,0,2125890,0,88701
18,0,10,0,0,0,0,0,2906002,0,0,0,0,3574,114688,0,0,0,0,0,0,0,0,0,0,0,0,0,0,0,0,0,0,0,36829,0,85,5490,1,7155,0,0,1162066,0,98037
18,0,11,0,0,0,0,0,2906002,0,0,0,0,3591,114688,0,0,0,0,0,0,0,0,0,0,0,0,0,0,0,0,0,0,0,36658,0,46,1879,0,5372,0,0,281984,0,108228
18,0,12,0,0,0,0,0,2906002,0,0,0,0,48,0,0,0,0,0,0,0,0,0,0,0,0,0,0,0,0,0,0,0,0,0,0,0,0,44,94,0,0,0,0,0
18,0,13,0,0,0,0,0,2906002,0,0,0,0,54,0,0,0,0,0,0,0,0,0,0,0,0,0,0,0,0,0,0,0,0,0,164,0,0,0,112,0,0,0,0,0
18,0,14,0,0,0,0,0,2906002,0,0,0,0,48,0,0,0,0,0,0,0,0,0,0,0,0,0,0,0,0,0,0,0,0,0,0,0,94,0,61,0,0,0,0,0
18,0,15,0,0,0,0,0,2906002,0,0,0,0,50,0,0,0,0,0,0,0,0,0,0,0,0,0,0,0,0,0,0,0,0,0,0,0,30,0,100,0,0,0,0,0
19,0,0,0,0,0,0,0,7484990,0,0,52940,958464,136,0,0,0,0,0,83157,0,0,0,0,0,0,0,0,52940,52940,0,221184,0,737280,958464,0,11691,0,136,284,0,0,0,0,7317505
19,0,1,0,0,0,0,0,3742495,83157,0,0,0,36282,0,0,0,0,0,83157,0,0,0,0,0,0,0,0,0,25320,0,110388,0,257826,0,0,4824,3921,9434,62579,0,0,482498,0,0
19,0,2,0,0,0,0,0,3742495,0,0,0,0,1252,114688,0,0,0,0,0,0,0,0,0,0,0,0,0,0,0,0,110720,0,110653,36897,0,9989,1842,7489,2513,0,0,377828,0,102915
19,0,3,0,0,0,0,0,3742495,0,0,0,0,1228,114688,0,0,0,0,0,0,0,0,0,0,0,0,0,0,0,0,73754,0,0,36777,0,3110,639,0,1855,0,0,50924,0,111711
19,0,4,0,0,0,0,0,3742495,0,0,0,0,1567,114688,0,0,0,0,0,0,0,0,0,0,0,0,0,0,0,0,73796,0,0,36804,0,3053,0,786,2368,3574347,0,0,0,80161
19,0,5,0,0,0,0,0,3742495,0,0,0,0,2150,114688,0,0,0,0,0,0,0,0,0,0,0,0,0,0,0,0,73925,0,0,36871,26119,7487,0,1,4288,0,0,1828376,0,80530
19,0,6,0,0,0,0,0,3742494,0,0,0,0,2273,114688,0,0,0,0,0,0,0,0,0,0,0,0,0,0,0,0,73716,0,0,36748,0,3942,3456,2,3415,0,0,1066004,0,94794
19,0,7,0,0,0,0,0,3742495,0,0,0,0,2285,114688,0,0,0,0,0,0,0,0,0,0,0,0,0,0,0,0,36778,0,0,36924,0,3923,1159,0,4606,0,0,169056,0,107734
19,0,8,0,0,0,0,0,3742495,0,0,0,0,2589,114688,0,0,0,0,0,0,0,0,0,0,0,0,0,0,0,0,36767,0,0,36893,0,3655,0,1326,5211,3570310,0,0,0,77701
19,0,9,0,0,0,0,0,3742495,0,0,0,0,3620,114688,0,0,0,0,0,0,0,0,0,0,0,0,0,0,0,0,36834,0,0,36697,17948,1983,0,0,5366,0,0,2942715,0,82680
19,0,10,0,0,0,0,0,3742495,0,0,0,0,3869,114688,0,0,0,0,0,0,0,0,0,0,0,0,0,0,0,0,36938,0,0,36802,0,3943,5745,3,7604,0,0,1646573,0,97657
19,0,11,0,0,0,0,0,3742495,0,0,0,0,3813,114688,0,0,0,0,0,0,0,0,0,0,0,0,0,0,0,0,0,0,0,36950,0,42,1990,0,5751,0,0,341173,0,108548
19,0,12,0,0,0,0,0,3742495,0,0,0,0,3566,114688,0,0,0,0,0,0,0,0,0,0,0,0,0,0,0,0,0,0,0,36961,0,0,0,1833,5318,2849386,0,0,0,82339
19,0,13,0,0,0,0,0,3742495,0,0,0,0,3881,114688,0,0,0,0,0,0,0,0,0,0,0,0,0,0,0,0,0,0,0,36894,9357,0,0,1,7707,0,0,1646841,0,97637
19,0,14,0,0,0,0,0,3742495,0,0,0,0,3835,114688,0,0,0,0,0,0,0,0,0,0,0,0,0,0,0,0,0,0,0,36790,0,0,2008,1,5701,0,0,344075,0,108673
19,0,15,0,0,0,0,0,3742495,0,0,0,0,42,0,0,0,0,0,0,0,0,0,0,0,0,0,0,0,0,0,0,0,0,0,0,0,38,0,98,0,0,0,0,0
20,0,0,0,0,0,0,0,7485646,0,0,52952,958464,136,0,0,0,0,0,83175,0,0,0,0,0,0,0,0,52952,52952,0,221184,0,737280,958464,0,11689,0,136,284,0,0,0,0,7320269
20,0,1,0,0,0,0,0,3742823,83175,0,0,0,36263,0,0,0,0,0,83175,0,0,0,0,0,0,0,0,0,24983,0,110293,0,257866,0,0,4848,3955,9407,62541,0,0,476102,0,0
20,0,2,0,0,0,0,0,3742823,0,0,0,0,1277,114688,0,0,0,0,0,0,0,0,0,0,0,0,0,0,0,0,110524,0,110794,36912,0,10037,1819,7484,2528,0,0,373529,0,103284
20,0,3,0,0,0,0,0,3742823,0,0,0,0,1230,114688,0,0,0,0,0,0,0,0,0,0,0,0,0,0,0,0,73639,0,0,36751,0,3109,637,0,1865,0,0,49665,0,111656
20,0,4,0,0,0,0,0,3742823,0,0,0,0,1532,114688,0,0,0,0,0,0,0,0,0,0,0,0,0,0,0,0,73707,0,0,36868,0,3093,0,823,2334,3575030,0,0,0,80369
20,0,5,0,0,0,0,0,3742823,0,0,0,0,2139,114688,0,0,0,0,0,0,0,0,0,0,0,0,0,0,0,0,73907,0,0,36984,26173,7490,0,0,4258,0,0,1834289,0,80519
20,0,6,0,0,0,0,0,3742823,0,0,0,0,2279,114688,0,0,0,0,0,0,0,0,0,0,0,0,0,0,0,0,73785,0,0,36875,0,3889,3466,3,3430,0,0,1072147,0,94963
20,0,7,0,0,0,0,0,3742823,0,0,0,0,2301,114688,0,0,0,0,0,0,0,0,0,0,0,0,0,0,0,0,36866,0,0,36951,0,3921,1143,0,4626,0,0,177371,0,107261
20,0,8,0,0,0,0,0,3742823,0,0,0,0,2611,114688,0,0,0,0,0,0,0,0,0,0,0,0,0,0,0,0,36874,0,0,36875,0,3640,0,1300,5204,3570784,0,0,0,77696
20,0,9,0,0,0,0,0,3742823,0,0,0,0,3543,114688,0,0,0,0,0,0,0,0,0,0,0,0,0,0,0,0,36729,0,0,36820,17871,1993,0,1,5280,0,0,2877874,0,82428
20,0,10,0,0,0,0,0,3742823,0,0,0,0,3776,114688,0,0,0,0,0,0,0,0,0,0,0,0,0,0,0,0,36791,0,0,36880,0,3921,5866,1,7590,0,0,1648509,0,97465
20,0,11,0,0,0,0,0,3742823,0,0,0,0,3838,114688,0,0,0,0,0,0,0,0,0,0,0,0,0,0,0,0,0,0,0,36862,0,42,1967,0,5782,0,0,341596,0,108737
20,0,12,0,0,0,0,0,3742823,0,0,0,0,3573,114688,0,0,0,0,0,0,0,0,0,0,0,0,0,0,0,0,0,0,0,36854,0,0,0,1826,5340,2894464,0,0,0,82627
20,0,13,0,0,0,0,0,3742823,0,0,0,0,3811,114688,0,0,0,0,0,0,0,0,0,0,0,0,0,0,0,0,0,0,0,36999,9421,0,0,2,7631,0,0,1637745,0,97666
20,0,14,0,0,0,0,0,3742823,0,0,0,0,3825,114688,0,0,0,0,0,0,0,0,0,0,0,0,0,0,0,0,0,0,0,36937,0,0,2026,0,5715,0,0,339534,0,108586
20,0,15,0,0,0,0,0,3742823,0,0,0,0,48,0,0,0,0,0,0,0,0,0,0,0,0,0,0,0,0,0,0,0,0,0,0,0,32,0,105,0,0,0,0,0
21,0,0,0,0,0,0,0,7488399,0,0,52984,958464,136,0,0,0,0,0,83223,0,0,0,0,0,0,0,0,52984,52984,0,221184,0,737280,958464,0,11699,0,136,284,0,0,0,0,7322475
21,0,1,0,0,0,0,0,3744199,83223,0,0,0,36481,0,0,0,0,0,83223,0,0,0,0,0,0,0,0,0,24854,0,110178,0,258034,0,0,4795,3978,9251,62729,0,0,480492,0,0
21,0,2,0,0,0,0,0,3744199,0,0,0,0,1253,114688,0,0,0,0,0,0,0,0,0,0,0,0,0,0,0,0,110602,0,110572,36888,0,10097,1858,7604,2486,0,0,370833,0,103594
21,0,3,0,0,0,0,0,3744199,0,0,0,0,1247,114688,0,0,0,0,0,0,0,0,0,0,0,0,0,0,0,0,73823,0,0,36789,0,2986,618,0,1885,0,0,50978,0,111677
21,0,4,0,0,0,0,0,3744199,0,0,0,0,1552,114688,0,0,0,0,0,0,0,0,0,0,0,0,0,0,0,0,73770,0,0,36758,0,3115,0,803,2347,3576723,0,0,0,80242
21,0,5,0,0,0,0,0,3744199,0,0,0,0,2111,114688,0,0,0,0,0,0,0,0,0,0,0,0,0,0,0,0,74073,0,0,36933,26196,7511,0,1,4278,0,0,1830693,0,80529
21,0,6,0,0,0,0,0,3744199,0,0,0,0,2284,114688,0,0,0,0,0,0,0,0,0,0,0,0,0,0,0,0,73696,0,0,36886,0,3852,3419,1,3420,0,0,1066737,0,94729
21,0,7,0,0,0,0,0,3744199,0,0,0,0,2261,114688,0,0,0,0,0,0,0,0,0,0,0,0,0,0,0,0,36595,0,0,37038,0,4043,1182,0,4590,0,0,173318,0,107587
21,0,8,0,0,0,0,0,3744199,0,0,0,0,2605,114688,0,0,0,0,0,0,0,0,0,0,0,0,0,0,0,0,36873,0,0,36813,0,3615,0,1312,5211,3573479,0,0,0,77454
21,0,9,0,0,0,0,0,3744199,0,0,0,0,3596,114688,0,0,0,0,0,0,0,0,0,0,0,0,0,0,0,0,36730,0,0,36653,17978,1954,0,2,5365,0,0,2973423,0,82691
21,0,10,0,0,0,0,0,3744199,0,0,0,0,3856,114688,0,0,0,0,0,0,0,0,0,0,0,0,0,0,0,0,37028,0,0,36732,0,3984,5756,0,7654,0,0,1648929,0,97357
21,0,11,0,0,0,0,0,3744199,0,0,0,0,3803,114688,0,0,0,0,0,0,0,0,0,0,0,0,0,0,0,0,0,0,0,37133,0,43,2005,0,5630,0,0,339954,0,108607
21,0,12,0,0,0,0,0,3744199,0,0,0,0,3619,114688,0,0,0,0,0,0,0,0,0,0,0,0,0,0,0,0,0,0,0,36855,0,0,0,1784,5415,2813643,0,0,0,82923
21,0,13,0,0,0,0,0,3744199,0,0,0,0,3868,114688,0,0,0,0,0,0,0,0,0,0,0,0,0,0,0,0,0,0,0,36998,9396,0,0,1,7731,0,0,1650499,0,97656
21,0,14,0,0,0,0,0,3744199,0,0,0,0,3801,114688,0,0,0,0,0,0,0,0,0,0,0,0,0,0,0,0,0,0,0,36700,0,0,2051,1,5634,0,0,345200,0,108782
21,0,15,0,0,0,0,0,3744199,0,0,0,0,43,0,0,0,0,0,0,0,0,0,0,0,0,0,0,0,0,0,0,0,0,0,0,0,37,0,98,0,0,0,0,0
22,0,0,0,0,0,0,0,869008,0,0,5670,69632,136,0,0,0,0,0,12183,0,0,0,0,0,0,0,0,5670,5670,0,0,0,69632,69632,0,294,0,136,284,0,0,0,0,90112
22,0,1,0,0,0,0,0,434504,12183,0,0,0,4858,0,0,0,0,0,12183,0,0,0,0,0,0,0,0,0,1292,0,0,0,40402,0,0,84,170,2067,9340,0,0,90112,0,0
22,0,2,0,0,0,0,0,434504,0,0,0,0,3815,90112,0,0,0,0,0,0,0,0,0,0,0,0,0,0,0,0,0,0,0,53320,0,249,1993,282,7660,0,0,0,0,90112
22,0,3,0,0,0,0,0,434504,0,0,0,0,47,0,0,0,0,0,0,0,0,0,0,0,0,0,0,0,0,0,0,0,0,0,0,92,45,0,54,0,0,0,0,0
22,0,4,0,0,0,0,0,434504,0,0,0,0,47,0,0,0,0,0,0,0,0,0,0,0,0,0,0,0,0,0,0,0,0,0,0,87,0,45,62,0,0,0,0,0
22,0,5,0,0,0,0,0,434504,0,0,0,0,47,0,0,0,0,0,0,0,0,0,0,0,0,0,0,0,0,0,0,0,0,0,537,148,0,0,109,0,0,0,0,0
22,0,6,0,0,0,0,0,434504,0,0,0,0,47,0,0,0,0,0,0,0,0,0,0,0,0,0,0,0,0,0,0,0,0,0,0,40,98,0,52,0,0,0,0,0
22,0,7,0,0,0,0,0,434504,0,0,0,0,53,0,0,0,0,0,0,0,0,0,0,0,0,0,0,0,0,0,0,0,0,0,0,104,39,0,140,0,0,0,0,0
22,0,8,0,0,0,0,0,434504,0,0,0,0,50,0,0,0,0,0,0,0,0,0,0,0,0,0,0,0,0,0,0,0,0,0,0,52,0,42,107,0,0,0,0,0
22,0,9,0,0,0,0,0,434504,0,0,0,0,47,0,0,0,0,0,0,0,0,0,0,0,0,0,0,0,0,0,0,0,0,0,365,42,0,0,53,0,0,0,0,0
22,0,10,0,0,0,0,0,434504,0,0,0,0,53,0,0,0,0,0,0,0,0,0,0,0,0,0,0,0,0,0,0,0,0,0,0,91,92,0,118,0,0,0,0,0
22,0,11,0,0,0,0,0,434504,0,0,0,0,53,0,0,0,0,0,0,0,0,0,0,0,0,0,0,0,0,0,0,0,0,0,0,40,39,0,94,0,0,0,0,0
22,0,12,0,0,0,0,0,434504,0,0,0,0,47,0,0,0,0,0,0,0,0,0,0,0,0,0,0,0,0,0,0,0,0,0,0,0,0,45,93,0,0,0,0,0
22,0,13,0,0,0,0,0,434504,0,0,0,0,53,0,0,0,0,0,0,0,0,0,0,0,0,0,0,0,0,0,0,0,0,0,178,0,0,0,109,0,0,0,0,0
22,0,14,0,0,0,0,0,434504,0,0,0,0,53,0,0,0,0,0,0,0,0,0,0,0,0,0,0,0,0,0,0,0,0,0,0,0,80,0,60,0,0,0,0,0
22,0,15,0,0,0,0,0,434504,0,0,0,0,41,0,0,0,0,0,0,0,0,0,0,0,0,0,0,0,0,0,0,0,0,0,0,0,39,0,88,0,0,0,0,0
23,0,0,0,0,0,0,0,869235,0,0,5674,69632,136,0,0,0,0,0,12189,0,0,0,0,0,0,0,0,5674,5674,0,0,0,69632,69632,0,294,0,136,284,0,0,0,0,90112
23,0,1,0,0,0,0,0,434618,12189,0,0,0,4865,0,0,0,0,0,12189,0,0,0,0,0,0,0,0,0,1305,0,0,0,40456,0,0,76,173,2069,9374,0,0,90112,0,0
23,0,2,0,0,0,0,0,434618,0,0,0,0,3831,90112,0,0,0,0,0,0,0,0,0,0,0,0,0,0,0,0,0,0,0,53293,0,255,1981,267,7687,0,0,0,0,90112
23,0,3,0,0,0,0,0,434618,0,0,0,0,47,0,0,0,0,0,0,0,0,0,0,0,0,0,0,0,0,0,0,0,0,0,0,100,45,0,61,0,0,0,0,0
23,0,4,0,0,0,0,0,434618,0,0,0,0,47,0,0,0,0,0,0,0,0,0,0,0,0,0,0,0,0,0,0,0,0,0,0,87,0,45,70,0,0,0,0,0
23,0,5,0,0,0,0,0,434618,0,0,0,0,47,0,0,0,0,0,0,0,0,0,0,0,0,0,0,0,0,0,0,0,0,0,526,148,0,0,117,0,0,0,0,0
23,0,6,0,0,0,0,0,434618,0,0,0,0,47,0,0,0,0,0,0,0,0,0,0,0,0,0,0,0,0,0,0,0,0,0,0,34,98,0,52,0,0,0,0,0
23,0,7,0,0,0,0,0,434618,0,0,0,0,53,0,0,0,0,0,0,0,0,0,0,0,0,0,0,0,0,0,0,0,0,0,0,104,39,0,132,0,0,0,0,0
23,0,8,0,0,0,0,0,434618,0,0,0,0,50,0,0,0,0,0,0,0,0,0,0,0,0,0,0,0,0,0,0,0,0,0,0,52,0,42,107,0,0,0,0,0
23,0,9,0,0,0,0,0,434618,0,0,0,0,47,0,0,0,0,0,0,0,0,0,0,0,0,0,0,0,0,0,0,0,0,0,376,42,0,0,53,0,0,0,0,0
23,0,10,0,0,0,0,0,434618,0,0,0,0,53,0,0,0,0,0,0,0,0,0,0,0,0,0,0,0,0,0,0,0,0,0,0,89,92,0,126,0,0,0,0,0
23,0,11,0,0,0,0,0,434618,0,0,0,0,53,0,0,0,0,0,0,0,0,0,0,0,0,0,0,0,0,0,0,0,0,0,0,40,39,0,94,0,0,0,0,0
23,0,12,0,0,0,0,0,434618,0,0,0,0,47,0,0,0,0,0,0,0,0,0,0,0,0,0,0,0,0,0,0,0,0,0,0,0,0,45,93,0,0,0,0,0
23,0,13,0,0,0,0,0,434618,0,0,0,0,53,0,0,0,0,0,0,0,0,0,0,0,0,0,0,0,0,0,0,0,0,0,167,0,0,0,109,0,0,0,0,0
23,0,14,0,0,0,0,0,434618,0,0,0,0,53,0,0,0,0,0,0,0,0,0,0,0,0,0,0,0,0,0,0,0,0,0,0,0,91,0,62,0,0,0,0,0
23,0,15,0,0,0,0,0,434618,0,0,0,0,52,0,0,0,0,0,0,0,0,0,0,0,0,0,0,0,0,0,0,0,0,0,0,0,28,0,99,0,0,0,0,0
24,0,0,0,0,0,0,0,868982,0,0,5670,69632,136,0,0,0,0,0,12183,0,0,0,0,0,0,0,0,5670,5670,0,0,0,69632,69632,0,294,0,136,284,0,0,0,0,90112
24,0,1,0,0,0,0,0,434491,12183,0,0,0,4547,0,0,0,0,0,12183,0,0,0,0,0,0,0,0,0,887,0,0,0,39677,0,0,84,170,2378,8718,0,0,90112,0,0
24,0,2,0,0,0,0,0,434491,0,0,0,0,3504,90112,0,0,0,0,0,0,0,0,0,0,0,0,0,0,0,0,0,0,0,53692,0,249,2304,282,7038,0,0,0,0,90112
24,0,3,0,0,0,0,0,434491,0,0,0,0,47,0,0,0,0,0,0,0,0,0,0,0,0,0,0,0,0,0,0,0,0,0,0,92,45,0,54,0,0,0,0,0
24,0,4,0,0,0,0,0,434491,0,0,0,0,47,0,0,0,0,0,0,0,0,0,0,0,0,0,0,0,0,0,0,0,0,0,0,87,0,45,62,0,0,0,0,0
24,0,5,0,0,0,0,0,434491,0,0,0,0,47,0,0,0,0,0,0,0,0,0,0,0,0,0,0,0,0,0,0,0,0,0,537,148,0,0,109,0,0,0,0,0
24,0,6,0,0,0,0,0,434490,0,0,0,0,47,0,0,0,0,0,0,0,0,0,0,0,0,0,0,0,0,0,0,0,0,0,0,40,98,0,52,0,0,0,0,0
24,0,7,0,0,0,0,0,434491,0,0,0,0,53,0,0,0,0,0,0,0,0,0,0,0,0,0,0,0,0,0,0,0,0,0,0,104,39,0,140,0,0,0,0,0
24,0,8,0,0,0,0,0,434491,0,0,0,0,50,0,0,0,0,0,0,0,0,0,0,0,0,0,0,0,0,0,0,0,0,0,0,52,0,42,107,0,0,0,0,0
24,0,9,0,0,0,0,0,434491,0,0,0,0,47,0,0,0,0,0,0,0,0,0,0,0,0,0,0,0,0,0,0,0,0,0,365,42,0,0,53,0,0,0,0,0
24,0,10,0,0,0,0,0,434491,0,0,0,0,53,0,0,0,0,0,0,0,0,0,0,0,0,0,0,0,0,0,0,0,0,0,0,91,92,0,118,0,0,0,0,0
24,0,11,0,0,0,0,0,434491,0,0,0,0,53,0,0,0,0,0,0,0,0,0,0,0,0,0,0,0,0,0,0,0,0,0,0,40,39,0,94,0,0,0,0,0
24,0,12,0,0,0,0,0,434491,0,0,0,0,47,0,0,0,0,0,0,0,0,0,0,0,0,0,0,0,0,0,0,0,0,0,0,0,0,45,93,0,0,0,0,0
24,0,13,0,0,0,0,0,434491,0,0,0,0,53,0,0,0,0,0,0,0,0,0,0,0,0,0,0,0,0,0,0,0,0,0,178,0,0,0,109,0,0,0,0,0
24,0,14,0,0,0,0,0,434491,0,0,0,0,53,0,0,0,0,0,0,0,0,0,0,0,0,0,0,0,0,0,0,0,0,0,0,0,80,0,60,0,0,0,0,0
24,0,15,0,0,0,0,0,434491,0,0,0,0,41,0,0,0,0,0,0,0,0,0,0,0,0,0,0,0,0,0,0,0,0,0,0,0,39,0,88,0,0,0,0,0
25,0,0,0,0,0,0,0,904822,0,0,5560,139264,136,0,0,0,0,0,12024,0,0,0,0,0,0,0,0,5560,5560,0,0,0,139264,139264,0,294,0,136,284,0,0,0,0,180326
25,0,1,0,0,0,0,0,452411,12024,0,0,0,5065,0,0,0,0,0,12024,0,0,0,0,0,0,0,0,0,2914,0,0,0,72563,0,0,76,172,1757,8567,0,0,90085,0,0
25,0,2,0,0,0,0,0,452411,0,0,0,0,1911,90112,0,0,0,0,0,0,0,0,0,0,0,0,0,0,0,0,0,0,39811,53313,0,255,2872,2279,3955,0,0,90121,0,90112
25,0,3,0,0,0,0,0,452411,0,0,0,0,1914,90112,0,0,0,0,0,0,0,0,0,0,0,0,0,0,0,0,0,0,0,53413,0,99,957,0,2698,0,0,0,0,90112
25,0,4,0,0,0,0,0,452411,0,0,0,0,47,0,0,0,0,0,0,0,0,0,0,0,0,0,0,0,0,0,0,0,0,0,0,87,0,45,70,0,0,0,0,0
25,0,5,0,0,0,0,0,452411,0,0,0,0,47,0,0,0,0,0,0,0,0,0,0,0,0,0,0,0,0,0,0,0,0,0,526,148,0,0,117,0,0,0,0,0
25,0,6,0,0,0,0,0,452411,0,0,0,0,47,0,0,0,0,0,0,0,0,0,0,0,0,0,0,0,0,0,0,0,0,0,0,34,98,0,52,0,0,0,0,0
25,0,7,0,0,0,0,0,452411,0,0,0,0,53,0,0,0,0,0,0,0,0,0,0,0,0,0,0,0,0,0,0,0,0,0,0,106,39,0,132,0,0,0,0,0
25,0,8,0,0,0,0,0,452411,0,0,0,0,50,0,0,0,0,0,0,0,0,0,0,0,0,0,0,0,0,0,0,0,0,0,0,52,0,42,107,0,0,0,0,0
25,0,9,0,0,0,0,0,452411,0,0,0,0,47,0,0,0,0,0,0,0,0,0,0,0,0,0,0,0,0,0,0,0,0,0,376,42,0,0,53,0,0,0,0,0
25,0,10,0,0,0,0,0,452411,0,0,0,0,53,0,0,0,0,0,0,0,0,0,0,0,0,0,0,0,0,0,0,0,0,0,0,89,92,0,126,0,0,0,0,0
25,0,11,0,0,0,0,0,452411,0,0,0,0,53,0,0,0,0,0,0,0,0,0,0,0,0,0,0,0,0,0,0,0,0,0,0,39,39,0,94,0,0,0,0,0
25,0,12,0,0,0,0,0,452411,0,0,0,0,47,0,0,0,0,0,0,0,0,0,0,0,0,0,0,0,0,0,0,0,0,0,0,0,0,45,93,0,0,0,0,0
25,0,13,0,0,0,0,0,452411,0,0,0,0,53,0,0,0,0,0,0,0,0,0,0,0,0,0,0,0,0,0,0,0,0,0,167,0,0,0,109,0,0,0,0,0
25,0,14,0,0,0,0,0,452411,0,0,0,0,53,0,0,0,0,0,0,0,0,0,0,0,0,0,0,0,0,0,0,0,0,0,0,0,91,0,62,0,0,0,0,0
25,0,15,0,0,0,0,0,452411,0,0,0,0,52,0,0,0,0,0,0,0,0,0,0,0,0,0,0,0,0,0,0,0,0,0,0,0,28,0,101,0,0,0,0,0
26,0,0,0,0,0,0,0,905324,0,0,5564,139264,136,0,0,0,0,0,12030,0,0,0,0,0,0,0,0,5564,5564,0,0,0,139264,139264,0,294,0,136,284,0,0,0,0,180241
26,0,1,0,0,0,0,0,452662,12030,0,0,0,5031,0,0,0,0,0,12030,0,0,0,0,0,0,0,0,0,2982,0,0,0,72551,0,0,78,167,1798,8477,0,0,90105,0,0
26,0,2,0,0,0,0,0,452662,0,0,0,0,1835,90112,0,0,0,0,0,0,0,0,0,0,0,0,0,0,0,0,0,0,39815,53356,0,249,2933,2347,3779,0,0,90116,0,90112
26,0,3,0,0,0,0,0,452662,0,0,0,0,1895,90112,0,0,0,0,0,0,0,0,0,0,0,0,0,0,0,0,0,0,0,53419,0,99,977,0,2614,0,0,0,0,90112
26,0,4,0,0,0,0,0,452662,0,0,0,0,47,0,0,0,0,0,0,0,0,0,0,0,0,0,0,0,0,0,0,0,0,0,0,87,0,45,67,0,0,0,0,0
26,0,5,0,0,0,0,0,452662,0,0,0,0,47,0,0,0,0,0,0,0,0,0,0,0,0,0,0,0,0,0,0,0,0,0,525,148,0,0,115,0,0,0,0,0
26,0,6,0,0,0,0,0,452662,0,0,0,0,47,0,0,0,0,0,0,0,0,0,0,0,0,0,0,0,0,0,0,0,0,0,0,40,98,0,52,0,0,0,0,0
26,0,7,0,0,0,0,0,452662,0,0,0,0,53,0,0,0,0,0,0,0,0,0,0,0,0,0,0,0,0,0,0,0,0,0,0,104,39,0,134,0,0,0,0,0
26,0,8,0,0,0,0,0,452662,0,0,0,0,50,0,0,0,0,0,0,0,0,0,0,0,0,0,0,0,0,0,0,0,0,0,0,52,0,42,107,0,0,0,0,0
26,0,9,0,0,0,0,0,452662,0,0,0,0,47,0,0,0,0,0,0,0,0,0,0,0,0,0,0,0,0,0,0,0,0,0,377,42,0,0,53,0,0,0,0,0
26,0,10,0,0,0,0,0,452662,0,0,0,0,53,0,0,0,0,0,0,0,0,0,0,0,0,0,0,0,0,0,0,0,0,0,0,85,92,0,124,0,0,0,0,0
26,0,11,0,0,0,0,0,452662,0,0,0,0,53,0,0,0,0,0,0,0,0,0,0,0,0,0,0,0,0,0,0,0,0,0,0,41,39,0,94,0,0,0,0,0
26,0,12,0,0,0,0,0,452662,0,0,0,0,47,0,0,0,0,0,0,0,0,0,0,0,0,0,0,0,0,0,0,0,0,0,0,0,0,45,93,0,0,0,0,0
26,0,13,0,0,0,0,0,452662,0,0,0,0,53,0,0,0,0,0,0,0,0,0,0,0,0,0,0,0,0,0,0,0,0,0,166,0,0,0,109,0,0,0,0,0
26,0,14,0,0,0,0,0,452662,0,0,0,0,53,0,0,0,0,0,0,0,0,0,0,0,0,0,0,0,0,0,0,0,0,0,0,0,92,0,66,0,0,0,0,0
26,0,15,0,0,0,0,0,452662,0,0,0,0,53,0,0,0,0,0,0,0,0,0,0,0,0,0,0,0,0,0,0,0,0,0,0,0,27,0,100,0,0,0,0,0
27,0,0,0,0,0,0,0,904865,0,0,5560,139264,136,0,0,0,0,0,12021,0,0,0,0,0,0,0,0,5560,5560,0,0,0,139264,139264,0,294,0,136,284,0,0,0,0,180326
27,0,1,0,0,0,0,0,452433,12021,0,0,0,5056,0,0,0,0,0,12021,0,0,0,0,0,0,0,0,0,2923,0,0,0,72561,0,0,80,166,1768,8561,0,0,90090,0,0
27,0,2,0,0,0,0,0,452433,0,0,0,0,1905,90112,0,0,0,0,0,0,0,0,0,0,0,0,0,0,0,0,0,0,39812,53321,0,249,2870,2295,3927,0,0,90116,0,90112
27,0,3,0,0,0,0,0,452433,0,0,0,0,1905,90112,0,0,0,0,0,0,0,0,0,0,0,0,0,0,0,0,0,0,0,53415,0,96,966,0,2676,0,0,0,0,90112
27,0,4,0,0,0,0,0,452433,0,0,0,0,47,0,0,0,0,0,0,0,0,0,0,0,0,0,0,0,0,0,0,0,0,0,0,87,0,45,65,0,0,0,0,0
27,0,5,0,0,0,0,0,452433,0,0,0,0,47,0,0,0,0,0,0,0,0,0,0,0,0,0,0,0,0,0,0,0,0,0,525,148,0,0,113,0,0,0,0,0
27,0,6,0,0,0,0,0,452432,0,0,0,0,47,0,0,0,0,0,0,0,0,0,0,0,0,0,0,0,0,0,0,0,0,0,0,40,98,0,52,0,0,0,0,0
27,0,7,0,0,0,0,0,452433,0,0,0,0,53,0,0,0,0,0,0,0,0,0,0,0,0,0,0,0,0,0,0,0,0,0,0,105,39,0,136,0,0,0,0,0
27,0,8,0,0,0,0,0,452433,0,0,0,0,50,0,0,0,0,0,0,0,0,0,0,0,0,0,0,0,0,0,0,0,0,0,0,52,0,42,107,0,0,0,0,0
27,0,9,0,0,0,0,0,452433,0,0,0,0,47,0,0,0,0,0,0,0,0,0,0,0,0,0,0,0,0,0,0,0,0,0,377,42,0,0,53,0,0,0,0,0
27,0,10,0,0,0,0,0,452433,0,0,0,0,53,0,0,0,0,0,0,0,0,0,0,0,0,0,0,0,0,0,0,0,0,0,0,87,92,0,122,0,0,0,0,0
27,0,11,0,0,0,0,0,452433,0,0,0,0,53,0,0,0,0,0,0,0,0,0,0,0,0,0,0,0,0,0,0,0,0,0,0,40,39,0,94,0,0,0,0,0
27,0,12,0,0,0,0,0,452433,0,0,0,0,47,0,0,0,0,0,0,0,0,0,0,0,0,0,0,0,0,0,0,0,0,0,0,0,0,45,93,0,0,0,0,0
27,0,13,0,0,0,0,0,452433,0,0,0,0,53,0,0,0,0,0,0,0,0,0,0,0,0,0,0,0,0,0,0,0,0,0,166,0,0,0,109,0,0,0,0,0
27,0,14,0,0,0,0,0,452433,0,0,0,0,53,0,0,0,0,0,0,0,0,0,0,0,0,0,0,0,0,0,0,0,0,0,0,0,92,0,64,0,0,0,0,0
27,0,15,0,0,0,0,0,452433,0,0,0,0,53,0,0,0,0,0,0,0,0,0,0,0,0,0,0,0,0,0,0,0,0,0,0,0,27,0,101,0,0,0,0,0
28,0,0,0,0,0,0,0,1492189,0,0,10404,278528,136,0,0,0,0,0,19299,0,0,0,0,0,0,0,0,10404,10404,0,75690,0,208896,278528,0,2899,0,136,284,0,0,0,0,1295702
28,0,1,0,0,0,0,0,746094,19299,0,0,0,7829,0,0,0,0,0,19299,0,0,0,0,0,0,0,0,0,5045,0,37267,0,71555,0,0,963,1156,1968,13583,0,0,230630,0,0
28,0,2,0,0,0,0,0,746094,0,0,0,0,1756,90112,0,0,0,0,0,0,0,0,0,0,0,0,0,0,0,0,0,0,36887,55557,0,249,2841,1925,3585,0,0,210962,0,78233
28,0,3,0,0,0,0,0,746094,0,0,0,0,1909,90112,0,0,0,0,0,0,0,0,0,0,0,0,0,0,0,0,0,0,0,55429,0,95,779,0,2870,0,0,15998,0,84509
28,0,4,0,0,0,0,0,746094,0,0,0,0,1856,90112,0,0,0,0,0,0,0,0,0,0,0,0,0,0,0,0,0,0,0,55204,0,87,0,839,2863,235367,0,0,0,70638
28,0,5,0,0,0,0,0,746094,0,0,0,0,1840,90112,0,0,0,0,0,0,0,0,0,0,0,0,0,0,0,0,0,0,0,55840,3145,148,0,1,3628,0,0,85980,0,78421
28,0,6,0,0,0,0,0,746094,0,0,0,0,47,0,0,0,0,0,0,0,0,0,0,0,0,0,0,0,0,0,0,0,0,0,0,40,98,1,52,0,0,0,0,0
28,0,7,0,0,0,0,0,746094,0,0,0,0,53,0,0,0,0,0,0,0,0,0,0,0,0,0,0,0,0,0,0,0,0,0,0,106,39,0,137,0,0,0,0,0
28,0,8,0,0,0,0,0,746094,0,0,0,0,50,0,0,0,0,0,0,0,0,0,0,0,0,0,0,0,0,0,0,0,0,0,0,52,0,42,107,0,0,0,0,0
28,0,9,0,0,0,0,0,746094,0,0,0,0,47,0,0,0,0,0,0,0,0,0,0,0,0,0,0,0,0,0,0,0,0,0,375,42,0,0,53,0,0,0,0,0
28,0,10,0,0,0,0,0,746094,0,0,0,0,53,0,0,0,0,0,0,0,0,0,0,0,0,0,0,0,0,0,0,0,0,0,0,88,92,0,121,0,0,0,0,0
28,0,11,0,0,0,0,0,746094,0,0,0,0,53,0,0,0,0,0,0,0,0,0,0,0,0,0,0,0,0,0,0,0,0,0,0,41,39,0,94,0,0,0,0,0
28,0,12,0,0,0,0,0,746094,0,0,0,0,47,0,0,0,0,0,0,0,0,0,0,0,0,0,0,0,0,0,0,0,0,0,0,0,0,45,93,0,0,0,0,0
28,0,13,0,0,0,0,0,746094,0,0,0,0,53,0,0,0,0,0,0,0,0,0,0,0,0,0,0,0,0,0,0,0,0,0,168,0,0,0,109,0,0,0,0,0
28,0,14,0,0,0,0,0,746094,0,0,0,0,53,0,0,0,0,0,0,0,0,0,0,0,0,0,0,0,0,0,0,0,0,0,0,0,90,0,63,0,0,0,0,0
28,0,15,0,0,0,0,0,746094,0,0,0,0,51,0,0,0,0,0,0,0,0,0,0,0,0,0,0,0,0,0,0,0,0,0,0,0,29,0,100,0,0,0,0,0
29,0,0,0,0,0,0,0,1492406,0,0,10404,278528,136,0,0,0,0,0,19302,0,0,0,0,0,0,0,0,10404,10404,0,75704,0,208896,278528,0,2899,0,136,284,0,0,0,0,1295138
29,0,1,0,0,0,0,0,746203,19302,0,0,0,7826,0,0,0,0,0,19302,0,0,0,0,0,0,0,0,0,5030,0,37299,0,71530,0,0,965,1151,1974,13619,0,0,230475,0,0
29,0,2,0,0,0,0,0,746203,0,0,0,0,1748,90112,0,0,0,0,0,0,0,0,0,0,0,0,0,0,0,0,0,0,36899,55571,0,249,2841,1926,3570,0,0,210902,0,78209
29,0,3,0,0,0,0,0,746203,0,0,0,0,1901,90112,0,0,0,0,0,0,0,0,0,0,0,0,0,0,0,0,0,0,0,55430,0,95,787,0,2861,0,0,16077,0,84518
29,0,4,0,0,0,0,0,746203,0,0,0,0,1834,90112,0,0,0,0,0,0,0,0,0,0,0,0,0,0,0,0,0,0,0,55208,0,87,0,861,2836,235399,0,0,0,70633
29,0,5,0,0,0,0,0,746203,0,0,0,0,1858,90112,0,0,0,0,0,0,0,0,0,0,0,0,0,0,0,0,0,0,0,55833,3106,148,0,0,3644,0,0,85844,0,78443
29,0,6,0,0,0,0,0,746203,0,0,0,0,47,0,0,0,0,0,0,0,0,0,0,0,0,0,0,0,0,0,0,0,0,0,0,40,98,2,52,0,0,0,0,0
29,0,7,0,0,0,0,0,746203,0,0,0,0,53,0,0,0,0,0,0,0,0,0,0,0,0,0,0,0,0,0,0,0,0,0,0,105,39,0,137,0,0,0,0,0
29,0,8,0,0,0,0,0,746203,0,0,0,0,50,0,0,0,0,0,0,0,0,0,0,0,0,0,0,0,0,0,0,0,0,0,0,52,0,42,107,0,0,0,0,0
29,0,9,0,0,0,0,0,746203,0,0,0,0,47,0,0,0,0,0,0,0,0,0,0,0,0,0,0,0,0,0,0,0,0,0,375,42,0,0,53,0,0,0,0,0
29,0,10,0,0,0,0,0,746203,0,0,0,0,53,0,0,0,0,0,0,0,0,0,0,0,0,0,0,0,0,0,0,0,0,0,0,88,92,0,121,0,0,0,0,0
29,0,11,0,0,0,0,0,746203,0,0,0,0,53,0,0,0,0,0,0,0,0,0,0,0,0,0,0,0,0,0,0,0,0,0,0,42,39,0,94,0,0,0,0,0
29,0,12,0,0,0,0,0,746203,0,0,0,0,47,0,0,0,0,0,0,0,0,0,0,0,0,0,0,0,0,0,0,0,0,0,0,0,0,45,93,0,0,0,0,0
29,0,13,0,0,0,0,0,746203,0,0,0,0,53,0,0,0,0,0,0,0,0,0,0,0,0,0,0,0,0,0,0,0,0,0,168,0,0,0,109,0,0,0,0,0
29,0,14,0,0,0,0,0,746203,0,0,0,0,53,0,0,0,0,0,0,0,0,0,0,0,0,0,0,0,0,0,0,0,0,0,0,0,90,0,63,0,0,0,0,0
29,0,15,0,0,0,0,0,746203,0,0,0,0,51,0,0,0,0,0,0,0,0,0,0,0,0,0,0,0,0,0,0,0,0,0,0,0,29,0,99,0,0,0,0,0
30,0,0,0,0,0,0,0,1492452,0,0,10416,278528,136,0,0,0,0,0,19320,0,0,0,0,0,0,0,0,10416,10416,0,75761,0,208896,278528,0,2899,0,136,284,0,0,0,0,1301403
30,0,1,0,0,0,0,0,746226,19320,0,0,0,7877,0,0,0,0,0,19320,0,0,0,0,0,0,0,0,0,5127,0,37374,0,71468,0,0,961,1190,1900,13721,0,0,233592,0,0
30,0,2,0,0,0,0,0,746226,0,0,0,0,1710,90112,0,0,0,0,0,0,0,0,0,0,0,0,0,0,0,0,0,0,37134,55227,0,249,2838,2020,3524,0,0,212613,0,78223
30,0,3,0,0,0,0,0,746226,0,0,0,0,1855,90112,0,0,0,0,0,0,0,0,0,0,0,0,0,0,0,0,0,0,0,55099,0,94,840,0,2727,0,0,16748,0,84337
30,0,4,0,0,0,0,0,746226,0,0,0,0,1904,90112,0,0,0,0,0,0,0,0,0,0,0,0,0,0,0,0,0,0,0,55138,0,87,0,791,2946,233542,0,0,0,70711
30,0,5,0,0,0,0,0,746226,0,0,0,0,1963,90112,0,0,0,0,0,0,0,0,0,0,0,0,0,0,0,0,0,0,0,55855,3070,148,0,1,3753,0,0,85432,0,78284
30,0,6,0,0,0,0,0,746225,0,0,0,0,47,0,0,0,0,0,0,0,0,0,0,0,0,0,0,0,0,0,0,0,0,0,0,40,98,1,52,0,0,0,0,0
30,0,7,0,0,0,0,0,746226,0,0,0,0,53,0,0,0,0,0,0,0,0,0,0,0,0,0,0,0,0,0,0,0,0,0,0,107,39,0,137,0,0,0,0,0
30,0,8,0,0,0,0,0,746226,0,0,0,0,50,0,0,0,0,0,0,0,0,0,0,0,0,0,0,0,0,0,0,0,0,0,0,52,0,42,107,0,0,0,0,0
30,0,9,0,0,0,0,0,746226,0,0,0,0,47,0,0,0,0,0,0,0,0,0,0,0,0,0,0,0,0,0,0,0,0,0,375,42,0,0,53,0,0,0,0,0
30,0,10,0,0,0,0,0,746226,0,0,0,0,53,0,0,0,0,0,0,0,0,0,0,0,0,0,0,0,0,0,0,0,0,0,0,88,92,0,121,0,0,0,0,0
30,0,11,0,0,0,0,0,746226,0,0,0,0,53,0,0,0,0,0,0,0,0,0,0,0,0,0,0,0,0,0,0,0,0,0,0,40,39,0,94,0,0,0,0,0
30,0,12,0,0,0,0,0,746226,0,0,0,0,47,0,0,0,0,0,0,0,0,0,0,0,0,0,0,0,0,0,0,0,0,0,0,0,0,45,93,0,0,0,0,0
30,0,13,0,0,0,0,0,746226,0,0,0,0,53,0,0,0,0,0,0,0,0,0,0,0,0,0,0,0,0,0,0,0,0,0,168,0,0,0,109,0,0,0,0,0
30,0,14,0,0,0,0,0,746226,0,0,0,0,53,0,0,0,0,0,0,0,0,0,0,0,0,0,0,0,0,0,0,0,0,0,0,0,90,0,63,0,0,0,0,0
30,0,15,0,0,0,0,0,746226,0,0,0,0,51,0,0,0,0,0,0,0,0,0,0,0,0,0,0,0,0,0,0,0,0,0,0,0,29,0,101,0,0,0,0,0
31,0,0,0,0,0,0,0,2203913,0,0,15446,417792,136,0,0,0,0,0,26877,0,0,0,0,0,0,0,0,15446,15446,0,75827,0,348160,417792,0,2693,0,136,284,0,0,0,0,1935265
31,0,1,0,0,0,0,0,1101957,26877,0,0,0,11218,0,0,0,0,0,26877,0,0,0,0,0,0,0,0,0,7449,0,37370,0,141507,0,0,1016,968,3758,19766,0,0,357718,0,0
31,0,2,0,0,0,0,0,1101957,0,0,0,0,1460,90112,0,0,0,0,0,0,0,0,0,0,0,0,0,0,0,0,37157,0,71856,55267,0,2261,2269,3590,2875,0,0,292118,0,73023
31,0,3,0,0,0,0,0,1101957,0,0,0,0,1493,90112,0,0,0,0,0,0,0,0,0,0,0,0,0,0,0,0,35004,0,0,55270,0,1153,744,0,2257,0,0,72139,0,79890
31,0,4,0,0,0,0,0,1101957,0,0,0,0,1646,90112,0,0,0,0,0,0,0,0,0,0,0,0,0,0,0,0,0,0,0,55167,0,87,0,843,2468,815604,0,0,0,65888
31,0,5,0,0,0,0,0,1101957,0,0,0,0,1900,90112,0,0,0,0,0,0,0,0,0,0,0,0,0,0,0,0,0,0,0,55730,5961,150,0,1,3829,0,0,681076,0,65233
31,0,6,0,0,0,0,0,1101956,0,0,0,0,2033,90112,0,0,0,0,0,0,0,0,0,0,0,0,0,0,0,0,0,0,0,54929,0,39,3157,1,3006,0,0,441869,0,71183
31,0,7,0,0,0,0,0,1101957,0,0,0,0,2122,90112,0,0,0,0,0,0,0,0,0,0,0,0,0,0,0,0,0,0,0,53015,0,110,947,0,4124,0,0,153468,0,77189
31,0,8,0,0,0,0,0,1101957,0,0,0,0,51,0,0,0,0,0,0,0,0,0,0,0,0,0,0,0,0,0,0,0,0,0,0,52,0,41,108,0,0,0,0,0
31,0,9,0,0,0,0,0,1101957,0,0,0,0,48,0,0,0,0,0,0,0,0,0,0,0,0,0,0,0,0,0,0,0,0,0,378,41,0,0,53,0,0,0,0,0
31,0,10,0,0,0,0,0,1101957,0,0,0,0,52,0,0,0,0,0,0,0,0,0,0,0,0,0,0,0,0,0,0,0,0,0,0,86,92,0,123,0,0,0,0,0
31,0,11,0,0,0,0,0,1101957,0,0,0,0,52,0,0,0,0,0,0,0,0,0,0,0,0,0,0,0,0,0,0,0,0,0,0,39,40,0,93,0,0,0,0,0
31,0,12,0,0,0,0,0,1101957,0,0,0,0,46,0,0,0,0,0,0,0,0,0,0,0,0,0,0,0,0,0,0,0,0,0,0,0,0,46,92,0,0,0,0,0
31,0,13,0,0,0,0,0,1101957,0,0,0,0,53,0,0,0,0,0,0,0,0,0,0,0,0,0,0,0,0,0,0,0,0,0,165,0,0,0,110,0,0,0,0,0
31,0,14,0,0,0,0,0,1101957,0,0,0,0,52,0,0,0,0,0,0,0,0,0,0,0,0,0,0,0,0,0,0,0,0,0,0,0,92,0,64,0,0,0,0,0
31,0,15,0,0,0,0,0,1101957,0,0,0,0,52,0,0,0,0,0,0,0,0,0,0,0,0,0,0,0,0,0,0,0,0,0,0,0,28,0,105,0,0,0,0,0
32,0,0,0,0,0,0,0,2201945,0,0,15410,417792,136,0,0,0,0,0,26823,0,0,0,0,0,0,0,0,15410,15410,0,75778,0,348160,417792,0,2679,0,136,284,0,0,0,0,1930788
32,0,1,0,0,0,0,0,1100972,26823,0,0,0,11157,0,0,0,0,0,26823,0,0,0,0,0,0,0,0,0,7357,0,37246,0,141374,0,0,1059,940,3768,19688,0,0,352950,0,0
32,0,2,0,0,0,0,0,1100972,0,0,0,0,1478,90112,0,0,0,0,0,0,0,0,0,0,0,0,0,0,0,0,37250,0,71878,55253,0,2203,2248,3622,2885,0,0,287659,0,73024
32,0,3,0,0,0,0,0,1100972,0,0,0,0,1496,90112,0,0,0,0,0,0,0,0,0,0,0,0,0,0,0,0,34937,0,0,55223,0,1109,735,0,2260,0,0,68447,0,79832
32,0,4,0,0,0,0,0,1100972,0,0,0,0,1638,90112,0,0,0,0,0,0,0,0,0,0,0,0,0,0,0,0,0,0,0,55147,0,87,0,837,2431,820103,0,0,0,65906
32,0,5,0,0,0,0,0,1100972,0,0,0,0,1916,90112,0,0,0,0,0,0,0,0,0,0,0,0,0,0,0,0,0,0,0,55757,5963,150,0,1,3804,0,0,686036,0,65621
32,0,6,0,0,0,0,0,1100971,0,0,0,0,2026,90112,0,0,0,0,0,0,0,0,0,0,0,0,0,0,0,0,0,0,0,54923,0,39,3120,1,3051,0,0,444545,0,71184
32,0,7,0,0,0,0,0,1100972,0,0,0,0,2084,90112,0,0,0,0,0,0,0,0,0,0,0,0,0,0,0,0,0,0,0,53076,0,110,979,0,4124,0,0,155925,0,76866
32,0,8,0,0,0,0,0,1100972,0,0,0,0,51,0,0,0,0,0,0,0,0,0,0,0,0,0,0,0,0,0,0,0,0,0,0,52,0,41,108,0,0,0,0,0
32,0,9,0,0,0,0,0,1100972,0,0,0,0,48,0,0,0,0,0,0,0,0,0,0,0,0,0,0,0,0,0,0,0,0,0,379,41,0,0,53,0,0,0,0,0
32,0,10,0,0,0,0,0,1100972,0,0,0,0,52,0,0,0,0,0,0,0,0,0,0,0,0,0,0,0,0,0,0,0,0,0,0,85,92,0,124,0,0,0,0,0
32,0,11,0,0,0,0,0,1100972,0,0,0,0,52,0,0,0,0,0,0,0,0,0,0,0,0,0,0,0,0,0,0,0,0,0,0,39,40,0,93,0,0,0,0,0
32,0,12,0,0,0,0,0,1100972,0,0,0,0,46,0,0,0,0,0,0,0,0,0,0,0,0,0,0,0,0,0,0,0,0,0,0,0,0,46,92,0,0,0,0,0
32,0,13,0,0,0,0,0,1100972,0,0,0,0,53,0,0,0,0,0,0,0,0,0,0,0,0,0,0,0,0,0,0,0,0,0,164,0,0,0,110,0,0,0,0,0
32,0,14,0,0,0,0,0,1100972,0,0,0,0,52,0,0,0,0,0,0,0,0,0,0,0,0,0,0,0,0,0,0,0,0,0,0,0,93,0,65,0,0,0,0,0
32,0,15,0,0,0,0,0,1100972,0,0,0,0,53,0,0,0,0,0,0,0,0,0,0,0,0,0,0,0,0,0,0,0,0,0,0,0,27,0,106,0,0,0,0,0
33,0,0,0,0,0,0,0,2202494,0,0,15420,417792,136,0,0,0,0,0,26838,0,0,0,0,0,0,0,0,15420,15420,0,75787,0,348160,417792,0,2691,0,136,284,0,0,0,0,1937962
33,0,1,0,0,0,0,0,1101247,26838,0,0,0,11138,0,0,0,0,0,26838,0,0,0,0,0,0,0,0,0,7458,0,37308,0,141519,0,0,1056,977,3763,19610,0,0,354701,0,0
33,0,2,0,0,0,0,0,1101247,0,0,0,0,1458,90112,0,0,0,0,0,0,0,0,0,0,0,0,0,0,0,0,37090,0,71868,55237,0,2233,2234,3589,2866,0,0,289158,0,73271
33,0,3,0,0,0,0,0,1101247,0,0,0,0,1463,90112,0,0,0,0,0,0,0,0,0,0,0,0,0,0,0,0,34990,0,0,55283,0,1153,768,0,2212,0,0,70602,0,79770
33,0,4,0,0,0,0,0,1101247,0,0,0,0,1689,90112,0,0,0,0,0,0,0,0,0,0,0,0,0,0,0,0,0,0,0,55212,0,87,0,798,2517,817129,0,0,0,66085
33,0,5,0,0,0,0,0,1101247,0,0,0,0,1910,90112,0,0,0,0,0,0,0,0,0,0,0,0,0,0,0,0,0,0,0,55803,6046,149,0,0,3808,0,0,685117,0,65387
33,0,6,0,0,0,0,0,1101246,0,0,0,0,2017,90112,0,0,0,0,0,0,0,0,0,0,0,0,0,0,0,0,0,0,0,54997,0,34,3095,3,3013,0,0,440295,0,71433
33,0,7,0,0,0,0,0,1101247,0,0,0,0,2055,90112,0,0,0,0,0,0,0,0,0,0,0,0,0,0,0,0,0,0,0,53046,0,106,1004,0,4049,0,0,158783,0,76691
33,0,8,0,0,0,0,0,1101247,0,0,0,0,52,0,0,0,0,0,0,0,0,0,0,0,0,0,0,0,0,0,0,0,0,0,0,52,0,40,109,0,0,0,0,0
33,0,9,0,0,0,0,0,1101247,0,0,0,0,46,0,0,0,0,0,0,0,0,0,0,0,0,0,0,0,0,0,0,0,0,0,377,42,0,0,51,0,0,0,0,0
33,0,10,0,0,0,0,0,1101247,0,0,0,0,53,0,0,0,0,0,0,0,0,0,0,0,0,0,0,0,0,0,0,0,0,0,0,89,92,0,126,0,0,0,0,0
33,0,11,0,0,0,0,0,1101247,0,0,0,0,53,0,0,0,0,0,0,0,0,0,0,0,0,0,0,0,0,0,0,0,0,0,0,43,39,0,94,0,0,0,0,0
33,0,12,0,0,0,0,0,1101247,0,0,0,0,47,0,0,0,0,0,0,0,0,0,0,0,0,0,0,0,0,0,0,0,0,0,0,0,0,45,93,0,0,0,0,0
33,0,13,0,0,0,0,0,1101247,0,0,0,0,53,0,0,0,0,0,0,0,0,0,0,0,0,0,0,0,0,0,0,0,0,0,169,0,0,0,109,0,0,0,0,0
33,0,14,0,0,0,0,0,1101247,0,0,0,0,53,0,0,0,0,0,0,0,0,0,0,0,0,0,0,0,0,0,0,0,0,0,0,0,89,0,62,0,0,0,0,0
33,0,15,0,0,0,0,0,1101247,0,0,0,0,50,0,0,0,0,0,0,0,0,0,0,0,0,0,0,0,0,0,0,0,0,0,0,0,30,0,99,0,0,0,0,0
34,0,0,0,0,0,0,0,2900480,0,0,20382,557056,136,0,0,0,0,0,34290,0,0,0,0,0,0,0,0,20382,20382,0,145305,0,417792,557056,0,5324,0,136,284,0,0,0,0,2674681
34,0,1,0,0,0,0,0,1450240,34290,0,0,0,14624,0,0,0,0,0,34290,0,0,0,0,0,0,0,0,0,9834,0,72106,0,141325,0,0,1975,1789,3510,25680,0,0,346626,0,0
34,0,2,0,0,0,0,0,1450240,0,0,0,0,1115,90112,0,0,0,0,0,0,0,0,0,0,0,0,0,0,0,0,37284,0,71877,55303,0,2331,1639,3389,2235,0,0,294541,0,74070
34,0,3,0,0,0,0,0,1450240,0,0,0,0,1102,90112,0,0,0,0,0,0,0,0,0,0,0,0,0,0,0,0,34993,0,0,55210,0,1237,551,0,1645,0,0,68555,0,81248
34,0,4,0,0,0,0,0,1450240,0,0,0,0,1520,90112,0,0,0,0,0,0,0,0,0,0,0,0,0,0,0,0,34801,0,0,55249,0,985,0,789,2266,1251172,0,0,0,61881
34,0,5,0,0,0,0,0,1450240,0,0,0,0,2004,90112,0,0,0,0,0,0,0,0,0,0,0,0,0,0,0,0,36949,0,0,55856,9015,2034,0,1,4071,0,0,927303,0,63424
34,0,6,0,0,0,0,0,1450239,0,0,0,0,2165,90112,0,0,0,0,0,0,0,0,0,0,0,0,0,0,0,0,0,0,0,54931,0,48,3329,1,3307,0,0,582893,0,68247
34,0,7,0,0,0,0,0,1450240,0,0,0,0,2178,90112,0,0,0,0,0,0,0,0,0,0,0,0,0,0,0,0,0,0,0,53063,0,101,1137,0,4351,0,0,199498,0,77209
34,0,8,0,0,0,0,0,1450240,0,0,0,0,1912,90112,0,0,0,0,0,0,0,0,0,0,0,0,0,0,0,0,0,0,0,53200,0,52,0,989,3882,670642,0,0,0,64390
34,0,9,0,0,0,0,0,1450240,0,0,0,0,1906,90112,0,0,0,0,0,0,0,0,0,0,0,0,0,0,0,0,0,0,0,55141,3202,40,0,1,2839,0,0,208731,0,68599
34,0,10,0,0,0,0,0,1450240,0,0,0,0,52,0,0,0,0,0,0,0,0,0,0,0,0,0,0,0,0,0,0,0,0,0,0,79,86,1,121,0,0,0,0,0
34,0,11,0,0,0,0,0,1450240,0,0,0,0,46,0,0,0,0,0,0,0,0,0,0,0,0,0,0,0,0,0,0,0,0,0,0,44,46,0,92,0,0,0,0,0
34,0,12,0,0,0,0,0,1450240,0,0,0,0,46,0,0,0,0,0,0,0,0,0,0,0,0,0,0,0,0,0,0,0,0,0,0,0,0,46,92,0,0,0,0,0
34,0,13,0,0,0,0,0,1450240,0,0,0,0,52,0,0,0,0,0,0,0,0,0,0,0,0,0,0,0,0,0,0,0,0,0,158,0,0,0,110,0,0,0,0,0
34,0,14,0,0,0,0,0,1450240,0,0,0,0,46,0,0,0,0,0,0,0,0,0,0,0,0,0,0,0,0,0,0,0,0,0,0,0,100,0,65,0,0,0,0,0
34,0,15,0,0,0,0,0,1450240,0,0,0,0,54,0,0,0,0,0,0,0,0,0,0,0,0,0,0,0,0,0,0,0,0,0,0,0,26,0,104,0,0,0,0,0
35,0,0,0,0,0,0,0,2900090,0,0,20412,557056,136,0,0,0,0,0,34338,0,0,0,0,0,0,0,0,20412,20412,0,145359,0,417792,557056,0,5334,0,136,284,0,0,0,0,2676873
35,0,1,0,0,0,0,0,1450045,34338,0,0,0,14676,0,0,0,0,0,34338,0,0,0,0,0,0,0,0,0,9582,0,72132,0,141449,0,0,1963,1815,3474,25700,0,0,346250,0,0
35,0,2,0,0,0,0,0,1450045,0,0,0,0,1091,90112,0,0,0,0,0,0,0,0,0,0,0,0,0,0,0,0,37240,0,71817,55283,0,2381,1651,3368,2224,0,0,290942,0,74487
35,0,3,0,0,0,0,0,1450045,0,0,0,0,1094,90112,0,0,0,0,0,0,0,0,0,0,0,0,0,0,0,0,35016,0,0,55247,0,1239,555,0,1660,0,0,68132,0,81285
35,0,4,0,0,0,0,0,1450045,0,0,0,0,1532,90112,0,0,0,0,0,0,0,0,0,0,0,0,0,0,0,0,34769,0,0,55184,0,984,0,775,2302,1251787,0,0,0,61960
35,0,5,0,0,0,0,0,1450045,0,0,0,0,2011,90112,0,0,0,0,0,0,0,0,0,0,0,0,0,0,0,0,36954,0,0,55851,9065,2052,0,0,4086,0,0,928119,0,63387
35,0,6,0,0,0,0,0,1450044,0,0,0,0,2170,90112,0,0,0,0,0,0,0,0,0,0,0,0,0,0,0,0,0,0,0,54951,0,41,3337,2,3275,0,0,581329,0,70947
35,0,7,0,0,0,0,0,1450045,0,0,0,0,2185,90112,0,0,0,0,0,0,0,0,0,0,0,0,0,0,0,0,0,0,0,53096,0,105,1138,0,4359,0,0,231411,0,74161
35,0,8,0,0,0,0,0,1450045,0,0,0,0,1936,90112,0,0,0,0,0,0,0,0,0,0,0,0,0,0,0,0,0,0,0,53189,0,57,0,977,3914,663737,0,0,0,64745
35,0,9,0,0,0,0,0,1450045,0,0,0,0,1927,90112,0,0,0,0,0,0,0,0,0,0,0,0,0,0,0,0,0,0,0,55153,3190,41,0,2,2853,0,0,207265,0,67989
35,0,10,0,0,0,0,0,1450045,0,0,0,0,54,0,0,0,0,0,0,0,0,0,0,0,0,0,0,0,0,0,0,0,0,0,0,87,91,0,122,0,0,0,0,0
35,0,11,0,0,0,0,0,1450045,0,0,0,0,53,0,0,0,0,0,0,0,0,0,0,0,0,0,0,0,0,0,0,0,0,0,0,46,39,0,94,0,0,0,0,0
35,0,12,0,0,0,0,0,1450045,0,0,0,0,55,0,0,0,0,0,0,0,0,0,0,0,0,0,0,0,0,0,0,0,0,0,0,0,0,37,96,0,0,0,0,0
35,0,13,0,0,0,0,0,1450045,0,0,0,0,51,0,0,0,0,0,0,0,0,0,0,0,0,0,0,0,0,0,0,0,0,0,179,0,0,0,108,0,0,0,0,0
35,0,14,0,0,0,0,0,1450045,0,0,0,0,54,0,0,0,0,0,0,0,0,0,0,0,0,0,0,0,0,0,0,0,0,0,0,0,89,0,65,0,0,0,0,0
35,0,15,0,0,0,0,0,1450045,0,0,0,0,51,0,0,0,0,0,0,0,0,0,0,0,0,0,0,0,0,0,0,0,0,0,0,0,29,0,99,0,0,0,0,0
36,0,0,0,0,0,0,0,2901465,0,0,20442,557056,136,0,0,0,0,0,34383,0,0,0,0,0,0,0,0,20442,20442,0,145437,0,417792,557056,0,5342,0,136,284,0,0,0,0,2680197
36,0,1,0,0,0,0,0,1450733,34383,0,0,0,14738,0,0,0,0,0,34383,0,0,0,0,0,0,0,0,0,9557,0,72435,0,141148,0,0,1914,1817,3489,25752,0,0,343294,0,0
36,0,2,0,0,0,0,0,1450733,0,0,0,0,1071,90112,0,0,0,0,0,0,0,0,0,0,0,0,0,0,0,0,37413,0,71911,55265,0,2337,1685,3420,2185,0,0,293473,0,73911
36,0,3,0,0,0,0,0,1450733,0,0,0,0,1099,90112,0,0,0,0,0,0,0,0,0,0,0,0,0,0,0,0,34871,0,0,55240,0,1216,557,0,1639,0,0,67485,0,81453
36,0,4,0,0,0,0,0,1450733,0,0,0,0,1524,90112,0,0,0,0,0,0,0,0,0,0,0,0,0,0,0,0,34937,0,0,55040,0,1006,0,787,2277,1259407,0,0,0,61995
36,0,5,0,0,0,0,0,1450733,0,0,0,0,2008,90112,0,0,0,0,0,0,0,0,0,0,0,0,0,0,0,0,36947,0,0,55615,9071,2091,0,2,4111,0,0,934546,0,63301
36,0,6,0,0,0,0,0,1450733,0,0,0,0,2206,90112,0,0,0,0,0,0,0,0,0,0,0,0,0,0,0,0,0,0,0,54865,0,48,3288,1,3342,0,0,566001,0,71095
36,0,7,0,0,0,0,0,1450733,0,0,0,0,2179,90112,0,0,0,0,0,0,0,0,0,0,0,0,0,0,0,0,0,0,0,53157,0,100,1138,0,4376,0,0,227599,0,74005
36,0,8,0,0,0,0,0,1450733,0,0,0,0,1952,90112,0,0,0,0,0,0,0,0,0,0,0,0,0,0,0,0,0,0,0,53024,0,52,0,965,3917,677603,0,0,0,62116
36,0,9,0,0,0,0,0,1450733,0,0,0,0,1926,90112,0,0,0,0,0,0,0,0,0,0,0,0,0,0,0,0,0,0,0,55164,3236,40,0,2,2818,0,0,203446,0,71650
36,0,10,0,0,0,0,0,1450733,0,0,0,0,52,0,0,0,0,0,0,0,0,0,0,0,0,0,0,0,0,0,0,0,0,0,0,79,86,0,121,0,0,0,0,0
36,0,11,0,0,0,0,0,1450733,0,0,0,0,46,0,0,0,0,0,0,0,0,0,0,0,0,0,0,0,0,0,0,0,0,0,0,46,46,0,92,0,0,0,0,0
36,0,12,0,0,0,0,0,1450733,0,0,0,0,46,0,0,0,0,0,0,0,0,0,0,0,0,0,0,0,0,0,0,0,0,0,0,0,0,46,92,0,0,0,0,0
36,0,13,0,0,0,0,0,1450733,0,0,0,0,52,0,0,0,0,0,0,0,0,0,0,0,0,0,0,0,0,0,0,0,0,0,159,0,0,0,110,0,0,0,0,0
36,0,14,0,0,0,0,0,1450733,0,0,0,0,46,0,0,0,0,0,0,0,0,0,0,0,0,0,0,0,0,0,0,0,0,0,0,0,99,0,65,0,0,0,0,0
36,0,15,0,0,0,0,0,1450733,0,0,0,0,53,0,0,0,0,0,0,0,0,0,0,0,0,0,0,0,0,0,0,0,0,0,0,0,27,0,101,0,0,0,0,0
37,0,0,0,0,0,0,0,3602632,0,0,25228,696320,136,0,0,0,0,0,41574,0,0,0,0,0,0,0,0,25228,25228,0,145312,0,557056,696320,0,4508,0,136,284,0,0,0,0,3303627
37,0,1,0,0,0,0,0,1801316,41574,0,0,0,17927,0,0,0,0,0,41574,0,0,0,0,0,0,0,0,0,11900,0,72207,0,211000,0,0,2016,1524,5279,31278,0,0,381016,0,0
37,0,2,0,0,0,0,0,1801316,0,0,0,0,903,90112,0,0,0,0,0,0,0,0,0,0,0,0,0,0,0,0,71792,0,107001,55263,0,4459,1392,5363,1840,0,0,321478,0,72071
37,0,3,0,0,0,0,0,1801316,0,0,0,0,902,90112,0,0,0,0,0,0,0,0,0,0,0,0,0,0,0,0,69394,0,0,55259,0,2185,490,0,1369,0,0,79966,0,80178
37,0,4,0,0,0,0,0,1801316,0,0,0,0,1150,90112,0,0,0,0,0,0,0,0,0,0,0,0,0,0,0,0,34812,0,0,55128,0,892,0,595,1721,1595426,0,0,0,65338
37,0,5,0,0,0,0,0,1801316,0,0,0,0,1693,90112,0,0,0,0,0,0,0,0,0,0,0,0,0,0,0,0,36954,0,0,55873,11809,2316,0,0,3413,0,0,1209768,0,60798
37,0,6,0,0,0,0,0,1801315,0,0,0,0,1910,90112,0,0,0,0,0,0,0,0,0,0,0,0,0,0,0,0,37296,0,0,55039,0,1192,2931,3,2883,0,0,751777,0,63527
37,0,7,0,0,0,0,0,1801316,0,0,0,0,1942,90112,0,0,0,0,0,0,0,0,0,0,0,0,0,0,0,0,37400,0,0,53241,0,2495,959,0,3876,0,0,295537,0,71583
37,0,8,0,0,0,0,0,1801316,0,0,0,0,1766,90112,0,0,0,0,0,0,0,0,0,0,0,0,0,0,0,0,0,0,0,53101,0,52,0,883,3577,1490370,0,0,0,60573
37,0,9,0,0,0,0,0,1801316,0,0,0,0,2233,90112,0,0,0,0,0,0,0,0,0,0,0,0,0,0,0,0,0,0,0,55146,6674,41,0,1,3325,0,0,1230412,0,64848
37,0,10,0,0,0,0,0,1801316,0,0,0,0,2433,90112,0,0,0,0,0,0,0,0,0,0,0,0,0,0,0,0,0,0,0,54911,0,86,3605,2,4870,0,0,850388,0,70973
37,0,11,0,0,0,0,0,1801316,0,0,0,0,2431,90112,0,0,0,0,0,0,0,0,0,0,0,0,0,0,0,0,0,0,0,54851,0,43,1178,0,3603,0,0,298150,0,77279
37,0,12,0,0,0,0,0,1801316,0,0,0,0,46,0,0,0,0,0,0,0,0,0,0,0,0,0,0,0,0,0,0,0,0,0,0,0,0,46,92,0,0,0,0,0
37,0,13,0,0,0,0,0,1801316,0,0,0,0,53,0,0,0,0,0,0,0,0,0,0,0,0,0,0,0,0,0,0,0,0,0,168,0,0,0,110,0,0,0,0,0
37,0,14,0,0,0,0,0,1801316,0,0,0,0,52,0,0,0,0,0,0,0,0,0,0,0,0,0,0,0,0,0,0,0,0,0,0,0,89,0,64,0,0,0,0,0
37,0,15,0,0,0,0,0,1801316,0,0,0,0,49,0,0,0,0,0,0,0,0,0,0,0,0,0,0,0,0,0,0,0,0,0,0,0,31,0,102,0,0,0,0,0
38,0,0,0,0,0,0,0,3602428,0,0,25252,696320,136,0,0,0,0,0,41610,0,0,0,0,0,0,0,0,25252,25252,0,145397,0,557056,696320,0,4514,0,136,284,0,0,0,0,3301677
38,0,1,0,0,0,0,0,1801214,41610,0,0,0,18050,0,0,0,0,0,41610,0,0,0,0,0,0,0,0,0,11765,0,72160,0,211003,0,0,2019,1509,5192,31433,0,0,381142,0,0
38,0,2,0,0,0,0,0,1801214,0,0,0,0,925,90112,0,0,0,0,0,0,0,0,0,0,0,0,0,0,0,0,71742,0,107186,55229,0,4466,1401,5448,1866,0,0,321755,0,72089
38,0,3,0,0,0,0,0,1801214,0,0,0,0,929,90112,0,0,0,0,0,0,0,0,0,0,0,0,0,0,0,0,69440,0,0,55158,0,2114,470,0,1385,0,0,79269,0,80157
38,0,4,0,0,0,0,0,1801214,0,0,0,0,1143,90112,0,0,0,0,0,0,0,0,0,0,0,0,0,0,0,0,34880,0,0,55162,0,900,0,602,1693,1599140,0,0,0,64932
38,0,5,0,0,0,0,0,1801214,0,0,0,0,1718,90112,0,0,0,0,0,0,0,0,0,0,0,0,0,0,0,0,37137,0,0,55817,11792,2314,0,1,3447,0,0,1215519,0,60488
38,0,6,0,0,0,0,0,1801214,0,0,0,0,1901,90112,0,0,0,0,0,0,0,0,0,0,0,0,0,0,0,0,37617,0,0,54987,0,1207,2913,1,2850,0,0,745116,0,63326
38,0,7,0,0,0,0,0,1801214,0,0,0,0,1917,90112,0,0,0,0,0,0,0,0,0,0,0,0,0,0,0,0,37456,0,0,53202,0,2518,979,0,3900,0,0,285562,0,71714
38,0,8,0,0,0,0,0,1801214,0,0,0,0,1746,90112,0,0,0,0,0,0,0,0,0,0,0,0,0,0,0,0,0,0,0,53069,0,52,0,909,3555,1489999,0,0,0,60644
38,0,9,0,0,0,0,0,1801214,0,0,0,0,2198,90112,0,0,0,0,0,0,0,0,0,0,0,0,0,0,0,0,0,0,0,55042,6688,36,0,0,3295,0,0,1220362,0,64693
38,0,10,0,0,0,0,0,1801214,0,0,0,0,2413,90112,0,0,0,0,0,0,0,0,0,0,0,0,0,0,0,0,0,0,0,54843,0,75,3615,3,4848,0,0,847575,0,71272
38,0,11,0,0,0,0,0,1801214,0,0,0,0,2419,90112,0,0,0,0,0,0,0,0,0,0,0,0,0,0,0,0,0,0,0,54841,0,40,1192,0,3572,0,0,306013,0,77032
38,0,12,0,0,0,0,0,1801214,0,0,0,0,46,0,0,0,0,0,0,0,0,0,0,0,0,0,0,0,0,0,0,0,0,0,0,0,0,46,92,0,0,0,0,0
38,0,13,0,0,0,0,0,1801214,0,0,0,0,52,0,0,0,0,0,0,0,0,0,0,0,0,0,0,0,0,0,0,0,0,0,162,0,0,0,114,0,0,0,0,0
38,0,14,0,0,0,0,0,1801214,0,0,0,0,48,0,0,0,0,0,0,0,0,0,0,0,0,0,0,0,0,0,0,0,0,0,0,0,96,0,71,0,0,0,0,0
38,0,15,0,0,0,0,0,1801214,0,0,0,0,52,0,0,0,0,0,0,0,0,0,0,0,0,0,0,0,0,0,0,0,0,0,0,0,28,0,108,0,0,0,0,0
39,0,0,0,0,0,0,0,3603609,0,0,25226,696320,136,0,0,0,0,0,41568,0,0,0,0,0,0,0,0,25226,25226,0,145362,0,557056,696320,0,4496,0,136,284,0,0,0,0,3305297
39,0,1,0,0,0,0,0,1801805,41568,0,0,0,17975,0,0,0,0,0,41568,0,0,0,0,0,0,0,0,0,11815,0,72256,0,210939,0,0,2015,1554,5200,31270,0,0,385660,0,0
39,0,2,0,0,0,0,0,1801805,0,0,0,0,899,90112,0,0,0,0,0,0,0,0,0,0,0,0,0,0,0,0,71870,0,107060,55289,0,4518,1424,5411,1824,0,0,322568,0,72044
39,0,3,0,0,0,0,0,1801805,0,0,0,0,927,90112,0,0,0,0,0,0,0,0,0,0,0,0,0,0,0,0,69396,0,0,55225,0,2134,470,0,1404,0,0,80433,0,79831
39,0,4,0,0,0,0,0,1801805,0,0,0,0,1140,90112,0,0,0,0,0,0,0,0,0,0,0,0,0,0,0,0,34794,0,0,55169,0,919,0,595,1714,1597077,0,0,0,65170
39,0,5,0,0,0,0,0,1801805,0,0,0,0,1727,90112,0,0,0,0,0,0,0,0,0,0,0,0,0,0,0,0,36952,0,0,55797,11831,2310,0,1,3448,0,0,1212968,0,60684
39,0,6,0,0,0,0,0,1801804,0,0,0,0,1935,90112,0,0,0,0,0,0,0,0,0,0,0,0,0,0,0,0,37337,0,0,55051,0,1173,2891,2,2872,0,0,754242,0,63200
39,0,7,0,0,0,0,0,1801805,0,0,0,0,1923,90112,0,0,0,0,0,0,0,0,0,0,0,0,0,0,0,0,37361,0,0,53176,0,2523,982,0,3885,0,0,290240,0,71648
39,0,8,0,0,0,0,0,1801805,0,0,0,0,1745,90112,0,0,0,0,0,0,0,0,0,0,0,0,0,0,0,0,0,0,0,53169,0,52,0,902,3527,1487602,0,0,0,60693
39,0,9,0,0,0,0,0,1801805,0,0,0,0,2195,90112,0,0,0,0,0,0,0,0,0,0,0,0,0,0,0,0,0,0,0,55131,6647,42,0,1,3288,0,0,1222499,0,64613
39,0,10,0,0,0,0,0,1801805,0,0,0,0,2399,90112,0,0,0,0,0,0,0,0,0,0,0,0,0,0,0,0,0,0,0,54930,0,87,3649,2,4854,0,0,852663,0,71306
39,0,11,0,0,0,0,0,1801805,0,0,0,0,2441,90112,0,0,0,0,0,0,0,0,0,0,0,0,0,0,0,0,0,0,0,54813,0,44,1168,0,3584,0,0,301521,0,76943
39,0,12,0,0,0,0,0,1801805,0,0,0,0,47,0,0,0,0,0,0,0,0,0,0,0,0,0,0,0,0,0,0,0,0,0,0,0,0,45,93,0,0,0,0,0
39,0,13,0,0,0,0,0,1801805,0,0,0,0,53,0,0,0,0,0,0,0,0,0,0,0,0,0,0,0,0,0,0,0,0,0,164,0,0,0,109,0,0,0,0,0
39,0,14,0,0,0,0,0,1801805,0,0,0,0,53,0,0,0,0,0,0,0,0,0,0,0,0,0,0,0,0,0,0,0,0,0,0,0,94,0,64,0,0,0,0,0
39,0,15,0,0,0,0,0,1801805,0,0,0,0,55,0,0,0,0,0,0,0,0,0,0,0,0,0,0,0,0,0,0,0,0,0,0,0,25,0,107,0,0,0,0,0
40,0,0,0,0,0,0,0,4624557,0,0,32550,905216,136,0,0,0,0,0,52572,0,0,0,0,0,0,0,0,32550,32550,0,214937,0,696320,905216,0,7047,0,136,284,0,0,0,0,4499523
40,0,1,0,0,0,0,0,2312279,52572,0,0,0,22944,0,0,0,0,0,52572,0,0,0,0,0,0,0,0,0,15151,0,107148,0,245619,0,0,2936,2347,5844,39363,0,0,367637,0,0
40,0,2,0,0,0,0,0,2312279,0,0,0,0,736,90112,0,0,0,0,0,0,0,0,0,0,0,0,0,0,0,0,106906,0,106892,55264,0,6493,1053,4786,1418,0,0,314794,0,72149
40,0,3,0,0,0,0,0,2312279,0,0,0,0,699,90112,0,0,0,0,0,0,0,0,0,0,0,0,0,0,0,0,69602,0,0,55215,0,1946,392,0,1059,0,0,80022,0,79753
40,0,4,0,0,0,0,0,2312279,0,0,0,0,875,90112,0,0,0,0,0,0,0,0,0,0,0,0,0,0,0,0,69640,0,0,55156,0,1827,0,468,1332,2217155,0,0,0,65591
40,0,5,0,0,0,0,0,2312279,0,0,0,0,1307,90112,0,0,0,0,0,0,0,0,0,0,0,0,0,0,0,0,72737,0,0,55793,16396,4812,0,0,2630,0,0,1220431,0,60666
40,0,6,0,0,0,0,0,2312279,0,0,0,0,1451,90112,0,0,0,0,0,0,0,0,0,0,0,0,0,0,0,0,71623,0,0,55056,0,2395,2197,2,2178,0,0,768903,0,62354
40,0,7,0,0,0,0,0,2312279,0,0,0,0,1457,90112,0,0,0,0,0,0,0,0,0,0,0,0,0,0,0,0,36947,0,0,53185,0,2596,733,0,2911,0,0,312492,0,70062
40,0,8,0,0,0,0,0,2312279,0,0,0,0,1515,90112,0,0,0,0,0,0,0,0,0,0,0,0,0,0,0,0,36961,0,0,53100,0,2326,0,780,3058,2217100,0,0,0,61517
40,0,9,0,0,0,0,0,2312279,0,0,0,0,2270,90112,0,0,0,0,0,0,0,0,0,0,0,0,0,0,0,0,37565,0,0,55200,11254,1194,0,1,3376,0,0,1873490,0,59180
40,0,10,0,0,0,0,0,2312279,0,0,0,0,2455,90112,0,0,0,0,0,0,0,0,0,0,0,0,0,0,0,0,38125,0,0,55279,0,2550,3673,1,4926,0,0,1104073,0,63232
40,0,11,0,0,0,0,0,2312279,0,0,0,0,2430,90112,0,0,0,0,0,0,0,0,0,0,0,0,0,0,0,0,0,0,0,55198,0,9,1269,0,3626,0,0,387683,0,74945
40,0,12,0,0,0,0,0,2312279,0,0,0,0,2217,90112,0,0,0,0,0,0,0,0,0,0,0,0,0,0,0,0,0,0,0,55235,0,0,0,1168,3284,1819447,0,0,0,59150
40,0,13,0,0,0,0,0,2312279,0,0,0,0,2456,90112,0,0,0,0,0,0,0,0,0,0,0,0,0,0,0,0,0,0,0,54462,5972,0,0,1,4971,0,0,1152288,0,64708
40,0,14,0,0,0,0,0,2312279,0,0,0,0,2473,90112,0,0,0,0,0,0,0,0,0,0,0,0,0,0,0,0,0,0,0,56129,0,0,1269,1,3632,0,0,408471,0,73894
40,0,15,0,0,0,0,0,2312279,0,0,0,0,41,0,0,0,0,0,0,0,0,0,0,0,0,0,0,0,0,0,0,0,0,0,0,0,39,0,130,0,0,0,0,0
41,0,0,0,0,0,0,0,4624881,0,0,32520,905216,136,0,0,0,0,0,52527,0,0,0,0,0,0,0,0,32520,32520,0,214966,0,696320,905216,0,7041,0,136,284,0,0,0,0,4502302
41,0,1,0,0,0,0,0,2312441,52527,0,0,0,23085,0,0,0,0,0,52527,0,0,0,0,0,0,0,0,0,15452,0,107334,0,245681,0,0,2915,2364,5677,39462,0,0,369527,0,0
41,0,2,0,0,0,0,0,2312441,0,0,0,0,710,90112,0,0,0,0,0,0,0,0,0,0,0,0,0,0,0,0,106920,0,106885,55264,0,6611,1097,4782,1441,0,0,313716,0,71960
41,0,3,0,0,0,0,0,2312441,0,0,0,0,713,90112,0,0,0,0,0,0,0,0,0,0,0,0,0,0,0,0,69551,0,0,55205,0,1944,382,0,1087,0,0,78356,0,79746
41,0,4,0,0,0,0,0,2312441,0,0,0,0,861,90112,0,0,0,0,0,0,0,0,0,0,0,0,0,0,0,0,69586,0,0,55105,0,1876,0,480,1289,2221486,0,0,0,65487
41,0,5,0,0,0,0,0,2312441,0,0,0,0,1290,90112,0,0,0,0,0,0,0,0,0,0,0,0,0,0,0,0,72237,0,0,55829,16364,4808,0,1,2618,0,0,1217421,0,60584
41,0,6,0,0,0,0,0,2312441,0,0,0,0,1466,90112,0,0,0,0,0,0,0,0,0,0,0,0,0,0,0,0,71807,0,0,55031,0,2298,2198,1,2156,0,0,756915,0,62872
41,0,7,0,0,0,0,0,2312441,0,0,0,0,1454,90112,0,0,0,0,0,0,0,0,0,0,0,0,0,0,0,0,36989,0,0,53194,0,2532,757,0,2978,0,0,308666,0,68978
41,0,8,0,0,0,0,0,2312441,0,0,0,0,1513,90112,0,0,0,0,0,0,0,0,0,0,0,0,0,0,0,0,36830,0,0,53139,0,2293,0,770,3036,2222547,0,0,0,60868
41,0,9,0,0,0,0,0,2312441,0,0,0,0,2290,90112,0,0,0,0,0,0,0,0,0,0,0,0,0,0,0,0,37585,0,0,55432,11251,1212,0,1,3360,0,0,1845743,0,59053
41,0,10,0,0,0,0,0,2312441,0,0,0,0,2461,90112,0,0,0,0,0,0,0,0,0,0,0,0,0,0,0,0,37567,0,0,55310,0,2589,3686,2,4954,0,0,1040498,0,69581
41,0,11,0,0,0,0,0,2312441,0,0,0,0,2465,90112,0,0,0,0,0,0,0,0,0,0,0,0,0,0,0,0,0,0,0,55115,0,41,1217,0,3677,0,0,408187,0,70639
41,0,12,0,0,0,0,0,2312441,0,0,0,0,2216,90112,0,0,0,0,0,0,0,0,0,0,0,0,0,0,0,0,0,0,0,55263,0,0,0,1177,3324,1827764,0,0,0,59037
41,0,13,0,0,0,0,0,2312441,0,0,0,0,2456,90112,0,0,0,0,0,0,0,0,0,0,0,0,0,0,0,0,0,0,0,54309,5874,0,0,2,4933,0,0,1161489,0,63953
41,0,14,0,0,0,0,0,2312441,0,0,0,0,2403,90112,0,0,0,0,0,0,0,0,0,0,0,0,0,0,0,0,0,0,0,56297,0,0,1325,1,3503,0,0,421998,0,74263
41,0,15,0,0,0,0,0,2312441,0,0,0,0,48,0,0,0,0,0,0,0,0,0,0,0,0,0,0,0,0,0,0,0,0,0,0,0,32,0,105,0,0,0,0,0
42,0,0,0,0,0,0,0,4619639,0,0,32500,905216,136,0,0,0,0,0,52500,0,0,0,0,0,0,0,0,32500,32500,0,214984,0,696320,905216,0,7041,0,136,284,0,0,0,0,4495657
42,0,1,0,0,0,0,0,2309819,52500,0,0,0,22982,0,0,0,0,0,52500,0,0,0,0,0,0,0,0,0,15067,0,107189,0,245646,0,0,3068,2294,5677,39306,0,0,371120,0,0
42,0,2,0,0,0,0,0,2309819,0,0,0,0,744,90112,0,0,0,0,0,0,0,0,0,0,0,0,0,0,0,0,106816,0,106918,55223,0,6511,1070,4867,1469,0,0,314820,0,71893
42,0,3,0,0,0,0,0,2309819,0,0,0,0,722,90112,0,0,0,0,0,0,0,0,0,0,0,0,0,0,0,0,69569,0,0,55158,0,1897,370,0,1045,0,0,77731,0,80097
42,0,4,0,0,0,0,0,2309819,0,0,0,0,868,90112,0,0,0,0,0,0,0,0,0,0,0,0,0,0,0,0,69718,0,0,55167,0,1820,0,467,1274,2216907,0,0,0,65573
42,0,5,0,0,0,0,0,2309819,0,0,0,0,1298,90112,0,0,0,0,0,0,0,0,0,0,0,0,0,0,0,0,71769,0,0,55848,16424,4668,0,1,2615,0,0,1228287,0,60586
42,0,6,0,0,0,0,0,2309819,0,0,0,0,1439,90112,0,0,0,0,0,0,0,0,0,0,0,0,0,0,0,0,71786,0,0,54996,0,2358,2208,2,2163,0,0,769741,0,62427
42,0,7,0,0,0,0,0,2309819,0,0,0,0,1455,90112,0,0,0,0,0,0,0,0,0,0,0,0,0,0,0,0,37016,0,0,53242,0,2615,737,0,2931,0,0,313068,0,69919
42,0,8,0,0,0,0,0,2309819,0,0,0,0,1538,90112,0,0,0,0,0,0,0,0,0,0,0,0,0,0,0,0,36841,0,0,53110,0,2322,0,757,3094,2215724,0,0,0,61025
42,0,9,0,0,0,0,0,2309819,0,0,0,0,2287,90112,0,0,0,0,0,0,0,0,0,0,0,0,0,0,0,0,36792,0,0,55284,11170,1231,0,1,3480,0,0,1762023,0,59178
42,0,10,0,0,0,0,0,2309819,0,0,0,0,2426,90112,0,0,0,0,0,0,0,0,0,0,0,0,0,0,0,0,37936,0,0,55320,0,2515,3713,1,4945,0,0,1135778,0,67516
42,0,11,0,0,0,0,0,2309819,0,0,0,0,2451,90112,0,0,0,0,0,0,0,0,0,0,0,0,0,0,0,0,0,0,0,55113,0,41,1238,0,3586,0,0,407350,0,71959
42,0,12,0,0,0,0,0,2309819,0,0,0,0,2247,90112,0,0,0,0,0,0,0,0,0,0,0,0,0,0,0,0,0,0,0,55294,0,0,0,1140,3320,1882623,0,0,0,59112
42,0,13,0,0,0,0,0,2309819,0,0,0,0,2449,90112,0,0,0,0,0,0,0,0,0,0,0,0,0,0,0,0,0,0,0,55222,5970,0,0,1,4915,0,0,1093934,0,69181
42,0,14,0,0,0,0,0,2309819,0,0,0,0,2445,90112,0,0,0,0,0,0,0,0,0,0,0,0,0,0,0,0,0,0,0,56357,0,0,1282,1,3625,0,0,426171,0,71143
42,0,15,0,0,0,0,0,2309819,0,0,0,0,40,0,0,0,0,0,0,0,0,0,0,0,0,0,0,0,0,0,0,0,0,0,0,0,40,0,97,0,0,0,0,0
43,0,0,0,0,0,0,0,631480,0,0,4098,67584,136,0,0,0,0,0,9822,0,0,0,0,0,0,0,0,4098,4098,0,0,0,87319,67584,0,294,0,136,284,0,0,0,0,77824
43,0,1,0,0,0,0,0,315740,9822,0,0,0,3228,0,0,0,0,0,9822,0,0,0,0,0,0,0,0,0,1438,0,0,0,51966,0,0,84,170,2125,6078,0,0,77824,0,0
43,0,2,0,0,0,0,0,315740,0,0,0,0,2183,77824,0,0,0,0,0,0,0,0,0,0,0,0,0,0,0,0,0,0,0,59929,0,249,2053,282,4398,0,0,0,0,77824
43,0,3,0,0,0,0,0,315740,0,0,0,0,47,0,0,0,0,0,0,0,0,0,0,0,0,0,0,0,0,0,0,0,0,0,0,92,45,0,54,0,0,0,0,0
43,0,4,0,0,0,0,0,315740,0,0,0,0,47,0,0,0,0,0,0,0,0,0,0,0,0,0,0,0,0,0,0,0,0,0,0,87,0,45,62,0,0,0,0,0
43,0,5,0,0,0,0,0,315740,0,0,0,0,47,0,0,0,0,0,0,0,0,0,0,0,0,0,0,0,0,0,0,0,0,0,537,148,0,0,109,0,0,0,0,0
43,0,6,0,0,0,0,0,315740,0,0,0,0,47,0,0,0,0,0,0,0,0,0,0,0,0,0,0,0,0,0,0,0,0,0,0,40,98,0,52,0,0,0,0,0
43,0,7,0,0,0,0,0,315740,0,0,0,0,53,0,0,0,0,0,0,0,0,0,0,0,0,0,0,0,0,0,0,0,0,0,0,104,39,0,140,0,0,0,0,0
43,0,8,0,0,0,0,0,315740,0,0,0,0,50,0,0,0,0,0,0,0,0,0,0,0,0,0,0,0,0,0,0,0,0,0,0,52,0,42,107,0,0,0,0,0
43,0,9,0,0,0,0,0,315740,0,0,0,0,47,0,0,0,0,0,0,0,0,0,0,0,0,0,0,0,0,0,0,0,0,0,365,42,0,0,53,0,0,0,0,0
43,0,10,0,0,0,0,0,315740,0,0,0,0,53,0,0,0,0,0,0,0,0,0,0,0,0,0,0,0,0,0,0,0,0,0,0,91,92,0,118,0,0,0,0,0
43,0,11,0,0,0,0,0,315740,0,0,0,0,53,0,0,0,0,0,0,0,0,0,0,0,0,0,0,0,0,0,0,0,0,0,0,40,39,0,94,0,0,0,0,0
43,0,12,0,0,0,0,0,315740,0,0,0,0,47,0,0,0,0,0,0,0,0,0,0,0,0,0,0,0,0,0,0,0,0,0,0,0,0,45,93,0,0,0,0,0
43,0,13,0,0,0,0,0,315740,0,0,0,0,53,0,0,0,0,0,0,0,0,0,0,0,0,0,0,0,0,0,0,0,0,0,178,0,0,0,109,0,0,0,0,0
43,0,14,0,0,0,0,0,315740,0,0,0,0,53,0,0,0,0,0,0,0,0,0,0,0,0,0,0,0,0,0,0,0,0,0,0,0,80,0,60,0,0,0,0,0
43,0,15,0,0,0,0,0,315740,0,0,0,0,41,0,0,0,0,0,0,0,0,0,0,0,0,0,0,0,0,0,0,0,0,0,0,0,39,0,88,0,0,0,0,0
44,0,0,0,0,0,0,0,631931,0,0,4098,67584,136,0,0,0,0,0,9825,0,0,0,0,0,0,0,0,4098,4098,0,0,0,87308,67584,0,294,0,136,284,0,0,0,0,77824
44,0,1,0,0,0,0,0,315966,9825,0,0,0,3235,0,0,0,0,0,9825,0,0,0,0,0,0,0,0,0,1398,0,0,0,51894,0,0,76,172,2124,6109,0,0,77824,0,0
44,0,2,0,0,0,0,0,315966,0,0,0,0,2196,77824,0,0,0,0,0,0,0,0,0,0,0,0,0,0,0,0,0,0,0,59990,0,255,2040,267,4421,0,0,0,0,77824
44,0,3,0,0,0,0,0,315966,0,0,0,0,47,0,0,0,0,0,0,0,0,0,0,0,0,0,0,0,0,0,0,0,0,0,0,100,45,0,61,0,0,0,0,0
44,0,4,0,0,0,0,0,315966,0,0,0,0,47,0,0,0,0,0,0,0,0,0,0,0,0,0,0,0,0,0,0,0,0,0,0,87,0,45,70,0,0,0,0,0
44,0,5,0,0,0,0,0,315966,0,0,0,0,47,0,0,0,0,0,0,0,0,0,0,0,0,0,0,0,0,0,0,0,0,0,526,148,0,0,117,0,0,0,0,0
44,0,6,0,0,0,0,0,315966,0,0,0,0,47,0,0,0,0,0,0,0,0,0,0,0,0,0,0,0,0,0,0,0,0,0,0,34,98,0,52,0,0,0,0,0
44,0,7,0,0,0,0,0,315966,0,0,0,0,53,0,0,0,0,0,0,0,0,0,0,0,0,0,0,0,0,0,0,0,0,0,0,104,39,0,132,0,0,0,0,0
44,0,8,0,0,0,0,0,315966,0,0,0,0,50,0,0,0,0,0,0,0,0,0,0,0,0,0,0,0,0,0,0,0,0,0,0,52,0,42,107,0,0,0,0,0
44,0,9,0,0,0,0,0,315966,0,0,0,0,47,0,0,0,0,0,0,0,0,0,0,0,0,0,0,0,0,0,0,0,0,0,376,42,0,0,53,0,0,0,0,0
44,0,10,0,0,0,0,0,315966,0,0,0,0,53,0,0,0,0,0,0,0,0,0,0,0,0,0,0,0,0,0,0,0,0,0,0,89,92,0,126,0,0,0,0,0
44,0,11,0,0,0,0,0,315966,0,0,0,0,53,0,0,0,0,0,0,0,0,0,0,0,0,0,0,0,0,0,0,0,0,0,0,40,39,0,94,0,0,0,0,0
44,0,12,0,0,0,0,0,315966,0,0,0,0,47,0,0,0,0,0,0,0,0,0,0,0,0,0,0,0,0,0,0,0,0,0,0,0,0,45,93,0,0,0,0,0
44,0,13,0,0,0,0,0,315966,0,0,0,0,53,0,0,0,0,0,0,0,0,0,0,0,0,0,0,0,0,0,0,0,0,0,167,0,0,0,109,0,0,0,0,0
44,0,14,0,0,0,0,0,315965,0,0,0,0,53,0,0,0,0,0,0,0,0,0,0,0,0,0,0,0,0,0,0,0,0,0,0,0,91,0,62,0,0,0,0,0
44,0,15,0,0,0,0,0,315966,0,0,0,0,52,0,0,0,0,0,0,0,0,0,0,0,0,0,0,0,0,0,0,0,0,0,0,0,28,0,99,0,0,0,0,0
45,0,0,0,0,0,0,0,631817,0,0,4098,67584,136,0,0,0,0,0,9825,0,0,0,0,0,0,0,0,4098,4098,0,0,0,87300,67584,0,294,0,136,284,0,0,0,0,77824
45,0,1,0,0,0,0,0,315909,9825,0,0,0,3242,0,0,0,0,0,9825,0,0,0,0,0,0,0,0,0,1386,0,0,0,51875,0,0,84,171,2110,6107,0,0,77824,0,0
45,0,2,0,0,0,0,0,315909,0,0,0,0,2197,77824,0,0,0,0,0,0,0,0,0,0,0,0,0,0,0,0,0,0,0,60001,0,249,2038,283,4427,0,0,0,0,77824
45,0,3,0,0,0,0,0,315909,0,0,0,0,47,0,0,0,0,0,0,0,0,0,0,0,0,0,0,0,0,0,0,0,0,0,0,91,45,0,54,0,0,0,0,0
45,0,4,0,0,0,0,0,315909,0,0,0,0,47,0,0,0,0,0,0,0,0,0,0,0,0,0,0,0,0,0,0,0,0,0,0,87,0,45,62,0,0,0,0,0
45,0,5,0,0,0,0,0,315909,0,0,0,0,47,0,0,0,0,0,0,0,0,0,0,0,0,0,0,0,0,0,0,0,0,0,537,148,0,0,109,0,0,0,0,0
45,0,6,0,0,0,0,0,315909,0,0,0,0,47,0,0,0,0,0,0,0,0,0,0,0,0,0,0,0,0,0,0,0,0,0,0,40,98,0,52,0,0,0,0,0
45,0,7,0,0,0,0,0,315909,0,0,0,0,53,0,0,0,0,0,0,0,0,0,0,0,0,0,0,0,0,0,0,0,0,0,0,105,39,0,140,0,0,0,0,0
45,0,8,0,0,0,0,0,315909,0,0,0,0,50,0,0,0,0,0,0,0,0,0,0,0,0,0,0,0,0,0,0,0,0,0,0,52,0,42,107,0,0,0,0,0
45,0,9,0,0,0,0,0,315909,0,0,0,0,47,0,0,0,0,0,0,0,0,0,0,0,0,0,0,0,0,0,0,0,0,0,365,42,0,0,53,0,0,0,0,0
45,0,10,0,0,0,0,0,315909,0,0,0,0,53,0,0,0,0,0,0,0,0,0,0,0,0,0,0,0,0,0,0,0,0,0,0,91,92,0,118,0,0,0,0,0
45,0,11,0,0,0,0,0,315909,0,0,0,0,53,0,0,0,0,0,0,0,0,0,0,0,0,0,0,0,0,0,0,0,0,0,0,39,39,0,94,0,0,0,0,0
45,0,12,0,0,0,0,0,315909,0,0,0,0,47,0,0,0,0,0,0,0,0,0,0,0,0,0,0,0,0,0,0,0,0,0,0,0,0,45,93,0,0,0,0,0
45,0,13,0,0,0,0,0,315909,0,0,0,0,53,0,0,0,0,0,0,0,0,0,0,0,0,0,0,0,0,0,0,0,0,0,178,0,0,0,109,0,0,0,0,0
45,0,14,0,0,0,0,0,315909,0,0,0,0,53,0,0,0,0,0,0,0,0,0,0,0,0,0,0,0,0,0,0,0,0,0,0,0,80,0,60,0,0,0,0,0
45,0,15,0,0,0,0,0,315909,0,0,0,0,41,0,0,0,0,0,0,0,0,0,0,0,0,0,0,0,0,0,0,0,0,0,0,0,39,0,89,0,0,0,0,0
46,0,0,0,0,0,0,0,656266,0,0,4100,135168,136,0,0,0,0,0,9834,0,0,0,0,0,0,0,0,4100,4100,0,0,0,156300,135168,0,294,0,136,284,0,0,0,0,227562
46,0,1,0,0,0,0,0,328133,9834,0,0,0,3521,0,0,0,0,0,9834,0,0,0,0,0,0,0,0,0,311,0,0,0,94121,0,0,76,172,1841,6295,0,0,87479,0,0
46,0,2,0,0,0,0,0,328133,0,0,0,0,1416,77824,0,0,0,0,0,0,0,0,0,0,0,0,0,0,0,0,0,0,50075,61256,0,255,2140,1415,2779,0,0,76825,0,77824
46,0,3,0,0,0,0,0,328133,0,0,0,0,1416,77824,0,0,0,0,0,0,0,0,0,0,0,0,0,0,0,0,0,0,0,60993,0,100,725,0,2333,0,0,0,0,77824
46,0,4,0,0,0,0,0,328133,0,0,0,0,47,0,0,0,0,0,0,0,0,0,0,0,0,0,0,0,0,0,0,0,0,0,0,87,0,45,70,0,0,0,0,0
46,0,5,0,0,0,0,0,328133,0,0,0,0,47,0,0,0,0,0,0,0,0,0,0,0,0,0,0,0,0,0,0,0,0,0,526,148,0,0,117,0,0,0,0,0
46,0,6,0,0,0,0,0,328133,0,0,0,0,47,0,0,0,0,0,0,0,0,0,0,0,0,0,0,0,0,0,0,0,0,0,0,34,98,0,52,0,0,0,0,0
46,0,7,0,0,0,0,0,328133,0,0,0,0,53,0,0,0,0,0,0,0,0,0,0,0,0,0,0,0,0,0,0,0,0,0,0,105,39,0,132,0,0,0,0,0
46,0,8,0,0,0,0,0,328133,0,0,0,0,50,0,0,0,0,0,0,0,0,0,0,0,0,0,0,0,0,0,0,0,0,0,0,52,0,42,107,0,0,0,0,0
46,0,9,0,0,0,0,0,328133,0,0,0,0,47,0,0,0,0,0,0,0,0,0,0,0,0,0,0,0,0,0,0,0,0,0,376,42,0,0,53,0,0,0,0,0
46,0,10,0,0,0,0,0,328133,0,0,0,0,53,0,0,0,0,0,0,0,0,0,0,0,0,0,0,0,0,0,0,0,0,0,0,89,92,0,126,0,0,0,0,0
46,0,11,0,0,0,0,0,328133,0,0,0,0,53,0,0,0,0,0,0,0,0,0,0,0,0,0,0,0,0,0,0,0,0,0,0,40,39,0,94,0,0,0,0,0
46,0,12,0,0,0,0,0,328133,0,0,0,0,47,0,0,0,0,0,0,0,0,0,0,0,0,0,0,0,0,0,0,0,0,0,0,0,0,45,93,0,0,0,0,0
46,0,13,0,0,0,0,0,328133,0,0,0,0,53,0,0,0,0,0,0,0,0,0,0,0,0,0,0,0,0,0,0,0,0,0,167,0,0,0,109,0,0,0,0,0
46,0,14,0,0,0,0,0,328133,0,0,0,0,53,0,0,0,0,0,0,0,0,0,0,0,0,0,0,0,0,0,0,0,0,0,0,0,91,0,62,0,0,0,0,0
46,0,15,0,0,0,0,0,328133,0,0,0,0,52,0,0,0,0,0,0,0,0,0,0,0,0,0,0,0,0,0,0,0,0,0,0,0,28,0,100,0,0,0,0,0
47,0,0,0,0,0,0,0,656321,0,0,4100,135168,136,0,0,0,0,0,9834,0,0,0,0,0,0,0,0,4100,4100,0,0,0,158137,135168,0,294,0,136,284,0,0,0,0,232273
47,0,1,0,0,0,0,0,328161,9834,0,0,0,3811,0,0,0,0,0,9834,0,0,0,0,0,0,0,0,0,1040,0,0,0,94555,0,0,78,168,1553,6292,0,0,75373,0,0
47,0,2,0,0,0,0,0,328161,0,0,0,0,1118,77824,0,0,0,0,0,0,0,0,0,0,0,0,0,0,0,0,0,0,52992,59742,0,249,2434,1743,2447,0,0,79704,0,77824
47,0,3,0,0,0,0,0,328161,0,0,0,0,1411,77824,0,0,0,0,0,0,0,0,0,0,0,0,0,0,0,0,0,0,0,59520,0,99,729,0,2002,0,0,0,0,77824
47,0,4,0,0,0,0,0,328161,0,0,0,0,47,0,0,0,0,0,0,0,0,0,0,0,0,0,0,0,0,0,0,0,0,0,0,87,0,45,68,0,0,0,0,0
47,0,5,0,0,0,0,0,328161,0,0,0,0,47,0,0,0,0,0,0,0,0,0,0,0,0,0,0,0,0,0,0,0,0,0,525,148,0,0,115,0,0,0,0,0
47,0,6,0,0,0,0,0,328161,0,0,0,0,47,0,0,0,0,0,0,0,0,0,0,0,0,0,0,0,0,0,0,0,0,0,0,40,98,0,52,0,0,0,0,0
47,0,7,0,0,0,0,0,328161,0,0,0,0,53,0,0,0,0,0,0,0,0,0,0,0,0,0,0,0,0,0,0,0,0,0,0,104,39,0,134,0,0,0,0,0
47,0,8,0,0,0,0,0,328161,0,0,0,0,50,0,0,0,0,0,0,0,0,0,0,0,0,0,0,0,0,0,0,0,0,0,0,52,0,42,107,0,0,0,0,0
47,0,9,0,0,0,0,0,328161,0,0,0,0,47,0,0,0,0,0,0,0,0,0,0,0,0,0,0,0,0,0,0,0,0,0,377,42,0,0,53,0,0,0,0,0
47,0,10,0,0,0,0,0,328161,0,0,0,0,53,0,0,0,0,0,0,0,0,0,0,0,0,0,0,0,0,0,0,0,0,0,0,85,92,0,124,0,0,0,0,0
47,0,11,0,0,0,0,0,328161,0,0,0,0,53,0,0,0,0,0,0,0,0,0,0,0,0,0,0,0,0,0,0,0,0,0,0,41,39,0,94,0,0,0,0,0
47,0,12,0,0,0,0,0,328161,0,0,0,0,47,0,0,0,0,0,0,0,0,0,0,0,0,0,0,0,0,0,0,0,0,0,0,0,0,45,93,0,0,0,0,0
47,0,13,0,0,0,0,0,328161,0,0,0,0,53,0,0,0,0,0,0,0,0,0,0,0,0,0,0,0,0,0,0,0,0,0,166,0,0,0,109,0,0,0,0,0
47,0,14,0,0,0,0,0,328160,0,0,0,0,53,0,0,0,0,0,0,0,0,0,0,0,0,0,0,0,0,0,0,0,0,0,0,0,92,0,66,0,0,0,0,0
47,0,15,0,0,0,0,0,328161,0,0,0,0,53,0,0,0,0,0,0,0,0,0,0,0,0,0,0,0,0,0,0,0,0,0,0,0,27,0,100,0,0,0,0,0
48,0,0,0,0,0,0,0,656529,0,0,4102,135168,136,0,0,0,0,0,9834,0,0,0,0,0,0,0,0,4102,4102,0,0,0,158131,135168,0,294,0,136,284,0,0,0,0,232306
48,0,1,0,0,0,0,0,328265,9834,0,0,0,3834,0,0,0,0,0,9834,0,0,0,0,0,0,0,0,0,1045,0,0,0,94559,0,0,80,165,1533,6377,0,0,75736,0,0
48,0,2,0,0,0,0,0,328265,0,0,0,0,1160,77824,0,0,0,0,0,0,0,0,0,0,0,0,0,0,0,0,0,0,52977,59747,0,249,2374,1736,2518,0,0,79712,0,77824
48,0,3,0,0,0,0,0,328265,0,0,0,0,1394,77824,0,0,0,0,0,0,0,0,0,0,0,0,0,0,0,0,0,0,0,59527,0,96,749,0,1996,0,0,0,0,77824
48,0,4,0,0,0,0,0,328265,0,0,0,0,47,0,0,0,0,0,0,0,0,0,0,0,0,0,0,0,0,0,0,0,0,0,0,87,0,45,66,0,0,0,0,0
48,0,5,0,0,0,0,0,328265,0,0,0,0,47,0,0,0,0,0,0,0,0,0,0,0,0,0,0,0,0,0,0,0,0,0,525,148,0,0,113,0,0,0,0,0
48,0,6,0,0,0,0,0,328265,0,0,0,0,47,0,0,0,0,0,0,0,0,0,0,0,0,0,0,0,0,0,0,0,0,0,0,40,98,0,52,0,0,0,0,0
48,0,7,0,0,0,0,0,328265,0,0,0,0,53,0,0,0,0,0,0,0,0,0,0,0,0,0,0,0,0,0,0,0,0,0,0,105,39,0,136,0,0,0,0,0
48,0,8,0,0,0,0,0,328265,0,0,0,0,50,0,0,0,0,0,0,0,0,0,0,0,0,0,0,0,0,0,0,0,0,0,0,52,0,42,107,0,0,0,0,0
48,0,9,0,0,0,0,0,328265,0,0,0,0,47,0,0,0,0,0,0,0,0,0,0,0,0,0,0,0,0,0,0,0,0,0,377,42,0,0,53,0,0,0,0,0
48,0,10,0,0,0,0,0,328265,0,0,0,0,53,0,0,0,0,0,0,0,0,0,0,0,0,0,0,0,0,0,0,0,0,0,0,87,92,0,122,0,0,0,0,0
48,0,11,0,0,0,0,0,328265,0,0,0,0,53,0,0,0,0,0,0,0,0,0,0,0,0,0,0,0,0,0,0,0,0,0,0,40,39,0,94,0,0,0,0,0
48,0,12,0,0,0,0,0,328265,0,0,0,0,47,0,0,0,0,0,0,0,0,0,0,0,0,0,0,0,0,0,0,0,0,0,0,0,0,45,93,0,0,0,0,0
48,0,13,0,0,0,0,0,328265,0,0,0,0,53,0,0,0,0,0,0,0,0,0,0,0,0,0,0,0,0,0,0,0,0,0,166,0,0,0,109,0,0,0,0,0
48,0,14,0,0,0,0,0,328265,0,0,0,0,53,0,0,0,0,0,0,0,0,0,0,0,0,0,0,0,0,0,0,0,0,0,0,0,92,0,64,0,0,0,0,0
48,0,15,0,0,0,0,0,328265,0,0,0,0,53,0,0,0,0,0,0,0,0,0,0,0,0,0,0,0,0,0,0,0,0,0,0,0,27,0,101,0,0,0,0,0
49,0,0,0,0,0,0,0,1102166,0,0,6948,270336,136,0,0,0,0,0,14118,0,0,0,0,0,0,0,0,6948,6948,0,103264,0,245917,270336,0,2043,0,136,284,0,0,0,0,902897
49,0,1,0,0,0,0,0,551083,14118,0,0,0,5649,0,0,0,0,0,14118,0,0,0,0,0,0,0,0,0,3206,0,51153,0,95260,0,0,654,791,1366,9854,0,0,346072,0,0
49,0,2,0,0,0,0,0,551083,0,0,0,0,1258,77824,0,0,0,0,0,0,0,0,0,0,0,0,0,0,0,0,0,0,51222,60319,0,249,1763,1377,2492,0,0,309613,0,64922
49,0,3,0,0,0,0,0,551083,0,0,0,0,1205,77824,0,0,0,0,0,0,0,0,0,0,0,0,0,0,0,0,0,0,0,60404,0,95,612,0,1841,0,0,59082,0,67573
49,0,4,0,0,0,0,0,551083,0,0,0,0,1265,77824,0,0,0,0,0,0,0,0,0,0,0,0,0,0,0,0,0,0,0,60036,0,87,0,574,1908,107396,0,0,0,68813
49,0,5,0,0,0,0,0,551083,0,0,0,0,1221,77824,0,0,0,0,0,0,0,0,0,0,0,0,0,0,0,0,0,0,0,60785,2316,148,0,2,2462,0,0,16603,0,70405
49,0,6,0,0,0,0,0,551083,0,0,0,0,47,0,0,0,0,0,0,0,0,0,0,0,0,0,0,0,0,0,0,0,0,0,0,40,98,0,52,0,0,0,0,0
49,0,7,0,0,0,0,0,551083,0,0,0,0,53,0,0,0,0,0,0,0,0,0,0,0,0,0,0,0,0,0,0,0,0,0,0,107,39,0,137,0,0,0,0,0
49,0,8,0,0,0,0,0,551083,0,0,0,0,50,0,0,0,0,0,0,0,0,0,0,0,0,0,0,0,0,0,0,0,0,0,0,52,0,42,107,0,0,0,0,0
49,0,9,0,0,0,0,0,551083,0,0,0,0,47,0,0,0,0,0,0,0,0,0,0,0,0,0,0,0,0,0,0,0,0,0,375,42,0,0,53,0,0,0,0,0
49,0,10,0,0,0,0,0,551083,0,0,0,0,53,0,0,0,0,0,0,0,0,0,0,0,0,0,0,0,0,0,0,0,0,0,0,88,92,0,121,0,0,0,0,0
49,0,11,0,0,0,0,0,551083,0,0,0,0,53,0,0,0,0,0,0,0,0,0,0,0,0,0,0,0,0,0,0,0,0,0,0,40,39,0,94,0,0,0,0,0
49,0,12,0,0,0,0,0,551083,0,0,0,0,47,0,0,0,0,0,0,0,0,0,0,0,0,0,0,0,0,0,0,0,0,0,0,0,0,45,93,0,0,0,0,0
49,0,13,0,0,0,0,0,551083,0,0,0,0,53,0,0,0,0,0,0,0,0,0,0,0,0,0,0,0,0,0,0,0,0,0,168,0,0,0,109,0,0,0,0,0
49,0,14,0,0,0,0,0,551083,0,0,0,0,53,0,0,0,0,0,0,0,0,0,0,0,0,0,0,0,0,0,0,0,0,0,0,0,90,0,63,0,0,0,0,0
49,0,15,0,0,0,0,0,551083,0,0,0,0,51,0,0,0,0,0,0,0,0,0,0,0,0,0,0,0,0,0,0,0,0,0,0,0,29,0,101,0,0,0,0,0
50,0,0,0,0,0,0,0,1100348,0,0,6742,270336,136,0,0,0,0,0,13806,0,0,0,0,0,0,0,0,6742,6742,0,103735,0,246979,270336,0,1983,0,136,284,0,0,0,0,903761
50,0,1,0,0,0,0,0,550174,13806,0,0,0,5165,0,0,0,0,0,13806,0,0,0,0,0,0,0,0,0,2756,0,50703,0,95641,0,0,646,871,1572,9302,0,0,352633,0,0
50,0,2,0,0,0,0,0,550174,0,0,0,0,1240,77824,0,0,0,0,0,0,0,0,0,0,0,0,0,0,0,0,0,0,51487,59841,0,249,1822,1261,2300,0,0,325414,0,63342
50,0,3,0,0,0,0,0,550174,0,0,0,0,1288,77824,0,0,0,0,0,0,0,0,0,0,0,0,0,0,0,0,0,0,0,60255,0,95,487,0,1998,0,0,50001,0,68252
50,0,4,0,0,0,0,0,550174,0,0,0,0,1154,77824,0,0,0,0,0,0,0,0,0,0,0,0,0,0,0,0,0,0,0,60238,0,87,0,625,1876,100069,0,0,0,68877
50,0,5,0,0,0,0,0,550174,0,0,0,0,1247,77824,0,0,0,0,0,0,0,0,0,0,0,0,0,0,0,0,0,0,0,61413,2119,148,0,0,2434,0,0,15290,0,70421
50,0,6,0,0,0,0,0,550174,0,0,0,0,47,0,0,0,0,0,0,0,0,0,0,0,0,0,0,0,0,0,0,0,0,0,0,40,98,2,52,0,0,0,0,0
50,0,7,0,0,0,0,0,550174,0,0,0,0,53,0,0,0,0,0,0,0,0,0,0,0,0,0,0,0,0,0,0,0,0,0,0,105,39,0,137,0,0,0,0,0
50,0,8,0,0,0,0,0,550174,0,0,0,0,50,0,0,0,0,0,0,0,0,0,0,0,0,0,0,0,0,0,0,0,0,0,0,52,0,42,107,0,0,0,0,0
50,0,9,0,0,0,0,0,550174,0,0,0,0,47,0,0,0,0,0,0,0,0,0,0,0,0,0,0,0,0,0,0,0,0,0,375,42,0,0,53,0,0,0,0,0
50,0,10,0,0,0,0,0,550174,0,0,0,0,53,0,0,0,0,0,0,0,0,0,0,0,0,0,0,0,0,0,0,0,0,0,0,88,92,0,121,0,0,0,0,0
50,0,11,0,0,0,0,0,550174,0,0,0,0,53,0,0,0,0,0,0,0,0,0,0,0,0,0,0,0,0,0,0,0,0,0,0,42,39,0,94,0,0,0,0,0
50,0,12,0,0,0,0,0,550174,0,0,0,0,47,0,0,0,0,0,0,0,0,0,0,0,0,0,0,0,0,0,0,0,0,0,0,0,0,45,93,0,0,0,0,0
50,0,13,0,0,0,0,0,550174,0,0,0,0,53,0,0,0,0,0,0,0,0,0,0,0,0,0,0,0,0,0,0,0,0,0,168,0,0,0,109,0,0,0,0,0
50,0,14,0,0,0,0,0,550173,0,0,0,0,53,0,0,0,0,0,0,0,0,0,0,0,0,0,0,0,0,0,0,0,0,0,0,0,90,0,63,0,0,0,0,0
50,0,15,0,0,0,0,0,550174,0,0,0,0,51,0,0,0,0,0,0,0,0,0,0,0,0,0,0,0,0,0,0,0,0,0,0,0,29,0,99,0,0,0,0,0
51,0,0,0,0,0,0,0,1100591,0,0,6940,270336,136,0,0,0,0,0,14106,0,0,0,0,0,0,0,0,6940,6940,0,103384,0,245739,270336,0,2039,0,136,284,0,0,0,0,903890
51,0,1,0,0,0,0,0,550296,14106,0,0,0,5619,0,0,0,0,0,14106,0,0,0,0,0,0,0,0,0,3254,0,51152,0,95382,0,0,682,766,1385,9770,0,0,347628,0,0
51,0,2,0,0,0,0,0,550296,0,0,0,0,1256,77824,0,0,0,0,0,0,0,0,0,0,0,0,0,0,0,0,0,0,51141,60300,0,249,1783,1395,2453,0,0,307677,0,65139
51,0,3,0,0,0,0,0,550296,0,0,0,0,1223,77824,0,0,0,0,0,0,0,0,0,0,0,0,0,0,0,0,0,0,0,60483,0,95,594,0,1841,0,0,60438,0,67476
51,0,4,0,0,0,0,0,550296,0,0,0,0,1290,77824,0,0,0,0,0,0,0,0,0,0,0,0,0,0,0,0,0,0,0,60051,0,87,0,545,1908,108168,0,0,0,68749
51,0,5,0,0,0,0,0,550296,0,0,0,0,1216,77824,0,0,0,0,0,0,0,0,0,0,0,0,0,0,0,0,0,0,0,60646,2342,148,0,2,2425,0,0,16709,0,70411
51,0,6,0,0,0,0,0,550296,0,0,0,0,47,0,0,0,0,0,0,0,0,0,0,0,0,0,0,0,0,0,0,0,0,0,0,40,98,0,52,0,0,0,0,0
51,0,7,0,0,0,0,0,550296,0,0,0,0,53,0,0,0,0,0,0,0,0,0,0,0,0,0,0,0,0,0,0,0,0,0,0,107,39,0,137,0,0,0,0,0
51,0,8,0,0,0,0,0,550296,0,0,0,0,50,0,0,0,0,0,0,0,0,0,0,0,0,0,0,0,0,0,0,0,0,0,0,52,0,42,107,0,0,0,0,0
51,0,9,0,0,0,0,0,550296,0,0,0,0,47,0,0,0,0,0,0,0,0,0,0,0,0,0,0,0,0,0,0,0,0,0,375,42,0,0,53,0,0,0,0,0
51,0,10,0,0,0,0,0,550296,0,0,0,0,53,0,0,0,0,0,0,0,0,0,0,0,0,0,0,0,0,0,0,0,0,0,0,88,92,0,121,0,0,0,0,0
51,0,11,0,0,0,0,0,550296,0,0,0,0,53,0,0,0,0,0,0,0,0,0,0,0,0,0,0,0,0,0,0,0,0,0,0,40,39,0,94,0,0,0,0,0
51,0,12,0,0,0,0,0,550296,0,0,0,0,47,0,0,0,0,0,0,0,0,0,0,0,0,0,0,0,0,0,0,0,0,0,0,0,0,45,93,0,0,0,0,0
51,0,13,0,0,0,0,0,550296,0,0,0,0,53,0,0,0,0,0,0,0,0,0,0,0,0,0,0,0,0,0,0,0,0,0,168,0,0,0,109,0,0,0,0,0
51,0,14,0,0,0,0,0,550296,0,0,0,0,53,0,0,0,0,0,0,0,0,0,0,0,0,0,0,0,0,0,0,0,0,0,0,0,90,0,63,0,0,0,0,0
51,0,15,0,0,0,0,0,550296,0,0,0,0,51,0,0,0,0,0,0,0,0,0,0,0,0,0,0,0,0,0,0,0,0,0,0,0,29,0,101,0,0,0,0,0
52,0,0,0,0,0,0,0,1599491,0,0,10522,405504,136,0,0,0,0,0,19491,0,0,0,0,0,0,0,0,10522,10522,0,102998,0,383132,405504,0,1641,0,136,284,0,0,0,0,1401162
52,0,1,0,0,0,0,0,799746,19491,0,0,0,7586,0,0,0,0,0,19491,0,0,0,0,0,0,0,0,0,5796,0,51341,0,174805,0,0,970,678,2802,13672,0,0,171772,0,0
52,0,2,0,0,0,0,0,799746,0,0,0,0,951,77824,0,0,0,0,0,0,0,0,0,0,0,0,0,0,0,0,51041,0,93585,59832,0,1507,1432,2539,1894,0,0,125271,0,69510
52,0,3,0,0,0,0,0,799746,0,0,0,0,949,77824,0,0,0,0,0,0,0,0,0,0,0,0,0,0,0,0,50665,0,0,61299,0,857,487,0,1445,0,0,85156,0,60432
52,0,4,0,0,0,0,0,799746,0,0,0,0,920,77824,0,0,0,0,0,0,0,0,0,0,0,0,0,0,0,0,0,0,0,59965,0,87,0,517,1451,638886,0,0,0,64209
52,0,5,0,0,0,0,0,799746,0,0,0,0,1381,77824,0,0,0,0,0,0,0,0,0,0,0,0,0,0,0,0,0,0,0,60585,4336,150,0,2,2718,0,0,600677,0,62022
52,0,6,0,0,0,0,0,799745,0,0,0,0,1445,77824,0,0,0,0,0,0,0,0,0,0,0,0,0,0,0,0,0,0,0,60649,0,39,2304,0,2356,0,0,268812,0,67760
52,0,7,0,0,0,0,0,799746,0,0,0,0,1497,77824,0,0,0,0,0,0,0,0,0,0,0,0,0,0,0,0,0,0,0,58639,0,111,756,0,2979,0,0,19541,0,71365
52,0,8,0,0,0,0,0,799746,0,0,0,0,51,0,0,0,0,0,0,0,0,0,0,0,0,0,0,0,0,0,0,0,0,0,0,52,0,41,108,0,0,0,0,0
52,0,9,0,0,0,0,0,799746,0,0,0,0,48,0,0,0,0,0,0,0,0,0,0,0,0,0,0,0,0,0,0,0,0,0,378,41,0,0,53,0,0,0,0,0
52,0,10,0,0,0,0,0,799746,0,0,0,0,52,0,0,0,0,0,0,0,0,0,0,0,0,0,0,0,0,0,0,0,0,0,0,86,92,0,123,0,0,0,0,0
52,0,11,0,0,0,0,0,799746,0,0,0,0,52,0,0,0,0,0,0,0,0,0,0,0,0,0,0,0,0,0,0,0,0,0,0,38,40,0,93,0,0,0,0,0
52,0,12,0,0,0,0,0,799746,0,0,0,0,46,0,0,0,0,0,0,0,0,0,0,0,0,0,0,0,0,0,0,0,0,0,0,0,0,46,92,0,0,0,0,0
52,0,13,0,0,0,0,0,799746,0,0,0,0,53,0,0,0,0,0,0,0,0,0,0,0,0,0,0,0,0,0,0,0,0,0,165,0,0,0,110,0,0,0,0,0
52,0,14,0,0,0,0,0,799746,0,0,0,0,52,0,0,0,0,0,0,0,0,0,0,0,0,0,0,0,0,0,0,0,0,0,0,0,92,0,64,0,0,0,0,0
52,0,15,0,0,0,0,0,799746,0,0,0,0,52,0,0,0,0,0,0,0,0,0,0,0,0,0,0,0,0,0,0,0,0,0,0,0,28,0,106,0,0,0,0,0
53,0,0,0,0,0,0,0,1599639,0,0,10458,405504,136,0,0,0,0,0,19392,0,0,0,0,0,0,0,0,10458,10458,0,103229,0,382694,405504,0,1629,0,136,284,0,0,0,0,1401138
53,0,1,0,0,0,0,0,799819,19392,0,0,0,7652,0,0,0,0,0,19392,0,0,0,0,0,0,0,0,0,5512,0,52034,0,173881,0,0,918,652,2750,13927,0,0,172696,0,0
53,0,2,0,0,0,0,0,799819,0,0,0,0,914,77824,0,0,0,0,0,0,0,0,0,0,0,0,0,0,0,0,50859,0,93311,60417,0,1727,1404,2298,1887,0,0,120715,0,69627
53,0,3,0,0,0,0,0,799819,0,0,0,0,894,77824,0,0,0,0,0,0,0,0,0,0,0,0,0,0,0,0,50163,0,0,61186,0,999,531,0,1466,0,0,81065,0,60658
53,0,4,0,0,0,0,0,799819,0,0,0,0,931,77824,0,0,0,0,0,0,0,0,0,0,0,0,0,0,0,0,0,0,0,59824,0,87,0,494,1435,642756,0,0,0,64086
53,0,5,0,0,0,0,0,799819,0,0,0,0,1414,77824,0,0,0,0,0,0,0,0,0,0,0,0,0,0,0,0,0,0,0,59985,4111,150,0,2,2793,0,0,631251,0,61609
53,0,6,0,0,0,0,0,799818,0,0,0,0,1353,77824,0,0,0,0,0,0,0,0,0,0,0,0,0,0,0,0,0,0,0,60528,0,39,2476,1,2034,0,0,273016,0,65509
53,0,7,0,0,0,0,0,799819,0,0,0,0,1588,77824,0,0,0,0,0,0,0,0,0,0,0,0,0,0,0,0,0,0,0,59253,0,110,655,0,2918,0,0,124938,0,66845
53,0,8,0,0,0,0,0,799819,0,0,0,0,51,0,0,0,0,0,0,0,0,0,0,0,0,0,0,0,0,0,0,0,0,0,0,52,0,41,108,0,0,0,0,0
53,0,9,0,0,0,0,0,799819,0,0,0,0,48,0,0,0,0,0,0,0,0,0,0,0,0,0,0,0,0,0,0,0,0,0,379,41,0,0,53,0,0,0,0,0
53,0,10,0,0,0,0,0,799819,0,0,0,0,52,0,0,0,0,0,0,0,0,0,0,0,0,0,0,0,0,0,0,0,0,0,0,85,92,0,124,0,0,0,0,0
53,0,11,0,0,0,0,0,799819,0,0,0,0,52,0,0,0,0,0,0,0,0,0,0,0,0,0,0,0,0,0,0,0,0,0,0,39,40,0,93,0,0,0,0,0
53,0,12,0,0,0,0,0,799819,0,0,0,0,46,0,0,0,0,0,0,0,0,0,0,0,0,0,0,0,0,0,0,0,0,0,0,0,0,46,92,0,0,0,0,0
53,0,13,0,0,0,0,0,799819,0,0,0,0,53,0,0,0,0,0,0,0,0,0,0,0,0,0,0,0,0,0,0,0,0,0,164,0,0,0,110,0,0,0,0,0
53,0,14,0,0,0,0,0,799818,0,0,0,0,52,0,0,0,0,0,0,0,0,0,0,0,0,0,0,0,0,0,0,0,0,0,0,0,93,0,65,0,0,0,0,0
53,0,15,0,0,0,0,0,799819,0,0,0,0,53,0,0,0,0,0,0,0,0,0,0,0,0,0,0,0,0,0,0,0,0,0,0,0,27,0,106,0,0,0,0,0
54,0,0,0,0,0,0,0,1597446,0,0,10470,405504,136,0,0,0,0,0,19410,0,0,0,0,0,0,0,0,10470,10470,0,103397,0,384306,405504,0,1633,0,136,284,0,0,0,0,1404526
54,0,1,0,0,0,0,0,798723,19410,0,0,0,7646,0,0,0,0,0,19410,0,0,0,0,0,0,0,0,0,4651,0,51096,0,174168,0,0,1000,659,2679,13906,0,0,150716,0,0
54,0,2,0,0,0,0,0,798723,0,0,0,0,952,77824,0,0,0,0,0,0,0,0,0,0,0,0,0,0,0,0,51202,0,94154,59597,0,1662,1415,2460,1908,0,0,146107,0,60738
54,0,3,0,0,0,0,0,798723,0,0,0,0,942,77824,0,0,0,0,0,0,0,0,0,0,0,0,0,0,0,0,50209,0,0,59757,0,895,485,0,1460,0,0,12650,0,69607
54,0,4,0,0,0,0,0,798723,0,0,0,0,895,77824,0,0,0,0,0,0,0,0,0,0,0,0,0,0,0,0,0,0,0,60196,0,82,0,534,1409,638099,0,0,0,64215
54,0,5,0,0,0,0,0,798723,0,0,0,0,1383,77824,0,0,0,0,0,0,0,0,0,0,0,0,0,0,0,0,0,0,0,60811,4127,149,0,2,2681,0,0,633933,0,61448
54,0,6,0,0,0,0,0,798723,0,0,0,0,1390,77824,0,0,0,0,0,0,0,0,0,0,0,0,0,0,0,0,0,0,0,60053,0,35,2473,0,2142,0,0,273955,0,65063
54,0,7,0,0,0,0,0,798723,0,0,0,0,1619,77824,0,0,0,0,0,0,0,0,0,0,0,0,0,0,0,0,0,0,0,59105,0,108,626,0,3058,0,0,126953,0,66889
54,0,8,0,0,0,0,0,798723,0,0,0,0,50,0,0,0,0,0,0,0,0,0,0,0,0,0,0,0,0,0,0,0,0,0,0,57,0,42,107,0,0,0,0,0
54,0,9,0,0,0,0,0,798723,0,0,0,0,47,0,0,0,0,0,0,0,0,0,0,0,0,0,0,0,0,0,0,0,0,0,365,41,0,0,53,0,0,0,0,0
54,0,10,0,0,0,0,0,798723,0,0,0,0,54,0,0,0,0,0,0,0,0,0,0,0,0,0,0,0,0,0,0,0,0,0,0,88,92,0,127,0,0,0,0,0
54,0,11,0,0,0,0,0,798723,0,0,0,0,54,0,0,0,0,0,0,0,0,0,0,0,0,0,0,0,0,0,0,0,0,0,0,41,38,0,95,0,0,0,0,0
54,0,12,0,0,0,0,0,798723,0,0,0,0,54,0,0,0,0,0,0,0,0,0,0,0,0,0,0,0,0,0,0,0,0,0,0,0,0,38,95,0,0,0,0,0
54,0,13,0,0,0,0,0,798723,0,0,0,0,51,0,0,0,0,0,0,0,0,0,0,0,0,0,0,0,0,0,0,0,0,0,178,0,0,0,108,0,0,0,0,0
54,0,14,0,0,0,0,0,798723,0,0,0,0,54,0,0,0,0,0,0,0,0,0,0,0,0,0,0,0,0,0,0,0,0,0,0,0,89,0,64,0,0,0,0,0
54,0,15,0,0,0,0,0,798723,0,0,0,0,51,0,0,0,0,0,0,0,0,0,0,0,0,0,0,0,0,0,0,0,0,0,0,0,29,0,102,0,0,0,0,0
55,0,0,0,0,0,0,0,2104496,0,0,13918,540672,136,0,0,0,0,0,24597,0,0,0,0,0,0,0,0,13918,13918,0,188188,0,455110,540672,0,3524,0,136,284,0,0,0,0,1867693
55,0,1,0,0,0,0,0,1052248,24597,0,0,0,10171,0,0,0,0,0,24597,0,0,0,0,0,0,0,0,0,7014,0,95824,0,172993,0,0,1487,1233,2543,18043,0,0,196766,0,0
55,0,2,0,0,0,0,0,1052248,0,0,0,0,732,77824,0,0,0,0,0,0,0,0,0,0,0,0,0,0,0,0,51381,0,94444,60408,0,1733,1103,2440,1476,0,0,168561,0,67285
55,0,3,0,0,0,0,0,1052248,0,0,0,0,729,77824,0,0,0,0,0,0,0,0,0,0,0,0,0,0,0,0,50015,0,0,60346,0,890,378,0,1124,0,0,35273,0,68334
55,0,4,0,0,0,0,0,1052248,0,0,0,0,907,77824,0,0,0,0,0,0,0,0,0,0,0,0,0,0,0,0,50105,0,0,59989,0,694,0,474,1386,776531,0,0,0,64912
55,0,5,0,0,0,0,0,1052248,0,0,0,0,1408,77824,0,0,0,0,0,0,0,0,0,0,0,0,0,0,0,0,51164,0,0,60573,6271,1423,0,0,2800,0,0,807222,0,63662
55,0,6,0,0,0,0,0,1052248,0,0,0,0,1554,77824,0,0,0,0,0,0,0,0,0,0,0,0,0,0,0,0,0,0,0,60457,0,40,2490,2,2402,0,0,525903,0,64041
55,0,7,0,0,0,0,0,1052248,0,0,0,0,1628,77824,0,0,0,0,0,0,0,0,0,0,0,0,0,0,0,0,0,0,0,59626,0,106,789,0,3244,0,0,207389,0,64895
55,0,8,0,0,0,0,0,1052248,0,0,0,0,1323,77824,0,0,0,0,0,0,0,0,0,0,0,0,0,0,0,0,0,0,0,59387,0,52,0,706,2712,439069,0,0,0,64640
55,0,9,0,0,0,0,0,1052248,0,0,0,0,1307,77824,0,0,0,0,0,0,0,0,0,0,0,0,0,0,0,0,0,0,0,60609,2325,42,0,2,1977,0,0,119570,0,65530
55,0,10,0,0,0,0,0,1052248,0,0,0,0,53,0,0,0,0,0,0,0,0,0,0,0,0,0,0,0,0,0,0,0,0,0,0,85,92,0,124,0,0,0,0,0
55,0,11,0,0,0,0,0,1052248,0,0,0,0,53,0,0,0,0,0,0,0,0,0,0,0,0,0,0,0,0,0,0,0,0,0,0,45,39,0,94,0,0,0,0,0
55,0,12,0,0,0,0,0,1052248,0,0,0,0,47,0,0,0,0,0,0,0,0,0,0,0,0,0,0,0,0,0,0,0,0,0,0,0,0,45,93,0,0,0,0,0
55,0,13,0,0,0,0,0,1052248,0,0,0,0,53,0,0,0,0,0,0,0,0,0,0,0,0,0,0,0,0,0,0,0,0,0,166,0,0,0,109,0,0,0,0,0
55,0,14,0,0,0,0,0,1052248,0,0,0,0,53,0,0,0,0,0,0,0,0,0,0,0,0,0,0,0,0,0,0,0,0,0,0,0,92,0,66,0,0,0,0,0
55,0,15,0,0,0,0,0,1052248,0,0,0,0,53,0,0,0,0,0,0,0,0,0,0,0,0,0,0,0,0,0,0,0,0,0,0,0,27,0,102,0,0,0,0,0
56,0,0,0,0,0,0,0,2103530,0,0,13814,540672,136,0,0,0,0,0,24442,0,0,0,0,0,0,0,0,13814,13814,0,188164,0,454730,540672,0,3510,0,136,284,0,0,0,0,1868974
56,0,1,0,0,0,0,0,1051765,24441,0,0,0,9998,0,0,0,0,0,24441,0,0,0,0,0,0,0,0,0,6410,0,95382,0,173559,0,0,1470,1283,2579,17884,0,0,192454,0,0
56,0,2,0,0,0,0,0,1051765,0,0,0,0,737,77824,0,0,0,0,0,0,0,0,0,0,0,0,0,0,0,0,51307,0,93772,60365,0,1664,1100,2410,1480,0,0,162831,0,67536
56,0,3,0,0,0,0,0,1051765,0,0,0,0,723,77824,0,0,0,0,0,0,0,0,0,0,0,0,0,0,0,0,50497,0,0,60368,0,905,392,0,1101,0,0,36751,0,67921
56,0,4,0,0,0,0,0,1051765,0,0,0,0,886,77824,0,0,0,0,0,0,0,0,0,0,0,0,0,0,0,0,49898,0,0,60002,0,743,0,489,1365,782851,0,0,0,64923
56,0,5,0,0,0,0,0,1051765,0,0,0,0,1451,77824,0,0,0,0,0,0,0,0,0,0,0,0,0,0,0,0,51191,0,0,60682,6156,1440,0,1,2817,0,0,815175,0,62905
56,0,6,0,0,0,0,0,1051764,0,0,0,0,1610,77824,0,0,0,0,0,0,0,0,0,0,0,0,0,0,0,0,0,0,0,60475,0,28,2406,2,2499,0,0,514202,0,65248
56,0,7,0,0,0,0,0,1051765,0,0,0,0,1641,77824,0,0,0,0,0,0,0,0,0,0,0,0,0,0,0,0,0,0,0,58906,0,100,736,0,3208,0,0,211370,0,65067
56,0,8,0,0,0,0,0,1051765,0,0,0,0,1378,77824,0,0,0,0,0,0,0,0,0,0,0,0,0,0,0,0,0,0,0,59594,0,52,0,643,2710,434764,0,0,0,64807
56,0,9,0,0,0,0,0,1051765,0,0,0,0,1336,77824,0,0,0,0,0,0,0,0,0,0,0,0,0,0,0,0,0,0,0,60466,2345,40,0,0,1983,0,0,115917,0,65686
56,0,10,0,0,0,0,0,1051765,0,0,0,0,54,0,0,0,0,0,0,0,0,0,0,0,0,0,0,0,0,0,0,0,0,0,0,87,89,2,135,0,0,0,0,0
56,0,11,0,0,0,0,0,1051765,0,0,0,0,51,0,0,0,0,0,0,0,0,0,0,0,0,0,0,0,0,0,0,0,0,0,0,44,41,0,97,0,0,0,0,0
56,0,12,0,0,0,0,0,1051765,0,0,0,0,51,0,0,0,0,0,0,0,0,0,0,0,0,0,0,0,0,0,0,0,0,0,0,0,0,41,97,0,0,0,0,0
56,0,13,0,0,0,0,0,1051765,0,0,0,0,57,0,0,0,0,0,0,0,0,0,0,0,0,0,0,0,0,0,0,0,0,0,169,0,0,0,115,0,0,0,0,0
56,0,14,0,0,0,0,0,1051764,0,0,0,0,51,0,0,0,0,0,0,0,0,0,0,0,0,0,0,0,0,0,0,0,0,0,0,0,89,0,62,0,0,0,0,0
56,0,15,0,0,0,0,0,1051765,0,0,0,0,48,0,0,0,0,0,0,0,0,0,0,0,0,0,0,0,0,0,0,0,0,0,0,0,32,0,98,0,0,0,0,0
57,0,0,0,0,0,0,0,2103341,0,0,13932,540672,136,0,0,0,0,0,24618,0,0,0,0,0,0,0,0,13932,13932,0,188099,0,454593,540672,0,3538,0,136,284,0,0,0,0,1876528
57,0,1,0,0,0,0,0,1051671,24618,0,0,0,10182,0,0,0,0,0,24618,0,0,0,0,0,0,0,0,0,6562,0,95174,0,173583,0,0,1458,1332,2476,17972,0,0,197743,0,0
57,0,2,0,0,0,0,0,1051671,0,0,0,0,729,77824,0,0,0,0,0,0,0,0,0,0,0,0,0,0,0,0,51291,0,93649,60396,0,1713,1114,2518,1455,0,0,167534,0,67399
57,0,3,0,0,0,0,0,1051671,0,0,0,0,735,77824,0,0,0,0,0,0,0,0,0,0,0,0,0,0,0,0,50570,0,0,60373,0,807,373,0,1122,0,0,37251,0,68079
57,0,4,0,0,0,0,0,1051671,0,0,0,0,908,77824,0,0,0,0,0,0,0,0,0,0,0,0,0,0,0,0,50023,0,0,59978,0,790,0,469,1390,787206,0,0,0,64909
57,0,5,0,0,0,0,0,1051671,0,0,0,0,1390,77824,0,0,0,0,0,0,0,0,0,0,0,0,0,0,0,0,51182,0,0,60769,6356,1464,0,1,2798,0,0,804696,0,63264
57,0,6,0,0,0,0,0,1051671,0,0,0,0,1551,77824,0,0,0,0,0,0,0,0,0,0,0,0,0,0,0,0,0,0,0,60418,0,43,2436,1,2400,0,0,524230,0,65362
57,0,7,0,0,0,0,0,1051671,0,0,0,0,1586,77824,0,0,0,0,0,0,0,0,0,0,0,0,0,0,0,0,0,0,0,58830,0,103,814,0,3274,0,0,212793,0,64579
57,0,8,0,0,0,0,0,1051671,0,0,0,0,1299,77824,0,0,0,0,0,0,0,0,0,0,0,0,0,0,0,0,0,0,0,59351,0,52,0,748,2610,434917,0,0,0,63752
57,0,9,0,0,0,0,0,1051671,0,0,0,0,1306,77824,0,0,0,0,0,0,0,0,0,0,0,0,0,0,0,0,0,0,0,60264,2326,40,0,1,1955,0,0,122950,0,64820
57,0,10,0,0,0,0,0,1051671,0,0,0,0,52,0,0,0,0,0,0,0,0,0,0,0,0,0,0,0,0,0,0,0,0,0,0,82,86,1,123,0,0,0,0,0
57,0,11,0,0,0,0,0,1051671,0,0,0,0,46,0,0,0,0,0,0,0,0,0,0,0,0,0,0,0,0,0,0,0,0,0,0,42,46,0,92,0,0,0,0,0
57,0,12,0,0,0,0,0,1051671,0,0,0,0,46,0,0,0,0,0,0,0,0,0,0,0,0,0,0,0,0,0,0,0,0,0,0,0,0,46,92,0,0,0,0,0
57,0,13,0,0,0,0,0,1051671,0,0,0,0,51,0,0,0,0,0,0,0,0,0,0,0,0,0,0,0,0,0,0,0,0,0,167,0,0,0,109,0,0,0,0,0
57,0,14,0,0,0,0,0,1051671,0,0,0,0,53,0,0,0,0,0,0,0,0,0,0,0,0,0,0,0,0,0,0,0,0,0,0,0,92,0,69,0,0,0,0,0
57,0,15,0,0,0,0,0,1051671,0,0,0,0,53,0,0,0,0,0,0,0,0,0,0,0,0,0,0,0,0,0,0,0,0,0,0,0,27,0,105,0,0,0,0,0
58,0,0,0,0,0,0,0,2600230,0,0,17176,675840,136,0,0,0,0,0,29496,0,0,0,0,0,0,0,0,17176,17176,0,188168,0,589854,675840,0,2918,0,136,284,0,0,0,0,2378674
58,0,1,0,0,0,0,0,1300115,29496,0,0,0,12149,0,0,0,0,0,29496,0,0,0,0,0,0,0,0,0,8150,0,95386,0,241826,0,0,1428,1097,4020,21396,0,0,182568,0,0
58,0,2,0,0,0,0,0,1300115,0,0,0,0,589,77824,0,0,0,0,0,0,0,0,0,0,0,0,0,0,0,0,95424,0,129494,60449,0,3070,914,3716,1204,0,0,157162,0,67350
58,0,3,0,0,0,0,0,1300115,0,0,0,0,595,77824,0,0,0,0,0,0,0,0,0,0,0,0,0,0,0,0,94095,0,0,60308,0,1660,315,0,926,0,0,31704,0,68383
58,0,4,0,0,0,0,0,1300115,0,0,0,0,717,77824,0,0,0,0,0,0,0,0,0,0,0,0,0,0,0,0,50018,0,0,60070,0,659,0,404,1093,1019175,0,0,0,65102
58,0,5,0,0,0,0,0,1300115,0,0,0,0,1116,77824,0,0,0,0,0,0,0,0,0,0,0,0,0,0,0,0,51226,0,0,60722,8339,1659,0,0,2237,0,0,883124,0,62084
58,0,6,0,0,0,0,0,1300115,0,0,0,0,1394,77824,0,0,0,0,0,0,0,0,0,0,0,0,0,0,0,0,51048,0,0,60297,0,980,2173,3,2142,0,0,584278,0,62877
58,0,7,0,0,0,0,0,1300115,0,0,0,0,1422,77824,0,0,0,0,0,0,0,0,0,0,0,0,0,0,0,0,51245,0,0,59467,0,1660,725,0,2890,0,0,226869,0,62448
58,0,8,0,0,0,0,0,1300115,0,0,0,0,1099,77824,0,0,0,0,0,0,0,0,0,0,0,0,0,0,0,0,0,0,0,59466,0,52,0,584,2177,1118839,0,0,0,62620
58,0,9,0,0,0,0,0,1300115,0,0,0,0,1584,77824,0,0,0,0,0,0,0,0,0,0,0,0,0,0,0,0,0,0,0,60340,4584,41,0,0,2377,0,0,972299,0,62757
58,0,10,0,0,0,0,0,1300115,0,0,0,0,1671,77824,0,0,0,0,0,0,0,0,0,0,0,0,0,0,0,0,0,0,0,60490,0,86,2578,2,3248,0,0,659886,0,62322
58,0,11,0,0,0,0,0,1300115,0,0,0,0,1713,77824,0,0,0,0,0,0,0,0,0,0,0,0,0,0,0,0,0,0,0,60314,0,42,824,0,2649,0,0,287704,0,63192
58,0,12,0,0,0,0,0,1300115,0,0,0,0,46,0,0,0,0,0,0,0,0,0,0,0,0,0,0,0,0,0,0,0,0,0,0,0,0,46,92,0,0,0,0,0
58,0,13,0,0,0,0,0,1300115,0,0,0,0,53,0,0,0,0,0,0,0,0,0,0,0,0,0,0,0,0,0,0,0,0,0,168,0,0,0,110,0,0,0,0,0
58,0,14,0,0,0,0,0,1300115,0,0,0,0,52,0,0,0,0,0,0,0,0,0,0,0,0,0,0,0,0,0,0,0,0,0,0,0,89,0,64,0,0,0,0,0
58,0,15,0,0,0,0,0,1300115,0,0,0,0,49,0,0,0,0,0,0,0,0,0,0,0,0,0,0,0,0,0,0,0,0,0,0,0,31,0,103,0,0,0,0,0
59,0,0,0,0,0,0,0,2598443,0,0,17172,675840,136,0,0,0,0,0,29487,0,0,0,0,0,0,0,0,17172,17172,0,188035,0,590041,675840,0,2928,0,136,284,0,0,0,0,2380590
59,0,1,0,0,0,0,0,1299222,29487,0,0,0,12162,0,0,0,0,0,29487,0,0,0,0,0,0,0,0,0,8275,0,95472,0,242079,0,0,1444,1113,3971,21367,0,0,197278,0,0
59,0,2,0,0,0,0,0,1299222,0,0,0,0,601,77824,0,0,0,0,0,0,0,0,0,0,0,0,0,0,0,0,95235,0,129070,60368,0,3144,901,3677,1221,0,0,168991,0,67284
59,0,3,0,0,0,0,0,1299222,0,0,0,0,598,77824,0,0,0,0,0,0,0,0,0,0,0,0,0,0,0,0,94162,0,0,60343,0,1706,307,0,917,0,0,36832,0,68035
59,0,4,0,0,0,0,0,1299222,0,0,0,0,734,77824,0,0,0,0,0,0,0,0,0,0,0,0,0,0,0,0,49979,0,0,60023,0,655,0,381,1131,1012594,0,0,0,65191
59,0,5,0,0,0,0,0,1299222,0,0,0,0,1113,77824,0,0,0,0,0,0,0,0,0,0,0,0,0,0,0,0,51239,0,0,60686,8390,1611,0,1,2260,0,0,868343,0,62577
59,0,6,0,0,0,0,0,1299221,0,0,0,0,1468,77824,0,0,0,0,0,0,0,0,0,0,0,0,0,0,0,0,51202,0,0,60369,0,962,2122,2,2160,0,0,571193,0,62977
59,0,7,0,0,0,0,0,1299222,0,0,0,0,1444,77824,0,0,0,0,0,0,0,0,0,0,0,0,0,0,0,0,50928,0,0,59433,0,1690,704,0,2840,0,0,211072,0,62884
59,0,8,0,0,0,0,0,1299222,0,0,0,0,1115,77824,0,0,0,0,0,0,0,0,0,0,0,0,0,0,0,0,0,0,0,59399,0,52,0,584,2213,1116844,0,0,0,62433
59,0,9,0,0,0,0,0,1299222,0,0,0,0,1574,77824,0,0,0,0,0,0,0,0,0,0,0,0,0,0,0,0,0,0,0,60267,4615,42,0,2,2410,0,0,958612,0,62031
59,0,10,0,0,0,0,0,1299222,0,0,0,0,1688,77824,0,0,0,0,0,0,0,0,0,0,0,0,0,0,0,0,0,0,0,60266,0,85,2570,1,3284,0,0,658594,0,63063
59,0,11,0,0,0,0,0,1299222,0,0,0,0,1723,77824,0,0,0,0,0,0,0,0,0,0,0,0,0,0,0,0,0,0,0,60420,0,44,814,0,2628,0,0,259598,0,63629
59,0,12,0,0,0,0,0,1299222,0,0,0,0,47,0,0,0,0,0,0,0,0,0,0,0,0,0,0,0,0,0,0,0,0,0,0,0,0,45,93,0,0,0,0,0
59,0,13,0,0,0,0,0,1299222,0,0,0,0,53,0,0,0,0,0,0,0,0,0,0,0,0,0,0,0,0,0,0,0,0,0,165,0,0,0,109,0,0,0,0,0
59,0,14,0,0,0,0,0,1299221,0,0,0,0,53,0,0,0,0,0,0,0,0,0,0,0,0,0,0,0,0,0,0,0,0,0,0,0,93,0,66,0,0,0,0,0
59,0,15,0,0,0,0,0,1299222,0,0,0,0,54,0,0,0,0,0,0,0,0,0,0,0,0,0,0,0,0,0,0,0,0,0,0,0,26,0,106,0,0,0,0,0
60,0,0,0,0,0,0,0,2599407,0,0,17172,675840,136,0,0,0,0,0,29487,0,0,0,0,0,0,0,0,17172,17172,0,188016,0,589976,675840,0,2922,0,136,284,0,0,0,0,2378406
60,0,1,0,0,0,0,0,1299704,29487,0,0,0,12303,0,0,0,0,0,29487,0,0,0,0,0,0,0,0,0,8187,0,95425,0,242217,0,0,1432,1024,3931,21495,0,0,183341,0,0
60,0,2,0,0,0,0,0,1299704,0,0,0,0,602,77824,0,0,0,0,0,0,0,0,0,0,0,0,0,0,0,0,95109,0,129050,60394,0,3195,892,3679,1223,0,0,158560,0,67502
60,0,3,0,0,0,0,0,1299704,0,0,0,0,585,77824,0,0,0,0,0,0,0,0,0,0,0,0,0,0,0,0,94177,0,0,60358,0,1703,323,0,912,0,0,32852,0,68348
60,0,4,0,0,0,0,0,1299704,0,0,0,0,725,77824,0,0,0,0,0,0,0,0,0,0,0,0,0,0,0,0,49962,0,0,59958,0,583,0,390,1106,1015054,0,0,0,65080
60,0,5,0,0,0,0,0,1299704,0,0,0,0,1115,77824,0,0,0,0,0,0,0,0,0,0,0,0,0,0,0,0,51238,0,0,60737,8412,1610,0,1,2267,0,0,880819,0,62168
60,0,6,0,0,0,0,0,1299704,0,0,0,0,1439,77824,0,0,0,0,0,0,0,0,0,0,0,0,0,0,0,0,51179,0,0,60452,0,926,2157,1,2120,0,0,576896,0,63057
60,0,7,0,0,0,0,0,1299704,0,0,0,0,1451,77824,0,0,0,0,0,0,0,0,0,0,0,0,0,0,0,0,50937,0,0,59393,0,1693,693,0,2850,0,0,221692,0,62709
60,0,8,0,0,0,0,0,1299704,0,0,0,0,1097,77824,0,0,0,0,0,0,0,0,0,0,0,0,0,0,0,0,0,0,0,59432,0,52,0,596,2261,1112749,0,0,0,62431
60,0,9,0,0,0,0,0,1299704,0,0,0,0,1568,77824,0,0,0,0,0,0,0,0,0,0,0,0,0,0,0,0,0,0,0,60346,4539,41,0,1,2394,0,0,958785,0,62107
60,0,10,0,0,0,0,0,1299704,0,0,0,0,1675,77824,0,0,0,0,0,0,0,0,0,0,0,0,0,0,0,0,0,0,0,60259,0,86,2635,1,3312,0,0,663172,0,63109
60,0,11,0,0,0,0,0,1299704,0,0,0,0,1768,77824,0,0,0,0,0,0,0,0,0,0,0,0,0,0,0,0,0,0,0,60423,0,41,775,0,2679,0,0,266142,0,63630
60,0,12,0,0,0,0,0,1299704,0,0,0,0,46,0,0,0,0,0,0,0,0,0,0,0,0,0,0,0,0,0,0,0,0,0,0,0,0,46,92,0,0,0,0,0
60,0,13,0,0,0,0,0,1299704,0,0,0,0,53,0,0,0,0,0,0,0,0,0,0,0,0,0,0,0,0,0,0,0,0,0,165,0,0,0,110,0,0,0,0,0
60,0,14,0,0,0,0,0,1299704,0,0,0,0,52,0,0,0,0,0,0,0,0,0,0,0,0,0,0,0,0,0,0,0,0,0,0,0,92,0,64,0,0,0,0,0
60,0,15,0,0,0,0,0,1299704,0,0,0,0,52,0,0,0,0,0,0,0,0,0,0,0,0,0,0,0,0,0,0,0,0,0,0,0,28,0,107,0,0,0,0,0
61,0,0,0,0,0,0,0,3339433,0,0,22236,878592,136,0,0,0,0,0,37101,0,0,0,0,0,0,0,0,22236,22236,0,258811,0,724917,878592,0,4819,0,136,284,0,0,0,0,3162291
61,0,1,0,0,0,0,0,1669717,37101,0,0,0,15508,0,0,0,0,0,37101,0,0,0,0,0,0,0,0,0,10580,0,130244,0,275453,0,0,2007,1816,4426,26724,0,0,178873,0,0
61,0,2,0,0,0,0,0,1669717,0,0,0,0,477,77824,0,0,0,0,0,0,0,0,0,0,0,0,0,0,0,0,131416,0,129082,60386,0,4422,711,3130,972,0,0,151893,0,67487
61,0,3,0,0,0,0,0,1669717,0,0,0,0,465,77824,0,0,0,0,0,0,0,0,0,0,0,0,0,0,0,0,94150,0,0,60291,0,1597,257,0,709,0,0,33826,0,68027
61,0,4,0,0,0,0,0,1669717,0,0,0,0,571,77824,0,0,0,0,0,0,0,0,0,0,0,0,0,0,0,0,94238,0,0,60055,0,1456,0,296,863,1397727,0,0,0,65158
61,0,5,0,0,0,0,0,1669717,0,0,0,0,851,77824,0,0,0,0,0,0,0,0,0,0,0,0,0,0,0,0,95054,0,0,60687,11627,3474,0,1,1687,0,0,838969,0,62822
61,0,6,0,0,0,0,0,1669716,0,0,0,0,993,77824,0,0,0,0,0,0,0,0,0,0,0,0,0,0,0,0,95837,0,0,60308,0,1851,1516,1,1493,0,0,564960,0,62485
61,0,7,0,0,0,0,0,1669717,0,0,0,0,989,77824,0,0,0,0,0,0,0,0,0,0,0,0,0,0,0,0,50928,0,0,59428,0,1648,532,0,1986,0,0,212816,0,62962
61,0,8,0,0,0,0,0,1669717,0,0,0,0,1007,77824,0,0,0,0,0,0,0,0,0,0,0,0,0,0,0,0,50961,0,0,59437,0,1455,0,534,2040,1484050,0,0,0,62899
61,0,9,0,0,0,0,0,1669717,0,0,0,0,1639,77824,0,0,0,0,0,0,0,0,0,0,0,0,0,0,0,0,50966,0,0,60475,7753,837,0,1,2344,0,0,1433061,0,62096
61,0,10,0,0,0,0,0,1669717,0,0,0,0,1784,77824,0,0,0,0,0,0,0,0,0,0,0,0,0,0,0,0,51877,0,0,60036,0,1642,2638,2,3535,0,0,866725,0,63889
61,0,11,0,0,0,0,0,1669717,0,0,0,0,1809,77824,0,0,0,0,0,0,0,0,0,0,0,0,0,0,0,0,0,0,0,60520,0,44,806,0,2833,0,0,431776,0,58264
61,0,12,0,0,0,0,0,1669717,0,0,0,0,1608,77824,0,0,0,0,0,0,0,0,0,0,0,0,0,0,0,0,0,0,0,60687,0,0,0,779,2548,1452755,0,0,0,61332
61,0,13,0,0,0,0,0,1669717,0,0,0,0,1750,77824,0,0,0,0,0,0,0,0,0,0,0,0,0,0,0,0,0,0,0,60458,4281,0,0,1,3534,0,0,922519,0,62152
61,0,14,0,0,0,0,0,1669717,0,0,0,0,1774,77824,0,0,0,0,0,0,0,0,0,0,0,0,0,0,0,0,0,0,0,60716,0,0,881,1,2753,0,0,424992,0,59920
61,0,15,0,0,0,0,0,1669717,0,0,0,0,42,0,0,0,0,0,0,0,0,0,0,0,0,0,0,0,0,0,0,0,0,0,0,0,38,0,96,0,0,0,0,0
62,0,0,0,0,0,0,0,3337895,0,0,22210,878592,136,0,0,0,0,0,37062,0,0,0,0,0,0,0,0,22210,22210,0,258640,0,725184,878592,0,4805,0,136,284,0,0,0,0,3159151
62,0,1,0,0,0,0,0,1668947,37062,0,0,0,15478,0,0,0,0,0,37062,0,0,0,0,0,0,0,0,0,10330,0,130396,0,275186,0,0,2057,1842,4354,26810,0,0,179482,0,0
62,0,2,0,0,0,0,0,1668947,0,0,0,0,470,77824,0,0,0,0,0,0,0,0,0,0,0,0,0,0,0,0,131482,0,129319,60401,0,4447,714,3171,963,0,0,153508,0,67265
62,0,3,0,0,0,0,0,1668947,0,0,0,0,462,77824,0,0,0,0,0,0,0,0,0,0,0,0,0,0,0,0,93834,0,0,60297,0,1544,261,0,713,0,0,31356,0,68294
62,0,4,0,0,0,0,0,1668947,0,0,0,0,543,77824,0,0,0,0,0,0,0,0,0,0,0,0,0,0,0,0,93780,0,0,60015,0,1490,0,320,834,1389407,0,0,0,65122
62,0,5,0,0,0,0,0,1668947,0,0,0,0,855,77824,0,0,0,0,0,0,0,0,0,0,0,0,0,0,0,0,95405,0,0,60655,11482,3395,0,0,1716,0,0,839810,0,62862
62,0,6,0,0,0,0,0,1668946,0,0,0,0,994,77824,0,0,0,0,0,0,0,0,0,0,0,0,0,0,0,0,96086,0,0,60260,0,1845,1539,2,1471,0,0,558375,0,62639
62,0,7,0,0,0,0,0,1668947,0,0,0,0,1015,77824,0,0,0,0,0,0,0,0,0,0,0,0,0,0,0,0,51100,0,0,59472,0,1674,504,0,2034,0,0,214935,0,62716
62,0,8,0,0,0,0,0,1668947,0,0,0,0,1033,77824,0,0,0,0,0,0,0,0,0,0,0,0,0,0,0,0,51209,0,0,59414,0,1446,0,510,2031,1484667,0,0,0,62819
62,0,9,0,0,0,0,0,1668947,0,0,0,0,1635,77824,0,0,0,0,0,0,0,0,0,0,0,0,0,0,0,0,51253,0,0,60275,7822,871,0,1,2379,0,0,1457100,0,62572
62,0,10,0,0,0,0,0,1668947,0,0,0,0,1794,77824,0,0,0,0,0,0,0,0,0,0,0,0,0,0,0,0,51860,0,0,59922,0,1656,2604,1,3535,0,0,875173,0,63707
62,0,11,0,0,0,0,0,1668947,0,0,0,0,1786,77824,0,0,0,0,0,0,0,0,0,0,0,0,0,0,0,0,0,0,0,60185,0,42,827,0,2785,0,0,440164,0,58536
62,0,12,0,0,0,0,0,1668947,0,0,0,0,1632,77824,0,0,0,0,0,0,0,0,0,0,0,0,0,0,0,0,0,0,0,60223,0,0,0,743,2569,1437816,0,0,0,61233
62,0,13,0,0,0,0,0,1668947,0,0,0,0,1790,77824,0,0,0,0,0,0,0,0,0,0,0,0,0,0,0,0,0,0,0,60390,4254,0,0,2,3540,0,0,932665,0,61570
62,0,14,0,0,0,0,0,1668947,0,0,0,0,1773,77824,0,0,0,0,0,0,0,0,0,0,0,0,0,0,0,0,0,0,0,60711,0,0,891,0,2738,0,0,421682,0,60138
62,0,15,0,0,0,0,0,1668947,0,0,0,0,51,0,0,0,0,0,0,0,0,0,0,0,0,0,0,0,0,0,0,0,0,0,0,0,29,0,108,0,0,0,0,0
63,0,0,0,0,0,0,0,3339536,0,0,22220,878592,136,0,0,0,0,0,37077,0,0,0,0,0,0,0,0,22220,22220,0,258842,0,724566,878592,0,4815,0,136,284,0,0,0,0,3165387
63,0,1,0,0,0,0,0,1669768,37077,0,0,0,15564,0,0,0,0,0,37077,0,0,0,0,0,0,0,0,0,9605,0,129886,0,275531,0,0,2297,1669,4211,26838,0,0,188897,0,0
63,0,2,0,0,0,0,0,1669768,0,0,0,0,461,77824,0,0,0,0,0,0,0,0,0,0,0,0,0,0,0,0,131536,0,129025,60385,0,4439,728,3354,917,0,0,159264,0,67234
63,0,3,0,0,0,0,0,1669768,0,0,0,0,470,77824,0,0,0,0,0,0,0,0,0,0,0,0,0,0,0,0,94070,0,0,60338,0,1364,251,0,716,0,0,35409,0,67953
63,0,4,0,0,0,0,0,1669768,0,0,0,0,552,77824,0,0,0,0,0,0,0,0,0,0,0,0,0,0,0,0,93716,0,0,60015,0,1301,0,315,858,1393116,0,0,0,65087
63,0,5,0,0,0,0,0,1669768,0,0,0,0,853,77824,0,0,0,0,0,0,0,0,0,0,0,0,0,0,0,0,95249,0,0,60736,11536,3136,0,0,1739,0,0,848210,0,62873
63,0,6,0,0,0,0,0,1669768,0,0,0,0,968,77824,0,0,0,0,0,0,0,0,0,0,0,0,0,0,0,0,95659,0,0,60272,0,1807,1561,2,1489,0,0,566883,0,62362
63,0,7,0,0,0,0,0,1669768,0,0,0,0,1009,77824,0,0,0,0,0,0,0,0,0,0,0,0,0,0,0,0,50893,0,0,59428,0,1860,512,0,2022,0,0,215440,0,62730
63,0,8,0,0,0,0,0,1669768,0,0,0,0,1009,77824,0,0,0,0,0,0,0,0,0,0,0,0,0,0,0,0,51437,0,0,59460,0,1631,0,530,2017,1514839,0,0,0,62938
63,0,9,0,0,0,0,0,1669768,0,0,0,0,1659,77824,0,0,0,0,0,0,0,0,0,0,0,0,0,0,0,0,51157,0,0,60067,7767,985,0,0,2552,0,0,1354787,0,61929
63,0,10,0,0,0,0,0,1669768,0,0,0,0,1802,77824,0,0,0,0,0,0,0,0,0,0,0,0,0,0,0,0,52147,0,0,60011,0,1674,2596,2,3559,0,0,865910,0,63590
63,0,11,0,0,0,0,0,1669768,0,0,0,0,1787,77824,0,0,0,0,0,0,0,0,0,0,0,0,0,0,0,0,0,0,0,60376,0,5,823,0,2635,0,0,428695,0,59567
63,0,12,0,0,0,0,0,1669768,0,0,0,0,1602,77824,0,0,0,0,0,0,0,0,0,0,0,0,0,0,0,0,0,0,0,60179,0,0,0,783,2364,1433381,0,0,0,62800
63,0,13,0,0,0,0,0,1669768,0,0,0,0,1784,77824,0,0,0,0,0,0,0,0,0,0,0,0,0,0,0,0,0,0,0,60476,4278,0,0,1,3418,0,0,957882,0,59284
63,0,14,0,0,0,0,0,1669768,0,0,0,0,1811,77824,0,0,0,0,0,0,0,0,0,0,0,0,0,0,0,0,0,0,0,60361,0,0,840,1,2756,0,0,445074,0,60180
63,0,15,0,0,0,0,0,1669768,0,0,0,0,40,0,0,0,0,0,0,0,0,0,0,0,0,0,0,0,0,0,0,0,0,0,0,0,40,0,133,0,0,0,0,0
64,0,0,0,0,0,0,0,498484,0,0,2144,66560,136,0,0,0,0,0,6894,0,0,0,0,0,0,0,0,2144,2144,0,0,0,109393,66560,0,294,0,136,284,0,0,0,0,71680
64,0,1,0,0,0,0,0,249242,6894,0,0,0,2560,0,0,0,0,0,6894,0,0,0,0,0,0,0,0,0,867,0,0,0,59139,0,0,84,171,838,4746,0,0,71680,0,0
64,0,2,0,0,0,0,0,249242,0,0,0,0,1519,71680,0,0,0,0,0,0,0,0,0,0,0,0,0,0,0,0,0,0,0,62584,0,249,763,282,3067,0,0,0,0,71680
64,0,3,0,0,0,0,0,249242,0,0,0,0,47,0,0,0,0,0,0,0,0,0,0,0,0,0,0,0,0,0,0,0,0,0,0,92,45,0,54,0,0,0,0,0
64,0,4,0,0,0,0,0,249242,0,0,0,0,47,0,0,0,0,0,0,0,0,0,0,0,0,0,0,0,0,0,0,0,0,0,0,87,0,45,62,0,0,0,0,0
64,0,5,0,0,0,0,0,249242,0,0,0,0,47,0,0,0,0,0,0,0,0,0,0,0,0,0,0,0,0,0,0,0,0,0,537,148,0,0,109,0,0,0,0,0
64,0,6,0,0,0,0,0,249242,0,0,0,0,47,0,0,0,0,0,0,0,0,0,0,0,0,0,0,0,0,0,0,0,0,0,0,40,98,0,52,0,0,0,0,0
64,0,7,0,0,0,0,0,249242,0,0,0,0,53,0,0,0,0,0,0,0,0,0,0,0,0,0,0,0,0,0,0,0,0,0,0,104,39,0,140,0,0,0,0,0
64,0,8,0,0,0,0,0,249242,0,0,0,0,50,0,0,0,0,0,0,0,0,0,0,0,0,0,0,0,0,0,0,0,0,0,0,52,0,42,107,0,0,0,0,0
64,0,9,0,0,0,0,0,249242,0,0,0,0,47,0,0,0,0,0,0,0,0,0,0,0,0,0,0,0,0,0,0,0,0,0,365,42,0,0,53,0,0,0,0,0
64,0,10,0,0,0,0,0,249242,0,0,0,0,53,0,0,0,0,0,0,0,0,0,0,0,0,0,0,0,0,0,0,0,0,0,0,91,92,0,118,0,0,0,0,0
64,0,11,0,0,0,0,0,249242,0,0,0,0,53,0,0,0,0,0,0,0,0,0,0,0,0,0,0,0,0,0,0,0,0,0,0,40,39,0,94,0,0,0,0,0
64,0,12,0,0,0,0,0,249242,0,0,0,0,47,0,0,0,0,0,0,0,0,0,0,0,0,0,0,0,0,0,0,0,0,0,0,0,0,45,93,0,0,0,0,0
64,0,13,0,0,0,0,0,249242,0,0,0,0,53,0,0,0,0,0,0,0,0,0,0,0,0,0,0,0,0,0,0,0,0,0,178,0,0,0,109,0,0,0,0,0
64,0,14,0,0,0,0,0,249242,0,0,0,0,53,0,0,0,0,0,0,0,0,0,0,0,0,0,0,0,0,0,0,0,0,0,0,0,80,0,60,0,0,0,0,0
64,0,15,0,0,0,0,0,249242,0,0,0,0,41,0,0,0,0,0,0,0,0,0,0,0,0,0,0,0,0,0,0,0,0,0,0,0,39,0,88,0,0,0,0,0
65,0,0,0,0,0,0,0,498793,0,0,2144,66560,136,0,0,0,0,0,6894,0,0,0,0,0,0,0,0,2144,2144,0,0,0,109446,66560,0,294,0,136,284,0,0,0,0,71680
65,0,1,0,0,0,0,0,249397,6894,0,0,0,2562,0,0,0,0,0,6894,0,0,0,0,0,0,0,0,0,861,0,0,0,59151,0,0,76,172,843,4767,0,0,71680,0,0
65,0,2,0,0,0,0,0,249397,0,0,0,0,1527,71680,0,0,0,0,0,0,0,0,0,0,0,0,0,0,0,0,0,0,0,62583,0,255,755,267,3079,0,0,0,0,71680
65,0,3,0,0,0,0,0,249397,0,0,0,0,47,0,0,0,0,0,0,0,0,0,0,0,0,0,0,0,0,0,0,0,0,0,0,100,45,0,61,0,0,0,0,0
65,0,4,0,0,0,0,0,249397,0,0,0,0,47,0,0,0,0,0,0,0,0,0,0,0,0,0,0,0,0,0,0,0,0,0,0,87,0,45,69,0,0,0,0,0
65,0,5,0,0,0,0,0,249397,0,0,0,0,47,0,0,0,0,0,0,0,0,0,0,0,0,0,0,0,0,0,0,0,0,0,526,148,0,0,117,0,0,0,0,0
65,0,6,0,0,0,0,0,249397,0,0,0,0,47,0,0,0,0,0,0,0,0,0,0,0,0,0,0,0,0,0,0,0,0,0,0,34,98,0,52,0,0,0,0,0
65,0,7,0,0,0,0,0,249397,0,0,0,0,53,0,0,0,0,0,0,0,0,0,0,0,0,0,0,0,0,0,0,0,0,0,0,104,39,0,132,0,0,0,0,0
65,0,8,0,0,0,0,0,249397,0,0,0,0,50,0,0,0,0,0,0,0,0,0,0,0,0,0,0,0,0,0,0,0,0,0,0,52,0,42,107,0,0,0,0,0
65,0,9,0,0,0,0,0,249397,0,0,0,0,47,0,0,0,0,0,0,0,0,0,0,0,0,0,0,0,0,0,0,0,0,0,376,42,0,0,53,0,0,0,0,0
65,0,10,0,0,0,0,0,249397,0,0,0,0,53,0,0,0,0,0,0,0,0,0,0,0,0,0,0,0,0,0,0,0,0,0,0,89,92,0,126,0,0,0,0,0
65,0,11,0,0,0,0,0,249397,0,0,0,0,53,0,0,0,0,0,0,0,0,0,0,0,0,0,0,0,0,0,0,0,0,0,0,40,39,0,94,0,0,0,0,0
65,0,12,0,0,0,0,0,249397,0,0,0,0,47,0,0,0,0,0,0,0,0,0,0,0,0,0,0,0,0,0,0,0,0,0,0,0,0,45,93,0,0,0,0,0
65,0,13,0,0,0,0,0,249397,0,0,0,0,53,0,0,0,0,0,0,0,0,0,0,0,0,0,0,0,0,0,0,0,0,0,167,0,0,0,109,0,0,0,0,0
65,0,14,0,0,0,0,0,249397,0,0,0,0,53,0,0,0,0,0,0,0,0,0,0,0,0,0,0,0,0,0,0,0,0,0,0,0,91,0,62,0,0,0,0,0
65,0,15,0,0,0,0,0,249397,0,0,0,0,52,0,0,0,0,0,0,0,0,0,0,0,0,0,0,0,0,0,0,0,0,0,0,0,28,0,99,0,0,0,0,0
66,0,0,0,0,0,0,0,498751,0,0,2144,66560,136,0,0,0,0,0,6894,0,0,0,0,0,0,0,0,2144,2144,0,0,0,109425,66560,0,294,0,136,284,0,0,0,0,71680
66,0,1,0,0,0,0,0,249376,6894,0,0,0,2566,0,0,0,0,0,6894,0,0,0,0,0,0,0,0,0,857,0,0,0,59137,0,0,84,170,833,4757,0,0,71680,0,0
66,0,2,0,0,0,0,0,249376,0,0,0,0,1523,71680,0,0,0,0,0,0,0,0,0,0,0,0,0,0,0,0,0,0,0,62588,0,249,758,283,3076,0,0,0,0,71680
66,0,3,0,0,0,0,0,249376,0,0,0,0,47,0,0,0,0,0,0,0,0,0,0,0,0,0,0,0,0,0,0,0,0,0,0,91,45,0,54,0,0,0,0,0
66,0,4,0,0,0,0,0,249376,0,0,0,0,47,0,0,0,0,0,0,0,0,0,0,0,0,0,0,0,0,0,0,0,0,0,0,87,0,45,61,0,0,0,0,0
66,0,5,0,0,0,0,0,249376,0,0,0,0,47,0,0,0,0,0,0,0,0,0,0,0,0,0,0,0,0,0,0,0,0,0,537,148,0,0,109,0,0,0,0,0
66,0,6,0,0,0,0,0,249376,0,0,0,0,47,0,0,0,0,0,0,0,0,0,0,0,0,0,0,0,0,0,0,0,0,0,0,40,98,0,52,0,0,0,0,0
66,0,7,0,0,0,0,0,249376,0,0,0,0,53,0,0,0,0,0,0,0,0,0,0,0,0,0,0,0,0,0,0,0,0,0,0,105,39,0,140,0,0,0,0,0
66,0,8,0,0,0,0,0,249376,0,0,0,0,50,0,0,0,0,0,0,0,0,0,0,0,0,0,0,0,0,0,0,0,0,0,0,52,0,42,107,0,0,0,0,0
66,0,9,0,0,0,0,0,249376,0,0,0,0,47,0,0,0,0,0,0,0,0,0,0,0,0,0,0,0,0,0,0,0,0,0,365,42,0,0,53,0,0,0,0,0
66,0,10,0,0,0,0,0,249376,0,0,0,0,53,0,0,0,0,0,0,0,0,0,0,0,0,0,0,0,0,0,0,0,0,0,0,91,92,0,118,0,0,0,0,0
66,0,11,0,0,0,0,0,249376,0,0,0,0,53,0,0,0,0,0,0,0,0,0,0,0,0,0,0,0,0,0,0,0,0,0,0,39,39,0,94,0,0,0,0,0
66,0,12,0,0,0,0,0,249376,0,0,0,0,47,0,0,0,0,0,0,0,0,0,0,0,0,0,0,0,0,0,0,0,0,0,0,0,0,45,93,0,0,0,0,0
66,0,13,0,0,0,0,0,249376,0,0,0,0,53,0,0,0,0,0,0,0,0,0,0,0,0,0,0,0,0,0,0,0,0,0,178,0,0,0,109,0,0,0,0,0
66,0,14,0,0,0,0,0,249377,0,0,0,0,53,0,0,0,0,0,0,0,0,0,0,0,0,0,0,0,0,0,0,0,0,0,0,0,80,0,60,0,0,0,0,0
66,0,15,0,0,0,0,0,249376,0,0,0,0,41,0,0,0,0,0,0,0,0,0,0,0,0,0,0,0,0,0,0,0,0,0,0,0,39,0,89,0,0,0,0,0
67,0,0,0,0,0,0,0,557598,0,0,2892,133120,136,0,0,0,0,0,8022,0,0,0,0,0,0,0,0,2892,2892,0,0,0,216966,133120,0,294,0,136,284,0,0,0,0,194507
67,0,1,0,0,0,0,0,278799,8022,0,0,0,3054,0,0,0,0,0,8022,0,0,0,0,0,0,0,0,0,1685,0,0,0,114790,0,0,76,171,1101,5212,0,0,75159,0,0
67,0,2,0,0,0,0,0,278799,0,0,0,0,1067,71680,0,0,0,0,0,0,0,0,0,0,0,0,0,0,0,0,0,0,59095,62878,0,255,1548,1252,2126,0,0,68751,0,69651
67,0,3,0,0,0,0,0,278799,0,0,0,0,1080,71680,0,0,0,0,0,0,0,0,0,0,0,0,0,0,0,0,0,0,0,63046,0,99,457,0,1557,0,0,3737,0,69655
67,0,4,0,0,0,0,0,278799,0,0,0,0,47,0,0,0,0,0,0,0,0,0,0,0,0,0,0,0,0,0,0,0,0,0,0,87,0,45,70,0,0,0,0,0
67,0,5,0,0,0,0,0,278799,0,0,0,0,47,0,0,0,0,0,0,0,0,0,0,0,0,0,0,0,0,0,0,0,0,0,526,148,0,0,117,0,0,0,0,0
67,0,6,0,0,0,0,0,278799,0,0,0,0,47,0,0,0,0,0,0,0,0,0,0,0,0,0,0,0,0,0,0,0,0,0,0,34,98,0,52,0,0,0,0,0
67,0,7,0,0,0,0,0,278799,0,0,0,0,53,0,0,0,0,0,0,0,0,0,0,0,0,0,0,0,0,0,0,0,0,0,0,106,39,0,132,0,0,0,0,0
67,0,8,0,0,0,0,0,278799,0,0,0,0,50,0,0,0,0,0,0,0,0,0,0,0,0,0,0,0,0,0,0,0,0,0,0,52,0,42,107,0,0,0,0,0
67,0,9,0,0,0,0,0,278799,0,0,0,0,47,0,0,0,0,0,0,0,0,0,0,0,0,0,0,0,0,0,0,0,0,0,376,42,0,0,53,0,0,0,0,0
67,0,10,0,0,0,0,0,278799,0,0,0,0,53,0,0,0,0,0,0,0,0,0,0,0,0,0,0,0,0,0,0,0,0,0,0,89,92,0,126,0,0,0,0,0
67,0,11,0,0,0,0,0,278799,0,0,0,0,53,0,0,0,0,0,0,0,0,0,0,0,0,0,0,0,0,0,0,0,0,0,0,39,39,0,94,0,0,0,0,0
67,0,12,0,0,0,0,0,278799,0,0,0,0,47,0,0,0,0,0,0,0,0,0,0,0,0,0,0,0,0,0,0,0,0,0,0,0,0,45,93,0,0,0,0,0
67,0,13,0,0,0,0,0,278799,0,0,0,0,53,0,0,0,0,0,0,0,0,0,0,0,0,0,0,0,0,0,0,0,0,0,167,0,0,0,109,0,0,0,0,0
67,0,14,0,0,0,0,0,278799,0,0,0,0,53,0,0,0,0,0,0,0,0,0,0,0,0,0,0,0,0,0,0,0,0,0,0,0,91,0,62,0,0,0,0,0
67,0,15,0,0,0,0,0,278799,0,0,0,0,52,0,0,0,0,0,0,0,0,0,0,0,0,0,0,0,0,0,0,0,0,0,0,0,28,0,101,0,0,0,0,0
68,0,0,0,0,0,0,0,586718,0,0,2968,133120,136,0,0,0,0,0,8136,0,0,0,0,0,0,0,0,2968,2968,0,0,0,221082,133120,0,294,0,136,284,0,0,0,0,165960
68,0,1,0,0,0,0,0,293359,8136,0,0,0,3099,0,0,0,0,0,8136,0,0,0,0,0,0,0,0,0,1689,0,0,0,115898,0,0,78,167,1134,5308,0,0,73910,0,0
68,0,2,0,0,0,0,0,293359,0,0,0,0,1101,71680,0,0,0,0,0,0,0,0,0,0,0,0,0,0,0,0,0,0,59063,62969,0,249,1574,1247,2213,0,0,69677,0,70412
68,0,3,0,0,0,0,0,293359,0,0,0,0,1101,71680,0,0,0,0,0,0,0,0,0,0,0,0,0,0,0,0,0,0,0,63174,0,98,474,0,1622,0,0,2043,0,70813
68,0,4,0,0,0,0,0,293359,0,0,0,0,47,0,0,0,0,0,0,0,0,0,0,0,0,0,0,0,0,0,0,0,0,0,0,87,0,45,67,0,0,0,0,0
68,0,5,0,0,0,0,0,293359,0,0,0,0,47,0,0,0,0,0,0,0,0,0,0,0,0,0,0,0,0,0,0,0,0,0,525,148,0,0,115,0,0,0,0,0
68,0,6,0,0,0,0,0,293359,0,0,0,0,47,0,0,0,0,0,0,0,0,0,0,0,0,0,0,0,0,0,0,0,0,0,0,40,98,0,52,0,0,0,0,0
68,0,7,0,0,0,0,0,293359,0,0,0,0,53,0,0,0,0,0,0,0,0,0,0,0,0,0,0,0,0,0,0,0,0,0,0,105,39,0,134,0,0,0,0,0
68,0,8,0,0,0,0,0,293359,0,0,0,0,50,0,0,0,0,0,0,0,0,0,0,0,0,0,0,0,0,0,0,0,0,0,0,52,0,42,107,0,0,0,0,0
68,0,9,0,0,0,0,0,293359,0,0,0,0,47,0,0,0,0,0,0,0,0,0,0,0,0,0,0,0,0,0,0,0,0,0,377,42,0,0,53,0,0,0,0,0
68,0,10,0,0,0,0,0,293359,0,0,0,0,53,0,0,0,0,0,0,0,0,0,0,0,0,0,0,0,0,0,0,0,0,0,0,85,92,0,124,0,0,0,0,0
68,0,11,0,0,0,0,0,293359,0,0,0,0,53,0,0,0,0,0,0,0,0,0,0,0,0,0,0,0,0,0,0,0,0,0,0,40,39,0,94,0,0,0,0,0
68,0,12,0,0,0,0,0,293359,0,0,0,0,47,0,0,0,0,0,0,0,0,0,0,0,0,0,0,0,0,0,0,0,0,0,0,0,0,45,93,0,0,0,0,0
68,0,13,0,0,0,0,0,293359,0,0,0,0,53,0,0,0,0,0,0,0,0,0,0,0,0,0,0,0,0,0,0,0,0,0,166,0,0,0,109,0,0,0,0,0
68,0,14,0,0,0,0,0,293359,0,0,0,0,53,0,0,0,0,0,0,0,0,0,0,0,0,0,0,0,0,0,0,0,0,0,0,0,92,0,66,0,0,0,0,0
68,0,15,0,0,0,0,0,293359,0,0,0,0,53,0,0,0,0,0,0,0,0,0,0,0,0,0,0,0,0,0,0,0,0,0,0,0,27,0,101,0,0,0,0,0
69,0,0,0,0,0,0,0,569264,0,0,2912,133120,136,0,0,0,0,0,8049,0,0,0,0,0,0,0,0,2912,2912,0,0,0,218378,133120,0,294,0,136,284,0,0,0,0,183092
69,0,1,0,0,0,0,0,284632,8049,0,0,0,3058,0,0,0,0,0,8049,0,0,0,0,0,0,0,0,0,1681,0,0,0,115196,0,0,80,166,1118,5230,0,0,74737,0,0
69,0,2,0,0,0,0,0,284632,0,0,0,0,1077,71680,0,0,0,0,0,0,0,0,0,0,0,0,0,0,0,0,0,0,59061,62898,0,249,1555,1262,2135,0,0,69092,0,69968
69,0,3,0,0,0,0,0,284632,0,0,0,0,1087,71680,0,0,0,0,0,0,0,0,0,0,0,0,0,0,0,0,0,0,0,63100,0,95,460,0,1568,0,0,3076,0,70099
69,0,4,0,0,0,0,0,284632,0,0,0,0,47,0,0,0,0,0,0,0,0,0,0,0,0,0,0,0,0,0,0,0,0,0,0,87,0,45,66,0,0,0,0,0
69,0,5,0,0,0,0,0,284632,0,0,0,0,47,0,0,0,0,0,0,0,0,0,0,0,0,0,0,0,0,0,0,0,0,0,525,148,0,0,113,0,0,0,0,0
69,0,6,0,0,0,0,0,284632,0,0,0,0,47,0,0,0,0,0,0,0,0,0,0,0,0,0,0,0,0,0,0,0,0,0,0,40,98,0,52,0,0,0,0,0
69,0,7,0,0,0,0,0,284632,0,0,0,0,53,0,0,0,0,0,0,0,0,0,0,0,0,0,0,0,0,0,0,0,0,0,0,106,39,0,136,0,0,0,0,0
69,0,8,0,0,0,0,0,284632,0,0,0,0,50,0,0,0,0,0,0,0,0,0,0,0,0,0,0,0,0,0,0,0,0,0,0,52,0,42,107,0,0,0,0,0
69,0,9,0,0,0,0,0,284632,0,0,0,0,47,0,0,0,0,0,0,0,0,0,0,0,0,0,0,0,0,0,0,0,0,0,377,42,0,0,53,0,0,0,0,0
69,0,10,0,0,0,0,0,284632,0,0,0,0,53,0,0,0,0,0,0,0,0,0,0,0,0,0,0,0,0,0,0,0,0,0,0,87,92,0,122,0,0,0,0,0
69,0,11,0,0,0,0,0,284632,0,0,0,0,53,0,0,0,0,0,0,0,0,0,0,0,0,0,0,0,0,0,0,0,0,0,0,39,39,0,94,0,0,0,0,0
69,0,12,0,0,0,0,0,284632,0,0,0,0,47,0,0,0,0,0,0,0,0,0,0,0,0,0,0,0,0,0,0,0,0,0,0,0,0,45,93,0,0,0,0,0
69,0,13,0,0,0,0,0,284632,0,0,0,0,53,0,0,0,0,0,0,0,0,0,0,0,0,0,0,0,0,0,0,0,0,0,166,0,0,0,109,0,0,0,0,0
69,0,14,0,0,0,0,0,284633,0,0,0,0,53,0,0,0,0,0,0,0,0,0,0,0,0,0,0,0,0,0,0,0,0,0,0,0,92,0,64,0,0,0,0,0
69,0,15,0,0,0,0,0,284632,0,0,0,0,53,0,0,0,0,0,0,0,0,0,0,0,0,0,0,0,0,0,0,0,0,0,0,0,27,0,102,0,0,0,0,0
70,0,0,0,0,0,0,0,976603,0,0,5512,266240,136,0,0,0,0,0,11963,0,0,0,0,0,0,0,0,5512,5512,0,117558,0,325410,266240,0,1673,0,136,284,0,0,0,0,519338
70,0,1,0,0,0,0,0,488301,11961,0,0,0,4453,0,0,0,0,0,11961,0,0,0,0,0,0,0,0,0,1790,0,58293,0,114144,0,0,634,665,1272,7914,0,0,245398,0,0
70,0,2,0,0,0,0,0,488301,0,0,0,0,954,71680,0,0,0,0,0,0,0,0,0,0,0,0,0,0,0,0,0,0,58094,63116,0,249,1490,1061,1902,0,0,187347,0,62946
70,0,3,0,0,0,0,0,488301,0,0,0,0,976,71680,0,0,0,0,0,0,0,0,0,0,0,0,0,0,0,0,0,0,0,63056,0,95,493,0,1580,0,0,68808,0,64530
70,0,4,0,0,0,0,0,488301,0,0,0,0,994,71680,0,0,0,0,0,0,0,0,0,0,0,0,0,0,0,0,0,0,0,63088,0,87,0,475,1511,116789,0,0,0,66221
70,0,5,0,0,0,0,0,488301,0,0,0,0,999,71680,0,0,0,0,0,0,0,0,0,0,0,0,0,0,0,0,0,0,0,63746,1897,148,0,2,1890,0,0,63673,0,64009
70,0,6,0,0,0,0,0,488301,0,0,0,0,47,0,0,0,0,0,0,0,0,0,0,0,0,0,0,0,0,0,0,0,0,0,0,40,98,0,52,0,0,0,0,0
70,0,7,0,0,0,0,0,488301,0,0,0,0,53,0,0,0,0,0,0,0,0,0,0,0,0,0,0,0,0,0,0,0,0,0,0,107,39,0,137,0,0,0,0,0
70,0,8,0,0,0,0,0,488301,0,0,0,0,50,0,0,0,0,0,0,0,0,0,0,0,0,0,0,0,0,0,0,0,0,0,0,52,0,42,107,0,0,0,0,0
70,0,9,0,0,0,0,0,488301,0,0,0,0,47,0,0,0,0,0,0,0,0,0,0,0,0,0,0,0,0,0,0,0,0,0,375,42,0,0,53,0,0,0,0,0
70,0,10,0,0,0,0,0,488301,0,0,0,0,53,0,0,0,0,0,0,0,0,0,0,0,0,0,0,0,0,0,0,0,0,0,0,88,92,0,121,0,0,0,0,0
70,0,11,0,0,0,0,0,488301,0,0,0,0,53,0,0,0,0,0,0,0,0,0,0,0,0,0,0,0,0,0,0,0,0,0,0,40,39,0,94,0,0,0,0,0
70,0,12,0,0,0,0,0,488301,0,0,0,0,47,0,0,0,0,0,0,0,0,0,0,0,0,0,0,0,0,0,0,0,0,0,0,0,0,45,93,0,0,0,0,0
70,0,13,0,0,0,0,0,488301,0,0,0,0,53,0,0,0,0,0,0,0,0,0,0,0,0,0,0,0,0,0,0,0,0,0,168,0,0,0,109,0,0,0,0,0
70,0,14,0,0,0,0,0,488301,0,0,0,0,53,0,0,0,0,0,0,0,0,0,0,0,0,0,0,0,0,0,0,0,0,0,0,0,90,0,63,0,0,0,0,0
70,0,15,0,0,0,0,0,488301,0,0,0,0,51,0,0,0,0,0,0,0,0,0,0,0,0,0,0,0,0,0,0,0,0,0,0,0,29,0,101,0,0,0,0,0
71,0,0,0,0,0,0,0,976321,0,0,5512,266240,136,0,0,0,0,0,11964,0,0,0,0,0,0,0,0,5512,5512,0,117535,0,325464,266240,0,1673,0,136,284,0,0,0,0,519524
71,0,1,0,0,0,0,0,488161,11964,0,0,0,4456,0,0,0,0,0,11964,0,0,0,0,0,0,0,0,0,1752,0,58285,0,114173,0,0,620,672,1276,7871,0,0,245538,0,0
71,0,2,0,0,0,0,0,488161,0,0,0,0,956,71680,0,0,0,0,0,0,0,0,0,0,0,0,0,0,0,0,0,0,58115,63128,0,249,1511,1060,1901,0,0,187250,0,62946
71,0,3,0,0,0,0,0,488161,0,0,0,0,999,71680,0,0,0,0,0,0,0,0,0,0,0,0,0,0,0,0,0,0,0,63067,0,95,470,0,1604,0,0,68697,0,64525
71,0,4,0,0,0,0,0,488161,0,0,0,0,1028,71680,0,0,0,0,0,0,0,0,0,0,0,0,0,0,0,0,0,0,0,63071,0,87,0,441,1551,116753,0,0,0,66226
71,0,5,0,0,0,0,0,488161,0,0,0,0,1010,71680,0,0,0,0,0,0,0,0,0,0,0,0,0,0,0,0,0,0,0,63740,1922,148,0,0,1915,0,0,63692,0,63970
71,0,6,0,0,0,0,0,488161,0,0,0,0,47,0,0,0,0,0,0,0,0,0,0,0,0,0,0,0,0,0,0,0,0,0,0,40,98,2,52,0,0,0,0,0
71,0,7,0,0,0,0,0,488161,0,0,0,0,53,0,0,0,0,0,0,0,0,0,0,0,0,0,0,0,0,0,0,0,0,0,0,105,39,0,137,0,0,0,0,0
71,0,8,0,0,0,0,0,488161,0,0,0,0,50,0,0,0,0,0,0,0,0,0,0,0,0,0,0,0,0,0,0,0,0,0,0,52,0,42,107,0,0,0,0,0
71,0,9,0,0,0,0,0,488161,0,0,0,0,47,0,0,0,0,0,0,0,0,0,0,0,0,0,0,0,0,0,0,0,0,0,375,42,0,0,53,0,0,0,0,0
71,0,10,0,0,0,0,0,488161,0,0,0,0,53,0,0,0,0,0,0,0,0,0,0,0,0,0,0,0,0,0,0,0,0,0,0,88,92,0,121,0,0,0,0,0
71,0,11,0,0,0,0,0,488161,0,0,0,0,53,0,0,0,0,0,0,0,0,0,0,0,0,0,0,0,0,0,0,0,0,0,0,42,39,0,94,0,0,0,0,0
71,0,12,0,0,0,0,0,488161,0,0,0,0,47,0,0,0,0,0,0,0,0,0,0,0,0,0,0,0,0,0,0,0,0,0,0,0,0,45,93,0,0,0,0,0
71,0,13,0,0,0,0,0,488161,0,0,0,0,53,0,0,0,0,0,0,0,0,0,0,0,0,0,0,0,0,0,0,0,0,0,168,0,0,0,109,0,0,0,0,0
71,0,14,0,0,0,0,0,488161,0,0,0,0,53,0,0,0,0,0,0,0,0,0,0,0,0,0,0,0,0,0,0,0,0,0,0,0,90,0,63,0,0,0,0,0
71,0,15,0,0,0,0,0,488161,0,0,0,0,51,0,0,0,0,0,0,0,0,0,0,0,0,0,0,0,0,0,0,0,0,0,0,0,29,0,99,0,0,0,0,0
72,0,0,0,0,0,0,0,976876,0,0,5520,266240,136,0,0,0,0,0,11976,0,0,0,0,0,0,0,0,5520,5520,0,117562,0,325294,266240,0,1675,0,136,284,0,0,0,0,520227
72,0,1,0,0,0,0,0,488438,11976,0,0,0,4455,0,0,0,0,0,11976,0,0,0,0,0,0,0,0,0,1780,0,58288,0,114097,0,0,632,676,1269,7928,0,0,245616,0,0
72,0,2,0,0,0,0,0,488438,0,0,0,0,957,71680,0,0,0,0,0,0,0,0,0,0,0,0,0,0,0,0,0,0,58105,63113,0,249,1476,1077,1897,0,0,187595,0,62928
72,0,3,0,0,0,0,0,488438,0,0,0,0,964,71680,0,0,0,0,0,0,0,0,0,0,0,0,0,0,0,0,0,0,0,63039,0,94,507,0,1555,0,0,68951,0,64530
72,0,4,0,0,0,0,0,488438,0,0,0,0,1012,71680,0,0,0,0,0,0,0,0,0,0,0,0,0,0,0,0,0,0,0,63074,0,87,0,459,1539,116742,0,0,0,66231
72,0,5,0,0,0,0,0,488438,0,0,0,0,1011,71680,0,0,0,0,0,0,0,0,0,0,0,0,0,0,0,0,0,0,0,63741,1907,148,0,0,1906,0,0,63686,0,63990
72,0,6,0,0,0,0,0,488438,0,0,0,0,47,0,0,0,0,0,0,0,0,0,0,0,0,0,0,0,0,0,0,0,0,0,0,40,98,2,52,0,0,0,0,0
72,0,7,0,0,0,0,0,488438,0,0,0,0,53,0,0,0,0,0,0,0,0,0,0,0,0,0,0,0,0,0,0,0,0,0,0,106,39,0,137,0,0,0,0,0
72,0,8,0,0,0,0,0,488438,0,0,0,0,50,0,0,0,0,0,0,0,0,0,0,0,0,0,0,0,0,0,0,0,0,0,0,52,0,42,107,0,0,0,0,0
72,0,9,0,0,0,0,0,488438,0,0,0,0,47,0,0,0,0,0,0,0,0,0,0,0,0,0,0,0,0,0,0,0,0,0,375,42,0,0,53,0,0,0,0,0
72,0,10,0,0,0,0,0,488438,0,0,0,0,53,0,0,0,0,0,0,0,0,0,0,0,0,0,0,0,0,0,0,0,0,0,0,88,92,0,121,0,0,0,0,0
72,0,11,0,0,0,0,0,488438,0,0,0,0,53,0,0,0,0,0,0,0,0,0,0,0,0,0,0,0,0,0,0,0,0,0,0,41,39,0,94,0,0,0,0,0
72,0,12,0,0,0,0,0,488438,0,0,0,0,47,0,0,0,0,0,0,0,0,0,0,0,0,0,0,0,0,0,0,0,0,0,0,0,0,45,93,0,0,0,0,0
72,0,13,0,0,0,0,0,488438,0,0,0,0,53,0,0,0,0,0,0,0,0,0,0,0,0,0,0,0,0,0,0,0,0,0,168,0,0,0,109,0,0,0,0,0
72,0,14,0,0,0,0,0,488439,0,0,0,0,53,0,0,0,0,0,0,0,0,0,0,0,0,0,0,0,0,0,0,0,0,0,0,0,90,0,63,0,0,0,0,0
72,0,15,0,0,0,0,0,488438,0,0,0,0,51,0,0,0,0,0,0,0,0,0,0,0,0,0,0,0,0,0,0,0,0,0,0,0,29,0,100,0,0,0,0,0
73,0,0,0,0,0,0,0,1415995,0,0,8242,399360,136,0,0,0,0,0,16071,0,0,0,0,0,0,0,0,8242,8242,0,117314,0,529884,399360,0,1327,0,136,284,0,0,0,0,986736
73,0,1,0,0,0,0,0,707998,16071,0,0,0,6541,0,0,0,0,0,16071,0,0,0,0,0,0,0,0,0,3899,0,58606,0,221654,0,0,605,492,2118,11514,0,0,245023,0,0
73,0,2,0,0,0,0,0,707998,0,0,0,0,752,71680,0,0,0,0,0,0,0,0,0,0,0,0,0,0,0,0,58655,0,113190,63132,0,1429,1108,2148,1519,0,0,198712,0,62894
73,0,3,0,0,0,0,0,707998,0,0,0,0,738,71680,0,0,0,0,0,0,0,0,0,0,0,0,0,0,0,0,58835,0,0,63019,0,701,385,0,1114,0,0,81400,0,64328
73,0,4,0,0,0,0,0,707998,0,0,0,0,735,71680,0,0,0,0,0,0,0,0,0,0,0,0,0,0,0,0,0,0,0,63145,0,87,0,388,1080,345503,0,0,0,65283
73,0,5,0,0,0,0,0,707998,0,0,0,0,1056,71680,0,0,0,0,0,0,0,0,0,0,0,0,0,0,0,0,0,0,0,63252,3493,150,0,1,2120,0,0,343628,0,63027
73,0,6,0,0,0,0,0,707997,0,0,0,0,1236,71680,0,0,0,0,0,0,0,0,0,0,0,0,0,0,0,0,0,0,0,62992,0,39,1948,1,1875,0,0,298797,0,65908
73,0,7,0,0,0,0,0,707998,0,0,0,0,1282,71680,0,0,0,0,0,0,0,0,0,0,0,0,0,0,0,0,0,0,0,63094,0,110,619,0,2568,0,0,164659,0,61224
73,0,8,0,0,0,0,0,707998,0,0,0,0,51,0,0,0,0,0,0,0,0,0,0,0,0,0,0,0,0,0,0,0,0,0,0,52,0,41,108,0,0,0,0,0
73,0,9,0,0,0,0,0,707998,0,0,0,0,48,0,0,0,0,0,0,0,0,0,0,0,0,0,0,0,0,0,0,0,0,0,378,41,0,0,53,0,0,0,0,0
73,0,10,0,0,0,0,0,707998,0,0,0,0,52,0,0,0,0,0,0,0,0,0,0,0,0,0,0,0,0,0,0,0,0,0,0,86,92,0,123,0,0,0,0,0
73,0,11,0,0,0,0,0,707998,0,0,0,0,52,0,0,0,0,0,0,0,0,0,0,0,0,0,0,0,0,0,0,0,0,0,0,39,40,0,93,0,0,0,0,0
73,0,12,0,0,0,0,0,707998,0,0,0,0,46,0,0,0,0,0,0,0,0,0,0,0,0,0,0,0,0,0,0,0,0,0,0,0,0,46,92,0,0,0,0,0
73,0,13,0,0,0,0,0,707998,0,0,0,0,53,0,0,0,0,0,0,0,0,0,0,0,0,0,0,0,0,0,0,0,0,0,165,0,0,0,110,0,0,0,0,0
73,0,14,0,0,0,0,0,707998,0,0,0,0,52,0,0,0,0,0,0,0,0,0,0,0,0,0,0,0,0,0,0,0,0,0,0,0,92,0,64,0,0,0,0,0
73,0,15,0,0,0,0,0,707998,0,0,0,0,52,0,0,0,0,0,0,0,0,0,0,0,0,0,0,0,0,0,0,0,0,0,0,0,28,0,105,0,0,0,0,0
74,0,0,0,0,0,0,0,1403100,0,0,8218,399360,136,0,0,0,0,0,16035,0,0,0,0,0,0,0,0,8218,8218,0,116589,0,530533,399360,0,1319,0,136,284,0,0,0,0,942386
74,0,1,0,0,0,0,0,701550,16035,0,0,0,6613,0,0,0,0,0,16035,0,0,0,0,0,0,0,0,0,4029,0,58589,0,221148,0,0,545,509,2065,11489,0,0,113922,0,0
74,0,2,0,0,0,0,0,701550,0,0,0,0,710,71680,0,0,0,0,0,0,0,0,0,0,0,0,0,0,0,0,58460,0,112991,62990,0,1480,1124,2205,1465,0,0,112679,0,63046
74,0,3,0,0,0,0,0,701550,0,0,0,0,723,71680,0,0,0,0,0,0,0,0,0,0,0,0,0,0,0,0,58465,0,0,63456,0,719,390,0,1046,0,0,7428,0,67335
74,0,4,0,0,0,0,0,701550,0,0,0,0,725,71680,0,0,0,0,0,0,0,0,0,0,0,0,0,0,0,0,0,0,0,62879,0,87,0,390,1088,412070,0,0,0,62713
74,0,5,0,0,0,0,0,701550,0,0,0,0,1016,71680,0,0,0,0,0,0,0,0,0,0,0,0,0,0,0,0,0,0,0,63277,3550,148,0,1,2084,0,0,339891,0,62903
74,0,6,0,0,0,0,0,701549,0,0,0,0,1296,71680,0,0,0,0,0,0,0,0,0,0,0,0,0,0,0,0,0,0,0,63049,0,40,1926,1,1913,0,0,294288,0,65071
74,0,7,0,0,0,0,0,701550,0,0,0,0,1290,71680,0,0,0,0,0,0,0,0,0,0,0,0,0,0,0,0,0,0,0,63068,0,108,643,0,2592,0,0,155448,0,62635
74,0,8,0,0,0,0,0,701550,0,0,0,0,50,0,0,0,0,0,0,0,0,0,0,0,0,0,0,0,0,0,0,0,0,0,0,52,0,42,107,0,0,0,0,0
74,0,9,0,0,0,0,0,701550,0,0,0,0,47,0,0,0,0,0,0,0,0,0,0,0,0,0,0,0,0,0,0,0,0,0,377,42,0,0,53,0,0,0,0,0
74,0,10,0,0,0,0,0,701550,0,0,0,0,53,0,0,0,0,0,0,0,0,0,0,0,0,0,0,0,0,0,0,0,0,0,0,85,92,0,124,0,0,0,0,0
74,0,11,0,0,0,0,0,701550,0,0,0,0,53,0,0,0,0,0,0,0,0,0,0,0,0,0,0,0,0,0,0,0,0,0,0,41,39,0,94,0,0,0,0,0
74,0,12,0,0,0,0,0,701550,0,0,0,0,47,0,0,0,0,0,0,0,0,0,0,0,0,0,0,0,0,0,0,0,0,0,0,0,0,45,93,0,0,0,0,0
74,0,13,0,0,0,0,0,701550,0,0,0,0,53,0,0,0,0,0,0,0,0,0,0,0,0,0,0,0,0,0,0,0,0,0,166,0,0,0,109,0,0,0,0,0
74,0,14,0,0,0,0,0,701550,0,0,0,0,53,0,0,0,0,0,0,0,0,0,0,0,0,0,0,0,0,0,0,0,0,0,0,0,92,0,66,0,0,0,0,0
74,0,15,0,0,0,0,0,701550,0,0,0,0,53,0,0,0,0,0,0,0,0,0,0,0,0,0,0,0,0,0,0,0,0,0,0,0,27,0,104,0,0,0,0,0
75,0,0,0,0,0,0,0,1374500,0,0,8088,399360,136,0,0,0,0,0,15840,0,0,0,0,0,0,0,0,8088,8088,0,116626,0,528334,399360,0,1319,0,136,284,0,0,0,0,988188
75,0,1,0,0,0,0,0,687250,15840,0,0,0,6399,0,0,0,0,0,15840,0,0,0,0,0,0,0,0,0,4295,0,58414,0,221040,0,0,547,512,2144,11207,0,0,114250,0,0
75,0,2,0,0,0,0,0,687250,0,0,0,0,719,71680,0,0,0,0,0,0,0,0,0,0,0,0,0,0,0,0,58725,0,112666,63044,0,1364,1156,2055,1485,0,0,112295,0,63068
75,0,3,0,0,0,0,0,687250,0,0,0,0,761,71680,0,0,0,0,0,0,0,0,0,0,0,0,0,0,0,0,58478,0,0,63467,0,758,353,0,1108,0,0,7332,0,67365
75,0,4,0,0,0,0,0,687250,0,0,0,0,714,71680,0,0,0,0,0,0,0,0,0,0,0,0,0,0,0,0,0,0,0,62875,0,82,0,401,1083,425337,0,0,0,62591
75,0,5,0,0,0,0,0,687250,0,0,0,0,1047,71680,0,0,0,0,0,0,0,0,0,0,0,0,0,0,0,0,0,0,0,63273,3456,149,0,1,2158,0,0,354935,0,62614
75,0,6,0,0,0,0,0,687250,0,0,0,0,1233,71680,0,0,0,0,0,0,0,0,0,0,0,0,0,0,0,0,0,0,0,63105,0,35,1856,2,1881,0,0,280853,0,64572
75,0,7,0,0,0,0,0,687250,0,0,0,0,1247,71680,0,0,0,0,0,0,0,0,0,0,0,0,0,0,0,0,0,0,0,62739,0,106,595,0,2422,0,0,153077,0,61568
75,0,8,0,0,0,0,0,687250,0,0,0,0,50,0,0,0,0,0,0,0,0,0,0,0,0,0,0,0,0,0,0,0,0,0,0,57,0,42,107,0,0,0,0,0
75,0,9,0,0,0,0,0,687250,0,0,0,0,47,0,0,0,0,0,0,0,0,0,0,0,0,0,0,0,0,0,0,0,0,0,365,41,0,0,53,0,0,0,0,0
75,0,10,0,0,0,0,0,687250,0,0,0,0,54,0,0,0,0,0,0,0,0,0,0,0,0,0,0,0,0,0,0,0,0,0,0,88,92,0,127,0,0,0,0,0
75,0,11,0,0,0,0,0,687250,0,0,0,0,54,0,0,0,0,0,0,0,0,0,0,0,0,0,0,0,0,0,0,0,0,0,0,43,38,0,95,0,0,0,0,0
75,0,12,0,0,0,0,0,687250,0,0,0,0,54,0,0,0,0,0,0,0,0,0,0,0,0,0,0,0,0,0,0,0,0,0,0,0,0,38,95,0,0,0,0,0
75,0,13,0,0,0,0,0,687250,0,0,0,0,51,0,0,0,0,0,0,0,0,0,0,0,0,0,0,0,0,0,0,0,0,0,178,0,0,0,108,0,0,0,0,0
75,0,14,0,0,0,0,0,687251,0,0,0,0,54,0,0,0,0,0,0,0,0,0,0,0,0,0,0,0,0,0,0,0,0,0,0,0,89,0,64,0,0,0,0,0
75,0,15,0,0,0,0,0,687250,0,0,0,0,51,0,0,0,0,0,0,0,0,0,0,0,0,0,0,0,0,0,0,0,0,0,0,0,29,0,100,0,0,0,0,0
76,0,0,0,0,0,0,0,1845274,0,0,10938,532480,136,0,0,0,0,0,20124,0,0,0,0,0,0,0,0,10938,10938,0,225716,0,634013,532480,0,2786,0,136,284,0,0,0,0,1381883
76,0,1,0,0,0,0,0,922637,20124,0,0,0,8357,0,0,0,0,0,20124,0,0,0,0,0,0,0,0,0,5465,0,115010,0,220574,0,0,1079,968,2050,14514,0,0,148037,0,0
76,0,2,0,0,0,0,0,922637,0,0,0,0,555,71680,0,0,0,0,0,0,0,0,0,0,0,0,0,0,0,0,58103,0,113006,63097,0,1506,905,2116,1152,0,0,115941,0,63193
76,0,3,0,0,0,0,0,922637,0,0,0,0,584,71680,0,0,0,0,0,0,0,0,0,0,0,0,0,0,0,0,58715,0,0,63155,0,723,292,0,875,0,0,23276,0,66309
76,0,4,0,0,0,0,0,922637,0,0,0,0,742,71680,0,0,0,0,0,0,0,0,0,0,0,0,0,0,0,0,58138,0,0,62938,0,550,0,387,1101,629736,0,0,0,63460
76,0,5,0,0,0,0,0,922637,0,0,0,0,1039,71680,0,0,0,0,0,0,0,0,0,0,0,0,0,0,0,0,58964,0,0,63478,5204,1096,0,0,2116,0,0,578677,0,62957
76,0,6,0,0,0,0,0,922637,0,0,0,0,1355,71680,0,0,0,0,0,0,0,0,0,0,0,0,0,0,0,0,0,0,0,63133,0,43,2015,2,2061,0,0,435594,0,63718
76,0,7,0,0,0,0,0,922637,0,0,0,0,1320,71680,0,0,0,0,0,0,0,0,0,0,0,0,0,0,0,0,0,0,0,63005,0,101,731,0,2742,0,0,190964,0,62732
76,0,8,0,0,0,0,0,922637,0,0,0,0,1014,71680,0,0,0,0,0,0,0,0,0,0,0,0,0,0,0,0,0,0,0,62614,0,52,0,529,2061,385297,0,0,0,63903
76,0,9,0,0,0,0,0,922637,0,0,0,0,1039,71680,0,0,0,0,0,0,0,0,0,0,0,0,0,0,0,0,0,0,0,63131,1803,40,0,2,1552,0,0,143972,0,60912
76,0,10,0,0,0,0,0,922637,0,0,0,0,52,0,0,0,0,0,0,0,0,0,0,0,0,0,0,0,0,0,0,0,0,0,0,82,86,0,123,0,0,0,0,0
76,0,11,0,0,0,0,0,922637,0,0,0,0,46,0,0,0,0,0,0,0,0,0,0,0,0,0,0,0,0,0,0,0,0,0,0,45,46,0,92,0,0,0,0,0
76,0,12,0,0,0,0,0,922637,0,0,0,0,46,0,0,0,0,0,0,0,0,0,0,0,0,0,0,0,0,0,0,0,0,0,0,0,0,46,92,0,0,0,0,0
76,0,13,0,0,0,0,0,922637,0,0,0,0,51,0,0,0,0,0,0,0,0,0,0,0,0,0,0,0,0,0,0,0,0,0,167,0,0,0,109,0,0,0,0,0
76,0,14,0,0,0,0,0,922637,0,0,0,0,53,0,0,0,0,0,0,0,0,0,0,0,0,0,0,0,0,0,0,0,0,0,0,0,92,0,69,0,0,0,0,0
76,0,15,0,0,0,0,0,922637,0,0,0,0,53,0,0,0,0,0,0,0,0,0,0,0,0,0,0,0,0,0,0,0,0,0,0,0,27,0,102,0,0,0,0,0
77,0,0,0,0,0,0,0,1844772,0,0,10944,532480,136,0,0,0,0,0,20136,0,0,0,0,0,0,0,0,10944,10944,0,225729,0,633900,532480,0,2784,0,136,284,0,0,0,0,1382440
77,0,1,0,0,0,0,0,922386,20136,0,0,0,8377,0,0,0,0,0,20136,0,0,0,0,0,0,0,0,0,5480,0,115099,0,220466,0,0,1070,1023,1990,14614,0,0,147461,0,0
77,0,2,0,0,0,0,0,922386,0,0,0,0,576,71680,0,0,0,0,0,0,0,0,0,0,0,0,0,0,0,0,58103,0,112999,63082,0,1525,863,2200,1131,0,0,114817,0,63159
77,0,3,0,0,0,0,0,922386,0,0,0,0,565,71680,0,0,0,0,0,0,0,0,0,0,0,0,0,0,0,0,58571,0,0,63192,0,665,310,0,829,0,0,22558,0,66244
77,0,4,0,0,0,0,0,922386,0,0,0,0,730,71680,0,0,0,0,0,0,0,0,0,0,0,0,0,0,0,0,58108,0,0,62964,0,574,0,395,1117,629145,0,0,0,63427
77,0,5,0,0,0,0,0,922386,0,0,0,0,1028,71680,0,0,0,0,0,0,0,0,0,0,0,0,0,0,0,0,58989,0,0,63527,5172,1092,0,1,2124,0,0,578137,0,62910
77,0,6,0,0,0,0,0,922386,0,0,0,0,1330,71680,0,0,0,0,0,0,0,0,0,0,0,0,0,0,0,0,0,0,0,63089,0,43,2042,1,2021,0,0,436112,0,63442
77,0,7,0,0,0,0,0,922386,0,0,0,0,1318,71680,0,0,0,0,0,0,0,0,0,0,0,0,0,0,0,0,0,0,0,62981,0,146,735,0,2756,0,0,184333,0,62981
77,0,8,0,0,0,0,0,922386,0,0,0,0,1011,71680,0,0,0,0,0,0,0,0,0,0,0,0,0,0,0,0,0,0,0,62676,0,52,0,534,2036,387002,0,0,0,63787
77,0,9,0,0,0,0,0,922386,0,0,0,0,1006,71680,0,0,0,0,0,0,0,0,0,0,0,0,0,0,0,0,0,0,0,63110,1820,42,0,2,1523,0,0,144040,0,60922
77,0,10,0,0,0,0,0,922386,0,0,0,0,51,0,0,0,0,0,0,0,0,0,0,0,0,0,0,0,0,0,0,0,0,0,0,97,92,0,107,0,0,0,0,0
77,0,11,0,0,0,0,0,922386,0,0,0,0,51,0,0,0,0,0,0,0,0,0,0,0,0,0,0,0,0,0,0,0,0,0,0,5,41,0,92,0,0,0,0,0
77,0,12,0,0,0,0,0,922386,0,0,0,0,46,0,0,0,0,0,0,0,0,0,0,0,0,0,0,0,0,0,0,0,0,0,0,0,0,46,92,0,0,0,0,0
77,0,13,0,0,0,0,0,922386,0,0,0,0,53,0,0,0,0,0,0,0,0,0,0,0,0,0,0,0,0,0,0,0,0,0,176,0,0,0,109,0,0,0,0,0
77,0,14,0,0,0,0,0,922386,0,0,0,0,51,0,0,0,0,0,0,0,0,0,0,0,0,0,0,0,0,0,0,0,0,0,0,0,81,0,52,0,0,0,0,0
77,0,15,0,0,0,0,0,922386,0,0,0,0,40,0,0,0,0,0,0,0,0,0,0,0,0,0,0,0,0,0,0,0,0,0,0,0,40,0,129,0,0,0,0,0
78,0,0,0,0,0,0,0,1845891,0,0,10914,532480,136,0,0,0,0,0,20088,0,0,0,0,0,0,0,0,10914,10914,0,225901,0,635337,532480,0,2770,0,136,284,0,0,0,0,1374727
78,0,1,0,0,0,0,0,922946,20088,0,0,0,8335,0,0,0,0,0,20088,0,0,0,0,0,0,0,0,0,5506,0,115038,0,220902,0,0,1015,1048,2026,14584,0,0,147145,0,0
78,0,2,0,0,0,0,0,922946,0,0,0,0,570,71680,0,0,0,0,0,0,0,0,0,0,0,0,0,0,0,0,58106,0,113425,63089,0,1508,863,2161,1147,0,0,113923,0,63136
78,0,3,0,0,0,0,0,922946,0,0,0,0,557,71680,0,0,0,0,0,0,0,0,0,0,0,0,0,0,0,0,58865,0,0,63185,0,683,320,0,844,0,0,21801,0,66247
78,0,4,0,0,0,0,0,922946,0,0,0,0,739,71680,0,0,0,0,0,0,0,0,0,0,0,0,0,0,0,0,58161,0,0,62958,0,590,0,380,1136,630212,0,0,0,63491
78,0,5,0,0,0,0,0,922946,0,0,0,0,1035,71680,0,0,0,0,0,0,0,0,0,0,0,0,0,0,0,0,58926,0,0,63554,5124,1099,0,0,2155,0,0,579013,0,63023
78,0,6,0,0,0,0,0,922946,0,0,0,0,1312,71680,0,0,0,0,0,0,0,0,0,0,0,0,0,0,0,0,0,0,0,63076,0,43,2064,3,2018,0,0,434839,0,63797
78,0,7,0,0,0,0,0,922946,0,0,0,0,1325,71680,0,0,0,0,0,0,0,0,0,0,0,0,0,0,0,0,0,0,0,63095,0,144,728,0,2745,0,0,186661,0,62802
78,0,8,0,0,0,0,0,922946,0,0,0,0,1035,71680,0,0,0,0,0,0,0,0,0,0,0,0,0,0,0,0,0,0,0,62673,0,52,0,502,2036,390634,0,0,0,63720
78,0,9,0,0,0,0,0,922946,0,0,0,0,1028,71680,0,0,0,0,0,0,0,0,0,0,0,0,0,0,0,0,0,0,0,63098,1815,42,0,1,1530,0,0,142780,0,60773
78,0,10,0,0,0,0,0,922946,0,0,0,0,51,0,0,0,0,0,0,0,0,0,0,0,0,0,0,0,0,0,0,0,0,0,0,97,92,1,107,0,0,0,0,0
78,0,11,0,0,0,0,0,922946,0,0,0,0,51,0,0,0,0,0,0,0,0,0,0,0,0,0,0,0,0,0,0,0,0,0,0,6,41,0,92,0,0,0,0,0
78,0,12,0,0,0,0,0,922946,0,0,0,0,46,0,0,0,0,0,0,0,0,0,0,0,0,0,0,0,0,0,0,0,0,0,0,0,0,46,92,0,0,0,0,0
78,0,13,0,0,0,0,0,922946,0,0,0,0,53,0,0,0,0,0,0,0,0,0,0,0,0,0,0,0,0,0,0,0,0,0,176,0,0,0,109,0,0,0,0,0
78,0,14,0,0,0,0,0,922947,0,0,0,0,51,0,0,0,0,0,0,0,0,0,0,0,0,0,0,0,0,0,0,0,0,0,0,0,81,0,52,0,0,0,0,0
78,0,15,0,0,0,0,0,922946,0,0,0,0,40,0,0,0,0,0,0,0,0,0,0,0,0,0,0,0,0,0,0,0,0,0,0,0,40,0,128,0,0,0,0,0
79,0,0,0,0,0,0,0,2240131,0,0,13458,665600,136,0,0,0,0,0,23919,0,0,0,0,0,0,0,0,13458,13458,0,226806,0,815130,665600,0,2274,0,136,284,0,0,0,0,1758391
79,0,1,0,0,0,0,0,1120065,23919,0,0,0,9947,0,0,0,0,0,23919,0,0,0,0,0,0,0,0,0,6898,0,113912,0,320454,0,0,1047,831,3151,17399,0,0,144863,0,0
79,0,2,0,0,0,0,0,1120065,0,0,0,0,479,71680,0,0,0,0,0,0,0,0,0,0,0,0,0,0,0,0,113890,0,164766,63002,0,2654,740,3086,990,0,0,109246,0,63141
79,0,3,0,0,0,0,0,1120065,0,0,0,0,477,71680,0,0,0,0,0,0,0,0,0,0,0,0,0,0,0,0,113958,0,0,63140,0,1374,266,0,713,0,0,17363,0,66135
79,0,4,0,0,0,0,0,1120065,0,0,0,0,559,71680,0,0,0,0,0,0,0,0,0,0,0,0,0,0,0,0,57988,0,0,63040,0,496,0,308,833,783827,0,0,0,64142
79,0,5,0,0,0,0,0,1120065,0,0,0,0,847,71680,0,0,0,0,0,0,0,0,0,0,0,0,0,0,0,0,58413,0,0,63322,6590,1242,0,2,1710,0,0,667450,0,61359
79,0,6,0,0,0,0,0,1120064,0,0,0,0,1097,71680,0,0,0,0,0,0,0,0,0,0,0,0,0,0,0,0,58736,0,0,63075,0,743,1656,1,1656,0,0,464322,0,62402
79,0,7,0,0,0,0,0,1120065,0,0,0,0,1092,71680,0,0,0,0,0,0,0,0,0,0,0,0,0,0,0,0,58291,0,0,62900,0,1459,571,0,2207,0,0,221082,0,59998
79,0,8,0,0,0,0,0,1120065,0,0,0,0,843,71680,0,0,0,0,0,0,0,0,0,0,0,0,0,0,0,0,0,0,0,62791,0,52,0,450,1694,832692,0,0,0,60676
79,0,9,0,0,0,0,0,1120065,0,0,0,0,1135,71680,0,0,0,0,0,0,0,0,0,0,0,0,0,0,0,0,0,0,0,63201,3829,41,0,1,1697,0,0,658043,0,61745
79,0,10,0,0,0,0,0,1120065,0,0,0,0,1451,71680,0,0,0,0,0,0,0,0,0,0,0,0,0,0,0,0,0,0,0,63256,0,86,2163,2,2907,0,0,556140,0,62275
79,0,11,0,0,0,0,0,1120065,0,0,0,0,1437,71680,0,0,0,0,0,0,0,0,0,0,0,0,0,0,0,0,0,0,0,63082,0,40,742,0,2218,0,0,269738,0,62321
79,0,12,0,0,0,0,0,1120065,0,0,0,0,46,0,0,0,0,0,0,0,0,0,0,0,0,0,0,0,0,0,0,0,0,0,0,0,0,46,92,0,0,0,0,0
79,0,13,0,0,0,0,0,1120065,0,0,0,0,53,0,0,0,0,0,0,0,0,0,0,0,0,0,0,0,0,0,0,0,0,0,166,0,0,0,110,0,0,0,0,0
79,0,14,0,0,0,0,0,1120065,0,0,0,0,52,0,0,0,0,0,0,0,0,0,0,0,0,0,0,0,0,0,0,0,0,0,0,0,91,0,64,0,0,0,0,0
79,0,15,0,0,0,0,0,1120065,0,0,0,0,51,0,0,0,0,0,0,0,0,0,0,0,0,0,0,0,0,0,0,0,0,0,0,0,29,0,107,0,0,0,0,0
80,0,0,0,0,0,0,0,2241363,0,0,13500,665600,136,0,0,0,0,0,23979,0,0,0,0,0,0,0,0,13500,13500,0,226777,0,815877,665600,0,2278,0,136,284,0,0,0,0,1761088
80,0,1,0,0,0,0,0,1120682,23979,0,0,0,10096,0,0,0,0,0,23979,0,0,0,0,0,0,0,0,0,6911,0,113712,0,321139,0,0,1000,843,3079,17558,0,0,145361,0,0
80,0,2,0,0,0,0,0,1120682,0,0,0,0,482,71680,0,0,0,0,0,0,0,0,0,0,0,0,0,0,0,0,114061,0,164918,63016,0,2680,741,3172,981,0,0,108595,0,63170
80,0,3,0,0,0,0,0,1120682,0,0,0,0,479,71680,0,0,0,0,0,0,0,0,0,0,0,0,0,0,0,0,114117,0,0,63130,0,1294,266,0,723,0,0,17720,0,66042
80,0,4,0,0,0,0,0,1120682,0,0,0,0,578,71680,0,0,0,0,0,0,0,0,0,0,0,0,0,0,0,0,58003,0,0,63045,0,483,0,291,876,786513,0,0,0,64052
80,0,5,0,0,0,0,0,1120682,0,0,0,0,838,71680,0,0,0,0,0,0,0,0,0,0,0,0,0,0,0,0,58397,0,0,63335,6621,1263,0,1,1737,0,0,666985,0,61394
80,0,6,0,0,0,0,0,1120682,0,0,0,0,1110,71680,0,0,0,0,0,0,0,0,0,0,0,0,0,0,0,0,58831,0,0,63100,0,765,1665,1,1633,0,0,467622,0,62298
80,0,7,0,0,0,0,0,1120682,0,0,0,0,1109,71680,0,0,0,0,0,0,0,0,0,0,0,0,0,0,0,0,58312,0,0,62865,0,1525,558,0,2250,0,0,221796,0,60039
80,0,8,0,0,0,0,0,1120682,0,0,0,0,855,71680,0,0,0,0,0,0,0,0,0,0,0,0,0,0,0,0,0,0,0,62788,0,52,0,440,1721,834647,0,0,0,60538
80,0,9,0,0,0,0,0,1120682,0,0,0,0,1143,71680,0,0,0,0,0,0,0,0,0,0,0,0,0,0,0,0,0,0,0,63167,3854,42,0,1,1691,0,0,657365,0,61665
80,0,10,0,0,0,0,0,1120682,0,0,0,0,1468,71680,0,0,0,0,0,0,0,0,0,0,0,0,0,0,0,0,0,0,0,63282,0,97,2156,1,2899,0,0,556620,0,62276
80,0,11,0,0,0,0,0,1120682,0,0,0,0,1438,71680,0,0,0,0,0,0,0,0,0,0,0,0,0,0,0,0,0,0,0,63143,0,5,749,0,2197,0,0,270514,0,62498
80,0,12,0,0,0,0,0,1120682,0,0,0,0,46,0,0,0,0,0,0,0,0,0,0,0,0,0,0,0,0,0,0,0,0,0,0,0,0,46,92,0,0,0,0,0
80,0,13,0,0,0,0,0,1120682,0,0,0,0,53,0,0,0,0,0,0,0,0,0,0,0,0,0,0,0,0,0,0,0,0,0,176,0,0,0,109,0,0,0,0,0
80,0,14,0,0,0,0,0,1120682,0,0,0,0,51,0,0,0,0,0,0,0,0,0,0,0,0,0,0,0,0,0,0,0,0,0,0,0,81,0,52,0,0,0,0,0
80,0,15,0,0,0,0,0,1120682,0,0,0,0,40,0,0,0,0,0,0,0,0,0,0,0,0,0,0,0,0,0,0,0,0,0,0,0,40,0,131,0,0,0,0,0
81,0,0,0,0,0,0,0,2243495,0,0,13474,665600,136,0,0,0,0,0,23940,0,0,0,0,0,0,0,0,13474,13474,0,227031,0,816921,665600,0,2280,0,136,284,0,0,0,0,1760505
81,0,1,0,0,0,0,0,1121748,23940,0,0,0,9985,0,0,0,0,0,23940,0,0,0,0,0,0,0,0,0,6998,0,113890,0,321112,0,0,1048,835,3124,17567,0,0,145401,0,0
81,0,2,0,0,0,0,0,1121748,0,0,0,0,490,71680,0,0,0,0,0,0,0,0,0,0,0,0,0,0,0,0,113921,0,165010,62983,0,2647,713,3123,1003,0,0,108446,0,63180
81,0,3,0,0,0,0,0,1121748,0,0,0,0,464,71680,0,0,0,0,0,0,0,0,0,0,0,0,0,0,0,0,114022,0,0,63116,0,1339,277,0,700,0,0,18129,0,66145
81,0,4,0,0,0,0,0,1121748,0,0,0,0,567,71680,0,0,0,0,0,0,0,0,0,0,0,0,0,0,0,0,58052,0,0,63049,0,501,0,302,841,785455,0,0,0,64045
81,0,5,0,0,0,0,0,1121748,0,0,0,0,875,71680,0,0,0,0,0,0,0,0,0,0,0,0,0,0,0,0,58453,0,0,63365,6503,1258,0,1,1727,0,0,665113,0,61470
81,0,6,0,0,0,0,0,1121748,0,0,0,0,1095,71680,0,0,0,0,0,0,0,0,0,0,0,0,0,0,0,0,58799,0,0,63116,0,755,1677,1,1653,0,0,470173,0,62514
81,0,7,0,0,0,0,0,1121748,0,0,0,0,1109,71680,0,0,0,0,0,0,0,0,0,0,0,0,0,0,0,0,58313,0,0,62879,0,1478,553,0,2245,0,0,222972,0,59963
81,0,8,0,0,0,0,0,1121748,0,0,0,0,865,71680,0,0,0,0,0,0,0,0,0,0,0,0,0,0,0,0,0,0,0,62819,0,52,0,432,1715,833637,0,0,0,60855
81,0,9,0,0,0,0,0,1121748,0,0,0,0,1121,71680,0,0,0,0,0,0,0,0,0,0,0,0,0,0,0,0,0,0,0,63197,3894,40,0,1,1674,0,0,657723,0,61620
81,0,10,0,0,0,0,0,1121748,0,0,0,0,1455,71680,0,0,0,0,0,0,0,0,0,0,0,0,0,0,0,0,0,0,0,63259,0,83,2153,2,2906,0,0,560023,0,62311
81,0,11,0,0,0,0,0,1121748,0,0,0,0,1427,71680,0,0,0,0,0,0,0,0,0,0,0,0,0,0,0,0,0,0,0,63087,0,42,756,0,2191,0,0,270114,0,62320
81,0,12,0,0,0,0,0,1121748,0,0,0,0,47,0,0,0,0,0,0,0,0,0,0,0,0,0,0,0,0,0,0,0,0,0,0,0,0,45,93,0,0,0,0,0
81,0,13,0,0,0,0,0,1121748,0,0,0,0,53,0,0,0,0,0,0,0,0,0,0,0,0,0,0,0,0,0,0,0,0,0,161,0,0,0,111,0,0,0,0,0
81,0,14,0,0,0,0,0,1121749,0,0,0,0,47,0,0,0,0,0,0,0,0,0,0,0,0,0,0,0,0,0,0,0,0,0,0,0,97,0,62,0,0,0,0,0
81,0,15,0,0,0,0,0,1121748,0,0,0,0,52,0,0,0,0,0,0,0,0,0,0,0,0,0,0,0,0,0,0,0,0,0,0,0,28,0,106,0,0,0,0,0
82,0,0,0,0,0,0,0,2845091,0,0,17272,865280,136,0,0,0,0,0,29655,0,0,0,0,0,0,0,0,17272,17272,0,327536,0,989425,865280,0,3603,0,136,284,0,0,0,0,2311860
82,0,1,0,0,0,0,0,1422546,29655,0,0,0,12582,0,0,0,0,0,29655,0,0,0,0,0,0,0,0,0,9187,0,164929,0,365960,0,0,1613,1282,3316,21566,0,0,137560,0,0
82,0,2,0,0,0,0,0,1422546,0,0,0,0,383,71680,0,0,0,0,0,0,0,0,0,0,0,0,0,0,0,0,164140,0,164257,62983,0,3713,579,2726,796,0,0,106303,0,62985
82,0,3,0,0,0,0,0,1422546,0,0,0,0,373,71680,0,0,0,0,0,0,0,0,0,0,0,0,0,0,0,0,113177,0,0,63119,0,1161,218,0,546,0,0,8914,0,66494
82,0,4,0,0,0,0,0,1422546,0,0,0,0,421,71680,0,0,0,0,0,0,0,0,0,0,0,0,0,0,0,0,112896,0,0,63029,0,1014,0,246,622,1034408,0,0,0,63798
82,0,5,0,0,0,0,0,1422546,0,0,0,0,641,71680,0,0,0,0,0,0,0,0,0,0,0,0,0,0,0,0,113933,0,0,63161,9027,2612,0,1,1291,0,0,610637,0,61074
82,0,6,0,0,0,0,0,1422546,0,0,0,0,807,71680,0,0,0,0,0,0,0,0,0,0,0,0,0,0,0,0,113462,0,0,63106,0,1408,1227,2,1195,0,0,421940,0,61965
82,0,7,0,0,0,0,0,1422546,0,0,0,0,807,71680,0,0,0,0,0,0,0,0,0,0,0,0,0,0,0,0,58670,0,0,62583,0,1470,422,0,1639,0,0,210296,0,60796
82,0,8,0,0,0,0,0,1422546,0,0,0,0,768,71680,0,0,0,0,0,0,0,0,0,0,0,0,0,0,0,0,58263,0,0,62864,0,1128,0,407,1554,1132586,0,0,0,61565
82,0,9,0,0,0,0,0,1422546,0,0,0,0,1139,71680,0,0,0,0,0,0,0,0,0,0,0,0,0,0,0,0,58479,0,0,62960,6202,712,0,1,1695,0,0,1180956,0,60308
82,0,10,0,0,0,0,0,1422546,0,0,0,0,1414,71680,0,0,0,0,0,0,0,0,0,0,0,0,0,0,0,0,58475,0,0,63066,0,1456,2154,1,2822,0,0,746978,0,60687
82,0,11,0,0,0,0,0,1422546,0,0,0,0,1440,71680,0,0,0,0,0,0,0,0,0,0,0,0,0,0,0,0,0,0,0,63175,0,45,689,0,2156,0,0,338472,0,60035
82,0,12,0,0,0,0,0,1422546,0,0,0,0,1137,71680,0,0,0,0,0,0,0,0,0,0,0,0,0,0,0,0,0,0,0,63170,0,0,0,600,1754,954733,0,0,0,62213
82,0,13,0,0,0,0,0,1422546,0,0,0,0,1367,71680,0,0,0,0,0,0,0,0,0,0,0,0,0,0,0,0,0,0,0,63254,3333,0,0,2,2790,0,0,636596,0,63727
82,0,14,0,0,0,0,0,1422546,0,0,0,0,1399,71680,0,0,0,0,0,0,0,0,0,0,0,0,0,0,0,0,0,0,0,63608,0,0,768,1,2078,0,0,349211,0,60288
82,0,15,0,0,0,0,0,1422546,0,0,0,0,41,0,0,0,0,0,0,0,0,0,0,0,0,0,0,0,0,0,0,0,0,0,0,0,39,0,94,0,0,0,0,0
83,0,0,0,0,0,0,0,2818870,0,0,17156,865280,136,0,0,0,0,0,29481,0,0,0,0,0,0,0,0,17156,17156,0,327614,0,992677,865280,0,3617,0,136,284,0,0,0,0,2390931
83,0,1,0,0,0,0,0,1409435,29481,0,0,0,12397,0,0,0,0,0,29481,0,0,0,0,0,0,0,0,0,9019,0,164792,0,367652,0,0,1637,1317,3326,21329,0,0,136113,0,0
83,0,2,0,0,0,0,0,1409435,0,0,0,0,380,71680,0,0,0,0,0,0,0,0,0,0,0,0,0,0,0,0,166433,0,164081,62972,0,3650,579,2703,770,0,0,99060,0,63132
83,0,3,0,0,0,0,0,1409435,0,0,0,0,377,71680,0,0,0,0,0,0,0,0,0,0,0,0,0,0,0,0,113012,0,0,63175,0,1141,206,0,555,0,0,10640,0,66239
83,0,4,0,0,0,0,0,1409435,0,0,0,0,449,71680,0,0,0,0,0,0,0,0,0,0,0,0,0,0,0,0,112788,0,0,63072,0,1017,0,230,686,1046371,0,0,0,63987
83,0,5,0,0,0,0,0,1409435,0,0,0,0,646,71680,0,0,0,0,0,0,0,0,0,0,0,0,0,0,0,0,113720,0,0,63253,8963,2526,0,1,1326,0,0,629208,0,61253
83,0,6,0,0,0,0,0,1409435,0,0,0,0,797,71680,0,0,0,0,0,0,0,0,0,0,0,0,0,0,0,0,114577,0,0,63154,0,1419,1246,2,1185,0,0,427374,0,62761
83,0,7,0,0,0,0,0,1409435,0,0,0,0,822,71680,0,0,0,0,0,0,0,0,0,0,0,0,0,0,0,0,58707,0,0,62731,0,1443,401,0,1671,0,0,208828,0,60290
83,0,8,0,0,0,0,0,1409435,0,0,0,0,785,71680,0,0,0,0,0,0,0,0,0,0,0,0,0,0,0,0,58298,0,0,62744,0,1107,0,416,1591,1119369,0,0,0,61486
83,0,9,0,0,0,0,0,1409435,0,0,0,0,1145,71680,0,0,0,0,0,0,0,0,0,0,0,0,0,0,0,0,58221,0,0,63060,6158,738,0,2,1715,0,0,1098756,0,60458
83,0,10,0,0,0,0,0,1409435,0,0,0,0,1395,71680,0,0,0,0,0,0,0,0,0,0,0,0,0,0,0,0,58714,0,0,63187,0,1428,2116,0,2774,0,0,719485,0,59657
83,0,11,0,0,0,0,0,1409435,0,0,0,0,1407,71680,0,0,0,0,0,0,0,0,0,0,0,0,0,0,0,0,0,0,0,62991,0,7,698,0,2165,0,0,286012,0,61443
83,0,12,0,0,0,0,0,1409435,0,0,0,0,1103,71680,0,0,0,0,0,0,0,0,0,0,0,0,0,0,0,0,0,0,0,63102,0,0,0,610,1717,1077845,0,0,0,62244
83,0,13,0,0,0,0,0,1409435,0,0,0,0,1386,71680,0,0,0,0,0,0,0,0,0,0,0,0,0,0,0,0,0,0,0,63047,3285,0,0,0,2761,0,0,705000,0,61961
83,0,14,0,0,0,0,0,1409435,0,0,0,0,1424,71680,0,0,0,0,0,0,0,0,0,0,0,0,0,0,0,0,0,0,0,63499,0,0,721,2,2109,0,0,330522,0,59252
83,0,15,0,0,0,0,0,1409435,0,0,0,0,40,0,0,0,0,0,0,0,0,0,0,0,0,0,0,0,0,0,0,0,0,0,0,0,40,0,130,0,0,0,0,0
84,0,0,0,0,0,0,0,2843602,0,0,17254,865280,136,0,0,0,0,0,29631,0,0,0,0,0,0,0,0,17254,17254,0,327317,0,989750,865280,0,3599,0,136,284,0,0,0,0,2310930
84,0,1,0,0,0,0,0,1421801,29631,0,0,0,12644,0,0,0,0,0,29631,0,0,0,0,0,0,0,0,0,9240,0,164849,0,365958,0,0,1634,1250,3247,21622,0,0,137234,0,0
84,0,2,0,0,0,0,0,1421801,0,0,0,0,391,71680,0,0,0,0,0,0,0,0,0,0,0,0,0,0,0,0,164170,0,164148,62997,0,3739,577,2756,806,0,0,105787,0,63029
84,0,3,0,0,0,0,0,1421801,0,0,0,0,377,71680,0,0,0,0,0,0,0,0,0,0,0,0,0,0,0,0,113040,0,0,63132,0,1130,213,0,548,0,0,8680,0,66434
84,0,4,0,0,0,0,0,1421801,0,0,0,0,443,71680,0,0,0,0,0,0,0,0,0,0,0,0,0,0,0,0,112798,0,0,63017,0,984,0,226,641,1034729,0,0,0,63697
84,0,5,0,0,0,0,0,1421801,0,0,0,0,642,71680,0,0,0,0,0,0,0,0,0,0,0,0,0,0,0,0,113952,0,0,63133,9017,2564,0,0,1315,0,0,613864,0,61063
84,0,6,0,0,0,0,0,1421801,0,0,0,0,826,71680,0,0,0,0,0,0,0,0,0,0,0,0,0,0,0,0,113472,0,0,63109,0,1390,1219,2,1200,0,0,422549,0,61990
84,0,7,0,0,0,0,0,1421801,0,0,0,0,817,71680,0,0,0,0,0,0,0,0,0,0,0,0,0,0,0,0,58669,0,0,62614,0,1475,412,0,1671,0,0,210984,0,60629
84,0,8,0,0,0,0,0,1421801,0,0,0,0,766,71680,0,0,0,0,0,0,0,0,0,0,0,0,0,0,0,0,58205,0,0,62864,0,1132,0,407,1572,1131600,0,0,0,61645
84,0,9,0,0,0,0,0,1421801,0,0,0,0,1121,71680,0,0,0,0,0,0,0,0,0,0,0,0,0,0,0,0,58446,0,0,62925,6222,743,0,1,1690,0,0,1178679,0,60303
84,0,10,0,0,0,0,0,1421801,0,0,0,0,1414,71680,0,0,0,0,0,0,0,0,0,0,0,0,0,0,0,0,58477,0,0,63070,0,1443,2127,1,2847,0,0,744201,0,60698
84,0,11,0,0,0,0,0,1421801,0,0,0,0,1417,71680,0,0,0,0,0,0,0,0,0,0,0,0,0,0,0,0,0,0,0,63164,0,47,708,0,2122,0,0,337945,0,60076
84,0,12,0,0,0,0,0,1421801,0,0,0,0,1137,71680,0,0,0,0,0,0,0,0,0,0,0,0,0,0,0,0,0,0,0,63153,0,0,0,596,1746,955471,0,0,0,62181
84,0,13,0,0,0,0,0,1421801,0,0,0,0,1367,71680,0,0,0,0,0,0,0,0,0,0,0,0,0,0,0,0,0,0,0,63223,3338,0,0,1,2757,0,0,639646,0,63652
84,0,14,0,0,0,0,0,1421801,0,0,0,0,1411,71680,0,0,0,0,0,0,0,0,0,0,0,0,0,0,0,0,0,0,0,63622,0,0,760,1,2101,0,0,349067,0,60369
84,0,15,0,0,0,0,0,1421801,0,0,0,0,46,0,0,0,0,0,0,0,0,0,0,0,0,0,0,0,0,0,0,0,0,0,0,0,34,0,97,0,0,0,0,0
85,0,0,0,0,0,0,0,430746,0,0,2050,66048,136,0,0,0,0,0,6750,0,0,0,0,0,0,0,0,2050,2050,0,0,0,120277,66048,0,294,0,136,284,0,0,0,0,68608
85,0,1,0,0,0,0,0,215373,6750,0,0,0,2360,0,0,0,0,0,6750,0,0,0,0,0,0,0,0,0,557,0,0,0,62420,0,0,84,170,945,4344,0,0,68608,0,0
85,0,2,0,0,0,0,0,215373,0,0,0,0,1318,68608,0,0,0,0,0,0,0,0,0,0,0,0,0,0,0,0,0,0,0,64013,0,249,870,282,2665,0,0,0,0,68608
85,0,3,0,0,0,0,0,215373,0,0,0,0,47,0,0,0,0,0,0,0,0,0,0,0,0,0,0,0,0,0,0,0,0,0,0,92,45,0,54,0,0,0,0,0
85,0,4,0,0,0,0,0,215373,0,0,0,0,47,0,0,0,0,0,0,0,0,0,0,0,0,0,0,0,0,0,0,0,0,0,0,87,0,45,62,0,0,0,0,0
85,0,5,0,0,0,0,0,215373,0,0,0,0,47,0,0,0,0,0,0,0,0,0,0,0,0,0,0,0,0,0,0,0,0,0,538,148,0,0,109,0,0,0,0,0
85,0,6,0,0,0,0,0,215372,0,0,0,0,47,0,0,0,0,0,0,0,0,0,0,0,0,0,0,0,0,0,0,0,0,0,0,40,98,0,52,0,0,0,0,0
85,0,7,0,0,0,0,0,215373,0,0,0,0,53,0,0,0,0,0,0,0,0,0,0,0,0,0,0,0,0,0,0,0,0,0,0,104,39,0,140,0,0,0,0,0
85,0,8,0,0,0,0,0,215373,0,0,0,0,50,0,0,0,0,0,0,0,0,0,0,0,0,0,0,0,0,0,0,0,0,0,0,52,0,42,107,0,0,0,0,0
85,0,9,0,0,0,0,0,215373,0,0,0,0,47,0,0,0,0,0,0,0,0,0,0,0,0,0,0,0,0,0,0,0,0,0,364,42,0,0,53,0,0,0,0,0
85,0,10,0,0,0,0,0,215373,0,0,0,0,53,0,0,0,0,0,0,0,0,0,0,0,0,0,0,0,0,0,0,0,0,0,0,91,92,0,118,0,0,0,0,0
85,0,11,0,0,0,0,0,215373,0,0,0,0,53,0,0,0,0,0,0,0,0,0,0,0,0,0,0,0,0,0,0,0,0,0,0,40,39,0,94,0,0,0,0,0
85,0,12,0,0,0,0,0,215373,0,0,0,0,47,0,0,0,0,0,0,0,0,0,0,0,0,0,0,0,0,0,0,0,0,0,0,0,0,45,93,0,0,0,0,0
85,0,13,0,0,0,0,0,215373,0,0,0,0,52,0,0,0,0,0,0,0,0,0,0,0,0,0,0,0,0,0,0,0,0,0,179,0,0,0,108,0,0,0,0,0
85,0,14,0,0,0,0,0,215373,0,0,0,0,53,0,0,0,0,0,0,0,0,0,0,0,0,0,0,0,0,0,0,0,0,0,0,0,80,0,60,0,0,0,0,0
85,0,15,0,0,0,0,0,215373,0,0,0,0,41,0,0,0,0,0,0,0,0,0,0,0,0,0,0,0,0,0,0,0,0,0,0,0,39,0,88,0,0,0,0,0
86,0,0,0,0,0,0,0,430765,0,0,2050,66048,136,0,0,0,0,0,6753,0,0,0,0,0,0,0,0,2050,2050,0,0,0,120291,66048,0,294,0,136,284,0,0,0,0,68608
86,0,1,0,0,0,0,0,215383,6753,0,0,0,2352,0,0,0,0,0,6753,0,0,0,0,0,0,0,0,0,557,0,0,0,62420,0,0,76,172,959,4347,0,0,68608,0,0
86,0,2,0,0,0,0,0,215383,0,0,0,0,1316,68608,0,0,0,0,0,0,0,0,0,0,0,0,0,0,0,0,0,0,0,64015,0,255,871,268,2658,0,0,0,0,68608
86,0,3,0,0,0,0,0,215383,0,0,0,0,47,0,0,0,0,0,0,0,0,0,0,0,0,0,0,0,0,0,0,0,0,0,0,99,45,0,61,0,0,0,0,0
86,0,4,0,0,0,0,0,215383,0,0,0,0,47,0,0,0,0,0,0,0,0,0,0,0,0,0,0,0,0,0,0,0,0,0,0,87,0,45,69,0,0,0,0,0
86,0,5,0,0,0,0,0,215383,0,0,0,0,47,0,0,0,0,0,0,0,0,0,0,0,0,0,0,0,0,0,0,0,0,0,526,148,0,0,117,0,0,0,0,0
86,0,6,0,0,0,0,0,215383,0,0,0,0,47,0,0,0,0,0,0,0,0,0,0,0,0,0,0,0,0,0,0,0,0,0,0,34,98,0,52,0,0,0,0,0
86,0,7,0,0,0,0,0,215383,0,0,0,0,53,0,0,0,0,0,0,0,0,0,0,0,0,0,0,0,0,0,0,0,0,0,0,105,39,0,132,0,0,0,0,0
86,0,8,0,0,0,0,0,215383,0,0,0,0,50,0,0,0,0,0,0,0,0,0,0,0,0,0,0,0,0,0,0,0,0,0,0,52,0,42,107,0,0,0,0,0
86,0,9,0,0,0,0,0,215383,0,0,0,0,47,0,0,0,0,0,0,0,0,0,0,0,0,0,0,0,0,0,0,0,0,0,376,42,0,0,53,0,0,0,0,0
86,0,10,0,0,0,0,0,215383,0,0,0,0,53,0,0,0,0,0,0,0,0,0,0,0,0,0,0,0,0,0,0,0,0,0,0,89,92,0,126,0,0,0,0,0
86,0,11,0,0,0,0,0,215383,0,0,0,0,53,0,0,0,0,0,0,0,0,0,0,0,0,0,0,0,0,0,0,0,0,0,0,39,39,0,94,0,0,0,0,0
86,0,12,0,0,0,0,0,215383,0,0,0,0,47,0,0,0,0,0,0,0,0,0,0,0,0,0,0,0,0,0,0,0,0,0,0,0,0,45,93,0,0,0,0,0
86,0,13,0,0,0,0,0,215383,0,0,0,0,53,0,0,0,0,0,0,0,0,0,0,0,0,0,0,0,0,0,0,0,0,0,167,0,0,0,109,0,0,0,0,0
86,0,14,0,0,0,0,0,215384,0,0,0,0,53,0,0,0,0,0,0,0,0,0,0,0,0,0,0,0,0,0,0,0,0,0,0,0,91,0,62,0,0,0,0,0
86,0,15,0,0,0,0,0,215383,0,0,0,0,52,0,0,0,0,0,0,0,0,0,0,0,0,0,0,0,0,0,0,0,0,0,0,0,28,0,100,0,0,0,0,0
87,0,0,0,0,0,0,0,430738,0,0,2050,66048,136,0,0,0,0,0,6753,0,0,0,0,0,0,0,0,2050,2050,0,0,0,120270,66048,0,294,0,136,284,0,0,0,0,68608
87,0,1,0,0,0,0,0,215369,6753,0,0,0,2365,0,0,0,0,0,6753,0,0,0,0,0,0,0,0,0,559,0,0,0,62418,0,0,84,170,940,4355,0,0,68608,0,0
87,0,2,0,0,0,0,0,215369,0,0,0,0,1323,68608,0,0,0,0,0,0,0,0,0,0,0,0,0,0,0,0,0,0,0,64008,0,249,865,282,2675,0,0,0,0,68608
87,0,3,0,0,0,0,0,215369,0,0,0,0,47,0,0,0,0,0,0,0,0,0,0,0,0,0,0,0,0,0,0,0,0,0,0,92,45,0,54,0,0,0,0,0
87,0,4,0,0,0,0,0,215369,0,0,0,0,47,0,0,0,0,0,0,0,0,0,0,0,0,0,0,0,0,0,0,0,0,0,0,87,0,45,61,0,0,0,0,0
87,0,5,0,0,0,0,0,215369,0,0,0,0,47,0,0,0,0,0,0,0,0,0,0,0,0,0,0,0,0,0,0,0,0,0,537,148,0,0,109,0,0,0,0,0
87,0,6,0,0,0,0,0,215369,0,0,0,0,47,0,0,0,0,0,0,0,0,0,0,0,0,0,0,0,0,0,0,0,0,0,0,40,98,0,52,0,0,0,0,0
87,0,7,0,0,0,0,0,215369,0,0,0,0,53,0,0,0,0,0,0,0,0,0,0,0,0,0,0,0,0,0,0,0,0,0,0,104,39,0,140,0,0,0,0,0
87,0,8,0,0,0,0,0,215369,0,0,0,0,50,0,0,0,0,0,0,0,0,0,0,0,0,0,0,0,0,0,0,0,0,0,0,52,0,42,107,0,0,0,0,0
87,0,9,0,0,0,0,0,215369,0,0,0,0,47,0,0,0,0,0,0,0,0,0,0,0,0,0,0,0,0,0,0,0,0,0,365,42,0,0,53,0,0,0,0,0
87,0,10,0,0,0,0,0,215369,0,0,0,0,53,0,0,0,0,0,0,0,0,0,0,0,0,0,0,0,0,0,0,0,0,0,0,91,92,0,118,0,0,0,0,0
87,0,11,0,0,0,0,0,215369,0,0,0,0,53,0,0,0,0,0,0,0,0,0,0,0,0,0,0,0,0,0,0,0,0,0,0,40,39,0,94,0,0,0,0,0
87,0,12,0,0,0,0,0,215369,0,0,0,0,47,0,0,0,0,0,0,0,0,0,0,0,0,0,0,0,0,0,0,0,0,0,0,0,0,45,93,0,0,0,0,0
87,0,13,0,0,0,0,0,215369,0,0,0,0,53,0,0,0,0,0,0,0,0,0,0,0,0,0,0,0,0,0,0,0,0,0,178,0,0,0,109,0,0,0,0,0
87,0,14,0,0,0,0,0,215369,0,0,0,0,53,0,0,0,0,0,0,0,0,0,0,0,0,0,0,0,0,0,0,0,0,0,0,0,80,0,60,0,0,0,0,0
87,0,15,0,0,0,0,0,215369,0,0,0,0,41,0,0,0,0,0,0,0,0,0,0,0,0,0,0,0,0,0,0,0,0,0,0,0,39,0,88,0,0,0,0,0
88,0,0,0,0,0,0,0,600918,0,0,2054,132096,136,0,0,0,0,0,6765,0,0,0,0,0,0,0,0,2054,2054,0,0,0,244316,132096,0,294,0,136,284,0,0,0,0,192602
88,0,1,0,0,0,0,0,300459,6765,0,0,0,2886,0,0,0,0,0,6765,0,0,0,0,0,0,0,0,0,426,0,0,0,124305,0,0,76,173,429,4622,0,0,72678,0,0
88,0,2,0,0,0,0,0,300459,0,0,0,0,645,68608,0,0,0,0,0,0,0,0,0,0,0,0,0,0,0,0,0,0,61656,64511,0,255,1132,1184,1605,0,0,66582,0,66564
88,0,3,0,0,0,0,0,300459,0,0,0,0,661,68608,0,0,0,0,0,0,0,0,0,0,0,0,0,0,0,0,0,0,0,64404,0,100,458,0,787,0,0,3557,0,66564
88,0,4,0,0,0,0,0,300459,0,0,0,0,47,0,0,0,0,0,0,0,0,0,0,0,0,0,0,0,0,0,0,0,0,0,0,87,0,45,70,0,0,0,0,0
88,0,5,0,0,0,0,0,300459,0,0,0,0,47,0,0,0,0,0,0,0,0,0,0,0,0,0,0,0,0,0,0,0,0,0,526,148,0,0,117,0,0,0,0,0
88,0,6,0,0,0,0,0,300458,0,0,0,0,47,0,0,0,0,0,0,0,0,0,0,0,0,0,0,0,0,0,0,0,0,0,0,34,98,0,52,0,0,0,0,0
88,0,7,0,0,0,0,0,300459,0,0,0,0,53,0,0,0,0,0,0,0,0,0,0,0,0,0,0,0,0,0,0,0,0,0,0,105,39,0,132,0,0,0,0,0
88,0,8,0,0,0,0,0,300459,0,0,0,0,50,0,0,0,0,0,0,0,0,0,0,0,0,0,0,0,0,0,0,0,0,0,0,52,0,42,107,0,0,0,0,0
88,0,9,0,0,0,0,0,300459,0,0,0,0,47,0,0,0,0,0,0,0,0,0,0,0,0,0,0,0,0,0,0,0,0,0,376,42,0,0,53,0,0,0,0,0
88,0,10,0,0,0,0,0,300459,0,0,0,0,53,0,0,0,0,0,0,0,0,0,0,0,0,0,0,0,0,0,0,0,0,0,0,89,92,0,126,0,0,0,0,0
88,0,11,0,0,0,0,0,300459,0,0,0,0,53,0,0,0,0,0,0,0,0,0,0,0,0,0,0,0,0,0,0,0,0,0,0,40,39,0,94,0,0,0,0,0
88,0,12,0,0,0,0,0,300459,0,0,0,0,47,0,0,0,0,0,0,0,0,0,0,0,0,0,0,0,0,0,0,0,0,0,0,0,0,45,93,0,0,0,0,0
88,0,13,0,0,0,0,0,300459,0,0,0,0,53,0,0,0,0,0,0,0,0,0,0,0,0,0,0,0,0,0,0,0,0,0,167,0,0,0,109,0,0,0,0,0
88,0,14,0,0,0,0,0,300459,0,0,0,0,53,0,0,0,0,0,0,0,0,0,0,0,0,0,0,0,0,0,0,0,0,0,0,0,91,0,62,0,0,0,0,0
88,0,15,0,0,0,0,0,300459,0,0,0,0,52,0,0,0,0,0,0,0,0,0,0,0,0,0,0,0,0,0,0,0,0,0,0,0,28,0,100,0,0,0,0,0
89,0,0,0,0,0,0,0,600835,0,0,2054,132096,136,0,0,0,0,0,6765,0,0,0,0,0,0,0,0,2054,2054,0,0,0,244305,132096,0,294,0,136,284,0,0,0,0,192618
89,0,1,0,0,0,0,0,300418,6765,0,0,0,2844,0,0,0,0,0,6765,0,0,0,0,0,0,0,0,0,455,0,0,0,124316,0,0,78,167,475,4578,0,0,72660,0,0
89,0,2,0,0,0,0,0,300418,0,0,0,0,645,68608,0,0,0,0,0,0,0,0,0,0,0,0,0,0,0,0,0,0,61634,64511,0,249,1135,1165,1585,0,0,66600,0,66564
89,0,3,0,0,0,0,0,300418,0,0,0,0,664,68608,0,0,0,0,0,0,0,0,0,0,0,0,0,0,0,0,0,0,0,64415,0,98,454,0,812,0,0,3539,0,66564
89,0,4,0,0,0,0,0,300418,0,0,0,0,47,0,0,0,0,0,0,0,0,0,0,0,0,0,0,0,0,0,0,0,0,0,0,87,0,45,68,0,0,0,0,0
89,0,5,0,0,0,0,0,300418,0,0,0,0,47,0,0,0,0,0,0,0,0,0,0,0,0,0,0,0,0,0,0,0,0,0,525,148,0,0,115,0,0,0,0,0
89,0,6,0,0,0,0,0,300418,0,0,0,0,47,0,0,0,0,0,0,0,0,0,0,0,0,0,0,0,0,0,0,0,0,0,0,40,98,0,52,0,0,0,0,0
89,0,7,0,0,0,0,0,300418,0,0,0,0,53,0,0,0,0,0,0,0,0,0,0,0,0,0,0,0,0,0,0,0,0,0,0,105,39,0,134,0,0,0,0,0
89,0,8,0,0,0,0,0,300418,0,0,0,0,50,0,0,0,0,0,0,0,0,0,0,0,0,0,0,0,0,0,0,0,0,0,0,52,0,42,107,0,0,0,0,0
89,0,9,0,0,0,0,0,300418,0,0,0,0,47,0,0,0,0,0,0,0,0,0,0,0,0,0,0,0,0,0,0,0,0,0,377,42,0,0,53,0,0,0,0,0
89,0,10,0,0,0,0,0,300418,0,0,0,0,53,0,0,0,0,0,0,0,0,0,0,0,0,0,0,0,0,0,0,0,0,0,0,85,92,0,124,0,0,0,0,0
89,0,11,0,0,0,0,0,300418,0,0,0,0,53,0,0,0,0,0,0,0,0,0,0,0,0,0,0,0,0,0,0,0,0,0,0,40,39,0,94,0,0,0,0,0
89,0,12,0,0,0,0,0,300418,0,0,0,0,47,0,0,0,0,0,0,0,0,0,0,0,0,0,0,0,0,0,0,0,0,0,0,0,0,45,93,0,0,0,0,0
89,0,13,0,0,0,0,0,300418,0,0,0,0,53,0,0,0,0,0,0,0,0,0,0,0,0,0,0,0,0,0,0,0,0,0,166,0,0,0,109,0,0,0,0,0
89,0,14,0,0,0,0,0,300419,0,0,0,0,53,0,0,0,0,0,0,0,0,0,0,0,0,0,0,0,0,0,0,0,0,0,0,0,92,0,66,0,0,0,0,0
89,0,15,0,0,0,0,0,300418,0,0,0,0,53,0,0,0,0,0,0,0,0,0,0,0,0,0,0,0,0,0,0,0,0,0,0,0,27,0,101,0,0,0,0,0
90,0,0,0,0,0,0,0,601042,0,0,2060,132096,136,0,0,0,0,0,6768,0,0,0,0,0,0,0,0,2060,2060,0,0,0,244314,132096,0,294,0,136,284,0,0,0,0,192586
90,0,1,0,0,0,0,0,300521,6768,0,0,0,2874,0,0,0,0,0,6768,0,0,0,0,0,0,0,0,0,434,0,0,0,124307,0,0,80,167,443,4613,0,0,72674,0,0
90,0,2,0,0,0,0,0,300521,0,0,0,0,649,68608,0,0,0,0,0,0,0,0,0,0,0,0,0,0,0,0,0,0,61652,64511,0,249,1130,1184,1602,0,0,66586,0,66564
90,0,3,0,0,0,0,0,300521,0,0,0,0,664,68608,0,0,0,0,0,0,0,0,0,0,0,0,0,0,0,0,0,0,0,64406,0,95,455,0,795,0,0,3553,0,66564
90,0,4,0,0,0,0,0,300521,0,0,0,0,47,0,0,0,0,0,0,0,0,0,0,0,0,0,0,0,0,0,0,0,0,0,0,87,0,45,66,0,0,0,0,0
90,0,5,0,0,0,0,0,300521,0,0,0,0,47,0,0,0,0,0,0,0,0,0,0,0,0,0,0,0,0,0,0,0,0,0,525,148,0,0,113,0,0,0,0,0
90,0,6,0,0,0,0,0,300521,0,0,0,0,47,0,0,0,0,0,0,0,0,0,0,0,0,0,0,0,0,0,0,0,0,0,0,40,98,0,52,0,0,0,0,0
90,0,7,0,0,0,0,0,300521,0,0,0,0,53,0,0,0,0,0,0,0,0,0,0,0,0,0,0,0,0,0,0,0,0,0,0,106,39,0,136,0,0,0,0,0
90,0,8,0,0,0,0,0,300521,0,0,0,0,50,0,0,0,0,0,0,0,0,0,0,0,0,0,0,0,0,0,0,0,0,0,0,52,0,42,107,0,0,0,0,0
90,0,9,0,0,0,0,0,300521,0,0,0,0,47,0,0,0,0,0,0,0,0,0,0,0,0,0,0,0,0,0,0,0,0,0,377,42,0,0,53,0,0,0,0,0
90,0,10,0,0,0,0,0,300521,0,0,0,0,53,0,0,0,0,0,0,0,0,0,0,0,0,0,0,0,0,0,0,0,0,0,0,87,92,0,122,0,0,0,0,0
90,0,11,0,0,0,0,0,300521,0,0,0,0,53,0,0,0,0,0,0,0,0,0,0,0,0,0,0,0,0,0,0,0,0,0,0,39,39,0,94,0,0,0,0,0
90,0,12,0,0,0,0,0,300521,0,0,0,0,47,0,0,0,0,0,0,0,0,0,0,0,0,0,0,0,0,0,0,0,0,0,0,0,0,45,93,0,0,0,0,0
90,0,13,0,0,0,0,0,300521,0,0,0,0,53,0,0,0,0,0,0,0,0,0,0,0,0,0,0,0,0,0,0,0,0,0,166,0,0,0,109,0,0,0,0,0
90,0,14,0,0,0,0,0,300521,0,0,0,0,53,0,0,0,0,0,0,0,0,0,0,0,0,0,0,0,0,0,0,0,0,0,0,0,92,0,64,0,0,0,0,0
90,0,15,0,0,0,0,0,300521,0,0,0,0,53,0,0,0,0,0,0,0,0,0,0,0,0,0,0,0,0,0,0,0,0,0,0,0,27,0,102,0,0,0,0,0
91,0,0,0,0,0,0,0,1055112,0,0,4934,264192,136,0,0,0,0,0,11097,0,0,0,0,0,0,0,0,4934,4934,0,124308,0,355871,264192,0,1529,0,136,284,0,0,0,0,782365
91,0,1,0,0,0,0,0,527556,11097,0,0,0,4392,0,0,0,0,0,11097,0,0,0,0,0,0,0,0,0,1778,0,61975,0,121824,0,0,485,582,987,7582,0,0,246565,0,0
91,0,2,0,0,0,0,0,527556,0,0,0,0,854,68608,0,0,0,0,0,0,0,0,0,0,0,0,0,0,0,0,0,0,62219,64268,0,249,1372,1116,1742,0,0,157796,0,64394
91,0,3,0,0,0,0,0,527556,0,0,0,0,904,68608,0,0,0,0,0,0,0,0,0,0,0,0,0,0,0,0,0,0,0,63992,0,95,421,0,1309,0,0,102511,0,62991
91,0,4,0,0,0,0,0,527556,0,0,0,0,852,68608,0,0,0,0,0,0,0,0,0,0,0,0,0,0,0,0,0,0,0,64037,0,87,0,473,1286,233371,0,0,0,65508
91,0,5,0,0,0,0,0,527556,0,0,0,0,903,68608,0,0,0,0,0,0,0,0,0,0,0,0,0,0,0,0,0,0,0,64197,1708,148,0,1,1799,0,0,64113,0,64256
91,0,6,0,0,0,0,0,527555,0,0,0,0,47,0,0,0,0,0,0,0,0,0,0,0,0,0,0,0,0,0,0,0,0,0,0,40,98,1,52,0,0,0,0,0
91,0,7,0,0,0,0,0,527556,0,0,0,0,53,0,0,0,0,0,0,0,0,0,0,0,0,0,0,0,0,0,0,0,0,0,0,106,39,0,137,0,0,0,0,0
91,0,8,0,0,0,0,0,527556,0,0,0,0,50,0,0,0,0,0,0,0,0,0,0,0,0,0,0,0,0,0,0,0,0,0,0,52,0,42,107,0,0,0,0,0
91,0,9,0,0,0,0,0,527556,0,0,0,0,47,0,0,0,0,0,0,0,0,0,0,0,0,0,0,0,0,0,0,0,0,0,375,42,0,0,53,0,0,0,0,0
91,0,10,0,0,0,0,0,527556,0,0,0,0,53,0,0,0,0,0,0,0,0,0,0,0,0,0,0,0,0,0,0,0,0,0,0,88,92,0,121,0,0,0,0,0
91,0,11,0,0,0,0,0,527556,0,0,0,0,53,0,0,0,0,0,0,0,0,0,0,0,0,0,0,0,0,0,0,0,0,0,0,41,39,0,94,0,0,0,0,0
91,0,12,0,0,0,0,0,527556,0,0,0,0,47,0,0,0,0,0,0,0,0,0,0,0,0,0,0,0,0,0,0,0,0,0,0,0,0,45,93,0,0,0,0,0
91,0,13,0,0,0,0,0,527556,0,0,0,0,53,0,0,0,0,0,0,0,0,0,0,0,0,0,0,0,0,0,0,0,0,0,168,0,0,0,109,0,0,0,0,0
91,0,14,0,0,0,0,0,527556,0,0,0,0,53,0,0,0,0,0,0,0,0,0,0,0,0,0,0,0,0,0,0,0,0,0,0,0,90,0,63,0,0,0,0,0
91,0,15,0,0,0,0,0,527556,0,0,0,0,51,0,0,0,0,0,0,0,0,0,0,0,0,0,0,0,0,0,0,0,0,0,0,0,29,0,100,0,0,0,0,0
92,0,0,0,0,0,0,0,1054836,0,0,4944,264192,136,0,0,0,0,0,11109,0,0,0,0,0,0,0,0,4944,4944,0,124293,0,356084,264192,0,1531,0,136,284,0,0,0,0,782139
92,0,1,0,0,0,0,0,527418,11109,0,0,0,4425,0,0,0,0,0,11109,0,0,0,0,0,0,0,0,0,1764,0,62002,0,121898,0,0,468,585,978,7599,0,0,246164,0,0
92,0,2,0,0,0,0,0,527418,0,0,0,0,867,68608,0,0,0,0,0,0,0,0,0,0,0,0,0,0,0,0,0,0,62272,64281,0,249,1362,1134,1752,0,0,156765,0,64413
92,0,3,0,0,0,0,0,527418,0,0,0,0,903,68608,0,0,0,0,0,0,0,0,0,0,0,0,0,0,0,0,0,0,0,64011,0,95,424,0,1292,0,0,101791,0,62986
92,0,4,0,0,0,0,0,527418,0,0,0,0,859,68608,0,0,0,0,0,0,0,0,0,0,0,0,0,0,0,0,0,0,0,64030,0,87,0,468,1296,233699,0,0,0,65506
92,0,5,0,0,0,0,0,527418,0,0,0,0,875,68608,0,0,0,0,0,0,0,0,0,0,0,0,0,0,0,0,0,0,0,64217,1744,148,0,2,1790,0,0,64339,0,64249
92,0,6,0,0,0,0,0,527418,0,0,0,0,47,0,0,0,0,0,0,0,0,0,0,0,0,0,0,0,0,0,0,0,0,0,0,40,98,0,52,0,0,0,0,0
92,0,7,0,0,0,0,0,527418,0,0,0,0,53,0,0,0,0,0,0,0,0,0,0,0,0,0,0,0,0,0,0,0,0,0,0,107,39,0,137,0,0,0,0,0
92,0,8,0,0,0,0,0,527418,0,0,0,0,50,0,0,0,0,0,0,0,0,0,0,0,0,0,0,0,0,0,0,0,0,0,0,52,0,42,107,0,0,0,0,0
92,0,9,0,0,0,0,0,527418,0,0,0,0,47,0,0,0,0,0,0,0,0,0,0,0,0,0,0,0,0,0,0,0,0,0,375,42,0,0,53,0,0,0,0,0
92,0,10,0,0,0,0,0,527418,0,0,0,0,53,0,0,0,0,0,0,0,0,0,0,0,0,0,0,0,0,0,0,0,0,0,0,88,92,0,121,0,0,0,0,0
92,0,11,0,0,0,0,0,527418,0,0,0,0,53,0,0,0,0,0,0,0,0,0,0,0,0,0,0,0,0,0,0,0,0,0,0,40,39,0,94,0,0,0,0,0
92,0,12,0,0,0,0,0,527418,0,0,0,0,47,0,0,0,0,0,0,0,0,0,0,0,0,0,0,0,0,0,0,0,0,0,0,0,0,45,93,0,0,0,0,0
92,0,13,0,0,0,0,0,527418,0,0,0,0,53,0,0,0,0,0,0,0,0,0,0,0,0,0,0,0,0,0,0,0,0,0,168,0,0,0,109,0,0,0,0,0
92,0,14,0,0,0,0,0,527419,0,0,0,0,53,0,0,0,0,0,0,0,0,0,0,0,0,0,0,0,0,0,0,0,0,0,0,0,90,0,63,0,0,0,0,0
92,0,15,0,0,0,0,0,527418,0,0,0,0,51,0,0,0,0,0,0,0,0,0,0,0,0,0,0,0,0,0,0,0,0,0,0,0,29,0,101,0,0,0,0,0
93,0,0,0,0,0,0,0,1054727,0,0,4914,264192,136,0,0,0,0,0,11067,0,0,0,0,0,0,0,0,4914,4914,0,124320,0,355927,264192,0,1525,0,136,284,0,0,0,0,782319
93,0,1,0,0,0,0,0,527364,11067,0,0,0,4359,0,0,0,0,0,11067,0,0,0,0,0,0,0,0,0,1791,0,61957,0,121887,0,0,485,591,991,7519,0,0,246821,0,0
93,0,2,0,0,0,0,0,527364,0,0,0,0,849,68608,0,0,0,0,0,0,0,0,0,0,0,0,0,0,0,0,0,0,62234,64261,0,249,1350,1112,1728,0,0,158034,0,64388
93,0,3,0,0,0,0,0,527364,0,0,0,0,881,68608,0,0,0,0,0,0,0,0,0,0,0,0,0,0,0,0,0,0,0,64007,0,95,437,0,1285,0,0,102764,0,62977
93,0,4,0,0,0,0,0,527364,0,0,0,0,870,68608,0,0,0,0,0,0,0,0,0,0,0,0,0,0,0,0,0,0,0,64047,0,87,0,451,1312,232738,0,0,0,65478
93,0,5,0,0,0,0,0,527364,0,0,0,0,882,68608,0,0,0,0,0,0,0,0,0,0,0,0,0,0,0,0,0,0,0,64195,1740,148,0,2,1772,0,0,63352,0,64257
93,0,6,0,0,0,0,0,527364,0,0,0,0,47,0,0,0,0,0,0,0,0,0,0,0,0,0,0,0,0,0,0,0,0,0,0,40,98,0,52,0,0,0,0,0
93,0,7,0,0,0,0,0,527364,0,0,0,0,53,0,0,0,0,0,0,0,0,0,0,0,0,0,0,0,0,0,0,0,0,0,0,107,39,0,137,0,0,0,0,0
93,0,8,0,0,0,0,0,527364,0,0,0,0,50,0,0,0,0,0,0,0,0,0,0,0,0,0,0,0,0,0,0,0,0,0,0,52,0,42,107,0,0,0,0,0
93,0,9,0,0,0,0,0,527364,0,0,0,0,47,0,0,0,0,0,0,0,0,0,0,0,0,0,0,0,0,0,0,0,0,0,375,42,0,0,53,0,0,0,0,0
93,0,10,0,0,0,0,0,527364,0,0,0,0,53,0,0,0,0,0,0,0,0,0,0,0,0,0,0,0,0,0,0,0,0,0,0,88,92,0,121,0,0,0,0,0
93,0,11,0,0,0,0,0,527364,0,0,0,0,53,0,0,0,0,0,0,0,0,0,0,0,0,0,0,0,0,0,0,0,0,0,0,40,39,0,94,0,0,0,0,0
93,0,12,0,0,0,0,0,527364,0,0,0,0,47,0,0,0,0,0,0,0,0,0,0,0,0,0,0,0,0,0,0,0,0,0,0,0,0,45,93,0,0,0,0,0
93,0,13,0,0,0,0,0,527364,0,0,0,0,53,0,0,0,0,0,0,0,0,0,0,0,0,0,0,0,0,0,0,0,0,0,168,0,0,0,109,0,0,0,0,0
93,0,14,0,0,0,0,0,527364,0,0,0,0,53,0,0,0,0,0,0,0,0,0,0,0,0,0,0,0,0,0,0,0,0,0,0,0,90,0,63,0,0,0,0,0
93,0,15,0,0,0,0,0,527364,0,0,0,0,51,0,0,0,0,0,0,0,0,0,0,0,0,0,0,0,0,0,0,0,0,0,0,0,29,0,101,0,0,0,0,0
94,0,0,0,0,0,0,0,1545093,0,0,7286,396288,136,0,0,0,0,0,14637,0,0,0,0,0,0,0,0,7286,7286,0,123574,0,591177,396288,0,1215,0,136,284,0,0,0,0,980757
94,0,1,0,0,0,0,0,772547,14637,0,0,0,5784,0,0,0,0,0,14637,0,0,0,0,0,0,0,0,0,2833,0,61945,0,241660,0,0,513,496,2007,10219,0,0,199514,0,0
94,0,2,0,0,0,0,0,772547,0,0,0,0,666,68608,0,0,0,0,0,0,0,0,0,0,0,0,0,0,0,0,61836,0,121794,64304,0,1255,1010,1915,1350,0,0,185611,0,64337
94,0,3,0,0,0,0,0,772547,0,0,0,0,669,68608,0,0,0,0,0,0,0,0,0,0,0,0,0,0,0,0,62124,0,0,64499,0,627,342,0,1052,0,0,75994,0,65547
94,0,4,0,0,0,0,0,772547,0,0,0,0,674,68608,0,0,0,0,0,0,0,0,0,0,0,0,0,0,0,0,0,0,0,64107,0,87,0,337,1023,470689,0,0,0,64029
94,0,5,0,0,0,0,0,772547,0,0,0,0,903,68608,0,0,0,0,0,0,0,0,0,0,0,0,0,0,0,0,0,0,0,64473,3173,151,0,1,1816,0,0,365180,0,64285
94,0,6,0,0,0,0,0,772547,0,0,0,0,1112,68608,0,0,0,0,0,0,0,0,0,0,0,0,0,0,0,0,0,0,0,64302,0,28,1744,1,1748,0,0,338748,0,64642
94,0,7,0,0,0,0,0,772547,0,0,0,0,1141,68608,0,0,0,0,0,0,0,0,0,0,0,0,0,0,0,0,0,0,0,64364,0,107,571,0,2317,0,0,173401,0,63692
94,0,8,0,0,0,0,0,772547,0,0,0,0,50,0,0,0,0,0,0,0,0,0,0,0,0,0,0,0,0,0,0,0,0,0,0,52,0,42,107,0,0,0,0,0
94,0,9,0,0,0,0,0,772547,0,0,0,0,48,0,0,0,0,0,0,0,0,0,0,0,0,0,0,0,0,0,0,0,0,0,376,40,0,0,53,0,0,0,0,0
94,0,10,0,0,0,0,0,772547,0,0,0,0,52,0,0,0,0,0,0,0,0,0,0,0,0,0,0,0,0,0,0,0,0,0,0,90,88,0,130,0,0,0,0,0
94,0,11,0,0,0,0,0,772547,0,0,0,0,48,0,0,0,0,0,0,0,0,0,0,0,0,0,0,0,0,0,0,0,0,0,0,37,44,0,94,0,0,0,0,0
94,0,12,0,0,0,0,0,772547,0,0,0,0,49,0,0,0,0,0,0,0,0,0,0,0,0,0,0,0,0,0,0,0,0,0,0,0,0,43,95,0,0,0,0,0
94,0,13,0,0,0,0,0,772547,0,0,0,0,55,0,0,0,0,0,0,0,0,0,0,0,0,0,0,0,0,0,0,0,0,0,170,0,0,0,113,0,0,0,0,0
94,0,14,0,0,0,0,0,772547,0,0,0,0,52,0,0,0,0,0,0,0,0,0,0,0,0,0,0,0,0,0,0,0,0,0,0,0,88,0,60,0,0,0,0,0
94,0,15,0,0,0,0,0,772547,0,0,0,0,48,0,0,0,0,0,0,0,0,0,0,0,0,0,0,0,0,0,0,0,0,0,0,0,32,0,103,0,0,0,0,0
95,0,0,0,0,0,0,0,1545590,0,0,7298,396288,136,0,0,0,0,0,14652,0,0,0,0,0,0,0,0,7298,7298,0,123529,0,591480,396288,0,1217,0,136,284,0,0,0,0,980662
95,0,1,0,0,0,0,0,772795,14652,0,0,0,5766,0,0,0,0,0,14652,0,0,0,0,0,0,0,0,0,2854,0,61954,0,241844,0,0,533,501,2012,10203,0,0,200197,0,0
95,0,2,0,0,0,0,0,772795,0,0,0,0,671,68608,0,0,0,0,0,0,0,0,0,0,0,0,0,0,0,0,61883,0,121806,64297,0,1240,1007,1906,1381,0,0,185394,0,64372
95,0,3,0,0,0,0,0,772795,0,0,0,0,668,68608,0,0,0,0,0,0,0,0,0,0,0,0,0,0,0,0,62129,0,0,64507,0,630,345,0,1061,0,0,76293,0,65555
95,0,4,0,0,0,0,0,772795,0,0,0,0,678,68608,0,0,0,0,0,0,0,0,0,0,0,0,0,0,0,0,0,0,0,64089,0,87,0,335,1031,469638,0,0,0,63992
95,0,5,0,0,0,0,0,772795,0,0,0,0,910,68608,0,0,0,0,0,0,0,0,0,0,0,0,0,0,0,0,0,0,0,64478,3186,150,0,2,1806,0,0,364916,0,64303
95,0,6,0,0,0,0,0,772794,0,0,0,0,1128,68608,0,0,0,0,0,0,0,0,0,0,0,0,0,0,0,0,0,0,0,64324,0,39,1730,0,1770,0,0,339108,0,64644
95,0,7,0,0,0,0,0,772795,0,0,0,0,1141,68608,0,0,0,0,0,0,0,0,0,0,0,0,0,0,0,0,0,0,0,64371,0,112,573,0,2312,0,0,173460,0,63724
95,0,8,0,0,0,0,0,772795,0,0,0,0,51,0,0,0,0,0,0,0,0,0,0,0,0,0,0,0,0,0,0,0,0,0,0,52,0,41,108,0,0,0,0,0
95,0,9,0,0,0,0,0,772795,0,0,0,0,48,0,0,0,0,0,0,0,0,0,0,0,0,0,0,0,0,0,0,0,0,0,379,41,0,0,53,0,0,0,0,0
95,0,10,0,0,0,0,0,772795,0,0,0,0,52,0,0,0,0,0,0,0,0,0,0,0,0,0,0,0,0,0,0,0,0,0,0,85,92,0,124,0,0,0,0,0
95,0,11,0,0,0,0,0,772795,0,0,0,0,52,0,0,0,0,0,0,0,0,0,0,0,0,0,0,0,0,0,0,0,0,0,0,37,40,0,93,0,0,0,0,0
95,0,12,0,0,0,0,0,772795,0,0,0,0,46,0,0,0,0,0,0,0,0,0,0,0,0,0,0,0,0,0,0,0,0,0,0,0,0,46,92,0,0,0,0,0
95,0,13,0,0,0,0,0,772795,0,0,0,0,53,0,0,0,0,0,0,0,0,0,0,0,0,0,0,0,0,0,0,0,0,0,164,0,0,0,110,0,0,0,0,0
95,0,14,0,0,0,0,0,772796,0,0,0,0,52,0,0,0,0,0,0,0,0,0,0,0,0,0,0,0,0,0,0,0,0,0,0,0,93,0,65,0,0,0,0,0
95,0,15,0,0,0,0,0,772795,0,0,0,0,53,0,0,0,0,0,0,0,0,0,0,0,0,0,0,0,0,0,0,0,0,0,0,0,27,0,108,0,0,0,0,0
96,0,0,0,0,0,0,0,1546490,0,0,7304,396288,136,0,0,0,0,0,14661,0,0,0,0,0,0,0,0,7304,7304,0,123448,0,591515,396288,0,1217,0,136,284,0,0,0,0,981463
96,0,1,0,0,0,0,0,773245,14661,0,0,0,5780,0,0,0,0,0,14661,0,0,0,0,0,0,0,0,0,2849,0,61952,0,241803,0,0,525,505,2008,10229,0,0,200203,0,0
96,0,2,0,0,0,0,0,773245,0,0,0,0,681,68608,0,0,0,0,0,0,0,0,0,0,0,0,0,0,0,0,61877,0,121797,64313,0,1339,1000,1807,1400,0,0,186088,0,64388
96,0,3,0,0,0,0,0,773245,0,0,0,0,669,68608,0,0,0,0,0,0,0,0,0,0,0,0,0,0,0,0,62129,0,0,64510,0,729,343,0,1065,0,0,76724,0,65554
96,0,4,0,0,0,0,0,773245,0,0,0,0,683,68608,0,0,0,0,0,0,0,0,0,0,0,0,0,0,0,0,0,0,0,64083,0,82,0,330,1043,472479,0,0,0,63998
96,0,5,0,0,0,0,0,773245,0,0,0,0,915,68608,0,0,0,0,0,0,0,0,0,0,0,0,0,0,0,0,0,0,0,64484,3187,149,0,2,1822,0,0,366760,0,64279
96,0,6,0,0,0,0,0,773245,0,0,0,0,1136,68608,0,0,0,0,0,0,0,0,0,0,0,0,0,0,0,0,0,0,0,64304,0,35,1747,0,1683,0,0,340217,0,64632
96,0,7,0,0,0,0,0,773245,0,0,0,0,1167,68608,0,0,0,0,0,0,0,0,0,0,0,0,0,0,0,0,0,0,0,64379,0,107,550,0,2245,0,0,174211,0,63700
96,0,8,0,0,0,0,0,773245,0,0,0,0,50,0,0,0,0,0,0,0,0,0,0,0,0,0,0,0,0,0,0,0,0,0,0,57,0,42,107,0,0,0,0,0
96,0,9,0,0,0,0,0,773245,0,0,0,0,47,0,0,0,0,0,0,0,0,0,0,0,0,0,0,0,0,0,0,0,0,0,365,41,0,0,53,0,0,0,0,0
96,0,10,0,0,0,0,0,773245,0,0,0,0,54,0,0,0,0,0,0,0,0,0,0,0,0,0,0,0,0,0,0,0,0,0,0,88,92,0,127,0,0,0,0,0
96,0,11,0,0,0,0,0,773245,0,0,0,0,54,0,0,0,0,0,0,0,0,0,0,0,0,0,0,0,0,0,0,0,0,0,0,42,38,0,95,0,0,0,0,0
96,0,12,0,0,0,0,0,773245,0,0,0,0,54,0,0,0,0,0,0,0,0,0,0,0,0,0,0,0,0,0,0,0,0,0,0,0,0,38,95,0,0,0,0,0
96,0,13,0,0,0,0,0,773245,0,0,0,0,51,0,0,0,0,0,0,0,0,0,0,0,0,0,0,0,0,0,0,0,0,0,178,0,0,0,108,0,0,0,0,0
96,0,14,0,0,0,0,0,773245,0,0,0,0,54,0,0,0,0,0,0,0,0,0,0,0,0,0,0,0,0,0,0,0,0,0,0,0,89,0,64,0,0,0,0,0
96,0,15,0,0,0,0,0,773245,0,0,0,0,51,0,0,0,0,0,0,0,0,0,0,0,0,0,0,0,0,0,0,0,0,0,0,0,29,0,101,0,0,0,0,0
97,0,0,0,0,0,0,0,2009371,0,0,9520,528384,136,0,0,0,0,0,18000,0,0,0,0,0,0,0,0,9520,9520,0,242336,0,706778,528384,0,2450,0,136,284,0,0,0,0,1413614
97,0,1,0,0,0,0,0,1004685,18000,0,0,0,7237,0,0,0,0,0,18000,0,0,0,0,0,0,0,0,0,3889,0,122167,0,241368,0,0,1053,973,1773,12806,0,0,230991,0,0
97,0,2,0,0,0,0,0,1004685,0,0,0,0,451,68608,0,0,0,0,0,0,0,0,0,0,0,0,0,0,0,0,61778,0,122345,64196,0,1357,696,1838,921,0,0,179702,0,64246
97,0,3,0,0,0,0,0,1004685,0,0,0,0,449,68608,0,0,0,0,0,0,0,0,0,0,0,0,0,0,0,0,62150,0,0,64253,0,624,250,0,700,0,0,88398,0,64327
97,0,4,0,0,0,0,0,1004685,0,0,0,0,610,68608,0,0,0,0,0,0,0,0,0,0,0,0,0,0,0,0,61252,0,0,64079,0,590,0,313,932,672582,0,0,0,64251
97,0,5,0,0,0,0,0,1004685,0,0,0,0,982,68608,0,0,0,0,0,0,0,0,0,0,0,0,0,0,0,0,62266,0,0,64452,4583,976,0,1,1953,0,0,689681,0,64586
97,0,6,0,0,0,0,0,1004685,0,0,0,0,1210,68608,0,0,0,0,0,0,0,0,0,0,0,0,0,0,0,0,0,0,0,64413,0,40,1815,1,1832,0,0,503390,0,64526
97,0,7,0,0,0,0,0,1004685,0,0,0,0,1211,68608,0,0,0,0,0,0,0,0,0,0,0,0,0,0,0,0,0,0,0,64284,0,107,602,0,2489,0,0,207805,0,63997
97,0,8,0,0,0,0,0,1004685,0,0,0,0,928,68608,0,0,0,0,0,0,0,0,0,0,0,0,0,0,0,0,0,0,0,63962,0,52,0,485,1805,487729,0,0,0,64131
97,0,9,0,0,0,0,0,1004685,0,0,0,0,930,68608,0,0,0,0,0,0,0,0,0,0,0,0,0,0,0,0,0,0,0,64175,1692,42,0,1,1431,0,0,146683,0,63590
97,0,10,0,0,0,0,0,1004685,0,0,0,0,53,0,0,0,0,0,0,0,0,0,0,0,0,0,0,0,0,0,0,0,0,0,0,85,93,1,124,0,0,0,0,0
97,0,11,0,0,0,0,0,1004685,0,0,0,0,54,0,0,0,0,0,0,0,0,0,0,0,0,0,0,0,0,0,0,0,0,0,0,43,38,0,95,0,0,0,0,0
97,0,12,0,0,0,0,0,1004685,0,0,0,0,47,0,0,0,0,0,0,0,0,0,0,0,0,0,0,0,0,0,0,0,0,0,0,0,0,45,93,0,0,0,0,0
97,0,13,0,0,0,0,0,1004685,0,0,0,0,53,0,0,0,0,0,0,0,0,0,0,0,0,0,0,0,0,0,0,0,0,0,165,0,0,0,109,0,0,0,0,0
97,0,14,0,0,0,0,0,1004685,0,0,0,0,53,0,0,0,0,0,0,0,0,0,0,0,0,0,0,0,0,0,0,0,0,0,0,0,93,0,66,0,0,0,0,0
97,0,15,0,0,0,0,0,1004685,0,0,0,0,54,0,0,0,0,0,0,0,0,0,0,0,0,0,0,0,0,0,0,0,0,0,0,0,26,0,105,0,0,0,0,0
98,0,0,0,0,0,0,0,2007964,0,0,9512,528384,136,0,0,0,0,0,17988,0,0,0,0,0,0,0,0,9512,9512,0,242358,0,706669,528384,0,2446,0,136,284,0,0,0,0,1412781
98,0,1,0,0,0,0,0,1003982,17988,0,0,0,7209,0,0,0,0,0,17988,0,0,0,0,0,0,0,0,0,3762,0,122217,0,241259,0,0,1050,927,1842,12791,0,0,229969,0,0
98,0,2,0,0,0,0,0,1003982,0,0,0,0,458,68608,0,0,0,0,0,0,0,0,0,0,0,0,0,0,0,0,61835,0,122321,64215,0,1434,687,1683,937,0,0,181032,0,64207
98,0,3,0,0,0,0,0,1003982,0,0,0,0,446,68608,0,0,0,0,0,0,0,0,0,0,0,0,0,0,0,0,62123,0,0,64248,0,779,254,0,700,0,0,89604,0,64340
98,0,4,0,0,0,0,0,1003982,0,0,0,0,594,68608,0,0,0,0,0,0,0,0,0,0,0,0,0,0,0,0,61270,0,0,64067,0,571,0,327,889,671759,0,0,0,64288
98,0,5,0,0,0,0,0,1003982,0,0,0,0,988,68608,0,0,0,0,0,0,0,0,0,0,0,0,0,0,0,0,62284,0,0,64458,4571,976,0,0,1958,0,0,688906,0,64585
98,0,6,0,0,0,0,0,1003982,0,0,0,0,1225,68608,0,0,0,0,0,0,0,0,0,0,0,0,0,0,0,0,0,0,0,64393,0,33,1776,3,1775,0,0,502749,0,64548
98,0,7,0,0,0,0,0,1003982,0,0,0,0,1190,68608,0,0,0,0,0,0,0,0,0,0,0,0,0,0,0,0,0,0,0,64270,0,102,623,0,2316,0,0,207971,0,63984
98,0,8,0,0,0,0,0,1003982,0,0,0,0,929,68608,0,0,0,0,0,0,0,0,0,0,0,0,0,0,0,0,0,0,0,63943,0,52,0,482,1823,486765,0,0,0,64132
98,0,9,0,0,0,0,0,1003982,0,0,0,0,909,68608,0,0,0,0,0,0,0,0,0,0,0,0,0,0,0,0,0,0,0,64182,1714,40,0,0,1410,0,0,145195,0,63599
98,0,10,0,0,0,0,0,1003982,0,0,0,0,52,0,0,0,0,0,0,0,0,0,0,0,0,0,0,0,0,0,0,0,0,0,0,89,88,2,126,0,0,0,0,0
98,0,11,0,0,0,0,0,1003982,0,0,0,0,48,0,0,0,0,0,0,0,0,0,0,0,0,0,0,0,0,0,0,0,0,0,0,42,44,0,94,0,0,0,0,0
98,0,12,0,0,0,0,0,1003982,0,0,0,0,49,0,0,0,0,0,0,0,0,0,0,0,0,0,0,0,0,0,0,0,0,0,0,0,0,43,95,0,0,0,0,0
98,0,13,0,0,0,0,0,1003982,0,0,0,0,55,0,0,0,0,0,0,0,0,0,0,0,0,0,0,0,0,0,0,0,0,0,169,0,0,0,113,0,0,0,0,0
98,0,14,0,0,0,0,0,1003983,0,0,0,0,52,0,0,0,0,0,0,0,0,0,0,0,0,0,0,0,0,0,0,0,0,0,0,0,89,0,61,0,0,0,0,0
98,0,15,0,0,0,0,0,1003982,0,0,0,0,49,0,0,0,0,0,0,0,0,0,0,0,0,0,0,0,0,0,0,0,0,0,0,0,31,0,101,0,0,0,0,0
99,0,0,0,0,0,0,0,2008960,0,0,9502,528384,136,0,0,0,0,0,17974,0,0,0,0,0,0,0,0,9502,9502,0,243635,0,707283,528384,0,2444,0,136,284,0,0,0,0,1415570
99,0,1,0,0,0,0,0,1004480,17973,0,0,0,7255,0,0,0,0,0,17973,0,0,0,0,0,0,0,0,0,3651,0,122223,0,241474,0,0,1014,942,1807,12887,0,0,229796,0,0
99,0,2,0,0,0,0,0,1004480,0,0,0,0,447,68608,0,0,0,0,0,0,0,0,0,0,0,0,0,0,0,0,61800,0,122406,64198,0,1369,701,1771,930,0,0,180950,0,64249
99,0,3,0,0,0,0,0,1004480,0,0,0,0,451,68608,0,0,0,0,0,0,0,0,0,0,0,0,0,0,0,0,62215,0,0,64247,0,687,245,0,703,0,0,89532,0,64335
99,0,4,0,0,0,0,0,1004480,0,0,0,0,589,68608,0,0,0,0,0,0,0,0,0,0,0,0,0,0,0,0,61666,0,0,64067,0,581,0,330,891,672475,0,0,0,64290
99,0,5,0,0,0,0,0,1004480,0,0,0,0,976,68608,0,0,0,0,0,0,0,0,0,0,0,0,0,0,0,0,62257,0,0,64468,4497,990,0,1,1968,0,0,693013,0,64490
99,0,6,0,0,0,0,0,1004479,0,0,0,0,1207,68608,0,0,0,0,0,0,0,0,0,0,0,0,0,0,0,0,0,0,0,64406,0,48,1853,1,1807,0,0,506108,0,64512
99,0,7,0,0,0,0,0,1004480,0,0,0,0,1248,68608,0,0,0,0,0,0,0,0,0,0,0,0,0,0,0,0,0,0,0,64353,0,100,563,0,2468,0,0,211137,0,63861
99,0,8,0,0,0,0,0,1004480,0,0,0,0,952,68608,0,0,0,0,0,0,0,0,0,0,0,0,0,0,0,0,0,0,0,64207,0,52,0,459,1836,486071,0,0,0,64145
99,0,9,0,0,0,0,0,1004480,0,0,0,0,944,68608,0,0,0,0,0,0,0,0,0,0,0,0,0,0,0,0,0,0,0,64159,1715,40,0,0,1431,0,0,145802,0,63578
99,0,10,0,0,0,0,0,1004480,0,0,0,0,52,0,0,0,0,0,0,0,0,0,0,0,0,0,0,0,0,0,0,0,0,0,0,79,86,2,121,0,0,0,0,0
99,0,11,0,0,0,0,0,1004480,0,0,0,0,46,0,0,0,0,0,0,0,0,0,0,0,0,0,0,0,0,0,0,0,0,0,0,44,46,0,92,0,0,0,0,0
99,0,12,0,0,0,0,0,1004480,0,0,0,0,46,0,0,0,0,0,0,0,0,0,0,0,0,0,0,0,0,0,0,0,0,0,0,0,0,46,92,0,0,0,0,0
99,0,13,0,0,0,0,0,1004480,0,0,0,0,52,0,0,0,0,0,0,0,0,0,0,0,0,0,0,0,0,0,0,0,0,0,158,0,0,0,110,0,0,0,0,0
99,0,14,0,0,0,0,0,1004480,0,0,0,0,46,0,0,0,0,0,0,0,0,0,0,0,0,0,0,0,0,0,0,0,0,0,0,0,100,0,65,0,0,0,0,0
99,0,15,0,0,0,0,0,1004480,0,0,0,0,54,0,0,0,0,0,0,0,0,0,0,0,0,0,0,0,0,0,0,0,0,0,0,0,26,0,104,0,0,0,0,0
100,0,0,0,0,0,0,0,2464858,0,0,11814,660480,136,0,0,0,0,0,21453,0,0,0,0,0,0,0,0,11814,11814,0,243502,0,932005,660480,0,2058,0,136,284,0,0,0,0,1820481
100,0,1,0,0,0,0,0,1232429,21453,0,0,0,8683,0,0,0,0,0,21453,0,0,0,0,0,0,0,0,0,5392,0,122123,0,357291,0,0,991,774,2884,15370,0,0,216388,0,0
100,0,2,0,0,0,0,0,1232429,0,0,0,0,412,68608,0,0,0,0,0,0,0,0,0,0,0,0,0,0,0,0,122559,0,181216,64280,0,2304,596,2675,812,0,0,161404,0,64233
100,0,3,0,0,0,0,0,1232429,0,0,0,0,389,68608,0,0,0,0,0,0,0,0,0,0,0,0,0,0,0,0,122626,0,0,64320,0,1233,234,0,607,0,0,64836,0,64853
100,0,4,0,0,0,0,0,1232429,0,0,0,0,507,68608,0,0,0,0,0,0,0,0,0,0,0,0,0,0,0,0,61679,0,0,64078,0,468,0,262,752,863686,0,0,0,64750
100,0,5,0,0,0,0,0,1232429,0,0,0,0,774,68608,0,0,0,0,0,0,0,0,0,0,0,0,0,0,0,0,61860,0,0,64341,5855,1102,0,1,1545,0,0,814058,0,63446
100,0,6,0,0,0,0,0,1232428,0,0,0,0,965,68608,0,0,0,0,0,0,0,0,0,0,0,0,0,0,0,0,61744,0,0,64302,0,710,1496,1,1459,0,0,551400,0,63548
100,0,7,0,0,0,0,0,1232429,0,0,0,0,973,68608,0,0,0,0,0,0,0,0,0,0,0,0,0,0,0,0,62219,0,0,64214,0,1282,516,0,1956,0,0,243519,0,62973
100,0,8,0,0,0,0,0,1232429,0,0,0,0,787,68608,0,0,0,0,0,0,0,0,0,0,0,0,0,0,0,0,0,0,0,64025,0,52,0,388,1548,936818,0,0,0,63666
100,0,9,0,0,0,0,0,1232429,0,0,0,0,1028,68608,0,0,0,0,0,0,0,0,0,0,0,0,0,0,0,0,0,0,0,64271,3442,37,0,0,1560,0,0,757255,0,63763
100,0,10,0,0,0,0,0,1232429,0,0,0,0,1312,68608,0,0,0,0,0,0,0,0,0,0,0,0,0,0,0,0,0,0,0,64426,0,77,1878,2,2536,0,0,617768,0,64306
100,0,11,0,0,0,0,0,1232429,0,0,0,0,1286,68608,0,0,0,0,0,0,0,0,0,0,0,0,0,0,0,0,0,0,0,64383,0,42,617,0,1966,0,0,288094,0,63345
100,0,12,0,0,0,0,0,1232429,0,0,0,0,46,0,0,0,0,0,0,0,0,0,0,0,0,0,0,0,0,0,0,0,0,0,0,0,0,46,92,0,0,0,0,0
100,0,13,0,0,0,0,0,1232429,0,0,0,0,52,0,0,0,0,0,0,0,0,0,0,0,0,0,0,0,0,0,0,0,0,0,166,0,0,0,113,0,0,0,0,0
100,0,14,0,0,0,0,0,1232429,0,0,0,0,48,0,0,0,0,0,0,0,0,0,0,0,0,0,0,0,0,0,0,0,0,0,0,0,92,0,69,0,0,0,0,0
100,0,15,0,0,0,0,0,1232429,0,0,0,0,48,0,0,0,0,0,0,0,0,0,0,0,0,0,0,0,0,0,0,0,0,0,0,0,32,0,102,0,0,0,0,0
101,0,0,0,0,0,0,0,2464827,0,0,11828,660480,136,0,0,0,0,0,21471,0,0,0,0,0,0,0,0,11828,11828,0,243600,0,932020,660480,0,2062,0,136,284,0,0,0,0,1819724
101,0,1,0,0,0,0,0,1232414,21471,0,0,0,8760,0,0,0,0,0,21471,0,0,0,0,0,0,0,0,0,5401,0,122169,0,357203,0,0,954,800,2832,15468,0,0,215423,0,0
101,0,2,0,0,0,0,0,1232414,0,0,0,0,397,68608,0,0,0,0,0,0,0,0,0,0,0,0,0,0,0,0,122520,0,181167,64292,0,2273,626,2759,801,0,0,160527,0,64213
101,0,3,0,0,0,0,0,1232414,0,0,0,0,400,68608,0,0,0,0,0,0,0,0,0,0,0,0,0,0,0,0,122618,0,0,64296,0,1150,222,0,620,0,0,64834,0,64853
101,0,4,0,0,0,0,0,1232414,0,0,0,0,486,68608,0,0,0,0,0,0,0,0,0,0,0,0,0,0,0,0,61707,0,0,64070,0,464,0,283,760,865367,0,0,0,64749
101,0,5,0,0,0,0,0,1232414,0,0,0,0,787,68608,0,0,0,0,0,0,0,0,0,0,0,0,0,0,0,0,61878,0,0,64340,5818,1097,0,1,1604,0,0,814159,0,63432
101,0,6,0,0,0,0,0,1232413,0,0,0,0,963,68608,0,0,0,0,0,0,0,0,0,0,0,0,0,0,0,0,61740,0,0,64275,0,740,1530,2,1460,0,0,551723,0,63518
101,0,7,0,0,0,0,0,1232414,0,0,0,0,1005,68608,0,0,0,0,0,0,0,0,0,0,0,0,0,0,0,0,62225,0,0,64218,0,1344,483,0,2011,0,0,243779,0,62965
101,0,8,0,0,0,0,0,1232414,0,0,0,0,792,68608,0,0,0,0,0,0,0,0,0,0,0,0,0,0,0,0,0,0,0,64031,0,52,0,387,1561,937440,0,0,0,63691
101,0,9,0,0,0,0,0,1232414,0,0,0,0,1020,68608,0,0,0,0,0,0,0,0,0,0,0,0,0,0,0,0,0,0,0,64304,3423,42,0,0,1552,0,0,755498,0,63770
101,0,10,0,0,0,0,0,1232414,0,0,0,0,1292,68608,0,0,0,0,0,0,0,0,0,0,0,0,0,0,0,0,0,0,0,64412,0,97,1904,2,2468,0,0,617640,0,64333
101,0,11,0,0,0,0,0,1232414,0,0,0,0,1290,68608,0,0,0,0,0,0,0,0,0,0,0,0,0,0,0,0,0,0,0,64378,0,5,615,0,1947,0,0,288570,0,63373
101,0,12,0,0,0,0,0,1232414,0,0,0,0,46,0,0,0,0,0,0,0,0,0,0,0,0,0,0,0,0,0,0,0,0,0,0,0,0,46,92,0,0,0,0,0
101,0,13,0,0,0,0,0,1232414,0,0,0,0,53,0,0,0,0,0,0,0,0,0,0,0,0,0,0,0,0,0,0,0,0,0,176,0,0,0,109,0,0,0,0,0
101,0,14,0,0,0,0,0,1232415,0,0,0,0,51,0,0,0,0,0,0,0,0,0,0,0,0,0,0,0,0,0,0,0,0,0,0,0,81,0,52,0,0,0,0,0
101,0,15,0,0,0,0,0,1232414,0,0,0,0,40,0,0,0,0,0,0,0,0,0,0,0,0,0,0,0,0,0,0,0,0,0,0,0,40,0,131,0,0,0,0,0
102,0,0,0,0,0,0,0,2464003,0,0,11814,660480,136,0,0,0,0,0,21450,0,0,0,0,0,0,0,0,11814,11814,0,243559,0,931962,660480,0,2058,0,136,284,0,0,0,0,1819036
102,0,1,0,0,0,0,0,1232002,21450,0,0,0,8725,0,0,0,0,0,21450,0,0,0,0,0,0,0,0,0,5355,0,122203,0,357123,0,0,988,758,2861,15434,0,0,215103,0,0
102,0,2,0,0,0,0,0,1232002,0,0,0,0,403,68608,0,0,0,0,0,0,0,0,0,0,0,0,0,0,0,0,122514,0,181119,64286,0,2286,625,2694,824,0,0,159397,0,64222
102,0,3,0,0,0,0,0,1232002,0,0,0,0,408,68608,0,0,0,0,0,0,0,0,0,0,0,0,0,0,0,0,122553,0,0,64304,0,1207,213,0,633,0,0,63678,0,64876
102,0,4,0,0,0,0,0,1232002,0,0,0,0,484,68608,0,0,0,0,0,0,0,0,0,0,0,0,0,0,0,0,61684,0,0,64073,0,458,0,285,723,863076,0,0,0,64750
102,0,5,0,0,0,0,0,1232002,0,0,0,0,784,68608,0,0,0,0,0,0,0,0,0,0,0,0,0,0,0,0,61890,0,0,64345,5804,1100,0,0,1560,0,0,814227,0,63455
102,0,6,0,0,0,0,0,1232002,0,0,0,0,966,68608,0,0,0,0,0,0,0,0,0,0,0,0,0,0,0,0,61700,0,0,64282,0,733,1520,3,1455,0,0,550373,0,63571
102,0,7,0,0,0,0,0,1232002,0,0,0,0,999,68608,0,0,0,0,0,0,0,0,0,0,0,0,0,0,0,0,62186,0,0,64213,0,1297,490,0,1993,0,0,242833,0,62924
102,0,8,0,0,0,0,0,1232002,0,0,0,0,750,68608,0,0,0,0,0,0,0,0,0,0,0,0,0,0,0,0,0,0,0,64026,0,52,0,425,1521,935720,0,0,0,63663
102,0,9,0,0,0,0,0,1232002,0,0,0,0,996,68608,0,0,0,0,0,0,0,0,0,0,0,0,0,0,0,0,0,0,0,64306,3439,40,0,1,1527,0,0,755164,0,63766
102,0,10,0,0,0,0,0,1232002,0,0,0,0,1311,68608,0,0,0,0,0,0,0,0,0,0,0,0,0,0,0,0,0,0,0,64404,0,90,1872,1,2499,0,0,616135,0,64340
102,0,11,0,0,0,0,0,1232002,0,0,0,0,1278,68608,0,0,0,0,0,0,0,0,0,0,0,0,0,0,0,0,0,0,0,64358,0,44,626,0,1945,0,0,287579,0,63378
102,0,12,0,0,0,0,0,1232002,0,0,0,0,49,0,0,0,0,0,0,0,0,0,0,0,0,0,0,0,0,0,0,0,0,0,0,0,0,43,95,0,0,0,0,0
102,0,13,0,0,0,0,0,1232002,0,0,0,0,54,0,0,0,0,0,0,0,0,0,0,0,0,0,0,0,0,0,0,0,0,0,171,0,0,0,112,0,0,0,0,0
102,0,14,0,0,0,0,0,1232002,0,0,0,0,52,0,0,0,0,0,0,0,0,0,0,0,0,0,0,0,0,0,0,0,0,0,0,0,88,0,60,0,0,0,0,0
102,0,15,0,0,0,0,0,1232002,0,0,0,0,48,0,0,0,0,0,0,0,0,0,0,0,0,0,0,0,0,0,0,0,0,0,0,0,32,0,100,0,0,0,0,0
103,0,0,0,0,0,0,0,3156535,0,0,14880,858624,136,0,0,0,0,0,26067,0,0,0,0,0,0,0,0,14880,14880,0,359775,0,1152825,858624,0,3193,0,136,284,0,0,0,0,2358130
103,0,1,0,0,0,0,0,1578268,26067,0,0,0,10668,0,0,0,0,0,26067,0,0,0,0,0,0,0,0,0,6989,0,180568,0,411829,0,0,1503,1167,3063,18582,0,0,197296,0,0
103,0,2,0,0,0,0,0,1578268,0,0,0,0,310,68608,0,0,0,0,0,0,0,0,0,0,0,0,0,0,0,0,180279,0,180198,64227,0,3155,499,2258,642,0,0,143486,0,64385
103,0,3,0,0,0,0,0,1578268,0,0,0,0,316,68608,0,0,0,0,0,0,0,0,0,0,0,0,0,0,0,0,121840,0,0,64295,0,1104,179,0,478,0,0,48042,0,65447
103,0,4,0,0,0,0,0,1578268,0,0,0,0,385,68608,0,0,0,0,0,0,0,0,0,0,0,0,0,0,0,0,121974,0,0,64171,0,903,0,220,582,1093961,0,0,0,64762
103,0,5,0,0,0,0,0,1578268,0,0,0,0,567,68608,0,0,0,0,0,0,0,0,0,0,0,0,0,0,0,0,122641,0,0,64409,7785,2194,0,0,1123,0,0,760067,0,62773
103,0,6,0,0,0,0,0,1578268,0,0,0,0,718,68608,0,0,0,0,0,0,0,0,0,0,0,0,0,0,0,0,122454,0,0,64258,0,1255,1074,2,1089,0,0,556465,0,63610
103,0,7,0,0,0,0,0,1578268,0,0,0,0,714,68608,0,0,0,0,0,0,0,0,0,0,0,0,0,0,0,0,62130,0,0,64118,0,1197,365,0,1436,0,0,246812,0,63530
103,0,8,0,0,0,0,0,1578268,0,0,0,0,698,68608,0,0,0,0,0,0,0,0,0,0,0,0,0,0,0,0,61867,0,0,64094,0,980,0,367,1395,1221061,0,0,0,63531
103,0,9,0,0,0,0,0,1578268,0,0,0,0,983,68608,0,0,0,0,0,0,0,0,0,0,0,0,0,0,0,0,61859,0,0,64294,5498,673,0,1,1470,0,0,1248337,0,62572
103,0,10,0,0,0,0,0,1578268,0,0,0,0,1222,68608,0,0,0,0,0,0,0,0,0,0,0,0,0,0,0,0,62127,0,0,64307,0,1272,1860,1,2389,0,0,886840,0,63769
103,0,11,0,0,0,0,0,1578268,0,0,0,0,1243,68608,0,0,0,0,0,0,0,0,0,0,0,0,0,0,0,0,0,0,0,64224,0,42,595,0,1946,0,0,377682,0,62605
103,0,12,0,0,0,0,0,1578268,0,0,0,0,962,68608,0,0,0,0,0,0,0,0,0,0,0,0,0,0,0,0,0,0,0,64402,0,0,0,537,1489,1104013,0,0,0,64539
103,0,13,0,0,0,0,0,1578268,0,0,0,0,1253,68608,0,0,0,0,0,0,0,0,0,0,0,0,0,0,0,0,0,0,0,64461,2785,0,0,2,2427,0,0,778949,0,64629
103,0,14,0,0,0,0,0,1578268,0,0,0,0,1203,68608,0,0,0,0,0,0,0,0,0,0,0,0,0,0,0,0,0,0,0,64680,0,0,679,0,1778,0,0,393630,0,63359
103,0,15,0,0,0,0,0,1578268,0,0,0,0,43,0,0,0,0,0,0,0,0,0,0,0,0,0,0,0,0,0,0,0,0,0,0,0,37,0,100,0,0,0,0,0
104,0,0,0,0,0,0,0,3157358,0,0,14846,858624,136,0,0,0,0,0,26016,0,0,0,0,0,0,0,0,14846,14846,0,359594,0,1152764,858624,0,3185,0,136,284,0,0,0,0,2361659
104,0,1,0,0,0,0,0,1578679,26016,0,0,0,10870,0,0,0,0,0,26016,0,0,0,0,0,0,0,0,0,6941,0,180556,0,411766,0,0,1339,1160,2998,18799,0,0,197387,0,0
104,0,2,0,0,0,0,0,1578679,0,0,0,0,322,68608,0,0,0,0,0,0,0,0,0,0,0,0,0,0,0,0,180385,0,180253,64223,0,3139,494,2330,647,0,0,144027,0,64338
104,0,3,0,0,0,0,0,1578679,0,0,0,0,323,68608,0,0,0,0,0,0,0,0,0,0,0,0,0,0,0,0,121840,0,0,64301,0,1018,172,0,493,0,0,48654,0,65460
104,0,4,0,0,0,0,0,1578679,0,0,0,0,382,68608,0,0,0,0,0,0,0,0,0,0,0,0,0,0,0,0,121934,0,0,64171,0,902,0,223,581,1094488,0,0,0,64721
104,0,5,0,0,0,0,0,1578679,0,0,0,0,594,68608,0,0,0,0,0,0,0,0,0,0,0,0,0,0,0,0,122671,0,0,64417,7741,2329,0,1,1169,0,0,761105,0,62759
104,0,6,0,0,0,0,0,1578679,0,0,0,0,681,68608,0,0,0,0,0,0,0,0,0,0,0,0,0,0,0,0,122440,0,0,64244,0,1276,1101,2,1037,0,0,560060,0,63637
104,0,7,0,0,0,0,0,1578679,0,0,0,0,708,68608,0,0,0,0,0,0,0,0,0,0,0,0,0,0,0,0,62146,0,0,64128,0,1258,366,0,1450,0,0,246914,0,63487
104,0,8,0,0,0,0,0,1578679,0,0,0,0,685,68608,0,0,0,0,0,0,0,0,0,0,0,0,0,0,0,0,61847,0,0,64062,0,976,0,376,1379,1221844,0,0,0,63601
104,0,9,0,0,0,0,0,1578679,0,0,0,0,970,68608,0,0,0,0,0,0,0,0,0,0,0,0,0,0,0,0,61831,0,0,64305,5450,548,0,1,1441,0,0,1249522,0,62636
104,0,10,0,0,0,0,0,1578679,0,0,0,0,1254,68608,0,0,0,0,0,0,0,0,0,0,0,0,0,0,0,0,62162,0,0,64336,0,1250,1809,2,2416,0,0,889815,0,63750
104,0,11,0,0,0,0,0,1578679,0,0,0,0,1228,68608,0,0,0,0,0,0,0,0,0,0,0,0,0,0,0,0,0,0,0,64227,0,39,609,0,1869,0,0,379716,0,62599
104,0,12,0,0,0,0,0,1578679,0,0,0,0,968,68608,0,0,0,0,0,0,0,0,0,0,0,0,0,0,0,0,0,0,0,64389,0,0,0,527,1495,1104241,0,0,0,64516
104,0,13,0,0,0,0,0,1578679,0,0,0,0,1208,68608,0,0,0,0,0,0,0,0,0,0,0,0,0,0,0,0,0,0,0,64448,2866,0,0,1,2503,0,0,779642,0,64619
104,0,14,0,0,0,0,0,1578679,0,0,0,0,1241,68608,0,0,0,0,0,0,0,0,0,0,0,0,0,0,0,0,0,0,0,64698,0,0,642,1,1834,0,0,393974,0,63360
104,0,15,0,0,0,0,0,1578679,0,0,0,0,48,0,0,0,0,0,0,0,0,0,0,0,0,0,0,0,0,0,0,0,0,0,0,0,32,0,107,0,0,0,0,0
105,0,0,0,0,0,0,0,3158246,0,0,14860,858624,136,0,0,0,0,0,26037,0,0,0,0,0,0,0,0,14860,14860,0,359654,0,1152817,858624,0,3189,0,136,284,0,0,0,0,2360819
105,0,1,0,0,0,0,0,1579123,26037,0,0,0,10883,0,0,0,0,0,26037,0,0,0,0,0,0,0,0,0,6910,0,180687,0,411597,0,0,1433,1133,2932,18823,0,0,197629,0,0
105,0,2,0,0,0,0,0,1579123,0,0,0,0,327,68608,0,0,0,0,0,0,0,0,0,0,0,0,0,0,0,0,180315,0,180113,64231,0,3258,484,2265,670,0,0,142128,0,64382
105,0,3,0,0,0,0,0,1579123,0,0,0,0,318,68608,0,0,0,0,0,0,0,0,0,0,0,0,0,0,0,0,121773,0,0,64287,0,1090,177,0,483,0,0,47663,0,65447
105,0,4,0,0,0,0,0,1579123,0,0,0,0,386,68608,0,0,0,0,0,0,0,0,0,0,0,0,0,0,0,0,121917,0,0,64180,0,889,0,219,563,1095074,0,0,0,64739
105,0,5,0,0,0,0,0,1579123,0,0,0,0,578,68608,0,0,0,0,0,0,0,0,0,0,0,0,0,0,0,0,122732,0,0,64426,7754,2253,0,1,1139,0,0,760578,0,62760
105,0,6,0,0,0,0,0,1579122,0,0,0,0,698,68608,0,0,0,0,0,0,0,0,0,0,0,0,0,0,0,0,122387,0,0,64234,0,1150,1076,1,1065,0,0,558290,0,63643
105,0,7,0,0,0,0,0,1579123,0,0,0,0,698,68608,0,0,0,0,0,0,0,0,0,0,0,0,0,0,0,0,62111,0,0,64100,0,1210,379,0,1418,0,0,247192,0,63500
105,0,8,0,0,0,0,0,1579123,0,0,0,0,699,68608,0,0,0,0,0,0,0,0,0,0,0,0,0,0,0,0,61843,0,0,64096,0,986,0,364,1400,1223463,0,0,0,63550
105,0,9,0,0,0,0,0,1579123,0,0,0,0,1000,68608,0,0,0,0,0,0,0,0,0,0,0,0,0,0,0,0,61883,0,0,64312,5496,617,0,1,1480,0,0,1251093,0,62606
105,0,10,0,0,0,0,0,1579123,0,0,0,0,1254,68608,0,0,0,0,0,0,0,0,0,0,0,0,0,0,0,0,62140,0,0,64343,0,1333,1810,1,2461,0,0,889795,0,63774
105,0,11,0,0,0,0,0,1579123,0,0,0,0,1228,68608,0,0,0,0,0,0,0,0,0,0,0,0,0,0,0,0,0,0,0,64202,0,44,609,0,1913,0,0,378779,0,62592
105,0,12,0,0,0,0,0,1579123,0,0,0,0,974,68608,0,0,0,0,0,0,0,0,0,0,0,0,0,0,0,0,0,0,0,64388,0,0,0,523,1493,1103832,0,0,0,64519
105,0,13,0,0,0,0,0,1579123,0,0,0,0,1253,68608,0,0,0,0,0,0,0,0,0,0,0,0,0,0,0,0,0,0,0,64472,2809,0,0,2,2481,0,0,779395,0,64615
105,0,14,0,0,0,0,0,1579123,0,0,0,0,1214,68608,0,0,0,0,0,0,0,0,0,0,0,0,0,0,0,0,0,0,0,64674,0,0,663,0,1726,0,0,393543,0,63390
105,0,15,0,0,0,0,0,1579123,0,0,0,0,40,0,0,0,0,0,0,0,0,0,0,0,0,0,0,0,0,0,0,0,0,0,0,0,40,0,95,0,0,0,0,0
106,0,0,0,0,0,0,0,397829,0,0,1026,65792,136,0,0,0,0,0,5217,0,0,0,0,0,0,0,0,1026,1026,0,0,0,125569,65792,0,294,0,136,284,0,0,0,0,67072
106,0,1,0,0,0,0,0,198915,5217,0,0,0,1847,0,0,0,0,0,5217,0,0,0,0,0,0,0,0,0,252,0,0,0,63920,0,0,84,170,434,3315,0,0,67072,0,0
106,0,2,0,0,0,0,0,198915,0,0,0,0,800,67072,0,0,0,0,0,0,0,0,0,0,0,0,0,0,0,0,0,0,0,64787,0,249,363,283,1634,0,0,0,0,67072
106,0,3,0,0,0,0,0,198915,0,0,0,0,47,0,0,0,0,0,0,0,0,0,0,0,0,0,0,0,0,0,0,0,0,0,0,91,45,0,54,0,0,0,0,0
106,0,4,0,0,0,0,0,198915,0,0,0,0,47,0,0,0,0,0,0,0,0,0,0,0,0,0,0,0,0,0,0,0,0,0,0,87,0,45,62,0,0,0,0,0
106,0,5,0,0,0,0,0,198915,0,0,0,0,47,0,0,0,0,0,0,0,0,0,0,0,0,0,0,0,0,0,0,0,0,0,537,148,0,0,109,0,0,0,0,0
106,0,6,0,0,0,0,0,198914,0,0,0,0,47,0,0,0,0,0,0,0,0,0,0,0,0,0,0,0,0,0,0,0,0,0,0,40,98,0,52,0,0,0,0,0
106,0,7,0,0,0,0,0,198915,0,0,0,0,53,0,0,0,0,0,0,0,0,0,0,0,0,0,0,0,0,0,0,0,0,0,0,105,39,0,140,0,0,0,0,0
106,0,8,0,0,0,0,0,198915,0,0,0,0,50,0,0,0,0,0,0,0,0,0,0,0,0,0,0,0,0,0,0,0,0,0,0,52,0,42,107,0,0,0,0,0
106,0,9,0,0,0,0,0,198915,0,0,0,0,47,0,0,0,0,0,0,0,0,0,0,0,0,0,0,0,0,0,0,0,0,0,365,42,0,0,53,0,0,0,0,0
106,0,10,0,0,0,0,0,198915,0,0,0,0,53,0,0,0,0,0,0,0,0,0,0,0,0,0,0,0,0,0,0,0,0,0,0,91,92,0,118,0,0,0,0,0
106,0,11,0,0,0,0,0,198915,0,0,0,0,53,0,0,0,0,0,0,0,0,0,0,0,0,0,0,0,0,0,0,0,0,0,0,39,39,0,94,0,0,0,0,0
106,0,12,0,0,0,0,0,198915,0,0,0,0,47,0,0,0,0,0,0,0,0,0,0,0,0,0,0,0,0,0,0,0,0,0,0,0,0,45,93,0,0,0,0,0
106,0,13,0,0,0,0,0,198915,0,0,0,0,53,0,0,0,0,0,0,0,0,0,0,0,0,0,0,0,0,0,0,0,0,0,178,0,0,0,109,0,0,0,0,0
106,0,14,0,0,0,0,0,198914,0,0,0,0,53,0,0,0,0,0,0,0,0,0,0,0,0,0,0,0,0,0,0,0,0,0,0,0,80,0,60,0,0,0,0,0
106,0,15,0,0,0,0,0,198915,0,0,0,0,41,0,0,0,0,0,0,0,0,0,0,0,0,0,0,0,0,0,0,0,0,0,0,0,39,0,89,0,0,0,0,0
107,0,0,0,0,0,0,0,397901,0,0,1026,65792,136,0,0,0,0,0,5217,0,0,0,0,0,0,0,0,1026,1026,0,0,0,125627,65792,0,294,0,136,284,0,0,0,0,67072
107,0,1,0,0,0,0,0,198951,5217,0,0,0,1834,0,0,0,0,0,5217,0,0,0,0,0,0,0,0,0,258,0,0,0,63944,0,0,76,173,452,3309,0,0,67072,0,0
107,0,2,0,0,0,0,0,198951,0,0,0,0,796,67072,0,0,0,0,0,0,0,0,0,0,0,0,0,0,0,0,0,0,0,64785,0,255,367,268,1621,0,0,0,0,67072
107,0,3,0,0,0,0,0,198951,0,0,0,0,47,0,0,0,0,0,0,0,0,0,0,0,0,0,0,0,0,0,0,0,0,0,0,99,45,0,61,0,0,0,0,0
107,0,4,0,0,0,0,0,198951,0,0,0,0,47,0,0,0,0,0,0,0,0,0,0,0,0,0,0,0,0,0,0,0,0,0,0,87,0,45,70,0,0,0,0,0
107,0,5,0,0,0,0,0,198951,0,0,0,0,47,0,0,0,0,0,0,0,0,0,0,0,0,0,0,0,0,0,0,0,0,0,526,148,0,0,117,0,0,0,0,0
107,0,6,0,0,0,0,0,198951,0,0,0,0,47,0,0,0,0,0,0,0,0,0,0,0,0,0,0,0,0,0,0,0,0,0,0,34,98,0,52,0,0,0,0,0
107,0,7,0,0,0,0,0,198951,0,0,0,0,53,0,0,0,0,0,0,0,0,0,0,0,0,0,0,0,0,0,0,0,0,0,0,105,39,0,132,0,0,0,0,0
107,0,8,0,0,0,0,0,198951,0,0,0,0,50,0,0,0,0,0,0,0,0,0,0,0,0,0,0,0,0,0,0,0,0,0,0,52,0,42,107,0,0,0,0,0
107,0,9,0,0,0,0,0,198951,0,0,0,0,47,0,0,0,0,0,0,0,0,0,0,0,0,0,0,0,0,0,0,0,0,0,376,42,0,0,53,0,0,0,0,0
107,0,10,0,0,0,0,0,198951,0,0,0,0,53,0,0,0,0,0,0,0,0,0,0,0,0,0,0,0,0,0,0,0,0,0,0,89,92,0,126,0,0,0,0,0
107,0,11,0,0,0,0,0,198951,0,0,0,0,53,0,0,0,0,0,0,0,0,0,0,0,0,0,0,0,0,0,0,0,0,0,0,39,39,0,94,0,0,0,0,0
107,0,12,0,0,0,0,0,198951,0,0,0,0,47,0,0,0,0,0,0,0,0,0,0,0,0,0,0,0,0,0,0,0,0,0,0,0,0,45,93,0,0,0,0,0
107,0,13,0,0,0,0,0,198951,0,0,0,0,53,0,0,0,0,0,0,0,0,0,0,0,0,0,0,0,0,0,0,0,0,0,167,0,0,0,109,0,0,0,0,0
107,0,14,0,0,0,0,0,198951,0,0,0,0,53,0,0,0,0,0,0,0,0,0,0,0,0,0,0,0,0,0,0,0,0,0,0,0,91,0,62,0,0,0,0,0
107,0,15,0,0,0,0,0,198951,0,0,0,0,52,0,0,0,0,0,0,0,0,0,0,0,0,0,0,0,0,0,0,0,0,0,0,0,28,0,100,0,0,0,0,0
108,0,0,0,0,0,0,0,397836,0,0,1026,65792,136,0,0,0,0,0,5217,0,0,0,0,0,0,0,0,1026,1026,0,0,0,125591,65792,0,294,0,136,284,0,0,0,0,67072
108,0,1,0,0,0,0,0,198918,5217,0,0,0,1835,0,0,0,0,0,5217,0,0,0,0,0,0,0,0,0,262,0,0,0,63945,0,0,84,170,446,3292,0,0,67072,0,0
108,0,2,0,0,0,0,0,198918,0,0,0,0,789,67072,0,0,0,0,0,0,0,0,0,0,0,0,0,0,0,0,0,0,0,64778,0,249,374,283,1611,0,0,0,0,67072
108,0,3,0,0,0,0,0,198918,0,0,0,0,47,0,0,0,0,0,0,0,0,0,0,0,0,0,0,0,0,0,0,0,0,0,0,91,45,0,54,0,0,0,0,0
108,0,4,0,0,0,0,0,198918,0,0,0,0,47,0,0,0,0,0,0,0,0,0,0,0,0,0,0,0,0,0,0,0,0,0,0,87,0,45,61,0,0,0,0,0
108,0,5,0,0,0,0,0,198918,0,0,0,0,47,0,0,0,0,0,0,0,0,0,0,0,0,0,0,0,0,0,0,0,0,0,537,148,0,0,109,0,0,0,0,0
108,0,6,0,0,0,0,0,198918,0,0,0,0,47,0,0,0,0,0,0,0,0,0,0,0,0,0,0,0,0,0,0,0,0,0,0,40,98,0,52,0,0,0,0,0
108,0,7,0,0,0,0,0,198918,0,0,0,0,53,0,0,0,0,0,0,0,0,0,0,0,0,0,0,0,0,0,0,0,0,0,0,105,39,0,140,0,0,0,0,0
108,0,8,0,0,0,0,0,198918,0,0,0,0,50,0,0,0,0,0,0,0,0,0,0,0,0,0,0,0,0,0,0,0,0,0,0,52,0,42,107,0,0,0,0,0
108,0,9,0,0,0,0,0,198918,0,0,0,0,47,0,0,0,0,0,0,0,0,0,0,0,0,0,0,0,0,0,0,0,0,0,365,42,0,0,53,0,0,0,0,0
108,0,10,0,0,0,0,0,198918,0,0,0,0,53,0,0,0,0,0,0,0,0,0,0,0,0,0,0,0,0,0,0,0,0,0,0,91,92,0,118,0,0,0,0,0
108,0,11,0,0,0,0,0,198918,0,0,0,0,53,0,0,0,0,0,0,0,0,0,0,0,0,0,0,0,0,0,0,0,0,0,0,39,39,0,94,0,0,0,0,0
108,0,12,0,0,0,0,0,198918,0,0,0,0,47,0,0,0,0,0,0,0,0,0,0,0,0,0,0,0,0,0,0,0,0,0,0,0,0,45,93,0,0,0,0,0
108,0,13,0,0,0,0,0,198918,0,0,0,0,53,0,0,0,0,0,0,0,0,0,0,0,0,0,0,0,0,0,0,0,0,0,178,0,0,0,109,0,0,0,0,0
108,0,14,0,0,0,0,0,198918,0,0,0,0,53,0,0,0,0,0,0,0,0,0,0,0,0,0,0,0,0,0,0,0,0,0,0,0,80,0,60,0,0,0,0,0
108,0,15,0,0,0,0,0,198918,0,0,0,0,41,0,0,0,0,0,0,0,0,0,0,0,0,0,0,0,0,0,0,0,0,0,0,0,39,0,89,0,0,0,0,0
109,0,0,0,0,0,0,0,612866,0,0,2050,131584,136,0,0,0,0,0,6759,0,0,0,0,0,0,0,0,2050,2050,0,0,0,249234,131584,0,294,0,136,284,0,0,0,0,230194
109,0,1,0,0,0,0,0,306433,6759,0,0,0,2396,0,0,0,0,0,6759,0,0,0,0,0,0,0,0,0,1020,0,0,0,126902,0,0,76,171,917,4077,0,0,69218,0,0
109,0,2,0,0,0,0,0,306433,0,0,0,0,598,67072,0,0,0,0,0,0,0,0,0,0,0,0,0,0,0,0,0,0,63515,64772,0,255,1183,956,1295,0,0,65974,0,66016
109,0,3,0,0,0,0,0,306433,0,0,0,0,667,67072,0,0,0,0,0,0,0,0,0,0,0,0,0,0,0,0,0,0,0,65000,0,100,449,0,1020,0,0,1870,0,66003
109,0,4,0,0,0,0,0,306433,0,0,0,0,47,0,0,0,0,0,0,0,0,0,0,0,0,0,0,0,0,0,0,0,0,0,0,87,0,45,69,0,0,0,0,0
109,0,5,0,0,0,0,0,306433,0,0,0,0,47,0,0,0,0,0,0,0,0,0,0,0,0,0,0,0,0,0,0,0,0,0,526,148,0,0,117,0,0,0,0,0
109,0,6,0,0,0,0,0,306432,0,0,0,0,47,0,0,0,0,0,0,0,0,0,0,0,0,0,0,0,0,0,0,0,0,0,0,34,98,0,52,0,0,0,0,0
109,0,7,0,0,0,0,0,306433,0,0,0,0,53,0,0,0,0,0,0,0,0,0,0,0,0,0,0,0,0,0,0,0,0,0,0,105,39,0,132,0,0,0,0,0
109,0,8,0,0,0,0,0,306433,0,0,0,0,50,0,0,0,0,0,0,0,0,0,0,0,0,0,0,0,0,0,0,0,0,0,0,52,0,42,107,0,0,0,0,0
109,0,9,0,0,0,0,0,306433,0,0,0,0,47,0,0,0,0,0,0,0,0,0,0,0,0,0,0,0,0,0,0,0,0,0,376,42,0,0,53,0,0,0,0,0
109,0,10,0,0,0,0,0,306433,0,0,0,0,53,0,0,0,0,0,0,0,0,0,0,0,0,0,0,0,0,0,0,0,0,0,0,89,92,0,126,0,0,0,0,0
109,0,11,0,0,0,0,0,306433,0,0,0,0,53,0,0,0,0,0,0,0,0,0,0,0,0,0,0,0,0,0,0,0,0,0,0,40,39,0,94,0,0,0,0,0
109,0,12,0,0,0,0,0,306433,0,0,0,0,47,0,0,0,0,0,0,0,0,0,0,0,0,0,0,0,0,0,0,0,0,0,0,0,0,45,93,0,0,0,0,0
109,0,13,0,0,0,0,0,306433,0,0,0,0,53,0,0,0,0,0,0,0,0,0,0,0,0,0,0,0,0,0,0,0,0,0,167,0,0,0,109,0,0,0,0,0
109,0,14,0,0,0,0,0,306432,0,0,0,0,53,0,0,0,0,0,0,0,0,0,0,0,0,0,0,0,0,0,0,0,0,0,0,0,91,0,62,0,0,0,0,0
109,0,15,0,0,0,0,0,306433,0,0,0,0,52,0,0,0,0,0,0,0,0,0,0,0,0,0,0,0,0,0,0,0,0,0,0,0,28,0,100,0,0,0,0,0
110,0,0,0,0,0,0,0,613060,0,0,2050,131584,136,0,0,0,0,0,6759,0,0,0,0,0,0,0,0,2050,2050,0,0,0,249125,131584,0,294,0,136,284,0,0,0,0,230390
110,0,1,0,0,0,0,0,306530,6759,0,0,0,2387,0,0,0,0,0,6759,0,0,0,0,0,0,0,0,0,1019,0,0,0,126877,0,0,78,167,928,4066,0,0,69192,0,0
110,0,2,0,0,0,0,0,306530,0,0,0,0,594,67072,0,0,0,0,0,0,0,0,0,0,0,0,0,0,0,0,0,0,63483,64780,0,249,1186,953,1289,0,0,65988,0,66020
110,0,3,0,0,0,0,0,306530,0,0,0,0,667,67072,0,0,0,0,0,0,0,0,0,0,0,0,0,0,0,0,0,0,0,64997,0,97,450,0,1025,0,0,1868,0,66006
110,0,4,0,0,0,0,0,306530,0,0,0,0,47,0,0,0,0,0,0,0,0,0,0,0,0,0,0,0,0,0,0,0,0,0,0,87,0,45,68,0,0,0,0,0
110,0,5,0,0,0,0,0,306530,0,0,0,0,47,0,0,0,0,0,0,0,0,0,0,0,0,0,0,0,0,0,0,0,0,0,525,148,0,0,115,0,0,0,0,0
110,0,6,0,0,0,0,0,306530,0,0,0,0,47,0,0,0,0,0,0,0,0,0,0,0,0,0,0,0,0,0,0,0,0,0,0,40,98,0,52,0,0,0,0,0
110,0,7,0,0,0,0,0,306530,0,0,0,0,53,0,0,0,0,0,0,0,0,0,0,0,0,0,0,0,0,0,0,0,0,0,0,106,39,0,134,0,0,0,0,0
110,0,8,0,0,0,0,0,306530,0,0,0,0,50,0,0,0,0,0,0,0,0,0,0,0,0,0,0,0,0,0,0,0,0,0,0,52,0,42,107,0,0,0,0,0
110,0,9,0,0,0,0,0,306530,0,0,0,0,47,0,0,0,0,0,0,0,0,0,0,0,0,0,0,0,0,0,0,0,0,0,377,42,0,0,53,0,0,0,0,0
110,0,10,0,0,0,0,0,306530,0,0,0,0,53,0,0,0,0,0,0,0,0,0,0,0,0,0,0,0,0,0,0,0,0,0,0,85,92,0,124,0,0,0,0,0
110,0,11,0,0,0,0,0,306530,0,0,0,0,53,0,0,0,0,0,0,0,0,0,0,0,0,0,0,0,0,0,0,0,0,0,0,39,39,0,94,0,0,0,0,0
110,0,12,0,0,0,0,0,306530,0,0,0,0,47,0,0,0,0,0,0,0,0,0,0,0,0,0,0,0,0,0,0,0,0,0,0,0,0,45,93,0,0,0,0,0
110,0,13,0,0,0,0,0,306530,0,0,0,0,53,0,0,0,0,0,0,0,0,0,0,0,0,0,0,0,0,0,0,0,0,0,166,0,0,0,109,0,0,0,0,0
110,0,14,0,0,0,0,0,306530,0,0,0,0,53,0,0,0,0,0,0,0,0,0,0,0,0,0,0,0,0,0,0,0,0,0,0,0,92,0,66,0,0,0,0,0
110,0,15,0,0,0,0,0,306530,0,0,0,0,53,0,0,0,0,0,0,0,0,0,0,0,0,0,0,0,0,0,0,0,0,0,0,0,27,0,102,0,0,0,0,0
111,0,0,0,0,0,0,0,612935,0,0,2050,131584,136,0,0,0,0,0,6759,0,0,0,0,0,0,0,0,2050,2050,0,0,0,249268,131584,0,294,0,136,284,0,0,0,0,230231
111,0,1,0,0,0,0,0,306468,6759,0,0,0,2384,0,0,0,0,0,6759,0,0,0,0,0,0,0,0,0,1020,0,0,0,126912,0,0,80,165,931,4057,0,0,69225,0,0
111,0,2,0,0,0,0,0,306468,0,0,0,0,597,67072,0,0,0,0,0,0,0,0,0,0,0,0,0,0,0,0,0,0,63510,64779,0,249,1192,959,1283,0,0,65969,0,66020
111,0,3,0,0,0,0,0,306468,0,0,0,0,675,67072,0,0,0,0,0,0,0,0,0,0,0,0,0,0,0,0,0,0,0,65000,0,96,441,0,1029,0,0,1873,0,66003
111,0,4,0,0,0,0,0,306468,0,0,0,0,47,0,0,0,0,0,0,0,0,0,0,0,0,0,0,0,0,0,0,0,0,0,0,87,0,45,65,0,0,0,0,0
111,0,5,0,0,0,0,0,306468,0,0,0,0,47,0,0,0,0,0,0,0,0,0,0,0,0,0,0,0,0,0,0,0,0,0,525,148,0,0,113,0,0,0,0,0
111,0,6,0,0,0,0,0,306468,0,0,0,0,47,0,0,0,0,0,0,0,0,0,0,0,0,0,0,0,0,0,0,0,0,0,0,40,98,0,52,0,0,0,0,0
111,0,7,0,0,0,0,0,306468,0,0,0,0,53,0,0,0,0,0,0,0,0,0,0,0,0,0,0,0,0,0,0,0,0,0,0,105,39,0,136,0,0,0,0,0
111,0,8,0,0,0,0,0,306468,0,0,0,0,50,0,0,0,0,0,0,0,0,0,0,0,0,0,0,0,0,0,0,0,0,0,0,52,0,42,107,0,0,0,0,0
111,0,9,0,0,0,0,0,306468,0,0,0,0,47,0,0,0,0,0,0,0,0,0,0,0,0,0,0,0,0,0,0,0,0,0,377,42,0,0,53,0,0,0,0,0
111,0,10,0,0,0,0,0,306468,0,0,0,0,53,0,0,0,0,0,0,0,0,0,0,0,0,0,0,0,0,0,0,0,0,0,0,87,92,0,122,0,0,0,0,0
111,0,11,0,0,0,0,0,306468,0,0,0,0,53,0,0,0,0,0,0,0,0,0,0,0,0,0,0,0,0,0,0,0,0,0,0,40,39,0,94,0,0,0,0,0
111,0,12,0,0,0,0,0,306468,0,0,0,0,47,0,0,0,0,0,0,0,0,0,0,0,0,0,0,0,0,0,0,0,0,0,0,0,0,45,93,0,0,0,0,0
111,0,13,0,0,0,0,0,306468,0,0,0,0,53,0,0,0,0,0,0,0,0,0,0,0,0,0,0,0,0,0,0,0,0,0,166,0,0,0,109,0,0,0,0,0
111,0,14,0,0,0,0,0,306468,0,0,0,0,53,0,0,0,0,0,0,0,0,0,0,0,0,0,0,0,0,0,0,0,0,0,0,0,92,0,64,0,0,0,0,0
111,0,15,0,0,0,0,0,306468,0,0,0,0,53,0,0,0,0,0,0,0,0,0,0,0,0,0,0,0,0,0,0,0,0,0,0,0,27,0,101,0,0,0,0,0
112,0,0,0,0,0,0,0,1120244,0,0,4098,263168,136,0,0,0,0,0,9840,0,0,0,0,0,0,0,0,4098,4098,0,127543,0,374395,263168,0,1321,0,136,284,0,0,0,0,805552
112,0,1,0,0,0,0,0,560122,9840,0,0,0,3804,0,0,0,0,0,9840,0,0,0,0,0,0,0,0,0,2030,0,63595,0,126541,0,0,416,420,970,6430,0,0,331154,0,0
112,0,2,0,0,0,0,0,560122,0,0,0,0,715,67072,0,0,0,0,0,0,0,0,0,0,0,0,0,0,0,0,0,0,63902,64744,0,249,1160,845,1471,0,0,203348,0,64955
112,0,3,0,0,0,0,0,560122,0,0,0,0,763,67072,0,0,0,0,0,0,0,0,0,0,0,0,0,0,0,0,0,0,0,64771,0,95,352,0,1229,0,0,134221,0,64289
112,0,4,0,0,0,0,0,560122,0,0,0,0,795,67072,0,0,0,0,0,0,0,0,0,0,0,0,0,0,0,0,0,0,0,64704,0,87,0,322,1066,254435,0,0,0,65442
112,0,5,0,0,0,0,0,560122,0,0,0,0,699,67072,0,0,0,0,0,0,0,0,0,0,0,0,0,0,0,0,0,0,0,65065,1648,148,0,0,1456,0,0,67708,0,64975
112,0,6,0,0,0,0,0,560121,0,0,0,0,47,0,0,0,0,0,0,0,0,0,0,0,0,0,0,0,0,0,0,0,0,0,0,40,98,2,52,0,0,0,0,0
112,0,7,0,0,0,0,0,560122,0,0,0,0,53,0,0,0,0,0,0,0,0,0,0,0,0,0,0,0,0,0,0,0,0,0,0,105,39,0,137,0,0,0,0,0
112,0,8,0,0,0,0,0,560122,0,0,0,0,50,0,0,0,0,0,0,0,0,0,0,0,0,0,0,0,0,0,0,0,0,0,0,52,0,42,107,0,0,0,0,0
112,0,9,0,0,0,0,0,560122,0,0,0,0,47,0,0,0,0,0,0,0,0,0,0,0,0,0,0,0,0,0,0,0,0,0,375,42,0,0,53,0,0,0,0,0
112,0,10,0,0,0,0,0,560122,0,0,0,0,53,0,0,0,0,0,0,0,0,0,0,0,0,0,0,0,0,0,0,0,0,0,0,88,92,0,121,0,0,0,0,0
112,0,11,0,0,0,0,0,560122,0,0,0,0,53,0,0,0,0,0,0,0,0,0,0,0,0,0,0,0,0,0,0,0,0,0,0,42,39,0,94,0,0,0,0,0
112,0,12,0,0,0,0,0,560122,0,0,0,0,47,0,0,0,0,0,0,0,0,0,0,0,0,0,0,0,0,0,0,0,0,0,0,0,0,45,93,0,0,0,0,0
112,0,13,0,0,0,0,0,560122,0,0,0,0,53,0,0,0,0,0,0,0,0,0,0,0,0,0,0,0,0,0,0,0,0,0,168,0,0,0,109,0,0,0,0,0
112,0,14,0,0,0,0,0,560121,0,0,0,0,53,0,0,0,0,0,0,0,0,0,0,0,0,0,0,0,0,0,0,0,0,0,0,0,90,0,63,0,0,0,0,0
112,0,15,0,0,0,0,0,560122,0,0,0,0,51,0,0,0,0,0,0,0,0,0,0,0,0,0,0,0,0,0,0,0,0,0,0,0,29,0,99,0,0,0,0,0
113,0,0,0,0,0,0,0,1120450,0,0,4098,263168,136,0,0,0,0,0,9843,0,0,0,0,0,0,0,0,4098,4098,0,127522,0,374381,263168,0,1321,0,136,284,0,0,0,0,805876
113,0,1,0,0,0,0,0,560225,9843,0,0,0,3810,0,0,0,0,0,9843,0,0,0,0,0,0,0,0,0,2032,0,63579,0,126520,0,0,408,417,975,6452,0,0,331114,0,0
113,0,2,0,0,0,0,0,560225,0,0,0,0,732,67072,0,0,0,0,0,0,0,0,0,0,0,0,0,0,0,0,0,0,63886,64753,0,249,1154,838,1490,0,0,204495,0,64960
113,0,3,0,0,0,0,0,560225,0,0,0,0,774,67072,0,0,0,0,0,0,0,0,0,0,0,0,0,0,0,0,0,0,0,64753,0,95,341,0,1247,0,0,134309,0,64275
113,0,4,0,0,0,0,0,560225,0,0,0,0,798,67072,0,0,0,0,0,0,0,0,0,0,0,0,0,0,0,0,0,0,0,64696,0,87,0,319,1066,254546,0,0,0,65423
113,0,5,0,0,0,0,0,560225,0,0,0,0,710,67072,0,0,0,0,0,0,0,0,0,0,0,0,0,0,0,0,0,0,0,65063,1638,148,0,2,1475,0,0,67828,0,64982
113,0,6,0,0,0,0,0,560225,0,0,0,0,47,0,0,0,0,0,0,0,0,0,0,0,0,0,0,0,0,0,0,0,0,0,0,40,98,0,52,0,0,0,0,0
113,0,7,0,0,0,0,0,560225,0,0,0,0,53,0,0,0,0,0,0,0,0,0,0,0,0,0,0,0,0,0,0,0,0,0,0,107,39,0,137,0,0,0,0,0
113,0,8,0,0,0,0,0,560225,0,0,0,0,50,0,0,0,0,0,0,0,0,0,0,0,0,0,0,0,0,0,0,0,0,0,0,52,0,42,107,0,0,0,0,0
113,0,9,0,0,0,0,0,560225,0,0,0,0,47,0,0,0,0,0,0,0,0,0,0,0,0,0,0,0,0,0,0,0,0,0,375,42,0,0,53,0,0,0,0,0
113,0,10,0,0,0,0,0,560225,0,0,0,0,53,0,0,0,0,0,0,0,0,0,0,0,0,0,0,0,0,0,0,0,0,0,0,88,92,0,121,0,0,0,0,0
113,0,11,0,0,0,0,0,560225,0,0,0,0,53,0,0,0,0,0,0,0,0,0,0,0,0,0,0,0,0,0,0,0,0,0,0,40,39,0,94,0,0,0,0,0
113,0,12,0,0,0,0,0,560225,0,0,0,0,47,0,0,0,0,0,0,0,0,0,0,0,0,0,0,0,0,0,0,0,0,0,0,0,0,45,93,0,0,0,0,0
113,0,13,0,0,0,0,0,560225,0,0,0,0,53,0,0,0,0,0,0,0,0,0,0,0,0,0,0,0,0,0,0,0,0,0,168,0,0,0,109,0,0,0,0,0
113,0,14,0,0,0,0,0,560225,0,0,0,0,53,0,0,0,0,0,0,0,0,0,0,0,0,0,0,0,0,0,0,0,0,0,0,0,90,0,63,0,0,0,0,0
113,0,15,0,0,0,0,0,560225,0,0,0,0,51,0,0,0,0,0,0,0,0,0,0,0,0,0,0,0,0,0,0,0,0,0,0,0,29,0,101,0,0,0,0,0
114,0,0,0,0,0,0,0,1120469,0,0,4098,263168,136,0,0,0,0,0,9843,0,0,0,0,0,0,0,0,4098,4098,0,127519,0,374359,263168,0,1321,0,136,284,0,0,0,0,805838
114,0,1,0,0,0,0,0,560234,9843,0,0,0,3810,0,0,0,0,0,9843,0,0,0,0,0,0,0,0,0,2064,0,63579,0,126521,0,0,437,430,933,6453,0,0,331007,0,0
114,0,2,0,0,0,0,0,560234,0,0,0,0,714,67072,0,0,0,0,0,0,0,0,0,0,0,0,0,0,0,0,0,0,63914,64744,0,249,1149,844,1508,0,0,201340,0,64943
114,0,3,0,0,0,0,0,560234,0,0,0,0,751,67072,0,0,0,0,0,0,0,0,0,0,0,0,0,0,0,0,0,0,0,64757,0,95,364,0,1218,0,0,134177,0,64251
114,0,4,0,0,0,0,0,560234,0,0,0,0,793,67072,0,0,0,0,0,0,0,0,0,0,0,0,0,0,0,0,0,0,0,64694,0,87,0,324,1074,254715,0,0,0,65408
114,0,5,0,0,0,0,0,560234,0,0,0,0,702,67072,0,0,0,0,0,0,0,0,0,0,0,0,0,0,0,0,0,0,0,65070,1642,148,0,1,1438,0,0,67914,0,64986
114,0,6,0,0,0,0,0,560234,0,0,0,0,47,0,0,0,0,0,0,0,0,0,0,0,0,0,0,0,0,0,0,0,0,0,0,40,98,1,52,0,0,0,0,0
114,0,7,0,0,0,0,0,560234,0,0,0,0,53,0,0,0,0,0,0,0,0,0,0,0,0,0,0,0,0,0,0,0,0,0,0,106,39,0,137,0,0,0,0,0
114,0,8,0,0,0,0,0,560234,0,0,0,0,50,0,0,0,0,0,0,0,0,0,0,0,0,0,0,0,0,0,0,0,0,0,0,52,0,42,107,0,0,0,0,0
114,0,9,0,0,0,0,0,560234,0,0,0,0,47,0,0,0,0,0,0,0,0,0,0,0,0,0,0,0,0,0,0,0,0,0,375,42,0,0,53,0,0,0,0,0
114,0,10,0,0,0,0,0,560234,0,0,0,0,53,0,0,0,0,0,0,0,0,0,0,0,0,0,0,0,0,0,0,0,0,0,0,88,92,0,121,0,0,0,0,0
114,0,11,0,0,0,0,0,560234,0,0,0,0,53,0,0,0,0,0,0,0,0,0,0,0,0,0,0,0,0,0,0,0,0,0,0,41,39,0,94,0,0,0,0,0
114,0,12,0,0,0,0,0,560234,0,0,0,0,47,0,0,0,0,0,0,0,0,0,0,0,0,0,0,0,0,0,0,0,0,0,0,0,0,45,93,0,0,0,0,0
114,0,13,0,0,0,0,0,560234,0,0,0,0,53,0,0,0,0,0,0,0,0,0,0,0,0,0,0,0,0,0,0,0,0,0,168,0,0,0,109,0,0,0,0,0
114,0,14,0,0,0,0,0,560234,0,0,0,0,53,0,0,0,0,0,0,0,0,0,0,0,0,0,0,0,0,0,0,0,0,0,0,0,90,0,63,0,0,0,0,0
114,0,15,0,0,0,0,0,560234,0,0,0,0,51,0,0,0,0,0,0,0,0,0,0,0,0,0,0,0,0,0,0,0,0,0,0,0,29,0,100,0,0,0,0,0
115,0,0,0,0,0,0,0,1624960,0,0,6146,394752,136,0,0,0,0,0,12927,0,0,0,0,0,0,0,0,6146,6146,0,127289,0,619547,394752,0,1049,0,136,284,0,0,0,0,1040695
115,0,1,0,0,0,0,0,812480,12927,0,0,0,5035,0,0,0,0,0,12927,0,0,0,0,0,0,0,0,0,3103,0,63760,0,251200,0,0,487,419,1719,8915,0,0,209085,0,0
115,0,2,0,0,0,0,0,812480,0,0,0,0,551,67072,0,0,0,0,0,0,0,0,0,0,0,0,0,0,0,0,63657,0,126175,64855,0,1167,826,1637,1126,0,0,192214,0,64652
115,0,3,0,0,0,0,0,812480,0,0,0,0,537,67072,0,0,0,0,0,0,0,0,0,0,0,0,0,0,0,0,63643,0,0,65008,0,587,306,0,858,0,0,79739,0,65365
115,0,4,0,0,0,0,0,812480,0,0,0,0,543,67072,0,0,0,0,0,0,0,0,0,0,0,0,0,0,0,0,0,0,0,64879,0,87,0,302,814,516150,0,0,0,64743
115,0,5,0,0,0,0,0,812480,0,0,0,0,765,67072,0,0,0,0,0,0,0,0,0,0,0,0,0,0,0,0,0,0,0,64909,2772,148,0,1,1495,0,0,389626,0,64817
115,0,6,0,0,0,0,0,812480,0,0,0,0,966,67072,0,0,0,0,0,0,0,0,0,0,0,0,0,0,0,0,0,0,0,64928,0,40,1513,1,1464,0,0,368614,0,65015
115,0,7,0,0,0,0,0,812480,0,0,0,0,979,67072,0,0,0,0,0,0,0,0,0,0,0,0,0,0,0,0,0,0,0,64768,0,107,522,0,1982,0,0,188568,0,64592
115,0,8,0,0,0,0,0,812480,0,0,0,0,50,0,0,0,0,0,0,0,0,0,0,0,0,0,0,0,0,0,0,0,0,0,0,52,0,42,107,0,0,0,0,0
115,0,9,0,0,0,0,0,812480,0,0,0,0,47,0,0,0,0,0,0,0,0,0,0,0,0,0,0,0,0,0,0,0,0,0,377,42,0,0,53,0,0,0,0,0
115,0,10,0,0,0,0,0,812480,0,0,0,0,53,0,0,0,0,0,0,0,0,0,0,0,0,0,0,0,0,0,0,0,0,0,0,87,92,0,122,0,0,0,0,0
115,0,11,0,0,0,0,0,812480,0,0,0,0,53,0,0,0,0,0,0,0,0,0,0,0,0,0,0,0,0,0,0,0,0,0,0,42,39,0,94,0,0,0,0,0
115,0,12,0,0,0,0,0,812480,0,0,0,0,47,0,0,0,0,0,0,0,0,0,0,0,0,0,0,0,0,0,0,0,0,0,0,0,0,45,93,0,0,0,0,0
115,0,13,0,0,0,0,0,812480,0,0,0,0,53,0,0,0,0,0,0,0,0,0,0,0,0,0,0,0,0,0,0,0,0,0,166,0,0,0,109,0,0,0,0,0
115,0,14,0,0,0,0,0,812479,0,0,0,0,53,0,0,0,0,0,0,0,0,0,0,0,0,0,0,0,0,0,0,0,0,0,0,0,92,0,64,0,0,0,0,0
115,0,15,0,0,0,0,0,812480,0,0,0,0,53,0,0,0,0,0,0,0,0,0,0,0,0,0,0,0,0,0,0,0,0,0,0,0,27,0,103,0,0,0,0,0
116,0,0,0,0,0,0,0,1624885,0,0,6146,394752,136,0,0,0,0,0,12927,0,0,0,0,0,0,0,0,6146,6146,0,127271,0,619502,394752,0,1049,0,136,284,0,0,0,0,1040864
116,0,1,0,0,0,0,0,812442,12927,0,0,0,5031,0,0,0,0,0,12927,0,0,0,0,0,0,0,0,0,3107,0,63758,0,251203,0,0,490,414,1725,8868,0,0,209124,0,0
116,0,2,0,0,0,0,0,812442,0,0,0,0,553,67072,0,0,0,0,0,0,0,0,0,0,0,0,0,0,0,0,63656,0,126149,64852,0,1174,835,1632,1120,0,0,192159,0,64645
116,0,3,0,0,0,0,0,812442,0,0,0,0,548,67072,0,0,0,0,0,0,0,0,0,0,0,0,0,0,0,0,63640,0,0,65002,0,595,295,0,866,0,0,79713,0,65363
116,0,4,0,0,0,0,0,812442,0,0,0,0,545,67072,0,0,0,0,0,0,0,0,0,0,0,0,0,0,0,0,0,0,0,64871,0,87,0,300,813,516169,0,0,0,64746
116,0,5,0,0,0,0,0,812442,0,0,0,0,742,67072,0,0,0,0,0,0,0,0,0,0,0,0,0,0,0,0,0,0,0,64904,2806,151,0,1,1466,0,0,389799,0,64817
116,0,6,0,0,0,0,0,812442,0,0,0,0,970,67072,0,0,0,0,0,0,0,0,0,0,0,0,0,0,0,0,0,0,0,64931,0,33,1501,2,1468,0,0,369394,0,65010
116,0,7,0,0,0,0,0,812442,0,0,0,0,972,67072,0,0,0,0,0,0,0,0,0,0,0,0,0,0,0,0,0,0,0,64754,0,104,529,0,1969,0,0,189386,0,64582
116,0,8,0,0,0,0,0,812442,0,0,0,0,50,0,0,0,0,0,0,0,0,0,0,0,0,0,0,0,0,0,0,0,0,0,0,52,0,42,107,0,0,0,0,0
116,0,9,0,0,0,0,0,812442,0,0,0,0,48,0,0,0,0,0,0,0,0,0,0,0,0,0,0,0,0,0,0,0,0,0,380,40,0,0,53,0,0,0,0,0
116,0,10,0,0,0,0,0,812442,0,0,0,0,52,0,0,0,0,0,0,0,0,0,0,0,0,0,0,0,0,0,0,0,0,0,0,88,88,0,127,0,0,0,0,0
116,0,11,0,0,0,0,0,812442,0,0,0,0,48,0,0,0,0,0,0,0,0,0,0,0,0,0,0,0,0,0,0,0,0,0,0,40,44,0,94,0,0,0,0,0
116,0,12,0,0,0,0,0,812442,0,0,0,0,49,0,0,0,0,0,0,0,0,0,0,0,0,0,0,0,0,0,0,0,0,0,0,0,0,43,95,0,0,0,0,0
116,0,13,0,0,0,0,0,812442,0,0,0,0,55,0,0,0,0,0,0,0,0,0,0,0,0,0,0,0,0,0,0,0,0,0,166,0,0,0,113,0,0,0,0,0
116,0,14,0,0,0,0,0,812442,0,0,0,0,52,0,0,0,0,0,0,0,0,0,0,0,0,0,0,0,0,0,0,0,0,0,0,0,92,0,62,0,0,0,0,0
116,0,15,0,0,0,0,0,812442,0,0,0,0,52,0,0,0,0,0,0,0,0,0,0,0,0,0,0,0,0,0,0,0,0,0,0,0,28,0,104,0,0,0,0,0
117,0,0,0,0,0,0,0,1624890,0,0,6146,394752,136,0,0,0,0,0,12927,0,0,0,0,0,0,0,0,6146,6146,0,127260,0,619586,394752,0,1049,0,136,284,0,0,0,0,1040644
117,0,1,0,0,0,0,0,812445,12927,0,0,0,5027,0,0,0,0,0,12927,0,0,0,0,0,0,0,0,0,3124,0,63771,0,251204,0,0,495,414,1724,8851,0,0,209055,0,0
117,0,2,0,0,0,0,0,812445,0,0,0,0,540,67072,0,0,0,0,0,0,0,0,0,0,0,0,0,0,0,0,63662,0,126173,64848,0,1172,844,1625,1117,0,0,192153,0,64647
117,0,3,0,0,0,0,0,812445,0,0,0,0,544,67072,0,0,0,0,0,0,0,0,0,0,0,0,0,0,0,0,63638,0,0,65003,0,604,299,0,860,0,0,79682,0,65354
117,0,4,0,0,0,0,0,812445,0,0,0,0,560,67072,0,0,0,0,0,0,0,0,0,0,0,0,0,0,0,0,0,0,0,64875,0,82,0,285,830,516038,0,0,0,64735
117,0,5,0,0,0,0,0,812445,0,0,0,0,753,67072,0,0,0,0,0,0,0,0,0,0,0,0,0,0,0,0,0,0,0,64914,2810,149,0,2,1474,0,0,389646,0,64819
117,0,6,0,0,0,0,0,812444,0,0,0,0,983,67072,0,0,0,0,0,0,0,0,0,0,0,0,0,0,0,0,0,0,0,64927,0,35,1515,0,1481,0,0,368761,0,65017
117,0,7,0,0,0,0,0,812445,0,0,0,0,998,67072,0,0,0,0,0,0,0,0,0,0,0,0,0,0,0,0,0,0,0,64760,0,107,503,0,1985,0,0,188804,0,64593
117,0,8,0,0,0,0,0,812445,0,0,0,0,50,0,0,0,0,0,0,0,0,0,0,0,0,0,0,0,0,0,0,0,0,0,0,57,0,42,107,0,0,0,0,0
117,0,9,0,0,0,0,0,812445,0,0,0,0,47,0,0,0,0,0,0,0,0,0,0,0,0,0,0,0,0,0,0,0,0,0,365,41,0,0,53,0,0,0,0,0
117,0,10,0,0,0,0,0,812445,0,0,0,0,54,0,0,0,0,0,0,0,0,0,0,0,0,0,0,0,0,0,0,0,0,0,0,88,92,0,127,0,0,0,0,0
117,0,11,0,0,0,0,0,812445,0,0,0,0,54,0,0,0,0,0,0,0,0,0,0,0,0,0,0,0,0,0,0,0,0,0,0,42,38,0,95,0,0,0,0,0
117,0,12,0,0,0,0,0,812445,0,0,0,0,54,0,0,0,0,0,0,0,0,0,0,0,0,0,0,0,0,0,0,0,0,0,0,0,0,38,95,0,0,0,0,0
117,0,13,0,0,0,0,0,812445,0,0,0,0,51,0,0,0,0,0,0,0,0,0,0,0,0,0,0,0,0,0,0,0,0,0,178,0,0,0,108,0,0,0,0,0
117,0,14,0,0,0,0,0,812445,0,0,0,0,54,0,0,0,0,0,0,0,0,0,0,0,0,0,0,0,0,0,0,0,0,0,0,0,89,0,64,0,0,0,0,0
117,0,15,0,0,0,0,0,812445,0,0,0,0,51,0,0,0,0,0,0,0,0,0,0,0,0,0,0,0,0,0,0,0,0,0,0,0,29,0,101,0,0,0,0,0
118,0,0,0,0,0,0,0,2132259,0,0,8194,526336,136,0,0,0,0,0,16008,0,0,0,0,0,0,0,0,8194,8194,0,252708,0,743496,526336,0,2122,0,136,284,0,0,0,0,1483957
118,0,1,0,0,0,0,0,1066129,16008,0,0,0,6388,0,0,0,0,0,16008,0,0,0,0,0,0,0,0,0,4144,0,126546,0,251083,0,0,916,883,1523,11260,0,0,252291,0,0
118,0,2,0,0,0,0,0,1066129,0,0,0,0,388,67072,0,0,0,0,0,0,0,0,0,0,0,0,0,0,0,0,63639,0,126499,64961,0,1233,598,1681,791,0,0,208478,0,64765
118,0,3,0,0,0,0,0,1066129,0,0,0,0,382,67072,0,0,0,0,0,0,0,0,0,0,0,0,0,0,0,0,63682,0,0,64921,0,549,223,0,567,0,0,111397,0,64736
118,0,4,0,0,0,0,0,1066129,0,0,0,0,516,67072,0,0,0,0,0,0,0,0,0,0,0,0,0,0,0,0,63662,0,0,64775,0,516,0,277,825,741647,0,0,0,64825
118,0,5,0,0,0,0,0,1066129,0,0,0,0,813,67072,0,0,0,0,0,0,0,0,0,0,0,0,0,0,0,0,63931,0,0,64996,4052,861,0,0,1636,0,0,746772,0,65004
118,0,6,0,0,0,0,0,1066129,0,0,0,0,1059,67072,0,0,0,0,0,0,0,0,0,0,0,0,0,0,0,0,0,0,0,64929,0,39,1601,3,1600,0,0,548691,0,64957
118,0,7,0,0,0,0,0,1066129,0,0,0,0,1053,67072,0,0,0,0,0,0,0,0,0,0,0,0,0,0,0,0,0,0,0,64762,0,99,556,0,2208,0,0,226330,0,64696
118,0,8,0,0,0,0,0,1066129,0,0,0,0,801,67072,0,0,0,0,0,0,0,0,0,0,0,0,0,0,0,0,0,0,0,64751,0,52,0,414,1554,535388,0,0,0,64876
118,0,9,0,0,0,0,0,1066129,0,0,0,0,799,67072,0,0,0,0,0,0,0,0,0,0,0,0,0,0,0,0,0,0,0,64802,1505,40,0,1,1219,0,0,158194,0,64453
118,0,10,0,0,0,0,0,1066129,0,0,0,0,51,0,0,0,0,0,0,0,0,0,0,0,0,0,0,0,0,0,0,0,0,0,0,83,89,1,125,0,0,0,0,0
118,0,11,0,0,0,0,0,1066129,0,0,0,0,48,0,0,0,0,0,0,0,0,0,0,0,0,0,0,0,0,0,0,0,0,0,0,46,44,0,94,0,0,0,0,0
118,0,12,0,0,0,0,0,1066129,0,0,0,0,48,0,0,0,0,0,0,0,0,0,0,0,0,0,0,0,0,0,0,0,0,0,0,0,0,44,94,0,0,0,0,0
118,0,13,0,0,0,0,0,1066129,0,0,0,0,54,0,0,0,0,0,0,0,0,0,0,0,0,0,0,0,0,0,0,0,0,0,162,0,0,0,112,0,0,0,0,0
118,0,14,0,0,0,0,0,1066128,0,0,0,0,48,0,0,0,0,0,0,0,0,0,0,0,0,0,0,0,0,0,0,0,0,0,0,0,96,0,63,0,0,0,0,0
118,0,15,0,0,0,0,0,1066129,0,0,0,0,52,0,0,0,0,0,0,0,0,0,0,0,0,0,0,0,0,0,0,0,0,0,0,0,28,0,100,0,0,0,0,0
119,0,0,0,0,0,0,0,2132574,0,0,8194,526336,136,0,0,0,0,0,16011,0,0,0,0,0,0,0,0,8194,8194,0,252694,0,743404,526336,0,2122,0,136,284,0,0,0,0,1484536
119,0,1,0,0,0,0,0,1066287,16011,0,0,0,6403,0,0,0,0,0,16011,0,0,0,0,0,0,0,0,0,4145,0,126520,0,251078,0,0,909,882,1516,11223,0,0,252269,0,0
119,0,2,0,0,0,0,0,1066287,0,0,0,0,385,67072,0,0,0,0,0,0,0,0,0,0,0,0,0,0,0,0,63633,0,126510,64957,0,1233,620,1681,795,0,0,208276,0,64771
119,0,3,0,0,0,0,0,1066287,0,0,0,0,400,67072,0,0,0,0,0,0,0,0,0,0,0,0,0,0,0,0,63693,0,0,64918,0,547,204,0,588,0,0,111346,0,64763
119,0,4,0,0,0,0,0,1066287,0,0,0,0,518,67072,0,0,0,0,0,0,0,0,0,0,0,0,0,0,0,0,63667,0,0,64761,0,529,0,275,809,742566,0,0,0,64834
119,0,5,0,0,0,0,0,1066287,0,0,0,0,816,67072,0,0,0,0,0,0,0,0,0,0,0,0,0,0,0,0,63931,0,0,64989,4082,870,0,0,1637,0,0,747130,0,64987
119,0,6,0,0,0,0,0,1066287,0,0,0,0,1052,67072,0,0,0,0,0,0,0,0,0,0,0,0,0,0,0,0,0,0,0,64935,0,33,1601,3,1599,0,0,548092,0,64977
119,0,7,0,0,0,0,0,1066287,0,0,0,0,1046,67072,0,0,0,0,0,0,0,0,0,0,0,0,0,0,0,0,0,0,0,64760,0,102,563,0,2200,0,0,226228,0,64654
119,0,8,0,0,0,0,0,1066287,0,0,0,0,777,67072,0,0,0,0,0,0,0,0,0,0,0,0,0,0,0,0,0,0,0,64756,0,52,0,438,1517,535235,0,0,0,64859
119,0,9,0,0,0,0,0,1066287,0,0,0,0,801,67072,0,0,0,0,0,0,0,0,0,0,0,0,0,0,0,0,0,0,0,64805,1474,40,0,0,1212,0,0,158532,0,64452
119,0,10,0,0,0,0,0,1066287,0,0,0,0,52,0,0,0,0,0,0,0,0,0,0,0,0,0,0,0,0,0,0,0,0,0,0,89,88,2,126,0,0,0,0,0
119,0,11,0,0,0,0,0,1066287,0,0,0,0,48,0,0,0,0,0,0,0,0,0,0,0,0,0,0,0,0,0,0,0,0,0,0,42,44,0,94,0,0,0,0,0
119,0,12,0,0,0,0,0,1066287,0,0,0,0,49,0,0,0,0,0,0,0,0,0,0,0,0,0,0,0,0,0,0,0,0,0,0,0,0,43,95,0,0,0,0,0
119,0,13,0,0,0,0,0,1066287,0,0,0,0,55,0,0,0,0,0,0,0,0,0,0,0,0,0,0,0,0,0,0,0,0,0,169,0,0,0,113,0,0,0,0,0
119,0,14,0,0,0,0,0,1066287,0,0,0,0,52,0,0,0,0,0,0,0,0,0,0,0,0,0,0,0,0,0,0,0,0,0,0,0,89,0,61,0,0,0,0,0
119,0,15,0,0,0,0,0,1066287,0,0,0,0,49,0,0,0,0,0,0,0,0,0,0,0,0,0,0,0,0,0,0,0,0,0,0,0,31,0,101,0,0,0,0,0
120,0,0,0,0,0,0,0,2132285,0,0,8194,526336,136,0,0,0,0,0,16011,0,0,0,0,0,0,0,0,8194,8194,0,252708,0,743497,526336,0,2122,0,136,284,0,0,0,0,1483974
120,0,1,0,0,0,0,0,1066143,16011,0,0,0,6393,0,0,0,0,0,16011,0,0,0,0,0,0,0,0,0,4145,0,126546,0,251083,0,0,918,883,1516,11249,0,0,252271,0,0
120,0,2,0,0,0,0,0,1066143,0,0,0,0,389,67072,0,0,0,0,0,0,0,0,0,0,0,0,0,0,0,0,63639,0,126499,64961,0,1234,604,1685,794,0,0,208217,0,64765
120,0,3,0,0,0,0,0,1066143,0,0,0,0,389,67072,0,0,0,0,0,0,0,0,0,0,0,0,0,0,0,0,63682,0,0,64921,0,542,216,0,577,0,0,111396,0,64736
120,0,4,0,0,0,0,0,1066143,0,0,0,0,517,67072,0,0,0,0,0,0,0,0,0,0,0,0,0,0,0,0,63662,0,0,64775,0,515,0,276,825,741654,0,0,0,64825
120,0,5,0,0,0,0,0,1066143,0,0,0,0,814,67072,0,0,0,0,0,0,0,0,0,0,0,0,0,0,0,0,63932,0,0,64996,4062,859,0,0,1637,0,0,746779,0,65004
120,0,6,0,0,0,0,0,1066143,0,0,0,0,1060,67072,0,0,0,0,0,0,0,0,0,0,0,0,0,0,0,0,0,0,0,64929,0,40,1598,3,1599,0,0,548694,0,64956
120,0,7,0,0,0,0,0,1066143,0,0,0,0,1051,67072,0,0,0,0,0,0,0,0,0,0,0,0,0,0,0,0,0,0,0,64762,0,105,558,0,2207,0,0,226331,0,64696
120,0,8,0,0,0,0,0,1066143,0,0,0,0,797,67072,0,0,0,0,0,0,0,0,0,0,0,0,0,0,0,0,0,0,0,64751,0,52,0,418,1551,535396,0,0,0,64876
120,0,9,0,0,0,0,0,1066143,0,0,0,0,795,67072,0,0,0,0,0,0,0,0,0,0,0,0,0,0,0,0,0,0,0,64802,1498,42,0,1,1215,0,0,158194,0,64453
120,0,10,0,0,0,0,0,1066143,0,0,0,0,53,0,0,0,0,0,0,0,0,0,0,0,0,0,0,0,0,0,0,0,0,0,0,85,92,1,124,0,0,0,0,0
120,0,11,0,0,0,0,0,1066143,0,0,0,0,53,0,0,0,0,0,0,0,0,0,0,0,0,0,0,0,0,0,0,0,0,0,0,45,39,0,94,0,0,0,0,0
120,0,12,0,0,0,0,0,1066143,0,0,0,0,47,0,0,0,0,0,0,0,0,0,0,0,0,0,0,0,0,0,0,0,0,0,0,0,0,45,93,0,0,0,0,0
120,0,13,0,0,0,0,0,1066143,0,0,0,0,53,0,0,0,0,0,0,0,0,0,0,0,0,0,0,0,0,0,0,0,0,0,166,0,0,0,109,0,0,0,0,0
120,0,14,0,0,0,0,0,1066143,0,0,0,0,53,0,0,0,0,0,0,0,0,0,0,0,0,0,0,0,0,0,0,0,0,0,0,0,92,0,66,0,0,0,0,0
120,0,15,0,0,0,0,0,1066143,0,0,0,0,53,0,0,0,0,0,0,0,0,0,0,0,0,0,0,0,0,0,0,0,0,0,0,0,27,0,102,0,0,0,0,0
121,0,0,0,0,0,0,0,2624975,0,0,10244,657920,136,0,0,0,0,0,19098,0,0,0,0,0,0,0,0,10244,10244,0,252664,0,985867,657920,0,1768,0,136,284,0,0,0,0,1900148
121,0,1,0,0,0,0,0,1312487,19098,0,0,0,7938,0,0,0,0,0,19098,0,0,0,0,0,0,0,0,0,5179,0,126696,0,374382,0,0,759,678,2387,13840,0,0,240054,0,0
121,0,2,0,0,0,0,0,1312487,0,0,0,0,339,67072,0,0,0,0,0,0,0,0,0,0,0,0,0,0,0,0,126766,0,188779,64881,0,2196,525,2406,691,0,0,178813,0,64793
121,0,3,0,0,0,0,0,1312487,0,0,0,0,338,67072,0,0,0,0,0,0,0,0,0,0,0,0,0,0,0,0,126706,0,0,64920,0,1087,190,0,512,0,0,80099,0,65108
121,0,4,0,0,0,0,0,1312487,0,0,0,0,410,67072,0,0,0,0,0,0,0,0,0,0,0,0,0,0,0,0,63576,0,0,64787,0,406,0,241,620,952449,0,0,0,65056
121,0,5,0,0,0,0,0,1312487,0,0,0,0,640,67072,0,0,0,0,0,0,0,0,0,0,0,0,0,0,0,0,63627,0,0,64904,5141,1029,0,2,1358,0,0,883690,0,64429
121,0,6,0,0,0,0,0,1312486,0,0,0,0,860,67072,0,0,0,0,0,0,0,0,0,0,0,0,0,0,0,0,63673,0,0,64910,0,523,1326,0,1281,0,0,600275,0,64503
121,0,7,0,0,0,0,0,1312487,0,0,0,0,882,67072,0,0,0,0,0,0,0,0,0,0,0,0,0,0,0,0,63848,0,0,64806,0,1143,423,0,1785,0,0,261835,0,64233
121,0,8,0,0,0,0,0,1312487,0,0,0,0,666,67072,0,0,0,0,0,0,0,0,0,0,0,0,0,0,0,0,0,0,0,64760,0,52,0,337,1317,1015984,0,0,0,64556
121,0,9,0,0,0,0,0,1312487,0,0,0,0,901,67072,0,0,0,0,0,0,0,0,0,0,0,0,0,0,0,0,0,0,0,64944,3098,41,0,1,1318,0,0,805491,0,64574
121,0,10,0,0,0,0,0,1312487,0,0,0,0,1144,67072,0,0,0,0,0,0,0,0,0,0,0,0,0,0,0,0,0,0,0,64937,0,86,1677,1,2362,0,0,660759,0,64940
121,0,11,0,0,0,0,0,1312487,0,0,0,0,1100,67072,0,0,0,0,0,0,0,0,0,0,0,0,0,0,0,0,0,0,0,64874,0,41,620,0,1740,0,0,306490,0,64395
121,0,12,0,0,0,0,0,1312487,0,0,0,0,46,0,0,0,0,0,0,0,0,0,0,0,0,0,0,0,0,0,0,0,0,0,0,0,0,46,92,0,0,0,0,0
121,0,13,0,0,0,0,0,1312487,0,0,0,0,53,0,0,0,0,0,0,0,0,0,0,0,0,0,0,0,0,0,0,0,0,0,166,0,0,0,110,0,0,0,0,0
121,0,14,0,0,0,0,0,1312486,0,0,0,0,52,0,0,0,0,0,0,0,0,0,0,0,0,0,0,0,0,0,0,0,0,0,0,0,91,0,64,0,0,0,0,0
121,0,15,0,0,0,0,0,1312487,0,0,0,0,51,0,0,0,0,0,0,0,0,0,0,0,0,0,0,0,0,0,0,0,0,0,0,0,29,0,106,0,0,0,0,0
122,0,0,0,0,0,0,0,2625655,0,0,10244,657920,136,0,0,0,0,0,19095,0,0,0,0,0,0,0,0,10244,10244,0,252579,0,985766,657920,0,1768,0,136,284,0,0,0,0,1900834
122,0,1,0,0,0,0,0,1312828,19095,0,0,0,7966,0,0,0,0,0,19095,0,0,0,0,0,0,0,0,0,5202,0,126687,0,374353,0,0,754,674,2368,13875,0,0,240265,0,0
122,0,2,0,0,0,0,0,1312828,0,0,0,0,345,67072,0,0,0,0,0,0,0,0,0,0,0,0,0,0,0,0,126739,0,188811,64880,0,2201,515,2415,701,0,0,180106,0,64786
122,0,3,0,0,0,0,0,1312828,0,0,0,0,334,67072,0,0,0,0,0,0,0,0,0,0,0,0,0,0,0,0,126707,0,0,64913,0,1080,195,0,505,0,0,80270,0,65117
122,0,4,0,0,0,0,0,1312828,0,0,0,0,423,67072,0,0,0,0,0,0,0,0,0,0,0,0,0,0,0,0,63550,0,0,64777,0,412,0,228,627,951968,0,0,0,65065
122,0,5,0,0,0,0,0,1312828,0,0,0,0,651,67072,0,0,0,0,0,0,0,0,0,0,0,0,0,0,0,0,63632,0,0,64895,5144,1052,0,1,1351,0,0,882596,0,64412
122,0,6,0,0,0,0,0,1312828,0,0,0,0,881,67072,0,0,0,0,0,0,0,0,0,0,0,0,0,0,0,0,63663,0,0,64915,0,523,1293,1,1297,0,0,601012,0,64484
122,0,7,0,0,0,0,0,1312828,0,0,0,0,869,67072,0,0,0,0,0,0,0,0,0,0,0,0,0,0,0,0,63851,0,0,64805,0,1147,435,0,1775,0,0,261531,0,64229
122,0,8,0,0,0,0,0,1312828,0,0,0,0,673,67072,0,0,0,0,0,0,0,0,0,0,0,0,0,0,0,0,0,0,0,64757,0,52,0,330,1318,1017009,0,0,0,64540
122,0,9,0,0,0,0,0,1312828,0,0,0,0,898,67072,0,0,0,0,0,0,0,0,0,0,0,0,0,0,0,0,0,0,0,64954,3131,40,0,1,1293,0,0,804862,0,64602
122,0,10,0,0,0,0,0,1312828,0,0,0,0,1167,67072,0,0,0,0,0,0,0,0,0,0,0,0,0,0,0,0,0,0,0,64930,0,79,1661,1,2392,0,0,660609,0,64910
122,0,11,0,0,0,0,0,1312828,0,0,0,0,1107,67072,0,0,0,0,0,0,0,0,0,0,0,0,0,0,0,0,0,0,0,64872,0,45,613,0,1739,0,0,306108,0,64420
122,0,12,0,0,0,0,0,1312828,0,0,0,0,46,0,0,0,0,0,0,0,0,0,0,0,0,0,0,0,0,0,0,0,0,0,0,0,0,46,92,0,0,0,0,0
122,0,13,0,0,0,0,0,1312828,0,0,0,0,52,0,0,0,0,0,0,0,0,0,0,0,0,0,0,0,0,0,0,0,0,0,159,0,0,0,110,0,0,0,0,0
122,0,14,0,0,0,0,0,1312828,0,0,0,0,46,0,0,0,0,0,0,0,0,0,0,0,0,0,0,0,0,0,0,0,0,0,0,0,99,0,65,0,0,0,0,0
122,0,15,0,0,0,0,0,1312828,0,0,0,0,53,0,0,0,0,0,0,0,0,0,0,0,0,0,0,0,0,0,0,0,0,0,0,0,27,0,104,0,0,0,0,0
123,0,0,0,0,0,0,0,2625195,0,0,10244,657920,136,0,0,0,0,0,19095,0,0,0,0,0,0,0,0,10244,10244,0,252627,0,985724,657920,0,1768,0,136,284,0,0,0,0,1900114
123,0,1,0,0,0,0,0,1312598,19095,0,0,0,8045,0,0,0,0,0,19095,0,0,0,0,0,0,0,0,0,5202,0,126652,0,374392,0,0,730,698,2289,13965,0,0,240128,0,0
123,0,2,0,0,0,0,0,1312598,0,0,0,0,334,67072,0,0,0,0,0,0,0,0,0,0,0,0,0,0,0,0,126720,0,188806,64883,0,2217,519,2499,669,0,0,179022,0,64786
123,0,3,0,0,0,0,0,1312598,0,0,0,0,326,67072,0,0,0,0,0,0,0,0,0,0,0,0,0,0,0,0,126718,0,0,64921,0,1009,202,0,485,0,0,80225,0,65115
123,0,4,0,0,0,0,0,1312598,0,0,0,0,412,67072,0,0,0,0,0,0,0,0,0,0,0,0,0,0,0,0,63554,0,0,64793,0,406,0,239,642,951813,0,0,0,65087
123,0,5,0,0,0,0,0,1312598,0,0,0,0,660,67072,0,0,0,0,0,0,0,0,0,0,0,0,0,0,0,0,63620,0,0,64892,5129,1033,0,1,1403,0,0,882039,0,64435
123,0,6,0,0,0,0,0,1312598,0,0,0,0,839,67072,0,0,0,0,0,0,0,0,0,0,0,0,0,0,0,0,63648,0,0,64912,0,487,1322,1,1275,0,0,600414,0,64477
123,0,7,0,0,0,0,0,1312598,0,0,0,0,856,67072,0,0,0,0,0,0,0,0,0,0,0,0,0,0,0,0,63865,0,0,64796,0,1201,448,0,1779,0,0,261733,0,64239
123,0,8,0,0,0,0,0,1312598,0,0,0,0,657,67072,0,0,0,0,0,0,0,0,0,0,0,0,0,0,0,0,0,0,0,64754,0,52,0,346,1308,1016853,0,0,0,64571
123,0,9,0,0,0,0,0,1312598,0,0,0,0,885,67072,0,0,0,0,0,0,0,0,0,0,0,0,0,0,0,0,0,0,0,64943,3097,42,0,0,1297,0,0,805330,0,64579
123,0,10,0,0,0,0,0,1312598,0,0,0,0,1164,67072,0,0,0,0,0,0,0,0,0,0,0,0,0,0,0,0,0,0,0,64926,0,97,1676,2,2407,0,0,660158,0,64934
123,0,11,0,0,0,0,0,1312598,0,0,0,0,1119,67072,0,0,0,0,0,0,0,0,0,0,0,0,0,0,0,0,0,0,0,64879,0,5,601,0,1736,0,0,305957,0,64407
123,0,12,0,0,0,0,0,1312598,0,0,0,0,46,0,0,0,0,0,0,0,0,0,0,0,0,0,0,0,0,0,0,0,0,0,0,0,0,46,92,0,0,0,0,0
123,0,13,0,0,0,0,0,1312598,0,0,0,0,53,0,0,0,0,0,0,0,0,0,0,0,0,0,0,0,0,0,0,0,0,0,176,0,0,0,109,0,0,0,0,0
123,0,14,0,0,0,0,0,1312598,0,0,0,0,51,0,0,0,0,0,0,0,0,0,0,0,0,0,0,0,0,0,0,0,0,0,0,0,81,0,52,0,0,0,0,0
123,0,15,0,0,0,0,0,1312598,0,0,0,0,40,0,0,0,0,0,0,0,0,0,0,0,0,0,0,0,0,0,0,0,0,0,0,0,40,0,131,0,0,0,0,0
124,0,0,0,0,0,0,0,3374921,0,0,13318,855296,136,0,0,0,0,0,23724,0,0,0,0,0,0,0,0,13318,13318,0,376146,0,1226396,855296,0,2835,0,136,284,0,0,0,0,2471883
124,0,1,0,0,0,0,0,1687461,23724,0,0,0,10076,0,0,0,0,0,23724,0,0,0,0,0,0,0,0,0,6984,0,188477,0,434555,0,0,1195,1040,2528,17198,0,0,218730,0,0
124,0,2,0,0,0,0,0,1687461,0,0,0,0,270,67072,0,0,0,0,0,0,0,0,0,0,0,0,0,0,0,0,188319,0,188333,64846,0,2984,426,2186,571,0,0,158621,0,64789
124,0,3,0,0,0,0,0,1687461,0,0,0,0,268,67072,0,0,0,0,0,0,0,0,0,0,0,0,0,0,0,0,126442,0,0,64854,0,887,161,0,383,0,0,60207,0,65352
124,0,4,0,0,0,0,0,1687461,0,0,0,0,331,67072,0,0,0,0,0,0,0,0,0,0,0,0,0,0,0,0,126489,0,0,64791,0,814,0,186,490,1201653,0,0,0,65096
124,0,5,0,0,0,0,0,1687461,0,0,0,0,504,67072,0,0,0,0,0,0,0,0,0,0,0,0,0,0,0,0,126839,0,0,64901,7088,2142,0,2,1024,0,0,833756,0,64128
124,0,6,0,0,0,0,0,1687460,0,0,0,0,608,67072,0,0,0,0,0,0,0,0,0,0,0,0,0,0,0,0,126742,0,0,64893,0,1092,960,1,907,0,0,603508,0,64582
124,0,7,0,0,0,0,0,1687461,0,0,0,0,624,67072,0,0,0,0,0,0,0,0,0,0,0,0,0,0,0,0,63768,0,0,64762,0,1213,320,0,1279,0,0,264433,0,64498
124,0,8,0,0,0,0,0,1687461,0,0,0,0,613,67072,0,0,0,0,0,0,0,0,0,0,0,0,0,0,0,0,63622,0,0,64757,0,885,0,320,1224,1333187,0,0,0,64500
124,0,9,0,0,0,0,0,1687461,0,0,0,0,900,67072,0,0,0,0,0,0,0,0,0,0,0,0,0,0,0,0,63605,0,0,64936,4974,533,0,2,1305,0,0,1341219,0,64052
124,0,10,0,0,0,0,0,1687461,0,0,0,0,1114,67072,0,0,0,0,0,0,0,0,0,0,0,0,0,0,0,0,63753,0,0,64931,0,1215,1711,1,2229,0,0,958906,0,64645
124,0,11,0,0,0,0,0,1687461,0,0,0,0,1124,67072,0,0,0,0,0,0,0,0,0,0,0,0,0,0,0,0,0,0,0,64866,0,44,579,0,1672,0,0,407541,0,64017
124,0,12,0,0,0,0,0,1687461,0,0,0,0,896,67072,0,0,0,0,0,0,0,0,0,0,0,0,0,0,0,0,0,0,0,64956,0,0,0,465,1380,1183611,0,0,0,64950
124,0,13,0,0,0,0,0,1687461,0,0,0,0,1105,67072,0,0,0,0,0,0,0,0,0,0,0,0,0,0,0,0,0,0,0,64965,2635,0,0,1,2281,0,0,837789,0,65005
124,0,14,0,0,0,0,0,1687461,0,0,0,0,1108,67072,0,0,0,0,0,0,0,0,0,0,0,0,0,0,0,0,0,0,0,65157,0,0,638,1,1604,0,0,422173,0,64391
124,0,15,0,0,0,0,0,1687461,0,0,0,0,43,0,0,0,0,0,0,0,0,0,0,0,0,0,0,0,0,0,0,0,0,0,0,0,37,0,97,0,0,0,0,0
125,0,0,0,0,0,0,0,3375011,0,0,13318,855296,136,0,0,0,0,0,23724,0,0,0,0,0,0,0,0,13318,13318,0,376121,0,1226210,855296,0,2835,0,136,284,0,0,0,0,2471940
125,0,1,0,0,0,0,0,1687506,23724,0,0,0,10047,0,0,0,0,0,23724,0,0,0,0,0,0,0,0,0,6995,0,188429,0,434556,0,0,1246,1037,2509,17145,0,0,219009,0,0
125,0,2,0,0,0,0,0,1687506,0,0,0,0,257,67072,0,0,0,0,0,0,0,0,0,0,0,0,0,0,0,0,188302,0,188337,64850,0,3015,434,2180,552,0,0,157534,0,64815
125,0,3,0,0,0,0,0,1687506,0,0,0,0,262,67072,0,0,0,0,0,0,0,0,0,0,0,0,0,0,0,0,126454,0,0,64861,0,871,166,0,400,0,0,60238,0,65345
125,0,4,0,0,0,0,0,1687506,0,0,0,0,333,67072,0,0,0,0,0,0,0,0,0,0,0,0,0,0,0,0,126478,0,0,64775,0,818,0,184,491,1202513,0,0,0,65110
125,0,5,0,0,0,0,0,1687506,0,0,0,0,504,67072,0,0,0,0,0,0,0,0,0,0,0,0,0,0,0,0,126808,0,0,64907,7104,2097,0,1,1018,0,0,833875,0,64120
125,0,6,0,0,0,0,0,1687506,0,0,0,0,607,67072,0,0,0,0,0,0,0,0,0,0,0,0,0,0,0,0,126762,0,0,64885,0,1080,965,1,887,0,0,602718,0,64584
125,0,7,0,0,0,0,0,1687506,0,0,0,0,628,67072,0,0,0,0,0,0,0,0,0,0,0,0,0,0,0,0,63784,0,0,64769,0,1245,317,0,1266,0,0,264732,0,64493
125,0,8,0,0,0,0,0,1687506,0,0,0,0,613,67072,0,0,0,0,0,0,0,0,0,0,0,0,0,0,0,0,63617,0,0,64762,0,881,0,320,1224,1332753,0,0,0,64537
125,0,9,0,0,0,0,0,1687506,0,0,0,0,902,67072,0,0,0,0,0,0,0,0,0,0,0,0,0,0,0,0,63604,0,0,64932,4956,556,0,1,1329,0,0,1341589,0,64047
125,0,10,0,0,0,0,0,1687506,0,0,0,0,1127,67072,0,0,0,0,0,0,0,0,0,0,0,0,0,0,0,0,63763,0,0,64914,0,1217,1702,1,2252,0,0,958889,0,64625
125,0,11,0,0,0,0,0,1687506,0,0,0,0,1126,67072,0,0,0,0,0,0,0,0,0,0,0,0,0,0,0,0,0,0,0,64869,0,43,576,0,1644,0,0,407879,0,64019
125,0,12,0,0,0,0,0,1687506,0,0,0,0,892,67072,0,0,0,0,0,0,0,0,0,0,0,0,0,0,0,0,0,0,0,64949,0,0,0,469,1380,1184136,0,0,0,64980
125,0,13,0,0,0,0,0,1687506,0,0,0,0,1088,67072,0,0,0,0,0,0,0,0,0,0,0,0,0,0,0,0,0,0,0,64965,2661,0,0,1,2241,0,0,837910,0,65007
125,0,14,0,0,0,0,0,1687506,0,0,0,0,1129,67072,0,0,0,0,0,0,0,0,0,0,0,0,0,0,0,0,0,0,0,65157,0,0,625,2,1623,0,0,422064,0,64377
125,0,15,0,0,0,0,0,1687506,0,0,0,0,52,0,0,0,0,0,0,0,0,0,0,0,0,0,0,0,0,0,0,0,0,0,0,0,28,0,106,0,0,0,0,0
126,0,0,0,0,0,0,0,3374840,0,0,13318,855296,136,0,0,0,0,0,23727,0,0,0,0,0,0,0,0,13318,13318,0,376132,0,1226284,855296,0,2835,0,136,284,0,0,0,0,2472053
126,0,1,0,0,0,0,0,1687420,23727,0,0,0,10027,0,0,0,0,0,23727,0,0,0,0,0,0,0,0,0,6988,0,188482,0,434524,0,0,1217,1046,2549,17132,0,0,218702,0,0
126,0,2,0,0,0,0,0,1687420,0,0,0,0,281,67072,0,0,0,0,0,0,0,0,0,0,0,0,0,0,0,0,188360,0,188316,64830,0,2967,425,2214,550,0,0,158426,0,64804
126,0,3,0,0,0,0,0,1687420,0,0,0,0,277,67072,0,0,0,0,0,0,0,0,0,0,0,0,0,0,0,0,126437,0,0,64872,0,842,151,0,410,0,0,60157,0,65338
126,0,4,0,0,0,0,0,1687420,0,0,0,0,326,67072,0,0,0,0,0,0,0,0,0,0,0,0,0,0,0,0,126477,0,0,64793,0,789,0,191,521,1202058,0,0,0,65092
126,0,5,0,0,0,0,0,1687420,0,0,0,0,493,67072,0,0,0,0,0,0,0,0,0,0,0,0,0,0,0,0,126837,0,0,64902,7106,2100,0,2,1033,0,0,833714,0,64101
126,0,6,0,0,0,0,0,1687420,0,0,0,0,608,67072,0,0,0,0,0,0,0,0,0,0,0,0,0,0,0,0,126741,0,0,64886,0,1117,950,1,899,0,0,602195,0,64589
126,0,7,0,0,0,0,0,1687420,0,0,0,0,615,67072,0,0,0,0,0,0,0,0,0,0,0,0,0,0,0,0,63760,0,0,64762,0,1268,330,0,1259,0,0,264408,0,64478
126,0,8,0,0,0,0,0,1687420,0,0,0,0,617,67072,0,0,0,0,0,0,0,0,0,0,0,0,0,0,0,0,63606,0,0,64768,0,893,0,316,1245,1333136,0,0,0,64520
126,0,9,0,0,0,0,0,1687420,0,0,0,0,903,67072,0,0,0,0,0,0,0,0,0,0,0,0,0,0,0,0,63616,0,0,64937,4972,548,0,1,1335,0,0,1339843,0,64066
126,0,10,0,0,0,0,0,1687420,0,0,0,0,1129,67072,0,0,0,0,0,0,0,0,0,0,0,0,0,0,0,0,63776,0,0,64931,0,1219,1724,2,2215,0,0,958820,0,64647
126,0,11,0,0,0,0,0,1687420,0,0,0,0,1151,67072,0,0,0,0,0,0,0,0,0,0,0,0,0,0,0,0,0,0,0,64867,0,6,551,0,1682,0,0,408336,0,64013
126,0,12,0,0,0,0,0,1687420,0,0,0,0,892,67072,0,0,0,0,0,0,0,0,0,0,0,0,0,0,0,0,0,0,0,64947,0,0,0,469,1368,1183795,0,0,0,64977
126,0,13,0,0,0,0,0,1687420,0,0,0,0,1106,67072,0,0,0,0,0,0,0,0,0,0,0,0,0,0,0,0,0,0,0,64960,2626,0,0,1,2267,0,0,837874,0,65001
126,0,14,0,0,0,0,0,1687420,0,0,0,0,1101,67072,0,0,0,0,0,0,0,0,0,0,0,0,0,0,0,0,0,0,0,65153,0,0,642,1,1593,0,0,422711,0,64367
126,0,15,0,0,0,0,0,1687420,0,0,0,0,40,0,0,0,0,0,0,0,0,0,0,0,0,0,0,0,0,0,0,0,0,0,0,0,40,0,132,0,0,0,0,0
127,0,0,0,0,0,0,0,380672,0,0,514,65664,136,0,0,0,0,0,4446,0,0,0,0,0,0,0,0,514,514,0,0,0,128268,65664,0,294,0,136,284,0,0,0,0,66304
127,0,1,0,0,0,0,0,190336,4446,0,0,0,1417,0,0,0,0,0,4446,0,0,0,0,0,0,0,0,0,131,0,0,0,64724,0,0,84,170,352,2459,0,0,66304,0,0
127,0,2,0,0,0,0,0,190336,0,0,0,0,375,66304,0,0,0,0,0,0,0,0,0,0,0,0,0,0,0,0,0,0,0,65157,0,249,277,282,779,0,0,0,0,66304
127,0,3,0,0,0,0,0,190336,0,0,0,0,47,0,0,0,0,0,0,0,0,0,0,0,0,0,0,0,0,0,0,0,0,0,0,92,45,0,54,0,0,0,0,0
127,0,4,0,0,0,0,0,190336,0,0,0,0,47,0,0,0,0,0,0,0,0,0,0,0,0,0,0,0,0,0,0,0,0,0,0,87,0,45,61,0,0,0,0,0
127,0,5,0,0,0,0,0,190336,0,0,0,0,47,0,0,0,0,0,0,0,0,0,0,0,0,0,0,0,0,0,0,0,0,0,537,148,0,0,109,0,0,0,0,0
127,0,6,0,0,0,0,0,190335,0,0,0,0,47,0,0,0,0,0,0,0,0,0,0,0,0,0,0,0,0,0,0,0,0,0,0,40,98,0,52,0,0,0,0,0
127,0,7,0,0,0,0,0,190336,0,0,0,0,53,0,0,0,0,0,0,0,0,0,0,0,0,0,0,0,0,0,0,0,0,0,0,104,39,0,140,0,0,0,0,0
127,0,8,0,0,0,0,0,190336,0,0,0,0,50,0,0,0,0,0,0,0,0,0,0,0,0,0,0,0,0,0,0,0,0,0,0,52,0,42,107,0,0,0,0,0
127,0,9,0,0,0,0,0,190336,0,0,0,0,47,0,0,0,0,0,0,0,0,0,0,0,0,0,0,0,0,0,0,0,0,0,365,42,0,0,53,0,0,0,0,0
127,0,10,0,0,0,0,0,190336,0,0,0,0,53,0,0,0,0,0,0,0,0,0,0,0,0,0,0,0,0,0,0,0,0,0,0,91,92,0,118,0,0,0,0,0
127,0,11,0,0,0,0,0,190336,0,0,0,0,53,0,0,0,0,0,0,0,0,0,0,0,0,0,0,0,0,0,0,0,0,0,0,40,39,0,94,0,0,0,0,0
127,0,12,0,0,0,0,0,190336,0,0,0,0,47,0,0,0,0,0,0,0,0,0,0,0,0,0,0,0,0,0,0,0,0,0,0,0,0,45,93,0,0,0,0,0
127,0,13,0,0,0,0,0,190336,0,0,0,0,53,0,0,0,0,0,0,0,0,0,0,0,0,0,0,0,0,0,0,0,0,0,178,0,0,0,109,0,0,0,0,0
127,0,14,0,0,0,0,0,190335,0,0,0,0,53,0,0,0,0,0,0,0,0,0,0,0,0,0,0,0,0,0,0,0,0,0,0,0,80,0,60,0,0,0,0,0
127,0,15,0,0,0,0,0,190336,0,0,0,0,41,0,0,0,0,0,0,0,0,0,0,0,0,0,0,0,0,0,0,0,0,0,0,0,39,0,88,0,0,0,0,0
128,0,0,0,0,0,0,0,380670,0,0,514,65664,136,0,0,0,0,0,4449,0,0,0,0,0,0,0,0,514,514,0,0,0,128286,65664,0,294,0,136,284,0,0,0,0,66304
128,0,1,0,0,0,0,0,190335,4449,0,0,0,1406,0,0,0,0,0,4449,0,0,0,0,0,0,0,0,0,134,0,0,0,64734,0,0,76,173,368,2456,0,0,66304,0,0
128,0,2,0,0,0,0,0,190335,0,0,0,0,372,66304,0,0,0,0,0,0,0,0,0,0,0,0,0,0,0,0,0,0,0,65154,0,255,280,267,769,0,0,0,0,66304
128,0,3,0,0,0,0,0,190335,0,0,0,0,47,0,0,0,0,0,0,0,0,0,0,0,0,0,0,0,0,0,0,0,0,0,0,100,45,0,61,0,0,0,0,0
128,0,4,0,0,0,0,0,190335,0,0,0,0,47,0,0,0,0,0,0,0,0,0,0,0,0,0,0,0,0,0,0,0,0,0,0,87,0,45,70,0,0,0,0,0
128,0,5,0,0,0,0,0,190335,0,0,0,0,47,0,0,0,0,0,0,0,0,0,0,0,0,0,0,0,0,0,0,0,0,0,526,148,0,0,117,0,0,0,0,0
128,0,6,0,0,0,0,0,190335,0,0,0,0,47,0,0,0,0,0,0,0,0,0,0,0,0,0,0,0,0,0,0,0,0,0,0,34,98,0,52,0,0,0,0,0
128,0,7,0,0,0,0,0,190335,0,0,0,0,53,0,0,0,0,0,0,0,0,0,0,0,0,0,0,0,0,0,0,0,0,0,0,104,39,0,132,0,0,0,0,0
128,0,8,0,0,0,0,0,190335,0,0,0,0,50,0,0,0,0,0,0,0,0,0,0,0,0,0,0,0,0,0,0,0,0,0,0,52,0,42,107,0,0,0,0,0
128,0,9,0,0,0,0,0,190335,0,0,0,0,47,0,0,0,0,0,0,0,0,0,0,0,0,0,0,0,0,0,0,0,0,0,376,42,0,0,53,0,0,0,0,0
128,0,10,0,0,0,0,0,190335,0,0,0,0,53,0,0,0,0,0,0,0,0,0,0,0,0,0,0,0,0,0,0,0,0,0,0,89,92,0,126,0,0,0,0,0
128,0,11,0,0,0,0,0,190335,0,0,0,0,53,0,0,0,0,0,0,0,0,0,0,0,0,0,0,0,0,0,0,0,0,0,0,40,39,0,94,0,0,0,0,0
128,0,12,0,0,0,0,0,190335,0,0,0,0,47,0,0,0,0,0,0,0,0,0,0,0,0,0,0,0,0,0,0,0,0,0,0,0,0,45,93,0,0,0,0,0
128,0,13,0,0,0,0,0,190335,0,0,0,0,53,0,0,0,0,0,0,0,0,0,0,0,0,0,0,0,0,0,0,0,0,0,167,0,0,0,109,0,0,0,0,0
128,0,14,0,0,0,0,0,190335,0,0,0,0,53,0,0,0,0,0,0,0,0,0,0,0,0,0,0,0,0,0,0,0,0,0,0,0,91,0,62,0,0,0,0,0
128,0,15,0,0,0,0,0,190335,0,0,0,0,52,0,0,0,0,0,0,0,0,0,0,0,0,0,0,0,0,0,0,0,0,0,0,0,28,0,99,0,0,0,0,0
129,0,0,0,0,0,0,0,380668,0,0,514,65664,136,0,0,0,0,0,4449,0,0,0,0,0,0,0,0,514,514,0,0,0,128280,65664,0,294,0,136,284,0,0,0,0,66304
129,0,1,0,0,0,0,0,190334,4449,0,0,0,1414,0,0,0,0,0,4449,0,0,0,0,0,0,0,0,0,129,0,0,0,64721,0,0,84,170,355,2453,0,0,66304,0,0
129,0,2,0,0,0,0,0,190334,0,0,0,0,372,66304,0,0,0,0,0,0,0,0,0,0,0,0,0,0,0,0,0,0,0,65152,0,249,280,282,773,0,0,0,0,66304
129,0,3,0,0,0,0,0,190334,0,0,0,0,47,0,0,0,0,0,0,0,0,0,0,0,0,0,0,0,0,0,0,0,0,0,0,92,45,0,54,0,0,0,0,0
129,0,4,0,0,0,0,0,190334,0,0,0,0,47,0,0,0,0,0,0,0,0,0,0,0,0,0,0,0,0,0,0,0,0,0,0,87,0,45,61,0,0,0,0,0
129,0,5,0,0,0,0,0,190334,0,0,0,0,47,0,0,0,0,0,0,0,0,0,0,0,0,0,0,0,0,0,0,0,0,0,537,148,0,0,109,0,0,0,0,0
129,0,6,0,0,0,0,0,190334,0,0,0,0,47,0,0,0,0,0,0,0,0,0,0,0,0,0,0,0,0,0,0,0,0,0,0,40,98,0,52,0,0,0,0,0
129,0,7,0,0,0,0,0,190334,0,0,0,0,53,0,0,0,0,0,0,0,0,0,0,0,0,0,0,0,0,0,0,0,0,0,0,104,39,0,140,0,0,0,0,0
129,0,8,0,0,0,0,0,190334,0,0,0,0,50,0,0,0,0,0,0,0,0,0,0,0,0,0,0,0,0,0,0,0,0,0,0,52,0,42,107,0,0,0,0,0
129,0,9,0,0,0,0,0,190334,0,0,0,0,47,0,0,0,0,0,0,0,0,0,0,0,0,0,0,0,0,0,0,0,0,0,365,42,0,0,53,0,0,0,0,0
129,0,10,0,0,0,0,0,190334,0,0,0,0,53,0,0,0,0,0,0,0,0,0,0,0,0,0,0,0,0,0,0,0,0,0,0,91,92,0,118,0,0,0,0,0
129,0,11,0,0,0,0,0,190334,0,0,0,0,53,0,0,0,0,0,0,0,0,0,0,0,0,0,0,0,0,0,0,0,0,0,0,40,39,0,94,0,0,0,0,0
129,0,12,0,0,0,0,0,190334,0,0,0,0,47,0,0,0,0,0,0,0,0,0,0,0,0,0,0,0,0,0,0,0,0,0,0,0,0,45,93,0,0,0,0,0
129,0,13,0,0,0,0,0,190334,0,0,0,0,53,0,0,0,0,0,0,0,0,0,0,0,0,0,0,0,0,0,0,0,0,0,178,0,0,0,109,0,0,0,0,0
129,0,14,0,0,0,0,0,190334,0,0,0,0,53,0,0,0,0,0,0,0,0,0,0,0,0,0,0,0,0,0,0,0,0,0,0,0,80,0,60,0,0,0,0,0
129,0,15,0,0,0,0,0,190334,0,0,0,0,41,0,0,0,0,0,0,0,0,0,0,0,0,0,0,0,0,0,0,0,0,0,0,0,39,0,88,0,0,0,0,0
130,0,0,0,0,0,0,0,621620,0,0,1026,131328,136,0,0,0,0,0,5223,0,0,0,0,0,0,0,0,1026,1026,0,0,0,255777,131328,0,294,0,136,284,0,0,0,0,245502
130,0,1,0,0,0,0,0,310810,5223,0,0,0,1944,0,0,0,0,0,5223,0,0,0,0,0,0,0,0,0,488,0,0,0,128978,0,0,76,171,345,3355,0,0,67294,0,0
130,0,2,0,0,0,0,0,310810,0,0,0,0,541,66304,0,0,0,0,0,0,0,0,0,0,0,0,0,0,0,0,0,0,64596,65148,0,255,429,756,985,0,0,65799,0,65796
130,0,3,0,0,0,0,0,310810,0,0,0,0,367,66304,0,0,0,0,0,0,0,0,0,0,0,0,0,0,0,0,0,0,0,65238,0,101,237,0,407,0,0,884,0,65796
130,0,4,0,0,0,0,0,310810,0,0,0,0,47,0,0,0,0,0,0,0,0,0,0,0,0,0,0,0,0,0,0,0,0,0,0,87,0,45,70,0,0,0,0,0
130,0,5,0,0,0,0,0,310810,0,0,0,0,47,0,0,0,0,0,0,0,0,0,0,0,0,0,0,0,0,0,0,0,0,0,526,148,0,0,117,0,0,0,0,0
130,0,6,0,0,0,0,0,310809,0,0,0,0,47,0,0,0,0,0,0,0,0,0,0,0,0,0,0,0,0,0,0,0,0,0,0,34,98,0,52,0,0,0,0,0
130,0,7,0,0,0,0,0,310810,0,0,0,0,53,0,0,0,0,0,0,0,0,0,0,0,0,0,0,0,0,0,0,0,0,0,0,104,39,0,132,0,0,0,0,0
130,0,8,0,0,0,0,0,310810,0,0,0,0,50,0,0,0,0,0,0,0,0,0,0,0,0,0,0,0,0,0,0,0,0,0,0,52,0,42,107,0,0,0,0,0
130,0,9,0,0,0,0,0,310810,0,0,0,0,47,0,0,0,0,0,0,0,0,0,0,0,0,0,0,0,0,0,0,0,0,0,376,42,0,0,53,0,0,0,0,0
130,0,10,0,0,0,0,0,310810,0,0,0,0,53,0,0,0,0,0,0,0,0,0,0,0,0,0,0,0,0,0,0,0,0,0,0,89,92,0,126,0,0,0,0,0
130,0,11,0,0,0,0,0,310810,0,0,0,0,53,0,0,0,0,0,0,0,0,0,0,0,0,0,0,0,0,0,0,0,0,0,0,41,39,0,94,0,0,0,0,0
130,0,12,0,0,0,0,0,310810,0,0,0,0,47,0,0,0,0,0,0,0,0,0,0,0,0,0,0,0,0,0,0,0,0,0,0,0,0,45,93,0,0,0,0,0
130,0,13,0,0,0,0,0,310810,0,0,0,0,53,0,0,0,0,0,0,0,0,0,0,0,0,0,0,0,0,0,0,0,0,0,167,0,0,0,109,0,0,0,0,0
130,0,14,0,0,0,0,0,310809,0,0,0,0,53,0,0,0,0,0,0,0,0,0,0,0,0,0,0,0,0,0,0,0,0,0,0,0,91,0,62,0,0,0,0,0
130,0,15,0,0,0,0,0,310810,0,0,0,0,52,0,0,0,0,0,0,0,0,0,0,0,0,0,0,0,0,0,0,0,0,0,0,0,28,0,99,0,0,0,0,0
131,0,0,0,0,0,0,0,621567,0,0,1026,131328,136,0,0,0,0,0,5223,0,0,0,0,0,0,0,0,1026,1026,0,0,0,255669,131328,0,294,0,136,284,0,0,0,0,248248
131,0,1,0,0,0,0,0,310784,5223,0,0,0,1844,0,0,0,0,0,5223,0,0,0,0,0,0,0,0,0,486,0,0,0,128952,0,0,78,167,447,3091,0,0,66963,0,0
131,0,2,0,0,0,0,0,310784,0,0,0,0,434,66304,0,0,0,0,0,0,0,0,0,0,0,0,0,0,0,0,0,0,64513,65187,0,249,594,692,847,0,0,66030,0,65636
131,0,3,0,0,0,0,0,310784,0,0,0,0,426,66304,0,0,0,0,0,0,0,0,0,0,0,0,0,0,0,0,0,0,0,65275,0,98,178,0,533,0,0,890,0,65794
131,0,4,0,0,0,0,0,310784,0,0,0,0,47,0,0,0,0,0,0,0,0,0,0,0,0,0,0,0,0,0,0,0,0,0,0,87,0,45,68,0,0,0,0,0
131,0,5,0,0,0,0,0,310784,0,0,0,0,47,0,0,0,0,0,0,0,0,0,0,0,0,0,0,0,0,0,0,0,0,0,525,148,0,0,115,0,0,0,0,0
131,0,6,0,0,0,0,0,310784,0,0,0,0,47,0,0,0,0,0,0,0,0,0,0,0,0,0,0,0,0,0,0,0,0,0,0,40,98,0,52,0,0,0,0,0
131,0,7,0,0,0,0,0,310784,0,0,0,0,53,0,0,0,0,0,0,0,0,0,0,0,0,0,0,0,0,0,0,0,0,0,0,105,39,0,134,0,0,0,0,0
131,0,8,0,0,0,0,0,310784,0,0,0,0,50,0,0,0,0,0,0,0,0,0,0,0,0,0,0,0,0,0,0,0,0,0,0,52,0,42,107,0,0,0,0,0
131,0,9,0,0,0,0,0,310784,0,0,0,0,47,0,0,0,0,0,0,0,0,0,0,0,0,0,0,0,0,0,0,0,0,0,377,42,0,0,53,0,0,0,0,0
131,0,10,0,0,0,0,0,310784,0,0,0,0,53,0,0,0,0,0,0,0,0,0,0,0,0,0,0,0,0,0,0,0,0,0,0,85,92,0,124,0,0,0,0,0
131,0,11,0,0,0,0,0,310784,0,0,0,0,53,0,0,0,0,0,0,0,0,0,0,0,0,0,0,0,0,0,0,0,0,0,0,40,39,0,94,0,0,0,0,0
131,0,12,0,0,0,0,0,310784,0,0,0,0,47,0,0,0,0,0,0,0,0,0,0,0,0,0,0,0,0,0,0,0,0,0,0,0,0,45,93,0,0,0,0,0
131,0,13,0,0,0,0,0,310784,0,0,0,0,53,0,0,0,0,0,0,0,0,0,0,0,0,0,0,0,0,0,0,0,0,0,166,0,0,0,109,0,0,0,0,0
131,0,14,0,0,0,0,0,310784,0,0,0,0,53,0,0,0,0,0,0,0,0,0,0,0,0,0,0,0,0,0,0,0,0,0,0,0,92,0,66,0,0,0,0,0
131,0,15,0,0,0,0,0,310784,0,0,0,0,53,0,0,0,0,0,0,0,0,0,0,0,0,0,0,0,0,0,0,0,0,0,0,0,27,0,101,0,0,0,0,0
132,0,0,0,0,0,0,0,621637,0,0,1026,131328,136,0,0,0,0,0,5220,0,0,0,0,0,0,0,0,1026,1026,0,0,0,255780,131328,0,294,0,136,284,0,0,0,0,245479
132,0,1,0,0,0,0,0,310819,5220,0,0,0,1923,0,0,0,0,0,5220,0,0,0,0,0,0,0,0,0,492,0,0,0,128987,0,0,80,165,368,3334,0,0,67284,0,0
132,0,2,0,0,0,0,0,310819,0,0,0,0,538,66304,0,0,0,0,0,0,0,0,0,0,0,0,0,0,0,0,0,0,64586,65152,0,249,430,747,974,0,0,65799,0,65796
132,0,3,0,0,0,0,0,310819,0,0,0,0,366,66304,0,0,0,0,0,0,0,0,0,0,0,0,0,0,0,0,0,0,0,65243,0,96,239,0,419,0,0,884,0,65796
132,0,4,0,0,0,0,0,310819,0,0,0,0,47,0,0,0,0,0,0,0,0,0,0,0,0,0,0,0,0,0,0,0,0,0,0,87,0,45,66,0,0,0,0,0
132,0,5,0,0,0,0,0,310819,0,0,0,0,47,0,0,0,0,0,0,0,0,0,0,0,0,0,0,0,0,0,0,0,0,0,525,148,0,0,113,0,0,0,0,0
132,0,6,0,0,0,0,0,310819,0,0,0,0,47,0,0,0,0,0,0,0,0,0,0,0,0,0,0,0,0,0,0,0,0,0,0,40,98,0,52,0,0,0,0,0
132,0,7,0,0,0,0,0,310819,0,0,0,0,53,0,0,0,0,0,0,0,0,0,0,0,0,0,0,0,0,0,0,0,0,0,0,105,39,0,136,0,0,0,0,0
132,0,8,0,0,0,0,0,310819,0,0,0,0,50,0,0,0,0,0,0,0,0,0,0,0,0,0,0,0,0,0,0,0,0,0,0,52,0,42,107,0,0,0,0,0
132,0,9,0,0,0,0,0,310819,0,0,0,0,47,0,0,0,0,0,0,0,0,0,0,0,0,0,0,0,0,0,0,0,0,0,377,42,0,0,53,0,0,0,0,0
132,0,10,0,0,0,0,0,310819,0,0,0,0,53,0,0,0,0,0,0,0,0,0,0,0,0,0,0,0,0,0,0,0,0,0,0,87,92,0,122,0,0,0,0,0
132,0,11,0,0,0,0,0,310819,0,0,0,0,53,0,0,0,0,0,0,0,0,0,0,0,0,0,0,0,0,0,0,0,0,0,0,40,39,0,94,0,0,0,0,0
132,0,12,0,0,0,0,0,310819,0,0,0,0,47,0,0,0,0,0,0,0,0,0,0,0,0,0,0,0,0,0,0,0,0,0,0,0,0,45,93,0,0,0,0,0
132,0,13,0,0,0,0,0,310819,0,0,0,0,53,0,0,0,0,0,0,0,0,0,0,0,0,0,0,0,0,0,0,0,0,0,166,0,0,0,109,0,0,0,0,0
132,0,14,0,0,0,0,0,310819,0,0,0,0,53,0,0,0,0,0,0,0,0,0,0,0,0,0,0,0,0,0,0,0,0,0,0,0,92,0,64,0,0,0,0,0
132,0,15,0,0,0,0,0,310819,0,0,0,0,53,0,0,0,0,0,0,0,0,0,0,0,0,0,0,0,0,0,0,0,0,0,0,0,27,0,101,0,0,0,0,0
133,0,0,0,0,0,0,0,1137240,0,0,2050,262656,136,0,0,0,0,0,6771,0,0,0,0,0,0,0,0,2050,2050,0,129402,0,384032,262656,0,809,0,136,284,0,0,0,0,795609
133,0,1,0,0,0,0,0,568620,6771,0,0,0,2612,0,0,0,0,0,6771,0,0,0,0,0,0,0,0,0,1005,0,64561,0,128884,0,0,227,249,474,4377,0,0,327392,0,0
133,0,2,0,0,0,0,0,568620,0,0,0,0,377,66304,0,0,0,0,0,0,0,0,0,0,0,0,0,0,0,0,0,0,64754,65157,0,249,596,697,753,0,0,202820,0,65226
133,0,3,0,0,0,0,0,568620,0,0,0,0,373,66304,0,0,0,0,0,0,0,0,0,0,0,0,0,0,0,0,0,0,0,65159,0,95,230,0,475,0,0,131875,0,64964
133,0,4,0,0,0,0,0,568620,0,0,0,0,369,66304,0,0,0,0,0,0,0,0,0,0,0,0,0,0,0,0,0,0,0,65153,0,87,0,236,471,258070,0,0,0,65453
133,0,5,0,0,0,0,0,568620,0,0,0,0,383,66304,0,0,0,0,0,0,0,0,0,0,0,0,0,0,0,0,0,0,0,65295,1025,148,0,1,817,0,0,66479,0,65220
133,0,6,0,0,0,0,0,568619,0,0,0,0,47,0,0,0,0,0,0,0,0,0,0,0,0,0,0,0,0,0,0,0,0,0,0,40,98,1,52,0,0,0,0,0
133,0,7,0,0,0,0,0,568620,0,0,0,0,53,0,0,0,0,0,0,0,0,0,0,0,0,0,0,0,0,0,0,0,0,0,0,106,39,0,137,0,0,0,0,0
133,0,8,0,0,0,0,0,568620,0,0,0,0,50,0,0,0,0,0,0,0,0,0,0,0,0,0,0,0,0,0,0,0,0,0,0,52,0,42,107,0,0,0,0,0
133,0,9,0,0,0,0,0,568620,0,0,0,0,47,0,0,0,0,0,0,0,0,0,0,0,0,0,0,0,0,0,0,0,0,0,375,42,0,0,53,0,0,0,0,0
133,0,10,0,0,0,0,0,568620,0,0,0,0,53,0,0,0,0,0,0,0,0,0,0,0,0,0,0,0,0,0,0,0,0,0,0,88,92,0,121,0,0,0,0,0
133,0,11,0,0,0,0,0,568620,0,0,0,0,53,0,0,0,0,0,0,0,0,0,0,0,0,0,0,0,0,0,0,0,0,0,0,41,39,0,94,0,0,0,0,0
133,0,12,0,0,0,0,0,568620,0,0,0,0,47,0,0,0,0,0,0,0,0,0,0,0,0,0,0,0,0,0,0,0,0,0,0,0,0,45,93,0,0,0,0,0
133,0,13,0,0,0,0,0,568620,0,0,0,0,53,0,0,0,0,0,0,0,0,0,0,0,0,0,0,0,0,0,0,0,0,0,168,0,0,0,109,0,0,0,0,0
133,0,14,0,0,0,0,0,568619,0,0,0,0,53,0,0,0,0,0,0,0,0,0,0,0,0,0,0,0,0,0,0,0,0,0,0,0,90,0,63,0,0,0,0,0
133,0,15,0,0,0,0,0,568620,0,0,0,0,51,0,0,0,0,0,0,0,0,0,0,0,0,0,0,0,0,0,0,0,0,0,0,0,29,0,100,0,0,0,0,0
134,0,0,0,0,0,0,0,1137050,0,0,2050,262656,136,0,0,0,0,0,6768,0,0,0,0,0,0,0,0,2050,2050,0,129397,0,383975,262656,0,809,0,136,284,0,0,0,0,795313
134,0,1,0,0,0,0,0,568525,6768,0,0,0,2610,0,0,0,0,0,6768,0,0,0,0,0,0,0,0,0,1012,0,64547,0,128886,0,0,222,250,480,4386,0,0,327292,0,0
134,0,2,0,0,0,0,0,568525,0,0,0,0,383,66304,0,0,0,0,0,0,0,0,0,0,0,0,0,0,0,0,0,0,64750,65157,0,249,588,701,749,0,0,201819,0,65219
134,0,3,0,0,0,0,0,568525,0,0,0,0,371,66304,0,0,0,0,0,0,0,0,0,0,0,0,0,0,0,0,0,0,0,65161,0,95,232,0,469,0,0,131893,0,64963
134,0,4,0,0,0,0,0,568525,0,0,0,0,367,66304,0,0,0,0,0,0,0,0,0,0,0,0,0,0,0,0,0,0,0,65154,0,87,0,238,469,258073,0,0,0,65464
134,0,5,0,0,0,0,0,568525,0,0,0,0,385,66304,0,0,0,0,0,0,0,0,0,0,0,0,0,0,0,0,0,0,0,65290,1022,148,0,0,824,0,0,66505,0,65242
134,0,6,0,0,0,0,0,568525,0,0,0,0,47,0,0,0,0,0,0,0,0,0,0,0,0,0,0,0,0,0,0,0,0,0,0,40,98,2,52,0,0,0,0,0
134,0,7,0,0,0,0,0,568525,0,0,0,0,53,0,0,0,0,0,0,0,0,0,0,0,0,0,0,0,0,0,0,0,0,0,0,105,39,0,137,0,0,0,0,0
134,0,8,0,0,0,0,0,568525,0,0,0,0,50,0,0,0,0,0,0,0,0,0,0,0,0,0,0,0,0,0,0,0,0,0,0,52,0,42,107,0,0,0,0,0
134,0,9,0,0,0,0,0,568525,0,0,0,0,47,0,0,0,0,0,0,0,0,0,0,0,0,0,0,0,0,0,0,0,0,0,375,42,0,0,53,0,0,0,0,0
134,0,10,0,0,0,0,0,568525,0,0,0,0,53,0,0,0,0,0,0,0,0,0,0,0,0,0,0,0,0,0,0,0,0,0,0,88,92,0,121,0,0,0,0,0
134,0,11,0,0,0,0,0,568525,0,0,0,0,53,0,0,0,0,0,0,0,0,0,0,0,0,0,0,0,0,0,0,0,0,0,0,42,39,0,94,0,0,0,0,0
134,0,12,0,0,0,0,0,568525,0,0,0,0,47,0,0,0,0,0,0,0,0,0,0,0,0,0,0,0,0,0,0,0,0,0,0,0,0,45,93,0,0,0,0,0
134,0,13,0,0,0,0,0,568525,0,0,0,0,53,0,0,0,0,0,0,0,0,0,0,0,0,0,0,0,0,0,0,0,0,0,168,0,0,0,109,0,0,0,0,0
134,0,14,0,0,0,0,0,568525,0,0,0,0,53,0,0,0,0,0,0,0,0,0,0,0,0,0,0,0,0,0,0,0,0,0,0,0,90,0,63,0,0,0,0,0
134,0,15,0,0,0,0,0,568525,0,0,0,0,51,0,0,0,0,0,0,0,0,0,0,0,0,0,0,0,0,0,0,0,0,0,0,0,29,0,99,0,0,0,0,0
135,0,0,0,0,0,0,0,1136991,0,0,2050,262656,136,0,0,0,0,0,6771,0,0,0,0,0,0,0,0,2050,2050,0,129397,0,383991,262656,0,809,0,136,284,0,0,0,0,795288
135,0,1,0,0,0,0,0,568496,6771,0,0,0,2632,0,0,0,0,0,6771,0,0,0,0,0,0,0,0,0,1026,0,64546,0,128890,0,0,216,240,474,4406,0,0,327310,0,0
135,0,2,0,0,0,0,0,568496,0,0,0,0,382,66304,0,0,0,0,0,0,0,0,0,0,0,0,0,0,0,0,0,0,64743,65156,0,249,577,702,754,0,0,201845,0,65218
135,0,3,0,0,0,0,0,568496,0,0,0,0,359,66304,0,0,0,0,0,0,0,0,0,0,0,0,0,0,0,0,0,0,0,65165,0,95,243,0,457,0,0,131931,0,64961
135,0,4,0,0,0,0,0,568496,0,0,0,0,374,66304,0,0,0,0,0,0,0,0,0,0,0,0,0,0,0,0,0,0,0,65153,0,87,0,231,467,257987,0,0,0,65472
135,0,5,0,0,0,0,0,568496,0,0,0,0,378,66304,0,0,0,0,0,0,0,0,0,0,0,0,0,0,0,0,0,0,0,65299,1035,148,0,1,823,0,0,66488,0,65235
135,0,6,0,0,0,0,0,568496,0,0,0,0,47,0,0,0,0,0,0,0,0,0,0,0,0,0,0,0,0,0,0,0,0,0,0,40,98,1,52,0,0,0,0,0
135,0,7,0,0,0,0,0,568496,0,0,0,0,53,0,0,0,0,0,0,0,0,0,0,0,0,0,0,0,0,0,0,0,0,0,0,106,39,0,137,0,0,0,0,0
135,0,8,0,0,0,0,0,568496,0,0,0,0,50,0,0,0,0,0,0,0,0,0,0,0,0,0,0,0,0,0,0,0,0,0,0,52,0,42,107,0,0,0,0,0
135,0,9,0,0,0,0,0,568496,0,0,0,0,47,0,0,0,0,0,0,0,0,0,0,0,0,0,0,0,0,0,0,0,0,0,375,42,0,0,53,0,0,0,0,0
135,0,10,0,0,0,0,0,568496,0,0,0,0,53,0,0,0,0,0,0,0,0,0,0,0,0,0,0,0,0,0,0,0,0,0,0,88,92,0,121,0,0,0,0,0
135,0,11,0,0,0,0,0,568496,0,0,0,0,53,0,0,0,0,0,0,0,0,0,0,0,0,0,0,0,0,0,0,0,0,0,0,41,39,0,94,0,0,0,0,0
135,0,12,0,0,0,0,0,568496,0,0,0,0,47,0,0,0,0,0,0,0,0,0,0,0,0,0,0,0,0,0,0,0,0,0,0,0,0,45,93,0,0,0,0,0
135,0,13,0,0,0,0,0,568496,0,0,0,0,53,0,0,0,0,0,0,0,0,0,0,0,0,0,0,0,0,0,0,0,0,0,168,0,0,0,109,0,0,0,0,0
135,0,14,0,0,0,0,0,568496,0,0,0,0,53,0,0,0,0,0,0,0,0,0,0,0,0,0,0,0,0,0,0,0,0,0,0,0,90,0,63,0,0,0,0,0
135,0,15,0,0,0,0,0,568496,0,0,0,0,51,0,0,0,0,0,0,0,0,0,0,0,0,0,0,0,0,0,0,0,0,0,0,0,29,0,100,0,0,0,0,0
136,0,0,0,0,0,0,0,1651352,0,0,3076,393984,136,0,0,0,0,0,8322,0,0,0,0,0,0,0,0,3076,3076,0,129292,0,637241,393984,0,673,0,136,284,0,0,0,0,1045047
136,0,1,0,0,0,0,0,825676,8322,0,0,0,3184,0,0,0,0,0,8322,0,0,0,0,0,0,0,0,0,1550,0,64597,0,256650,0,0,251,296,859,5479,0,0,209278,0,0
136,0,2,0,0,0,0,0,825676,0,0,0,0,289,66304,0,0,0,0,0,0,0,0,0,0,0,0,0,0,0,0,64593,0,128653,65203,0,739,477,1035,595,0,0,194351,0,65142
136,0,3,0,0,0,0,0,825676,0,0,0,0,303,66304,0,0,0,0,0,0,0,0,0,0,0,0,0,0,0,0,64596,0,0,65273,0,305,164,0,428,0,0,78928,0,65410
136,0,4,0,0,0,0,0,825676,0,0,0,0,295,66304,0,0,0,0,0,0,0,0,0,0,0,0,0,0,0,0,0,0,0,65265,0,87,0,174,443,519151,0,0,0,65150
136,0,5,0,0,0,0,0,825676,0,0,0,0,402,66304,0,0,0,0,0,0,0,0,0,0,0,0,0,0,0,0,0,0,0,65214,1636,148,0,1,834,0,0,391081,0,65183
136,0,6,0,0,0,0,0,825676,0,0,0,0,497,66304,0,0,0,0,0,0,0,0,0,0,0,0,0,0,0,0,0,0,0,65231,0,40,822,2,719,0,0,372913,0,65273
136,0,7,0,0,0,0,0,825676,0,0,0,0,523,66304,0,0,0,0,0,0,0,0,0,0,0,0,0,0,0,0,0,0,0,65157,0,108,273,0,1103,0,0,188068,0,65047
136,0,8,0,0,0,0,0,825676,0,0,0,0,50,0,0,0,0,0,0,0,0,0,0,0,0,0,0,0,0,0,0,0,0,0,0,52,0,42,107,0,0,0,0,0
136,0,9,0,0,0,0,0,825676,0,0,0,0,47,0,0,0,0,0,0,0,0,0,0,0,0,0,0,0,0,0,0,0,0,0,377,42,0,0,53,0,0,0,0,0
136,0,10,0,0,0,0,0,825676,0,0,0,0,53,0,0,0,0,0,0,0,0,0,0,0,0,0,0,0,0,0,0,0,0,0,0,87,92,0,122,0,0,0,0,0
136,0,11,0,0,0,0,0,825676,0,0,0,0,53,0,0,0,0,0,0,0,0,0,0,0,0,0,0,0,0,0,0,0,0,0,0,41,39,0,94,0,0,0,0,0
136,0,12,0,0,0,0,0,825676,0,0,0,0,47,0,0,0,0,0,0,0,0,0,0,0,0,0,0,0,0,0,0,0,0,0,0,0,0,45,93,0,0,0,0,0
136,0,13,0,0,0,0,0,825676,0,0,0,0,53,0,0,0,0,0,0,0,0,0,0,0,0,0,0,0,0,0,0,0,0,0,166,0,0,0,109,0,0,0,0,0
136,0,14,0,0,0,0,0,825675,0,0,0,0,53,0,0,0,0,0,0,0,0,0,0,0,0,0,0,0,0,0,0,0,0,0,0,0,92,0,64,0,0,0,0,0
136,0,15,0,0,0,0,0,825676,0,0,0,0,53,0,0,0,0,0,0,0,0,0,0,0,0,0,0,0,0,0,0,0,0,0,0,0,27,0,104,0,0,0,0,0
137,0,0,0,0,0,0,0,1651037,0,0,3076,393984,136,0,0,0,0,0,8319,0,0,0,0,0,0,0,0,3076,3076,0,129291,0,637274,393984,0,673,0,136,284,0,0,0,0,1044698
137,0,1,0,0,0,0,0,825518,8319,0,0,0,3165,0,0,0,0,0,8319,0,0,0,0,0,0,0,0,0,1539,0,64602,0,256651,0,0,243,302,880,5459,0,0,209350,0,0
137,0,2,0,0,0,0,0,825518,0,0,0,0,300,66304,0,0,0,0,0,0,0,0,0,0,0,0,0,0,0,0,64592,0,128658,65209,0,733,464,1021,605,0,0,194325,0,65146
137,0,3,0,0,0,0,0,825518,0,0,0,0,301,66304,0,0,0,0,0,0,0,0,0,0,0,0,0,0,0,0,64598,0,0,65273,0,311,166,0,434,0,0,78907,0,65415
137,0,4,0,0,0,0,0,825518,0,0,0,0,304,66304,0,0,0,0,0,0,0,0,0,0,0,0,0,0,0,0,0,0,0,65266,0,87,0,165,460,519240,0,0,0,65144
137,0,5,0,0,0,0,0,825518,0,0,0,0,405,66304,0,0,0,0,0,0,0,0,0,0,0,0,0,0,0,0,0,0,0,65216,1650,151,0,1,842,0,0,391036,0,65188
137,0,6,0,0,0,0,0,825518,0,0,0,0,518,66304,0,0,0,0,0,0,0,0,0,0,0,0,0,0,0,0,0,0,0,65231,0,33,811,2,753,0,0,373490,0,65271
137,0,7,0,0,0,0,0,825518,0,0,0,0,533,66304,0,0,0,0,0,0,0,0,0,0,0,0,0,0,0,0,0,0,0,65160,0,106,263,0,1109,0,0,189091,0,65061
137,0,8,0,0,0,0,0,825518,0,0,0,0,50,0,0,0,0,0,0,0,0,0,0,0,0,0,0,0,0,0,0,0,0,0,0,52,0,42,107,0,0,0,0,0
137,0,9,0,0,0,0,0,825518,0,0,0,0,48,0,0,0,0,0,0,0,0,0,0,0,0,0,0,0,0,0,0,0,0,0,380,40,0,0,53,0,0,0,0,0
137,0,10,0,0,0,0,0,825518,0,0,0,0,52,0,0,0,0,0,0,0,0,0,0,0,0,0,0,0,0,0,0,0,0,0,0,88,88,0,127,0,0,0,0,0
137,0,11,0,0,0,0,0,825518,0,0,0,0,48,0,0,0,0,0,0,0,0,0,0,0,0,0,0,0,0,0,0,0,0,0,0,38,44,0,94,0,0,0,0,0
137,0,12,0,0,0,0,0,825518,0,0,0,0,49,0,0,0,0,0,0,0,0,0,0,0,0,0,0,0,0,0,0,0,0,0,0,0,0,43,95,0,0,0,0,0
137,0,13,0,0,0,0,0,825518,0,0,0,0,55,0,0,0,0,0,0,0,0,0,0,0,0,0,0,0,0,0,0,0,0,0,166,0,0,0,113,0,0,0,0,0
137,0,14,0,0,0,0,0,825518,0,0,0,0,52,0,0,0,0,0,0,0,0,0,0,0,0,0,0,0,0,0,0,0,0,0,0,0,92,0,62,0,0,0,0,0
137,0,15,0,0,0,0,0,825518,0,0,0,0,52,0,0,0,0,0,0,0,0,0,0,0,0,0,0,0,0,0,0,0,0,0,0,0,28,0,106,0,0,0,0,0
138,0,0,0,0,0,0,0,1651091,0,0,3076,393984,136,0,0,0,0,0,8319,0,0,0,0,0,0,0,0,3076,3076,0,129284,0,637286,393984,0,673,0,136,284,0,0,0,0,1044833
138,0,1,0,0,0,0,0,825545,8319,0,0,0,3205,0,0,0,0,0,8319,0,0,0,0,0,0,0,0,0,1540,0,64608,0,256654,0,0,246,299,840,5492,0,0,209398,0,0
138,0,2,0,0,0,0,0,825545,0,0,0,0,296,66304,0,0,0,0,0,0,0,0,0,0,0,0,0,0,0,0,64591,0,128658,65208,0,735,468,1043,617,0,0,194384,0,65139
138,0,3,0,0,0,0,0,825545,0,0,0,0,300,66304,0,0,0,0,0,0,0,0,0,0,0,0,0,0,0,0,64598,0,0,65274,0,300,166,0,423,0,0,78946,0,65410
138,0,4,0,0,0,0,0,825545,0,0,0,0,297,66304,0,0,0,0,0,0,0,0,0,0,0,0,0,0,0,0,0,0,0,65270,0,82,0,172,451,519093,0,0,0,65138
138,0,5,0,0,0,0,0,825545,0,0,0,0,401,66304,0,0,0,0,0,0,0,0,0,0,0,0,0,0,0,0,0,0,0,65212,1653,149,0,1,837,0,0,391092,0,65179
138,0,6,0,0,0,0,0,825544,0,0,0,0,517,66304,0,0,0,0,0,0,0,0,0,0,0,0,0,0,0,0,0,0,0,65232,0,35,820,2,748,0,0,373019,0,65281
138,0,7,0,0,0,0,0,825545,0,0,0,0,541,66304,0,0,0,0,0,0,0,0,0,0,0,0,0,0,0,0,0,0,0,65153,0,106,255,0,1128,0,0,188624,0,65059
138,0,8,0,0,0,0,0,825545,0,0,0,0,50,0,0,0,0,0,0,0,0,0,0,0,0,0,0,0,0,0,0,0,0,0,0,57,0,42,107,0,0,0,0,0
138,0,9,0,0,0,0,0,825545,0,0,0,0,47,0,0,0,0,0,0,0,0,0,0,0,0,0,0,0,0,0,0,0,0,0,365,41,0,0,53,0,0,0,0,0
138,0,10,0,0,0,0,0,825545,0,0,0,0,54,0,0,0,0,0,0,0,0,0,0,0,0,0,0,0,0,0,0,0,0,0,0,88,92,0,127,0,0,0,0,0
138,0,11,0,0,0,0,0,825545,0,0,0,0,54,0,0,0,0,0,0,0,0,0,0,0,0,0,0,0,0,0,0,0,0,0,0,43,38,0,95,0,0,0,0,0
138,0,12,0,0,0,0,0,825545,0,0,0,0,54,0,0,0,0,0,0,0,0,0,0,0,0,0,0,0,0,0,0,0,0,0,0,0,0,38,95,0,0,0,0,0
138,0,13,0,0,0,0,0,825545,0,0,0,0,51,0,0,0,0,0,0,0,0,0,0,0,0,0,0,0,0,0,0,0,0,0,178,0,0,0,108,0,0,0,0,0
138,0,14,0,0,0,0,0,825545,0,0,0,0,54,0,0,0,0,0,0,0,0,0,0,0,0,0,0,0,0,0,0,0,0,0,0,0,89,0,64,0,0,0,0,0
138,0,15,0,0,0,0,0,825545,0,0,0,0,51,0,0,0,0,0,0,0,0,0,0,0,0,0,0,0,0,0,0,0,0,0,0,0,29,0,100,0,0,0,0,0
139,0,0,0,0,0,0,0,2167968,0,0,4098,525312,136,0,0,0,0,0,9867,0,0,0,0,0,0,0,0,4098,4098,0,257458,0,764628,525312,0,1210,0,136,284,0,0,0,0,1479717
139,0,1,0,0,0,0,0,1083984,9867,0,0,0,3897,0,0,0,0,0,9867,0,0,0,0,0,0,0,0,0,2043,0,128791,0,256532,0,0,431,448,838,6709,0,0,249135,0,0
139,0,2,0,0,0,0,0,1083984,0,0,0,0,221,66304,0,0,0,0,0,0,0,0,0,0,0,0,0,0,0,0,64563,0,128780,65239,0,802,350,912,477,0,0,207912,0,65169
139,0,3,0,0,0,0,0,1083984,0,0,0,0,222,66304,0,0,0,0,0,0,0,0,0,0,0,0,0,0,0,0,64619,0,0,65212,0,357,126,0,353,0,0,107897,0,65174
139,0,4,0,0,0,0,0,1083984,0,0,0,0,283,66304,0,0,0,0,0,0,0,0,0,0,0,0,0,0,0,0,64573,0,0,65208,0,260,0,160,413,743695,0,0,0,65170
139,0,5,0,0,0,0,0,1083984,0,0,0,0,452,66304,0,0,0,0,0,0,0,0,0,0,0,0,0,0,0,0,64723,0,0,65262,2264,541,0,1,928,0,0,751657,0,65243
139,0,6,0,0,0,0,0,1083983,0,0,0,0,558,66304,0,0,0,0,0,0,0,0,0,0,0,0,0,0,0,0,0,0,0,65227,0,41,854,2,768,0,0,553596,0,65238
139,0,7,0,0,0,0,0,1083984,0,0,0,0,564,66304,0,0,0,0,0,0,0,0,0,0,0,0,0,0,0,0,0,0,0,65143,0,105,284,0,1147,0,0,227914,0,65105
139,0,8,0,0,0,0,0,1083984,0,0,0,0,437,66304,0,0,0,0,0,0,0,0,0,0,0,0,0,0,0,0,0,0,0,65133,0,57,0,216,879,543353,0,0,0,65185
139,0,9,0,0,0,0,0,1083984,0,0,0,0,431,66304,0,0,0,0,0,0,0,0,0,0,0,0,0,0,0,0,0,0,0,65167,933,41,0,2,610,0,0,160080,0,65003
139,0,10,0,0,0,0,0,1083984,0,0,0,0,54,0,0,0,0,0,0,0,0,0,0,0,0,0,0,0,0,0,0,0,0,0,0,84,92,0,125,0,0,0,0,0
139,0,11,0,0,0,0,0,1083984,0,0,0,0,54,0,0,0,0,0,0,0,0,0,0,0,0,0,0,0,0,0,0,0,0,0,0,46,38,0,95,0,0,0,0,0
139,0,12,0,0,0,0,0,1083984,0,0,0,0,54,0,0,0,0,0,0,0,0,0,0,0,0,0,0,0,0,0,0,0,0,0,0,0,0,38,95,0,0,0,0,0
139,0,13,0,0,0,0,0,1083984,0,0,0,0,51,0,0,0,0,0,0,0,0,0,0,0,0,0,0,0,0,0,0,0,0,0,174,0,0,0,108,0,0,0,0,0
139,0,14,0,0,0,0,0,1083983,0,0,0,0,54,0,0,0,0,0,0,0,0,0,0,0,0,0,0,0,0,0,0,0,0,0,0,0,93,0,68,0,0,0,0,0
139,0,15,0,0,0,0,0,1083984,0,0,0,0,55,0,0,0,0,0,0,0,0,0,0,0,0,0,0,0,0,0,0,0,0,0,0,0,25,0,103,0,0,0,0,0
140,0,0,0,0,0,0,0,2167612,0,0,4098,525312,136,0,0,0,0,0,9867,0,0,0,0,0,0,0,0,4098,4098,0,257508,0,764523,525312,0,1210,0,136,284,0,0,0,0,1479152
140,0,1,0,0,0,0,0,1083806,9867,0,0,0,3915,0,0,0,0,0,9867,0,0,0,0,0,0,0,0,0,2036,0,128761,0,256494,0,0,425,453,821,6730,0,0,248962,0,0
140,0,2,0,0,0,0,0,1083806,0,0,0,0,211,66304,0,0,0,0,0,0,0,0,0,0,0,0,0,0,0,0,64583,0,128737,65245,0,817,353,922,459,0,0,207502,0,65151
140,0,3,0,0,0,0,0,1083806,0,0,0,0,215,66304,0,0,0,0,0,0,0,0,0,0,0,0,0,0,0,0,64617,0,0,65205,0,351,133,0,342,0,0,107918,0,65207
140,0,4,0,0,0,0,0,1083806,0,0,0,0,273,66304,0,0,0,0,0,0,0,0,0,0,0,0,0,0,0,0,64585,0,0,65211,0,274,0,170,391,742721,0,0,0,65197
140,0,5,0,0,0,0,0,1083806,0,0,0,0,448,66304,0,0,0,0,0,0,0,0,0,0,0,0,0,0,0,0,64698,0,0,65273,2258,545,0,1,926,0,0,751596,0,65208
140,0,6,0,0,0,0,0,1083806,0,0,0,0,546,66304,0,0,0,0,0,0,0,0,0,0,0,0,0,0,0,0,0,0,0,65228,0,33,851,1,749,0,0,553650,0,65248
140,0,7,0,0,0,0,0,1083806,0,0,0,0,548,66304,0,0,0,0,0,0,0,0,0,0,0,0,0,0,0,0,0,0,0,65147,0,105,300,0,1138,0,0,226481,0,65093
140,0,8,0,0,0,0,0,1083806,0,0,0,0,420,66304,0,0,0,0,0,0,0,0,0,0,0,0,0,0,0,0,0,0,0,65143,0,52,0,233,853,543367,0,0,0,65207
140,0,9,0,0,0,0,0,1083806,0,0,0,0,421,66304,0,0,0,0,0,0,0,0,0,0,0,0,0,0,0,0,0,0,0,65162,936,40,0,1,597,0,0,158588,0,65005
140,0,10,0,0,0,0,0,1083806,0,0,0,0,52,0,0,0,0,0,0,0,0,0,0,0,0,0,0,0,0,0,0,0,0,0,0,89,88,1,126,0,0,0,0,0
140,0,11,0,0,0,0,0,1083806,0,0,0,0,48,0,0,0,0,0,0,0,0,0,0,0,0,0,0,0,0,0,0,0,0,0,0,40,44,0,94,0,0,0,0,0
140,0,12,0,0,0,0,0,1083806,0,0,0,0,49,0,0,0,0,0,0,0,0,0,0,0,0,0,0,0,0,0,0,0,0,0,0,0,0,43,95,0,0,0,0,0
140,0,13,0,0,0,0,0,1083806,0,0,0,0,55,0,0,0,0,0,0,0,0,0,0,0,0,0,0,0,0,0,0,0,0,0,169,0,0,0,113,0,0,0,0,0
140,0,14,0,0,0,0,0,1083806,0,0,0,0,52,0,0,0,0,0,0,0,0,0,0,0,0,0,0,0,0,0,0,0,0,0,0,0,89,0,61,0,0,0,0,0
140,0,15,0,0,0,0,0,1083806,0,0,0,0,49,0,0,0,0,0,0,0,0,0,0,0,0,0,0,0,0,0,0,0,0,0,0,0,31,0,103,0,0,0,0,0
141,0,0,0,0,0,0,0,2167887,0,0,4098,525312,136,0,0,0,0,0,9867,0,0,0,0,0,0,0,0,4098,4098,0,257510,0,764710,525312,0,1210,0,136,284,0,0,0,0,1479321
141,0,1,0,0,0,0,0,1083944,9867,0,0,0,3837,0,0,0,0,0,9867,0,0,0,0,0,0,0,0,0,2059,0,128793,0,256573,0,0,449,472,856,6639,0,0,249226,0,0
141,0,2,0,0,0,0,0,1083944,0,0,0,0,216,66304,0,0,0,0,0,0,0,0,0,0,0,0,0,0,0,0,64595,0,128790,65242,0,785,343,914,469,0,0,209362,0,65182
141,0,3,0,0,0,0,0,1083944,0,0,0,0,211,66304,0,0,0,0,0,0,0,0,0,0,0,0,0,0,0,0,64621,0,0,65222,0,349,138,0,347,0,0,107899,0,65176
141,0,4,0,0,0,0,0,1083944,0,0,0,0,272,66304,0,0,0,0,0,0,0,0,0,0,0,0,0,0,0,0,64591,0,0,65211,0,264,0,171,421,743672,0,0,0,65197
141,0,5,0,0,0,0,0,1083944,0,0,0,0,435,66304,0,0,0,0,0,0,0,0,0,0,0,0,0,0,0,0,64722,0,0,65262,2281,538,0,1,896,0,0,751702,0,65248
141,0,6,0,0,0,0,0,1083944,0,0,0,0,558,66304,0,0,0,0,0,0,0,0,0,0,0,0,0,0,0,0,0,0,0,65231,0,40,835,1,786,0,0,553590,0,65241
141,0,7,0,0,0,0,0,1083944,0,0,0,0,545,66304,0,0,0,0,0,0,0,0,0,0,0,0,0,0,0,0,0,0,0,65149,0,107,304,0,1134,0,0,226935,0,65094
141,0,8,0,0,0,0,0,1083944,0,0,0,0,414,66304,0,0,0,0,0,0,0,0,0,0,0,0,0,0,0,0,0,0,0,65134,0,52,0,239,857,543350,0,0,0,65181
141,0,9,0,0,0,0,0,1083944,0,0,0,0,409,66304,0,0,0,0,0,0,0,0,0,0,0,0,0,0,0,0,0,0,0,65168,941,42,0,1,590,0,0,159654,0,65025
141,0,10,0,0,0,0,0,1083944,0,0,0,0,53,0,0,0,0,0,0,0,0,0,0,0,0,0,0,0,0,0,0,0,0,0,0,85,92,1,124,0,0,0,0,0
141,0,11,0,0,0,0,0,1083944,0,0,0,0,53,0,0,0,0,0,0,0,0,0,0,0,0,0,0,0,0,0,0,0,0,0,0,43,39,0,94,0,0,0,0,0
141,0,12,0,0,0,0,0,1083944,0,0,0,0,47,0,0,0,0,0,0,0,0,0,0,0,0,0,0,0,0,0,0,0,0,0,0,0,0,45,93,0,0,0,0,0
141,0,13,0,0,0,0,0,1083944,0,0,0,0,53,0,0,0,0,0,0,0,0,0,0,0,0,0,0,0,0,0,0,0,0,0,166,0,0,0,109,0,0,0,0,0
141,0,14,0,0,0,0,0,1083944,0,0,0,0,53,0,0,0,0,0,0,0,0,0,0,0,0,0,0,0,0,0,0,0,0,0,0,0,92,0,66,0,0,0,0,0
141,0,15,0,0,0,0,0,1083944,0,0,0,0,53,0,0,0,0,0,0,0,0,0,0,0,0,0,0,0,0,0,0,0,0,0,0,0,27,0,104,0,0,0,0,0
142,0,0,0,0,0,0,0,2677164,0,0,5124,656640,136,0,0,0,0,0,11418,0,0,0,0,0,0,0,0,5124,5124,0,257407,0,1016611,656640,0,1038,0,136,284,0,0,0,0,1887545
142,0,1,0,0,0,0,0,1338582,11418,0,0,0,4565,0,0,0,0,0,11418,0,0,0,0,0,0,0,0,0,2555,0,128778,0,383708,0,0,435,433,1209,7837,0,0,243830,0,0
142,0,2,0,0,0,0,0,1338582,0,0,0,0,184,66304,0,0,0,0,0,0,0,0,0,0,0,0,0,0,0,0,128921,0,192663,65208,0,1221,309,1405,405,0,0,184953,0,65170
142,0,3,0,0,0,0,0,1338582,0,0,0,0,185,66304,0,0,0,0,0,0,0,0,0,0,0,0,0,0,0,0,128872,0,0,65224,0,519,124,0,285,0,0,83361,0,65327
142,0,4,0,0,0,0,0,1338582,0,0,0,0,239,66304,0,0,0,0,0,0,0,0,0,0,0,0,0,0,0,0,64554,0,0,65189,0,256,0,138,355,947262,0,0,0,65312
142,0,5,0,0,0,0,0,1338582,0,0,0,0,353,66304,0,0,0,0,0,0,0,0,0,0,0,0,0,0,0,0,64554,0,0,65214,2867,590,0,2,728,0,0,876580,0,64977
142,0,6,0,0,0,0,0,1338582,0,0,0,0,445,66304,0,0,0,0,0,0,0,0,0,0,0,0,0,0,0,0,64600,0,0,65216,0,305,711,0,635,0,0,606539,0,65067
142,0,7,0,0,0,0,0,1338582,0,0,0,0,458,66304,0,0,0,0,0,0,0,0,0,0,0,0,0,0,0,0,64711,0,0,65159,0,681,243,0,969,0,0,267441,0,64877
142,0,8,0,0,0,0,0,1338582,0,0,0,0,362,66304,0,0,0,0,0,0,0,0,0,0,0,0,0,0,0,0,0,0,0,65148,0,52,0,185,707,1015076,0,0,0,65061
142,0,9,0,0,0,0,0,1338582,0,0,0,0,491,66304,0,0,0,0,0,0,0,0,0,0,0,0,0,0,0,0,0,0,0,65227,1695,40,0,1,700,0,0,800475,0,65057
142,0,10,0,0,0,0,0,1338582,0,0,0,0,575,66304,0,0,0,0,0,0,0,0,0,0,0,0,0,0,0,0,0,0,0,65239,0,89,903,1,1190,0,0,673863,0,65186
142,0,11,0,0,0,0,0,1338582,0,0,0,0,575,66304,0,0,0,0,0,0,0,0,0,0,0,0,0,0,0,0,0,0,0,65197,0,41,327,0,859,0,0,311734,0,64977
142,0,12,0,0,0,0,0,1338582,0,0,0,0,49,0,0,0,0,0,0,0,0,0,0,0,0,0,0,0,0,0,0,0,0,0,0,0,0,43,95,0,0,0,0,0
142,0,13,0,0,0,0,0,1338582,0,0,0,0,55,0,0,0,0,0,0,0,0,0,0,0,0,0,0,0,0,0,0,0,0,0,165,0,0,0,113,0,0,0,0,0
142,0,14,0,0,0,0,0,1338581,0,0,0,0,52,0,0,0,0,0,0,0,0,0,0,0,0,0,0,0,0,0,0,0,0,0,0,0,93,0,61,0,0,0,0,0
142,0,15,0,0,0,0,0,1338582,0,0,0,0,53,0,0,0,0,0,0,0,0,0,0,0,0,0,0,0,0,0,0,0,0,0,0,0,27,0,108,0,0,0,0,0
143,0,0,0,0,0,0,0,2676961,0,0,5124,656640,136,0,0,0,0,0,11415,0,0,0,0,0,0,0,0,5124,5124,0,257415,0,1016807,656640,0,1038,0,136,284,0,0,0,0,1887391
143,0,1,0,0,0,0,0,1338481,11415,0,0,0,4567,0,0,0,0,0,11415,0,0,0,0,0,0,0,0,0,2550,0,128824,0,383702,0,0,431,436,1208,7839,0,0,243734,0,0
143,0,2,0,0,0,0,0,1338481,0,0,0,0,197,66304,0,0,0,0,0,0,0,0,0,0,0,0,0,0,0,0,128916,0,192646,65216,0,1210,308,1420,415,0,0,183713,0,65170
143,0,3,0,0,0,0,0,1338481,0,0,0,0,196,66304,0,0,0,0,0,0,0,0,0,0,0,0,0,0,0,0,128851,0,0,65229,0,517,112,0,284,0,0,83264,0,65314
143,0,4,0,0,0,0,0,1338481,0,0,0,0,239,66304,0,0,0,0,0,0,0,0,0,0,0,0,0,0,0,0,64538,0,0,65203,0,259,0,138,356,946644,0,0,0,65323
143,0,5,0,0,0,0,0,1338481,0,0,0,0,353,66304,0,0,0,0,0,0,0,0,0,0,0,0,0,0,0,0,64569,0,0,65225,2868,595,0,2,727,0,0,878144,0,64992
143,0,6,0,0,0,0,0,1338480,0,0,0,0,463,66304,0,0,0,0,0,0,0,0,0,0,0,0,0,0,0,0,64598,0,0,65216,0,313,701,1,656,0,0,606603,0,65039
143,0,7,0,0,0,0,0,1338481,0,0,0,0,467,66304,0,0,0,0,0,0,0,0,0,0,0,0,0,0,0,0,64699,0,0,65151,0,684,234,0,976,0,0,265826,0,64905
143,0,8,0,0,0,0,0,1338481,0,0,0,0,363,66304,0,0,0,0,0,0,0,0,0,0,0,0,0,0,0,0,0,0,0,65141,0,52,0,184,705,1015075,0,0,0,65044
143,0,9,0,0,0,0,0,1338481,0,0,0,0,474,66304,0,0,0,0,0,0,0,0,0,0,0,0,0,0,0,0,0,0,0,65230,1704,40,0,0,678,0,0,799867,0,65056
143,0,10,0,0,0,0,0,1338481,0,0,0,0,581,66304,0,0,0,0,0,0,0,0,0,0,0,0,0,0,0,0,0,0,0,65239,0,88,910,2,1189,0,0,670675,0,65186
143,0,11,0,0,0,0,0,1338481,0,0,0,0,588,66304,0,0,0,0,0,0,0,0,0,0,0,0,0,0,0,0,0,0,0,65192,0,42,314,0,867,0,0,311635,0,64964
143,0,12,0,0,0,0,0,1338481,0,0,0,0,48,0,0,0,0,0,0,0,0,0,0,0,0,0,0,0,0,0,0,0,0,0,0,0,0,44,94,0,0,0,0,0
143,0,13,0,0,0,0,0,1338481,0,0,0,0,53,0,0,0,0,0,0,0,0,0,0,0,0,0,0,0,0,0,0,0,0,0,168,0,0,0,111,0,0,0,0,0
143,0,14,0,0,0,0,0,1338481,0,0,0,0,53,0,0,0,0,0,0,0,0,0,0,0,0,0,0,0,0,0,0,0,0,0,0,0,91,0,63,0,0,0,0,0
143,0,15,0,0,0,0,0,1338481,0,0,0,0,52,0,0,0,0,0,0,0,0,0,0,0,0,0,0,0,0,0,0,0,0,0,0,0,28,0,106,0,0,0,0,0
144,0,0,0,0,0,0,0,2677047,0,0,5124,656640,136,0,0,0,0,0,11415,0,0,0,0,0,0,0,0,5124,5124,0,257438,0,1016861,656640,0,1038,0,136,284,0,0,0,0,1887783
144,0,1,0,0,0,0,0,1338524,11415,0,0,0,4632,0,0,0,0,0,11415,0,0,0,0,0,0,0,0,0,2554,0,128835,0,383704,0,0,423,409,1178,7919,0,0,243717,0,0
144,0,2,0,0,0,0,0,1338524,0,0,0,0,194,66304,0,0,0,0,0,0,0,0,0,0,0,0,0,0,0,0,128910,0,192659,65214,0,1208,307,1454,410,0,0,184787,0,65154
144,0,3,0,0,0,0,0,1338524,0,0,0,0,193,66304,0,0,0,0,0,0,0,0,0,0,0,0,0,0,0,0,128858,0,0,65225,0,484,116,0,279,0,0,83287,0,65308
144,0,4,0,0,0,0,0,1338524,0,0,0,0,234,66304,0,0,0,0,0,0,0,0,0,0,0,0,0,0,0,0,64554,0,0,65194,0,243,0,143,339,947183,0,0,0,65308
144,0,5,0,0,0,0,0,1338524,0,0,0,0,353,66304,0,0,0,0,0,0,0,0,0,0,0,0,0,0,0,0,64572,0,0,65227,2854,602,0,1,728,0,0,876627,0,64962
144,0,6,0,0,0,0,0,1338524,0,0,0,0,454,66304,0,0,0,0,0,0,0,0,0,0,0,0,0,0,0,0,64599,0,0,65217,0,310,704,1,652,0,0,606540,0,65061
144,0,7,0,0,0,0,0,1338524,0,0,0,0,460,66304,0,0,0,0,0,0,0,0,0,0,0,0,0,0,0,0,64698,0,0,65158,0,700,241,0,986,0,0,266949,0,64873
144,0,8,0,0,0,0,0,1338524,0,0,0,0,359,66304,0,0,0,0,0,0,0,0,0,0,0,0,0,0,0,0,0,0,0,65149,0,52,0,188,717,1014947,0,0,0,65053
144,0,9,0,0,0,0,0,1338524,0,0,0,0,472,66304,0,0,0,0,0,0,0,0,0,0,0,0,0,0,0,0,0,0,0,65230,1711,42,0,0,667,0,0,800039,0,65069
144,0,10,0,0,0,0,0,1338524,0,0,0,0,584,66304,0,0,0,0,0,0,0,0,0,0,0,0,0,0,0,0,0,0,0,65226,0,87,903,2,1196,0,0,673325,0,65207
144,0,11,0,0,0,0,0,1338524,0,0,0,0,585,66304,0,0,0,0,0,0,0,0,0,0,0,0,0,0,0,0,0,0,0,65197,0,43,318,0,846,0,0,311712,0,64963
144,0,12,0,0,0,0,0,1338524,0,0,0,0,47,0,0,0,0,0,0,0,0,0,0,0,0,0,0,0,0,0,0,0,0,0,0,0,0,45,93,0,0,0,0,0
144,0,13,0,0,0,0,0,1338524,0,0,0,0,53,0,0,0,0,0,0,0,0,0,0,0,0,0,0,0,0,0,0,0,0,0,166,0,0,0,109,0,0,0,0,0
144,0,14,0,0,0,0,0,1338524,0,0,0,0,53,0,0,0,0,0,0,0,0,0,0,0,0,0,0,0,0,0,0,0,0,0,0,0,92,0,64,0,0,0,0,0
144,0,15,0,0,0,0,0,1338524,0,0,0,0,53,0,0,0,0,0,0,0,0,0,0,0,0,0,0,0,0,0,0,0,0,0,0,0,27,0,106,0,0,0,0,0
145,0,0,0,0,0,0,0,3445201,0,0,6660,853632,136,0,0,0,0,0,13737,0,0,0,0,0,0,0,0,6660,6660,0,384627,0,1268039,853632,0,1567,0,136,284,0,0,0,0,2465711
145,0,1,0,0,0,0,0,1722601,13737,0,0,0,5637,0,0,0,0,0,13737,0,0,0,0,0,0,0,0,0,3442,0,192472,0,446531,0,0,641,561,1342,9531,0,0,219174,0,0
145,0,2,0,0,0,0,0,1722601,0,0,0,0,155,66304,0,0,0,0,0,0,0,0,0,0,0,0,0,0,0,0,192506,0,192434,65209,0,1599,258,1252,352,0,0,157470,0,65170
145,0,3,0,0,0,0,0,1722601,0,0,0,0,154,66304,0,0,0,0,0,0,0,0,0,0,0,0,0,0,0,0,128747,0,0,65191,0,474,107,0,216,0,0,59792,0,65446
145,0,4,0,0,0,0,0,1722601,0,0,0,0,199,66304,0,0,0,0,0,0,0,0,0,0,0,0,0,0,0,0,128714,0,0,65204,0,417,0,106,274,1203351,0,0,0,65319
145,0,5,0,0,0,0,0,1722601,0,0,0,0,275,66304,0,0,0,0,0,0,0,0,0,0,0,0,0,0,0,0,128916,0,0,65220,3826,1143,0,2,568,0,0,844268,0,64846
145,0,6,0,0,0,0,0,1722600,0,0,0,0,332,66304,0,0,0,0,0,0,0,0,0,0,0,0,0,0,0,0,128911,0,0,65208,0,602,513,1,464,0,0,612409,0,65043
145,0,7,0,0,0,0,0,1722601,0,0,0,0,328,66304,0,0,0,0,0,0,0,0,0,0,0,0,0,0,0,0,64663,0,0,65138,0,671,191,0,705,0,0,266952,0,64968
145,0,8,0,0,0,0,0,1722601,0,0,0,0,319,66304,0,0,0,0,0,0,0,0,0,0,0,0,0,0,0,0,64562,0,0,65148,0,482,0,194,674,1350287,0,0,0,65031
145,0,9,0,0,0,0,0,1722601,0,0,0,0,458,66304,0,0,0,0,0,0,0,0,0,0,0,0,0,0,0,0,64557,0,0,65233,2670,306,0,1,647,0,0,1358819,0,64775
145,0,10,0,0,0,0,0,1722601,0,0,0,0,580,66304,0,0,0,0,0,0,0,0,0,0,0,0,0,0,0,0,64666,0,0,65244,0,619,900,1,1165,0,0,968915,0,65054
145,0,11,0,0,0,0,0,1722601,0,0,0,0,585,66304,0,0,0,0,0,0,0,0,0,0,0,0,0,0,0,0,0,0,0,65203,0,44,311,0,870,0,0,406189,0,64786
145,0,12,0,0,0,0,0,1722601,0,0,0,0,474,66304,0,0,0,0,0,0,0,0,0,0,0,0,0,0,0,0,0,0,0,65223,0,0,0,251,725,1202189,0,0,0,65255
145,0,13,0,0,0,0,0,1722601,0,0,0,0,604,66304,0,0,0,0,0,0,0,0,0,0,0,0,0,0,0,0,0,0,0,65246,1399,0,0,2,1201,0,0,843154,0,65295
145,0,14,0,0,0,0,0,1722600,0,0,0,0,599,66304,0,0,0,0,0,0,0,0,0,0,0,0,0,0,0,0,0,0,0,65347,0,0,338,0,883,0,0,423136,0,64971
145,0,15,0,0,0,0,0,1722601,0,0,0,0,42,0,0,0,0,0,0,0,0,0,0,0,0,0,0,0,0,0,0,0,0,0,0,0,38,0,97,0,0,0,0,0
146,0,0,0,0,0,0,0,3444718,0,0,6660,853632,136,0,0,0,0,0,13737,0,0,0,0,0,0,0,0,6660,6660,0,384677,0,1268123,853632,0,1567,0,136,284,0,0,0,0,2465409
146,0,1,0,0,0,0,0,1722359,13737,0,0,0,5626,0,0,0,0,0,13737,0,0,0,0,0,0,0,0,0,3439,0,192473,0,446583,0,0,639,565,1351,9498,0,0,219212,0,0
146,0,2,0,0,0,0,0,1722359,0,0,0,0,154,66304,0,0,0,0,0,0,0,0,0,0,0,0,0,0,0,0,192486,0,192462,65206,0,1622,275,1234,337,0,0,157480,0,65155
146,0,3,0,0,0,0,0,1722359,0,0,0,0,169,66304,0,0,0,0,0,0,0,0,0,0,0,0,0,0,0,0,128755,0,0,65198,0,484,91,0,240,0,0,59758,0,65458
146,0,4,0,0,0,0,0,1722359,0,0,0,0,193,66304,0,0,0,0,0,0,0,0,0,0,0,0,0,0,0,0,128733,0,0,65207,0,410,0,112,288,1201028,0,0,0,65337
146,0,5,0,0,0,0,0,1722359,0,0,0,0,271,66304,0,0,0,0,0,0,0,0,0,0,0,0,0,0,0,0,128931,0,0,65224,3831,1147,0,2,562,0,0,845114,0,64823
146,0,6,0,0,0,0,0,1722358,0,0,0,0,323,66304,0,0,0,0,0,0,0,0,0,0,0,0,0,0,0,0,128909,0,0,65215,0,571,524,1,463,0,0,612256,0,65040
146,0,7,0,0,0,0,0,1722359,0,0,0,0,330,66304,0,0,0,0,0,0,0,0,0,0,0,0,0,0,0,0,64667,0,0,65139,0,670,189,0,698,0,0,265900,0,64995
146,0,8,0,0,0,0,0,1722359,0,0,0,0,322,66304,0,0,0,0,0,0,0,0,0,0,0,0,0,0,0,0,64583,0,0,65145,0,481,0,191,685,1350071,0,0,0,65022
146,0,9,0,0,0,0,0,1722359,0,0,0,0,478,66304,0,0,0,0,0,0,0,0,0,0,0,0,0,0,0,0,64556,0,0,65230,2652,305,0,1,664,0,0,1359153,0,64779
146,0,10,0,0,0,0,0,1722359,0,0,0,0,589,66304,0,0,0,0,0,0,0,0,0,0,0,0,0,0,0,0,64656,0,0,65238,0,626,894,1,1198,0,0,968792,0,65067
146,0,11,0,0,0,0,0,1722359,0,0,0,0,589,66304,0,0,0,0,0,0,0,0,0,0,0,0,0,0,0,0,0,0,0,65204,0,41,308,0,877,0,0,407742,0,64771
146,0,12,0,0,0,0,0,1722359,0,0,0,0,475,66304,0,0,0,0,0,0,0,0,0,0,0,0,0,0,0,0,0,0,0,65238,0,0,0,250,727,1201418,0,0,0,65258
146,0,13,0,0,0,0,0,1722359,0,0,0,0,590,66304,0,0,0,0,0,0,0,0,0,0,0,0,0,0,0,0,0,0,0,65244,1406,0,0,1,1188,0,0,842486,0,65287
146,0,14,0,0,0,0,0,1722359,0,0,0,0,597,66304,0,0,0,0,0,0,0,0,0,0,0,0,0,0,0,0,0,0,0,65346,0,0,347,1,874,0,0,423173,0,64982
146,0,15,0,0,0,0,0,1722359,0,0,0,0,49,0,0,0,0,0,0,0,0,0,0,0,0,0,0,0,0,0,0,0,0,0,0,0,31,0,106,0,0,0,0,0
147,0,0,0,0,0,0,0,3445251,0,0,6660,853632,136,0,0,0,0,0,13737,0,0,0,0,0,0,0,0,6660,6660,0,384670,0,1267859,853632,0,1567,0,136,284,0,0,0,0,2465766
147,0,1,0,0,0,0,0,1722625,13737,0,0,0,5621,0,0,0,0,0,13737,0,0,0,0,0,0,0,0,0,3430,0,192379,0,446565,0,0,612,590,1358,9517,0,0,219173,0,0
147,0,2,0,0,0,0,0,1722625,0,0,0,0,163,66304,0,0,0,0,0,0,0,0,0,0,0,0,0,0,0,0,192465,0,192485,65203,0,1634,256,1233,327,0,0,159040,0,65148
147,0,3,0,0,0,0,0,1722625,0,0,0,0,159,66304,0,0,0,0,0,0,0,0,0,0,0,0,0,0,0,0,128763,0,0,65201,0,483,102,0,231,0,0,59765,0,65458
147,0,4,0,0,0,0,0,1722625,0,0,0,0,194,66304,0,0,0,0,0,0,0,0,0,0,0,0,0,0,0,0,128732,0,0,65213,0,424,0,111,298,1201242,0,0,0,65318
147,0,5,0,0,0,0,0,1722625,0,0,0,0,267,66304,0,0,0,0,0,0,0,0,0,0,0,0,0,0,0,0,128865,0,0,65219,3826,1153,0,1,579,0,0,844657,0,64834
147,0,6,0,0,0,0,0,1722624,0,0,0,0,340,66304,0,0,0,0,0,0,0,0,0,0,0,0,0,0,0,0,128903,0,0,65208,0,553,508,2,486,0,0,611784,0,65059
147,0,7,0,0,0,0,0,1722625,0,0,0,0,330,66304,0,0,0,0,0,0,0,0,0,0,0,0,0,0,0,0,64656,0,0,65148,0,701,188,0,668,0,0,266291,0,64985
147,0,8,0,0,0,0,0,1722625,0,0,0,0,330,66304,0,0,0,0,0,0,0,0,0,0,0,0,0,0,0,0,64567,0,0,65151,0,469,0,183,691,1351444,0,0,0,65030
147,0,9,0,0,0,0,0,1722625,0,0,0,0,473,66304,0,0,0,0,0,0,0,0,0,0,0,0,0,0,0,0,64549,0,0,65226,2679,297,0,2,661,0,0,1358307,0,64792
147,0,10,0,0,0,0,0,1722625,0,0,0,0,596,66304,0,0,0,0,0,0,0,0,0,0,0,0,0,0,0,0,64662,0,0,65235,0,626,889,1,1223,0,0,968958,0,65052
147,0,11,0,0,0,0,0,1722625,0,0,0,0,592,66304,0,0,0,0,0,0,0,0,0,0,0,0,0,0,0,0,0,0,0,65202,0,9,305,0,881,0,0,406915,0,64785
147,0,12,0,0,0,0,0,1722625,0,0,0,0,474,66304,0,0,0,0,0,0,0,0,0,0,0,0,0,0,0,0,0,0,0,65234,0,0,0,251,738,1203737,0,0,0,65247
147,0,13,0,0,0,0,0,1722625,0,0,0,0,588,66304,0,0,0,0,0,0,0,0,0,0,0,0,0,0,0,0,0,0,0,65242,1396,0,0,1,1194,0,0,843244,0,65285
147,0,14,0,0,0,0,0,1722624,0,0,0,0,577,66304,0,0,0,0,0,0,0,0,0,0,0,0,0,0,0,0,0,0,0,65350,0,0,358,1,854,0,0,423192,0,64975
147,0,15,0,0,0,0,0,1722625,0,0,0,0,40,0,0,0,0,0,0,0,0,0,0,0,0,0,0,0,0,0,0,0,0,0,0,0,40,0,129,0,0,0,0,0
148,0,0,0,0,0,0,0,372153,0,0,258,65600,136,0,0,0,0,0,4065,0,0,0,0,0,0,0,0,258,258,0,0,0,129630,65600,0,294,0,136,284,0,0,0,0,65920
148,0,1,0,0,0,0,0,186077,4065,0,0,0,1281,0,0,0,0,0,4065,0,0,0,0,0,0,0,0,0,67,0,0,0,65122,0,0,84,170,232,2186,0,0,65920,0,0
148,0,2,0,0,0,0,0,186077,0,0,0,0,237,65920,0,0,0,0,0,0,0,0,0,0,0,0,0,0,0,0,0,0,0,65340,0,249,158,283,505,0,0,0,0,65920
148,0,3,0,0,0,0,0,186077,0,0,0,0,47,0,0,0,0,0,0,0,0,0,0,0,0,0,0,0,0,0,0,0,0,0,0,91,45,0,54,0,0,0,0,0
148,0,4,0,0,0,0,0,186077,0,0,0,0,47,0,0,0,0,0,0,0,0,0,0,0,0,0,0,0,0,0,0,0,0,0,0,87,0,45,62,0,0,0,0,0
148,0,5,0,0,0,0,0,186077,0,0,0,0,47,0,0,0,0,0,0,0,0,0,0,0,0,0,0,0,0,0,0,0,0,0,537,148,0,0,109,0,0,0,0,0
148,0,6,0,0,0,0,0,186076,0,0,0,0,47,0,0,0,0,0,0,0,0,0,0,0,0,0,0,0,0,0,0,0,0,0,0,40,98,0,52,0,0,0,0,0
148,0,7,0,0,0,0,0,186077,0,0,0,0,53,0,0,0,0,0,0,0,0,0,0,0,0,0,0,0,0,0,0,0,0,0,0,105,39,0,140,0,0,0,0,0
148,0,8,0,0,0,0,0,186077,0,0,0,0,50,0,0,0,0,0,0,0,0,0,0,0,0,0,0,0,0,0,0,0,0,0,0,52,0,42,107,0,0,0,0,0
148,0,9,0,0,0,0,0,186077,0,0,0,0,47,0,0,0,0,0,0,0,0,0,0,0,0,0,0,0,0,0,0,0,0,0,365,42,0,0,53,0,0,0,0,0
148,0,10,0,0,0,0,0,186077,0,0,0,0,53,0,0,0,0,0,0,0,0,0,0,0,0,0,0,0,0,0,0,0,0,0,0,91,92,0,118,0,0,0,0,0
148,0,11,0,0,0,0,0,186077,0,0,0,0,53,0,0,0,0,0,0,0,0,0,0,0,0,0,0,0,0,0,0,0,0,0,0,39,39,0,94,0,0,0,0,0
148,0,12,0,0,0,0,0,186077,0,0,0,0,47,0,0,0,0,0,0,0,0,0,0,0,0,0,0,0,0,0,0,0,0,0,0,0,0,45,93,0,0,0,0,0
148,0,13,0,0,0,0,0,186077,0,0,0,0,53,0,0,0,0,0,0,0,0,0,0,0,0,0,0,0,0,0,0,0,0,0,178,0,0,0,109,0,0,0,0,0
148,0,14,0,0,0,0,0,186076,0,0,0,0,53,0,0,0,0,0,0,0,0,0,0,0,0,0,0,0,0,0,0,0,0,0,0,0,80,0,60,0,0,0,0,0
148,0,15,0,0,0,0,0,186077,0,0,0,0,41,0,0,0,0,0,0,0,0,0,0,0,0,0,0,0,0,0,0,0,0,0,0,0,39,0,89,0,0,0,0,0
149,0,0,0,0,0,0,0,372251,0,0,258,65600,136,0,0,0,0,0,4065,0,0,0,0,0,0,0,0,258,258,0,0,0,129618,65600,0,294,0,136,284,0,0,0,0,65920
149,0,1,0,0,0,0,0,186126,4065,0,0,0,1267,0,0,0,0,0,4065,0,0,0,0,0,0,0,0,0,65,0,0,0,65110,0,0,76,173,251,2178,0,0,65920,0,0
149,0,2,0,0,0,0,0,186126,0,0,0,0,232,65920,0,0,0,0,0,0,0,0,0,0,0,0,0,0,0,0,0,0,0,65342,0,255,163,268,490,0,0,0,0,65920
149,0,3,0,0,0,0,0,186126,0,0,0,0,47,0,0,0,0,0,0,0,0,0,0,0,0,0,0,0,0,0,0,0,0,0,0,99,45,0,61,0,0,0,0,0
149,0,4,0,0,0,0,0,186126,0,0,0,0,47,0,0,0,0,0,0,0,0,0,0,0,0,0,0,0,0,0,0,0,0,0,0,87,0,45,70,0,0,0,0,0
149,0,5,0,0,0,0,0,186126,0,0,0,0,47,0,0,0,0,0,0,0,0,0,0,0,0,0,0,0,0,0,0,0,0,0,526,148,0,0,117,0,0,0,0,0
149,0,6,0,0,0,0,0,186126,0,0,0,0,47,0,0,0,0,0,0,0,0,0,0,0,0,0,0,0,0,0,0,0,0,0,0,34,98,0,52,0,0,0,0,0
149,0,7,0,0,0,0,0,186126,0,0,0,0,53,0,0,0,0,0,0,0,0,0,0,0,0,0,0,0,0,0,0,0,0,0,0,105,39,0,132,0,0,0,0,0
149,0,8,0,0,0,0,0,186126,0,0,0,0,50,0,0,0,0,0,0,0,0,0,0,0,0,0,0,0,0,0,0,0,0,0,0,52,0,42,107,0,0,0,0,0
149,0,9,0,0,0,0,0,186126,0,0,0,0,47,0,0,0,0,0,0,0,0,0,0,0,0,0,0,0,0,0,0,0,0,0,376,42,0,0,53,0,0,0,0,0
149,0,10,0,0,0,0,0,186126,0,0,0,0,53,0,0,0,0,0,0,0,0,0,0,0,0,0,0,0,0,0,0,0,0,0,0,89,92,0,126,0,0,0,0,0
149,0,11,0,0,0,0,0,186126,0,0,0,0,53,0,0,0,0,0,0,0,0,0,0,0,0,0,0,0,0,0,0,0,0,0,0,39,39,0,94,0,0,0,0,0
149,0,12,0,0,0,0,0,186126,0,0,0,0,47,0,0,0,0,0,0,0,0,0,0,0,0,0,0,0,0,0,0,0,0,0,0,0,0,45,93,0,0,0,0,0
149,0,13,0,0,0,0,0,186126,0,0,0,0,53,0,0,0,0,0,0,0,0,0,0,0,0,0,0,0,0,0,0,0,0,0,167,0,0,0,109,0,0,0,0,0
149,0,14,0,0,0,0,0,186126,0,0,0,0,53,0,0,0,0,0,0,0,0,0,0,0,0,0,0,0,0,0,0,0,0,0,0,0,91,0,62,0,0,0,0,0
149,0,15,0,0,0,0,0,186126,0,0,0,0,52,0,0,0,0,0,0,0,0,0,0,0,0,0,0,0,0,0,0,0,0,0,0,0,28,0,100,0,0,0,0,0
150,0,0,0,0,0,0,0,372201,0,0,258,65600,136,0,0,0,0,0,4065,0,0,0,0,0,0,0,0,258,258,0,0,0,129646,65600,0,294,0,136,284,0,0,0,0,65920
150,0,1,0,0,0,0,0,186101,4065,0,0,0,1275,0,0,0,0,0,4065,0,0,0,0,0,0,0,0,0,65,0,0,0,65121,0,0,84,170,238,2172,0,0,65920,0,0
150,0,2,0,0,0,0,0,186101,0,0,0,0,229,65920,0,0,0,0,0,0,0,0,0,0,0,0,0,0,0,0,0,0,0,65342,0,249,166,283,491,0,0,0,0,65920
150,0,3,0,0,0,0,0,186101,0,0,0,0,47,0,0,0,0,0,0,0,0,0,0,0,0,0,0,0,0,0,0,0,0,0,0,91,45,0,54,0,0,0,0,0
150,0,4,0,0,0,0,0,186101,0,0,0,0,47,0,0,0,0,0,0,0,0,0,0,0,0,0,0,0,0,0,0,0,0,0,0,87,0,45,61,0,0,0,0,0
150,0,5,0,0,0,0,0,186101,0,0,0,0,47,0,0,0,0,0,0,0,0,0,0,0,0,0,0,0,0,0,0,0,0,0,537,148,0,0,109,0,0,0,0,0
150,0,6,0,0,0,0,0,186101,0,0,0,0,47,0,0,0,0,0,0,0,0,0,0,0,0,0,0,0,0,0,0,0,0,0,0,40,98,0,52,0,0,0,0,0
150,0,7,0,0,0,0,0,186101,0,0,0,0,53,0,0,0,0,0,0,0,0,0,0,0,0,0,0,0,0,0,0,0,0,0,0,105,39,0,140,0,0,0,0,0
150,0,8,0,0,0,0,0,186101,0,0,0,0,50,0,0,0,0,0,0,0,0,0,0,0,0,0,0,0,0,0,0,0,0,0,0,52,0,42,107,0,0,0,0,0
150,0,9,0,0,0,0,0,186101,0,0,0,0,47,0,0,0,0,0,0,0,0,0,0,0,0,0,0,0,0,0,0,0,0,0,365,42,0,0,53,0,0,0,0,0
150,0,10,0,0,0,0,0,186101,0,0,0,0,53,0,0,0,0,0,0,0,0,0,0,0,0,0,0,0,0,0,0,0,0,0,0,91,92,0,118,0,0,0,0,0
150,0,11,0,0,0,0,0,186101,0,0,0,0,53,0,0,0,0,0,0,0,0,0,0,0,0,0,0,0,0,0,0,0,0,0,0,39,39,0,94,0,0,0,0,0
150,0,12,0,0,0,0,0,186101,0,0,0,0,47,0,0,0,0,0,0,0,0,0,0,0,0,0,0,0,0,0,0,0,0,0,0,0,0,45,93,0,0,0,0,0
150,0,13,0,0,0,0,0,186101,0,0,0,0,53,0,0,0,0,0,0,0,0,0,0,0,0,0,0,0,0,0,0,0,0,0,178,0,0,0,109,0,0,0,0,0
150,0,14,0,0,0,0,0,186101,0,0,0,0,53,0,0,0,0,0,0,0,0,0,0,0,0,0,0,0,0,0,0,0,0,0,0,0,80,0,60,0,0,0,0,0
150,0,15,0,0,0,0,0,186101,0,0,0,0,41,0,0,0,0,0,0,0,0,0,0,0,0,0,0,0,0,0,0,0,0,0,0,0,39,0,89,0,0,0,0,0
151,0,0,0,0,0,0,0,622810,0,0,514,131200,136,0,0,0,0,0,4455,0,0,0,0,0,0,0,0,514,514,0,0,0,258797,131200,0,294,0,136,284,0,0,0,0,252192
151,0,1,0,0,0,0,0,311405,4455,0,0,0,1411,0,0,0,0,0,4455,0,0,0,0,0,0,0,0,0,260,0,0,0,130002,0,0,76,172,365,2382,0,0,66456,0,0
151,0,2,0,0,0,0,0,311405,0,0,0,0,181,65920,0,0,0,0,0,0,0,0,0,0,0,0,0,0,0,0,0,0,65014,65341,0,255,357,438,411,0,0,65648,0,65664
151,0,3,0,0,0,0,0,311405,0,0,0,0,192,65920,0,0,0,0,0,0,0,0,0,0,0,0,0,0,0,0,0,0,0,65404,0,100,157,0,294,0,0,456,0,65657
151,0,4,0,0,0,0,0,311405,0,0,0,0,47,0,0,0,0,0,0,0,0,0,0,0,0,0,0,0,0,0,0,0,0,0,0,87,0,45,70,0,0,0,0,0
151,0,5,0,0,0,0,0,311405,0,0,0,0,47,0,0,0,0,0,0,0,0,0,0,0,0,0,0,0,0,0,0,0,0,0,526,148,0,0,117,0,0,0,0,0
151,0,6,0,0,0,0,0,311404,0,0,0,0,47,0,0,0,0,0,0,0,0,0,0,0,0,0,0,0,0,0,0,0,0,0,0,34,98,0,52,0,0,0,0,0
151,0,7,0,0,0,0,0,311405,0,0,0,0,53,0,0,0,0,0,0,0,0,0,0,0,0,0,0,0,0,0,0,0,0,0,0,105,39,0,132,0,0,0,0,0
151,0,8,0,0,0,0,0,311405,0,0,0,0,50,0,0,0,0,0,0,0,0,0,0,0,0,0,0,0,0,0,0,0,0,0,0,52,0,42,107,0,0,0,0,0
151,0,9,0,0,0,0,0,311405,0,0,0,0,47,0,0,0,0,0,0,0,0,0,0,0,0,0,0,0,0,0,0,0,0,0,376,42,0,0,53,0,0,0,0,0
151,0,10,0,0,0,0,0,311405,0,0,0,0,53,0,0,0,0,0,0,0,0,0,0,0,0,0,0,0,0,0,0,0,0,0,0,89,92,0,126,0,0,0,0,0
151,0,11,0,0,0,0,0,311405,0,0,0,0,53,0,0,0,0,0,0,0,0,0,0,0,0,0,0,0,0,0,0,0,0,0,0,40,39,0,94,0,0,0,0,0
151,0,12,0,0,0,0,0,311405,0,0,0,0,47,0,0,0,0,0,0,0,0,0,0,0,0,0,0,0,0,0,0,0,0,0,0,0,0,45,93,0,0,0,0,0
151,0,13,0,0,0,0,0,311405,0,0,0,0,53,0,0,0,0,0,0,0,0,0,0,0,0,0,0,0,0,0,0,0,0,0,167,0,0,0,109,0,0,0,0,0
151,0,14,0,0,0,0,0,311404,0,0,0,0,53,0,0,0,0,0,0,0,0,0,0,0,0,0,0,0,0,0,0,0,0,0,0,0,91,0,62,0,0,0,0,0
151,0,15,0,0,0,0,0,311405,0,0,0,0,52,0,0,0,0,0,0,0,0,0,0,0,0,0,0,0,0,0,0,0,0,0,0,0,28,0,100,0,0,0,0,0
152,0,0,0,0,0,0,0,622762,0,0,514,131200,136,0,0,0,0,0,4455,0,0,0,0,0,0,0,0,514,514,0,0,0,258821,131200,0,294,0,136,284,0,0,0,0,252102
152,0,1,0,0,0,0,0,311381,4455,0,0,0,1407,0,0,0,0,0,4455,0,0,0,0,0,0,0,0,0,263,0,0,0,130021,0,0,78,167,372,2372,0,0,66420,0,0
152,0,2,0,0,0,0,0,311381,0,0,0,0,184,65920,0,0,0,0,0,0,0,0,0,0,0,0,0,0,0,0,0,0,65015,65344,0,249,364,430,422,0,0,65663,0,65664
152,0,3,0,0,0,0,0,311381,0,0,0,0,202,65920,0,0,0,0,0,0,0,0,0,0,0,0,0,0,0,0,0,0,0,65401,0,98,146,0,315,0,0,445,0,65661
152,0,4,0,0,0,0,0,311381,0,0,0,0,47,0,0,0,0,0,0,0,0,0,0,0,0,0,0,0,0,0,0,0,0,0,0,87,0,45,67,0,0,0,0,0
152,0,5,0,0,0,0,0,311381,0,0,0,0,47,0,0,0,0,0,0,0,0,0,0,0,0,0,0,0,0,0,0,0,0,0,525,148,0,0,115,0,0,0,0,0
152,0,6,0,0,0,0,0,311381,0,0,0,0,47,0,0,0,0,0,0,0,0,0,0,0,0,0,0,0,0,0,0,0,0,0,0,40,98,0,52,0,0,0,0,0
152,0,7,0,0,0,0,0,311381,0,0,0,0,53,0,0,0,0,0,0,0,0,0,0,0,0,0,0,0,0,0,0,0,0,0,0,105,39,0,134,0,0,0,0,0
152,0,8,0,0,0,0,0,311381,0,0,0,0,50,0,0,0,0,0,0,0,0,0,0,0,0,0,0,0,0,0,0,0,0,0,0,52,0,42,107,0,0,0,0,0
152,0,9,0,0,0,0,0,311381,0,0,0,0,47,0,0,0,0,0,0,0,0,0,0,0,0,0,0,0,0,0,0,0,0,0,377,42,0,0,53,0,0,0,0,0
152,0,10,0,0,0,0,0,311381,0,0,0,0,53,0,0,0,0,0,0,0,0,0,0,0,0,0,0,0,0,0,0,0,0,0,0,85,92,0,124,0,0,0,0,0
152,0,11,0,0,0,0,0,311381,0,0,0,0,53,0,0,0,0,0,0,0,0,0,0,0,0,0,0,0,0,0,0,0,0,0,0,40,39,0,94,0,0,0,0,0
152,0,12,0,0,0,0,0,311381,0,0,0,0,47,0,0,0,0,0,0,0,0,0,0,0,0,0,0,0,0,0,0,0,0,0,0,0,0,45,93,0,0,0,0,0
152,0,13,0,0,0,0,0,311381,0,0,0,0,53,0,0,0,0,0,0,0,0,0,0,0,0,0,0,0,0,0,0,0,0,0,166,0,0,0,109,0,0,0,0,0
152,0,14,0,0,0,0,0,311381,0,0,0,0,53,0,0,0,0,0,0,0,0,0,0,0,0,0,0,0,0,0,0,0,0,0,0,0,92,0,66,0,0,0,0,0
152,0,15,0,0,0,0,0,311381,0,0,0,0,53,0,0,0,0,0,0,0,0,0,0,0,0,0,0,0,0,0,0,0,0,0,0,0,27,0,101,0,0,0,0,0
153,0,0,0,0,0,0,0,622770,0,0,514,131200,136,0,0,0,0,0,4452,0,0,0,0,0,0,0,0,514,514,0,0,0,258640,131200,0,294,0,136,284,0,0,0,0,252140
153,0,1,0,0,0,0,0,311385,4452,0,0,0,1407,0,0,0,0,0,4452,0,0,0,0,0,0,0,0,0,260,0,0,0,129947,0,0,80,166,371,2376,0,0,66468,0,0
153,0,2,0,0,0,0,0,311385,0,0,0,0,184,65920,0,0,0,0,0,0,0,0,0,0,0,0,0,0,0,0,0,0,65009,65333,0,249,360,435,417,0,0,65654,0,65668
153,0,3,0,0,0,0,0,311385,0,0,0,0,197,65920,0,0,0,0,0,0,0,0,0,0,0,0,0,0,0,0,0,0,0,65405,0,97,151,0,306,0,0,446,0,65660
153,0,4,0,0,0,0,0,311385,0,0,0,0,47,0,0,0,0,0,0,0,0,0,0,0,0,0,0,0,0,0,0,0,0,0,0,87,0,45,65,0,0,0,0,0
153,0,5,0,0,0,0,0,311385,0,0,0,0,47,0,0,0,0,0,0,0,0,0,0,0,0,0,0,0,0,0,0,0,0,0,525,148,0,0,113,0,0,0,0,0
153,0,6,0,0,0,0,0,311385,0,0,0,0,47,0,0,0,0,0,0,0,0,0,0,0,0,0,0,0,0,0,0,0,0,0,0,40,98,0,52,0,0,0,0,0
153,0,7,0,0,0,0,0,311385,0,0,0,0,53,0,0,0,0,0,0,0,0,0,0,0,0,0,0,0,0,0,0,0,0,0,0,104,39,0,136,0,0,0,0,0
153,0,8,0,0,0,0,0,311385,0,0,0,0,50,0,0,0,0,0,0,0,0,0,0,0,0,0,0,0,0,0,0,0,0,0,0,52,0,42,107,0,0,0,0,0
153,0,9,0,0,0,0,0,311385,0,0,0,0,47,0,0,0,0,0,0,0,0,0,0,0,0,0,0,0,0,0,0,0,0,0,377,42,0,0,53,0,0,0,0,0
153,0,10,0,0,0,0,0,311385,0,0,0,0,53,0,0,0,0,0,0,0,0,0,0,0,0,0,0,0,0,0,0,0,0,0,0,87,92,0,122,0,0,0,0,0
153,0,11,0,0,0,0,0,311385,0,0,0,0,53,0,0,0,0,0,0,0,0,0,0,0,0,0,0,0,0,0,0,0,0,0,0,41,39,0,94,0,0,0,0,0
153,0,12,0,0,0,0,0,311385,0,0,0,0,47,0,0,0,0,0,0,0,0,0,0,0,0,0,0,0,0,0,0,0,0,0,0,0,0,45,93,0,0,0,0,0
153,0,13,0,0,0,0,0,311385,0,0,0,0,53,0,0,0,0,0,0,0,0,0,0,0,0,0,0,0,0,0,0,0,0,0,166,0,0,0,109,0,0,0,0,0
153,0,14,0,0,0,0,0,311385,0,0,0,0,53,0,0,0,0,0,0,0,0,0,0,0,0,0,0,0,0,0,0,0,0,0,0,0,92,0,64,0,0,0,0,0
153,0,15,0,0,0,0,0,311385,0,0,0,0,53,0,0,0,0,0,0,0,0,0,0,0,0,0,0,0,0,0,0,0,0,0,0,0,27,0,100,0,0,0,0,0
154,0,0,0,0,0,0,0,1142370,0,0,1026,262400,136,0,0,0,0,0,5232,0,0,0,0,0,0,0,0,1026,1026,0,130139,0,388326,262400,0,553,0,136,284,0,0,0,0,784671
154,0,1,0,0,0,0,0,571185,5232,0,0,0,1785,0,0,0,0,0,5232,0,0,0,0,0,0,0,0,0,511,0,65039,0,129905,0,0,167,218,368,2996,0,0,322611,0,0
154,0,2,0,0,0,0,0,571185,0,0,0,0,212,65920,0,0,0,0,0,0,0,0,0,0,0,0,0,0,0,0,0,0,65133,65329,0,249,352,413,467,0,0,196131,0,65414
154,0,3,0,0,0,0,0,571185,0,0,0,0,221,65920,0,0,0,0,0,0,0,0,0,0,0,0,0,0,0,0,0,0,0,65352,0,94,126,0,352,0,0,128892,0,65254
154,0,4,0,0,0,0,0,571185,0,0,0,0,228,65920,0,0,0,0,0,0,0,0,0,0,0,0,0,0,0,0,0,0,0,65325,0,87,0,121,297,258189,0,0,0,65505
154,0,5,0,0,0,0,0,571185,0,0,0,0,213,65920,0,0,0,0,0,0,0,0,0,0,0,0,0,0,0,0,0,0,0,65422,799,148,0,0,451,0,0,65034,0,65396
154,0,6,0,0,0,0,0,571184,0,0,0,0,47,0,0,0,0,0,0,0,0,0,0,0,0,0,0,0,0,0,0,0,0,0,0,40,98,2,52,0,0,0,0,0
154,0,7,0,0,0,0,0,571185,0,0,0,0,53,0,0,0,0,0,0,0,0,0,0,0,0,0,0,0,0,0,0,0,0,0,0,106,39,0,137,0,0,0,0,0
154,0,8,0,0,0,0,0,571185,0,0,0,0,50,0,0,0,0,0,0,0,0,0,0,0,0,0,0,0,0,0,0,0,0,0,0,52,0,42,107,0,0,0,0,0
154,0,9,0,0,0,0,0,571185,0,0,0,0,47,0,0,0,0,0,0,0,0,0,0,0,0,0,0,0,0,0,0,0,0,0,375,42,0,0,53,0,0,0,0,0
154,0,10,0,0,0,0,0,571185,0,0,0,0,53,0,0,0,0,0,0,0,0,0,0,0,0,0,0,0,0,0,0,0,0,0,0,88,92,0,121,0,0,0,0,0
154,0,11,0,0,0,0,0,571185,0,0,0,0,53,0,0,0,0,0,0,0,0,0,0,0,0,0,0,0,0,0,0,0,0,0,0,41,39,0,94,0,0,0,0,0
154,0,12,0,0,0,0,0,571185,0,0,0,0,47,0,0,0,0,0,0,0,0,0,0,0,0,0,0,0,0,0,0,0,0,0,0,0,0,45,93,0,0,0,0,0
154,0,13,0,0,0,0,0,571185,0,0,0,0,53,0,0,0,0,0,0,0,0,0,0,0,0,0,0,0,0,0,0,0,0,0,168,0,0,0,109,0,0,0,0,0
154,0,14,0,0,0,0,0,571184,0,0,0,0,53,0,0,0,0,0,0,0,0,0,0,0,0,0,0,0,0,0,0,0,0,0,0,0,90,0,63,0,0,0,0,0
154,0,15,0,0,0,0,0,571185,0,0,0,0,51,0,0,0,0,0,0,0,0,0,0,0,0,0,0,0,0,0,0,0,0,0,0,0,29,0,100,0,0,0,0,0
155,0,0,0,0,0,0,0,1142288,0,0,1026,262400,136,0,0,0,0,0,5235,0,0,0,0,0,0,0,0,1026,1026,0,130154,0,388317,262400,0,553,0,136,284,0,0,0,0,784515
155,0,1,0,0,0,0,0,571144,5235,0,0,0,1801,0,0,0,0,0,5235,0,0,0,0,0,0,0,0,0,509,0,65023,0,129910,0,0,160,209,368,3010,0,0,322543,0,0
155,0,2,0,0,0,0,0,571144,0,0,0,0,208,65920,0,0,0,0,0,0,0,0,0,0,0,0,0,0,0,0,0,0,65130,65341,0,249,357,414,462,0,0,199239,0,65409
155,0,3,0,0,0,0,0,571144,0,0,0,0,222,65920,0,0,0,0,0,0,0,0,0,0,0,0,0,0,0,0,0,0,0,65343,0,94,125,0,352,0,0,128907,0,65265
155,0,4,0,0,0,0,0,571144,0,0,0,0,227,65920,0,0,0,0,0,0,0,0,0,0,0,0,0,0,0,0,0,0,0,65332,0,87,0,122,288,258180,0,0,0,65516
155,0,5,0,0,0,0,0,571144,0,0,0,0,215,65920,0,0,0,0,0,0,0,0,0,0,0,0,0,0,0,0,0,0,0,65414,796,148,0,0,460,0,0,65045,0,65398
155,0,6,0,0,0,0,0,571144,0,0,0,0,47,0,0,0,0,0,0,0,0,0,0,0,0,0,0,0,0,0,0,0,0,0,0,40,98,2,52,0,0,0,0,0
155,0,7,0,0,0,0,0,571144,0,0,0,0,53,0,0,0,0,0,0,0,0,0,0,0,0,0,0,0,0,0,0,0,0,0,0,106,39,0,137,0,0,0,0,0
155,0,8,0,0,0,0,0,571144,0,0,0,0,50,0,0,0,0,0,0,0,0,0,0,0,0,0,0,0,0,0,0,0,0,0,0,52,0,42,107,0,0,0,0,0
155,0,9,0,0,0,0,0,571144,0,0,0,0,47,0,0,0,0,0,0,0,0,0,0,0,0,0,0,0,0,0,0,0,0,0,375,42,0,0,53,0,0,0,0,0
155,0,10,0,0,0,0,0,571144,0,0,0,0,53,0,0,0,0,0,0,0,0,0,0,0,0,0,0,0,0,0,0,0,0,0,0,88,92,0,121,0,0,0,0,0
155,0,11,0,0,0,0,0,571144,0,0,0,0,53,0,0,0,0,0,0,0,0,0,0,0,0,0,0,0,0,0,0,0,0,0,0,41,39,0,94,0,0,0,0,0
155,0,12,0,0,0,0,0,571144,0,0,0,0,47,0,0,0,0,0,0,0,0,0,0,0,0,0,0,0,0,0,0,0,0,0,0,0,0,45,93,0,0,0,0,0
155,0,13,0,0,0,0,0,571144,0,0,0,0,53,0,0,0,0,0,0,0,0,0,0,0,0,0,0,0,0,0,0,0,0,0,168,0,0,0,109,0,0,0,0,0
155,0,14,0,0,0,0,0,571144,0,0,0,0,53,0,0,0,0,0,0,0,0,0,0,0,0,0,0,0,0,0,0,0,0,0,0,0,90,0,63,0,0,0,0,0
155,0,15,0,0,0,0,0,571144,0,0,0,0,51,0,0,0,0,0,0,0,0,0,0,0,0,0,0,0,0,0,0,0,0,0,0,0,29,0,100,0,0,0,0,0
156,0,0,0,0,0,0,0,1142429,0,0,1026,262400,136,0,0,0,0,0,5235,0,0,0,0,0,0,0,0,1026,1026,0,130116,0,388333,262400,0,553,0,136,284,0,0,0,0,784756
156,0,1,0,0,0,0,0,571214,5235,0,0,0,1791,0,0,0,0,0,5235,0,0,0,0,0,0,0,0,0,513,0,65023,0,129920,0,0,162,215,370,3014,0,0,322617,0,0
156,0,2,0,0,0,0,0,571214,0,0,0,0,212,65920,0,0,0,0,0,0,0,0,0,0,0,0,0,0,0,0,0,0,65123,65345,0,249,350,416,461,0,0,200279,0,65414
156,0,3,0,0,0,0,0,571214,0,0,0,0,218,65920,0,0,0,0,0,0,0,0,0,0,0,0,0,0,0,0,0,0,0,65341,0,95,129,0,345,0,0,128935,0,65252
156,0,4,0,0,0,0,0,571214,0,0,0,0,217,65920,0,0,0,0,0,0,0,0,0,0,0,0,0,0,0,0,0,0,0,65318,0,87,0,132,284,258182,0,0,0,65517
156,0,5,0,0,0,0,0,571214,0,0,0,0,211,65920,0,0,0,0,0,0,0,0,0,0,0,0,0,0,0,0,0,0,0,65409,789,148,0,1,454,0,0,65061,0,65394
156,0,6,0,0,0,0,0,571214,0,0,0,0,47,0,0,0,0,0,0,0,0,0,0,0,0,0,0,0,0,0,0,0,0,0,0,40,98,1,52,0,0,0,0,0
156,0,7,0,0,0,0,0,571214,0,0,0,0,53,0,0,0,0,0,0,0,0,0,0,0,0,0,0,0,0,0,0,0,0,0,0,106,39,0,137,0,0,0,0,0
156,0,8,0,0,0,0,0,571214,0,0,0,0,50,0,0,0,0,0,0,0,0,0,0,0,0,0,0,0,0,0,0,0,0,0,0,52,0,42,107,0,0,0,0,0
156,0,9,0,0,0,0,0,571214,0,0,0,0,47,0,0,0,0,0,0,0,0,0,0,0,0,0,0,0,0,0,0,0,0,0,375,42,0,0,53,0,0,0,0,0
156,0,10,0,0,0,0,0,571214,0,0,0,0,53,0,0,0,0,0,0,0,0,0,0,0,0,0,0,0,0,0,0,0,0,0,0,88,92,0,121,0,0,0,0,0
156,0,11,0,0,0,0,0,571214,0,0,0,0,53,0,0,0,0,0,0,0,0,0,0,0,0,0,0,0,0,0,0,0,0,0,0,41,39,0,94,0,0,0,0,0
156,0,12,0,0,0,0,0,571214,0,0,0,0,47,0,0,0,0,0,0,0,0,0,0,0,0,0,0,0,0,0,0,0,0,0,0,0,0,45,93,0,0,0,0,0
156,0,13,0,0,0,0,0,571214,0,0,0,0,53,0,0,0,0,0,0,0,0,0,0,0,0,0,0,0,0,0,0,0,0,0,168,0,0,0,109,0,0,0,0,0
156,0,14,0,0,0,0,0,571214,0,0,0,0,53,0,0,0,0,0,0,0,0,0,0,0,0,0,0,0,0,0,0,0,0,0,0,0,90,0,63,0,0,0,0,0
156,0,15,0,0,0,0,0,571214,0,0,0,0,51,0,0,0,0,0,0,0,0,0,0,0,0,0,0,0,0,0,0,0,0,0,0,0,29,0,100,0,0,0,0,0
157,0,0,0,0,0,0,0,1661331,0,0,1538,393600,136,0,0,0,0,0,6015,0,0,0,0,0,0,0,0,1538,1538,0,130116,0,646014,393600,0,485,0,136,284,0,0,0,0,1043405
157,0,1,0,0,0,0,0,830666,6015,0,0,0,2097,0,0,0,0,0,6015,0,0,0,0,0,0,0,0,0,773,0,65087,0,259316,0,0,171,232,552,3588,0,0,209606,0,0
157,0,2,0,0,0,0,0,830666,0,0,0,0,157,65920,0,0,0,0,0,0,0,0,0,0,0,0,0,0,0,0,65070,0,129838,65360,0,494,288,611,355,0,0,193298,0,65356
157,0,3,0,0,0,0,0,830666,0,0,0,0,170,65920,0,0,0,0,0,0,0,0,0,0,0,0,0,0,0,0,65072,0,0,65400,0,222,109,0,260,0,0,79001,0,65495
157,0,4,0,0,0,0,0,830666,0,0,0,0,178,65920,0,0,0,0,0,0,0,0,0,0,0,0,0,0,0,0,0,0,0,65396,0,87,0,103,263,517951,0,0,0,65355
157,0,5,0,0,0,0,0,830666,0,0,0,0,218,65920,0,0,0,0,0,0,0,0,0,0,0,0,0,0,0,0,0,0,0,65384,1091,151,0,1,461,0,0,388327,0,65380
157,0,6,0,0,0,0,0,830666,0,0,0,0,275,65920,0,0,0,0,0,0,0,0,0,0,0,0,0,0,0,0,0,0,0,65381,0,28,461,1,400,0,0,370095,0,65425
157,0,7,0,0,0,0,0,830666,0,0,0,0,294,65920,0,0,0,0,0,0,0,0,0,0,0,0,0,0,0,0,0,0,0,65350,0,106,149,0,605,0,0,185683,0,65303
157,0,8,0,0,0,0,0,830666,0,0,0,0,50,0,0,0,0,0,0,0,0,0,0,0,0,0,0,0,0,0,0,0,0,0,0,52,0,42,107,0,0,0,0,0
157,0,9,0,0,0,0,0,830666,0,0,0,0,48,0,0,0,0,0,0,0,0,0,0,0,0,0,0,0,0,0,0,0,0,0,376,40,0,0,53,0,0,0,0,0
157,0,10,0,0,0,0,0,830666,0,0,0,0,52,0,0,0,0,0,0,0,0,0,0,0,0,0,0,0,0,0,0,0,0,0,0,90,88,0,130,0,0,0,0,0
157,0,11,0,0,0,0,0,830666,0,0,0,0,48,0,0,0,0,0,0,0,0,0,0,0,0,0,0,0,0,0,0,0,0,0,0,38,44,0,94,0,0,0,0,0
157,0,12,0,0,0,0,0,830666,0,0,0,0,49,0,0,0,0,0,0,0,0,0,0,0,0,0,0,0,0,0,0,0,0,0,0,0,0,43,95,0,0,0,0,0
157,0,13,0,0,0,0,0,830666,0,0,0,0,55,0,0,0,0,0,0,0,0,0,0,0,0,0,0,0,0,0,0,0,0,0,170,0,0,0,113,0,0,0,0,0
157,0,14,0,0,0,0,0,830665,0,0,0,0,52,0,0,0,0,0,0,0,0,0,0,0,0,0,0,0,0,0,0,0,0,0,0,0,88,0,60,0,0,0,0,0
157,0,15,0,0,0,0,0,830666,0,0,0,0,48,0,0,0,0,0,0,0,0,0,0,0,0,0,0,0,0,0,0,0,0,0,0,0,32,0,102,0,0,0,0,0
158,0,0,0,0,0,0,0,1661309,0,0,1538,393600,136,0,0,0,0,0,6015,0,0,0,0,0,0,0,0,1538,1538,0,130135,0,645930,393600,0,485,0,136,284,0,0,0,0,1043350
158,0,1,0,0,0,0,0,830654,6015,0,0,0,2073,0,0,0,0,0,6015,0,0,0,0,0,0,0,0,0,774,0,65067,0,259269,0,0,181,233,565,3565,0,0,209634,0,0
158,0,2,0,0,0,0,0,830654,0,0,0,0,157,65920,0,0,0,0,0,0,0,0,0,0,0,0,0,0,0,0,65064,0,129810,65360,0,476,282,620,351,0,0,193275,0,65358
158,0,3,0,0,0,0,0,830654,0,0,0,0,164,65920,0,0,0,0,0,0,0,0,0,0,0,0,0,0,0,0,65048,0,0,65402,0,211,115,0,256,0,0,79011,0,65484
158,0,4,0,0,0,0,0,830654,0,0,0,0,166,65920,0,0,0,0,0,0,0,0,0,0,0,0,0,0,0,0,0,0,0,65397,0,87,0,115,251,518093,0,0,0,65344
158,0,5,0,0,0,0,0,830654,0,0,0,0,219,65920,0,0,0,0,0,0,0,0,0,0,0,0,0,0,0,0,0,0,0,65378,1096,150,0,2,453,0,0,388279,0,65375
158,0,6,0,0,0,0,0,830653,0,0,0,0,280,65920,0,0,0,0,0,0,0,0,0,0,0,0,0,0,0,0,0,0,0,65386,0,39,439,1,412,0,0,370166,0,65426
158,0,7,0,0,0,0,0,830654,0,0,0,0,278,65920,0,0,0,0,0,0,0,0,0,0,0,0,0,0,0,0,0,0,0,65344,0,111,165,0,595,0,0,185685,0,65309
158,0,8,0,0,0,0,0,830654,0,0,0,0,51,0,0,0,0,0,0,0,0,0,0,0,0,0,0,0,0,0,0,0,0,0,0,52,0,41,108,0,0,0,0,0
158,0,9,0,0,0,0,0,830654,0,0,0,0,48,0,0,0,0,0,0,0,0,0,0,0,0,0,0,0,0,0,0,0,0,0,379,41,0,0,53,0,0,0,0,0
158,0,10,0,0,0,0,0,830654,0,0,0,0,52,0,0,0,0,0,0,0,0,0,0,0,0,0,0,0,0,0,0,0,0,0,0,85,92,0,124,0,0,0,0,0
158,0,11,0,0,0,0,0,830654,0,0,0,0,52,0,0,0,0,0,0,0,0,0,0,0,0,0,0,0,0,0,0,0,0,0,0,38,40,0,93,0,0,0,0,0
158,0,12,0,0,0,0,0,830654,0,0,0,0,46,0,0,0,0,0,0,0,0,0,0,0,0,0,0,0,0,0,0,0,0,0,0,0,0,46,92,0,0,0,0,0
158,0,13,0,0,0,0,0,830654,0,0,0,0,53,0,0,0,0,0,0,0,0,0,0,0,0,0,0,0,0,0,0,0,0,0,164,0,0,0,110,0,0,0,0,0
158,0,14,0,0,0,0,0,830654,0,0,0,0,52,0,0,0,0,0,0,0,0,0,0,0,0,0,0,0,0,0,0,0,0,0,0,0,93,0,65,0,0,0,0,0
158,0,15,0,0,0,0,0,830654,0,0,0,0,53,0,0,0,0,0,0,0,0,0,0,0,0,0,0,0,0,0,0,0,0,0,0,0,27,0,107,0,0,0,0,0
159,0,0,0,0,0,0,0,1661335,0,0,1538,393600,136,0,0,0,0,0,6015,0,0,0,0,0,0,0,0,1538,1538,0,130111,0,645996,393600,0,485,0,136,284,0,0,0,0,1043422
159,0,1,0,0,0,0,0,830667,6015,0,0,0,2091,0,0,0,0,0,6015,0,0,0,0,0,0,0,0,0,769,0,65071,0,259307,0,0,180,229,552,3599,0,0,209615,0,0
159,0,2,0,0,0,0,0,830667,0,0,0,0,166,65920,0,0,0,0,0,0,0,0,0,0,0,0,0,0,0,0,65062,0,129819,65368,0,490,276,617,362,0,0,193300,0,65361
159,0,3,0,0,0,0,0,830667,0,0,0,0,167,65920,0,0,0,0,0,0,0,0,0,0,0,0,0,0,0,0,65053,0,0,65404,0,216,112,0,257,0,0,79003,0,65498
159,0,4,0,0,0,0,0,830667,0,0,0,0,169,65920,0,0,0,0,0,0,0,0,0,0,0,0,0,0,0,0,0,0,0,65394,0,87,0,112,250,517948,0,0,0,65353
159,0,5,0,0,0,0,0,830667,0,0,0,0,218,65920,0,0,0,0,0,0,0,0,0,0,0,0,0,0,0,0,0,0,0,65380,1086,151,0,2,452,0,0,388275,0,65374
159,0,6,0,0,0,0,0,830667,0,0,0,0,278,65920,0,0,0,0,0,0,0,0,0,0,0,0,0,0,0,0,0,0,0,65380,0,33,451,1,402,0,0,370118,0,65419
159,0,7,0,0,0,0,0,830667,0,0,0,0,288,65920,0,0,0,0,0,0,0,0,0,0,0,0,0,0,0,0,0,0,0,65344,0,106,155,0,605,0,0,185693,0,65309
159,0,8,0,0,0,0,0,830667,0,0,0,0,50,0,0,0,0,0,0,0,0,0,0,0,0,0,0,0,0,0,0,0,0,0,0,52,0,42,107,0,0,0,0,0
159,0,9,0,0,0,0,0,830667,0,0,0,0,48,0,0,0,0,0,0,0,0,0,0,0,0,0,0,0,0,0,0,0,0,0,381,40,0,0,53,0,0,0,0,0
159,0,10,0,0,0,0,0,830667,0,0,0,0,52,0,0,0,0,0,0,0,0,0,0,0,0,0,0,0,0,0,0,0,0,0,0,89,88,0,126,0,0,0,0,0
159,0,11,0,0,0,0,0,830667,0,0,0,0,48,0,0,0,0,0,0,0,0,0,0,0,0,0,0,0,0,0,0,0,0,0,0,38,44,0,94,0,0,0,0,0
159,0,12,0,0,0,0,0,830667,0,0,0,0,49,0,0,0,0,0,0,0,0,0,0,0,0,0,0,0,0,0,0,0,0,0,0,0,0,43,95,0,0,0,0,0
159,0,13,0,0,0,0,0,830667,0,0,0,0,55,0,0,0,0,0,0,0,0,0,0,0,0,0,0,0,0,0,0,0,0,0,165,0,0,0,113,0,0,0,0,0
159,0,14,0,0,0,0,0,830667,0,0,0,0,52,0,0,0,0,0,0,0,0,0,0,0,0,0,0,0,0,0,0,0,0,0,0,0,93,0,61,0,0,0,0,0
159,0,15,0,0,0,0,0,830667,0,0,0,0,53,0,0,0,0,0,0,0,0,0,0,0,0,0,0,0,0,0,0,0,0,0,0,0,27,0,107,0,0,0,0,0
160,0,0,0,0,0,0,0,2181524,0,0,2050,524800,136,0,0,0,0,0,6795,0,0,0,0,0,0,0,0,2050,2050,0,259657,0,775034,524800,0,754,0,136,284,0,0,0,0,1473481
160,0,1,0,0,0,0,0,1090762,6795,0,0,0,2451,0,0,0,0,0,6795,0,0,0,0,0,0,0,0,0,1033,0,129904,0,259245,0,0,256,361,498,4214,0,0,243808,0,0
160,0,2,0,0,0,0,0,1090762,0,0,0,0,134,65920,0,0,0,0,0,0,0,0,0,0,0,0,0,0,0,0,65067,0,129899,65360,0,525,217,639,265,0,0,204713,0,65368
160,0,3,0,0,0,0,0,1090762,0,0,0,0,132,65920,0,0,0,0,0,0,0,0,0,0,0,0,0,0,0,0,65073,0,0,65377,0,188,89,0,196,0,0,101706,0,65374
160,0,4,0,0,0,0,0,1090762,0,0,0,0,166,65920,0,0,0,0,0,0,0,0,0,0,0,0,0,0,0,0,65026,0,0,65366,0,189,0,101,278,742525,0,0,0,65357
160,0,5,0,0,0,0,0,1090762,0,0,0,0,235,65920,0,0,0,0,0,0,0,0,0,0,0,0,0,0,0,0,65126,0,0,65396,1398,330,0,0,521,0,0,753115,0,65398
160,0,6,0,0,0,0,0,1090762,0,0,0,0,286,65920,0,0,0,0,0,0,0,0,0,0,0,0,0,0,0,0,0,0,0,65380,0,12,484,2,422,0,0,553065,0,65399
160,0,7,0,0,0,0,0,1090762,0,0,0,0,302,65920,0,0,0,0,0,0,0,0,0,0,0,0,0,0,0,0,0,0,0,65346,0,137,167,0,641,0,0,224354,0,65333
160,0,8,0,0,0,0,0,1090762,0,0,0,0,233,65920,0,0,0,0,0,0,0,0,0,0,0,0,0,0,0,0,0,0,0,65331,0,53,0,140,470,541562,0,0,0,65382
160,0,9,0,0,0,0,0,1090762,0,0,0,0,233,65920,0,0,0,0,0,0,0,0,0,0,0,0,0,0,0,0,0,0,0,65354,654,38,0,1,344,0,0,158191,0,65293
160,0,10,0,0,0,0,0,1090762,0,0,0,0,51,0,0,0,0,0,0,0,0,0,0,0,0,0,0,0,0,0,0,0,0,0,0,88,88,1,147,0,0,0,0,0
160,0,11,0,0,0,0,0,1090762,0,0,0,0,47,0,0,0,0,0,0,0,0,0,0,0,0,0,0,0,0,0,0,0,0,0,0,8,45,0,93,0,0,0,0,0
160,0,12,0,0,0,0,0,1090762,0,0,0,0,46,0,0,0,0,0,0,0,0,0,0,0,0,0,0,0,0,0,0,0,0,0,0,0,0,46,91,0,0,0,0,0
160,0,13,0,0,0,0,0,1090762,0,0,0,0,52,0,0,0,0,0,0,0,0,0,0,0,0,0,0,0,0,0,0,0,0,0,170,0,0,0,112,0,0,0,0,0
160,0,14,0,0,0,0,0,1090761,0,0,0,0,46,0,0,0,0,0,0,0,0,0,0,0,0,0,0,0,0,0,0,0,0,0,0,0,88,0,56,0,0,0,0,0
160,0,15,0,0,0,0,0,1090762,0,0,0,0,42,0,0,0,0,0,0,0,0,0,0,0,0,0,0,0,0,0,0,0,0,0,0,0,38,0,128,0,0,0,0,0
161,0,0,0,0,0,0,0,2181415,0,0,2050,524800,136,0,0,0,0,0,6795,0,0,0,0,0,0,0,0,2050,2050,0,259470,0,775267,524800,0,754,0,136,284,0,0,0,0,1473337
161,0,1,0,0,0,0,0,1090708,6795,0,0,0,2456,0,0,0,0,0,6795,0,0,0,0,0,0,0,0,0,1041,0,129909,0,259334,0,0,246,369,495,4199,0,0,243875,0,0
161,0,2,0,0,0,0,0,1090708,0,0,0,0,134,65920,0,0,0,0,0,0,0,0,0,0,0,0,0,0,0,0,65051,0,129904,65380,0,527,215,638,267,0,0,202727,0,65376
161,0,3,0,0,0,0,0,1090708,0,0,0,0,130,65920,0,0,0,0,0,0,0,0,0,0,0,0,0,0,0,0,65079,0,0,65379,0,189,91,0,194,0,0,101755,0,65375
161,0,4,0,0,0,0,0,1090708,0,0,0,0,173,65920,0,0,0,0,0,0,0,0,0,0,0,0,0,0,0,0,65037,0,0,65321,0,200,0,94,282,742530,0,0,0,65361
161,0,5,0,0,0,0,0,1090708,0,0,0,0,237,65920,0,0,0,0,0,0,0,0,0,0,0,0,0,0,0,0,65125,0,0,65395,1420,334,0,1,529,0,0,753113,0,65399
161,0,6,0,0,0,0,0,1090708,0,0,0,0,305,65920,0,0,0,0,0,0,0,0,0,0,0,0,0,0,0,0,0,0,0,65389,0,11,458,1,440,0,0,554096,0,65400
161,0,7,0,0,0,0,0,1090708,0,0,0,0,295,65920,0,0,0,0,0,0,0,0,0,0,0,0,0,0,0,0,0,0,0,65347,0,144,174,0,627,0,0,227381,0,65341
161,0,8,0,0,0,0,0,1090708,0,0,0,0,240,65920,0,0,0,0,0,0,0,0,0,0,0,0,0,0,0,0,0,0,0,65338,0,52,0,133,467,541617,0,0,0,65376
161,0,9,0,0,0,0,0,1090708,0,0,0,0,226,65920,0,0,0,0,0,0,0,0,0,0,0,0,0,0,0,0,0,0,0,65351,662,42,0,1,329,0,0,158137,0,65300
161,0,10,0,0,0,0,0,1090708,0,0,0,0,52,0,0,0,0,0,0,0,0,0,0,0,0,0,0,0,0,0,0,0,0,0,0,92,93,1,145,0,0,0,0,0
161,0,11,0,0,0,0,0,1090708,0,0,0,0,53,0,0,0,0,0,0,0,0,0,0,0,0,0,0,0,0,0,0,0,0,0,0,6,39,0,94,0,0,0,0,0
161,0,12,0,0,0,0,0,1090708,0,0,0,0,46,0,0,0,0,0,0,0,0,0,0,0,0,0,0,0,0,0,0,0,0,0,0,0,0,46,92,0,0,0,0,0
161,0,13,0,0,0,0,0,1090708,0,0,0,0,52,0,0,0,0,0,0,0,0,0,0,0,0,0,0,0,0,0,0,0,0,0,171,0,0,0,108,0,0,0,0,0
161,0,14,0,0,0,0,0,1090708,0,0,0,0,46,0,0,0,0,0,0,0,0,0,0,0,0,0,0,0,0,0,0,0,0,0,0,0,87,0,52,0,0,0,0,0
161,0,15,0,0,0,0,0,1090708,0,0,0,0,41,0,0,0,0,0,0,0,0,0,0,0,0,0,0,0,0,0,0,0,0,0,0,0,39,0,129,0,0,0,0,0
162,0,0,0,0,0,0,0,2181631,0,0,2050,524800,136,0,0,0,0,0,6792,0,0,0,0,0,0,0,0,2050,2050,0,259746,0,774864,524800,0,754,0,136,284,0,0,0,0,1473297
162,0,1,0,0,0,0,0,1090815,6792,0,0,0,2478,0,0,0,0,0,6792,0,0,0,0,0,0,0,0,0,1033,0,129874,0,259220,0,0,245,367,476,4217,0,0,243822,0,0
162,0,2,0,0,0,0,0,1090815,0,0,0,0,126,65920,0,0,0,0,0,0,0,0,0,0,0,0,0,0,0,0,65057,0,129883,65374,0,498,231,686,259,0,0,203723,0,65366
162,0,3,0,0,0,0,0,1090815,0,0,0,0,138,65920,0,0,0,0,0,0,0,0,0,0,0,0,0,0,0,0,65075,0,0,65372,0,148,83,0,195,0,0,101721,0,65384
162,0,4,0,0,0,0,0,1090815,0,0,0,0,164,65920,0,0,0,0,0,0,0,0,0,0,0,0,0,0,0,0,65052,0,0,65359,0,188,0,103,280,741513,0,0,0,65373
162,0,5,0,0,0,0,0,1090815,0,0,0,0,233,65920,0,0,0,0,0,0,0,0,0,0,0,0,0,0,0,0,65112,0,0,65389,1408,335,0,1,525,0,0,753164,0,65403
162,0,6,0,0,0,0,0,1090815,0,0,0,0,298,65920,0,0,0,0,0,0,0,0,0,0,0,0,0,0,0,0,0,0,0,65382,0,43,482,2,430,0,0,553001,0,65407
162,0,7,0,0,0,0,0,1090815,0,0,0,0,313,65920,0,0,0,0,0,0,0,0,0,0,0,0,0,0,0,0,0,0,0,65345,0,146,156,0,683,0,0,227351,0,65330
162,0,8,0,0,0,0,0,1090815,0,0,0,0,231,65920,0,0,0,0,0,0,0,0,0,0,0,0,0,0,0,0,0,0,0,65336,0,52,0,142,470,542538,0,0,0,65372
162,0,9,0,0,0,0,0,1090815,0,0,0,0,230,65920,0,0,0,0,0,0,0,0,0,0,0,0,0,0,0,0,0,0,0,65350,645,42,0,1,332,0,0,159169,0,65297
162,0,10,0,0,0,0,0,1090815,0,0,0,0,51,0,0,0,0,0,0,0,0,0,0,0,0,0,0,0,0,0,0,0,0,0,0,97,92,1,107,0,0,0,0,0
162,0,11,0,0,0,0,0,1090815,0,0,0,0,51,0,0,0,0,0,0,0,0,0,0,0,0,0,0,0,0,0,0,0,0,0,0,4,41,0,92,0,0,0,0,0
162,0,12,0,0,0,0,0,1090815,0,0,0,0,46,0,0,0,0,0,0,0,0,0,0,0,0,0,0,0,0,0,0,0,0,0,0,0,0,46,92,0,0,0,0,0
162,0,13,0,0,0,0,0,1090815,0,0,0,0,53,0,0,0,0,0,0,0,0,0,0,0,0,0,0,0,0,0,0,0,0,0,176,0,0,0,109,0,0,0,0,0
162,0,14,0,0,0,0,0,1090815,0,0,0,0,51,0,0,0,0,0,0,0,0,0,0,0,0,0,0,0,0,0,0,0,0,0,0,0,81,0,52,0,0,0,0,0
162,0,15,0,0,0,0,0,1090815,0,0,0,0,40,0,0,0,0,0,0,0,0,0,0,0,0,0,0,0,0,0,0,0,0,0,0,0,40,0,130,0,0,0,0,0
163,0,0,0,0,0,0,0,2700543,0,0,2564,656000,136,0,0,0,0,0,7578,0,0,0,0,0,0,0,0,2564,2564,0,259750,0,1032543,656000,0,666,0,136,284,0,0,0,0,1884559
163,0,1,0,0,0,0,0,1350271,7578,0,0,0,2795,0,0,0,0,0,7578,0,0,0,0,0,0,0,0,0,1253,0,129928,0,388460,0,0,255,295,737,4806,0,0,245556,0,0
163,0,2,0,0,0,0,0,1350271,0,0,0,0,116,65920,0,0,0,0,0,0,0,0,0,0,0,0,0,0,0,0,129996,0,194632,65366,0,736,204,805,257,0,0,188523,0,65365
163,0,3,0,0,0,0,0,1350271,0,0,0,0,121,65920,0,0,0,0,0,0,0,0,0,0,0,0,0,0,0,0,129978,0,0,65382,0,344,80,0,176,0,0,85333,0,65422
163,0,4,0,0,0,0,0,1350271,0,0,0,0,136,65920,0,0,0,0,0,0,0,0,0,0,0,0,0,0,0,0,65046,0,0,65362,0,166,0,97,204,942567,0,0,0,65433
163,0,5,0,0,0,0,0,1350271,0,0,0,0,208,65920,0,0,0,0,0,0,0,0,0,0,0,0,0,0,0,0,65066,0,0,65376,1673,366,0,0,437,0,0,888222,0,65264
163,0,6,0,0,0,0,0,1350271,0,0,0,0,244,65920,0,0,0,0,0,0,0,0,0,0,0,0,0,0,0,0,65083,0,0,65376,0,157,403,3,357,0,0,614447,0,65258
163,0,7,0,0,0,0,0,1350271,0,0,0,0,254,65920,0,0,0,0,0,0,0,0,0,0,0,0,0,0,0,0,65127,0,0,65346,0,364,141,0,542,0,0,264967,0,65169
163,0,8,0,0,0,0,0,1350271,0,0,0,0,194,65920,0,0,0,0,0,0,0,0,0,0,0,0,0,0,0,0,0,0,0,65346,0,52,0,125,401,1023013,0,0,0,65285
163,0,9,0,0,0,0,0,1350271,0,0,0,0,265,65920,0,0,0,0,0,0,0,0,0,0,0,0,0,0,0,0,0,0,0,65385,1041,40,0,0,378,0,0,802611,0,65264
163,0,10,0,0,0,0,0,1350271,0,0,0,0,327,65920,0,0,0,0,0,0,0,0,0,0,0,0,0,0,0,0,0,0,0,65381,0,89,482,2,684,0,0,681742,0,65345
163,0,11,0,0,0,0,0,1350271,0,0,0,0,313,65920,0,0,0,0,0,0,0,0,0,0,0,0,0,0,0,0,0,0,0,65364,0,41,184,0,506,0,0,310665,0,65212
163,0,12,0,0,0,0,0,1350271,0,0,0,0,49,0,0,0,0,0,0,0,0,0,0,0,0,0,0,0,0,0,0,0,0,0,0,0,0,43,95,0,0,0,0,0
163,0,13,0,0,0,0,0,1350271,0,0,0,0,55,0,0,0,0,0,0,0,0,0,0,0,0,0,0,0,0,0,0,0,0,0,167,0,0,0,113,0,0,0,0,0
163,0,14,0,0,0,0,0,1350270,0,0,0,0,52,0,0,0,0,0,0,0,0,0,0,0,0,0,0,0,0,0,0,0,0,0,0,0,91,0,61,0,0,0,0,0
163,0,15,0,0,0,0,0,1350271,0,0,0,0,51,0,0,0,0,0,0,0,0,0,0,0,0,0,0,0,0,0,0,0,0,0,0,0,29,0,106,0,0,0,0,0
164,0,0,0,0,0,0,0,2700567,0,0,2564,656000,136,0,0,0,0,0,7578,0,0,0,0,0,0,0,0,2564,2564,0,259679,0,1032471,656000,0,666,0,136,284,0,0,0,0,1884542
164,0,1,0,0,0,0,0,1350284,7578,0,0,0,2794,0,0,0,0,0,7578,0,0,0,0,0,0,0,0,0,1260,0,129933,0,388441,0,0,231,316,741,4831,0,0,245559,0,0
164,0,2,0,0,0,0,0,1350284,0,0,0,0,120,65920,0,0,0,0,0,0,0,0,0,0,0,0,0,0,0,0,129980,0,194645,65368,0,744,196,815,238,0,0,189577,0,65355
164,0,3,0,0,0,0,0,1350284,0,0,0,0,116,65920,0,0,0,0,0,0,0,0,0,0,0,0,0,0,0,0,129982,0,0,65382,0,340,85,0,165,0,0,85327,0,65429
164,0,4,0,0,0,0,0,1350284,0,0,0,0,139,65920,0,0,0,0,0,0,0,0,0,0,0,0,0,0,0,0,65035,0,0,65353,0,164,0,94,230,942531,0,0,0,65423
164,0,5,0,0,0,0,0,1350284,0,0,0,0,195,65920,0,0,0,0,0,0,0,0,0,0,0,0,0,0,0,0,65074,0,0,65368,1655,363,0,1,451,0,0,889212,0,65259
164,0,6,0,0,0,0,0,1350283,0,0,0,0,245,65920,0,0,0,0,0,0,0,0,0,0,0,0,0,0,0,0,65080,0,0,65378,0,147,410,1,360,0,0,613513,0,65272
164,0,7,0,0,0,0,0,1350284,0,0,0,0,261,65920,0,0,0,0,0,0,0,0,0,0,0,0,0,0,0,0,65128,0,0,65345,0,397,134,0,522,0,0,264956,0,65187
164,0,8,0,0,0,0,0,1350284,0,0,0,0,208,65920,0,0,0,0,0,0,0,0,0,0,0,0,0,0,0,0,0,0,0,65338,0,53,0,111,416,1020087,0,0,0,65288
164,0,9,0,0,0,0,0,1350284,0,0,0,0,262,65920,0,0,0,0,0,0,0,0,0,0,0,0,0,0,0,0,0,0,0,65385,1067,38,0,1,380,0,0,799555,0,65266
164,0,10,0,0,0,0,0,1350284,0,0,0,0,323,65920,0,0,0,0,0,0,0,0,0,0,0,0,0,0,0,0,0,0,0,65383,0,88,468,1,691,0,0,680608,0,65347
164,0,11,0,0,0,0,0,1350284,0,0,0,0,295,65920,0,0,0,0,0,0,0,0,0,0,0,0,0,0,0,0,0,0,0,65364,0,9,202,0,488,0,0,311624,0,65216
164,0,12,0,0,0,0,0,1350284,0,0,0,0,46,0,0,0,0,0,0,0,0,0,0,0,0,0,0,0,0,0,0,0,0,0,0,0,0,46,91,0,0,0,0,0
164,0,13,0,0,0,0,0,1350284,0,0,0,0,52,0,0,0,0,0,0,0,0,0,0,0,0,0,0,0,0,0,0,0,0,0,171,0,0,0,112,0,0,0,0,0
164,0,14,0,0,0,0,0,1350284,0,0,0,0,46,0,0,0,0,0,0,0,0,0,0,0,0,0,0,0,0,0,0,0,0,0,0,0,87,0,56,0,0,0,0,0
164,0,15,0,0,0,0,0,1350284,0,0,0,0,41,0,0,0,0,0,0,0,0,0,0,0,0,0,0,0,0,0,0,0,0,0,0,0,39,0,128,0,0,0,0,0
165,0,0,0,0,0,0,0,2700589,0,0,2564,656000,136,0,0,0,0,0,7576,0,0,0,0,0,0,0,0,2564,2564,0,259599,0,1032591,656000,0,666,0,136,284,0,0,0,0,1884433
165,0,1,0,0,0,0,0,1350295,7575,0,0,0,2782,0,0,0,0,0,7575,0,0,0,0,0,0,0,0,0,1270,0,129939,0,388459,0,0,258,293,749,4799,0,0,245504,0,0
165,0,2,0,0,0,0,0,1350295,0,0,0,0,116,65920,0,0,0,0,0,0,0,0,0,0,0,0,0,0,0,0,129991,0,194647,65364,0,728,205,808,250,0,0,191574,0,65358
165,0,3,0,0,0,0,0,1350295,0,0,0,0,121,65920,0,0,0,0,0,0,0,0,0,0,0,0,0,0,0,0,129987,0,0,65386,0,344,79,0,174,0,0,85328,0,65422
165,0,4,0,0,0,0,0,1350295,0,0,0,0,137,65920,0,0,0,0,0,0,0,0,0,0,0,0,0,0,0,0,65004,0,0,65355,0,168,0,96,202,942634,0,0,0,65432
165,0,5,0,0,0,0,0,1350295,0,0,0,0,203,65920,0,0,0,0,0,0,0,0,0,0,0,0,0,0,0,0,65072,0,0,65373,1666,361,0,1,434,0,0,888102,0,65264
165,0,6,0,0,0,0,0,1350295,0,0,0,0,245,65920,0,0,0,0,0,0,0,0,0,0,0,0,0,0,0,0,65082,0,0,65375,0,178,403,2,345,0,0,615440,0,65254
165,0,7,0,0,0,0,0,1350295,0,0,0,0,255,65920,0,0,0,0,0,0,0,0,0,0,0,0,0,0,0,0,65125,0,0,65350,0,362,140,0,546,0,0,264870,0,65184
165,0,8,0,0,0,0,0,1350295,0,0,0,0,201,65920,0,0,0,0,0,0,0,0,0,0,0,0,0,0,0,0,0,0,0,65329,0,52,0,118,406,1020107,0,0,0,65292
165,0,9,0,0,0,0,0,1350295,0,0,0,0,263,65920,0,0,0,0,0,0,0,0,0,0,0,0,0,0,0,0,0,0,0,65378,1053,40,0,1,381,0,0,799673,0,65286
165,0,10,0,0,0,0,0,1350295,0,0,0,0,331,65920,0,0,0,0,0,0,0,0,0,0,0,0,0,0,0,0,0,0,0,65381,0,80,485,1,676,0,0,678571,0,65345
165,0,11,0,0,0,0,0,1350295,0,0,0,0,319,65920,0,0,0,0,0,0,0,0,0,0,0,0,0,0,0,0,0,0,0,65365,0,47,177,0,510,0,0,309596,0,65208
165,0,12,0,0,0,0,0,1350295,0,0,0,0,46,0,0,0,0,0,0,0,0,0,0,0,0,0,0,0,0,0,0,0,0,0,0,0,0,46,92,0,0,0,0,0
165,0,13,0,0,0,0,0,1350295,0,0,0,0,52,0,0,0,0,0,0,0,0,0,0,0,0,0,0,0,0,0,0,0,0,0,160,0,0,0,110,0,0,0,0,0
165,0,14,0,0,0,0,0,1350295,0,0,0,0,46,0,0,0,0,0,0,0,0,0,0,0,0,0,0,0,0,0,0,0,0,0,0,0,98,0,64,0,0,0,0,0
165,0,15,0,0,0,0,0,1350295,0,0,0,0,52,0,0,0,0,0,0,0,0,0,0,0,0,0,0,0,0,0,0,0,0,0,0,0,28,0,101,0,0,0,0,0
166,0,0,0,0,0,0,0,3479043,0,0,3332,852800,136,0,0,0,0,0,8745,0,0,0,0,0,0,0,0,3332,3332,0,388947,0,1289321,852800,0,933,0,136,284,0,0,0,0,2460868
166,0,1,0,0,0,0,0,1739522,8745,0,0,0,3310,0,0,0,0,0,8745,0,0,0,0,0,0,0,0,0,1685,0,194532,0,452675,0,0,400,386,757,5603,0,0,218775,0,0
166,0,2,0,0,0,0,0,1739522,0,0,0,0,103,65920,0,0,0,0,0,0,0,0,0,0,0,0,0,0,0,0,194554,0,194552,65362,0,927,177,763,241,0,0,164117,0,65355
166,0,3,0,0,0,0,0,1739522,0,0,0,0,104,65920,0,0,0,0,0,0,0,0,0,0,0,0,0,0,0,0,129921,0,0,65371,0,286,73,0,141,0,0,60776,0,65497
166,0,4,0,0,0,0,0,1739522,0,0,0,0,116,65920,0,0,0,0,0,0,0,0,0,0,0,0,0,0,0,0,129915,0,0,65365,0,267,0,83,167,1199407,0,0,0,65432
166,0,5,0,0,0,0,0,1739522,0,0,0,0,158,65920,0,0,0,0,0,0,0,0,0,0,0,0,0,0,0,0,130002,0,0,65369,2180,612,0,1,333,0,0,841364,0,65164
166,0,6,0,0,0,0,0,1739521,0,0,0,0,194,65920,0,0,0,0,0,0,0,0,0,0,0,0,0,0,0,0,129983,0,0,65379,0,306,306,1,276,0,0,611350,0,65293
166,0,7,0,0,0,0,0,1739522,0,0,0,0,196,65920,0,0,0,0,0,0,0,0,0,0,0,0,0,0,0,0,65102,0,0,65347,0,384,109,0,430,0,0,272868,0,65216
166,0,8,0,0,0,0,0,1739522,0,0,0,0,186,65920,0,0,0,0,0,0,0,0,0,0,0,0,0,0,0,0,65076,0,0,65351,0,260,0,115,385,1357656,0,0,0,65225
166,0,9,0,0,0,0,0,1739522,0,0,0,0,260,65920,0,0,0,0,0,0,0,0,0,0,0,0,0,0,0,0,65057,0,0,65382,1504,191,0,2,375,0,0,1372718,0,65112
166,0,10,0,0,0,0,0,1739522,0,0,0,0,311,65920,0,0,0,0,0,0,0,0,0,0,0,0,0,0,0,0,65095,0,0,65389,0,353,501,0,654,0,0,964547,0,65284
166,0,11,0,0,0,0,0,1739522,0,0,0,0,320,65920,0,0,0,0,0,0,0,0,0,0,0,0,0,0,0,0,0,0,0,65370,0,46,173,0,486,0,0,408328,0,65150
166,0,12,0,0,0,0,0,1739522,0,0,0,0,266,65920,0,0,0,0,0,0,0,0,0,0,0,0,0,0,0,0,0,0,0,65385,0,0,0,143,423,1210531,0,0,0,65356
166,0,13,0,0,0,0,0,1739522,0,0,0,0,320,65920,0,0,0,0,0,0,0,0,0,0,0,0,0,0,0,0,0,0,0,65393,784,0,0,1,630,0,0,832365,0,65403
166,0,14,0,0,0,0,0,1739522,0,0,0,0,309,65920,0,0,0,0,0,0,0,0,0,0,0,0,0,0,0,0,0,0,0,65432,0,0,226,2,457,0,0,414733,0,65219
166,0,15,0,0,0,0,0,1739522,0,0,0,0,43,0,0,0,0,0,0,0,0,0,0,0,0,0,0,0,0,0,0,0,0,0,0,0,37,0,94,0,0,0,0,0
167,0,0,0,0,0,0,0,3480185,0,0,3332,852800,136,0,0,0,0,0,8745,0,0,0,0,0,0,0,0,3332,3332,0,388943,0,1289255,852800,0,933,0,136,284,0,0,0,0,2461858
167,0,1,0,0,0,0,0,1740092,8745,0,0,0,3268,0,0,0,0,0,8745,0,0,0,0,0,0,0,0,0,1665,0,194547,0,452628,0,0,393,384,808,5553,0,0,218791,0,0
167,0,2,0,0,0,0,0,1740092,0,0,0,0,106,65920,0,0,0,0,0,0,0,0,0,0,0,0,0,0,0,0,194537,0,194543,65360,0,909,179,743,232,0,0,165129,0,65356
167,0,3,0,0,0,0,0,1740092,0,0,0,0,109,65920,0,0,0,0,0,0,0,0,0,0,0,0,0,0,0,0,129924,0,0,65372,0,292,67,0,161,0,0,60776,0,65491
167,0,4,0,0,0,0,0,1740092,0,0,0,0,127,65920,0,0,0,0,0,0,0,0,0,0,0,0,0,0,0,0,129913,0,0,65361,0,267,0,72,183,1200638,0,0,0,65431
167,0,5,0,0,0,0,0,1740092,0,0,0,0,158,65920,0,0,0,0,0,0,0,0,0,0,0,0,0,0,0,0,130000,0,0,65376,2186,613,0,1,339,0,0,843414,0,65162
167,0,6,0,0,0,0,0,1740092,0,0,0,0,186,65920,0,0,0,0,0,0,0,0,0,0,0,0,0,0,0,0,129977,0,0,65376,0,322,316,1,270,0,0,609329,0,65292
167,0,7,0,0,0,0,0,1740092,0,0,0,0,198,65920,0,0,0,0,0,0,0,0,0,0,0,0,0,0,0,0,65102,0,0,65347,0,387,107,0,423,0,0,272876,0,65225
167,0,8,0,0,0,0,0,1740092,0,0,0,0,184,65920,0,0,0,0,0,0,0,0,0,0,0,0,0,0,0,0,65072,0,0,65346,0,260,0,117,383,1355829,0,0,0,65215
167,0,9,0,0,0,0,0,1740092,0,0,0,0,258,65920,0,0,0,0,0,0,0,0,0,0,0,0,0,0,0,0,65056,0,0,65385,1499,184,0,1,379,0,0,1372975,0,65120
167,0,10,0,0,0,0,0,1740092,0,0,0,0,313,65920,0,0,0,0,0,0,0,0,0,0,0,0,0,0,0,0,65098,0,0,65388,0,347,509,1,646,0,0,964692,0,65282
167,0,11,0,0,0,0,0,1740092,0,0,0,0,330,65920,0,0,0,0,0,0,0,0,0,0,0,0,0,0,0,0,0,0,0,65371,0,44,163,0,494,0,0,408529,0,65133
167,0,12,0,0,0,0,0,1740092,0,0,0,0,270,65920,0,0,0,0,0,0,0,0,0,0,0,0,0,0,0,0,0,0,0,65387,0,0,0,139,427,1209567,0,0,0,65359
167,0,13,0,0,0,0,0,1740092,0,0,0,0,326,65920,0,0,0,0,0,0,0,0,0,0,0,0,0,0,0,0,0,0,0,65393,782,0,0,0,643,0,0,832533,0,65376
167,0,14,0,0,0,0,0,1740092,0,0,0,0,320,65920,0,0,0,0,0,0,0,0,0,0,0,0,0,0,0,0,0,0,0,65429,0,0,227,2,474,0,0,415899,0,65206
167,0,15,0,0,0,0,0,1740092,0,0,0,0,54,0,0,0,0,0,0,0,0,0,0,0,0,0,0,0,0,0,0,0,0,0,0,0,26,0,107,0,0,0,0,0
168,0,0,0,0,0,0,0,3478716,0,0,3332,852800,136,0,0,0,0,0,8748,0,0,0,0,0,0,0,0,3332,3332,0,388875,0,1289254,852800,0,933,0,136,284,0,0,0,0,2460807
168,0,1,0,0,0,0,0,1739358,8748,0,0,0,3327,0,0,0,0,0,8748,0,0,0,0,0,0,0,0,0,1688,0,194544,0,452626,0,0,378,396,752,5624,0,0,218744,0,0
168,0,2,0,0,0,0,0,1739358,0,0,0,0,106,65920,0,0,0,0,0,0,0,0,0,0,0,0,0,0,0,0,194565,0,194532,65357,0,949,174,755,235,0,0,163079,0,65355
168,0,3,0,0,0,0,0,1739358,0,0,0,0,103,65920,0,0,0,0,0,0,0,0,0,0,0,0,0,0,0,0,129924,0,0,65366,0,296,73,0,139,0,0,60764,0,65503
168,0,4,0,0,0,0,0,1739358,0,0,0,0,122,65920,0,0,0,0,0,0,0,0,0,0,0,0,0,0,0,0,129900,0,0,65360,0,273,0,77,178,1199656,0,0,0,65434
168,0,5,0,0,0,0,0,1739358,0,0,0,0,161,65920,0,0,0,0,0,0,0,0,0,0,0,0,0,0,0,0,130005,0,0,65366,2179,633,0,2,337,0,0,841176,0,65175
168,0,6,0,0,0,0,0,1739358,0,0,0,0,195,65920,0,0,0,0,0,0,0,0,0,0,0,0,0,0,0,0,129991,0,0,65370,0,288,312,1,273,0,0,616443,0,65241
168,0,7,0,0,0,0,0,1739358,0,0,0,0,204,65920,0,0,0,0,0,0,0,0,0,0,0,0,0,0,0,0,65098,0,0,65341,0,383,101,0,429,0,0,264698,0,65233
168,0,8,0,0,0,0,0,1739358,0,0,0,0,183,65920,0,0,0,0,0,0,0,0,0,0,0,0,0,0,0,0,65067,0,0,65338,0,256,0,118,380,1362652,0,0,0,65288
168,0,9,0,0,0,0,0,1739358,0,0,0,0,257,65920,0,0,0,0,0,0,0,0,0,0,0,0,0,0,0,0,65054,0,0,65381,1501,167,0,0,375,0,0,1362772,0,65137
168,0,10,0,0,0,0,0,1739358,0,0,0,0,306,65920,0,0,0,0,0,0,0,0,0,0,0,0,0,0,0,0,65098,0,0,65389,0,367,507,3,653,0,0,961427,0,65299
168,0,11,0,0,0,0,0,1739358,0,0,0,0,322,65920,0,0,0,0,0,0,0,0,0,0,0,0,0,0,0,0,0,0,0,65371,0,40,171,0,492,0,0,407462,0,65135
168,0,12,0,0,0,0,0,1739358,0,0,0,0,255,65920,0,0,0,0,0,0,0,0,0,0,0,0,0,0,0,0,0,0,0,65384,0,0,0,154,416,1211363,0,0,0,65309
168,0,13,0,0,0,0,0,1739358,0,0,0,0,323,65920,0,0,0,0,0,0,0,0,0,0,0,0,0,0,0,0,0,0,0,65395,783,0,0,1,657,0,0,832342,0,65378
168,0,14,0,0,0,0,0,1739358,0,0,0,0,322,65920,0,0,0,0,0,0,0,0,0,0,0,0,0,0,0,0,0,0,0,65438,0,0,213,1,456,0,0,413691,0,65215
168,0,15,0,0,0,0,0,1739358,0,0,0,0,42,0,0,0,0,0,0,0,0,0,0,0,0,0,0,0,0,0,0,0,0,0,0,0,38,0,100,0,0,0,0,0
169,0,0,0,0,0,0,0,365864,0,0,66,65552,136,0,0,0,0,0,3774,0,0,0,0,0,0,0,0,66,66,0,0,0,130651,65552,0,294,0,136,284,0,0,0,0,65632
169,0,1,0,0,0,0,0,182932,3774,0,0,0,1141,0,0,0,0,0,3774,0,0,0,0,0,0,0,0,0,17,0,0,0,65414,0,0,84,169,181,1906,0,0,65632,0,0
169,0,2,0,0,0,0,0,182932,0,0,0,0,97,65632,0,0,0,0,0,0,0,0,0,0,0,0,0,0,0,0,0,0,0,65483,0,249,106,283,224,0,0,0,0,65632
169,0,3,0,0,0,0,0,182932,0,0,0,0,47,0,0,0,0,0,0,0,0,0,0,0,0,0,0,0,0,0,0,0,0,0,0,91,45,0,54,0,0,0,0,0
169,0,4,0,0,0,0,0,182932,0,0,0,0,47,0,0,0,0,0,0,0,0,0,0,0,0,0,0,0,0,0,0,0,0,0,0,87,0,45,61,0,0,0,0,0
169,0,5,0,0,0,0,0,182932,0,0,0,0,47,0,0,0,0,0,0,0,0,0,0,0,0,0,0,0,0,0,0,0,0,0,537,148,0,0,109,0,0,0,0,0
169,0,6,0,0,0,0,0,182931,0,0,0,0,47,0,0,0,0,0,0,0,0,0,0,0,0,0,0,0,0,0,0,0,0,0,0,40,98,0,52,0,0,0,0,0
169,0,7,0,0,0,0,0,182932,0,0,0,0,53,0,0,0,0,0,0,0,0,0,0,0,0,0,0,0,0,0,0,0,0,0,0,105,39,0,140,0,0,0,0,0
169,0,8,0,0,0,0,0,182932,0,0,0,0,50,0,0,0,0,0,0,0,0,0,0,0,0,0,0,0,0,0,0,0,0,0,0,52,0,42,107,0,0,0,0,0
169,0,9,0,0,0,0,0,182932,0,0,0,0,47,0,0,0,0,0,0,0,0,0,0,0,0,0,0,0,0,0,0,0,0,0,365,42,0,0,53,0,0,0,0,0
169,0,10,0,0,0,0,0,182932,0,0,0,0,53,0,0,0,0,0,0,0,0,0,0,0,0,0,0,0,0,0,0,0,0,0,0,91,92,0,118,0,0,0,0,0
169,0,11,0,0,0,0,0,182932,0,0,0,0,53,0,0,0,0,0,0,0,0,0,0,0,0,0,0,0,0,0,0,0,0,0,0,39,39,0,94,0,0,0,0,0
169,0,12,0,0,0,0,0,182932,0,0,0,0,47,0,0,0,0,0,0,0,0,0,0,0,0,0,0,0,0,0,0,0,0,0,0,0,0,45,93,0,0,0,0,0
169,0,13,0,0,0,0,0,182932,0,0,0,0,53,0,0,0,0,0,0,0,0,0,0,0,0,0,0,0,0,0,0,0,0,0,178,0,0,0,109,0,0,0,0,0
169,0,14,0,0,0,0,0,182932,0,0,0,0,53,0,0,0,0,0,0,0,0,0,0,0,0,0,0,0,0,0,0,0,0,0,0,0,80,0,60,0,0,0,0,0
169,0,15,0,0,0,0,0,182932,0,0,0,0,41,0,0,0,0,0,0,0,0,0,0,0,0,0,0,0,0,0,0,0,0,0,0,0,39,0,89,0,0,0,0,0
170,0,0,0,0,0,0,0,365941,0,0,66,65552,136,0,0,0,0,0,3777,0,0,0,0,0,0,0,0,66,66,0,0,0,130657,65552,0,294,0,136,284,0,0,0,0,65632
170,0,1,0,0,0,0,0,182971,3777,0,0,0,1134,0,0,0,0,0,3777,0,0,0,0,0,0,0,0,0,18,0,0,0,65417,0,0,76,172,193,1908,0,0,65632,0,0
170,0,2,0,0,0,0,0,182971,0,0,0,0,95,65632,0,0,0,0,0,0,0,0,0,0,0,0,0,0,0,0,0,0,0,65487,0,255,108,268,219,0,0,0,0,65632
170,0,3,0,0,0,0,0,182971,0,0,0,0,47,0,0,0,0,0,0,0,0,0,0,0,0,0,0,0,0,0,0,0,0,0,0,99,45,0,61,0,0,0,0,0
170,0,4,0,0,0,0,0,182971,0,0,0,0,47,0,0,0,0,0,0,0,0,0,0,0,0,0,0,0,0,0,0,0,0,0,0,87,0,45,69,0,0,0,0,0
170,0,5,0,0,0,0,0,182971,0,0,0,0,47,0,0,0,0,0,0,0,0,0,0,0,0,0,0,0,0,0,0,0,0,0,526,148,0,0,117,0,0,0,0,0
170,0,6,0,0,0,0,0,182971,0,0,0,0,47,0,0,0,0,0,0,0,0,0,0,0,0,0,0,0,0,0,0,0,0,0,0,34,98,0,52,0,0,0,0,0
170,0,7,0,0,0,0,0,182971,0,0,0,0,53,0,0,0,0,0,0,0,0,0,0,0,0,0,0,0,0,0,0,0,0,0,0,105,39,0,132,0,0,0,0,0
170,0,8,0,0,0,0,0,182971,0,0,0,0,50,0,0,0,0,0,0,0,0,0,0,0,0,0,0,0,0,0,0,0,0,0,0,52,0,42,107,0,0,0,0,0
170,0,9,0,0,0,0,0,182971,0,0,0,0,47,0,0,0,0,0,0,0,0,0,0,0,0,0,0,0,0,0,0,0,0,0,376,42,0,0,53,0,0,0,0,0
170,0,10,0,0,0,0,0,182971,0,0,0,0,53,0,0,0,0,0,0,0,0,0,0,0,0,0,0,0,0,0,0,0,0,0,0,89,92,0,126,0,0,0,0,0
170,0,11,0,0,0,0,0,182971,0,0,0,0,53,0,0,0,0,0,0,0,0,0,0,0,0,0,0,0,0,0,0,0,0,0,0,39,39,0,94,0,0,0,0,0
170,0,12,0,0,0,0,0,182971,0,0,0,0,47,0,0,0,0,0,0,0,0,0,0,0,0,0,0,0,0,0,0,0,0,0,0,0,0,45,93,0,0,0,0,0
170,0,13,0,0,0,0,0,182971,0,0,0,0,53,0,0,0,0,0,0,0,0,0,0,0,0,0,0,0,0,0,0,0,0,0,167,0,0,0,109,0,0,0,0,0
170,0,14,0,0,0,0,0,182971,0,0,0,0,53,0,0,0,0,0,0,0,0,0,0,0,0,0,0,0,0,0,0,0,0,0,0,0,91,0,62,0,0,0,0,0
170,0,15,0,0,0,0,0,182971,0,0,0,0,52,0,0,0,0,0,0,0,0,0,0,0,0,0,0,0,0,0,0,0,0,0,0,0,28,0,100,0,0,0,0,0
171,0,0,0,0,0,0,0,365899,0,0,66,65552,136,0,0,0,0,0,3777,0,0,0,0,0,0,0,0,66,66,0,0,0,130659,65552,0,294,0,136,284,0,0,0,0,65632
171,0,1,0,0,0,0,0,182950,3777,0,0,0,1141,0,0,0,0,0,3777,0,0,0,0,0,0,0,0,0,16,0,0,0,65420,0,0,84,170,180,1903,0,0,65632,0,0
171,0,2,0,0,0,0,0,182950,0,0,0,0,94,65632,0,0,0,0,0,0,0,0,0,0,0,0,0,0,0,0,0,0,0,65484,0,249,109,283,222,0,0,0,0,65632
171,0,3,0,0,0,0,0,182950,0,0,0,0,47,0,0,0,0,0,0,0,0,0,0,0,0,0,0,0,0,0,0,0,0,0,0,91,45,0,54,0,0,0,0,0
171,0,4,0,0,0,0,0,182950,0,0,0,0,47,0,0,0,0,0,0,0,0,0,0,0,0,0,0,0,0,0,0,0,0,0,0,87,0,45,62,0,0,0,0,0
171,0,5,0,0,0,0,0,182950,0,0,0,0,47,0,0,0,0,0,0,0,0,0,0,0,0,0,0,0,0,0,0,0,0,0,537,148,0,0,109,0,0,0,0,0
171,0,6,0,0,0,0,0,182950,0,0,0,0,47,0,0,0,0,0,0,0,0,0,0,0,0,0,0,0,0,0,0,0,0,0,0,40,98,0,52,0,0,0,0,0
171,0,7,0,0,0,0,0,182950,0,0,0,0,53,0,0,0,0,0,0,0,0,0,0,0,0,0,0,0,0,0,0,0,0,0,0,105,39,0,140,0,0,0,0,0
171,0,8,0,0,0,0,0,182950,0,0,0,0,50,0,0,0,0,0,0,0,0,0,0,0,0,0,0,0,0,0,0,0,0,0,0,52,0,42,107,0,0,0,0,0
171,0,9,0,0,0,0,0,182950,0,0,0,0,47,0,0,0,0,0,0,0,0,0,0,0,0,0,0,0,0,0,0,0,0,0,365,42,0,0,53,0,0,0,0,0
171,0,10,0,0,0,0,0,182950,0,0,0,0,53,0,0,0,0,0,0,0,0,0,0,0,0,0,0,0,0,0,0,0,0,0,0,91,92,0,118,0,0,0,0,0
171,0,11,0,0,0,0,0,182950,0,0,0,0,53,0,0,0,0,0,0,0,0,0,0,0,0,0,0,0,0,0,0,0,0,0,0,39,39,0,94,0,0,0,0,0
171,0,12,0,0,0,0,0,182950,0,0,0,0,47,0,0,0,0,0,0,0,0,0,0,0,0,0,0,0,0,0,0,0,0,0,0,0,0,45,93,0,0,0,0,0
171,0,13,0,0,0,0,0,182950,0,0,0,0,53,0,0,0,0,0,0,0,0,0,0,0,0,0,0,0,0,0,0,0,0,0,178,0,0,0,109,0,0,0,0,0
171,0,14,0,0,0,0,0,182949,0,0,0,0,53,0,0,0,0,0,0,0,0,0,0,0,0,0,0,0,0,0,0,0,0,0,0,0,80,0,60,0,0,0,0,0
171,0,15,0,0,0,0,0,182950,0,0,0,0,41,0,0,0,0,0,0,0,0,0,0,0,0,0,0,0,0,0,0,0,0,0,0,0,39,0,89,0,0,0,0,0
172,0,0,0,0,0,0,0,625550,0,0,130,131104,136,0,0,0,0,0,3879,0,0,0,0,0,0,0,0,130,130,0,0,0,261207,131104,0,294,0,136,284,0,0,0,0,252136
172,0,1,0,0,0,0,0,312775,3879,0,0,0,1166,0,0,0,0,0,3879,0,0,0,0,0,0,0,0,0,62,0,0,0,130780,0,0,76,171,227,1944,0,0,65755,0,0
172,0,2,0,0,0,0,0,312775,0,0,0,0,80,65632,0,0,0,0,0,0,0,0,0,0,0,0,0,0,0,0,0,0,65413,65484,0,255,166,306,197,0,0,65575,0,65564
172,0,3,0,0,0,0,0,312775,0,0,0,0,93,65632,0,0,0,0,0,0,0,0,0,0,0,0,0,0,0,0,0,0,0,65501,0,99,64,0,136,0,0,109,0,65568
172,0,4,0,0,0,0,0,312775,0,0,0,0,47,0,0,0,0,0,0,0,0,0,0,0,0,0,0,0,0,0,0,0,0,0,0,87,0,45,69,0,0,0,0,0
172,0,5,0,0,0,0,0,312775,0,0,0,0,47,0,0,0,0,0,0,0,0,0,0,0,0,0,0,0,0,0,0,0,0,0,526,148,0,0,117,0,0,0,0,0
172,0,6,0,0,0,0,0,312774,0,0,0,0,47,0,0,0,0,0,0,0,0,0,0,0,0,0,0,0,0,0,0,0,0,0,0,34,98,0,52,0,0,0,0,0
172,0,7,0,0,0,0,0,312775,0,0,0,0,53,0,0,0,0,0,0,0,0,0,0,0,0,0,0,0,0,0,0,0,0,0,0,106,39,0,132,0,0,0,0,0
172,0,8,0,0,0,0,0,312775,0,0,0,0,50,0,0,0,0,0,0,0,0,0,0,0,0,0,0,0,0,0,0,0,0,0,0,52,0,42,107,0,0,0,0,0
172,0,9,0,0,0,0,0,312775,0,0,0,0,47,0,0,0,0,0,0,0,0,0,0,0,0,0,0,0,0,0,0,0,0,0,376,42,0,0,53,0,0,0,0,0
172,0,10,0,0,0,0,0,312775,0,0,0,0,53,0,0,0,0,0,0,0,0,0,0,0,0,0,0,0,0,0,0,0,0,0,0,89,92,0,126,0,0,0,0,0
172,0,11,0,0,0,0,0,312775,0,0,0,0,53,0,0,0,0,0,0,0,0,0,0,0,0,0,0,0,0,0,0,0,0,0,0,39,39,0,94,0,0,0,0,0
172,0,12,0,0,0,0,0,312775,0,0,0,0,47,0,0,0,0,0,0,0,0,0,0,0,0,0,0,0,0,0,0,0,0,0,0,0,0,45,93,0,0,0,0,0
172,0,13,0,0,0,0,0,312775,0,0,0,0,53,0,0,0,0,0,0,0,0,0,0,0,0,0,0,0,0,0,0,0,0,0,167,0,0,0,109,0,0,0,0,0
172,0,14,0,0,0,0,0,312775,0,0,0,0,53,0,0,0,0,0,0,0,0,0,0,0,0,0,0,0,0,0,0,0,0,0,0,0,91,0,62,0,0,0,0,0
172,0,15,0,0,0,0,0,312775,0,0,0,0,52,0,0,0,0,0,0,0,0,0,0,0,0,0,0,0,0,0,0,0,0,0,0,0,28,0,101,0,0,0,0,0
173,0,0,0,0,0,0,0,625456,0,0,130,131104,136,0,0,0,0,0,3879,0,0,0,0,0,0,0,0,130,130,0,0,0,261141,131104,0,294,0,136,284,0,0,0,0,252061
173,0,1,0,0,0,0,0,312728,3879,0,0,0,1155,0,0,0,0,0,3879,0,0,0,0,0,0,0,0,0,64,0,0,0,130760,0,0,78,169,238,1938,0,0,65738,0,0
173,0,2,0,0,0,0,0,312728,0,0,0,0,79,65632,0,0,0,0,0,0,0,0,0,0,0,0,0,0,0,0,0,0,65396,65481,0,249,162,308,188,0,0,65577,0,65570
173,0,3,0,0,0,0,0,312728,0,0,0,0,86,65632,0,0,0,0,0,0,0,0,0,0,0,0,0,0,0,0,0,0,0,65502,0,99,70,0,128,0,0,105,0,65572
173,0,4,0,0,0,0,0,312728,0,0,0,0,47,0,0,0,0,0,0,0,0,0,0,0,0,0,0,0,0,0,0,0,0,0,0,87,0,45,68,0,0,0,0,0
173,0,5,0,0,0,0,0,312728,0,0,0,0,47,0,0,0,0,0,0,0,0,0,0,0,0,0,0,0,0,0,0,0,0,0,525,148,0,0,115,0,0,0,0,0
173,0,6,0,0,0,0,0,312728,0,0,0,0,47,0,0,0,0,0,0,0,0,0,0,0,0,0,0,0,0,0,0,0,0,0,0,40,98,0,52,0,0,0,0,0
173,0,7,0,0,0,0,0,312728,0,0,0,0,53,0,0,0,0,0,0,0,0,0,0,0,0,0,0,0,0,0,0,0,0,0,0,104,39,0,134,0,0,0,0,0
173,0,8,0,0,0,0,0,312728,0,0,0,0,50,0,0,0,0,0,0,0,0,0,0,0,0,0,0,0,0,0,0,0,0,0,0,52,0,42,107,0,0,0,0,0
173,0,9,0,0,0,0,0,312728,0,0,0,0,47,0,0,0,0,0,0,0,0,0,0,0,0,0,0,0,0,0,0,0,0,0,377,42,0,0,53,0,0,0,0,0
173,0,10,0,0,0,0,0,312728,0,0,0,0,53,0,0,0,0,0,0,0,0,0,0,0,0,0,0,0,0,0,0,0,0,0,0,85,92,0,124,0,0,0,0,0
173,0,11,0,0,0,0,0,312728,0,0,0,0,53,0,0,0,0,0,0,0,0,0,0,0,0,0,0,0,0,0,0,0,0,0,0,41,39,0,94,0,0,0,0,0
173,0,12,0,0,0,0,0,312728,0,0,0,0,47,0,0,0,0,0,0,0,0,0,0,0,0,0,0,0,0,0,0,0,0,0,0,0,0,45,93,0,0,0,0,0
173,0,13,0,0,0,0,0,312728,0,0,0,0,53,0,0,0,0,0,0,0,0,0,0,0,0,0,0,0,0,0,0,0,0,0,166,0,0,0,109,0,0,0,0,0
173,0,14,0,0,0,0,0,312728,0,0,0,0,53,0,0,0,0,0,0,0,0,0,0,0,0,0,0,0,0,0,0,0,0,0,0,0,92,0,66,0,0,0,0,0
173,0,15,0,0,0,0,0,312728,0,0,0,0,53,0,0,0,0,0,0,0,0,0,0,0,0,0,0,0,0,0,0,0,0,0,0,0,27,0,100,0,0,0,0,0
174,0,0,0,0,0,0,0,625561,0,0,130,131104,136,0,0,0,0,0,3876,0,0,0,0,0,0,0,0,130,130,0,0,0,261207,131104,0,294,0,136,284,0,0,0,0,252145
174,0,1,0,0,0,0,0,312781,3876,0,0,0,1164,0,0,0,0,0,3876,0,0,0,0,0,0,0,0,0,61,0,0,0,130783,0,0,80,165,231,1947,0,0,65757,0,0
174,0,2,0,0,0,0,0,312781,0,0,0,0,82,65632,0,0,0,0,0,0,0,0,0,0,0,0,0,0,0,0,0,0,65414,65486,0,249,162,315,192,0,0,65572,0,65567
174,0,3,0,0,0,0,0,312781,0,0,0,0,91,65632,0,0,0,0,0,0,0,0,0,0,0,0,0,0,0,0,0,0,0,65500,0,95,66,0,129,0,0,111,0,65568
174,0,4,0,0,0,0,0,312781,0,0,0,0,47,0,0,0,0,0,0,0,0,0,0,0,0,0,0,0,0,0,0,0,0,0,0,87,0,45,65,0,0,0,0,0
174,0,5,0,0,0,0,0,312781,0,0,0,0,47,0,0,0,0,0,0,0,0,0,0,0,0,0,0,0,0,0,0,0,0,0,525,148,0,0,113,0,0,0,0,0
174,0,6,0,0,0,0,0,312781,0,0,0,0,47,0,0,0,0,0,0,0,0,0,0,0,0,0,0,0,0,0,0,0,0,0,0,40,98,0,52,0,0,0,0,0
174,0,7,0,0,0,0,0,312781,0,0,0,0,53,0,0,0,0,0,0,0,0,0,0,0,0,0,0,0,0,0,0,0,0,0,0,106,39,0,136,0,0,0,0,0
174,0,8,0,0,0,0,0,312781,0,0,0,0,50,0,0,0,0,0,0,0,0,0,0,0,0,0,0,0,0,0,0,0,0,0,0,52,0,42,107,0,0,0,0,0
174,0,9,0,0,0,0,0,312781,0,0,0,0,47,0,0,0,0,0,0,0,0,0,0,0,0,0,0,0,0,0,0,0,0,0,377,42,0,0,53,0,0,0,0,0
174,0,10,0,0,0,0,0,312781,0,0,0,0,53,0,0,0,0,0,0,0,0,0,0,0,0,0,0,0,0,0,0,0,0,0,0,87,92,0,122,0,0,0,0,0
174,0,11,0,0,0,0,0,312781,0,0,0,0,53,0,0,0,0,0,0,0,0,0,0,0,0,0,0,0,0,0,0,0,0,0,0,39,39,0,94,0,0,0,0,0
174,0,12,0,0,0,0,0,312781,0,0,0,0,47,0,0,0,0,0,0,0,0,0,0,0,0,0,0,0,0,0,0,0,0,0,0,0,0,45,93,0,0,0,0,0
174,0,13,0,0,0,0,0,312781,0,0,0,0,53,0,0,0,0,0,0,0,0,0,0,0,0,0,0,0,0,0,0,0,0,0,166,0,0,0,109,0,0,0,0,0
174,0,14,0,0,0,0,0,312780,0,0,0,0,53,0,0,0,0,0,0,0,0,0,0,0,0,0,0,0,0,0,0,0,0,0,0,0,92,0,64,0,0,0,0,0
174,0,15,0,0,0,0,0,312781,0,0,0,0,53,0,0,0,0,0,0,0,0,0,0,0,0,0,0,0,0,0,0,0,0,0,0,0,27,0,102,0,0,0,0,0
175,0,0,0,0,0,0,0,1148740,0,0,258,262208,136,0,0,0,0,0,4083,0,0,0,0,0,0,0,0,258,258,0,130770,0,391724,262208,0,361,0,136,284,0,0,0,0,762935
175,0,1,0,0,0,0,0,574370,4083,0,0,0,1252,0,0,0,0,0,4083,0,0,0,0,0,0,0,0,0,127,0,65368,0,130752,0,0,101,187,230,2098,0,0,303425,0,0
175,0,2,0,0,0,0,0,574370,0,0,0,0,89,65632,0,0,0,0,0,0,0,0,0,0,0,0,0,0,0,0,0,0,65420,65483,0,249,156,309,202,0,0,200627,0,65506
175,0,3,0,0,0,0,0,574370,0,0,0,0,94,65632,0,0,0,0,0,0,0,0,0,0,0,0,0,0,0,0,0,0,0,65491,0,94,61,0,137,0,0,119022,0,65477
175,0,4,0,0,0,0,0,574370,0,0,0,0,90,65632,0,0,0,0,0,0,0,0,0,0,0,0,0,0,0,0,0,0,0,65470,0,87,0,67,129,253516,0,0,0,65527
175,0,5,0,0,0,0,0,574370,0,0,0,0,90,65632,0,0,0,0,0,0,0,0,0,0,0,0,0,0,0,0,0,0,0,65494,592,148,0,0,202,0,0,61562,0,65501
175,0,6,0,0,0,0,0,574369,0,0,0,0,47,0,0,0,0,0,0,0,0,0,0,0,0,0,0,0,0,0,0,0,0,0,0,40,98,2,52,0,0,0,0,0
175,0,7,0,0,0,0,0,574370,0,0,0,0,53,0,0,0,0,0,0,0,0,0,0,0,0,0,0,0,0,0,0,0,0,0,0,106,39,0,137,0,0,0,0,0
175,0,8,0,0,0,0,0,574370,0,0,0,0,50,0,0,0,0,0,0,0,0,0,0,0,0,0,0,0,0,0,0,0,0,0,0,52,0,42,107,0,0,0,0,0
175,0,9,0,0,0,0,0,574370,0,0,0,0,47,0,0,0,0,0,0,0,0,0,0,0,0,0,0,0,0,0,0,0,0,0,375,42,0,0,53,0,0,0,0,0
175,0,10,0,0,0,0,0,574370,0,0,0,0,53,0,0,0,0,0,0,0,0,0,0,0,0,0,0,0,0,0,0,0,0,0,0,88,92,0,121,0,0,0,0,0
175,0,11,0,0,0,0,0,574370,0,0,0,0,53,0,0,0,0,0,0,0,0,0,0,0,0,0,0,0,0,0,0,0,0,0,0,41,39,0,94,0,0,0,0,0
175,0,12,0,0,0,0,0,574370,0,0,0,0,47,0,0,0,0,0,0,0,0,0,0,0,0,0,0,0,0,0,0,0,0,0,0,0,0,45,93,0,0,0,0,0
175,0,13,0,0,0,0,0,574370,0,0,0,0,53,0,0,0,0,0,0,0,0,0,0,0,0,0,0,0,0,0,0,0,0,0,168,0,0,0,109,0,0,0,0,0
175,0,14,0,0,0,0,0,574370,0,0,0,0,53,0,0,0,0,0,0,0,0,0,0,0,0,0,0,0,0,0,0,0,0,0,0,0,90,0,63,0,0,0,0,0
175,0,15,0,0,0,0,0,574370,0,0,0,0,51,0,0,0,0,0,0,0,0,0,0,0,0,0,0,0,0,0,0,0,0,0,0,0,29,0,100,0,0,0,0,0
176,0,0,0,0,0,0,0,1148718,0,0,258,262208,136,0,0,0,0,0,4080,0,0,0,0,0,0,0,0,258,258,0,130799,0,391764,262208,0,361,0,136,284,0,0,0,0,762952
176,0,1,0,0,0,0,0,574359,4080,0,0,0,1247,0,0,0,0,0,4080,0,0,0,0,0,0,0,0,0,131,0,65391,0,130738,0,0,106,189,228,2095,0,0,303404,0,0
176,0,2,0,0,0,0,0,574359,0,0,0,0,90,65632,0,0,0,0,0,0,0,0,0,0,0,0,0,0,0,0,0,0,65419,65479,0,249,152,309,205,0,0,192425,0,65508
176,0,3,0,0,0,0,0,574359,0,0,0,0,90,65632,0,0,0,0,0,0,0,0,0,0,0,0,0,0,0,0,0,0,0,65488,0,95,64,0,133,0,0,119012,0,65473
176,0,4,0,0,0,0,0,574359,0,0,0,0,92,65632,0,0,0,0,0,0,0,0,0,0,0,0,0,0,0,0,0,0,0,65473,0,87,0,65,133,253514,0,0,0,65529
176,0,5,0,0,0,0,0,574359,0,0,0,0,89,65632,0,0,0,0,0,0,0,0,0,0,0,0,0,0,0,0,0,0,0,65496,594,148,0,1,196,0,0,61565,0,65501
176,0,6,0,0,0,0,0,574359,0,0,0,0,47,0,0,0,0,0,0,0,0,0,0,0,0,0,0,0,0,0,0,0,0,0,0,40,98,1,52,0,0,0,0,0
176,0,7,0,0,0,0,0,574359,0,0,0,0,53,0,0,0,0,0,0,0,0,0,0,0,0,0,0,0,0,0,0,0,0,0,0,106,39,0,137,0,0,0,0,0
176,0,8,0,0,0,0,0,574359,0,0,0,0,50,0,0,0,0,0,0,0,0,0,0,0,0,0,0,0,0,0,0,0,0,0,0,52,0,42,107,0,0,0,0,0
176,0,9,0,0,0,0,0,574359,0,0,0,0,47,0,0,0,0,0,0,0,0,0,0,0,0,0,0,0,0,0,0,0,0,0,375,42,0,0,53,0,0,0,0,0
176,0,10,0,0,0,0,0,574359,0,0,0,0,53,0,0,0,0,0,0,0,0,0,0,0,0,0,0,0,0,0,0,0,0,0,0,88,92,0,121,0,0,0,0,0
176,0,11,0,0,0,0,0,574359,0,0,0,0,53,0,0,0,0,0,0,0,0,0,0,0,0,0,0,0,0,0,0,0,0,0,0,41,39,0,94,0,0,0,0,0
176,0,12,0,0,0,0,0,574359,0,0,0,0,47,0,0,0,0,0,0,0,0,0,0,0,0,0,0,0,0,0,0,0,0,0,0,0,0,45,93,0,0,0,0,0
176,0,13,0,0,0,0,0,574359,0,0,0,0,53,0,0,0,0,0,0,0,0,0,0,0,0,0,0,0,0,0,0,0,0,0,168,0,0,0,109,0,0,0,0,0
176,0,14,0,0,0,0,0,574359,0,0,0,0,53,0,0,0,0,0,0,0,0,0,0,0,0,0,0,0,0,0,0,0,0,0,0,0,90,0,63,0,0,0,0,0
176,0,15,0,0,0,0,0,574359,0,0,0,0,51,0,0,0,0,0,0,0,0,0,0,0,0,0,0,0,0,0,0,0,0,0,0,0,29,0,100,0,0,0,0,0
177,0,0,0,0,0,0,0,1148667,0,0,258,262208,136,0,0,0,0,0,4083,0,0,0,0,0,0,0,0,258,258,0,130769,0,391740,262208,0,361,0,136,284,0,0,0,0,762924
177,0,1,0,0,0,0,0,574334,4083,0,0,0,1246,0,0,0,0,0,4083,0,0,0,0,0,0,0,0,0,134,0,65375,0,130754,0,0,105,190,229,2095,0,0,303394,0,0
177,0,2,0,0,0,0,0,574334,0,0,0,0,91,65632,0,0,0,0,0,0,0,0,0,0,0,0,0,0,0,0,0,0,65425,65480,0,249,152,310,203,0,0,192421,0,65508
177,0,3,0,0,0,0,0,574334,0,0,0,0,91,65632,0,0,0,0,0,0,0,0,0,0,0,0,0,0,0,0,0,0,0,65490,0,95,64,0,132,0,0,119016,0,65467
177,0,4,0,0,0,0,0,574334,0,0,0,0,94,65632,0,0,0,0,0,0,0,0,0,0,0,0,0,0,0,0,0,0,0,65467,0,87,0,63,136,253526,0,0,0,65530
177,0,5,0,0,0,0,0,574334,0,0,0,0,92,65632,0,0,0,0,0,0,0,0,0,0,0,0,0,0,0,0,0,0,0,65491,593,148,0,1,200,0,0,61569,0,65500
177,0,6,0,0,0,0,0,574334,0,0,0,0,47,0,0,0,0,0,0,0,0,0,0,0,0,0,0,0,0,0,0,0,0,0,0,40,98,1,52,0,0,0,0,0
177,0,7,0,0,0,0,0,574334,0,0,0,0,53,0,0,0,0,0,0,0,0,0,0,0,0,0,0,0,0,0,0,0,0,0,0,106,39,0,137,0,0,0,0,0
177,0,8,0,0,0,0,0,574334,0,0,0,0,50,0,0,0,0,0,0,0,0,0,0,0,0,0,0,0,0,0,0,0,0,0,0,52,0,42,107,0,0,0,0,0
177,0,9,0,0,0,0,0,574334,0,0,0,0,47,0,0,0,0,0,0,0,0,0,0,0,0,0,0,0,0,0,0,0,0,0,375,42,0,0,53,0,0,0,0,0
177,0,10,0,0,0,0,0,574334,0,0,0,0,53,0,0,0,0,0,0,0,0,0,0,0,0,0,0,0,0,0,0,0,0,0,0,88,92,0,121,0,0,0,0,0
177,0,11,0,0,0,0,0,574334,0,0,0,0,53,0,0,0,0,0,0,0,0,0,0,0,0,0,0,0,0,0,0,0,0,0,0,41,39,0,94,0,0,0,0,0
177,0,12,0,0,0,0,0,574334,0,0,0,0,47,0,0,0,0,0,0,0,0,0,0,0,0,0,0,0,0,0,0,0,0,0,0,0,0,45,93,0,0,0,0,0
177,0,13,0,0,0,0,0,574334,0,0,0,0,53,0,0,0,0,0,0,0,0,0,0,0,0,0,0,0,0,0,0,0,0,0,168,0,0,0,109,0,0,0,0,0
177,0,14,0,0,0,0,0,574333,0,0,0,0,53,0,0,0,0,0,0,0,0,0,0,0,0,0,0,0,0,0,0,0,0,0,0,0,90,0,63,0,0,0,0,0
177,0,15,0,0,0,0,0,574334,0,0,0,0,51,0,0,0,0,0,0,0,0,0,0,0,0,0,0,0,0,0,0,0,0,0,0,0,29,0,100,0,0,0,0,0
178,0,0,0,0,0,0,0,1672229,0,0,388,393312,136,0,0,0,0,0,4290,0,0,0,0,0,0,0,0,388,388,0,130772,0,652784,393312,0,345,0,136,284,0,0,0,0,1040116
178,0,1,0,0,0,0,0,836115,4290,0,0,0,1347,0,0,0,0,0,4290,0,0,0,0,0,0,0,0,0,189,0,65408,0,261386,0,0,96,186,273,2259,0,0,208914,0,0
178,0,2,0,0,0,0,0,836115,0,0,0,0,76,65632,0,0,0,0,0,0,0,0,0,0,0,0,0,0,0,0,65416,0,130764,65495,0,325,140,352,172,0,0,188169,0,65483
178,0,3,0,0,0,0,0,836115,0,0,0,0,80,65632,0,0,0,0,0,0,0,0,0,0,0,0,0,0,0,0,65412,0,0,65502,0,132,59,0,115,0,0,77925,0,65514
178,0,4,0,0,0,0,0,836115,0,0,0,0,80,65632,0,0,0,0,0,0,0,0,0,0,0,0,0,0,0,0,0,0,0,65485,0,87,0,61,119,507486,0,0,0,65483
178,0,5,0,0,0,0,0,836115,0,0,0,0,89,65632,0,0,0,0,0,0,0,0,0,0,0,0,0,0,0,0,0,0,0,65492,668,151,0,2,205,0,0,372713,0,65493
178,0,6,0,0,0,0,0,836115,0,0,0,0,101,65632,0,0,0,0,0,0,0,0,0,0,0,0,0,0,0,0,0,0,0,65495,0,28,184,0,131,0,0,351765,0,65512
178,0,7,0,0,0,0,0,836115,0,0,0,0,106,65632,0,0,0,0,0,0,0,0,0,0,0,0,0,0,0,0,0,0,0,65489,0,107,72,0,244,0,0,171960,0,65480
178,0,8,0,0,0,0,0,836115,0,0,0,0,50,0,0,0,0,0,0,0,0,0,0,0,0,0,0,0,0,0,0,0,0,0,0,52,0,42,107,0,0,0,0,0
178,0,9,0,0,0,0,0,836115,0,0,0,0,48,0,0,0,0,0,0,0,0,0,0,0,0,0,0,0,0,0,0,0,0,0,376,40,0,0,53,0,0,0,0,0
178,0,10,0,0,0,0,0,836115,0,0,0,0,52,0,0,0,0,0,0,0,0,0,0,0,0,0,0,0,0,0,0,0,0,0,0,90,88,0,130,0,0,0,0,0
178,0,11,0,0,0,0,0,836115,0,0,0,0,48,0,0,0,0,0,0,0,0,0,0,0,0,0,0,0,0,0,0,0,0,0,0,37,44,0,94,0,0,0,0,0
178,0,12,0,0,0,0,0,836115,0,0,0,0,49,0,0,0,0,0,0,0,0,0,0,0,0,0,0,0,0,0,0,0,0,0,0,0,0,43,95,0,0,0,0,0
178,0,13,0,0,0,0,0,836115,0,0,0,0,55,0,0,0,0,0,0,0,0,0,0,0,0,0,0,0,0,0,0,0,0,0,170,0,0,0,113,0,0,0,0,0
178,0,14,0,0,0,0,0,836115,0,0,0,0,52,0,0,0,0,0,0,0,0,0,0,0,0,0,0,0,0,0,0,0,0,0,0,0,88,0,60,0,0,0,0,0
178,0,15,0,0,0,0,0,836115,0,0,0,0,48,0,0,0,0,0,0,0,0,0,0,0,0,0,0,0,0,0,0,0,0,0,0,0,32,0,103,0,0,0,0,0
179,0,0,0,0,0,0,0,1672416,0,0,388,393312,136,0,0,0,0,0,4287,0,0,0,0,0,0,0,0,388,388,0,130739,0,652722,393312,0,345,0,136,284,0,0,0,0,1040183
179,0,1,0,0,0,0,0,836208,4287,0,0,0,1329,0,0,0,0,0,4287,0,0,0,0,0,0,0,0,0,186,0,65414,0,261358,0,0,106,182,285,2245,0,0,208905,0,0
179,0,2,0,0,0,0,0,836208,0,0,0,0,79,65632,0,0,0,0,0,0,0,0,0,0,0,0,0,0,0,0,65406,0,130769,65486,0,312,137,355,173,0,0,188146,0,65491
179,0,3,0,0,0,0,0,836208,0,0,0,0,80,65632,0,0,0,0,0,0,0,0,0,0,0,0,0,0,0,0,65417,0,0,65500,0,126,59,0,118,0,0,77905,0,65513
179,0,4,0,0,0,0,0,836208,0,0,0,0,80,65632,0,0,0,0,0,0,0,0,0,0,0,0,0,0,0,0,0,0,0,65484,0,87,0,61,114,507533,0,0,0,65484
179,0,5,0,0,0,0,0,836208,0,0,0,0,92,65632,0,0,0,0,0,0,0,0,0,0,0,0,0,0,0,0,0,0,0,65491,667,150,0,2,199,0,0,372731,0,65494
179,0,6,0,0,0,0,0,836207,0,0,0,0,101,65632,0,0,0,0,0,0,0,0,0,0,0,0,0,0,0,0,0,0,0,65493,0,39,179,1,133,0,0,347689,0,65517
179,0,7,0,0,0,0,0,836208,0,0,0,0,102,65632,0,0,0,0,0,0,0,0,0,0,0,0,0,0,0,0,0,0,0,65487,0,111,76,0,241,0,0,167871,0,65485
179,0,8,0,0,0,0,0,836208,0,0,0,0,51,0,0,0,0,0,0,0,0,0,0,0,0,0,0,0,0,0,0,0,0,0,0,52,0,41,108,0,0,0,0,0
179,0,9,0,0,0,0,0,836208,0,0,0,0,48,0,0,0,0,0,0,0,0,0,0,0,0,0,0,0,0,0,0,0,0,0,379,41,0,0,53,0,0,0,0,0
179,0,10,0,0,0,0,0,836208,0,0,0,0,52,0,0,0,0,0,0,0,0,0,0,0,0,0,0,0,0,0,0,0,0,0,0,85,92,0,124,0,0,0,0,0
179,0,11,0,0,0,0,0,836208,0,0,0,0,52,0,0,0,0,0,0,0,0,0,0,0,0,0,0,0,0,0,0,0,0,0,0,38,40,0,93,0,0,0,0,0
179,0,12,0,0,0,0,0,836208,0,0,0,0,46,0,0,0,0,0,0,0,0,0,0,0,0,0,0,0,0,0,0,0,0,0,0,0,0,46,92,0,0,0,0,0
179,0,13,0,0,0,0,0,836208,0,0,0,0,53,0,0,0,0,0,0,0,0,0,0,0,0,0,0,0,0,0,0,0,0,0,164,0,0,0,110,0,0,0,0,0
179,0,14,0,0,0,0,0,836208,0,0,0,0,52,0,0,0,0,0,0,0,0,0,0,0,0,0,0,0,0,0,0,0,0,0,0,0,93,0,65,0,0,0,0,0
179,0,15,0,0,0,0,0,836208,0,0,0,0,53,0,0,0,0,0,0,0,0,0,0,0,0,0,0,0,0,0,0,0,0,0,0,0,27,0,107,0,0,0,0,0
180,0,0,0,0,0,0,0,1672184,0,0,388,393312,136,0,0,0,0,0,4287,0,0,0,0,0,0,0,0,388,388,0,130759,0,652911,393312,0,345,0,136,284,0,0,0,0,1039969
180,0,1,0,0,0,0,0,836092,4287,0,0,0,1341,0,0,0,0,0,4287,0,0,0,0,0,0,0,0,0,187,0,65405,0,261424,0,0,104,185,272,2241,0,0,208916,0,0
180,0,2,0,0,0,0,0,836092,0,0,0,0,76,65632,0,0,0,0,0,0,0,0,0,0,0,0,0,0,0,0,65416,0,130772,65490,0,313,137,359,179,0,0,184072,0,65499
180,0,3,0,0,0,0,0,836092,0,0,0,0,78,65632,0,0,0,0,0,0,0,0,0,0,0,0,0,0,0,0,65418,0,0,65501,0,129,61,0,109,0,0,77886,0,65520
180,0,4,0,0,0,0,0,836092,0,0,0,0,79,65632,0,0,0,0,0,0,0,0,0,0,0,0,0,0,0,0,0,0,0,65483,0,82,0,62,120,507522,0,0,0,65483
180,0,5,0,0,0,0,0,836092,0,0,0,0,88,65632,0,0,0,0,0,0,0,0,0,0,0,0,0,0,0,0,0,0,0,65491,683,149,0,1,198,0,0,372635,0,65496
180,0,6,0,0,0,0,0,836092,0,0,0,0,103,65632,0,0,0,0,0,0,0,0,0,0,0,0,0,0,0,0,0,0,0,65496,0,35,181,1,138,0,0,347660,0,65517
180,0,7,0,0,0,0,0,836092,0,0,0,0,105,65632,0,0,0,0,0,0,0,0,0,0,0,0,0,0,0,0,0,0,0,65489,0,108,73,0,244,0,0,167839,0,65485
180,0,8,0,0,0,0,0,836092,0,0,0,0,50,0,0,0,0,0,0,0,0,0,0,0,0,0,0,0,0,0,0,0,0,0,0,57,0,42,107,0,0,0,0,0
180,0,9,0,0,0,0,0,836092,0,0,0,0,47,0,0,0,0,0,0,0,0,0,0,0,0,0,0,0,0,0,0,0,0,0,365,41,0,0,53,0,0,0,0,0
180,0,10,0,0,0,0,0,836092,0,0,0,0,54,0,0,0,0,0,0,0,0,0,0,0,0,0,0,0,0,0,0,0,0,0,0,88,92,0,127,0,0,0,0,0
180,0,11,0,0,0,0,0,836092,0,0,0,0,54,0,0,0,0,0,0,0,0,0,0,0,0,0,0,0,0,0,0,0,0,0,0,41,38,0,95,0,0,0,0,0
180,0,12,0,0,0,0,0,836092,0,0,0,0,54,0,0,0,0,0,0,0,0,0,0,0,0,0,0,0,0,0,0,0,0,0,0,0,0,38,95,0,0,0,0,0
180,0,13,0,0,0,0,0,836092,0,0,0,0,51,0,0,0,0,0,0,0,0,0,0,0,0,0,0,0,0,0,0,0,0,0,178,0,0,0,108,0,0,0,0,0
180,0,14,0,0,0,0,0,836091,0,0,0,0,54,0,0,0,0,0,0,0,0,0,0,0,0,0,0,0,0,0,0,0,0,0,0,0,89,0,64,0,0,0,0,0
180,0,15,0,0,0,0,0,836092,0,0,0,0,51,0,0,0,0,0,0,0,0,0,0,0,0,0,0,0,0,0,0,0,0,0,0,0,29,0,102,0,0,0,0,0
181,0,0,0,0,0,0,0,2195878,0,0,516,524416,136,0,0,0,0,0,4494,0,0,0,0,0,0,0,0,516,516,0,261386,0,783133,524416,0,412,0,136,284,0,0,0,0,1475624
181,0,1,0,0,0,0,0,1097939,4494,0,0,0,1466,0,0,0,0,0,4494,0,0,0,0,0,0,0,0,0,246,0,130733,0,261325,0,0,99,236,231,2438,0,0,221287,0,0
181,0,2,0,0,0,0,0,1097939,0,0,0,0,71,65632,0,0,0,0,0,0,0,0,0,0,0,0,0,0,0,0,65407,0,130750,65487,0,310,123,418,144,0,0,184184,0,65494
181,0,3,0,0,0,0,0,1097939,0,0,0,0,70,65632,0,0,0,0,0,0,0,0,0,0,0,0,0,0,0,0,65411,0,0,65494,0,74,55,0,89,0,0,69832,0,65515
181,0,4,0,0,0,0,0,1097939,0,0,0,0,78,65632,0,0,0,0,0,0,0,0,0,0,0,0,0,0,0,0,65400,0,0,65469,0,109,0,59,143,745288,0,0,0,65494
181,0,5,0,0,0,0,0,1097939,0,0,0,0,94,65632,0,0,0,0,0,0,0,0,0,0,0,0,0,0,0,0,65416,0,0,65495,749,198,0,0,237,0,0,728535,0,65488
181,0,6,0,0,0,0,0,1097938,0,0,0,0,105,65632,0,0,0,0,0,0,0,0,0,0,0,0,0,0,0,0,0,0,0,65493,0,43,191,2,141,0,0,523518,0,65497
181,0,7,0,0,0,0,0,1097939,0,0,0,0,111,65632,0,0,0,0,0,0,0,0,0,0,0,0,0,0,0,0,0,0,0,65487,0,146,73,0,272,0,0,229220,0,65483
181,0,8,0,0,0,0,0,1097939,0,0,0,0,101,65632,0,0,0,0,0,0,0,0,0,0,0,0,0,0,0,0,0,0,0,65485,0,52,0,60,207,539770,0,0,0,65493
181,0,9,0,0,0,0,0,1097939,0,0,0,0,95,65632,0,0,0,0,0,0,0,0,0,0,0,0,0,0,0,0,0,0,0,65492,437,42,0,2,122,0,0,143319,0,65466
181,0,10,0,0,0,0,0,1097939,0,0,0,0,51,0,0,0,0,0,0,0,0,0,0,0,0,0,0,0,0,0,0,0,0,0,0,97,92,0,107,0,0,0,0,0
181,0,11,0,0,0,0,0,1097939,0,0,0,0,51,0,0,0,0,0,0,0,0,0,0,0,0,0,0,0,0,0,0,0,0,0,0,5,41,0,92,0,0,0,0,0
181,0,12,0,0,0,0,0,1097939,0,0,0,0,46,0,0,0,0,0,0,0,0,0,0,0,0,0,0,0,0,0,0,0,0,0,0,0,0,46,92,0,0,0,0,0
181,0,13,0,0,0,0,0,1097939,0,0,0,0,53,0,0,0,0,0,0,0,0,0,0,0,0,0,0,0,0,0,0,0,0,0,176,0,0,0,109,0,0,0,0,0
181,0,14,0,0,0,0,0,1097939,0,0,0,0,51,0,0,0,0,0,0,0,0,0,0,0,0,0,0,0,0,0,0,0,0,0,0,0,81,0,52,0,0,0,0,0
181,0,15,0,0,0,0,0,1097939,0,0,0,0,40,0,0,0,0,0,0,0,0,0,0,0,0,0,0,0,0,0,0,0,0,0,0,0,40,0,129,0,0,0,0,0
182,0,0,0,0,0,0,0,2195760,0,0,516,524416,136,0,0,0,0,0,4494,0,0,0,0,0,0,0,0,516,516,0,261343,0,783345,524416,0,412,0,136,284,0,0,0,0,1475603
182,0,1,0,0,0,0,0,1097880,4494,0,0,0,1428,0,0,0,0,0,4494,0,0,0,0,0,0,0,0,0,247,0,130754,0,261384,0,0,130,206,268,2417,0,0,221252,0,0
182,0,2,0,0,0,0,0,1097880,0,0,0,0,68,65632,0,0,0,0,0,0,0,0,0,0,0,0,0,0,0,0,65417,0,130763,65496,0,316,125,356,160,0,0,180062,0,65500
182,0,3,0,0,0,0,0,1097880,0,0,0,0,68,65632,0,0,0,0,0,0,0,0,0,0,0,0,0,0,0,0,65413,0,0,65495,0,129,56,0,95,0,0,69800,0,65512
182,0,4,0,0,0,0,0,1097880,0,0,0,0,74,65632,0,0,0,0,0,0,0,0,0,0,0,0,0,0,0,0,65382,0,0,65470,0,110,0,63,108,737123,0,0,0,65499
182,0,5,0,0,0,0,0,1097880,0,0,0,0,95,65632,0,0,0,0,0,0,0,0,0,0,0,0,0,0,0,0,65420,0,0,65500,730,196,0,2,209,0,0,728483,0,65483
182,0,6,0,0,0,0,0,1097880,0,0,0,0,104,65632,0,0,0,0,0,0,0,0,0,0,0,0,0,0,0,0,0,0,0,65498,0,33,195,1,144,0,0,523479,0,65501
182,0,7,0,0,0,0,0,1097880,0,0,0,0,116,65632,0,0,0,0,0,0,0,0,0,0,0,0,0,0,0,0,0,0,0,65486,0,104,69,0,264,0,0,229231,0,65488
182,0,8,0,0,0,0,0,1097880,0,0,0,0,95,65632,0,0,0,0,0,0,0,0,0,0,0,0,0,0,0,0,0,0,0,65476,0,52,0,66,200,539854,0,0,0,65495
182,0,9,0,0,0,0,0,1097880,0,0,0,0,92,65632,0,0,0,0,0,0,0,0,0,0,0,0,0,0,0,0,0,0,0,65495,445,40,0,2,123,0,0,143367,0,65476
182,0,10,0,0,0,0,0,1097880,0,0,0,0,52,0,0,0,0,0,0,0,0,0,0,0,0,0,0,0,0,0,0,0,0,0,0,89,88,0,126,0,0,0,0,0
182,0,11,0,0,0,0,0,1097880,0,0,0,0,48,0,0,0,0,0,0,0,0,0,0,0,0,0,0,0,0,0,0,0,0,0,0,42,44,0,94,0,0,0,0,0
182,0,12,0,0,0,0,0,1097880,0,0,0,0,49,0,0,0,0,0,0,0,0,0,0,0,0,0,0,0,0,0,0,0,0,0,0,0,0,43,95,0,0,0,0,0
182,0,13,0,0,0,0,0,1097880,0,0,0,0,55,0,0,0,0,0,0,0,0,0,0,0,0,0,0,0,0,0,0,0,0,0,169,0,0,0,113,0,0,0,0,0
182,0,14,0,0,0,0,0,1097880,0,0,0,0,52,0,0,0,0,0,0,0,0,0,0,0,0,0,0,0,0,0,0,0,0,0,0,0,89,0,61,0,0,0,0,0
182,0,15,0,0,0,0,0,1097880,0,0,0,0,49,0,0,0,0,0,0,0,0,0,0,0,0,0,0,0,0,0,0,0,0,0,0,0,31,0,101,0,0,0,0,0
183,0,0,0,0,0,0,0,2195877,0,0,516,524416,136,0,0,0,0,0,4494,0,0,0,0,0,0,0,0,516,516,0,261428,0,783131,524416,0,412,0,136,284,0,0,0,0,1475682
183,0,1,0,0,0,0,0,1097939,4494,0,0,0,1451,0,0,0,0,0,4494,0,0,0,0,0,0,0,0,0,259,0,130734,0,261330,0,0,108,239,234,2431,0,0,221263,0,0
183,0,2,0,0,0,0,0,1097939,0,0,0,0,70,65632,0,0,0,0,0,0,0,0,0,0,0,0,0,0,0,0,65404,0,130756,65491,0,314,121,412,143,0,0,180076,0,65495
183,0,3,0,0,0,0,0,1097939,0,0,0,0,68,65632,0,0,0,0,0,0,0,0,0,0,0,0,0,0,0,0,65411,0,0,65499,0,75,57,0,92,0,0,69844,0,65504
183,0,4,0,0,0,0,0,1097939,0,0,0,0,81,65632,0,0,0,0,0,0,0,0,0,0,0,0,0,0,0,0,65387,0,0,65488,0,111,0,56,146,741210,0,0,0,65504
183,0,5,0,0,0,0,0,1097939,0,0,0,0,99,65632,0,0,0,0,0,0,0,0,0,0,0,0,0,0,0,0,65412,0,0,65490,743,190,0,2,241,0,0,728494,0,65483
183,0,6,0,0,0,0,0,1097939,0,0,0,0,109,65632,0,0,0,0,0,0,0,0,0,0,0,0,0,0,0,0,0,0,0,65495,0,43,192,0,141,0,0,523425,0,65498
183,0,7,0,0,0,0,0,1097939,0,0,0,0,117,65632,0,0,0,0,0,0,0,0,0,0,0,0,0,0,0,0,0,0,0,65487,0,148,68,0,276,0,0,229150,0,65482
183,0,8,0,0,0,0,0,1097939,0,0,0,0,100,65632,0,0,0,0,0,0,0,0,0,0,0,0,0,0,0,0,0,0,0,65478,0,52,0,61,204,539809,0,0,0,65493
183,0,9,0,0,0,0,0,1097939,0,0,0,0,94,65632,0,0,0,0,0,0,0,0,0,0,0,0,0,0,0,0,0,0,0,65493,438,42,0,1,129,0,0,147409,0,65468
183,0,10,0,0,0,0,0,1097939,0,0,0,0,51,0,0,0,0,0,0,0,0,0,0,0,0,0,0,0,0,0,0,0,0,0,0,97,92,1,107,0,0,0,0,0
183,0,11,0,0,0,0,0,1097939,0,0,0,0,51,0,0,0,0,0,0,0,0,0,0,0,0,0,0,0,0,0,0,0,0,0,0,2,41,0,92,0,0,0,0,0
183,0,12,0,0,0,0,0,1097939,0,0,0,0,46,0,0,0,0,0,0,0,0,0,0,0,0,0,0,0,0,0,0,0,0,0,0,0,0,46,92,0,0,0,0,0
183,0,13,0,0,0,0,0,1097939,0,0,0,0,53,0,0,0,0,0,0,0,0,0,0,0,0,0,0,0,0,0,0,0,0,0,176,0,0,0,109,0,0,0,0,0
183,0,14,0,0,0,0,0,1097938,0,0,0,0,51,0,0,0,0,0,0,0,0,0,0,0,0,0,0,0,0,0,0,0,0,0,0,0,81,0,52,0,0,0,0,0
183,0,15,0,0,0,0,0,1097939,0,0,0,0,40,0,0,0,0,0,0,0,0,0,0,0,0,0,0,0,0,0,0,0,0,0,0,0,40,0,132,0,0,0,0,0
184,0,0,0,0,0,0,0,2717880,0,0,642,655520,136,0,0,0,0,0,4695,0,0,0,0,0,0,0,0,642,642,0,261310,0,1043924,655520,0,390,0,136,284,0,0,0,0,1877495
184,0,1,0,0,0,0,0,1358940,4695,0,0,0,1514,0,0,0,0,0,4695,0,0,0,0,0,0,0,0,0,327,0,130729,0,391906,0,0,125,200,321,2532,0,0,217167,0,0
184,0,2,0,0,0,0,0,1358940,0,0,0,0,63,65632,0,0,0,0,0,0,0,0,0,0,0,0,0,0,0,0,130795,0,196079,65493,0,371,120,402,156,0,0,167756,0,65494
184,0,3,0,0,0,0,0,1358940,0,0,0,0,66,65632,0,0,0,0,0,0,0,0,0,0,0,0,0,0,0,0,130781,0,0,65497,0,162,53,0,90,0,0,69762,0,65508
184,0,4,0,0,0,0,0,1358940,0,0,0,0,71,65632,0,0,0,0,0,0,0,0,0,0,0,0,0,0,0,0,65377,0,0,65475,0,102,0,56,107,950012,0,0,0,65492
184,0,5,0,0,0,0,0,1358940,0,0,0,0,85,65632,0,0,0,0,0,0,0,0,0,0,0,0,0,0,0,0,65408,0,0,65487,828,201,0,1,195,0,0,818305,0,65477
184,0,6,0,0,0,0,0,1358939,0,0,0,0,98,65632,0,0,0,0,0,0,0,0,0,0,0,0,0,0,0,0,65421,0,0,65495,0,70,169,1,129,0,0,592882,0,65460
184,0,7,0,0,0,0,0,1358940,0,0,0,0,100,65632,0,0,0,0,0,0,0,0,0,0,0,0,0,0,0,0,65433,0,0,65489,0,178,66,0,225,0,0,237369,0,65458
184,0,8,0,0,0,0,0,1358940,0,0,0,0,93,65632,0,0,0,0,0,0,0,0,0,0,0,0,0,0,0,0,0,0,0,65476,0,57,0,56,189,1018420,0,0,0,65486
184,0,9,0,0,0,0,0,1358940,0,0,0,0,102,65632,0,0,0,0,0,0,0,0,0,0,0,0,0,0,0,0,0,0,0,65493,525,41,0,1,137,0,0,748799,0,65478
184,0,10,0,0,0,0,0,1358940,0,0,0,0,116,65632,0,0,0,0,0,0,0,0,0,0,0,0,0,0,0,0,0,0,0,65499,0,88,192,1,255,0,0,621518,0,65497
184,0,11,0,0,0,0,0,1358940,0,0,0,0,118,65632,0,0,0,0,0,0,0,0,0,0,0,0,0,0,0,0,0,0,0,65493,0,43,73,0,190,0,0,253738,0,65478
184,0,12,0,0,0,0,0,1358940,0,0,0,0,55,0,0,0,0,0,0,0,0,0,0,0,0,0,0,0,0,0,0,0,0,0,0,0,0,37,96,0,0,0,0,0
184,0,13,0,0,0,0,0,1358940,0,0,0,0,51,0,0,0,0,0,0,0,0,0,0,0,0,0,0,0,0,0,0,0,0,0,180,0,0,0,108,0,0,0,0,0
184,0,14,0,0,0,0,0,1358940,0,0,0,0,54,0,0,0,0,0,0,0,0,0,0,0,0,0,0,0,0,0,0,0,0,0,0,0,88,0,64,0,0,0,0,0
184,0,15,0,0,0,0,0,1358940,0,0,0,0,50,0,0,0,0,0,0,0,0,0,0,0,0,0,0,0,0,0,0,0,0,0,0,0,30,0,103,0,0,0,0,0
185,0,0,0,0,0,0,0,2717655,0,0,642,655520,136,0,0,0,0,0,4692,0,0,0,0,0,0,0,0,642,642,0,261364,0,1043755,655520,0,390,0,136,284,0,0,0,0,1877222
185,0,1,0,0,0,0,0,1358828,4692,0,0,0,1502,0,0,0,0,0,4692,0,0,0,0,0,0,0,0,0,318,0,130754,0,391817,0,0,126,202,330,2553,0,0,217142,0,0
185,0,2,0,0,0,0,0,1358828,0,0,0,0,66,65632,0,0,0,0,0,0,0,0,0,0,0,0,0,0,0,0,130759,0,196078,65484,0,368,117,405,149,0,0,167776,0,65494
185,0,3,0,0,0,0,0,1358828,0,0,0,0,64,65632,0,0,0,0,0,0,0,0,0,0,0,0,0,0,0,0,130769,0,0,65496,0,157,54,0,91,0,0,69769,0,65514
185,0,4,0,0,0,0,0,1358828,0,0,0,0,64,65632,0,0,0,0,0,0,0,0,0,0,0,0,0,0,0,0,65385,0,0,65471,0,106,0,63,99,949966,0,0,0,65491
185,0,5,0,0,0,0,0,1358828,0,0,0,0,86,65632,0,0,0,0,0,0,0,0,0,0,0,0,0,0,0,0,65412,0,0,65489,798,201,0,1,195,0,0,814163,0,65477
185,0,6,0,0,0,0,0,1358827,0,0,0,0,97,65632,0,0,0,0,0,0,0,0,0,0,0,0,0,0,0,0,65409,0,0,65494,0,75,174,2,126,0,0,592816,0,65458
185,0,7,0,0,0,0,0,1358828,0,0,0,0,106,65632,0,0,0,0,0,0,0,0,0,0,0,0,0,0,0,0,65434,0,0,65483,0,174,61,0,238,0,0,237316,0,65454
185,0,8,0,0,0,0,0,1358828,0,0,0,0,90,65632,0,0,0,0,0,0,0,0,0,0,0,0,0,0,0,0,0,0,0,65479,0,52,0,59,187,1010120,0,0,0,65489
185,0,9,0,0,0,0,0,1358828,0,0,0,0,100,65632,0,0,0,0,0,0,0,0,0,0,0,0,0,0,0,0,0,0,0,65499,542,42,0,1,134,0,0,748703,0,65484
185,0,10,0,0,0,0,0,1358828,0,0,0,0,119,65632,0,0,0,0,0,0,0,0,0,0,0,0,0,0,0,0,0,0,0,65498,0,85,189,2,256,0,0,621425,0,65503
185,0,11,0,0,0,0,0,1358828,0,0,0,0,119,65632,0,0,0,0,0,0,0,0,0,0,0,0,0,0,0,0,0,0,0,65493,0,45,72,0,192,0,0,253691,0,65478
185,0,12,0,0,0,0,0,1358828,0,0,0,0,47,0,0,0,0,0,0,0,0,0,0,0,0,0,0,0,0,0,0,0,0,0,0,0,0,45,93,0,0,0,0,0
185,0,13,0,0,0,0,0,1358828,0,0,0,0,53,0,0,0,0,0,0,0,0,0,0,0,0,0,0,0,0,0,0,0,0,0,165,0,0,0,109,0,0,0,0,0
185,0,14,0,0,0,0,0,1358828,0,0,0,0,53,0,0,0,0,0,0,0,0,0,0,0,0,0,0,0,0,0,0,0,0,0,0,0,93,0,66,0,0,0,0,0
185,0,15,0,0,0,0,0,1358828,0,0,0,0,54,0,0,0,0,0,0,0,0,0,0,0,0,0,0,0,0,0,0,0,0,0,0,0,26,0,105,0,0,0,0,0
186,0,0,0,0,0,0,0,2717547,0,0,642,655520,136,0,0,0,0,0,4692,0,0,0,0,0,0,0,0,642,642,0,261468,0,1043889,655520,0,390,0,136,284,0,0,0,0,1877195
186,0,1,0,0,0,0,0,1358774,4692,0,0,0,1498,0,0,0,0,0,4692,0,0,0,0,0,0,0,0,0,321,0,130747,0,391861,0,0,131,197,334,2537,0,0,217173,0,0
186,0,2,0,0,0,0,0,1358774,0,0,0,0,65,65632,0,0,0,0,0,0,0,0,0,0,0,0,0,0,0,0,130770,0,196087,65489,0,360,118,406,151,0,0,167780,0,65494
186,0,3,0,0,0,0,0,1358774,0,0,0,0,65,65632,0,0,0,0,0,0,0,0,0,0,0,0,0,0,0,0,130783,0,0,65492,0,157,54,0,90,0,0,69804,0,65512
186,0,4,0,0,0,0,0,1358774,0,0,0,0,73,65632,0,0,0,0,0,0,0,0,0,0,0,0,0,0,0,0,65394,0,0,65489,0,106,0,54,103,949917,0,0,0,65496
186,0,5,0,0,0,0,0,1358774,0,0,0,0,87,65632,0,0,0,0,0,0,0,0,0,0,0,0,0,0,0,0,65424,0,0,65481,809,200,0,0,192,0,0,814160,0,65477
186,0,6,0,0,0,0,0,1358773,0,0,0,0,96,65632,0,0,0,0,0,0,0,0,0,0,0,0,0,0,0,0,65419,0,0,65490,0,79,175,2,129,0,0,592787,0,65463
186,0,7,0,0,0,0,0,1358774,0,0,0,0,105,65632,0,0,0,0,0,0,0,0,0,0,0,0,0,0,0,0,65434,0,0,65490,0,178,62,0,233,0,0,237339,0,65454
186,0,8,0,0,0,0,0,1358774,0,0,0,0,85,65632,0,0,0,0,0,0,0,0,0,0,0,0,0,0,0,0,0,0,0,65484,0,52,0,64,182,1014172,0,0,0,65492
186,0,9,0,0,0,0,0,1358774,0,0,0,0,99,65632,0,0,0,0,0,0,0,0,0,0,0,0,0,0,0,0,0,0,0,65496,539,42,0,0,134,0,0,748724,0,65480
186,0,10,0,0,0,0,0,1358774,0,0,0,0,122,65632,0,0,0,0,0,0,0,0,0,0,0,0,0,0,0,0,0,0,0,65500,0,87,190,2,253,0,0,625532,0,65500
186,0,11,0,0,0,0,0,1358774,0,0,0,0,122,65632,0,0,0,0,0,0,0,0,0,0,0,0,0,0,0,0,0,0,0,65493,0,44,69,0,192,0,0,253692,0,65478
186,0,12,0,0,0,0,0,1358774,0,0,0,0,47,0,0,0,0,0,0,0,0,0,0,0,0,0,0,0,0,0,0,0,0,0,0,0,0,45,93,0,0,0,0,0
186,0,13,0,0,0,0,0,1358774,0,0,0,0,53,0,0,0,0,0,0,0,0,0,0,0,0,0,0,0,0,0,0,0,0,0,164,0,0,0,109,0,0,0,0,0
186,0,14,0,0,0,0,0,1358773,0,0,0,0,53,0,0,0,0,0,0,0,0,0,0,0,0,0,0,0,0,0,0,0,0,0,0,0,94,0,64,0,0,0,0,0
186,0,15,0,0,0,0,0,1358774,0,0,0,0,55,0,0,0,0,0,0,0,0,0,0,0,0,0,0,0,0,0,0,0,0,0,0,0,25,0,107,0,0,0,0,0
187,0,0,0,0,0,0,0,3502430,0,0,838,852176,136,0,0,0,0,0,5004,0,0,0,0,0,0,0,0,838,838,0,391921,0,1304617,852176,0,457,0,136,284,0,0,0,0,2451068
187,0,1,0,0,0,0,0,1751215,5004,0,0,0,1660,0,0,0,0,0,5004,0,0,0,0,0,0,0,0,0,430,0,196028,0,457089,0,0,160,223,316,2783,0,0,204863,0,0
187,0,2,0,0,0,0,0,1751215,0,0,0,0,63,65632,0,0,0,0,0,0,0,0,0,0,0,0,0,0,0,0,196068,0,196072,65487,0,416,110,409,155,0,0,171836,0,65499
187,0,3,0,0,0,0,0,1751215,0,0,0,0,60,65632,0,0,0,0,0,0,0,0,0,0,0,0,0,0,0,0,130783,0,0,65491,0,138,54,0,76,0,0,61585,0,65517
187,0,4,0,0,0,0,0,1751215,0,0,0,0,68,65632,0,0,0,0,0,0,0,0,0,0,0,0,0,0,0,0,130745,0,0,65474,0,135,0,51,89,1188079,0,0,0,65504
187,0,5,0,0,0,0,0,1751215,0,0,0,0,74,65632,0,0,0,0,0,0,0,0,0,0,0,0,0,0,0,0,130795,0,0,65485,923,270,0,1,165,0,0,728380,0,65445
187,0,6,0,0,0,0,0,1751214,0,0,0,0,84,65632,0,0,0,0,0,0,0,0,0,0,0,0,0,0,0,0,130788,0,0,65496,0,109,151,1,110,0,0,531471,0,65498
187,0,7,0,0,0,0,0,1751215,0,0,0,0,91,65632,0,0,0,0,0,0,0,0,0,0,0,0,0,0,0,0,65425,0,0,65488,0,176,54,0,219,0,0,241408,0,65475
187,0,8,0,0,0,0,0,1751215,0,0,0,0,83,65632,0,0,0,0,0,0,0,0,0,0,0,0,0,0,0,0,65406,0,0,65485,0,105,0,60,173,1361833,0,0,0,65461
187,0,9,0,0,0,0,0,1751215,0,0,0,0,97,65632,0,0,0,0,0,0,0,0,0,0,0,0,0,0,0,0,65412,0,0,65494,664,73,0,0,132,0,0,1402501,0,65440
187,0,10,0,0,0,0,0,1751215,0,0,0,0,117,65632,0,0,0,0,0,0,0,0,0,0,0,0,0,0,0,0,65421,0,0,65500,0,154,185,3,252,0,0,915624,0,65470
187,0,11,0,0,0,0,0,1751215,0,0,0,0,112,65632,0,0,0,0,0,0,0,0,0,0,0,0,0,0,0,0,0,0,0,65496,0,45,78,0,183,0,0,343618,0,65448
187,0,12,0,0,0,0,0,1751215,0,0,0,0,97,65632,0,0,0,0,0,0,0,0,0,0,0,0,0,0,0,0,0,0,0,65499,0,0,0,74,171,1230882,0,0,0,65496
187,0,13,0,0,0,0,0,1751215,0,0,0,0,117,65632,0,0,0,0,0,0,0,0,0,0,0,0,0,0,0,0,0,0,0,65501,318,0,0,2,243,0,0,764295,0,65508
187,0,14,0,0,0,0,0,1751215,0,0,0,0,110,65632,0,0,0,0,0,0,0,0,0,0,0,0,0,0,0,0,0,0,0,65509,0,0,121,0,155,0,0,363877,0,65469
187,0,15,0,0,0,0,0,1751215,0,0,0,0,40,0,0,0,0,0,0,0,0,0,0,0,0,0,0,0,0,0,0,0,0,0,0,0,40,0,94,0,0,0,0,0
188,0,0,0,0,0,0,0,3502334,0,0,838,852176,136,0,0,0,0,0,5004,0,0,0,0,0,0,0,0,838,838,0,391850,0,1304594,852176,0,457,0,136,284,0,0,0,0,2450995
188,0,1,0,0,0,0,0,1751167,5004,0,0,0,1634,0,0,0,0,0,5004,0,0,0,0,0,0,0,0,0,441,0,196033,0,457051,0,0,152,223,350,2757,0,0,204782,0,0
188,0,2,0,0,0,0,0,1751167,0,0,0,0,62,65632,0,0,0,0,0,0,0,0,0,0,0,0,0,0,0,0,196043,0,196068,65486,0,411,113,388,146,0,0,171829,0,65492
188,0,3,0,0,0,0,0,1751167,0,0,0,0,63,65632,0,0,0,0,0,0,0,0,0,0,0,0,0,0,0,0,130780,0,0,65494,0,150,52,0,87,0,0,61574,0,65518
188,0,4,0,0,0,0,0,1751167,0,0,0,0,64,65632,0,0,0,0,0,0,0,0,0,0,0,0,0,0,0,0,130707,0,0,65487,0,138,0,55,90,1188022,0,0,0,65497
188,0,5,0,0,0,0,0,1751167,0,0,0,0,76,65632,0,0,0,0,0,0,0,0,0,0,0,0,0,0,0,0,130781,0,0,65494,920,276,0,1,169,0,0,728353,0,65449
188,0,6,0,0,0,0,0,1751167,0,0,0,0,80,65632,0,0,0,0,0,0,0,0,0,0,0,0,0,0,0,0,130783,0,0,65493,0,117,148,2,103,0,0,531443,0,65498
188,0,7,0,0,0,0,0,1751167,0,0,0,0,85,65632,0,0,0,0,0,0,0,0,0,0,0,0,0,0,0,0,65425,0,0,65489,0,170,60,0,206,0,0,241393,0,65475
188,0,8,0,0,0,0,0,1751167,0,0,0,0,85,65632,0,0,0,0,0,0,0,0,0,0,0,0,0,0,0,0,65403,0,0,65473,0,102,0,58,175,1361689,0,0,0,65463
188,0,9,0,0,0,0,0,1751167,0,0,0,0,99,65632,0,0,0,0,0,0,0,0,0,0,0,0,0,0,0,0,65410,0,0,65493,664,72,0,1,129,0,0,1402428,0,65439
188,0,10,0,0,0,0,0,1751167,0,0,0,0,116,65632,0,0,0,0,0,0,0,0,0,0,0,0,0,0,0,0,65418,0,0,65499,0,147,189,1,250,0,0,915558,0,65476
188,0,11,0,0,0,0,0,1751167,0,0,0,0,115,65632,0,0,0,0,0,0,0,0,0,0,0,0,0,0,0,0,0,0,0,65496,0,46,76,0,192,0,0,343600,0,65452
188,0,12,0,0,0,0,0,1751167,0,0,0,0,99,65632,0,0,0,0,0,0,0,0,0,0,0,0,0,0,0,0,0,0,0,65500,0,0,0,72,176,1230844,0,0,0,65497
188,0,13,0,0,0,0,0,1751167,0,0,0,0,116,65632,0,0,0,0,0,0,0,0,0,0,0,0,0,0,0,0,0,0,0,65500,313,0,0,1,243,0,0,764220,0,65512
188,0,14,0,0,0,0,0,1751166,0,0,0,0,113,65632,0,0,0,0,0,0,0,0,0,0,0,0,0,0,0,0,0,0,0,65512,0,0,130,1,165,0,0,363844,0,65465
188,0,15,0,0,0,0,0,1751167,0,0,0,0,52,0,0,0,0,0,0,0,0,0,0,0,0,0,0,0,0,0,0,0,0,0,0,0,28,0,104,0,0,0,0,0
189,0,0,0,0,0,0,0,3502403,0,0,838,852176,136,0,0,0,0,0,5004,0,0,0,0,0,0,0,0,838,838,0,391918,0,1304491,852176,0,457,0,136,284,0,0,0,0,2451128
189,0,1,0,0,0,0,0,1751201,5004,0,0,0,1670,0,0,0,0,0,5004,0,0,0,0,0,0,0,0,0,435,0,195966,0,457093,0,0,149,227,313,2762,0,0,204845,0,0
189,0,2,0,0,0,0,0,1751201,0,0,0,0,61,65632,0,0,0,0,0,0,0,0,0,0,0,0,0,0,0,0,196070,0,196074,65485,0,428,111,403,150,0,0,175972,0,65494
189,0,3,0,0,0,0,0,1751201,0,0,0,0,60,65632,0,0,0,0,0,0,0,0,0,0,0,0,0,0,0,0,130782,0,0,65494,0,144,55,0,75,0,0,61598,0,65515
189,0,4,0,0,0,0,0,1751201,0,0,0,0,66,65632,0,0,0,0,0,0,0,0,0,0,0,0,0,0,0,0,130741,0,0,65483,0,134,0,53,92,1183964,0,0,0,65499
189,0,5,0,0,0,0,0,1751201,0,0,0,0,77,65632,0,0,0,0,0,0,0,0,0,0,0,0,0,0,0,0,130776,0,0,65479,953,279,0,1,170,0,0,728426,0,65444
189,0,6,0,0,0,0,0,1751201,0,0,0,0,83,65632,0,0,0,0,0,0,0,0,0,0,0,0,0,0,0,0,130802,0,0,65492,0,104,150,2,102,0,0,539673,0,65500
189,0,7,0,0,0,0,0,1751201,0,0,0,0,90,65632,0,0,0,0,0,0,0,0,0,0,0,0,0,0,0,0,65424,0,0,65488,0,174,55,0,213,0,0,241412,0,65473
189,0,8,0,0,0,0,0,1751201,0,0,0,0,84,65632,0,0,0,0,0,0,0,0,0,0,0,0,0,0,0,0,65415,0,0,65478,0,106,0,59,174,1361789,0,0,0,65471
189,0,9,0,0,0,0,0,1751201,0,0,0,0,103,65632,0,0,0,0,0,0,0,0,0,0,0,0,0,0,0,0,65408,0,0,65495,630,73,0,1,129,0,0,1402482,0,65434
189,0,10,0,0,0,0,0,1751201,0,0,0,0,113,65632,0,0,0,0,0,0,0,0,0,0,0,0,0,0,0,0,65428,0,0,65498,0,155,195,2,252,0,0,915567,0,65461
189,0,11,0,0,0,0,0,1751201,0,0,0,0,119,65632,0,0,0,0,0,0,0,0,0,0,0,0,0,0,0,0,0,0,0,65496,0,41,72,0,196,0,0,343584,0,65445
189,0,12,0,0,0,0,0,1751201,0,0,0,0,105,65632,0,0,0,0,0,0,0,0,0,0,0,0,0,0,0,0,0,0,0,65500,0,0,0,66,178,1234942,0,0,0,65499
189,0,13,0,0,0,0,0,1751201,0,0,0,0,117,65632,0,0,0,0,0,0,0,0,0,0,0,0,0,0,0,0,0,0,0,65501,336,0,0,1,243,0,0,768347,0,65508
189,0,14,0,0,0,0,0,1751201,0,0,0,0,121,65632,0,0,0,0,0,0,0,0,0,0,0,0,0,0,0,0,0,0,0,65512,0,0,112,1,165,0,0,363831,0,65476
189,0,15,0,0,0,0,0,1751201,0,0,0,0,42,0,0,0,0,0,0,0,0,0,0,0,0,0,0,0,0,0,0,0,0,0,0,0,38,0,99,0,0,0,0,0
190,0,0,0,0,0,0,0,364321,0,0,18,65540,136,0,0,0,0,0,3705,0,0,0,0,0,0,0,0,18,18,0,0,0,130890,65540,0,294,0,136,284,0,0,0,0,65560
190,0,1,0,0,0,0,0,182161,3705,0,0,0,1102,0,0,0,0,0,3705,0,0,0,0,0,0,0,0,0,6,0,0,0,65487,0,0,84,171,170,1827,0,0,65560,0,0
190,0,2,0,0,0,0,0,182161,0,0,0,0,58,65560,0,0,0,0,0,0,0,0,0,0,0,0,0,0,0,0,0,0,0,65516,0,249,98,282,148,0,0,0,0,65560
190,0,3,0,0,0,0,0,182161,0,0,0,0,47,0,0,0,0,0,0,0,0,0,0,0,0,0,0,0,0,0,0,0,0,0,0,92,45,0,54,0,0,0,0,0
190,0,4,0,0,0,0,0,182161,0,0,0,0,47,0,0,0,0,0,0,0,0,0,0,0,0,0,0,0,0,0,0,0,0,0,0,87,0,45,62,0,0,0,0,0
190,0,5,0,0,0,0,0,182161,0,0,0,0,47,0,0,0,0,0,0,0,0,0,0,0,0,0,0,0,0,0,0,0,0,0,537,148,0,0,109,0,0,0,0,0
190,0,6,0,0,0,0,0,182160,0,0,0,0,47,0,0,0,0,0,0,0,0,0,0,0,0,0,0,0,0,0,0,0,0,0,0,40,98,0,52,0,0,0,0,0
190,0,7,0,0,0,0,0,182161,0,0,0,0,53,0,0,0,0,0,0,0,0,0,0,0,0,0,0,0,0,0,0,0,0,0,0,104,39,0,140,0,0,0,0,0
190,0,8,0,0,0,0,0,182161,0,0,0,0,50,0,0,0,0,0,0,0,0,0,0,0,0,0,0,0,0,0,0,0,0,0,0,52,0,42,107,0,0,0,0,0
190,0,9,0,0,0,0,0,182161,0,0,0,0,47,0,0,0,0,0,0,0,0,0,0,0,0,0,0,0,0,0,0,0,0,0,365,42,0,0,53,0,0,0,0,0
190,0,10,0,0,0,0,0,182161,0,0,0,0,53,0,0,0,0,0,0,0,0,0,0,0,0,0,0,0,0,0,0,0,0,0,0,91,92,0,118,0,0,0,0,0
190,0,11,0,0,0,0,0,182161,0,0,0,0,53,0,0,0,0,0,0,0,0,0,0,0,0,0,0,0,0,0,0,0,0,0,0,40,39,0,94,0,0,0,0,0
190,0,12,0,0,0,0,0,182161,0,0,0,0,47,0,0,0,0,0,0,0,0,0,0,0,0,0,0,0,0,0,0,0,0,0,0,0,0,45,93,0,0,0,0,0
190,0,13,0,0,0,0,0,182161,0,0,0,0,53,0,0,0,0,0,0,0,0,0,0,0,0,0,0,0,0,0,0,0,0,0,178,0,0,0,109,0,0,0,0,0
190,0,14,0,0,0,0,0,182161,0,0,0,0,53,0,0,0,0,0,0,0,0,0,0,0,0,0,0,0,0,0,0,0,0,0,0,0,80,0,60,0,0,0,0,0
190,0,15,0,0,0,0,0,182161,0,0,0,0,41,0,0,0,0,0,0,0,0,0,0,0,0,0,0,0,0,0,0,0,0,0,0,0,39,0,88,0,0,0,0,0
191,0,0,0,0,0,0,0,364359,0,0,18,65540,136,0,0,0,0,0,3705,0,0,0,0,0,0,0,0,18,18,0,0,0,130860,65540,0,294,0,136,284,0,0,0,0,65560
191,0,1,0,0,0,0,0,182180,3705,0,0,0,1094,0,0,0,0,0,3705,0,0,0,0,0,0,0,0,0,5,0,0,0,65474,0,0,76,173,184,1832,0,0,65560,0,0
191,0,2,0,0,0,0,0,182180,0,0,0,0,59,65560,0,0,0,0,0,0,0,0,0,0,0,0,0,0,0,0,0,0,0,65512,0,255,96,268,144,0,0,0,0,65560
191,0,3,0,0,0,0,0,182180,0,0,0,0,47,0,0,0,0,0,0,0,0,0,0,0,0,0,0,0,0,0,0,0,0,0,0,99,45,0,61,0,0,0,0,0
191,0,4,0,0,0,0,0,182180,0,0,0,0,47,0,0,0,0,0,0,0,0,0,0,0,0,0,0,0,0,0,0,0,0,0,0,87,0,45,70,0,0,0,0,0
191,0,5,0,0,0,0,0,182180,0,0,0,0,47,0,0,0,0,0,0,0,0,0,0,0,0,0,0,0,0,0,0,0,0,0,526,148,0,0,117,0,0,0,0,0
191,0,6,0,0,0,0,0,182180,0,0,0,0,47,0,0,0,0,0,0,0,0,0,0,0,0,0,0,0,0,0,0,0,0,0,0,34,98,0,52,0,0,0,0,0
191,0,7,0,0,0,0,0,182180,0,0,0,0,53,0,0,0,0,0,0,0,0,0,0,0,0,0,0,0,0,0,0,0,0,0,0,105,39,0,132,0,0,0,0,0
191,0,8,0,0,0,0,0,182180,0,0,0,0,50,0,0,0,0,0,0,0,0,0,0,0,0,0,0,0,0,0,0,0,0,0,0,52,0,42,107,0,0,0,0,0
191,0,9,0,0,0,0,0,182180,0,0,0,0,47,0,0,0,0,0,0,0,0,0,0,0,0,0,0,0,0,0,0,0,0,0,376,42,0,0,53,0,0,0,0,0
191,0,10,0,0,0,0,0,182180,0,0,0,0,53,0,0,0,0,0,0,0,0,0,0,0,0,0,0,0,0,0,0,0,0,0,0,89,92,0,126,0,0,0,0,0
191,0,11,0,0,0,0,0,182180,0,0,0,0,53,0,0,0,0,0,0,0,0,0,0,0,0,0,0,0,0,0,0,0,0,0,0,39,39,0,94,0,0,0,0,0
191,0,12,0,0,0,0,0,182180,0,0,0,0,47,0,0,0,0,0,0,0,0,0,0,0,0,0,0,0,0,0,0,0,0,0,0,0,0,45,93,0,0,0,0,0
191,0,13,0,0,0,0,0,182180,0,0,0,0,53,0,0,0,0,0,0,0,0,0,0,0,0,0,0,0,0,0,0,0,0,0,167,0,0,0,109,0,0,0,0,0
191,0,14,0,0,0,0,0,182180,0,0,0,0,53,0,0,0,0,0,0,0,0,0,0,0,0,0,0,0,0,0,0,0,0,0,0,0,91,0,62,0,0,0,0,0
191,0,15,0,0,0,0,0,182180,0,0,0,0,52,0,0,0,0,0,0,0,0,0,0,0,0,0,0,0,0,0,0,0,0,0,0,0,28,0,100,0,0,0,0,0
192,0,0,0,0,0,0,0,364315,0,0,18,65540,136,0,0,0,0,0,3705,0,0,0,0,0,0,0,0,18,18,0,0,0,130907,65540,0,294,0,136,284,0,0,0,0,65560
192,0,1,0,0,0,0,0,182158,3705,0,0,0,1102,0,0,0,0,0,3705,0,0,0,0,0,0,0,0,0,5,0,0,0,65492,0,0,84,170,171,1829,0,0,65560,0,0
192,0,2,0,0,0,0,0,182158,0,0,0,0,59,65560,0,0,0,0,0,0,0,0,0,0,0,0,0,0,0,0,0,0,0,65524,0,249,96,283,148,0,0,0,0,65560
192,0,3,0,0,0,0,0,182158,0,0,0,0,47,0,0,0,0,0,0,0,0,0,0,0,0,0,0,0,0,0,0,0,0,0,0,91,45,0,54,0,0,0,0,0
192,0,4,0,0,0,0,0,182158,0,0,0,0,47,0,0,0,0,0,0,0,0,0,0,0,0,0,0,0,0,0,0,0,0,0,0,87,0,45,61,0,0,0,0,0
192,0,5,0,0,0,0,0,182158,0,0,0,0,47,0,0,0,0,0,0,0,0,0,0,0,0,0,0,0,0,0,0,0,0,0,537,148,0,0,109,0,0,0,0,0
192,0,6,0,0,0,0,0,182158,0,0,0,0,47,0,0,0,0,0,0,0,0,0,0,0,0,0,0,0,0,0,0,0,0,0,0,40,98,0,52,0,0,0,0,0
192,0,7,0,0,0,0,0,182158,0,0,0,0,53,0,0,0,0,0,0,0,0,0,0,0,0,0,0,0,0,0,0,0,0,0,0,105,39,0,140,0,0,0,0,0
192,0,8,0,0,0,0,0,182158,0,0,0,0,50,0,0,0,0,0,0,0,0,0,0,0,0,0,0,0,0,0,0,0,0,0,0,52,0,42,107,0,0,0,0,0
192,0,9,0,0,0,0,0,182158,0,0,0,0,47,0,0,0,0,0,0,0,0,0,0,0,0,0,0,0,0,0,0,0,0,0,365,42,0,0,53,0,0,0,0,0
192,0,10,0,0,0,0,0,182158,0,0,0,0,53,0,0,0,0,0,0,0,0,0,0,0,0,0,0,0,0,0,0,0,0,0,0,91,92,0,118,0,0,0,0,0
192,0,11,0,0,0,0,0,182158,0,0,0,0,53,0,0,0,0,0,0,0,0,0,0,0,0,0,0,0,0,0,0,0,0,0,0,39,39,0,94,0,0,0,0,0
192,0,12,0,0,0,0,0,182158,0,0,0,0,47,0,0,0,0,0,0,0,0,0,0,0,0,0,0,0,0,0,0,0,0,0,0,0,0,45,93,0,0,0,0,0
192,0,13,0,0,0,0,0,182158,0,0,0,0,53,0,0,0,0,0,0,0,0,0,0,0,0,0,0,0,0,0,0,0,0,0,178,0,0,0,109,0,0,0,0,0
192,0,14,0,0,0,0,0,182157,0,0,0,0,53,0,0,0,0,0,0,0,0,0,0,0,0,0,0,0,0,0,0,0,0,0,0,0,80,0,60,0,0,0,0,0
192,0,15,0,0,0,0,0,182158,0,0,0,0,41,0,0,0,0,0,0,0,0,0,0,0,0,0,0,0,0,0,0,0,0,0,0,0,39,0,89,0,0,0,0,0
193,0,0,0,0,0,0,0,626090,0,0,34,131080,136,0,0,0,0,0,3735,0,0,0,0,0,0,0,0,34,34,0,0,0,261675,131080,0,294,0,136,284,0,0,0,0,229033
193,0,1,0,0,0,0,0,313045,3735,0,0,0,1107,0,0,0,0,0,3735,0,0,0,0,0,0,0,0,0,15,0,0,0,130931,0,0,76,171,190,1846,0,0,65597,0,0
193,0,2,0,0,0,0,0,313045,0,0,0,0,55,65560,0,0,0,0,0,0,0,0,0,0,0,0,0,0,0,0,0,0,65482,65516,0,255,109,278,141,0,0,65538,0,65548
193,0,3,0,0,0,0,0,313045,0,0,0,0,59,65560,0,0,0,0,0,0,0,0,0,0,0,0,0,0,0,0,0,0,0,65521,0,99,50,0,82,0,0,26,0,65547
193,0,4,0,0,0,0,0,313045,0,0,0,0,47,0,0,0,0,0,0,0,0,0,0,0,0,0,0,0,0,0,0,0,0,0,0,87,0,45,70,0,0,0,0,0
193,0,5,0,0,0,0,0,313045,0,0,0,0,47,0,0,0,0,0,0,0,0,0,0,0,0,0,0,0,0,0,0,0,0,0,526,148,0,0,117,0,0,0,0,0
193,0,6,0,0,0,0,0,313044,0,0,0,0,47,0,0,0,0,0,0,0,0,0,0,0,0,0,0,0,0,0,0,0,0,0,0,34,98,0,52,0,0,0,0,0
193,0,7,0,0,0,0,0,313045,0,0,0,0,53,0,0,0,0,0,0,0,0,0,0,0,0,0,0,0,0,0,0,0,0,0,0,106,39,0,132,0,0,0,0,0
193,0,8,0,0,0,0,0,313045,0,0,0,0,50,0,0,0,0,0,0,0,0,0,0,0,0,0,0,0,0,0,0,0,0,0,0,52,0,42,107,0,0,0,0,0
193,0,9,0,0,0,0,0,313045,0,0,0,0,47,0,0,0,0,0,0,0,0,0,0,0,0,0,0,0,0,0,0,0,0,0,376,42,0,0,53,0,0,0,0,0
193,0,10,0,0,0,0,0,313045,0,0,0,0,53,0,0,0,0,0,0,0,0,0,0,0,0,0,0,0,0,0,0,0,0,0,0,89,92,0,126,0,0,0,0,0
193,0,11,0,0,0,0,0,313045,0,0,0,0,53,0,0,0,0,0,0,0,0,0,0,0,0,0,0,0,0,0,0,0,0,0,0,39,39,0,94,0,0,0,0,0
193,0,12,0,0,0,0,0,313045,0,0,0,0,47,0,0,0,0,0,0,0,0,0,0,0,0,0,0,0,0,0,0,0,0,0,0,0,0,45,93,0,0,0,0,0
193,0,13,0,0,0,0,0,313045,0,0,0,0,53,0,0,0,0,0,0,0,0,0,0,0,0,0,0,0,0,0,0,0,0,0,167,0,0,0,109,0,0,0,0,0
193,0,14,0,0,0,0,0,313045,0,0,0,0,53,0,0,0,0,0,0,0,0,0,0,0,0,0,0,0,0,0,0,0,0,0,0,0,91,0,62,0,0,0,0,0
193,0,15,0,0,0,0,0,313045,0,0,0,0,52,0,0,0,0,0,0,0,0,0,0,0,0,0,0,0,0,0,0,0,0,0,0,0,28,0,101,0,0,0,0,0
194,0,0,0,0,0,0,0,626164,0,0,34,131080,136,0,0,0,0,0,3735,0,0,0,0,0,0,0,0,34,34,0,0,0,261757,131080,0,294,0,136,284,0,0,0,0,229037
194,0,1,0,0,0,0,0,313082,3735,0,0,0,1098,0,0,0,0,0,3735,0,0,0,0,0,0,0,0,0,15,0,0,0,130954,0,0,78,167,201,1841,0,0,65588,0,0
194,0,2,0,0,0,0,0,313082,0,0,0,0,57,65560,0,0,0,0,0,0,0,0,0,0,0,0,0,0,0,0,0,0,65497,65513,0,249,106,280,136,0,0,65546,0,65548
194,0,3,0,0,0,0,0,313082,0,0,0,0,57,65560,0,0,0,0,0,0,0,0,0,0,0,0,0,0,0,0,0,0,0,65526,0,98,51,0,80,0,0,21,0,65548
194,0,4,0,0,0,0,0,313082,0,0,0,0,47,0,0,0,0,0,0,0,0,0,0,0,0,0,0,0,0,0,0,0,0,0,0,87,0,45,68,0,0,0,0,0
194,0,5,0,0,0,0,0,313082,0,0,0,0,47,0,0,0,0,0,0,0,0,0,0,0,0,0,0,0,0,0,0,0,0,0,525,148,0,0,115,0,0,0,0,0
194,0,6,0,0,0,0,0,313082,0,0,0,0,47,0,0,0,0,0,0,0,0,0,0,0,0,0,0,0,0,0,0,0,0,0,0,40,98,0,52,0,0,0,0,0
194,0,7,0,0,0,0,0,313082,0,0,0,0,53,0,0,0,0,0,0,0,0,0,0,0,0,0,0,0,0,0,0,0,0,0,0,105,39,0,134,0,0,0,0,0
194,0,8,0,0,0,0,0,313082,0,0,0,0,50,0,0,0,0,0,0,0,0,0,0,0,0,0,0,0,0,0,0,0,0,0,0,52,0,42,107,0,0,0,0,0
194,0,9,0,0,0,0,0,313082,0,0,0,0,47,0,0,0,0,0,0,0,0,0,0,0,0,0,0,0,0,0,0,0,0,0,377,42,0,0,53,0,0,0,0,0
194,0,10,0,0,0,0,0,313082,0,0,0,0,53,0,0,0,0,0,0,0,0,0,0,0,0,0,0,0,0,0,0,0,0,0,0,85,92,0,124,0,0,0,0,0
194,0,11,0,0,0,0,0,313082,0,0,0,0,53,0,0,0,0,0,0,0,0,0,0,0,0,0,0,0,0,0,0,0,0,0,0,40,39,0,94,0,0,0,0,0
194,0,12,0,0,0,0,0,313082,0,0,0,0,47,0,0,0,0,0,0,0,0,0,0,0,0,0,0,0,0,0,0,0,0,0,0,0,0,45,93,0,0,0,0,0
194,0,13,0,0,0,0,0,313082,0,0,0,0,53,0,0,0,0,0,0,0,0,0,0,0,0,0,0,0,0,0,0,0,0,0,166,0,0,0,109,0,0,0,0,0
194,0,14,0,0,0,0,0,313082,0,0,0,0,53,0,0,0,0,0,0,0,0,0,0,0,0,0,0,0,0,0,0,0,0,0,0,0,92,0,66,0,0,0,0,0
194,0,15,0,0,0,0,0,313082,0,0,0,0,53,0,0,0,0,0,0,0,0,0,0,0,0,0,0,0,0,0,0,0,0,0,0,0,27,0,101,0,0,0,0,0
195,0,0,0,0,0,0,0,626122,0,0,34,131080,136,0,0,0,0,0,3732,0,0,0,0,0,0,0,0,34,34,0,0,0,261717,131080,0,294,0,136,284,0,0,0,0,229050
195,0,1,0,0,0,0,0,313061,3732,0,0,0,1104,0,0,0,0,0,3732,0,0,0,0,0,0,0,0,0,15,0,0,0,130946,0,0,80,166,194,1844,0,0,65577,0,0
195,0,2,0,0,0,0,0,313061,0,0,0,0,54,65560,0,0,0,0,0,0,0,0,0,0,0,0,0,0,0,0,0,0,65492,65521,0,249,109,286,134,0,0,65552,0,65544
195,0,3,0,0,0,0,0,313061,0,0,0,0,57,65560,0,0,0,0,0,0,0,0,0,0,0,0,0,0,0,0,0,0,0,65522,0,96,51,0,76,0,0,21,0,65548
195,0,4,0,0,0,0,0,313061,0,0,0,0,47,0,0,0,0,0,0,0,0,0,0,0,0,0,0,0,0,0,0,0,0,0,0,87,0,45,65,0,0,0,0,0
195,0,5,0,0,0,0,0,313061,0,0,0,0,47,0,0,0,0,0,0,0,0,0,0,0,0,0,0,0,0,0,0,0,0,0,525,148,0,0,113,0,0,0,0,0
195,0,6,0,0,0,0,0,313061,0,0,0,0,47,0,0,0,0,0,0,0,0,0,0,0,0,0,0,0,0,0,0,0,0,0,0,40,98,0,52,0,0,0,0,0
195,0,7,0,0,0,0,0,313061,0,0,0,0,53,0,0,0,0,0,0,0,0,0,0,0,0,0,0,0,0,0,0,0,0,0,0,105,39,0,136,0,0,0,0,0
195,0,8,0,0,0,0,0,313061,0,0,0,0,50,0,0,0,0,0,0,0,0,0,0,0,0,0,0,0,0,0,0,0,0,0,0,52,0,42,107,0,0,0,0,0
195,0,9,0,0,0,0,0,313061,0,0,0,0,47,0,0,0,0,0,0,0,0,0,0,0,0,0,0,0,0,0,0,0,0,0,377,42,0,0,53,0,0,0,0,0
195,0,10,0,0,0,0,0,313061,0,0,0,0,53,0,0,0,0,0,0,0,0,0,0,0,0,0,0,0,0,0,0,0,0,0,0,87,92,0,122,0,0,0,0,0
195,0,11,0,0,0,0,0,313061,0,0,0,0,53,0,0,0,0,0,0,0,0,0,0,0,0,0,0,0,0,0,0,0,0,0,0,40,39,0,94,0,0,0,0,0
195,0,12,0,0,0,0,0,313061,0,0,0,0,47,0,0,0,0,0,0,0,0,0,0,0,0,0,0,0,0,0,0,0,0,0,0,0,0,45,93,0,0,0,0,0
195,0,13,0,0,0,0,0,313061,0,0,0,0,53,0,0,0,0,0,0,0,0,0,0,0,0,0,0,0,0,0,0,0,0,0,166,0,0,0,109,0,0,0,0,0
195,0,14,0,0,0,0,0,313060,0,0,0,0,53,0,0,0,0,0,0,0,0,0,0,0,0,0,0,0,0,0,0,0,0,0,0,0,92,0,64,0,0,0,0,0
195,0,15,0,0,0,0,0,313061,0,0,0,0,53,0,0,0,0,0,0,0,0,0,0,0,0,0,0,0,0,0,0,0,0,0,0,0,27,0,101,0,0,0,0,0
196,0,0,0,0,0,0,0,1150120,0,0,66,262160,136,0,0,0,0,0,3792,0,0,0,0,0,0,0,0,66,66,0,130936,0,392600,262160,0,313,0,136,284,0,0,0,0,688283
196,0,1,0,0,0,0,0,575060,3792,0,0,0,1129,0,0,0,0,0,3792,0,0,0,0,0,0,0,0,0,30,0,65461,0,130949,0,0,86,170,193,1883,0,0,229474,0,0
196,0,2,0,0,0,0,0,575060,0,0,0,0,58,65560,0,0,0,0,0,0,0,0,0,0,0,0,0,0,0,0,0,0,65498,65516,0,249,105,281,139,0,0,147466,0,65536
196,0,3,0,0,0,0,0,575060,0,0,0,0,59,65560,0,0,0,0,0,0,0,0,0,0,0,0,0,0,0,0,0,0,0,65525,0,95,48,0,81,0,0,81995,0,65527
196,0,4,0,0,0,0,0,575060,0,0,0,0,60,65560,0,0,0,0,0,0,0,0,0,0,0,0,0,0,0,0,0,0,0,65509,0,87,0,49,81,229291,0,0,0,65537
196,0,5,0,0,0,0,0,575060,0,0,0,0,59,65560,0,0,0,0,0,0,0,0,0,0,0,0,0,0,0,0,0,0,0,65518,543,148,0,2,138,0,0,49190,0,65529
196,0,6,0,0,0,0,0,575059,0,0,0,0,47,0,0,0,0,0,0,0,0,0,0,0,0,0,0,0,0,0,0,0,0,0,0,40,98,0,52,0,0,0,0,0
196,0,7,0,0,0,0,0,575060,0,0,0,0,53,0,0,0,0,0,0,0,0,0,0,0,0,0,0,0,0,0,0,0,0,0,0,107,39,0,137,0,0,0,0,0
196,0,8,0,0,0,0,0,575060,0,0,0,0,50,0,0,0,0,0,0,0,0,0,0,0,0,0,0,0,0,0,0,0,0,0,0,52,0,42,107,0,0,0,0,0
196,0,9,0,0,0,0,0,575060,0,0,0,0,47,0,0,0,0,0,0,0,0,0,0,0,0,0,0,0,0,0,0,0,0,0,375,42,0,0,53,0,0,0,0,0
196,0,10,0,0,0,0,0,575060,0,0,0,0,53,0,0,0,0,0,0,0,0,0,0,0,0,0,0,0,0,0,0,0,0,0,0,88,92,0,121,0,0,0,0,0
196,0,11,0,0,0,0,0,575060,0,0,0,0,53,0,0,0,0,0,0,0,0,0,0,0,0,0,0,0,0,0,0,0,0,0,0,40,39,0,94,0,0,0,0,0
196,0,12,0,0,0,0,0,575060,0,0,0,0,47,0,0,0,0,0,0,0,0,0,0,0,0,0,0,0,0,0,0,0,0,0,0,0,0,45,93,0,0,0,0,0
196,0,13,0,0,0,0,0,575060,0,0,0,0,53,0,0,0,0,0,0,0,0,0,0,0,0,0,0,0,0,0,0,0,0,0,168,0,0,0,109,0,0,0,0,0
196,0,14,0,0,0,0,0,575060,0,0,0,0,53,0,0,0,0,0,0,0,0,0,0,0,0,0,0,0,0,0,0,0,0,0,0,0,90,0,63,0,0,0,0,0
196,0,15,0,0,0,0,0,575060,0,0,0,0,51,0,0,0,0,0,0,0,0,0,0,0,0,0,0,0,0,0,0,0,0,0,0,0,29,0,101,0,0,0,0,0
197,0,0,0,0,0,0,0,1150218,0,0,66,262160,136,0,0,0,0,0,3795,0,0,0,0,0,0,0,0,66,66,0,130849,0,392622,262160,0,313,0,136,284,0,0,0,0,688310
197,0,1,0,0,0,0,0,575109,3795,0,0,0,1123,0,0,0,0,0,3795,0,0,0,0,0,0,0,0,0,32,0,65469,0,130953,0,0,88,173,194,1878,0,0,229492,0,0
197,0,2,0,0,0,0,0,575109,0,0,0,0,56,65560,0,0,0,0,0,0,0,0,0,0,0,0,0,0,0,0,0,0,65498,65518,0,249,104,281,137,0,0,147496,0,65536
197,0,3,0,0,0,0,0,575109,0,0,0,0,56,65560,0,0,0,0,0,0,0,0,0,0,0,0,0,0,0,0,0,0,0,65523,0,95,50,0,79,0,0,82024,0,65529
197,0,4,0,0,0,0,0,575109,0,0,0,0,59,65560,0,0,0,0,0,0,0,0,0,0,0,0,0,0,0,0,0,0,0,65488,0,87,0,50,83,229298,0,0,0,65538
197,0,5,0,0,0,0,0,575109,0,0,0,0,58,65560,0,0,0,0,0,0,0,0,0,0,0,0,0,0,0,0,0,0,0,65519,543,148,0,2,135,0,0,49212,0,65531
197,0,6,0,0,0,0,0,575109,0,0,0,0,47,0,0,0,0,0,0,0,0,0,0,0,0,0,0,0,0,0,0,0,0,0,0,40,98,0,52,0,0,0,0,0
197,0,7,0,0,0,0,0,575109,0,0,0,0,53,0,0,0,0,0,0,0,0,0,0,0,0,0,0,0,0,0,0,0,0,0,0,107,39,0,137,0,0,0,0,0
197,0,8,0,0,0,0,0,575109,0,0,0,0,50,0,0,0,0,0,0,0,0,0,0,0,0,0,0,0,0,0,0,0,0,0,0,52,0,42,107,0,0,0,0,0
197,0,9,0,0,0,0,0,575109,0,0,0,0,47,0,0,0,0,0,0,0,0,0,0,0,0,0,0,0,0,0,0,0,0,0,375,42,0,0,53,0,0,0,0,0
197,0,10,0,0,0,0,0,575109,0,0,0,0,53,0,0,0,0,0,0,0,0,0,0,0,0,0,0,0,0,0,0,0,0,0,0,88,92,0,121,0,0,0,0,0
197,0,11,0,0,0,0,0,575109,0,0,0,0,53,0,0,0,0,0,0,0,0,0,0,0,0,0,0,0,0,0,0,0,0,0,0,40,39,0,94,0,0,0,0,0
197,0,12,0,0,0,0,0,575109,0,0,0,0,47,0,0,0,0,0,0,0,0,0,0,0,0,0,0,0,0,0,0,0,0,0,0,0,0,45,93,0,0,0,0,0
197,0,13,0,0,0,0,0,575109,0,0,0,0,53,0,0,0,0,0,0,0,0,0,0,0,0,0,0,0,0,0,0,0,0,0,168,0,0,0,109,0,0,0,0,0
197,0,14,0,0,0,0,0,575109,0,0,0,0,53,0,0,0,0,0,0,0,0,0,0,0,0,0,0,0,0,0,0,0,0,0,0,0,90,0,63,0,0,0,0,0
197,0,15,0,0,0,0,0,575109,0,0,0,0,51,0,0,0,0,0,0,0,0,0,0,0,0,0,0,0,0,0,0,0,0,0,0,0,29,0,101,0,0,0,0,0
198,0,0,0,0,0,0,0,1150215,0,0,66,262160,136,0,0,0,0,0,3795,0,0,0,0,0,0,0,0,66,66,0,130860,0,392605,262160,0,313,0,136,284,0,0,0,0,688337
198,0,1,0,0,0,0,0,575107,3795,0,0,0,1125,0,0,0,0,0,3795,0,0,0,0,0,0,0,0,0,29,0,65472,0,130940,0,0,90,173,190,1875,0,0,229535,0,0
198,0,2,0,0,0,0,0,575107,0,0,0,0,56,65560,0,0,0,0,0,0,0,0,0,0,0,0,0,0,0,0,0,0,65495,65517,0,249,106,283,138,0,0,147513,0,65536
198,0,3,0,0,0,0,0,575107,0,0,0,0,57,65560,0,0,0,0,0,0,0,0,0,0,0,0,0,0,0,0,0,0,0,65521,0,96,49,0,77,0,0,82042,0,65528
198,0,4,0,0,0,0,0,575107,0,0,0,0,60,65560,0,0,0,0,0,0,0,0,0,0,0,0,0,0,0,0,0,0,0,65490,0,87,0,49,85,229271,0,0,0,65538
198,0,5,0,0,0,0,0,575107,0,0,0,0,56,65560,0,0,0,0,0,0,0,0,0,0,0,0,0,0,0,0,0,0,0,65518,546,148,0,2,131,0,0,49182,0,65531
198,0,6,0,0,0,0,0,575107,0,0,0,0,47,0,0,0,0,0,0,0,0,0,0,0,0,0,0,0,0,0,0,0,0,0,0,40,98,0,52,0,0,0,0,0
198,0,7,0,0,0,0,0,575107,0,0,0,0,53,0,0,0,0,0,0,0,0,0,0,0,0,0,0,0,0,0,0,0,0,0,0,106,39,0,137,0,0,0,0,0
198,0,8,0,0,0,0,0,575107,0,0,0,0,50,0,0,0,0,0,0,0,0,0,0,0,0,0,0,0,0,0,0,0,0,0,0,52,0,42,107,0,0,0,0,0
198,0,9,0,0,0,0,0,575107,0,0,0,0,47,0,0,0,0,0,0,0,0,0,0,0,0,0,0,0,0,0,0,0,0,0,375,42,0,0,53,0,0,0,0,0
198,0,10,0,0,0,0,0,575107,0,0,0,0,53,0,0,0,0,0,0,0,0,0,0,0,0,0,0,0,0,0,0,0,0,0,0,88,92,0,121,0,0,0,0,0
198,0,11,0,0,0,0,0,575107,0,0,0,0,53,0,0,0,0,0,0,0,0,0,0,0,0,0,0,0,0,0,0,0,0,0,0,41,39,0,94,0,0,0,0,0
198,0,12,0,0,0,0,0,575107,0,0,0,0,47,0,0,0,0,0,0,0,0,0,0,0,0,0,0,0,0,0,0,0,0,0,0,0,0,45,93,0,0,0,0,0
198,0,13,0,0,0,0,0,575107,0,0,0,0,53,0,0,0,0,0,0,0,0,0,0,0,0,0,0,0,0,0,0,0,0,0,168,0,0,0,109,0,0,0,0,0
198,0,14,0,0,0,0,0,575106,0,0,0,0,53,0,0,0,0,0,0,0,0,0,0,0,0,0,0,0,0,0,0,0,0,0,0,0,90,0,63,0,0,0,0,0
198,0,15,0,0,0,0,0,575107,0,0,0,0,51,0,0,0,0,0,0,0,0,0,0,0,0,0,0,0,0,0,0,0,0,0,0,0,29,0,100,0,0,0,0,0
199,0,0,0,0,0,0,0,1674257,0,0,98,393240,136,0,0,0,0,0,3855,0,0,0,0,0,0,0,0,98,98,0,130908,0,654279,393240,0,309,0,136,284,0,0,0,0,1015845
199,0,1,0,0,0,0,0,837129,3855,0,0,0,1151,0,0,0,0,0,3855,0,0,0,0,0,0,0,0,0,52,0,65493,0,261851,0,0,87,169,205,1923,0,0,213087,0,0
199,0,2,0,0,0,0,0,837129,0,0,0,0,53,65560,0,0,0,0,0,0,0,0,0,0,0,0,0,0,0,0,65492,0,130972,65520,0,269,101,295,126,0,0,147450,0,65536
199,0,3,0,0,0,0,0,837129,0,0,0,0,53,65560,0,0,0,0,0,0,0,0,0,0,0,0,0,0,0,0,65499,0,0,65525,0,100,49,0,76,0,0,81978,0,65529
199,0,4,0,0,0,0,0,837129,0,0,0,0,55,65560,0,0,0,0,0,0,0,0,0,0,0,0,0,0,0,0,0,0,0,65504,0,87,0,50,77,458676,0,0,0,65517
199,0,5,0,0,0,0,0,837129,0,0,0,0,59,65560,0,0,0,0,0,0,0,0,0,0,0,0,0,0,0,0,0,0,0,65520,557,150,0,0,135,0,0,327708,0,65534
199,0,6,0,0,0,0,0,837129,0,0,0,0,64,65560,0,0,0,0,0,0,0,0,0,0,0,0,0,0,0,0,0,0,0,65524,0,39,118,2,73,0,0,262105,0,65537
199,0,7,0,0,0,0,0,837129,0,0,0,0,70,65560,0,0,0,0,0,0,0,0,0,0,0,0,0,0,0,0,0,0,0,65524,0,108,43,0,170,0,0,98326,0,65523
199,0,8,0,0,0,0,0,837129,0,0,0,0,51,0,0,0,0,0,0,0,0,0,0,0,0,0,0,0,0,0,0,0,0,0,0,52,0,41,108,0,0,0,0,0
199,0,9,0,0,0,0,0,837129,0,0,0,0,48,0,0,0,0,0,0,0,0,0,0,0,0,0,0,0,0,0,0,0,0,0,378,41,0,0,53,0,0,0,0,0
199,0,10,0,0,0,0,0,837129,0,0,0,0,52,0,0,0,0,0,0,0,0,0,0,0,0,0,0,0,0,0,0,0,0,0,0,86,92,0,123,0,0,0,0,0
199,0,11,0,0,0,0,0,837129,0,0,0,0,52,0,0,0,0,0,0,0,0,0,0,0,0,0,0,0,0,0,0,0,0,0,0,41,40,0,93,0,0,0,0,0
199,0,12,0,0,0,0,0,837129,0,0,0,0,46,0,0,0,0,0,0,0,0,0,0,0,0,0,0,0,0,0,0,0,0,0,0,0,0,46,92,0,0,0,0,0
199,0,13,0,0,0,0,0,837129,0,0,0,0,53,0,0,0,0,0,0,0,0,0,0,0,0,0,0,0,0,0,0,0,0,0,165,0,0,0,110,0,0,0,0,0
199,0,14,0,0,0,0,0,837129,0,0,0,0,52,0,0,0,0,0,0,0,0,0,0,0,0,0,0,0,0,0,0,0,0,0,0,0,92,0,64,0,0,0,0,0
199,0,15,0,0,0,0,0,837129,0,0,0,0,52,0,0,0,0,0,0,0,0,0,0,0,0,0,0,0,0,0,0,0,0,0,0,0,28,0,103,0,0,0,0,0
200,0,0,0,0,0,0,0,1674330,0,0,98,393240,136,0,0,0,0,0,3855,0,0,0,0,0,0,0,0,98,98,0,130833,0,654291,393240,0,309,0,136,284,0,0,0,0,1015929
200,0,1,0,0,0,0,0,837165,3855,0,0,0,1152,0,0,0,0,0,3855,0,0,0,0,0,0,0,0,0,46,0,65483,0,261863,0,0,82,170,208,1920,0,0,213133,0,0
200,0,2,0,0,0,0,0,837165,0,0,0,0,52,65560,0,0,0,0,0,0,0,0,0,0,0,0,0,0,0,0,65497,0,130974,65520,0,274,104,289,123,0,0,163886,0,65534
200,0,3,0,0,0,0,0,837165,0,0,0,0,56,65560,0,0,0,0,0,0,0,0,0,0,0,0,0,0,0,0,65506,0,0,65524,0,107,47,0,77,0,0,81975,0,65531
200,0,4,0,0,0,0,0,837165,0,0,0,0,57,65560,0,0,0,0,0,0,0,0,0,0,0,0,0,0,0,0,0,0,0,65483,0,87,0,48,81,458754,0,0,0,65524
200,0,5,0,0,0,0,0,837165,0,0,0,0,59,65560,0,0,0,0,0,0,0,0,0,0,0,0,0,0,0,0,0,0,0,65518,558,151,0,1,139,0,0,327733,0,65534
200,0,6,0,0,0,0,0,837165,0,0,0,0,61,65560,0,0,0,0,0,0,0,0,0,0,0,0,0,0,0,0,0,0,0,65525,0,33,116,1,71,0,0,262076,0,65537
200,0,7,0,0,0,0,0,837165,0,0,0,0,65,65560,0,0,0,0,0,0,0,0,0,0,0,0,0,0,0,0,0,0,0,65524,0,105,48,0,162,0,0,98334,0,65524
200,0,8,0,0,0,0,0,837165,0,0,0,0,50,0,0,0,0,0,0,0,0,0,0,0,0,0,0,0,0,0,0,0,0,0,0,52,0,42,107,0,0,0,0,0
200,0,9,0,0,0,0,0,837165,0,0,0,0,48,0,0,0,0,0,0,0,0,0,0,0,0,0,0,0,0,0,0,0,0,0,380,40,0,0,53,0,0,0,0,0
200,0,10,0,0,0,0,0,837165,0,0,0,0,52,0,0,0,0,0,0,0,0,0,0,0,0,0,0,0,0,0,0,0,0,0,0,88,88,0,127,0,0,0,0,0
200,0,11,0,0,0,0,0,837165,0,0,0,0,48,0,0,0,0,0,0,0,0,0,0,0,0,0,0,0,0,0,0,0,0,0,0,39,44,0,94,0,0,0,0,0
200,0,12,0,0,0,0,0,837165,0,0,0,0,49,0,0,0,0,0,0,0,0,0,0,0,0,0,0,0,0,0,0,0,0,0,0,0,0,43,95,0,0,0,0,0
200,0,13,0,0,0,0,0,837165,0,0,0,0,55,0,0,0,0,0,0,0,0,0,0,0,0,0,0,0,0,0,0,0,0,0,166,0,0,0,113,0,0,0,0,0
200,0,14,0,0,0,0,0,837165,0,0,0,0,52,0,0,0,0,0,0,0,0,0,0,0,0,0,0,0,0,0,0,0,0,0,0,0,92,0,62,0,0,0,0,0
200,0,15,0,0,0,0,0,837165,0,0,0,0,52,0,0,0,0,0,0,0,0,0,0,0,0,0,0,0,0,0,0,0,0,0,0,0,28,0,105,0,0,0,0,0
201,0,0,0,0,0,0,0,1674232,0,0,98,393240,136,0,0,0,0,0,3855,0,0,0,0,0,0,0,0,98,98,0,130855,0,654348,393240,0,309,0,136,284,0,0,0,0,1015862
201,0,1,0,0,0,0,0,837116,3855,0,0,0,1161,0,0,0,0,0,3855,0,0,0,0,0,0,0,0,0,49,0,65492,0,261870,0,0,82,170,199,1916,0,0,213117,0,0
201,0,2,0,0,0,0,0,837116,0,0,0,0,53,65560,0,0,0,0,0,0,0,0,0,0,0,0,0,0,0,0,65496,0,130983,65521,0,270,102,292,134,0,0,147427,0,65532
201,0,3,0,0,0,0,0,837116,0,0,0,0,55,65560,0,0,0,0,0,0,0,0,0,0,0,0,0,0,0,0,65506,0,0,65526,0,106,48,0,74,0,0,81943,0,65524
201,0,4,0,0,0,0,0,837116,0,0,0,0,54,65560,0,0,0,0,0,0,0,0,0,0,0,0,0,0,0,0,0,0,0,65489,0,82,0,51,80,458719,0,0,0,65524
201,0,5,0,0,0,0,0,837116,0,0,0,0,57,65560,0,0,0,0,0,0,0,0,0,0,0,0,0,0,0,0,0,0,0,65524,573,149,0,0,139,0,0,327706,0,65534
201,0,6,0,0,0,0,0,837116,0,0,0,0,62,65560,0,0,0,0,0,0,0,0,0,0,0,0,0,0,0,0,0,0,0,65525,0,35,116,2,74,0,0,262100,0,65537
201,0,7,0,0,0,0,0,837116,0,0,0,0,66,65560,0,0,0,0,0,0,0,0,0,0,0,0,0,0,0,0,0,0,0,65524,0,105,47,0,163,0,0,98352,0,65527
201,0,8,0,0,0,0,0,837116,0,0,0,0,50,0,0,0,0,0,0,0,0,0,0,0,0,0,0,0,0,0,0,0,0,0,0,57,0,42,107,0,0,0,0,0
201,0,9,0,0,0,0,0,837116,0,0,0,0,47,0,0,0,0,0,0,0,0,0,0,0,0,0,0,0,0,0,0,0,0,0,365,41,0,0,53,0,0,0,0,0
201,0,10,0,0,0,0,0,837116,0,0,0,0,54,0,0,0,0,0,0,0,0,0,0,0,0,0,0,0,0,0,0,0,0,0,0,88,92,0,127,0,0,0,0,0
201,0,11,0,0,0,0,0,837116,0,0,0,0,54,0,0,0,0,0,0,0,0,0,0,0,0,0,0,0,0,0,0,0,0,0,0,44,38,0,95,0,0,0,0,0
201,0,12,0,0,0,0,0,837116,0,0,0,0,54,0,0,0,0,0,0,0,0,0,0,0,0,0,0,0,0,0,0,0,0,0,0,0,0,38,95,0,0,0,0,0
201,0,13,0,0,0,0,0,837116,0,0,0,0,51,0,0,0,0,0,0,0,0,0,0,0,0,0,0,0,0,0,0,0,0,0,178,0,0,0,108,0,0,0,0,0
201,0,14,0,0,0,0,0,837115,0,0,0,0,54,0,0,0,0,0,0,0,0,0,0,0,0,0,0,0,0,0,0,0,0,0,0,0,89,0,64,0,0,0,0,0
201,0,15,0,0,0,0,0,837116,0,0,0,0,51,0,0,0,0,0,0,0,0,0,0,0,0,0,0,0,0,0,0,0,0,0,0,0,29,0,99,0,0,0,0,0
202,0,0,0,0,0,0,0,2198346,0,0,130,524320,136,0,0,0,0,0,3912,0,0,0,0,0,0,0,0,130,130,0,261718,0,785150,524320,0,326,0,136,284,0,0,0,0,1442139
202,0,1,0,0,0,0,0,1099173,3912,0,0,0,1170,0,0,0,0,0,3912,0,0,0,0,0,0,0,0,0,64,0,130931,0,261872,0,0,90,172,214,1948,0,0,163897,0,0
202,0,2,0,0,0,0,0,1099173,0,0,0,0,51,65560,0,0,0,0,0,0,0,0,0,0,0,0,0,0,0,0,65507,0,130976,65516,0,263,99,290,123,0,0,131056,0,65535
202,0,3,0,0,0,0,0,1099173,0,0,0,0,52,65560,0,0,0,0,0,0,0,0,0,0,0,0,0,0,0,0,65501,0,0,65525,0,106,48,0,72,0,0,49199,0,65531
202,0,4,0,0,0,0,0,1099173,0,0,0,0,57,65560,0,0,0,0,0,0,0,0,0,0,0,0,0,0,0,0,65468,0,0,65496,0,88,0,46,82,671781,0,0,0,65527
202,0,5,0,0,0,0,0,1099173,0,0,0,0,62,65560,0,0,0,0,0,0,0,0,0,0,0,0,0,0,0,0,65486,0,0,65521,581,161,0,1,145,0,0,606169,0,65524
202,0,6,0,0,0,0,0,1099172,0,0,0,0,61,65560,0,0,0,0,0,0,0,0,0,0,0,0,0,0,0,0,0,0,0,65526,0,41,119,1,74,0,0,425887,0,65523
202,0,7,0,0,0,0,0,1099173,0,0,0,0,68,65560,0,0,0,0,0,0,0,0,0,0,0,0,0,0,0,0,0,0,0,65524,0,106,45,0,165,0,0,147478,0,65529
202,0,8,0,0,0,0,0,1099173,0,0,0,0,62,65560,0,0,0,0,0,0,0,0,0,0,0,0,0,0,0,0,0,0,0,65510,0,57,0,47,132,507746,0,0,0,65528
202,0,9,0,0,0,0,0,1099173,0,0,0,0,58,65560,0,0,0,0,0,0,0,0,0,0,0,0,0,0,0,0,0,0,0,65519,385,41,0,1,71,0,0,98328,0,65525
202,0,10,0,0,0,0,0,1099173,0,0,0,0,54,0,0,0,0,0,0,0,0,0,0,0,0,0,0,0,0,0,0,0,0,0,0,84,92,1,125,0,0,0,0,0
202,0,11,0,0,0,0,0,1099173,0,0,0,0,54,0,0,0,0,0,0,0,0,0,0,0,0,0,0,0,0,0,0,0,0,0,0,44,38,0,95,0,0,0,0,0
202,0,12,0,0,0,0,0,1099173,0,0,0,0,54,0,0,0,0,0,0,0,0,0,0,0,0,0,0,0,0,0,0,0,0,0,0,0,0,38,95,0,0,0,0,0
202,0,13,0,0,0,0,0,1099173,0,0,0,0,51,0,0,0,0,0,0,0,0,0,0,0,0,0,0,0,0,0,0,0,0,0,175,0,0,0,108,0,0,0,0,0
202,0,14,0,0,0,0,0,1099173,0,0,0,0,54,0,0,0,0,0,0,0,0,0,0,0,0,0,0,0,0,0,0,0,0,0,0,0,92,0,68,0,0,0,0,0
202,0,15,0,0,0,0,0,1099173,0,0,0,0,54,0,0,0,0,0,0,0,0,0,0,0,0,0,0,0,0,0,0,0,0,0,0,0,26,0,104,0,0,0,0,0
203,0,0,0,0,0,0,0,2198244,0,0,130,524320,136,0,0,0,0,0,3915,0,0,0,0,0,0,0,0,130,130,0,261799,0,785082,524320,0,326,0,136,284,0,0,0,0,1442105
203,0,1,0,0,0,0,0,1099122,3915,0,0,0,1207,0,0,0,0,0,3915,0,0,0,0,0,0,0,0,0,61,0,130922,0,261850,0,0,68,195,176,1982,0,0,163923,0,0
203,0,2,0,0,0,0,0,1099122,0,0,0,0,54,65560,0,0,0,0,0,0,0,0,0,0,0,0,0,0,0,0,65501,0,130975,65516,0,295,100,307,114,0,0,131087,0,65535
203,0,3,0,0,0,0,0,1099122,0,0,0,0,56,65560,0,0,0,0,0,0,0,0,0,0,0,0,0,0,0,0,65498,0,0,65525,0,91,45,0,73,0,0,49217,0,65535
203,0,4,0,0,0,0,0,1099122,0,0,0,0,54,65560,0,0,0,0,0,0,0,0,0,0,0,0,0,0,0,0,65483,0,0,65501,0,89,0,49,100,671741,0,0,0,65523
203,0,5,0,0,0,0,0,1099122,0,0,0,0,60,65560,0,0,0,0,0,0,0,0,0,0,0,0,0,0,0,0,65489,0,0,65513,583,162,0,2,164,0,0,606112,0,65523
203,0,6,0,0,0,0,0,1099122,0,0,0,0,63,65560,0,0,0,0,0,0,0,0,0,0,0,0,0,0,0,0,0,0,0,65525,0,11,113,0,74,0,0,425850,0,65523
203,0,7,0,0,0,0,0,1099122,0,0,0,0,64,65560,0,0,0,0,0,0,0,0,0,0,0,0,0,0,0,0,0,0,0,65523,0,144,49,0,139,0,0,147438,0,65525
203,0,8,0,0,0,0,0,1099122,0,0,0,0,62,65560,0,0,0,0,0,0,0,0,0,0,0,0,0,0,0,0,0,0,0,65518,0,52,0,47,136,507677,0,0,0,65532
203,0,9,0,0,0,0,0,1099122,0,0,0,0,60,65560,0,0,0,0,0,0,0,0,0,0,0,0,0,0,0,0,0,0,0,65521,387,42,0,0,71,0,0,98309,0,65524
203,0,10,0,0,0,0,0,1099122,0,0,0,0,52,0,0,0,0,0,0,0,0,0,0,0,0,0,0,0,0,0,0,0,0,0,0,92,93,2,145,0,0,0,0,0
203,0,11,0,0,0,0,0,1099122,0,0,0,0,53,0,0,0,0,0,0,0,0,0,0,0,0,0,0,0,0,0,0,0,0,0,0,5,39,0,94,0,0,0,0,0
203,0,12,0,0,0,0,0,1099122,0,0,0,0,46,0,0,0,0,0,0,0,0,0,0,0,0,0,0,0,0,0,0,0,0,0,0,0,0,46,92,0,0,0,0,0
203,0,13,0,0,0,0,0,1099122,0,0,0,0,52,0,0,0,0,0,0,0,0,0,0,0,0,0,0,0,0,0,0,0,0,0,171,0,0,0,108,0,0,0,0,0
203,0,14,0,0,0,0,0,1099122,0,0,0,0,46,0,0,0,0,0,0,0,0,0,0,0,0,0,0,0,0,0,0,0,0,0,0,0,87,0,52,0,0,0,0,0
203,0,15,0,0,0,0,0,1099122,0,0,0,0,41,0,0,0,0,0,0,0,0,0,0,0,0,0,0,0,0,0,0,0,0,0,0,0,39,0,130,0,0,0,0,0
204,0,0,0,0,0,0,0,2198315,0,0,130,524320,136,0,0,0,0,0,3915,0,0,0,0,0,0,0,0,130,130,0,261723,0,785077,524320,0,326,0,136,284,0,0,0,0,1442113
204,0,1,0,0,0,0,0,1099158,3915,0,0,0,1175,0,0,0,0,0,3915,0,0,0,0,0,0,0,0,0,59,0,130929,0,261850,0,0,90,176,205,1964,0,0,163916,0,0
204,0,2,0,0,0,0,0,1099158,0,0,0,0,52,65560,0,0,0,0,0,0,0,0,0,0,0,0,0,0,0,0,65488,0,130977,65519,0,265,100,294,126,0,0,131080,0,65535
204,0,3,0,0,0,0,0,1099158,0,0,0,0,54,65560,0,0,0,0,0,0,0,0,0,0,0,0,0,0,0,0,65503,0,0,65523,0,100,47,0,75,0,0,49214,0,65535
204,0,4,0,0,0,0,0,1099158,0,0,0,0,55,65560,0,0,0,0,0,0,0,0,0,0,0,0,0,0,0,0,65468,0,0,65498,0,93,0,48,78,671780,0,0,0,65527
204,0,5,0,0,0,0,0,1099158,0,0,0,0,62,65560,0,0,0,0,0,0,0,0,0,0,0,0,0,0,0,0,65495,0,0,65515,569,162,0,0,144,0,0,606127,0,65518
204,0,6,0,0,0,0,0,1099158,0,0,0,0,60,65560,0,0,0,0,0,0,0,0,0,0,0,0,0,0,0,0,0,0,0,65521,0,40,121,2,72,0,0,425844,0,65518
204,0,7,0,0,0,0,0,1099158,0,0,0,0,69,65560,0,0,0,0,0,0,0,0,0,0,0,0,0,0,0,0,0,0,0,65524,0,106,44,0,171,0,0,147431,0,65529
204,0,8,0,0,0,0,0,1099158,0,0,0,0,63,65560,0,0,0,0,0,0,0,0,0,0,0,0,0,0,0,0,0,0,0,65513,0,52,0,46,133,507719,0,0,0,65532
204,0,9,0,0,0,0,0,1099158,0,0,0,0,59,65560,0,0,0,0,0,0,0,0,0,0,0,0,0,0,0,0,0,0,0,65524,394,42,0,1,70,0,0,98301,0,65525
204,0,10,0,0,0,0,0,1099158,0,0,0,0,53,0,0,0,0,0,0,0,0,0,0,0,0,0,0,0,0,0,0,0,0,0,0,85,92,1,124,0,0,0,0,0
204,0,11,0,0,0,0,0,1099158,0,0,0,0,53,0,0,0,0,0,0,0,0,0,0,0,0,0,0,0,0,0,0,0,0,0,0,44,39,0,94,0,0,0,0,0
204,0,12,0,0,0,0,0,1099158,0,0,0,0,47,0,0,0,0,0,0,0,0,0,0,0,0,0,0,0,0,0,0,0,0,0,0,0,0,45,93,0,0,0,0,0
204,0,13,0,0,0,0,0,1099158,0,0,0,0,53,0,0,0,0,0,0,0,0,0,0,0,0,0,0,0,0,0,0,0,0,0,166,0,0,0,109,0,0,0,0,0
204,0,14,0,0,0,0,0,1099157,0,0,0,0,53,0,0,0,0,0,0,0,0,0,0,0,0,0,0,0,0,0,0,0,0,0,0,0,92,0,66,0,0,0,0,0
204,0,15,0,0,0,0,0,1099158,0,0,0,0,53,0,0,0,0,0,0,0,0,0,0,0,0,0,0,0,0,0,0,0,0,0,0,0,27,0,103,0,0,0,0,0
205,0,0,0,0,0,0,0,2722021,0,0,162,655400,136,0,0,0,0,0,3975,0,0,0,0,0,0,0,0,162,162,0,261764,0,1046793,655400,0,322,0,136,284,0,0,0,0,1835412
205,0,1,0,0,0,0,0,1361010,3975,0,0,0,1206,0,0,0,0,0,3975,0,0,0,0,0,0,0,0,0,77,0,130948,0,392753,0,0,90,175,209,1999,0,0,163916,0,0
205,0,2,0,0,0,0,0,1361010,0,0,0,0,51,65560,0,0,0,0,0,0,0,0,0,0,0,0,0,0,0,0,130985,0,196439,65520,0,286,100,310,124,0,0,147476,0,65533
205,0,3,0,0,0,0,0,1361010,0,0,0,0,52,65560,0,0,0,0,0,0,0,0,0,0,0,0,0,0,0,0,130998,0,0,65520,0,108,46,0,69,0,0,49200,0,65533
205,0,4,0,0,0,0,0,1361010,0,0,0,0,55,65560,0,0,0,0,0,0,0,0,0,0,0,0,0,0,0,0,65477,0,0,65498,0,89,0,46,78,868333,0,0,0,65527
205,0,5,0,0,0,0,0,1361010,0,0,0,0,62,65560,0,0,0,0,0,0,0,0,0,0,0,0,0,0,0,0,65491,0,0,65519,593,161,0,0,143,0,0,786244,0,65506
205,0,6,0,0,0,0,0,1361010,0,0,0,0,65,65560,0,0,0,0,0,0,0,0,0,0,0,0,0,0,0,0,65507,0,0,65521,0,39,112,2,78,0,0,458530,0,65517
205,0,7,0,0,0,0,0,1361010,0,0,0,0,69,65560,0,0,0,0,0,0,0,0,0,0,0,0,0,0,0,0,65510,0,0,65524,0,123,40,0,167,0,0,163781,0,65521
205,0,8,0,0,0,0,0,1361010,0,0,0,0,66,65560,0,0,0,0,0,0,0,0,0,0,0,0,0,0,0,0,0,0,0,65513,0,52,0,41,138,900760,0,0,0,65521
205,0,9,0,0,0,0,0,1361010,0,0,0,0,65,65560,0,0,0,0,0,0,0,0,0,0,0,0,0,0,0,0,0,0,0,65523,411,42,0,1,79,0,0,491357,0,65527
205,0,10,0,0,0,0,0,1361010,0,0,0,0,71,65560,0,0,0,0,0,0,0,0,0,0,0,0,0,0,0,0,0,0,0,65526,0,90,111,2,163,0,0,409359,0,65532
205,0,11,0,0,0,0,0,1361010,0,0,0,0,69,65560,0,0,0,0,0,0,0,0,0,0,0,0,0,0,0,0,0,0,0,65525,0,46,46,0,116,0,0,131026,0,65528
205,0,12,0,0,0,0,0,1361010,0,0,0,0,51,0,0,0,0,0,0,0,0,0,0,0,0,0,0,0,0,0,0,0,0,0,0,0,0,41,97,0,0,0,0,0
205,0,13,0,0,0,0,0,1361010,0,0,0,0,57,0,0,0,0,0,0,0,0,0,0,0,0,0,0,0,0,0,0,0,0,0,173,0,0,0,113,0,0,0,0,0
205,0,14,0,0,0,0,0,1361010,0,0,0,0,57,0,0,0,0,0,0,0,0,0,0,0,0,0,0,0,0,0,0,0,0,0,0,0,85,0,65,0,0,0,0,0
205,0,15,0,0,0,0,0,1361010,0,0,0,0,50,0,0,0,0,0,0,0,0,0,0,0,0,0,0,0,0,0,0,0,0,0,0,0,30,0,100,0,0,0,0,0
206,0,0,0,0,0,0,0,2722039,0,0,162,655400,136,0,0,0,0,0,3972,0,0,0,0,0,0,0,0,162,162,0,261833,0,1046714,655400,0,322,0,136,284,0,0,0,0,1835284
206,0,1,0,0,0,0,0,1361020,3972,0,0,0,1179,0,0,0,0,0,3972,0,0,0,0,0,0,0,0,0,73,0,130929,0,392739,0,0,90,173,238,1986,0,0,163894,0,0
206,0,2,0,0,0,0,0,1361020,0,0,0,0,50,65560,0,0,0,0,0,0,0,0,0,0,0,0,0,0,0,0,130987,0,196427,65519,0,270,99,300,121,0,0,131061,0,65535
206,0,3,0,0,0,0,0,1361020,0,0,0,0,52,65560,0,0,0,0,0,0,0,0,0,0,0,0,0,0,0,0,130986,0,0,65525,0,114,47,0,72,0,0,49196,0,65535
206,0,4,0,0,0,0,0,1361020,0,0,0,0,55,65560,0,0,0,0,0,0,0,0,0,0,0,0,0,0,0,0,65482,0,0,65511,0,92,0,46,78,868323,0,0,0,65527
206,0,5,0,0,0,0,0,1361020,0,0,0,0,56,65560,0,0,0,0,0,0,0,0,0,0,0,0,0,0,0,0,65494,0,0,65514,580,165,0,1,133,0,0,786255,0,65510
206,0,6,0,0,0,0,0,1361020,0,0,0,0,60,65560,0,0,0,0,0,0,0,0,0,0,0,0,0,0,0,0,65508,0,0,65518,0,54,113,1,74,0,0,458544,0,65517
206,0,7,0,0,0,0,0,1361020,0,0,0,0,65,65560,0,0,0,0,0,0,0,0,0,0,0,0,0,0,0,0,65510,0,0,65521,0,119,44,0,162,0,0,163805,0,65521
206,0,8,0,0,0,0,0,1361020,0,0,0,0,62,65560,0,0,0,0,0,0,0,0,0,0,0,0,0,0,0,0,0,0,0,65516,0,52,0,45,131,900775,0,0,0,65525
206,0,9,0,0,0,0,0,1361020,0,0,0,0,59,65560,0,0,0,0,0,0,0,0,0,0,0,0,0,0,0,0,0,0,0,65520,428,40,0,1,71,0,0,491342,0,65523
206,0,10,0,0,0,0,0,1361020,0,0,0,0,67,65560,0,0,0,0,0,0,0,0,0,0,0,0,0,0,0,0,0,0,0,65526,0,79,110,1,155,0,0,409376,0,65532
206,0,11,0,0,0,0,0,1361020,0,0,0,0,63,65560,0,0,0,0,0,0,0,0,0,0,0,0,0,0,0,0,0,0,0,65525,0,44,52,0,117,0,0,131028,0,65532
206,0,12,0,0,0,0,0,1361020,0,0,0,0,46,0,0,0,0,0,0,0,0,0,0,0,0,0,0,0,0,0,0,0,0,0,0,0,0,46,92,0,0,0,0,0
206,0,13,0,0,0,0,0,1361020,0,0,0,0,52,0,0,0,0,0,0,0,0,0,0,0,0,0,0,0,0,0,0,0,0,0,159,0,0,0,110,0,0,0,0,0
206,0,14,0,0,0,0,0,1361020,0,0,0,0,46,0,0,0,0,0,0,0,0,0,0,0,0,0,0,0,0,0,0,0,0,0,0,0,99,0,65,0,0,0,0,0
206,0,15,0,0,0,0,0,1361020,0,0,0,0,53,0,0,0,0,0,0,0,0,0,0,0,0,0,0,0,0,0,0,0,0,0,0,0,27,0,105,0,0,0,0,0
207,0,0,0,0,0,0,0,2722183,0,0,162,655400,136,0,0,0,0,0,3972,0,0,0,0,0,0,0,0,162,162,0,261674,0,1046663,655400,0,322,0,136,284,0,0,0,0,1835499
207,0,1,0,0,0,0,0,1361092,3972,0,0,0,1198,0,0,0,0,0,3972,0,0,0,0,0,0,0,0,0,74,0,130945,0,392703,0,0,91,173,218,1997,0,0,163957,0,0
207,0,2,0,0,0,0,0,1361092,0,0,0,0,50,65560,0,0,0,0,0,0,0,0,0,0,0,0,0,0,0,0,130962,0,196436,65517,0,278,98,310,123,0,0,147485,0,65532
207,0,3,0,0,0,0,0,1361092,0,0,0,0,51,65560,0,0,0,0,0,0,0,0,0,0,0,0,0,0,0,0,130993,0,0,65525,0,102,48,0,73,0,0,49240,0,65531
207,0,4,0,0,0,0,0,1361092,0,0,0,0,52,65560,0,0,0,0,0,0,0,0,0,0,0,0,0,0,0,0,65465,0,0,65487,0,92,0,49,73,868349,0,0,0,65528
207,0,5,0,0,0,0,0,1361092,0,0,0,0,56,65560,0,0,0,0,0,0,0,0,0,0,0,0,0,0,0,0,65497,0,0,65516,589,165,0,1,132,0,0,786296,0,65510
207,0,6,0,0,0,0,0,1361091,0,0,0,0,58,65560,0,0,0,0,0,0,0,0,0,0,0,0,0,0,0,0,65498,0,0,65519,0,48,114,2,70,0,0,458554,0,65517
207,0,7,0,0,0,0,0,1361092,0,0,0,0,64,65560,0,0,0,0,0,0,0,0,0,0,0,0,0,0,0,0,65509,0,0,65524,0,129,44,0,163,0,0,163808,0,65517
207,0,8,0,0,0,0,0,1361092,0,0,0,0,61,65560,0,0,0,0,0,0,0,0,0,0,0,0,0,0,0,0,0,0,0,65511,0,52,0,46,130,900810,0,0,0,65525
207,0,9,0,0,0,0,0,1361092,0,0,0,0,61,65560,0,0,0,0,0,0,0,0,0,0,0,0,0,0,0,0,0,0,0,65523,415,41,0,0,72,0,0,491365,0,65527
207,0,10,0,0,0,0,0,1361092,0,0,0,0,69,65560,0,0,0,0,0,0,0,0,0,0,0,0,0,0,0,0,0,0,0,65523,0,86,114,2,156,0,0,409404,0,65532
207,0,11,0,0,0,0,0,1361092,0,0,0,0,69,65560,0,0,0,0,0,0,0,0,0,0,0,0,0,0,0,0,0,0,0,65526,0,39,46,0,117,0,0,131019,0,65532
207,0,12,0,0,0,0,0,1361092,0,0,0,0,46,0,0,0,0,0,0,0,0,0,0,0,0,0,0,0,0,0,0,0,0,0,0,0,0,46,92,0,0,0,0,0
207,0,13,0,0,0,0,0,1361092,0,0,0,0,53,0,0,0,0,0,0,0,0,0,0,0,0,0,0,0,0,0,0,0,0,0,166,0,0,0,110,0,0,0,0,0
207,0,14,0,0,0,0,0,1361091,0,0,0,0,52,0,0,0,0,0,0,0,0,0,0,0,0,0,0,0,0,0,0,0,0,0,0,0,91,0,64,0,0,0,0,0
207,0,15,0,0,0,0,0,1361092,0,0,0,0,51,0,0,0,0,0,0,0,0,0,0,0,0,0,0,0,0,0,0,0,0,0,0,0,29,0,108,0,0,0,0,0
208,0,0,0,0,0,0,0,3508309,0,0,212,852020,136,0,0,0,0,0,4065,0,0,0,0,0,0,0,0,212,212,0,392564,0,1308308,852020,0,339,0,136,284,0,0,0,0,2392617
208,0,1,0,0,0,0,0,1754155,4065,0,0,0,1250,0,0,0,0,0,4065,0,0,0,0,0,0,0,0,0,101,0,196374,0,458165,0,0,99,184,200,2057,0,0,163984,0,0
208,0,2,0,0,0,0,0,1754155,0,0,0,0,51,65560,0,0,0,0,0,0,0,0,0,0,0,0,0,0,0,0,196447,0,196426,65521,0,300,96,311,133,0,0,147498,0,65535
208,0,3,0,0,0,0,0,1754155,0,0,0,0,51,65560,0,0,0,0,0,0,0,0,0,0,0,0,0,0,0,0,130991,0,0,65526,0,109,48,0,61,0,0,49259,0,65529
208,0,4,0,0,0,0,0,1754155,0,0,0,0,54,65560,0,0,0,0,0,0,0,0,0,0,0,0,0,0,0,0,130939,0,0,65491,0,96,0,45,74,1114225,0,0,0,65524
208,0,5,0,0,0,0,0,1754155,0,0,0,0,56,65560,0,0,0,0,0,0,0,0,0,0,0,0,0,0,0,0,130980,0,0,65516,627,180,0,1,130,0,0,589802,0,65518
208,0,6,0,0,0,0,0,1754155,0,0,0,0,61,65560,0,0,0,0,0,0,0,0,0,0,0,0,0,0,0,0,131001,0,0,65519,0,49,107,1,71,0,0,376692,0,65528
208,0,7,0,0,0,0,0,1754155,0,0,0,0,64,65560,0,0,0,0,0,0,0,0,0,0,0,0,0,0,0,0,65509,0,0,65524,0,122,41,0,159,0,0,163819,0,65518
208,0,8,0,0,0,0,0,1754155,0,0,0,0,65,65560,0,0,0,0,0,0,0,0,0,0,0,0,0,0,0,0,65485,0,0,65513,0,68,0,40,133,1228376,0,0,0,65520
208,0,9,0,0,0,0,0,1754155,0,0,0,0,62,65560,0,0,0,0,0,0,0,0,0,0,0,0,0,0,0,0,65503,0,0,65521,434,51,0,2,73,0,0,1277492,0,65514
208,0,10,0,0,0,0,0,1754155,0,0,0,0,72,65560,0,0,0,0,0,0,0,0,0,0,0,0,0,0,0,0,65509,0,0,65526,0,109,112,1,160,0,0,622252,0,65523
208,0,11,0,0,0,0,0,1754155,0,0,0,0,71,65560,0,0,0,0,0,0,0,0,0,0,0,0,0,0,0,0,0,0,0,65526,0,45,44,0,121,0,0,262056,0,65521
208,0,12,0,0,0,0,0,1754155,0,0,0,0,62,65560,0,0,0,0,0,0,0,0,0,0,0,0,0,0,0,0,0,0,0,65523,0,0,0,49,113,1031821,0,0,0,65534
208,0,13,0,0,0,0,0,1754155,0,0,0,0,70,65560,0,0,0,0,0,0,0,0,0,0,0,0,0,0,0,0,0,0,0,65527,212,0,0,1,142,0,0,507618,0,65525
208,0,14,0,0,0,0,0,1754155,0,0,0,0,72,65560,0,0,0,0,0,0,0,0,0,0,0,0,0,0,0,0,0,0,0,65530,0,0,88,2,86,0,0,262025,0,65517
208,0,15,0,0,0,0,0,1754155,0,0,0,0,46,0,0,0,0,0,0,0,0,0,0,0,0,0,0,0,0,0,0,0,0,0,0,0,34,0,98,0,0,0,0,0
209,0,0,0,0,0,0,0,3508399,0,0,212,852020,136,0,0,0,0,0,4065,0,0,0,0,0,0,0,0,212,212,0,392562,0,1308237,852020,0,339,0,136,284,0,0,0,0,2392627
209,0,1,0,0,0,0,0,1754200,4065,0,0,0,1232,0,0,0,0,0,4065,0,0,0,0,0,0,0,0,0,109,0,196367,0,458143,0,0,100,179,222,2051,0,0,163980,0,0
209,0,2,0,0,0,0,0,1754200,0,0,0,0,50,65560,0,0,0,0,0,0,0,0,0,0,0,0,0,0,0,0,196431,0,196431,65521,0,293,97,308,121,0,0,131108,0,65533
209,0,3,0,0,0,0,0,1754200,0,0,0,0,51,65560,0,0,0,0,0,0,0,0,0,0,0,0,0,0,0,0,130989,0,0,65526,0,101,47,0,73,0,0,49254,0,65529
209,0,4,0,0,0,0,0,1754200,0,0,0,0,53,65560,0,0,0,0,0,0,0,0,0,0,0,0,0,0,0,0,130939,0,0,65488,0,99,0,46,73,1114230,0,0,0,65525
209,0,5,0,0,0,0,0,1754200,0,0,0,0,55,65560,0,0,0,0,0,0,0,0,0,0,0,0,0,0,0,0,130971,0,0,65516,614,180,0,1,128,0,0,589806,0,65518
209,0,6,0,0,0,0,0,1754200,0,0,0,0,55,65560,0,0,0,0,0,0,0,0,0,0,0,0,0,0,0,0,130998,0,0,65521,0,57,109,2,64,0,0,376702,0,65528
209,0,7,0,0,0,0,0,1754200,0,0,0,0,61,65560,0,0,0,0,0,0,0,0,0,0,0,0,0,0,0,0,65510,0,0,65524,0,126,44,0,159,0,0,163820,0,65518
209,0,8,0,0,0,0,0,1754200,0,0,0,0,63,65560,0,0,0,0,0,0,0,0,0,0,0,0,0,0,0,0,65487,0,0,65517,0,65,0,42,131,1228372,0,0,0,65522
209,0,9,0,0,0,0,0,1754200,0,0,0,0,60,65560,0,0,0,0,0,0,0,0,0,0,0,0,0,0,0,0,65504,0,0,65521,445,51,0,2,71,0,0,1277496,0,65515
209,0,10,0,0,0,0,0,1754200,0,0,0,0,67,65560,0,0,0,0,0,0,0,0,0,0,0,0,0,0,0,0,65509,0,0,65525,0,101,114,0,155,0,0,622252,0,65523
209,0,11,0,0,0,0,0,1754200,0,0,0,0,67,65560,0,0,0,0,0,0,0,0,0,0,0,0,0,0,0,0,0,0,0,65525,0,43,48,0,116,0,0,262059,0,65519
209,0,12,0,0,0,0,0,1754200,0,0,0,0,59,65560,0,0,0,0,0,0,0,0,0,0,0,0,0,0,0,0,0,0,0,65521,0,0,0,52,113,1031826,0,0,0,65534
209,0,13,0,0,0,0,0,1754200,0,0,0,0,70,65560,0,0,0,0,0,0,0,0,0,0,0,0,0,0,0,0,0,0,0,65527,199,0,0,1,142,0,0,507622,0,65525
209,0,14,0,0,0,0,0,1754200,0,0,0,0,69,65560,0,0,0,0,0,0,0,0,0,0,0,0,0,0,0,0,0,0,0,65530,0,0,98,1,91,0,0,262029,0,65517
209,0,15,0,0,0,0,0,1754200,0,0,0,0,52,0,0,0,0,0,0,0,0,0,0,0,0,0,0,0,0,0,0,0,0,0,0,0,28,0,107,0,0,0,0,0
210,0,0,0,0,0,0,0,3508312,0,0,212,852020,136,0,0,0,0,0,4068,0,0,0,0,0,0,0,0,212,212,0,392646,0,1308365,852020,0,339,0,136,284,0,0,0,0,2392555
210,0,1,0,0,0,0,0,1754156,4068,0,0,0,1242,0,0,0,0,0,4068,0,0,0,0,0,0,0,0,0,110,0,196372,0,458194,0,0,104,184,203,2041,0,0,163930,0,0
210,0,2,0,0,0,0,0,1754156,0,0,0,0,50,65560,0,0,0,0,0,0,0,0,0,0,0,0,0,0,0,0,196455,0,196437,65524,0,296,98,311,133,0,0,147477,0,65535
210,0,3,0,0,0,0,0,1754156,0,0,0,0,52,65560,0,0,0,0,0,0,0,0,0,0,0,0,0,0,0,0,130993,0,0,65527,0,108,47,0,63,0,0,49228,0,65532
210,0,4,0,0,0,0,0,1754156,0,0,0,0,54,65560,0,0,0,0,0,0,0,0,0,0,0,0,0,0,0,0,130962,0,0,65498,0,98,0,45,73,1114223,0,0,0,65527
210,0,5,0,0,0,0,0,1754156,0,0,0,0,54,65560,0,0,0,0,0,0,0,0,0,0,0,0,0,0,0,0,130970,0,0,65521,633,178,0,1,125,0,0,589776,0,65517
210,0,6,0,0,0,0,0,1754156,0,0,0,0,57,65560,0,0,0,0,0,0,0,0,0,0,0,0,0,0,0,0,131007,0,0,65522,0,53,108,2,67,0,0,376661,0,65528
210,0,7,0,0,0,0,0,1754156,0,0,0,0,62,65560,0,0,0,0,0,0,0,0,0,0,0,0,0,0,0,0,65507,0,0,65524,0,116,43,0,163,0,0,163826,0,65522
210,0,8,0,0,0,0,0,1754156,0,0,0,0,59,65560,0,0,0,0,0,0,0,0,0,0,0,0,0,0,0,0,65499,0,0,65521,0,68,0,46,125,1228336,0,0,0,65526
210,0,9,0,0,0,0,0,1754156,0,0,0,0,59,65560,0,0,0,0,0,0,0,0,0,0,0,0,0,0,0,0,65503,0,0,65519,429,51,0,1,72,0,0,1277433,0,65513
210,0,10,0,0,0,0,0,1754156,0,0,0,0,68,65560,0,0,0,0,0,0,0,0,0,0,0,0,0,0,0,0,65509,0,0,65525,0,109,110,1,152,0,0,622247,0,65524
210,0,11,0,0,0,0,0,1754156,0,0,0,0,64,65560,0,0,0,0,0,0,0,0,0,0,0,0,0,0,0,0,0,0,0,65526,0,46,51,0,119,0,0,262026,0,65523
210,0,12,0,0,0,0,0,1754156,0,0,0,0,62,65560,0,0,0,0,0,0,0,0,0,0,0,0,0,0,0,0,0,0,0,65525,0,0,0,49,113,1031812,0,0,0,65533
210,0,13,0,0,0,0,0,1754156,0,0,0,0,66,65560,0,0,0,0,0,0,0,0,0,0,0,0,0,0,0,0,0,0,0,65527,217,0,0,1,138,0,0,507600,0,65529
210,0,14,0,0,0,0,0,1754156,0,0,0,0,69,65560,0,0,0,0,0,0,0,0,0,0,0,0,0,0,0,0,0,0,0,65530,0,0,87,1,83,0,0,262031,0,65517
210,0,15,0,0,0,0,0,1754156,0,0,0,0,41,0,0,0,0,0,0,0,0,0,0,0,0,0,0,0,0,0,0,0,0,0,0,0,39,0,93,0,0,0,0,0
211,0,0,0,0,0,0,0,1008730,0,0,6706,73728,136,0,0,0,0,0,13734,0,0,0,0,0,0,0,0,6706,6706,0,0,0,73728,73728,0,294,0,136,284,0,0,0,0,24576
211,0,1,0,0,0,0,0,504365,13734,0,0,0,5001,0,0,0,0,0,13734,0,0,0,0,0,0,0,0,0,745,0,0,0,39471,0,0,84,170,2960,9627,0,0,24576,0,0
211,0,2,0,0,0,0,0,504365,0,0,0,0,3959,24576,0,0,0,0,0,0,0,0,0,0,0,0,0,0,0,0,0,0,0,34257,0,249,2885,282,7947,0,0,0,0,24576
211,0,3,0,0,0,0,0,504365,0,0,0,0,47,0,0,0,0,0,0,0,0,0,0,0,0,0,0,0,0,0,0,0,0,0,0,92,45,0,54,0,0,0,0,0
211,0,4,0,0,0,0,0,504365,0,0,0,0,47,0,0,0,0,0,0,0,0,0,0,0,0,0,0,0,0,0,0,0,0,0,0,87,0,45,61,0,0,0,0,0
211,0,5,0,0,0,0,0,504365,0,0,0,0,47,0,0,0,0,0,0,0,0,0,0,0,0,0,0,0,0,0,0,0,0,0,537,148,0,0,109,0,0,0,0,0
211,0,6,0,0,0,0,0,504364,0,0,0,0,47,0,0,0,0,0,0,0,0,0,0,0,0,0,0,0,0,0,0,0,0,0,0,40,98,0,52,0,0,0,0,0
211,0,7,0,0,0,0,0,504365,0,0,0,0,53,0,0,0,0,0,0,0,0,0,0,0,0,0,0,0,0,0,0,0,0,0,0,104,39,0,140,0,0,0,0,0
211,0,8,0,0,0,0,0,504365,0,0,0,0,50,0,0,0,0,0,0,0,0,0,0,0,0,0,0,0,0,0,0,0,0,0,0,52,0,42,107,0,0,0,0,0
211,0,9,0,0,0,0,0,504365,0,0,0,0,47,0,0,0,0,0,0,0,0,0,0,0,0,0,0,0,0,0,0,0,0,0,365,42,0,0,53,0,0,0,0,0
211,0,10,0,0,0,0,0,504365,0,0,0,0,53,0,0,0,0,0,0,0,0,0,0,0,0,0,0,0,0,0,0,0,0,0,0,91,92,0,118,0,0,0,0,0
211,0,11,0,0,0,0,0,504365,0,0,0,0,53,0,0,0,0,0,0,0,0,0,0,0,0,0,0,0,0,0,0,0,0,0,0,40,39,0,94,0,0,0,0,0
211,0,12,0,0,0,0,0,504365,0,0,0,0,47,0,0,0,0,0,0,0,0,0,0,0,0,0,0,0,0,0,0,0,0,0,0,0,0,45,93,0,0,0,0,0
211,0,13,0,0,0,0,0,504365,0,0,0,0,53,0,0,0,0,0,0,0,0,0,0,0,0,0,0,0,0,0,0,0,0,0,178,0,0,0,109,0,0,0,0,0
211,0,14,0,0,0,0,0,504365,0,0,0,0,53,0,0,0,0,0,0,0,0,0,0,0,0,0,0,0,0,0,0,0,0,0,0,0,80,0,60,0,0,0,0,0
211,0,15,0,0,0,0,0,504365,0,0,0,0,41,0,0,0,0,0,0,0,0,0,0,0,0,0,0,0,0,0,0,0,0,0,0,0,39,0,88,0,0,0,0,0
212,0,0,0,0,0,0,0,1008789,0,0,6706,73728,136,0,0,0,0,0,13737,0,0,0,0,0,0,0,0,6706,6706,0,0,0,73728,73728,0,294,0,136,284,0,0,0,0,24576
212,0,1,0,0,0,0,0,504395,13737,0,0,0,4994,0,0,0,0,0,13737,0,0,0,0,0,0,0,0,0,747,0,0,0,39472,0,0,76,172,2973,9631,0,0,24576,0,0
212,0,2,0,0,0,0,0,504395,0,0,0,0,3958,24576,0,0,0,0,0,0,0,0,0,0,0,0,0,0,0,0,0,0,0,34256,0,255,2885,268,7942,0,0,0,0,24576
212,0,3,0,0,0,0,0,504395,0,0,0,0,47,0,0,0,0,0,0,0,0,0,0,0,0,0,0,0,0,0,0,0,0,0,0,99,45,0,61,0,0,0,0,0
212,0,4,0,0,0,0,0,504395,0,0,0,0,47,0,0,0,0,0,0,0,0,0,0,0,0,0,0,0,0,0,0,0,0,0,0,87,0,45,69,0,0,0,0,0
212,0,5,0,0,0,0,0,504395,0,0,0,0,47,0,0,0,0,0,0,0,0,0,0,0,0,0,0,0,0,0,0,0,0,0,526,148,0,0,117,0,0,0,0,0
212,0,6,0,0,0,0,0,504395,0,0,0,0,47,0,0,0,0,0,0,0,0,0,0,0,0,0,0,0,0,0,0,0,0,0,0,34,98,0,52,0,0,0,0,0
212,0,7,0,0,0,0,0,504395,0,0,0,0,53,0,0,0,0,0,0,0,0,0,0,0,0,0,0,0,0,0,0,0,0,0,0,105,39,0,132,0,0,0,0,0
212,0,8,0,0,0,0,0,504395,0,0,0,0,50,0,0,0,0,0,0,0,0,0,0,0,0,0,0,0,0,0,0,0,0,0,0,52,0,42,107,0,0,0,0,0
212,0,9,0,0,0,0,0,504395,0,0,0,0,47,0,0,0,0,0,0,0,0,0,0,0,0,0,0,0,0,0,0,0,0,0,376,42,0,0,53,0,0,0,0,0
212,0,10,0,0,0,0,0,504395,0,0,0,0,53,0,0,0,0,0,0,0,0,0,0,0,0,0,0,0,0,0,0,0,0,0,0,89,92,0,126,0,0,0,0,0
212,0,11,0,0,0,0,0,504395,0,0,0,0,53,0,0,0,0,0,0,0,0,0,0,0,0,0,0,0,0,0,0,0,0,0,0,39,39,0,94,0,0,0,0,0
212,0,12,0,0,0,0,0,504395,0,0,0,0,47,0,0,0,0,0,0,0,0,0,0,0,0,0,0,0,0,0,0,0,0,0,0,0,0,45,93,0,0,0,0,0
212,0,13,0,0,0,0,0,504395,0,0,0,0,53,0,0,0,0,0,0,0,0,0,0,0,0,0,0,0,0,0,0,0,0,0,167,0,0,0,109,0,0,0,0,0
212,0,14,0,0,0,0,0,504395,0,0,0,0,53,0,0,0,0,0,0,0,0,0,0,0,0,0,0,0,0,0,0,0,0,0,0,0,91,0,62,0,0,0,0,0
212,0,15,0,0,0,0,0,504395,0,0,0,0,52,0,0,0,0,0,0,0,0,0,0,0,0,0,0,0,0,0,0,0,0,0,0,0,28,0,100,0,0,0,0,0
213,0,0,0,0,0,0,0,1008750,0,0,6706,73728,136,0,0,0,0,0,13737,0,0,0,0,0,0,0,0,6706,6706,0,0,0,73728,73728,0,294,0,136,284,0,0,0,0,24576
213,0,1,0,0,0,0,0,504375,13737,0,0,0,5001,0,0,0,0,0,13737,0,0,0,0,0,0,0,0,0,745,0,0,0,39471,0,0,84,171,2959,9628,0,0,24576,0,0
213,0,2,0,0,0,0,0,504375,0,0,0,0,3959,24576,0,0,0,0,0,0,0,0,0,0,0,0,0,0,0,0,0,0,0,34257,0,249,2884,283,7948,0,0,0,0,24576
213,0,3,0,0,0,0,0,504375,0,0,0,0,47,0,0,0,0,0,0,0,0,0,0,0,0,0,0,0,0,0,0,0,0,0,0,91,45,0,54,0,0,0,0,0
213,0,4,0,0,0,0,0,504375,0,0,0,0,47,0,0,0,0,0,0,0,0,0,0,0,0,0,0,0,0,0,0,0,0,0,0,87,0,45,62,0,0,0,0,0
213,0,5,0,0,0,0,0,504375,0,0,0,0,47,0,0,0,0,0,0,0,0,0,0,0,0,0,0,0,0,0,0,0,0,0,537,148,0,0,109,0,0,0,0,0
213,0,6,0,0,0,0,0,504375,0,0,0,0,47,0,0,0,0,0,0,0,0,0,0,0,0,0,0,0,0,0,0,0,0,0,0,40,98,0,52,0,0,0,0,0
213,0,7,0,0,0,0,0,504375,0,0,0,0,53,0,0,0,0,0,0,0,0,0,0,0,0,0,0,0,0,0,0,0,0,0,0,105,39,0,140,0,0,0,0,0
213,0,8,0,0,0,0,0,504375,0,0,0,0,50,0,0,0,0,0,0,0,0,0,0,0,0,0,0,0,0,0,0,0,0,0,0,52,0,42,107,0,0,0,0,0
213,0,9,0,0,0,0,0,504375,0,0,0,0,47,0,0,0,0,0,0,0,0,0,0,0,0,0,0,0,0,0,0,0,0,0,365,42,0,0,53,0,0,0,0,0
213,0,10,0,0,0,0,0,504375,0,0,0,0,53,0,0,0,0,0,0,0,0,0,0,0,0,0,0,0,0,0,0,0,0,0,0,91,92,0,118,0,0,0,0,0
213,0,11,0,0,0,0,0,504375,0,0,0,0,53,0,0,0,0,0,0,0,0,0,0,0,0,0,0,0,0,0,0,0,0,0,0,39,39,0,94,0,0,0,0,0
213,0,12,0,0,0,0,0,504375,0,0,0,0,47,0,0,0,0,0,0,0,0,0,0,0,0,0,0,0,0,0,0,0,0,0,0,0,0,45,93,0,0,0,0,0
213,0,13,0,0,0,0,0,504375,0,0,0,0,53,0,0,0,0,0,0,0,0,0,0,0,0,0,0,0,0,0,0,0,0,0,178,0,0,0,109,0,0,0,0,0
213,0,14,0,0,0,0,0,504374,0,0,0,0,53,0,0,0,0,0,0,0,0,0,0,0,0,0,0,0,0,0,0,0,0,0,0,0,80,0,60,0,0,0,0,0
213,0,15,0,0,0,0,0,504375,0,0,0,0,41,0,0,0,0,0,0,0,0,0,0,0,0,0,0,0,0,0,0,0,0,0,0,0,39,0,89,0,0,0,0,0
214,0,0,0,0,0,0,0,1099840,0,0,6560,147456,136,0,0,0,0,0,13524,0,0,0,0,0,0,0,0,6560,6560,0,0,0,147456,147456,0,294,0,136,284,0,0,0,0,49152
214,0,1,0,0,0,0,0,549920,13524,0,0,0,6004,0,0,0,0,0,13524,0,0,0,0,0,0,0,0,0,4891,0,0,0,73728,0,0,76,171,1819,9989,0,0,24576,0,0
214,0,2,0,0,0,0,0,549920,0,0,0,0,2486,24576,0,0,0,0,0,0,0,0,0,0,0,0,0,0,0,0,0,0,40128,33600,0,255,3389,3535,4212,0,0,24576,0,24576
214,0,3,0,0,0,0,0,549920,0,0,0,0,2506,24576,0,0,0,0,0,0,0,0,0,0,0,0,0,0,0,0,0,0,0,33600,0,99,865,0,2534,0,0,0,0,24576
214,0,4,0,0,0,0,0,549920,0,0,0,0,47,0,0,0,0,0,0,0,0,0,0,0,0,0,0,0,0,0,0,0,0,0,0,87,0,45,70,0,0,0,0,0
214,0,5,0,0,0,0,0,549920,0,0,0,0,47,0,0,0,0,0,0,0,0,0,0,0,0,0,0,0,0,0,0,0,0,0,526,148,0,0,117,0,0,0,0,0
214,0,6,0,0,0,0,0,549919,0,0,0,0,47,0,0,0,0,0,0,0,0,0,0,0,0,0,0,0,0,0,0,0,0,0,0,34,98,0,52,0,0,0,0,0
214,0,7,0,0,0,0,0,549920,0,0,0,0,53,0,0,0,0,0,0,0,0,0,0,0,0,0,0,0,0,0,0,0,0,0,0,106,39,0,132,0,0,0,0,0
214,0,8,0,0,0,0,0,549920,0,0,0,0,50,0,0,0,0,0,0,0,0,0,0,0,0,0,0,0,0,0,0,0,0,0,0,52,0,42,107,0,0,0,0,0
214,0,9,0,0,0,0,0,549920,0,0,0,0,47,0,0,0,0,0,0,0,0,0,0,0,0,0,0,0,0,0,0,0,0,0,376,42,0,0,53,0,0,0,0,0
214,0,10,0,0,0,0,0,549920,0,0,0,0,53,0,0,0,0,0,0,0,0,0,0,0,0,0,0,0,0,0,0,0,0,0,0,89,92,0,126,0,0,0,0,0
214,0,11,0,0,0,0,0,549920,0,0,0,0,53,0,0,0,0,0,0,0,0,0,0,0,0,0,0,0,0,0,0,0,0,0,0,39,39,0,94,0,0,0,0,0
214,0,12,0,0,0,0,0,549920,0,0,0,0,47,0,0,0,0,0,0,0,0,0,0,0,0,0,0,0,0,0,0,0,0,0,0,0,0,45,93,0,0,0,0,0
214,0,13,0,0,0,0,0,549920,0,0,0,0,53,0,0,0,0,0,0,0,0,0,0,0,0,0,0,0,0,0,0,0,0,0,167,0,0,0,109,0,0,0,0,0
214,0,14,0,0,0,0,0,549920,0,0,0,0,53,0,0,0,0,0,0,0,0,0,0,0,0,0,0,0,0,0,0,0,0,0,0,0,91,0,62,0,0,0,0,0
214,0,15,0,0,0,0,0,549920,0,0,0,0,52,0,0,0,0,0,0,0,0,0,0,0,0,0,0,0,0,0,0,0,0,0,0,0,28,0,101,0,0,0,0,0
215,0,0,0,0,0,0,0,1099799,0,0,6560,147456,136,0,0,0,0,0,13524,0,0,0,0,0,0,0,0,6560,6560,0,0,0,147456,147456,0,294,0,136,284,0,0,0,0,49152
215,0,1,0,0,0,0,0,549900,13524,0,0,0,5988,0,0,0,0,0,13524,0,0,0,0,0,0,0,0,0,4883,0,0,0,73729,0,0,78,168,1836,9975,0,0,24576,0,0
215,0,2,0,0,0,0,0,549900,0,0,0,0,2486,24576,0,0,0,0,0,0,0,0,0,0,0,0,0,0,0,0,0,0,40127,33600,0,249,3388,3527,4208,0,0,24576,0,24576
215,0,3,0,0,0,0,0,549900,0,0,0,0,2504,24576,0,0,0,0,0,0,0,0,0,0,0,0,0,0,0,0,0,0,0,33601,0,98,867,0,2541,0,0,0,0,24576
215,0,4,0,0,0,0,0,549900,0,0,0,0,47,0,0,0,0,0,0,0,0,0,0,0,0,0,0,0,0,0,0,0,0,0,0,87,0,45,68,0,0,0,0,0
215,0,5,0,0,0,0,0,549900,0,0,0,0,47,0,0,0,0,0,0,0,0,0,0,0,0,0,0,0,0,0,0,0,0,0,525,148,0,0,115,0,0,0,0,0
215,0,6,0,0,0,0,0,549900,0,0,0,0,47,0,0,0,0,0,0,0,0,0,0,0,0,0,0,0,0,0,0,0,0,0,0,40,98,0,52,0,0,0,0,0
215,0,7,0,0,0,0,0,549900,0,0,0,0,53,0,0,0,0,0,0,0,0,0,0,0,0,0,0,0,0,0,0,0,0,0,0,105,39,0,134,0,0,0,0,0
215,0,8,0,0,0,0,0,549900,0,0,0,0,50,0,0,0,0,0,0,0,0,0,0,0,0,0,0,0,0,0,0,0,0,0,0,52,0,42,107,0,0,0,0,0
215,0,9,0,0,0,0,0,549900,0,0,0,0,47,0,0,0,0,0,0,0,0,0,0,0,0,0,0,0,0,0,0,0,0,0,377,42,0,0,53,0,0,0,0,0
215,0,10,0,0,0,0,0,549900,0,0,0,0,53,0,0,0,0,0,0,0,0,0,0,0,0,0,0,0,0,0,0,0,0,0,0,85,92,0,124,0,0,0,0,0
215,0,11,0,0,0,0,0,549900,0,0,0,0,53,0,0,0,0,0,0,0,0,0,0,0,0,0,0,0,0,0,0,0,0,0,0,40,39,0,94,0,0,0,0,0
215,0,12,0,0,0,0,0,549900,0,0,0,0,47,0,0,0,0,0,0,0,0,0,0,0,0,0,0,0,0,0,0,0,0,0,0,0,0,45,93,0,0,0,0,0
215,0,13,0,0,0,0,0,549900,0,0,0,0,53,0,0,0,0,0,0,0,0,0,0,0,0,0,0,0,0,0,0,0,0,0,166,0,0,0,109,0,0,0,0,0
215,0,14,0,0,0,0,0,549900,0,0,0,0,53,0,0,0,0,0,0,0,0,0,0,0,0,0,0,0,0,0,0,0,0,0,0,0,92,0,66,0,0,0,0,0
215,0,15,0,0,0,0,0,549900,0,0,0,0,53,0,0,0,0,0,0,0,0,0,0,0,0,0,0,0,0,0,0,0,0,0,0,0,27,0,101,0,0,0,0,0
216,0,0,0,0,0,0,0,1099800,0,0,6560,147456,136,0,0,0,0,0,13521,0,0,0,0,0,0,0,0,6560,6560,0,0,0,147456,147456,0,294,0,136,284,0,0,0,0,49152
216,0,1,0,0,0,0,0,549900,13521,0,0,0,5996,0,0,0,0,0,13521,0,0,0,0,0,0,0,0,0,3251,0,0,0,73702,0,0,80,166,1828,10002,0,0,24576,0,0
216,0,2,0,0,0,0,0,549900,0,0,0,0,2505,24576,0,0,0,0,0,0,0,0,0,0,0,0,0,0,0,0,0,0,40946,32808,0,249,3369,3532,4230,0,0,24576,0,24576
216,0,3,0,0,0,0,0,549900,0,0,0,0,2503,24576,0,0,0,0,0,0,0,0,0,0,0,0,0,0,0,0,0,0,0,32782,0,97,867,0,2537,0,0,0,0,24576
216,0,4,0,0,0,0,0,549900,0,0,0,0,47,0,0,0,0,0,0,0,0,0,0,0,0,0,0,0,0,0,0,0,0,0,0,87,0,45,66,0,0,0,0,0
216,0,5,0,0,0,0,0,549900,0,0,0,0,47,0,0,0,0,0,0,0,0,0,0,0,0,0,0,0,0,0,0,0,0,0,525,148,0,0,113,0,0,0,0,0
216,0,6,0,0,0,0,0,549900,0,0,0,0,47,0,0,0,0,0,0,0,0,0,0,0,0,0,0,0,0,0,0,0,0,0,0,40,98,0,52,0,0,0,0,0
216,0,7,0,0,0,0,0,549900,0,0,0,0,53,0,0,0,0,0,0,0,0,0,0,0,0,0,0,0,0,0,0,0,0,0,0,104,39,0,136,0,0,0,0,0
216,0,8,0,0,0,0,0,549900,0,0,0,0,50,0,0,0,0,0,0,0,0,0,0,0,0,0,0,0,0,0,0,0,0,0,0,52,0,42,107,0,0,0,0,0
216,0,9,0,0,0,0,0,549900,0,0,0,0,47,0,0,0,0,0,0,0,0,0,0,0,0,0,0,0,0,0,0,0,0,0,377,42,0,0,53,0,0,0,0,0
216,0,10,0,0,0,0,0,549900,0,0,0,0,53,0,0,0,0,0,0,0,0,0,0,0,0,0,0,0,0,0,0,0,0,0,0,87,92,0,122,0,0,0,0,0
216,0,11,0,0,0,0,0,549900,0,0,0,0,53,0,0,0,0,0,0,0,0,0,0,0,0,0,0,0,0,0,0,0,0,0,0,41,39,0,94,0,0,0,0,0
216,0,12,0,0,0,0,0,549900,0,0,0,0,47,0,0,0,0,0,0,0,0,0,0,0,0,0,0,0,0,0,0,0,0,0,0,0,0,45,93,0,0,0,0,0
216,0,13,0,0,0,0,0,549900,0,0,0,0,53,0,0,0,0,0,0,0,0,0,0,0,0,0,0,0,0,0,0,0,0,0,166,0,0,0,109,0,0,0,0,0
216,0,14,0,0,0,0,0,549899,0,0,0,0,53,0,0,0,0,0,0,0,0,0,0,0,0,0,0,0,0,0,0,0,0,0,0,0,92,0,64,0,0,0,0,0
216,0,15,0,0,0,0,0,549900,0,0,0,0,53,0,0,0,0,0,0,0,0,0,0,0,0,0,0,0,0,0,0,0,0,0,0,0,27,0,100,0,0,0,0,0
217,0,0,0,0,0,0,0,1663114,0,0,11200,294912,136,0,0,0,0,0,20496,0,0,0,0,0,0,0,0,11200,11200,0,73728,0,221184,294912,0,3095,0,136,284,0,0,0,0,98304
217,0,1,0,0,0,0,0,831557,20496,0,0,0,6943,0,0,0,0,0,20496,0,0,0,0,0,0,0,0,0,5419,0,37144,0,73272,0,0,1402,1506,2861,13248,0,0,24577,0,0
217,0,2,0,0,0,0,0,831557,0,0,0,0,1686,24576,0,0,0,0,0,0,0,0,0,0,0,0,0,0,0,0,0,0,37073,37111,0,249,2904,1710,3241,0,0,24575,0,24576
217,0,3,0,0,0,0,0,831557,0,0,0,0,1701,24576,0,0,0,0,0,0,0,0,0,0,0,0,0,0,0,0,0,0,0,36655,0,94,1190,0,3079,0,0,0,0,24576
217,0,4,0,0,0,0,0,831557,0,0,0,0,1703,24576,0,0,0,0,0,0,0,0,0,0,0,0,0,0,0,0,0,0,0,37146,0,87,0,1188,3060,24576,0,0,0,24576
217,0,5,0,0,0,0,0,831557,0,0,0,0,1700,24576,0,0,0,0,0,0,0,0,0,0,0,0,0,0,0,0,0,0,0,36584,3327,148,0,2,3245,0,0,0,0,24576
217,0,6,0,0,0,0,0,831556,0,0,0,0,47,0,0,0,0,0,0,0,0,0,0,0,0,0,0,0,0,0,0,0,0,0,0,40,98,0,52,0,0,0,0,0
217,0,7,0,0,0,0,0,831557,0,0,0,0,53,0,0,0,0,0,0,0,0,0,0,0,0,0,0,0,0,0,0,0,0,0,0,108,39,0,137,0,0,0,0,0
217,0,8,0,0,0,0,0,831557,0,0,0,0,50,0,0,0,0,0,0,0,0,0,0,0,0,0,0,0,0,0,0,0,0,0,0,52,0,42,107,0,0,0,0,0
217,0,9,0,0,0,0,0,831557,0,0,0,0,47,0,0,0,0,0,0,0,0,0,0,0,0,0,0,0,0,0,0,0,0,0,375,42,0,0,53,0,0,0,0,0
217,0,10,0,0,0,0,0,831557,0,0,0,0,53,0,0,0,0,0,0,0,0,0,0,0,0,0,0,0,0,0,0,0,0,0,0,88,92,0,121,0,0,0,0,0
217,0,11,0,0,0,0,0,831557,0,0,0,0,53,0,0,0,0,0,0,0,0,0,0,0,0,0,0,0,0,0,0,0,0,0,0,39,39,0,94,0,0,0,0,0
217,0,12,0,0,0,0,0,831557,0,0,0,0,47,0,0,0,0,0,0,0,0,0,0,0,0,0,0,0,0,0,0,0,0,0,0,0,0,45,93,0,0,0,0,0
217,0,13,0,0,0,0,0,831557,0,0,0,0,53,0,0,0,0,0,0,0,0,0,0,0,0,0,0,0,0,0,0,0,0,0,168,0,0,0,109,0,0,0,0,0
217,0,14,0,0,0,0,0,831557,0,0,0,0,53,0,0,0,0,0,0,0,0,0,0,0,0,0,0,0,0,0,0,0,0,0,0,0,90,0,63,0,0,0,0,0
217,0,15,0,0,0,0,0,831557,0,0,0,0,51,0,0,0,0,0,0,0,0,0,0,0,0,0,0,0,0,0,0,0,0,0,0,0,29,0,102,0,0,0,0,0
218,0,0,0,0,0,0,0,1662906,0,0,11200,294912,136,0,0,0,0,0,20493,0,0,0,0,0,0,0,0,11200,11200,0,73728,0,221184,294912,0,3095,0,136,284,0,0,0,0,98304
218,0,1,0,0,0,0,0,831453,20493,0,0,0,6917,0,0,0,0,0,20493,0,0,0,0,0,0,0,0,0,5595,0,36703,0,73787,0,0,1411,1507,2877,13230,0,0,24577,0,0
218,0,2,0,0,0,0,0,831453,0,0,0,0,1667,24576,0,0,0,0,0,0,0,0,0,0,0,0,0,0,0,0,0,0,36642,37027,0,249,2896,1708,3208,0,0,24575,0,24576
218,0,3,0,0,0,0,0,831453,0,0,0,0,1674,24576,0,0,0,0,0,0,0,0,0,0,0,0,0,0,0,0,0,0,0,37086,0,94,1217,0,3054,0,0,0,0,24576
218,0,4,0,0,0,0,0,831453,0,0,0,0,1672,24576,0,0,0,0,0,0,0,0,0,0,0,0,0,0,0,0,0,0,0,37074,0,87,0,1219,3031,24576,0,0,0,24576
218,0,5,0,0,0,0,0,831453,0,0,0,0,1670,24576,0,0,0,0,0,0,0,0,0,0,0,0,0,0,0,0,0,0,0,37025,3327,148,0,1,3206,0,0,0,0,24576
218,0,6,0,0,0,0,0,831453,0,0,0,0,47,0,0,0,0,0,0,0,0,0,0,0,0,0,0,0,0,0,0,0,0,0,0,40,98,1,52,0,0,0,0,0
218,0,7,0,0,0,0,0,831453,0,0,0,0,53,0,0,0,0,0,0,0,0,0,0,0,0,0,0,0,0,0,0,0,0,0,0,107,39,0,137,0,0,0,0,0
218,0,8,0,0,0,0,0,831453,0,0,0,0,50,0,0,0,0,0,0,0,0,0,0,0,0,0,0,0,0,0,0,0,0,0,0,52,0,42,107,0,0,0,0,0
218,0,9,0,0,0,0,0,831453,0,0,0,0,47,0,0,0,0,0,0,0,0,0,0,0,0,0,0,0,0,0,0,0,0,0,375,42,0,0,53,0,0,0,0,0
218,0,10,0,0,0,0,0,831453,0,0,0,0,53,0,0,0,0,0,0,0,0,0,0,0,0,0,0,0,0,0,0,0,0,0,0,88,92,0,121,0,0,0,0,0
218,0,11,0,0,0,0,0,831453,0,0,0,0,53,0,0,0,0,0,0,0,0,0,0,0,0,0,0,0,0,0,0,0,0,0,0,40,39,0,94,0,0,0,0,0
218,0,12,0,0,0,0,0,831453,0,0,0,0,47,0,0,0,0,0,0,0,0,0,0,0,0,0,0,0,0,0,0,0,0,0,0,0,0,45,93,0,0,0,0,0
218,0,13,0,0,0,0,0,831453,0,0,0,0,53,0,0,0,0,0,0,0,0,0,0,0,0,0,0,0,0,0,0,0,0,0,168,0,0,0,109,0,0,0,0,0
218,0,14,0,0,0,0,0,831453,0,0,0,0,53,0,0,0,0,0,0,0,0,0,0,0,0,0,0,0,0,0,0,0,0,0,0,0,90,0,63,0,0,0,0,0
218,0,15,0,0,0,0,0,831453,0,0,0,0,51,0,0,0,0,0,0,0,0,0,0,0,0,0,0,0,0,0,0,0,0,0,0,0,29,0,101,0,0,0,0,0
219,0,0,0,0,0,0,0,1662725,0,0,11200,294912,136,0,0,0,0,0,20496,0,0,0,0,0,0,0,0,11200,11200,0,73728,0,221184,294912,0,3095,0,136,284,0,0,0,0,98304
219,0,1,0,0,0,0,0,831363,20496,0,0,0,6953,0,0,0,0,0,20496,0,0,0,0,0,0,0,0,0,5563,0,37207,0,73155,0,0,1404,1500,2855,13254,0,0,24577,0,0
219,0,2,0,0,0,0,0,831363,0,0,0,0,1686,24576,0,0,0,0,0,0,0,0,0,0,0,0,0,0,0,0,0,0,37147,37154,0,249,2908,1712,3244,0,0,24575,0,24576
219,0,3,0,0,0,0,0,831363,0,0,0,0,1704,24576,0,0,0,0,0,0,0,0,0,0,0,0,0,0,0,0,0,0,0,36581,0,95,1187,0,3079,0,0,0,0,24576
219,0,4,0,0,0,0,0,831363,0,0,0,0,1704,24576,0,0,0,0,0,0,0,0,0,0,0,0,0,0,0,0,0,0,0,37187,0,87,0,1187,3055,24576,0,0,0,24576
219,0,5,0,0,0,0,0,831363,0,0,0,0,1703,24576,0,0,0,0,0,0,0,0,0,0,0,0,0,0,0,0,0,0,0,36521,3327,148,0,0,3246,0,0,0,0,24576
219,0,6,0,0,0,0,0,831363,0,0,0,0,47,0,0,0,0,0,0,0,0,0,0,0,0,0,0,0,0,0,0,0,0,0,0,40,98,2,52,0,0,0,0,0
219,0,7,0,0,0,0,0,831363,0,0,0,0,53,0,0,0,0,0,0,0,0,0,0,0,0,0,0,0,0,0,0,0,0,0,0,105,39,0,137,0,0,0,0,0
219,0,8,0,0,0,0,0,831363,0,0,0,0,50,0,0,0,0,0,0,0,0,0,0,0,0,0,0,0,0,0,0,0,0,0,0,52,0,42,107,0,0,0,0,0
219,0,9,0,0,0,0,0,831363,0,0,0,0,47,0,0,0,0,0,0,0,0,0,0,0,0,0,0,0,0,0,0,0,0,0,375,42,0,0,53,0,0,0,0,0
219,0,10,0,0,0,0,0,831363,0,0,0,0,53,0,0,0,0,0,0,0,0,0,0,0,0,0,0,0,0,0,0,0,0,0,0,88,92,0,121,0,0,0,0,0
219,0,11,0,0,0,0,0,831363,0,0,0,0,53,0,0,0,0,0,0,0,0,0,0,0,0,0,0,0,0,0,0,0,0,0,0,42,39,0,94,0,0,0,0,0
219,0,12,0,0,0,0,0,831363,0,0,0,0,47,0,0,0,0,0,0,0,0,0,0,0,0,0,0,0,0,0,0,0,0,0,0,0,0,45,93,0,0,0,0,0
219,0,13,0,0,0,0,0,831363,0,0,0,0,53,0,0,0,0,0,0,0,0,0,0,0,0,0,0,0,0,0,0,0,0,0,168,0,0,0,109,0,0,0,0,0
219,0,14,0,0,0,0,0,831362,0,0,0,0,53,0,0,0,0,0,0,0,0,0,0,0,0,0,0,0,0,0,0,0,0,0,0,0,90,0,63,0,0,0,0,0
219,0,15,0,0,0,0,0,831363,0,0,0,0,51,0,0,0,0,0,0,0,0,0,0,0,0,0,0,0,0,0,0,0,0,0,0,0,29,0,99,0,0,0,0,0
220,0,0,0,0,0,0,0,2473131,0,0,16908,442368,136,0,0,0,0,0,29070,0,0,0,0,0,0,0,0,16908,16908,0,73728,0,368640,442368,0,3113,0,136,284,0,0,0,0,147456
220,0,1,0,0,0,0,0,1236566,29070,0,0,0,11812,0,0,0,0,0,29070,0,0,0,0,0,0,0,0,0,8390,0,36904,0,147416,0,0,1101,1181,4328,20743,0,0,24577,0,0
220,0,2,0,0,0,0,0,1236566,0,0,0,0,1878,24576,0,0,0,0,0,0,0,0,0,0,0,0,0,0,0,0,36817,0,73745,36934,0,2012,2999,3848,3738,0,0,24575,0,24576
220,0,3,0,0,0,0,0,1236566,0,0,0,0,1968,24576,0,0,0,0,0,0,0,0,0,0,0,0,0,0,0,0,36884,0,0,36827,0,1121,940,0,3019,0,0,0,0,24576
220,0,4,0,0,0,0,0,1236566,0,0,0,0,2085,24576,0,0,0,0,0,0,0,0,0,0,0,0,0,0,0,0,0,0,0,36961,0,87,0,824,3120,49152,0,0,0,24576
220,0,5,0,0,0,0,0,1236566,0,0,0,0,2056,24576,0,0,0,0,0,0,0,0,0,0,0,0,0,0,0,0,0,0,0,36824,6310,148,0,1,3920,0,0,24576,0,24576
220,0,6,0,0,0,0,0,1236566,0,0,0,0,2058,24576,0,0,0,0,0,0,0,0,0,0,0,0,0,0,0,0,0,0,0,36911,0,40,2790,2,3119,0,0,24576,0,24576
220,0,7,0,0,0,0,0,1236566,0,0,0,0,1941,24576,0,0,0,0,0,0,0,0,0,0,0,0,0,0,0,0,0,0,0,36844,0,105,968,0,3819,0,0,0,0,24576
220,0,8,0,0,0,0,0,1236566,0,0,0,0,50,0,0,0,0,0,0,0,0,0,0,0,0,0,0,0,0,0,0,0,0,0,0,52,0,42,107,0,0,0,0,0
220,0,9,0,0,0,0,0,1236566,0,0,0,0,47,0,0,0,0,0,0,0,0,0,0,0,0,0,0,0,0,0,0,0,0,0,377,42,0,0,53,0,0,0,0,0
220,0,10,0,0,0,0,0,1236566,0,0,0,0,53,0,0,0,0,0,0,0,0,0,0,0,0,0,0,0,0,0,0,0,0,0,0,87,92,0,122,0,0,0,0,0
220,0,11,0,0,0,0,0,1236566,0,0,0,0,53,0,0,0,0,0,0,0,0,0,0,0,0,0,0,0,0,0,0,0,0,0,0,44,39,0,94,0,0,0,0,0
220,0,12,0,0,0,0,0,1236566,0,0,0,0,47,0,0,0,0,0,0,0,0,0,0,0,0,0,0,0,0,0,0,0,0,0,0,0,0,45,93,0,0,0,0,0
220,0,13,0,0,0,0,0,1236566,0,0,0,0,53,0,0,0,0,0,0,0,0,0,0,0,0,0,0,0,0,0,0,0,0,0,166,0,0,0,109,0,0,0,0,0
220,0,14,0,0,0,0,0,1236566,0,0,0,0,53,0,0,0,0,0,0,0,0,0,0,0,0,0,0,0,0,0,0,0,0,0,0,0,92,0,64,0,0,0,0,0
220,0,15,0,0,0,0,0,1236566,0,0,0,0,53,0,0,0,0,0,0,0,0,0,0,0,0,0,0,0,0,0,0,0,0,0,0,0,27,0,101,0,0,0,0,0
221,0,0,0,0,0,0,0,2473998,0,0,16908,442368,136,0,0,0,0,0,29067,0,0,0,0,0,0,0,0,16908,16908,0,73728,0,368640,442368,0,3113,0,136,284,0,0,0,0,147456
221,0,1,0,0,0,0,0,1236999,29067,0,0,0,11690,0,0,0,0,0,29067,0,0,0,0,0,0,0,0,0,8374,0,36807,0,147648,0,0,1211,1235,4286,20561,0,0,24576,0,0
221,0,2,0,0,0,0,0,1236999,0,0,0,0,1916,24576,0,0,0,0,0,0,0,0,0,0,0,0,0,0,0,0,36875,0,73593,36796,0,2096,3013,3867,3715,0,0,24576,0,24576
221,0,3,0,0,0,0,0,1236999,0,0,0,0,2021,24576,0,0,0,0,0,0,0,0,0,0,0,0,0,0,0,0,36869,0,0,36994,0,1085,888,0,3088,0,0,0,0,24576
221,0,4,0,0,0,0,0,1236999,0,0,0,0,2098,24576,0,0,0,0,0,0,0,0,0,0,0,0,0,0,0,0,0,0,0,36752,0,87,0,811,3187,49152,0,0,0,24576
221,0,5,0,0,0,0,0,1236999,0,0,0,0,1914,24576,0,0,0,0,0,0,0,0,0,0,0,0,0,0,0,0,0,0,0,36921,6356,151,0,2,3665,0,0,24576,0,24576
221,0,6,0,0,0,0,0,1236999,0,0,0,0,2004,24576,0,0,0,0,0,0,0,0,0,0,0,0,0,0,0,0,0,0,0,36853,0,33,2895,0,2988,0,0,24576,0,24576
221,0,7,0,0,0,0,0,1236999,0,0,0,0,1991,24576,0,0,0,0,0,0,0,0,0,0,0,0,0,0,0,0,0,0,0,36859,0,106,918,0,3906,0,0,0,0,24576
221,0,8,0,0,0,0,0,1236999,0,0,0,0,50,0,0,0,0,0,0,0,0,0,0,0,0,0,0,0,0,0,0,0,0,0,0,52,0,42,107,0,0,0,0,0
221,0,9,0,0,0,0,0,1236999,0,0,0,0,48,0,0,0,0,0,0,0,0,0,0,0,0,0,0,0,0,0,0,0,0,0,380,40,0,0,53,0,0,0,0,0
221,0,10,0,0,0,0,0,1236999,0,0,0,0,52,0,0,0,0,0,0,0,0,0,0,0,0,0,0,0,0,0,0,0,0,0,0,88,88,0,127,0,0,0,0,0
221,0,11,0,0,0,0,0,1236999,0,0,0,0,48,0,0,0,0,0,0,0,0,0,0,0,0,0,0,0,0,0,0,0,0,0,0,38,44,0,94,0,0,0,0,0
221,0,12,0,0,0,0,0,1236999,0,0,0,0,49,0,0,0,0,0,0,0,0,0,0,0,0,0,0,0,0,0,0,0,0,0,0,0,0,43,95,0,0,0,0,0
221,0,13,0,0,0,0,0,1236999,0,0,0,0,55,0,0,0,0,0,0,0,0,0,0,0,0,0,0,0,0,0,0,0,0,0,166,0,0,0,113,0,0,0,0,0
221,0,14,0,0,0,0,0,1236999,0,0,0,0,52,0,0,0,0,0,0,0,0,0,0,0,0,0,0,0,0,0,0,0,0,0,0,0,92,0,62,0,0,0,0,0
221,0,15,0,0,0,0,0,1236999,0,0,0,0,52,0,0,0,0,0,0,0,0,0,0,0,0,0,0,0,0,0,0,0,0,0,0,0,28,0,106,0,0,0,0,0
222,0,0,0,0,0,0,0,2474063,0,0,16920,442368,136,0,0,0,0,0,29085,0,0,0,0,0,0,0,0,16920,16920,0,73728,0,368640,442368,0,3115,0,136,284,0,0,0,0,147456
222,0,1,0,0,0,0,0,1237031,29085,0,0,0,11697,0,0,0,0,0,29085,0,0,0,0,0,0,0,0,0,8348,0,36826,0,147655,0,0,1190,1235,4312,20529,0,0,24577,0,0
222,0,2,0,0,0,0,0,1237031,0,0,0,0,1898,24576,0,0,0,0,0,0,0,0,0,0,0,0,0,0,0,0,36865,0,73590,36802,0,2098,3043,3835,3709,0,0,24575,0,24576
222,0,3,0,0,0,0,0,1237031,0,0,0,0,2031,24576,0,0,0,0,0,0,0,0,0,0,0,0,0,0,0,0,36876,0,0,36990,0,1124,880,0,3095,0,0,0,0,24576
222,0,4,0,0,0,0,0,1237031,0,0,0,0,2069,24576,0,0,0,0,0,0,0,0,0,0,0,0,0,0,0,0,0,0,0,36756,0,82,0,842,3159,49152,0,0,0,24576
222,0,5,0,0,0,0,0,1237031,0,0,0,0,1913,24576,0,0,0,0,0,0,0,0,0,0,0,0,0,0,0,0,0,0,0,36902,6377,149,0,0,3689,0,0,24576,0,24576
222,0,6,0,0,0,0,0,1237030,0,0,0,0,2032,24576,0,0,0,0,0,0,0,0,0,0,0,0,0,0,0,0,0,0,0,36863,0,35,2869,2,3014,0,0,24576,0,24576
222,0,7,0,0,0,0,0,1237031,0,0,0,0,1991,24576,0,0,0,0,0,0,0,0,0,0,0,0,0,0,0,0,0,0,0,36852,0,105,920,0,3868,0,0,0,0,24576
222,0,8,0,0,0,0,0,1237031,0,0,0,0,50,0,0,0,0,0,0,0,0,0,0,0,0,0,0,0,0,0,0,0,0,0,0,57,0,42,107,0,0,0,0,0
222,0,9,0,0,0,0,0,1237031,0,0,0,0,47,0,0,0,0,0,0,0,0,0,0,0,0,0,0,0,0,0,0,0,0,0,365,41,0,0,53,0,0,0,0,0
222,0,10,0,0,0,0,0,1237031,0,0,0,0,54,0,0,0,0,0,0,0,0,0,0,0,0,0,0,0,0,0,0,0,0,0,0,88,92,0,127,0,0,0,0,0
222,0,11,0,0,0,0,0,1237031,0,0,0,0,54,0,0,0,0,0,0,0,0,0,0,0,0,0,0,0,0,0,0,0,0,0,0,44,38,0,95,0,0,0,0,0
222,0,12,0,0,0,0,0,1237031,0,0,0,0,54,0,0,0,0,0,0,0,0,0,0,0,0,0,0,0,0,0,0,0,0,0,0,0,0,38,95,0,0,0,0,0
222,0,13,0,0,0,0,0,1237031,0,0,0,0,51,0,0,0,0,0,0,0,0,0,0,0,0,0,0,0,0,0,0,0,0,0,178,0,0,0,108,0,0,0,0,0
222,0,14,0,0,0,0,0,1237030,0,0,0,0,54,0,0,0,0,0,0,0,0,0,0,0,0,0,0,0,0,0,0,0,0,0,0,0,89,0,64,0,0,0,0,0
222,0,15,0,0,0,0,0,1237031,0,0,0,0,51,0,0,0,0,0,0,0,0,0,0,0,0,0,0,0,0,0,0,0,0,0,0,0,29,0,99,0,0,0,0,0
223,0,0,0,0,0,0,0,3295437,0,0,22992,589824,136,0,0,0,0,0,38208,0,0,0,0,0,0,0,0,22992,22992,0,147456,0,442368,589824,0,6044,0,136,284,0,0,0,0,196608
223,0,1,0,0,0,0,0,1647718,38208,0,0,0,16231,0,0,0,0,0,38208,0,0,0,0,0,0,0,0,0,9143,0,71479,0,149721,0,0,1942,2035,4300,28131,0,0,24577,0,0
223,0,2,0,0,0,0,0,1647718,0,0,0,0,1904,24576,0,0,0,0,0,0,0,0,0,0,0,0,0,0,0,0,35692,0,73810,35689,0,2108,3030,3799,3970,0,0,24575,0,24576
223,0,3,0,0,0,0,0,1647718,0,0,0,0,1970,24576,0,0,0,0,0,0,0,0,0,0,0,0,0,0,0,0,35599,0,0,38047,0,1212,994,0,3091,0,0,0,0,24576
223,0,4,0,0,0,0,0,1647718,0,0,0,0,2004,24576,0,0,0,0,0,0,0,0,0,0,0,0,0,0,0,0,35700,0,0,35713,0,1063,0,961,2916,73728,0,0,0,24576
223,0,5,0,0,0,0,0,1647718,0,0,0,0,1934,24576,0,0,0,0,0,0,0,0,0,0,0,0,0,0,0,0,37929,0,0,38048,9390,2112,0,0,3924,0,0,24576,0,24576
223,0,6,0,0,0,0,0,1647717,0,0,0,0,2047,24576,0,0,0,0,0,0,0,0,0,0,0,0,0,0,0,0,0,0,0,38036,0,39,2820,2,3069,0,0,24576,0,24576
223,0,7,0,0,0,0,0,1647718,0,0,0,0,1903,24576,0,0,0,0,0,0,0,0,0,0,0,0,0,0,0,0,0,0,0,38129,0,109,1062,0,3742,0,0,0,0,24576
223,0,8,0,0,0,0,0,1647718,0,0,0,0,1990,24576,0,0,0,0,0,0,0,0,0,0,0,0,0,0,0,0,0,0,0,38028,0,52,0,975,3946,24576,0,0,0,24576
223,0,9,0,0,0,0,0,1647718,0,0,0,0,2017,24576,0,0,0,0,0,0,0,0,0,0,0,0,0,0,0,0,0,0,0,35799,3221,41,0,1,2935,0,0,0,0,24576
223,0,10,0,0,0,0,0,1647718,0,0,0,0,52,0,0,0,0,0,0,0,0,0,0,0,0,0,0,0,0,0,0,0,0,0,0,85,92,1,124,0,0,0,0,0
223,0,11,0,0,0,0,0,1647718,0,0,0,0,52,0,0,0,0,0,0,0,0,0,0,0,0,0,0,0,0,0,0,0,0,0,0,41,40,0,93,0,0,0,0,0
223,0,12,0,0,0,0,0,1647718,0,0,0,0,46,0,0,0,0,0,0,0,0,0,0,0,0,0,0,0,0,0,0,0,0,0,0,0,0,46,92,0,0,0,0,0
223,0,13,0,0,0,0,0,1647718,0,0,0,0,53,0,0,0,0,0,0,0,0,0,0,0,0,0,0,0,0,0,0,0,0,0,164,0,0,0,110,0,0,0,0,0
223,0,14,0,0,0,0,0,1647718,0,0,0,0,52,0,0,0,0,0,0,0,0,0,0,0,0,0,0,0,0,0,0,0,0,0,0,0,93,0,65,0,0,0,0,0
223,0,15,0,0,0,0,0,1647718,0,0,0,0,53,0,0,0,0,0,0,0,0,0,0,0,0,0,0,0,0,0,0,0,0,0,0,0,27,0,106,0,0,0,0,0
224,0,0,0,0,0,0,0,3291625,0,0,22912,589824,136,0,0,0,0,0,38088,0,0,0,0,0,0,0,0,22912,22912,0,147456,0,442368,589824,0,6024,0,136,284,0,0,0,0,196608
224,0,1,0,0,0,0,0,1645812,38088,0,0,0,16378,0,0,0,0,0,38088,0,0,0,0,0,0,0,0,0,7784,0,73767,0,147466,0,0,1829,2000,4221,28499,0,0,24577,0,0
224,0,2,0,0,0,0,0,1645812,0,0,0,0,1929,24576,0,0,0,0,0,0,0,0,0,0,0,0,0,0,0,0,35176,0,77169,35101,0,2090,2850,3953,3897,0,0,24575,0,24576
224,0,3,0,0,0,0,0,1645812,0,0,0,0,1825,24576,0,0,0,0,0,0,0,0,0,0,0,0,0,0,0,0,35131,0,0,35156,0,1145,1130,0,2838,0,0,0,0,24576
224,0,4,0,0,0,0,0,1645812,0,0,0,0,1986,24576,0,0,0,0,0,0,0,0,0,0,0,0,0,0,0,0,35209,0,0,35148,0,1087,0,969,2838,73728,0,0,0,24576
224,0,5,0,0,0,0,0,1645812,0,0,0,0,1938,24576,0,0,0,0,0,0,0,0,0,0,0,0,0,0,0,0,35091,0,0,38598,9269,2216,0,0,3917,0,0,24576,0,24576
224,0,6,0,0,0,0,0,1645812,0,0,0,0,2031,24576,0,0,0,0,0,0,0,0,0,0,0,0,0,0,0,0,0,0,0,38552,0,40,2826,2,3060,0,0,24576,0,24576
224,0,7,0,0,0,0,0,1645812,0,0,0,0,1903,24576,0,0,0,0,0,0,0,0,0,0,0,0,0,0,0,0,0,0,0,38597,0,106,1052,0,3802,0,0,0,0,24576
224,0,8,0,0,0,0,0,1645812,0,0,0,0,2025,24576,0,0,0,0,0,0,0,0,0,0,0,0,0,0,0,0,0,0,0,38519,0,52,0,930,3947,24576,0,0,0,24576
224,0,9,0,0,0,0,0,1645812,0,0,0,0,1995,24576,0,0,0,0,0,0,0,0,0,0,0,0,0,0,0,0,0,0,0,38637,3264,42,0,1,2798,0,0,0,0,24576
224,0,10,0,0,0,0,0,1645812,0,0,0,0,53,0,0,0,0,0,0,0,0,0,0,0,0,0,0,0,0,0,0,0,0,0,0,88,92,1,121,0,0,0,0,0
224,0,11,0,0,0,0,0,1645812,0,0,0,0,53,0,0,0,0,0,0,0,0,0,0,0,0,0,0,0,0,0,0,0,0,0,0,44,39,0,94,0,0,0,0,0
224,0,12,0,0,0,0,0,1645812,0,0,0,0,47,0,0,0,0,0,0,0,0,0,0,0,0,0,0,0,0,0,0,0,0,0,0,0,0,45,93,0,0,0,0,0
224,0,13,0,0,0,0,0,1645812,0,0,0,0,53,0,0,0,0,0,0,0,0,0,0,0,0,0,0,0,0,0,0,0,0,0,168,0,0,0,109,0,0,0,0,0
224,0,14,0,0,0,0,0,1645812,0,0,0,0,53,0,0,0,0,0,0,0,0,0,0,0,0,0,0,0,0,0,0,0,0,0,0,0,90,0,63,0,0,0,0,0
224,0,15,0,0,0,0,0,1645812,0,0,0,0,51,0,0,0,0,0,0,0,0,0,0,0,0,0,0,0,0,0,0,0,0,0,0,0,29,0,101,0,0,0,0,0
225,0,0,0,0,0,0,0,3294345,0,0,22892,589824,136,0,0,0,0,0,38058,0,0,0,0,0,0,0,0,22892,22892,0,147456,0,442368,589824,0,6020,0,136,284,0,0,0,0,196608
225,0,1,0,0,0,0,0,1647173,38058,0,0,0,16362,0,0,0,0,0,38058,0,0,0,0,0,0,0,0,0,10162,0,73708,0,147716,0,0,2161,1891,3994,28461,0,0,24576,0,0
225,0,2,0,0,0,0,0,1647173,0,0,0,0,1937,24576,0,0,0,0,0,0,0,0,0,0,0,0,0,0,0,0,36108,0,73427,37661,0,2136,2959,4060,3969,0,0,24576,0,24576
225,0,3,0,0,0,0,0,1647173,0,0,0,0,1945,24576,0,0,0,0,0,0,0,0,0,0,0,0,0,0,0,0,36181,0,0,37848,0,1039,1007,0,2954,0,0,0,0,24576
225,0,4,0,0,0,0,0,1647173,0,0,0,0,1996,24576,0,0,0,0,0,0,0,0,0,0,0,0,0,0,0,0,37741,0,0,36085,0,1005,0,957,2824,73728,0,0,0,24576
225,0,5,0,0,0,0,0,1647173,0,0,0,0,2088,24576,0,0,0,0,0,0,0,0,0,0,0,0,0,0,0,0,35940,0,0,37808,9162,2076,0,0,3869,0,0,24576,0,24576
225,0,6,0,0,0,0,0,1647172,0,0,0,0,2019,24576,0,0,0,0,0,0,0,0,0,0,0,0,0,0,0,0,0,0,0,37620,0,48,2867,2,2992,0,0,24576,0,24576
225,0,7,0,0,0,0,0,1647173,0,0,0,0,1933,24576,0,0,0,0,0,0,0,0,0,0,0,0,0,0,0,0,0,0,0,37547,0,100,1019,0,3943,0,0,0,0,24576
225,0,8,0,0,0,0,0,1647173,0,0,0,0,2031,24576,0,0,0,0,0,0,0,0,0,0,0,0,0,0,0,0,0,0,0,35987,0,52,0,922,4033,24576,0,0,0,24576
225,0,9,0,0,0,0,0,1647173,0,0,0,0,2099,24576,0,0,0,0,0,0,0,0,0,0,0,0,0,0,0,0,0,0,0,37788,3178,40,0,1,3040,0,0,0,0,24576
225,0,10,0,0,0,0,0,1647173,0,0,0,0,52,0,0,0,0,0,0,0,0,0,0,0,0,0,0,0,0,0,0,0,0,0,0,79,86,1,121,0,0,0,0,0
225,0,11,0,0,0,0,0,1647173,0,0,0,0,46,0,0,0,0,0,0,0,0,0,0,0,0,0,0,0,0,0,0,0,0,0,0,45,46,0,92,0,0,0,0,0
225,0,12,0,0,0,0,0,1647173,0,0,0,0,46,0,0,0,0,0,0,0,0,0,0,0,0,0,0,0,0,0,0,0,0,0,0,0,0,46,92,0,0,0,0,0
225,0,13,0,0,0,0,0,1647173,0,0,0,0,52,0,0,0,0,0,0,0,0,0,0,0,0,0,0,0,0,0,0,0,0,0,158,0,0,0,110,0,0,0,0,0
225,0,14,0,0,0,0,0,1647172,0,0,0,0,46,0,0,0,0,0,0,0,0,0,0,0,0,0,0,0,0,0,0,0,0,0,0,0,100,0,65,0,0,0,0,0
225,0,15,0,0,0,0,0,1647173,0,0,0,0,54,0,0,0,0,0,0,0,0,0,0,0,0,0,0,0,0,0,0,0,0,0,0,0,26,0,103,0,0,0,0,0
226,0,0,0,0,0,0,0,4068830,0,0,28480,737280,136,0,0,0,0,0,46452,0,0,0,0,0,0,0,0,28480,28480,0,147456,0,589824,737280,0,5992,0,136,284,0,0,0,0,711623
226,0,1,0,0,0,0,0,2034415,46452,0,0,0,19198,0,0,0,0,0,46452,0,0,0,0,0,0,0,0,0,12757,0,73756,0,222150,0,0,2138,2313,6349,34427,0,0,24577,0,0
226,0,2,0,0,0,0,0,2034415,0,0,0,0,1912,24576,0,0,0,0,0,0,0,0,0,0,0,0,0,0,0,0,72755,0,111013,36450,0,3855,2918,5703,3871,0,0,24575,0,24576
226,0,3,0,0,0,0,0,2034415,0,0,0,0,1891,24576,0,0,0,0,0,0,0,0,0,0,0,0,0,0,0,0,73730,0,0,36441,0,2160,1047,0,2957,0,0,0,0,24576
226,0,4,0,0,0,0,0,2034415,0,0,0,0,1862,24576,0,0,0,0,0,0,0,0,0,0,0,0,0,0,0,0,36582,0,0,36432,0,1130,0,1077,2984,98304,0,0,0,24576
226,0,5,0,0,0,0,0,2034415,0,0,0,0,1927,24576,0,0,0,0,0,0,0,0,0,0,0,0,0,0,0,0,37181,0,0,36519,11657,2015,0,2,3766,0,0,24576,0,24576
226,0,6,0,0,0,0,0,2034414,0,0,0,0,1876,24576,0,0,0,0,0,0,0,0,0,0,0,0,0,0,0,0,37335,0,0,37366,0,1139,2986,0,2874,0,0,24576,0,24576
226,0,7,0,0,0,0,0,2034415,0,0,0,0,1924,24576,0,0,0,0,0,0,0,0,0,0,0,0,0,0,0,0,37359,0,0,36367,0,1920,1015,0,3829,0,0,0,0,24576
226,0,8,0,0,0,0,0,2034415,0,0,0,0,2042,24576,0,0,0,0,0,0,0,0,0,0,0,0,0,0,0,0,0,0,0,37146,0,52,0,897,3905,49152,0,0,0,24576
226,0,9,0,0,0,0,0,2034415,0,0,0,0,1951,24576,0,0,0,0,0,0,0,0,0,0,0,0,0,0,0,0,0,0,0,36547,6213,40,0,1,2941,0,0,24576,0,24576
226,0,10,0,0,0,0,0,2034415,0,0,0,0,1952,24576,0,0,0,0,0,0,0,0,0,0,0,0,0,0,0,0,0,0,0,36393,0,82,2887,1,3776,0,0,24576,0,24576
226,0,11,0,0,0,0,0,2034415,0,0,0,0,1901,24576,0,0,0,0,0,0,0,0,0,0,0,0,0,0,0,0,0,0,0,36369,0,45,1038,0,2977,0,0,0,0,24576
226,0,12,0,0,0,0,0,2034415,0,0,0,0,46,0,0,0,0,0,0,0,0,0,0,0,0,0,0,0,0,0,0,0,0,0,0,0,0,46,92,0,0,0,0,0
226,0,13,0,0,0,0,0,2034415,0,0,0,0,52,0,0,0,0,0,0,0,0,0,0,0,0,0,0,0,0,0,0,0,0,0,161,0,0,0,110,0,0,0,0,0
226,0,14,0,0,0,0,0,2034415,0,0,0,0,46,0,0,0,0,0,0,0,0,0,0,0,0,0,0,0,0,0,0,0,0,0,0,0,97,0,62,0,0,0,0,0
226,0,15,0,0,0,0,0,2034415,0,0,0,0,51,0,0,0,0,0,0,0,0,0,0,0,0,0,0,0,0,0,0,0,0,0,0,0,29,0,102,0,0,0,0,0
227,0,0,0,0,0,0,0,4069924,0,0,28460,737280,136,0,0,0,0,0,46419,0,0,0,0,0,0,0,0,28460,28460,0,147456,0,589824,737280,0,5988,0,136,284,0,0,0,0,720252
227,0,1,0,0,0,0,0,2034962,46419,0,0,0,19226,0,0,0,0,0,46419,0,0,0,0,0,0,0,0,0,10056,0,73768,0,220218,0,0,2110,2282,6360,35297,0,0,24577,0,0
227,0,2,0,0,0,0,0,2034962,0,0,0,0,1989,24576,0,0,0,0,0,0,0,0,0,0,0,0,0,0,0,0,74647,0,110136,37367,0,3824,2805,5741,3918,0,0,24575,0,24576
227,0,3,0,0,0,0,0,2034962,0,0,0,0,1857,24576,0,0,0,0,0,0,0,0,0,0,0,0,0,0,0,0,73677,0,0,37371,0,2064,1079,0,2975,0,0,0,0,24576
227,0,4,0,0,0,0,0,2034962,0,0,0,0,1845,24576,0,0,0,0,0,0,0,0,0,0,0,0,0,0,0,0,36522,0,0,37375,0,1150,0,1092,2916,98304,0,0,0,24576
227,0,5,0,0,0,0,0,2034962,0,0,0,0,1806,24576,0,0,0,0,0,0,0,0,0,0,0,0,0,0,0,0,36368,0,0,37320,10908,1976,0,2,3708,0,0,24576,0,24576
227,0,6,0,0,0,0,0,2034962,0,0,0,0,1777,24576,0,0,0,0,0,0,0,0,0,0,0,0,0,0,0,0,36366,0,0,36443,0,1114,3356,0,2827,0,0,24576,0,24576
227,0,7,0,0,0,0,0,2034962,0,0,0,0,2197,24576,0,0,0,0,0,0,0,0,0,0,0,0,0,0,0,0,36443,0,0,37336,0,2004,740,0,4110,0,0,0,0,24576
227,0,8,0,0,0,0,0,2034962,0,0,0,0,2062,24576,0,0,0,0,0,0,0,0,0,0,0,0,0,0,0,0,0,0,0,37206,0,52,0,875,3903,49152,0,0,0,24576
227,0,9,0,0,0,0,0,2034962,0,0,0,0,1794,24576,0,0,0,0,0,0,0,0,0,0,0,0,0,0,0,0,0,0,0,37360,6682,42,0,1,2819,0,0,24576,0,24576
227,0,10,0,0,0,0,0,2034962,0,0,0,0,2129,24576,0,0,0,0,0,0,0,0,0,0,0,0,0,0,0,0,0,0,0,37362,0,85,2584,1,3973,0,0,24576,0,24576
227,0,11,0,0,0,0,0,2034962,0,0,0,0,1777,24576,0,0,0,0,0,0,0,0,0,0,0,0,0,0,0,0,0,0,0,37285,0,44,1160,0,2768,0,0,0,0,24576
227,0,12,0,0,0,0,0,2034962,0,0,0,0,47,0,0,0,0,0,0,0,0,0,0,0,0,0,0,0,0,0,0,0,0,0,0,0,0,45,93,0,0,0,0,0
227,0,13,0,0,0,0,0,2034962,0,0,0,0,53,0,0,0,0,0,0,0,0,0,0,0,0,0,0,0,0,0,0,0,0,0,166,0,0,0,109,0,0,0,0,0
227,0,14,0,0,0,0,0,2034962,0,0,0,0,53,0,0,0,0,0,0,0,0,0,0,0,0,0,0,0,0,0,0,0,0,0,0,0,92,0,66,0,0,0,0,0
227,0,15,0,0,0,0,0,2034962,0,0,0,0,53,0,0,0,0,0,0,0,0,0,0,0,0,0,0,0,0,0,0,0,0,0,0,0,27,0,105,0,0,0,0,0
228,0,0,0,0,0,0,0,4069414,0,0,28498,737280,136,0,0,0,0,0,46476,0,0,0,0,0,0,0,0,28498,28498,0,147456,0,589824,737280,0,5996,0,136,284,0,0,0,0,710329
228,0,1,0,0,0,0,0,2034707,46476,0,0,0,19277,0,0,0,0,0,46476,0,0,0,0,0,0,0,0,0,12675,0,73760,0,222478,0,0,2123,2284,6332,34528,0,0,24577,0,0
228,0,2,0,0,0,0,0,2034707,0,0,0,0,1947,24576,0,0,0,0,0,0,0,0,0,0,0,0,0,0,0,0,72485,0,111096,36309,0,3892,2910,5675,3925,0,0,24575,0,24576
228,0,3,0,0,0,0,0,2034707,0,0,0,0,1920,24576,0,0,0,0,0,0,0,0,0,0,0,0,0,0,0,0,73760,0,0,36328,0,2165,1021,0,3014,0,0,0,0,24576
228,0,4,0,0,0,0,0,2034707,0,0,0,0,1872,24576,0,0,0,0,0,0,0,0,0,0,0,0,0,0,0,0,36470,0,0,36299,0,1123,0,1069,2972,98304,0,0,0,24576
228,0,5,0,0,0,0,0,2034707,0,0,0,0,1920,24576,0,0,0,0,0,0,0,0,0,0,0,0,0,0,0,0,37317,0,0,36379,11661,2024,0,0,3769,0,0,24576,0,24576
228,0,6,0,0,0,0,0,2034707,0,0,0,0,1886,24576,0,0,0,0,0,0,0,0,0,0,0,0,0,0,0,0,37468,0,0,37503,0,1120,2954,2,2870,0,0,24576,0,24576
228,0,7,0,0,0,0,0,2034707,0,0,0,0,1900,24576,0,0,0,0,0,0,0,0,0,0,0,0,0,0,0,0,37471,0,0,36225,0,1954,1041,0,3768,0,0,0,0,24576
228,0,8,0,0,0,0,0,2034707,0,0,0,0,2046,24576,0,0,0,0,0,0,0,0,0,0,0,0,0,0,0,0,0,0,0,37258,0,52,0,895,3918,49152,0,0,0,24576
228,0,9,0,0,0,0,0,2034707,0,0,0,0,1922,24576,0,0,0,0,0,0,0,0,0,0,0,0,0,0,0,0,0,0,0,36411,6274,42,0,1,2903,0,0,24576,0,24576
228,0,10,0,0,0,0,0,2034707,0,0,0,0,1983,24576,0,0,0,0,0,0,0,0,0,0,0,0,0,0,0,0,0,0,0,36260,0,90,2853,2,3820,0,0,24576,0,24576
228,0,11,0,0,0,0,0,2034707,0,0,0,0,1897,24576,0,0,0,0,0,0,0,0,0,0,0,0,0,0,0,0,0,0,0,36257,0,44,1044,0,2941,0,0,0,0,24576
228,0,12,0,0,0,0,0,2034707,0,0,0,0,51,0,0,0,0,0,0,0,0,0,0,0,0,0,0,0,0,0,0,0,0,0,0,0,0,41,97,0,0,0,0,0
228,0,13,0,0,0,0,0,2034707,0,0,0,0,57,0,0,0,0,0,0,0,0,0,0,0,0,0,0,0,0,0,0,0,0,0,173,0,0,0,113,0,0,0,0,0
228,0,14,0,0,0,0,0,2034706,0,0,0,0,57,0,0,0,0,0,0,0,0,0,0,0,0,0,0,0,0,0,0,0,0,0,0,0,85,0,65,0,0,0,0,0
228,0,15,0,0,0,0,0,2034707,0,0,0,0,50,0,0,0,0,0,0,0,0,0,0,0,0,0,0,0,0,0,0,0,0,0,0,0,30,0,102,0,0,0,0,0
229,0,0,0,0,0,0,0,5237719,0,0,36538,958464,136,0,0,0,0,0,58554,0,0,0,0,0,0,0,0,36538,36538,0,221184,0,737280,958464,0,8881,0,136,284,0,0,0,0,4995697
229,0,1,0,0,0,0,0,2618860,58554,0,0,0,23515,0,0,0,0,0,58554,0,0,0,0,0,0,0,0,0,16223,0,110444,0,258287,0,0,3331,3617,7596,42447,0,0,24576,0,0
229,0,2,0,0,0,0,0,2618860,0,0,0,0,1775,24576,0,0,0,0,0,0,0,0,0,0,0,0,0,0,0,0,110914,0,110258,36637,0,5755,2467,5217,3357,0,0,24575,0,24576
229,0,3,0,0,0,0,0,2618860,0,0,0,0,1622,24576,0,0,0,0,0,0,0,0,0,0,0,0,0,0,0,0,73650,0,0,37276,0,2341,1000,0,2705,0,0,0,0,24576
229,0,4,0,0,0,0,0,2618860,0,0,0,0,1878,24576,0,0,0,0,0,0,0,0,0,0,0,0,0,0,0,0,73662,0,0,36800,0,2366,0,1073,3061,520214,0,0,0,24576
229,0,5,0,0,0,0,0,2618860,0,0,0,0,1855,24576,0,0,0,0,0,0,0,0,0,0,0,0,0,0,0,0,73810,0,0,36930,16457,3688,0,1,3717,0,0,24576,0,24576
229,0,6,0,0,0,0,0,2618860,0,0,0,0,1917,24576,0,0,0,0,0,0,0,0,0,0,0,0,0,0,0,0,73518,0,0,36752,0,2172,2994,1,2871,0,0,24576,0,24576
229,0,7,0,0,0,0,0,2618860,0,0,0,0,1959,24576,0,0,0,0,0,0,0,0,0,0,0,0,0,0,0,0,36895,0,0,36911,0,1864,994,0,3766,0,0,0,0,24576
229,0,8,0,0,0,0,0,2618860,0,0,0,0,2021,24576,0,0,0,0,0,0,0,0,0,0,0,0,0,0,0,0,36915,0,0,36879,0,1782,0,932,3795,97739,0,0,0,24576
229,0,9,0,0,0,0,0,2618860,0,0,0,0,1931,24576,0,0,0,0,0,0,0,0,0,0,0,0,0,0,0,0,36797,0,0,36849,10168,1115,0,1,3050,0,0,24576,0,24576
229,0,10,0,0,0,0,0,2618860,0,0,0,0,2033,24576,0,0,0,0,0,0,0,0,0,0,0,0,0,0,0,0,36885,0,0,37053,0,1891,2841,1,3890,0,0,24576,0,24576
229,0,11,0,0,0,0,0,2618860,0,0,0,0,1922,24576,0,0,0,0,0,0,0,0,0,0,0,0,0,0,0,0,0,0,0,36833,0,41,1031,0,3072,0,0,0,0,24576
229,0,12,0,0,0,0,0,2618860,0,0,0,0,1904,24576,0,0,0,0,0,0,0,0,0,0,0,0,0,0,0,0,0,0,0,36813,0,0,0,1049,3083,24576,0,0,0,24576
229,0,13,0,0,0,0,0,2618860,0,0,0,0,1979,24576,0,0,0,0,0,0,0,0,0,0,0,0,0,0,0,0,0,0,0,36931,4871,0,0,0,3825,0,0,24576,0,24576
229,0,14,0,0,0,0,0,2618859,0,0,0,0,1956,24576,0,0,0,0,0,0,0,0,0,0,0,0,0,0,0,0,0,0,0,36843,0,0,1037,2,3024,0,0,0,0,24576
229,0,15,0,0,0,0,0,2618860,0,0,0,0,42,0,0,0,0,0,0,0,0,0,0,0,0,0,0,0,0,0,0,0,0,0,0,0,38,0,98,0,0,0,0,0
230,0,0,0,0,0,0,0,5238515,0,0,36600,958464,136,0,0,0,0,0,58650,0,0,0,0,0,0,0,0,36600,36600,0,221184,0,737280,958464,0,8897,0,136,284,0,0,0,0,4994765
230,0,1,0,0,0,0,0,2619257,58650,0,0,0,23566,0,0,0,0,0,58650,0,0,0,0,0,0,0,0,0,13933,0,110160,0,258729,0,0,3350,3602,7603,42465,0,0,24579,0,0
230,0,2,0,0,0,0,0,2619257,0,0,0,0,1773,24576,0,0,0,0,0,0,0,0,0,0,0,0,0,0,0,0,110839,0,110283,36245,0,5775,2515,5180,3394,0,0,24575,0,24576
230,0,3,0,0,0,0,0,2619257,0,0,0,0,1666,24576,0,0,0,0,0,0,0,0,0,0,0,0,0,0,0,0,73660,0,0,37241,0,2346,957,0,2792,0,0,0,0,24576
230,0,4,0,0,0,0,0,2619257,0,0,0,0,1887,24576,0,0,0,0,0,0,0,0,0,0,0,0,0,0,0,0,73712,0,0,36726,0,2407,0,1070,3022,520013,0,0,0,24576
230,0,5,0,0,0,0,0,2619257,0,0,0,0,1867,24576,0,0,0,0,0,0,0,0,0,0,0,0,0,0,0,0,74014,0,0,37010,16504,3721,0,1,3693,0,0,24576,0,24576
230,0,6,0,0,0,0,0,2619257,0,0,0,0,1926,24576,0,0,0,0,0,0,0,0,0,0,0,0,0,0,0,0,73542,0,0,36803,0,2154,3013,2,2894,0,0,24576,0,24576
230,0,7,0,0,0,0,0,2619257,0,0,0,0,1984,24576,0,0,0,0,0,0,0,0,0,0,0,0,0,0,0,0,36902,0,0,36894,0,1861,975,0,3800,0,0,0,0,24576
230,0,8,0,0,0,0,0,2619257,0,0,0,0,2010,24576,0,0,0,0,0,0,0,0,0,0,0,0,0,0,0,0,36963,0,0,36781,0,1748,0,949,3787,97825,0,0,0,24576
230,0,9,0,0,0,0,0,2619257,0,0,0,0,1929,24576,0,0,0,0,0,0,0,0,0,0,0,0,0,0,0,0,36695,0,0,36747,10153,1097,0,2,3043,0,0,24576,0,24576
230,0,10,0,0,0,0,0,2619257,0,0,0,0,2025,24576,0,0,0,0,0,0,0,0,0,0,0,0,0,0,0,0,36935,0,0,36979,0,1883,2889,0,3920,0,0,24576,0,24576
230,0,11,0,0,0,0,0,2619257,0,0,0,0,1956,24576,0,0,0,0,0,0,0,0,0,0,0,0,0,0,0,0,0,0,0,36826,0,46,1003,0,3111,0,0,0,0,24576
230,0,12,0,0,0,0,0,2619257,0,0,0,0,1922,24576,0,0,0,0,0,0,0,0,0,0,0,0,0,0,0,0,0,0,0,36765,0,0,0,1035,3139,24576,0,0,0,24576
230,0,13,0,0,0,0,0,2619257,0,0,0,0,1955,24576,0,0,0,0,0,0,0,0,0,0,0,0,0,0,0,0,0,0,0,37033,4860,0,0,1,3823,0,0,24576,0,24576
230,0,14,0,0,0,0,0,2619256,0,0,0,0,1911,24576,0,0,0,0,0,0,0,0,0,0,0,0,0,0,0,0,0,0,0,36793,0,0,1099,1,2993,0,0,0,0,24576
230,0,15,0,0,0,0,0,2619257,0,0,0,0,53,0,0,0,0,0,0,0,0,0,0,0,0,0,0,0,0,0,0,0,0,0,0,0,27,0,105,0,0,0,0,0
231,0,0,0,0,0,0,0,5236153,0,0,36534,958464,136,0,0,0,0,0,58551,0,0,0,0,0,0,0,0,36534,36534,0,221184,0,737280,958464,0,8881,0,136,284,0,0,0,0,4994289
231,0,1,0,0,0,0,0,2618076,58551,0,0,0,23474,0,0,0,0,0,58551,0,0,0,0,0,0,0,0,0,15486,0,110375,0,258560,0,0,3316,3650,7615,42384,0,0,24578,0,0
231,0,2,0,0,0,0,0,2618076,0,0,0,0,1783,24576,0,0,0,0,0,0,0,0,0,0,0,0,0,0,0,0,110898,0,110131,36507,0,5733,2501,5232,3350,0,0,24575,0,24576
231,0,3,0,0,0,0,0,2618076,0,0,0,0,1663,24576,0,0,0,0,0,0,0,0,0,0,0,0,0,0,0,0,73753,0,0,37300,0,2368,957,0,2702,0,0,0,0,24576
231,0,4,0,0,0,0,0,2618076,0,0,0,0,1931,24576,0,0,0,0,0,0,0,0,0,0,0,0,0,0,0,0,73558,0,0,36751,0,2400,0,1020,3113,515506,0,0,0,24576
231,0,5,0,0,0,0,0,2618076,0,0,0,0,1861,24576,0,0,0,0,0,0,0,0,0,0,0,0,0,0,0,0,73884,0,0,36925,16441,3719,0,1,3705,0,0,24575,0,24576
231,0,6,0,0,0,0,0,2618076,0,0,0,0,1904,24576,0,0,0,0,0,0,0,0,0,0,0,0,0,0,0,0,73564,0,0,36722,0,2193,2998,2,2859,0,0,24576,0,24576
231,0,7,0,0,0,0,0,2618076,0,0,0,0,1951,24576,0,0,0,0,0,0,0,0,0,0,0,0,0,0,0,0,36937,0,0,36766,0,1828,1002,0,3766,0,0,0,0,24576
231,0,8,0,0,0,0,0,2618076,0,0,0,0,2043,24576,0,0,0,0,0,0,0,0,0,0,0,0,0,0,0,0,36991,0,0,36907,0,1761,0,910,3804,97848,0,0,0,24576
231,0,9,0,0,0,0,0,2618076,0,0,0,0,1925,24576,0,0,0,0,0,0,0,0,0,0,0,0,0,0,0,0,36751,0,0,36821,10225,1073,0,1,3053,0,0,24576,0,24576
231,0,10,0,0,0,0,0,2618076,0,0,0,0,2047,24576,0,0,0,0,0,0,0,0,0,0,0,0,0,0,0,0,36911,0,0,36981,0,1847,2850,1,3927,0,0,24576,0,24576
231,0,11,0,0,0,0,0,2618076,0,0,0,0,1945,24576,0,0,0,0,0,0,0,0,0,0,0,0,0,0,0,0,0,0,0,36791,0,43,1008,0,3129,0,0,0,0,24576
231,0,12,0,0,0,0,0,2618076,0,0,0,0,1930,24576,0,0,0,0,0,0,0,0,0,0,0,0,0,0,0,0,0,0,0,36737,0,0,0,1023,3130,24576,0,0,0,24576
231,0,13,0,0,0,0,0,2618076,0,0,0,0,2005,24576,0,0,0,0,0,0,0,0,0,0,0,0,0,0,0,0,0,0,0,36977,4831,0,0,1,3891,0,0,24576,0,24576
231,0,14,0,0,0,0,0,2618076,0,0,0,0,1918,24576,0,0,0,0,0,0,0,0,0,0,0,0,0,0,0,0,0,0,0,36817,0,0,1074,1,3030,0,0,0,0,24576
231,0,15,0,0,0,0,0,2618076,0,0,0,0,41,0,0,0,0,0,0,0,0,0,0,0,0,0,0,0,0,0,0,0,0,0,0,0,39,0,96,0,0,0,0,0
232,0,0,0,0,0,0,0,626942,0,0,4100,69632,136,0,0,0,0,0,9828,0,0,0,0,0,0,0,0,4100,4100,0,0,0,69632,69632,0,294,0,136,284,0,0,0,0,12288
232,0,1,0,0,0,0,0,313471,9828,0,0,0,3194,0,0,0,0,0,9828,0,0,0,0,0,0,0,0,0,1,0,0,0,37919,0,0,84,170,2161,6013,0,0,12288,0,0
232,0,2,0,0,0,0,0,313471,0,0,0,0,2152,12288,0,0,0,0,0,0,0,0,0,0,0,0,0,0,0,0,0,0,0,54607,0,249,2086,282,4333,0,0,0,0,12288
232,0,3,0,0,0,0,0,313471,0,0,0,0,47,0,0,0,0,0,0,0,0,0,0,0,0,0,0,0,0,0,0,0,0,0,0,92,45,0,54,0,0,0,0,0
232,0,4,0,0,0,0,0,313471,0,0,0,0,47,0,0,0,0,0,0,0,0,0,0,0,0,0,0,0,0,0,0,0,0,0,0,87,0,45,61,0,0,0,0,0
232,0,5,0,0,0,0,0,313471,0,0,0,0,47,0,0,0,0,0,0,0,0,0,0,0,0,0,0,0,0,0,0,0,0,0,537,148,0,0,109,0,0,0,0,0
232,0,6,0,0,0,0,0,313472,0,0,0,0,47,0,0,0,0,0,0,0,0,0,0,0,0,0,0,0,0,0,0,0,0,0,0,40,98,0,52,0,0,0,0,0
232,0,7,0,0,0,0,0,313471,0,0,0,0,53,0,0,0,0,0,0,0,0,0,0,0,0,0,0,0,0,0,0,0,0,0,0,104,39,0,140,0,0,0,0,0
232,0,8,0,0,0,0,0,313471,0,0,0,0,50,0,0,0,0,0,0,0,0,0,0,0,0,0,0,0,0,0,0,0,0,0,0,52,0,42,107,0,0,0,0,0
232,0,9,0,0,0,0,0,313471,0,0,0,0,47,0,0,0,0,0,0,0,0,0,0,0,0,0,0,0,0,0,0,0,0,0,365,42,0,0,53,0,0,0,0,0
232,0,10,0,0,0,0,0,313471,0,0,0,0,53,0,0,0,0,0,0,0,0,0,0,0,0,0,0,0,0,0,0,0,0,0,0,91,92,0,118,0,0,0,0,0
232,0,11,0,0,0,0,0,313471,0,0,0,0,53,0,0,0,0,0,0,0,0,0,0,0,0,0,0,0,0,0,0,0,0,0,0,40,39,0,94,0,0,0,0,0
232,0,12,0,0,0,0,0,313471,0,0,0,0,47,0,0,0,0,0,0,0,0,0,0,0,0,0,0,0,0,0,0,0,0,0,0,0,0,45,93,0,0,0,0,0
232,0,13,0,0,0,0,0,313471,0,0,0,0,53,0,0,0,0,0,0,0,0,0,0,0,0,0,0,0,0,0,0,0,0,0,178,0,0,0,109,0,0,0,0,0
232,0,14,0,0,0,0,0,313472,0,0,0,0,53,0,0,0,0,0,0,0,0,0,0,0,0,0,0,0,0,0,0,0,0,0,0,0,80,0,60,0,0,0,0,0
232,0,15,0,0,0,0,0,313471,0,0,0,0,41,0,0,0,0,0,0,0,0,0,0,0,0,0,0,0,0,0,0,0,0,0,0,0,39,0,88,0,0,0,0,0
233,0,0,0,0,0,0,0,626981,0,0,4100,69632,136,0,0,0,0,0,9828,0,0,0,0,0,0,0,0,4100,4100,0,0,0,69632,69632,0,294,0,136,284,0,0,0,0,12288
233,0,1,0,0,0,0,0,313491,9828,0,0,0,3187,0,0,0,0,0,9828,0,0,0,0,0,0,0,0,0,1,0,0,0,37920,0,0,76,173,2173,6018,0,0,12288,0,0
233,0,2,0,0,0,0,0,313491,0,0,0,0,2153,12288,0,0,0,0,0,0,0,0,0,0,0,0,0,0,0,0,0,0,0,54606,0,255,2085,267,4331,0,0,0,0,12288
233,0,3,0,0,0,0,0,313491,0,0,0,0,47,0,0,0,0,0,0,0,0,0,0,0,0,0,0,0,0,0,0,0,0,0,0,100,45,0,61,0,0,0,0,0
233,0,4,0,0,0,0,0,313491,0,0,0,0,47,0,0,0,0,0,0,0,0,0,0,0,0,0,0,0,0,0,0,0,0,0,0,87,0,45,70,0,0,0,0,0
233,0,5,0,0,0,0,0,313491,0,0,0,0,47,0,0,0,0,0,0,0,0,0,0,0,0,0,0,0,0,0,0,0,0,0,526,148,0,0,117,0,0,0,0,0
233,0,6,0,0,0,0,0,313490,0,0,0,0,47,0,0,0,0,0,0,0,0,0,0,0,0,0,0,0,0,0,0,0,0,0,0,34,98,0,52,0,0,0,0,0
233,0,7,0,0,0,0,0,313491,0,0,0,0,53,0,0,0,0,0,0,0,0,0,0,0,0,0,0,0,0,0,0,0,0,0,0,104,39,0,132,0,0,0,0,0
233,0,8,0,0,0,0,0,313491,0,0,0,0,50,0,0,0,0,0,0,0,0,0,0,0,0,0,0,0,0,0,0,0,0,0,0,52,0,42,107,0,0,0,0,0
233,0,9,0,0,0,0,0,313491,0,0,0,0,47,0,0,0,0,0,0,0,0,0,0,0,0,0,0,0,0,0,0,0,0,0,376,42,0,0,53,0,0,0,0,0
233,0,10,0,0,0,0,0,313491,0,0,0,0,53,0,0,0,0,0,0,0,0,0,0,0,0,0,0,0,0,0,0,0,0,0,0,89,92,0,126,0,0,0,0,0
233,0,11,0,0,0,0,0,313491,0,0,0,0,53,0,0,0,0,0,0,0,0,0,0,0,0,0,0,0,0,0,0,0,0,0,0,40,39,0,94,0,0,0,0,0
233,0,12,0,0,0,0,0,313491,0,0,0,0,47,0,0,0,0,0,0,0,0,0,0,0,0,0,0,0,0,0,0,0,0,0,0,0,0,45,93,0,0,0,0,0
233,0,13,0,0,0,0,0,313491,0,0,0,0,53,0,0,0,0,0,0,0,0,0,0,0,0,0,0,0,0,0,0,0,0,0,167,0,0,0,109,0,0,0,0,0
233,0,14,0,0,0,0,0,313491,0,0,0,0,53,0,0,0,0,0,0,0,0,0,0,0,0,0,0,0,0,0,0,0,0,0,0,0,91,0,62,0,0,0,0,0
233,0,15,0,0,0,0,0,313491,0,0,0,0,52,0,0,0,0,0,0,0,0,0,0,0,0,0,0,0,0,0,0,0,0,0,0,0,28,0,99,0,0,0,0,0
234,0,0,0,0,0,0,0,626919,0,0,4100,69632,136,0,0,0,0,0,9828,0,0,0,0,0,0,0,0,4100,4100,0,0,0,69632,69632,0,294,0,136,284,0,0,0,0,12288
234,0,1,0,0,0,0,0,313460,9828,0,0,0,3195,0,0,0,0,0,9828,0,0,0,0,0,0,0,0,0,1,0,0,0,37918,0,0,84,170,2160,6015,0,0,12288,0,0
234,0,2,0,0,0,0,0,313460,0,0,0,0,2153,12288,0,0,0,0,0,0,0,0,0,0,0,0,0,0,0,0,0,0,0,54608,0,249,2085,282,4335,0,0,0,0,12288
234,0,3,0,0,0,0,0,313460,0,0,0,0,47,0,0,0,0,0,0,0,0,0,0,0,0,0,0,0,0,0,0,0,0,0,0,92,45,0,54,0,0,0,0,0
234,0,4,0,0,0,0,0,313460,0,0,0,0,47,0,0,0,0,0,0,0,0,0,0,0,0,0,0,0,0,0,0,0,0,0,0,87,0,45,61,0,0,0,0,0
234,0,5,0,0,0,0,0,313460,0,0,0,0,47,0,0,0,0,0,0,0,0,0,0,0,0,0,0,0,0,0,0,0,0,0,537,148,0,0,109,0,0,0,0,0
234,0,6,0,0,0,0,0,313461,0,0,0,0,47,0,0,0,0,0,0,0,0,0,0,0,0,0,0,0,0,0,0,0,0,0,0,40,98,0,52,0,0,0,0,0
234,0,7,0,0,0,0,0,313460,0,0,0,0,53,0,0,0,0,0,0,0,0,0,0,0,0,0,0,0,0,0,0,0,0,0,0,104,39,0,140,0,0,0,0,0
234,0,8,0,0,0,0,0,313460,0,0,0,0,50,0,0,0,0,0,0,0,0,0,0,0,0,0,0,0,0,0,0,0,0,0,0,52,0,42,107,0,0,0,0,0
234,0,9,0,0,0,0,0,313460,0,0,0,0,47,0,0,0,0,0,0,0,0,0,0,0,0,0,0,0,0,0,0,0,0,0,365,42,0,0,53,0,0,0,0,0
234,0,10,0,0,0,0,0,313460,0,0,0,0,53,0,0,0,0,0,0,0,0,0,0,0,0,0,0,0,0,0,0,0,0,0,0,91,92,0,118,0,0,0,0,0
234,0,11,0,0,0,0,0,313460,0,0,0,0,53,0,0,0,0,0,0,0,0,0,0,0,0,0,0,0,0,0,0,0,0,0,0,40,39,0,94,0,0,0,0,0
234,0,12,0,0,0,0,0,313460,0,0,0,0,47,0,0,0,0,0,0,0,0,0,0,0,0,0,0,0,0,0,0,0,0,0,0,0,0,45,93,0,0,0,0,0
234,0,13,0,0,0,0,0,313460,0,0,0,0,53,0,0,0,0,0,0,0,0,0,0,0,0,0,0,0,0,0,0,0,0,0,178,0,0,0,109,0,0,0,0,0
234,0,14,0,0,0,0,0,313460,0,0,0,0,53,0,0,0,0,0,0,0,0,0,0,0,0,0,0,0,0,0,0,0,0,0,0,0,80,0,60,0,0,0,0,0
234,0,15,0,0,0,0,0,313460,0,0,0,0,41,0,0,0,0,0,0,0,0,0,0,0,0,0,0,0,0,0,0,0,0,0,0,0,39,0,88,0,0,0,0,0
235,0,0,0,0,0,0,0,656667,0,0,4104,139264,136,0,0,0,0,0,9840,0,0,0,0,0,0,0,0,4104,4104,0,0,0,139264,139264,0,294,0,136,284,0,0,0,0,24576
235,0,1,0,0,0,0,0,328333,9840,0,0,0,3816,0,0,0,0,0,9840,0,0,0,0,0,0,0,0,0,458,0,0,0,72995,0,0,76,173,1549,6933,0,0,12288,0,0
235,0,2,0,0,0,0,0,328333,0,0,0,0,1758,12288,0,0,0,0,0,0,0,0,0,0,0,0,0,0,0,0,0,0,40504,53462,0,255,1801,1635,3197,0,0,12288,0,12288
235,0,3,0,0,0,0,0,328333,0,0,0,0,1417,12288,0,0,0,0,0,0,0,0,0,0,0,0,0,0,0,0,0,0,0,53476,0,100,726,0,2116,0,0,0,0,12288
235,0,4,0,0,0,0,0,328333,0,0,0,0,47,0,0,0,0,0,0,0,0,0,0,0,0,0,0,0,0,0,0,0,0,0,0,87,0,45,70,0,0,0,0,0
235,0,5,0,0,0,0,0,328333,0,0,0,0,47,0,0,0,0,0,0,0,0,0,0,0,0,0,0,0,0,0,0,0,0,0,526,148,0,0,117,0,0,0,0,0
235,0,6,0,0,0,0,0,328334,0,0,0,0,47,0,0,0,0,0,0,0,0,0,0,0,0,0,0,0,0,0,0,0,0,0,0,34,98,0,52,0,0,0,0,0
235,0,7,0,0,0,0,0,328333,0,0,0,0,53,0,0,0,0,0,0,0,0,0,0,0,0,0,0,0,0,0,0,0,0,0,0,105,39,0,132,0,0,0,0,0
235,0,8,0,0,0,0,0,328333,0,0,0,0,50,0,0,0,0,0,0,0,0,0,0,0,0,0,0,0,0,0,0,0,0,0,0,52,0,42,107,0,0,0,0,0
235,0,9,0,0,0,0,0,328333,0,0,0,0,47,0,0,0,0,0,0,0,0,0,0,0,0,0,0,0,0,0,0,0,0,0,376,42,0,0,53,0,0,0,0,0
235,0,10,0,0,0,0,0,328333,0,0,0,0,53,0,0,0,0,0,0,0,0,0,0,0,0,0,0,0,0,0,0,0,0,0,0,89,92,0,126,0,0,0,0,0
235,0,11,0,0,0,0,0,328333,0,0,0,0,53,0,0,0,0,0,0,0,0,0,0,0,0,0,0,0,0,0,0,0,0,0,0,40,39,0,94,0,0,0,0,0
235,0,12,0,0,0,0,0,328333,0,0,0,0,47,0,0,0,0,0,0,0,0,0,0,0,0,0,0,0,0,0,0,0,0,0,0,0,0,45,93,0,0,0,0,0
235,0,13,0,0,0,0,0,328333,0,0,0,0,53,0,0,0,0,0,0,0,0,0,0,0,0,0,0,0,0,0,0,0,0,0,167,0,0,0,109,0,0,0,0,0
235,0,14,0,0,0,0,0,328334,0,0,0,0,53,0,0,0,0,0,0,0,0,0,0,0,0,0,0,0,0,0,0,0,0,0,0,0,91,0,62,0,0,0,0,0
235,0,15,0,0,0,0,0,328333,0,0,0,0,52,0,0,0,0,0,0,0,0,0,0,0,0,0,0,0,0,0,0,0,0,0,0,0,28,0,100,0,0,0,0,0
236,0,0,0,0,0,0,0,656746,0,0,4104,139264,136,0,0,0,0,0,9840,0,0,0,0,0,0,0,0,4104,4104,0,0,0,139264,139264,0,294,0,136,284,0,0,0,0,24576
236,0,1,0,0,0,0,0,328373,9840,0,0,0,3812,0,0,0,0,0,9840,0,0,0,0,0,0,0,0,0,2,0,0,0,73664,0,0,78,167,1557,6929,0,0,12288,0,0
236,0,2,0,0,0,0,0,328373,0,0,0,0,1755,12288,0,0,0,0,0,0,0,0,0,0,0,0,0,0,0,0,0,0,40960,53248,0,249,1802,1637,3190,0,0,12288,0,12288
236,0,3,0,0,0,0,0,328373,0,0,0,0,1415,12288,0,0,0,0,0,0,0,0,0,0,0,0,0,0,0,0,0,0,0,53248,0,98,728,0,2114,0,0,0,0,12288
236,0,4,0,0,0,0,0,328373,0,0,0,0,47,0,0,0,0,0,0,0,0,0,0,0,0,0,0,0,0,0,0,0,0,0,0,87,0,45,67,0,0,0,0,0
236,0,5,0,0,0,0,0,328373,0,0,0,0,47,0,0,0,0,0,0,0,0,0,0,0,0,0,0,0,0,0,0,0,0,0,525,148,0,0,115,0,0,0,0,0
236,0,6,0,0,0,0,0,328372,0,0,0,0,47,0,0,0,0,0,0,0,0,0,0,0,0,0,0,0,0,0,0,0,0,0,0,40,98,0,52,0,0,0,0,0
236,0,7,0,0,0,0,0,328373,0,0,0,0,53,0,0,0,0,0,0,0,0,0,0,0,0,0,0,0,0,0,0,0,0,0,0,105,39,0,134,0,0,0,0,0
236,0,8,0,0,0,0,0,328373,0,0,0,0,50,0,0,0,0,0,0,0,0,0,0,0,0,0,0,0,0,0,0,0,0,0,0,52,0,42,107,0,0,0,0,0
236,0,9,0,0,0,0,0,328373,0,0,0,0,47,0,0,0,0,0,0,0,0,0,0,0,0,0,0,0,0,0,0,0,0,0,377,42,0,0,53,0,0,0,0,0
236,0,10,0,0,0,0,0,328373,0,0,0,0,53,0,0,0,0,0,0,0,0,0,0,0,0,0,0,0,0,0,0,0,0,0,0,85,92,0,124,0,0,0,0,0
236,0,11,0,0,0,0,0,328373,0,0,0,0,53,0,0,0,0,0,0,0,0,0,0,0,0,0,0,0,0,0,0,0,0,0,0,40,39,0,94,0,0,0,0,0
236,0,12,0,0,0,0,0,328373,0,0,0,0,47,0,0,0,0,0,0,0,0,0,0,0,0,0,0,0,0,0,0,0,0,0,0,0,0,45,93,0,0,0,0,0
236,0,13,0,0,0,0,0,328373,0,0,0,0,53,0,0,0,0,0,0,0,0,0,0,0,0,0,0,0,0,0,0,0,0,0,166,0,0,0,109,0,0,0,0,0
236,0,14,0,0,0,0,0,328373,0,0,0,0,53,0,0,0,0,0,0,0,0,0,0,0,0,0,0,0,0,0,0,0,0,0,0,0,92,0,66,0,0,0,0,0
236,0,15,0,0,0,0,0,328373,0,0,0,0,53,0,0,0,0,0,0,0,0,0,0,0,0,0,0,0,0,0,0,0,0,0,0,0,27,0,101,0,0,0,0,0
237,0,0,0,0,0,0,0,656692,0,0,4104,139264,136,0,0,0,0,0,9838,0,0,0,0,0,0,0,0,4104,4104,0,0,0,139264,139264,0,294,0,136,284,0,0,0,0,24576
237,0,1,0,0,0,0,0,328346,9837,0,0,0,3813,0,0,0,0,0,9837,0,0,0,0,0,0,0,0,0,455,0,0,0,72997,0,0,80,166,1555,6929,0,0,12288,0,0
237,0,2,0,0,0,0,0,328346,0,0,0,0,1756,12288,0,0,0,0,0,0,0,0,0,0,0,0,0,0,0,0,0,0,40506,53460,0,249,1803,1637,3193,0,0,12288,0,12288
237,0,3,0,0,0,0,0,328346,0,0,0,0,1417,12288,0,0,0,0,0,0,0,0,0,0,0,0,0,0,0,0,0,0,0,53475,0,96,726,0,2118,0,0,0,0,12288
237,0,4,0,0,0,0,0,328346,0,0,0,0,47,0,0,0,0,0,0,0,0,0,0,0,0,0,0,0,0,0,0,0,0,0,0,87,0,45,65,0,0,0,0,0
237,0,5,0,0,0,0,0,328346,0,0,0,0,47,0,0,0,0,0,0,0,0,0,0,0,0,0,0,0,0,0,0,0,0,0,525,148,0,0,113,0,0,0,0,0
237,0,6,0,0,0,0,0,328347,0,0,0,0,47,0,0,0,0,0,0,0,0,0,0,0,0,0,0,0,0,0,0,0,0,0,0,40,98,0,52,0,0,0,0,0
237,0,7,0,0,0,0,0,328346,0,0,0,0,53,0,0,0,0,0,0,0,0,0,0,0,0,0,0,0,0,0,0,0,0,0,0,105,39,0,136,0,0,0,0,0
237,0,8,0,0,0,0,0,328346,0,0,0,0,50,0,0,0,0,0,0,0,0,0,0,0,0,0,0,0,0,0,0,0,0,0,0,52,0,42,107,0,0,0,0,0
237,0,9,0,0,0,0,0,328346,0,0,0,0,47,0,0,0,0,0,0,0,0,0,0,0,0,0,0,0,0,0,0,0,0,0,377,42,0,0,53,0,0,0,0,0
237,0,10,0,0,0,0,0,328346,0,0,0,0,53,0,0,0,0,0,0,0,0,0,0,0,0,0,0,0,0,0,0,0,0,0,0,87,92,0,122,0,0,0,0,0
237,0,11,0,0,0,0,0,328346,0,0,0,0,53,0,0,0,0,0,0,0,0,0,0,0,0,0,0,0,0,0,0,0,0,0,0,40,39,0,94,0,0,0,0,0
237,0,12,0,0,0,0,0,328346,0,0,0,0,47,0,0,0,0,0,0,0,0,0,0,0,0,0,0,0,0,0,0,0,0,0,0,0,0,45,93,0,0,0,0,0
237,0,13,0,0,0,0,0,328346,0,0,0,0,53,0,0,0,0,0,0,0,0,0,0,0,0,0,0,0,0,0,0,0,0,0,166,0,0,0,109,0,0,0,0,0
237,0,14,0,0,0,0,0,328346,0,0,0,0,53,0,0,0,0,0,0,0,0,0,0,0,0,0,0,0,0,0,0,0,0,0,0,0,92,0,64,0,0,0,0,0
237,0,15,0,0,0,0,0,328346,0,0,0,0,53,0,0,0,0,0,0,0,0,0,0,0,0,0,0,0,0,0,0,0,0,0,0,0,27,0,101,0,0,0,0,0
238,0,0,0,0,0,0,0,1038347,0,0,6674,278528,136,0,0,0,0,0,13704,0,0,0,0,0,0,0,0,6674,6674,0,75429,0,208896,278528,0,1963,0,136,284,0,0,0,0,49152
238,0,1,0,0,0,0,0,519173,13704,0,0,0,5701,0,0,0,0,0,13704,0,0,0,0,0,0,0,0,0,3276,0,36894,0,71181,0,0,548,670,1267,9774,0,0,12288,0,0
238,0,2,0,0,0,0,0,519173,0,0,0,0,1191,12288,0,0,0,0,0,0,0,0,0,0,0,0,0,0,0,0,0,0,36123,55633,0,249,1758,1536,2251,0,0,12288,0,12288
238,0,3,0,0,0,0,0,519173,0,0,0,0,1191,12288,0,0,0,0,0,0,0,0,0,0,0,0,0,0,0,0,0,0,0,55582,0,95,570,0,1612,0,0,0,0,12288
238,0,4,0,0,0,0,0,519173,0,0,0,0,1189,12288,0,0,0,0,0,0,0,0,0,0,0,0,0,0,0,0,0,0,0,55558,0,87,0,570,1710,12288,0,0,0,12288
238,0,5,0,0,0,0,0,519173,0,0,0,0,1203,12288,0,0,0,0,0,0,0,0,0,0,0,0,0,0,0,0,0,0,0,56168,2179,148,0,1,2470,0,0,0,0,12288
238,0,6,0,0,0,0,0,519174,0,0,0,0,47,0,0,0,0,0,0,0,0,0,0,0,0,0,0,0,0,0,0,0,0,0,0,40,98,1,52,0,0,0,0,0
238,0,7,0,0,0,0,0,519173,0,0,0,0,53,0,0,0,0,0,0,0,0,0,0,0,0,0,0,0,0,0,0,0,0,0,0,106,39,0,137,0,0,0,0,0
238,0,8,0,0,0,0,0,519173,0,0,0,0,50,0,0,0,0,0,0,0,0,0,0,0,0,0,0,0,0,0,0,0,0,0,0,52,0,42,107,0,0,0,0,0
238,0,9,0,0,0,0,0,519173,0,0,0,0,47,0,0,0,0,0,0,0,0,0,0,0,0,0,0,0,0,0,0,0,0,0,375,42,0,0,53,0,0,0,0,0
238,0,10,0,0,0,0,0,519173,0,0,0,0,53,0,0,0,0,0,0,0,0,0,0,0,0,0,0,0,0,0,0,0,0,0,0,88,92,0,121,0,0,0,0,0
238,0,11,0,0,0,0,0,519173,0,0,0,0,53,0,0,0,0,0,0,0,0,0,0,0,0,0,0,0,0,0,0,0,0,0,0,41,39,0,94,0,0,0,0,0
238,0,12,0,0,0,0,0,519173,0,0,0,0,47,0,0,0,0,0,0,0,0,0,0,0,0,0,0,0,0,0,0,0,0,0,0,0,0,45,93,0,0,0,0,0
238,0,13,0,0,0,0,0,519173,0,0,0,0,53,0,0,0,0,0,0,0,0,0,0,0,0,0,0,0,0,0,0,0,0,0,168,0,0,0,109,0,0,0,0,0
238,0,14,0,0,0,0,0,519174,0,0,0,0,53,0,0,0,0,0,0,0,0,0,0,0,0,0,0,0,0,0,0,0,0,0,0,0,90,0,63,0,0,0,0,0
238,0,15,0,0,0,0,0,519173,0,0,0,0,51,0,0,0,0,0,0,0,0,0,0,0,0,0,0,0,0,0,0,0,0,0,0,0,29,0,100,0,0,0,0,0
239,0,0,0,0,0,0,0,1038455,0,0,6672,278528,136,0,0,0,0,0,13704,0,0,0,0,0,0,0,0,6672,6672,0,76020,0,208896,278528,0,1963,0,136,284,0,0,0,0,49152
239,0,1,0,0,0,0,0,519228,13704,0,0,0,5708,0,0,0,0,0,13704,0,0,0,0,0,0,0,0,0,3270,0,38191,0,72397,0,0,595,674,1207,9940,0,0,12289,0,0
239,0,2,0,0,0,0,0,519228,0,0,0,0,1198,12288,0,0,0,0,0,0,0,0,0,0,0,0,0,0,0,0,0,0,38106,55727,0,249,1764,1487,2365,0,0,12287,0,12288
239,0,3,0,0,0,0,0,519228,0,0,0,0,1203,12288,0,0,0,0,0,0,0,0,0,0,0,0,0,0,0,0,0,0,0,53740,0,96,555,0,1671,0,0,0,0,12288
239,0,4,0,0,0,0,0,519228,0,0,0,0,1020,12288,0,0,0,0,0,0,0,0,0,0,0,0,0,0,0,0,0,0,0,54859,0,87,0,739,1546,12288,0,0,0,12288
239,0,5,0,0,0,0,0,519228,0,0,0,0,1201,12288,0,0,0,0,0,0,0,0,0,0,0,0,0,0,0,0,0,0,0,55321,2012,148,0,1,2421,0,0,0,0,12288
239,0,6,0,0,0,0,0,519227,0,0,0,0,47,0,0,0,0,0,0,0,0,0,0,0,0,0,0,0,0,0,0,0,0,0,0,40,98,1,52,0,0,0,0,0
239,0,7,0,0,0,0,0,519228,0,0,0,0,53,0,0,0,0,0,0,0,0,0,0,0,0,0,0,0,0,0,0,0,0,0,0,105,39,0,137,0,0,0,0,0
239,0,8,0,0,0,0,0,519228,0,0,0,0,50,0,0,0,0,0,0,0,0,0,0,0,0,0,0,0,0,0,0,0,0,0,0,52,0,42,107,0,0,0,0,0
239,0,9,0,0,0,0,0,519228,0,0,0,0,47,0,0,0,0,0,0,0,0,0,0,0,0,0,0,0,0,0,0,0,0,0,375,42,0,0,53,0,0,0,0,0
239,0,10,0,0,0,0,0,519228,0,0,0,0,53,0,0,0,0,0,0,0,0,0,0,0,0,0,0,0,0,0,0,0,0,0,0,88,92,0,121,0,0,0,0,0
239,0,11,0,0,0,0,0,519228,0,0,0,0,53,0,0,0,0,0,0,0,0,0,0,0,0,0,0,0,0,0,0,0,0,0,0,42,39,0,94,0,0,0,0,0
239,0,12,0,0,0,0,0,519228,0,0,0,0,47,0,0,0,0,0,0,0,0,0,0,0,0,0,0,0,0,0,0,0,0,0,0,0,0,45,93,0,0,0,0,0
239,0,13,0,0,0,0,0,519228,0,0,0,0,53,0,0,0,0,0,0,0,0,0,0,0,0,0,0,0,0,0,0,0,0,0,168,0,0,0,109,0,0,0,0,0
239,0,14,0,0,0,0,0,519228,0,0,0,0,53,0,0,0,0,0,0,0,0,0,0,0,0,0,0,0,0,0,0,0,0,0,0,0,90,0,63,0,0,0,0,0
239,0,15,0,0,0,0,0,519228,0,0,0,0,51,0,0,0,0,0,0,0,0,0,0,0,0,0,0,0,0,0,0,0,0,0,0,0,29,0,99,0,0,0,0,0
240,0,0,0,0,0,0,0,1038444,0,0,6670,278528,136,0,0,0,0,0,13701,0,0,0,0,0,0,0,0,6670,6670,0,76079,0,208896,278528,0,1963,0,136,284,0,0,0,0,49152
240,0,1,0,0,0,0,0,519222,13701,0,0,0,5525,0,0,0,0,0,13701,0,0,0,0,0,0,0,0,0,3098,0,36099,0,73565,0,0,711,740,1206,9765,0,0,12288,0,0
240,0,2,0,0,0,0,0,519222,0,0,0,0,1377,12288,0,0,0,0,0,0,0,0,0,0,0,0,0,0,0,0,0,0,35653,54744,0,249,1575,1434,2599,0,0,12288,0,12288
240,0,3,0,0,0,0,0,519222,0,0,0,0,1195,12288,0,0,0,0,0,0,0,0,0,0,0,0,0,0,0,0,0,0,0,56021,0,94,564,0,1717,0,0,0,0,12288
240,0,4,0,0,0,0,0,519222,0,0,0,0,1199,12288,0,0,0,0,0,0,0,0,0,0,0,0,0,0,0,0,0,0,0,54624,0,87,0,560,1791,12288,0,0,0,12288
240,0,5,0,0,0,0,0,519222,0,0,0,0,1199,12288,0,0,0,0,0,0,0,0,0,0,0,0,0,0,0,0,0,0,0,56715,2191,148,0,1,2301,0,0,0,0,12288
240,0,6,0,0,0,0,0,519223,0,0,0,0,47,0,0,0,0,0,0,0,0,0,0,0,0,0,0,0,0,0,0,0,0,0,0,40,98,1,52,0,0,0,0,0
240,0,7,0,0,0,0,0,519222,0,0,0,0,53,0,0,0,0,0,0,0,0,0,0,0,0,0,0,0,0,0,0,0,0,0,0,107,39,0,137,0,0,0,0,0
240,0,8,0,0,0,0,0,519222,0,0,0,0,50,0,0,0,0,0,0,0,0,0,0,0,0,0,0,0,0,0,0,0,0,0,0,52,0,42,107,0,0,0,0,0
240,0,9,0,0,0,0,0,519222,0,0,0,0,47,0,0,0,0,0,0,0,0,0,0,0,0,0,0,0,0,0,0,0,0,0,375,42,0,0,53,0,0,0,0,0
240,0,10,0,0,0,0,0,519222,0,0,0,0,53,0,0,0,0,0,0,0,0,0,0,0,0,0,0,0,0,0,0,0,0,0,0,88,92,0,121,0,0,0,0,0
240,0,11,0,0,0,0,0,519222,0,0,0,0,53,0,0,0,0,0,0,0,0,0,0,0,0,0,0,0,0,0,0,0,0,0,0,40,39,0,94,0,0,0,0,0
240,0,12,0,0,0,0,0,519222,0,0,0,0,47,0,0,0,0,0,0,0,0,0,0,0,0,0,0,0,0,0,0,0,0,0,0,0,0,45,93,0,0,0,0,0
240,0,13,0,0,0,0,0,519222,0,0,0,0,53,0,0,0,0,0,0,0,0,0,0,0,0,0,0,0,0,0,0,0,0,0,168,0,0,0,109,0,0,0,0,0
240,0,14,0,0,0,0,0,519222,0,0,0,0,53,0,0,0,0,0,0,0,0,0,0,0,0,0,0,0,0,0,0,0,0,0,0,0,90,0,63,0,0,0,0,0
240,0,15,0,0,0,0,0,519222,0,0,0,0,51,0,0,0,0,0,0,0,0,0,0,0,0,0,0,0,0,0,0,0,0,0,0,0,29,0,101,0,0,0,0,0
241,0,0,0,0,0,0,0,1528131,0,0,10044,417792,136,0,0,0,0,0,18774,0,0,0,0,0,0,0,0,10044,10044,0,75920,0,348160,417792,0,1969,0,136,284,0,0,0,0,73728
241,0,1,0,0,0,0,0,764066,18774,0,0,0,6884,0,0,0,0,0,18774,0,0,0,0,0,0,0,0,0,5422,0,37879,0,141826,0,0,884,925,2865,12469,0,0,12288,0,0
241,0,2,0,0,0,0,0,764066,0,0,0,0,1073,12288,0,0,0,0,0,0,0,0,0,0,0,0,0,0,0,0,37041,0,72013,54997,0,1122,1937,2266,2292,0,0,12288,0,12288
241,0,3,0,0,0,0,0,764066,0,0,0,0,1245,12288,0,0,0,0,0,0,0,0,0,0,0,0,0,0,0,0,35059,0,0,55008,0,844,519,0,1867,0,0,0,0,12288
241,0,4,0,0,0,0,0,764066,0,0,0,0,1061,12288,0,0,0,0,0,0,0,0,0,0,0,0,0,0,0,0,0,0,0,54960,0,87,0,704,1839,24576,0,0,0,12288
241,0,5,0,0,0,0,0,764066,0,0,0,0,1069,12288,0,0,0,0,0,0,0,0,0,0,0,0,0,0,0,0,0,0,0,55447,3854,151,0,1,2003,0,0,12288,0,12288
241,0,6,0,0,0,0,0,764066,0,0,0,0,1071,12288,0,0,0,0,0,0,0,0,0,0,0,0,0,0,0,0,0,0,0,55248,0,28,1778,1,1890,0,0,12288,0,12288
241,0,7,0,0,0,0,0,764066,0,0,0,0,1084,12288,0,0,0,0,0,0,0,0,0,0,0,0,0,0,0,0,0,0,0,53248,0,105,680,0,2097,0,0,0,0,12288
241,0,8,0,0,0,0,0,764066,0,0,0,0,50,0,0,0,0,0,0,0,0,0,0,0,0,0,0,0,0,0,0,0,0,0,0,52,0,42,107,0,0,0,0,0
241,0,9,0,0,0,0,0,764066,0,0,0,0,48,0,0,0,0,0,0,0,0,0,0,0,0,0,0,0,0,0,0,0,0,0,376,40,0,0,53,0,0,0,0,0
241,0,10,0,0,0,0,0,764066,0,0,0,0,52,0,0,0,0,0,0,0,0,0,0,0,0,0,0,0,0,0,0,0,0,0,0,90,88,0,130,0,0,0,0,0
241,0,11,0,0,0,0,0,764066,0,0,0,0,48,0,0,0,0,0,0,0,0,0,0,0,0,0,0,0,0,0,0,0,0,0,0,39,44,0,94,0,0,0,0,0
241,0,12,0,0,0,0,0,764066,0,0,0,0,49,0,0,0,0,0,0,0,0,0,0,0,0,0,0,0,0,0,0,0,0,0,0,0,0,43,95,0,0,0,0,0
241,0,13,0,0,0,0,0,764066,0,0,0,0,55,0,0,0,0,0,0,0,0,0,0,0,0,0,0,0,0,0,0,0,0,0,170,0,0,0,113,0,0,0,0,0
241,0,14,0,0,0,0,0,764067,0,0,0,0,52,0,0,0,0,0,0,0,0,0,0,0,0,0,0,0,0,0,0,0,0,0,0,0,88,0,60,0,0,0,0,0
241,0,15,0,0,0,0,0,764066,0,0,0,0,48,0,0,0,0,0,0,0,0,0,0,0,0,0,0,0,0,0,0,0,0,0,0,0,32,0,101,0,0,0,0,0
242,0,0,0,0,0,0,0,1528241,0,0,10044,417792,136,0,0,0,0,0,18774,0,0,0,0,0,0,0,0,10044,10044,0,75336,0,348160,417792,0,1969,0,136,284,0,0,0,0,73728
242,0,1,0,0,0,0,0,764121,18774,0,0,0,6638,0,0,0,0,0,18774,0,0,0,0,0,0,0,0,0,4551,0,36785,0,141220,0,0,883,911,3126,12386,0,0,12288,0,0
242,0,2,0,0,0,0,0,764121,0,0,0,0,1084,12288,0,0,0,0,0,0,0,0,0,0,0,0,0,0,0,0,36493,0,71773,55225,0,1171,1780,2112,2148,0,0,12288,0,12288
242,0,3,0,0,0,0,0,764121,0,0,0,0,1101,12288,0,0,0,0,0,0,0,0,0,0,0,0,0,0,0,0,35085,0,0,55115,0,783,664,0,1937,0,0,0,0,12288
242,0,4,0,0,0,0,0,764121,0,0,0,0,1087,12288,0,0,0,0,0,0,0,0,0,0,0,0,0,0,0,0,0,0,0,55544,0,87,0,678,1851,24576,0,0,0,12288
242,0,5,0,0,0,0,0,764121,0,0,0,0,1085,12288,0,0,0,0,0,0,0,0,0,0,0,0,0,0,0,0,0,0,0,56264,3848,150,0,1,2021,0,0,12288,0,12288
242,0,6,0,0,0,0,0,764120,0,0,0,0,1075,12288,0,0,0,0,0,0,0,0,0,0,0,0,0,0,0,0,0,0,0,55334,0,39,1792,1,1834,0,0,12288,0,12288
242,0,7,0,0,0,0,0,764121,0,0,0,0,1102,12288,0,0,0,0,0,0,0,0,0,0,0,0,0,0,0,0,0,0,0,53158,0,112,662,0,2169,0,0,0,0,12288
242,0,8,0,0,0,0,0,764121,0,0,0,0,51,0,0,0,0,0,0,0,0,0,0,0,0,0,0,0,0,0,0,0,0,0,0,52,0,41,108,0,0,0,0,0
242,0,9,0,0,0,0,0,764121,0,0,0,0,48,0,0,0,0,0,0,0,0,0,0,0,0,0,0,0,0,0,0,0,0,0,378,41,0,0,53,0,0,0,0,0
242,0,10,0,0,0,0,0,764121,0,0,0,0,52,0,0,0,0,0,0,0,0,0,0,0,0,0,0,0,0,0,0,0,0,0,0,85,92,0,124,0,0,0,0,0
242,0,11,0,0,0,0,0,764121,0,0,0,0,52,0,0,0,0,0,0,0,0,0,0,0,0,0,0,0,0,0,0,0,0,0,0,37,40,0,93,0,0,0,0,0
242,0,12,0,0,0,0,0,764121,0,0,0,0,46,0,0,0,0,0,0,0,0,0,0,0,0,0,0,0,0,0,0,0,0,0,0,0,0,46,92,0,0,0,0,0
242,0,13,0,0,0,0,0,764121,0,0,0,0,53,0,0,0,0,0,0,0,0,0,0,0,0,0,0,0,0,0,0,0,0,0,165,0,0,0,110,0,0,0,0,0
242,0,14,0,0,0,0,0,764121,0,0,0,0,52,0,0,0,0,0,0,0,0,0,0,0,0,0,0,0,0,0,0,0,0,0,0,0,92,0,65,0,0,0,0,0
242,0,15,0,0,0,0,0,764121,0,0,0,0,52,0,0,0,0,0,0,0,0,0,0,0,0,0,0,0,0,0,0,0,0,0,0,0,28,0,107,0,0,0,0,0
243,0,0,0,0,0,0,0,1528309,0,0,10044,417792,136,0,0,0,0,0,18771,0,0,0,0,0,0,0,0,10044,10044,0,75458,0,348160,417792,0,1969,0,136,284,0,0,0,0,73728
243,0,1,0,0,0,0,0,764154,18771,0,0,0,6911,0,0,0,0,0,18771,0,0,0,0,0,0,0,0,0,5457,0,36970,0,141331,0,0,882,915,2850,12503,0,0,12288,0,0
243,0,2,0,0,0,0,0,764154,0,0,0,0,1084,12288,0,0,0,0,0,0,0,0,0,0,0,0,0,0,0,0,37031,0,70883,55538,0,1120,1936,2274,2312,0,0,12288,0,12288
243,0,3,0,0,0,0,0,764154,0,0,0,0,1256,12288,0,0,0,0,0,0,0,0,0,0,0,0,0,0,0,0,35052,0,0,55575,0,841,509,0,1872,0,0,0,0,12288
243,0,4,0,0,0,0,0,764154,0,0,0,0,1069,12288,0,0,0,0,0,0,0,0,0,0,0,0,0,0,0,0,0,0,0,55461,0,82,0,696,1840,24576,0,0,0,12288
243,0,5,0,0,0,0,0,764154,0,0,0,0,1070,12288,0,0,0,0,0,0,0,0,0,0,0,0,0,0,0,0,0,0,0,56107,3848,149,0,1,2008,0,0,12288,0,12288
243,0,6,0,0,0,0,0,764153,0,0,0,0,1061,12288,0,0,0,0,0,0,0,0,0,0,0,0,0,0,0,0,0,0,0,55255,0,35,1802,1,1875,0,0,12288,0,12288
243,0,7,0,0,0,0,0,764154,0,0,0,0,1098,12288,0,0,0,0,0,0,0,0,0,0,0,0,0,0,0,0,0,0,0,53248,0,107,666,0,2112,0,0,0,0,12288
243,0,8,0,0,0,0,0,764154,0,0,0,0,50,0,0,0,0,0,0,0,0,0,0,0,0,0,0,0,0,0,0,0,0,0,0,57,0,42,107,0,0,0,0,0
243,0,9,0,0,0,0,0,764154,0,0,0,0,47,0,0,0,0,0,0,0,0,0,0,0,0,0,0,0,0,0,0,0,0,0,365,41,0,0,53,0,0,0,0,0
243,0,10,0,0,0,0,0,764154,0,0,0,0,54,0,0,0,0,0,0,0,0,0,0,0,0,0,0,0,0,0,0,0,0,0,0,88,92,0,127,0,0,0,0,0
243,0,11,0,0,0,0,0,764154,0,0,0,0,54,0,0,0,0,0,0,0,0,0,0,0,0,0,0,0,0,0,0,0,0,0,0,42,38,0,95,0,0,0,0,0
243,0,12,0,0,0,0,0,764154,0,0,0,0,54,0,0,0,0,0,0,0,0,0,0,0,0,0,0,0,0,0,0,0,0,0,0,0,0,38,95,0,0,0,0,0
243,0,13,0,0,0,0,0,764154,0,0,0,0,51,0,0,0,0,0,0,0,0,0,0,0,0,0,0,0,0,0,0,0,0,0,178,0,0,0,108,0,0,0,0,0
243,0,14,0,0,0,0,0,764154,0,0,0,0,54,0,0,0,0,0,0,0,0,0,0,0,0,0,0,0,0,0,0,0,0,0,0,0,89,0,64,0,0,0,0,0
243,0,15,0,0,0,0,0,764154,0,0,0,0,51,0,0,0,0,0,0,0,0,0,0,0,0,0,0,0,0,0,0,0,0,0,0,0,29,0,101,0,0,0,0,0
244,0,0,0,0,0,0,0,2005079,0,0,13454,557056,136,0,0,0,0,0,23901,0,0,0,0,0,0,0,0,13454,13454,0,145458,0,417792,557056,0,3660,0,136,284,0,0,0,0,98304
244,0,1,0,0,0,0,0,1002539,23901,0,0,0,8583,0,0,0,0,0,23901,0,0,0,0,0,0,0,0,0,6501,0,72059,0,141642,0,0,1597,1708,3082,15878,0,0,12288,0,0
244,0,2,0,0,0,0,0,1002539,0,0,0,0,1094,12288,0,0,0,0,0,0,0,0,0,0,0,0,0,0,0,0,37075,0,71529,55127,0,1183,1827,2206,2125,0,0,12288,0,12288
244,0,3,0,0,0,0,0,1002539,0,0,0,0,1151,12288,0,0,0,0,0,0,0,0,0,0,0,0,0,0,0,0,34877,0,0,55395,0,784,622,0,1908,0,0,0,0,12288
244,0,4,0,0,0,0,0,1002539,0,0,0,0,1152,12288,0,0,0,0,0,0,0,0,0,0,0,0,0,0,0,0,36428,0,0,55063,0,849,0,621,1951,36864,0,0,0,12288
244,0,5,0,0,0,0,0,1002539,0,0,0,0,1138,12288,0,0,0,0,0,0,0,0,0,0,0,0,0,0,0,0,36995,0,0,55878,5660,1071,0,1,2130,0,0,12288,0,12288
244,0,6,0,0,0,0,0,1002539,0,0,0,0,1148,12288,0,0,0,0,0,0,0,0,0,0,0,0,0,0,0,0,0,0,0,55096,0,39,1728,1,1903,0,0,12288,0,12288
244,0,7,0,0,0,0,0,1002539,0,0,0,0,1103,12288,0,0,0,0,0,0,0,0,0,0,0,0,0,0,0,0,0,0,0,53229,0,111,669,0,2178,0,0,0,0,12288
244,0,8,0,0,0,0,0,1002539,0,0,0,0,1111,12288,0,0,0,0,0,0,0,0,0,0,0,0,0,0,0,0,0,0,0,51554,0,52,0,662,2089,12288,0,0,0,12288
244,0,9,0,0,0,0,0,1002539,0,0,0,0,1140,12288,0,0,0,0,0,0,0,0,0,0,0,0,0,0,0,0,0,0,0,55243,2026,41,0,1,1907,0,0,0,0,12288
244,0,10,0,0,0,0,0,1002539,0,0,0,0,52,0,0,0,0,0,0,0,0,0,0,0,0,0,0,0,0,0,0,0,0,0,0,85,93,1,124,0,0,0,0,0
244,0,11,0,0,0,0,0,1002539,0,0,0,0,53,0,0,0,0,0,0,0,0,0,0,0,0,0,0,0,0,0,0,0,0,0,0,39,39,0,94,0,0,0,0,0
244,0,12,0,0,0,0,0,1002539,0,0,0,0,46,0,0,0,0,0,0,0,0,0,0,0,0,0,0,0,0,0,0,0,0,0,0,0,0,46,92,0,0,0,0,0
244,0,13,0,0,0,0,0,1002539,0,0,0,0,53,0,0,0,0,0,0,0,0,0,0,0,0,0,0,0,0,0,0,0,0,0,164,0,0,0,110,0,0,0,0,0
244,0,14,0,0,0,0,0,1002540,0,0,0,0,52,0,0,0,0,0,0,0,0,0,0,0,0,0,0,0,0,0,0,0,0,0,0,0,93,0,65,0,0,0,0,0
244,0,15,0,0,0,0,0,1002539,0,0,0,0,53,0,0,0,0,0,0,0,0,0,0,0,0,0,0,0,0,0,0,0,0,0,0,0,27,0,108,0,0,0,0,0
245,0,0,0,0,0,0,0,2004965,0,0,13454,557056,136,0,0,0,0,0,23901,0,0,0,0,0,0,0,0,13454,13454,0,145457,0,417792,557056,0,3660,0,136,284,0,0,0,0,98304
245,0,1,0,0,0,0,0,1002483,23901,0,0,0,8593,0,0,0,0,0,23901,0,0,0,0,0,0,0,0,0,6501,0,72052,0,141652,0,0,1592,1708,3077,15867,0,0,12288,0,0
245,0,2,0,0,0,0,0,1002483,0,0,0,0,1093,12288,0,0,0,0,0,0,0,0,0,0,0,0,0,0,0,0,37076,0,71520,55126,0,1184,1830,2202,2132,0,0,12288,0,12288
245,0,3,0,0,0,0,0,1002483,0,0,0,0,1153,12288,0,0,0,0,0,0,0,0,0,0,0,0,0,0,0,0,34879,0,0,55399,0,789,620,0,1909,0,0,0,0,12288
245,0,4,0,0,0,0,0,1002483,0,0,0,0,1154,12288,0,0,0,0,0,0,0,0,0,0,0,0,0,0,0,0,36425,0,0,55065,0,844,0,619,1957,36864,0,0,0,12288
245,0,5,0,0,0,0,0,1002483,0,0,0,0,1137,12288,0,0,0,0,0,0,0,0,0,0,0,0,0,0,0,0,37002,0,0,55884,5678,1072,0,1,2133,0,0,12288,0,12288
245,0,6,0,0,0,0,0,1002483,0,0,0,0,1148,12288,0,0,0,0,0,0,0,0,0,0,0,0,0,0,0,0,0,0,0,55097,0,35,1729,1,1906,0,0,12288,0,12288
245,0,7,0,0,0,0,0,1002483,0,0,0,0,1104,12288,0,0,0,0,0,0,0,0,0,0,0,0,0,0,0,0,0,0,0,53227,0,107,668,0,2178,0,0,0,0,12288
245,0,8,0,0,0,0,0,1002483,0,0,0,0,1114,12288,0,0,0,0,0,0,0,0,0,0,0,0,0,0,0,0,0,0,0,51554,0,57,0,659,2092,12288,0,0,0,12288
245,0,9,0,0,0,0,0,1002483,0,0,0,0,1142,12288,0,0,0,0,0,0,0,0,0,0,0,0,0,0,0,0,0,0,0,55240,2010,41,0,1,1908,0,0,0,0,12288
245,0,10,0,0,0,0,0,1002483,0,0,0,0,54,0,0,0,0,0,0,0,0,0,0,0,0,0,0,0,0,0,0,0,0,0,0,88,92,1,127,0,0,0,0,0
245,0,11,0,0,0,0,0,1002483,0,0,0,0,54,0,0,0,0,0,0,0,0,0,0,0,0,0,0,0,0,0,0,0,0,0,0,43,38,0,95,0,0,0,0,0
245,0,12,0,0,0,0,0,1002483,0,0,0,0,56,0,0,0,0,0,0,0,0,0,0,0,0,0,0,0,0,0,0,0,0,0,0,0,0,36,97,0,0,0,0,0
245,0,13,0,0,0,0,0,1002483,0,0,0,0,52,0,0,0,0,0,0,0,0,0,0,0,0,0,0,0,0,0,0,0,0,0,182,0,0,0,109,0,0,0,0,0
245,0,14,0,0,0,0,0,1002483,0,0,0,0,55,0,0,0,0,0,0,0,0,0,0,0,0,0,0,0,0,0,0,0,0,0,0,0,86,0,65,0,0,0,0,0
245,0,15,0,0,0,0,0,1002483,0,0,0,0,49,0,0,0,0,0,0,0,0,0,0,0,0,0,0,0,0,0,0,0,0,0,0,0,31,0,100,0,0,0,0,0
246,0,0,0,0,0,0,0,2004360,0,0,13456,557056,136,0,0,0,0,0,23901,0,0,0,0,0,0,0,0,13456,13456,0,145373,0,417792,557056,0,3660,0,136,284,0,0,0,0,98304
246,0,1,0,0,0,0,0,1002180,23901,0,0,0,8579,0,0,0,0,0,23901,0,0,0,0,0,0,0,0,0,6440,0,73940,0,141072,0,0,1565,1748,3080,15930,0,0,12288,0,0
246,0,2,0,0,0,0,0,1002180,0,0,0,0,1107,12288,0,0,0,0,0,0,0,0,0,0,0,0,0,0,0,0,37092,0,71333,55421,0,1204,1809,2204,2123,0,0,12288,0,12288
246,0,3,0,0,0,0,0,1002180,0,0,0,0,1144,12288,0,0,0,0,0,0,0,0,0,0,0,0,0,0,0,0,34863,0,0,55449,0,783,629,0,1904,0,0,0,0,12288
246,0,4,0,0,0,0,0,1002180,0,0,0,0,1150,12288,0,0,0,0,0,0,0,0,0,0,0,0,0,0,0,0,34907,0,0,55164,0,853,0,623,1983,36864,0,0,0,12288
246,0,5,0,0,0,0,0,1002180,0,0,0,0,1137,12288,0,0,0,0,0,0,0,0,0,0,0,0,0,0,0,0,38682,0,0,55695,5624,1077,0,1,2155,0,0,12288,0,12288
246,0,6,0,0,0,0,0,1002179,0,0,0,0,1139,12288,0,0,0,0,0,0,0,0,0,0,0,0,0,0,0,0,0,0,0,55089,0,12,1742,1,1900,0,0,12288,0,12288
246,0,7,0,0,0,0,0,1002180,0,0,0,0,1108,12288,0,0,0,0,0,0,0,0,0,0,0,0,0,0,0,0,0,0,0,53230,0,138,664,0,2157,0,0,0,0,12288
246,0,8,0,0,0,0,0,1002180,0,0,0,0,1123,12288,0,0,0,0,0,0,0,0,0,0,0,0,0,0,0,0,0,0,0,53095,0,53,0,650,2096,12288,0,0,0,12288
246,0,9,0,0,0,0,0,1002180,0,0,0,0,1128,12288,0,0,0,0,0,0,0,0,0,0,0,0,0,0,0,0,0,0,0,53573,2047,38,0,1,1892,0,0,0,0,12288
246,0,10,0,0,0,0,0,1002180,0,0,0,0,50,0,0,0,0,0,0,0,0,0,0,0,0,0,0,0,0,0,0,0,0,0,0,88,89,1,146,0,0,0,0,0
246,0,11,0,0,0,0,0,1002180,0,0,0,0,47,0,0,0,0,0,0,0,0,0,0,0,0,0,0,0,0,0,0,0,0,0,0,7,45,0,93,0,0,0,0,0
246,0,12,0,0,0,0,0,1002180,0,0,0,0,46,0,0,0,0,0,0,0,0,0,0,0,0,0,0,0,0,0,0,0,0,0,0,0,0,46,91,0,0,0,0,0
246,0,13,0,0,0,0,0,1002180,0,0,0,0,52,0,0,0,0,0,0,0,0,0,0,0,0,0,0,0,0,0,0,0,0,0,171,0,0,0,112,0,0,0,0,0
246,0,14,0,0,0,0,0,1002180,0,0,0,0,46,0,0,0,0,0,0,0,0,0,0,0,0,0,0,0,0,0,0,0,0,0,0,0,87,0,56,0,0,0,0,0
246,0,15,0,0,0,0,0,1002180,0,0,0,0,41,0,0,0,0,0,0,0,0,0,0,0,0,0,0,0,0,0,0,0,0,0,0,0,39,0,128,0,0,0,0,0
247,0,0,0,0,0,0,0,2479602,0,0,16740,696320,136,0,0,0,0,0,28842,0,0,0,0,0,0,0,0,16740,16740,0,145028,0,557056,696320,0,3644,0,136,284,0,0,0,0,422009
247,0,1,0,0,0,0,0,1239801,28842,0,0,0,10396,0,0,0,0,0,28842,0,0,0,0,0,0,0,0,0,6774,0,71001,0,210526,0,0,1541,1665,4656,19147,0,0,12288,0,0
247,0,2,0,0,0,0,0,1239801,0,0,0,0,998,12288,0,0,0,0,0,0,0,0,0,0,0,0,0,0,0,0,72186,0,105682,55612,0,2175,1994,2975,2014,0,0,12288,0,12288
247,0,3,0,0,0,0,0,1239801,0,0,0,0,1227,12288,0,0,0,0,0,0,0,0,0,0,0,0,0,0,0,0,69677,0,0,55749,0,1642,537,0,2017,0,0,0,0,12288
247,0,4,0,0,0,0,0,1239801,0,0,0,0,1198,12288,0,0,0,0,0,0,0,0,0,0,0,0,0,0,0,0,36256,0,0,55618,0,869,0,567,1933,49152,0,0,0,12288
247,0,5,0,0,0,0,0,1239801,0,0,0,0,1311,12288,0,0,0,0,0,0,0,0,0,0,0,0,0,0,0,0,37672,0,0,56406,7319,1141,0,0,2273,0,0,12288,0,12288
247,0,6,0,0,0,0,0,1239801,0,0,0,0,1204,12288,0,0,0,0,0,0,0,0,0,0,0,0,0,0,0,0,37618,0,0,54687,0,745,1752,3,1928,0,0,12288,0,12288
247,0,7,0,0,0,0,0,1239801,0,0,0,0,1193,12288,0,0,0,0,0,0,0,0,0,0,0,0,0,0,0,0,36108,0,0,53133,0,974,572,0,2211,0,0,0,0,12288
247,0,8,0,0,0,0,0,1239801,0,0,0,0,1215,12288,0,0,0,0,0,0,0,0,0,0,0,0,0,0,0,0,0,0,0,51316,0,52,0,550,2165,24576,0,0,0,12288
247,0,9,0,0,0,0,0,1239801,0,0,0,0,1206,12288,0,0,0,0,0,0,0,0,0,0,0,0,0,0,0,0,0,0,0,54918,3521,40,0,1,1896,0,0,12288,0,12288
247,0,10,0,0,0,0,0,1239801,0,0,0,0,1045,12288,0,0,0,0,0,0,0,0,0,0,0,0,0,0,0,0,0,0,0,54862,0,89,1971,1,2082,0,0,12288,0,12288
247,0,11,0,0,0,0,0,1239801,0,0,0,0,1252,12288,0,0,0,0,0,0,0,0,0,0,0,0,0,0,0,0,0,0,0,55634,0,44,513,0,2101,0,0,0,0,12288
247,0,12,0,0,0,0,0,1239801,0,0,0,0,49,0,0,0,0,0,0,0,0,0,0,0,0,0,0,0,0,0,0,0,0,0,0,0,0,43,95,0,0,0,0,0
247,0,13,0,0,0,0,0,1239801,0,0,0,0,55,0,0,0,0,0,0,0,0,0,0,0,0,0,0,0,0,0,0,0,0,0,165,0,0,0,113,0,0,0,0,0
247,0,14,0,0,0,0,0,1239802,0,0,0,0,52,0,0,0,0,0,0,0,0,0,0,0,0,0,0,0,0,0,0,0,0,0,0,0,93,0,61,0,0,0,0,0
247,0,15,0,0,0,0,0,1239801,0,0,0,0,53,0,0,0,0,0,0,0,0,0,0,0,0,0,0,0,0,0,0,0,0,0,0,0,27,0,105,0,0,0,0,0
248,0,0,0,0,0,0,0,2479615,0,0,16740,696320,136,0,0,0,0,0,28842,0,0,0,0,0,0,0,0,16740,16740,0,145081,0,557056,696320,0,3644,0,136,284,0,0,0,0,423135
248,0,1,0,0,0,0,0,1239808,28842,0,0,0,10396,0,0,0,0,0,28842,0,0,0,0,0,0,0,0,0,6824,0,73124,0,209117,0,0,1516,1693,4653,19199,0,0,12288,0,0
248,0,2,0,0,0,0,0,1239808,0,0,0,0,1006,12288,0,0,0,0,0,0,0,0,0,0,0,0,0,0,0,0,72932,0,106448,55569,0,2148,1985,3023,2004,0,0,12288,0,12288
248,0,3,0,0,0,0,0,1239808,0,0,0,0,1227,12288,0,0,0,0,0,0,0,0,0,0,0,0,0,0,0,0,69044,0,0,55673,0,1601,538,0,2009,0,0,0,0,12288
248,0,4,0,0,0,0,0,1239808,0,0,0,0,1191,12288,0,0,0,0,0,0,0,0,0,0,0,0,0,0,0,0,36249,0,0,55555,0,859,0,574,1964,49153,0,0,0,12288
248,0,5,0,0,0,0,0,1239808,0,0,0,0,1325,12288,0,0,0,0,0,0,0,0,0,0,0,0,0,0,0,0,36196,0,0,55381,7276,1135,0,0,2318,0,0,12288,0,12288
248,0,6,0,0,0,0,0,1239807,0,0,0,0,1208,12288,0,0,0,0,0,0,0,0,0,0,0,0,0,0,0,0,36038,0,0,54732,0,767,1753,2,1937,0,0,12288,0,12288
248,0,7,0,0,0,0,0,1239808,0,0,0,0,1197,12288,0,0,0,0,0,0,0,0,0,0,0,0,0,0,0,0,37555,0,0,53118,0,1008,568,0,2223,0,0,0,0,12288
248,0,8,0,0,0,0,0,1239808,0,0,0,0,1208,12288,0,0,0,0,0,0,0,0,0,0,0,0,0,0,0,0,0,0,0,51376,0,52,0,557,2168,24576,0,0,0,12288
248,0,9,0,0,0,0,0,1239808,0,0,0,0,1193,12288,0,0,0,0,0,0,0,0,0,0,0,0,0,0,0,0,0,0,0,55645,3542,42,0,2,1887,0,0,12288,0,12288
248,0,10,0,0,0,0,0,1239808,0,0,0,0,1063,12288,0,0,0,0,0,0,0,0,0,0,0,0,0,0,0,0,0,0,0,55704,0,97,1944,1,2070,0,0,12288,0,12288
248,0,11,0,0,0,0,0,1239808,0,0,0,0,1244,12288,0,0,0,0,0,0,0,0,0,0,0,0,0,0,0,0,0,0,0,54916,0,6,521,0,2097,0,0,0,0,12288
248,0,12,0,0,0,0,0,1239808,0,0,0,0,46,0,0,0,0,0,0,0,0,0,0,0,0,0,0,0,0,0,0,0,0,0,0,0,0,46,92,0,0,0,0,0
248,0,13,0,0,0,0,0,1239808,0,0,0,0,53,0,0,0,0,0,0,0,0,0,0,0,0,0,0,0,0,0,0,0,0,0,176,0,0,0,109,0,0,0,0,0
248,0,14,0,0,0,0,0,1239808,0,0,0,0,51,0,0,0,0,0,0,0,0,0,0,0,0,0,0,0,0,0,0,0,0,0,0,0,81,0,52,0,0,0,0,0
248,0,15,0,0,0,0,0,1239808,0,0,0,0,40,0,0,0,0,0,0,0,0,0,0,0,0,0,0,0,0,0,0,0,0,0,0,0,40,0,130,0,0,0,0,0
249,0,0,0,0,0,0,0,2479586,0,0,16740,696320,136,0,0,0,0,0,28839,0,0,0,0,0,0,0,0,16740,16740,0,145040,0,557056,696320,0,3644,0,136,284,0,0,0,0,421496
249,0,1,0,0,0,0,0,1239793,28839,0,0,0,10362,0,0,0,0,0,28839,0,0,0,0,0,0,0,0,0,6728,0,71091,0,210557,0,0,1541,1665,4690,19229,0,0,12288,0,0
249,0,2,0,0,0,0,0,1239793,0,0,0,0,1024,12288,0,0,0,0,0,0,0,0,0,0,0,0,0,0,0,0,72160,0,105713,55598,0,2145,1969,2958,2053,0,0,12288,0,12288
249,0,3,0,0,0,0,0,1239793,0,0,0,0,1229,12288,0,0,0,0,0,0,0,0,0,0,0,0,0,0,0,0,69713,0,0,55713,0,1662,536,0,2015,0,0,0,0,12288
249,0,4,0,0,0,0,0,1239793,0,0,0,0,1212,12288,0,0,0,0,0,0,0,0,0,0,0,0,0,0,0,0,36268,0,0,55600,0,858,0,553,1958,49152,0,0,0,12288
249,0,5,0,0,0,0,0,1239793,0,0,0,0,1346,12288,0,0,0,0,0,0,0,0,0,0,0,0,0,0,0,0,37606,0,0,56375,7228,1130,0,0,2319,0,0,12288,0,12288
249,0,6,0,0,0,0,0,1239792,0,0,0,0,1219,12288,0,0,0,0,0,0,0,0,0,0,0,0,0,0,0,0,37547,0,0,54714,0,766,1757,3,1952,0,0,12288,0,12288
249,0,7,0,0,0,0,0,1239793,0,0,0,0,1212,12288,0,0,0,0,0,0,0,0,0,0,0,0,0,0,0,0,36146,0,0,53120,0,965,552,0,2220,0,0,0,0,12288
249,0,8,0,0,0,0,0,1239793,0,0,0,0,1217,12288,0,0,0,0,0,0,0,0,0,0,0,0,0,0,0,0,0,0,0,51326,0,52,0,548,2178,24576,0,0,0,12288
249,0,9,0,0,0,0,0,1239793,0,0,0,0,1182,12288,0,0,0,0,0,0,0,0,0,0,0,0,0,0,0,0,0,0,0,54954,3586,42,0,1,1881,0,0,12288,0,12288
249,0,10,0,0,0,0,0,1239793,0,0,0,0,1083,12288,0,0,0,0,0,0,0,0,0,0,0,0,0,0,0,0,0,0,0,54893,0,90,1922,1,2098,0,0,12288,0,12288
249,0,11,0,0,0,0,0,1239793,0,0,0,0,1241,12288,0,0,0,0,0,0,0,0,0,0,0,0,0,0,0,0,0,0,0,55612,0,46,524,0,2097,0,0,0,0,12288
249,0,12,0,0,0,0,0,1239793,0,0,0,0,51,0,0,0,0,0,0,0,0,0,0,0,0,0,0,0,0,0,0,0,0,0,0,0,0,41,97,0,0,0,0,0
249,0,13,0,0,0,0,0,1239793,0,0,0,0,57,0,0,0,0,0,0,0,0,0,0,0,0,0,0,0,0,0,0,0,0,0,175,0,0,0,113,0,0,0,0,0
249,0,14,0,0,0,0,0,1239793,0,0,0,0,57,0,0,0,0,0,0,0,0,0,0,0,0,0,0,0,0,0,0,0,0,0,0,0,83,0,65,0,0,0,0,0
249,0,15,0,0,0,0,0,1239793,0,0,0,0,48,0,0,0,0,0,0,0,0,0,0,0,0,0,0,0,0,0,0,0,0,0,0,0,32,0,98,0,0,0,0,0
250,0,0,0,0,0,0,0,3193867,0,0,21914,905216,136,0,0,0,0,0,36618,0,0,0,0,0,0,0,0,21914,21914,0,214946,0,696320,905216,0,5447,0,136,284,0,0,0,0,3023279
250,0,1,0,0,0,0,0,1596934,36618,0,0,0,14258,0,0,0,0,0,36618,0,0,0,0,0,0,0,0,0,10956,0,107025,0,246394,0,0,2170,2186,4821,25529,0,0,12306,0,0
250,0,2,0,0,0,0,0,1596934,0,0,0,0,1086,12288,0,0,0,0,0,0,0,0,0,0,0,0,0,0,0,0,107505,0,107388,55262,0,3316,1643,3291,2052,0,0,12288,0,12288
250,0,3,0,0,0,0,0,1596934,0,0,0,0,1128,12288,0,0,0,0,0,0,0,0,0,0,0,0,0,0,0,0,69579,0,0,55113,0,1476,477,0,1695,0,0,0,0,12288
250,0,4,0,0,0,0,0,1596934,0,0,0,0,1229,12288,0,0,0,0,0,0,0,0,0,0,0,0,0,0,0,0,69939,0,0,55169,0,1413,0,578,1936,464353,0,0,0,12288
250,0,5,0,0,0,0,0,1596934,0,0,0,0,1226,12288,0,0,0,0,0,0,0,0,0,0,0,0,0,0,0,0,71523,0,0,55665,10318,2157,0,2,2346,0,0,12238,0,12288
250,0,6,0,0,0,0,0,1596934,0,0,0,0,1233,12288,0,0,0,0,0,0,0,0,0,0,0,0,0,0,0,0,72164,0,0,55107,0,1463,1818,0,1903,0,0,12288,0,12288
250,0,7,0,0,0,0,0,1596934,0,0,0,0,1243,12288,0,0,0,0,0,0,0,0,0,0,0,0,0,0,0,0,36908,0,0,53316,0,1115,566,0,2377,0,0,0,0,12288
250,0,8,0,0,0,0,0,1596934,0,0,0,0,1255,12288,0,0,0,0,0,0,0,0,0,0,0,0,0,0,0,0,37109,0,0,52708,0,1108,0,554,2366,48553,0,0,0,12288
250,0,9,0,0,0,0,0,1596934,0,0,0,0,1207,12288,0,0,0,0,0,0,0,0,0,0,0,0,0,0,0,0,36885,0,0,55320,6018,761,0,0,1921,0,0,12288,0,12288
250,0,10,0,0,0,0,0,1596934,0,0,0,0,1230,12288,0,0,0,0,0,0,0,0,0,0,0,0,0,0,0,0,38103,0,0,54694,0,1112,1825,2,2287,0,0,12288,0,12288
250,0,11,0,0,0,0,0,1596934,0,0,0,0,1247,12288,0,0,0,0,0,0,0,0,0,0,0,0,0,0,0,0,0,0,0,55171,0,38,562,0,2004,0,0,0,0,12288
250,0,12,0,0,0,0,0,1596934,0,0,0,0,1252,12288,0,0,0,0,0,0,0,0,0,0,0,0,0,0,0,0,0,0,0,55250,0,0,0,555,1959,12288,0,0,0,12288
250,0,13,0,0,0,0,0,1596934,0,0,0,0,1226,12288,0,0,0,0,0,0,0,0,0,0,0,0,0,0,0,0,0,0,0,55105,3128,0,0,1,2280,0,0,12288,0,12288
250,0,14,0,0,0,0,0,1596934,0,0,0,0,1259,12288,0,0,0,0,0,0,0,0,0,0,0,0,0,0,0,0,0,0,0,56215,0,0,590,2,1962,0,0,0,0,12288
250,0,15,0,0,0,0,0,1596934,0,0,0,0,43,0,0,0,0,0,0,0,0,0,0,0,0,0,0,0,0,0,0,0,0,0,0,0,37,0,102,0,0,0,0,0
251,0,0,0,0,0,0,0,3194418,0,0,21908,905216,136,0,0,0,0,0,36609,0,0,0,0,0,0,0,0,21908,21908,0,214932,0,696320,905216,0,5449,0,136,284,0,0,0,0,3021399
251,0,1,0,0,0,0,0,1597209,36609,0,0,0,14171,0,0,0,0,0,36609,0,0,0,0,0,0,0,0,0,11222,0,106939,0,246403,0,0,2248,2227,4783,25518,0,0,12288,0,0
251,0,2,0,0,0,0,0,1597209,0,0,0,0,1071,12288,0,0,0,0,0,0,0,0,0,0,0,0,0,0,0,0,107709,0,107075,55262,0,3387,1633,3265,2018,0,0,12288,0,12288
251,0,3,0,0,0,0,0,1597209,0,0,0,0,1109,12288,0,0,0,0,0,0,0,0,0,0,0,0,0,0,0,0,69689,0,0,55257,0,1448,488,0,1722,0,0,0,0,12288
251,0,4,0,0,0,0,0,1597209,0,0,0,0,1216,12288,0,0,0,0,0,0,0,0,0,0,0,0,0,0,0,0,69845,0,0,55258,0,1434,0,591,1948,467377,0,0,0,12288
251,0,5,0,0,0,0,0,1597209,0,0,0,0,1224,12288,0,0,0,0,0,0,0,0,0,0,0,0,0,0,0,0,71598,0,0,55819,10246,2126,0,1,2301,0,0,12247,0,12288
251,0,6,0,0,0,0,0,1597208,0,0,0,0,1214,12288,0,0,0,0,0,0,0,0,0,0,0,0,0,0,0,0,72197,0,0,55058,0,1425,1815,1,1853,0,0,12288,0,12288
251,0,7,0,0,0,0,0,1597209,0,0,0,0,1220,12288,0,0,0,0,0,0,0,0,0,0,0,0,0,0,0,0,36829,0,0,53223,0,1105,588,0,2392,0,0,0,0,12288
251,0,8,0,0,0,0,0,1597209,0,0,0,0,1248,12288,0,0,0,0,0,0,0,0,0,0,0,0,0,0,0,0,37308,0,0,52839,0,1073,0,561,2375,48259,0,0,0,12288
251,0,9,0,0,0,0,0,1597209,0,0,0,0,1216,12288,0,0,0,0,0,0,0,0,0,0,0,0,0,0,0,0,36772,0,0,55311,6091,798,0,2,1926,0,0,12288,0,12288
251,0,10,0,0,0,0,0,1597209,0,0,0,0,1253,12288,0,0,0,0,0,0,0,0,0,0,0,0,0,0,0,0,38036,0,0,54633,0,1137,1796,1,2325,0,0,12288,0,12288
251,0,11,0,0,0,0,0,1597209,0,0,0,0,1241,12288,0,0,0,0,0,0,0,0,0,0,0,0,0,0,0,0,0,0,0,55221,0,43,567,0,2005,0,0,0,0,12288
251,0,12,0,0,0,0,0,1597209,0,0,0,0,1230,12288,0,0,0,0,0,0,0,0,0,0,0,0,0,0,0,0,0,0,0,54987,0,0,0,579,1974,12288,0,0,0,12288
251,0,13,0,0,0,0,0,1597209,0,0,0,0,1233,12288,0,0,0,0,0,0,0,0,0,0,0,0,0,0,0,0,0,0,0,55146,3072,0,0,1,2252,0,0,12288,0,12288
251,0,14,0,0,0,0,0,1597209,0,0,0,0,1240,12288,0,0,0,0,0,0,0,0,0,0,0,0,0,0,0,0,0,0,0,56180,0,0,621,2,1920,0,0,0,0,12288
251,0,15,0,0,0,0,0,1597209,0,0,0,0,53,0,0,0,0,0,0,0,0,0,0,0,0,0,0,0,0,0,0,0,0,0,0,0,27,0,107,0,0,0,0,0
252,0,0,0,0,0,0,0,3192644,0,0,21902,905216,136,0,0,0,0,0,36603,0,0,0,0,0,0,0,0,21902,21902,0,214915,0,696320,905216,0,5445,0,136,284,0,0,0,0,3023449
252,0,1,0,0,0,0,0,1596322,36603,0,0,0,14263,0,0,0,0,0,36603,0,0,0,0,0,0,0,0,0,10945,0,107023,0,246386,0,0,2196,2209,4755,25580,0,0,12321,0,0
252,0,2,0,0,0,0,0,1596322,0,0,0,0,1100,12288,0,0,0,0,0,0,0,0,0,0,0,0,0,0,0,0,107603,0,107366,55249,0,3394,1614,3286,2050,0,0,12288,0,12288
252,0,3,0,0,0,0,0,1596322,0,0,0,0,1111,12288,0,0,0,0,0,0,0,0,0,0,0,0,0,0,0,0,69601,0,0,55138,0,1451,493,0,1705,0,0,0,0,12288
252,0,4,0,0,0,0,0,1596322,0,0,0,0,1229,12288,0,0,0,0,0,0,0,0,0,0,0,0,0,0,0,0,69707,0,0,55277,0,1443,0,578,1929,465409,0,0,0,12288
252,0,5,0,0,0,0,0,1596322,0,0,0,0,1226,12288,0,0,0,0,0,0,0,0,0,0,0,0,0,0,0,0,71470,0,0,55704,10289,2157,0,1,2318,0,0,12237,0,12288
252,0,6,0,0,0,0,0,1596322,0,0,0,0,1258,12288,0,0,0,0,0,0,0,0,0,0,0,0,0,0,0,0,71912,0,0,55083,0,1425,1797,1,1884,0,0,12288,0,12288
252,0,7,0,0,0,0,0,1596322,0,0,0,0,1248,12288,0,0,0,0,0,0,0,0,0,0,0,0,0,0,0,0,36892,0,0,53309,0,1109,558,0,2409,0,0,0,0,12288
252,0,8,0,0,0,0,0,1596322,0,0,0,0,1250,12288,0,0,0,0,0,0,0,0,0,0,0,0,0,0,0,0,36819,0,0,53175,0,1093,0,557,2344,48784,0,0,0,12288
252,0,9,0,0,0,0,0,1596322,0,0,0,0,1232,12288,0,0,0,0,0,0,0,0,0,0,0,0,0,0,0,0,36915,0,0,55333,6057,756,0,1,1949,0,0,12288,0,12288
252,0,10,0,0,0,0,0,1596322,0,0,0,0,1222,12288,0,0,0,0,0,0,0,0,0,0,0,0,0,0,0,0,38071,0,0,54850,0,1145,1805,2,2282,0,0,12288,0,12288
252,0,11,0,0,0,0,0,1596322,0,0,0,0,1221,12288,0,0,0,0,0,0,0,0,0,0,0,0,0,0,0,0,0,0,0,55176,0,44,585,0,1977,0,0,0,0,12288
252,0,12,0,0,0,0,0,1596322,0,0,0,0,1239,12288,0,0,0,0,0,0,0,0,0,0,0,0,0,0,0,0,0,0,0,55495,0,0,0,568,1961,12288,0,0,0,12288
252,0,13,0,0,0,0,0,1596322,0,0,0,0,1251,12288,0,0,0,0,0,0,0,0,0,0,0,0,0,0,0,0,0,0,0,55092,3072,0,0,0,2310,0,0,12288,0,12288
252,0,14,0,0,0,0,0,1596321,0,0,0,0,1239,12288,0,0,0,0,0,0,0,0,0,0,0,0,0,0,0,0,0,0,0,56163,0,0,609,3,1909,0,0,0,0,12288
252,0,15,0,0,0,0,0,1596322,0,0,0,0,42,0,0,0,0,0,0,0,0,0,0,0,0,0,0,0,0,0,0,0,0,0,0,0,38,0,94,0,0,0,0,0
253,0,0,0,0,0,0,0,421918,0,0,2106,67584,136,0,0,0,0,0,6834,0,0,0,0,0,0,0,0,2106,2106,0,0,0,87588,67584,0,294,0,136,284,0,0,0,0,6144
253,0,1,0,0,0,0,0,210959,6834,0,0,0,2255,0,0,0,0,0,6834,0,0,0,0,0,0,0,0,0,412,0,0,0,52852,0,0,84,170,1106,4133,0,0,6144,0,0
253,0,2,0,0,0,0,0,210959,0,0,0,0,1210,6144,0,0,0,0,0,0,0,0,0,0,0,0,0,0,0,0,0,0,0,59312,0,249,1033,283,2452,0,0,0,0,6144
253,0,3,0,0,0,0,0,210959,0,0,0,0,47,0,0,0,0,0,0,0,0,0,0,0,0,0,0,0,0,0,0,0,0,0,0,91,45,0,54,0,0,0,0,0
253,0,4,0,0,0,0,0,210959,0,0,0,0,47,0,0,0,0,0,0,0,0,0,0,0,0,0,0,0,0,0,0,0,0,0,0,87,0,45,62,0,0,0,0,0
253,0,5,0,0,0,0,0,210959,0,0,0,0,47,0,0,0,0,0,0,0,0,0,0,0,0,0,0,0,0,0,0,0,0,0,537,148,0,0,109,0,0,0,0,0
253,0,6,0,0,0,0,0,210959,0,0,0,0,47,0,0,0,0,0,0,0,0,0,0,0,0,0,0,0,0,0,0,0,0,0,0,40,98,0,52,0,0,0,0,0
253,0,7,0,0,0,0,0,210959,0,0,0,0,53,0,0,0,0,0,0,0,0,0,0,0,0,0,0,0,0,0,0,0,0,0,0,105,39,0,140,0,0,0,0,0
253,0,8,0,0,0,0,0,210959,0,0,0,0,50,0,0,0,0,0,0,0,0,0,0,0,0,0,0,0,0,0,0,0,0,0,0,52,0,42,107,0,0,0,0,0
253,0,9,0,0,0,0,0,210959,0,0,0,0,47,0,0,0,0,0,0,0,0,0,0,0,0,0,0,0,0,0,0,0,0,0,365,42,0,0,53,0,0,0,0,0
253,0,10,0,0,0,0,0,210959,0,0,0,0,53,0,0,0,0,0,0,0,0,0,0,0,0,0,0,0,0,0,0,0,0,0,0,91,92,0,118,0,0,0,0,0
253,0,11,0,0,0,0,0,210959,0,0,0,0,53,0,0,0,0,0,0,0,0,0,0,0,0,0,0,0,0,0,0,0,0,0,0,39,39,0,94,0,0,0,0,0
253,0,12,0,0,0,0,0,210959,0,0,0,0,47,0,0,0,0,0,0,0,0,0,0,0,0,0,0,0,0,0,0,0,0,0,0,0,0,45,93,0,0,0,0,0
253,0,13,0,0,0,0,0,210959,0,0,0,0,53,0,0,0,0,0,0,0,0,0,0,0,0,0,0,0,0,0,0,0,0,0,178,0,0,0,109,0,0,0,0,0
253,0,14,0,0,0,0,0,210958,0,0,0,0,53,0,0,0,0,0,0,0,0,0,0,0,0,0,0,0,0,0,0,0,0,0,0,0,80,0,60,0,0,0,0,0
253,0,15,0,0,0,0,0,210959,0,0,0,0,41,0,0,0,0,0,0,0,0,0,0,0,0,0,0,0,0,0,0,0,0,0,0,0,39,0,89,0,0,0,0,0
254,0,0,0,0,0,0,0,421840,0,0,2106,67584,136,0,0,0,0,0,6834,0,0,0,0,0,0,0,0,2106,2106,0,0,0,87584,67584,0,294,0,136,284,0,0,0,0,6144
254,0,1,0,0,0,0,0,210920,6834,0,0,0,2249,0,0,0,0,0,6834,0,0,0,0,0,0,0,0,0,417,0,0,0,52848,0,0,76,171,1119,4138,0,0,6144,0,0
254,0,2,0,0,0,0,0,210920,0,0,0,0,1211,6144,0,0,0,0,0,0,0,0,0,0,0,0,0,0,0,0,0,0,0,59312,0,255,1033,267,2449,0,0,0,0,6144
254,0,3,0,0,0,0,0,210920,0,0,0,0,47,0,0,0,0,0,0,0,0,0,0,0,0,0,0,0,0,0,0,0,0,0,0,100,45,0,61,0,0,0,0,0
254,0,4,0,0,0,0,0,210920,0,0,0,0,47,0,0,0,0,0,0,0,0,0,0,0,0,0,0,0,0,0,0,0,0,0,0,87,0,45,69,0,0,0,0,0
254,0,5,0,0,0,0,0,210920,0,0,0,0,47,0,0,0,0,0,0,0,0,0,0,0,0,0,0,0,0,0,0,0,0,0,526,148,0,0,117,0,0,0,0,0
254,0,6,0,0,0,0,0,210921,0,0,0,0,47,0,0,0,0,0,0,0,0,0,0,0,0,0,0,0,0,0,0,0,0,0,0,34,98,0,52,0,0,0,0,0
254,0,7,0,0,0,0,0,210920,0,0,0,0,53,0,0,0,0,0,0,0,0,0,0,0,0,0,0,0,0,0,0,0,0,0,0,104,39,0,132,0,0,0,0,0
254,0,8,0,0,0,0,0,210920,0,0,0,0,50,0,0,0,0,0,0,0,0,0,0,0,0,0,0,0,0,0,0,0,0,0,0,52,0,42,107,0,0,0,0,0
254,0,9,0,0,0,0,0,210920,0,0,0,0,47,0,0,0,0,0,0,0,0,0,0,0,0,0,0,0,0,0,0,0,0,0,376,42,0,0,53,0,0,0,0,0
254,0,10,0,0,0,0,0,210920,0,0,0,0,53,0,0,0,0,0,0,0,0,0,0,0,0,0,0,0,0,0,0,0,0,0,0,89,92,0,126,0,0,0,0,0
254,0,11,0,0,0,0,0,210920,0,0,0,0,53,0,0,0,0,0,0,0,0,0,0,0,0,0,0,0,0,0,0,0,0,0,0,40,39,0,94,0,0,0,0,0
254,0,12,0,0,0,0,0,210920,0,0,0,0,47,0,0,0,0,0,0,0,0,0,0,0,0,0,0,0,0,0,0,0,0,0,0,0,0,45,93,0,0,0,0,0
254,0,13,0,0,0,0,0,210920,0,0,0,0,53,0,0,0,0,0,0,0,0,0,0,0,0,0,0,0,0,0,0,0,0,0,167,0,0,0,109,0,0,0,0,0
254,0,14,0,0,0,0,0,210920,0,0,0,0,53,0,0,0,0,0,0,0,0,0,0,0,0,0,0,0,0,0,0,0,0,0,0,0,91,0,62,0,0,0,0,0
254,0,15,0,0,0,0,0,210920,0,0,0,0,52,0,0,0,0,0,0,0,0,0,0,0,0,0,0,0,0,0,0,0,0,0,0,0,28,0,99,0,0,0,0,0
255,0,0,0,0,0,0,0,421892,0,0,2106,67584,136,0,0,0,0,0,6834,0,0,0,0,0,0,0,0,2106,2106,0,0,0,87580,67584,0,294,0,136,284,0,0,0,0,6144
255,0,1,0,0,0,0,0,210946,6834,0,0,0,2257,0,0,0,0,0,6834,0,0,0,0,0,0,0,0,0,409,0,0,0,52850,0,0,84,170,1104,4135,0,0,6144,0,0
255,0,2,0,0,0,0,0,210946,0,0,0,0,1210,6144,0,0,0,0,0,0,0,0,0,0,0,0,0,0,0,0,0,0,0,59306,0,249,1033,283,2454,0,0,0,0,6144
255,0,3,0,0,0,0,0,210946,0,0,0,0,47,0,0,0,0,0,0,0,0,0,0,0,0,0,0,0,0,0,0,0,0,0,0,91,45,0,54,0,0,0,0,0
255,0,4,0,0,0,0,0,210946,0,0,0,0,47,0,0,0,0,0,0,0,0,0,0,0,0,0,0,0,0,0,0,0,0,0,0,87,0,45,62,0,0,0,0,0
255,0,5,0,0,0,0,0,210946,0,0,0,0,47,0,0,0,0,0,0,0,0,0,0,0,0,0,0,0,0,0,0,0,0,0,537,148,0,0,109,0,0,0,0,0
255,0,6,0,0,0,0,0,210945,0,0,0,0,47,0,0,0,0,0,0,0,0,0,0,0,0,0,0,0,0,0,0,0,0,0,0,40,98,0,52,0,0,0,0,0
255,0,7,0,0,0,0,0,210946,0,0,0,0,53,0,0,0,0,0,0,0,0,0,0,0,0,0,0,0,0,0,0,0,0,0,0,105,39,0,140,0,0,0,0,0
255,0,8,0,0,0,0,0,210946,0,0,0,0,50,0,0,0,0,0,0,0,0,0,0,0,0,0,0,0,0,0,0,0,0,0,0,52,0,42,107,0,0,0,0,0
255,0,9,0,0,0,0,0,210946,0,0,0,0,47,0,0,0,0,0,0,0,0,0,0,0,0,0,0,0,0,0,0,0,0,0,365,42,0,0,53,0,0,0,0,0
255,0,10,0,0,0,0,0,210946,0,0,0,0,53,0,0,0,0,0,0,0,0,0,0,0,0,0,0,0,0,0,0,0,0,0,0,91,92,0,118,0,0,0,0,0
255,0,11,0,0,0,0,0,210946,0,0,0,0,53,0,0,0,0,0,0,0,0,0,0,0,0,0,0,0,0,0,0,0,0,0,0,39,39,0,94,0,0,0,0,0
255,0,12,0,0,0,0,0,210946,0,0,0,0,47,0,0,0,0,0,0,0,0,0,0,0,0,0,0,0,0,0,0,0,0,0,0,0,0,45,93,0,0,0,0,0
255,0,13,0,0,0,0,0,210946,0,0,0,0,53,0,0,0,0,0,0,0,0,0,0,0,0,0,0,0,0,0,0,0,0,0,178,0,0,0,109,0,0,0,0,0
255,0,14,0,0,0,0,0,210946,0,0,0,0,53,0,0,0,0,0,0,0,0,0,0,0,0,0,0,0,0,0,0,0,0,0,0,0,80,0,60,0,0,0,0,0
255,0,15,0,0,0,0,0,210946,0,0,0,0,41,0,0,0,0,0,0,0,0,0,0,0,0,0,0,0,0,0,0,0,0,0,0,0,39,0,89,0,0,0,0,0
256,0,0,0,0,0,0,0,448510,0,0,2372,135168,136,0,0,0,0,0,7242,0,0,0,0,0,0,0,0,2372,2372,0,0,0,159887,135168,0,294,0,136,284,0,0,0,0,12288
256,0,1,0,0,0,0,0,224255,7242,0,0,0,2759,0,0,0,0,0,7242,0,0,0,0,0,0,0,0,0,1229,0,0,0,96535,0,0,76,172,875,4600,0,0,6144,0,0
256,0,2,0,0,0,0,0,224255,0,0,0,0,834,6144,0,0,0,0,0,0,0,0,0,0,0,0,0,0,0,0,0,0,52813,59265,0,255,1345,1133,1717,0,0,6144,0,6144
256,0,3,0,0,0,0,0,224255,0,0,0,0,902,6144,0,0,0,0,0,0,0,0,0,0,0,0,0,0,0,0,0,0,0,59299,0,101,374,0,1237,0,0,0,0,6144
256,0,4,0,0,0,0,0,224255,0,0,0,0,47,0,0,0,0,0,0,0,0,0,0,0,0,0,0,0,0,0,0,0,0,0,0,87,0,45,70,0,0,0,0,0
256,0,5,0,0,0,0,0,224255,0,0,0,0,47,0,0,0,0,0,0,0,0,0,0,0,0,0,0,0,0,0,0,0,0,0,526,148,0,0,117,0,0,0,0,0
256,0,6,0,0,0,0,0,224255,0,0,0,0,47,0,0,0,0,0,0,0,0,0,0,0,0,0,0,0,0,0,0,0,0,0,0,34,98,0,52,0,0,0,0,0
256,0,7,0,0,0,0,0,224255,0,0,0,0,53,0,0,0,0,0,0,0,0,0,0,0,0,0,0,0,0,0,0,0,0,0,0,104,39,0,132,0,0,0,0,0
256,0,8,0,0,0,0,0,224255,0,0,0,0,50,0,0,0,0,0,0,0,0,0,0,0,0,0,0,0,0,0,0,0,0,0,0,52,0,42,107,0,0,0,0,0
256,0,9,0,0,0,0,0,224255,0,0,0,0,47,0,0,0,0,0,0,0,0,0,0,0,0,0,0,0,0,0,0,0,0,0,376,42,0,0,53,0,0,0,0,0
256,0,10,0,0,0,0,0,224255,0,0,0,0,53,0,0,0,0,0,0,0,0,0,0,0,0,0,0,0,0,0,0,0,0,0,0,89,92,0,126,0,0,0,0,0
256,0,11,0,0,0,0,0,224255,0,0,0,0,53,0,0,0,0,0,0,0,0,0,0,0,0,0,0,0,0,0,0,0,0,0,0,41,39,0,94,0,0,0,0,0
256,0,12,0,0,0,0,0,224255,0,0,0,0,47,0,0,0,0,0,0,0,0,0,0,0,0,0,0,0,0,0,0,0,0,0,0,0,0,45,93,0,0,0,0,0
256,0,13,0,0,0,0,0,224255,0,0,0,0,53,0,0,0,0,0,0,0,0,0,0,0,0,0,0,0,0,0,0,0,0,0,167,0,0,0,109,0,0,0,0,0
256,0,14,0,0,0,0,0,224254,0,0,0,0,53,0,0,0,0,0,0,0,0,0,0,0,0,0,0,0,0,0,0,0,0,0,0,0,91,0,62,0,0,0,0,0
256,0,15,0,0,0,0,0,224255,0,0,0,0,52,0,0,0,0,0,0,0,0,0,0,0,0,0,0,0,0,0,0,0,0,0,0,0,28,0,99,0,0,0,0,0
257,0,0,0,0,0,0,0,448459,0,0,2372,135168,136,0,0,0,0,0,7239,0,0,0,0,0,0,0,0,2372,2372,0,0,0,159891,135168,0,294,0,136,284,0,0,0,0,12288
257,0,1,0,0,0,0,0,224230,7239,0,0,0,2749,0,0,0,0,0,7239,0,0,0,0,0,0,0,0,0,1228,0,0,0,96540,0,0,78,168,887,4588,0,0,6144,0,0
257,0,2,0,0,0,0,0,224230,0,0,0,0,833,6144,0,0,0,0,0,0,0,0,0,0,0,0,0,0,0,0,0,0,52823,59265,0,249,1348,1134,1709,0,0,6144,0,6144
257,0,3,0,0,0,0,0,224230,0,0,0,0,905,6144,0,0,0,0,0,0,0,0,0,0,0,0,0,0,0,0,0,0,0,59301,0,98,372,0,1241,0,0,0,0,6144
257,0,4,0,0,0,0,0,224230,0,0,0,0,47,0,0,0,0,0,0,0,0,0,0,0,0,0,0,0,0,0,0,0,0,0,0,87,0,45,67,0,0,0,0,0
257,0,5,0,0,0,0,0,224230,0,0,0,0,47,0,0,0,0,0,0,0,0,0,0,0,0,0,0,0,0,0,0,0,0,0,525,148,0,0,115,0,0,0,0,0
257,0,6,0,0,0,0,0,224231,0,0,0,0,47,0,0,0,0,0,0,0,0,0,0,0,0,0,0,0,0,0,0,0,0,0,0,40,98,0,52,0,0,0,0,0
257,0,7,0,0,0,0,0,224230,0,0,0,0,53,0,0,0,0,0,0,0,0,0,0,0,0,0,0,0,0,0,0,0,0,0,0,105,39,0,134,0,0,0,0,0
257,0,8,0,0,0,0,0,224230,0,0,0,0,50,0,0,0,0,0,0,0,0,0,0,0,0,0,0,0,0,0,0,0,0,0,0,52,0,42,107,0,0,0,0,0
257,0,9,0,0,0,0,0,224230,0,0,0,0,47,0,0,0,0,0,0,0,0,0,0,0,0,0,0,0,0,0,0,0,0,0,377,42,0,0,53,0,0,0,0,0
257,0,10,0,0,0,0,0,224230,0,0,0,0,53,0,0,0,0,0,0,0,0,0,0,0,0,0,0,0,0,0,0,0,0,0,0,85,92,0,124,0,0,0,0,0
257,0,11,0,0,0,0,0,224230,0,0,0,0,53,0,0,0,0,0,0,0,0,0,0,0,0,0,0,0,0,0,0,0,0,0,0,40,39,0,94,0,0,0,0,0
257,0,12,0,0,0,0,0,224230,0,0,0,0,47,0,0,0,0,0,0,0,0,0,0,0,0,0,0,0,0,0,0,0,0,0,0,0,0,45,93,0,0,0,0,0
257,0,13,0,0,0,0,0,224230,0,0,0,0,53,0,0,0,0,0,0,0,0,0,0,0,0,0,0,0,0,0,0,0,0,0,166,0,0,0,109,0,0,0,0,0
257,0,14,0,0,0,0,0,224230,0,0,0,0,53,0,0,0,0,0,0,0,0,0,0,0,0,0,0,0,0,0,0,0,0,0,0,0,92,0,66,0,0,0,0,0
257,0,15,0,0,0,0,0,224230,0,0,0,0,53,0,0,0,0,0,0,0,0,0,0,0,0,0,0,0,0,0,0,0,0,0,0,0,27,0,101,0,0,0,0,0
258,0,0,0,0,0,0,0,448515,0,0,2372,135168,136,0,0,0,0,0,7239,0,0,0,0,0,0,0,0,2372,2372,0,0,0,159904,135168,0,294,0,136,284,0,0,0,0,12288
258,0,1,0,0,0,0,0,224258,7239,0,0,0,2757,0,0,0,0,0,7239,0,0,0,0,0,0,0,0,0,1225,0,0,0,96544,0,0,80,165,880,4598,0,0,6144,0,0
258,0,2,0,0,0,0,0,224258,0,0,0,0,835,6144,0,0,0,0,0,0,0,0,0,0,0,0,0,0,0,0,0,0,52816,59274,0,249,1346,1134,1718,0,0,6144,0,6144
258,0,3,0,0,0,0,0,224258,0,0,0,0,904,6144,0,0,0,0,0,0,0,0,0,0,0,0,0,0,0,0,0,0,0,59298,0,97,372,0,1242,0,0,0,0,6144
258,0,4,0,0,0,0,0,224258,0,0,0,0,47,0,0,0,0,0,0,0,0,0,0,0,0,0,0,0,0,0,0,0,0,0,0,87,0,45,66,0,0,0,0,0
258,0,5,0,0,0,0,0,224258,0,0,0,0,47,0,0,0,0,0,0,0,0,0,0,0,0,0,0,0,0,0,0,0,0,0,525,148,0,0,113,0,0,0,0,0
258,0,6,0,0,0,0,0,224257,0,0,0,0,47,0,0,0,0,0,0,0,0,0,0,0,0,0,0,0,0,0,0,0,0,0,0,40,98,0,52,0,0,0,0,0
258,0,7,0,0,0,0,0,224258,0,0,0,0,53,0,0,0,0,0,0,0,0,0,0,0,0,0,0,0,0,0,0,0,0,0,0,104,39,0,136,0,0,0,0,0
258,0,8,0,0,0,0,0,224258,0,0,0,0,50,0,0,0,0,0,0,0,0,0,0,0,0,0,0,0,0,0,0,0,0,0,0,52,0,42,107,0,0,0,0,0
258,0,9,0,0,0,0,0,224258,0,0,0,0,47,0,0,0,0,0,0,0,0,0,0,0,0,0,0,0,0,0,0,0,0,0,377,42,0,0,53,0,0,0,0,0
258,0,10,0,0,0,0,0,224258,0,0,0,0,53,0,0,0,0,0,0,0,0,0,0,0,0,0,0,0,0,0,0,0,0,0,0,87,92,0,122,0,0,0,0,0
258,0,11,0,0,0,0,0,224258,0,0,0,0,53,0,0,0,0,0,0,0,0,0,0,0,0,0,0,0,0,0,0,0,0,0,0,41,39,0,94,0,0,0,0,0
258,0,12,0,0,0,0,0,224258,0,0,0,0,47,0,0,0,0,0,0,0,0,0,0,0,0,0,0,0,0,0,0,0,0,0,0,0,0,45,93,0,0,0,0,0
258,0,13,0,0,0,0,0,224258,0,0,0,0,53,0,0,0,0,0,0,0,0,0,0,0,0,0,0,0,0,0,0,0,0,0,166,0,0,0,109,0,0,0,0,0
258,0,14,0,0,0,0,0,224258,0,0,0,0,53,0,0,0,0,0,0,0,0,0,0,0,0,0,0,0,0,0,0,0,0,0,0,0,92,0,64,0,0,0,0,0
258,0,15,0,0,0,0,0,224258,0,0,0,0,53,0,0,0,0,0,0,0,0,0,0,0,0,0,0,0,0,0,0,0,0,0,0,0,27,0,100,0,0,0,0,0
259,0,0,0,0,0,0,0,725870,0,0,4104,270336,136,0,0,0,0,0,9852,0,0,0,0,0,0,0,0,4104,4104,0,102339,0,250746,270336,0,1321,0,136,284,0,0,0,0,24576
259,0,1,0,0,0,0,0,362935,9852,0,0,0,4158,0,0,0,0,0,9852,0,0,0,0,0,0,0,0,0,328,0,49925,0,96129,0,0,530,170,758,6931,0,0,6144,0,0
259,0,2,0,0,0,0,0,362935,0,0,0,0,815,6144,0,0,0,0,0,0,0,0,0,0,0,0,0,0,0,0,0,0,53119,61436,0,249,1115,789,1846,0,0,6144,0,6144
259,0,3,0,0,0,0,0,362935,0,0,0,0,815,6144,0,0,0,0,0,0,0,0,0,0,0,0,0,0,0,0,0,0,0,59392,0,94,302,0,1340,0,0,0,0,6144
259,0,4,0,0,0,0,0,362935,0,0,0,0,816,6144,0,0,0,0,0,0,0,0,0,0,0,0,0,0,0,0,0,0,0,61181,0,87,0,301,837,6144,0,0,0,6144
259,0,5,0,0,0,0,0,362935,0,0,0,0,815,6144,0,0,0,0,0,0,0,0,0,0,0,0,0,0,0,0,0,0,0,61820,1552,148,0,1,1458,0,0,0,0,6144
259,0,6,0,0,0,0,0,362935,0,0,0,0,47,0,0,0,0,0,0,0,0,0,0,0,0,0,0,0,0,0,0,0,0,0,0,40,98,1,52,0,0,0,0,0
259,0,7,0,0,0,0,0,362935,0,0,0,0,53,0,0,0,0,0,0,0,0,0,0,0,0,0,0,0,0,0,0,0,0,0,0,107,39,0,137,0,0,0,0,0
259,0,8,0,0,0,0,0,362935,0,0,0,0,50,0,0,0,0,0,0,0,0,0,0,0,0,0,0,0,0,0,0,0,0,0,0,52,0,42,107,0,0,0,0,0
259,0,9,0,0,0,0,0,362935,0,0,0,0,47,0,0,0,0,0,0,0,0,0,0,0,0,0,0,0,0,0,0,0,0,0,375,42,0,0,53,0,0,0,0,0
259,0,10,0,0,0,0,0,362935,0,0,0,0,53,0,0,0,0,0,0,0,0,0,0,0,0,0,0,0,0,0,0,0,0,0,0,88,92,0,121,0,0,0,0,0
259,0,11,0,0,0,0,0,362935,0,0,0,0,53,0,0,0,0,0,0,0,0,0,0,0,0,0,0,0,0,0,0,0,0,0,0,40,39,0,94,0,0,0,0,0
259,0,12,0,0,0,0,0,362935,0,0,0,0,47,0,0,0,0,0,0,0,0,0,0,0,0,0,0,0,0,0,0,0,0,0,0,0,0,45,93,0,0,0,0,0
259,0,13,0,0,0,0,0,362935,0,0,0,0,53,0,0,0,0,0,0,0,0,0,0,0,0,0,0,0,0,0,0,0,0,0,168,0,0,0,109,0,0,0,0,0
259,0,14,0,0,0,0,0,362934,0,0,0,0,53,0,0,0,0,0,0,0,0,0,0,0,0,0,0,0,0,0,0,0,0,0,0,0,90,0,63,0,0,0,0,0
259,0,15,0,0,0,0,0,362935,0,0,0,0,51,0,0,0,0,0,0,0,0,0,0,0,0,0,0,0,0,0,0,0,0,0,0,0,29,0,101,0,0,0,0,0
260,0,0,0,0,0,0,0,725762,0,0,4104,270336,136,0,0,0,0,0,9852,0,0,0,0,0,0,0,0,4104,4104,0,104190,0,245770,270336,0,1321,0,136,284,0,0,0,0,24576
260,0,1,0,0,0,0,0,362881,9852,0,0,0,4161,0,0,0,0,0,9852,0,0,0,0,0,0,0,0,0,3961,0,53119,0,94214,0,0,84,676,695,6933,0,0,6144,0,0
260,0,2,0,0,0,0,0,362881,0,0,0,0,813,6144,0,0,0,0,0,0,0,0,0,0,0,0,0,0,0,0,0,0,49293,61437,0,249,1118,1294,1401,0,0,6144,0,6144
260,0,3,0,0,0,0,0,362881,0,0,0,0,815,6144,0,0,0,0,0,0,0,0,0,0,0,0,0,0,0,0,0,0,0,61366,0,95,302,0,834,0,0,0,0,6144
260,0,4,0,0,0,0,0,362881,0,0,0,0,815,6144,0,0,0,0,0,0,0,0,0,0,0,0,0,0,0,0,0,0,0,59394,0,87,0,302,1344,6144,0,0,0,6144
260,0,5,0,0,0,0,0,362881,0,0,0,0,816,6144,0,0,0,0,0,0,0,0,0,0,0,0,0,0,0,0,0,0,0,59392,1550,148,0,1,1905,0,0,0,0,6144
260,0,6,0,0,0,0,0,362882,0,0,0,0,47,0,0,0,0,0,0,0,0,0,0,0,0,0,0,0,0,0,0,0,0,0,0,40,98,1,52,0,0,0,0,0
260,0,7,0,0,0,0,0,362881,0,0,0,0,53,0,0,0,0,0,0,0,0,0,0,0,0,0,0,0,0,0,0,0,0,0,0,106,39,0,137,0,0,0,0,0
260,0,8,0,0,0,0,0,362881,0,0,0,0,50,0,0,0,0,0,0,0,0,0,0,0,0,0,0,0,0,0,0,0,0,0,0,52,0,42,107,0,0,0,0,0
260,0,9,0,0,0,0,0,362881,0,0,0,0,47,0,0,0,0,0,0,0,0,0,0,0,0,0,0,0,0,0,0,0,0,0,375,42,0,0,53,0,0,0,0,0
260,0,10,0,0,0,0,0,362881,0,0,0,0,53,0,0,0,0,0,0,0,0,0,0,0,0,0,0,0,0,0,0,0,0,0,0,88,92,0,121,0,0,0,0,0
260,0,11,0,0,0,0,0,362881,0,0,0,0,53,0,0,0,0,0,0,0,0,0,0,0,0,0,0,0,0,0,0,0,0,0,0,41,39,0,94,0,0,0,0,0
260,0,12,0,0,0,0,0,362881,0,0,0,0,47,0,0,0,0,0,0,0,0,0,0,0,0,0,0,0,0,0,0,0,0,0,0,0,0,45,93,0,0,0,0,0
260,0,13,0,0,0,0,0,362881,0,0,0,0,53,0,0,0,0,0,0,0,0,0,0,0,0,0,0,0,0,0,0,0,0,0,168,0,0,0,109,0,0,0,0,0
260,0,14,0,0,0,0,0,362881,0,0,0,0,53,0,0,0,0,0,0,0,0,0,0,0,0,0,0,0,0,0,0,0,0,0,0,0,90,0,63,0,0,0,0,0
260,0,15,0,0,0,0,0,362881,0,0,0,0,51,0,0,0,0,0,0,0,0,0,0,0,0,0,0,0,0,0,0,0,0,0,0,0,29,0,100,0,0,0,0,0
261,0,0,0,0,0,0,0,725750,0,0,4104,270336,136,0,0,0,0,0,9849,0,0,0,0,0,0,0,0,4104,4104,0,104251,0,245719,270336,0,1321,0,136,284,0,0,0,0,24576
261,0,1,0,0,0,0,0,362875,9849,0,0,0,4158,0,0,0,0,0,9849,0,0,0,0,0,0,0,0,0,4075,0,53180,0,94211,0,0,87,673,698,6929,0,0,6144,0,0
261,0,2,0,0,0,0,0,362875,0,0,0,0,815,6144,0,0,0,0,0,0,0,0,0,0,0,0,0,0,0,0,0,0,49181,61437,0,249,1116,1293,1401,0,0,6144,0,6144
261,0,3,0,0,0,0,0,362875,0,0,0,0,814,6144,0,0,0,0,0,0,0,0,0,0,0,0,0,0,0,0,0,0,0,61417,0,96,302,0,834,0,0,0,0,6144
261,0,4,0,0,0,0,0,362875,0,0,0,0,817,6144,0,0,0,0,0,0,0,0,0,0,0,0,0,0,0,0,0,0,0,59333,0,87,0,300,1343,6144,0,0,0,6144
261,0,5,0,0,0,0,0,362875,0,0,0,0,815,6144,0,0,0,0,0,0,0,0,0,0,0,0,0,0,0,0,0,0,0,59394,1553,148,0,1,1901,0,0,0,0,6144
261,0,6,0,0,0,0,0,362874,0,0,0,0,47,0,0,0,0,0,0,0,0,0,0,0,0,0,0,0,0,0,0,0,0,0,0,40,98,1,52,0,0,0,0,0
261,0,7,0,0,0,0,0,362875,0,0,0,0,53,0,0,0,0,0,0,0,0,0,0,0,0,0,0,0,0,0,0,0,0,0,0,105,39,0,137,0,0,0,0,0
261,0,8,0,0,0,0,0,362875,0,0,0,0,50,0,0,0,0,0,0,0,0,0,0,0,0,0,0,0,0,0,0,0,0,0,0,52,0,42,107,0,0,0,0,0
261,0,9,0,0,0,0,0,362875,0,0,0,0,47,0,0,0,0,0,0,0,0,0,0,0,0,0,0,0,0,0,0,0,0,0,375,42,0,0,53,0,0,0,0,0
261,0,10,0,0,0,0,0,362875,0,0,0,0,53,0,0,0,0,0,0,0,0,0,0,0,0,0,0,0,0,0,0,0,0,0,0,88,92,0,121,0,0,0,0,0
261,0,11,0,0,0,0,0,362875,0,0,0,0,53,0,0,0,0,0,0,0,0,0,0,0,0,0,0,0,0,0,0,0,0,0,0,42,39,0,94,0,0,0,0,0
261,0,12,0,0,0,0,0,362875,0,0,0,0,47,0,0,0,0,0,0,0,0,0,0,0,0,0,0,0,0,0,0,0,0,0,0,0,0,45,93,0,0,0,0,0
261,0,13,0,0,0,0,0,362875,0,0,0,0,53,0,0,0,0,0,0,0,0,0,0,0,0,0,0,0,0,0,0,0,0,0,168,0,0,0,109,0,0,0,0,0
261,0,14,0,0,0,0,0,362875,0,0,0,0,53,0,0,0,0,0,0,0,0,0,0,0,0,0,0,0,0,0,0,0,0,0,0,0,90,0,63,0,0,0,0,0
261,0,15,0,0,0,0,0,362875,0,0,0,0,51,0,0,0,0,0,0,0,0,0,0,0,0,0,0,0,0,0,0,0,0,0,0,0,29,0,99,0,0,0,0,0
262,0,0,0,0,0,0,0,1038119,0,0,6156,405504,136,0,0,0,0,0,12939,0,0,0,0,0,0,0,0,6156,6156,0,103169,0,386810,405504,0,1321,0,136,284,0,0,0,0,36864
262,0,1,0,0,0,0,0,519059,12939,0,0,0,4934,0,0,0,0,0,12939,0,0,0,0,0,0,0,0,0,3971,0,52223,0,175293,0,0,336,676,1724,8732,0,0,6144,0,0
262,0,2,0,0,0,0,0,519059,0,0,0,0,815,6144,0,0,0,0,0,0,0,0,0,0,0,0,0,0,0,0,50495,0,96066,60861,0,764,1116,1748,1459,0,0,6144,0,6144
262,0,3,0,0,0,0,0,519059,0,0,0,0,815,6144,0,0,0,0,0,0,0,0,0,0,0,0,0,0,0,0,50813,0,0,59392,0,412,302,0,1090,0,0,0,0,6144
262,0,4,0,0,0,0,0,519059,0,0,0,0,817,6144,0,0,0,0,0,0,0,0,0,0,0,0,0,0,0,0,0,0,0,60607,0,87,0,300,1345,12288,0,0,0,6144
262,0,5,0,0,0,0,0,519059,0,0,0,0,814,6144,0,0,0,0,0,0,0,0,0,0,0,0,0,0,0,0,0,0,0,59647,2574,150,0,2,1649,0,0,6144,0,6144
262,0,6,0,0,0,0,0,519058,0,0,0,0,817,6144,0,0,0,0,0,0,0,0,0,0,0,0,0,0,0,0,0,0,0,61120,0,39,1122,0,1335,0,0,6144,0,6144
262,0,7,0,0,0,0,0,519059,0,0,0,0,823,6144,0,0,0,0,0,0,0,0,0,0,0,0,0,0,0,0,0,0,0,58948,0,111,294,0,1614,0,0,0,0,6144
262,0,8,0,0,0,0,0,519059,0,0,0,0,51,0,0,0,0,0,0,0,0,0,0,0,0,0,0,0,0,0,0,0,0,0,0,52,0,41,108,0,0,0,0,0
262,0,9,0,0,0,0,0,519059,0,0,0,0,48,0,0,0,0,0,0,0,0,0,0,0,0,0,0,0,0,0,0,0,0,0,378,41,0,0,53,0,0,0,0,0
262,0,10,0,0,0,0,0,519059,0,0,0,0,52,0,0,0,0,0,0,0,0,0,0,0,0,0,0,0,0,0,0,0,0,0,0,86,92,0,123,0,0,0,0,0
262,0,11,0,0,0,0,0,519059,0,0,0,0,52,0,0,0,0,0,0,0,0,0,0,0,0,0,0,0,0,0,0,0,0,0,0,38,40,0,93,0,0,0,0,0
262,0,12,0,0,0,0,0,519059,0,0,0,0,46,0,0,0,0,0,0,0,0,0,0,0,0,0,0,0,0,0,0,0,0,0,0,0,0,46,92,0,0,0,0,0
262,0,13,0,0,0,0,0,519059,0,0,0,0,53,0,0,0,0,0,0,0,0,0,0,0,0,0,0,0,0,0,0,0,0,0,165,0,0,0,110,0,0,0,0,0
262,0,14,0,0,0,0,0,519058,0,0,0,0,52,0,0,0,0,0,0,0,0,0,0,0,0,0,0,0,0,0,0,0,0,0,0,0,92,0,64,0,0,0,0,0
262,0,15,0,0,0,0,0,519059,0,0,0,0,52,0,0,0,0,0,0,0,0,0,0,0,0,0,0,0,0,0,0,0,0,0,0,0,28,0,106,0,0,0,0,0
263,0,0,0,0,0,0,0,1038072,0,0,6156,405504,136,0,0,0,0,0,12942,0,0,0,0,0,0,0,0,6156,6156,0,103232,0,387134,405504,0,1321,0,136,284,0,0,0,0,36864
263,0,1,0,0,0,0,0,519036,12942,0,0,0,5118,0,0,0,0,0,12942,0,0,0,0,0,0,0,0,0,2691,0,51777,0,173377,0,0,399,614,1539,9112,0,0,6144,0,0
263,0,2,0,0,0,0,0,519036,0,0,0,0,816,6144,0,0,0,0,0,0,0,0,0,0,0,0,0,0,0,0,50115,0,95869,61437,0,1208,1115,1424,1525,0,0,6144,0,6144
263,0,3,0,0,0,0,0,519036,0,0,0,0,814,6144,0,0,0,0,0,0,0,0,0,0,0,0,0,0,0,0,49409,0,0,59393,0,482,302,0,1344,0,0,0,0,6144
263,0,4,0,0,0,0,0,519036,0,0,0,0,814,6144,0,0,0,0,0,0,0,0,0,0,0,0,0,0,0,0,0,0,0,60288,0,87,0,303,1281,12288,0,0,0,6144
263,0,5,0,0,0,0,0,519036,0,0,0,0,815,6144,0,0,0,0,0,0,0,0,0,0,0,0,0,0,0,0,0,0,0,60478,2379,149,0,1,1588,0,0,6144,0,6144
263,0,6,0,0,0,0,0,519036,0,0,0,0,626,6144,0,0,0,0,0,0,0,0,0,0,0,0,0,0,0,0,0,0,0,61438,0,40,1311,1,699,0,0,6144,0,6144
263,0,7,0,0,0,0,0,519036,0,0,0,0,821,6144,0,0,0,0,0,0,0,0,0,0,0,0,0,0,0,0,0,0,0,59774,0,106,296,0,1546,0,0,0,0,6144
263,0,8,0,0,0,0,0,519036,0,0,0,0,52,0,0,0,0,0,0,0,0,0,0,0,0,0,0,0,0,0,0,0,0,0,0,52,0,40,109,0,0,0,0,0
263,0,9,0,0,0,0,0,519036,0,0,0,0,46,0,0,0,0,0,0,0,0,0,0,0,0,0,0,0,0,0,0,0,0,0,381,42,0,0,51,0,0,0,0,0
263,0,10,0,0,0,0,0,519036,0,0,0,0,53,0,0,0,0,0,0,0,0,0,0,0,0,0,0,0,0,0,0,0,0,0,0,85,92,0,124,0,0,0,0,0
263,0,11,0,0,0,0,0,519036,0,0,0,0,53,0,0,0,0,0,0,0,0,0,0,0,0,0,0,0,0,0,0,0,0,0,0,43,39,0,94,0,0,0,0,0
263,0,12,0,0,0,0,0,519036,0,0,0,0,47,0,0,0,0,0,0,0,0,0,0,0,0,0,0,0,0,0,0,0,0,0,0,0,0,45,93,0,0,0,0,0
263,0,13,0,0,0,0,0,519036,0,0,0,0,53,0,0,0,0,0,0,0,0,0,0,0,0,0,0,0,0,0,0,0,0,0,165,0,0,0,109,0,0,0,0,0
263,0,14,0,0,0,0,0,519036,0,0,0,0,53,0,0,0,0,0,0,0,0,0,0,0,0,0,0,0,0,0,0,0,0,0,0,0,93,0,66,0,0,0,0,0
263,0,15,0,0,0,0,0,519036,0,0,0,0,54,0,0,0,0,0,0,0,0,0,0,0,0,0,0,0,0,0,0,0,0,0,0,0,26,0,103,0,0,0,0,0
264,0,0,0,0,0,0,0,1038151,0,0,6156,405504,136,0,0,0,0,0,12942,0,0,0,0,0,0,0,0,6156,6156,0,103296,0,386623,405504,0,1321,0,136,284,0,0,0,0,36864
264,0,1,0,0,0,0,0,519076,12942,0,0,0,5134,0,0,0,0,0,12942,0,0,0,0,0,0,0,0,0,2434,0,51778,0,174525,0,0,523,679,1334,8923,0,0,6144,0,0
264,0,2,0,0,0,0,0,519076,0,0,0,0,816,6144,0,0,0,0,0,0,0,0,0,0,0,0,0,0,0,0,50179,0,96320,61437,0,1088,1116,1871,1403,0,0,6144,0,6144
264,0,3,0,0,0,0,0,519076,0,0,0,0,815,6144,0,0,0,0,0,0,0,0,0,0,0,0,0,0,0,0,51197,0,0,59647,0,105,301,0,1275,0,0,0,0,6144
264,0,4,0,0,0,0,0,519076,0,0,0,0,815,6144,0,0,0,0,0,0,0,0,0,0,0,0,0,0,0,0,0,0,0,60288,0,82,0,302,1349,12288,0,0,0,6144
264,0,5,0,0,0,0,0,519076,0,0,0,0,814,6144,0,0,0,0,0,0,0,0,0,0,0,0,0,0,0,0,0,0,0,60030,2583,149,0,1,1463,0,0,6144,0,6144
264,0,6,0,0,0,0,0,519076,0,0,0,0,811,6144,0,0,0,0,0,0,0,0,0,0,0,0,0,0,0,0,0,0,0,61437,0,35,1125,2,1009,0,0,6144,0,6144
264,0,7,0,0,0,0,0,519076,0,0,0,0,821,6144,0,0,0,0,0,0,0,0,0,0,0,0,0,0,0,0,0,0,0,58563,0,104,296,0,1924,0,0,0,0,6144
264,0,8,0,0,0,0,0,519076,0,0,0,0,50,0,0,0,0,0,0,0,0,0,0,0,0,0,0,0,0,0,0,0,0,0,0,57,0,42,107,0,0,0,0,0
264,0,9,0,0,0,0,0,519076,0,0,0,0,47,0,0,0,0,0,0,0,0,0,0,0,0,0,0,0,0,0,0,0,0,0,365,41,0,0,53,0,0,0,0,0
264,0,10,0,0,0,0,0,519076,0,0,0,0,54,0,0,0,0,0,0,0,0,0,0,0,0,0,0,0,0,0,0,0,0,0,0,88,92,0,127,0,0,0,0,0
264,0,11,0,0,0,0,0,519076,0,0,0,0,54,0,0,0,0,0,0,0,0,0,0,0,0,0,0,0,0,0,0,0,0,0,0,45,38,0,95,0,0,0,0,0
264,0,12,0,0,0,0,0,519076,0,0,0,0,54,0,0,0,0,0,0,0,0,0,0,0,0,0,0,0,0,0,0,0,0,0,0,0,0,38,95,0,0,0,0,0
264,0,13,0,0,0,0,0,519076,0,0,0,0,51,0,0,0,0,0,0,0,0,0,0,0,0,0,0,0,0,0,0,0,0,0,178,0,0,0,108,0,0,0,0,0
264,0,14,0,0,0,0,0,519076,0,0,0,0,54,0,0,0,0,0,0,0,0,0,0,0,0,0,0,0,0,0,0,0,0,0,0,0,89,0,64,0,0,0,0,0
264,0,15,0,0,0,0,0,519076,0,0,0,0,51,0,0,0,0,0,0,0,0,0,0,0,0,0,0,0,0,0,0,0,0,0,0,0,29,0,98,0,0,0,0,0
265,0,0,0,0,0,0,0,1350455,0,0,8208,540672,136,0,0,0,0,0,16032,0,0,0,0,0,0,0,0,8208,8208,0,186246,0,456636,540672,0,2348,0,136,284,0,0,0,0,49152
265,0,1,0,0,0,0,0,675228,16032,0,0,0,7230,0,0,0,0,0,16032,0,0,0,0,0,0,0,0,0,404,0,96192,0,174210,0,0,1040,1128,326,12060,0,0,6144,0,0
265,0,2,0,0,0,0,0,675228,0,0,0,0,814,6144,0,0,0,0,0,0,0,0,0,0,0,0,0,0,0,0,51070,0,94340,61437,0,1210,1116,2253,1906,0,0,6144,0,6144
265,0,3,0,0,0,0,0,675228,0,0,0,0,815,6144,0,0,0,0,0,0,0,0,0,0,0,0,0,0,0,0,51134,0,0,59391,0,164,302,0,833,0,0,0,0,6144
265,0,4,0,0,0,0,0,675228,0,0,0,0,816,6144,0,0,0,0,0,0,0,0,0,0,0,0,0,0,0,0,49217,0,0,61245,0,599,0,301,1285,18432,0,0,0,6144
265,0,5,0,0,0,0,0,675228,0,0,0,0,815,6144,0,0,0,0,0,0,0,0,0,0,0,0,0,0,0,0,53112,0,0,59393,3590,662,0,1,1461,0,0,6144,0,6144
265,0,6,0,0,0,0,0,675227,0,0,0,0,814,6144,0,0,0,0,0,0,0,0,0,0,0,0,0,0,0,0,0,0,0,61440,0,40,1125,1,885,0,0,6144,0,6144
265,0,7,0,0,0,0,0,675228,0,0,0,0,823,6144,0,0,0,0,0,0,0,0,0,0,0,0,0,0,0,0,0,0,0,57351,0,108,294,0,1864,0,0,0,0,6144
265,0,8,0,0,0,0,0,675228,0,0,0,0,822,6144,0,0,0,0,0,0,0,0,0,0,0,0,0,0,0,0,0,0,0,59330,0,52,0,295,1394,6144,0,0,0,6144
265,0,9,0,0,0,0,0,675228,0,0,0,0,814,6144,0,0,0,0,0,0,0,0,0,0,0,0,0,0,0,0,0,0,0,59460,1406,42,0,1,1333,0,0,0,0,6144
265,0,10,0,0,0,0,0,675228,0,0,0,0,53,0,0,0,0,0,0,0,0,0,0,0,0,0,0,0,0,0,0,0,0,0,0,85,92,1,124,0,0,0,0,0
265,0,11,0,0,0,0,0,675228,0,0,0,0,53,0,0,0,0,0,0,0,0,0,0,0,0,0,0,0,0,0,0,0,0,0,0,42,39,0,94,0,0,0,0,0
265,0,12,0,0,0,0,0,675228,0,0,0,0,47,0,0,0,0,0,0,0,0,0,0,0,0,0,0,0,0,0,0,0,0,0,0,0,0,45,93,0,0,0,0,0
265,0,13,0,0,0,0,0,675228,0,0,0,0,53,0,0,0,0,0,0,0,0,0,0,0,0,0,0,0,0,0,0,0,0,0,166,0,0,0,109,0,0,0,0,0
265,0,14,0,0,0,0,0,675227,0,0,0,0,53,0,0,0,0,0,0,0,0,0,0,0,0,0,0,0,0,0,0,0,0,0,0,0,92,0,66,0,0,0,0,0
265,0,15,0,0,0,0,0,675228,0,0,0,0,53,0,0,0,0,0,0,0,0,0,0,0,0,0,0,0,0,0,0,0,0,0,0,0,27,0,105,0,0,0,0,0
266,0,0,0,0,0,0,0,1350338,0,0,8208,540672,136,0,0,0,0,0,16029,0,0,0,0,0,0,0,0,8208,8208,0,189801,0,455875,540672,0,2348,0,136,284,0,0,0,0,49152
266,0,1,0,0,0,0,0,675169,16029,0,0,0,7240,0,0,0,0,0,16029,0,0,0,0,0,0,0,0,0,4356,0,94980,0,175740,0,0,978,234,1272,12063,0,0,6144,0,0
266,0,2,0,0,0,0,0,675169,0,0,0,0,817,6144,0,0,0,0,0,0,0,0,0,0,0,0,0,0,0,0,49412,0,96063,61436,0,765,1116,2256,1404,0,0,6144,0,6144
266,0,3,0,0,0,0,0,675169,0,0,0,0,817,6144,0,0,0,0,0,0,0,0,0,0,0,0,0,0,0,0,51069,0,0,59392,0,98,300,0,898,0,0,0,0,6144
266,0,4,0,0,0,0,0,675169,0,0,0,0,816,6144,0,0,0,0,0,0,0,0,0,0,0,0,0,0,0,0,49156,0,0,59521,0,90,0,301,899,18432,0,0,0,6144
266,0,5,0,0,0,0,0,675169,0,0,0,0,815,6144,0,0,0,0,0,0,0,0,0,0,0,0,0,0,0,0,49546,0,0,61624,3597,727,0,1,1458,0,0,6144,0,6144
266,0,6,0,0,0,0,0,675169,0,0,0,0,814,6144,0,0,0,0,0,0,0,0,0,0,0,0,0,0,0,0,0,0,0,61439,0,40,1124,1,1330,0,0,6144,0,6144
266,0,7,0,0,0,0,0,675169,0,0,0,0,822,6144,0,0,0,0,0,0,0,0,0,0,0,0,0,0,0,0,0,0,0,59390,0,107,295,0,1930,0,0,0,0,6144
266,0,8,0,0,0,0,0,675169,0,0,0,0,819,6144,0,0,0,0,0,0,0,0,0,0,0,0,0,0,0,0,0,0,0,61176,0,52,0,298,1900,6144,0,0,0,6144
266,0,9,0,0,0,0,0,675169,0,0,0,0,815,6144,0,0,0,0,0,0,0,0,0,0,0,0,0,0,0,0,0,0,0,61243,1400,42,0,1,1269,0,0,0,0,6144
266,0,10,0,0,0,0,0,675169,0,0,0,0,53,0,0,0,0,0,0,0,0,0,0,0,0,0,0,0,0,0,0,0,0,0,0,88,92,1,121,0,0,0,0,0
266,0,11,0,0,0,0,0,675169,0,0,0,0,53,0,0,0,0,0,0,0,0,0,0,0,0,0,0,0,0,0,0,0,0,0,0,43,39,0,94,0,0,0,0,0
266,0,12,0,0,0,0,0,675169,0,0,0,0,47,0,0,0,0,0,0,0,0,0,0,0,0,0,0,0,0,0,0,0,0,0,0,0,0,45,93,0,0,0,0,0
266,0,13,0,0,0,0,0,675169,0,0,0,0,53,0,0,0,0,0,0,0,0,0,0,0,0,0,0,0,0,0,0,0,0,0,168,0,0,0,109,0,0,0,0,0
266,0,14,0,0,0,0,0,675169,0,0,0,0,53,0,0,0,0,0,0,0,0,0,0,0,0,0,0,0,0,0,0,0,0,0,0,0,90,0,63,0,0,0,0,0
266,0,15,0,0,0,0,0,675169,0,0,0,0,51,0,0,0,0,0,0,0,0,0,0,0,0,0,0,0,0,0,0,0,0,0,0,0,29,0,102,0,0,0,0,0
267,0,0,0,0,0,0,0,1350434,0,0,8208,540672,136,0,0,0,0,0,16032,0,0,0,0,0,0,0,0,8208,8208,0,189645,0,455956,540672,0,2348,0,136,284,0,0,0,0,49152
267,0,1,0,0,0,0,0,675217,16032,0,0,0,7228,0,0,0,0,0,16032,0,0,0,0,0,0,0,0,0,3911,0,95061,0,175790,0,0,190,1185,1121,12054,0,0,6144,0,0
267,0,2,0,0,0,0,0,675217,0,0,0,0,812,6144,0,0,0,0,0,0,0,0,0,0,0,0,0,0,0,0,49484,0,95980,61437,0,1265,1116,1404,1903,0,0,6144,0,6144
267,0,3,0,0,0,0,0,675217,0,0,0,0,813,6144,0,0,0,0,0,0,0,0,0,0,0,0,0,0,0,0,51188,0,0,59389,0,559,304,0,1285,0,0,0,0,6144
267,0,4,0,0,0,0,0,675217,0,0,0,0,814,6144,0,0,0,0,0,0,0,0,0,0,0,0,0,0,0,0,49161,0,0,59603,0,599,0,303,1340,18432,0,0,0,6144
267,0,5,0,0,0,0,0,675217,0,0,0,0,816,6144,0,0,0,0,0,0,0,0,0,0,0,0,0,0,0,0,49711,0,0,61548,3594,1116,0,1,1858,0,0,6144,0,6144
267,0,6,0,0,0,0,0,675217,0,0,0,0,816,6144,0,0,0,0,0,0,0,0,0,0,0,0,0,0,0,0,0,0,0,61440,0,40,1119,1,832,0,0,6144,0,6144
267,0,7,0,0,0,0,0,675217,0,0,0,0,819,6144,0,0,0,0,0,0,0,0,0,0,0,0,0,0,0,0,0,0,0,59165,0,108,298,0,1465,0,0,0,0,6144
267,0,8,0,0,0,0,0,675217,0,0,0,0,819,6144,0,0,0,0,0,0,0,0,0,0,0,0,0,0,0,0,0,0,0,61085,0,52,0,298,1391,6144,0,0,0,6144
267,0,9,0,0,0,0,0,675217,0,0,0,0,813,6144,0,0,0,0,0,0,0,0,0,0,0,0,0,0,0,0,0,0,0,61160,1405,42,0,1,878,0,0,0,0,6144
267,0,10,0,0,0,0,0,675217,0,0,0,0,53,0,0,0,0,0,0,0,0,0,0,0,0,0,0,0,0,0,0,0,0,0,0,85,92,1,124,0,0,0,0,0
267,0,11,0,0,0,0,0,675217,0,0,0,0,53,0,0,0,0,0,0,0,0,0,0,0,0,0,0,0,0,0,0,0,0,0,0,42,39,0,94,0,0,0,0,0
267,0,12,0,0,0,0,0,675217,0,0,0,0,47,0,0,0,0,0,0,0,0,0,0,0,0,0,0,0,0,0,0,0,0,0,0,0,0,45,93,0,0,0,0,0
267,0,13,0,0,0,0,0,675217,0,0,0,0,53,0,0,0,0,0,0,0,0,0,0,0,0,0,0,0,0,0,0,0,0,0,165,0,0,0,109,0,0,0,0,0
267,0,14,0,0,0,0,0,675217,0,0,0,0,53,0,0,0,0,0,0,0,0,0,0,0,0,0,0,0,0,0,0,0,0,0,0,0,93,0,66,0,0,0,0,0
267,0,15,0,0,0,0,0,675217,0,0,0,0,54,0,0,0,0,0,0,0,0,0,0,0,0,0,0,0,0,0,0,0,0,0,0,0,26,0,106,0,0,0,0,0
268,0,0,0,0,0,0,0,1662618,0,0,10260,675840,136,0,0,0,0,0,19122,0,0,0,0,0,0,0,0,10260,10260,0,187711,0,591430,675840,0,2348,0,136,284,0,0,0,0,244588
268,0,1,0,0,0,0,0,831309,19122,0,0,0,8769,0,0,0,0,0,19122,0,0,0,0,0,0,0,0,0,4996,0,96064,0,242689,0,0,591,934,1484,14618,0,0,6144,0,0
268,0,2,0,0,0,0,0,831309,0,0,0,0,817,6144,0,0,0,0,0,0,0,0,0,0,0,0,0,0,0,0,94977,0,131392,61180,0,1976,1116,2448,1844,0,0,6144,0,6144
268,0,3,0,0,0,0,0,831309,0,0,0,0,818,6144,0,0,0,0,0,0,0,0,0,0,0,0,0,0,0,0,95673,0,0,59392,0,549,299,0,1283,0,0,0,0,6144
268,0,4,0,0,0,0,0,831309,0,0,0,0,815,6144,0,0,0,0,0,0,0,0,0,0,0,0,0,0,0,0,49921,0,0,60418,0,344,0,302,1344,24576,0,0,0,6144
268,0,5,0,0,0,0,0,831309,0,0,0,0,813,6144,0,0,0,0,0,0,0,0,0,0,0,0,0,0,0,0,51458,0,0,59583,4619,667,0,1,1903,0,0,6144,0,6144
268,0,6,0,0,0,0,0,831308,0,0,0,0,817,6144,0,0,0,0,0,0,0,0,0,0,0,0,0,0,0,0,51136,0,0,60993,0,364,1120,1,825,0,0,6144,0,6144
268,0,7,0,0,0,0,0,831309,0,0,0,0,821,6144,0,0,0,0,0,0,0,0,0,0,0,0,0,0,0,0,50817,0,0,58307,0,938,296,0,1674,0,0,0,0,6144
268,0,8,0,0,0,0,0,831309,0,0,0,0,821,6144,0,0,0,0,0,0,0,0,0,0,0,0,0,0,0,0,0,0,0,59200,0,52,0,296,1648,12288,0,0,0,6144
268,0,9,0,0,0,0,0,831309,0,0,0,0,816,6144,0,0,0,0,0,0,0,0,0,0,0,0,0,0,0,0,0,0,0,60287,2431,40,0,1,1332,0,0,6144,0,6144
268,0,10,0,0,0,0,0,831309,0,0,0,0,821,6144,0,0,0,0,0,0,0,0,0,0,0,0,0,0,0,0,0,0,0,60735,0,84,1107,1,1596,0,0,6144,0,6144
268,0,11,0,0,0,0,0,831309,0,0,0,0,812,6144,0,0,0,0,0,0,0,0,0,0,0,0,0,0,0,0,0,0,0,60861,0,43,305,0,1050,0,0,0,0,6144
268,0,12,0,0,0,0,0,831309,0,0,0,0,46,0,0,0,0,0,0,0,0,0,0,0,0,0,0,0,0,0,0,0,0,0,0,0,0,46,92,0,0,0,0,0
268,0,13,0,0,0,0,0,831309,0,0,0,0,51,0,0,0,0,0,0,0,0,0,0,0,0,0,0,0,0,0,0,0,0,0,171,0,0,0,109,0,0,0,0,0
268,0,14,0,0,0,0,0,831308,0,0,0,0,54,0,0,0,0,0,0,0,0,0,0,0,0,0,0,0,0,0,0,0,0,0,0,0,88,0,68,0,0,0,0,0
268,0,15,0,0,0,0,0,831309,0,0,0,0,50,0,0,0,0,0,0,0,0,0,0,0,0,0,0,0,0,0,0,0,0,0,0,0,30,0,103,0,0,0,0,0
269,0,0,0,0,0,0,0,1662680,0,0,10260,675840,136,0,0,0,0,0,19122,0,0,0,0,0,0,0,0,10260,10260,0,188605,0,593725,675840,0,2348,0,136,284,0,0,0,0,291654
269,0,1,0,0,0,0,0,831340,19122,0,0,0,8007,0,0,0,0,0,19122,0,0,0,0,0,0,0,0,0,5061,0,96829,0,241986,0,0,849,936,1986,13856,0,0,6144,0,0
269,0,2,0,0,0,0,0,831340,0,0,0,0,816,6144,0,0,0,0,0,0,0,0,0,0,0,0,0,0,0,0,95870,0,131644,60989,0,1470,1116,2642,1653,0,0,6144,0,6144
269,0,3,0,0,0,0,0,831340,0,0,0,0,817,6144,0,0,0,0,0,0,0,0,0,0,0,0,0,0,0,0,95674,0,0,59392,0,356,300,0,1281,0,0,0,0,6144
269,0,4,0,0,0,0,0,831340,0,0,0,0,814,6144,0,0,0,0,0,0,0,0,0,0,0,0,0,0,0,0,50623,0,0,60354,0,345,0,303,1345,24576,0,0,0,6144
269,0,5,0,0,0,0,0,831340,0,0,0,0,815,6144,0,0,0,0,0,0,0,0,0,0,0,0,0,0,0,0,51332,0,0,59838,4619,662,0,1,1652,0,0,6144,0,6144
269,0,6,0,0,0,0,0,831340,0,0,0,0,815,6144,0,0,0,0,0,0,0,0,0,0,0,0,0,0,0,0,49923,0,0,60802,0,362,1123,1,1331,0,0,6144,0,6144
269,0,7,0,0,0,0,0,831340,0,0,0,0,822,6144,0,0,0,0,0,0,0,0,0,0,0,0,0,0,0,0,50497,0,0,58306,0,1134,295,0,1672,0,0,0,0,6144
269,0,8,0,0,0,0,0,831340,0,0,0,0,818,6144,0,0,0,0,0,0,0,0,0,0,0,0,0,0,0,0,0,0,0,59392,0,52,0,299,1644,12288,0,0,0,6144
269,0,9,0,0,0,0,0,831340,0,0,0,0,814,6144,0,0,0,0,0,0,0,0,0,0,0,0,0,0,0,0,0,0,0,60350,2425,42,0,1,1333,0,0,6144,0,6144
269,0,10,0,0,0,0,0,831340,0,0,0,0,821,6144,0,0,0,0,0,0,0,0,0,0,0,0,0,0,0,0,0,0,0,61246,0,85,1117,1,1597,0,0,6144,0,6144
269,0,11,0,0,0,0,0,831340,0,0,0,0,821,6144,0,0,0,0,0,0,0,0,0,0,0,0,0,0,0,0,0,0,0,60926,0,44,295,0,863,0,0,0,0,6144
269,0,12,0,0,0,0,0,831340,0,0,0,0,47,0,0,0,0,0,0,0,0,0,0,0,0,0,0,0,0,0,0,0,0,0,0,0,0,45,93,0,0,0,0,0
269,0,13,0,0,0,0,0,831340,0,0,0,0,53,0,0,0,0,0,0,0,0,0,0,0,0,0,0,0,0,0,0,0,0,0,166,0,0,0,109,0,0,0,0,0
269,0,14,0,0,0,0,0,831340,0,0,0,0,53,0,0,0,0,0,0,0,0,0,0,0,0,0,0,0,0,0,0,0,0,0,0,0,92,0,66,0,0,0,0,0
269,0,15,0,0,0,0,0,831340,0,0,0,0,53,0,0,0,0,0,0,0,0,0,0,0,0,0,0,0,0,0,0,0,0,0,0,0,27,0,105,0,0,0,0,0
270,0,0,0,0,0,0,0,1662479,0,0,10260,675840,136,0,0,0,0,0,19122,0,0,0,0,0,0,0,0,10260,10260,0,187589,0,591750,675840,0,2348,0,136,284,0,0,0,0,244506
270,0,1,0,0,0,0,0,831240,19122,0,0,0,8781,0,0,0,0,0,19122,0,0,0,0,0,0,0,0,0,5128,0,96447,0,242881,0,0,146,484,2367,14618,0,0,6144,0,0
270,0,2,0,0,0,0,0,831240,0,0,0,0,815,6144,0,0,0,0,0,0,0,0,0,0,0,0,0,0,0,0,94848,0,131519,61181,0,1532,1115,2450,1400,0,0,6144,0,6144
270,0,3,0,0,0,0,0,831240,0,0,0,0,813,6144,0,0,0,0,0,0,0,0,0,0,0,0,0,0,0,0,95612,0,0,59393,0,805,303,0,1021,0,0,0,0,6144
270,0,4,0,0,0,0,0,831240,0,0,0,0,813,6144,0,0,0,0,0,0,0,0,0,0,0,0,0,0,0,0,49796,0,0,60288,0,148,0,304,1089,24576,0,0,0,6144
270,0,5,0,0,0,0,0,831240,0,0,0,0,812,6144,0,0,0,0,0,0,0,0,0,0,0,0,0,0,0,0,51200,0,0,59904,4632,1174,0,1,1840,0,0,6144,0,6144
270,0,6,0,0,0,0,0,831240,0,0,0,0,815,6144,0,0,0,0,0,0,0,0,0,0,0,0,0,0,0,0,51260,0,0,60993,0,299,1120,1,1332,0,0,6144,0,6144
270,0,7,0,0,0,0,0,831240,0,0,0,0,819,6144,0,0,0,0,0,0,0,0,0,0,0,0,0,0,0,0,50881,0,0,58433,0,874,298,0,1480,0,0,0,0,6144
270,0,8,0,0,0,0,0,831240,0,0,0,0,818,6144,0,0,0,0,0,0,0,0,0,0,0,0,0,0,0,0,0,0,0,59137,0,57,0,299,1836,12288,0,0,0,6144
270,0,9,0,0,0,0,0,831240,0,0,0,0,813,6144,0,0,0,0,0,0,0,0,0,0,0,0,0,0,0,0,0,0,0,60416,2417,41,0,2,821,0,0,6144,0,6144
270,0,10,0,0,0,0,0,831240,0,0,0,0,821,6144,0,0,0,0,0,0,0,0,0,0,0,0,0,0,0,0,0,0,0,60673,0,86,1116,0,1659,0,0,6144,0,6144
270,0,11,0,0,0,0,0,831240,0,0,0,0,821,6144,0,0,0,0,0,0,0,0,0,0,0,0,0,0,0,0,0,0,0,60797,0,47,296,0,1120,0,0,0,0,6144
270,0,12,0,0,0,0,0,831240,0,0,0,0,54,0,0,0,0,0,0,0,0,0,0,0,0,0,0,0,0,0,0,0,0,0,0,0,0,38,95,0,0,0,0,0
270,0,13,0,0,0,0,0,831240,0,0,0,0,51,0,0,0,0,0,0,0,0,0,0,0,0,0,0,0,0,0,0,0,0,0,175,0,0,0,108,0,0,0,0,0
270,0,14,0,0,0,0,0,831240,0,0,0,0,54,0,0,0,0,0,0,0,0,0,0,0,0,0,0,0,0,0,0,0,0,0,0,0,92,0,66,0,0,0,0,0
270,0,15,0,0,0,0,0,831240,0,0,0,0,54,0,0,0,0,0,0,0,0,0,0,0,0,0,0,0,0,0,0,0,0,0,0,0,26,0,103,0,0,0,0,0
271,0,0,0,0,0,0,0,2130093,0,0,13332,878592,136,0,0,0,0,0,23745,0,0,0,0,0,0,0,0,13332,13332,0,259861,0,727507,878592,0,3417,0,136,284,0,0,0,0,2002544
271,0,1,0,0,0,0,0,1065047,23745,0,0,0,10056,0,0,0,0,0,23745,0,0,0,0,0,0,0,0,0,8647,0,131228,0,275500,0,0,1094,1198,2505,16962,0,0,6145,0,0
271,0,2,0,0,0,0,0,1065047,0,0,0,0,666,6144,0,0,0,0,0,0,0,0,0,0,0,0,0,0,0,0,131771,0,130448,60571,0,2353,1085,2302,1377,0,0,6144,0,6144
271,0,3,0,0,0,0,0,1065047,0,0,0,0,714,6144,0,0,0,0,0,0,0,0,0,0,0,0,0,0,0,0,94705,0,0,60366,0,790,322,0,1033,0,0,0,0,6144
271,0,4,0,0,0,0,0,1065047,0,0,0,0,785,6144,0,0,0,0,0,0,0,0,0,0,0,0,0,0,0,0,94805,0,0,60366,0,779,0,346,1136,283219,0,0,0,6144
271,0,5,0,0,0,0,0,1065047,0,0,0,0,786,6144,0,0,0,0,0,0,0,0,0,0,0,0,0,0,0,0,95190,0,0,59994,6659,1553,0,1,1556,0,0,6386,0,6144
271,0,6,0,0,0,0,0,1065047,0,0,0,0,774,6144,0,0,0,0,0,0,0,0,0,0,0,0,0,0,0,0,94725,0,0,60398,0,707,1080,1,1131,0,0,6144,0,6144
271,0,7,0,0,0,0,0,1065047,0,0,0,0,723,6144,0,0,0,0,0,0,0,0,0,0,0,0,0,0,0,0,51157,0,0,58928,0,794,407,0,1508,0,0,0,0,6144
271,0,8,0,0,0,0,0,1065047,0,0,0,0,742,6144,0,0,0,0,0,0,0,0,0,0,0,0,0,0,0,0,50494,0,0,59492,0,732,0,389,1509,24760,0,0,0,6144
271,0,9,0,0,0,0,0,1065047,0,0,0,0,782,6144,0,0,0,0,0,0,0,0,0,0,0,0,0,0,0,0,51240,0,0,60485,3640,383,0,2,1124,0,0,6144,0,6144
271,0,10,0,0,0,0,0,1065047,0,0,0,0,739,6144,0,0,0,0,0,0,0,0,0,0,0,0,0,0,0,0,52534,0,0,60824,0,803,1193,1,1507,0,0,6144,0,6144
271,0,11,0,0,0,0,0,1065047,0,0,0,0,802,6144,0,0,0,0,0,0,0,0,0,0,0,0,0,0,0,0,0,0,0,60417,0,45,328,0,1197,0,0,0,0,6144
271,0,12,0,0,0,0,0,1065047,0,0,0,0,770,6144,0,0,0,0,0,0,0,0,0,0,0,0,0,0,0,0,0,0,0,61019,0,0,0,361,1177,6144,0,0,0,6144
271,0,13,0,0,0,0,0,1065047,0,0,0,0,745,6144,0,0,0,0,0,0,0,0,0,0,0,0,0,0,0,0,0,0,0,60425,1986,0,0,1,1501,0,0,6144,0,6144
271,0,14,0,0,0,0,0,1065047,0,0,0,0,794,6144,0,0,0,0,0,0,0,0,0,0,0,0,0,0,0,0,0,0,0,60227,0,0,379,1,1130,0,0,0,0,6144
271,0,15,0,0,0,0,0,1065047,0,0,0,0,42,0,0,0,0,0,0,0,0,0,0,0,0,0,0,0,0,0,0,0,0,0,0,0,38,0,95,0,0,0,0,0
272,0,0,0,0,0,0,0,2129987,0,0,13332,878592,136,0,0,0,0,0,23745,0,0,0,0,0,0,0,0,13332,13332,0,259794,0,727304,878592,0,3417,0,136,284,0,0,0,0,2002489
272,0,1,0,0,0,0,0,1064993,23745,0,0,0,10080,0,0,0,0,0,23745,0,0,0,0,0,0,0,0,0,8713,0,131134,0,275640,0,0,1078,1198,2497,16888,0,0,6144,0,0
272,0,2,0,0,0,0,0,1064993,0,0,0,0,668,6144,0,0,0,0,0,0,0,0,0,0,0,0,0,0,0,0,131817,0,130457,60566,0,2364,1098,2305,1374,0,0,6144,0,6144
272,0,3,0,0,0,0,0,1064993,0,0,0,0,731,6144,0,0,0,0,0,0,0,0,0,0,0,0,0,0,0,0,94728,0,0,60369,0,786,306,0,1050,0,0,0,0,6144
272,0,4,0,0,0,0,0,1064993,0,0,0,0,803,6144,0,0,0,0,0,0,0,0,0,0,0,0,0,0,0,0,94770,0,0,60353,0,780,0,328,1160,283077,0,0,0,6144
272,0,5,0,0,0,0,0,1064993,0,0,0,0,811,6144,0,0,0,0,0,0,0,0,0,0,0,0,0,0,0,0,95199,0,0,59857,6744,1556,0,1,1594,0,0,6353,0,6144
272,0,6,0,0,0,0,0,1064992,0,0,0,0,792,6144,0,0,0,0,0,0,0,0,0,0,0,0,0,0,0,0,94786,0,0,60389,0,700,1085,2,1145,0,0,6144,0,6144
272,0,7,0,0,0,0,0,1064993,0,0,0,0,748,6144,0,0,0,0,0,0,0,0,0,0,0,0,0,0,0,0,51166,0,0,58948,0,803,383,0,1526,0,0,0,0,6144
272,0,8,0,0,0,0,0,1064993,0,0,0,0,752,6144,0,0,0,0,0,0,0,0,0,0,0,0,0,0,0,0,50462,0,0,59479,0,738,0,379,1512,24857,0,0,0,6144
272,0,9,0,0,0,0,0,1064993,0,0,0,0,804,6144,0,0,0,0,0,0,0,0,0,0,0,0,0,0,0,0,51212,0,0,60506,3543,376,0,2,1150,0,0,6144,0,6144
272,0,10,0,0,0,0,0,1064993,0,0,0,0,732,6144,0,0,0,0,0,0,0,0,0,0,0,0,0,0,0,0,52578,0,0,60804,0,797,1208,0,1513,0,0,6144,0,6144
272,0,11,0,0,0,0,0,1064993,0,0,0,0,810,6144,0,0,0,0,0,0,0,0,0,0,0,0,0,0,0,0,0,0,0,60405,0,46,321,0,1195,0,0,0,0,6144
272,0,12,0,0,0,0,0,1064993,0,0,0,0,810,6144,0,0,0,0,0,0,0,0,0,0,0,0,0,0,0,0,0,0,0,61022,0,0,0,321,1211,6144,0,0,0,6144
272,0,13,0,0,0,0,0,1064993,0,0,0,0,731,6144,0,0,0,0,0,0,0,0,0,0,0,0,0,0,0,0,0,0,0,60447,2056,0,0,2,1494,0,0,6144,0,6144
272,0,14,0,0,0,0,0,1064992,0,0,0,0,817,6144,0,0,0,0,0,0,0,0,0,0,0,0,0,0,0,0,0,0,0,60226,0,0,362,0,1159,0,0,0,0,6144
272,0,15,0,0,0,0,0,1064993,0,0,0,0,48,0,0,0,0,0,0,0,0,0,0,0,0,0,0,0,0,0,0,0,0,0,0,0,32,0,101,0,0,0,0,0
273,0,0,0,0,0,0,0,2130039,0,0,13332,878592,136,0,0,0,0,0,23745,0,0,0,0,0,0,0,0,13332,13332,0,259871,0,727642,878592,0,3417,0,136,284,0,0,0,0,2002523
273,0,1,0,0,0,0,0,1065019,23745,0,0,0,10116,0,0,0,0,0,23745,0,0,0,0,0,0,0,0,0,8700,0,131323,0,275620,0,0,1089,1188,2460,16969,0,0,6144,0,0
273,0,2,0,0,0,0,0,1065019,0,0,0,0,668,6144,0,0,0,0,0,0,0,0,0,0,0,0,0,0,0,0,131609,0,130572,60520,0,2377,1098,2322,1380,0,0,6144,0,6144
273,0,3,0,0,0,0,0,1065019,0,0,0,0,730,6144,0,0,0,0,0,0,0,0,0,0,0,0,0,0,0,0,94686,0,0,60354,0,771,307,0,1047,0,0,0,0,6144
273,0,4,0,0,0,0,0,1065019,0,0,0,0,778,6144,0,0,0,0,0,0,0,0,0,0,0,0,0,0,0,0,94820,0,0,60403,0,764,0,353,1134,283161,0,0,0,6144
273,0,5,0,0,0,0,0,1065019,0,0,0,0,791,6144,0,0,0,0,0,0,0,0,0,0,0,0,0,0,0,0,95211,0,0,59982,6699,1557,0,1,1562,0,0,6385,0,6144
273,0,6,0,0,0,0,0,1065019,0,0,0,0,778,6144,0,0,0,0,0,0,0,0,0,0,0,0,0,0,0,0,94563,0,0,60407,0,690,1092,2,1128,0,0,6144,0,6144
273,0,7,0,0,0,0,0,1065019,0,0,0,0,741,6144,0,0,0,0,0,0,0,0,0,0,0,0,0,0,0,0,51162,0,0,58966,0,808,390,0,1529,0,0,0,0,6144
273,0,8,0,0,0,0,0,1065019,0,0,0,0,742,6144,0,0,0,0,0,0,0,0,0,0,0,0,0,0,0,0,50499,0,0,59484,0,757,0,389,1499,24770,0,0,0,6144
273,0,9,0,0,0,0,0,1065019,0,0,0,0,799,6144,0,0,0,0,0,0,0,0,0,0,0,0,0,0,0,0,51248,0,0,60496,3576,364,0,2,1156,0,0,6144,0,6144
273,0,10,0,0,0,0,0,1065019,0,0,0,0,727,6144,0,0,0,0,0,0,0,0,0,0,0,0,0,0,0,0,52411,0,0,60805,0,806,1199,0,1509,0,0,6144,0,6144
273,0,11,0,0,0,0,0,1065019,0,0,0,0,796,6144,0,0,0,0,0,0,0,0,0,0,0,0,0,0,0,0,0,0,0,60406,0,43,335,0,1179,0,0,0,0,6144
273,0,12,0,0,0,0,0,1065019,0,0,0,0,794,6144,0,0,0,0,0,0,0,0,0,0,0,0,0,0,0,0,0,0,0,61034,0,0,0,337,1176,6144,0,0,0,6144
273,0,13,0,0,0,0,0,1065019,0,0,0,0,728,6144,0,0,0,0,0,0,0,0,0,0,0,0,0,0,0,0,0,0,0,60427,2027,0,0,1,1503,0,0,6144,0,6144
273,0,14,0,0,0,0,0,1065019,0,0,0,0,794,6144,0,0,0,0,0,0,0,0,0,0,0,0,0,0,0,0,0,0,0,60042,0,0,379,1,1127,0,0,0,0,6144
273,0,15,0,0,0,0,0,1065019,0,0,0,0,42,0,0,0,0,0,0,0,0,0,0,0,0,0,0,0,0,0,0,0,0,0,0,0,38,0,97,0,0,0,0,0
274,0,0,0,0,0,0,0,332656,0,0,1670,66560,136,0,0,0,0,0,6183,0,0,0,0,0,0,0,0,1670,1670,0,0,0,109281,66560,0,294,0,136,284,0,0,0,0,3072
274,0,1,0,0,0,0,0,166328,6183,0,0,0,1984,0,0,0,0,0,6183,0,0,0,0,0,0,0,0,0,81,0,0,0,58933,0,0,84,171,940,3594,0,0,3072,0,0
274,0,2,0,0,0,0,0,166328,0,0,0,0,943,3072,0,0,0,0,0,0,0,0,0,0,0,0,0,0,0,0,0,0,0,62654,0,249,865,282,1915,0,0,0,0,3072
274,0,3,0,0,0,0,0,166328,0,0,0,0,47,0,0,0,0,0,0,0,0,0,0,0,0,0,0,0,0,0,0,0,0,0,0,92,45,0,54,0,0,0,0,0
274,0,4,0,0,0,0,0,166328,0,0,0,0,47,0,0,0,0,0,0,0,0,0,0,0,0,0,0,0,0,0,0,0,0,0,0,87,0,45,62,0,0,0,0,0
274,0,5,0,0,0,0,0,166328,0,0,0,0,47,0,0,0,0,0,0,0,0,0,0,0,0,0,0,0,0,0,0,0,0,0,537,148,0,0,109,0,0,0,0,0
274,0,6,0,0,0,0,0,166327,0,0,0,0,47,0,0,0,0,0,0,0,0,0,0,0,0,0,0,0,0,0,0,0,0,0,0,40,98,0,52,0,0,0,0,0
274,0,7,0,0,0,0,0,166328,0,0,0,0,53,0,0,0,0,0,0,0,0,0,0,0,0,0,0,0,0,0,0,0,0,0,0,104,39,0,140,0,0,0,0,0
274,0,8,0,0,0,0,0,166328,0,0,0,0,50,0,0,0,0,0,0,0,0,0,0,0,0,0,0,0,0,0,0,0,0,0,0,52,0,42,107,0,0,0,0,0
274,0,9,0,0,0,0,0,166328,0,0,0,0,47,0,0,0,0,0,0,0,0,0,0,0,0,0,0,0,0,0,0,0,0,0,365,42,0,0,53,0,0,0,0,0
274,0,10,0,0,0,0,0,166328,0,0,0,0,53,0,0,0,0,0,0,0,0,0,0,0,0,0,0,0,0,0,0,0,0,0,0,91,92,0,118,0,0,0,0,0
274,0,11,0,0,0,0,0,166328,0,0,0,0,53,0,0,0,0,0,0,0,0,0,0,0,0,0,0,0,0,0,0,0,0,0,0,40,39,0,94,0,0,0,0,0
274,0,12,0,0,0,0,0,166328,0,0,0,0,47,0,0,0,0,0,0,0,0,0,0,0,0,0,0,0,0,0,0,0,0,0,0,0,0,45,93,0,0,0,0,0
274,0,13,0,0,0,0,0,166328,0,0,0,0,53,0,0,0,0,0,0,0,0,0,0,0,0,0,0,0,0,0,0,0,0,0,178,0,0,0,109,0,0,0,0,0
274,0,14,0,0,0,0,0,166327,0,0,0,0,53,0,0,0,0,0,0,0,0,0,0,0,0,0,0,0,0,0,0,0,0,0,0,0,80,0,60,0,0,0,0,0
274,0,15,0,0,0,0,0,166328,0,0,0,0,41,0,0,0,0,0,0,0,0,0,0,0,0,0,0,0,0,0,0,0,0,0,0,0,39,0,88,0,0,0,0,0
275,0,0,0,0,0,0,0,332687,0,0,1670,66560,136,0,0,0,0,0,6183,0,0,0,0,0,0,0,0,1670,1670,0,0,0,109269,66560,0,294,0,136,284,0,0,0,0,3072
275,0,1,0,0,0,0,0,166344,6183,0,0,0,1978,0,0,0,0,0,6183,0,0,0,0,0,0,0,0,0,81,0,0,0,58927,0,0,76,173,952,3600,0,0,3072,0,0
275,0,2,0,0,0,0,0,166344,0,0,0,0,943,3072,0,0,0,0,0,0,0,0,0,0,0,0,0,0,0,0,0,0,0,62654,0,255,864,268,1912,0,0,0,0,3072
275,0,3,0,0,0,0,0,166344,0,0,0,0,47,0,0,0,0,0,0,0,0,0,0,0,0,0,0,0,0,0,0,0,0,0,0,99,45,0,61,0,0,0,0,0
275,0,4,0,0,0,0,0,166344,0,0,0,0,47,0,0,0,0,0,0,0,0,0,0,0,0,0,0,0,0,0,0,0,0,0,0,87,0,45,70,0,0,0,0,0
275,0,5,0,0,0,0,0,166344,0,0,0,0,47,0,0,0,0,0,0,0,0,0,0,0,0,0,0,0,0,0,0,0,0,0,526,148,0,0,117,0,0,0,0,0
275,0,6,0,0,0,0,0,166345,0,0,0,0,47,0,0,0,0,0,0,0,0,0,0,0,0,0,0,0,0,0,0,0,0,0,0,34,98,0,52,0,0,0,0,0
275,0,7,0,0,0,0,0,166344,0,0,0,0,53,0,0,0,0,0,0,0,0,0,0,0,0,0,0,0,0,0,0,0,0,0,0,105,39,0,132,0,0,0,0,0
275,0,8,0,0,0,0,0,166344,0,0,0,0,50,0,0,0,0,0,0,0,0,0,0,0,0,0,0,0,0,0,0,0,0,0,0,52,0,42,107,0,0,0,0,0
275,0,9,0,0,0,0,0,166344,0,0,0,0,47,0,0,0,0,0,0,0,0,0,0,0,0,0,0,0,0,0,0,0,0,0,376,42,0,0,53,0,0,0,0,0
275,0,10,0,0,0,0,0,166344,0,0,0,0,53,0,0,0,0,0,0,0,0,0,0,0,0,0,0,0,0,0,0,0,0,0,0,89,92,0,126,0,0,0,0,0
275,0,11,0,0,0,0,0,166344,0,0,0,0,53,0,0,0,0,0,0,0,0,0,0,0,0,0,0,0,0,0,0,0,0,0,0,39,39,0,94,0,0,0,0,0
275,0,12,0,0,0,0,0,166344,0,0,0,0,47,0,0,0,0,0,0,0,0,0,0,0,0,0,0,0,0,0,0,0,0,0,0,0,0,45,93,0,0,0,0,0
275,0,13,0,0,0,0,0,166344,0,0,0,0,53,0,0,0,0,0,0,0,0,0,0,0,0,0,0,0,0,0,0,0,0,0,167,0,0,0,109,0,0,0,0,0
275,0,14,0,0,0,0,0,166344,0,0,0,0,53,0,0,0,0,0,0,0,0,0,0,0,0,0,0,0,0,0,0,0,0,0,0,0,91,0,62,0,0,0,0,0
275,0,15,0,0,0,0,0,166344,0,0,0,0,52,0,0,0,0,0,0,0,0,0,0,0,0,0,0,0,0,0,0,0,0,0,0,0,28,0,100,0,0,0,0,0
276,0,0,0,0,0,0,0,332585,0,0,1670,66560,136,0,0,0,0,0,6183,0,0,0,0,0,0,0,0,1670,1670,0,0,0,109261,66560,0,294,0,136,284,0,0,0,0,3072
276,0,1,0,0,0,0,0,166293,6183,0,0,0,1988,0,0,0,0,0,6183,0,0,0,0,0,0,0,0,0,83,0,0,0,58928,0,0,84,170,937,3600,0,0,3072,0,0
276,0,2,0,0,0,0,0,166293,0,0,0,0,945,3072,0,0,0,0,0,0,0,0,0,0,0,0,0,0,0,0,0,0,0,62654,0,249,863,282,1920,0,0,0,0,3072
276,0,3,0,0,0,0,0,166293,0,0,0,0,47,0,0,0,0,0,0,0,0,0,0,0,0,0,0,0,0,0,0,0,0,0,0,92,45,0,54,0,0,0,0,0
276,0,4,0,0,0,0,0,166293,0,0,0,0,47,0,0,0,0,0,0,0,0,0,0,0,0,0,0,0,0,0,0,0,0,0,0,87,0,45,62,0,0,0,0,0
276,0,5,0,0,0,0,0,166293,0,0,0,0,47,0,0,0,0,0,0,0,0,0,0,0,0,0,0,0,0,0,0,0,0,0,537,148,0,0,109,0,0,0,0,0
276,0,6,0,0,0,0,0,166293,0,0,0,0,47,0,0,0,0,0,0,0,0,0,0,0,0,0,0,0,0,0,0,0,0,0,0,40,98,0,52,0,0,0,0,0
276,0,7,0,0,0,0,0,166293,0,0,0,0,53,0,0,0,0,0,0,0,0,0,0,0,0,0,0,0,0,0,0,0,0,0,0,104,39,0,140,0,0,0,0,0
276,0,8,0,0,0,0,0,166293,0,0,0,0,50,0,0,0,0,0,0,0,0,0,0,0,0,0,0,0,0,0,0,0,0,0,0,52,0,42,107,0,0,0,0,0
276,0,9,0,0,0,0,0,166293,0,0,0,0,47,0,0,0,0,0,0,0,0,0,0,0,0,0,0,0,0,0,0,0,0,0,365,42,0,0,53,0,0,0,0,0
276,0,10,0,0,0,0,0,166293,0,0,0,0,53,0,0,0,0,0,0,0,0,0,0,0,0,0,0,0,0,0,0,0,0,0,0,91,92,0,118,0,0,0,0,0
276,0,11,0,0,0,0,0,166293,0,0,0,0,53,0,0,0,0,0,0,0,0,0,0,0,0,0,0,0,0,0,0,0,0,0,0,40,39,0,94,0,0,0,0,0
276,0,12,0,0,0,0,0,166293,0,0,0,0,47,0,0,0,0,0,0,0,0,0,0,0,0,0,0,0,0,0,0,0,0,0,0,0,0,45,93,0,0,0,0,0
276,0,13,0,0,0,0,0,166293,0,0,0,0,53,0,0,0,0,0,0,0,0,0,0,0,0,0,0,0,0,0,0,0,0,0,178,0,0,0,109,0,0,0,0,0
276,0,14,0,0,0,0,0,166293,0,0,0,0,53,0,0,0,0,0,0,0,0,0,0,0,0,0,0,0,0,0,0,0,0,0,0,0,80,0,60,0,0,0,0,0
276,0,15,0,0,0,0,0,166293,0,0,0,0,41,0,0,0,0,0,0,0,0,0,0,0,0,0,0,0,0,0,0,0,0,0,0,0,39,0,88,0,0,0,0,0
277,0,0,0,0,0,0,0,354550,0,0,1660,133120,136,0,0,0,0,0,6174,0,0,0,0,0,0,0,0,1660,1660,0,0,0,228889,133120,0,294,0,136,284,0,0,0,0,6144
277,0,1,0,0,0,0,0,177275,6174,0,0,0,2119,0,0,0,0,0,6174,0,0,0,0,0,0,0,0,0,430,0,0,0,118452,0,0,76,172,803,3667,0,0,3072,0,0
277,0,2,0,0,0,0,0,177275,0,0,0,0,495,3072,0,0,0,0,0,0,0,0,0,0,0,0,0,0,0,0,0,0,59349,63017,0,255,926,695,1176,0,0,3072,0,3072
277,0,3,0,0,0,0,0,177275,0,0,0,0,500,3072,0,0,0,0,0,0,0,0,0,0,0,0,0,0,0,0,0,0,0,63070,0,101,420,0,917,0,0,0,0,3072
277,0,4,0,0,0,0,0,177275,0,0,0,0,47,0,0,0,0,0,0,0,0,0,0,0,0,0,0,0,0,0,0,0,0,0,0,87,0,45,70,0,0,0,0,0
277,0,5,0,0,0,0,0,177275,0,0,0,0,47,0,0,0,0,0,0,0,0,0,0,0,0,0,0,0,0,0,0,0,0,0,526,148,0,0,117,0,0,0,0,0
277,0,6,0,0,0,0,0,177274,0,0,0,0,47,0,0,0,0,0,0,0,0,0,0,0,0,0,0,0,0,0,0,0,0,0,0,34,98,0,52,0,0,0,0,0
277,0,7,0,0,0,0,0,177275,0,0,0,0,53,0,0,0,0,0,0,0,0,0,0,0,0,0,0,0,0,0,0,0,0,0,0,104,39,0,132,0,0,0,0,0
277,0,8,0,0,0,0,0,177275,0,0,0,0,50,0,0,0,0,0,0,0,0,0,0,0,0,0,0,0,0,0,0,0,0,0,0,52,0,42,107,0,0,0,0,0
277,0,9,0,0,0,0,0,177275,0,0,0,0,47,0,0,0,0,0,0,0,0,0,0,0,0,0,0,0,0,0,0,0,0,0,376,42,0,0,53,0,0,0,0,0
277,0,10,0,0,0,0,0,177275,0,0,0,0,53,0,0,0,0,0,0,0,0,0,0,0,0,0,0,0,0,0,0,0,0,0,0,89,92,0,126,0,0,0,0,0
277,0,11,0,0,0,0,0,177275,0,0,0,0,53,0,0,0,0,0,0,0,0,0,0,0,0,0,0,0,0,0,0,0,0,0,0,41,39,0,94,0,0,0,0,0
277,0,12,0,0,0,0,0,177275,0,0,0,0,47,0,0,0,0,0,0,0,0,0,0,0,0,0,0,0,0,0,0,0,0,0,0,0,0,45,93,0,0,0,0,0
277,0,13,0,0,0,0,0,177275,0,0,0,0,53,0,0,0,0,0,0,0,0,0,0,0,0,0,0,0,0,0,0,0,0,0,167,0,0,0,109,0,0,0,0,0
277,0,14,0,0,0,0,0,177274,0,0,0,0,53,0,0,0,0,0,0,0,0,0,0,0,0,0,0,0,0,0,0,0,0,0,0,0,91,0,62,0,0,0,0,0
277,0,15,0,0,0,0,0,177275,0,0,0,0,52,0,0,0,0,0,0,0,0,0,0,0,0,0,0,0,0,0,0,0,0,0,0,0,28,0,99,0,0,0,0,0
278,0,0,0,0,0,0,0,354364,0,0,1660,133120,136,0,0,0,0,0,6174,0,0,0,0,0,0,0,0,1660,1660,0,0,0,228925,133120,0,294,0,136,284,0,0,0,0,6144
278,0,1,0,0,0,0,0,177182,6174,0,0,0,2087,0,0,0,0,0,6174,0,0,0,0,0,0,0,0,0,430,0,0,0,118463,0,0,78,167,838,3636,0,0,3072,0,0
278,0,2,0,0,0,0,0,177182,0,0,0,0,499,3072,0,0,0,0,0,0,0,0,0,0,0,0,0,0,0,0,0,0,59343,63019,0,249,926,686,1161,0,0,3072,0,3072
278,0,3,0,0,0,0,0,177182,0,0,0,0,506,3072,0,0,0,0,0,0,0,0,0,0,0,0,0,0,0,0,0,0,0,63077,0,97,415,0,935,0,0,0,0,3072
278,0,4,0,0,0,0,0,177182,0,0,0,0,47,0,0,0,0,0,0,0,0,0,0,0,0,0,0,0,0,0,0,0,0,0,0,87,0,45,67,0,0,0,0,0
278,0,5,0,0,0,0,0,177182,0,0,0,0,47,0,0,0,0,0,0,0,0,0,0,0,0,0,0,0,0,0,0,0,0,0,525,148,0,0,115,0,0,0,0,0
278,0,6,0,0,0,0,0,177183,0,0,0,0,47,0,0,0,0,0,0,0,0,0,0,0,0,0,0,0,0,0,0,0,0,0,0,40,98,0,52,0,0,0,0,0
278,0,7,0,0,0,0,0,177182,0,0,0,0,53,0,0,0,0,0,0,0,0,0,0,0,0,0,0,0,0,0,0,0,0,0,0,106,39,0,134,0,0,0,0,0
278,0,8,0,0,0,0,0,177182,0,0,0,0,50,0,0,0,0,0,0,0,0,0,0,0,0,0,0,0,0,0,0,0,0,0,0,52,0,42,107,0,0,0,0,0
278,0,9,0,0,0,0,0,177182,0,0,0,0,47,0,0,0,0,0,0,0,0,0,0,0,0,0,0,0,0,0,0,0,0,0,377,42,0,0,53,0,0,0,0,0
278,0,10,0,0,0,0,0,177182,0,0,0,0,53,0,0,0,0,0,0,0,0,0,0,0,0,0,0,0,0,0,0,0,0,0,0,85,92,0,124,0,0,0,0,0
278,0,11,0,0,0,0,0,177182,0,0,0,0,53,0,0,0,0,0,0,0,0,0,0,0,0,0,0,0,0,0,0,0,0,0,0,39,39,0,94,0,0,0,0,0
278,0,12,0,0,0,0,0,177182,0,0,0,0,47,0,0,0,0,0,0,0,0,0,0,0,0,0,0,0,0,0,0,0,0,0,0,0,0,45,93,0,0,0,0,0
278,0,13,0,0,0,0,0,177182,0,0,0,0,53,0,0,0,0,0,0,0,0,0,0,0,0,0,0,0,0,0,0,0,0,0,166,0,0,0,109,0,0,0,0,0
278,0,14,0,0,0,0,0,177182,0,0,0,0,53,0,0,0,0,0,0,0,0,0,0,0,0,0,0,0,0,0,0,0,0,0,0,0,92,0,66,0,0,0,0,0
278,0,15,0,0,0,0,0,177182,0,0,0,0,53,0,0,0,0,0,0,0,0,0,0,0,0,0,0,0,0,0,0,0,0,0,0,0,27,0,102,0,0,0,0,0
279,0,0,0,0,0,0,0,354354,0,0,1660,133120,136,0,0,0,0,0,6171,0,0,0,0,0,0,0,0,1660,1660,0,0,0,228859,133120,0,294,0,136,284,0,0,0,0,6144
279,0,1,0,0,0,0,0,177177,6171,0,0,0,2111,0,0,0,0,0,6171,0,0,0,0,0,0,0,0,0,428,0,0,0,118444,0,0,80,167,812,3657,0,0,3072,0,0
279,0,2,0,0,0,0,0,177177,0,0,0,0,489,3072,0,0,0,0,0,0,0,0,0,0,0,0,0,0,0,0,0,0,59344,63017,0,249,929,695,1168,0,0,3072,0,3072
279,0,3,0,0,0,0,0,177177,0,0,0,0,499,3072,0,0,0,0,0,0,0,0,0,0,0,0,0,0,0,0,0,0,0,63067,0,95,422,0,921,0,0,0,0,3072
279,0,4,0,0,0,0,0,177177,0,0,0,0,47,0,0,0,0,0,0,0,0,0,0,0,0,0,0,0,0,0,0,0,0,0,0,87,0,45,66,0,0,0,0,0
279,0,5,0,0,0,0,0,177177,0,0,0,0,47,0,0,0,0,0,0,0,0,0,0,0,0,0,0,0,0,0,0,0,0,0,525,148,0,0,113,0,0,0,0,0
279,0,6,0,0,0,0,0,177177,0,0,0,0,47,0,0,0,0,0,0,0,0,0,0,0,0,0,0,0,0,0,0,0,0,0,0,40,98,0,52,0,0,0,0,0
279,0,7,0,0,0,0,0,177177,0,0,0,0,53,0,0,0,0,0,0,0,0,0,0,0,0,0,0,0,0,0,0,0,0,0,0,106,39,0,136,0,0,0,0,0
279,0,8,0,0,0,0,0,177177,0,0,0,0,50,0,0,0,0,0,0,0,0,0,0,0,0,0,0,0,0,0,0,0,0,0,0,52,0,42,107,0,0,0,0,0
279,0,9,0,0,0,0,0,177177,0,0,0,0,47,0,0,0,0,0,0,0,0,0,0,0,0,0,0,0,0,0,0,0,0,0,377,42,0,0,53,0,0,0,0,0
279,0,10,0,0,0,0,0,177177,0,0,0,0,53,0,0,0,0,0,0,0,0,0,0,0,0,0,0,0,0,0,0,0,0,0,0,87,92,0,122,0,0,0,0,0
279,0,11,0,0,0,0,0,177177,0,0,0,0,53,0,0,0,0,0,0,0,0,0,0,0,0,0,0,0,0,0,0,0,0,0,0,39,39,0,94,0,0,0,0,0
279,0,12,0,0,0,0,0,177177,0,0,0,0,47,0,0,0,0,0,0,0,0,0,0,0,0,0,0,0,0,0,0,0,0,0,0,0,0,45,93,0,0,0,0,0
279,0,13,0,0,0,0,0,177177,0,0,0,0,53,0,0,0,0,0,0,0,0,0,0,0,0,0,0,0,0,0,0,0,0,0,166,0,0,0,109,0,0,0,0,0
279,0,14,0,0,0,0,0,177177,0,0,0,0,53,0,0,0,0,0,0,0,0,0,0,0,0,0,0,0,0,0,0,0,0,0,0,0,92,0,64,0,0,0,0,0
279,0,15,0,0,0,0,0,177177,0,0,0,0,53,0,0,0,0,0,0,0,0,0,0,0,0,0,0,0,0,0,0,0,0,0,0,0,27,0,102,0,0,0,0,0
280,0,0,0,0,0,0,0,582460,0,0,2848,266240,136,0,0,0,0,0,7965,0,0,0,0,0,0,0,0,2848,2848,0,118321,0,335558,266240,0,1007,0,136,284,0,0,0,0,12288
280,0,1,0,0,0,0,0,291230,7965,0,0,0,2814,0,0,0,0,0,7965,0,0,0,0,0,0,0,0,0,1706,0,58385,0,116431,0,0,322,480,744,4870,0,0,3072,0,0
280,0,2,0,0,0,0,0,291230,0,0,0,0,527,3072,0,0,0,0,0,0,0,0,0,0,0,0,0,0,0,0,0,0,57972,63090,0,249,901,735,997,0,0,3072,0,3072
280,0,3,0,0,0,0,0,291230,0,0,0,0,625,3072,0,0,0,0,0,0,0,0,0,0,0,0,0,0,0,0,0,0,0,63484,0,96,177,0,889,0,0,0,0,3072
280,0,4,0,0,0,0,0,291230,0,0,0,0,585,3072,0,0,0,0,0,0,0,0,0,0,0,0,0,0,0,0,0,0,0,63118,0,87,0,218,917,3072,0,0,0,3072
280,0,5,0,0,0,0,0,291230,0,0,0,0,594,3072,0,0,0,0,0,0,0,0,0,0,0,0,0,0,0,0,0,0,0,63701,1227,148,0,2,1131,0,0,0,0,3072
280,0,6,0,0,0,0,0,291229,0,0,0,0,47,0,0,0,0,0,0,0,0,0,0,0,0,0,0,0,0,0,0,0,0,0,0,40,98,0,52,0,0,0,0,0
280,0,7,0,0,0,0,0,291230,0,0,0,0,53,0,0,0,0,0,0,0,0,0,0,0,0,0,0,0,0,0,0,0,0,0,0,106,39,0,137,0,0,0,0,0
280,0,8,0,0,0,0,0,291230,0,0,0,0,50,0,0,0,0,0,0,0,0,0,0,0,0,0,0,0,0,0,0,0,0,0,0,52,0,42,107,0,0,0,0,0
280,0,9,0,0,0,0,0,291230,0,0,0,0,47,0,0,0,0,0,0,0,0,0,0,0,0,0,0,0,0,0,0,0,0,0,375,42,0,0,53,0,0,0,0,0
280,0,10,0,0,0,0,0,291230,0,0,0,0,53,0,0,0,0,0,0,0,0,0,0,0,0,0,0,0,0,0,0,0,0,0,0,88,92,0,121,0,0,0,0,0
280,0,11,0,0,0,0,0,291230,0,0,0,0,53,0,0,0,0,0,0,0,0,0,0,0,0,0,0,0,0,0,0,0,0,0,0,41,39,0,94,0,0,0,0,0
280,0,12,0,0,0,0,0,291230,0,0,0,0,47,0,0,0,0,0,0,0,0,0,0,0,0,0,0,0,0,0,0,0,0,0,0,0,0,45,93,0,0,0,0,0
280,0,13,0,0,0,0,0,291230,0,0,0,0,53,0,0,0,0,0,0,0,0,0,0,0,0,0,0,0,0,0,0,0,0,0,168,0,0,0,109,0,0,0,0,0
280,0,14,0,0,0,0,0,291229,0,0,0,0,53,0,0,0,0,0,0,0,0,0,0,0,0,0,0,0,0,0,0,0,0,0,0,0,90,0,63,0,0,0,0,0
280,0,15,0,0,0,0,0,291230,0,0,0,0,51,0,0,0,0,0,0,0,0,0,0,0,0,0,0,0,0,0,0,0,0,0,0,0,29,0,100,0,0,0,0,0
281,0,0,0,0,0,0,0,582445,0,0,2846,266240,136,0,0,0,0,0,7965,0,0,0,0,0,0,0,0,2846,2846,0,118329,0,335582,266240,0,1007,0,136,284,0,0,0,0,12288
281,0,1,0,0,0,0,0,291223,7965,0,0,0,2812,0,0,0,0,0,7965,0,0,0,0,0,0,0,0,0,1713,0,58382,0,116446,0,0,321,482,743,4859,0,0,3072,0,0
281,0,2,0,0,0,0,0,291223,0,0,0,0,524,3072,0,0,0,0,0,0,0,0,0,0,0,0,0,0,0,0,0,0,57977,63090,0,249,909,736,992,0,0,3072,0,3072
281,0,3,0,0,0,0,0,291223,0,0,0,0,633,3072,0,0,0,0,0,0,0,0,0,0,0,0,0,0,0,0,0,0,0,63487,0,95,170,0,896,0,0,0,0,3072
281,0,4,0,0,0,0,0,291223,0,0,0,0,588,3072,0,0,0,0,0,0,0,0,0,0,0,0,0,0,0,0,0,0,0,63123,0,87,0,215,921,3072,0,0,0,3072
281,0,5,0,0,0,0,0,291223,0,0,0,0,599,3072,0,0,0,0,0,0,0,0,0,0,0,0,0,0,0,0,0,0,0,63695,1226,148,0,1,1137,0,0,0,0,3072
281,0,6,0,0,0,0,0,291224,0,0,0,0,47,0,0,0,0,0,0,0,0,0,0,0,0,0,0,0,0,0,0,0,0,0,0,40,98,1,52,0,0,0,0,0
281,0,7,0,0,0,0,0,291223,0,0,0,0,53,0,0,0,0,0,0,0,0,0,0,0,0,0,0,0,0,0,0,0,0,0,0,106,39,0,137,0,0,0,0,0
281,0,8,0,0,0,0,0,291223,0,0,0,0,50,0,0,0,0,0,0,0,0,0,0,0,0,0,0,0,0,0,0,0,0,0,0,52,0,42,107,0,0,0,0,0
281,0,9,0,0,0,0,0,291223,0,0,0,0,47,0,0,0,0,0,0,0,0,0,0,0,0,0,0,0,0,0,0,0,0,0,375,42,0,0,53,0,0,0,0,0
281,0,10,0,0,0,0,0,291223,0,0,0,0,53,0,0,0,0,0,0,0,0,0,0,0,0,0,0,0,0,0,0,0,0,0,0,88,92,0,121,0,0,0,0,0
281,0,11,0,0,0,0,0,291223,0,0,0,0,53,0,0,0,0,0,0,0,0,0,0,0,0,0,0,0,0,0,0,0,0,0,0,41,39,0,94,0,0,0,0,0
281,0,12,0,0,0,0,0,291223,0,0,0,0,47,0,0,0,0,0,0,0,0,0,0,0,0,0,0,0,0,0,0,0,0,0,0,0,0,45,93,0,0,0,0,0
281,0,13,0,0,0,0,0,291223,0,0,0,0,53,0,0,0,0,0,0,0,0,0,0,0,0,0,0,0,0,0,0,0,0,0,168,0,0,0,109,0,0,0,0,0
281,0,14,0,0,0,0,0,291223,0,0,0,0,53,0,0,0,0,0,0,0,0,0,0,0,0,0,0,0,0,0,0,0,0,0,0,0,90,0,63,0,0,0,0,0
281,0,15,0,0,0,0,0,291223,0,0,0,0,51,0,0,0,0,0,0,0,0,0,0,0,0,0,0,0,0,0,0,0,0,0,0,0,29,0,100,0,0,0,0,0
282,0,0,0,0,0,0,0,582538,0,0,2848,266240,136,0,0,0,0,0,7968,0,0,0,0,0,0,0,0,2848,2848,0,118320,0,335602,266240,0,1007,0,136,284,0,0,0,0,12288
282,0,1,0,0,0,0,0,291269,7968,0,0,0,2802,0,0,0,0,0,7968,0,0,0,0,0,0,0,0,0,1692,0,58379,0,116447,0,0,328,476,754,4855,0,0,3072,0,0
282,0,2,0,0,0,0,0,291269,0,0,0,0,523,3072,0,0,0,0,0,0,0,0,0,0,0,0,0,0,0,0,0,0,57976,63096,0,249,899,724,994,0,0,3072,0,3072
282,0,3,0,0,0,0,0,291269,0,0,0,0,620,3072,0,0,0,0,0,0,0,0,0,0,0,0,0,0,0,0,0,0,0,63484,0,95,183,0,895,0,0,0,0,3072
282,0,4,0,0,0,0,0,291269,0,0,0,0,568,3072,0,0,0,0,0,0,0,0,0,0,0,0,0,0,0,0,0,0,0,63119,0,87,0,235,896,3072,0,0,0,3072
282,0,5,0,0,0,0,0,291269,0,0,0,0,573,3072,0,0,0,0,0,0,0,0,0,0,0,0,0,0,0,0,0,0,0,63704,1232,148,0,1,1104,0,0,0,0,3072
282,0,6,0,0,0,0,0,291269,0,0,0,0,47,0,0,0,0,0,0,0,0,0,0,0,0,0,0,0,0,0,0,0,0,0,0,40,98,1,52,0,0,0,0,0
282,0,7,0,0,0,0,0,291269,0,0,0,0,53,0,0,0,0,0,0,0,0,0,0,0,0,0,0,0,0,0,0,0,0,0,0,106,39,0,137,0,0,0,0,0
282,0,8,0,0,0,0,0,291269,0,0,0,0,50,0,0,0,0,0,0,0,0,0,0,0,0,0,0,0,0,0,0,0,0,0,0,52,0,42,107,0,0,0,0,0
282,0,9,0,0,0,0,0,291269,0,0,0,0,47,0,0,0,0,0,0,0,0,0,0,0,0,0,0,0,0,0,0,0,0,0,375,42,0,0,53,0,0,0,0,0
282,0,10,0,0,0,0,0,291269,0,0,0,0,53,0,0,0,0,0,0,0,0,0,0,0,0,0,0,0,0,0,0,0,0,0,0,88,92,0,121,0,0,0,0,0
282,0,11,0,0,0,0,0,291269,0,0,0,0,53,0,0,0,0,0,0,0,0,0,0,0,0,0,0,0,0,0,0,0,0,0,0,41,39,0,94,0,0,0,0,0
282,0,12,0,0,0,0,0,291269,0,0,0,0,47,0,0,0,0,0,0,0,0,0,0,0,0,0,0,0,0,0,0,0,0,0,0,0,0,45,93,0,0,0,0,0
282,0,13,0,0,0,0,0,291269,0,0,0,0,53,0,0,0,0,0,0,0,0,0,0,0,0,0,0,0,0,0,0,0,0,0,168,0,0,0,109,0,0,0,0,0
282,0,14,0,0,0,0,0,291269,0,0,0,0,53,0,0,0,0,0,0,0,0,0,0,0,0,0,0,0,0,0,0,0,0,0,0,0,90,0,63,0,0,0,0,0
282,0,15,0,0,0,0,0,291269,0,0,0,0,51,0,0,0,0,0,0,0,0,0,0,0,0,0,0,0,0,0,0,0,0,0,0,0,29,0,100,0,0,0,0,0
283,0,0,0,0,0,0,0,811533,0,0,4272,399360,136,0,0,0,0,0,10116,0,0,0,0,0,0,0,0,4272,4272,0,117629,0,542028,399360,0,1007,0,136,284,0,0,0,0,18432
283,0,1,0,0,0,0,0,405767,10116,0,0,0,3805,0,0,0,0,0,10116,0,0,0,0,0,0,0,0,0,2126,0,58246,0,223141,0,0,343,430,1208,6730,0,0,3072,0,0
283,0,2,0,0,0,0,0,405767,0,0,0,0,506,3072,0,0,0,0,0,0,0,0,0,0,0,0,0,0,0,0,57866,0,113042,63172,0,730,802,1160,1033,0,0,3072,0,3072
283,0,3,0,0,0,0,0,405767,0,0,0,0,507,3072,0,0,0,0,0,0,0,0,0,0,0,0,0,0,0,0,57859,0,0,63487,0,360,296,0,794,0,0,0,0,3072
283,0,4,0,0,0,0,0,405767,0,0,0,0,502,3072,0,0,0,0,0,0,0,0,0,0,0,0,0,0,0,0,0,0,0,62632,0,87,0,301,785,6144,0,0,0,3072
283,0,5,0,0,0,0,0,405767,0,0,0,0,534,3072,0,0,0,0,0,0,0,0,0,0,0,0,0,0,0,0,0,0,0,63718,1877,150,0,0,1048,0,0,3072,0,3072
283,0,6,0,0,0,0,0,405766,0,0,0,0,500,3072,0,0,0,0,0,0,0,0,0,0,0,0,0,0,0,0,0,0,0,63418,0,39,844,2,738,0,0,3072,0,3072
283,0,7,0,0,0,0,0,405767,0,0,0,0,542,3072,0,0,0,0,0,0,0,0,0,0,0,0,0,0,0,0,0,0,0,63071,0,110,261,0,1070,0,0,0,0,3072
283,0,8,0,0,0,0,0,405767,0,0,0,0,51,0,0,0,0,0,0,0,0,0,0,0,0,0,0,0,0,0,0,0,0,0,0,52,0,41,108,0,0,0,0,0
283,0,9,0,0,0,0,0,405767,0,0,0,0,48,0,0,0,0,0,0,0,0,0,0,0,0,0,0,0,0,0,0,0,0,0,378,41,0,0,53,0,0,0,0,0
283,0,10,0,0,0,0,0,405767,0,0,0,0,52,0,0,0,0,0,0,0,0,0,0,0,0,0,0,0,0,0,0,0,0,0,0,86,92,0,123,0,0,0,0,0
283,0,11,0,0,0,0,0,405767,0,0,0,0,52,0,0,0,0,0,0,0,0,0,0,0,0,0,0,0,0,0,0,0,0,0,0,39,40,0,93,0,0,0,0,0
283,0,12,0,0,0,0,0,405767,0,0,0,0,46,0,0,0,0,0,0,0,0,0,0,0,0,0,0,0,0,0,0,0,0,0,0,0,0,46,92,0,0,0,0,0
283,0,13,0,0,0,0,0,405767,0,0,0,0,53,0,0,0,0,0,0,0,0,0,0,0,0,0,0,0,0,0,0,0,0,0,165,0,0,0,110,0,0,0,0,0
283,0,14,0,0,0,0,0,405766,0,0,0,0,52,0,0,0,0,0,0,0,0,0,0,0,0,0,0,0,0,0,0,0,0,0,0,0,92,0,64,0,0,0,0,0
283,0,15,0,0,0,0,0,405767,0,0,0,0,52,0,0,0,0,0,0,0,0,0,0,0,0,0,0,0,0,0,0,0,0,0,0,0,28,0,105,0,0,0,0,0
284,0,0,0,0,0,0,0,811358,0,0,4272,399360,136,0,0,0,0,0,10116,0,0,0,0,0,0,0,0,4272,4272,0,117644,0,542066,399360,0,1007,0,136,284,0,0,0,0,18432
284,0,1,0,0,0,0,0,405679,10116,0,0,0,3788,0,0,0,0,0,10116,0,0,0,0,0,0,0,0,0,2126,0,58235,0,223167,0,0,340,439,1219,6707,0,0,3072,0,0
284,0,2,0,0,0,0,0,405679,0,0,0,0,506,3072,0,0,0,0,0,0,0,0,0,0,0,0,0,0,0,0,57882,0,113024,63172,0,721,805,1159,1032,0,0,3072,0,3072
284,0,3,0,0,0,0,0,405679,0,0,0,0,509,3072,0,0,0,0,0,0,0,0,0,0,0,0,0,0,0,0,57850,0,0,63487,0,366,293,0,792,0,0,0,0,3072
284,0,4,0,0,0,0,0,405679,0,0,0,0,496,3072,0,0,0,0,0,0,0,0,0,0,0,0,0,0,0,0,0,0,0,62647,0,87,0,307,789,6144,0,0,0,3072
284,0,5,0,0,0,0,0,405679,0,0,0,0,528,3072,0,0,0,0,0,0,0,0,0,0,0,0,0,0,0,0,0,0,0,63723,1880,149,0,1,1046,0,0,3072,0,3072
284,0,6,0,0,0,0,0,405679,0,0,0,0,510,3072,0,0,0,0,0,0,0,0,0,0,0,0,0,0,0,0,0,0,0,63424,0,40,837,1,756,0,0,3072,0,3072
284,0,7,0,0,0,0,0,405679,0,0,0,0,544,3072,0,0,0,0,0,0,0,0,0,0,0,0,0,0,0,0,0,0,0,63071,0,108,258,0,1070,0,0,0,0,3072
284,0,8,0,0,0,0,0,405679,0,0,0,0,52,0,0,0,0,0,0,0,0,0,0,0,0,0,0,0,0,0,0,0,0,0,0,52,0,40,109,0,0,0,0,0
284,0,9,0,0,0,0,0,405679,0,0,0,0,46,0,0,0,0,0,0,0,0,0,0,0,0,0,0,0,0,0,0,0,0,0,381,42,0,0,51,0,0,0,0,0
284,0,10,0,0,0,0,0,405679,0,0,0,0,53,0,0,0,0,0,0,0,0,0,0,0,0,0,0,0,0,0,0,0,0,0,0,85,92,0,124,0,0,0,0,0
284,0,11,0,0,0,0,0,405679,0,0,0,0,53,0,0,0,0,0,0,0,0,0,0,0,0,0,0,0,0,0,0,0,0,0,0,41,39,0,94,0,0,0,0,0
284,0,12,0,0,0,0,0,405679,0,0,0,0,47,0,0,0,0,0,0,0,0,0,0,0,0,0,0,0,0,0,0,0,0,0,0,0,0,45,93,0,0,0,0,0
284,0,13,0,0,0,0,0,405679,0,0,0,0,53,0,0,0,0,0,0,0,0,0,0,0,0,0,0,0,0,0,0,0,0,0,165,0,0,0,109,0,0,0,0,0
284,0,14,0,0,0,0,0,405679,0,0,0,0,53,0,0,0,0,0,0,0,0,0,0,0,0,0,0,0,0,0,0,0,0,0,0,0,93,0,66,0,0,0,0,0
284,0,15,0,0,0,0,0,405679,0,0,0,0,54,0,0,0,0,0,0,0,0,0,0,0,0,0,0,0,0,0,0,0,0,0,0,0,26,0,105,0,0,0,0,0
285,0,0,0,0,0,0,0,811476,0,0,4272,399360,136,0,0,0,0,0,10118,0,0,0,0,0,0,0,0,4272,4272,0,117638,0,541981,399360,0,1007,0,136,284,0,0,0,0,18432
285,0,1,0,0,0,0,0,405738,10116,0,0,0,3801,0,0,0,0,0,10116,0,0,0,0,0,0,0,0,0,2131,0,58217,0,223150,0,0,311,410,1264,6690,0,0,3072,0,0
285,0,2,0,0,0,0,0,405738,0,0,0,0,535,3072,0,0,0,0,0,0,0,0,0,0,0,0,0,0,0,0,57864,0,113052,63167,0,687,806,1157,1051,0,0,3072,0,3072
285,0,3,0,0,0,0,0,405738,0,0,0,0,538,3072,0,0,0,0,0,0,0,0,0,0,0,0,0,0,0,0,57864,0,0,63481,0,370,264,0,819,0,0,0,0,3072
285,0,4,0,0,0,0,0,405738,0,0,0,0,537,3072,0,0,0,0,0,0,0,0,0,0,0,0,0,0,0,0,0,0,0,62642,0,87,0,266,797,6144,0,0,0,3072
285,0,5,0,0,0,0,0,405738,0,0,0,0,522,3072,0,0,0,0,0,0,0,0,0,0,0,0,0,0,0,0,0,0,0,63726,1909,148,0,0,1070,0,0,3072,0,3072
285,0,6,0,0,0,0,0,405738,0,0,0,0,482,3072,0,0,0,0,0,0,0,0,0,0,0,0,0,0,0,0,0,0,0,63418,0,34,861,3,768,0,0,3072,0,3072
285,0,7,0,0,0,0,0,405738,0,0,0,0,542,3072,0,0,0,0,0,0,0,0,0,0,0,0,0,0,0,0,0,0,0,63077,0,104,261,0,1065,0,0,0,0,3072
285,0,8,0,0,0,0,0,405738,0,0,0,0,50,0,0,0,0,0,0,0,0,0,0,0,0,0,0,0,0,0,0,0,0,0,0,52,0,42,107,0,0,0,0,0
285,0,9,0,0,0,0,0,405738,0,0,0,0,47,0,0,0,0,0,0,0,0,0,0,0,0,0,0,0,0,0,0,0,0,0,376,42,0,0,53,0,0,0,0,0
285,0,10,0,0,0,0,0,405738,0,0,0,0,53,0,0,0,0,0,0,0,0,0,0,0,0,0,0,0,0,0,0,0,0,0,0,89,92,0,126,0,0,0,0,0
285,0,11,0,0,0,0,0,405738,0,0,0,0,53,0,0,0,0,0,0,0,0,0,0,0,0,0,0,0,0,0,0,0,0,0,0,45,39,0,94,0,0,0,0,0
285,0,12,0,0,0,0,0,405738,0,0,0,0,47,0,0,0,0,0,0,0,0,0,0,0,0,0,0,0,0,0,0,0,0,0,0,0,0,45,93,0,0,0,0,0
285,0,13,0,0,0,0,0,405738,0,0,0,0,53,0,0,0,0,0,0,0,0,0,0,0,0,0,0,0,0,0,0,0,0,0,167,0,0,0,109,0,0,0,0,0
285,0,14,0,0,0,0,0,405738,0,0,0,0,53,0,0,0,0,0,0,0,0,0,0,0,0,0,0,0,0,0,0,0,0,0,0,0,91,0,62,0,0,0,0,0
285,0,15,0,0,0,0,0,405738,0,0,0,0,52,0,0,0,0,0,0,0,0,0,0,0,0,0,0,0,0,0,0,0,0,0,0,0,28,0,99,0,0,0,0,0
286,0,0,0,0,0,0,0,1038522,0,0,5648,532480,136,0,0,0,0,0,12189,0,0,0,0,0,0,0,0,5648,5648,0,226982,0,649148,532480,0,1708,0,136,284,0,0,0,0,24576
286,0,1,0,0,0,0,0,519261,12189,0,0,0,4256,0,0,0,0,0,12189,0,0,0,0,0,0,0,0,0,3550,0,115966,0,221687,0,0,684,806,1418,7812,0,0,3072,0,0
286,0,2,0,0,0,0,0,519261,0,0,0,0,622,3072,0,0,0,0,0,0,0,0,0,0,0,0,0,0,0,0,59389,0,112931,63229,0,661,796,1038,1106,0,0,3072,0,3072
286,0,3,0,0,0,0,0,519261,0,0,0,0,623,3072,0,0,0,0,0,0,0,0,0,0,0,0,0,0,0,0,58111,0,0,63487,0,421,174,0,959,0,0,0,0,3072
286,0,4,0,0,0,0,0,519261,0,0,0,0,623,3072,0,0,0,0,0,0,0,0,0,0,0,0,0,0,0,0,58879,0,0,63162,0,407,0,174,964,9216,0,0,0,3072
286,0,5,0,0,0,0,0,519261,0,0,0,0,621,3072,0,0,0,0,0,0,0,0,0,0,0,0,0,0,0,0,59354,0,0,62978,2624,540,0,2,1105,0,0,3072,0,3072
286,0,6,0,0,0,0,0,519261,0,0,0,0,624,3072,0,0,0,0,0,0,0,0,0,0,0,0,0,0,0,0,0,0,0,62978,0,48,800,0,916,0,0,3072,0,3072
286,0,7,0,0,0,0,0,519261,0,0,0,0,628,3072,0,0,0,0,0,0,0,0,0,0,0,0,0,0,0,0,0,0,0,63231,0,103,169,0,1098,0,0,0,0,3072
286,0,8,0,0,0,0,0,519261,0,0,0,0,626,3072,0,0,0,0,0,0,0,0,0,0,0,0,0,0,0,0,0,0,0,62500,0,52,0,171,1070,3072,0,0,0,3072
286,0,9,0,0,0,0,0,519261,0,0,0,0,620,3072,0,0,0,0,0,0,0,0,0,0,0,0,0,0,0,0,0,0,0,63233,1097,40,0,0,943,0,0,0,0,3072
286,0,10,0,0,0,0,0,519261,0,0,0,0,52,0,0,0,0,0,0,0,0,0,0,0,0,0,0,0,0,0,0,0,0,0,0,79,86,2,121,0,0,0,0,0
286,0,11,0,0,0,0,0,519261,0,0,0,0,46,0,0,0,0,0,0,0,0,0,0,0,0,0,0,0,0,0,0,0,0,0,0,41,46,0,92,0,0,0,0,0
286,0,12,0,0,0,0,0,519261,0,0,0,0,46,0,0,0,0,0,0,0,0,0,0,0,0,0,0,0,0,0,0,0,0,0,0,0,0,46,92,0,0,0,0,0
286,0,13,0,0,0,0,0,519261,0,0,0,0,52,0,0,0,0,0,0,0,0,0,0,0,0,0,0,0,0,0,0,0,0,0,160,0,0,0,110,0,0,0,0,0
286,0,14,0,0,0,0,0,519260,0,0,0,0,46,0,0,0,0,0,0,0,0,0,0,0,0,0,0,0,0,0,0,0,0,0,0,0,98,0,65,0,0,0,0,0
286,0,15,0,0,0,0,0,519261,0,0,0,0,52,0,0,0,0,0,0,0,0,0,0,0,0,0,0,0,0,0,0,0,0,0,0,0,28,0,105,0,0,0,0,0
287,0,0,0,0,0,0,0,1038517,0,0,5648,532480,136,0,0,0,0,0,12192,0,0,0,0,0,0,0,0,5648,5648,0,226806,0,648361,532480,0,1708,0,136,284,0,0,0,0,24576
287,0,1,0,0,0,0,0,519258,12192,0,0,0,4933,0,0,0,0,0,12192,0,0,0,0,0,0,0,0,0,2811,0,116225,0,221418,0,0,527,610,1094,8494,0,0,3072,0,0
287,0,2,0,0,0,0,0,519258,0,0,0,0,528,3072,0,0,0,0,0,0,0,0,0,0,0,0,0,0,0,0,59385,0,113150,63230,0,722,794,1229,1083,0,0,3072,0,3072
287,0,3,0,0,0,0,0,519258,0,0,0,0,526,3072,0,0,0,0,0,0,0,0,0,0,0,0,0,0,0,0,58110,0,0,63487,0,326,271,0,766,0,0,0,0,3072
287,0,4,0,0,0,0,0,519258,0,0,0,0,528,3072,0,0,0,0,0,0,0,0,0,0,0,0,0,0,0,0,58104,0,0,62721,0,310,0,269,768,9216,0,0,0,3072
287,0,5,0,0,0,0,0,519258,0,0,0,0,527,3072,0,0,0,0,0,0,0,0,0,0,0,0,0,0,0,0,58114,0,0,63231,2621,634,0,1,1074,0,0,3072,0,3072
287,0,6,0,0,0,0,0,519257,0,0,0,0,526,3072,0,0,0,0,0,0,0,0,0,0,0,0,0,0,0,0,0,0,0,62974,0,48,804,1,757,0,0,3072,0,3072
287,0,7,0,0,0,0,0,519258,0,0,0,0,533,3072,0,0,0,0,0,0,0,0,0,0,0,0,0,0,0,0,0,0,0,63229,0,102,263,0,1099,0,0,0,0,3072
287,0,8,0,0,0,0,0,519258,0,0,0,0,534,3072,0,0,0,0,0,0,0,0,0,0,0,0,0,0,0,0,0,0,0,63226,0,52,0,263,1075,3072,0,0,0,3072
287,0,9,0,0,0,0,0,519258,0,0,0,0,527,3072,0,0,0,0,0,0,0,0,0,0,0,0,0,0,0,0,0,0,0,63487,1096,40,0,2,756,0,0,0,0,3072
287,0,10,0,0,0,0,0,519258,0,0,0,0,52,0,0,0,0,0,0,0,0,0,0,0,0,0,0,0,0,0,0,0,0,0,0,81,86,0,119,0,0,0,0,0
287,0,11,0,0,0,0,0,519258,0,0,0,0,46,0,0,0,0,0,0,0,0,0,0,0,0,0,0,0,0,0,0,0,0,0,0,44,46,0,92,0,0,0,0,0
287,0,12,0,0,0,0,0,519258,0,0,0,0,46,0,0,0,0,0,0,0,0,0,0,0,0,0,0,0,0,0,0,0,0,0,0,0,0,46,92,0,0,0,0,0
287,0,13,0,0,0,0,0,519258,0,0,0,0,52,0,0,0,0,0,0,0,0,0,0,0,0,0,0,0,0,0,0,0,0,0,160,0,0,0,110,0,0,0,0,0
287,0,14,0,0,0,0,0,519258,0,0,0,0,46,0,0,0,0,0,0,0,0,0,0,0,0,0,0,0,0,0,0,0,0,0,0,0,98,0,63,0,0,0,0,0
287,0,15,0,0,0,0,0,519258,0,0,0,0,52,0,0,0,0,0,0,0,0,0,0,0,0,0,0,0,0,0,0,0,0,0,0,0,28,0,102,0,0,0,0,0
288,0,0,0,0,0,0,0,1038530,0,0,5648,532480,136,0,0,0,0,0,12192,0,0,0,0,0,0,0,0,5648,5648,0,227399,0,648742,532480,0,1708,0,136,284,0,0,0,0,24576
288,0,1,0,0,0,0,0,519265,12192,0,0,0,4835,0,0,0,0,0,12192,0,0,0,0,0,0,0,0,0,2859,0,116388,0,221495,0,0,571,586,1172,8520,0,0,3072,0,0
288,0,2,0,0,0,0,0,519265,0,0,0,0,527,3072,0,0,0,0,0,0,0,0,0,0,0,0,0,0,0,0,59334,0,112927,63114,0,714,750,1182,1060,0,0,3072,0,3072
288,0,3,0,0,0,0,0,519265,0,0,0,0,481,3072,0,0,0,0,0,0,0,0,0,0,0,0,0,0,0,0,58017,0,0,63487,0,373,315,0,722,0,0,0,0,3072
288,0,4,0,0,0,0,0,519265,0,0,0,0,481,3072,0,0,0,0,0,0,0,0,0,0,0,0,0,0,0,0,59007,0,0,62739,0,295,0,316,712,9216,0,0,0,3072
288,0,5,0,0,0,0,0,519265,0,0,0,0,529,3072,0,0,0,0,0,0,0,0,0,0,0,0,0,0,0,0,59371,0,0,63247,2541,617,0,1,1049,0,0,3072,0,3072
288,0,6,0,0,0,0,0,519264,0,0,0,0,481,3072,0,0,0,0,0,0,0,0,0,0,0,0,0,0,0,0,0,0,0,63230,0,40,849,1,728,0,0,3072,0,3072
288,0,7,0,0,0,0,0,519265,0,0,0,0,534,3072,0,0,0,0,0,0,0,0,0,0,0,0,0,0,0,0,0,0,0,63135,0,107,263,0,1047,0,0,0,0,3072
288,0,8,0,0,0,0,0,519265,0,0,0,0,531,3072,0,0,0,0,0,0,0,0,0,0,0,0,0,0,0,0,0,0,0,62720,0,52,0,266,1087,3072,0,0,0,3072
288,0,9,0,0,0,0,0,519265,0,0,0,0,526,3072,0,0,0,0,0,0,0,0,0,0,0,0,0,0,0,0,0,0,0,63089,1082,42,0,2,770,0,0,0,0,3072
288,0,10,0,0,0,0,0,519265,0,0,0,0,53,0,0,0,0,0,0,0,0,0,0,0,0,0,0,0,0,0,0,0,0,0,0,85,92,0,124,0,0,0,0,0
288,0,11,0,0,0,0,0,519265,0,0,0,0,53,0,0,0,0,0,0,0,0,0,0,0,0,0,0,0,0,0,0,0,0,0,0,44,39,0,94,0,0,0,0,0
288,0,12,0,0,0,0,0,519265,0,0,0,0,47,0,0,0,0,0,0,0,0,0,0,0,0,0,0,0,0,0,0,0,0,0,0,0,0,45,93,0,0,0,0,0
288,0,13,0,0,0,0,0,519265,0,0,0,0,53,0,0,0,0,0,0,0,0,0,0,0,0,0,0,0,0,0,0,0,0,0,166,0,0,0,109,0,0,0,0,0
288,0,14,0,0,0,0,0,519265,0,0,0,0,53,0,0,0,0,0,0,0,0,0,0,0,0,0,0,0,0,0,0,0,0,0,0,0,92,0,66,0,0,0,0,0
288,0,15,0,0,0,0,0,519265,0,0,0,0,53,0,0,0,0,0,0,0,0,0,0,0,0,0,0,0,0,0,0,0,0,0,0,0,27,0,103,0,0,0,0,0
289,0,0,0,0,0,0,0,1266202,0,0,7058,665600,136,0,0,0,0,0,14319,0,0,0,0,0,0,0,0,7058,7058,0,225885,0,848396,665600,0,1708,0,136,284,0,0,0,0,110409
289,0,1,0,0,0,0,0,633101,14319,0,0,0,5788,0,0,0,0,0,14319,0,0,0,0,0,0,0,0,0,3232,0,115902,0,326030,0,0,580,614,1594,10160,0,0,3072,0,0
289,0,2,0,0,0,0,0,633101,0,0,0,0,553,3072,0,0,0,0,0,0,0,0,0,0,0,0,0,0,0,0,114064,0,167073,63044,0,1242,736,1659,1070,0,0,3072,0,3072
289,0,3,0,0,0,0,0,633101,0,0,0,0,495,3072,0,0,0,0,0,0,0,0,0,0,0,0,0,0,0,0,113341,0,0,63477,0,603,302,0,735,0,0,0,0,3072
289,0,4,0,0,0,0,0,633101,0,0,0,0,513,3072,0,0,0,0,0,0,0,0,0,0,0,0,0,0,0,0,58592,0,0,62629,0,292,0,284,773,12288,0,0,0,3072
289,0,5,0,0,0,0,0,633101,0,0,0,0,528,3072,0,0,0,0,0,0,0,0,0,0,0,0,0,0,0,0,59363,0,0,63034,3274,618,0,0,1038,0,0,3072,0,3072
289,0,6,0,0,0,0,0,633101,0,0,0,0,497,3072,0,0,0,0,0,0,0,0,0,0,0,0,0,0,0,0,57715,0,0,63042,0,260,814,3,703,0,0,3072,0,3072
289,0,7,0,0,0,0,0,633101,0,0,0,0,516,3072,0,0,0,0,0,0,0,0,0,0,0,0,0,0,0,0,58305,0,0,63207,0,579,281,0,1032,0,0,0,0,3072
289,0,8,0,0,0,0,0,633101,0,0,0,0,528,3072,0,0,0,0,0,0,0,0,0,0,0,0,0,0,0,0,0,0,0,62460,0,52,0,269,1087,6144,0,0,0,3072
289,0,9,0,0,0,0,0,633101,0,0,0,0,527,3072,0,0,0,0,0,0,0,0,0,0,0,0,0,0,0,0,0,0,0,63097,1826,41,0,1,771,0,0,3072,0,3072
289,0,10,0,0,0,0,0,633101,0,0,0,0,578,3072,0,0,0,0,0,0,0,0,0,0,0,0,0,0,0,0,0,0,0,63382,0,86,751,1,1135,0,0,3072,0,3072
289,0,11,0,0,0,0,0,633101,0,0,0,0,532,3072,0,0,0,0,0,0,0,0,0,0,0,0,0,0,0,0,0,0,0,63476,0,44,264,0,809,0,0,0,0,3072
289,0,12,0,0,0,0,0,633101,0,0,0,0,46,0,0,0,0,0,0,0,0,0,0,0,0,0,0,0,0,0,0,0,0,0,0,0,0,46,92,0,0,0,0,0
289,0,13,0,0,0,0,0,633101,0,0,0,0,53,0,0,0,0,0,0,0,0,0,0,0,0,0,0,0,0,0,0,0,0,0,168,0,0,0,110,0,0,0,0,0
289,0,14,0,0,0,0,0,633100,0,0,0,0,52,0,0,0,0,0,0,0,0,0,0,0,0,0,0,0,0,0,0,0,0,0,0,0,89,0,64,0,0,0,0,0
289,0,15,0,0,0,0,0,633101,0,0,0,0,49,0,0,0,0,0,0,0,0,0,0,0,0,0,0,0,0,0,0,0,0,0,0,0,31,0,101,0,0,0,0,0
290,0,0,0,0,0,0,0,1266058,0,0,7060,665600,136,0,0,0,0,0,14322,0,0,0,0,0,0,0,0,7060,7060,0,226110,0,847313,665600,0,1708,0,136,284,0,0,0,0,112463
290,0,1,0,0,0,0,0,633029,14322,0,0,0,5851,0,0,0,0,0,14322,0,0,0,0,0,0,0,0,0,3137,0,115884,0,325686,0,0,578,615,1534,10263,0,0,3072,0,0
290,0,2,0,0,0,0,0,633029,0,0,0,0,526,3072,0,0,0,0,0,0,0,0,0,0,0,0,0,0,0,0,113952,0,167019,63037,0,1267,772,1677,1062,0,0,3072,0,3072
290,0,3,0,0,0,0,0,633029,0,0,0,0,501,3072,0,0,0,0,0,0,0,0,0,0,0,0,0,0,0,0,113325,0,0,63483,0,606,295,0,721,0,0,0,0,3072
290,0,4,0,0,0,0,0,633029,0,0,0,0,507,3072,0,0,0,0,0,0,0,0,0,0,0,0,0,0,0,0,58619,0,0,62661,0,301,0,290,762,12288,0,0,0,3072
290,0,5,0,0,0,0,0,633029,0,0,0,0,524,3072,0,0,0,0,0,0,0,0,0,0,0,0,0,0,0,0,59354,0,0,63026,3200,596,0,1,1058,0,0,3072,0,3072
290,0,6,0,0,0,0,0,633029,0,0,0,0,495,3072,0,0,0,0,0,0,0,0,0,0,0,0,0,0,0,0,57646,0,0,63042,0,239,844,2,697,0,0,3072,0,3072
290,0,7,0,0,0,0,0,633029,0,0,0,0,543,3072,0,0,0,0,0,0,0,0,0,0,0,0,0,0,0,0,58316,0,0,63189,0,585,253,0,1052,0,0,0,0,3072
290,0,8,0,0,0,0,0,633029,0,0,0,0,546,3072,0,0,0,0,0,0,0,0,0,0,0,0,0,0,0,0,0,0,0,62483,0,52,0,251,1096,6144,0,0,0,3072
290,0,9,0,0,0,0,0,633029,0,0,0,0,516,3072,0,0,0,0,0,0,0,0,0,0,0,0,0,0,0,0,0,0,0,63111,1867,40,0,1,783,0,0,3072,0,3072
290,0,10,0,0,0,0,0,633029,0,0,0,0,566,3072,0,0,0,0,0,0,0,0,0,0,0,0,0,0,0,0,0,0,0,63356,0,83,745,1,1147,0,0,3072,0,3072
290,0,11,0,0,0,0,0,633029,0,0,0,0,515,3072,0,0,0,0,0,0,0,0,0,0,0,0,0,0,0,0,0,0,0,63476,0,46,282,0,783,0,0,0,0,3072
290,0,12,0,0,0,0,0,633029,0,0,0,0,48,0,0,0,0,0,0,0,0,0,0,0,0,0,0,0,0,0,0,0,0,0,0,0,0,44,94,0,0,0,0,0
290,0,13,0,0,0,0,0,633029,0,0,0,0,54,0,0,0,0,0,0,0,0,0,0,0,0,0,0,0,0,0,0,0,0,0,162,0,0,0,112,0,0,0,0,0
290,0,14,0,0,0,0,0,633029,0,0,0,0,48,0,0,0,0,0,0,0,0,0,0,0,0,0,0,0,0,0,0,0,0,0,0,0,96,0,63,0,0,0,0,0
290,0,15,0,0,0,0,0,633029,0,0,0,0,52,0,0,0,0,0,0,0,0,0,0,0,0,0,0,0,0,0,0,0,0,0,0,0,28,0,102,0,0,0,0,0
291,0,0,0,0,0,0,0,1272284,0,0,7064,665600,136,0,0,0,0,0,14322,0,0,0,0,0,0,0,0,7064,7064,0,224512,0,848685,665600,0,1708,0,136,284,0,0,0,0,120494
291,0,1,0,0,0,0,0,636142,14322,0,0,0,6086,0,0,0,0,0,14322,0,0,0,0,0,0,0,0,0,3262,0,115718,0,326055,0,0,498,581,1411,10336,0,0,3072,0,0
291,0,2,0,0,0,0,0,636142,0,0,0,0,438,3072,0,0,0,0,0,0,0,0,0,0,0,0,0,0,0,0,113981,0,167095,62979,0,1246,790,1775,1018,0,0,3072,0,3072
291,0,3,0,0,0,0,0,636142,0,0,0,0,434,3072,0,0,0,0,0,0,0,0,0,0,0,0,0,0,0,0,113284,0,0,63426,0,488,363,0,673,0,0,0,0,3072
291,0,4,0,0,0,0,0,636142,0,0,0,0,439,3072,0,0,0,0,0,0,0,0,0,0,0,0,0,0,0,0,58314,0,0,62474,0,310,0,358,650,12288,0,0,0,3072
291,0,5,0,0,0,0,0,636142,0,0,0,0,526,3072,0,0,0,0,0,0,0,0,0,0,0,0,0,0,0,0,59385,0,0,62980,3342,662,0,0,1074,0,0,3072,0,3072
291,0,6,0,0,0,0,0,636141,0,0,0,0,526,3072,0,0,0,0,0,0,0,0,0,0,0,0,0,0,0,0,57480,0,0,63042,0,265,711,3,723,0,0,3072,0,3072
291,0,7,0,0,0,0,0,636142,0,0,0,0,442,3072,0,0,0,0,0,0,0,0,0,0,0,0,0,0,0,0,58246,0,0,63173,0,619,355,0,1033,0,0,0,0,3072
291,0,8,0,0,0,0,0,636142,0,0,0,0,443,3072,0,0,0,0,0,0,0,0,0,0,0,0,0,0,0,0,0,0,0,62402,0,52,0,354,984,6144,0,0,0,3072
291,0,9,0,0,0,0,0,636142,0,0,0,0,436,3072,0,0,0,0,0,0,0,0,0,0,0,0,0,0,0,0,0,0,0,63103,1789,42,0,1,635,0,0,3072,0,3072
291,0,10,0,0,0,0,0,636142,0,0,0,0,537,3072,0,0,0,0,0,0,0,0,0,0,0,0,0,0,0,0,0,0,0,63298,0,87,796,1,1088,0,0,3072,0,3072
291,0,11,0,0,0,0,0,636142,0,0,0,0,537,3072,0,0,0,0,0,0,0,0,0,0,0,0,0,0,0,0,0,0,0,63423,0,46,260,0,771,0,0,0,0,3072
291,0,12,0,0,0,0,0,636142,0,0,0,0,47,0,0,0,0,0,0,0,0,0,0,0,0,0,0,0,0,0,0,0,0,0,0,0,0,45,93,0,0,0,0,0
291,0,13,0,0,0,0,0,636142,0,0,0,0,53,0,0,0,0,0,0,0,0,0,0,0,0,0,0,0,0,0,0,0,0,0,166,0,0,0,109,0,0,0,0,0
291,0,14,0,0,0,0,0,636142,0,0,0,0,53,0,0,0,0,0,0,0,0,0,0,0,0,0,0,0,0,0,0,0,0,0,0,0,92,0,64,0,0,0,0,0
291,0,15,0,0,0,0,0,636142,0,0,0,0,53,0,0,0,0,0,0,0,0,0,0,0,0,0,0,0,0,0,0,0,0,0,0,0,27,0,103,0,0,0,0,0
292,0,0,0,0,0,0,0,1577502,0,0,8898,865280,136,0,0,0,0,0,17094,0,0,0,0,0,0,0,0,8898,8898,0,328932,0,1048996,865280,0,2379,0,136,284,0,0,0,0,1461240
292,0,1,0,0,0,0,0,788751,17094,0,0,0,7107,0,0,0,0,0,17094,0,0,0,0,0,0,0,0,0,2790,0,171970,0,377984,0,0,756,822,1734,12194,0,0,3072,0,0
292,0,2,0,0,0,0,0,788751,0,0,0,0,473,3072,0,0,0,0,0,0,0,0,0,0,0,0,0,0,0,0,171694,0,164621,62934,0,1632,717,1643,977,0,0,3072,0,3072
292,0,3,0,0,0,0,0,788751,0,0,0,0,468,3072,0,0,0,0,0,0,0,0,0,0,0,0,0,0,0,0,113511,0,0,63119,0,553,255,0,676,0,0,0,0,3072
292,0,4,0,0,0,0,0,788751,0,0,0,0,510,3072,0,0,0,0,0,0,0,0,0,0,0,0,0,0,0,0,113924,0,0,63251,0,519,0,275,746,225705,0,0,0,3072
292,0,5,0,0,0,0,0,788751,0,0,0,0,509,3072,0,0,0,0,0,0,0,0,0,0,0,0,0,0,0,0,116220,0,0,63799,4412,1093,0,1,1039,0,0,3072,0,3072
292,0,6,0,0,0,0,0,788750,0,0,0,0,506,3072,0,0,0,0,0,0,0,0,0,0,0,0,0,0,0,0,116859,0,0,63269,0,507,800,2,746,0,0,3072,0,3072
292,0,7,0,0,0,0,0,788751,0,0,0,0,523,3072,0,0,0,0,0,0,0,0,0,0,0,0,0,0,0,0,58231,0,0,63273,0,559,262,0,1086,0,0,0,0,3072
292,0,8,0,0,0,0,0,788751,0,0,0,0,522,3072,0,0,0,0,0,0,0,0,0,0,0,0,0,0,0,0,58336,0,0,62820,0,535,0,263,1054,12812,0,0,0,3072
292,0,9,0,0,0,0,0,788751,0,0,0,0,507,3072,0,0,0,0,0,0,0,0,0,0,0,0,0,0,0,0,59201,0,0,63486,2709,272,0,1,728,0,0,3072,0,3072
292,0,10,0,0,0,0,0,788751,0,0,0,0,522,3072,0,0,0,0,0,0,0,0,0,0,0,0,0,0,0,0,59289,0,0,63485,0,556,769,1,1045,0,0,3072,0,3072
292,0,11,0,0,0,0,0,788751,0,0,0,0,507,3072,0,0,0,0,0,0,0,0,0,0,0,0,0,0,0,0,0,0,0,63458,0,46,278,0,789,0,0,0,0,3072
292,0,12,0,0,0,0,0,788751,0,0,0,0,505,3072,0,0,0,0,0,0,0,0,0,0,0,0,0,0,0,0,0,0,0,63488,0,0,0,280,763,3072,0,0,0,3072
292,0,13,0,0,0,0,0,788751,0,0,0,0,520,3072,0,0,0,0,0,0,0,0,0,0,0,0,0,0,0,0,0,0,0,63360,1321,0,0,0,1041,0,0,3072,0,3072
292,0,14,0,0,0,0,0,788751,0,0,0,0,513,3072,0,0,0,0,0,0,0,0,0,0,0,0,0,0,0,0,0,0,0,63264,0,0,313,2,750,0,0,0,0,3072
292,0,15,0,0,0,0,0,788751,0,0,0,0,41,0,0,0,0,0,0,0,0,0,0,0,0,0,0,0,0,0,0,0,0,0,0,0,39,0,92,0,0,0,0,0
293,0,0,0,0,0,0,0,1580010,0,0,8918,865280,136,0,0,0,0,0,17124,0,0,0,0,0,0,0,0,8918,8918,0,328793,0,1049975,865280,0,2385,0,136,284,0,0,0,0,1461669
293,0,1,0,0,0,0,0,790005,17124,0,0,0,7047,0,0,0,0,0,17124,0,0,0,0,0,0,0,0,0,3380,0,171915,0,378164,0,0,744,891,1757,12149,0,0,3072,0,0
293,0,2,0,0,0,0,0,790005,0,0,0,0,466,3072,0,0,0,0,0,0,0,0,0,0,0,0,0,0,0,0,171795,0,164625,62936,0,1630,712,1637,963,0,0,3072,0,3072
293,0,3,0,0,0,0,0,790005,0,0,0,0,458,3072,0,0,0,0,0,0,0,0,0,0,0,0,0,0,0,0,113503,0,0,63121,0,545,265,0,684,0,0,0,0,3072
293,0,4,0,0,0,0,0,790005,0,0,0,0,502,3072,0,0,0,0,0,0,0,0,0,0,0,0,0,0,0,0,113927,0,0,63228,0,573,0,285,760,231948,0,0,0,3072
293,0,5,0,0,0,0,0,790005,0,0,0,0,503,3072,0,0,0,0,0,0,0,0,0,0,0,0,0,0,0,0,116136,0,0,63695,4422,1091,0,1,1053,0,0,3073,0,3072
293,0,6,0,0,0,0,0,790005,0,0,0,0,503,3072,0,0,0,0,0,0,0,0,0,0,0,0,0,0,0,0,116956,0,0,63267,0,512,781,2,746,0,0,3072,0,3072
293,0,7,0,0,0,0,0,790005,0,0,0,0,498,3072,0,0,0,0,0,0,0,0,0,0,0,0,0,0,0,0,58232,0,0,63268,0,584,288,0,1049,0,0,0,0,3072
293,0,8,0,0,0,0,0,790005,0,0,0,0,509,3072,0,0,0,0,0,0,0,0,0,0,0,0,0,0,0,0,58290,0,0,62778,0,507,0,278,1019,12507,0,0,0,3072
293,0,9,0,0,0,0,0,790005,0,0,0,0,495,3072,0,0,0,0,0,0,0,0,0,0,0,0,0,0,0,0,59281,0,0,63486,2736,254,0,1,740,0,0,3072,0,3072
293,0,10,0,0,0,0,0,790005,0,0,0,0,515,3072,0,0,0,0,0,0,0,0,0,0,0,0,0,0,0,0,59382,0,0,63484,0,544,781,2,1049,0,0,3072,0,3072
293,0,11,0,0,0,0,0,790005,0,0,0,0,511,3072,0,0,0,0,0,0,0,0,0,0,0,0,0,0,0,0,0,0,0,63454,0,43,276,0,772,0,0,0,0,3072
293,0,12,0,0,0,0,0,790005,0,0,0,0,493,3072,0,0,0,0,0,0,0,0,0,0,0,0,0,0,0,0,0,0,0,63488,0,0,0,294,781,3072,0,0,0,3072
293,0,13,0,0,0,0,0,790005,0,0,0,0,521,3072,0,0,0,0,0,0,0,0,0,0,0,0,0,0,0,0,0,0,0,63363,1293,0,0,0,1062,0,0,3072,0,3072
293,0,14,0,0,0,0,0,790005,0,0,0,0,507,3072,0,0,0,0,0,0,0,0,0,0,0,0,0,0,0,0,0,0,0,63360,0,0,332,3,758,0,0,0,0,3072
293,0,15,0,0,0,0,0,790005,0,0,0,0,53,0,0,0,0,0,0,0,0,0,0,0,0,0,0,0,0,0,0,0,0,0,0,0,27,0,106,0,0,0,0,0
294,0,0,0,0,0,0,0,1577797,0,0,8898,865280,136,0,0,0,0,0,17097,0,0,0,0,0,0,0,0,8898,8898,0,328897,0,1050066,865280,0,2379,0,136,284,0,0,0,0,1460775
294,0,1,0,0,0,0,0,788898,17097,0,0,0,7479,0,0,0,0,0,17097,0,0,0,0,0,0,0,0,0,3392,0,172018,0,378093,0,0,669,795,1476,12529,0,0,3072,0,0
294,0,2,0,0,0,0,0,788898,0,0,0,0,469,3072,0,0,0,0,0,0,0,0,0,0,0,0,0,0,0,0,171700,0,164596,62928,0,1744,718,1758,1004,0,0,3072,0,3072
294,0,3,0,0,0,0,0,788898,0,0,0,0,465,3072,0,0,0,0,0,0,0,0,0,0,0,0,0,0,0,0,113510,0,0,63116,0,461,258,0,650,0,0,0,0,3072
294,0,4,0,0,0,0,0,788898,0,0,0,0,513,3072,0,0,0,0,0,0,0,0,0,0,0,0,0,0,0,0,113934,0,0,63250,0,503,0,272,737,233158,0,0,0,3072
294,0,5,0,0,0,0,0,788898,0,0,0,0,506,3072,0,0,0,0,0,0,0,0,0,0,0,0,0,0,0,0,116153,0,0,63753,4448,1133,0,1,1083,0,0,3072,0,3072
294,0,6,0,0,0,0,0,788897,0,0,0,0,511,3072,0,0,0,0,0,0,0,0,0,0,0,0,0,0,0,0,116872,0,0,63270,0,436,795,2,710,0,0,3072,0,3072
294,0,7,0,0,0,0,0,788898,0,0,0,0,523,3072,0,0,0,0,0,0,0,0,0,0,0,0,0,0,0,0,58231,0,0,63270,0,612,262,0,1125,0,0,0,0,3072
294,0,8,0,0,0,0,0,788898,0,0,0,0,521,3072,0,0,0,0,0,0,0,0,0,0,0,0,0,0,0,0,58310,0,0,62794,0,542,0,264,1062,12520,0,0,0,3072
294,0,9,0,0,0,0,0,788898,0,0,0,0,515,3072,0,0,0,0,0,0,0,0,0,0,0,0,0,0,0,0,59271,0,0,63487,2684,242,0,1,726,0,0,3072,0,3072
294,0,10,0,0,0,0,0,788898,0,0,0,0,518,3072,0,0,0,0,0,0,0,0,0,0,0,0,0,0,0,0,59293,0,0,63487,0,598,781,1,1070,0,0,3072,0,3072
294,0,11,0,0,0,0,0,788898,0,0,0,0,514,3072,0,0,0,0,0,0,0,0,0,0,0,0,0,0,0,0,0,0,0,63459,0,46,270,0,744,0,0,0,0,3072
294,0,12,0,0,0,0,0,788898,0,0,0,0,508,3072,0,0,0,0,0,0,0,0,0,0,0,0,0,0,0,0,0,0,0,63487,0,0,0,277,759,3072,0,0,0,3072
294,0,13,0,0,0,0,0,788898,0,0,0,0,515,3072,0,0,0,0,0,0,0,0,0,0,0,0,0,0,0,0,0,0,0,63360,1325,0,0,2,1066,0,0,3072,0,3072
294,0,14,0,0,0,0,0,788898,0,0,0,0,512,3072,0,0,0,0,0,0,0,0,0,0,0,0,0,0,0,0,0,0,0,63266,0,0,315,0,707,0,0,0,0,3072
294,0,15,0,0,0,0,0,788898,0,0,0,0,42,0,0,0,0,0,0,0,0,0,0,0,0,0,0,0,0,0,0,0,0,0,0,0,38,0,95,0,0,0,0,0
295,0,0,0,0,0,0,0,280870,0,0,1026,66048,136,0,0,0,0,0,5214,0,0,0,0,0,0,0,0,1026,1026,0,0,0,120116,66048,0,294,0,136,284,0,0,0,0,1536
295,0,1,0,0,0,0,0,140435,5214,0,0,0,1842,0,0,0,0,0,5214,0,0,0,0,0,0,0,0,0,58,0,0,0,62365,0,0,84,170,439,3308,0,0,1536,0,0
295,0,2,0,0,0,0,0,140435,0,0,0,0,798,1536,0,0,0,0,0,0,0,0,0,0,0,0,0,0,0,0,0,0,0,63979,0,249,365,283,1627,0,0,0,0,1536
295,0,3,0,0,0,0,0,140435,0,0,0,0,47,0,0,0,0,0,0,0,0,0,0,0,0,0,0,0,0,0,0,0,0,0,0,91,45,0,54,0,0,0,0,0
295,0,4,0,0,0,0,0,140435,0,0,0,0,47,0,0,0,0,0,0,0,0,0,0,0,0,0,0,0,0,0,0,0,0,0,0,87,0,45,62,0,0,0,0,0
295,0,5,0,0,0,0,0,140435,0,0,0,0,47,0,0,0,0,0,0,0,0,0,0,0,0,0,0,0,0,0,0,0,0,0,537,148,0,0,109,0,0,0,0,0
295,0,6,0,0,0,0,0,140435,0,0,0,0,47,0,0,0,0,0,0,0,0,0,0,0,0,0,0,0,0,0,0,0,0,0,0,40,98,0,52,0,0,0,0,0
295,0,7,0,0,0,0,0,140435,0,0,0,0,53,0,0,0,0,0,0,0,0,0,0,0,0,0,0,0,0,0,0,0,0,0,0,105,39,0,140,0,0,0,0,0
295,0,8,0,0,0,0,0,140435,0,0,0,0,50,0,0,0,0,0,0,0,0,0,0,0,0,0,0,0,0,0,0,0,0,0,0,52,0,42,107,0,0,0,0,0
295,0,9,0,0,0,0,0,140435,0,0,0,0,47,0,0,0,0,0,0,0,0,0,0,0,0,0,0,0,0,0,0,0,0,0,365,42,0,0,53,0,0,0,0,0
295,0,10,0,0,0,0,0,140435,0,0,0,0,53,0,0,0,0,0,0,0,0,0,0,0,0,0,0,0,0,0,0,0,0,0,0,91,92,0,118,0,0,0,0,0
295,0,11,0,0,0,0,0,140435,0,0,0,0,53,0,0,0,0,0,0,0,0,0,0,0,0,0,0,0,0,0,0,0,0,0,0,39,39,0,94,0,0,0,0,0
295,0,12,0,0,0,0,0,140435,0,0,0,0,47,0,0,0,0,0,0,0,0,0,0,0,0,0,0,0,0,0,0,0,0,0,0,0,0,45,93,0,0,0,0,0
295,0,13,0,0,0,0,0,140435,0,0,0,0,53,0,0,0,0,0,0,0,0,0,0,0,0,0,0,0,0,0,0,0,0,0,178,0,0,0,109,0,0,0,0,0
295,0,14,0,0,0,0,0,140435,0,0,0,0,53,0,0,0,0,0,0,0,0,0,0,0,0,0,0,0,0,0,0,0,0,0,0,0,80,0,60,0,0,0,0,0
295,0,15,0,0,0,0,0,140435,0,0,0,0,41,0,0,0,0,0,0,0,0,0,0,0,0,0,0,0,0,0,0,0,0,0,0,0,39,0,89,0,0,0,0,0
296,0,0,0,0,0,0,0,280864,0,0,1026,66048,136,0,0,0,0,0,5217,0,0,0,0,0,0,0,0,1026,1026,0,0,0,120147,66048,0,294,0,136,284,0,0,0,0,1536
296,0,1,0,0,0,0,0,140432,5217,0,0,0,1836,0,0,0,0,0,5217,0,0,0,0,0,0,0,0,0,58,0,0,0,62375,0,0,76,172,451,3315,0,0,1536,0,0
296,0,2,0,0,0,0,0,140432,0,0,0,0,800,1536,0,0,0,0,0,0,0,0,0,0,0,0,0,0,0,0,0,0,0,63985,0,255,363,268,1626,0,0,0,0,1536
296,0,3,0,0,0,0,0,140432,0,0,0,0,47,0,0,0,0,0,0,0,0,0,0,0,0,0,0,0,0,0,0,0,0,0,0,99,45,0,61,0,0,0,0,0
296,0,4,0,0,0,0,0,140432,0,0,0,0,47,0,0,0,0,0,0,0,0,0,0,0,0,0,0,0,0,0,0,0,0,0,0,87,0,45,69,0,0,0,0,0
296,0,5,0,0,0,0,0,140432,0,0,0,0,47,0,0,0,0,0,0,0,0,0,0,0,0,0,0,0,0,0,0,0,0,0,526,148,0,0,117,0,0,0,0,0
296,0,6,0,0,0,0,0,140433,0,0,0,0,47,0,0,0,0,0,0,0,0,0,0,0,0,0,0,0,0,0,0,0,0,0,0,34,98,0,52,0,0,0,0,0
296,0,7,0,0,0,0,0,140432,0,0,0,0,53,0,0,0,0,0,0,0,0,0,0,0,0,0,0,0,0,0,0,0,0,0,0,105,39,0,132,0,0,0,0,0
296,0,8,0,0,0,0,0,140432,0,0,0,0,50,0,0,0,0,0,0,0,0,0,0,0,0,0,0,0,0,0,0,0,0,0,0,52,0,42,107,0,0,0,0,0
296,0,9,0,0,0,0,0,140432,0,0,0,0,47,0,0,0,0,0,0,0,0,0,0,0,0,0,0,0,0,0,0,0,0,0,376,42,0,0,53,0,0,0,0,0
296,0,10,0,0,0,0,0,140432,0,0,0,0,53,0,0,0,0,0,0,0,0,0,0,0,0,0,0,0,0,0,0,0,0,0,0,89,92,0,126,0,0,0,0,0
296,0,11,0,0,0,0,0,140432,0,0,0,0,53,0,0,0,0,0,0,0,0,0,0,0,0,0,0,0,0,0,0,0,0,0,0,39,39,0,94,0,0,0,0,0
296,0,12,0,0,0,0,0,140432,0,0,0,0,47,0,0,0,0,0,0,0,0,0,0,0,0,0,0,0,0,0,0,0,0,0,0,0,0,45,93,0,0,0,0,0
296,0,13,0,0,0,0,0,140432,0,0,0,0,53,0,0,0,0,0,0,0,0,0,0,0,0,0,0,0,0,0,0,0,0,0,167,0,0,0,109,0,0,0,0,0
296,0,14,0,0,0,0,0,140433,0,0,0,0,53,0,0,0,0,0,0,0,0,0,0,0,0,0,0,0,0,0,0,0,0,0,0,0,91,0,62,0,0,0,0,0
296,0,15,0,0,0,0,0,140432,0,0,0,0,52,0,0,0,0,0,0,0,0,0,0,0,0,0,0,0,0,0,0,0,0,0,0,0,28,0,100,0,0,0,0,0
297,0,0,0,0,0,0,0,280826,0,0,1026,66048,136,0,0,0,0,0,5217,0,0,0,0,0,0,0,0,1026,1026,0,0,0,120136,66048,0,294,0,136,284,0,0,0,0,1536
297,0,1,0,0,0,0,0,140413,5217,0,0,0,1838,0,0,0,0,0,5217,0,0,0,0,0,0,0,0,0,59,0,0,0,62370,0,0,84,171,442,3302,0,0,1536,0,0
297,0,2,0,0,0,0,0,140413,0,0,0,0,796,1536,0,0,0,0,0,0,0,0,0,0,0,0,0,0,0,0,0,0,0,63982,0,249,367,283,1622,0,0,0,0,1536
297,0,3,0,0,0,0,0,140413,0,0,0,0,47,0,0,0,0,0,0,0,0,0,0,0,0,0,0,0,0,0,0,0,0,0,0,91,45,0,54,0,0,0,0,0
297,0,4,0,0,0,0,0,140413,0,0,0,0,47,0,0,0,0,0,0,0,0,0,0,0,0,0,0,0,0,0,0,0,0,0,0,87,0,45,62,0,0,0,0,0
297,0,5,0,0,0,0,0,140413,0,0,0,0,47,0,0,0,0,0,0,0,0,0,0,0,0,0,0,0,0,0,0,0,0,0,537,148,0,0,109,0,0,0,0,0
297,0,6,0,0,0,0,0,140412,0,0,0,0,47,0,0,0,0,0,0,0,0,0,0,0,0,0,0,0,0,0,0,0,0,0,0,40,98,0,52,0,0,0,0,0
297,0,7,0,0,0,0,0,140413,0,0,0,0,53,0,0,0,0,0,0,0,0,0,0,0,0,0,0,0,0,0,0,0,0,0,0,105,39,0,140,0,0,0,0,0
297,0,8,0,0,0,0,0,140413,0,0,0,0,50,0,0,0,0,0,0,0,0,0,0,0,0,0,0,0,0,0,0,0,0,0,0,52,0,42,107,0,0,0,0,0
297,0,9,0,0,0,0,0,140413,0,0,0,0,47,0,0,0,0,0,0,0,0,0,0,0,0,0,0,0,0,0,0,0,0,0,365,42,0,0,53,0,0,0,0,0
297,0,10,0,0,0,0,0,140413,0,0,0,0,53,0,0,0,0,0,0,0,0,0,0,0,0,0,0,0,0,0,0,0,0,0,0,91,92,0,118,0,0,0,0,0
297,0,11,0,0,0,0,0,140413,0,0,0,0,53,0,0,0,0,0,0,0,0,0,0,0,0,0,0,0,0,0,0,0,0,0,0,39,39,0,94,0,0,0,0,0
297,0,12,0,0,0,0,0,140413,0,0,0,0,47,0,0,0,0,0,0,0,0,0,0,0,0,0,0,0,0,0,0,0,0,0,0,0,0,45,93,0,0,0,0,0
297,0,13,0,0,0,0,0,140413,0,0,0,0,53,0,0,0,0,0,0,0,0,0,0,0,0,0,0,0,0,0,0,0,0,0,178,0,0,0,109,0,0,0,0,0
297,0,14,0,0,0,0,0,140413,0,0,0,0,53,0,0,0,0,0,0,0,0,0,0,0,0,0,0,0,0,0,0,0,0,0,0,0,80,0,60,0,0,0,0,0
297,0,15,0,0,0,0,0,140413,0,0,0,0,41,0,0,0,0,0,0,0,0,0,0,0,0,0,0,0,0,0,0,0,0,0,0,0,39,0,89,0,0,0,0,0
298,0,0,0,0,0,0,0,356074,0,0,1064,132096,136,0,0,0,0,0,5280,0,0,0,0,0,0,0,0,1064,1064,0,0,0,244905,132096,0,294,0,136,284,0,0,0,0,3072
298,0,1,0,0,0,0,0,178037,5280,0,0,0,1915,0,0,0,0,0,5280,0,0,0,0,0,0,0,0,0,340,0,0,0,124507,0,0,76,171,412,3181,0,0,1536,0,0
298,0,2,0,0,0,0,0,178037,0,0,0,0,364,1536,0,0,0,0,0,0,0,0,0,0,0,0,0,0,0,0,0,0,62400,64374,0,255,612,675,861,0,0,1536,0,1536
298,0,3,0,0,0,0,0,178037,0,0,0,0,354,1536,0,0,0,0,0,0,0,0,0,0,0,0,0,0,0,0,0,0,0,64166,0,100,268,0,494,0,0,0,0,1536
298,0,4,0,0,0,0,0,178037,0,0,0,0,47,0,0,0,0,0,0,0,0,0,0,0,0,0,0,0,0,0,0,0,0,0,0,87,0,45,70,0,0,0,0,0
298,0,5,0,0,0,0,0,178037,0,0,0,0,47,0,0,0,0,0,0,0,0,0,0,0,0,0,0,0,0,0,0,0,0,0,526,148,0,0,117,0,0,0,0,0
298,0,6,0,0,0,0,0,178037,0,0,0,0,47,0,0,0,0,0,0,0,0,0,0,0,0,0,0,0,0,0,0,0,0,0,0,34,98,0,52,0,0,0,0,0
298,0,7,0,0,0,0,0,178037,0,0,0,0,53,0,0,0,0,0,0,0,0,0,0,0,0,0,0,0,0,0,0,0,0,0,0,105,39,0,132,0,0,0,0,0
298,0,8,0,0,0,0,0,178037,0,0,0,0,50,0,0,0,0,0,0,0,0,0,0,0,0,0,0,0,0,0,0,0,0,0,0,52,0,42,107,0,0,0,0,0
298,0,9,0,0,0,0,0,178037,0,0,0,0,47,0,0,0,0,0,0,0,0,0,0,0,0,0,0,0,0,0,0,0,0,0,376,42,0,0,53,0,0,0,0,0
298,0,10,0,0,0,0,0,178037,0,0,0,0,53,0,0,0,0,0,0,0,0,0,0,0,0,0,0,0,0,0,0,0,0,0,0,89,92,0,126,0,0,0,0,0
298,0,11,0,0,0,0,0,178037,0,0,0,0,53,0,0,0,0,0,0,0,0,0,0,0,0,0,0,0,0,0,0,0,0,0,0,40,39,0,94,0,0,0,0,0
298,0,12,0,0,0,0,0,178037,0,0,0,0,47,0,0,0,0,0,0,0,0,0,0,0,0,0,0,0,0,0,0,0,0,0,0,0,0,45,93,0,0,0,0,0
298,0,13,0,0,0,0,0,178037,0,0,0,0,53,0,0,0,0,0,0,0,0,0,0,0,0,0,0,0,0,0,0,0,0,0,167,0,0,0,109,0,0,0,0,0
298,0,14,0,0,0,0,0,178037,0,0,0,0,53,0,0,0,0,0,0,0,0,0,0,0,0,0,0,0,0,0,0,0,0,0,0,0,91,0,62,0,0,0,0,0
298,0,15,0,0,0,0,0,178037,0,0,0,0,52,0,0,0,0,0,0,0,0,0,0,0,0,0,0,0,0,0,0,0,0,0,0,0,28,0,100,0,0,0,0,0
299,0,0,0,0,0,0,0,356097,0,0,1068,132096,136,0,0,0,0,0,5286,0,0,0,0,0,0,0,0,1068,1068,0,0,0,245034,132096,0,294,0,136,284,0,0,0,0,3072
299,0,1,0,0,0,0,0,178049,5286,0,0,0,1880,0,0,0,0,0,5286,0,0,0,0,0,0,0,0,0,499,0,0,0,124652,0,0,78,169,451,3180,0,0,1536,0,0
299,0,2,0,0,0,0,0,178049,0,0,0,0,388,1536,0,0,0,0,0,0,0,0,0,0,0,0,0,0,0,0,0,0,62447,64290,0,249,583,687,843,0,0,1536,0,1536
299,0,3,0,0,0,0,0,178049,0,0,0,0,347,1536,0,0,0,0,0,0,0,0,0,0,0,0,0,0,0,0,0,0,0,64268,0,98,278,0,478,0,0,0,0,1536
299,0,4,0,0,0,0,0,178049,0,0,0,0,47,0,0,0,0,0,0,0,0,0,0,0,0,0,0,0,0,0,0,0,0,0,0,87,0,45,68,0,0,0,0,0
299,0,5,0,0,0,0,0,178049,0,0,0,0,47,0,0,0,0,0,0,0,0,0,0,0,0,0,0,0,0,0,0,0,0,0,525,148,0,0,115,0,0,0,0,0
299,0,6,0,0,0,0,0,178050,0,0,0,0,47,0,0,0,0,0,0,0,0,0,0,0,0,0,0,0,0,0,0,0,0,0,0,40,98,0,52,0,0,0,0,0
299,0,7,0,0,0,0,0,178049,0,0,0,0,53,0,0,0,0,0,0,0,0,0,0,0,0,0,0,0,0,0,0,0,0,0,0,105,39,0,134,0,0,0,0,0
299,0,8,0,0,0,0,0,178049,0,0,0,0,50,0,0,0,0,0,0,0,0,0,0,0,0,0,0,0,0,0,0,0,0,0,0,52,0,42,107,0,0,0,0,0
299,0,9,0,0,0,0,0,178049,0,0,0,0,47,0,0,0,0,0,0,0,0,0,0,0,0,0,0,0,0,0,0,0,0,0,377,42,0,0,53,0,0,0,0,0
299,0,10,0,0,0,0,0,178049,0,0,0,0,53,0,0,0,0,0,0,0,0,0,0,0,0,0,0,0,0,0,0,0,0,0,0,85,92,0,124,0,0,0,0,0
299,0,11,0,0,0,0,0,178049,0,0,0,0,53,0,0,0,0,0,0,0,0,0,0,0,0,0,0,0,0,0,0,0,0,0,0,40,39,0,94,0,0,0,0,0
299,0,12,0,0,0,0,0,178049,0,0,0,0,47,0,0,0,0,0,0,0,0,0,0,0,0,0,0,0,0,0,0,0,0,0,0,0,0,45,93,0,0,0,0,0
299,0,13,0,0,0,0,0,178049,0,0,0,0,53,0,0,0,0,0,0,0,0,0,0,0,0,0,0,0,0,0,0,0,0,0,166,0,0,0,109,0,0,0,0,0
299,0,14,0,0,0,0,0,178050,0,0,0,0,53,0,0,0,0,0,0,0,0,0,0,0,0,0,0,0,0,0,0,0,0,0,0,0,92,0,66,0,0,0,0,0
299,0,15,0,0,0,0,0,178049,0,0,0,0,53,0,0,0,0,0,0,0,0,0,0,0,0,0,0,0,0,0,0,0,0,0,0,0,27,0,101,0,0,0,0,0
300,0,0,0,0,0,0,0,356299,0,0,1064,132096,136,0,0,0,0,0,5277,0,0,0,0,0,0,0,0,1064,1064,0,0,0,244943,132096,0,294,0,136,284,0,0,0,0,3072
300,0,1,0,0,0,0,0,178150,5277,0,0,0,1908,0,0,0,0,0,5277,0,0,0,0,0,0,0,0,0,447,0,0,0,124578,0,0,80,165,421,3195,0,0,1536,0,0
300,0,2,0,0,0,0,0,178150,0,0,0,0,377,1536,0,0,0,0,0,0,0,0,0,0,0,0,0,0,0,0,0,0,62419,64315,0,249,592,697,849,0,0,1536,0,1536
300,0,3,0,0,0,0,0,178150,0,0,0,0,348,1536,0,0,0,0,0,0,0,0,0,0,0,0,0,0,0,0,0,0,0,64232,0,95,275,0,470,0,0,0,0,1536
300,0,4,0,0,0,0,0,178150,0,0,0,0,47,0,0,0,0,0,0,0,0,0,0,0,0,0,0,0,0,0,0,0,0,0,0,87,0,45,66,0,0,0,0,0
300,0,5,0,0,0,0,0,178150,0,0,0,0,47,0,0,0,0,0,0,0,0,0,0,0,0,0,0,0,0,0,0,0,0,0,525,148,0,0,113,0,0,0,0,0
300,0,6,0,0,0,0,0,178149,0,0,0,0,47,0,0,0,0,0,0,0,0,0,0,0,0,0,0,0,0,0,0,0,0,0,0,40,98,0,52,0,0,0,0,0
300,0,7,0,0,0,0,0,178150,0,0,0,0,53,0,0,0,0,0,0,0,0,0,0,0,0,0,0,0,0,0,0,0,0,0,0,106,39,0,136,0,0,0,0,0
300,0,8,0,0,0,0,0,178150,0,0,0,0,50,0,0,0,0,0,0,0,0,0,0,0,0,0,0,0,0,0,0,0,0,0,0,52,0,42,107,0,0,0,0,0
300,0,9,0,0,0,0,0,178150,0,0,0,0,47,0,0,0,0,0,0,0,0,0,0,0,0,0,0,0,0,0,0,0,0,0,377,42,0,0,53,0,0,0,0,0
300,0,10,0,0,0,0,0,178150,0,0,0,0,53,0,0,0,0,0,0,0,0,0,0,0,0,0,0,0,0,0,0,0,0,0,0,87,92,0,122,0,0,0,0,0
300,0,11,0,0,0,0,0,178150,0,0,0,0,53,0,0,0,0,0,0,0,0,0,0,0,0,0,0,0,0,0,0,0,0,0,0,39,39,0,94,0,0,0,0,0
300,0,12,0,0,0,0,0,178150,0,0,0,0,47,0,0,0,0,0,0,0,0,0,0,0,0,0,0,0,0,0,0,0,0,0,0,0,0,45,93,0,0,0,0,0
300,0,13,0,0,0,0,0,178150,0,0,0,0,53,0,0,0,0,0,0,0,0,0,0,0,0,0,0,0,0,0,0,0,0,0,166,0,0,0,109,0,0,0,0,0
300,0,14,0,0,0,0,0,178150,0,0,0,0,53,0,0,0,0,0,0,0,0,0,0,0,0,0,0,0,0,0,0,0,0,0,0,0,92,0,64,0,0,0,0,0
300,0,15,0,0,0,0,0,178150,0,0,0,0,53,0,0,0,0,0,0,0,0,0,0,0,0,0,0,0,0,0,0,0,0,0,0,0,27,0,102,0,0,0,0,0
301,0,0,0,0,0,0,0,611632,0,0,3152,264192,136,0,0,0,0,0,8424,0,0,0,0,0,0,0,0,3152,3152,0,124183,0,358790,264192,0,1083,0,136,284,0,0,0,0,6144
301,0,1,0,0,0,0,0,305816,8424,0,0,0,3095,0,0,0,0,0,8424,0,0,0,0,0,0,0,0,0,1111,0,62341,0,121917,0,0,363,440,766,5309,0,0,1536,0,0
301,0,2,0,0,0,0,0,305816,0,0,0,0,567,1536,0,0,0,0,0,0,0,0,0,0,0,0,0,0,0,0,0,0,61594,64503,0,249,956,765,1137,0,0,1536,0,1536
301,0,3,0,0,0,0,0,305816,0,0,0,0,645,1536,0,0,0,0,0,0,0,0,0,0,0,0,0,0,0,0,0,0,0,64497,0,95,234,0,955,0,0,0,0,1536
301,0,4,0,0,0,0,0,305816,0,0,0,0,627,1536,0,0,0,0,0,0,0,0,0,0,0,0,0,0,0,0,0,0,0,63995,0,87,0,252,918,1536,0,0,0,1536
301,0,5,0,0,0,0,0,305816,0,0,0,0,622,1536,0,0,0,0,0,0,0,0,0,0,0,0,0,0,0,0,0,0,0,64276,1318,148,0,1,1194,0,0,0,0,1536
301,0,6,0,0,0,0,0,305816,0,0,0,0,47,0,0,0,0,0,0,0,0,0,0,0,0,0,0,0,0,0,0,0,0,0,0,40,98,1,52,0,0,0,0,0
301,0,7,0,0,0,0,0,305816,0,0,0,0,53,0,0,0,0,0,0,0,0,0,0,0,0,0,0,0,0,0,0,0,0,0,0,106,39,0,137,0,0,0,0,0
301,0,8,0,0,0,0,0,305816,0,0,0,0,50,0,0,0,0,0,0,0,0,0,0,0,0,0,0,0,0,0,0,0,0,0,0,52,0,42,107,0,0,0,0,0
301,0,9,0,0,0,0,0,305816,0,0,0,0,47,0,0,0,0,0,0,0,0,0,0,0,0,0,0,0,0,0,0,0,0,0,375,42,0,0,53,0,0,0,0,0
301,0,10,0,0,0,0,0,305816,0,0,0,0,53,0,0,0,0,0,0,0,0,0,0,0,0,0,0,0,0,0,0,0,0,0,0,88,92,0,121,0,0,0,0,0
301,0,11,0,0,0,0,0,305816,0,0,0,0,53,0,0,0,0,0,0,0,0,0,0,0,0,0,0,0,0,0,0,0,0,0,0,41,39,0,94,0,0,0,0,0
301,0,12,0,0,0,0,0,305816,0,0,0,0,47,0,0,0,0,0,0,0,0,0,0,0,0,0,0,0,0,0,0,0,0,0,0,0,0,45,93,0,0,0,0,0
301,0,13,0,0,0,0,0,305816,0,0,0,0,53,0,0,0,0,0,0,0,0,0,0,0,0,0,0,0,0,0,0,0,0,0,168,0,0,0,109,0,0,0,0,0
301,0,14,0,0,0,0,0,305816,0,0,0,0,53,0,0,0,0,0,0,0,0,0,0,0,0,0,0,0,0,0,0,0,0,0,0,0,90,0,63,0,0,0,0,0
301,0,15,0,0,0,0,0,305816,0,0,0,0,51,0,0,0,0,0,0,0,0,0,0,0,0,0,0,0,0,0,0,0,0,0,0,0,29,0,100,0,0,0,0,0
302,0,0,0,0,0,0,0,611667,0,0,3150,264192,136,0,0,0,0,0,8418,0,0,0,0,0,0,0,0,3150,3150,0,124222,0,358573,264192,0,1083,0,136,284,0,0,0,0,6144
302,0,1,0,0,0,0,0,305833,8418,0,0,0,3078,0,0,0,0,0,8418,0,0,0,0,0,0,0,0,0,1115,0,62337,0,121856,0,0,368,452,764,5303,0,0,1536,0,0
302,0,2,0,0,0,0,0,305833,0,0,0,0,564,1536,0,0,0,0,0,0,0,0,0,0,0,0,0,0,0,0,0,0,61564,64500,0,249,947,765,1135,0,0,1536,0,1536
302,0,3,0,0,0,0,0,305833,0,0,0,0,635,1536,0,0,0,0,0,0,0,0,0,0,0,0,0,0,0,0,0,0,0,64487,0,95,243,0,946,0,0,0,0,1536
302,0,4,0,0,0,0,0,305833,0,0,0,0,619,1536,0,0,0,0,0,0,0,0,0,0,0,0,0,0,0,0,0,0,0,64009,0,87,0,260,923,1536,0,0,0,1536
302,0,5,0,0,0,0,0,305833,0,0,0,0,617,1536,0,0,0,0,0,0,0,0,0,0,0,0,0,0,0,0,0,0,0,64254,1314,148,0,2,1184,0,0,0,0,1536
302,0,6,0,0,0,0,0,305834,0,0,0,0,47,0,0,0,0,0,0,0,0,0,0,0,0,0,0,0,0,0,0,0,0,0,0,40,98,0,52,0,0,0,0,0
302,0,7,0,0,0,0,0,305833,0,0,0,0,53,0,0,0,0,0,0,0,0,0,0,0,0,0,0,0,0,0,0,0,0,0,0,107,39,0,137,0,0,0,0,0
302,0,8,0,0,0,0,0,305833,0,0,0,0,50,0,0,0,0,0,0,0,0,0,0,0,0,0,0,0,0,0,0,0,0,0,0,52,0,42,107,0,0,0,0,0
302,0,9,0,0,0,0,0,305833,0,0,0,0,47,0,0,0,0,0,0,0,0,0,0,0,0,0,0,0,0,0,0,0,0,0,375,42,0,0,53,0,0,0,0,0
302,0,10,0,0,0,0,0,305833,0,0,0,0,53,0,0,0,0,0,0,0,0,0,0,0,0,0,0,0,0,0,0,0,0,0,0,88,92,0,121,0,0,0,0,0
302,0,11,0,0,0,0,0,305833,0,0,0,0,53,0,0,0,0,0,0,0,0,0,0,0,0,0,0,0,0,0,0,0,0,0,0,40,39,0,94,0,0,0,0,0
302,0,12,0,0,0,0,0,305833,0,0,0,0,47,0,0,0,0,0,0,0,0,0,0,0,0,0,0,0,0,0,0,0,0,0,0,0,0,45,93,0,0,0,0,0
302,0,13,0,0,0,0,0,305833,0,0,0,0,53,0,0,0,0,0,0,0,0,0,0,0,0,0,0,0,0,0,0,0,0,0,168,0,0,0,109,0,0,0,0,0
302,0,14,0,0,0,0,0,305834,0,0,0,0,53,0,0,0,0,0,0,0,0,0,0,0,0,0,0,0,0,0,0,0,0,0,0,0,90,0,63,0,0,0,0,0
302,0,15,0,0,0,0,0,305833,0,0,0,0,51,0,0,0,0,0,0,0,0,0,0,0,0,0,0,0,0,0,0,0,0,0,0,0,29,0,101,0,0,0,0,0
303,0,0,0,0,0,0,0,611669,0,0,3152,264192,136,0,0,0,0,0,8424,0,0,0,0,0,0,0,0,3152,3152,0,124135,0,358765,264192,0,1083,0,136,284,0,0,0,0,6144
303,0,1,0,0,0,0,0,305835,8424,0,0,0,3081,0,0,0,0,0,8424,0,0,0,0,0,0,0,0,0,1108,0,62341,0,121923,0,0,362,453,768,5314,0,0,1536,0,0
303,0,2,0,0,0,0,0,305835,0,0,0,0,569,1536,0,0,0,0,0,0,0,0,0,0,0,0,0,0,0,0,0,0,61609,64503,0,249,950,752,1151,0,0,1536,0,1536
303,0,3,0,0,0,0,0,305835,0,0,0,0,641,1536,0,0,0,0,0,0,0,0,0,0,0,0,0,0,0,0,0,0,0,64507,0,95,237,0,965,0,0,0,0,1536
303,0,4,0,0,0,0,0,305835,0,0,0,0,624,1536,0,0,0,0,0,0,0,0,0,0,0,0,0,0,0,0,0,0,0,63999,0,87,0,255,928,1536,0,0,0,1536
303,0,5,0,0,0,0,0,305835,0,0,0,0,631,1536,0,0,0,0,0,0,0,0,0,0,0,0,0,0,0,0,0,0,0,64280,1305,148,0,2,1204,0,0,0,0,1536
303,0,6,0,0,0,0,0,305834,0,0,0,0,47,0,0,0,0,0,0,0,0,0,0,0,0,0,0,0,0,0,0,0,0,0,0,40,98,0,52,0,0,0,0,0
303,0,7,0,0,0,0,0,305835,0,0,0,0,53,0,0,0,0,0,0,0,0,0,0,0,0,0,0,0,0,0,0,0,0,0,0,107,39,0,137,0,0,0,0,0
303,0,8,0,0,0,0,0,305835,0,0,0,0,50,0,0,0,0,0,0,0,0,0,0,0,0,0,0,0,0,0,0,0,0,0,0,52,0,42,107,0,0,0,0,0
303,0,9,0,0,0,0,0,305835,0,0,0,0,47,0,0,0,0,0,0,0,0,0,0,0,0,0,0,0,0,0,0,0,0,0,375,42,0,0,53,0,0,0,0,0
303,0,10,0,0,0,0,0,305835,0,0,0,0,53,0,0,0,0,0,0,0,0,0,0,0,0,0,0,0,0,0,0,0,0,0,0,88,92,0,121,0,0,0,0,0
303,0,11,0,0,0,0,0,305835,0,0,0,0,53,0,0,0,0,0,0,0,0,0,0,0,0,0,0,0,0,0,0,0,0,0,0,40,39,0,94,0,0,0,0,0
303,0,12,0,0,0,0,0,305835,0,0,0,0,47,0,0,0,0,0,0,0,0,0,0,0,0,0,0,0,0,0,0,0,0,0,0,0,0,45,93,0,0,0,0,0
303,0,13,0,0,0,0,0,305835,0,0,0,0,53,0,0,0,0,0,0,0,0,0,0,0,0,0,0,0,0,0,0,0,0,0,168,0,0,0,109,0,0,0,0,0
303,0,14,0,0,0,0,0,305835,0,0,0,0,53,0,0,0,0,0,0,0,0,0,0,0,0,0,0,0,0,0,0,0,0,0,0,0,90,0,63,0,0,0,0,0
303,0,15,0,0,0,0,0,305835,0,0,0,0,51,0,0,0,0,0,0,0,0,0,0,0,0,0,0,0,0,0,0,0,0,0,0,0,29,0,101,0,0,0,0,0
304,0,0,0,0,0,0,0,860679,0,0,4294,396288,136,0,0,0,0,0,10149,0,0,0,0,0,0,0,0,4294,4294,0,124206,0,598441,396288,0,1011,0,136,284,0,0,0,0,9216
304,0,1,0,0,0,0,0,430340,10149,0,0,0,3737,0,0,0,0,0,10149,0,0,0,0,0,0,0,0,0,2158,0,62348,0,244393,0,0,360,425,1286,6622,0,0,1536,0,0
304,0,2,0,0,0,0,0,430340,0,0,0,0,521,1536,0,0,0,0,0,0,0,0,0,0,0,0,0,0,0,0,62423,0,123776,64503,0,671,830,1117,1086,0,0,1536,0,1536
304,0,3,0,0,0,0,0,430340,0,0,0,0,548,1536,0,0,0,0,0,0,0,0,0,0,0,0,0,0,0,0,61942,0,0,64506,0,376,259,0,870,0,0,0,0,1536
304,0,4,0,0,0,0,0,430340,0,0,0,0,534,1536,0,0,0,0,0,0,0,0,0,0,0,0,0,0,0,0,0,0,0,64458,0,87,0,273,814,3072,0,0,0,1536
304,0,5,0,0,0,0,0,430340,0,0,0,0,536,1536,0,0,0,0,0,0,0,0,0,0,0,0,0,0,0,0,0,0,0,64014,1911,151,0,0,1036,0,0,1536,0,1536
304,0,6,0,0,0,0,0,430339,0,0,0,0,499,1536,0,0,0,0,0,0,0,0,0,0,0,0,0,0,0,0,0,0,0,64099,0,48,836,3,791,0,0,1536,0,1536
304,0,7,0,0,0,0,0,430340,0,0,0,0,530,1536,0,0,0,0,0,0,0,0,0,0,0,0,0,0,0,0,0,0,0,63925,0,100,277,0,1055,0,0,0,0,1536
304,0,8,0,0,0,0,0,430340,0,0,0,0,52,0,0,0,0,0,0,0,0,0,0,0,0,0,0,0,0,0,0,0,0,0,0,52,0,40,109,0,0,0,0,0
304,0,9,0,0,0,0,0,430340,0,0,0,0,46,0,0,0,0,0,0,0,0,0,0,0,0,0,0,0,0,0,0,0,0,0,394,40,0,0,51,0,0,0,0,0
304,0,10,0,0,0,0,0,430340,0,0,0,0,52,0,0,0,0,0,0,0,0,0,0,0,0,0,0,0,0,0,0,0,0,0,0,80,86,0,120,0,0,0,0,0
304,0,11,0,0,0,0,0,430340,0,0,0,0,46,0,0,0,0,0,0,0,0,0,0,0,0,0,0,0,0,0,0,0,0,0,0,44,46,0,92,0,0,0,0,0
304,0,12,0,0,0,0,0,430340,0,0,0,0,46,0,0,0,0,0,0,0,0,0,0,0,0,0,0,0,0,0,0,0,0,0,0,0,0,46,92,0,0,0,0,0
304,0,13,0,0,0,0,0,430340,0,0,0,0,52,0,0,0,0,0,0,0,0,0,0,0,0,0,0,0,0,0,0,0,0,0,158,0,0,0,110,0,0,0,0,0
304,0,14,0,0,0,0,0,430340,0,0,0,0,46,0,0,0,0,0,0,0,0,0,0,0,0,0,0,0,0,0,0,0,0,0,0,0,100,0,64,0,0,0,0,0
304,0,15,0,0,0,0,0,430340,0,0,0,0,54,0,0,0,0,0,0,0,0,0,0,0,0,0,0,0,0,0,0,0,0,0,0,0,26,0,102,0,0,0,0,0
305,0,0,0,0,0,0,0,861596,0,0,4304,396288,136,0,0,0,0,0,10161,0,0,0,0,0,0,0,0,4304,4304,0,124166,0,598602,396288,0,1013,0,136,284,0,0,0,0,9216
305,0,1,0,0,0,0,0,430798,10161,0,0,0,3768,0,0,0,0,0,10161,0,0,0,0,0,0,0,0,0,2186,0,62360,0,244435,0,0,360,436,1254,6595,0,0,1536,0,0
305,0,2,0,0,0,0,0,430798,0,0,0,0,516,1536,0,0,0,0,0,0,0,0,0,0,0,0,0,0,0,0,62426,0,123786,64503,0,677,858,1144,1085,0,0,1536,0,1536
305,0,3,0,0,0,0,0,430798,0,0,0,0,567,1536,0,0,0,0,0,0,0,0,0,0,0,0,0,0,0,0,61942,0,0,64509,0,366,239,0,875,0,0,0,0,1536
305,0,4,0,0,0,0,0,430798,0,0,0,0,540,1536,0,0,0,0,0,0,0,0,0,0,0,0,0,0,0,0,0,0,0,64439,0,87,0,269,829,3072,0,0,0,1536
305,0,5,0,0,0,0,0,430798,0,0,0,0,542,1536,0,0,0,0,0,0,0,0,0,0,0,0,0,0,0,0,0,0,0,64019,1951,148,0,0,1047,0,0,1536,0,1536
305,0,6,0,0,0,0,0,430797,0,0,0,0,524,1536,0,0,0,0,0,0,0,0,0,0,0,0,0,0,0,0,0,0,0,64101,0,40,819,2,820,0,0,1536,0,1536
305,0,7,0,0,0,0,0,430798,0,0,0,0,535,1536,0,0,0,0,0,0,0,0,0,0,0,0,0,0,0,0,0,0,0,63925,0,105,274,0,1068,0,0,0,0,1536
305,0,8,0,0,0,0,0,430798,0,0,0,0,50,0,0,0,0,0,0,0,0,0,0,0,0,0,0,0,0,0,0,0,0,0,0,52,0,42,107,0,0,0,0,0
305,0,9,0,0,0,0,0,430798,0,0,0,0,47,0,0,0,0,0,0,0,0,0,0,0,0,0,0,0,0,0,0,0,0,0,377,42,0,0,53,0,0,0,0,0
305,0,10,0,0,0,0,0,430798,0,0,0,0,53,0,0,0,0,0,0,0,0,0,0,0,0,0,0,0,0,0,0,0,0,0,0,85,92,0,124,0,0,0,0,0
305,0,11,0,0,0,0,0,430798,0,0,0,0,53,0,0,0,0,0,0,0,0,0,0,0,0,0,0,0,0,0,0,0,0,0,0,44,39,0,94,0,0,0,0,0
305,0,12,0,0,0,0,0,430798,0,0,0,0,47,0,0,0,0,0,0,0,0,0,0,0,0,0,0,0,0,0,0,0,0,0,0,0,0,45,93,0,0,0,0,0
305,0,13,0,0,0,0,0,430798,0,0,0,0,53,0,0,0,0,0,0,0,0,0,0,0,0,0,0,0,0,0,0,0,0,0,166,0,0,0,109,0,0,0,0,0
305,0,14,0,0,0,0,0,430799,0,0,0,0,53,0,0,0,0,0,0,0,0,0,0,0,0,0,0,0,0,0,0,0,0,0,0,0,92,0,66,0,0,0,0,0
305,0,15,0,0,0,0,0,430798,0,0,0,0,53,0,0,0,0,0,0,0,0,0,0,0,0,0,0,0,0,0,0,0,0,0,0,0,27,0,101,0,0,0,0,0
306,0,0,0,0,0,0,0,860873,0,0,4302,396288,136,0,0,0,0,0,10158,0,0,0,0,0,0,0,0,4302,4302,0,124182,0,598468,396288,0,1013,0,136,284,0,0,0,0,9216
306,0,1,0,0,0,0,0,430436,10158,0,0,0,3774,0,0,0,0,0,10158,0,0,0,0,0,0,0,0,0,2174,0,62343,0,244423,0,0,344,441,1257,6640,0,0,1536,0,0
306,0,2,0,0,0,0,0,430436,0,0,0,0,530,1536,0,0,0,0,0,0,0,0,0,0,0,0,0,0,0,0,62447,0,123779,64506,0,675,813,1147,1093,0,0,1536,0,1536
306,0,3,0,0,0,0,0,430436,0,0,0,0,539,1536,0,0,0,0,0,0,0,0,0,0,0,0,0,0,0,0,61945,0,0,64508,0,364,268,0,845,0,0,0,0,1536
306,0,4,0,0,0,0,0,430436,0,0,0,0,534,1536,0,0,0,0,0,0,0,0,0,0,0,0,0,0,0,0,0,0,0,64450,0,82,0,275,830,3072,0,0,0,1536
306,0,5,0,0,0,0,0,430436,0,0,0,0,527,1536,0,0,0,0,0,0,0,0,0,0,0,0,0,0,0,0,0,0,0,64005,1955,149,0,0,1047,0,0,1536,0,1536
306,0,6,0,0,0,0,0,430435,0,0,0,0,519,1536,0,0,0,0,0,0,0,0,0,0,0,0,0,0,0,0,0,0,0,64108,0,35,836,3,822,0,0,1536,0,1536
306,0,7,0,0,0,0,0,430436,0,0,0,0,547,1536,0,0,0,0,0,0,0,0,0,0,0,0,0,0,0,0,0,0,0,63926,0,105,261,0,1082,0,0,0,0,1536
306,0,8,0,0,0,0,0,430436,0,0,0,0,50,0,0,0,0,0,0,0,0,0,0,0,0,0,0,0,0,0,0,0,0,0,0,57,0,42,107,0,0,0,0,0
306,0,9,0,0,0,0,0,430436,0,0,0,0,47,0,0,0,0,0,0,0,0,0,0,0,0,0,0,0,0,0,0,0,0,0,365,41,0,0,53,0,0,0,0,0
306,0,10,0,0,0,0,0,430436,0,0,0,0,54,0,0,0,0,0,0,0,0,0,0,0,0,0,0,0,0,0,0,0,0,0,0,88,92,0,127,0,0,0,0,0
306,0,11,0,0,0,0,0,430436,0,0,0,0,54,0,0,0,0,0,0,0,0,0,0,0,0,0,0,0,0,0,0,0,0,0,0,44,38,0,95,0,0,0,0,0
306,0,12,0,0,0,0,0,430436,0,0,0,0,54,0,0,0,0,0,0,0,0,0,0,0,0,0,0,0,0,0,0,0,0,0,0,0,0,38,95,0,0,0,0,0
306,0,13,0,0,0,0,0,430436,0,0,0,0,51,0,0,0,0,0,0,0,0,0,0,0,0,0,0,0,0,0,0,0,0,0,178,0,0,0,108,0,0,0,0,0
306,0,14,0,0,0,0,0,430436,0,0,0,0,54,0,0,0,0,0,0,0,0,0,0,0,0,0,0,0,0,0,0,0,0,0,0,0,89,0,64,0,0,0,0,0
306,0,15,0,0,0,0,0,430436,0,0,0,0,51,0,0,0,0,0,0,0,0,0,0,0,0,0,0,0,0,0,0,0,0,0,0,0,29,0,99,0,0,0,0,0
307,0,0,0,0,0,0,0,1112541,0,0,5838,528384,136,0,0,0,0,0,12477,0,0,0,0,0,0,0,0,5838,5838,0,243714,0,716204,528384,0,1756,0,136,284,0,0,0,0,12288
307,0,1,0,0,0,0,0,556270,12477,0,0,0,4852,0,0,0,0,0,12477,0,0,0,0,0,0,0,0,0,2395,0,122387,0,244864,0,0,600,687,1215,8505,0,0,1536,0,0
307,0,2,0,0,0,0,0,556270,0,0,0,0,548,1536,0,0,0,0,0,0,0,0,0,0,0,0,0,0,0,0,62410,0,123684,64281,0,729,808,1181,1117,0,0,1536,0,1536
307,0,3,0,0,0,0,0,556270,0,0,0,0,538,1536,0,0,0,0,0,0,0,0,0,0,0,0,0,0,0,0,61875,0,0,64510,0,363,283,0,837,0,0,0,0,1536
307,0,4,0,0,0,0,0,556270,0,0,0,0,532,1536,0,0,0,0,0,0,0,0,0,0,0,0,0,0,0,0,61885,0,0,64452,0,345,0,289,813,4608,0,0,0,1536
307,0,5,0,0,0,0,0,556270,0,0,0,0,536,1536,0,0,0,0,0,0,0,0,0,0,0,0,0,0,0,0,62444,0,0,64647,2705,625,0,2,1067,0,0,1536,0,1536
307,0,6,0,0,0,0,0,556270,0,0,0,0,535,1536,0,0,0,0,0,0,0,0,0,0,0,0,0,0,0,0,0,0,0,64055,0,40,837,0,791,0,0,1536,0,1536
307,0,7,0,0,0,0,0,556270,0,0,0,0,552,1536,0,0,0,0,0,0,0,0,0,0,0,0,0,0,0,0,0,0,0,63893,0,108,269,0,1099,0,0,0,0,1536
307,0,8,0,0,0,0,0,556270,0,0,0,0,525,1536,0,0,0,0,0,0,0,0,0,0,0,0,0,0,0,0,0,0,0,63899,0,52,0,296,1055,1536,0,0,0,1536
307,0,9,0,0,0,0,0,556270,0,0,0,0,534,1536,0,0,0,0,0,0,0,0,0,0,0,0,0,0,0,0,0,0,0,64111,1093,42,0,2,794,0,0,0,0,1536
307,0,10,0,0,0,0,0,556270,0,0,0,0,53,0,0,0,0,0,0,0,0,0,0,0,0,0,0,0,0,0,0,0,0,0,0,85,92,0,124,0,0,0,0,0
307,0,11,0,0,0,0,0,556270,0,0,0,0,53,0,0,0,0,0,0,0,0,0,0,0,0,0,0,0,0,0,0,0,0,0,0,43,39,0,94,0,0,0,0,0
307,0,12,0,0,0,0,0,556270,0,0,0,0,47,0,0,0,0,0,0,0,0,0,0,0,0,0,0,0,0,0,0,0,0,0,0,0,0,45,93,0,0,0,0,0
307,0,13,0,0,0,0,0,556270,0,0,0,0,53,0,0,0,0,0,0,0,0,0,0,0,0,0,0,0,0,0,0,0,0,0,165,0,0,0,109,0,0,0,0,0
307,0,14,0,0,0,0,0,556270,0,0,0,0,53,0,0,0,0,0,0,0,0,0,0,0,0,0,0,0,0,0,0,0,0,0,0,0,93,0,66,0,0,0,0,0
307,0,15,0,0,0,0,0,556270,0,0,0,0,54,0,0,0,0,0,0,0,0,0,0,0,0,0,0,0,0,0,0,0,0,0,0,0,26,0,105,0,0,0,0,0
308,0,0,0,0,0,0,0,1112936,0,0,5806,528384,136,0,0,0,0,0,12429,0,0,0,0,0,0,0,0,5806,5806,0,243780,0,716741,528384,0,1748,0,136,284,0,0,0,0,12288
308,0,1,0,0,0,0,0,556468,12429,0,0,0,4862,0,0,0,0,0,12429,0,0,0,0,0,0,0,0,0,2418,0,122323,0,245077,0,0,571,671,1218,8538,0,0,1536,0,0
308,0,2,0,0,0,0,0,556468,0,0,0,0,543,1536,0,0,0,0,0,0,0,0,0,0,0,0,0,0,0,0,62423,0,123764,64283,0,727,783,1171,1105,0,0,1536,0,1536
308,0,3,0,0,0,0,0,556468,0,0,0,0,512,1536,0,0,0,0,0,0,0,0,0,0,0,0,0,0,0,0,61927,0,0,64510,0,376,305,0,800,0,0,0,0,1536
308,0,4,0,0,0,0,0,556468,0,0,0,0,511,1536,0,0,0,0,0,0,0,0,0,0,0,0,0,0,0,0,61883,0,0,64464,0,320,0,306,800,4608,0,0,0,1536
308,0,5,0,0,0,0,0,556468,0,0,0,0,509,1536,0,0,0,0,0,0,0,0,0,0,0,0,0,0,0,0,62417,0,0,64624,2675,627,0,0,1059,0,0,1536,0,1536
308,0,6,0,0,0,0,0,556468,0,0,0,0,509,1536,0,0,0,0,0,0,0,0,0,0,0,0,0,0,0,0,0,0,0,64083,0,40,848,3,763,0,0,1536,0,1536
308,0,7,0,0,0,0,0,556468,0,0,0,0,542,1536,0,0,0,0,0,0,0,0,0,0,0,0,0,0,0,0,0,0,0,63920,0,105,275,0,1072,0,0,0,0,1536
308,0,8,0,0,0,0,0,556468,0,0,0,0,517,1536,0,0,0,0,0,0,0,0,0,0,0,0,0,0,0,0,0,0,0,63890,0,52,0,300,1068,1536,0,0,0,1536
308,0,9,0,0,0,0,0,556468,0,0,0,0,513,1536,0,0,0,0,0,0,0,0,0,0,0,0,0,0,0,0,0,0,0,64099,1100,42,0,1,767,0,0,0,0,1536
308,0,10,0,0,0,0,0,556468,0,0,0,0,53,0,0,0,0,0,0,0,0,0,0,0,0,0,0,0,0,0,0,0,0,0,0,88,92,1,121,0,0,0,0,0
308,0,11,0,0,0,0,0,556468,0,0,0,0,53,0,0,0,0,0,0,0,0,0,0,0,0,0,0,0,0,0,0,0,0,0,0,45,39,0,94,0,0,0,0,0
308,0,12,0,0,0,0,0,556468,0,0,0,0,47,0,0,0,0,0,0,0,0,0,0,0,0,0,0,0,0,0,0,0,0,0,0,0,0,45,93,0,0,0,0,0
308,0,13,0,0,0,0,0,556468,0,0,0,0,53,0,0,0,0,0,0,0,0,0,0,0,0,0,0,0,0,0,0,0,0,0,168,0,0,0,109,0,0,0,0,0
308,0,14,0,0,0,0,0,556469,0,0,0,0,53,0,0,0,0,0,0,0,0,0,0,0,0,0,0,0,0,0,0,0,0,0,0,0,90,0,63,0,0,0,0,0
308,0,15,0,0,0,0,0,556468,0,0,0,0,51,0,0,0,0,0,0,0,0,0,0,0,0,0,0,0,0,0,0,0,0,0,0,0,29,0,100,0,0,0,0,0
309,0,0,0,0,0,0,0,1112805,0,0,5828,528384,136,0,0,0,0,0,12462,0,0,0,0,0,0,0,0,5828,5828,0,243744,0,716249,528384,0,1752,0,136,284,0,0,0,0,12288
309,0,1,0,0,0,0,0,556403,12462,0,0,0,4834,0,0,0,0,0,12462,0,0,0,0,0,0,0,0,0,2355,0,122365,0,244872,0,0,601,672,1237,8485,0,0,1536,0,0
309,0,2,0,0,0,0,0,556403,0,0,0,0,524,1536,0,0,0,0,0,0,0,0,0,0,0,0,0,0,0,0,62406,0,123682,64278,0,724,813,1163,1091,0,0,1536,0,1536
309,0,3,0,0,0,0,0,556403,0,0,0,0,522,1536,0,0,0,0,0,0,0,0,0,0,0,0,0,0,0,0,61867,0,0,64510,0,366,297,0,834,0,0,0,0,1536
309,0,4,0,0,0,0,0,556403,0,0,0,0,527,1536,0,0,0,0,0,0,0,0,0,0,0,0,0,0,0,0,61882,0,0,64464,0,340,0,292,799,4608,0,0,0,1536
309,0,5,0,0,0,0,0,556403,0,0,0,0,531,1536,0,0,0,0,0,0,0,0,0,0,0,0,0,0,0,0,62436,0,0,64640,2692,619,0,1,1065,0,0,1536,0,1536
309,0,6,0,0,0,0,0,556403,0,0,0,0,542,1536,0,0,0,0,0,0,0,0,0,0,0,0,0,0,0,0,0,0,0,64053,0,40,836,2,803,0,0,1536,0,1536
309,0,7,0,0,0,0,0,556403,0,0,0,0,559,1536,0,0,0,0,0,0,0,0,0,0,0,0,0,0,0,0,0,0,0,63891,0,107,262,0,1102,0,0,0,0,1536
309,0,8,0,0,0,0,0,556403,0,0,0,0,537,1536,0,0,0,0,0,0,0,0,0,0,0,0,0,0,0,0,0,0,0,63894,0,52,0,282,1070,1536,0,0,0,1536
309,0,9,0,0,0,0,0,556403,0,0,0,0,534,1536,0,0,0,0,0,0,0,0,0,0,0,0,0,0,0,0,0,0,0,64098,1104,42,0,0,798,0,0,0,0,1536
309,0,10,0,0,0,0,0,556403,0,0,0,0,53,0,0,0,0,0,0,0,0,0,0,0,0,0,0,0,0,0,0,0,0,0,0,85,93,2,124,0,0,0,0,0
309,0,11,0,0,0,0,0,556403,0,0,0,0,54,0,0,0,0,0,0,0,0,0,0,0,0,0,0,0,0,0,0,0,0,0,0,42,38,0,95,0,0,0,0,0
309,0,12,0,0,0,0,0,556403,0,0,0,0,47,0,0,0,0,0,0,0,0,0,0,0,0,0,0,0,0,0,0,0,0,0,0,0,0,45,93,0,0,0,0,0
309,0,13,0,0,0,0,0,556403,0,0,0,0,53,0,0,0,0,0,0,0,0,0,0,0,0,0,0,0,0,0,0,0,0,0,165,0,0,0,109,0,0,0,0,0
309,0,14,0,0,0,0,0,556403,0,0,0,0,53,0,0,0,0,0,0,0,0,0,0,0,0,0,0,0,0,0,0,0,0,0,0,0,93,0,66,0,0,0,0,0
309,0,15,0,0,0,0,0,556403,0,0,0,0,54,0,0,0,0,0,0,0,0,0,0,0,0,0,0,0,0,0,0,0,0,0,0,0,26,0,106,0,0,0,0,0
310,0,0,0,0,0,0,0,1350546,0,0,6418,660480,136,0,0,0,0,0,13359,0,0,0,0,0,0,0,0,6418,6418,0,244086,0,949847,660480,0,1580,0,136,284,0,0,0,0,682069
310,0,1,0,0,0,0,0,675273,13359,0,0,0,5315,0,0,0,0,0,13359,0,0,0,0,0,0,0,0,0,3439,0,122579,0,363407,0,0,459,687,1475,9454,0,0,1536,0,0
310,0,2,0,0,0,0,0,675273,0,0,0,0,447,1536,0,0,0,0,0,0,0,0,0,0,0,0,0,0,0,0,124410,0,181246,64253,0,1026,715,1649,926,0,0,1536,0,1536
310,0,3,0,0,0,0,0,675273,0,0,0,0,433,1536,0,0,0,0,0,0,0,0,0,0,0,0,0,0,0,0,122371,0,0,64511,0,432,300,0,662,0,0,0,0,1536
310,0,4,0,0,0,0,0,675273,0,0,0,0,416,1536,0,0,0,0,0,0,0,0,0,0,0,0,0,0,0,0,61950,0,0,64466,0,325,0,317,716,6144,0,0,0,1536
310,0,5,0,0,0,0,0,675273,0,0,0,0,432,1536,0,0,0,0,0,0,0,0,0,0,0,0,0,0,0,0,62457,0,0,64632,2888,555,0,1,998,0,0,1536,0,1536
310,0,6,0,0,0,0,0,675272,0,0,0,0,434,1536,0,0,0,0,0,0,0,0,0,0,0,0,0,0,0,0,61460,0,0,64511,0,286,795,1,702,0,0,1536,0,1536
310,0,7,0,0,0,0,0,675273,0,0,0,0,497,1536,0,0,0,0,0,0,0,0,0,0,0,0,0,0,0,0,61449,0,0,63988,0,569,236,0,1068,0,0,0,0,1536
310,0,8,0,0,0,0,0,675273,0,0,0,0,533,1536,0,0,0,0,0,0,0,0,0,0,0,0,0,0,0,0,0,0,0,64000,0,52,0,200,995,3072,0,0,0,1536
310,0,9,0,0,0,0,0,675273,0,0,0,0,508,1536,0,0,0,0,0,0,0,0,0,0,0,0,0,0,0,0,0,0,0,64203,1781,42,0,2,750,0,0,1536,0,1536
310,0,10,0,0,0,0,0,675273,0,0,0,0,531,1536,0,0,0,0,0,0,0,0,0,0,0,0,0,0,0,0,0,0,0,64509,0,97,619,0,987,0,0,1536,0,1536
310,0,11,0,0,0,0,0,675273,0,0,0,0,418,1536,0,0,0,0,0,0,0,0,0,0,0,0,0,0,0,0,0,0,0,64512,0,5,315,0,680,0,0,0,0,1536
310,0,12,0,0,0,0,0,675273,0,0,0,0,46,0,0,0,0,0,0,0,0,0,0,0,0,0,0,0,0,0,0,0,0,0,0,0,0,46,92,0,0,0,0,0
310,0,13,0,0,0,0,0,675273,0,0,0,0,53,0,0,0,0,0,0,0,0,0,0,0,0,0,0,0,0,0,0,0,0,0,176,0,0,0,109,0,0,0,0,0
310,0,14,0,0,0,0,0,675273,0,0,0,0,51,0,0,0,0,0,0,0,0,0,0,0,0,0,0,0,0,0,0,0,0,0,0,0,81,0,52,0,0,0,0,0
310,0,15,0,0,0,0,0,675273,0,0,0,0,40,0,0,0,0,0,0,0,0,0,0,0,0,0,0,0,0,0,0,0,0,0,0,0,40,0,131,0,0,0,0,0
311,0,0,0,0,0,0,0,1350058,0,0,6440,660480,136,0,0,0,0,0,13389,0,0,0,0,0,0,0,0,6440,6440,0,244132,0,949773,660480,0,1584,0,136,284,0,0,0,0,682061
311,0,1,0,0,0,0,0,675029,13389,0,0,0,5330,0,0,0,0,0,13389,0,0,0,0,0,0,0,0,0,3465,0,122613,0,363394,0,0,454,675,1499,9478,0,0,1536,0,0
311,0,2,0,0,0,0,0,675029,0,0,0,0,455,1536,0,0,0,0,0,0,0,0,0,0,0,0,0,0,0,0,124411,0,181247,64249,0,1064,714,1598,936,0,0,1536,0,1536
311,0,3,0,0,0,0,0,675029,0,0,0,0,437,1536,0,0,0,0,0,0,0,0,0,0,0,0,0,0,0,0,122370,0,0,64511,0,482,298,0,675,0,0,0,0,1536
311,0,4,0,0,0,0,0,675029,0,0,0,0,421,1536,0,0,0,0,0,0,0,0,0,0,0,0,0,0,0,0,61950,0,0,64488,0,319,0,314,716,6144,0,0,0,1536
311,0,5,0,0,0,0,0,675029,0,0,0,0,440,1536,0,0,0,0,0,0,0,0,0,0,0,0,0,0,0,0,62464,0,0,64632,2902,566,0,0,1004,0,0,1536,0,1536
311,0,6,0,0,0,0,0,675029,0,0,0,0,439,1536,0,0,0,0,0,0,0,0,0,0,0,0,0,0,0,0,61461,0,0,64511,0,260,794,3,699,0,0,1536,0,1536
311,0,7,0,0,0,0,0,675029,0,0,0,0,500,1536,0,0,0,0,0,0,0,0,0,0,0,0,0,0,0,0,61450,0,0,63990,0,560,237,0,1034,0,0,0,0,1536
311,0,8,0,0,0,0,0,675029,0,0,0,0,530,1536,0,0,0,0,0,0,0,0,0,0,0,0,0,0,0,0,0,0,0,64000,0,53,0,205,999,3072,0,0,0,1536
311,0,9,0,0,0,0,0,675029,0,0,0,0,508,1536,0,0,0,0,0,0,0,0,0,0,0,0,0,0,0,0,0,0,0,64225,1782,38,0,2,745,0,0,1536,0,1536
311,0,10,0,0,0,0,0,675029,0,0,0,0,525,1536,0,0,0,0,0,0,0,0,0,0,0,0,0,0,0,0,0,0,0,64510,0,88,627,0,1018,0,0,1536,0,1536
311,0,11,0,0,0,0,0,675029,0,0,0,0,418,1536,0,0,0,0,0,0,0,0,0,0,0,0,0,0,0,0,0,0,0,64511,0,12,317,0,684,0,0,0,0,1536
311,0,12,0,0,0,0,0,675029,0,0,0,0,46,0,0,0,0,0,0,0,0,0,0,0,0,0,0,0,0,0,0,0,0,0,0,0,0,46,91,0,0,0,0,0
311,0,13,0,0,0,0,0,675029,0,0,0,0,52,0,0,0,0,0,0,0,0,0,0,0,0,0,0,0,0,0,0,0,0,0,170,0,0,0,112,0,0,0,0,0
311,0,14,0,0,0,0,0,675030,0,0,0,0,46,0,0,0,0,0,0,0,0,0,0,0,0,0,0,0,0,0,0,0,0,0,0,0,88,0,56,0,0,0,0,0
311,0,15,0,0,0,0,0,675029,0,0,0,0,42,0,0,0,0,0,0,0,0,0,0,0,0,0,0,0,0,0,0,0,0,0,0,0,38,0,126,0,0,0,0,0
312,0,0,0,0,0,0,0,1350724,0,0,6356,660480,136,0,0,0,0,0,13263,0,0,0,0,0,0,0,0,6356,6356,0,244098,0,949526,660480,0,1568,0,136,284,0,0,0,0,681587
312,0,1,0,0,0,0,0,675362,13263,0,0,0,5228,0,0,0,0,0,13263,0,0,0,0,0,0,0,0,0,3318,0,122403,0,363404,0,0,484,630,1532,9233,0,0,1536,0,0
312,0,2,0,0,0,0,0,675362,0,0,0,0,464,1536,0,0,0,0,0,0,0,0,0,0,0,0,0,0,0,0,124411,0,181260,64293,0,1041,686,1513,969,0,0,1536,0,1536
312,0,3,0,0,0,0,0,675362,0,0,0,0,427,1536,0,0,0,0,0,0,0,0,0,0,0,0,0,0,0,0,122369,0,0,64511,0,509,298,0,695,0,0,0,0,1536
312,0,4,0,0,0,0,0,675362,0,0,0,0,444,1536,0,0,0,0,0,0,0,0,0,0,0,0,0,0,0,0,61949,0,0,64473,0,312,0,283,701,6144,0,0,0,1536
312,0,5,0,0,0,0,0,675362,0,0,0,0,444,1536,0,0,0,0,0,0,0,0,0,0,0,0,0,0,0,0,62464,0,0,64625,2989,565,0,1,963,0,0,1536,0,1536
312,0,6,0,0,0,0,0,675362,0,0,0,0,456,1536,0,0,0,0,0,0,0,0,0,0,0,0,0,0,0,0,61465,0,0,64511,0,283,746,1,700,0,0,1536,0,1536
312,0,7,0,0,0,0,0,675362,0,0,0,0,475,1536,0,0,0,0,0,0,0,0,0,0,0,0,0,0,0,0,61454,0,0,63997,0,525,251,0,1002,0,0,0,0,1536
312,0,8,0,0,0,0,0,675362,0,0,0,0,508,1536,0,0,0,0,0,0,0,0,0,0,0,0,0,0,0,0,0,0,0,64000,0,57,0,219,972,3072,0,0,0,1536
312,0,9,0,0,0,0,0,675362,0,0,0,0,498,1536,0,0,0,0,0,0,0,0,0,0,0,0,0,0,0,0,0,0,0,64134,1703,41,0,1,725,0,0,1536,0,1536
312,0,10,0,0,0,0,0,675362,0,0,0,0,515,1536,0,0,0,0,0,0,0,0,0,0,0,0,0,0,0,0,0,0,0,64510,0,86,666,1,979,0,0,1536,0,1536
312,0,11,0,0,0,0,0,675362,0,0,0,0,454,1536,0,0,0,0,0,0,0,0,0,0,0,0,0,0,0,0,0,0,0,64510,0,44,272,0,715,0,0,0,0,1536
312,0,12,0,0,0,0,0,675362,0,0,0,0,54,0,0,0,0,0,0,0,0,0,0,0,0,0,0,0,0,0,0,0,0,0,0,0,0,38,95,0,0,0,0,0
312,0,13,0,0,0,0,0,675362,0,0,0,0,51,0,0,0,0,0,0,0,0,0,0,0,0,0,0,0,0,0,0,0,0,0,175,0,0,0,108,0,0,0,0,0
312,0,14,0,0,0,0,0,675362,0,0,0,0,54,0,0,0,0,0,0,0,0,0,0,0,0,0,0,0,0,0,0,0,0,0,0,0,92,0,66,0,0,0,0,0
312,0,15,0,0,0,0,0,675362,0,0,0,0,54,0,0,0,0,0,0,0,0,0,0,0,0,0,0,0,0,0,0,0,0,0,0,0,26,0,106,0,0,0,0,0
313,0,0,0,0,0,0,0,1711063,0,0,8484,858624,136,0,0,0,0,0,16473,0,0,0,0,0,0,0,0,8484,8484,0,360017,0,1161721,858624,0,2309,0,136,284,0,0,0,0,1600761
313,0,1,0,0,0,0,0,855532,16473,0,0,0,6553,0,0,0,0,0,16473,0,0,0,0,0,0,0,0,0,3292,0,179628,0,415460,0,0,790,881,1781,11399,0,0,1536,0,0
313,0,2,0,0,0,0,0,855532,0,0,0,0,418,1536,0,0,0,0,0,0,0,0,0,0,0,0,0,0,0,0,182079,0,180402,64376,0,1532,636,1484,860,0,0,1536,0,1536
313,0,3,0,0,0,0,0,855532,0,0,0,0,412,1536,0,0,0,0,0,0,0,0,0,0,0,0,0,0,0,0,122494,0,0,64365,0,573,231,0,635,0,0,0,0,1536
313,0,4,0,0,0,0,0,855532,0,0,0,0,504,1536,0,0,0,0,0,0,0,0,0,0,0,0,0,0,0,0,122242,0,0,64375,0,567,0,257,751,676227,0,0,0,1536
313,0,5,0,0,0,0,0,855532,0,0,0,0,475,1536,0,0,0,0,0,0,0,0,0,0,0,0,0,0,0,0,122764,0,0,64586,4320,1044,0,1,950,0,0,1536,0,1536
313,0,6,0,0,0,0,0,855531,0,0,0,0,493,1536,0,0,0,0,0,0,0,0,0,0,0,0,0,0,0,0,122407,0,0,64450,0,527,768,2,743,0,0,1536,0,1536
313,0,7,0,0,0,0,0,855532,0,0,0,0,501,1536,0,0,0,0,0,0,0,0,0,0,0,0,0,0,0,0,61757,0,0,64188,0,560,261,0,1000,0,0,0,0,1536
313,0,8,0,0,0,0,0,855532,0,0,0,0,516,1536,0,0,0,0,0,0,0,0,0,0,0,0,0,0,0,0,61620,0,0,64136,0,491,0,247,998,6144,0,0,0,1536
313,0,9,0,0,0,0,0,855532,0,0,0,0,490,1536,0,0,0,0,0,0,0,0,0,0,0,0,0,0,0,0,61718,0,0,64080,2631,267,0,1,719,0,0,1536,0,1536
313,0,10,0,0,0,0,0,855532,0,0,0,0,510,1536,0,0,0,0,0,0,0,0,0,0,0,0,0,0,0,0,62399,0,0,64326,0,534,744,1,989,0,0,1536,0,1536
313,0,11,0,0,0,0,0,855532,0,0,0,0,491,1536,0,0,0,0,0,0,0,0,0,0,0,0,0,0,0,0,0,0,0,64449,0,42,271,0,755,0,0,0,0,1536
313,0,12,0,0,0,0,0,855532,0,0,0,0,505,1536,0,0,0,0,0,0,0,0,0,0,0,0,0,0,0,0,0,0,0,64435,0,0,0,256,783,1536,0,0,0,1536
313,0,13,0,0,0,0,0,855532,0,0,0,0,505,1536,0,0,0,0,0,0,0,0,0,0,0,0,0,0,0,0,0,0,0,64489,1297,0,0,1,1007,0,0,1536,0,1536
313,0,14,0,0,0,0,0,855532,0,0,0,0,498,1536,0,0,0,0,0,0,0,0,0,0,0,0,0,0,0,0,0,0,0,64306,0,0,303,2,733,0,0,0,0,1536
313,0,15,0,0,0,0,0,855532,0,0,0,0,41,0,0,0,0,0,0,0,0,0,0,0,0,0,0,0,0,0,0,0,0,0,0,0,39,0,96,0,0,0,0,0
314,0,0,0,0,0,0,0,1709220,0,0,8528,858624,136,0,0,0,0,0,16539,0,0,0,0,0,0,0,0,8528,8528,0,360380,0,1161082,858624,0,2319,0,136,284,0,0,0,0,1600114
314,0,1,0,0,0,0,0,854610,16539,0,0,0,6657,0,0,0,0,0,16539,0,0,0,0,0,0,0,0,0,3433,0,179688,0,415284,0,0,776,841,1775,11531,0,0,1536,0,0
314,0,2,0,0,0,0,0,854610,0,0,0,0,435,1536,0,0,0,0,0,0,0,0,0,0,0,0,0,0,0,0,181870,0,180409,64357,0,1528,631,1503,892,0,0,1536,0,1536
314,0,3,0,0,0,0,0,854610,0,0,0,0,420,1536,0,0,0,0,0,0,0,0,0,0,0,0,0,0,0,0,122521,0,0,64365,0,551,229,0,656,0,0,0,0,1536
314,0,4,0,0,0,0,0,854610,0,0,0,0,490,1536,0,0,0,0,0,0,0,0,0,0,0,0,0,0,0,0,122362,0,0,64395,0,522,0,275,749,675969,0,0,0,1536
314,0,5,0,0,0,0,0,854610,0,0,0,0,502,1536,0,0,0,0,0,0,0,0,0,0,0,0,0,0,0,0,122740,0,0,64566,4341,1053,0,1,992,0,0,1536,0,1536
314,0,6,0,0,0,0,0,854610,0,0,0,0,487,1536,0,0,0,0,0,0,0,0,0,0,0,0,0,0,0,0,122169,0,0,64444,0,525,764,1,753,0,0,1536,0,1536
314,0,7,0,0,0,0,0,854610,0,0,0,0,487,1536,0,0,0,0,0,0,0,0,0,0,0,0,0,0,0,0,61728,0,0,64180,0,577,278,0,995,0,0,0,0,1536
314,0,8,0,0,0,0,0,854610,0,0,0,0,511,1536,0,0,0,0,0,0,0,0,0,0,0,0,0,0,0,0,61656,0,0,64180,0,523,0,254,1012,6144,0,0,0,1536
314,0,9,0,0,0,0,0,854610,0,0,0,0,496,1536,0,0,0,0,0,0,0,0,0,0,0,0,0,0,0,0,61685,0,0,64100,2603,260,0,0,729,0,0,1536,0,1536
314,0,10,0,0,0,0,0,854610,0,0,0,0,488,1536,0,0,0,0,0,0,0,0,0,0,0,0,0,0,0,0,62255,0,0,64325,0,529,764,3,980,0,0,1536,0,1536
314,0,11,0,0,0,0,0,854610,0,0,0,0,488,1536,0,0,0,0,0,0,0,0,0,0,0,0,0,0,0,0,0,0,0,64456,0,43,276,0,734,0,0,0,0,1536
314,0,12,0,0,0,0,0,854610,0,0,0,0,499,1536,0,0,0,0,0,0,0,0,0,0,0,0,0,0,0,0,0,0,0,64439,0,0,0,266,749,1536,0,0,0,1536
314,0,13,0,0,0,0,0,854610,0,0,0,0,487,1536,0,0,0,0,0,0,0,0,0,0,0,0,0,0,0,0,0,0,0,64474,1313,0,0,2,1000,0,0,1536,0,1536
314,0,14,0,0,0,0,0,854610,0,0,0,0,514,1536,0,0,0,0,0,0,0,0,0,0,0,0,0,0,0,0,0,0,0,64327,0,0,306,0,758,0,0,0,0,1536
314,0,15,0,0,0,0,0,854610,0,0,0,0,55,0,0,0,0,0,0,0,0,0,0,0,0,0,0,0,0,0,0,0,0,0,0,0,25,0,111,0,0,0,0,0
315,0,0,0,0,0,0,0,1711529,0,0,8505,858624,136,0,0,0,0,0,16503,0,0,0,0,0,0,0,0,8505,8505,0,360110,0,1161535,858624,0,2313,0,136,284,0,0,0,0,1601903
315,0,1,0,0,0,0,0,855764,16503,0,0,0,6550,0,0,0,0,0,16503,0,0,0,0,0,0,0,0,0,3191,0,179625,0,415404,0,0,780,881,1812,11447,0,0,1536,0,0
315,0,2,0,0,0,0,0,855764,0,0,0,0,423,1536,0,0,0,0,0,0,0,0,0,0,0,0,0,0,0,0,182008,0,180513,64372,0,1562,646,1423,875,0,0,1536,0,1536
315,0,3,0,0,0,0,0,855764,0,0,0,0,424,1536,0,0,0,0,0,0,0,0,0,0,0,0,0,0,0,0,122526,0,0,64357,0,627,222,0,659,0,0,0,0,1536
315,0,4,0,0,0,0,0,855764,0,0,0,0,496,1536,0,0,0,0,0,0,0,0,0,0,0,0,0,0,0,0,122252,0,0,64387,0,544,0,267,767,676830,0,0,0,1536
315,0,5,0,0,0,0,0,855764,0,0,0,0,504,1536,0,0,0,0,0,0,0,0,0,0,0,0,0,0,0,0,122762,0,0,64579,4277,1053,0,2,984,0,0,1536,0,1536
315,0,6,0,0,0,0,0,855763,0,0,0,0,499,1536,0,0,0,0,0,0,0,0,0,0,0,0,0,0,0,0,122349,0,0,64446,0,504,772,0,746,0,0,1536,0,1536
315,0,7,0,0,0,0,0,855764,0,0,0,0,508,1536,0,0,0,0,0,0,0,0,0,0,0,0,0,0,0,0,61784,0,0,64215,0,525,254,0,990,0,0,0,0,1536
315,0,8,0,0,0,0,0,855764,0,0,0,0,503,1536,0,0,0,0,0,0,0,0,0,0,0,0,0,0,0,0,61606,0,0,64112,0,490,0,260,1011,6144,0,0,0,1536
315,0,9,0,0,0,0,0,855764,0,0,0,0,491,1536,0,0,0,0,0,0,0,0,0,0,0,0,0,0,0,0,61704,0,0,64071,2642,256,0,0,724,0,0,1536,0,1536
315,0,10,0,0,0,0,0,855764,0,0,0,0,503,1536,0,0,0,0,0,0,0,0,0,0,0,0,0,0,0,0,62384,0,0,64312,0,545,760,3,996,0,0,1536,0,1536
315,0,11,0,0,0,0,0,855764,0,0,0,0,501,1536,0,0,0,0,0,0,0,0,0,0,0,0,0,0,0,0,0,0,0,64438,0,42,261,0,798,0,0,0,0,1536
315,0,12,0,0,0,0,0,855764,0,0,0,0,473,1536,0,0,0,0,0,0,0,0,0,0,0,0,0,0,0,0,0,0,0,64429,0,0,0,290,754,1536,0,0,0,1536
315,0,13,0,0,0,0,0,855764,0,0,0,0,505,1536,0,0,0,0,0,0,0,0,0,0,0,0,0,0,0,0,0,0,0,64482,1263,0,0,0,1020,0,0,1536,0,1536
315,0,14,0,0,0,0,0,855764,0,0,0,0,495,1536,0,0,0,0,0,0,0,0,0,0,0,0,0,0,0,0,0,0,0,64316,0,0,310,2,721,0,0,0,0,1536
315,0,15,0,0,0,0,0,855764,0,0,0,0,42,0,0,0,0,0,0,0,0,0,0,0,0,0,0,0,0,0,0,0,0,0,0,0,38,0,97,0,0,0,0,0
316,0,0,0,0,0,0,0,257251,0,0,514,65792,136,0,0,0,0,0,4449,0,0,0,0,0,0,0,0,514,514,0,0,0,125589,65792,0,294,0,136,284,0,0,0,0,768
316,0,1,0,0,0,0,0,128626,4449,0,0,0,1465,0,0,0,0,0,4449,0,0,0,0,0,0,0,0,0,19,0,0,0,63893,0,0,84,170,304,2552,0,0,768,0,0
316,0,2,0,0,0,0,0,128626,0,0,0,0,420,768,0,0,0,0,0,0,0,0,0,0,0,0,0,0,0,0,0,0,0,64768,0,249,232,282,872,0,0,0,0,768
316,0,3,0,0,0,0,0,128626,0,0,0,0,47,0,0,0,0,0,0,0,0,0,0,0,0,0,0,0,0,0,0,0,0,0,0,92,45,0,54,0,0,0,0,0
316,0,4,0,0,0,0,0,128626,0,0,0,0,47,0,0,0,0,0,0,0,0,0,0,0,0,0,0,0,0,0,0,0,0,0,0,87,0,45,61,0,0,0,0,0
316,0,5,0,0,0,0,0,128626,0,0,0,0,47,0,0,0,0,0,0,0,0,0,0,0,0,0,0,0,0,0,0,0,0,0,537,148,0,0,109,0,0,0,0,0
316,0,6,0,0,0,0,0,128626,0,0,0,0,47,0,0,0,0,0,0,0,0,0,0,0,0,0,0,0,0,0,0,0,0,0,0,40,98,0,52,0,0,0,0,0
316,0,7,0,0,0,0,0,128626,0,0,0,0,53,0,0,0,0,0,0,0,0,0,0,0,0,0,0,0,0,0,0,0,0,0,0,104,39,0,140,0,0,0,0,0
316,0,8,0,0,0,0,0,128626,0,0,0,0,50,0,0,0,0,0,0,0,0,0,0,0,0,0,0,0,0,0,0,0,0,0,0,52,0,42,107,0,0,0,0,0
316,0,9,0,0,0,0,0,128626,0,0,0,0,47,0,0,0,0,0,0,0,0,0,0,0,0,0,0,0,0,0,0,0,0,0,365,42,0,0,53,0,0,0,0,0
316,0,10,0,0,0,0,0,128626,0,0,0,0,53,0,0,0,0,0,0,0,0,0,0,0,0,0,0,0,0,0,0,0,0,0,0,91,92,0,118,0,0,0,0,0
316,0,11,0,0,0,0,0,128626,0,0,0,0,53,0,0,0,0,0,0,0,0,0,0,0,0,0,0,0,0,0,0,0,0,0,0,40,39,0,94,0,0,0,0,0
316,0,12,0,0,0,0,0,128626,0,0,0,0,47,0,0,0,0,0,0,0,0,0,0,0,0,0,0,0,0,0,0,0,0,0,0,0,0,45,93,0,0,0,0,0
316,0,13,0,0,0,0,0,128626,0,0,0,0,53,0,0,0,0,0,0,0,0,0,0,0,0,0,0,0,0,0,0,0,0,0,178,0,0,0,109,0,0,0,0,0
316,0,14,0,0,0,0,0,128626,0,0,0,0,53,0,0,0,0,0,0,0,0,0,0,0,0,0,0,0,0,0,0,0,0,0,0,0,80,0,60,0,0,0,0,0
316,0,15,0,0,0,0,0,128626,0,0,0,0,41,0,0,0,0,0,0,0,0,0,0,0,0,0,0,0,0,0,0,0,0,0,0,0,39,0,88,0,0,0,0,0
317,0,0,0,0,0,0,0,257413,0,0,514,65792,136,0,0,0,0,0,4449,0,0,0,0,0,0,0,0,514,514,0,0,0,125568,65792,0,294,0,136,284,0,0,0,0,768
317,0,1,0,0,0,0,0,128707,4449,0,0,0,1461,0,0,0,0,0,4449,0,0,0,0,0,0,0,0,0,10,0,0,0,63872,0,0,76,172,314,2564,0,0,768,0,0
317,0,2,0,0,0,0,0,128707,0,0,0,0,425,768,0,0,0,0,0,0,0,0,0,0,0,0,0,0,0,0,0,0,0,64768,0,255,227,267,876,0,0,0,0,768
317,0,3,0,0,0,0,0,128707,0,0,0,0,47,0,0,0,0,0,0,0,0,0,0,0,0,0,0,0,0,0,0,0,0,0,0,100,45,0,61,0,0,0,0,0
317,0,4,0,0,0,0,0,128707,0,0,0,0,47,0,0,0,0,0,0,0,0,0,0,0,0,0,0,0,0,0,0,0,0,0,0,87,0,45,70,0,0,0,0,0
317,0,5,0,0,0,0,0,128707,0,0,0,0,47,0,0,0,0,0,0,0,0,0,0,0,0,0,0,0,0,0,0,0,0,0,526,148,0,0,117,0,0,0,0,0
317,0,6,0,0,0,0,0,128707,0,0,0,0,47,0,0,0,0,0,0,0,0,0,0,0,0,0,0,0,0,0,0,0,0,0,0,34,98,0,52,0,0,0,0,0
317,0,7,0,0,0,0,0,128707,0,0,0,0,53,0,0,0,0,0,0,0,0,0,0,0,0,0,0,0,0,0,0,0,0,0,0,104,39,0,132,0,0,0,0,0
317,0,8,0,0,0,0,0,128707,0,0,0,0,50,0,0,0,0,0,0,0,0,0,0,0,0,0,0,0,0,0,0,0,0,0,0,52,0,42,107,0,0,0,0,0
317,0,9,0,0,0,0,0,128707,0,0,0,0,47,0,0,0,0,0,0,0,0,0,0,0,0,0,0,0,0,0,0,0,0,0,376,42,0,0,53,0,0,0,0,0
317,0,10,0,0,0,0,0,128707,0,0,0,0,53,0,0,0,0,0,0,0,0,0,0,0,0,0,0,0,0,0,0,0,0,0,0,89,92,0,126,0,0,0,0,0
317,0,11,0,0,0,0,0,128707,0,0,0,0,53,0,0,0,0,0,0,0,0,0,0,0,0,0,0,0,0,0,0,0,0,0,0,40,39,0,94,0,0,0,0,0
317,0,12,0,0,0,0,0,128707,0,0,0,0,47,0,0,0,0,0,0,0,0,0,0,0,0,0,0,0,0,0,0,0,0,0,0,0,0,45,93,0,0,0,0,0
317,0,13,0,0,0,0,0,128707,0,0,0,0,53,0,0,0,0,0,0,0,0,0,0,0,0,0,0,0,0,0,0,0,0,0,167,0,0,0,109,0,0,0,0,0
317,0,14,0,0,0,0,0,128707,0,0,0,0,53,0,0,0,0,0,0,0,0,0,0,0,0,0,0,0,0,0,0,0,0,0,0,0,91,0,62,0,0,0,0,0
317,0,15,0,0,0,0,0,128707,0,0,0,0,52,0,0,0,0,0,0,0,0,0,0,0,0,0,0,0,0,0,0,0,0,0,0,0,28,0,99,0,0,0,0,0
318,0,0,0,0,0,0,0,257265,0,0,514,65792,136,0,0,0,0,0,4449,0,0,0,0,0,0,0,0,514,514,0,0,0,125587,65792,0,294,0,136,284,0,0,0,0,768
318,0,1,0,0,0,0,0,128633,4449,0,0,0,1464,0,0,0,0,0,4449,0,0,0,0,0,0,0,0,0,17,0,0,0,63891,0,0,84,170,305,2552,0,0,768,0,0
318,0,2,0,0,0,0,0,128633,0,0,0,0,421,768,0,0,0,0,0,0,0,0,0,0,0,0,0,0,0,0,0,0,0,64768,0,249,231,282,872,0,0,0,0,768
318,0,3,0,0,0,0,0,128633,0,0,0,0,47,0,0,0,0,0,0,0,0,0,0,0,0,0,0,0,0,0,0,0,0,0,0,92,45,0,54,0,0,0,0,0
318,0,4,0,0,0,0,0,128633,0,0,0,0,47,0,0,0,0,0,0,0,0,0,0,0,0,0,0,0,0,0,0,0,0,0,0,87,0,45,62,0,0,0,0,0
318,0,5,0,0,0,0,0,128633,0,0,0,0,47,0,0,0,0,0,0,0,0,0,0,0,0,0,0,0,0,0,0,0,0,0,537,148,0,0,109,0,0,0,0,0
318,0,6,0,0,0,0,0,128633,0,0,0,0,47,0,0,0,0,0,0,0,0,0,0,0,0,0,0,0,0,0,0,0,0,0,0,40,98,0,52,0,0,0,0,0
318,0,7,0,0,0,0,0,128633,0,0,0,0,53,0,0,0,0,0,0,0,0,0,0,0,0,0,0,0,0,0,0,0,0,0,0,104,39,0,140,0,0,0,0,0
318,0,8,0,0,0,0,0,128633,0,0,0,0,50,0,0,0,0,0,0,0,0,0,0,0,0,0,0,0,0,0,0,0,0,0,0,52,0,42,107,0,0,0,0,0
318,0,9,0,0,0,0,0,128633,0,0,0,0,47,0,0,0,0,0,0,0,0,0,0,0,0,0,0,0,0,0,0,0,0,0,365,42,0,0,53,0,0,0,0,0
318,0,10,0,0,0,0,0,128633,0,0,0,0,53,0,0,0,0,0,0,0,0,0,0,0,0,0,0,0,0,0,0,0,0,0,0,91,92,0,118,0,0,0,0,0
318,0,11,0,0,0,0,0,128633,0,0,0,0,53,0,0,0,0,0,0,0,0,0,0,0,0,0,0,0,0,0,0,0,0,0,0,40,39,0,94,0,0,0,0,0
318,0,12,0,0,0,0,0,128633,0,0,0,0,47,0,0,0,0,0,0,0,0,0,0,0,0,0,0,0,0,0,0,0,0,0,0,0,0,45,93,0,0,0,0,0
318,0,13,0,0,0,0,0,128633,0,0,0,0,53,0,0,0,0,0,0,0,0,0,0,0,0,0,0,0,0,0,0,0,0,0,178,0,0,0,109,0,0,0,0,0
318,0,14,0,0,0,0,0,128632,0,0,0,0,53,0,0,0,0,0,0,0,0,0,0,0,0,0,0,0,0,0,0,0,0,0,0,0,80,0,60,0,0,0,0,0
318,0,15,0,0,0,0,0,128633,0,0,0,0,41,0,0,0,0,0,0,0,0,0,0,0,0,0,0,0,0,0,0,0,0,0,0,0,39,0,88,0,0,0,0,0
319,0,0,0,0,0,0,0,360614,0,0,1026,131584,136,0,0,0,0,0,5223,0,0,0,0,0,0,0,0,1026,1026,0,0,0,249624,131584,0,294,0,136,284,0,0,0,0,1536
319,0,1,0,0,0,0,0,180307,5223,0,0,0,1731,0,0,0,0,0,5223,0,0,0,0,0,0,0,0,0,513,0,0,0,126886,0,0,76,172,557,2929,0,0,768,0,0
319,0,2,0,0,0,0,0,180307,0,0,0,0,324,768,0,0,0,0,0,0,0,0,0,0,0,0,0,0,0,0,0,0,63946,64762,0,255,642,640,672,0,0,768,0,768
319,0,3,0,0,0,0,0,180307,0,0,0,0,363,768,0,0,0,0,0,0,0,0,0,0,0,0,0,0,0,0,0,0,0,64758,0,101,241,0,519,0,0,0,0,768
319,0,4,0,0,0,0,0,180307,0,0,0,0,47,0,0,0,0,0,0,0,0,0,0,0,0,0,0,0,0,0,0,0,0,0,0,87,0,45,70,0,0,0,0,0
319,0,5,0,0,0,0,0,180307,0,0,0,0,47,0,0,0,0,0,0,0,0,0,0,0,0,0,0,0,0,0,0,0,0,0,526,148,0,0,117,0,0,0,0,0
319,0,6,0,0,0,0,0,180307,0,0,0,0,47,0,0,0,0,0,0,0,0,0,0,0,0,0,0,0,0,0,0,0,0,0,0,34,98,0,52,0,0,0,0,0
319,0,7,0,0,0,0,0,180307,0,0,0,0,53,0,0,0,0,0,0,0,0,0,0,0,0,0,0,0,0,0,0,0,0,0,0,104,39,0,132,0,0,0,0,0
319,0,8,0,0,0,0,0,180307,0,0,0,0,50,0,0,0,0,0,0,0,0,0,0,0,0,0,0,0,0,0,0,0,0,0,0,52,0,42,107,0,0,0,0,0
319,0,9,0,0,0,0,0,180307,0,0,0,0,47,0,0,0,0,0,0,0,0,0,0,0,0,0,0,0,0,0,0,0,0,0,376,42,0,0,53,0,0,0,0,0
319,0,10,0,0,0,0,0,180307,0,0,0,0,53,0,0,0,0,0,0,0,0,0,0,0,0,0,0,0,0,0,0,0,0,0,0,89,92,0,126,0,0,0,0,0
319,0,11,0,0,0,0,0,180307,0,0,0,0,53,0,0,0,0,0,0,0,0,0,0,0,0,0,0,0,0,0,0,0,0,0,0,41,39,0,94,0,0,0,0,0
319,0,12,0,0,0,0,0,180307,0,0,0,0,47,0,0,0,0,0,0,0,0,0,0,0,0,0,0,0,0,0,0,0,0,0,0,0,0,45,93,0,0,0,0,0
319,0,13,0,0,0,0,0,180307,0,0,0,0,53,0,0,0,0,0,0,0,0,0,0,0,0,0,0,0,0,0,0,0,0,0,167,0,0,0,109,0,0,0,0,0
319,0,14,0,0,0,0,0,180307,0,0,0,0,53,0,0,0,0,0,0,0,0,0,0,0,0,0,0,0,0,0,0,0,0,0,0,0,91,0,62,0,0,0,0,0
319,0,15,0,0,0,0,0,180307,0,0,0,0,52,0,0,0,0,0,0,0,0,0,0,0,0,0,0,0,0,0,0,0,0,0,0,0,28,0,99,0,0,0,0,0
320,0,0,0,0,0,0,0,360672,0,0,1026,131584,136,0,0,0,0,0,5223,0,0,0,0,0,0,0,0,1026,1026,0,0,0,249587,131584,0,294,0,136,284,0,0,0,0,1536
320,0,1,0,0,0,0,0,180336,5223,0,0,0,1729,0,0,0,0,0,5223,0,0,0,0,0,0,0,0,0,503,0,0,0,126865,0,0,78,167,562,2935,0,0,768,0,0
320,0,2,0,0,0,0,0,180336,0,0,0,0,328,768,0,0,0,0,0,0,0,0,0,0,0,0,0,0,0,0,0,0,63932,64769,0,249,635,636,681,0,0,768,0,768
320,0,3,0,0,0,0,0,180336,0,0,0,0,360,768,0,0,0,0,0,0,0,0,0,0,0,0,0,0,0,0,0,0,0,64749,0,99,244,0,522,0,0,0,0,768
320,0,4,0,0,0,0,0,180336,0,0,0,0,47,0,0,0,0,0,0,0,0,0,0,0,0,0,0,0,0,0,0,0,0,0,0,87,0,45,67,0,0,0,0,0
320,0,5,0,0,0,0,0,180336,0,0,0,0,47,0,0,0,0,0,0,0,0,0,0,0,0,0,0,0,0,0,0,0,0,0,525,148,0,0,115,0,0,0,0,0
320,0,6,0,0,0,0,0,180336,0,0,0,0,47,0,0,0,0,0,0,0,0,0,0,0,0,0,0,0,0,0,0,0,0,0,0,40,98,0,52,0,0,0,0,0
320,0,7,0,0,0,0,0,180336,0,0,0,0,53,0,0,0,0,0,0,0,0,0,0,0,0,0,0,0,0,0,0,0,0,0,0,104,39,0,134,0,0,0,0,0
320,0,8,0,0,0,0,0,180336,0,0,0,0,50,0,0,0,0,0,0,0,0,0,0,0,0,0,0,0,0,0,0,0,0,0,0,52,0,42,107,0,0,0,0,0
320,0,9,0,0,0,0,0,180336,0,0,0,0,47,0,0,0,0,0,0,0,0,0,0,0,0,0,0,0,0,0,0,0,0,0,377,42,0,0,53,0,0,0,0,0
320,0,10,0,0,0,0,0,180336,0,0,0,0,53,0,0,0,0,0,0,0,0,0,0,0,0,0,0,0,0,0,0,0,0,0,0,85,92,0,124,0,0,0,0,0
320,0,11,0,0,0,0,0,180336,0,0,0,0,53,0,0,0,0,0,0,0,0,0,0,0,0,0,0,0,0,0,0,0,0,0,0,41,39,0,94,0,0,0,0,0
320,0,12,0,0,0,0,0,180336,0,0,0,0,47,0,0,0,0,0,0,0,0,0,0,0,0,0,0,0,0,0,0,0,0,0,0,0,0,45,93,0,0,0,0,0
320,0,13,0,0,0,0,0,180336,0,0,0,0,53,0,0,0,0,0,0,0,0,0,0,0,0,0,0,0,0,0,0,0,0,0,166,0,0,0,109,0,0,0,0,0
320,0,14,0,0,0,0,0,180336,0,0,0,0,53,0,0,0,0,0,0,0,0,0,0,0,0,0,0,0,0,0,0,0,0,0,0,0,92,0,66,0,0,0,0,0
320,0,15,0,0,0,0,0,180336,0,0,0,0,53,0,0,0,0,0,0,0,0,0,0,0,0,0,0,0,0,0,0,0,0,0,0,0,27,0,100,0,0,0,0,0
321,0,0,0,0,0,0,0,360605,0,0,1026,131584,136,0,0,0,0,0,5220,0,0,0,0,0,0,0,0,1026,1026,0,0,0,249651,131584,0,294,0,136,284,0,0,0,0,1536
321,0,1,0,0,0,0,0,180303,5220,0,0,0,1730,0,0,0,0,0,5220,0,0,0,0,0,0,0,0,0,512,0,0,0,126894,0,0,80,165,561,2929,0,0,768,0,0
321,0,2,0,0,0,0,0,180303,0,0,0,0,328,768,0,0,0,0,0,0,0,0,0,0,0,0,0,0,0,0,0,0,63942,64765,0,249,642,635,683,0,0,768,0,768
321,0,3,0,0,0,0,0,180303,0,0,0,0,368,768,0,0,0,0,0,0,0,0,0,0,0,0,0,0,0,0,0,0,0,64758,0,96,237,0,533,0,0,0,0,768
321,0,4,0,0,0,0,0,180303,0,0,0,0,47,0,0,0,0,0,0,0,0,0,0,0,0,0,0,0,0,0,0,0,0,0,0,87,0,45,65,0,0,0,0,0
321,0,5,0,0,0,0,0,180303,0,0,0,0,47,0,0,0,0,0,0,0,0,0,0,0,0,0,0,0,0,0,0,0,0,0,525,148,0,0,113,0,0,0,0,0
321,0,6,0,0,0,0,0,180303,0,0,0,0,47,0,0,0,0,0,0,0,0,0,0,0,0,0,0,0,0,0,0,0,0,0,0,40,98,0,52,0,0,0,0,0
321,0,7,0,0,0,0,0,180303,0,0,0,0,53,0,0,0,0,0,0,0,0,0,0,0,0,0,0,0,0,0,0,0,0,0,0,105,39,0,136,0,0,0,0,0
321,0,8,0,0,0,0,0,180303,0,0,0,0,50,0,0,0,0,0,0,0,0,0,0,0,0,0,0,0,0,0,0,0,0,0,0,52,0,42,107,0,0,0,0,0
321,0,9,0,0,0,0,0,180303,0,0,0,0,47,0,0,0,0,0,0,0,0,0,0,0,0,0,0,0,0,0,0,0,0,0,377,42,0,0,53,0,0,0,0,0
321,0,10,0,0,0,0,0,180303,0,0,0,0,53,0,0,0,0,0,0,0,0,0,0,0,0,0,0,0,0,0,0,0,0,0,0,87,92,0,122,0,0,0,0,0
321,0,11,0,0,0,0,0,180303,0,0,0,0,53,0,0,0,0,0,0,0,0,0,0,0,0,0,0,0,0,0,0,0,0,0,0,40,39,0,94,0,0,0,0,0
321,0,12,0,0,0,0,0,180303,0,0,0,0,47,0,0,0,0,0,0,0,0,0,0,0,0,0,0,0,0,0,0,0,0,0,0,0,0,45,93,0,0,0,0,0
321,0,13,0,0,0,0,0,180303,0,0,0,0,53,0,0,0,0,0,0,0,0,0,0,0,0,0,0,0,0,0,0,0,0,0,166,0,0,0,109,0,0,0,0,0
321,0,14,0,0,0,0,0,180302,0,0,0,0,53,0,0,0,0,0,0,0,0,0,0,0,0,0,0,0,0,0,0,0,0,0,0,0,92,0,64,0,0,0,0,0
321,0,15,0,0,0,0,0,180303,0,0,0,0,53,0,0,0,0,0,0,0,0,0,0,0,0,0,0,0,0,0,0,0,0,0,0,0,27,0,101,0,0,0,0,0
322,0,0,0,0,0,0,0,621844,0,0,2052,263168,136,0,0,0,0,0,6771,0,0,0,0,0,0,0,0,2052,2052,0,127531,0,374909,263168,0,809,0,136,284,0,0,0,0,3072
322,0,1,0,0,0,0,0,310922,6771,0,0,0,2224,0,0,0,0,0,6771,0,0,0,0,0,0,0,0,0,1049,0,63995,0,126445,0,0,332,375,633,3908,0,0,768,0,0
322,0,2,0,0,0,0,0,310922,0,0,0,0,317,768,0,0,0,0,0,0,0,0,0,0,0,0,0,0,0,0,0,0,63492,65021,0,249,663,532,702,0,0,768,0,768
322,0,3,0,0,0,0,0,310922,0,0,0,0,380,768,0,0,0,0,0,0,0,0,0,0,0,0,0,0,0,0,0,0,0,65023,0,95,224,0,650,0,0,0,0,768
322,0,4,0,0,0,0,0,310922,0,0,0,0,337,768,0,0,0,0,0,0,0,0,0,0,0,0,0,0,0,0,0,0,0,64709,0,87,0,268,565,768,0,0,0,768
322,0,5,0,0,0,0,0,310922,0,0,0,0,334,768,0,0,0,0,0,0,0,0,0,0,0,0,0,0,0,0,0,0,0,64768,1041,148,0,2,663,0,0,0,0,768
322,0,6,0,0,0,0,0,310922,0,0,0,0,47,0,0,0,0,0,0,0,0,0,0,0,0,0,0,0,0,0,0,0,0,0,0,40,98,0,52,0,0,0,0,0
322,0,7,0,0,0,0,0,310922,0,0,0,0,53,0,0,0,0,0,0,0,0,0,0,0,0,0,0,0,0,0,0,0,0,0,0,107,39,0,137,0,0,0,0,0
322,0,8,0,0,0,0,0,310922,0,0,0,0,50,0,0,0,0,0,0,0,0,0,0,0,0,0,0,0,0,0,0,0,0,0,0,52,0,42,107,0,0,0,0,0
322,0,9,0,0,0,0,0,310922,0,0,0,0,47,0,0,0,0,0,0,0,0,0,0,0,0,0,0,0,0,0,0,0,0,0,375,42,0,0,53,0,0,0,0,0
322,0,10,0,0,0,0,0,310922,0,0,0,0,53,0,0,0,0,0,0,0,0,0,0,0,0,0,0,0,0,0,0,0,0,0,0,88,92,0,121,0,0,0,0,0
322,0,11,0,0,0,0,0,310922,0,0,0,0,53,0,0,0,0,0,0,0,0,0,0,0,0,0,0,0,0,0,0,0,0,0,0,40,39,0,94,0,0,0,0,0
322,0,12,0,0,0,0,0,310922,0,0,0,0,47,0,0,0,0,0,0,0,0,0,0,0,0,0,0,0,0,0,0,0,0,0,0,0,0,45,93,0,0,0,0,0
322,0,13,0,0,0,0,0,310922,0,0,0,0,53,0,0,0,0,0,0,0,0,0,0,0,0,0,0,0,0,0,0,0,0,0,168,0,0,0,109,0,0,0,0,0
322,0,14,0,0,0,0,0,310922,0,0,0,0,53,0,0,0,0,0,0,0,0,0,0,0,0,0,0,0,0,0,0,0,0,0,0,0,90,0,63,0,0,0,0,0
322,0,15,0,0,0,0,0,310922,0,0,0,0,51,0,0,0,0,0,0,0,0,0,0,0,0,0,0,0,0,0,0,0,0,0,0,0,29,0,101,0,0,0,0,0
323,0,0,0,0,0,0,0,621885,0,0,2052,263168,136,0,0,0,0,0,6774,0,0,0,0,0,0,0,0,2052,2052,0,127536,0,375062,263168,0,809,0,136,284,0,0,0,0,3072
323,0,1,0,0,0,0,0,310943,6774,0,0,0,2212,0,0,0,0,0,6774,0,0,0,0,0,0,0,0,0,1041,0,63998,0,126481,0,0,336,389,627,3953,0,0,768,0,0
323,0,2,0,0,0,0,0,310943,0,0,0,0,331,768,0,0,0,0,0,0,0,0,0,0,0,0,0,0,0,0,0,0,63495,65021,0,249,605,542,712,0,0,768,0,768
323,0,3,0,0,0,0,0,310943,0,0,0,0,337,768,0,0,0,0,0,0,0,0,0,0,0,0,0,0,0,0,0,0,0,65023,0,94,268,0,597,0,0,0,0,768
323,0,4,0,0,0,0,0,310943,0,0,0,0,340,768,0,0,0,0,0,0,0,0,0,0,0,0,0,0,0,0,0,0,0,64709,0,87,0,265,580,768,0,0,0,768
323,0,5,0,0,0,0,0,310943,0,0,0,0,337,768,0,0,0,0,0,0,0,0,0,0,0,0,0,0,0,0,0,0,0,64774,1042,148,0,1,662,0,0,0,0,768
323,0,6,0,0,0,0,0,310943,0,0,0,0,47,0,0,0,0,0,0,0,0,0,0,0,0,0,0,0,0,0,0,0,0,0,0,40,98,1,52,0,0,0,0,0
323,0,7,0,0,0,0,0,310943,0,0,0,0,53,0,0,0,0,0,0,0,0,0,0,0,0,0,0,0,0,0,0,0,0,0,0,107,39,0,137,0,0,0,0,0
323,0,8,0,0,0,0,0,310943,0,0,0,0,50,0,0,0,0,0,0,0,0,0,0,0,0,0,0,0,0,0,0,0,0,0,0,52,0,42,107,0,0,0,0,0
323,0,9,0,0,0,0,0,310943,0,0,0,0,47,0,0,0,0,0,0,0,0,0,0,0,0,0,0,0,0,0,0,0,0,0,375,42,0,0,53,0,0,0,0,0
323,0,10,0,0,0,0,0,310943,0,0,0,0,53,0,0,0,0,0,0,0,0,0,0,0,0,0,0,0,0,0,0,0,0,0,0,88,92,0,121,0,0,0,0,0
323,0,11,0,0,0,0,0,310943,0,0,0,0,53,0,0,0,0,0,0,0,0,0,0,0,0,0,0,0,0,0,0,0,0,0,0,40,39,0,94,0,0,0,0,0
323,0,12,0,0,0,0,0,310943,0,0,0,0,47,0,0,0,0,0,0,0,0,0,0,0,0,0,0,0,0,0,0,0,0,0,0,0,0,45,93,0,0,0,0,0
323,0,13,0,0,0,0,0,310943,0,0,0,0,53,0,0,0,0,0,0,0,0,0,0,0,0,0,0,0,0,0,0,0,0,0,168,0,0,0,109,0,0,0,0,0
323,0,14,0,0,0,0,0,310943,0,0,0,0,53,0,0,0,0,0,0,0,0,0,0,0,0,0,0,0,0,0,0,0,0,0,0,0,90,0,63,0,0,0,0,0
323,0,15,0,0,0,0,0,310943,0,0,0,0,51,0,0,0,0,0,0,0,0,0,0,0,0,0,0,0,0,0,0,0,0,0,0,0,29,0,101,0,0,0,0,0
324,0,0,0,0,0,0,0,621854,0,0,2052,263168,136,0,0,0,0,0,6774,0,0,0,0,0,0,0,0,2052,2052,0,127528,0,375039,263168,0,809,0,136,284,0,0,0,0,3072
324,0,1,0,0,0,0,0,310927,6774,0,0,0,2240,0,0,0,0,0,6774,0,0,0,0,0,0,0,0,0,1064,0,64000,0,126485,0,0,317,390,617,3918,0,0,768,0,0
324,0,2,0,0,0,0,0,310927,0,0,0,0,331,768,0,0,0,0,0,0,0,0,0,0,0,0,0,0,0,0,0,0,63490,65021,0,249,669,530,734,0,0,768,0,768
324,0,3,0,0,0,0,0,310927,0,0,0,0,400,768,0,0,0,0,0,0,0,0,0,0,0,0,0,0,0,0,0,0,0,65023,0,95,204,0,672,0,0,0,0,768
324,0,4,0,0,0,0,0,310927,0,0,0,0,336,768,0,0,0,0,0,0,0,0,0,0,0,0,0,0,0,0,0,0,0,64698,0,87,0,269,578,768,0,0,0,768
324,0,5,0,0,0,0,0,310927,0,0,0,0,333,768,0,0,0,0,0,0,0,0,0,0,0,0,0,0,0,0,0,0,0,64768,1041,148,0,2,677,0,0,0,0,768
324,0,6,0,0,0,0,0,310927,0,0,0,0,47,0,0,0,0,0,0,0,0,0,0,0,0,0,0,0,0,0,0,0,0,0,0,40,98,0,52,0,0,0,0,0
324,0,7,0,0,0,0,0,310927,0,0,0,0,53,0,0,0,0,0,0,0,0,0,0,0,0,0,0,0,0,0,0,0,0,0,0,107,39,0,137,0,0,0,0,0
324,0,8,0,0,0,0,0,310927,0,0,0,0,50,0,0,0,0,0,0,0,0,0,0,0,0,0,0,0,0,0,0,0,0,0,0,52,0,42,107,0,0,0,0,0
324,0,9,0,0,0,0,0,310927,0,0,0,0,47,0,0,0,0,0,0,0,0,0,0,0,0,0,0,0,0,0,0,0,0,0,375,42,0,0,53,0,0,0,0,0
324,0,10,0,0,0,0,0,310927,0,0,0,0,53,0,0,0,0,0,0,0,0,0,0,0,0,0,0,0,0,0,0,0,0,0,0,88,92,0,121,0,0,0,0,0
324,0,11,0,0,0,0,0,310927,0,0,0,0,53,0,0,0,0,0,0,0,0,0,0,0,0,0,0,0,0,0,0,0,0,0,0,40,39,0,94,0,0,0,0,0
324,0,12,0,0,0,0,0,310927,0,0,0,0,47,0,0,0,0,0,0,0,0,0,0,0,0,0,0,0,0,0,0,0,0,0,0,0,0,45,93,0,0,0,0,0
324,0,13,0,0,0,0,0,310927,0,0,0,0,53,0,0,0,0,0,0,0,0,0,0,0,0,0,0,0,0,0,0,0,0,0,168,0,0,0,109,0,0,0,0,0
324,0,14,0,0,0,0,0,310926,0,0,0,0,53,0,0,0,0,0,0,0,0,0,0,0,0,0,0,0,0,0,0,0,0,0,0,0,90,0,63,0,0,0,0,0
324,0,15,0,0,0,0,0,310927,0,0,0,0,51,0,0,0,0,0,0,0,0,0,0,0,0,0,0,0,0,0,0,0,0,0,0,0,29,0,101,0,0,0,0,0
325,0,0,0,0,0,0,0,881995,0,0,3078,394752,136,0,0,0,0,0,8325,0,0,0,0,0,0,0,0,3078,3078,0,127305,0,622851,394752,0,809,0,136,284,0,0,0,0,4608
325,0,1,0,0,0,0,0,440998,8325,0,0,0,3156,0,0,0,0,0,8325,0,0,0,0,0,0,0,0,0,1608,0,63926,0,252213,0,0,320,285,831,5352,0,0,768,0,0
325,0,2,0,0,0,0,0,440998,0,0,0,0,404,768,0,0,0,0,0,0,0,0,0,0,0,0,0,0,0,0,64000,0,127426,65021,0,519,578,996,885,0,0,768,0,768
325,0,3,0,0,0,0,0,440998,0,0,0,0,383,768,0,0,0,0,0,0,0,0,0,0,0,0,0,0,0,0,63744,0,0,65015,0,187,220,0,609,0,0,0,0,768
325,0,4,0,0,0,0,0,440998,0,0,0,0,430,768,0,0,0,0,0,0,0,0,0,0,0,0,0,0,0,0,0,0,0,64895,0,87,0,175,569,1536,0,0,0,768
325,0,5,0,0,0,0,0,440998,0,0,0,0,431,768,0,0,0,0,0,0,0,0,0,0,0,0,0,0,0,0,0,0,0,64832,1636,150,0,0,770,0,0,768,0,768
325,0,6,0,0,0,0,0,440998,0,0,0,0,427,768,0,0,0,0,0,0,0,0,0,0,0,0,0,0,0,0,0,0,0,64768,0,39,522,3,678,0,0,768,0,768
325,0,7,0,0,0,0,0,440998,0,0,0,0,345,768,0,0,0,0,0,0,0,0,0,0,0,0,0,0,0,0,0,0,0,64768,0,110,259,0,848,0,0,0,0,768
325,0,8,0,0,0,0,0,440998,0,0,0,0,51,0,0,0,0,0,0,0,0,0,0,0,0,0,0,0,0,0,0,0,0,0,0,52,0,41,108,0,0,0,0,0
325,0,9,0,0,0,0,0,440998,0,0,0,0,48,0,0,0,0,0,0,0,0,0,0,0,0,0,0,0,0,0,0,0,0,0,378,41,0,0,53,0,0,0,0,0
325,0,10,0,0,0,0,0,440998,0,0,0,0,52,0,0,0,0,0,0,0,0,0,0,0,0,0,0,0,0,0,0,0,0,0,0,86,92,0,123,0,0,0,0,0
325,0,11,0,0,0,0,0,440998,0,0,0,0,52,0,0,0,0,0,0,0,0,0,0,0,0,0,0,0,0,0,0,0,0,0,0,39,40,0,93,0,0,0,0,0
325,0,12,0,0,0,0,0,440998,0,0,0,0,46,0,0,0,0,0,0,0,0,0,0,0,0,0,0,0,0,0,0,0,0,0,0,0,0,46,92,0,0,0,0,0
325,0,13,0,0,0,0,0,440998,0,0,0,0,53,0,0,0,0,0,0,0,0,0,0,0,0,0,0,0,0,0,0,0,0,0,165,0,0,0,110,0,0,0,0,0
325,0,14,0,0,0,0,0,440998,0,0,0,0,52,0,0,0,0,0,0,0,0,0,0,0,0,0,0,0,0,0,0,0,0,0,0,0,92,0,64,0,0,0,0,0
325,0,15,0,0,0,0,0,440998,0,0,0,0,52,0,0,0,0,0,0,0,0,0,0,0,0,0,0,0,0,0,0,0,0,0,0,0,28,0,105,0,0,0,0,0
326,0,0,0,0,0,0,0,881986,0,0,3078,394752,136,0,0,0,0,0,8325,0,0,0,0,0,0,0,0,3078,3078,0,127305,0,622510,394752,0,809,0,136,284,0,0,0,0,4608
326,0,1,0,0,0,0,0,440993,8325,0,0,0,3292,0,0,0,0,0,8325,0,0,0,0,0,0,0,0,0,1517,0,63974,0,252098,0,0,319,216,765,5533,0,0,768,0,0
326,0,2,0,0,0,0,0,440993,0,0,0,0,381,768,0,0,0,0,0,0,0,0,0,0,0,0,0,0,0,0,63979,0,127432,65013,0,517,602,1035,891,0,0,768,0,768
326,0,3,0,0,0,0,0,440993,0,0,0,0,383,768,0,0,0,0,0,0,0,0,0,0,0,0,0,0,0,0,63744,0,0,65023,0,134,219,0,624,0,0,0,0,768
326,0,4,0,0,0,0,0,440993,0,0,0,0,429,768,0,0,0,0,0,0,0,0,0,0,0,0,0,0,0,0,0,0,0,64895,0,87,0,176,497,1536,0,0,0,768
326,0,5,0,0,0,0,0,440993,0,0,0,0,433,768,0,0,0,0,0,0,0,0,0,0,0,0,0,0,0,0,0,0,0,64777,1567,150,0,1,773,0,0,768,0,768
326,0,6,0,0,0,0,0,440992,0,0,0,0,430,768,0,0,0,0,0,0,0,0,0,0,0,0,0,0,0,0,0,0,0,64764,0,39,587,1,683,0,0,768,0,768
326,0,7,0,0,0,0,0,440993,0,0,0,0,412,768,0,0,0,0,0,0,0,0,0,0,0,0,0,0,0,0,0,0,0,64760,0,111,192,0,969,0,0,0,0,768
326,0,8,0,0,0,0,0,440993,0,0,0,0,51,0,0,0,0,0,0,0,0,0,0,0,0,0,0,0,0,0,0,0,0,0,0,52,0,41,108,0,0,0,0,0
326,0,9,0,0,0,0,0,440993,0,0,0,0,48,0,0,0,0,0,0,0,0,0,0,0,0,0,0,0,0,0,0,0,0,0,378,41,0,0,53,0,0,0,0,0
326,0,10,0,0,0,0,0,440993,0,0,0,0,52,0,0,0,0,0,0,0,0,0,0,0,0,0,0,0,0,0,0,0,0,0,0,85,92,0,124,0,0,0,0,0
326,0,11,0,0,0,0,0,440993,0,0,0,0,52,0,0,0,0,0,0,0,0,0,0,0,0,0,0,0,0,0,0,0,0,0,0,38,40,0,93,0,0,0,0,0
326,0,12,0,0,0,0,0,440993,0,0,0,0,46,0,0,0,0,0,0,0,0,0,0,0,0,0,0,0,0,0,0,0,0,0,0,0,0,46,92,0,0,0,0,0
326,0,13,0,0,0,0,0,440993,0,0,0,0,53,0,0,0,0,0,0,0,0,0,0,0,0,0,0,0,0,0,0,0,0,0,165,0,0,0,110,0,0,0,0,0
326,0,14,0,0,0,0,0,440993,0,0,0,0,52,0,0,0,0,0,0,0,0,0,0,0,0,0,0,0,0,0,0,0,0,0,0,0,92,0,65,0,0,0,0,0
326,0,15,0,0,0,0,0,440993,0,0,0,0,52,0,0,0,0,0,0,0,0,0,0,0,0,0,0,0,0,0,0,0,0,0,0,0,28,0,106,0,0,0,0,0
327,0,0,0,0,0,0,0,882000,0,0,3081,394752,136,0,0,0,0,0,8328,0,0,0,0,0,0,0,0,3081,3081,0,127431,0,622793,394752,0,809,0,136,284,0,0,0,0,4608
327,0,1,0,0,0,0,0,441000,8328,0,0,0,3182,0,0,0,0,0,8328,0,0,0,0,0,0,0,0,0,1595,0,63998,0,252180,0,0,323,242,845,5428,0,0,768,0,0
327,0,2,0,0,0,0,0,441000,0,0,0,0,425,768,0,0,0,0,0,0,0,0,0,0,0,0,0,0,0,0,63984,0,127432,65018,0,546,603,942,919,0,0,768,0,768
327,0,3,0,0,0,0,0,441000,0,0,0,0,429,768,0,0,0,0,0,0,0,0,0,0,0,0,0,0,0,0,63744,0,0,65023,0,198,174,0,698,0,0,0,0,768
327,0,4,0,0,0,0,0,441000,0,0,0,0,407,768,0,0,0,0,0,0,0,0,0,0,0,0,0,0,0,0,0,0,0,64895,0,82,0,198,508,1536,0,0,0,768
327,0,5,0,0,0,0,0,441000,0,0,0,0,408,768,0,0,0,0,0,0,0,0,0,0,0,0,0,0,0,0,0,0,0,64769,1561,149,0,1,745,0,0,768,0,768
327,0,6,0,0,0,0,0,441000,0,0,0,0,430,768,0,0,0,0,0,0,0,0,0,0,0,0,0,0,0,0,0,0,0,64808,0,35,609,2,658,0,0,768,0,768
327,0,7,0,0,0,0,0,441000,0,0,0,0,435,768,0,0,0,0,0,0,0,0,0,0,0,0,0,0,0,0,0,0,0,64760,0,107,169,0,931,0,0,0,0,768
327,0,8,0,0,0,0,0,441000,0,0,0,0,50,0,0,0,0,0,0,0,0,0,0,0,0,0,0,0,0,0,0,0,0,0,0,57,0,42,107,0,0,0,0,0
327,0,9,0,0,0,0,0,441000,0,0,0,0,47,0,0,0,0,0,0,0,0,0,0,0,0,0,0,0,0,0,0,0,0,0,365,41,0,0,53,0,0,0,0,0
327,0,10,0,0,0,0,0,441000,0,0,0,0,54,0,0,0,0,0,0,0,0,0,0,0,0,0,0,0,0,0,0,0,0,0,0,88,92,0,127,0,0,0,0,0
327,0,11,0,0,0,0,0,441000,0,0,0,0,54,0,0,0,0,0,0,0,0,0,0,0,0,0,0,0,0,0,0,0,0,0,0,42,38,0,95,0,0,0,0,0
327,0,12,0,0,0,0,0,441000,0,0,0,0,54,0,0,0,0,0,0,0,0,0,0,0,0,0,0,0,0,0,0,0,0,0,0,0,0,38,95,0,0,0,0,0
327,0,13,0,0,0,0,0,441000,0,0,0,0,51,0,0,0,0,0,0,0,0,0,0,0,0,0,0,0,0,0,0,0,0,0,178,0,0,0,108,0,0,0,0,0
327,0,14,0,0,0,0,0,440999,0,0,0,0,54,0,0,0,0,0,0,0,0,0,0,0,0,0,0,0,0,0,0,0,0,0,0,0,89,0,64,0,0,0,0,0
327,0,15,0,0,0,0,0,441000,0,0,0,0,51,0,0,0,0,0,0,0,0,0,0,0,0,0,0,0,0,0,0,0,0,0,0,0,29,0,101,0,0,0,0,0
328,0,0,0,0,0,0,0,1141778,0,0,4102,526336,136,0,0,0,0,0,9870,0,0,0,0,0,0,0,0,4102,4102,0,252684,0,746552,526336,0,1322,0,136,284,0,0,0,0,6144
328,0,1,0,0,0,0,0,570889,9870,0,0,0,3652,0,0,0,0,0,9870,0,0,0,0,0,0,0,0,0,2059,0,126561,0,252649,0,0,451,521,994,6548,0,0,768,0,0
328,0,2,0,0,0,0,0,570889,0,0,0,0,366,768,0,0,0,0,0,0,0,0,0,0,0,0,0,0,0,0,63983,0,127467,64769,0,574,538,934,689,0,0,768,0,768
328,0,3,0,0,0,0,0,570889,0,0,0,0,307,768,0,0,0,0,0,0,0,0,0,0,0,0,0,0,0,0,63745,0,0,65023,0,329,296,0,453,0,0,0,0,768
328,0,4,0,0,0,0,0,570889,0,0,0,0,338,768,0,0,0,0,0,0,0,0,0,0,0,0,0,0,0,0,63740,0,0,64895,0,195,0,265,604,2304,0,0,0,768
328,0,5,0,0,0,0,0,570889,0,0,0,0,397,768,0,0,0,0,0,0,0,0,0,0,0,0,0,0,0,0,63979,0,0,65076,1996,461,0,1,809,0,0,768,0,768
328,0,6,0,0,0,0,0,570888,0,0,0,0,398,768,0,0,0,0,0,0,0,0,0,0,0,0,0,0,0,0,0,0,0,64771,0,40,581,2,593,0,0,768,0,768
328,0,7,0,0,0,0,0,570889,0,0,0,0,376,768,0,0,0,0,0,0,0,0,0,0,0,0,0,0,0,0,0,0,0,64767,0,107,229,0,740,0,0,0,0,768
328,0,8,0,0,0,0,0,570889,0,0,0,0,374,768,0,0,0,0,0,0,0,0,0,0,0,0,0,0,0,0,0,0,0,64677,0,52,0,231,838,768,0,0,0,768
328,0,9,0,0,0,0,0,570889,0,0,0,0,336,768,0,0,0,0,0,0,0,0,0,0,0,0,0,0,0,0,0,0,0,64768,924,42,0,2,544,0,0,0,0,768
328,0,10,0,0,0,0,0,570889,0,0,0,0,53,0,0,0,0,0,0,0,0,0,0,0,0,0,0,0,0,0,0,0,0,0,0,85,92,0,124,0,0,0,0,0
328,0,11,0,0,0,0,0,570889,0,0,0,0,53,0,0,0,0,0,0,0,0,0,0,0,0,0,0,0,0,0,0,0,0,0,0,44,39,0,94,0,0,0,0,0
328,0,12,0,0,0,0,0,570889,0,0,0,0,47,0,0,0,0,0,0,0,0,0,0,0,0,0,0,0,0,0,0,0,0,0,0,0,0,45,93,0,0,0,0,0
328,0,13,0,0,0,0,0,570889,0,0,0,0,53,0,0,0,0,0,0,0,0,0,0,0,0,0,0,0,0,0,0,0,0,0,165,0,0,0,109,0,0,0,0,0
328,0,14,0,0,0,0,0,570889,0,0,0,0,53,0,0,0,0,0,0,0,0,0,0,0,0,0,0,0,0,0,0,0,0,0,0,0,93,0,66,0,0,0,0,0
328,0,15,0,0,0,0,0,570889,0,0,0,0,54,0,0,0,0,0,0,0,0,0,0,0,0,0,0,0,0,0,0,0,0,0,0,0,26,0,104,0,0,0,0,0
329,0,0,0,0,0,0,0,1141552,0,0,4102,526336,136,0,0,0,0,0,9873,0,0,0,0,0,0,0,0,4102,4102,0,252673,0,746391,526336,0,1322,0,136,284,0,0,0,0,6144
329,0,1,0,0,0,0,0,570776,9873,0,0,0,3739,0,0,0,0,0,9873,0,0,0,0,0,0,0,0,0,2012,0,126537,0,252545,0,0,476,505,898,6587,0,0,768,0,0
329,0,2,0,0,0,0,0,570776,0,0,0,0,344,768,0,0,0,0,0,0,0,0,0,0,0,0,0,0,0,0,63991,0,127448,64774,0,606,591,968,696,0,0,768,0,768
329,0,3,0,0,0,0,0,570776,0,0,0,0,336,768,0,0,0,0,0,0,0,0,0,0,0,0,0,0,0,0,63738,0,0,65015,0,333,266,0,445,0,0,0,0,768
329,0,4,0,0,0,0,0,570776,0,0,0,0,329,768,0,0,0,0,0,0,0,0,0,0,0,0,0,0,0,0,63687,0,0,64888,0,175,0,274,597,2304,0,0,0,768
329,0,5,0,0,0,0,0,570776,0,0,0,0,400,768,0,0,0,0,0,0,0,0,0,0,0,0,0,0,0,0,63976,0,0,65086,1991,423,0,1,825,0,0,768,0,768
329,0,6,0,0,0,0,0,570775,0,0,0,0,395,768,0,0,0,0,0,0,0,0,0,0,0,0,0,0,0,0,0,0,0,64773,0,40,587,1,558,0,0,768,0,768
329,0,7,0,0,0,0,0,570776,0,0,0,0,378,768,0,0,0,0,0,0,0,0,0,0,0,0,0,0,0,0,0,0,0,64762,0,106,227,0,740,0,0,0,0,768
329,0,8,0,0,0,0,0,570776,0,0,0,0,397,768,0,0,0,0,0,0,0,0,0,0,0,0,0,0,0,0,0,0,0,64766,0,52,0,208,881,768,0,0,0,768
329,0,9,0,0,0,0,0,570776,0,0,0,0,373,768,0,0,0,0,0,0,0,0,0,0,0,0,0,0,0,0,0,0,0,64770,911,42,0,0,619,0,0,0,0,768
329,0,10,0,0,0,0,0,570776,0,0,0,0,53,0,0,0,0,0,0,0,0,0,0,0,0,0,0,0,0,0,0,0,0,0,0,88,92,2,121,0,0,0,0,0
329,0,11,0,0,0,0,0,570776,0,0,0,0,53,0,0,0,0,0,0,0,0,0,0,0,0,0,0,0,0,0,0,0,0,0,0,43,39,0,94,0,0,0,0,0
329,0,12,0,0,0,0,0,570776,0,0,0,0,47,0,0,0,0,0,0,0,0,0,0,0,0,0,0,0,0,0,0,0,0,0,0,0,0,45,93,0,0,0,0,0
329,0,13,0,0,0,0,0,570776,0,0,0,0,53,0,0,0,0,0,0,0,0,0,0,0,0,0,0,0,0,0,0,0,0,0,166,0,0,0,109,0,0,0,0,0
329,0,14,0,0,0,0,0,570776,0,0,0,0,53,0,0,0,0,0,0,0,0,0,0,0,0,0,0,0,0,0,0,0,0,0,0,0,92,0,63,0,0,0,0,0
329,0,15,0,0,0,0,0,570776,0,0,0,0,53,0,0,0,0,0,0,0,0,0,0,0,0,0,0,0,0,0,0,0,0,0,0,0,27,0,104,0,0,0,0,0
330,0,0,0,0,0,0,0,1141772,0,0,4102,526336,136,0,0,0,0,0,9873,0,0,0,0,0,0,0,0,4102,4102,0,252720,0,746434,526336,0,1322,0,136,284,0,0,0,0,6144
330,0,1,0,0,0,0,0,570886,9873,0,0,0,3712,0,0,0,0,0,9873,0,0,0,0,0,0,0,0,0,2007,0,126477,0,252595,0,0,499,540,867,6506,0,0,768,0,0
330,0,2,0,0,0,0,0,570886,0,0,0,0,396,768,0,0,0,0,0,0,0,0,0,0,0,0,0,0,0,0,63985,0,127457,64769,0,628,627,989,736,0,0,768,0,768
330,0,3,0,0,0,0,0,570886,0,0,0,0,425,768,0,0,0,0,0,0,0,0,0,0,0,0,0,0,0,0,63672,0,0,65023,0,348,178,0,497,0,0,0,0,768
330,0,4,0,0,0,0,0,570886,0,0,0,0,367,768,0,0,0,0,0,0,0,0,0,0,0,0,0,0,0,0,63742,0,0,64886,0,227,0,236,619,2304,0,0,0,768
330,0,5,0,0,0,0,0,570886,0,0,0,0,416,768,0,0,0,0,0,0,0,0,0,0,0,0,0,0,0,0,63972,0,0,65086,2009,432,0,0,809,0,0,768,0,768
330,0,6,0,0,0,0,0,570886,0,0,0,0,372,768,0,0,0,0,0,0,0,0,0,0,0,0,0,0,0,0,0,0,0,64771,0,40,610,2,513,0,0,768,0,768
330,0,7,0,0,0,0,0,570886,0,0,0,0,378,768,0,0,0,0,0,0,0,0,0,0,0,0,0,0,0,0,0,0,0,64756,0,106,227,0,724,0,0,0,0,768
330,0,8,0,0,0,0,0,570886,0,0,0,0,400,768,0,0,0,0,0,0,0,0,0,0,0,0,0,0,0,0,0,0,0,64767,0,52,0,205,832,768,0,0,0,768
330,0,9,0,0,0,0,0,570886,0,0,0,0,392,768,0,0,0,0,0,0,0,0,0,0,0,0,0,0,0,0,0,0,0,64782,893,42,0,2,629,0,0,0,0,768
330,0,10,0,0,0,0,0,570886,0,0,0,0,53,0,0,0,0,0,0,0,0,0,0,0,0,0,0,0,0,0,0,0,0,0,0,85,92,0,124,0,0,0,0,0
330,0,11,0,0,0,0,0,570886,0,0,0,0,53,0,0,0,0,0,0,0,0,0,0,0,0,0,0,0,0,0,0,0,0,0,0,45,39,0,94,0,0,0,0,0
330,0,12,0,0,0,0,0,570886,0,0,0,0,47,0,0,0,0,0,0,0,0,0,0,0,0,0,0,0,0,0,0,0,0,0,0,0,0,45,93,0,0,0,0,0
330,0,13,0,0,0,0,0,570886,0,0,0,0,53,0,0,0,0,0,0,0,0,0,0,0,0,0,0,0,0,0,0,0,0,0,166,0,0,0,109,0,0,0,0,0
330,0,14,0,0,0,0,0,570885,0,0,0,0,53,0,0,0,0,0,0,0,0,0,0,0,0,0,0,0,0,0,0,0,0,0,0,0,92,0,66,0,0,0,0,0
330,0,15,0,0,0,0,0,570886,0,0,0,0,53,0,0,0,0,0,0,0,0,0,0,0,0,0,0,0,0,0,0,0,0,0,0,0,27,0,102,0,0,0,0,0
331,0,0,0,0,0,0,0,1391668,0,0,5128,657920,136,0,0,0,0,0,11424,0,0,0,0,0,0,0,0,5128,5128,0,252651,0,989274,657920,0,1322,0,136,284,0,0,0,0,1026047
331,0,1,0,0,0,0,0,695834,11424,0,0,0,4305,0,0,0,0,0,11424,0,0,0,0,0,0,0,0,0,2569,0,126505,0,376124,0,0,550,600,1191,7591,0,0,768,0,0
331,0,2,0,0,0,0,0,695834,0,0,0,0,390,768,0,0,0,0,0,0,0,0,0,0,0,0,0,0,0,0,127658,0,188886,64773,0,1007,598,1310,736,0,0,768,0,768
331,0,3,0,0,0,0,0,695834,0,0,0,0,390,768,0,0,0,0,0,0,0,0,0,0,0,0,0,0,0,0,126712,0,0,65012,0,365,213,0,639,0,0,0,0,768
331,0,4,0,0,0,0,0,695834,0,0,0,0,389,768,0,0,0,0,0,0,0,0,0,0,0,0,0,0,0,0,63742,0,0,64877,0,311,0,214,616,3072,0,0,0,768
331,0,5,0,0,0,0,0,695834,0,0,0,0,394,768,0,0,0,0,0,0,0,0,0,0,0,0,0,0,0,0,63980,0,0,65081,2568,428,0,1,737,0,0,768,0,768
331,0,6,0,0,0,0,0,695834,0,0,0,0,386,768,0,0,0,0,0,0,0,0,0,0,0,0,0,0,0,0,63505,0,0,65004,0,204,611,1,499,0,0,768,0,768
331,0,7,0,0,0,0,0,695834,0,0,0,0,392,768,0,0,0,0,0,0,0,0,0,0,0,0,0,0,0,0,63528,0,0,64744,0,575,212,0,769,0,0,0,0,768
331,0,8,0,0,0,0,0,695834,0,0,0,0,404,768,0,0,0,0,0,0,0,0,0,0,0,0,0,0,0,0,0,0,0,64752,0,52,0,201,752,1536,0,0,0,768
331,0,9,0,0,0,0,0,695834,0,0,0,0,403,768,0,0,0,0,0,0,0,0,0,0,0,0,0,0,0,0,0,0,0,64768,1398,41,0,1,645,0,0,768,0,768
331,0,10,0,0,0,0,0,695834,0,0,0,0,398,768,0,0,0,0,0,0,0,0,0,0,0,0,0,0,0,0,0,0,0,65020,0,86,605,1,819,0,0,768,0,768
331,0,11,0,0,0,0,0,695834,0,0,0,0,399,768,0,0,0,0,0,0,0,0,0,0,0,0,0,0,0,0,0,0,0,65015,0,40,206,0,491,0,0,0,0,768
331,0,12,0,0,0,0,0,695834,0,0,0,0,46,0,0,0,0,0,0,0,0,0,0,0,0,0,0,0,0,0,0,0,0,0,0,0,0,46,92,0,0,0,0,0
331,0,13,0,0,0,0,0,695834,0,0,0,0,53,0,0,0,0,0,0,0,0,0,0,0,0,0,0,0,0,0,0,0,0,0,166,0,0,0,110,0,0,0,0,0
331,0,14,0,0,0,0,0,695834,0,0,0,0,52,0,0,0,0,0,0,0,0,0,0,0,0,0,0,0,0,0,0,0,0,0,0,0,91,0,64,0,0,0,0,0
331,0,15,0,0,0,0,0,695834,0,0,0,0,51,0,0,0,0,0,0,0,0,0,0,0,0,0,0,0,0,0,0,0,0,0,0,0,29,0,107,0,0,0,0,0
332,0,0,0,0,0,0,0,1391828,0,0,5134,657920,136,0,0,0,0,0,11427,0,0,0,0,0,0,0,0,5134,5134,0,252618,0,989281,657920,0,1322,0,136,284,0,0,0,0,1026162
332,0,1,0,0,0,0,0,695914,11427,0,0,0,4296,0,0,0,0,0,11427,0,0,0,0,0,0,0,0,0,2573,0,126490,0,376158,0,0,543,608,1199,7562,0,0,768,0,0
332,0,2,0,0,0,0,0,695914,0,0,0,0,387,768,0,0,0,0,0,0,0,0,0,0,0,0,0,0,0,0,127670,0,188886,64770,0,1001,601,1315,726,0,0,768,0,768
332,0,3,0,0,0,0,0,695914,0,0,0,0,390,768,0,0,0,0,0,0,0,0,0,0,0,0,0,0,0,0,126708,0,0,65009,0,369,213,0,630,0,0,0,0,768
332,0,4,0,0,0,0,0,695914,0,0,0,0,379,768,0,0,0,0,0,0,0,0,0,0,0,0,0,0,0,0,63732,0,0,64873,0,309,0,224,618,3072,0,0,0,768
332,0,5,0,0,0,0,0,695914,0,0,0,0,384,768,0,0,0,0,0,0,0,0,0,0,0,0,0,0,0,0,63975,0,0,65083,2585,435,0,1,727,0,0,768,0,768
332,0,6,0,0,0,0,0,695913,0,0,0,0,394,768,0,0,0,0,0,0,0,0,0,0,0,0,0,0,0,0,63518,0,0,65007,0,208,609,1,509,0,0,768,0,768
332,0,7,0,0,0,0,0,695914,0,0,0,0,398,768,0,0,0,0,0,0,0,0,0,0,0,0,0,0,0,0,63527,0,0,64745,0,579,206,0,767,0,0,0,0,768
332,0,8,0,0,0,0,0,695914,0,0,0,0,392,768,0,0,0,0,0,0,0,0,0,0,0,0,0,0,0,0,0,0,0,64754,0,52,0,213,742,1536,0,0,0,768
332,0,9,0,0,0,0,0,695914,0,0,0,0,407,768,0,0,0,0,0,0,0,0,0,0,0,0,0,0,0,0,0,0,0,64770,1383,42,0,0,641,0,0,768,0,768
332,0,10,0,0,0,0,0,695914,0,0,0,0,395,768,0,0,0,0,0,0,0,0,0,0,0,0,0,0,0,0,0,0,0,65020,0,85,605,2,813,0,0,768,0,768
332,0,11,0,0,0,0,0,695914,0,0,0,0,395,768,0,0,0,0,0,0,0,0,0,0,0,0,0,0,0,0,0,0,0,65013,0,43,209,0,480,0,0,0,0,768
332,0,12,0,0,0,0,0,695914,0,0,0,0,47,0,0,0,0,0,0,0,0,0,0,0,0,0,0,0,0,0,0,0,0,0,0,0,0,45,93,0,0,0,0,0
332,0,13,0,0,0,0,0,695914,0,0,0,0,53,0,0,0,0,0,0,0,0,0,0,0,0,0,0,0,0,0,0,0,0,0,166,0,0,0,109,0,0,0,0,0
332,0,14,0,0,0,0,0,695914,0,0,0,0,53,0,0,0,0,0,0,0,0,0,0,0,0,0,0,0,0,0,0,0,0,0,0,0,92,0,66,0,0,0,0,0
332,0,15,0,0,0,0,0,695914,0,0,0,0,53,0,0,0,0,0,0,0,0,0,0,0,0,0,0,0,0,0,0,0,0,0,0,0,27,0,106,0,0,0,0,0
333,0,0,0,0,0,0,0,1391543,0,0,5128,657920,136,0,0,0,0,0,11421,0,0,0,0,0,0,0,0,5128,5128,0,252620,0,989255,657920,0,1322,0,136,284,0,0,0,0,1026076
333,0,1,0,0,0,0,0,695772,11421,0,0,0,4311,0,0,0,0,0,11421,0,0,0,0,0,0,0,0,0,2587,0,126495,0,376155,0,0,538,607,1190,7562,0,0,768,0,0
333,0,2,0,0,0,0,0,695772,0,0,0,0,384,768,0,0,0,0,0,0,0,0,0,0,0,0,0,0,0,0,127663,0,188880,64772,0,1008,604,1320,721,0,0,768,0,768
333,0,3,0,0,0,0,0,695772,0,0,0,0,390,768,0,0,0,0,0,0,0,0,0,0,0,0,0,0,0,0,126708,0,0,65008,0,376,212,0,619,0,0,0,0,768
333,0,4,0,0,0,0,0,695772,0,0,0,0,381,768,0,0,0,0,0,0,0,0,0,0,0,0,0,0,0,0,63739,0,0,64872,0,311,0,222,617,3072,0,0,0,768
333,0,5,0,0,0,0,0,695772,0,0,0,0,382,768,0,0,0,0,0,0,0,0,0,0,0,0,0,0,0,0,63972,0,0,65082,2597,436,0,1,730,0,0,768,0,768
333,0,6,0,0,0,0,0,695772,0,0,0,0,384,768,0,0,0,0,0,0,0,0,0,0,0,0,0,0,0,0,63521,0,0,65005,0,203,611,2,497,0,0,768,0,768
333,0,7,0,0,0,0,0,695772,0,0,0,0,391,768,0,0,0,0,0,0,0,0,0,0,0,0,0,0,0,0,63522,0,0,64747,0,575,213,0,756,0,0,0,0,768
333,0,8,0,0,0,0,0,695772,0,0,0,0,384,768,0,0,0,0,0,0,0,0,0,0,0,0,0,0,0,0,0,0,0,64755,0,52,0,221,732,1536,0,0,0,768
333,0,9,0,0,0,0,0,695772,0,0,0,0,403,768,0,0,0,0,0,0,0,0,0,0,0,0,0,0,0,0,0,0,0,64773,1373,40,0,0,638,0,0,768,0,768
333,0,10,0,0,0,0,0,695772,0,0,0,0,389,768,0,0,0,0,0,0,0,0,0,0,0,0,0,0,0,0,0,0,0,65020,0,90,607,3,807,0,0,768,0,768
333,0,11,0,0,0,0,0,695772,0,0,0,0,392,768,0,0,0,0,0,0,0,0,0,0,0,0,0,0,0,0,0,0,0,65013,0,40,212,0,483,0,0,0,0,768
333,0,12,0,0,0,0,0,695772,0,0,0,0,48,0,0,0,0,0,0,0,0,0,0,0,0,0,0,0,0,0,0,0,0,0,0,0,0,44,94,0,0,0,0,0
333,0,13,0,0,0,0,0,695772,0,0,0,0,54,0,0,0,0,0,0,0,0,0,0,0,0,0,0,0,0,0,0,0,0,0,170,0,0,0,112,0,0,0,0,0
333,0,14,0,0,0,0,0,695771,0,0,0,0,52,0,0,0,0,0,0,0,0,0,0,0,0,0,0,0,0,0,0,0,0,0,0,0,88,0,60,0,0,0,0,0
333,0,15,0,0,0,0,0,695772,0,0,0,0,48,0,0,0,0,0,0,0,0,0,0,0,0,0,0,0,0,0,0,0,0,0,0,0,32,0,104,0,0,0,0,0
334,0,0,0,0,0,0,0,1767800,0,0,6666,855296,136,0,0,0,0,0,13746,0,0,0,0,0,0,0,0,6666,6666,0,376138,0,1228592,855296,0,1879,0,136,284,0,0,0,0,1652116
334,0,1,0,0,0,0,0,883900,13746,0,0,0,5635,0,0,0,0,0,13746,0,0,0,0,0,0,0,0,0,3602,0,188048,0,435834,0,0,611,662,1279,9564,0,0,768,0,0
334,0,2,0,0,0,0,0,883900,0,0,0,0,330,768,0,0,0,0,0,0,0,0,0,0,0,0,0,0,0,0,189159,0,188172,64891,0,1317,523,1313,702,0,0,768,0,768
334,0,3,0,0,0,0,0,883900,0,0,0,0,332,768,0,0,0,0,0,0,0,0,0,0,0,0,0,0,0,0,126560,0,0,64919,0,409,190,0,483,0,0,0,0,768
334,0,4,0,0,0,0,0,883900,0,0,0,0,391,768,0,0,0,0,0,0,0,0,0,0,0,0,0,0,0,0,126598,0,0,64869,0,421,0,226,564,692329,0,0,0,768
334,0,5,0,0,0,0,0,883900,0,0,0,0,384,768,0,0,0,0,0,0,0,0,0,0,0,0,0,0,0,0,126865,0,0,65053,3532,864,0,1,788,0,0,768,0,768
334,0,6,0,0,0,0,0,883899,0,0,0,0,396,768,0,0,0,0,0,0,0,0,0,0,0,0,0,0,0,0,126676,0,0,64987,0,409,632,1,551,0,0,768,0,768
334,0,7,0,0,0,0,0,883900,0,0,0,0,410,768,0,0,0,0,0,0,0,0,0,0,0,0,0,0,0,0,63512,0,0,64780,0,479,209,0,866,0,0,0,0,768
334,0,8,0,0,0,0,0,883900,0,0,0,0,409,768,0,0,0,0,0,0,0,0,0,0,0,0,0,0,0,0,63525,0,0,64745,0,404,0,210,838,3072,0,0,0,768
334,0,9,0,0,0,0,0,883900,0,0,0,0,419,768,0,0,0,0,0,0,0,0,0,0,0,0,0,0,0,0,63540,0,0,64795,2101,198,0,1,611,0,0,768,0,768
334,0,10,0,0,0,0,0,883900,0,0,0,0,404,768,0,0,0,0,0,0,0,0,0,0,0,0,0,0,0,0,63938,0,0,64792,0,434,628,2,815,0,0,768,0,768
334,0,11,0,0,0,0,0,883900,0,0,0,0,415,768,0,0,0,0,0,0,0,0,0,0,0,0,0,0,0,0,0,0,0,64972,0,41,204,0,615,0,0,0,0,768
334,0,12,0,0,0,0,0,883900,0,0,0,0,393,768,0,0,0,0,0,0,0,0,0,0,0,0,0,0,0,0,0,0,0,64982,0,0,0,226,616,768,0,0,0,768
334,0,13,0,0,0,0,0,883900,0,0,0,0,405,768,0,0,0,0,0,0,0,0,0,0,0,0,0,0,0,0,0,0,0,64997,1049,0,0,2,834,0,0,768,0,768
334,0,14,0,0,0,0,0,883900,0,0,0,0,407,768,0,0,0,0,0,0,0,0,0,0,0,0,0,0,0,0,0,0,0,64814,0,0,254,0,600,0,0,0,0,768
334,0,15,0,0,0,0,0,883900,0,0,0,0,42,0,0,0,0,0,0,0,0,0,0,0,0,0,0,0,0,0,0,0,0,0,0,0,38,0,100,0,0,0,0,0
335,0,0,0,0,0,0,0,1767802,0,0,6666,855296,136,0,0,0,0,0,13746,0,0,0,0,0,0,0,0,6666,6666,0,376116,0,1228460,855296,0,1879,0,136,284,0,0,0,0,1652082
335,0,1,0,0,0,0,0,883901,13746,0,0,0,5635,0,0,0,0,0,13746,0,0,0,0,0,0,0,0,0,3565,0,188002,0,435791,0,0,603,658,1291,9574,0,0,768,0,0
335,0,2,0,0,0,0,0,883901,0,0,0,0,332,768,0,0,0,0,0,0,0,0,0,0,0,0,0,0,0,0,189110,0,188198,64884,0,1337,522,1292,693,0,0,768,0,768
335,0,3,0,0,0,0,0,883901,0,0,0,0,333,768,0,0,0,0,0,0,0,0,0,0,0,0,0,0,0,0,126588,0,0,64926,0,415,189,0,499,0,0,0,0,768
335,0,4,0,0,0,0,0,883901,0,0,0,0,408,768,0,0,0,0,0,0,0,0,0,0,0,0,0,0,0,0,126584,0,0,64871,0,417,0,209,589,692413,0,0,0,768
335,0,5,0,0,0,0,0,883901,0,0,0,0,400,768,0,0,0,0,0,0,0,0,0,0,0,0,0,0,0,0,126857,0,0,65048,3523,854,0,2,822,0,0,768,0,768
335,0,6,0,0,0,0,0,883901,0,0,0,0,403,768,0,0,0,0,0,0,0,0,0,0,0,0,0,0,0,0,126645,0,0,64983,0,381,624,0,566,0,0,768,0,768
335,0,7,0,0,0,0,0,883901,0,0,0,0,409,768,0,0,0,0,0,0,0,0,0,0,0,0,0,0,0,0,63514,0,0,64781,0,474,210,0,865,0,0,0,0,768
335,0,8,0,0,0,0,0,883901,0,0,0,0,407,768,0,0,0,0,0,0,0,0,0,0,0,0,0,0,0,0,63514,0,0,64747,0,403,0,212,841,3073,0,0,0,768
335,0,9,0,0,0,0,0,883901,0,0,0,0,409,768,0,0,0,0,0,0,0,0,0,0,0,0,0,0,0,0,63533,0,0,64786,2118,207,0,1,602,0,0,768,0,768
335,0,10,0,0,0,0,0,883901,0,0,0,0,409,768,0,0,0,0,0,0,0,0,0,0,0,0,0,0,0,0,63929,0,0,64797,0,438,606,2,844,0,0,768,0,768
335,0,11,0,0,0,0,0,883901,0,0,0,0,398,768,0,0,0,0,0,0,0,0,0,0,0,0,0,0,0,0,0,0,0,64979,0,44,221,0,600,0,0,0,0,768
335,0,12,0,0,0,0,0,883901,0,0,0,0,416,768,0,0,0,0,0,0,0,0,0,0,0,0,0,0,0,0,0,0,0,64986,0,0,0,203,640,768,0,0,0,768
335,0,13,0,0,0,0,0,883901,0,0,0,0,400,768,0,0,0,0,0,0,0,0,0,0,0,0,0,0,0,0,0,0,0,64995,1062,0,0,2,820,0,0,768,0,768
335,0,14,0,0,0,0,0,883901,0,0,0,0,405,768,0,0,0,0,0,0,0,0,0,0,0,0,0,0,0,0,0,0,0,64806,0,0,269,0,594,0,0,0,0,768
335,0,15,0,0,0,0,0,883901,0,0,0,0,55,0,0,0,0,0,0,0,0,0,0,0,0,0,0,0,0,0,0,0,0,0,0,0,25,0,110,0,0,0,0,0
336,0,0,0,0,0,0,0,1767446,0,0,6666,855296,136,0,0,0,0,0,13749,0,0,0,0,0,0,0,0,6666,6666,0,376080,0,1228464,855296,0,1879,0,136,284,0,0,0,0,1651811
336,0,1,0,0,0,0,0,883723,13749,0,0,0,5673,0,0,0,0,0,13749,0,0,0,0,0,0,0,0,0,3596,0,188016,0,435799,0,0,600,670,1244,9593,0,0,768,0,0
336,0,2,0,0,0,0,0,883723,0,0,0,0,338,768,0,0,0,0,0,0,0,0,0,0,0,0,0,0,0,0,189101,0,188205,64877,0,1332,528,1333,710,0,0,768,0,768
336,0,3,0,0,0,0,0,883723,0,0,0,0,345,768,0,0,0,0,0,0,0,0,0,0,0,0,0,0,0,0,126607,0,0,64922,0,396,177,0,489,0,0,0,0,768
336,0,4,0,0,0,0,0,883723,0,0,0,0,399,768,0,0,0,0,0,0,0,0,0,0,0,0,0,0,0,0,126575,0,0,64875,0,432,0,218,570,692252,0,0,0,768
336,0,5,0,0,0,0,0,883723,0,0,0,0,386,768,0,0,0,0,0,0,0,0,0,0,0,0,0,0,0,0,126868,0,0,65048,3536,865,0,1,800,0,0,768,0,768
336,0,6,0,0,0,0,0,883722,0,0,0,0,408,768,0,0,0,0,0,0,0,0,0,0,0,0,0,0,0,0,126633,0,0,64982,0,391,632,2,566,0,0,768,0,768
336,0,7,0,0,0,0,0,883723,0,0,0,0,423,768,0,0,0,0,0,0,0,0,0,0,0,0,0,0,0,0,63543,0,0,64770,0,491,196,0,879,0,0,0,0,768
336,0,8,0,0,0,0,0,883723,0,0,0,0,405,768,0,0,0,0,0,0,0,0,0,0,0,0,0,0,0,0,63528,0,0,64734,0,392,0,214,835,3072,0,0,0,768
336,0,9,0,0,0,0,0,883723,0,0,0,0,397,768,0,0,0,0,0,0,0,0,0,0,0,0,0,0,0,0,63535,0,0,64792,2103,199,0,1,587,0,0,768,0,768
336,0,10,0,0,0,0,0,883723,0,0,0,0,412,768,0,0,0,0,0,0,0,0,0,0,0,0,0,0,0,0,63911,0,0,64792,0,438,621,1,837,0,0,768,0,768
336,0,11,0,0,0,0,0,883723,0,0,0,0,415,768,0,0,0,0,0,0,0,0,0,0,0,0,0,0,0,0,0,0,0,64984,0,46,204,0,599,0,0,0,0,768
336,0,12,0,0,0,0,0,883723,0,0,0,0,405,768,0,0,0,0,0,0,0,0,0,0,0,0,0,0,0,0,0,0,0,64989,0,0,0,214,640,768,0,0,0,768
336,0,13,0,0,0,0,0,883723,0,0,0,0,404,768,0,0,0,0,0,0,0,0,0,0,0,0,0,0,0,0,0,0,0,64995,1072,0,0,1,832,0,0,768,0,768
336,0,14,0,0,0,0,0,883723,0,0,0,0,415,768,0,0,0,0,0,0,0,0,0,0,0,0,0,0,0,0,0,0,0,64801,0,0,245,1,604,0,0,0,0,768
336,0,15,0,0,0,0,0,883723,0,0,0,0,41,0,0,0,0,0,0,0,0,0,0,0,0,0,0,0,0,0,0,0,0,0,0,0,39,0,93,0,0,0,0,0
337,0,0,0,0,0,0,0,244710,0,0,258,65664,136,0,0,0,0,0,4062,0,0,0,0,0,0,0,0,258,258,0,0,0,128274,65664,0,294,0,136,284,0,0,0,0,384
337,0,1,0,0,0,0,0,122355,4062,0,0,0,1307,0,0,0,0,0,4062,0,0,0,0,0,0,0,0,0,15,0,0,0,64732,0,0,84,170,206,2239,0,0,384,0,0
337,0,2,0,0,0,0,0,122355,0,0,0,0,264,384,0,0,0,0,0,0,0,0,0,0,0,0,0,0,0,0,0,0,0,65143,0,249,131,283,558,0,0,0,0,384
337,0,3,0,0,0,0,0,122355,0,0,0,0,47,0,0,0,0,0,0,0,0,0,0,0,0,0,0,0,0,0,0,0,0,0,0,91,45,0,54,0,0,0,0,0
337,0,4,0,0,0,0,0,122355,0,0,0,0,47,0,0,0,0,0,0,0,0,0,0,0,0,0,0,0,0,0,0,0,0,0,0,87,0,45,62,0,0,0,0,0
337,0,5,0,0,0,0,0,122355,0,0,0,0,47,0,0,0,0,0,0,0,0,0,0,0,0,0,0,0,0,0,0,0,0,0,537,148,0,0,109,0,0,0,0,0
337,0,6,0,0,0,0,0,122355,0,0,0,0,47,0,0,0,0,0,0,0,0,0,0,0,0,0,0,0,0,0,0,0,0,0,0,40,98,0,52,0,0,0,0,0
337,0,7,0,0,0,0,0,122355,0,0,0,0,53,0,0,0,0,0,0,0,0,0,0,0,0,0,0,0,0,0,0,0,0,0,0,105,39,0,140,0,0,0,0,0
337,0,8,0,0,0,0,0,122355,0,0,0,0,50,0,0,0,0,0,0,0,0,0,0,0,0,0,0,0,0,0,0,0,0,0,0,52,0,42,107,0,0,0,0,0
337,0,9,0,0,0,0,0,122355,0,0,0,0,47,0,0,0,0,0,0,0,0,0,0,0,0,0,0,0,0,0,0,0,0,0,365,42,0,0,53,0,0,0,0,0
337,0,10,0,0,0,0,0,122355,0,0,0,0,53,0,0,0,0,0,0,0,0,0,0,0,0,0,0,0,0,0,0,0,0,0,0,91,92,0,118,0,0,0,0,0
337,0,11,0,0,0,0,0,122355,0,0,0,0,53,0,0,0,0,0,0,0,0,0,0,0,0,0,0,0,0,0,0,0,0,0,0,39,39,0,94,0,0,0,0,0
337,0,12,0,0,0,0,0,122355,0,0,0,0,47,0,0,0,0,0,0,0,0,0,0,0,0,0,0,0,0,0,0,0,0,0,0,0,0,45,93,0,0,0,0,0
337,0,13,0,0,0,0,0,122355,0,0,0,0,53,0,0,0,0,0,0,0,0,0,0,0,0,0,0,0,0,0,0,0,0,0,178,0,0,0,109,0,0,0,0,0
337,0,14,0,0,0,0,0,122355,0,0,0,0,53,0,0,0,0,0,0,0,0,0,0,0,0,0,0,0,0,0,0,0,0,0,0,0,80,0,60,0,0,0,0,0
337,0,15,0,0,0,0,0,122355,0,0,0,0,41,0,0,0,0,0,0,0,0,0,0,0,0,0,0,0,0,0,0,0,0,0,0,0,39,0,89,0,0,0,0,0
338,0,0,0,0,0,0,0,244755,0,0,258,65664,136,0,0,0,0,0,4065,0,0,0,0,0,0,0,0,258,258,0,0,0,128289,65664,0,294,0,136,284,0,0,0,0,384
338,0,1,0,0,0,0,0,122378,4065,0,0,0,1295,0,0,0,0,0,4065,0,0,0,0,0,0,0,0,0,12,0,0,0,64733,0,0,76,172,224,2233,0,0,384,0,0
338,0,2,0,0,0,0,0,122378,0,0,0,0,260,384,0,0,0,0,0,0,0,0,0,0,0,0,0,0,0,0,0,0,0,65146,0,255,136,267,545,0,0,0,0,384
338,0,3,0,0,0,0,0,122378,0,0,0,0,47,0,0,0,0,0,0,0,0,0,0,0,0,0,0,0,0,0,0,0,0,0,0,100,45,0,61,0,0,0,0,0
338,0,4,0,0,0,0,0,122378,0,0,0,0,47,0,0,0,0,0,0,0,0,0,0,0,0,0,0,0,0,0,0,0,0,0,0,87,0,45,69,0,0,0,0,0
338,0,5,0,0,0,0,0,122378,0,0,0,0,47,0,0,0,0,0,0,0,0,0,0,0,0,0,0,0,0,0,0,0,0,0,526,148,0,0,117,0,0,0,0,0
338,0,6,0,0,0,0,0,122377,0,0,0,0,47,0,0,0,0,0,0,0,0,0,0,0,0,0,0,0,0,0,0,0,0,0,0,34,98,0,52,0,0,0,0,0
338,0,7,0,0,0,0,0,122378,0,0,0,0,53,0,0,0,0,0,0,0,0,0,0,0,0,0,0,0,0,0,0,0,0,0,0,104,39,0,132,0,0,0,0,0
338,0,8,0,0,0,0,0,122378,0,0,0,0,50,0,0,0,0,0,0,0,0,0,0,0,0,0,0,0,0,0,0,0,0,0,0,52,0,42,107,0,0,0,0,0
338,0,9,0,0,0,0,0,122378,0,0,0,0,47,0,0,0,0,0,0,0,0,0,0,0,0,0,0,0,0,0,0,0,0,0,376,42,0,0,53,0,0,0,0,0
338,0,10,0,0,0,0,0,122378,0,0,0,0,53,0,0,0,0,0,0,0,0,0,0,0,0,0,0,0,0,0,0,0,0,0,0,89,92,0,126,0,0,0,0,0
338,0,11,0,0,0,0,0,122378,0,0,0,0,53,0,0,0,0,0,0,0,0,0,0,0,0,0,0,0,0,0,0,0,0,0,0,40,39,0,94,0,0,0,0,0
338,0,12,0,0,0,0,0,122378,0,0,0,0,47,0,0,0,0,0,0,0,0,0,0,0,0,0,0,0,0,0,0,0,0,0,0,0,0,45,93,0,0,0,0,0
338,0,13,0,0,0,0,0,122378,0,0,0,0,53,0,0,0,0,0,0,0,0,0,0,0,0,0,0,0,0,0,0,0,0,0,167,0,0,0,109,0,0,0,0,0
338,0,14,0,0,0,0,0,122378,0,0,0,0,53,0,0,0,0,0,0,0,0,0,0,0,0,0,0,0,0,0,0,0,0,0,0,0,91,0,62,0,0,0,0,0
338,0,15,0,0,0,0,0,122378,0,0,0,0,52,0,0,0,0,0,0,0,0,0,0,0,0,0,0,0,0,0,0,0,0,0,0,0,28,0,99,0,0,0,0,0
339,0,0,0,0,0,0,0,244745,0,0,258,65664,136,0,0,0,0,0,4065,0,0,0,0,0,0,0,0,258,258,0,0,0,128283,65664,0,294,0,136,284,0,0,0,0,384
339,0,1,0,0,0,0,0,122373,4065,0,0,0,1307,0,0,0,0,0,4065,0,0,0,0,0,0,0,0,0,8,0,0,0,64731,0,0,84,171,205,2240,0,0,384,0,0
339,0,2,0,0,0,0,0,122373,0,0,0,0,266,384,0,0,0,0,0,0,0,0,0,0,0,0,0,0,0,0,0,0,0,65143,0,249,130,282,561,0,0,0,0,384
339,0,3,0,0,0,0,0,122373,0,0,0,0,47,0,0,0,0,0,0,0,0,0,0,0,0,0,0,0,0,0,0,0,0,0,0,92,45,0,54,0,0,0,0,0
339,0,4,0,0,0,0,0,122373,0,0,0,0,47,0,0,0,0,0,0,0,0,0,0,0,0,0,0,0,0,0,0,0,0,0,0,87,0,45,62,0,0,0,0,0
339,0,5,0,0,0,0,0,122373,0,0,0,0,47,0,0,0,0,0,0,0,0,0,0,0,0,0,0,0,0,0,0,0,0,0,537,148,0,0,109,0,0,0,0,0
339,0,6,0,0,0,0,0,122373,0,0,0,0,47,0,0,0,0,0,0,0,0,0,0,0,0,0,0,0,0,0,0,0,0,0,0,40,98,0,52,0,0,0,0,0
339,0,7,0,0,0,0,0,122373,0,0,0,0,53,0,0,0,0,0,0,0,0,0,0,0,0,0,0,0,0,0,0,0,0,0,0,104,39,0,140,0,0,0,0,0
339,0,8,0,0,0,0,0,122373,0,0,0,0,50,0,0,0,0,0,0,0,0,0,0,0,0,0,0,0,0,0,0,0,0,0,0,52,0,42,107,0,0,0,0,0
339,0,9,0,0,0,0,0,122373,0,0,0,0,47,0,0,0,0,0,0,0,0,0,0,0,0,0,0,0,0,0,0,0,0,0,365,42,0,0,53,0,0,0,0,0
339,0,10,0,0,0,0,0,122373,0,0,0,0,53,0,0,0,0,0,0,0,0,0,0,0,0,0,0,0,0,0,0,0,0,0,0,91,92,0,118,0,0,0,0,0
339,0,11,0,0,0,0,0,122373,0,0,0,0,53,0,0,0,0,0,0,0,0,0,0,0,0,0,0,0,0,0,0,0,0,0,0,40,39,0,94,0,0,0,0,0
339,0,12,0,0,0,0,0,122373,0,0,0,0,47,0,0,0,0,0,0,0,0,0,0,0,0,0,0,0,0,0,0,0,0,0,0,0,0,45,93,0,0,0,0,0
339,0,13,0,0,0,0,0,122373,0,0,0,0,53,0,0,0,0,0,0,0,0,0,0,0,0,0,0,0,0,0,0,0,0,0,178,0,0,0,109,0,0,0,0,0
339,0,14,0,0,0,0,0,122372,0,0,0,0,53,0,0,0,0,0,0,0,0,0,0,0,0,0,0,0,0,0,0,0,0,0,0,0,80,0,60,0,0,0,0,0
339,0,15,0,0,0,0,0,122373,0,0,0,0,41,0,0,0,0,0,0,0,0,0,0,0,0,0,0,0,0,0,0,0,0,0,0,0,39,0,88,0,0,0,0,0
340,0,0,0,0,0,0,0,361872,0,0,514,131328,136,0,0,0,0,0,4455,0,0,0,0,0,0,0,0,514,514,0,0,0,256056,131328,0,294,0,136,284,0,0,0,0,768
340,0,1,0,0,0,0,0,180936,4455,0,0,0,1428,0,0,0,0,0,4455,0,0,0,0,0,0,0,0,0,291,0,0,0,129069,0,0,76,172,348,2412,0,0,384,0,0
340,0,2,0,0,0,0,0,180936,0,0,0,0,226,384,0,0,0,0,0,0,0,0,0,0,0,0,0,0,0,0,0,0,64757,65152,0,255,344,430,481,0,0,384,0,384
340,0,3,0,0,0,0,0,180936,0,0,0,0,223,384,0,0,0,0,0,0,0,0,0,0,0,0,0,0,0,0,0,0,0,65176,0,101,125,0,333,0,0,0,0,384
340,0,4,0,0,0,0,0,180936,0,0,0,0,47,0,0,0,0,0,0,0,0,0,0,0,0,0,0,0,0,0,0,0,0,0,0,87,0,45,70,0,0,0,0,0
340,0,5,0,0,0,0,0,180936,0,0,0,0,47,0,0,0,0,0,0,0,0,0,0,0,0,0,0,0,0,0,0,0,0,0,526,148,0,0,117,0,0,0,0,0
340,0,6,0,0,0,0,0,180936,0,0,0,0,47,0,0,0,0,0,0,0,0,0,0,0,0,0,0,0,0,0,0,0,0,0,0,34,98,0,52,0,0,0,0,0
340,0,7,0,0,0,0,0,180936,0,0,0,0,53,0,0,0,0,0,0,0,0,0,0,0,0,0,0,0,0,0,0,0,0,0,0,104,39,0,132,0,0,0,0,0
340,0,8,0,0,0,0,0,180936,0,0,0,0,50,0,0,0,0,0,0,0,0,0,0,0,0,0,0,0,0,0,0,0,0,0,0,52,0,42,107,0,0,0,0,0
340,0,9,0,0,0,0,0,180936,0,0,0,0,47,0,0,0,0,0,0,0,0,0,0,0,0,0,0,0,0,0,0,0,0,0,376,42,0,0,53,0,0,0,0,0
340,0,10,0,0,0,0,0,180936,0,0,0,0,53,0,0,0,0,0,0,0,0,0,0,0,0,0,0,0,0,0,0,0,0,0,0,89,92,0,126,0,0,0,0,0
340,0,11,0,0,0,0,0,180936,0,0,0,0,53,0,0,0,0,0,0,0,0,0,0,0,0,0,0,0,0,0,0,0,0,0,0,41,39,0,94,0,0,0,0,0
340,0,12,0,0,0,0,0,180936,0,0,0,0,47,0,0,0,0,0,0,0,0,0,0,0,0,0,0,0,0,0,0,0,0,0,0,0,0,45,93,0,0,0,0,0
340,0,13,0,0,0,0,0,180936,0,0,0,0,53,0,0,0,0,0,0,0,0,0,0,0,0,0,0,0,0,0,0,0,0,0,167,0,0,0,109,0,0,0,0,0
340,0,14,0,0,0,0,0,180936,0,0,0,0,53,0,0,0,0,0,0,0,0,0,0,0,0,0,0,0,0,0,0,0,0,0,0,0,91,0,62,0,0,0,0,0
340,0,15,0,0,0,0,0,180936,0,0,0,0,52,0,0,0,0,0,0,0,0,0,0,0,0,0,0,0,0,0,0,0,0,0,0,0,28,0,99,0,0,0,0,0
341,0,0,0,0,0,0,0,361929,0,0,514,131328,136,0,0,0,0,0,4455,0,0,0,0,0,0,0,0,514,514,0,0,0,255834,131328,0,294,0,136,284,0,0,0,0,768
341,0,1,0,0,0,0,0,180965,4455,0,0,0,1394,0,0,0,0,0,4455,0,0,0,0,0,0,0,0,0,284,0,0,0,128986,0,0,78,168,384,2379,0,0,384,0,0
341,0,2,0,0,0,0,0,180965,0,0,0,0,242,384,0,0,0,0,0,0,0,0,0,0,0,0,0,0,0,0,0,0,64723,65152,0,249,344,421,476,0,0,384,0,384
341,0,3,0,0,0,0,0,180965,0,0,0,0,239,384,0,0,0,0,0,0,0,0,0,0,0,0,0,0,0,0,0,0,0,65164,0,99,109,0,360,0,0,0,0,384
341,0,4,0,0,0,0,0,180965,0,0,0,0,47,0,0,0,0,0,0,0,0,0,0,0,0,0,0,0,0,0,0,0,0,0,0,87,0,45,68,0,0,0,0,0
341,0,5,0,0,0,0,0,180965,0,0,0,0,47,0,0,0,0,0,0,0,0,0,0,0,0,0,0,0,0,0,0,0,0,0,525,148,0,0,115,0,0,0,0,0
341,0,6,0,0,0,0,0,180964,0,0,0,0,47,0,0,0,0,0,0,0,0,0,0,0,0,0,0,0,0,0,0,0,0,0,0,40,98,0,52,0,0,0,0,0
341,0,7,0,0,0,0,0,180965,0,0,0,0,53,0,0,0,0,0,0,0,0,0,0,0,0,0,0,0,0,0,0,0,0,0,0,104,39,0,134,0,0,0,0,0
341,0,8,0,0,0,0,0,180965,0,0,0,0,50,0,0,0,0,0,0,0,0,0,0,0,0,0,0,0,0,0,0,0,0,0,0,52,0,42,107,0,0,0,0,0
341,0,9,0,0,0,0,0,180965,0,0,0,0,47,0,0,0,0,0,0,0,0,0,0,0,0,0,0,0,0,0,0,0,0,0,377,42,0,0,53,0,0,0,0,0
341,0,10,0,0,0,0,0,180965,0,0,0,0,53,0,0,0,0,0,0,0,0,0,0,0,0,0,0,0,0,0,0,0,0,0,0,85,92,0,124,0,0,0,0,0
341,0,11,0,0,0,0,0,180965,0,0,0,0,53,0,0,0,0,0,0,0,0,0,0,0,0,0,0,0,0,0,0,0,0,0,0,41,39,0,94,0,0,0,0,0
341,0,12,0,0,0,0,0,180965,0,0,0,0,47,0,0,0,0,0,0,0,0,0,0,0,0,0,0,0,0,0,0,0,0,0,0,0,0,45,93,0,0,0,0,0
341,0,13,0,0,0,0,0,180965,0,0,0,0,53,0,0,0,0,0,0,0,0,0,0,0,0,0,0,0,0,0,0,0,0,0,166,0,0,0,109,0,0,0,0,0
341,0,14,0,0,0,0,0,180965,0,0,0,0,53,0,0,0,0,0,0,0,0,0,0,0,0,0,0,0,0,0,0,0,0,0,0,0,92,0,66,0,0,0,0,0
341,0,15,0,0,0,0,0,180965,0,0,0,0,53,0,0,0,0,0,0,0,0,0,0,0,0,0,0,0,0,0,0,0,0,0,0,0,27,0,100,0,0,0,0,0
342,0,0,0,0,0,0,0,361839,0,0,514,131328,136,0,0,0,0,0,4452,0,0,0,0,0,0,0,0,514,514,0,0,0,256062,131328,0,294,0,136,284,0,0,0,0,768
342,0,1,0,0,0,0,0,180920,4452,0,0,0,1418,0,0,0,0,0,4452,0,0,0,0,0,0,0,0,0,231,0,0,0,129041,0,0,80,166,360,2486,0,0,384,0,0
342,0,2,0,0,0,0,0,180920,0,0,0,0,293,384,0,0,0,0,0,0,0,0,0,0,0,0,0,0,0,0,0,0,64763,65178,0,249,261,455,517,0,0,384,0,384
342,0,3,0,0,0,0,0,180920,0,0,0,0,208,384,0,0,0,0,0,0,0,0,0,0,0,0,0,0,0,0,0,0,0,65152,0,96,141,0,297,0,0,0,0,384
342,0,4,0,0,0,0,0,180920,0,0,0,0,47,0,0,0,0,0,0,0,0,0,0,0,0,0,0,0,0,0,0,0,0,0,0,87,0,45,66,0,0,0,0,0
342,0,5,0,0,0,0,0,180920,0,0,0,0,47,0,0,0,0,0,0,0,0,0,0,0,0,0,0,0,0,0,0,0,0,0,525,148,0,0,113,0,0,0,0,0
342,0,6,0,0,0,0,0,180920,0,0,0,0,47,0,0,0,0,0,0,0,0,0,0,0,0,0,0,0,0,0,0,0,0,0,0,40,98,0,52,0,0,0,0,0
342,0,7,0,0,0,0,0,180920,0,0,0,0,53,0,0,0,0,0,0,0,0,0,0,0,0,0,0,0,0,0,0,0,0,0,0,105,39,0,136,0,0,0,0,0
342,0,8,0,0,0,0,0,180920,0,0,0,0,50,0,0,0,0,0,0,0,0,0,0,0,0,0,0,0,0,0,0,0,0,0,0,52,0,42,107,0,0,0,0,0
342,0,9,0,0,0,0,0,180920,0,0,0,0,47,0,0,0,0,0,0,0,0,0,0,0,0,0,0,0,0,0,0,0,0,0,377,42,0,0,53,0,0,0,0,0
342,0,10,0,0,0,0,0,180920,0,0,0,0,53,0,0,0,0,0,0,0,0,0,0,0,0,0,0,0,0,0,0,0,0,0,0,87,92,0,122,0,0,0,0,0
342,0,11,0,0,0,0,0,180920,0,0,0,0,53,0,0,0,0,0,0,0,0,0,0,0,0,0,0,0,0,0,0,0,0,0,0,40,39,0,94,0,0,0,0,0
342,0,12,0,0,0,0,0,180920,0,0,0,0,47,0,0,0,0,0,0,0,0,0,0,0,0,0,0,0,0,0,0,0,0,0,0,0,0,45,93,0,0,0,0,0
342,0,13,0,0,0,0,0,180920,0,0,0,0,53,0,0,0,0,0,0,0,0,0,0,0,0,0,0,0,0,0,0,0,0,0,166,0,0,0,109,0,0,0,0,0
342,0,14,0,0,0,0,0,180919,0,0,0,0,53,0,0,0,0,0,0,0,0,0,0,0,0,0,0,0,0,0,0,0,0,0,0,0,92,0,64,0,0,0,0,0
342,0,15,0,0,0,0,0,180920,0,0,0,0,53,0,0,0,0,0,0,0,0,0,0,0,0,0,0,0,0,0,0,0,0,0,0,0,27,0,101,0,0,0,0,0
343,0,0,0,0,0,0,0,624446,0,0,1028,262656,136,0,0,0,0,0,5238,0,0,0,0,0,0,0,0,1028,1028,0,129350,0,383823,262656,0,553,0,136,284,0,0,0,0,1536
343,0,1,0,0,0,0,0,312223,5238,0,0,0,1800,0,0,0,0,0,5238,0,0,0,0,0,0,0,0,0,511,0,64716,0,128728,0,0,190,216,334,3045,0,0,384,0,0
343,0,2,0,0,0,0,0,312223,0,0,0,0,220,384,0,0,0,0,0,0,0,0,0,0,0,0,0,0,0,0,0,0,64511,65273,0,249,337,492,431,0,0,384,0,384
343,0,3,0,0,0,0,0,312223,0,0,0,0,213,384,0,0,0,0,0,0,0,0,0,0,0,0,0,0,0,0,0,0,0,65275,0,95,136,0,266,0,0,0,0,384
343,0,4,0,0,0,0,0,312223,0,0,0,0,229,384,0,0,0,0,0,0,0,0,0,0,0,0,0,0,0,0,0,0,0,65147,0,87,0,120,297,384,0,0,0,384
343,0,5,0,0,0,0,0,312223,0,0,0,0,230,384,0,0,0,0,0,0,0,0,0,0,0,0,0,0,0,0,0,0,0,65142,782,148,0,1,445,0,0,0,0,384
343,0,6,0,0,0,0,0,312223,0,0,0,0,47,0,0,0,0,0,0,0,0,0,0,0,0,0,0,0,0,0,0,0,0,0,0,40,98,1,52,0,0,0,0,0
343,0,7,0,0,0,0,0,312223,0,0,0,0,53,0,0,0,0,0,0,0,0,0,0,0,0,0,0,0,0,0,0,0,0,0,0,106,39,0,137,0,0,0,0,0
343,0,8,0,0,0,0,0,312223,0,0,0,0,50,0,0,0,0,0,0,0,0,0,0,0,0,0,0,0,0,0,0,0,0,0,0,52,0,42,107,0,0,0,0,0
343,0,9,0,0,0,0,0,312223,0,0,0,0,47,0,0,0,0,0,0,0,0,0,0,0,0,0,0,0,0,0,0,0,0,0,375,42,0,0,53,0,0,0,0,0
343,0,10,0,0,0,0,0,312223,0,0,0,0,53,0,0,0,0,0,0,0,0,0,0,0,0,0,0,0,0,0,0,0,0,0,0,88,92,0,121,0,0,0,0,0
343,0,11,0,0,0,0,0,312223,0,0,0,0,53,0,0,0,0,0,0,0,0,0,0,0,0,0,0,0,0,0,0,0,0,0,0,41,39,0,94,0,0,0,0,0
343,0,12,0,0,0,0,0,312223,0,0,0,0,47,0,0,0,0,0,0,0,0,0,0,0,0,0,0,0,0,0,0,0,0,0,0,0,0,45,93,0,0,0,0,0
343,0,13,0,0,0,0,0,312223,0,0,0,0,53,0,0,0,0,0,0,0,0,0,0,0,0,0,0,0,0,0,0,0,0,0,168,0,0,0,109,0,0,0,0,0
343,0,14,0,0,0,0,0,312223,0,0,0,0,53,0,0,0,0,0,0,0,0,0,0,0,0,0,0,0,0,0,0,0,0,0,0,0,90,0,63,0,0,0,0,0
343,0,15,0,0,0,0,0,312223,0,0,0,0,51,0,0,0,0,0,0,0,0,0,0,0,0,0,0,0,0,0,0,0,0,0,0,0,29,0,100,0,0,0,0,0
344,0,0,0,0,0,0,0,624526,0,0,1028,262656,136,0,0,0,0,0,5235,0,0,0,0,0,0,0,0,1028,1028,0,129359,0,383794,262656,0,553,0,136,284,0,0,0,0,1536
344,0,1,0,0,0,0,0,312263,5235,0,0,0,1820,0,0,0,0,0,5235,0,0,0,0,0,0,0,0,0,513,0,64727,0,128709,0,0,199,193,328,3063,0,0,384,0,0
344,0,2,0,0,0,0,0,312263,0,0,0,0,216,384,0,0,0,0,0,0,0,0,0,0,0,0,0,0,0,0,0,0,64505,65268,0,249,346,503,423,0,0,384,0,384
344,0,3,0,0,0,0,0,312263,0,0,0,0,219,384,0,0,0,0,0,0,0,0,0,0,0,0,0,0,0,0,0,0,0,65273,0,94,130,0,262,0,0,0,0,384
344,0,4,0,0,0,0,0,312263,0,0,0,0,227,384,0,0,0,0,0,0,0,0,0,0,0,0,0,0,0,0,0,0,0,65145,0,87,0,122,273,384,0,0,0,384
344,0,5,0,0,0,0,0,312263,0,0,0,0,235,384,0,0,0,0,0,0,0,0,0,0,0,0,0,0,0,0,0,0,0,65145,775,148,0,1,441,0,0,0,0,384
344,0,6,0,0,0,0,0,312262,0,0,0,0,47,0,0,0,0,0,0,0,0,0,0,0,0,0,0,0,0,0,0,0,0,0,0,40,98,1,52,0,0,0,0,0
344,0,7,0,0,0,0,0,312263,0,0,0,0,53,0,0,0,0,0,0,0,0,0,0,0,0,0,0,0,0,0,0,0,0,0,0,107,39,0,137,0,0,0,0,0
344,0,8,0,0,0,0,0,312263,0,0,0,0,50,0,0,0,0,0,0,0,0,0,0,0,0,0,0,0,0,0,0,0,0,0,0,52,0,42,107,0,0,0,0,0
344,0,9,0,0,0,0,0,312263,0,0,0,0,47,0,0,0,0,0,0,0,0,0,0,0,0,0,0,0,0,0,0,0,0,0,375,42,0,0,53,0,0,0,0,0
344,0,10,0,0,0,0,0,312263,0,0,0,0,53,0,0,0,0,0,0,0,0,0,0,0,0,0,0,0,0,0,0,0,0,0,0,88,92,0,121,0,0,0,0,0
344,0,11,0,0,0,0,0,312263,0,0,0,0,53,0,0,0,0,0,0,0,0,0,0,0,0,0,0,0,0,0,0,0,0,0,0,40,39,0,94,0,0,0,0,0
344,0,12,0,0,0,0,0,312263,0,0,0,0,47,0,0,0,0,0,0,0,0,0,0,0,0,0,0,0,0,0,0,0,0,0,0,0,0,45,93,0,0,0,0,0
344,0,13,0,0,0,0,0,312263,0,0,0,0,53,0,0,0,0,0,0,0,0,0,0,0,0,0,0,0,0,0,0,0,0,0,168,0,0,0,109,0,0,0,0,0
344,0,14,0,0,0,0,0,312263,0,0,0,0,53,0,0,0,0,0,0,0,0,0,0,0,0,0,0,0,0,0,0,0,0,0,0,0,90,0,63,0,0,0,0,0
344,0,15,0,0,0,0,0,312263,0,0,0,0,51,0,0,0,0,0,0,0,0,0,0,0,0,0,0,0,0,0,0,0,0,0,0,0,29,0,101,0,0,0,0,0
345,0,0,0,0,0,0,0,624567,0,0,1028,262656,136,0,0,0,0,0,5238,0,0,0,0,0,0,0,0,1028,1028,0,129349,0,383857,262656,0,553,0,136,284,0,0,0,0,1536
345,0,1,0,0,0,0,0,312284,5238,0,0,0,1813,0,0,0,0,0,5238,0,0,0,0,0,0,0,0,0,516,0,64724,0,128728,0,0,203,196,328,3058,0,0,384,0,0
345,0,2,0,0,0,0,0,312284,0,0,0,0,232,384,0,0,0,0,0,0,0,0,0,0,0,0,0,0,0,0,0,0,64507,65268,0,249,337,506,435,0,0,384,0,384
345,0,3,0,0,0,0,0,312284,0,0,0,0,224,384,0,0,0,0,0,0,0,0,0,0,0,0,0,0,0,0,0,0,0,65272,0,96,124,0,263,0,0,0,0,384
345,0,4,0,0,0,0,0,312284,0,0,0,0,230,384,0,0,0,0,0,0,0,0,0,0,0,0,0,0,0,0,0,0,0,65142,0,87,0,119,277,384,0,0,0,384
345,0,5,0,0,0,0,0,312284,0,0,0,0,231,384,0,0,0,0,0,0,0,0,0,0,0,0,0,0,0,0,0,0,0,65146,782,148,0,1,433,0,0,0,0,384
345,0,6,0,0,0,0,0,312284,0,0,0,0,47,0,0,0,0,0,0,0,0,0,0,0,0,0,0,0,0,0,0,0,0,0,0,40,98,1,52,0,0,0,0,0
345,0,7,0,0,0,0,0,312284,0,0,0,0,53,0,0,0,0,0,0,0,0,0,0,0,0,0,0,0,0,0,0,0,0,0,0,105,39,0,137,0,0,0,0,0
345,0,8,0,0,0,0,0,312284,0,0,0,0,50,0,0,0,0,0,0,0,0,0,0,0,0,0,0,0,0,0,0,0,0,0,0,52,0,42,107,0,0,0,0,0
345,0,9,0,0,0,0,0,312284,0,0,0,0,47,0,0,0,0,0,0,0,0,0,0,0,0,0,0,0,0,0,0,0,0,0,375,42,0,0,53,0,0,0,0,0
345,0,10,0,0,0,0,0,312284,0,0,0,0,53,0,0,0,0,0,0,0,0,0,0,0,0,0,0,0,0,0,0,0,0,0,0,88,92,0,121,0,0,0,0,0
345,0,11,0,0,0,0,0,312284,0,0,0,0,53,0,0,0,0,0,0,0,0,0,0,0,0,0,0,0,0,0,0,0,0,0,0,42,39,0,94,0,0,0,0,0
345,0,12,0,0,0,0,0,312284,0,0,0,0,47,0,0,0,0,0,0,0,0,0,0,0,0,0,0,0,0,0,0,0,0,0,0,0,0,45,93,0,0,0,0,0
345,0,13,0,0,0,0,0,312284,0,0,0,0,53,0,0,0,0,0,0,0,0,0,0,0,0,0,0,0,0,0,0,0,0,0,168,0,0,0,109,0,0,0,0,0
345,0,14,0,0,0,0,0,312283,0,0,0,0,53,0,0,0,0,0,0,0,0,0,0,0,0,0,0,0,0,0,0,0,0,0,0,0,90,0,63,0,0,0,0,0
345,0,15,0,0,0,0,0,312284,0,0,0,0,51,0,0,0,0,0,0,0,0,0,0,0,0,0,0,0,0,0,0,0,0,0,0,0,29,0,99,0,0,0,0,0
346,0,0,0,0,0,0,0,883481,0,0,1542,393984,136,0,0,0,0,0,6021,0,0,0,0,0,0,0,0,1542,1542,0,129238,0,638460,393984,0,553,0,136,284,0,0,0,0,2304
346,0,1,0,0,0,0,0,441741,6021,0,0,0,1971,0,0,0,0,0,6021,0,0,0,0,0,0,0,0,0,780,0,64724,0,257016,0,0,175,279,631,3449,0,0,384,0,0
346,0,2,0,0,0,0,0,441741,0,0,0,0,223,384,0,0,0,0,0,0,0,0,0,0,0,0,0,0,0,0,64747,0,129199,65266,0,396,351,569,429,0,0,384,0,384
346,0,3,0,0,0,0,0,441741,0,0,0,0,230,384,0,0,0,0,0,0,0,0,0,0,0,0,0,0,0,0,64623,0,0,65271,0,204,117,0,354,0,0,0,0,384
346,0,4,0,0,0,0,0,441741,0,0,0,0,230,384,0,0,0,0,0,0,0,0,0,0,0,0,0,0,0,0,0,0,0,65271,0,87,0,119,362,768,0,0,0,384
346,0,5,0,0,0,0,0,441741,0,0,0,0,224,384,0,0,0,0,0,0,0,0,0,0,0,0,0,0,0,0,0,0,0,65148,1045,150,0,1,452,0,0,384,0,384
346,0,6,0,0,0,0,0,441740,0,0,0,0,226,384,0,0,0,0,0,0,0,0,0,0,0,0,0,0,0,0,0,0,0,65156,0,39,351,1,344,0,0,384,0,384
346,0,7,0,0,0,0,0,441741,0,0,0,0,229,384,0,0,0,0,0,0,0,0,0,0,0,0,0,0,0,0,0,0,0,65134,0,110,120,0,460,0,0,0,0,384
346,0,8,0,0,0,0,0,441741,0,0,0,0,51,0,0,0,0,0,0,0,0,0,0,0,0,0,0,0,0,0,0,0,0,0,0,52,0,41,108,0,0,0,0,0
346,0,9,0,0,0,0,0,441741,0,0,0,0,48,0,0,0,0,0,0,0,0,0,0,0,0,0,0,0,0,0,0,0,0,0,378,41,0,0,53,0,0,0,0,0
346,0,10,0,0,0,0,0,441741,0,0,0,0,52,0,0,0,0,0,0,0,0,0,0,0,0,0,0,0,0,0,0,0,0,0,0,86,92,0,123,0,0,0,0,0
346,0,11,0,0,0,0,0,441741,0,0,0,0,52,0,0,0,0,0,0,0,0,0,0,0,0,0,0,0,0,0,0,0,0,0,0,39,40,0,93,0,0,0,0,0
346,0,12,0,0,0,0,0,441741,0,0,0,0,46,0,0,0,0,0,0,0,0,0,0,0,0,0,0,0,0,0,0,0,0,0,0,0,0,46,92,0,0,0,0,0
346,0,13,0,0,0,0,0,441741,0,0,0,0,53,0,0,0,0,0,0,0,0,0,0,0,0,0,0,0,0,0,0,0,0,0,165,0,0,0,110,0,0,0,0,0
346,0,14,0,0,0,0,0,441741,0,0,0,0,52,0,0,0,0,0,0,0,0,0,0,0,0,0,0,0,0,0,0,0,0,0,0,0,92,0,64,0,0,0,0,0
346,0,15,0,0,0,0,0,441741,0,0,0,0,52,0,0,0,0,0,0,0,0,0,0,0,0,0,0,0,0,0,0,0,0,0,0,0,28,0,105,0,0,0,0,0
347,0,0,0,0,0,0,0,883386,0,0,1542,393984,136,0,0,0,0,0,6018,0,0,0,0,0,0,0,0,1542,1542,0,129234,0,638501,393984,0,553,0,136,284,0,0,0,0,2304
347,0,1,0,0,0,0,0,441693,6018,0,0,0,1969,0,0,0,0,0,6018,0,0,0,0,0,0,0,0,0,770,0,64724,0,257028,0,0,178,283,626,3464,0,0,384,0,0
347,0,2,0,0,0,0,0,441693,0,0,0,0,224,384,0,0,0,0,0,0,0,0,0,0,0,0,0,0,0,0,64741,0,129205,65270,0,399,341,571,430,0,0,384,0,384
347,0,3,0,0,0,0,0,441693,0,0,0,0,221,384,0,0,0,0,0,0,0,0,0,0,0,0,0,0,0,0,64623,0,0,65273,0,204,126,0,343,0,0,0,0,384
347,0,4,0,0,0,0,0,441693,0,0,0,0,225,384,0,0,0,0,0,0,0,0,0,0,0,0,0,0,0,0,0,0,0,65268,0,87,0,124,361,768,0,0,0,384
347,0,5,0,0,0,0,0,441693,0,0,0,0,230,384,0,0,0,0,0,0,0,0,0,0,0,0,0,0,0,0,0,0,0,65151,1038,150,0,1,455,0,0,384,0,384
347,0,6,0,0,0,0,0,441692,0,0,0,0,227,384,0,0,0,0,0,0,0,0,0,0,0,0,0,0,0,0,0,0,0,65152,0,39,346,2,342,0,0,384,0,384
347,0,7,0,0,0,0,0,441693,0,0,0,0,226,384,0,0,0,0,0,0,0,0,0,0,0,0,0,0,0,0,0,0,0,65131,0,109,123,0,457,0,0,0,0,384
347,0,8,0,0,0,0,0,441693,0,0,0,0,51,0,0,0,0,0,0,0,0,0,0,0,0,0,0,0,0,0,0,0,0,0,0,52,0,41,108,0,0,0,0,0
347,0,9,0,0,0,0,0,441693,0,0,0,0,48,0,0,0,0,0,0,0,0,0,0,0,0,0,0,0,0,0,0,0,0,0,379,41,0,0,53,0,0,0,0,0
347,0,10,0,0,0,0,0,441693,0,0,0,0,52,0,0,0,0,0,0,0,0,0,0,0,0,0,0,0,0,0,0,0,0,0,0,85,92,0,124,0,0,0,0,0
347,0,11,0,0,0,0,0,441693,0,0,0,0,52,0,0,0,0,0,0,0,0,0,0,0,0,0,0,0,0,0,0,0,0,0,0,40,40,0,93,0,0,0,0,0
347,0,12,0,0,0,0,0,441693,0,0,0,0,46,0,0,0,0,0,0,0,0,0,0,0,0,0,0,0,0,0,0,0,0,0,0,0,0,46,92,0,0,0,0,0
347,0,13,0,0,0,0,0,441693,0,0,0,0,53,0,0,0,0,0,0,0,0,0,0,0,0,0,0,0,0,0,0,0,0,0,164,0,0,0,110,0,0,0,0,0
347,0,14,0,0,0,0,0,441693,0,0,0,0,52,0,0,0,0,0,0,0,0,0,0,0,0,0,0,0,0,0,0,0,0,0,0,0,93,0,65,0,0,0,0,0
347,0,15,0,0,0,0,0,441693,0,0,0,0,53,0,0,0,0,0,0,0,0,0,0,0,0,0,0,0,0,0,0,0,0,0,0,0,27,0,105,0,0,0,0,0
348,0,0,0,0,0,0,0,883388,0,0,1542,393984,136,0,0,0,0,0,6018,0,0,0,0,0,0,0,0,1542,1542,0,129231,0,638426,393984,0,553,0,136,284,0,0,0,0,2304
348,0,1,0,0,0,0,0,441694,6018,0,0,0,1959,0,0,0,0,0,6018,0,0,0,0,0,0,0,0,0,777,0,64730,0,256990,0,0,172,289,636,3424,0,0,384,0,0
348,0,2,0,0,0,0,0,441694,0,0,0,0,210,384,0,0,0,0,0,0,0,0,0,0,0,0,0,0,0,0,64735,0,129201,65272,0,396,360,558,422,0,0,384,0,384
348,0,3,0,0,0,0,0,441694,0,0,0,0,226,384,0,0,0,0,0,0,0,0,0,0,0,0,0,0,0,0,64620,0,0,65271,0,215,121,0,350,0,0,0,0,384
348,0,4,0,0,0,0,0,441694,0,0,0,0,225,384,0,0,0,0,0,0,0,0,0,0,0,0,0,0,0,0,0,0,0,65268,0,82,0,124,370,768,0,0,0,384
348,0,5,0,0,0,0,0,441694,0,0,0,0,229,384,0,0,0,0,0,0,0,0,0,0,0,0,0,0,0,0,0,0,0,65149,1049,149,0,1,461,0,0,384,0,384
348,0,6,0,0,0,0,0,441694,0,0,0,0,224,384,0,0,0,0,0,0,0,0,0,0,0,0,0,0,0,0,0,0,0,65151,0,35,350,1,346,0,0,384,0,384
348,0,7,0,0,0,0,0,441694,0,0,0,0,225,384,0,0,0,0,0,0,0,0,0,0,0,0,0,0,0,0,0,0,0,65139,0,107,123,0,449,0,0,0,0,384
348,0,8,0,0,0,0,0,441694,0,0,0,0,50,0,0,0,0,0,0,0,0,0,0,0,0,0,0,0,0,0,0,0,0,0,0,57,0,42,107,0,0,0,0,0
348,0,9,0,0,0,0,0,441694,0,0,0,0,47,0,0,0,0,0,0,0,0,0,0,0,0,0,0,0,0,0,0,0,0,0,365,41,0,0,53,0,0,0,0,0
348,0,10,0,0,0,0,0,441694,0,0,0,0,54,0,0,0,0,0,0,0,0,0,0,0,0,0,0,0,0,0,0,0,0,0,0,88,92,0,127,0,0,0,0,0
348,0,11,0,0,0,0,0,441694,0,0,0,0,54,0,0,0,0,0,0,0,0,0,0,0,0,0,0,0,0,0,0,0,0,0,0,42,38,0,95,0,0,0,0,0
348,0,12,0,0,0,0,0,441694,0,0,0,0,54,0,0,0,0,0,0,0,0,0,0,0,0,0,0,0,0,0,0,0,0,0,0,0,0,38,95,0,0,0,0,0
348,0,13,0,0,0,0,0,441694,0,0,0,0,51,0,0,0,0,0,0,0,0,0,0,0,0,0,0,0,0,0,0,0,0,0,178,0,0,0,108,0,0,0,0,0
348,0,14,0,0,0,0,0,441693,0,0,0,0,54,0,0,0,0,0,0,0,0,0,0,0,0,0,0,0,0,0,0,0,0,0,0,0,89,0,64,0,0,0,0,0
348,0,15,0,0,0,0,0,441694,0,0,0,0,51,0,0,0,0,0,0,0,0,0,0,0,0,0,0,0,0,0,0,0,0,0,0,0,29,0,101,0,0,0,0,0
349,0,0,0,0,0,0,0,1143539,0,0,2054,525312,136,0,0,0,0,0,6801,0,0,0,0,0,0,0,0,2054,2054,0,257309,0,765889,525312,0,810,0,136,284,0,0,0,0,3072
349,0,1,0,0,0,0,0,571769,6801,0,0,0,2277,0,0,0,0,0,6801,0,0,0,0,0,0,0,0,0,1033,0,128764,0,257265,0,0,276,373,644,4022,0,0,384,0,0
349,0,2,0,0,0,0,0,571769,0,0,0,0,230,384,0,0,0,0,0,0,0,0,0,0,0,0,0,0,0,0,64751,0,129207,65141,0,386,344,560,440,0,0,384,0,384
349,0,3,0,0,0,0,0,571769,0,0,0,0,232,384,0,0,0,0,0,0,0,0,0,0,0,0,0,0,0,0,64621,0,0,65273,0,219,115,0,350,0,0,0,0,384
349,0,4,0,0,0,0,0,571769,0,0,0,0,233,384,0,0,0,0,0,0,0,0,0,0,0,0,0,0,0,0,64592,0,0,65265,0,185,0,114,362,1152,0,0,0,384
349,0,5,0,0,0,0,0,571769,0,0,0,0,227,384,0,0,0,0,0,0,0,0,0,0,0,0,0,0,0,0,64741,0,0,65303,1293,319,0,0,444,0,0,384,0,384
349,0,6,0,0,0,0,0,571769,0,0,0,0,234,384,0,0,0,0,0,0,0,0,0,0,0,0,0,0,0,0,0,0,0,65161,0,43,352,3,358,0,0,384,0,384
349,0,7,0,0,0,0,0,571769,0,0,0,0,239,384,0,0,0,0,0,0,0,0,0,0,0,0,0,0,0,0,0,0,0,65139,0,100,110,0,463,0,0,0,0,384
349,0,8,0,0,0,0,0,571769,0,0,0,0,238,384,0,0,0,0,0,0,0,0,0,0,0,0,0,0,0,0,0,0,0,65125,0,52,0,111,456,384,0,0,0,384
349,0,9,0,0,0,0,0,571769,0,0,0,0,231,384,0,0,0,0,0,0,0,0,0,0,0,0,0,0,0,0,0,0,0,65154,642,40,0,1,327,0,0,0,0,384
349,0,10,0,0,0,0,0,571769,0,0,0,0,52,0,0,0,0,0,0,0,0,0,0,0,0,0,0,0,0,0,0,0,0,0,0,82,86,1,123,0,0,0,0,0
349,0,11,0,0,0,0,0,571769,0,0,0,0,46,0,0,0,0,0,0,0,0,0,0,0,0,0,0,0,0,0,0,0,0,0,0,45,46,0,92,0,0,0,0,0
349,0,12,0,0,0,0,0,571769,0,0,0,0,46,0,0,0,0,0,0,0,0,0,0,0,0,0,0,0,0,0,0,0,0,0,0,0,0,46,92,0,0,0,0,0
349,0,13,0,0,0,0,0,571769,0,0,0,0,51,0,0,0,0,0,0,0,0,0,0,0,0,0,0,0,0,0,0,0,0,0,167,0,0,0,109,0,0,0,0,0
349,0,14,0,0,0,0,0,571769,0,0,0,0,53,0,0,0,0,0,0,0,0,0,0,0,0,0,0,0,0,0,0,0,0,0,0,0,92,0,69,0,0,0,0,0
349,0,15,0,0,0,0,0,571769,0,0,0,0,53,0,0,0,0,0,0,0,0,0,0,0,0,0,0,0,0,0,0,0,0,0,0,0,27,0,102,0,0,0,0,0
350,0,0,0,0,0,0,0,1143380,0,0,2054,525312,136,0,0,0,0,0,6802,0,0,0,0,0,0,0,0,2054,2054,0,257345,0,765827,525312,0,810,0,136,284,0,0,0,0,3072
350,0,1,0,0,0,0,0,571690,6801,0,0,0,2294,0,0,0,0,0,6801,0,0,0,0,0,0,0,0,0,1031,0,128756,0,257248,0,0,275,383,618,4027,0,0,384,0,0
350,0,2,0,0,0,0,0,571690,0,0,0,0,232,384,0,0,0,0,0,0,0,0,0,0,0,0,0,0,0,0,64753,0,129194,65147,0,399,345,571,444,0,0,384,0,384
350,0,3,0,0,0,0,0,571690,0,0,0,0,235,384,0,0,0,0,0,0,0,0,0,0,0,0,0,0,0,0,64610,0,0,65275,0,210,112,0,351,0,0,0,0,384
350,0,4,0,0,0,0,0,571690,0,0,0,0,233,384,0,0,0,0,0,0,0,0,0,0,0,0,0,0,0,0,64616,0,0,65254,0,184,0,114,371,1152,0,0,0,384
350,0,5,0,0,0,0,0,571690,0,0,0,0,230,384,0,0,0,0,0,0,0,0,0,0,0,0,0,0,0,0,64747,0,0,65304,1304,319,0,0,448,0,0,384,0,384
350,0,6,0,0,0,0,0,571689,0,0,0,0,234,384,0,0,0,0,0,0,0,0,0,0,0,0,0,0,0,0,0,0,0,65159,0,29,348,3,359,0,0,384,0,384
350,0,7,0,0,0,0,0,571690,0,0,0,0,235,384,0,0,0,0,0,0,0,0,0,0,0,0,0,0,0,0,0,0,0,65136,0,106,114,0,462,0,0,0,0,384
350,0,8,0,0,0,0,0,571690,0,0,0,0,243,384,0,0,0,0,0,0,0,0,0,0,0,0,0,0,0,0,0,0,0,65130,0,52,0,106,462,384,0,0,0,384
350,0,9,0,0,0,0,0,571690,0,0,0,0,239,384,0,0,0,0,0,0,0,0,0,0,0,0,0,0,0,0,0,0,0,65153,632,41,0,1,334,0,0,0,0,384
350,0,10,0,0,0,0,0,571690,0,0,0,0,54,0,0,0,0,0,0,0,0,0,0,0,0,0,0,0,0,0,0,0,0,0,0,86,93,1,135,0,0,0,0,0
350,0,11,0,0,0,0,0,571690,0,0,0,0,55,0,0,0,0,0,0,0,0,0,0,0,0,0,0,0,0,0,0,0,0,0,0,44,37,0,96,0,0,0,0,0
350,0,12,0,0,0,0,0,571690,0,0,0,0,49,0,0,0,0,0,0,0,0,0,0,0,0,0,0,0,0,0,0,0,0,0,0,0,0,43,95,0,0,0,0,0
350,0,13,0,0,0,0,0,571690,0,0,0,0,54,0,0,0,0,0,0,0,0,0,0,0,0,0,0,0,0,0,0,0,0,0,167,0,0,0,111,0,0,0,0,0
350,0,14,0,0,0,0,0,571690,0,0,0,0,48,0,0,0,0,0,0,0,0,0,0,0,0,0,0,0,0,0,0,0,0,0,0,0,92,0,60,0,0,0,0,0
350,0,15,0,0,0,0,0,571690,0,0,0,0,48,0,0,0,0,0,0,0,0,0,0,0,0,0,0,0,0,0,0,0,0,0,0,0,32,0,98,0,0,0,0,0
351,0,0,0,0,0,0,0,1143395,0,0,2054,525312,136,0,0,0,0,0,6801,0,0,0,0,0,0,0,0,2054,2054,0,257357,0,765793,525312,0,810,0,136,284,0,0,0,0,3072
351,0,1,0,0,0,0,0,571698,6801,0,0,0,2307,0,0,0,0,0,6801,0,0,0,0,0,0,0,0,0,1056,0,128750,0,257263,0,0,268,373,622,4060,0,0,384,0,0
351,0,2,0,0,0,0,0,571698,0,0,0,0,224,384,0,0,0,0,0,0,0,0,0,0,0,0,0,0,0,0,64734,0,129219,65151,0,388,346,577,437,0,0,384,0,384
351,0,3,0,0,0,0,0,571698,0,0,0,0,228,384,0,0,0,0,0,0,0,0,0,0,0,0,0,0,0,0,64627,0,0,65277,0,205,119,0,343,0,0,0,0,384
351,0,4,0,0,0,0,0,571698,0,0,0,0,228,384,0,0,0,0,0,0,0,0,0,0,0,0,0,0,0,0,64614,0,0,65263,0,184,0,119,357,1152,0,0,0,384
351,0,5,0,0,0,0,0,571698,0,0,0,0,229,384,0,0,0,0,0,0,0,0,0,0,0,0,0,0,0,0,64735,0,0,65297,1283,325,0,1,448,0,0,384,0,384
351,0,6,0,0,0,0,0,571698,0,0,0,0,227,384,0,0,0,0,0,0,0,0,0,0,0,0,0,0,0,0,0,0,0,65159,0,40,355,1,352,0,0,384,0,384
351,0,7,0,0,0,0,0,571698,0,0,0,0,234,384,0,0,0,0,0,0,0,0,0,0,0,0,0,0,0,0,0,0,0,65141,0,107,115,0,467,0,0,0,0,384
351,0,8,0,0,0,0,0,571698,0,0,0,0,236,384,0,0,0,0,0,0,0,0,0,0,0,0,0,0,0,0,0,0,0,65135,0,52,0,113,455,384,0,0,0,384
351,0,9,0,0,0,0,0,571698,0,0,0,0,227,384,0,0,0,0,0,0,0,0,0,0,0,0,0,0,0,0,0,0,0,65153,641,42,0,0,315,0,0,0,0,384
351,0,10,0,0,0,0,0,571698,0,0,0,0,53,0,0,0,0,0,0,0,0,0,0,0,0,0,0,0,0,0,0,0,0,0,0,85,92,2,124,0,0,0,0,0
351,0,11,0,0,0,0,0,571698,0,0,0,0,53,0,0,0,0,0,0,0,0,0,0,0,0,0,0,0,0,0,0,0,0,0,0,42,39,0,94,0,0,0,0,0
351,0,12,0,0,0,0,0,571698,0,0,0,0,47,0,0,0,0,0,0,0,0,0,0,0,0,0,0,0,0,0,0,0,0,0,0,0,0,45,93,0,0,0,0,0
351,0,13,0,0,0,0,0,571698,0,0,0,0,53,0,0,0,0,0,0,0,0,0,0,0,0,0,0,0,0,0,0,0,0,0,165,0,0,0,109,0,0,0,0,0
351,0,14,0,0,0,0,0,571697,0,0,0,0,53,0,0,0,0,0,0,0,0,0,0,0,0,0,0,0,0,0,0,0,0,0,0,0,93,0,66,0,0,0,0,0
351,0,15,0,0,0,0,0,571698,0,0,0,0,54,0,0,0,0,0,0,0,0,0,0,0,0,0,0,0,0,0,0,0,0,0,0,0,26,0,106,0,0,0,0,0
352,0,0,0,0,0,0,0,1401958,0,0,2568,656640,136,0,0,0,0,0,7584,0,0,0,0,0,0,0,0,2568,2568,0,257484,0,1019088,656640,0,810,0,136,284,0,0,0,0,1138034
352,0,1,0,0,0,0,0,700979,7584,0,0,0,2803,0,0,0,0,0,7584,0,0,0,0,0,0,0,0,0,1191,0,128802,0,384700,0,0,222,357,704,4755,0,0,384,0,0
352,0,2,0,0,0,0,0,700979,0,0,0,0,261,384,0,0,0,0,0,0,0,0,0,0,0,0,0,0,0,0,129387,0,192784,65153,0,546,338,798,531,0,0,384,0,384
352,0,3,0,0,0,0,0,700979,0,0,0,0,256,384,0,0,0,0,0,0,0,0,0,0,0,0,0,0,0,0,128864,0,0,65274,0,266,90,0,349,0,0,0,0,384
352,0,4,0,0,0,0,0,700979,0,0,0,0,213,384,0,0,0,0,0,0,0,0,0,0,0,0,0,0,0,0,64606,0,0,65276,0,184,0,134,325,1536,0,0,0,384
352,0,5,0,0,0,0,0,700979,0,0,0,0,202,384,0,0,0,0,0,0,0,0,0,0,0,0,0,0,0,0,64765,0,0,65312,1602,362,0,1,427,0,0,384,0,384
352,0,6,0,0,0,0,0,700978,0,0,0,0,226,384,0,0,0,0,0,0,0,0,0,0,0,0,0,0,0,0,64532,0,0,65276,0,136,345,1,356,0,0,384,0,384
352,0,7,0,0,0,0,0,700979,0,0,0,0,223,384,0,0,0,0,0,0,0,0,0,0,0,0,0,0,0,0,64552,0,0,65150,0,242,126,0,519,0,0,0,0,384
352,0,8,0,0,0,0,0,700979,0,0,0,0,185,384,0,0,0,0,0,0,0,0,0,0,0,0,0,0,0,0,0,0,0,65145,0,52,0,164,404,768,0,0,0,384
352,0,9,0,0,0,0,0,700979,0,0,0,0,196,384,0,0,0,0,0,0,0,0,0,0,0,0,0,0,0,0,0,0,0,65155,854,41,0,1,248,0,0,384,0,384
352,0,10,0,0,0,0,0,700979,0,0,0,0,206,384,0,0,0,0,0,0,0,0,0,0,0,0,0,0,0,0,0,0,0,65276,0,86,369,2,439,0,0,384,0,384
352,0,11,0,0,0,0,0,700979,0,0,0,0,227,384,0,0,0,0,0,0,0,0,0,0,0,0,0,0,0,0,0,0,0,65279,0,42,121,0,394,0,0,0,0,384
352,0,12,0,0,0,0,0,700979,0,0,0,0,46,0,0,0,0,0,0,0,0,0,0,0,0,0,0,0,0,0,0,0,0,0,0,0,0,46,92,0,0,0,0,0
352,0,13,0,0,0,0,0,700979,0,0,0,0,53,0,0,0,0,0,0,0,0,0,0,0,0,0,0,0,0,0,0,0,0,0,166,0,0,0,110,0,0,0,0,0
352,0,14,0,0,0,0,0,700979,0,0,0,0,52,0,0,0,0,0,0,0,0,0,0,0,0,0,0,0,0,0,0,0,0,0,0,0,91,0,64,0,0,0,0,0
352,0,15,0,0,0,0,0,700979,0,0,0,0,51,0,0,0,0,0,0,0,0,0,0,0,0,0,0,0,0,0,0,0,0,0,0,0,29,0,105,0,0,0,0,0
353,0,0,0,0,0,0,0,1401965,0,0,2568,656640,136,0,0,0,0,0,7581,0,0,0,0,0,0,0,0,2568,2568,0,257569,0,1018385,656640,0,810,0,136,284,0,0,0,0,1138677
353,0,1,0,0,0,0,0,700983,7581,0,0,0,2679,0,0,0,0,0,7581,0,0,0,0,0,0,0,0,0,1239,0,128798,0,384377,0,0,266,387,754,4670,0,0,384,0,0
353,0,2,0,0,0,0,0,700983,0,0,0,0,189,384,0,0,0,0,0,0,0,0,0,0,0,0,0,0,0,0,129270,0,192634,65153,0,561,366,772,421,0,0,384,0,384
353,0,3,0,0,0,0,0,700983,0,0,0,0,214,384,0,0,0,0,0,0,0,0,0,0,0,0,0,0,0,0,128898,0,0,65236,0,276,133,0,322,0,0,0,0,384
353,0,4,0,0,0,0,0,700983,0,0,0,0,183,384,0,0,0,0,0,0,0,0,0,0,0,0,0,0,0,0,64638,0,0,65242,0,208,0,164,301,1536,0,0,0,384
353,0,5,0,0,0,0,0,700983,0,0,0,0,186,384,0,0,0,0,0,0,0,0,0,0,0,0,0,0,0,0,64757,0,0,65305,1535,342,0,2,388,0,0,384,0,384
353,0,6,0,0,0,0,0,700982,0,0,0,0,192,384,0,0,0,0,0,0,0,0,0,0,0,0,0,0,0,0,64525,0,0,65240,0,153,347,1,290,0,0,384,0,384
353,0,7,0,0,0,0,0,700983,0,0,0,0,191,384,0,0,0,0,0,0,0,0,0,0,0,0,0,0,0,0,64514,0,0,65149,0,264,157,0,456,0,0,0,0,384
353,0,8,0,0,0,0,0,700983,0,0,0,0,229,384,0,0,0,0,0,0,0,0,0,0,0,0,0,0,0,0,0,0,0,65149,0,52,0,120,424,768,0,0,0,384
353,0,9,0,0,0,0,0,700983,0,0,0,0,212,384,0,0,0,0,0,0,0,0,0,0,0,0,0,0,0,0,0,0,0,65152,904,42,0,0,283,0,0,384,0,384
353,0,10,0,0,0,0,0,700983,0,0,0,0,239,384,0,0,0,0,0,0,0,0,0,0,0,0,0,0,0,0,0,0,0,65276,0,85,348,2,456,0,0,384,0,384
353,0,11,0,0,0,0,0,700983,0,0,0,0,239,384,0,0,0,0,0,0,0,0,0,0,0,0,0,0,0,0,0,0,0,65279,0,41,110,0,384,0,0,0,0,384
353,0,12,0,0,0,0,0,700983,0,0,0,0,47,0,0,0,0,0,0,0,0,0,0,0,0,0,0,0,0,0,0,0,0,0,0,0,0,45,93,0,0,0,0,0
353,0,13,0,0,0,0,0,700983,0,0,0,0,53,0,0,0,0,0,0,0,0,0,0,0,0,0,0,0,0,0,0,0,0,0,166,0,0,0,109,0,0,0,0,0
353,0,14,0,0,0,0,0,700983,0,0,0,0,53,0,0,0,0,0,0,0,0,0,0,0,0,0,0,0,0,0,0,0,0,0,0,0,92,0,66,0,0,0,0,0
353,0,15,0,0,0,0,0,700983,0,0,0,0,53,0,0,0,0,0,0,0,0,0,0,0,0,0,0,0,0,0,0,0,0,0,0,0,27,0,108,0,0,0,0,0
354,0,0,0,0,0,0,0,1402011,0,0,2568,656640,136,0,0,0,0,0,7581,0,0,0,0,0,0,0,0,2568,2568,0,257497,0,1019154,656640,0,810,0,136,284,0,0,0,0,1138279
354,0,1,0,0,0,0,0,701006,7581,0,0,0,2816,0,0,0,0,0,7581,0,0,0,0,0,0,0,0,0,1194,0,128804,0,384726,0,0,216,362,692,4764,0,0,384,0,0
354,0,2,0,0,0,0,0,701006,0,0,0,0,257,384,0,0,0,0,0,0,0,0,0,0,0,0,0,0,0,0,129392,0,192790,65153,0,559,336,792,532,0,0,384,0,384
354,0,3,0,0,0,0,0,701006,0,0,0,0,251,384,0,0,0,0,0,0,0,0,0,0,0,0,0,0,0,0,128863,0,0,65278,0,272,96,0,343,0,0,0,0,384
354,0,4,0,0,0,0,0,701006,0,0,0,0,218,384,0,0,0,0,0,0,0,0,0,0,0,0,0,0,0,0,64603,0,0,65278,0,182,0,129,339,1536,0,0,0,384
354,0,5,0,0,0,0,0,701006,0,0,0,0,199,384,0,0,0,0,0,0,0,0,0,0,0,0,0,0,0,0,64765,0,0,65311,1608,361,0,1,432,0,0,384,0,384
354,0,6,0,0,0,0,0,701006,0,0,0,0,221,384,0,0,0,0,0,0,0,0,0,0,0,0,0,0,0,0,64535,0,0,65279,0,124,347,1,350,0,0,384,0,384
354,0,7,0,0,0,0,0,701006,0,0,0,0,219,384,0,0,0,0,0,0,0,0,0,0,0,0,0,0,0,0,64551,0,0,65150,0,241,129,0,511,0,0,0,0,384
354,0,8,0,0,0,0,0,701006,0,0,0,0,182,384,0,0,0,0,0,0,0,0,0,0,0,0,0,0,0,0,0,0,0,65145,0,52,0,167,403,768,0,0,0,384
354,0,9,0,0,0,0,0,701006,0,0,0,0,192,384,0,0,0,0,0,0,0,0,0,0,0,0,0,0,0,0,0,0,0,65155,854,40,0,2,246,0,0,384,0,384
354,0,10,0,0,0,0,0,701006,0,0,0,0,210,384,0,0,0,0,0,0,0,0,0,0,0,0,0,0,0,0,0,0,0,65276,0,90,365,0,451,0,0,384,0,384
354,0,11,0,0,0,0,0,701006,0,0,0,0,227,384,0,0,0,0,0,0,0,0,0,0,0,0,0,0,0,0,0,0,0,65279,0,41,122,0,397,0,0,0,0,384
354,0,12,0,0,0,0,0,701006,0,0,0,0,48,0,0,0,0,0,0,0,0,0,0,0,0,0,0,0,0,0,0,0,0,0,0,0,0,44,94,0,0,0,0,0
354,0,13,0,0,0,0,0,701006,0,0,0,0,54,0,0,0,0,0,0,0,0,0,0,0,0,0,0,0,0,0,0,0,0,0,170,0,0,0,112,0,0,0,0,0
354,0,14,0,0,0,0,0,701005,0,0,0,0,52,0,0,0,0,0,0,0,0,0,0,0,0,0,0,0,0,0,0,0,0,0,0,0,88,0,60,0,0,0,0,0
354,0,15,0,0,0,0,0,701006,0,0,0,0,48,0,0,0,0,0,0,0,0,0,0,0,0,0,0,0,0,0,0,0,0,0,0,0,32,0,103,0,0,0,0,0
355,0,0,0,0,0,0,0,1790926,0,0,3332,853632,136,0,0,0,0,0,8745,0,0,0,0,0,0,0,0,3332,3332,0,384842,0,1269649,853632,0,1087,0,136,284,0,0,0,0,1663651
355,0,1,0,0,0,0,0,895463,8745,0,0,0,3363,0,0,0,0,0,8745,0,0,0,0,0,0,0,0,0,1702,0,192301,0,447250,0,0,319,432,739,5687,0,0,384,0,0
355,0,2,0,0,0,0,0,895463,0,0,0,0,197,384,0,0,0,0,0,0,0,0,0,0,0,0,0,0,0,0,192879,0,192459,65218,0,797,299,776,415,0,0,384,0,384
355,0,3,0,0,0,0,0,895463,0,0,0,0,193,384,0,0,0,0,0,0,0,0,0,0,0,0,0,0,0,0,128866,0,0,65225,0,269,114,0,276,0,0,0,0,384
355,0,4,0,0,0,0,0,895463,0,0,0,0,217,384,0,0,0,0,0,0,0,0,0,0,0,0,0,0,0,0,128849,0,0,65251,0,276,0,136,306,688498,0,0,0,384
355,0,5,0,0,0,0,0,895463,0,0,0,0,223,384,0,0,0,0,0,0,0,0,0,0,0,0,0,0,0,0,128987,0,0,65296,2027,525,0,1,468,0,0,384,0,384
355,0,6,0,0,0,0,0,895462,0,0,0,0,222,384,0,0,0,0,0,0,0,0,0,0,0,0,0,0,0,0,128866,0,0,65251,0,196,363,1,318,0,0,384,0,384
355,0,7,0,0,0,0,0,895463,0,0,0,0,231,384,0,0,0,0,0,0,0,0,0,0,0,0,0,0,0,0,64564,0,0,65158,0,285,124,0,493,0,0,0,0,384
355,0,8,0,0,0,0,0,895463,0,0,0,0,231,384,0,0,0,0,0,0,0,0,0,0,0,0,0,0,0,0,64555,0,0,65144,0,223,0,124,458,1536,0,0,0,384
355,0,9,0,0,0,0,0,895463,0,0,0,0,233,384,0,0,0,0,0,0,0,0,0,0,0,0,0,0,0,0,64537,0,0,65163,1224,115,0,1,319,0,0,384,0,384
355,0,10,0,0,0,0,0,895463,0,0,0,0,225,384,0,0,0,0,0,0,0,0,0,0,0,0,0,0,0,0,64753,0,0,65178,0,263,366,1,492,0,0,384,0,384
355,0,11,0,0,0,0,0,895463,0,0,0,0,237,384,0,0,0,0,0,0,0,0,0,0,0,0,0,0,0,0,0,0,0,65268,0,43,118,0,366,0,0,0,0,384
355,0,12,0,0,0,0,0,895463,0,0,0,0,232,384,0,0,0,0,0,0,0,0,0,0,0,0,0,0,0,0,0,0,0,65264,0,0,0,123,372,384,0,0,0,384
355,0,13,0,0,0,0,0,895463,0,0,0,0,232,384,0,0,0,0,0,0,0,0,0,0,0,0,0,0,0,0,0,0,0,65269,612,0,0,1,480,0,0,384,0,384
355,0,14,0,0,0,0,0,895463,0,0,0,0,221,384,0,0,0,0,0,0,0,0,0,0,0,0,0,0,0,0,0,0,0,65176,0,0,176,1,321,0,0,0,0,384
355,0,15,0,0,0,0,0,895463,0,0,0,0,42,0,0,0,0,0,0,0,0,0,0,0,0,0,0,0,0,0,0,0,0,0,0,0,38,0,97,0,0,0,0,0
356,0,0,0,0,0,0,0,1791025,0,0,3332,853632,136,0,0,0,0,0,8745,0,0,0,0,0,0,0,0,3332,3332,0,384867,0,1269717,853632,0,1087,0,136,284,0,0,0,0,1663843
356,0,1,0,0,0,0,0,895512,8745,0,0,0,3378,0,0,0,0,0,8745,0,0,0,0,0,0,0,0,0,1686,0,192313,0,447251,0,0,331,417,727,5695,0,0,384,0,0
356,0,2,0,0,0,0,0,895512,0,0,0,0,196,384,0,0,0,0,0,0,0,0,0,0,0,0,0,0,0,0,192881,0,192476,65218,0,799,302,786,414,0,0,384,0,384
356,0,3,0,0,0,0,0,895512,0,0,0,0,195,384,0,0,0,0,0,0,0,0,0,0,0,0,0,0,0,0,128864,0,0,65226,0,262,112,0,275,0,0,0,0,384
356,0,4,0,0,0,0,0,895512,0,0,0,0,218,384,0,0,0,0,0,0,0,0,0,0,0,0,0,0,0,0,128850,0,0,65255,0,270,0,135,304,688552,0,0,0,384
356,0,5,0,0,0,0,0,895512,0,0,0,0,233,384,0,0,0,0,0,0,0,0,0,0,0,0,0,0,0,0,128990,0,0,65296,2031,515,0,2,476,0,0,384,0,384
356,0,6,0,0,0,0,0,895512,0,0,0,0,229,384,0,0,0,0,0,0,0,0,0,0,0,0,0,0,0,0,128858,0,0,65252,0,195,365,0,324,0,0,384,0,384
356,0,7,0,0,0,0,0,895512,0,0,0,0,240,384,0,0,0,0,0,0,0,0,0,0,0,0,0,0,0,0,64568,0,0,65158,0,282,115,0,513,0,0,0,0,384
356,0,8,0,0,0,0,0,895512,0,0,0,0,219,384,0,0,0,0,0,0,0,0,0,0,0,0,0,0,0,0,64557,0,0,65147,0,230,0,136,445,1536,0,0,0,384
356,0,9,0,0,0,0,0,895512,0,0,0,0,230,384,0,0,0,0,0,0,0,0,0,0,0,0,0,0,0,0,64543,0,0,65161,1208,124,0,1,317,0,0,384,0,384
356,0,10,0,0,0,0,0,895512,0,0,0,0,229,384,0,0,0,0,0,0,0,0,0,0,0,0,0,0,0,0,64756,0,0,65178,0,269,360,1,491,0,0,384,0,384
356,0,11,0,0,0,0,0,895512,0,0,0,0,234,384,0,0,0,0,0,0,0,0,0,0,0,0,0,0,0,0,0,0,0,65266,0,44,120,0,366,0,0,0,0,384
356,0,12,0,0,0,0,0,895512,0,0,0,0,246,384,0,0,0,0,0,0,0,0,0,0,0,0,0,0,0,0,0,0,0,65264,0,0,0,109,379,384,0,0,0,384
356,0,13,0,0,0,0,0,895512,0,0,0,0,234,384,0,0,0,0,0,0,0,0,0,0,0,0,0,0,0,0,0,0,0,65266,625,0,0,1,473,0,0,384,0,384
356,0,14,0,0,0,0,0,895512,0,0,0,0,234,384,0,0,0,0,0,0,0,0,0,0,0,0,0,0,0,0,0,0,0,65170,0,0,175,1,328,0,0,0,0,384
356,0,15,0,0,0,0,0,895512,0,0,0,0,54,0,0,0,0,0,0,0,0,0,0,0,0,0,0,0,0,0,0,0,0,0,0,0,26,0,108,0,0,0,0,0
357,0,0,0,0,0,0,0,1790841,0,0,3332,853632,136,0,0,0,0,0,8745,0,0,0,0,0,0,0,0,3332,3332,0,384864,0,1269651,853632,0,1087,0,136,284,0,0,0,0,1663682
357,0,1,0,0,0,0,0,895420,8745,0,0,0,3356,0,0,0,0,0,8745,0,0,0,0,0,0,0,0,0,1695,0,192314,0,447240,0,0,352,430,715,5670,0,0,384,0,0
357,0,2,0,0,0,0,0,895420,0,0,0,0,192,384,0,0,0,0,0,0,0,0,0,0,0,0,0,0,0,0,192872,0,192469,65218,0,800,306,794,412,0,0,384,0,384
357,0,3,0,0,0,0,0,895420,0,0,0,0,194,384,0,0,0,0,0,0,0,0,0,0,0,0,0,0,0,0,128868,0,0,65226,0,251,113,0,277,0,0,0,0,384
357,0,4,0,0,0,0,0,895420,0,0,0,0,225,384,0,0,0,0,0,0,0,0,0,0,0,0,0,0,0,0,128850,0,0,65255,0,270,0,128,317,688521,0,0,0,384
357,0,5,0,0,0,0,0,895420,0,0,0,0,226,384,0,0,0,0,0,0,0,0,0,0,0,0,0,0,0,0,128986,0,0,65296,2030,501,0,1,462,0,0,384,0,384
357,0,6,0,0,0,0,0,895419,0,0,0,0,230,384,0,0,0,0,0,0,0,0,0,0,0,0,0,0,0,0,128853,0,0,65251,0,194,352,1,325,0,0,384,0,384
357,0,7,0,0,0,0,0,895420,0,0,0,0,228,384,0,0,0,0,0,0,0,0,0,0,0,0,0,0,0,0,64563,0,0,65156,0,291,127,0,502,0,0,0,0,384
357,0,8,0,0,0,0,0,895420,0,0,0,0,230,384,0,0,0,0,0,0,0,0,0,0,0,0,0,0,0,0,64552,0,0,65144,0,219,0,125,467,1536,0,0,0,384
357,0,9,0,0,0,0,0,895420,0,0,0,0,218,384,0,0,0,0,0,0,0,0,0,0,0,0,0,0,0,0,64542,0,0,65163,1237,131,0,0,312,0,0,384,0,384
357,0,10,0,0,0,0,0,895420,0,0,0,0,216,384,0,0,0,0,0,0,0,0,0,0,0,0,0,0,0,0,64749,0,0,65177,0,275,368,3,473,0,0,384,0,384
357,0,11,0,0,0,0,0,895420,0,0,0,0,231,384,0,0,0,0,0,0,0,0,0,0,0,0,0,0,0,0,0,0,0,65268,0,42,124,0,353,0,0,0,0,384
357,0,12,0,0,0,0,0,895420,0,0,0,0,225,384,0,0,0,0,0,0,0,0,0,0,0,0,0,0,0,0,0,0,0,65266,0,0,0,130,369,384,0,0,0,384
357,0,13,0,0,0,0,0,895420,0,0,0,0,233,384,0,0,0,0,0,0,0,0,0,0,0,0,0,0,0,0,0,0,0,65267,612,0,0,1,465,0,0,384,0,384
357,0,14,0,0,0,0,0,895420,0,0,0,0,227,384,0,0,0,0,0,0,0,0,0,0,0,0,0,0,0,0,0,0,0,65173,0,0,168,2,315,0,0,0,0,384
357,0,15,0,0,0,0,0,895420,0,0,0,0,41,0,0,0,0,0,0,0,0,0,0,0,0,0,0,0,0,0,0,0,0,0,0,0,39,0,96,0,0,0,0,0
358,0,0,0,0,0,0,0,238697,0,0,130,65600,136,0,0,0,0,0,3873,0,0,0,0,0,0,0,0,130,130,0,0,0,129651,65600,0,294,0,136,284,0,0,0,0,192
358,0,1,0,0,0,0,0,119349,3873,0,0,0,1184,0,0,0,0,0,3873,0,0,0,0,0,0,0,0,0,7,0,0,0,65127,0,0,84,170,201,1990,0,0,192,0,0
358,0,2,0,0,0,0,0,119349,0,0,0,0,139,192,0,0,0,0,0,0,0,0,0,0,0,0,0,0,0,0,0,0,0,65337,0,249,129,282,310,0,0,0,0,192
358,0,3,0,0,0,0,0,119349,0,0,0,0,47,0,0,0,0,0,0,0,0,0,0,0,0,0,0,0,0,0,0,0,0,0,0,92,45,0,54,0,0,0,0,0
358,0,4,0,0,0,0,0,119349,0,0,0,0,47,0,0,0,0,0,0,0,0,0,0,0,0,0,0,0,0,0,0,0,0,0,0,87,0,45,61,0,0,0,0,0
358,0,5,0,0,0,0,0,119349,0,0,0,0,47,0,0,0,0,0,0,0,0,0,0,0,0,0,0,0,0,0,0,0,0,0,537,148,0,0,109,0,0,0,0,0
358,0,6,0,0,0,0,0,119349,0,0,0,0,47,0,0,0,0,0,0,0,0,0,0,0,0,0,0,0,0,0,0,0,0,0,0,40,98,0,52,0,0,0,0,0
358,0,7,0,0,0,0,0,119349,0,0,0,0,53,0,0,0,0,0,0,0,0,0,0,0,0,0,0,0,0,0,0,0,0,0,0,104,39,0,140,0,0,0,0,0
358,0,8,0,0,0,0,0,119349,0,0,0,0,50,0,0,0,0,0,0,0,0,0,0,0,0,0,0,0,0,0,0,0,0,0,0,52,0,42,107,0,0,0,0,0
358,0,9,0,0,0,0,0,119349,0,0,0,0,47,0,0,0,0,0,0,0,0,0,0,0,0,0,0,0,0,0,0,0,0,0,365,42,0,0,53,0,0,0,0,0
358,0,10,0,0,0,0,0,119349,0,0,0,0,53,0,0,0,0,0,0,0,0,0,0,0,0,0,0,0,0,0,0,0,0,0,0,91,92,0,118,0,0,0,0,0
358,0,11,0,0,0,0,0,119349,0,0,0,0,53,0,0,0,0,0,0,0,0,0,0,0,0,0,0,0,0,0,0,0,0,0,0,40,39,0,94,0,0,0,0,0
358,0,12,0,0,0,0,0,119349,0,0,0,0,47,0,0,0,0,0,0,0,0,0,0,0,0,0,0,0,0,0,0,0,0,0,0,0,0,45,93,0,0,0,0,0
358,0,13,0,0,0,0,0,119349,0,0,0,0,53,0,0,0,0,0,0,0,0,0,0,0,0,0,0,0,0,0,0,0,0,0,178,0,0,0,109,0,0,0,0,0
358,0,14,0,0,0,0,0,119349,0,0,0,0,53,0,0,0,0,0,0,0,0,0,0,0,0,0,0,0,0,0,0,0,0,0,0,0,80,0,60,0,0,0,0,0
358,0,15,0,0,0,0,0,119349,0,0,0,0,41,0,0,0,0,0,0,0,0,0,0,0,0,0,0,0,0,0,0,0,0,0,0,0,39,0,88,0,0,0,0,0
359,0,0,0,0,0,0,0,238743,0,0,130,65600,136,0,0,0,0,0,3873,0,0,0,0,0,0,0,0,130,130,0,0,0,129601,65600,0,294,0,136,284,0,0,0,0,192
359,0,1,0,0,0,0,0,119372,3873,0,0,0,1178,0,0,0,0,0,3873,0,0,0,0,0,0,0,0,0,2,0,0,0,65107,0,0,76,172,213,1996,0,0,192,0,0
359,0,2,0,0,0,0,0,119372,0,0,0,0,140,192,0,0,0,0,0,0,0,0,0,0,0,0,0,0,0,0,0,0,0,65329,0,255,128,267,308,0,0,0,0,192
359,0,3,0,0,0,0,0,119372,0,0,0,0,47,0,0,0,0,0,0,0,0,0,0,0,0,0,0,0,0,0,0,0,0,0,0,100,45,0,61,0,0,0,0,0
359,0,4,0,0,0,0,0,119372,0,0,0,0,47,0,0,0,0,0,0,0,0,0,0,0,0,0,0,0,0,0,0,0,0,0,0,87,0,45,69,0,0,0,0,0
359,0,5,0,0,0,0,0,119372,0,0,0,0,47,0,0,0,0,0,0,0,0,0,0,0,0,0,0,0,0,0,0,0,0,0,526,148,0,0,117,0,0,0,0,0
359,0,6,0,0,0,0,0,119372,0,0,0,0,47,0,0,0,0,0,0,0,0,0,0,0,0,0,0,0,0,0,0,0,0,0,0,34,98,0,52,0,0,0,0,0
359,0,7,0,0,0,0,0,119372,0,0,0,0,53,0,0,0,0,0,0,0,0,0,0,0,0,0,0,0,0,0,0,0,0,0,0,104,39,0,132,0,0,0,0,0
359,0,8,0,0,0,0,0,119372,0,0,0,0,50,0,0,0,0,0,0,0,0,0,0,0,0,0,0,0,0,0,0,0,0,0,0,52,0,42,107,0,0,0,0,0
359,0,9,0,0,0,0,0,119372,0,0,0,0,47,0,0,0,0,0,0,0,0,0,0,0,0,0,0,0,0,0,0,0,0,0,376,42,0,0,53,0,0,0,0,0
359,0,10,0,0,0,0,0,119372,0,0,0,0,53,0,0,0,0,0,0,0,0,0,0,0,0,0,0,0,0,0,0,0,0,0,0,89,92,0,126,0,0,0,0,0
359,0,11,0,0,0,0,0,119372,0,0,0,0,53,0,0,0,0,0,0,0,0,0,0,0,0,0,0,0,0,0,0,0,0,0,0,40,39,0,94,0,0,0,0,0
359,0,12,0,0,0,0,0,119372,0,0,0,0,47,0,0,0,0,0,0,0,0,0,0,0,0,0,0,0,0,0,0,0,0,0,0,0,0,45,93,0,0,0,0,0
359,0,13,0,0,0,0,0,119372,0,0,0,0,53,0,0,0,0,0,0,0,0,0,0,0,0,0,0,0,0,0,0,0,0,0,167,0,0,0,109,0,0,0,0,0
359,0,14,0,0,0,0,0,119372,0,0,0,0,53,0,0,0,0,0,0,0,0,0,0,0,0,0,0,0,0,0,0,0,0,0,0,0,91,0,62,0,0,0,0,0
359,0,15,0,0,0,0,0,119372,0,0,0,0,52,0,0,0,0,0,0,0,0,0,0,0,0,0,0,0,0,0,0,0,0,0,0,0,28,0,99,0,0,0,0,0
360,0,0,0,0,0,0,0,238687,0,0,130,65600,136,0,0,0,0,0,3875,0,0,0,0,0,0,0,0,130,130,0,0,0,129601,65600,0,294,0,136,284,0,0,0,0,192
360,0,1,0,0,0,0,0,119344,3873,0,0,0,1185,0,0,0,0,0,3873,0,0,0,0,0,0,0,0,0,5,0,0,0,65109,0,0,84,170,200,1992,0,0,192,0,0
360,0,2,0,0,0,0,0,119344,0,0,0,0,140,192,0,0,0,0,0,0,0,0,0,0,0,0,0,0,0,0,0,0,0,65331,0,249,128,282,312,0,0,0,0,192
360,0,3,0,0,0,0,0,119344,0,0,0,0,47,0,0,0,0,0,0,0,0,0,0,0,0,0,0,0,0,0,0,0,0,0,0,92,45,0,54,0,0,0,0,0
360,0,4,0,0,0,0,0,119344,0,0,0,0,47,0,0,0,0,0,0,0,0,0,0,0,0,0,0,0,0,0,0,0,0,0,0,87,0,45,62,0,0,0,0,0
360,0,5,0,0,0,0,0,119344,0,0,0,0,47,0,0,0,0,0,0,0,0,0,0,0,0,0,0,0,0,0,0,0,0,0,537,148,0,0,109,0,0,0,0,0
360,0,6,0,0,0,0,0,119344,0,0,0,0,47,0,0,0,0,0,0,0,0,0,0,0,0,0,0,0,0,0,0,0,0,0,0,40,98,0,52,0,0,0,0,0
360,0,7,0,0,0,0,0,119344,0,0,0,0,53,0,0,0,0,0,0,0,0,0,0,0,0,0,0,0,0,0,0,0,0,0,0,104,39,0,140,0,0,0,0,0
360,0,8,0,0,0,0,0,119344,0,0,0,0,50,0,0,0,0,0,0,0,0,0,0,0,0,0,0,0,0,0,0,0,0,0,0,52,0,42,107,0,0,0,0,0
360,0,9,0,0,0,0,0,119344,0,0,0,0,47,0,0,0,0,0,0,0,0,0,0,0,0,0,0,0,0,0,0,0,0,0,365,42,0,0,53,0,0,0,0,0
360,0,10,0,0,0,0,0,119344,0,0,0,0,53,0,0,0,0,0,0,0,0,0,0,0,0,0,0,0,0,0,0,0,0,0,0,91,92,0,118,0,0,0,0,0
360,0,11,0,0,0,0,0,119344,0,0,0,0,53,0,0,0,0,0,0,0,0,0,0,0,0,0,0,0,0,0,0,0,0,0,0,40,39,0,94,0,0,0,0,0
360,0,12,0,0,0,0,0,119344,0,0,0,0,47,0,0,0,0,0,0,0,0,0,0,0,0,0,0,0,0,0,0,0,0,0,0,0,0,45,93,0,0,0,0,0
360,0,13,0,0,0,0,0,119344,0,0,0,0,53,0,0,0,0,0,0,0,0,0,0,0,0,0,0,0,0,0,0,0,0,0,178,0,0,0,109,0,0,0,0,0
360,0,14,0,0,0,0,0,119343,0,0,0,0,53,0,0,0,0,0,0,0,0,0,0,0,0,0,0,0,0,0,0,0,0,0,0,0,80,0,60,0,0,0,0,0
360,0,15,0,0,0,0,0,119344,0,0,0,0,41,0,0,0,0,0,0,0,0,0,0,0,0,0,0,0,0,0,0,0,0,0,0,0,39,0,88,0,0,0,0,0
361,0,0,0,0,0,0,0,363146,0,0,258,131200,136,0,0,0,0,0,4071,0,0,0,0,0,0,0,0,258,258,0,0,0,258840,131200,0,294,0,136,284,0,0,0,0,384
361,0,1,0,0,0,0,0,181573,4071,0,0,0,1254,0,0,0,0,0,4071,0,0,0,0,0,0,0,0,0,136,0,0,0,129978,0,0,76,171,267,2094,0,0,192,0,0
361,0,2,0,0,0,0,0,181573,0,0,0,0,122,192,0,0,0,0,0,0,0,0,0,0,0,0,0,0,0,0,0,0,65121,65336,0,255,232,361,272,0,0,192,0,192
361,0,3,0,0,0,0,0,181573,0,0,0,0,136,192,0,0,0,0,0,0,0,0,0,0,0,0,0,0,0,0,0,0,0,65339,0,100,84,0,188,0,0,0,0,192
361,0,4,0,0,0,0,0,181573,0,0,0,0,47,0,0,0,0,0,0,0,0,0,0,0,0,0,0,0,0,0,0,0,0,0,0,87,0,45,70,0,0,0,0,0
361,0,5,0,0,0,0,0,181573,0,0,0,0,47,0,0,0,0,0,0,0,0,0,0,0,0,0,0,0,0,0,0,0,0,0,526,148,0,0,117,0,0,0,0,0
361,0,6,0,0,0,0,0,181573,0,0,0,0,47,0,0,0,0,0,0,0,0,0,0,0,0,0,0,0,0,0,0,0,0,0,0,34,98,0,52,0,0,0,0,0
361,0,7,0,0,0,0,0,181573,0,0,0,0,53,0,0,0,0,0,0,0,0,0,0,0,0,0,0,0,0,0,0,0,0,0,0,105,39,0,132,0,0,0,0,0
361,0,8,0,0,0,0,0,181573,0,0,0,0,50,0,0,0,0,0,0,0,0,0,0,0,0,0,0,0,0,0,0,0,0,0,0,52,0,42,107,0,0,0,0,0
361,0,9,0,0,0,0,0,181573,0,0,0,0,47,0,0,0,0,0,0,0,0,0,0,0,0,0,0,0,0,0,0,0,0,0,376,42,0,0,53,0,0,0,0,0
361,0,10,0,0,0,0,0,181573,0,0,0,0,53,0,0,0,0,0,0,0,0,0,0,0,0,0,0,0,0,0,0,0,0,0,0,89,92,0,126,0,0,0,0,0
361,0,11,0,0,0,0,0,181573,0,0,0,0,53,0,0,0,0,0,0,0,0,0,0,0,0,0,0,0,0,0,0,0,0,0,0,40,39,0,94,0,0,0,0,0
361,0,12,0,0,0,0,0,181573,0,0,0,0,47,0,0,0,0,0,0,0,0,0,0,0,0,0,0,0,0,0,0,0,0,0,0,0,0,45,93,0,0,0,0,0
361,0,13,0,0,0,0,0,181573,0,0,0,0,53,0,0,0,0,0,0,0,0,0,0,0,0,0,0,0,0,0,0,0,0,0,167,0,0,0,109,0,0,0,0,0
361,0,14,0,0,0,0,0,181573,0,0,0,0,53,0,0,0,0,0,0,0,0,0,0,0,0,0,0,0,0,0,0,0,0,0,0,0,91,0,62,0,0,0,0,0
361,0,15,0,0,0,0,0,181573,0,0,0,0,52,0,0,0,0,0,0,0,0,0,0,0,0,0,0,0,0,0,0,0,0,0,0,0,28,0,100,0,0,0,0,0
362,0,0,0,0,0,0,0,363177,0,0,258,131200,136,0,0,0,0,0,4071,0,0,0,0,0,0,0,0,258,258,0,0,0,258873,131200,0,294,0,136,284,0,0,0,0,384
362,0,1,0,0,0,0,0,181588,4071,0,0,0,1241,0,0,0,0,0,4071,0,0,0,0,0,0,0,0,0,134,0,0,0,129989,0,0,78,168,281,2085,0,0,192,0,0
362,0,2,0,0,0,0,0,181588,0,0,0,0,121,192,0,0,0,0,0,0,0,0,0,0,0,0,0,0,0,0,0,0,65123,65341,0,249,229,360,263,0,0,192,0,192
362,0,3,0,0,0,0,0,181588,0,0,0,0,131,192,0,0,0,0,0,0,0,0,0,0,0,0,0,0,0,0,0,0,0,65340,0,99,89,0,185,0,0,0,0,192
362,0,4,0,0,0,0,0,181588,0,0,0,0,47,0,0,0,0,0,0,0,0,0,0,0,0,0,0,0,0,0,0,0,0,0,0,87,0,45,67,0,0,0,0,0
362,0,5,0,0,0,0,0,181588,0,0,0,0,47,0,0,0,0,0,0,0,0,0,0,0,0,0,0,0,0,0,0,0,0,0,525,148,0,0,115,0,0,0,0,0
362,0,6,0,0,0,0,0,181588,0,0,0,0,47,0,0,0,0,0,0,0,0,0,0,0,0,0,0,0,0,0,0,0,0,0,0,40,98,0,52,0,0,0,0,0
362,0,7,0,0,0,0,0,181588,0,0,0,0,53,0,0,0,0,0,0,0,0,0,0,0,0,0,0,0,0,0,0,0,0,0,0,104,39,0,134,0,0,0,0,0
362,0,8,0,0,0,0,0,181588,0,0,0,0,50,0,0,0,0,0,0,0,0,0,0,0,0,0,0,0,0,0,0,0,0,0,0,52,0,42,107,0,0,0,0,0
362,0,9,0,0,0,0,0,181588,0,0,0,0,47,0,0,0,0,0,0,0,0,0,0,0,0,0,0,0,0,0,0,0,0,0,377,42,0,0,53,0,0,0,0,0
362,0,10,0,0,0,0,0,181588,0,0,0,0,53,0,0,0,0,0,0,0,0,0,0,0,0,0,0,0,0,0,0,0,0,0,0,85,92,0,124,0,0,0,0,0
362,0,11,0,0,0,0,0,181588,0,0,0,0,53,0,0,0,0,0,0,0,0,0,0,0,0,0,0,0,0,0,0,0,0,0,0,41,39,0,94,0,0,0,0,0
362,0,12,0,0,0,0,0,181588,0,0,0,0,47,0,0,0,0,0,0,0,0,0,0,0,0,0,0,0,0,0,0,0,0,0,0,0,0,45,93,0,0,0,0,0
362,0,13,0,0,0,0,0,181588,0,0,0,0,53,0,0,0,0,0,0,0,0,0,0,0,0,0,0,0,0,0,0,0,0,0,166,0,0,0,109,0,0,0,0,0
362,0,14,0,0,0,0,0,181588,0,0,0,0,53,0,0,0,0,0,0,0,0,0,0,0,0,0,0,0,0,0,0,0,0,0,0,0,92,0,66,0,0,0,0,0
362,0,15,0,0,0,0,0,181588,0,0,0,0,53,0,0,0,0,0,0,0,0,0,0,0,0,0,0,0,0,0,0,0,0,0,0,0,27,0,100,0,0,0,0,0
363,0,0,0,0,0,0,0,363202,0,0,258,131200,136,0,0,0,0,0,4068,0,0,0,0,0,0,0,0,258,258,0,0,0,258789,131200,0,294,0,136,284,0,0,0,0,384
363,0,1,0,0,0,0,0,181601,4068,0,0,0,1243,0,0,0,0,0,4068,0,0,0,0,0,0,0,0,0,137,0,0,0,129956,0,0,80,167,278,2094,0,0,192,0,0
363,0,2,0,0,0,0,0,181601,0,0,0,0,124,192,0,0,0,0,0,0,0,0,0,0,0,0,0,0,0,0,0,0,65116,65339,0,249,222,360,269,0,0,192,0,192
363,0,3,0,0,0,0,0,181601,0,0,0,0,127,192,0,0,0,0,0,0,0,0,0,0,0,0,0,0,0,0,0,0,0,65339,0,97,93,0,183,0,0,0,0,192
363,0,4,0,0,0,0,0,181601,0,0,0,0,47,0,0,0,0,0,0,0,0,0,0,0,0,0,0,0,0,0,0,0,0,0,0,87,0,45,66,0,0,0,0,0
363,0,5,0,0,0,0,0,181601,0,0,0,0,47,0,0,0,0,0,0,0,0,0,0,0,0,0,0,0,0,0,0,0,0,0,525,148,0,0,113,0,0,0,0,0
363,0,6,0,0,0,0,0,181601,0,0,0,0,47,0,0,0,0,0,0,0,0,0,0,0,0,0,0,0,0,0,0,0,0,0,0,40,98,0,52,0,0,0,0,0
363,0,7,0,0,0,0,0,181601,0,0,0,0,53,0,0,0,0,0,0,0,0,0,0,0,0,0,0,0,0,0,0,0,0,0,0,104,39,0,136,0,0,0,0,0
363,0,8,0,0,0,0,0,181601,0,0,0,0,50,0,0,0,0,0,0,0,0,0,0,0,0,0,0,0,0,0,0,0,0,0,0,52,0,42,107,0,0,0,0,0
363,0,9,0,0,0,0,0,181601,0,0,0,0,47,0,0,0,0,0,0,0,0,0,0,0,0,0,0,0,0,0,0,0,0,0,377,42,0,0,53,0,0,0,0,0
363,0,10,0,0,0,0,0,181601,0,0,0,0,53,0,0,0,0,0,0,0,0,0,0,0,0,0,0,0,0,0,0,0,0,0,0,87,92,0,122,0,0,0,0,0
363,0,11,0,0,0,0,0,181601,0,0,0,0,53,0,0,0,0,0,0,0,0,0,0,0,0,0,0,0,0,0,0,0,0,0,0,41,39,0,94,0,0,0,0,0
363,0,12,0,0,0,0,0,181601,0,0,0,0,47,0,0,0,0,0,0,0,0,0,0,0,0,0,0,0,0,0,0,0,0,0,0,0,0,45,93,0,0,0,0,0
363,0,13,0,0,0,0,0,181601,0,0,0,0,53,0,0,0,0,0,0,0,0,0,0,0,0,0,0,0,0,0,0,0,0,0,166,0,0,0,109,0,0,0,0,0
363,0,14,0,0,0,0,0,181600,0,0,0,0,53,0,0,0,0,0,0,0,0,0,0,0,0,0,0,0,0,0,0,0,0,0,0,0,92,0,64,0,0,0,0,0
363,0,15,0,0,0,0,0,181601,0,0,0,0,53,0,0,0,0,0,0,0,0,0,0,0,0,0,0,0,0,0,0,0,0,0,0,0,27,0,100,0,0,0,0,0
364,0,0,0,0,0,0,0,625616,0,0,516,262400,136,0,0,0,0,0,4467,0,0,0,0,0,0,0,0,516,516,0,130222,0,388094,262400,0,425,0,136,284,0,0,0,0,768
364,0,1,0,0,0,0,0,312808,4467,0,0,0,1376,0,0,0,0,0,4467,0,0,0,0,0,0,0,0,0,264,0,65149,0,129743,0,0,140,218,294,2346,0,0,192,0,0
364,0,2,0,0,0,0,0,312808,0,0,0,0,119,192,0,0,0,0,0,0,0,0,0,0,0,0,0,0,0,0,0,0,65017,65350,0,249,231,342,265,0,0,192,0,192
364,0,3,0,0,0,0,0,312808,0,0,0,0,135,192,0,0,0,0,0,0,0,0,0,0,0,0,0,0,0,0,0,0,0,65405,0,94,86,0,211,0,0,0,0,192
364,0,4,0,0,0,0,0,312808,0,0,0,0,122,192,0,0,0,0,0,0,0,0,0,0,0,0,0,0,0,0,0,0,0,65341,0,87,0,99,193,192,0,0,0,192
364,0,5,0,0,0,0,0,312808,0,0,0,0,126,192,0,0,0,0,0,0,0,0,0,0,0,0,0,0,0,0,0,0,0,65345,651,148,0,1,263,0,0,0,0,192
364,0,6,0,0,0,0,0,312808,0,0,0,0,47,0,0,0,0,0,0,0,0,0,0,0,0,0,0,0,0,0,0,0,0,0,0,40,98,1,52,0,0,0,0,0
364,0,7,0,0,0,0,0,312808,0,0,0,0,53,0,0,0,0,0,0,0,0,0,0,0,0,0,0,0,0,0,0,0,0,0,0,107,39,0,137,0,0,0,0,0
364,0,8,0,0,0,0,0,312808,0,0,0,0,50,0,0,0,0,0,0,0,0,0,0,0,0,0,0,0,0,0,0,0,0,0,0,52,0,42,107,0,0,0,0,0
364,0,9,0,0,0,0,0,312808,0,0,0,0,47,0,0,0,0,0,0,0,0,0,0,0,0,0,0,0,0,0,0,0,0,0,375,42,0,0,53,0,0,0,0,0
364,0,10,0,0,0,0,0,312808,0,0,0,0,53,0,0,0,0,0,0,0,0,0,0,0,0,0,0,0,0,0,0,0,0,0,0,88,92,0,121,0,0,0,0,0
364,0,11,0,0,0,0,0,312808,0,0,0,0,53,0,0,0,0,0,0,0,0,0,0,0,0,0,0,0,0,0,0,0,0,0,0,40,39,0,94,0,0,0,0,0
364,0,12,0,0,0,0,0,312808,0,0,0,0,47,0,0,0,0,0,0,0,0,0,0,0,0,0,0,0,0,0,0,0,0,0,0,0,0,45,93,0,0,0,0,0
364,0,13,0,0,0,0,0,312808,0,0,0,0,53,0,0,0,0,0,0,0,0,0,0,0,0,0,0,0,0,0,0,0,0,0,168,0,0,0,109,0,0,0,0,0
364,0,14,0,0,0,0,0,312808,0,0,0,0,53,0,0,0,0,0,0,0,0,0,0,0,0,0,0,0,0,0,0,0,0,0,0,0,90,0,63,0,0,0,0,0
364,0,15,0,0,0,0,0,312808,0,0,0,0,51,0,0,0,0,0,0,0,0,0,0,0,0,0,0,0,0,0,0,0,0,0,0,0,29,0,101,0,0,0,0,0
365,0,0,0,0,0,0,0,625575,0,0,516,262400,136,0,0,0,0,0,4470,0,0,0,0,0,0,0,0,516,516,0,129821,0,388685,262400,0,425,0,136,284,0,0,0,0,768
365,0,1,0,0,0,0,0,312788,4470,0,0,0,1384,0,0,0,0,0,4470,0,0,0,0,0,0,0,0,0,261,0,65150,0,129933,0,0,138,221,285,2364,0,0,192,0,0
365,0,2,0,0,0,0,0,312788,0,0,0,0,129,192,0,0,0,0,0,0,0,0,0,0,0,0,0,0,0,0,0,0,65034,65405,0,249,217,343,282,0,0,192,0,192
365,0,3,0,0,0,0,0,312788,0,0,0,0,130,192,0,0,0,0,0,0,0,0,0,0,0,0,0,0,0,0,0,0,0,65407,0,95,91,0,204,0,0,0,0,192
365,0,4,0,0,0,0,0,312788,0,0,0,0,129,192,0,0,0,0,0,0,0,0,0,0,0,0,0,0,0,0,0,0,0,65246,0,87,0,92,201,192,0,0,0,192
365,0,5,0,0,0,0,0,312788,0,0,0,0,129,192,0,0,0,0,0,0,0,0,0,0,0,0,0,0,0,0,0,0,0,65347,655,148,0,1,268,0,0,0,0,192
365,0,6,0,0,0,0,0,312788,0,0,0,0,47,0,0,0,0,0,0,0,0,0,0,0,0,0,0,0,0,0,0,0,0,0,0,40,98,1,52,0,0,0,0,0
365,0,7,0,0,0,0,0,312788,0,0,0,0,53,0,0,0,0,0,0,0,0,0,0,0,0,0,0,0,0,0,0,0,0,0,0,106,39,0,137,0,0,0,0,0
365,0,8,0,0,0,0,0,312788,0,0,0,0,50,0,0,0,0,0,0,0,0,0,0,0,0,0,0,0,0,0,0,0,0,0,0,52,0,42,107,0,0,0,0,0
365,0,9,0,0,0,0,0,312788,0,0,0,0,47,0,0,0,0,0,0,0,0,0,0,0,0,0,0,0,0,0,0,0,0,0,375,42,0,0,53,0,0,0,0,0
365,0,10,0,0,0,0,0,312788,0,0,0,0,53,0,0,0,0,0,0,0,0,0,0,0,0,0,0,0,0,0,0,0,0,0,0,88,92,0,121,0,0,0,0,0
365,0,11,0,0,0,0,0,312788,0,0,0,0,53,0,0,0,0,0,0,0,0,0,0,0,0,0,0,0,0,0,0,0,0,0,0,41,39,0,94,0,0,0,0,0
365,0,12,0,0,0,0,0,312788,0,0,0,0,47,0,0,0,0,0,0,0,0,0,0,0,0,0,0,0,0,0,0,0,0,0,0,0,0,45,93,0,0,0,0,0
365,0,13,0,0,0,0,0,312788,0,0,0,0,53,0,0,0,0,0,0,0,0,0,0,0,0,0,0,0,0,0,0,0,0,0,168,0,0,0,109,0,0,0,0,0
365,0,14,0,0,0,0,0,312788,0,0,0,0,53,0,0,0,0,0,0,0,0,0,0,0,0,0,0,0,0,0,0,0,0,0,0,0,90,0,63,0,0,0,0,0
365,0,15,0,0,0,0,0,312788,0,0,0,0,51,0,0,0,0,0,0,0,0,0,0,0,0,0,0,0,0,0,0,0,0,0,0,0,29,0,100,0,0,0,0,0
366,0,0,0,0,0,0,0,625464,0,0,516,262400,136,0,0,0,0,0,4470,0,0,0,0,0,0,0,0,516,516,0,130233,0,388259,262400,0,425,0,136,284,0,0,0,0,768
366,0,1,0,0,0,0,0,312732,4470,0,0,0,1377,0,0,0,0,0,4470,0,0,0,0,0,0,0,0,0,258,0,65027,0,129916,0,0,140,224,287,2348,0,0,192,0,0
366,0,2,0,0,0,0,0,312732,0,0,0,0,123,192,0,0,0,0,0,0,0,0,0,0,0,0,0,0,0,0,0,0,65029,65405,0,249,223,342,275,0,0,192,0,192
366,0,3,0,0,0,0,0,312732,0,0,0,0,130,192,0,0,0,0,0,0,0,0,0,0,0,0,0,0,0,0,0,0,0,65404,0,95,91,0,205,0,0,0,0,192
366,0,4,0,0,0,0,0,312732,0,0,0,0,124,192,0,0,0,0,0,0,0,0,0,0,0,0,0,0,0,0,0,0,0,65345,0,87,0,97,199,192,0,0,0,192
366,0,5,0,0,0,0,0,312732,0,0,0,0,121,192,0,0,0,0,0,0,0,0,0,0,0,0,0,0,0,0,0,0,0,65310,658,148,0,1,258,0,0,0,0,192
366,0,6,0,0,0,0,0,312732,0,0,0,0,47,0,0,0,0,0,0,0,0,0,0,0,0,0,0,0,0,0,0,0,0,0,0,40,98,1,52,0,0,0,0,0
366,0,7,0,0,0,0,0,312732,0,0,0,0,53,0,0,0,0,0,0,0,0,0,0,0,0,0,0,0,0,0,0,0,0,0,0,106,39,0,137,0,0,0,0,0
366,0,8,0,0,0,0,0,312732,0,0,0,0,50,0,0,0,0,0,0,0,0,0,0,0,0,0,0,0,0,0,0,0,0,0,0,52,0,42,107,0,0,0,0,0
366,0,9,0,0,0,0,0,312732,0,0,0,0,47,0,0,0,0,0,0,0,0,0,0,0,0,0,0,0,0,0,0,0,0,0,375,42,0,0,53,0,0,0,0,0
366,0,10,0,0,0,0,0,312732,0,0,0,0,53,0,0,0,0,0,0,0,0,0,0,0,0,0,0,0,0,0,0,0,0,0,0,88,92,0,121,0,0,0,0,0
366,0,11,0,0,0,0,0,312732,0,0,0,0,53,0,0,0,0,0,0,0,0,0,0,0,0,0,0,0,0,0,0,0,0,0,0,41,39,0,94,0,0,0,0,0
366,0,12,0,0,0,0,0,312732,0,0,0,0,47,0,0,0,0,0,0,0,0,0,0,0,0,0,0,0,0,0,0,0,0,0,0,0,0,45,93,0,0,0,0,0
366,0,13,0,0,0,0,0,312732,0,0,0,0,53,0,0,0,0,0,0,0,0,0,0,0,0,0,0,0,0,0,0,0,0,0,168,0,0,0,109,0,0,0,0,0
366,0,14,0,0,0,0,0,312731,0,0,0,0,53,0,0,0,0,0,0,0,0,0,0,0,0,0,0,0,0,0,0,0,0,0,0,0,90,0,63,0,0,0,0,0
366,0,15,0,0,0,0,0,312732,0,0,0,0,51,0,0,0,0,0,0,0,0,0,0,0,0,0,0,0,0,0,0,0,0,0,0,0,29,0,100,0,0,0,0,0
367,0,0,0,0,0,0,0,886411,0,0,774,393600,136,0,0,0,0,0,4869,0,0,0,0,0,0,0,0,774,774,0,130120,0,646712,393600,0,425,0,136,284,0,0,0,0,1152
367,0,1,0,0,0,0,0,443206,4869,0,0,0,1635,0,0,0,0,0,4869,0,0,0,0,0,0,0,0,0,381,0,65122,0,259528,0,0,143,174,336,2748,0,0,192,0,0
367,0,2,0,0,0,0,0,443206,0,0,0,0,129,192,0,0,0,0,0,0,0,0,0,0,0,0,0,0,0,0,65144,0,130135,65396,0,321,219,457,306,0,0,192,0,192
367,0,3,0,0,0,0,0,443206,0,0,0,0,132,192,0,0,0,0,0,0,0,0,0,0,0,0,0,0,0,0,65081,0,0,65400,0,107,86,0,210,0,0,0,0,192
367,0,4,0,0,0,0,0,443206,0,0,0,0,135,192,0,0,0,0,0,0,0,0,0,0,0,0,0,0,0,0,0,0,0,65394,0,87,0,86,162,384,0,0,0,192
367,0,5,0,0,0,0,0,443206,0,0,0,0,140,192,0,0,0,0,0,0,0,0,0,0,0,0,0,0,0,0,0,0,0,65339,774,150,0,0,272,0,0,192,0,192
367,0,6,0,0,0,0,0,443206,0,0,0,0,138,192,0,0,0,0,0,0,0,0,0,0,0,0,0,0,0,0,0,0,0,65346,0,39,228,3,203,0,0,192,0,192
367,0,7,0,0,0,0,0,443206,0,0,0,0,147,192,0,0,0,0,0,0,0,0,0,0,0,0,0,0,0,0,0,0,0,65339,0,108,74,0,347,0,0,0,0,192
367,0,8,0,0,0,0,0,443206,0,0,0,0,51,0,0,0,0,0,0,0,0,0,0,0,0,0,0,0,0,0,0,0,0,0,0,52,0,41,108,0,0,0,0,0
367,0,9,0,0,0,0,0,443206,0,0,0,0,48,0,0,0,0,0,0,0,0,0,0,0,0,0,0,0,0,0,0,0,0,0,378,41,0,0,53,0,0,0,0,0
367,0,10,0,0,0,0,0,443206,0,0,0,0,52,0,0,0,0,0,0,0,0,0,0,0,0,0,0,0,0,0,0,0,0,0,0,86,92,0,123,0,0,0,0,0
367,0,11,0,0,0,0,0,443206,0,0,0,0,52,0,0,0,0,0,0,0,0,0,0,0,0,0,0,0,0,0,0,0,0,0,0,41,40,0,93,0,0,0,0,0
367,0,12,0,0,0,0,0,443206,0,0,0,0,46,0,0,0,0,0,0,0,0,0,0,0,0,0,0,0,0,0,0,0,0,0,0,0,0,46,92,0,0,0,0,0
367,0,13,0,0,0,0,0,443206,0,0,0,0,53,0,0,0,0,0,0,0,0,0,0,0,0,0,0,0,0,0,0,0,0,0,165,0,0,0,110,0,0,0,0,0
367,0,14,0,0,0,0,0,443206,0,0,0,0,52,0,0,0,0,0,0,0,0,0,0,0,0,0,0,0,0,0,0,0,0,0,0,0,92,0,64,0,0,0,0,0
367,0,15,0,0,0,0,0,443206,0,0,0,0,52,0,0,0,0,0,0,0,0,0,0,0,0,0,0,0,0,0,0,0,0,0,0,0,28,0,103,0,0,0,0,0
368,0,0,0,0,0,0,0,886546,0,0,774,393600,136,0,0,0,0,0,4869,0,0,0,0,0,0,0,0,774,774,0,130083,0,646786,393600,0,425,0,136,284,0,0,0,0,1152
368,0,1,0,0,0,0,0,443273,4869,0,0,0,1624,0,0,0,0,0,4869,0,0,0,0,0,0,0,0,0,386,0,65122,0,259557,0,0,137,184,343,2729,0,0,192,0,0
368,0,2,0,0,0,0,0,443273,0,0,0,0,132,192,0,0,0,0,0,0,0,0,0,0,0,0,0,0,0,0,65145,0,130133,65400,0,321,216,451,308,0,0,192,0,192
368,0,3,0,0,0,0,0,443273,0,0,0,0,132,192,0,0,0,0,0,0,0,0,0,0,0,0,0,0,0,0,65081,0,0,65401,0,117,86,0,206,0,0,0,0,192
368,0,4,0,0,0,0,0,443273,0,0,0,0,137,192,0,0,0,0,0,0,0,0,0,0,0,0,0,0,0,0,0,0,0,65381,0,87,0,84,174,384,0,0,0,192
368,0,5,0,0,0,0,0,443273,0,0,0,0,135,192,0,0,0,0,0,0,0,0,0,0,0,0,0,0,0,0,0,0,0,65341,785,148,0,1,275,0,0,192,0,192
368,0,6,0,0,0,0,0,443272,0,0,0,0,137,192,0,0,0,0,0,0,0,0,0,0,0,0,0,0,0,0,0,0,0,65346,0,40,224,2,201,0,0,192,0,192
368,0,7,0,0,0,0,0,443273,0,0,0,0,141,192,0,0,0,0,0,0,0,0,0,0,0,0,0,0,0,0,0,0,0,65338,0,107,79,0,334,0,0,0,0,192
368,0,8,0,0,0,0,0,443273,0,0,0,0,50,0,0,0,0,0,0,0,0,0,0,0,0,0,0,0,0,0,0,0,0,0,0,52,0,42,107,0,0,0,0,0
368,0,9,0,0,0,0,0,443273,0,0,0,0,47,0,0,0,0,0,0,0,0,0,0,0,0,0,0,0,0,0,0,0,0,0,377,42,0,0,53,0,0,0,0,0
368,0,10,0,0,0,0,0,443273,0,0,0,0,53,0,0,0,0,0,0,0,0,0,0,0,0,0,0,0,0,0,0,0,0,0,0,85,92,0,124,0,0,0,0,0
368,0,11,0,0,0,0,0,443273,0,0,0,0,53,0,0,0,0,0,0,0,0,0,0,0,0,0,0,0,0,0,0,0,0,0,0,42,39,0,94,0,0,0,0,0
368,0,12,0,0,0,0,0,443273,0,0,0,0,47,0,0,0,0,0,0,0,0,0,0,0,0,0,0,0,0,0,0,0,0,0,0,0,0,45,93,0,0,0,0,0
368,0,13,0,0,0,0,0,443273,0,0,0,0,53,0,0,0,0,0,0,0,0,0,0,0,0,0,0,0,0,0,0,0,0,0,166,0,0,0,109,0,0,0,0,0
368,0,14,0,0,0,0,0,443273,0,0,0,0,53,0,0,0,0,0,0,0,0,0,0,0,0,0,0,0,0,0,0,0,0,0,0,0,92,0,66,0,0,0,0,0
368,0,15,0,0,0,0,0,443273,0,0,0,0,53,0,0,0,0,0,0,0,0,0,0,0,0,0,0,0,0,0,0,0,0,0,0,0,27,0,103,0,0,0,0,0
369,0,0,0,0,0,0,0,886402,0,0,774,393600,136,0,0,0,0,0,4869,0,0,0,0,0,0,0,0,774,774,0,130092,0,646728,393600,0,425,0,136,284,0,0,0,0,1152
369,0,1,0,0,0,0,0,443201,4869,0,0,0,1627,0,0,0,0,0,4869,0,0,0,0,0,0,0,0,0,388,0,65125,0,259542,0,0,133,187,341,2725,0,0,192,0,0
369,0,2,0,0,0,0,0,443201,0,0,0,0,130,192,0,0,0,0,0,0,0,0,0,0,0,0,0,0,0,0,65148,0,130120,65401,0,325,215,444,311,0,0,192,0,192
369,0,3,0,0,0,0,0,443201,0,0,0,0,129,192,0,0,0,0,0,0,0,0,0,0,0,0,0,0,0,0,65080,0,0,65399,0,123,89,0,204,0,0,0,0,192
369,0,4,0,0,0,0,0,443201,0,0,0,0,138,192,0,0,0,0,0,0,0,0,0,0,0,0,0,0,0,0,0,0,0,65388,0,82,0,83,182,384,0,0,0,192
369,0,5,0,0,0,0,0,443201,0,0,0,0,139,192,0,0,0,0,0,0,0,0,0,0,0,0,0,0,0,0,0,0,0,65344,793,149,0,0,282,0,0,192,0,192
369,0,6,0,0,0,0,0,443201,0,0,0,0,134,192,0,0,0,0,0,0,0,0,0,0,0,0,0,0,0,0,0,0,0,65346,0,35,226,3,199,0,0,192,0,192
369,0,7,0,0,0,0,0,443201,0,0,0,0,141,192,0,0,0,0,0,0,0,0,0,0,0,0,0,0,0,0,0,0,0,65337,0,104,80,0,329,0,0,0,0,192
369,0,8,0,0,0,0,0,443201,0,0,0,0,50,0,0,0,0,0,0,0,0,0,0,0,0,0,0,0,0,0,0,0,0,0,0,57,0,42,107,0,0,0,0,0
369,0,9,0,0,0,0,0,443201,0,0,0,0,47,0,0,0,0,0,0,0,0,0,0,0,0,0,0,0,0,0,0,0,0,0,365,41,0,0,53,0,0,0,0,0
369,0,10,0,0,0,0,0,443201,0,0,0,0,54,0,0,0,0,0,0,0,0,0,0,0,0,0,0,0,0,0,0,0,0,0,0,88,92,0,127,0,0,0,0,0
369,0,11,0,0,0,0,0,443201,0,0,0,0,54,0,0,0,0,0,0,0,0,0,0,0,0,0,0,0,0,0,0,0,0,0,0,45,38,0,95,0,0,0,0,0
369,0,12,0,0,0,0,0,443201,0,0,0,0,54,0,0,0,0,0,0,0,0,0,0,0,0,0,0,0,0,0,0,0,0,0,0,0,0,38,95,0,0,0,0,0
369,0,13,0,0,0,0,0,443201,0,0,0,0,51,0,0,0,0,0,0,0,0,0,0,0,0,0,0,0,0,0,0,0,0,0,178,0,0,0,108,0,0,0,0,0
369,0,14,0,0,0,0,0,443200,0,0,0,0,54,0,0,0,0,0,0,0,0,0,0,0,0,0,0,0,0,0,0,0,0,0,0,0,89,0,64,0,0,0,0,0
369,0,15,0,0,0,0,0,443201,0,0,0,0,51,0,0,0,0,0,0,0,0,0,0,0,0,0,0,0,0,0,0,0,0,0,0,0,29,0,98,0,0,0,0,0
370,0,0,0,0,0,0,0,1147572,0,0,1030,524800,136,0,0,0,0,0,5262,0,0,0,0,0,0,0,0,1030,1030,0,259678,0,775928,524800,0,554,0,136,284,0,0,0,0,1536
370,0,1,0,0,0,0,0,573786,5262,0,0,0,1731,0,0,0,0,0,5262,0,0,0,0,0,0,0,0,0,511,0,129897,0,259675,0,0,185,254,376,2963,0,0,192,0,0
370,0,2,0,0,0,0,0,573786,0,0,0,0,125,192,0,0,0,0,0,0,0,0,0,0,0,0,0,0,0,0,65146,0,130125,65345,0,333,215,440,264,0,0,192,0,192
370,0,3,0,0,0,0,0,573786,0,0,0,0,126,192,0,0,0,0,0,0,0,0,0,0,0,0,0,0,0,0,65088,0,0,65401,0,157,93,0,170,0,0,0,0,192
370,0,4,0,0,0,0,0,573786,0,0,0,0,129,192,0,0,0,0,0,0,0,0,0,0,0,0,0,0,0,0,65058,0,0,65400,0,111,0,90,213,576,0,0,0,192
370,0,5,0,0,0,0,0,573786,0,0,0,0,131,192,0,0,0,0,0,0,0,0,0,0,0,0,0,0,0,0,65148,0,0,65417,911,225,0,0,277,0,0,192,0,192
370,0,6,0,0,0,0,0,573785,0,0,0,0,131,192,0,0,0,0,0,0,0,0,0,0,0,0,0,0,0,0,0,0,0,65349,0,40,224,3,183,0,0,192,0,192
370,0,7,0,0,0,0,0,573786,0,0,0,0,136,192,0,0,0,0,0,0,0,0,0,0,0,0,0,0,0,0,0,0,0,65338,0,105,85,0,289,0,0,0,0,192
370,0,8,0,0,0,0,0,573786,0,0,0,0,130,192,0,0,0,0,0,0,0,0,0,0,0,0,0,0,0,0,0,0,0,65329,0,52,0,91,294,192,0,0,0,192
370,0,9,0,0,0,0,0,573786,0,0,0,0,129,192,0,0,0,0,0,0,0,0,0,0,0,0,0,0,0,0,0,0,0,65348,504,42,0,1,189,0,0,0,0,192
370,0,10,0,0,0,0,0,573786,0,0,0,0,53,0,0,0,0,0,0,0,0,0,0,0,0,0,0,0,0,0,0,0,0,0,0,85,92,1,124,0,0,0,0,0
370,0,11,0,0,0,0,0,573786,0,0,0,0,53,0,0,0,0,0,0,0,0,0,0,0,0,0,0,0,0,0,0,0,0,0,0,45,39,0,94,0,0,0,0,0
370,0,12,0,0,0,0,0,573786,0,0,0,0,47,0,0,0,0,0,0,0,0,0,0,0,0,0,0,0,0,0,0,0,0,0,0,0,0,45,93,0,0,0,0,0
370,0,13,0,0,0,0,0,573786,0,0,0,0,53,0,0,0,0,0,0,0,0,0,0,0,0,0,0,0,0,0,0,0,0,0,165,0,0,0,109,0,0,0,0,0
370,0,14,0,0,0,0,0,573786,0,0,0,0,53,0,0,0,0,0,0,0,0,0,0,0,0,0,0,0,0,0,0,0,0,0,0,0,93,0,66,0,0,0,0,0
370,0,15,0,0,0,0,0,573786,0,0,0,0,54,0,0,0,0,0,0,0,0,0,0,0,0,0,0,0,0,0,0,0,0,0,0,0,26,0,103,0,0,0,0,0
371,0,0,0,0,0,0,0,1147516,0,0,1030,524800,136,0,0,0,0,0,5265,0,0,0,0,0,0,0,0,1030,1030,0,259746,0,775891,524800,0,554,0,136,284,0,0,0,0,1536
371,0,1,0,0,0,0,0,573758,5265,0,0,0,1740,0,0,0,0,0,5265,0,0,0,0,0,0,0,0,0,516,0,129932,0,259629,0,0,189,251,366,2967,0,0,192,0,0
371,0,2,0,0,0,0,0,573758,0,0,0,0,117,192,0,0,0,0,0,0,0,0,0,0,0,0,0,0,0,0,65136,0,130115,65345,0,328,223,453,258,0,0,192,0,192
371,0,3,0,0,0,0,0,573758,0,0,0,0,126,192,0,0,0,0,0,0,0,0,0,0,0,0,0,0,0,0,65074,0,0,65401,0,156,93,0,158,0,0,0,0,192
371,0,4,0,0,0,0,0,573758,0,0,0,0,123,192,0,0,0,0,0,0,0,0,0,0,0,0,0,0,0,0,65076,0,0,65401,0,109,0,96,204,576,0,0,0,192
371,0,5,0,0,0,0,0,573758,0,0,0,0,127,192,0,0,0,0,0,0,0,0,0,0,0,0,0,0,0,0,65152,0,0,65423,908,224,0,0,270,0,0,192,0,192
371,0,6,0,0,0,0,0,573757,0,0,0,0,126,192,0,0,0,0,0,0,0,0,0,0,0,0,0,0,0,0,0,0,0,65347,0,40,226,3,183,0,0,192,0,192
371,0,7,0,0,0,0,0,573758,0,0,0,0,132,192,0,0,0,0,0,0,0,0,0,0,0,0,0,0,0,0,0,0,0,65334,0,106,88,0,286,0,0,0,0,192
371,0,8,0,0,0,0,0,573758,0,0,0,0,126,192,0,0,0,0,0,0,0,0,0,0,0,0,0,0,0,0,0,0,0,65342,0,52,0,95,292,192,0,0,0,192
371,0,9,0,0,0,0,0,573758,0,0,0,0,126,192,0,0,0,0,0,0,0,0,0,0,0,0,0,0,0,0,0,0,0,65345,503,42,0,0,187,0,0,0,0,192
371,0,10,0,0,0,0,0,573758,0,0,0,0,53,0,0,0,0,0,0,0,0,0,0,0,0,0,0,0,0,0,0,0,0,0,0,88,92,2,121,0,0,0,0,0
371,0,11,0,0,0,0,0,573758,0,0,0,0,53,0,0,0,0,0,0,0,0,0,0,0,0,0,0,0,0,0,0,0,0,0,0,43,39,0,94,0,0,0,0,0
371,0,12,0,0,0,0,0,573758,0,0,0,0,47,0,0,0,0,0,0,0,0,0,0,0,0,0,0,0,0,0,0,0,0,0,0,0,0,45,93,0,0,0,0,0
371,0,13,0,0,0,0,0,573758,0,0,0,0,53,0,0,0,0,0,0,0,0,0,0,0,0,0,0,0,0,0,0,0,0,0,166,0,0,0,109,0,0,0,0,0
371,0,14,0,0,0,0,0,573758,0,0,0,0,53,0,0,0,0,0,0,0,0,0,0,0,0,0,0,0,0,0,0,0,0,0,0,0,92,0,63,0,0,0,0,0
371,0,15,0,0,0,0,0,573758,0,0,0,0,53,0,0,0,0,0,0,0,0,0,0,0,0,0,0,0,0,0,0,0,0,0,0,0,27,0,104,0,0,0,0,0
372,0,0,0,0,0,0,0,1147529,0,0,1030,524800,136,0,0,0,0,0,5262,0,0,0,0,0,0,0,0,1030,1030,0,259711,0,775874,524800,0,554,0,136,284,0,0,0,0,1536
372,0,1,0,0,0,0,0,573765,5262,0,0,0,1731,0,0,0,0,0,5262,0,0,0,0,0,0,0,0,0,516,0,129913,0,259640,0,0,182,258,375,2963,0,0,192,0,0
372,0,2,0,0,0,0,0,573765,0,0,0,0,121,192,0,0,0,0,0,0,0,0,0,0,0,0,0,0,0,0,65144,0,130115,65345,0,327,214,450,258,0,0,192,0,192
372,0,3,0,0,0,0,0,573765,0,0,0,0,122,192,0,0,0,0,0,0,0,0,0,0,0,0,0,0,0,0,65074,0,0,65403,0,158,97,0,155,0,0,0,0,192
372,0,4,0,0,0,0,0,573765,0,0,0,0,128,192,0,0,0,0,0,0,0,0,0,0,0,0,0,0,0,0,65070,0,0,65395,0,117,0,91,209,576,0,0,0,192
372,0,5,0,0,0,0,0,573765,0,0,0,0,129,192,0,0,0,0,0,0,0,0,0,0,0,0,0,0,0,0,65138,0,0,65422,912,225,0,0,278,0,0,192,0,192
372,0,6,0,0,0,0,0,573765,0,0,0,0,132,192,0,0,0,0,0,0,0,0,0,0,0,0,0,0,0,0,0,0,0,65348,0,40,224,3,190,0,0,192,0,192
372,0,7,0,0,0,0,0,573765,0,0,0,0,137,192,0,0,0,0,0,0,0,0,0,0,0,0,0,0,0,0,0,0,0,65333,0,106,84,0,288,0,0,0,0,192
372,0,8,0,0,0,0,0,573765,0,0,0,0,129,192,0,0,0,0,0,0,0,0,0,0,0,0,0,0,0,0,0,0,0,65341,0,52,0,92,287,192,0,0,0,192
372,0,9,0,0,0,0,0,573765,0,0,0,0,127,192,0,0,0,0,0,0,0,0,0,0,0,0,0,0,0,0,0,0,0,65343,504,42,0,1,187,0,0,0,0,192
372,0,10,0,0,0,0,0,573765,0,0,0,0,53,0,0,0,0,0,0,0,0,0,0,0,0,0,0,0,0,0,0,0,0,0,0,85,92,1,124,0,0,0,0,0
372,0,11,0,0,0,0,0,573765,0,0,0,0,53,0,0,0,0,0,0,0,0,0,0,0,0,0,0,0,0,0,0,0,0,0,0,44,39,0,94,0,0,0,0,0
372,0,12,0,0,0,0,0,573765,0,0,0,0,47,0,0,0,0,0,0,0,0,0,0,0,0,0,0,0,0,0,0,0,0,0,0,0,0,45,93,0,0,0,0,0
372,0,13,0,0,0,0,0,573765,0,0,0,0,53,0,0,0,0,0,0,0,0,0,0,0,0,0,0,0,0,0,0,0,0,0,166,0,0,0,109,0,0,0,0,0
372,0,14,0,0,0,0,0,573764,0,0,0,0,53,0,0,0,0,0,0,0,0,0,0,0,0,0,0,0,0,0,0,0,0,0,0,0,92,0,66,0,0,0,0,0
372,0,15,0,0,0,0,0,573765,0,0,0,0,53,0,0,0,0,0,0,0,0,0,0,0,0,0,0,0,0,0,0,0,0,0,0,0,27,0,103,0,0,0,0,0
373,0,0,0,0,0,0,0,1407568,0,0,1288,656000,136,0,0,0,0,0,5664,0,0,0,0,0,0,0,0,1288,1288,0,259662,0,1033085,656000,0,554,0,136,284,0,0,0,0,1159601
373,0,1,0,0,0,0,0,703784,5664,0,0,0,1885,0,0,0,0,0,5664,0,0,0,0,0,0,0,0,0,641,0,129903,0,388789,0,0,190,281,450,3249,0,0,192,0,0
373,0,2,0,0,0,0,0,703784,0,0,0,0,137,192,0,0,0,0,0,0,0,0,0,0,0,0,0,0,0,0,130204,0,194632,65337,0,439,215,529,269,0,0,192,0,192
373,0,3,0,0,0,0,0,703784,0,0,0,0,137,192,0,0,0,0,0,0,0,0,0,0,0,0,0,0,0,0,129967,0,0,65400,0,170,81,0,211,0,0,0,0,192
373,0,4,0,0,0,0,0,703784,0,0,0,0,129,192,0,0,0,0,0,0,0,0,0,0,0,0,0,0,0,0,65058,0,0,65386,0,146,0,90,203,768,0,0,0,192
373,0,5,0,0,0,0,0,703784,0,0,0,0,131,192,0,0,0,0,0,0,0,0,0,0,0,0,0,0,0,0,65140,0,0,65417,1033,228,0,2,267,0,0,192,0,192
373,0,6,0,0,0,0,0,703784,0,0,0,0,140,192,0,0,0,0,0,0,0,0,0,0,0,0,0,0,0,0,65030,0,0,65403,0,88,224,1,169,0,0,192,0,192
373,0,7,0,0,0,0,0,703784,0,0,0,0,145,192,0,0,0,0,0,0,0,0,0,0,0,0,0,0,0,0,65015,0,0,65340,0,221,76,0,302,0,0,0,0,192
373,0,8,0,0,0,0,0,703784,0,0,0,0,141,192,0,0,0,0,0,0,0,0,0,0,0,0,0,0,0,0,0,0,0,65330,0,52,0,80,270,384,0,0,0,192
373,0,9,0,0,0,0,0,703784,0,0,0,0,140,192,0,0,0,0,0,0,0,0,0,0,0,0,0,0,0,0,0,0,0,65347,634,37,0,1,202,0,0,192,0,192
373,0,10,0,0,0,0,0,703784,0,0,0,0,144,192,0,0,0,0,0,0,0,0,0,0,0,0,0,0,0,0,0,0,0,65404,0,77,218,1,306,0,0,192,0,192
373,0,11,0,0,0,0,0,703784,0,0,0,0,142,192,0,0,0,0,0,0,0,0,0,0,0,0,0,0,0,0,0,0,0,65398,0,45,79,0,199,0,0,0,0,192
373,0,12,0,0,0,0,0,703784,0,0,0,0,46,0,0,0,0,0,0,0,0,0,0,0,0,0,0,0,0,0,0,0,0,0,0,0,0,46,92,0,0,0,0,0
373,0,13,0,0,0,0,0,703784,0,0,0,0,52,0,0,0,0,0,0,0,0,0,0,0,0,0,0,0,0,0,0,0,0,0,165,0,0,0,113,0,0,0,0,0
373,0,14,0,0,0,0,0,703784,0,0,0,0,48,0,0,0,0,0,0,0,0,0,0,0,0,0,0,0,0,0,0,0,0,0,0,0,93,0,69,0,0,0,0,0
373,0,15,0,0,0,0,0,703784,0,0,0,0,49,0,0,0,0,0,0,0,0,0,0,0,0,0,0,0,0,0,0,0,0,0,0,0,31,0,100,0,0,0,0,0
374,0,0,0,0,0,0,0,1407477,0,0,1288,656000,136,0,0,0,0,0,5664,0,0,0,0,0,0,0,0,1288,1288,0,259672,0,1033030,656000,0,554,0,136,284,0,0,0,0,1159524
374,0,1,0,0,0,0,0,703739,5664,0,0,0,1903,0,0,0,0,0,5664,0,0,0,0,0,0,0,0,0,646,0,129903,0,388779,0,0,198,269,436,3280,0,0,192,0,0
374,0,2,0,0,0,0,0,703739,0,0,0,0,134,192,0,0,0,0,0,0,0,0,0,0,0,0,0,0,0,0,130191,0,194632,65335,0,436,207,538,274,0,0,192,0,192
374,0,3,0,0,0,0,0,703739,0,0,0,0,126,192,0,0,0,0,0,0,0,0,0,0,0,0,0,0,0,0,129969,0,0,65403,0,160,92,0,201,0,0,0,0,192
374,0,4,0,0,0,0,0,703739,0,0,0,0,136,192,0,0,0,0,0,0,0,0,0,0,0,0,0,0,0,0,65056,0,0,65388,0,144,0,83,200,768,0,0,0,192
374,0,5,0,0,0,0,0,703739,0,0,0,0,135,192,0,0,0,0,0,0,0,0,0,0,0,0,0,0,0,0,65133,0,0,65420,1028,220,0,1,270,0,0,192,0,192
374,0,6,0,0,0,0,0,703738,0,0,0,0,127,192,0,0,0,0,0,0,0,0,0,0,0,0,0,0,0,0,65033,0,0,65397,0,88,237,2,159,0,0,192,0,192
374,0,7,0,0,0,0,0,703739,0,0,0,0,145,192,0,0,0,0,0,0,0,0,0,0,0,0,0,0,0,0,65018,0,0,65337,0,224,76,0,308,0,0,0,0,192
374,0,8,0,0,0,0,0,703739,0,0,0,0,139,192,0,0,0,0,0,0,0,0,0,0,0,0,0,0,0,0,0,0,0,65334,0,52,0,82,270,384,0,0,0,192
374,0,9,0,0,0,0,0,703739,0,0,0,0,137,192,0,0,0,0,0,0,0,0,0,0,0,0,0,0,0,0,0,0,0,65345,630,42,0,2,202,0,0,192,0,192
374,0,10,0,0,0,0,0,703739,0,0,0,0,141,192,0,0,0,0,0,0,0,0,0,0,0,0,0,0,0,0,0,0,0,65404,0,85,221,0,295,0,0,192,0,192
374,0,11,0,0,0,0,0,703739,0,0,0,0,142,192,0,0,0,0,0,0,0,0,0,0,0,0,0,0,0,0,0,0,0,65401,0,47,79,0,195,0,0,0,0,192
374,0,12,0,0,0,0,0,703739,0,0,0,0,47,0,0,0,0,0,0,0,0,0,0,0,0,0,0,0,0,0,0,0,0,0,0,0,0,45,93,0,0,0,0,0
374,0,13,0,0,0,0,0,703739,0,0,0,0,53,0,0,0,0,0,0,0,0,0,0,0,0,0,0,0,0,0,0,0,0,0,166,0,0,0,109,0,0,0,0,0
374,0,14,0,0,0,0,0,703739,0,0,0,0,53,0,0,0,0,0,0,0,0,0,0,0,0,0,0,0,0,0,0,0,0,0,0,0,92,0,66,0,0,0,0,0
374,0,15,0,0,0,0,0,703739,0,0,0,0,53,0,0,0,0,0,0,0,0,0,0,0,0,0,0,0,0,0,0,0,0,0,0,0,27,0,102,0,0,0,0,0
375,0,0,0,0,0,0,0,1407350,0,0,1288,656000,136,0,0,0,0,0,5661,0,0,0,0,0,0,0,0,1288,1288,0,259629,0,1033002,656000,0,554,0,136,284,0,0,0,0,1159595
375,0,1,0,0,0,0,0,703675,5661,0,0,0,1880,0,0,0,0,0,5661,0,0,0,0,0,0,0,0,0,640,0,129894,0,388772,0,0,190,288,448,3247,0,0,192,0,0
375,0,2,0,0,0,0,0,703675,0,0,0,0,133,192,0,0,0,0,0,0,0,0,0,0,0,0,0,0,0,0,130178,0,194640,65333,0,442,218,523,270,0,0,192,0,192
375,0,3,0,0,0,0,0,703675,0,0,0,0,137,192,0,0,0,0,0,0,0,0,0,0,0,0,0,0,0,0,129972,0,0,65404,0,177,82,0,209,0,0,0,0,192
375,0,4,0,0,0,0,0,703675,0,0,0,0,129,192,0,0,0,0,0,0,0,0,0,0,0,0,0,0,0,0,65039,0,0,65396,0,147,0,90,209,768,0,0,0,192
375,0,5,0,0,0,0,0,703675,0,0,0,0,133,192,0,0,0,0,0,0,0,0,0,0,0,0,0,0,0,0,65135,0,0,65419,1027,224,0,1,272,0,0,192,0,192
375,0,6,0,0,0,0,0,703675,0,0,0,0,133,192,0,0,0,0,0,0,0,0,0,0,0,0,0,0,0,0,65024,0,0,65401,0,79,223,1,168,0,0,192,0,192
375,0,7,0,0,0,0,0,703675,0,0,0,0,136,192,0,0,0,0,0,0,0,0,0,0,0,0,0,0,0,0,65025,0,0,65340,0,220,85,0,287,0,0,0,0,192
375,0,8,0,0,0,0,0,703675,0,0,0,0,140,192,0,0,0,0,0,0,0,0,0,0,0,0,0,0,0,0,0,0,0,65323,0,52,0,81,268,384,0,0,0,192
375,0,9,0,0,0,0,0,703675,0,0,0,0,132,192,0,0,0,0,0,0,0,0,0,0,0,0,0,0,0,0,0,0,0,65343,640,40,0,0,195,0,0,192,0,192
375,0,10,0,0,0,0,0,703675,0,0,0,0,139,192,0,0,0,0,0,0,0,0,0,0,0,0,0,0,0,0,0,0,0,65402,0,90,215,3,297,0,0,192,0,192
375,0,11,0,0,0,0,0,703675,0,0,0,0,135,192,0,0,0,0,0,0,0,0,0,0,0,0,0,0,0,0,0,0,0,65404,0,39,86,0,197,0,0,0,0,192
375,0,12,0,0,0,0,0,703675,0,0,0,0,48,0,0,0,0,0,0,0,0,0,0,0,0,0,0,0,0,0,0,0,0,0,0,0,0,44,94,0,0,0,0,0
375,0,13,0,0,0,0,0,703675,0,0,0,0,54,0,0,0,0,0,0,0,0,0,0,0,0,0,0,0,0,0,0,0,0,0,170,0,0,0,112,0,0,0,0,0
375,0,14,0,0,0,0,0,703674,0,0,0,0,52,0,0,0,0,0,0,0,0,0,0,0,0,0,0,0,0,0,0,0,0,0,0,0,88,0,60,0,0,0,0,0
375,0,15,0,0,0,0,0,703675,0,0,0,0,48,0,0,0,0,0,0,0,0,0,0,0,0,0,0,0,0,0,0,0,0,0,0,0,32,0,105,0,0,0,0,0
376,0,0,0,0,0,0,0,1797036,0,0,1678,852800,136,0,0,0,0,0,6264,0,0,0,0,0,0,0,0,1678,1678,0,388774,0,1289290,852800,0,695,0,136,284,0,0,0,0,1643988
376,0,1,0,0,0,0,0,898518,6264,0,0,0,2252,0,0,0,0,0,6264,0,0,0,0,0,0,0,0,0,905,0,194393,0,452873,0,0,219,284,444,3815,0,0,192,0,0
376,0,2,0,0,0,0,0,898518,0,0,0,0,124,192,0,0,0,0,0,0,0,0,0,0,0,0,0,0,0,0,194704,0,194489,65361,0,536,189,535,269,0,0,192,0,192
376,0,3,0,0,0,0,0,898518,0,0,0,0,118,192,0,0,0,0,0,0,0,0,0,0,0,0,0,0,0,0,129949,0,0,65385,0,184,81,0,157,0,0,0,0,192
376,0,4,0,0,0,0,0,898518,0,0,0,0,136,192,0,0,0,0,0,0,0,0,0,0,0,0,0,0,0,0,129931,0,0,65385,0,157,0,85,195,663805,0,0,0,192
376,0,5,0,0,0,0,0,898518,0,0,0,0,141,192,0,0,0,0,0,0,0,0,0,0,0,0,0,0,0,0,130007,0,0,65408,1244,334,0,2,285,0,0,192,0,192
376,0,6,0,0,0,0,0,898518,0,0,0,0,136,192,0,0,0,0,0,0,0,0,0,0,0,0,0,0,0,0,129952,0,0,65401,0,120,229,0,177,0,0,192,0,192
376,0,7,0,0,0,0,0,898518,0,0,0,0,143,192,0,0,0,0,0,0,0,0,0,0,0,0,0,0,0,0,65037,0,0,65345,0,195,80,0,319,0,0,0,0,192
376,0,8,0,0,0,0,0,898518,0,0,0,0,146,192,0,0,0,0,0,0,0,0,0,0,0,0,0,0,0,0,65025,0,0,65332,0,155,0,79,300,768,0,0,0,192
376,0,9,0,0,0,0,0,898518,0,0,0,0,132,192,0,0,0,0,0,0,0,0,0,0,0,0,0,0,0,0,65040,0,0,65350,835,82,0,1,182,0,0,192,0,192
376,0,10,0,0,0,0,0,898518,0,0,0,0,147,192,0,0,0,0,0,0,0,0,0,0,0,0,0,0,0,0,65140,0,0,65346,0,185,212,1,308,0,0,192,0,192
376,0,11,0,0,0,0,0,898518,0,0,0,0,135,192,0,0,0,0,0,0,0,0,0,0,0,0,0,0,0,0,0,0,0,65399,0,43,90,0,224,0,0,0,0,192
376,0,12,0,0,0,0,0,898518,0,0,0,0,139,192,0,0,0,0,0,0,0,0,0,0,0,0,0,0,0,0,0,0,0,65397,0,0,0,86,217,192,0,0,0,192
376,0,13,0,0,0,0,0,898518,0,0,0,0,150,192,0,0,0,0,0,0,0,0,0,0,0,0,0,0,0,0,0,0,0,65401,391,0,0,1,301,0,0,192,0,192
376,0,14,0,0,0,0,0,898518,0,0,0,0,139,192,0,0,0,0,0,0,0,0,0,0,0,0,0,0,0,0,0,0,0,65355,0,0,126,2,187,0,0,0,0,192
376,0,15,0,0,0,0,0,898518,0,0,0,0,41,0,0,0,0,0,0,0,0,0,0,0,0,0,0,0,0,0,0,0,0,0,0,0,39,0,95,0,0,0,0,0
377,0,0,0,0,0,0,0,1797046,0,0,1678,852800,136,0,0,0,0,0,6264,0,0,0,0,0,0,0,0,1678,1678,0,388800,0,1289306,852800,0,695,0,136,284,0,0,0,0,1643974
377,0,1,0,0,0,0,0,898523,6264,0,0,0,2243,0,0,0,0,0,6264,0,0,0,0,0,0,0,0,0,907,0,194385,0,452888,0,0,217,286,453,3779,0,0,192,0,0
377,0,2,0,0,0,0,0,898523,0,0,0,0,118,192,0,0,0,0,0,0,0,0,0,0,0,0,0,0,0,0,194747,0,194467,65364,0,536,198,532,257,0,0,192,0,192
377,0,3,0,0,0,0,0,898523,0,0,0,0,121,192,0,0,0,0,0,0,0,0,0,0,0,0,0,0,0,0,129947,0,0,65383,0,170,78,0,177,0,0,0,0,192
377,0,4,0,0,0,0,0,898523,0,0,0,0,130,192,0,0,0,0,0,0,0,0,0,0,0,0,0,0,0,0,129928,0,0,65377,0,160,0,91,195,663787,0,0,0,192
377,0,5,0,0,0,0,0,898523,0,0,0,0,136,192,0,0,0,0,0,0,0,0,0,0,0,0,0,0,0,0,130001,0,0,65403,1262,335,0,1,281,0,0,192,0,192
377,0,6,0,0,0,0,0,898523,0,0,0,0,139,192,0,0,0,0,0,0,0,0,0,0,0,0,0,0,0,0,129979,0,0,65400,0,117,225,1,183,0,0,192,0,192
377,0,7,0,0,0,0,0,898523,0,0,0,0,142,192,0,0,0,0,0,0,0,0,0,0,0,0,0,0,0,0,65040,0,0,65345,0,207,81,0,319,0,0,0,0,192
377,0,8,0,0,0,0,0,898523,0,0,0,0,145,192,0,0,0,0,0,0,0,0,0,0,0,0,0,0,0,0,65021,0,0,65333,0,151,0,80,300,768,0,0,0,192
377,0,9,0,0,0,0,0,898523,0,0,0,0,135,192,0,0,0,0,0,0,0,0,0,0,0,0,0,0,0,0,65040,0,0,65346,821,82,0,1,184,0,0,192,0,192
377,0,10,0,0,0,0,0,898523,0,0,0,0,142,192,0,0,0,0,0,0,0,0,0,0,0,0,0,0,0,0,65142,0,0,65346,0,184,227,1,307,0,0,192,0,192
377,0,11,0,0,0,0,0,898523,0,0,0,0,145,192,0,0,0,0,0,0,0,0,0,0,0,0,0,0,0,0,0,0,0,65399,0,40,80,0,225,0,0,0,0,192
377,0,12,0,0,0,0,0,898523,0,0,0,0,131,192,0,0,0,0,0,0,0,0,0,0,0,0,0,0,0,0,0,0,0,65397,0,0,0,94,213,192,0,0,0,192
377,0,13,0,0,0,0,0,898523,0,0,0,0,142,192,0,0,0,0,0,0,0,0,0,0,0,0,0,0,0,0,0,0,0,65401,386,0,0,1,293,0,0,192,0,192
377,0,14,0,0,0,0,0,898523,0,0,0,0,147,192,0,0,0,0,0,0,0,0,0,0,0,0,0,0,0,0,0,0,0,65360,0,0,131,1,196,0,0,0,0,192
377,0,15,0,0,0,0,0,898523,0,0,0,0,53,0,0,0,0,0,0,0,0,0,0,0,0,0,0,0,0,0,0,0,0,0,0,0,27,0,111,0,0,0,0,0
378,0,0,0,0,0,0,0,1797024,0,0,1678,852800,136,0,0,0,0,0,6268,0,0,0,0,0,0,0,0,1678,1678,0,388772,0,1289423,852800,0,695,0,136,284,0,0,0,0,1643873
378,0,1,0,0,0,0,0,898512,6267,0,0,0,2265,0,0,0,0,0,6267,0,0,0,0,0,0,0,0,0,907,0,194382,0,452926,0,0,213,297,424,3789,0,0,192,0,0
378,0,2,0,0,0,0,0,898512,0,0,0,0,117,192,0,0,0,0,0,0,0,0,0,0,0,0,0,0,0,0,194735,0,194500,65360,0,547,198,538,267,0,0,192,0,192
378,0,3,0,0,0,0,0,898512,0,0,0,0,119,192,0,0,0,0,0,0,0,0,0,0,0,0,0,0,0,0,129972,0,0,65383,0,181,80,0,158,0,0,0,0,192
378,0,4,0,0,0,0,0,898512,0,0,0,0,134,192,0,0,0,0,0,0,0,0,0,0,0,0,0,0,0,0,129930,0,0,65370,0,163,0,87,201,663785,0,0,0,192
378,0,5,0,0,0,0,0,898512,0,0,0,0,133,192,0,0,0,0,0,0,0,0,0,0,0,0,0,0,0,0,130007,0,0,65407,1274,330,0,2,287,0,0,192,0,192
378,0,6,0,0,0,0,0,898512,0,0,0,0,134,192,0,0,0,0,0,0,0,0,0,0,0,0,0,0,0,0,129978,0,0,65394,0,113,226,0,171,0,0,192,0,192
378,0,7,0,0,0,0,0,898512,0,0,0,0,137,192,0,0,0,0,0,0,0,0,0,0,0,0,0,0,0,0,65045,0,0,65345,0,201,85,0,311,0,0,0,0,192
378,0,8,0,0,0,0,0,898512,0,0,0,0,138,192,0,0,0,0,0,0,0,0,0,0,0,0,0,0,0,0,65030,0,0,65333,0,148,0,87,293,768,0,0,0,192
378,0,9,0,0,0,0,0,898512,0,0,0,0,133,192,0,0,0,0,0,0,0,0,0,0,0,0,0,0,0,0,65039,0,0,65345,814,82,0,2,187,0,0,192,0,192
378,0,10,0,0,0,0,0,898512,0,0,0,0,141,192,0,0,0,0,0,0,0,0,0,0,0,0,0,0,0,0,65144,0,0,65346,0,194,218,0,300,0,0,192,0,192
378,0,11,0,0,0,0,0,898512,0,0,0,0,135,192,0,0,0,0,0,0,0,0,0,0,0,0,0,0,0,0,0,0,0,65402,0,43,90,0,219,0,0,0,0,192
378,0,12,0,0,0,0,0,898512,0,0,0,0,136,192,0,0,0,0,0,0,0,0,0,0,0,0,0,0,0,0,0,0,0,65400,0,0,0,89,221,192,0,0,0,192
378,0,13,0,0,0,0,0,898512,0,0,0,0,144,192,0,0,0,0,0,0,0,0,0,0,0,0,0,0,0,0,0,0,0,65401,396,0,0,1,295,0,0,192,0,192
378,0,14,0,0,0,0,0,898512,0,0,0,0,142,192,0,0,0,0,0,0,0,0,0,0,0,0,0,0,0,0,0,0,0,65358,0,0,124,2,181,0,0,0,0,192
378,0,15,0,0,0,0,0,898512,0,0,0,0,42,0,0,0,0,0,0,0,0,0,0,0,0,0,0,0,0,0,0,0,0,0,0,0,38,0,96,0,0,0,0,0
379,0,0,0,0,0,0,0,234142,0,0,34,65552,136,0,0,0,0,0,3729,0,0,0,0,0,0,0,0,34,34,0,0,0,130632,65552,0,294,0,136,284,0,0,0,0,48
379,0,1,0,0,0,0,0,117071,3729,0,0,0,1114,0,0,0,0,0,3729,0,0,0,0,0,0,0,0,0,3,0,0,0,65412,0,0,84,170,175,1849,0,0,48,0,0
379,0,2,0,0,0,0,0,117071,0,0,0,0,67,48,0,0,0,0,0,0,0,0,0,0,0,0,0,0,0,0,0,0,0,65481,0,249,104,283,168,0,0,0,0,48
379,0,3,0,0,0,0,0,117071,0,0,0,0,47,0,0,0,0,0,0,0,0,0,0,0,0,0,0,0,0,0,0,0,0,0,0,91,45,0,54,0,0,0,0,0
379,0,4,0,0,0,0,0,117071,0,0,0,0,47,0,0,0,0,0,0,0,0,0,0,0,0,0,0,0,0,0,0,0,0,0,0,87,0,45,62,0,0,0,0,0
379,0,5,0,0,0,0,0,117071,0,0,0,0,47,0,0,0,0,0,0,0,0,0,0,0,0,0,0,0,0,0,0,0,0,0,537,148,0,0,109,0,0,0,0,0
379,0,6,0,0,0,0,0,117071,0,0,0,0,47,0,0,0,0,0,0,0,0,0,0,0,0,0,0,0,0,0,0,0,0,0,0,40,98,0,52,0,0,0,0,0
379,0,7,0,0,0,0,0,117071,0,0,0,0,53,0,0,0,0,0,0,0,0,0,0,0,0,0,0,0,0,0,0,0,0,0,0,105,39,0,140,0,0,0,0,0
379,0,8,0,0,0,0,0,117071,0,0,0,0,50,0,0,0,0,0,0,0,0,0,0,0,0,0,0,0,0,0,0,0,0,0,0,52,0,42,107,0,0,0,0,0
379,0,9,0,0,0,0,0,117071,0,0,0,0,47,0,0,0,0,0,0,0,0,0,0,0,0,0,0,0,0,0,0,0,0,0,365,42,0,0,53,0,0,0,0,0
379,0,10,0,0,0,0,0,117071,0,0,0,0,53,0,0,0,0,0,0,0,0,0,0,0,0,0,0,0,0,0,0,0,0,0,0,91,92,0,118,0,0,0,0,0
379,0,11,0,0,0,0,0,117071,0,0,0,0,53,0,0,0,0,0,0,0,0,0,0,0,0,0,0,0,0,0,0,0,0,0,0,39,39,0,94,0,0,0,0,0
379,0,12,0,0,0,0,0,117071,0,0,0,0,47,0,0,0,0,0,0,0,0,0,0,0,0,0,0,0,0,0,0,0,0,0,0,0,0,45,93,0,0,0,0,0
379,0,13,0,0,0,0,0,117071,0,0,0,0,53,0,0,0,0,0,0,0,0,0,0,0,0,0,0,0,0,0,0,0,0,0,178,0,0,0,109,0,0,0,0,0
379,0,14,0,0,0,0,0,117070,0,0,0,0,53,0,0,0,0,0,0,0,0,0,0,0,0,0,0,0,0,0,0,0,0,0,0,0,80,0,60,0,0,0,0,0
379,0,15,0,0,0,0,0,117071,0,0,0,0,41,0,0,0,0,0,0,0,0,0,0,0,0,0,0,0,0,0,0,0,0,0,0,0,39,0,89,0,0,0,0,0
380,0,0,0,0,0,0,0,234287,0,0,37,65552,136,0,0,0,0,0,3732,0,0,0,0,0,0,0,0,37,37,0,0,0,130622,65552,0,294,0,136,284,0,0,0,0,48
380,0,1,0,0,0,0,0,117143,3732,0,0,0,1107,0,0,0,0,0,3732,0,0,0,0,0,0,0,0,0,3,0,0,0,65407,0,0,76,172,188,1856,0,0,48,0,0
380,0,2,0,0,0,0,0,117143,0,0,0,0,70,48,0,0,0,0,0,0,0,0,0,0,0,0,0,0,0,0,0,0,0,65479,0,255,101,268,167,0,0,0,0,48
380,0,3,0,0,0,0,0,117143,0,0,0,0,47,0,0,0,0,0,0,0,0,0,0,0,0,0,0,0,0,0,0,0,0,0,0,99,45,0,61,0,0,0,0,0
380,0,4,0,0,0,0,0,117143,0,0,0,0,47,0,0,0,0,0,0,0,0,0,0,0,0,0,0,0,0,0,0,0,0,0,0,87,0,45,70,0,0,0,0,0
380,0,5,0,0,0,0,0,117143,0,0,0,0,47,0,0,0,0,0,0,0,0,0,0,0,0,0,0,0,0,0,0,0,0,0,526,148,0,0,117,0,0,0,0,0
380,0,6,0,0,0,0,0,117142,0,0,0,0,47,0,0,0,0,0,0,0,0,0,0,0,0,0,0,0,0,0,0,0,0,0,0,34,98,0,52,0,0,0,0,0
380,0,7,0,0,0,0,0,117143,0,0,0,0,53,0,0,0,0,0,0,0,0,0,0,0,0,0,0,0,0,0,0,0,0,0,0,105,39,0,132,0,0,0,0,0
380,0,8,0,0,0,0,0,117143,0,0,0,0,50,0,0,0,0,0,0,0,0,0,0,0,0,0,0,0,0,0,0,0,0,0,0,52,0,42,107,0,0,0,0,0
380,0,9,0,0,0,0,0,117143,0,0,0,0,47,0,0,0,0,0,0,0,0,0,0,0,0,0,0,0,0,0,0,0,0,0,376,42,0,0,53,0,0,0,0,0
380,0,10,0,0,0,0,0,117143,0,0,0,0,53,0,0,0,0,0,0,0,0,0,0,0,0,0,0,0,0,0,0,0,0,0,0,89,92,0,126,0,0,0,0,0
380,0,11,0,0,0,0,0,117143,0,0,0,0,53,0,0,0,0,0,0,0,0,0,0,0,0,0,0,0,0,0,0,0,0,0,0,39,39,0,94,0,0,0,0,0
380,0,12,0,0,0,0,0,117143,0,0,0,0,47,0,0,0,0,0,0,0,0,0,0,0,0,0,0,0,0,0,0,0,0,0,0,0,0,45,93,0,0,0,0,0
380,0,13,0,0,0,0,0,117143,0,0,0,0,53,0,0,0,0,0,0,0,0,0,0,0,0,0,0,0,0,0,0,0,0,0,167,0,0,0,109,0,0,0,0,0
380,0,14,0,0,0,0,0,117143,0,0,0,0,53,0,0,0,0,0,0,0,0,0,0,0,0,0,0,0,0,0,0,0,0,0,0,0,91,0,62,0,0,0,0,0
380,0,15,0,0,0,0,0,117143,0,0,0,0,52,0,0,0,0,0,0,0,0,0,0,0,0,0,0,0,0,0,0,0,0,0,0,0,28,0,100,0,0,0,0,0
381,0,0,0,0,0,0,0,234146,0,0,34,65552,136,0,0,0,0,0,3729,0,0,0,0,0,0,0,0,34,34,0,0,0,130650,65552,0,294,0,136,284,0,0,0,0,48
381,0,1,0,0,0,0,0,117073,3729,0,0,0,1114,0,0,0,0,0,3729,0,0,0,0,0,0,0,0,0,4,0,0,0,65419,0,0,84,170,175,1852,0,0,48,0,0
381,0,2,0,0,0,0,0,117073,0,0,0,0,70,48,0,0,0,0,0,0,0,0,0,0,0,0,0,0,0,0,0,0,0,65482,0,249,101,283,171,0,0,0,0,48
381,0,3,0,0,0,0,0,117073,0,0,0,0,47,0,0,0,0,0,0,0,0,0,0,0,0,0,0,0,0,0,0,0,0,0,0,91,45,0,54,0,0,0,0,0
381,0,4,0,0,0,0,0,117073,0,0,0,0,47,0,0,0,0,0,0,0,0,0,0,0,0,0,0,0,0,0,0,0,0,0,0,87,0,45,62,0,0,0,0,0
381,0,5,0,0,0,0,0,117073,0,0,0,0,47,0,0,0,0,0,0,0,0,0,0,0,0,0,0,0,0,0,0,0,0,0,537,148,0,0,109,0,0,0,0,0
381,0,6,0,0,0,0,0,117073,0,0,0,0,47,0,0,0,0,0,0,0,0,0,0,0,0,0,0,0,0,0,0,0,0,0,0,40,98,0,52,0,0,0,0,0
381,0,7,0,0,0,0,0,117073,0,0,0,0,53,0,0,0,0,0,0,0,0,0,0,0,0,0,0,0,0,0,0,0,0,0,0,105,39,0,140,0,0,0,0,0
381,0,8,0,0,0,0,0,117073,0,0,0,0,50,0,0,0,0,0,0,0,0,0,0,0,0,0,0,0,0,0,0,0,0,0,0,52,0,42,107,0,0,0,0,0
381,0,9,0,0,0,0,0,117073,0,0,0,0,47,0,0,0,0,0,0,0,0,0,0,0,0,0,0,0,0,0,0,0,0,0,365,42,0,0,53,0,0,0,0,0
381,0,10,0,0,0,0,0,117073,0,0,0,0,53,0,0,0,0,0,0,0,0,0,0,0,0,0,0,0,0,0,0,0,0,0,0,91,92,0,118,0,0,0,0,0
381,0,11,0,0,0,0,0,117073,0,0,0,0,53,0,0,0,0,0,0,0,0,0,0,0,0,0,0,0,0,0,0,0,0,0,0,39,39,0,94,0,0,0,0,0
381,0,12,0,0,0,0,0,117073,0,0,0,0,47,0,0,0,0,0,0,0,0,0,0,0,0,0,0,0,0,0,0,0,0,0,0,0,0,45,93,0,0,0,0,0
381,0,13,0,0,0,0,0,117073,0,0,0,0,53,0,0,0,0,0,0,0,0,0,0,0,0,0,0,0,0,0,0,0,0,0,178,0,0,0,109,0,0,0,0,0
381,0,14,0,0,0,0,0,117073,0,0,0,0,53,0,0,0,0,0,0,0,0,0,0,0,0,0,0,0,0,0,0,0,0,0,0,0,80,0,60,0,0,0,0,0
381,0,15,0,0,0,0,0,117073,0,0,0,0,41,0,0,0,0,0,0,0,0,0,0,0,0,0,0,0,0,0,0,0,0,0,0,0,39,0,89,0,0,0,0,0
382,0,0,0,0,0,0,0,363866,0,0,66,131104,136,0,0,0,0,0,3783,0,0,0,0,0,0,0,0,66,66,0,0,0,261185,131104,0,294,0,136,284,0,0,0,0,96
382,0,1,0,0,0,0,0,181933,3783,0,0,0,1130,0,0,0,0,0,3783,0,0,0,0,0,0,0,0,0,35,0,0,0,130762,0,0,76,171,199,1881,0,0,48,0,0
382,0,2,0,0,0,0,0,181933,0,0,0,0,63,48,0,0,0,0,0,0,0,0,0,0,0,0,0,0,0,0,0,0,65430,65482,0,255,129,294,156,0,0,48,0,48
382,0,3,0,0,0,0,0,181933,0,0,0,0,70,48,0,0,0,0,0,0,0,0,0,0,0,0,0,0,0,0,0,0,0,65488,0,100,54,0,93,0,0,0,0,48
382,0,4,0,0,0,0,0,181933,0,0,0,0,47,0,0,0,0,0,0,0,0,0,0,0,0,0,0,0,0,0,0,0,0,0,0,87,0,45,70,0,0,0,0,0
382,0,5,0,0,0,0,0,181933,0,0,0,0,47,0,0,0,0,0,0,0,0,0,0,0,0,0,0,0,0,0,0,0,0,0,526,148,0,0,117,0,0,0,0,0
382,0,6,0,0,0,0,0,181933,0,0,0,0,47,0,0,0,0,0,0,0,0,0,0,0,0,0,0,0,0,0,0,0,0,0,0,34,98,0,52,0,0,0,0,0
382,0,7,0,0,0,0,0,181933,0,0,0,0,53,0,0,0,0,0,0,0,0,0,0,0,0,0,0,0,0,0,0,0,0,0,0,105,39,0,132,0,0,0,0,0
382,0,8,0,0,0,0,0,181933,0,0,0,0,50,0,0,0,0,0,0,0,0,0,0,0,0,0,0,0,0,0,0,0,0,0,0,52,0,42,107,0,0,0,0,0
382,0,9,0,0,0,0,0,181933,0,0,0,0,47,0,0,0,0,0,0,0,0,0,0,0,0,0,0,0,0,0,0,0,0,0,376,42,0,0,53,0,0,0,0,0
382,0,10,0,0,0,0,0,181933,0,0,0,0,53,0,0,0,0,0,0,0,0,0,0,0,0,0,0,0,0,0,0,0,0,0,0,89,92,0,126,0,0,0,0,0
382,0,11,0,0,0,0,0,181933,0,0,0,0,53,0,0,0,0,0,0,0,0,0,0,0,0,0,0,0,0,0,0,0,0,0,0,40,39,0,94,0,0,0,0,0
382,0,12,0,0,0,0,0,181933,0,0,0,0,47,0,0,0,0,0,0,0,0,0,0,0,0,0,0,0,0,0,0,0,0,0,0,0,0,45,93,0,0,0,0,0
382,0,13,0,0,0,0,0,181933,0,0,0,0,53,0,0,0,0,0,0,0,0,0,0,0,0,0,0,0,0,0,0,0,0,0,167,0,0,0,109,0,0,0,0,0
382,0,14,0,0,0,0,0,181932,0,0,0,0,53,0,0,0,0,0,0,0,0,0,0,0,0,0,0,0,0,0,0,0,0,0,0,0,91,0,62,0,0,0,0,0
382,0,15,0,0,0,0,0,181933,0,0,0,0,52,0,0,0,0,0,0,0,0,0,0,0,0,0,0,0,0,0,0,0,0,0,0,0,28,0,100,0,0,0,0,0
383,0,0,0,0,0,0,0,363975,0,0,66,131104,136,0,0,0,0,0,3783,0,0,0,0,0,0,0,0,66,66,0,0,0,261170,131104,0,294,0,136,284,0,0,0,0,96
383,0,1,0,0,0,0,0,181987,3783,0,0,0,1114,0,0,0,0,0,3783,0,0,0,0,0,0,0,0,0,33,0,0,0,130759,0,0,78,168,216,1866,0,0,48,0,0
383,0,2,0,0,0,0,0,181987,0,0,0,0,65,48,0,0,0,0,0,0,0,0,0,0,0,0,0,0,0,0,0,0,65429,65479,0,249,129,289,151,0,0,48,0,48
383,0,3,0,0,0,0,0,181987,0,0,0,0,72,48,0,0,0,0,0,0,0,0,0,0,0,0,0,0,0,0,0,0,0,65487,0,98,53,0,101,0,0,0,0,48
383,0,4,0,0,0,0,0,181987,0,0,0,0,47,0,0,0,0,0,0,0,0,0,0,0,0,0,0,0,0,0,0,0,0,0,0,87,0,45,67,0,0,0,0,0
383,0,5,0,0,0,0,0,181987,0,0,0,0,47,0,0,0,0,0,0,0,0,0,0,0,0,0,0,0,0,0,0,0,0,0,525,148,0,0,115,0,0,0,0,0
383,0,6,0,0,0,0,0,181986,0,0,0,0,47,0,0,0,0,0,0,0,0,0,0,0,0,0,0,0,0,0,0,0,0,0,0,40,98,0,52,0,0,0,0,0
383,0,7,0,0,0,0,0,181987,0,0,0,0,53,0,0,0,0,0,0,0,0,0,0,0,0,0,0,0,0,0,0,0,0,0,0,105,39,0,134,0,0,0,0,0
383,0,8,0,0,0,0,0,181987,0,0,0,0,50,0,0,0,0,0,0,0,0,0,0,0,0,0,0,0,0,0,0,0,0,0,0,52,0,42,107,0,0,0,0,0
383,0,9,0,0,0,0,0,181987,0,0,0,0,47,0,0,0,0,0,0,0,0,0,0,0,0,0,0,0,0,0,0,0,0,0,377,42,0,0,53,0,0,0,0,0
383,0,10,0,0,0,0,0,181987,0,0,0,0,53,0,0,0,0,0,0,0,0,0,0,0,0,0,0,0,0,0,0,0,0,0,0,85,92,0,124,0,0,0,0,0
383,0,11,0,0,0,0,0,181987,0,0,0,0,53,0,0,0,0,0,0,0,0,0,0,0,0,0,0,0,0,0,0,0,0,0,0,40,39,0,94,0,0,0,0,0
383,0,12,0,0,0,0,0,181987,0,0,0,0,47,0,0,0,0,0,0,0,0,0,0,0,0,0,0,0,0,0,0,0,0,0,0,0,0,45,93,0,0,0,0,0
383,0,13,0,0,0,0,0,181987,0,0,0,0,53,0,0,0,0,0,0,0,0,0,0,0,0,0,0,0,0,0,0,0,0,0,166,0,0,0,109,0,0,0,0,0
383,0,14,0,0,0,0,0,181987,0,0,0,0,53,0,0,0,0,0,0,0,0,0,0,0,0,0,0,0,0,0,0,0,0,0,0,0,92,0,66,0,0,0,0,0
383,0,15,0,0,0,0,0,181987,0,0,0,0,53,0,0,0,0,0,0,0,0,0,0,0,0,0,0,0,0,0,0,0,0,0,0,0,27,0,101,0,0,0,0,0
384,0,0,0,0,0,0,0,363875,0,0,66,131104,136,0,0,0,0,0,3783,0,0,0,0,0,0,0,0,66,66,0,0,0,261201,131104,0,294,0,136,284,0,0,0,0,96
384,0,1,0,0,0,0,0,181938,3783,0,0,0,1120,0,0,0,0,0,3783,0,0,0,0,0,0,0,0,0,32,0,0,0,130768,0,0,80,165,211,1876,0,0,48,0,0
384,0,2,0,0,0,0,0,181938,0,0,0,0,66,48,0,0,0,0,0,0,0,0,0,0,0,0,0,0,0,0,0,0,65428,65485,0,249,125,292,154,0,0,48,0,48
384,0,3,0,0,0,0,0,181938,0,0,0,0,68,48,0,0,0,0,0,0,0,0,0,0,0,0,0,0,0,0,0,0,0,65487,0,97,56,0,96,0,0,0,0,48
384,0,4,0,0,0,0,0,181938,0,0,0,0,47,0,0,0,0,0,0,0,0,0,0,0,0,0,0,0,0,0,0,0,0,0,0,87,0,45,66,0,0,0,0,0
384,0,5,0,0,0,0,0,181938,0,0,0,0,47,0,0,0,0,0,0,0,0,0,0,0,0,0,0,0,0,0,0,0,0,0,525,148,0,0,113,0,0,0,0,0
384,0,6,0,0,0,0,0,181938,0,0,0,0,47,0,0,0,0,0,0,0,0,0,0,0,0,0,0,0,0,0,0,0,0,0,0,40,98,0,52,0,0,0,0,0
384,0,7,0,0,0,0,0,181938,0,0,0,0,53,0,0,0,0,0,0,0,0,0,0,0,0,0,0,0,0,0,0,0,0,0,0,104,39,0,136,0,0,0,0,0
384,0,8,0,0,0,0,0,181938,0,0,0,0,50,0,0,0,0,0,0,0,0,0,0,0,0,0,0,0,0,0,0,0,0,0,0,52,0,42,107,0,0,0,0,0
384,0,9,0,0,0,0,0,181938,0,0,0,0,47,0,0,0,0,0,0,0,0,0,0,0,0,0,0,0,0,0,0,0,0,0,377,42,0,0,53,0,0,0,0,0
384,0,10,0,0,0,0,0,181938,0,0,0,0,53,0,0,0,0,0,0,0,0,0,0,0,0,0,0,0,0,0,0,0,0,0,0,87,92,0,122,0,0,0,0,0
384,0,11,0,0,0,0,0,181938,0,0,0,0,53,0,0,0,0,0,0,0,0,0,0,0,0,0,0,0,0,0,0,0,0,0,0,41,39,0,94,0,0,0,0,0
384,0,12,0,0,0,0,0,181938,0,0,0,0,47,0,0,0,0,0,0,0,0,0,0,0,0,0,0,0,0,0,0,0,0,0,0,0,0,45,93,0,0,0,0,0
384,0,13,0,0,0,0,0,181938,0,0,0,0,53,0,0,0,0,0,0,0,0,0,0,0,0,0,0,0,0,0,0,0,0,0,166,0,0,0,109,0,0,0,0,0
384,0,14,0,0,0,0,0,181938,0,0,0,0,53,0,0,0,0,0,0,0,0,0,0,0,0,0,0,0,0,0,0,0,0,0,0,0,92,0,64,0,0,0,0,0
384,0,15,0,0,0,0,0,181938,0,0,0,0,53,0,0,0,0,0,0,0,0,0,0,0,0,0,0,0,0,0,0,0,0,0,0,0,27,0,100,0,0,0,0,0
385,0,0,0,0,0,0,0,626290,0,0,132,262208,136,0,0,0,0,0,3894,0,0,0,0,0,0,0,0,132,132,0,130730,0,391841,262208,0,329,0,136,284,0,0,0,0,192
385,0,1,0,0,0,0,0,313145,3894,0,0,0,1167,0,0,0,0,0,3894,0,0,0,0,0,0,0,0,0,66,0,65420,0,130748,0,0,95,180,202,1946,0,0,48,0,0
385,0,2,0,0,0,0,0,313145,0,0,0,0,64,48,0,0,0,0,0,0,0,0,0,0,0,0,0,0,0,0,0,0,65410,65500,0,249,128,297,155,0,0,48,0,48
385,0,3,0,0,0,0,0,313145,0,0,0,0,73,48,0,0,0,0,0,0,0,0,0,0,0,0,0,0,0,0,0,0,0,65503,0,94,52,0,98,0,0,0,0,48
385,0,4,0,0,0,0,0,313145,0,0,0,0,72,48,0,0,0,0,0,0,0,0,0,0,0,0,0,0,0,0,0,0,0,65462,0,87,0,53,103,48,0,0,0,48
385,0,5,0,0,0,0,0,313145,0,0,0,0,69,48,0,0,0,0,0,0,0,0,0,0,0,0,0,0,0,0,0,0,0,65483,561,148,0,2,155,0,0,0,0,48
385,0,6,0,0,0,0,0,313145,0,0,0,0,47,0,0,0,0,0,0,0,0,0,0,0,0,0,0,0,0,0,0,0,0,0,0,40,98,0,52,0,0,0,0,0
385,0,7,0,0,0,0,0,313145,0,0,0,0,53,0,0,0,0,0,0,0,0,0,0,0,0,0,0,0,0,0,0,0,0,0,0,108,39,0,137,0,0,0,0,0
385,0,8,0,0,0,0,0,313145,0,0,0,0,50,0,0,0,0,0,0,0,0,0,0,0,0,0,0,0,0,0,0,0,0,0,0,52,0,42,107,0,0,0,0,0
385,0,9,0,0,0,0,0,313145,0,0,0,0,47,0,0,0,0,0,0,0,0,0,0,0,0,0,0,0,0,0,0,0,0,0,375,42,0,0,53,0,0,0,0,0
385,0,10,0,0,0,0,0,313145,0,0,0,0,53,0,0,0,0,0,0,0,0,0,0,0,0,0,0,0,0,0,0,0,0,0,0,88,92,0,121,0,0,0,0,0
385,0,11,0,0,0,0,0,313145,0,0,0,0,53,0,0,0,0,0,0,0,0,0,0,0,0,0,0,0,0,0,0,0,0,0,0,39,39,0,94,0,0,0,0,0
385,0,12,0,0,0,0,0,313145,0,0,0,0,47,0,0,0,0,0,0,0,0,0,0,0,0,0,0,0,0,0,0,0,0,0,0,0,0,45,93,0,0,0,0,0
385,0,13,0,0,0,0,0,313145,0,0,0,0,53,0,0,0,0,0,0,0,0,0,0,0,0,0,0,0,0,0,0,0,0,0,168,0,0,0,109,0,0,0,0,0
385,0,14,0,0,0,0,0,313144,0,0,0,0,53,0,0,0,0,0,0,0,0,0,0,0,0,0,0,0,0,0,0,0,0,0,0,0,90,0,63,0,0,0,0,0
385,0,15,0,0,0,0,0,313145,0,0,0,0,51,0,0,0,0,0,0,0,0,0,0,0,0,0,0,0,0,0,0,0,0,0,0,0,29,0,102,0,0,0,0,0
386,0,0,0,0,0,0,0,626288,0,0,132,262208,136,0,0,0,0,0,3891,0,0,0,0,0,0,0,0,132,132,0,130848,0,391756,262208,0,329,0,136,284,0,0,0,0,192
386,0,1,0,0,0,0,0,313144,3891,0,0,0,1160,0,0,0,0,0,3891,0,0,0,0,0,0,0,0,0,67,0,65392,0,130742,0,0,95,182,207,1949,0,0,48,0,0
386,0,2,0,0,0,0,0,313144,0,0,0,0,69,48,0,0,0,0,0,0,0,0,0,0,0,0,0,0,0,0,0,0,65389,65501,0,249,121,292,159,0,0,48,0,48
386,0,3,0,0,0,0,0,313144,0,0,0,0,70,48,0,0,0,0,0,0,0,0,0,0,0,0,0,0,0,0,0,0,0,65496,0,95,55,0,99,0,0,0,0,48
386,0,4,0,0,0,0,0,313144,0,0,0,0,70,48,0,0,0,0,0,0,0,0,0,0,0,0,0,0,0,0,0,0,0,65488,0,87,0,55,105,48,0,0,0,48
386,0,5,0,0,0,0,0,313144,0,0,0,0,71,48,0,0,0,0,0,0,0,0,0,0,0,0,0,0,0,0,0,0,0,65475,558,148,0,1,157,0,0,0,0,48
386,0,6,0,0,0,0,0,313143,0,0,0,0,47,0,0,0,0,0,0,0,0,0,0,0,0,0,0,0,0,0,0,0,0,0,0,40,98,1,52,0,0,0,0,0
386,0,7,0,0,0,0,0,313144,0,0,0,0,53,0,0,0,0,0,0,0,0,0,0,0,0,0,0,0,0,0,0,0,0,0,0,106,39,0,137,0,0,0,0,0
386,0,8,0,0,0,0,0,313144,0,0,0,0,50,0,0,0,0,0,0,0,0,0,0,0,0,0,0,0,0,0,0,0,0,0,0,52,0,42,107,0,0,0,0,0
386,0,9,0,0,0,0,0,313144,0,0,0,0,47,0,0,0,0,0,0,0,0,0,0,0,0,0,0,0,0,0,0,0,0,0,375,42,0,0,53,0,0,0,0,0
386,0,10,0,0,0,0,0,313144,0,0,0,0,53,0,0,0,0,0,0,0,0,0,0,0,0,0,0,0,0,0,0,0,0,0,0,88,92,0,121,0,0,0,0,0
386,0,11,0,0,0,0,0,313144,0,0,0,0,53,0,0,0,0,0,0,0,0,0,0,0,0,0,0,0,0,0,0,0,0,0,0,41,39,0,94,0,0,0,0,0
386,0,12,0,0,0,0,0,313144,0,0,0,0,47,0,0,0,0,0,0,0,0,0,0,0,0,0,0,0,0,0,0,0,0,0,0,0,0,45,93,0,0,0,0,0
386,0,13,0,0,0,0,0,313144,0,0,0,0,53,0,0,0,0,0,0,0,0,0,0,0,0,0,0,0,0,0,0,0,0,0,168,0,0,0,109,0,0,0,0,0
386,0,14,0,0,0,0,0,313144,0,0,0,0,53,0,0,0,0,0,0,0,0,0,0,0,0,0,0,0,0,0,0,0,0,0,0,0,90,0,63,0,0,0,0,0
386,0,15,0,0,0,0,0,313144,0,0,0,0,51,0,0,0,0,0,0,0,0,0,0,0,0,0,0,0,0,0,0,0,0,0,0,0,29,0,100,0,0,0,0,0
387,0,0,0,0,0,0,0,626255,0,0,132,262208,136,0,0,0,0,0,3894,0,0,0,0,0,0,0,0,132,132,0,130793,0,391831,262208,0,329,0,136,284,0,0,0,0,192
387,0,1,0,0,0,0,0,313128,3894,0,0,0,1161,0,0,0,0,0,3894,0,0,0,0,0,0,0,0,0,66,0,65419,0,130748,0,0,97,181,205,1941,0,0,48,0,0
387,0,2,0,0,0,0,0,313128,0,0,0,0,64,48,0,0,0,0,0,0,0,0,0,0,0,0,0,0,0,0,0,0,65399,65500,0,249,127,291,157,0,0,48,0,48
387,0,3,0,0,0,0,0,313128,0,0,0,0,71,48,0,0,0,0,0,0,0,0,0,0,0,0,0,0,0,0,0,0,0,65500,0,95,54,0,101,0,0,0,0,48
387,0,4,0,0,0,0,0,313128,0,0,0,0,70,48,0,0,0,0,0,0,0,0,0,0,0,0,0,0,0,0,0,0,0,65475,0,87,0,55,103,48,0,0,0,48
387,0,5,0,0,0,0,0,313128,0,0,0,0,67,48,0,0,0,0,0,0,0,0,0,0,0,0,0,0,0,0,0,0,0,65484,561,148,0,2,151,0,0,0,0,48
387,0,6,0,0,0,0,0,313128,0,0,0,0,47,0,0,0,0,0,0,0,0,0,0,0,0,0,0,0,0,0,0,0,0,0,0,40,98,0,52,0,0,0,0,0
387,0,7,0,0,0,0,0,313128,0,0,0,0,53,0,0,0,0,0,0,0,0,0,0,0,0,0,0,0,0,0,0,0,0,0,0,107,39,0,137,0,0,0,0,0
387,0,8,0,0,0,0,0,313128,0,0,0,0,50,0,0,0,0,0,0,0,0,0,0,0,0,0,0,0,0,0,0,0,0,0,0,52,0,42,107,0,0,0,0,0
387,0,9,0,0,0,0,0,313128,0,0,0,0,47,0,0,0,0,0,0,0,0,0,0,0,0,0,0,0,0,0,0,0,0,0,375,42,0,0,53,0,0,0,0,0
387,0,10,0,0,0,0,0,313128,0,0,0,0,53,0,0,0,0,0,0,0,0,0,0,0,0,0,0,0,0,0,0,0,0,0,0,88,92,0,121,0,0,0,0,0
387,0,11,0,0,0,0,0,313128,0,0,0,0,53,0,0,0,0,0,0,0,0,0,0,0,0,0,0,0,0,0,0,0,0,0,0,40,39,0,94,0,0,0,0,0
387,0,12,0,0,0,0,0,313128,0,0,0,0,47,0,0,0,0,0,0,0,0,0,0,0,0,0,0,0,0,0,0,0,0,0,0,0,0,45,93,0,0,0,0,0
387,0,13,0,0,0,0,0,313128,0,0,0,0,53,0,0,0,0,0,0,0,0,0,0,0,0,0,0,0,0,0,0,0,0,0,168,0,0,0,109,0,0,0,0,0
387,0,14,0,0,0,0,0,313128,0,0,0,0,53,0,0,0,0,0,0,0,0,0,0,0,0,0,0,0,0,0,0,0,0,0,0,0,90,0,63,0,0,0,0,0
387,0,15,0,0,0,0,0,313128,0,0,0,0,51,0,0,0,0,0,0,0,0,0,0,0,0,0,0,0,0,0,0,0,0,0,0,0,29,0,101,0,0,0,0,0
388,0,0,0,0,0,0,0,888369,0,0,198,393312,136,0,0,0,0,0,4005,0,0,0,0,0,0,0,0,198,198,0,130758,0,652810,393312,0,329,0,136,284,0,0,0,0,288
388,0,1,0,0,0,0,0,444185,4005,0,0,0,1218,0,0,0,0,0,4005,0,0,0,0,0,0,0,0,0,95,0,65374,0,261433,0,0,94,172,228,2037,0,0,48,0,0
388,0,2,0,0,0,0,0,444185,0,0,0,0,64,48,0,0,0,0,0,0,0,0,0,0,0,0,0,0,0,0,65440,0,130817,65495,0,273,123,318,152,0,0,48,0,48
388,0,3,0,0,0,0,0,444185,0,0,0,0,68,48,0,0,0,0,0,0,0,0,0,0,0,0,0,0,0,0,65420,0,0,65502,0,98,55,0,101,0,0,0,0,48
388,0,4,0,0,0,0,0,444185,0,0,0,0,67,48,0,0,0,0,0,0,0,0,0,0,0,0,0,0,0,0,0,0,0,65488,0,87,0,58,92,96,0,0,0,48
388,0,5,0,0,0,0,0,444185,0,0,0,0,68,48,0,0,0,0,0,0,0,0,0,0,0,0,0,0,0,0,0,0,0,65471,588,150,0,0,153,0,0,48,0,48
388,0,6,0,0,0,0,0,444184,0,0,0,0,69,48,0,0,0,0,0,0,0,0,0,0,0,0,0,0,0,0,0,0,0,65488,0,39,130,2,86,0,0,48,0,48
388,0,7,0,0,0,0,0,444185,0,0,0,0,74,48,0,0,0,0,0,0,0,0,0,0,0,0,0,0,0,0,0,0,0,65487,0,111,50,0,186,0,0,0,0,48
388,0,8,0,0,0,0,0,444185,0,0,0,0,51,0,0,0,0,0,0,0,0,0,0,0,0,0,0,0,0,0,0,0,0,0,0,52,0,41,108,0,0,0,0,0
388,0,9,0,0,0,0,0,444185,0,0,0,0,48,0,0,0,0,0,0,0,0,0,0,0,0,0,0,0,0,0,0,0,0,0,378,41,0,0,53,0,0,0,0,0
388,0,10,0,0,0,0,0,444185,0,0,0,0,52,0,0,0,0,0,0,0,0,0,0,0,0,0,0,0,0,0,0,0,0,0,0,86,92,0,123,0,0,0,0,0
388,0,11,0,0,0,0,0,444185,0,0,0,0,52,0,0,0,0,0,0,0,0,0,0,0,0,0,0,0,0,0,0,0,0,0,0,38,40,0,93,0,0,0,0,0
388,0,12,0,0,0,0,0,444185,0,0,0,0,46,0,0,0,0,0,0,0,0,0,0,0,0,0,0,0,0,0,0,0,0,0,0,0,0,46,92,0,0,0,0,0
388,0,13,0,0,0,0,0,444185,0,0,0,0,53,0,0,0,0,0,0,0,0,0,0,0,0,0,0,0,0,0,0,0,0,0,165,0,0,0,110,0,0,0,0,0
388,0,14,0,0,0,0,0,444184,0,0,0,0,52,0,0,0,0,0,0,0,0,0,0,0,0,0,0,0,0,0,0,0,0,0,0,0,92,0,64,0,0,0,0,0
388,0,15,0,0,0,0,0,444185,0,0,0,0,52,0,0,0,0,0,0,0,0,0,0,0,0,0,0,0,0,0,0,0,0,0,0,0,28,0,106,0,0,0,0,0
389,0,0,0,0,0,0,0,888355,0,0,198,393312,136,0,0,0,0,0,4002,0,0,0,0,0,0,0,0,198,198,0,130740,0,652843,393312,0,329,0,136,284,0,0,0,0,288
389,0,1,0,0,0,0,0,444177,4002,0,0,0,1212,0,0,0,0,0,4002,0,0,0,0,0,0,0,0,0,95,0,65387,0,261440,0,0,95,176,229,2037,0,0,48,0,0
389,0,2,0,0,0,0,0,444177,0,0,0,0,66,48,0,0,0,0,0,0,0,0,0,0,0,0,0,0,0,0,65427,0,130819,65496,0,273,119,317,154,0,0,48,0,48
389,0,3,0,0,0,0,0,444177,0,0,0,0,66,48,0,0,0,0,0,0,0,0,0,0,0,0,0,0,0,0,65423,0,0,65498,0,99,57,0,99,0,0,0,0,48
389,0,4,0,0,0,0,0,444177,0,0,0,0,69,48,0,0,0,0,0,0,0,0,0,0,0,0,0,0,0,0,0,0,0,65482,0,87,0,56,98,96,0,0,0,48
389,0,5,0,0,0,0,0,444177,0,0,0,0,70,48,0,0,0,0,0,0,0,0,0,0,0,0,0,0,0,0,0,0,0,65474,586,150,0,1,154,0,0,48,0,48
389,0,6,0,0,0,0,0,444176,0,0,0,0,69,48,0,0,0,0,0,0,0,0,0,0,0,0,0,0,0,0,0,0,0,65484,0,39,130,2,86,0,0,48,0,48
389,0,7,0,0,0,0,0,444177,0,0,0,0,76,48,0,0,0,0,0,0,0,0,0,0,0,0,0,0,0,0,0,0,0,65485,0,110,49,0,187,0,0,0,0,48
389,0,8,0,0,0,0,0,444177,0,0,0,0,51,0,0,0,0,0,0,0,0,0,0,0,0,0,0,0,0,0,0,0,0,0,0,52,0,41,108,0,0,0,0,0
389,0,9,0,0,0,0,0,444177,0,0,0,0,48,0,0,0,0,0,0,0,0,0,0,0,0,0,0,0,0,0,0,0,0,0,379,41,0,0,53,0,0,0,0,0
389,0,10,0,0,0,0,0,444177,0,0,0,0,52,0,0,0,0,0,0,0,0,0,0,0,0,0,0,0,0,0,0,0,0,0,0,85,92,0,124,0,0,0,0,0
389,0,11,0,0,0,0,0,444177,0,0,0,0,52,0,0,0,0,0,0,0,0,0,0,0,0,0,0,0,0,0,0,0,0,0,0,39,40,0,93,0,0,0,0,0
389,0,12,0,0,0,0,0,444177,0,0,0,0,46,0,0,0,0,0,0,0,0,0,0,0,0,0,0,0,0,0,0,0,0,0,0,0,0,46,92,0,0,0,0,0
389,0,13,0,0,0,0,0,444177,0,0,0,0,53,0,0,0,0,0,0,0,0,0,0,0,0,0,0,0,0,0,0,0,0,0,164,0,0,0,110,0,0,0,0,0
389,0,14,0,0,0,0,0,444177,0,0,0,0,52,0,0,0,0,0,0,0,0,0,0,0,0,0,0,0,0,0,0,0,0,0,0,0,93,0,65,0,0,0,0,0
389,0,15,0,0,0,0,0,444177,0,0,0,0,53,0,0,0,0,0,0,0,0,0,0,0,0,0,0,0,0,0,0,0,0,0,0,0,27,0,106,0,0,0,0,0
390,0,0,0,0,0,0,0,888234,0,0,198,393312,136,0,0,0,0,0,4002,0,0,0,0,0,0,0,0,198,198,0,130777,0,652793,393312,0,329,0,136,284,0,0,0,0,288
390,0,1,0,0,0,0,0,444117,4002,0,0,0,1225,0,0,0,0,0,4002,0,0,0,0,0,0,0,0,0,100,0,65409,0,261401,0,0,91,173,223,2034,0,0,48,0,0
390,0,2,0,0,0,0,0,444117,0,0,0,0,69,48,0,0,0,0,0,0,0,0,0,0,0,0,0,0,0,0,65427,0,130801,65501,0,274,123,312,166,0,0,48,0,48
390,0,3,0,0,0,0,0,444117,0,0,0,0,72,48,0,0,0,0,0,0,0,0,0,0,0,0,0,0,0,0,65416,0,0,65498,0,109,51,0,100,0,0,0,0,48
390,0,4,0,0,0,0,0,444117,0,0,0,0,68,48,0,0,0,0,0,0,0,0,0,0,0,0,0,0,0,0,0,0,0,65497,0,82,0,57,97,96,0,0,0,48
390,0,5,0,0,0,0,0,444117,0,0,0,0,72,48,0,0,0,0,0,0,0,0,0,0,0,0,0,0,0,0,0,0,0,65484,598,149,0,0,161,0,0,48,0,48
390,0,6,0,0,0,0,0,444117,0,0,0,0,68,48,0,0,0,0,0,0,0,0,0,0,0,0,0,0,0,0,0,0,0,65483,0,35,130,3,88,0,0,48,0,48
390,0,7,0,0,0,0,0,444117,0,0,0,0,74,48,0,0,0,0,0,0,0,0,0,0,0,0,0,0,0,0,0,0,0,65484,0,105,50,0,180,0,0,0,0,48
390,0,8,0,0,0,0,0,444117,0,0,0,0,50,0,0,0,0,0,0,0,0,0,0,0,0,0,0,0,0,0,0,0,0,0,0,57,0,42,107,0,0,0,0,0
390,0,9,0,0,0,0,0,444117,0,0,0,0,47,0,0,0,0,0,0,0,0,0,0,0,0,0,0,0,0,0,0,0,0,0,365,41,0,0,53,0,0,0,0,0
390,0,10,0,0,0,0,0,444117,0,0,0,0,54,0,0,0,0,0,0,0,0,0,0,0,0,0,0,0,0,0,0,0,0,0,0,88,92,0,127,0,0,0,0,0
390,0,11,0,0,0,0,0,444117,0,0,0,0,54,0,0,0,0,0,0,0,0,0,0,0,0,0,0,0,0,0,0,0,0,0,0,44,38,0,95,0,0,0,0,0
390,0,12,0,0,0,0,0,444117,0,0,0,0,54,0,0,0,0,0,0,0,0,0,0,0,0,0,0,0,0,0,0,0,0,0,0,0,0,38,95,0,0,0,0,0
390,0,13,0,0,0,0,0,444117,0,0,0,0,51,0,0,0,0,0,0,0,0,0,0,0,0,0,0,0,0,0,0,0,0,0,178,0,0,0,108,0,0,0,0,0
390,0,14,0,0,0,0,0,444117,0,0,0,0,54,0,0,0,0,0,0,0,0,0,0,0,0,0,0,0,0,0,0,0,0,0,0,0,89,0,64,0,0,0,0,0
390,0,15,0,0,0,0,0,444117,0,0,0,0,51,0,0,0,0,0,0,0,0,0,0,0,0,0,0,0,0,0,0,0,0,0,0,0,29,0,99,0,0,0,0,0
391,0,0,0,0,0,0,0,1150332,0,0,262,524416,136,0,0,0,0,0,4113,0,0,0,0,0,0,0,0,262,262,0,261366,0,783245,524416,0,362,0,136,284,0,0,0,0,384
391,0,1,0,0,0,0,0,575166,4113,0,0,0,1236,0,0,0,0,0,4113,0,0,0,0,0,0,0,0,0,133,0,130707,0,261407,0,0,99,194,249,2102,0,0,48,0,0
391,0,2,0,0,0,0,0,575166,0,0,0,0,62,48,0,0,0,0,0,0,0,0,0,0,0,0,0,0,0,0,65422,0,130807,65474,0,269,119,306,143,0,0,48,0,48
391,0,3,0,0,0,0,0,575166,0,0,0,0,64,48,0,0,0,0,0,0,0,0,0,0,0,0,0,0,0,0,65415,0,0,65500,0,117,59,0,90,0,0,0,0,48
391,0,4,0,0,0,0,0,575166,0,0,0,0,64,48,0,0,0,0,0,0,0,0,0,0,0,0,0,0,0,0,65398,0,0,65484,0,97,0,59,101,144,0,0,0,48
391,0,5,0,0,0,0,0,575166,0,0,0,0,70,48,0,0,0,0,0,0,0,0,0,0,0,0,0,0,0,0,65409,0,0,65497,605,173,0,2,162,0,0,48,0,48
391,0,6,0,0,0,0,0,575166,0,0,0,0,67,48,0,0,0,0,0,0,0,0,0,0,0,0,0,0,0,0,0,0,0,65488,0,43,130,0,84,0,0,48,0,48
391,0,7,0,0,0,0,0,575166,0,0,0,0,72,48,0,0,0,0,0,0,0,0,0,0,0,0,0,0,0,0,0,0,0,65487,0,105,52,0,173,0,0,0,0,48
391,0,8,0,0,0,0,0,575166,0,0,0,0,72,48,0,0,0,0,0,0,0,0,0,0,0,0,0,0,0,0,0,0,0,65478,0,52,0,53,154,48,0,0,0,48
391,0,9,0,0,0,0,0,575166,0,0,0,0,66,48,0,0,0,0,0,0,0,0,0,0,0,0,0,0,0,0,0,0,0,65481,418,40,0,0,84,0,0,0,0,48
391,0,10,0,0,0,0,0,575166,0,0,0,0,52,0,0,0,0,0,0,0,0,0,0,0,0,0,0,0,0,0,0,0,0,0,0,82,86,2,123,0,0,0,0,0
391,0,11,0,0,0,0,0,575166,0,0,0,0,46,0,0,0,0,0,0,0,0,0,0,0,0,0,0,0,0,0,0,0,0,0,0,39,46,0,92,0,0,0,0,0
391,0,12,0,0,0,0,0,575166,0,0,0,0,46,0,0,0,0,0,0,0,0,0,0,0,0,0,0,0,0,0,0,0,0,0,0,0,0,46,92,0,0,0,0,0
391,0,13,0,0,0,0,0,575166,0,0,0,0,51,0,0,0,0,0,0,0,0,0,0,0,0,0,0,0,0,0,0,0,0,0,167,0,0,0,109,0,0,0,0,0
391,0,14,0,0,0,0,0,575165,0,0,0,0,53,0,0,0,0,0,0,0,0,0,0,0,0,0,0,0,0,0,0,0,0,0,0,0,92,0,69,0,0,0,0,0
391,0,15,0,0,0,0,0,575166,0,0,0,0,53,0,0,0,0,0,0,0,0,0,0,0,0,0,0,0,0,0,0,0,0,0,0,0,27,0,108,0,0,0,0,0
392,0,0,0,0,0,0,0,1150236,0,0,262,524416,136,0,0,0,0,0,4113,0,0,0,0,0,0,0,0,262,262,0,261355,0,783268,524416,0,362,0,136,284,0,0,0,0,384
392,0,1,0,0,0,0,0,575118,4113,0,0,0,1276,0,0,0,0,0,4113,0,0,0,0,0,0,0,0,0,127,0,130701,0,261451,0,0,91,199,212,2118,0,0,48,0,0
392,0,2,0,0,0,0,0,575118,0,0,0,0,64,48,0,0,0,0,0,0,0,0,0,0,0,0,0,0,0,0,65419,0,130827,65484,0,292,123,313,152,0,0,48,0,48
392,0,3,0,0,0,0,0,575118,0,0,0,0,70,48,0,0,0,0,0,0,0,0,0,0,0,0,0,0,0,0,65425,0,0,65500,0,111,53,0,95,0,0,0,0,48
392,0,4,0,0,0,0,0,575118,0,0,0,0,71,48,0,0,0,0,0,0,0,0,0,0,0,0,0,0,0,0,65393,0,0,65484,0,98,0,52,110,144,0,0,0,48
392,0,5,0,0,0,0,0,575118,0,0,0,0,74,48,0,0,0,0,0,0,0,0,0,0,0,0,0,0,0,0,65417,0,0,65491,625,172,0,1,175,0,0,48,0,48
392,0,6,0,0,0,0,0,575117,0,0,0,0,73,48,0,0,0,0,0,0,0,0,0,0,0,0,0,0,0,0,0,0,0,65490,0,23,130,1,87,0,0,48,0,48
392,0,7,0,0,0,0,0,575118,0,0,0,0,78,48,0,0,0,0,0,0,0,0,0,0,0,0,0,0,0,0,0,0,0,65487,0,108,46,0,181,0,0,0,0,48
392,0,8,0,0,0,0,0,575118,0,0,0,0,78,48,0,0,0,0,0,0,0,0,0,0,0,0,0,0,0,0,0,0,0,65477,0,52,0,47,159,48,0,0,0,48
392,0,9,0,0,0,0,0,575118,0,0,0,0,75,48,0,0,0,0,0,0,0,0,0,0,0,0,0,0,0,0,0,0,0,65483,402,42,0,0,92,0,0,0,0,48
392,0,10,0,0,0,0,0,575118,0,0,0,0,57,0,0,0,0,0,0,0,0,0,0,0,0,0,0,0,0,0,0,0,0,0,0,92,92,2,138,0,0,0,0,0
392,0,11,0,0,0,0,0,575118,0,0,0,0,57,0,0,0,0,0,0,0,0,0,0,0,0,0,0,0,0,0,0,0,0,0,0,41,35,0,98,0,0,0,0,0
392,0,12,0,0,0,0,0,575118,0,0,0,0,51,0,0,0,0,0,0,0,0,0,0,0,0,0,0,0,0,0,0,0,0,0,0,0,0,41,97,0,0,0,0,0
392,0,13,0,0,0,0,0,575118,0,0,0,0,57,0,0,0,0,0,0,0,0,0,0,0,0,0,0,0,0,0,0,0,0,0,174,0,0,0,113,0,0,0,0,0
392,0,14,0,0,0,0,0,575118,0,0,0,0,57,0,0,0,0,0,0,0,0,0,0,0,0,0,0,0,0,0,0,0,0,0,0,0,84,0,63,0,0,0,0,0
392,0,15,0,0,0,0,0,575118,0,0,0,0,49,0,0,0,0,0,0,0,0,0,0,0,0,0,0,0,0,0,0,0,0,0,0,0,31,0,102,0,0,0,0,0
393,0,0,0,0,0,0,0,1150335,0,0,262,524416,136,0,0,0,0,0,4113,0,0,0,0,0,0,0,0,262,262,0,261381,0,783233,524416,0,362,0,136,284,0,0,0,0,384
393,0,1,0,0,0,0,0,575168,4113,0,0,0,1259,0,0,0,0,0,4113,0,0,0,0,0,0,0,0,0,131,0,130697,0,261436,0,0,97,191,231,2108,0,0,48,0,0
393,0,2,0,0,0,0,0,575168,0,0,0,0,64,48,0,0,0,0,0,0,0,0,0,0,0,0,0,0,0,0,65426,0,130815,65478,0,276,119,310,151,0,0,48,0,48
393,0,3,0,0,0,0,0,575168,0,0,0,0,65,48,0,0,0,0,0,0,0,0,0,0,0,0,0,0,0,0,65418,0,0,65502,0,110,58,0,94,0,0,0,0,48
393,0,4,0,0,0,0,0,575168,0,0,0,0,68,48,0,0,0,0,0,0,0,0,0,0,0,0,0,0,0,0,65389,0,0,65492,0,96,0,55,103,144,0,0,0,48
393,0,5,0,0,0,0,0,575168,0,0,0,0,70,48,0,0,0,0,0,0,0,0,0,0,0,0,0,0,0,0,65420,0,0,65486,622,172,0,0,165,0,0,48,0,48
393,0,6,0,0,0,0,0,575168,0,0,0,0,69,48,0,0,0,0,0,0,0,0,0,0,0,0,0,0,0,0,0,0,0,65491,0,40,129,3,82,0,0,48,0,48
393,0,7,0,0,0,0,0,575168,0,0,0,0,75,48,0,0,0,0,0,0,0,0,0,0,0,0,0,0,0,0,0,0,0,65485,0,105,50,0,179,0,0,0,0,48
393,0,8,0,0,0,0,0,575168,0,0,0,0,69,48,0,0,0,0,0,0,0,0,0,0,0,0,0,0,0,0,0,0,0,65471,0,52,0,56,152,48,0,0,0,48
393,0,9,0,0,0,0,0,575168,0,0,0,0,69,48,0,0,0,0,0,0,0,0,0,0,0,0,0,0,0,0,0,0,0,65484,408,42,0,0,86,0,0,0,0,48
393,0,10,0,0,0,0,0,575168,0,0,0,0,53,0,0,0,0,0,0,0,0,0,0,0,0,0,0,0,0,0,0,0,0,0,0,85,92,2,124,0,0,0,0,0
393,0,11,0,0,0,0,0,575168,0,0,0,0,53,0,0,0,0,0,0,0,0,0,0,0,0,0,0,0,0,0,0,0,0,0,0,44,39,0,94,0,0,0,0,0
393,0,12,0,0,0,0,0,575168,0,0,0,0,47,0,0,0,0,0,0,0,0,0,0,0,0,0,0,0,0,0,0,0,0,0,0,0,0,45,93,0,0,0,0,0
393,0,13,0,0,0,0,0,575168,0,0,0,0,53,0,0,0,0,0,0,0,0,0,0,0,0,0,0,0,0,0,0,0,0,0,165,0,0,0,109,0,0,0,0,0
393,0,14,0,0,0,0,0,575168,0,0,0,0,53,0,0,0,0,0,0,0,0,0,0,0,0,0,0,0,0,0,0,0,0,0,0,0,93,0,66,0,0,0,0,0
393,0,15,0,0,0,0,0,575168,0,0,0,0,54,0,0,0,0,0,0,0,0,0,0,0,0,0,0,0,0,0,0,0,0,0,0,0,26,0,104,0,0,0,0,0
394,0,0,0,0,0,0,0,1412138,0,0,328,655520,136,0,0,0,0,0,4224,0,0,0,0,0,0,0,0,328,328,0,261325,0,1044005,655520,0,362,0,136,284,0,0,0,0,946413
394,0,1,0,0,0,0,0,706069,4224,0,0,0,1303,0,0,0,0,0,4224,0,0,0,0,0,0,0,0,0,160,0,130738,0,391957,0,0,106,190,247,2179,0,0,48,0,0
394,0,2,0,0,0,0,0,706069,0,0,0,0,68,48,0,0,0,0,0,0,0,0,0,0,0,0,0,0,0,0,130837,0,196076,65483,0,300,118,347,148,0,0,48,0,48
394,0,3,0,0,0,0,0,706069,0,0,0,0,68,48,0,0,0,0,0,0,0,0,0,0,0,0,0,0,0,0,130794,0,0,65493,0,108,55,0,97,0,0,0,0,48
394,0,4,0,0,0,0,0,706069,0,0,0,0,71,48,0,0,0,0,0,0,0,0,0,0,0,0,0,0,0,0,65372,0,0,65489,0,100,0,52,100,192,0,0,0,48
394,0,5,0,0,0,0,0,706069,0,0,0,0,64,48,0,0,0,0,0,0,0,0,0,0,0,0,0,0,0,0,65427,0,0,65498,658,172,0,2,148,0,0,48,0,48
394,0,6,0,0,0,0,0,706068,0,0,0,0,68,48,0,0,0,0,0,0,0,0,0,0,0,0,0,0,0,0,65414,0,0,65502,0,50,131,1,82,0,0,48,0,48
394,0,7,0,0,0,0,0,706069,0,0,0,0,75,48,0,0,0,0,0,0,0,0,0,0,0,0,0,0,0,0,65414,0,0,65489,0,141,49,0,183,0,0,0,0,48
394,0,8,0,0,0,0,0,706069,0,0,0,0,73,48,0,0,0,0,0,0,0,0,0,0,0,0,0,0,0,0,0,0,0,65467,0,52,0,52,152,96,0,0,0,48
394,0,9,0,0,0,0,0,706069,0,0,0,0,71,48,0,0,0,0,0,0,0,0,0,0,0,0,0,0,0,0,0,0,0,65483,439,41,0,2,89,0,0,48,0,48
394,0,10,0,0,0,0,0,706069,0,0,0,0,76,48,0,0,0,0,0,0,0,0,0,0,0,0,0,0,0,0,0,0,0,65500,0,86,124,1,171,0,0,48,0,48
394,0,11,0,0,0,0,0,706069,0,0,0,0,77,48,0,0,0,0,0,0,0,0,0,0,0,0,0,0,0,0,0,0,0,65502,0,40,48,0,123,0,0,0,0,48
394,0,12,0,0,0,0,0,706069,0,0,0,0,46,0,0,0,0,0,0,0,0,0,0,0,0,0,0,0,0,0,0,0,0,0,0,0,0,46,92,0,0,0,0,0
394,0,13,0,0,0,0,0,706069,0,0,0,0,53,0,0,0,0,0,0,0,0,0,0,0,0,0,0,0,0,0,0,0,0,0,166,0,0,0,110,0,0,0,0,0
394,0,14,0,0,0,0,0,706068,0,0,0,0,52,0,0,0,0,0,0,0,0,0,0,0,0,0,0,0,0,0,0,0,0,0,0,0,91,0,64,0,0,0,0,0
394,0,15,0,0,0,0,0,706069,0,0,0,0,51,0,0,0,0,0,0,0,0,0,0,0,0,0,0,0,0,0,0,0,0,0,0,0,29,0,107,0,0,0,0,0
395,0,0,0,0,0,0,0,1412160,0,0,328,655520,136,0,0,0,0,0,4224,0,0,0,0,0,0,0,0,328,328,0,261375,0,1044094,655520,0,362,0,136,284,0,0,0,0,946305
395,0,1,0,0,0,0,0,706080,4224,0,0,0,1293,0,0,0,0,0,4224,0,0,0,0,0,0,0,0,0,167,0,130737,0,391986,0,0,104,190,259,2176,0,0,48,0,0
395,0,2,0,0,0,0,0,706080,0,0,0,0,66,48,0,0,0,0,0,0,0,0,0,0,0,0,0,0,0,0,130836,0,196083,65486,0,299,122,334,148,0,0,48,0,48
395,0,3,0,0,0,0,0,706080,0,0,0,0,70,48,0,0,0,0,0,0,0,0,0,0,0,0,0,0,0,0,130793,0,0,65501,0,120,53,0,100,0,0,0,0,48
395,0,4,0,0,0,0,0,706080,0,0,0,0,66,48,0,0,0,0,0,0,0,0,0,0,0,0,0,0,0,0,65384,0,0,65491,0,98,0,57,98,192,0,0,0,48
395,0,5,0,0,0,0,0,706080,0,0,0,0,70,48,0,0,0,0,0,0,0,0,0,0,0,0,0,0,0,0,65429,0,0,65498,647,171,0,2,157,0,0,48,0,48
395,0,6,0,0,0,0,0,706079,0,0,0,0,69,48,0,0,0,0,0,0,0,0,0,0,0,0,0,0,0,0,65415,0,0,65501,0,51,129,1,83,0,0,48,0,48
395,0,7,0,0,0,0,0,706080,0,0,0,0,74,48,0,0,0,0,0,0,0,0,0,0,0,0,0,0,0,0,65411,0,0,65488,0,134,50,0,177,0,0,0,0,48
395,0,8,0,0,0,0,0,706080,0,0,0,0,74,48,0,0,0,0,0,0,0,0,0,0,0,0,0,0,0,0,0,0,0,65473,0,52,0,51,155,96,0,0,0,48
395,0,9,0,0,0,0,0,706080,0,0,0,0,67,48,0,0,0,0,0,0,0,0,0,0,0,0,0,0,0,0,0,0,0,65487,441,42,0,2,85,0,0,48,0,48
395,0,10,0,0,0,0,0,706080,0,0,0,0,76,48,0,0,0,0,0,0,0,0,0,0,0,0,0,0,0,0,0,0,0,65500,0,85,127,0,171,0,0,48,0,48
395,0,11,0,0,0,0,0,706080,0,0,0,0,78,48,0,0,0,0,0,0,0,0,0,0,0,0,0,0,0,0,0,0,0,65503,0,45,46,0,128,0,0,0,0,48
395,0,12,0,0,0,0,0,706080,0,0,0,0,47,0,0,0,0,0,0,0,0,0,0,0,0,0,0,0,0,0,0,0,0,0,0,0,0,45,93,0,0,0,0,0
395,0,13,0,0,0,0,0,706080,0,0,0,0,53,0,0,0,0,0,0,0,0,0,0,0,0,0,0,0,0,0,0,0,0,0,166,0,0,0,109,0,0,0,0,0
395,0,14,0,0,0,0,0,706080,0,0,0,0,53,0,0,0,0,0,0,0,0,0,0,0,0,0,0,0,0,0,0,0,0,0,0,0,92,0,66,0,0,0,0,0
395,0,15,0,0,0,0,0,706080,0,0,0,0,53,0,0,0,0,0,0,0,0,0,0,0,0,0,0,0,0,0,0,0,0,0,0,0,27,0,104,0,0,0,0,0
396,0,0,0,0,0,0,0,1412080,0,0,328,655520,136,0,0,0,0,0,4221,0,0,0,0,0,0,0,0,328,328,0,261371,0,1044070,655520,0,362,0,136,284,0,0,0,0,946306
396,0,1,0,0,0,0,0,706040,4221,0,0,0,1321,0,0,0,0,0,4221,0,0,0,0,0,0,0,0,0,159,0,130755,0,391942,0,0,97,193,235,2199,0,0,48,0,0
396,0,2,0,0,0,0,0,706040,0,0,0,0,62,48,0,0,0,0,0,0,0,0,0,0,0,0,0,0,0,0,130832,0,196070,65478,0,317,123,334,151,0,0,48,0,48
396,0,3,0,0,0,0,0,706040,0,0,0,0,67,48,0,0,0,0,0,0,0,0,0,0,0,0,0,0,0,0,130784,0,0,65498,0,125,55,0,93,0,0,0,0,48
396,0,4,0,0,0,0,0,706040,0,0,0,0,64,48,0,0,0,0,0,0,0,0,0,0,0,0,0,0,0,0,65384,0,0,65487,0,99,0,59,98,192,0,0,0,48
396,0,5,0,0,0,0,0,706040,0,0,0,0,68,48,0,0,0,0,0,0,0,0,0,0,0,0,0,0,0,0,65432,0,0,65504,651,173,0,1,159,0,0,48,0,48
396,0,6,0,0,0,0,0,706040,0,0,0,0,69,48,0,0,0,0,0,0,0,0,0,0,0,0,0,0,0,0,65412,0,0,65501,0,37,129,1,79,0,0,48,0,48
396,0,7,0,0,0,0,0,706040,0,0,0,0,73,48,0,0,0,0,0,0,0,0,0,0,0,0,0,0,0,0,65403,0,0,65488,0,133,51,0,172,0,0,0,0,48
396,0,8,0,0,0,0,0,706040,0,0,0,0,73,48,0,0,0,0,0,0,0,0,0,0,0,0,0,0,0,0,0,0,0,65473,0,52,0,52,153,96,0,0,0,48
396,0,9,0,0,0,0,0,706040,0,0,0,0,73,48,0,0,0,0,0,0,0,0,0,0,0,0,0,0,0,0,0,0,0,65485,438,40,0,1,91,0,0,48,0,48
396,0,10,0,0,0,0,0,706040,0,0,0,0,76,48,0,0,0,0,0,0,0,0,0,0,0,0,0,0,0,0,0,0,0,65501,0,90,120,1,180,0,0,48,0,48
396,0,11,0,0,0,0,0,706040,0,0,0,0,72,48,0,0,0,0,0,0,0,0,0,0,0,0,0,0,0,0,0,0,0,65500,0,40,53,0,126,0,0,0,0,48
396,0,12,0,0,0,0,0,706040,0,0,0,0,48,0,0,0,0,0,0,0,0,0,0,0,0,0,0,0,0,0,0,0,0,0,0,0,0,44,94,0,0,0,0,0
396,0,13,0,0,0,0,0,706040,0,0,0,0,54,0,0,0,0,0,0,0,0,0,0,0,0,0,0,0,0,0,0,0,0,0,170,0,0,0,112,0,0,0,0,0
396,0,14,0,0,0,0,0,706040,0,0,0,0,52,0,0,0,0,0,0,0,0,0,0,0,0,0,0,0,0,0,0,0,0,0,0,0,88,0,60,0,0,0,0,0
396,0,15,0,0,0,0,0,706040,0,0,0,0,48,0,0,0,0,0,0,0,0,0,0,0,0,0,0,0,0,0,0,0,0,0,0,0,32,0,104,0,0,0,0,0
397,0,0,0,0,0,0,0,1803800,0,0,422,852176,136,0,0,0,0,0,4380,0,0,0,0,0,0,0,0,422,422,0,391921,0,1304555,852176,0,397,0,136,284,0,0,0,0,1504413
397,0,1,0,0,0,0,0,901900,4380,0,0,0,1402,0,0,0,0,0,4380,0,0,0,0,0,0,0,0,0,225,0,195997,0,457115,0,0,111,206,224,2313,0,0,48,0,0
397,0,2,0,0,0,0,0,901900,0,0,0,0,63,48,0,0,0,0,0,0,0,0,0,0,0,0,0,0,0,0,196103,0,196038,65491,0,330,116,351,158,0,0,48,0,48
397,0,3,0,0,0,0,0,901900,0,0,0,0,66,48,0,0,0,0,0,0,0,0,0,0,0,0,0,0,0,0,130779,0,0,65497,0,111,51,0,82,0,0,0,0,48
397,0,4,0,0,0,0,0,901900,0,0,0,0,70,48,0,0,0,0,0,0,0,0,0,0,0,0,0,0,0,0,130740,0,0,65490,0,108,0,53,99,507220,0,0,0,48
397,0,5,0,0,0,0,0,901900,0,0,0,0,72,48,0,0,0,0,0,0,0,0,0,0,0,0,0,0,0,0,130783,0,0,65500,713,196,0,1,164,0,0,48,0,48
397,0,6,0,0,0,0,0,901900,0,0,0,0,72,48,0,0,0,0,0,0,0,0,0,0,0,0,0,0,0,0,130799,0,0,65492,0,53,131,1,88,0,0,48,0,48
397,0,7,0,0,0,0,0,901900,0,0,0,0,79,48,0,0,0,0,0,0,0,0,0,0,0,0,0,0,0,0,65405,0,0,65488,0,133,46,0,191,0,0,0,0,48
397,0,8,0,0,0,0,0,901900,0,0,0,0,77,48,0,0,0,0,0,0,0,0,0,0,0,0,0,0,0,0,65411,0,0,65468,0,75,0,48,160,192,0,0,0,48
397,0,9,0,0,0,0,0,901900,0,0,0,0,74,48,0,0,0,0,0,0,0,0,0,0,0,0,0,0,0,0,65408,0,0,65488,474,55,0,1,89,0,0,48,0,48
397,0,10,0,0,0,0,0,901900,0,0,0,0,80,48,0,0,0,0,0,0,0,0,0,0,0,0,0,0,0,0,65439,0,0,65490,0,115,124,2,178,0,0,48,0,48
397,0,11,0,0,0,0,0,901900,0,0,0,0,81,48,0,0,0,0,0,0,0,0,0,0,0,0,0,0,0,0,0,0,0,65499,0,43,44,0,131,0,0,0,0,48
397,0,12,0,0,0,0,0,901900,0,0,0,0,73,48,0,0,0,0,0,0,0,0,0,0,0,0,0,0,0,0,0,0,0,65503,0,0,0,52,131,48,0,0,0,48
397,0,13,0,0,0,0,0,901900,0,0,0,0,78,48,0,0,0,0,0,0,0,0,0,0,0,0,0,0,0,0,0,0,0,65501,229,0,0,1,156,0,0,48,0,48
397,0,14,0,0,0,0,0,901900,0,0,0,0,76,48,0,0,0,0,0,0,0,0,0,0,0,0,0,0,0,0,0,0,0,65491,0,0,94,2,94,0,0,0,0,48
397,0,15,0,0,0,0,0,901900,0,0,0,0,46,0,0,0,0,0,0,0,0,0,0,0,0,0,0,0,0,0,0,0,0,0,0,0,34,0,100,0,0,0,0,0
398,0,0,0,0,0,0,0,1804100,0,0,422,852176,136,0,0,0,0,0,4380,0,0,0,0,0,0,0,0,422,422,0,391785,0,1304545,852176,0,397,0,136,284,0,0,0,0,1504500
398,0,1,0,0,0,0,0,902050,4380,0,0,0,1410,0,0,0,0,0,4380,0,0,0,0,0,0,0,0,0,220,0,195965,0,457131,0,0,89,225,219,2321,0,0,48,0,0
398,0,2,0,0,0,0,0,902050,0,0,0,0,65,48,0,0,0,0,0,0,0,0,0,0,0,0,0,0,0,0,196104,0,196035,65489,0,320,111,390,135,0,0,48,0,48
398,0,3,0,0,0,0,0,902050,0,0,0,0,61,48,0,0,0,0,0,0,0,0,0,0,0,0,0,0,0,0,130780,0,0,65494,0,67,55,0,83,0,0,0,0,48
398,0,4,0,0,0,0,0,902050,0,0,0,0,68,48,0,0,0,0,0,0,0,0,0,0,0,0,0,0,0,0,130709,0,0,65487,0,106,0,55,126,507219,0,0,0,48
398,0,5,0,0,0,0,0,902050,0,0,0,0,67,48,0,0,0,0,0,0,0,0,0,0,0,0,0,0,0,0,130775,0,0,65495,718,193,0,1,184,0,0,48,0,48
398,0,6,0,0,0,0,0,902049,0,0,0,0,68,48,0,0,0,0,0,0,0,0,0,0,0,0,0,0,0,0,130791,0,0,65498,0,63,130,1,84,0,0,48,0,48
398,0,7,0,0,0,0,0,902050,0,0,0,0,74,48,0,0,0,0,0,0,0,0,0,0,0,0,0,0,0,0,65414,0,0,65485,0,168,51,0,195,0,0,0,0,48
398,0,8,0,0,0,0,0,902050,0,0,0,0,75,48,0,0,0,0,0,0,0,0,0,0,0,0,0,0,0,0,65390,0,0,65472,0,76,0,50,159,192,0,0,0,48
398,0,9,0,0,0,0,0,902050,0,0,0,0,72,48,0,0,0,0,0,0,0,0,0,0,0,0,0,0,0,0,65409,0,0,65485,473,56,0,1,89,0,0,48,0,48
398,0,10,0,0,0,0,0,902050,0,0,0,0,75,48,0,0,0,0,0,0,0,0,0,0,0,0,0,0,0,0,65439,0,0,65490,0,122,124,2,156,0,0,48,0,48
398,0,11,0,0,0,0,0,902050,0,0,0,0,76,48,0,0,0,0,0,0,0,0,0,0,0,0,0,0,0,0,0,0,0,65502,0,5,49,0,129,0,0,0,0,48
398,0,12,0,0,0,0,0,902050,0,0,0,0,70,48,0,0,0,0,0,0,0,0,0,0,0,0,0,0,0,0,0,0,0,65499,0,0,0,55,127,48,0,0,0,48
398,0,13,0,0,0,0,0,902050,0,0,0,0,78,48,0,0,0,0,0,0,0,0,0,0,0,0,0,0,0,0,0,0,0,65501,230,0,0,1,155,0,0,48,0,48
398,0,14,0,0,0,0,0,902050,0,0,0,0,75,48,0,0,0,0,0,0,0,0,0,0,0,0,0,0,0,0,0,0,0,65490,0,0,90,1,86,0,0,0,0,48
398,0,15,0,0,0,0,0,902050,0,0,0,0,40,0,0,0,0,0,0,0,0,0,0,0,0,0,0,0,0,0,0,0,0,0,0,0,40,0,133,0,0,0,0,0
399,0,0,0,0,0,0,0,1803954,0,0,422,852176,136,0,0,0,0,0,4380,0,0,0,0,0,0,0,0,422,422,0,391851,0,1304509,852176,0,397,0,136,284,0,0,0,0,1504492
399,0,1,0,0,0,0,0,901977,4380,0,0,0,1400,0,0,0,0,0,4380,0,0,0,0,0,0,0,0,0,227,0,195979,0,457094,0,0,108,202,233,2313,0,0,48,0,0
399,0,2,0,0,0,0,0,901977,0,0,0,0,63,48,0,0,0,0,0,0,0,0,0,0,0,0,0,0,0,0,196107,0,196028,65491,0,332,113,343,154,0,0,48,0,48
399,0,3,0,0,0,0,0,901977,0,0,0,0,62,48,0,0,0,0,0,0,0,0,0,0,0,0,0,0,0,0,130778,0,0,65497,0,117,55,0,80,0,0,0,0,48
399,0,4,0,0,0,0,0,901977,0,0,0,0,70,48,0,0,0,0,0,0,0,0,0,0,0,0,0,0,0,0,130736,0,0,65491,0,106,0,53,99,507222,0,0,0,48
399,0,5,0,0,0,0,0,901977,0,0,0,0,70,48,0,0,0,0,0,0,0,0,0,0,0,0,0,0,0,0,130771,0,0,65499,714,204,0,1,157,0,0,48,0,48
399,0,6,0,0,0,0,0,901977,0,0,0,0,71,48,0,0,0,0,0,0,0,0,0,0,0,0,0,0,0,0,130790,0,0,65498,0,50,129,1,88,0,0,48,0,48
399,0,7,0,0,0,0,0,901977,0,0,0,0,76,48,0,0,0,0,0,0,0,0,0,0,0,0,0,0,0,0,65413,0,0,65487,0,129,49,0,186,0,0,0,0,48
399,0,8,0,0,0,0,0,901977,0,0,0,0,70,48,0,0,0,0,0,0,0,0,0,0,0,0,0,0,0,0,65405,0,0,65473,0,76,0,55,154,192,0,0,0,48
399,0,9,0,0,0,0,0,901977,0,0,0,0,71,48,0,0,0,0,0,0,0,0,0,0,0,0,0,0,0,0,65411,0,0,65484,477,49,0,1,84,0,0,48,0,48
399,0,10,0,0,0,0,0,901977,0,0,0,0,75,48,0,0,0,0,0,0,0,0,0,0,0,0,0,0,0,0,65439,0,0,65488,0,120,119,1,171,0,0,48,0,48
399,0,11,0,0,0,0,0,901977,0,0,0,0,69,48,0,0,0,0,0,0,0,0,0,0,0,0,0,0,0,0,0,0,0,65502,0,42,55,0,126,0,0,0,0,48
399,0,12,0,0,0,0,0,901977,0,0,0,0,71,48,0,0,0,0,0,0,0,0,0,0,0,0,0,0,0,0,0,0,0,65502,0,0,0,54,128,48,0,0,0,48
399,0,13,0,0,0,0,0,901977,0,0,0,0,77,48,0,0,0,0,0,0,0,0,0,0,0,0,0,0,0,0,0,0,0,65501,227,0,0,1,161,0,0,48,0,48
399,0,14,0,0,0,0,0,901977,0,0,0,0,73,48,0,0,0,0,0,0,0,0,0,0,0,0,0,0,0,0,0,0,0,65492,0,0,95,1,86,0,0,0,0,48
399,0,15,0,0,0,0,0,901977,0,0,0,0,43,0,0,0,0,0,0,0,0,0,0,0,0,0,0,0,0,0,0,0,0,0,0,0,37,0,99,0,0,0,0,0
400,0,0,0,0,0,0,0,233009,0,0,10,65540,136,0,0,0,0,0,3693,0,0,0,0,0,0,0,0,10,10,0,0,0,130904,65540,0,294,0,136,284,0,0,0,0,12
400,0,1,0,0,0,0,0,116505,3693,0,0,0,1097,0,0,0,0,0,3693,0,0,0,0,0,0,0,0,0,1,0,0,0,65489,0,0,84,170,168,1817,0,0,12,0,0
400,0,2,0,0,0,0,0,116505,0,0,0,0,52,12,0,0,0,0,0,0,0,0,0,0,0,0,0,0,0,0,0,0,0,65521,0,249,95,283,136,0,0,0,0,12
400,0,3,0,0,0,0,0,116505,0,0,0,0,47,0,0,0,0,0,0,0,0,0,0,0,0,0,0,0,0,0,0,0,0,0,0,91,45,0,54,0,0,0,0,0
400,0,4,0,0,0,0,0,116505,0,0,0,0,47,0,0,0,0,0,0,0,0,0,0,0,0,0,0,0,0,0,0,0,0,0,0,87,0,45,61,0,0,0,0,0
400,0,5,0,0,0,0,0,116505,0,0,0,0,47,0,0,0,0,0,0,0,0,0,0,0,0,0,0,0,0,0,0,0,0,0,537,148,0,0,109,0,0,0,0,0
400,0,6,0,0,0,0,0,116505,0,0,0,0,47,0,0,0,0,0,0,0,0,0,0,0,0,0,0,0,0,0,0,0,0,0,0,40,98,0,52,0,0,0,0,0
400,0,7,0,0,0,0,0,116505,0,0,0,0,53,0,0,0,0,0,0,0,0,0,0,0,0,0,0,0,0,0,0,0,0,0,0,105,39,0,140,0,0,0,0,0
400,0,8,0,0,0,0,0,116505,0,0,0,0,50,0,0,0,0,0,0,0,0,0,0,0,0,0,0,0,0,0,0,0,0,0,0,52,0,42,107,0,0,0,0,0
400,0,9,0,0,0,0,0,116505,0,0,0,0,47,0,0,0,0,0,0,0,0,0,0,0,0,0,0,0,0,0,0,0,0,0,365,42,0,0,53,0,0,0,0,0
400,0,10,0,0,0,0,0,116505,0,0,0,0,53,0,0,0,0,0,0,0,0,0,0,0,0,0,0,0,0,0,0,0,0,0,0,91,92,0,118,0,0,0,0,0
400,0,11,0,0,0,0,0,116505,0,0,0,0,53,0,0,0,0,0,0,0,0,0,0,0,0,0,0,0,0,0,0,0,0,0,0,39,39,0,94,0,0,0,0,0
400,0,12,0,0,0,0,0,116505,0,0,0,0,47,0,0,0,0,0,0,0,0,0,0,0,0,0,0,0,0,0,0,0,0,0,0,0,0,45,93,0,0,0,0,0
400,0,13,0,0,0,0,0,116505,0,0,0,0,53,0,0,0,0,0,0,0,0,0,0,0,0,0,0,0,0,0,0,0,0,0,178,0,0,0,109,0,0,0,0,0
400,0,14,0,0,0,0,0,116505,0,0,0,0,53,0,0,0,0,0,0,0,0,0,0,0,0,0,0,0,0,0,0,0,0,0,0,0,80,0,60,0,0,0,0,0
400,0,15,0,0,0,0,0,116505,0,0,0,0,41,0,0,0,0,0,0,0,0,0,0,0,0,0,0,0,0,0,0,0,0,0,0,0,39,0,89,0,0,0,0,0
401,0,0,0,0,0,0,0,233047,0,0,10,65540,136,0,0,0,0,0,3693,0,0,0,0,0,0,0,0,10,10,0,0,0,130903,65540,0,294,0,136,284,0,0,0,0,12
401,0,1,0,0,0,0,0,116524,3693,0,0,0,1092,0,0,0,0,0,3693,0,0,0,0,0,0,0,0,0,1,0,0,0,65489,0,0,76,172,179,1823,0,0,12,0,0
401,0,2,0,0,0,0,0,116524,0,0,0,0,53,12,0,0,0,0,0,0,0,0,0,0,0,0,0,0,0,0,0,0,0,65521,0,255,95,267,135,0,0,0,0,12
401,0,3,0,0,0,0,0,116524,0,0,0,0,47,0,0,0,0,0,0,0,0,0,0,0,0,0,0,0,0,0,0,0,0,0,0,100,45,0,61,0,0,0,0,0
401,0,4,0,0,0,0,0,116524,0,0,0,0,47,0,0,0,0,0,0,0,0,0,0,0,0,0,0,0,0,0,0,0,0,0,0,87,0,45,70,0,0,0,0,0
401,0,5,0,0,0,0,0,116524,0,0,0,0,47,0,0,0,0,0,0,0,0,0,0,0,0,0,0,0,0,0,0,0,0,0,526,148,0,0,117,0,0,0,0,0
401,0,6,0,0,0,0,0,116523,0,0,0,0,47,0,0,0,0,0,0,0,0,0,0,0,0,0,0,0,0,0,0,0,0,0,0,34,98,0,52,0,0,0,0,0
401,0,7,0,0,0,0,0,116524,0,0,0,0,53,0,0,0,0,0,0,0,0,0,0,0,0,0,0,0,0,0,0,0,0,0,0,104,39,0,132,0,0,0,0,0
401,0,8,0,0,0,0,0,116524,0,0,0,0,50,0,0,0,0,0,0,0,0,0,0,0,0,0,0,0,0,0,0,0,0,0,0,52,0,42,107,0,0,0,0,0
401,0,9,0,0,0,0,0,116524,0,0,0,0,47,0,0,0,0,0,0,0,0,0,0,0,0,0,0,0,0,0,0,0,0,0,376,42,0,0,53,0,0,0,0,0
401,0,10,0,0,0,0,0,116524,0,0,0,0,53,0,0,0,0,0,0,0,0,0,0,0,0,0,0,0,0,0,0,0,0,0,0,89,92,0,126,0,0,0,0,0
401,0,11,0,0,0,0,0,116524,0,0,0,0,53,0,0,0,0,0,0,0,0,0,0,0,0,0,0,0,0,0,0,0,0,0,0,40,39,0,94,0,0,0,0,0
401,0,12,0,0,0,0,0,116524,0,0,0,0,47,0,0,0,0,0,0,0,0,0,0,0,0,0,0,0,0,0,0,0,0,0,0,0,0,45,93,0,0,0,0,0
401,0,13,0,0,0,0,0,116524,0,0,0,0,53,0,0,0,0,0,0,0,0,0,0,0,0,0,0,0,0,0,0,0,0,0,167,0,0,0,109,0,0,0,0,0
401,0,14,0,0,0,0,0,116524,0,0,0,0,53,0,0,0,0,0,0,0,0,0,0,0,0,0,0,0,0,0,0,0,0,0,0,0,91,0,62,0,0,0,0,0
401,0,15,0,0,0,0,0,116524,0,0,0,0,52,0,0,0,0,0,0,0,0,0,0,0,0,0,0,0,0,0,0,0,0,0,0,0,28,0,99,0,0,0,0,0
402,0,0,0,0,0,0,0,233067,0,0,10,65540,136,0,0,0,0,0,3693,0,0,0,0,0,0,0,0,10,10,0,0,0,130963,65540,0,294,0,136,284,0,0,0,0,12
402,0,1,0,0,0,0,0,116534,3693,0,0,0,1095,0,0,0,0,0,3693,0,0,0,0,0,0,0,0,0,1,0,0,0,65504,0,0,84,171,169,1816,0,0,12,0,0
402,0,2,0,0,0,0,0,116534,0,0,0,0,54,12,0,0,0,0,0,0,0,0,0,0,0,0,0,0,0,0,0,0,0,65524,0,249,94,282,137,0,0,0,0,12
402,0,3,0,0,0,0,0,116534,0,0,0,0,47,0,0,0,0,0,0,0,0,0,0,0,0,0,0,0,0,0,0,0,0,0,0,92,45,0,54,0,0,0,0,0
402,0,4,0,0,0,0,0,116534,0,0,0,0,47,0,0,0,0,0,0,0,0,0,0,0,0,0,0,0,0,0,0,0,0,0,0,87,0,45,62,0,0,0,0,0
402,0,5,0,0,0,0,0,116534,0,0,0,0,47,0,0,0,0,0,0,0,0,0,0,0,0,0,0,0,0,0,0,0,0,0,537,148,0,0,109,0,0,0,0,0
402,0,6,0,0,0,0,0,116534,0,0,0,0,47,0,0,0,0,0,0,0,0,0,0,0,0,0,0,0,0,0,0,0,0,0,0,40,98,0,52,0,0,0,0,0
402,0,7,0,0,0,0,0,116534,0,0,0,0,53,0,0,0,0,0,0,0,0,0,0,0,0,0,0,0,0,0,0,0,0,0,0,104,39,0,140,0,0,0,0,0
402,0,8,0,0,0,0,0,116534,0,0,0,0,50,0,0,0,0,0,0,0,0,0,0,0,0,0,0,0,0,0,0,0,0,0,0,52,0,42,107,0,0,0,0,0
402,0,9,0,0,0,0,0,116534,0,0,0,0,47,0,0,0,0,0,0,0,0,0,0,0,0,0,0,0,0,0,0,0,0,0,365,42,0,0,53,0,0,0,0,0
402,0,10,0,0,0,0,0,116534,0,0,0,0,53,0,0,0,0,0,0,0,0,0,0,0,0,0,0,0,0,0,0,0,0,0,0,91,92,0,118,0,0,0,0,0
402,0,11,0,0,0,0,0,116534,0,0,0,0,53,0,0,0,0,0,0,0,0,0,0,0,0,0,0,0,0,0,0,0,0,0,0,40,39,0,94,0,0,0,0,0
402,0,12,0,0,0,0,0,116534,0,0,0,0,47,0,0,0,0,0,0,0,0,0,0,0,0,0,0,0,0,0,0,0,0,0,0,0,0,45,93,0,0,0,0,0
402,0,13,0,0,0,0,0,116534,0,0,0,0,53,0,0,0,0,0,0,0,0,0,0,0,0,0,0,0,0,0,0,0,0,0,178,0,0,0,109,0,0,0,0,0
402,0,14,0,0,0,0,0,116533,0,0,0,0,53,0,0,0,0,0,0,0,0,0,0,0,0,0,0,0,0,0,0,0,0,0,0,0,80,0,60,0,0,0,0,0
402,0,15,0,0,0,0,0,116534,0,0,0,0,41,0,0,0,0,0,0,0,0,0,0,0,0,0,0,0,0,0,0,0,0,0,0,0,39,0,88,0,0,0,0,0
403,0,0,0,0,0,0,0,364038,0,0,18,131080,136,0,0,0,0,0,3711,0,0,0,0,0,0,0,0,18,18,0,0,0,261772,131080,0,294,0,136,284,0,0,0,0,24
403,0,1,0,0,0,0,0,182019,3711,0,0,0,1096,0,0,0,0,0,3711,0,0,0,0,0,0,0,0,0,8,0,0,0,130961,0,0,76,172,184,1829,0,0,12,0,0
403,0,2,0,0,0,0,0,182019,0,0,0,0,53,12,0,0,0,0,0,0,0,0,0,0,0,0,0,0,0,0,0,0,65504,65520,0,255,99,274,132,0,0,12,0,12
403,0,3,0,0,0,0,0,182019,0,0,0,0,54,12,0,0,0,0,0,0,0,0,0,0,0,0,0,0,0,0,0,0,0,65522,0,100,47,0,72,0,0,0,0,12
403,0,4,0,0,0,0,0,182019,0,0,0,0,47,0,0,0,0,0,0,0,0,0,0,0,0,0,0,0,0,0,0,0,0,0,0,87,0,45,69,0,0,0,0,0
403,0,5,0,0,0,0,0,182019,0,0,0,0,47,0,0,0,0,0,0,0,0,0,0,0,0,0,0,0,0,0,0,0,0,0,526,148,0,0,117,0,0,0,0,0
403,0,6,0,0,0,0,0,182019,0,0,0,0,47,0,0,0,0,0,0,0,0,0,0,0,0,0,0,0,0,0,0,0,0,0,0,34,98,0,52,0,0,0,0,0
403,0,7,0,0,0,0,0,182019,0,0,0,0,53,0,0,0,0,0,0,0,0,0,0,0,0,0,0,0,0,0,0,0,0,0,0,105,39,0,132,0,0,0,0,0
403,0,8,0,0,0,0,0,182019,0,0,0,0,50,0,0,0,0,0,0,0,0,0,0,0,0,0,0,0,0,0,0,0,0,0,0,52,0,42,107,0,0,0,0,0
403,0,9,0,0,0,0,0,182019,0,0,0,0,47,0,0,0,0,0,0,0,0,0,0,0,0,0,0,0,0,0,0,0,0,0,376,42,0,0,53,0,0,0,0,0
403,0,10,0,0,0,0,0,182019,0,0,0,0,53,0,0,0,0,0,0,0,0,0,0,0,0,0,0,0,0,0,0,0,0,0,0,89,92,0,126,0,0,0,0,0
403,0,11,0,0,0,0,0,182019,0,0,0,0,53,0,0,0,0,0,0,0,0,0,0,0,0,0,0,0,0,0,0,0,0,0,0,40,39,0,94,0,0,0,0,0
403,0,12,0,0,0,0,0,182019,0,0,0,0,47,0,0,0,0,0,0,0,0,0,0,0,0,0,0,0,0,0,0,0,0,0,0,0,0,45,93,0,0,0,0,0
403,0,13,0,0,0,0,0,182019,0,0,0,0,53,0,0,0,0,0,0,0,0,0,0,0,0,0,0,0,0,0,0,0,0,0,167,0,0,0,109,0,0,0,0,0
403,0,14,0,0,0,0,0,182019,0,0,0,0,53,0,0,0,0,0,0,0,0,0,0,0,0,0,0,0,0,0,0,0,0,0,0,0,91,0,62,0,0,0,0,0
403,0,15,0,0,0,0,0,182019,0,0,0,0,52,0,0,0,0,0,0,0,0,0,0,0,0,0,0,0,0,0,0,0,0,0,0,0,28,0,100,0,0,0,0,0
404,0,0,0,0,0,0,0,364050,0,0,18,131080,136,0,0,0,0,0,3711,0,0,0,0,0,0,0,0,18,18,0,0,0,261749,131080,0,294,0,136,284,0,0,0,0,24
404,0,1,0,0,0,0,0,182025,3711,0,0,0,1090,0,0,0,0,0,3711,0,0,0,0,0,0,0,0,0,9,0,0,0,130947,0,0,78,167,193,1825,0,0,12,0,0
404,0,2,0,0,0,0,0,182025,0,0,0,0,54,12,0,0,0,0,0,0,0,0,0,0,0,0,0,0,0,0,0,0,65494,65515,0,249,98,277,127,0,0,12,0,12
404,0,3,0,0,0,0,0,182025,0,0,0,0,53,12,0,0,0,0,0,0,0,0,0,0,0,0,0,0,0,0,0,0,0,65518,0,99,47,0,70,0,0,0,0,12
404,0,4,0,0,0,0,0,182025,0,0,0,0,47,0,0,0,0,0,0,0,0,0,0,0,0,0,0,0,0,0,0,0,0,0,0,87,0,45,68,0,0,0,0,0
404,0,5,0,0,0,0,0,182025,0,0,0,0,47,0,0,0,0,0,0,0,0,0,0,0,0,0,0,0,0,0,0,0,0,0,525,148,0,0,115,0,0,0,0,0
404,0,6,0,0,0,0,0,182024,0,0,0,0,47,0,0,0,0,0,0,0,0,0,0,0,0,0,0,0,0,0,0,0,0,0,0,40,98,0,52,0,0,0,0,0
404,0,7,0,0,0,0,0,182025,0,0,0,0,53,0,0,0,0,0,0,0,0,0,0,0,0,0,0,0,0,0,0,0,0,0,0,104,39,0,134,0,0,0,0,0
404,0,8,0,0,0,0,0,182025,0,0,0,0,50,0,0,0,0,0,0,0,0,0,0,0,0,0,0,0,0,0,0,0,0,0,0,52,0,42,107,0,0,0,0,0
404,0,9,0,0,0,0,0,182025,0,0,0,0,47,0,0,0,0,0,0,0,0,0,0,0,0,0,0,0,0,0,0,0,0,0,377,42,0,0,53,0,0,0,0,0
404,0,10,0,0,0,0,0,182025,0,0,0,0,53,0,0,0,0,0,0,0,0,0,0,0,0,0,0,0,0,0,0,0,0,0,0,85,92,0,124,0,0,0,0,0
404,0,11,0,0,0,0,0,182025,0,0,0,0,53,0,0,0,0,0,0,0,0,0,0,0,0,0,0,0,0,0,0,0,0,0,0,41,39,0,94,0,0,0,0,0
404,0,12,0,0,0,0,0,182025,0,0,0,0,47,0,0,0,0,0,0,0,0,0,0,0,0,0,0,0,0,0,0,0,0,0,0,0,0,45,93,0,0,0,0,0
404,0,13,0,0,0,0,0,182025,0,0,0,0,53,0,0,0,0,0,0,0,0,0,0,0,0,0,0,0,0,0,0,0,0,0,166,0,0,0,109,0,0,0,0,0
404,0,14,0,0,0,0,0,182025,0,0,0,0,53,0,0,0,0,0,0,0,0,0,0,0,0,0,0,0,0,0,0,0,0,0,0,0,92,0,66,0,0,0,0,0
404,0,15,0,0,0,0,0,182025,0,0,0,0,53,0,0,0,0,0,0,0,0,0,0,0,0,0,0,0,0,0,0,0,0,0,0,0,27,0,100,0,0,0,0,0
405,0,0,0,0,0,0,0,364018,0,0,18,131080,136,0,0,0,0,0,3708,0,0,0,0,0,0,0,0,18,18,0,0,0,261707,131080,0,294,0,136,284,0,0,0,0,24
405,0,1,0,0,0,0,0,182009,3708,0,0,0,1092,0,0,0,0,0,3708,0,0,0,0,0,0,0,0,0,10,0,0,0,130939,0,0,80,166,190,1824,0,0,12,0,0
405,0,2,0,0,0,0,0,182009,0,0,0,0,51,12,0,0,0,0,0,0,0,0,0,0,0,0,0,0,0,0,0,0,65498,65512,0,249,101,276,128,0,0,12,0,12
405,0,3,0,0,0,0,0,182009,0,0,0,0,53,12,0,0,0,0,0,0,0,0,0,0,0,0,0,0,0,0,0,0,0,65522,0,97,47,0,73,0,0,0,0,12
405,0,4,0,0,0,0,0,182009,0,0,0,0,47,0,0,0,0,0,0,0,0,0,0,0,0,0,0,0,0,0,0,0,0,0,0,87,0,45,66,0,0,0,0,0
405,0,5,0,0,0,0,0,182009,0,0,0,0,47,0,0,0,0,0,0,0,0,0,0,0,0,0,0,0,0,0,0,0,0,0,525,148,0,0,113,0,0,0,0,0
405,0,6,0,0,0,0,0,182009,0,0,0,0,47,0,0,0,0,0,0,0,0,0,0,0,0,0,0,0,0,0,0,0,0,0,0,40,98,0,52,0,0,0,0,0
405,0,7,0,0,0,0,0,182009,0,0,0,0,53,0,0,0,0,0,0,0,0,0,0,0,0,0,0,0,0,0,0,0,0,0,0,104,39,0,136,0,0,0,0,0
405,0,8,0,0,0,0,0,182009,0,0,0,0,50,0,0,0,0,0,0,0,0,0,0,0,0,0,0,0,0,0,0,0,0,0,0,52,0,42,107,0,0,0,0,0
405,0,9,0,0,0,0,0,182009,0,0,0,0,47,0,0,0,0,0,0,0,0,0,0,0,0,0,0,0,0,0,0,0,0,0,377,42,0,0,53,0,0,0,0,0
405,0,10,0,0,0,0,0,182009,0,0,0,0,53,0,0,0,0,0,0,0,0,0,0,0,0,0,0,0,0,0,0,0,0,0,0,87,92,0,122,0,0,0,0,0
405,0,11,0,0,0,0,0,182009,0,0,0,0,53,0,0,0,0,0,0,0,0,0,0,0,0,0,0,0,0,0,0,0,0,0,0,41,39,0,94,0,0,0,0,0
405,0,12,0,0,0,0,0,182009,0,0,0,0,47,0,0,0,0,0,0,0,0,0,0,0,0,0,0,0,0,0,0,0,0,0,0,0,0,45,93,0,0,0,0,0
405,0,13,0,0,0,0,0,182009,0,0,0,0,53,0,0,0,0,0,0,0,0,0,0,0,0,0,0,0,0,0,0,0,0,0,166,0,0,0,109,0,0,0,0,0
405,0,14,0,0,0,0,0,182008,0,0,0,0,53,0,0,0,0,0,0,0,0,0,0,0,0,0,0,0,0,0,0,0,0,0,0,0,92,0,64,0,0,0,0,0
405,0,15,0,0,0,0,0,182009,0,0,0,0,53,0,0,0,0,0,0,0,0,0,0,0,0,0,0,0,0,0,0,0,0,0,0,0,27,0,100,0,0,0,0,0
406,0,0,0,0,0,0,0,626546,0,0,36,262160,136,0,0,0,0,0,3747,0,0,0,0,0,0,0,0,36,36,0,130866,0,392644,262160,0,305,0,136,284,0,0,0,0,48
406,0,1,0,0,0,0,0,313273,3747,0,0,0,1105,0,0,0,0,0,3747,0,0,0,0,0,0,0,0,0,18,0,65493,0,130945,0,0,86,169,188,1846,0,0,12,0,0
406,0,2,0,0,0,0,0,313273,0,0,0,0,52,12,0,0,0,0,0,0,0,0,0,0,0,0,0,0,0,0,0,0,65493,65516,0,249,97,277,128,0,0,12,0,12
406,0,3,0,0,0,0,0,313273,0,0,0,0,53,12,0,0,0,0,0,0,0,0,0,0,0,0,0,0,0,0,0,0,0,65524,0,95,48,0,73,0,0,0,0,12
406,0,4,0,0,0,0,0,313273,0,0,0,0,53,12,0,0,0,0,0,0,0,0,0,0,0,0,0,0,0,0,0,0,0,65492,0,87,0,48,74,12,0,0,0,12
406,0,5,0,0,0,0,0,313273,0,0,0,0,54,12,0,0,0,0,0,0,0,0,0,0,0,0,0,0,0,0,0,0,0,65519,534,148,0,1,125,0,0,0,0,12
406,0,6,0,0,0,0,0,313273,0,0,0,0,47,0,0,0,0,0,0,0,0,0,0,0,0,0,0,0,0,0,0,0,0,0,0,40,98,1,52,0,0,0,0,0
406,0,7,0,0,0,0,0,313273,0,0,0,0,53,0,0,0,0,0,0,0,0,0,0,0,0,0,0,0,0,0,0,0,0,0,0,106,39,0,137,0,0,0,0,0
406,0,8,0,0,0,0,0,313273,0,0,0,0,50,0,0,0,0,0,0,0,0,0,0,0,0,0,0,0,0,0,0,0,0,0,0,52,0,42,107,0,0,0,0,0
406,0,9,0,0,0,0,0,313273,0,0,0,0,47,0,0,0,0,0,0,0,0,0,0,0,0,0,0,0,0,0,0,0,0,0,375,42,0,0,53,0,0,0,0,0
406,0,10,0,0,0,0,0,313273,0,0,0,0,53,0,0,0,0,0,0,0,0,0,0,0,0,0,0,0,0,0,0,0,0,0,0,88,92,0,121,0,0,0,0,0
406,0,11,0,0,0,0,0,313273,0,0,0,0,53,0,0,0,0,0,0,0,0,0,0,0,0,0,0,0,0,0,0,0,0,0,0,41,39,0,94,0,0,0,0,0
406,0,12,0,0,0,0,0,313273,0,0,0,0,47,0,0,0,0,0,0,0,0,0,0,0,0,0,0,0,0,0,0,0,0,0,0,0,0,45,93,0,0,0,0,0
406,0,13,0,0,0,0,0,313273,0,0,0,0,53,0,0,0,0,0,0,0,0,0,0,0,0,0,0,0,0,0,0,0,0,0,168,0,0,0,109,0,0,0,0,0
406,0,14,0,0,0,0,0,313273,0,0,0,0,53,0,0,0,0,0,0,0,0,0,0,0,0,0,0,0,0,0,0,0,0,0,0,0,90,0,63,0,0,0,0,0
406,0,15,0,0,0,0,0,313273,0,0,0,0,51,0,0,0,0,0,0,0,0,0,0,0,0,0,0,0,0,0,0,0,0,0,0,0,29,0,100,0,0,0,0,0
407,0,0,0,0,0,0,0,626519,0,0,36,262160,136,0,0,0,0,0,3750,0,0,0,0,0,0,0,0,36,36,0,130850,0,392685,262160,0,305,0,136,284,0,0,0,0,48
407,0,1,0,0,0,0,0,313260,3750,0,0,0,1107,0,0,0,0,0,3750,0,0,0,0,0,0,0,0,0,16,0,65481,0,130971,0,0,85,169,187,1846,0,0,12,0,0
407,0,2,0,0,0,0,0,313260,0,0,0,0,52,12,0,0,0,0,0,0,0,0,0,0,0,0,0,0,0,0,0,0,65502,65519,0,249,99,279,127,0,0,12,0,12
407,0,3,0,0,0,0,0,313260,0,0,0,0,55,12,0,0,0,0,0,0,0,0,0,0,0,0,0,0,0,0,0,0,0,65527,0,95,46,0,73,0,0,0,0,12
407,0,4,0,0,0,0,0,313260,0,0,0,0,52,12,0,0,0,0,0,0,0,0,0,0,0,0,0,0,0,0,0,0,0,65488,0,87,0,49,72,12,0,0,0,12
407,0,5,0,0,0,0,0,313260,0,0,0,0,54,12,0,0,0,0,0,0,0,0,0,0,0,0,0,0,0,0,0,0,0,65517,534,148,0,0,126,0,0,0,0,12
407,0,6,0,0,0,0,0,313259,0,0,0,0,47,0,0,0,0,0,0,0,0,0,0,0,0,0,0,0,0,0,0,0,0,0,0,40,98,2,52,0,0,0,0,0
407,0,7,0,0,0,0,0,313260,0,0,0,0,53,0,0,0,0,0,0,0,0,0,0,0,0,0,0,0,0,0,0,0,0,0,0,105,39,0,137,0,0,0,0,0
407,0,8,0,0,0,0,0,313260,0,0,0,0,50,0,0,0,0,0,0,0,0,0,0,0,0,0,0,0,0,0,0,0,0,0,0,52,0,42,107,0,0,0,0,0
407,0,9,0,0,0,0,0,313260,0,0,0,0,47,0,0,0,0,0,0,0,0,0,0,0,0,0,0,0,0,0,0,0,0,0,375,42,0,0,53,0,0,0,0,0
407,0,10,0,0,0,0,0,313260,0,0,0,0,53,0,0,0,0,0,0,0,0,0,0,0,0,0,0,0,0,0,0,0,0,0,0,88,92,0,121,0,0,0,0,0
407,0,11,0,0,0,0,0,313260,0,0,0,0,53,0,0,0,0,0,0,0,0,0,0,0,0,0,0,0,0,0,0,0,0,0,0,42,39,0,94,0,0,0,0,0
407,0,12,0,0,0,0,0,313260,0,0,0,0,47,0,0,0,0,0,0,0,0,0,0,0,0,0,0,0,0,0,0,0,0,0,0,0,0,45,93,0,0,0,0,0
407,0,13,0,0,0,0,0,313260,0,0,0,0,53,0,0,0,0,0,0,0,0,0,0,0,0,0,0,0,0,0,0,0,0,0,168,0,0,0,109,0,0,0,0,0
407,0,14,0,0,0,0,0,313260,0,0,0,0,53,0,0,0,0,0,0,0,0,0,0,0,0,0,0,0,0,0,0,0,0,0,0,0,90,0,63,0,0,0,0,0
407,0,15,0,0,0,0,0,313260,0,0,0,0,51,0,0,0,0,0,0,0,0,0,0,0,0,0,0,0,0,0,0,0,0,0,0,0,29,0,99,0,0,0,0,0
408,0,0,0,0,0,0,0,626550,0,0,36,262160,136,0,0,0,0,0,3750,0,0,0,0,0,0,0,0,36,36,0,130856,0,392647,262160,0,305,0,136,284,0,0,0,0,48
408,0,1,0,0,0,0,0,313275,3750,0,0,0,1107,0,0,0,0,0,3750,0,0,0,0,0,0,0,0,0,18,0,65493,0,130947,0,0,85,169,187,1844,0,0,12,0,0
408,0,2,0,0,0,0,0,313275,0,0,0,0,49,12,0,0,0,0,0,0,0,0,0,0,0,0,0,0,0,0,0,0,65498,65514,0,249,100,278,126,0,0,12,0,12
408,0,3,0,0,0,0,0,313275,0,0,0,0,53,12,0,0,0,0,0,0,0,0,0,0,0,0,0,0,0,0,0,0,0,65524,0,95,47,0,73,0,0,0,0,12
408,0,4,0,0,0,0,0,313275,0,0,0,0,53,12,0,0,0,0,0,0,0,0,0,0,0,0,0,0,0,0,0,0,0,65486,0,87,0,48,74,12,0,0,0,12
408,0,5,0,0,0,0,0,313275,0,0,0,0,52,12,0,0,0,0,0,0,0,0,0,0,0,0,0,0,0,0,0,0,0,65518,535,148,0,2,124,0,0,0,0,12
408,0,6,0,0,0,0,0,313275,0,0,0,0,47,0,0,0,0,0,0,0,0,0,0,0,0,0,0,0,0,0,0,0,0,0,0,40,98,0,52,0,0,0,0,0
408,0,7,0,0,0,0,0,313275,0,0,0,0,53,0,0,0,0,0,0,0,0,0,0,0,0,0,0,0,0,0,0,0,0,0,0,107,39,0,137,0,0,0,0,0
408,0,8,0,0,0,0,0,313275,0,0,0,0,50,0,0,0,0,0,0,0,0,0,0,0,0,0,0,0,0,0,0,0,0,0,0,52,0,42,107,0,0,0,0,0
408,0,9,0,0,0,0,0,313275,0,0,0,0,47,0,0,0,0,0,0,0,0,0,0,0,0,0,0,0,0,0,0,0,0,0,375,42,0,0,53,0,0,0,0,0
408,0,10,0,0,0,0,0,313275,0,0,0,0,53,0,0,0,0,0,0,0,0,0,0,0,0,0,0,0,0,0,0,0,0,0,0,88,92,0,121,0,0,0,0,0
408,0,11,0,0,0,0,0,313275,0,0,0,0,53,0,0,0,0,0,0,0,0,0,0,0,0,0,0,0,0,0,0,0,0,0,0,40,39,0,94,0,0,0,0,0
408,0,12,0,0,0,0,0,313275,0,0,0,0,47,0,0,0,0,0,0,0,0,0,0,0,0,0,0,0,0,0,0,0,0,0,0,0,0,45,93,0,0,0,0,0
408,0,13,0,0,0,0,0,313275,0,0,0,0,53,0,0,0,0,0,0,0,0,0,0,0,0,0,0,0,0,0,0,0,0,0,168,0,0,0,109,0,0,0,0,0
408,0,14,0,0,0,0,0,313274,0,0,0,0,53,0,0,0,0,0,0,0,0,0,0,0,0,0,0,0,0,0,0,0,0,0,0,0,90,0,63,0,0,0,0,0
408,0,15,0,0,0,0,0,313275,0,0,0,0,51,0,0,0,0,0,0,0,0,0,0,0,0,0,0,0,0,0,0,0,0,0,0,0,29,0,101,0,0,0,0,0
409,0,0,0,0,0,0,0,888895,0,0,54,393240,136,0,0,0,0,0,3789,0,0,0,0,0,0,0,0,54,54,0,130891,0,654289,393240,0,305,0,136,284,0,0,0,0,72
409,0,1,0,0,0,0,0,444448,3789,0,0,0,1123,0,0,0,0,0,3789,0,0,0,0,0,0,0,0,0,26,0,65488,0,261849,0,0,81,168,196,1873,0,0,12,0,0
409,0,2,0,0,0,0,0,444448,0,0,0,0,49,12,0,0,0,0,0,0,0,0,0,0,0,0,0,0,0,0,65498,0,130982,65513,0,258,99,287,119,0,0,12,0,12
409,0,3,0,0,0,0,0,444448,0,0,0,0,53,12,0,0,0,0,0,0,0,0,0,0,0,0,0,0,0,0,65503,0,0,65526,0,93,46,0,74,0,0,0,0,12
409,0,4,0,0,0,0,0,444448,0,0,0,0,53,12,0,0,0,0,0,0,0,0,0,0,0,0,0,0,0,0,0,0,0,65504,0,87,0,48,74,24,0,0,0,12
409,0,5,0,0,0,0,0,444448,0,0,0,0,53,12,0,0,0,0,0,0,0,0,0,0,0,0,0,0,0,0,0,0,0,65521,537,150,0,2,127,0,0,12,0,12
409,0,6,0,0,0,0,0,444448,0,0,0,0,52,12,0,0,0,0,0,0,0,0,0,0,0,0,0,0,0,0,0,0,0,65519,0,39,108,0,60,0,0,12,0,12
409,0,7,0,0,0,0,0,444448,0,0,0,0,60,12,0,0,0,0,0,0,0,0,0,0,0,0,0,0,0,0,0,0,0,65524,0,112,41,0,153,0,0,0,0,12
409,0,8,0,0,0,0,0,444448,0,0,0,0,51,0,0,0,0,0,0,0,0,0,0,0,0,0,0,0,0,0,0,0,0,0,0,52,0,41,108,0,0,0,0,0
409,0,9,0,0,0,0,0,444448,0,0,0,0,48,0,0,0,0,0,0,0,0,0,0,0,0,0,0,0,0,0,0,0,0,0,378,41,0,0,53,0,0,0,0,0
409,0,10,0,0,0,0,0,444448,0,0,0,0,52,0,0,0,0,0,0,0,0,0,0,0,0,0,0,0,0,0,0,0,0,0,0,86,92,0,123,0,0,0,0,0
409,0,11,0,0,0,0,0,444448,0,0,0,0,52,0,0,0,0,0,0,0,0,0,0,0,0,0,0,0,0,0,0,0,0,0,0,37,40,0,93,0,0,0,0,0
409,0,12,0,0,0,0,0,444448,0,0,0,0,46,0,0,0,0,0,0,0,0,0,0,0,0,0,0,0,0,0,0,0,0,0,0,0,0,46,92,0,0,0,0,0
409,0,13,0,0,0,0,0,444448,0,0,0,0,53,0,0,0,0,0,0,0,0,0,0,0,0,0,0,0,0,0,0,0,0,0,165,0,0,0,110,0,0,0,0,0
409,0,14,0,0,0,0,0,444448,0,0,0,0,52,0,0,0,0,0,0,0,0,0,0,0,0,0,0,0,0,0,0,0,0,0,0,0,92,0,64,0,0,0,0,0
409,0,15,0,0,0,0,0,444448,0,0,0,0,52,0,0,0,0,0,0,0,0,0,0,0,0,0,0,0,0,0,0,0,0,0,0,0,28,0,107,0,0,0,0,0
410,0,0,0,0,0,0,0,889000,0,0,54,393240,136,0,0,0,0,0,3789,0,0,0,0,0,0,0,0,54,54,0,130834,0,654313,393240,0,305,0,136,284,0,0,0,0,72
410,0,1,0,0,0,0,0,444500,3789,0,0,0,1118,0,0,0,0,0,3789,0,0,0,0,0,0,0,0,0,26,0,65469,0,261885,0,0,83,168,199,1869,0,0,12,0,0
410,0,2,0,0,0,0,0,444500,0,0,0,0,51,12,0,0,0,0,0,0,0,0,0,0,0,0,0,0,0,0,65504,0,130980,65524,0,259,98,283,120,0,0,12,0,12
410,0,3,0,0,0,0,0,444500,0,0,0,0,53,12,0,0,0,0,0,0,0,0,0,0,0,0,0,0,0,0,65504,0,0,65524,0,96,46,0,75,0,0,0,0,12
410,0,4,0,0,0,0,0,444500,0,0,0,0,52,12,0,0,0,0,0,0,0,0,0,0,0,0,0,0,0,0,0,0,0,65490,0,87,0,49,72,24,0,0,0,12
410,0,5,0,0,0,0,0,444500,0,0,0,0,54,12,0,0,0,0,0,0,0,0,0,0,0,0,0,0,0,0,0,0,0,65513,537,150,0,0,126,0,0,12,0,12
410,0,6,0,0,0,0,0,444499,0,0,0,0,54,12,0,0,0,0,0,0,0,0,0,0,0,0,0,0,0,0,0,0,0,65523,0,39,107,2,61,0,0,12,0,12
410,0,7,0,0,0,0,0,444500,0,0,0,0,61,12,0,0,0,0,0,0,0,0,0,0,0,0,0,0,0,0,0,0,0,65524,0,109,40,0,152,0,0,0,0,12
410,0,8,0,0,0,0,0,444500,0,0,0,0,51,0,0,0,0,0,0,0,0,0,0,0,0,0,0,0,0,0,0,0,0,0,0,52,0,41,108,0,0,0,0,0
410,0,9,0,0,0,0,0,444500,0,0,0,0,48,0,0,0,0,0,0,0,0,0,0,0,0,0,0,0,0,0,0,0,0,0,379,41,0,0,53,0,0,0,0,0
410,0,10,0,0,0,0,0,444500,0,0,0,0,52,0,0,0,0,0,0,0,0,0,0,0,0,0,0,0,0,0,0,0,0,0,0,85,92,0,124,0,0,0,0,0
410,0,11,0,0,0,0,0,444500,0,0,0,0,52,0,0,0,0,0,0,0,0,0,0,0,0,0,0,0,0,0,0,0,0,0,0,40,40,0,93,0,0,0,0,0
410,0,12,0,0,0,0,0,444500,0,0,0,0,46,0,0,0,0,0,0,0,0,0,0,0,0,0,0,0,0,0,0,0,0,0,0,0,0,46,92,0,0,0,0,0
410,0,13,0,0,0,0,0,444500,0,0,0,0,53,0,0,0,0,0,0,0,0,0,0,0,0,0,0,0,0,0,0,0,0,0,164,0,0,0,110,0,0,0,0,0
410,0,14,0,0,0,0,0,444500,0,0,0,0,52,0,0,0,0,0,0,0,0,0,0,0,0,0,0,0,0,0,0,0,0,0,0,0,93,0,65,0,0,0,0,0
410,0,15,0,0,0,0,0,444500,0,0,0,0,53,0,0,0,0,0,0,0,0,0,0,0,0,0,0,0,0,0,0,0,0,0,0,0,27,0,105,0,0,0,0,0
411,0,0,0,0,0,0,0,888848,0,0,54,393240,136,0,0,0,0,0,3789,0,0,0,0,0,0,0,0,54,54,0,130839,0,654289,393240,0,305,0,136,284,0,0,0,0,72
411,0,1,0,0,0,0,0,444424,3789,0,0,0,1129,0,0,0,0,0,3789,0,0,0,0,0,0,0,0,0,26,0,65490,0,261851,0,0,77,171,191,1864,0,0,12,0,0
411,0,2,0,0,0,0,0,444424,0,0,0,0,51,12,0,0,0,0,0,0,0,0,0,0,0,0,0,0,0,0,65497,0,130982,65515,0,263,96,279,128,0,0,12,0,12
411,0,3,0,0,0,0,0,444424,0,0,0,0,50,12,0,0,0,0,0,0,0,0,0,0,0,0,0,0,0,0,65496,0,0,65527,0,106,48,0,67,0,0,0,0,12
411,0,4,0,0,0,0,0,444424,0,0,0,0,54,12,0,0,0,0,0,0,0,0,0,0,0,0,0,0,0,0,0,0,0,65489,0,82,0,47,80,24,0,0,0,12
411,0,5,0,0,0,0,0,444424,0,0,0,0,52,12,0,0,0,0,0,0,0,0,0,0,0,0,0,0,0,0,0,0,0,65521,555,149,0,1,131,0,0,12,0,12
411,0,6,0,0,0,0,0,444424,0,0,0,0,52,12,0,0,0,0,0,0,0,0,0,0,0,0,0,0,0,0,0,0,0,65518,0,35,106,1,59,0,0,12,0,12
411,0,7,0,0,0,0,0,444424,0,0,0,0,57,12,0,0,0,0,0,0,0,0,0,0,0,0,0,0,0,0,0,0,0,65523,0,106,43,0,143,0,0,0,0,12
411,0,8,0,0,0,0,0,444424,0,0,0,0,50,0,0,0,0,0,0,0,0,0,0,0,0,0,0,0,0,0,0,0,0,0,0,57,0,42,107,0,0,0,0,0
411,0,9,0,0,0,0,0,444424,0,0,0,0,47,0,0,0,0,0,0,0,0,0,0,0,0,0,0,0,0,0,0,0,0,0,365,41,0,0,53,0,0,0,0,0
411,0,10,0,0,0,0,0,444424,0,0,0,0,54,0,0,0,0,0,0,0,0,0,0,0,0,0,0,0,0,0,0,0,0,0,0,88,92,0,127,0,0,0,0,0
411,0,11,0,0,0,0,0,444424,0,0,0,0,54,0,0,0,0,0,0,0,0,0,0,0,0,0,0,0,0,0,0,0,0,0,0,43,38,0,95,0,0,0,0,0
411,0,12,0,0,0,0,0,444424,0,0,0,0,54,0,0,0,0,0,0,0,0,0,0,0,0,0,0,0,0,0,0,0,0,0,0,0,0,38,95,0,0,0,0,0
411,0,13,0,0,0,0,0,444424,0,0,0,0,51,0,0,0,0,0,0,0,0,0,0,0,0,0,0,0,0,0,0,0,0,0,178,0,0,0,108,0,0,0,0,0
411,0,14,0,0,0,0,0,444423,0,0,0,0,54,0,0,0,0,0,0,0,0,0,0,0,0,0,0,0,0,0,0,0,0,0,0,0,89,0,64,0,0,0,0,0
411,0,15,0,0,0,0,0,444424,0,0,0,0,51,0,0,0,0,0,0,0,0,0,0,0,0,0,0,0,0,0,0,0,0,0,0,0,29,0,100,0,0,0,0,0
412,0,0,0,0,0,0,0,1150976,0,0,70,524320,136,0,0,0,0,0,3822,0,0,0,0,0,0,0,0,70,70,0,261780,0,785215,524320,0,314,0,136,284,0,0,0,0,96
412,0,1,0,0,0,0,0,575488,3822,0,0,0,1129,0,0,0,0,0,3822,0,0,0,0,0,0,0,0,0,32,0,130970,0,261863,0,0,81,174,202,1890,0,0,12,0,0
412,0,2,0,0,0,0,0,575488,0,0,0,0,50,12,0,0,0,0,0,0,0,0,0,0,0,0,0,0,0,0,65495,0,130983,65515,0,256,96,279,120,0,0,12,0,12
412,0,3,0,0,0,0,0,575488,0,0,0,0,52,12,0,0,0,0,0,0,0,0,0,0,0,0,0,0,0,0,65501,0,0,65525,0,102,47,0,72,0,0,0,0,12
412,0,4,0,0,0,0,0,575488,0,0,0,0,50,12,0,0,0,0,0,0,0,0,0,0,0,0,0,0,0,0,65469,0,0,65510,0,92,0,49,73,36,0,0,0,12
412,0,5,0,0,0,0,0,575488,0,0,0,0,53,12,0,0,0,0,0,0,0,0,0,0,0,0,0,0,0,0,65505,0,0,65527,541,158,0,0,130,0,0,12,0,12
412,0,6,0,0,0,0,0,575487,0,0,0,0,52,12,0,0,0,0,0,0,0,0,0,0,0,0,0,0,0,0,0,0,0,65526,0,40,107,3,61,0,0,12,0,12
412,0,7,0,0,0,0,0,575488,0,0,0,0,59,12,0,0,0,0,0,0,0,0,0,0,0,0,0,0,0,0,0,0,0,65524,0,106,41,0,147,0,0,0,0,12
412,0,8,0,0,0,0,0,575488,0,0,0,0,60,12,0,0,0,0,0,0,0,0,0,0,0,0,0,0,0,0,0,0,0,65513,0,52,0,41,123,12,0,0,0,12
412,0,9,0,0,0,0,0,575488,0,0,0,0,53,12,0,0,0,0,0,0,0,0,0,0,0,0,0,0,0,0,0,0,0,65522,390,42,0,1,60,0,0,0,0,12
412,0,10,0,0,0,0,0,575488,0,0,0,0,53,0,0,0,0,0,0,0,0,0,0,0,0,0,0,0,0,0,0,0,0,0,0,85,92,1,124,0,0,0,0,0
412,0,11,0,0,0,0,0,575488,0,0,0,0,53,0,0,0,0,0,0,0,0,0,0,0,0,0,0,0,0,0,0,0,0,0,0,44,39,0,94,0,0,0,0,0
412,0,12,0,0,0,0,0,575488,0,0,0,0,47,0,0,0,0,0,0,0,0,0,0,0,0,0,0,0,0,0,0,0,0,0,0,0,0,45,93,0,0,0,0,0
412,0,13,0,0,0,0,0,575488,0,0,0,0,53,0,0,0,0,0,0,0,0,0,0,0,0,0,0,0,0,0,0,0,0,0,165,0,0,0,109,0,0,0,0,0
412,0,14,0,0,0,0,0,575488,0,0,0,0,53,0,0,0,0,0,0,0,0,0,0,0,0,0,0,0,0,0,0,0,0,0,0,0,93,0,66,0,0,0,0,0
412,0,15,0,0,0,0,0,575488,0,0,0,0,54,0,0,0,0,0,0,0,0,0,0,0,0,0,0,0,0,0,0,0,0,0,0,0,26,0,104,0,0,0,0,0
413,0,0,0,0,0,0,0,1151139,0,0,70,524320,136,0,0,0,0,0,3825,0,0,0,0,0,0,0,0,70,70,0,261749,0,785184,524320,0,314,0,136,284,0,0,0,0,96
413,0,1,0,0,0,0,0,575569,3825,0,0,0,1120,0,0,0,0,0,3825,0,0,0,0,0,0,0,0,0,32,0,130928,0,261892,0,0,73,180,213,1876,0,0,12,0,0
413,0,2,0,0,0,0,0,575569,0,0,0,0,50,12,0,0,0,0,0,0,0,0,0,0,0,0,0,0,0,0,65505,0,130986,65518,0,252,97,273,119,0,0,12,0,12
413,0,3,0,0,0,0,0,575569,0,0,0,0,52,12,0,0,0,0,0,0,0,0,0,0,0,0,0,0,0,0,65502,0,0,65525,0,106,46,0,75,0,0,0,0,12
413,0,4,0,0,0,0,0,575569,0,0,0,0,52,12,0,0,0,0,0,0,0,0,0,0,0,0,0,0,0,0,65484,0,0,65490,0,91,0,47,80,36,0,0,0,12
413,0,5,0,0,0,0,0,575569,0,0,0,0,52,12,0,0,0,0,0,0,0,0,0,0,0,0,0,0,0,0,65498,0,0,65516,545,164,0,2,131,0,0,12,0,12
413,0,6,0,0,0,0,0,575568,0,0,0,0,54,12,0,0,0,0,0,0,0,0,0,0,0,0,0,0,0,0,0,0,0,65527,0,45,106,0,62,0,0,12,0,12
413,0,7,0,0,0,0,0,575569,0,0,0,0,60,12,0,0,0,0,0,0,0,0,0,0,0,0,0,0,0,0,0,0,0,65524,0,107,41,0,145,0,0,0,0,12
413,0,8,0,0,0,0,0,575569,0,0,0,0,58,12,0,0,0,0,0,0,0,0,0,0,0,0,0,0,0,0,0,0,0,65518,0,52,0,43,122,12,0,0,0,12
413,0,9,0,0,0,0,0,575569,0,0,0,0,53,12,0,0,0,0,0,0,0,0,0,0,0,0,0,0,0,0,0,0,0,65519,388,36,0,2,60,0,0,0,0,12
413,0,10,0,0,0,0,0,575569,0,0,0,0,51,0,0,0,0,0,0,0,0,0,0,0,0,0,0,0,0,0,0,0,0,0,0,75,93,0,127,0,0,0,0,0
413,0,11,0,0,0,0,0,575569,0,0,0,0,52,0,0,0,0,0,0,0,0,0,0,0,0,0,0,0,0,0,0,0,0,0,0,44,40,0,93,0,0,0,0,0
413,0,12,0,0,0,0,0,575569,0,0,0,0,46,0,0,0,0,0,0,0,0,0,0,0,0,0,0,0,0,0,0,0,0,0,0,0,0,46,92,0,0,0,0,0
413,0,13,0,0,0,0,0,575569,0,0,0,0,52,0,0,0,0,0,0,0,0,0,0,0,0,0,0,0,0,0,0,0,0,0,163,0,0,0,114,0,0,0,0,0
413,0,14,0,0,0,0,0,575569,0,0,0,0,48,0,0,0,0,0,0,0,0,0,0,0,0,0,0,0,0,0,0,0,0,0,0,0,95,0,71,0,0,0,0,0
413,0,15,0,0,0,0,0,575569,0,0,0,0,51,0,0,0,0,0,0,0,0,0,0,0,0,0,0,0,0,0,0,0,0,0,0,0,29,0,101,0,0,0,0,0
414,0,0,0,0,0,0,0,1150999,0,0,70,524320,136,0,0,0,0,0,3826,0,0,0,0,0,0,0,0,70,70,0,261790,0,785067,524320,0,314,0,136,284,0,0,0,0,96
414,0,1,0,0,0,0,0,575500,3825,0,0,0,1124,0,0,0,0,0,3825,0,0,0,0,0,0,0,0,0,37,0,130947,0,261837,0,0,84,176,202,1880,0,0,12,0,0
414,0,2,0,0,0,0,0,575500,0,0,0,0,50,12,0,0,0,0,0,0,0,0,0,0,0,0,0,0,0,0,65491,0,130972,65516,0,257,96,280,118,0,0,12,0,12
414,0,3,0,0,0,0,0,575500,0,0,0,0,51,12,0,0,0,0,0,0,0,0,0,0,0,0,0,0,0,0,65499,0,0,65524,0,103,47,0,70,0,0,0,0,12
414,0,4,0,0,0,0,0,575500,0,0,0,0,53,12,0,0,0,0,0,0,0,0,0,0,0,0,0,0,0,0,65482,0,0,65503,0,92,0,46,76,36,0,0,0,12
414,0,5,0,0,0,0,0,575500,0,0,0,0,52,12,0,0,0,0,0,0,0,0,0,0,0,0,0,0,0,0,65496,0,0,65523,546,156,0,1,128,0,0,12,0,12
414,0,6,0,0,0,0,0,575500,0,0,0,0,54,12,0,0,0,0,0,0,0,0,0,0,0,0,0,0,0,0,0,0,0,65525,0,40,107,1,62,0,0,12,0,12
414,0,7,0,0,0,0,0,575500,0,0,0,0,61,12,0,0,0,0,0,0,0,0,0,0,0,0,0,0,0,0,0,0,0,65524,0,106,40,0,149,0,0,0,0,12
414,0,8,0,0,0,0,0,575500,0,0,0,0,59,12,0,0,0,0,0,0,0,0,0,0,0,0,0,0,0,0,0,0,0,65516,0,52,0,42,122,12,0,0,0,12
414,0,9,0,0,0,0,0,575500,0,0,0,0,52,12,0,0,0,0,0,0,0,0,0,0,0,0,0,0,0,0,0,0,0,65521,388,42,0,2,61,0,0,0,0,12
414,0,10,0,0,0,0,0,575500,0,0,0,0,53,0,0,0,0,0,0,0,0,0,0,0,0,0,0,0,0,0,0,0,0,0,0,85,92,0,124,0,0,0,0,0
414,0,11,0,0,0,0,0,575500,0,0,0,0,53,0,0,0,0,0,0,0,0,0,0,0,0,0,0,0,0,0,0,0,0,0,0,45,39,0,94,0,0,0,0,0
414,0,12,0,0,0,0,0,575500,0,0,0,0,47,0,0,0,0,0,0,0,0,0,0,0,0,0,0,0,0,0,0,0,0,0,0,0,0,45,93,0,0,0,0,0
414,0,13,0,0,0,0,0,575500,0,0,0,0,53,0,0,0,0,0,0,0,0,0,0,0,0,0,0,0,0,0,0,0,0,0,166,0,0,0,109,0,0,0,0,0
414,0,14,0,0,0,0,0,575499,0,0,0,0,53,0,0,0,0,0,0,0,0,0,0,0,0,0,0,0,0,0,0,0,0,0,0,0,92,0,66,0,0,0,0,0
414,0,15,0,0,0,0,0,575500,0,0,0,0,53,0,0,0,0,0,0,0,0,0,0,0,0,0,0,0,0,0,0,0,0,0,0,0,27,0,102,0,0,0,0,0
415,0,0,0,0,0,0,0,1413494,0,0,88,655400,136,0,0,0,0,0,3864,0,0,0,0,0,0,0,0,88,88,0,261754,0,1046811,655400,0,314,0,136,284,0,0,0,0,120
415,0,1,0,0,0,0,0,706747,3864,0,0,0,1140,0,0,0,0,0,3864,0,0,0,0,0,0,0,0,0,37,0,130943,0,392775,0,0,77,178,211,1900,0,0,12,0,0
415,0,2,0,0,0,0,0,706747,0,0,0,0,49,12,0,0,0,0,0,0,0,0,0,0,0,0,0,0,0,0,130995,0,196447,65519,0,266,97,289,113,0,0,12,0,12
415,0,3,0,0,0,0,0,706747,0,0,0,0,52,12,0,0,0,0,0,0,0,0,0,0,0,0,0,0,0,0,130996,0,0,65523,0,102,47,0,73,0,0,0,0,12
415,0,4,0,0,0,0,0,706747,0,0,0,0,52,12,0,0,0,0,0,0,0,0,0,0,0,0,0,0,0,0,65482,0,0,65495,0,90,0,47,78,48,0,0,0,12
415,0,5,0,0,0,0,0,706747,0,0,0,0,52,12,0,0,0,0,0,0,0,0,0,0,0,0,0,0,0,0,65504,0,0,65523,555,163,0,1,126,0,0,12,0,12
415,0,6,0,0,0,0,0,706747,0,0,0,0,53,12,0,0,0,0,0,0,0,0,0,0,0,0,0,0,0,0,65511,0,0,65526,0,42,107,1,61,0,0,12,0,12
415,0,7,0,0,0,0,0,706747,0,0,0,0,59,12,0,0,0,0,0,0,0,0,0,0,0,0,0,0,0,0,65506,0,0,65525,0,118,41,0,148,0,0,0,0,12
415,0,8,0,0,0,0,0,706747,0,0,0,0,56,12,0,0,0,0,0,0,0,0,0,0,0,0,0,0,0,0,0,0,0,65520,0,52,0,45,121,24,0,0,0,12
415,0,9,0,0,0,0,0,706747,0,0,0,0,54,12,0,0,0,0,0,0,0,0,0,0,0,0,0,0,0,0,0,0,0,65523,392,37,0,1,61,0,0,12,0,12
415,0,10,0,0,0,0,0,706747,0,0,0,0,56,12,0,0,0,0,0,0,0,0,0,0,0,0,0,0,0,0,0,0,0,65524,0,77,101,2,144,0,0,12,0,12
415,0,11,0,0,0,0,0,706747,0,0,0,0,58,12,0,0,0,0,0,0,0,0,0,0,0,0,0,0,0,0,0,0,0,65527,0,42,43,0,100,0,0,0,0,12
415,0,12,0,0,0,0,0,706747,0,0,0,0,46,0,0,0,0,0,0,0,0,0,0,0,0,0,0,0,0,0,0,0,0,0,0,0,0,46,92,0,0,0,0,0
415,0,13,0,0,0,0,0,706747,0,0,0,0,52,0,0,0,0,0,0,0,0,0,0,0,0,0,0,0,0,0,0,0,0,0,165,0,0,0,113,0,0,0,0,0
415,0,14,0,0,0,0,0,706747,0,0,0,0,48,0,0,0,0,0,0,0,0,0,0,0,0,0,0,0,0,0,0,0,0,0,0,0,93,0,69,0,0,0,0,0
415,0,15,0,0,0,0,0,706747,0,0,0,0,49,0,0,0,0,0,0,0,0,0,0,0,0,0,0,0,0,0,0,0,0,0,0,0,31,0,103,0,0,0,0,0
416,0,0,0,0,0,0,0,1413334,0,0,88,655400,136,0,0,0,0,0,3861,0,0,0,0,0,0,0,0,88,88,0,261715,0,1046723,655400,0,314,0,136,284,0,0,0,0,120
416,0,1,0,0,0,0,0,706667,3861,0,0,0,1146,0,0,0,0,0,3861,0,0,0,0,0,0,0,0,0,44,0,130932,0,392765,0,0,81,173,206,1908,0,0,12,0,0
416,0,2,0,0,0,0,0,706667,0,0,0,0,49,12,0,0,0,0,0,0,0,0,0,0,0,0,0,0,0,0,130989,0,196449,65519,0,264,96,290,119,0,0,12,0,12
416,0,3,0,0,0,0,0,706667,0,0,0,0,50,12,0,0,0,0,0,0,0,0,0,0,0,0,0,0,0,0,130998,0,0,65525,0,105,48,0,68,0,0,0,0,12
416,0,4,0,0,0,0,0,706667,0,0,0,0,52,12,0,0,0,0,0,0,0,0,0,0,0,0,0,0,0,0,65468,0,0,65498,0,89,0,47,76,48,0,0,0,12
416,0,5,0,0,0,0,0,706667,0,0,0,0,50,12,0,0,0,0,0,0,0,0,0,0,0,0,0,0,0,0,65489,0,0,65522,554,159,0,2,124,0,0,12,0,12
416,0,6,0,0,0,0,0,706666,0,0,0,0,52,12,0,0,0,0,0,0,0,0,0,0,0,0,0,0,0,0,65508,0,0,65527,0,43,106,1,61,0,0,12,0,12
416,0,7,0,0,0,0,0,706667,0,0,0,0,58,12,0,0,0,0,0,0,0,0,0,0,0,0,0,0,0,0,65506,0,0,65525,0,115,42,0,147,0,0,0,0,12
416,0,8,0,0,0,0,0,706667,0,0,0,0,55,12,0,0,0,0,0,0,0,0,0,0,0,0,0,0,0,0,0,0,0,65511,0,52,0,46,121,24,0,0,0,12
416,0,9,0,0,0,0,0,706667,0,0,0,0,52,12,0,0,0,0,0,0,0,0,0,0,0,0,0,0,0,0,0,0,0,65517,395,42,0,0,58,0,0,12,0,12
416,0,10,0,0,0,0,0,706667,0,0,0,0,60,12,0,0,0,0,0,0,0,0,0,0,0,0,0,0,0,0,0,0,0,65524,0,85,99,2,139,0,0,12,0,12
416,0,11,0,0,0,0,0,706667,0,0,0,0,59,12,0,0,0,0,0,0,0,0,0,0,0,0,0,0,0,0,0,0,0,65527,0,43,42,0,103,0,0,0,0,12
416,0,12,0,0,0,0,0,706667,0,0,0,0,47,0,0,0,0,0,0,0,0,0,0,0,0,0,0,0,0,0,0,0,0,0,0,0,0,45,93,0,0,0,0,0
416,0,13,0,0,0,0,0,706667,0,0,0,0,53,0,0,0,0,0,0,0,0,0,0,0,0,0,0,0,0,0,0,0,0,0,166,0,0,0,109,0,0,0,0,0
416,0,14,0,0,0,0,0,706667,0,0,0,0,53,0,0,0,0,0,0,0,0,0,0,0,0,0,0,0,0,0,0,0,0,0,0,0,92,0,66,0,0,0,0,0
416,0,15,0,0,0,0,0,706667,0,0,0,0,53,0,0,0,0,0,0,0,0,0,0,0,0,0,0,0,0,0,0,0,0,0,0,0,27,0,106,0,0,0,0,0
417,0,0,0,0,0,0,0,1413302,0,0,88,655400,136,0,0,0,0,0,3861,0,0,0,0,0,0,0,0,88,88,0,261812,0,1046767,655400,0,314,0,136,284,0,0,0,0,120
417,0,1,0,0,0,0,0,706651,3861,0,0,0,1157,0,0,0,0,0,3861,0,0,0,0,0,0,0,0,0,42,0,130951,0,392738,0,0,78,176,195,1912,0,0,12,0,0
417,0,2,0,0,0,0,0,706651,0,0,0,0,50,12,0,0,0,0,0,0,0,0,0,0,0,0,0,0,0,0,130973,0,196449,65520,0,277,98,284,124,0,0,12,0,12
417,0,3,0,0,0,0,0,706651,0,0,0,0,53,12,0,0,0,0,0,0,0,0,0,0,0,0,0,0,0,0,130997,0,0,65524,0,111,45,0,71,0,0,0,0,12
417,0,4,0,0,0,0,0,706651,0,0,0,0,52,12,0,0,0,0,0,0,0,0,0,0,0,0,0,0,0,0,65489,0,0,65502,0,90,0,47,78,48,0,0,0,12
417,0,5,0,0,0,0,0,706651,0,0,0,0,50,12,0,0,0,0,0,0,0,0,0,0,0,0,0,0,0,0,65501,0,0,65522,559,159,0,2,127,0,0,12,0,12
417,0,6,0,0,0,0,0,706651,0,0,0,0,53,12,0,0,0,0,0,0,0,0,0,0,0,0,0,0,0,0,65503,0,0,65521,0,31,105,0,61,0,0,12,0,12
417,0,7,0,0,0,0,0,706651,0,0,0,0,57,12,0,0,0,0,0,0,0,0,0,0,0,0,0,0,0,0,65507,0,0,65525,0,114,43,0,142,0,0,0,0,12
417,0,8,0,0,0,0,0,706651,0,0,0,0,55,12,0,0,0,0,0,0,0,0,0,0,0,0,0,0,0,0,0,0,0,65522,0,52,0,46,120,24,0,0,0,12
417,0,9,0,0,0,0,0,706651,0,0,0,0,54,12,0,0,0,0,0,0,0,0,0,0,0,0,0,0,0,0,0,0,0,65522,391,40,0,1,62,0,0,12,0,12
417,0,10,0,0,0,0,0,706651,0,0,0,0,58,12,0,0,0,0,0,0,0,0,0,0,0,0,0,0,0,0,0,0,0,65521,0,90,96,2,144,0,0,12,0,12
417,0,11,0,0,0,0,0,706651,0,0,0,0,55,12,0,0,0,0,0,0,0,0,0,0,0,0,0,0,0,0,0,0,0,65527,0,39,46,0,104,0,0,0,0,12
417,0,12,0,0,0,0,0,706651,0,0,0,0,48,0,0,0,0,0,0,0,0,0,0,0,0,0,0,0,0,0,0,0,0,0,0,0,0,44,94,0,0,0,0,0
417,0,13,0,0,0,0,0,706651,0,0,0,0,54,0,0,0,0,0,0,0,0,0,0,0,0,0,0,0,0,0,0,0,0,0,170,0,0,0,112,0,0,0,0,0
417,0,14,0,0,0,0,0,706650,0,0,0,0,52,0,0,0,0,0,0,0,0,0,0,0,0,0,0,0,0,0,0,0,0,0,0,0,88,0,60,0,0,0,0,0
417,0,15,0,0,0,0,0,706651,0,0,0,0,48,0,0,0,0,0,0,0,0,0,0,0,0,0,0,0,0,0,0,0,0,0,0,0,32,0,105,0,0,0,0,0
418,0,0,0,0,0,0,0,1806410,0,0,114,852020,136,0,0,0,0,0,3920,0,0,0,0,0,0,0,0,114,114,0,392656,0,1308293,852020,0,325,0,136,284,0,0,0,0,883818
418,0,1,0,0,0,0,0,903205,3918,0,0,0,1182,0,0,0,0,0,3918,0,0,0,0,0,0,0,0,0,57,0,196360,0,458181,0,0,91,178,184,1936,0,0,12,0,0
418,0,2,0,0,0,0,0,903205,0,0,0,0,48,12,0,0,0,0,0,0,0,0,0,0,0,0,0,0,0,0,196455,0,196433,65518,0,272,95,307,123,0,0,12,0,12
418,0,3,0,0,0,0,0,903205,0,0,0,0,49,12,0,0,0,0,0,0,0,0,0,0,0,0,0,0,0,0,130993,0,0,65520,0,94,47,0,59,0,0,0,0,12
418,0,4,0,0,0,0,0,903205,0,0,0,0,51,12,0,0,0,0,0,0,0,0,0,0,0,0,0,0,0,0,130949,0,0,65506,0,94,0,48,67,60,0,0,0,12
418,0,5,0,0,0,0,0,903205,0,0,0,0,51,12,0,0,0,0,0,0,0,0,0,0,0,0,0,0,0,0,130978,0,0,65515,583,167,0,0,118,0,0,12,0,12
418,0,6,0,0,0,0,0,903204,0,0,0,0,51,12,0,0,0,0,0,0,0,0,0,0,0,0,0,0,0,0,131001,0,0,65524,0,45,105,2,59,0,0,12,0,12
418,0,7,0,0,0,0,0,903205,0,0,0,0,57,12,0,0,0,0,0,0,0,0,0,0,0,0,0,0,0,0,65505,0,0,65524,0,118,43,0,153,0,0,0,0,12
418,0,8,0,0,0,0,0,903205,0,0,0,0,56,12,0,0,0,0,0,0,0,0,0,0,0,0,0,0,0,0,65487,0,0,65517,0,60,0,45,120,48,0,0,0,12
418,0,9,0,0,0,0,0,903205,0,0,0,0,56,12,0,0,0,0,0,0,0,0,0,0,0,0,0,0,0,0,65502,0,0,65522,389,45,0,1,62,0,0,12,0,12
418,0,10,0,0,0,0,0,903205,0,0,0,0,56,12,0,0,0,0,0,0,0,0,0,0,0,0,0,0,0,0,65511,0,0,65524,0,97,102,2,132,0,0,12,0,12
418,0,11,0,0,0,0,0,903205,0,0,0,0,58,12,0,0,0,0,0,0,0,0,0,0,0,0,0,0,0,0,0,0,0,65527,0,41,42,0,102,0,0,0,0,12
418,0,12,0,0,0,0,0,903205,0,0,0,0,52,12,0,0,0,0,0,0,0,0,0,0,0,0,0,0,0,0,0,0,0,65525,0,0,0,49,101,12,0,0,0,12
418,0,13,0,0,0,0,0,903205,0,0,0,0,59,12,0,0,0,0,0,0,0,0,0,0,0,0,0,0,0,0,0,0,0,65527,189,0,0,2,123,0,0,12,0,12
418,0,14,0,0,0,0,0,903205,0,0,0,0,57,12,0,0,0,0,0,0,0,0,0,0,0,0,0,0,0,0,0,0,0,65526,0,0,83,1,69,0,0,0,0,12
418,0,15,0,0,0,0,0,903205,0,0,0,0,40,0,0,0,0,0,0,0,0,0,0,0,0,0,0,0,0,0,0,0,0,0,0,0,40,0,97,0,0,0,0,0
419,0,0,0,0,0,0,0,1806666,0,0,114,852020,136,0,0,0,0,0,3918,0,0,0,0,0,0,0,0,114,114,0,392588,0,1308181,852020,0,325,0,136,284,0,0,0,0,883880
419,0,1,0,0,0,0,0,903333,3918,0,0,0,1170,0,0,0,0,0,3918,0,0,0,0,0,0,0,0,0,55,0,196368,0,458128,0,0,85,177,203,1940,0,0,12,0,0
419,0,2,0,0,0,0,0,903333,0,0,0,0,50,12,0,0,0,0,0,0,0,0,0,0,0,0,0,0,0,0,196432,0,196429,65516,0,271,96,291,122,0,0,12,0,12
419,0,3,0,0,0,0,0,903333,0,0,0,0,51,12,0,0,0,0,0,0,0,0,0,0,0,0,0,0,0,0,130998,0,0,65519,0,103,45,0,68,0,0,0,0,12
419,0,4,0,0,0,0,0,903333,0,0,0,0,52,12,0,0,0,0,0,0,0,0,0,0,0,0,0,0,0,0,130949,0,0,65494,0,94,0,47,74,60,0,0,0,12
419,0,5,0,0,0,0,0,903333,0,0,0,0,52,12,0,0,0,0,0,0,0,0,0,0,0,0,0,0,0,0,130970,0,0,65519,566,166,0,2,126,0,0,12,0,12
419,0,6,0,0,0,0,0,903333,0,0,0,0,54,12,0,0,0,0,0,0,0,0,0,0,0,0,0,0,0,0,130985,0,0,65524,0,46,101,0,62,0,0,12,0,12
419,0,7,0,0,0,0,0,903333,0,0,0,0,57,12,0,0,0,0,0,0,0,0,0,0,0,0,0,0,0,0,65506,0,0,65524,0,113,44,0,150,0,0,0,0,12
419,0,8,0,0,0,0,0,903333,0,0,0,0,58,12,0,0,0,0,0,0,0,0,0,0,0,0,0,0,0,0,65495,0,0,65516,0,61,0,43,121,48,0,0,0,12
419,0,9,0,0,0,0,0,903333,0,0,0,0,51,12,0,0,0,0,0,0,0,0,0,0,0,0,0,0,0,0,65498,0,0,65521,408,45,0,1,58,0,0,12,0,12
419,0,10,0,0,0,0,0,903333,0,0,0,0,59,12,0,0,0,0,0,0,0,0,0,0,0,0,0,0,0,0,65506,0,0,65524,0,96,101,1,135,0,0,12,0,12
419,0,11,0,0,0,0,0,903333,0,0,0,0,60,12,0,0,0,0,0,0,0,0,0,0,0,0,0,0,0,0,0,0,0,65527,0,44,41,0,106,0,0,0,0,12
419,0,12,0,0,0,0,0,903333,0,0,0,0,53,12,0,0,0,0,0,0,0,0,0,0,0,0,0,0,0,0,0,0,0,65528,0,0,0,48,101,12,0,0,0,12
419,0,13,0,0,0,0,0,903333,0,0,0,0,60,12,0,0,0,0,0,0,0,0,0,0,0,0,0,0,0,0,0,0,0,65525,178,0,0,1,124,0,0,12,0,12
419,0,14,0,0,0,0,0,903333,0,0,0,0,58,12,0,0,0,0,0,0,0,0,0,0,0,0,0,0,0,0,0,0,0,65525,0,0,95,2,71,0,0,0,0,12
419,0,15,0,0,0,0,0,903333,0,0,0,0,53,0,0,0,0,0,0,0,0,0,0,0,0,0,0,0,0,0,0,0,0,0,0,0,27,0,106,0,0,0,0,0
420,0,0,0,0,0,0,0,1806578,0,0,114,852020,136,0,0,0,0,0,3921,0,0,0,0,0,0,0,0,114,114,0,392575,0,1308437,852020,0,325,0,136,284,0,0,0,0,883867
420,0,1,0,0,0,0,0,903289,3921,0,0,0,1191,0,0,0,0,0,3921,0,0,0,0,0,0,0,0,0,57,0,196384,0,458211,0,0,83,179,182,1940,0,0,12,0,0
420,0,2,0,0,0,0,0,903289,0,0,0,0,48,12,0,0,0,0,0,0,0,0,0,0,0,0,0,0,0,0,196444,0,196450,65521,0,275,96,302,127,0,0,12,0,12
420,0,3,0,0,0,0,0,903289,0,0,0,0,50,12,0,0,0,0,0,0,0,0,0,0,0,0,0,0,0,0,131003,0,0,65522,0,100,46,0,59,0,0,0,0,12
420,0,4,0,0,0,0,0,903289,0,0,0,0,56,12,0,0,0,0,0,0,0,0,0,0,0,0,0,0,0,0,130950,0,0,65488,0,90,0,43,76,60,0,0,0,12
420,0,5,0,0,0,0,0,903289,0,0,0,0,54,12,0,0,0,0,0,0,0,0,0,0,0,0,0,0,0,0,130979,0,0,65520,587,168,0,2,128,0,0,12,0,12
420,0,6,0,0,0,0,0,903288,0,0,0,0,56,12,0,0,0,0,0,0,0,0,0,0,0,0,0,0,0,0,130995,0,0,65524,0,41,103,0,65,0,0,12,0,12
420,0,7,0,0,0,0,0,903289,0,0,0,0,61,12,0,0,0,0,0,0,0,0,0,0,0,0,0,0,0,0,65506,0,0,65522,0,115,40,0,155,0,0,0,0,12
420,0,8,0,0,0,0,0,903289,0,0,0,0,62,12,0,0,0,0,0,0,0,0,0,0,0,0,0,0,0,0,65498,0,0,65509,0,64,0,39,126,48,0,0,0,12
420,0,9,0,0,0,0,0,903289,0,0,0,0,55,12,0,0,0,0,0,0,0,0,0,0,0,0,0,0,0,0,65506,0,0,65515,387,43,0,2,62,0,0,12,0,12
420,0,10,0,0,0,0,0,903289,0,0,0,0,65,12,0,0,0,0,0,0,0,0,0,0,0,0,0,0,0,0,65511,0,0,65524,0,99,99,0,143,0,0,12,0,12
420,0,11,0,0,0,0,0,903289,0,0,0,0,63,12,0,0,0,0,0,0,0,0,0,0,0,0,0,0,0,0,0,0,0,65527,0,45,37,0,108,0,0,0,0,12
420,0,12,0,0,0,0,0,903289,0,0,0,0,65,12,0,0,0,0,0,0,0,0,0,0,0,0,0,0,0,0,0,0,0,65525,0,0,0,36,110,12,0,0,0,12
420,0,13,0,0,0,0,0,903289,0,0,0,0,60,12,0,0,0,0,0,0,0,0,0,0,0,0,0,0,0,0,0,0,0,65527,200,0,0,2,126,0,0,12,0,12
420,0,14,0,0,0,0,0,903289,0,0,0,0,60,12,0,0,0,0,0,0,0,0,0,0,0,0,0,0,0,0,0,0,0,65525,0,0,84,0,70,0,0,0,0,12
420,0,15,0,0,0,0,0,903289,0,0,0,0,43,0,0,0,0,0,0,0,0,0,0,0,0,0,0,0,0,0,0,0,0,0,0,0,37,0,97,0,0,0,0,0
421,0,0,0,0,0,0,0,458032,0,0,2564,67584,136,0,0,0,0,0,7521,0,0,0,0,0,0,0,0,2564,2564,0,0,0,87841,67584,0,294,0,136,284,0,0,0,0,24064
421,0,1,0,0,0,0,0,229016,7521,0,0,0,2700,0,0,0,0,0,7521,0,0,0,0,0,0,0,0,0,363,0,0,0,52978,0,0,84,167,1122,5021,0,0,24064,0,0
421,0,2,0,0,0,0,0,229016,0,0,0,0,1653,24064,0,0,0,0,0,0,0,0,0,0,0,0,0,0,0,0,0,0,0,59439,0,249,1048,283,3337,0,0,0,0,24064
421,0,3,0,0,0,0,0,229016,0,0,0,0,47,0,0,0,0,0,0,0,0,0,0,0,0,0,0,0,0,0,0,0,0,0,0,91,45,0,54,0,0,0,0,0
421,0,4,0,0,0,0,0,229016,0,0,0,0,47,0,0,0,0,0,0,0,0,0,0,0,0,0,0,0,0,0,0,0,0,0,0,87,0,45,61,0,0,0,0,0
421,0,5,0,0,0,0,0,229016,0,0,0,0,47,0,0,0,0,0,0,0,0,0,0,0,0,0,0,0,0,0,0,0,0,0,537,148,0,0,109,0,0,0,0,0
421,0,6,0,0,0,0,0,229016,0,0,0,0,47,0,0,0,0,0,0,0,0,0,0,0,0,0,0,0,0,0,0,0,0,0,0,40,98,0,52,0,0,0,0,0
421,0,7,0,0,0,0,0,229016,0,0,0,0,53,0,0,0,0,0,0,0,0,0,0,0,0,0,0,0,0,0,0,0,0,0,0,105,39,0,140,0,0,0,0,0
421,0,8,0,0,0,0,0,229016,0,0,0,0,50,0,0,0,0,0,0,0,0,0,0,0,0,0,0,0,0,0,0,0,0,0,0,52,0,42,107,0,0,0,0,0
421,0,9,0,0,0,0,0,229016,0,0,0,0,47,0,0,0,0,0,0,0,0,0,0,0,0,0,0,0,0,0,0,0,0,0,365,42,0,0,53,0,0,0,0,0
421,0,10,0,0,0,0,0,229016,0,0,0,0,53,0,0,0,0,0,0,0,0,0,0,0,0,0,0,0,0,0,0,0,0,0,0,91,92,0,118,0,0,0,0,0
421,0,11,0,0,0,0,0,229016,0,0,0,0,53,0,0,0,0,0,0,0,0,0,0,0,0,0,0,0,0,0,0,0,0,0,0,39,39,0,94,0,0,0,0,0
421,0,12,0,0,0,0,0,229016,0,0,0,0,47,0,0,0,0,0,0,0,0,0,0,0,0,0,0,0,0,0,0,0,0,0,0,0,0,45,93,0,0,0,0,0
421,0,13,0,0,0,0,0,229016,0,0,0,0,53,0,0,0,0,0,0,0,0,0,0,0,0,0,0,0,0,0,0,0,0,0,178,0,0,0,109,0,0,0,0,0
421,0,14,0,0,0,0,0,229015,0,0,0,0,53,0,0,0,0,0,0,0,0,0,0,0,0,0,0,0,0,0,0,0,0,0,0,0,80,0,60,0,0,0,0,0
421,0,15,0,0,0,0,0,229016,0,0,0,0,41,0,0,0,0,0,0,0,0,0,0,0,0,0,0,0,0,0,0,0,0,0,0,0,39,0,89,0,0,0,0,0
422,0,0,0,0,0,0,0,458123,0,0,2564,67584,136,0,0,0,0,0,7524,0,0,0,0,0,0,0,0,2564,2564,0,0,0,87835,67584,0,294,0,136,284,0,0,0,0,24064
422,0,1,0,0,0,0,0,229062,7524,0,0,0,2700,0,0,0,0,0,7524,0,0,0,0,0,0,0,0,0,358,0,0,0,52969,0,0,76,172,1125,5040,0,0,24064,0,0
422,0,2,0,0,0,0,0,229062,0,0,0,0,1661,24064,0,0,0,0,0,0,0,0,0,0,0,0,0,0,0,0,0,0,0,59442,0,255,1040,268,3351,0,0,0,0,24064
422,0,3,0,0,0,0,0,229062,0,0,0,0,47,0,0,0,0,0,0,0,0,0,0,0,0,0,0,0,0,0,0,0,0,0,0,99,45,0,61,0,0,0,0,0
422,0,4,0,0,0,0,0,229062,0,0,0,0,47,0,0,0,0,0,0,0,0,0,0,0,0,0,0,0,0,0,0,0,0,0,0,87,0,45,70,0,0,0,0,0
422,0,5,0,0,0,0,0,229062,0,0,0,0,47,0,0,0,0,0,0,0,0,0,0,0,0,0,0,0,0,0,0,0,0,0,526,148,0,0,117,0,0,0,0,0
422,0,6,0,0,0,0,0,229062,0,0,0,0,47,0,0,0,0,0,0,0,0,0,0,0,0,0,0,0,0,0,0,0,0,0,0,34,98,0,52,0,0,0,0,0
422,0,7,0,0,0,0,0,229062,0,0,0,0,53,0,0,0,0,0,0,0,0,0,0,0,0,0,0,0,0,0,0,0,0,0,0,105,39,0,132,0,0,0,0,0
422,0,8,0,0,0,0,0,229062,0,0,0,0,50,0,0,0,0,0,0,0,0,0,0,0,0,0,0,0,0,0,0,0,0,0,0,52,0,42,107,0,0,0,0,0
422,0,9,0,0,0,0,0,229062,0,0,0,0,47,0,0,0,0,0,0,0,0,0,0,0,0,0,0,0,0,0,0,0,0,0,376,42,0,0,53,0,0,0,0,0
422,0,10,0,0,0,0,0,229062,0,0,0,0,53,0,0,0,0,0,0,0,0,0,0,0,0,0,0,0,0,0,0,0,0,0,0,89,92,0,126,0,0,0,0,0
422,0,11,0,0,0,0,0,229062,0,0,0,0,53,0,0,0,0,0,0,0,0,0,0,0,0,0,0,0,0,0,0,0,0,0,0,39,39,0,94,0,0,0,0,0
422,0,12,0,0,0,0,0,229062,0,0,0,0,47,0,0,0,0,0,0,0,0,0,0,0,0,0,0,0,0,0,0,0,0,0,0,0,0,45,93,0,0,0,0,0
422,0,13,0,0,0,0,0,229062,0,0,0,0,53,0,0,0,0,0,0,0,0,0,0,0,0,0,0,0,0,0,0,0,0,0,167,0,0,0,109,0,0,0,0,0
422,0,14,0,0,0,0,0,229062,0,0,0,0,53,0,0,0,0,0,0,0,0,0,0,0,0,0,0,0,0,0,0,0,0,0,0,0,91,0,62,0,0,0,0,0
422,0,15,0,0,0,0,0,229062,0,0,0,0,52,0,0,0,0,0,0,0,0,0,0,0,0,0,0,0,0,0,0,0,0,0,0,0,28,0,100,0,0,0,0,0
423,0,0,0,0,0,0,0,458104,0,0,2564,67584,136,0,0,0,0,0,7524,0,0,0,0,0,0,0,0,2564,2564,0,0,0,87827,67584,0,294,0,136,284,0,0,0,0,24064
423,0,1,0,0,0,0,0,229052,7524,0,0,0,2707,0,0,0,0,0,7524,0,0,0,0,0,0,0,0,0,359,0,0,0,52965,0,0,84,170,1112,5038,0,0,24064,0,0
423,0,2,0,0,0,0,0,229052,0,0,0,0,1664,24064,0,0,0,0,0,0,0,0,0,0,0,0,0,0,0,0,0,0,0,59438,0,249,1038,282,3358,0,0,0,0,24064
423,0,3,0,0,0,0,0,229052,0,0,0,0,47,0,0,0,0,0,0,0,0,0,0,0,0,0,0,0,0,0,0,0,0,0,0,92,45,0,54,0,0,0,0,0
423,0,4,0,0,0,0,0,229052,0,0,0,0,47,0,0,0,0,0,0,0,0,0,0,0,0,0,0,0,0,0,0,0,0,0,0,87,0,45,62,0,0,0,0,0
423,0,5,0,0,0,0,0,229052,0,0,0,0,47,0,0,0,0,0,0,0,0,0,0,0,0,0,0,0,0,0,0,0,0,0,537,148,0,0,109,0,0,0,0,0
423,0,6,0,0,0,0,0,229052,0,0,0,0,47,0,0,0,0,0,0,0,0,0,0,0,0,0,0,0,0,0,0,0,0,0,0,40,98,0,52,0,0,0,0,0
423,0,7,0,0,0,0,0,229052,0,0,0,0,53,0,0,0,0,0,0,0,0,0,0,0,0,0,0,0,0,0,0,0,0,0,0,104,39,0,140,0,0,0,0,0
423,0,8,0,0,0,0,0,229052,0,0,0,0,50,0,0,0,0,0,0,0,0,0,0,0,0,0,0,0,0,0,0,0,0,0,0,52,0,42,107,0,0,0,0,0
423,0,9,0,0,0,0,0,229052,0,0,0,0,47,0,0,0,0,0,0,0,0,0,0,0,0,0,0,0,0,0,0,0,0,0,365,42,0,0,53,0,0,0,0,0
423,0,10,0,0,0,0,0,229052,0,0,0,0,53,0,0,0,0,0,0,0,0,0,0,0,0,0,0,0,0,0,0,0,0,0,0,91,92,0,118,0,0,0,0,0
423,0,11,0,0,0,0,0,229052,0,0,0,0,53,0,0,0,0,0,0,0,0,0,0,0,0,0,0,0,0,0,0,0,0,0,0,40,39,0,94,0,0,0,0,0
423,0,12,0,0,0,0,0,229052,0,0,0,0,47,0,0,0,0,0,0,0,0,0,0,0,0,0,0,0,0,0,0,0,0,0,0,0,0,45,93,0,0,0,0,0
423,0,13,0,0,0,0,0,229052,0,0,0,0,53,0,0,0,0,0,0,0,0,0,0,0,0,0,0,0,0,0,0,0,0,0,178,0,0,0,109,0,0,0,0,0
423,0,14,0,0,0,0,0,229052,0,0,0,0,53,0,0,0,0,0,0,0,0,0,0,0,0,0,0,0,0,0,0,0,0,0,0,0,80,0,60,0,0,0,0,0
423,0,15,0,0,0,0,0,229052,0,0,0,0,41,0,0,0,0,0,0,0,0,0,0,0,0,0,0,0,0,0,0,0,0,0,0,0,39,0,88,0,0,0,0,0
424,0,0,0,0,0,0,0,503032,0,0,2640,135168,136,0,0,0,0,0,7644,0,0,0,0,0,0,0,0,2640,2640,0,0,0,159150,135168,0,294,0,136,284,0,0,0,0,56848
424,0,1,0,0,0,0,0,251516,7644,0,0,0,2843,0,0,0,0,0,7644,0,0,0,0,0,0,0,0,0,923,0,0,0,96114,0,0,76,172,1059,4882,0,0,24246,0,0
424,0,2,0,0,0,0,0,251516,0,0,0,0,921,24064,0,0,0,0,0,0,0,0,0,0,0,0,0,0,0,0,0,0,52568,59332,0,255,1415,1148,1873,0,0,24286,0,24064
424,0,3,0,0,0,0,0,251516,0,0,0,0,926,24064,0,0,0,0,0,0,0,0,0,0,0,0,0,0,0,0,0,0,0,59403,0,100,485,0,1380,0,0,0,0,24064
424,0,4,0,0,0,0,0,251516,0,0,0,0,47,0,0,0,0,0,0,0,0,0,0,0,0,0,0,0,0,0,0,0,0,0,0,87,0,45,70,0,0,0,0,0
424,0,5,0,0,0,0,0,251516,0,0,0,0,47,0,0,0,0,0,0,0,0,0,0,0,0,0,0,0,0,0,0,0,0,0,526,148,0,0,117,0,0,0,0,0
424,0,6,0,0,0,0,0,251516,0,0,0,0,47,0,0,0,0,0,0,0,0,0,0,0,0,0,0,0,0,0,0,0,0,0,0,34,98,0,52,0,0,0,0,0
424,0,7,0,0,0,0,0,251516,0,0,0,0,53,0,0,0,0,0,0,0,0,0,0,0,0,0,0,0,0,0,0,0,0,0,0,105,39,0,132,0,0,0,0,0
424,0,8,0,0,0,0,0,251516,0,0,0,0,50,0,0,0,0,0,0,0,0,0,0,0,0,0,0,0,0,0,0,0,0,0,0,52,0,42,107,0,0,0,0,0
424,0,9,0,0,0,0,0,251516,0,0,0,0,47,0,0,0,0,0,0,0,0,0,0,0,0,0,0,0,0,0,0,0,0,0,376,42,0,0,53,0,0,0,0,0
424,0,10,0,0,0,0,0,251516,0,0,0,0,53,0,0,0,0,0,0,0,0,0,0,0,0,0,0,0,0,0,0,0,0,0,0,89,92,0,126,0,0,0,0,0
424,0,11,0,0,0,0,0,251516,0,0,0,0,53,0,0,0,0,0,0,0,0,0,0,0,0,0,0,0,0,0,0,0,0,0,0,40,39,0,94,0,0,0,0,0
424,0,12,0,0,0,0,0,251516,0,0,0,0,47,0,0,0,0,0,0,0,0,0,0,0,0,0,0,0,0,0,0,0,0,0,0,0,0,45,93,0,0,0,0,0
424,0,13,0,0,0,0,0,251516,0,0,0,0,53,0,0,0,0,0,0,0,0,0,0,0,0,0,0,0,0,0,0,0,0,0,167,0,0,0,109,0,0,0,0,0
424,0,14,0,0,0,0,0,251515,0,0,0,0,53,0,0,0,0,0,0,0,0,0,0,0,0,0,0,0,0,0,0,0,0,0,0,0,91,0,62,0,0,0,0,0
424,0,15,0,0,0,0,0,251516,0,0,0,0,52,0,0,0,0,0,0,0,0,0,0,0,0,0,0,0,0,0,0,0,0,0,0,0,28,0,100,0,0,0,0,0
425,0,0,0,0,0,0,0,503047,0,0,2640,135168,136,0,0,0,0,0,7644,0,0,0,0,0,0,0,0,2640,2640,0,0,0,159147,135168,0,294,0,136,284,0,0,0,0,56871
425,0,1,0,0,0,0,0,251524,7644,0,0,0,2833,0,0,0,0,0,7644,0,0,0,0,0,0,0,0,0,920,0,0,0,96113,0,0,78,168,1071,4872,0,0,24254,0,0
425,0,2,0,0,0,0,0,251524,0,0,0,0,920,24064,0,0,0,0,0,0,0,0,0,0,0,0,0,0,0,0,0,0,52569,59329,0,249,1416,1145,1869,0,0,24281,0,24064
425,0,3,0,0,0,0,0,251524,0,0,0,0,926,24064,0,0,0,0,0,0,0,0,0,0,0,0,0,0,0,0,0,0,0,59403,0,98,485,0,1385,0,0,0,0,24064
425,0,4,0,0,0,0,0,251524,0,0,0,0,47,0,0,0,0,0,0,0,0,0,0,0,0,0,0,0,0,0,0,0,0,0,0,87,0,45,67,0,0,0,0,0
425,0,5,0,0,0,0,0,251524,0,0,0,0,47,0,0,0,0,0,0,0,0,0,0,0,0,0,0,0,0,0,0,0,0,0,525,148,0,0,115,0,0,0,0,0
425,0,6,0,0,0,0,0,251524,0,0,0,0,47,0,0,0,0,0,0,0,0,0,0,0,0,0,0,0,0,0,0,0,0,0,0,40,98,0,52,0,0,0,0,0
425,0,7,0,0,0,0,0,251524,0,0,0,0,53,0,0,0,0,0,0,0,0,0,0,0,0,0,0,0,0,0,0,0,0,0,0,105,39,0,134,0,0,0,0,0
425,0,8,0,0,0,0,0,251524,0,0,0,0,50,0,0,0,0,0,0,0,0,0,0,0,0,0,0,0,0,0,0,0,0,0,0,52,0,42,107,0,0,0,0,0
425,0,9,0,0,0,0,0,251524,0,0,0,0,47,0,0,0,0,0,0,0,0,0,0,0,0,0,0,0,0,0,0,0,0,0,377,42,0,0,53,0,0,0,0,0
425,0,10,0,0,0,0,0,251524,0,0,0,0,53,0,0,0,0,0,0,0,0,0,0,0,0,0,0,0,0,0,0,0,0,0,0,85,92,0,124,0,0,0,0,0
425,0,11,0,0,0,0,0,251524,0,0,0,0,53,0,0,0,0,0,0,0,0,0,0,0,0,0,0,0,0,0,0,0,0,0,0,40,39,0,94,0,0,0,0,0
425,0,12,0,0,0,0,0,251524,0,0,0,0,47,0,0,0,0,0,0,0,0,0,0,0,0,0,0,0,0,0,0,0,0,0,0,0,0,45,93,0,0,0,0,0
425,0,13,0,0,0,0,0,251524,0,0,0,0,53,0,0,0,0,0,0,0,0,0,0,0,0,0,0,0,0,0,0,0,0,0,166,0,0,0,109,0,0,0,0,0
425,0,14,0,0,0,0,0,251524,0,0,0,0,53,0,0,0,0,0,0,0,0,0,0,0,0,0,0,0,0,0,0,0,0,0,0,0,92,0,66,0,0,0,0,0
425,0,15,0,0,0,0,0,251524,0,0,0,0,53,0,0,0,0,0,0,0,0,0,0,0,0,0,0,0,0,0,0,0,0,0,0,0,27,0,101,0,0,0,0,0
426,0,0,0,0,0,0,0,517772,0,0,2736,135168,136,0,0,0,0,0,7785,0,0,0,0,0,0,0,0,2736,2736,0,0,0,159234,135168,0,294,0,136,284,0,0,0,0,48128
426,0,1,0,0,0,0,0,258886,7785,0,0,0,2621,0,0,0,0,0,7785,0,0,0,0,0,0,0,0,0,1367,0,0,0,96427,0,0,80,166,1379,4714,0,0,23725,0,0
426,0,2,0,0,0,0,0,258886,0,0,0,0,1070,24064,0,0,0,0,0,0,0,0,0,0,0,0,0,0,0,0,0,0,52395,59564,0,249,1458,957,1995,0,0,24403,0,24064
426,0,3,0,0,0,0,0,258886,0,0,0,0,1070,24064,0,0,0,0,0,0,0,0,0,0,0,0,0,0,0,0,0,0,0,59732,0,96,389,0,1767,0,0,0,0,24064
426,0,4,0,0,0,0,0,258886,0,0,0,0,47,0,0,0,0,0,0,0,0,0,0,0,0,0,0,0,0,0,0,0,0,0,0,87,0,45,65,0,0,0,0,0
426,0,5,0,0,0,0,0,258886,0,0,0,0,47,0,0,0,0,0,0,0,0,0,0,0,0,0,0,0,0,0,0,0,0,0,525,148,0,0,113,0,0,0,0,0
426,0,6,0,0,0,0,0,258886,0,0,0,0,47,0,0,0,0,0,0,0,0,0,0,0,0,0,0,0,0,0,0,0,0,0,0,40,98,0,52,0,0,0,0,0
426,0,7,0,0,0,0,0,258886,0,0,0,0,53,0,0,0,0,0,0,0,0,0,0,0,0,0,0,0,0,0,0,0,0,0,0,105,39,0,136,0,0,0,0,0
426,0,8,0,0,0,0,0,258886,0,0,0,0,50,0,0,0,0,0,0,0,0,0,0,0,0,0,0,0,0,0,0,0,0,0,0,52,0,42,107,0,0,0,0,0
426,0,9,0,0,0,0,0,258886,0,0,0,0,47,0,0,0,0,0,0,0,0,0,0,0,0,0,0,0,0,0,0,0,0,0,377,42,0,0,53,0,0,0,0,0
426,0,10,0,0,0,0,0,258886,0,0,0,0,53,0,0,0,0,0,0,0,0,0,0,0,0,0,0,0,0,0,0,0,0,0,0,87,92,0,122,0,0,0,0,0
426,0,11,0,0,0,0,0,258886,0,0,0,0,53,0,0,0,0,0,0,0,0,0,0,0,0,0,0,0,0,0,0,0,0,0,0,40,39,0,94,0,0,0,0,0
426,0,12,0,0,0,0,0,258886,0,0,0,0,47,0,0,0,0,0,0,0,0,0,0,0,0,0,0,0,0,0,0,0,0,0,0,0,0,45,93,0,0,0,0,0
426,0,13,0,0,0,0,0,258886,0,0,0,0,53,0,0,0,0,0,0,0,0,0,0,0,0,0,0,0,0,0,0,0,0,0,166,0,0,0,109,0,0,0,0,0
426,0,14,0,0,0,0,0,258886,0,0,0,0,53,0,0,0,0,0,0,0,0,0,0,0,0,0,0,0,0,0,0,0,0,0,0,0,92,0,64,0,0,0,0,0
426,0,15,0,0,0,0,0,258886,0,0,0,0,53,0,0,0,0,0,0,0,0,0,0,0,0,0,0,0,0,0,0,0,0,0,0,0,27,0,101,0,0,0,0,0
427,0,0,0,0,0,0,0,817355,0,0,5034,270336,136,0,0,0,0,0,11247,0,0,0,0,0,0,0,0,5034,5034,0,103126,0,246634,270336,0,1553,0,136,284,0,0,0,0,307333
427,0,1,0,0,0,0,0,408677,11247,0,0,0,4278,0,0,0,0,0,11247,0,0,0,0,0,0,0,0,0,2096,0,51508,0,95223,0,0,542,634,1092,7541,0,0,63964,0,0
427,0,2,0,0,0,0,0,408677,0,0,0,0,910,24064,0,0,0,0,0,0,0,0,0,0,0,0,0,0,0,0,0,0,51569,60050,0,249,1357,1090,1770,0,0,62820,0,22092
427,0,3,0,0,0,0,0,408677,0,0,0,0,919,24064,0,0,0,0,0,0,0,0,0,0,0,0,0,0,0,0,0,0,0,59894,0,95,429,0,1375,0,0,2559,0,23495
427,0,4,0,0,0,0,0,408677,0,0,0,0,945,24064,0,0,0,0,0,0,0,0,0,0,0,0,0,0,0,0,0,0,0,59886,0,87,0,404,1431,55092,0,0,0,21843
427,0,5,0,0,0,0,0,408677,0,0,0,0,981,24064,0,0,0,0,0,0,0,0,0,0,0,0,0,0,0,0,0,0,0,60457,1750,148,0,0,1846,0,0,14710,0,23284
427,0,6,0,0,0,0,0,408677,0,0,0,0,47,0,0,0,0,0,0,0,0,0,0,0,0,0,0,0,0,0,0,0,0,0,0,40,98,2,52,0,0,0,0,0
427,0,7,0,0,0,0,0,408677,0,0,0,0,53,0,0,0,0,0,0,0,0,0,0,0,0,0,0,0,0,0,0,0,0,0,0,105,39,0,137,0,0,0,0,0
427,0,8,0,0,0,0,0,408677,0,0,0,0,50,0,0,0,0,0,0,0,0,0,0,0,0,0,0,0,0,0,0,0,0,0,0,52,0,42,107,0,0,0,0,0
427,0,9,0,0,0,0,0,408677,0,0,0,0,47,0,0,0,0,0,0,0,0,0,0,0,0,0,0,0,0,0,0,0,0,0,375,42,0,0,53,0,0,0,0,0
427,0,10,0,0,0,0,0,408677,0,0,0,0,53,0,0,0,0,0,0,0,0,0,0,0,0,0,0,0,0,0,0,0,0,0,0,88,92,0,121,0,0,0,0,0
427,0,11,0,0,0,0,0,408677,0,0,0,0,53,0,0,0,0,0,0,0,0,0,0,0,0,0,0,0,0,0,0,0,0,0,0,42,39,0,94,0,0,0,0,0
427,0,12,0,0,0,0,0,408677,0,0,0,0,47,0,0,0,0,0,0,0,0,0,0,0,0,0,0,0,0,0,0,0,0,0,0,0,0,45,93,0,0,0,0,0
427,0,13,0,0,0,0,0,408677,0,0,0,0,53,0,0,0,0,0,0,0,0,0,0,0,0,0,0,0,0,0,0,0,0,0,168,0,0,0,109,0,0,0,0,0
427,0,14,0,0,0,0,0,408676,0,0,0,0,53,0,0,0,0,0,0,0,0,0,0,0,0,0,0,0,0,0,0,0,0,0,0,0,90,0,63,0,0,0,0,0
427,0,15,0,0,0,0,0,408677,0,0,0,0,51,0,0,0,0,0,0,0,0,0,0,0,0,0,0,0,0,0,0,0,0,0,0,0,29,0,99,0,0,0,0,0
428,0,0,0,0,0,0,0,815606,0,0,4982,270336,136,0,0,0,0,0,11166,0,0,0,0,0,0,0,0,4982,4982,0,103121,0,246881,270336,0,1541,0,136,284,0,0,0,0,278955
428,0,1,0,0,0,0,0,407803,11166,0,0,0,4326,0,0,0,0,0,11166,0,0,0,0,0,0,0,0,0,2167,0,51586,0,95177,0,0,517,609,1042,7517,0,0,63891,0,0
428,0,2,0,0,0,0,0,407803,0,0,0,0,906,24064,0,0,0,0,0,0,0,0,0,0,0,0,0,0,0,0,0,0,51501,60253,0,249,1359,1102,1778,0,0,61249,0,21962
428,0,3,0,0,0,0,0,407803,0,0,0,0,932,24064,0,0,0,0,0,0,0,0,0,0,0,0,0,0,0,0,0,0,0,60068,0,94,405,0,1364,0,0,3132,0,23334
428,0,4,0,0,0,0,0,407803,0,0,0,0,946,24064,0,0,0,0,0,0,0,0,0,0,0,0,0,0,0,0,0,0,0,59908,0,87,0,391,1407,48643,0,0,0,22014
428,0,5,0,0,0,0,0,407803,0,0,0,0,949,24064,0,0,0,0,0,0,0,0,0,0,0,0,0,0,0,0,0,0,0,60487,1768,148,0,1,1825,0,0,13630,0,23077
428,0,6,0,0,0,0,0,407803,0,0,0,0,47,0,0,0,0,0,0,0,0,0,0,0,0,0,0,0,0,0,0,0,0,0,0,40,98,1,52,0,0,0,0,0
428,0,7,0,0,0,0,0,407803,0,0,0,0,53,0,0,0,0,0,0,0,0,0,0,0,0,0,0,0,0,0,0,0,0,0,0,107,39,0,137,0,0,0,0,0
428,0,8,0,0,0,0,0,407803,0,0,0,0,50,0,0,0,0,0,0,0,0,0,0,0,0,0,0,0,0,0,0,0,0,0,0,52,0,42,107,0,0,0,0,0
428,0,9,0,0,0,0,0,407803,0,0,0,0,47,0,0,0,0,0,0,0,0,0,0,0,0,0,0,0,0,0,0,0,0,0,375,42,0,0,53,0,0,0,0,0
428,0,10,0,0,0,0,0,407803,0,0,0,0,53,0,0,0,0,0,0,0,0,0,0,0,0,0,0,0,0,0,0,0,0,0,0,88,92,0,121,0,0,0,0,0
428,0,11,0,0,0,0,0,407803,0,0,0,0,53,0,0,0,0,0,0,0,0,0,0,0,0,0,0,0,0,0,0,0,0,0,0,40,39,0,94,0,0,0,0,0
428,0,12,0,0,0,0,0,407803,0,0,0,0,47,0,0,0,0,0,0,0,0,0,0,0,0,0,0,0,0,0,0,0,0,0,0,0,0,45,93,0,0,0,0,0
428,0,13,0,0,0,0,0,407803,0,0,0,0,53,0,0,0,0,0,0,0,0,0,0,0,0,0,0,0,0,0,0,0,0,0,168,0,0,0,109,0,0,0,0,0
428,0,14,0,0,0,0,0,407803,0,0,0,0,53,0,0,0,0,0,0,0,0,0,0,0,0,0,0,0,0,0,0,0,0,0,0,0,90,0,63,0,0,0,0,0
428,0,15,0,0,0,0,0,407803,0,0,0,0,51,0,0,0,0,0,0,0,0,0,0,0,0,0,0,0,0,0,0,0,0,0,0,0,29,0,101,0,0,0,0,0
429,0,0,0,0,0,0,0,817825,0,0,5040,270336,136,0,0,0,0,0,11256,0,0,0,0,0,0,0,0,5040,5040,0,103063,0,246545,270336,0,1555,0,136,284,0,0,0,0,364860
429,0,1,0,0,0,0,0,408913,11256,0,0,0,4155,0,0,0,0,0,11256,0,0,0,0,0,0,0,0,0,2387,0,51269,0,95735,0,0,611,646,1140,7359,0,0,80633,0,0
429,0,2,0,0,0,0,0,408913,0,0,0,0,884,24064,0,0,0,0,0,0,0,0,0,0,0,0,0,0,0,0,0,0,51247,59943,0,249,1382,1032,1758,0,0,67863,0,23302
429,0,3,0,0,0,0,0,408913,0,0,0,0,917,24064,0,0,0,0,0,0,0,0,0,0,0,0,0,0,0,0,0,0,0,60310,0,94,434,0,1433,0,0,12871,0,21372
429,0,4,0,0,0,0,0,408913,0,0,0,0,907,24064,0,0,0,0,0,0,0,0,0,0,0,0,0,0,0,0,0,0,0,59904,0,87,0,444,1405,68290,0,0,0,21918
429,0,5,0,0,0,0,0,408913,0,0,0,0,902,24064,0,0,0,0,0,0,0,0,0,0,0,0,0,0,0,0,0,0,0,60717,1790,148,0,1,1698,0,0,15449,0,23429
429,0,6,0,0,0,0,0,408913,0,0,0,0,47,0,0,0,0,0,0,0,0,0,0,0,0,0,0,0,0,0,0,0,0,0,0,40,98,1,52,0,0,0,0,0
429,0,7,0,0,0,0,0,408913,0,0,0,0,53,0,0,0,0,0,0,0,0,0,0,0,0,0,0,0,0,0,0,0,0,0,0,107,39,0,137,0,0,0,0,0
429,0,8,0,0,0,0,0,408913,0,0,0,0,50,0,0,0,0,0,0,0,0,0,0,0,0,0,0,0,0,0,0,0,0,0,0,52,0,42,107,0,0,0,0,0
429,0,9,0,0,0,0,0,408913,0,0,0,0,47,0,0,0,0,0,0,0,0,0,0,0,0,0,0,0,0,0,0,0,0,0,375,42,0,0,53,0,0,0,0,0
429,0,10,0,0,0,0,0,408913,0,0,0,0,53,0,0,0,0,0,0,0,0,0,0,0,0,0,0,0,0,0,0,0,0,0,0,88,92,0,121,0,0,0,0,0
429,0,11,0,0,0,0,0,408913,0,0,0,0,53,0,0,0,0,0,0,0,0,0,0,0,0,0,0,0,0,0,0,0,0,0,0,40,39,0,94,0,0,0,0,0
429,0,12,0,0,0,0,0,408913,0,0,0,0,47,0,0,0,0,0,0,0,0,0,0,0,0,0,0,0,0,0,0,0,0,0,0,0,0,45,93,0,0,0,0,0
429,0,13,0,0,0,0,0,408913,0,0,0,0,53,0,0,0,0,0,0,0,0,0,0,0,0,0,0,0,0,0,0,0,0,0,168,0,0,0,109,0,0,0,0,0
429,0,14,0,0,0,0,0,408913,0,0,0,0,53,0,0,0,0,0,0,0,0,0,0,0,0,0,0,0,0,0,0,0,0,0,0,0,90,0,63,0,0,0,0,0
429,0,15,0,0,0,0,0,408913,0,0,0,0,51,0,0,0,0,0,0,0,0,0,0,0,0,0,0,0,0,0,0,0,0,0,0,0,29,0,101,0,0,0,0,0
430,0,0,0,0,0,0,0,1177599,0,0,7430,405504,136,0,0,0,0,0,14853,0,0,0,0,0,0,0,0,7430,7430,0,103058,0,384964,405504,0,1423,0,136,284,0,0,0,0,669529
430,0,1,0,0,0,0,0,588800,14853,0,0,0,5956,0,0,0,0,0,14853,0,0,0,0,0,0,0,0,0,3461,0,51419,0,173571,0,0,509,567,1912,10421,0,0,87009,0,0
430,0,2,0,0,0,0,0,588800,0,0,0,0,792,24064,0,0,0,0,0,0,0,0,0,0,0,0,0,0,0,0,51382,0,94090,60319,0,1157,1223,1864,1597,0,0,81914,0,21885
430,0,3,0,0,0,0,0,588800,0,0,0,0,812,24064,0,0,0,0,0,0,0,0,0,0,0,0,0,0,0,0,50119,0,0,60333,0,589,390,0,1223,0,0,11165,0,22405
430,0,4,0,0,0,0,0,588800,0,0,0,0,796,24064,0,0,0,0,0,0,0,0,0,0,0,0,0,0,0,0,0,0,0,60023,0,87,0,423,1219,226473,0,0,0,20768
430,0,5,0,0,0,0,0,588800,0,0,0,0,955,24064,0,0,0,0,0,0,0,0,0,0,0,0,0,0,0,0,0,0,0,60486,3074,151,0,0,1930,0,0,183016,0,21656
430,0,6,0,0,0,0,0,588800,0,0,0,0,962,24064,0,0,0,0,0,0,0,0,0,0,0,0,0,0,0,0,0,0,0,60065,0,28,1464,2,1442,0,0,77884,0,22493
430,0,7,0,0,0,0,0,588800,0,0,0,0,966,24064,0,0,0,0,0,0,0,0,0,0,0,0,0,0,0,0,0,0,0,59191,0,103,493,0,1928,0,0,23050,0,21327
430,0,8,0,0,0,0,0,588800,0,0,0,0,50,0,0,0,0,0,0,0,0,0,0,0,0,0,0,0,0,0,0,0,0,0,0,52,0,42,107,0,0,0,0,0
430,0,9,0,0,0,0,0,588800,0,0,0,0,48,0,0,0,0,0,0,0,0,0,0,0,0,0,0,0,0,0,0,0,0,0,376,40,0,0,53,0,0,0,0,0
430,0,10,0,0,0,0,0,588800,0,0,0,0,52,0,0,0,0,0,0,0,0,0,0,0,0,0,0,0,0,0,0,0,0,0,0,90,88,0,130,0,0,0,0,0
430,0,11,0,0,0,0,0,588800,0,0,0,0,48,0,0,0,0,0,0,0,0,0,0,0,0,0,0,0,0,0,0,0,0,0,0,41,44,0,94,0,0,0,0,0
430,0,12,0,0,0,0,0,588800,0,0,0,0,49,0,0,0,0,0,0,0,0,0,0,0,0,0,0,0,0,0,0,0,0,0,0,0,0,43,95,0,0,0,0,0
430,0,13,0,0,0,0,0,588800,0,0,0,0,55,0,0,0,0,0,0,0,0,0,0,0,0,0,0,0,0,0,0,0,0,0,170,0,0,0,113,0,0,0,0,0
430,0,14,0,0,0,0,0,588799,0,0,0,0,52,0,0,0,0,0,0,0,0,0,0,0,0,0,0,0,0,0,0,0,0,0,0,0,88,0,60,0,0,0,0,0
430,0,15,0,0,0,0,0,588800,0,0,0,0,48,0,0,0,0,0,0,0,0,0,0,0,0,0,0,0,0,0,0,0,0,0,0,0,32,0,99,0,0,0,0,0
431,0,0,0,0,0,0,0,1176847,0,0,7426,405504,136,0,0,0,0,0,14844,0,0,0,0,0,0,0,0,7426,7426,0,103071,0,385112,405504,0,1425,0,136,284,0,0,0,0,677297
431,0,1,0,0,0,0,0,588423,14844,0,0,0,5934,0,0,0,0,0,14844,0,0,0,0,0,0,0,0,0,3633,0,51610,0,173646,0,0,550,564,1892,10369,0,0,87024,0,0
431,0,2,0,0,0,0,0,588423,0,0,0,0,781,24064,0,0,0,0,0,0,0,0,0,0,0,0,0,0,0,0,51439,0,94219,60328,0,1163,1220,1871,1592,0,0,79739,0,22017
431,0,3,0,0,0,0,0,588423,0,0,0,0,799,24064,0,0,0,0,0,0,0,0,0,0,0,0,0,0,0,0,50142,0,0,60394,0,571,403,0,1221,0,0,10810,0,22431
431,0,4,0,0,0,0,0,588423,0,0,0,0,822,24064,0,0,0,0,0,0,0,0,0,0,0,0,0,0,0,0,0,0,0,59982,0,87,0,399,1238,229946,0,0,0,20748
431,0,5,0,0,0,0,0,588423,0,0,0,0,947,24064,0,0,0,0,0,0,0,0,0,0,0,0,0,0,0,0,0,0,0,60370,3103,150,0,1,1878,0,0,184316,0,21677
431,0,6,0,0,0,0,0,588423,0,0,0,0,966,24064,0,0,0,0,0,0,0,0,0,0,0,0,0,0,0,0,0,0,0,60058,0,39,1459,1,1427,0,0,82169,0,22474
431,0,7,0,0,0,0,0,588423,0,0,0,0,967,24064,0,0,0,0,0,0,0,0,0,0,0,0,0,0,0,0,0,0,0,59218,0,110,492,0,1941,0,0,24225,0,21491
431,0,8,0,0,0,0,0,588423,0,0,0,0,51,0,0,0,0,0,0,0,0,0,0,0,0,0,0,0,0,0,0,0,0,0,0,52,0,41,108,0,0,0,0,0
431,0,9,0,0,0,0,0,588423,0,0,0,0,48,0,0,0,0,0,0,0,0,0,0,0,0,0,0,0,0,0,0,0,0,0,379,41,0,0,53,0,0,0,0,0
431,0,10,0,0,0,0,0,588423,0,0,0,0,52,0,0,0,0,0,0,0,0,0,0,0,0,0,0,0,0,0,0,0,0,0,0,85,92,0,124,0,0,0,0,0
431,0,11,0,0,0,0,0,588423,0,0,0,0,52,0,0,0,0,0,0,0,0,0,0,0,0,0,0,0,0,0,0,0,0,0,0,39,40,0,93,0,0,0,0,0
431,0,12,0,0,0,0,0,588423,0,0,0,0,46,0,0,0,0,0,0,0,0,0,0,0,0,0,0,0,0,0,0,0,0,0,0,0,0,46,92,0,0,0,0,0
431,0,13,0,0,0,0,0,588423,0,0,0,0,53,0,0,0,0,0,0,0,0,0,0,0,0,0,0,0,0,0,0,0,0,0,164,0,0,0,110,0,0,0,0,0
431,0,14,0,0,0,0,0,588423,0,0,0,0,52,0,0,0,0,0,0,0,0,0,0,0,0,0,0,0,0,0,0,0,0,0,0,0,93,0,65,0,0,0,0,0
431,0,15,0,0,0,0,0,588423,0,0,0,0,53,0,0,0,0,0,0,0,0,0,0,0,0,0,0,0,0,0,0,0,0,0,0,0,27,0,106,0,0,0,0,0
432,0,0,0,0,0,0,0,1176580,0,0,7412,405504,136,0,0,0,0,0,14823,0,0,0,0,0,0,0,0,7412,7412,0,102980,0,385074,405504,0,1423,0,136,284,0,0,0,0,677586
432,0,1,0,0,0,0,0,588290,14823,0,0,0,5930,0,0,0,0,0,14823,0,0,0,0,0,0,0,0,0,3544,0,51494,0,173652,0,0,541,554,1901,10330,0,0,89801,0,0
432,0,2,0,0,0,0,0,588290,0,0,0,0,794,24064,0,0,0,0,0,0,0,0,0,0,0,0,0,0,0,0,51436,0,94376,60197,0,1129,1227,1856,1630,0,0,82450,0,21946
432,0,3,0,0,0,0,0,588290,0,0,0,0,816,24064,0,0,0,0,0,0,0,0,0,0,0,0,0,0,0,0,49999,0,0,60325,0,573,388,0,1243,0,0,10167,0,22561
432,0,4,0,0,0,0,0,588290,0,0,0,0,796,24064,0,0,0,0,0,0,0,0,0,0,0,0,0,0,0,0,0,0,0,60071,0,82,0,423,1205,227707,0,0,0,20859
432,0,5,0,0,0,0,0,588290,0,0,0,0,939,24064,0,0,0,0,0,0,0,0,0,0,0,0,0,0,0,0,0,0,0,60352,3117,149,0,1,1882,0,0,181482,0,21720
432,0,6,0,0,0,0,0,588290,0,0,0,0,962,24064,0,0,0,0,0,0,0,0,0,0,0,0,0,0,0,0,0,0,0,60078,0,35,1425,1,1453,0,0,82046,0,21718
432,0,7,0,0,0,0,0,588290,0,0,0,0,936,24064,0,0,0,0,0,0,0,0,0,0,0,0,0,0,0,0,0,0,0,59383,0,106,512,0,1903,0,0,14527,0,22448
432,0,8,0,0,0,0,0,588290,0,0,0,0,50,0,0,0,0,0,0,0,0,0,0,0,0,0,0,0,0,0,0,0,0,0,0,57,0,42,107,0,0,0,0,0
432,0,9,0,0,0,0,0,588290,0,0,0,0,47,0,0,0,0,0,0,0,0,0,0,0,0,0,0,0,0,0,0,0,0,0,365,41,0,0,53,0,0,0,0,0
432,0,10,0,0,0,0,0,588290,0,0,0,0,54,0,0,0,0,0,0,0,0,0,0,0,0,0,0,0,0,0,0,0,0,0,0,88,92,0,127,0,0,0,0,0
432,0,11,0,0,0,0,0,588290,0,0,0,0,54,0,0,0,0,0,0,0,0,0,0,0,0,0,0,0,0,0,0,0,0,0,0,43,38,0,95,0,0,0,0,0
432,0,12,0,0,0,0,0,588290,0,0,0,0,54,0,0,0,0,0,0,0,0,0,0,0,0,0,0,0,0,0,0,0,0,0,0,0,0,38,95,0,0,0,0,0
432,0,13,0,0,0,0,0,588290,0,0,0,0,51,0,0,0,0,0,0,0,0,0,0,0,0,0,0,0,0,0,0,0,0,0,178,0,0,0,108,0,0,0,0,0
432,0,14,0,0,0,0,0,588290,0,0,0,0,54,0,0,0,0,0,0,0,0,0,0,0,0,0,0,0,0,0,0,0,0,0,0,0,89,0,64,0,0,0,0,0
432,0,15,0,0,0,0,0,588290,0,0,0,0,51,0,0,0,0,0,0,0,0,0,0,0,0,0,0,0,0,0,0,0,0,0,0,0,29,0,100,0,0,0,0,0
433,0,0,0,0,0,0,0,1537476,0,0,9874,540672,136,0,0,0,0,0,18531,0,0,0,0,0,0,0,0,9874,9874,0,188057,0,455240,540672,0,2644,0,136,284,0,0,0,0,1052868
433,0,1,0,0,0,0,0,768738,18531,0,0,0,7558,0,0,0,0,0,18531,0,0,0,0,0,0,0,0,0,4673,0,95625,0,173267,0,0,1032,954,1846,13279,0,0,100440,0,0
433,0,2,0,0,0,0,0,768738,0,0,0,0,682,24064,0,0,0,0,0,0,0,0,0,0,0,0,0,0,0,0,51289,0,94031,60242,0,1219,1047,1853,1375,0,0,91887,0,21343
433,0,3,0,0,0,0,0,768738,0,0,0,0,686,24064,0,0,0,0,0,0,0,0,0,0,0,0,0,0,0,0,50251,0,0,60421,0,585,361,0,1049,0,0,20724,0,21802
433,0,4,0,0,0,0,0,768738,0,0,0,0,734,24064,0,0,0,0,0,0,0,0,0,0,0,0,0,0,0,0,49983,0,0,59931,0,517,0,397,1114,399907,0,0,0,20313
433,0,5,0,0,0,0,0,768738,0,0,0,0,966,24064,0,0,0,0,0,0,0,0,0,0,0,0,0,0,0,0,51059,0,0,60602,4434,989,0,0,1933,0,0,292781,0,20647
433,0,6,0,0,0,0,0,768737,0,0,0,0,1034,24064,0,0,0,0,0,0,0,0,0,0,0,0,0,0,0,0,0,0,0,60117,0,40,1535,3,1532,0,0,128852,0,21181
433,0,7,0,0,0,0,0,768738,0,0,0,0,1018,24064,0,0,0,0,0,0,0,0,0,0,0,0,0,0,0,0,0,0,0,59227,0,106,535,0,2074,0,0,32161,0,21612
433,0,8,0,0,0,0,0,768738,0,0,0,0,943,24064,0,0,0,0,0,0,0,0,0,0,0,0,0,0,0,0,0,0,0,59364,0,52,0,456,1879,147207,0,0,0,20110
433,0,9,0,0,0,0,0,768738,0,0,0,0,911,24064,0,0,0,0,0,0,0,0,0,0,0,0,0,0,0,0,0,0,0,60498,1714,42,0,1,1387,0,0,27148,0,21711
433,0,10,0,0,0,0,0,768738,0,0,0,0,53,0,0,0,0,0,0,0,0,0,0,0,0,0,0,0,0,0,0,0,0,0,0,85,92,1,124,0,0,0,0,0
433,0,11,0,0,0,0,0,768738,0,0,0,0,53,0,0,0,0,0,0,0,0,0,0,0,0,0,0,0,0,0,0,0,0,0,0,44,39,0,94,0,0,0,0,0
433,0,12,0,0,0,0,0,768738,0,0,0,0,47,0,0,0,0,0,0,0,0,0,0,0,0,0,0,0,0,0,0,0,0,0,0,0,0,45,93,0,0,0,0,0
433,0,13,0,0,0,0,0,768738,0,0,0,0,53,0,0,0,0,0,0,0,0,0,0,0,0,0,0,0,0,0,0,0,0,0,166,0,0,0,109,0,0,0,0,0
433,0,14,0,0,0,0,0,768737,0,0,0,0,53,0,0,0,0,0,0,0,0,0,0,0,0,0,0,0,0,0,0,0,0,0,0,0,92,0,66,0,0,0,0,0
433,0,15,0,0,0,0,0,768738,0,0,0,0,53,0,0,0,0,0,0,0,0,0,0,0,0,0,0,0,0,0,0,0,0,0,0,0,27,0,103,0,0,0,0,0
434,0,0,0,0,0,0,0,1539328,0,0,9880,540672,136,0,0,0,0,0,18540,0,0,0,0,0,0,0,0,9880,9880,0,188161,0,455559,540672,0,2642,0,136,284,0,0,0,0,1022590
434,0,1,0,0,0,0,0,769664,18540,0,0,0,7520,0,0,0,0,0,18540,0,0,0,0,0,0,0,0,0,4628,0,95714,0,173212,0,0,999,995,1882,13261,0,0,104093,0,0
434,0,2,0,0,0,0,0,769664,0,0,0,0,699,24064,0,0,0,0,0,0,0,0,0,0,0,0,0,0,0,0,51505,0,94032,60294,0,1226,1030,1820,1389,0,0,94846,0,21252
434,0,3,0,0,0,0,0,769664,0,0,0,0,683,24064,0,0,0,0,0,0,0,0,0,0,0,0,0,0,0,0,50157,0,0,60373,0,631,366,0,1037,0,0,22382,0,21769
434,0,4,0,0,0,0,0,769664,0,0,0,0,743,24064,0,0,0,0,0,0,0,0,0,0,0,0,0,0,0,0,49920,0,0,60019,0,528,0,388,1151,388469,0,0,0,20359
434,0,5,0,0,0,0,0,769664,0,0,0,0,951,24064,0,0,0,0,0,0,0,0,0,0,0,0,0,0,0,0,51066,0,0,60570,4437,1019,0,0,1921,0,0,281376,0,20437
434,0,6,0,0,0,0,0,769663,0,0,0,0,1021,24064,0,0,0,0,0,0,0,0,0,0,0,0,0,0,0,0,0,0,0,60039,0,39,1562,2,1515,0,0,131533,0,21497
434,0,7,0,0,0,0,0,769664,0,0,0,0,1028,24064,0,0,0,0,0,0,0,0,0,0,0,0,0,0,0,0,0,0,0,59247,0,101,526,0,2047,0,0,37399,0,21322
434,0,8,0,0,0,0,0,769664,0,0,0,0,937,24064,0,0,0,0,0,0,0,0,0,0,0,0,0,0,0,0,0,0,0,59380,0,52,0,460,1860,150453,0,0,0,20801
434,0,9,0,0,0,0,0,769664,0,0,0,0,910,24064,0,0,0,0,0,0,0,0,0,0,0,0,0,0,0,0,0,0,0,60488,1710,40,0,2,1354,0,0,27072,0,21409
434,0,10,0,0,0,0,0,769664,0,0,0,0,51,0,0,0,0,0,0,0,0,0,0,0,0,0,0,0,0,0,0,0,0,0,0,84,89,0,124,0,0,0,0,0
434,0,11,0,0,0,0,0,769664,0,0,0,0,48,0,0,0,0,0,0,0,0,0,0,0,0,0,0,0,0,0,0,0,0,0,0,45,44,0,94,0,0,0,0,0
434,0,12,0,0,0,0,0,769664,0,0,0,0,48,0,0,0,0,0,0,0,0,0,0,0,0,0,0,0,0,0,0,0,0,0,0,0,0,44,94,0,0,0,0,0
434,0,13,0,0,0,0,0,769664,0,0,0,0,54,0,0,0,0,0,0,0,0,0,0,0,0,0,0,0,0,0,0,0,0,0,163,0,0,0,112,0,0,0,0,0
434,0,14,0,0,0,0,0,769664,0,0,0,0,48,0,0,0,0,0,0,0,0,0,0,0,0,0,0,0,0,0,0,0,0,0,0,0,95,0,62,0,0,0,0,0
434,0,15,0,0,0,0,0,769664,0,0,0,0,51,0,0,0,0,0,0,0,0,0,0,0,0,0,0,0,0,0,0,0,0,0,0,0,29,0,100,0,0,0,0,0
435,0,0,0,0,0,0,0,1537337,0,0,9884,540672,136,0,0,0,0,0,18546,0,0,0,0,0,0,0,0,9884,9884,0,188076,0,455241,540672,0,2650,0,136,284,0,0,0,0,1046183
435,0,1,0,0,0,0,0,768669,18546,0,0,0,7585,0,0,0,0,0,18546,0,0,0,0,0,0,0,0,0,4651,0,95700,0,173139,0,0,968,968,1879,13339,0,0,98048,0,0
435,0,2,0,0,0,0,0,768669,0,0,0,0,680,24064,0,0,0,0,0,0,0,0,0,0,0,0,0,0,0,0,51460,0,94048,60275,0,1209,1041,1818,1383,0,0,88086,0,21407
435,0,3,0,0,0,0,0,768669,0,0,0,0,676,24064,0,0,0,0,0,0,0,0,0,0,0,0,0,0,0,0,50042,0,0,60450,0,621,371,0,1036,0,0,20447,0,21794
435,0,4,0,0,0,0,0,768669,0,0,0,0,744,24064,0,0,0,0,0,0,0,0,0,0,0,0,0,0,0,0,49918,0,0,59962,0,521,0,389,1131,402614,0,0,0,20330
435,0,5,0,0,0,0,0,768669,0,0,0,0,971,24064,0,0,0,0,0,0,0,0,0,0,0,0,0,0,0,0,51026,0,0,60575,4417,1042,0,2,1955,0,0,291639,0,20489
435,0,6,0,0,0,0,0,768669,0,0,0,0,1006,24064,0,0,0,0,0,0,0,0,0,0,0,0,0,0,0,0,0,0,0,60097,0,33,1575,1,1519,0,0,134717,0,21331
435,0,7,0,0,0,0,0,768669,0,0,0,0,1031,24064,0,0,0,0,0,0,0,0,0,0,0,0,0,0,0,0,0,0,0,59337,0,107,519,0,2051,0,0,41497,0,21793
435,0,8,0,0,0,0,0,768669,0,0,0,0,927,24064,0,0,0,0,0,0,0,0,0,0,0,0,0,0,0,0,0,0,0,59388,0,52,0,476,1863,145422,0,0,0,20506
435,0,9,0,0,0,0,0,768669,0,0,0,0,914,24064,0,0,0,0,0,0,0,0,0,0,0,0,0,0,0,0,0,0,0,60483,1700,40,0,1,1341,0,0,28794,0,21588
435,0,10,0,0,0,0,0,768669,0,0,0,0,52,0,0,0,0,0,0,0,0,0,0,0,0,0,0,0,0,0,0,0,0,0,0,88,88,1,127,0,0,0,0,0
435,0,11,0,0,0,0,0,768669,0,0,0,0,48,0,0,0,0,0,0,0,0,0,0,0,0,0,0,0,0,0,0,0,0,0,0,38,44,0,94,0,0,0,0,0
435,0,12,0,0,0,0,0,768669,0,0,0,0,48,0,0,0,0,0,0,0,0,0,0,0,0,0,0,0,0,0,0,0,0,0,0,0,0,44,94,0,0,0,0,0
435,0,13,0,0,0,0,0,768669,0,0,0,0,54,0,0,0,0,0,0,0,0,0,0,0,0,0,0,0,0,0,0,0,0,0,167,0,0,0,112,0,0,0,0,0
435,0,14,0,0,0,0,0,768669,0,0,0,0,52,0,0,0,0,0,0,0,0,0,0,0,0,0,0,0,0,0,0,0,0,0,0,0,91,0,62,0,0,0,0,0
435,0,15,0,0,0,0,0,768669,0,0,0,0,51,0,0,0,0,0,0,0,0,0,0,0,0,0,0,0,0,0,0,0,0,0,0,0,29,0,107,0,0,0,0,0
436,0,0,0,0,0,0,0,1891449,0,0,12204,675840,136,0,0,0,0,0,22038,0,0,0,0,0,0,0,0,12204,12204,0,188071,0,590567,675840,0,2434,0,136,284,0,0,0,0,1468933
436,0,1,0,0,0,0,0,945724,22038,0,0,0,9083,0,0,0,0,0,22038,0,0,0,0,0,0,0,0,0,5689,0,95480,0,242614,0,0,1012,899,2728,15940,0,0,92386,0,0
436,0,2,0,0,0,0,0,945724,0,0,0,0,582,24064,0,0,0,0,0,0,0,0,0,0,0,0,0,0,0,0,95436,0,129438,60320,0,2146,906,2656,1200,0,0,84087,0,21298
436,0,3,0,0,0,0,0,945724,0,0,0,0,587,24064,0,0,0,0,0,0,0,0,0,0,0,0,0,0,0,0,93992,0,0,60432,0,1095,313,0,905,0,0,20907,0,21551
436,0,4,0,0,0,0,0,945724,0,0,0,0,624,24064,0,0,0,0,0,0,0,0,0,0,0,0,0,0,0,0,49835,0,0,59948,0,517,0,351,946,614390,0,0,0,19997
436,0,5,0,0,0,0,0,945724,0,0,0,0,879,24064,0,0,0,0,0,0,0,0,0,0,0,0,0,0,0,0,51147,0,0,60644,5765,1113,0,2,1746,0,0,331927,0,19940
436,0,6,0,0,0,0,0,945723,0,0,0,0,953,24064,0,0,0,0,0,0,0,0,0,0,0,0,0,0,0,0,51172,0,0,60213,0,558,1402,0,1421,0,0,168070,0,20316
436,0,7,0,0,0,0,0,945724,0,0,0,0,915,24064,0,0,0,0,0,0,0,0,0,0,0,0,0,0,0,0,51265,0,0,59273,0,1117,526,0,1866,0,0,46125,0,20845
436,0,8,0,0,0,0,0,945724,0,0,0,0,897,24064,0,0,0,0,0,0,0,0,0,0,0,0,0,0,0,0,0,0,0,59459,0,57,0,448,1774,494076,0,0,0,19690
436,0,9,0,0,0,0,0,945724,0,0,0,0,1007,24064,0,0,0,0,0,0,0,0,0,0,0,0,0,0,0,0,0,0,0,60314,3263,41,0,0,1514,0,0,333986,0,20213
436,0,10,0,0,0,0,0,945724,0,0,0,0,1069,24064,0,0,0,0,0,0,0,0,0,0,0,0,0,0,0,0,0,0,0,60329,0,88,1590,2,2146,0,0,164995,0,21050
436,0,11,0,0,0,0,0,945724,0,0,0,0,1043,24064,0,0,0,0,0,0,0,0,0,0,0,0,0,0,0,0,0,0,0,60067,0,44,572,0,1598,0,0,43753,0,21445
436,0,12,0,0,0,0,0,945724,0,0,0,0,54,0,0,0,0,0,0,0,0,0,0,0,0,0,0,0,0,0,0,0,0,0,0,0,0,38,95,0,0,0,0,0
436,0,13,0,0,0,0,0,945724,0,0,0,0,51,0,0,0,0,0,0,0,0,0,0,0,0,0,0,0,0,0,0,0,0,0,178,0,0,0,108,0,0,0,0,0
436,0,14,0,0,0,0,0,945723,0,0,0,0,54,0,0,0,0,0,0,0,0,0,0,0,0,0,0,0,0,0,0,0,0,0,0,0,89,0,64,0,0,0,0,0
436,0,15,0,0,0,0,0,945724,0,0,0,0,51,0,0,0,0,0,0,0,0,0,0,0,0,0,0,0,0,0,0,0,0,0,0,0,29,0,103,0,0,0,0,0
437,0,0,0,0,0,0,0,1891241,0,0,12202,675840,136,0,0,0,0,0,22035,0,0,0,0,0,0,0,0,12202,12202,0,187960,0,590571,675840,0,2434,0,136,284,0,0,0,0,1457314
437,0,1,0,0,0,0,0,945620,22035,0,0,0,9037,0,0,0,0,0,22035,0,0,0,0,0,0,0,0,0,5758,0,95662,0,242568,0,0,1048,917,2718,15889,0,0,101999,0,0
437,0,2,0,0,0,0,0,945620,0,0,0,0,593,24064,0,0,0,0,0,0,0,0,0,0,0,0,0,0,0,0,95465,0,129434,60381,0,2147,906,2674,1207,0,0,92587,0,21223
437,0,3,0,0,0,0,0,945620,0,0,0,0,595,24064,0,0,0,0,0,0,0,0,0,0,0,0,0,0,0,0,93954,0,0,60499,0,1092,309,0,902,0,0,24693,0,21529
437,0,4,0,0,0,0,0,945620,0,0,0,0,620,24064,0,0,0,0,0,0,0,0,0,0,0,0,0,0,0,0,49821,0,0,59937,0,510,0,357,968,593017,0,0,0,20138
437,0,5,0,0,0,0,0,945620,0,0,0,0,859,24064,0,0,0,0,0,0,0,0,0,0,0,0,0,0,0,0,51065,0,0,60644,5768,1094,0,1,1703,0,0,321364,0,19889
437,0,6,0,0,0,0,0,945620,0,0,0,0,947,24064,0,0,0,0,0,0,0,0,0,0,0,0,0,0,0,0,51069,0,0,60264,0,552,1430,1,1416,0,0,163683,0,20261
437,0,7,0,0,0,0,0,945620,0,0,0,0,935,24064,0,0,0,0,0,0,0,0,0,0,0,0,0,0,0,0,51333,0,0,59289,0,1093,508,0,1912,0,0,44810,0,21046
437,0,8,0,0,0,0,0,945620,0,0,0,0,890,24064,0,0,0,0,0,0,0,0,0,0,0,0,0,0,0,0,0,0,0,59479,0,52,0,453,1777,477795,0,0,0,19750
437,0,9,0,0,0,0,0,945620,0,0,0,0,1013,24064,0,0,0,0,0,0,0,0,0,0,0,0,0,0,0,0,0,0,0,60394,3237,40,0,1,1540,0,0,327330,0,19943
437,0,10,0,0,0,0,0,945620,0,0,0,0,1045,24064,0,0,0,0,0,0,0,0,0,0,0,0,0,0,0,0,0,0,0,60353,0,79,1613,2,2131,0,0,163720,0,20890
437,0,11,0,0,0,0,0,945620,0,0,0,0,1048,24064,0,0,0,0,0,0,0,0,0,0,0,0,0,0,0,0,0,0,0,60006,0,45,564,0,1625,0,0,46898,0,21527
437,0,12,0,0,0,0,0,945620,0,0,0,0,46,0,0,0,0,0,0,0,0,0,0,0,0,0,0,0,0,0,0,0,0,0,0,0,0,46,92,0,0,0,0,0
437,0,13,0,0,0,0,0,945620,0,0,0,0,52,0,0,0,0,0,0,0,0,0,0,0,0,0,0,0,0,0,0,0,0,0,159,0,0,0,110,0,0,0,0,0
437,0,14,0,0,0,0,0,945620,0,0,0,0,46,0,0,0,0,0,0,0,0,0,0,0,0,0,0,0,0,0,0,0,0,0,0,0,99,0,65,0,0,0,0,0
437,0,15,0,0,0,0,0,945620,0,0,0,0,53,0,0,0,0,0,0,0,0,0,0,0,0,0,0,0,0,0,0,0,0,0,0,0,27,0,104,0,0,0,0,0
438,0,0,0,0,0,0,0,1891757,0,0,12210,675840,136,0,0,0,0,0,22047,0,0,0,0,0,0,0,0,12210,12210,0,188027,0,590570,675840,0,2430,0,136,284,0,0,0,0,1461751
438,0,1,0,0,0,0,0,945879,22047,0,0,0,9142,0,0,0,0,0,22047,0,0,0,0,0,0,0,0,0,5684,0,95496,0,242614,0,0,1003,890,2693,16014,0,0,93689,0,0
438,0,2,0,0,0,0,0,945879,0,0,0,0,587,24064,0,0,0,0,0,0,0,0,0,0,0,0,0,0,0,0,95497,0,129455,60302,0,2135,908,2708,1213,0,0,85310,0,21213
438,0,3,0,0,0,0,0,945879,0,0,0,0,586,24064,0,0,0,0,0,0,0,0,0,0,0,0,0,0,0,0,94006,0,0,60388,0,1051,322,0,904,0,0,20699,0,21616
438,0,4,0,0,0,0,0,945879,0,0,0,0,629,24064,0,0,0,0,0,0,0,0,0,0,0,0,0,0,0,0,49813,0,0,59977,0,506,0,342,952,605844,0,0,0,20059
438,0,5,0,0,0,0,0,945879,0,0,0,0,848,24064,0,0,0,0,0,0,0,0,0,0,0,0,0,0,0,0,51171,0,0,60602,5754,1114,0,1,1719,0,0,328123,0,19861
438,0,6,0,0,0,0,0,945878,0,0,0,0,960,24064,0,0,0,0,0,0,0,0,0,0,0,0,0,0,0,0,51066,0,0,60243,0,551,1432,2,1444,0,0,168016,0,20289
438,0,7,0,0,0,0,0,945879,0,0,0,0,954,24064,0,0,0,0,0,0,0,0,0,0,0,0,0,0,0,0,51186,0,0,59300,0,1125,484,0,1940,0,0,47609,0,20863
438,0,8,0,0,0,0,0,945879,0,0,0,0,906,24064,0,0,0,0,0,0,0,0,0,0,0,0,0,0,0,0,0,0,0,59471,0,57,0,439,1794,488867,0,0,0,19782
438,0,9,0,0,0,0,0,945879,0,0,0,0,1016,24064,0,0,0,0,0,0,0,0,0,0,0,0,0,0,0,0,0,0,0,60302,3275,41,0,0,1522,0,0,331041,0,20333
438,0,10,0,0,0,0,0,945879,0,0,0,0,1080,24064,0,0,0,0,0,0,0,0,0,0,0,0,0,0,0,0,0,0,0,60328,0,89,1575,2,2163,0,0,164435,0,21111
438,0,11,0,0,0,0,0,945879,0,0,0,0,1039,24064,0,0,0,0,0,0,0,0,0,0,0,0,0,0,0,0,0,0,0,60097,0,45,578,0,1587,0,0,45482,0,21430
438,0,12,0,0,0,0,0,945879,0,0,0,0,56,0,0,0,0,0,0,0,0,0,0,0,0,0,0,0,0,0,0,0,0,0,0,0,0,36,97,0,0,0,0,0
438,0,13,0,0,0,0,0,945879,0,0,0,0,52,0,0,0,0,0,0,0,0,0,0,0,0,0,0,0,0,0,0,0,0,0,183,0,0,0,109,0,0,0,0,0
438,0,14,0,0,0,0,0,945879,0,0,0,0,55,0,0,0,0,0,0,0,0,0,0,0,0,0,0,0,0,0,0,0,0,0,0,0,85,0,64,0,0,0,0,0
438,0,15,0,0,0,0,0,945879,0,0,0,0,48,0,0,0,0,0,0,0,0,0,0,0,0,0,0,0,0,0,0,0,0,0,0,0,32,0,99,0,0,0,0,0
439,0,0,0,0,0,0,0,2423661,0,0,15820,878592,136,0,0,0,0,0,27477,0,0,0,0,0,0,0,0,15820,15820,0,258724,0,725399,878592,0,3643,0,136,284,0,0,0,0,2136597
439,0,1,0,0,0,0,0,1211831,27477,0,0,0,11482,0,0,0,0,0,27477,0,0,0,0,0,0,0,0,0,7572,0,130471,0,276098,0,0,1475,1332,3052,19741,0,0,92628,0,0
439,0,2,0,0,0,0,0,1211831,0,0,0,0,466,24064,0,0,0,0,0,0,0,0,0,0,0,0,0,0,0,0,130988,0,129160,60291,0,3085,753,2453,979,0,0,85453,0,21106
439,0,3,0,0,0,0,0,1211831,0,0,0,0,483,24064,0,0,0,0,0,0,0,0,0,0,0,0,0,0,0,0,93950,0,0,60427,0,1055,254,0,719,0,0,22943,0,21458
439,0,4,0,0,0,0,0,1211831,0,0,0,0,530,24064,0,0,0,0,0,0,0,0,0,0,0,0,0,0,0,0,93676,0,0,59967,0,986,0,285,810,957879,0,0,0,20097
439,0,5,0,0,0,0,0,1211831,0,0,0,0,724,24064,0,0,0,0,0,0,0,0,0,0,0,0,0,0,0,0,95304,0,0,60680,8126,2228,0,1,1468,0,0,331527,0,19729
439,0,6,0,0,0,0,0,1211830,0,0,0,0,798,24064,0,0,0,0,0,0,0,0,0,0,0,0,0,0,0,0,95749,0,0,60292,0,1143,1207,1,1185,0,0,171826,0,20233
439,0,7,0,0,0,0,0,1211831,0,0,0,0,807,24064,0,0,0,0,0,0,0,0,0,0,0,0,0,0,0,0,51092,0,0,59357,0,1153,392,0,1601,0,0,53539,0,20540
439,0,8,0,0,0,0,0,1211831,0,0,0,0,784,24064,0,0,0,0,0,0,0,0,0,0,0,0,0,0,0,0,51288,0,0,59470,0,1037,0,401,1581,855181,0,0,0,19398
439,0,9,0,0,0,0,0,1211831,0,0,0,0,1096,24064,0,0,0,0,0,0,0,0,0,0,0,0,0,0,0,0,51141,0,0,60244,5257,600,0,2,1600,0,0,605128,0,19590
439,0,10,0,0,0,0,0,1211831,0,0,0,0,1122,24064,0,0,0,0,0,0,0,0,0,0,0,0,0,0,0,0,51630,0,0,60223,0,1153,1698,1,2234,0,0,242136,0,20725
439,0,11,0,0,0,0,0,1211831,0,0,0,0,1126,24064,0,0,0,0,0,0,0,0,0,0,0,0,0,0,0,0,0,0,0,60166,0,45,570,0,1728,0,0,83342,0,20638
439,0,12,0,0,0,0,0,1211831,0,0,0,0,1074,24064,0,0,0,0,0,0,0,0,0,0,0,0,0,0,0,0,0,0,0,60227,0,0,0,545,1664,580946,0,0,0,19776
439,0,13,0,0,0,0,0,1211831,0,0,0,0,1116,24064,0,0,0,0,0,0,0,0,0,0,0,0,0,0,0,0,0,0,0,60268,2830,0,0,1,2219,0,0,247727,0,20246
439,0,14,0,0,0,0,0,1211831,0,0,0,0,1140,24064,0,0,0,0,0,0,0,0,0,0,0,0,0,0,0,0,0,0,0,60797,0,0,598,2,1692,0,0,83020,0,20828
439,0,15,0,0,0,0,0,1211831,0,0,0,0,42,0,0,0,0,0,0,0,0,0,0,0,0,0,0,0,0,0,0,0,0,0,0,0,38,0,94,0,0,0,0,0
440,0,0,0,0,0,0,0,2418150,0,0,15752,878592,136,0,0,0,0,0,27375,0,0,0,0,0,0,0,0,15752,15752,0,258574,0,725598,878592,0,3627,0,136,284,0,0,0,0,2042628
440,0,1,0,0,0,0,0,1209075,27375,0,0,0,11457,0,0,0,0,0,27375,0,0,0,0,0,0,0,0,0,7510,0,130469,0,276192,0,0,1472,1312,3032,19748,0,0,92851,0,0
440,0,2,0,0,0,0,0,1209075,0,0,0,0,474,24064,0,0,0,0,0,0,0,0,0,0,0,0,0,0,0,0,131144,0,129173,60332,0,3056,746,2473,982,0,0,85636,0,21068
440,0,3,0,0,0,0,0,1209075,0,0,0,0,486,24064,0,0,0,0,0,0,0,0,0,0,0,0,0,0,0,0,93919,0,0,60475,0,1021,251,0,724,0,0,22436,0,21480
440,0,4,0,0,0,0,0,1209075,0,0,0,0,543,24064,0,0,0,0,0,0,0,0,0,0,0,0,0,0,0,0,93721,0,0,60009,0,977,0,268,818,915473,0,0,0,20165
440,0,5,0,0,0,0,0,1209075,0,0,0,0,730,24064,0,0,0,0,0,0,0,0,0,0,0,0,0,0,0,0,95320,0,0,60663,8033,2221,0,1,1466,0,0,333206,0,19651
440,0,6,0,0,0,0,0,1209074,0,0,0,0,794,24064,0,0,0,0,0,0,0,0,0,0,0,0,0,0,0,0,96010,0,0,60352,0,1152,1182,2,1181,0,0,172103,0,20228
440,0,7,0,0,0,0,0,1209075,0,0,0,0,780,24064,0,0,0,0,0,0,0,0,0,0,0,0,0,0,0,0,51189,0,0,59319,0,1156,416,0,1593,0,0,57006,0,20416
440,0,8,0,0,0,0,0,1209075,0,0,0,0,778,24064,0,0,0,0,0,0,0,0,0,0,0,0,0,0,0,0,51227,0,0,59425,0,1079,0,403,1530,812486,0,0,0,19356
440,0,9,0,0,0,0,0,1209075,0,0,0,0,1053,24064,0,0,0,0,0,0,0,0,0,0,0,0,0,0,0,0,51137,0,0,60269,5320,595,0,2,1553,0,0,582883,0,19532
440,0,10,0,0,0,0,0,1209075,0,0,0,0,1122,24064,0,0,0,0,0,0,0,0,0,0,0,0,0,0,0,0,51685,0,0,60215,0,1122,1697,0,2238,0,0,248895,0,20896
440,0,11,0,0,0,0,0,1209075,0,0,0,0,1133,24064,0,0,0,0,0,0,0,0,0,0,0,0,0,0,0,0,0,0,0,60204,0,46,554,0,1721,0,0,93514,0,20144
440,0,12,0,0,0,0,0,1209075,0,0,0,0,1051,24064,0,0,0,0,0,0,0,0,0,0,0,0,0,0,0,0,0,0,0,60327,0,0,0,560,1591,575733,0,0,0,19487
440,0,13,0,0,0,0,0,1209075,0,0,0,0,1143,24064,0,0,0,0,0,0,0,0,0,0,0,0,0,0,0,0,0,0,0,60339,2753,0,0,0,2243,0,0,238543,0,20487
440,0,14,0,0,0,0,0,1209075,0,0,0,0,1127,24064,0,0,0,0,0,0,0,0,0,0,0,0,0,0,0,0,0,0,0,60861,0,0,608,2,1700,0,0,80212,0,21263
440,0,15,0,0,0,0,0,1209075,0,0,0,0,48,0,0,0,0,0,0,0,0,0,0,0,0,0,0,0,0,0,0,0,0,0,0,0,32,0,99,0,0,0,0,0
441,0,0,0,0,0,0,0,2420615,0,0,15786,878592,136,0,0,0,0,0,27426,0,0,0,0,0,0,0,0,15786,15786,0,258771,0,725575,878592,0,3641,0,136,284,0,0,0,0,2127551
441,0,1,0,0,0,0,0,1210307,27426,0,0,0,11352,0,0,0,0,0,27426,0,0,0,0,0,0,0,0,0,7673,0,130610,0,276182,0,0,1494,1316,3145,19681,0,0,91998,0,0
441,0,2,0,0,0,0,0,1210307,0,0,0,0,499,24064,0,0,0,0,0,0,0,0,0,0,0,0,0,0,0,0,131100,0,129161,60292,0,3014,720,2414,1007,0,0,83660,0,21143
441,0,3,0,0,0,0,0,1210307,0,0,0,0,480,24064,0,0,0,0,0,0,0,0,0,0,0,0,0,0,0,0,93811,0,0,60490,0,1074,258,0,731,0,0,21517,0,21518
441,0,4,0,0,0,0,0,1210307,0,0,0,0,513,24064,0,0,0,0,0,0,0,0,0,0,0,0,0,0,0,0,93751,0,0,59956,0,985,0,300,778,955931,0,0,0,20046
441,0,5,0,0,0,0,0,1210307,0,0,0,0,708,24064,0,0,0,0,0,0,0,0,0,0,0,0,0,0,0,0,95266,0,0,60644,8055,2216,0,1,1435,0,0,343334,0,19670
441,0,6,0,0,0,0,0,1210307,0,0,0,0,780,24064,0,0,0,0,0,0,0,0,0,0,0,0,0,0,0,0,95743,0,0,60359,0,1199,1204,2,1164,0,0,175884,0,20258
441,0,7,0,0,0,0,0,1210307,0,0,0,0,787,24064,0,0,0,0,0,0,0,0,0,0,0,0,0,0,0,0,51163,0,0,59319,0,1139,414,0,1567,0,0,52366,0,20490
441,0,8,0,0,0,0,0,1210307,0,0,0,0,780,24064,0,0,0,0,0,0,0,0,0,0,0,0,0,0,0,0,51269,0,0,59484,0,1048,0,405,1567,855277,0,0,0,19423
441,0,9,0,0,0,0,0,1210307,0,0,0,0,1066,24064,0,0,0,0,0,0,0,0,0,0,0,0,0,0,0,0,51181,0,0,60278,5294,593,0,0,1583,0,0,578066,0,19503
441,0,10,0,0,0,0,0,1210307,0,0,0,0,1122,24064,0,0,0,0,0,0,0,0,0,0,0,0,0,0,0,0,51707,0,0,60265,0,1114,1704,2,2199,0,0,247124,0,19998
441,0,11,0,0,0,0,0,1210307,0,0,0,0,1139,24064,0,0,0,0,0,0,0,0,0,0,0,0,0,0,0,0,0,0,0,60107,0,46,547,0,1743,0,0,90224,0,20852
441,0,12,0,0,0,0,0,1210307,0,0,0,0,1074,24064,0,0,0,0,0,0,0,0,0,0,0,0,0,0,0,0,0,0,0,60283,0,0,0,545,1653,581745,0,0,0,19942
441,0,13,0,0,0,0,0,1210307,0,0,0,0,1107,24064,0,0,0,0,0,0,0,0,0,0,0,0,0,0,0,0,0,0,0,60145,2781,0,0,1,2209,0,0,231064,0,20056
441,0,14,0,0,0,0,0,1210307,0,0,0,0,1091,24064,0,0,0,0,0,0,0,0,0,0,0,0,0,0,0,0,0,0,0,60807,0,0,638,1,1672,0,0,80447,0,21302
441,0,15,0,0,0,0,0,1210307,0,0,0,0,42,0,0,0,0,0,0,0,0,0,0,0,0,0,0,0,0,0,0,0,0,0,0,0,38,0,94,0,0,0,0,0
442,0,0,0,0,0,0,0,1163655,0,0,8112,67584,136,0,0,0,0,0,15846,0,0,0,0,0,0,0,0,8112,8112,0,0,0,87234,67584,0,294,0,136,284,0,0,0,0,293863
442,0,1,0,0,0,0,0,581828,15846,0,0,0,5868,0,0,0,0,0,15846,0,0,0,0,0,0,0,0,0,3012,0,0,0,52108,0,0,84,171,3498,11359,0,0,292775,0,0
442,0,2,0,0,0,0,0,581828,0,0,0,0,4824,292864,0,0,0,0,0,0,0,0,0,0,0,0,0,0,0,0,0,0,0,59698,0,249,3426,282,9680,0,0,0,0,292864
442,0,3,0,0,0,0,0,581828,0,0,0,0,47,0,0,0,0,0,0,0,0,0,0,0,0,0,0,0,0,0,0,0,0,0,0,92,45,0,54,0,0,0,0,0
442,0,4,0,0,0,0,0,581828,0,0,0,0,47,0,0,0,0,0,0,0,0,0,0,0,0,0,0,0,0,0,0,0,0,0,0,87,0,45,62,0,0,0,0,0
442,0,5,0,0,0,0,0,581828,0,0,0,0,47,0,0,0,0,0,0,0,0,0,0,0,0,0,0,0,0,0,0,0,0,0,537,148,0,0,109,0,0,0,0,0
442,0,6,0,0,0,0,0,581829,0,0,0,0,47,0,0,0,0,0,0,0,0,0,0,0,0,0,0,0,0,0,0,0,0,0,0,40,98,0,52,0,0,0,0,0
442,0,7,0,0,0,0,0,581828,0,0,0,0,53,0,0,0,0,0,0,0,0,0,0,0,0,0,0,0,0,0,0,0,0,0,0,104,39,0,140,0,0,0,0,0
442,0,8,0,0,0,0,0,581828,0,0,0,0,50,0,0,0,0,0,0,0,0,0,0,0,0,0,0,0,0,0,0,0,0,0,0,52,0,42,107,0,0,0,0,0
442,0,9,0,0,0,0,0,581828,0,0,0,0,47,0,0,0,0,0,0,0,0,0,0,0,0,0,0,0,0,0,0,0,0,0,365,42,0,0,53,0,0,0,0,0
442,0,10,0,0,0,0,0,581828,0,0,0,0,53,0,0,0,0,0,0,0,0,0,0,0,0,0,0,0,0,0,0,0,0,0,0,91,92,0,118,0,0,0,0,0
442,0,11,0,0,0,0,0,581828,0,0,0,0,53,0,0,0,0,0,0,0,0,0,0,0,0,0,0,0,0,0,0,0,0,0,0,40,39,0,94,0,0,0,0,0
442,0,12,0,0,0,0,0,581828,0,0,0,0,47,0,0,0,0,0,0,0,0,0,0,0,0,0,0,0,0,0,0,0,0,0,0,0,0,45,93,0,0,0,0,0
442,0,13,0,0,0,0,0,581828,0,0,0,0,53,0,0,0,0,0,0,0,0,0,0,0,0,0,0,0,0,0,0,0,0,0,178,0,0,0,109,0,0,0,0,0
442,0,14,0,0,0,0,0,581827,0,0,0,0,53,0,0,0,0,0,0,0,0,0,0,0,0,0,0,0,0,0,0,0,0,0,0,0,80,0,60,0,0,0,0,0
442,0,15,0,0,0,0,0,581828,0,0,0,0,41,0,0,0,0,0,0,0,0,0,0,0,0,0,0,0,0,0,0,0,0,0,0,0,39,0,88,0,0,0,0,0
443,0,0,0,0,0,0,0,1164751,0,0,8126,67584,136,0,0,0,0,0,15867,0,0,0,0,0,0,0,0,8126,8126,0,0,0,87297,67584,0,294,0,136,284,0,0,0,0,293749
443,0,1,0,0,0,0,0,582376,15867,0,0,0,5844,0,0,0,0,0,15867,0,0,0,0,0,0,0,0,0,3030,0,0,0,52146,0,0,76,172,3543,11327,0,0,292790,0,0
443,0,2,0,0,0,0,0,582376,0,0,0,0,4805,292864,0,0,0,0,0,0,0,0,0,0,0,0,0,0,0,0,0,0,0,59726,0,255,3459,267,9639,0,0,0,0,292864
443,0,3,0,0,0,0,0,582376,0,0,0,0,47,0,0,0,0,0,0,0,0,0,0,0,0,0,0,0,0,0,0,0,0,0,0,100,45,0,61,0,0,0,0,0
443,0,4,0,0,0,0,0,582376,0,0,0,0,47,0,0,0,0,0,0,0,0,0,0,0,0,0,0,0,0,0,0,0,0,0,0,87,0,45,70,0,0,0,0,0
443,0,5,0,0,0,0,0,582376,0,0,0,0,47,0,0,0,0,0,0,0,0,0,0,0,0,0,0,0,0,0,0,0,0,0,526,148,0,0,117,0,0,0,0,0
443,0,6,0,0,0,0,0,582376,0,0,0,0,47,0,0,0,0,0,0,0,0,0,0,0,0,0,0,0,0,0,0,0,0,0,0,34,98,0,52,0,0,0,0,0
443,0,7,0,0,0,0,0,582376,0,0,0,0,53,0,0,0,0,0,0,0,0,0,0,0,0,0,0,0,0,0,0,0,0,0,0,104,39,0,132,0,0,0,0,0
443,0,8,0,0,0,0,0,582376,0,0,0,0,50,0,0,0,0,0,0,0,0,0,0,0,0,0,0,0,0,0,0,0,0,0,0,52,0,42,107,0,0,0,0,0
443,0,9,0,0,0,0,0,582376,0,0,0,0,47,0,0,0,0,0,0,0,0,0,0,0,0,0,0,0,0,0,0,0,0,0,376,42,0,0,53,0,0,0,0,0
443,0,10,0,0,0,0,0,582376,0,0,0,0,53,0,0,0,0,0,0,0,0,0,0,0,0,0,0,0,0,0,0,0,0,0,0,89,92,0,126,0,0,0,0,0
443,0,11,0,0,0,0,0,582376,0,0,0,0,53,0,0,0,0,0,0,0,0,0,0,0,0,0,0,0,0,0,0,0,0,0,0,40,39,0,94,0,0,0,0,0
443,0,12,0,0,0,0,0,582376,0,0,0,0,47,0,0,0,0,0,0,0,0,0,0,0,0,0,0,0,0,0,0,0,0,0,0,0,0,45,93,0,0,0,0,0
443,0,13,0,0,0,0,0,582376,0,0,0,0,53,0,0,0,0,0,0,0,0,0,0,0,0,0,0,0,0,0,0,0,0,0,167,0,0,0,109,0,0,0,0,0
443,0,14,0,0,0,0,0,582376,0,0,0,0,53,0,0,0,0,0,0,0,0,0,0,0,0,0,0,0,0,0,0,0,0,0,0,0,91,0,62,0,0,0,0,0
443,0,15,0,0,0,0,0,582376,0,0,0,0,52,0,0,0,0,0,0,0,0,0,0,0,0,0,0,0,0,0,0,0,0,0,0,0,28,0,99,0,0,0,0,0
444,0,0,0,0,0,0,0,1163973,0,0,8118,67584,136,0,0,0,0,0,15855,0,0,0,0,0,0,0,0,8118,8118,0,0,0,87236,67584,0,294,0,136,284,0,0,0,0,293769
444,0,1,0,0,0,0,0,581987,15855,0,0,0,5874,0,0,0,0,0,15855,0,0,0,0,0,0,0,0,0,3002,0,0,0,52088,0,0,84,171,3498,11371,0,0,292784,0,0
444,0,2,0,0,0,0,0,581987,0,0,0,0,4829,292864,0,0,0,0,0,0,0,0,0,0,0,0,0,0,0,0,0,0,0,59720,0,249,3426,283,9691,0,0,0,0,292864
444,0,3,0,0,0,0,0,581987,0,0,0,0,47,0,0,0,0,0,0,0,0,0,0,0,0,0,0,0,0,0,0,0,0,0,0,91,45,0,54,0,0,0,0,0
444,0,4,0,0,0,0,0,581987,0,0,0,0,47,0,0,0,0,0,0,0,0,0,0,0,0,0,0,0,0,0,0,0,0,0,0,87,0,45,62,0,0,0,0,0
444,0,5,0,0,0,0,0,581987,0,0,0,0,47,0,0,0,0,0,0,0,0,0,0,0,0,0,0,0,0,0,0,0,0,0,537,148,0,0,109,0,0,0,0,0
444,0,6,0,0,0,0,0,581988,0,0,0,0,47,0,0,0,0,0,0,0,0,0,0,0,0,0,0,0,0,0,0,0,0,0,0,40,98,0,52,0,0,0,0,0
444,0,7,0,0,0,0,0,581987,0,0,0,0,53,0,0,0,0,0,0,0,0,0,0,0,0,0,0,0,0,0,0,0,0,0,0,105,39,0,140,0,0,0,0,0
444,0,8,0,0,0,0,0,581987,0,0,0,0,50,0,0,0,0,0,0,0,0,0,0,0,0,0,0,0,0,0,0,0,0,0,0,52,0,42,107,0,0,0,0,0
444,0,9,0,0,0,0,0,581987,0,0,0,0,47,0,0,0,0,0,0,0,0,0,0,0,0,0,0,0,0,0,0,0,0,0,365,42,0,0,53,0,0,0,0,0
444,0,10,0,0,0,0,0,581987,0,0,0,0,53,0,0,0,0,0,0,0,0,0,0,0,0,0,0,0,0,0,0,0,0,0,0,91,92,0,118,0,0,0,0,0
444,0,11,0,0,0,0,0,581987,0,0,0,0,53,0,0,0,0,0,0,0,0,0,0,0,0,0,0,0,0,0,0,0,0,0,0,39,39,0,94,0,0,0,0,0
444,0,12,0,0,0,0,0,581987,0,0,0,0,47,0,0,0,0,0,0,0,0,0,0,0,0,0,0,0,0,0,0,0,0,0,0,0,0,45,93,0,0,0,0,0
444,0,13,0,0,0,0,0,581987,0,0,0,0,53,0,0,0,0,0,0,0,0,0,0,0,0,0,0,0,0,0,0,0,0,0,178,0,0,0,109,0,0,0,0,0
444,0,14,0,0,0,0,0,581987,0,0,0,0,53,0,0,0,0,0,0,0,0,0,0,0,0,0,0,0,0,0,0,0,0,0,0,0,80,0,60,0,0,0,0,0
444,0,15,0,0,0,0,0,581987,0,0,0,0,41,0,0,0,0,0,0,0,0,0,0,0,0,0,0,0,0,0,0,0,0,0,0,0,39,0,89,0,0,0,0,0
445,0,0,0,0,0,0,0,1265956,0,0,8196,135168,136,0,0,0,0,0,15978,0,0,0,0,0,0,0,0,8196,8196,0,0,0,155881,135168,0,294,0,136,284,0,0,0,0,763838
445,0,1,0,0,0,0,0,632978,15978,0,0,0,5846,0,0,0,0,0,15978,0,0,0,0,0,0,0,0,0,3994,0,0,0,94127,0,0,76,171,3613,10597,0,0,290427,0,0
445,0,2,0,0,0,0,0,632978,0,0,0,0,3041,292864,0,0,0,0,0,0,0,0,0,0,0,0,0,0,0,0,0,0,51300,59514,0,255,4259,2527,5617,0,0,293027,0,269198
445,0,3,0,0,0,0,0,632978,0,0,0,0,3113,292864,0,0,0,0,0,0,0,0,0,0,0,0,0,0,0,0,0,0,0,59373,0,99,1076,0,4967,0,0,27120,0,277404
445,0,4,0,0,0,0,0,632978,0,0,0,0,47,0,0,0,0,0,0,0,0,0,0,0,0,0,0,0,0,0,0,0,0,0,0,87,0,45,69,0,0,0,0,0
445,0,5,0,0,0,0,0,632978,0,0,0,0,47,0,0,0,0,0,0,0,0,0,0,0,0,0,0,0,0,0,0,0,0,0,526,148,0,0,117,0,0,0,0,0
445,0,6,0,0,0,0,0,632979,0,0,0,0,47,0,0,0,0,0,0,0,0,0,0,0,0,0,0,0,0,0,0,0,0,0,0,34,98,0,52,0,0,0,0,0
445,0,7,0,0,0,0,0,632978,0,0,0,0,53,0,0,0,0,0,0,0,0,0,0,0,0,0,0,0,0,0,0,0,0,0,0,106,39,0,132,0,0,0,0,0
445,0,8,0,0,0,0,0,632978,0,0,0,0,50,0,0,0,0,0,0,0,0,0,0,0,0,0,0,0,0,0,0,0,0,0,0,52,0,42,107,0,0,0,0,0
445,0,9,0,0,0,0,0,632978,0,0,0,0,47,0,0,0,0,0,0,0,0,0,0,0,0,0,0,0,0,0,0,0,0,0,376,42,0,0,53,0,0,0,0,0
445,0,10,0,0,0,0,0,632978,0,0,0,0,53,0,0,0,0,0,0,0,0,0,0,0,0,0,0,0,0,0,0,0,0,0,0,89,92,0,126,0,0,0,0,0
445,0,11,0,0,0,0,0,632978,0,0,0,0,53,0,0,0,0,0,0,0,0,0,0,0,0,0,0,0,0,0,0,0,0,0,0,39,39,0,94,0,0,0,0,0
445,0,12,0,0,0,0,0,632978,0,0,0,0,47,0,0,0,0,0,0,0,0,0,0,0,0,0,0,0,0,0,0,0,0,0,0,0,0,45,93,0,0,0,0,0
445,0,13,0,0,0,0,0,632978,0,0,0,0,53,0,0,0,0,0,0,0,0,0,0,0,0,0,0,0,0,0,0,0,0,0,167,0,0,0,109,0,0,0,0,0
445,0,14,0,0,0,0,0,632977,0,0,0,0,53,0,0,0,0,0,0,0,0,0,0,0,0,0,0,0,0,0,0,0,0,0,0,0,91,0,62,0,0,0,0,0
445,0,15,0,0,0,0,0,632978,0,0,0,0,52,0,0,0,0,0,0,0,0,0,0,0,0,0,0,0,0,0,0,0,0,0,0,0,28,0,101,0,0,0,0,0
446,0,0,0,0,0,0,0,1266010,0,0,8196,135168,136,0,0,0,0,0,15978,0,0,0,0,0,0,0,0,8196,8196,0,0,0,155869,135168,0,294,0,136,284,0,0,0,0,763769
446,0,1,0,0,0,0,0,633005,15978,0,0,0,5838,0,0,0,0,0,15978,0,0,0,0,0,0,0,0,0,4025,0,0,0,94117,0,0,78,167,3623,10585,0,0,290437,0,0
446,0,2,0,0,0,0,0,633005,0,0,0,0,3027,292864,0,0,0,0,0,0,0,0,0,0,0,0,0,0,0,0,0,0,51299,59502,0,249,4264,2527,5598,0,0,293046,0,269194
446,0,3,0,0,0,0,0,633005,0,0,0,0,3102,292864,0,0,0,0,0,0,0,0,0,0,0,0,0,0,0,0,0,0,0,59373,0,99,1086,0,4957,0,0,27118,0,277407
446,0,4,0,0,0,0,0,633005,0,0,0,0,47,0,0,0,0,0,0,0,0,0,0,0,0,0,0,0,0,0,0,0,0,0,0,87,0,45,68,0,0,0,0,0
446,0,5,0,0,0,0,0,633005,0,0,0,0,47,0,0,0,0,0,0,0,0,0,0,0,0,0,0,0,0,0,0,0,0,0,525,148,0,0,115,0,0,0,0,0
446,0,6,0,0,0,0,0,633005,0,0,0,0,47,0,0,0,0,0,0,0,0,0,0,0,0,0,0,0,0,0,0,0,0,0,0,40,98,0,52,0,0,0,0,0
446,0,7,0,0,0,0,0,633005,0,0,0,0,53,0,0,0,0,0,0,0,0,0,0,0,0,0,0,0,0,0,0,0,0,0,0,104,39,0,134,0,0,0,0,0
446,0,8,0,0,0,0,0,633005,0,0,0,0,50,0,0,0,0,0,0,0,0,0,0,0,0,0,0,0,0,0,0,0,0,0,0,52,0,42,107,0,0,0,0,0
446,0,9,0,0,0,0,0,633005,0,0,0,0,47,0,0,0,0,0,0,0,0,0,0,0,0,0,0,0,0,0,0,0,0,0,377,42,0,0,53,0,0,0,0,0
446,0,10,0,0,0,0,0,633005,0,0,0,0,53,0,0,0,0,0,0,0,0,0,0,0,0,0,0,0,0,0,0,0,0,0,0,85,92,0,124,0,0,0,0,0
446,0,11,0,0,0,0,0,633005,0,0,0,0,53,0,0,0,0,0,0,0,0,0,0,0,0,0,0,0,0,0,0,0,0,0,0,41,39,0,94,0,0,0,0,0
446,0,12,0,0,0,0,0,633005,0,0,0,0,47,0,0,0,0,0,0,0,0,0,0,0,0,0,0,0,0,0,0,0,0,0,0,0,0,45,93,0,0,0,0,0
446,0,13,0,0,0,0,0,633005,0,0,0,0,53,0,0,0,0,0,0,0,0,0,0,0,0,0,0,0,0,0,0,0,0,0,166,0,0,0,109,0,0,0,0,0
446,0,14,0,0,0,0,0,633005,0,0,0,0,53,0,0,0,0,0,0,0,0,0,0,0,0,0,0,0,0,0,0,0,0,0,0,0,92,0,66,0,0,0,0,0
446,0,15,0,0,0,0,0,633005,0,0,0,0,53,0,0,0,0,0,0,0,0,0,0,0,0,0,0,0,0,0,0,0,0,0,0,0,27,0,100,0,0,0,0,0
447,0,0,0,0,0,0,0,1265948,0,0,8196,135168,136,0,0,0,0,0,15975,0,0,0,0,0,0,0,0,8196,8196,0,0,0,155883,135168,0,294,0,136,284,0,0,0,0,763737
447,0,1,0,0,0,0,0,632974,15975,0,0,0,5846,0,0,0,0,0,15975,0,0,0,0,0,0,0,0,0,4004,0,0,0,94125,0,0,80,166,3614,10595,0,0,290452,0,0
447,0,2,0,0,0,0,0,632974,0,0,0,0,3032,292864,0,0,0,0,0,0,0,0,0,0,0,0,0,0,0,0,0,0,51294,59514,0,249,4262,2527,5612,0,0,293032,0,269206
447,0,3,0,0,0,0,0,632974,0,0,0,0,3106,292864,0,0,0,0,0,0,0,0,0,0,0,0,0,0,0,0,0,0,0,59372,0,96,1083,0,4963,0,0,27117,0,277411
447,0,4,0,0,0,0,0,632974,0,0,0,0,47,0,0,0,0,0,0,0,0,0,0,0,0,0,0,0,0,0,0,0,0,0,0,87,0,45,65,0,0,0,0,0
447,0,5,0,0,0,0,0,632974,0,0,0,0,47,0,0,0,0,0,0,0,0,0,0,0,0,0,0,0,0,0,0,0,0,0,525,148,0,0,113,0,0,0,0,0
447,0,6,0,0,0,0,0,632975,0,0,0,0,47,0,0,0,0,0,0,0,0,0,0,0,0,0,0,0,0,0,0,0,0,0,0,40,98,0,52,0,0,0,0,0
447,0,7,0,0,0,0,0,632974,0,0,0,0,53,0,0,0,0,0,0,0,0,0,0,0,0,0,0,0,0,0,0,0,0,0,0,105,39,0,136,0,0,0,0,0
447,0,8,0,0,0,0,0,632974,0,0,0,0,50,0,0,0,0,0,0,0,0,0,0,0,0,0,0,0,0,0,0,0,0,0,0,52,0,42,107,0,0,0,0,0
447,0,9,0,0,0,0,0,632974,0,0,0,0,47,0,0,0,0,0,0,0,0,0,0,0,0,0,0,0,0,0,0,0,0,0,377,42,0,0,53,0,0,0,0,0
447,0,10,0,0,0,0,0,632974,0,0,0,0,53,0,0,0,0,0,0,0,0,0,0,0,0,0,0,0,0,0,0,0,0,0,0,87,92,0,122,0,0,0,0,0
447,0,11,0,0,0,0,0,632974,0,0,0,0,53,0,0,0,0,0,0,0,0,0,0,0,0,0,0,0,0,0,0,0,0,0,0,40,39,0,94,0,0,0,0,0
447,0,12,0,0,0,0,0,632974,0,0,0,0,47,0,0,0,0,0,0,0,0,0,0,0,0,0,0,0,0,0,0,0,0,0,0,0,0,45,93,0,0,0,0,0
447,0,13,0,0,0,0,0,632974,0,0,0,0,53,0,0,0,0,0,0,0,0,0,0,0,0,0,0,0,0,0,0,0,0,0,166,0,0,0,109,0,0,0,0,0
447,0,14,0,0,0,0,0,632974,0,0,0,0,53,0,0,0,0,0,0,0,0,0,0,0,0,0,0,0,0,0,0,0,0,0,0,0,92,0,64,0,0,0,0,0
447,0,15,0,0,0,0,0,632974,0,0,0,0,53,0,0,0,0,0,0,0,0,0,0,0,0,0,0,0,0,0,0,0,0,0,0,0,27,0,101,0,0,0,0,0
448,0,0,0,0,0,0,0,2225087,0,0,15558,270336,136,0,0,0,0,0,27030,0,0,0,0,0,0,0,0,15558,15558,0,103217,0,245033,270336,0,4187,0,136,284,0,0,0,0,1943804
448,0,1,0,0,0,0,0,1112543,27030,0,0,0,11388,0,0,0,0,0,27030,0,0,0,0,0,0,0,0,0,6970,0,51724,0,94796,0,0,1305,1405,2972,19892,0,0,807005,0,0
448,0,2,0,0,0,0,0,1112543,0,0,0,0,2645,292864,0,0,0,0,0,0,0,0,0,0,0,0,0,0,0,0,0,0,51137,60433,0,249,4004,2854,5116,0,0,746178,0,241975
448,0,3,0,0,0,0,0,1112543,0,0,0,0,2673,292864,0,0,0,0,0,0,0,0,0,0,0,0,0,0,0,0,0,0,0,60321,0,95,1304,0,3992,0,0,337936,0,234023
448,0,4,0,0,0,0,0,1112543,0,0,0,0,2683,292864,0,0,0,0,0,0,0,0,0,0,0,0,0,0,0,0,0,0,0,60075,0,87,0,1300,3939,673288,0,0,0,238029
448,0,5,0,0,0,0,0,1112543,0,0,0,0,2717,292864,0,0,0,0,0,0,0,0,0,0,0,0,0,0,0,0,0,0,0,60431,4386,148,0,0,5453,0,0,348492,0,239392
448,0,6,0,0,0,0,0,1112544,0,0,0,0,47,0,0,0,0,0,0,0,0,0,0,0,0,0,0,0,0,0,0,0,0,0,0,40,98,2,52,0,0,0,0,0
448,0,7,0,0,0,0,0,1112543,0,0,0,0,53,0,0,0,0,0,0,0,0,0,0,0,0,0,0,0,0,0,0,0,0,0,0,105,39,0,137,0,0,0,0,0
448,0,8,0,0,0,0,0,1112543,0,0,0,0,50,0,0,0,0,0,0,0,0,0,0,0,0,0,0,0,0,0,0,0,0,0,0,52,0,42,107,0,0,0,0,0
448,0,9,0,0,0,0,0,1112543,0,0,0,0,47,0,0,0,0,0,0,0,0,0,0,0,0,0,0,0,0,0,0,0,0,0,375,42,0,0,53,0,0,0,0,0
448,0,10,0,0,0,0,0,1112543,0,0,0,0,53,0,0,0,0,0,0,0,0,0,0,0,0,0,0,0,0,0,0,0,0,0,0,88,92,0,121,0,0,0,0,0
448,0,11,0,0,0,0,0,1112543,0,0,0,0,53,0,0,0,0,0,0,0,0,0,0,0,0,0,0,0,0,0,0,0,0,0,0,42,39,0,94,0,0,0,0,0
448,0,12,0,0,0,0,0,1112543,0,0,0,0,47,0,0,0,0,0,0,0,0,0,0,0,0,0,0,0,0,0,0,0,0,0,0,0,0,45,93,0,0,0,0,0
448,0,13,0,0,0,0,0,1112543,0,0,0,0,53,0,0,0,0,0,0,0,0,0,0,0,0,0,0,0,0,0,0,0,0,0,168,0,0,0,109,0,0,0,0,0
448,0,14,0,0,0,0,0,1112542,0,0,0,0,53,0,0,0,0,0,0,0,0,0,0,0,0,0,0,0,0,0,0,0,0,0,0,0,90,0,63,0,0,0,0,0
448,0,15,0,0,0,0,0,1112543,0,0,0,0,51,0,0,0,0,0,0,0,0,0,0,0,0,0,0,0,0,0,0,0,0,0,0,0,29,0,99,0,0,0,0,0
449,0,0,0,0,0,0,0,2226791,0,0,15600,270336,136,0,0,0,0,0,27096,0,0,0,0,0,0,0,0,15600,15600,0,103198,0,244951,270336,0,4195,0,136,284,0,0,0,0,1947384
449,0,1,0,0,0,0,0,1113396,27096,0,0,0,11491,0,0,0,0,0,27096,0,0,0,0,0,0,0,0,0,6910,0,51786,0,94868,0,0,1357,1388,2876,20014,0,0,817579,0,0
449,0,2,0,0,0,0,0,1113396,0,0,0,0,2687,292864,0,0,0,0,0,0,0,0,0,0,0,0,0,0,0,0,0,0,51006,60440,0,249,4020,2933,5203,0,0,760290,0,242789
449,0,3,0,0,0,0,0,1113396,0,0,0,0,2717,292864,0,0,0,0,0,0,0,0,0,0,0,0,0,0,0,0,0,0,0,60379,0,95,1274,0,3971,0,0,355647,0,232913
449,0,4,0,0,0,0,0,1113396,0,0,0,0,2667,292864,0,0,0,0,0,0,0,0,0,0,0,0,0,0,0,0,0,0,0,60028,0,87,0,1324,3907,676339,0,0,0,237766
449,0,5,0,0,0,0,0,1113396,0,0,0,0,2698,292864,0,0,0,0,0,0,0,0,0,0,0,0,0,0,0,0,0,0,0,60399,4393,148,0,2,5388,0,0,346903,0,239578
449,0,6,0,0,0,0,0,1113396,0,0,0,0,47,0,0,0,0,0,0,0,0,0,0,0,0,0,0,0,0,0,0,0,0,0,0,40,98,0,52,0,0,0,0,0
449,0,7,0,0,0,0,0,1113396,0,0,0,0,53,0,0,0,0,0,0,0,0,0,0,0,0,0,0,0,0,0,0,0,0,0,0,107,39,0,137,0,0,0,0,0
449,0,8,0,0,0,0,0,1113396,0,0,0,0,50,0,0,0,0,0,0,0,0,0,0,0,0,0,0,0,0,0,0,0,0,0,0,52,0,42,107,0,0,0,0,0
449,0,9,0,0,0,0,0,1113396,0,0,0,0,47,0,0,0,0,0,0,0,0,0,0,0,0,0,0,0,0,0,0,0,0,0,375,42,0,0,53,0,0,0,0,0
449,0,10,0,0,0,0,0,1113396,0,0,0,0,53,0,0,0,0,0,0,0,0,0,0,0,0,0,0,0,0,0,0,0,0,0,0,88,92,0,121,0,0,0,0,0
449,0,11,0,0,0,0,0,1113396,0,0,0,0,53,0,0,0,0,0,0,0,0,0,0,0,0,0,0,0,0,0,0,0,0,0,0,40,39,0,94,0,0,0,0,0
449,0,12,0,0,0,0,0,1113396,0,0,0,0,47,0,0,0,0,0,0,0,0,0,0,0,0,0,0,0,0,0,0,0,0,0,0,0,0,45,93,0,0,0,0,0
449,0,13,0,0,0,0,0,1113396,0,0,0,0,53,0,0,0,0,0,0,0,0,0,0,0,0,0,0,0,0,0,0,0,0,0,168,0,0,0,109,0,0,0,0,0
449,0,14,0,0,0,0,0,1113396,0,0,0,0,53,0,0,0,0,0,0,0,0,0,0,0,0,0,0,0,0,0,0,0,0,0,0,0,90,0,63,0,0,0,0,0
449,0,15,0,0,0,0,0,1113396,0,0,0,0,51,0,0,0,0,0,0,0,0,0,0,0,0,0,0,0,0,0,0,0,0,0,0,0,29,0,101,0,0,0,0,0
450,0,0,0,0,0,0,0,2226666,0,0,15600,270336,136,0,0,0,0,0,27096,0,0,0,0,0,0,0,0,15600,15600,0,103258,0,244792,270336,0,4195,0,136,284,0,0,0,0,1948192
450,0,1,0,0,0,0,0,1113333,27096,0,0,0,11543,0,0,0,0,0,27096,0,0,0,0,0,0,0,0,0,6976,0,51702,0,94739,0,0,1313,1392,2864,20032,0,0,803836,0,0
450,0,2,0,0,0,0,0,1113333,0,0,0,0,2641,292864,0,0,0,0,0,0,0,0,0,0,0,0,0,0,0,0,0,0,51060,60440,0,249,4053,2939,5163,0,0,752739,0,243037
450,0,3,0,0,0,0,0,1113333,0,0,0,0,2703,292864,0,0,0,0,0,0,0,0,0,0,0,0,0,0,0,0,0,0,0,60365,0,96,1287,0,3951,0,0,352025,0,233614
450,0,4,0,0,0,0,0,1113333,0,0,0,0,2676,292864,0,0,0,0,0,0,0,0,0,0,0,0,0,0,0,0,0,0,0,60059,0,87,0,1315,3920,679741,0,0,0,237787
450,0,5,0,0,0,0,0,1113333,0,0,0,0,2708,292864,0,0,0,0,0,0,0,0,0,0,0,0,0,0,0,0,0,0,0,60439,4394,148,0,0,5442,0,0,354190,0,239540
450,0,6,0,0,0,0,0,1113334,0,0,0,0,47,0,0,0,0,0,0,0,0,0,0,0,0,0,0,0,0,0,0,0,0,0,0,40,98,2,52,0,0,0,0,0
450,0,7,0,0,0,0,0,1113333,0,0,0,0,53,0,0,0,0,0,0,0,0,0,0,0,0,0,0,0,0,0,0,0,0,0,0,104,39,0,137,0,0,0,0,0
450,0,8,0,0,0,0,0,1113333,0,0,0,0,50,0,0,0,0,0,0,0,0,0,0,0,0,0,0,0,0,0,0,0,0,0,0,52,0,42,107,0,0,0,0,0
450,0,9,0,0,0,0,0,1113333,0,0,0,0,47,0,0,0,0,0,0,0,0,0,0,0,0,0,0,0,0,0,0,0,0,0,375,42,0,0,53,0,0,0,0,0
450,0,10,0,0,0,0,0,1113333,0,0,0,0,53,0,0,0,0,0,0,0,0,0,0,0,0,0,0,0,0,0,0,0,0,0,0,88,92,0,121,0,0,0,0,0
450,0,11,0,0,0,0,0,1113333,0,0,0,0,53,0,0,0,0,0,0,0,0,0,0,0,0,0,0,0,0,0,0,0,0,0,0,43,39,0,94,0,0,0,0,0
450,0,12,0,0,0,0,0,1113333,0,0,0,0,47,0,0,0,0,0,0,0,0,0,0,0,0,0,0,0,0,0,0,0,0,0,0,0,0,45,93,0,0,0,0,0
450,0,13,0,0,0,0,0,1113333,0,0,0,0,53,0,0,0,0,0,0,0,0,0,0,0,0,0,0,0,0,0,0,0,0,0,168,0,0,0,109,0,0,0,0,0
450,0,14,0,0,0,0,0,1113333,0,0,0,0,53,0,0,0,0,0,0,0,0,0,0,0,0,0,0,0,0,0,0,0,0,0,0,0,90,0,63,0,0,0,0,0
450,0,15,0,0,0,0,0,1113333,0,0,0,0,51,0,0,0,0,0,0,0,0,0,0,0,0,0,0,0,0,0,0,0,0,0,0,0,29,0,98,0,0,0,0,0
451,0,0,0,0,0,0,0,3386219,0,0,23004,405504,136,0,0,0,0,0,38214,0,0,0,0,0,0,0,0,23004,23004,0,103104,0,383458,405504,0,3055,0,136,284,0,0,0,0,2818154
451,0,1,0,0,0,0,0,1693110,38214,0,0,0,16278,0,0,0,0,0,38214,0,0,0,0,0,0,0,0,0,10448,0,51390,0,172439,0,0,1433,1059,5748,28638,0,0,804012,0,0
451,0,2,0,0,0,0,0,1693110,0,0,0,0,1794,292864,0,0,0,0,0,0,0,0,0,0,0,0,0,0,0,0,51293,0,94326,60387,0,3789,2729,5672,3558,0,0,727050,0,237398
451,0,3,0,0,0,0,0,1693110,0,0,0,0,1810,292864,0,0,0,0,0,0,0,0,0,0,0,0,0,0,0,0,49962,0,0,60338,0,1903,905,0,2716,0,0,306798,0,235221
451,0,4,0,0,0,0,0,1693110,0,0,0,0,1894,292864,0,0,0,0,0,0,0,0,0,0,0,0,0,0,0,0,0,0,0,60113,0,87,0,957,2806,1183957,0,0,0,238777
451,0,5,0,0,0,0,0,1693110,0,0,0,0,2718,292864,0,0,0,0,0,0,0,0,0,0,0,0,0,0,0,0,0,0,0,60597,9247,150,0,1,5478,0,0,1326542,0,240187
451,0,6,0,0,0,0,0,1693109,0,0,0,0,3704,292864,0,0,0,0,0,0,0,0,0,0,0,0,0,0,0,0,0,0,0,60110,0,39,5541,1,5645,0,0,1290914,0,245440
451,0,7,0,0,0,0,0,1693110,0,0,0,0,3681,292864,0,0,0,0,0,0,0,0,0,0,0,0,0,0,0,0,0,0,0,59616,0,111,1884,0,7428,0,0,540898,0,242818
451,0,8,0,0,0,0,0,1693110,0,0,0,0,51,0,0,0,0,0,0,0,0,0,0,0,0,0,0,0,0,0,0,0,0,0,0,52,0,41,108,0,0,0,0,0
451,0,9,0,0,0,0,0,1693110,0,0,0,0,48,0,0,0,0,0,0,0,0,0,0,0,0,0,0,0,0,0,0,0,0,0,378,41,0,0,53,0,0,0,0,0
451,0,10,0,0,0,0,0,1693110,0,0,0,0,52,0,0,0,0,0,0,0,0,0,0,0,0,0,0,0,0,0,0,0,0,0,0,86,92,0,123,0,0,0,0,0
451,0,11,0,0,0,0,0,1693110,0,0,0,0,52,0,0,0,0,0,0,0,0,0,0,0,0,0,0,0,0,0,0,0,0,0,0,38,40,0,93,0,0,0,0,0
451,0,12,0,0,0,0,0,1693110,0,0,0,0,46,0,0,0,0,0,0,0,0,0,0,0,0,0,0,0,0,0,0,0,0,0,0,0,0,46,92,0,0,0,0,0
451,0,13,0,0,0,0,0,1693110,0,0,0,0,53,0,0,0,0,0,0,0,0,0,0,0,0,0,0,0,0,0,0,0,0,0,165,0,0,0,110,0,0,0,0,0
451,0,14,0,0,0,0,0,1693109,0,0,0,0,52,0,0,0,0,0,0,0,0,0,0,0,0,0,0,0,0,0,0,0,0,0,0,0,92,0,64,0,0,0,0,0
451,0,15,0,0,0,0,0,1693110,0,0,0,0,52,0,0,0,0,0,0,0,0,0,0,0,0,0,0,0,0,0,0,0,0,0,0,0,28,0,106,0,0,0,0,0
452,0,0,0,0,0,0,0,3384520,0,0,22982,405504,136,0,0,0,0,0,38181,0,0,0,0,0,0,0,0,22982,22982,0,103120,0,383617,405504,0,3055,0,136,284,0,0,0,0,2811539
452,0,1,0,0,0,0,0,1692260,38181,0,0,0,16384,0,0,0,0,0,38181,0,0,0,0,0,0,0,0,0,10716,0,51442,0,172655,0,0,1420,1076,5616,28846,0,0,801085,0,0
452,0,2,0,0,0,0,0,1692260,0,0,0,0,1812,292864,0,0,0,0,0,0,0,0,0,0,0,0,0,0,0,0,51243,0,94388,60416,0,3963,2685,5594,3603,0,0,722022,0,237268
452,0,3,0,0,0,0,0,1692260,0,0,0,0,1785,292864,0,0,0,0,0,0,0,0,0,0,0,0,0,0,0,0,50016,0,0,60389,0,1985,928,0,2683,0,0,304836,0,235152
452,0,4,0,0,0,0,0,1692260,0,0,0,0,1885,292864,0,0,0,0,0,0,0,0,0,0,0,0,0,0,0,0,0,0,0,60097,0,87,0,966,2814,1199959,0,0,0,238502
452,0,5,0,0,0,0,0,1692260,0,0,0,0,2717,292864,0,0,0,0,0,0,0,0,0,0,0,0,0,0,0,0,0,0,0,60562,9167,149,0,0,5477,0,0,1308709,0,239903
452,0,6,0,0,0,0,0,1692260,0,0,0,0,3702,292864,0,0,0,0,0,0,0,0,0,0,0,0,0,0,0,0,0,0,0,60219,0,40,5593,2,5466,0,0,1313588,0,242316
452,0,7,0,0,0,0,0,1692260,0,0,0,0,3733,292864,0,0,0,0,0,0,0,0,0,0,0,0,0,0,0,0,0,0,0,59572,0,106,1830,0,7400,0,0,542189,0,245354
452,0,8,0,0,0,0,0,1692260,0,0,0,0,52,0,0,0,0,0,0,0,0,0,0,0,0,0,0,0,0,0,0,0,0,0,0,52,0,40,109,0,0,0,0,0
452,0,9,0,0,0,0,0,1692260,0,0,0,0,46,0,0,0,0,0,0,0,0,0,0,0,0,0,0,0,0,0,0,0,0,0,381,42,0,0,51,0,0,0,0,0
452,0,10,0,0,0,0,0,1692260,0,0,0,0,53,0,0,0,0,0,0,0,0,0,0,0,0,0,0,0,0,0,0,0,0,0,0,85,92,0,124,0,0,0,0,0
452,0,11,0,0,0,0,0,1692260,0,0,0,0,53,0,0,0,0,0,0,0,0,0,0,0,0,0,0,0,0,0,0,0,0,0,0,43,39,0,94,0,0,0,0,0
452,0,12,0,0,0,0,0,1692260,0,0,0,0,47,0,0,0,0,0,0,0,0,0,0,0,0,0,0,0,0,0,0,0,0,0,0,0,0,45,93,0,0,0,0,0
452,0,13,0,0,0,0,0,1692260,0,0,0,0,53,0,0,0,0,0,0,0,0,0,0,0,0,0,0,0,0,0,0,0,0,0,165,0,0,0,109,0,0,0,0,0
452,0,14,0,0,0,0,0,1692260,0,0,0,0,53,0,0,0,0,0,0,0,0,0,0,0,0,0,0,0,0,0,0,0,0,0,0,0,93,0,66,0,0,0,0,0
452,0,15,0,0,0,0,0,1692260,0,0,0,0,54,0,0,0,0,0,0,0,0,0,0,0,0,0,0,0,0,0,0,0,0,0,0,0,26,0,103,0,0,0,0,0
453,0,0,0,0,0,0,0,3384276,0,0,22968,405504,136,0,0,0,0,0,38160,0,0,0,0,0,0,0,0,22968,22968,0,103111,0,383524,405504,0,3057,0,136,284,0,0,0,0,2814877
453,0,1,0,0,0,0,0,1692138,38160,0,0,0,16201,0,0,0,0,0,38160,0,0,0,0,0,0,0,0,0,10611,0,51436,0,172566,0,0,1445,1094,5742,28515,0,0,800737,0,0
453,0,2,0,0,0,0,0,1692138,0,0,0,0,1785,292864,0,0,0,0,0,0,0,0,0,0,0,0,0,0,0,0,51318,0,94329,60426,0,3773,2707,5676,3534,0,0,720897,0,237646
453,0,3,0,0,0,0,0,1692138,0,0,0,0,1781,292864,0,0,0,0,0,0,0,0,0,0,0,0,0,0,0,0,50003,0,0,60447,0,1896,929,0,2675,0,0,305285,0,234872
453,0,4,0,0,0,0,0,1692138,0,0,0,0,1922,292864,0,0,0,0,0,0,0,0,0,0,0,0,0,0,0,0,0,0,0,60149,0,82,0,931,2872,1182435,0,0,0,238416
453,0,5,0,0,0,0,0,1692138,0,0,0,0,2716,292864,0,0,0,0,0,0,0,0,0,0,0,0,0,0,0,0,0,0,0,60557,9279,149,0,1,5459,0,0,1324457,0,240358
453,0,6,0,0,0,0,0,1692137,0,0,0,0,3700,292864,0,0,0,0,0,0,0,0,0,0,0,0,0,0,0,0,0,0,0,60060,0,35,5522,2,5649,0,0,1295950,0,245498
453,0,7,0,0,0,0,0,1692138,0,0,0,0,3670,292864,0,0,0,0,0,0,0,0,0,0,0,0,0,0,0,0,0,0,0,59585,0,105,1882,0,7418,0,0,548038,0,242699
453,0,8,0,0,0,0,0,1692138,0,0,0,0,50,0,0,0,0,0,0,0,0,0,0,0,0,0,0,0,0,0,0,0,0,0,0,57,0,42,107,0,0,0,0,0
453,0,9,0,0,0,0,0,1692138,0,0,0,0,47,0,0,0,0,0,0,0,0,0,0,0,0,0,0,0,0,0,0,0,0,0,365,41,0,0,53,0,0,0,0,0
453,0,10,0,0,0,0,0,1692138,0,0,0,0,54,0,0,0,0,0,0,0,0,0,0,0,0,0,0,0,0,0,0,0,0,0,0,88,92,0,127,0,0,0,0,0
453,0,11,0,0,0,0,0,1692138,0,0,0,0,54,0,0,0,0,0,0,0,0,0,0,0,0,0,0,0,0,0,0,0,0,0,0,44,38,0,95,0,0,0,0,0
453,0,12,0,0,0,0,0,1692138,0,0,0,0,54,0,0,0,0,0,0,0,0,0,0,0,0,0,0,0,0,0,0,0,0,0,0,0,0,38,95,0,0,0,0,0
453,0,13,0,0,0,0,0,1692138,0,0,0,0,51,0,0,0,0,0,0,0,0,0,0,0,0,0,0,0,0,0,0,0,0,0,178,0,0,0,108,0,0,0,0,0
453,0,14,0,0,0,0,0,1692138,0,0,0,0,54,0,0,0,0,0,0,0,0,0,0,0,0,0,0,0,0,0,0,0,0,0,0,0,89,0,64,0,0,0,0,0
453,0,15,0,0,0,0,0,1692138,0,0,0,0,51,0,0,0,0,0,0,0,0,0,0,0,0,0,0,0,0,0,0,0,0,0,0,0,29,0,99,0,0,0,0,0
454,0,0,0,0,0,0,0,4455114,0,0,30426,540672,136,0,0,0,0,0,49356,0,0,0,0,0,0,0,0,30426,30426,0,187906,0,454024,540672,0,7006,0,136,284,0,0,0,0,3814802
454,0,1,0,0,0,0,0,2227557,49356,0,0,0,21304,0,0,0,0,0,49356,0,0,0,0,0,0,0,0,0,13933,0,95228,0,172556,0,0,2796,2423,5419,37467,0,0,810972,0,0
454,0,2,0,0,0,0,0,2227557,0,0,0,0,1355,292864,0,0,0,0,0,0,0,0,0,0,0,0,0,0,0,0,51254,0,94201,60264,0,4125,2078,5355,2680,0,0,721367,0,238475
454,0,3,0,0,0,0,0,2227557,0,0,0,0,1385,292864,0,0,0,0,0,0,0,0,0,0,0,0,0,0,0,0,50039,0,0,60202,0,2048,664,0,2089,0,0,292438,0,238048
454,0,4,0,0,0,0,0,2227557,0,0,0,0,1798,292864,0,0,0,0,0,0,0,0,0,0,0,0,0,0,0,0,49901,0,0,59975,0,1455,0,931,2707,1627075,0,0,0,242695
454,0,5,0,0,0,0,0,2227557,0,0,0,0,2805,292864,0,0,0,0,0,0,0,0,0,0,0,0,0,0,0,0,51158,0,0,60650,13513,2899,0,1,5674,0,0,1879037,0,235598
454,0,6,0,0,0,0,0,2227557,0,0,0,0,3912,292864,0,0,0,0,0,0,0,0,0,0,0,0,0,0,0,0,0,0,0,60181,0,40,5875,2,5808,0,0,1785851,0,242148
454,0,7,0,0,0,0,0,2227557,0,0,0,0,3932,292864,0,0,0,0,0,0,0,0,0,0,0,0,0,0,0,0,0,0,0,59422,0,106,1925,0,7830,0,0,751038,0,240183
454,0,8,0,0,0,0,0,2227557,0,0,0,0,2772,292864,0,0,0,0,0,0,0,0,0,0,0,0,0,0,0,0,0,0,0,59253,0,52,0,1391,5534,1461528,0,0,0,234883
454,0,9,0,0,0,0,0,2227557,0,0,0,0,2750,292864,0,0,0,0,0,0,0,0,0,0,0,0,0,0,0,0,0,0,0,60297,4467,42,0,1,4078,0,0,681109,0,233481
454,0,10,0,0,0,0,0,2227557,0,0,0,0,53,0,0,0,0,0,0,0,0,0,0,0,0,0,0,0,0,0,0,0,0,0,0,85,92,1,124,0,0,0,0,0
454,0,11,0,0,0,0,0,2227557,0,0,0,0,53,0,0,0,0,0,0,0,0,0,0,0,0,0,0,0,0,0,0,0,0,0,0,44,39,0,94,0,0,0,0,0
454,0,12,0,0,0,0,0,2227557,0,0,0,0,47,0,0,0,0,0,0,0,0,0,0,0,0,0,0,0,0,0,0,0,0,0,0,0,0,45,93,0,0,0,0,0
454,0,13,0,0,0,0,0,2227557,0,0,0,0,53,0,0,0,0,0,0,0,0,0,0,0,0,0,0,0,0,0,0,0,0,0,165,0,0,0,109,0,0,0,0,0
454,0,14,0,0,0,0,0,2227556,0,0,0,0,53,0,0,0,0,0,0,0,0,0,0,0,0,0,0,0,0,0,0,0,0,0,0,0,93,0,66,0,0,0,0,0
454,0,15,0,0,0,0,0,2227557,0,0,0,0,54,0,0,0,0,0,0,0,0,0,0,0,0,0,0,0,0,0,0,0,0,0,0,0,26,0,104,0,0,0,0,0
455,0,0,0,0,0,0,0,4454902,0,0,30414,540672,136,0,0,0,0,0,49341,0,0,0,0,0,0,0,0,30414,30414,0,187931,0,454373,540672,0,7006,0,136,284,0,0,0,0,3809586
455,0,1,0,0,0,0,0,2227451,49341,0,0,0,21334,0,0,0,0,0,49341,0,0,0,0,0,0,0,0,0,14261,0,95255,0,172792,0,0,2837,2382,5377,37711,0,0,785429,0,0
455,0,2,0,0,0,0,0,2227451,0,0,0,0,1361,292864,0,0,0,0,0,0,0,0,0,0,0,0,0,0,0,0,51202,0,94340,60302,0,4106,2036,5388,2703,0,0,699819,0,237790
455,0,3,0,0,0,0,0,2227451,0,0,0,0,1354,292864,0,0,0,0,0,0,0,0,0,0,0,0,0,0,0,0,49922,0,0,60262,0,2036,691,0,2031,0,0,264962,0,237948
455,0,4,0,0,0,0,0,2227451,0,0,0,0,1798,292864,0,0,0,0,0,0,0,0,0,0,0,0,0,0,0,0,50121,0,0,59902,0,1418,0,931,2699,1639790,0,0,0,242758
455,0,5,0,0,0,0,0,2227451,0,0,0,0,2855,292864,0,0,0,0,0,0,0,0,0,0,0,0,0,0,0,0,51154,0,0,60648,13329,2864,0,0,5718,0,0,1867039,0,233374
455,0,6,0,0,0,0,0,2227451,0,0,0,0,3872,292864,0,0,0,0,0,0,0,0,0,0,0,0,0,0,0,0,0,0,0,60312,0,43,6039,2,5782,0,0,1802645,0,238424
455,0,7,0,0,0,0,0,2227451,0,0,0,0,4057,292864,0,0,0,0,0,0,0,0,0,0,0,0,0,0,0,0,0,0,0,59436,0,146,1798,0,7925,0,0,742718,0,243231
455,0,8,0,0,0,0,0,2227451,0,0,0,0,2754,292864,0,0,0,0,0,0,0,0,0,0,0,0,0,0,0,0,0,0,0,59352,0,52,0,1409,5553,1488409,0,0,0,235753
455,0,9,0,0,0,0,0,2227451,0,0,0,0,2754,292864,0,0,0,0,0,0,0,0,0,0,0,0,0,0,0,0,0,0,0,60294,4434,42,0,1,4117,0,0,683757,0,233501
455,0,10,0,0,0,0,0,2227451,0,0,0,0,51,0,0,0,0,0,0,0,0,0,0,0,0,0,0,0,0,0,0,0,0,0,0,97,92,1,107,0,0,0,0,0
455,0,11,0,0,0,0,0,2227451,0,0,0,0,51,0,0,0,0,0,0,0,0,0,0,0,0,0,0,0,0,0,0,0,0,0,0,4,41,0,92,0,0,0,0,0
455,0,12,0,0,0,0,0,2227451,0,0,0,0,46,0,0,0,0,0,0,0,0,0,0,0,0,0,0,0,0,0,0,0,0,0,0,0,0,46,92,0,0,0,0,0
455,0,13,0,0,0,0,0,2227451,0,0,0,0,53,0,0,0,0,0,0,0,0,0,0,0,0,0,0,0,0,0,0,0,0,0,176,0,0,0,109,0,0,0,0,0
455,0,14,0,0,0,0,0,2227451,0,0,0,0,51,0,0,0,0,0,0,0,0,0,0,0,0,0,0,0,0,0,0,0,0,0,0,0,81,0,52,0,0,0,0,0
455,0,15,0,0,0,0,0,2227451,0,0,0,0,40,0,0,0,0,0,0,0,0,0,0,0,0,0,0,0,0,0,0,0,0,0,0,0,40,0,130,0,0,0,0,0
456,0,0,0,0,0,0,0,4451107,0,0,30352,540672,136,0,0,0,0,0,49248,0,0,0,0,0,0,0,0,30352,30352,0,187952,0,453863,540672,0,6990,0,136,284,0,0,0,0,3805866
456,0,1,0,0,0,0,0,2225554,49248,0,0,0,21408,0,0,0,0,0,49248,0,0,0,0,0,0,0,0,0,13755,0,95362,0,172389,0,0,2808,2347,5305,37578,0,0,808818,0,0
456,0,2,0,0,0,0,0,2225554,0,0,0,0,1339,292864,0,0,0,0,0,0,0,0,0,0,0,0,0,0,0,0,51087,0,94115,60424,0,4162,2018,5444,2615,0,0,743177,0,239879
456,0,3,0,0,0,0,0,2225554,0,0,0,0,1318,292864,0,0,0,0,0,0,0,0,0,0,0,0,0,0,0,0,50022,0,0,60264,0,1984,723,0,1977,0,0,310475,0,236877
456,0,4,0,0,0,0,0,2225554,0,0,0,0,1804,292864,0,0,0,0,0,0,0,0,0,0,0,0,0,0,0,0,50011,0,0,59862,0,1396,0,919,2694,1612167,0,0,0,242649
456,0,5,0,0,0,0,0,2225554,0,0,0,0,2832,292864,0,0,0,0,0,0,0,0,0,0,0,0,0,0,0,0,51033,0,0,60645,13492,2879,0,1,5689,0,0,1887314,0,234731
456,0,6,0,0,0,0,0,2225554,0,0,0,0,3906,292864,0,0,0,0,0,0,0,0,0,0,0,0,0,0,0,0,0,0,0,60281,0,12,5869,1,5783,0,0,1876646,0,242722
456,0,7,0,0,0,0,0,2225554,0,0,0,0,3929,292864,0,0,0,0,0,0,0,0,0,0,0,0,0,0,0,0,0,0,0,59507,0,138,1916,0,7848,0,0,801905,0,241248
456,0,8,0,0,0,0,0,2225554,0,0,0,0,2733,292864,0,0,0,0,0,0,0,0,0,0,0,0,0,0,0,0,0,0,0,59334,0,53,0,1420,5543,1515819,0,0,0,233633
456,0,9,0,0,0,0,0,2225554,0,0,0,0,2746,292864,0,0,0,0,0,0,0,0,0,0,0,0,0,0,0,0,0,0,0,60311,4421,38,0,1,4088,0,0,601676,0,235664
456,0,10,0,0,0,0,0,2225554,0,0,0,0,51,0,0,0,0,0,0,0,0,0,0,0,0,0,0,0,0,0,0,0,0,0,0,88,88,1,147,0,0,0,0,0
456,0,11,0,0,0,0,0,2225554,0,0,0,0,47,0,0,0,0,0,0,0,0,0,0,0,0,0,0,0,0,0,0,0,0,0,0,7,45,0,93,0,0,0,0,0
456,0,12,0,0,0,0,0,2225554,0,0,0,0,46,0,0,0,0,0,0,0,0,0,0,0,0,0,0,0,0,0,0,0,0,0,0,0,0,46,91,0,0,0,0,0
456,0,13,0,0,0,0,0,2225554,0,0,0,0,52,0,0,0,0,0,0,0,0,0,0,0,0,0,0,0,0,0,0,0,0,0,170,0,0,0,112,0,0,0,0,0
456,0,14,0,0,0,0,0,2225554,0,0,0,0,46,0,0,0,0,0,0,0,0,0,0,0,0,0,0,0,0,0,0,0,0,0,0,0,88,0,56,0,0,0,0,0
456,0,15,0,0,0,0,0,2225554,0,0,0,0,42,0,0,0,0,0,0,0,0,0,0,0,0,0,0,0,0,0,0,0,0,0,0,0,38,0,129,0,0,0,0,0
457,0,0,0,0,0,0,0,5500410,0,0,37478,675840,136,0,0,0,0,0,59949,0,0,0,0,0,0,0,0,37478,37478,0,187948,0,589386,675840,0,5642,0,136,284,0,0,0,0,4874836
457,0,1,0,0,0,0,0,2750205,59949,0,0,0,26284,0,0,0,0,0,59949,0,0,0,0,0,0,0,0,0,17811,0,95163,0,241730,0,0,2643,1898,8171,45854,0,0,820370,0,0
457,0,2,0,0,0,0,0,2750205,0,0,0,0,1101,292864,0,0,0,0,0,0,0,0,0,0,0,0,0,0,0,0,94960,0,128502,60412,0,7332,1660,8433,2193,0,0,717983,0,239270
457,0,3,0,0,0,0,0,2750205,0,0,0,0,1098,292864,0,0,0,0,0,0,0,0,0,0,0,0,0,0,0,0,94210,0,0,60531,0,3522,564,0,1652,0,0,297002,0,236691
457,0,4,0,0,0,0,0,2750205,0,0,0,0,1436,292864,0,0,0,0,0,0,0,0,0,0,0,0,0,0,0,0,49925,0,0,60136,0,1143,0,739,2131,2090019,0,0,0,242305
457,0,5,0,0,0,0,0,2750205,0,0,0,0,2196,292864,0,0,0,0,0,0,0,0,0,0,0,0,0,0,0,0,51129,0,0,60813,17572,3289,0,0,4442,0,0,2159249,0,234020
457,0,6,0,0,0,0,0,2750205,0,0,0,0,3057,292864,0,0,0,0,0,0,0,0,0,0,0,0,0,0,0,0,51037,0,0,60326,0,2047,4594,2,4528,0,0,2004888,0,224263
457,0,7,0,0,0,0,0,2750205,0,0,0,0,3063,292864,0,0,0,0,0,0,0,0,0,0,0,0,0,0,0,0,50707,0,0,59329,0,4220,1526,0,6160,0,0,897024,0,222675
457,0,8,0,0,0,0,0,2750205,0,0,0,0,2269,292864,0,0,0,0,0,0,0,0,0,0,0,0,0,0,0,0,0,0,0,59484,0,52,0,1084,4533,2359870,0,0,0,231866
457,0,9,0,0,0,0,0,2750205,0,0,0,0,3120,292864,0,0,0,0,0,0,0,0,0,0,0,0,0,0,0,0,0,0,0,60409,10311,40,0,2,4624,0,0,2434885,0,222986
457,0,10,0,0,0,0,0,2750205,0,0,0,0,4107,292864,0,0,0,0,0,0,0,0,0,0,0,0,0,0,0,0,0,0,0,60139,0,89,6042,1,8224,0,0,2295889,0,236845
457,0,11,0,0,0,0,0,2750205,0,0,0,0,4004,292864,0,0,0,0,0,0,0,0,0,0,0,0,0,0,0,0,0,0,0,60464,0,43,2141,0,5988,0,0,998077,0,233293
457,0,12,0,0,0,0,0,2750205,0,0,0,0,49,0,0,0,0,0,0,0,0,0,0,0,0,0,0,0,0,0,0,0,0,0,0,0,0,43,95,0,0,0,0,0
457,0,13,0,0,0,0,0,2750205,0,0,0,0,54,0,0,0,0,0,0,0,0,0,0,0,0,0,0,0,0,0,0,0,0,0,167,0,0,0,112,0,0,0,0,0
457,0,14,0,0,0,0,0,2750204,0,0,0,0,53,0,0,0,0,0,0,0,0,0,0,0,0,0,0,0,0,0,0,0,0,0,0,0,92,0,62,0,0,0,0,0
457,0,15,0,0,0,0,0,2750205,0,0,0,0,53,0,0,0,0,0,0,0,0,0,0,0,0,0,0,0,0,0,0,0,0,0,0,0,27,0,106,0,0,0,0,0
458,0,0,0,0,0,0,0,5496009,0,0,37564,675840,136,0,0,0,0,0,60075,0,0,0,0,0,0,0,0,37564,37564,0,187993,0,589392,675840,0,5640,0,136,284,0,0,0,0,4859064
458,0,1,0,0,0,0,0,2748005,60075,0,0,0,26302,0,0,0,0,0,60075,0,0,0,0,0,0,0,0,0,17552,0,95485,0,241266,0,0,2666,1900,8214,45829,0,0,788592,0,0
458,0,2,0,0,0,0,0,2748005,0,0,0,0,1094,292864,0,0,0,0,0,0,0,0,0,0,0,0,0,0,0,0,95445,0,129091,60388,0,7360,1682,8444,2198,0,0,703237,0,237705
458,0,3,0,0,0,0,0,2748005,0,0,0,0,1115,292864,0,0,0,0,0,0,0,0,0,0,0,0,0,0,0,0,93594,0,0,60281,0,3550,545,0,1678,0,0,284301,0,237010
458,0,4,0,0,0,0,0,2748005,0,0,0,0,1425,292864,0,0,0,0,0,0,0,0,0,0,0,0,0,0,0,0,49957,0,0,59991,0,1140,0,752,2127,2071147,0,0,0,241816
458,0,5,0,0,0,0,0,2748005,0,0,0,0,2181,292864,0,0,0,0,0,0,0,0,0,0,0,0,0,0,0,0,51124,0,0,60537,17679,3305,0,1,4382,0,0,2153921,0,234243
458,0,6,0,0,0,0,0,2748004,0,0,0,0,3007,292864,0,0,0,0,0,0,0,0,0,0,0,0,0,0,0,0,51157,0,0,60292,0,2021,4629,1,4524,0,0,2103366,0,224196
458,0,7,0,0,0,0,0,2748005,0,0,0,0,3050,292864,0,0,0,0,0,0,0,0,0,0,0,0,0,0,0,0,50990,0,0,59434,0,4232,1537,0,6158,0,0,965678,0,223303
458,0,8,0,0,0,0,0,2748005,0,0,0,0,2216,292864,0,0,0,0,0,0,0,0,0,0,0,0,0,0,0,0,0,0,0,59460,0,52,0,1133,4479,2377602,0,0,0,232515
458,0,9,0,0,0,0,0,2748005,0,0,0,0,3090,292864,0,0,0,0,0,0,0,0,0,0,0,0,0,0,0,0,0,0,0,60373,10260,40,0,2,4574,0,0,2413141,0,223723
458,0,10,0,0,0,0,0,2748005,0,0,0,0,4191,292864,0,0,0,0,0,0,0,0,0,0,0,0,0,0,0,0,0,0,0,60633,0,79,6177,0,8394,0,0,2276421,0,233473
458,0,11,0,0,0,0,0,2748005,0,0,0,0,4172,292864,0,0,0,0,0,0,0,0,0,0,0,0,0,0,0,0,0,0,0,59970,0,47,2025,0,6193,0,0,983780,0,235646
458,0,12,0,0,0,0,0,2748005,0,0,0,0,46,0,0,0,0,0,0,0,0,0,0,0,0,0,0,0,0,0,0,0,0,0,0,0,0,46,92,0,0,0,0,0
458,0,13,0,0,0,0,0,2748005,0,0,0,0,52,0,0,0,0,0,0,0,0,0,0,0,0,0,0,0,0,0,0,0,0,0,158,0,0,0,110,0,0,0,0,0
458,0,14,0,0,0,0,0,2748005,0,0,0,0,46,0,0,0,0,0,0,0,0,0,0,0,0,0,0,0,0,0,0,0,0,0,0,0,100,0,65,0,0,0,0,0
458,0,15,0,0,0,0,0,2748005,0,0,0,0,54,0,0,0,0,0,0,0,0,0,0,0,0,0,0,0,0,0,0,0,0,0,0,0,26,0,103,0,0,0,0,0
459,0,0,0,0,0,0,0,5496133,0,0,37552,675840,136,0,0,0,0,0,60057,0,0,0,0,0,0,0,0,37552,37552,0,187832,0,589495,675840,0,5632,0,136,284,0,0,0,0,4861243
459,0,1,0,0,0,0,0,2748067,60057,0,0,0,26216,0,0,0,0,0,60057,0,0,0,0,0,0,0,0,0,17528,0,95300,0,241321,0,0,2670,1924,8260,45713,0,0,797654,0,0
459,0,2,0,0,0,0,0,2748067,0,0,0,0,1096,292864,0,0,0,0,0,0,0,0,0,0,0,0,0,0,0,0,95568,0,128713,60486,0,7387,1631,8371,2198,0,0,691500,0,239974
459,0,3,0,0,0,0,0,2748067,0,0,0,0,1069,292864,0,0,0,0,0,0,0,0,0,0,0,0,0,0,0,0,93615,0,0,60531,0,3630,590,0,1624,0,0,289597,0,236872
459,0,4,0,0,0,0,0,2748067,0,0,0,0,1431,292864,0,0,0,0,0,0,0,0,0,0,0,0,0,0,0,0,49945,0,0,60221,0,1163,0,742,2132,2068283,0,0,0,242804
459,0,5,0,0,0,0,0,2748067,0,0,0,0,2188,292864,0,0,0,0,0,0,0,0,0,0,0,0,0,0,0,0,51081,0,0,60696,17748,3251,0,1,4437,0,0,2156037,0,233813
459,0,6,0,0,0,0,0,2748067,0,0,0,0,3035,292864,0,0,0,0,0,0,0,0,0,0,0,0,0,0,0,0,51185,0,0,60206,0,2089,4579,1,4457,0,0,1970805,0,224208
459,0,7,0,0,0,0,0,2748067,0,0,0,0,3026,292864,0,0,0,0,0,0,0,0,0,0,0,0,0,0,0,0,51043,0,0,59358,0,4181,1563,0,6107,0,0,879576,0,223289
459,0,8,0,0,0,0,0,2748067,0,0,0,0,2178,292864,0,0,0,0,0,0,0,0,0,0,0,0,0,0,0,0,0,0,0,59425,0,57,0,1167,4409,2366216,0,0,0,231950
459,0,9,0,0,0,0,0,2748067,0,0,0,0,3077,292864,0,0,0,0,0,0,0,0,0,0,0,0,0,0,0,0,0,0,0,60377,10236,41,0,0,4614,0,0,2413362,0,223084
459,0,10,0,0,0,0,0,2748067,0,0,0,0,4199,292864,0,0,0,0,0,0,0,0,0,0,0,0,0,0,0,0,0,0,0,60569,0,86,6159,2,8325,0,0,2260331,0,233612
459,0,11,0,0,0,0,0,2748067,0,0,0,0,4164,292864,0,0,0,0,0,0,0,0,0,0,0,0,0,0,0,0,0,0,0,59947,0,44,2033,0,6237,0,0,967877,0,235646
459,0,12,0,0,0,0,0,2748067,0,0,0,0,54,0,0,0,0,0,0,0,0,0,0,0,0,0,0,0,0,0,0,0,0,0,0,0,0,38,95,0,0,0,0,0
459,0,13,0,0,0,0,0,2748067,0,0,0,0,51,0,0,0,0,0,0,0,0,0,0,0,0,0,0,0,0,0,0,0,0,0,175,0,0,0,108,0,0,0,0,0
459,0,14,0,0,0,0,0,2748067,0,0,0,0,54,0,0,0,0,0,0,0,0,0,0,0,0,0,0,0,0,0,0,0,0,0,0,0,92,0,66,0,0,0,0,0
459,0,15,0,0,0,0,0,2748067,0,0,0,0,54,0,0,0,0,0,0,0,0,0,0,0,0,0,0,0,0,0,0,0,0,0,0,0,26,0,106,0,0,0,0,0
460,0,0,0,0,0,0,0,6978563,0,0,48230,878592,136,0,0,0,0,0,76092,0,0,0,0,0,0,0,0,48230,48230,0,258604,0,724399,878592,0,9479,0,136,284,0,0,0,0,6507162
460,0,1,0,0,0,0,0,3489282,76092,0,0,0,33660,0,0,0,0,0,76092,0,0,0,0,0,0,0,0,0,22862,0,130035,0,275269,0,0,4215,3128,8748,57620,0,0,799184,0,0
460,0,2,0,0,0,0,0,3489282,0,0,0,0,859,292864,0,0,0,0,0,0,0,0,0,0,0,0,0,0,0,0,130746,0,129228,60346,0,10305,1306,7185,1732,0,0,715703,0,238629
460,0,3,0,0,0,0,0,3489282,0,0,0,0,863,292864,0,0,0,0,0,0,0,0,0,0,0,0,0,0,0,0,93723,0,0,60243,0,3025,440,0,1269,0,0,304541,0,235840
460,0,4,0,0,0,0,0,3489282,0,0,0,0,1096,292864,0,0,0,0,0,0,0,0,0,0,0,0,0,0,0,0,93793,0,0,60062,0,2536,0,583,1622,2755798,0,0,0,242292
460,0,5,0,0,0,0,0,3489282,0,0,0,0,1617,292864,0,0,0,0,0,0,0,0,0,0,0,0,0,0,0,0,95226,0,0,60608,24282,7082,0,2,3333,0,0,2139809,0,233917
460,0,6,0,0,0,0,0,3489281,0,0,0,0,2152,292864,0,0,0,0,0,0,0,0,0,0,0,0,0,0,0,0,95741,0,0,60421,0,3849,3245,0,3183,0,0,1964198,0,224184
460,0,7,0,0,0,0,0,3489282,0,0,0,0,2157,292864,0,0,0,0,0,0,0,0,0,0,0,0,0,0,0,0,51080,0,0,59508,0,4089,1084,0,4352,0,0,879019,0,222797
460,0,8,0,0,0,0,0,3489282,0,0,0,0,2122,292864,0,0,0,0,0,0,0,0,0,0,0,0,0,0,0,0,51224,0,0,59463,0,3071,0,1119,4307,3171960,0,0,0,234214
460,0,9,0,0,0,0,0,3489282,0,0,0,0,3008,292864,0,0,0,0,0,0,0,0,0,0,0,0,0,0,0,0,50961,0,0,60289,17149,1989,0,1,4447,0,0,3240401,0,227085
460,0,10,0,0,0,0,0,3489282,0,0,0,0,3970,292864,0,0,0,0,0,0,0,0,0,0,0,0,0,0,0,0,51783,0,0,60294,0,4048,5977,1,8009,0,0,2955545,0,224016
460,0,11,0,0,0,0,0,3489282,0,0,0,0,3987,292864,0,0,0,0,0,0,0,0,0,0,0,0,0,0,0,0,0,0,0,60259,0,43,1974,0,5918,0,0,1325112,0,219504
460,0,12,0,0,0,0,0,3489282,0,0,0,0,3034,292864,0,0,0,0,0,0,0,0,0,0,0,0,0,0,0,0,0,0,0,60277,0,0,0,1501,4506,3235287,0,0,0,228294
460,0,13,0,0,0,0,0,3489282,0,0,0,0,4004,292864,0,0,0,0,0,0,0,0,0,0,0,0,0,0,0,0,0,0,0,60396,8972,0,0,1,7982,0,0,2930829,0,221063
460,0,14,0,0,0,0,0,3489282,0,0,0,0,3947,292864,0,0,0,0,0,0,0,0,0,0,0,0,0,0,0,0,0,0,0,60764,0,0,2054,1,5866,0,0,1278817,0,223744
460,0,15,0,0,0,0,0,3489282,0,0,0,0,42,0,0,0,0,0,0,0,0,0,0,0,0,0,0,0,0,0,0,0,0,0,0,0,38,0,97,0,0,0,0,0
461,0,0,0,0,0,0,0,6977598,0,0,48186,878592,136,0,0,0,0,0,76026,0,0,0,0,0,0,0,0,48186,48186,0,258616,0,724394,878592,0,9467,0,136,284,0,0,0,0,6498360
461,0,1,0,0,0,0,0,3488799,76026,0,0,0,33564,0,0,0,0,0,76026,0,0,0,0,0,0,0,0,0,22889,0,129897,0,275148,0,0,4213,3171,8759,57627,0,0,808260,0,0
461,0,2,0,0,0,0,0,3488799,0,0,0,0,855,292864,0,0,0,0,0,0,0,0,0,0,0,0,0,0,0,0,130821,0,129031,60456,0,10310,1304,7138,1735,0,0,732334,0,238351
461,0,3,0,0,0,0,0,3488799,0,0,0,0,861,292864,0,0,0,0,0,0,0,0,0,0,0,0,0,0,0,0,93644,0,0,60317,0,3057,438,0,1272,0,0,298802,0,236472
461,0,4,0,0,0,0,0,3488799,0,0,0,0,1107,292864,0,0,0,0,0,0,0,0,0,0,0,0,0,0,0,0,93831,0,0,59980,0,2593,0,568,1625,2760638,0,0,0,242330
461,0,5,0,0,0,0,0,3488799,0,0,0,0,1649,292864,0,0,0,0,0,0,0,0,0,0,0,0,0,0,0,0,95161,0,0,60700,24137,7108,0,2,3333,0,0,2141800,0,233802
461,0,6,0,0,0,0,0,3488798,0,0,0,0,2139,292864,0,0,0,0,0,0,0,0,0,0,0,0,0,0,0,0,95924,0,0,60389,0,3846,3250,0,3158,0,0,2058430,0,224409
461,0,7,0,0,0,0,0,3488799,0,0,0,0,2148,292864,0,0,0,0,0,0,0,0,0,0,0,0,0,0,0,0,51070,0,0,59449,0,4072,1092,0,4323,0,0,931891,0,224218
461,0,8,0,0,0,0,0,3488799,0,0,0,0,2145,292864,0,0,0,0,0,0,0,0,0,0,0,0,0,0,0,0,51280,0,0,59372,0,3037,0,1094,4299,3167286,0,0,0,234063
461,0,9,0,0,0,0,0,3488799,0,0,0,0,3055,292864,0,0,0,0,0,0,0,0,0,0,0,0,0,0,0,0,51021,0,0,60236,17236,1954,0,0,4497,0,0,3240615,0,230188
461,0,10,0,0,0,0,0,3488799,0,0,0,0,3985,292864,0,0,0,0,0,0,0,0,0,0,0,0,0,0,0,0,51679,0,0,60185,0,4030,5900,3,8035,0,0,2965401,0,218464
461,0,11,0,0,0,0,0,3488799,0,0,0,0,3932,292864,0,0,0,0,0,0,0,0,0,0,0,0,0,0,0,0,0,0,0,60204,0,41,2023,0,5874,0,0,1293488,0,224450
461,0,12,0,0,0,0,0,3488799,0,0,0,0,2974,292864,0,0,0,0,0,0,0,0,0,0,0,0,0,0,0,0,0,0,0,60251,0,0,0,1555,4474,3214780,0,0,0,227005
461,0,13,0,0,0,0,0,3488799,0,0,0,0,3957,292864,0,0,0,0,0,0,0,0,0,0,0,0,0,0,0,0,0,0,0,60376,8911,0,0,2,7966,0,0,2899957,0,222550
461,0,14,0,0,0,0,0,3488799,0,0,0,0,3914,292864,0,0,0,0,0,0,0,0,0,0,0,0,0,0,0,0,0,0,0,60859,0,0,2093,0,5847,0,0,1296006,0,221229
461,0,15,0,0,0,0,0,3488799,0,0,0,0,52,0,0,0,0,0,0,0,0,0,0,0,0,0,0,0,0,0,0,0,0,0,0,0,28,0,110,0,0,0,0,0
462,0,0,0,0,0,0,0,6978766,0,0,48234,878592,136,0,0,0,0,0,76101,0,0,0,0,0,0,0,0,48234,48234,0,258510,0,724407,878592,0,9463,0,136,284,0,0,0,0,6500227
462,0,1,0,0,0,0,0,3489383,76101,0,0,0,33674,0,0,0,0,0,76101,0,0,0,0,0,0,0,0,0,22787,0,130045,0,275131,0,0,4214,3182,8685,57713,0,0,795247,0,0
462,0,2,0,0,0,0,0,3489383,0,0,0,0,869,292864,0,0,0,0,0,0,0,0,0,0,0,0,0,0,0,0,130677,0,128867,60410,0,10388,1297,7190,1731,0,0,712135,0,238887
462,0,3,0,0,0,0,0,3489383,0,0,0,0,865,292864,0,0,0,0,0,0,0,0,0,0,0,0,0,0,0,0,93745,0,0,60454,0,3013,435,0,1281,0,0,304554,0,235604
462,0,4,0,0,0,0,0,3489383,0,0,0,0,1101,292864,0,0,0,0,0,0,0,0,0,0,0,0,0,0,0,0,93902,0,0,60120,0,2574,0,572,1642,2754045,0,0,0,242127
462,0,5,0,0,0,0,0,3489383,0,0,0,0,1662,292864,0,0,0,0,0,0,0,0,0,0,0,0,0,0,0,0,95175,0,0,60753,24216,7130,0,0,3337,0,0,2143949,0,233514
462,0,6,0,0,0,0,0,3489383,0,0,0,0,2114,292864,0,0,0,0,0,0,0,0,0,0,0,0,0,0,0,0,95581,0,0,60347,0,3776,3275,3,3149,0,0,1940121,0,223585
462,0,7,0,0,0,0,0,3489383,0,0,0,0,2153,292864,0,0,0,0,0,0,0,0,0,0,0,0,0,0,0,0,51048,0,0,59542,0,4092,1083,0,4359,0,0,867607,0,223120
462,0,8,0,0,0,0,0,3489383,0,0,0,0,2127,292864,0,0,0,0,0,0,0,0,0,0,0,0,0,0,0,0,51139,0,0,59372,0,3026,0,1110,4309,3163577,0,0,0,234208
462,0,9,0,0,0,0,0,3489383,0,0,0,0,2997,292864,0,0,0,0,0,0,0,0,0,0,0,0,0,0,0,0,51101,0,0,60351,17161,1953,0,2,4430,0,0,3249163,0,227131
462,0,10,0,0,0,0,0,3489383,0,0,0,0,4017,292864,0,0,0,0,0,0,0,0,0,0,0,0,0,0,0,0,51720,0,0,60365,0,4117,5944,1,8078,0,0,2947840,0,221863
462,0,11,0,0,0,0,0,3489383,0,0,0,0,3993,292864,0,0,0,0,0,0,0,0,0,0,0,0,0,0,0,0,0,0,0,60258,0,48,1975,0,5925,0,0,1291177,0,222645
462,0,12,0,0,0,0,0,3489383,0,0,0,0,3043,292864,0,0,0,0,0,0,0,0,0,0,0,0,0,0,0,0,0,0,0,60334,0,0,0,1486,4554,3240852,0,0,0,227971
462,0,13,0,0,0,0,0,3489383,0,0,0,0,4000,292864,0,0,0,0,0,0,0,0,0,0,0,0,0,0,0,0,0,0,0,60397,9034,0,0,2,8024,0,0,2931981,0,222026
462,0,14,0,0,0,0,0,3489383,0,0,0,0,3985,292864,0,0,0,0,0,0,0,0,0,0,0,0,0,0,0,0,0,0,0,60758,0,0,2024,0,5845,0,0,1281938,0,223697
462,0,15,0,0,0,0,0,3489383,0,0,0,0,40,0,0,0,0,0,0,0,0,0,0,0,0,0,0,0,0,0,0,0,0,0,0,0,40,0,91,0,0,0,0,0
463,0,0,0,0,0,0,0,290622,0,0,642,65792,136,0,0,0,0,0,4638,0,0,0,0,0,0,0,0,642,642,0,0,0,125610,65792,0,294,0,136,284,0,0,0,0,17344
463,0,1,0,0,0,0,0,145311,4638,0,0,0,1480,0,0,0,0,0,4638,0,0,0,0,0,0,0,0,0,89,0,0,0,63950,0,0,84,166,421,2578,0,0,17344,0,0
463,0,2,0,0,0,0,0,145311,0,0,0,0,430,17344,0,0,0,0,0,0,0,0,0,0,0,0,0,0,0,0,0,0,0,64756,0,249,349,283,893,0,0,0,0,17344
463,0,3,0,0,0,0,0,145311,0,0,0,0,47,0,0,0,0,0,0,0,0,0,0,0,0,0,0,0,0,0,0,0,0,0,0,91,45,0,54,0,0,0,0,0
463,0,4,0,0,0,0,0,145311,0,0,0,0,47,0,0,0,0,0,0,0,0,0,0,0,0,0,0,0,0,0,0,0,0,0,0,87,0,45,61,0,0,0,0,0
463,0,5,0,0,0,0,0,145311,0,0,0,0,47,0,0,0,0,0,0,0,0,0,0,0,0,0,0,0,0,0,0,0,0,0,537,148,0,0,109,0,0,0,0,0
463,0,6,0,0,0,0,0,145311,0,0,0,0,47,0,0,0,0,0,0,0,0,0,0,0,0,0,0,0,0,0,0,0,0,0,0,40,98,0,52,0,0,0,0,0
463,0,7,0,0,0,0,0,145311,0,0,0,0,53,0,0,0,0,0,0,0,0,0,0,0,0,0,0,0,0,0,0,0,0,0,0,105,39,0,140,0,0,0,0,0
463,0,8,0,0,0,0,0,145311,0,0,0,0,50,0,0,0,0,0,0,0,0,0,0,0,0,0,0,0,0,0,0,0,0,0,0,52,0,42,107,0,0,0,0,0
463,0,9,0,0,0,0,0,145311,0,0,0,0,47,0,0,0,0,0,0,0,0,0,0,0,0,0,0,0,0,0,0,0,0,0,365,42,0,0,53,0,0,0,0,0
463,0,10,0,0,0,0,0,145311,0,0,0,0,53,0,0,0,0,0,0,0,0,0,0,0,0,0,0,0,0,0,0,0,0,0,0,91,92,0,118,0,0,0,0,0
463,0,11,0,0,0,0,0,145311,0,0,0,0,53,0,0,0,0,0,0,0,0,0,0,0,0,0,0,0,0,0,0,0,0,0,0,39,39,0,94,0,0,0,0,0
463,0,12,0,0,0,0,0,145311,0,0,0,0,47,0,0,0,0,0,0,0,0,0,0,0,0,0,0,0,0,0,0,0,0,0,0,0,0,45,93,0,0,0,0,0
463,0,13,0,0,0,0,0,145311,0,0,0,0,53,0,0,0,0,0,0,0,0,0,0,0,0,0,0,0,0,0,0,0,0,0,178,0,0,0,109,0,0,0,0,0
463,0,14,0,0,0,0,0,145311,0,0,0,0,53,0,0,0,0,0,0,0,0,0,0,0,0,0,0,0,0,0,0,0,0,0,0,0,80,0,60,0,0,0,0,0
463,0,15,0,0,0,0,0,145311,0,0,0,0,41,0,0,0,0,0,0,0,0,0,0,0,0,0,0,0,0,0,0,0,0,0,0,0,39,0,89,0,0,0,0,0
464,0,0,0,0,0,0,0,290477,0,0,642,65792,136,0,0,0,0,0,4641,0,0,0,0,0,0,0,0,642,642,0,0,0,125551,65792,0,294,0,136,284,0,0,0,0,17344
464,0,1,0,0,0,0,0,145239,4641,0,0,0,1459,0,0,0,0,0,4641,0,0,0,0,0,0,0,0,0,80,0,0,0,63937,0,0,76,172,444,2561,0,0,17344,0,0
464,0,2,0,0,0,0,0,145239,0,0,0,0,423,17344,0,0,0,0,0,0,0,0,0,0,0,0,0,0,0,0,0,0,0,64761,0,255,356,268,872,0,0,0,0,17344
464,0,3,0,0,0,0,0,145239,0,0,0,0,47,0,0,0,0,0,0,0,0,0,0,0,0,0,0,0,0,0,0,0,0,0,0,99,45,0,61,0,0,0,0,0
464,0,4,0,0,0,0,0,145239,0,0,0,0,47,0,0,0,0,0,0,0,0,0,0,0,0,0,0,0,0,0,0,0,0,0,0,87,0,45,69,0,0,0,0,0
464,0,5,0,0,0,0,0,145239,0,0,0,0,47,0,0,0,0,0,0,0,0,0,0,0,0,0,0,0,0,0,0,0,0,0,526,148,0,0,117,0,0,0,0,0
464,0,6,0,0,0,0,0,145240,0,0,0,0,47,0,0,0,0,0,0,0,0,0,0,0,0,0,0,0,0,0,0,0,0,0,0,34,98,0,52,0,0,0,0,0
464,0,7,0,0,0,0,0,145239,0,0,0,0,53,0,0,0,0,0,0,0,0,0,0,0,0,0,0,0,0,0,0,0,0,0,0,105,39,0,132,0,0,0,0,0
464,0,8,0,0,0,0,0,145239,0,0,0,0,50,0,0,0,0,0,0,0,0,0,0,0,0,0,0,0,0,0,0,0,0,0,0,52,0,42,107,0,0,0,0,0
464,0,9,0,0,0,0,0,145239,0,0,0,0,47,0,0,0,0,0,0,0,0,0,0,0,0,0,0,0,0,0,0,0,0,0,376,42,0,0,53,0,0,0,0,0
464,0,10,0,0,0,0,0,145239,0,0,0,0,53,0,0,0,0,0,0,0,0,0,0,0,0,0,0,0,0,0,0,0,0,0,0,89,92,0,126,0,0,0,0,0
464,0,11,0,0,0,0,0,145239,0,0,0,0,53,0,0,0,0,0,0,0,0,0,0,0,0,0,0,0,0,0,0,0,0,0,0,39,39,0,94,0,0,0,0,0
464,0,12,0,0,0,0,0,145239,0,0,0,0,47,0,0,0,0,0,0,0,0,0,0,0,0,0,0,0,0,0,0,0,0,0,0,0,0,45,93,0,0,0,0,0
464,0,13,0,0,0,0,0,145239,0,0,0,0,53,0,0,0,0,0,0,0,0,0,0,0,0,0,0,0,0,0,0,0,0,0,167,0,0,0,109,0,0,0,0,0
464,0,14,0,0,0,0,0,145240,0,0,0,0,53,0,0,0,0,0,0,0,0,0,0,0,0,0,0,0,0,0,0,0,0,0,0,0,91,0,62,0,0,0,0,0
464,0,15,0,0,0,0,0,145239,0,0,0,0,52,0,0,0,0,0,0,0,0,0,0,0,0,0,0,0,0,0,0,0,0,0,0,0,28,0,100,0,0,0,0,0
465,0,0,0,0,0,0,0,290399,0,0,642,65792,136,0,0,0,0,0,4641,0,0,0,0,0,0,0,0,642,642,0,0,0,125516,65792,0,294,0,136,284,0,0,0,0,17344
465,0,1,0,0,0,0,0,145200,4641,0,0,0,1472,0,0,0,0,0,4641,0,0,0,0,0,0,0,0,0,79,0,0,0,63923,0,0,84,171,424,2567,0,0,17344,0,0
465,0,2,0,0,0,0,0,145200,0,0,0,0,428,17344,0,0,0,0,0,0,0,0,0,0,0,0,0,0,0,0,0,0,0,64761,0,249,352,282,888,0,0,0,0,17344
465,0,3,0,0,0,0,0,145200,0,0,0,0,47,0,0,0,0,0,0,0,0,0,0,0,0,0,0,0,0,0,0,0,0,0,0,92,45,0,54,0,0,0,0,0
465,0,4,0,0,0,0,0,145200,0,0,0,0,47,0,0,0,0,0,0,0,0,0,0,0,0,0,0,0,0,0,0,0,0,0,0,87,0,45,62,0,0,0,0,0
465,0,5,0,0,0,0,0,145200,0,0,0,0,47,0,0,0,0,0,0,0,0,0,0,0,0,0,0,0,0,0,0,0,0,0,537,148,0,0,109,0,0,0,0,0
465,0,6,0,0,0,0,0,145199,0,0,0,0,47,0,0,0,0,0,0,0,0,0,0,0,0,0,0,0,0,0,0,0,0,0,0,40,98,0,52,0,0,0,0,0
465,0,7,0,0,0,0,0,145200,0,0,0,0,53,0,0,0,0,0,0,0,0,0,0,0,0,0,0,0,0,0,0,0,0,0,0,104,39,0,140,0,0,0,0,0
465,0,8,0,0,0,0,0,145200,0,0,0,0,50,0,0,0,0,0,0,0,0,0,0,0,0,0,0,0,0,0,0,0,0,0,0,52,0,42,107,0,0,0,0,0
465,0,9,0,0,0,0,0,145200,0,0,0,0,47,0,0,0,0,0,0,0,0,0,0,0,0,0,0,0,0,0,0,0,0,0,365,42,0,0,53,0,0,0,0,0
465,0,10,0,0,0,0,0,145200,0,0,0,0,53,0,0,0,0,0,0,0,0,0,0,0,0,0,0,0,0,0,0,0,0,0,0,91,92,0,118,0,0,0,0,0
465,0,11,0,0,0,0,0,145200,0,0,0,0,53,0,0,0,0,0,0,0,0,0,0,0,0,0,0,0,0,0,0,0,0,0,0,40,39,0,94,0,0,0,0,0
465,0,12,0,0,0,0,0,145200,0,0,0,0,47,0,0,0,0,0,0,0,0,0,0,0,0,0,0,0,0,0,0,0,0,0,0,0,0,45,93,0,0,0,0,0
465,0,13,0,0,0,0,0,145200,0,0,0,0,53,0,0,0,0,0,0,0,0,0,0,0,0,0,0,0,0,0,0,0,0,0,178,0,0,0,109,0,0,0,0,0
465,0,14,0,0,0,0,0,145200,0,0,0,0,53,0,0,0,0,0,0,0,0,0,0,0,0,0,0,0,0,0,0,0,0,0,0,0,80,0,60,0,0,0,0,0
465,0,15,0,0,0,0,0,145200,0,0,0,0,41,0,0,0,0,0,0,0,0,0,0,0,0,0,0,0,0,0,0,0,0,0,0,0,39,0,88,0,0,0,0,0
466,0,0,0,0,0,0,0,422402,0,0,1282,131584,136,0,0,0,0,0,5607,0,0,0,0,0,0,0,0,1282,1282,0,0,0,249447,131584,0,294,0,136,284,0,0,0,0,81926
466,0,1,0,0,0,0,0,211201,5607,0,0,0,1899,0,0,0,0,0,5607,0,0,0,0,0,0,0,0,0,629,0,0,0,126782,0,0,76,170,647,3208,0,0,17623,0,0
466,0,2,0,0,0,0,0,211201,0,0,0,0,429,17344,0,0,0,0,0,0,0,0,0,0,0,0,0,0,0,0,0,0,63837,64832,0,255,787,707,877,0,0,17172,0,17061
466,0,3,0,0,0,0,0,211201,0,0,0,0,487,17344,0,0,0,0,0,0,0,0,0,0,0,0,0,0,0,0,0,0,0,64824,0,99,246,0,705,0,0,435,0,17086
466,0,4,0,0,0,0,0,211201,0,0,0,0,47,0,0,0,0,0,0,0,0,0,0,0,0,0,0,0,0,0,0,0,0,0,0,87,0,45,69,0,0,0,0,0
466,0,5,0,0,0,0,0,211201,0,0,0,0,47,0,0,0,0,0,0,0,0,0,0,0,0,0,0,0,0,0,0,0,0,0,526,148,0,0,117,0,0,0,0,0
466,0,6,0,0,0,0,0,211201,0,0,0,0,47,0,0,0,0,0,0,0,0,0,0,0,0,0,0,0,0,0,0,0,0,0,0,34,98,0,52,0,0,0,0,0
466,0,7,0,0,0,0,0,211201,0,0,0,0,53,0,0,0,0,0,0,0,0,0,0,0,0,0,0,0,0,0,0,0,0,0,0,106,39,0,132,0,0,0,0,0
466,0,8,0,0,0,0,0,211201,0,0,0,0,50,0,0,0,0,0,0,0,0,0,0,0,0,0,0,0,0,0,0,0,0,0,0,52,0,42,107,0,0,0,0,0
466,0,9,0,0,0,0,0,211201,0,0,0,0,47,0,0,0,0,0,0,0,0,0,0,0,0,0,0,0,0,0,0,0,0,0,376,42,0,0,53,0,0,0,0,0
466,0,10,0,0,0,0,0,211201,0,0,0,0,53,0,0,0,0,0,0,0,0,0,0,0,0,0,0,0,0,0,0,0,0,0,0,89,92,0,126,0,0,0,0,0
466,0,11,0,0,0,0,0,211201,0,0,0,0,53,0,0,0,0,0,0,0,0,0,0,0,0,0,0,0,0,0,0,0,0,0,0,39,39,0,94,0,0,0,0,0
466,0,12,0,0,0,0,0,211201,0,0,0,0,47,0,0,0,0,0,0,0,0,0,0,0,0,0,0,0,0,0,0,0,0,0,0,0,0,45,93,0,0,0,0,0
466,0,13,0,0,0,0,0,211201,0,0,0,0,53,0,0,0,0,0,0,0,0,0,0,0,0,0,0,0,0,0,0,0,0,0,167,0,0,0,109,0,0,0,0,0
466,0,14,0,0,0,0,0,211201,0,0,0,0,53,0,0,0,0,0,0,0,0,0,0,0,0,0,0,0,0,0,0,0,0,0,0,0,91,0,62,0,0,0,0,0
466,0,15,0,0,0,0,0,211201,0,0,0,0,52,0,0,0,0,0,0,0,0,0,0,0,0,0,0,0,0,0,0,0,0,0,0,0,28,0,101,0,0,0,0,0
467,0,0,0,0,0,0,0,422580,0,0,1282,131584,136,0,0,0,0,0,5607,0,0,0,0,0,0,0,0,1282,1282,0,0,0,249464,131584,0,294,0,136,284,0,0,0,0,81933
467,0,1,0,0,0,0,0,211290,5607,0,0,0,1887,0,0,0,0,0,5607,0,0,0,0,0,0,0,0,0,638,0,0,0,126791,0,0,78,168,659,3176,0,0,17641,0,0
467,0,2,0,0,0,0,0,211290,0,0,0,0,421,17344,0,0,0,0,0,0,0,0,0,0,0,0,0,0,0,0,0,0,63831,64832,0,249,808,702,867,0,0,17164,0,17061
467,0,3,0,0,0,0,0,211290,0,0,0,0,498,17344,0,0,0,0,0,0,0,0,0,0,0,0,0,0,0,0,0,0,0,64824,0,99,234,0,722,0,0,444,0,17082
467,0,4,0,0,0,0,0,211290,0,0,0,0,47,0,0,0,0,0,0,0,0,0,0,0,0,0,0,0,0,0,0,0,0,0,0,87,0,45,67,0,0,0,0,0
467,0,5,0,0,0,0,0,211290,0,0,0,0,47,0,0,0,0,0,0,0,0,0,0,0,0,0,0,0,0,0,0,0,0,0,525,148,0,0,115,0,0,0,0,0
467,0,6,0,0,0,0,0,211291,0,0,0,0,47,0,0,0,0,0,0,0,0,0,0,0,0,0,0,0,0,0,0,0,0,0,0,40,98,0,52,0,0,0,0,0
467,0,7,0,0,0,0,0,211290,0,0,0,0,53,0,0,0,0,0,0,0,0,0,0,0,0,0,0,0,0,0,0,0,0,0,0,104,39,0,134,0,0,0,0,0
467,0,8,0,0,0,0,0,211290,0,0,0,0,50,0,0,0,0,0,0,0,0,0,0,0,0,0,0,0,0,0,0,0,0,0,0,52,0,42,107,0,0,0,0,0
467,0,9,0,0,0,0,0,211290,0,0,0,0,47,0,0,0,0,0,0,0,0,0,0,0,0,0,0,0,0,0,0,0,0,0,377,42,0,0,53,0,0,0,0,0
467,0,10,0,0,0,0,0,211290,0,0,0,0,53,0,0,0,0,0,0,0,0,0,0,0,0,0,0,0,0,0,0,0,0,0,0,85,92,0,124,0,0,0,0,0
467,0,11,0,0,0,0,0,211290,0,0,0,0,53,0,0,0,0,0,0,0,0,0,0,0,0,0,0,0,0,0,0,0,0,0,0,41,39,0,94,0,0,0,0,0
467,0,12,0,0,0,0,0,211290,0,0,0,0,47,0,0,0,0,0,0,0,0,0,0,0,0,0,0,0,0,0,0,0,0,0,0,0,0,45,93,0,0,0,0,0
467,0,13,0,0,0,0,0,211290,0,0,0,0,53,0,0,0,0,0,0,0,0,0,0,0,0,0,0,0,0,0,0,0,0,0,166,0,0,0,109,0,0,0,0,0
467,0,14,0,0,0,0,0,211291,0,0,0,0,53,0,0,0,0,0,0,0,0,0,0,0,0,0,0,0,0,0,0,0,0,0,0,0,92,0,66,0,0,0,0,0
467,0,15,0,0,0,0,0,211290,0,0,0,0,53,0,0,0,0,0,0,0,0,0,0,0,0,0,0,0,0,0,0,0,0,0,0,0,27,0,100,0,0,0,0,0
468,0,0,0,0,0,0,0,422522,0,0,1282,131584,136,0,0,0,0,0,5604,0,0,0,0,0,0,0,0,1282,1282,0,0,0,249464,131584,0,294,0,136,284,0,0,0,0,81947
468,0,1,0,0,0,0,0,211261,5604,0,0,0,1888,0,0,0,0,0,5604,0,0,0,0,0,0,0,0,0,631,0,0,0,126778,0,0,80,166,658,3180,0,0,17639,0,0
468,0,2,0,0,0,0,0,211261,0,0,0,0,423,17344,0,0,0,0,0,0,0,0,0,0,0,0,0,0,0,0,0,0,63839,64833,0,249,805,694,879,0,0,17166,0,17061
468,0,3,0,0,0,0,0,211261,0,0,0,0,499,17344,0,0,0,0,0,0,0,0,0,0,0,0,0,0,0,0,0,0,0,64824,0,95,234,0,734,0,0,440,0,17083
468,0,4,0,0,0,0,0,211261,0,0,0,0,47,0,0,0,0,0,0,0,0,0,0,0,0,0,0,0,0,0,0,0,0,0,0,87,0,45,66,0,0,0,0,0
468,0,5,0,0,0,0,0,211261,0,0,0,0,47,0,0,0,0,0,0,0,0,0,0,0,0,0,0,0,0,0,0,0,0,0,525,148,0,0,113,0,0,0,0,0
468,0,6,0,0,0,0,0,211260,0,0,0,0,47,0,0,0,0,0,0,0,0,0,0,0,0,0,0,0,0,0,0,0,0,0,0,40,98,0,52,0,0,0,0,0
468,0,7,0,0,0,0,0,211261,0,0,0,0,53,0,0,0,0,0,0,0,0,0,0,0,0,0,0,0,0,0,0,0,0,0,0,106,39,0,136,0,0,0,0,0
468,0,8,0,0,0,0,0,211261,0,0,0,0,50,0,0,0,0,0,0,0,0,0,0,0,0,0,0,0,0,0,0,0,0,0,0,52,0,42,107,0,0,0,0,0
468,0,9,0,0,0,0,0,211261,0,0,0,0,47,0,0,0,0,0,0,0,0,0,0,0,0,0,0,0,0,0,0,0,0,0,377,42,0,0,53,0,0,0,0,0
468,0,10,0,0,0,0,0,211261,0,0,0,0,53,0,0,0,0,0,0,0,0,0,0,0,0,0,0,0,0,0,0,0,0,0,0,87,92,0,122,0,0,0,0,0
468,0,11,0,0,0,0,0,211261,0,0,0,0,53,0,0,0,0,0,0,0,0,0,0,0,0,0,0,0,0,0,0,0,0,0,0,39,39,0,94,0,0,0,0,0
468,0,12,0,0,0,0,0,211261,0,0,0,0,47,0,0,0,0,0,0,0,0,0,0,0,0,0,0,0,0,0,0,0,0,0,0,0,0,45,93,0,0,0,0,0
468,0,13,0,0,0,0,0,211261,0,0,0,0,53,0,0,0,0,0,0,0,0,0,0,0,0,0,0,0,0,0,0,0,0,0,166,0,0,0,109,0,0,0,0,0
468,0,14,0,0,0,0,0,211261,0,0,0,0,53,0,0,0,0,0,0,0,0,0,0,0,0,0,0,0,0,0,0,0,0,0,0,0,92,0,64,0,0,0,0,0
468,0,15,0,0,0,0,0,211261,0,0,0,0,53,0,0,0,0,0,0,0,0,0,0,0,0,0,0,0,0,0,0,0,0,0,0,0,27,0,102,0,0,0,0,0
469,0,0,0,0,0,0,0,747154,0,0,2564,263168,136,0,0,0,0,0,7542,0,0,0,0,0,0,0,0,2564,2564,0,127451,0,374751,263168,0,937,0,136,284,0,0,0,0,346764
469,0,1,0,0,0,0,0,373577,7542,0,0,0,2716,0,0,0,0,0,7542,0,0,0,0,0,0,0,0,0,1264,0,63830,0,126464,0,0,328,415,617,4697,0,0,82365,0,0
469,0,2,0,0,0,0,0,373577,0,0,0,0,499,17344,0,0,0,0,0,0,0,0,0,0,0,0,0,0,0,0,0,0,63614,64957,0,249,756,638,1049,0,0,81752,0,16886
469,0,3,0,0,0,0,0,373577,0,0,0,0,527,17344,0,0,0,0,0,0,0,0,0,0,0,0,0,0,0,0,0,0,0,64940,0,95,206,0,818,0,0,33223,0,16813
469,0,4,0,0,0,0,0,373577,0,0,0,0,472,17344,0,0,0,0,0,0,0,0,0,0,0,0,0,0,0,0,0,0,0,64757,0,87,0,261,742,64912,0,0,0,16656
469,0,5,0,0,0,0,0,373577,0,0,0,0,475,17344,0,0,0,0,0,0,0,0,0,0,0,0,0,0,0,0,0,0,0,64834,1163,148,0,2,936,0,0,16714,0,16825
469,0,6,0,0,0,0,0,373577,0,0,0,0,47,0,0,0,0,0,0,0,0,0,0,0,0,0,0,0,0,0,0,0,0,0,0,40,98,0,52,0,0,0,0,0
469,0,7,0,0,0,0,0,373577,0,0,0,0,53,0,0,0,0,0,0,0,0,0,0,0,0,0,0,0,0,0,0,0,0,0,0,107,39,0,137,0,0,0,0,0
469,0,8,0,0,0,0,0,373577,0,0,0,0,50,0,0,0,0,0,0,0,0,0,0,0,0,0,0,0,0,0,0,0,0,0,0,52,0,42,107,0,0,0,0,0
469,0,9,0,0,0,0,0,373577,0,0,0,0,47,0,0,0,0,0,0,0,0,0,0,0,0,0,0,0,0,0,0,0,0,0,375,42,0,0,53,0,0,0,0,0
469,0,10,0,0,0,0,0,373577,0,0,0,0,53,0,0,0,0,0,0,0,0,0,0,0,0,0,0,0,0,0,0,0,0,0,0,88,92,0,121,0,0,0,0,0
469,0,11,0,0,0,0,0,373577,0,0,0,0,53,0,0,0,0,0,0,0,0,0,0,0,0,0,0,0,0,0,0,0,0,0,0,40,39,0,94,0,0,0,0,0
469,0,12,0,0,0,0,0,373577,0,0,0,0,47,0,0,0,0,0,0,0,0,0,0,0,0,0,0,0,0,0,0,0,0,0,0,0,0,45,93,0,0,0,0,0
469,0,13,0,0,0,0,0,373577,0,0,0,0,53,0,0,0,0,0,0,0,0,0,0,0,0,0,0,0,0,0,0,0,0,0,168,0,0,0,109,0,0,0,0,0
469,0,14,0,0,0,0,0,373577,0,0,0,0,53,0,0,0,0,0,0,0,0,0,0,0,0,0,0,0,0,0,0,0,0,0,0,0,90,0,63,0,0,0,0,0
469,0,15,0,0,0,0,0,373577,0,0,0,0,51,0,0,0,0,0,0,0,0,0,0,0,0,0,0,0,0,0,0,0,0,0,0,0,29,0,101,0,0,0,0,0
470,0,0,0,0,0,0,0,747000,0,0,2564,263168,136,0,0,0,0,0,7539,0,0,0,0,0,0,0,0,2564,2564,0,127439,0,374615,263168,0,937,0,136,284,0,0,0,0,346734
470,0,1,0,0,0,0,0,373500,7539,0,0,0,2692,0,0,0,0,0,7539,0,0,0,0,0,0,0,0,0,1278,0,63809,0,126449,0,0,328,408,648,4646,0,0,82283,0,0
470,0,2,0,0,0,0,0,373500,0,0,0,0,485,17344,0,0,0,0,0,0,0,0,0,0,0,0,0,0,0,0,0,0,63582,64959,0,249,769,630,1013,0,0,81676,0,16881
470,0,3,0,0,0,0,0,373500,0,0,0,0,527,17344,0,0,0,0,0,0,0,0,0,0,0,0,0,0,0,0,0,0,0,64939,0,94,206,0,827,0,0,33202,0,16816
470,0,4,0,0,0,0,0,373500,0,0,0,0,496,17344,0,0,0,0,0,0,0,0,0,0,0,0,0,0,0,0,0,0,0,64755,0,87,0,237,757,64916,0,0,0,16657
470,0,5,0,0,0,0,0,373500,0,0,0,0,485,17344,0,0,0,0,0,0,0,0,0,0,0,0,0,0,0,0,0,0,0,64810,1177,148,0,2,946,0,0,16705,0,16816
470,0,6,0,0,0,0,0,373501,0,0,0,0,47,0,0,0,0,0,0,0,0,0,0,0,0,0,0,0,0,0,0,0,0,0,0,40,98,0,52,0,0,0,0,0
470,0,7,0,0,0,0,0,373500,0,0,0,0,53,0,0,0,0,0,0,0,0,0,0,0,0,0,0,0,0,0,0,0,0,0,0,108,39,0,137,0,0,0,0,0
470,0,8,0,0,0,0,0,373500,0,0,0,0,50,0,0,0,0,0,0,0,0,0,0,0,0,0,0,0,0,0,0,0,0,0,0,52,0,42,107,0,0,0,0,0
470,0,9,0,0,0,0,0,373500,0,0,0,0,47,0,0,0,0,0,0,0,0,0,0,0,0,0,0,0,0,0,0,0,0,0,375,42,0,0,53,0,0,0,0,0
470,0,10,0,0,0,0,0,373500,0,0,0,0,53,0,0,0,0,0,0,0,0,0,0,0,0,0,0,0,0,0,0,0,0,0,0,88,92,0,121,0,0,0,0,0
470,0,11,0,0,0,0,0,373500,0,0,0,0,53,0,0,0,0,0,0,0,0,0,0,0,0,0,0,0,0,0,0,0,0,0,0,39,39,0,94,0,0,0,0,0
470,0,12,0,0,0,0,0,373500,0,0,0,0,47,0,0,0,0,0,0,0,0,0,0,0,0,0,0,0,0,0,0,0,0,0,0,0,0,45,93,0,0,0,0,0
470,0,13,0,0,0,0,0,373500,0,0,0,0,53,0,0,0,0,0,0,0,0,0,0,0,0,0,0,0,0,0,0,0,0,0,168,0,0,0,109,0,0,0,0,0
470,0,14,0,0,0,0,0,373501,0,0,0,0,53,0,0,0,0,0,0,0,0,0,0,0,0,0,0,0,0,0,0,0,0,0,0,0,90,0,63,0,0,0,0,0
470,0,15,0,0,0,0,0,373500,0,0,0,0,51,0,0,0,0,0,0,0,0,0,0,0,0,0,0,0,0,0,0,0,0,0,0,0,29,0,102,0,0,0,0,0
471,0,0,0,0,0,0,0,747207,0,0,2564,263168,136,0,0,0,0,0,7542,0,0,0,0,0,0,0,0,2564,2564,0,127448,0,374616,263168,0,937,0,136,284,0,0,0,0,347063
471,0,1,0,0,0,0,0,373604,7542,0,0,0,2689,0,0,0,0,0,7542,0,0,0,0,0,0,0,0,0,1277,0,63833,0,126415,0,0,324,418,645,4645,0,0,82323,0,0
471,0,2,0,0,0,0,0,373604,0,0,0,0,489,17344,0,0,0,0,0,0,0,0,0,0,0,0,0,0,0,0,0,0,63571,64954,0,249,760,632,1017,0,0,81793,0,16868
471,0,3,0,0,0,0,0,373604,0,0,0,0,520,17344,0,0,0,0,0,0,0,0,0,0,0,0,0,0,0,0,0,0,0,64933,0,96,212,0,817,0,0,33227,0,16823
471,0,4,0,0,0,0,0,373604,0,0,0,0,499,17344,0,0,0,0,0,0,0,0,0,0,0,0,0,0,0,0,0,0,0,64760,0,87,0,234,768,64900,0,0,0,16643
471,0,5,0,0,0,0,0,373604,0,0,0,0,481,17344,0,0,0,0,0,0,0,0,0,0,0,0,0,0,0,0,0,0,0,64813,1184,148,0,2,946,0,0,16687,0,16826
471,0,6,0,0,0,0,0,373603,0,0,0,0,47,0,0,0,0,0,0,0,0,0,0,0,0,0,0,0,0,0,0,0,0,0,0,40,98,0,52,0,0,0,0,0
471,0,7,0,0,0,0,0,373604,0,0,0,0,53,0,0,0,0,0,0,0,0,0,0,0,0,0,0,0,0,0,0,0,0,0,0,106,39,0,137,0,0,0,0,0
471,0,8,0,0,0,0,0,373604,0,0,0,0,50,0,0,0,0,0,0,0,0,0,0,0,0,0,0,0,0,0,0,0,0,0,0,52,0,42,107,0,0,0,0,0
471,0,9,0,0,0,0,0,373604,0,0,0,0,47,0,0,0,0,0,0,0,0,0,0,0,0,0,0,0,0,0,0,0,0,0,375,42,0,0,53,0,0,0,0,0
471,0,10,0,0,0,0,0,373604,0,0,0,0,53,0,0,0,0,0,0,0,0,0,0,0,0,0,0,0,0,0,0,0,0,0,0,88,92,0,121,0,0,0,0,0
471,0,11,0,0,0,0,0,373604,0,0,0,0,53,0,0,0,0,0,0,0,0,0,0,0,0,0,0,0,0,0,0,0,0,0,0,41,39,0,94,0,0,0,0,0
471,0,12,0,0,0,0,0,373604,0,0,0,0,47,0,0,0,0,0,0,0,0,0,0,0,0,0,0,0,0,0,0,0,0,0,0,0,0,45,93,0,0,0,0,0
471,0,13,0,0,0,0,0,373604,0,0,0,0,53,0,0,0,0,0,0,0,0,0,0,0,0,0,0,0,0,0,0,0,0,0,168,0,0,0,109,0,0,0,0,0
471,0,14,0,0,0,0,0,373604,0,0,0,0,53,0,0,0,0,0,0,0,0,0,0,0,0,0,0,0,0,0,0,0,0,0,0,0,90,0,63,0,0,0,0,0
471,0,15,0,0,0,0,0,373604,0,0,0,0,51,0,0,0,0,0,0,0,0,0,0,0,0,0,0,0,0,0,0,0,0,0,0,0,29,0,100,0,0,0,0,0
472,0,0,0,0,0,0,0,1063519,0,0,3842,394752,136,0,0,0,0,0,9471,0,0,0,0,0,0,0,0,3842,3842,0,127310,0,620365,394752,0,843,0,136,284,0,0,0,0,558299
472,0,1,0,0,0,0,0,531760,9471,0,0,0,3567,0,0,0,0,0,9471,0,0,0,0,0,0,0,0,0,1933,0,63779,0,251316,0,0,319,344,1126,6231,0,0,92932,0,0
472,0,2,0,0,0,0,0,531760,0,0,0,0,395,17344,0,0,0,0,0,0,0,0,0,0,0,0,0,0,0,0,63803,0,126543,64869,0,736,644,1126,806,0,0,83577,0,16809
472,0,3,0,0,0,0,0,531760,0,0,0,0,418,17344,0,0,0,0,0,0,0,0,0,0,0,0,0,0,0,0,63640,0,0,64934,0,353,207,0,634,0,0,36292,0,16795
472,0,4,0,0,0,0,0,531760,0,0,0,0,406,17344,0,0,0,0,0,0,0,0,0,0,0,0,0,0,0,0,0,0,0,64766,0,87,0,233,607,196642,0,0,0,16772
472,0,5,0,0,0,0,0,531760,0,0,0,0,493,17344,0,0,0,0,0,0,0,0,0,0,0,0,0,0,0,0,0,0,0,64893,1866,151,0,1,990,0,0,155534,0,16705
472,0,6,0,0,0,0,0,531759,0,0,0,0,567,17344,0,0,0,0,0,0,0,0,0,0,0,0,0,0,0,0,0,0,0,64860,0,48,875,1,856,0,0,114974,0,16722
472,0,7,0,0,0,0,0,531760,0,0,0,0,574,17344,0,0,0,0,0,0,0,0,0,0,0,0,0,0,0,0,0,0,0,64773,0,102,295,0,1184,0,0,54612,0,16567
472,0,8,0,0,0,0,0,531760,0,0,0,0,52,0,0,0,0,0,0,0,0,0,0,0,0,0,0,0,0,0,0,0,0,0,0,52,0,40,109,0,0,0,0,0
472,0,9,0,0,0,0,0,531760,0,0,0,0,46,0,0,0,0,0,0,0,0,0,0,0,0,0,0,0,0,0,0,0,0,0,394,40,0,0,51,0,0,0,0,0
472,0,10,0,0,0,0,0,531760,0,0,0,0,52,0,0,0,0,0,0,0,0,0,0,0,0,0,0,0,0,0,0,0,0,0,0,80,86,0,120,0,0,0,0,0
472,0,11,0,0,0,0,0,531760,0,0,0,0,46,0,0,0,0,0,0,0,0,0,0,0,0,0,0,0,0,0,0,0,0,0,0,42,46,0,92,0,0,0,0,0
472,0,12,0,0,0,0,0,531760,0,0,0,0,46,0,0,0,0,0,0,0,0,0,0,0,0,0,0,0,0,0,0,0,0,0,0,0,0,46,92,0,0,0,0,0
472,0,13,0,0,0,0,0,531760,0,0,0,0,52,0,0,0,0,0,0,0,0,0,0,0,0,0,0,0,0,0,0,0,0,0,158,0,0,0,110,0,0,0,0,0
472,0,14,0,0,0,0,0,531760,0,0,0,0,46,0,0,0,0,0,0,0,0,0,0,0,0,0,0,0,0,0,0,0,0,0,0,0,100,0,64,0,0,0,0,0
472,0,15,0,0,0,0,0,531760,0,0,0,0,54,0,0,0,0,0,0,0,0,0,0,0,0,0,0,0,0,0,0,0,0,0,0,0,26,0,104,0,0,0,0,0
473,0,0,0,0,0,0,0,1063353,0,0,3842,394752,136,0,0,0,0,0,9468,0,0,0,0,0,0,0,0,3842,3842,0,127407,0,620266,394752,0,843,0,136,284,0,0,0,0,558155
473,0,1,0,0,0,0,0,531676,9468,0,0,0,3545,0,0,0,0,0,9468,0,0,0,0,0,0,0,0,0,1930,0,63799,0,251254,0,0,327,347,1137,6183,0,0,92975,0,0
473,0,2,0,0,0,0,0,531676,0,0,0,0,406,17344,0,0,0,0,0,0,0,0,0,0,0,0,0,0,0,0,63811,0,126519,64875,0,748,634,1105,815,0,0,83629,0,16824
473,0,3,0,0,0,0,0,531676,0,0,0,0,419,17344,0,0,0,0,0,0,0,0,0,0,0,0,0,0,0,0,63626,0,0,64928,0,373,206,0,636,0,0,36332,0,16802
473,0,4,0,0,0,0,0,531676,0,0,0,0,417,17344,0,0,0,0,0,0,0,0,0,0,0,0,0,0,0,0,0,0,0,64788,0,87,0,222,616,196523,0,0,0,16775
473,0,5,0,0,0,0,0,531676,0,0,0,0,472,17344,0,0,0,0,0,0,0,0,0,0,0,0,0,0,0,0,0,0,0,64901,1902,149,0,1,963,0,0,155463,0,16709
473,0,6,0,0,0,0,0,531676,0,0,0,0,558,17344,0,0,0,0,0,0,0,0,0,0,0,0,0,0,0,0,0,0,0,64858,0,40,884,1,843,0,0,115025,0,16731
473,0,7,0,0,0,0,0,531676,0,0,0,0,574,17344,0,0,0,0,0,0,0,0,0,0,0,0,0,0,0,0,0,0,0,64773,0,108,295,0,1158,0,0,54711,0,16556
473,0,8,0,0,0,0,0,531676,0,0,0,0,52,0,0,0,0,0,0,0,0,0,0,0,0,0,0,0,0,0,0,0,0,0,0,52,0,40,109,0,0,0,0,0
473,0,9,0,0,0,0,0,531676,0,0,0,0,46,0,0,0,0,0,0,0,0,0,0,0,0,0,0,0,0,0,0,0,0,0,381,42,0,0,51,0,0,0,0,0
473,0,10,0,0,0,0,0,531676,0,0,0,0,53,0,0,0,0,0,0,0,0,0,0,0,0,0,0,0,0,0,0,0,0,0,0,85,92,0,124,0,0,0,0,0
473,0,11,0,0,0,0,0,531676,0,0,0,0,53,0,0,0,0,0,0,0,0,0,0,0,0,0,0,0,0,0,0,0,0,0,0,41,39,0,94,0,0,0,0,0
473,0,12,0,0,0,0,0,531676,0,0,0,0,47,0,0,0,0,0,0,0,0,0,0,0,0,0,0,0,0,0,0,0,0,0,0,0,0,45,93,0,0,0,0,0
473,0,13,0,0,0,0,0,531676,0,0,0,0,53,0,0,0,0,0,0,0,0,0,0,0,0,0,0,0,0,0,0,0,0,0,165,0,0,0,109,0,0,0,0,0
473,0,14,0,0,0,0,0,531677,0,0,0,0,53,0,0,0,0,0,0,0,0,0,0,0,0,0,0,0,0,0,0,0,0,0,0,0,93,0,66,0,0,0,0,0
473,0,15,0,0,0,0,0,531676,0,0,0,0,54,0,0,0,0,0,0,0,0,0,0,0,0,0,0,0,0,0,0,0,0,0,0,0,26,0,105,0,0,0,0,0
474,0,0,0,0,0,0,0,1063393,0,0,3842,394752,136,0,0,0,0,0,9469,0,0,0,0,0,0,0,0,3842,3842,0,127418,0,620360,394752,0,843,0,136,284,0,0,0,0,558274
474,0,1,0,0,0,0,0,531696,9468,0,0,0,3535,0,0,0,0,0,9468,0,0,0,0,0,0,0,0,0,1938,0,63808,0,251290,0,0,324,366,1131,6240,0,0,93007,0,0
474,0,2,0,0,0,0,0,531696,0,0,0,0,415,17344,0,0,0,0,0,0,0,0,0,0,0,0,0,0,0,0,63807,0,126536,64868,0,751,599,1107,824,0,0,83641,0,16824
474,0,3,0,0,0,0,0,531696,0,0,0,0,391,17344,0,0,0,0,0,0,0,0,0,0,0,0,0,0,0,0,63638,0,0,64935,0,371,233,0,609,0,0,36324,0,16806
474,0,4,0,0,0,0,0,531696,0,0,0,0,400,17344,0,0,0,0,0,0,0,0,0,0,0,0,0,0,0,0,0,0,0,64788,0,87,0,239,618,196616,0,0,0,16775
474,0,5,0,0,0,0,0,531696,0,0,0,0,488,17344,0,0,0,0,0,0,0,0,0,0,0,0,0,0,0,0,0,0,0,64908,1870,151,0,1,980,0,0,155516,0,16708
474,0,6,0,0,0,0,0,531696,0,0,0,0,557,17344,0,0,0,0,0,0,0,0,0,0,0,0,0,0,0,0,0,0,0,64851,0,33,883,1,846,0,0,115194,0,16713
474,0,7,0,0,0,0,0,531696,0,0,0,0,572,17344,0,0,0,0,0,0,0,0,0,0,0,0,0,0,0,0,0,0,0,64772,0,104,297,0,1162,0,0,54739,0,16554
474,0,8,0,0,0,0,0,531696,0,0,0,0,50,0,0,0,0,0,0,0,0,0,0,0,0,0,0,0,0,0,0,0,0,0,0,52,0,42,107,0,0,0,0,0
474,0,9,0,0,0,0,0,531696,0,0,0,0,48,0,0,0,0,0,0,0,0,0,0,0,0,0,0,0,0,0,0,0,0,0,381,40,0,0,53,0,0,0,0,0
474,0,10,0,0,0,0,0,531696,0,0,0,0,52,0,0,0,0,0,0,0,0,0,0,0,0,0,0,0,0,0,0,0,0,0,0,89,88,0,126,0,0,0,0,0
474,0,11,0,0,0,0,0,531696,0,0,0,0,48,0,0,0,0,0,0,0,0,0,0,0,0,0,0,0,0,0,0,0,0,0,0,40,44,0,94,0,0,0,0,0
474,0,12,0,0,0,0,0,531696,0,0,0,0,49,0,0,0,0,0,0,0,0,0,0,0,0,0,0,0,0,0,0,0,0,0,0,0,0,43,95,0,0,0,0,0
474,0,13,0,0,0,0,0,531696,0,0,0,0,55,0,0,0,0,0,0,0,0,0,0,0,0,0,0,0,0,0,0,0,0,0,165,0,0,0,113,0,0,0,0,0
474,0,14,0,0,0,0,0,531696,0,0,0,0,52,0,0,0,0,0,0,0,0,0,0,0,0,0,0,0,0,0,0,0,0,0,0,0,93,0,61,0,0,0,0,0
474,0,15,0,0,0,0,0,531696,0,0,0,0,53,0,0,0,0,0,0,0,0,0,0,0,0,0,0,0,0,0,0,0,0,0,0,0,27,0,105,0,0,0,0,0
475,0,0,0,0,0,0,0,1383572,0,0,5122,526336,136,0,0,0,0,0,11403,0,0,0,0,0,0,0,0,5122,5122,0,252732,0,743609,526336,0,1490,0,136,284,0,0,0,0,829564
475,0,1,0,0,0,0,0,691786,11403,0,0,0,4438,0,0,0,0,0,11403,0,0,0,0,0,0,0,0,0,2604,0,126582,0,251215,0,0,574,589,1037,7739,0,0,96389,0,0
475,0,2,0,0,0,0,0,691786,0,0,0,0,339,17344,0,0,0,0,0,0,0,0,0,0,0,0,0,0,0,0,63747,0,126542,64882,0,797,536,1111,702,0,0,88304,0,16782
475,0,3,0,0,0,0,0,691786,0,0,0,0,339,17344,0,0,0,0,0,0,0,0,0,0,0,0,0,0,0,0,63655,0,0,64936,0,366,198,0,511,0,0,31429,0,16854
475,0,4,0,0,0,0,0,691786,0,0,0,0,385,17344,0,0,0,0,0,0,0,0,0,0,0,0,0,0,0,0,63619,0,0,64792,0,318,0,220,597,331286,0,0,0,16714
475,0,5,0,0,0,0,0,691786,0,0,0,0,517,17344,0,0,0,0,0,0,0,0,0,0,0,0,0,0,0,0,63741,0,0,64923,2613,584,0,1,1051,0,0,266047,0,16606
475,0,6,0,0,0,0,0,691785,0,0,0,0,587,17344,0,0,0,0,0,0,0,0,0,0,0,0,0,0,0,0,0,0,0,64877,0,41,913,1,864,0,0,165402,0,16620
475,0,7,0,0,0,0,0,691786,0,0,0,0,590,17344,0,0,0,0,0,0,0,0,0,0,0,0,0,0,0,0,0,0,0,64772,0,106,321,0,1225,0,0,79962,0,16441
475,0,8,0,0,0,0,0,691786,0,0,0,0,516,17344,0,0,0,0,0,0,0,0,0,0,0,0,0,0,0,0,0,0,0,64766,0,57,0,255,1018,147972,0,0,0,16626
475,0,9,0,0,0,0,0,691786,0,0,0,0,512,17344,0,0,0,0,0,0,0,0,0,0,0,0,0,0,0,0,0,0,0,64852,1048,41,0,1,764,0,0,52358,0,16548
475,0,10,0,0,0,0,0,691786,0,0,0,0,54,0,0,0,0,0,0,0,0,0,0,0,0,0,0,0,0,0,0,0,0,0,0,84,92,1,125,0,0,0,0,0
475,0,11,0,0,0,0,0,691786,0,0,0,0,54,0,0,0,0,0,0,0,0,0,0,0,0,0,0,0,0,0,0,0,0,0,0,44,38,0,95,0,0,0,0,0
475,0,12,0,0,0,0,0,691786,0,0,0,0,54,0,0,0,0,0,0,0,0,0,0,0,0,0,0,0,0,0,0,0,0,0,0,0,0,38,95,0,0,0,0,0
475,0,13,0,0,0,0,0,691786,0,0,0,0,51,0,0,0,0,0,0,0,0,0,0,0,0,0,0,0,0,0,0,0,0,0,174,0,0,0,108,0,0,0,0,0
475,0,14,0,0,0,0,0,691786,0,0,0,0,54,0,0,0,0,0,0,0,0,0,0,0,0,0,0,0,0,0,0,0,0,0,0,0,93,0,68,0,0,0,0,0
475,0,15,0,0,0,0,0,691786,0,0,0,0,55,0,0,0,0,0,0,0,0,0,0,0,0,0,0,0,0,0,0,0,0,0,0,0,25,0,105,0,0,0,0,0
476,0,0,0,0,0,0,0,1383449,0,0,5122,526336,136,0,0,0,0,0,11403,0,0,0,0,0,0,0,0,5122,5122,0,252781,0,743563,526336,0,1490,0,136,284,0,0,0,0,829304
476,0,1,0,0,0,0,0,691725,11403,0,0,0,4472,0,0,0,0,0,11403,0,0,0,0,0,0,0,0,0,2596,0,126581,0,251165,0,0,543,590,1033,7825,0,0,96398,0,0
476,0,2,0,0,0,0,0,691725,0,0,0,0,345,17344,0,0,0,0,0,0,0,0,0,0,0,0,0,0,0,0,63743,0,126482,64890,0,783,518,1120,718,0,0,88349,0,16770
476,0,3,0,0,0,0,0,691725,0,0,0,0,328,17344,0,0,0,0,0,0,0,0,0,0,0,0,0,0,0,0,63626,0,0,64923,0,357,209,0,500,0,0,31507,0,16845
476,0,4,0,0,0,0,0,691725,0,0,0,0,398,17344,0,0,0,0,0,0,0,0,0,0,0,0,0,0,0,0,63629,0,0,64786,0,324,0,207,604,331221,0,0,0,16726
476,0,5,0,0,0,0,0,691725,0,0,0,0,543,17344,0,0,0,0,0,0,0,0,0,0,0,0,0,0,0,0,63763,0,0,64918,2579,609,0,2,1083,0,0,265610,0,16596
476,0,6,0,0,0,0,0,691725,0,0,0,0,577,17344,0,0,0,0,0,0,0,0,0,0,0,0,0,0,0,0,0,0,0,64874,0,35,940,0,874,0,0,165540,0,16607
476,0,7,0,0,0,0,0,691725,0,0,0,0,607,17344,0,0,0,0,0,0,0,0,0,0,0,0,0,0,0,0,0,0,0,64760,0,108,304,0,1250,0,0,80155,0,16449
476,0,8,0,0,0,0,0,691725,0,0,0,0,499,17344,0,0,0,0,0,0,0,0,0,0,0,0,0,0,0,0,0,0,0,64773,0,57,0,272,995,148139,0,0,0,16626
476,0,9,0,0,0,0,0,691725,0,0,0,0,495,17344,0,0,0,0,0,0,0,0,0,0,0,0,0,0,0,0,0,0,0,64861,1041,41,0,0,722,0,0,52144,0,16556
476,0,10,0,0,0,0,0,691725,0,0,0,0,54,0,0,0,0,0,0,0,0,0,0,0,0,0,0,0,0,0,0,0,0,0,0,88,92,2,127,0,0,0,0,0
476,0,11,0,0,0,0,0,691725,0,0,0,0,54,0,0,0,0,0,0,0,0,0,0,0,0,0,0,0,0,0,0,0,0,0,0,41,38,0,95,0,0,0,0,0
476,0,12,0,0,0,0,0,691725,0,0,0,0,56,0,0,0,0,0,0,0,0,0,0,0,0,0,0,0,0,0,0,0,0,0,0,0,0,36,97,0,0,0,0,0
476,0,13,0,0,0,0,0,691725,0,0,0,0,52,0,0,0,0,0,0,0,0,0,0,0,0,0,0,0,0,0,0,0,0,0,182,0,0,0,109,0,0,0,0,0
476,0,14,0,0,0,0,0,691726,0,0,0,0,55,0,0,0,0,0,0,0,0,0,0,0,0,0,0,0,0,0,0,0,0,0,0,0,86,0,65,0,0,0,0,0
476,0,15,0,0,0,0,0,691725,0,0,0,0,49,0,0,0,0,0,0,0,0,0,0,0,0,0,0,0,0,0,0,0,0,0,0,0,31,0,102,0,0,0,0,0
477,0,0,0,0,0,0,0,1383852,0,0,5122,526336,136,0,0,0,0,0,11400,0,0,0,0,0,0,0,0,5122,5122,0,252692,0,743567,526336,0,1490,0,136,284,0,0,0,0,829730
477,0,1,0,0,0,0,0,691926,11400,0,0,0,4429,0,0,0,0,0,11400,0,0,0,0,0,0,0,0,0,2584,0,126612,0,251158,0,0,561,592,1056,7746,0,0,96433,0,0
477,0,2,0,0,0,0,0,691926,0,0,0,0,352,17344,0,0,0,0,0,0,0,0,0,0,0,0,0,0,0,0,63749,0,126513,64875,0,778,514,1115,712,0,0,88346,0,16777
477,0,3,0,0,0,0,0,691926,0,0,0,0,331,17344,0,0,0,0,0,0,0,0,0,0,0,0,0,0,0,0,63647,0,0,64923,0,359,206,0,506,0,0,31411,0,16844
477,0,4,0,0,0,0,0,691926,0,0,0,0,386,17344,0,0,0,0,0,0,0,0,0,0,0,0,0,0,0,0,63620,0,0,64773,0,316,0,219,602,331331,0,0,0,16716
477,0,5,0,0,0,0,0,691926,0,0,0,0,511,17344,0,0,0,0,0,0,0,0,0,0,0,0,0,0,0,0,63761,0,0,64926,2619,594,0,1,1048,0,0,265714,0,16604
477,0,6,0,0,0,0,0,691925,0,0,0,0,581,17344,0,0,0,0,0,0,0,0,0,0,0,0,0,0,0,0,0,0,0,64877,0,41,923,1,877,0,0,165309,0,16618
477,0,7,0,0,0,0,0,691926,0,0,0,0,594,17344,0,0,0,0,0,0,0,0,0,0,0,0,0,0,0,0,0,0,0,64775,0,107,317,0,1235,0,0,80184,0,16444
477,0,8,0,0,0,0,0,691926,0,0,0,0,489,17344,0,0,0,0,0,0,0,0,0,0,0,0,0,0,0,0,0,0,0,64760,0,57,0,282,993,148147,0,0,0,16624
477,0,9,0,0,0,0,0,691926,0,0,0,0,494,17344,0,0,0,0,0,0,0,0,0,0,0,0,0,0,0,0,0,0,0,64861,1039,41,0,1,736,0,0,52667,0,16541
477,0,10,0,0,0,0,0,691926,0,0,0,0,54,0,0,0,0,0,0,0,0,0,0,0,0,0,0,0,0,0,0,0,0,0,0,84,92,1,125,0,0,0,0,0
477,0,11,0,0,0,0,0,691926,0,0,0,0,54,0,0,0,0,0,0,0,0,0,0,0,0,0,0,0,0,0,0,0,0,0,0,43,38,0,95,0,0,0,0,0
477,0,12,0,0,0,0,0,691926,0,0,0,0,54,0,0,0,0,0,0,0,0,0,0,0,0,0,0,0,0,0,0,0,0,0,0,0,0,38,95,0,0,0,0,0
477,0,13,0,0,0,0,0,691926,0,0,0,0,51,0,0,0,0,0,0,0,0,0,0,0,0,0,0,0,0,0,0,0,0,0,174,0,0,0,108,0,0,0,0,0
477,0,14,0,0,0,0,0,691926,0,0,0,0,54,0,0,0,0,0,0,0,0,0,0,0,0,0,0,0,0,0,0,0,0,0,0,0,93,0,68,0,0,0,0,0
477,0,15,0,0,0,0,0,691926,0,0,0,0,55,0,0,0,0,0,0,0,0,0,0,0,0,0,0,0,0,0,0,0,0,0,0,0,25,0,106,0,0,0,0,0
478,0,0,0,0,0,0,0,1695124,0,0,6404,657920,136,0,0,0,0,0,13338,0,0,0,0,0,0,0,0,6404,6404,0,252663,0,986622,657920,0,1350,0,136,284,0,0,0,0,1231943
478,0,1,0,0,0,0,0,847562,13338,0,0,0,5269,0,0,0,0,0,13338,0,0,0,0,0,0,0,0,0,3221,0,126652,0,374663,0,0,570,537,1546,9192,0,0,95349,0,0
478,0,2,0,0,0,0,0,847562,0,0,0,0,300,17344,0,0,0,0,0,0,0,0,0,0,0,0,0,0,0,0,126848,0,188830,64876,0,1311,481,1564,615,0,0,86006,0,16777
478,0,3,0,0,0,0,0,847562,0,0,0,0,306,17344,0,0,0,0,0,0,0,0,0,0,0,0,0,0,0,0,126680,0,0,64920,0,645,170,0,462,0,0,36832,0,16809
478,0,4,0,0,0,0,0,847562,0,0,0,0,325,17344,0,0,0,0,0,0,0,0,0,0,0,0,0,0,0,0,63599,0,0,64779,0,298,0,200,506,497878,0,0,0,16749
478,0,5,0,0,0,0,0,847562,0,0,0,0,450,17344,0,0,0,0,0,0,0,0,0,0,0,0,0,0,0,0,63793,0,0,64915,3324,645,0,1,923,0,0,289925,0,16521
478,0,6,0,0,0,0,0,847562,0,0,0,0,524,17344,0,0,0,0,0,0,0,0,0,0,0,0,0,0,0,0,63759,0,0,64917,0,330,811,2,773,0,0,174303,0,16562
478,0,7,0,0,0,0,0,847562,0,0,0,0,527,17344,0,0,0,0,0,0,0,0,0,0,0,0,0,0,0,0,63824,0,0,64807,0,681,281,0,1083,0,0,82089,0,16440
478,0,8,0,0,0,0,0,847562,0,0,0,0,449,17344,0,0,0,0,0,0,0,0,0,0,0,0,0,0,0,0,0,0,0,64760,0,52,0,262,916,447090,0,0,0,16434
478,0,9,0,0,0,0,0,847562,0,0,0,0,565,17344,0,0,0,0,0,0,0,0,0,0,0,0,0,0,0,0,0,0,0,64873,1926,41,0,1,846,0,0,299737,0,16465
478,0,10,0,0,0,0,0,847562,0,0,0,0,658,17344,0,0,0,0,0,0,0,0,0,0,0,0,0,0,0,0,0,0,0,64919,0,86,938,1,1315,0,0,209909,0,16578
478,0,11,0,0,0,0,0,847562,0,0,0,0,630,17344,0,0,0,0,0,0,0,0,0,0,0,0,0,0,0,0,0,0,0,64889,0,42,337,0,976,0,0,103397,0,16367
478,0,12,0,0,0,0,0,847562,0,0,0,0,46,0,0,0,0,0,0,0,0,0,0,0,0,0,0,0,0,0,0,0,0,0,0,0,0,46,92,0,0,0,0,0
478,0,13,0,0,0,0,0,847562,0,0,0,0,53,0,0,0,0,0,0,0,0,0,0,0,0,0,0,0,0,0,0,0,0,0,168,0,0,0,110,0,0,0,0,0
478,0,14,0,0,0,0,0,847562,0,0,0,0,52,0,0,0,0,0,0,0,0,0,0,0,0,0,0,0,0,0,0,0,0,0,0,0,89,0,64,0,0,0,0,0
478,0,15,0,0,0,0,0,847562,0,0,0,0,49,0,0,0,0,0,0,0,0,0,0,0,0,0,0,0,0,0,0,0,0,0,0,0,31,0,103,0,0,0,0,0
479,0,0,0,0,0,0,0,1695006,0,0,6404,657920,136,0,0,0,0,0,13338,0,0,0,0,0,0,0,0,6404,6404,0,252600,0,986652,657920,0,1350,0,136,284,0,0,0,0,1232300
479,0,1,0,0,0,0,0,847503,13338,0,0,0,5282,0,0,0,0,0,13338,0,0,0,0,0,0,0,0,0,3222,0,126654,0,374722,0,0,560,538,1542,9157,0,0,95473,0,0
479,0,2,0,0,0,0,0,847503,0,0,0,0,311,17344,0,0,0,0,0,0,0,0,0,0,0,0,0,0,0,0,126849,0,188850,64870,0,1317,486,1565,623,0,0,86089,0,16750
479,0,3,0,0,0,0,0,847503,0,0,0,0,323,17344,0,0,0,0,0,0,0,0,0,0,0,0,0,0,0,0,126690,0,0,64938,0,643,154,0,479,0,0,36895,0,16795
479,0,4,0,0,0,0,0,847503,0,0,0,0,335,17344,0,0,0,0,0,0,0,0,0,0,0,0,0,0,0,0,63572,0,0,64783,0,305,0,190,508,497909,0,0,0,16738
479,0,5,0,0,0,0,0,847503,0,0,0,0,446,17344,0,0,0,0,0,0,0,0,0,0,0,0,0,0,0,0,63773,0,0,64916,3367,655,0,1,919,0,0,290301,0,16527
479,0,6,0,0,0,0,0,847503,0,0,0,0,515,17344,0,0,0,0,0,0,0,0,0,0,0,0,0,0,0,0,63775,0,0,64907,0,325,805,1,763,0,0,174314,0,16559
479,0,7,0,0,0,0,0,847503,0,0,0,0,511,17344,0,0,0,0,0,0,0,0,0,0,0,0,0,0,0,0,63827,0,0,64796,0,674,297,0,1077,0,0,82894,0,16423
479,0,8,0,0,0,0,0,847503,0,0,0,0,470,17344,0,0,0,0,0,0,0,0,0,0,0,0,0,0,0,0,0,0,0,64746,0,52,0,241,930,447761,0,0,0,16449
479,0,9,0,0,0,0,0,847503,0,0,0,0,563,17344,0,0,0,0,0,0,0,0,0,0,0,0,0,0,0,0,0,0,0,64875,1903,40,0,1,835,0,0,299457,0,16446
479,0,10,0,0,0,0,0,847503,0,0,0,0,648,17344,0,0,0,0,0,0,0,0,0,0,0,0,0,0,0,0,0,0,0,64931,0,88,985,1,1308,0,0,209786,0,16569
479,0,11,0,0,0,0,0,847503,0,0,0,0,666,17344,0,0,0,0,0,0,0,0,0,0,0,0,0,0,0,0,0,0,0,64883,0,41,300,0,1021,0,0,103322,0,16358
479,0,12,0,0,0,0,0,847503,0,0,0,0,48,0,0,0,0,0,0,0,0,0,0,0,0,0,0,0,0,0,0,0,0,0,0,0,0,44,94,0,0,0,0,0
479,0,13,0,0,0,0,0,847503,0,0,0,0,54,0,0,0,0,0,0,0,0,0,0,0,0,0,0,0,0,0,0,0,0,0,167,0,0,0,112,0,0,0,0,0
479,0,14,0,0,0,0,0,847504,0,0,0,0,53,0,0,0,0,0,0,0,0,0,0,0,0,0,0,0,0,0,0,0,0,0,0,0,91,0,63,0,0,0,0,0
479,0,15,0,0,0,0,0,847503,0,0,0,0,52,0,0,0,0,0,0,0,0,0,0,0,0,0,0,0,0,0,0,0,0,0,0,0,28,0,107,0,0,0,0,0
480,0,0,0,0,0,0,0,1694842,0,0,6404,657920,136,0,0,0,0,0,13335,0,0,0,0,0,0,0,0,6404,6404,0,252671,0,986559,657920,0,1350,0,136,284,0,0,0,0,1232040
480,0,1,0,0,0,0,0,847421,13335,0,0,0,5287,0,0,0,0,0,13335,0,0,0,0,0,0,0,0,0,3214,0,126636,0,374698,0,0,566,519,1550,9220,0,0,95390,0,0
480,0,2,0,0,0,0,0,847421,0,0,0,0,298,17344,0,0,0,0,0,0,0,0,0,0,0,0,0,0,0,0,126869,0,188797,64877,0,1301,487,1567,616,0,0,85978,0,16787
480,0,3,0,0,0,0,0,847421,0,0,0,0,311,17344,0,0,0,0,0,0,0,0,0,0,0,0,0,0,0,0,126652,0,0,64933,0,642,166,0,466,0,0,36848,0,16796
480,0,4,0,0,0,0,0,847421,0,0,0,0,336,17344,0,0,0,0,0,0,0,0,0,0,0,0,0,0,0,0,63587,0,0,64790,0,297,0,189,499,497966,0,0,0,16747
480,0,5,0,0,0,0,0,847421,0,0,0,0,463,17344,0,0,0,0,0,0,0,0,0,0,0,0,0,0,0,0,63779,0,0,64916,3308,651,0,1,934,0,0,289831,0,16530
480,0,6,0,0,0,0,0,847420,0,0,0,0,516,17344,0,0,0,0,0,0,0,0,0,0,0,0,0,0,0,0,63775,0,0,64921,0,348,836,2,757,0,0,174588,0,16569
480,0,7,0,0,0,0,0,847421,0,0,0,0,544,17344,0,0,0,0,0,0,0,0,0,0,0,0,0,0,0,0,63822,0,0,64790,0,674,264,0,1110,0,0,83391,0,16423
480,0,8,0,0,0,0,0,847421,0,0,0,0,468,17344,0,0,0,0,0,0,0,0,0,0,0,0,0,0,0,0,0,0,0,64752,0,52,0,243,936,446931,0,0,0,16447
480,0,9,0,0,0,0,0,847421,0,0,0,0,584,17344,0,0,0,0,0,0,0,0,0,0,0,0,0,0,0,0,0,0,0,64869,1915,40,0,1,860,0,0,299640,0,16456
480,0,10,0,0,0,0,0,847421,0,0,0,0,639,17344,0,0,0,0,0,0,0,0,0,0,0,0,0,0,0,0,0,0,0,64930,0,80,959,1,1284,0,0,209984,0,16566
480,0,11,0,0,0,0,0,847421,0,0,0,0,632,17344,0,0,0,0,0,0,0,0,0,0,0,0,0,0,0,0,0,0,0,64885,0,45,335,0,982,0,0,103291,0,16349
480,0,12,0,0,0,0,0,847421,0,0,0,0,46,0,0,0,0,0,0,0,0,0,0,0,0,0,0,0,0,0,0,0,0,0,0,0,0,46,92,0,0,0,0,0
480,0,13,0,0,0,0,0,847421,0,0,0,0,52,0,0,0,0,0,0,0,0,0,0,0,0,0,0,0,0,0,0,0,0,0,158,0,0,0,110,0,0,0,0,0
480,0,14,0,0,0,0,0,847421,0,0,0,0,46,0,0,0,0,0,0,0,0,0,0,0,0,0,0,0,0,0,0,0,0,0,0,0,100,0,64,0,0,0,0,0
480,0,15,0,0,0,0,0,847421,0,0,0,0,54,0,0,0,0,0,0,0,0,0,0,0,0,0,0,0,0,0,0,0,0,0,0,0,26,0,105,0,0,0,0,0
481,0,0,0,0,0,0,0,2163990,0,0,8322,855296,136,0,0,0,0,0,16230,0,0,0,0,0,0,0,0,8322,8322,0,376135,0,1229075,855296,0,1991,0,136,284,0,0,0,0,1707471
481,0,1,0,0,0,0,0,1081995,16230,0,0,0,6605,0,0,0,0,0,16230,0,0,0,0,0,0,0,0,0,4429,0,188557,0,436007,0,0,839,742,1657,11315,0,0,94492,0,0
481,0,2,0,0,0,0,0,1081995,0,0,0,0,237,17344,0,0,0,0,0,0,0,0,0,0,0,0,0,0,0,0,189252,0,188732,64871,0,1849,387,1446,503,0,0,88435,0,16745
481,0,3,0,0,0,0,0,1081995,0,0,0,0,236,17344,0,0,0,0,0,0,0,0,0,0,0,0,0,0,0,0,126751,0,0,64923,0,598,152,0,349,0,0,34083,0,16820
481,0,4,0,0,0,0,0,1081995,0,0,0,0,286,17344,0,0,0,0,0,0,0,0,0,0,0,0,0,0,0,0,126420,0,0,64778,0,537,0,161,423,809819,0,0,0,16742
481,0,5,0,0,0,0,0,1081995,0,0,0,0,377,17344,0,0,0,0,0,0,0,0,0,0,0,0,0,0,0,0,126660,0,0,64913,4543,1245,0,0,780,0,0,324729,0,16472
481,0,6,0,0,0,0,0,1081995,0,0,0,0,423,17344,0,0,0,0,0,0,0,0,0,0,0,0,0,0,0,0,126973,0,0,64891,0,628,682,2,611,0,0,180973,0,16492
481,0,7,0,0,0,0,0,1081995,0,0,0,0,435,17344,0,0,0,0,0,0,0,0,0,0,0,0,0,0,0,0,63740,0,0,64822,0,702,236,0,896,0,0,81290,0,16421
481,0,8,0,0,0,0,0,1081995,0,0,0,0,411,17344,0,0,0,0,0,0,0,0,0,0,0,0,0,0,0,0,63702,0,0,64766,0,566,0,228,844,713436,0,0,0,16486
481,0,9,0,0,0,0,0,1081995,0,0,0,0,571,17344,0,0,0,0,0,0,0,0,0,0,0,0,0,0,0,0,63769,0,0,64948,3035,358,0,0,848,0,0,565683,0,16374
481,0,10,0,0,0,0,0,1081995,0,0,0,0,631,17344,0,0,0,0,0,0,0,0,0,0,0,0,0,0,0,0,63827,0,0,64969,0,686,1012,2,1303,0,0,248407,0,16424
481,0,11,0,0,0,0,0,1081995,0,0,0,0,659,17344,0,0,0,0,0,0,0,0,0,0,0,0,0,0,0,0,0,0,0,64914,0,41,326,0,1002,0,0,129216,0,16302
481,0,12,0,0,0,0,0,1081995,0,0,0,0,567,17344,0,0,0,0,0,0,0,0,0,0,0,0,0,0,0,0,0,0,0,64906,0,0,0,314,890,567561,0,0,0,16256
481,0,13,0,0,0,0,0,1081995,0,0,0,0,658,17344,0,0,0,0,0,0,0,0,0,0,0,0,0,0,0,0,0,0,0,64920,1568,0,0,1,1293,0,0,318569,0,16532
481,0,14,0,0,0,0,0,1081995,0,0,0,0,638,17344,0,0,0,0,0,0,0,0,0,0,0,0,0,0,0,0,0,0,0,65051,0,0,389,1,945,0,0,126653,0,16274
481,0,15,0,0,0,0,0,1081995,0,0,0,0,42,0,0,0,0,0,0,0,0,0,0,0,0,0,0,0,0,0,0,0,0,0,0,0,38,0,99,0,0,0,0,0
482,0,0,0,0,0,0,0,2164134,0,0,8322,855296,136,0,0,0,0,0,16230,0,0,0,0,0,0,0,0,8322,8322,0,376152,0,1228912,855296,0,1991,0,136,284,0,0,0,0,1707419
482,0,1,0,0,0,0,0,1082067,16230,0,0,0,6609,0,0,0,0,0,16230,0,0,0,0,0,0,0,0,0,4457,0,188577,0,435926,0,0,832,731,1671,11305,0,0,94416,0,0
482,0,2,0,0,0,0,0,1082067,0,0,0,0,245,17344,0,0,0,0,0,0,0,0,0,0,0,0,0,0,0,0,189179,0,188689,64860,0,1851,390,1440,500,0,0,88364,0,16759
482,0,3,0,0,0,0,0,1082067,0,0,0,0,246,17344,0,0,0,0,0,0,0,0,0,0,0,0,0,0,0,0,126712,0,0,64905,0,601,142,0,362,0,0,34064,0,16813
482,0,4,0,0,0,0,0,1082067,0,0,0,0,285,17344,0,0,0,0,0,0,0,0,0,0,0,0,0,0,0,0,126431,0,0,64776,0,533,0,162,422,809451,0,0,0,16728
482,0,5,0,0,0,0,0,1082067,0,0,0,0,384,17344,0,0,0,0,0,0,0,0,0,0,0,0,0,0,0,0,126651,0,0,64925,4554,1257,0,0,782,0,0,324688,0,16476
482,0,6,0,0,0,0,0,1082066,0,0,0,0,425,17344,0,0,0,0,0,0,0,0,0,0,0,0,0,0,0,0,126986,0,0,64887,0,613,690,2,626,0,0,180922,0,16495
482,0,7,0,0,0,0,0,1082067,0,0,0,0,445,17344,0,0,0,0,0,0,0,0,0,0,0,0,0,0,0,0,63733,0,0,64813,0,686,226,0,919,0,0,81372,0,16438
482,0,8,0,0,0,0,0,1082067,0,0,0,0,420,17344,0,0,0,0,0,0,0,0,0,0,0,0,0,0,0,0,63695,0,0,64770,0,588,0,219,835,714403,0,0,0,16481
482,0,9,0,0,0,0,0,1082067,0,0,0,0,585,17344,0,0,0,0,0,0,0,0,0,0,0,0,0,0,0,0,63756,0,0,64946,3008,343,0,0,865,0,0,564865,0,16378
482,0,10,0,0,0,0,0,1082067,0,0,0,0,647,17344,0,0,0,0,0,0,0,0,0,0,0,0,0,0,0,0,63784,0,0,64973,0,690,1001,2,1330,0,0,247364,0,16433
482,0,11,0,0,0,0,0,1082067,0,0,0,0,664,17344,0,0,0,0,0,0,0,0,0,0,0,0,0,0,0,0,0,0,0,64912,0,45,321,0,1019,0,0,129049,0,16310
482,0,12,0,0,0,0,0,1082067,0,0,0,0,583,17344,0,0,0,0,0,0,0,0,0,0,0,0,0,0,0,0,0,0,0,64907,0,0,0,298,884,569221,0,0,0,16270
482,0,13,0,0,0,0,0,1082067,0,0,0,0,651,17344,0,0,0,0,0,0,0,0,0,0,0,0,0,0,0,0,0,0,0,64917,1601,0,0,2,1301,0,0,321434,0,16510
482,0,14,0,0,0,0,0,1082067,0,0,0,0,660,17344,0,0,0,0,0,0,0,0,0,0,0,0,0,0,0,0,0,0,0,65057,0,0,378,0,963,0,0,126564,0,16270
482,0,15,0,0,0,0,0,1082067,0,0,0,0,53,0,0,0,0,0,0,0,0,0,0,0,0,0,0,0,0,0,0,0,0,0,0,0,27,0,107,0,0,0,0,0
483,0,0,0,0,0,0,0,2163971,0,0,8322,855296,136,0,0,0,0,0,16230,0,0,0,0,0,0,0,0,8322,8322,0,376059,0,1229022,855296,0,1991,0,136,284,0,0,0,0,1707726
483,0,1,0,0,0,0,0,1081985,16230,0,0,0,6593,0,0,0,0,0,16230,0,0,0,0,0,0,0,0,0,4408,0,188572,0,435964,0,0,829,744,1677,11292,0,0,94606,0,0
483,0,2,0,0,0,0,0,1081985,0,0,0,0,241,17344,0,0,0,0,0,0,0,0,0,0,0,0,0,0,0,0,189252,0,188686,64853,0,1817,400,1458,506,0,0,88540,0,16767
483,0,3,0,0,0,0,0,1081985,0,0,0,0,253,17344,0,0,0,0,0,0,0,0,0,0,0,0,0,0,0,0,126697,0,0,64914,0,594,136,0,357,0,0,34109,0,16816
483,0,4,0,0,0,0,0,1081985,0,0,0,0,285,17344,0,0,0,0,0,0,0,0,0,0,0,0,0,0,0,0,126382,0,0,64777,0,530,0,162,431,809674,0,0,0,16723
483,0,5,0,0,0,0,0,1081985,0,0,0,0,379,17344,0,0,0,0,0,0,0,0,0,0,0,0,0,0,0,0,126656,0,0,64926,4541,1252,0,1,785,0,0,324801,0,16469
483,0,6,0,0,0,0,0,1081985,0,0,0,0,439,17344,0,0,0,0,0,0,0,0,0,0,0,0,0,0,0,0,126983,0,0,64884,0,653,669,2,634,0,0,180021,0,16477
483,0,7,0,0,0,0,0,1081985,0,0,0,0,438,17344,0,0,0,0,0,0,0,0,0,0,0,0,0,0,0,0,63759,0,0,64796,0,698,232,0,908,0,0,80369,0,16415
483,0,8,0,0,0,0,0,1081985,0,0,0,0,417,17344,0,0,0,0,0,0,0,0,0,0,0,0,0,0,0,0,63689,0,0,64758,0,586,0,222,837,713181,0,0,0,16491
483,0,9,0,0,0,0,0,1081985,0,0,0,0,577,17344,0,0,0,0,0,0,0,0,0,0,0,0,0,0,0,0,63744,0,0,64943,3046,354,0,1,851,0,0,566664,0,16379
483,0,10,0,0,0,0,0,1081985,0,0,0,0,656,17344,0,0,0,0,0,0,0,0,0,0,0,0,0,0,0,0,63809,0,0,64972,0,662,984,1,1327,0,0,249738,0,16431
483,0,11,0,0,0,0,0,1081985,0,0,0,0,656,17344,0,0,0,0,0,0,0,0,0,0,0,0,0,0,0,0,0,0,0,64912,0,45,329,0,1000,0,0,129958,0,16312
483,0,12,0,0,0,0,0,1081985,0,0,0,0,570,17344,0,0,0,0,0,0,0,0,0,0,0,0,0,0,0,0,0,0,0,64896,0,0,0,311,873,568741,0,0,0,16269
483,0,13,0,0,0,0,0,1081985,0,0,0,0,652,17344,0,0,0,0,0,0,0,0,0,0,0,0,0,0,0,0,0,0,0,64927,1584,0,0,1,1291,0,0,321115,0,16538
483,0,14,0,0,0,0,0,1081985,0,0,0,0,646,17344,0,0,0,0,0,0,0,0,0,0,0,0,0,0,0,0,0,0,0,65041,0,0,382,1,977,0,0,129245,0,16238
483,0,15,0,0,0,0,0,1081985,0,0,0,0,43,0,0,0,0,0,0,0,0,0,0,0,0,0,0,0,0,0,0,0,0,0,0,0,37,0,96,0,0,0,0,0
484,0,0,0,0,0,0,0,807360,0,0,2562,65792,136,0,0,0,0,0,7521,0,0,0,0,0,0,0,0,2562,2562,0,0,0,125672,65792,0,294,0,136,284,0,0,0,0,266920
484,0,1,0,0,0,0,0,403680,7521,0,0,0,2709,0,0,0,0,0,7521,0,0,0,0,0,0,0,0,0,987,0,0,0,63966,0,0,84,170,1108,5039,0,0,265712,0,0
484,0,2,0,0,0,0,0,403680,0,0,0,0,1663,265984,0,0,0,0,0,0,0,0,0,0,0,0,0,0,0,0,0,0,0,64778,0,249,1037,282,3359,0,0,151,0,265922
484,0,3,0,0,0,0,0,403680,0,0,0,0,47,0,0,0,0,0,0,0,0,0,0,0,0,0,0,0,0,0,0,0,0,0,0,92,45,0,54,0,0,0,0,0
484,0,4,0,0,0,0,0,403680,0,0,0,0,47,0,0,0,0,0,0,0,0,0,0,0,0,0,0,0,0,0,0,0,0,0,0,87,0,45,62,0,0,0,0,0
484,0,5,0,0,0,0,0,403680,0,0,0,0,47,0,0,0,0,0,0,0,0,0,0,0,0,0,0,0,0,0,0,0,0,0,537,148,0,0,109,0,0,0,0,0
484,0,6,0,0,0,0,0,403680,0,0,0,0,47,0,0,0,0,0,0,0,0,0,0,0,0,0,0,0,0,0,0,0,0,0,0,40,98,0,52,0,0,0,0,0
484,0,7,0,0,0,0,0,403680,0,0,0,0,53,0,0,0,0,0,0,0,0,0,0,0,0,0,0,0,0,0,0,0,0,0,0,104,39,0,140,0,0,0,0,0
484,0,8,0,0,0,0,0,403680,0,0,0,0,50,0,0,0,0,0,0,0,0,0,0,0,0,0,0,0,0,0,0,0,0,0,0,52,0,42,107,0,0,0,0,0
484,0,9,0,0,0,0,0,403680,0,0,0,0,47,0,0,0,0,0,0,0,0,0,0,0,0,0,0,0,0,0,0,0,0,0,365,42,0,0,53,0,0,0,0,0
484,0,10,0,0,0,0,0,403680,0,0,0,0,53,0,0,0,0,0,0,0,0,0,0,0,0,0,0,0,0,0,0,0,0,0,0,91,92,0,118,0,0,0,0,0
484,0,11,0,0,0,0,0,403680,0,0,0,0,53,0,0,0,0,0,0,0,0,0,0,0,0,0,0,0,0,0,0,0,0,0,0,40,39,0,94,0,0,0,0,0
484,0,12,0,0,0,0,0,403680,0,0,0,0,47,0,0,0,0,0,0,0,0,0,0,0,0,0,0,0,0,0,0,0,0,0,0,0,0,45,93,0,0,0,0,0
484,0,13,0,0,0,0,0,403680,0,0,0,0,53,0,0,0,0,0,0,0,0,0,0,0,0,0,0,0,0,0,0,0,0,0,178,0,0,0,109,0,0,0,0,0
484,0,14,0,0,0,0,0,403680,0,0,0,0,53,0,0,0,0,0,0,0,0,0,0,0,0,0,0,0,0,0,0,0,0,0,0,0,80,0,60,0,0,0,0,0
484,0,15,0,0,0,0,0,403680,0,0,0,0,41,0,0,0,0,0,0,0,0,0,0,0,0,0,0,0,0,0,0,0,0,0,0,0,39,0,88,0,0,0,0,0
485,0,0,0,0,0,0,0,807364,0,0,2562,65792,136,0,0,0,0,0,7521,0,0,0,0,0,0,0,0,2562,2562,0,0,0,125678,65792,0,294,0,136,284,0,0,0,0,266837
485,0,1,0,0,0,0,0,403682,7521,0,0,0,2693,0,0,0,0,0,7521,0,0,0,0,0,0,0,0,0,997,0,0,0,63977,0,0,76,172,1130,5027,0,0,265744,0,0
485,0,2,0,0,0,0,0,403682,0,0,0,0,1656,265984,0,0,0,0,0,0,0,0,0,0,0,0,0,0,0,0,0,0,0,64773,0,255,1044,267,3339,0,0,134,0,265935
485,0,3,0,0,0,0,0,403682,0,0,0,0,47,0,0,0,0,0,0,0,0,0,0,0,0,0,0,0,0,0,0,0,0,0,0,100,45,0,61,0,0,0,0,0
485,0,4,0,0,0,0,0,403682,0,0,0,0,47,0,0,0,0,0,0,0,0,0,0,0,0,0,0,0,0,0,0,0,0,0,0,87,0,45,69,0,0,0,0,0
485,0,5,0,0,0,0,0,403682,0,0,0,0,47,0,0,0,0,0,0,0,0,0,0,0,0,0,0,0,0,0,0,0,0,0,526,148,0,0,117,0,0,0,0,0
485,0,6,0,0,0,0,0,403683,0,0,0,0,47,0,0,0,0,0,0,0,0,0,0,0,0,0,0,0,0,0,0,0,0,0,0,34,98,0,52,0,0,0,0,0
485,0,7,0,0,0,0,0,403682,0,0,0,0,53,0,0,0,0,0,0,0,0,0,0,0,0,0,0,0,0,0,0,0,0,0,0,104,39,0,132,0,0,0,0,0
485,0,8,0,0,0,0,0,403682,0,0,0,0,50,0,0,0,0,0,0,0,0,0,0,0,0,0,0,0,0,0,0,0,0,0,0,52,0,42,107,0,0,0,0,0
485,0,9,0,0,0,0,0,403682,0,0,0,0,47,0,0,0,0,0,0,0,0,0,0,0,0,0,0,0,0,0,0,0,0,0,376,42,0,0,53,0,0,0,0,0
485,0,10,0,0,0,0,0,403682,0,0,0,0,53,0,0,0,0,0,0,0,0,0,0,0,0,0,0,0,0,0,0,0,0,0,0,89,92,0,126,0,0,0,0,0
485,0,11,0,0,0,0,0,403682,0,0,0,0,53,0,0,0,0,0,0,0,0,0,0,0,0,0,0,0,0,0,0,0,0,0,0,40,39,0,94,0,0,0,0,0
485,0,12,0,0,0,0,0,403682,0,0,0,0,47,0,0,0,0,0,0,0,0,0,0,0,0,0,0,0,0,0,0,0,0,0,0,0,0,45,93,0,0,0,0,0
485,0,13,0,0,0,0,0,403682,0,0,0,0,53,0,0,0,0,0,0,0,0,0,0,0,0,0,0,0,0,0,0,0,0,0,167,0,0,0,109,0,0,0,0,0
485,0,14,0,0,0,0,0,403682,0,0,0,0,53,0,0,0,0,0,0,0,0,0,0,0,0,0,0,0,0,0,0,0,0,0,0,0,91,0,62,0,0,0,0,0
485,0,15,0,0,0,0,0,403682,0,0,0,0,52,0,0,0,0,0,0,0,0,0,0,0,0,0,0,0,0,0,0,0,0,0,0,0,28,0,99,0,0,0,0,0
486,0,0,0,0,0,0,0,807333,0,0,2562,65792,136,0,0,0,0,0,7521,0,0,0,0,0,0,0,0,2562,2562,0,0,0,125672,65792,0,294,0,136,284,0,0,0,0,266849
486,0,1,0,0,0,0,0,403666,7521,0,0,0,2723,0,0,0,0,0,7521,0,0,0,0,0,0,0,0,0,973,0,0,0,63965,0,0,84,171,1093,5069,0,0,265734,0,0
486,0,2,0,0,0,0,0,403666,0,0,0,0,1679,265984,0,0,0,0,0,0,0,0,0,0,0,0,0,0,0,0,0,0,0,64779,0,249,1021,282,3390,0,0,128,0,265938
486,0,3,0,0,0,0,0,403666,0,0,0,0,47,0,0,0,0,0,0,0,0,0,0,0,0,0,0,0,0,0,0,0,0,0,0,92,45,0,54,0,0,0,0,0
486,0,4,0,0,0,0,0,403666,0,0,0,0,47,0,0,0,0,0,0,0,0,0,0,0,0,0,0,0,0,0,0,0,0,0,0,87,0,45,62,0,0,0,0,0
486,0,5,0,0,0,0,0,403666,0,0,0,0,47,0,0,0,0,0,0,0,0,0,0,0,0,0,0,0,0,0,0,0,0,0,537,148,0,0,109,0,0,0,0,0
486,0,6,0,0,0,0,0,403665,0,0,0,0,47,0,0,0,0,0,0,0,0,0,0,0,0,0,0,0,0,0,0,0,0,0,0,40,98,0,52,0,0,0,0,0
486,0,7,0,0,0,0,0,403666,0,0,0,0,53,0,0,0,0,0,0,0,0,0,0,0,0,0,0,0,0,0,0,0,0,0,0,104,39,0,140,0,0,0,0,0
486,0,8,0,0,0,0,0,403666,0,0,0,0,50,0,0,0,0,0,0,0,0,0,0,0,0,0,0,0,0,0,0,0,0,0,0,52,0,42,107,0,0,0,0,0
486,0,9,0,0,0,0,0,403666,0,0,0,0,47,0,0,0,0,0,0,0,0,0,0,0,0,0,0,0,0,0,0,0,0,0,365,42,0,0,53,0,0,0,0,0
486,0,10,0,0,0,0,0,403666,0,0,0,0,53,0,0,0,0,0,0,0,0,0,0,0,0,0,0,0,0,0,0,0,0,0,0,91,92,0,118,0,0,0,0,0
486,0,11,0,0,0,0,0,403666,0,0,0,0,53,0,0,0,0,0,0,0,0,0,0,0,0,0,0,0,0,0,0,0,0,0,0,40,39,0,94,0,0,0,0,0
486,0,12,0,0,0,0,0,403666,0,0,0,0,47,0,0,0,0,0,0,0,0,0,0,0,0,0,0,0,0,0,0,0,0,0,0,0,0,45,93,0,0,0,0,0
486,0,13,0,0,0,0,0,403666,0,0,0,0,53,0,0,0,0,0,0,0,0,0,0,0,0,0,0,0,0,0,0,0,0,0,178,0,0,0,109,0,0,0,0,0
486,0,14,0,0,0,0,0,403666,0,0,0,0,53,0,0,0,0,0,0,0,0,0,0,0,0,0,0,0,0,0,0,0,0,0,0,0,80,0,60,0,0,0,0,0
486,0,15,0,0,0,0,0,403666,0,0,0,0,41,0,0,0,0,0,0,0,0,0,0,0,0,0,0,0,0,0,0,0,0,0,0,0,39,0,88,0,0,0,0,0
487,0,0,0,0,0,0,0,1380302,0,0,5122,131584,136,0,0,0,0,0,11367,0,0,0,0,0,0,0,0,5122,5122,0,0,0,248873,131584,0,294,0,136,284,0,0,0,0,807019
487,0,1,0,0,0,0,0,690151,11367,0,0,0,4395,0,0,0,0,0,11367,0,0,0,0,0,0,0,0,0,2553,0,0,0,126498,0,0,76,172,1989,7711,0,0,283031,0,0
487,0,2,0,0,0,0,0,690151,0,0,0,0,1837,265984,0,0,0,0,0,0,0,0,0,0,0,0,0,0,0,0,0,0,63520,64999,0,255,2620,1846,3643,0,0,275479,0,261662
487,0,3,0,0,0,0,0,690151,0,0,0,0,1807,265984,0,0,0,0,0,0,0,0,0,0,0,0,0,0,0,0,0,0,0,65008,0,100,846,0,2805,0,0,12769,0,261733
487,0,4,0,0,0,0,0,690151,0,0,0,0,47,0,0,0,0,0,0,0,0,0,0,0,0,0,0,0,0,0,0,0,0,0,0,87,0,45,70,0,0,0,0,0
487,0,5,0,0,0,0,0,690151,0,0,0,0,47,0,0,0,0,0,0,0,0,0,0,0,0,0,0,0,0,0,0,0,0,0,526,148,0,0,117,0,0,0,0,0
487,0,6,0,0,0,0,0,690151,0,0,0,0,47,0,0,0,0,0,0,0,0,0,0,0,0,0,0,0,0,0,0,0,0,0,0,34,98,0,52,0,0,0,0,0
487,0,7,0,0,0,0,0,690151,0,0,0,0,53,0,0,0,0,0,0,0,0,0,0,0,0,0,0,0,0,0,0,0,0,0,0,105,39,0,132,0,0,0,0,0
487,0,8,0,0,0,0,0,690151,0,0,0,0,50,0,0,0,0,0,0,0,0,0,0,0,0,0,0,0,0,0,0,0,0,0,0,52,0,42,107,0,0,0,0,0
487,0,9,0,0,0,0,0,690151,0,0,0,0,47,0,0,0,0,0,0,0,0,0,0,0,0,0,0,0,0,0,0,0,0,0,376,42,0,0,53,0,0,0,0,0
487,0,10,0,0,0,0,0,690151,0,0,0,0,53,0,0,0,0,0,0,0,0,0,0,0,0,0,0,0,0,0,0,0,0,0,0,89,92,0,126,0,0,0,0,0
487,0,11,0,0,0,0,0,690151,0,0,0,0,53,0,0,0,0,0,0,0,0,0,0,0,0,0,0,0,0,0,0,0,0,0,0,40,39,0,94,0,0,0,0,0
487,0,12,0,0,0,0,0,690151,0,0,0,0,47,0,0,0,0,0,0,0,0,0,0,0,0,0,0,0,0,0,0,0,0,0,0,0,0,45,93,0,0,0,0,0
487,0,13,0,0,0,0,0,690151,0,0,0,0,53,0,0,0,0,0,0,0,0,0,0,0,0,0,0,0,0,0,0,0,0,0,167,0,0,0,109,0,0,0,0,0
487,0,14,0,0,0,0,0,690151,0,0,0,0,53,0,0,0,0,0,0,0,0,0,0,0,0,0,0,0,0,0,0,0,0,0,0,0,91,0,62,0,0,0,0,0
487,0,15,0,0,0,0,0,690151,0,0,0,0,52,0,0,0,0,0,0,0,0,0,0,0,0,0,0,0,0,0,0,0,0,0,0,0,28,0,100,0,0,0,0,0
488,0,0,0,0,0,0,0,1380382,0,0,5122,131584,136,0,0,0,0,0,11367,0,0,0,0,0,0,0,0,5122,5122,0,0,0,248871,131584,0,294,0,136,284,0,0,0,0,807122
488,0,1,0,0,0,0,0,690191,11367,0,0,0,4386,0,0,0,0,0,11367,0,0,0,0,0,0,0,0,0,2551,0,0,0,126491,0,0,78,167,2001,7629,0,0,282854,0,0
488,0,2,0,0,0,0,0,690191,0,0,0,0,1844,265984,0,0,0,0,0,0,0,0,0,0,0,0,0,0,0,0,0,0,63522,65002,0,249,2694,1961,3529,0,0,275196,0,261650
488,0,3,0,0,0,0,0,690191,0,0,0,0,1888,265984,0,0,0,0,0,0,0,0,0,0,0,0,0,0,0,0,0,0,0,65007,0,98,765,0,2773,0,0,12548,0,261751
488,0,4,0,0,0,0,0,690191,0,0,0,0,47,0,0,0,0,0,0,0,0,0,0,0,0,0,0,0,0,0,0,0,0,0,0,87,0,45,68,0,0,0,0,0
488,0,5,0,0,0,0,0,690191,0,0,0,0,47,0,0,0,0,0,0,0,0,0,0,0,0,0,0,0,0,0,0,0,0,0,525,148,0,0,115,0,0,0,0,0
488,0,6,0,0,0,0,0,690192,0,0,0,0,47,0,0,0,0,0,0,0,0,0,0,0,0,0,0,0,0,0,0,0,0,0,0,40,98,0,52,0,0,0,0,0
488,0,7,0,0,0,0,0,690191,0,0,0,0,53,0,0,0,0,0,0,0,0,0,0,0,0,0,0,0,0,0,0,0,0,0,0,105,39,0,134,0,0,0,0,0
488,0,8,0,0,0,0,0,690191,0,0,0,0,50,0,0,0,0,0,0,0,0,0,0,0,0,0,0,0,0,0,0,0,0,0,0,52,0,42,107,0,0,0,0,0
488,0,9,0,0,0,0,0,690191,0,0,0,0,47,0,0,0,0,0,0,0,0,0,0,0,0,0,0,0,0,0,0,0,0,0,377,42,0,0,53,0,0,0,0,0
488,0,10,0,0,0,0,0,690191,0,0,0,0,53,0,0,0,0,0,0,0,0,0,0,0,0,0,0,0,0,0,0,0,0,0,0,85,92,0,124,0,0,0,0,0
488,0,11,0,0,0,0,0,690191,0,0,0,0,53,0,0,0,0,0,0,0,0,0,0,0,0,0,0,0,0,0,0,0,0,0,0,40,39,0,94,0,0,0,0,0
488,0,12,0,0,0,0,0,690191,0,0,0,0,47,0,0,0,0,0,0,0,0,0,0,0,0,0,0,0,0,0,0,0,0,0,0,0,0,45,93,0,0,0,0,0
488,0,13,0,0,0,0,0,690191,0,0,0,0,53,0,0,0,0,0,0,0,0,0,0,0,0,0,0,0,0,0,0,0,0,0,166,0,0,0,109,0,0,0,0,0
488,0,14,0,0,0,0,0,690191,0,0,0,0,53,0,0,0,0,0,0,0,0,0,0,0,0,0,0,0,0,0,0,0,0,0,0,0,92,0,66,0,0,0,0,0
488,0,15,0,0,0,0,0,690191,0,0,0,0,53,0,0,0,0,0,0,0,0,0,0,0,0,0,0,0,0,0,0,0,0,0,0,0,27,0,101,0,0,0,0,0
489,0,0,0,0,0,0,0,1380262,0,0,5122,131584,136,0,0,0,0,0,11364,0,0,0,0,0,0,0,0,5122,5122,0,0,0,248876,131584,0,294,0,136,284,0,0,0,0,807093
489,0,1,0,0,0,0,0,690131,11364,0,0,0,4366,0,0,0,0,0,11364,0,0,0,0,0,0,0,0,0,2544,0,0,0,126495,0,0,80,166,2020,7671,0,0,283081,0,0
489,0,2,0,0,0,0,0,690131,0,0,0,0,1815,265984,0,0,0,0,0,0,0,0,0,0,0,0,0,0,0,0,0,0,63526,64999,0,249,2632,1837,3605,0,0,275439,0,261658
489,0,3,0,0,0,0,0,690131,0,0,0,0,1797,265984,0,0,0,0,0,0,0,0,0,0,0,0,0,0,0,0,0,0,0,65005,0,96,856,0,2808,0,0,12792,0,261718
489,0,4,0,0,0,0,0,690131,0,0,0,0,47,0,0,0,0,0,0,0,0,0,0,0,0,0,0,0,0,0,0,0,0,0,0,87,0,45,66,0,0,0,0,0
489,0,5,0,0,0,0,0,690131,0,0,0,0,47,0,0,0,0,0,0,0,0,0,0,0,0,0,0,0,0,0,0,0,0,0,525,148,0,0,113,0,0,0,0,0
489,0,6,0,0,0,0,0,690130,0,0,0,0,47,0,0,0,0,0,0,0,0,0,0,0,0,0,0,0,0,0,0,0,0,0,0,40,98,0,52,0,0,0,0,0
489,0,7,0,0,0,0,0,690131,0,0,0,0,53,0,0,0,0,0,0,0,0,0,0,0,0,0,0,0,0,0,0,0,0,0,0,105,39,0,136,0,0,0,0,0
489,0,8,0,0,0,0,0,690131,0,0,0,0,50,0,0,0,0,0,0,0,0,0,0,0,0,0,0,0,0,0,0,0,0,0,0,52,0,42,107,0,0,0,0,0
489,0,9,0,0,0,0,0,690131,0,0,0,0,47,0,0,0,0,0,0,0,0,0,0,0,0,0,0,0,0,0,0,0,0,0,377,42,0,0,53,0,0,0,0,0
489,0,10,0,0,0,0,0,690131,0,0,0,0,53,0,0,0,0,0,0,0,0,0,0,0,0,0,0,0,0,0,0,0,0,0,0,87,92,0,122,0,0,0,0,0
489,0,11,0,0,0,0,0,690131,0,0,0,0,53,0,0,0,0,0,0,0,0,0,0,0,0,0,0,0,0,0,0,0,0,0,0,40,39,0,94,0,0,0,0,0
489,0,12,0,0,0,0,0,690131,0,0,0,0,47,0,0,0,0,0,0,0,0,0,0,0,0,0,0,0,0,0,0,0,0,0,0,0,0,45,93,0,0,0,0,0
489,0,13,0,0,0,0,0,690131,0,0,0,0,53,0,0,0,0,0,0,0,0,0,0,0,0,0,0,0,0,0,0,0,0,0,166,0,0,0,109,0,0,0,0,0
489,0,14,0,0,0,0,0,690131,0,0,0,0,53,0,0,0,0,0,0,0,0,0,0,0,0,0,0,0,0,0,0,0,0,0,0,0,92,0,64,0,0,0,0,0
489,0,15,0,0,0,0,0,690131,0,0,0,0,53,0,0,0,0,0,0,0,0,0,0,0,0,0,0,0,0,0,0,0,0,0,0,0,27,0,101,0,0,0,0,0
490,0,0,0,0,0,0,0,2624926,0,0,10242,263168,136,0,0,0,0,0,19056,0,0,0,0,0,0,0,0,10242,10242,0,127268,0,374705,263168,0,2857,0,136,284,0,0,0,0,1671850
490,0,1,0,0,0,0,0,1312463,19056,0,0,0,8310,0,0,0,0,0,19056,0,0,0,0,0,0,0,0,0,5110,0,63585,0,126654,0,0,626,744,2074,14044,0,0,1040639,0,0
490,0,2,0,0,0,0,0,1312463,0,0,0,0,1784,265984,0,0,0,0,0,0,0,0,0,0,0,0,0,0,0,0,0,0,63937,64783,0,249,2709,1767,3587,0,0,829285,0,256570
490,0,3,0,0,0,0,0,1312463,0,0,0,0,1845,265984,0,0,0,0,0,0,0,0,0,0,0,0,0,0,0,0,0,0,0,64782,0,95,805,0,2926,0,0,271660,0,257261
490,0,4,0,0,0,0,0,1312463,0,0,0,0,1790,265984,0,0,0,0,0,0,0,0,0,0,0,0,0,0,0,0,0,0,0,64876,0,87,0,863,2385,883972,0,0,0,258406
490,0,5,0,0,0,0,0,1312463,0,0,0,0,1742,265984,0,0,0,0,0,0,0,0,0,0,0,0,0,0,0,0,0,0,0,65047,3135,148,0,1,3825,0,0,261387,0,257447
490,0,6,0,0,0,0,0,1312463,0,0,0,0,47,0,0,0,0,0,0,0,0,0,0,0,0,0,0,0,0,0,0,0,0,0,0,40,98,1,52,0,0,0,0,0
490,0,7,0,0,0,0,0,1312463,0,0,0,0,53,0,0,0,0,0,0,0,0,0,0,0,0,0,0,0,0,0,0,0,0,0,0,106,39,0,137,0,0,0,0,0
490,0,8,0,0,0,0,0,1312463,0,0,0,0,50,0,0,0,0,0,0,0,0,0,0,0,0,0,0,0,0,0,0,0,0,0,0,52,0,42,107,0,0,0,0,0
490,0,9,0,0,0,0,0,1312463,0,0,0,0,47,0,0,0,0,0,0,0,0,0,0,0,0,0,0,0,0,0,0,0,0,0,375,42,0,0,53,0,0,0,0,0
490,0,10,0,0,0,0,0,1312463,0,0,0,0,53,0,0,0,0,0,0,0,0,0,0,0,0,0,0,0,0,0,0,0,0,0,0,88,92,0,121,0,0,0,0,0
490,0,11,0,0,0,0,0,1312463,0,0,0,0,53,0,0,0,0,0,0,0,0,0,0,0,0,0,0,0,0,0,0,0,0,0,0,41,39,0,94,0,0,0,0,0
490,0,12,0,0,0,0,0,1312463,0,0,0,0,47,0,0,0,0,0,0,0,0,0,0,0,0,0,0,0,0,0,0,0,0,0,0,0,0,45,93,0,0,0,0,0
490,0,13,0,0,0,0,0,1312463,0,0,0,0,53,0,0,0,0,0,0,0,0,0,0,0,0,0,0,0,0,0,0,0,0,0,168,0,0,0,109,0,0,0,0,0
490,0,14,0,0,0,0,0,1312463,0,0,0,0,53,0,0,0,0,0,0,0,0,0,0,0,0,0,0,0,0,0,0,0,0,0,0,0,90,0,63,0,0,0,0,0
490,0,15,0,0,0,0,0,1312463,0,0,0,0,51,0,0,0,0,0,0,0,0,0,0,0,0,0,0,0,0,0,0,0,0,0,0,0,29,0,100,0,0,0,0,0
491,0,0,0,0,0,0,0,2624874,0,0,10242,263168,136,0,0,0,0,0,19059,0,0,0,0,0,0,0,0,10242,10242,0,127152,0,374598,263168,0,2857,0,136,284,0,0,0,0,1671340
491,0,1,0,0,0,0,0,1312437,19059,0,0,0,8334,0,0,0,0,0,19059,0,0,0,0,0,0,0,0,0,5128,0,63537,0,126682,0,0,645,684,2091,14083,0,0,1040988,0,0
491,0,2,0,0,0,0,0,1312437,0,0,0,0,1753,265984,0,0,0,0,0,0,0,0,0,0,0,0,0,0,0,0,0,0,63959,64772,0,249,2711,1751,3554,0,0,828010,0,256660
491,0,3,0,0,0,0,0,1312437,0,0,0,0,1816,265984,0,0,0,0,0,0,0,0,0,0,0,0,0,0,0,0,0,0,0,64787,0,95,835,0,2912,0,0,269087,0,257285
491,0,4,0,0,0,0,0,1312437,0,0,0,0,1794,265984,0,0,0,0,0,0,0,0,0,0,0,0,0,0,0,0,0,0,0,64859,0,87,0,859,2329,884056,0,0,0,258439
491,0,5,0,0,0,0,0,1312437,0,0,0,0,1763,265984,0,0,0,0,0,0,0,0,0,0,0,0,0,0,0,0,0,0,0,65028,3118,148,0,1,3827,0,0,261406,0,257407
491,0,6,0,0,0,0,0,1312438,0,0,0,0,47,0,0,0,0,0,0,0,0,0,0,0,0,0,0,0,0,0,0,0,0,0,0,40,98,1,52,0,0,0,0,0
491,0,7,0,0,0,0,0,1312437,0,0,0,0,53,0,0,0,0,0,0,0,0,0,0,0,0,0,0,0,0,0,0,0,0,0,0,106,39,0,137,0,0,0,0,0
491,0,8,0,0,0,0,0,1312437,0,0,0,0,50,0,0,0,0,0,0,0,0,0,0,0,0,0,0,0,0,0,0,0,0,0,0,52,0,42,107,0,0,0,0,0
491,0,9,0,0,0,0,0,1312437,0,0,0,0,47,0,0,0,0,0,0,0,0,0,0,0,0,0,0,0,0,0,0,0,0,0,375,42,0,0,53,0,0,0,0,0
491,0,10,0,0,0,0,0,1312437,0,0,0,0,53,0,0,0,0,0,0,0,0,0,0,0,0,0,0,0,0,0,0,0,0,0,0,88,92,0,121,0,0,0,0,0
491,0,11,0,0,0,0,0,1312437,0,0,0,0,53,0,0,0,0,0,0,0,0,0,0,0,0,0,0,0,0,0,0,0,0,0,0,41,39,0,94,0,0,0,0,0
491,0,12,0,0,0,0,0,1312437,0,0,0,0,47,0,0,0,0,0,0,0,0,0,0,0,0,0,0,0,0,0,0,0,0,0,0,0,0,45,93,0,0,0,0,0
491,0,13,0,0,0,0,0,1312437,0,0,0,0,53,0,0,0,0,0,0,0,0,0,0,0,0,0,0,0,0,0,0,0,0,0,168,0,0,0,109,0,0,0,0,0
491,0,14,0,0,0,0,0,1312437,0,0,0,0,53,0,0,0,0,0,0,0,0,0,0,0,0,0,0,0,0,0,0,0,0,0,0,0,90,0,63,0,0,0,0,0
491,0,15,0,0,0,0,0,1312437,0,0,0,0,51,0,0,0,0,0,0,0,0,0,0,0,0,0,0,0,0,0,0,0,0,0,0,0,29,0,100,0,0,0,0,0
492,0,0,0,0,0,0,0,2624661,0,0,10242,263168,136,0,0,0,0,0,19059,0,0,0,0,0,0,0,0,10242,10242,0,127244,0,374673,263168,0,2857,0,136,284,0,0,0,0,1671555
492,0,1,0,0,0,0,0,1312330,19059,0,0,0,8350,0,0,0,0,0,19059,0,0,0,0,0,0,0,0,0,5129,0,63572,0,126656,0,0,638,735,2031,14111,0,0,1040670,0,0
492,0,2,0,0,0,0,0,1312330,0,0,0,0,1762,265984,0,0,0,0,0,0,0,0,0,0,0,0,0,0,0,0,0,0,63942,64779,0,249,2687,1789,3585,0,0,829356,0,256618
492,0,3,0,0,0,0,0,1312330,0,0,0,0,1801,265984,0,0,0,0,0,0,0,0,0,0,0,0,0,0,0,0,0,0,0,64781,0,95,850,0,2859,0,0,270941,0,257257
492,0,4,0,0,0,0,0,1312330,0,0,0,0,1778,265984,0,0,0,0,0,0,0,0,0,0,0,0,0,0,0,0,0,0,0,64879,0,87,0,875,2365,883746,0,0,0,258464
492,0,5,0,0,0,0,0,1312330,0,0,0,0,1736,265984,0,0,0,0,0,0,0,0,0,0,0,0,0,0,0,0,0,0,0,65044,3130,148,0,0,3807,0,0,261436,0,257400
492,0,6,0,0,0,0,0,1312329,0,0,0,0,47,0,0,0,0,0,0,0,0,0,0,0,0,0,0,0,0,0,0,0,0,0,0,40,98,2,52,0,0,0,0,0
492,0,7,0,0,0,0,0,1312330,0,0,0,0,53,0,0,0,0,0,0,0,0,0,0,0,0,0,0,0,0,0,0,0,0,0,0,105,39,0,137,0,0,0,0,0
492,0,8,0,0,0,0,0,1312330,0,0,0,0,50,0,0,0,0,0,0,0,0,0,0,0,0,0,0,0,0,0,0,0,0,0,0,52,0,42,107,0,0,0,0,0
492,0,9,0,0,0,0,0,1312330,0,0,0,0,47,0,0,0,0,0,0,0,0,0,0,0,0,0,0,0,0,0,0,0,0,0,375,42,0,0,53,0,0,0,0,0
492,0,10,0,0,0,0,0,1312330,0,0,0,0,53,0,0,0,0,0,0,0,0,0,0,0,0,0,0,0,0,0,0,0,0,0,0,88,92,0,121,0,0,0,0,0
492,0,11,0,0,0,0,0,1312330,0,0,0,0,53,0,0,0,0,0,0,0,0,0,0,0,0,0,0,0,0,0,0,0,0,0,0,42,39,0,94,0,0,0,0,0
492,0,12,0,0,0,0,0,1312330,0,0,0,0,47,0,0,0,0,0,0,0,0,0,0,0,0,0,0,0,0,0,0,0,0,0,0,0,0,45,93,0,0,0,0,0
492,0,13,0,0,0,0,0,1312330,0,0,0,0,53,0,0,0,0,0,0,0,0,0,0,0,0,0,0,0,0,0,0,0,0,0,168,0,0,0,109,0,0,0,0,0
492,0,14,0,0,0,0,0,1312330,0,0,0,0,53,0,0,0,0,0,0,0,0,0,0,0,0,0,0,0,0,0,0,0,0,0,0,0,90,0,63,0,0,0,0,0
492,0,15,0,0,0,0,0,1312330,0,0,0,0,51,0,0,0,0,0,0,0,0,0,0,0,0,0,0,0,0,0,0,0,0,0,0,0,29,0,99,0,0,0,0,0
493,0,0,0,0,0,0,0,3891591,0,0,15362,394752,136,0,0,0,0,0,26751,0,0,0,0,0,0,0,0,15362,15362,0,127495,0,619099,394752,0,2005,0,136,284,0,0,0,0,2401917
493,0,1,0,0,0,0,0,1945796,26751,0,0,0,11472,0,0,0,0,0,26751,0,0,0,0,0,0,0,0,0,7939,0,63781,0,250865,0,0,914,680,3810,20031,0,0,1039550,0,0
493,0,2,0,0,0,0,0,1945796,0,0,0,0,1202,265984,0,0,0,0,0,0,0,0,0,0,0,0,0,0,0,0,63631,0,126263,64981,0,2935,1758,3854,2469,0,0,823405,0,257207
493,0,3,0,0,0,0,0,1945796,0,0,0,0,1164,265984,0,0,0,0,0,0,0,0,0,0,0,0,0,0,0,0,63676,0,0,64958,0,1484,635,0,1755,0,0,280555,0,256539
493,0,4,0,0,0,0,0,1945796,0,0,0,0,1187,265984,0,0,0,0,0,0,0,0,0,0,0,0,0,0,0,0,0,0,0,64727,0,87,0,614,1720,1285913,0,0,0,258607
493,0,5,0,0,0,0,0,1945796,0,0,0,0,1740,265984,0,0,0,0,0,0,0,0,0,0,0,0,0,0,0,0,0,0,0,64924,6377,151,0,1,3532,0,0,1342432,0,258302
493,0,6,0,0,0,0,0,1945796,0,0,0,0,2714,265984,0,0,0,0,0,0,0,0,0,0,0,0,0,0,0,0,0,0,0,64928,0,28,3926,1,3884,0,0,1395838,0,258522
493,0,7,0,0,0,0,0,1945796,0,0,0,0,2712,265984,0,0,0,0,0,0,0,0,0,0,0,0,0,0,0,0,0,0,0,64742,0,105,1217,0,5248,0,0,501395,0,258420
493,0,8,0,0,0,0,0,1945796,0,0,0,0,50,0,0,0,0,0,0,0,0,0,0,0,0,0,0,0,0,0,0,0,0,0,0,52,0,42,107,0,0,0,0,0
493,0,9,0,0,0,0,0,1945796,0,0,0,0,48,0,0,0,0,0,0,0,0,0,0,0,0,0,0,0,0,0,0,0,0,0,376,40,0,0,53,0,0,0,0,0
493,0,10,0,0,0,0,0,1945796,0,0,0,0,52,0,0,0,0,0,0,0,0,0,0,0,0,0,0,0,0,0,0,0,0,0,0,90,88,0,130,0,0,0,0,0
493,0,11,0,0,0,0,0,1945796,0,0,0,0,48,0,0,0,0,0,0,0,0,0,0,0,0,0,0,0,0,0,0,0,0,0,0,39,44,0,94,0,0,0,0,0
493,0,12,0,0,0,0,0,1945796,0,0,0,0,49,0,0,0,0,0,0,0,0,0,0,0,0,0,0,0,0,0,0,0,0,0,0,0,0,43,95,0,0,0,0,0
493,0,13,0,0,0,0,0,1945796,0,0,0,0,55,0,0,0,0,0,0,0,0,0,0,0,0,0,0,0,0,0,0,0,0,0,170,0,0,0,113,0,0,0,0,0
493,0,14,0,0,0,0,0,1945796,0,0,0,0,52,0,0,0,0,0,0,0,0,0,0,0,0,0,0,0,0,0,0,0,0,0,0,0,88,0,60,0,0,0,0,0
493,0,15,0,0,0,0,0,1945796,0,0,0,0,48,0,0,0,0,0,0,0,0,0,0,0,0,0,0,0,0,0,0,0,0,0,0,0,32,0,101,0,0,0,0,0
494,0,0,0,0,0,0,0,3891459,0,0,15362,394752,136,0,0,0,0,0,26751,0,0,0,0,0,0,0,0,15362,15362,0,127515,0,619434,394752,0,2005,0,136,284,0,0,0,0,2401719
494,0,1,0,0,0,0,0,1945730,26751,0,0,0,11510,0,0,0,0,0,26751,0,0,0,0,0,0,0,0,0,7856,0,63765,0,251032,0,0,887,664,3815,20080,0,0,1040009,0,0
494,0,2,0,0,0,0,0,1945730,0,0,0,0,1200,265984,0,0,0,0,0,0,0,0,0,0,0,0,0,0,0,0,63658,0,126312,65002,0,2897,1791,3890,2464,0,0,821586,0,257245
494,0,3,0,0,0,0,0,1945730,0,0,0,0,1195,265984,0,0,0,0,0,0,0,0,0,0,0,0,0,0,0,0,63713,0,0,64959,0,1468,604,0,1766,0,0,280313,0,256542
494,0,4,0,0,0,0,0,1945730,0,0,0,0,1188,265984,0,0,0,0,0,0,0,0,0,0,0,0,0,0,0,0,0,0,0,64718,0,82,0,613,1711,1285427,0,0,0,258651
494,0,5,0,0,0,0,0,1945730,0,0,0,0,1755,265984,0,0,0,0,0,0,0,0,0,0,0,0,0,0,0,0,0,0,0,64921,6333,149,0,0,3576,0,0,1341819,0,258245
494,0,6,0,0,0,0,0,1945730,0,0,0,0,2695,265984,0,0,0,0,0,0,0,0,0,0,0,0,0,0,0,0,0,0,0,64943,0,41,3965,2,3890,0,0,1394211,0,258521
494,0,7,0,0,0,0,0,1945730,0,0,0,0,2731,265984,0,0,0,0,0,0,0,0,0,0,0,0,0,0,0,0,0,0,0,64752,0,106,1197,0,5282,0,0,500368,0,258497
494,0,8,0,0,0,0,0,1945730,0,0,0,0,50,0,0,0,0,0,0,0,0,0,0,0,0,0,0,0,0,0,0,0,0,0,0,57,0,42,107,0,0,0,0,0
494,0,9,0,0,0,0,0,1945730,0,0,0,0,47,0,0,0,0,0,0,0,0,0,0,0,0,0,0,0,0,0,0,0,0,0,368,41,0,0,53,0,0,0,0,0
494,0,10,0,0,0,0,0,1945730,0,0,0,0,54,0,0,0,0,0,0,0,0,0,0,0,0,0,0,0,0,0,0,0,0,0,0,84,92,0,125,0,0,0,0,0
494,0,11,0,0,0,0,0,1945730,0,0,0,0,54,0,0,0,0,0,0,0,0,0,0,0,0,0,0,0,0,0,0,0,0,0,0,43,38,0,95,0,0,0,0,0
494,0,12,0,0,0,0,0,1945730,0,0,0,0,54,0,0,0,0,0,0,0,0,0,0,0,0,0,0,0,0,0,0,0,0,0,0,0,0,38,95,0,0,0,0,0
494,0,13,0,0,0,0,0,1945730,0,0,0,0,51,0,0,0,0,0,0,0,0,0,0,0,0,0,0,0,0,0,0,0,0,0,175,0,0,0,108,0,0,0,0,0
494,0,14,0,0,0,0,0,1945730,0,0,0,0,54,0,0,0,0,0,0,0,0,0,0,0,0,0,0,0,0,0,0,0,0,0,0,0,92,0,68,0,0,0,0,0
494,0,15,0,0,0,0,0,1945730,0,0,0,0,54,0,0,0,0,0,0,0,0,0,0,0,0,0,0,0,0,0,0,0,0,0,0,0,26,0,103,0,0,0,0,0
495,0,0,0,0,0,0,0,3891537,0,0,15362,394752,136,0,0,0,0,0,26748,0,0,0,0,0,0,0,0,15362,15362,0,127496,0,619391,394752,0,2005,0,136,284,0,0,0,0,2401694
495,0,1,0,0,0,0,0,1945768,26748,0,0,0,11488,0,0,0,0,0,26748,0,0,0,0,0,0,0,0,0,7884,0,63771,0,250983,0,0,931,660,3797,20121,0,0,1039444,0,0
495,0,2,0,0,0,0,0,1945768,0,0,0,0,1192,265984,0,0,0,0,0,0,0,0,0,0,0,0,0,0,0,0,63659,0,126308,64998,0,2903,1776,3872,2486,0,0,822670,0,257229
495,0,3,0,0,0,0,0,1945768,0,0,0,0,1172,265984,0,0,0,0,0,0,0,0,0,0,0,0,0,0,0,0,63712,0,0,64959,0,1453,627,0,1776,0,0,280705,0,256566
495,0,4,0,0,0,0,0,1945768,0,0,0,0,1170,265984,0,0,0,0,0,0,0,0,0,0,0,0,0,0,0,0,0,0,0,64725,0,87,0,631,1680,1286425,0,0,0,258617
495,0,5,0,0,0,0,0,1945768,0,0,0,0,1775,265984,0,0,0,0,0,0,0,0,0,0,0,0,0,0,0,0,0,0,0,64928,6285,149,0,1,3552,0,0,1342469,0,258302
495,0,6,0,0,0,0,0,1945767,0,0,0,0,2676,265984,0,0,0,0,0,0,0,0,0,0,0,0,0,0,0,0,0,0,0,64939,0,34,3965,1,3872,0,0,1392834,0,258493
495,0,7,0,0,0,0,0,1945768,0,0,0,0,2713,265984,0,0,0,0,0,0,0,0,0,0,0,0,0,0,0,0,0,0,0,64754,0,107,1216,0,5278,0,0,499671,0,258483
495,0,8,0,0,0,0,0,1945768,0,0,0,0,52,0,0,0,0,0,0,0,0,0,0,0,0,0,0,0,0,0,0,0,0,0,0,52,0,40,109,0,0,0,0,0
495,0,9,0,0,0,0,0,1945768,0,0,0,0,46,0,0,0,0,0,0,0,0,0,0,0,0,0,0,0,0,0,0,0,0,0,377,42,0,0,51,0,0,0,0,0
495,0,10,0,0,0,0,0,1945768,0,0,0,0,53,0,0,0,0,0,0,0,0,0,0,0,0,0,0,0,0,0,0,0,0,0,0,89,92,0,126,0,0,0,0,0
495,0,11,0,0,0,0,0,1945768,0,0,0,0,53,0,0,0,0,0,0,0,0,0,0,0,0,0,0,0,0,0,0,0,0,0,0,42,39,0,94,0,0,0,0,0
495,0,12,0,0,0,0,0,1945768,0,0,0,0,47,0,0,0,0,0,0,0,0,0,0,0,0,0,0,0,0,0,0,0,0,0,0,0,0,45,93,0,0,0,0,0
495,0,13,0,0,0,0,0,1945768,0,0,0,0,53,0,0,0,0,0,0,0,0,0,0,0,0,0,0,0,0,0,0,0,0,0,169,0,0,0,109,0,0,0,0,0
495,0,14,0,0,0,0,0,1945768,0,0,0,0,53,0,0,0,0,0,0,0,0,0,0,0,0,0,0,0,0,0,0,0,0,0,0,0,89,0,62,0,0,0,0,0
495,0,15,0,0,0,0,0,1945768,0,0,0,0,50,0,0,0,0,0,0,0,0,0,0,0,0,0,0,0,0,0,0,0,0,0,0,0,30,0,100,0,0,0,0,0
496,0,0,0,0,0,0,0,5152086,0,0,20482,526336,136,0,0,0,0,0,34443,0,0,0,0,0,0,0,0,20482,20482,0,252663,0,743119,526336,0,4736,0,136,284,0,0,0,0,3242152
496,0,1,0,0,0,0,0,2576043,34443,0,0,0,14832,0,0,0,0,0,34443,0,0,0,0,0,0,0,0,0,10500,0,126375,0,251007,0,0,1947,1497,3722,25799,0,0,905915,0,0
496,0,2,0,0,0,0,0,2576043,0,0,0,0,904,265984,0,0,0,0,0,0,0,0,0,0,0,0,0,0,0,0,63736,0,126376,64926,0,2887,1367,3763,1886,0,0,779485,0,256877
496,0,3,0,0,0,0,0,2576043,0,0,0,0,901,265984,0,0,0,0,0,0,0,0,0,0,0,0,0,0,0,0,63640,0,0,64924,0,1491,472,0,1320,0,0,192249,0,257601
496,0,4,0,0,0,0,0,2576043,0,0,0,0,1206,265984,0,0,0,0,0,0,0,0,0,0,0,0,0,0,0,0,63570,0,0,64833,0,964,0,593,1678,1735156,0,0,0,258760
496,0,5,0,0,0,0,0,2576043,0,0,0,0,1842,265984,0,0,0,0,0,0,0,0,0,0,0,0,0,0,0,0,63954,0,0,65067,9476,2003,0,1,3652,0,0,1987108,0,258037
496,0,6,0,0,0,0,0,2576043,0,0,0,0,2805,265984,0,0,0,0,0,0,0,0,0,0,0,0,0,0,0,0,0,0,0,64888,0,40,4021,1,4181,0,0,1989257,0,257654
496,0,7,0,0,0,0,0,2576043,0,0,0,0,2728,265984,0,0,0,0,0,0,0,0,0,0,0,0,0,0,0,0,0,0,0,64759,0,107,1371,0,5425,0,0,754422,0,258083
496,0,8,0,0,0,0,0,2576043,0,0,0,0,1868,265984,0,0,0,0,0,0,0,0,0,0,0,0,0,0,0,0,0,0,0,64771,0,52,0,955,3781,1629340,0,0,0,257048
496,0,9,0,0,0,0,0,2576043,0,0,0,0,1903,265984,0,0,0,0,0,0,0,0,0,0,0,0,0,0,0,0,0,0,0,64763,3069,42,0,1,2787,0,0,642540,0,256925
496,0,10,0,0,0,0,0,2576043,0,0,0,0,53,0,0,0,0,0,0,0,0,0,0,0,0,0,0,0,0,0,0,0,0,0,0,85,92,1,124,0,0,0,0,0
496,0,11,0,0,0,0,0,2576043,0,0,0,0,53,0,0,0,0,0,0,0,0,0,0,0,0,0,0,0,0,0,0,0,0,0,0,43,39,0,94,0,0,0,0,0
496,0,12,0,0,0,0,0,2576043,0,0,0,0,47,0,0,0,0,0,0,0,0,0,0,0,0,0,0,0,0,0,0,0,0,0,0,0,0,45,93,0,0,0,0,0
496,0,13,0,0,0,0,0,2576043,0,0,0,0,53,0,0,0,0,0,0,0,0,0,0,0,0,0,0,0,0,0,0,0,0,0,166,0,0,0,109,0,0,0,0,0
496,0,14,0,0,0,0,0,2576043,0,0,0,0,53,0,0,0,0,0,0,0,0,0,0,0,0,0,0,0,0,0,0,0,0,0,0,0,92,0,66,0,0,0,0,0
496,0,15,0,0,0,0,0,2576043,0,0,0,0,53,0,0,0,0,0,0,0,0,0,0,0,0,0,0,0,0,0,0,0,0,0,0,0,27,0,104,0,0,0,0,0
497,0,0,0,0,0,0,0,5151859,0,0,20482,526336,136,0,0,0,0,0,34443,0,0,0,0,0,0,0,0,20482,20482,0,252675,0,743227,526336,0,4736,0,136,284,0,0,0,0,3242588
497,0,1,0,0,0,0,0,2575930,34443,0,0,0,14887,0,0,0,0,0,34443,0,0,0,0,0,0,0,0,0,10461,0,126390,0,251045,0,0,1910,1443,3758,25872,0,0,905779,0,0
497,0,2,0,0,0,0,0,2575930,0,0,0,0,898,265984,0,0,0,0,0,0,0,0,0,0,0,0,0,0,0,0,63750,0,126396,64922,0,2901,1394,3736,1857,0,0,779929,0,256851
497,0,3,0,0,0,0,0,2575930,0,0,0,0,922,265984,0,0,0,0,0,0,0,0,0,0,0,0,0,0,0,0,63655,0,0,64929,0,1530,451,0,1329,0,0,191737,0,257606
497,0,4,0,0,0,0,0,2575930,0,0,0,0,1202,265984,0,0,0,0,0,0,0,0,0,0,0,0,0,0,0,0,63585,0,0,64834,0,929,0,597,1656,1736317,0,0,0,258800
497,0,5,0,0,0,0,0,2575930,0,0,0,0,1854,265984,0,0,0,0,0,0,0,0,0,0,0,0,0,0,0,0,63975,0,0,65067,9431,2017,0,1,3687,0,0,1986797,0,258056
497,0,6,0,0,0,0,0,2575929,0,0,0,0,2823,265984,0,0,0,0,0,0,0,0,0,0,0,0,0,0,0,0,0,0,0,64893,0,39,4032,1,4186,0,0,1989087,0,257628
497,0,7,0,0,0,0,0,2575930,0,0,0,0,2756,265984,0,0,0,0,0,0,0,0,0,0,0,0,0,0,0,0,0,0,0,64762,0,102,1342,0,5420,0,0,755635,0,258072
497,0,8,0,0,0,0,0,2575930,0,0,0,0,1845,265984,0,0,0,0,0,0,0,0,0,0,0,0,0,0,0,0,0,0,0,64770,0,52,0,978,3793,1629833,0,0,0,257064
497,0,9,0,0,0,0,0,2575930,0,0,0,0,1868,265984,0,0,0,0,0,0,0,0,0,0,0,0,0,0,0,0,0,0,0,64771,3087,40,0,1,2740,0,0,642528,0,256982
497,0,10,0,0,0,0,0,2575930,0,0,0,0,51,0,0,0,0,0,0,0,0,0,0,0,0,0,0,0,0,0,0,0,0,0,0,84,89,1,124,0,0,0,0,0
497,0,11,0,0,0,0,0,2575930,0,0,0,0,48,0,0,0,0,0,0,0,0,0,0,0,0,0,0,0,0,0,0,0,0,0,0,43,44,0,94,0,0,0,0,0
497,0,12,0,0,0,0,0,2575930,0,0,0,0,48,0,0,0,0,0,0,0,0,0,0,0,0,0,0,0,0,0,0,0,0,0,0,0,0,44,94,0,0,0,0,0
497,0,13,0,0,0,0,0,2575930,0,0,0,0,54,0,0,0,0,0,0,0,0,0,0,0,0,0,0,0,0,0,0,0,0,0,163,0,0,0,112,0,0,0,0,0
497,0,14,0,0,0,0,0,2575930,0,0,0,0,48,0,0,0,0,0,0,0,0,0,0,0,0,0,0,0,0,0,0,0,0,0,0,0,95,0,62,0,0,0,0,0
497,0,15,0,0,0,0,0,2575930,0,0,0,0,51,0,0,0,0,0,0,0,0,0,0,0,0,0,0,0,0,0,0,0,0,0,0,0,29,0,102,0,0,0,0,0
498,0,0,0,0,0,0,0,5151564,0,0,20482,526336,136,0,0,0,0,0,34441,0,0,0,0,0,0,0,0,20482,20482,0,252617,0,742988,526336,0,4736,0,136,284,0,0,0,0,3241033
498,0,1,0,0,0,0,0,2575782,34440,0,0,0,14799,0,0,0,0,0,34440,0,0,0,0,0,0,0,0,0,10438,0,126392,0,250950,0,0,1940,1486,3773,25838,0,0,905713,0,0
498,0,2,0,0,0,0,0,2575782,0,0,0,0,876,265984,0,0,0,0,0,0,0,0,0,0,0,0,0,0,0,0,63739,0,126342,64925,0,2880,1399,3729,1848,0,0,779945,0,256866
498,0,3,0,0,0,0,0,2575782,0,0,0,0,905,265984,0,0,0,0,0,0,0,0,0,0,0,0,0,0,0,0,63631,0,0,64924,0,1510,468,0,1339,0,0,191410,0,257637
498,0,4,0,0,0,0,0,2575782,0,0,0,0,1191,265984,0,0,0,0,0,0,0,0,0,0,0,0,0,0,0,0,63576,0,0,64826,0,958,0,608,1660,1736085,0,0,0,258745
498,0,5,0,0,0,0,0,2575782,0,0,0,0,1859,265984,0,0,0,0,0,0,0,0,0,0,0,0,0,0,0,0,63976,0,0,65065,9372,2002,0,1,3677,0,0,1986859,0,258109
498,0,6,0,0,0,0,0,2575782,0,0,0,0,2851,265984,0,0,0,0,0,0,0,0,0,0,0,0,0,0,0,0,0,0,0,64884,0,33,3987,1,4241,0,0,1987690,0,257653
498,0,7,0,0,0,0,0,2575782,0,0,0,0,2739,265984,0,0,0,0,0,0,0,0,0,0,0,0,0,0,0,0,0,0,0,64753,0,106,1359,0,5419,0,0,754936,0,258110
498,0,8,0,0,0,0,0,2575782,0,0,0,0,1913,265984,0,0,0,0,0,0,0,0,0,0,0,0,0,0,0,0,0,0,0,64768,0,52,0,910,3832,1629086,0,0,0,257081
498,0,9,0,0,0,0,0,2575782,0,0,0,0,1844,265984,0,0,0,0,0,0,0,0,0,0,0,0,0,0,0,0,0,0,0,64771,3175,40,0,1,2731,0,0,642364,0,256981
498,0,10,0,0,0,0,0,2575782,0,0,0,0,51,0,0,0,0,0,0,0,0,0,0,0,0,0,0,0,0,0,0,0,0,0,0,88,89,1,126,0,0,0,0,0
498,0,11,0,0,0,0,0,2575782,0,0,0,0,48,0,0,0,0,0,0,0,0,0,0,0,0,0,0,0,0,0,0,0,0,0,0,39,44,0,94,0,0,0,0,0
498,0,12,0,0,0,0,0,2575782,0,0,0,0,48,0,0,0,0,0,0,0,0,0,0,0,0,0,0,0,0,0,0,0,0,0,0,0,0,44,94,0,0,0,0,0
498,0,13,0,0,0,0,0,2575782,0,0,0,0,54,0,0,0,0,0,0,0,0,0,0,0,0,0,0,0,0,0,0,0,0,0,167,0,0,0,112,0,0,0,0,0
498,0,14,0,0,0,0,0,2575782,0,0,0,0,53,0,0,0,0,0,0,0,0,0,0,0,0,0,0,0,0,0,0,0,0,0,0,0,91,0,63,0,0,0,0,0
498,0,15,0,0,0,0,0,2575782,0,0,0,0,52,0,0,0,0,0,0,0,0,0,0,0,0,0,0,0,0,0,0,0,0,0,0,0,28,0,107,0,0,0,0,0
499,0,0,0,0,0,0,0,6383660,0,0,25602,657920,136,0,0,0,0,0,42135,0,0,0,0,0,0,0,0,25602,25602,0,252614,0,984815,657920,0,3720,0,136,284,0,0,0,0,4072832
499,0,1,0,0,0,0,0,3191830,42135,0,0,0,18546,0,0,0,0,0,42135,0,0,0,0,0,0,0,0,0,12981,0,126571,0,374092,0,0,1591,1220,5763,32145,0,0,905623,0,0
499,0,2,0,0,0,0,0,3191830,0,0,0,0,702,265984,0,0,0,0,0,0,0,0,0,0,0,0,0,0,0,0,126987,0,188465,64861,0,5071,1124,6085,1561,0,0,779393,0,256954
499,0,3,0,0,0,0,0,3191830,0,0,0,0,710,265984,0,0,0,0,0,0,0,0,0,0,0,0,0,0,0,0,126562,0,0,64879,0,2492,407,0,1017,0,0,193113,0,257561
499,0,4,0,0,0,0,0,3191830,0,0,0,0,924,265984,0,0,0,0,0,0,0,0,0,0,0,0,0,0,0,0,63590,0,0,64824,0,772,0,513,1310,2143773,0,0,0,258889
499,0,5,0,0,0,0,0,3191830,0,0,0,0,1447,265984,0,0,0,0,0,0,0,0,0,0,0,0,0,0,0,0,63553,0,0,64945,12203,2383,0,0,2947,0,0,2211178,0,257826
499,0,6,0,0,0,0,0,3191829,0,0,0,0,2041,265984,0,0,0,0,0,0,0,0,0,0,0,0,0,0,0,0,63718,0,0,64848,0,1634,3226,2,3106,0,0,2177523,0,256109
499,0,7,0,0,0,0,0,3191830,0,0,0,0,2079,265984,0,0,0,0,0,0,0,0,0,0,0,0,0,0,0,0,63828,0,0,64772,0,3150,1110,0,4198,0,0,878458,0,255592
499,0,8,0,0,0,0,0,3191830,0,0,0,0,1446,265984,0,0,0,0,0,0,0,0,0,0,0,0,0,0,0,0,0,0,0,64751,0,52,0,723,2897,2524459,0,0,0,257238
499,0,9,0,0,0,0,0,3191830,0,0,0,0,2076,265984,0,0,0,0,0,0,0,0,0,0,0,0,0,0,0,0,0,0,0,64983,7239,42,0,0,2948,0,0,2554724,0,255576
499,0,10,0,0,0,0,0,3191830,0,0,0,0,3084,265984,0,0,0,0,0,0,0,0,0,0,0,0,0,0,0,0,0,0,0,64965,0,89,4441,3,5934,0,0,2517867,0,257233
499,0,11,0,0,0,0,0,3191830,0,0,0,0,3060,265984,0,0,0,0,0,0,0,0,0,0,0,0,0,0,0,0,0,0,0,64885,0,43,1407,0,4434,0,0,999587,0,257231
499,0,12,0,0,0,0,0,3191830,0,0,0,0,47,0,0,0,0,0,0,0,0,0,0,0,0,0,0,0,0,0,0,0,0,0,0,0,0,45,93,0,0,0,0,0
499,0,13,0,0,0,0,0,3191830,0,0,0,0,53,0,0,0,0,0,0,0,0,0,0,0,0,0,0,0,0,0,0,0,0,0,169,0,0,0,109,0,0,0,0,0
499,0,14,0,0,0,0,0,3191830,0,0,0,0,53,0,0,0,0,0,0,0,0,0,0,0,0,0,0,0,0,0,0,0,0,0,0,0,89,0,62,0,0,0,0,0
499,0,15,0,0,0,0,0,3191830,0,0,0,0,50,0,0,0,0,0,0,0,0,0,0,0,0,0,0,0,0,0,0,0,0,0,0,0,30,0,103,0,0,0,0,0
500,0,0,0,0,0,0,0,6383924,0,0,25602,657920,136,0,0,0,0,0,42135,0,0,0,0,0,0,0,0,25602,25602,0,252547,0,984921,657920,0,3720,0,136,284,0,0,0,0,4072094
500,0,1,0,0,0,0,0,3191962,42135,0,0,0,18586,0,0,0,0,0,42135,0,0,0,0,0,0,0,0,0,12804,0,126623,0,374070,0,0,1677,1225,5632,32020,0,0,905478,0,0
500,0,2,0,0,0,0,0,3191962,0,0,0,0,725,265984,0,0,0,0,0,0,0,0,0,0,0,0,0,0,0,0,126878,0,188570,64857,0,5203,1120,6090,1578,0,0,779862,0,256952
500,0,3,0,0,0,0,0,3191962,0,0,0,0,729,265984,0,0,0,0,0,0,0,0,0,0,0,0,0,0,0,0,126496,0,0,64864,0,2485,388,0,1038,0,0,191855,0,257591
500,0,4,0,0,0,0,0,3191962,0,0,0,0,944,265984,0,0,0,0,0,0,0,0,0,0,0,0,0,0,0,0,63579,0,0,64816,0,771,0,493,1335,2143507,0,0,0,258823
500,0,5,0,0,0,0,0,3191962,0,0,0,0,1431,265984,0,0,0,0,0,0,0,0,0,0,0,0,0,0,0,0,63548,0,0,64945,12372,2298,0,2,2930,0,0,2211493,0,257807
500,0,6,0,0,0,0,0,3191962,0,0,0,0,2066,265984,0,0,0,0,0,0,0,0,0,0,0,0,0,0,0,0,63713,0,0,64899,0,1567,3234,0,3066,0,0,2186583,0,256367
500,0,7,0,0,0,0,0,3191962,0,0,0,0,2111,265984,0,0,0,0,0,0,0,0,0,0,0,0,0,0,0,0,63931,0,0,64768,0,3174,1077,0,4216,0,0,878601,0,255607
500,0,8,0,0,0,0,0,3191962,0,0,0,0,1433,265984,0,0,0,0,0,0,0,0,0,0,0,0,0,0,0,0,0,0,0,64747,0,52,0,736,2885,2539270,0,0,0,257247
500,0,9,0,0,0,0,0,3191962,0,0,0,0,2172,265984,0,0,0,0,0,0,0,0,0,0,0,0,0,0,0,0,0,0,0,64997,7096,42,0,2,3129,0,0,2567811,0,255448
500,0,10,0,0,0,0,0,3191962,0,0,0,0,3146,265984,0,0,0,0,0,0,0,0,0,0,0,0,0,0,0,0,0,0,0,64960,0,97,4466,0,6055,0,0,2533303,0,257194
500,0,11,0,0,0,0,0,3191962,0,0,0,0,3146,265984,0,0,0,0,0,0,0,0,0,0,0,0,0,0,0,0,0,0,0,64834,0,4,1321,0,4538,0,0,1014926,0,257284
500,0,12,0,0,0,0,0,3191962,0,0,0,0,46,0,0,0,0,0,0,0,0,0,0,0,0,0,0,0,0,0,0,0,0,0,0,0,0,46,92,0,0,0,0,0
500,0,13,0,0,0,0,0,3191962,0,0,0,0,53,0,0,0,0,0,0,0,0,0,0,0,0,0,0,0,0,0,0,0,0,0,176,0,0,0,109,0,0,0,0,0
500,0,14,0,0,0,0,0,3191962,0,0,0,0,51,0,0,0,0,0,0,0,0,0,0,0,0,0,0,0,0,0,0,0,0,0,0,0,81,0,52,0,0,0,0,0
500,0,15,0,0,0,0,0,3191962,0,0,0,0,40,0,0,0,0,0,0,0,0,0,0,0,0,0,0,0,0,0,0,0,0,0,0,0,40,0,132,0,0,0,0,0
501,0,0,0,0,0,0,0,6383770,0,0,25602,657920,136,0,0,0,0,0,42132,0,0,0,0,0,0,0,0,25602,25602,0,252657,0,984871,657920,0,3720,0,136,284,0,0,0,0,4071939
501,0,1,0,0,0,0,0,3191885,42132,0,0,0,18459,0,0,0,0,0,42132,0,0,0,0,0,0,0,0,0,12806,0,126576,0,374146,0,0,1761,1212,5688,32035,0,0,905646,0,0
501,0,2,0,0,0,0,0,3191885,0,0,0,0,729,265984,0,0,0,0,0,0,0,0,0,0,0,0,0,0,0,0,126849,0,188591,64851,0,5235,1110,6004,1580,0,0,780044,0,256961
501,0,3,0,0,0,0,0,3191885,0,0,0,0,722,265984,0,0,0,0,0,0,0,0,0,0,0,0,0,0,0,0,126523,0,0,64879,0,2585,394,0,1018,0,0,191150,0,257586
501,0,4,0,0,0,0,0,3191885,0,0,0,0,929,265984,0,0,0,0,0,0,0,0,0,0,0,0,0,0,0,0,63607,0,0,64831,0,779,0,508,1302,2142052,0,0,0,258870
501,0,5,0,0,0,0,0,3191885,0,0,0,0,1433,265984,0,0,0,0,0,0,0,0,0,0,0,0,0,0,0,0,63524,0,0,64946,12240,2234,0,1,2912,0,0,2212149,0,257772
501,0,6,0,0,0,0,0,3191885,0,0,0,0,2116,265984,0,0,0,0,0,0,0,0,0,0,0,0,0,0,0,0,63705,0,0,64914,0,1575,3193,1,3076,0,0,2186381,0,256368
501,0,7,0,0,0,0,0,3191885,0,0,0,0,2121,265984,0,0,0,0,0,0,0,0,0,0,0,0,0,0,0,0,63955,0,0,64761,0,3089,1068,0,4209,0,0,878881,0,255627
501,0,8,0,0,0,0,0,3191885,0,0,0,0,1456,265984,0,0,0,0,0,0,0,0,0,0,0,0,0,0,0,0,0,0,0,64760,0,52,0,713,2900,2542423,0,0,0,257236
501,0,9,0,0,0,0,0,3191885,0,0,0,0,2105,265984,0,0,0,0,0,0,0,0,0,0,0,0,0,0,0,0,0,0,0,64988,7253,40,0,0,3128,0,0,2568650,0,255480
501,0,10,0,0,0,0,0,3191885,0,0,0,0,3157,265984,0,0,0,0,0,0,0,0,0,0,0,0,0,0,0,0,0,0,0,64963,0,80,4417,3,6075,0,0,2533009,0,257218
501,0,11,0,0,0,0,0,3191885,0,0,0,0,3109,265984,0,0,0,0,0,0,0,0,0,0,0,0,0,0,0,0,0,0,0,64824,0,44,1358,0,4543,0,0,1014769,0,257254
501,0,12,0,0,0,0,0,3191885,0,0,0,0,46,0,0,0,0,0,0,0,0,0,0,0,0,0,0,0,0,0,0,0,0,0,0,0,0,46,92,0,0,0,0,0
501,0,13,0,0,0,0,0,3191885,0,0,0,0,52,0,0,0,0,0,0,0,0,0,0,0,0,0,0,0,0,0,0,0,0,0,160,0,0,0,110,0,0,0,0,0
501,0,14,0,0,0,0,0,3191885,0,0,0,0,46,0,0,0,0,0,0,0,0,0,0,0,0,0,0,0,0,0,0,0,0,0,0,0,98,0,64,0,0,0,0,0
501,0,15,0,0,0,0,0,3191885,0,0,0,0,52,0,0,0,0,0,0,0,0,0,0,0,0,0,0,0,0,0,0,0,0,0,0,0,28,0,104,0,0,0,0,0
502,0,0,0,0,0,0,0,8245966,0,0,33284,855296,136,0,0,0,0,0,53673,0,0,0,0,0,0,0,0,33284,33284,0,376132,0,1225400,855296,0,6379,0,136,284,0,0,0,0,5325883
502,0,1,0,0,0,0,0,4122983,53673,0,0,0,23706,0,0,0,0,0,53673,0,0,0,0,0,0,0,0,0,17097,0,188166,0,434256,0,0,2975,2190,5934,40388,0,0,874357,0,0
502,0,2,0,0,0,0,0,4122983,0,0,0,0,580,265984,0,0,0,0,0,0,0,0,0,0,0,0,0,0,0,0,188463,0,188268,64865,0,7434,880,5291,1180,0,0,776081,0,256724
502,0,3,0,0,0,0,0,4122983,0,0,0,0,579,265984,0,0,0,0,0,0,0,0,0,0,0,0,0,0,0,0,126306,0,0,64892,0,1979,301,0,818,0,0,204754,0,257577
502,0,4,0,0,0,0,0,4122983,0,0,0,0,732,265984,0,0,0,0,0,0,0,0,0,0,0,0,0,0,0,0,126569,0,0,64795,0,1766,0,383,1093,2647434,0,0,0,258966
502,0,5,0,0,0,0,0,4122983,0,0,0,0,1058,265984,0,0,0,0,0,0,0,0,0,0,0,0,0,0,0,0,126498,0,0,64995,17040,4930,0,0,2172,0,0,2227330,0,257654
502,0,6,0,0,0,0,0,4122983,0,0,0,0,1455,265984,0,0,0,0,0,0,0,0,0,0,0,0,0,0,0,0,126625,0,0,64859,0,2747,2175,2,2137,0,0,2181030,0,256045
502,0,7,0,0,0,0,0,4122983,0,0,0,0,1438,265984,0,0,0,0,0,0,0,0,0,0,0,0,0,0,0,0,63917,0,0,64763,0,3120,755,0,2960,0,0,861760,0,256029
502,0,8,0,0,0,0,0,4122983,0,0,0,0,1445,265984,0,0,0,0,0,0,0,0,0,0,0,0,0,0,0,0,63555,0,0,64762,0,2026,0,748,2909,3278093,0,0,0,257650
502,0,9,0,0,0,0,0,4122983,0,0,0,0,2016,265984,0,0,0,0,0,0,0,0,0,0,0,0,0,0,0,0,63595,0,0,64985,12120,1417,0,0,3055,0,0,3529802,0,256382
502,0,10,0,0,0,0,0,4122983,0,0,0,0,2814,265984,0,0,0,0,0,0,0,0,0,0,0,0,0,0,0,0,63711,0,0,64989,0,3013,4403,2,5716,0,0,3373727,0,254814
502,0,11,0,0,0,0,0,4122983,0,0,0,0,2895,265984,0,0,0,0,0,0,0,0,0,0,0,0,0,0,0,0,0,0,0,64799,0,6,1428,0,4193,0,0,1363984,0,255162
502,0,12,0,0,0,0,0,4122983,0,0,0,0,2026,265984,0,0,0,0,0,0,0,0,0,0,0,0,0,0,0,0,0,0,0,64975,0,0,0,1021,3055,3385815,0,0,0,257639
502,0,13,0,0,0,0,0,4122983,0,0,0,0,2844,265984,0,0,0,0,0,0,0,0,0,0,0,0,0,0,0,0,0,0,0,64971,6367,0,0,1,5758,0,0,3304877,0,256097
502,0,14,0,0,0,0,0,4122983,0,0,0,0,2824,265984,0,0,0,0,0,0,0,0,0,0,0,0,0,0,0,0,0,0,0,65121,0,0,1539,1,4142,0,0,1373690,0,256373
502,0,15,0,0,0,0,0,4122983,0,0,0,0,40,0,0,0,0,0,0,0,0,0,0,0,0,0,0,0,0,0,0,0,0,0,0,0,40,0,132,0,0,0,0,0
503,0,0,0,0,0,0,0,8246302,0,0,33284,855296,136,0,0,0,0,0,53673,0,0,0,0,0,0,0,0,33284,33284,0,376070,0,1225559,855296,0,6379,0,136,284,0,0,0,0,5326026
503,0,1,0,0,0,0,0,4123151,53673,0,0,0,23597,0,0,0,0,0,53673,0,0,0,0,0,0,0,0,0,17484,0,188121,0,434429,0,0,3100,2167,5941,40299,0,0,874555,0,0
503,0,2,0,0,0,0,0,4123151,0,0,0,0,552,265984,0,0,0,0,0,0,0,0,0,0,0,0,0,0,0,0,188489,0,188262,64871,0,7409,898,5279,1182,0,0,775670,0,256713
503,0,3,0,0,0,0,0,4123151,0,0,0,0,570,265984,0,0,0,0,0,0,0,0,0,0,0,0,0,0,0,0,126288,0,0,64904,0,1987,311,0,812,0,0,205064,0,257530
503,0,4,0,0,0,0,0,4123151,0,0,0,0,722,265984,0,0,0,0,0,0,0,0,0,0,0,0,0,0,0,0,126574,0,0,64793,0,1785,0,393,1044,2651278,0,0,0,258952
503,0,5,0,0,0,0,0,4123151,0,0,0,0,1059,265984,0,0,0,0,0,0,0,0,0,0,0,0,0,0,0,0,126471,0,0,64996,17002,4810,0,1,2168,0,0,2228471,0,257622
503,0,6,0,0,0,0,0,4123151,0,0,0,0,1464,265984,0,0,0,0,0,0,0,0,0,0,0,0,0,0,0,0,126765,0,0,64859,0,2749,2169,1,2169,0,0,2181725,0,256036
503,0,7,0,0,0,0,0,4123151,0,0,0,0,1440,265984,0,0,0,0,0,0,0,0,0,0,0,0,0,0,0,0,63915,0,0,64764,0,3118,752,0,2958,0,0,862210,0,256021
503,0,8,0,0,0,0,0,4123151,0,0,0,0,1420,265984,0,0,0,0,0,0,0,0,0,0,0,0,0,0,0,0,63547,0,0,64759,0,2005,0,773,2886,3278145,0,0,0,257687
503,0,9,0,0,0,0,0,4123151,0,0,0,0,2046,265984,0,0,0,0,0,0,0,0,0,0,0,0,0,0,0,0,63594,0,0,64990,12152,1507,0,0,3115,0,0,3531041,0,256400
503,0,10,0,0,0,0,0,4123151,0,0,0,0,2886,265984,0,0,0,0,0,0,0,0,0,0,0,0,0,0,0,0,63728,0,0,64986,0,3055,4289,2,5744,0,0,3374359,0,254925
503,0,11,0,0,0,0,0,4123151,0,0,0,0,2853,265984,0,0,0,0,0,0,0,0,0,0,0,0,0,0,0,0,0,0,0,64797,0,43,1470,0,4116,0,0,1363633,0,255174
503,0,12,0,0,0,0,0,4123151,0,0,0,0,2015,265984,0,0,0,0,0,0,0,0,0,0,0,0,0,0,0,0,0,0,0,64983,0,0,0,1032,3065,3387397,0,0,0,257650
503,0,13,0,0,0,0,0,4123151,0,0,0,0,2859,265984,0,0,0,0,0,0,0,0,0,0,0,0,0,0,0,0,0,0,0,64967,6394,0,0,2,5683,0,0,3303354,0,256570
503,0,14,0,0,0,0,0,4123151,0,0,0,0,2892,265984,0,0,0,0,0,0,0,0,0,0,0,0,0,0,0,0,0,0,0,65238,0,0,1485,0,4168,0,0,1374629,0,255841
503,0,15,0,0,0,0,0,4123151,0,0,0,0,54,0,0,0,0,0,0,0,0,0,0,0,0,0,0,0,0,0,0,0,0,0,0,0,26,0,110,0,0,0,0,0
504,0,0,0,0,0,0,0,8245675,0,0,33284,855296,136,0,0,0,0,0,53676,0,0,0,0,0,0,0,0,33284,33284,0,376099,0,1225381,855296,0,6379,0,136,284,0,0,0,0,5325364
504,0,1,0,0,0,0,0,4122837,53676,0,0,0,23511,0,0,0,0,0,53676,0,0,0,0,0,0,0,0,0,17165,0,188150,0,434286,0,0,3043,2179,6072,40186,0,0,874545,0,0
504,0,2,0,0,0,0,0,4122837,0,0,0,0,571,265984,0,0,0,0,0,0,0,0,0,0,0,0,0,0,0,0,188483,0,188288,64869,0,7379,879,5176,1203,0,0,775689,0,256814
504,0,3,0,0,0,0,0,4122837,0,0,0,0,570,265984,0,0,0,0,0,0,0,0,0,0,0,0,0,0,0,0,126309,0,0,64904,0,2088,311,0,814,0,0,203714,0,257556
504,0,4,0,0,0,0,0,4122837,0,0,0,0,741,265984,0,0,0,0,0,0,0,0,0,0,0,0,0,0,0,0,126563,0,0,64796,0,1783,0,374,1068,2648309,0,0,0,258964
504,0,5,0,0,0,0,0,4122837,0,0,0,0,1072,265984,0,0,0,0,0,0,0,0,0,0,0,0,0,0,0,0,126475,0,0,64997,17048,4889,0,1,2159,0,0,2226501,0,257666
504,0,6,0,0,0,0,0,4122836,0,0,0,0,1473,265984,0,0,0,0,0,0,0,0,0,0,0,0,0,0,0,0,126624,0,0,64861,0,2781,2163,1,2176,0,0,2180608,0,256100
504,0,7,0,0,0,0,0,4122837,0,0,0,0,1444,265984,0,0,0,0,0,0,0,0,0,0,0,0,0,0,0,0,63926,0,0,64763,0,3014,749,0,2964,0,0,862014,0,256021
504,0,8,0,0,0,0,0,4122837,0,0,0,0,1451,265984,0,0,0,0,0,0,0,0,0,0,0,0,0,0,0,0,63557,0,0,64758,0,1996,0,742,2928,3278837,0,0,0,257674
504,0,9,0,0,0,0,0,4122837,0,0,0,0,2018,265984,0,0,0,0,0,0,0,0,0,0,0,0,0,0,0,0,63612,0,0,64979,12118,1449,0,2,3066,0,0,3529164,0,256392
504,0,10,0,0,0,0,0,4122837,0,0,0,0,2828,265984,0,0,0,0,0,0,0,0,0,0,0,0,0,0,0,0,63717,0,0,64989,0,2990,4373,0,5719,0,0,3373660,0,254762
504,0,11,0,0,0,0,0,4122837,0,0,0,0,2879,265984,0,0,0,0,0,0,0,0,0,0,0,0,0,0,0,0,0,0,0,64802,0,46,1444,0,4245,0,0,1364156,0,255163
504,0,12,0,0,0,0,0,4122837,0,0,0,0,2007,265984,0,0,0,0,0,0,0,0,0,0,0,0,0,0,0,0,0,0,0,64977,0,0,0,1040,3066,3385699,0,0,0,257677
504,0,13,0,0,0,0,0,4122837,0,0,0,0,2848,265984,0,0,0,0,0,0,0,0,0,0,0,0,0,0,0,0,0,0,0,64970,6401,0,0,2,5730,0,0,3305069,0,256098
504,0,14,0,0,0,0,0,4122837,0,0,0,0,2886,265984,0,0,0,0,0,0,0,0,0,0,0,0,0,0,0,0,0,0,0,65115,0,0,1481,1,4227,0,0,1372628,0,256385
504,0,15,0,0,0,0,0,4122837,0,0,0,0,45,0,0,0,0,0,0,0,0,0,0,0,0,0,0,0,0,0,0,0,0,0,0,0,35,0,97,0,0,0,0,0
