run_id,idle,tile,l2_hits,l2_misses,dvfs0,dvfs1,dvfs2,dvfs3,inject_p0,inject_p1,inject_p2,inject_p3,inject_p4,inject_p5,router_p0_d0,router_p0_d1,router_p0_d2,router_p0_d3,router_p0_d4,router_p1_d0,router_p1_d1,router_p1_d2,router_p1_d3,router_p1_d4,router_p2_d0,router_p2_d1,router_p2_d2,router_p2_d3,router_p2_d4,router_p3_d0,router_p3_d1,router_p3_d2,router_p3_d3,router_p3_d4,router_p4_d0,router_p4_d1,router_p4_d2,router_p4_d3,router_p4_d4,router_p5_d0,router_p5_d1,router_p5_d2,router_p5_d3,router_p5_d4
0,1,0,0,0,0,0,0,20055428,0,0,104,0,116,0,0,0,0,0,2040,0,0,0,0,0,0,0,0,104,104,0,0,0,0,0,0,196,0,116,238,0,0,0,0,0
0,1,1,0,0,0,0,0,10027714,2040,0,0,0,618,0,0,0,0,0,2040,0,0,0,0,0,0,0,0,0,37,0,0,0,0,0,0,72,61,45,1002,0,0,0,0,0
0,1,2,0,0,0,0,0,10027714,0,0,0,0,50,0,0,0,0,0,0,0,0,0,0,0,0,0,0,0,0,0,0,0,0,0,0,169,42,0,118,0,0,0,0,0
0,1,3,0,0,0,0,0,10027714,0,0,0,0,51,0,0,0,0,0,0,0,0,0,0,0,0,0,0,0,0,0,0,0,0,0,0,3,0,41,61,0,0,0,0,0
0,1,4,0,0,0,0,0,10027714,0,0,0,0,50,0,0,0,0,0,0,0,0,0,0,0,0,0,0,0,0,0,0,0,0,0,264,53,0,0,121,0,0,0,0,0
0,1,5,0,0,0,0,0,10027714,0,0,0,0,51,0,0,0,0,0,0,0,0,0,0,0,0,0,0,0,0,0,0,0,0,0,0,10,41,0,56,0,0,0,0,0
0,1,6,0,0,0,0,0,10027714,0,0,0,0,56,0,0,0,0,0,0,0,0,0,0,0,0,0,0,0,0,0,0,0,0,0,0,0,0,36,151,0,0,0,0,0
0,1,7,0,0,0,0,0,10027714,0,0,0,0,50,0,0,0,0,0,0,0,0,0,0,0,0,0,0,0,0,0,0,0,0,0,144,0,0,0,95,0,0,0,0,0
0,1,8,0,0,0,0,0,10027714,0,0,0,0,46,0,0,0,0,0,0,0,0,0,0,0,0,0,0,0,0,0,0,0,0,0,0,0,34,0,122,0,0,0,0,0
1,0,0,0,0,0,0,0,1302058,0,0,8196,73728,116,0,0,0,0,0,14244,0,0,0,0,0,0,0,0,8196,8196,0,0,0,73728,73728,0,196,0,116,238,0,0,0,0,114688
1,0,1,0,0,0,0,0,651029,14244,0,0,0,8285,0,0,0,0,0,14244,0,0,0,0,0,0,0,0,0,1,0,0,0,40959,0,0,83,70,555,16342,0,0,114688,0,0
1,0,2,0,0,0,0,0,651029,0,0,0,0,7723,114688,0,0,0,0,0,0,0,0,0,0,0,0,0,0,0,0,0,0,0,32769,0,172,563,0,15476,0,0,0,0,114688
1,0,3,0,0,0,0,0,651029,0,0,0,0,49,0,0,0,0,0,0,0,0,0,0,0,0,0,0,0,0,0,0,0,0,0,0,7,0,43,63,0,0,0,0,0
1,0,4,0,0,0,0,0,651029,0,0,0,0,49,0,0,0,0,0,0,0,0,0,0,0,0,0,0,0,0,0,0,0,0,0,264,53,0,0,109,0,0,0,0,0
1,0,5,0,0,0,0,0,651029,0,0,0,0,49,0,0,0,0,0,0,0,0,0,0,0,0,0,0,0,0,0,0,0,0,0,0,8,43,0,54,0,0,0,0,0
1,0,6,0,0,0,0,0,651029,0,0,0,0,55,0,0,0,0,0,0,0,0,0,0,0,0,0,0,0,0,0,0,0,0,0,0,0,0,37,146,0,0,0,0,0
1,0,7,0,0,0,0,0,651029,0,0,0,0,49,0,0,0,0,0,0,0,0,0,0,0,0,0,0,0,0,0,0,0,0,0,141,0,0,0,94,0,0,0,0,0
1,0,8,0,0,0,0,0,651029,0,0,0,0,43,0,0,0,0,0,0,0,0,0,0,0,0,0,0,0,0,0,0,0,0,0,0,0,37,0,122,0,0,0,0,0
2,0,0,0,0,0,0,0,1302190,0,0,8196,73728,116,0,0,0,0,0,14245,0,0,0,0,0,0,0,0,8196,8196,0,0,0,73728,73728,0,196,0,116,238,0,0,0,0,114688
2,0,1,0,0,0,0,0,651095,14244,0,0,0,8060,0,0,0,0,0,14244,0,0,0,0,0,0,0,0,0,129,0,0,0,40960,0,0,84,82,767,15930,0,0,114688,0,0
2,0,2,0,0,0,0,0,651095,0,0,0,0,7537,114688,0,0,0,0,0,0,0,0,0,0,0,0,0,0,0,0,0,0,0,32768,0,156,750,0,15093,0,0,0,0,114688
2,0,3,0,0,0,0,0,651095,0,0,0,0,46,0,0,0,0,0,0,0,0,0,0,0,0,0,0,0,0,0,0,0,0,0,0,21,0,46,70,0,0,0,0,0
2,0,4,0,0,0,0,0,651095,0,0,0,0,46,0,0,0,0,0,0,0,0,0,0,0,0,0,0,0,0,0,0,0,0,0,264,54,0,0,104,0,0,0,0,0
2,0,5,0,0,0,0,0,651095,0,0,0,0,49,0,0,0,0,0,0,0,0,0,0,0,0,0,0,0,0,0,0,0,0,0,0,23,43,0,55,0,0,0,0,0
2,0,6,0,0,0,0,0,651095,0,0,0,0,55,0,0,0,0,0,0,0,0,0,0,0,0,0,0,0,0,0,0,0,0,0,0,0,0,37,132,0,0,0,0,0
2,0,7,0,0,0,0,0,651095,0,0,0,0,49,0,0,0,0,0,0,0,0,0,0,0,0,0,0,0,0,0,0,0,0,0,141,0,0,0,93,0,0,0,0,0
2,0,8,0,0,0,0,0,651095,0,0,0,0,43,0,0,0,0,0,0,0,0,0,0,0,0,0,0,0,0,0,0,0,0,0,0,0,37,0,107,0,0,0,0,0
3,0,0,0,0,0,0,0,1302019,0,0,8196,73728,116,0,0,0,0,0,14244,0,0,0,0,0,0,0,0,8196,8196,0,0,0,73728,73728,0,196,0,116,238,0,0,0,0,114688
3,0,1,0,0,0,0,0,651010,14244,0,0,0,8253,0,0,0,0,0,14244,0,0,0,0,0,0,0,0,0,1,0,0,0,40959,0,0,84,81,575,16315,0,0,114688,0,0
3,0,2,0,0,0,0,0,651010,0,0,0,0,7728,114688,0,0,0,0,0,0,0,0,0,0,0,0,0,0,0,0,0,0,0,32769,0,157,558,0,15476,0,0,0,0,114688
3,0,3,0,0,0,0,0,651010,0,0,0,0,46,0,0,0,0,0,0,0,0,0,0,0,0,0,0,0,0,0,0,0,0,0,0,21,0,46,70,0,0,0,0,0
3,0,4,0,0,0,0,0,651010,0,0,0,0,46,0,0,0,0,0,0,0,0,0,0,0,0,0,0,0,0,0,0,0,0,0,264,54,0,0,104,0,0,0,0,0
3,0,5,0,0,0,0,0,651010,0,0,0,0,49,0,0,0,0,0,0,0,0,0,0,0,0,0,0,0,0,0,0,0,0,0,0,22,43,0,55,0,0,0,0,0
3,0,6,0,0,0,0,0,651010,0,0,0,0,55,0,0,0,0,0,0,0,0,0,0,0,0,0,0,0,0,0,0,0,0,0,0,0,0,37,132,0,0,0,0,0
3,0,7,0,0,0,0,0,651010,0,0,0,0,49,0,0,0,0,0,0,0,0,0,0,0,0,0,0,0,0,0,0,0,0,0,141,0,0,0,93,0,0,0,0,0
3,0,8,0,0,0,0,0,651010,0,0,0,0,43,0,0,0,0,0,0,0,0,0,0,0,0,0,0,0,0,0,0,0,0,0,0,0,37,0,108,0,0,0,0,0
4,0,0,0,0,0,0,0,1370782,0,0,9368,147456,116,0,0,0,0,0,16005,0,0,0,0,0,0,0,0,9368,9368,0,73728,0,73728,147456,0,4881,0,116,238,0,0,0,0,229376
4,0,1,0,0,0,0,0,685391,16005,0,0,0,6411,0,0,0,0,0,16005,0,0,0,0,0,0,0,0,0,3779,0,0,0,40555,0,0,83,1761,1911,11197,0,0,114688,0,0
4,0,2,0,0,0,0,0,685391,0,0,0,0,3276,114688,0,0,0,0,0,0,0,0,0,0,0,0,0,0,0,0,0,0,0,33173,0,172,1498,0,6161,0,0,0,0,114688
4,0,3,0,0,0,0,0,685391,0,0,0,0,3555,114688,0,0,0,0,0,0,0,0,0,0,0,0,0,0,0,0,0,0,0,33116,0,7,0,1220,5260,0,0,0,0,114688
4,0,4,0,0,0,0,0,685391,0,0,0,0,49,0,0,0,0,0,0,0,0,0,0,0,0,0,0,0,0,0,0,0,0,0,3770,53,0,0,109,0,0,0,0,0
4,0,5,0,0,0,0,0,685391,0,0,0,0,49,0,0,0,0,0,0,0,0,0,0,0,0,0,0,0,0,0,0,0,0,0,0,9,43,0,54,0,0,0,0,0
4,0,6,0,0,0,0,0,685391,0,0,0,0,55,0,0,0,0,0,0,0,0,0,0,0,0,0,0,0,0,0,0,0,0,0,0,0,0,37,146,0,0,0,0,0
4,0,7,0,0,0,0,0,685391,0,0,0,0,49,0,0,0,0,0,0,0,0,0,0,0,0,0,0,0,0,0,0,0,0,0,141,0,0,0,94,0,0,0,0,0
4,0,8,0,0,0,0,0,685391,0,0,0,0,43,0,0,0,0,0,0,0,0,0,0,0,0,0,0,0,0,0,0,0,0,0,0,0,37,0,122,0,0,0,0,0
5,0,0,0,0,0,0,0,1371152,0,0,9372,147456,116,0,0,0,0,0,16014,0,0,0,0,0,0,0,0,9372,9372,0,73728,0,73728,147456,0,4883,0,116,238,0,0,0,0,229376
5,0,1,0,0,0,0,0,685576,16014,0,0,0,6372,0,0,0,0,0,16014,0,0,0,0,0,0,0,0,0,3767,0,0,0,40555,0,0,84,1768,1946,11156,0,0,114688,0,0
5,0,2,0,0,0,0,0,685576,0,0,0,0,3270,114688,0,0,0,0,0,0,0,0,0,0,0,0,0,0,0,0,0,0,0,33173,0,157,1506,0,6137,0,0,0,0,114688
5,0,3,0,0,0,0,0,685576,0,0,0,0,3551,114688,0,0,0,0,0,0,0,0,0,0,0,0,0,0,0,0,0,0,0,33126,0,21,0,1226,5261,0,0,0,0,114688
5,0,4,0,0,0,0,0,685576,0,0,0,0,46,0,0,0,0,0,0,0,0,0,0,0,0,0,0,0,0,0,0,0,0,0,3768,54,0,1,104,0,0,0,0,0
5,0,5,0,0,0,0,0,685576,0,0,0,0,49,0,0,0,0,0,0,0,0,0,0,0,0,0,0,0,0,0,0,0,0,0,0,22,43,0,55,0,0,0,0,0
5,0,6,0,0,0,0,0,685576,0,0,0,0,55,0,0,0,0,0,0,0,0,0,0,0,0,0,0,0,0,0,0,0,0,0,0,0,0,37,132,0,0,0,0,0
5,0,7,0,0,0,0,0,685576,0,0,0,0,49,0,0,0,0,0,0,0,0,0,0,0,0,0,0,0,0,0,0,0,0,0,141,0,0,0,93,0,0,0,0,0
5,0,8,0,0,0,0,0,685576,0,0,0,0,43,0,0,0,0,0,0,0,0,0,0,0,0,0,0,0,0,0,0,0,0,0,0,0,37,0,109,0,0,0,0,0
6,0,0,0,0,0,0,0,1371208,0,0,9372,147456,116,0,0,0,0,0,16011,0,0,0,0,0,0,0,0,9372,9372,0,73728,0,73728,147456,0,4883,0,116,238,0,0,0,0,229376
6,0,1,0,0,0,0,0,685604,16011,0,0,0,6369,0,0,0,0,0,16011,0,0,0,0,0,0,0,0,0,3780,0,0,0,40565,0,0,84,1773,1944,11145,0,0,114688,0,0
6,0,2,0,0,0,0,0,685604,0,0,0,0,3276,114688,0,0,0,0,0,0,0,0,0,0,0,0,0,0,0,0,0,0,0,33163,0,156,1501,0,6145,0,0,0,0,114688
6,0,3,0,0,0,0,0,685604,0,0,0,0,3563,114688,0,0,0,0,0,0,0,0,0,0,0,0,0,0,0,0,0,0,0,33113,0,21,0,1214,5278,0,0,0,0,114688
6,0,4,0,0,0,0,0,685604,0,0,0,0,46,0,0,0,0,0,0,0,0,0,0,0,0,0,0,0,0,0,0,0,0,0,3781,54,0,0,104,0,0,0,0,0
6,0,5,0,0,0,0,0,685604,0,0,0,0,49,0,0,0,0,0,0,0,0,0,0,0,0,0,0,0,0,0,0,0,0,0,0,24,43,0,55,0,0,0,0,0
6,0,6,0,0,0,0,0,685604,0,0,0,0,55,0,0,0,0,0,0,0,0,0,0,0,0,0,0,0,0,0,0,0,0,0,0,0,0,37,132,0,0,0,0,0
6,0,7,0,0,0,0,0,685604,0,0,0,0,49,0,0,0,0,0,0,0,0,0,0,0,0,0,0,0,0,0,0,0,0,0,141,0,0,0,93,0,0,0,0,0
6,0,8,0,0,0,0,0,685604,0,0,0,0,43,0,0,0,0,0,0,0,0,0,0,0,0,0,0,0,0,0,0,0,0,0,0,0,37,0,107,0,0,0,0,0
7,0,0,0,0,0,0,0,2407691,0,0,16842,294912,116,0,0,0,0,0,27231,0,0,0,0,0,0,0,0,16842,16842,0,73728,0,221184,294912,0,4409,0,116,238,0,0,0,0,2018978
7,0,1,0,0,0,0,0,1203846,27231,0,0,0,11989,0,0,0,0,0,27231,0,0,0,0,0,0,0,0,0,7954,0,36599,0,73579,0,0,1514,1359,2780,20990,0,0,89111,0,0
7,0,2,0,0,0,0,0,1203846,0,0,0,0,2806,114688,0,0,0,0,0,0,0,0,0,0,0,0,0,0,0,0,36815,0,0,37062,0,3001,1490,0,5728,0,0,10563,0,112069
7,0,3,0,0,0,0,0,1203846,0,0,0,0,2763,114688,0,0,0,0,0,0,0,0,0,0,0,0,0,0,0,0,0,0,0,37131,0,21,0,1540,4064,168994,0,0,0,101889
7,0,4,0,0,0,0,0,1203846,0,0,0,0,3029,114688,0,0,0,0,0,0,0,0,0,0,0,0,0,0,0,0,0,0,0,37129,7033,54,0,2,5870,0,0,125881,0,109128
7,0,5,0,0,0,0,0,1203846,0,0,0,0,2875,114688,0,0,0,0,0,0,0,0,0,0,0,0,0,0,0,0,0,0,0,36913,0,23,1427,0,4250,0,0,4167,0,114623
7,0,6,0,0,0,0,0,1203846,0,0,0,0,55,0,0,0,0,0,0,0,0,0,0,0,0,0,0,0,0,0,0,0,0,0,0,0,0,37,132,0,0,0,0,0
7,0,7,0,0,0,0,0,1203846,0,0,0,0,49,0,0,0,0,0,0,0,0,0,0,0,0,0,0,0,0,0,0,0,0,0,141,0,0,0,93,0,0,0,0,0
7,0,8,0,0,0,0,0,1203846,0,0,0,0,43,0,0,0,0,0,0,0,0,0,0,0,0,0,0,0,0,0,0,0,0,0,0,0,37,0,110,0,0,0,0,0
8,0,0,0,0,0,0,0,2407455,0,0,16858,294912,116,0,0,0,0,0,27252,0,0,0,0,0,0,0,0,16858,16858,0,73728,0,221184,294912,0,4413,0,116,238,0,0,0,0,2015540
8,0,1,0,0,0,0,0,1203728,27252,0,0,0,12032,0,0,0,0,0,27252,0,0,0,0,0,0,0,0,0,7875,0,36567,0,73553,0,0,1532,1354,2740,20977,0,0,89574,0,0
8,0,2,0,0,0,0,0,1203728,0,0,0,0,2821,114688,0,0,0,0,0,0,0,0,0,0,0,0,0,0,0,0,36852,0,0,37051,0,3037,1479,0,5755,0,0,9934,0,112334
8,0,3,0,0,0,0,0,1203728,0,0,0,0,2815,114688,0,0,0,0,0,0,0,0,0,0,0,0,0,0,0,0,0,0,0,37170,0,7,0,1492,4114,169008,0,0,0,101712
8,0,4,0,0,0,0,0,1203728,0,0,0,0,3000,114688,0,0,0,0,0,0,0,0,0,0,0,0,0,0,0,0,0,0,0,37161,7116,53,0,2,5828,0,0,126414,0,108814
8,0,5,0,0,0,0,0,1203728,0,0,0,0,2873,114688,0,0,0,0,0,0,0,0,0,0,0,0,0,0,0,0,0,0,0,36876,0,9,1433,0,4230,0,0,4130,0,114612
8,0,6,0,0,0,0,0,1203728,0,0,0,0,55,0,0,0,0,0,0,0,0,0,0,0,0,0,0,0,0,0,0,0,0,0,0,0,0,37,146,0,0,0,0,0
8,0,7,0,0,0,0,0,1203728,0,0,0,0,49,0,0,0,0,0,0,0,0,0,0,0,0,0,0,0,0,0,0,0,0,0,141,0,0,0,94,0,0,0,0,0
8,0,8,0,0,0,0,0,1203728,0,0,0,0,43,0,0,0,0,0,0,0,0,0,0,0,0,0,0,0,0,0,0,0,0,0,0,0,37,0,124,0,0,0,0,0
9,0,0,0,0,0,0,0,2407839,0,0,16858,294912,116,0,0,0,0,0,27252,0,0,0,0,0,0,0,0,16858,16858,0,73728,0,221184,294912,0,4413,0,116,238,0,0,0,0,2016902
9,0,1,0,0,0,0,0,1203920,27252,0,0,0,12008,0,0,0,0,0,27252,0,0,0,0,0,0,0,0,0,7845,0,36523,0,73582,0,0,1523,1350,2777,21025,0,0,89079,0,0
9,0,2,0,0,0,0,0,1203920,0,0,0,0,2808,114688,0,0,0,0,0,0,0,0,0,0,0,0,0,0,0,0,36829,0,0,37045,0,3028,1493,0,5713,0,0,9806,0,112404
9,0,3,0,0,0,0,0,1203920,0,0,0,0,2766,114688,0,0,0,0,0,0,0,0,0,0,0,0,0,0,0,0,0,0,0,37198,0,21,0,1541,4058,168723,0,0,0,101973
9,0,4,0,0,0,0,0,1203920,0,0,0,0,2999,114688,0,0,0,0,0,0,0,0,0,0,0,0,0,0,0,0,0,0,0,37205,7030,54,0,2,5835,0,0,126975,0,108502
9,0,5,0,0,0,0,0,1203920,0,0,0,0,2835,114688,0,0,0,0,0,0,0,0,0,0,0,0,0,0,0,0,0,0,0,36899,0,24,1471,0,4186,0,0,4257,0,114598
9,0,6,0,0,0,0,0,1203920,0,0,0,0,55,0,0,0,0,0,0,0,0,0,0,0,0,0,0,0,0,0,0,0,0,0,0,0,0,37,132,0,0,0,0,0
9,0,7,0,0,0,0,0,1203920,0,0,0,0,49,0,0,0,0,0,0,0,0,0,0,0,0,0,0,0,0,0,0,0,0,0,141,0,0,0,93,0,0,0,0,0
9,0,8,0,0,0,0,0,1203920,0,0,0,0,43,0,0,0,0,0,0,0,0,0,0,0,0,0,0,0,0,0,0,0,0,0,0,0,37,0,109,0,0,0,0,0
10,0,0,0,0,0,0,0,3487581,0,0,25184,442368,116,0,0,0,0,0,39756,0,0,0,0,0,0,0,0,25184,25184,0,147456,0,294912,442368,0,8900,0,116,238,0,0,0,0,3375067
10,0,1,0,0,0,0,0,1743791,39756,0,0,0,17488,0,0,0,0,0,39756,0,0,0,0,0,0,0,0,0,11834,0,73797,0,73840,0,0,2978,2929,2591,30153,0,0,200974,0,0
10,0,2,0,0,0,0,0,1743791,0,0,0,0,2139,114688,0,0,0,0,0,0,0,0,0,0,0,0,0,0,0,0,36741,0,0,36875,0,3059,1143,0,4396,0,0,56285,0,111767
10,0,3,0,0,0,0,0,1743791,0,0,0,0,2957,114688,0,0,0,0,0,0,0,0,0,0,0,0,0,0,0,0,36829,0,0,36679,0,1419,0,1406,4418,1397654,0,0,0,82954
10,0,4,0,0,0,0,0,1743791,0,0,0,0,3028,114688,0,0,0,0,0,0,0,0,0,0,0,0,0,0,0,0,36814,0,0,36845,12054,2945,0,2,6163,0,0,397114,0,94405
10,0,5,0,0,0,0,0,1743791,0,0,0,0,3020,114688,0,0,0,0,0,0,0,0,0,0,0,0,0,0,0,0,0,0,0,36987,0,8,1501,0,4569,0,0,89460,0,109390
10,0,6,0,0,0,0,0,1743791,0,0,0,0,3007,114688,0,0,0,0,0,0,0,0,0,0,0,0,0,0,0,0,0,0,0,36899,0,0,0,1514,6117,404680,0,0,0,94540
10,0,7,0,0,0,0,0,1743791,0,0,0,0,3038,114688,0,0,0,0,0,0,0,0,0,0,0,0,0,0,0,0,0,0,0,36914,4533,0,0,0,4622,0,0,88168,0,110228
10,0,8,0,0,0,0,0,1743791,0,0,0,0,43,0,0,0,0,0,0,0,0,0,0,0,0,0,0,0,0,0,0,0,0,0,0,0,37,0,127,0,0,0,0,0
11,0,0,0,0,0,0,0,3484977,0,0,25190,442368,116,0,0,0,0,0,39765,0,0,0,0,0,0,0,0,25190,25190,0,147456,0,294912,442368,0,8894,0,116,238,0,0,0,0,3372024
11,0,1,0,0,0,0,0,1742489,39765,0,0,0,17333,0,0,0,0,0,39765,0,0,0,0,0,0,0,0,0,11905,0,73605,0,73586,0,0,3009,3084,2566,30107,0,0,204703,0,0
11,0,2,0,0,0,0,0,1742489,0,0,0,0,2151,114688,0,0,0,0,0,0,0,0,0,0,0,0,0,0,0,0,37000,0,0,36870,0,3057,1142,0,4446,0,0,58671,0,111700
11,0,3,0,0,0,0,0,1742489,0,0,0,0,2924,114688,0,0,0,0,0,0,0,0,0,0,0,0,0,0,0,0,36811,0,0,36803,0,1553,0,1435,4406,1409110,0,0,0,82424
11,0,4,0,0,0,0,0,1742489,0,0,0,0,2999,114688,0,0,0,0,0,0,0,0,0,0,0,0,0,0,0,0,36864,0,0,36987,11952,3020,0,1,6028,0,0,403236,0,93612
11,0,5,0,0,0,0,0,1742489,0,0,0,0,2985,114688,0,0,0,0,0,0,0,0,0,0,0,0,0,0,0,0,0,0,0,36728,0,11,1537,0,4537,0,0,91279,0,109202
11,0,6,0,0,0,0,0,1742489,0,0,0,0,3000,114688,0,0,0,0,0,0,0,0,0,0,0,0,0,0,0,0,0,0,0,36917,0,0,0,1519,5974,405394,0,0,0,93995
11,0,7,0,0,0,0,0,1742489,0,0,0,0,2965,114688,0,0,0,0,0,0,0,0,0,0,0,0,0,0,0,0,0,0,0,36864,4596,0,0,1,4472,0,0,84130,0,109944
11,0,8,0,0,0,0,0,1742489,0,0,0,0,43,0,0,0,0,0,0,0,0,0,0,0,0,0,0,0,0,0,0,0,0,0,0,0,37,0,123,0,0,0,0,0
12,0,0,0,0,0,0,0,3487412,0,0,25190,442368,116,0,0,0,0,0,39765,0,0,0,0,0,0,0,0,25190,25190,0,147456,0,294912,442368,0,8900,0,116,238,0,0,0,0,3369860
12,0,1,0,0,0,0,0,1743706,39765,0,0,0,17496,0,0,0,0,0,39765,0,0,0,0,0,0,0,0,0,11771,0,73684,0,73765,0,0,2968,2954,2574,30195,0,0,204740,0,0
12,0,2,0,0,0,0,0,1743706,0,0,0,0,2127,114688,0,0,0,0,0,0,0,0,0,0,0,0,0,0,0,0,36821,0,0,36870,0,3085,1164,0,4382,0,0,58398,0,111706
12,0,3,0,0,0,0,0,1743706,0,0,0,0,2870,114688,0,0,0,0,0,0,0,0,0,0,0,0,0,0,0,0,36865,0,0,36809,0,1413,0,1493,4362,1394134,0,0,0,82161
12,0,4,0,0,0,0,0,1743706,0,0,0,0,3018,114688,0,0,0,0,0,0,0,0,0,0,0,0,0,0,0,0,36787,0,0,36985,12005,3008,0,0,6098,0,0,398563,0,92476
12,0,5,0,0,0,0,0,1743706,0,0,0,0,3005,114688,0,0,0,0,0,0,0,0,0,0,0,0,0,0,0,0,0,0,0,36907,0,11,1516,0,4527,0,0,83649,0,109712
12,0,6,0,0,0,0,0,1743706,0,0,0,0,2937,114688,0,0,0,0,0,0,0,0,0,0,0,0,0,0,0,0,0,0,0,36863,0,0,0,1584,6053,399149,0,0,0,92264
12,0,7,0,0,0,0,0,1743706,0,0,0,0,3009,114688,0,0,0,0,0,0,0,0,0,0,0,0,0,0,0,0,0,0,0,36941,4490,0,0,0,4528,0,0,79131,0,110096
12,0,8,0,0,0,0,0,1743706,0,0,0,0,43,0,0,0,0,0,0,0,0,0,0,0,0,0,0,0,0,0,0,0,0,0,0,0,37,0,124,0,0,0,0,0
13,0,0,0,0,0,0,0,585765,0,0,4098,67584,116,0,0,0,0,0,8097,0,0,0,0,0,0,0,0,4098,4098,0,0,0,86335,67584,0,196,0,116,238,0,0,0,0,77824
13,0,1,0,0,0,0,0,292883,8097,0,0,0,2740,0,0,0,0,0,8097,0,0,0,0,0,0,0,0,0,658,0,0,0,50316,0,0,84,81,1990,5290,0,0,77824,0,0
13,0,2,0,0,0,0,0,292883,0,0,0,0,2216,77824,0,0,0,0,0,0,0,0,0,0,0,0,0,0,0,0,0,0,0,60610,0,157,1972,0,4451,0,0,0,0,77824
13,0,3,0,0,0,0,0,292883,0,0,0,0,46,0,0,0,0,0,0,0,0,0,0,0,0,0,0,0,0,0,0,0,0,0,0,21,0,46,70,0,0,0,0,0
13,0,4,0,0,0,0,0,292883,0,0,0,0,46,0,0,0,0,0,0,0,0,0,0,0,0,0,0,0,0,0,0,0,0,0,264,54,0,0,104,0,0,0,0,0
13,0,5,0,0,0,0,0,292883,0,0,0,0,49,0,0,0,0,0,0,0,0,0,0,0,0,0,0,0,0,0,0,0,0,0,0,22,43,0,55,0,0,0,0,0
13,0,6,0,0,0,0,0,292883,0,0,0,0,55,0,0,0,0,0,0,0,0,0,0,0,0,0,0,0,0,0,0,0,0,0,0,0,0,37,132,0,0,0,0,0
13,0,7,0,0,0,0,0,292883,0,0,0,0,49,0,0,0,0,0,0,0,0,0,0,0,0,0,0,0,0,0,0,0,0,0,141,0,0,0,93,0,0,0,0,0
13,0,8,0,0,0,0,0,292883,0,0,0,0,43,0,0,0,0,0,0,0,0,0,0,0,0,0,0,0,0,0,0,0,0,0,0,0,37,0,108,0,0,0,0,0
14,0,0,0,0,0,0,0,585706,0,0,4100,67584,116,0,0,0,0,0,8100,0,0,0,0,0,0,0,0,4100,4100,0,0,0,86364,67584,0,196,0,116,238,0,0,0,0,77824
14,0,1,0,0,0,0,0,292853,8100,0,0,0,2768,0,0,0,0,0,8100,0,0,0,0,0,0,0,0,0,683,0,0,0,50349,0,0,83,70,1976,5308,0,0,77824,0,0
14,0,2,0,0,0,0,0,292853,0,0,0,0,2206,77824,0,0,0,0,0,0,0,0,0,0,0,0,0,0,0,0,0,0,0,60600,0,172,1984,0,4442,0,0,0,0,77824
14,0,3,0,0,0,0,0,292853,0,0,0,0,49,0,0,0,0,0,0,0,0,0,0,0,0,0,0,0,0,0,0,0,0,0,0,7,0,43,63,0,0,0,0,0
14,0,4,0,0,0,0,0,292853,0,0,0,0,49,0,0,0,0,0,0,0,0,0,0,0,0,0,0,0,0,0,0,0,0,0,264,53,0,0,109,0,0,0,0,0
14,0,5,0,0,0,0,0,292853,0,0,0,0,49,0,0,0,0,0,0,0,0,0,0,0,0,0,0,0,0,0,0,0,0,0,0,8,43,0,54,0,0,0,0,0
14,0,6,0,0,0,0,0,292853,0,0,0,0,55,0,0,0,0,0,0,0,0,0,0,0,0,0,0,0,0,0,0,0,0,0,0,0,0,37,146,0,0,0,0,0
14,0,7,0,0,0,0,0,292853,0,0,0,0,49,0,0,0,0,0,0,0,0,0,0,0,0,0,0,0,0,0,0,0,0,0,141,0,0,0,94,0,0,0,0,0
14,0,8,0,0,0,0,0,292853,0,0,0,0,43,0,0,0,0,0,0,0,0,0,0,0,0,0,0,0,0,0,0,0,0,0,0,0,37,0,122,0,0,0,0,0
15,0,0,0,0,0,0,0,585937,0,0,4098,67584,116,0,0,0,0,0,8097,0,0,0,0,0,0,0,0,4098,4098,0,0,0,86287,67584,0,196,0,116,238,0,0,0,0,77824
15,0,1,0,0,0,0,0,292969,8097,0,0,0,2736,0,0,0,0,0,8097,0,0,0,0,0,0,0,0,0,619,0,0,0,50221,0,0,84,82,1993,5282,0,0,77824,0,0
15,0,2,0,0,0,0,0,292969,0,0,0,0,2213,77824,0,0,0,0,0,0,0,0,0,0,0,0,0,0,0,0,0,0,0,60658,0,156,1976,0,4445,0,0,0,0,77824
15,0,3,0,0,0,0,0,292969,0,0,0,0,46,0,0,0,0,0,0,0,0,0,0,0,0,0,0,0,0,0,0,0,0,0,0,21,0,46,70,0,0,0,0,0
15,0,4,0,0,0,0,0,292969,0,0,0,0,46,0,0,0,0,0,0,0,0,0,0,0,0,0,0,0,0,0,0,0,0,0,264,54,0,0,104,0,0,0,0,0
15,0,5,0,0,0,0,0,292969,0,0,0,0,49,0,0,0,0,0,0,0,0,0,0,0,0,0,0,0,0,0,0,0,0,0,0,23,43,0,55,0,0,0,0,0
15,0,6,0,0,0,0,0,292969,0,0,0,0,55,0,0,0,0,0,0,0,0,0,0,0,0,0,0,0,0,0,0,0,0,0,0,0,0,37,132,0,0,0,0,0
15,0,7,0,0,0,0,0,292969,0,0,0,0,49,0,0,0,0,0,0,0,0,0,0,0,0,0,0,0,0,0,0,0,0,0,141,0,0,0,93,0,0,0,0,0
15,0,8,0,0,0,0,0,292969,0,0,0,0,43,0,0,0,0,0,0,0,0,0,0,0,0,0,0,0,0,0,0,0,0,0,0,0,37,0,107,0,0,0,0,0
16,0,0,0,0,0,0,0,609442,0,0,4100,135168,116,0,0,0,0,0,8103,0,0,0,0,0,0,0,0,4100,4100,0,104326,0,87738,135168,0,2247,0,116,238,0,0,0,0,230879
16,0,1,0,0,0,0,0,304721,8103,0,0,0,2999,0,0,0,0,0,8103,0,0,0,0,0,0,0,0,0,240,0,0,0,52859,0,0,83,974,842,5428,0,0,78120,0,0
16,0,2,0,0,0,0,0,304721,0,0,0,0,1411,77824,0,0,0,0,0,0,0,0,0,0,0,0,0,0,0,0,0,0,0,59455,0,171,730,0,2731,0,0,1929,0,77824
16,0,3,0,0,0,0,0,304721,0,0,0,0,1412,77824,0,0,0,0,0,0,0,0,0,0,0,0,0,0,0,0,0,0,0,59512,0,7,0,729,2330,458,0,0,0,77823
16,0,4,0,0,0,0,0,304721,0,0,0,0,49,0,0,0,0,0,0,0,0,0,0,0,0,0,0,0,0,0,0,0,0,0,1627,53,0,0,109,0,0,0,0,0
16,0,5,0,0,0,0,0,304721,0,0,0,0,49,0,0,0,0,0,0,0,0,0,0,0,0,0,0,0,0,0,0,0,0,0,0,10,43,0,54,0,0,0,0,0
16,0,6,0,0,0,0,0,304721,0,0,0,0,55,0,0,0,0,0,0,0,0,0,0,0,0,0,0,0,0,0,0,0,0,0,0,0,0,37,146,0,0,0,0,0
16,0,7,0,0,0,0,0,304721,0,0,0,0,49,0,0,0,0,0,0,0,0,0,0,0,0,0,0,0,0,0,0,0,0,0,141,0,0,0,94,0,0,0,0,0
16,0,8,0,0,0,0,0,304721,0,0,0,0,43,0,0,0,0,0,0,0,0,0,0,0,0,0,0,0,0,0,0,0,0,0,0,0,37,0,121,0,0,0,0,0
17,0,0,0,0,0,0,0,609383,0,0,4100,135168,116,0,0,0,0,0,8106,0,0,0,0,0,0,0,0,4100,4100,0,104326,0,87735,135168,0,2247,0,116,238,0,0,0,0,230906
17,0,1,0,0,0,0,0,304692,8106,0,0,0,2998,0,0,0,0,0,8106,0,0,0,0,0,0,0,0,0,242,0,0,0,52855,0,0,83,973,844,5426,0,0,78060,0,0
17,0,2,0,0,0,0,0,304692,0,0,0,0,1408,77824,0,0,0,0,0,0,0,0,0,0,0,0,0,0,0,0,0,0,0,59456,0,171,733,0,2726,0,0,1928,0,77824
17,0,3,0,0,0,0,0,304692,0,0,0,0,1411,77824,0,0,0,0,0,0,0,0,0,0,0,0,0,0,0,0,0,0,0,59511,0,7,0,730,2329,458,0,0,0,77822
17,0,4,0,0,0,0,0,304692,0,0,0,0,49,0,0,0,0,0,0,0,0,0,0,0,0,0,0,0,0,0,0,0,0,0,1625,53,0,1,109,0,0,0,0,0
17,0,5,0,0,0,0,0,304692,0,0,0,0,49,0,0,0,0,0,0,0,0,0,0,0,0,0,0,0,0,0,0,0,0,0,0,9,43,0,54,0,0,0,0,0
17,0,6,0,0,0,0,0,304692,0,0,0,0,55,0,0,0,0,0,0,0,0,0,0,0,0,0,0,0,0,0,0,0,0,0,0,0,0,37,146,0,0,0,0,0
17,0,7,0,0,0,0,0,304692,0,0,0,0,49,0,0,0,0,0,0,0,0,0,0,0,0,0,0,0,0,0,0,0,0,0,141,0,0,0,94,0,0,0,0,0
17,0,8,0,0,0,0,0,304692,0,0,0,0,43,0,0,0,0,0,0,0,0,0,0,0,0,0,0,0,0,0,0,0,0,0,0,0,37,0,122,0,0,0,0,0
18,0,0,0,0,0,0,0,609509,0,0,4100,135168,116,0,0,0,0,0,8103,0,0,0,0,0,0,0,0,4100,4100,0,104326,0,87737,135168,0,2247,0,116,238,0,0,0,0,230984
18,0,1,0,0,0,0,0,304755,8103,0,0,0,2970,0,0,0,0,0,8103,0,0,0,0,0,0,0,0,0,242,0,0,0,52858,0,0,84,981,863,5400,0,0,78180,0,0
18,0,2,0,0,0,0,0,304755,0,0,0,0,1415,77824,0,0,0,0,0,0,0,0,0,0,0,0,0,0,0,0,0,0,0,59455,0,156,726,0,2729,0,0,1929,0,77824
18,0,3,0,0,0,0,0,304755,0,0,0,0,1413,77824,0,0,0,0,0,0,0,0,0,0,0,0,0,0,0,0,0,0,0,59514,0,21,0,728,2338,459,0,0,0,77822
18,0,4,0,0,0,0,0,304755,0,0,0,0,46,0,0,0,0,0,0,0,0,0,0,0,0,0,0,0,0,0,0,0,0,0,1630,54,0,1,104,0,0,0,0,0
18,0,5,0,0,0,0,0,304755,0,0,0,0,49,0,0,0,0,0,0,0,0,0,0,0,0,0,0,0,0,0,0,0,0,0,0,23,43,0,55,0,0,0,0,0
18,0,6,0,0,0,0,0,304755,0,0,0,0,55,0,0,0,0,0,0,0,0,0,0,0,0,0,0,0,0,0,0,0,0,0,0,0,0,37,132,0,0,0,0,0
18,0,7,0,0,0,0,0,304755,0,0,0,0,49,0,0,0,0,0,0,0,0,0,0,0,0,0,0,0,0,0,0,0,0,0,141,0,0,0,93,0,0,0,0,0
18,0,8,0,0,0,0,0,304755,0,0,0,0,43,0,0,0,0,0,0,0,0,0,0,0,0,0,0,0,0,0,0,0,0,0,0,0,37,0,108,0,0,0,0,0
19,0,0,0,0,0,0,0,1062697,0,0,7202,270336,116,0,0,0,0,0,12771,0,0,0,0,0,0,0,0,7202,7202,0,103251,0,243126,270336,0,2051,0,116,238,0,0,0,0,899736
19,0,1,0,0,0,0,0,531349,12771,0,0,0,5058,0,0,0,0,0,12771,0,0,0,0,0,0,0,0,0,2627,0,50874,0,93695,0,0,806,807,1331,8920,0,0,71209,0,0
19,0,2,0,0,0,0,0,531349,0,0,0,0,1011,77824,0,0,0,0,0,0,0,0,0,0,0,0,0,0,0,0,50464,0,0,60276,0,1339,528,0,2023,0,0,19832,0,71738
19,0,3,0,0,0,0,0,531349,0,0,0,0,1325,77824,0,0,0,0,0,0,0,0,0,0,0,0,0,0,0,0,0,0,0,60065,0,21,0,620,2074,320419,0,0,0,67175
19,0,4,0,0,0,0,0,531349,0,0,0,0,1394,77824,0,0,0,0,0,0,0,0,0,0,0,0,0,0,0,0,0,0,0,60583,3494,54,0,0,2681,0,0,244125,0,67431
19,0,5,0,0,0,0,0,531349,0,0,0,0,1400,77824,0,0,0,0,0,0,0,0,0,0,0,0,0,0,0,0,0,0,0,58933,0,25,641,0,2174,0,0,43619,0,68486
19,0,6,0,0,0,0,0,531349,0,0,0,0,55,0,0,0,0,0,0,0,0,0,0,0,0,0,0,0,0,0,0,0,0,0,0,0,0,37,132,0,0,0,0,0
19,0,7,0,0,0,0,0,531349,0,0,0,0,49,0,0,0,0,0,0,0,0,0,0,0,0,0,0,0,0,0,0,0,0,0,141,0,0,0,93,0,0,0,0,0
19,0,8,0,0,0,0,0,531349,0,0,0,0,43,0,0,0,0,0,0,0,0,0,0,0,0,0,0,0,0,0,0,0,0,0,0,0,37,0,108,0,0,0,0,0
20,0,0,0,0,0,0,0,1062799,0,0,7206,270336,116,0,0,0,0,0,12774,0,0,0,0,0,0,0,0,7206,7206,0,103300,0,243088,270336,0,2047,0,116,238,0,0,0,0,895352
20,0,1,0,0,0,0,0,531400,12774,0,0,0,5058,0,0,0,0,0,12774,0,0,0,0,0,0,0,0,0,2672,0,50873,0,93789,0,0,813,784,1351,8975,0,0,73857,0,0
20,0,2,0,0,0,0,0,531400,0,0,0,0,994,77824,0,0,0,0,0,0,0,0,0,0,0,0,0,0,0,0,50389,0,0,60224,0,1317,532,0,2007,0,0,22330,0,71790
20,0,3,0,0,0,0,0,531400,0,0,0,0,1297,77824,0,0,0,0,0,0,0,0,0,0,0,0,0,0,0,0,0,0,0,60047,0,21,0,644,2024,314017,0,0,0,66981
20,0,4,0,0,0,0,0,531400,0,0,0,0,1384,77824,0,0,0,0,0,0,0,0,0,0,0,0,0,0,0,0,0,0,0,60570,3439,54,0,1,2674,0,0,237574,0,67589
20,0,5,0,0,0,0,0,531400,0,0,0,0,1354,77824,0,0,0,0,0,0,0,0,0,0,0,0,0,0,0,0,0,0,0,59006,0,23,697,0,2161,0,0,40465,0,68977
20,0,6,0,0,0,0,0,531400,0,0,0,0,55,0,0,0,0,0,0,0,0,0,0,0,0,0,0,0,0,0,0,0,0,0,0,0,0,37,132,0,0,0,0,0
20,0,7,0,0,0,0,0,531400,0,0,0,0,49,0,0,0,0,0,0,0,0,0,0,0,0,0,0,0,0,0,0,0,0,0,141,0,0,0,93,0,0,0,0,0
20,0,8,0,0,0,0,0,531400,0,0,0,0,43,0,0,0,0,0,0,0,0,0,0,0,0,0,0,0,0,0,0,0,0,0,0,0,37,0,110,0,0,0,0,0
21,0,0,0,0,0,0,0,1062840,0,0,7198,270336,116,0,0,0,0,0,12762,0,0,0,0,0,0,0,0,7198,7198,0,103250,0,243111,270336,0,2035,0,116,238,0,0,0,0,887180
21,0,1,0,0,0,0,0,531420,12762,0,0,0,5120,0,0,0,0,0,12762,0,0,0,0,0,0,0,0,0,2672,0,50878,0,93743,0,0,828,791,1259,9035,0,0,71926,0,0
21,0,2,0,0,0,0,0,531420,0,0,0,0,999,77824,0,0,0,0,0,0,0,0,0,0,0,0,0,0,0,0,50408,0,0,60237,0,1376,532,0,2048,0,0,20394,0,71789
21,0,3,0,0,0,0,0,531420,0,0,0,0,1274,77824,0,0,0,0,0,0,0,0,0,0,0,0,0,0,0,0,0,0,0,60070,0,7,0,655,2009,312675,0,0,0,67188
21,0,4,0,0,0,0,0,531420,0,0,0,0,1391,77824,0,0,0,0,0,0,0,0,0,0,0,0,0,0,0,0,0,0,0,60572,3433,53,0,1,2667,0,0,233560,0,67801
21,0,5,0,0,0,0,0,531420,0,0,0,0,1377,77824,0,0,0,0,0,0,0,0,0,0,0,0,0,0,0,0,0,0,0,58949,0,11,673,0,2138,0,0,40369,0,68738
21,0,6,0,0,0,0,0,531420,0,0,0,0,55,0,0,0,0,0,0,0,0,0,0,0,0,0,0,0,0,0,0,0,0,0,0,0,0,37,146,0,0,0,0,0
21,0,7,0,0,0,0,0,531420,0,0,0,0,49,0,0,0,0,0,0,0,0,0,0,0,0,0,0,0,0,0,0,0,0,0,141,0,0,0,94,0,0,0,0,0
21,0,8,0,0,0,0,0,531420,0,0,0,0,43,0,0,0,0,0,0,0,0,0,0,0,0,0,0,0,0,0,0,0,0,0,0,0,37,0,122,0,0,0,0,0
22,0,0,0,0,0,0,0,1559313,0,0,10540,405504,116,0,0,0,0,0,17790,0,0,0,0,0,0,0,0,10540,10540,0,188770,0,314247,405504,0,3662,0,116,238,0,0,0,0,1342441
22,0,1,0,0,0,0,0,779657,17790,0,0,0,7678,0,0,0,0,0,17790,0,0,0,0,0,0,0,0,0,4866,0,95865,0,94282,0,0,1488,1110,1066,13236,0,0,105210,0,0
22,0,2,0,0,0,0,0,779657,0,0,0,0,710,77824,0,0,0,0,0,0,0,0,0,0,0,0,0,0,0,0,50003,0,0,60434,0,1520,390,0,1441,0,0,54979,0,71088
22,0,3,0,0,0,0,0,779657,0,0,0,0,999,77824,0,0,0,0,0,0,0,0,0,0,0,0,0,0,0,0,49801,0,0,60015,0,540,0,534,1532,476762,0,0,0,67068
22,0,4,0,0,0,0,0,779657,0,0,0,0,1438,77824,0,0,0,0,0,0,0,0,0,0,0,0,0,0,0,0,51299,0,0,60301,5270,1436,0,2,2756,0,0,339749,0,65993
22,0,5,0,0,0,0,0,779657,0,0,0,0,1442,77824,0,0,0,0,0,0,0,0,0,0,0,0,0,0,0,0,0,0,0,59538,0,22,671,0,2108,0,0,79553,0,67084
22,0,6,0,0,0,0,0,779657,0,0,0,0,1445,77824,0,0,0,0,0,0,0,0,0,0,0,0,0,0,0,0,0,0,0,59876,0,0,0,668,3026,402598,0,0,0,66266
22,0,7,0,0,0,0,0,779657,0,0,0,0,1452,77824,0,0,0,0,0,0,0,0,0,0,0,0,0,0,0,0,0,0,0,60530,2147,0,0,2,2137,0,0,101525,0,66532
22,0,8,0,0,0,0,0,779657,0,0,0,0,43,0,0,0,0,0,0,0,0,0,0,0,0,0,0,0,0,0,0,0,0,0,0,0,37,0,111,0,0,0,0,0
23,0,0,0,0,0,0,0,1560648,0,0,10546,405504,116,0,0,0,0,0,17799,0,0,0,0,0,0,0,0,10546,10546,0,188710,0,314210,405504,0,3660,0,116,238,0,0,0,0,1349476
23,0,1,0,0,0,0,0,780324,17799,0,0,0,7702,0,0,0,0,0,17799,0,0,0,0,0,0,0,0,0,4926,0,95277,0,94328,0,0,1616,1072,958,13287,0,0,106149,0,0
23,0,2,0,0,0,0,0,780324,0,0,0,0,714,77824,0,0,0,0,0,0,0,0,0,0,0,0,0,0,0,0,49808,0,0,60393,0,1630,391,0,1448,0,0,55641,0,71120
23,0,3,0,0,0,0,0,780324,0,0,0,0,1019,77824,0,0,0,0,0,0,0,0,0,0,0,0,0,0,0,0,50251,0,0,60042,0,510,0,512,1545,471359,0,0,0,66978
23,0,4,0,0,0,0,0,780324,0,0,0,0,1454,77824,0,0,0,0,0,0,0,0,0,0,0,0,0,0,0,0,51675,0,0,60581,5248,1337,0,1,2745,0,0,400847,0,66224
23,0,5,0,0,0,0,0,780324,0,0,0,0,1430,77824,0,0,0,0,0,0,0,0,0,0,0,0,0,0,0,0,0,0,0,59610,0,24,685,0,1987,0,0,102340,0,66664
23,0,6,0,0,0,0,0,780324,0,0,0,0,1435,77824,0,0,0,0,0,0,0,0,0,0,0,0,0,0,0,0,0,0,0,59323,0,0,0,678,3046,331787,0,0,0,67331
23,0,7,0,0,0,0,0,780324,0,0,0,0,1426,77824,0,0,0,0,0,0,0,0,0,0,0,0,0,0,0,0,0,0,0,59953,2164,0,0,1,2210,0,0,79158,0,67597
23,0,8,0,0,0,0,0,780324,0,0,0,0,43,0,0,0,0,0,0,0,0,0,0,0,0,0,0,0,0,0,0,0,0,0,0,0,37,0,110,0,0,0,0,0
24,0,0,0,0,0,0,0,1560191,0,0,10560,405504,116,0,0,0,0,0,17820,0,0,0,0,0,0,0,0,10560,10560,0,188654,0,314090,405504,0,3664,0,116,238,0,0,0,0,1348239
24,0,1,0,0,0,0,0,780095,17820,0,0,0,7444,0,0,0,0,0,17820,0,0,0,0,0,0,0,0,0,4635,0,95871,0,94107,0,0,1473,1264,1181,13017,0,0,105146,0,0
24,0,2,0,0,0,0,0,780095,0,0,0,0,735,77824,0,0,0,0,0,0,0,0,0,0,0,0,0,0,0,0,50098,0,0,60421,0,1415,368,0,1463,0,0,55108,0,71002
24,0,3,0,0,0,0,0,780095,0,0,0,0,1022,77824,0,0,0,0,0,0,0,0,0,0,0,0,0,0,0,0,49852,0,0,60054,0,708,0,509,1542,469725,0,0,0,66986
24,0,4,0,0,0,0,0,780095,0,0,0,0,1389,77824,0,0,0,0,0,0,0,0,0,0,0,0,0,0,0,0,51377,0,0,60148,5297,1396,0,1,2772,0,0,341274,0,67340
24,0,5,0,0,0,0,0,780095,0,0,0,0,1437,77824,0,0,0,0,0,0,0,0,0,0,0,0,0,0,0,0,0,0,0,59410,0,24,682,0,2213,0,0,78010,0,68083
24,0,6,0,0,0,0,0,780095,0,0,0,0,1434,77824,0,0,0,0,0,0,0,0,0,0,0,0,0,0,0,0,0,0,0,59647,0,0,0,683,2851,398705,0,0,0,65753
24,0,7,0,0,0,0,0,780095,0,0,0,0,1391,77824,0,0,0,0,0,0,0,0,0,0,0,0,0,0,0,0,0,0,0,60392,2202,0,0,1,2120,0,0,92008,0,67381
24,0,8,0,0,0,0,0,780095,0,0,0,0,43,0,0,0,0,0,0,0,0,0,0,0,0,0,0,0,0,0,0,0,0,0,0,0,37,0,110,0,0,0,0,0
25,0,0,0,0,0,0,0,384063,0,0,2050,66048,116,0,0,0,0,0,5022,0,0,0,0,0,0,0,0,2050,2050,0,0,0,120244,66048,0,196,0,116,238,0,0,0,0,68608
25,0,1,0,0,0,0,0,192032,5022,0,0,0,1850,0,0,0,0,0,5022,0,0,0,0,0,0,0,0,0,505,0,0,0,62325,0,0,84,81,832,3512,0,0,68608,0,0
25,0,2,0,0,0,0,0,192032,0,0,0,0,1329,68608,0,0,0,0,0,0,0,0,0,0,0,0,0,0,0,0,0,0,0,64063,0,156,812,0,2674,0,0,0,0,68608
25,0,3,0,0,0,0,0,192032,0,0,0,0,46,0,0,0,0,0,0,0,0,0,0,0,0,0,0,0,0,0,0,0,0,0,0,21,0,46,70,0,0,0,0,0
25,0,4,0,0,0,0,0,192032,0,0,0,0,46,0,0,0,0,0,0,0,0,0,0,0,0,0,0,0,0,0,0,0,0,0,264,54,0,0,104,0,0,0,0,0
25,0,5,0,0,0,0,0,192032,0,0,0,0,49,0,0,0,0,0,0,0,0,0,0,0,0,0,0,0,0,0,0,0,0,0,0,23,43,0,55,0,0,0,0,0
25,0,6,0,0,0,0,0,192032,0,0,0,0,55,0,0,0,0,0,0,0,0,0,0,0,0,0,0,0,0,0,0,0,0,0,0,0,0,37,132,0,0,0,0,0
25,0,7,0,0,0,0,0,192032,0,0,0,0,49,0,0,0,0,0,0,0,0,0,0,0,0,0,0,0,0,0,0,0,0,0,141,0,0,0,93,0,0,0,0,0
25,0,8,0,0,0,0,0,192032,0,0,0,0,43,0,0,0,0,0,0,0,0,0,0,0,0,0,0,0,0,0,0,0,0,0,0,0,37,0,107,0,0,0,0,0
26,0,0,0,0,0,0,0,384052,0,0,2050,66048,116,0,0,0,0,0,5025,0,0,0,0,0,0,0,0,2050,2050,0,0,0,120219,66048,0,196,0,116,238,0,0,0,0,68608
26,0,1,0,0,0,0,0,192026,5025,0,0,0,1839,0,0,0,0,0,5025,0,0,0,0,0,0,0,0,0,494,0,0,0,62299,0,0,84,81,843,3490,0,0,68608,0,0
26,0,2,0,0,0,0,0,192026,0,0,0,0,1318,68608,0,0,0,0,0,0,0,0,0,0,0,0,0,0,0,0,0,0,0,64075,0,156,823,0,2652,0,0,0,0,68608
26,0,3,0,0,0,0,0,192026,0,0,0,0,46,0,0,0,0,0,0,0,0,0,0,0,0,0,0,0,0,0,0,0,0,0,0,21,0,46,70,0,0,0,0,0
26,0,4,0,0,0,0,0,192026,0,0,0,0,46,0,0,0,0,0,0,0,0,0,0,0,0,0,0,0,0,0,0,0,0,0,264,54,0,0,104,0,0,0,0,0
26,0,5,0,0,0,0,0,192026,0,0,0,0,49,0,0,0,0,0,0,0,0,0,0,0,0,0,0,0,0,0,0,0,0,0,0,23,43,0,55,0,0,0,0,0
26,0,6,0,0,0,0,0,192026,0,0,0,0,55,0,0,0,0,0,0,0,0,0,0,0,0,0,0,0,0,0,0,0,0,0,0,0,0,37,132,0,0,0,0,0
26,0,7,0,0,0,0,0,192026,0,0,0,0,49,0,0,0,0,0,0,0,0,0,0,0,0,0,0,0,0,0,0,0,0,0,141,0,0,0,93,0,0,0,0,0
26,0,8,0,0,0,0,0,192026,0,0,0,0,43,0,0,0,0,0,0,0,0,0,0,0,0,0,0,0,0,0,0,0,0,0,0,0,37,0,107,0,0,0,0,0
27,0,0,0,0,0,0,0,384043,0,0,2050,66048,116,0,0,0,0,0,5025,0,0,0,0,0,0,0,0,2050,2050,0,0,0,120244,66048,0,196,0,116,238,0,0,0,0,68608
27,0,1,0,0,0,0,0,192021,5025,0,0,0,1850,0,0,0,0,0,5025,0,0,0,0,0,0,0,0,0,505,0,0,0,62325,0,0,84,81,832,3512,0,0,68608,0,0
27,0,2,0,0,0,0,0,192021,0,0,0,0,1329,68608,0,0,0,0,0,0,0,0,0,0,0,0,0,0,0,0,0,0,0,64063,0,156,812,0,2674,0,0,0,0,68608
27,0,3,0,0,0,0,0,192021,0,0,0,0,46,0,0,0,0,0,0,0,0,0,0,0,0,0,0,0,0,0,0,0,0,0,0,21,0,46,70,0,0,0,0,0
27,0,4,0,0,0,0,0,192021,0,0,0,0,46,0,0,0,0,0,0,0,0,0,0,0,0,0,0,0,0,0,0,0,0,0,264,54,0,0,104,0,0,0,0,0
27,0,5,0,0,0,0,0,192021,0,0,0,0,49,0,0,0,0,0,0,0,0,0,0,0,0,0,0,0,0,0,0,0,0,0,0,23,43,0,55,0,0,0,0,0
27,0,6,0,0,0,0,0,192021,0,0,0,0,55,0,0,0,0,0,0,0,0,0,0,0,0,0,0,0,0,0,0,0,0,0,0,0,0,37,132,0,0,0,0,0
27,0,7,0,0,0,0,0,192021,0,0,0,0,49,0,0,0,0,0,0,0,0,0,0,0,0,0,0,0,0,0,0,0,0,0,141,0,0,0,93,0,0,0,0,0
27,0,8,0,0,0,0,0,192021,0,0,0,0,43,0,0,0,0,0,0,0,0,0,0,0,0,0,0,0,0,0,0,0,0,0,0,0,37,0,107,0,0,0,0,0
28,0,0,0,0,0,0,0,533328,0,0,2060,132096,116,0,0,0,0,0,5043,0,0,0,0,0,0,0,0,2060,2060,0,123902,0,120391,132096,0,1227,0,116,238,0,0,0,0,197048
28,0,1,0,0,0,0,0,266664,5043,0,0,0,2126,0,0,0,0,0,5043,0,0,0,0,0,0,0,0,0,1173,0,0,0,62377,0,0,84,395,253,3563,0,0,62127,0,0
28,0,2,0,0,0,0,0,266664,0,0,0,0,744,68608,0,0,0,0,0,0,0,0,0,0,0,0,0,0,0,0,0,0,0,64158,0,156,377,0,1648,0,0,3887,0,66516
28,0,3,0,0,0,0,0,266664,0,0,0,0,715,68608,0,0,0,0,0,0,0,0,0,0,0,0,0,0,0,0,0,0,0,64129,0,21,0,406,1053,4643,0,0,0,66250
28,0,4,0,0,0,0,0,266664,0,0,0,0,46,0,0,0,0,0,0,0,0,0,0,0,0,0,0,0,0,0,0,0,0,0,932,54,0,1,104,0,0,0,0,0
28,0,5,0,0,0,0,0,266664,0,0,0,0,49,0,0,0,0,0,0,0,0,0,0,0,0,0,0,0,0,0,0,0,0,0,0,23,43,0,55,0,0,0,0,0
28,0,6,0,0,0,0,0,266664,0,0,0,0,55,0,0,0,0,0,0,0,0,0,0,0,0,0,0,0,0,0,0,0,0,0,0,0,0,37,132,0,0,0,0,0
28,0,7,0,0,0,0,0,266664,0,0,0,0,49,0,0,0,0,0,0,0,0,0,0,0,0,0,0,0,0,0,0,0,0,0,141,0,0,0,93,0,0,0,0,0
28,0,8,0,0,0,0,0,266664,0,0,0,0,43,0,0,0,0,0,0,0,0,0,0,0,0,0,0,0,0,0,0,0,0,0,0,0,37,0,108,0,0,0,0,0
29,0,0,0,0,0,0,0,531211,0,0,2060,132096,116,0,0,0,0,0,5046,0,0,0,0,0,0,0,0,2060,2060,0,123884,0,120347,132096,0,1227,0,116,238,0,0,0,0,197280
29,0,1,0,0,0,0,0,265606,5046,0,0,0,2147,0,0,0,0,0,5046,0,0,0,0,0,0,0,0,0,1236,0,0,0,62368,0,0,83,400,228,3583,0,0,61944,0,0
29,0,2,0,0,0,0,0,265606,0,0,0,0,745,68608,0,0,0,0,0,0,0,0,0,0,0,0,0,0,0,0,0,0,0,64123,0,171,376,0,1659,0,0,3964,0,66515
29,0,3,0,0,0,0,0,265606,0,0,0,0,719,68608,0,0,0,0,0,0,0,0,0,0,0,0,0,0,0,0,0,0,0,64096,0,7,0,402,1064,4704,0,0,0,66219
29,0,4,0,0,0,0,0,265606,0,0,0,0,49,0,0,0,0,0,0,0,0,0,0,0,0,0,0,0,0,0,0,0,0,0,934,53,0,0,109,0,0,0,0,0
29,0,5,0,0,0,0,0,265606,0,0,0,0,49,0,0,0,0,0,0,0,0,0,0,0,0,0,0,0,0,0,0,0,0,0,0,10,43,0,54,0,0,0,0,0
29,0,6,0,0,0,0,0,265606,0,0,0,0,55,0,0,0,0,0,0,0,0,0,0,0,0,0,0,0,0,0,0,0,0,0,0,0,0,37,146,0,0,0,0,0
29,0,7,0,0,0,0,0,265606,0,0,0,0,49,0,0,0,0,0,0,0,0,0,0,0,0,0,0,0,0,0,0,0,0,0,141,0,0,0,94,0,0,0,0,0
29,0,8,0,0,0,0,0,265606,0,0,0,0,43,0,0,0,0,0,0,0,0,0,0,0,0,0,0,0,0,0,0,0,0,0,0,0,37,0,121,0,0,0,0,0
30,0,0,0,0,0,0,0,554153,0,0,2056,132096,116,0,0,0,0,0,5037,0,0,0,0,0,0,0,0,2056,2056,0,123945,0,120826,132096,0,1225,0,116,238,0,0,0,0,194601
30,0,1,0,0,0,0,0,277077,5037,0,0,0,2383,0,0,0,0,0,5037,0,0,0,0,0,0,0,0,0,554,0,0,0,62463,0,0,84,213,174,3781,0,0,63990,0,0
30,0,2,0,0,0,0,0,277077,0,0,0,0,668,68608,0,0,0,0,0,0,0,0,0,0,0,0,0,0,0,0,0,0,0,64507,0,156,451,0,1649,0,0,3076,0,66562
30,0,3,0,0,0,0,0,277077,0,0,0,0,675,68608,0,0,0,0,0,0,0,0,0,0,0,0,0,0,0,0,0,0,0,64469,0,21,0,444,831,4017,0,0,0,66564
30,0,4,0,0,0,0,0,277077,0,0,0,0,46,0,0,0,0,0,0,0,0,0,0,0,0,0,0,0,0,0,0,0,0,0,893,54,0,0,104,0,0,0,0,0
30,0,5,0,0,0,0,0,277077,0,0,0,0,49,0,0,0,0,0,0,0,0,0,0,0,0,0,0,0,0,0,0,0,0,0,0,24,43,0,55,0,0,0,0,0
30,0,6,0,0,0,0,0,277077,0,0,0,0,55,0,0,0,0,0,0,0,0,0,0,0,0,0,0,0,0,0,0,0,0,0,0,0,0,37,132,0,0,0,0,0
30,0,7,0,0,0,0,0,277077,0,0,0,0,49,0,0,0,0,0,0,0,0,0,0,0,0,0,0,0,0,0,0,0,0,0,141,0,0,0,93,0,0,0,0,0
30,0,8,0,0,0,0,0,277077,0,0,0,0,43,0,0,0,0,0,0,0,0,0,0,0,0,0,0,0,0,0,0,0,0,0,0,0,37,0,107,0,0,0,0,0
31,0,0,0,0,0,0,0,1040623,0,0,5188,264192,116,0,0,0,0,0,9750,0,0,0,0,0,0,0,0,5188,5188,0,123988,0,357316,264192,0,1425,0,116,238,0,0,0,0,604689
31,0,1,0,0,0,0,0,520312,9750,0,0,0,3802,0,0,0,0,0,9750,0,0,0,0,0,0,0,0,0,2401,0,61746,0,122021,0,0,691,543,952,6616,0,0,111833,0,0
31,0,2,0,0,0,0,0,520312,0,0,0,0,552,68608,0,0,0,0,0,0,0,0,0,0,0,0,0,0,0,0,61942,0,0,64192,0,1137,361,0,1137,0,0,54034,0,65718
31,0,3,0,0,0,0,0,520312,0,0,0,0,882,68608,0,0,0,0,0,0,0,0,0,0,0,0,0,0,0,0,0,0,0,64165,0,7,0,437,1370,193087,0,0,0,65770
31,0,4,0,0,0,0,0,520312,0,0,0,0,1123,68608,0,0,0,0,0,0,0,0,0,0,0,0,0,0,0,0,0,0,0,64342,2695,53,0,1,2146,0,0,207764,0,65947
31,0,5,0,0,0,0,0,520312,0,0,0,0,1154,68608,0,0,0,0,0,0,0,0,0,0,0,0,0,0,0,0,0,0,0,64271,0,10,505,0,1762,0,0,90102,0,64036
31,0,6,0,0,0,0,0,520312,0,0,0,0,55,0,0,0,0,0,0,0,0,0,0,0,0,0,0,0,0,0,0,0,0,0,0,0,0,37,146,0,0,0,0,0
31,0,7,0,0,0,0,0,520312,0,0,0,0,49,0,0,0,0,0,0,0,0,0,0,0,0,0,0,0,0,0,0,0,0,0,141,0,0,0,94,0,0,0,0,0
31,0,8,0,0,0,0,0,520312,0,0,0,0,43,0,0,0,0,0,0,0,0,0,0,0,0,0,0,0,0,0,0,0,0,0,0,0,37,0,123,0,0,0,0,0
32,0,0,0,0,0,0,0,1040444,0,0,5200,264192,116,0,0,0,0,0,9765,0,0,0,0,0,0,0,0,5200,5200,0,124209,0,357731,264192,0,1429,0,116,238,0,0,0,0,608963
32,0,1,0,0,0,0,0,520222,9765,0,0,0,3926,0,0,0,0,0,9765,0,0,0,0,0,0,0,0,0,2241,0,61772,0,122176,0,0,628,498,948,6851,0,0,115314,0,0
32,0,2,0,0,0,0,0,520222,0,0,0,0,573,68608,0,0,0,0,0,0,0,0,0,0,0,0,0,0,0,0,62004,0,0,64092,0,1076,340,0,1227,0,0,56769,0,65627
32,0,3,0,0,0,0,0,520222,0,0,0,0,919,68608,0,0,0,0,0,0,0,0,0,0,0,0,0,0,0,0,0,0,0,64211,0,21,0,404,1360,194350,0,0,0,65635
32,0,4,0,0,0,0,0,520222,0,0,0,0,1200,68608,0,0,0,0,0,0,0,0,0,0,0,0,0,0,0,0,0,0,0,64401,2617,54,0,0,2289,0,0,208700,0,65908
32,0,5,0,0,0,0,0,520222,0,0,0,0,1110,68608,0,0,0,0,0,0,0,0,0,0,0,0,0,0,0,0,0,0,0,64231,0,26,552,0,1769,0,0,91135,0,64009
32,0,6,0,0,0,0,0,520222,0,0,0,0,55,0,0,0,0,0,0,0,0,0,0,0,0,0,0,0,0,0,0,0,0,0,0,0,0,37,132,0,0,0,0,0
32,0,7,0,0,0,0,0,520222,0,0,0,0,49,0,0,0,0,0,0,0,0,0,0,0,0,0,0,0,0,0,0,0,0,0,141,0,0,0,93,0,0,0,0,0
32,0,8,0,0,0,0,0,520222,0,0,0,0,43,0,0,0,0,0,0,0,0,0,0,0,0,0,0,0,0,0,0,0,0,0,0,0,37,0,107,0,0,0,0,0
33,0,0,0,0,0,0,0,1039079,0,0,5198,264192,116,0,0,0,0,0,9762,0,0,0,0,0,0,0,0,5198,5198,0,123950,0,357332,264192,0,1427,0,116,238,0,0,0,0,604157
33,0,1,0,0,0,0,0,519540,9762,0,0,0,3764,0,0,0,0,0,9762,0,0,0,0,0,0,0,0,0,2383,0,61761,0,122058,0,0,703,560,971,6602,0,0,111862,0,0
33,0,2,0,0,0,0,0,519540,0,0,0,0,551,68608,0,0,0,0,0,0,0,0,0,0,0,0,0,0,0,0,61953,0,0,64187,0,1135,362,0,1123,0,0,54045,0,65723
33,0,3,0,0,0,0,0,519540,0,0,0,0,868,68608,0,0,0,0,0,0,0,0,0,0,0,0,0,0,0,0,0,0,0,64151,0,21,0,453,1372,193251,0,0,0,65787
33,0,4,0,0,0,0,0,519540,0,0,0,0,1147,68608,0,0,0,0,0,0,0,0,0,0,0,0,0,0,0,0,0,0,0,64338,2680,54,0,1,2161,0,0,207776,0,65943
33,0,5,0,0,0,0,0,519540,0,0,0,0,1173,68608,0,0,0,0,0,0,0,0,0,0,0,0,0,0,0,0,0,0,0,64264,0,24,490,0,1773,0,0,90236,0,64024
33,0,6,0,0,0,0,0,519540,0,0,0,0,55,0,0,0,0,0,0,0,0,0,0,0,0,0,0,0,0,0,0,0,0,0,0,0,0,37,132,0,0,0,0,0
33,0,7,0,0,0,0,0,519540,0,0,0,0,49,0,0,0,0,0,0,0,0,0,0,0,0,0,0,0,0,0,0,0,0,0,141,0,0,0,93,0,0,0,0,0
33,0,8,0,0,0,0,0,519540,0,0,0,0,43,0,0,0,0,0,0,0,0,0,0,0,0,0,0,0,0,0,0,0,0,0,0,0,37,0,109,0,0,0,0,0
34,0,0,0,0,0,0,0,1509740,0,0,7230,396288,116,0,0,0,0,0,12825,0,0,0,0,0,0,0,0,7230,7230,0,243867,0,472690,396288,0,2546,0,116,238,0,0,0,0,1084285
34,0,1,0,0,0,0,0,754870,12825,0,0,0,5098,0,0,0,0,0,12825,0,0,0,0,0,0,0,0,0,2794,0,122158,0,121475,0,0,1209,960,765,9090,0,0,63039,0,0
34,0,2,0,0,0,0,0,754870,0,0,0,0,412,68608,0,0,0,0,0,0,0,0,0,0,0,0,0,0,0,0,61863,0,0,64297,0,1122,219,0,797,0,0,3678,0,66506
34,0,3,0,0,0,0,0,754870,0,0,0,0,625,68608,0,0,0,0,0,0,0,0,0,0,0,0,0,0,0,0,61800,0,0,64307,0,569,0,368,979,469806,0,0,0,64402
34,0,4,0,0,0,0,0,754870,0,0,0,0,1030,68608,0,0,0,0,0,0,0,0,0,0,0,0,0,0,0,0,61698,0,0,64276,3697,941,0,1,1972,0,0,505622,0,62338
34,0,5,0,0,0,0,0,754870,0,0,0,0,1010,68608,0,0,0,0,0,0,0,0,0,0,0,0,0,0,0,0,0,0,0,63958,0,24,529,0,1499,0,0,142907,0,64329
34,0,6,0,0,0,0,0,754870,0,0,0,0,1038,68608,0,0,0,0,0,0,0,0,0,0,0,0,0,0,0,0,0,0,0,64047,0,0,0,499,2014,256864,0,0,0,65943
34,0,7,0,0,0,0,0,754870,0,0,0,0,1021,68608,0,0,0,0,0,0,0,0,0,0,0,0,0,0,0,0,0,0,0,64491,1597,0,0,0,1625,0,0,99528,0,63623
34,0,8,0,0,0,0,0,754870,0,0,0,0,43,0,0,0,0,0,0,0,0,0,0,0,0,0,0,0,0,0,0,0,0,0,0,0,37,0,111,0,0,0,0,0
35,0,0,0,0,0,0,0,1509612,0,0,7194,396288,116,0,0,0,0,0,12771,0,0,0,0,0,0,0,0,7194,7194,0,243860,0,472593,396288,0,2534,0,116,238,0,0,0,0,1084737
35,0,1,0,0,0,0,0,754806,12771,0,0,0,5072,0,0,0,0,0,12771,0,0,0,0,0,0,0,0,0,2778,0,122132,0,121485,0,0,1181,982,761,9047,0,0,62991,0,0
35,0,2,0,0,0,0,0,754806,0,0,0,0,415,68608,0,0,0,0,0,0,0,0,0,0,0,0,0,0,0,0,61884,0,0,64280,0,1122,213,0,795,0,0,3706,0,66494
35,0,3,0,0,0,0,0,754806,0,0,0,0,607,68608,0,0,0,0,0,0,0,0,0,0,0,0,0,0,0,0,61788,0,0,64315,0,580,0,380,973,468197,0,0,0,64371
35,0,4,0,0,0,0,0,754806,0,0,0,0,1006,68608,0,0,0,0,0,0,0,0,0,0,0,0,0,0,0,0,61683,0,0,64273,3684,929,0,1,1974,0,0,506316,0,62349
35,0,5,0,0,0,0,0,754806,0,0,0,0,1004,68608,0,0,0,0,0,0,0,0,0,0,0,0,0,0,0,0,0,0,0,63974,0,24,526,0,1486,0,0,142951,0,64326
35,0,6,0,0,0,0,0,754806,0,0,0,0,1042,68608,0,0,0,0,0,0,0,0,0,0,0,0,0,0,0,0,0,0,0,64046,0,0,0,489,2001,255469,0,0,0,65952
35,0,7,0,0,0,0,0,754806,0,0,0,0,1024,68608,0,0,0,0,0,0,0,0,0,0,0,0,0,0,0,0,0,0,0,64490,1591,0,0,1,1634,0,0,99535,0,63634
35,0,8,0,0,0,0,0,754806,0,0,0,0,43,0,0,0,0,0,0,0,0,0,0,0,0,0,0,0,0,0,0,0,0,0,0,0,37,0,110,0,0,0,0,0
36,0,0,0,0,0,0,0,1508768,0,0,7204,396288,116,0,0,0,0,0,12786,0,0,0,0,0,0,0,0,7204,7204,0,243801,0,472537,396288,0,2538,0,116,238,0,0,0,0,1083519
36,0,1,0,0,0,0,0,754384,12786,0,0,0,5112,0,0,0,0,0,12786,0,0,0,0,0,0,0,0,0,2798,0,122107,0,121465,0,0,1190,946,758,9048,0,0,63015,0,0
36,0,2,0,0,0,0,0,754384,0,0,0,0,402,68608,0,0,0,0,0,0,0,0,0,0,0,0,0,0,0,0,61875,0,0,64286,0,1119,229,0,791,0,0,3711,0,66483
36,0,3,0,0,0,0,0,754384,0,0,0,0,623,68608,0,0,0,0,0,0,0,0,0,0,0,0,0,0,0,0,61783,0,0,64297,0,554,0,368,979,468569,0,0,0,64390
36,0,4,0,0,0,0,0,754384,0,0,0,0,1002,68608,0,0,0,0,0,0,0,0,0,0,0,0,0,0,0,0,61659,0,0,64272,3717,941,0,0,1951,0,0,505396,0,62331
36,0,5,0,0,0,0,0,754384,0,0,0,0,1009,68608,0,0,0,0,0,0,0,0,0,0,0,0,0,0,0,0,0,0,0,63961,0,25,524,0,1495,0,0,142925,0,64323
36,0,6,0,0,0,0,0,754384,0,0,0,0,1040,68608,0,0,0,0,0,0,0,0,0,0,0,0,0,0,0,0,0,0,0,64046,0,0,0,491,2025,256495,0,0,0,65942
36,0,7,0,0,0,0,0,754384,0,0,0,0,1029,68608,0,0,0,0,0,0,0,0,0,0,0,0,0,0,0,0,0,0,0,64483,1585,0,0,0,1627,0,0,98785,0,63659
36,0,8,0,0,0,0,0,754384,0,0,0,0,43,0,0,0,0,0,0,0,0,0,0,0,0,0,0,0,0,0,0,0,0,0,0,0,37,0,110,0,0,0,0,0
37,0,0,0,0,0,0,0,351229,0,0,1026,65792,116,0,0,0,0,0,3486,0,0,0,0,0,0,0,0,1026,1026,0,0,0,125576,65792,0,196,0,116,238,0,0,0,0,67072
37,0,1,0,0,0,0,0,175615,3486,0,0,0,1317,0,0,0,0,0,3486,0,0,0,0,0,0,0,0,0,240,0,0,0,63902,0,0,84,81,341,2443,0,0,67072,0,0
37,0,2,0,0,0,0,0,175615,0,0,0,0,792,67072,0,0,0,0,0,0,0,0,0,0,0,0,0,0,0,0,0,0,0,64805,0,157,324,0,1604,0,0,0,0,67072
37,0,3,0,0,0,0,0,175615,0,0,0,0,46,0,0,0,0,0,0,0,0,0,0,0,0,0,0,0,0,0,0,0,0,0,0,21,0,46,70,0,0,0,0,0
37,0,4,0,0,0,0,0,175615,0,0,0,0,46,0,0,0,0,0,0,0,0,0,0,0,0,0,0,0,0,0,0,0,0,0,264,54,0,0,104,0,0,0,0,0
37,0,5,0,0,0,0,0,175615,0,0,0,0,49,0,0,0,0,0,0,0,0,0,0,0,0,0,0,0,0,0,0,0,0,0,0,22,43,0,55,0,0,0,0,0
37,0,6,0,0,0,0,0,175615,0,0,0,0,55,0,0,0,0,0,0,0,0,0,0,0,0,0,0,0,0,0,0,0,0,0,0,0,0,37,132,0,0,0,0,0
37,0,7,0,0,0,0,0,175615,0,0,0,0,49,0,0,0,0,0,0,0,0,0,0,0,0,0,0,0,0,0,0,0,0,0,141,0,0,0,93,0,0,0,0,0
37,0,8,0,0,0,0,0,175615,0,0,0,0,43,0,0,0,0,0,0,0,0,0,0,0,0,0,0,0,0,0,0,0,0,0,0,0,37,0,108,0,0,0,0,0
38,0,0,0,0,0,0,0,351185,0,0,1026,65792,116,0,0,0,0,0,3489,0,0,0,0,0,0,0,0,1026,1026,0,0,0,125546,65792,0,196,0,116,238,0,0,0,0,67072
38,0,1,0,0,0,0,0,175593,3489,0,0,0,1339,0,0,0,0,0,3489,0,0,0,0,0,0,0,0,0,235,0,0,0,63892,0,0,84,81,319,2487,0,0,67072,0,0
38,0,2,0,0,0,0,0,175593,0,0,0,0,814,67072,0,0,0,0,0,0,0,0,0,0,0,0,0,0,0,0,0,0,0,64800,0,157,302,0,1648,0,0,0,0,67072
38,0,3,0,0,0,0,0,175593,0,0,0,0,46,0,0,0,0,0,0,0,0,0,0,0,0,0,0,0,0,0,0,0,0,0,0,21,0,46,70,0,0,0,0,0
38,0,4,0,0,0,0,0,175593,0,0,0,0,46,0,0,0,0,0,0,0,0,0,0,0,0,0,0,0,0,0,0,0,0,0,264,54,0,0,104,0,0,0,0,0
38,0,5,0,0,0,0,0,175593,0,0,0,0,49,0,0,0,0,0,0,0,0,0,0,0,0,0,0,0,0,0,0,0,0,0,0,22,43,0,55,0,0,0,0,0
38,0,6,0,0,0,0,0,175593,0,0,0,0,55,0,0,0,0,0,0,0,0,0,0,0,0,0,0,0,0,0,0,0,0,0,0,0,0,37,132,0,0,0,0,0
38,0,7,0,0,0,0,0,175593,0,0,0,0,49,0,0,0,0,0,0,0,0,0,0,0,0,0,0,0,0,0,0,0,0,0,141,0,0,0,93,0,0,0,0,0
38,0,8,0,0,0,0,0,175593,0,0,0,0,43,0,0,0,0,0,0,0,0,0,0,0,0,0,0,0,0,0,0,0,0,0,0,0,37,0,108,0,0,0,0,0
39,0,0,0,0,0,0,0,351204,0,0,1026,65792,116,0,0,0,0,0,3489,0,0,0,0,0,0,0,0,1026,1026,0,0,0,125578,65792,0,196,0,116,238,0,0,0,0,67072
39,0,1,0,0,0,0,0,175602,3489,0,0,0,1339,0,0,0,0,0,3489,0,0,0,0,0,0,0,0,0,243,0,0,0,63916,0,0,84,81,319,2487,0,0,67072,0,0
39,0,2,0,0,0,0,0,175602,0,0,0,0,814,67072,0,0,0,0,0,0,0,0,0,0,0,0,0,0,0,0,0,0,0,64802,0,157,302,0,1648,0,0,0,0,67072
39,0,3,0,0,0,0,0,175602,0,0,0,0,46,0,0,0,0,0,0,0,0,0,0,0,0,0,0,0,0,0,0,0,0,0,0,21,0,46,70,0,0,0,0,0
39,0,4,0,0,0,0,0,175602,0,0,0,0,46,0,0,0,0,0,0,0,0,0,0,0,0,0,0,0,0,0,0,0,0,0,264,54,0,0,104,0,0,0,0,0
39,0,5,0,0,0,0,0,175602,0,0,0,0,49,0,0,0,0,0,0,0,0,0,0,0,0,0,0,0,0,0,0,0,0,0,0,22,43,0,55,0,0,0,0,0
39,0,6,0,0,0,0,0,175602,0,0,0,0,55,0,0,0,0,0,0,0,0,0,0,0,0,0,0,0,0,0,0,0,0,0,0,0,0,37,132,0,0,0,0,0
39,0,7,0,0,0,0,0,175602,0,0,0,0,49,0,0,0,0,0,0,0,0,0,0,0,0,0,0,0,0,0,0,0,0,0,141,0,0,0,93,0,0,0,0,0
39,0,8,0,0,0,0,0,175602,0,0,0,0,43,0,0,0,0,0,0,0,0,0,0,0,0,0,0,0,0,0,0,0,0,0,0,0,37,0,108,0,0,0,0,0
40,0,0,0,0,0,0,0,570592,0,0,2050,131584,116,0,0,0,0,0,5028,0,0,0,0,0,0,0,0,2050,2050,0,127512,0,125665,131584,0,1223,0,116,238,0,0,0,0,239132
40,0,1,0,0,0,0,0,285296,5028,0,0,0,1785,0,0,0,0,0,5028,0,0,0,0,0,0,0,0,0,1027,0,0,0,63958,0,0,83,554,426,3121,0,0,63329,0,0
40,0,2,0,0,0,0,0,285296,0,0,0,0,734,67072,0,0,0,0,0,0,0,0,0,0,0,0,0,0,0,0,0,0,0,64779,0,171,381,0,1444,0,0,2170,0,65980
40,0,3,0,0,0,0,0,285296,0,0,0,0,805,67072,0,0,0,0,0,0,0,0,0,0,0,0,0,0,0,0,0,0,0,65001,0,7,0,312,1303,2105,0,0,0,66008
40,0,4,0,0,0,0,0,285296,0,0,0,0,49,0,0,0,0,0,0,0,0,0,0,0,0,0,0,0,0,0,0,0,0,0,1019,53,0,1,109,0,0,0,0,0
40,0,5,0,0,0,0,0,285296,0,0,0,0,49,0,0,0,0,0,0,0,0,0,0,0,0,0,0,0,0,0,0,0,0,0,0,9,43,0,54,0,0,0,0,0
40,0,6,0,0,0,0,0,285296,0,0,0,0,55,0,0,0,0,0,0,0,0,0,0,0,0,0,0,0,0,0,0,0,0,0,0,0,0,37,146,0,0,0,0,0
40,0,7,0,0,0,0,0,285296,0,0,0,0,49,0,0,0,0,0,0,0,0,0,0,0,0,0,0,0,0,0,0,0,0,0,141,0,0,0,94,0,0,0,0,0
40,0,8,0,0,0,0,0,285296,0,0,0,0,43,0,0,0,0,0,0,0,0,0,0,0,0,0,0,0,0,0,0,0,0,0,0,0,37,0,122,0,0,0,0,0
41,0,0,0,0,0,0,0,570645,0,0,2050,131584,116,0,0,0,0,0,5031,0,0,0,0,0,0,0,0,2050,2050,0,127487,0,125653,131584,0,1223,0,116,238,0,0,0,0,239028
41,0,1,0,0,0,0,0,285323,5031,0,0,0,1744,0,0,0,0,0,5031,0,0,0,0,0,0,0,0,0,1013,0,0,0,63959,0,0,84,573,447,3095,0,0,63366,0,0
41,0,2,0,0,0,0,0,285323,0,0,0,0,761,67072,0,0,0,0,0,0,0,0,0,0,0,0,0,0,0,0,0,0,0,64777,0,156,354,0,1465,0,0,2136,0,65997
41,0,3,0,0,0,0,0,285323,0,0,0,0,814,67072,0,0,0,0,0,0,0,0,0,0,0,0,0,0,0,0,0,0,0,64999,0,21,0,303,1330,2119,0,0,0,66008
41,0,4,0,0,0,0,0,285323,0,0,0,0,46,0,0,0,0,0,0,0,0,0,0,0,0,0,0,0,0,0,0,0,0,0,1031,54,0,1,104,0,0,0,0,0
41,0,5,0,0,0,0,0,285323,0,0,0,0,49,0,0,0,0,0,0,0,0,0,0,0,0,0,0,0,0,0,0,0,0,0,0,23,43,0,55,0,0,0,0,0
41,0,6,0,0,0,0,0,285323,0,0,0,0,55,0,0,0,0,0,0,0,0,0,0,0,0,0,0,0,0,0,0,0,0,0,0,0,0,37,132,0,0,0,0,0
41,0,7,0,0,0,0,0,285323,0,0,0,0,49,0,0,0,0,0,0,0,0,0,0,0,0,0,0,0,0,0,0,0,0,0,141,0,0,0,93,0,0,0,0,0
41,0,8,0,0,0,0,0,285323,0,0,0,0,43,0,0,0,0,0,0,0,0,0,0,0,0,0,0,0,0,0,0,0,0,0,0,0,37,0,108,0,0,0,0,0
42,0,0,0,0,0,0,0,570574,0,0,2050,131584,116,0,0,0,0,0,5028,0,0,0,0,0,0,0,0,2050,2050,0,127489,0,125671,131584,0,1223,0,116,238,0,0,0,0,239047
42,0,1,0,0,0,0,0,285287,5028,0,0,0,1805,0,0,0,0,0,5028,0,0,0,0,0,0,0,0,0,1029,0,0,0,63966,0,0,83,552,408,3158,0,0,63352,0,0
42,0,2,0,0,0,0,0,285287,0,0,0,0,756,67072,0,0,0,0,0,0,0,0,0,0,0,0,0,0,0,0,0,0,0,64777,0,172,358,0,1484,0,0,2148,0,65991
42,0,3,0,0,0,0,0,285287,0,0,0,0,811,67072,0,0,0,0,0,0,0,0,0,0,0,0,0,0,0,0,0,0,0,64994,0,7,0,306,1307,2108,0,0,0,66008
42,0,4,0,0,0,0,0,285287,0,0,0,0,49,0,0,0,0,0,0,0,0,0,0,0,0,0,0,0,0,0,0,0,0,0,1025,53,0,1,109,0,0,0,0,0
42,0,5,0,0,0,0,0,285287,0,0,0,0,49,0,0,0,0,0,0,0,0,0,0,0,0,0,0,0,0,0,0,0,0,0,0,8,43,0,54,0,0,0,0,0
42,0,6,0,0,0,0,0,285287,0,0,0,0,55,0,0,0,0,0,0,0,0,0,0,0,0,0,0,0,0,0,0,0,0,0,0,0,0,37,146,0,0,0,0,0
42,0,7,0,0,0,0,0,285287,0,0,0,0,49,0,0,0,0,0,0,0,0,0,0,0,0,0,0,0,0,0,0,0,0,0,141,0,0,0,94,0,0,0,0,0
42,0,8,0,0,0,0,0,285287,0,0,0,0,43,0,0,0,0,0,0,0,0,0,0,0,0,0,0,0,0,0,0,0,0,0,0,0,37,0,123,0,0,0,0,0
43,0,0,0,0,0,0,0,1079146,0,0,4098,263168,116,0,0,0,0,0,8115,0,0,0,0,0,0,0,0,4098,4098,0,127644,0,374341,263168,0,1131,0,116,238,0,0,0,0,641017
43,0,1,0,0,0,0,0,539573,8115,0,0,0,3295,0,0,0,0,0,8115,0,0,0,0,0,0,0,0,0,2040,0,63647,0,126319,0,0,525,383,695,5672,0,0,113515,0,0
43,0,2,0,0,0,0,0,539573,0,0,0,0,479,67072,0,0,0,0,0,0,0,0,0,0,0,0,0,0,0,0,63623,0,0,64893,0,996,228,0,962,0,0,53033,0,65555
43,0,3,0,0,0,0,0,539573,0,0,0,0,650,67072,0,0,0,0,0,0,0,0,0,0,0,0,0,0,0,0,0,0,0,64837,0,21,0,375,976,190804,0,0,0,65582
43,0,4,0,0,0,0,0,539573,0,0,0,0,835,67072,0,0,0,0,0,0,0,0,0,0,0,0,0,0,0,0,0,0,0,64937,2175,54,0,1,1727,0,0,215071,0,65688
43,0,5,0,0,0,0,0,539573,0,0,0,0,874,67072,0,0,0,0,0,0,0,0,0,0,0,0,0,0,0,0,0,0,0,64752,0,24,491,0,1315,0,0,88529,0,64764
43,0,6,0,0,0,0,0,539573,0,0,0,0,55,0,0,0,0,0,0,0,0,0,0,0,0,0,0,0,0,0,0,0,0,0,0,0,0,37,132,0,0,0,0,0
43,0,7,0,0,0,0,0,539573,0,0,0,0,49,0,0,0,0,0,0,0,0,0,0,0,0,0,0,0,0,0,0,0,0,0,141,0,0,0,93,0,0,0,0,0
43,0,8,0,0,0,0,0,539573,0,0,0,0,43,0,0,0,0,0,0,0,0,0,0,0,0,0,0,0,0,0,0,0,0,0,0,0,37,0,109,0,0,0,0,0
44,0,0,0,0,0,0,0,1079034,0,0,4098,263168,116,0,0,0,0,0,8112,0,0,0,0,0,0,0,0,4098,4098,0,127587,0,374379,263168,0,1131,0,116,238,0,0,0,0,640706
44,0,1,0,0,0,0,0,539517,8112,0,0,0,3294,0,0,0,0,0,8112,0,0,0,0,0,0,0,0,0,2062,0,63650,0,126346,0,0,529,390,685,5693,0,0,113561,0,0
44,0,2,0,0,0,0,0,539517,0,0,0,0,489,67072,0,0,0,0,0,0,0,0,0,0,0,0,0,0,0,0,63628,0,0,64903,0,1003,217,0,976,0,0,53106,0,65556
44,0,3,0,0,0,0,0,539517,0,0,0,0,668,67072,0,0,0,0,0,0,0,0,0,0,0,0,0,0,0,0,0,0,0,64838,0,21,0,357,1001,190768,0,0,0,65605
44,0,4,0,0,0,0,0,539517,0,0,0,0,834,67072,0,0,0,0,0,0,0,0,0,0,0,0,0,0,0,0,0,0,0,64922,2164,54,0,2,1722,0,0,214946,0,65704
44,0,5,0,0,0,0,0,539517,0,0,0,0,844,67072,0,0,0,0,0,0,0,0,0,0,0,0,0,0,0,0,0,0,0,64755,0,23,520,0,1279,0,0,88226,0,64768
44,0,6,0,0,0,0,0,539517,0,0,0,0,55,0,0,0,0,0,0,0,0,0,0,0,0,0,0,0,0,0,0,0,0,0,0,0,0,37,132,0,0,0,0,0
44,0,7,0,0,0,0,0,539517,0,0,0,0,49,0,0,0,0,0,0,0,0,0,0,0,0,0,0,0,0,0,0,0,0,0,141,0,0,0,93,0,0,0,0,0
44,0,8,0,0,0,0,0,539517,0,0,0,0,43,0,0,0,0,0,0,0,0,0,0,0,0,0,0,0,0,0,0,0,0,0,0,0,37,0,110,0,0,0,0,0
45,0,0,0,0,0,0,0,1078914,0,0,4098,263168,116,0,0,0,0,0,8112,0,0,0,0,0,0,0,0,4098,4098,0,127657,0,374190,263168,0,1131,0,116,238,0,0,0,0,640984
45,0,1,0,0,0,0,0,539457,8112,0,0,0,3330,0,0,0,0,0,8112,0,0,0,0,0,0,0,0,0,2049,0,63635,0,126290,0,0,514,374,680,5674,0,0,113400,0,0
45,0,2,0,0,0,0,0,539457,0,0,0,0,473,67072,0,0,0,0,0,0,0,0,0,0,0,0,0,0,0,0,63615,0,0,64892,0,1007,234,0,960,0,0,52991,0,65546
45,0,3,0,0,0,0,0,539457,0,0,0,0,681,67072,0,0,0,0,0,0,0,0,0,0,0,0,0,0,0,0,0,0,0,64848,0,7,0,344,999,190678,0,0,0,65574
45,0,4,0,0,0,0,0,539457,0,0,0,0,836,67072,0,0,0,0,0,0,0,0,0,0,0,0,0,0,0,0,0,0,0,64928,2202,53,0,1,1740,0,0,214979,0,65673
45,0,5,0,0,0,0,0,539457,0,0,0,0,871,67072,0,0,0,0,0,0,0,0,0,0,0,0,0,0,0,0,0,0,0,64753,0,10,494,0,1315,0,0,87915,0,64783
45,0,6,0,0,0,0,0,539457,0,0,0,0,55,0,0,0,0,0,0,0,0,0,0,0,0,0,0,0,0,0,0,0,0,0,0,0,0,37,146,0,0,0,0,0
45,0,7,0,0,0,0,0,539457,0,0,0,0,49,0,0,0,0,0,0,0,0,0,0,0,0,0,0,0,0,0,0,0,0,0,141,0,0,0,94,0,0,0,0,0
45,0,8,0,0,0,0,0,539457,0,0,0,0,43,0,0,0,0,0,0,0,0,0,0,0,0,0,0,0,0,0,0,0,0,0,0,0,37,0,123,0,0,0,0,0
46,0,0,0,0,0,0,0,1588823,0,0,6148,394752,116,0,0,0,0,0,11204,0,0,0,0,0,0,0,0,6148,6148,0,252752,0,497521,394752,0,2180,0,116,238,0,0,0,0,1128260
46,0,1,0,0,0,0,0,794412,11202,0,0,0,4881,0,0,0,0,0,11202,0,0,0,0,0,0,0,0,0,3085,0,126541,0,126124,0,0,780,636,653,8170,0,0,63000,0,0
46,0,2,0,0,0,0,0,794412,0,0,0,0,334,67072,0,0,0,0,0,0,0,0,0,0,0,0,0,0,0,0,63677,0,0,65004,0,928,184,0,712,0,0,2510,0,65905
46,0,3,0,0,0,0,0,794412,0,0,0,0,546,67072,0,0,0,0,0,0,0,0,0,0,0,0,0,0,0,0,63527,0,0,64895,0,315,0,281,818,520531,0,0,0,64931
46,0,4,0,0,0,0,0,794412,0,0,0,0,858,67072,0,0,0,0,0,0,0,0,0,0,0,0,0,0,0,0,63519,0,0,64927,3353,914,0,1,1854,0,0,545239,0,63836
46,0,5,0,0,0,0,0,794412,0,0,0,0,957,67072,0,0,0,0,0,0,0,0,0,0,0,0,0,0,0,0,0,0,0,64720,0,9,380,0,1453,0,0,146077,0,64948
46,0,6,0,0,0,0,0,794412,0,0,0,0,870,67072,0,0,0,0,0,0,0,0,0,0,0,0,0,0,0,0,0,0,0,64749,0,0,0,467,1900,301559,0,0,0,65720
46,0,7,0,0,0,0,0,794412,0,0,0,0,871,67072,0,0,0,0,0,0,0,0,0,0,0,0,0,0,0,0,0,0,0,65013,1379,0,0,0,1302,0,0,117337,0,64555
46,0,8,0,0,0,0,0,794412,0,0,0,0,43,0,0,0,0,0,0,0,0,0,0,0,0,0,0,0,0,0,0,0,0,0,0,0,37,0,126,0,0,0,0,0
47,0,0,0,0,0,0,0,1588592,0,0,6150,394752,116,0,0,0,0,0,11205,0,0,0,0,0,0,0,0,6150,6150,0,252638,0,497553,394752,0,2180,0,116,238,0,0,0,0,1128624
47,0,1,0,0,0,0,0,794296,11205,0,0,0,4882,0,0,0,0,0,11205,0,0,0,0,0,0,0,0,0,3070,0,126542,0,126162,0,0,758,635,677,8234,0,0,63025,0,0
47,0,2,0,0,0,0,0,794296,0,0,0,0,332,67072,0,0,0,0,0,0,0,0,0,0,0,0,0,0,0,0,63680,0,0,65007,0,930,189,0,685,0,0,2492,0,65914
47,0,3,0,0,0,0,0,794296,0,0,0,0,535,67072,0,0,0,0,0,0,0,0,0,0,0,0,0,0,0,0,63499,0,0,64882,0,343,0,292,790,522292,0,0,0,64948
47,0,4,0,0,0,0,0,794296,0,0,0,0,861,67072,0,0,0,0,0,0,0,0,0,0,0,0,0,0,0,0,63518,0,0,64928,3287,937,0,1,1856,0,0,545171,0,63852
47,0,5,0,0,0,0,0,794296,0,0,0,0,947,67072,0,0,0,0,0,0,0,0,0,0,0,0,0,0,0,0,0,0,0,64732,0,24,390,0,1426,0,0,146112,0,64934
47,0,6,0,0,0,0,0,794296,0,0,0,0,894,67072,0,0,0,0,0,0,0,0,0,0,0,0,0,0,0,0,0,0,0,64745,0,0,0,443,1896,301410,0,0,0,65719
47,0,7,0,0,0,0,0,794296,0,0,0,0,853,67072,0,0,0,0,0,0,0,0,0,0,0,0,0,0,0,0,0,0,0,65010,1421,0,0,0,1261,0,0,116635,0,64547
47,0,8,0,0,0,0,0,794296,0,0,0,0,43,0,0,0,0,0,0,0,0,0,0,0,0,0,0,0,0,0,0,0,0,0,0,0,37,0,111,0,0,0,0,0
48,0,0,0,0,0,0,0,1588641,0,0,6148,394752,116,0,0,0,0,0,11202,0,0,0,0,0,0,0,0,6148,6148,0,252662,0,497713,394752,0,2180,0,116,238,0,0,0,0,1128162
48,0,1,0,0,0,0,0,794321,11202,0,0,0,4942,0,0,0,0,0,11202,0,0,0,0,0,0,0,0,0,3088,0,126529,0,126211,0,0,756,610,642,8297,0,0,62984,0,0
48,0,2,0,0,0,0,0,794321,0,0,0,0,339,67072,0,0,0,0,0,0,0,0,0,0,0,0,0,0,0,0,63723,0,0,65015,0,937,180,0,718,0,0,2520,0,65903
48,0,3,0,0,0,0,0,794321,0,0,0,0,536,67072,0,0,0,0,0,0,0,0,0,0,0,0,0,0,0,0,63491,0,0,64889,0,294,0,291,803,520987,0,0,0,64945
48,0,4,0,0,0,0,0,794321,0,0,0,0,877,67072,0,0,0,0,0,0,0,0,0,0,0,0,0,0,0,0,63512,0,0,64925,3291,914,0,1,1897,0,0,545160,0,63837
48,0,5,0,0,0,0,0,794321,0,0,0,0,945,67072,0,0,0,0,0,0,0,0,0,0,0,0,0,0,0,0,0,0,0,64745,0,10,392,0,1431,0,0,146084,0,64934
48,0,6,0,0,0,0,0,794321,0,0,0,0,883,67072,0,0,0,0,0,0,0,0,0,0,0,0,0,0,0,0,0,0,0,64742,0,0,0,454,1934,301492,0,0,0,65737
48,0,7,0,0,0,0,0,794321,0,0,0,0,863,67072,0,0,0,0,0,0,0,0,0,0,0,0,0,0,0,0,0,0,0,65016,1400,0,0,0,1294,0,0,116642,0,64546
48,0,8,0,0,0,0,0,794321,0,0,0,0,43,0,0,0,0,0,0,0,0,0,0,0,0,0,0,0,0,0,0,0,0,0,0,0,37,0,125,0,0,0,0,0
49,0,0,0,0,0,0,0,325555,0,0,258,65600,116,0,0,0,0,0,2337,0,0,0,0,0,0,0,0,258,258,0,0,0,129652,65600,0,196,0,116,238,0,0,0,0,65920
49,0,1,0,0,0,0,0,162778,2337,0,0,0,798,0,0,0,0,0,2337,0,0,0,0,0,0,0,0,0,60,0,0,0,65115,0,0,83,70,104,1365,0,0,65920,0,0
49,0,2,0,0,0,0,0,162778,0,0,0,0,233,65920,0,0,0,0,0,0,0,0,0,0,0,0,0,0,0,0,0,0,0,65350,0,172,115,0,499,0,0,0,0,65920
49,0,3,0,0,0,0,0,162778,0,0,0,0,49,0,0,0,0,0,0,0,0,0,0,0,0,0,0,0,0,0,0,0,0,0,0,7,0,43,63,0,0,0,0,0
49,0,4,0,0,0,0,0,162778,0,0,0,0,49,0,0,0,0,0,0,0,0,0,0,0,0,0,0,0,0,0,0,0,0,0,264,53,0,0,109,0,0,0,0,0
49,0,5,0,0,0,0,0,162778,0,0,0,0,49,0,0,0,0,0,0,0,0,0,0,0,0,0,0,0,0,0,0,0,0,0,0,8,43,0,54,0,0,0,0,0
49,0,6,0,0,0,0,0,162778,0,0,0,0,55,0,0,0,0,0,0,0,0,0,0,0,0,0,0,0,0,0,0,0,0,0,0,0,0,37,146,0,0,0,0,0
49,0,7,0,0,0,0,0,162778,0,0,0,0,49,0,0,0,0,0,0,0,0,0,0,0,0,0,0,0,0,0,0,0,0,0,141,0,0,0,94,0,0,0,0,0
49,0,8,0,0,0,0,0,162778,0,0,0,0,43,0,0,0,0,0,0,0,0,0,0,0,0,0,0,0,0,0,0,0,0,0,0,0,37,0,122,0,0,0,0,0
50,0,0,0,0,0,0,0,325490,0,0,258,65600,116,0,0,0,0,0,2337,0,0,0,0,0,0,0,0,258,258,0,0,0,129609,65600,0,196,0,116,238,0,0,0,0,65920
50,0,1,0,0,0,0,0,162745,2337,0,0,0,804,0,0,0,0,0,2337,0,0,0,0,0,0,0,0,0,63,0,0,0,65103,0,0,83,70,98,1377,0,0,65920,0,0
50,0,2,0,0,0,0,0,162745,0,0,0,0,239,65920,0,0,0,0,0,0,0,0,0,0,0,0,0,0,0,0,0,0,0,65345,0,172,109,0,511,0,0,0,0,65920
50,0,3,0,0,0,0,0,162745,0,0,0,0,49,0,0,0,0,0,0,0,0,0,0,0,0,0,0,0,0,0,0,0,0,0,0,7,0,43,63,0,0,0,0,0
50,0,4,0,0,0,0,0,162745,0,0,0,0,49,0,0,0,0,0,0,0,0,0,0,0,0,0,0,0,0,0,0,0,0,0,264,53,0,0,109,0,0,0,0,0
50,0,5,0,0,0,0,0,162745,0,0,0,0,49,0,0,0,0,0,0,0,0,0,0,0,0,0,0,0,0,0,0,0,0,0,0,8,43,0,54,0,0,0,0,0
50,0,6,0,0,0,0,0,162745,0,0,0,0,55,0,0,0,0,0,0,0,0,0,0,0,0,0,0,0,0,0,0,0,0,0,0,0,0,37,146,0,0,0,0,0
50,0,7,0,0,0,0,0,162745,0,0,0,0,49,0,0,0,0,0,0,0,0,0,0,0,0,0,0,0,0,0,0,0,0,0,141,0,0,0,94,0,0,0,0,0
50,0,8,0,0,0,0,0,162745,0,0,0,0,43,0,0,0,0,0,0,0,0,0,0,0,0,0,0,0,0,0,0,0,0,0,0,0,37,0,122,0,0,0,0,0
51,0,0,0,0,0,0,0,325517,0,0,258,65600,116,0,0,0,0,0,2337,0,0,0,0,0,0,0,0,258,258,0,0,0,129636,65600,0,196,0,116,238,0,0,0,0,65920
51,0,1,0,0,0,0,0,162759,2337,0,0,0,763,0,0,0,0,0,2337,0,0,0,0,0,0,0,0,0,62,0,0,0,65115,0,0,84,82,126,1336,0,0,65920,0,0
51,0,2,0,0,0,0,0,162759,0,0,0,0,239,65920,0,0,0,0,0,0,0,0,0,0,0,0,0,0,0,0,0,0,0,65344,0,157,109,0,498,0,0,0,0,65920
51,0,3,0,0,0,0,0,162759,0,0,0,0,46,0,0,0,0,0,0,0,0,0,0,0,0,0,0,0,0,0,0,0,0,0,0,21,0,46,70,0,0,0,0,0
51,0,4,0,0,0,0,0,162759,0,0,0,0,46,0,0,0,0,0,0,0,0,0,0,0,0,0,0,0,0,0,0,0,0,0,264,54,0,0,104,0,0,0,0,0
51,0,5,0,0,0,0,0,162759,0,0,0,0,49,0,0,0,0,0,0,0,0,0,0,0,0,0,0,0,0,0,0,0,0,0,0,22,43,0,55,0,0,0,0,0
51,0,6,0,0,0,0,0,162759,0,0,0,0,55,0,0,0,0,0,0,0,0,0,0,0,0,0,0,0,0,0,0,0,0,0,0,0,0,37,132,0,0,0,0,0
51,0,7,0,0,0,0,0,162759,0,0,0,0,49,0,0,0,0,0,0,0,0,0,0,0,0,0,0,0,0,0,0,0,0,0,141,0,0,0,93,0,0,0,0,0
51,0,8,0,0,0,0,0,162759,0,0,0,0,43,0,0,0,0,0,0,0,0,0,0,0,0,0,0,0,0,0,0,0,0,0,0,0,37,0,108,0,0,0,0,0
52,0,0,0,0,0,0,0,577317,0,0,514,131200,116,0,0,0,0,0,2724,0,0,0,0,0,0,0,0,514,514,0,130089,0,129623,131200,0,455,0,116,238,0,0,0,0,254464
52,0,1,0,0,0,0,0,288659,2724,0,0,0,907,0,0,0,0,0,2724,0,0,0,0,0,0,0,0,0,254,0,0,0,65117,0,0,83,189,133,1537,0,0,65003,0,0
52,0,2,0,0,0,0,0,288659,0,0,0,0,227,65920,0,0,0,0,0,0,0,0,0,0,0,0,0,0,0,0,0,0,0,65333,0,172,119,0,462,0,0,533,0,65653
52,0,3,0,0,0,0,0,288659,0,0,0,0,237,65920,0,0,0,0,0,0,0,0,0,0,0,0,0,0,0,0,0,0,0,65379,0,7,0,112,371,525,0,0,0,65658
52,0,4,0,0,0,0,0,288659,0,0,0,0,49,0,0,0,0,0,0,0,0,0,0,0,0,0,0,0,0,0,0,0,0,0,451,53,0,1,109,0,0,0,0,0
52,0,5,0,0,0,0,0,288659,0,0,0,0,49,0,0,0,0,0,0,0,0,0,0,0,0,0,0,0,0,0,0,0,0,0,0,8,43,0,54,0,0,0,0,0
52,0,6,0,0,0,0,0,288659,0,0,0,0,55,0,0,0,0,0,0,0,0,0,0,0,0,0,0,0,0,0,0,0,0,0,0,0,0,37,146,0,0,0,0,0
52,0,7,0,0,0,0,0,288659,0,0,0,0,49,0,0,0,0,0,0,0,0,0,0,0,0,0,0,0,0,0,0,0,0,0,141,0,0,0,94,0,0,0,0,0
52,0,8,0,0,0,0,0,288659,0,0,0,0,43,0,0,0,0,0,0,0,0,0,0,0,0,0,0,0,0,0,0,0,0,0,0,0,37,0,123,0,0,0,0,0
53,0,0,0,0,0,0,0,577472,0,0,514,131200,116,0,0,0,0,0,2727,0,0,0,0,0,0,0,0,514,514,0,130043,0,129564,131200,0,455,0,116,238,0,0,0,0,254444
53,0,1,0,0,0,0,0,288736,2727,0,0,0,869,0,0,0,0,0,2727,0,0,0,0,0,0,0,0,0,234,0,0,0,65091,0,0,84,204,155,1493,0,0,65028,0,0
53,0,2,0,0,0,0,0,288736,0,0,0,0,220,65920,0,0,0,0,0,0,0,0,0,0,0,0,0,0,0,0,0,0,0,65325,0,157,126,0,448,0,0,511,0,65664
53,0,3,0,0,0,0,0,288736,0,0,0,0,233,65920,0,0,0,0,0,0,0,0,0,0,0,0,0,0,0,0,0,0,0,65357,0,21,0,116,379,534,0,0,0,65648
53,0,4,0,0,0,0,0,288736,0,0,0,0,46,0,0,0,0,0,0,0,0,0,0,0,0,0,0,0,0,0,0,0,0,0,450,54,0,1,104,0,0,0,0,0
53,0,5,0,0,0,0,0,288736,0,0,0,0,49,0,0,0,0,0,0,0,0,0,0,0,0,0,0,0,0,0,0,0,0,0,0,22,43,0,55,0,0,0,0,0
53,0,6,0,0,0,0,0,288736,0,0,0,0,55,0,0,0,0,0,0,0,0,0,0,0,0,0,0,0,0,0,0,0,0,0,0,0,0,37,132,0,0,0,0,0
53,0,7,0,0,0,0,0,288736,0,0,0,0,49,0,0,0,0,0,0,0,0,0,0,0,0,0,0,0,0,0,0,0,0,0,141,0,0,0,93,0,0,0,0,0
53,0,8,0,0,0,0,0,288736,0,0,0,0,43,0,0,0,0,0,0,0,0,0,0,0,0,0,0,0,0,0,0,0,0,0,0,0,37,0,109,0,0,0,0,0
54,0,0,0,0,0,0,0,577317,0,0,514,131200,116,0,0,0,0,0,2724,0,0,0,0,0,0,0,0,514,514,0,130054,0,129632,131200,0,455,0,116,238,0,0,0,0,254436
54,0,1,0,0,0,0,0,288659,2724,0,0,0,907,0,0,0,0,0,2724,0,0,0,0,0,0,0,0,0,250,0,0,0,65116,0,0,83,192,130,1524,0,0,65003,0,0
54,0,2,0,0,0,0,0,288659,0,0,0,0,215,65920,0,0,0,0,0,0,0,0,0,0,0,0,0,0,0,0,0,0,0,65332,0,172,131,0,453,0,0,533,0,65652
54,0,3,0,0,0,0,0,288659,0,0,0,0,238,65920,0,0,0,0,0,0,0,0,0,0,0,0,0,0,0,0,0,0,0,65370,0,7,0,111,374,529,0,0,0,65657
54,0,4,0,0,0,0,0,288659,0,0,0,0,49,0,0,0,0,0,0,0,0,0,0,0,0,0,0,0,0,0,0,0,0,0,452,53,0,1,109,0,0,0,0,0
54,0,5,0,0,0,0,0,288659,0,0,0,0,49,0,0,0,0,0,0,0,0,0,0,0,0,0,0,0,0,0,0,0,0,0,0,8,43,0,54,0,0,0,0,0
54,0,6,0,0,0,0,0,288659,0,0,0,0,55,0,0,0,0,0,0,0,0,0,0,0,0,0,0,0,0,0,0,0,0,0,0,0,0,37,146,0,0,0,0,0
54,0,7,0,0,0,0,0,288659,0,0,0,0,49,0,0,0,0,0,0,0,0,0,0,0,0,0,0,0,0,0,0,0,0,0,141,0,0,0,94,0,0,0,0,0
54,0,8,0,0,0,0,0,288659,0,0,0,0,43,0,0,0,0,0,0,0,0,0,0,0,0,0,0,0,0,0,0,0,0,0,0,0,37,0,123,0,0,0,0,0
55,0,0,0,0,0,0,0,1097129,0,0,1026,262400,116,0,0,0,0,0,3509,0,0,0,0,0,0,0,0,1026,1026,0,130124,0,388132,262400,0,431,0,116,238,0,0,0,0,649238
55,0,1,0,0,0,0,0,548565,3507,0,0,0,1285,0,0,0,0,0,3507,0,0,0,0,0,0,0,0,0,517,0,65029,0,129830,0,0,198,146,197,2167,0,0,113904,0,0
55,0,2,0,0,0,0,0,548565,0,0,0,0,151,65920,0,0,0,0,0,0,0,0,0,0,0,0,0,0,0,0,65049,0,0,65367,0,380,95,0,333,0,0,49549,0,65573
55,0,3,0,0,0,0,0,548565,0,0,0,0,198,65920,0,0,0,0,0,0,0,0,0,0,0,0,0,0,0,0,0,0,0,65347,0,7,0,127,289,187689,0,0,0,65548
55,0,4,0,0,0,0,0,548565,0,0,0,0,250,65920,0,0,0,0,0,0,0,0,0,0,0,0,0,0,0,0,0,0,0,65374,731,53,0,2,514,0,0,216118,0,65577
55,0,5,0,0,0,0,0,548565,0,0,0,0,253,65920,0,0,0,0,0,0,0,0,0,0,0,0,0,0,0,0,0,0,0,65339,0,9,155,0,369,0,0,83265,0,65366
55,0,6,0,0,0,0,0,548565,0,0,0,0,55,0,0,0,0,0,0,0,0,0,0,0,0,0,0,0,0,0,0,0,0,0,0,0,0,37,146,0,0,0,0,0
55,0,7,0,0,0,0,0,548565,0,0,0,0,49,0,0,0,0,0,0,0,0,0,0,0,0,0,0,0,0,0,0,0,0,0,141,0,0,0,94,0,0,0,0,0
55,0,8,0,0,0,0,0,548565,0,0,0,0,43,0,0,0,0,0,0,0,0,0,0,0,0,0,0,0,0,0,0,0,0,0,0,0,37,0,124,0,0,0,0,0
56,0,0,0,0,0,0,0,1097026,0,0,1026,262400,116,0,0,0,0,0,3504,0,0,0,0,0,0,0,0,1026,1026,0,130135,0,388268,262400,0,431,0,116,238,0,0,0,0,649269
56,0,1,0,0,0,0,0,548513,3504,0,0,0,1259,0,0,0,0,0,3504,0,0,0,0,0,0,0,0,0,512,0,65041,0,129861,0,0,191,154,222,2138,0,0,113916,0,0
56,0,2,0,0,0,0,0,548513,0,0,0,0,160,65920,0,0,0,0,0,0,0,0,0,0,0,0,0,0,0,0,65061,0,0,65372,0,368,87,0,328,0,0,49565,0,65563
56,0,3,0,0,0,0,0,548513,0,0,0,0,200,65920,0,0,0,0,0,0,0,0,0,0,0,0,0,0,0,0,0,0,0,65348,0,21,0,125,296,187704,0,0,0,65538
56,0,4,0,0,0,0,0,548513,0,0,0,0,244,65920,0,0,0,0,0,0,0,0,0,0,0,0,0,0,0,0,0,0,0,65377,742,54,0,1,514,0,0,216109,0,65577
56,0,5,0,0,0,0,0,548513,0,0,0,0,255,65920,0,0,0,0,0,0,0,0,0,0,0,0,0,0,0,0,0,0,0,65342,0,25,153,0,368,0,0,83237,0,65372
56,0,6,0,0,0,0,0,548513,0,0,0,0,55,0,0,0,0,0,0,0,0,0,0,0,0,0,0,0,0,0,0,0,0,0,0,0,0,37,132,0,0,0,0,0
56,0,7,0,0,0,0,0,548513,0,0,0,0,49,0,0,0,0,0,0,0,0,0,0,0,0,0,0,0,0,0,0,0,0,0,141,0,0,0,93,0,0,0,0,0
56,0,8,0,0,0,0,0,548513,0,0,0,0,43,0,0,0,0,0,0,0,0,0,0,0,0,0,0,0,0,0,0,0,0,0,0,0,37,0,108,0,0,0,0,0
57,0,0,0,0,0,0,0,1097130,0,0,1026,262400,116,0,0,0,0,0,3504,0,0,0,0,0,0,0,0,1026,1026,0,130166,0,388295,262400,0,431,0,116,238,0,0,0,0,649294
57,0,1,0,0,0,0,0,548565,3504,0,0,0,1254,0,0,0,0,0,3504,0,0,0,0,0,0,0,0,0,524,0,65036,0,129876,0,0,196,154,222,2135,0,0,113887,0,0
57,0,2,0,0,0,0,0,548565,0,0,0,0,155,65920,0,0,0,0,0,0,0,0,0,0,0,0,0,0,0,0,65059,0,0,65374,0,369,91,0,323,0,0,49567,0,65561
57,0,3,0,0,0,0,0,548565,0,0,0,0,194,65920,0,0,0,0,0,0,0,0,0,0,0,0,0,0,0,0,0,0,0,65354,0,21,0,131,290,187716,0,0,0,65550
57,0,4,0,0,0,0,0,548565,0,0,0,0,240,65920,0,0,0,0,0,0,0,0,0,0,0,0,0,0,0,0,0,0,0,65377,736,54,0,1,505,0,0,216129,0,65579
57,0,5,0,0,0,0,0,548565,0,0,0,0,251,65920,0,0,0,0,0,0,0,0,0,0,0,0,0,0,0,0,0,0,0,65338,0,24,157,0,364,0,0,83269,0,65365
57,0,6,0,0,0,0,0,548565,0,0,0,0,55,0,0,0,0,0,0,0,0,0,0,0,0,0,0,0,0,0,0,0,0,0,0,0,0,37,132,0,0,0,0,0
57,0,7,0,0,0,0,0,548565,0,0,0,0,49,0,0,0,0,0,0,0,0,0,0,0,0,0,0,0,0,0,0,0,0,0,141,0,0,0,93,0,0,0,0,0
57,0,8,0,0,0,0,0,548565,0,0,0,0,43,0,0,0,0,0,0,0,0,0,0,0,0,0,0,0,0,0,0,0,0,0,0,0,37,0,109,0,0,0,0,0
58,0,0,0,0,0,0,0,1617452,0,0,1540,393600,116,0,0,0,0,0,4290,0,0,0,0,0,0,0,0,1540,1540,0,259643,0,517243,393600,0,694,0,116,238,0,0,0,0,1112740
58,0,1,0,0,0,0,0,808726,4290,0,0,0,1655,0,0,0,0,0,4290,0,0,0,0,0,0,0,0,0,766,0,129894,0,129790,0,0,256,221,210,2754,0,0,64917,0,0
58,0,2,0,0,0,0,0,808726,0,0,0,0,122,65920,0,0,0,0,0,0,0,0,0,0,0,0,0,0,0,0,65054,0,0,65395,0,348,76,0,269,0,0,613,0,65644
58,0,3,0,0,0,0,0,808726,0,0,0,0,169,65920,0,0,0,0,0,0,0,0,0,0,0,0,0,0,0,0,65003,0,0,65370,0,92,0,106,261,506410,0,0,0,65381
58,0,4,0,0,0,0,0,808726,0,0,0,0,247,65920,0,0,0,0,0,0,0,0,0,0,0,0,0,0,0,0,65024,0,0,65377,1043,271,0,1,542,0,0,550966,0,65122
58,0,5,0,0,0,0,0,808726,0,0,0,0,275,65920,0,0,0,0,0,0,0,0,0,0,0,0,0,0,0,0,0,0,0,65334,0,23,128,0,403,0,0,147042,0,65403
58,0,6,0,0,0,0,0,808726,0,0,0,0,253,65920,0,0,0,0,0,0,0,0,0,0,0,0,0,0,0,0,0,0,0,65331,0,0,0,150,572,302955,0,0,0,65577
58,0,7,0,0,0,0,0,808726,0,0,0,0,258,65920,0,0,0,0,0,0,0,0,0,0,0,0,0,0,0,0,0,0,0,65408,439,0,0,2,398,0,0,115614,0,65302
58,0,8,0,0,0,0,0,808726,0,0,0,0,43,0,0,0,0,0,0,0,0,0,0,0,0,0,0,0,0,0,0,0,0,0,0,0,37,0,110,0,0,0,0,0
59,0,0,0,0,0,0,0,1617553,0,0,1540,393600,116,0,0,0,0,0,4290,0,0,0,0,0,0,0,0,1540,1540,0,259636,0,517323,393600,0,694,0,116,238,0,0,0,0,1112676
59,0,1,0,0,0,0,0,808777,4290,0,0,0,1677,0,0,0,0,0,4290,0,0,0,0,0,0,0,0,0,770,0,129910,0,129821,0,0,251,202,212,2774,0,0,64961,0,0
59,0,2,0,0,0,0,0,808777,0,0,0,0,116,65920,0,0,0,0,0,0,0,0,0,0,0,0,0,0,0,0,65078,0,0,65390,0,348,83,0,260,0,0,581,0,65662
59,0,3,0,0,0,0,0,808777,0,0,0,0,166,65920,0,0,0,0,0,0,0,0,0,0,0,0,0,0,0,0,64996,0,0,65373,0,88,0,109,244,509618,0,0,0,65400
59,0,4,0,0,0,0,0,808777,0,0,0,0,247,65920,0,0,0,0,0,0,0,0,0,0,0,0,0,0,0,0,65017,0,0,65384,1038,265,0,1,553,0,0,550961,0,65112
59,0,5,0,0,0,0,0,808777,0,0,0,0,283,65920,0,0,0,0,0,0,0,0,0,0,0,0,0,0,0,0,0,0,0,65340,0,24,120,0,410,0,0,147056,0,65396
59,0,6,0,0,0,0,0,808777,0,0,0,0,257,65920,0,0,0,0,0,0,0,0,0,0,0,0,0,0,0,0,0,0,0,65333,0,0,0,146,580,303095,0,0,0,65588
59,0,7,0,0,0,0,0,808777,0,0,0,0,253,65920,0,0,0,0,0,0,0,0,0,0,0,0,0,0,0,0,0,0,0,65406,449,0,0,1,399,0,0,115710,0,65299
59,0,8,0,0,0,0,0,808777,0,0,0,0,43,0,0,0,0,0,0,0,0,0,0,0,0,0,0,0,0,0,0,0,0,0,0,0,37,0,110,0,0,0,0,0
60,0,0,0,0,0,0,0,1617511,0,0,1540,393600,116,0,0,0,0,0,4290,0,0,0,0,0,0,0,0,1540,1540,0,259604,0,517257,393600,0,694,0,116,238,0,0,0,0,1112620
60,0,1,0,0,0,0,0,808756,4290,0,0,0,1667,0,0,0,0,0,4290,0,0,0,0,0,0,0,0,0,779,0,129877,0,129819,0,0,250,218,207,2784,0,0,64961,0,0
60,0,2,0,0,0,0,0,808756,0,0,0,0,124,65920,0,0,0,0,0,0,0,0,0,0,0,0,0,0,0,0,65069,0,0,65391,0,350,75,0,271,0,0,581,0,65665
60,0,3,0,0,0,0,0,808756,0,0,0,0,173,65920,0,0,0,0,0,0,0,0,0,0,0,0,0,0,0,0,64978,0,0,65371,0,94,0,102,261,507536,0,0,0,65401
60,0,4,0,0,0,0,0,808756,0,0,0,0,251,65920,0,0,0,0,0,0,0,0,0,0,0,0,0,0,0,0,65002,0,0,65376,1026,272,0,1,551,0,0,550919,0,65110
60,0,5,0,0,0,0,0,808756,0,0,0,0,279,65920,0,0,0,0,0,0,0,0,0,0,0,0,0,0,0,0,0,0,0,65336,0,24,124,0,404,0,0,147044,0,65390
60,0,6,0,0,0,0,0,808756,0,0,0,0,261,65920,0,0,0,0,0,0,0,0,0,0,0,0,0,0,0,0,0,0,0,65321,0,0,0,142,578,303111,0,0,0,65588
60,0,7,0,0,0,0,0,808756,0,0,0,0,247,65920,0,0,0,0,0,0,0,0,0,0,0,0,0,0,0,0,0,0,0,65402,460,0,0,0,386,0,0,114677,0,65306
60,0,8,0,0,0,0,0,808756,0,0,0,0,43,0,0,0,0,0,0,0,0,0,0,0,0,0,0,0,0,0,0,0,0,0,0,0,37,0,111,0,0,0,0,0
61,0,0,0,0,0,0,0,319179,0,0,66,65552,116,0,0,0,0,0,2049,0,0,0,0,0,0,0,0,66,66,0,0,0,130637,65552,0,196,0,116,238,0,0,0,0,65632
61,0,1,0,0,0,0,0,159590,2049,0,0,0,620,0,0,0,0,0,2049,0,0,0,0,0,0,0,0,0,17,0,0,0,65412,0,0,84,81,78,1049,0,0,65632,0,0
61,0,2,0,0,0,0,0,159590,0,0,0,0,95,65632,0,0,0,0,0,0,0,0,0,0,0,0,0,0,0,0,0,0,0,65482,0,157,61,0,210,0,0,0,0,65632
61,0,3,0,0,0,0,0,159590,0,0,0,0,46,0,0,0,0,0,0,0,0,0,0,0,0,0,0,0,0,0,0,0,0,0,0,21,0,46,70,0,0,0,0,0
61,0,4,0,0,0,0,0,159590,0,0,0,0,46,0,0,0,0,0,0,0,0,0,0,0,0,0,0,0,0,0,0,0,0,0,264,54,0,0,104,0,0,0,0,0
61,0,5,0,0,0,0,0,159590,0,0,0,0,49,0,0,0,0,0,0,0,0,0,0,0,0,0,0,0,0,0,0,0,0,0,0,22,43,0,55,0,0,0,0,0
61,0,6,0,0,0,0,0,159590,0,0,0,0,55,0,0,0,0,0,0,0,0,0,0,0,0,0,0,0,0,0,0,0,0,0,0,0,0,37,132,0,0,0,0,0
61,0,7,0,0,0,0,0,159590,0,0,0,0,49,0,0,0,0,0,0,0,0,0,0,0,0,0,0,0,0,0,0,0,0,0,141,0,0,0,93,0,0,0,0,0
61,0,8,0,0,0,0,0,159590,0,0,0,0,43,0,0,0,0,0,0,0,0,0,0,0,0,0,0,0,0,0,0,0,0,0,0,0,37,0,108,0,0,0,0,0
62,0,0,0,0,0,0,0,319244,0,0,66,65552,116,0,0,0,0,0,2049,0,0,0,0,0,0,0,0,66,66,0,0,0,130654,65552,0,196,0,116,238,0,0,0,0,65632
62,0,1,0,0,0,0,0,159622,2049,0,0,0,618,0,0,0,0,0,2049,0,0,0,0,0,0,0,0,0,15,0,0,0,65412,0,0,84,81,80,1045,0,0,65632,0,0
62,0,2,0,0,0,0,0,159622,0,0,0,0,93,65632,0,0,0,0,0,0,0,0,0,0,0,0,0,0,0,0,0,0,0,65480,0,157,63,0,206,0,0,0,0,65632
62,0,3,0,0,0,0,0,159622,0,0,0,0,46,0,0,0,0,0,0,0,0,0,0,0,0,0,0,0,0,0,0,0,0,0,0,21,0,46,70,0,0,0,0,0
62,0,4,0,0,0,0,0,159622,0,0,0,0,46,0,0,0,0,0,0,0,0,0,0,0,0,0,0,0,0,0,0,0,0,0,264,54,0,0,104,0,0,0,0,0
62,0,5,0,0,0,0,0,159622,0,0,0,0,49,0,0,0,0,0,0,0,0,0,0,0,0,0,0,0,0,0,0,0,0,0,0,22,43,0,55,0,0,0,0,0
62,0,6,0,0,0,0,0,159622,0,0,0,0,55,0,0,0,0,0,0,0,0,0,0,0,0,0,0,0,0,0,0,0,0,0,0,0,0,37,132,0,0,0,0,0
62,0,7,0,0,0,0,0,159622,0,0,0,0,49,0,0,0,0,0,0,0,0,0,0,0,0,0,0,0,0,0,0,0,0,0,141,0,0,0,93,0,0,0,0,0
62,0,8,0,0,0,0,0,159622,0,0,0,0,43,0,0,0,0,0,0,0,0,0,0,0,0,0,0,0,0,0,0,0,0,0,0,0,37,0,108,0,0,0,0,0
63,0,0,0,0,0,0,0,319189,0,0,66,65552,116,0,0,0,0,0,2046,0,0,0,0,0,0,0,0,66,66,0,0,0,130612,65552,0,196,0,116,238,0,0,0,0,65632
63,0,1,0,0,0,0,0,159595,2046,0,0,0,624,0,0,0,0,0,2046,0,0,0,0,0,0,0,0,0,14,0,0,0,65400,0,0,84,81,74,1057,0,0,65632,0,0
63,0,2,0,0,0,0,0,159595,0,0,0,0,99,65632,0,0,0,0,0,0,0,0,0,0,0,0,0,0,0,0,0,0,0,65483,0,157,57,0,218,0,0,0,0,65632
63,0,3,0,0,0,0,0,159595,0,0,0,0,46,0,0,0,0,0,0,0,0,0,0,0,0,0,0,0,0,0,0,0,0,0,0,21,0,46,70,0,0,0,0,0
63,0,4,0,0,0,0,0,159595,0,0,0,0,46,0,0,0,0,0,0,0,0,0,0,0,0,0,0,0,0,0,0,0,0,0,264,54,0,0,104,0,0,0,0,0
63,0,5,0,0,0,0,0,159595,0,0,0,0,49,0,0,0,0,0,0,0,0,0,0,0,0,0,0,0,0,0,0,0,0,0,0,22,43,0,55,0,0,0,0,0
63,0,6,0,0,0,0,0,159595,0,0,0,0,55,0,0,0,0,0,0,0,0,0,0,0,0,0,0,0,0,0,0,0,0,0,0,0,0,37,132,0,0,0,0,0
63,0,7,0,0,0,0,0,159595,0,0,0,0,49,0,0,0,0,0,0,0,0,0,0,0,0,0,0,0,0,0,0,0,0,0,141,0,0,0,93,0,0,0,0,0
63,0,8,0,0,0,0,0,159595,0,0,0,0,43,0,0,0,0,0,0,0,0,0,0,0,0,0,0,0,0,0,0,0,0,0,0,0,37,0,108,0,0,0,0,0
64,0,0,0,0,0,0,0,578986,0,0,130,131104,116,0,0,0,0,0,2151,0,0,0,0,0,0,0,0,130,130,0,130742,0,130683,131104,0,263,0,116,238,0,0,0,0,252628
64,0,1,0,0,0,0,0,289493,2151,0,0,0,683,0,0,0,0,0,2151,0,0,0,0,0,0,0,0,0,62,0,0,0,65427,0,0,83,102,60,1117,0,0,65402,0,0
64,0,2,0,0,0,0,0,289493,0,0,0,0,90,65632,0,0,0,0,0,0,0,0,0,0,0,0,0,0,0,0,0,0,0,65486,0,172,64,0,206,0,0,134,0,65565
64,0,3,0,0,0,0,0,289493,0,0,0,0,104,65632,0,0,0,0,0,0,0,0,0,0,0,0,0,0,0,0,0,0,0,65479,0,7,0,53,150,124,0,0,0,65572
64,0,4,0,0,0,0,0,289493,0,0,0,0,49,0,0,0,0,0,0,0,0,0,0,0,0,0,0,0,0,0,0,0,0,0,318,53,0,1,109,0,0,0,0,0
64,0,5,0,0,0,0,0,289493,0,0,0,0,49,0,0,0,0,0,0,0,0,0,0,0,0,0,0,0,0,0,0,0,0,0,0,8,43,0,54,0,0,0,0,0
64,0,6,0,0,0,0,0,289493,0,0,0,0,55,0,0,0,0,0,0,0,0,0,0,0,0,0,0,0,0,0,0,0,0,0,0,0,0,37,146,0,0,0,0,0
64,0,7,0,0,0,0,0,289493,0,0,0,0,49,0,0,0,0,0,0,0,0,0,0,0,0,0,0,0,0,0,0,0,0,0,141,0,0,0,94,0,0,0,0,0
64,0,8,0,0,0,0,0,289493,0,0,0,0,43,0,0,0,0,0,0,0,0,0,0,0,0,0,0,0,0,0,0,0,0,0,0,0,37,0,123,0,0,0,0,0
65,0,0,0,0,0,0,0,579051,0,0,130,131104,116,0,0,0,0,0,2148,0,0,0,0,0,0,0,0,130,130,0,130746,0,130692,131104,0,263,0,116,238,0,0,0,0,252653
65,0,1,0,0,0,0,0,289526,2148,0,0,0,648,0,0,0,0,0,2148,0,0,0,0,0,0,0,0,0,59,0,0,0,65429,0,0,84,113,83,1085,0,0,65398,0,0
65,0,2,0,0,0,0,0,289526,0,0,0,0,88,65632,0,0,0,0,0,0,0,0,0,0,0,0,0,0,0,0,0,0,0,65486,0,157,66,0,196,0,0,138,0,65562
65,0,3,0,0,0,0,0,289526,0,0,0,0,96,65632,0,0,0,0,0,0,0,0,0,0,0,0,0,0,0,0,0,0,0,65478,0,21,0,61,151,124,0,0,0,65572
65,0,4,0,0,0,0,0,289526,0,0,0,0,46,0,0,0,0,0,0,0,0,0,0,0,0,0,0,0,0,0,0,0,0,0,313,54,0,1,104,0,0,0,0,0
65,0,5,0,0,0,0,0,289526,0,0,0,0,49,0,0,0,0,0,0,0,0,0,0,0,0,0,0,0,0,0,0,0,0,0,0,22,43,0,55,0,0,0,0,0
65,0,6,0,0,0,0,0,289526,0,0,0,0,55,0,0,0,0,0,0,0,0,0,0,0,0,0,0,0,0,0,0,0,0,0,0,0,0,37,132,0,0,0,0,0
65,0,7,0,0,0,0,0,289526,0,0,0,0,49,0,0,0,0,0,0,0,0,0,0,0,0,0,0,0,0,0,0,0,0,0,141,0,0,0,93,0,0,0,0,0
65,0,8,0,0,0,0,0,289526,0,0,0,0,43,0,0,0,0,0,0,0,0,0,0,0,0,0,0,0,0,0,0,0,0,0,0,0,37,0,109,0,0,0,0,0
66,0,0,0,0,0,0,0,579035,0,0,130,131104,116,0,0,0,0,0,2151,0,0,0,0,0,0,0,0,130,130,0,130752,0,130681,131104,0,263,0,116,238,0,0,0,0,252653
66,0,1,0,0,0,0,0,289518,2151,0,0,0,646,0,0,0,0,0,2151,0,0,0,0,0,0,0,0,0,57,0,0,0,65423,0,0,84,110,88,1087,0,0,65410,0,0
66,0,2,0,0,0,0,0,289518,0,0,0,0,88,65632,0,0,0,0,0,0,0,0,0,0,0,0,0,0,0,0,0,0,0,65486,0,157,66,0,191,0,0,129,0,65567
66,0,3,0,0,0,0,0,289518,0,0,0,0,92,65632,0,0,0,0,0,0,0,0,0,0,0,0,0,0,0,0,0,0,0,65480,0,21,0,65,146,125,0,0,0,65571
66,0,4,0,0,0,0,0,289518,0,0,0,0,46,0,0,0,0,0,0,0,0,0,0,0,0,0,0,0,0,0,0,0,0,0,309,54,0,1,104,0,0,0,0,0
66,0,5,0,0,0,0,0,289518,0,0,0,0,49,0,0,0,0,0,0,0,0,0,0,0,0,0,0,0,0,0,0,0,0,0,0,22,43,0,55,0,0,0,0,0
66,0,6,0,0,0,0,0,289518,0,0,0,0,55,0,0,0,0,0,0,0,0,0,0,0,0,0,0,0,0,0,0,0,0,0,0,0,0,37,132,0,0,0,0,0
66,0,7,0,0,0,0,0,289518,0,0,0,0,49,0,0,0,0,0,0,0,0,0,0,0,0,0,0,0,0,0,0,0,0,0,141,0,0,0,93,0,0,0,0,0
66,0,8,0,0,0,0,0,289518,0,0,0,0,43,0,0,0,0,0,0,0,0,0,0,0,0,0,0,0,0,0,0,0,0,0,0,0,37,0,109,0,0,0,0,0
67,0,0,0,0,0,0,0,1102100,0,0,258,262208,116,0,0,0,0,0,2355,0,0,0,0,0,0,0,0,258,258,0,130757,0,391801,262208,0,255,0,116,238,0,0,0,0,646224
67,0,1,0,0,0,0,0,551050,2355,0,0,0,743,0,0,0,0,0,2355,0,0,0,0,0,0,0,0,0,133,0,65394,0,130750,0,0,115,101,99,1247,0,0,98132,0,0
67,0,2,0,0,0,0,0,551050,0,0,0,0,73,65632,0,0,0,0,0,0,0,0,0,0,0,0,0,0,0,0,65416,0,0,65492,0,212,58,0,166,0,0,32877,0,65554
67,0,3,0,0,0,0,0,551050,0,0,0,0,81,65632,0,0,0,0,0,0,0,0,0,0,0,0,0,0,0,0,0,0,0,65477,0,21,0,68,125,205086,0,0,0,65542
67,0,4,0,0,0,0,0,551050,0,0,0,0,94,65632,0,0,0,0,0,0,0,0,0,0,0,0,0,0,0,0,0,0,0,65490,378,54,0,1,202,0,0,220973,0,65531
67,0,5,0,0,0,0,0,551050,0,0,0,0,99,65632,0,0,0,0,0,0,0,0,0,0,0,0,0,0,0,0,0,0,0,65489,0,24,72,0,130,0,0,73818,0,65503
67,0,6,0,0,0,0,0,551050,0,0,0,0,55,0,0,0,0,0,0,0,0,0,0,0,0,0,0,0,0,0,0,0,0,0,0,0,0,37,132,0,0,0,0,0
67,0,7,0,0,0,0,0,551050,0,0,0,0,49,0,0,0,0,0,0,0,0,0,0,0,0,0,0,0,0,0,0,0,0,0,141,0,0,0,93,0,0,0,0,0
67,0,8,0,0,0,0,0,551050,0,0,0,0,43,0,0,0,0,0,0,0,0,0,0,0,0,0,0,0,0,0,0,0,0,0,0,0,37,0,109,0,0,0,0,0
68,0,0,0,0,0,0,0,1102228,0,0,258,262208,116,0,0,0,0,0,2352,0,0,0,0,0,0,0,0,258,258,0,130779,0,391769,262208,0,255,0,116,238,0,0,0,0,646209
68,0,1,0,0,0,0,0,551114,2352,0,0,0,784,0,0,0,0,0,2352,0,0,0,0,0,0,0,0,0,129,0,65388,0,130736,0,0,111,90,73,1281,0,0,98143,0,0
68,0,2,0,0,0,0,0,551114,0,0,0,0,73,65632,0,0,0,0,0,0,0,0,0,0,0,0,0,0,0,0,65414,0,0,65488,0,227,58,0,177,0,0,32874,0,65558
68,0,3,0,0,0,0,0,551114,0,0,0,0,89,65632,0,0,0,0,0,0,0,0,0,0,0,0,0,0,0,0,0,0,0,65479,0,7,0,60,123,205095,0,0,0,65534
68,0,4,0,0,0,0,0,551114,0,0,0,0,101,65632,0,0,0,0,0,0,0,0,0,0,0,0,0,0,0,0,0,0,0,65491,385,53,0,0,214,0,0,220957,0,65541
68,0,5,0,0,0,0,0,551114,0,0,0,0,103,65632,0,0,0,0,0,0,0,0,0,0,0,0,0,0,0,0,0,0,0,65486,0,12,67,0,133,0,0,77908,0,65500
68,0,6,0,0,0,0,0,551114,0,0,0,0,55,0,0,0,0,0,0,0,0,0,0,0,0,0,0,0,0,0,0,0,0,0,0,0,0,37,146,0,0,0,0,0
68,0,7,0,0,0,0,0,551114,0,0,0,0,49,0,0,0,0,0,0,0,0,0,0,0,0,0,0,0,0,0,0,0,0,0,141,0,0,0,94,0,0,0,0,0
68,0,8,0,0,0,0,0,551114,0,0,0,0,43,0,0,0,0,0,0,0,0,0,0,0,0,0,0,0,0,0,0,0,0,0,0,0,37,0,121,0,0,0,0,0
69,0,0,0,0,0,0,0,1102148,0,0,258,262208,116,0,0,0,0,0,2352,0,0,0,0,0,0,0,0,258,258,0,130771,0,391769,262208,0,255,0,116,238,0,0,0,0,646206
69,0,1,0,0,0,0,0,551074,2352,0,0,0,743,0,0,0,0,0,2352,0,0,0,0,0,0,0,0,0,131,0,65406,0,130711,0,0,108,105,102,1250,0,0,98125,0,0
69,0,2,0,0,0,0,0,551074,0,0,0,0,77,65632,0,0,0,0,0,0,0,0,0,0,0,0,0,0,0,0,65385,0,0,65488,0,210,54,0,169,0,0,32877,0,65551
69,0,3,0,0,0,0,0,551074,0,0,0,0,82,65632,0,0,0,0,0,0,0,0,0,0,0,0,0,0,0,0,0,0,0,65476,0,21,0,67,129,205087,0,0,0,65541
69,0,4,0,0,0,0,0,551074,0,0,0,0,98,65632,0,0,0,0,0,0,0,0,0,0,0,0,0,0,0,0,0,0,0,65496,379,54,0,1,213,0,0,220920,0,65541
69,0,5,0,0,0,0,0,551074,0,0,0,0,102,65632,0,0,0,0,0,0,0,0,0,0,0,0,0,0,0,0,0,0,0,65480,0,25,68,0,135,0,0,73816,0,65503
69,0,6,0,0,0,0,0,551074,0,0,0,0,55,0,0,0,0,0,0,0,0,0,0,0,0,0,0,0,0,0,0,0,0,0,0,0,0,37,132,0,0,0,0,0
69,0,7,0,0,0,0,0,551074,0,0,0,0,49,0,0,0,0,0,0,0,0,0,0,0,0,0,0,0,0,0,0,0,0,0,141,0,0,0,93,0,0,0,0,0
69,0,8,0,0,0,0,0,551074,0,0,0,0,43,0,0,0,0,0,0,0,0,0,0,0,0,0,0,0,0,0,0,0,0,0,0,0,37,0,108,0,0,0,0,0
70,0,0,0,0,0,0,0,1625663,0,0,388,393312,116,0,0,0,0,0,2562,0,0,0,0,0,0,0,0,388,388,0,261341,0,522114,393312,0,324,0,116,238,0,0,0,0,1098291
70,0,1,0,0,0,0,0,812832,2562,0,0,0,841,0,0,0,0,0,2562,0,0,0,0,0,0,0,0,0,195,0,130703,0,130716,0,0,129,117,103,1417,0,0,65387,0,0
70,0,2,0,0,0,0,0,812832,0,0,0,0,66,65632,0,0,0,0,0,0,0,0,0,0,0,0,0,0,0,0,65409,0,0,65492,0,204,53,0,149,0,0,155,0,65559
70,0,3,0,0,0,0,0,812832,0,0,0,0,75,65632,0,0,0,0,0,0,0,0,0,0,0,0,0,0,0,0,65375,0,0,65483,0,41,0,64,114,491887,0,0,0,65511
70,0,4,0,0,0,0,0,812832,0,0,0,0,101,65632,0,0,0,0,0,0,0,0,0,0,0,0,0,0,0,0,65388,0,0,65489,437,111,0,1,215,0,0,543985,0,65436
70,0,5,0,0,0,0,0,812832,0,0,0,0,99,65632,0,0,0,0,0,0,0,0,0,0,0,0,0,0,0,0,0,0,0,65483,0,25,69,0,136,0,0,147341,0,65496
70,0,6,0,0,0,0,0,812832,0,0,0,0,110,65632,0,0,0,0,0,0,0,0,0,0,0,0,0,0,0,0,0,0,0,65476,0,0,0,59,246,286231,0,0,0,65549
70,0,7,0,0,0,0,0,812832,0,0,0,0,102,65632,0,0,0,0,0,0,0,0,0,0,0,0,0,0,0,0,0,0,0,65500,220,0,0,0,168,0,0,114684,0,65476
70,0,8,0,0,0,0,0,812832,0,0,0,0,43,0,0,0,0,0,0,0,0,0,0,0,0,0,0,0,0,0,0,0,0,0,0,0,37,0,110,0,0,0,0,0
71,0,0,0,0,0,0,0,1625650,0,0,388,393312,116,0,0,0,0,0,2562,0,0,0,0,0,0,0,0,388,388,0,261319,0,522095,393312,0,324,0,116,238,0,0,0,0,1098305
71,0,1,0,0,0,0,0,812825,2562,0,0,0,829,0,0,0,0,0,2562,0,0,0,0,0,0,0,0,0,198,0,130696,0,130717,0,0,136,127,98,1393,0,0,65394,0,0
71,0,2,0,0,0,0,0,812825,0,0,0,0,66,65632,0,0,0,0,0,0,0,0,0,0,0,0,0,0,0,0,65417,0,0,65493,0,207,53,0,151,0,0,148,0,65566
71,0,3,0,0,0,0,0,812825,0,0,0,0,75,65632,0,0,0,0,0,0,0,0,0,0,0,0,0,0,0,0,65368,0,0,65477,0,47,0,64,118,495988,0,0,0,65508
71,0,4,0,0,0,0,0,812825,0,0,0,0,98,65632,0,0,0,0,0,0,0,0,0,0,0,0,0,0,0,0,65391,0,0,65488,449,107,0,1,209,0,0,543999,0,65435
71,0,5,0,0,0,0,0,812825,0,0,0,0,103,65632,0,0,0,0,0,0,0,0,0,0,0,0,0,0,0,0,0,0,0,65487,0,24,66,0,137,0,0,147327,0,65500
71,0,6,0,0,0,0,0,812825,0,0,0,0,104,65632,0,0,0,0,0,0,0,0,0,0,0,0,0,0,0,0,0,0,0,65477,0,0,0,65,234,286211,0,0,0,65548
71,0,7,0,0,0,0,0,812825,0,0,0,0,102,65632,0,0,0,0,0,0,0,0,0,0,0,0,0,0,0,0,0,0,0,65502,214,0,0,0,172,0,0,114675,0,65478
71,0,8,0,0,0,0,0,812825,0,0,0,0,43,0,0,0,0,0,0,0,0,0,0,0,0,0,0,0,0,0,0,0,0,0,0,0,37,0,111,0,0,0,0,0
72,0,0,0,0,0,0,0,1625581,0,0,388,393312,116,0,0,0,0,0,2562,0,0,0,0,0,0,0,0,388,388,0,261338,0,522150,393312,0,324,0,116,238,0,0,0,0,1098231
72,0,1,0,0,0,0,0,812791,2562,0,0,0,843,0,0,0,0,0,2562,0,0,0,0,0,0,0,0,0,196,0,130705,0,130720,0,0,126,121,100,1404,0,0,65399,0,0
72,0,2,0,0,0,0,0,812791,0,0,0,0,65,65632,0,0,0,0,0,0,0,0,0,0,0,0,0,0,0,0,65416,0,0,65492,0,204,54,0,151,0,0,143,0,65570
72,0,3,0,0,0,0,0,812791,0,0,0,0,82,65632,0,0,0,0,0,0,0,0,0,0,0,0,0,0,0,0,65380,0,0,65479,0,43,0,57,124,491885,0,0,0,65511
72,0,4,0,0,0,0,0,812791,0,0,0,0,94,65632,0,0,0,0,0,0,0,0,0,0,0,0,0,0,0,0,65402,0,0,65488,451,113,0,2,209,0,0,544011,0,65436
72,0,5,0,0,0,0,0,812791,0,0,0,0,101,65632,0,0,0,0,0,0,0,0,0,0,0,0,0,0,0,0,0,0,0,65487,0,23,68,0,138,0,0,147333,0,65500
72,0,6,0,0,0,0,0,812791,0,0,0,0,108,65632,0,0,0,0,0,0,0,0,0,0,0,0,0,0,0,0,0,0,0,65481,0,0,0,61,242,286220,0,0,0,65548
72,0,7,0,0,0,0,0,812791,0,0,0,0,100,65632,0,0,0,0,0,0,0,0,0,0,0,0,0,0,0,0,0,0,0,65504,220,0,0,0,164,0,0,114668,0,65475
72,0,8,0,0,0,0,0,812791,0,0,0,0,43,0,0,0,0,0,0,0,0,0,0,0,0,0,0,0,0,0,0,0,0,0,0,0,37,0,112,0,0,0,0,0
73,0,0,0,0,0,0,0,317621,0,0,18,65540,116,0,0,0,0,0,1977,0,0,0,0,0,0,0,0,18,18,0,0,0,130894,65540,0,196,0,116,238,0,0,0,0,65560
73,0,1,0,0,0,0,0,158811,1977,0,0,0,583,0,0,0,0,0,1977,0,0,0,0,0,0,0,0,0,5,0,0,0,65486,0,0,84,82,66,976,0,0,65560,0,0
73,0,2,0,0,0,0,0,158811,0,0,0,0,59,65560,0,0,0,0,0,0,0,0,0,0,0,0,0,0,0,0,0,0,0,65517,0,157,49,0,138,0,0,0,0,65560
73,0,3,0,0,0,0,0,158811,0,0,0,0,46,0,0,0,0,0,0,0,0,0,0,0,0,0,0,0,0,0,0,0,0,0,0,21,0,46,70,0,0,0,0,0
73,0,4,0,0,0,0,0,158811,0,0,0,0,46,0,0,0,0,0,0,0,0,0,0,0,0,0,0,0,0,0,0,0,0,0,264,54,0,0,104,0,0,0,0,0
73,0,5,0,0,0,0,0,158811,0,0,0,0,49,0,0,0,0,0,0,0,0,0,0,0,0,0,0,0,0,0,0,0,0,0,0,22,43,0,55,0,0,0,0,0
73,0,6,0,0,0,0,0,158811,0,0,0,0,55,0,0,0,0,0,0,0,0,0,0,0,0,0,0,0,0,0,0,0,0,0,0,0,0,37,132,0,0,0,0,0
73,0,7,0,0,0,0,0,158811,0,0,0,0,49,0,0,0,0,0,0,0,0,0,0,0,0,0,0,0,0,0,0,0,0,0,141,0,0,0,93,0,0,0,0,0
73,0,8,0,0,0,0,0,158811,0,0,0,0,43,0,0,0,0,0,0,0,0,0,0,0,0,0,0,0,0,0,0,0,0,0,0,0,37,0,108,0,0,0,0,0
74,0,0,0,0,0,0,0,317666,0,0,18,65540,116,0,0,0,0,0,1977,0,0,0,0,0,0,0,0,18,18,0,0,0,130892,65540,0,196,0,116,238,0,0,0,0,65560
74,0,1,0,0,0,0,0,158833,1977,0,0,0,582,0,0,0,0,0,1977,0,0,0,0,0,0,0,0,0,6,0,0,0,65483,0,0,84,82,67,974,0,0,65560,0,0
74,0,2,0,0,0,0,0,158833,0,0,0,0,59,65560,0,0,0,0,0,0,0,0,0,0,0,0,0,0,0,0,0,0,0,65519,0,156,50,0,137,0,0,0,0,65560
74,0,3,0,0,0,0,0,158833,0,0,0,0,46,0,0,0,0,0,0,0,0,0,0,0,0,0,0,0,0,0,0,0,0,0,0,21,0,46,70,0,0,0,0,0
74,0,4,0,0,0,0,0,158833,0,0,0,0,46,0,0,0,0,0,0,0,0,0,0,0,0,0,0,0,0,0,0,0,0,0,264,54,0,0,104,0,0,0,0,0
74,0,5,0,0,0,0,0,158833,0,0,0,0,49,0,0,0,0,0,0,0,0,0,0,0,0,0,0,0,0,0,0,0,0,0,0,23,43,0,55,0,0,0,0,0
74,0,6,0,0,0,0,0,158833,0,0,0,0,55,0,0,0,0,0,0,0,0,0,0,0,0,0,0,0,0,0,0,0,0,0,0,0,0,37,132,0,0,0,0,0
74,0,7,0,0,0,0,0,158833,0,0,0,0,49,0,0,0,0,0,0,0,0,0,0,0,0,0,0,0,0,0,0,0,0,0,141,0,0,0,93,0,0,0,0,0
74,0,8,0,0,0,0,0,158833,0,0,0,0,43,0,0,0,0,0,0,0,0,0,0,0,0,0,0,0,0,0,0,0,0,0,0,0,37,0,107,0,0,0,0,0
75,0,0,0,0,0,0,0,317613,0,0,18,65540,116,0,0,0,0,0,1977,0,0,0,0,0,0,0,0,18,18,0,0,0,130892,65540,0,196,0,116,238,0,0,0,0,65560
75,0,1,0,0,0,0,0,158807,1977,0,0,0,584,0,0,0,0,0,1977,0,0,0,0,0,0,0,0,0,5,0,0,0,65484,0,0,84,82,65,978,0,0,65560,0,0
75,0,2,0,0,0,0,0,158807,0,0,0,0,60,65560,0,0,0,0,0,0,0,0,0,0,0,0,0,0,0,0,0,0,0,65519,0,157,48,0,140,0,0,0,0,65560
75,0,3,0,0,0,0,0,158807,0,0,0,0,46,0,0,0,0,0,0,0,0,0,0,0,0,0,0,0,0,0,0,0,0,0,0,21,0,46,70,0,0,0,0,0
75,0,4,0,0,0,0,0,158807,0,0,0,0,46,0,0,0,0,0,0,0,0,0,0,0,0,0,0,0,0,0,0,0,0,0,264,54,0,0,104,0,0,0,0,0
75,0,5,0,0,0,0,0,158807,0,0,0,0,49,0,0,0,0,0,0,0,0,0,0,0,0,0,0,0,0,0,0,0,0,0,0,22,43,0,55,0,0,0,0,0
75,0,6,0,0,0,0,0,158807,0,0,0,0,55,0,0,0,0,0,0,0,0,0,0,0,0,0,0,0,0,0,0,0,0,0,0,0,0,37,132,0,0,0,0,0
75,0,7,0,0,0,0,0,158807,0,0,0,0,49,0,0,0,0,0,0,0,0,0,0,0,0,0,0,0,0,0,0,0,0,0,141,0,0,0,93,0,0,0,0,0
75,0,8,0,0,0,0,0,158807,0,0,0,0,43,0,0,0,0,0,0,0,0,0,0,0,0,0,0,0,0,0,0,0,0,0,0,0,37,0,108,0,0,0,0,0
76,0,0,0,0,0,0,0,579551,0,0,34,131080,116,0,0,0,0,0,2004,0,0,0,0,0,0,0,0,34,34,0,130883,0,130905,131080,0,215,0,116,238,0,0,0,0,229145
76,0,1,0,0,0,0,0,289776,2004,0,0,0,592,0,0,0,0,0,2004,0,0,0,0,0,0,0,0,0,14,0,0,0,65489,0,0,84,89,67,989,0,0,65518,0,0
76,0,2,0,0,0,0,0,289776,0,0,0,0,58,65560,0,0,0,0,0,0,0,0,0,0,0,0,0,0,0,0,0,0,0,65520,0,157,48,0,134,0,0,24,0,65548
76,0,3,0,0,0,0,0,289776,0,0,0,0,58,65560,0,0,0,0,0,0,0,0,0,0,0,0,0,0,0,0,0,0,0,65499,0,21,0,51,90,24,0,0,0,65548
76,0,4,0,0,0,0,0,289776,0,0,0,0,46,0,0,0,0,0,0,0,0,0,0,0,0,0,0,0,0,0,0,0,0,0,275,54,0,1,104,0,0,0,0,0
76,0,5,0,0,0,0,0,289776,0,0,0,0,49,0,0,0,0,0,0,0,0,0,0,0,0,0,0,0,0,0,0,0,0,0,0,22,43,0,55,0,0,0,0,0
76,0,6,0,0,0,0,0,289776,0,0,0,0,55,0,0,0,0,0,0,0,0,0,0,0,0,0,0,0,0,0,0,0,0,0,0,0,0,37,132,0,0,0,0,0
76,0,7,0,0,0,0,0,289776,0,0,0,0,49,0,0,0,0,0,0,0,0,0,0,0,0,0,0,0,0,0,0,0,0,0,141,0,0,0,93,0,0,0,0,0
76,0,8,0,0,0,0,0,289776,0,0,0,0,43,0,0,0,0,0,0,0,0,0,0,0,0,0,0,0,0,0,0,0,0,0,0,0,37,0,109,0,0,0,0,0
77,0,0,0,0,0,0,0,579466,0,0,34,131080,116,0,0,0,0,0,2007,0,0,0,0,0,0,0,0,34,34,0,130945,0,130928,131080,0,215,0,116,238,0,0,0,0,229136
77,0,1,0,0,0,0,0,289733,2007,0,0,0,593,0,0,0,0,0,2007,0,0,0,0,0,0,0,0,0,16,0,0,0,65495,0,0,84,88,67,990,0,0,65516,0,0
77,0,2,0,0,0,0,0,289733,0,0,0,0,57,65560,0,0,0,0,0,0,0,0,0,0,0,0,0,0,0,0,0,0,0,65522,0,157,49,0,133,0,0,26,0,65548
77,0,3,0,0,0,0,0,289733,0,0,0,0,56,65560,0,0,0,0,0,0,0,0,0,0,0,0,0,0,0,0,0,0,0,65515,0,21,0,53,87,24,0,0,0,65548
77,0,4,0,0,0,0,0,289733,0,0,0,0,46,0,0,0,0,0,0,0,0,0,0,0,0,0,0,0,0,0,0,0,0,0,274,54,0,0,104,0,0,0,0,0
77,0,5,0,0,0,0,0,289733,0,0,0,0,49,0,0,0,0,0,0,0,0,0,0,0,0,0,0,0,0,0,0,0,0,0,0,23,43,0,55,0,0,0,0,0
77,0,6,0,0,0,0,0,289733,0,0,0,0,55,0,0,0,0,0,0,0,0,0,0,0,0,0,0,0,0,0,0,0,0,0,0,0,0,37,132,0,0,0,0,0
77,0,7,0,0,0,0,0,289733,0,0,0,0,49,0,0,0,0,0,0,0,0,0,0,0,0,0,0,0,0,0,0,0,0,0,141,0,0,0,93,0,0,0,0,0
77,0,8,0,0,0,0,0,289733,0,0,0,0,43,0,0,0,0,0,0,0,0,0,0,0,0,0,0,0,0,0,0,0,0,0,0,0,37,0,108,0,0,0,0,0
78,0,0,0,0,0,0,0,579494,0,0,34,131080,116,0,0,0,0,0,2004,0,0,0,0,0,0,0,0,34,34,0,130911,0,130916,131080,0,215,0,116,238,0,0,0,0,229166
78,0,1,0,0,0,0,0,289747,2004,0,0,0,594,0,0,0,0,0,2004,0,0,0,0,0,0,0,0,0,15,0,0,0,65493,0,0,84,87,67,988,0,0,65513,0,0
78,0,2,0,0,0,0,0,289747,0,0,0,0,59,65560,0,0,0,0,0,0,0,0,0,0,0,0,0,0,0,0,0,0,0,65522,0,156,48,0,135,0,0,29,0,65544
78,0,3,0,0,0,0,0,289747,0,0,0,0,60,65560,0,0,0,0,0,0,0,0,0,0,0,0,0,0,0,0,0,0,0,65506,0,21,0,49,89,28,0,0,0,65548
78,0,4,0,0,0,0,0,289747,0,0,0,0,46,0,0,0,0,0,0,0,0,0,0,0,0,0,0,0,0,0,0,0,0,0,278,54,0,0,104,0,0,0,0,0
78,0,5,0,0,0,0,0,289747,0,0,0,0,49,0,0,0,0,0,0,0,0,0,0,0,0,0,0,0,0,0,0,0,0,0,0,24,43,0,55,0,0,0,0,0
78,0,6,0,0,0,0,0,289747,0,0,0,0,55,0,0,0,0,0,0,0,0,0,0,0,0,0,0,0,0,0,0,0,0,0,0,0,0,37,132,0,0,0,0,0
78,0,7,0,0,0,0,0,289747,0,0,0,0,49,0,0,0,0,0,0,0,0,0,0,0,0,0,0,0,0,0,0,0,0,0,141,0,0,0,93,0,0,0,0,0
78,0,8,0,0,0,0,0,289747,0,0,0,0,43,0,0,0,0,0,0,0,0,0,0,0,0,0,0,0,0,0,0,0,0,0,0,0,37,0,107,0,0,0,0,0
79,0,0,0,0,0,0,0,1103539,0,0,66,262160,116,0,0,0,0,0,2067,0,0,0,0,0,0,0,0,66,66,0,130859,0,392545,262160,0,213,0,116,238,0,0,0,0,622402
79,0,1,0,0,0,0,0,551770,2067,0,0,0,650,0,0,0,0,0,2067,0,0,0,0,0,0,0,0,0,31,0,65474,0,130915,0,0,92,75,49,1058,0,0,65516,0,0
79,0,2,0,0,0,0,0,551770,0,0,0,0,51,65560,0,0,0,0,0,0,0,0,0,0,0,0,0,0,0,0,65479,0,0,65512,0,183,50,0,133,0,0,26,0,65548
79,0,3,0,0,0,0,0,551770,0,0,0,0,58,65560,0,0,0,0,0,0,0,0,0,0,0,0,0,0,0,0,0,0,0,65494,0,7,0,49,78,229467,0,0,0,65537
79,0,4,0,0,0,0,0,551770,0,0,0,0,61,65560,0,0,0,0,0,0,0,0,0,0,0,0,0,0,0,0,0,0,0,65517,290,53,0,1,133,0,0,212974,0,65532
79,0,5,0,0,0,0,0,551770,0,0,0,0,60,65560,0,0,0,0,0,0,0,0,0,0,0,0,0,0,0,0,0,0,0,65514,0,11,50,0,74,0,0,49173,0,65533
79,0,6,0,0,0,0,0,551770,0,0,0,0,55,0,0,0,0,0,0,0,0,0,0,0,0,0,0,0,0,0,0,0,0,0,0,0,0,37,146,0,0,0,0,0
79,0,7,0,0,0,0,0,551770,0,0,0,0,49,0,0,0,0,0,0,0,0,0,0,0,0,0,0,0,0,0,0,0,0,0,141,0,0,0,94,0,0,0,0,0
79,0,8,0,0,0,0,0,551770,0,0,0,0,43,0,0,0,0,0,0,0,0,0,0,0,0,0,0,0,0,0,0,0,0,0,0,0,37,0,122,0,0,0,0,0
80,0,0,0,0,0,0,0,1103573,0,0,66,262160,116,0,0,0,0,0,2064,0,0,0,0,0,0,0,0,66,66,0,130888,0,392593,262160,0,213,0,116,238,0,0,0,0,622472
80,0,1,0,0,0,0,0,551787,2064,0,0,0,654,0,0,0,0,0,2064,0,0,0,0,0,0,0,0,0,29,0,65471,0,130940,0,0,88,76,48,1061,0,0,65516,0,0
80,0,2,0,0,0,0,0,551787,0,0,0,0,50,65560,0,0,0,0,0,0,0,0,0,0,0,0,0,0,0,0,65484,0,0,65522,0,184,50,0,133,0,0,26,0,65548
80,0,3,0,0,0,0,0,551787,0,0,0,0,58,65560,0,0,0,0,0,0,0,0,0,0,0,0,0,0,0,0,0,0,0,65502,0,7,0,49,79,229487,0,0,0,65537
80,0,4,0,0,0,0,0,551787,0,0,0,0,61,65560,0,0,0,0,0,0,0,0,0,0,0,0,0,0,0,0,0,0,0,65518,291,53,0,2,137,0,0,212990,0,65533
80,0,5,0,0,0,0,0,551787,0,0,0,0,62,65560,0,0,0,0,0,0,0,0,0,0,0,0,0,0,0,0,0,0,0,65520,0,9,48,0,76,0,0,49193,0,65533
80,0,6,0,0,0,0,0,551787,0,0,0,0,55,0,0,0,0,0,0,0,0,0,0,0,0,0,0,0,0,0,0,0,0,0,0,0,0,37,146,0,0,0,0,0
80,0,7,0,0,0,0,0,551787,0,0,0,0,49,0,0,0,0,0,0,0,0,0,0,0,0,0,0,0,0,0,0,0,0,0,141,0,0,0,94,0,0,0,0,0
80,0,8,0,0,0,0,0,551787,0,0,0,0,43,0,0,0,0,0,0,0,0,0,0,0,0,0,0,0,0,0,0,0,0,0,0,0,37,0,124,0,0,0,0,0
81,0,0,0,0,0,0,0,1103496,0,0,66,262160,116,0,0,0,0,0,2064,0,0,0,0,0,0,0,0,66,66,0,130905,0,392514,262160,0,213,0,116,238,0,0,0,0,622404
81,0,1,0,0,0,0,0,551748,2064,0,0,0,652,0,0,0,0,0,2064,0,0,0,0,0,0,0,0,0,31,0,65466,0,130921,0,0,90,76,48,1059,0,0,65516,0,0
81,0,2,0,0,0,0,0,551748,0,0,0,0,51,65560,0,0,0,0,0,0,0,0,0,0,0,0,0,0,0,0,65476,0,0,65519,0,184,50,0,133,0,0,26,0,65548
81,0,3,0,0,0,0,0,551748,0,0,0,0,58,65560,0,0,0,0,0,0,0,0,0,0,0,0,0,0,0,0,0,0,0,65501,0,7,0,49,78,229465,0,0,0,65537
81,0,4,0,0,0,0,0,551748,0,0,0,0,59,65560,0,0,0,0,0,0,0,0,0,0,0,0,0,0,0,0,0,0,0,65516,291,53,0,2,133,0,0,212969,0,65533
81,0,5,0,0,0,0,0,551748,0,0,0,0,61,65560,0,0,0,0,0,0,0,0,0,0,0,0,0,0,0,0,0,0,0,65515,0,9,50,0,74,0,0,49173,0,65533
81,0,6,0,0,0,0,0,551748,0,0,0,0,55,0,0,0,0,0,0,0,0,0,0,0,0,0,0,0,0,0,0,0,0,0,0,0,0,37,146,0,0,0,0,0
81,0,7,0,0,0,0,0,551748,0,0,0,0,49,0,0,0,0,0,0,0,0,0,0,0,0,0,0,0,0,0,0,0,0,0,141,0,0,0,94,0,0,0,0,0
81,0,8,0,0,0,0,0,551748,0,0,0,0,43,0,0,0,0,0,0,0,0,0,0,0,0,0,0,0,0,0,0,0,0,0,0,0,37,0,124,0,0,0,0,0
82,0,0,0,0,0,0,0,1627819,0,0,100,393240,116,0,0,0,0,0,2130,0,0,0,0,0,0,0,0,100,100,0,261738,0,523437,393240,0,230,0,116,238,0,0,0,0,1048797
82,0,1,0,0,0,0,0,813910,2130,0,0,0,643,0,0,0,0,0,2130,0,0,0,0,0,0,0,0,0,49,0,130943,0,130926,0,0,95,92,72,1064,0,0,65511,0,0
82,0,2,0,0,0,0,0,813910,0,0,0,0,52,65560,0,0,0,0,0,0,0,0,0,0,0,0,0,0,0,0,65484,0,0,65518,0,170,46,0,123,0,0,31,0,65547
82,0,3,0,0,0,0,0,813910,0,0,0,0,51,65560,0,0,0,0,0,0,0,0,0,0,0,0,0,0,0,0,65469,0,0,65500,0,27,0,52,80,442522,0,0,0,65535
82,0,4,0,0,0,0,0,813910,0,0,0,0,59,65560,0,0,0,0,0,0,0,0,0,0,0,0,0,0,0,0,65497,0,0,65515,311,68,0,0,134,0,0,507784,0,65512
82,0,5,0,0,0,0,0,813910,0,0,0,0,67,65560,0,0,0,0,0,0,0,0,0,0,0,0,0,0,0,0,0,0,0,65519,0,24,44,0,81,0,0,147454,0,65521
82,0,6,0,0,0,0,0,813910,0,0,0,0,66,65560,0,0,0,0,0,0,0,0,0,0,0,0,0,0,0,0,0,0,0,65510,0,0,0,45,158,212892,0,0,0,65536
82,0,7,0,0,0,0,0,813910,0,0,0,0,61,65560,0,0,0,0,0,0,0,0,0,0,0,0,0,0,0,0,0,0,0,65528,158,0,0,1,112,0,0,98300,0,65526
82,0,8,0,0,0,0,0,813910,0,0,0,0,43,0,0,0,0,0,0,0,0,0,0,0,0,0,0,0,0,0,0,0,0,0,0,0,37,0,110,0,0,0,0,0
83,0,0,0,0,0,0,0,1627894,0,0,100,393240,116,0,0,0,0,0,2130,0,0,0,0,0,0,0,0,100,100,0,261783,0,523366,393240,0,230,0,116,238,0,0,0,0,1048838
83,0,1,0,0,0,0,0,813947,2130,0,0,0,644,0,0,0,0,0,2130,0,0,0,0,0,0,0,0,0,52,0,130945,0,130907,0,0,97,93,68,1067,0,0,65511,0,0
83,0,2,0,0,0,0,0,813947,0,0,0,0,54,65560,0,0,0,0,0,0,0,0,0,0,0,0,0,0,0,0,65477,0,0,65514,0,172,45,0,126,0,0,31,0,65547
83,0,3,0,0,0,0,0,813947,0,0,0,0,56,65560,0,0,0,0,0,0,0,0,0,0,0,0,0,0,0,0,65475,0,0,65503,0,28,0,47,84,442538,0,0,0,65531
83,0,4,0,0,0,0,0,813947,0,0,0,0,58,65560,0,0,0,0,0,0,0,0,0,0,0,0,0,0,0,0,65485,0,0,65518,310,70,0,1,129,0,0,507781,0,65511
83,0,5,0,0,0,0,0,813947,0,0,0,0,61,65560,0,0,0,0,0,0,0,0,0,0,0,0,0,0,0,0,0,0,0,65513,0,24,50,0,72,0,0,147433,0,65528
83,0,6,0,0,0,0,0,813947,0,0,0,0,67,65560,0,0,0,0,0,0,0,0,0,0,0,0,0,0,0,0,0,0,0,65515,0,0,0,44,158,212887,0,0,0,65540
83,0,7,0,0,0,0,0,813947,0,0,0,0,62,65560,0,0,0,0,0,0,0,0,0,0,0,0,0,0,0,0,0,0,0,65524,158,0,0,1,111,0,0,98292,0,65526
83,0,8,0,0,0,0,0,813947,0,0,0,0,43,0,0,0,0,0,0,0,0,0,0,0,0,0,0,0,0,0,0,0,0,0,0,0,37,0,110,0,0,0,0,0
84,0,0,0,0,0,0,0,1627818,0,0,100,393240,116,0,0,0,0,0,2130,0,0,0,0,0,0,0,0,100,100,0,261676,0,523445,393240,0,230,0,116,238,0,0,0,0,1048798
84,0,1,0,0,0,0,0,813909,2130,0,0,0,641,0,0,0,0,0,2130,0,0,0,0,0,0,0,0,0,49,0,130939,0,130938,0,0,98,91,72,1066,0,0,65511,0,0
84,0,2,0,0,0,0,0,813909,0,0,0,0,53,65560,0,0,0,0,0,0,0,0,0,0,0,0,0,0,0,0,65491,0,0,65516,0,170,45,0,124,0,0,31,0,65547
84,0,3,0,0,0,0,0,813909,0,0,0,0,53,65560,0,0,0,0,0,0,0,0,0,0,0,0,0,0,0,0,65447,0,0,65496,0,27,0,50,81,442526,0,0,0,65535
84,0,4,0,0,0,0,0,813909,0,0,0,0,58,65560,0,0,0,0,0,0,0,0,0,0,0,0,0,0,0,0,65496,0,0,65514,308,68,0,1,130,0,0,507791,0,65511
84,0,5,0,0,0,0,0,813909,0,0,0,0,63,65560,0,0,0,0,0,0,0,0,0,0,0,0,0,0,0,0,0,0,0,65519,0,23,48,0,77,0,0,147454,0,65524
84,0,6,0,0,0,0,0,813909,0,0,0,0,69,65560,0,0,0,0,0,0,0,0,0,0,0,0,0,0,0,0,0,0,0,65504,0,0,0,42,161,212886,0,0,0,65536
84,0,7,0,0,0,0,0,813909,0,0,0,0,64,65560,0,0,0,0,0,0,0,0,0,0,0,0,0,0,0,0,0,0,0,65528,159,0,0,0,115,0,0,98298,0,65525
84,0,8,0,0,0,0,0,813909,0,0,0,0,43,0,0,0,0,0,0,0,0,0,0,0,0,0,0,0,0,0,0,0,0,0,0,0,37,0,112,0,0,0,0,0
85,0,0,0,0,0,0,0,962044,0,0,6706,73728,116,0,0,0,0,0,12009,0,0,0,0,0,0,0,0,6706,6706,0,0,0,73728,73728,0,196,0,116,238,0,0,0,0,24576
85,0,1,0,0,0,0,0,481022,12009,0,0,0,4485,0,0,0,0,0,12009,0,0,0,0,0,0,0,0,0,771,0,0,0,39471,0,0,84,81,2853,8779,0,0,24576,0,0
85,0,2,0,0,0,0,0,481022,0,0,0,0,3961,24576,0,0,0,0,0,0,0,0,0,0,0,0,0,0,0,0,0,0,0,34257,0,156,2836,0,7941,0,0,0,0,24576
85,0,3,0,0,0,0,0,481022,0,0,0,0,46,0,0,0,0,0,0,0,0,0,0,0,0,0,0,0,0,0,0,0,0,0,0,21,0,46,70,0,0,0,0,0
85,0,4,0,0,0,0,0,481022,0,0,0,0,46,0,0,0,0,0,0,0,0,0,0,0,0,0,0,0,0,0,0,0,0,0,264,54,0,0,104,0,0,0,0,0
85,0,5,0,0,0,0,0,481022,0,0,0,0,49,0,0,0,0,0,0,0,0,0,0,0,0,0,0,0,0,0,0,0,0,0,0,23,43,0,55,0,0,0,0,0
85,0,6,0,0,0,0,0,481022,0,0,0,0,55,0,0,0,0,0,0,0,0,0,0,0,0,0,0,0,0,0,0,0,0,0,0,0,0,37,132,0,0,0,0,0
85,0,7,0,0,0,0,0,481022,0,0,0,0,49,0,0,0,0,0,0,0,0,0,0,0,0,0,0,0,0,0,0,0,0,0,141,0,0,0,93,0,0,0,0,0
85,0,8,0,0,0,0,0,481022,0,0,0,0,43,0,0,0,0,0,0,0,0,0,0,0,0,0,0,0,0,0,0,0,0,0,0,0,37,0,107,0,0,0,0,0
86,0,0,0,0,0,0,0,962095,0,0,6706,73728,116,0,0,0,0,0,12009,0,0,0,0,0,0,0,0,6706,6706,0,0,0,73728,73728,0,196,0,116,238,0,0,0,0,24576
86,0,1,0,0,0,0,0,481047,12009,0,0,0,4481,0,0,0,0,0,12009,0,0,0,0,0,0,0,0,0,767,0,0,0,39471,0,0,84,82,2856,8775,0,0,24576,0,0
86,0,2,0,0,0,0,0,481047,0,0,0,0,3960,24576,0,0,0,0,0,0,0,0,0,0,0,0,0,0,0,0,0,0,0,34257,0,157,2836,0,7937,0,0,0,0,24576
86,0,3,0,0,0,0,0,481047,0,0,0,0,46,0,0,0,0,0,0,0,0,0,0,0,0,0,0,0,0,0,0,0,0,0,0,21,0,46,70,0,0,0,0,0
86,0,4,0,0,0,0,0,481047,0,0,0,0,46,0,0,0,0,0,0,0,0,0,0,0,0,0,0,0,0,0,0,0,0,0,264,54,0,0,104,0,0,0,0,0
86,0,5,0,0,0,0,0,481047,0,0,0,0,49,0,0,0,0,0,0,0,0,0,0,0,0,0,0,0,0,0,0,0,0,0,0,22,43,0,55,0,0,0,0,0
86,0,6,0,0,0,0,0,481047,0,0,0,0,55,0,0,0,0,0,0,0,0,0,0,0,0,0,0,0,0,0,0,0,0,0,0,0,0,37,132,0,0,0,0,0
86,0,7,0,0,0,0,0,481047,0,0,0,0,49,0,0,0,0,0,0,0,0,0,0,0,0,0,0,0,0,0,0,0,0,0,141,0,0,0,93,0,0,0,0,0
86,0,8,0,0,0,0,0,481047,0,0,0,0,43,0,0,0,0,0,0,0,0,0,0,0,0,0,0,0,0,0,0,0,0,0,0,0,37,0,108,0,0,0,0,0
87,0,0,0,0,0,0,0,962051,0,0,6706,73728,116,0,0,0,0,0,12009,0,0,0,0,0,0,0,0,6706,6706,0,0,0,73728,73728,0,196,0,116,238,0,0,0,0,24576
87,0,1,0,0,0,0,0,481026,12009,0,0,0,4486,0,0,0,0,0,12009,0,0,0,0,0,0,0,0,0,769,0,0,0,39471,0,0,84,82,2851,8782,0,0,24576,0,0
87,0,2,0,0,0,0,0,481026,0,0,0,0,3963,24576,0,0,0,0,0,0,0,0,0,0,0,0,0,0,0,0,0,0,0,34257,0,156,2834,0,7945,0,0,0,0,24576
87,0,3,0,0,0,0,0,481026,0,0,0,0,46,0,0,0,0,0,0,0,0,0,0,0,0,0,0,0,0,0,0,0,0,0,0,21,0,46,70,0,0,0,0,0
87,0,4,0,0,0,0,0,481026,0,0,0,0,46,0,0,0,0,0,0,0,0,0,0,0,0,0,0,0,0,0,0,0,0,0,264,54,0,0,104,0,0,0,0,0
87,0,5,0,0,0,0,0,481026,0,0,0,0,49,0,0,0,0,0,0,0,0,0,0,0,0,0,0,0,0,0,0,0,0,0,0,23,43,0,55,0,0,0,0,0
87,0,6,0,0,0,0,0,481026,0,0,0,0,55,0,0,0,0,0,0,0,0,0,0,0,0,0,0,0,0,0,0,0,0,0,0,0,0,37,132,0,0,0,0,0
87,0,7,0,0,0,0,0,481026,0,0,0,0,49,0,0,0,0,0,0,0,0,0,0,0,0,0,0,0,0,0,0,0,0,0,141,0,0,0,93,0,0,0,0,0
87,0,8,0,0,0,0,0,481026,0,0,0,0,43,0,0,0,0,0,0,0,0,0,0,0,0,0,0,0,0,0,0,0,0,0,0,0,37,0,107,0,0,0,0,0
88,0,0,0,0,0,0,0,1053064,0,0,6560,147456,116,0,0,0,0,0,11793,0,0,0,0,0,0,0,0,6560,6560,0,73728,0,73728,147456,0,3477,0,116,238,0,0,0,0,49152
88,0,1,0,0,0,0,0,526532,11793,0,0,0,5489,0,0,0,0,0,11793,0,0,0,0,0,0,0,0,0,4915,0,0,0,40116,0,0,84,903,882,9150,0,0,24576,0,0
88,0,2,0,0,0,0,0,526532,0,0,0,0,2508,24576,0,0,0,0,0,0,0,0,0,0,0,0,0,0,0,0,0,0,0,33612,0,156,863,0,5033,0,0,0,0,24576
88,0,3,0,0,0,0,0,526532,0,0,0,0,2505,24576,0,0,0,0,0,0,0,0,0,0,0,0,0,0,0,0,0,0,0,33639,0,21,0,866,3350,0,0,0,0,24576
88,0,4,0,0,0,0,0,526532,0,0,0,0,46,0,0,0,0,0,0,0,0,0,0,0,0,0,0,0,0,0,0,0,0,0,2722,54,0,1,104,0,0,0,0,0
88,0,5,0,0,0,0,0,526532,0,0,0,0,49,0,0,0,0,0,0,0,0,0,0,0,0,0,0,0,0,0,0,0,0,0,0,23,43,0,55,0,0,0,0,0
88,0,6,0,0,0,0,0,526532,0,0,0,0,55,0,0,0,0,0,0,0,0,0,0,0,0,0,0,0,0,0,0,0,0,0,0,0,0,37,132,0,0,0,0,0
88,0,7,0,0,0,0,0,526532,0,0,0,0,49,0,0,0,0,0,0,0,0,0,0,0,0,0,0,0,0,0,0,0,0,0,141,0,0,0,93,0,0,0,0,0
88,0,8,0,0,0,0,0,526532,0,0,0,0,43,0,0,0,0,0,0,0,0,0,0,0,0,0,0,0,0,0,0,0,0,0,0,0,37,0,108,0,0,0,0,0
89,0,0,0,0,0,0,0,1052891,0,0,6560,147456,116,0,0,0,0,0,11796,0,0,0,0,0,0,0,0,6560,6560,0,73728,0,73728,147456,0,3477,0,116,238,0,0,0,0,49152
89,0,1,0,0,0,0,0,526446,11796,0,0,0,5496,0,0,0,0,0,11796,0,0,0,0,0,0,0,0,0,3277,0,0,0,40934,0,0,84,899,879,9121,0,0,24576,0,0
89,0,2,0,0,0,0,0,526446,0,0,0,0,2467,24576,0,0,0,0,0,0,0,0,0,0,0,0,0,0,0,0,0,0,0,32794,0,157,903,0,4995,0,0,0,0,24576
89,0,3,0,0,0,0,0,526446,0,0,0,0,2500,24576,0,0,0,0,0,0,0,0,0,0,0,0,0,0,0,0,0,0,0,32821,0,21,0,871,3343,0,0,0,0,24576
89,0,4,0,0,0,0,0,526446,0,0,0,0,46,0,0,0,0,0,0,0,0,0,0,0,0,0,0,0,0,0,0,0,0,0,2718,54,0,0,104,0,0,0,0,0
89,0,5,0,0,0,0,0,526446,0,0,0,0,49,0,0,0,0,0,0,0,0,0,0,0,0,0,0,0,0,0,0,0,0,0,0,23,43,0,55,0,0,0,0,0
89,0,6,0,0,0,0,0,526446,0,0,0,0,55,0,0,0,0,0,0,0,0,0,0,0,0,0,0,0,0,0,0,0,0,0,0,0,0,37,132,0,0,0,0,0
89,0,7,0,0,0,0,0,526446,0,0,0,0,49,0,0,0,0,0,0,0,0,0,0,0,0,0,0,0,0,0,0,0,0,0,141,0,0,0,93,0,0,0,0,0
89,0,8,0,0,0,0,0,526446,0,0,0,0,43,0,0,0,0,0,0,0,0,0,0,0,0,0,0,0,0,0,0,0,0,0,0,0,37,0,108,0,0,0,0,0
90,0,0,0,0,0,0,0,1053058,0,0,6560,147456,116,0,0,0,0,0,11793,0,0,0,0,0,0,0,0,6560,6560,0,73728,0,73728,147456,0,3477,0,116,238,0,0,0,0,49152
90,0,1,0,0,0,0,0,526529,11793,0,0,0,5526,0,0,0,0,0,11793,0,0,0,0,0,0,0,0,0,3279,0,0,0,40933,0,0,83,891,858,9223,0,0,24576,0,0
90,0,2,0,0,0,0,0,526529,0,0,0,0,2505,24576,0,0,0,0,0,0,0,0,0,0,0,0,0,0,0,0,0,0,0,32795,0,172,865,0,5039,0,0,0,0,24576
90,0,3,0,0,0,0,0,526529,0,0,0,0,2470,24576,0,0,0,0,0,0,0,0,0,0,0,0,0,0,0,0,0,0,0,32820,0,7,0,901,3305,0,0,0,0,24576
90,0,4,0,0,0,0,0,526529,0,0,0,0,49,0,0,0,0,0,0,0,0,0,0,0,0,0,0,0,0,0,0,0,0,0,2684,53,0,1,109,0,0,0,0,0
90,0,5,0,0,0,0,0,526529,0,0,0,0,49,0,0,0,0,0,0,0,0,0,0,0,0,0,0,0,0,0,0,0,0,0,0,8,43,0,54,0,0,0,0,0
90,0,6,0,0,0,0,0,526529,0,0,0,0,55,0,0,0,0,0,0,0,0,0,0,0,0,0,0,0,0,0,0,0,0,0,0,0,0,37,146,0,0,0,0,0
90,0,7,0,0,0,0,0,526529,0,0,0,0,49,0,0,0,0,0,0,0,0,0,0,0,0,0,0,0,0,0,0,0,0,0,141,0,0,0,94,0,0,0,0,0
90,0,8,0,0,0,0,0,526529,0,0,0,0,43,0,0,0,0,0,0,0,0,0,0,0,0,0,0,0,0,0,0,0,0,0,0,0,37,0,123,0,0,0,0,0
91,0,0,0,0,0,0,0,1654333,0,0,11408,294912,116,0,0,0,0,0,19080,0,0,0,0,0,0,0,0,11408,11408,0,73728,0,221184,294912,0,3049,0,116,238,0,0,0,0,98304
91,0,1,0,0,0,0,0,827167,19080,0,0,0,8161,0,0,0,0,0,19080,0,0,0,0,0,0,0,0,0,5799,0,36990,0,73809,0,0,1051,1072,1924,13686,0,0,24576,0,0
91,0,2,0,0,0,0,0,827167,0,0,0,0,1786,24576,0,0,0,0,0,0,0,0,0,0,0,0,0,0,0,0,36753,0,0,36894,0,1999,1157,0,3851,0,0,0,0,24576
91,0,3,0,0,0,0,0,827167,0,0,0,0,2204,24576,0,0,0,0,0,0,0,0,0,0,0,0,0,0,0,0,0,0,0,36769,0,21,0,739,3218,24576,0,0,0,24576
91,0,4,0,0,0,0,0,827167,0,0,0,0,1875,24576,0,0,0,0,0,0,0,0,0,0,0,0,0,0,0,0,0,0,0,36738,5408,54,0,2,3819,0,0,24576,0,24576
91,0,5,0,0,0,0,0,827167,0,0,0,0,2016,24576,0,0,0,0,0,0,0,0,0,0,0,0,0,0,0,0,0,0,0,36975,0,23,927,0,3032,0,0,0,0,24576
91,0,6,0,0,0,0,0,827167,0,0,0,0,55,0,0,0,0,0,0,0,0,0,0,0,0,0,0,0,0,0,0,0,0,0,0,0,0,37,132,0,0,0,0,0
91,0,7,0,0,0,0,0,827167,0,0,0,0,49,0,0,0,0,0,0,0,0,0,0,0,0,0,0,0,0,0,0,0,0,0,141,0,0,0,93,0,0,0,0,0
91,0,8,0,0,0,0,0,827167,0,0,0,0,43,0,0,0,0,0,0,0,0,0,0,0,0,0,0,0,0,0,0,0,0,0,0,0,37,0,110,0,0,0,0,0
92,0,0,0,0,0,0,0,1653899,0,0,11408,294912,116,0,0,0,0,0,19077,0,0,0,0,0,0,0,0,11408,11408,0,73728,0,221184,294912,0,3049,0,116,238,0,0,0,0,98304
92,0,1,0,0,0,0,0,826950,19077,0,0,0,8253,0,0,0,0,0,19077,0,0,0,0,0,0,0,0,0,5680,0,37055,0,73729,0,0,952,1140,1863,13708,0,0,24576,0,0
92,0,2,0,0,0,0,0,826950,0,0,0,0,1773,24576,0,0,0,0,0,0,0,0,0,0,0,0,0,0,0,0,36802,0,0,36925,0,1937,1169,0,3962,0,0,0,0,24576
92,0,3,0,0,0,0,0,826950,0,0,0,0,2205,24576,0,0,0,0,0,0,0,0,0,0,0,0,0,0,0,0,0,0,0,36769,0,7,0,738,3290,24576,0,0,0,24576
92,0,4,0,0,0,0,0,826950,0,0,0,0,1779,24576,0,0,0,0,0,0,0,0,0,0,0,0,0,0,0,0,0,0,0,36673,5466,53,0,1,3823,0,0,24576,0,24576
92,0,5,0,0,0,0,0,826950,0,0,0,0,1976,24576,0,0,0,0,0,0,0,0,0,0,0,0,0,0,0,0,0,0,0,36926,0,9,967,0,3069,0,0,0,0,24576
92,0,6,0,0,0,0,0,826950,0,0,0,0,55,0,0,0,0,0,0,0,0,0,0,0,0,0,0,0,0,0,0,0,0,0,0,0,0,37,146,0,0,0,0,0
92,0,7,0,0,0,0,0,826950,0,0,0,0,49,0,0,0,0,0,0,0,0,0,0,0,0,0,0,0,0,0,0,0,0,0,141,0,0,0,94,0,0,0,0,0
92,0,8,0,0,0,0,0,826950,0,0,0,0,43,0,0,0,0,0,0,0,0,0,0,0,0,0,0,0,0,0,0,0,0,0,0,0,37,0,124,0,0,0,0,0
93,0,0,0,0,0,0,0,1654203,0,0,11520,294912,116,0,0,0,0,0,19248,0,0,0,0,0,0,0,0,11520,11520,0,73728,0,221184,294912,0,3077,0,116,238,0,0,0,0,98304
93,0,1,0,0,0,0,0,827102,19248,0,0,0,8073,0,0,0,0,0,19248,0,0,0,0,0,0,0,0,0,5648,0,37023,0,73672,0,0,1156,997,2094,14056,0,0,24576,0,0
93,0,2,0,0,0,0,0,827102,0,0,0,0,1951,24576,0,0,0,0,0,0,0,0,0,0,0,0,0,0,0,0,36827,0,0,36957,0,1982,1020,0,3919,0,0,0,0,24576
93,0,3,0,0,0,0,0,827102,0,0,0,0,2166,24576,0,0,0,0,0,0,0,0,0,0,0,0,0,0,0,0,0,0,0,36771,0,21,0,805,3105,24576,0,0,0,24576
93,0,4,0,0,0,0,0,827102,0,0,0,0,1942,24576,0,0,0,0,0,0,0,0,0,0,0,0,0,0,0,0,0,0,0,36705,5199,54,0,2,3809,0,0,24576,0,24576
93,0,5,0,0,0,0,0,827102,0,0,0,0,1884,24576,0,0,0,0,0,0,0,0,0,0,0,0,0,0,0,0,0,0,0,36901,0,23,1087,0,2945,0,0,0,0,24576
93,0,6,0,0,0,0,0,827102,0,0,0,0,55,0,0,0,0,0,0,0,0,0,0,0,0,0,0,0,0,0,0,0,0,0,0,0,0,37,132,0,0,0,0,0
93,0,7,0,0,0,0,0,827102,0,0,0,0,49,0,0,0,0,0,0,0,0,0,0,0,0,0,0,0,0,0,0,0,0,0,141,0,0,0,93,0,0,0,0,0
93,0,8,0,0,0,0,0,827102,0,0,0,0,43,0,0,0,0,0,0,0,0,0,0,0,0,0,0,0,0,0,0,0,0,0,0,0,37,0,110,0,0,0,0,0
94,0,0,0,0,0,0,0,2453705,0,0,17170,442368,116,0,0,0,0,0,27734,0,0,0,0,0,0,0,0,17170,17170,0,147456,0,294912,442368,0,5922,0,116,238,0,0,0,0,147456
94,0,1,0,0,0,0,0,1226853,27732,0,0,0,12550,0,0,0,0,0,27732,0,0,0,0,0,0,0,0,0,4093,0,75603,0,71791,0,0,1544,1956,1922,21080,0,0,24576,0,0
94,0,2,0,0,0,0,0,1226853,0,0,0,0,2005,24576,0,0,0,0,0,0,0,0,0,0,0,0,0,0,0,0,37696,0,0,37969,0,1946,948,0,4145,0,0,0,0,24576
94,0,3,0,0,0,0,0,1226853,0,0,0,0,2171,24576,0,0,0,0,0,0,0,0,0,0,0,0,0,0,0,0,37873,0,0,35845,0,845,0,782,3246,49152,0,0,0,24576
94,0,4,0,0,0,0,0,1226853,0,0,0,0,2045,24576,0,0,0,0,0,0,0,0,0,0,0,0,0,0,0,0,36063,0,0,35790,8370,2027,0,0,4394,0,0,24576,0,24576
94,0,5,0,0,0,0,0,1226853,0,0,0,0,2007,24576,0,0,0,0,0,0,0,0,0,0,0,0,0,0,0,0,0,0,0,36032,0,25,946,0,3086,0,0,0,0,24576
94,0,6,0,0,0,0,0,1226853,0,0,0,0,1885,24576,0,0,0,0,0,0,0,0,0,0,0,0,0,0,0,0,0,0,0,35855,0,0,0,1068,4001,24576,0,0,0,24576
94,0,7,0,0,0,0,0,1226853,0,0,0,0,2181,24576,0,0,0,0,0,0,0,0,0,0,0,0,0,0,0,0,0,0,0,37665,2697,0,0,1,3113,0,0,0,0,24576
94,0,8,0,0,0,0,0,1226853,0,0,0,0,43,0,0,0,0,0,0,0,0,0,0,0,0,0,0,0,0,0,0,0,0,0,0,0,37,0,109,0,0,0,0,0
95,0,0,0,0,0,0,0,2452877,0,0,17160,442368,116,0,0,0,0,0,27720,0,0,0,0,0,0,0,0,17160,17160,0,147456,0,294912,442368,0,5918,0,116,238,0,0,0,0,147456
95,0,1,0,0,0,0,0,1226439,27720,0,0,0,12589,0,0,0,0,0,27720,0,0,0,0,0,0,0,0,0,4054,0,75679,0,73635,0,0,1564,1923,1886,21107,0,0,24576,0,0
95,0,2,0,0,0,0,0,1226439,0,0,0,0,1983,24576,0,0,0,0,0,0,0,0,0,0,0,0,0,0,0,0,35811,0,0,38010,0,1960,967,0,4142,0,0,0,0,24576
95,0,3,0,0,0,0,0,1226439,0,0,0,0,2170,24576,0,0,0,0,0,0,0,0,0,0,0,0,0,0,0,0,35988,0,0,35808,0,807,0,781,3237,49152,0,0,0,24576
95,0,4,0,0,0,0,0,1226439,0,0,0,0,2051,24576,0,0,0,0,0,0,0,0,0,0,0,0,0,0,0,0,36023,0,0,35754,8353,2012,0,1,4393,0,0,24576,0,24576
95,0,5,0,0,0,0,0,1226439,0,0,0,0,2009,24576,0,0,0,0,0,0,0,0,0,0,0,0,0,0,0,0,0,0,0,37917,0,10,941,0,3087,0,0,0,0,24576
95,0,6,0,0,0,0,0,1226439,0,0,0,0,1878,24576,0,0,0,0,0,0,0,0,0,0,0,0,0,0,0,0,0,0,0,37740,0,0,0,1073,4030,24576,0,0,0,24576
95,0,7,0,0,0,0,0,1226439,0,0,0,0,2167,24576,0,0,0,0,0,0,0,0,0,0,0,0,0,0,0,0,0,0,0,37705,2705,0,0,0,3114,0,0,0,0,24576
95,0,8,0,0,0,0,0,1226439,0,0,0,0,43,0,0,0,0,0,0,0,0,0,0,0,0,0,0,0,0,0,0,0,0,0,0,0,37,0,125,0,0,0,0,0
96,0,0,0,0,0,0,0,2453113,0,0,17148,442368,116,0,0,0,0,0,27702,0,0,0,0,0,0,0,0,17148,17148,0,147456,0,294912,442368,0,5914,0,116,238,0,0,0,0,147456
96,0,1,0,0,0,0,0,1226557,27702,0,0,0,12555,0,0,0,0,0,27702,0,0,0,0,0,0,0,0,0,4128,0,73461,0,75992,0,0,1683,1881,1831,21054,0,0,24576,0,0
96,0,2,0,0,0,0,0,1226557,0,0,0,0,1904,24576,0,0,0,0,0,0,0,0,0,0,0,0,0,0,0,0,35811,0,0,35653,0,1971,1045,0,4102,0,0,0,0,24576
96,0,3,0,0,0,0,0,1226557,0,0,0,0,2126,24576,0,0,0,0,0,0,0,0,0,0,0,0,0,0,0,0,35955,0,0,35699,0,728,0,823,3243,49152,0,0,0,24576
96,0,4,0,0,0,0,0,1226557,0,0,0,0,2022,24576,0,0,0,0,0,0,0,0,0,0,0,0,0,0,0,0,36006,0,0,37989,8282,1959,0,1,4294,0,0,24576,0,24576
96,0,5,0,0,0,0,0,1226557,0,0,0,0,2051,24576,0,0,0,0,0,0,0,0,0,0,0,0,0,0,0,0,0,0,0,37917,0,25,897,0,3101,0,0,0,0,24576
96,0,6,0,0,0,0,0,1226557,0,0,0,0,1934,24576,0,0,0,0,0,0,0,0,0,0,0,0,0,0,0,0,0,0,0,37773,0,0,0,1015,4163,24576,0,0,0,24576
96,0,7,0,0,0,0,0,1226557,0,0,0,0,2128,24576,0,0,0,0,0,0,0,0,0,0,0,0,0,0,0,0,0,0,0,37722,2797,0,0,1,3126,0,0,0,0,24576
96,0,8,0,0,0,0,0,1226557,0,0,0,0,43,0,0,0,0,0,0,0,0,0,0,0,0,0,0,0,0,0,0,0,0,0,0,0,37,0,109,0,0,0,0,0
97,0,0,0,0,0,0,0,375276,0,0,2106,67584,116,0,0,0,0,0,5109,0,0,0,0,0,0,0,0,2106,2106,0,0,0,87391,67584,0,196,0,116,238,0,0,0,0,6144
97,0,1,0,0,0,0,0,187638,5109,0,0,0,1735,0,0,0,0,0,5109,0,0,0,0,0,0,0,0,0,421,0,0,0,52722,0,0,84,82,1002,3280,0,0,6144,0,0
97,0,2,0,0,0,0,0,187638,0,0,0,0,1211,6144,0,0,0,0,0,0,0,0,0,0,0,0,0,0,0,0,0,0,0,59278,0,157,985,0,2442,0,0,0,0,6144
97,0,3,0,0,0,0,0,187638,0,0,0,0,46,0,0,0,0,0,0,0,0,0,0,0,0,0,0,0,0,0,0,0,0,0,0,21,0,46,70,0,0,0,0,0
97,0,4,0,0,0,0,0,187638,0,0,0,0,46,0,0,0,0,0,0,0,0,0,0,0,0,0,0,0,0,0,0,0,0,0,264,54,0,0,104,0,0,0,0,0
97,0,5,0,0,0,0,0,187638,0,0,0,0,49,0,0,0,0,0,0,0,0,0,0,0,0,0,0,0,0,0,0,0,0,0,0,22,43,0,55,0,0,0,0,0
97,0,6,0,0,0,0,0,187638,0,0,0,0,55,0,0,0,0,0,0,0,0,0,0,0,0,0,0,0,0,0,0,0,0,0,0,0,0,37,132,0,0,0,0,0
97,0,7,0,0,0,0,0,187638,0,0,0,0,49,0,0,0,0,0,0,0,0,0,0,0,0,0,0,0,0,0,0,0,0,0,141,0,0,0,93,0,0,0,0,0
97,0,8,0,0,0,0,0,187638,0,0,0,0,43,0,0,0,0,0,0,0,0,0,0,0,0,0,0,0,0,0,0,0,0,0,0,0,37,0,108,0,0,0,0,0
98,0,0,0,0,0,0,0,375364,0,0,2108,67584,116,0,0,0,0,0,5112,0,0,0,0,0,0,0,0,2108,2108,0,0,0,87376,67584,0,196,0,116,238,0,0,0,0,6144
98,0,1,0,0,0,0,0,187682,5112,0,0,0,1728,0,0,0,0,0,5112,0,0,0,0,0,0,0,0,0,415,0,0,0,52708,0,0,84,81,1012,3268,0,0,6144,0,0
98,0,2,0,0,0,0,0,187682,0,0,0,0,1206,6144,0,0,0,0,0,0,0,0,0,0,0,0,0,0,0,0,0,0,0,59278,0,157,992,0,2429,0,0,0,0,6144
98,0,3,0,0,0,0,0,187682,0,0,0,0,46,0,0,0,0,0,0,0,0,0,0,0,0,0,0,0,0,0,0,0,0,0,0,21,0,46,70,0,0,0,0,0
98,0,4,0,0,0,0,0,187682,0,0,0,0,46,0,0,0,0,0,0,0,0,0,0,0,0,0,0,0,0,0,0,0,0,0,264,54,0,0,104,0,0,0,0,0
98,0,5,0,0,0,0,0,187682,0,0,0,0,49,0,0,0,0,0,0,0,0,0,0,0,0,0,0,0,0,0,0,0,0,0,0,22,43,0,55,0,0,0,0,0
98,0,6,0,0,0,0,0,187682,0,0,0,0,55,0,0,0,0,0,0,0,0,0,0,0,0,0,0,0,0,0,0,0,0,0,0,0,0,37,132,0,0,0,0,0
98,0,7,0,0,0,0,0,187682,0,0,0,0,49,0,0,0,0,0,0,0,0,0,0,0,0,0,0,0,0,0,0,0,0,0,141,0,0,0,93,0,0,0,0,0
98,0,8,0,0,0,0,0,187682,0,0,0,0,43,0,0,0,0,0,0,0,0,0,0,0,0,0,0,0,0,0,0,0,0,0,0,0,37,0,108,0,0,0,0,0
99,0,0,0,0,0,0,0,375371,0,0,2108,67584,116,0,0,0,0,0,5112,0,0,0,0,0,0,0,0,2108,2108,0,0,0,87391,67584,0,196,0,116,238,0,0,0,0,6144
99,0,1,0,0,0,0,0,187685,5112,0,0,0,1734,0,0,0,0,0,5112,0,0,0,0,0,0,0,0,0,421,0,0,0,52722,0,0,84,81,1006,3280,0,0,6144,0,0
99,0,2,0,0,0,0,0,187685,0,0,0,0,1212,6144,0,0,0,0,0,0,0,0,0,0,0,0,0,0,0,0,0,0,0,59278,0,157,986,0,2441,0,0,0,0,6144
99,0,3,0,0,0,0,0,187685,0,0,0,0,46,0,0,0,0,0,0,0,0,0,0,0,0,0,0,0,0,0,0,0,0,0,0,21,0,46,70,0,0,0,0,0
99,0,4,0,0,0,0,0,187685,0,0,0,0,46,0,0,0,0,0,0,0,0,0,0,0,0,0,0,0,0,0,0,0,0,0,264,54,0,0,104,0,0,0,0,0
99,0,5,0,0,0,0,0,187685,0,0,0,0,49,0,0,0,0,0,0,0,0,0,0,0,0,0,0,0,0,0,0,0,0,0,0,22,43,0,55,0,0,0,0,0
99,0,6,0,0,0,0,0,187685,0,0,0,0,55,0,0,0,0,0,0,0,0,0,0,0,0,0,0,0,0,0,0,0,0,0,0,0,0,37,132,0,0,0,0,0
99,0,7,0,0,0,0,0,187685,0,0,0,0,49,0,0,0,0,0,0,0,0,0,0,0,0,0,0,0,0,0,0,0,0,0,141,0,0,0,93,0,0,0,0,0
99,0,8,0,0,0,0,0,187685,0,0,0,0,43,0,0,0,0,0,0,0,0,0,0,0,0,0,0,0,0,0,0,0,0,0,0,0,37,0,108,0,0,0,0,0
100,0,0,0,0,0,0,0,398084,0,0,2380,135168,116,0,0,0,0,0,5523,0,0,0,0,0,0,0,0,2380,2380,0,103947,0,87359,135168,0,1387,0,116,238,0,0,0,0,12288
100,0,1,0,0,0,0,0,199042,5523,0,0,0,2013,0,0,0,0,0,5523,0,0,0,0,0,0,0,0,0,750,0,0,0,52369,0,0,84,597,484,3500,0,0,6144,0,0
100,0,2,0,0,0,0,0,199042,0,0,0,0,812,6144,0,0,0,0,0,0,0,0,0,0,0,0,0,0,0,0,0,0,0,59569,0,157,468,0,1645,0,0,0,0,6144
100,0,3,0,0,0,0,0,199042,0,0,0,0,893,6144,0,0,0,0,0,0,0,0,0,0,0,0,0,0,0,0,0,0,0,59456,0,21,0,388,1433,0,0,0,0,6144
100,0,4,0,0,0,0,0,199042,0,0,0,0,46,0,0,0,0,0,0,0,0,0,0,0,0,0,0,0,0,0,0,0,0,0,1111,54,0,0,104,0,0,0,0,0
100,0,5,0,0,0,0,0,199042,0,0,0,0,49,0,0,0,0,0,0,0,0,0,0,0,0,0,0,0,0,0,0,0,0,0,0,23,43,0,55,0,0,0,0,0
100,0,6,0,0,0,0,0,199042,0,0,0,0,55,0,0,0,0,0,0,0,0,0,0,0,0,0,0,0,0,0,0,0,0,0,0,0,0,37,132,0,0,0,0,0
100,0,7,0,0,0,0,0,199042,0,0,0,0,49,0,0,0,0,0,0,0,0,0,0,0,0,0,0,0,0,0,0,0,0,0,141,0,0,0,93,0,0,0,0,0
100,0,8,0,0,0,0,0,199042,0,0,0,0,43,0,0,0,0,0,0,0,0,0,0,0,0,0,0,0,0,0,0,0,0,0,0,0,37,0,108,0,0,0,0,0
101,0,0,0,0,0,0,0,398643,0,0,2384,135168,116,0,0,0,0,0,5532,0,0,0,0,0,0,0,0,2384,2384,0,103937,0,87345,135168,0,1389,0,116,238,0,0,0,0,12288
101,0,1,0,0,0,0,0,199322,5532,0,0,0,2021,0,0,0,0,0,5532,0,0,0,0,0,0,0,0,0,750,0,0,0,52362,0,0,84,592,485,3515,0,0,6144,0,0
101,0,2,0,0,0,0,0,199322,0,0,0,0,814,6144,0,0,0,0,0,0,0,0,0,0,0,0,0,0,0,0,0,0,0,59564,0,156,469,0,1648,0,0,0,0,6144
101,0,3,0,0,0,0,0,199322,0,0,0,0,890,6144,0,0,0,0,0,0,0,0,0,0,0,0,0,0,0,0,0,0,0,59449,0,21,0,393,1426,0,0,0,0,6144
101,0,4,0,0,0,0,0,199322,0,0,0,0,46,0,0,0,0,0,0,0,0,0,0,0,0,0,0,0,0,0,0,0,0,0,1107,54,0,1,104,0,0,0,0,0
101,0,5,0,0,0,0,0,199322,0,0,0,0,49,0,0,0,0,0,0,0,0,0,0,0,0,0,0,0,0,0,0,0,0,0,0,23,43,0,55,0,0,0,0,0
101,0,6,0,0,0,0,0,199322,0,0,0,0,55,0,0,0,0,0,0,0,0,0,0,0,0,0,0,0,0,0,0,0,0,0,0,0,0,37,132,0,0,0,0,0
101,0,7,0,0,0,0,0,199322,0,0,0,0,49,0,0,0,0,0,0,0,0,0,0,0,0,0,0,0,0,0,0,0,0,0,141,0,0,0,93,0,0,0,0,0
101,0,8,0,0,0,0,0,199322,0,0,0,0,43,0,0,0,0,0,0,0,0,0,0,0,0,0,0,0,0,0,0,0,0,0,0,0,37,0,108,0,0,0,0,0
102,0,0,0,0,0,0,0,398435,0,0,2384,135168,116,0,0,0,0,0,5529,0,0,0,0,0,0,0,0,2384,2384,0,103926,0,87365,135168,0,1389,0,116,238,0,0,0,0,12288
102,0,1,0,0,0,0,0,199217,5529,0,0,0,2058,0,0,0,0,0,5529,0,0,0,0,0,0,0,0,0,759,0,0,0,52368,0,0,83,587,454,3552,0,0,6144,0,0
102,0,2,0,0,0,0,0,199217,0,0,0,0,818,6144,0,0,0,0,0,0,0,0,0,0,0,0,0,0,0,0,0,0,0,59577,0,171,465,0,1668,0,0,0,0,6144
102,0,3,0,0,0,0,0,199217,0,0,0,0,897,6144,0,0,0,0,0,0,0,0,0,0,0,0,0,0,0,0,0,0,0,59453,0,7,0,386,1428,0,0,0,0,6144
102,0,4,0,0,0,0,0,199217,0,0,0,0,49,0,0,0,0,0,0,0,0,0,0,0,0,0,0,0,0,0,0,0,0,0,1111,53,0,1,109,0,0,0,0,0
102,0,5,0,0,0,0,0,199217,0,0,0,0,49,0,0,0,0,0,0,0,0,0,0,0,0,0,0,0,0,0,0,0,0,0,0,9,43,0,54,0,0,0,0,0
102,0,6,0,0,0,0,0,199217,0,0,0,0,55,0,0,0,0,0,0,0,0,0,0,0,0,0,0,0,0,0,0,0,0,0,0,0,0,37,146,0,0,0,0,0
102,0,7,0,0,0,0,0,199217,0,0,0,0,49,0,0,0,0,0,0,0,0,0,0,0,0,0,0,0,0,0,0,0,0,0,141,0,0,0,94,0,0,0,0,0
102,0,8,0,0,0,0,0,199217,0,0,0,0,43,0,0,0,0,0,0,0,0,0,0,0,0,0,0,0,0,0,0,0,0,0,0,0,37,0,122,0,0,0,0,0
103,0,0,0,0,0,0,0,679073,0,0,4104,270336,116,0,0,0,0,0,8124,0,0,0,0,0,0,0,0,4104,4104,0,103488,0,242564,270336,0,1223,0,116,238,0,0,0,0,24576
103,0,1,0,0,0,0,0,339537,8124,0,0,0,3454,0,0,0,0,0,8124,0,0,0,0,0,0,0,0,0,1921,0,52289,0,95039,0,0,278,212,960,5889,0,0,6144,0,0
103,0,2,0,0,0,0,0,339537,0,0,0,0,819,6144,0,0,0,0,0,0,0,0,0,0,0,0,0,0,0,0,50242,0,0,59329,0,733,298,0,1462,0,0,0,0,6144
103,0,3,0,0,0,0,0,339537,0,0,0,0,812,6144,0,0,0,0,0,0,0,0,0,0,0,0,0,0,0,0,0,0,0,59393,0,21,0,305,967,6144,0,0,0,6144
103,0,4,0,0,0,0,0,339537,0,0,0,0,814,6144,0,0,0,0,0,0,0,0,0,0,0,0,0,0,0,0,0,0,0,59392,2053,54,0,1,1705,0,0,6144,0,6144
103,0,5,0,0,0,0,0,339537,0,0,0,0,817,6144,0,0,0,0,0,0,0,0,0,0,0,0,0,0,0,0,0,0,0,59391,0,24,300,0,1273,0,0,0,0,6144
103,0,6,0,0,0,0,0,339537,0,0,0,0,55,0,0,0,0,0,0,0,0,0,0,0,0,0,0,0,0,0,0,0,0,0,0,0,0,37,132,0,0,0,0,0
103,0,7,0,0,0,0,0,339537,0,0,0,0,49,0,0,0,0,0,0,0,0,0,0,0,0,0,0,0,0,0,0,0,0,0,141,0,0,0,93,0,0,0,0,0
103,0,8,0,0,0,0,0,339537,0,0,0,0,43,0,0,0,0,0,0,0,0,0,0,0,0,0,0,0,0,0,0,0,0,0,0,0,37,0,109,0,0,0,0,0
104,0,0,0,0,0,0,0,679005,0,0,4104,270336,116,0,0,0,0,0,8121,0,0,0,0,0,0,0,0,4104,4104,0,103488,0,244607,270336,0,1223,0,116,238,0,0,0,0,24576
104,0,1,0,0,0,0,0,339503,8121,0,0,0,3686,0,0,0,0,0,8121,0,0,0,0,0,0,0,0,0,2179,0,51330,0,94081,0,0,532,71,615,6114,0,0,6144,0,0
104,0,2,0,0,0,0,0,339503,0,0,0,0,815,6144,0,0,0,0,0,0,0,0,0,0,0,0,0,0,0,0,51200,0,0,59329,0,685,302,0,1851,0,0,0,0,6144
104,0,3,0,0,0,0,0,339503,0,0,0,0,818,6144,0,0,0,0,0,0,0,0,0,0,0,0,0,0,0,0,0,0,0,59393,0,7,0,299,833,6144,0,0,0,6144
104,0,4,0,0,0,0,0,339503,0,0,0,0,722,6144,0,0,0,0,0,0,0,0,0,0,0,0,0,0,0,0,0,0,0,60350,2056,53,0,1,1360,0,0,6144,0,6144
104,0,5,0,0,0,0,0,339503,0,0,0,0,721,6144,0,0,0,0,0,0,0,0,0,0,0,0,0,0,0,0,0,0,0,58434,0,11,395,0,1239,0,0,0,0,6144
104,0,6,0,0,0,0,0,339503,0,0,0,0,55,0,0,0,0,0,0,0,0,0,0,0,0,0,0,0,0,0,0,0,0,0,0,0,0,37,146,0,0,0,0,0
104,0,7,0,0,0,0,0,339503,0,0,0,0,49,0,0,0,0,0,0,0,0,0,0,0,0,0,0,0,0,0,0,0,0,0,141,0,0,0,94,0,0,0,0,0
104,0,8,0,0,0,0,0,339503,0,0,0,0,43,0,0,0,0,0,0,0,0,0,0,0,0,0,0,0,0,0,0,0,0,0,0,0,37,0,122,0,0,0,0,0
105,0,0,0,0,0,0,0,679129,0,0,4104,270336,116,0,0,0,0,0,8121,0,0,0,0,0,0,0,0,4104,4104,0,103485,0,242355,270336,0,1223,0,116,238,0,0,0,0,24576
105,0,1,0,0,0,0,0,339565,8121,0,0,0,3648,0,0,0,0,0,8121,0,0,0,0,0,0,0,0,0,2179,0,52151,0,95166,0,0,532,84,640,6079,0,0,6144,0,0
105,0,2,0,0,0,0,0,339565,0,0,0,0,816,6144,0,0,0,0,0,0,0,0,0,0,0,0,0,0,0,0,50049,0,0,59266,0,670,301,0,1842,0,0,0,0,6144
105,0,3,0,0,0,0,0,339565,0,0,0,0,813,6144,0,0,0,0,0,0,0,0,0,0,0,0,0,0,0,0,0,0,0,59394,0,21,0,304,840,6144,0,0,0,6144
105,0,4,0,0,0,0,0,339565,0,0,0,0,718,6144,0,0,0,0,0,0,0,0,0,0,0,0,0,0,0,0,0,0,0,59387,2054,54,0,1,1355,0,0,6144,0,6144
105,0,5,0,0,0,0,0,339565,0,0,0,0,721,6144,0,0,0,0,0,0,0,0,0,0,0,0,0,0,0,0,0,0,0,59391,0,24,396,0,1240,0,0,0,0,6144
105,0,6,0,0,0,0,0,339565,0,0,0,0,55,0,0,0,0,0,0,0,0,0,0,0,0,0,0,0,0,0,0,0,0,0,0,0,0,37,132,0,0,0,0,0
105,0,7,0,0,0,0,0,339565,0,0,0,0,49,0,0,0,0,0,0,0,0,0,0,0,0,0,0,0,0,0,0,0,0,0,141,0,0,0,93,0,0,0,0,0
105,0,8,0,0,0,0,0,339565,0,0,0,0,43,0,0,0,0,0,0,0,0,0,0,0,0,0,0,0,0,0,0,0,0,0,0,0,37,0,109,0,0,0,0,0
106,0,0,0,0,0,0,0,991378,0,0,6156,405504,116,0,0,0,0,0,11214,0,0,0,0,0,0,0,0,6156,6156,0,186908,0,314530,405504,0,2250,0,116,238,0,0,0,0,36864
106,0,1,0,0,0,0,0,495689,11214,0,0,0,4467,0,0,0,0,0,11214,0,0,0,0,0,0,0,0,0,3847,0,97881,0,93995,0,0,1103,1092,296,7918,0,0,6144,0,0
106,0,2,0,0,0,0,0,495689,0,0,0,0,815,6144,0,0,0,0,0,0,0,0,0,0,0,0,0,0,0,0,51186,0,0,59344,0,1195,302,0,1660,0,0,0,0,6144
106,0,3,0,0,0,0,0,495689,0,0,0,0,817,6144,0,0,0,0,0,0,0,0,0,0,0,0,0,0,0,0,49253,0,0,60214,0,519,0,300,1341,12288,0,0,0,6144
106,0,4,0,0,0,0,0,495689,0,0,0,0,817,6144,0,0,0,0,0,0,0,0,0,0,0,0,0,0,0,0,50962,0,0,59449,3081,571,0,0,1393,0,0,6144,0,6144
106,0,5,0,0,0,0,0,495689,0,0,0,0,817,6144,0,0,0,0,0,0,0,0,0,0,0,0,0,0,0,0,0,0,0,59162,0,12,299,0,825,0,0,0,0,6144
106,0,6,0,0,0,0,0,495689,0,0,0,0,823,6144,0,0,0,0,0,0,0,0,0,0,0,0,0,0,0,0,0,0,0,59553,0,0,0,294,1429,6144,0,0,0,6144
106,0,7,0,0,0,0,0,495689,0,0,0,0,817,6144,0,0,0,0,0,0,0,0,0,0,0,0,0,0,0,0,0,0,0,61390,1165,0,0,1,1371,0,0,0,0,6144
106,0,8,0,0,0,0,0,495689,0,0,0,0,43,0,0,0,0,0,0,0,0,0,0,0,0,0,0,0,0,0,0,0,0,0,0,0,37,0,122,0,0,0,0,0
107,0,0,0,0,0,0,0,991289,0,0,6156,405504,116,0,0,0,0,0,11214,0,0,0,0,0,0,0,0,6156,6156,0,186631,0,314810,405504,0,2250,0,116,238,0,0,0,0,36864
107,0,1,0,0,0,0,0,495645,11214,0,0,0,4655,0,0,0,0,0,11214,0,0,0,0,0,0,0,0,0,3840,0,98042,0,94208,0,0,978,966,359,8296,0,0,6144,0,0
107,0,2,0,0,0,0,0,495645,0,0,0,0,814,6144,0,0,0,0,0,0,0,0,0,0,0,0,0,0,0,0,51134,0,0,59267,0,941,303,0,1850,0,0,0,0,6144
107,0,3,0,0,0,0,0,495645,0,0,0,0,627,6144,0,0,0,0,0,0,0,0,0,0,0,0,0,0,0,0,49089,0,0,60285,0,455,0,490,1089,12288,0,0,0,6144
107,0,4,0,0,0,0,0,495645,0,0,0,0,816,6144,0,0,0,0,0,0,0,0,0,0,0,0,0,0,0,0,51007,0,0,59456,2890,568,0,0,1520,0,0,6144,0,6144
107,0,5,0,0,0,0,0,495645,0,0,0,0,815,6144,0,0,0,0,0,0,0,0,0,0,0,0,0,0,0,0,0,0,0,59327,0,12,301,0,1077,0,0,0,0,6144
107,0,6,0,0,0,0,0,495645,0,0,0,0,822,6144,0,0,0,0,0,0,0,0,0,0,0,0,0,0,0,0,0,0,0,59458,0,0,0,295,1492,6144,0,0,0,6144
107,0,7,0,0,0,0,0,495645,0,0,0,0,816,6144,0,0,0,0,0,0,0,0,0,0,0,0,0,0,0,0,0,0,0,61437,1165,0,0,1,1373,0,0,0,0,6144
107,0,8,0,0,0,0,0,495645,0,0,0,0,43,0,0,0,0,0,0,0,0,0,0,0,0,0,0,0,0,0,0,0,0,0,0,0,37,0,122,0,0,0,0,0
108,0,0,0,0,0,0,0,991240,0,0,6156,405504,116,0,0,0,0,0,11214,0,0,0,0,0,0,0,0,6156,6156,0,188800,0,317686,405504,0,2250,0,116,238,0,0,0,0,36864
108,0,1,0,0,0,0,0,495620,11214,0,0,0,4424,0,0,0,0,0,11214,0,0,0,0,0,0,0,0,0,3840,0,94467,0,94525,0,0,1043,1042,449,7881,0,0,6144,0,0
108,0,2,0,0,0,0,0,495620,0,0,0,0,818,6144,0,0,0,0,0,0,0,0,0,0,0,0,0,0,0,0,51069,0,0,60481,0,1053,299,0,1652,0,0,0,0,6144
108,0,3,0,0,0,0,0,495620,0,0,0,0,812,6144,0,0,0,0,0,0,0,0,0,0,0,0,0,0,0,0,51133,0,0,61181,0,534,0,305,1284,12288,0,0,0,6144
108,0,4,0,0,0,0,0,495620,0,0,0,0,815,6144,0,0,0,0,0,0,0,0,0,0,0,0,0,0,0,0,52987,0,0,59395,3078,569,0,1,1453,0,0,6144,0,6144
108,0,5,0,0,0,0,0,495620,0,0,0,0,818,6144,0,0,0,0,0,0,0,0,0,0,0,0,0,0,0,0,0,0,0,59264,0,25,298,0,954,0,0,0,0,6144
108,0,6,0,0,0,0,0,495620,0,0,0,0,823,6144,0,0,0,0,0,0,0,0,0,0,0,0,0,0,0,0,0,0,0,57541,0,0,0,294,1414,6144,0,0,0,6144
108,0,7,0,0,0,0,0,495620,0,0,0,0,817,6144,0,0,0,0,0,0,0,0,0,0,0,0,0,0,0,0,0,0,0,59394,1165,0,0,1,1373,0,0,0,0,6144
108,0,8,0,0,0,0,0,495620,0,0,0,0,43,0,0,0,0,0,0,0,0,0,0,0,0,0,0,0,0,0,0,0,0,0,0,0,37,0,109,0,0,0,0,0
109,0,0,0,0,0,0,0,234131,0,0,1026,66048,116,0,0,0,0,0,3489,0,0,0,0,0,0,0,0,1026,1026,0,0,0,120136,66048,0,196,0,116,238,0,0,0,0,1536
109,0,1,0,0,0,0,0,117066,3489,0,0,0,1375,0,0,0,0,0,3489,0,0,0,0,0,0,0,0,0,60,0,0,0,62370,0,0,83,70,295,2519,0,0,1536,0,0
109,0,2,0,0,0,0,0,117066,0,0,0,0,811,1536,0,0,0,0,0,0,0,0,0,0,0,0,0,0,0,0,0,0,0,63982,0,171,306,0,1654,0,0,0,0,1536
109,0,3,0,0,0,0,0,117066,0,0,0,0,49,0,0,0,0,0,0,0,0,0,0,0,0,0,0,0,0,0,0,0,0,0,0,7,0,43,63,0,0,0,0,0
109,0,4,0,0,0,0,0,117066,0,0,0,0,49,0,0,0,0,0,0,0,0,0,0,0,0,0,0,0,0,0,0,0,0,0,264,53,0,0,109,0,0,0,0,0
109,0,5,0,0,0,0,0,117066,0,0,0,0,49,0,0,0,0,0,0,0,0,0,0,0,0,0,0,0,0,0,0,0,0,0,0,9,43,0,54,0,0,0,0,0
109,0,6,0,0,0,0,0,117066,0,0,0,0,55,0,0,0,0,0,0,0,0,0,0,0,0,0,0,0,0,0,0,0,0,0,0,0,0,37,146,0,0,0,0,0
109,0,7,0,0,0,0,0,117066,0,0,0,0,49,0,0,0,0,0,0,0,0,0,0,0,0,0,0,0,0,0,0,0,0,0,141,0,0,0,94,0,0,0,0,0
109,0,8,0,0,0,0,0,117066,0,0,0,0,43,0,0,0,0,0,0,0,0,0,0,0,0,0,0,0,0,0,0,0,0,0,0,0,37,0,121,0,0,0,0,0
110,0,0,0,0,0,0,0,234162,0,0,1026,66048,116,0,0,0,0,0,3489,0,0,0,0,0,0,0,0,1026,1026,0,0,0,120131,66048,0,196,0,116,238,0,0,0,0,1536
110,0,1,0,0,0,0,0,117081,3489,0,0,0,1378,0,0,0,0,0,3489,0,0,0,0,0,0,0,0,0,58,0,0,0,62368,0,0,83,70,292,2525,0,0,1536,0,0
110,0,2,0,0,0,0,0,117081,0,0,0,0,814,1536,0,0,0,0,0,0,0,0,0,0,0,0,0,0,0,0,0,0,0,63979,0,171,303,0,1660,0,0,0,0,1536
110,0,3,0,0,0,0,0,117081,0,0,0,0,49,0,0,0,0,0,0,0,0,0,0,0,0,0,0,0,0,0,0,0,0,0,0,7,0,43,63,0,0,0,0,0
110,0,4,0,0,0,0,0,117081,0,0,0,0,49,0,0,0,0,0,0,0,0,0,0,0,0,0,0,0,0,0,0,0,0,0,264,53,0,0,109,0,0,0,0,0
110,0,5,0,0,0,0,0,117081,0,0,0,0,49,0,0,0,0,0,0,0,0,0,0,0,0,0,0,0,0,0,0,0,0,0,0,9,43,0,54,0,0,0,0,0
110,0,6,0,0,0,0,0,117081,0,0,0,0,55,0,0,0,0,0,0,0,0,0,0,0,0,0,0,0,0,0,0,0,0,0,0,0,0,37,146,0,0,0,0,0
110,0,7,0,0,0,0,0,117081,0,0,0,0,49,0,0,0,0,0,0,0,0,0,0,0,0,0,0,0,0,0,0,0,0,0,141,0,0,0,94,0,0,0,0,0
110,0,8,0,0,0,0,0,117081,0,0,0,0,43,0,0,0,0,0,0,0,0,0,0,0,0,0,0,0,0,0,0,0,0,0,0,0,37,0,121,0,0,0,0,0
111,0,0,0,0,0,0,0,234129,0,0,1026,66048,116,0,0,0,0,0,3489,0,0,0,0,0,0,0,0,1026,1026,0,0,0,120143,66048,0,196,0,116,238,0,0,0,0,1536
111,0,1,0,0,0,0,0,117065,3489,0,0,0,1340,0,0,0,0,0,3489,0,0,0,0,0,0,0,0,0,59,0,0,0,62373,0,0,84,82,317,2490,0,0,1536,0,0
111,0,2,0,0,0,0,0,117065,0,0,0,0,817,1536,0,0,0,0,0,0,0,0,0,0,0,0,0,0,0,0,0,0,0,63985,0,156,300,0,1653,0,0,0,0,1536
111,0,3,0,0,0,0,0,117065,0,0,0,0,46,0,0,0,0,0,0,0,0,0,0,0,0,0,0,0,0,0,0,0,0,0,0,21,0,46,70,0,0,0,0,0
111,0,4,0,0,0,0,0,117065,0,0,0,0,46,0,0,0,0,0,0,0,0,0,0,0,0,0,0,0,0,0,0,0,0,0,264,54,0,0,104,0,0,0,0,0
111,0,5,0,0,0,0,0,117065,0,0,0,0,49,0,0,0,0,0,0,0,0,0,0,0,0,0,0,0,0,0,0,0,0,0,0,23,43,0,55,0,0,0,0,0
111,0,6,0,0,0,0,0,117065,0,0,0,0,55,0,0,0,0,0,0,0,0,0,0,0,0,0,0,0,0,0,0,0,0,0,0,0,0,37,132,0,0,0,0,0
111,0,7,0,0,0,0,0,117065,0,0,0,0,49,0,0,0,0,0,0,0,0,0,0,0,0,0,0,0,0,0,0,0,0,0,141,0,0,0,93,0,0,0,0,0
111,0,8,0,0,0,0,0,117065,0,0,0,0,43,0,0,0,0,0,0,0,0,0,0,0,0,0,0,0,0,0,0,0,0,0,0,0,37,0,107,0,0,0,0,0
112,0,0,0,0,0,0,0,308730,0,0,1064,132096,116,0,0,0,0,0,3549,0,0,0,0,0,0,0,0,1064,1064,0,124878,0,120017,132096,0,729,0,116,238,0,0,0,0,3072
112,0,1,0,0,0,0,0,154365,3549,0,0,0,1484,0,0,0,0,0,3549,0,0,0,0,0,0,0,0,0,926,0,0,0,62306,0,0,84,158,136,2407,0,0,1536,0,0
112,0,2,0,0,0,0,0,154365,0,0,0,0,380,1536,0,0,0,0,0,0,0,0,0,0,0,0,0,0,0,0,0,0,0,63986,0,157,242,0,903,0,0,0,0,1536
112,0,3,0,0,0,0,0,154365,0,0,0,0,368,1536,0,0,0,0,0,0,0,0,0,0,0,0,0,0,0,0,0,0,0,64475,0,21,0,255,468,0,0,0,0,1536
112,0,4,0,0,0,0,0,154365,0,0,0,0,46,0,0,0,0,0,0,0,0,0,0,0,0,0,0,0,0,0,0,0,0,0,585,54,0,1,104,0,0,0,0,0
112,0,5,0,0,0,0,0,154365,0,0,0,0,49,0,0,0,0,0,0,0,0,0,0,0,0,0,0,0,0,0,0,0,0,0,0,22,43,0,55,0,0,0,0,0
112,0,6,0,0,0,0,0,154365,0,0,0,0,55,0,0,0,0,0,0,0,0,0,0,0,0,0,0,0,0,0,0,0,0,0,0,0,0,37,132,0,0,0,0,0
112,0,7,0,0,0,0,0,154365,0,0,0,0,49,0,0,0,0,0,0,0,0,0,0,0,0,0,0,0,0,0,0,0,0,0,141,0,0,0,93,0,0,0,0,0
112,0,8,0,0,0,0,0,154365,0,0,0,0,43,0,0,0,0,0,0,0,0,0,0,0,0,0,0,0,0,0,0,0,0,0,0,0,37,0,109,0,0,0,0,0
113,0,0,0,0,0,0,0,308846,0,0,1064,132096,116,0,0,0,0,0,3552,0,0,0,0,0,0,0,0,1064,1064,0,124876,0,120047,132096,0,729,0,116,238,0,0,0,0,3072
113,0,1,0,0,0,0,0,154423,3552,0,0,0,1464,0,0,0,0,0,3552,0,0,0,0,0,0,0,0,0,927,0,0,0,62318,0,0,84,170,144,2389,0,0,1536,0,0
113,0,2,0,0,0,0,0,154423,0,0,0,0,387,1536,0,0,0,0,0,0,0,0,0,0,0,0,0,0,0,0,0,0,0,63993,0,157,235,0,902,0,0,0,0,1536
113,0,3,0,0,0,0,0,154423,0,0,0,0,373,1536,0,0,0,0,0,0,0,0,0,0,0,0,0,0,0,0,0,0,0,64473,0,21,0,250,486,0,0,0,0,1536
113,0,4,0,0,0,0,0,154423,0,0,0,0,46,0,0,0,0,0,0,0,0,0,0,0,0,0,0,0,0,0,0,0,0,0,590,54,0,1,104,0,0,0,0,0
113,0,5,0,0,0,0,0,154423,0,0,0,0,49,0,0,0,0,0,0,0,0,0,0,0,0,0,0,0,0,0,0,0,0,0,0,22,43,0,55,0,0,0,0,0
113,0,6,0,0,0,0,0,154423,0,0,0,0,55,0,0,0,0,0,0,0,0,0,0,0,0,0,0,0,0,0,0,0,0,0,0,0,0,37,132,0,0,0,0,0
113,0,7,0,0,0,0,0,154423,0,0,0,0,49,0,0,0,0,0,0,0,0,0,0,0,0,0,0,0,0,0,0,0,0,0,141,0,0,0,93,0,0,0,0,0
113,0,8,0,0,0,0,0,154423,0,0,0,0,43,0,0,0,0,0,0,0,0,0,0,0,0,0,0,0,0,0,0,0,0,0,0,0,37,0,109,0,0,0,0,0
114,0,0,0,0,0,0,0,308787,0,0,1064,132096,116,0,0,0,0,0,3549,0,0,0,0,0,0,0,0,1064,1064,0,124875,0,120071,132096,0,729,0,116,238,0,0,0,0,3072
114,0,1,0,0,0,0,0,154394,3549,0,0,0,1511,0,0,0,0,0,3549,0,0,0,0,0,0,0,0,0,920,0,0,0,62324,0,0,83,152,116,2445,0,0,1536,0,0
114,0,2,0,0,0,0,0,154394,0,0,0,0,397,1536,0,0,0,0,0,0,0,0,0,0,0,0,0,0,0,0,0,0,0,63999,0,171,226,0,925,0,0,0,0,1536
114,0,3,0,0,0,0,0,154394,0,0,0,0,375,1536,0,0,0,0,0,0,0,0,0,0,0,0,0,0,0,0,0,0,0,64472,0,7,0,248,471,0,0,0,0,1536
114,0,4,0,0,0,0,0,154394,0,0,0,0,49,0,0,0,0,0,0,0,0,0,0,0,0,0,0,0,0,0,0,0,0,0,590,53,0,0,109,0,0,0,0,0
114,0,5,0,0,0,0,0,154394,0,0,0,0,49,0,0,0,0,0,0,0,0,0,0,0,0,0,0,0,0,0,0,0,0,0,0,10,43,0,54,0,0,0,0,0
114,0,6,0,0,0,0,0,154394,0,0,0,0,55,0,0,0,0,0,0,0,0,0,0,0,0,0,0,0,0,0,0,0,0,0,0,0,0,37,146,0,0,0,0,0
114,0,7,0,0,0,0,0,154394,0,0,0,0,49,0,0,0,0,0,0,0,0,0,0,0,0,0,0,0,0,0,0,0,0,0,141,0,0,0,94,0,0,0,0,0
114,0,8,0,0,0,0,0,154394,0,0,0,0,43,0,0,0,0,0,0,0,0,0,0,0,0,0,0,0,0,0,0,0,0,0,0,0,37,0,121,0,0,0,0,0
115,0,0,0,0,0,0,0,567010,0,0,3158,264192,116,0,0,0,0,0,6705,0,0,0,0,0,0,0,0,3158,3158,0,124283,0,359970,264192,0,987,0,116,238,0,0,0,0,6144
115,0,1,0,0,0,0,0,283505,6705,0,0,0,2588,0,0,0,0,0,6705,0,0,0,0,0,0,0,0,0,1111,0,61583,0,122886,0,0,419,350,601,4516,0,0,1536,0,0
115,0,2,0,0,0,0,0,283505,0,0,0,0,561,1536,0,0,0,0,0,0,0,0,0,0,0,0,0,0,0,0,61426,0,0,64228,0,642,318,0,1180,0,0,0,0,1536
115,0,3,0,0,0,0,0,283505,0,0,0,0,600,1536,0,0,0,0,0,0,0,0,0,0,0,0,0,0,0,0,0,0,0,64010,0,7,0,281,894,1536,0,0,0,1536
115,0,4,0,0,0,0,0,283505,0,0,0,0,556,1536,0,0,0,0,0,0,0,0,0,0,0,0,0,0,0,0,0,0,0,64503,1594,53,0,2,1071,0,0,1536,0,1536
115,0,5,0,0,0,0,0,283505,0,0,0,0,548,1536,0,0,0,0,0,0,0,0,0,0,0,0,0,0,0,0,0,0,0,64143,0,10,332,0,873,0,0,0,0,1536
115,0,6,0,0,0,0,0,283505,0,0,0,0,55,0,0,0,0,0,0,0,0,0,0,0,0,0,0,0,0,0,0,0,0,0,0,0,0,37,146,0,0,0,0,0
115,0,7,0,0,0,0,0,283505,0,0,0,0,49,0,0,0,0,0,0,0,0,0,0,0,0,0,0,0,0,0,0,0,0,0,141,0,0,0,94,0,0,0,0,0
115,0,8,0,0,0,0,0,283505,0,0,0,0,43,0,0,0,0,0,0,0,0,0,0,0,0,0,0,0,0,0,0,0,0,0,0,0,37,0,123,0,0,0,0,0
116,0,0,0,0,0,0,0,566969,0,0,3158,264192,116,0,0,0,0,0,6702,0,0,0,0,0,0,0,0,3158,3158,0,124282,0,360085,264192,0,987,0,116,238,0,0,0,0,6144
116,0,1,0,0,0,0,0,283485,6702,0,0,0,2544,0,0,0,0,0,6702,0,0,0,0,0,0,0,0,0,1118,0,61586,0,122928,0,0,429,368,617,4499,0,0,1536,0,0
116,0,2,0,0,0,0,0,283485,0,0,0,0,552,1536,0,0,0,0,0,0,0,0,0,0,0,0,0,0,0,0,61430,0,0,64247,0,638,327,0,1159,0,0,0,0,1536
116,0,3,0,0,0,0,0,283485,0,0,0,0,592,1536,0,0,0,0,0,0,0,0,0,0,0,0,0,0,0,0,0,0,0,64007,0,21,0,289,903,1536,0,0,0,1536
116,0,4,0,0,0,0,0,283485,0,0,0,0,562,1536,0,0,0,0,0,0,0,0,0,0,0,0,0,0,0,0,0,0,0,64504,1558,54,0,2,1066,0,0,1536,0,1536
116,0,5,0,0,0,0,0,283485,0,0,0,0,526,1536,0,0,0,0,0,0,0,0,0,0,0,0,0,0,0,0,0,0,0,64147,0,24,354,0,841,0,0,0,0,1536
116,0,6,0,0,0,0,0,283485,0,0,0,0,55,0,0,0,0,0,0,0,0,0,0,0,0,0,0,0,0,0,0,0,0,0,0,0,0,37,132,0,0,0,0,0
116,0,7,0,0,0,0,0,283485,0,0,0,0,49,0,0,0,0,0,0,0,0,0,0,0,0,0,0,0,0,0,0,0,0,0,141,0,0,0,93,0,0,0,0,0
116,0,8,0,0,0,0,0,283485,0,0,0,0,43,0,0,0,0,0,0,0,0,0,0,0,0,0,0,0,0,0,0,0,0,0,0,0,37,0,109,0,0,0,0,0
117,0,0,0,0,0,0,0,566769,0,0,3152,264192,116,0,0,0,0,0,6693,0,0,0,0,0,0,0,0,3152,3152,0,124353,0,360097,264192,0,985,0,116,238,0,0,0,0,6144
117,0,1,0,0,0,0,0,283385,6693,0,0,0,2583,0,0,0,0,0,6693,0,0,0,0,0,0,0,0,0,1111,0,61605,0,122918,0,0,427,350,592,4527,0,0,1536,0,0
117,0,2,0,0,0,0,0,283385,0,0,0,0,548,1536,0,0,0,0,0,0,0,0,0,0,0,0,0,0,0,0,61438,0,0,64239,0,645,331,0,1171,0,0,0,0,1536
117,0,3,0,0,0,0,0,283385,0,0,0,0,594,1536,0,0,0,0,0,0,0,0,0,0,0,0,0,0,0,0,0,0,0,64025,0,7,0,285,889,1536,0,0,0,1536
117,0,4,0,0,0,0,0,283385,0,0,0,0,566,1536,0,0,0,0,0,0,0,0,0,0,0,0,0,0,0,0,0,0,0,64510,1559,53,0,1,1071,0,0,1536,0,1536
117,0,5,0,0,0,0,0,283385,0,0,0,0,530,1536,0,0,0,0,0,0,0,0,0,0,0,0,0,0,0,0,0,0,0,64153,0,11,348,0,850,0,0,0,0,1536
117,0,6,0,0,0,0,0,283385,0,0,0,0,55,0,0,0,0,0,0,0,0,0,0,0,0,0,0,0,0,0,0,0,0,0,0,0,0,37,146,0,0,0,0,0
117,0,7,0,0,0,0,0,283385,0,0,0,0,49,0,0,0,0,0,0,0,0,0,0,0,0,0,0,0,0,0,0,0,0,0,141,0,0,0,94,0,0,0,0,0
117,0,8,0,0,0,0,0,283385,0,0,0,0,43,0,0,0,0,0,0,0,0,0,0,0,0,0,0,0,0,0,0,0,0,0,0,0,37,0,122,0,0,0,0,0
118,0,0,0,0,0,0,0,821053,0,0,4762,396288,116,0,0,0,0,0,9123,0,0,0,0,0,0,0,0,4762,4762,0,243207,0,478502,396288,0,1786,0,116,238,0,0,0,0,9216
118,0,1,0,0,0,0,0,410527,9123,0,0,0,3541,0,0,0,0,0,9123,0,0,0,0,0,0,0,0,0,1531,0,122506,0,123029,0,0,669,748,606,6240,0,0,1536,0,0
118,0,2,0,0,0,0,0,410527,0,0,0,0,565,1536,0,0,0,0,0,0,0,0,0,0,0,0,0,0,0,0,61317,0,0,64311,0,604,318,0,1225,0,0,0,0,1536
118,0,3,0,0,0,0,0,410527,0,0,0,0,554,1536,0,0,0,0,0,0,0,0,0,0,0,0,0,0,0,0,61321,0,0,64493,0,362,0,331,904,3072,0,0,0,1536
118,0,4,0,0,0,0,0,410527,0,0,0,0,568,1536,0,0,0,0,0,0,0,0,0,0,0,0,0,0,0,0,62439,0,0,64505,2423,612,0,1,1073,0,0,1536,0,1536
118,0,5,0,0,0,0,0,410527,0,0,0,0,582,1536,0,0,0,0,0,0,0,0,0,0,0,0,0,0,0,0,0,0,0,64032,0,25,302,0,935,0,0,0,0,1536
118,0,6,0,0,0,0,0,410527,0,0,0,0,542,1536,0,0,0,0,0,0,0,0,0,0,0,0,0,0,0,0,0,0,0,64017,0,0,0,343,1073,1536,0,0,0,1536
118,0,7,0,0,0,0,0,410527,0,0,0,0,592,1536,0,0,0,0,0,0,0,0,0,0,0,0,0,0,0,0,0,0,0,64151,877,0,0,1,873,0,0,0,0,1536
118,0,8,0,0,0,0,0,410527,0,0,0,0,43,0,0,0,0,0,0,0,0,0,0,0,0,0,0,0,0,0,0,0,0,0,0,0,37,0,109,0,0,0,0,0
119,0,0,0,0,0,0,0,819709,0,0,4750,396288,116,0,0,0,0,0,9105,0,0,0,0,0,0,0,0,4750,4750,0,243330,0,478376,396288,0,1782,0,116,238,0,0,0,0,9216
119,0,1,0,0,0,0,0,409855,9105,0,0,0,3475,0,0,0,0,0,9105,0,0,0,0,0,0,0,0,0,1530,0,122496,0,123050,0,0,723,744,610,6216,0,0,1536,0,0
119,0,2,0,0,0,0,0,409855,0,0,0,0,579,1536,0,0,0,0,0,0,0,0,0,0,0,0,0,0,0,0,61322,0,0,64314,0,615,302,0,1220,0,0,0,0,1536
119,0,3,0,0,0,0,0,409855,0,0,0,0,555,1536,0,0,0,0,0,0,0,0,0,0,0,0,0,0,0,0,61355,0,0,64493,0,340,0,328,923,3072,0,0,0,1536
119,0,4,0,0,0,0,0,409855,0,0,0,0,576,1536,0,0,0,0,0,0,0,0,0,0,0,0,0,0,0,0,62441,0,0,64496,2385,561,0,1,1074,0,0,1536,0,1536
119,0,5,0,0,0,0,0,409855,0,0,0,0,553,1536,0,0,0,0,0,0,0,0,0,0,0,0,0,0,0,0,0,0,0,64056,0,25,329,0,893,0,0,0,0,1536
119,0,6,0,0,0,0,0,409855,0,0,0,0,538,1536,0,0,0,0,0,0,0,0,0,0,0,0,0,0,0,0,0,0,0,64022,0,0,0,345,1089,1536,0,0,0,1536
119,0,7,0,0,0,0,0,409855,0,0,0,0,590,1536,0,0,0,0,0,0,0,0,0,0,0,0,0,0,0,0,0,0,0,64165,873,0,0,1,920,0,0,0,0,1536
119,0,8,0,0,0,0,0,409855,0,0,0,0,43,0,0,0,0,0,0,0,0,0,0,0,0,0,0,0,0,0,0,0,0,0,0,0,37,0,109,0,0,0,0,0
120,0,0,0,0,0,0,0,821047,0,0,4750,396288,116,0,0,0,0,0,9105,0,0,0,0,0,0,0,0,4750,4750,0,243148,0,478639,396288,0,1782,0,116,238,0,0,0,0,9216
120,0,1,0,0,0,0,0,410524,9105,0,0,0,3553,0,0,0,0,0,9105,0,0,0,0,0,0,0,0,0,1529,0,122516,0,123051,0,0,675,737,587,6263,0,0,1536,0,0
120,0,2,0,0,0,0,0,410524,0,0,0,0,560,1536,0,0,0,0,0,0,0,0,0,0,0,0,0,0,0,0,61312,0,0,64322,0,617,321,0,1222,0,0,0,0,1536
120,0,3,0,0,0,0,0,410524,0,0,0,0,556,1536,0,0,0,0,0,0,0,0,0,0,0,0,0,0,0,0,61288,0,0,64493,0,345,0,327,899,3072,0,0,0,1536
120,0,4,0,0,0,0,0,410524,0,0,0,0,585,1536,0,0,0,0,0,0,0,0,0,0,0,0,0,0,0,0,62441,0,0,64507,2397,602,0,1,1090,0,0,1536,0,1536
120,0,5,0,0,0,0,0,410524,0,0,0,0,572,1536,0,0,0,0,0,0,0,0,0,0,0,0,0,0,0,0,0,0,0,64023,0,11,310,0,924,0,0,0,0,1536
120,0,6,0,0,0,0,0,410524,0,0,0,0,547,1536,0,0,0,0,0,0,0,0,0,0,0,0,0,0,0,0,0,0,0,64002,0,0,0,336,1093,1536,0,0,0,1536
120,0,7,0,0,0,0,0,410524,0,0,0,0,600,1536,0,0,0,0,0,0,0,0,0,0,0,0,0,0,0,0,0,0,0,64153,872,0,0,1,889,0,0,0,0,1536
120,0,8,0,0,0,0,0,410524,0,0,0,0,43,0,0,0,0,0,0,0,0,0,0,0,0,0,0,0,0,0,0,0,0,0,0,0,37,0,123,0,0,0,0,0
121,0,0,0,0,0,0,0,210768,0,0,514,65792,116,0,0,0,0,0,2721,0,0,0,0,0,0,0,0,514,514,0,0,0,125568,65792,0,196,0,116,238,0,0,0,0,768
121,0,1,0,0,0,0,0,105384,2721,0,0,0,950,0,0,0,0,0,2721,0,0,0,0,0,0,0,0,0,11,0,0,0,63872,0,0,84,82,195,1710,0,0,768,0,0
121,0,2,0,0,0,0,0,105384,0,0,0,0,426,768,0,0,0,0,0,0,0,0,0,0,0,0,0,0,0,0,0,0,0,64768,0,157,178,0,872,0,0,0,0,768
121,0,3,0,0,0,0,0,105384,0,0,0,0,46,0,0,0,0,0,0,0,0,0,0,0,0,0,0,0,0,0,0,0,0,0,0,21,0,46,70,0,0,0,0,0
121,0,4,0,0,0,0,0,105384,0,0,0,0,46,0,0,0,0,0,0,0,0,0,0,0,0,0,0,0,0,0,0,0,0,0,264,54,0,0,104,0,0,0,0,0
121,0,5,0,0,0,0,0,105384,0,0,0,0,49,0,0,0,0,0,0,0,0,0,0,0,0,0,0,0,0,0,0,0,0,0,0,22,43,0,55,0,0,0,0,0
121,0,6,0,0,0,0,0,105384,0,0,0,0,55,0,0,0,0,0,0,0,0,0,0,0,0,0,0,0,0,0,0,0,0,0,0,0,0,37,132,0,0,0,0,0
121,0,7,0,0,0,0,0,105384,0,0,0,0,49,0,0,0,0,0,0,0,0,0,0,0,0,0,0,0,0,0,0,0,0,0,141,0,0,0,93,0,0,0,0,0
121,0,8,0,0,0,0,0,105384,0,0,0,0,43,0,0,0,0,0,0,0,0,0,0,0,0,0,0,0,0,0,0,0,0,0,0,0,37,0,108,0,0,0,0,0
122,0,0,0,0,0,0,0,210386,0,0,514,65792,116,0,0,0,0,0,2721,0,0,0,0,0,0,0,0,514,514,0,0,0,125615,65792,0,196,0,116,238,0,0,0,0,768
122,0,1,0,0,0,0,0,105193,2721,0,0,0,945,0,0,0,0,0,2721,0,0,0,0,0,0,0,0,0,19,0,0,0,63919,0,0,84,81,201,1699,0,0,768,0,0
122,0,2,0,0,0,0,0,105193,0,0,0,0,421,768,0,0,0,0,0,0,0,0,0,0,0,0,0,0,0,0,0,0,0,64768,0,156,184,0,861,0,0,0,0,768
122,0,3,0,0,0,0,0,105193,0,0,0,0,46,0,0,0,0,0,0,0,0,0,0,0,0,0,0,0,0,0,0,0,0,0,0,21,0,46,70,0,0,0,0,0
122,0,4,0,0,0,0,0,105193,0,0,0,0,46,0,0,0,0,0,0,0,0,0,0,0,0,0,0,0,0,0,0,0,0,0,264,54,0,0,104,0,0,0,0,0
122,0,5,0,0,0,0,0,105193,0,0,0,0,49,0,0,0,0,0,0,0,0,0,0,0,0,0,0,0,0,0,0,0,0,0,0,23,43,0,55,0,0,0,0,0
122,0,6,0,0,0,0,0,105193,0,0,0,0,55,0,0,0,0,0,0,0,0,0,0,0,0,0,0,0,0,0,0,0,0,0,0,0,0,37,132,0,0,0,0,0
122,0,7,0,0,0,0,0,105193,0,0,0,0,49,0,0,0,0,0,0,0,0,0,0,0,0,0,0,0,0,0,0,0,0,0,141,0,0,0,93,0,0,0,0,0
122,0,8,0,0,0,0,0,105193,0,0,0,0,43,0,0,0,0,0,0,0,0,0,0,0,0,0,0,0,0,0,0,0,0,0,0,0,37,0,107,0,0,0,0,0
123,0,0,0,0,0,0,0,210356,0,0,514,65792,116,0,0,0,0,0,2721,0,0,0,0,0,0,0,0,514,514,0,0,0,125621,65792,0,196,0,116,238,0,0,0,0,768
123,0,1,0,0,0,0,0,105178,2721,0,0,0,937,0,0,0,0,0,2721,0,0,0,0,0,0,0,0,0,20,0,0,0,63925,0,0,84,82,208,1687,0,0,768,0,0
123,0,2,0,0,0,0,0,105178,0,0,0,0,416,768,0,0,0,0,0,0,0,0,0,0,0,0,0,0,0,0,0,0,0,64768,0,157,188,0,849,0,0,0,0,768
123,0,3,0,0,0,0,0,105178,0,0,0,0,46,0,0,0,0,0,0,0,0,0,0,0,0,0,0,0,0,0,0,0,0,0,0,21,0,46,70,0,0,0,0,0
123,0,4,0,0,0,0,0,105178,0,0,0,0,46,0,0,0,0,0,0,0,0,0,0,0,0,0,0,0,0,0,0,0,0,0,264,54,0,0,104,0,0,0,0,0
123,0,5,0,0,0,0,0,105178,0,0,0,0,49,0,0,0,0,0,0,0,0,0,0,0,0,0,0,0,0,0,0,0,0,0,0,22,43,0,55,0,0,0,0,0
123,0,6,0,0,0,0,0,105178,0,0,0,0,55,0,0,0,0,0,0,0,0,0,0,0,0,0,0,0,0,0,0,0,0,0,0,0,0,37,132,0,0,0,0,0
123,0,7,0,0,0,0,0,105178,0,0,0,0,49,0,0,0,0,0,0,0,0,0,0,0,0,0,0,0,0,0,0,0,0,0,141,0,0,0,93,0,0,0,0,0
123,0,8,0,0,0,0,0,105178,0,0,0,0,43,0,0,0,0,0,0,0,0,0,0,0,0,0,0,0,0,0,0,0,0,0,0,0,37,0,108,0,0,0,0,0
124,0,0,0,0,0,0,0,317781,0,0,1026,131584,116,0,0,0,0,0,3492,0,0,0,0,0,0,0,0,1026,1026,0,127723,0,125670,131584,0,711,0,116,238,0,0,0,0,1536
124,0,1,0,0,0,0,0,158891,3492,0,0,0,1132,0,0,0,0,0,3492,0,0,0,0,0,0,0,0,0,520,0,0,0,63974,0,0,84,317,291,2015,0,0,768,0,0
124,0,2,0,0,0,0,0,158891,0,0,0,0,475,768,0,0,0,0,0,0,0,0,0,0,0,0,0,0,0,0,0,0,0,64768,0,157,127,0,823,0,0,0,0,768
124,0,3,0,0,0,0,0,158891,0,0,0,0,485,768,0,0,0,0,0,0,0,0,0,0,0,0,0,0,0,0,0,0,0,64768,0,21,0,120,745,0,0,0,0,768
124,0,4,0,0,0,0,0,158891,0,0,0,0,46,0,0,0,0,0,0,0,0,0,0,0,0,0,0,0,0,0,0,0,0,0,702,54,0,1,104,0,0,0,0,0
124,0,5,0,0,0,0,0,158891,0,0,0,0,49,0,0,0,0,0,0,0,0,0,0,0,0,0,0,0,0,0,0,0,0,0,0,22,43,0,55,0,0,0,0,0
124,0,6,0,0,0,0,0,158891,0,0,0,0,55,0,0,0,0,0,0,0,0,0,0,0,0,0,0,0,0,0,0,0,0,0,0,0,0,37,132,0,0,0,0,0
124,0,7,0,0,0,0,0,158891,0,0,0,0,49,0,0,0,0,0,0,0,0,0,0,0,0,0,0,0,0,0,0,0,0,0,141,0,0,0,93,0,0,0,0,0
124,0,8,0,0,0,0,0,158891,0,0,0,0,43,0,0,0,0,0,0,0,0,0,0,0,0,0,0,0,0,0,0,0,0,0,0,0,37,0,109,0,0,0,0,0
125,0,0,0,0,0,0,0,317691,0,0,1026,131584,116,0,0,0,0,0,3495,0,0,0,0,0,0,0,0,1026,1026,0,127717,0,125668,131584,0,711,0,116,238,0,0,0,0,1536
125,0,1,0,0,0,0,0,158846,3495,0,0,0,1162,0,0,0,0,0,3495,0,0,0,0,0,0,0,0,0,524,0,0,0,63972,0,0,83,318,261,2074,0,0,768,0,0
125,0,2,0,0,0,0,0,158846,0,0,0,0,472,768,0,0,0,0,0,0,0,0,0,0,0,0,0,0,0,0,0,0,0,64768,0,171,131,0,835,0,0,0,0,768
125,0,3,0,0,0,0,0,158846,0,0,0,0,455,768,0,0,0,0,0,0,0,0,0,0,0,0,0,0,0,0,0,0,0,64768,0,7,0,150,718,0,0,0,0,768
125,0,4,0,0,0,0,0,158846,0,0,0,0,49,0,0,0,0,0,0,0,0,0,0,0,0,0,0,0,0,0,0,0,0,0,669,53,0,1,109,0,0,0,0,0
125,0,5,0,0,0,0,0,158846,0,0,0,0,49,0,0,0,0,0,0,0,0,0,0,0,0,0,0,0,0,0,0,0,0,0,0,9,43,0,54,0,0,0,0,0
125,0,6,0,0,0,0,0,158846,0,0,0,0,55,0,0,0,0,0,0,0,0,0,0,0,0,0,0,0,0,0,0,0,0,0,0,0,0,37,146,0,0,0,0,0
125,0,7,0,0,0,0,0,158846,0,0,0,0,49,0,0,0,0,0,0,0,0,0,0,0,0,0,0,0,0,0,0,0,0,0,141,0,0,0,94,0,0,0,0,0
125,0,8,0,0,0,0,0,158846,0,0,0,0,43,0,0,0,0,0,0,0,0,0,0,0,0,0,0,0,0,0,0,0,0,0,0,0,37,0,122,0,0,0,0,0
126,0,0,0,0,0,0,0,317760,0,0,1026,131584,116,0,0,0,0,0,3492,0,0,0,0,0,0,0,0,1026,1026,0,127725,0,125668,131584,0,711,0,116,238,0,0,0,0,1536
126,0,1,0,0,0,0,0,158880,3492,0,0,0,1166,0,0,0,0,0,3492,0,0,0,0,0,0,0,0,0,520,0,0,0,63972,0,0,83,315,260,2076,0,0,768,0,0
126,0,2,0,0,0,0,0,158880,0,0,0,0,489,768,0,0,0,0,0,0,0,0,0,0,0,0,0,0,0,0,0,0,0,64768,0,171,114,0,853,0,0,0,0,768
126,0,3,0,0,0,0,0,158880,0,0,0,0,474,768,0,0,0,0,0,0,0,0,0,0,0,0,0,0,0,0,0,0,0,64768,0,7,0,131,733,0,0,0,0,768
126,0,4,0,0,0,0,0,158880,0,0,0,0,49,0,0,0,0,0,0,0,0,0,0,0,0,0,0,0,0,0,0,0,0,0,688,53,0,1,109,0,0,0,0,0
126,0,5,0,0,0,0,0,158880,0,0,0,0,49,0,0,0,0,0,0,0,0,0,0,0,0,0,0,0,0,0,0,0,0,0,0,9,43,0,54,0,0,0,0,0
126,0,6,0,0,0,0,0,158880,0,0,0,0,55,0,0,0,0,0,0,0,0,0,0,0,0,0,0,0,0,0,0,0,0,0,0,0,0,37,146,0,0,0,0,0
126,0,7,0,0,0,0,0,158880,0,0,0,0,49,0,0,0,0,0,0,0,0,0,0,0,0,0,0,0,0,0,0,0,0,0,141,0,0,0,94,0,0,0,0,0
126,0,8,0,0,0,0,0,158880,0,0,0,0,43,0,0,0,0,0,0,0,0,0,0,0,0,0,0,0,0,0,0,0,0,0,0,0,37,0,122,0,0,0,0,0
127,0,0,0,0,0,0,0,575078,0,0,2052,263168,116,0,0,0,0,0,5046,0,0,0,0,0,0,0,0,2052,2052,0,127718,0,374742,263168,0,711,0,116,238,0,0,0,0,3072
127,0,1,0,0,0,0,0,287539,5046,0,0,0,1711,0,0,0,0,0,5046,0,0,0,0,0,0,0,0,0,1042,0,63503,0,126730,0,0,331,291,519,3083,0,0,768,0,0
127,0,2,0,0,0,0,0,287539,0,0,0,0,336,768,0,0,0,0,0,0,0,0,0,0,0,0,0,0,0,0,63425,0,0,64768,0,463,264,0,663,0,0,0,0,768
127,0,3,0,0,0,0,0,287539,0,0,0,0,382,768,0,0,0,0,0,0,0,0,0,0,0,0,0,0,0,0,0,0,0,64772,0,21,0,223,616,768,0,0,0,768
127,0,4,0,0,0,0,0,287539,0,0,0,0,334,768,0,0,0,0,0,0,0,0,0,0,0,0,0,0,0,0,0,0,0,65022,1098,54,0,0,660,0,0,768,0,768
127,0,5,0,0,0,0,0,287539,0,0,0,0,323,768,0,0,0,0,0,0,0,0,0,0,0,0,0,0,0,0,0,0,0,64778,0,24,282,0,538,0,0,0,0,768
127,0,6,0,0,0,0,0,287539,0,0,0,0,55,0,0,0,0,0,0,0,0,0,0,0,0,0,0,0,0,0,0,0,0,0,0,0,0,37,132,0,0,0,0,0
127,0,7,0,0,0,0,0,287539,0,0,0,0,49,0,0,0,0,0,0,0,0,0,0,0,0,0,0,0,0,0,0,0,0,0,141,0,0,0,93,0,0,0,0,0
127,0,8,0,0,0,0,0,287539,0,0,0,0,43,0,0,0,0,0,0,0,0,0,0,0,0,0,0,0,0,0,0,0,0,0,0,0,37,0,109,0,0,0,0,0
128,0,0,0,0,0,0,0,575091,0,0,2052,263168,116,0,0,0,0,0,5043,0,0,0,0,0,0,0,0,2052,2052,0,127739,0,374816,263168,0,711,0,116,238,0,0,0,0,3072
128,0,1,0,0,0,0,0,287546,5043,0,0,0,1664,0,0,0,0,0,5043,0,0,0,0,0,0,0,0,0,948,0,63502,0,126779,0,0,326,316,546,3050,0,0,768,0,0
128,0,2,0,0,0,0,0,287546,0,0,0,0,318,768,0,0,0,0,0,0,0,0,0,0,0,0,0,0,0,0,63439,0,0,64780,0,437,282,0,644,0,0,0,0,768
128,0,3,0,0,0,0,0,287546,0,0,0,0,334,768,0,0,0,0,0,0,0,0,0,0,0,0,0,0,0,0,0,0,0,64768,0,21,0,271,594,768,0,0,0,768
128,0,4,0,0,0,0,0,287546,0,0,0,0,316,768,0,0,0,0,0,0,0,0,0,0,0,0,0,0,0,0,0,0,0,65022,1066,54,0,1,647,0,0,768,0,768
128,0,5,0,0,0,0,0,287546,0,0,0,0,322,768,0,0,0,0,0,0,0,0,0,0,0,0,0,0,0,0,0,0,0,64844,0,23,283,0,563,0,0,0,0,768
128,0,6,0,0,0,0,0,287546,0,0,0,0,55,0,0,0,0,0,0,0,0,0,0,0,0,0,0,0,0,0,0,0,0,0,0,0,0,37,132,0,0,0,0,0
128,0,7,0,0,0,0,0,287546,0,0,0,0,49,0,0,0,0,0,0,0,0,0,0,0,0,0,0,0,0,0,0,0,0,0,141,0,0,0,93,0,0,0,0,0
128,0,8,0,0,0,0,0,287546,0,0,0,0,43,0,0,0,0,0,0,0,0,0,0,0,0,0,0,0,0,0,0,0,0,0,0,0,37,0,110,0,0,0,0,0
129,0,0,0,0,0,0,0,575251,0,0,2052,263168,116,0,0,0,0,0,5052,0,0,0,0,0,0,0,0,2052,2052,0,127739,0,374561,263168,0,711,0,116,238,0,0,0,0,3072
129,0,1,0,0,0,0,0,287626,5052,0,0,0,1710,0,0,0,0,0,5052,0,0,0,0,0,0,0,0,0,951,0,63504,0,126685,0,0,323,299,520,3132,0,0,768,0,0
129,0,2,0,0,0,0,0,287626,0,0,0,0,341,768,0,0,0,0,0,0,0,0,0,0,0,0,0,0,0,0,63386,0,0,64779,0,448,260,0,681,0,0,0,0,768
129,0,3,0,0,0,0,0,287626,0,0,0,0,324,768,0,0,0,0,0,0,0,0,0,0,0,0,0,0,0,0,0,0,0,64768,0,21,0,281,566,768,0,0,0,768
129,0,4,0,0,0,0,0,287626,0,0,0,0,322,768,0,0,0,0,0,0,0,0,0,0,0,0,0,0,0,0,0,0,0,65022,1052,54,0,1,656,0,0,768,0,768
129,0,5,0,0,0,0,0,287626,0,0,0,0,323,768,0,0,0,0,0,0,0,0,0,0,0,0,0,0,0,0,0,0,0,64816,0,25,281,0,552,0,0,0,0,768
129,0,6,0,0,0,0,0,287626,0,0,0,0,55,0,0,0,0,0,0,0,0,0,0,0,0,0,0,0,0,0,0,0,0,0,0,0,0,37,132,0,0,0,0,0
129,0,7,0,0,0,0,0,287626,0,0,0,0,49,0,0,0,0,0,0,0,0,0,0,0,0,0,0,0,0,0,0,0,0,0,141,0,0,0,93,0,0,0,0,0
129,0,8,0,0,0,0,0,287626,0,0,0,0,43,0,0,0,0,0,0,0,0,0,0,0,0,0,0,0,0,0,0,0,0,0,0,0,37,0,108,0,0,0,0,0
130,0,0,0,0,0,0,0,835237,0,0,3078,394752,116,0,0,0,0,0,6597,0,0,0,0,0,0,0,0,3078,3078,0,252691,0,498375,394752,0,1224,0,116,238,0,0,0,0,4608
130,0,1,0,0,0,0,0,417619,6597,0,0,0,2716,0,0,0,0,0,6597,0,0,0,0,0,0,0,0,0,1575,0,126487,0,126721,0,0,572,173,419,4610,0,0,768,0,0
130,0,2,0,0,0,0,0,417619,0,0,0,0,410,768,0,0,0,0,0,0,0,0,0,0,0,0,0,0,0,0,63424,0,0,64768,0,567,191,0,732,0,0,0,0,768
130,0,3,0,0,0,0,0,417619,0,0,0,0,406,768,0,0,0,0,0,0,0,0,0,0,0,0,0,0,0,0,63474,0,0,65022,0,71,0,197,472,1536,0,0,0,768
130,0,4,0,0,0,0,0,417619,0,0,0,0,383,768,0,0,0,0,0,0,0,0,0,0,0,0,0,0,0,0,63992,0,0,65016,1671,337,0,0,700,0,0,768,0,768
130,0,5,0,0,0,0,0,417619,0,0,0,0,410,768,0,0,0,0,0,0,0,0,0,0,0,0,0,0,0,0,0,0,0,64769,0,25,195,0,520,0,0,0,0,768
130,0,6,0,0,0,0,0,417619,0,0,0,0,440,768,0,0,0,0,0,0,0,0,0,0,0,0,0,0,0,0,0,0,0,64783,0,0,0,165,982,768,0,0,0,768
130,0,7,0,0,0,0,0,417619,0,0,0,0,433,768,0,0,0,0,0,0,0,0,0,0,0,0,0,0,0,0,0,0,0,64768,654,0,0,1,709,0,0,0,0,768
130,0,8,0,0,0,0,0,417619,0,0,0,0,43,0,0,0,0,0,0,0,0,0,0,0,0,0,0,0,0,0,0,0,0,0,0,0,37,0,109,0,0,0,0,0
131,0,0,0,0,0,0,0,835261,0,0,3078,394752,116,0,0,0,0,0,6597,0,0,0,0,0,0,0,0,3078,3078,0,252785,0,497262,394752,0,1224,0,116,238,0,0,0,0,4608
131,0,1,0,0,0,0,0,417631,6597,0,0,0,2719,0,0,0,0,0,6597,0,0,0,0,0,0,0,0,0,1472,0,126508,0,126501,0,0,556,203,402,4636,0,0,768,0,0
131,0,2,0,0,0,0,0,417631,0,0,0,0,407,768,0,0,0,0,0,0,0,0,0,0,0,0,0,0,0,0,63304,0,0,64768,0,576,194,0,737,0,0,0,0,768
131,0,3,0,0,0,0,0,417631,0,0,0,0,379,768,0,0,0,0,0,0,0,0,0,0,0,0,0,0,0,0,63482,0,0,64912,0,60,0,224,485,1536,0,0,0,768
131,0,4,0,0,0,0,0,417631,0,0,0,0,406,768,0,0,0,0,0,0,0,0,0,0,0,0,0,0,0,0,63992,0,0,65024,1645,345,0,1,731,0,0,768,0,768
131,0,5,0,0,0,0,0,417631,0,0,0,0,407,768,0,0,0,0,0,0,0,0,0,0,0,0,0,0,0,0,0,0,0,64724,0,25,197,0,508,0,0,0,0,768
131,0,6,0,0,0,0,0,417631,0,0,0,0,390,768,0,0,0,0,0,0,0,0,0,0,0,0,0,0,0,0,0,0,0,64767,0,0,0,215,943,768,0,0,0,768
131,0,7,0,0,0,0,0,417631,0,0,0,0,409,768,0,0,0,0,0,0,0,0,0,0,0,0,0,0,0,0,0,0,0,64776,627,0,0,2,677,0,0,0,0,768
131,0,8,0,0,0,0,0,417631,0,0,0,0,43,0,0,0,0,0,0,0,0,0,0,0,0,0,0,0,0,0,0,0,0,0,0,0,37,0,108,0,0,0,0,0
132,0,0,0,0,0,0,0,835287,0,0,3078,394752,116,0,0,0,0,0,6597,0,0,0,0,0,0,0,0,3078,3078,0,252685,0,498130,394752,0,1224,0,116,238,0,0,0,0,4608
132,0,1,0,0,0,0,0,417644,6597,0,0,0,2800,0,0,0,0,0,6597,0,0,0,0,0,0,0,0,0,1444,0,126464,0,126545,0,0,508,222,350,4622,0,0,768,0,0
132,0,2,0,0,0,0,0,417644,0,0,0,0,378,768,0,0,0,0,0,0,0,0,0,0,0,0,0,0,0,0,63424,0,0,64807,0,625,223,0,711,0,0,0,0,768
132,0,3,0,0,0,0,0,417644,0,0,0,0,431,768,0,0,0,0,0,0,0,0,0,0,0,0,0,0,0,0,63482,0,0,65022,0,25,0,172,579,1536,0,0,0,768
132,0,4,0,0,0,0,0,417644,0,0,0,0,390,768,0,0,0,0,0,0,0,0,0,0,0,0,0,0,0,0,63984,0,0,65024,1711,312,0,1,796,0,0,768,0,768
132,0,5,0,0,0,0,0,417644,0,0,0,0,407,768,0,0,0,0,0,0,0,0,0,0,0,0,0,0,0,0,0,0,0,64787,0,11,197,0,473,0,0,0,0,768
132,0,6,0,0,0,0,0,417644,0,0,0,0,389,768,0,0,0,0,0,0,0,0,0,0,0,0,0,0,0,0,0,0,0,64785,0,0,0,216,977,768,0,0,0,768
132,0,7,0,0,0,0,0,417644,0,0,0,0,407,768,0,0,0,0,0,0,0,0,0,0,0,0,0,0,0,0,0,0,0,64765,629,0,0,1,708,0,0,0,0,768
132,0,8,0,0,0,0,0,417644,0,0,0,0,43,0,0,0,0,0,0,0,0,0,0,0,0,0,0,0,0,0,0,0,0,0,0,0,37,0,123,0,0,0,0,0
133,0,0,0,0,0,0,0,192112,0,0,130,65600,116,0,0,0,0,0,2145,0,0,0,0,0,0,0,0,130,130,0,0,0,129599,65600,0,196,0,116,238,0,0,0,0,192
133,0,1,0,0,0,0,0,96056,2145,0,0,0,662,0,0,0,0,0,2145,0,0,0,0,0,0,0,0,0,3,0,0,0,65110,0,0,84,81,100,1133,0,0,192,0,0
133,0,2,0,0,0,0,0,96056,0,0,0,0,138,192,0,0,0,0,0,0,0,0,0,0,0,0,0,0,0,0,0,0,0,65329,0,156,83,0,295,0,0,0,0,192
133,0,3,0,0,0,0,0,96056,0,0,0,0,46,0,0,0,0,0,0,0,0,0,0,0,0,0,0,0,0,0,0,0,0,0,0,21,0,46,70,0,0,0,0,0
133,0,4,0,0,0,0,0,96056,0,0,0,0,46,0,0,0,0,0,0,0,0,0,0,0,0,0,0,0,0,0,0,0,0,0,264,54,0,0,104,0,0,0,0,0
133,0,5,0,0,0,0,0,96056,0,0,0,0,49,0,0,0,0,0,0,0,0,0,0,0,0,0,0,0,0,0,0,0,0,0,0,23,43,0,55,0,0,0,0,0
133,0,6,0,0,0,0,0,96056,0,0,0,0,55,0,0,0,0,0,0,0,0,0,0,0,0,0,0,0,0,0,0,0,0,0,0,0,0,37,132,0,0,0,0,0
133,0,7,0,0,0,0,0,96056,0,0,0,0,49,0,0,0,0,0,0,0,0,0,0,0,0,0,0,0,0,0,0,0,0,0,141,0,0,0,93,0,0,0,0,0
133,0,8,0,0,0,0,0,96056,0,0,0,0,43,0,0,0,0,0,0,0,0,0,0,0,0,0,0,0,0,0,0,0,0,0,0,0,37,0,107,0,0,0,0,0
134,0,0,0,0,0,0,0,192013,0,0,130,65600,116,0,0,0,0,0,2145,0,0,0,0,0,0,0,0,130,130,0,0,0,129629,65600,0,196,0,116,238,0,0,0,0,192
134,0,1,0,0,0,0,0,96007,2145,0,0,0,666,0,0,0,0,0,2145,0,0,0,0,0,0,0,0,0,2,0,0,0,65120,0,0,84,81,96,1141,0,0,192,0,0
134,0,2,0,0,0,0,0,96007,0,0,0,0,142,192,0,0,0,0,0,0,0,0,0,0,0,0,0,0,0,0,0,0,0,65335,0,156,79,0,303,0,0,0,0,192
134,0,3,0,0,0,0,0,96007,0,0,0,0,46,0,0,0,0,0,0,0,0,0,0,0,0,0,0,0,0,0,0,0,0,0,0,21,0,46,70,0,0,0,0,0
134,0,4,0,0,0,0,0,96007,0,0,0,0,46,0,0,0,0,0,0,0,0,0,0,0,0,0,0,0,0,0,0,0,0,0,264,54,0,0,104,0,0,0,0,0
134,0,5,0,0,0,0,0,96007,0,0,0,0,49,0,0,0,0,0,0,0,0,0,0,0,0,0,0,0,0,0,0,0,0,0,0,23,43,0,55,0,0,0,0,0
134,0,6,0,0,0,0,0,96007,0,0,0,0,55,0,0,0,0,0,0,0,0,0,0,0,0,0,0,0,0,0,0,0,0,0,0,0,0,37,132,0,0,0,0,0
134,0,7,0,0,0,0,0,96007,0,0,0,0,49,0,0,0,0,0,0,0,0,0,0,0,0,0,0,0,0,0,0,0,0,0,141,0,0,0,93,0,0,0,0,0
134,0,8,0,0,0,0,0,96007,0,0,0,0,43,0,0,0,0,0,0,0,0,0,0,0,0,0,0,0,0,0,0,0,0,0,0,0,37,0,107,0,0,0,0,0
135,0,0,0,0,0,0,0,192019,0,0,130,65600,116,0,0,0,0,0,2145,0,0,0,0,0,0,0,0,130,130,0,0,0,129638,65600,0,196,0,116,238,0,0,0,0,192
135,0,1,0,0,0,0,0,96009,2145,0,0,0,701,0,0,0,0,0,2145,0,0,0,0,0,0,0,0,0,5,0,0,0,65121,0,0,83,70,73,1174,0,0,192,0,0
135,0,2,0,0,0,0,0,96009,0,0,0,0,139,192,0,0,0,0,0,0,0,0,0,0,0,0,0,0,0,0,0,0,0,65335,0,172,81,0,308,0,0,0,0,192
135,0,3,0,0,0,0,0,96009,0,0,0,0,49,0,0,0,0,0,0,0,0,0,0,0,0,0,0,0,0,0,0,0,0,0,0,7,0,43,63,0,0,0,0,0
135,0,4,0,0,0,0,0,96009,0,0,0,0,49,0,0,0,0,0,0,0,0,0,0,0,0,0,0,0,0,0,0,0,0,0,264,53,0,0,109,0,0,0,0,0
135,0,5,0,0,0,0,0,96009,0,0,0,0,49,0,0,0,0,0,0,0,0,0,0,0,0,0,0,0,0,0,0,0,0,0,0,8,43,0,54,0,0,0,0,0
135,0,6,0,0,0,0,0,96009,0,0,0,0,55,0,0,0,0,0,0,0,0,0,0,0,0,0,0,0,0,0,0,0,0,0,0,0,0,37,146,0,0,0,0,0
135,0,7,0,0,0,0,0,96009,0,0,0,0,49,0,0,0,0,0,0,0,0,0,0,0,0,0,0,0,0,0,0,0,0,0,141,0,0,0,94,0,0,0,0,0
135,0,8,0,0,0,0,0,96009,0,0,0,0,43,0,0,0,0,0,0,0,0,0,0,0,0,0,0,0,0,0,0,0,0,0,0,0,37,0,122,0,0,0,0,0
136,0,0,0,0,0,0,0,317407,0,0,258,131200,116,0,0,0,0,0,2340,0,0,0,0,0,0,0,0,258,258,0,130167,0,129691,131200,0,327,0,116,238,0,0,0,0,384
136,0,1,0,0,0,0,0,158704,2340,0,0,0,707,0,0,0,0,0,2340,0,0,0,0,0,0,0,0,0,128,0,0,0,65139,0,0,84,145,120,1216,0,0,192,0,0
136,0,2,0,0,0,0,0,158704,0,0,0,0,161,192,0,0,0,0,0,0,0,0,0,0,0,0,0,0,0,0,0,0,0,65342,0,156,58,0,296,0,0,0,0,192
136,0,3,0,0,0,0,0,158704,0,0,0,0,159,192,0,0,0,0,0,0,0,0,0,0,0,0,0,0,0,0,0,0,0,65336,0,21,0,62,246,0,0,0,0,192
136,0,4,0,0,0,0,0,158704,0,0,0,0,46,0,0,0,0,0,0,0,0,0,0,0,0,0,0,0,0,0,0,0,0,0,377,54,0,0,104,0,0,0,0,0
136,0,5,0,0,0,0,0,158704,0,0,0,0,49,0,0,0,0,0,0,0,0,0,0,0,0,0,0,0,0,0,0,0,0,0,0,24,43,0,55,0,0,0,0,0
136,0,6,0,0,0,0,0,158704,0,0,0,0,55,0,0,0,0,0,0,0,0,0,0,0,0,0,0,0,0,0,0,0,0,0,0,0,0,37,132,0,0,0,0,0
136,0,7,0,0,0,0,0,158704,0,0,0,0,49,0,0,0,0,0,0,0,0,0,0,0,0,0,0,0,0,0,0,0,0,0,141,0,0,0,93,0,0,0,0,0
136,0,8,0,0,0,0,0,158704,0,0,0,0,43,0,0,0,0,0,0,0,0,0,0,0,0,0,0,0,0,0,0,0,0,0,0,0,37,0,107,0,0,0,0,0
137,0,0,0,0,0,0,0,317413,0,0,258,131200,116,0,0,0,0,0,2343,0,0,0,0,0,0,0,0,258,258,0,130146,0,129681,131200,0,327,0,116,238,0,0,0,0,384
137,0,1,0,0,0,0,0,158707,2343,0,0,0,717,0,0,0,0,0,2343,0,0,0,0,0,0,0,0,0,133,0,0,0,65146,0,0,84,139,116,1228,0,0,192,0,0
137,0,2,0,0,0,0,0,158707,0,0,0,0,154,192,0,0,0,0,0,0,0,0,0,0,0,0,0,0,0,0,0,0,0,65345,0,156,65,0,293,0,0,0,0,192
137,0,3,0,0,0,0,0,158707,0,0,0,0,151,192,0,0,0,0,0,0,0,0,0,0,0,0,0,0,0,0,0,0,0,65324,0,21,0,70,234,0,0,0,0,192
137,0,4,0,0,0,0,0,158707,0,0,0,0,46,0,0,0,0,0,0,0,0,0,0,0,0,0,0,0,0,0,0,0,0,0,368,54,0,1,104,0,0,0,0,0
137,0,5,0,0,0,0,0,158707,0,0,0,0,49,0,0,0,0,0,0,0,0,0,0,0,0,0,0,0,0,0,0,0,0,0,0,23,43,0,55,0,0,0,0,0
137,0,6,0,0,0,0,0,158707,0,0,0,0,55,0,0,0,0,0,0,0,0,0,0,0,0,0,0,0,0,0,0,0,0,0,0,0,0,37,132,0,0,0,0,0
137,0,7,0,0,0,0,0,158707,0,0,0,0,49,0,0,0,0,0,0,0,0,0,0,0,0,0,0,0,0,0,0,0,0,0,141,0,0,0,93,0,0,0,0,0
137,0,8,0,0,0,0,0,158707,0,0,0,0,43,0,0,0,0,0,0,0,0,0,0,0,0,0,0,0,0,0,0,0,0,0,0,0,37,0,108,0,0,0,0,0
138,0,0,0,0,0,0,0,317466,0,0,258,131200,116,0,0,0,0,0,2340,0,0,0,0,0,0,0,0,258,258,0,130179,0,129600,131200,0,327,0,116,238,0,0,0,0,384
138,0,1,0,0,0,0,0,158733,2340,0,0,0,712,0,0,0,0,0,2340,0,0,0,0,0,0,0,0,0,132,0,0,0,65111,0,0,84,139,121,1230,0,0,192,0,0
138,0,2,0,0,0,0,0,158733,0,0,0,0,164,192,0,0,0,0,0,0,0,0,0,0,0,0,0,0,0,0,0,0,0,65333,0,156,55,0,298,0,0,0,0,192
138,0,3,0,0,0,0,0,158733,0,0,0,0,153,192,0,0,0,0,0,0,0,0,0,0,0,0,0,0,0,0,0,0,0,65335,0,21,0,68,235,0,0,0,0,192
138,0,4,0,0,0,0,0,158733,0,0,0,0,46,0,0,0,0,0,0,0,0,0,0,0,0,0,0,0,0,0,0,0,0,0,371,54,0,0,104,0,0,0,0,0
138,0,5,0,0,0,0,0,158733,0,0,0,0,49,0,0,0,0,0,0,0,0,0,0,0,0,0,0,0,0,0,0,0,0,0,0,24,43,0,55,0,0,0,0,0
138,0,6,0,0,0,0,0,158733,0,0,0,0,55,0,0,0,0,0,0,0,0,0,0,0,0,0,0,0,0,0,0,0,0,0,0,0,0,37,132,0,0,0,0,0
138,0,7,0,0,0,0,0,158733,0,0,0,0,49,0,0,0,0,0,0,0,0,0,0,0,0,0,0,0,0,0,0,0,0,0,141,0,0,0,93,0,0,0,0,0
138,0,8,0,0,0,0,0,158733,0,0,0,0,43,0,0,0,0,0,0,0,0,0,0,0,0,0,0,0,0,0,0,0,0,0,0,0,37,0,107,0,0,0,0,0
139,0,0,0,0,0,0,0,578831,0,0,516,262400,116,0,0,0,0,0,2742,0,0,0,0,0,0,0,0,516,516,0,130237,0,388067,262400,0,327,0,116,238,0,0,0,0,768
139,0,1,0,0,0,0,0,289416,2742,0,0,0,913,0,0,0,0,0,2742,0,0,0,0,0,0,0,0,0,261,0,64854,0,129991,0,0,145,120,138,1549,0,0,192,0,0
139,0,2,0,0,0,0,0,289416,0,0,0,0,123,192,0,0,0,0,0,0,0,0,0,0,0,0,0,0,0,0,65025,0,0,65349,0,257,94,0,268,0,0,0,0,192
139,0,3,0,0,0,0,0,289416,0,0,0,0,131,192,0,0,0,0,0,0,0,0,0,0,0,0,0,0,0,0,0,0,0,65344,0,7,0,90,196,192,0,0,0,192
139,0,4,0,0,0,0,0,289416,0,0,0,0,131,192,0,0,0,0,0,0,0,0,0,0,0,0,0,0,0,0,0,0,0,65349,468,53,0,1,260,0,0,192,0,192
139,0,5,0,0,0,0,0,289416,0,0,0,0,126,192,0,0,0,0,0,0,0,0,0,0,0,0,0,0,0,0,0,0,0,65347,0,10,95,0,176,0,0,0,0,192
139,0,6,0,0,0,0,0,289416,0,0,0,0,55,0,0,0,0,0,0,0,0,0,0,0,0,0,0,0,0,0,0,0,0,0,0,0,0,37,146,0,0,0,0,0
139,0,7,0,0,0,0,0,289416,0,0,0,0,49,0,0,0,0,0,0,0,0,0,0,0,0,0,0,0,0,0,0,0,0,0,141,0,0,0,94,0,0,0,0,0
139,0,8,0,0,0,0,0,289416,0,0,0,0,43,0,0,0,0,0,0,0,0,0,0,0,0,0,0,0,0,0,0,0,0,0,0,0,37,0,123,0,0,0,0,0
140,0,0,0,0,0,0,0,578785,0,0,516,262400,116,0,0,0,0,0,2739,0,0,0,0,0,0,0,0,516,516,0,129836,0,388625,262400,0,327,0,116,238,0,0,0,0,768
140,0,1,0,0,0,0,0,289393,2739,0,0,0,901,0,0,0,0,0,2739,0,0,0,0,0,0,0,0,0,259,0,65032,0,129992,0,0,140,124,151,1529,0,0,192,0,0
140,0,2,0,0,0,0,0,289393,0,0,0,0,118,192,0,0,0,0,0,0,0,0,0,0,0,0,0,0,0,0,65025,0,0,65346,0,245,98,0,263,0,0,0,0,192
140,0,3,0,0,0,0,0,289393,0,0,0,0,128,192,0,0,0,0,0,0,0,0,0,0,0,0,0,0,0,0,0,0,0,65255,0,7,0,93,196,192,0,0,0,192
140,0,4,0,0,0,0,0,289393,0,0,0,0,131,192,0,0,0,0,0,0,0,0,0,0,0,0,0,0,0,0,0,0,0,65406,472,53,0,0,265,0,0,192,0,192
140,0,5,0,0,0,0,0,289393,0,0,0,0,132,192,0,0,0,0,0,0,0,0,0,0,0,0,0,0,0,0,0,0,0,65352,0,10,89,0,195,0,0,0,0,192
140,0,6,0,0,0,0,0,289393,0,0,0,0,55,0,0,0,0,0,0,0,0,0,0,0,0,0,0,0,0,0,0,0,0,0,0,0,0,37,146,0,0,0,0,0
140,0,7,0,0,0,0,0,289393,0,0,0,0,49,0,0,0,0,0,0,0,0,0,0,0,0,0,0,0,0,0,0,0,0,0,141,0,0,0,94,0,0,0,0,0
140,0,8,0,0,0,0,0,289393,0,0,0,0,43,0,0,0,0,0,0,0,0,0,0,0,0,0,0,0,0,0,0,0,0,0,0,0,37,0,123,0,0,0,0,0
141,0,0,0,0,0,0,0,578769,0,0,516,262400,116,0,0,0,0,0,2739,0,0,0,0,0,0,0,0,516,516,0,130230,0,388070,262400,0,327,0,116,238,0,0,0,0,768
141,0,1,0,0,0,0,0,289385,2739,0,0,0,870,0,0,0,0,0,2739,0,0,0,0,0,0,0,0,0,263,0,64860,0,129985,0,0,144,137,165,1517,0,0,192,0,0
141,0,2,0,0,0,0,0,289385,0,0,0,0,130,192,0,0,0,0,0,0,0,0,0,0,0,0,0,0,0,0,65024,0,0,65349,0,238,87,0,267,0,0,0,0,192
141,0,3,0,0,0,0,0,289385,0,0,0,0,122,192,0,0,0,0,0,0,0,0,0,0,0,0,0,0,0,0,0,0,0,65344,0,21,0,99,202,192,0,0,0,192
141,0,4,0,0,0,0,0,289385,0,0,0,0,125,192,0,0,0,0,0,0,0,0,0,0,0,0,0,0,0,0,0,0,0,65348,464,54,0,0,254,0,0,192,0,192
141,0,5,0,0,0,0,0,289385,0,0,0,0,124,192,0,0,0,0,0,0,0,0,0,0,0,0,0,0,0,0,0,0,0,65347,0,25,97,0,179,0,0,0,0,192
141,0,6,0,0,0,0,0,289385,0,0,0,0,55,0,0,0,0,0,0,0,0,0,0,0,0,0,0,0,0,0,0,0,0,0,0,0,0,37,132,0,0,0,0,0
141,0,7,0,0,0,0,0,289385,0,0,0,0,49,0,0,0,0,0,0,0,0,0,0,0,0,0,0,0,0,0,0,0,0,0,141,0,0,0,93,0,0,0,0,0
141,0,8,0,0,0,0,0,289385,0,0,0,0,43,0,0,0,0,0,0,0,0,0,0,0,0,0,0,0,0,0,0,0,0,0,0,0,37,0,108,0,0,0,0,0
142,0,0,0,0,0,0,0,840240,0,0,774,393600,116,0,0,0,0,0,3141,0,0,0,0,0,0,0,0,774,774,0,259628,0,517383,393600,0,456,0,116,238,0,0,0,0,1152
142,0,1,0,0,0,0,0,420120,3141,0,0,0,1150,0,0,0,0,0,3141,0,0,0,0,0,0,0,0,0,385,0,129876,0,129903,0,0,201,108,117,1910,0,0,192,0,0
142,0,2,0,0,0,0,0,420120,0,0,0,0,137,192,0,0,0,0,0,0,0,0,0,0,0,0,0,0,0,0,64978,0,0,65344,0,278,80,0,282,0,0,0,0,192
142,0,3,0,0,0,0,0,420120,0,0,0,0,132,192,0,0,0,0,0,0,0,0,0,0,0,0,0,0,0,0,65007,0,0,65386,0,23,0,87,168,384,0,0,0,192
142,0,4,0,0,0,0,0,420120,0,0,0,0,135,192,0,0,0,0,0,0,0,0,0,0,0,0,0,0,0,0,65130,0,0,65403,612,123,0,1,269,0,0,192,0,192
142,0,5,0,0,0,0,0,420120,0,0,0,0,141,192,0,0,0,0,0,0,0,0,0,0,0,0,0,0,0,0,0,0,0,65334,0,10,80,0,170,0,0,0,0,192
142,0,6,0,0,0,0,0,420120,0,0,0,0,143,192,0,0,0,0,0,0,0,0,0,0,0,0,0,0,0,0,0,0,0,65335,0,0,0,78,349,192,0,0,0,192
142,0,7,0,0,0,0,0,420120,0,0,0,0,141,192,0,0,0,0,0,0,0,0,0,0,0,0,0,0,0,0,0,0,0,65338,265,0,0,1,247,0,0,0,0,192
142,0,8,0,0,0,0,0,420120,0,0,0,0,43,0,0,0,0,0,0,0,0,0,0,0,0,0,0,0,0,0,0,0,0,0,0,0,37,0,124,0,0,0,0,0
143,0,0,0,0,0,0,0,840187,0,0,774,393600,116,0,0,0,0,0,3141,0,0,0,0,0,0,0,0,774,774,0,259628,0,517397,393600,0,456,0,116,238,0,0,0,0,1152
143,0,1,0,0,0,0,0,420094,3141,0,0,0,1119,0,0,0,0,0,3141,0,0,0,0,0,0,0,0,0,388,0,129925,0,129862,0,0,204,112,141,1880,0,0,192,0,0
143,0,2,0,0,0,0,0,420094,0,0,0,0,136,192,0,0,0,0,0,0,0,0,0,0,0,0,0,0,0,0,64965,0,0,65337,0,266,80,0,270,0,0,0,0,192
143,0,3,0,0,0,0,0,420094,0,0,0,0,138,192,0,0,0,0,0,0,0,0,0,0,0,0,0,0,0,0,65011,0,0,65385,0,30,0,81,184,384,0,0,0,192
143,0,4,0,0,0,0,0,420094,0,0,0,0,136,192,0,0,0,0,0,0,0,0,0,0,0,0,0,0,0,0,65151,0,0,65408,611,125,0,1,265,0,0,192,0,192
143,0,5,0,0,0,0,0,420094,0,0,0,0,136,192,0,0,0,0,0,0,0,0,0,0,0,0,0,0,0,0,0,0,0,65331,0,23,85,0,164,0,0,0,0,192
143,0,6,0,0,0,0,0,420094,0,0,0,0,142,192,0,0,0,0,0,0,0,0,0,0,0,0,0,0,0,0,0,0,0,65342,0,0,0,79,341,192,0,0,0,192
143,0,7,0,0,0,0,0,420094,0,0,0,0,139,192,0,0,0,0,0,0,0,0,0,0,0,0,0,0,0,0,0,0,0,65345,266,0,0,1,243,0,0,0,0,192
143,0,8,0,0,0,0,0,420094,0,0,0,0,43,0,0,0,0,0,0,0,0,0,0,0,0,0,0,0,0,0,0,0,0,0,0,0,37,0,111,0,0,0,0,0
144,0,0,0,0,0,0,0,840215,0,0,774,393600,116,0,0,0,0,0,3141,0,0,0,0,0,0,0,0,774,774,0,259564,0,517435,393600,0,456,0,116,238,0,0,0,0,1152
144,0,1,0,0,0,0,0,420108,3141,0,0,0,1145,0,0,0,0,0,3141,0,0,0,0,0,0,0,0,0,388,0,129880,0,129927,0,0,203,110,118,1911,0,0,192,0,0
144,0,2,0,0,0,0,0,420108,0,0,0,0,129,192,0,0,0,0,0,0,0,0,0,0,0,0,0,0,0,0,65009,0,0,65338,0,280,88,0,271,0,0,0,0,192
144,0,3,0,0,0,0,0,420108,0,0,0,0,135,192,0,0,0,0,0,0,0,0,0,0,0,0,0,0,0,0,64982,0,0,65389,0,26,0,84,170,384,0,0,0,192
144,0,4,0,0,0,0,0,420108,0,0,0,0,137,192,0,0,0,0,0,0,0,0,0,0,0,0,0,0,0,0,65147,0,0,65398,598,127,0,1,265,0,0,192,0,192
144,0,5,0,0,0,0,0,420108,0,0,0,0,140,192,0,0,0,0,0,0,0,0,0,0,0,0,0,0,0,0,0,0,0,65350,0,10,81,0,167,0,0,0,0,192
144,0,6,0,0,0,0,0,420108,0,0,0,0,146,192,0,0,0,0,0,0,0,0,0,0,0,0,0,0,0,0,0,0,0,65330,0,0,0,75,349,192,0,0,0,192
144,0,7,0,0,0,0,0,420108,0,0,0,0,130,192,0,0,0,0,0,0,0,0,0,0,0,0,0,0,0,0,0,0,0,65344,279,0,0,1,232,0,0,0,0,192
144,0,8,0,0,0,0,0,420108,0,0,0,0,43,0,0,0,0,0,0,0,0,0,0,0,0,0,0,0,0,0,0,0,0,0,0,0,37,0,124,0,0,0,0,0
145,0,0,0,0,0,0,0,187427,0,0,34,65552,116,0,0,0,0,0,2001,0,0,0,0,0,0,0,0,34,34,0,0,0,130658,65552,0,196,0,116,238,0,0,0,0,48
145,0,1,0,0,0,0,0,93714,2001,0,0,0,634,0,0,0,0,0,2001,0,0,0,0,0,0,0,0,0,1,0,0,0,65417,0,0,83,70,44,1037,0,0,48,0,0
145,0,2,0,0,0,0,0,93714,0,0,0,0,70,48,0,0,0,0,0,0,0,0,0,0,0,0,0,0,0,0,0,0,0,65484,0,171,55,0,172,0,0,0,0,48
145,0,3,0,0,0,0,0,93714,0,0,0,0,49,0,0,0,0,0,0,0,0,0,0,0,0,0,0,0,0,0,0,0,0,0,0,7,0,43,63,0,0,0,0,0
145,0,4,0,0,0,0,0,93714,0,0,0,0,49,0,0,0,0,0,0,0,0,0,0,0,0,0,0,0,0,0,0,0,0,0,264,53,0,0,109,0,0,0,0,0
145,0,5,0,0,0,0,0,93714,0,0,0,0,49,0,0,0,0,0,0,0,0,0,0,0,0,0,0,0,0,0,0,0,0,0,0,9,43,0,54,0,0,0,0,0
145,0,6,0,0,0,0,0,93714,0,0,0,0,55,0,0,0,0,0,0,0,0,0,0,0,0,0,0,0,0,0,0,0,0,0,0,0,0,37,146,0,0,0,0,0
145,0,7,0,0,0,0,0,93714,0,0,0,0,49,0,0,0,0,0,0,0,0,0,0,0,0,0,0,0,0,0,0,0,0,0,141,0,0,0,94,0,0,0,0,0
145,0,8,0,0,0,0,0,93714,0,0,0,0,43,0,0,0,0,0,0,0,0,0,0,0,0,0,0,0,0,0,0,0,0,0,0,0,37,0,121,0,0,0,0,0
146,0,0,0,0,0,0,0,187438,0,0,34,65552,116,0,0,0,0,0,2001,0,0,0,0,0,0,0,0,34,34,0,0,0,130612,65552,0,196,0,116,238,0,0,0,0,48
146,0,1,0,0,0,0,0,93719,2001,0,0,0,632,0,0,0,0,0,2001,0,0,0,0,0,0,0,0,0,4,0,0,0,65405,0,0,83,70,46,1036,0,0,48,0,0
146,0,2,0,0,0,0,0,93719,0,0,0,0,70,48,0,0,0,0,0,0,0,0,0,0,0,0,0,0,0,0,0,0,0,65481,0,172,54,0,170,0,0,0,0,48
146,0,3,0,0,0,0,0,93719,0,0,0,0,49,0,0,0,0,0,0,0,0,0,0,0,0,0,0,0,0,0,0,0,0,0,0,7,0,43,63,0,0,0,0,0
146,0,4,0,0,0,0,0,93719,0,0,0,0,49,0,0,0,0,0,0,0,0,0,0,0,0,0,0,0,0,0,0,0,0,0,264,53,0,0,109,0,0,0,0,0
146,0,5,0,0,0,0,0,93719,0,0,0,0,49,0,0,0,0,0,0,0,0,0,0,0,0,0,0,0,0,0,0,0,0,0,0,8,43,0,54,0,0,0,0,0
146,0,6,0,0,0,0,0,93719,0,0,0,0,55,0,0,0,0,0,0,0,0,0,0,0,0,0,0,0,0,0,0,0,0,0,0,0,0,37,146,0,0,0,0,0
146,0,7,0,0,0,0,0,93719,0,0,0,0,49,0,0,0,0,0,0,0,0,0,0,0,0,0,0,0,0,0,0,0,0,0,141,0,0,0,94,0,0,0,0,0
146,0,8,0,0,0,0,0,93719,0,0,0,0,43,0,0,0,0,0,0,0,0,0,0,0,0,0,0,0,0,0,0,0,0,0,0,0,37,0,122,0,0,0,0,0
147,0,0,0,0,0,0,0,187483,0,0,36,65552,116,0,0,0,0,0,2004,0,0,0,0,0,0,0,0,36,36,0,0,0,130689,65552,0,196,0,116,238,0,0,0,0,48
147,0,1,0,0,0,0,0,93742,2004,0,0,0,594,0,0,0,0,0,2004,0,0,0,0,0,0,0,0,0,3,0,0,0,65424,0,0,84,81,74,1000,0,0,48,0,0
147,0,2,0,0,0,0,0,93742,0,0,0,0,73,48,0,0,0,0,0,0,0,0,0,0,0,0,0,0,0,0,0,0,0,65487,0,156,54,0,162,0,0,0,0,48
147,0,3,0,0,0,0,0,93742,0,0,0,0,46,0,0,0,0,0,0,0,0,0,0,0,0,0,0,0,0,0,0,0,0,0,0,21,0,46,70,0,0,0,0,0
147,0,4,0,0,0,0,0,93742,0,0,0,0,46,0,0,0,0,0,0,0,0,0,0,0,0,0,0,0,0,0,0,0,0,0,264,54,0,0,104,0,0,0,0,0
147,0,5,0,0,0,0,0,93742,0,0,0,0,49,0,0,0,0,0,0,0,0,0,0,0,0,0,0,0,0,0,0,0,0,0,0,23,43,0,55,0,0,0,0,0
147,0,6,0,0,0,0,0,93742,0,0,0,0,55,0,0,0,0,0,0,0,0,0,0,0,0,0,0,0,0,0,0,0,0,0,0,0,0,37,132,0,0,0,0,0
147,0,7,0,0,0,0,0,93742,0,0,0,0,49,0,0,0,0,0,0,0,0,0,0,0,0,0,0,0,0,0,0,0,0,0,141,0,0,0,93,0,0,0,0,0
147,0,8,0,0,0,0,0,93742,0,0,0,0,43,0,0,0,0,0,0,0,0,0,0,0,0,0,0,0,0,0,0,0,0,0,0,0,37,0,107,0,0,0,0,0
148,0,0,0,0,0,0,0,317348,0,0,66,131104,116,0,0,0,0,0,2052,0,0,0,0,0,0,0,0,66,66,0,130757,0,130677,131104,0,231,0,116,238,0,0,0,0,96
148,0,1,0,0,0,0,0,158674,2052,0,0,0,651,0,0,0,0,0,2052,0,0,0,0,0,0,0,0,0,31,0,0,0,65420,0,0,83,81,49,1064,0,0,48,0,0
148,0,2,0,0,0,0,0,158674,0,0,0,0,69,48,0,0,0,0,0,0,0,0,0,0,0,0,0,0,0,0,0,0,0,65487,0,171,54,0,164,0,0,0,0,48
148,0,3,0,0,0,0,0,158674,0,0,0,0,71,48,0,0,0,0,0,0,0,0,0,0,0,0,0,0,0,0,0,0,0,65469,0,7,0,54,96,0,0,0,0,48
148,0,4,0,0,0,0,0,158674,0,0,0,0,49,0,0,0,0,0,0,0,0,0,0,0,0,0,0,0,0,0,0,0,0,0,285,53,0,1,109,0,0,0,0,0
148,0,5,0,0,0,0,0,158674,0,0,0,0,49,0,0,0,0,0,0,0,0,0,0,0,0,0,0,0,0,0,0,0,0,0,0,9,43,0,54,0,0,0,0,0
148,0,6,0,0,0,0,0,158674,0,0,0,0,55,0,0,0,0,0,0,0,0,0,0,0,0,0,0,0,0,0,0,0,0,0,0,0,0,37,146,0,0,0,0,0
148,0,7,0,0,0,0,0,158674,0,0,0,0,49,0,0,0,0,0,0,0,0,0,0,0,0,0,0,0,0,0,0,0,0,0,141,0,0,0,94,0,0,0,0,0
148,0,8,0,0,0,0,0,158674,0,0,0,0,43,0,0,0,0,0,0,0,0,0,0,0,0,0,0,0,0,0,0,0,0,0,0,0,37,0,122,0,0,0,0,0
149,0,0,0,0,0,0,0,317409,0,0,66,131104,116,0,0,0,0,0,2055,0,0,0,0,0,0,0,0,66,66,0,130805,0,130664,131104,0,231,0,116,238,0,0,0,0,96
149,0,1,0,0,0,0,0,158705,2055,0,0,0,608,0,0,0,0,0,2055,0,0,0,0,0,0,0,0,0,32,0,0,0,65413,0,0,84,96,76,1023,0,0,48,0,0
149,0,2,0,0,0,0,0,158705,0,0,0,0,75,48,0,0,0,0,0,0,0,0,0,0,0,0,0,0,0,0,0,0,0,65481,0,156,48,0,158,0,0,0,0,48
149,0,3,0,0,0,0,0,158705,0,0,0,0,72,48,0,0,0,0,0,0,0,0,0,0,0,0,0,0,0,0,0,0,0,65476,0,21,0,53,112,0,0,0,0,48
149,0,4,0,0,0,0,0,158705,0,0,0,0,46,0,0,0,0,0,0,0,0,0,0,0,0,0,0,0,0,0,0,0,0,0,289,54,0,1,104,0,0,0,0,0
149,0,5,0,0,0,0,0,158705,0,0,0,0,49,0,0,0,0,0,0,0,0,0,0,0,0,0,0,0,0,0,0,0,0,0,0,23,43,0,55,0,0,0,0,0
149,0,6,0,0,0,0,0,158705,0,0,0,0,55,0,0,0,0,0,0,0,0,0,0,0,0,0,0,0,0,0,0,0,0,0,0,0,0,37,132,0,0,0,0,0
149,0,7,0,0,0,0,0,158705,0,0,0,0,49,0,0,0,0,0,0,0,0,0,0,0,0,0,0,0,0,0,0,0,0,0,141,0,0,0,93,0,0,0,0,0
149,0,8,0,0,0,0,0,158705,0,0,0,0,43,0,0,0,0,0,0,0,0,0,0,0,0,0,0,0,0,0,0,0,0,0,0,0,37,0,108,0,0,0,0,0
150,0,0,0,0,0,0,0,317409,0,0,66,131104,116,0,0,0,0,0,2052,0,0,0,0,0,0,0,0,66,66,0,130807,0,130626,131104,0,231,0,116,238,0,0,0,0,96
150,0,1,0,0,0,0,0,158705,2052,0,0,0,646,0,0,0,0,0,2052,0,0,0,0,0,0,0,0,0,31,0,0,0,65407,0,0,83,84,51,1057,0,0,48,0,0
150,0,2,0,0,0,0,0,158705,0,0,0,0,69,48,0,0,0,0,0,0,0,0,0,0,0,0,0,0,0,0,0,0,0,65479,0,171,54,0,162,0,0,0,0,48
150,0,3,0,0,0,0,0,158705,0,0,0,0,73,48,0,0,0,0,0,0,0,0,0,0,0,0,0,0,0,0,0,0,0,65478,0,7,0,52,101,0,0,0,0,48
150,0,4,0,0,0,0,0,158705,0,0,0,0,49,0,0,0,0,0,0,0,0,0,0,0,0,0,0,0,0,0,0,0,0,0,287,53,0,1,109,0,0,0,0,0
150,0,5,0,0,0,0,0,158705,0,0,0,0,49,0,0,0,0,0,0,0,0,0,0,0,0,0,0,0,0,0,0,0,0,0,0,9,43,0,54,0,0,0,0,0
150,0,6,0,0,0,0,0,158705,0,0,0,0,55,0,0,0,0,0,0,0,0,0,0,0,0,0,0,0,0,0,0,0,0,0,0,0,0,37,146,0,0,0,0,0
150,0,7,0,0,0,0,0,158705,0,0,0,0,49,0,0,0,0,0,0,0,0,0,0,0,0,0,0,0,0,0,0,0,0,0,141,0,0,0,94,0,0,0,0,0
150,0,8,0,0,0,0,0,158705,0,0,0,0,43,0,0,0,0,0,0,0,0,0,0,0,0,0,0,0,0,0,0,0,0,0,0,0,37,0,122,0,0,0,0,0
151,0,0,0,0,0,0,0,579582,0,0,132,262208,116,0,0,0,0,0,2166,0,0,0,0,0,0,0,0,132,132,0,130783,0,391779,262208,0,231,0,116,238,0,0,0,0,192
151,0,1,0,0,0,0,0,289791,2166,0,0,0,689,0,0,0,0,0,2166,0,0,0,0,0,0,0,0,0,63,0,65392,0,130744,0,0,96,83,64,1133,0,0,48,0,0
151,0,2,0,0,0,0,0,289791,0,0,0,0,65,48,0,0,0,0,0,0,0,0,0,0,0,0,0,0,0,0,65401,0,0,65480,0,192,56,0,157,0,0,0,0,48
151,0,3,0,0,0,0,0,289791,0,0,0,0,69,48,0,0,0,0,0,0,0,0,0,0,0,0,0,0,0,0,0,0,0,65472,0,7,0,56,96,48,0,0,0,48
151,0,4,0,0,0,0,0,289791,0,0,0,0,73,48,0,0,0,0,0,0,0,0,0,0,0,0,0,0,0,0,0,0,0,65502,314,53,0,0,155,0,0,48,0,48
151,0,5,0,0,0,0,0,289791,0,0,0,0,71,48,0,0,0,0,0,0,0,0,0,0,0,0,0,0,0,0,0,0,0,65488,0,11,54,0,90,0,0,0,0,48
151,0,6,0,0,0,0,0,289791,0,0,0,0,55,0,0,0,0,0,0,0,0,0,0,0,0,0,0,0,0,0,0,0,0,0,0,0,0,37,146,0,0,0,0,0
151,0,7,0,0,0,0,0,289791,0,0,0,0,49,0,0,0,0,0,0,0,0,0,0,0,0,0,0,0,0,0,0,0,0,0,141,0,0,0,94,0,0,0,0,0
151,0,8,0,0,0,0,0,289791,0,0,0,0,43,0,0,0,0,0,0,0,0,0,0,0,0,0,0,0,0,0,0,0,0,0,0,0,37,0,122,0,0,0,0,0
152,0,0,0,0,0,0,0,579572,0,0,132,262208,116,0,0,0,0,0,2166,0,0,0,0,0,0,0,0,132,132,0,130769,0,391747,262208,0,231,0,116,238,0,0,0,0,192
152,0,1,0,0,0,0,0,289786,2166,0,0,0,653,0,0,0,0,0,2166,0,0,0,0,0,0,0,0,0,62,0,65389,0,130732,0,0,96,96,87,1097,0,0,48,0,0
152,0,2,0,0,0,0,0,289786,0,0,0,0,65,48,0,0,0,0,0,0,0,0,0,0,0,0,0,0,0,0,65389,0,0,65487,0,177,56,0,149,0,0,0,0,48
152,0,3,0,0,0,0,0,289786,0,0,0,0,67,48,0,0,0,0,0,0,0,0,0,0,0,0,0,0,0,0,0,0,0,65470,0,21,0,58,105,48,0,0,0,48
152,0,4,0,0,0,0,0,289786,0,0,0,0,69,48,0,0,0,0,0,0,0,0,0,0,0,0,0,0,0,0,0,0,0,65502,314,54,0,0,150,0,0,48,0,48
152,0,5,0,0,0,0,0,289786,0,0,0,0,69,48,0,0,0,0,0,0,0,0,0,0,0,0,0,0,0,0,0,0,0,65482,0,25,56,0,89,0,0,0,0,48
152,0,6,0,0,0,0,0,289786,0,0,0,0,55,0,0,0,0,0,0,0,0,0,0,0,0,0,0,0,0,0,0,0,0,0,0,0,0,37,132,0,0,0,0,0
152,0,7,0,0,0,0,0,289786,0,0,0,0,49,0,0,0,0,0,0,0,0,0,0,0,0,0,0,0,0,0,0,0,0,0,141,0,0,0,93,0,0,0,0,0
152,0,8,0,0,0,0,0,289786,0,0,0,0,43,0,0,0,0,0,0,0,0,0,0,0,0,0,0,0,0,0,0,0,0,0,0,0,37,0,108,0,0,0,0,0
153,0,0,0,0,0,0,0,579509,0,0,132,262208,116,0,0,0,0,0,2163,0,0,0,0,0,0,0,0,132,132,0,130793,0,391762,262208,0,231,0,116,238,0,0,0,0,192
153,0,1,0,0,0,0,0,289755,2163,0,0,0,658,0,0,0,0,0,2163,0,0,0,0,0,0,0,0,0,65,0,65397,0,130737,0,0,99,91,84,1103,0,0,48,0,0
153,0,2,0,0,0,0,0,289755,0,0,0,0,69,48,0,0,0,0,0,0,0,0,0,0,0,0,0,0,0,0,65395,0,0,65483,0,179,52,0,154,0,0,0,0,48
153,0,3,0,0,0,0,0,289755,0,0,0,0,67,48,0,0,0,0,0,0,0,0,0,0,0,0,0,0,0,0,0,0,0,65478,0,21,0,58,101,48,0,0,0,48
153,0,4,0,0,0,0,0,289755,0,0,0,0,67,48,0,0,0,0,0,0,0,0,0,0,0,0,0,0,0,0,0,0,0,65499,317,54,0,0,145,0,0,48,0,48
153,0,5,0,0,0,0,0,289755,0,0,0,0,70,48,0,0,0,0,0,0,0,0,0,0,0,0,0,0,0,0,0,0,0,65487,0,25,55,0,88,0,0,0,0,48
153,0,6,0,0,0,0,0,289755,0,0,0,0,55,0,0,0,0,0,0,0,0,0,0,0,0,0,0,0,0,0,0,0,0,0,0,0,0,37,132,0,0,0,0,0
153,0,7,0,0,0,0,0,289755,0,0,0,0,49,0,0,0,0,0,0,0,0,0,0,0,0,0,0,0,0,0,0,0,0,0,141,0,0,0,93,0,0,0,0,0
153,0,8,0,0,0,0,0,289755,0,0,0,0,43,0,0,0,0,0,0,0,0,0,0,0,0,0,0,0,0,0,0,0,0,0,0,0,37,0,108,0,0,0,0,0
154,0,0,0,0,0,0,0,841791,0,0,198,393312,116,0,0,0,0,0,2274,0,0,0,0,0,0,0,0,198,198,0,261305,0,522253,393312,0,264,0,116,238,0,0,0,0,288
154,0,1,0,0,0,0,0,420896,2274,0,0,0,707,0,0,0,0,0,2274,0,0,0,0,0,0,0,0,0,92,0,130726,0,130740,0,0,115,95,83,1183,0,0,48,0,0
154,0,2,0,0,0,0,0,420896,0,0,0,0,71,48,0,0,0,0,0,0,0,0,0,0,0,0,0,0,0,0,65399,0,0,65486,0,181,50,0,155,0,0,0,0,48
154,0,3,0,0,0,0,0,420896,0,0,0,0,67,48,0,0,0,0,0,0,0,0,0,0,0,0,0,0,0,0,65372,0,0,65482,0,27,0,56,100,96,0,0,0,48
154,0,4,0,0,0,0,0,420896,0,0,0,0,69,48,0,0,0,0,0,0,0,0,0,0,0,0,0,0,0,0,65431,0,0,65496,350,74,0,1,146,0,0,48,0,48
154,0,5,0,0,0,0,0,420896,0,0,0,0,72,48,0,0,0,0,0,0,0,0,0,0,0,0,0,0,0,0,0,0,0,65485,0,24,53,0,88,0,0,0,0,48
154,0,6,0,0,0,0,0,420896,0,0,0,0,75,48,0,0,0,0,0,0,0,0,0,0,0,0,0,0,0,0,0,0,0,65474,0,0,0,50,181,48,0,0,0,48
154,0,7,0,0,0,0,0,420896,0,0,0,0,71,48,0,0,0,0,0,0,0,0,0,0,0,0,0,0,0,0,0,0,0,65488,171,0,0,1,130,0,0,0,0,48
154,0,8,0,0,0,0,0,420896,0,0,0,0,43,0,0,0,0,0,0,0,0,0,0,0,0,0,0,0,0,0,0,0,0,0,0,0,37,0,110,0,0,0,0,0
155,0,0,0,0,0,0,0,841815,0,0,198,393312,116,0,0,0,0,0,2277,0,0,0,0,0,0,0,0,198,198,0,261480,0,522122,393312,0,264,0,116,238,0,0,0,0,288
155,0,1,0,0,0,0,0,420908,2277,0,0,0,709,0,0,0,0,0,2277,0,0,0,0,0,0,0,0,0,95,0,130674,0,130739,0,0,108,100,83,1185,0,0,48,0,0
155,0,2,0,0,0,0,0,420908,0,0,0,0,70,48,0,0,0,0,0,0,0,0,0,0,0,0,0,0,0,0,65366,0,0,65492,0,182,51,0,153,0,0,0,0,48
155,0,3,0,0,0,0,0,420908,0,0,0,0,66,48,0,0,0,0,0,0,0,0,0,0,0,0,0,0,0,0,65402,0,0,65495,0,30,0,57,100,96,0,0,0,48
155,0,4,0,0,0,0,0,420908,0,0,0,0,68,48,0,0,0,0,0,0,0,0,0,0,0,0,0,0,0,0,65438,0,0,65473,349,76,0,1,150,0,0,48,0,48
155,0,5,0,0,0,0,0,420908,0,0,0,0,72,48,0,0,0,0,0,0,0,0,0,0,0,0,0,0,0,0,0,0,0,65490,0,25,52,0,87,0,0,0,0,48
155,0,6,0,0,0,0,0,420908,0,0,0,0,78,48,0,0,0,0,0,0,0,0,0,0,0,0,0,0,0,0,0,0,0,65487,0,0,0,47,181,48,0,0,0,48
155,0,7,0,0,0,0,0,420908,0,0,0,0,72,48,0,0,0,0,0,0,0,0,0,0,0,0,0,0,0,0,0,0,0,65488,173,0,0,1,129,0,0,0,0,48
155,0,8,0,0,0,0,0,420908,0,0,0,0,43,0,0,0,0,0,0,0,0,0,0,0,0,0,0,0,0,0,0,0,0,0,0,0,37,0,109,0,0,0,0,0
156,0,0,0,0,0,0,0,841887,0,0,198,393312,116,0,0,0,0,0,2277,0,0,0,0,0,0,0,0,198,198,0,261250,0,522421,393312,0,264,0,116,238,0,0,0,0,288
156,0,1,0,0,0,0,0,420944,2277,0,0,0,749,0,0,0,0,0,2277,0,0,0,0,0,0,0,0,0,97,0,130730,0,130778,0,0,113,80,58,1219,0,0,48,0,0
156,0,2,0,0,0,0,0,420944,0,0,0,0,67,48,0,0,0,0,0,0,0,0,0,0,0,0,0,0,0,0,65404,0,0,65489,0,196,54,0,161,0,0,0,0,48
156,0,3,0,0,0,0,0,420944,0,0,0,0,69,48,0,0,0,0,0,0,0,0,0,0,0,0,0,0,0,0,65361,0,0,65483,0,10,0,54,90,96,0,0,0,48
156,0,4,0,0,0,0,0,420944,0,0,0,0,70,48,0,0,0,0,0,0,0,0,0,0,0,0,0,0,0,0,65433,0,0,65491,352,74,0,2,149,0,0,48,0,48
156,0,5,0,0,0,0,0,420944,0,0,0,0,74,48,0,0,0,0,0,0,0,0,0,0,0,0,0,0,0,0,0,0,0,65488,0,9,51,0,89,0,0,0,0,48
156,0,6,0,0,0,0,0,420944,0,0,0,0,78,48,0,0,0,0,0,0,0,0,0,0,0,0,0,0,0,0,0,0,0,65482,0,0,0,47,201,48,0,0,0,48
156,0,7,0,0,0,0,0,420944,0,0,0,0,74,48,0,0,0,0,0,0,0,0,0,0,0,0,0,0,0,0,0,0,0,65486,171,0,0,1,133,0,0,0,0,48
156,0,8,0,0,0,0,0,420944,0,0,0,0,43,0,0,0,0,0,0,0,0,0,0,0,0,0,0,0,0,0,0,0,0,0,0,0,37,0,125,0,0,0,0,0
157,0,0,0,0,0,0,0,186314,0,0,10,65540,116,0,0,0,0,0,1965,0,0,0,0,0,0,0,0,10,10,0,0,0,130874,65540,0,196,0,116,238,0,0,0,0,12
157,0,1,0,0,0,0,0,93157,1965,0,0,0,577,0,0,0,0,0,1965,0,0,0,0,0,0,0,0,0,1,0,0,0,65480,0,0,84,82,64,966,0,0,12,0,0
157,0,2,0,0,0,0,0,93157,0,0,0,0,56,12,0,0,0,0,0,0,0,0,0,0,0,0,0,0,0,0,0,0,0,65518,0,156,45,0,129,0,0,0,0,12
157,0,3,0,0,0,0,0,93157,0,0,0,0,46,0,0,0,0,0,0,0,0,0,0,0,0,0,0,0,0,0,0,0,0,0,0,21,0,46,70,0,0,0,0,0
157,0,4,0,0,0,0,0,93157,0,0,0,0,46,0,0,0,0,0,0,0,0,0,0,0,0,0,0,0,0,0,0,0,0,0,264,54,0,0,104,0,0,0,0,0
157,0,5,0,0,0,0,0,93157,0,0,0,0,49,0,0,0,0,0,0,0,0,0,0,0,0,0,0,0,0,0,0,0,0,0,0,23,43,0,55,0,0,0,0,0
157,0,6,0,0,0,0,0,93157,0,0,0,0,55,0,0,0,0,0,0,0,0,0,0,0,0,0,0,0,0,0,0,0,0,0,0,0,0,37,132,0,0,0,0,0
157,0,7,0,0,0,0,0,93157,0,0,0,0,49,0,0,0,0,0,0,0,0,0,0,0,0,0,0,0,0,0,0,0,0,0,141,0,0,0,93,0,0,0,0,0
157,0,8,0,0,0,0,0,93157,0,0,0,0,43,0,0,0,0,0,0,0,0,0,0,0,0,0,0,0,0,0,0,0,0,0,0,0,37,0,107,0,0,0,0,0
158,0,0,0,0,0,0,0,186310,0,0,10,65540,116,0,0,0,0,0,1965,0,0,0,0,0,0,0,0,10,10,0,0,0,130889,65540,0,196,0,116,238,0,0,0,0,12
158,0,1,0,0,0,0,0,93155,1965,0,0,0,578,0,0,0,0,0,1965,0,0,0,0,0,0,0,0,0,1,0,0,0,65483,0,0,84,81,64,966,0,0,12,0,0
158,0,2,0,0,0,0,0,93155,0,0,0,0,54,12,0,0,0,0,0,0,0,0,0,0,0,0,0,0,0,0,0,0,0,65516,0,157,46,0,127,0,0,0,0,12
158,0,3,0,0,0,0,0,93155,0,0,0,0,46,0,0,0,0,0,0,0,0,0,0,0,0,0,0,0,0,0,0,0,0,0,0,21,0,46,70,0,0,0,0,0
158,0,4,0,0,0,0,0,93155,0,0,0,0,46,0,0,0,0,0,0,0,0,0,0,0,0,0,0,0,0,0,0,0,0,0,264,54,0,0,104,0,0,0,0,0
158,0,5,0,0,0,0,0,93155,0,0,0,0,49,0,0,0,0,0,0,0,0,0,0,0,0,0,0,0,0,0,0,0,0,0,0,22,43,0,55,0,0,0,0,0
158,0,6,0,0,0,0,0,93155,0,0,0,0,55,0,0,0,0,0,0,0,0,0,0,0,0,0,0,0,0,0,0,0,0,0,0,0,0,37,132,0,0,0,0,0
158,0,7,0,0,0,0,0,93155,0,0,0,0,49,0,0,0,0,0,0,0,0,0,0,0,0,0,0,0,0,0,0,0,0,0,141,0,0,0,93,0,0,0,0,0
158,0,8,0,0,0,0,0,93155,0,0,0,0,43,0,0,0,0,0,0,0,0,0,0,0,0,0,0,0,0,0,0,0,0,0,0,0,37,0,108,0,0,0,0,0
159,0,0,0,0,0,0,0,186303,0,0,10,65540,116,0,0,0,0,0,1965,0,0,0,0,0,0,0,0,10,10,0,0,0,130885,65540,0,196,0,116,238,0,0,0,0,12
159,0,1,0,0,0,0,0,93152,1965,0,0,0,578,0,0,0,0,0,1965,0,0,0,0,0,0,0,0,0,1,0,0,0,65478,0,0,84,82,63,969,0,0,12,0,0
159,0,2,0,0,0,0,0,93152,0,0,0,0,58,12,0,0,0,0,0,0,0,0,0,0,0,0,0,0,0,0,0,0,0,65517,0,156,43,0,132,0,0,0,0,12
159,0,3,0,0,0,0,0,93152,0,0,0,0,46,0,0,0,0,0,0,0,0,0,0,0,0,0,0,0,0,0,0,0,0,0,0,21,0,46,70,0,0,0,0,0
159,0,4,0,0,0,0,0,93152,0,0,0,0,46,0,0,0,0,0,0,0,0,0,0,0,0,0,0,0,0,0,0,0,0,0,264,54,0,0,104,0,0,0,0,0
159,0,5,0,0,0,0,0,93152,0,0,0,0,49,0,0,0,0,0,0,0,0,0,0,0,0,0,0,0,0,0,0,0,0,0,0,23,43,0,55,0,0,0,0,0
159,0,6,0,0,0,0,0,93152,0,0,0,0,55,0,0,0,0,0,0,0,0,0,0,0,0,0,0,0,0,0,0,0,0,0,0,0,0,37,132,0,0,0,0,0
159,0,7,0,0,0,0,0,93152,0,0,0,0,49,0,0,0,0,0,0,0,0,0,0,0,0,0,0,0,0,0,0,0,0,0,141,0,0,0,93,0,0,0,0,0
159,0,8,0,0,0,0,0,93152,0,0,0,0,43,0,0,0,0,0,0,0,0,0,0,0,0,0,0,0,0,0,0,0,0,0,0,0,37,0,107,0,0,0,0,0
160,0,0,0,0,0,0,0,317471,0,0,18,131080,116,0,0,0,0,0,1980,0,0,0,0,0,0,0,0,18,18,0,130831,0,130949,131080,0,207,0,116,238,0,0,0,0,24
160,0,1,0,0,0,0,0,158736,1980,0,0,0,582,0,0,0,0,0,1980,0,0,0,0,0,0,0,0,0,9,0,0,0,65502,0,0,84,85,65,970,0,0,12,0,0
160,0,2,0,0,0,0,0,158736,0,0,0,0,53,12,0,0,0,0,0,0,0,0,0,0,0,0,0,0,0,0,0,0,0,65522,0,156,46,0,123,0,0,0,0,12
160,0,3,0,0,0,0,0,158736,0,0,0,0,53,12,0,0,0,0,0,0,0,0,0,0,0,0,0,0,0,0,0,0,0,65486,0,21,0,48,79,0,0,0,0,12
160,0,4,0,0,0,0,0,158736,0,0,0,0,46,0,0,0,0,0,0,0,0,0,0,0,0,0,0,0,0,0,0,0,0,0,270,54,0,1,104,0,0,0,0,0
160,0,5,0,0,0,0,0,158736,0,0,0,0,49,0,0,0,0,0,0,0,0,0,0,0,0,0,0,0,0,0,0,0,0,0,0,23,43,0,55,0,0,0,0,0
160,0,6,0,0,0,0,0,158736,0,0,0,0,55,0,0,0,0,0,0,0,0,0,0,0,0,0,0,0,0,0,0,0,0,0,0,0,0,37,132,0,0,0,0,0
160,0,7,0,0,0,0,0,158736,0,0,0,0,49,0,0,0,0,0,0,0,0,0,0,0,0,0,0,0,0,0,0,0,0,0,141,0,0,0,93,0,0,0,0,0
160,0,8,0,0,0,0,0,158736,0,0,0,0,43,0,0,0,0,0,0,0,0,0,0,0,0,0,0,0,0,0,0,0,0,0,0,0,37,0,108,0,0,0,0,0
161,0,0,0,0,0,0,0,317435,0,0,18,131080,116,0,0,0,0,0,1983,0,0,0,0,0,0,0,0,18,18,0,130903,0,130862,131080,0,207,0,116,238,0,0,0,0,24
161,0,1,0,0,0,0,0,158718,1983,0,0,0,621,0,0,0,0,0,1983,0,0,0,0,0,0,0,0,0,9,0,0,0,65475,0,0,83,73,39,1008,0,0,12,0,0
161,0,2,0,0,0,0,0,158718,0,0,0,0,51,12,0,0,0,0,0,0,0,0,0,0,0,0,0,0,0,0,0,0,0,65518,0,171,48,0,132,0,0,0,0,12
161,0,3,0,0,0,0,0,158718,0,0,0,0,55,12,0,0,0,0,0,0,0,0,0,0,0,0,0,0,0,0,0,0,0,65503,0,7,0,46,73,0,0,0,0,12
161,0,4,0,0,0,0,0,158718,0,0,0,0,49,0,0,0,0,0,0,0,0,0,0,0,0,0,0,0,0,0,0,0,0,0,269,53,0,1,109,0,0,0,0,0
161,0,5,0,0,0,0,0,158718,0,0,0,0,49,0,0,0,0,0,0,0,0,0,0,0,0,0,0,0,0,0,0,0,0,0,0,9,43,0,54,0,0,0,0,0
161,0,6,0,0,0,0,0,158718,0,0,0,0,55,0,0,0,0,0,0,0,0,0,0,0,0,0,0,0,0,0,0,0,0,0,0,0,0,37,146,0,0,0,0,0
161,0,7,0,0,0,0,0,158718,0,0,0,0,49,0,0,0,0,0,0,0,0,0,0,0,0,0,0,0,0,0,0,0,0,0,141,0,0,0,94,0,0,0,0,0
161,0,8,0,0,0,0,0,158718,0,0,0,0,43,0,0,0,0,0,0,0,0,0,0,0,0,0,0,0,0,0,0,0,0,0,0,0,37,0,122,0,0,0,0,0
162,0,0,0,0,0,0,0,317361,0,0,18,131080,116,0,0,0,0,0,1980,0,0,0,0,0,0,0,0,18,18,0,130912,0,130908,131080,0,207,0,116,238,0,0,0,0,24
162,0,1,0,0,0,0,0,158681,1980,0,0,0,583,0,0,0,0,0,1980,0,0,0,0,0,0,0,0,0,9,0,0,0,65491,0,0,84,84,65,972,0,0,12,0,0
162,0,2,0,0,0,0,0,158681,0,0,0,0,54,12,0,0,0,0,0,0,0,0,0,0,0,0,0,0,0,0,0,0,0,65522,0,156,45,0,124,0,0,0,0,12
162,0,3,0,0,0,0,0,158681,0,0,0,0,53,12,0,0,0,0,0,0,0,0,0,0,0,0,0,0,0,0,0,0,0,65506,0,21,0,48,80,0,0,0,0,12
162,0,4,0,0,0,0,0,158681,0,0,0,0,46,0,0,0,0,0,0,0,0,0,0,0,0,0,0,0,0,0,0,0,0,0,270,54,0,1,104,0,0,0,0,0
162,0,5,0,0,0,0,0,158681,0,0,0,0,49,0,0,0,0,0,0,0,0,0,0,0,0,0,0,0,0,0,0,0,0,0,0,23,43,0,55,0,0,0,0,0
162,0,6,0,0,0,0,0,158681,0,0,0,0,55,0,0,0,0,0,0,0,0,0,0,0,0,0,0,0,0,0,0,0,0,0,0,0,0,37,132,0,0,0,0,0
162,0,7,0,0,0,0,0,158681,0,0,0,0,49,0,0,0,0,0,0,0,0,0,0,0,0,0,0,0,0,0,0,0,0,0,141,0,0,0,93,0,0,0,0,0
162,0,8,0,0,0,0,0,158681,0,0,0,0,43,0,0,0,0,0,0,0,0,0,0,0,0,0,0,0,0,0,0,0,0,0,0,0,37,0,108,0,0,0,0,0
163,0,0,0,0,0,0,0,579787,0,0,36,262160,116,0,0,0,0,0,2022,0,0,0,0,0,0,0,0,36,36,0,130889,0,392594,262160,0,207,0,116,238,0,0,0,0,48
163,0,1,0,0,0,0,0,289894,2022,0,0,0,596,0,0,0,0,0,2022,0,0,0,0,0,0,0,0,0,18,0,65475,0,130943,0,0,87,86,67,990,0,0,12,0,0
163,0,2,0,0,0,0,0,289894,0,0,0,0,51,12,0,0,0,0,0,0,0,0,0,0,0,0,0,0,0,0,65496,0,0,65512,0,165,45,0,120,0,0,0,0,12
163,0,3,0,0,0,0,0,289894,0,0,0,0,54,12,0,0,0,0,0,0,0,0,0,0,0,0,0,0,0,0,0,0,0,65496,0,21,0,47,82,12,0,0,0,12
163,0,4,0,0,0,0,0,289894,0,0,0,0,52,12,0,0,0,0,0,0,0,0,0,0,0,0,0,0,0,0,0,0,0,65514,279,54,0,1,118,0,0,12,0,12
163,0,5,0,0,0,0,0,289894,0,0,0,0,54,12,0,0,0,0,0,0,0,0,0,0,0,0,0,0,0,0,0,0,0,65524,0,24,46,0,63,0,0,0,0,12
163,0,6,0,0,0,0,0,289894,0,0,0,0,55,0,0,0,0,0,0,0,0,0,0,0,0,0,0,0,0,0,0,0,0,0,0,0,0,37,132,0,0,0,0,0
163,0,7,0,0,0,0,0,289894,0,0,0,0,49,0,0,0,0,0,0,0,0,0,0,0,0,0,0,0,0,0,0,0,0,0,141,0,0,0,93,0,0,0,0,0
163,0,8,0,0,0,0,0,289894,0,0,0,0,43,0,0,0,0,0,0,0,0,0,0,0,0,0,0,0,0,0,0,0,0,0,0,0,37,0,109,0,0,0,0,0
164,0,0,0,0,0,0,0,579659,0,0,36,262160,116,0,0,0,0,0,2019,0,0,0,0,0,0,0,0,36,36,0,130909,0,392625,262160,0,207,0,116,238,0,0,0,0,48
164,0,1,0,0,0,0,0,289830,2019,0,0,0,634,0,0,0,0,0,2019,0,0,0,0,0,0,0,0,0,16,0,65491,0,130939,0,0,86,74,42,1028,0,0,12,0,0
164,0,2,0,0,0,0,0,289830,0,0,0,0,49,12,0,0,0,0,0,0,0,0,0,0,0,0,0,0,0,0,65487,0,0,65515,0,180,47,0,128,0,0,0,0,12
164,0,3,0,0,0,0,0,289830,0,0,0,0,54,12,0,0,0,0,0,0,0,0,0,0,0,0,0,0,0,0,0,0,0,65502,0,7,0,47,73,12,0,0,0,12
164,0,4,0,0,0,0,0,289830,0,0,0,0,56,12,0,0,0,0,0,0,0,0,0,0,0,0,0,0,0,0,0,0,0,65521,277,53,0,0,124,0,0,12,0,12
164,0,5,0,0,0,0,0,289830,0,0,0,0,55,12,0,0,0,0,0,0,0,0,0,0,0,0,0,0,0,0,0,0,0,65522,0,11,45,0,63,0,0,0,0,12
164,0,6,0,0,0,0,0,289830,0,0,0,0,55,0,0,0,0,0,0,0,0,0,0,0,0,0,0,0,0,0,0,0,0,0,0,0,0,37,146,0,0,0,0,0
164,0,7,0,0,0,0,0,289830,0,0,0,0,49,0,0,0,0,0,0,0,0,0,0,0,0,0,0,0,0,0,0,0,0,0,141,0,0,0,94,0,0,0,0,0
164,0,8,0,0,0,0,0,289830,0,0,0,0,43,0,0,0,0,0,0,0,0,0,0,0,0,0,0,0,0,0,0,0,0,0,0,0,37,0,122,0,0,0,0,0
165,0,0,0,0,0,0,0,579691,0,0,36,262160,116,0,0,0,0,0,2019,0,0,0,0,0,0,0,0,36,36,0,130921,0,392573,262160,0,207,0,116,238,0,0,0,0,48
165,0,1,0,0,0,0,0,289846,2019,0,0,0,631,0,0,0,0,0,2019,0,0,0,0,0,0,0,0,0,17,0,65468,0,130943,0,0,87,75,43,1024,0,0,12,0,0
165,0,2,0,0,0,0,0,289846,0,0,0,0,48,12,0,0,0,0,0,0,0,0,0,0,0,0,0,0,0,0,65484,0,0,65517,0,179,48,0,127,0,0,0,0,12
165,0,3,0,0,0,0,0,289846,0,0,0,0,55,12,0,0,0,0,0,0,0,0,0,0,0,0,0,0,0,0,0,0,0,65504,0,7,0,46,74,12,0,0,0,12
165,0,4,0,0,0,0,0,289846,0,0,0,0,53,12,0,0,0,0,0,0,0,0,0,0,0,0,0,0,0,0,0,0,0,65512,277,53,0,2,120,0,0,12,0,12
165,0,5,0,0,0,0,0,289846,0,0,0,0,54,12,0,0,0,0,0,0,0,0,0,0,0,0,0,0,0,0,0,0,0,65520,0,8,47,0,63,0,0,0,0,12
165,0,6,0,0,0,0,0,289846,0,0,0,0,55,0,0,0,0,0,0,0,0,0,0,0,0,0,0,0,0,0,0,0,0,0,0,0,0,37,146,0,0,0,0,0
165,0,7,0,0,0,0,0,289846,0,0,0,0,49,0,0,0,0,0,0,0,0,0,0,0,0,0,0,0,0,0,0,0,0,0,141,0,0,0,94,0,0,0,0,0
165,0,8,0,0,0,0,0,289846,0,0,0,0,43,0,0,0,0,0,0,0,0,0,0,0,0,0,0,0,0,0,0,0,0,0,0,0,37,0,125,0,0,0,0,0
166,0,0,0,0,0,0,0,842204,0,0,54,393240,116,0,0,0,0,0,2061,0,0,0,0,0,0,0,0,54,54,0,261839,0,523334,393240,0,216,0,116,238,0,0,0,0,72
166,0,1,0,0,0,0,0,421102,2061,0,0,0,610,0,0,0,0,0,2061,0,0,0,0,0,0,0,0,0,26,0,130920,0,130924,0,0,93,88,65,1013,0,0,12,0,0
166,0,2,0,0,0,0,0,421102,0,0,0,0,52,12,0,0,0,0,0,0,0,0,0,0,0,0,0,0,0,0,65471,0,0,65516,0,165,45,0,122,0,0,0,0,12
166,0,3,0,0,0,0,0,421102,0,0,0,0,49,12,0,0,0,0,0,0,0,0,0,0,0,0,0,0,0,0,65484,0,0,65508,0,24,0,50,76,24,0,0,0,12
166,0,4,0,0,0,0,0,421102,0,0,0,0,50,12,0,0,0,0,0,0,0,0,0,0,0,0,0,0,0,0,65492,0,0,65518,284,61,0,1,114,0,0,12,0,12
166,0,5,0,0,0,0,0,421102,0,0,0,0,55,12,0,0,0,0,0,0,0,0,0,0,0,0,0,0,0,0,0,0,0,65515,0,24,46,0,63,0,0,0,0,12
166,0,6,0,0,0,0,0,421102,0,0,0,0,61,12,0,0,0,0,0,0,0,0,0,0,0,0,0,0,0,0,0,0,0,65514,0,0,0,40,146,12,0,0,0,12
166,0,7,0,0,0,0,0,421102,0,0,0,0,54,12,0,0,0,0,0,0,0,0,0,0,0,0,0,0,0,0,0,0,0,65520,149,0,0,2,102,0,0,0,0,12
166,0,8,0,0,0,0,0,421102,0,0,0,0,43,0,0,0,0,0,0,0,0,0,0,0,0,0,0,0,0,0,0,0,0,0,0,0,37,0,109,0,0,0,0,0
167,0,0,0,0,0,0,0,842199,0,0,54,393240,116,0,0,0,0,0,2061,0,0,0,0,0,0,0,0,54,54,0,261757,0,523500,393240,0,216,0,116,238,0,0,0,0,72
167,0,1,0,0,0,0,0,421100,2061,0,0,0,612,0,0,0,0,0,2061,0,0,0,0,0,0,0,0,0,28,0,130947,0,130952,0,0,94,86,64,1016,0,0,12,0,0
167,0,2,0,0,0,0,0,421100,0,0,0,0,54,12,0,0,0,0,0,0,0,0,0,0,0,0,0,0,0,0,65498,0,0,65514,0,166,43,0,124,0,0,0,0,12
167,0,3,0,0,0,0,0,421100,0,0,0,0,51,12,0,0,0,0,0,0,0,0,0,0,0,0,0,0,0,0,65477,0,0,65499,0,23,0,48,78,24,0,0,0,12
167,0,4,0,0,0,0,0,421100,0,0,0,0,52,12,0,0,0,0,0,0,0,0,0,0,0,0,0,0,0,0,65498,0,0,65518,285,60,0,0,116,0,0,12,0,12
167,0,5,0,0,0,0,0,421100,0,0,0,0,56,12,0,0,0,0,0,0,0,0,0,0,0,0,0,0,0,0,0,0,0,65524,0,25,45,0,63,0,0,0,0,12
167,0,6,0,0,0,0,0,421100,0,0,0,0,61,12,0,0,0,0,0,0,0,0,0,0,0,0,0,0,0,0,0,0,0,65513,0,0,0,40,147,12,0,0,0,12
167,0,7,0,0,0,0,0,421100,0,0,0,0,54,12,0,0,0,0,0,0,0,0,0,0,0,0,0,0,0,0,0,0,0,65518,150,0,0,1,103,0,0,0,0,12
167,0,8,0,0,0,0,0,421100,0,0,0,0,43,0,0,0,0,0,0,0,0,0,0,0,0,0,0,0,0,0,0,0,0,0,0,0,37,0,109,0,0,0,0,0
168,0,0,0,0,0,0,0,842175,0,0,54,393240,116,0,0,0,0,0,2061,0,0,0,0,0,0,0,0,54,54,0,261755,0,523375,393240,0,216,0,116,238,0,0,0,0,72
168,0,1,0,0,0,0,0,421088,2061,0,0,0,612,0,0,0,0,0,2061,0,0,0,0,0,0,0,0,0,26,0,130914,0,130949,0,0,90,89,65,1015,0,0,12,0,0
168,0,2,0,0,0,0,0,421088,0,0,0,0,54,12,0,0,0,0,0,0,0,0,0,0,0,0,0,0,0,0,65496,0,0,65515,0,165,43,0,124,0,0,0,0,12
168,0,3,0,0,0,0,0,421088,0,0,0,0,51,12,0,0,0,0,0,0,0,0,0,0,0,0,0,0,0,0,65474,0,0,65500,0,24,0,48,79,24,0,0,0,12
168,0,4,0,0,0,0,0,421088,0,0,0,0,51,12,0,0,0,0,0,0,0,0,0,0,0,0,0,0,0,0,65489,0,0,65515,286,64,0,0,115,0,0,12,0,12
168,0,5,0,0,0,0,0,421088,0,0,0,0,56,12,0,0,0,0,0,0,0,0,0,0,0,0,0,0,0,0,0,0,0,65524,0,25,45,0,64,0,0,0,0,12
168,0,6,0,0,0,0,0,421088,0,0,0,0,62,12,0,0,0,0,0,0,0,0,0,0,0,0,0,0,0,0,0,0,0,65510,0,0,0,39,147,12,0,0,0,12
168,0,7,0,0,0,0,0,421088,0,0,0,0,55,12,0,0,0,0,0,0,0,0,0,0,0,0,0,0,0,0,0,0,0,65517,150,0,0,1,100,0,0,0,0,12
168,0,8,0,0,0,0,0,421088,0,0,0,0,43,0,0,0,0,0,0,0,0,0,0,0,0,0,0,0,0,0,0,0,0,0,0,0,37,0,109,0,0,0,0,0
169,0,0,0,0,0,0,0,244095,0,0,642,65792,116,0,0,0,0,0,2913,0,0,0,0,0,0,0,0,642,642,0,0,0,125576,65792,0,196,0,116,238,0,0,0,0,17344
169,0,1,0,0,0,0,0,122048,2913,0,0,0,959,0,0,0,0,0,2913,0,0,0,0,0,0,0,0,0,82,0,0,0,63935,0,0,84,81,315,1730,0,0,17344,0,0
169,0,2,0,0,0,0,0,122048,0,0,0,0,437,17344,0,0,0,0,0,0,0,0,0,0,0,0,0,0,0,0,0,0,0,64759,0,157,295,0,891,0,0,0,0,17344
169,0,3,0,0,0,0,0,122048,0,0,0,0,46,0,0,0,0,0,0,0,0,0,0,0,0,0,0,0,0,0,0,0,0,0,0,21,0,46,70,0,0,0,0,0
169,0,4,0,0,0,0,0,122048,0,0,0,0,46,0,0,0,0,0,0,0,0,0,0,0,0,0,0,0,0,0,0,0,0,0,264,54,0,0,104,0,0,0,0,0
169,0,5,0,0,0,0,0,122048,0,0,0,0,49,0,0,0,0,0,0,0,0,0,0,0,0,0,0,0,0,0,0,0,0,0,0,22,43,0,55,0,0,0,0,0
169,0,6,0,0,0,0,0,122048,0,0,0,0,55,0,0,0,0,0,0,0,0,0,0,0,0,0,0,0,0,0,0,0,0,0,0,0,0,37,132,0,0,0,0,0
169,0,7,0,0,0,0,0,122048,0,0,0,0,49,0,0,0,0,0,0,0,0,0,0,0,0,0,0,0,0,0,0,0,0,0,141,0,0,0,93,0,0,0,0,0
169,0,8,0,0,0,0,0,122048,0,0,0,0,43,0,0,0,0,0,0,0,0,0,0,0,0,0,0,0,0,0,0,0,0,0,0,0,37,0,108,0,0,0,0,0
170,0,0,0,0,0,0,0,243914,0,0,642,65792,116,0,0,0,0,0,2913,0,0,0,0,0,0,0,0,642,642,0,0,0,125496,65792,0,196,0,116,238,0,0,0,0,17344
170,0,1,0,0,0,0,0,121957,2913,0,0,0,1005,0,0,0,0,0,2913,0,0,0,0,0,0,0,0,0,74,0,0,0,63908,0,0,83,70,281,1779,0,0,17344,0,0
170,0,2,0,0,0,0,0,121957,0,0,0,0,440,17344,0,0,0,0,0,0,0,0,0,0,0,0,0,0,0,0,0,0,0,64758,0,172,292,0,913,0,0,0,0,17344
170,0,3,0,0,0,0,0,121957,0,0,0,0,49,0,0,0,0,0,0,0,0,0,0,0,0,0,0,0,0,0,0,0,0,0,0,7,0,43,63,0,0,0,0,0
170,0,4,0,0,0,0,0,121957,0,0,0,0,49,0,0,0,0,0,0,0,0,0,0,0,0,0,0,0,0,0,0,0,0,0,264,53,0,0,109,0,0,0,0,0
170,0,5,0,0,0,0,0,121957,0,0,0,0,49,0,0,0,0,0,0,0,0,0,0,0,0,0,0,0,0,0,0,0,0,0,0,8,43,0,54,0,0,0,0,0
170,0,6,0,0,0,0,0,121957,0,0,0,0,55,0,0,0,0,0,0,0,0,0,0,0,0,0,0,0,0,0,0,0,0,0,0,0,0,37,146,0,0,0,0,0
170,0,7,0,0,0,0,0,121957,0,0,0,0,49,0,0,0,0,0,0,0,0,0,0,0,0,0,0,0,0,0,0,0,0,0,141,0,0,0,94,0,0,0,0,0
170,0,8,0,0,0,0,0,121957,0,0,0,0,43,0,0,0,0,0,0,0,0,0,0,0,0,0,0,0,0,0,0,0,0,0,0,0,37,0,122,0,0,0,0,0
171,0,0,0,0,0,0,0,243947,0,0,642,65792,116,0,0,0,0,0,2913,0,0,0,0,0,0,0,0,642,642,0,0,0,125457,65792,0,196,0,116,238,0,0,0,0,17344
171,0,1,0,0,0,0,0,121974,2913,0,0,0,967,0,0,0,0,0,2913,0,0,0,0,0,0,0,0,0,79,0,0,0,63907,0,0,84,81,307,1743,0,0,17344,0,0
171,0,2,0,0,0,0,0,121974,0,0,0,0,442,17344,0,0,0,0,0,0,0,0,0,0,0,0,0,0,0,0,0,0,0,64750,0,157,290,0,904,0,0,0,0,17344
171,0,3,0,0,0,0,0,121974,0,0,0,0,46,0,0,0,0,0,0,0,0,0,0,0,0,0,0,0,0,0,0,0,0,0,0,21,0,46,70,0,0,0,0,0
171,0,4,0,0,0,0,0,121974,0,0,0,0,46,0,0,0,0,0,0,0,0,0,0,0,0,0,0,0,0,0,0,0,0,0,264,54,0,0,104,0,0,0,0,0
171,0,5,0,0,0,0,0,121974,0,0,0,0,49,0,0,0,0,0,0,0,0,0,0,0,0,0,0,0,0,0,0,0,0,0,0,22,43,0,55,0,0,0,0,0
171,0,6,0,0,0,0,0,121974,0,0,0,0,55,0,0,0,0,0,0,0,0,0,0,0,0,0,0,0,0,0,0,0,0,0,0,0,0,37,132,0,0,0,0,0
171,0,7,0,0,0,0,0,121974,0,0,0,0,49,0,0,0,0,0,0,0,0,0,0,0,0,0,0,0,0,0,0,0,0,0,141,0,0,0,93,0,0,0,0,0
171,0,8,0,0,0,0,0,121974,0,0,0,0,43,0,0,0,0,0,0,0,0,0,0,0,0,0,0,0,0,0,0,0,0,0,0,0,37,0,108,0,0,0,0,0
172,0,0,0,0,0,0,0,380920,0,0,1282,131584,116,0,0,0,0,0,3876,0,0,0,0,0,0,0,0,1282,1282,0,127553,0,125558,131584,0,839,0,116,238,0,0,0,0,84048
172,0,1,0,0,0,0,0,190460,3876,0,0,0,1298,0,0,0,0,0,3876,0,0,0,0,0,0,0,0,0,630,0,0,0,63849,0,0,84,373,325,2346,0,0,16691,0,0
172,0,2,0,0,0,0,0,190460,0,0,0,0,550,17344,0,0,0,0,0,0,0,0,0,0,0,0,0,0,0,0,0,0,0,64815,0,156,181,0,992,0,0,455,0,17080
172,0,3,0,0,0,0,0,190460,0,0,0,0,522,17344,0,0,0,0,0,0,0,0,0,0,0,0,0,0,0,0,0,0,0,64795,0,21,0,211,837,536,0,0,0,17072
172,0,4,0,0,0,0,0,190460,0,0,0,0,46,0,0,0,0,0,0,0,0,0,0,0,0,0,0,0,0,0,0,0,0,0,739,54,0,1,104,0,0,0,0,0
172,0,5,0,0,0,0,0,190460,0,0,0,0,49,0,0,0,0,0,0,0,0,0,0,0,0,0,0,0,0,0,0,0,0,0,0,23,43,0,55,0,0,0,0,0
172,0,6,0,0,0,0,0,190460,0,0,0,0,55,0,0,0,0,0,0,0,0,0,0,0,0,0,0,0,0,0,0,0,0,0,0,0,0,37,132,0,0,0,0,0
172,0,7,0,0,0,0,0,190460,0,0,0,0,49,0,0,0,0,0,0,0,0,0,0,0,0,0,0,0,0,0,0,0,0,0,141,0,0,0,93,0,0,0,0,0
172,0,8,0,0,0,0,0,190460,0,0,0,0,43,0,0,0,0,0,0,0,0,0,0,0,0,0,0,0,0,0,0,0,0,0,0,0,37,0,108,0,0,0,0,0
173,0,0,0,0,0,0,0,381164,0,0,1282,131584,116,0,0,0,0,0,3879,0,0,0,0,0,0,0,0,1282,1282,0,127617,0,125563,131584,0,839,0,116,238,0,0,0,0,84169
173,0,1,0,0,0,0,0,190582,3879,0,0,0,1281,0,0,0,0,0,3879,0,0,0,0,0,0,0,0,0,640,0,0,0,63853,0,0,84,383,332,2313,0,0,16673,0,0
173,0,2,0,0,0,0,0,190582,0,0,0,0,545,17344,0,0,0,0,0,0,0,0,0,0,0,0,0,0,0,0,0,0,0,64826,0,156,186,0,980,0,0,467,0,17072
173,0,3,0,0,0,0,0,190582,0,0,0,0,532,17344,0,0,0,0,0,0,0,0,0,0,0,0,0,0,0,0,0,0,0,64811,0,21,0,201,857,514,0,0,0,17084
173,0,4,0,0,0,0,0,190582,0,0,0,0,46,0,0,0,0,0,0,0,0,0,0,0,0,0,0,0,0,0,0,0,0,0,750,54,0,0,104,0,0,0,0,0
173,0,5,0,0,0,0,0,190582,0,0,0,0,49,0,0,0,0,0,0,0,0,0,0,0,0,0,0,0,0,0,0,0,0,0,0,24,43,0,55,0,0,0,0,0
173,0,6,0,0,0,0,0,190582,0,0,0,0,55,0,0,0,0,0,0,0,0,0,0,0,0,0,0,0,0,0,0,0,0,0,0,0,0,37,132,0,0,0,0,0
173,0,7,0,0,0,0,0,190582,0,0,0,0,49,0,0,0,0,0,0,0,0,0,0,0,0,0,0,0,0,0,0,0,0,0,141,0,0,0,93,0,0,0,0,0
173,0,8,0,0,0,0,0,190582,0,0,0,0,43,0,0,0,0,0,0,0,0,0,0,0,0,0,0,0,0,0,0,0,0,0,0,0,37,0,107,0,0,0,0,0
174,0,0,0,0,0,0,0,380989,0,0,1284,131584,116,0,0,0,0,0,3879,0,0,0,0,0,0,0,0,1284,1284,0,127721,0,125549,131584,0,839,0,116,238,0,0,0,0,60792
174,0,1,0,0,0,0,0,190495,3879,0,0,0,1322,0,0,0,0,0,3879,0,0,0,0,0,0,0,0,0,650,0,0,0,63853,0,0,84,360,316,2360,0,0,16668,0,0
174,0,2,0,0,0,0,0,190495,0,0,0,0,551,17344,0,0,0,0,0,0,0,0,0,0,0,0,0,0,0,0,0,0,0,64818,0,157,181,0,1004,0,0,466,0,17082
174,0,3,0,0,0,0,0,190495,0,0,0,0,534,17344,0,0,0,0,0,0,0,0,0,0,0,0,0,0,0,0,0,0,0,64768,0,21,0,199,837,587,0,0,0,17049
174,0,4,0,0,0,0,0,190495,0,0,0,0,46,0,0,0,0,0,0,0,0,0,0,0,0,0,0,0,0,0,0,0,0,0,751,54,0,1,104,0,0,0,0,0
174,0,5,0,0,0,0,0,190495,0,0,0,0,49,0,0,0,0,0,0,0,0,0,0,0,0,0,0,0,0,0,0,0,0,0,0,22,43,0,55,0,0,0,0,0
174,0,6,0,0,0,0,0,190495,0,0,0,0,55,0,0,0,0,0,0,0,0,0,0,0,0,0,0,0,0,0,0,0,0,0,0,0,0,37,132,0,0,0,0,0
174,0,7,0,0,0,0,0,190495,0,0,0,0,49,0,0,0,0,0,0,0,0,0,0,0,0,0,0,0,0,0,0,0,0,0,141,0,0,0,93,0,0,0,0,0
174,0,8,0,0,0,0,0,190495,0,0,0,0,43,0,0,0,0,0,0,0,0,0,0,0,0,0,0,0,0,0,0,0,0,0,0,0,37,0,109,0,0,0,0,0
175,0,0,0,0,0,0,0,701013,0,0,2562,263168,116,0,0,0,0,0,5811,0,0,0,0,0,0,0,0,2562,2562,0,127606,0,374471,263168,0,813,0,116,238,0,0,0,0,271229
175,0,1,0,0,0,0,0,350507,5811,0,0,0,2217,0,0,0,0,0,5811,0,0,0,0,0,0,0,0,0,1284,0,63761,0,126372,0,0,363,298,484,3824,0,0,32028,0,0
175,0,2,0,0,0,0,0,350507,0,0,0,0,378,17344,0,0,0,0,0,0,0,0,0,0,0,0,0,0,0,0,63588,0,0,64868,0,630,215,0,772,0,0,16390,0,16932
175,0,3,0,0,0,0,0,350507,0,0,0,0,469,17344,0,0,0,0,0,0,0,0,0,0,0,0,0,0,0,0,0,0,0,64821,0,7,0,238,712,88054,0,0,0,16898
175,0,4,0,0,0,0,0,350507,0,0,0,0,502,17344,0,0,0,0,0,0,0,0,0,0,0,0,0,0,0,0,0,0,0,64853,1422,53,0,2,1005,0,0,71647,0,16894
175,0,5,0,0,0,0,0,350507,0,0,0,0,522,17344,0,0,0,0,0,0,0,0,0,0,0,0,0,0,0,0,0,0,0,64754,0,9,291,0,791,0,0,22812,0,16683
175,0,6,0,0,0,0,0,350507,0,0,0,0,55,0,0,0,0,0,0,0,0,0,0,0,0,0,0,0,0,0,0,0,0,0,0,0,0,37,146,0,0,0,0,0
175,0,7,0,0,0,0,0,350507,0,0,0,0,49,0,0,0,0,0,0,0,0,0,0,0,0,0,0,0,0,0,0,0,0,0,141,0,0,0,94,0,0,0,0,0
175,0,8,0,0,0,0,0,350507,0,0,0,0,43,0,0,0,0,0,0,0,0,0,0,0,0,0,0,0,0,0,0,0,0,0,0,0,37,0,124,0,0,0,0,0
176,0,0,0,0,0,0,0,700584,0,0,2562,263168,116,0,0,0,0,0,5808,0,0,0,0,0,0,0,0,2562,2562,0,127596,0,374443,263168,0,813,0,116,238,0,0,0,0,271011
176,0,1,0,0,0,0,0,350292,5808,0,0,0,2178,0,0,0,0,0,5808,0,0,0,0,0,0,0,0,0,1287,0,63742,0,126398,0,0,354,316,514,3804,0,0,31920,0,0
176,0,2,0,0,0,0,0,350292,0,0,0,0,377,17344,0,0,0,0,0,0,0,0,0,0,0,0,0,0,0,0,63595,0,0,64880,0,612,216,0,759,0,0,16272,0,16934
176,0,3,0,0,0,0,0,350292,0,0,0,0,461,17344,0,0,0,0,0,0,0,0,0,0,0,0,0,0,0,0,0,0,0,64822,0,21,0,246,720,87923,0,0,0,16893
176,0,4,0,0,0,0,0,350292,0,0,0,0,506,17344,0,0,0,0,0,0,0,0,0,0,0,0,0,0,0,0,0,0,0,64848,1402,54,0,2,1017,0,0,71705,0,16895
176,0,5,0,0,0,0,0,350292,0,0,0,0,513,17344,0,0,0,0,0,0,0,0,0,0,0,0,0,0,0,0,0,0,0,64761,0,24,299,0,786,0,0,23010,0,16696
176,0,6,0,0,0,0,0,350292,0,0,0,0,55,0,0,0,0,0,0,0,0,0,0,0,0,0,0,0,0,0,0,0,0,0,0,0,0,37,132,0,0,0,0,0
176,0,7,0,0,0,0,0,350292,0,0,0,0,49,0,0,0,0,0,0,0,0,0,0,0,0,0,0,0,0,0,0,0,0,0,141,0,0,0,93,0,0,0,0,0
176,0,8,0,0,0,0,0,350292,0,0,0,0,43,0,0,0,0,0,0,0,0,0,0,0,0,0,0,0,0,0,0,0,0,0,0,0,37,0,109,0,0,0,0,0
177,0,0,0,0,0,0,0,700914,0,0,2562,263168,116,0,0,0,0,0,5808,0,0,0,0,0,0,0,0,2562,2562,0,127635,0,374497,263168,0,813,0,116,238,0,0,0,0,270931
177,0,1,0,0,0,0,0,350457,5808,0,0,0,2185,0,0,0,0,0,5808,0,0,0,0,0,0,0,0,0,1288,0,63774,0,126358,0,0,355,313,509,3818,0,0,31995,0,0
177,0,2,0,0,0,0,0,350457,0,0,0,0,376,17344,0,0,0,0,0,0,0,0,0,0,0,0,0,0,0,0,63598,0,0,64874,0,612,217,0,763,0,0,16314,0,16947
177,0,3,0,0,0,0,0,350457,0,0,0,0,447,17344,0,0,0,0,0,0,0,0,0,0,0,0,0,0,0,0,0,0,0,64830,0,21,0,260,703,87904,0,0,0,16909
177,0,4,0,0,0,0,0,350457,0,0,0,0,506,17344,0,0,0,0,0,0,0,0,0,0,0,0,0,0,0,0,0,0,0,64865,1394,54,0,2,1016,0,0,71673,0,16891
177,0,5,0,0,0,0,0,350457,0,0,0,0,519,17344,0,0,0,0,0,0,0,0,0,0,0,0,0,0,0,0,0,0,0,64752,0,24,293,0,792,0,0,23493,0,16697
177,0,6,0,0,0,0,0,350457,0,0,0,0,55,0,0,0,0,0,0,0,0,0,0,0,0,0,0,0,0,0,0,0,0,0,0,0,0,37,132,0,0,0,0,0
177,0,7,0,0,0,0,0,350457,0,0,0,0,49,0,0,0,0,0,0,0,0,0,0,0,0,0,0,0,0,0,0,0,0,0,141,0,0,0,93,0,0,0,0,0
177,0,8,0,0,0,0,0,350457,0,0,0,0,43,0,0,0,0,0,0,0,0,0,0,0,0,0,0,0,0,0,0,0,0,0,0,0,37,0,109,0,0,0,0,0
178,0,0,0,0,0,0,0,1021319,0,0,3844,394752,116,0,0,0,0,0,7746,0,0,0,0,0,0,0,0,3844,3844,0,252868,0,498052,394752,0,1468,0,116,238,0,0,0,0,497133
178,0,1,0,0,0,0,0,510660,7746,0,0,0,3147,0,0,0,0,0,7746,0,0,0,0,0,0,0,0,0,1925,0,126507,0,126463,0,0,559,499,441,5423,0,0,31447,0,0
178,0,2,0,0,0,0,0,510660,0,0,0,0,310,17344,0,0,0,0,0,0,0,0,0,0,0,0,0,0,0,0,63460,0,0,64879,0,635,176,0,641,0,0,15850,0,16955
178,0,3,0,0,0,0,0,510660,0,0,0,0,407,17344,0,0,0,0,0,0,0,0,0,0,0,0,0,0,0,0,63600,0,0,64848,0,250,0,228,619,208843,0,0,0,16763
178,0,4,0,0,0,0,0,510660,0,0,0,0,538,17344,0,0,0,0,0,0,0,0,0,0,0,0,0,0,0,0,63810,0,0,64993,2070,532,0,0,1097,0,0,139010,0,16752
178,0,5,0,0,0,0,0,510660,0,0,0,0,529,17344,0,0,0,0,0,0,0,0,0,0,0,0,0,0,0,0,0,0,0,64761,0,24,288,0,784,0,0,33119,0,16591
178,0,6,0,0,0,0,0,510660,0,0,0,0,534,17344,0,0,0,0,0,0,0,0,0,0,0,0,0,0,0,0,0,0,0,64682,0,0,0,283,1109,135252,0,0,0,16673
178,0,7,0,0,0,0,0,510660,0,0,0,0,537,17344,0,0,0,0,0,0,0,0,0,0,0,0,0,0,0,0,0,0,0,64862,856,0,0,1,830,0,0,30825,0,16707
178,0,8,0,0,0,0,0,510660,0,0,0,0,43,0,0,0,0,0,0,0,0,0,0,0,0,0,0,0,0,0,0,0,0,0,0,0,37,0,110,0,0,0,0,0
179,0,0,0,0,0,0,0,1021507,0,0,3844,394752,116,0,0,0,0,0,7746,0,0,0,0,0,0,0,0,3844,3844,0,253022,0,497987,394752,0,1468,0,116,238,0,0,0,0,497270
179,0,1,0,0,0,0,0,510754,7746,0,0,0,3143,0,0,0,0,0,7746,0,0,0,0,0,0,0,0,0,1914,0,126467,0,126469,0,0,573,493,437,5410,0,0,31505,0,0
179,0,2,0,0,0,0,0,510754,0,0,0,0,303,17344,0,0,0,0,0,0,0,0,0,0,0,0,0,0,0,0,63477,0,0,64876,0,631,184,0,641,0,0,15928,0,16943
179,0,3,0,0,0,0,0,510754,0,0,0,0,397,17344,0,0,0,0,0,0,0,0,0,0,0,0,0,0,0,0,63653,0,0,64855,0,248,0,238,605,208836,0,0,0,16753
179,0,4,0,0,0,0,0,510754,0,0,0,0,532,17344,0,0,0,0,0,0,0,0,0,0,0,0,0,0,0,0,63799,0,0,64988,2071,525,0,0,1084,0,0,139233,0,16738
179,0,5,0,0,0,0,0,510754,0,0,0,0,536,17344,0,0,0,0,0,0,0,0,0,0,0,0,0,0,0,0,0,0,0,64769,0,26,280,0,794,0,0,34106,0,16586
179,0,6,0,0,0,0,0,510754,0,0,0,0,529,17344,0,0,0,0,0,0,0,0,0,0,0,0,0,0,0,0,0,0,0,64708,0,0,0,288,1106,135355,0,0,0,16681
179,0,7,0,0,0,0,0,510754,0,0,0,0,530,17344,0,0,0,0,0,0,0,0,0,0,0,0,0,0,0,0,0,0,0,64858,859,0,0,0,830,0,0,31632,0,16701
179,0,8,0,0,0,0,0,510754,0,0,0,0,43,0,0,0,0,0,0,0,0,0,0,0,0,0,0,0,0,0,0,0,0,0,0,0,37,0,109,0,0,0,0,0
180,0,0,0,0,0,0,0,1021601,0,0,3844,394752,116,0,0,0,0,0,7746,0,0,0,0,0,0,0,0,3844,3844,0,252930,0,497940,394752,0,1468,0,116,238,0,0,0,0,497315
180,0,1,0,0,0,0,0,510801,7746,0,0,0,3179,0,0,0,0,0,7746,0,0,0,0,0,0,0,0,0,1934,0,126448,0,126472,0,0,544,496,427,5428,0,0,31526,0,0
180,0,2,0,0,0,0,0,510801,0,0,0,0,303,17344,0,0,0,0,0,0,0,0,0,0,0,0,0,0,0,0,63485,0,0,64882,0,627,184,0,655,0,0,15930,0,16944
180,0,3,0,0,0,0,0,510801,0,0,0,0,408,17344,0,0,0,0,0,0,0,0,0,0,0,0,0,0,0,0,63631,0,0,64855,0,250,0,227,618,209132,0,0,0,16760
180,0,4,0,0,0,0,0,510801,0,0,0,0,531,17344,0,0,0,0,0,0,0,0,0,0,0,0,0,0,0,0,63789,0,0,64983,2089,526,0,2,1111,0,0,139258,0,16745
180,0,5,0,0,0,0,0,510801,0,0,0,0,526,17344,0,0,0,0,0,0,0,0,0,0,0,0,0,0,0,0,0,0,0,64769,0,24,290,0,788,0,0,33130,0,16602
180,0,6,0,0,0,0,0,510801,0,0,0,0,527,17344,0,0,0,0,0,0,0,0,0,0,0,0,0,0,0,0,0,0,0,64691,0,0,0,290,1102,135320,0,0,0,16667
180,0,7,0,0,0,0,0,510801,0,0,0,0,545,17344,0,0,0,0,0,0,0,0,0,0,0,0,0,0,0,0,0,0,0,64852,841,0,0,1,844,0,0,31874,0,16701
180,0,8,0,0,0,0,0,510801,0,0,0,0,43,0,0,0,0,0,0,0,0,0,0,0,0,0,0,0,0,0,0,0,0,0,0,0,37,0,110,0,0,0,0,0
181,0,0,0,0,0,0,0,760628,0,0,2562,65792,116,0,0,0,0,0,5793,0,0,0,0,0,0,0,0,2562,2562,0,0,0,125664,65792,0,196,0,116,238,0,0,0,0,266959
181,0,1,0,0,0,0,0,380314,5793,0,0,0,2233,0,0,0,0,0,5793,0,0,0,0,0,0,0,0,0,961,0,0,0,63947,0,0,83,70,973,4235,0,0,265679,0,0
181,0,2,0,0,0,0,0,380314,0,0,0,0,1669,265984,0,0,0,0,0,0,0,0,0,0,0,0,0,0,0,0,0,0,0,64789,0,171,984,0,3370,0,0,187,0,265915
181,0,3,0,0,0,0,0,380314,0,0,0,0,49,0,0,0,0,0,0,0,0,0,0,0,0,0,0,0,0,0,0,0,0,0,0,7,0,43,63,0,0,0,0,0
181,0,4,0,0,0,0,0,380314,0,0,0,0,49,0,0,0,0,0,0,0,0,0,0,0,0,0,0,0,0,0,0,0,0,0,264,53,0,0,109,0,0,0,0,0
181,0,5,0,0,0,0,0,380314,0,0,0,0,49,0,0,0,0,0,0,0,0,0,0,0,0,0,0,0,0,0,0,0,0,0,0,9,43,0,54,0,0,0,0,0
181,0,6,0,0,0,0,0,380314,0,0,0,0,55,0,0,0,0,0,0,0,0,0,0,0,0,0,0,0,0,0,0,0,0,0,0,0,0,37,146,0,0,0,0,0
181,0,7,0,0,0,0,0,380314,0,0,0,0,49,0,0,0,0,0,0,0,0,0,0,0,0,0,0,0,0,0,0,0,0,0,141,0,0,0,94,0,0,0,0,0
181,0,8,0,0,0,0,0,380314,0,0,0,0,43,0,0,0,0,0,0,0,0,0,0,0,0,0,0,0,0,0,0,0,0,0,0,0,37,0,121,0,0,0,0,0
182,0,0,0,0,0,0,0,760666,0,0,2562,65792,116,0,0,0,0,0,5793,0,0,0,0,0,0,0,0,2562,2562,0,0,0,125639,65792,0,196,0,116,238,0,0,0,0,266945
182,0,1,0,0,0,0,0,380333,5793,0,0,0,2228,0,0,0,0,0,5793,0,0,0,0,0,0,0,0,0,955,0,0,0,63936,0,0,83,70,978,4228,0,0,265685,0,0
182,0,2,0,0,0,0,0,380333,0,0,0,0,1666,265984,0,0,0,0,0,0,0,0,0,0,0,0,0,0,0,0,0,0,0,64787,0,172,986,0,3362,0,0,185,0,265915
182,0,3,0,0,0,0,0,380333,0,0,0,0,49,0,0,0,0,0,0,0,0,0,0,0,0,0,0,0,0,0,0,0,0,0,0,7,0,43,63,0,0,0,0,0
182,0,4,0,0,0,0,0,380333,0,0,0,0,49,0,0,0,0,0,0,0,0,0,0,0,0,0,0,0,0,0,0,0,0,0,264,53,0,0,109,0,0,0,0,0
182,0,5,0,0,0,0,0,380333,0,0,0,0,49,0,0,0,0,0,0,0,0,0,0,0,0,0,0,0,0,0,0,0,0,0,0,8,43,0,54,0,0,0,0,0
182,0,6,0,0,0,0,0,380333,0,0,0,0,55,0,0,0,0,0,0,0,0,0,0,0,0,0,0,0,0,0,0,0,0,0,0,0,0,37,146,0,0,0,0,0
182,0,7,0,0,0,0,0,380333,0,0,0,0,49,0,0,0,0,0,0,0,0,0,0,0,0,0,0,0,0,0,0,0,0,0,141,0,0,0,94,0,0,0,0,0
182,0,8,0,0,0,0,0,380333,0,0,0,0,43,0,0,0,0,0,0,0,0,0,0,0,0,0,0,0,0,0,0,0,0,0,0,0,37,0,122,0,0,0,0,0
183,0,0,0,0,0,0,0,760609,0,0,2562,65792,116,0,0,0,0,0,5793,0,0,0,0,0,0,0,0,2562,2562,0,0,0,125663,65792,0,196,0,116,238,0,0,0,0,266950
183,0,1,0,0,0,0,0,380305,5793,0,0,0,2181,0,0,0,0,0,5793,0,0,0,0,0,0,0,0,0,959,0,0,0,63946,0,0,84,81,1013,4171,0,0,265685,0,0
183,0,2,0,0,0,0,0,380305,0,0,0,0,1657,265984,0,0,0,0,0,0,0,0,0,0,0,0,0,0,0,0,0,0,0,64789,0,156,996,0,3333,0,0,181,0,265918
183,0,3,0,0,0,0,0,380305,0,0,0,0,46,0,0,0,0,0,0,0,0,0,0,0,0,0,0,0,0,0,0,0,0,0,0,21,0,46,70,0,0,0,0,0
183,0,4,0,0,0,0,0,380305,0,0,0,0,46,0,0,0,0,0,0,0,0,0,0,0,0,0,0,0,0,0,0,0,0,0,264,54,0,0,104,0,0,0,0,0
183,0,5,0,0,0,0,0,380305,0,0,0,0,49,0,0,0,0,0,0,0,0,0,0,0,0,0,0,0,0,0,0,0,0,0,0,23,43,0,55,0,0,0,0,0
183,0,6,0,0,0,0,0,380305,0,0,0,0,55,0,0,0,0,0,0,0,0,0,0,0,0,0,0,0,0,0,0,0,0,0,0,0,0,37,132,0,0,0,0,0
183,0,7,0,0,0,0,0,380305,0,0,0,0,49,0,0,0,0,0,0,0,0,0,0,0,0,0,0,0,0,0,0,0,0,0,141,0,0,0,93,0,0,0,0,0
183,0,8,0,0,0,0,0,380305,0,0,0,0,43,0,0,0,0,0,0,0,0,0,0,0,0,0,0,0,0,0,0,0,0,0,0,0,37,0,107,0,0,0,0,0
184,0,0,0,0,0,0,0,1331927,0,0,5122,131584,116,0,0,0,0,0,9636,0,0,0,0,0,0,0,0,5122,5122,0,127515,0,125458,131584,0,2759,0,116,238,0,0,0,0,821984
184,0,1,0,0,0,0,0,665964,9636,0,0,0,3600,0,0,0,0,0,9636,0,0,0,0,0,0,0,0,0,2532,0,0,0,63524,0,0,84,1178,1058,6585,0,0,254563,0,0
184,0,2,0,0,0,0,0,665964,0,0,0,0,1917,265984,0,0,0,0,0,0,0,0,0,0,0,0,0,0,0,0,0,0,0,65006,0,156,734,0,3546,0,0,11012,0,261570
184,0,3,0,0,0,0,0,665964,0,0,0,0,1871,265984,0,0,0,0,0,0,0,0,0,0,0,0,0,0,0,0,0,0,0,65010,0,21,0,782,2993,10961,0,0,0,261541
184,0,4,0,0,0,0,0,665964,0,0,0,0,46,0,0,0,0,0,0,0,0,0,0,0,0,0,0,0,0,0,0,0,0,0,2089,54,0,0,104,0,0,0,0,0
184,0,5,0,0,0,0,0,665964,0,0,0,0,49,0,0,0,0,0,0,0,0,0,0,0,0,0,0,0,0,0,0,0,0,0,0,24,43,0,55,0,0,0,0,0
184,0,6,0,0,0,0,0,665964,0,0,0,0,55,0,0,0,0,0,0,0,0,0,0,0,0,0,0,0,0,0,0,0,0,0,0,0,0,37,132,0,0,0,0,0
184,0,7,0,0,0,0,0,665964,0,0,0,0,49,0,0,0,0,0,0,0,0,0,0,0,0,0,0,0,0,0,0,0,0,0,141,0,0,0,93,0,0,0,0,0
184,0,8,0,0,0,0,0,665964,0,0,0,0,43,0,0,0,0,0,0,0,0,0,0,0,0,0,0,0,0,0,0,0,0,0,0,0,37,0,107,0,0,0,0,0
185,0,0,0,0,0,0,0,1331699,0,0,5122,131584,116,0,0,0,0,0,9639,0,0,0,0,0,0,0,0,5122,5122,0,127516,0,125457,131584,0,2759,0,116,238,0,0,0,0,821794
185,0,1,0,0,0,0,0,665850,9639,0,0,0,3600,0,0,0,0,0,9639,0,0,0,0,0,0,0,0,0,2542,0,0,0,63522,0,0,84,1176,1060,6576,0,0,254509,0,0
185,0,2,0,0,0,0,0,665850,0,0,0,0,1927,265984,0,0,0,0,0,0,0,0,0,0,0,0,0,0,0,0,0,0,0,65007,0,156,724,0,3554,0,0,11053,0,261547
185,0,3,0,0,0,0,0,665850,0,0,0,0,1890,265984,0,0,0,0,0,0,0,0,0,0,0,0,0,0,0,0,0,0,0,65009,0,21,0,763,3009,12141,0,0,0,261596
185,0,4,0,0,0,0,0,665850,0,0,0,0,46,0,0,0,0,0,0,0,0,0,0,0,0,0,0,0,0,0,0,0,0,0,2108,54,0,0,104,0,0,0,0,0
185,0,5,0,0,0,0,0,665850,0,0,0,0,49,0,0,0,0,0,0,0,0,0,0,0,0,0,0,0,0,0,0,0,0,0,0,24,43,0,55,0,0,0,0,0
185,0,6,0,0,0,0,0,665850,0,0,0,0,55,0,0,0,0,0,0,0,0,0,0,0,0,0,0,0,0,0,0,0,0,0,0,0,0,37,132,0,0,0,0,0
185,0,7,0,0,0,0,0,665850,0,0,0,0,49,0,0,0,0,0,0,0,0,0,0,0,0,0,0,0,0,0,0,0,0,0,141,0,0,0,93,0,0,0,0,0
185,0,8,0,0,0,0,0,665850,0,0,0,0,43,0,0,0,0,0,0,0,0,0,0,0,0,0,0,0,0,0,0,0,0,0,0,0,37,0,107,0,0,0,0,0
186,0,0,0,0,0,0,0,1331775,0,0,5122,131584,116,0,0,0,0,0,9636,0,0,0,0,0,0,0,0,5122,5122,0,127525,0,125462,131584,0,2759,0,116,238,0,0,0,0,821890
186,0,1,0,0,0,0,0,665888,9636,0,0,0,3625,0,0,0,0,0,9636,0,0,0,0,0,0,0,0,0,2537,0,0,0,63532,0,0,84,1164,1047,6646,0,0,254275,0,0
186,0,2,0,0,0,0,0,665888,0,0,0,0,1961,265984,0,0,0,0,0,0,0,0,0,0,0,0,0,0,0,0,0,0,0,65002,0,156,690,0,3601,0,0,10784,0,261562
186,0,3,0,0,0,0,0,665888,0,0,0,0,1879,265984,0,0,0,0,0,0,0,0,0,0,0,0,0,0,0,0,0,0,0,65001,0,21,0,774,2986,11940,0,0,0,261569
186,0,4,0,0,0,0,0,665888,0,0,0,0,46,0,0,0,0,0,0,0,0,0,0,0,0,0,0,0,0,0,0,0,0,0,2097,54,0,0,104,0,0,0,0,0
186,0,5,0,0,0,0,0,665888,0,0,0,0,49,0,0,0,0,0,0,0,0,0,0,0,0,0,0,0,0,0,0,0,0,0,0,24,43,0,55,0,0,0,0,0
186,0,6,0,0,0,0,0,665888,0,0,0,0,55,0,0,0,0,0,0,0,0,0,0,0,0,0,0,0,0,0,0,0,0,0,0,0,0,37,132,0,0,0,0,0
186,0,7,0,0,0,0,0,665888,0,0,0,0,49,0,0,0,0,0,0,0,0,0,0,0,0,0,0,0,0,0,0,0,0,0,141,0,0,0,93,0,0,0,0,0
186,0,8,0,0,0,0,0,665888,0,0,0,0,43,0,0,0,0,0,0,0,0,0,0,0,0,0,0,0,0,0,0,0,0,0,0,0,37,0,107,0,0,0,0,0
187,0,0,0,0,0,0,0,2604454,0,0,10242,263168,116,0,0,0,0,0,17331,0,0,0,0,0,0,0,0,10242,10242,0,127504,0,374054,263168,0,2333,0,116,238,0,0,0,0,1569413
187,0,1,0,0,0,0,0,1302227,17331,0,0,0,7285,0,0,0,0,0,17331,0,0,0,0,0,0,0,0,0,5082,0,63550,0,126140,0,0,1161,842,1754,12831,0,0,253225,0,0
187,0,2,0,0,0,0,0,1302227,0,0,0,0,923,265984,0,0,0,0,0,0,0,0,0,0,0,0,0,0,0,0,63642,0,0,65002,0,2301,449,0,1847,0,0,11044,0,261554
187,0,3,0,0,0,0,0,1302227,0,0,0,0,1462,265984,0,0,0,0,0,0,0,0,0,0,0,0,0,0,0,0,0,0,0,64999,0,21,0,765,2246,716553,0,0,0,259821
187,0,4,0,0,0,0,0,1302227,0,0,0,0,2439,265984,0,0,0,0,0,0,0,0,0,0,0,0,0,0,0,0,0,0,0,64915,4929,54,0,1,4833,0,0,864026,0,258940
187,0,5,0,0,0,0,0,1302227,0,0,0,0,2282,265984,0,0,0,0,0,0,0,0,0,0,0,0,0,0,0,0,0,0,0,64742,0,23,1221,0,3557,0,0,250589,0,259005
187,0,6,0,0,0,0,0,1302227,0,0,0,0,55,0,0,0,0,0,0,0,0,0,0,0,0,0,0,0,0,0,0,0,0,0,0,0,0,37,132,0,0,0,0,0
187,0,7,0,0,0,0,0,1302227,0,0,0,0,49,0,0,0,0,0,0,0,0,0,0,0,0,0,0,0,0,0,0,0,0,0,141,0,0,0,93,0,0,0,0,0
187,0,8,0,0,0,0,0,1302227,0,0,0,0,43,0,0,0,0,0,0,0,0,0,0,0,0,0,0,0,0,0,0,0,0,0,0,0,37,0,110,0,0,0,0,0
188,0,0,0,0,0,0,0,2604361,0,0,10242,263168,116,0,0,0,0,0,17328,0,0,0,0,0,0,0,0,10242,10242,0,127510,0,374036,263168,0,2333,0,116,238,0,0,0,0,1569350
188,0,1,0,0,0,0,0,1302181,17328,0,0,0,7253,0,0,0,0,0,17328,0,0,0,0,0,0,0,0,0,5098,0,63555,0,126134,0,0,1187,856,1746,12778,0,0,253271,0,0
188,0,2,0,0,0,0,0,1302181,0,0,0,0,913,265984,0,0,0,0,0,0,0,0,0,0,0,0,0,0,0,0,63633,0,0,65002,0,2303,460,0,1842,0,0,11029,0,261580
188,0,3,0,0,0,0,0,1302181,0,0,0,0,1457,265984,0,0,0,0,0,0,0,0,0,0,0,0,0,0,0,0,0,0,0,65000,0,21,0,770,2256,715893,0,0,0,259812
188,0,4,0,0,0,0,0,1302181,0,0,0,0,2417,265984,0,0,0,0,0,0,0,0,0,0,0,0,0,0,0,0,0,0,0,64915,4939,54,0,1,4785,0,0,864125,0,258939
188,0,5,0,0,0,0,0,1302181,0,0,0,0,2275,265984,0,0,0,0,0,0,0,0,0,0,0,0,0,0,0,0,0,0,0,64745,0,24,1228,0,3547,0,0,250062,0,259026
188,0,6,0,0,0,0,0,1302181,0,0,0,0,55,0,0,0,0,0,0,0,0,0,0,0,0,0,0,0,0,0,0,0,0,0,0,0,0,37,132,0,0,0,0,0
188,0,7,0,0,0,0,0,1302181,0,0,0,0,49,0,0,0,0,0,0,0,0,0,0,0,0,0,0,0,0,0,0,0,0,0,141,0,0,0,93,0,0,0,0,0
188,0,8,0,0,0,0,0,1302181,0,0,0,0,43,0,0,0,0,0,0,0,0,0,0,0,0,0,0,0,0,0,0,0,0,0,0,0,37,0,109,0,0,0,0,0
189,0,0,0,0,0,0,0,2604775,0,0,10242,263168,116,0,0,0,0,0,17328,0,0,0,0,0,0,0,0,10242,10242,0,127503,0,373996,263168,0,2333,0,116,238,0,0,0,0,1569468
189,0,1,0,0,0,0,0,1302388,17328,0,0,0,7301,0,0,0,0,0,17328,0,0,0,0,0,0,0,0,0,5094,0,63543,0,126140,0,0,1150,845,1746,12870,0,0,253281,0,0
189,0,2,0,0,0,0,0,1302388,0,0,0,0,917,265984,0,0,0,0,0,0,0,0,0,0,0,0,0,0,0,0,63620,0,0,64994,0,2304,455,0,1846,0,0,11032,0,261582
189,0,3,0,0,0,0,0,1302388,0,0,0,0,1471,265984,0,0,0,0,0,0,0,0,0,0,0,0,0,0,0,0,0,0,0,64997,0,7,0,756,2261,716025,0,0,0,259829
189,0,4,0,0,0,0,0,1302388,0,0,0,0,2451,265984,0,0,0,0,0,0,0,0,0,0,0,0,0,0,0,0,0,0,0,64906,4900,53,0,0,4857,0,0,864112,0,258956
189,0,5,0,0,0,0,0,1302388,0,0,0,0,2255,265984,0,0,0,0,0,0,0,0,0,0,0,0,0,0,0,0,0,0,0,64740,0,10,1248,0,3541,0,0,249758,0,259029
189,0,6,0,0,0,0,0,1302388,0,0,0,0,55,0,0,0,0,0,0,0,0,0,0,0,0,0,0,0,0,0,0,0,0,0,0,0,0,37,146,0,0,0,0,0
189,0,7,0,0,0,0,0,1302388,0,0,0,0,49,0,0,0,0,0,0,0,0,0,0,0,0,0,0,0,0,0,0,0,0,0,141,0,0,0,94,0,0,0,0,0
189,0,8,0,0,0,0,0,1302388,0,0,0,0,43,0,0,0,0,0,0,0,0,0,0,0,0,0,0,0,0,0,0,0,0,0,0,0,37,0,123,0,0,0,0,0
190,0,0,0,0,0,0,0,3863319,0,0,15366,394752,116,0,0,0,0,0,25029,0,0,0,0,0,0,0,0,15366,15366,0,252724,0,497872,394752,0,5234,0,116,238,0,0,0,0,2413217
190,0,1,0,0,0,0,0,1931660,25029,0,0,0,10502,0,0,0,0,0,25029,0,0,0,0,0,0,0,0,0,7640,0,126481,0,126525,0,0,2447,1974,1245,18320,0,0,251439,0,0
190,0,2,0,0,0,0,0,1931660,0,0,0,0,596,265984,0,0,0,0,0,0,0,0,0,0,0,0,0,0,0,0,63667,0,0,64811,0,2357,351,0,1292,0,0,9652,0,261462
190,0,3,0,0,0,0,0,1931660,0,0,0,0,1271,265984,0,0,0,0,0,0,0,0,0,0,0,0,0,0,0,0,63491,0,0,64932,0,1144,0,698,2053,1100384,0,0,0,259844
190,0,4,0,0,0,0,0,1931660,0,0,0,0,2201,265984,0,0,0,0,0,0,0,0,0,0,0,0,0,0,0,0,63659,0,0,64959,7875,2098,0,1,4170,0,0,1504797,0,257476
190,0,5,0,0,0,0,0,1931660,0,0,0,0,2248,265984,0,0,0,0,0,0,0,0,0,0,0,0,0,0,0,0,0,0,0,64751,0,11,1000,0,3226,0,0,519363,0,257858
190,0,6,0,0,0,0,0,1931660,0,0,0,0,2168,265984,0,0,0,0,0,0,0,0,0,0,0,0,0,0,0,0,0,0,0,64747,0,0,0,1081,4281,1345638,0,0,0,257852
190,0,7,0,0,0,0,0,1931660,0,0,0,0,2191,265984,0,0,0,0,0,0,0,0,0,0,0,0,0,0,0,0,0,0,0,64937,3267,0,0,2,3350,0,0,499354,0,257369
190,0,8,0,0,0,0,0,1931660,0,0,0,0,43,0,0,0,0,0,0,0,0,0,0,0,0,0,0,0,0,0,0,0,0,0,0,0,37,0,122,0,0,0,0,0
191,0,0,0,0,0,0,0,3862771,0,0,15366,394752,116,0,0,0,0,0,25029,0,0,0,0,0,0,0,0,15366,15366,0,252732,0,497829,394752,0,5234,0,116,238,0,0,0,0,2412807
191,0,1,0,0,0,0,0,1931386,25029,0,0,0,10525,0,0,0,0,0,25029,0,0,0,0,0,0,0,0,0,7691,0,126453,0,126491,0,0,2471,1945,1227,18332,0,0,252905,0,0
191,0,2,0,0,0,0,0,1931386,0,0,0,0,601,265984,0,0,0,0,0,0,0,0,0,0,0,0,0,0,0,0,63663,0,0,64812,0,2369,345,0,1304,0,0,11208,0,261445
191,0,3,0,0,0,0,0,1931386,0,0,0,0,1262,265984,0,0,0,0,0,0,0,0,0,0,0,0,0,0,0,0,63510,0,0,64949,0,1118,0,707,2040,1098665,0,0,0,259911
191,0,4,0,0,0,0,0,1931386,0,0,0,0,2200,265984,0,0,0,0,0,0,0,0,0,0,0,0,0,0,0,0,63673,0,0,64962,7892,2102,0,1,4141,0,0,1504532,0,257515
191,0,5,0,0,0,0,0,1931386,0,0,0,0,2269,265984,0,0,0,0,0,0,0,0,0,0,0,0,0,0,0,0,0,0,0,64732,0,9,980,0,3236,0,0,519505,0,257823
191,0,6,0,0,0,0,0,1931386,0,0,0,0,2176,265984,0,0,0,0,0,0,0,0,0,0,0,0,0,0,0,0,0,0,0,64758,0,0,0,1073,4315,1343677,0,0,0,257824
191,0,7,0,0,0,0,0,1931386,0,0,0,0,2204,265984,0,0,0,0,0,0,0,0,0,0,0,0,0,0,0,0,0,0,0,64938,3262,0,0,2,3359,0,0,501597,0,257338
191,0,8,0,0,0,0,0,1931386,0,0,0,0,43,0,0,0,0,0,0,0,0,0,0,0,0,0,0,0,0,0,0,0,0,0,0,0,37,0,124,0,0,0,0,0
192,0,0,0,0,0,0,0,3864393,0,0,15366,394752,116,0,0,0,0,0,25029,0,0,0,0,0,0,0,0,15366,15366,0,252664,0,497943,394752,0,5234,0,116,238,0,0,0,0,2414462
192,0,1,0,0,0,0,0,1932197,25029,0,0,0,10514,0,0,0,0,0,25029,0,0,0,0,0,0,0,0,0,7644,0,126496,0,126535,0,0,2448,1974,1232,18354,0,0,253178,0,0
192,0,2,0,0,0,0,0,1932197,0,0,0,0,612,265984,0,0,0,0,0,0,0,0,0,0,0,0,0,0,0,0,63666,0,0,64812,0,2361,334,0,1318,0,0,11430,0,261457
192,0,3,0,0,0,0,0,1932197,0,0,0,0,1251,265984,0,0,0,0,0,0,0,0,0,0,0,0,0,0,0,0,63494,0,0,64932,0,1160,0,718,2029,1100230,0,0,0,259838
192,0,4,0,0,0,0,0,1932197,0,0,0,0,2185,265984,0,0,0,0,0,0,0,0,0,0,0,0,0,0,0,0,63672,0,0,64958,7870,2101,0,1,4150,0,0,1505160,0,257477
192,0,5,0,0,0,0,0,1932197,0,0,0,0,2247,265984,0,0,0,0,0,0,0,0,0,0,0,0,0,0,0,0,0,0,0,64749,0,24,1001,0,3208,0,0,519494,0,257856
192,0,6,0,0,0,0,0,1932197,0,0,0,0,2185,265984,0,0,0,0,0,0,0,0,0,0,0,0,0,0,0,0,0,0,0,64749,0,0,0,1064,4282,1345299,0,0,0,257794
192,0,7,0,0,0,0,0,1932197,0,0,0,0,2208,265984,0,0,0,0,0,0,0,0,0,0,0,0,0,0,0,0,0,0,0,64939,3267,0,0,2,3364,0,0,500140,0,257359
192,0,8,0,0,0,0,0,1932197,0,0,0,0,43,0,0,0,0,0,0,0,0,0,0,0,0,0,0,0,0,0,0,0,0,0,0,0,37,0,109,0,0,0,0,0
