run_id,n_active,rep,burst,rd_per_group,wr_per_group,acc,acc_y,acc_x,hops,cyc_to_done,cyc_all_done,start_skew,start_off,cyc_active,polls,acc_tlb,acc_mem_lo,acc_mem_hi,acc_tot_lo,acc_tot_hi,acc_invocations,errors,timeout
1,1,1,8,1,1,0,0,2,2,623828,623850,121,7,623821,4097,1,508911,0,623608,0,1,0,0
2,1,2,8,1,1,0,0,2,2,623781,623803,121,7,623774,4097,1,508864,0,623561,0,1,0,0
3,1,3,8,1,1,0,0,2,2,623838,623860,121,7,623831,4097,1,508904,0,623601,0,1,0,0
4,2,1,8,1,1,0,0,2,2,639667,639998,243,7,639660,2206,1,524804,0,639501,0,1,0,0
4,2,1,8,1,1,1,0,3,3,639971,639998,243,126,639845,2206,1,524870,0,639567,0,1,0,0
5,2,2,8,1,1,0,0,2,2,640092,640262,243,7,640085,2207,1,524994,0,639691,0,1,0,0
5,2,2,8,1,1,1,0,3,3,640235,640262,243,126,640109,2207,1,524996,0,639693,0,1,0,0
6,2,3,8,1,1,0,0,2,2,639589,639761,243,7,639582,2204,1,524726,0,639423,0,1,0,0
6,2,3,8,1,1,1,0,3,3,639734,639761,243,126,639608,2204,1,524734,0,639431,0,1,0,0
7,4,1,8,1,1,0,0,2,2,755889,756081,475,7,755882,1337,1,640939,0,755636,0,1,0,0
7,4,1,8,1,1,1,0,3,3,756029,756081,475,121,755908,1337,1,640973,0,755670,0,1,0,0
7,4,1,8,1,1,2,1,0,1,753171,756081,475,232,752939,1337,1,637889,0,752586,0,1,0,0
7,4,1,8,1,1,3,1,1,2,753319,756081,475,352,752967,1337,1,637880,0,752577,0,1,0,0
8,4,2,8,1,1,0,0,2,2,753736,753927,487,7,753729,1333,1,638849,0,753546,0,1,0,0
8,4,2,8,1,1,1,0,3,3,753875,753927,487,121,753754,1333,1,638892,0,753589,0,1,0,0
8,4,2,8,1,1,2,1,0,1,751050,753927,487,232,750818,1333,1,635515,0,750212,0,1,0,0
8,4,2,8,1,1,3,1,1,2,751197,753927,487,352,750845,1333,1,635508,0,750205,0,1,0,0
9,4,3,8,1,1,0,0,2,2,754178,754368,475,7,754171,1334,1,639201,0,753898,0,1,0,0
9,4,3,8,1,1,1,0,3,3,754316,754368,475,121,754195,1334,1,639196,0,753893,0,1,0,0
9,4,3,8,1,1,2,1,0,1,751459,754368,475,232,751227,1334,1,636339,0,751036,0,1,0,0
9,4,3,8,1,1,3,1,1,2,751616,754368,475,352,751264,1334,1,636316,0,751013,0,1,0,0
10,6,1,8,1,1,0,0,2,2,851158,877331,744,7,851151,1053,1,735648,0,850345,0,1,0,0
10,6,1,8,1,1,1,0,3,3,851327,877331,744,124,851203,1053,1,735706,0,850403,0,1,0,0
10,6,1,8,1,1,2,1,0,1,856756,877331,744,235,856521,1053,1,741574,0,856271,0,1,0,0
10,6,1,8,1,1,3,1,1,2,870736,877331,744,355,870381,1053,1,755131,0,869828,0,1,0,0
10,6,1,8,1,1,4,1,2,3,877295,877331,744,472,876823,1053,1,761672,0,876369,0,1,0,0
10,6,1,8,1,1,5,1,3,4,877102,877331,744,604,876498,1053,1,761620,0,876317,0,1,0,0
11,6,2,8,1,1,0,0,2,2,849707,874816,733,7,849700,1051,1,734185,0,848882,0,1,0,0
11,6,2,8,1,1,1,0,3,3,849872,874816,733,125,849747,1051,1,734174,0,848871,0,1,0,0
11,6,2,8,1,1,2,1,0,1,855350,874816,733,236,855114,1051,1,739935,0,854632,0,1,0,0
11,6,2,8,1,1,3,1,1,2,868293,874816,733,356,867937,1051,1,752654,0,867351,0,1,0,0
11,6,2,8,1,1,4,1,2,3,874780,874816,733,473,874307,1051,1,759231,0,873928,0,1,0,0
11,6,2,8,1,1,5,1,3,4,874587,874816,733,605,873982,1051,1,759116,0,873813,0,1,0,0
12,6,3,8,1,1,0,0,2,2,850221,875526,755,7,850214,1050,1,734909,0,849606,0,1,0,0
12,6,3,8,1,1,1,0,3,3,850371,875526,755,121,850250,1050,1,734937,0,849634,0,1,0,0
12,6,3,8,1,1,2,1,0,1,856465,875526,755,232,856233,1050,1,740865,0,855562,0,1,0,0
12,6,3,8,1,1,3,1,1,2,868514,875526,755,352,868162,1050,1,752897,0,867594,0,1,0,0
12,6,3,8,1,1,4,1,2,3,875362,875526,755,490,874872,1050,1,759815,0,874512,0,1,0,0
12,6,3,8,1,1,5,1,3,4,875499,875526,755,622,874877,1050,1,759802,0,874499,0,1,0,0
13,8,1,8,1,1,0,0,2,2,983337,1118790,953,7,983330,1093,1,867977,0,982674,0,1,0,0
13,8,1,8,1,1,1,0,3,3,983508,1118790,953,121,983387,1093,1,868114,0,982811,0,1,0,0
13,8,1,8,1,1,2,1,0,1,1019714,1118790,953,232,1019482,1093,1,903840,0,1018537,0,1,0,0
13,8,1,8,1,1,3,1,1,2,1075815,1118790,953,352,1075463,1093,1,960456,0,1075153,0,1,0,0
13,8,1,8,1,1,4,1,2,3,1118599,1118790,953,469,1118130,1093,1,1003002,0,1117699,0,1,0,0
13,8,1,8,1,1,5,1,3,4,1118738,1118790,953,589,1118149,1093,1,1003029,0,1117726,0,1,0,0
13,8,1,8,1,1,6,2,0,2,1056331,1118790,953,705,1055626,1093,1,940241,0,1054938,0,1,0,0
13,8,1,8,1,1,7,2,1,3,1056479,1118790,953,829,1055650,1093,1,940228,0,1054925,0,1,0,0
14,8,2,8,1,1,0,0,2,2,984392,1118640,968,7,984385,1093,1,868607,0,983304,0,1,0,0
14,8,2,8,1,1,1,0,3,3,984559,1118640,968,121,984438,1093,1,868752,0,983449,0,1,0,0
14,8,2,8,1,1,2,1,0,1,1019192,1118640,968,232,1018960,1093,1,903838,0,1018535,0,1,0,0
14,8,2,8,1,1,3,1,1,2,1076674,1118640,968,352,1076322,1093,1,961271,0,1075968,0,1,0,0
14,8,2,8,1,1,4,1,2,3,1118451,1118640,968,469,1117982,1093,1,1002967,0,1117664,0,1,0,0
14,8,2,8,1,1,5,1,3,4,1118588,1118640,968,601,1117987,1093,1,1002915,0,1117612,0,1,0,0
14,8,2,8,1,1,6,2,0,2,1056558,1118640,968,717,1055841,1093,1,940493,0,1055190,0,1,0,0
14,8,2,8,1,1,7,2,1,3,1056735,1118640,968,835,1055900,1093,1,940540,0,1055237,0,1,0,0
15,8,3,8,1,1,0,0,2,2,984445,1118680,981,7,984438,1090,1,869223,0,983920,0,1,0,0
15,8,3,8,1,1,1,0,3,3,984596,1118680,981,121,984475,1090,1,869251,0,983948,0,1,0,0
15,8,3,8,1,1,2,1,0,1,1021130,1118680,981,232,1020898,1090,1,905771,0,1020468,0,1,0,0
15,8,3,8,1,1,3,1,1,2,1077746,1118680,981,352,1077394,1090,1,962400,0,1077097,0,1,0,0
15,8,3,8,1,1,4,1,2,3,1118490,1118680,981,471,1118019,1090,1,1002895,0,1117592,0,1,0,0
15,8,3,8,1,1,5,1,3,4,1118628,1118680,981,587,1118041,1090,1,1002901,0,1117598,0,1,0,0
15,8,3,8,1,1,6,2,0,2,1056502,1118680,981,724,1055778,1090,1,940811,0,1055508,0,1,0,0
15,8,3,8,1,1,7,2,1,3,1056663,1118680,981,855,1055808,1090,1,940699,0,1055396,0,1,0,0
16,10,1,8,1,1,0,0,2,2,1143048,1396843,1253,7,1143041,1104,1,1026771,0,1141468,0,1,0,0
16,10,1,8,1,1,1,0,3,3,1143200,1396843,1253,121,1143079,1104,1,1026820,0,1141517,0,1,0,0
16,10,1,8,1,1,2,1,0,1,1203429,1396843,1253,232,1203197,1104,1,1087832,0,1202529,0,1,0,0
16,10,1,8,1,1,3,1,1,2,1282597,1396843,1253,352,1282245,1104,1,1166709,0,1281406,0,1,0,0
16,10,1,8,1,1,4,1,2,3,1314125,1396843,1253,469,1313656,1104,1,1198481,0,1313178,0,1,0,0
16,10,1,8,1,1,5,1,3,4,1314289,1396843,1253,627,1313662,1104,1,1198519,0,1313216,0,1,0,0
16,10,1,8,1,1,6,2,0,2,1312725,1396843,1253,748,1311977,1104,1,1196700,0,1311397,0,1,0,0
16,10,1,8,1,1,7,2,1,3,1385133,1396843,1253,866,1384267,1104,1,1269215,0,1383912,0,1,0,0
16,10,1,8,1,1,8,2,2,4,1396807,1396843,1253,985,1395822,1104,1,1280646,0,1395343,0,1,0,0
16,10,1,8,1,1,9,2,3,5,1396579,1396843,1253,1112,1395467,1104,1,1280525,0,1395222,0,1,0,0
17,10,2,8,1,1,0,0,2,2,1142633,1395086,1217,7,1142626,1105,1,1026362,0,1141059,0,1,0,0
17,10,2,8,1,1,1,0,3,3,1142778,1395086,1217,121,1142657,1105,1,1026529,0,1141226,0,1,0,0
17,10,2,8,1,1,2,1,0,1,1202186,1395086,1217,232,1201954,1105,1,1086256,0,1200953,0,1,0,0
17,10,2,8,1,1,3,1,1,2,1281332,1395086,1217,352,1280980,1105,1,1165882,0,1280579,0,1,0,0
17,10,2,8,1,1,4,1,2,3,1313114,1395086,1217,469,1312645,1105,1,1197021,0,1311718,0,1,0,0
17,10,2,8,1,1,5,1,3,4,1313254,1395086,1217,601,1312653,1105,1,1197102,0,1311799,0,1,0,0
17,10,2,8,1,1,6,2,0,2,1313404,1395086,1217,728,1312676,1105,1,1197098,0,1311795,0,1,0,0
17,10,2,8,1,1,7,2,1,3,1383926,1395086,1217,865,1383061,1105,1,1268059,0,1382756,0,1,0,0
17,10,2,8,1,1,8,2,2,4,1394914,1395086,1217,987,1393927,1105,1,1279006,0,1393703,0,1,0,0
17,10,2,8,1,1,9,2,3,5,1395059,1395086,1217,1098,1393961,1105,1,1278933,0,1393630,0,1,0,0
18,10,3,8,1,1,0,0,2,2,1145186,1397036,1211,7,1145179,1104,1,1029395,0,1144092,0,1,0,0
18,10,3,8,1,1,1,0,3,3,1145341,1397036,1211,121,1145220,1104,1,1029559,0,1144256,0,1,0,0
18,10,3,8,1,1,2,1,0,1,1200530,1397036,1211,232,1200298,1104,1,1085434,0,1200131,0,1,0,0
18,10,3,8,1,1,3,1,1,2,1282272,1397036,1211,352,1281920,1104,1,1166537,0,1281234,0,1,0,0
18,10,3,8,1,1,4,1,2,3,1313183,1397036,1211,468,1312715,1104,1,1197827,0,1312524,0,1,0,0
18,10,3,8,1,1,5,1,3,4,1313330,1397036,1211,579,1312751,1104,1,1197866,0,1312563,0,1,0,0
18,10,3,8,1,1,6,2,0,2,1314751,1397036,1211,699,1314052,1104,1,1198999,0,1313696,0,1,0,0
18,10,3,8,1,1,7,2,1,3,1387704,1397036,1211,822,1386882,1104,1,1271891,0,1386588,0,1,0,0
18,10,3,8,1,1,8,2,2,4,1396868,1397036,1211,940,1395928,1104,1,1281040,0,1395737,0,1,0,0
18,10,3,8,1,1,9,2,3,5,1397009,1397036,1211,1084,1395925,1104,1,1280978,0,1395675,0,1,0,0
19,13,1,8,1,1,0,0,2,2,1175542,1797632,1586,7,1175535,1180,1,1059588,0,1174285,0,1,0,0
19,13,1,8,1,1,1,0,3,3,1175687,1797632,1586,121,1175566,1180,1,1059710,0,1174407,0,1,0,0
19,13,1,8,1,1,2,1,0,1,1215401,1797632,1586,232,1215169,1180,1,1099480,0,1214177,0,1,0,0
19,13,1,8,1,1,3,1,1,2,1334275,1797632,1586,352,1333923,1180,1,1217624,0,1332321,0,1,0,0
19,13,1,8,1,1,4,1,2,3,1412747,1797632,1586,469,1412278,1180,1,1296958,0,1411655,0,1,0,0
19,13,1,8,1,1,5,1,3,4,1412889,1797632,1586,601,1412288,1180,1,1297137,0,1411834,0,1,0,0
19,13,1,8,1,1,6,2,0,2,1523600,1797632,1586,721,1522879,1180,1,1407957,0,1522654,0,1,0,0
19,13,1,8,1,1,7,2,1,3,1763628,1797632,1586,840,1762788,1180,1,1647872,0,1762569,0,1,0,0
19,13,1,8,1,1,8,2,2,4,1797438,1797632,1586,967,1796471,1180,1,1681155,0,1795852,0,1,0,0
19,13,1,8,1,1,9,2,3,5,1797571,1797632,1586,1093,1796478,1180,1,1681044,0,1795741,0,1,0,0
19,13,1,8,1,1,10,3,0,3,1764885,1797632,1586,1211,1763674,1180,1,1648209,0,1762906,0,1,0,0
19,13,1,8,1,1,11,3,1,4,1797070,1797632,1586,1337,1795733,1180,1,1680529,0,1795226,0,1,0,0
19,13,1,8,1,1,12,3,2,5,1797215,1797632,1586,1466,1795749,1180,1,1680426,0,1795123,0,1,0,0
20,13,2,8,1,1,0,0,2,2,1179051,1798938,1537,7,1179044,1182,1,1063315,0,1178012,0,1,0,0
20,13,2,8,1,1,1,0,3,3,1179213,1798938,1537,121,1179092,1182,1,1063512,0,1178209,0,1,0,0
20,13,2,8,1,1,2,1,0,1,1215465,1798938,1537,232,1215233,1182,1,1099120,0,1213817,0,1,0,0
20,13,2,8,1,1,3,1,1,2,1337703,1798938,1537,352,1337351,1182,1,1221313,0,1336010,0,1,0,0
20,13,2,8,1,1,4,1,2,3,1413601,1798938,1537,469,1413132,1182,1,1297137,0,1411834,0,1,0,0
20,13,2,8,1,1,5,1,3,4,1413766,1798938,1537,589,1413177,1182,1,1297296,0,1411993,0,1,0,0
20,13,2,8,1,1,6,2,0,2,1526533,1798938,1537,704,1525829,1182,1,1410870,0,1525567,0,1,0,0
20,13,2,8,1,1,7,2,1,3,1763438,1798938,1537,828,1762610,1182,1,1647677,0,1762374,0,1,0,0
20,13,2,8,1,1,8,2,2,4,1798738,1798938,1537,946,1797792,1182,1,1682876,0,1797573,0,1,0,0
20,13,2,8,1,1,9,2,3,5,1798877,1798938,1537,1063,1797814,1182,1,1682799,0,1797496,0,1,0,0
20,13,2,8,1,1,10,3,0,3,1762932,1798938,1537,1182,1761750,1182,1,1646433,0,1761130,0,1,0,0
20,13,2,8,1,1,11,3,1,4,1797960,1798938,1537,1301,1796659,1182,1,1681462,0,1796159,0,1,0,0
20,13,2,8,1,1,12,3,2,5,1798114,1798938,1537,1415,1796699,1182,1,1681389,0,1796086,0,1,0,0
21,13,3,8,1,1,0,0,2,2,1176134,1797381,1604,7,1176127,1181,1,1060815,0,1175512,0,1,0,0
21,13,3,8,1,1,1,0,3,3,1176287,1797381,1604,121,1176166,1181,1,1060935,0,1175632,0,1,0,0
21,13,3,8,1,1,2,1,0,1,1213037,1797381,1604,241,1212796,1181,1,1097827,0,1212524,0,1,0,0
21,13,3,8,1,1,3,1,1,2,1335514,1797381,1604,361,1335153,1181,1,1219882,0,1334579,0,1,0,0
21,13,3,8,1,1,4,1,2,3,1412229,1797381,1604,478,1411751,1181,1,1295784,0,1410481,0,1,0,0
21,13,3,8,1,1,5,1,3,4,1412383,1797381,1604,610,1411773,1181,1,1295807,0,1410504,0,1,0,0
21,13,3,8,1,1,6,2,0,2,1526325,1797381,1604,737,1525588,1181,1,1409831,0,1524528,0,1,0,0
21,13,3,8,1,1,7,2,1,3,1763746,1797381,1604,871,1762875,1181,1,1647567,0,1762264,0,1,0,0
21,13,3,8,1,1,8,2,2,4,1797179,1797381,1604,1007,1796172,1181,1,1681302,0,1795999,0,1,0,0
21,13,3,8,1,1,9,2,3,5,1797320,1797381,1604,1120,1796200,1181,1,1681254,0,1795951,0,1,0,0
21,13,3,8,1,1,10,3,0,3,1764201,1797381,1604,1240,1762961,1181,1,1648026,0,1762723,0,1,0,0
21,13,3,8,1,1,11,3,1,4,1796396,1797381,1604,1363,1795033,1181,1,1679981,0,1794678,0,1,0,0
21,13,3,8,1,1,12,3,2,5,1796551,1797381,1604,1485,1795066,1181,1,1679910,0,1794607,0,1,0,0
22,1,1,16,1,1,0,0,2,2,383912,383934,121,7,383905,2835,1,326405,0,383758,0,1,0,0
23,1,2,16,1,1,0,0,2,2,384005,384027,121,7,383998,2836,1,326412,0,383765,0,1,0,0
24,1,3,16,1,1,0,0,2,2,383972,383994,121,7,383965,2836,1,326411,0,383764,0,1,0,0
25,2,1,16,1,1,0,0,2,2,415845,416017,243,7,415838,1367,1,358129,0,415482,0,1,0,0
25,2,1,16,1,1,1,0,3,3,415990,416017,243,126,415864,1367,1,358223,0,415576,0,1,0,0
26,2,2,16,1,1,0,0,2,2,415763,415959,243,7,415756,1367,1,358172,0,415525,0,1,0,0
26,2,2,16,1,1,1,0,3,3,415932,415959,243,126,415806,1367,1,358231,0,415584,0,1,0,0
27,2,3,16,1,1,0,0,2,2,415091,415263,243,7,415084,1368,1,357375,0,414728,0,1,0,0
27,2,3,16,1,1,1,0,3,3,415236,415263,243,126,415110,1368,1,357469,0,414822,0,1,0,0
28,4,1,16,1,1,0,0,2,2,548777,548975,465,7,548770,1014,1,491244,0,548597,0,1,0,0
28,4,1,16,1,1,1,0,3,3,548923,548975,465,121,548802,1014,1,491253,0,548606,0,1,0,0
28,4,1,16,1,1,2,1,0,1,548470,548975,465,234,548236,1014,1,490410,0,547763,0,1,0,0
28,4,1,16,1,1,3,1,1,2,548616,548975,465,347,548269,1014,1,490522,0,547875,0,1,0,0
29,4,2,16,1,1,0,0,2,2,550392,550581,465,7,550385,1017,1,492386,0,549739,0,1,0,0
29,4,2,16,1,1,1,0,3,3,550529,550581,465,121,550408,1017,1,492485,0,549838,0,1,0,0
29,4,2,16,1,1,2,1,0,1,550106,550581,465,234,549872,1017,1,491917,0,549270,0,1,0,0
29,4,2,16,1,1,3,1,1,2,550251,550581,465,347,549904,1017,1,492029,0,549382,0,1,0,0
30,4,3,16,1,1,0,0,2,2,550785,550975,465,7,550778,1018,1,493047,0,550400,0,1,0,0
30,4,3,16,1,1,1,0,3,3,550923,550975,465,121,550802,1018,1,493112,0,550465,0,1,0,0
30,4,3,16,1,1,2,1,0,1,550491,550975,465,234,550257,1018,1,492559,0,549912,0,1,0,0
30,4,3,16,1,1,3,1,1,2,550641,550975,465,347,550294,1018,1,492579,0,549932,0,1,0,0
31,6,1,16,1,1,0,0,2,2,531207,550240,717,7,531200,699,1,473117,0,530470,0,1,0,0
31,6,1,16,1,1,1,0,3,3,531383,550240,717,121,531262,699,1,473136,0,530489,0,1,0,0
31,6,1,16,1,1,2,1,0,1,532141,550240,717,234,531907,699,1,474057,0,531410,0,1,0,0
31,6,1,16,1,1,3,1,1,2,537660,550240,717,347,537313,699,1,479579,0,536932,0,1,0,0
31,6,1,16,1,1,4,1,2,3,550073,550240,717,469,549604,699,1,491966,0,549319,0,1,0,0
31,6,1,16,1,1,5,1,3,4,550213,550240,717,582,549631,699,1,492018,0,549371,0,1,0,0
32,6,2,16,1,1,0,0,2,2,528989,550742,705,7,528982,703,1,470967,0,528320,0,1,0,0
32,6,2,16,1,1,1,0,3,3,529166,550742,705,121,529045,703,1,470983,0,528336,0,1,0,0
32,6,2,16,1,1,2,1,0,1,530492,550742,705,232,530260,703,1,472673,0,530026,0,1,0,0
32,6,2,16,1,1,3,1,1,2,536876,550742,705,345,536531,703,1,478781,0,536134,0,1,0,0
32,6,2,16,1,1,4,1,2,3,550578,550742,705,457,550121,703,1,492356,0,549709,0,1,0,0
32,6,2,16,1,1,5,1,3,4,550715,550742,705,570,550145,703,1,492402,0,549755,0,1,0,0
33,6,3,16,1,1,0,0,2,2,531378,551919,707,7,531371,703,1,473822,0,531175,0,1,0,0
33,6,3,16,1,1,1,0,3,3,531559,551919,707,121,531438,703,1,473926,0,531279,0,1,0,0
33,6,3,16,1,1,2,1,0,1,532264,551919,707,234,532030,703,1,474273,0,531626,0,1,0,0
33,6,3,16,1,1,3,1,1,2,539091,551919,707,347,538744,703,1,480987,0,538340,0,1,0,0
33,6,3,16,1,1,4,1,2,3,551755,551919,707,459,551296,703,1,493549,0,550902,0,1,0,0
33,6,3,16,1,1,5,1,3,4,551892,551919,707,572,551320,703,1,493611,0,550964,0,1,0,0
34,8,1,16,1,1,0,0,2,2,616379,764290,981,7,616372,784,1,557803,0,615156,0,1,0,0
34,8,1,16,1,1,1,0,3,3,616536,764290,981,121,616415,784,1,557845,0,615198,0,1,0,0
34,8,1,16,1,1,2,1,0,1,629009,764290,981,234,628775,784,1,571093,0,628446,0,1,0,0
34,8,1,16,1,1,3,1,1,2,736211,764290,981,347,735864,784,1,678335,0,735688,0,1,0,0
34,8,1,16,1,1,4,1,2,3,764101,764290,981,459,763642,784,1,705901,0,763254,0,1,0,0
34,8,1,16,1,1,5,1,3,4,764238,764290,981,572,763666,784,1,705948,0,763301,0,1,0,0
34,8,1,16,1,1,6,2,0,2,701113,764290,981,709,700404,784,1,642531,0,699884,0,1,0,0
34,8,1,16,1,1,7,2,1,3,701282,764290,981,841,700441,784,1,642528,0,699881,0,1,0,0
35,8,2,16,1,1,0,0,2,2,617976,765986,973,7,617969,782,1,560413,0,617766,0,1,0,0
35,8,2,16,1,1,1,0,3,3,619163,765986,973,121,619042,782,1,560596,0,617949,0,1,0,0
35,8,2,16,1,1,2,1,0,1,629843,765986,973,234,629609,782,1,571831,0,629184,0,1,0,0
35,8,2,16,1,1,3,1,1,2,737881,765986,973,347,737534,782,1,680025,0,737378,0,1,0,0
35,8,2,16,1,1,4,1,2,3,765783,765986,973,459,765324,782,1,707720,0,765073,0,1,0,0
35,8,2,16,1,1,5,1,3,4,765934,765986,973,572,765362,782,1,707766,0,765119,0,1,0,0
35,8,2,16,1,1,6,2,0,2,703743,765986,973,701,703042,782,1,645026,0,702379,0,1,0,0
35,8,2,16,1,1,7,2,1,3,703905,765986,973,833,703072,782,1,644973,0,702326,0,1,0,0
36,8,3,16,1,1,0,0,2,2,618469,761936,973,7,618462,771,1,560322,0,617675,0,1,0,0
36,8,3,16,1,1,1,0,3,3,618645,761936,973,121,618524,771,1,560357,0,617710,0,1,0,0
36,8,3,16,1,1,2,1,0,1,631768,761936,973,232,631536,771,1,573539,0,630892,0,1,0,0
36,8,3,16,1,1,3,1,1,2,735833,761936,973,345,735488,771,1,677799,0,735152,0,1,0,0
36,8,3,16,1,1,4,1,2,3,761736,761936,973,457,761279,771,1,703735,0,761088,0,1,0,0
36,8,3,16,1,1,5,1,3,4,761884,761936,973,570,761314,771,1,703797,0,761150,0,1,0,0
36,8,3,16,1,1,6,2,0,2,704838,761936,973,699,704139,771,1,646061,0,703414,0,1,0,0
36,8,3,16,1,1,7,2,1,3,705006,761936,973,832,704174,771,1,646124,0,703477,0,1,0,0
37,10,1,16,1,1,0,0,2,2,617644,939641,1290,7,617637,836,1,559336,0,616689,0,1,0,0
37,10,1,16,1,1,1,0,3,3,617798,939641,1290,121,617677,836,1,559471,0,616824,0,1,0,0
37,10,1,16,1,1,2,1,0,1,649528,939641,1290,258,649270,836,1,591400,0,648753,0,1,0,0
37,10,1,16,1,1,3,1,1,2,824601,939641,1290,371,824230,836,1,766410,0,823763,0,1,0,0
37,10,1,16,1,1,4,1,2,3,846763,939641,1290,483,846280,836,1,788640,0,845993,0,1,0,0
37,10,1,16,1,1,5,1,3,4,846917,939641,1290,596,846321,836,1,788717,0,846070,0,1,0,0
37,10,1,16,1,1,6,2,0,2,840250,939641,1290,725,839525,836,1,781682,0,839035,0,1,0,0
37,10,1,16,1,1,7,2,1,3,904155,939641,1290,883,903272,836,1,845322,0,902675,0,1,0,0
37,10,1,16,1,1,8,2,2,4,939605,939641,1290,1017,938588,836,1,880747,0,938100,0,1,0,0
37,10,1,16,1,1,9,2,3,5,939374,939641,1290,1145,938229,836,1,880701,0,938054,0,1,0,0
38,10,2,16,1,1,0,0,2,2,616304,938173,1255,7,616297,835,1,558463,0,615816,0,1,0,0
38,10,2,16,1,1,1,0,3,3,616479,938173,1255,121,616358,835,1,558518,0,615871,0,1,0,0
38,10,2,16,1,1,2,1,0,1,652026,938173,1255,234,651792,835,1,593851,0,651204,0,1,0,0
38,10,2,16,1,1,3,1,1,2,822163,938173,1255,347,821816,835,1,763799,0,821152,0,1,0,0
38,10,2,16,1,1,4,1,2,3,847150,938173,1255,459,846691,835,1,789159,0,846512,0,1,0,0
38,10,2,16,1,1,5,1,3,4,847914,938173,1255,572,847342,835,1,789246,0,846599,0,1,0,0
38,10,2,16,1,1,6,2,0,2,840499,938173,1255,717,839782,835,1,781731,0,839084,0,1,0,0
38,10,2,16,1,1,7,2,1,3,902528,938173,1255,849,901679,835,1,843885,0,901238,0,1,0,0
38,10,2,16,1,1,8,2,2,4,938006,938173,1255,983,937023,835,1,879430,0,936783,0,1,0,0
38,10,2,16,1,1,9,2,3,5,938146,938173,1255,1110,937036,835,1,879410,0,936763,0,1,0,0
39,10,3,16,1,1,0,0,2,2,616498,939266,1255,7,616491,839,1,558811,0,616164,0,1,0,0
39,10,3,16,1,1,1,0,3,3,616646,939266,1255,121,616525,839,1,558968,0,616321,0,1,0,0
39,10,3,16,1,1,2,1,0,1,649499,939266,1255,234,649265,839,1,591032,0,648385,0,1,0,0
39,10,3,16,1,1,3,1,1,2,822572,939266,1255,347,822225,839,1,764619,0,821972,0,1,0,0
39,10,3,16,1,1,4,1,2,3,848556,939266,1255,459,848097,839,1,789945,0,847298,0,1,0,0
39,10,3,16,1,1,5,1,3,4,848706,939266,1255,572,848134,839,1,790021,0,847374,0,1,0,0
39,10,3,16,1,1,6,2,0,2,838161,939266,1255,717,837444,839,1,779895,0,837248,0,1,0,0
39,10,3,16,1,1,7,2,1,3,901432,939266,1255,849,900583,839,1,842952,0,900305,0,1,0,0
39,10,3,16,1,1,8,2,2,4,939230,939266,1255,983,938247,839,1,880415,0,937768,0,1,0,0
39,10,3,16,1,1,9,2,3,5,939001,939266,1255,1110,937891,839,1,880361,0,937714,0,1,0,0
40,13,1,16,1,1,0,0,2,2,618410,1188488,1623,7,618403,835,1,559052,0,616405,0,1,0,0
40,13,1,16,1,1,1,0,3,3,618592,1188488,1623,121,618471,835,1,559227,0,616580,0,1,0,0
40,13,1,16,1,1,2,1,0,1,660496,1188488,1623,234,660262,835,1,601333,0,658686,0,1,0,0
40,13,1,16,1,1,3,1,1,2,844343,1188488,1623,347,843996,835,1,785812,0,843165,0,1,0,0
40,13,1,16,1,1,4,1,2,3,890405,1188488,1623,459,889946,835,1,831928,0,889281,0,1,0,0
40,13,1,16,1,1,5,1,3,4,890560,1188488,1623,576,889984,835,1,831934,0,889287,0,1,0,0
40,13,1,16,1,1,6,2,0,2,948846,1188488,1623,705,948141,835,1,890587,0,947940,0,1,0,0
40,13,1,16,1,1,7,2,1,3,1126826,1188488,1623,837,1125989,835,1,1067744,0,1125097,0,1,0,0
40,13,1,16,1,1,8,2,2,4,1188294,1188488,1623,971,1187323,835,1,1129484,0,1186837,0,1,0,0
40,13,1,16,1,1,9,2,3,5,1188427,1188488,1623,1092,1187335,835,1,1129366,0,1186719,0,1,0,0
40,13,1,16,1,1,10,3,0,3,1128014,1188488,1623,1219,1126795,835,1,1068754,0,1126107,0,1,0,0
40,13,1,16,1,1,11,3,1,4,1187923,1188488,1623,1343,1186580,835,1,1128863,0,1186216,0,1,0,0
40,13,1,16,1,1,12,3,2,5,1188071,1188488,1623,1476,1186595,835,1,1128838,0,1186191,0,1,0,0
41,13,2,16,1,1,0,0,2,2,617022,1186804,1628,7,617015,836,1,558257,0,615610,0,1,0,0
41,13,2,16,1,1,1,0,3,3,617177,1186804,1628,121,617056,836,1,558300,0,615653,0,1,0,0
41,13,2,16,1,1,2,1,0,1,658778,1186804,1628,234,658544,836,1,600370,0,657723,0,1,0,0
41,13,2,16,1,1,3,1,1,2,843242,1186804,1628,371,842871,836,1,783933,0,841286,0,1,0,0
41,13,2,16,1,1,4,1,2,3,890507,1186804,1628,482,890025,836,1,832417,0,889770,0,1,0,0
41,13,2,16,1,1,5,1,3,4,890669,1186804,1628,615,890054,836,1,832457,0,889810,0,1,0,0
41,13,2,16,1,1,6,2,0,2,950173,1186804,1628,738,949435,836,1,891107,0,948460,0,1,0,0
41,13,2,16,1,1,7,2,1,3,1124954,1186804,1628,866,1124088,836,1,1066532,0,1123885,0,1,0,0
41,13,2,16,1,1,8,2,2,4,1186610,1186804,1628,988,1185622,836,1,1127580,0,1184933,0,1,0,0
41,13,2,16,1,1,9,2,3,5,1186743,1186804,1628,1117,1185626,836,1,1127538,0,1184891,0,1,0,0
41,13,2,16,1,1,10,3,0,3,1126159,1186804,1628,1250,1124909,836,1,1067129,0,1124482,0,1,0,0
41,13,2,16,1,1,11,3,1,4,1186242,1186804,1628,1381,1184861,836,1,1127070,0,1184423,0,1,0,0
41,13,2,16,1,1,12,3,2,5,1186387,1186804,1628,1511,1184876,836,1,1127057,0,1184410,0,1,0,0
42,13,3,16,1,1,0,0,2,2,615343,1187812,1641,7,615336,835,1,557804,0,615157,0,1,0,0
42,13,3,16,1,1,1,0,3,3,617260,1187812,1641,121,617139,835,1,557967,0,615320,0,1,0,0
42,13,3,16,1,1,2,1,0,1,658998,1187812,1641,234,658764,835,1,600279,0,657632,0,1,0,0
42,13,3,16,1,1,3,1,1,2,842357,1187812,1641,347,842010,835,1,784282,0,841635,0,1,0,0
42,13,3,16,1,1,4,1,2,3,890939,1187812,1641,459,890480,835,1,832496,0,889849,0,1,0,0
42,13,3,16,1,1,5,1,3,4,891088,1187812,1641,572,890516,835,1,832621,0,889974,0,1,0,0
42,13,3,16,1,1,6,2,0,2,951878,1187812,1641,701,951177,835,1,892779,0,950132,0,1,0,0
42,13,3,16,1,1,7,2,1,3,1129633,1187812,1641,833,1128800,835,1,1071002,0,1128355,0,1,0,0
42,13,3,16,1,1,8,2,2,4,1187618,1187812,1641,966,1186652,835,1,1128577,0,1185930,0,1,0,0
42,13,3,16,1,1,9,2,3,5,1187751,1187812,1641,1103,1186648,835,1,1128556,0,1185909,0,1,0,0
42,13,3,16,1,1,10,3,0,3,1128325,1187812,1641,1220,1127105,835,1,1069409,0,1126762,0,1,0,0
42,13,3,16,1,1,11,3,1,4,1187250,1187812,1641,1354,1185896,835,1,1128057,0,1185410,0,1,0,0
42,13,3,16,1,1,12,3,2,5,1187395,1187812,1641,1500,1185895,835,1,1128027,0,1185380,0,1,0,0
43,1,1,32,1,1,0,0,2,2,265196,265218,121,7,265189,2048,1,236304,0,264985,0,1,0,0
44,1,2,32,1,1,0,0,2,2,265211,265233,131,7,265204,2048,1,236312,0,264993,0,1,0,0
45,1,3,32,1,1,0,0,2,2,265197,265219,121,7,265190,2048,1,236308,0,264989,0,1,0,0
46,2,1,32,1,1,0,0,2,2,294230,294399,248,7,294223,1025,1,265131,0,293812,0,1,0,0
46,2,1,32,1,1,1,0,3,3,294372,294399,248,126,294246,1025,1,265162,0,293843,0,1,0,0
47,2,2,32,1,1,0,0,2,2,294224,294393,248,7,294217,1025,1,265103,0,293784,0,1,0,0
47,2,2,32,1,1,1,0,3,3,294366,294393,248,126,294240,1025,1,265156,0,293837,0,1,0,0
48,2,3,32,1,1,0,0,2,2,294129,294299,248,7,294122,1025,1,265025,0,293706,0,1,0,0
48,2,3,32,1,1,1,0,3,3,294272,294299,248,126,294146,1025,1,265056,0,293737,0,1,0,0
49,4,1,32,1,1,0,0,2,2,311924,312614,529,7,311917,513,1,283081,0,311762,0,1,0,0
49,4,1,32,1,1,1,0,3,3,312562,312614,529,121,312441,513,1,283220,0,311901,0,1,0,0
49,4,1,32,1,1,2,1,0,1,312235,312614,529,246,311989,513,1,283116,0,311788,0,1,0,0
49,4,1,32,1,1,3,1,1,2,312404,312614,529,381,312023,513,1,283118,0,311794,0,1,0,0
50,4,2,32,1,1,0,0,2,2,312501,312947,544,7,312494,513,1,283325,0,312006,0,1,0,0
50,4,2,32,1,1,1,0,3,3,312646,312947,544,121,312525,513,1,283396,0,312077,0,1,0,0
50,4,2,32,1,1,2,1,0,1,312783,312947,544,242,312541,513,1,283235,0,311912,0,1,0,0
50,4,2,32,1,1,3,1,1,2,312920,312947,544,381,312539,513,1,283246,0,311927,0,1,0,0
51,4,3,32,1,1,0,0,2,2,312993,313466,549,7,312986,513,1,283582,0,312263,0,1,0,0
51,4,3,32,1,1,1,0,3,3,313138,313466,549,121,313017,513,1,283699,0,312380,0,1,0,0
51,4,3,32,1,1,2,1,0,1,313275,313466,549,242,313033,513,1,283832,0,312508,0,1,0,0
51,4,3,32,1,1,3,1,1,2,313439,313466,549,398,313041,513,1,283708,0,312389,0,1,0,0
52,6,1,32,1,1,0,0,2,2,385583,466715,844,7,385576,582,1,356536,0,385217,0,1,0,0
52,6,1,32,1,1,1,0,3,3,385743,466715,844,121,385622,582,1,357035,0,385426,0,1,0,0
52,6,1,32,1,1,2,1,0,1,407333,466715,844,242,407091,582,1,378463,0,406538,0,1,0,0
52,6,1,32,1,1,3,1,1,2,446755,466715,844,381,446374,582,1,417776,0,446092,0,1,0,0
52,6,1,32,1,1,4,1,2,3,466679,466715,844,549,466130,582,1,437617,0,465670,0,1,0,0
52,6,1,32,1,1,5,1,3,4,466485,466715,844,724,465761,582,1,437398,0,465610,0,1,0,0
53,6,2,32,1,1,0,0,2,2,386073,468315,818,7,386066,586,1,356840,0,385521,0,1,0,0
53,6,2,32,1,1,1,0,3,3,386222,468315,818,121,386101,586,1,357156,0,385579,0,1,0,0
53,6,2,32,1,1,2,1,0,1,404748,468315,818,240,404508,586,1,376013,0,404100,0,1,0,0
53,6,2,32,1,1,3,1,1,2,447857,468315,818,378,447479,586,1,418730,0,447055,0,1,0,0
53,6,2,32,1,1,4,1,2,3,468151,468315,818,520,467631,586,1,439231,0,467345,0,1,0,0
53,6,2,32,1,1,5,1,3,4,468288,468315,818,657,467631,586,1,439125,0,467248,0,1,0,0
54,6,3,32,1,1,0,0,2,2,384333,464223,809,7,384326,581,1,355183,0,383864,0,1,0,0
54,6,3,32,1,1,1,0,3,3,384496,464223,809,145,384351,581,1,355631,0,383999,0,1,0,0
54,6,3,32,1,1,2,1,0,1,404843,464223,809,266,404577,581,1,376098,0,404178,0,1,0,0
54,6,3,32,1,1,3,1,1,2,443417,464223,809,405,443012,581,1,414346,0,442585,0,1,0,0
54,6,3,32,1,1,4,1,2,3,464059,464223,809,547,463512,581,1,435056,0,463225,0,1,0,0
54,6,3,32,1,1,5,1,3,4,464196,464223,809,685,463511,581,1,434988,0,463166,0,1,0,0
55,8,1,32,1,1,0,0,2,2,414162,629939,1185,7,414155,650,1,384517,0,413198,0,1,0,0
55,8,1,32,1,1,1,0,3,3,414308,629939,1185,121,414187,650,1,385239,0,413243,0,1,0,0
55,8,1,32,1,1,2,1,0,1,479529,629939,1185,242,479287,650,1,450342,0,478821,0,1,0,0
55,8,1,32,1,1,3,1,1,2,591272,629939,1185,392,590880,650,1,562955,0,590321,0,1,0,0
55,8,1,32,1,1,4,1,2,3,629750,629939,1185,543,629207,650,1,601240,0,628722,0,1,0,0
55,8,1,32,1,1,5,1,3,4,629887,629939,1185,683,629204,650,1,601483,0,628718,0,1,0,0
55,8,1,32,1,1,6,2,0,2,562119,629939,1185,823,561296,650,1,534158,0,560887,0,1,0,0
55,8,1,32,1,1,7,2,1,3,562301,629939,1185,996,561305,650,1,533429,0,560727,0,1,0,0
56,8,2,32,1,1,0,0,2,2,413760,629124,1179,7,413753,650,1,384613,0,413294,0,1,0,0
56,8,2,32,1,1,1,0,3,3,413914,629124,1179,121,413793,650,1,385468,0,413457,0,1,0,0
56,8,2,32,1,1,2,1,0,1,478118,629124,1179,242,477876,650,1,449080,0,477476,0,1,0,0
56,8,2,32,1,1,3,1,1,2,592313,629124,1179,378,591935,650,1,564130,0,591487,0,1,0,0
56,8,2,32,1,1,4,1,2,3,628935,629124,1179,516,628419,650,1,600461,0,628040,0,1,0,0
56,8,2,32,1,1,5,1,3,4,629072,629124,1179,654,628418,650,1,600692,0,627985,0,1,0,0
56,8,2,32,1,1,6,2,0,2,561128,629124,1179,792,560336,650,1,532742,0,559503,0,1,0,0
56,8,2,32,1,1,7,2,1,3,561311,629124,1179,979,560332,650,1,531997,0,559332,0,1,0,0
57,8,3,32,1,1,0,0,2,2,413256,627984,1104,7,413249,650,1,384099,0,412780,0,1,0,0
57,8,3,32,1,1,1,0,3,3,413405,627984,1104,121,413284,650,1,385085,0,412970,0,1,0,0
57,8,3,32,1,1,2,1,0,1,478907,627984,1104,242,478665,650,1,449821,0,478259,0,1,0,0
57,8,3,32,1,1,3,1,1,2,589626,627984,1104,381,589245,650,1,561598,0,588847,0,1,0,0
57,8,3,32,1,1,4,1,2,3,627795,627984,1104,523,627272,650,1,599345,0,626894,0,1,0,0
57,8,3,32,1,1,5,1,3,4,627932,627984,1104,661,627271,650,1,599659,0,626839,0,1,0,0
57,8,3,32,1,1,6,2,0,2,560156,627984,1104,798,559358,650,1,531647,0,558426,0,1,0,0
57,8,3,32,1,1,7,2,1,3,559497,627984,1104,985,558512,650,1,530954,0,558342,0,1,0,0
58,10,1,32,1,1,0,0,2,2,421880,770666,1368,7,421873,689,1,392049,0,420730,0,1,0,0
58,10,1,32,1,1,1,0,3,3,422044,770666,1368,122,421922,689,1,393280,0,420962,0,1,0,0
58,10,1,32,1,1,2,1,0,1,482439,770666,1368,243,482196,689,1,452768,0,481356,0,1,0,0
58,10,1,32,1,1,3,1,1,2,637688,770666,1368,382,637306,689,1,609750,0,637115,0,1,0,0
58,10,1,32,1,1,4,1,2,3,690963,770666,1368,524,690439,689,1,662504,0,689749,0,1,0,0
58,10,1,32,1,1,5,1,3,4,691119,770666,1368,662,690457,689,1,662774,0,689637,0,1,0,0
58,10,1,32,1,1,6,2,0,2,657162,770666,1368,799,656363,689,1,626999,0,655156,0,1,0,0
58,10,1,32,1,1,7,2,1,3,730760,770666,1368,917,729843,689,1,702737,0,729619,0,1,0,0
58,10,1,32,1,1,8,2,2,4,770501,770666,1368,1102,769399,689,1,741498,0,768915,0,1,0,0
58,10,1,32,1,1,9,2,3,5,770639,770666,1368,1232,769407,689,1,741959,0,768910,0,1,0,0
59,10,2,32,1,1,0,0,2,2,419524,773478,1376,7,419517,698,1,390400,0,419081,0,1,0,0
59,10,2,32,1,1,1,0,3,3,419703,773478,1376,123,419580,698,1,391464,0,419229,0,1,0,0
59,10,2,32,1,1,2,1,0,1,481275,773478,1376,244,481031,698,1,451464,0,480074,0,1,0,0
59,10,2,32,1,1,3,1,1,2,637860,773478,1376,383,637477,698,1,609569,0,637017,0,1,0,0
59,10,2,32,1,1,4,1,2,3,687549,773478,1376,525,687024,698,1,659127,0,686337,0,1,0,0
59,10,2,32,1,1,5,1,3,4,687702,773478,1376,663,687039,698,1,659660,0,686343,0,1,0,0
59,10,2,32,1,1,6,2,0,2,654081,773478,1376,800,653281,698,1,624652,0,652783,0,1,0,0
59,10,2,32,1,1,7,2,1,3,729437,773478,1376,987,728450,698,1,700931,0,727889,0,1,0,0
59,10,2,32,1,1,8,2,2,4,773311,773478,1376,1107,772204,698,1,744443,0,771917,0,1,0,0
59,10,2,32,1,1,9,2,3,5,773451,773478,1376,1241,772210,698,1,744866,0,771930,0,1,0,0
60,10,3,32,1,1,0,0,2,2,421511,774143,1459,7,421504,693,1,392601,0,421282,0,1,0,0
60,10,3,32,1,1,1,0,3,3,421747,774143,1459,121,421626,693,1,393721,0,421369,0,1,0,0
60,10,3,32,1,1,2,1,0,1,483570,774143,1459,260,483310,693,1,453700,0,482235,0,1,0,0
60,10,3,32,1,1,3,1,1,2,638556,774143,1459,399,638157,693,1,610423,0,637821,0,1,0,0
60,10,3,32,1,1,4,1,2,3,691094,774143,1459,541,690553,693,1,662862,0,690185,0,1,0,0
60,10,3,32,1,1,5,1,3,4,691263,774143,1459,679,690584,693,1,663133,0,690195,0,1,0,0
60,10,3,32,1,1,6,2,0,2,658092,774143,1459,836,657256,693,1,628097,0,656144,0,1,0,0
60,10,3,32,1,1,7,2,1,3,731600,774143,1459,1023,730577,693,1,702811,0,729863,0,1,0,0
60,10,3,32,1,1,8,2,2,4,773975,774143,1459,1217,772758,693,1,745085,0,772538,0,1,0,0
60,10,3,32,1,1,9,2,3,5,774116,774143,1459,1334,772782,693,1,745448,0,772561,0,1,0,0
61,13,1,32,1,1,0,0,2,2,422182,964784,1786,7,422175,655,1,392241,0,420922,0,1,0,0
61,13,1,32,1,1,1,0,3,3,422338,964784,1786,121,422217,655,1,393508,0,421125,0,1,0,0
61,13,1,32,1,1,2,1,0,1,484194,964784,1786,242,483952,655,1,454029,0,482644,0,1,0,0
61,13,1,32,1,1,3,1,1,2,646835,964784,1786,381,646454,655,1,619062,0,646044,0,1,0,0
61,13,1,32,1,1,4,1,2,3,713381,964784,1786,522,712859,655,1,685234,0,712175,0,1,0,0
61,13,1,32,1,1,5,1,3,4,713529,964784,1786,661,712868,655,1,685956,0,712105,0,1,0,0
61,13,1,32,1,1,6,2,0,2,740301,964784,1786,798,739503,655,1,709881,0,738250,0,1,0,0
61,13,1,32,1,1,7,2,1,3,904954,964784,1786,985,903969,655,1,876049,0,903351,0,1,0,0
61,13,1,32,1,1,8,2,2,4,964301,964784,1786,1183,963118,655,1,935245,0,962725,0,1,0,0
61,13,1,32,1,1,9,2,3,5,964460,964784,1786,1300,963160,655,1,935773,0,962649,0,1,0,0
61,13,1,32,1,1,10,3,0,3,906288,964784,1786,1411,904877,655,1,876662,0,903950,0,1,0,0
61,13,1,32,1,1,11,3,1,4,964614,964784,1786,1542,963072,655,1,935391,0,962863,0,1,0,0
61,13,1,32,1,1,12,3,2,5,964757,964784,1786,1653,963104,655,1,935973,0,962877,0,1,0,0
62,13,2,32,1,1,0,0,2,2,425924,965630,1893,7,425917,658,1,395149,0,423830,0,1,0,0
62,13,2,32,1,1,1,0,3,3,426074,965630,1893,121,425953,658,1,396282,0,423874,0,1,0,0
62,13,2,32,1,1,2,1,0,1,489131,965630,1893,240,488891,658,1,459784,0,488396,0,1,0,0
62,13,2,32,1,1,3,1,1,2,648623,965630,1893,378,648245,658,1,620010,0,646990,0,1,0,0
62,13,2,32,1,1,4,1,2,3,717221,965630,1893,520,716701,658,1,687911,0,715047,0,1,0,0
62,13,2,32,1,1,5,1,3,4,715860,965630,1893,657,715203,658,1,688747,0,715009,0,1,0,0
62,13,2,32,1,1,6,2,0,2,740539,965630,1893,812,739727,658,1,710917,0,739321,0,1,0,0
62,13,2,32,1,1,7,2,1,3,906426,965630,1893,1000,905426,658,1,877612,0,904938,0,1,0,0
62,13,2,32,1,1,8,2,2,4,965430,965630,1893,1187,964243,658,1,936366,0,963968,0,1,0,0
62,13,2,32,1,1,9,2,3,5,965569,965630,1893,1329,964240,658,1,936881,0,963868,0,1,0,0
62,13,2,32,1,1,10,3,0,3,906882,965630,1893,1451,905431,658,1,878029,0,905286,0,1,0,0
62,13,2,32,1,1,11,3,1,4,964608,965630,1893,1567,963041,658,1,935299,0,962780,0,1,0,0
62,13,2,32,1,1,12,3,2,5,964778,965630,1893,1758,963020,658,1,935967,0,962799,0,1,0,0
63,13,3,32,1,1,0,0,2,2,422849,966776,1779,7,422842,657,1,392931,0,421612,0,1,0,0
63,13,3,32,1,1,1,0,3,3,423013,966776,1779,121,422892,657,1,394052,0,421800,0,1,0,0
63,13,3,32,1,1,2,1,0,1,486873,966776,1779,242,486631,657,1,456638,0,485245,0,1,0,0
63,13,3,32,1,1,3,1,1,2,651340,966776,1779,381,650959,657,1,622816,0,649854,0,1,0,0
63,13,3,32,1,1,4,1,2,3,716745,966776,1779,523,716222,657,1,688320,0,715497,0,1,0,0
63,13,3,32,1,1,5,1,3,4,716923,966776,1779,684,716239,657,1,688793,0,715409,0,1,0,0
63,13,3,32,1,1,6,2,0,2,740588,966776,1779,842,739746,657,1,710158,0,738523,0,1,0,0
63,13,3,32,1,1,7,2,1,3,906092,966776,1779,1009,905083,657,1,876886,0,904257,0,1,0,0
63,13,3,32,1,1,8,2,2,4,966713,966776,1779,1122,965591,657,1,937564,0,965054,0,1,0,0
63,13,3,32,1,1,9,2,3,5,966457,966776,1779,1249,965208,657,1,937942,0,964909,0,1,0,0
63,13,3,32,1,1,10,3,0,3,908226,966776,1779,1415,906811,657,1,879157,0,906527,0,1,0,0
63,13,3,32,1,1,11,3,1,4,965545,966776,1779,1550,963995,657,1,935841,0,963343,0,1,0,0
63,13,3,32,1,1,12,3,2,5,965700,966776,1779,1662,964038,657,1,936449,0,963313,0,1,0,0
64,1,1,64,1,1,0,0,2,2,198706,198728,124,7,198699,1071,1,184150,0,198495,0,1,0,0
65,1,2,64,1,1,0,0,2,2,198810,198832,121,7,198803,1071,1,184204,0,198549,0,1,0,0
66,1,3,64,1,1,0,0,2,2,198681,198703,121,7,198674,1072,1,184128,0,198473,0,1,0,0
67,2,1,64,1,1,0,0,2,2,250725,251054,275,7,250718,742,1,236217,0,250562,0,1,0,0
67,2,1,64,1,1,1,0,3,3,251027,251054,275,137,250890,742,1,236260,0,250605,0,1,0,0
68,2,2,64,1,1,0,0,2,2,250731,250903,277,7,250724,741,1,236077,0,250422,0,1,0,0
68,2,2,64,1,1,1,0,3,3,250876,250903,277,126,250750,741,1,236121,0,250466,0,1,0,0
69,2,3,64,1,1,0,0,2,2,248412,248459,264,7,248405,726,1,233642,0,247987,0,1,0,0
69,2,3,64,1,1,1,0,3,3,248265,248459,264,126,248139,726,1,233571,0,247916,0,1,0,0
70,4,1,64,1,1,0,0,2,2,436423,437025,581,7,436416,512,1,421854,0,436199,0,1,0,0
70,4,1,64,1,1,1,0,3,3,436646,437025,581,121,436525,512,1,421970,0,436315,0,1,0,0
70,4,1,64,1,1,2,1,0,1,436808,437025,581,258,436550,512,1,421968,0,436313,0,1,0,0
70,4,1,64,1,1,3,1,1,2,436998,437025,581,393,436605,512,1,421996,0,436341,0,1,0,0
71,4,2,64,1,1,0,0,2,2,436404,437002,569,7,436397,512,1,421835,0,436180,0,1,0,0
71,4,2,64,1,1,1,0,3,3,436624,437002,569,121,436503,512,1,421947,0,436292,0,1,0,0
71,4,2,64,1,1,2,1,0,1,436783,437002,569,258,436525,512,1,421957,0,436302,0,1,0,0
71,4,2,64,1,1,3,1,1,2,436975,437002,569,381,436594,512,1,421985,0,436330,0,1,0,0
72,4,3,64,1,1,0,0,2,2,436399,436997,568,7,436392,512,1,421830,0,436175,0,1,0,0
72,4,3,64,1,1,1,0,3,3,436619,436997,568,121,436498,512,1,421942,0,436287,0,1,0,0
72,4,3,64,1,1,2,1,0,1,436778,436997,568,258,436520,512,1,421952,0,436297,0,1,0,0
72,4,3,64,1,1,3,1,1,2,436970,436997,568,381,436589,512,1,421981,0,436326,0,1,0,0
73,6,1,64,1,1,0,0,2,2,469112,596299,955,7,469105,580,1,453863,0,468198,0,1,0,0
73,6,1,64,1,1,1,0,3,3,469279,596299,955,121,469158,580,1,453825,0,468165,0,1,0,0
73,6,1,64,1,1,2,1,0,1,471113,596299,955,258,470855,580,1,456056,0,470401,0,1,0,0
73,6,1,64,1,1,3,1,1,2,580576,596299,955,381,580195,580,1,565455,0,579800,0,1,0,0
73,6,1,64,1,1,4,1,2,3,596131,596299,955,563,595568,580,1,581078,0,595308,0,1,0,0
73,6,1,64,1,1,5,1,3,4,596272,596299,955,677,595595,580,1,580875,0,595220,0,1,0,0
74,6,2,64,1,1,0,0,2,2,459004,584368,954,7,458997,583,1,444382,0,458722,0,1,0,0
74,6,2,64,1,1,1,0,3,3,459205,584368,954,121,459084,583,1,444364,0,458689,0,1,0,0
74,6,2,64,1,1,2,1,0,1,462900,584368,954,258,462642,583,1,447989,0,462334,0,1,0,0
74,6,2,64,1,1,3,1,1,2,559897,584368,954,381,559516,583,1,544538,0,558883,0,1,0,0
74,6,2,64,1,1,4,1,2,3,584204,584368,954,563,583641,583,1,568996,0,583241,0,1,0,0
74,6,2,64,1,1,5,1,3,4,584341,584368,954,674,583667,583,1,568822,0,583167,0,1,0,0
75,6,3,64,1,1,0,0,2,2,473337,602287,954,7,473330,581,1,458711,0,473056,0,1,0,0
75,6,3,64,1,1,1,0,3,3,473539,602287,954,121,473418,581,1,458683,0,473023,0,1,0,0
75,6,3,64,1,1,2,1,0,1,474540,602287,954,258,474282,581,1,459404,0,473749,0,1,0,0
75,6,3,64,1,1,3,1,1,2,590589,602287,954,381,590208,581,1,575468,0,589813,0,1,0,0
75,6,3,64,1,1,4,1,2,3,602123,602287,954,563,601560,581,1,586912,0,601160,0,1,0,0
75,6,3,64,1,1,5,1,3,4,602260,602287,954,674,601586,581,1,586741,0,601086,0,1,0,0
76,8,1,64,1,1,0,0,2,2,435198,688158,1430,7,435191,616,1,419602,0,433947,0,1,0,0
76,8,1,64,1,1,1,0,3,3,435473,688158,1430,142,435331,616,1,419629,0,433867,0,1,0,0
76,8,1,64,1,1,2,1,0,1,493615,688158,1430,279,493336,616,1,478219,0,492564,0,1,0,0
76,8,1,64,1,1,3,1,1,2,637075,688158,1430,402,636673,616,1,621846,0,636151,0,1,0,0
76,8,1,64,1,1,4,1,2,3,687969,688158,1430,584,687385,616,1,672876,0,687055,0,1,0,0
76,8,1,64,1,1,5,1,3,4,688106,688158,1430,698,687408,616,1,672525,0,686823,0,1,0,0
76,8,1,64,1,1,6,2,0,2,614540,688158,1430,987,613553,616,1,598447,0,612787,0,1,0,0
76,8,1,64,1,1,7,2,1,3,614732,688158,1430,1144,613588,616,1,598691,0,612765,0,1,0,0
77,8,2,64,1,1,0,0,2,2,434165,690636,1389,7,434158,614,1,419654,0,433994,0,1,0,0
77,8,2,64,1,1,1,0,3,3,435784,690636,1389,121,435663,614,1,419826,0,434131,0,1,0,0
77,8,2,64,1,1,2,1,0,1,494317,690636,1389,258,494059,614,1,479106,0,493451,0,1,0,0
77,8,2,64,1,1,3,1,1,2,639030,690636,1389,381,638649,614,1,623883,0,638173,0,1,0,0
77,8,2,64,1,1,4,1,2,3,690447,690636,1389,563,689884,614,1,675275,0,689478,0,1,0,0
77,8,2,64,1,1,5,1,3,4,690584,690636,1389,674,689910,614,1,675105,0,689405,0,1,0,0
77,8,2,64,1,1,6,2,0,2,615664,690636,1389,947,614717,614,1,599542,0,613882,0,1,0,0
77,8,2,64,1,1,7,2,1,3,615833,690636,1389,1103,614730,614,1,599592,0,613678,0,1,0,0
78,8,3,64,1,1,0,0,2,2,436871,691493,1475,7,436864,614,1,420944,0,435279,0,1,0,0
78,8,3,64,1,1,1,0,3,3,437050,691493,1475,121,436929,614,1,421172,0,435467,0,1,0,0
78,8,3,64,1,1,2,1,0,1,496374,691493,1475,258,496116,614,1,481006,0,495351,0,1,0,0
78,8,3,64,1,1,3,1,1,2,638323,691493,1475,381,637942,614,1,623371,0,637696,0,1,0,0
78,8,3,64,1,1,4,1,2,3,691304,691493,1475,587,690717,614,1,676075,0,690266,0,1,0,0
78,8,3,64,1,1,5,1,3,4,691441,691493,1475,743,690698,614,1,675862,0,690177,0,1,0,0
78,8,3,64,1,1,6,2,0,2,617027,691493,1475,1032,615995,614,1,601064,0,615399,0,1,0,0
78,8,3,64,1,1,7,2,1,3,617193,691493,1475,1201,615992,614,1,601101,0,615240,0,1,0,0
79,10,1,64,1,1,0,0,2,2,441496,846303,1665,7,441489,639,1,425306,0,439636,0,1,0,0
79,10,1,64,1,1,1,0,3,3,441650,846303,1665,121,441529,639,1,425497,0,439767,0,1,0,0
79,10,1,64,1,1,2,1,0,1,491043,846303,1665,256,490787,639,1,475737,0,490082,0,1,0,0
79,10,1,64,1,1,3,1,1,2,678341,846303,1665,381,677960,639,1,662412,0,676747,0,1,0,0
79,10,1,64,1,1,4,1,2,3,770278,846303,1665,563,769715,639,1,754967,0,769041,0,1,0,0
79,10,1,64,1,1,5,1,3,4,770475,846303,1665,674,769801,639,1,754682,0,769012,0,1,0,0
79,10,1,64,1,1,6,2,0,2,688077,846303,1665,948,687129,639,1,671834,0,686164,0,1,0,0
79,10,1,64,1,1,7,2,1,3,797657,846303,1665,1105,796552,639,1,781980,0,796107,0,1,0,0
79,10,1,64,1,1,8,2,2,4,846080,846303,1665,1385,844695,639,1,830189,0,844476,0,1,0,0
79,10,1,64,1,1,9,2,3,5,846276,846303,1665,1501,844775,639,1,830204,0,844524,0,1,0,0
80,10,2,64,1,1,0,0,2,2,437434,843573,1730,7,437427,635,1,421502,0,435832,0,1,0,0
80,10,2,64,1,1,1,0,3,3,437646,843573,1730,121,437525,635,1,421818,0,436050,0,1,0,0
80,10,2,64,1,1,2,1,0,1,494233,843573,1730,258,493975,635,1,477885,0,492230,0,1,0,0
80,10,2,64,1,1,3,1,1,2,678064,843573,1730,381,677683,635,1,662447,0,676787,0,1,0,0
80,10,2,64,1,1,4,1,2,3,768617,843573,1730,563,768054,635,1,753686,0,767777,0,1,0,0
80,10,2,64,1,1,5,1,3,4,768771,843573,1730,674,768097,635,1,753344,0,767659,0,1,0,0
80,10,2,64,1,1,6,2,0,2,690383,843573,1730,948,689435,635,1,673930,0,688260,0,1,0,0
80,10,2,64,1,1,7,2,1,3,796923,843573,1730,1105,795818,635,1,781298,0,795433,0,1,0,0
80,10,2,64,1,1,8,2,2,4,843409,843573,1730,1388,842021,635,1,827282,0,841602,0,1,0,0
80,10,2,64,1,1,9,2,3,5,843546,843573,1730,1567,841979,635,1,827158,0,841498,0,1,0,0
81,10,3,64,1,1,0,0,2,2,435744,837940,1717,7,435737,631,1,421238,0,435573,0,1,0,0
81,10,3,64,1,1,1,0,3,3,437614,837940,1717,121,437493,631,1,421684,0,435940,0,1,0,0
81,10,3,64,1,1,2,1,0,1,490026,837940,1717,258,489768,631,1,475041,0,489386,0,1,0,0
81,10,3,64,1,1,3,1,1,2,674514,837940,1717,381,674133,631,1,658507,0,672852,0,1,0,0
81,10,3,64,1,1,4,1,2,3,763065,837940,1717,563,762502,631,1,747969,0,762118,0,1,0,0
81,10,3,64,1,1,5,1,3,4,763219,837940,1717,674,762545,631,1,747643,0,761957,0,1,0,0
81,10,3,64,1,1,6,2,0,2,687973,837940,1717,948,687025,631,1,672003,0,686333,0,1,0,0
81,10,3,64,1,1,7,2,1,3,792722,837940,1717,1115,791607,631,1,777078,0,791223,0,1,0,0
81,10,3,64,1,1,8,2,2,4,837775,837940,1717,1391,836384,631,1,821744,0,836030,0,1,0,0
81,10,3,64,1,1,9,2,3,5,837913,837940,1717,1554,836359,631,1,821730,0,836062,0,1,0,0
82,13,1,64,1,1,0,0,2,2,443586,1067438,2434,7,443579,597,1,427037,0,441372,0,1,0,0
82,13,1,64,1,1,1,0,3,3,443755,1067438,2434,121,443634,597,1,427279,0,441528,0,1,0,0
82,13,1,64,1,1,2,1,0,1,495755,1067438,2434,258,495497,597,1,479150,0,493495,0,1,0,0
82,13,1,64,1,1,3,1,1,2,683274,1067438,2434,381,682893,597,1,667901,0,682236,0,1,0,0
82,13,1,64,1,1,4,1,2,3,788152,1067438,2434,563,787589,597,1,771421,0,785590,0,1,0,0
82,13,1,64,1,1,5,1,3,4,786426,1067438,2434,674,785752,597,1,771049,0,785374,0,1,0,0
82,13,1,64,1,1,6,2,0,2,791304,1067438,2434,947,790357,597,1,775582,0,789907,0,1,0,0
82,13,1,64,1,1,7,2,1,3,986303,1067438,2434,1106,985197,597,1,970059,0,984197,0,1,0,0
82,13,1,64,1,1,8,2,2,4,1067244,1067438,2434,1383,1065861,597,1,1050937,0,1065222,0,1,0,0
82,13,1,64,1,1,9,2,3,5,1067377,1067438,2434,1560,1065817,597,1,1050742,0,1065067,0,1,0,0
82,13,1,64,1,1,10,3,0,3,985531,1067438,2434,1768,983763,597,1,969348,0,983493,0,1,0,0
82,13,1,64,1,1,11,3,1,4,1066873,1067438,2434,1930,1064943,597,1,1049626,0,1063926,0,1,0,0
82,13,1,64,1,1,12,3,2,5,1067021,1067438,2434,2165,1064856,597,1,1049464,0,1063794,0,1,0,0
83,13,2,64,1,1,0,0,2,2,447126,1071406,2238,7,447119,596,1,431863,0,446208,0,1,0,0
83,13,2,64,1,1,1,0,3,3,447342,1071406,2238,121,447221,596,1,431931,0,446163,0,1,0,0
83,13,2,64,1,1,2,1,0,1,496830,1071406,2238,270,496560,596,1,480521,0,494866,0,1,0,0
83,13,2,64,1,1,3,1,1,2,689637,1071406,2238,382,689255,596,1,672727,0,687062,0,1,0,0
83,13,2,64,1,1,4,1,2,3,798689,1071406,2238,564,798125,596,1,782684,0,796890,0,1,0,0
83,13,2,64,1,1,5,1,3,4,798996,1071406,2238,675,798321,596,1,782550,0,796861,0,1,0,0
83,13,2,64,1,1,6,2,0,2,799142,1071406,2238,949,798193,596,1,783209,0,797529,0,1,0,0
83,13,2,64,1,1,7,2,1,3,991698,1071406,2238,1106,990592,596,1,975314,0,989503,0,1,0,0
83,13,2,64,1,1,8,2,2,4,1070036,1071406,2238,1386,1068650,596,1,1053699,0,1067976,0,1,0,0
83,13,2,64,1,1,9,2,3,5,1070196,1071406,2238,1503,1068693,596,1,1053611,0,1067932,0,1,0,0
83,13,2,64,1,1,10,3,0,3,994528,1071406,2238,1661,992867,596,1,978524,0,992587,0,1,0,0
83,13,2,64,1,1,11,3,1,4,1071183,1071406,2238,1782,1069401,596,1,1054796,0,1069116,0,1,0,0
83,13,2,64,1,1,12,3,2,5,1071379,1071406,2238,1960,1069419,596,1,1054736,0,1069054,0,1,0,0
84,13,3,64,1,1,0,0,2,2,441240,1063633,2200,7,441233,595,1,424808,0,439153,0,1,0,0
84,13,3,64,1,1,1,0,3,3,441549,1063633,2200,121,441428,595,1,425050,0,439270,0,1,0,0
84,13,3,64,1,1,2,1,0,1,492960,1063633,2200,258,492702,595,1,477154,0,491499,0,1,0,0
84,13,3,64,1,1,3,1,1,2,685146,1063633,2200,381,684765,595,1,669998,0,684323,0,1,0,0
84,13,3,64,1,1,4,1,2,3,794518,1063633,2200,563,793955,595,1,779573,0,793739,0,1,0,0
84,13,3,64,1,1,5,1,3,4,794688,1063633,2200,674,794014,595,1,779193,0,793521,0,1,0,0
84,13,3,64,1,1,6,2,0,2,796312,1063633,2200,948,795364,595,1,779548,0,793888,0,1,0,0
84,13,3,64,1,1,7,2,1,3,988305,1063633,2200,1109,987196,595,1,971955,0,986071,0,1,0,0
84,13,3,64,1,1,8,2,2,4,1061602,1063633,2200,1386,1060216,595,1,1045164,0,1059469,0,1,0,0
84,13,3,64,1,1,9,2,3,5,1061760,1063633,2200,1549,1060211,595,1,1045113,0,1059448,0,1,0,0
84,13,3,64,1,1,10,3,0,3,985740,1063633,2200,1723,984017,595,1,968733,0,982862,0,1,0,0
84,13,3,64,1,1,11,3,1,4,1063214,1063633,2200,1880,1061334,595,1,1046769,0,1061059,0,1,0,0
84,13,3,64,1,1,12,3,2,5,1063606,1063633,2200,2083,1061523,595,1,1046814,0,1061159,0,1,0,0
85,1,1,128,1,1,0,0,2,2,164753,164775,132,7,164746,1024,1,157357,0,164534,0,1,0,0
86,1,2,128,1,1,0,0,2,2,164782,164804,121,7,164775,1024,1,157397,0,164574,0,1,0,0
87,1,3,128,1,1,0,0,2,2,164738,164760,124,7,164731,1024,1,157350,0,164527,0,1,0,0
88,2,1,128,1,1,0,0,2,2,249518,249866,324,7,249511,513,1,242117,0,249294,0,1,0,0
88,2,1,128,1,1,1,0,3,3,249839,249866,324,126,249713,513,1,242256,0,249433,0,1,0,0
89,2,2,128,1,1,0,0,2,2,249441,249789,324,7,249434,513,1,242040,0,249217,0,1,0,0
89,2,2,128,1,1,1,0,3,3,249762,249789,324,126,249636,513,1,242179,0,249356,0,1,0,0
90,2,3,128,1,1,0,0,2,2,249500,249848,322,7,249493,513,1,242099,0,249276,0,1,0,0
90,2,3,128,1,1,1,0,3,3,249821,249848,322,126,249695,513,1,242240,0,249417,0,1,0,0
91,4,1,128,1,1,0,0,2,2,483976,484423,892,7,483969,384,1,475857,0,483034,0,1,0,0
91,4,1,128,1,1,1,0,3,3,484121,484423,892,121,484000,384,1,476253,0,483430,0,1,0,0
91,4,1,128,1,1,2,1,0,1,484258,484423,892,321,483937,384,1,476184,0,483361,0,1,0,0
91,4,1,128,1,1,3,1,1,2,484396,484423,892,512,483884,384,1,475931,0,483108,0,1,0,0
92,4,2,128,1,1,0,0,2,2,483233,483777,889,7,483226,384,1,475356,0,482533,0,1,0,0
92,4,2,128,1,1,1,0,3,3,483473,483777,889,121,483352,384,1,475747,0,482924,0,1,0,0
92,4,2,128,1,1,2,1,0,1,483613,483777,889,324,483289,384,1,475684,0,482861,0,1,0,0
92,4,2,128,1,1,3,1,1,2,483750,483777,889,509,483241,384,1,475431,0,482608,0,1,0,0
93,4,3,128,1,1,0,0,2,2,480939,482012,900,7,480932,384,1,473538,0,480715,0,1,0,0
93,4,3,128,1,1,1,0,3,3,481173,482012,900,121,481052,384,1,473573,0,480750,0,1,0,0
93,4,3,128,1,1,2,1,0,1,481825,482012,900,318,481507,384,1,473862,0,481039,0,1,0,0
93,4,3,128,1,1,3,1,1,2,481985,482012,900,520,481465,384,1,473824,0,481001,0,1,0,0
94,6,1,128,1,1,0,0,2,2,378305,528672,1142,7,378298,443,1,369450,0,376627,0,1,0,0
94,6,1,128,1,1,1,0,3,3,378550,528672,1142,139,378411,443,1,369748,0,376925,0,1,0,0
94,6,1,128,1,1,2,1,0,1,379008,528672,1142,336,378672,443,1,370038,0,377215,0,1,0,0
94,6,1,128,1,1,3,1,1,2,518778,528672,1142,527,518251,443,1,510131,0,517308,0,1,0,0
94,6,1,128,1,1,4,1,2,3,528508,528672,1142,901,527607,443,1,520090,0,527267,0,1,0,0
94,6,1,128,1,1,5,1,3,4,528645,528672,1142,1015,527630,443,1,520089,0,527266,0,1,0,0
95,6,2,128,1,1,0,0,2,2,376590,532415,1124,7,376583,427,1,367967,0,375144,0,1,0,0
95,6,2,128,1,1,1,0,3,3,376934,532415,1124,121,376813,427,1,368385,0,375562,0,1,0,0
95,6,2,128,1,1,2,1,0,1,377168,532415,1124,318,376850,427,1,368919,0,376096,0,1,0,0
95,6,2,128,1,1,3,1,1,2,531512,532415,1124,509,531003,427,1,522881,0,530058,0,1,0,0
95,6,2,128,1,1,4,1,2,3,532231,532415,1124,883,531348,427,1,523832,0,531009,0,1,0,0
95,6,2,128,1,1,5,1,3,4,532388,532415,1124,997,531391,427,1,523831,0,531008,0,1,0,0
96,6,3,128,1,1,0,0,2,2,383893,536562,1125,7,383886,479,1,376020,0,383197,0,1,0,0
96,6,3,128,1,1,1,0,3,3,384140,536562,1125,121,384019,479,1,376294,0,383471,0,1,0,0
96,6,3,128,1,1,2,1,0,1,386875,536562,1125,318,386557,479,1,378016,0,385193,0,1,0,0
96,6,3,128,1,1,3,1,1,2,505858,536562,1125,509,505349,479,1,497435,0,504612,0,1,0,0
96,6,3,128,1,1,4,1,2,3,536391,536562,1125,883,535508,479,1,527931,0,535108,0,1,0,0
96,6,3,128,1,1,5,1,3,4,536535,536562,1125,997,535538,479,1,528145,0,535322,0,1,0,0
97,8,1,128,1,1,0,0,2,2,456031,797403,1731,7,456024,532,1,448048,0,455225,0,1,0,0
97,8,1,128,1,1,1,0,3,3,456633,797403,1731,121,456512,532,1,448075,0,455252,0,1,0,0
97,8,1,128,1,1,2,1,0,1,534694,797403,1731,318,534376,532,1,526675,0,533852,0,1,0,0
97,8,1,128,1,1,3,1,1,2,732033,797403,1731,509,731524,532,1,723358,0,730535,0,1,0,0
97,8,1,128,1,1,4,1,2,3,797214,797403,1731,883,796331,532,1,788815,0,795992,0,1,0,0
97,8,1,128,1,1,5,1,3,4,797351,797403,1731,997,796354,532,1,788811,0,795988,0,1,0,0
97,8,1,128,1,1,6,2,0,2,717067,797403,1731,1121,715946,532,1,707604,0,714781,0,1,0,0
97,8,1,128,1,1,7,2,1,3,717433,797403,1731,1238,716195,532,1,707822,0,714999,0,1,0,0
98,8,2,128,1,1,0,0,2,2,460360,786267,1769,7,460353,522,1,451991,0,459168,0,1,0,0
98,8,2,128,1,1,1,0,3,3,460718,786267,1769,121,460597,522,1,452380,0,459557,0,1,0,0
98,8,2,128,1,1,2,1,0,1,538922,786267,1769,318,538604,522,1,530906,0,538083,0,1,0,0
98,8,2,128,1,1,3,1,1,2,724691,786267,1769,509,724182,522,1,716002,0,723179,0,1,0,0
98,8,2,128,1,1,4,1,2,3,786077,786267,1769,897,785180,522,1,777664,0,784841,0,1,0,0
98,8,2,128,1,1,5,1,3,4,786215,786267,1769,1011,785204,522,1,777636,0,784813,0,1,0,0
98,8,2,128,1,1,6,2,0,2,711366,786267,1769,1159,710207,522,1,702666,0,709843,0,1,0,0
98,8,2,128,1,1,7,2,1,3,711611,786267,1769,1276,710335,522,1,702319,0,709496,0,1,0,0
99,8,3,128,1,1,0,0,2,2,463028,793238,1754,7,463021,535,1,454182,0,461359,0,1,0,0
99,8,3,128,1,1,1,0,3,3,463256,793238,1754,121,463135,535,1,454214,0,461391,0,1,0,0
99,8,3,128,1,1,2,1,0,1,540557,793238,1754,318,540239,535,1,531946,0,539123,0,1,0,0
99,8,3,128,1,1,3,1,1,2,726002,793238,1754,509,725493,535,1,717703,0,724880,0,1,0,0
99,8,3,128,1,1,4,1,2,3,792833,793238,1754,884,791949,535,1,784550,0,791727,0,1,0,0
99,8,3,128,1,1,5,1,3,4,793193,793238,1754,998,792195,535,1,784768,0,791945,0,1,0,0
99,8,3,128,1,1,6,2,0,2,711723,793238,1754,1119,710604,535,1,702815,0,709992,0,1,0,0
99,8,3,128,1,1,7,2,1,3,711986,793238,1754,1260,710726,535,1,702836,0,710013,0,1,0,0
100,10,1,128,1,1,0,0,2,2,461814,968697,2203,7,461807,550,1,452706,0,459883,0,1,0,0
100,10,1,128,1,1,1,0,3,3,462072,968697,2203,121,461951,550,1,452630,0,459807,0,1,0,0
100,10,1,128,1,1,2,1,0,1,541265,968697,2203,338,540927,550,1,531666,0,538843,0,1,0,0
100,10,1,128,1,1,3,1,1,2,761344,968697,2203,509,760835,550,1,751557,0,758734,0,1,0,0
100,10,1,128,1,1,4,1,2,3,891949,968697,2203,883,891066,550,1,883431,0,890608,0,1,0,0
100,10,1,128,1,1,5,1,3,4,892172,968697,2203,997,891175,550,1,883430,0,890607,0,1,0,0
100,10,1,128,1,1,6,2,0,2,766188,968697,2203,1118,765070,550,1,756960,0,764137,0,1,0,0
100,10,1,128,1,1,7,2,1,3,912277,968697,2203,1235,911042,550,1,903164,0,910341,0,1,0,0
100,10,1,128,1,1,8,2,2,4,968304,968697,2203,1722,966582,550,1,958936,0,966113,0,1,0,0
100,10,1,128,1,1,9,2,3,5,968670,968697,2203,2084,966586,550,1,959161,0,966338,0,1,0,0
101,10,2,128,1,1,0,0,2,2,468124,973050,2203,7,468117,577,1,458830,0,466007,0,1,0,0
101,10,2,128,1,1,1,0,3,3,468478,973050,2203,121,468357,577,1,458858,0,466035,0,1,0,0
101,10,2,128,1,1,2,1,0,1,543300,973050,2203,336,542964,577,1,535510,0,542687,0,1,0,0
101,10,2,128,1,1,3,1,1,2,762454,973050,2203,509,761945,577,1,752826,0,760003,0,1,0,0
101,10,2,128,1,1,4,1,2,3,883668,973050,2203,883,882785,577,1,875388,0,882565,0,1,0,0
101,10,2,128,1,1,5,1,3,4,885062,973050,2203,997,884065,577,1,875733,0,882910,0,1,0,0
101,10,2,128,1,1,6,2,0,2,771517,973050,2203,1118,770399,577,1,762053,0,769230,0,1,0,0
101,10,2,128,1,1,7,2,1,3,903265,973050,2203,1235,902030,577,1,893671,0,900848,0,1,0,0
101,10,2,128,1,1,8,2,2,4,972657,973050,2203,1722,970935,577,1,963289,0,970466,0,1,0,0
101,10,2,128,1,1,9,2,3,5,973023,973050,2203,2084,970939,577,1,963514,0,970691,0,1,0,0
102,10,3,128,1,1,0,0,2,2,464145,964794,2211,7,464138,545,1,456502,0,463679,0,1,0,0
102,10,3,128,1,1,1,0,3,3,464404,964794,2211,121,464283,545,1,456776,0,463953,0,1,0,0
102,10,3,128,1,1,2,1,0,1,540140,964794,2211,319,539821,545,1,531390,0,538567,0,1,0,0
102,10,3,128,1,1,3,1,1,2,759393,964794,2211,509,758884,545,1,750249,0,757426,0,1,0,0
102,10,3,128,1,1,4,1,2,3,888769,964794,2211,883,887886,545,1,880019,0,887196,0,1,0,0
102,10,3,128,1,1,5,1,3,4,888999,964794,2211,1002,887997,545,1,880589,0,887766,0,1,0,0
102,10,3,128,1,1,6,2,0,2,762381,964794,2211,1123,761258,545,1,753746,0,760923,0,1,0,0
102,10,3,128,1,1,7,2,1,3,910885,964794,2211,1240,909645,545,1,901293,0,908470,0,1,0,0
102,10,3,128,1,1,8,2,2,4,964630,964794,2211,1727,962903,545,1,955135,0,962312,0,1,0,0
102,10,3,128,1,1,9,2,3,5,964767,964794,2211,2089,962678,545,1,955140,0,962317,0,1,0,0
103,13,1,128,1,1,0,0,2,2,465014,1251984,2963,7,465007,528,1,457497,0,464674,0,1,0,0
103,13,1,128,1,1,1,0,3,3,468255,1251984,2963,121,468134,528,1,457792,0,464969,0,1,0,0
103,13,1,128,1,1,2,1,0,1,548034,1251984,2963,318,547716,528,1,537998,0,545175,0,1,0,0
103,13,1,128,1,1,3,1,1,2,761358,1251984,2963,509,760849,528,1,751323,0,758500,0,1,0,0
103,13,1,128,1,1,4,1,2,3,893227,1251984,2963,883,892344,528,1,882420,0,889597,0,1,0,0
103,13,1,128,1,1,5,1,3,4,893464,1251984,2963,1014,892450,528,1,882855,0,890032,0,1,0,0
103,13,1,128,1,1,6,2,0,2,888407,1251984,2963,1134,887273,528,1,878075,0,885252,0,1,0,0
103,13,1,128,1,1,7,2,1,3,1126224,1251984,2963,1251,1124973,528,1,1117086,0,1124263,0,1,0,0
103,13,1,128,1,1,8,2,2,4,1251780,1251984,2963,1738,1250042,528,1,1242073,0,1249250,0,1,0,0
103,13,1,128,1,1,9,2,3,5,1251923,1251984,2963,2100,1249823,528,1,1242280,0,1249457,0,1,0,0
103,13,1,128,1,1,10,3,0,3,1127156,1251984,2963,2230,1124926,528,1,1116822,0,1123999,0,1,0,0
103,13,1,128,1,1,11,3,1,4,1250759,1251984,2963,2353,1248406,528,1,1240774,0,1247951,0,1,0,0
103,13,1,128,1,1,12,3,2,5,1250991,1251984,2963,2470,1248521,528,1,1240412,0,1247584,0,1,0,0
104,13,2,128,1,1,0,0,2,2,458060,1249533,2927,7,458053,525,1,450426,0,457603,0,1,0,0
104,13,2,128,1,1,1,0,3,3,458323,1249533,2927,121,458202,525,1,450461,0,457638,0,1,0,0
104,13,2,128,1,1,2,1,0,1,535248,1249533,2927,318,534930,525,1,526882,0,534059,0,1,0,0
104,13,2,128,1,1,3,1,1,2,767818,1249533,2927,509,767309,525,1,758855,0,766032,0,1,0,0
104,13,2,128,1,1,4,1,2,3,904714,1249533,2927,883,903831,525,1,894713,0,901890,0,1,0,0
104,13,2,128,1,1,5,1,3,4,905286,1249533,2927,997,904289,525,1,895611,0,902788,0,1,0,0
104,13,2,128,1,1,6,2,0,2,894033,1249533,2927,1118,892915,525,1,883319,0,890496,0,1,0,0
104,13,2,128,1,1,7,2,1,3,1123834,1249533,2927,1235,1122599,525,1,1114147,0,1121324,0,1,0,0
104,13,2,128,1,1,8,2,2,4,1248060,1249533,2927,1722,1246338,525,1,1238576,0,1245753,0,1,0,0
104,13,2,128,1,1,9,2,3,5,1249073,1249533,2927,2084,1246989,525,1,1239029,0,1246206,0,1,0,0
104,13,2,128,1,1,10,3,0,3,1124635,1249533,2927,2197,1122438,525,1,1113904,0,1121081,0,1,0,0
104,13,2,128,1,1,11,3,1,4,1249299,1249533,2927,2317,1246982,525,1,1239479,0,1246656,0,1,0,0
104,13,2,128,1,1,12,3,2,5,1249506,1249533,2927,2434,1247072,525,1,1239318,0,1246495,0,1,0,0
105,13,3,128,1,1,0,0,2,2,458629,1246523,2933,7,458622,526,1,450980,0,458157,0,1,0,0
105,13,3,128,1,1,1,0,3,3,458864,1246523,2933,121,458743,526,1,451263,0,458440,0,1,0,0
105,13,3,128,1,1,2,1,0,1,541733,1246523,2933,318,541415,526,1,532874,0,540051,0,1,0,0
105,13,3,128,1,1,3,1,1,2,760023,1246523,2933,509,759514,526,1,749201,0,756378,0,1,0,0
105,13,3,128,1,1,4,1,2,3,893315,1246523,2933,883,892432,526,1,883979,0,891156,0,1,0,0
105,13,3,128,1,1,5,1,3,4,893543,1246523,2933,997,892546,526,1,884661,0,891838,0,1,0,0
105,13,3,128,1,1,6,2,0,2,874437,1246523,2933,1119,873318,526,1,865538,0,872715,0,1,0,0
105,13,3,128,1,1,7,2,1,3,1122467,1246523,2933,1236,1121231,526,1,1112544,0,1119721,0,1,0,0
105,13,3,128,1,1,8,2,2,4,1245455,1246523,2933,1723,1243732,526,1,1235971,0,1243148,0,1,0,0
105,13,3,128,1,1,9,2,3,5,1245681,1246523,2933,2085,1243596,526,1,1236196,0,1243373,0,1,0,0
105,13,3,128,1,1,10,3,0,3,1123393,1246523,2933,2198,1121195,526,1,1112163,0,1119340,0,1,0,0
105,13,3,128,1,1,11,3,1,4,1246487,1246523,2933,2325,1244162,526,1,1236389,0,1243566,0,1,0,0
105,13,3,128,1,1,12,3,2,5,1246237,1246523,2933,2442,1243795,526,1,1236025,0,1243202,0,1,0,0
106,1,1,256,1,1,0,0,2,2,148353,148375,121,7,148346,512,1,144552,0,148145,0,1,0,0
107,1,2,256,1,1,0,0,2,2,148300,148322,121,7,148293,512,1,144499,0,148092,0,1,0,0
108,1,3,256,1,1,0,0,2,2,148307,148329,121,7,148300,512,1,144483,0,148076,0,1,0,0
109,2,1,256,1,1,0,0,2,2,255167,255525,452,7,255160,384,1,251101,0,254694,0,1,0,0
109,2,1,256,1,1,1,0,3,3,255498,255525,452,126,255372,384,1,251367,0,254960,0,1,0,0
110,2,2,256,1,1,0,0,2,2,255189,255550,454,7,255182,384,1,251123,0,254716,0,1,0,0
110,2,2,256,1,1,1,0,3,3,255523,255550,454,126,255397,384,1,251388,0,254981,0,1,0,0
111,2,3,256,1,1,0,0,2,2,255162,255520,450,7,255155,384,1,251096,0,254689,0,1,0,0
111,2,3,256,1,1,1,0,3,3,255493,255520,450,126,255367,384,1,251365,0,254958,0,1,0,0
112,4,1,256,1,1,0,0,2,2,504958,507046,1529,7,504951,320,1,501141,0,504734,0,1,0,0
112,4,1,256,1,1,1,0,3,3,506447,507046,1529,121,506326,320,1,502054,0,505647,0,1,0,0
112,4,1,256,1,1,2,1,0,1,506705,507046,1529,446,506259,320,1,501984,0,505577,0,1,0,0
112,4,1,256,1,1,3,1,1,2,507019,507046,1529,765,506254,320,1,501818,0,505411,0,1,0,0
113,4,2,256,1,1,0,0,2,2,505011,507098,1538,7,505004,320,1,501158,0,504751,0,1,0,0
113,4,2,256,1,1,1,0,3,3,506498,507098,1538,130,506368,320,1,502097,0,505690,0,1,0,0
113,4,2,256,1,1,2,1,0,1,506757,507098,1538,455,506302,320,1,502027,0,505620,0,1,0,0
113,4,2,256,1,1,3,1,1,2,507071,507098,1538,774,506297,320,1,501861,0,505454,0,1,0,0
114,4,3,256,1,1,0,0,2,2,505000,507117,1537,7,504993,320,1,501183,0,504776,0,1,0,0
114,4,3,256,1,1,1,0,3,3,506518,507117,1537,121,506397,320,1,502120,0,505713,0,1,0,0
114,4,3,256,1,1,2,1,0,1,506777,507117,1537,444,506333,320,1,502048,0,505641,0,1,0,0
114,4,3,256,1,1,3,1,1,2,507090,507117,1537,773,506317,320,1,501881,0,505474,0,1,0,0
115,6,1,256,1,1,0,0,2,2,403922,571998,2021,7,403915,370,1,399589,0,403182,0,1,0,0
115,6,1,256,1,1,1,0,3,3,405722,571998,2021,121,405601,370,1,400264,0,403857,0,1,0,0
115,6,1,256,1,1,2,1,0,1,405993,571998,2021,446,405547,370,1,400739,0,404332,0,1,0,0
115,6,1,256,1,1,3,1,1,2,537343,571998,2021,765,536578,370,1,531624,0,535217,0,1,0,0
115,6,1,256,1,1,4,1,2,3,571834,571998,2021,1524,570310,370,1,566119,0,569712,0,1,0,0
115,6,1,256,1,1,5,1,3,4,571971,571998,2021,1767,570204,370,1,566119,0,569712,0,1,0,0
116,6,2,256,1,1,0,0,2,2,403399,571289,2031,7,403392,370,1,398324,0,401917,0,1,0,0
116,6,2,256,1,1,1,0,3,3,403901,571289,2031,121,403780,370,1,399255,0,402848,0,1,0,0
116,6,2,256,1,1,2,1,0,1,404140,571289,2031,446,403694,370,1,399246,0,402839,0,1,0,0
116,6,2,256,1,1,3,1,1,2,536524,571289,2031,765,535759,370,1,531055,0,534648,0,1,0,0
116,6,2,256,1,1,4,1,2,3,571010,571289,2031,1523,569487,370,1,565534,0,569127,0,1,0,0
116,6,2,256,1,1,5,1,3,4,571262,571289,2031,1777,569485,370,1,565534,0,569127,0,1,0,0
117,6,3,256,1,1,0,0,2,2,406986,575526,2021,7,406979,373,1,401662,0,405255,0,1,0,0
117,6,3,256,1,1,1,0,3,3,407242,575526,2021,121,407121,373,1,402593,0,406186,0,1,0,0
117,6,3,256,1,1,2,1,0,1,410748,575526,2021,446,410302,373,1,405100,0,408693,0,1,0,0
117,6,3,256,1,1,3,1,1,2,536808,575526,2021,766,536042,373,1,531588,0,535181,0,1,0,0
117,6,3,256,1,1,4,1,2,3,575245,575526,2021,1524,573721,373,1,569782,0,573375,0,1,0,0
117,6,3,256,1,1,5,1,3,4,575499,575526,2021,1766,573733,373,1,569781,0,573374,0,1,0,0
118,8,1,256,1,1,0,0,2,2,484872,830021,3267,7,484865,408,1,478822,0,482415,0,1,0,0
118,8,1,256,1,1,1,0,3,3,485125,830021,3267,121,485004,408,1,480480,0,484073,0,1,0,0
118,8,1,256,1,1,2,1,0,1,564937,830021,3267,446,564491,408,1,559441,0,563034,0,1,0,0
118,8,1,256,1,1,3,1,1,2,768852,830021,3267,765,768087,408,1,763370,0,766963,0,1,0,0
118,8,1,256,1,1,4,1,2,3,829713,830021,3267,1523,828190,408,1,824251,0,827844,0,1,0,0
118,8,1,256,1,1,5,1,3,4,829969,830021,3267,1765,828204,408,1,824250,0,827843,0,1,0,0
118,8,1,256,1,1,6,2,0,2,752501,830021,3267,2014,750487,408,1,745298,0,748891,0,1,0,0
118,8,1,256,1,1,7,2,1,3,752745,830021,3267,2261,750484,408,1,745346,0,748939,0,1,0,0
119,8,2,256,1,1,0,0,2,2,475524,821748,3277,7,475517,393,1,468904,0,472497,0,1,0,0
119,8,2,256,1,1,1,0,3,3,475765,821748,3277,121,475644,393,1,470591,0,474184,0,1,0,0
119,8,2,256,1,1,2,1,0,1,553330,821748,3277,465,552865,393,1,548362,0,551955,0,1,0,0
119,8,2,256,1,1,3,1,1,2,771825,821748,3277,765,771060,393,1,766606,0,770199,0,1,0,0
119,8,2,256,1,1,4,1,2,3,821360,821748,3277,1523,819837,393,1,815649,0,819242,0,1,0,0
119,8,2,256,1,1,5,1,3,4,821696,821748,3277,1768,819928,393,1,815993,0,819586,0,1,0,0
119,8,2,256,1,1,6,2,0,2,753218,821748,3277,2016,751202,393,1,746329,0,749922,0,1,0,0
119,8,2,256,1,1,7,2,1,3,753490,821748,3277,2261,751229,393,1,745990,0,749583,0,1,0,0
120,8,3,256,1,1,0,0,2,2,490832,830508,3265,7,490825,399,1,485537,0,489130,0,1,0,0
120,8,3,256,1,1,1,0,3,3,491104,830508,3265,121,490983,399,1,486440,0,490033,0,1,0,0
120,8,3,256,1,1,2,1,0,1,568993,830508,3265,446,568547,399,1,563035,0,566628,0,1,0,0
120,8,3,256,1,1,3,1,1,2,775623,830508,3265,765,774858,399,1,770222,0,773815,0,1,0,0
120,8,3,256,1,1,4,1,2,3,830318,830508,3265,1523,828795,399,1,824605,0,828198,0,1,0,0
120,8,3,256,1,1,5,1,3,4,830456,830508,3265,1766,828690,399,1,824604,0,828197,0,1,0,0
120,8,3,256,1,1,6,2,0,2,757816,830508,3265,2015,755801,399,1,750941,0,754534,0,1,0,0
120,8,3,256,1,1,7,2,1,3,758088,830508,3265,2260,755828,399,1,750614,0,754207,0,1,0,0
121,10,1,256,1,1,0,0,2,2,504557,1026609,4277,7,504550,441,1,500478,0,504071,0,1,0,0
121,10,1,256,1,1,1,0,3,3,508405,1026609,4277,142,508263,441,1,501654,0,505247,0,1,0,0
121,10,1,256,1,1,2,1,0,1,570075,1026609,4277,467,569608,441,1,562846,0,566439,0,1,0,0
121,10,1,256,1,1,3,1,1,2,813689,1026609,4277,786,812903,441,1,806978,0,810571,0,1,0,0
121,10,1,256,1,1,4,1,2,3,943044,1026609,4277,1544,941500,441,1,936416,0,940009,0,1,0,0
121,10,1,256,1,1,5,1,3,4,943537,1026609,4277,1790,941747,441,1,936801,0,940394,0,1,0,0
121,10,1,256,1,1,6,2,0,2,801477,1026609,4277,2037,799440,441,1,794510,0,798103,0,1,0,0
121,10,1,256,1,1,7,2,1,3,963038,1026609,4277,2282,960756,441,1,955671,0,959264,0,1,0,0
121,10,1,256,1,1,8,2,2,4,1026343,1026609,4277,3281,1023062,441,1,1018600,0,1022193,0,1,0,0
121,10,1,256,1,1,9,2,3,5,1026582,1026609,4277,4030,1022552,441,1,1018607,0,1022200,0,1,0,0
122,10,2,256,1,1,0,0,2,2,500105,1027196,4260,7,500098,448,1,495012,0,498605,0,1,0,0
122,10,2,256,1,1,1,0,3,3,500348,1027196,4260,130,500218,448,1,496189,0,499782,0,1,0,0
122,10,2,256,1,1,2,1,0,1,568075,1027196,4260,458,567617,448,1,561564,0,565157,0,1,0,0
122,10,2,256,1,1,3,1,1,2,812267,1027196,4260,774,811493,448,1,805831,0,809424,0,1,0,0
122,10,2,256,1,1,4,1,2,3,940725,1027196,4260,1532,939193,448,1,934521,0,938114,0,1,0,0
122,10,2,256,1,1,5,1,3,4,941218,1027196,4260,1774,939444,448,1,935303,0,938896,0,1,0,0
122,10,2,256,1,1,6,2,0,2,802974,1027196,4260,2023,800951,448,1,794567,0,798160,0,1,0,0
122,10,2,256,1,1,7,2,1,3,958518,1027196,4260,2268,956250,448,1,951400,0,954993,0,1,0,0
122,10,2,256,1,1,8,2,2,4,1026929,1027196,4260,3267,1023662,448,1,1019204,0,1022797,0,1,0,0
122,10,2,256,1,1,9,2,3,5,1027169,1027196,4260,4013,1023156,448,1,1019211,0,1022804,0,1,0,0
123,10,3,256,1,1,0,0,2,2,507862,1030477,4258,7,507855,448,1,504044,0,507637,0,1,0,0
123,10,3,256,1,1,1,0,3,3,512127,1030477,4258,122,512005,448,1,504730,0,508323,0,1,0,0
123,10,3,256,1,1,2,1,0,1,570773,1030477,4258,449,570324,448,1,564479,0,568072,0,1,0,0
123,10,3,256,1,1,3,1,1,2,815122,1030477,4258,769,814353,448,1,809625,0,813218,0,1,0,0
123,10,3,256,1,1,4,1,2,3,943742,1030477,4258,1527,942215,448,1,936817,0,940410,0,1,0,0
123,10,3,256,1,1,5,1,3,4,943996,1030477,4258,1769,942227,448,1,937599,0,941192,0,1,0,0
123,10,3,256,1,1,6,2,0,2,807177,1030477,4258,2018,805159,448,1,800409,0,804002,0,1,0,0
123,10,3,256,1,1,7,2,1,3,962591,1030477,4258,2263,960328,448,1,954901,0,958494,0,1,0,0
123,10,3,256,1,1,8,2,2,4,1030310,1030477,4258,3262,1027048,448,1,1022351,0,1025944,0,1,0,0
123,10,3,256,1,1,9,2,3,5,1030450,1030477,4258,4008,1026442,448,1,1022355,0,1025948,0,1,0,0
124,13,1,256,1,1,0,0,2,2,505315,1317017,5763,7,505308,431,1,498256,0,501849,0,1,0,0
124,13,1,256,1,1,1,0,3,3,505571,1317017,5763,121,505450,431,1,498902,0,502495,0,1,0,0
124,13,1,256,1,1,2,1,0,1,583762,1317017,5763,446,583316,431,1,576457,0,580050,0,1,0,0
124,13,1,256,1,1,3,1,1,2,810249,1317017,5763,765,809484,431,1,803992,0,807585,0,1,0,0
124,13,1,256,1,1,4,1,2,3,964949,1317017,5763,1523,963426,431,1,956791,0,960384,0,1,0,0
124,13,1,256,1,1,5,1,3,4,965207,1317017,5763,1765,963442,431,1,957025,0,960618,0,1,0,0
124,13,1,256,1,1,6,2,0,2,959959,1317017,5763,2014,957945,431,1,953753,0,957346,0,1,0,0
124,13,1,256,1,1,7,2,1,3,1197991,1317017,5763,2259,1195732,431,1,1189288,0,1192881,0,1,0,0
124,13,1,256,1,1,8,2,2,4,1316275,1317017,5763,3258,1313017,431,1,1308059,0,1311652,0,1,0,0
124,13,1,256,1,1,9,2,3,5,1316598,1317017,5763,4004,1312594,431,1,1308657,0,1312250,0,1,0,0
124,13,1,256,1,1,10,3,0,3,1197239,1317017,5763,4244,1192995,431,1,1187251,0,1190844,0,1,0,0
124,13,1,256,1,1,11,3,1,4,1316851,1317017,5763,4492,1312359,431,1,1307838,0,1311431,0,1,0,0
124,13,1,256,1,1,12,3,2,5,1316990,1317017,5763,4737,1312253,431,1,1307412,0,1311005,0,1,0,0
125,13,2,256,1,1,0,0,2,2,494199,1354406,5753,7,494192,453,1,489152,0,492745,0,1,0,0
125,13,2,256,1,1,1,0,3,3,494445,1354406,5753,121,494324,453,1,490298,0,493891,0,1,0,0
125,13,2,256,1,1,2,1,0,1,575851,1354406,5753,446,575405,453,1,569439,0,573032,0,1,0,0
125,13,2,256,1,1,3,1,1,2,802531,1354406,5753,765,801766,453,1,796094,0,799687,0,1,0,0
125,13,2,256,1,1,4,1,2,3,955426,1354406,5753,1525,953901,453,1,949439,0,953032,0,1,0,0
125,13,2,256,1,1,5,1,3,4,958853,1354406,5753,1777,957076,453,1,950191,0,953784,0,1,0,0
125,13,2,256,1,1,6,2,0,2,941856,1354406,5753,2024,939832,453,1,934412,0,938005,0,1,0,0
125,13,2,256,1,1,7,2,1,3,1189464,1354406,5753,2269,1187195,453,1,1182253,0,1185846,0,1,0,0
125,13,2,256,1,1,8,2,2,4,1352309,1354406,5753,3268,1349041,453,1,1344595,0,1348188,0,1,0,0
125,13,2,256,1,1,9,2,3,5,1353780,1354406,5753,4014,1349766,453,1,1345558,0,1349151,0,1,0,0
125,13,2,256,1,1,10,3,0,3,1188741,1354406,5753,4255,1184486,453,1,1180276,0,1183869,0,1,0,0
125,13,2,256,1,1,11,3,1,4,1354026,1354406,5753,4503,1349523,453,1,1345311,0,1348904,0,1,0,0
125,13,2,256,1,1,12,3,2,5,1354379,1354406,5753,4748,1349631,453,1,1344925,0,1348518,0,1,0,0
126,13,3,256,1,1,0,0,2,2,505226,1297542,5246,7,505219,430,1,500428,0,504021,0,1,0,0
126,13,3,256,1,1,1,0,3,3,509830,1297542,5246,121,509709,430,1,501602,0,505195,0,1,0,0
126,13,3,256,1,1,2,1,0,1,573560,1297542,5246,446,573114,430,1,566334,0,569927,0,1,0,0
126,13,3,256,1,1,3,1,1,2,791128,1297542,5246,765,790363,430,1,785906,0,789499,0,1,0,0
126,13,3,256,1,1,4,1,2,3,931954,1297542,5246,1526,930428,430,1,925456,0,929049,0,1,0,0
126,13,3,256,1,1,5,1,3,4,932680,1297542,5246,1767,930913,430,1,925480,0,929073,0,1,0,0
126,13,3,256,1,1,6,2,0,2,929701,1297542,5246,2016,927685,430,1,921500,0,925093,0,1,0,0
126,13,3,256,1,1,7,2,1,3,1174650,1297542,5246,2261,1172389,430,1,1166894,0,1170487,0,1,0,0
126,13,3,256,1,1,8,2,2,4,1296423,1297542,5246,3260,1293163,430,1,1288717,0,1292310,0,1,0,0
126,13,3,256,1,1,9,2,3,5,1297488,1297542,5246,4006,1293482,430,1,1289319,0,1292912,0,1,0,0
126,13,3,256,1,1,10,3,0,3,1175863,1297542,5246,4247,1171616,430,1,1166457,0,1170050,0,1,0,0
126,13,3,256,1,1,11,3,1,4,1296940,1297542,5246,4495,1292445,430,1,1288229,0,1291822,0,1,0,0
126,13,3,256,1,1,12,3,2,5,1297255,1297542,5246,4740,1292515,430,1,1287997,0,1291590,0,1,0,0
127,1,1,512,1,1,0,0,2,2,139730,139752,121,7,139723,256,1,137721,0,139522,0,1,0,0
128,1,2,512,1,1,0,0,2,2,139703,139725,129,7,139696,256,1,137686,0,139487,0,1,0,0
129,1,3,512,1,1,0,0,2,2,139694,139716,121,7,139687,256,1,137685,0,139486,0,1,0,0
130,2,1,512,1,1,0,0,2,2,259584,260197,711,7,259577,192,1,257051,0,258852,0,1,0,0
130,2,1,512,1,1,1,0,3,3,260170,260197,711,129,260041,192,1,257574,0,259375,0,1,0,0
131,2,2,512,1,1,0,0,2,2,259489,260102,721,7,259482,192,1,256922,0,258723,0,1,0,0
131,2,2,512,1,1,1,0,3,3,260075,260102,721,139,259936,192,1,257469,0,259270,0,1,0,0
132,2,3,512,1,1,0,0,2,2,259476,260089,709,7,259469,192,1,256946,0,258747,0,1,0,0
132,2,3,512,1,1,1,0,3,3,260062,260089,709,126,259936,192,1,257468,0,259269,0,1,0,0
133,4,1,512,1,1,0,0,2,2,511036,515172,2809,7,511029,160,1,509011,0,510812,0,1,0,0
133,4,1,512,1,1,1,0,3,3,514060,515172,2809,121,513939,160,1,510949,0,512750,0,1,0,0
133,4,1,512,1,1,2,1,0,1,514576,515172,2809,702,513874,160,1,510879,0,512680,0,1,0,0
133,4,1,512,1,1,3,1,1,2,515145,515172,2809,1277,513868,160,1,510456,0,512257,0,1,0,0
134,4,2,512,1,1,0,0,2,2,511103,515242,2809,7,511096,160,1,509078,0,510879,0,1,0,0
134,4,2,512,1,1,1,0,3,3,514130,515242,2809,121,514009,160,1,511019,0,512820,0,1,0,0
134,4,2,512,1,1,2,1,0,1,514646,515242,2809,702,513944,160,1,510949,0,512750,0,1,0,0
134,4,2,512,1,1,3,1,1,2,515215,515242,2809,1277,513938,160,1,510526,0,512327,0,1,0,0
135,4,3,512,1,1,0,0,2,2,511099,515235,2807,7,511092,160,1,509074,0,510875,0,1,0,0
135,4,3,512,1,1,1,0,3,3,514123,515235,2807,121,514002,160,1,511014,0,512815,0,1,0,0
135,4,3,512,1,1,2,1,0,1,514639,515235,2807,700,513939,160,1,510944,0,512745,0,1,0,0
135,4,3,512,1,1,3,1,1,2,515208,515235,2807,1275,513933,160,1,510521,0,512322,0,1,0,0
136,6,1,512,1,1,0,0,2,2,483523,643225,3831,7,483516,196,1,479407,0,481208,0,1,0,0
136,6,1,512,1,1,1,0,3,3,484021,643225,3831,138,483883,196,1,481395,0,483196,0,1,0,0
136,6,1,512,1,1,2,1,0,1,485030,643225,3831,719,484311,196,1,481384,0,483185,0,1,0,0
136,6,1,512,1,1,3,1,1,2,580342,643225,3831,1294,579048,196,1,575112,0,576913,0,1,0,0
136,6,1,512,1,1,4,1,2,3,642690,643225,3831,2820,639870,196,1,637465,0,639266,0,1,0,0
136,6,1,512,1,1,5,1,3,4,643198,643225,3831,3318,639880,196,1,637462,0,639263,0,1,0,0
137,6,2,512,1,1,0,0,2,2,443419,612471,3812,7,443412,192,1,438272,0,440073,0,1,0,0
137,6,2,512,1,1,1,0,3,3,443926,612471,3812,121,443805,192,1,439699,0,441500,0,1,0,0
137,6,2,512,1,1,2,1,0,1,444933,612471,3812,702,444231,192,1,440742,0,442543,0,1,0,0
137,6,2,512,1,1,3,1,1,2,561018,612471,3812,1277,559741,192,1,556311,0,558112,0,1,0,0
137,6,2,512,1,1,4,1,2,3,612307,612471,3812,2803,609504,192,1,606596,0,608397,0,1,0,0
137,6,2,512,1,1,5,1,3,4,612444,612471,3812,3301,609143,192,1,606595,0,608396,0,1,0,0
138,6,3,512,1,1,0,0,2,2,469367,633897,3810,7,469360,195,1,465831,0,467632,0,1,0,0
138,6,3,512,1,1,1,0,3,3,469868,633897,3810,121,469747,195,1,467258,0,469059,0,1,0,0
138,6,3,512,1,1,2,1,0,1,476169,633897,3810,702,475467,195,1,470820,0,472621,0,1,0,0
138,6,3,512,1,1,3,1,1,2,574402,633897,3810,1275,573127,195,1,569697,0,571498,0,1,0,0
138,6,3,512,1,1,4,1,2,3,633733,633897,3810,2801,630932,195,1,628024,0,629825,0,1,0,0
138,6,3,512,1,1,5,1,3,4,633870,633897,3810,3299,630571,195,1,628023,0,629824,0,1,0,0
139,8,1,512,1,1,0,0,2,2,488983,853029,6336,7,488976,212,1,485397,0,487198,0,1,0,0
139,8,1,512,1,1,1,0,3,3,489485,853029,6336,121,489364,212,1,486875,0,488676,0,1,0,0
139,8,1,512,1,1,2,1,0,1,576956,853029,6336,702,576254,212,1,571198,0,572999,0,1,0,0
139,8,1,512,1,1,3,1,1,2,781471,853029,6336,1277,780194,212,1,775257,0,777058,0,1,0,0
139,8,1,512,1,1,4,1,2,3,852840,853029,6336,2803,850037,212,1,847129,0,848930,0,1,0,0
139,8,1,512,1,1,5,1,3,4,852977,853029,6336,3301,849676,212,1,847128,0,848929,0,1,0,0
139,8,1,512,1,1,6,2,0,2,759965,853029,6336,3806,756159,212,1,753751,0,755552,0,1,0,0
139,8,1,512,1,1,7,2,1,3,763544,853029,6336,4307,759237,212,1,753340,0,755141,0,1,0,0
140,8,2,512,1,1,0,0,2,2,454621,828032,6336,7,454614,208,1,449068,0,450869,0,1,0,0
140,8,2,512,1,1,1,0,3,3,456128,828032,6336,121,456007,208,1,450494,0,452295,0,1,0,0
140,8,2,512,1,1,2,1,0,1,551297,828032,6336,702,550595,208,1,545587,0,547388,0,1,0,0
140,8,2,512,1,1,3,1,1,2,764061,828032,6336,1277,762784,208,1,759331,0,761132,0,1,0,0
140,8,2,512,1,1,4,1,2,3,827398,828032,6336,2802,824596,208,1,821682,0,823483,0,1,0,0
140,8,2,512,1,1,5,1,3,4,827980,828032,6336,3299,824681,208,1,822281,0,824082,0,1,0,0
140,8,2,512,1,1,6,2,0,2,732426,828032,6336,3804,728622,208,1,725715,0,727516,0,1,0,0
140,8,2,512,1,1,7,2,1,3,732928,828032,6336,4305,728623,208,1,724690,0,726491,0,1,0,0
141,8,3,512,1,1,0,0,2,2,506806,858600,6368,7,506799,210,1,500103,0,501904,0,1,0,0
141,8,3,512,1,1,1,0,3,3,508821,858600,6368,121,508700,210,1,501592,0,503393,0,1,0,0
141,8,3,512,1,1,2,1,0,1,589093,858600,6368,707,588386,210,1,584904,0,586705,0,1,0,0
141,8,3,512,1,1,3,1,1,2,786150,858600,6368,1277,784873,210,1,781434,0,783235,0,1,0,0
141,8,3,512,1,1,4,1,2,3,858039,858600,6368,2820,855219,210,1,852815,0,854616,0,1,0,0
141,8,3,512,1,1,5,1,3,4,858548,858600,6368,3318,855230,210,1,852814,0,854615,0,1,0,0
141,8,3,512,1,1,6,2,0,2,766670,858600,6368,3823,762847,210,1,759935,0,761736,0,1,0,0
141,8,3,512,1,1,7,2,1,3,770330,858600,6368,4324,766006,210,1,759520,0,761321,0,1,0,0
142,10,1,512,1,1,0,0,2,2,498900,1052480,8367,7,498893,221,1,491765,0,493566,0,1,0,0
142,10,1,512,1,1,1,0,3,3,500418,1052480,8367,121,500297,221,1,491728,0,493529,0,1,0,0
142,10,1,512,1,1,2,1,0,1,585393,1052480,8367,713,584680,221,1,578118,0,579919,0,1,0,0
142,10,1,512,1,1,3,1,1,2,830194,1052480,8367,1290,828904,221,1,823350,0,825151,0,1,0,0
142,10,1,512,1,1,4,1,2,3,962413,1052480,8367,2816,959597,221,1,956746,0,958547,0,1,0,0
142,10,1,512,1,1,5,1,3,4,965454,1052480,8367,3314,962140,221,1,957686,0,959487,0,1,0,0
142,10,1,512,1,1,6,2,0,2,827568,1052480,8367,3819,823749,221,1,820772,0,822573,0,1,0,0
142,10,1,512,1,1,7,2,1,3,987322,1052480,8367,4330,982992,221,1,977620,0,979421,0,1,0,0
142,10,1,512,1,1,8,2,2,4,1051856,1052480,8367,6353,1045503,221,1,1041564,0,1043365,0,1,0,0
142,10,1,512,1,1,9,2,3,5,1052453,1052480,8367,7867,1044586,221,1,1042196,0,1043997,0,1,0,0
143,10,2,512,1,1,0,0,2,2,492803,1050033,8366,7,492796,222,1,489184,0,490985,0,1,0,0
143,10,2,512,1,1,1,0,3,3,493306,1050033,8366,121,493185,222,1,490212,0,492013,0,1,0,0
143,10,2,512,1,1,2,1,0,1,579264,1050033,8366,702,578562,222,1,575577,0,577378,0,1,0,0
143,10,2,512,1,1,3,1,1,2,826931,1050033,8366,1277,825654,222,1,820147,0,821948,0,1,0,0
143,10,2,512,1,1,4,1,2,3,962382,1050033,8366,2803,959579,222,1,955249,0,957050,0,1,0,0
143,10,2,512,1,1,5,1,3,4,962944,1050033,8366,3301,959643,222,1,956174,0,957975,0,1,0,0
143,10,2,512,1,1,6,2,0,2,820210,1050033,8366,3806,816404,222,1,811044,0,812845,0,1,0,0
143,10,2,512,1,1,7,2,1,3,982837,1050033,8366,4309,978528,222,1,973601,0,975402,0,1,0,0
143,10,2,512,1,1,8,2,2,4,1049869,1050033,8366,6332,1043537,222,1,1039592,0,1041393,0,1,0,0
143,10,2,512,1,1,9,2,3,5,1050006,1050033,8366,7863,1042143,222,1,1039600,0,1041401,0,1,0,0
144,10,3,512,1,1,0,0,2,2,527904,1059795,8351,7,527897,223,1,520274,0,522075,0,1,0,0
144,10,3,512,1,1,1,0,3,3,528391,1059795,8351,121,528270,223,1,522224,0,524025,0,1,0,0
144,10,3,512,1,1,2,1,0,1,588202,1059795,8351,702,587500,223,1,584023,0,585824,0,1,0,0
144,10,3,512,1,1,3,1,1,2,833216,1059795,8351,1277,831939,223,1,824934,0,826735,0,1,0,0
144,10,3,512,1,1,4,1,2,3,970802,1059795,8351,2806,967996,223,1,963105,0,964906,0,1,0,0
144,10,3,512,1,1,5,1,3,4,971809,1059795,8351,3304,968505,223,1,964041,0,965842,0,1,0,0
144,10,3,512,1,1,6,2,0,2,829646,1059795,8351,3809,825837,223,1,820371,0,822172,0,1,0,0
144,10,3,512,1,1,7,2,1,3,991638,1059795,8351,4310,987328,223,1,982399,0,984200,0,1,0,0
144,10,3,512,1,1,8,2,2,4,1058677,1059795,8351,6333,1052344,223,1,1048920,0,1050721,0,1,0,0
144,10,3,512,1,1,9,2,3,5,1059768,1059795,8351,7847,1051921,223,1,1049530,0,1051331,0,1,0,0
145,13,1,512,1,1,0,0,2,2,516418,1385296,11379,7,516411,225,1,506831,0,508632,0,1,0,0
145,13,1,512,1,1,1,0,3,3,516969,1385296,11379,121,516848,225,1,507246,0,509047,0,1,0,0
145,13,1,512,1,1,2,1,0,1,583580,1385296,11379,702,582878,225,1,577846,0,579647,0,1,0,0
145,13,1,512,1,1,3,1,1,2,835750,1385296,11379,1277,834473,225,1,826381,0,828182,0,1,0,0
145,13,1,512,1,1,4,1,2,3,975846,1385296,11379,2806,973040,225,1,969031,0,970832,0,1,0,0
145,13,1,512,1,1,5,1,3,4,976349,1385296,11379,3304,973045,225,1,970629,0,972430,0,1,0,0
145,13,1,512,1,1,6,2,0,2,970151,1385296,11379,3809,966342,225,1,959312,0,961113,0,1,0,0
145,13,1,512,1,1,7,2,1,3,1211984,1385296,11379,4310,1207674,225,1,1203745,0,1205546,0,1,0,0
145,13,1,512,1,1,8,2,2,4,1385103,1385296,11379,6333,1378770,225,1,1373764,0,1375565,0,1,0,0
145,13,1,512,1,1,9,2,3,5,1385235,1385296,11379,7846,1377389,225,1,1374870,0,1376671,0,1,0,0
145,13,1,512,1,1,10,3,0,3,1214987,1385296,11379,8343,1206644,225,1,1203733,0,1205534,0,1,0,0
145,13,1,512,1,1,11,3,1,4,1384015,1385296,11379,8847,1375168,225,1,1371762,0,1373563,0,1,0,0
145,13,1,512,1,1,12,3,2,5,1384521,1385296,11379,9348,1375173,225,1,1370733,0,1372534,0,1,0,0
146,13,2,512,1,1,0,0,2,2,517633,1390135,11402,7,517626,224,1,508073,0,509874,0,1,0,0
146,13,2,512,1,1,1,0,3,3,518190,1390135,11402,121,518069,224,1,508491,0,510292,0,1,0,0
146,13,2,512,1,1,2,1,0,1,585377,1390135,11402,709,584668,224,1,582188,0,583989,0,1,0,0
146,13,2,512,1,1,3,1,1,2,838248,1390135,11402,1284,836964,224,1,828010,0,829811,0,1,0,0
146,13,2,512,1,1,4,1,2,3,985589,1390135,11402,2810,982779,224,1,979267,0,981068,0,1,0,0
146,13,2,512,1,1,5,1,3,4,986088,1390135,11402,3308,982780,224,1,979316,0,981117,0,1,0,0
146,13,2,512,1,1,6,2,0,2,975331,1390135,11402,3813,971518,224,1,968001,0,969802,0,1,0,0
146,13,2,512,1,1,7,2,1,3,1222738,1390135,11402,4314,1218424,224,1,1212880,0,1214681,0,1,0,0
146,13,2,512,1,1,8,2,2,4,1387513,1390135,11402,6335,1381178,224,1,1375764,0,1377565,0,1,0,0
146,13,2,512,1,1,9,2,3,5,1388011,1390135,11402,7849,1380162,224,1,1377752,0,1379553,0,1,0,0
146,13,2,512,1,1,10,3,0,3,1225312,1390135,11402,8347,1216965,224,1,1211980,0,1213781,0,1,0,0
146,13,2,512,1,1,11,3,1,4,1389512,1390135,11402,8851,1380661,224,1,1377734,0,1379535,0,1,0,0
146,13,2,512,1,1,12,3,2,5,1390108,1390135,11402,9373,1380735,224,1,1376816,0,1378617,0,1,0,0
147,13,3,512,1,1,0,0,2,2,507775,1338826,11400,7,507768,215,1,503190,0,504991,0,1,0,0
147,13,3,512,1,1,1,0,3,3,508273,1338826,11400,143,508130,215,1,503601,0,505402,0,1,0,0
147,13,3,512,1,1,2,1,0,1,585127,1338826,11400,724,584403,215,1,581422,0,583223,0,1,0,0
147,13,3,512,1,1,3,1,1,2,833475,1338826,11400,1299,832176,215,1,827253,0,829054,0,1,0,0
147,13,3,512,1,1,4,1,2,3,979823,1338826,11400,2825,976998,215,1,974029,0,975830,0,1,0,0
147,13,3,512,1,1,5,1,3,4,980318,1338826,11400,3323,976995,215,1,974087,0,975888,0,1,0,0
147,13,3,512,1,1,6,2,0,2,986339,1338826,11400,3828,982511,215,1,975092,0,976893,0,1,0,0
147,13,3,512,1,1,7,2,1,3,1221446,1338826,11400,4329,1217117,215,1,1212139,0,1213940,0,1,0,0
147,13,3,512,1,1,8,2,2,4,1338632,1338826,11400,6352,1332280,215,1,1327255,0,1329056,0,1,0,0
147,13,3,512,1,1,9,2,3,5,1338765,1338826,11400,7869,1330896,215,1,1328376,0,1330177,0,1,0,0
147,13,3,512,1,1,10,3,0,3,1224054,1338826,11400,8366,1215688,215,1,1211226,0,1213027,0,1,0,0
147,13,3,512,1,1,11,3,1,4,1337544,1338826,11400,8870,1328674,215,1,1326255,0,1328056,0,1,0,0
147,13,3,512,1,1,12,3,2,5,1338098,1338826,11400,9371,1328727,215,1,1324791,0,1326592,0,1,0,0
148,1,1,1024,1,1,0,0,2,2,135489,135511,121,7,135482,128,1,134376,0,135281,0,1,0,0
149,1,2,1024,1,1,0,0,2,2,135475,135497,121,7,135468,128,1,134362,0,135267,0,1,0,0
150,1,3,1024,1,1,0,0,2,2,135500,135522,121,7,135493,128,1,134387,0,135292,0,1,0,0
151,2,1,1024,1,1,0,0,2,2,259639,260765,1220,7,259632,96,1,257493,0,258398,0,1,0,0
151,2,1,1024,1,1,1,0,3,3,260738,260765,1220,126,260612,96,1,258527,0,259432,0,1,0,0
152,2,2,1024,1,1,0,0,2,2,259611,260737,1220,7,259604,96,1,257465,0,258370,0,1,0,0
152,2,2,1024,1,1,1,0,3,3,260710,260737,1220,126,260584,96,1,258499,0,259404,0,1,0,0
153,2,3,1024,1,1,0,0,2,2,259620,260746,1240,7,259613,96,1,257474,0,258379,0,1,0,0
153,2,3,1024,1,1,1,0,3,3,260719,260746,1240,126,260593,96,1,258489,0,259394,0,1,0,0
154,4,1,1024,1,1,0,0,2,2,453175,461411,5372,7,453168,80,1,452043,0,452948,0,1,0,0
154,4,1,1024,1,1,1,0,3,3,459276,461411,5372,124,459152,80,1,456031,0,456936,0,1,0,0
154,4,1,1024,1,1,2,1,0,1,460303,461411,5372,1217,459086,80,1,455961,0,456866,0,1,0,0
154,4,1,1024,1,1,3,1,1,2,461384,461411,5372,2304,459080,80,1,455028,0,455933,0,1,0,0
155,4,2,1024,1,1,0,0,2,2,453183,461415,5369,7,453176,80,1,452054,0,452959,0,1,0,0
155,4,2,1024,1,1,1,0,3,3,459279,461415,5369,121,459158,80,1,456038,0,456943,0,1,0,0
155,4,2,1024,1,1,2,1,0,1,460306,461415,5369,1216,459090,80,1,455970,0,456875,0,1,0,0
155,4,2,1024,1,1,3,1,1,2,461388,461415,5369,2301,459087,80,1,455035,0,455940,0,1,0,0
156,4,3,1024,1,1,0,0,2,2,453135,461367,5369,7,453128,80,1,452006,0,452911,0,1,0,0
156,4,3,1024,1,1,1,0,3,3,459232,461367,5369,121,459111,80,1,455991,0,456896,0,1,0,0
156,4,3,1024,1,1,2,1,0,1,460258,461367,5369,1214,459044,80,1,455921,0,456826,0,1,0,0
156,4,3,1024,1,1,3,1,1,2,461340,461367,5369,2301,459039,80,1,454987,0,455892,0,1,0,0
157,6,1,1024,1,1,0,0,2,2,548859,738590,7409,7,548852,113,1,541649,0,542554,0,1,0,0
157,6,1,1024,1,1,1,0,3,3,549878,738590,7409,122,549756,113,1,545618,0,546523,0,1,0,0
157,6,1,1024,1,1,2,1,0,1,552923,738590,7409,1215,551708,113,1,545548,0,546453,0,1,0,0
157,6,1,1024,1,1,3,1,1,2,667431,738590,7409,2302,665129,113,1,661057,0,661962,0,1,0,0
157,6,1,1024,1,1,4,1,2,3,738426,738590,7409,5364,733062,113,1,730002,0,730907,0,1,0,0
157,6,1,1024,1,1,5,1,3,4,738563,738590,7409,6386,732177,113,1,730001,0,730906,0,1,0,0
158,6,2,1024,1,1,0,0,2,2,548848,736552,7399,7,548841,112,1,542661,0,543566,0,1,0,0
158,6,2,1024,1,1,1,0,3,3,549873,736552,7399,124,549749,112,1,545617,0,546522,0,1,0,0
158,6,2,1024,1,1,2,1,0,1,552921,736552,7399,1217,551704,112,1,546556,0,547461,0,1,0,0
158,6,2,1024,1,1,3,1,1,2,666484,736552,7399,2304,664180,112,1,659092,0,659997,0,1,0,0
158,6,2,1024,1,1,4,1,2,3,735514,736552,7399,5366,730148,112,1,728118,0,729023,0,1,0,0
158,6,2,1024,1,1,5,1,3,4,736525,736552,7399,6376,730149,112,1,728117,0,729022,0,1,0,0
159,6,3,1024,1,1,0,0,2,2,551627,746455,7396,7,551620,115,1,550498,0,551403,0,1,0,0
159,6,3,1024,1,1,1,0,3,3,559807,746455,7396,121,559686,115,1,554534,0,555439,0,1,0,0
159,6,3,1024,1,1,2,1,0,1,560879,746455,7396,1214,559665,115,1,554464,0,555369,0,1,0,0
159,6,3,1024,1,1,3,1,1,2,667174,746455,7396,2301,664873,115,1,660803,0,661708,0,1,0,0
159,6,3,1024,1,1,4,1,2,3,746291,746455,7396,5363,740928,115,1,737888,0,738793,0,1,0,0
159,6,3,1024,1,1,5,1,3,4,746428,746455,7396,6373,740055,115,1,737887,0,738792,0,1,0,0
160,8,1,1024,1,1,0,0,2,2,502531,889036,11466,7,502524,115,1,492042,0,492947,0,1,0,0
160,8,1,1024,1,1,1,0,3,3,503537,889036,11466,121,503416,115,1,495072,0,495977,0,1,0,0
160,8,1,1024,1,1,2,1,0,1,581510,889036,11466,1214,580296,115,1,573060,0,573965,0,1,0,0
160,8,1,1024,1,1,3,1,1,2,802690,889036,11466,2301,800389,115,1,793285,0,794190,0,1,0,0
160,8,1,1024,1,1,4,1,2,3,887946,889036,11466,5363,882583,115,1,880563,0,881468,0,1,0,0
160,8,1,1024,1,1,5,1,3,4,888984,889036,11466,6373,882611,115,1,880562,0,881467,0,1,0,0
160,8,1,1024,1,1,6,2,0,2,787325,889036,11466,7390,779935,115,1,771828,0,772733,0,1,0,0
160,8,1,1024,1,1,7,2,1,3,788340,889036,11466,8403,779937,115,1,773838,0,774743,0,1,0,0
161,8,2,1024,1,1,0,0,2,2,490147,888495,11468,7,490140,116,1,477806,0,478711,0,1,0,0
161,8,2,1024,1,1,1,0,3,3,491164,888495,11468,121,491043,116,1,484820,0,485725,0,1,0,0
161,8,2,1024,1,1,2,1,0,1,586688,888495,11468,1220,585468,116,1,577130,0,578035,0,1,0,0
161,8,2,1024,1,1,3,1,1,2,795008,888495,11468,2301,792707,116,1,788637,0,789542,0,1,0,0
161,8,2,1024,1,1,4,1,2,3,887336,888495,11468,5363,881973,116,1,878940,0,879845,0,1,0,0
161,8,2,1024,1,1,5,1,3,4,888443,888495,11468,6373,882070,116,1,880051,0,880956,0,1,0,0
161,8,2,1024,1,1,6,2,0,2,787912,888495,11468,7390,780522,116,1,773426,0,774331,0,1,0,0
161,8,2,1024,1,1,7,2,1,3,788917,888495,11468,8403,780514,116,1,772396,0,773301,0,1,0,0
162,8,3,1024,1,1,0,0,2,2,492063,895352,11466,7,492056,116,1,489834,0,490739,0,1,0,0
162,8,3,1024,1,1,1,0,3,3,493071,895352,11466,121,492950,116,1,489842,0,490747,0,1,0,0
162,8,3,1024,1,1,2,1,0,1,606648,895352,11466,1212,605436,116,1,597124,0,598029,0,1,0,0
162,8,3,1024,1,1,3,1,1,2,805948,895352,11466,2299,803649,116,1,797548,0,798453,0,1,0,0
162,8,3,1024,1,1,4,1,2,3,893193,895352,11466,5361,887832,116,1,885812,0,886717,0,1,0,0
162,8,3,1024,1,1,5,1,3,4,895307,895352,11466,6371,888936,116,1,886923,0,887828,0,1,0,0
162,8,3,1024,1,1,6,2,0,2,798773,895352,11466,7388,791385,116,1,784306,0,785211,0,1,0,0
162,8,3,1024,1,1,7,2,1,3,800807,895352,11466,8401,792406,116,1,784222,0,785127,0,1,0,0
163,10,1,1024,1,1,0,0,2,2,485657,1075049,15624,7,485650,114,1,476363,0,477268,0,1,0,0
163,10,1,1024,1,1,1,0,3,3,488711,1075049,15624,121,488590,114,1,481349,0,482254,0,1,0,0
163,10,1,1024,1,1,2,1,0,1,579182,1075049,15624,1214,577968,114,1,566537,0,567442,0,1,0,0
163,10,1,1024,1,1,3,1,1,2,820169,1075049,15624,2301,817868,114,1,810707,0,811612,0,1,0,0
163,10,1,1024,1,1,4,1,2,3,997757,1075049,15624,5363,992394,114,1,990370,0,991275,0,1,0,0
163,10,1,1024,1,1,5,1,3,4,1003942,1075049,15624,6374,997568,114,1,991369,0,992274,0,1,0,0
163,10,1,1024,1,1,6,2,0,2,824287,1075049,15624,7390,816897,114,1,811835,0,812740,0,1,0,0
163,10,1,1024,1,1,7,2,1,3,1022216,1075049,15624,8403,1013813,114,1,1006770,0,1007675,0,1,0,0
163,10,1,1024,1,1,8,2,2,4,1074885,1075049,15624,11460,1063425,114,1,1058336,0,1059241,0,1,0,0
163,10,1,1024,1,1,9,2,3,5,1075022,1075049,15624,14519,1060503,114,1,1058253,0,1059158,0,1,0,0
164,10,2,1024,1,1,0,0,2,2,483918,1079317,15603,7,483911,123,1,480764,0,481669,0,1,0,0
164,10,2,1024,1,1,1,0,3,3,484926,1079317,15603,121,484805,123,1,481694,0,482599,0,1,0,0
164,10,2,1024,1,1,2,1,0,1,591399,1079317,15603,1214,590185,123,1,577776,0,578681,0,1,0,0
164,10,2,1024,1,1,3,1,1,2,811082,1079317,15603,2301,808781,123,1,801523,0,802428,0,1,0,0
164,10,2,1024,1,1,4,1,2,3,970649,1079317,15603,5363,965286,123,1,957117,0,958022,0,1,0,0
164,10,2,1024,1,1,5,1,3,4,972682,1079317,15603,6373,966309,123,1,961235,0,962140,0,1,0,0
164,10,2,1024,1,1,6,2,0,2,823337,1079317,15603,7390,815947,123,1,808940,0,809845,0,1,0,0
164,10,2,1024,1,1,7,2,1,3,995082,1079317,15603,8403,986679,123,1,979605,0,980510,0,1,0,0
164,10,2,1024,1,1,8,2,2,4,1077175,1079317,15603,11460,1065715,123,1,1061619,0,1062524,0,1,0,0
164,10,2,1024,1,1,9,2,3,5,1079290,1079317,15603,14519,1064771,123,1,1062695,0,1063600,0,1,0,0
165,10,3,1024,1,1,0,0,2,2,487858,1096086,15545,7,487851,123,1,474361,0,475266,0,1,0,0
165,10,3,1024,1,1,1,0,3,3,488870,1096086,15545,121,488749,123,1,474366,0,475271,0,1,0,0
165,10,3,1024,1,1,2,1,0,1,584724,1096086,15545,1214,583510,123,1,580396,0,581301,0,1,0,0
165,10,3,1024,1,1,3,1,1,2,822532,1096086,15545,2301,820231,123,1,815137,0,816042,0,1,0,0
165,10,3,1024,1,1,4,1,2,3,985345,1096086,15545,5363,979982,123,1,974878,0,975783,0,1,0,0
165,10,3,1024,1,1,5,1,3,4,991525,1096086,15545,6373,985152,123,1,979019,0,979924,0,1,0,0
165,10,3,1024,1,1,6,2,0,2,852396,1096086,15545,7390,845006,123,1,835898,0,836803,0,1,0,0
165,10,3,1024,1,1,7,2,1,3,1010814,1096086,15545,8403,1002411,123,1,998406,0,999311,0,1,0,0
165,10,3,1024,1,1,8,2,2,4,1094970,1096086,15545,10444,1084526,123,1,1079424,0,1080329,0,1,0,0
165,10,3,1024,1,1,9,2,3,5,1096059,1096086,15545,13506,1082553,123,1,1079521,0,1080426,0,1,0,0
166,13,1,1024,1,1,0,0,2,2,503146,1382565,18642,7,503139,115,1,489741,0,490646,0,1,0,0
166,13,1,1024,1,1,1,0,3,3,504170,1382565,18642,121,504049,115,1,496752,0,497657,0,1,0,0
166,13,1,1024,1,1,2,1,0,1,568772,1382565,18642,1214,567558,115,1,556242,0,557147,0,1,0,0
166,13,1,1024,1,1,3,1,1,2,839076,1382565,18642,2301,836775,115,1,822527,0,823432,0,1,0,0
166,13,1,1024,1,1,4,1,2,3,993447,1382565,18642,5363,988084,115,1,974841,0,975746,0,1,0,0
166,13,1,1024,1,1,5,1,3,4,994467,1382565,18642,6373,988094,115,1,982005,0,982910,0,1,0,0
166,13,1,1024,1,1,6,2,0,2,972949,1382565,18642,7390,965559,115,1,962455,0,963360,0,1,0,0
166,13,1,1024,1,1,7,2,1,3,1234495,1382565,18642,8403,1226092,115,1,1219994,0,1220899,0,1,0,0
166,13,1,1024,1,1,8,2,2,4,1379410,1382565,18642,11460,1367950,115,1,1361859,0,1362764,0,1,0,0
166,13,1,1024,1,1,9,2,3,5,1380425,1382565,18642,14519,1365906,115,1,1362801,0,1363706,0,1,0,0
166,13,1,1024,1,1,10,3,0,3,1237523,1382565,18642,15596,1221927,115,1,1215863,0,1216768,0,1,0,0
166,13,1,1024,1,1,11,3,1,4,1381435,1382565,18642,16607,1364828,115,1,1361787,0,1362692,0,1,0,0
166,13,1,1024,1,1,12,3,2,5,1382538,1382565,18642,17623,1364915,115,1,1362907,0,1363812,0,1,0,0
167,13,2,1024,1,1,0,0,2,2,488327,1388170,18877,7,488320,116,1,483013,0,483918,0,1,0,0
167,13,2,1024,1,1,1,0,3,3,489349,1388170,18877,121,489228,116,1,482990,0,483895,0,1,0,0
167,13,2,1024,1,1,2,1,0,1,585641,1388170,18877,1214,584427,116,1,580304,0,581209,0,1,0,0
167,13,2,1024,1,1,3,1,1,2,814007,1388170,18877,2302,811705,116,1,808650,0,809555,0,1,0,0
167,13,2,1024,1,1,4,1,2,3,982662,1388170,18877,4347,978315,116,1,976226,0,977131,0,1,0,0
167,13,2,1024,1,1,5,1,3,4,983741,1388170,18877,5425,978316,116,1,976228,0,977133,0,1,0,0
167,13,2,1024,1,1,6,2,0,2,970426,1388170,18877,6498,963928,116,1,953749,0,954654,0,1,0,0
167,13,2,1024,1,1,7,2,1,3,1249118,1388170,18877,7515,1241603,116,1,1232416,0,1233321,0,1,0,0
167,13,2,1024,1,1,8,2,2,4,1386977,1388170,18877,10577,1376400,116,1,1373304,0,1374209,0,1,0,0
167,13,2,1024,1,1,9,2,3,5,1387987,1388170,18877,11652,1376335,116,1,1374309,0,1375214,0,1,0,0
167,13,2,1024,1,1,10,3,0,3,1244007,1388170,18877,12663,1231344,116,1,1226186,0,1227091,0,1,0,0
167,13,2,1024,1,1,11,3,1,4,1384954,1388170,18877,13768,1371186,116,1,1368134,0,1369039,0,1,0,0
167,13,2,1024,1,1,12,3,2,5,1388143,1388170,18877,15808,1372335,116,1,1367093,0,1367998,0,1,0,0
168,13,3,1024,1,1,0,0,2,2,499462,1376009,18894,7,499455,116,1,483842,0,484747,0,1,0,0
168,13,3,1024,1,1,1,0,3,3,500542,1376009,18894,121,500421,116,1,484772,0,485677,0,1,0,0
168,13,3,1024,1,1,2,1,0,1,578575,1376009,18894,1214,577361,116,1,567167,0,568072,0,1,0,0
168,13,3,1024,1,1,3,1,1,2,808787,1376009,18894,2301,806486,116,1,801406,0,802311,0,1,0,0
168,13,3,1024,1,1,4,1,2,3,973625,1376009,18894,4346,969279,116,1,967178,0,968083,0,1,0,0
168,13,3,1024,1,1,5,1,3,4,987784,1376009,18894,5437,982347,116,1,970142,0,971047,0,1,0,0
168,13,3,1024,1,1,6,2,0,2,976654,1376009,18894,6511,970143,116,1,958809,0,959714,0,1,0,0
168,13,3,1024,1,1,7,2,1,3,1233104,1376009,18894,7528,1225576,116,1,1216332,0,1217237,0,1,0,0
168,13,3,1024,1,1,8,2,2,4,1372680,1376009,18894,10590,1362090,116,1,1360003,0,1360908,0,1,0,0
168,13,3,1024,1,1,9,2,3,5,1375955,1376009,18894,11665,1364290,116,1,1361012,0,1361917,0,1,0,0
168,13,3,1024,1,1,10,3,0,3,1230018,1376009,18894,12678,1217340,116,1,1215220,0,1216125,0,1,0,0
168,13,3,1024,1,1,11,3,1,4,1374706,1376009,18894,13785,1360921,116,1,1356857,0,1357762,0,1,0,0
168,13,3,1024,1,1,12,3,2,5,1375722,1376009,18894,15825,1359897,116,1,1355810,0,1356715,0,1,0,0
169,1,1,4096,1,1,0,0,2,2,132337,132359,121,7,132330,32,1,131896,0,132129,0,1,0,0
170,1,2,4096,1,1,0,0,2,2,132334,132356,121,7,132327,32,1,131893,0,132126,0,1,0,0
171,1,3,4096,1,1,0,0,2,2,132318,132340,121,7,132311,32,1,131877,0,132110,0,1,0,0
172,2,1,4096,1,1,0,0,2,2,253858,262143,4318,7,253851,32,1,253401,0,253634,0,1,0,0
172,2,1,4096,1,1,1,0,3,3,262116,262143,4318,126,261990,32,1,257482,0,257715,0,1,0,0
173,2,2,4096,1,1,0,0,2,2,253852,262137,4313,7,253845,32,1,253395,0,253628,0,1,0,0
173,2,2,4096,1,1,1,0,3,3,262110,262137,4313,126,261984,32,1,257480,0,257713,0,1,0,0
174,2,3,4096,1,1,0,0,2,2,253826,262110,4292,7,253819,32,1,253369,0,253602,0,1,0,0
174,2,3,4096,1,1,1,0,3,3,262083,262110,4292,126,261957,32,1,257475,0,257708,0,1,0,0
175,4,1,4096,1,1,0,0,2,2,490941,523702,12546,7,490934,32,1,490484,0,490717,0,1,0,0
175,4,1,4096,1,1,1,0,3,3,507297,523702,12546,121,507176,32,1,502673,0,502906,0,1,0,0
175,4,1,4096,1,1,2,1,0,1,519579,523702,12546,4286,515293,32,1,510797,0,511030,0,1,0,0
175,4,1,4096,1,1,3,1,1,2,523675,523702,12546,8445,515230,32,1,510792,0,511025,0,1,0,0
176,4,2,4096,1,1,0,0,2,2,490980,523724,12547,7,490973,32,1,490523,0,490756,0,1,0,0
176,4,2,4096,1,1,1,0,3,3,507323,523724,12547,121,507202,32,1,502699,0,502932,0,1,0,0
176,4,2,4096,1,1,2,1,0,1,519608,523724,12547,4286,515322,32,1,510823,0,511056,0,1,0,0
176,4,2,4096,1,1,3,1,1,2,523697,523724,12547,8445,515252,32,1,510817,0,511050,0,1,0,0
177,4,3,4096,1,1,0,0,2,2,490935,523703,12546,7,490928,32,1,490478,0,490711,0,1,0,0
177,4,3,4096,1,1,1,0,3,3,507303,523703,12546,121,507182,32,1,502655,0,502888,0,1,0,0
177,4,3,4096,1,1,2,1,0,1,519585,523703,12546,4286,515299,32,1,510802,0,511035,0,1,0,0
177,4,3,4096,1,1,3,1,1,2,523676,523703,12546,8445,515231,32,1,510797,0,511030,0,1,0,0
178,6,1,4096,1,1,0,0,2,2,539973,785418,20752,7,539966,43,1,531329,0,531562,0,1,0,0
178,6,1,4096,1,1,1,0,3,3,564498,785418,20752,121,564377,43,1,543513,0,543746,0,1,0,0
178,6,1,4096,1,1,2,1,0,1,584941,785418,20752,4286,580655,43,1,567979,0,568212,0,1,0,0
178,6,1,4096,1,1,3,1,1,2,699428,785418,20752,8445,690983,43,1,682462,0,682695,0,1,0,0
178,6,1,4096,1,1,4,1,2,3,785253,785418,20752,12540,772713,43,1,764183,0,764416,0,1,0,0
178,6,1,4096,1,1,5,1,3,4,785391,785418,20752,16640,768751,43,1,764165,0,764398,0,1,0,0
179,6,2,4096,1,1,0,0,2,2,540002,785460,20749,7,539995,43,1,531356,0,531589,0,1,0,0
179,6,2,4096,1,1,1,0,3,3,564540,785460,20749,121,564419,43,1,543542,0,543775,0,1,0,0
179,6,2,4096,1,1,2,1,0,1,584984,785460,20749,4286,580698,43,1,568023,0,568256,0,1,0,0
179,6,2,4096,1,1,3,1,1,2,699465,785460,20749,8445,691020,43,1,682482,0,682715,0,1,0,0
179,6,2,4096,1,1,4,1,2,3,785296,785460,20749,12540,772756,43,1,764230,0,764463,0,1,0,0
179,6,2,4096,1,1,5,1,3,4,785433,785460,20749,16640,768793,43,1,764215,0,764448,0,1,0,0
180,6,3,4096,1,1,0,0,2,2,540075,785537,20766,7,540068,43,1,531429,0,531662,0,1,0,0
180,6,3,4096,1,1,1,0,3,3,564613,785537,20766,121,564492,43,1,543615,0,543848,0,1,0,0
180,6,3,4096,1,1,2,1,0,1,585057,785537,20766,4287,580770,43,1,568095,0,568328,0,1,0,0
180,6,3,4096,1,1,3,1,1,2,699538,785537,20766,8447,691091,43,1,682542,0,682775,0,1,0,0
180,6,3,4096,1,1,4,1,2,3,785373,785537,20766,12554,772819,43,1,764292,0,764525,0,1,0,0
180,6,3,4096,1,1,5,1,3,4,785510,785537,20766,16654,768856,43,1,764274,0,764507,0,1,0,0
181,8,1,4096,1,1,0,0,2,2,523631,1047217,28927,7,523624,46,1,510904,0,511137,0,1,0,0
181,8,1,4096,1,1,1,0,3,3,527717,1047217,28927,121,527596,46,1,523093,0,523326,0,1,0,0
181,8,1,4096,1,1,2,1,0,1,679037,1047217,28927,4284,674753,46,1,653916,0,654149,0,1,0,0
181,8,1,4096,1,1,3,1,1,2,961196,1047217,28927,8443,952753,46,1,944220,0,944453,0,1,0,0
181,8,1,4096,1,1,4,1,2,3,1047028,1047217,28927,12539,1034489,46,1,1025963,0,1026196,0,1,0,0
181,8,1,4096,1,1,5,1,3,4,1047165,1047217,28927,16639,1030526,46,1,1025948,0,1026181,0,1,0,0
181,8,1,4096,1,1,6,2,0,2,940736,1047217,28927,20742,919994,46,1,903308,0,903541,0,1,0,0
181,8,1,4096,1,1,7,2,1,3,944835,1047217,28927,24821,920014,46,1,907396,0,907629,0,1,0,0
182,8,2,4096,1,1,0,0,2,2,523695,1047260,28942,7,523688,46,1,510950,0,511183,0,1,0,0
182,8,2,4096,1,1,1,0,3,3,527777,1047260,28942,121,527656,46,1,523151,0,523384,0,1,0,0
182,8,2,4096,1,1,2,1,0,1,679054,1047260,28942,4286,674768,46,1,653926,0,654159,0,1,0,0
182,8,2,4096,1,1,3,1,1,2,961209,1047260,28942,8459,952750,46,1,944229,0,944462,0,1,0,0
182,8,2,4096,1,1,4,1,2,3,1047071,1047260,28942,12554,1034517,46,1,1025990,0,1026223,0,1,0,0
182,8,2,4096,1,1,5,1,3,4,1047208,1047260,28942,16654,1030554,46,1,1025975,0,1026208,0,1,0,0
182,8,2,4096,1,1,6,2,0,2,940756,1047260,28942,20757,919999,46,1,903327,0,903560,0,1,0,0
182,8,2,4096,1,1,7,2,1,3,944855,1047260,28942,24837,920018,46,1,907400,0,907633,0,1,0,0
183,8,3,4096,1,1,0,0,2,2,523739,1047298,28953,7,523732,46,1,511013,0,511246,0,1,0,0
183,8,3,4096,1,1,1,0,3,3,527824,1047298,28953,121,527703,46,1,523198,0,523431,0,1,0,0
183,8,3,4096,1,1,2,1,0,1,679117,1047298,28953,4286,674831,46,1,653992,0,654225,0,1,0,0
183,8,3,4096,1,1,3,1,1,2,961276,1047298,28953,8445,952831,46,1,944299,0,944532,0,1,0,0
183,8,3,4096,1,1,4,1,2,3,1047109,1047298,28953,12540,1034569,46,1,1026039,0,1026272,0,1,0,0
183,8,3,4096,1,1,5,1,3,4,1047246,1047298,28953,16643,1030603,46,1,1026002,0,1026235,0,1,0,0
183,8,3,4096,1,1,6,2,0,2,940813,1047298,28953,20768,920045,46,1,903362,0,903595,0,1,0,0
183,8,3,4096,1,1,7,2,1,3,944915,1047298,28953,24847,920068,46,1,907447,0,907680,0,1,0,0
184,10,1,4096,1,1,0,0,2,2,531814,1308209,37128,7,531807,49,1,498634,0,498867,0,1,0,0
184,10,1,4096,1,1,1,0,3,3,535919,1308209,37128,121,535798,49,1,514927,0,515160,0,1,0,0
184,10,1,4096,1,1,2,1,0,1,670866,1308209,37128,4293,666573,49,1,653890,0,654123,0,1,0,0
184,10,1,4096,1,1,3,1,1,2,1018219,1308209,37128,8452,1009767,49,1,984908,0,985141,0,1,0,0
184,10,1,4096,1,1,4,1,2,3,1185651,1308209,37128,12547,1173104,49,1,1156414,0,1156647,0,1,0,0
184,10,1,4096,1,1,5,1,3,4,1189738,1308209,37128,16650,1173088,49,1,1160458,0,1160691,0,1,0,0
184,10,1,4096,1,1,6,2,0,2,1001901,1308209,37128,20764,981137,49,1,968523,0,968756,0,1,0,0
184,10,1,4096,1,1,7,2,1,3,1218321,1308209,37128,24843,1193478,49,1,1189040,0,1189273,0,1,0,0
184,10,1,4096,1,1,8,2,2,4,1304088,1308209,37128,28943,1275145,49,1,1270721,0,1270954,0,1,0,0
184,10,1,4096,1,1,9,2,3,5,1308182,1308209,37128,33027,1275155,49,1,1270715,0,1270948,0,1,0,0
185,10,2,4096,1,1,0,0,2,2,531779,1308181,37133,7,531772,49,1,498610,0,498843,0,1,0,0
185,10,2,4096,1,1,1,0,3,3,535892,1308181,37133,121,535771,49,1,514897,0,515130,0,1,0,0
185,10,2,4096,1,1,2,1,0,1,670814,1308181,37133,4286,666528,49,1,653822,0,654055,0,1,0,0
185,10,2,4096,1,1,3,1,1,2,1018172,1308181,37133,8469,1009703,49,1,984861,0,985094,0,1,0,0
185,10,2,4096,1,1,4,1,2,3,1185599,1308181,37133,12564,1173035,49,1,1156349,0,1156582,0,1,0,0
185,10,2,4096,1,1,5,1,3,4,1189689,1308181,37133,16664,1173025,49,1,1160404,0,1160637,0,1,0,0
185,10,2,4096,1,1,6,2,0,2,1001852,1308181,37133,20767,981085,49,1,968490,0,968723,0,1,0,0
185,10,2,4096,1,1,7,2,1,3,1218286,1308181,37133,24846,1193440,49,1,1188999,0,1189232,0,1,0,0
185,10,2,4096,1,1,8,2,2,4,1304062,1308181,37133,28948,1275114,49,1,1270690,0,1270923,0,1,0,0
185,10,2,4096,1,1,9,2,3,5,1308154,1308181,37133,33032,1275122,49,1,1270684,0,1270917,0,1,0,0
186,10,3,4096,1,1,0,0,2,2,531779,1308127,37107,7,531772,49,1,498590,0,498823,0,1,0,0
186,10,3,4096,1,1,1,0,3,3,535883,1308127,37107,121,535762,49,1,514887,0,515120,0,1,0,0
186,10,3,4096,1,1,2,1,0,1,670824,1308127,37107,4286,666538,49,1,653857,0,654090,0,1,0,0
186,10,3,4096,1,1,3,1,1,2,1018155,1308127,37107,8445,1009710,49,1,984860,0,985093,0,1,0,0
186,10,3,4096,1,1,4,1,2,3,1185575,1308127,37107,12540,1173035,49,1,1156350,0,1156583,0,1,0,0
186,10,3,4096,1,1,5,1,3,4,1189664,1308127,37107,16640,1173024,49,1,1160405,0,1160638,0,1,0,0
186,10,3,4096,1,1,6,2,0,2,1001827,1308127,37107,20743,981084,49,1,968489,0,968722,0,1,0,0
186,10,3,4096,1,1,7,2,1,3,1218245,1308127,37107,24822,1193423,49,1,1188985,0,1189218,0,1,0,0
186,10,3,4096,1,1,8,2,2,4,1304008,1308127,37107,28922,1275086,49,1,1270662,0,1270895,0,1,0,0
186,10,3,4096,1,1,9,2,3,5,1308100,1308127,37107,33006,1275094,49,1,1270656,0,1270889,0,1,0,0
187,13,1,4096,1,1,0,0,2,2,531780,1700483,49417,7,531773,49,1,523140,0,523373,0,1,0,0
187,13,1,4096,1,1,1,0,3,3,584906,1700483,49417,121,584785,49,1,535319,0,535552,0,1,0,0
187,13,1,4096,1,1,2,1,0,1,678951,1700483,49417,4288,674663,49,1,661997,0,662230,0,1,0,0
187,13,1,4096,1,1,3,1,1,2,1009873,1700483,49417,8448,1001425,49,1,976566,0,976799,0,1,0,0
187,13,1,4096,1,1,4,1,2,3,1197817,1700483,49417,12543,1185274,49,1,1148139,0,1148372,0,1,0,0
187,13,1,4096,1,1,5,1,3,4,1201899,1700483,49417,16643,1185256,49,1,1152203,0,1152436,0,1,0,0
187,13,1,4096,1,1,6,2,0,2,1169209,1700483,49417,20746,1148463,49,1,1144045,0,1144278,0,1,0,0
187,13,1,4096,1,1,7,2,1,3,1524598,1700483,49417,24825,1499773,49,1,1487158,0,1487391,0,1,0,0
187,13,1,4096,1,1,8,2,2,4,1696060,1700483,49417,28928,1667132,49,1,1654541,0,1654774,0,1,0,0
187,13,1,4096,1,1,9,2,3,5,1700169,1700483,49417,33012,1667157,49,1,1658612,0,1658845,0,1,0,0
187,13,1,4096,1,1,10,3,0,3,1536844,1700483,49417,37107,1499737,49,1,1478949,0,1479182,0,1,0,0
187,13,1,4096,1,1,11,3,1,4,1700316,1700483,49417,41224,1659092,49,1,1646328,0,1646561,0,1,0,0
187,13,1,4096,1,1,12,3,2,5,1700456,1700483,49417,45311,1655145,49,1,1650388,0,1650621,0,1,0,0
188,13,2,4096,1,1,0,0,2,2,531833,1700669,49411,7,531826,49,1,523193,0,523426,0,1,0,0
188,13,2,4096,1,1,1,0,3,3,584965,1700669,49411,121,584844,49,1,535395,0,535628,0,1,0,0
188,13,2,4096,1,1,2,1,0,1,679058,1700669,49411,4286,674772,49,1,662083,0,662316,0,1,0,0
188,13,2,4096,1,1,3,1,1,2,1010032,1700669,49411,8445,1001587,49,1,976723,0,976956,0,1,0,0
188,13,2,4096,1,1,4,1,2,3,1197970,1700669,49411,12540,1185430,49,1,1148300,0,1148533,0,1,0,0
188,13,2,4096,1,1,5,1,3,4,1202053,1700669,49411,16641,1185412,49,1,1152364,0,1152597,0,1,0,0
188,13,2,4096,1,1,6,2,0,2,1169368,1700669,49411,20744,1148624,49,1,1144206,0,1144439,0,1,0,0
188,13,2,4096,1,1,7,2,1,3,1524776,1700669,49411,24823,1499953,49,1,1487340,0,1487573,0,1,0,0
188,13,2,4096,1,1,8,2,2,4,1696246,1700669,49411,28923,1667323,49,1,1654732,0,1654965,0,1,0,0
188,13,2,4096,1,1,9,2,3,5,1700355,1700669,49411,33007,1667348,49,1,1658803,0,1659036,0,1,0,0
188,13,2,4096,1,1,10,3,0,3,1537024,1700669,49411,37102,1499922,49,1,1479133,0,1479366,0,1,0,0
188,13,2,4096,1,1,11,3,1,4,1700502,1700669,49411,41218,1659284,49,1,1646520,0,1646753,0,1,0,0
188,13,2,4096,1,1,12,3,2,5,1700642,1700669,49411,45305,1655337,49,1,1650580,0,1650813,0,1,0,0
189,13,3,4096,1,1,0,0,2,2,531777,1700555,49390,7,531770,49,1,523133,0,523366,0,1,0,0
189,13,3,4096,1,1,1,0,3,3,584924,1700555,49390,121,584803,49,1,535321,0,535554,0,1,0,0
189,13,3,4096,1,1,2,1,0,1,678959,1700555,49390,4284,674675,49,1,662009,0,662242,0,1,0,0
189,13,3,4096,1,1,3,1,1,2,1009923,1700555,49390,8445,1001478,49,1,976640,0,976873,0,1,0,0
189,13,3,4096,1,1,4,1,2,3,1197835,1700555,49390,12540,1185295,49,1,1148189,0,1148422,0,1,0,0
189,13,3,4096,1,1,5,1,3,4,1201918,1700555,49390,16640,1185278,49,1,1152253,0,1152486,0,1,0,0
189,13,3,4096,1,1,6,2,0,2,1169256,1700555,49390,20743,1148513,49,1,1144095,0,1144328,0,1,0,0
189,13,3,4096,1,1,7,2,1,3,1524674,1700555,49390,24822,1499852,49,1,1487242,0,1487475,0,1,0,0
189,13,3,4096,1,1,8,2,2,4,1696158,1700555,49390,28922,1667236,49,1,1654645,0,1654878,0,1,0,0
189,13,3,4096,1,1,9,2,3,5,1700240,1700555,49390,33006,1667234,49,1,1658716,0,1658949,0,1,0,0
189,13,3,4096,1,1,10,3,0,3,1536923,1700555,49390,37101,1499822,49,1,1479054,0,1479287,0,1,0,0
189,13,3,4096,1,1,11,3,1,4,1700388,1700555,49390,41198,1659190,49,1,1646453,0,1646686,0,1,0,0
189,13,3,4096,1,1,12,3,2,5,1700528,1700555,49390,45284,1655244,49,1,1650513,0,1650746,0,1,0,0
190,1,1,16384,1,1,0,0,2,2,131562,131584,121,7,131555,8,1,131289,0,131354,0,1,0,0
191,1,2,16384,1,1,0,0,2,2,131539,131561,121,7,131532,8,1,131266,0,131331,0,1,0,0
192,1,3,16384,1,1,0,0,2,2,131539,131561,121,7,131532,8,1,131266,0,131331,0,1,0,0
193,2,1,16384,1,1,0,0,2,2,229564,262424,16580,7,229557,8,1,229275,0,229340,0,1,0,0
193,2,1,16384,1,1,1,0,3,3,262397,262424,16580,126,262271,8,1,245669,0,245734,0,1,0,0
194,2,2,16384,1,1,0,0,2,2,229589,262449,16583,7,229582,8,1,229300,0,229365,0,1,0,0
194,2,2,16384,1,1,1,0,3,3,262422,262449,16583,126,262296,8,1,245691,0,245756,0,1,0,0
195,2,3,16384,1,1,0,0,2,2,229565,262427,16580,7,229558,8,1,229276,0,229341,0,1,0,0
195,2,3,16384,1,1,1,0,3,3,262400,262427,16580,126,262274,8,1,245670,0,245735,0,1,0,0
196,4,1,16384,1,1,0,0,2,2,393347,524411,49412,7,393340,8,1,393058,0,393123,0,1,0,0
196,4,1,16384,1,1,1,0,3,3,458858,524411,49412,121,458737,8,1,442114,0,442179,0,1,0,0
196,4,1,16384,1,1,2,1,0,1,508007,524411,49412,16574,491433,8,1,474813,0,474878,0,1,0,0
196,4,1,16384,1,1,3,1,1,2,524384,524411,49412,33023,491361,8,1,474807,0,474872,0,1,0,0
197,4,2,16384,1,1,0,0,2,2,393344,524422,49417,7,393337,8,1,393055,0,393120,0,1,0,0
197,4,2,16384,1,1,1,0,3,3,458847,524422,49417,121,458726,8,1,442090,0,442155,0,1,0,0
197,4,2,16384,1,1,2,1,0,1,508016,524422,49417,16581,491435,8,1,474818,0,474883,0,1,0,0
197,4,2,16384,1,1,3,1,1,2,524395,524422,49417,33028,491367,8,1,474813,0,474878,0,1,0,0
198,4,3,16384,1,1,0,0,2,2,393356,524411,49410,7,393349,8,1,393067,0,393132,0,1,0,0
198,4,3,16384,1,1,1,0,3,3,458852,524411,49410,121,458731,8,1,442108,0,442173,0,1,0,0
198,4,3,16384,1,1,2,1,0,1,508012,524411,49410,16574,491438,8,1,474808,0,474873,0,1,0,0
198,4,3,16384,1,1,3,1,1,2,524384,524411,49410,33021,491363,8,1,474809,0,474874,0,1,0,0
199,6,1,16384,1,1,0,0,2,2,393336,786417,82191,7,393329,10,1,393047,0,393112,0,1,0,0
199,6,1,16384,1,1,1,0,3,3,491603,786417,82191,121,491482,10,1,442105,0,442170,0,1,0,0
199,6,1,16384,1,1,2,1,0,1,573499,786417,82191,16574,556925,10,1,540308,0,540373,0,1,0,0
199,6,1,16384,1,1,3,1,1,2,688131,786417,82191,33023,655108,10,1,638557,0,638622,0,1,0,0
199,6,1,16384,1,1,4,1,2,3,770010,786417,82191,49406,720604,10,1,704045,0,704110,0,1,0,0
199,6,1,16384,1,1,5,1,3,4,786390,786417,82191,65794,720596,10,1,704030,0,704095,0,1,0,0
200,6,2,16384,1,1,0,0,2,2,393361,786454,82206,7,393354,10,1,393072,0,393137,0,1,0,0
200,6,2,16384,1,1,1,0,3,3,491614,786454,82206,121,491493,10,1,442120,0,442185,0,1,0,0
200,6,2,16384,1,1,2,1,0,1,573519,786454,82206,16572,556947,10,1,540331,0,540396,0,1,0,0
200,6,2,16384,1,1,3,1,1,2,688155,786454,82206,33019,655136,10,1,638565,0,638630,0,1,0,0
200,6,2,16384,1,1,4,1,2,3,770027,786454,82206,49421,720606,10,1,704049,0,704114,0,1,0,0
200,6,2,16384,1,1,5,1,3,4,786427,786454,82206,65809,720618,10,1,704034,0,704099,0,1,0,0
201,6,3,16384,1,1,0,0,2,2,393354,786427,82189,7,393347,10,1,393065,0,393130,0,1,0,0
201,6,3,16384,1,1,1,0,3,3,491613,786427,82189,121,491492,10,1,442117,0,442182,0,1,0,0
201,6,3,16384,1,1,2,1,0,1,573521,786427,82189,16574,556947,10,1,540318,0,540383,0,1,0,0
201,6,3,16384,1,1,3,1,1,2,688140,786427,82189,33021,655119,10,1,638568,0,638633,0,1,0,0
201,6,3,16384,1,1,4,1,2,3,770019,786427,82189,49404,720615,10,1,704057,0,704122,0,1,0,0
201,6,3,16384,1,1,5,1,3,4,786400,786427,82189,65792,720608,10,1,704042,0,704107,0,1,0,0
202,8,1,16384,1,1,0,0,2,2,393365,1048437,114946,7,393358,10,1,393076,0,393141,0,1,0,0
202,8,1,16384,1,1,1,0,3,3,524359,1048437,114946,121,524238,10,1,442110,0,442175,0,1,0,0
202,8,1,16384,1,1,2,1,0,1,639000,1048437,114946,16574,622426,10,1,589433,0,589498,0,1,0,0
202,8,1,16384,1,1,3,1,1,2,982875,1048437,114946,33021,949854,10,1,884183,0,884248,0,1,0,0
202,8,1,16384,1,1,4,1,2,3,1032004,1048437,114946,49404,982600,10,1,966042,0,966107,0,1,0,0
202,8,1,16384,1,1,5,1,3,4,1048385,1048437,114946,65792,982593,10,1,966025,0,966090,0,1,0,0
202,8,1,16384,1,1,6,2,0,2,950132,1048437,114946,82185,867947,10,1,818657,0,818722,0,1,0,0
202,8,1,16384,1,1,7,2,1,3,966502,1048437,114946,98552,867950,10,1,835019,0,835084,0,1,0,0
203,8,2,16384,1,1,0,0,2,2,393370,1048463,114955,7,393363,10,1,393081,0,393146,0,1,0,0
203,8,2,16384,1,1,1,0,3,3,524379,1048463,114955,121,524258,10,1,442104,0,442169,0,1,0,0
203,8,2,16384,1,1,2,1,0,1,639020,1048463,114955,16585,622435,10,1,589436,0,589501,0,1,0,0
203,8,2,16384,1,1,3,1,1,2,982900,1048463,114955,33032,949868,10,1,884194,0,884259,0,1,0,0
203,8,2,16384,1,1,4,1,2,3,1032029,1048463,114955,49415,982614,10,1,966057,0,966122,0,1,0,0
203,8,2,16384,1,1,5,1,3,4,1048411,1048463,114955,65803,982608,10,1,966042,0,966107,0,1,0,0
203,8,2,16384,1,1,6,2,0,2,950152,1048463,114955,82194,867958,10,1,818669,0,818734,0,1,0,0
203,8,2,16384,1,1,7,2,1,3,966526,1048463,114955,98562,867964,10,1,835031,0,835096,0,1,0,0
204,8,3,16384,1,1,0,0,2,2,393400,1048477,114969,7,393393,10,1,393111,0,393176,0,1,0,0
204,8,3,16384,1,1,1,0,3,3,524397,1048477,114969,121,524276,10,1,442146,0,442211,0,1,0,0
204,8,3,16384,1,1,2,1,0,1,639031,1048477,114969,16574,622457,10,1,589465,0,589530,0,1,0,0
204,8,3,16384,1,1,3,1,1,2,982913,1048477,114969,33021,949892,10,1,884194,0,884259,0,1,0,0
204,8,3,16384,1,1,4,1,2,3,1032043,1048477,114969,49430,982613,10,1,966056,0,966121,0,1,0,0
204,8,3,16384,1,1,5,1,3,4,1048425,1048477,114969,65817,982608,10,1,966042,0,966107,0,1,0,0
204,8,3,16384,1,1,6,2,0,2,950172,1048477,114969,82208,867964,10,1,818671,0,818736,0,1,0,0
204,8,3,16384,1,1,7,2,1,3,966540,1048477,114969,98575,867965,10,1,835033,0,835098,0,1,0,0
205,10,1,16384,1,1,0,0,2,2,491614,1310327,147717,7,491607,11,1,393087,0,393152,0,1,0,0
205,10,1,16384,1,1,1,0,3,3,508007,1310327,147717,121,507886,11,1,442117,0,442182,0,1,0,0
205,10,1,16384,1,1,2,1,0,1,655378,1310327,147717,16574,638804,11,1,589437,0,589502,0,1,0,0
205,10,1,16384,1,1,3,1,1,2,1015567,1310327,147717,33021,982546,11,1,900521,0,900586,0,1,0,0
205,10,1,16384,1,1,4,1,2,3,1130170,1310327,147717,49404,1080766,11,1,1047844,0,1047909,0,1,0,0
205,10,1,16384,1,1,5,1,3,4,1146561,1310327,147717,65792,1080769,11,1,1064184,0,1064249,0,1,0,0
205,10,1,16384,1,1,6,2,0,2,1064689,1310327,147717,82183,982506,11,1,933228,0,933293,0,1,0,0
205,10,1,16384,1,1,7,2,1,3,1212051,1310327,147717,98550,1113501,11,1,1096940,0,1097005,0,1,0,0
205,10,1,16384,1,1,8,2,2,4,1293936,1310327,147717,114940,1178996,11,1,1162413,0,1162478,0,1,0,0
205,10,1,16384,1,1,9,2,3,5,1310300,1310327,147717,131328,1178972,11,1,1162413,0,1162478,0,1,0,0
206,10,2,16384,1,1,0,0,2,2,491615,1310349,147716,7,491608,11,1,393079,0,393144,0,1,0,0
206,10,2,16384,1,1,1,0,3,3,508004,1310349,147716,121,507883,11,1,442118,0,442183,0,1,0,0
206,10,2,16384,1,1,2,1,0,1,655379,1310349,147716,16574,638805,11,1,589437,0,589502,0,1,0,0
206,10,2,16384,1,1,3,1,1,2,1015575,1310349,147716,33021,982554,11,1,900529,0,900594,0,1,0,0
206,10,2,16384,1,1,4,1,2,3,1130203,1310349,147716,49404,1080799,11,1,1047875,0,1047940,0,1,0,0
206,10,2,16384,1,1,5,1,3,4,1146573,1310349,147716,65792,1080781,11,1,1064215,0,1064280,0,1,0,0
206,10,2,16384,1,1,6,2,0,2,1064720,1310349,147716,82183,982537,11,1,933232,0,933297,0,1,0,0
206,10,2,16384,1,1,7,2,1,3,1212063,1310349,147716,98550,1113513,11,1,1096955,0,1097020,0,1,0,0
206,10,2,16384,1,1,8,2,2,4,1293925,1310349,147716,114938,1178987,11,1,1162443,0,1162508,0,1,0,0
206,10,2,16384,1,1,9,2,3,5,1310322,1310349,147716,131310,1179012,11,1,1162420,0,1162485,0,1,0,0
207,10,3,16384,1,1,0,0,2,2,491627,1310347,147699,7,491620,11,1,393076,0,393141,0,1,0,0
207,10,3,16384,1,1,1,0,3,3,508016,1310347,147699,121,507895,11,1,442108,0,442173,0,1,0,0
207,10,3,16384,1,1,2,1,0,1,655403,1310347,147699,16574,638829,11,1,589460,0,589525,0,1,0,0
207,10,3,16384,1,1,3,1,1,2,1015613,1310347,147699,33021,982592,11,1,900565,0,900630,0,1,0,0
207,10,3,16384,1,1,4,1,2,3,1130214,1310347,147699,49406,1080808,11,1,1047886,0,1047951,0,1,0,0
207,10,3,16384,1,1,5,1,3,4,1146586,1310347,147699,65793,1080793,11,1,1064227,0,1064292,0,1,0,0
207,10,3,16384,1,1,6,2,0,2,1064731,1310347,147699,82184,982547,11,1,933269,0,933334,0,1,0,0
207,10,3,16384,1,1,7,2,1,3,1212075,1310347,147699,98551,1113524,11,1,1096967,0,1097032,0,1,0,0
207,10,3,16384,1,1,8,2,2,4,1293938,1310347,147699,114939,1178999,11,1,1162455,0,1162520,0,1,0,0
207,10,3,16384,1,1,9,2,3,5,1310320,1310347,147699,131311,1179009,11,1,1162450,0,1162515,0,1,0,0
208,13,1,16384,1,1,0,0,2,2,426171,1703534,196861,7,426164,11,1,393128,0,393193,0,1,0,0
208,13,1,16384,1,1,1,0,3,3,639060,1703534,196861,121,638939,11,1,442166,0,442231,0,1,0,0
208,13,1,16384,1,1,2,1,0,1,655444,1703534,196861,16572,638872,11,1,589493,0,589558,0,1,0,0
208,13,1,16384,1,1,3,1,1,2,999308,1703534,196861,33019,966289,11,1,900612,0,900677,0,1,0,0
208,13,1,16384,1,1,4,1,2,3,1163039,1703534,196861,49402,1113637,11,1,1047963,0,1048028,0,1,0,0
208,13,1,16384,1,1,5,1,3,4,1179419,1703534,196861,65790,1113629,11,1,1064311,0,1064376,0,1,0,0
208,13,1,16384,1,1,6,2,0,2,1195794,1703534,196861,82181,1113613,11,1,1064321,0,1064386,0,1,0,0
208,13,1,16384,1,1,7,2,1,3,1506912,1703534,196861,98548,1408364,11,1,1375430,0,1375495,0,1,0,0
208,13,1,16384,1,1,8,2,2,4,1670633,1703534,196861,114936,1555697,11,1,1522764,0,1522829,0,1,0,0
208,13,1,16384,1,1,9,2,3,5,1687006,1703534,196861,131308,1555698,11,1,1539138,0,1539203,0,1,0,0
208,13,1,16384,1,1,10,3,0,3,1556029,1703534,196861,147691,1408338,11,1,1342668,0,1342733,0,1,0,0
208,13,1,16384,1,1,11,3,1,4,1703367,1703534,196861,164074,1539293,11,1,1489994,0,1490059,0,1,0,0
208,13,1,16384,1,1,12,3,2,5,1703507,1703534,196861,180467,1523040,11,1,1506342,0,1506407,0,1,0,0
209,13,2,16384,1,1,0,0,2,2,426160,1703508,196880,7,426153,11,1,393117,0,393182,0,1,0,0
209,13,2,16384,1,1,1,0,3,3,639040,1703508,196880,121,638919,11,1,442155,0,442220,0,1,0,0
209,13,2,16384,1,1,2,1,0,1,655424,1703508,196880,16572,638852,11,1,589472,0,589537,0,1,0,0
209,13,2,16384,1,1,3,1,1,2,999282,1703508,196880,33019,966263,11,1,900570,0,900635,0,1,0,0
209,13,2,16384,1,1,4,1,2,3,1163014,1703508,196880,49418,1113596,11,1,1047921,0,1047986,0,1,0,0
209,13,2,16384,1,1,5,1,3,4,1179393,1703508,196880,65806,1113587,11,1,1064269,0,1064334,0,1,0,0
209,13,2,16384,1,1,6,2,0,2,1195768,1703508,196880,82197,1113571,11,1,1064279,0,1064344,0,1,0,0
209,13,2,16384,1,1,7,2,1,3,1506887,1703508,196880,98564,1408323,11,1,1375389,0,1375454,0,1,0,0
209,13,2,16384,1,1,8,2,2,4,1670607,1703508,196880,114952,1555655,11,1,1522722,0,1522787,0,1,0,0
209,13,2,16384,1,1,9,2,3,5,1686980,1703508,196880,131324,1555656,11,1,1539096,0,1539161,0,1,0,0
209,13,2,16384,1,1,10,3,0,3,1556004,1703508,196880,147707,1408297,11,1,1342627,0,1342692,0,1,0,0
209,13,2,16384,1,1,11,3,1,4,1703341,1703508,196880,164090,1539251,11,1,1489970,0,1490035,0,1,0,0
209,13,2,16384,1,1,12,3,2,5,1703481,1703508,196880,180465,1523016,11,1,1506297,0,1506362,0,1,0,0
210,13,3,16384,1,1,0,0,2,2,426137,1703464,196863,7,426130,11,1,393094,0,393159,0,1,0,0
210,13,3,16384,1,1,1,0,3,3,639017,1703464,196863,121,638896,11,1,442142,0,442207,0,1,0,0
210,13,3,16384,1,1,2,1,0,1,655401,1703464,196863,16574,638827,11,1,589446,0,589511,0,1,0,0
210,13,3,16384,1,1,3,1,1,2,999252,1703464,196863,33021,966231,11,1,900554,0,900619,0,1,0,0
210,13,3,16384,1,1,4,1,2,3,1162982,1703464,196863,49404,1113578,11,1,1047905,0,1047970,0,1,0,0
210,13,3,16384,1,1,5,1,3,4,1179363,1703464,196863,65792,1113571,11,1,1064253,0,1064318,0,1,0,0
210,13,3,16384,1,1,6,2,0,2,1195758,1703464,196863,82183,1113575,11,1,1064263,0,1064328,0,1,0,0
210,13,3,16384,1,1,7,2,1,3,1506842,1703464,196863,98550,1408292,11,1,1375356,0,1375421,0,1,0,0
210,13,3,16384,1,1,8,2,2,4,1670564,1703464,196863,114938,1555626,11,1,1522708,0,1522773,0,1,0,0
210,13,3,16384,1,1,9,2,3,5,1686935,1703464,196863,131310,1555625,11,1,1539067,0,1539132,0,1,0,0
210,13,3,16384,1,1,10,3,0,3,1555955,1703464,196863,147693,1408262,11,1,1342576,0,1342641,0,1,0,0
210,13,3,16384,1,1,11,3,1,4,1703298,1703464,196863,164094,1539204,11,1,1489923,0,1489988,0,1,0,0
210,13,3,16384,1,1,12,3,2,5,1703437,1703464,196863,180469,1522968,11,1,1506271,0,1506336,0,1,0,0
211,1,1,8,1,0,0,0,2,2,453785,453807,123,7,453778,3352,1,371630,0,453559,0,1,0,0
212,1,2,8,1,0,0,0,2,2,453746,453768,121,7,453739,3352,1,371593,0,453522,0,1,0,0
213,1,3,8,1,0,0,0,2,2,453793,453815,121,7,453786,3352,1,371606,0,453535,0,1,0,0
214,2,1,8,1,0,0,0,2,2,498885,499057,244,7,498878,1640,1,416715,0,498644,0,1,0,0
214,2,1,8,1,0,1,0,3,3,499030,499057,244,127,498903,1640,1,416748,0,498677,0,1,0,0
215,2,2,8,1,0,0,0,2,2,499137,499310,243,7,499130,1639,1,416932,0,498861,0,1,0,0
215,2,2,8,1,0,1,0,3,3,499283,499310,243,126,499157,1639,1,416964,0,498893,0,1,0,0
216,2,3,8,1,0,0,0,2,2,499169,499341,243,7,499162,1639,1,416945,0,498874,0,1,0,0
216,2,3,8,1,0,1,0,3,3,499314,499341,243,126,499188,1639,1,416977,0,498906,0,1,0,0
217,4,1,8,1,0,0,0,2,2,504390,504849,463,7,504383,966,1,422170,0,504099,0,1,0,0
217,4,1,8,1,0,1,0,3,3,504544,504849,463,121,504423,966,1,422222,0,504151,0,1,0,0
217,4,1,8,1,0,2,1,0,1,504684,504849,463,232,504452,966,1,422199,0,504128,0,1,0,0
217,4,1,8,1,0,3,1,1,2,504822,504849,463,343,504479,966,1,422201,0,504130,0,1,0,0
218,4,2,8,1,0,0,0,2,2,504378,504571,477,7,504371,966,1,421774,0,503703,0,1,0,0
218,4,2,8,1,0,1,0,3,3,504519,504571,477,121,504398,966,1,421822,0,503751,0,1,0,0
218,4,2,8,1,0,2,1,0,1,504090,504571,477,246,503844,966,1,421777,0,503706,0,1,0,0
218,4,2,8,1,0,3,1,1,2,504237,504571,477,357,503880,966,1,421773,0,503702,0,1,0,0
219,4,3,8,1,0,0,0,2,2,504332,504776,466,7,504325,966,1,421773,0,503702,0,1,0,0
219,4,3,8,1,0,1,0,3,3,504474,504776,466,121,504353,966,1,421846,0,503775,0,1,0,0
219,4,3,8,1,0,2,1,0,1,504612,504776,466,232,504380,966,1,421828,0,503757,0,1,0,0
219,4,3,8,1,0,3,1,1,2,504749,504776,466,345,504404,966,1,421833,0,503762,0,1,0,0
220,6,1,8,1,0,0,0,2,2,529511,530237,709,7,529504,669,1,446903,0,528832,0,1,0,0
220,6,1,8,1,0,1,0,3,3,529656,530237,709,121,529535,669,1,446984,0,528913,0,1,0,0
220,6,1,8,1,0,2,1,0,1,529795,530237,709,232,529563,669,1,446938,0,528867,0,1,0,0
220,6,1,8,1,0,3,1,1,2,529932,530237,709,343,529589,669,1,446937,0,528866,0,1,0,0
220,6,1,8,1,0,4,1,2,3,530071,530237,709,473,529598,669,1,446978,0,528907,0,1,0,0
220,6,1,8,1,0,5,1,3,4,530210,530237,709,588,529622,669,1,446926,0,528855,0,1,0,0
221,6,2,8,1,0,0,0,2,2,530259,530985,702,7,530252,670,1,447651,0,529580,0,1,0,0
221,6,2,8,1,0,1,0,3,3,530404,530985,702,121,530283,670,1,447732,0,529661,0,1,0,0
221,6,2,8,1,0,2,1,0,1,530543,530985,702,232,530311,670,1,447686,0,529615,0,1,0,0
221,6,2,8,1,0,3,1,1,2,530680,530985,702,343,530337,670,1,447701,0,529630,0,1,0,0
221,6,2,8,1,0,4,1,2,3,530819,530985,702,457,530362,670,1,447733,0,529662,0,1,0,0
221,6,2,8,1,0,5,1,3,4,530958,530985,702,581,530377,670,1,447681,0,529610,0,1,0,0
222,6,3,8,1,0,0,0,2,2,531077,531668,696,7,531070,671,1,448249,0,530178,0,1,0,0
222,6,3,8,1,0,1,0,3,3,531214,531668,696,121,531093,671,1,448328,0,530257,0,1,0,0
222,6,3,8,1,0,2,1,0,1,531352,531668,696,232,531120,671,1,448314,0,530243,0,1,0,0
222,6,3,8,1,0,3,1,1,2,531489,531668,696,343,531146,671,1,448324,0,530253,0,1,0,0
222,6,3,8,1,0,4,1,2,3,531627,531668,696,457,531170,671,1,448282,0,530211,0,1,0,0
222,6,3,8,1,0,5,1,3,4,530929,531668,696,573,530356,671,1,448281,0,530210,0,1,0,0
223,8,1,8,1,0,0,0,2,2,572722,573774,938,7,572715,513,1,490098,0,572027,0,1,0,0
223,8,1,8,1,0,1,0,3,3,572887,573774,938,124,572763,513,1,490172,0,572101,0,1,0,0
223,8,1,8,1,0,2,1,0,1,573055,573774,938,235,572820,513,1,490155,0,572084,0,1,0,0
223,8,1,8,1,0,3,1,1,2,573192,573774,938,346,572846,513,1,490176,0,572105,0,1,0,0
223,8,1,8,1,0,4,1,2,3,573330,573774,938,460,572870,513,1,490193,0,572122,0,1,0,0
223,8,1,8,1,0,5,1,3,4,573469,573774,938,584,572885,513,1,490187,0,572116,0,1,0,0
223,8,1,8,1,0,6,2,0,2,573608,573774,938,699,572909,513,1,490133,0,572062,0,1,0,0
223,8,1,8,1,0,7,2,1,3,573747,573774,938,815,572932,513,1,490112,0,572041,0,1,0,0
224,8,2,8,1,0,0,0,2,2,572730,573753,951,7,572723,513,1,490098,0,572027,0,1,0,0
224,8,2,8,1,0,1,0,3,3,572890,573753,951,121,572769,513,1,490172,0,572101,0,1,0,0
224,8,2,8,1,0,2,1,0,1,573031,573753,951,232,572799,513,1,490134,0,572063,0,1,0,0
224,8,2,8,1,0,3,1,1,2,573172,573753,951,343,572829,513,1,490179,0,572108,0,1,0,0
224,8,2,8,1,0,4,1,2,3,573310,573753,951,457,572853,513,1,490208,0,572137,0,1,0,0
224,8,2,8,1,0,5,1,3,4,573449,573753,951,573,572876,513,1,490177,0,572106,0,1,0,0
224,8,2,8,1,0,6,2,0,2,573588,573753,951,712,572876,513,1,490123,0,572052,0,1,0,0
224,8,2,8,1,0,7,2,1,3,573726,573753,951,828,572898,513,1,490099,0,572028,0,1,0,0
225,8,3,8,1,0,0,0,2,2,572709,573737,950,7,572702,513,1,490115,0,572044,0,1,0,0
225,8,3,8,1,0,1,0,3,3,572875,573737,950,121,572754,513,1,490189,0,572118,0,1,0,0
225,8,3,8,1,0,2,1,0,1,573018,573737,950,232,572786,513,1,490151,0,572080,0,1,0,0
225,8,3,8,1,0,3,1,1,2,573155,573737,950,343,572812,513,1,490172,0,572101,0,1,0,0
225,8,3,8,1,0,4,1,2,3,573294,573737,950,457,572837,513,1,490191,0,572120,0,1,0,0
225,8,3,8,1,0,5,1,3,4,573433,573737,950,572,572861,513,1,490186,0,572115,0,1,0,0
225,8,3,8,1,0,6,2,0,2,573572,573737,950,687,572885,513,1,490107,0,572036,0,1,0,0
225,8,3,8,1,0,7,2,1,3,573710,573737,950,827,572883,513,1,490087,0,572016,0,1,0,0
226,10,1,8,1,0,0,0,2,2,628974,630290,1158,7,628967,435,1,546030,0,627959,0,1,0,0
226,10,1,8,1,0,1,0,3,3,629134,630290,1158,121,629013,435,1,546151,0,628080,0,1,0,0
226,10,1,8,1,0,2,1,0,1,629275,630290,1158,232,629043,435,1,546109,0,628038,0,1,0,0
226,10,1,8,1,0,3,1,1,2,629413,630290,1158,343,629070,435,1,546170,0,628099,0,1,0,0
226,10,1,8,1,0,4,1,2,3,629550,630290,1158,458,629092,435,1,546188,0,628117,0,1,0,0
226,10,1,8,1,0,5,1,3,4,629689,630290,1158,574,629115,435,1,546186,0,628115,0,1,0,0
226,10,1,8,1,0,6,2,0,2,629828,630290,1158,689,629139,435,1,546136,0,628065,0,1,0,0
226,10,1,8,1,0,7,2,1,3,629985,630290,1158,805,629180,435,1,546119,0,628048,0,1,0,0
226,10,1,8,1,0,8,2,2,4,630124,630290,1158,919,629205,435,1,546098,0,628027,0,1,0,0
226,10,1,8,1,0,9,2,3,5,630263,630290,1158,1035,629228,435,1,546047,0,627976,0,1,0,0
227,10,2,8,1,0,0,0,2,2,624696,626033,1158,7,624689,432,1,541866,0,623795,0,1,0,0
227,10,2,8,1,0,1,0,3,3,624882,626033,1158,121,624761,432,1,541980,0,623909,0,1,0,0
227,10,2,8,1,0,2,1,0,1,625031,626033,1158,232,624799,432,1,541973,0,623902,0,1,0,0
227,10,2,8,1,0,3,1,1,2,625171,626033,1158,343,624828,432,1,542012,0,623941,0,1,0,0
227,10,2,8,1,0,4,1,2,3,625309,626033,1158,457,624852,432,1,542025,0,623954,0,1,0,0
227,10,2,8,1,0,5,1,3,4,625448,626033,1158,573,624875,432,1,542053,0,623982,0,1,0,0
227,10,2,8,1,0,6,2,0,2,625588,626033,1158,688,624900,432,1,541997,0,623926,0,1,0,0
227,10,2,8,1,0,7,2,1,3,625726,626033,1158,804,624922,432,1,542011,0,623940,0,1,0,0
227,10,2,8,1,0,8,2,2,4,625865,626033,1158,921,624944,432,1,541959,0,623888,0,1,0,0
227,10,2,8,1,0,9,2,3,5,626006,626033,1158,1035,624971,432,1,541948,0,623877,0,1,0,0
228,10,3,8,1,0,0,0,2,2,624122,625485,1182,7,624115,432,1,541667,0,623596,0,1,0,0
228,10,3,8,1,0,1,0,3,3,624289,625485,1182,121,624168,432,1,541783,0,623712,0,1,0,0
228,10,3,8,1,0,2,1,0,1,624448,625485,1182,232,624216,432,1,541745,0,623674,0,1,0,0
228,10,3,8,1,0,3,1,1,2,624607,625485,1182,343,624264,432,1,541784,0,623713,0,1,0,0
228,10,3,8,1,0,4,1,2,3,624760,625485,1182,457,624303,432,1,541817,0,623746,0,1,0,0
228,10,3,8,1,0,5,1,3,4,624902,625485,1182,572,624330,432,1,541822,0,623751,0,1,0,0
228,10,3,8,1,0,6,2,0,2,625041,625485,1182,687,624354,432,1,541765,0,623694,0,1,0,0
228,10,3,8,1,0,7,2,1,3,625179,625485,1182,803,624376,432,1,541783,0,623712,0,1,0,0
228,10,3,8,1,0,8,2,2,4,625318,625485,1182,920,624398,432,1,541712,0,623641,0,1,0,0
228,10,3,8,1,0,9,2,3,5,625458,625485,1182,1059,624399,432,1,541693,0,623622,0,1,0,0
229,13,1,8,1,0,0,0,2,2,810216,813587,1548,7,810209,432,1,727012,0,808941,0,1,0,0
229,13,1,8,1,0,1,0,3,3,810383,813587,1548,121,810262,432,1,727095,0,809024,0,1,0,0
229,13,1,8,1,0,2,1,0,1,812133,813587,1548,232,811901,432,1,728909,0,810838,0,1,0,0
229,13,1,8,1,0,3,1,1,2,812285,813587,1548,343,811942,432,1,729035,0,810964,0,1,0,0
229,13,1,8,1,0,4,1,2,3,812425,813587,1548,473,811952,432,1,729095,0,811024,0,1,0,0
229,13,1,8,1,0,5,1,3,4,812564,813587,1548,588,811976,432,1,729105,0,811034,0,1,0,0
229,13,1,8,1,0,6,2,0,2,812703,813587,1548,703,812000,432,1,729077,0,811006,0,1,0,0
229,13,1,8,1,0,7,2,1,3,812863,813587,1548,819,812044,432,1,729080,0,811009,0,1,0,0
229,13,1,8,1,0,8,2,2,4,813002,813587,1548,936,812066,432,1,729015,0,810944,0,1,0,0
229,13,1,8,1,0,9,2,3,5,813141,813587,1548,1074,812067,432,1,728993,0,810922,0,1,0,0
229,13,1,8,1,0,10,3,0,3,813281,813587,1548,1191,812090,432,1,728938,0,810867,0,1,0,0
229,13,1,8,1,0,11,3,1,4,813420,813587,1548,1307,812113,432,1,728904,0,810833,0,1,0,0
229,13,1,8,1,0,12,3,2,5,813560,813587,1548,1425,812135,432,1,728863,0,810792,0,1,0,0
230,13,2,8,1,0,0,0,2,2,810535,813941,1512,7,810528,432,1,727485,0,809414,0,1,0,0
230,13,2,8,1,0,1,0,3,3,810705,813941,1512,121,810584,432,1,727568,0,809497,0,1,0,0
230,13,2,8,1,0,2,1,0,1,812476,813941,1512,232,812244,432,1,729571,0,811500,0,1,0,0
230,13,2,8,1,0,3,1,1,2,812626,813941,1512,343,812283,432,1,729662,0,811591,0,1,0,0
230,13,2,8,1,0,4,1,2,3,812780,813941,1512,457,812323,432,1,729676,0,811605,0,1,0,0
230,13,2,8,1,0,5,1,3,4,812935,813941,1512,573,812362,432,1,729667,0,811596,0,1,0,0
230,13,2,8,1,0,6,2,0,2,813075,813941,1512,693,812382,432,1,729672,0,811601,0,1,0,0
230,13,2,8,1,0,7,2,1,3,813213,813941,1512,810,812403,432,1,729665,0,811594,0,1,0,0
230,13,2,8,1,0,8,2,2,4,813352,813941,1512,926,812426,432,1,729646,0,811575,0,1,0,0
230,13,2,8,1,0,9,2,3,5,813491,813941,1512,1043,812448,432,1,729628,0,811557,0,1,0,0
230,13,2,8,1,0,10,3,0,3,813636,813941,1512,1158,812478,432,1,729561,0,811490,0,1,0,0
230,13,2,8,1,0,11,3,1,4,813775,813941,1512,1273,812502,432,1,729516,0,811445,0,1,0,0
230,13,2,8,1,0,12,3,2,5,813914,813941,1512,1390,812524,432,1,729498,0,811427,0,1,0,0
231,13,3,8,1,0,0,0,2,2,811024,814065,1553,7,811017,432,1,727287,0,809216,0,1,0,0
231,13,3,8,1,0,1,0,3,3,811189,814065,1553,121,811068,432,1,727399,0,809328,0,1,0,0
231,13,3,8,1,0,2,1,0,1,812910,814065,1553,232,812678,432,1,729167,0,811096,0,1,0,0
231,13,3,8,1,0,3,1,1,2,813040,814065,1553,343,812697,432,1,729296,0,811225,0,1,0,0
231,13,3,8,1,0,4,1,2,3,813177,814065,1553,457,812720,432,1,729343,0,811272,0,1,0,0
231,13,3,8,1,0,5,1,3,4,813316,814065,1553,592,812724,432,1,729347,0,811276,0,1,0,0
231,13,3,8,1,0,6,2,0,2,813455,814065,1553,707,812748,432,1,729325,0,811254,0,1,0,0
231,13,3,8,1,0,7,2,1,3,813596,814065,1553,823,812773,432,1,729328,0,811257,0,1,0,0
231,13,3,8,1,0,8,2,2,4,813735,814065,1553,940,812795,432,1,729287,0,811216,0,1,0,0
231,13,3,8,1,0,9,2,3,5,813874,814065,1553,1054,812820,432,1,729266,0,811195,0,1,0,0
231,13,3,8,1,0,10,3,0,3,814013,814065,1553,1196,812817,432,1,729212,0,811141,0,1,0,0
231,13,3,8,1,0,11,3,1,4,812595,814065,1553,1312,811283,432,1,729158,0,811087,0,1,0,0
231,13,3,8,1,0,12,3,2,5,812743,814065,1553,1430,811313,432,1,729146,0,811075,0,1,0,0
232,1,1,16,1,0,0,0,2,2,262858,262880,121,7,262851,2049,1,221629,0,262598,0,1,0,0
233,1,2,16,1,0,0,0,2,2,262846,262868,121,7,262839,2049,1,221609,0,262578,0,1,0,0
234,1,3,16,1,0,0,0,2,2,262843,262865,121,7,262836,2049,1,221606,0,262575,0,1,0,0
235,2,1,16,1,0,0,0,2,2,271540,271709,243,7,271533,1025,1,230179,0,271148,0,1,0,0
235,2,1,16,1,0,1,0,3,3,271682,271709,243,126,271556,1025,1,230182,0,271151,0,1,0,0
236,2,2,16,1,0,0,0,2,2,271530,271700,243,7,271523,1025,1,230169,0,271138,0,1,0,0
236,2,2,16,1,0,1,0,3,3,271673,271700,243,126,271547,1025,1,230172,0,271141,0,1,0,0
237,2,3,16,1,0,0,0,2,2,271548,271717,252,7,271541,1025,1,230177,0,271146,0,1,0,0
237,2,3,16,1,0,1,0,3,3,271690,271717,252,135,271555,1025,1,230180,0,271149,0,1,0,0
238,4,1,16,1,0,0,0,2,2,277772,278222,490,7,277765,513,1,236267,0,277236,0,1,0,0
238,4,1,16,1,0,1,0,3,3,277914,278222,490,123,277791,513,1,236237,0,277206,0,1,0,0
238,4,1,16,1,0,2,1,0,1,278058,278222,490,236,277822,513,1,236220,0,277189,0,1,0,0
238,4,1,16,1,0,3,1,1,2,278195,278222,490,364,277831,513,1,236187,0,277156,0,1,0,0
239,4,2,16,1,0,0,0,2,2,277783,278227,473,7,277776,513,1,236229,0,277198,0,1,0,0
239,4,2,16,1,0,1,0,3,3,277925,278227,473,121,277804,513,1,236250,0,277219,0,1,0,0
239,4,2,16,1,0,2,1,0,1,278063,278227,473,234,277829,513,1,236249,0,277218,0,1,0,0
239,4,2,16,1,0,3,1,1,2,278200,278227,473,347,277853,513,1,236215,0,277184,0,1,0,0
240,4,3,16,1,0,0,0,2,2,277763,278234,471,7,277756,513,1,236228,0,277197,0,1,0,0
240,4,3,16,1,0,1,0,3,3,277931,278234,471,121,277810,513,1,236232,0,277201,0,1,0,0
240,4,3,16,1,0,2,1,0,1,278070,278234,471,232,277838,513,1,236230,0,277199,0,1,0,0
240,4,3,16,1,0,3,1,1,2,278207,278234,471,345,277862,513,1,236197,0,277166,0,1,0,0
241,6,1,16,1,0,0,0,2,2,327790,328515,728,7,327783,371,1,286151,0,327120,0,1,0,0
241,6,1,16,1,0,1,0,3,3,327935,328515,728,121,327814,371,1,286129,0,327098,0,1,0,0
241,6,1,16,1,0,2,1,0,1,328073,328515,728,234,327839,371,1,286140,0,327109,0,1,0,0
241,6,1,16,1,0,3,1,1,2,328211,328515,728,347,327864,371,1,286132,0,327101,0,1,0,0
241,6,1,16,1,0,4,1,2,3,328349,328515,728,467,327882,371,1,286094,0,327063,0,1,0,0
241,6,1,16,1,0,5,1,3,4,328488,328515,728,595,327893,371,1,286085,0,327054,0,1,0,0
242,6,2,16,1,0,0,0,2,2,335524,336246,720,7,335517,376,1,293799,0,334768,0,1,0,0
242,6,2,16,1,0,1,0,3,3,335667,336246,720,121,335546,376,1,293799,0,334768,0,1,0,0
242,6,2,16,1,0,2,1,0,1,335804,336246,720,234,335570,376,1,293800,0,334769,0,1,0,0
242,6,2,16,1,0,3,1,1,2,335942,336246,720,347,335595,376,1,293818,0,334787,0,1,0,0
242,6,2,16,1,0,4,1,2,3,336080,336246,720,467,335613,376,1,293763,0,334732,0,1,0,0
242,6,2,16,1,0,5,1,3,4,336219,336246,720,596,335623,376,1,293753,0,334722,0,1,0,0
243,6,3,16,1,0,0,0,2,2,335468,336190,724,7,335461,376,1,293743,0,334712,0,1,0,0
243,6,3,16,1,0,1,0,3,3,335611,336190,724,121,335490,376,1,293739,0,334708,0,1,0,0
243,6,3,16,1,0,2,1,0,1,335748,336190,724,238,335510,376,1,293740,0,334709,0,1,0,0
243,6,3,16,1,0,3,1,1,2,335886,336190,724,351,335535,376,1,293758,0,334727,0,1,0,0
243,6,3,16,1,0,4,1,2,3,336024,336190,724,471,335553,376,1,293703,0,334672,0,1,0,0
243,6,3,16,1,0,5,1,3,4,336163,336190,724,600,335563,376,1,293693,0,334662,0,1,0,0
244,8,1,16,1,0,0,0,2,2,387199,388205,980,7,387192,318,1,345411,0,386380,0,1,0,0
244,8,1,16,1,0,1,0,3,3,387344,388205,980,121,387223,318,1,345448,0,386417,0,1,0,0
244,8,1,16,1,0,2,1,0,1,387485,388205,980,234,387251,318,1,345459,0,386428,0,1,0,0
244,8,1,16,1,0,3,1,1,2,387622,388205,980,347,387275,318,1,345470,0,386439,0,1,0,0
244,8,1,16,1,0,4,1,2,3,387760,388205,980,469,387291,318,1,345424,0,386393,0,1,0,0
244,8,1,16,1,0,5,1,3,4,387899,388205,980,598,387301,318,1,345421,0,386390,0,1,0,0
244,8,1,16,1,0,6,2,0,2,388038,388205,980,716,387322,318,1,345375,0,386344,0,1,0,0
244,8,1,16,1,0,7,2,1,3,388178,388205,980,845,387333,318,1,345383,0,386352,0,1,0,0
245,8,2,16,1,0,0,0,2,2,386078,387114,1005,7,386071,317,1,344744,0,385713,0,1,0,0
245,8,2,16,1,0,1,0,3,3,386245,387114,1005,121,386124,317,1,344774,0,385743,0,1,0,0
245,8,2,16,1,0,2,1,0,1,386386,387114,1005,234,386152,317,1,344765,0,385734,0,1,0,0
245,8,2,16,1,0,3,1,1,2,386526,387114,1005,370,386156,317,1,344793,0,385762,0,1,0,0
245,8,2,16,1,0,4,1,2,3,386668,387114,1005,490,386178,317,1,344784,0,385753,0,1,0,0
245,8,2,16,1,0,5,1,3,4,386810,387114,1005,619,386191,317,1,344749,0,385718,0,1,0,0
245,8,2,16,1,0,6,2,0,2,386949,387114,1005,737,386212,317,1,344692,0,385661,0,1,0,0
245,8,2,16,1,0,7,2,1,3,387087,387114,1005,866,386221,317,1,344684,0,385653,0,1,0,0
246,8,3,16,1,0,0,0,2,2,385978,386998,998,7,385971,317,1,344811,0,385780,0,1,0,0
246,8,3,16,1,0,1,0,3,3,386123,386998,998,121,386002,317,1,344839,0,385808,0,1,0,0
246,8,3,16,1,0,2,1,0,1,386269,386998,998,234,386035,317,1,344884,0,385853,0,1,0,0
246,8,3,16,1,0,3,1,1,2,386409,386998,998,347,386062,317,1,344904,0,385873,0,1,0,0
246,8,3,16,1,0,4,1,2,3,386550,386998,998,467,386083,317,1,344895,0,385864,0,1,0,0
246,8,3,16,1,0,5,1,3,4,386692,386998,998,596,386096,317,1,344842,0,385811,0,1,0,0
246,8,3,16,1,0,6,2,0,2,386832,386998,998,734,386098,317,1,344784,0,385753,0,1,0,0
246,8,3,16,1,0,7,2,1,3,386971,386998,998,863,386108,317,1,344777,0,385746,0,1,0,0
247,10,1,16,1,0,0,0,2,2,482929,484209,1247,7,482922,315,1,440627,0,481596,0,1,0,0
247,10,1,16,1,0,1,0,3,3,483071,484209,1247,121,482950,315,1,440670,0,481639,0,1,0,0
247,10,1,16,1,0,2,1,0,1,483209,484209,1247,234,482975,315,1,440716,0,481685,0,1,0,0
247,10,1,16,1,0,3,1,1,2,483346,484209,1247,347,482999,315,1,440748,0,481717,0,1,0,0
247,10,1,16,1,0,4,1,2,3,483484,484209,1247,467,483017,315,1,440737,0,481706,0,1,0,0
247,10,1,16,1,0,5,1,3,4,483624,484209,1247,607,483017,315,1,440726,0,481695,0,1,0,0
247,10,1,16,1,0,6,2,0,2,483765,484209,1247,725,483040,315,1,440712,0,481681,0,1,0,0
247,10,1,16,1,0,7,2,1,3,483902,484209,1247,854,483048,315,1,440658,0,481627,0,1,0,0
247,10,1,16,1,0,8,2,2,4,484041,484209,1247,983,483058,315,1,440645,0,481614,0,1,0,0
247,10,1,16,1,0,9,2,3,5,484182,484209,1247,1112,483070,315,1,440573,0,481542,0,1,0,0
248,10,2,16,1,0,0,0,2,2,481761,483119,1232,7,481754,314,1,440549,0,481518,0,1,0,0
248,10,2,16,1,0,1,0,3,3,481925,483119,1232,121,481804,314,1,440596,0,481565,0,1,0,0
248,10,2,16,1,0,2,1,0,1,482066,483119,1232,232,481834,314,1,440656,0,481625,0,1,0,0
248,10,2,16,1,0,3,1,1,2,482207,483119,1232,345,481862,314,1,440682,0,481651,0,1,0,0
248,10,2,16,1,0,4,1,2,3,482372,483119,1232,465,481907,314,1,440677,0,481646,0,1,0,0
248,10,2,16,1,0,5,1,3,4,482531,483119,1232,594,481937,314,1,440687,0,481656,0,1,0,0
248,10,2,16,1,0,6,2,0,2,482673,483119,1232,712,481961,314,1,440705,0,481674,0,1,0,0
248,10,2,16,1,0,7,2,1,3,482813,483119,1232,840,481973,314,1,440653,0,481622,0,1,0,0
248,10,2,16,1,0,8,2,2,4,482952,483119,1232,968,481984,314,1,440598,0,481567,0,1,0,0
248,10,2,16,1,0,9,2,3,5,483092,483119,1232,1097,481995,314,1,440544,0,481513,0,1,0,0
249,10,3,16,1,0,0,0,2,2,482199,483517,1240,7,482192,314,1,440524,0,481493,0,1,0,0
249,10,3,16,1,0,1,0,3,3,482373,483517,1240,121,482252,314,1,440571,0,481540,0,1,0,0
249,10,3,16,1,0,2,1,0,1,482515,483517,1240,234,482281,314,1,440626,0,481595,0,1,0,0
249,10,3,16,1,0,3,1,1,2,482655,483517,1240,347,482308,314,1,440647,0,481616,0,1,0,0
249,10,3,16,1,0,4,1,2,3,482795,483517,1240,467,482328,314,1,440635,0,481604,0,1,0,0
249,10,3,16,1,0,5,1,3,4,482934,483517,1240,596,482338,314,1,440616,0,481585,0,1,0,0
249,10,3,16,1,0,6,2,0,2,483074,483517,1240,718,482356,314,1,440612,0,481581,0,1,0,0
249,10,3,16,1,0,7,2,1,3,483212,483517,1240,847,482365,314,1,440564,0,481533,0,1,0,0
249,10,3,16,1,0,8,2,2,4,483351,483517,1240,976,482375,314,1,440509,0,481478,0,1,0,0
249,10,3,16,1,0,9,2,3,5,483490,483517,1240,1105,482385,314,1,440502,0,481471,0,1,0,0
250,13,1,16,1,0,0,0,2,2,624242,627713,1645,7,624235,313,1,582657,0,623626,0,1,0,0
250,13,1,16,1,0,1,0,3,3,624399,627713,1645,121,624278,313,1,582767,0,623736,0,1,0,0
250,13,1,16,1,0,2,1,0,1,626265,627713,1645,234,626031,313,1,584152,0,625121,0,1,0,0
250,13,1,16,1,0,3,1,1,2,626423,627713,1645,371,626052,313,1,584208,0,625177,0,1,0,0
250,13,1,16,1,0,4,1,2,3,626564,627713,1645,491,626073,313,1,584249,0,625218,0,1,0,0
250,13,1,16,1,0,5,1,3,4,626706,627713,1645,620,626086,313,1,584253,0,625222,0,1,0,0
250,13,1,16,1,0,6,2,0,2,626845,627713,1645,738,626107,313,1,584273,0,625242,0,1,0,0
250,13,1,16,1,0,7,2,1,3,626983,627713,1645,867,626116,313,1,584213,0,625182,0,1,0,0
250,13,1,16,1,0,8,2,2,4,627123,627713,1645,1000,626123,313,1,584186,0,625155,0,1,0,0
250,13,1,16,1,0,9,2,3,5,627263,627713,1645,1129,626134,313,1,584178,0,625147,0,1,0,0
250,13,1,16,1,0,10,3,0,3,627403,627713,1645,1258,626145,313,1,584132,0,625101,0,1,0,0
250,13,1,16,1,0,11,3,1,4,627545,627713,1645,1387,626158,313,1,584065,0,625034,0,1,0,0
250,13,1,16,1,0,12,3,2,5,627686,627713,1645,1515,626171,313,1,583955,0,624924,0,1,0,0
251,13,2,16,1,0,0,0,2,2,625488,628219,1640,7,625481,313,1,582847,0,623816,0,1,0,0
251,13,2,16,1,0,1,0,3,3,625641,628219,1640,121,625520,313,1,582997,0,623966,0,1,0,0
251,13,2,16,1,0,2,1,0,1,627430,628219,1640,234,627196,313,1,584461,0,625430,0,1,0,0
251,13,2,16,1,0,3,1,1,2,627559,628219,1640,347,627212,313,1,584527,0,625496,0,1,0,0
251,13,2,16,1,0,4,1,2,3,627697,628219,1640,467,627230,313,1,584557,0,625526,0,1,0,0
251,13,2,16,1,0,5,1,3,4,627836,628219,1640,596,627240,313,1,584583,0,625552,0,1,0,0
251,13,2,16,1,0,6,2,0,2,628003,628219,1640,718,627285,313,1,584603,0,625572,0,1,0,0
251,13,2,16,1,0,7,2,1,3,628140,628219,1640,847,627293,313,1,584577,0,625546,0,1,0,0
251,13,2,16,1,0,8,2,2,4,626690,628219,1640,976,625714,313,1,584522,0,625491,0,1,0,0
251,13,2,16,1,0,9,2,3,5,626838,628219,1640,1105,625733,313,1,584486,0,625455,0,1,0,0
251,13,2,16,1,0,10,3,0,3,626981,628219,1640,1234,625747,313,1,584471,0,625440,0,1,0,0
251,13,2,16,1,0,11,3,1,4,627120,628219,1640,1377,625743,313,1,584363,0,625332,0,1,0,0
251,13,2,16,1,0,12,3,2,5,627260,628219,1640,1505,625755,313,1,584291,0,625260,0,1,0,0
252,13,3,16,1,0,0,0,2,2,624911,628364,1590,7,624904,313,1,583484,0,624453,0,1,0,0
252,13,3,16,1,0,1,0,3,3,625066,628364,1590,121,624945,313,1,583552,0,624521,0,1,0,0
252,13,3,16,1,0,2,1,0,1,626934,628364,1590,234,626700,313,1,584619,0,625588,0,1,0,0
252,13,3,16,1,0,3,1,1,2,627071,628364,1590,347,626724,313,1,584710,0,625679,0,1,0,0
252,13,3,16,1,0,4,1,2,3,627208,628364,1590,467,626741,313,1,584681,0,625650,0,1,0,0
252,13,3,16,1,0,5,1,3,4,627348,628364,1590,596,626752,313,1,584708,0,625677,0,1,0,0
252,13,3,16,1,0,6,2,0,2,627487,628364,1590,709,626778,313,1,584703,0,625672,0,1,0,0
252,13,3,16,1,0,7,2,1,3,627625,628364,1590,827,626798,313,1,584683,0,625652,0,1,0,0
252,13,3,16,1,0,8,2,2,4,627764,628364,1590,956,626808,313,1,584690,0,625659,0,1,0,0
252,13,3,16,1,0,9,2,3,5,627918,628364,1590,1076,626842,313,1,584656,0,625625,0,1,0,0
252,13,3,16,1,0,10,3,0,3,628058,628364,1590,1204,626854,313,1,584619,0,625588,0,1,0,0
252,13,3,16,1,0,11,3,1,4,628197,628364,1590,1327,626870,313,1,584514,0,625483,0,1,0,0
252,13,3,16,1,0,12,3,2,5,628337,628364,1590,1456,626881,313,1,584438,0,625407,0,1,0,0
253,1,1,32,1,0,0,0,2,2,160303,160325,121,7,160296,1052,1,139641,0,160130,0,1,0,0
254,1,2,32,1,0,0,0,2,2,160380,160402,121,7,160373,1053,1,139669,0,160158,0,1,0,0
255,1,3,32,1,0,0,0,2,2,160333,160355,121,7,160326,1052,1,139622,0,160111,0,1,0,0
256,2,1,32,1,0,0,0,2,2,166664,166833,258,7,166657,547,1,145813,0,166302,0,1,0,0
256,2,1,32,1,0,1,0,3,3,166806,166833,258,127,166679,547,1,145815,0,166304,0,1,0,0
257,2,2,32,1,0,0,0,2,2,166616,166786,248,7,166609,547,1,145818,0,166307,0,1,0,0
257,2,2,32,1,0,1,0,3,3,166759,166786,248,126,166633,547,1,145823,0,166312,0,1,0,0
258,2,3,32,1,0,0,0,2,2,166711,166880,272,7,166704,547,1,145858,0,166347,0,1,0,0
258,2,3,32,1,0,1,0,3,3,166853,166880,272,129,166724,547,1,145848,0,166337,0,1,0,0
259,4,1,32,1,0,0,0,2,2,220113,220585,490,7,220106,361,1,199279,0,219768,0,1,0,0
259,4,1,32,1,0,1,0,3,3,220284,220585,490,121,220163,361,1,199269,0,219758,0,1,0,0
259,4,1,32,1,0,2,1,0,1,220421,220585,490,242,220179,361,1,199257,0,219746,0,1,0,0
259,4,1,32,1,0,3,1,1,2,220558,220585,490,364,220194,361,1,199259,0,219748,0,1,0,0
260,4,2,32,1,0,0,0,2,2,219861,220318,490,7,219854,360,1,199162,0,219651,0,1,0,0
260,4,2,32,1,0,1,0,3,3,220007,220318,490,121,219886,360,1,199165,0,219654,0,1,0,0
260,4,2,32,1,0,2,1,0,1,220154,220318,490,242,219912,360,1,199150,0,219639,0,1,0,0
260,4,2,32,1,0,3,1,1,2,220291,220318,490,364,219927,360,1,199133,0,219622,0,1,0,0
261,4,3,32,1,0,0,0,2,2,220267,220712,492,7,220260,361,1,199264,0,219753,0,1,0,0
261,4,3,32,1,0,1,0,3,3,220410,220712,492,121,220289,361,1,199254,0,219743,0,1,0,0
261,4,3,32,1,0,2,1,0,1,220548,220712,492,242,220306,361,1,199227,0,219716,0,1,0,0
261,4,3,32,1,0,3,1,1,2,220685,220712,492,364,220321,361,1,199231,0,219720,0,1,0,0
262,6,1,32,1,0,0,0,2,2,312172,312897,750,7,312165,257,1,290873,0,311362,0,1,0,0
262,6,1,32,1,0,1,0,3,3,312314,312897,750,121,312193,257,1,290914,0,311403,0,1,0,0
262,6,1,32,1,0,2,1,0,1,312456,312897,750,242,312214,257,1,290927,0,311416,0,1,0,0
262,6,1,32,1,0,3,1,1,2,312593,312897,750,364,312229,257,1,290920,0,311409,0,1,0,0
262,6,1,32,1,0,4,1,2,3,312731,312897,750,484,312247,257,1,290923,0,311412,0,1,0,0
262,6,1,32,1,0,5,1,3,4,312870,312897,750,603,312267,257,1,290887,0,311376,0,1,0,0
263,6,2,32,1,0,0,0,2,2,312171,312897,750,7,312164,257,1,290874,0,311363,0,1,0,0
263,6,2,32,1,0,1,0,3,3,312314,312897,750,121,312193,257,1,290915,0,311404,0,1,0,0
263,6,2,32,1,0,2,1,0,1,312454,312897,750,242,312212,257,1,290928,0,311417,0,1,0,0
263,6,2,32,1,0,3,1,1,2,312591,312897,750,364,312227,257,1,290921,0,311410,0,1,0,0
263,6,2,32,1,0,4,1,2,3,312729,312897,750,484,312245,257,1,290924,0,311413,0,1,0,0
263,6,2,32,1,0,5,1,3,4,312870,312897,750,603,312267,257,1,290886,0,311375,0,1,0,0
264,6,3,32,1,0,0,0,2,2,311878,312603,749,7,311871,257,1,290808,0,311297,0,1,0,0
264,6,3,32,1,0,1,0,3,3,312022,312603,749,121,311901,257,1,290845,0,311334,0,1,0,0
264,6,3,32,1,0,2,1,0,1,312163,312603,749,240,311923,257,1,290830,0,311319,0,1,0,0
264,6,3,32,1,0,3,1,1,2,312300,312603,749,361,311939,257,1,290829,0,311318,0,1,0,0
264,6,3,32,1,0,4,1,2,3,312437,312603,749,482,311955,257,1,290814,0,311303,0,1,0,0
264,6,3,32,1,0,5,1,3,4,312576,312603,749,603,311973,257,1,290806,0,311295,0,1,0,0
265,8,1,32,1,0,0,0,2,2,403757,404755,1093,7,403750,253,1,382000,0,402489,0,1,0,0
265,8,1,32,1,0,1,0,3,3,403899,404755,1093,122,403777,253,1,382065,0,402554,0,1,0,0
265,8,1,32,1,0,2,1,0,1,404036,404755,1093,243,403793,253,1,382128,0,402617,0,1,0,0
265,8,1,32,1,0,3,1,1,2,404174,404755,1093,365,403809,253,1,382159,0,402648,0,1,0,0
265,8,1,32,1,0,4,1,2,3,404313,404755,1093,485,403828,253,1,382160,0,402649,0,1,0,0
265,8,1,32,1,0,5,1,3,4,404452,404755,1093,606,403846,253,1,382129,0,402618,0,1,0,0
265,8,1,32,1,0,6,2,0,2,404591,404755,1093,746,403845,253,1,382100,0,402589,0,1,0,0
265,8,1,32,1,0,7,2,1,3,404728,404755,1093,906,403822,253,1,382043,0,402532,0,1,0,0
266,8,2,32,1,0,0,0,2,2,403625,404382,1095,7,403618,253,1,381821,0,402310,0,1,0,0
266,8,2,32,1,0,1,0,3,3,403778,404382,1095,121,403657,253,1,381896,0,402385,0,1,0,0
266,8,2,32,1,0,2,1,0,1,403916,404382,1095,242,403674,253,1,381938,0,402427,0,1,0,0
266,8,2,32,1,0,3,1,1,2,404053,404382,1095,364,403689,253,1,381969,0,402458,0,1,0,0
266,8,2,32,1,0,4,1,2,3,404191,404382,1095,484,403707,253,1,381972,0,402461,0,1,0,0
266,8,2,32,1,0,5,1,3,4,404330,404382,1095,605,403725,253,1,381953,0,402442,0,1,0,0
266,8,2,32,1,0,6,2,0,2,403339,404382,1095,746,402593,253,1,381888,0,402377,0,1,0,0
266,8,2,32,1,0,7,2,1,3,403484,404382,1095,907,402577,253,1,381834,0,402323,0,1,0,0
267,8,3,32,1,0,0,0,2,2,403778,404537,1093,7,403771,253,1,381990,0,402479,0,1,0,0
267,8,3,32,1,0,1,0,3,3,403916,404537,1093,121,403795,253,1,382063,0,402552,0,1,0,0
267,8,3,32,1,0,2,1,0,1,404055,404537,1093,242,403813,253,1,382100,0,402589,0,1,0,0
267,8,3,32,1,0,3,1,1,2,404192,404537,1093,364,403828,253,1,382133,0,402622,0,1,0,0
267,8,3,32,1,0,4,1,2,3,404346,404537,1093,484,403862,253,1,382139,0,402628,0,1,0,0
267,8,3,32,1,0,5,1,3,4,404485,404537,1093,603,403882,253,1,382106,0,402595,0,1,0,0
267,8,3,32,1,0,6,2,0,2,403490,404537,1093,744,402746,253,1,382041,0,402530,0,1,0,0
267,8,3,32,1,0,7,2,1,3,403636,404537,1093,905,402731,253,1,381987,0,402476,0,1,0,0
268,10,1,32,1,0,0,0,2,2,498847,500173,1471,7,498840,246,1,477267,0,497756,0,1,0,0
268,10,1,32,1,0,1,0,3,3,499026,500173,1471,121,498905,246,1,477386,0,497875,0,1,0,0
268,10,1,32,1,0,2,1,0,1,499174,500173,1471,242,498932,246,1,477471,0,497960,0,1,0,0
268,10,1,32,1,0,3,1,1,2,499314,500173,1471,364,498950,246,1,477556,0,498045,0,1,0,0
268,10,1,32,1,0,4,1,2,3,499452,500173,1471,484,498968,246,1,477607,0,498096,0,1,0,0
268,10,1,32,1,0,5,1,3,4,499591,500173,1471,605,498986,246,1,477611,0,498100,0,1,0,0
268,10,1,32,1,0,6,2,0,2,499731,500173,1471,745,498986,246,1,477568,0,498057,0,1,0,0
268,10,1,32,1,0,7,2,1,3,499868,500173,1471,916,498952,246,1,477531,0,498020,0,1,0,0
268,10,1,32,1,0,8,2,2,4,500007,500173,1471,1100,498907,246,1,477422,0,497911,0,1,0,0
268,10,1,32,1,0,9,2,3,5,500146,500173,1471,1282,498864,246,1,477304,0,497793,0,1,0,0
269,10,2,32,1,0,0,0,2,2,498932,500258,1483,7,498925,246,1,477352,0,497841,0,1,0,0
269,10,2,32,1,0,1,0,3,3,499111,500258,1483,121,498990,246,1,477471,0,497960,0,1,0,0
269,10,2,32,1,0,2,1,0,1,499259,500258,1483,242,499017,246,1,477532,0,498021,0,1,0,0
269,10,2,32,1,0,3,1,1,2,499399,500258,1483,387,499012,246,1,477617,0,498106,0,1,0,0
269,10,2,32,1,0,4,1,2,3,499537,500258,1483,508,499029,246,1,477668,0,498157,0,1,0,0
269,10,2,32,1,0,5,1,3,4,499676,500258,1483,629,499047,246,1,477672,0,498161,0,1,0,0
269,10,2,32,1,0,6,2,0,2,499816,500258,1483,769,499047,246,1,477639,0,498128,0,1,0,0
269,10,2,32,1,0,7,2,1,3,499953,500258,1483,930,499023,246,1,477605,0,498094,0,1,0,0
269,10,2,32,1,0,8,2,2,4,500092,500258,1483,1112,498980,246,1,477495,0,497984,0,1,0,0
269,10,2,32,1,0,9,2,3,5,500231,500258,1483,1294,498937,246,1,477377,0,497866,0,1,0,0
270,10,3,32,1,0,0,0,2,2,498981,500307,1456,7,498974,246,1,477401,0,497890,0,1,0,0
270,10,3,32,1,0,1,0,3,3,499160,500307,1456,121,499039,246,1,477520,0,498009,0,1,0,0
270,10,3,32,1,0,2,1,0,1,499308,500307,1456,242,499066,246,1,477605,0,498094,0,1,0,0
270,10,3,32,1,0,3,1,1,2,499448,500307,1456,364,499084,246,1,477691,0,498180,0,1,0,0
270,10,3,32,1,0,4,1,2,3,499586,500307,1456,483,499103,246,1,477742,0,498231,0,1,0,0
270,10,3,32,1,0,5,1,3,4,499725,500307,1456,604,499121,246,1,477746,0,498235,0,1,0,0
270,10,3,32,1,0,6,2,0,2,499865,500307,1456,744,499121,246,1,477713,0,498202,0,1,0,0
270,10,3,32,1,0,7,2,1,3,500002,500307,1456,905,499097,246,1,477679,0,498168,0,1,0,0
270,10,3,32,1,0,8,2,2,4,500141,500307,1456,1086,499055,246,1,477571,0,498060,0,1,0,0
270,10,3,32,1,0,9,2,3,5,500280,500307,1456,1267,499013,246,1,477453,0,497942,0,1,0,0
271,13,1,32,1,0,0,0,2,2,622131,625452,1992,7,622124,237,1,601308,0,621797,0,1,0,0
271,13,1,32,1,0,1,0,3,3,622318,625452,1992,121,622197,237,1,601538,0,622027,0,1,0,0
271,13,1,32,1,0,2,1,0,1,624415,625452,1992,242,624173,237,1,601692,0,622181,0,1,0,0
271,13,1,32,1,0,3,1,1,2,624560,625452,1992,363,624197,237,1,601862,0,622351,0,1,0,0
271,13,1,32,1,0,4,1,2,3,624697,625452,1992,484,624213,237,1,601978,0,622467,0,1,0,0
271,13,1,32,1,0,5,1,3,4,624836,625452,1992,605,624231,237,1,602037,0,622526,0,1,0,0
271,13,1,32,1,0,6,2,0,2,624975,625452,1992,745,624230,237,1,602060,0,622549,0,1,0,0
271,13,1,32,1,0,7,2,1,3,625112,625452,1992,929,624183,237,1,602052,0,622541,0,1,0,0
271,13,1,32,1,0,8,2,2,4,625252,625452,1992,1110,624142,237,1,601965,0,622454,0,1,0,0
271,13,1,32,1,0,9,2,3,5,625391,625452,1992,1292,624099,237,1,601874,0,622363,0,1,0,0
271,13,1,32,1,0,10,3,0,3,623959,625452,1992,1475,622484,237,1,601765,0,622254,0,1,0,0
271,13,1,32,1,0,11,3,1,4,624106,625452,1992,1629,622477,237,1,601679,0,622168,0,1,0,0
271,13,1,32,1,0,12,3,2,5,624246,625452,1992,1803,622443,237,1,601561,0,622050,0,1,0,0
272,13,2,32,1,0,0,0,2,2,621821,625334,2010,7,621814,237,1,600907,0,621396,0,1,0,0
272,13,2,32,1,0,1,0,3,3,622020,625334,2010,121,621899,237,1,601180,0,621669,0,1,0,0
272,13,2,32,1,0,2,1,0,1,624171,625334,2010,242,623929,237,1,601455,0,621944,0,1,0,0
272,13,2,32,1,0,3,1,1,2,624301,625334,2010,364,623937,237,1,601603,0,622092,0,1,0,0
272,13,2,32,1,0,4,1,2,3,624438,625334,2010,484,623954,237,1,601727,0,622216,0,1,0,0
272,13,2,32,1,0,5,1,3,4,624577,625334,2010,621,623956,237,1,601804,0,622293,0,1,0,0
272,13,2,32,1,0,6,2,0,2,624716,625334,2010,761,623955,237,1,601848,0,622337,0,1,0,0
272,13,2,32,1,0,7,2,1,3,624862,625334,2010,922,623940,237,1,601849,0,622338,0,1,0,0
272,13,2,32,1,0,8,2,2,4,625004,625334,2010,1104,623900,237,1,601784,0,622273,0,1,0,0
272,13,2,32,1,0,9,2,3,5,625143,625334,2010,1285,623858,237,1,601653,0,622142,0,1,0,0
272,13,2,32,1,0,10,3,0,3,625282,625334,2010,1468,623814,237,1,601570,0,622059,0,1,0,0
272,13,2,32,1,0,11,3,1,4,623859,625334,2010,1646,622213,237,1,601416,0,621905,0,1,0,0
272,13,2,32,1,0,12,3,2,5,624004,625334,2010,1836,622168,237,1,601313,0,621802,0,1,0,0
273,13,3,32,1,0,0,0,2,2,621956,625662,1987,7,621949,237,1,601196,0,621685,0,1,0,0
273,13,3,32,1,0,1,0,3,3,624234,625662,1987,121,624113,237,1,601423,0,621912,0,1,0,0
273,13,3,32,1,0,2,1,0,1,624371,625662,1987,242,624129,237,1,601689,0,622178,0,1,0,0
273,13,3,32,1,0,3,1,1,2,624508,625662,1987,376,624132,237,1,601846,0,622335,0,1,0,0
273,13,3,32,1,0,4,1,2,3,624647,625662,1987,496,624151,237,1,601936,0,622425,0,1,0,0
273,13,3,32,1,0,5,1,3,4,624786,625662,1987,617,624169,237,1,602040,0,622529,0,1,0,0
273,13,3,32,1,0,6,2,0,2,624925,625662,1987,757,624168,237,1,602082,0,622571,0,1,0,0
273,13,3,32,1,0,7,2,1,3,625062,625662,1987,918,624144,237,1,602025,0,622514,0,1,0,0
273,13,3,32,1,0,8,2,2,4,625202,625662,1987,1091,624111,237,1,601955,0,622444,0,1,0,0
273,13,3,32,1,0,9,2,3,5,625341,625662,1987,1274,624067,237,1,601851,0,622340,0,1,0,0
273,13,3,32,1,0,10,3,0,3,625482,625662,1987,1453,624029,237,1,601732,0,622221,0,1,0,0
273,13,3,32,1,0,11,3,1,4,625621,625662,1987,1622,623999,237,1,601671,0,622160,0,1,0,0
273,13,3,32,1,0,12,3,2,5,624071,625662,1987,1799,622272,237,1,601507,0,621996,0,1,0,0
274,1,1,64,1,0,0,0,2,2,115690,115712,121,7,115683,834,1,105221,0,115470,0,1,0,0
275,1,2,64,1,0,0,0,2,2,115657,115679,121,7,115650,834,1,105236,0,115485,0,1,0,0
276,1,3,64,1,0,0,0,2,2,115679,115701,121,7,115672,834,1,105224,0,115473,0,1,0,0
277,2,1,64,1,0,0,0,2,2,126484,126654,264,7,126477,415,1,115879,0,126128,0,1,0,0
277,2,1,64,1,0,1,0,3,3,126627,126654,264,126,126501,415,1,115923,0,126172,0,1,0,0
278,2,2,64,1,0,0,0,2,2,126229,126431,264,7,126222,413,1,115827,0,126076,0,1,0,0
278,2,2,64,1,0,1,0,3,3,126404,126431,264,126,126278,413,1,115861,0,126110,0,1,0,0
279,2,3,64,1,0,0,0,2,2,126321,126493,264,7,126314,414,1,115845,0,126094,0,1,0,0
279,2,3,64,1,0,1,0,3,3,126466,126493,264,126,126340,414,1,115882,0,126131,0,1,0,0
280,4,1,64,1,0,0,0,2,2,236518,236962,610,7,236511,242,1,225521,0,235770,0,1,0,0
280,4,1,64,1,0,1,0,3,3,236660,236962,610,121,236539,242,1,225614,0,235863,0,1,0,0
280,4,1,64,1,0,2,1,0,1,236798,236962,610,258,236540,242,1,225617,0,235866,0,1,0,0
280,4,1,64,1,0,3,1,1,2,236935,236962,610,422,236513,242,1,225602,0,235851,0,1,0,0
281,4,2,64,1,0,0,0,2,2,235969,236458,628,7,235962,241,1,225399,0,235648,0,1,0,0
281,4,2,64,1,0,1,0,3,3,236150,236458,628,121,236029,241,1,225492,0,235741,0,1,0,0
281,4,2,64,1,0,2,1,0,1,236291,236458,628,258,236033,241,1,225488,0,235737,0,1,0,0
281,4,2,64,1,0,3,1,1,2,236431,236458,628,441,235990,241,1,225476,0,235725,0,1,0,0
282,4,3,64,1,0,0,0,2,2,236015,236534,632,7,236008,241,1,225499,0,235748,0,1,0,0
282,4,3,64,1,0,1,0,3,3,236194,236534,632,121,236073,241,1,225596,0,235845,0,1,0,0
282,4,3,64,1,0,2,1,0,1,236335,236534,632,258,236077,241,1,225605,0,235854,0,1,0,0
282,4,3,64,1,0,3,1,1,2,236507,236534,632,422,236085,241,1,225601,0,235850,0,1,0,0
283,6,1,64,1,0,0,0,2,2,346592,347441,1141,7,346585,171,1,335638,0,345887,0,1,0,0
283,6,1,64,1,0,1,0,3,3,346824,347441,1141,121,346703,171,1,335842,0,346091,0,1,0,0
283,6,1,64,1,0,2,1,0,1,346994,347441,1141,258,346736,171,1,335950,0,346199,0,1,0,0
283,6,1,64,1,0,3,1,1,2,347134,347441,1141,422,346712,171,1,336000,0,346249,0,1,0,0
283,6,1,64,1,0,4,1,2,3,347275,347441,1141,604,346671,171,1,335932,0,346181,0,1,0,0
283,6,1,64,1,0,5,1,3,4,347414,347441,1141,847,346567,171,1,335823,0,346072,0,1,0,0
284,6,2,64,1,0,0,0,2,2,346399,347177,1151,7,346392,171,1,335225,0,345474,0,1,0,0
284,6,2,64,1,0,1,0,3,3,346574,347177,1151,121,346453,171,1,335429,0,345678,0,1,0,0
284,6,2,64,1,0,2,1,0,1,346715,347177,1151,258,346457,171,1,335513,0,345762,0,1,0,0
284,6,2,64,1,0,3,1,1,2,346873,347177,1151,439,346434,171,1,335558,0,345807,0,1,0,0
284,6,2,64,1,0,4,1,2,3,347011,347177,1151,621,346390,171,1,335497,0,345746,0,1,0,0
284,6,2,64,1,0,5,1,3,4,347150,347177,1151,857,346293,171,1,335379,0,345628,0,1,0,0
285,6,3,64,1,0,0,0,2,2,346383,347152,1131,7,346376,171,1,335208,0,345457,0,1,0,0
285,6,3,64,1,0,1,0,3,3,346558,347152,1131,121,346437,171,1,335414,0,345663,0,1,0,0
285,6,3,64,1,0,2,1,0,1,346709,347152,1131,256,346453,171,1,335517,0,345766,0,1,0,0
285,6,3,64,1,0,3,1,1,2,346849,347152,1131,420,346429,171,1,335561,0,345810,0,1,0,0
285,6,3,64,1,0,4,1,2,3,346986,347152,1131,602,346384,171,1,335502,0,345751,0,1,0,0
285,6,3,64,1,0,5,1,3,4,347125,347152,1131,836,346289,171,1,335383,0,345632,0,1,0,0
286,8,1,64,1,0,0,0,2,2,458298,459572,1710,7,458291,173,1,446758,0,457007,0,1,0,0
286,8,1,64,1,0,1,0,3,3,458577,459572,1710,121,458456,173,1,447064,0,457313,0,1,0,0
286,8,1,64,1,0,2,1,0,1,458789,459572,1710,258,458531,173,1,447304,0,457553,0,1,0,0
286,8,1,64,1,0,3,1,1,2,458951,459572,1710,420,458531,173,1,447476,0,457725,0,1,0,0
286,8,1,64,1,0,4,1,2,3,459129,459572,1710,602,458527,173,1,447572,0,457821,0,1,0,0
286,8,1,64,1,0,5,1,3,4,459268,459572,1710,838,458430,173,1,447550,0,457799,0,1,0,0
286,8,1,64,1,0,6,2,0,2,459407,459572,1710,1126,458281,173,1,447370,0,457619,0,1,0,0
286,8,1,64,1,0,7,2,1,3,459545,459572,1710,1415,458130,173,1,447144,0,457393,0,1,0,0
287,8,2,64,1,0,0,0,2,2,458309,459445,1712,7,458302,173,1,446536,0,456785,0,1,0,0
287,8,2,64,1,0,1,0,3,3,458527,459445,1712,121,458406,173,1,446850,0,457099,0,1,0,0
287,8,2,64,1,0,2,1,0,1,458684,459445,1712,258,458426,173,1,447063,0,457312,0,1,0,0
287,8,2,64,1,0,3,1,1,2,458861,459445,1712,422,458439,173,1,447213,0,457462,0,1,0,0
287,8,2,64,1,0,4,1,2,3,459000,459445,1712,604,458396,173,1,447303,0,457552,0,1,0,0
287,8,2,64,1,0,5,1,3,4,459139,459445,1712,840,458299,173,1,447281,0,457530,0,1,0,0
287,8,2,64,1,0,6,2,0,2,459281,459445,1712,1128,458153,173,1,447101,0,457350,0,1,0,0
287,8,2,64,1,0,7,2,1,3,459418,459445,1712,1417,458001,173,1,446875,0,457124,0,1,0,0
288,8,3,64,1,0,0,0,2,2,458259,459435,1719,7,458252,173,1,446661,0,456910,0,1,0,0
288,8,3,64,1,0,1,0,3,3,458474,459435,1719,121,458353,173,1,446971,0,457220,0,1,0,0
288,8,3,64,1,0,2,1,0,1,458687,459435,1719,258,458429,173,1,447175,0,457424,0,1,0,0
288,8,3,64,1,0,3,1,1,2,458851,459435,1719,422,458429,173,1,447309,0,457558,0,1,0,0
288,8,3,64,1,0,4,1,2,3,458992,459435,1719,612,458380,173,1,447407,0,457656,0,1,0,0
288,8,3,64,1,0,5,1,3,4,459131,459435,1719,847,458284,173,1,447389,0,457638,0,1,0,0
288,8,3,64,1,0,6,2,0,2,459270,459435,1719,1135,458135,173,1,447212,0,457461,0,1,0,0
288,8,3,64,1,0,7,2,1,3,459408,459435,1719,1424,457984,173,1,446977,0,457226,0,1,0,0
289,10,1,64,1,0,0,0,2,2,570815,572982,2299,7,570808,171,1,559285,0,569534,0,1,0,0
289,10,1,64,1,0,1,0,3,3,571118,572982,2299,121,570997,171,1,559711,0,569960,0,1,0,0
289,10,1,64,1,0,2,1,0,1,571446,572982,2299,258,571188,171,1,560108,0,570357,0,1,0,0
289,10,1,64,1,0,3,1,1,2,571726,572982,2299,422,571304,171,1,560376,0,570625,0,1,0,0
289,10,1,64,1,0,4,1,2,3,572004,572982,2299,623,571381,171,1,560585,0,570834,0,1,0,0
289,10,1,64,1,0,5,1,3,4,572281,572982,2299,859,571422,171,1,560752,0,571001,0,1,0,0
289,10,1,64,1,0,6,2,0,2,572497,572982,2299,1147,571350,171,1,560628,0,570877,0,1,0,0
289,10,1,64,1,0,7,2,1,3,572675,572982,2299,1436,571239,171,1,560492,0,570741,0,1,0,0
289,10,1,64,1,0,8,2,2,4,572814,572982,2299,1725,571089,171,1,560324,0,570573,0,1,0,0
289,10,1,64,1,0,9,2,3,5,572955,572982,2299,2006,570949,171,1,560102,0,570351,0,1,0,0
290,10,2,64,1,0,0,0,2,2,571746,573047,2281,7,571739,171,1,558700,0,568949,0,1,0,0
290,10,2,64,1,0,1,0,3,3,571909,573047,2281,121,571788,171,1,559126,0,569375,0,1,0,0
290,10,2,64,1,0,2,1,0,1,572049,573047,2281,258,571791,171,1,559503,0,569752,0,1,0,0
290,10,2,64,1,0,3,1,1,2,572186,573047,2281,422,571764,171,1,559760,0,570009,0,1,0,0
290,10,2,64,1,0,4,1,2,3,572325,573047,2281,604,571721,171,1,559955,0,570204,0,1,0,0
290,10,2,64,1,0,5,1,3,4,572464,573047,2281,840,571624,171,1,560090,0,570339,0,1,0,0
290,10,2,64,1,0,6,2,0,2,572603,573047,2281,1128,571475,171,1,559952,0,570201,0,1,0,0
290,10,2,64,1,0,7,2,1,3,572741,573047,2281,1417,571324,171,1,559820,0,570069,0,1,0,0
290,10,2,64,1,0,8,2,2,4,572881,573047,2281,1706,571175,171,1,559643,0,569892,0,1,0,0
290,10,2,64,1,0,9,2,3,5,573020,573047,2281,1986,571034,171,1,559418,0,569667,0,1,0,0
291,10,3,64,1,0,0,0,2,2,571015,572877,2281,7,571008,171,1,558954,0,569203,0,1,0,0
291,10,3,64,1,0,1,0,3,3,571349,572877,2281,121,571228,171,1,559382,0,569631,0,1,0,0
291,10,3,64,1,0,2,1,0,1,571622,572877,2281,258,571364,171,1,559759,0,570008,0,1,0,0
291,10,3,64,1,0,3,1,1,2,571897,572877,2281,422,571475,171,1,560020,0,570269,0,1,0,0
291,10,3,64,1,0,4,1,2,3,572114,572877,2281,604,571510,171,1,560223,0,570472,0,1,0,0
291,10,3,64,1,0,5,1,3,4,572294,572877,2281,840,571454,171,1,560389,0,570638,0,1,0,0
291,10,3,64,1,0,6,2,0,2,572433,572877,2281,1128,571305,171,1,560265,0,570514,0,1,0,0
291,10,3,64,1,0,7,2,1,3,572572,572877,2281,1417,571155,171,1,560129,0,570378,0,1,0,0
291,10,3,64,1,0,8,2,2,4,572711,572877,2281,1706,571005,171,1,559962,0,570211,0,1,0,0
291,10,3,64,1,0,9,2,3,5,572850,572877,2281,1986,570864,171,1,559737,0,569986,0,1,0,0
292,13,1,64,1,0,0,0,2,2,649106,712767,3159,7,649099,175,1,638285,0,648534,0,1,0,0
292,13,1,64,1,0,1,0,3,3,653160,712767,3159,121,653039,175,1,639099,0,649348,0,1,0,0
292,13,1,64,1,0,2,1,0,1,708466,712767,3159,258,708208,175,1,697614,0,707863,0,1,0,0
292,13,1,64,1,0,3,1,1,2,711474,712767,3159,422,711052,175,1,698104,0,708353,0,1,0,0
292,13,1,64,1,0,4,1,2,3,711608,712767,3159,604,711004,175,1,698454,0,708703,0,1,0,0
292,13,1,64,1,0,5,1,3,4,711747,712767,3159,840,710907,175,1,698778,0,709027,0,1,0,0
292,13,1,64,1,0,6,2,0,2,711886,712767,3159,1128,710758,175,1,698750,0,708999,0,1,0,0
292,13,1,64,1,0,7,2,1,3,712044,712767,3159,1417,710627,175,1,698769,0,709018,0,1,0,0
292,13,1,64,1,0,8,2,2,4,712183,712767,3159,1706,710477,175,1,698637,0,708886,0,1,0,0
292,13,1,64,1,0,9,2,3,5,712322,712767,3159,1986,710336,175,1,698507,0,708756,0,1,0,0
292,13,1,64,1,0,10,3,0,3,712461,712767,3159,2275,710186,175,1,698369,0,708618,0,1,0,0
292,13,1,64,1,0,11,3,1,4,712600,712767,3159,2562,710038,175,1,698141,0,708390,0,1,0,0
292,13,1,64,1,0,12,3,2,5,712740,712767,3159,2840,709900,175,1,697877,0,708126,0,1,0,0
293,13,2,64,1,0,0,0,2,2,649053,712768,3159,7,649046,175,1,638258,0,648507,0,1,0,0
293,13,2,64,1,0,1,0,3,3,653107,712768,3159,121,652986,175,1,639046,0,649295,0,1,0,0
293,13,2,64,1,0,2,1,0,1,708471,712768,3159,256,708215,175,1,697622,0,707871,0,1,0,0
293,13,2,64,1,0,3,1,1,2,711490,712768,3159,420,711070,175,1,698112,0,708361,0,1,0,0
293,13,2,64,1,0,4,1,2,3,711624,712768,3159,602,711022,175,1,698462,0,708711,0,1,0,0
293,13,2,64,1,0,5,1,3,4,711763,712768,3159,838,710925,175,1,698786,0,709035,0,1,0,0
293,13,2,64,1,0,6,2,0,2,711902,712768,3159,1126,710776,175,1,698759,0,709008,0,1,0,0
293,13,2,64,1,0,7,2,1,3,712040,712768,3159,1415,710625,175,1,698778,0,709027,0,1,0,0
293,13,2,64,1,0,8,2,2,4,712181,712768,3159,1704,710477,175,1,698647,0,708896,0,1,0,0
293,13,2,64,1,0,9,2,3,5,712320,712768,3159,1983,710337,175,1,698517,0,708766,0,1,0,0
293,13,2,64,1,0,10,3,0,3,712459,712768,3159,2272,710187,175,1,698352,0,708601,0,1,0,0
293,13,2,64,1,0,11,3,1,4,712598,712768,3159,2585,710013,175,1,698124,0,708373,0,1,0,0
293,13,2,64,1,0,12,3,2,5,712741,712768,3159,2864,709877,175,1,697884,0,708133,0,1,0,0
294,13,3,64,1,0,0,0,2,2,649212,712491,3161,7,649205,175,1,638387,0,648636,0,1,0,0
294,13,3,64,1,0,1,0,3,3,653277,712491,3161,121,653156,175,1,639209,0,649458,0,1,0,0
294,13,3,64,1,0,2,1,0,1,708606,712491,3161,258,708348,175,1,697536,0,707785,0,1,0,0
294,13,3,64,1,0,3,1,1,2,708928,712491,3161,422,708506,175,1,698037,0,708286,0,1,0,0
294,13,3,64,1,0,4,1,2,3,711483,712491,3161,604,710879,175,1,698384,0,708633,0,1,0,0
294,13,3,64,1,0,5,1,3,4,711615,712491,3161,840,710775,175,1,698712,0,708961,0,1,0,0
294,13,3,64,1,0,6,2,0,2,711754,712491,3161,1127,710627,175,1,698677,0,708926,0,1,0,0
294,13,3,64,1,0,7,2,1,3,711892,712491,3161,1415,710477,175,1,698686,0,708935,0,1,0,0
294,13,3,64,1,0,8,2,2,4,712031,712491,3161,1712,710319,175,1,698558,0,708807,0,1,0,0
294,13,3,64,1,0,9,2,3,5,712171,712491,3161,1992,710179,175,1,698420,0,708669,0,1,0,0
294,13,3,64,1,0,10,3,0,3,712310,712491,3161,2281,710029,175,1,698254,0,708503,0,1,0,0
294,13,3,64,1,0,11,3,1,4,712450,712491,3161,2587,709863,175,1,698025,0,708274,0,1,0,0
294,13,3,64,1,0,12,3,2,5,711292,712491,3161,2866,708426,175,1,697791,0,708040,0,1,0,0
295,1,1,128,1,0,0,0,2,2,89805,89827,121,7,89798,512,1,84523,0,89652,0,1,0,0
296,1,2,128,1,0,0,0,2,2,89811,89833,135,7,89804,512,1,84515,0,89644,0,1,0,0
297,1,3,128,1,0,0,0,2,2,89820,89842,121,7,89813,512,1,84538,0,89667,0,1,0,0
298,2,1,128,1,0,0,0,2,2,127128,127338,324,7,127121,256,1,121725,0,126854,0,1,0,0
298,2,1,128,1,0,1,0,3,3,127311,127338,324,126,127185,256,1,121830,0,126959,0,1,0,0
299,2,2,128,1,0,0,0,2,2,127140,127349,324,7,127133,256,1,121737,0,126866,0,1,0,0
299,2,2,128,1,0,1,0,3,3,127322,127349,324,126,127196,256,1,121842,0,126971,0,1,0,0
300,2,3,128,1,0,0,0,2,2,127136,127345,322,7,127129,256,1,121733,0,126862,0,1,0,0
300,2,3,128,1,0,1,0,3,3,127318,127345,322,126,127192,256,1,121840,0,126969,0,1,0,0
301,4,1,128,1,0,0,0,2,2,248970,249786,996,7,248963,128,1,243326,0,248455,0,1,0,0
301,4,1,128,1,0,1,0,3,3,249338,249786,996,123,249215,128,1,243615,0,248744,0,1,0,0
301,4,1,128,1,0,2,1,0,1,249584,249786,996,320,249264,128,1,243684,0,248813,0,1,0,0
301,4,1,128,1,0,3,1,1,2,249759,249786,996,616,249143,128,1,243607,0,248736,0,1,0,0
302,4,2,128,1,0,0,0,2,2,248982,249798,996,7,248975,128,1,243329,0,248458,0,1,0,0
302,4,2,128,1,0,1,0,3,3,249350,249798,996,121,249229,128,1,243629,0,248758,0,1,0,0
302,4,2,128,1,0,2,1,0,1,249599,249798,996,318,249281,128,1,243698,0,248827,0,1,0,0
302,4,2,128,1,0,3,1,1,2,249771,249798,996,614,249157,128,1,243619,0,248748,0,1,0,0
303,4,3,128,1,0,0,0,2,2,248926,249753,992,7,248919,128,1,243284,0,248413,0,1,0,0
303,4,3,128,1,0,1,0,3,3,249303,249753,992,121,249182,128,1,243575,0,248704,0,1,0,0
303,4,3,128,1,0,2,1,0,1,249551,249753,992,316,249235,128,1,243655,0,248784,0,1,0,0
303,4,3,128,1,0,3,1,1,2,249726,249753,992,612,249114,128,1,243578,0,248707,0,1,0,0
304,6,1,128,1,0,0,0,2,2,371347,372297,1987,7,371340,117,1,364274,0,369403,0,1,0,0
304,6,1,128,1,0,1,0,3,3,371591,372297,1987,121,371470,117,1,364799,0,369928,0,1,0,0
304,6,1,128,1,0,2,1,0,1,371832,372297,1987,316,371516,117,1,365092,0,370221,0,1,0,0
304,6,1,128,1,0,3,1,1,2,371972,372297,1987,612,371360,117,1,365200,0,370329,0,1,0,0
304,6,1,128,1,0,4,1,2,3,372111,372297,1987,986,371125,117,1,365196,0,370325,0,1,0,0
304,6,1,128,1,0,5,1,3,4,372270,372297,1987,1478,370792,117,1,364820,0,369949,0,1,0,0
305,6,2,128,1,0,0,0,2,2,370683,372084,1977,7,370676,117,1,364194,0,369323,0,1,0,0
305,6,2,128,1,0,1,0,3,3,371171,372084,1977,121,371050,117,1,364728,0,369857,0,1,0,0
305,6,2,128,1,0,2,1,0,1,371533,372084,1977,318,371215,117,1,365033,0,370162,0,1,0,0
305,6,2,128,1,0,3,1,1,2,371776,372084,1977,614,371162,117,1,365147,0,370276,0,1,0,0
305,6,2,128,1,0,4,1,2,3,371917,372084,1977,988,370929,117,1,365139,0,370268,0,1,0,0
305,6,2,128,1,0,5,1,3,4,372057,372084,1977,1480,370577,117,1,364775,0,369904,0,1,0,0
306,6,3,128,1,0,0,0,2,2,370622,372025,1999,7,370615,117,1,364136,0,369265,0,1,0,0
306,6,3,128,1,0,1,0,3,3,371109,372025,1999,121,370988,117,1,364667,0,369796,0,1,0,0
306,6,3,128,1,0,2,1,0,1,371472,372025,1999,318,371154,117,1,364948,0,370077,0,1,0,0
306,6,3,128,1,0,3,1,1,2,371718,372025,1999,637,371081,117,1,365064,0,370193,0,1,0,0
306,6,3,128,1,0,4,1,2,3,371859,372025,1999,1010,370849,117,1,365056,0,370185,0,1,0,0
306,6,3,128,1,0,5,1,3,4,371998,372025,1999,1502,370496,117,1,364695,0,369824,0,1,0,0
307,8,1,128,1,0,0,0,2,2,493411,494515,2964,7,493404,119,1,484351,0,489480,0,1,0,0
307,8,1,128,1,0,1,0,3,3,493656,494515,2964,121,493535,119,1,485229,0,490358,0,1,0,0
307,8,1,128,1,0,2,1,0,1,493796,494515,2964,318,493478,119,1,485764,0,490893,0,1,0,0
307,8,1,128,1,0,3,1,1,2,493933,494515,2964,614,493319,119,1,486219,0,491348,0,1,0,0
307,8,1,128,1,0,4,1,2,3,494072,494515,2964,988,493084,119,1,486431,0,491560,0,1,0,0
307,8,1,128,1,0,5,1,3,4,494211,494515,2964,1480,492731,119,1,486287,0,491416,0,1,0,0
307,8,1,128,1,0,6,2,0,2,494350,494515,2964,1971,492379,119,1,486022,0,491151,0,1,0,0
307,8,1,128,1,0,7,2,1,3,494488,494515,2964,2466,492022,119,1,485663,0,490792,0,1,0,0
308,8,2,128,1,0,0,0,2,2,493141,494245,2990,7,493134,119,1,484081,0,489210,0,1,0,0
308,8,2,128,1,0,1,0,3,3,493386,494245,2990,121,493265,119,1,484960,0,490089,0,1,0,0
308,8,2,128,1,0,2,1,0,1,493526,494245,2990,316,493210,119,1,485493,0,490622,0,1,0,0
308,8,2,128,1,0,3,1,1,2,493664,494245,2990,614,493050,119,1,485947,0,491076,0,1,0,0
308,8,2,128,1,0,4,1,2,3,493802,494245,2990,990,492812,119,1,486138,0,491267,0,1,0,0
308,8,2,128,1,0,5,1,3,4,493941,494245,2990,1503,492438,119,1,485994,0,491123,0,1,0,0
308,8,2,128,1,0,6,2,0,2,494080,494245,2990,1994,492086,119,1,485729,0,490858,0,1,0,0
308,8,2,128,1,0,7,2,1,3,494218,494245,2990,2489,491729,119,1,485367,0,490496,0,1,0,0
309,8,3,128,1,0,0,0,2,2,489600,494270,2968,7,489593,119,1,484084,0,489213,0,1,0,0
309,8,3,128,1,0,1,0,3,3,493308,494270,2968,121,493187,119,1,484968,0,490097,0,1,0,0
309,8,3,128,1,0,2,1,0,1,493553,494270,2968,318,493235,119,1,485503,0,490632,0,1,0,0
309,8,3,128,1,0,3,1,1,2,493690,494270,2968,614,493076,119,1,485983,0,491112,0,1,0,0
309,8,3,128,1,0,4,1,2,3,493827,494270,2968,988,492839,119,1,486203,0,491332,0,1,0,0
309,8,3,128,1,0,5,1,3,4,493966,494270,2968,1480,492486,119,1,486067,0,491196,0,1,0,0
309,8,3,128,1,0,6,2,0,2,494106,494270,2968,1971,492135,119,1,485806,0,490935,0,1,0,0
309,8,3,128,1,0,7,2,1,3,494243,494270,2968,2466,491777,119,1,485428,0,490557,0,1,0,0
310,10,1,128,1,0,0,0,2,2,619150,624291,3955,7,619143,103,1,611944,0,617073,0,1,0,0
310,10,1,128,1,0,1,0,3,3,619638,624291,3955,121,619517,103,1,613202,0,618331,0,1,0,0
310,10,1,128,1,0,2,1,0,1,620118,624291,3955,318,619800,103,1,613986,0,619115,0,1,0,0
310,10,1,128,1,0,3,1,1,2,623566,624291,3955,614,622952,103,1,614689,0,619818,0,1,0,0
310,10,1,128,1,0,4,1,2,3,623695,624291,3955,988,622707,103,1,615233,0,620362,0,1,0,0
310,10,1,128,1,0,5,1,3,4,623834,624291,3955,1495,622339,103,1,615315,0,620444,0,1,0,0
310,10,1,128,1,0,6,2,0,2,623973,624291,3955,1986,621987,103,1,615152,0,620281,0,1,0,0
310,10,1,128,1,0,7,2,1,3,624111,624291,3955,2484,621627,103,1,614899,0,620028,0,1,0,0
310,10,1,128,1,0,8,2,2,4,624250,624291,3955,2976,621274,103,1,614643,0,619772,0,1,0,0
310,10,1,128,1,0,9,2,3,5,623384,624291,3955,3462,619922,103,1,614273,0,619402,0,1,0,0
311,10,2,128,1,0,0,0,2,2,619372,624504,3959,7,619365,103,1,612164,0,617293,0,1,0,0
311,10,2,128,1,0,1,0,3,3,619855,624504,3959,121,619734,103,1,613425,0,618554,0,1,0,0
311,10,2,128,1,0,2,1,0,1,620337,624504,3959,318,620019,103,1,614180,0,619309,0,1,0,0
311,10,2,128,1,0,3,1,1,2,623779,624504,3959,637,623142,103,1,614883,0,620012,0,1,0,0
311,10,2,128,1,0,4,1,2,3,623909,624504,3959,1010,622899,103,1,615442,0,620571,0,1,0,0
311,10,2,128,1,0,5,1,3,4,624048,624504,3959,1502,622546,103,1,615524,0,620653,0,1,0,0
311,10,2,128,1,0,6,2,0,2,624187,624504,3959,1993,622194,103,1,615365,0,620494,0,1,0,0
311,10,2,128,1,0,7,2,1,3,624324,624504,3959,2487,621837,103,1,615110,0,620239,0,1,0,0
311,10,2,128,1,0,8,2,2,4,624463,624504,3959,2978,621485,103,1,614853,0,619982,0,1,0,0
311,10,2,128,1,0,9,2,3,5,623597,624504,3959,3465,620132,103,1,614483,0,619612,0,1,0,0
312,10,3,128,1,0,0,0,2,2,619448,624582,3941,7,619441,103,1,612243,0,617372,0,1,0,0
312,10,3,128,1,0,1,0,3,3,619933,624582,3941,121,619812,103,1,613501,0,618630,0,1,0,0
312,10,3,128,1,0,2,1,0,1,620415,624582,3941,318,620097,103,1,614283,0,619412,0,1,0,0
312,10,3,128,1,0,3,1,1,2,623858,624582,3941,614,623244,103,1,614984,0,620113,0,1,0,0
312,10,3,128,1,0,4,1,2,3,623987,624582,3941,988,622999,103,1,615543,0,620672,0,1,0,0
312,10,3,128,1,0,5,1,3,4,624126,624582,3941,1480,622646,103,1,615625,0,620754,0,1,0,0
312,10,3,128,1,0,6,2,0,2,624265,624582,3941,1971,622294,103,1,615465,0,620594,0,1,0,0
312,10,3,128,1,0,7,2,1,3,624402,624582,3941,2466,621936,103,1,615209,0,620338,0,1,0,0
312,10,3,128,1,0,8,2,2,4,624541,624582,3941,2958,621583,103,1,614952,0,620081,0,1,0,0
312,10,3,128,1,0,9,2,3,5,623676,624582,3941,3445,620231,103,1,614579,0,619708,0,1,0,0
313,13,1,128,1,0,0,0,2,2,773348,784918,5418,7,773341,118,1,764327,0,769456,0,1,0,0
313,13,1,128,1,0,1,0,3,3,773823,784918,5418,121,773702,118,1,766592,0,771721,0,1,0,0
313,13,1,128,1,0,2,1,0,1,780118,784918,5418,318,779800,118,1,772025,0,777154,0,1,0,0
313,13,1,128,1,0,3,1,1,2,780703,784918,5418,614,780089,118,1,773160,0,778289,0,1,0,0
313,13,1,128,1,0,4,1,2,3,781182,784918,5418,988,780194,118,1,774165,0,779294,0,1,0,0
313,13,1,128,1,0,5,1,3,4,784439,784918,5418,1502,782937,118,1,774626,0,779755,0,1,0,0
313,13,1,128,1,0,6,2,0,2,784571,784918,5418,1993,782578,118,1,774708,0,779837,0,1,0,0
313,13,1,128,1,0,7,2,1,3,784708,784918,5418,2488,782220,118,1,774691,0,779820,0,1,0,0
313,13,1,128,1,0,8,2,2,4,784848,784918,5418,2980,781868,118,1,774658,0,779787,0,1,0,0
313,13,1,128,1,0,9,2,3,5,783730,784918,5418,3469,780261,118,1,774397,0,779526,0,1,0,0
313,13,1,128,1,0,10,3,0,3,783963,784918,5418,3956,780007,118,1,774127,0,779256,0,1,0,0
313,13,1,128,1,0,11,3,1,4,784102,784918,5418,4443,779659,118,1,773763,0,778892,0,1,0,0
313,13,1,128,1,0,12,3,2,5,784243,784918,5418,4930,779313,118,1,773395,0,778524,0,1,0,0
314,13,2,128,1,0,0,0,2,2,775835,783708,5394,7,775828,118,1,765755,0,770884,0,1,0,0
314,13,2,128,1,0,1,0,3,3,776302,783708,5394,121,776181,118,1,767562,0,772691,0,1,0,0
314,13,2,128,1,0,2,1,0,1,776767,783708,5394,316,776451,118,1,770410,0,775539,0,1,0,0
314,13,2,128,1,0,3,1,1,2,782412,783708,5394,614,781798,118,1,771571,0,776700,0,1,0,0
314,13,2,128,1,0,4,1,2,3,782547,783708,5394,988,781559,118,1,772603,0,777732,0,1,0,0
314,13,2,128,1,0,5,1,3,4,782686,783708,5394,1481,781205,118,1,773043,0,778172,0,1,0,0
314,13,2,128,1,0,6,2,0,2,782845,783708,5394,1972,780873,118,1,773121,0,778250,0,1,0,0
314,13,2,128,1,0,7,2,1,3,782983,783708,5394,2467,780516,118,1,773104,0,778233,0,1,0,0
314,13,2,128,1,0,8,2,2,4,783122,783708,5394,2959,780163,118,1,773065,0,778194,0,1,0,0
314,13,2,128,1,0,9,2,3,5,783262,783708,5394,3446,779816,118,1,772806,0,777935,0,1,0,0
314,13,2,128,1,0,10,3,0,3,783402,783708,5394,3932,779470,118,1,772535,0,777664,0,1,0,0
314,13,2,128,1,0,11,3,1,4,783542,783708,5394,4419,779123,118,1,772163,0,777292,0,1,0,0
314,13,2,128,1,0,12,3,2,5,783681,783708,5394,4906,778775,118,1,771816,0,776945,0,1,0,0
315,13,3,128,1,0,0,0,2,2,773990,782948,5395,7,773983,118,1,766590,0,771719,0,1,0,0
315,13,3,128,1,0,1,0,3,3,774470,782948,5395,121,774349,118,1,768377,0,773506,0,1,0,0
315,13,3,128,1,0,2,1,0,1,780902,782948,5395,336,780566,118,1,769981,0,775110,0,1,0,0
315,13,3,128,1,0,3,1,1,2,781464,782948,5395,614,780850,118,1,771128,0,776257,0,1,0,0
315,13,3,128,1,0,4,1,2,3,781802,782948,5395,988,780814,118,1,772151,0,777280,0,1,0,0
315,13,3,128,1,0,5,1,3,4,781944,782948,5395,1480,780464,118,1,772616,0,777745,0,1,0,0
315,13,3,128,1,0,6,2,0,2,782083,782948,5395,1971,780112,118,1,772694,0,777823,0,1,0,0
315,13,3,128,1,0,7,2,1,3,782220,782948,5395,2466,779754,118,1,772675,0,777804,0,1,0,0
315,13,3,128,1,0,8,2,2,4,782359,782948,5395,2959,779400,118,1,772637,0,777766,0,1,0,0
315,13,3,128,1,0,9,2,3,5,782498,782948,5395,3446,779052,118,1,772376,0,777505,0,1,0,0
315,13,3,128,1,0,10,3,0,3,782637,782948,5395,3933,778704,118,1,772112,0,777241,0,1,0,0
315,13,3,128,1,0,11,3,1,4,782776,782948,5395,4420,778356,118,1,771740,0,776869,0,1,0,0
315,13,3,128,1,0,12,3,2,5,782921,782948,5395,4907,778014,118,1,771382,0,776511,0,1,0,0
316,1,1,256,1,0,0,0,2,2,77976,77998,121,7,77969,256,1,75254,0,77823,0,1,0,0
317,1,2,256,1,0,0,0,2,2,77998,78020,123,7,77991,256,1,75274,0,77843,0,1,0,0
318,1,3,256,1,0,0,0,2,2,78023,78045,127,7,78016,256,1,75295,0,77864,0,1,0,0
319,2,1,256,1,0,0,0,2,2,129088,129425,450,7,129081,128,1,126117,0,128686,0,1,0,0
319,2,1,256,1,0,1,0,3,3,129398,129425,450,126,129272,128,1,126352,0,128921,0,1,0,0
320,2,2,256,1,0,0,0,2,2,129149,129487,471,7,129142,128,1,126159,0,128728,0,1,0,0
320,2,2,256,1,0,1,0,3,3,129460,129487,471,145,129315,128,1,126391,0,128960,0,1,0,0
321,2,3,256,1,0,0,0,2,2,129078,129413,452,7,129071,128,1,126107,0,128676,0,1,0,0
321,2,3,256,1,0,1,0,3,3,129386,129413,452,126,129260,128,1,126337,0,128906,0,1,0,0
322,4,1,256,1,0,0,0,2,2,254283,255867,1760,7,254276,64,1,250817,0,253386,0,1,0,0
322,4,1,256,1,0,1,0,3,3,255034,255867,1760,121,254913,64,1,251489,0,254058,0,1,0,0
322,4,1,256,1,0,2,1,0,1,255556,255867,1760,446,255110,64,1,251688,0,254257,0,1,0,0
322,4,1,256,1,0,3,1,1,2,255840,255867,1760,997,254843,64,1,251484,0,254053,0,1,0,0
323,4,2,256,1,0,0,0,2,2,254251,255835,1762,7,254244,64,1,250785,0,253354,0,1,0,0
323,4,2,256,1,0,1,0,3,3,255003,255835,1762,121,254882,64,1,251457,0,254026,0,1,0,0
323,4,2,256,1,0,2,1,0,1,255507,255835,1762,446,255061,64,1,251655,0,254224,0,1,0,0
323,4,2,256,1,0,3,1,1,2,255808,255835,1762,998,254810,64,1,251450,0,254019,0,1,0,0
324,4,3,256,1,0,0,0,2,2,254238,255822,1762,7,254231,64,1,250772,0,253341,0,1,0,0
324,4,3,256,1,0,1,0,3,3,254989,255822,1762,121,254868,64,1,251426,0,253995,0,1,0,0
324,4,3,256,1,0,2,1,0,1,255493,255822,1762,465,255028,64,1,251642,0,254211,0,1,0,0
324,4,3,256,1,0,3,1,1,2,255795,255822,1762,998,254797,64,1,251437,0,254006,0,1,0,0
325,6,1,256,1,0,0,0,2,2,381329,383148,3779,7,381322,64,1,375124,0,377693,0,1,0,0
325,6,1,256,1,0,1,0,3,3,382092,383148,3779,125,381967,64,1,376296,0,378865,0,1,0,0
325,6,1,256,1,0,2,1,0,1,382592,383148,3779,450,382142,64,1,376986,0,379555,0,1,0,0
325,6,1,256,1,0,3,1,1,2,382842,383148,3779,1002,381840,64,1,377230,0,379799,0,1,0,0
325,6,1,256,1,0,4,1,2,3,382982,383148,3779,1763,381219,64,1,377222,0,379791,0,1,0,0
325,6,1,256,1,0,5,1,3,4,383121,383148,3779,2767,380354,64,1,376475,0,379044,0,1,0,0
326,6,2,256,1,0,0,0,2,2,381368,383170,3769,7,381361,64,1,375169,0,377738,0,1,0,0
326,6,2,256,1,0,1,0,3,3,382118,383170,3769,121,381997,64,1,376339,0,378908,0,1,0,0
326,6,2,256,1,0,2,1,0,1,382615,383170,3769,446,382169,64,1,377029,0,379598,0,1,0,0
326,6,2,256,1,0,3,1,1,2,382866,383170,3769,998,381868,64,1,377265,0,379834,0,1,0,0
326,6,2,256,1,0,4,1,2,3,383003,383170,3769,1756,381247,64,1,377257,0,379826,0,1,0,0
326,6,2,256,1,0,5,1,3,4,383143,383170,3769,2760,380383,64,1,376509,0,379078,0,1,0,0
327,6,3,256,1,0,0,0,2,2,381346,383150,3793,7,381339,64,1,375147,0,377716,0,1,0,0
327,6,3,256,1,0,1,0,3,3,382097,383150,3793,121,381976,64,1,376317,0,378886,0,1,0,0
327,6,3,256,1,0,2,1,0,1,382594,383150,3793,446,382148,64,1,377007,0,379576,0,1,0,0
327,6,3,256,1,0,3,1,1,2,382845,383150,3793,998,381847,64,1,377219,0,379788,0,1,0,0
327,6,3,256,1,0,4,1,2,3,382984,383150,3793,1780,381204,64,1,377211,0,379780,0,1,0,0
327,6,3,256,1,0,5,1,3,4,383123,383150,3793,2784,380339,64,1,376463,0,379032,0,1,0,0
328,8,1,256,1,0,0,0,2,2,507767,509841,5788,7,507760,64,1,497868,0,500437,0,1,0,0
328,8,1,256,1,0,1,0,3,3,508506,509841,5788,123,508383,64,1,499769,0,502338,0,1,0,0
328,8,1,256,1,0,2,1,0,1,509001,509841,5788,448,508553,64,1,500945,0,503514,0,1,0,0
328,8,1,256,1,0,3,1,1,2,509261,509841,5788,1000,508261,64,1,501928,0,504497,0,1,0,0
328,8,1,256,1,0,4,1,2,3,509398,509841,5788,1758,507640,64,1,502409,0,504978,0,1,0,0
328,8,1,256,1,0,5,1,3,4,509537,509841,5788,2762,506775,64,1,502135,0,504704,0,1,0,0
328,8,1,256,1,0,6,2,0,2,509676,509841,5788,3771,505905,64,1,501620,0,504189,0,1,0,0
328,8,1,256,1,0,7,2,1,3,509814,509841,5788,4778,505036,64,1,500877,0,503446,0,1,0,0
329,8,2,256,1,0,0,0,2,2,507922,510014,5819,7,507915,64,1,498012,0,500581,0,1,0,0
329,8,2,256,1,0,1,0,3,3,508685,510014,5819,143,508542,64,1,499913,0,502482,0,1,0,0
329,8,2,256,1,0,2,1,0,1,509179,510014,5819,468,508711,64,1,501089,0,503658,0,1,0,0
329,8,2,256,1,0,3,1,1,2,509434,510014,5819,1020,508414,64,1,502072,0,504641,0,1,0,0
329,8,2,256,1,0,4,1,2,3,509572,510014,5819,1778,507794,64,1,502544,0,505113,0,1,0,0
329,8,2,256,1,0,5,1,3,4,509711,510014,5819,2782,506929,64,1,502259,0,504828,0,1,0,0
329,8,2,256,1,0,6,2,0,2,509850,510014,5819,3802,506048,64,1,501767,0,504336,0,1,0,0
329,8,2,256,1,0,7,2,1,3,509987,510014,5819,4809,505178,64,1,501024,0,503593,0,1,0,0
330,8,3,256,1,0,0,0,2,2,507730,509811,5787,7,507723,64,1,497820,0,500389,0,1,0,0
330,8,3,256,1,0,1,0,3,3,508470,509811,5787,121,508349,64,1,499739,0,502308,0,1,0,0
330,8,3,256,1,0,2,1,0,1,508971,509811,5787,446,508525,64,1,500915,0,503484,0,1,0,0
330,8,3,256,1,0,3,1,1,2,509226,509811,5787,998,508228,64,1,501898,0,504467,0,1,0,0
330,8,3,256,1,0,4,1,2,3,509364,509811,5787,1756,507608,64,1,502367,0,504936,0,1,0,0
330,8,3,256,1,0,5,1,3,4,509503,509811,5787,2767,506736,64,1,502099,0,504668,0,1,0,0
330,8,3,256,1,0,6,2,0,2,509642,509811,5787,3770,505872,64,1,501591,0,504160,0,1,0,0
330,8,3,256,1,0,7,2,1,3,509784,509811,5787,4777,505007,64,1,500848,0,503417,0,1,0,0
331,10,1,256,1,0,0,0,2,2,622412,634593,7797,7,622405,64,1,618209,0,620778,0,1,0,0
331,10,1,256,1,0,1,0,3,3,632256,634593,7797,123,632133,64,1,620850,0,623419,0,1,0,0
331,10,1,256,1,0,2,1,0,1,633234,634593,7797,450,632784,64,1,622509,0,625078,0,1,0,0
331,10,1,256,1,0,3,1,1,2,633722,634593,7797,1003,632719,64,1,623971,0,626540,0,1,0,0
331,10,1,256,1,0,4,1,2,3,633859,634593,7797,1761,632098,64,1,625179,0,627748,0,1,0,0
331,10,1,256,1,0,5,1,3,4,633999,634593,7797,2779,631220,64,1,625398,0,627967,0,1,0,0
331,10,1,256,1,0,6,2,0,2,634138,634593,7797,3782,630356,64,1,625118,0,627687,0,1,0,0
331,10,1,256,1,0,7,2,1,3,634276,634593,7797,4789,629487,64,1,624602,0,627171,0,1,0,0
331,10,1,256,1,0,8,2,2,4,634415,634593,7797,5793,628622,64,1,624095,0,626664,0,1,0,0
331,10,1,256,1,0,9,2,3,5,634566,634593,7797,6792,627774,64,1,623342,0,625911,0,1,0,0
332,10,2,256,1,0,0,0,2,2,622451,634602,7792,7,622444,64,1,618250,0,620819,0,1,0,0
332,10,2,256,1,0,1,0,3,3,632275,634602,7792,121,632154,64,1,620894,0,623463,0,1,0,0
332,10,2,256,1,0,2,1,0,1,633254,634602,7792,446,632808,64,1,622556,0,625125,0,1,0,0
332,10,2,256,1,0,3,1,1,2,633741,634602,7792,998,632743,64,1,624017,0,626586,0,1,0,0
332,10,2,256,1,0,4,1,2,3,633878,634602,7792,1756,632122,64,1,625220,0,627789,0,1,0,0
332,10,2,256,1,0,5,1,3,4,634017,634602,7792,2760,631257,64,1,625438,0,628007,0,1,0,0
332,10,2,256,1,0,6,2,0,2,634159,634602,7792,3763,630396,64,1,625156,0,627725,0,1,0,0
332,10,2,256,1,0,7,2,1,3,634296,634602,7792,4770,629526,64,1,624640,0,627209,0,1,0,0
332,10,2,256,1,0,8,2,2,4,634435,634602,7792,5774,628661,64,1,624133,0,626702,0,1,0,0
332,10,2,256,1,0,9,2,3,5,634575,634602,7792,6773,627802,64,1,623366,0,625935,0,1,0,0
333,10,3,256,1,0,0,0,2,2,622426,634583,7779,7,622419,64,1,618225,0,620794,0,1,0,0
333,10,3,256,1,0,1,0,3,3,632250,634583,7779,121,632129,64,1,620867,0,623436,0,1,0,0
333,10,3,256,1,0,2,1,0,1,633228,634583,7779,446,632782,64,1,622529,0,625098,0,1,0,0
333,10,3,256,1,0,3,1,1,2,633718,634583,7779,998,632720,64,1,623990,0,626559,0,1,0,0
333,10,3,256,1,0,4,1,2,3,633857,634583,7779,1756,632101,64,1,625193,0,627762,0,1,0,0
333,10,3,256,1,0,5,1,3,4,633996,634583,7779,2760,631236,64,1,625411,0,627980,0,1,0,0
333,10,3,256,1,0,6,2,0,2,634135,634583,7779,3763,630372,64,1,625131,0,627700,0,1,0,0
333,10,3,256,1,0,7,2,1,3,634278,634583,7779,4770,629508,64,1,624614,0,627183,0,1,0,0
333,10,3,256,1,0,8,2,2,4,634417,634583,7779,5775,628642,64,1,624107,0,626676,0,1,0,0
333,10,3,256,1,0,9,2,3,5,634556,634583,7779,6774,627782,64,1,623354,0,625923,0,1,0,0
334,13,1,256,1,0,0,0,2,2,741107,820141,10786,7,741100,65,1,735918,0,738487,0,1,0,0
334,13,1,256,1,0,1,0,3,3,753872,820141,10786,121,753751,65,1,739538,0,742107,0,1,0,0
334,13,1,256,1,0,2,1,0,1,808720,820141,10786,446,808274,65,1,802434,0,805003,0,1,0,0
334,13,1,256,1,0,3,1,1,2,809703,820141,10786,998,808705,65,1,804861,0,807430,0,1,0,0
334,13,1,256,1,0,4,1,2,3,818999,820141,10786,1756,817243,65,1,807082,0,809651,0,1,0,0
334,13,1,256,1,0,5,1,3,4,819136,820141,10786,2760,816376,65,1,808017,0,810586,0,1,0,0
334,13,1,256,1,0,6,2,0,2,819275,820141,10786,3779,815496,65,1,808219,0,810788,0,1,0,0
334,13,1,256,1,0,7,2,1,3,819413,820141,10786,4786,814627,65,1,808202,0,810771,0,1,0,0
334,13,1,256,1,0,8,2,2,4,819554,820141,10786,5790,813764,65,1,808167,0,810736,0,1,0,0
334,13,1,256,1,0,9,2,3,5,819694,820141,10786,6789,812905,65,1,807655,0,810224,0,1,0,0
334,13,1,256,1,0,10,3,0,3,819833,820141,10786,7788,812045,65,1,807129,0,809698,0,1,0,0
334,13,1,256,1,0,11,3,1,4,819972,820141,10786,8787,811185,65,1,806380,0,808949,0,1,0,0
334,13,1,256,1,0,12,3,2,5,820114,820141,10786,9786,810328,65,1,805627,0,808196,0,1,0,0
335,13,2,256,1,0,0,0,2,2,741208,820257,10822,7,741201,65,1,735969,0,738538,0,1,0,0
335,13,2,256,1,0,1,0,3,3,753973,820257,10822,167,753806,65,1,739617,0,742186,0,1,0,0
335,13,2,256,1,0,2,1,0,1,808854,820257,10822,492,808362,65,1,802498,0,805067,0,1,0,0
335,13,2,256,1,0,3,1,1,2,809838,820257,10822,1044,808794,65,1,804950,0,807519,0,1,0,0
335,13,2,256,1,0,4,1,2,3,819112,820257,10822,1802,817310,65,1,807150,0,809719,0,1,0,0
335,13,2,256,1,0,5,1,3,4,819249,820257,10822,2806,816443,65,1,808101,0,810670,0,1,0,0
335,13,2,256,1,0,6,2,0,2,819388,820257,10822,3809,815579,65,1,808303,0,810872,0,1,0,0
335,13,2,256,1,0,7,2,1,3,819526,820257,10822,4816,814710,65,1,808286,0,810855,0,1,0,0
335,13,2,256,1,0,8,2,2,4,819665,820257,10822,5820,813845,65,1,808251,0,810820,0,1,0,0
335,13,2,256,1,0,9,2,3,5,819813,820257,10822,6819,812994,65,1,807739,0,810308,0,1,0,0
335,13,2,256,1,0,10,3,0,3,819952,820257,10822,7818,812134,65,1,807213,0,809782,0,1,0,0
335,13,2,256,1,0,11,3,1,4,820091,820257,10822,8817,811274,65,1,806458,0,809027,0,1,0,0
335,13,2,256,1,0,12,3,2,5,820230,820257,10822,9822,810408,65,1,805705,0,808274,0,1,0,0
336,13,3,256,1,0,0,0,2,2,741171,820214,10794,7,741164,65,1,735972,0,738541,0,1,0,0
336,13,3,256,1,0,1,0,3,3,753921,820214,10794,121,753800,65,1,739580,0,742149,0,1,0,0
336,13,3,256,1,0,2,1,0,1,808803,820214,10794,469,808334,65,1,802494,0,805063,0,1,0,0
336,13,3,256,1,0,3,1,1,2,809786,820214,10794,1021,808765,65,1,804919,0,807488,0,1,0,0
336,13,3,256,1,0,4,1,2,3,819076,820214,10794,1781,817295,65,1,807117,0,809686,0,1,0,0
336,13,3,256,1,0,5,1,3,4,819213,820214,10794,2784,816429,65,1,808072,0,810641,0,1,0,0
336,13,3,256,1,0,6,2,0,2,819354,820214,10794,3787,815567,65,1,808274,0,810843,0,1,0,0
336,13,3,256,1,0,7,2,1,3,819491,820214,10794,4794,814697,65,1,808273,0,810842,0,1,0,0
336,13,3,256,1,0,8,2,2,4,819630,820214,10794,5798,813832,65,1,808238,0,810807,0,1,0,0
336,13,3,256,1,0,9,2,3,5,819769,820214,10794,6797,812972,65,1,807726,0,810295,0,1,0,0
336,13,3,256,1,0,10,3,0,3,819908,820214,10794,7796,812112,65,1,807200,0,809769,0,1,0,0
336,13,3,256,1,0,11,3,1,4,820048,820214,10794,8795,811253,65,1,806451,0,809020,0,1,0,0
336,13,3,256,1,0,12,3,2,5,820187,820214,10794,9794,810393,65,1,805698,0,808267,0,1,0,0
337,1,1,512,1,0,0,0,2,2,71736,71758,121,7,71729,128,1,70294,0,71583,0,1,0,0
338,1,2,512,1,0,0,0,2,2,71730,71752,121,7,71723,128,1,70288,0,71577,0,1,0,0
339,1,3,512,1,0,0,0,2,2,71734,71756,121,7,71727,128,1,70292,0,71581,0,1,0,0
340,2,1,512,1,0,0,0,2,2,129683,130287,708,7,129676,64,1,127736,0,129025,0,1,0,0
340,2,1,512,1,0,1,0,3,3,130260,130287,708,126,130134,64,1,128235,0,129524,0,1,0,0
341,2,2,512,1,0,0,0,2,2,129703,130298,708,7,129696,64,1,127756,0,129045,0,1,0,0
341,2,2,512,1,0,1,0,3,3,130271,130298,708,126,130145,64,1,128245,0,129534,0,1,0,0
342,2,3,512,1,0,0,0,2,2,129695,130289,723,7,129688,64,1,127748,0,129037,0,1,0,0
342,2,3,512,1,0,1,0,3,3,130262,130289,723,126,130136,64,1,128222,0,129511,0,1,0,0
343,4,1,512,1,0,0,0,2,2,256132,259252,3298,7,256125,32,1,253180,0,254469,0,1,0,0
343,4,1,512,1,0,1,0,3,3,257650,259252,3298,121,257529,32,1,254619,0,255908,0,1,0,0
343,4,1,512,1,0,2,1,0,1,258667,259252,3298,702,257965,32,1,255072,0,256361,0,1,0,0
343,4,1,512,1,0,3,1,1,2,259225,259252,3298,1766,257459,32,1,254611,0,255900,0,1,0,0
344,4,2,512,1,0,0,0,2,2,256176,259296,3298,7,256169,32,1,253222,0,254511,0,1,0,0
344,4,2,512,1,0,1,0,3,3,257694,259296,3298,121,257573,32,1,254660,0,255949,0,1,0,0
344,4,2,512,1,0,2,1,0,1,258710,259296,3298,705,258005,32,1,255116,0,256405,0,1,0,0
344,4,2,512,1,0,3,1,1,2,259269,259296,3298,1766,257503,32,1,254655,0,255944,0,1,0,0
345,4,3,512,1,0,0,0,2,2,256187,259316,3298,7,256180,32,1,253233,0,254522,0,1,0,0
345,4,3,512,1,0,1,0,3,3,257715,259316,3298,121,257594,32,1,254674,0,255963,0,1,0,0
345,4,3,512,1,0,2,1,0,1,258730,259316,3298,702,258028,32,1,255136,0,256425,0,1,0,0
345,4,3,512,1,0,3,1,1,2,259289,259316,3298,1766,257523,32,1,254675,0,255964,0,1,0,0
346,6,1,512,1,0,0,0,2,2,385191,388528,7365,7,385184,32,1,376684,0,377973,0,1,0,0
346,6,1,512,1,0,1,0,3,3,386710,388528,7365,121,386589,32,1,379137,0,380426,0,1,0,0
346,6,1,512,1,0,2,1,0,1,387719,388528,7365,700,387019,32,1,380583,0,381872,0,1,0,0
346,6,1,512,1,0,3,1,1,2,388225,388528,7365,1778,386447,32,1,381076,0,382365,0,1,0,0
346,6,1,512,1,0,4,1,2,3,388362,388528,7365,3304,385058,32,1,381068,0,382357,0,1,0,0
346,6,1,512,1,0,5,1,3,4,388501,388528,7365,5332,383169,32,1,379552,0,380841,0,1,0,0
347,6,2,512,1,0,0,0,2,2,385067,388441,7351,7,385060,32,1,376565,0,377854,0,1,0,0
347,6,2,512,1,0,1,0,3,3,386598,388441,7351,121,386477,32,1,379016,0,380305,0,1,0,0
347,6,2,512,1,0,2,1,0,1,387606,388441,7351,700,386906,32,1,380474,0,381763,0,1,0,0
347,6,2,512,1,0,3,1,1,2,388138,388441,7351,1764,386374,32,1,380979,0,382268,0,1,0,0
347,6,2,512,1,0,4,1,2,3,388275,388441,7351,3290,384985,32,1,380971,0,382260,0,1,0,0
347,6,2,512,1,0,5,1,3,4,388414,388441,7351,5318,383096,32,1,379455,0,380744,0,1,0,0
348,6,3,512,1,0,0,0,2,2,385145,388507,7353,7,385138,32,1,376642,0,377931,0,1,0,0
348,6,3,512,1,0,1,0,3,3,386667,388507,7353,121,386546,32,1,379093,0,380382,0,1,0,0
348,6,3,512,1,0,2,1,0,1,387674,388507,7353,702,386972,32,1,380550,0,381839,0,1,0,0
348,6,3,512,1,0,3,1,1,2,388181,388507,7353,1766,386415,32,1,381042,0,382331,0,1,0,0
348,6,3,512,1,0,4,1,2,3,388341,388507,7353,3292,385049,32,1,381036,0,382325,0,1,0,0
348,6,3,512,1,0,5,1,3,4,388480,388507,7353,5320,383160,32,1,379520,0,380809,0,1,0,0
349,8,1,512,1,0,0,0,2,2,514184,517792,11414,7,514177,32,1,498127,0,499416,0,1,0,0
349,8,1,512,1,0,1,0,3,3,515691,517792,11414,121,515570,32,1,502092,0,503381,0,1,0,0
349,8,1,512,1,0,2,1,0,1,516700,517792,11414,709,515991,32,1,504553,0,505842,0,1,0,0
349,8,1,512,1,0,3,1,1,2,517209,517792,11414,1766,515443,32,1,506564,0,507853,0,1,0,0
349,8,1,512,1,0,4,1,2,3,517347,517792,11414,3292,514055,32,1,507548,0,508837,0,1,0,0
349,8,1,512,1,0,5,1,3,4,517486,517792,11414,5320,512166,32,1,507024,0,508313,0,1,0,0
349,8,1,512,1,0,6,2,0,2,517625,517792,11414,7347,510278,32,1,505997,0,507286,0,1,0,0
349,8,1,512,1,0,7,2,1,3,517765,517792,11414,9378,508387,32,1,504484,0,505773,0,1,0,0
350,8,2,512,1,0,0,0,2,2,514220,517823,11428,7,514213,32,1,498183,0,499472,0,1,0,0
350,8,2,512,1,0,1,0,3,3,515727,517823,11428,121,515606,32,1,502135,0,503424,0,1,0,0
350,8,2,512,1,0,2,1,0,1,516735,517823,11428,700,516035,32,1,504574,0,505863,0,1,0,0
350,8,2,512,1,0,3,1,1,2,517244,517823,11428,1780,515464,32,1,506581,0,507870,0,1,0,0
350,8,2,512,1,0,4,1,2,3,517381,517823,11428,3306,514075,32,1,507565,0,508854,0,1,0,0
350,8,2,512,1,0,5,1,3,4,517520,517823,11428,5334,512186,32,1,507046,0,508335,0,1,0,0
350,8,2,512,1,0,6,2,0,2,517659,517823,11428,7361,510298,32,1,506017,0,507306,0,1,0,0
350,8,2,512,1,0,7,2,1,3,517796,517823,11428,9394,508402,32,1,504506,0,505795,0,1,0,0
351,8,3,512,1,0,0,0,2,2,514217,517822,11418,7,514210,32,1,498185,0,499474,0,1,0,0
351,8,3,512,1,0,1,0,3,3,515724,517822,11418,121,515603,32,1,502135,0,503424,0,1,0,0
351,8,3,512,1,0,2,1,0,1,516733,517822,11418,702,516031,32,1,504583,0,505872,0,1,0,0
351,8,3,512,1,0,3,1,1,2,517242,517822,11418,1773,515469,32,1,506591,0,507880,0,1,0,0
351,8,3,512,1,0,4,1,2,3,517380,517822,11418,3298,514082,32,1,507575,0,508864,0,1,0,0
351,8,3,512,1,0,5,1,3,4,517519,517822,11418,5326,512193,32,1,507051,0,508340,0,1,0,0
351,8,3,512,1,0,6,2,0,2,517658,517822,11418,7353,510305,32,1,506024,0,507313,0,1,0,0
351,8,3,512,1,0,7,2,1,3,517795,517822,11418,9384,508411,32,1,504513,0,505802,0,1,0,0
352,10,1,512,1,0,0,0,2,2,621909,645864,15458,7,621902,32,1,617452,0,618741,0,1,0,0
352,10,1,512,1,0,1,0,3,3,641996,645864,15458,121,641875,32,1,622935,0,624224,0,1,0,0
352,10,1,512,1,0,2,1,0,1,643999,645864,15458,702,643297,32,1,626388,0,627677,0,1,0,0
352,10,1,512,1,0,3,1,1,2,645006,645864,15458,1766,643240,32,1,629385,0,630674,0,1,0,0
352,10,1,512,1,0,4,1,2,3,645143,645864,15458,3292,641851,32,1,631868,0,633157,0,1,0,0
352,10,1,512,1,0,5,1,3,4,645283,645864,15458,5320,639963,32,1,632342,0,633631,0,1,0,0
352,10,1,512,1,0,6,2,0,2,645422,645864,15458,7347,638075,32,1,631806,0,633095,0,1,0,0
352,10,1,512,1,0,7,2,1,3,645559,645864,15458,9378,636181,32,1,630778,0,632067,0,1,0,0
352,10,1,512,1,0,8,2,2,4,645698,645864,15458,11406,634292,32,1,629766,0,631055,0,1,0,0
352,10,1,512,1,0,9,2,3,5,645837,645864,15458,13429,632408,32,1,628244,0,629533,0,1,0,0
353,10,2,512,1,0,0,0,2,2,621956,645891,15464,7,621949,32,1,617496,0,618785,0,1,0,0
353,10,2,512,1,0,1,0,3,3,642026,645891,15464,124,641902,32,1,622943,0,624232,0,1,0,0
353,10,2,512,1,0,2,1,0,1,644029,645891,15464,717,643312,32,1,626416,0,627705,0,1,0,0
353,10,2,512,1,0,3,1,1,2,645028,645891,15464,1769,643259,32,1,629413,0,630702,0,1,0,0
353,10,2,512,1,0,4,1,2,3,645166,645891,15464,3295,641871,32,1,631893,0,633182,0,1,0,0
353,10,2,512,1,0,5,1,3,4,645305,645891,15464,5326,639979,32,1,632367,0,633656,0,1,0,0
353,10,2,512,1,0,6,2,0,2,645444,645891,15464,7353,638091,32,1,631829,0,633118,0,1,0,0
353,10,2,512,1,0,7,2,1,3,645584,645891,15464,9384,636200,32,1,630801,0,632090,0,1,0,0
353,10,2,512,1,0,8,2,2,4,645724,645891,15464,11412,634312,32,1,629782,0,631071,0,1,0,0
353,10,2,512,1,0,9,2,3,5,645864,645891,15464,13435,632429,32,1,628260,0,629549,0,1,0,0
354,10,3,512,1,0,0,0,2,2,621918,645877,15454,7,621911,32,1,617461,0,618750,0,1,0,0
354,10,3,512,1,0,1,0,3,3,641994,645877,15454,121,641873,32,1,622929,0,624218,0,1,0,0
354,10,3,512,1,0,2,1,0,1,644000,645877,15454,700,643300,32,1,626384,0,627673,0,1,0,0
354,10,3,512,1,0,3,1,1,2,644998,645877,15454,1762,643236,32,1,629385,0,630674,0,1,0,0
354,10,3,512,1,0,4,1,2,3,645136,645877,15454,3288,641848,32,1,631868,0,633157,0,1,0,0
354,10,3,512,1,0,5,1,3,4,645275,645877,15454,5316,639959,32,1,632342,0,633631,0,1,0,0
354,10,3,512,1,0,6,2,0,2,645414,645877,15454,7343,638071,32,1,631807,0,633096,0,1,0,0
354,10,3,512,1,0,7,2,1,3,645551,645877,15454,9374,636177,32,1,630779,0,632068,0,1,0,0
354,10,3,512,1,0,8,2,2,4,645711,645877,15454,11402,634309,32,1,629762,0,631051,0,1,0,0
354,10,3,512,1,0,9,2,3,5,645850,645877,15454,13425,632425,32,1,628240,0,629529,0,1,0,0
355,13,1,512,1,0,0,0,2,2,754799,836531,21557,7,754792,32,1,734297,0,735586,0,1,0,0
355,13,1,512,1,0,1,0,3,3,756807,836531,21557,121,756686,32,1,741765,0,743054,0,1,0,0
355,13,1,512,1,0,2,1,0,1,824948,836531,21557,702,824246,32,1,806334,0,807623,0,1,0,0
355,13,1,512,1,0,3,1,1,2,826950,836531,21557,1766,825184,32,1,811319,0,812608,0,1,0,0
355,13,1,512,1,0,4,1,2,3,828949,836531,21557,3292,825657,32,1,815810,0,817099,0,1,0,0
355,13,1,512,1,0,5,1,3,4,830961,836531,21557,5322,825639,32,1,817781,0,819070,0,1,0,0
355,13,1,512,1,0,6,2,0,2,832952,836531,21557,7353,825599,32,1,818241,0,819530,0,1,0,0
355,13,1,512,1,0,7,2,1,3,834944,836531,21557,9384,825560,32,1,818230,0,819519,0,1,0,0
355,13,1,512,1,0,8,2,2,4,835947,836531,21557,11412,824535,32,1,818193,0,819482,0,1,0,0
355,13,1,512,1,0,9,2,3,5,836086,836531,21557,13443,822643,32,1,817174,0,818463,0,1,0,0
355,13,1,512,1,0,10,3,0,3,836226,836531,21557,15466,820760,32,1,816136,0,817425,0,1,0,0
355,13,1,512,1,0,11,3,1,4,836365,836531,21557,17489,818876,32,1,814605,0,815894,0,1,0,0
355,13,1,512,1,0,12,3,2,5,836504,836531,21557,19533,816971,32,1,813085,0,814374,0,1,0,0
356,13,2,512,1,0,0,0,2,2,754726,836486,21523,7,754719,32,1,734232,0,735521,0,1,0,0
356,13,2,512,1,0,1,0,3,3,756735,836486,21523,121,756614,32,1,741679,0,742968,0,1,0,0
356,13,2,512,1,0,2,1,0,1,824875,836486,21523,702,824173,32,1,806242,0,807531,0,1,0,0
356,13,2,512,1,0,3,1,1,2,826877,836486,21523,1766,825111,32,1,811249,0,812538,0,1,0,0
356,13,2,512,1,0,4,1,2,3,828876,836486,21523,3292,825584,32,1,815739,0,817028,0,1,0,0
356,13,2,512,1,0,5,1,3,4,830889,836486,21523,5320,825569,32,1,817714,0,819003,0,1,0,0
356,13,2,512,1,0,6,2,0,2,832880,836486,21523,7347,825533,32,1,818171,0,819460,0,1,0,0
356,13,2,512,1,0,7,2,1,3,834873,836486,21523,9381,825492,32,1,818161,0,819450,0,1,0,0
356,13,2,512,1,0,8,2,2,4,835875,836486,21523,11409,824466,32,1,818132,0,819421,0,1,0,0
356,13,2,512,1,0,9,2,3,5,836014,836486,21523,13432,822582,32,1,817113,0,818402,0,1,0,0
356,13,2,512,1,0,10,3,0,3,836181,836486,21523,15455,820726,32,1,816075,0,817364,0,1,0,0
356,13,2,512,1,0,11,3,1,4,836320,836486,21523,17478,818842,32,1,814567,0,815856,0,1,0,0
356,13,2,512,1,0,12,3,2,5,836459,836486,21523,19499,816960,32,1,813047,0,814336,0,1,0,0
357,13,3,512,1,0,0,0,2,2,754892,836645,21572,7,754885,32,1,734389,0,735678,0,1,0,0
357,13,3,512,1,0,1,0,3,3,756899,836645,21572,121,756778,32,1,741859,0,743148,0,1,0,0
357,13,3,512,1,0,2,1,0,1,825059,836645,21572,702,824357,32,1,806428,0,807717,0,1,0,0
357,13,3,512,1,0,3,1,1,2,827061,836645,21572,1766,825295,32,1,811412,0,812701,0,1,0,0
357,13,3,512,1,0,4,1,2,3,829060,836645,21572,3295,825765,32,1,815894,0,817183,0,1,0,0
357,13,3,512,1,0,5,1,3,4,831072,836645,21572,5330,825742,32,1,817888,0,819177,0,1,0,0
357,13,3,512,1,0,6,2,0,2,833063,836645,21572,7357,825706,32,1,818348,0,819637,0,1,0,0
357,13,3,512,1,0,7,2,1,3,835055,836645,21572,9388,825667,32,1,818314,0,819603,0,1,0,0
357,13,3,512,1,0,8,2,2,4,836058,836645,21572,11439,824619,32,1,818285,0,819574,0,1,0,0
357,13,3,512,1,0,9,2,3,5,836198,836645,21572,13462,822736,32,1,817266,0,818555,0,1,0,0
357,13,3,512,1,0,10,3,0,3,836338,836645,21572,15485,820853,32,1,816212,0,817501,0,1,0,0
357,13,3,512,1,0,11,3,1,4,836478,836645,21572,17525,818953,32,1,814701,0,815990,0,1,0,0
357,13,3,512,1,0,12,3,2,5,836618,836645,21572,19548,817070,32,1,813181,0,814470,0,1,0,0
358,1,1,1024,1,0,0,0,2,2,68735,68757,121,7,68728,64,1,67933,0,68582,0,1,0,0
359,1,2,1024,1,0,0,0,2,2,68733,68755,121,7,68726,64,1,67931,0,68580,0,1,0,0
360,1,3,1024,1,0,0,0,2,2,68744,68766,121,7,68737,64,1,67942,0,68591,0,1,0,0
361,2,1,1024,1,0,0,0,2,2,129801,130906,1221,7,129794,32,1,127982,0,128631,0,1,0,0
361,2,1,1024,1,0,1,0,3,3,130879,130906,1221,126,130753,32,1,128982,0,129631,0,1,0,0
362,2,2,1024,1,0,0,0,2,2,129809,130914,1220,7,129802,32,1,127990,0,128639,0,1,0,0
362,2,2,1024,1,0,1,0,3,3,130887,130914,1220,126,130761,32,1,128990,0,129639,0,1,0,0
363,2,3,1024,1,0,0,0,2,2,129814,130920,1220,7,129807,32,1,127995,0,128644,0,1,0,0
363,2,3,1024,1,0,1,0,3,3,130893,130920,1220,126,130767,32,1,128995,0,129644,0,1,0,0
364,4,1,1024,1,0,0,0,2,2,253798,261022,6370,7,253791,22,1,250962,0,251611,0,1,0,0
364,4,1,1024,1,0,1,0,3,3,256856,261022,6370,121,256735,22,1,253942,0,254591,0,1,0,0
364,4,1,1024,1,0,2,1,0,1,258896,261022,6370,1214,257682,22,1,254908,0,255557,0,1,0,0
364,4,1,1024,1,0,3,1,1,2,260995,261022,6370,3302,257693,22,1,253950,0,254599,0,1,0,0
365,4,2,1024,1,0,0,0,2,2,253806,261028,6370,7,253799,22,1,250970,0,251619,0,1,0,0
365,4,2,1024,1,0,1,0,3,3,256865,261028,6370,121,256744,22,1,253950,0,254599,0,1,0,0
365,4,2,1024,1,0,2,1,0,1,258906,261028,6370,1214,257692,22,1,254916,0,255565,0,1,0,0
365,4,2,1024,1,0,3,1,1,2,261001,261028,6370,3302,257699,22,1,253956,0,254605,0,1,0,0
366,4,3,1024,1,0,0,0,2,2,253798,261022,6371,7,253791,22,1,250961,0,251610,0,1,0,0
366,4,3,1024,1,0,1,0,3,3,256857,261022,6371,122,256735,22,1,253941,0,254590,0,1,0,0
366,4,3,1024,1,0,2,1,0,1,258898,261022,6371,1215,257683,22,1,254907,0,255556,0,1,0,0
366,4,3,1024,1,0,3,1,1,2,260995,261022,6371,3303,257692,22,1,253949,0,254598,0,1,0,0
367,6,1,1024,1,0,0,0,2,2,382101,391433,12495,7,382094,21,1,370116,0,370765,0,1,0,0
367,6,1,1024,1,0,1,0,3,3,385162,391433,12495,121,385041,21,1,375134,0,375783,0,1,0,0
367,6,1,1024,1,0,2,1,0,1,388210,391433,12495,1212,386998,21,1,379141,0,379790,0,1,0,0
367,6,1,1024,1,0,3,1,1,2,390246,391433,12495,3300,386946,21,1,381166,0,381815,0,1,0,0
367,6,1,1024,1,0,4,1,2,3,391267,391433,12495,6362,384905,21,1,380145,0,380794,0,1,0,0
367,6,1,1024,1,0,5,1,3,4,391406,391433,12495,9424,381982,21,1,378103,0,378752,0,1,0,0
368,6,2,1024,1,0,0,0,2,2,381083,391429,11474,7,381076,21,1,370108,0,370757,0,1,0,0
368,6,2,1024,1,0,1,0,3,3,384138,391429,11474,121,384017,21,1,376140,0,376789,0,1,0,0
368,6,2,1024,1,0,2,1,0,1,387188,391429,11474,1214,385974,21,1,381176,0,381825,0,1,0,0
368,6,2,1024,1,0,3,1,1,2,390241,391429,11474,3302,386939,21,1,382186,0,382835,0,1,0,0
368,6,2,1024,1,0,4,1,2,3,391262,391429,11474,5347,385915,21,1,381155,0,381804,0,1,0,0
368,6,2,1024,1,0,5,1,3,4,391402,391429,11474,8409,382993,21,1,379119,0,379768,0,1,0,0
369,6,3,1024,1,0,0,0,2,2,381090,391436,11474,7,381083,21,1,370115,0,370764,0,1,0,0
369,6,3,1024,1,0,1,0,3,3,384145,391436,11474,121,384024,21,1,376147,0,376796,0,1,0,0
369,6,3,1024,1,0,2,1,0,1,387195,391436,11474,1214,385981,21,1,381183,0,381832,0,1,0,0
369,6,3,1024,1,0,3,1,1,2,390248,391436,11474,3302,386946,21,1,382193,0,382842,0,1,0,0
369,6,3,1024,1,0,4,1,2,3,391269,391436,11474,5347,385922,21,1,381162,0,381811,0,1,0,0
369,6,3,1024,1,0,5,1,3,4,391409,391436,11474,8409,383000,21,1,379126,0,379775,0,1,0,0
370,8,1,1024,1,0,0,0,2,2,509607,521231,18626,7,509600,21,1,486462,0,487111,0,1,0,0
370,8,1,1024,1,0,1,0,3,3,512661,521231,18626,121,512540,21,1,493503,0,494152,0,1,0,0
370,8,1,1024,1,0,2,1,0,1,515706,521231,18626,1214,514492,21,1,500542,0,501191,0,1,0,0
370,8,1,1024,1,0,3,1,1,2,518750,521231,18626,3314,515436,21,1,504585,0,505234,0,1,0,0
370,8,1,1024,1,0,4,1,2,3,520789,521231,18626,6376,514413,21,1,505586,0,506235,0,1,0,0
370,8,1,1024,1,0,5,1,3,4,520928,521231,18626,9438,511490,21,1,504563,0,505212,0,1,0,0
370,8,1,1024,1,0,6,2,0,2,521067,521231,18626,12500,508567,21,1,503537,0,504186,0,1,0,0
370,8,1,1024,1,0,7,2,1,3,521204,521231,18626,15558,505646,21,1,501490,0,502139,0,1,0,0
371,8,2,1024,1,0,0,0,2,2,508135,520763,17596,7,508128,21,1,486030,0,486679,0,1,0,0
371,8,2,1024,1,0,1,0,3,3,511190,520763,17596,121,511069,21,1,493063,0,493712,0,1,0,0
371,8,2,1024,1,0,2,1,0,1,514231,520763,17596,1214,513017,21,1,500095,0,500744,0,1,0,0
371,8,2,1024,1,0,3,1,1,2,517277,520763,17596,3302,513975,21,1,504139,0,504788,0,1,0,0
371,8,2,1024,1,0,4,1,2,3,520320,520763,17596,6364,513956,21,1,505151,0,505800,0,1,0,0
371,8,2,1024,1,0,5,1,3,4,520459,520763,17596,9426,511033,21,1,505135,0,505784,0,1,0,0
371,8,2,1024,1,0,6,2,0,2,520599,520763,17596,12488,508111,21,1,503081,0,503730,0,1,0,0
371,8,2,1024,1,0,7,2,1,3,520736,520763,17596,15546,505190,21,1,502051,0,502700,0,1,0,0
372,8,3,1024,1,0,0,0,2,2,509594,521220,18614,7,509587,21,1,486449,0,487098,0,1,0,0
372,8,3,1024,1,0,1,0,3,3,512648,521220,18614,121,512527,21,1,493490,0,494139,0,1,0,0
372,8,3,1024,1,0,2,1,0,1,515690,521220,18614,1214,514476,21,1,500541,0,501190,0,1,0,0
372,8,3,1024,1,0,3,1,1,2,518737,521220,18614,3302,515435,21,1,504584,0,505233,0,1,0,0
372,8,3,1024,1,0,4,1,2,3,520775,521220,18614,6364,514411,21,1,505585,0,506234,0,1,0,0
372,8,3,1024,1,0,5,1,3,4,520914,521220,18614,9426,511488,21,1,504559,0,505208,0,1,0,0
372,8,3,1024,1,0,6,2,0,2,521056,521220,18614,12488,508568,21,1,503536,0,504185,0,1,0,0
372,8,3,1024,1,0,7,2,1,3,521193,521220,18614,15546,505647,21,1,501489,0,502138,0,1,0,0
373,10,1,1024,1,0,0,0,2,2,606938,651034,24741,7,606931,21,1,601054,0,601703,0,1,0,0
373,10,1,1024,1,0,1,0,3,3,637392,651034,24741,121,637271,21,1,610127,0,610776,0,1,0,0
373,10,1,1024,1,0,2,1,0,1,640447,651034,24741,1214,639233,21,1,620209,0,620858,0,1,0,0
373,10,1,1024,1,0,3,1,1,2,643491,651034,24741,3312,640179,21,1,626284,0,626933,0,1,0,0
373,10,1,1024,1,0,4,1,2,3,646537,651034,24741,6374,640163,21,1,629310,0,629959,0,1,0,0
373,10,1,1024,1,0,5,1,3,4,649577,651034,24741,9436,640141,21,1,630319,0,630968,0,1,0,0
373,10,1,1024,1,0,6,2,0,2,650592,651034,24741,12498,638094,21,1,630298,0,630947,0,1,0,0
373,10,1,1024,1,0,7,2,1,3,650729,651034,24741,15556,635173,21,1,629267,0,629916,0,1,0,0
373,10,1,1024,1,0,8,2,2,4,650868,651034,24741,18620,632248,21,1,627223,0,627872,0,1,0,0
373,10,1,1024,1,0,9,2,3,5,651007,651034,24741,21678,629329,21,1,625186,0,625835,0,1,0,0
374,10,2,1024,1,0,0,0,2,2,606001,651088,23710,7,605994,21,1,601142,0,601791,0,1,0,0
374,10,2,1024,1,0,1,0,3,3,636444,651088,23710,121,636323,21,1,613251,0,613900,0,1,0,0
374,10,2,1024,1,0,2,1,0,1,639500,651088,23710,1214,638286,21,1,624359,0,625008,0,1,0,0
374,10,2,1024,1,0,3,1,1,2,642527,651088,23710,3302,639225,21,1,627389,0,628038,0,1,0,0
374,10,2,1024,1,0,4,1,2,3,645573,651088,23710,5347,640226,21,1,630407,0,631056,0,1,0,0
374,10,2,1024,1,0,5,1,3,4,648615,651088,23710,8409,640206,21,1,631407,0,632056,0,1,0,0
374,10,2,1024,1,0,6,2,0,2,650644,651088,23710,11468,639176,21,1,631390,0,632039,0,1,0,0
374,10,2,1024,1,0,7,2,1,3,650783,651088,23710,14526,636257,21,1,630351,0,631000,0,1,0,0
374,10,2,1024,1,0,8,2,2,4,650922,651088,23710,17584,633338,21,1,628317,0,628966,0,1,0,0
374,10,2,1024,1,0,9,2,3,5,651061,651088,23710,20642,630419,21,1,626269,0,626918,0,1,0,0
375,10,3,1024,1,0,0,0,2,2,606914,651009,24730,7,606907,21,1,601026,0,601675,0,1,0,0
375,10,3,1024,1,0,1,0,3,3,637367,651009,24730,121,637246,21,1,610103,0,610752,0,1,0,0
375,10,3,1024,1,0,2,1,0,1,640422,651009,24730,1215,639207,21,1,620194,0,620843,0,1,0,0
375,10,3,1024,1,0,3,1,1,2,643465,651009,24730,3302,640163,21,1,626268,0,626917,0,1,0,0
375,10,3,1024,1,0,4,1,2,3,646511,651009,24730,6364,640147,21,1,629294,0,629943,0,1,0,0
375,10,3,1024,1,0,5,1,3,4,649551,651009,24730,9426,640125,21,1,630302,0,630951,0,1,0,0
375,10,3,1024,1,0,6,2,0,2,650566,651009,24730,12489,638077,21,1,630281,0,630930,0,1,0,0
375,10,3,1024,1,0,7,2,1,3,650703,651009,24730,15547,635156,21,1,629253,0,629902,0,1,0,0
375,10,3,1024,1,0,8,2,2,4,650842,651009,24730,18609,632233,21,1,627208,0,627857,0,1,0,0
375,10,3,1024,1,0,9,2,3,5,650982,651009,24730,21667,629315,21,1,625171,0,625820,0,1,0,0
376,13,1,1024,1,0,0,0,2,2,749025,844744,33890,7,749018,21,1,712735,0,713384,0,1,0,0
376,13,1,1024,1,0,1,0,3,3,752077,844744,33890,121,751956,21,1,725835,0,726484,0,1,0,0
376,13,1,1024,1,0,2,1,0,1,822106,844744,33890,1214,820892,21,1,795792,0,796441,0,1,0,0
376,13,1,1024,1,0,3,1,1,2,825155,844744,33890,3302,821853,21,1,805924,0,806573,0,1,0,0
376,13,1,1024,1,0,4,1,2,3,828196,844744,33890,6364,821832,21,1,811993,0,812642,0,1,0,0
376,13,1,1024,1,0,5,1,3,4,831242,844744,33890,9426,821816,21,1,815034,0,815683,0,1,0,0
376,13,1,1024,1,0,6,2,0,2,834287,844744,33890,12488,821799,21,1,817042,0,817691,0,1,0,0
376,13,1,1024,1,0,7,2,1,3,837330,844744,33890,15547,821783,21,1,817027,0,817676,0,1,0,0
376,13,1,1024,1,0,8,2,2,4,840377,844744,33890,18609,821768,21,1,816008,0,816657,0,1,0,0
376,13,1,1024,1,0,9,2,3,5,843423,844744,33890,21667,821756,21,1,815997,0,816646,0,1,0,0
376,13,1,1024,1,0,10,3,0,3,844438,844744,33890,24724,819714,21,1,813947,0,814596,0,1,0,0
376,13,1,1024,1,0,11,3,1,4,844577,844744,33890,27774,816803,21,1,811904,0,812553,0,1,0,0
376,13,1,1024,1,0,12,3,2,5,844717,844744,33890,30827,813890,21,1,809882,0,810531,0,1,0,0
377,13,2,1024,1,0,0,0,2,2,749035,844753,33886,7,749028,21,1,712734,0,713383,0,1,0,0
377,13,2,1024,1,0,1,0,3,3,752086,844753,33886,121,751965,21,1,725829,0,726478,0,1,0,0
377,13,2,1024,1,0,2,1,0,1,822116,844753,33886,1214,820902,21,1,795802,0,796451,0,1,0,0
377,13,2,1024,1,0,3,1,1,2,825165,844753,33886,3302,821863,21,1,805934,0,806583,0,1,0,0
377,13,2,1024,1,0,4,1,2,3,828205,844753,33886,6364,821841,21,1,812003,0,812652,0,1,0,0
377,13,2,1024,1,0,5,1,3,4,831252,844753,33886,9426,821826,21,1,815044,0,815693,0,1,0,0
377,13,2,1024,1,0,6,2,0,2,834297,844753,33886,12488,821809,21,1,817053,0,817702,0,1,0,0
377,13,2,1024,1,0,7,2,1,3,837341,844753,33886,15546,821795,21,1,817038,0,817687,0,1,0,0
377,13,2,1024,1,0,8,2,2,4,840387,844753,33886,18608,821779,21,1,816019,0,816668,0,1,0,0
377,13,2,1024,1,0,9,2,3,5,843433,844753,33886,21666,821767,21,1,816008,0,816657,0,1,0,0
377,13,2,1024,1,0,10,3,0,3,844447,844753,33886,24723,819724,21,1,813958,0,814607,0,1,0,0
377,13,2,1024,1,0,11,3,1,4,844586,844753,33886,27773,816813,21,1,811918,0,812567,0,1,0,0
377,13,2,1024,1,0,12,3,2,5,844726,844753,33886,30823,813903,21,1,809896,0,810545,0,1,0,0
378,13,3,1024,1,0,0,0,2,2,749165,844882,33899,7,749158,21,1,712844,0,713493,0,1,0,0
378,13,3,1024,1,0,1,0,3,3,752220,844882,33899,121,752099,21,1,725949,0,726598,0,1,0,0
378,13,3,1024,1,0,2,1,0,1,822246,844882,33899,1214,821032,21,1,795918,0,796567,0,1,0,0
378,13,3,1024,1,0,3,1,1,2,825295,844882,33899,3315,821980,21,1,806051,0,806700,0,1,0,0
378,13,3,1024,1,0,4,1,2,3,828337,844882,33899,6377,821960,21,1,812120,0,812769,0,1,0,0
378,13,3,1024,1,0,5,1,3,4,831385,844882,33899,9439,821946,21,1,815161,0,815810,0,1,0,0
378,13,3,1024,1,0,6,2,0,2,834427,844882,33899,12501,821926,21,1,817173,0,817822,0,1,0,0
378,13,3,1024,1,0,7,2,1,3,837470,844882,33899,15559,821911,21,1,817155,0,817804,0,1,0,0
378,13,3,1024,1,0,8,2,2,4,840517,844882,33899,18621,821896,21,1,816136,0,816785,0,1,0,0
378,13,3,1024,1,0,9,2,3,5,843562,844882,33899,21679,821883,21,1,816125,0,816774,0,1,0,0
378,13,3,1024,1,0,10,3,0,3,844577,844882,33899,24736,819841,21,1,814075,0,814724,0,1,0,0
378,13,3,1024,1,0,11,3,1,4,844716,844882,33899,27786,816930,21,1,812035,0,812684,0,1,0,0
378,13,3,1024,1,0,12,3,2,5,844855,844882,33899,30836,814019,21,1,810013,0,810662,0,1,0,0
379,1,1,4096,1,0,0,0,2,2,66444,66466,121,7,66437,16,1,66122,0,66291,0,1,0,0
380,1,2,4096,1,0,0,0,2,2,66441,66463,121,7,66434,16,1,66119,0,66288,0,1,0,0
381,1,3,4096,1,0,0,0,2,2,66468,66490,124,7,66461,16,1,66143,0,66312,0,1,0,0
382,2,1,4096,1,0,0,0,2,2,123043,131303,4290,7,123036,16,1,122721,0,122890,0,1,0,0
382,2,1,4096,1,0,1,0,3,3,131276,131303,4290,126,131150,16,1,126796,0,126965,0,1,0,0
383,2,2,4096,1,0,0,0,2,2,123045,131305,4292,7,123038,16,1,122720,0,122889,0,1,0,0
383,2,2,4096,1,0,1,0,3,3,131278,131305,4292,126,131152,16,1,126795,0,126964,0,1,0,0
384,2,3,4096,1,0,0,0,2,2,123027,131287,4295,7,123020,16,1,122705,0,122874,0,1,0,0
384,2,3,4096,1,0,1,0,3,3,131260,131287,4295,126,131134,16,1,126774,0,126943,0,1,0,0
385,4,1,4096,1,0,0,0,2,2,229581,262521,12543,7,229574,16,1,229258,0,229427,0,1,0,0
385,4,1,4096,1,0,1,0,3,3,258257,262521,12543,121,258136,16,1,245581,0,245750,0,1,0,0
385,4,1,4096,1,0,2,1,0,1,262357,262521,12543,4286,258071,16,1,249607,0,249776,0,1,0,0
385,4,1,4096,1,0,3,1,1,2,262494,262521,12543,8442,254052,16,1,249611,0,249780,0,1,0,0
386,4,2,4096,1,0,0,0,2,2,229537,262463,12533,7,229530,16,1,229212,0,229381,0,1,0,0
386,4,2,4096,1,0,1,0,3,3,258199,262463,12533,124,258075,16,1,245520,0,245689,0,1,0,0
386,4,2,4096,1,0,2,1,0,1,262299,262463,12533,4291,258008,16,1,249560,0,249729,0,1,0,0
386,4,2,4096,1,0,3,1,1,2,262436,262463,12533,8432,254004,16,1,249564,0,249733,0,1,0,0
387,4,3,4096,1,0,0,0,2,2,229571,262499,12531,7,229564,16,1,229248,0,229417,0,1,0,0
387,4,3,4096,1,0,1,0,3,3,258234,262499,12531,122,258112,16,1,245558,0,245727,0,1,0,0
387,4,3,4096,1,0,2,1,0,1,262334,262499,12531,4289,258045,16,1,249598,0,249767,0,1,0,0
387,4,3,4096,1,0,3,1,1,2,262472,262499,12531,8430,254042,16,1,249602,0,249771,0,1,0,0
388,6,1,4096,1,0,0,0,2,2,344101,393527,20736,7,344094,16,1,327415,0,327584,0,1,0,0
388,6,1,4096,1,0,1,0,3,3,368659,393527,20736,121,368538,16,1,360082,0,360251,0,1,0,0
388,6,1,4096,1,0,2,1,0,1,389121,393527,20736,4286,384835,16,1,368218,0,368387,0,1,0,0
388,6,1,4096,1,0,3,1,1,2,393223,393527,20736,8429,384794,16,1,372306,0,372475,0,1,0,0
388,6,1,4096,1,0,4,1,2,3,393361,393527,20736,12524,380837,16,1,372300,0,372469,0,1,0,0
388,6,1,4096,1,0,5,1,3,4,393500,393527,20736,16624,376876,16,1,372294,0,372463,0,1,0,0
389,6,2,4096,1,0,0,0,2,2,344104,393545,20733,7,344097,16,1,327419,0,327588,0,1,0,0
389,6,2,4096,1,0,1,0,3,3,368666,393545,20733,121,368545,16,1,360088,0,360257,0,1,0,0
389,6,2,4096,1,0,2,1,0,1,389150,393545,20733,4286,384864,16,1,368223,0,368392,0,1,0,0
389,6,2,4096,1,0,3,1,1,2,393241,393545,20733,8429,384812,16,1,372334,0,372503,0,1,0,0
389,6,2,4096,1,0,4,1,2,3,393379,393545,20733,12525,380854,16,1,372328,0,372497,0,1,0,0
389,6,2,4096,1,0,5,1,3,4,393518,393545,20733,16624,376894,16,1,372315,0,372484,0,1,0,0
390,6,3,4096,1,0,0,0,2,2,344056,393496,20734,7,344049,16,1,327369,0,327538,0,1,0,0
390,6,3,4096,1,0,1,0,3,3,368639,393496,20734,121,368518,16,1,360062,0,360231,0,1,0,0
390,6,3,4096,1,0,2,1,0,1,389102,393496,20734,4286,384816,16,1,368199,0,368368,0,1,0,0
390,6,3,4096,1,0,3,1,1,2,393193,393496,20734,8429,384764,16,1,372287,0,372456,0,1,0,0
390,6,3,4096,1,0,4,1,2,3,393330,393496,20734,12524,380806,16,1,372280,0,372449,0,1,0,0
390,6,3,4096,1,0,5,1,3,4,393469,393496,20734,16625,376844,16,1,372266,0,372435,0,1,0,0
391,8,1,4096,1,0,0,0,2,2,425955,524497,28950,7,425948,16,1,425632,0,425801,0,1,0,0
391,8,1,4096,1,0,1,0,3,3,487342,524497,28950,121,487221,16,1,466486,0,466655,0,1,0,0
391,8,1,4096,1,0,2,1,0,1,491445,524497,28950,4286,487159,16,1,482802,0,482971,0,1,0,0
391,8,1,4096,1,0,3,1,1,2,515999,524497,28950,8430,507569,16,1,490996,0,491165,0,1,0,0
391,8,1,4096,1,0,4,1,2,3,520099,524497,28950,12525,507574,16,1,495092,0,495261,0,1,0,0
391,8,1,4096,1,0,5,1,3,4,524192,524497,28950,16625,507567,16,1,495076,0,495245,0,1,0,0
391,8,1,4096,1,0,6,2,0,2,524332,524497,28950,20730,503602,16,1,495065,0,495234,0,1,0,0
391,8,1,4096,1,0,7,2,1,3,524470,524497,28950,24825,499645,16,1,495047,0,495216,0,1,0,0
392,8,2,4096,1,0,0,0,2,2,425987,524524,28949,7,425980,16,1,425665,0,425834,0,1,0,0
392,8,2,4096,1,0,1,0,3,3,487373,524524,28949,121,487252,16,1,466516,0,466685,0,1,0,0
392,8,2,4096,1,0,2,1,0,1,491476,524524,28949,4286,487190,16,1,482813,0,482982,0,1,0,0
392,8,2,4096,1,0,3,1,1,2,516030,524524,28949,8450,507580,16,1,491006,0,491175,0,1,0,0
392,8,2,4096,1,0,4,1,2,3,520129,524524,28949,12545,507584,16,1,495103,0,495272,0,1,0,0
392,8,2,4096,1,0,5,1,3,4,524221,524524,28949,16645,507576,16,1,495089,0,495258,0,1,0,0
392,8,2,4096,1,0,6,2,0,2,524360,524524,28949,20748,503612,16,1,495078,0,495247,0,1,0,0
392,8,2,4096,1,0,7,2,1,3,524497,524524,28949,24843,499654,16,1,495079,0,495248,0,1,0,0
393,8,3,4096,1,0,0,0,2,2,425957,524499,28949,7,425950,16,1,425635,0,425804,0,1,0,0
393,8,3,4096,1,0,1,0,3,3,487361,524499,28949,121,487240,16,1,466491,0,466660,0,1,0,0
393,8,3,4096,1,0,2,1,0,1,491463,524499,28949,4286,487177,16,1,482823,0,482992,0,1,0,0
393,8,3,4096,1,0,3,1,1,2,516004,524499,28949,8429,507575,16,1,491016,0,491185,0,1,0,0
393,8,3,4096,1,0,4,1,2,3,520103,524499,28949,12524,507579,16,1,495098,0,495267,0,1,0,0
393,8,3,4096,1,0,5,1,3,4,524195,524499,28949,16624,507571,16,1,495084,0,495253,0,1,0,0
393,8,3,4096,1,0,6,2,0,2,524335,524499,28949,20727,503608,16,1,495052,0,495221,0,1,0,0
393,8,3,4096,1,0,7,2,1,3,524472,524499,28949,24843,499629,16,1,495053,0,495222,0,1,0,0
394,10,1,4096,1,0,0,0,2,2,532185,655374,37122,7,532178,16,1,515498,0,515667,0,1,0,0
394,10,1,4096,1,0,1,0,3,3,609925,655374,37122,121,609804,16,1,572722,0,572891,0,1,0,0
394,10,1,4096,1,0,2,1,0,1,614025,655374,37122,4286,609739,16,1,597204,0,597373,0,1,0,0
394,10,1,4096,1,0,3,1,1,2,618119,655374,37122,8429,609690,16,1,605393,0,605562,0,1,0,0
394,10,1,4096,1,0,4,1,2,3,646756,655374,37122,12524,634232,16,1,613577,0,613746,0,1,0,0
394,10,1,4096,1,0,5,1,3,4,650849,655374,37122,16625,634224,16,1,617652,0,617821,0,1,0,0
394,10,1,4096,1,0,6,2,0,2,654931,655374,37122,20728,634203,16,1,617641,0,617810,0,1,0,0
394,10,1,4096,1,0,7,2,1,3,655069,655374,37122,24823,630246,16,1,617638,0,617807,0,1,0,0
394,10,1,4096,1,0,8,2,2,4,655208,655374,37122,28921,626287,16,1,617627,0,617796,0,1,0,0
394,10,1,4096,1,0,9,2,3,5,655347,655374,37122,33021,622326,16,1,617624,0,617793,0,1,0,0
395,10,2,4096,1,0,0,0,2,2,532228,655401,37147,7,532221,16,1,515550,0,515719,0,1,0,0
395,10,2,4096,1,0,1,0,3,3,609941,655401,37147,121,609820,16,1,572738,0,572907,0,1,0,0
395,10,2,4096,1,0,2,1,0,1,614039,655401,37147,4286,609753,16,1,597194,0,597363,0,1,0,0
395,10,2,4096,1,0,3,1,1,2,618133,655401,37147,8454,609679,16,1,605382,0,605551,0,1,0,0
395,10,2,4096,1,0,4,1,2,3,646782,655401,37147,12549,634233,16,1,613567,0,613736,0,1,0,0
395,10,2,4096,1,0,5,1,3,4,650875,655401,37147,16649,634226,16,1,617654,0,617823,0,1,0,0
395,10,2,4096,1,0,6,2,0,2,654957,655401,37147,20752,634205,16,1,617643,0,617812,0,1,0,0
395,10,2,4096,1,0,7,2,1,3,655094,655401,37147,24847,630247,16,1,617638,0,617807,0,1,0,0
395,10,2,4096,1,0,8,2,2,4,655234,655401,37147,28947,626287,16,1,617628,0,617797,0,1,0,0
395,10,2,4096,1,0,9,2,3,5,655374,655401,37147,33046,622328,16,1,617625,0,617794,0,1,0,0
396,10,3,4096,1,0,0,0,2,2,532228,655423,37150,7,532221,16,1,515550,0,515719,0,1,0,0
396,10,3,4096,1,0,1,0,3,3,609976,655423,37150,121,609855,16,1,572769,0,572938,0,1,0,0
396,10,3,4096,1,0,2,1,0,1,614074,655423,37150,4284,609790,16,1,597254,0,597423,0,1,0,0
396,10,3,4096,1,0,3,1,1,2,618167,655423,37150,8429,609738,16,1,605441,0,605610,0,1,0,0
396,10,3,4096,1,0,4,1,2,3,646804,655423,37150,12524,634280,16,1,613626,0,613795,0,1,0,0
396,10,3,4096,1,0,5,1,3,4,650898,655423,37150,16624,634274,16,1,617701,0,617870,0,1,0,0
396,10,3,4096,1,0,6,2,0,2,654980,655423,37150,20727,634253,16,1,617690,0,617859,0,1,0,0
396,10,3,4096,1,0,7,2,1,3,655118,655423,37150,24822,630296,16,1,617685,0,617854,0,1,0,0
396,10,3,4096,1,0,8,2,2,4,655257,655423,37150,28922,626335,16,1,617673,0,617842,0,1,0,0
396,10,3,4096,1,0,9,2,3,5,655396,655423,37150,33024,622372,16,1,617644,0,617813,0,1,0,0
397,13,1,4096,1,0,0,0,2,2,585189,851293,49420,7,585182,16,1,560336,0,560505,0,1,0,0
397,13,1,4096,1,0,1,0,3,3,638357,851293,49420,121,638236,16,1,629781,0,629950,0,1,0,0
397,13,1,4096,1,0,2,1,0,1,777373,851293,49420,4286,773087,16,1,756479,0,756648,0,1,0,0
397,13,1,4096,1,0,3,1,1,2,822339,851293,49420,8429,813910,16,1,776924,0,777093,0,1,0,0
397,13,1,4096,1,0,4,1,2,3,826443,851293,49420,12524,813919,16,1,785097,0,785266,0,1,0,0
397,13,1,4096,1,0,5,1,3,4,830534,851293,49420,16624,813910,16,1,793250,0,793419,0,1,0,0
397,13,1,4096,1,0,6,2,0,2,834626,851293,49420,20730,813896,16,1,801406,0,801575,0,1,0,0
397,13,1,4096,1,0,7,2,1,3,838711,851293,49420,24825,813886,16,1,801410,0,801579,0,1,0,0
397,13,1,4096,1,0,8,2,2,4,842808,851293,49420,28925,813883,16,1,801406,0,801575,0,1,0,0
397,13,1,4096,1,0,9,2,3,5,846900,851293,49420,33024,813876,16,1,801403,0,801572,0,1,0,0
397,13,1,4096,1,0,10,3,0,3,850988,851293,49420,37119,813869,16,1,801380,0,801549,0,1,0,0
397,13,1,4096,1,0,11,3,1,4,851127,851293,49420,41228,809899,16,1,801385,0,801554,0,1,0,0
397,13,1,4096,1,0,12,3,2,5,851266,851293,49420,45319,805947,16,1,801382,0,801551,0,1,0,0
398,13,2,4096,1,0,0,0,2,2,585203,851306,49440,7,585196,16,1,560349,0,560518,0,1,0,0
398,13,2,4096,1,0,1,0,3,3,638368,851306,49440,121,638247,16,1,629796,0,629965,0,1,0,0
398,13,2,4096,1,0,2,1,0,1,777383,851306,49440,4286,773097,16,1,756472,0,756641,0,1,0,0
398,13,2,4096,1,0,3,1,1,2,822353,851306,49440,8445,813908,16,1,776922,0,777091,0,1,0,0
398,13,2,4096,1,0,4,1,2,3,826453,851306,49440,12540,813913,16,1,785095,0,785264,0,1,0,0
398,13,2,4096,1,0,5,1,3,4,830545,851306,49440,16640,813905,16,1,793251,0,793420,0,1,0,0
398,13,2,4096,1,0,6,2,0,2,834640,851306,49440,20743,813897,16,1,801407,0,801576,0,1,0,0
398,13,2,4096,1,0,7,2,1,3,838726,851306,49440,24838,813888,16,1,801408,0,801577,0,1,0,0
398,13,2,4096,1,0,8,2,2,4,842822,851306,49440,28938,813884,16,1,801403,0,801572,0,1,0,0
398,13,2,4096,1,0,9,2,3,5,846915,851306,49440,33038,813877,16,1,801403,0,801572,0,1,0,0
398,13,2,4096,1,0,10,3,0,3,851001,851306,49440,37133,813868,16,1,801386,0,801555,0,1,0,0
398,13,2,4096,1,0,11,3,1,4,851140,851306,49440,41236,809904,16,1,801390,0,801559,0,1,0,0
398,13,2,4096,1,0,12,3,2,5,851279,851306,49440,45328,805951,16,1,801376,0,801545,0,1,0,0
399,13,3,4096,1,0,0,0,2,2,585189,851354,49478,7,585182,16,1,560335,0,560504,0,1,0,0
399,13,3,4096,1,0,1,0,3,3,638408,851354,49478,121,638287,16,1,629809,0,629978,0,1,0,0
399,13,3,4096,1,0,2,1,0,1,777426,851354,49478,4312,773114,16,1,756508,0,756677,0,1,0,0
399,13,3,4096,1,0,3,1,1,2,822402,851354,49478,8452,813950,16,1,776951,0,777120,0,1,0,0
399,13,3,4096,1,0,4,1,2,3,826504,851354,49478,12547,813957,16,1,785100,0,785269,0,1,0,0
399,13,3,4096,1,0,5,1,3,4,830595,851354,49478,16670,813925,16,1,793257,0,793426,0,1,0,0
399,13,3,4096,1,0,6,2,0,2,834687,851354,49478,20773,813914,16,1,801422,0,801591,0,1,0,0
399,13,3,4096,1,0,7,2,1,3,838772,851354,49478,24871,813901,16,1,801425,0,801594,0,1,0,0
399,13,3,4096,1,0,8,2,2,4,842869,851354,49478,28971,813898,16,1,801421,0,801590,0,1,0,0
399,13,3,4096,1,0,9,2,3,5,846961,851354,49478,33070,813891,16,1,801401,0,801570,0,1,0,0
399,13,3,4096,1,0,10,3,0,3,851048,851354,49478,37182,813866,16,1,801384,0,801553,0,1,0,0
399,13,3,4096,1,0,11,3,1,4,851187,851354,49478,41285,809902,16,1,801388,0,801557,0,1,0,0
399,13,3,4096,1,0,12,3,2,5,851327,851354,49478,45377,805950,16,1,801385,0,801554,0,1,0,0
400,1,1,16384,1,0,0,0,2,2,65908,65930,121,7,65901,4,1,65706,0,65755,0,1,0,0
401,1,2,16384,1,0,0,0,2,2,65903,65925,121,7,65896,4,1,65701,0,65750,0,1,0,0
402,1,3,16384,1,0,0,0,2,2,65889,65911,124,7,65882,4,1,65684,0,65733,0,1,0,0
403,2,1,16384,1,0,0,0,2,2,98548,131384,16580,7,98541,4,1,98346,0,98395,0,1,0,0
403,2,1,16384,1,0,1,0,3,3,131357,131384,16580,126,131231,4,1,114706,0,114755,0,1,0,0
404,2,2,16384,1,0,0,0,2,2,98554,131390,16580,7,98547,4,1,98352,0,98401,0,1,0,0
404,2,2,16384,1,0,1,0,3,3,131363,131390,16580,126,131237,4,1,114712,0,114761,0,1,0,0
405,2,3,16384,1,0,0,0,2,2,98552,131388,16581,7,98545,4,1,98349,0,98398,0,1,0,0
405,2,3,16384,1,0,1,0,3,3,131361,131388,16581,127,131234,4,1,114709,0,114758,0,1,0,0
406,4,1,16384,1,0,0,0,2,2,131347,262593,49394,7,131340,4,1,131145,0,131194,0,1,0,0
406,4,1,16384,1,0,1,0,3,3,246029,262593,49394,121,245908,4,1,196608,0,196657,0,1,0,0
406,4,1,16384,1,0,2,1,0,1,262429,262593,49394,16574,245855,4,1,212939,0,212988,0,1,0,0
406,4,1,16384,1,0,3,1,1,2,262566,262593,49394,33005,229561,4,1,212942,0,212991,0,1,0,0
407,4,2,16384,1,0,0,0,2,2,131325,262578,49393,7,131318,4,1,131121,0,131170,0,1,0,0
407,4,2,16384,1,0,1,0,3,3,246026,262578,49393,123,245903,4,1,196608,0,196657,0,1,0,0
407,4,2,16384,1,0,2,1,0,1,262414,262578,49393,16574,245840,4,1,212936,0,212985,0,1,0,0
407,4,2,16384,1,0,3,1,1,2,262551,262578,49393,33004,229547,4,1,212939,0,212988,0,1,0,0
408,4,3,16384,1,0,0,0,2,2,131352,262600,49394,7,131345,4,1,131150,0,131199,0,1,0,0
408,4,3,16384,1,0,1,0,3,3,246032,262600,49394,121,245911,4,1,196613,0,196662,0,1,0,0
408,4,3,16384,1,0,2,1,0,1,262436,262600,49394,16574,245862,4,1,212941,0,212990,0,1,0,0
408,4,3,16384,1,0,3,1,1,2,262573,262600,49394,33005,229568,4,1,212944,0,212993,0,1,0,0
409,6,1,16384,1,0,0,0,2,2,196866,393749,82173,7,196859,4,1,131136,0,131185,0,1,0,0
409,6,1,16384,1,0,1,0,3,3,295153,393749,82173,121,295032,4,1,262120,0,262169,0,1,0,0
409,6,1,16384,1,0,2,1,0,1,377066,393749,82173,16574,360492,4,1,294842,0,294891,0,1,0,0
409,6,1,16384,1,0,3,1,1,2,393446,393749,82173,33005,360441,4,1,311218,0,311267,0,1,0,0
409,6,1,16384,1,0,4,1,2,3,393583,393749,82173,49388,344195,4,1,311212,0,311261,0,1,0,0
409,6,1,16384,1,0,5,1,3,4,393722,393749,82173,65776,327946,4,1,311200,0,311249,0,1,0,0
410,6,2,16384,1,0,0,0,2,2,196874,393751,82192,7,196867,4,1,131155,0,131204,0,1,0,0
410,6,2,16384,1,0,1,0,3,3,295163,393751,82192,121,295042,4,1,262130,0,262179,0,1,0,0
410,6,2,16384,1,0,2,1,0,1,377069,393751,82192,16574,360495,4,1,294843,0,294892,0,1,0,0
410,6,2,16384,1,0,3,1,1,2,393448,393751,82192,33005,360443,4,1,311219,0,311268,0,1,0,0
410,6,2,16384,1,0,4,1,2,3,393585,393751,82192,49388,344197,4,1,311213,0,311262,0,1,0,0
410,6,2,16384,1,0,5,1,3,4,393724,393751,82192,65776,327948,4,1,311183,0,311232,0,1,0,0
411,6,3,16384,1,0,0,0,2,2,196873,393759,82188,7,196866,4,1,131151,0,131200,0,1,0,0
411,6,3,16384,1,0,1,0,3,3,295160,393759,82188,121,295039,4,1,262124,0,262173,0,1,0,0
411,6,3,16384,1,0,2,1,0,1,377077,393759,82188,16577,360500,4,1,294823,0,294872,0,1,0,0
411,6,3,16384,1,0,3,1,1,2,393455,393759,82188,33020,360435,4,1,311214,0,311263,0,1,0,0
411,6,3,16384,1,0,4,1,2,3,393592,393759,82188,49403,344189,4,1,311208,0,311257,0,1,0,0
411,6,3,16384,1,0,5,1,3,4,393732,393759,82188,65791,327941,4,1,311194,0,311243,0,1,0,0
412,8,1,16384,1,0,0,0,2,2,131371,524837,114965,7,131364,4,1,131163,0,131212,0,1,0,0
412,8,1,16384,1,0,1,0,3,3,377085,524837,114965,121,376964,4,1,294917,0,294966,0,1,0,0
412,8,1,16384,1,0,2,1,0,1,393477,524837,114965,16574,376903,4,1,360380,0,360429,0,1,0,0
412,8,1,16384,1,0,3,1,1,2,491767,524837,114965,33005,458762,4,1,393170,0,393219,0,1,0,0
412,8,1,16384,1,0,4,1,2,3,508155,524837,114965,49388,458767,4,1,409543,0,409592,0,1,0,0
412,8,1,16384,1,0,5,1,3,4,524534,524837,114965,65774,458760,4,1,409529,0,409578,0,1,0,0
412,8,1,16384,1,0,6,2,0,2,524673,524837,114965,82165,442508,4,1,409495,0,409544,0,1,0,0
412,8,1,16384,1,0,7,2,1,3,524810,524837,114965,98571,426239,4,1,409496,0,409545,0,1,0,0
413,8,2,16384,1,0,0,0,2,2,131374,524836,114968,7,131367,4,1,131166,0,131215,0,1,0,0
413,8,2,16384,1,0,1,0,3,3,377084,524836,114968,121,376963,4,1,294895,0,294944,0,1,0,0
413,8,2,16384,1,0,2,1,0,1,393476,524836,114968,16586,376890,4,1,360354,0,360403,0,1,0,0
413,8,2,16384,1,0,3,1,1,2,491745,524836,114968,33029,458716,4,1,393123,0,393172,0,1,0,0
413,8,2,16384,1,0,4,1,2,3,508154,524836,114968,49412,458742,4,1,409494,0,409543,0,1,0,0
413,8,2,16384,1,0,5,1,3,4,524532,524836,114968,65800,458732,4,1,409480,0,409529,0,1,0,0
413,8,2,16384,1,0,6,2,0,2,524672,524836,114968,82191,442481,4,1,409471,0,409520,0,1,0,0
413,8,2,16384,1,0,7,2,1,3,524809,524836,114968,98574,426235,4,1,409491,0,409540,0,1,0,0
414,8,3,16384,1,0,0,0,2,2,131349,524795,114942,7,131342,4,1,131141,0,131190,0,1,0,0
414,8,3,16384,1,0,1,0,3,3,377049,524795,114942,121,376928,4,1,294877,0,294926,0,1,0,0
414,8,3,16384,1,0,2,1,0,1,393441,524795,114942,16574,376867,4,1,360344,0,360393,0,1,0,0
414,8,3,16384,1,0,3,1,1,2,491723,524795,114942,33005,458718,4,1,393113,0,393162,0,1,0,0
414,8,3,16384,1,0,4,1,2,3,508111,524795,114942,49388,458723,4,1,409497,0,409546,0,1,0,0
414,8,3,16384,1,0,5,1,3,4,524492,524795,114942,65776,458716,4,1,409483,0,409532,0,1,0,0
414,8,3,16384,1,0,6,2,0,2,524631,524795,114942,82167,442464,4,1,409472,0,409521,0,1,0,0
414,8,3,16384,1,0,7,2,1,3,524768,524795,114942,98550,426218,4,1,409475,0,409524,0,1,0,0
415,10,1,16384,1,0,0,0,2,2,164136,655976,147726,7,164129,4,1,131154,0,131203,0,1,0,0
415,10,1,16384,1,0,1,0,3,3,475338,655976,147726,121,475217,4,1,327648,0,327697,0,1,0,0
415,10,1,16384,1,0,2,1,0,1,491724,655976,147726,16577,475147,4,1,425873,0,425922,0,1,0,0
415,10,1,16384,1,0,3,1,1,2,508106,655976,147726,33005,475101,4,1,458636,0,458685,0,1,0,0
415,10,1,16384,1,0,4,1,2,3,622769,655976,147726,49388,573381,4,1,491396,0,491445,0,1,0,0
415,10,1,16384,1,0,5,1,3,4,639149,655976,147726,65777,573372,4,1,507757,0,507806,0,1,0,0
415,10,1,16384,1,0,6,2,0,2,655519,655976,147726,82179,573340,4,1,507746,0,507795,0,1,0,0
415,10,1,16384,1,0,7,2,1,3,655656,655976,147726,98562,557094,4,1,507741,0,507790,0,1,0,0
415,10,1,16384,1,0,8,2,2,4,655796,655976,147726,114950,540846,4,1,507731,0,507780,0,1,0,0
415,10,1,16384,1,0,9,2,3,5,655949,655976,147726,131337,524612,4,1,507728,0,507777,0,1,0,0
416,10,2,16384,1,0,0,0,2,2,164134,655969,147715,7,164127,4,1,131144,0,131193,0,1,0,0
416,10,2,16384,1,0,1,0,3,3,475337,655969,147715,121,475216,4,1,327659,0,327708,0,1,0,0
416,10,2,16384,1,0,2,1,0,1,491725,655969,147715,16574,475151,4,1,425872,0,425921,0,1,0,0
416,10,2,16384,1,0,3,1,1,2,508106,655969,147715,33005,475101,4,1,458634,0,458683,0,1,0,0
416,10,2,16384,1,0,4,1,2,3,622759,655969,147715,49390,573369,4,1,491395,0,491444,0,1,0,0
416,10,2,16384,1,0,5,1,3,4,639156,655969,147715,65778,573378,4,1,507758,0,507807,0,1,0,0
416,10,2,16384,1,0,6,2,0,2,655526,655969,147715,82169,573357,4,1,507747,0,507796,0,1,0,0
416,10,2,16384,1,0,7,2,1,3,655664,655969,147715,98552,557112,4,1,507742,0,507791,0,1,0,0
416,10,2,16384,1,0,8,2,2,4,655803,655969,147715,114940,540863,4,1,507732,0,507781,0,1,0,0
416,10,2,16384,1,0,9,2,3,5,655942,655969,147715,131327,524615,4,1,507746,0,507795,0,1,0,0
417,10,3,16384,1,0,0,0,2,2,164136,655972,147726,7,164129,4,1,131141,0,131190,0,1,0,0
417,10,3,16384,1,0,1,0,3,3,475347,655972,147726,121,475226,4,1,327668,0,327717,0,1,0,0
417,10,3,16384,1,0,2,1,0,1,491733,655972,147726,16574,475159,4,1,425881,0,425930,0,1,0,0
417,10,3,16384,1,0,3,1,1,2,508114,655972,147726,33005,475109,4,1,458644,0,458693,0,1,0,0
417,10,3,16384,1,0,4,1,2,3,622778,655972,147726,49388,573390,4,1,491405,0,491454,0,1,0,0
417,10,3,16384,1,0,5,1,3,4,639158,655972,147726,65776,573382,4,1,507768,0,507817,0,1,0,0
417,10,3,16384,1,0,6,2,0,2,655528,655972,147726,82167,573361,4,1,507757,0,507806,0,1,0,0
417,10,3,16384,1,0,7,2,1,3,655666,655972,147726,98550,557116,4,1,507762,0,507811,0,1,0,0
417,10,3,16384,1,0,8,2,2,4,655805,655972,147726,114937,540868,4,1,507753,0,507802,0,1,0,0
417,10,3,16384,1,0,9,2,3,5,655945,655972,147726,131324,524621,4,1,507736,0,507785,0,1,0,0
418,13,1,16384,1,0,0,0,2,2,213290,852622,196883,7,213283,4,1,131143,0,131192,0,1,0,0
418,13,1,16384,1,0,1,0,3,3,426214,852622,196883,121,426093,4,1,360428,0,360477,0,1,0,0
418,13,1,16384,1,0,2,1,0,1,622740,852622,196883,16574,606166,4,1,475016,0,475065,0,1,0,0
418,13,1,16384,1,0,3,1,1,2,639119,852622,196883,33005,606114,4,1,556892,0,556941,0,1,0,0
418,13,1,16384,1,0,4,1,2,3,655516,852622,196883,49389,606127,4,1,589662,0,589711,0,1,0,0
418,13,1,16384,1,0,5,1,3,4,802904,852622,196883,65777,737127,4,1,622406,0,622455,0,1,0,0
418,13,1,16384,1,0,6,2,0,2,819287,852622,196883,82168,737119,4,1,655138,0,655187,0,1,0,0
418,13,1,16384,1,0,7,2,1,3,835660,852622,196883,98551,737109,4,1,655133,0,655182,0,1,0,0
418,13,1,16384,1,0,8,2,2,4,852037,852622,196883,114939,737098,4,1,655123,0,655172,0,1,0,0
418,13,1,16384,1,0,9,2,3,5,852176,852622,196883,131326,720850,4,1,655126,0,655175,0,1,0,0
418,13,1,16384,1,0,10,3,0,3,852316,852622,196883,147708,704608,4,1,655087,0,655136,0,1,0,0
418,13,1,16384,1,0,11,3,1,4,852455,852622,196883,164115,688340,4,1,655092,0,655141,0,1,0,0
418,13,1,16384,1,0,12,3,2,5,852595,852622,196883,180494,672101,4,1,655089,0,655138,0,1,0,0
419,13,2,16384,1,0,0,0,2,2,213306,852618,196899,7,213299,4,1,131144,0,131193,0,1,0,0
419,13,2,16384,1,0,1,0,3,3,426215,852618,196899,121,426094,4,1,360429,0,360478,0,1,0,0
419,13,2,16384,1,0,2,1,0,1,622765,852618,196899,16574,606191,4,1,475033,0,475082,0,1,0,0
419,13,2,16384,1,0,3,1,1,2,639143,852618,196899,33005,606138,4,1,556908,0,556957,0,1,0,0
419,13,2,16384,1,0,4,1,2,3,655523,852618,196899,49390,606133,4,1,589666,0,589715,0,1,0,0
419,13,2,16384,1,0,5,1,3,4,802898,852618,196899,65778,737120,4,1,622410,0,622459,0,1,0,0
419,13,2,16384,1,0,6,2,0,2,819281,852618,196899,82169,737112,4,1,655142,0,655191,0,1,0,0
419,13,2,16384,1,0,7,2,1,3,835658,852618,196899,98552,737106,4,1,655137,0,655186,0,1,0,0
419,13,2,16384,1,0,8,2,2,4,852033,852618,196899,114940,737093,4,1,655127,0,655176,0,1,0,0
419,13,2,16384,1,0,9,2,3,5,852172,852618,196899,131327,720845,4,1,655104,0,655153,0,1,0,0
419,13,2,16384,1,0,10,3,0,3,852312,852618,196899,147724,704588,4,1,655080,0,655129,0,1,0,0
419,13,2,16384,1,0,11,3,1,4,852452,852618,196899,164116,688336,4,1,655070,0,655119,0,1,0,0
419,13,2,16384,1,0,12,3,2,5,852591,852618,196899,180510,672081,4,1,655069,0,655118,0,1,0,0
420,13,3,16384,1,0,0,0,2,2,213280,852603,196873,7,213273,4,1,131144,0,131193,0,1,0,0
420,13,3,16384,1,0,1,0,3,3,426213,852603,196873,121,426092,4,1,360417,0,360466,0,1,0,0
420,13,3,16384,1,0,2,1,0,1,622738,852603,196873,16574,606164,4,1,475014,0,475063,0,1,0,0
420,13,3,16384,1,0,3,1,1,2,639117,852603,196873,33005,606112,4,1,556891,0,556940,0,1,0,0
420,13,3,16384,1,0,4,1,2,3,655496,852603,196873,49388,606108,4,1,589642,0,589691,0,1,0,0
420,13,3,16384,1,0,5,1,3,4,802886,852603,196873,65776,737110,4,1,622384,0,622433,0,1,0,0
420,13,3,16384,1,0,6,2,0,2,819269,852603,196873,82169,737100,4,1,655129,0,655178,0,1,0,0
420,13,3,16384,1,0,7,2,1,3,835643,852603,196873,98553,737090,4,1,655124,0,655173,0,1,0,0
420,13,3,16384,1,0,8,2,2,4,852019,852603,196873,114940,737079,4,1,655115,0,655164,0,1,0,0
420,13,3,16384,1,0,9,2,3,5,852158,852603,196873,131327,720831,4,1,655106,0,655155,0,1,0,0
420,13,3,16384,1,0,10,3,0,3,852297,852603,196873,147710,704587,4,1,655083,0,655132,0,1,0,0
420,13,3,16384,1,0,11,3,1,4,852436,852603,196873,164101,688335,4,1,655087,0,655136,0,1,0,0
420,13,3,16384,1,0,12,3,2,5,852576,852603,196873,180481,672095,4,1,655081,0,655130,0,1,0,0
421,1,1,32,4,1,0,0,2,2,178410,178432,121,7,178403,1281,1,161759,0,178152,0,1,0,0
422,1,2,32,4,1,0,0,2,2,178407,178429,121,7,178400,1281,1,161756,0,178149,0,1,0,0
423,1,3,32,4,1,0,0,2,2,178463,178485,121,7,178456,1281,1,161787,0,178180,0,1,0,0
424,2,1,32,4,1,0,0,2,2,187709,187880,272,7,187702,641,1,171108,0,187501,0,1,0,0
424,2,1,32,4,1,1,0,3,3,187853,187880,272,126,187727,641,1,171013,0,187406,0,1,0,0
425,2,2,32,4,1,0,0,2,2,187668,187842,246,7,187661,641,1,171067,0,187460,0,1,0,0
425,2,2,32,4,1,1,0,3,3,187815,187842,246,126,187689,641,1,170999,0,187392,0,1,0,0
426,2,3,32,4,1,0,0,2,2,187672,187843,246,7,187665,641,1,171071,0,187464,0,1,0,0
426,2,3,32,4,1,1,0,3,3,187816,187843,246,126,187690,641,1,171003,0,187396,0,1,0,0
427,4,1,32,4,1,0,0,2,2,239465,239781,512,7,239458,385,1,222470,0,238863,0,1,0,0
427,4,1,32,4,1,1,0,3,3,239609,239781,512,121,239488,385,1,222480,0,238873,0,1,0,0
427,4,1,32,4,1,2,1,0,1,239166,239781,512,264,238902,385,1,222324,0,238717,0,1,0,0
427,4,1,32,4,1,3,1,1,2,239754,239781,512,385,239369,385,1,222422,0,238815,0,1,0,0
428,4,2,32,4,1,0,0,2,2,239505,239819,513,7,239498,385,1,222483,0,238876,0,1,0,0
428,4,2,32,4,1,1,0,3,3,239647,239819,513,144,239503,385,1,222514,0,238907,0,1,0,0
428,4,2,32,4,1,2,1,0,1,239202,239819,513,265,238937,385,1,222359,0,238752,0,1,0,0
428,4,2,32,4,1,3,1,1,2,239792,239819,513,387,239405,385,1,222457,0,238850,0,1,0,0
429,4,3,32,4,1,0,0,2,2,239883,240329,490,7,239876,385,1,223023,0,239416,0,1,0,0
429,4,3,32,4,1,1,0,3,3,240028,240329,490,121,239907,385,1,223054,0,239447,0,1,0,0
429,4,3,32,4,1,2,1,0,1,240165,240329,490,242,239923,385,1,222899,0,239292,0,1,0,0
429,4,3,32,4,1,3,1,1,2,240302,240329,490,364,239938,385,1,222997,0,239390,0,1,0,0
430,6,1,32,4,1,0,0,2,2,320551,332809,799,7,320544,312,1,303657,0,320050,0,1,0,0
430,6,1,32,4,1,1,0,3,3,320714,332809,799,121,320593,312,1,303827,0,320220,0,1,0,0
430,6,1,32,4,1,2,1,0,1,319915,332809,799,242,319673,312,1,302886,0,319166,0,1,0,0
430,6,1,32,4,1,3,1,1,2,328623,332809,799,364,328259,312,1,311646,0,328028,0,1,0,0
430,6,1,32,4,1,4,1,2,3,332642,332809,799,508,332134,312,1,315283,0,331646,0,1,0,0
430,6,1,32,4,1,5,1,3,4,332782,332809,799,629,332153,312,1,315407,0,331800,0,1,0,0
431,6,2,32,4,1,0,0,2,2,320289,333202,775,7,320282,314,1,303560,0,319953,0,1,0,0
431,6,2,32,4,1,1,0,3,3,321253,333202,775,121,321132,314,1,303932,0,320325,0,1,0,0
431,6,2,32,4,1,2,1,0,1,321405,333202,775,242,321163,314,1,304473,0,320795,0,1,0,0
431,6,2,32,4,1,3,1,1,2,329259,333202,775,364,328895,314,1,312377,0,328732,0,1,0,0
431,6,2,32,4,1,4,1,2,3,332832,333202,775,484,332348,314,1,315708,0,332070,0,1,0,0
431,6,2,32,4,1,5,1,3,4,333175,333202,775,605,332570,314,1,315812,0,332205,0,1,0,0
432,6,3,32,4,1,0,0,2,2,312346,313110,791,7,312339,257,1,295324,0,311717,0,1,0,0
432,6,3,32,4,1,1,0,3,3,312507,313110,791,121,312386,257,1,295389,0,311782,0,1,0,0
432,6,3,32,4,1,2,1,0,1,312656,313110,791,242,312414,257,1,295422,0,311815,0,1,0,0
432,6,3,32,4,1,3,1,1,2,312806,313110,791,364,312442,257,1,295566,0,311959,0,1,0,0
432,6,3,32,4,1,4,1,2,3,312943,313110,791,484,312459,257,1,295572,0,311965,0,1,0,0
432,6,3,32,4,1,5,1,3,4,313083,313110,791,625,312458,257,1,295544,0,311937,0,1,0,0
433,8,1,32,4,1,0,0,2,2,399004,438966,1121,7,398997,316,1,381118,0,397511,0,1,0,0
433,8,1,32,4,1,1,0,3,3,399183,438966,1121,121,399062,316,1,381386,0,397779,0,1,0,0
433,8,1,32,4,1,2,1,0,1,403597,438966,1121,242,403355,316,1,386269,0,402351,0,1,0,0
433,8,1,32,4,1,3,1,1,2,435466,438966,1121,364,435102,316,1,418314,0,434491,0,1,0,0
433,8,1,32,4,1,4,1,2,3,438543,438966,1121,484,438059,316,1,421462,0,437778,0,1,0,0
433,8,1,32,4,1,5,1,3,4,438921,438966,1121,605,438316,316,1,421528,0,437916,0,1,0,0
433,8,1,32,4,1,6,2,0,2,423964,438966,1121,769,423195,316,1,407035,0,422935,0,1,0,0
433,8,1,32,4,1,7,2,1,3,424745,438966,1121,938,423807,316,1,406894,0,423157,0,1,0,0
434,8,2,32,4,1,0,0,2,2,398483,436822,1120,7,398476,312,1,381855,0,398248,0,1,0,0
434,8,2,32,4,1,1,0,3,3,400044,436822,1120,121,399923,312,1,382109,0,398502,0,1,0,0
434,8,2,32,4,1,2,1,0,1,402251,436822,1120,242,402009,312,1,384603,0,400935,0,1,0,0
434,8,2,32,4,1,3,1,1,2,433544,436822,1120,364,433180,312,1,416378,0,432543,0,1,0,0
434,8,2,32,4,1,4,1,2,3,436630,436822,1120,484,436146,312,1,419386,0,435719,0,1,0,0
434,8,2,32,4,1,5,1,3,4,436770,436822,1120,603,436167,312,1,419553,0,435906,0,1,0,0
434,8,2,32,4,1,6,2,0,2,423954,436822,1120,768,423186,312,1,406568,0,422503,0,1,0,0
434,8,2,32,4,1,7,2,1,3,424112,436822,1120,937,423175,312,1,406480,0,422778,0,1,0,0
435,8,3,32,4,1,0,0,2,2,400553,437105,1121,7,400546,312,1,383197,0,399590,0,1,0,0
435,8,3,32,4,1,1,0,3,3,400737,437105,1121,121,400616,312,1,383442,0,399835,0,1,0,0
435,8,3,32,4,1,2,1,0,1,403058,437105,1121,242,402816,312,1,386002,0,402270,0,1,0,0
435,8,3,32,4,1,3,1,1,2,433159,437105,1121,364,432795,312,1,416004,0,432206,0,1,0,0
435,8,3,32,4,1,4,1,2,3,436916,437105,1121,484,436432,312,1,419655,0,435959,0,1,0,0
435,8,3,32,4,1,5,1,3,4,437053,437105,1121,605,436448,312,1,419628,0,436016,0,1,0,0
435,8,3,32,4,1,6,2,0,2,423212,437105,1121,769,422443,312,1,406178,0,422229,0,1,0,0
435,8,3,32,4,1,7,2,1,3,424000,437105,1121,938,423062,312,1,405921,0,422263,0,1,0,0
436,10,1,32,4,1,0,0,2,2,427178,532017,1440,7,427171,328,1,409292,0,425685,0,1,0,0
436,10,1,32,4,1,1,0,3,3,427369,532017,1440,121,427248,328,1,409744,0,426057,0,1,0,0
436,10,1,32,4,1,2,1,0,1,442730,532017,1440,240,442490,328,1,424880,0,441088,0,1,0,0
436,10,1,32,4,1,3,1,1,2,500152,532017,1440,361,499791,328,1,483226,0,499042,0,1,0,0
436,10,1,32,4,1,4,1,2,3,512213,532017,1440,482,511731,328,1,495358,0,511571,0,1,0,0
436,10,1,32,4,1,5,1,3,4,513231,532017,1440,603,512628,328,1,495624,0,511830,0,1,0,0
436,10,1,32,4,1,6,2,0,2,512534,532017,1440,783,511751,328,1,495191,0,511239,0,1,0,0
436,10,1,32,4,1,7,2,1,3,525662,532017,1440,952,524710,328,1,507989,0,524140,0,1,0,0
436,10,1,32,4,1,8,2,2,4,531853,532017,1440,1129,530724,328,1,513994,0,530252,0,1,0,0
436,10,1,32,4,1,9,2,3,5,531990,532017,1440,1312,530678,328,1,513876,0,530269,0,1,0,0
437,10,2,32,4,1,0,0,2,2,424826,529638,1491,7,424819,324,1,406937,0,423330,0,1,0,0
437,10,2,32,4,1,1,0,3,3,425015,529638,1491,121,424894,324,1,407127,0,423515,0,1,0,0
437,10,2,32,4,1,2,1,0,1,438833,529638,1491,244,438589,324,1,420755,0,437033,0,1,0,0
437,10,2,32,4,1,3,1,1,2,501112,529638,1491,365,500747,324,1,483488,0,499430,0,1,0,0
437,10,2,32,4,1,4,1,2,3,511099,529638,1491,486,510613,324,1,494052,0,510336,0,1,0,0
437,10,2,32,4,1,5,1,3,4,512058,529638,1491,607,511451,324,1,494382,0,510577,0,1,0,0
437,10,2,32,4,1,6,2,0,2,512224,529638,1491,771,511453,324,1,494658,0,510725,0,1,0,0
437,10,2,32,4,1,7,2,1,3,523725,529638,1491,940,522785,324,1,506450,0,522575,0,1,0,0
437,10,2,32,4,1,8,2,2,4,529240,529638,1491,1117,528123,324,1,511472,0,527790,0,1,0,0
437,10,2,32,4,1,9,2,3,5,529611,529638,1491,1300,528311,324,1,511633,0,527962,0,1,0,0
438,10,3,32,4,1,0,0,2,2,425226,530454,1491,7,425219,324,1,407737,0,424130,0,1,0,0
438,10,3,32,4,1,1,0,3,3,425422,530454,1491,121,425301,324,1,408046,0,424419,0,1,0,0
438,10,3,32,4,1,2,1,0,1,440903,530454,1491,242,440661,324,1,423637,0,439855,0,1,0,0
438,10,3,32,4,1,3,1,1,2,500813,530454,1491,364,500449,324,1,484283,0,500154,0,1,0,0
438,10,3,32,4,1,4,1,2,3,511967,530454,1491,484,511483,324,1,494487,0,510689,0,1,0,0
438,10,3,32,4,1,5,1,3,4,512119,530454,1491,605,511514,324,1,494548,0,510789,0,1,0,0
438,10,3,32,4,1,6,2,0,2,511323,530454,1491,769,510554,324,1,493795,0,509877,0,1,0,0
438,10,3,32,4,1,7,2,1,3,525403,530454,1491,938,524465,324,1,507686,0,523867,0,1,0,0
438,10,3,32,4,1,8,2,2,4,530059,530454,1491,1115,528944,324,1,512428,0,528716,0,1,0,0
438,10,3,32,4,1,9,2,3,5,530427,530454,1491,1298,529129,324,1,512598,0,528844,0,1,0,0
439,13,1,32,4,1,0,0,2,2,455650,662276,1998,7,455643,332,1,438216,0,454609,0,1,0,0
439,13,1,32,4,1,1,0,3,3,455836,662276,1998,121,455715,332,1,438692,0,455064,0,1,0,0
439,13,1,32,4,1,2,1,0,1,470589,662276,1998,242,470347,332,1,453603,0,469871,0,1,0,0
439,13,1,32,4,1,3,1,1,2,552756,662276,1998,373,552383,332,1,535139,0,550668,0,1,0,0
439,13,1,32,4,1,4,1,2,3,574936,662276,1998,493,574443,332,1,556559,0,572707,0,1,0,0
439,13,1,32,4,1,5,1,3,4,575115,662276,1998,614,574501,332,1,557062,0,573272,0,1,0,0
439,13,1,32,4,1,6,2,0,2,585734,662276,1998,778,584956,332,1,568501,0,584694,0,1,0,0
439,13,1,32,4,1,7,2,1,3,652259,662276,1998,947,651312,332,1,634701,0,650484,0,1,0,0
439,13,1,32,4,1,8,2,2,4,661812,662276,1998,1113,660699,332,1,644118,0,660349,0,1,0,0
439,13,1,32,4,1,9,2,3,5,662222,662276,1998,1292,660930,332,1,644227,0,660555,0,1,0,0
439,13,1,32,4,1,10,3,0,3,652781,662276,1998,1469,651312,332,1,634489,0,650286,0,1,0,0
439,13,1,32,4,1,11,3,1,4,661424,662276,1998,1640,659784,332,1,643083,0,659274,0,1,0,0
439,13,1,32,4,1,12,3,2,5,661586,662276,1998,1815,659771,332,1,643208,0,659501,0,1,0,0
440,13,2,32,4,1,0,0,2,2,458758,664682,1997,7,458751,335,1,441911,0,458304,0,1,0,0
440,13,2,32,4,1,1,0,3,3,458957,664682,1997,121,458836,335,1,441906,0,458254,0,1,0,0
440,13,2,32,4,1,2,1,0,1,469386,664682,1997,242,469144,335,1,451419,0,467667,0,1,0,0
440,13,2,32,4,1,3,1,1,2,554069,664682,1997,371,553698,335,1,536879,0,552377,0,1,0,0
440,13,2,32,4,1,4,1,2,3,574620,664682,1997,491,574129,335,1,556788,0,572785,0,1,0,0
440,13,2,32,4,1,5,1,3,4,574812,664682,1997,612,574200,335,1,556803,0,573105,0,1,0,0
440,13,2,32,4,1,6,2,0,2,586622,664682,1997,776,585846,335,1,568579,0,584758,0,1,0,0
440,13,2,32,4,1,7,2,1,3,654261,664682,1997,947,653314,335,1,636571,0,652398,0,1,0,0
440,13,2,32,4,1,8,2,2,4,663807,664682,1997,1124,662683,335,1,645852,0,662016,0,1,0,0
440,13,2,32,4,1,9,2,3,5,663958,664682,1997,1307,662651,335,1,645854,0,662105,0,1,0,0
440,13,2,32,4,1,10,3,0,3,654721,664682,1997,1494,653227,335,1,637064,0,652846,0,1,0,0
440,13,2,32,4,1,11,3,1,4,664516,664682,1997,1627,662889,335,1,646344,0,662493,0,1,0,0
440,13,2,32,4,1,12,3,2,5,664655,664682,1997,1817,662838,335,1,646249,0,662508,0,1,0,0
441,13,3,32,4,1,0,0,2,2,460588,662156,2005,7,460581,336,1,442258,0,458651,0,1,0,0
441,13,3,32,4,1,1,0,3,3,460754,662156,2005,121,460633,336,1,442650,0,459028,0,1,0,0
441,13,3,32,4,1,2,1,0,1,471248,662156,2005,242,471006,336,1,453011,0,469300,0,1,0,0
441,13,3,32,4,1,3,1,1,2,552102,662156,2005,364,551738,336,1,535854,0,551382,0,1,0,0
441,13,3,32,4,1,4,1,2,3,574293,662156,2005,484,573809,336,1,556261,0,572343,0,1,0,0
441,13,3,32,4,1,5,1,3,4,574475,662156,2005,605,573870,336,1,556317,0,572667,0,1,0,0
441,13,3,32,4,1,6,2,0,2,586394,662156,2005,769,585625,336,1,569084,0,585199,0,1,0,0
441,13,3,32,4,1,7,2,1,3,649729,662156,2005,937,648792,336,1,632739,0,648559,0,1,0,0
441,13,3,32,4,1,8,2,2,4,661404,662156,2005,1114,660290,336,1,643401,0,659583,0,1,0,0
441,13,3,32,4,1,9,2,3,5,661570,662156,2005,1297,660273,336,1,643611,0,659794,0,1,0,0
441,13,3,32,4,1,10,3,0,3,651034,662156,2005,1484,649550,336,1,633022,0,648790,0,1,0,0
441,13,3,32,4,1,11,3,1,4,661723,662156,2005,1635,660088,336,1,643628,0,659811,0,1,0,0
441,13,3,32,4,1,12,3,2,5,662129,662156,2005,1825,660304,336,1,643628,0,659921,0,1,0,0
442,1,1,32,1,4,0,0,2,2,531168,531190,121,7,531161,4055,1,477703,0,530960,0,1,0,0
443,1,2,32,1,4,0,0,2,2,531620,531642,121,7,531613,4060,1,478155,0,531412,0,1,0,0
444,1,3,32,1,4,0,0,2,2,531297,531319,124,7,531290,4057,1,477829,0,531086,0,1,0,0
445,2,1,32,1,4,0,0,2,2,623590,623782,270,7,623583,2048,1,570117,0,623374,0,1,0,0
445,2,1,32,1,4,1,0,3,3,623755,623782,270,126,623629,2048,1,580383,0,623445,0,1,0,0
446,2,2,32,1,4,0,0,2,2,623660,623851,248,7,623653,2048,1,570187,0,623444,0,1,0,0
446,2,2,32,1,4,1,0,3,3,623824,623851,248,126,623698,2048,1,580494,0,623536,0,1,0,0
447,2,3,32,1,4,0,0,2,2,623417,623610,248,7,623410,2048,1,569943,0,623200,0,1,0,0
447,2,3,32,1,4,1,0,3,3,623583,623610,248,126,623457,2048,1,580803,0,623294,0,1,0,0
448,4,1,32,1,4,0,0,2,2,872499,873800,493,7,872492,1530,1,819071,0,872323,0,1,0,0
448,4,1,32,1,4,1,0,3,3,872660,873800,493,124,872536,1530,1,834939,0,872297,0,1,0,0
448,4,1,32,1,4,2,1,0,1,873764,873800,493,245,873519,1530,1,822942,0,873120,0,1,0,0
448,4,1,32,1,4,3,1,1,2,873590,873800,493,365,873225,1530,1,835600,0,873018,0,1,0,0
449,4,2,32,1,4,0,0,2,2,869947,871326,489,7,869940,1530,1,816119,0,869371,0,1,0,0
449,4,2,32,1,4,1,0,3,3,870098,871326,489,121,869977,1530,1,831851,0,869503,0,1,0,0
449,4,2,32,1,4,2,1,0,1,871164,871326,489,242,870922,1530,1,820106,0,870617,0,1,0,0
449,4,2,32,1,4,3,1,1,2,871299,871326,489,360,870939,1530,1,833014,0,870515,0,1,0,0
450,4,3,32,1,4,0,0,2,2,870926,872324,489,7,870919,1532,1,817066,0,870320,0,1,0,0
450,4,3,32,1,4,1,0,3,3,871079,872324,489,121,870958,1532,1,832824,0,870456,0,1,0,0
450,4,3,32,1,4,2,1,0,1,872160,872324,489,242,871918,1532,1,821262,0,871695,0,1,0,0
450,4,3,32,1,4,3,1,1,2,872297,872324,489,360,871937,1532,1,834529,0,871593,0,1,0,0
451,6,1,32,1,4,0,0,2,2,860150,1377972,736,7,860143,2329,1,806625,0,859867,0,1,0,0
451,6,1,32,1,4,1,0,3,3,860305,1377972,736,121,860184,2329,1,821422,0,859993,0,1,0,0
451,6,1,32,1,4,2,1,0,1,916220,1377972,736,242,915978,2329,1,862560,0,915319,0,1,0,0
451,6,1,32,1,4,3,1,1,2,1149271,1377972,736,360,1148911,2329,1,1095275,0,1148333,0,1,0,0
451,6,1,32,1,4,4,1,2,3,1377936,1377972,736,483,1377453,2329,1,1325198,0,1377009,0,1,0,0
451,6,1,32,1,4,5,1,3,4,1377745,1377972,736,605,1377140,2329,1,1342886,0,1376903,0,1,0,0
452,6,2,32,1,4,0,0,2,2,862652,1378183,736,7,862645,2329,1,808526,0,861783,0,1,0,0
452,6,2,32,1,4,1,0,3,3,862820,1378183,736,124,862696,2329,1,823478,0,861753,0,1,0,0
452,6,2,32,1,4,2,1,0,1,915680,1378183,736,245,915435,2329,1,861904,0,914731,0,1,0,0
452,6,2,32,1,4,3,1,1,2,1147441,1378183,736,365,1147076,2329,1,1093636,0,1146629,0,1,0,0
452,6,2,32,1,4,4,1,2,3,1378019,1378183,736,486,1377533,2329,1,1325322,0,1377278,0,1,0,0
452,6,2,32,1,4,5,1,3,4,1378156,1378183,736,610,1377546,2329,1,1343239,0,1377178,0,1,0,0
453,6,3,32,1,4,0,0,2,2,864690,1379211,725,7,864683,2330,1,810542,0,863794,0,1,0,0
453,6,3,32,1,4,1,0,3,3,864856,1379211,725,121,864735,2330,1,826032,0,863931,0,1,0,0
453,6,3,32,1,4,2,1,0,1,915401,1379211,725,242,915159,2330,1,861703,0,914532,0,1,0,0
453,6,3,32,1,4,3,1,1,2,1148503,1379211,725,360,1148143,2330,1,1094682,0,1147712,0,1,0,0
453,6,3,32,1,4,4,1,2,3,1379047,1379211,725,483,1378564,2330,1,1326433,0,1378317,0,1,0,0
453,6,3,32,1,4,5,1,3,4,1379184,1379211,725,599,1378585,2330,1,1344217,0,1378216,0,1,0,0
454,8,1,32,1,4,0,0,2,2,870124,1753402,1011,7,870117,2256,1,816679,0,869931,0,1,0,0
454,8,1,32,1,4,1,0,3,3,871308,1753402,1011,121,871187,2256,1,834024,0,870081,0,1,0,0
454,8,1,32,1,4,2,1,0,1,1102557,1753402,1011,242,1102315,2256,1,1048703,0,1101910,0,1,0,0
454,8,1,32,1,4,3,1,1,2,1520049,1753402,1011,360,1519689,2256,1,1466719,0,1519412,0,1,0,0
454,8,1,32,1,4,4,1,2,3,1753206,1753402,1011,483,1752723,2256,1,1700711,0,1752360,0,1,0,0
454,8,1,32,1,4,5,1,3,4,1753350,1753402,1011,625,1752725,2256,1,1717369,0,1752259,0,1,0,0
454,8,1,32,1,4,6,2,0,2,1483604,1753402,1011,746,1482858,2256,1,1431136,0,1482014,0,1,0,0
454,8,1,32,1,4,7,2,1,3,1482997,1753402,1011,873,1482124,2256,1,1446582,0,1481888,0,1,0,0
455,8,2,32,1,4,0,0,2,2,867610,1757146,1019,7,867603,2265,1,813716,0,866973,0,1,0,0
455,8,2,32,1,4,1,0,3,3,867771,1757146,1019,121,867650,2265,1,830385,0,866881,0,1,0,0
455,8,2,32,1,4,2,1,0,1,1104999,1757146,1019,242,1104757,2265,1,1050799,0,1104023,0,1,0,0
455,8,2,32,1,4,3,1,1,2,1522455,1757146,1019,360,1522095,2265,1,1468810,0,1521494,0,1,0,0
455,8,2,32,1,4,4,1,2,3,1757092,1757146,1019,483,1756609,2265,1,1704456,0,1756146,0,1,0,0
455,8,2,32,1,4,5,1,3,4,1756883,1757146,1019,606,1756277,2265,1,1720850,0,1756044,0,1,0,0
455,8,2,32,1,4,6,2,0,2,1481791,1757146,1019,727,1481064,2265,1,1430023,0,1480695,0,1,0,0
455,8,2,32,1,4,7,2,1,3,1481945,1757146,1019,882,1481063,2265,1,1445153,0,1480811,0,1,0,0
456,8,3,32,1,4,0,0,2,2,872348,1759731,1016,7,872341,2293,1,818207,0,871459,0,1,0,0
456,8,3,32,1,4,1,0,3,3,872508,1759731,1016,121,872387,2293,1,835464,0,871357,0,1,0,0
456,8,3,32,1,4,2,1,0,1,1104994,1759731,1016,242,1104752,2293,1,1050943,0,1104181,0,1,0,0
456,8,3,32,1,4,3,1,1,2,1520363,1759731,1016,360,1520003,2293,1,1466857,0,1519536,0,1,0,0
456,8,3,32,1,4,4,1,2,3,1759298,1759731,1016,483,1758815,2293,1,1706822,0,1758618,0,1,0,0
456,8,3,32,1,4,5,1,3,4,1759686,1759731,1016,605,1759081,2293,1,1723642,0,1758764,0,1,0,0
456,8,3,32,1,4,6,2,0,2,1481454,1759731,1016,724,1480730,2293,1,1429338,0,1479941,0,1,0,0
456,8,3,32,1,4,7,2,1,3,1481606,1759731,1016,879,1480727,2293,1,1444599,0,1480112,0,1,0,0
457,10,1,32,1,4,0,0,2,2,868068,2152189,1241,7,868061,2390,1,814298,0,867555,0,1,0,0
457,10,1,32,1,4,1,0,3,3,868247,2152189,1241,121,868126,2390,1,831159,0,867498,0,1,0,0
457,10,1,32,1,4,2,1,0,1,1102513,2152189,1241,242,1102271,2390,1,1048804,0,1102014,0,1,0,0
457,10,1,32,1,4,3,1,1,2,1552866,2152189,1241,360,1552506,2390,1,1499072,0,1551611,0,1,0,0
457,10,1,32,1,4,4,1,2,3,1871748,2152189,1241,490,1871258,2390,1,1818991,0,1870451,0,1,0,0
457,10,1,32,1,4,5,1,3,4,1871917,2152189,1241,621,1871296,2390,1,1834328,0,1870630,0,1,0,0
457,10,1,32,1,4,6,2,0,2,1557875,2152189,1241,741,1557134,2390,1,1503636,0,1556244,0,1,0,0
457,10,1,32,1,4,7,2,1,3,1915228,2152189,1241,855,1914373,2390,1,1861129,0,1913815,0,1,0,0
457,10,1,32,1,4,8,2,2,4,2152022,2152189,1241,979,2151043,2390,1,2098659,0,2150699,0,1,0,0
457,10,1,32,1,4,9,2,3,5,2152162,2152189,1241,1101,2151061,2390,1,2115240,0,2150824,0,1,0,0
458,10,2,32,1,4,0,0,2,2,869977,2147915,1237,7,869970,2388,1,815517,0,868774,0,1,0,0
458,10,2,32,1,4,1,0,3,3,870130,2147915,1237,121,870009,2388,1,832620,0,868833,0,1,0,0
458,10,2,32,1,4,2,1,0,1,1103988,2147915,1237,260,1103728,2388,1,1049905,0,1103115,0,1,0,0
458,10,2,32,1,4,3,1,1,2,1549206,2147915,1237,378,1548828,2388,1,1496198,0,1548595,0,1,0,0
458,10,2,32,1,4,4,1,2,3,1871599,2147915,1237,501,1871098,2388,1,1819278,0,1870693,0,1,0,0
458,10,2,32,1,4,5,1,3,4,1871754,2147915,1237,623,1871131,2388,1,1834846,0,1870881,0,1,0,0
458,10,2,32,1,4,6,2,0,2,1556725,2147915,1237,744,1555981,2388,1,1502929,0,1555423,0,1,0,0
458,10,2,32,1,4,7,2,1,3,1912326,2147915,1237,855,1911471,2388,1,1858505,0,1911167,0,1,0,0
458,10,2,32,1,4,8,2,2,4,2147746,2147915,1237,988,2146758,2388,1,2094557,0,2146532,0,1,0,0
458,10,2,32,1,4,9,2,3,5,2147888,2147915,1237,1107,2146781,2388,1,2111475,0,2146427,0,1,0,0
459,10,3,32,1,4,0,0,2,2,870132,2151347,1238,7,870125,2386,1,816376,0,869627,0,1,0,0
459,10,3,32,1,4,1,0,3,3,870281,2151347,1238,121,870160,2386,1,833330,0,869585,0,1,0,0
459,10,3,32,1,4,2,1,0,1,1104945,2151347,1238,261,1104684,2386,1,1050419,0,1103612,0,1,0,0
459,10,3,32,1,4,3,1,1,2,1555178,2151347,1238,379,1554799,2386,1,1501985,0,1554581,0,1,0,0
459,10,3,32,1,4,4,1,2,3,1875969,2151347,1238,502,1875467,2386,1,1823335,0,1874712,0,1,0,0
459,10,3,32,1,4,5,1,3,4,1876131,2151347,1238,624,1875507,2386,1,1838617,0,1874624,0,1,0,0
459,10,3,32,1,4,6,2,0,2,1558255,2151347,1238,745,1557510,2386,1,1503935,0,1556518,0,1,0,0
459,10,3,32,1,4,7,2,1,3,1917009,2151347,1238,856,1916153,2386,1,1862766,0,1915496,0,1,0,0
459,10,3,32,1,4,8,2,2,4,2151181,2151347,1238,989,2150192,2386,1,2098063,0,2149910,0,1,0,0
459,10,3,32,1,4,9,2,3,5,2151320,2151347,1238,1108,2150212,2386,1,2114436,0,2149805,0,1,0,0
460,13,1,32,1,4,0,0,2,2,870761,2715652,1653,7,870754,2223,1,816393,0,869645,0,1,0,0
460,13,1,32,1,4,1,0,3,3,870922,2715652,1653,121,870801,2223,1,833378,0,869610,0,1,0,0
460,13,1,32,1,4,2,1,0,1,1103967,2715652,1653,242,1103725,2223,1,1050089,0,1103305,0,1,0,0
460,13,1,32,1,4,3,1,1,2,1545937,2715652,1653,360,1545577,2223,1,1491582,0,1544019,0,1,0,0
460,13,1,32,1,4,4,1,2,3,1880044,2715652,1653,483,1879561,2223,1,1826698,0,1878141,0,1,0,0
460,13,1,32,1,4,5,1,3,4,1878854,2715652,1653,605,1878249,2223,1,1843322,0,1878056,0,1,0,0
460,13,1,32,1,4,6,2,0,2,1885471,2715652,1653,726,1884745,2223,1,1831534,0,1884538,0,1,0,0
460,13,1,32,1,4,7,2,1,3,2348896,2715652,1653,853,2348043,2223,1,2295529,0,2347446,0,1,0,0
460,13,1,32,1,4,8,2,2,4,2715171,2715652,1653,983,2714188,2223,1,2661369,0,2713512,0,1,0,0
460,13,1,32,1,4,9,2,3,5,2715317,2715652,1653,1097,2714220,2223,1,2681049,0,2713413,0,1,0,0
460,13,1,32,1,4,10,3,0,3,2347584,2715652,1653,1227,2346357,2223,1,2293966,0,2345775,0,1,0,0
460,13,1,32,1,4,11,3,1,4,2715467,2715652,1653,1383,2714084,2223,1,2661738,0,2713820,0,1,0,0
460,13,1,32,1,4,12,3,2,5,2715625,2715652,1653,1498,2714127,2223,1,2681317,0,2713934,0,1,0,0
461,13,2,32,1,4,0,0,2,2,865619,2714946,1665,7,865612,2224,1,812213,0,865467,0,1,0,0
461,13,2,32,1,4,1,0,3,3,865788,2714946,1665,121,865667,2224,1,828654,0,865435,0,1,0,0
461,13,2,32,1,4,2,1,0,1,1099463,2714946,1665,242,1099221,2224,1,1045586,0,1098808,0,1,0,0
461,13,2,32,1,4,3,1,1,2,1543542,2714946,1665,360,1543182,2224,1,1489741,0,1542105,0,1,0,0
461,13,2,32,1,4,4,1,2,3,1871020,2714946,1665,483,1870537,2224,1,1818213,0,1869785,0,1,0,0
461,13,2,32,1,4,5,1,3,4,1871171,2714946,1665,600,1870571,2224,1,1833881,0,1869695,0,1,0,0
461,13,2,32,1,4,6,2,0,2,1884121,2714946,1665,720,1883401,2224,1,1829843,0,1882862,0,1,0,0
461,13,2,32,1,4,7,2,1,3,2344179,2714946,1665,875,2343304,2224,1,2291117,0,2342903,0,1,0,0
461,13,2,32,1,4,8,2,2,4,2714458,2714946,1665,1006,2713452,2224,1,2660414,0,2712602,0,1,0,0
461,13,2,32,1,4,9,2,3,5,2714600,2714946,1665,1125,2713475,2224,1,2680278,0,2712775,0,1,0,0
461,13,2,32,1,4,10,3,0,3,2345402,2714946,1665,1254,2344148,2224,1,2291351,0,2343362,0,1,0,0
461,13,2,32,1,4,11,3,1,4,2714779,2714946,1665,1373,2713406,2224,1,2660779,0,2712938,0,1,0,0
461,13,2,32,1,4,12,3,2,5,2714919,2714946,1665,1495,2713424,2224,1,2680602,0,2713033,0,1,0,0
462,13,3,32,1,4,0,0,2,2,870445,2715492,1667,7,870438,2224,1,816046,0,869300,0,1,0,0
462,13,3,32,1,4,1,0,3,3,870594,2715492,1667,143,870451,2224,1,833031,0,869249,0,1,0,0
462,13,3,32,1,4,2,1,0,1,1102218,2715492,1667,264,1101954,2224,1,1047048,0,1100249,0,1,0,0
462,13,3,32,1,4,3,1,1,2,1543341,2715492,1667,382,1542959,2224,1,1490192,0,1542614,0,1,0,0
462,13,3,32,1,4,4,1,2,3,1873793,2715492,1667,505,1873288,2224,1,1820968,0,1872565,0,1,0,0
462,13,3,32,1,4,5,1,3,4,1873935,2715492,1667,627,1873308,2224,1,1836551,0,1872445,0,1,0,0
462,13,3,32,1,4,6,2,0,2,1883678,2715492,1667,766,1882912,2224,1,1829286,0,1882337,0,1,0,0
462,13,3,32,1,4,7,2,1,3,2345517,2715492,1667,893,2344624,2224,1,2291585,0,2343570,0,1,0,0
462,13,3,32,1,4,8,2,2,4,2714731,2715492,1667,1023,2713708,2224,1,2660722,0,2713076,0,1,0,0
462,13,3,32,1,4,9,2,3,5,2714892,2715492,1667,1142,2713750,2224,1,2680636,0,2713261,0,1,0,0
462,13,3,32,1,4,10,3,0,3,2345947,2715492,1667,1276,2344671,2224,1,2292281,0,2343599,0,1,0,0
462,13,3,32,1,4,11,3,1,4,2715047,2715492,1667,1427,2713620,2224,1,2661176,0,2713402,0,1,0,0
462,13,3,32,1,4,12,3,2,5,2715465,2715492,1667,1543,2713922,2224,1,2681415,0,2713581,0,1,0,0
463,1,1,256,4,1,0,0,2,2,94639,94661,121,7,94632,320,1,92374,0,94431,0,1,0,0
464,1,2,256,4,1,0,0,2,2,94647,94669,131,7,94640,320,1,92372,0,94429,0,1,0,0
465,1,3,256,4,1,0,0,2,2,94597,94619,121,7,94590,320,1,92326,0,94383,0,1,0,0
466,2,1,256,4,1,0,0,2,2,159870,160227,452,7,159863,192,1,157340,0,159397,0,1,0,0
466,2,1,256,4,1,1,0,3,3,160200,160227,452,126,160074,192,1,157606,0,159663,0,1,0,0
467,2,2,256,4,1,0,0,2,2,159825,160183,459,7,159818,192,1,157288,0,159345,0,1,0,0
467,2,2,256,4,1,1,0,3,3,160156,160183,459,133,160023,192,1,157554,0,159611,0,1,0,0
468,2,3,256,4,1,0,0,2,2,159863,160221,452,7,159856,192,1,157333,0,159390,0,1,0,0
468,2,3,256,4,1,1,0,3,3,160194,160221,452,126,160068,192,1,157599,0,159656,0,1,0,0
469,4,1,256,4,1,0,0,2,2,287140,287992,1758,7,287133,112,1,283470,0,285527,0,1,0,0
469,4,1,256,4,1,1,0,3,3,287391,287992,1758,121,287270,112,1,284532,0,286589,0,1,0,0
469,4,1,256,4,1,2,1,0,1,287647,287992,1758,446,287201,112,1,284235,0,286292,0,1,0,0
469,4,1,256,4,1,3,1,1,2,287965,287992,1758,994,286971,112,1,284071,0,286128,0,1,0,0
470,4,2,256,4,1,0,0,2,2,286758,287608,1758,7,286751,112,1,283086,0,285143,0,1,0,0
470,4,2,256,4,1,1,0,3,3,287008,287608,1758,121,286887,112,1,284148,0,286205,0,1,0,0
470,4,2,256,4,1,2,1,0,1,287263,287608,1758,446,286817,112,1,283851,0,285908,0,1,0,0
470,4,2,256,4,1,3,1,1,2,287581,287608,1758,994,286587,112,1,283687,0,285744,0,1,0,0
471,4,3,256,4,1,0,0,2,2,287186,288035,1758,7,287179,112,1,283511,0,285568,0,1,0,0
471,4,3,256,4,1,1,0,3,3,287435,288035,1758,121,287314,112,1,284575,0,286632,0,1,0,0
471,4,3,256,4,1,2,1,0,1,287689,288035,1758,446,287243,112,1,284278,0,286335,0,1,0,0
471,4,3,256,4,1,3,1,1,2,288008,288035,1758,994,287014,112,1,284114,0,286171,0,1,0,0
472,6,1,256,4,1,0,0,2,2,370677,424296,3007,7,370670,135,1,367218,0,369275,0,1,0,0
472,6,1,256,4,1,1,0,3,3,373921,424296,3007,121,373800,135,1,369820,0,371877,0,1,0,0
472,6,1,256,4,1,2,1,0,1,379877,424296,3007,446,379431,135,1,376077,0,378134,0,1,0,0
472,6,1,256,4,1,3,1,1,2,408146,424296,3007,994,407152,135,1,404079,0,406136,0,1,0,0
472,6,1,256,4,1,4,1,2,3,423933,424296,3007,1752,422181,135,1,418770,0,420827,0,1,0,0
472,6,1,256,4,1,5,1,3,4,424269,424296,3007,2756,421513,135,1,419117,0,421174,0,1,0,0
473,6,2,256,4,1,0,0,2,2,371819,426099,3012,7,371812,140,1,369094,0,371151,0,1,0,0
473,6,2,256,4,1,1,0,3,3,375094,426099,3012,121,374973,140,1,372486,0,374543,0,1,0,0
473,6,2,256,4,1,2,1,0,1,377592,426099,3012,446,377146,140,1,373534,0,375591,0,1,0,0
473,6,2,256,4,1,3,1,1,2,407234,426099,3012,1000,406234,140,1,402431,0,404488,0,1,0,0
473,6,2,256,4,1,4,1,2,3,425440,426099,3012,1757,423683,140,1,420272,0,422329,0,1,0,0
473,6,2,256,4,1,5,1,3,4,426072,426099,3012,2761,423311,140,1,420918,0,422975,0,1,0,0
474,6,3,256,4,1,0,0,2,2,374509,425210,3030,7,374502,139,1,372035,0,374092,0,1,0,0
474,6,3,256,4,1,1,0,3,3,378021,425210,3030,121,377900,139,1,373433,0,375490,0,1,0,0
474,6,3,256,4,1,2,1,0,1,383346,425210,3030,446,382900,139,1,378667,0,380724,0,1,0,0
474,6,3,256,4,1,3,1,1,2,404295,425210,3030,994,403301,139,1,400359,0,402416,0,1,0,0
474,6,3,256,4,1,4,1,2,3,424248,425210,3030,1776,422472,139,1,419059,0,421116,0,1,0,0
474,6,3,256,4,1,5,1,3,4,425183,425210,3030,2779,422404,139,1,420011,0,422068,0,1,0,0
475,8,1,256,4,1,0,0,2,2,445509,571780,4758,7,445502,145,1,438530,0,440587,0,1,0,0
475,8,1,256,4,1,1,0,3,3,445780,571780,4758,121,445659,145,1,441672,0,443729,0,1,0,0
475,8,1,256,4,1,2,1,0,1,472419,571780,4758,444,471975,145,1,467488,0,469545,0,1,0,0
475,8,1,256,4,1,3,1,1,2,552164,571780,4758,992,551172,145,1,548098,0,550155,0,1,0,0
475,8,1,256,4,1,4,1,2,3,571100,571780,4758,1750,569350,145,1,565940,0,567997,0,1,0,0
475,8,1,256,4,1,5,1,3,4,571735,571780,4758,2754,568981,145,1,566588,0,568645,0,1,0,0
475,8,1,256,4,1,6,2,0,2,541954,571780,4758,2999,538955,145,1,535789,0,537846,0,1,0,0
475,8,1,256,4,1,7,2,1,3,545180,571780,4758,4002,541178,145,1,536885,0,538942,0,1,0,0
476,8,2,256,4,1,0,0,2,2,441883,561765,4798,7,441876,140,1,435357,0,437414,0,1,0,0
476,8,2,256,4,1,1,0,3,3,442182,561765,4798,121,442061,140,1,438768,0,440825,0,1,0,0
476,8,2,256,4,1,2,1,0,1,464695,561765,4798,446,464249,140,1,460292,0,462349,0,1,0,0
476,8,2,256,4,1,3,1,1,2,545554,561765,4798,1016,544538,140,1,540733,0,542790,0,1,0,0
476,8,2,256,4,1,4,1,2,3,560539,561765,4798,1774,558765,140,1,555600,0,557657,0,1,0,0
476,8,2,256,4,1,5,1,3,4,561720,561765,4798,2778,558942,140,1,556549,0,558606,0,1,0,0
476,8,2,256,4,1,6,2,0,2,538317,561765,4798,3023,535294,140,1,529621,0,531678,0,1,0,0
476,8,2,256,4,1,7,2,1,3,538556,561765,4798,4026,534530,140,1,529701,0,531758,0,1,0,0
477,8,3,256,4,1,0,0,2,2,446490,571351,4760,7,446483,145,1,439493,0,441550,0,1,0,0
477,8,3,256,4,1,1,0,3,3,446763,571351,4760,121,446642,145,1,442902,0,444959,0,1,0,0
477,8,3,256,4,1,2,1,0,1,475941,571351,4760,446,475495,145,1,470020,0,472077,0,1,0,0
477,8,3,256,4,1,3,1,1,2,551067,571351,4760,994,550073,145,1,546249,0,548306,0,1,0,0
477,8,3,256,4,1,4,1,2,3,570964,571351,4760,1752,569212,145,1,565800,0,567857,0,1,0,0
477,8,3,256,4,1,5,1,3,4,571299,571351,4760,2756,568543,145,1,566147,0,568204,0,1,0,0
477,8,3,256,4,1,6,2,0,2,543853,571351,4760,3001,540852,145,1,536201,0,538258,0,1,0,0
477,8,3,256,4,1,7,2,1,3,544598,571351,4760,4004,540594,145,1,536936,0,538993,0,1,0,0
478,10,1,256,4,1,0,0,2,2,479201,703772,6257,7,479194,151,1,474461,0,476518,0,1,0,0
478,10,1,256,4,1,1,0,3,3,485630,703772,6257,121,485509,151,1,477828,0,479885,0,1,0,0
478,10,1,256,4,1,2,1,0,1,506238,703772,6257,446,505792,151,1,500839,0,502896,0,1,0,0
478,10,1,256,4,1,3,1,1,2,626680,703772,6257,994,625686,151,1,620073,0,622130,0,1,0,0
478,10,1,256,4,1,4,1,2,3,669918,703772,6257,1752,668166,151,1,664256,0,666313,0,1,0,0
478,10,1,256,4,1,5,1,3,4,670411,703772,6257,2759,667652,151,1,665056,0,667113,0,1,0,0
478,10,1,256,4,1,6,2,0,2,639541,703772,6257,3004,636537,151,1,631931,0,633988,0,1,0,0
478,10,1,256,4,1,7,2,1,3,685308,703772,6257,4005,681303,151,1,678242,0,680299,0,1,0,0
478,10,1,256,4,1,8,2,2,4,703379,703772,6257,4755,698624,151,1,695210,0,697267,0,1,0,0
478,10,1,256,4,1,9,2,3,5,703745,703772,6257,5750,697995,151,1,695317,0,697374,0,1,0,0
479,10,2,256,4,1,0,0,2,2,475445,708584,6276,7,475438,156,1,470152,0,472209,0,1,0,0
479,10,2,256,4,1,1,0,3,3,482083,708584,6276,121,481962,156,1,473324,0,475381,0,1,0,0
479,10,2,256,4,1,2,1,0,1,506989,708584,6276,444,506545,156,1,501316,0,503373,0,1,0,0
479,10,2,256,4,1,3,1,1,2,628170,708584,6276,995,627175,156,1,621362,0,623419,0,1,0,0
479,10,2,256,4,1,4,1,2,3,670984,708584,6276,1752,669232,156,1,665437,0,667494,0,1,0,0
479,10,2,256,4,1,5,1,3,4,671718,708584,6276,2756,668962,156,1,665819,0,667876,0,1,0,0
479,10,2,256,4,1,6,2,0,2,640091,708584,6276,3001,637090,156,1,633924,0,635981,0,1,0,0
479,10,2,256,4,1,7,2,1,3,690832,708584,6276,4004,686828,156,1,683040,0,685097,0,1,0,0
479,10,2,256,4,1,8,2,2,4,707373,708584,6276,4755,702618,156,1,699460,0,701517,0,1,0,0
479,10,2,256,4,1,9,2,3,5,708557,708584,6276,5749,702808,156,1,700137,0,702194,0,1,0,0
480,10,3,256,4,1,0,0,2,2,469458,702954,6276,7,469451,155,1,465424,0,467481,0,1,0,0
480,10,3,256,4,1,1,0,3,3,475219,702954,6276,121,475098,155,1,470592,0,472649,0,1,0,0
480,10,3,256,4,1,2,1,0,1,506536,702954,6276,446,506090,155,1,499928,0,501985,0,1,0,0
480,10,3,256,4,1,3,1,1,2,627400,702954,6276,994,626406,155,1,619305,0,621362,0,1,0,0
480,10,3,256,4,1,4,1,2,3,668003,702954,6276,1752,666251,155,1,661388,0,663445,0,1,0,0
480,10,3,256,4,1,5,1,3,4,670947,702954,6276,2756,668191,155,1,664300,0,666357,0,1,0,0
480,10,3,256,4,1,6,2,0,2,636415,702954,6276,3001,633414,155,1,628613,0,630670,0,1,0,0
480,10,3,256,4,1,7,2,1,3,681971,702954,6276,4004,677967,155,1,674426,0,676483,0,1,0,0
480,10,3,256,4,1,8,2,2,4,701683,702954,6276,4754,696929,155,1,693529,0,695586,0,1,0,0
480,10,3,256,4,1,9,2,3,5,702927,702954,6276,5749,697178,155,1,694508,0,696565,0,1,0,0
481,13,1,256,4,1,0,0,2,2,508432,911318,9292,7,508425,150,1,498233,0,500290,0,1,0,0
481,13,1,256,4,1,1,0,3,3,508681,911318,9292,121,508560,150,1,502331,0,504388,0,1,0,0
481,13,1,256,4,1,2,1,0,1,543790,911318,9292,447,543343,150,1,539978,0,542035,0,1,0,0
481,13,1,256,4,1,3,1,1,2,682970,911318,9292,994,681976,150,1,678563,0,680620,0,1,0,0
481,13,1,256,4,1,4,1,2,3,743754,911318,9292,1752,742002,150,1,735916,0,737973,0,1,0,0
481,13,1,256,4,1,5,1,3,4,744738,911318,9292,2756,741982,150,1,738588,0,740645,0,1,0,0
481,13,1,256,4,1,6,2,0,2,734443,911318,9292,3002,731441,150,1,727001,0,729058,0,1,0,0
481,13,1,256,4,1,7,2,1,3,866156,911318,9292,4023,862133,150,1,857817,0,859874,0,1,0,0
481,13,1,256,4,1,8,2,2,4,909499,911318,9292,4773,904726,150,1,901317,0,903374,0,1,0,0
481,13,1,256,4,1,9,2,3,5,910951,911318,9292,5768,905183,150,1,902273,0,904330,0,1,0,0
481,13,1,256,4,1,10,3,0,3,873953,911318,9292,6269,867684,150,1,862101,0,864158,0,1,0,0
481,13,1,256,4,1,11,3,1,4,910474,911318,9292,7268,903206,150,1,899048,0,901105,0,1,0,0
481,13,1,256,4,1,12,3,2,5,911291,911318,9292,8287,903004,150,1,899854,0,901911,0,1,0,0
482,13,2,256,4,1,0,0,2,2,505670,908828,9254,7,505663,148,1,500407,0,502464,0,1,0,0
482,13,2,256,4,1,1,0,3,3,513820,908828,9254,121,513699,148,1,506006,0,508063,0,1,0,0
482,13,2,256,4,1,2,1,0,1,543236,908828,9254,446,542790,148,1,540083,0,542140,0,1,0,0
482,13,2,256,4,1,3,1,1,2,687626,908828,9254,992,686634,148,1,678351,0,680408,0,1,0,0
482,13,2,256,4,1,4,1,2,3,743763,908828,9254,1751,742012,148,1,734184,0,736241,0,1,0,0
482,13,2,256,4,1,5,1,3,4,744752,908828,9254,2754,741998,148,1,737663,0,739720,0,1,0,0
482,13,2,256,4,1,6,2,0,2,739342,908828,9254,2999,736343,148,1,731676,0,733733,0,1,0,0
482,13,2,256,4,1,7,2,1,3,866628,908828,9254,4002,862626,148,1,858740,0,860797,0,1,0,0
482,13,2,256,4,1,8,2,2,4,908399,908828,9254,4751,903648,148,1,899768,0,901825,0,1,0,0
482,13,2,256,4,1,9,2,3,5,908645,908828,9254,5745,902900,148,1,900231,0,902288,0,1,0,0
482,13,2,256,4,1,10,3,0,3,868828,908828,9254,6246,862582,148,1,855997,0,858054,0,1,0,0
482,13,2,256,4,1,11,3,1,4,907677,908828,9254,7245,900432,148,1,896283,0,898340,0,1,0,0
482,13,2,256,4,1,12,3,2,5,908801,908828,9254,8249,900552,148,1,896986,0,899043,0,1,0,0
483,13,3,256,4,1,0,0,2,2,500563,910613,9298,7,500556,148,1,497271,0,499328,0,1,0,0
483,13,3,256,4,1,1,0,3,3,509220,910613,9298,121,509099,148,1,499914,0,501971,0,1,0,0
483,13,3,256,4,1,2,1,0,1,550227,910613,9298,446,549781,148,1,543466,0,545523,0,1,0,0
483,13,3,256,4,1,3,1,1,2,691076,910613,9298,994,690082,148,1,685636,0,687693,0,1,0,0
483,13,3,256,4,1,4,1,2,3,747955,910613,9298,1774,746181,148,1,738347,0,740404,0,1,0,0
483,13,3,256,4,1,5,1,3,4,748443,910613,9298,2777,745666,148,1,742769,0,744826,0,1,0,0
483,13,3,256,4,1,6,2,0,2,743564,910613,9298,3022,740542,148,1,737348,0,739405,0,1,0,0
483,13,3,256,4,1,7,2,1,3,873162,910613,9298,4025,869137,148,1,863258,0,865315,0,1,0,0
483,13,3,256,4,1,8,2,2,4,908980,910613,9298,4775,904205,148,1,900876,0,902933,0,1,0,0
483,13,3,256,4,1,9,2,3,5,910245,910613,9298,5789,904456,148,1,901247,0,903304,0,1,0,0
483,13,3,256,4,1,10,3,0,3,875140,910613,9298,6290,868850,148,1,865684,0,867741,0,1,0,0
483,13,3,256,4,1,11,3,1,4,909702,910613,9298,7289,902413,148,1,898040,0,900097,0,1,0,0
483,13,3,256,4,1,12,3,2,5,910586,910613,9298,8293,902293,148,1,899142,0,901199,0,1,0,0
484,1,1,256,1,4,0,0,2,2,353047,353069,121,7,353040,1280,1,346174,0,352839,0,1,0,0
485,1,2,256,1,4,0,0,2,2,353055,353077,121,7,353048,1280,1,346182,0,352847,0,1,0,0
486,1,3,256,1,4,0,0,2,2,353060,353082,121,7,353053,1280,1,346184,0,352849,0,1,0,0
487,2,1,256,1,4,0,0,2,2,529844,530663,450,7,529837,1025,1,522955,0,529620,0,1,0,0
487,2,1,256,1,4,1,0,3,3,530636,530663,450,126,530510,1025,1,523415,0,530080,0,1,0,0
488,2,2,256,1,4,0,0,2,2,529848,530671,450,7,529841,1025,1,522959,0,529624,0,1,0,0
488,2,2,256,1,4,1,0,3,3,530644,530671,450,126,530518,1025,1,523419,0,530084,0,1,0,0
489,2,3,256,1,4,0,0,2,2,529838,530660,450,7,529831,1025,1,522949,0,529614,0,1,0,0
489,2,3,256,1,4,1,0,3,3,530633,530660,450,126,530507,1025,1,523409,0,530074,0,1,0,0
490,4,1,256,1,4,0,0,2,2,1253784,1256412,1066,7,1253777,1088,1,1245638,0,1252303,0,1,0,0
490,4,1,256,1,4,1,0,3,3,1255500,1256412,1066,142,1255358,1088,1,1248014,0,1254679,0,1,0,0
490,4,1,256,1,4,2,1,0,1,1256251,1256412,1066,467,1255784,1088,1,1248446,0,1255111,0,1,0,0
490,4,1,256,1,4,3,1,1,2,1256385,1256412,1066,787,1255598,1088,1,1248422,0,1255087,0,1,0,0
491,4,2,256,1,4,0,0,2,2,1250044,1251690,1044,7,1250037,1087,1,1242906,0,1249571,0,1,0,0
491,4,2,256,1,4,1,0,3,3,1250287,1251690,1044,121,1250166,1087,1,1243068,0,1249733,0,1,0,0
491,4,2,256,1,4,2,1,0,1,1250543,1251690,1044,446,1250097,1087,1,1242510,0,1249175,0,1,0,0
491,4,2,256,1,4,3,1,1,2,1251663,1251690,1044,765,1250898,1087,1,1243873,0,1250538,0,1,0,0
492,4,3,256,1,4,0,0,2,2,1253885,1256522,1087,7,1253878,1088,1,1245760,0,1252425,0,1,0,0
492,4,3,256,1,4,1,0,3,3,1255608,1256522,1087,121,1255487,1088,1,1248121,0,1254786,0,1,0,0
492,4,3,256,1,4,2,1,0,1,1256360,1256522,1087,464,1255896,1088,1,1248558,0,1255223,0,1,0,0
492,4,3,256,1,4,3,1,1,2,1256495,1256522,1087,783,1255712,1088,1,1248510,0,1255175,0,1,0,0
493,6,1,256,1,4,0,0,2,2,1187039,1732936,1588,7,1187032,1554,1,1179402,0,1186067,0,1,0,0
493,6,1,256,1,4,1,0,3,3,1189994,1732936,1588,121,1189873,1554,1,1182032,0,1188697,0,1,0,0
493,6,1,256,1,4,2,1,0,1,1191260,1732936,1588,446,1190814,1554,1,1182964,0,1189629,0,1,0,0
493,6,1,256,1,4,3,1,1,2,1453741,1732936,1588,765,1452976,1554,1,1445929,0,1452594,0,1,0,0
493,6,1,256,1,4,4,1,2,3,1732667,1732936,1588,1038,1731629,1554,1,1724575,0,1731240,0,1,0,0
493,6,1,256,1,4,5,1,3,4,1732909,1732936,1588,1311,1731598,1554,1,1724552,0,1731217,0,1,0,0
494,6,2,256,1,4,0,0,2,2,1191778,1735808,1588,7,1191771,1553,1,1184640,0,1191305,0,1,0,0
494,6,2,256,1,4,1,0,3,3,1194576,1735808,1588,121,1194455,1553,1,1186619,0,1193284,0,1,0,0
494,6,2,256,1,4,2,1,0,1,1195821,1735808,1588,446,1195375,1553,1,1187795,0,1194460,0,1,0,0
494,6,2,256,1,4,3,1,1,2,1456112,1735808,1588,765,1455347,1553,1,1448302,0,1454967,0,1,0,0
494,6,2,256,1,4,4,1,2,3,1735527,1735808,1588,1038,1734489,1553,1,1727447,0,1734112,0,1,0,0
494,6,2,256,1,4,5,1,3,4,1735781,1735808,1588,1311,1734470,1553,1,1727424,0,1734089,0,1,0,0
495,6,3,256,1,4,0,0,2,2,1178233,1725830,1588,7,1178226,1555,1,1171103,0,1177768,0,1,0,0
495,6,3,256,1,4,1,0,3,3,1181180,1725830,1588,121,1181059,1555,1,1173471,0,1180136,0,1,0,0
495,6,3,256,1,4,2,1,0,1,1181457,1725830,1588,446,1181011,1555,1,1173920,0,1180585,0,1,0,0
495,6,3,256,1,4,3,1,1,2,1445759,1725830,1588,765,1444994,1555,1,1437953,0,1444618,0,1,0,0
495,6,3,256,1,4,4,1,2,3,1725666,1725830,1588,1038,1724628,1555,1,1717335,0,1724000,0,1,0,0
495,6,3,256,1,4,5,1,3,4,1725803,1725830,1588,1311,1724492,1555,1,1717312,0,1723977,0,1,0,0
496,8,1,256,1,4,0,0,2,2,1051177,2198956,2089,7,1051170,1635,1,1043563,0,1050228,0,1,0,0
496,8,1,256,1,4,1,0,3,3,1051429,2198956,2089,121,1051308,1635,1,1043725,0,1050390,0,1,0,0
496,8,1,256,1,4,2,1,0,1,1326940,2198956,2089,446,1326494,1635,1,1317640,0,1324305,0,1,0,0
496,8,1,256,1,4,3,1,1,2,1911924,2198956,2089,765,1911159,1635,1,1903872,0,1910537,0,1,0,0
496,8,1,256,1,4,4,1,2,3,2198649,2198956,2089,1038,2197611,1635,1,2190568,0,2197233,0,1,0,0
496,8,1,256,1,4,5,1,3,4,2198904,2198956,2089,1311,2197593,1635,1,2190545,0,2197210,0,1,0,0
496,8,1,256,1,4,6,2,0,2,1911432,2198956,2089,1582,1909850,1635,1,1902339,0,1909004,0,1,0,0
496,8,1,256,1,4,7,2,1,3,1911686,2198956,2089,1837,1909849,1635,1,1902578,0,1909243,0,1,0,0
497,8,2,256,1,4,0,0,2,2,1045899,2169639,2082,7,1045892,1664,1,1038275,0,1044940,0,1,0,0
497,8,2,256,1,4,1,0,3,3,1046150,2169639,2082,121,1046029,1664,1,1038435,0,1045100,0,1,0,0
497,8,2,256,1,4,2,1,0,1,1323164,2169639,2082,446,1322718,1664,1,1315380,0,1322045,0,1,0,0
497,8,2,256,1,4,3,1,1,2,1853506,2169639,2082,765,1852741,1664,1,1845700,0,1852365,0,1,0,0
497,8,2,256,1,4,4,1,2,3,2169333,2169639,2082,1038,2168295,1664,1,2161253,0,2167918,0,1,0,0
497,8,2,256,1,4,5,1,3,4,2169587,2169639,2082,1311,2168276,1664,1,2161230,0,2167895,0,1,0,0
497,8,2,256,1,4,6,2,0,2,1850429,2169639,2082,1582,1848847,1664,1,1841094,0,1847759,0,1,0,0
497,8,2,256,1,4,7,2,1,3,1851661,2169639,2082,1831,1849830,1664,1,1842814,0,1849479,0,1,0,0
498,8,3,256,1,4,0,0,2,2,1056648,2202755,2092,7,1056641,1635,1,1049013,0,1055678,0,1,0,0
498,8,3,256,1,4,1,0,3,3,1058691,2202755,2092,121,1058570,1635,1,1050431,0,1057096,0,1,0,0
498,8,3,256,1,4,2,1,0,1,1331748,2202755,2092,446,1331302,1635,1,1324214,0,1330879,0,1,0,0
498,8,3,256,1,4,3,1,1,2,1915845,2202755,2092,765,1915080,1635,1,1907793,0,1914458,0,1,0,0
498,8,3,256,1,4,4,1,2,3,2202452,2202755,2092,1038,2201414,1635,1,2194367,0,2201032,0,1,0,0
498,8,3,256,1,4,5,1,3,4,2202703,2202755,2092,1312,2201391,1635,1,2194345,0,2201010,0,1,0,0
498,8,3,256,1,4,6,2,0,2,1915354,2202755,2092,1583,1913771,1635,1,1906256,0,1912921,0,1,0,0
498,8,3,256,1,4,7,2,1,3,1915603,2202755,2092,1841,1913762,1635,1,1906496,0,1913161,0,1,0,0
499,10,1,256,1,4,0,0,2,2,1123176,2788678,2633,7,1123169,1794,1,1114518,0,1121183,0,1,0,0
499,10,1,256,1,4,1,0,3,3,1125899,2788678,2633,121,1125778,1794,1,1116451,0,1123116,0,1,0,0
499,10,1,256,1,4,2,1,0,1,1396203,2788678,2633,446,1395757,1794,1,1388399,0,1395064,0,1,0,0
499,10,1,256,1,4,3,1,1,2,1929178,2788678,2633,765,1928413,1794,1,1920384,0,1927049,0,1,0,0
499,10,1,256,1,4,4,1,2,3,2498637,2788678,2633,1038,2497599,1794,1,2489772,0,2496437,0,1,0,0
499,10,1,256,1,4,5,1,3,4,2500847,2788678,2633,1311,2499536,1794,1,2491980,0,2498645,0,1,0,0
499,10,1,256,1,4,6,2,0,2,1929941,2788678,2633,1582,1928359,1794,1,1920576,0,1927241,0,1,0,0
499,10,1,256,1,4,7,2,1,3,2501140,2788678,2633,1833,2499307,1794,1,2492291,0,2498956,0,1,0,0
499,10,1,256,1,4,8,2,2,4,2788514,2788678,2633,2078,2786436,1794,1,2779117,0,2785782,0,1,0,0
499,10,1,256,1,4,9,2,3,5,2788651,2788678,2633,2375,2786276,1794,1,2779114,0,2785779,0,1,0,0
500,10,2,256,1,4,0,0,2,2,1054594,2718665,2627,7,1054587,1784,1,1045950,0,1052615,0,1,0,0
500,10,2,256,1,4,1,0,3,3,1057126,2718665,2627,121,1057005,1784,1,1047902,0,1054567,0,1,0,0
500,10,2,256,1,4,2,1,0,1,1327908,2718665,2627,446,1327462,1784,1,1318607,0,1325272,0,1,0,0
500,10,2,256,1,4,3,1,1,2,1858482,2718665,2627,765,1857717,1784,1,1850676,0,1857341,0,1,0,0
500,10,2,256,1,4,4,1,2,3,2428009,2718665,2627,1038,2426971,1784,1,2419929,0,2426594,0,1,0,0
500,10,2,256,1,4,5,1,3,4,2431259,2718665,2627,1311,2429948,1784,1,2422123,0,2428788,0,1,0,0
500,10,2,256,1,4,6,2,0,2,1859472,2718665,2627,1582,1857890,1784,1,1850844,0,1857509,0,1,0,0
500,10,2,256,1,4,7,2,1,3,2431511,2718665,2627,1857,2429654,1784,1,2422386,0,2429051,0,1,0,0
500,10,2,256,1,4,8,2,2,4,2718379,2718665,2627,2102,2716277,1784,1,2709234,0,2715899,0,1,0,0
500,10,2,256,1,4,9,2,3,5,2718638,2718665,2627,2373,2716265,1784,1,2709235,0,2715900,0,1,0,0
501,10,3,256,1,4,0,0,2,2,1053000,2715569,2635,7,1052993,1783,1,1043642,0,1050307,0,1,0,0
501,10,3,256,1,4,1,0,3,3,1053255,2715569,2635,121,1053134,1783,1,1043807,0,1050472,0,1,0,0
501,10,3,256,1,4,2,1,0,1,1323223,2715569,2635,444,1322779,1783,1,1315682,0,1322347,0,1,0,0
501,10,3,256,1,4,3,1,1,2,1856407,2715569,2635,773,1855634,1783,1,1847840,0,1854505,0,1,0,0
501,10,3,256,1,4,4,1,2,3,2425398,2715569,2635,1046,2424352,1783,1,2417310,0,2423975,0,1,0,0
501,10,3,256,1,4,5,1,3,4,2427707,2715569,2635,1319,2426388,1783,1,2419079,0,2425744,0,1,0,0
501,10,3,256,1,4,6,2,0,2,1857169,2715569,2635,1616,1855553,1783,1,1848015,0,1854680,0,1,0,0
501,10,3,256,1,4,7,2,1,3,2429477,2715569,2635,1865,2427612,1783,1,2420076,0,2426741,0,1,0,0
501,10,3,256,1,4,8,2,2,4,2715289,2715569,2635,2110,2713179,1783,1,2706136,0,2712801,0,1,0,0
501,10,3,256,1,4,9,2,3,5,2715542,2715569,2635,2381,2713161,1783,1,2706137,0,2712802,0,1,0,0
502,13,1,256,1,4,0,0,2,2,1072345,3602189,3621,7,1072338,1723,1,1065155,0,1071820,0,1,0,0
502,13,1,256,1,4,1,0,3,3,1075600,3602189,3621,121,1075479,1723,1,1066605,0,1073270,0,1,0,0
502,13,1,256,1,4,2,1,0,1,1343432,3602189,3621,446,1342986,1723,1,1334337,0,1341002,0,1,0,0
502,13,1,256,1,4,3,1,1,2,1877345,3602189,3621,765,1876580,1723,1,1869269,0,1875934,0,1,0,0
502,13,1,256,1,4,4,1,2,3,2415787,3602189,3621,1063,2414724,1723,1,2406359,0,2413024,0,1,0,0
502,13,1,256,1,4,5,1,3,4,2416034,3602189,3621,1336,2414698,1723,1,2406359,0,2413024,0,1,0,0
502,13,1,256,1,4,6,2,0,2,2413742,3602189,3621,1607,2412135,1723,1,2405103,0,2411768,0,1,0,0
502,13,1,256,1,4,7,2,1,3,3008737,3602189,3621,1856,3006881,1723,1,2998416,0,3005081,0,1,0,0
502,13,1,256,1,4,8,2,2,4,3601161,3602189,3621,2101,3599060,1723,1,3592017,0,3598682,0,1,0,0
502,13,1,256,1,4,9,2,3,5,3602135,3602189,3621,2372,3599763,1723,1,3592253,0,3598918,0,1,0,0
502,13,1,256,1,4,10,3,0,3,3007289,3602189,3621,2620,3004669,1723,1,2996657,0,3003322,0,1,0,0
502,13,1,256,1,4,11,3,1,4,3601646,3602189,3621,3125,3598521,1723,1,3591263,0,3597928,0,1,0,0
502,13,1,256,1,4,12,3,2,5,3601902,3602189,3621,3370,3598532,1723,1,3591498,0,3598163,0,1,0,0
503,13,2,256,1,4,0,0,2,2,1083113,3546530,3595,7,1083106,1703,1,1073271,0,1079936,0,1,0,0
503,13,2,256,1,4,1,0,3,3,1083368,3546530,3595,121,1083247,1703,1,1075413,0,1082078,0,1,0,0
503,13,2,256,1,4,2,1,0,1,1337524,3546530,3595,446,1337078,1703,1,1329209,0,1335874,0,1,0,0
503,13,2,256,1,4,3,1,1,2,1874107,3546530,3595,765,1873342,1703,1,1864111,0,1870776,0,1,0,0
503,13,2,256,1,4,4,1,2,3,2410129,3546530,3595,1038,2409091,1703,1,2401018,0,2407683,0,1,0,0
503,13,2,256,1,4,5,1,3,4,2410397,3546530,3595,1311,2409086,1703,1,2401018,0,2407683,0,1,0,0
503,13,2,256,1,4,6,2,0,2,2410637,3546530,3595,1582,2409055,1703,1,2399764,0,2406429,0,1,0,0
503,13,2,256,1,4,7,2,1,3,2987882,3546530,3595,1831,2986051,1703,1,2979037,0,2985702,0,1,0,0
503,13,2,256,1,4,8,2,2,4,3544880,3546530,3595,2076,3542804,1703,1,3535516,0,3542181,0,1,0,0
503,13,2,256,1,4,9,2,3,5,3545124,3546530,3595,2348,3542776,1703,1,3535752,0,3542417,0,1,0,0
503,13,2,256,1,4,10,3,0,3,2987165,3546530,3595,2596,2984569,1703,1,2976301,0,2982966,0,1,0,0
503,13,2,256,1,4,11,3,1,4,3545365,3546530,3595,3101,3542264,1703,1,3534762,0,3541427,0,1,0,0
503,13,2,256,1,4,12,3,2,5,3546503,3546530,3595,3346,3543157,1703,1,3536157,0,3542822,0,1,0,0
504,13,3,256,1,4,0,0,2,2,1072101,3583141,3617,7,1072094,1718,1,1064939,0,1071604,0,1,0,0
504,13,3,256,1,4,1,0,3,3,1075342,3583141,3617,121,1075221,1718,1,1066347,0,1073012,0,1,0,0
504,13,3,256,1,4,2,1,0,1,1343233,3583141,3617,446,1342787,1718,1,1334162,0,1340827,0,1,0,0
504,13,3,256,1,4,3,1,1,2,1877370,3583141,3617,765,1876605,1718,1,1869079,0,1875744,0,1,0,0
504,13,3,256,1,4,4,1,2,3,2415473,3583141,3617,1038,2414435,1718,1,2405854,0,2412519,0,1,0,0
504,13,3,256,1,4,5,1,3,4,2415726,3583141,3617,1311,2414415,1718,1,2405854,0,2412519,0,1,0,0
504,13,3,256,1,4,6,2,0,2,2413447,3583141,3617,1582,2411865,1718,1,2404605,0,2411270,0,1,0,0
504,13,3,256,1,4,7,2,1,3,2998874,3583141,3617,1831,2997043,1718,1,2988566,0,2995231,0,1,0,0
504,13,3,256,1,4,8,2,2,4,3580417,3583141,3617,2076,3578341,1718,1,3571285,0,3577950,0,1,0,0
504,13,3,256,1,4,9,2,3,5,3583087,3583141,3617,2347,3580740,1718,1,3573475,0,3580140,0,1,0,0
504,13,3,256,1,4,10,3,0,3,2997905,3583141,3617,2595,2995310,1718,1,2987767,0,2994432,0,1,0,0
504,13,3,256,1,4,11,3,1,4,3581139,3583141,3617,3122,3578017,1718,1,3570019,0,3576684,0,1,0,0
504,13,3,256,1,4,12,3,2,5,3582857,3583141,3617,3369,3579488,1718,1,3572216,0,3578881,0,1,0,0
