run_id,idle,tile,l2_hits,l2_misses,dvfs0,dvfs1,dvfs2,dvfs3,inject_p0,inject_p1,inject_p2,inject_p3,inject_p4,inject_p5,router_p0_d0,router_p0_d1,router_p0_d2,router_p0_d3,router_p0_d4,router_p1_d0,router_p1_d1,router_p1_d2,router_p1_d3,router_p1_d4,router_p2_d0,router_p2_d1,router_p2_d2,router_p2_d3,router_p2_d4,router_p3_d0,router_p3_d1,router_p3_d2,router_p3_d3,router_p3_d4,router_p4_d0,router_p4_d1,router_p4_d2,router_p4_d3,router_p4_d4,router_p5_d0,router_p5_d1,router_p5_d2,router_p5_d3,router_p5_d4
0,1,0,0,0,0,0,0,20103020,0,0,171,0,136,0,0,0,0,0,3837,0,0,0,0,0,0,0,0,171,171,0,0,0,0,0,0,294,0,136,284,0,0,0,0,0
0,1,1,0,0,0,0,0,10051510,3837,0,0,0,1106,0,0,0,0,0,0,0,0,0,0,0,0,0,0,0,78,0,0,0,0,0,0,71,164,167,1816,0,0,0,0,0
0,1,2,0,0,0,0,0,10051510,0,0,0,0,49,0,0,0,0,0,0,0,0,0,0,0,0,0,0,0,0,0,0,0,0,0,0,257,93,278,119,0,0,0,0,0
0,1,3,0,0,0,0,0,10051510,0,0,0,0,50,0,0,0,0,0,0,0,0,0,0,0,0,0,0,0,0,0,0,0,0,0,0,91,42,0,61,0,0,0,0,0
0,1,4,0,0,0,0,0,10051510,0,0,0,0,52,0,0,0,0,0,0,0,0,0,0,0,0,0,0,0,0,0,0,0,0,0,0,82,0,40,67,0,0,0,0,0
0,1,5,0,0,0,0,0,10051510,0,0,0,0,52,0,0,0,0,0,0,0,0,0,0,0,0,0,0,0,0,0,0,0,0,0,541,150,0,0,125,0,0,0,0,0
0,1,6,0,0,0,0,0,10051510,0,0,0,0,52,0,0,0,0,0,0,0,0,0,0,0,0,0,0,0,0,0,0,0,0,0,0,32,97,0,57,0,0,0,0,0
0,1,7,0,0,0,0,0,10051510,0,0,0,0,57,0,0,0,0,0,0,0,0,0,0,0,0,0,0,0,0,0,0,0,0,0,0,103,35,0,145,0,0,0,0,0
0,1,8,0,0,0,0,0,10051510,0,0,0,0,57,0,0,0,0,0,0,0,0,0,0,0,0,0,0,0,0,0,0,0,0,0,0,57,0,35,114,0,0,0,0,0
0,1,9,0,0,0,0,0,10051510,0,0,0,0,51,0,0,0,0,0,0,0,0,0,0,0,0,0,0,0,0,0,0,0,0,0,362,41,0,0,56,0,0,0,0,0
0,1,10,0,0,0,0,0,10051510,0,0,0,0,59,0,0,0,0,0,0,0,0,0,0,0,0,0,0,0,0,0,0,0,0,0,0,85,92,0,138,0,0,0,0,0
0,1,11,0,0,0,0,0,10051510,0,0,0,0,59,0,0,0,0,0,0,0,0,0,0,0,0,0,0,0,0,0,0,0,0,0,0,40,33,0,148,0,0,0,0,0
0,1,12,0,0,0,0,0,10051510,0,0,0,0,59,0,0,0,0,0,0,0,0,0,0,0,0,0,0,0,0,0,0,0,0,0,0,0,0,33,100,0,0,0,0,0
0,1,13,0,0,0,0,0,10051510,0,0,0,0,58,0,0,0,0,0,0,0,0,0,0,0,0,0,0,0,0,0,0,0,0,0,184,0,0,0,115,0,0,0,0,0
0,1,14,0,0,0,0,0,10051510,0,0,0,0,59,0,0,0,0,0,0,0,0,0,0,0,0,0,0,0,0,0,0,0,0,0,0,0,81,0,72,0,0,0,0,0
0,1,15,0,0,0,0,0,10051510,0,0,0,0,48,0,0,0,0,0,0,0,0,0,0,0,0,0,0,0,0,0,0,0,0,0,0,0,32,0,94,0,0,0,0,0
1,0,0,0,0,0,0,0,1348910,0,0,8196,73728,136,0,0,0,0,0,15969,0,0,0,0,0,0,0,0,8196,8196,0,0,0,73728,73728,0,294,0,136,284,0,0,0,0,114688
1,0,1,0,0,0,0,0,674455,15969,0,0,0,7231,0,0,0,0,0,0,0,0,0,0,0,0,0,0,0,2047,0,0,0,40959,0,0,79,173,2222,14107,0,0,114688,0,0
1,0,2,0,0,0,0,0,674455,0,0,0,0,6194,114688,0,0,0,0,0,0,0,0,0,0,0,0,0,0,0,0,0,0,0,32769,0,246,2140,275,12420,0,0,0,0,114688
1,0,3,0,0,0,0,0,674455,0,0,0,0,47,0,0,0,0,0,0,0,0,0,0,0,0,0,0,0,0,0,0,0,0,0,0,98,45,0,55,0,0,0,0,0
1,0,4,0,0,0,0,0,674455,0,0,0,0,47,0,0,0,0,0,0,0,0,0,0,0,0,0,0,0,0,0,0,0,0,0,0,87,0,45,66,0,0,0,0,0
1,0,5,0,0,0,0,0,674455,0,0,0,0,47,0,0,0,0,0,0,0,0,0,0,0,0,0,0,0,0,0,0,0,0,0,522,150,0,0,112,0,0,0,0,0
1,0,6,0,0,0,0,0,674455,0,0,0,0,47,0,0,0,0,0,0,0,0,0,0,0,0,0,0,0,0,0,0,0,0,0,0,43,98,0,52,0,0,0,0,0
1,0,7,0,0,0,0,0,674455,0,0,0,0,53,0,0,0,0,0,0,0,0,0,0,0,0,0,0,0,0,0,0,0,0,0,0,98,39,0,140,0,0,0,0,0
1,0,8,0,0,0,0,0,674455,0,0,0,0,53,0,0,0,0,0,0,0,0,0,0,0,0,0,0,0,0,0,0,0,0,0,0,52,0,39,110,0,0,0,0,0
1,0,9,0,0,0,0,0,674455,0,0,0,0,47,0,0,0,0,0,0,0,0,0,0,0,0,0,0,0,0,0,0,0,0,0,380,40,0,0,53,0,0,0,0,0
1,0,10,0,0,0,0,0,674455,0,0,0,0,53,0,0,0,0,0,0,0,0,0,0,0,0,0,0,0,0,0,0,0,0,0,0,82,86,0,124,0,0,0,0,0
1,0,11,0,0,0,0,0,674455,0,0,0,0,47,0,0,0,0,0,0,0,0,0,0,0,0,0,0,0,0,0,0,0,0,0,0,41,45,0,147,0,0,0,0,0
1,0,12,0,0,0,0,0,674455,0,0,0,0,47,0,0,0,0,0,0,0,0,0,0,0,0,0,0,0,0,0,0,0,0,0,0,0,0,45,93,0,0,0,0,0
1,0,13,0,0,0,0,0,674455,0,0,0,0,53,0,0,0,0,0,0,0,0,0,0,0,0,0,0,0,0,0,0,0,0,0,172,0,0,0,111,0,0,0,0,0
1,0,14,0,0,0,0,0,674455,0,0,0,0,47,0,0,0,0,0,0,0,0,0,0,0,0,0,0,0,0,0,0,0,0,0,0,0,86,0,63,0,0,0,0,0
1,0,15,0,0,0,0,0,674455,0,0,0,0,41,0,0,0,0,0,0,0,0,0,0,0,0,0,0,0,0,0,0,0,0,0,0,0,39,0,87,0,0,0,0,0
2,0,0,0,0,0,0,0,1348828,0,0,8196,73728,136,0,0,0,0,0,15972,0,0,0,0,0,0,0,0,8196,8196,0,0,0,73728,73728,0,294,0,136,284,0,0,0,0,114688
2,0,1,0,0,0,0,0,674414,15972,0,0,0,7237,0,0,0,0,0,0,0,0,0,0,0,0,0,0,0,2037,0,0,0,40959,0,0,79,174,2215,14121,0,0,114688,0,0
2,0,2,0,0,0,0,0,674414,0,0,0,0,6202,114688,0,0,0,0,0,0,0,0,0,0,0,0,0,0,0,0,0,0,0,32769,0,246,2132,275,12435,0,0,0,0,114688
2,0,3,0,0,0,0,0,674414,0,0,0,0,47,0,0,0,0,0,0,0,0,0,0,0,0,0,0,0,0,0,0,0,0,0,0,98,45,0,55,0,0,0,0,0
2,0,4,0,0,0,0,0,674414,0,0,0,0,47,0,0,0,0,0,0,0,0,0,0,0,0,0,0,0,0,0,0,0,0,0,0,87,0,45,66,0,0,0,0,0
2,0,5,0,0,0,0,0,674414,0,0,0,0,47,0,0,0,0,0,0,0,0,0,0,0,0,0,0,0,0,0,0,0,0,0,522,150,0,0,112,0,0,0,0,0
2,0,6,0,0,0,0,0,674414,0,0,0,0,47,0,0,0,0,0,0,0,0,0,0,0,0,0,0,0,0,0,0,0,0,0,0,43,98,0,52,0,0,0,0,0
2,0,7,0,0,0,0,0,674414,0,0,0,0,53,0,0,0,0,0,0,0,0,0,0,0,0,0,0,0,0,0,0,0,0,0,0,98,39,0,140,0,0,0,0,0
2,0,8,0,0,0,0,0,674414,0,0,0,0,53,0,0,0,0,0,0,0,0,0,0,0,0,0,0,0,0,0,0,0,0,0,0,52,0,39,110,0,0,0,0,0
2,0,9,0,0,0,0,0,674414,0,0,0,0,47,0,0,0,0,0,0,0,0,0,0,0,0,0,0,0,0,0,0,0,0,0,380,40,0,0,53,0,0,0,0,0
2,0,10,0,0,0,0,0,674414,0,0,0,0,53,0,0,0,0,0,0,0,0,0,0,0,0,0,0,0,0,0,0,0,0,0,0,82,86,0,124,0,0,0,0,0
2,0,11,0,0,0,0,0,674414,0,0,0,0,47,0,0,0,0,0,0,0,0,0,0,0,0,0,0,0,0,0,0,0,0,0,0,41,45,0,147,0,0,0,0,0
2,0,12,0,0,0,0,0,674414,0,0,0,0,47,0,0,0,0,0,0,0,0,0,0,0,0,0,0,0,0,0,0,0,0,0,0,0,0,45,93,0,0,0,0,0
2,0,13,0,0,0,0,0,674414,0,0,0,0,53,0,0,0,0,0,0,0,0,0,0,0,0,0,0,0,0,0,0,0,0,0,172,0,0,0,111,0,0,0,0,0
2,0,14,0,0,0,0,0,674414,0,0,0,0,47,0,0,0,0,0,0,0,0,0,0,0,0,0,0,0,0,0,0,0,0,0,0,0,86,0,63,0,0,0,0,0
2,0,15,0,0,0,0,0,674414,0,0,0,0,41,0,0,0,0,0,0,0,0,0,0,0,0,0,0,0,0,0,0,0,0,0,0,0,39,0,87,0,0,0,0,0
3,0,0,0,0,0,0,0,1348909,0,0,8196,73728,136,0,0,0,0,0,15972,0,0,0,0,0,0,0,0,8196,8196,0,0,0,73728,73728,0,294,0,136,284,0,0,0,0,114688
3,0,1,0,0,0,0,0,674455,15972,0,0,0,7237,0,0,0,0,0,0,0,0,0,0,0,0,0,0,0,2045,0,0,0,40960,0,0,78,172,2218,14114,0,0,114688,0,0
3,0,2,0,0,0,0,0,674455,0,0,0,0,6198,114688,0,0,0,0,0,0,0,0,0,0,0,0,0,0,0,0,0,0,0,32768,0,250,2136,273,12426,0,0,0,0,114688
3,0,3,0,0,0,0,0,674455,0,0,0,0,47,0,0,0,0,0,0,0,0,0,0,0,0,0,0,0,0,0,0,0,0,0,0,100,45,0,55,0,0,0,0,0
3,0,4,0,0,0,0,0,674455,0,0,0,0,50,0,0,0,0,0,0,0,0,0,0,0,0,0,0,0,0,0,0,0,0,0,0,87,0,42,67,0,0,0,0,0
3,0,5,0,0,0,0,0,674455,0,0,0,0,50,0,0,0,0,0,0,0,0,0,0,0,0,0,0,0,0,0,0,0,0,0,525,150,0,0,116,0,0,0,0,0
3,0,6,0,0,0,0,0,674455,0,0,0,0,50,0,0,0,0,0,0,0,0,0,0,0,0,0,0,0,0,0,0,0,0,0,0,39,95,0,55,0,0,0,0,0
3,0,7,0,0,0,0,0,674455,0,0,0,0,53,0,0,0,0,0,0,0,0,0,0,0,0,0,0,0,0,0,0,0,0,0,0,98,39,0,138,0,0,0,0,0
3,0,8,0,0,0,0,0,674455,0,0,0,0,56,0,0,0,0,0,0,0,0,0,0,0,0,0,0,0,0,0,0,0,0,0,0,52,0,36,113,0,0,0,0,0
3,0,9,0,0,0,0,0,674455,0,0,0,0,50,0,0,0,0,0,0,0,0,0,0,0,0,0,0,0,0,0,0,0,0,0,380,40,0,0,56,0,0,0,0,0
3,0,10,0,0,0,0,0,674455,0,0,0,0,56,0,0,0,0,0,0,0,0,0,0,0,0,0,0,0,0,0,0,0,0,0,0,86,86,0,127,0,0,0,0,0
3,0,11,0,0,0,0,0,674455,0,0,0,0,50,0,0,0,0,0,0,0,0,0,0,0,0,0,0,0,0,0,0,0,0,0,0,41,42,0,4294967222,0,0,0,0,0
3,0,12,0,0,0,0,0,674455,0,0,0,0,50,0,0,0,0,0,0,0,0,0,0,0,0,0,0,0,0,0,0,0,0,0,0,0,0,42,96,0,0,0,0,0
3,0,13,0,0,0,0,0,674455,0,0,0,0,56,0,0,0,0,0,0,0,0,0,0,0,0,0,0,0,0,0,0,0,0,0,172,0,0,0,114,0,0,0,0,0
3,0,14,0,0,0,0,0,674455,0,0,0,0,50,0,0,0,0,0,0,0,0,0,0,0,0,0,0,0,0,0,0,0,0,0,0,0,86,0,62,0,0,0,0,0
3,0,15,0,0,0,0,0,674455,0,0,0,0,44,0,0,0,0,0,0,0,0,0,0,0,0,0,0,0,0,0,0,0,0,0,0,0,36,0,90,0,0,0,0,0
4,0,0,0,0,0,0,0,1381186,0,0,8826,147456,136,0,0,0,0,0,16923,0,0,0,0,0,0,0,0,8826,8826,0,0,0,147456,147456,0,294,0,136,284,0,0,0,0,229376
4,0,1,0,0,0,0,0,690593,16923,0,0,0,7430,0,0,0,0,0,0,0,0,0,0,0,0,0,0,0,4155,0,0,0,73525,0,0,78,171,2657,12567,0,0,102826,0,0
4,0,2,0,0,0,0,0,690593,0,0,0,0,2888,114688,0,0,0,0,0,0,0,0,0,0,0,0,0,0,0,0,0,0,39977,35435,0,250,4504,3433,6148,0,0,126550,0,109310
4,0,3,0,0,0,0,0,690593,0,0,0,0,2890,114688,0,0,0,0,0,0,0,0,0,0,0,0,0,0,0,0,0,0,0,33751,0,100,1615,0,4153,0,0,0,0,114688
4,0,4,0,0,0,0,0,690593,0,0,0,0,50,0,0,0,0,0,0,0,0,0,0,0,0,0,0,0,0,0,0,0,0,0,0,87,0,42,67,0,0,0,0,0
4,0,5,0,0,0,0,0,690593,0,0,0,0,50,0,0,0,0,0,0,0,0,0,0,0,0,0,0,0,0,0,0,0,0,0,525,150,0,0,116,0,0,0,0,0
4,0,6,0,0,0,0,0,690593,0,0,0,0,50,0,0,0,0,0,0,0,0,0,0,0,0,0,0,0,0,0,0,0,0,0,0,39,95,0,55,0,0,0,0,0
4,0,7,0,0,0,0,0,690593,0,0,0,0,53,0,0,0,0,0,0,0,0,0,0,0,0,0,0,0,0,0,0,0,0,0,0,99,39,0,138,0,0,0,0,0
4,0,8,0,0,0,0,0,690593,0,0,0,0,56,0,0,0,0,0,0,0,0,0,0,0,0,0,0,0,0,0,0,0,0,0,0,52,0,36,113,0,0,0,0,0
4,0,9,0,0,0,0,0,690593,0,0,0,0,50,0,0,0,0,0,0,0,0,0,0,0,0,0,0,0,0,0,0,0,0,0,380,40,0,0,56,0,0,0,0,0
4,0,10,0,0,0,0,0,690593,0,0,0,0,56,0,0,0,0,0,0,0,0,0,0,0,0,0,0,0,0,0,0,0,0,0,0,86,86,0,127,0,0,0,0,0
4,0,11,0,0,0,0,0,690593,0,0,0,0,50,0,0,0,0,0,0,0,0,0,0,0,0,0,0,0,0,0,0,0,0,0,0,41,42,0,166,0,0,0,0,0
4,0,12,0,0,0,0,0,690593,0,0,0,0,50,0,0,0,0,0,0,0,0,0,0,0,0,0,0,0,0,0,0,0,0,0,0,0,0,42,96,0,0,0,0,0
4,0,13,0,0,0,0,0,690593,0,0,0,0,56,0,0,0,0,0,0,0,0,0,0,0,0,0,0,0,0,0,0,0,0,0,172,0,0,0,114,0,0,0,0,0
4,0,14,0,0,0,0,0,690593,0,0,0,0,50,0,0,0,0,0,0,0,0,0,0,0,0,0,0,0,0,0,0,0,0,0,0,0,86,0,62,0,0,0,0,0
4,0,15,0,0,0,0,0,690593,0,0,0,0,44,0,0,0,0,0,0,0,0,0,0,0,0,0,0,0,0,0,0,0,0,0,0,0,36,0,91,0,0,0,0,0
5,0,0,0,0,0,0,0,1381713,0,0,8832,147456,136,0,0,0,0,0,16934,0,0,0,0,0,0,0,0,8832,8832,0,0,0,147456,147456,0,294,0,136,284,0,0,0,0,229376
5,0,1,0,0,0,0,0,690857,16932,0,0,0,7403,0,0,0,0,0,0,0,0,0,0,0,0,0,0,0,4172,0,0,0,73485,0,0,78,172,2689,12573,0,0,102936,0,0
5,0,2,0,0,0,0,0,690857,0,0,0,0,2903,114688,0,0,0,0,0,0,0,0,0,0,0,0,0,0,0,0,0,0,39980,35437,0,250,4477,3410,6161,0,0,126440,0,109420
5,0,3,0,0,0,0,0,690857,0,0,0,0,2875,114688,0,0,0,0,0,0,0,0,0,0,0,0,0,0,0,0,0,0,0,33748,0,99,1632,0,4164,0,0,0,0,114688
5,0,4,0,0,0,0,0,690857,0,0,0,0,50,0,0,0,0,0,0,0,0,0,0,0,0,0,0,0,0,0,0,0,0,0,0,87,0,42,67,0,0,0,0,0
5,0,5,0,0,0,0,0,690857,0,0,0,0,50,0,0,0,0,0,0,0,0,0,0,0,0,0,0,0,0,0,0,0,0,0,525,150,0,0,116,0,0,0,0,0
5,0,6,0,0,0,0,0,690857,0,0,0,0,50,0,0,0,0,0,0,0,0,0,0,0,0,0,0,0,0,0,0,0,0,0,0,39,95,0,55,0,0,0,0,0
5,0,7,0,0,0,0,0,690857,0,0,0,0,53,0,0,0,0,0,0,0,0,0,0,0,0,0,0,0,0,0,0,0,0,0,0,100,39,0,138,0,0,0,0,0
5,0,8,0,0,0,0,0,690857,0,0,0,0,56,0,0,0,0,0,0,0,0,0,0,0,0,0,0,0,0,0,0,0,0,0,0,52,0,36,113,0,0,0,0,0
5,0,9,0,0,0,0,0,690857,0,0,0,0,50,0,0,0,0,0,0,0,0,0,0,0,0,0,0,0,0,0,0,0,0,0,380,40,0,0,56,0,0,0,0,0
5,0,10,0,0,0,0,0,690857,0,0,0,0,56,0,0,0,0,0,0,0,0,0,0,0,0,0,0,0,0,0,0,0,0,0,0,86,86,0,127,0,0,0,0,0
5,0,11,0,0,0,0,0,690857,0,0,0,0,50,0,0,0,0,0,0,0,0,0,0,0,0,0,0,0,0,0,0,0,0,0,0,40,42,0,118,0,0,0,0,0
5,0,12,0,0,0,0,0,690857,0,0,0,0,50,0,0,0,0,0,0,0,0,0,0,0,0,0,0,0,0,0,0,0,0,0,0,0,0,42,96,0,0,0,0,0
5,0,13,0,0,0,0,0,690857,0,0,0,0,56,0,0,0,0,0,0,0,0,0,0,0,0,0,0,0,0,0,0,0,0,0,172,0,0,0,114,0,0,0,0,0
5,0,14,0,0,0,0,0,690857,0,0,0,0,50,0,0,0,0,0,0,0,0,0,0,0,0,0,0,0,0,0,0,0,0,0,0,0,86,0,62,0,0,0,0,0
5,0,15,0,0,0,0,0,690857,0,0,0,0,44,0,0,0,0,0,0,0,0,0,0,0,0,0,0,0,0,0,0,0,0,0,0,0,36,0,92,0,0,0,0,0
6,0,0,0,0,0,0,0,1380698,0,0,8820,147456,136,0,0,0,0,0,16911,0,0,0,0,0,0,0,0,8820,8820,0,0,0,147456,147456,0,294,0,136,284,0,0,0,0,229376
6,0,1,0,0,0,0,0,690349,16911,0,0,0,7393,0,0,0,0,0,0,0,0,0,0,0,0,0,0,0,4107,0,0,0,73522,0,0,78,172,2687,12558,0,0,102799,0,0
6,0,2,0,0,0,0,0,690349,0,0,0,0,2902,114688,0,0,0,0,0,0,0,0,0,0,0,0,0,0,0,0,0,0,39970,35422,0,250,4470,3409,6151,0,0,126577,0,109364
6,0,3,0,0,0,0,0,690349,0,0,0,0,2873,114688,0,0,0,0,0,0,0,0,0,0,0,0,0,0,0,0,0,0,0,33758,0,99,1628,0,4157,0,0,0,0,114688
6,0,4,0,0,0,0,0,690349,0,0,0,0,50,0,0,0,0,0,0,0,0,0,0,0,0,0,0,0,0,0,0,0,0,0,0,87,0,42,67,0,0,0,0,0
6,0,5,0,0,0,0,0,690349,0,0,0,0,50,0,0,0,0,0,0,0,0,0,0,0,0,0,0,0,0,0,0,0,0,0,525,150,0,0,116,0,0,0,0,0
6,0,6,0,0,0,0,0,690349,0,0,0,0,50,0,0,0,0,0,0,0,0,0,0,0,0,0,0,0,0,0,0,0,0,0,0,39,95,0,55,0,0,0,0,0
6,0,7,0,0,0,0,0,690349,0,0,0,0,53,0,0,0,0,0,0,0,0,0,0,0,0,0,0,0,0,0,0,0,0,0,0,100,39,0,138,0,0,0,0,0
6,0,8,0,0,0,0,0,690349,0,0,0,0,56,0,0,0,0,0,0,0,0,0,0,0,0,0,0,0,0,0,0,0,0,0,0,52,0,36,113,0,0,0,0,0
6,0,9,0,0,0,0,0,690349,0,0,0,0,50,0,0,0,0,0,0,0,0,0,0,0,0,0,0,0,0,0,0,0,0,0,380,40,0,0,56,0,0,0,0,0
6,0,10,0,0,0,0,0,690349,0,0,0,0,56,0,0,0,0,0,0,0,0,0,0,0,0,0,0,0,0,0,0,0,0,0,0,86,86,0,127,0,0,0,0,0
6,0,11,0,0,0,0,0,690349,0,0,0,0,50,0,0,0,0,0,0,0,0,0,0,0,0,0,0,0,0,0,0,0,0,0,0,40,42,0,102,0,0,0,0,0
6,0,12,0,0,0,0,0,690349,0,0,0,0,50,0,0,0,0,0,0,0,0,0,0,0,0,0,0,0,0,0,0,0,0,0,0,0,0,42,96,0,0,0,0,0
6,0,13,0,0,0,0,0,690349,0,0,0,0,56,0,0,0,0,0,0,0,0,0,0,0,0,0,0,0,0,0,0,0,0,0,172,0,0,0,114,0,0,0,0,0
6,0,14,0,0,0,0,0,690349,0,0,0,0,50,0,0,0,0,0,0,0,0,0,0,0,0,0,0,0,0,0,0,0,0,0,0,0,86,0,62,0,0,0,0,0
6,0,15,0,0,0,0,0,690349,0,0,0,0,44,0,0,0,0,0,0,0,0,0,0,0,0,0,0,0,0,0,0,0,0,0,0,0,36,0,92,0,0,0,0,0
7,0,0,0,0,0,0,0,1613386,0,0,10668,294912,136,0,0,0,0,0,19698,0,0,0,0,0,0,0,0,10668,10668,0,73728,0,221184,294912,0,2953,0,136,284,0,0,0,0,471750
7,0,1,0,0,0,0,0,806693,19698,0,0,0,8256,0,0,0,0,0,0,0,0,0,0,0,0,0,0,0,4504,0,36746,0,73398,0,0,928,1046,1950,14303,0,0,115211,0,0
7,0,2,0,0,0,0,0,806693,0,0,0,0,1806,114688,0,0,0,0,0,0,0,0,0,0,0,0,0,0,0,0,0,0,37426,38383,0,246,2794,2010,3726,0,0,115918,0,112060
7,0,3,0,0,0,0,0,806693,0,0,0,0,1834,114688,0,0,0,0,0,0,0,0,0,0,0,0,0,0,0,0,0,0,0,39436,0,98,933,0,2784,0,0,1396,0,114688
7,0,4,0,0,0,0,0,806693,0,0,0,0,1834,114688,0,0,0,0,0,0,0,0,0,0,0,0,0,0,0,0,0,0,0,40004,0,87,0,915,2726,122079,0,0,0,110942
7,0,5,0,0,0,0,0,806693,0,0,0,0,1849,114688,0,0,0,0,0,0,0,0,0,0,0,0,0,0,0,0,0,0,0,40264,3163,150,0,1,3724,0,0,2501,0,114675
7,0,6,0,0,0,0,0,806693,0,0,0,0,47,0,0,0,0,0,0,0,0,0,0,0,0,0,0,0,0,0,0,0,0,0,0,43,98,1,52,0,0,0,0,0
7,0,7,0,0,0,0,0,806693,0,0,0,0,53,0,0,0,0,0,0,0,0,0,0,0,0,0,0,0,0,0,0,0,0,0,0,100,39,0,140,0,0,0,0,0
7,0,8,0,0,0,0,0,806693,0,0,0,0,53,0,0,0,0,0,0,0,0,0,0,0,0,0,0,0,0,0,0,0,0,0,0,52,0,39,110,0,0,0,0,0
7,0,9,0,0,0,0,0,806693,0,0,0,0,47,0,0,0,0,0,0,0,0,0,0,0,0,0,0,0,0,0,0,0,0,0,380,40,0,0,53,0,0,0,0,0
7,0,10,0,0,0,0,0,806693,0,0,0,0,53,0,0,0,0,0,0,0,0,0,0,0,0,0,0,0,0,0,0,0,0,0,0,82,86,0,124,0,0,0,0,0
7,0,11,0,0,0,0,0,806693,0,0,0,0,47,0,0,0,0,0,0,0,0,0,0,0,0,0,0,0,0,0,0,0,0,0,0,42,45,0,147,0,0,0,0,0
7,0,12,0,0,0,0,0,806693,0,0,0,0,47,0,0,0,0,0,0,0,0,0,0,0,0,0,0,0,0,0,0,0,0,0,0,0,0,45,93,0,0,0,0,0
7,0,13,0,0,0,0,0,806693,0,0,0,0,53,0,0,0,0,0,0,0,0,0,0,0,0,0,0,0,0,0,0,0,0,0,172,0,0,0,111,0,0,0,0,0
7,0,14,0,0,0,0,0,806693,0,0,0,0,47,0,0,0,0,0,0,0,0,0,0,0,0,0,0,0,0,0,0,0,0,0,0,0,86,0,63,0,0,0,0,0
7,0,15,0,0,0,0,0,806693,0,0,0,0,41,0,0,0,0,0,0,0,0,0,0,0,0,0,0,0,0,0,0,0,0,0,0,0,39,0,89,0,0,0,0,0
8,0,0,0,0,0,0,0,1609065,0,0,10636,294912,136,0,0,0,0,0,19647,0,0,0,0,0,0,0,0,10636,10636,0,73728,0,221184,294912,0,2945,0,136,284,0,0,0,0,472088
8,0,1,0,0,0,0,0,804532,19647,0,0,0,8309,0,0,0,0,0,0,0,0,0,0,0,0,0,0,0,4565,0,36814,0,73618,0,0,895,1028,1916,14308,0,0,117750,0,0
8,0,2,0,0,0,0,0,804532,0,0,0,0,1810,114688,0,0,0,0,0,0,0,0,0,0,0,0,0,0,0,0,0,0,37303,38133,0,246,2785,2030,3729,0,0,115131,0,112134
8,0,3,0,0,0,0,0,804532,0,0,0,0,1837,114688,0,0,0,0,0,0,0,0,0,0,0,0,0,0,0,0,0,0,0,39961,0,98,921,0,2760,0,0,1627,0,114688
8,0,4,0,0,0,0,0,804532,0,0,0,0,1839,114688,0,0,0,0,0,0,0,0,0,0,0,0,0,0,0,0,0,0,0,39886,0,87,0,902,2713,122927,0,0,0,109268
8,0,5,0,0,0,0,0,804532,0,0,0,0,1821,114688,0,0,0,0,0,0,0,0,0,0,0,0,0,0,0,0,0,0,0,40109,3188,150,0,1,3721,0,0,2215,0,114678
8,0,6,0,0,0,0,0,804532,0,0,0,0,47,0,0,0,0,0,0,0,0,0,0,0,0,0,0,0,0,0,0,0,0,0,0,43,98,1,52,0,0,0,0,0
8,0,7,0,0,0,0,0,804532,0,0,0,0,53,0,0,0,0,0,0,0,0,0,0,0,0,0,0,0,0,0,0,0,0,0,0,100,39,0,140,0,0,0,0,0
8,0,8,0,0,0,0,0,804532,0,0,0,0,53,0,0,0,0,0,0,0,0,0,0,0,0,0,0,0,0,0,0,0,0,0,0,52,0,39,110,0,0,0,0,0
8,0,9,0,0,0,0,0,804532,0,0,0,0,47,0,0,0,0,0,0,0,0,0,0,0,0,0,0,0,0,0,0,0,0,0,380,40,0,0,53,0,0,0,0,0
8,0,10,0,0,0,0,0,804532,0,0,0,0,53,0,0,0,0,0,0,0,0,0,0,0,0,0,0,0,0,0,0,0,0,0,0,82,86,0,124,0,0,0,0,0
8,0,11,0,0,0,0,0,804532,0,0,0,0,47,0,0,0,0,0,0,0,0,0,0,0,0,0,0,0,0,0,0,0,0,0,0,42,45,0,147,0,0,0,0,0
8,0,12,0,0,0,0,0,804532,0,0,0,0,47,0,0,0,0,0,0,0,0,0,0,0,0,0,0,0,0,0,0,0,0,0,0,0,0,45,93,0,0,0,0,0
8,0,13,0,0,0,0,0,804532,0,0,0,0,53,0,0,0,0,0,0,0,0,0,0,0,0,0,0,0,0,0,0,0,0,0,172,0,0,0,111,0,0,0,0,0
8,0,14,0,0,0,0,0,804532,0,0,0,0,47,0,0,0,0,0,0,0,0,0,0,0,0,0,0,0,0,0,0,0,0,0,0,0,86,0,63,0,0,0,0,0
8,0,15,0,0,0,0,0,804532,0,0,0,0,41,0,0,0,0,0,0,0,0,0,0,0,0,0,0,0,0,0,0,0,0,0,0,0,39,0,89,0,0,0,0,0
9,0,0,0,0,0,0,0,1609959,0,0,10644,294912,136,0,0,0,0,0,19662,0,0,0,0,0,0,0,0,10644,10644,0,73728,0,221184,294912,0,2947,0,136,284,0,0,0,0,472323
9,0,1,0,0,0,0,0,804980,19662,0,0,0,8334,0,0,0,0,0,0,0,0,0,0,0,0,0,0,0,4519,0,36921,0,73350,0,0,885,1029,1908,14426,0,0,117313,0,0
9,0,2,0,0,0,0,0,804980,0,0,0,0,1852,114688,0,0,0,0,0,0,0,0,0,0,0,0,0,0,0,0,0,0,37356,38397,0,246,2710,2014,3798,0,0,114850,0,111957
9,0,3,0,0,0,0,0,804980,0,0,0,0,1802,114688,0,0,0,0,0,0,0,0,0,0,0,0,0,0,0,0,0,0,0,40090,0,98,959,0,2742,0,0,1734,0,114688
9,0,4,0,0,0,0,0,804980,0,0,0,0,1817,114688,0,0,0,0,0,0,0,0,0,0,0,0,0,0,0,0,0,0,0,39567,0,87,0,926,2692,123074,0,0,0,109310
9,0,5,0,0,0,0,0,804980,0,0,0,0,1811,114688,0,0,0,0,0,0,0,0,0,0,0,0,0,0,0,0,0,0,0,39733,3178,150,0,1,3723,0,0,1915,0,114677
9,0,6,0,0,0,0,0,804980,0,0,0,0,47,0,0,0,0,0,0,0,0,0,0,0,0,0,0,0,0,0,0,0,0,0,0,43,98,1,52,0,0,0,0,0
9,0,7,0,0,0,0,0,804980,0,0,0,0,53,0,0,0,0,0,0,0,0,0,0,0,0,0,0,0,0,0,0,0,0,0,0,100,39,0,140,0,0,0,0,0
9,0,8,0,0,0,0,0,804980,0,0,0,0,53,0,0,0,0,0,0,0,0,0,0,0,0,0,0,0,0,0,0,0,0,0,0,52,0,39,110,0,0,0,0,0
9,0,9,0,0,0,0,0,804980,0,0,0,0,47,0,0,0,0,0,0,0,0,0,0,0,0,0,0,0,0,0,0,0,0,0,380,40,0,0,53,0,0,0,0,0
9,0,10,0,0,0,0,0,804980,0,0,0,0,53,0,0,0,0,0,0,0,0,0,0,0,0,0,0,0,0,0,0,0,0,0,0,82,86,0,124,0,0,0,0,0
9,0,11,0,0,0,0,0,804980,0,0,0,0,47,0,0,0,0,0,0,0,0,0,0,0,0,0,0,0,0,0,0,0,0,0,0,42,45,0,147,0,0,0,0,0
9,0,12,0,0,0,0,0,804980,0,0,0,0,47,0,0,0,0,0,0,0,0,0,0,0,0,0,0,0,0,0,0,0,0,0,0,0,0,45,93,0,0,0,0,0
9,0,13,0,0,0,0,0,804980,0,0,0,0,53,0,0,0,0,0,0,0,0,0,0,0,0,0,0,0,0,0,0,0,0,0,172,0,0,0,111,0,0,0,0,0
9,0,14,0,0,0,0,0,804980,0,0,0,0,47,0,0,0,0,0,0,0,0,0,0,0,0,0,0,0,0,0,0,0,0,0,0,0,86,0,63,0,0,0,0,0
9,0,15,0,0,0,0,0,804980,0,0,0,0,41,0,0,0,0,0,0,0,0,0,0,0,0,0,0,0,0,0,0,0,0,0,0,0,39,0,89,0,0,0,0,0
10,0,0,0,0,0,0,0,1855883,0,0,12264,442368,136,0,0,0,0,0,22104,0,0,0,0,0,0,0,0,12264,12264,0,73728,0,368640,442368,0,2301,0,136,284,0,0,0,0,970409
10,0,1,0,0,0,0,0,927942,22104,0,0,0,9384,0,0,0,0,0,0,0,0,0,0,0,0,0,0,0,6037,0,36867,0,147281,0,0,741,837,2816,16298,0,0,126334,0,0
10,0,2,0,0,0,0,0,927942,0,0,0,0,1376,114688,0,0,0,0,0,0,0,0,0,0,0,0,0,0,0,0,37057,0,73670,38686,0,1660,2057,3050,2816,0,0,122440,0,112276
10,0,3,0,0,0,0,0,927942,0,0,0,0,1355,114688,0,0,0,0,0,0,0,0,0,0,0,0,0,0,0,0,36941,0,0,39366,0,774,724,0,2008,0,0,459,0,114651
10,0,4,0,0,0,0,0,927942,0,0,0,0,1365,114688,0,0,0,0,0,0,0,0,0,0,0,0,0,0,0,0,0,0,0,41127,0,87,0,732,2048,299922,0,0,0,105431
10,0,5,0,0,0,0,0,927942,0,0,0,0,1412,114688,0,0,0,0,0,0,0,0,0,0,0,0,0,0,0,0,0,0,0,39939,4625,150,0,2,2884,0,0,156652,0,108954
10,0,6,0,0,0,0,0,927942,0,0,0,0,1455,114688,0,0,0,0,0,0,0,0,0,0,0,0,0,0,0,0,0,0,0,39374,0,43,2223,0,2155,0,0,122878,0,111771
10,0,7,0,0,0,0,0,927942,0,0,0,0,1480,114688,0,0,0,0,0,0,0,0,0,0,0,0,0,0,0,0,0,0,0,37605,0,102,717,0,2998,0,0,1365,0,114622
10,0,8,0,0,0,0,0,927942,0,0,0,0,53,0,0,0,0,0,0,0,0,0,0,0,0,0,0,0,0,0,0,0,0,0,0,52,0,39,110,0,0,0,0,0
10,0,9,0,0,0,0,0,927942,0,0,0,0,47,0,0,0,0,0,0,0,0,0,0,0,0,0,0,0,0,0,0,0,0,0,380,40,0,0,53,0,0,0,0,0
10,0,10,0,0,0,0,0,927942,0,0,0,0,53,0,0,0,0,0,0,0,0,0,0,0,0,0,0,0,0,0,0,0,0,0,0,82,86,0,124,0,0,0,0,0
10,0,11,0,0,0,0,0,927942,0,0,0,0,47,0,0,0,0,0,0,0,0,0,0,0,0,0,0,0,0,0,0,0,0,0,0,42,45,0,131,0,0,0,0,0
10,0,12,0,0,0,0,0,927942,0,0,0,0,47,0,0,0,0,0,0,0,0,0,0,0,0,0,0,0,0,0,0,0,0,0,0,0,0,45,93,0,0,0,0,0
10,0,13,0,0,0,0,0,927942,0,0,0,0,53,0,0,0,0,0,0,0,0,0,0,0,0,0,0,0,0,0,0,0,0,0,172,0,0,0,111,0,0,0,0,0
10,0,14,0,0,0,0,0,927942,0,0,0,0,47,0,0,0,0,0,0,0,0,0,0,0,0,0,0,0,0,0,0,0,0,0,0,0,86,0,63,0,0,0,0,0
10,0,15,0,0,0,0,0,927942,0,0,0,0,41,0,0,0,0,0,0,0,0,0,0,0,0,0,0,0,0,0,0,0,0,0,0,0,39,0,91,0,0,0,0,0
11,0,0,0,0,0,0,0,1850809,0,0,12258,442368,136,0,0,0,0,0,22092,0,0,0,0,0,0,0,0,12258,12258,0,73728,0,368640,442368,0,2303,0,136,284,0,0,0,0,964079
11,0,1,0,0,0,0,0,925404,22092,0,0,0,9324,0,0,0,0,0,0,0,0,0,0,0,0,0,0,0,6155,0,36821,0,147232,0,0,743,842,2863,16120,0,0,126769,0,0
11,0,2,0,0,0,0,0,925404,0,0,0,0,1358,114688,0,0,0,0,0,0,0,0,0,0,0,0,0,0,0,0,37094,0,73627,38694,0,1679,2101,3008,2770,0,0,122942,0,112315
11,0,3,0,0,0,0,0,925404,0,0,0,0,1379,114688,0,0,0,0,0,0,0,0,0,0,0,0,0,0,0,0,37013,0,0,39237,0,799,702,0,2047,0,0,447,0,114650
11,0,4,0,0,0,0,0,925404,0,0,0,0,1375,114688,0,0,0,0,0,0,0,0,0,0,0,0,0,0,0,0,0,0,0,41249,0,87,0,724,2062,296531,0,0,0,105900
11,0,5,0,0,0,0,0,925404,0,0,0,0,1410,114688,0,0,0,0,0,0,0,0,0,0,0,0,0,0,0,0,0,0,0,40181,4693,150,0,2,2876,0,0,156774,0,109159
11,0,6,0,0,0,0,0,925404,0,0,0,0,1480,114688,0,0,0,0,0,0,0,0,0,0,0,0,0,0,0,0,0,0,0,39367,0,39,2155,0,2161,0,0,121790,0,111870
11,0,7,0,0,0,0,0,925404,0,0,0,0,1440,114688,0,0,0,0,0,0,0,0,0,0,0,0,0,0,0,0,0,0,0,37460,0,103,752,0,2929,0,0,1544,0,114622
11,0,8,0,0,0,0,0,925404,0,0,0,0,56,0,0,0,0,0,0,0,0,0,0,0,0,0,0,0,0,0,0,0,0,0,0,52,0,36,113,0,0,0,0,0
11,0,9,0,0,0,0,0,925404,0,0,0,0,50,0,0,0,0,0,0,0,0,0,0,0,0,0,0,0,0,0,0,0,0,0,380,40,0,0,56,0,0,0,0,0
11,0,10,0,0,0,0,0,925404,0,0,0,0,56,0,0,0,0,0,0,0,0,0,0,0,0,0,0,0,0,0,0,0,0,0,0,86,86,0,127,0,0,0,0,0
11,0,11,0,0,0,0,0,925404,0,0,0,0,50,0,0,0,0,0,0,0,0,0,0,0,0,0,0,0,0,0,0,0,0,0,0,41,42,0,4294967222,0,0,0,0,0
11,0,12,0,0,0,0,0,925404,0,0,0,0,50,0,0,0,0,0,0,0,0,0,0,0,0,0,0,0,0,0,0,0,0,0,0,0,0,42,96,0,0,0,0,0
11,0,13,0,0,0,0,0,925404,0,0,0,0,56,0,0,0,0,0,0,0,0,0,0,0,0,0,0,0,0,0,0,0,0,0,172,0,0,0,114,0,0,0,0,0
11,0,14,0,0,0,0,0,925404,0,0,0,0,50,0,0,0,0,0,0,0,0,0,0,0,0,0,0,0,0,0,0,0,0,0,0,0,86,0,62,0,0,0,0,0
11,0,15,0,0,0,0,0,925404,0,0,0,0,44,0,0,0,0,0,0,0,0,0,0,0,0,0,0,0,0,0,0,0,0,0,0,0,36,0,95,0,0,0,0,0
12,0,0,0,0,0,0,0,1852262,0,0,12248,442368,136,0,0,0,0,0,22077,0,0,0,0,0,0,0,0,12248,12248,0,73728,0,368640,442368,0,2303,0,136,284,0,0,0,0,966776
12,0,1,0,0,0,0,0,926131,22077,0,0,0,9243,0,0,0,0,0,0,0,0,0,0,0,0,0,0,0,5922,0,36831,0,147176,0,0,762,862,2895,16042,0,0,127191,0,0
12,0,2,0,0,0,0,0,926131,0,0,0,0,1365,114688,0,0,0,0,0,0,0,0,0,0,0,0,0,0,0,0,37026,0,73771,38661,0,1651,2090,3006,2769,0,0,121825,0,112649
12,0,3,0,0,0,0,0,926131,0,0,0,0,1377,114688,0,0,0,0,0,0,0,0,0,0,0,0,0,0,0,0,36917,0,0,39360,0,803,702,0,2041,0,0,564,0,114639
12,0,4,0,0,0,0,0,926131,0,0,0,0,1377,114688,0,0,0,0,0,0,0,0,0,0,0,0,0,0,0,0,0,0,0,40956,0,87,0,722,2085,299898,0,0,0,105438
12,0,5,0,0,0,0,0,926131,0,0,0,0,1419,114688,0,0,0,0,0,0,0,0,0,0,0,0,0,0,0,0,0,0,0,39742,4691,150,0,1,2862,0,0,155090,0,109411
12,0,6,0,0,0,0,0,926131,0,0,0,0,1469,114688,0,0,0,0,0,0,0,0,0,0,0,0,0,0,0,0,0,0,0,39605,0,43,2145,2,2172,0,0,123882,0,111415
12,0,7,0,0,0,0,0,926131,0,0,0,0,1423,114688,0,0,0,0,0,0,0,0,0,0,0,0,0,0,0,0,0,0,0,37661,0,100,770,0,2908,0,0,1206,0,114624
12,0,8,0,0,0,0,0,926131,0,0,0,0,53,0,0,0,0,0,0,0,0,0,0,0,0,0,0,0,0,0,0,0,0,0,0,52,0,39,110,0,0,0,0,0
12,0,9,0,0,0,0,0,926131,0,0,0,0,47,0,0,0,0,0,0,0,0,0,0,0,0,0,0,0,0,0,0,0,0,0,380,40,0,0,53,0,0,0,0,0
12,0,10,0,0,0,0,0,926131,0,0,0,0,53,0,0,0,0,0,0,0,0,0,0,0,0,0,0,0,0,0,0,0,0,0,0,82,86,0,124,0,0,0,0,0
12,0,11,0,0,0,0,0,926131,0,0,0,0,47,0,0,0,0,0,0,0,0,0,0,0,0,0,0,0,0,0,0,0,0,0,0,44,45,0,147,0,0,0,0,0
12,0,12,0,0,0,0,0,926131,0,0,0,0,47,0,0,0,0,0,0,0,0,0,0,0,0,0,0,0,0,0,0,0,0,0,0,0,0,45,93,0,0,0,0,0
12,0,13,0,0,0,0,0,926131,0,0,0,0,53,0,0,0,0,0,0,0,0,0,0,0,0,0,0,0,0,0,0,0,0,0,172,0,0,0,111,0,0,0,0,0
12,0,14,0,0,0,0,0,926131,0,0,0,0,47,0,0,0,0,0,0,0,0,0,0,0,0,0,0,0,0,0,0,0,0,0,0,0,86,0,63,0,0,0,0,0
12,0,15,0,0,0,0,0,926131,0,0,0,0,41,0,0,0,0,0,0,0,0,0,0,0,0,0,0,0,0,0,0,0,0,0,0,0,39,0,89,0,0,0,0,0
13,0,0,0,0,0,0,0,2338770,0,0,15114,589824,136,0,0,0,0,0,26391,0,0,0,0,0,0,0,0,15114,15114,0,147456,0,442368,589824,0,3902,0,136,284,0,0,0,0,1653251
13,0,1,0,0,0,0,0,1169385,26391,0,0,0,11199,0,0,0,0,0,0,0,0,0,0,0,0,0,0,0,7410,0,73907,0,147711,0,0,1371,1379,2681,19517,0,0,143598,0,0
13,0,2,0,0,0,0,0,1169385,0,0,0,0,1167,114688,0,0,0,0,0,0,0,0,0,0,0,0,0,0,0,0,37002,0,73422,38811,0,1745,1759,2874,2364,0,0,128062,0,112571
13,0,3,0,0,0,0,0,1169385,0,0,0,0,1165,114688,0,0,0,0,0,0,0,0,0,0,0,0,0,0,0,0,37092,0,0,39094,0,802,598,0,1732,0,0,1324,0,114514
13,0,4,0,0,0,0,0,1169385,0,0,0,0,1213,114688,0,0,0,0,0,0,0,0,0,0,0,0,0,0,0,0,36847,0,0,40423,0,695,0,632,1830,568923,0,0,0,101040
13,0,5,0,0,0,0,0,1169385,0,0,0,0,1347,114688,0,0,0,0,0,0,0,0,0,0,0,0,0,0,0,0,36837,0,0,40893,6365,1388,0,1,2672,0,0,305061,0,104807
13,0,6,0,0,0,0,0,1169385,0,0,0,0,1513,114688,0,0,0,0,0,0,0,0,0,0,0,0,0,0,0,0,0,0,0,41929,0,39,2267,1,2212,0,0,255273,0,95978
13,0,7,0,0,0,0,0,1169385,0,0,0,0,1502,114688,0,0,0,0,0,0,0,0,0,0,0,0,0,0,0,0,0,0,0,38545,0,102,777,0,3073,0,0,33292,0,109580
13,0,8,0,0,0,0,0,1169385,0,0,0,0,1315,114688,0,0,0,0,0,0,0,0,0,0,0,0,0,0,0,0,0,0,0,38744,0,52,0,628,2617,191226,0,0,0,105905
13,0,9,0,0,0,0,0,1169385,0,0,0,0,1299,114688,0,0,0,0,0,0,0,0,0,0,0,0,0,0,0,0,0,0,0,39297,2240,40,0,1,1920,0,0,20493,0,112595
13,0,10,0,0,0,0,0,1169385,0,0,0,0,56,0,0,0,0,0,0,0,0,0,0,0,0,0,0,0,0,0,0,0,0,0,0,86,86,1,127,0,0,0,0,0
13,0,11,0,0,0,0,0,1169385,0,0,0,0,50,0,0,0,0,0,0,0,0,0,0,0,0,0,0,0,0,0,0,0,0,0,0,43,42,0,166,0,0,0,0,0
13,0,12,0,0,0,0,0,1169385,0,0,0,0,50,0,0,0,0,0,0,0,0,0,0,0,0,0,0,0,0,0,0,0,0,0,0,0,0,42,96,0,0,0,0,0
13,0,13,0,0,0,0,0,1169385,0,0,0,0,56,0,0,0,0,0,0,0,0,0,0,0,0,0,0,0,0,0,0,0,0,0,172,0,0,0,114,0,0,0,0,0
13,0,14,0,0,0,0,0,1169385,0,0,0,0,50,0,0,0,0,0,0,0,0,0,0,0,0,0,0,0,0,0,0,0,0,0,0,0,86,0,62,0,0,0,0,0
13,0,15,0,0,0,0,0,1169385,0,0,0,0,44,0,0,0,0,0,0,0,0,0,0,0,0,0,0,0,0,0,0,0,0,0,0,0,36,0,95,0,0,0,0,0
14,0,0,0,0,0,0,0,2338504,0,0,15132,589824,136,0,0,0,0,0,26418,0,0,0,0,0,0,0,0,15132,15132,0,147456,0,442368,589824,0,3904,0,136,284,0,0,0,0,1657590
14,0,1,0,0,0,0,0,1169252,26418,0,0,0,11131,0,0,0,0,0,0,0,0,0,0,0,0,0,0,0,7411,0,73821,0,147474,0,0,1333,1402,2782,19519,0,0,144950,0,0
14,0,2,0,0,0,0,0,1169252,0,0,0,0,1174,114688,0,0,0,0,0,0,0,0,0,0,0,0,0,0,0,0,37093,0,73454,38841,0,1692,1762,2850,2354,0,0,128987,0,112646
14,0,3,0,0,0,0,0,1169252,0,0,0,0,1170,114688,0,0,0,0,0,0,0,0,0,0,0,0,0,0,0,0,37103,0,0,39161,0,822,597,0,1745,0,0,1567,0,114487
14,0,4,0,0,0,0,0,1169252,0,0,0,0,1202,114688,0,0,0,0,0,0,0,0,0,0,0,0,0,0,0,0,36921,0,0,40498,0,732,0,643,1806,568412,0,0,0,101193
14,0,5,0,0,0,0,0,1169252,0,0,0,0,1370,114688,0,0,0,0,0,0,0,0,0,0,0,0,0,0,0,0,36868,0,0,40839,6310,1386,0,2,2743,0,0,304878,0,105108
14,0,6,0,0,0,0,0,1169252,0,0,0,0,1494,114688,0,0,0,0,0,0,0,0,0,0,0,0,0,0,0,0,0,0,0,42092,0,43,2303,1,2242,0,0,257924,0,95603
14,0,7,0,0,0,0,0,1169252,0,0,0,0,1520,114688,0,0,0,0,0,0,0,0,0,0,0,0,0,0,0,0,0,0,0,38672,0,101,759,0,3072,0,0,32340,0,109878
14,0,8,0,0,0,0,0,1169252,0,0,0,0,1299,114688,0,0,0,0,0,0,0,0,0,0,0,0,0,0,0,0,0,0,0,38628,0,52,0,646,2566,194231,0,0,0,105123
14,0,9,0,0,0,0,0,1169252,0,0,0,0,1292,114688,0,0,0,0,0,0,0,0,0,0,0,0,0,0,0,0,0,0,0,39205,2234,40,0,0,1917,0,0,18514,0,112737
14,0,10,0,0,0,0,0,1169252,0,0,0,0,53,0,0,0,0,0,0,0,0,0,0,0,0,0,0,0,0,0,0,0,0,0,0,82,86,2,124,0,0,0,0,0
14,0,11,0,0,0,0,0,1169252,0,0,0,0,47,0,0,0,0,0,0,0,0,0,0,0,0,0,0,0,0,0,0,0,0,0,0,43,45,0,4294967187,0,0,0,0,0
14,0,12,0,0,0,0,0,1169252,0,0,0,0,47,0,0,0,0,0,0,0,0,0,0,0,0,0,0,0,0,0,0,0,0,0,0,0,0,45,93,0,0,0,0,0
14,0,13,0,0,0,0,0,1169252,0,0,0,0,53,0,0,0,0,0,0,0,0,0,0,0,0,0,0,0,0,0,0,0,0,0,172,0,0,0,111,0,0,0,0,0
14,0,14,0,0,0,0,0,1169252,0,0,0,0,47,0,0,0,0,0,0,0,0,0,0,0,0,0,0,0,0,0,0,0,0,0,0,0,86,0,63,0,0,0,0,0
14,0,15,0,0,0,0,0,1169252,0,0,0,0,41,0,0,0,0,0,0,0,0,0,0,0,0,0,0,0,0,0,0,0,0,0,0,0,39,0,92,0,0,0,0,0
15,0,0,0,0,0,0,0,2338583,0,0,15110,589824,136,0,0,0,0,0,26385,0,0,0,0,0,0,0,0,15110,15110,0,147456,0,442368,589824,0,3902,0,136,284,0,0,0,0,1656524
15,0,1,0,0,0,0,0,1169292,26385,0,0,0,11155,0,0,0,0,0,0,0,0,0,0,0,0,0,0,0,7447,0,73852,0,147704,0,0,1343,1381,2747,19495,0,0,146748,0,0
15,0,2,0,0,0,0,0,1169292,0,0,0,0,1151,114688,0,0,0,0,0,0,0,0,0,0,0,0,0,0,0,0,37010,0,73362,38873,0,1686,1796,2857,2350,0,0,129311,0,112801
15,0,3,0,0,0,0,0,1169292,0,0,0,0,1184,114688,0,0,0,0,0,0,0,0,0,0,0,0,0,0,0,0,37152,0,0,39305,0,808,581,0,1758,0,0,1843,0,114438
15,0,4,0,0,0,0,0,1169292,0,0,0,0,1235,114688,0,0,0,0,0,0,0,0,0,0,0,0,0,0,0,0,36813,0,0,40425,0,709,0,612,1841,564939,0,0,0,100954
15,0,5,0,0,0,0,0,1169292,0,0,0,0,1358,114688,0,0,0,0,0,0,0,0,0,0,0,0,0,0,0,0,36832,0,0,41343,6302,1385,0,1,2718,0,0,308304,0,104843
15,0,6,0,0,0,0,0,1169292,0,0,0,0,1463,114688,0,0,0,0,0,0,0,0,0,0,0,0,0,0,0,0,0,0,0,41376,0,43,2326,1,2211,0,0,245248,0,99399
15,0,7,0,0,0,0,0,1169292,0,0,0,0,1517,114688,0,0,0,0,0,0,0,0,0,0,0,0,0,0,0,0,0,0,0,38440,0,102,756,0,3076,0,0,40983,0,108266
15,0,8,0,0,0,0,0,1169292,0,0,0,0,1266,114688,0,0,0,0,0,0,0,0,0,0,0,0,0,0,0,0,0,0,0,38402,0,52,0,675,2552,191517,0,0,0,106098
15,0,9,0,0,0,0,0,1169292,0,0,0,0,1243,114688,0,0,0,0,0,0,0,0,0,0,0,0,0,0,0,0,0,0,0,39400,2245,40,0,1,1865,0,0,18517,0,112819
15,0,10,0,0,0,0,0,1169292,0,0,0,0,53,0,0,0,0,0,0,0,0,0,0,0,0,0,0,0,0,0,0,0,0,0,0,82,86,1,124,0,0,0,0,0
15,0,11,0,0,0,0,0,1169292,0,0,0,0,47,0,0,0,0,0,0,0,0,0,0,0,0,0,0,0,0,0,0,0,0,0,0,43,45,0,147,0,0,0,0,0
15,0,12,0,0,0,0,0,1169292,0,0,0,0,47,0,0,0,0,0,0,0,0,0,0,0,0,0,0,0,0,0,0,0,0,0,0,0,0,45,93,0,0,0,0,0
15,0,13,0,0,0,0,0,1169292,0,0,0,0,53,0,0,0,0,0,0,0,0,0,0,0,0,0,0,0,0,0,0,0,0,0,172,0,0,0,111,0,0,0,0,0
15,0,14,0,0,0,0,0,1169292,0,0,0,0,47,0,0,0,0,0,0,0,0,0,0,0,0,0,0,0,0,0,0,0,0,0,0,0,86,0,63,0,0,0,0,0
15,0,15,0,0,0,0,0,1169292,0,0,0,0,41,0,0,0,0,0,0,0,0,0,0,0,0,0,0,0,0,0,0,0,0,0,0,0,39,0,92,0,0,0,0,0
16,0,0,0,0,0,0,0,2894910,0,0,18650,737280,136,0,0,0,0,0,31707,0,0,0,0,0,0,0,0,18650,18650,0,147456,0,589824,737280,0,3792,0,136,284,0,0,0,0,2525665
16,0,1,0,0,0,0,0,1447455,31707,0,0,0,13490,0,0,0,0,0,0,0,0,0,0,0,0,0,0,0,9146,0,73773,0,221316,0,0,1391,1372,3915,23594,0,0,251983,0,0
16,0,2,0,0,0,0,0,1447455,0,0,0,0,1084,114688,0,0,0,0,0,0,0,0,0,0,0,0,0,0,0,0,73544,0,110668,39623,0,2933,1598,4053,2179,0,0,178017,0,107447
16,0,3,0,0,0,0,0,1447455,0,0,0,0,1052,114688,0,0,0,0,0,0,0,0,0,0,0,0,0,0,0,0,73589,0,0,39971,0,1443,579,0,1548,0,0,5648,0,113383
16,0,4,0,0,0,0,0,1447455,0,0,0,0,1153,114688,0,0,0,0,0,0,0,0,0,0,0,0,0,0,0,0,36862,0,0,40752,0,709,0,578,1750,1155536,0,0,0,78370
16,0,5,0,0,0,0,0,1447455,0,0,0,0,1254,114688,0,0,0,0,0,0,0,0,0,0,0,0,0,0,0,0,36786,0,0,40953,8272,1599,0,1,2496,0,0,484254,0,90220
16,0,6,0,0,0,0,0,1447455,0,0,0,0,1275,114688,0,0,0,0,0,0,0,0,0,0,0,0,0,0,0,0,37056,0,0,40866,0,791,1980,1,1917,0,0,251082,0,103620
16,0,7,0,0,0,0,0,1447455,0,0,0,0,1305,114688,0,0,0,0,0,0,0,0,0,0,0,0,0,0,0,0,37018,0,0,39776,0,1609,646,0,2609,0,0,26023,0,111474
16,0,8,0,0,0,0,0,1447455,0,0,0,0,1300,114688,0,0,0,0,0,0,0,0,0,0,0,0,0,0,0,0,0,0,0,38525,0,52,0,647,2592,846596,0,0,0,87422
16,0,9,0,0,0,0,0,1447455,0,0,0,0,1481,114688,0,0,0,0,0,0,0,0,0,0,0,0,0,0,0,0,0,0,0,40657,4563,40,0,1,2185,0,0,525043,0,99066
16,0,10,0,0,0,0,0,1447455,0,0,0,0,1554,114688,0,0,0,0,0,0,0,0,0,0,0,0,0,0,0,0,0,0,0,39804,0,82,2274,1,3088,0,0,243962,0,105235
16,0,11,0,0,0,0,0,1447455,0,0,0,0,1528,114688,0,0,0,0,0,0,0,0,0,0,0,0,0,0,0,0,0,0,0,39687,0,45,771,0,3040,0,0,27462,0,112582
16,0,12,0,0,0,0,0,1447455,0,0,0,0,47,0,0,0,0,0,0,0,0,0,0,0,0,0,0,0,0,0,0,0,0,0,0,0,0,45,93,0,0,0,0,0
16,0,13,0,0,0,0,0,1447455,0,0,0,0,53,0,0,0,0,0,0,0,0,0,0,0,0,0,0,0,0,0,0,0,0,0,172,0,0,0,111,0,0,0,0,0
16,0,14,0,0,0,0,0,1447455,0,0,0,0,47,0,0,0,0,0,0,0,0,0,0,0,0,0,0,0,0,0,0,0,0,0,0,0,86,0,63,0,0,0,0,0
16,0,15,0,0,0,0,0,1447455,0,0,0,0,41,0,0,0,0,0,0,0,0,0,0,0,0,0,0,0,0,0,0,0,0,0,0,0,39,0,92,0,0,0,0,0
17,0,0,0,0,0,0,0,2891379,0,0,18670,737280,136,0,0,0,0,0,31734,0,0,0,0,0,0,0,0,18670,18670,0,147456,0,589824,737280,0,3796,0,136,284,0,0,0,0,2525777
17,0,1,0,0,0,0,0,1445690,31734,0,0,0,13606,0,0,0,0,0,0,0,0,0,0,0,0,0,0,0,8970,0,73560,0,221960,0,0,1403,1351,3828,23712,0,0,252248,0,0
17,0,2,0,0,0,0,0,1445690,0,0,0,0,1072,114688,0,0,0,0,0,0,0,0,0,0,0,0,0,0,0,0,73301,0,110300,39661,0,2982,1617,4077,2191,0,0,181724,0,106974
17,0,3,0,0,0,0,0,1445690,0,0,0,0,1056,114688,0,0,0,0,0,0,0,0,0,0,0,0,0,0,0,0,73943,0,0,39877,0,1407,576,0,1571,0,0,5452,0,113577
17,0,4,0,0,0,0,0,1445690,0,0,0,0,1126,114688,0,0,0,0,0,0,0,0,0,0,0,0,0,0,0,0,36814,0,0,40695,0,692,0,605,1717,1159001,0,0,0,78447
17,0,5,0,0,0,0,0,1445690,0,0,0,0,1250,114688,0,0,0,0,0,0,0,0,0,0,0,0,0,0,0,0,37077,0,0,40999,8271,1591,0,1,2494,0,0,490271,0,89587
17,0,6,0,0,0,0,0,1445690,0,0,0,0,1266,114688,0,0,0,0,0,0,0,0,0,0,0,0,0,0,0,0,37330,0,0,40834,0,773,1987,1,1879,0,0,254170,0,103350
17,0,7,0,0,0,0,0,1445690,0,0,0,0,1302,114688,0,0,0,0,0,0,0,0,0,0,0,0,0,0,0,0,36667,0,0,39762,0,1601,648,0,2655,0,0,25312,0,111558
17,0,8,0,0,0,0,0,1445690,0,0,0,0,1275,114688,0,0,0,0,0,0,0,0,0,0,0,0,0,0,0,0,0,0,0,38589,0,52,0,676,2588,851249,0,0,0,87311
17,0,9,0,0,0,0,0,1445690,0,0,0,0,1480,114688,0,0,0,0,0,0,0,0,0,0,0,0,0,0,0,0,0,0,0,39575,4550,40,0,1,2198,0,0,532252,0,99640
17,0,10,0,0,0,0,0,1445690,0,0,0,0,1539,114688,0,0,0,0,0,0,0,0,0,0,0,0,0,0,0,0,0,0,0,39922,0,82,2275,1,3093,0,0,244394,0,104754
17,0,11,0,0,0,0,0,1445690,0,0,0,0,1511,114688,0,0,0,0,0,0,0,0,0,0,0,0,0,0,0,0,0,0,0,40638,0,46,791,0,2887,0,0,25828,0,112635
17,0,12,0,0,0,0,0,1445690,0,0,0,0,47,0,0,0,0,0,0,0,0,0,0,0,0,0,0,0,0,0,0,0,0,0,0,0,0,45,93,0,0,0,0,0
17,0,13,0,0,0,0,0,1445690,0,0,0,0,53,0,0,0,0,0,0,0,0,0,0,0,0,0,0,0,0,0,0,0,0,0,172,0,0,0,111,0,0,0,0,0
17,0,14,0,0,0,0,0,1445690,0,0,0,0,47,0,0,0,0,0,0,0,0,0,0,0,0,0,0,0,0,0,0,0,0,0,0,0,86,0,63,0,0,0,0,0
17,0,15,0,0,0,0,0,1445690,0,0,0,0,41,0,0,0,0,0,0,0,0,0,0,0,0,0,0,0,0,0,0,0,0,0,0,0,39,0,91,0,0,0,0,0
18,0,0,0,0,0,0,0,2895247,0,0,18700,737280,136,0,0,0,0,0,31779,0,0,0,0,0,0,0,0,18700,18700,0,147456,0,589824,737280,0,3802,0,136,284,0,0,0,0,2528766
18,0,1,0,0,0,0,0,1447624,31779,0,0,0,13476,0,0,0,0,0,0,0,0,0,0,0,0,0,0,0,9370,0,73771,0,221260,0,0,1396,1357,3989,23542,0,0,256755,0,0
18,0,2,0,0,0,0,0,1447624,0,0,0,0,1095,114688,0,0,0,0,0,0,0,0,0,0,0,0,0,0,0,0,73414,0,110802,39674,0,2932,1609,4010,2183,0,0,181636,0,106571
18,0,3,0,0,0,0,0,1447624,0,0,0,0,1067,114688,0,0,0,0,0,0,0,0,0,0,0,0,0,0,0,0,73518,0,0,39909,0,1452,572,0,1609,0,0,5897,0,113345
18,0,4,0,0,0,0,0,1447624,0,0,0,0,1135,114688,0,0,0,0,0,0,0,0,0,0,0,0,0,0,0,0,36811,0,0,40791,0,717,0,596,1708,1159093,0,0,0,78340
18,0,5,0,0,0,0,0,1447624,0,0,0,0,1249,114688,0,0,0,0,0,0,0,0,0,0,0,0,0,0,0,0,36769,0,0,40985,8349,1618,0,1,2485,0,0,487951,0,90046
18,0,6,0,0,0,0,0,1447624,0,0,0,0,1275,114688,0,0,0,0,0,0,0,0,0,0,0,0,0,0,0,0,37154,0,0,40923,0,821,1955,1,1890,0,0,251395,0,103658
18,0,7,0,0,0,0,0,1447624,0,0,0,0,1278,114688,0,0,0,0,0,0,0,0,0,0,0,0,0,0,0,0,37029,0,0,39768,0,1600,675,0,2586,0,0,24941,0,111612
18,0,8,0,0,0,0,0,1447624,0,0,0,0,1318,114688,0,0,0,0,0,0,0,0,0,0,0,0,0,0,0,0,0,0,0,38609,0,52,0,639,2612,853067,0,0,0,87436
18,0,9,0,0,0,0,0,1447624,0,0,0,0,1504,114688,0,0,0,0,0,0,0,0,0,0,0,0,0,0,0,0,0,0,0,40773,4532,40,0,1,2203,0,0,527189,0,99417
18,0,10,0,0,0,0,0,1447624,0,0,0,0,1525,114688,0,0,0,0,0,0,0,0,0,0,0,0,0,0,0,0,0,0,0,39864,0,86,2316,2,3025,0,0,243008,0,104578
18,0,11,0,0,0,0,0,1447624,0,0,0,0,1541,114688,0,0,0,0,0,0,0,0,0,0,0,0,0,0,0,0,0,0,0,39454,0,44,759,0,3203,0,0,24846,0,112727
18,0,12,0,0,0,0,0,1447624,0,0,0,0,50,0,0,0,0,0,0,0,0,0,0,0,0,0,0,0,0,0,0,0,0,0,0,0,0,42,96,0,0,0,0,0
18,0,13,0,0,0,0,0,1447624,0,0,0,0,56,0,0,0,0,0,0,0,0,0,0,0,0,0,0,0,0,0,0,0,0,0,172,0,0,0,114,0,0,0,0,0
18,0,14,0,0,0,0,0,1447624,0,0,0,0,50,0,0,0,0,0,0,0,0,0,0,0,0,0,0,0,0,0,0,0,0,0,0,0,86,0,62,0,0,0,0,0
18,0,15,0,0,0,0,0,1447624,0,0,0,0,44,0,0,0,0,0,0,0,0,0,0,0,0,0,0,0,0,0,0,0,0,0,0,0,36,0,96,0,0,0,0,0
19,0,0,0,0,0,0,0,3696413,0,0,23944,958464,136,0,0,0,0,0,39663,0,0,0,0,0,0,0,0,23944,23944,0,221184,0,737280,958464,0,5579,0,136,284,0,0,0,0,3228130
19,0,1,0,0,0,0,0,1848207,39663,0,0,0,17014,0,0,0,0,0,0,0,0,0,0,0,0,0,0,0,11794,0,110509,0,258019,0,0,2111,1939,4401,29306,0,0,280997,0,0
19,0,2,0,0,0,0,0,1848207,0,0,0,0,873,114688,0,0,0,0,0,0,0,0,0,0,0,0,0,0,0,0,110673,0,110534,38832,0,4411,1297,3683,1769,0,0,212155,0,100988
19,0,3,0,0,0,0,0,1848207,0,0,0,0,858,114688,0,0,0,0,0,0,0,0,0,0,0,0,0,0,0,0,73702,0,0,39157,0,1373,455,0,1312,0,0,7673,0,113053
19,0,4,0,0,0,0,0,1848207,0,0,0,0,907,114688,0,0,0,0,0,0,0,0,0,0,0,0,0,0,0,0,73642,0,0,40415,0,1433,0,454,1345,1542740,0,0,0,76422
19,0,5,0,0,0,0,0,1848207,0,0,0,0,1008,114688,0,0,0,0,0,0,0,0,0,0,0,0,0,0,0,0,73803,0,0,40257,11673,3214,0,1,2030,0,0,538082,0,87630
19,0,6,0,0,0,0,0,1848207,0,0,0,0,1073,114688,0,0,0,0,0,0,0,0,0,0,0,0,0,0,0,0,73662,0,0,40453,0,1617,1643,1,1606,0,0,283011,0,100899
19,0,7,0,0,0,0,0,1848207,0,0,0,0,1084,114688,0,0,0,0,0,0,0,0,0,0,0,0,0,0,0,0,36936,0,0,38943,0,1691,549,0,2212,0,0,31220,0,110734
19,0,8,0,0,0,0,0,1848207,0,0,0,0,1215,114688,0,0,0,0,0,0,0,0,0,0,0,0,0,0,0,0,36896,0,0,38445,0,1553,0,624,2439,1536595,0,0,0,83289
19,0,9,0,0,0,0,0,1848207,0,0,0,0,1548,114688,0,0,0,0,0,0,0,0,0,0,0,0,0,0,0,0,36760,0,0,39645,7793,822,0,1,2332,0,0,1140988,0,92256
19,0,10,0,0,0,0,0,1848207,0,0,0,0,1662,114688,0,0,0,0,0,0,0,0,0,0,0,0,0,0,0,0,36954,0,0,39679,0,1655,2402,2,3310,0,0,685027,0,100889
19,0,11,0,0,0,0,0,1848207,0,0,0,0,1612,114688,0,0,0,0,0,0,0,0,0,0,0,0,0,0,0,0,0,0,0,39934,0,45,840,0,7110,0,0,119503,0,110044
19,0,12,0,0,0,0,0,1848207,0,0,0,0,1548,114688,0,0,0,0,0,0,0,0,0,0,0,0,0,0,0,0,0,0,0,41004,0,0,0,807,2358,1143612,0,0,0,91571
19,0,13,0,0,0,0,0,1848207,0,0,0,0,1611,114688,0,0,0,0,0,0,0,0,0,0,0,0,0,0,0,0,0,0,0,40506,4062,0,0,1,3248,0,0,687090,0,100770
19,0,14,0,0,0,0,0,1848207,0,0,0,0,1643,114688,0,0,0,0,0,0,0,0,0,0,0,0,0,0,0,0,0,0,0,40016,0,0,855,1,2447,0,0,116267,0,110378
19,0,15,0,0,0,0,0,1848207,0,0,0,0,47,0,0,0,0,0,0,0,0,0,0,0,0,0,0,0,0,0,0,0,0,0,0,0,33,0,100,0,0,0,0,0
20,0,0,0,0,0,0,0,3699086,0,0,23964,958464,136,0,0,0,0,0,39693,0,0,0,0,0,0,0,0,23964,23964,0,221184,0,737280,958464,0,5577,0,136,284,0,0,0,0,3227541
20,0,1,0,0,0,0,0,1849543,39693,0,0,0,17017,0,0,0,0,0,0,0,0,0,0,0,0,0,0,0,11663,0,110613,0,258025,0,0,2128,1976,4364,29188,0,0,288227,0,0
20,0,2,0,0,0,0,0,1849543,0,0,0,0,861,114688,0,0,0,0,0,0,0,0,0,0,0,0,0,0,0,0,110624,0,110678,38736,0,4430,1317,3717,1759,0,0,209388,0,102309
20,0,3,0,0,0,0,0,1849543,0,0,0,0,862,114688,0,0,0,0,0,0,0,0,0,0,0,0,0,0,0,0,73641,0,0,39114,0,1393,455,0,1270,0,0,11665,0,111889
20,0,4,0,0,0,0,0,1849543,0,0,0,0,886,114688,0,0,0,0,0,0,0,0,0,0,0,0,0,0,0,0,73799,0,0,40347,0,1451,0,475,1344,1543311,0,0,0,76312
20,0,5,0,0,0,0,0,1849543,0,0,0,0,1004,114688,0,0,0,0,0,0,0,0,0,0,0,0,0,0,0,0,73740,0,0,40214,11794,3203,0,1,2024,0,0,543013,0,87802
20,0,6,0,0,0,0,0,1849543,0,0,0,0,1068,114688,0,0,0,0,0,0,0,0,0,0,0,0,0,0,0,0,73692,0,0,40596,0,1590,1653,1,1615,0,0,284942,0,100928
20,0,7,0,0,0,0,0,1849543,0,0,0,0,1089,114688,0,0,0,0,0,0,0,0,0,0,0,0,0,0,0,0,36941,0,0,38886,0,1690,544,0,2202,0,0,32375,0,110558
20,0,8,0,0,0,0,0,1849543,0,0,0,0,1208,114688,0,0,0,0,0,0,0,0,0,0,0,0,0,0,0,0,36854,0,0,38311,0,1559,0,635,2406,1534885,0,0,0,83202
20,0,9,0,0,0,0,0,1849543,0,0,0,0,1582,114688,0,0,0,0,0,0,0,0,0,0,0,0,0,0,0,0,36804,0,0,39778,7657,851,0,1,2348,0,0,1133664,0,92117
20,0,10,0,0,0,0,0,1849543,0,0,0,0,1617,114688,0,0,0,0,0,0,0,0,0,0,0,0,0,0,0,0,36916,0,0,39575,0,1665,2492,1,3288,0,0,676919,0,101182
20,0,11,0,0,0,0,0,1849543,0,0,0,0,1653,114688,0,0,0,0,0,0,0,0,0,0,0,0,0,0,0,0,0,0,0,40202,0,45,804,0,2910,0,0,121859,0,110095
20,0,12,0,0,0,0,0,1849543,0,0,0,0,1603,114688,0,0,0,0,0,0,0,0,0,0,0,0,0,0,0,0,0,0,0,40943,0,0,0,746,2401,1141745,0,0,0,91420
20,0,13,0,0,0,0,0,1849543,0,0,0,0,1636,114688,0,0,0,0,0,0,0,0,0,0,0,0,0,0,0,0,0,0,0,40319,4071,0,0,2,3246,0,0,688462,0,101081
20,0,14,0,0,0,0,0,1849543,0,0,0,0,1615,114688,0,0,0,0,0,0,0,0,0,0,0,0,0,0,0,0,0,0,0,40075,0,0,879,0,2411,0,0,120321,0,110096
20,0,15,0,0,0,0,0,1849543,0,0,0,0,41,0,0,0,0,0,0,0,0,0,0,0,0,0,0,0,0,0,0,0,0,0,0,0,39,0,95,0,0,0,0,0
21,0,0,0,0,0,0,0,3695972,0,0,23960,958464,136,0,0,0,0,0,39687,0,0,0,0,0,0,0,0,23960,23960,0,221184,0,737280,958464,0,5583,0,136,284,0,0,0,0,3225967
21,0,1,0,0,0,0,0,1847986,39687,0,0,0,17025,0,0,0,0,0,0,0,0,0,0,0,0,0,0,0,11843,0,110612,0,257795,0,0,2086,1963,4407,29328,0,0,284496,0,0
21,0,2,0,0,0,0,0,1847986,0,0,0,0,857,114688,0,0,0,0,0,0,0,0,0,0,0,0,0,0,0,0,110691,0,110809,38761,0,4402,1323,3692,1755,0,0,207068,0,102785
21,0,3,0,0,0,0,0,1847986,0,0,0,0,866,114688,0,0,0,0,0,0,0,0,0,0,0,0,0,0,0,0,73554,0,0,39028,0,1399,449,0,1289,0,0,12448,0,111795
21,0,4,0,0,0,0,0,1847986,0,0,0,0,877,114688,0,0,0,0,0,0,0,0,0,0,0,0,0,0,0,0,73686,0,0,40479,0,1445,0,482,1329,1545048,0,0,0,76240
21,0,5,0,0,0,0,0,1847986,0,0,0,0,1010,114688,0,0,0,0,0,0,0,0,0,0,0,0,0,0,0,0,73719,0,0,40307,11652,3252,0,2,2023,0,0,543292,0,87443
21,0,6,0,0,0,0,0,1847986,0,0,0,0,1096,114688,0,0,0,0,0,0,0,0,0,0,0,0,0,0,0,0,73607,0,0,40439,0,1646,1628,0,1611,0,0,283762,0,100558
21,0,7,0,0,0,0,0,1847986,0,0,0,0,1092,114688,0,0,0,0,0,0,0,0,0,0,0,0,0,0,0,0,37032,0,0,39022,0,1678,541,0,2210,0,0,30641,0,110754
21,0,8,0,0,0,0,0,1847986,0,0,0,0,1235,114688,0,0,0,0,0,0,0,0,0,0,0,0,0,0,0,0,36928,0,0,38374,0,1566,0,610,2440,1540540,0,0,0,82974
21,0,9,0,0,0,0,0,1847986,0,0,0,0,1571,114688,0,0,0,0,0,0,0,0,0,0,0,0,0,0,0,0,36919,0,0,39688,7810,822,0,2,2319,0,0,1139119,0,92081
21,0,10,0,0,0,0,0,1847986,0,0,0,0,1631,114688,0,0,0,0,0,0,0,0,0,0,0,0,0,0,0,0,37044,0,0,39579,0,1650,2427,0,3257,0,0,683509,0,100140
21,0,11,0,0,0,0,0,1847986,0,0,0,0,1604,114688,0,0,0,0,0,0,0,0,0,0,0,0,0,0,0,0,0,0,0,39757,0,45,851,0,3472,0,0,117952,0,110184
21,0,12,0,0,0,0,0,1847986,0,0,0,0,1556,114688,0,0,0,0,0,0,0,0,0,0,0,0,0,0,0,0,0,0,0,40835,0,0,0,799,2353,1134899,0,0,0,91701
21,0,13,0,0,0,0,0,1847986,0,0,0,0,1612,114688,0,0,0,0,0,0,0,0,0,0,0,0,0,0,0,0,0,0,0,40261,4022,0,0,1,3249,0,0,680745,0,100898
21,0,14,0,0,0,0,0,1847986,0,0,0,0,1590,114688,0,0,0,0,0,0,0,0,0,0,0,0,0,0,0,0,0,0,0,40083,0,0,902,1,2399,0,0,117854,0,110228
21,0,15,0,0,0,0,0,1847986,0,0,0,0,41,0,0,0,0,0,0,0,0,0,0,0,0,0,0,0,0,0,0,0,0,0,0,0,39,0,94,0,0,0,0,0
22,0,0,0,0,0,0,0,869058,0,0,5672,69632,136,0,0,0,0,0,12186,0,0,0,0,0,0,0,0,5672,5672,0,0,0,69632,69632,0,294,0,136,284,0,0,0,0,90112
22,0,1,0,0,0,0,0,434529,12186,0,0,0,4872,0,0,0,0,0,0,0,0,0,0,0,0,0,0,0,1261,0,0,0,40487,0,0,78,172,2059,9384,0,0,90112,0,0
22,0,2,0,0,0,0,0,434529,0,0,0,0,3833,90112,0,0,0,0,0,0,0,0,0,0,0,0,0,0,0,0,0,0,0,53291,0,250,1977,273,7696,0,0,0,0,90112
22,0,3,0,0,0,0,0,434529,0,0,0,0,47,0,0,0,0,0,0,0,0,0,0,0,0,0,0,0,0,0,0,0,0,0,0,100,45,0,55,0,0,0,0,0
22,0,4,0,0,0,0,0,434529,0,0,0,0,50,0,0,0,0,0,0,0,0,0,0,0,0,0,0,0,0,0,0,0,0,0,0,87,0,42,67,0,0,0,0,0
22,0,5,0,0,0,0,0,434529,0,0,0,0,50,0,0,0,0,0,0,0,0,0,0,0,0,0,0,0,0,0,0,0,0,0,525,150,0,0,116,0,0,0,0,0
22,0,6,0,0,0,0,0,434529,0,0,0,0,50,0,0,0,0,0,0,0,0,0,0,0,0,0,0,0,0,0,0,0,0,0,0,39,95,0,55,0,0,0,0,0
22,0,7,0,0,0,0,0,434529,0,0,0,0,53,0,0,0,0,0,0,0,0,0,0,0,0,0,0,0,0,0,0,0,0,0,0,98,39,0,138,0,0,0,0,0
22,0,8,0,0,0,0,0,434529,0,0,0,0,56,0,0,0,0,0,0,0,0,0,0,0,0,0,0,0,0,0,0,0,0,0,0,52,0,36,113,0,0,0,0,0
22,0,9,0,0,0,0,0,434529,0,0,0,0,50,0,0,0,0,0,0,0,0,0,0,0,0,0,0,0,0,0,0,0,0,0,380,40,0,0,56,0,0,0,0,0
22,0,10,0,0,0,0,0,434529,0,0,0,0,56,0,0,0,0,0,0,0,0,0,0,0,0,0,0,0,0,0,0,0,0,0,0,86,86,0,127,0,0,0,0,0
22,0,11,0,0,0,0,0,434529,0,0,0,0,50,0,0,0,0,0,0,0,0,0,0,0,0,0,0,0,0,0,0,0,0,0,0,41,42,0,4294967222,0,0,0,0,0
22,0,12,0,0,0,0,0,434529,0,0,0,0,50,0,0,0,0,0,0,0,0,0,0,0,0,0,0,0,0,0,0,0,0,0,0,0,0,42,96,0,0,0,0,0
22,0,13,0,0,0,0,0,434529,0,0,0,0,56,0,0,0,0,0,0,0,0,0,0,0,0,0,0,0,0,0,0,0,0,0,172,0,0,0,114,0,0,0,0,0
22,0,14,0,0,0,0,0,434529,0,0,0,0,50,0,0,0,0,0,0,0,0,0,0,0,0,0,0,0,0,0,0,0,0,0,0,0,86,0,62,0,0,0,0,0
22,0,15,0,0,0,0,0,434529,0,0,0,0,44,0,0,0,0,0,0,0,0,0,0,0,0,0,0,0,0,0,0,0,0,0,0,0,36,0,90,0,0,0,0,0
23,0,0,0,0,0,0,0,869277,0,0,5674,69632,136,0,0,0,0,0,12189,0,0,0,0,0,0,0,0,5674,5674,0,0,0,69632,69632,0,294,0,136,284,0,0,0,0,90112
23,0,1,0,0,0,0,0,434639,12189,0,0,0,4872,0,0,0,0,0,0,0,0,0,0,0,0,0,0,0,1253,0,0,0,40484,0,0,79,173,2059,9389,0,0,90112,0,0
23,0,2,0,0,0,0,0,434639,0,0,0,0,3835,90112,0,0,0,0,0,0,0,0,0,0,0,0,0,0,0,0,0,0,0,53294,0,246,1977,275,7702,0,0,0,0,90112
23,0,3,0,0,0,0,0,434639,0,0,0,0,47,0,0,0,0,0,0,0,0,0,0,0,0,0,0,0,0,0,0,0,0,0,0,98,45,0,55,0,0,0,0,0
23,0,4,0,0,0,0,0,434639,0,0,0,0,47,0,0,0,0,0,0,0,0,0,0,0,0,0,0,0,0,0,0,0,0,0,0,87,0,45,66,0,0,0,0,0
23,0,5,0,0,0,0,0,434639,0,0,0,0,47,0,0,0,0,0,0,0,0,0,0,0,0,0,0,0,0,0,0,0,0,0,522,150,0,0,112,0,0,0,0,0
23,0,6,0,0,0,0,0,434639,0,0,0,0,47,0,0,0,0,0,0,0,0,0,0,0,0,0,0,0,0,0,0,0,0,0,0,43,98,0,52,0,0,0,0,0
23,0,7,0,0,0,0,0,434639,0,0,0,0,53,0,0,0,0,0,0,0,0,0,0,0,0,0,0,0,0,0,0,0,0,0,0,98,39,0,140,0,0,0,0,0
23,0,8,0,0,0,0,0,434639,0,0,0,0,53,0,0,0,0,0,0,0,0,0,0,0,0,0,0,0,0,0,0,0,0,0,0,52,0,39,110,0,0,0,0,0
23,0,9,0,0,0,0,0,434639,0,0,0,0,47,0,0,0,0,0,0,0,0,0,0,0,0,0,0,0,0,0,0,0,0,0,380,40,0,0,53,0,0,0,0,0
23,0,10,0,0,0,0,0,434639,0,0,0,0,53,0,0,0,0,0,0,0,0,0,0,0,0,0,0,0,0,0,0,0,0,0,0,82,86,0,124,0,0,0,0,0
23,0,11,0,0,0,0,0,434639,0,0,0,0,47,0,0,0,0,0,0,0,0,0,0,0,0,0,0,0,0,0,0,0,0,0,0,41,45,0,147,0,0,0,0,0
23,0,12,0,0,0,0,0,434639,0,0,0,0,47,0,0,0,0,0,0,0,0,0,0,0,0,0,0,0,0,0,0,0,0,0,0,0,0,45,93,0,0,0,0,0
23,0,13,0,0,0,0,0,434639,0,0,0,0,53,0,0,0,0,0,0,0,0,0,0,0,0,0,0,0,0,0,0,0,0,0,172,0,0,0,111,0,0,0,0,0
23,0,14,0,0,0,0,0,434639,0,0,0,0,47,0,0,0,0,0,0,0,0,0,0,0,0,0,0,0,0,0,0,0,0,0,0,0,86,0,63,0,0,0,0,0
23,0,15,0,0,0,0,0,434639,0,0,0,0,41,0,0,0,0,0,0,0,0,0,0,0,0,0,0,0,0,0,0,0,0,0,0,0,39,0,87,0,0,0,0,0
24,0,0,0,0,0,0,0,869211,0,0,5674,69632,136,0,0,0,0,0,12189,0,0,0,0,0,0,0,0,5674,5674,0,0,0,69632,69632,0,294,0,136,284,0,0,0,0,90112
24,0,1,0,0,0,0,0,434606,12189,0,0,0,4398,0,0,0,0,0,0,0,0,0,0,0,0,0,0,0,687,0,0,0,39059,0,0,79,173,2533,8441,0,0,90112,0,0
24,0,2,0,0,0,0,0,434606,0,0,0,0,3360,90112,0,0,0,0,0,0,0,0,0,0,0,0,0,0,0,0,0,0,0,54152,0,246,2451,276,6753,0,0,0,0,90112
24,0,3,0,0,0,0,0,434606,0,0,0,0,47,0,0,0,0,0,0,0,0,0,0,0,0,0,0,0,0,0,0,0,0,0,0,97,45,0,55,0,0,0,0,0
24,0,4,0,0,0,0,0,434606,0,0,0,0,47,0,0,0,0,0,0,0,0,0,0,0,0,0,0,0,0,0,0,0,0,0,0,87,0,45,66,0,0,0,0,0
24,0,5,0,0,0,0,0,434606,0,0,0,0,47,0,0,0,0,0,0,0,0,0,0,0,0,0,0,0,0,0,0,0,0,0,522,150,0,0,112,0,0,0,0,0
24,0,6,0,0,0,0,0,434606,0,0,0,0,47,0,0,0,0,0,0,0,0,0,0,0,0,0,0,0,0,0,0,0,0,0,0,43,98,0,52,0,0,0,0,0
24,0,7,0,0,0,0,0,434606,0,0,0,0,53,0,0,0,0,0,0,0,0,0,0,0,0,0,0,0,0,0,0,0,0,0,0,99,39,0,140,0,0,0,0,0
24,0,8,0,0,0,0,0,434606,0,0,0,0,53,0,0,0,0,0,0,0,0,0,0,0,0,0,0,0,0,0,0,0,0,0,0,52,0,39,110,0,0,0,0,0
24,0,9,0,0,0,0,0,434606,0,0,0,0,47,0,0,0,0,0,0,0,0,0,0,0,0,0,0,0,0,0,0,0,0,0,380,40,0,0,53,0,0,0,0,0
24,0,10,0,0,0,0,0,434606,0,0,0,0,53,0,0,0,0,0,0,0,0,0,0,0,0,0,0,0,0,0,0,0,0,0,0,82,86,0,124,0,0,0,0,0
24,0,11,0,0,0,0,0,434606,0,0,0,0,47,0,0,0,0,0,0,0,0,0,0,0,0,0,0,0,0,0,0,0,0,0,0,40,45,0,147,0,0,0,0,0
24,0,12,0,0,0,0,0,434606,0,0,0,0,47,0,0,0,0,0,0,0,0,0,0,0,0,0,0,0,0,0,0,0,0,0,0,0,0,45,93,0,0,0,0,0
24,0,13,0,0,0,0,0,434606,0,0,0,0,53,0,0,0,0,0,0,0,0,0,0,0,0,0,0,0,0,0,0,0,0,0,172,0,0,0,111,0,0,0,0,0
24,0,14,0,0,0,0,0,434606,0,0,0,0,47,0,0,0,0,0,0,0,0,0,0,0,0,0,0,0,0,0,0,0,0,0,0,0,86,0,63,0,0,0,0,0
24,0,15,0,0,0,0,0,434606,0,0,0,0,41,0,0,0,0,0,0,0,0,0,0,0,0,0,0,0,0,0,0,0,0,0,0,0,39,0,88,0,0,0,0,0
25,0,0,0,0,0,0,0,933256,0,0,5472,139264,136,0,0,0,0,0,11892,0,0,0,0,0,0,0,0,5472,5472,0,0,0,139313,139264,0,294,0,136,284,0,0,0,0,180224
25,0,1,0,0,0,0,0,466628,11892,0,0,0,5030,0,0,0,0,0,0,0,0,0,0,0,0,0,0,0,1507,0,0,0,73775,0,0,79,173,1700,8491,0,0,70959,0,0
25,0,2,0,0,0,0,0,466628,0,0,0,0,2091,90112,0,0,0,0,0,0,0,0,0,0,0,0,0,0,0,0,0,0,33164,57259,0,246,2829,2252,4139,0,0,109265,0,74473
25,0,3,0,0,0,0,0,466628,0,0,0,0,2093,90112,0,0,0,0,0,0,0,0,0,0,0,0,0,0,0,0,0,0,0,57302,0,99,733,0,2861,0,0,135,0,90112
25,0,4,0,0,0,0,0,466628,0,0,0,0,47,0,0,0,0,0,0,0,0,0,0,0,0,0,0,0,0,0,0,0,0,0,0,87,0,45,66,0,0,0,0,0
25,0,5,0,0,0,0,0,466628,0,0,0,0,47,0,0,0,0,0,0,0,0,0,0,0,0,0,0,0,0,0,0,0,0,0,522,150,0,0,112,0,0,0,0,0
25,0,6,0,0,0,0,0,466628,0,0,0,0,47,0,0,0,0,0,0,0,0,0,0,0,0,0,0,0,0,0,0,0,0,0,0,43,98,0,52,0,0,0,0,0
25,0,7,0,0,0,0,0,466628,0,0,0,0,53,0,0,0,0,0,0,0,0,0,0,0,0,0,0,0,0,0,0,0,0,0,0,98,39,0,140,0,0,0,0,0
25,0,8,0,0,0,0,0,466628,0,0,0,0,53,0,0,0,0,0,0,0,0,0,0,0,0,0,0,0,0,0,0,0,0,0,0,52,0,39,110,0,0,0,0,0
25,0,9,0,0,0,0,0,466628,0,0,0,0,47,0,0,0,0,0,0,0,0,0,0,0,0,0,0,0,0,0,0,0,0,0,380,40,0,0,53,0,0,0,0,0
25,0,10,0,0,0,0,0,466628,0,0,0,0,53,0,0,0,0,0,0,0,0,0,0,0,0,0,0,0,0,0,0,0,0,0,0,82,86,0,124,0,0,0,0,0
25,0,11,0,0,0,0,0,466628,0,0,0,0,47,0,0,0,0,0,0,0,0,0,0,0,0,0,0,0,0,0,0,0,0,0,0,42,45,0,147,0,0,0,0,0
25,0,12,0,0,0,0,0,466628,0,0,0,0,47,0,0,0,0,0,0,0,0,0,0,0,0,0,0,0,0,0,0,0,0,0,0,0,0,45,93,0,0,0,0,0
25,0,13,0,0,0,0,0,466628,0,0,0,0,53,0,0,0,0,0,0,0,0,0,0,0,0,0,0,0,0,0,0,0,0,0,172,0,0,0,111,0,0,0,0,0
25,0,14,0,0,0,0,0,466628,0,0,0,0,47,0,0,0,0,0,0,0,0,0,0,0,0,0,0,0,0,0,0,0,0,0,0,0,86,0,63,0,0,0,0,0
25,0,15,0,0,0,0,0,466628,0,0,0,0,41,0,0,0,0,0,0,0,0,0,0,0,0,0,0,0,0,0,0,0,0,0,0,0,39,0,87,0,0,0,0,0
26,0,0,0,0,0,0,0,933142,0,0,5472,139264,136,0,0,0,0,0,11892,0,0,0,0,0,0,0,0,5472,5472,0,0,0,139289,139264,0,294,0,136,284,0,0,0,0,180224
26,0,1,0,0,0,0,0,466571,11892,0,0,0,5042,0,0,0,0,0,0,0,0,0,0,0,0,0,0,0,1466,0,0,0,73748,0,0,79,172,1689,8507,0,0,70367,0,0
26,0,2,0,0,0,0,0,466571,0,0,0,0,2094,90112,0,0,0,0,0,0,0,0,0,0,0,0,0,0,0,0,0,0,33013,57258,0,246,2825,2255,4151,0,0,109857,0,74173
26,0,3,0,0,0,0,0,466571,0,0,0,0,2093,90112,0,0,0,0,0,0,0,0,0,0,0,0,0,0,0,0,0,0,0,57304,0,98,733,0,2859,0,0,61,0,90112
26,0,4,0,0,0,0,0,466571,0,0,0,0,47,0,0,0,0,0,0,0,0,0,0,0,0,0,0,0,0,0,0,0,0,0,0,87,0,45,66,0,0,0,0,0
26,0,5,0,0,0,0,0,466571,0,0,0,0,47,0,0,0,0,0,0,0,0,0,0,0,0,0,0,0,0,0,0,0,0,0,522,150,0,0,112,0,0,0,0,0
26,0,6,0,0,0,0,0,466571,0,0,0,0,47,0,0,0,0,0,0,0,0,0,0,0,0,0,0,0,0,0,0,0,0,0,0,43,98,0,52,0,0,0,0,0
26,0,7,0,0,0,0,0,466571,0,0,0,0,53,0,0,0,0,0,0,0,0,0,0,0,0,0,0,0,0,0,0,0,0,0,0,99,39,0,140,0,0,0,0,0
26,0,8,0,0,0,0,0,466571,0,0,0,0,53,0,0,0,0,0,0,0,0,0,0,0,0,0,0,0,0,0,0,0,0,0,0,52,0,39,110,0,0,0,0,0
26,0,9,0,0,0,0,0,466571,0,0,0,0,47,0,0,0,0,0,0,0,0,0,0,0,0,0,0,0,0,0,0,0,0,0,380,40,0,0,53,0,0,0,0,0
26,0,10,0,0,0,0,0,466571,0,0,0,0,53,0,0,0,0,0,0,0,0,0,0,0,0,0,0,0,0,0,0,0,0,0,0,82,86,0,124,0,0,0,0,0
26,0,11,0,0,0,0,0,466571,0,0,0,0,47,0,0,0,0,0,0,0,0,0,0,0,0,0,0,0,0,0,0,0,0,0,0,41,45,0,147,0,0,0,0,0
26,0,12,0,0,0,0,0,466571,0,0,0,0,47,0,0,0,0,0,0,0,0,0,0,0,0,0,0,0,0,0,0,0,0,0,0,0,0,45,93,0,0,0,0,0
26,0,13,0,0,0,0,0,466571,0,0,0,0,53,0,0,0,0,0,0,0,0,0,0,0,0,0,0,0,0,0,0,0,0,0,172,0,0,0,111,0,0,0,0,0
26,0,14,0,0,0,0,0,466571,0,0,0,0,47,0,0,0,0,0,0,0,0,0,0,0,0,0,0,0,0,0,0,0,0,0,0,0,86,0,63,0,0,0,0,0
26,0,15,0,0,0,0,0,466571,0,0,0,0,41,0,0,0,0,0,0,0,0,0,0,0,0,0,0,0,0,0,0,0,0,0,0,0,39,0,88,0,0,0,0,0
27,0,0,0,0,0,0,0,931736,0,0,5476,139264,136,0,0,0,0,0,11895,0,0,0,0,0,0,0,0,5476,5476,0,0,0,139304,139264,0,294,0,136,284,0,0,0,0,180224
27,0,1,0,0,0,0,0,465868,11895,0,0,0,5026,0,0,0,0,0,0,0,0,0,0,0,0,0,0,0,1539,0,0,0,73739,0,0,79,173,1708,8492,0,0,71412,0,0
27,0,2,0,0,0,0,0,465868,0,0,0,0,2083,90112,0,0,0,0,0,0,0,0,0,0,0,0,0,0,0,0,0,0,33342,57147,0,246,2828,2256,4123,0,0,108812,0,74892
27,0,3,0,0,0,0,0,465868,0,0,0,0,2082,90112,0,0,0,0,0,0,0,0,0,0,0,0,0,0,0,0,0,0,0,57194,0,99,746,0,2848,0,0,114,0,90112
27,0,4,0,0,0,0,0,465868,0,0,0,0,47,0,0,0,0,0,0,0,0,0,0,0,0,0,0,0,0,0,0,0,0,0,0,87,0,45,66,0,0,0,0,0
27,0,5,0,0,0,0,0,465868,0,0,0,0,47,0,0,0,0,0,0,0,0,0,0,0,0,0,0,0,0,0,0,0,0,0,522,150,0,0,112,0,0,0,0,0
27,0,6,0,0,0,0,0,465868,0,0,0,0,47,0,0,0,0,0,0,0,0,0,0,0,0,0,0,0,0,0,0,0,0,0,0,43,98,0,52,0,0,0,0,0
27,0,7,0,0,0,0,0,465868,0,0,0,0,53,0,0,0,0,0,0,0,0,0,0,0,0,0,0,0,0,0,0,0,0,0,0,98,39,0,140,0,0,0,0,0
27,0,8,0,0,0,0,0,465868,0,0,0,0,53,0,0,0,0,0,0,0,0,0,0,0,0,0,0,0,0,0,0,0,0,0,0,52,0,39,110,0,0,0,0,0
27,0,9,0,0,0,0,0,465868,0,0,0,0,47,0,0,0,0,0,0,0,0,0,0,0,0,0,0,0,0,0,0,0,0,0,380,40,0,0,53,0,0,0,0,0
27,0,10,0,0,0,0,0,465868,0,0,0,0,53,0,0,0,0,0,0,0,0,0,0,0,0,0,0,0,0,0,0,0,0,0,0,82,86,0,124,0,0,0,0,0
27,0,11,0,0,0,0,0,465868,0,0,0,0,47,0,0,0,0,0,0,0,0,0,0,0,0,0,0,0,0,0,0,0,0,0,0,42,45,0,131,0,0,0,0,0
27,0,12,0,0,0,0,0,465868,0,0,0,0,47,0,0,0,0,0,0,0,0,0,0,0,0,0,0,0,0,0,0,0,0,0,0,0,0,45,93,0,0,0,0,0
27,0,13,0,0,0,0,0,465868,0,0,0,0,53,0,0,0,0,0,0,0,0,0,0,0,0,0,0,0,0,0,0,0,0,0,172,0,0,0,111,0,0,0,0,0
27,0,14,0,0,0,0,0,465868,0,0,0,0,47,0,0,0,0,0,0,0,0,0,0,0,0,0,0,0,0,0,0,0,0,0,0,0,86,0,63,0,0,0,0,0
27,0,15,0,0,0,0,0,465868,0,0,0,0,41,0,0,0,0,0,0,0,0,0,0,0,0,0,0,0,0,0,0,0,0,0,0,0,39,0,87,0,0,0,0,0
28,0,0,0,0,0,0,0,1199158,0,0,8116,278528,136,0,0,0,0,0,15867,0,0,0,0,0,0,0,0,8116,8116,0,80272,0,209030,278528,0,2323,0,136,284,0,0,0,0,470595
28,0,1,0,0,0,0,0,599579,15867,0,0,0,6088,0,0,0,0,0,0,0,0,0,0,0,0,0,0,0,4488,0,37567,0,73640,0,0,991,910,1639,10829,0,0,86975,0,0
28,0,2,0,0,0,0,0,599579,0,0,0,0,1466,90112,0,0,0,0,0,0,0,0,0,0,0,0,0,0,0,0,0,0,35399,57203,0,246,2155,1385,3030,0,0,113864,0,86907
28,0,3,0,0,0,0,0,599579,0,0,0,0,1500,90112,0,0,0,0,0,0,0,0,0,0,0,0,0,0,0,0,0,0,0,56136,0,99,620,0,2429,0,0,228,0,90075
28,0,4,0,0,0,0,0,599579,0,0,0,0,1458,90112,0,0,0,0,0,0,0,0,0,0,0,0,0,0,0,0,0,0,0,57200,0,87,0,661,2213,132722,0,0,0,72704
28,0,5,0,0,0,0,0,599579,0,0,0,0,1449,90112,0,0,0,0,0,0,0,0,0,0,0,0,0,0,0,0,0,0,0,57173,2556,150,0,2,2631,0,0,16474,0,85771
28,0,6,0,0,0,0,0,599579,0,0,0,0,47,0,0,0,0,0,0,0,0,0,0,0,0,0,0,0,0,0,0,0,0,0,0,43,98,0,52,0,0,0,0,0
28,0,7,0,0,0,0,0,599579,0,0,0,0,53,0,0,0,0,0,0,0,0,0,0,0,0,0,0,0,0,0,0,0,0,0,0,100,39,0,140,0,0,0,0,0
28,0,8,0,0,0,0,0,599579,0,0,0,0,53,0,0,0,0,0,0,0,0,0,0,0,0,0,0,0,0,0,0,0,0,0,0,52,0,39,110,0,0,0,0,0
28,0,9,0,0,0,0,0,599579,0,0,0,0,47,0,0,0,0,0,0,0,0,0,0,0,0,0,0,0,0,0,0,0,0,0,380,40,0,0,53,0,0,0,0,0
28,0,10,0,0,0,0,0,599579,0,0,0,0,53,0,0,0,0,0,0,0,0,0,0,0,0,0,0,0,0,0,0,0,0,0,0,82,86,0,124,0,0,0,0,0
28,0,11,0,0,0,0,0,599579,0,0,0,0,47,0,0,0,0,0,0,0,0,0,0,0,0,0,0,0,0,0,0,0,0,0,0,42,45,0,147,0,0,0,0,0
28,0,12,0,0,0,0,0,599579,0,0,0,0,47,0,0,0,0,0,0,0,0,0,0,0,0,0,0,0,0,0,0,0,0,0,0,0,0,45,93,0,0,0,0,0
28,0,13,0,0,0,0,0,599579,0,0,0,0,53,0,0,0,0,0,0,0,0,0,0,0,0,0,0,0,0,0,0,0,0,0,172,0,0,0,111,0,0,0,0,0
28,0,14,0,0,0,0,0,599579,0,0,0,0,47,0,0,0,0,0,0,0,0,0,0,0,0,0,0,0,0,0,0,0,0,0,0,0,86,0,63,0,0,0,0,0
28,0,15,0,0,0,0,0,599579,0,0,0,0,41,0,0,0,0,0,0,0,0,0,0,0,0,0,0,0,0,0,0,0,0,0,0,0,39,0,89,0,0,0,0,0
29,0,0,0,0,0,0,0,1202352,0,0,8140,278528,136,0,0,0,0,0,15906,0,0,0,0,0,0,0,0,8140,8140,0,80429,0,209010,278528,0,2329,0,136,284,0,0,0,0,471142
29,0,1,0,0,0,0,0,601176,15906,0,0,0,6085,0,0,0,0,0,0,0,0,0,0,0,0,0,0,0,4547,0,37602,0,73642,0,0,1006,919,1642,10877,0,0,86232,0,0
29,0,2,0,0,0,0,0,601176,0,0,0,0,1479,90112,0,0,0,0,0,0,0,0,0,0,0,0,0,0,0,0,0,0,35218,57233,0,250,2128,1390,3044,0,0,115090,0,86957
29,0,3,0,0,0,0,0,601176,0,0,0,0,1481,90112,0,0,0,0,0,0,0,0,0,0,0,0,0,0,0,0,0,0,0,56127,0,100,645,0,2410,0,0,161,0,90089
29,0,4,0,0,0,0,0,601176,0,0,0,0,1467,90112,0,0,0,0,0,0,0,0,0,0,0,0,0,0,0,0,0,0,0,57240,0,87,0,658,2231,134566,0,0,0,72239
29,0,5,0,0,0,0,0,601176,0,0,0,0,1468,90112,0,0,0,0,0,0,0,0,0,0,0,0,0,0,0,0,0,0,0,57228,2556,150,0,1,2641,0,0,16591,0,85763
29,0,6,0,0,0,0,0,601176,0,0,0,0,50,0,0,0,0,0,0,0,0,0,0,0,0,0,0,0,0,0,0,0,0,0,0,39,95,1,55,0,0,0,0,0
29,0,7,0,0,0,0,0,601176,0,0,0,0,53,0,0,0,0,0,0,0,0,0,0,0,0,0,0,0,0,0,0,0,0,0,0,100,39,0,138,0,0,0,0,0
29,0,8,0,0,0,0,0,601176,0,0,0,0,56,0,0,0,0,0,0,0,0,0,0,0,0,0,0,0,0,0,0,0,0,0,0,52,0,36,113,0,0,0,0,0
29,0,9,0,0,0,0,0,601176,0,0,0,0,50,0,0,0,0,0,0,0,0,0,0,0,0,0,0,0,0,0,0,0,0,0,380,40,0,0,56,0,0,0,0,0
29,0,10,0,0,0,0,0,601176,0,0,0,0,56,0,0,0,0,0,0,0,0,0,0,0,0,0,0,0,0,0,0,0,0,0,0,86,86,0,127,0,0,0,0,0
29,0,11,0,0,0,0,0,601176,0,0,0,0,50,0,0,0,0,0,0,0,0,0,0,0,0,0,0,0,0,0,0,0,0,0,0,42,42,0,150,0,0,0,0,0
29,0,12,0,0,0,0,0,601176,0,0,0,0,50,0,0,0,0,0,0,0,0,0,0,0,0,0,0,0,0,0,0,0,0,0,0,0,0,42,96,0,0,0,0,0
29,0,13,0,0,0,0,0,601176,0,0,0,0,56,0,0,0,0,0,0,0,0,0,0,0,0,0,0,0,0,0,0,0,0,0,172,0,0,0,114,0,0,0,0,0
29,0,14,0,0,0,0,0,601176,0,0,0,0,50,0,0,0,0,0,0,0,0,0,0,0,0,0,0,0,0,0,0,0,0,0,0,0,86,0,62,0,0,0,0,0
29,0,15,0,0,0,0,0,601176,0,0,0,0,44,0,0,0,0,0,0,0,0,0,0,0,0,0,0,0,0,0,0,0,0,0,0,0,36,0,92,0,0,0,0,0
30,0,0,0,0,0,0,0,1203172,0,0,8148,278528,136,0,0,0,0,0,15918,0,0,0,0,0,0,0,0,8148,8148,0,80562,0,209011,278528,0,2331,0,136,284,0,0,0,0,472504
30,0,1,0,0,0,0,0,601586,15918,0,0,0,6535,0,0,0,0,0,0,0,0,0,0,0,0,0,0,0,4515,0,36955,0,76545,0,0,806,621,1698,11379,0,0,83753,0,0
30,0,2,0,0,0,0,0,601586,0,0,0,0,1636,90112,0,0,0,0,0,0,0,0,0,0,0,0,0,0,0,0,0,0,35162,57260,0,246,2054,1542,3000,0,0,106621,0,89000
30,0,3,0,0,0,0,0,601586,0,0,0,0,1562,90112,0,0,0,0,0,0,0,0,0,0,0,0,0,0,0,0,0,0,0,56291,0,98,567,0,2342,0,0,147,0,90092
30,0,4,0,0,0,0,0,601586,0,0,0,0,1561,90112,0,0,0,0,0,0,0,0,0,0,0,0,0,0,0,0,0,0,0,57232,0,87,0,566,2027,123362,0,0,0,74375
30,0,5,0,0,0,0,0,601586,0,0,0,0,1530,90112,0,0,0,0,0,0,0,0,0,0,0,0,0,0,0,0,0,0,0,57262,2586,150,0,2,2905,0,0,21889,0,83296
30,0,6,0,0,0,0,0,601586,0,0,0,0,47,0,0,0,0,0,0,0,0,0,0,0,0,0,0,0,0,0,0,0,0,0,0,43,98,0,52,0,0,0,0,0
30,0,7,0,0,0,0,0,601586,0,0,0,0,53,0,0,0,0,0,0,0,0,0,0,0,0,0,0,0,0,0,0,0,0,0,0,101,39,0,140,0,0,0,0,0
30,0,8,0,0,0,0,0,601586,0,0,0,0,53,0,0,0,0,0,0,0,0,0,0,0,0,0,0,0,0,0,0,0,0,0,0,52,0,39,110,0,0,0,0,0
30,0,9,0,0,0,0,0,601586,0,0,0,0,47,0,0,0,0,0,0,0,0,0,0,0,0,0,0,0,0,0,0,0,0,0,380,40,0,0,53,0,0,0,0,0
30,0,10,0,0,0,0,0,601586,0,0,0,0,53,0,0,0,0,0,0,0,0,0,0,0,0,0,0,0,0,0,0,0,0,0,0,82,86,0,124,0,0,0,0,0
30,0,11,0,0,0,0,0,601586,0,0,0,0,47,0,0,0,0,0,0,0,0,0,0,0,0,0,0,0,0,0,0,0,0,0,0,41,45,0,147,0,0,0,0,0
30,0,12,0,0,0,0,0,601586,0,0,0,0,47,0,0,0,0,0,0,0,0,0,0,0,0,0,0,0,0,0,0,0,0,0,0,0,0,45,93,0,0,0,0,0
30,0,13,0,0,0,0,0,601586,0,0,0,0,53,0,0,0,0,0,0,0,0,0,0,0,0,0,0,0,0,0,0,0,0,0,172,0,0,0,111,0,0,0,0,0
30,0,14,0,0,0,0,0,601586,0,0,0,0,47,0,0,0,0,0,0,0,0,0,0,0,0,0,0,0,0,0,0,0,0,0,0,0,86,0,63,0,0,0,0,0
30,0,15,0,0,0,0,0,601586,0,0,0,0,41,0,0,0,0,0,0,0,0,0,0,0,0,0,0,0,0,0,0,0,0,0,0,0,39,0,90,0,0,0,0,0
31,0,0,0,0,0,0,0,1201669,0,0,8020,417792,136,0,0,0,0,0,15738,0,0,0,0,0,0,0,0,8020,8020,0,78257,0,348834,417792,0,1595,0,136,284,0,0,0,0,738267
31,0,1,0,0,0,0,0,600835,15738,0,0,0,6449,0,0,0,0,0,0,0,0,0,0,0,0,0,0,0,4066,0,37723,0,143489,0,0,473,588,2024,11199,0,0,104436,0,0
31,0,2,0,0,0,0,0,600835,0,0,0,0,900,90112,0,0,0,0,0,0,0,0,0,0,0,0,0,0,0,0,38081,0,72695,55807,0,1179,1398,2077,1792,0,0,105698,0,86101
31,0,3,0,0,0,0,0,600835,0,0,0,0,909,90112,0,0,0,0,0,0,0,0,0,0,0,0,0,0,0,0,36496,0,0,55822,0,576,479,0,1338,0,0,2260,0,89703
31,0,4,0,0,0,0,0,600835,0,0,0,0,923,90112,0,0,0,0,0,0,0,0,0,0,0,0,0,0,0,0,0,0,0,56502,0,87,0,468,1357,257661,0,0,0,76196
31,0,5,0,0,0,0,0,600835,0,0,0,0,957,90112,0,0,0,0,0,0,0,0,0,0,0,0,0,0,0,0,0,0,0,55748,3204,150,0,1,1953,0,0,161216,0,83063
31,0,6,0,0,0,0,0,600835,0,0,0,0,972,90112,0,0,0,0,0,0,0,0,0,0,0,0,0,0,0,0,0,0,0,56100,0,39,1500,1,1449,0,0,127264,0,76653
31,0,7,0,0,0,0,0,600835,0,0,0,0,982,90112,0,0,0,0,0,0,0,0,0,0,0,0,0,0,0,0,0,0,0,55187,0,100,509,0,1993,0,0,22617,0,83482
31,0,8,0,0,0,0,0,600835,0,0,0,0,56,0,0,0,0,0,0,0,0,0,0,0,0,0,0,0,0,0,0,0,0,0,0,52,0,36,113,0,0,0,0,0
31,0,9,0,0,0,0,0,600835,0,0,0,0,50,0,0,0,0,0,0,0,0,0,0,0,0,0,0,0,0,0,0,0,0,0,380,40,0,0,56,0,0,0,0,0
31,0,10,0,0,0,0,0,600835,0,0,0,0,56,0,0,0,0,0,0,0,0,0,0,0,0,0,0,0,0,0,0,0,0,0,0,86,86,0,127,0,0,0,0,0
31,0,11,0,0,0,0,0,600835,0,0,0,0,50,0,0,0,0,0,0,0,0,0,0,0,0,0,0,0,0,0,0,0,0,0,0,44,42,0,4294967222,0,0,0,0,0
31,0,12,0,0,0,0,0,600835,0,0,0,0,50,0,0,0,0,0,0,0,0,0,0,0,0,0,0,0,0,0,0,0,0,0,0,0,0,42,96,0,0,0,0,0
31,0,13,0,0,0,0,0,600835,0,0,0,0,56,0,0,0,0,0,0,0,0,0,0,0,0,0,0,0,0,0,0,0,0,0,172,0,0,0,114,0,0,0,0,0
31,0,14,0,0,0,0,0,600835,0,0,0,0,50,0,0,0,0,0,0,0,0,0,0,0,0,0,0,0,0,0,0,0,0,0,0,0,86,0,62,0,0,0,0,0
31,0,15,0,0,0,0,0,600835,0,0,0,0,44,0,0,0,0,0,0,0,0,0,0,0,0,0,0,0,0,0,0,0,0,0,0,0,36,0,92,0,0,0,0,0
32,0,0,0,0,0,0,0,1202675,0,0,8020,417792,136,0,0,0,0,0,15738,0,0,0,0,0,0,0,0,8020,8020,0,77844,0,348725,417792,0,1591,0,136,284,0,0,0,0,743889
32,0,1,0,0,0,0,0,601337,15738,0,0,0,6552,0,0,0,0,0,0,0,0,0,0,0,0,0,0,0,4080,0,37965,0,143273,0,0,480,561,1941,11275,0,0,109472,0,0
32,0,2,0,0,0,0,0,601337,0,0,0,0,877,90112,0,0,0,0,0,0,0,0,0,0,0,0,0,0,0,0,38128,0,73360,55813,0,1199,1398,2128,1785,0,0,104001,0,86180
32,0,3,0,0,0,0,0,601337,0,0,0,0,893,90112,0,0,0,0,0,0,0,0,0,0,0,0,0,0,0,0,35772,0,0,55780,0,528,490,0,1320,0,0,2885,0,89588
32,0,4,0,0,0,0,0,601337,0,0,0,0,901,90112,0,0,0,0,0,0,0,0,0,0,0,0,0,0,0,0,0,0,0,56411,0,87,0,486,1307,261384,0,0,0,77270
32,0,5,0,0,0,0,0,601337,0,0,0,0,931,90112,0,0,0,0,0,0,0,0,0,0,0,0,0,0,0,0,0,0,0,55570,3231,150,0,1,1920,0,0,160072,0,83102
32,0,6,0,0,0,0,0,601337,0,0,0,0,982,90112,0,0,0,0,0,0,0,0,0,0,0,0,0,0,0,0,0,0,0,56546,0,39,1493,1,1447,0,0,134475,0,75161
32,0,7,0,0,0,0,0,601337,0,0,0,0,976,90112,0,0,0,0,0,0,0,0,0,0,0,0,0,0,0,0,0,0,0,54710,0,102,522,0,2042,0,0,15340,0,86080
32,0,8,0,0,0,0,0,601337,0,0,0,0,56,0,0,0,0,0,0,0,0,0,0,0,0,0,0,0,0,0,0,0,0,0,0,52,0,36,113,0,0,0,0,0
32,0,9,0,0,0,0,0,601337,0,0,0,0,50,0,0,0,0,0,0,0,0,0,0,0,0,0,0,0,0,0,0,0,0,0,380,40,0,0,56,0,0,0,0,0
32,0,10,0,0,0,0,0,601337,0,0,0,0,56,0,0,0,0,0,0,0,0,0,0,0,0,0,0,0,0,0,0,0,0,0,0,86,86,0,127,0,0,0,0,0
32,0,11,0,0,0,0,0,601337,0,0,0,0,50,0,0,0,0,0,0,0,0,0,0,0,0,0,0,0,0,0,0,0,0,0,0,42,42,0,150,0,0,0,0,0
32,0,12,0,0,0,0,0,601337,0,0,0,0,50,0,0,0,0,0,0,0,0,0,0,0,0,0,0,0,0,0,0,0,0,0,0,0,0,42,96,0,0,0,0,0
32,0,13,0,0,0,0,0,601337,0,0,0,0,56,0,0,0,0,0,0,0,0,0,0,0,0,0,0,0,0,0,0,0,0,0,172,0,0,0,114,0,0,0,0,0
32,0,14,0,0,0,0,0,601337,0,0,0,0,50,0,0,0,0,0,0,0,0,0,0,0,0,0,0,0,0,0,0,0,0,0,0,0,86,0,62,0,0,0,0,0
32,0,15,0,0,0,0,0,601337,0,0,0,0,44,0,0,0,0,0,0,0,0,0,0,0,0,0,0,0,0,0,0,0,0,0,0,0,36,0,94,0,0,0,0,0
33,0,0,0,0,0,0,0,1205061,0,0,8042,417792,136,0,0,0,0,0,15771,0,0,0,0,0,0,0,0,8042,8042,0,78350,0,348661,417792,0,1595,0,136,284,0,0,0,0,740704
33,0,1,0,0,0,0,0,602530,15771,0,0,0,6532,0,0,0,0,0,0,0,0,0,0,0,0,0,0,0,4019,0,37698,0,143492,0,0,492,567,1965,11258,0,0,105476,0,0
33,0,2,0,0,0,0,0,602530,0,0,0,0,902,90112,0,0,0,0,0,0,0,0,0,0,0,0,0,0,0,0,38141,0,72805,55847,0,1197,1397,2099,1830,0,0,104471,0,86459
33,0,3,0,0,0,0,0,602530,0,0,0,0,911,90112,0,0,0,0,0,0,0,0,0,0,0,0,0,0,0,0,35884,0,0,55715,0,553,477,0,1349,0,0,3212,0,89409
33,0,4,0,0,0,0,0,602530,0,0,0,0,914,90112,0,0,0,0,0,0,0,0,0,0,0,0,0,0,0,0,0,0,0,56570,0,87,0,477,1326,261631,0,0,0,75982
33,0,5,0,0,0,0,0,602530,0,0,0,0,945,90112,0,0,0,0,0,0,0,0,0,0,0,0,0,0,0,0,0,0,0,55716,3251,150,0,1,1928,0,0,155117,0,82774
33,0,6,0,0,0,0,0,602530,0,0,0,0,996,90112,0,0,0,0,0,0,0,0,0,0,0,0,0,0,0,0,0,0,0,56518,0,43,1478,1,1459,0,0,134995,0,73606
33,0,7,0,0,0,0,0,602530,0,0,0,0,976,90112,0,0,0,0,0,0,0,0,0,0,0,0,0,0,0,0,0,0,0,54527,0,101,523,0,2017,0,0,16316,0,85752
33,0,8,0,0,0,0,0,602530,0,0,0,0,53,0,0,0,0,0,0,0,0,0,0,0,0,0,0,0,0,0,0,0,0,0,0,52,0,39,110,0,0,0,0,0
33,0,9,0,0,0,0,0,602530,0,0,0,0,47,0,0,0,0,0,0,0,0,0,0,0,0,0,0,0,0,0,0,0,0,0,380,40,0,0,53,0,0,0,0,0
33,0,10,0,0,0,0,0,602530,0,0,0,0,53,0,0,0,0,0,0,0,0,0,0,0,0,0,0,0,0,0,0,0,0,0,0,82,86,0,124,0,0,0,0,0
33,0,11,0,0,0,0,0,602530,0,0,0,0,47,0,0,0,0,0,0,0,0,0,0,0,0,0,0,0,0,0,0,0,0,0,0,43,45,0,131,0,0,0,0,0
33,0,12,0,0,0,0,0,602530,0,0,0,0,47,0,0,0,0,0,0,0,0,0,0,0,0,0,0,0,0,0,0,0,0,0,0,0,0,45,93,0,0,0,0,0
33,0,13,0,0,0,0,0,602530,0,0,0,0,53,0,0,0,0,0,0,0,0,0,0,0,0,0,0,0,0,0,0,0,0,0,172,0,0,0,111,0,0,0,0,0
33,0,14,0,0,0,0,0,602530,0,0,0,0,47,0,0,0,0,0,0,0,0,0,0,0,0,0,0,0,0,0,0,0,0,0,0,0,86,0,63,0,0,0,0,0
33,0,15,0,0,0,0,0,602530,0,0,0,0,41,0,0,0,0,0,0,0,0,0,0,0,0,0,0,0,0,0,0,0,0,0,0,0,39,0,90,0,0,0,0,0
34,0,0,0,0,0,0,0,1629790,0,0,10162,557056,136,0,0,0,0,0,18960,0,0,0,0,0,0,0,0,10162,10162,0,150726,0,419661,557056,0,2604,0,136,284,0,0,0,0,1311636
34,0,1,0,0,0,0,0,814895,18960,0,0,0,7935,0,0,0,0,0,0,0,0,0,0,0,0,0,0,0,4911,0,74210,0,144365,0,0,932,940,1871,13802,0,0,188006,0,0
34,0,2,0,0,0,0,0,814895,0,0,0,0,739,90112,0,0,0,0,0,0,0,0,0,0,0,0,0,0,0,0,38298,0,74574,55978,0,1328,1133,2009,1503,0,0,125091,0,75047
34,0,3,0,0,0,0,0,814895,0,0,0,0,754,90112,0,0,0,0,0,0,0,0,0,0,0,0,0,0,0,0,36680,0,0,55656,0,613,365,0,1113,0,0,59661,0,73586
34,0,4,0,0,0,0,0,814895,0,0,0,0,743,90112,0,0,0,0,0,0,0,0,0,0,0,0,0,0,0,0,37170,0,0,56710,0,511,0,404,1106,567897,0,0,0,66827
34,0,5,0,0,0,0,0,814895,0,0,0,0,975,90112,0,0,0,0,0,0,0,0,0,0,0,0,0,0,0,0,37669,0,0,56208,4490,1010,0,1,1987,0,0,357357,0,71709
34,0,6,0,0,0,0,0,814895,0,0,0,0,1098,90112,0,0,0,0,0,0,0,0,0,0,0,0,0,0,0,0,0,0,0,56289,0,43,1682,1,1592,0,0,221912,0,73411
34,0,7,0,0,0,0,0,814895,0,0,0,0,1119,90112,0,0,0,0,0,0,0,0,0,0,0,0,0,0,0,0,0,0,0,55035,0,102,541,0,2262,0,0,59163,0,81248
34,0,8,0,0,0,0,0,814895,0,0,0,0,903,90112,0,0,0,0,0,0,0,0,0,0,0,0,0,0,0,0,0,0,0,55078,0,52,0,440,1789,214352,0,0,0,72803
34,0,9,0,0,0,0,0,814895,0,0,0,0,890,90112,0,0,0,0,0,0,0,0,0,0,0,0,0,0,0,0,0,0,0,56276,1636,40,0,2,1289,0,0,52445,0,79150
34,0,10,0,0,0,0,0,814895,0,0,0,0,53,0,0,0,0,0,0,0,0,0,0,0,0,0,0,0,0,0,0,0,0,0,0,82,86,0,124,0,0,0,0,0
34,0,11,0,0,0,0,0,814895,0,0,0,0,47,0,0,0,0,0,0,0,0,0,0,0,0,0,0,0,0,0,0,0,0,0,0,44,45,0,131,0,0,0,0,0
34,0,12,0,0,0,0,0,814895,0,0,0,0,47,0,0,0,0,0,0,0,0,0,0,0,0,0,0,0,0,0,0,0,0,0,0,0,0,45,93,0,0,0,0,0
34,0,13,0,0,0,0,0,814895,0,0,0,0,53,0,0,0,0,0,0,0,0,0,0,0,0,0,0,0,0,0,0,0,0,0,172,0,0,0,111,0,0,0,0,0
34,0,14,0,0,0,0,0,814895,0,0,0,0,47,0,0,0,0,0,0,0,0,0,0,0,0,0,0,0,0,0,0,0,0,0,0,0,86,0,63,0,0,0,0,0
34,0,15,0,0,0,0,0,814895,0,0,0,0,41,0,0,0,0,0,0,0,0,0,0,0,0,0,0,0,0,0,0,0,0,0,0,0,39,0,91,0,0,0,0,0
35,0,0,0,0,0,0,0,1633194,0,0,10144,557056,136,0,0,0,0,0,18936,0,0,0,0,0,0,0,0,10144,10144,0,150722,0,419049,557056,0,2600,0,136,284,0,0,0,0,1317809
35,0,1,0,0,0,0,0,816597,18936,0,0,0,7922,0,0,0,0,0,0,0,0,0,0,0,0,0,0,0,4833,0,74419,0,143388,0,0,905,906,1927,13748,0,0,172299,0,0
35,0,2,0,0,0,0,0,816597,0,0,0,0,714,90112,0,0,0,0,0,0,0,0,0,0,0,0,0,0,0,0,38276,0,73227,55513,0,1291,1130,1996,1462,0,0,151479,0,64866
35,0,3,0,0,0,0,0,816597,0,0,0,0,728,90112,0,0,0,0,0,0,0,0,0,0,0,0,0,0,0,0,36552,0,0,55987,0,636,391,0,1073,0,0,18702,0,81192
35,0,4,0,0,0,0,0,816597,0,0,0,0,737,90112,0,0,0,0,0,0,0,0,0,0,0,0,0,0,0,0,36993,0,0,56714,0,475,0,406,1100,573904,0,0,0,66402
35,0,5,0,0,0,0,0,816597,0,0,0,0,960,90112,0,0,0,0,0,0,0,0,0,0,0,0,0,0,0,0,37608,0,0,56292,4516,1025,0,1,1980,0,0,363891,0,71240
35,0,6,0,0,0,0,0,816597,0,0,0,0,1095,90112,0,0,0,0,0,0,0,0,0,0,0,0,0,0,0,0,0,0,0,56158,0,43,1664,2,1622,0,0,224098,0,73304
35,0,7,0,0,0,0,0,816597,0,0,0,0,1104,90112,0,0,0,0,0,0,0,0,0,0,0,0,0,0,0,0,0,0,0,55125,0,100,553,0,2220,0,0,58282,0,81048
35,0,8,0,0,0,0,0,816597,0,0,0,0,872,90112,0,0,0,0,0,0,0,0,0,0,0,0,0,0,0,0,0,0,0,54992,0,52,0,471,1794,212935,0,0,0,73154
35,0,9,0,0,0,0,0,816597,0,0,0,0,870,90112,0,0,0,0,0,0,0,0,0,0,0,0,0,0,0,0,0,0,0,56279,1625,40,0,2,1254,0,0,51467,0,79038
35,0,10,0,0,0,0,0,816597,0,0,0,0,53,0,0,0,0,0,0,0,0,0,0,0,0,0,0,0,0,0,0,0,0,0,0,82,86,0,124,0,0,0,0,0
35,0,11,0,0,0,0,0,816597,0,0,0,0,47,0,0,0,0,0,0,0,0,0,0,0,0,0,0,0,0,0,0,0,0,0,0,46,45,0,131,0,0,0,0,0
35,0,12,0,0,0,0,0,816597,0,0,0,0,47,0,0,0,0,0,0,0,0,0,0,0,0,0,0,0,0,0,0,0,0,0,0,0,0,45,93,0,0,0,0,0
35,0,13,0,0,0,0,0,816597,0,0,0,0,53,0,0,0,0,0,0,0,0,0,0,0,0,0,0,0,0,0,0,0,0,0,172,0,0,0,111,0,0,0,0,0
35,0,14,0,0,0,0,0,816597,0,0,0,0,47,0,0,0,0,0,0,0,0,0,0,0,0,0,0,0,0,0,0,0,0,0,0,0,86,0,63,0,0,0,0,0
35,0,15,0,0,0,0,0,816597,0,0,0,0,41,0,0,0,0,0,0,0,0,0,0,0,0,0,0,0,0,0,0,0,0,0,0,0,39,0,89,0,0,0,0,0
36,0,0,0,0,0,0,0,1625061,0,0,10106,557056,136,0,0,0,0,0,18879,0,0,0,0,0,0,0,0,10106,10106,0,150736,0,419374,557056,0,2610,0,136,284,0,0,0,0,1314071
36,0,1,0,0,0,0,0,812531,18879,0,0,0,7939,0,0,0,0,0,0,0,0,0,0,0,0,0,0,0,4751,0,74352,0,144014,0,0,868,933,1882,13803,0,0,184536,0,0
36,0,2,0,0,0,0,0,812531,0,0,0,0,735,90112,0,0,0,0,0,0,0,0,0,0,0,0,0,0,0,0,38225,0,74242,55804,0,1280,1124,1991,1502,0,0,131243,0,72549
36,0,3,0,0,0,0,0,812531,0,0,0,0,741,90112,0,0,0,0,0,0,0,0,0,0,0,0,0,0,0,0,36869,0,0,55641,0,637,378,0,1068,0,0,50348,0,75165
36,0,4,0,0,0,0,0,812531,0,0,0,0,757,90112,0,0,0,0,0,0,0,0,0,0,0,0,0,0,0,0,36911,0,0,56697,0,492,0,392,1131,564364,0,0,0,66772
36,0,5,0,0,0,0,0,812531,0,0,0,0,971,90112,0,0,0,0,0,0,0,0,0,0,0,0,0,0,0,0,37559,0,0,56377,4446,1027,0,0,2020,0,0,354911,0,71517
36,0,6,0,0,0,0,0,812531,0,0,0,0,1048,90112,0,0,0,0,0,0,0,0,0,0,0,0,0,0,0,0,0,0,0,55985,0,39,1683,3,1568,0,0,219181,0,74241
36,0,7,0,0,0,0,0,812531,0,0,0,0,1097,90112,0,0,0,0,0,0,0,0,0,0,0,0,0,0,0,0,0,0,0,55245,0,100,537,0,2190,0,0,61794,0,79773
36,0,8,0,0,0,0,0,812531,0,0,0,0,892,90112,0,0,0,0,0,0,0,0,0,0,0,0,0,0,0,0,0,0,0,54972,0,52,0,455,1801,215466,0,0,0,73177
36,0,9,0,0,0,0,0,812531,0,0,0,0,881,90112,0,0,0,0,0,0,0,0,0,0,0,0,0,0,0,0,0,0,0,56225,1640,40,0,0,1267,0,0,50089,0,79517
36,0,10,0,0,0,0,0,812531,0,0,0,0,56,0,0,0,0,0,0,0,0,0,0,0,0,0,0,0,0,0,0,0,0,0,0,86,86,2,127,0,0,0,0,0
36,0,11,0,0,0,0,0,812531,0,0,0,0,50,0,0,0,0,0,0,0,0,0,0,0,0,0,0,0,0,0,0,0,0,0,0,44,42,0,182,0,0,0,0,0
36,0,12,0,0,0,0,0,812531,0,0,0,0,50,0,0,0,0,0,0,0,0,0,0,0,0,0,0,0,0,0,0,0,0,0,0,0,0,42,96,0,0,0,0,0
36,0,13,0,0,0,0,0,812531,0,0,0,0,56,0,0,0,0,0,0,0,0,0,0,0,0,0,0,0,0,0,0,0,0,0,172,0,0,0,114,0,0,0,0,0
36,0,14,0,0,0,0,0,812531,0,0,0,0,50,0,0,0,0,0,0,0,0,0,0,0,0,0,0,0,0,0,0,0,0,0,0,0,86,0,62,0,0,0,0,0
36,0,15,0,0,0,0,0,812531,0,0,0,0,44,0,0,0,0,0,0,0,0,0,0,0,0,0,0,0,0,0,0,0,0,0,0,0,36,0,94,0,0,0,0,0
37,0,0,0,0,0,0,0,1980480,0,0,12310,696320,136,0,0,0,0,0,22197,0,0,0,0,0,0,0,0,12310,12310,0,149032,0,560065,696320,0,2410,0,136,284,0,0,0,0,1663947
37,0,1,0,0,0,0,0,990240,22197,0,0,0,9316,0,0,0,0,0,0,0,0,0,0,0,0,0,0,0,6042,0,73546,0,215976,0,0,973,875,2664,16275,0,0,171782,0,0
37,0,2,0,0,0,0,0,990240,0,0,0,0,615,90112,0,0,0,0,0,0,0,0,0,0,0,0,0,0,0,0,73574,0,109278,55765,0,2218,891,2763,1254,0,0,136262,0,69962
37,0,3,0,0,0,0,0,990240,0,0,0,0,592,90112,0,0,0,0,0,0,0,0,0,0,0,0,0,0,0,0,72449,0,0,55844,0,1076,323,0,889,0,0,40271,0,77039
37,0,4,0,0,0,0,0,990240,0,0,0,0,630,90112,0,0,0,0,0,0,0,0,0,0,0,0,0,0,0,0,37020,0,0,56509,0,510,0,337,929,791523,0,0,0,66085
37,0,5,0,0,0,0,0,990240,0,0,0,0,839,90112,0,0,0,0,0,0,0,0,0,0,0,0,0,0,0,0,37977,0,0,56208,5784,1128,0,1,1724,0,0,502962,0,66102
37,0,6,0,0,0,0,0,990240,0,0,0,0,885,90112,0,0,0,0,0,0,0,0,0,0,0,0,0,0,0,0,38057,0,0,56154,0,592,1363,2,1301,0,0,301836,0,70365
37,0,7,0,0,0,0,0,990240,0,0,0,0,903,90112,0,0,0,0,0,0,0,0,0,0,0,0,0,0,0,0,37768,0,0,55104,0,1223,444,0,1819,0,0,93243,0,79075
37,0,8,0,0,0,0,0,990240,0,0,0,0,872,90112,0,0,0,0,0,0,0,0,0,0,0,0,0,0,0,0,0,0,0,55105,0,52,0,457,1745,699184,0,0,0,65669
37,0,9,0,0,0,0,0,990240,0,0,0,0,1019,90112,0,0,0,0,0,0,0,0,0,0,0,0,0,0,0,0,0,0,0,56107,3416,42,0,0,1532,0,0,552550,0,69388
37,0,10,0,0,0,0,0,990240,0,0,0,0,1179,90112,0,0,0,0,0,0,0,0,0,0,0,0,0,0,0,0,0,0,0,56239,0,88,1723,2,2370,0,0,374871,0,72549
37,0,11,0,0,0,0,0,990240,0,0,0,0,1137,90112,0,0,0,0,0,0,0,0,0,0,0,0,0,0,0,0,0,0,0,56158,0,40,625,0,1378,0,0,117746,0,80202
37,0,12,0,0,0,0,0,990240,0,0,0,0,48,0,0,0,0,0,0,0,0,0,0,0,0,0,0,0,0,0,0,0,0,0,0,0,0,44,94,0,0,0,0,0
37,0,13,0,0,0,0,0,990240,0,0,0,0,53,0,0,0,0,0,0,0,0,0,0,0,0,0,0,0,0,0,0,0,0,0,173,0,0,0,109,0,0,0,0,0
37,0,14,0,0,0,0,0,990240,0,0,0,0,47,0,0,0,0,0,0,0,0,0,0,0,0,0,0,0,0,0,0,0,0,0,0,0,86,0,57,0,0,0,0,0
37,0,15,0,0,0,0,0,990240,0,0,0,0,41,0,0,0,0,0,0,0,0,0,0,0,0,0,0,0,0,0,0,0,0,0,0,0,39,0,97,0,0,0,0,0
38,0,0,0,0,0,0,0,1977568,0,0,12322,696320,136,0,0,0,0,0,22215,0,0,0,0,0,0,0,0,12322,12322,0,149091,0,559929,696320,0,2420,0,136,284,0,0,0,0,1663344
38,0,1,0,0,0,0,0,988784,22215,0,0,0,9344,0,0,0,0,0,0,0,0,0,0,0,0,0,0,0,5876,0,73734,0,215838,0,0,970,846,2680,16243,0,0,171698,0,0
38,0,2,0,0,0,0,0,988784,0,0,0,0,610,90112,0,0,0,0,0,0,0,0,0,0,0,0,0,0,0,0,73503,0,109310,55731,0,2200,923,2779,1243,0,0,134938,0,70691
38,0,3,0,0,0,0,0,988784,0,0,0,0,619,90112,0,0,0,0,0,0,0,0,0,0,0,0,0,0,0,0,72671,0,0,55856,0,1086,296,0,896,0,0,41293,0,77001
38,0,4,0,0,0,0,0,988784,0,0,0,0,645,90112,0,0,0,0,0,0,0,0,0,0,0,0,0,0,0,0,36950,0,0,56532,0,481,0,328,942,790625,0,0,0,66461
38,0,5,0,0,0,0,0,988784,0,0,0,0,839,90112,0,0,0,0,0,0,0,0,0,0,0,0,0,0,0,0,37983,0,0,56154,5824,1155,0,1,1694,0,0,505979,0,66198
38,0,6,0,0,0,0,0,988784,0,0,0,0,887,90112,0,0,0,0,0,0,0,0,0,0,0,0,0,0,0,0,38009,0,0,56118,0,594,1363,2,1321,0,0,303593,0,70669
38,0,7,0,0,0,0,0,988784,0,0,0,0,901,90112,0,0,0,0,0,0,0,0,0,0,0,0,0,0,0,0,37708,0,0,55107,0,1199,452,0,1837,0,0,99356,0,78327
38,0,8,0,0,0,0,0,988784,0,0,0,0,891,90112,0,0,0,0,0,0,0,0,0,0,0,0,0,0,0,0,0,0,0,55065,0,52,0,442,1797,699228,0,0,0,65475
38,0,9,0,0,0,0,0,988784,0,0,0,0,1016,90112,0,0,0,0,0,0,0,0,0,0,0,0,0,0,0,0,0,0,0,56086,3397,40,0,1,1500,0,0,550152,0,69270
38,0,10,0,0,0,0,0,988784,0,0,0,0,1168,90112,0,0,0,0,0,0,0,0,0,0,0,0,0,0,0,0,0,0,0,56238,0,82,1758,2,2361,0,0,373636,0,72278
38,0,11,0,0,0,0,0,988784,0,0,0,0,1165,90112,0,0,0,0,0,0,0,0,0,0,0,0,0,0,0,0,0,0,0,56136,0,45,598,0,2108,0,0,116515,0,80381
38,0,12,0,0,0,0,0,988784,0,0,0,0,47,0,0,0,0,0,0,0,0,0,0,0,0,0,0,0,0,0,0,0,0,0,0,0,0,45,93,0,0,0,0,0
38,0,13,0,0,0,0,0,988784,0,0,0,0,53,0,0,0,0,0,0,0,0,0,0,0,0,0,0,0,0,0,0,0,0,0,172,0,0,0,111,0,0,0,0,0
38,0,14,0,0,0,0,0,988784,0,0,0,0,47,0,0,0,0,0,0,0,0,0,0,0,0,0,0,0,0,0,0,0,0,0,0,0,86,0,63,0,0,0,0,0
38,0,15,0,0,0,0,0,988784,0,0,0,0,41,0,0,0,0,0,0,0,0,0,0,0,0,0,0,0,0,0,0,0,0,0,0,0,39,0,92,0,0,0,0,0
39,0,0,0,0,0,0,0,1979739,0,0,12326,696320,136,0,0,0,0,0,22218,0,0,0,0,0,0,0,0,12326,12326,0,149080,0,559426,696320,0,2410,0,136,284,0,0,0,0,1660734
39,0,1,0,0,0,0,0,989870,22218,0,0,0,9322,0,0,0,0,0,0,0,0,0,0,0,0,0,0,0,5910,0,73573,0,215547,0,0,972,864,2686,16251,0,0,170617,0,0
39,0,2,0,0,0,0,0,989870,0,0,0,0,597,90112,0,0,0,0,0,0,0,0,0,0,0,0,0,0,0,0,73558,0,108833,55632,0,2241,904,2765,1217,0,0,145818,0,67008
39,0,3,0,0,0,0,0,989870,0,0,0,0,586,90112,0,0,0,0,0,0,0,0,0,0,0,0,0,0,0,0,72574,0,0,55996,0,1108,328,0,864,0,0,28768,0,79165
39,0,4,0,0,0,0,0,989870,0,0,0,0,634,90112,0,0,0,0,0,0,0,0,0,0,0,0,0,0,0,0,37138,0,0,56525,0,482,0,335,948,789245,0,0,0,66307
39,0,5,0,0,0,0,0,989870,0,0,0,0,852,90112,0,0,0,0,0,0,0,0,0,0,0,0,0,0,0,0,38033,0,0,56191,5817,1139,0,1,1715,0,0,505726,0,66467
39,0,6,0,0,0,0,0,989870,0,0,0,0,875,90112,0,0,0,0,0,0,0,0,0,0,0,0,0,0,0,0,37925,0,0,56099,0,565,1383,1,1309,0,0,300212,0,71084
39,0,7,0,0,0,0,0,989870,0,0,0,0,904,90112,0,0,0,0,0,0,0,0,0,0,0,0,0,0,0,0,37581,0,0,55205,0,1197,451,0,1829,0,0,102367,0,78275
39,0,8,0,0,0,0,0,989870,0,0,0,0,880,90112,0,0,0,0,0,0,0,0,0,0,0,0,0,0,0,0,0,0,0,55181,0,52,0,447,1779,693984,0,0,0,65632
39,0,9,0,0,0,0,0,989870,0,0,0,0,1037,90112,0,0,0,0,0,0,0,0,0,0,0,0,0,0,0,0,0,0,0,56116,3368,40,0,2,1531,0,0,550663,0,69460
39,0,10,0,0,0,0,0,989870,0,0,0,0,1172,90112,0,0,0,0,0,0,0,0,0,0,0,0,0,0,0,0,0,0,0,56280,0,82,1762,0,2402,0,0,374091,0,72796
39,0,11,0,0,0,0,0,989870,0,0,0,0,1164,90112,0,0,0,0,0,0,0,0,0,0,0,0,0,0,0,0,0,0,0,56206,0,47,605,0,2313,0,0,122189,0,79664
39,0,12,0,0,0,0,0,989870,0,0,0,0,47,0,0,0,0,0,0,0,0,0,0,0,0,0,0,0,0,0,0,0,0,0,0,0,0,45,93,0,0,0,0,0
39,0,13,0,0,0,0,0,989870,0,0,0,0,53,0,0,0,0,0,0,0,0,0,0,0,0,0,0,0,0,0,0,0,0,0,172,0,0,0,111,0,0,0,0,0
39,0,14,0,0,0,0,0,989870,0,0,0,0,47,0,0,0,0,0,0,0,0,0,0,0,0,0,0,0,0,0,0,0,0,0,0,0,86,0,63,0,0,0,0,0
39,0,15,0,0,0,0,0,989870,0,0,0,0,41,0,0,0,0,0,0,0,0,0,0,0,0,0,0,0,0,0,0,0,0,0,0,0,39,0,90,0,0,0,0,0
40,0,0,0,0,0,0,0,2478184,0,0,15630,905216,136,0,0,0,0,0,27192,0,0,0,0,0,0,0,0,15630,15630,0,218895,0,698938,905216,0,3569,0,136,284,0,0,0,0,2151561
40,0,1,0,0,0,0,0,1239092,27192,0,0,0,11529,0,0,0,0,0,0,0,0,0,0,0,0,0,0,0,7933,0,108954,0,249946,0,0,1448,1253,2921,19736,0,0,170123,0,0
40,0,2,0,0,0,0,0,1239092,0,0,0,0,477,90112,0,0,0,0,0,0,0,0,0,0,0,0,0,0,0,0,108728,0,108849,55721,0,3134,727,2489,991,0,0,141099,0,69541
40,0,3,0,0,0,0,0,1239092,0,0,0,0,477,90112,0,0,0,0,0,0,0,0,0,0,0,0,0,0,0,0,72212,0,0,55911,0,978,252,0,698,0,0,34138,0,78511
40,0,4,0,0,0,0,0,1239092,0,0,0,0,512,90112,0,0,0,0,0,0,0,0,0,0,0,0,0,0,0,0,72384,0,0,56420,0,949,0,267,748,1032173,0,0,0,66531
40,0,5,0,0,0,0,0,1239092,0,0,0,0,665,90112,0,0,0,0,0,0,0,0,0,0,0,0,0,0,0,0,73728,0,0,56151,8014,2245,0,1,1349,0,0,530098,0,64674
40,0,6,0,0,0,0,0,1239092,0,0,0,0,725,90112,0,0,0,0,0,0,0,0,0,0,0,0,0,0,0,0,73682,0,0,56218,0,1157,1073,1,1067,0,0,318730,0,68503
40,0,7,0,0,0,0,0,1239092,0,0,0,0,714,90112,0,0,0,0,0,0,0,0,0,0,0,0,0,0,0,0,37944,0,0,55217,0,1228,371,0,1462,0,0,112750,0,75770
40,0,8,0,0,0,0,0,1239092,0,0,0,0,784,90112,0,0,0,0,0,0,0,0,0,0,0,0,0,0,0,0,37844,0,0,55346,0,1041,0,407,1576,1046097,0,0,0,63869
40,0,9,0,0,0,0,0,1239092,0,0,0,0,1032,90112,0,0,0,0,0,0,0,0,0,0,0,0,0,0,0,0,37936,0,0,56247,5406,611,0,1,1526,0,0,818061,0,66650
40,0,10,0,0,0,0,0,1239092,0,0,0,0,1181,90112,0,0,0,0,0,0,0,0,0,0,0,0,0,0,0,0,38004,0,0,56322,0,1217,1752,2,2347,0,0,526497,0,72772
40,0,11,0,0,0,0,0,1239092,0,0,0,0,1172,90112,0,0,0,0,0,0,0,0,0,0,0,0,0,0,0,0,0,0,0,56153,0,43,591,0,2670,0,0,198855,0,79236
40,0,12,0,0,0,0,0,1239092,0,0,0,0,1060,90112,0,0,0,0,0,0,0,0,0,0,0,0,0,0,0,0,0,0,0,56285,0,0,0,515,1602,813854,0,0,0,67067
40,0,13,0,0,0,0,0,1239092,0,0,0,0,1171,90112,0,0,0,0,0,0,0,0,0,0,0,0,0,0,0,0,0,0,0,56092,2864,0,0,0,2329,0,0,526373,0,72637
40,0,14,0,0,0,0,0,1239092,0,0,0,0,1175,90112,0,0,0,0,0,0,0,0,0,0,0,0,0,0,0,0,0,0,0,56175,0,0,626,3,1727,0,0,191156,0,79763
40,0,15,0,0,0,0,0,1239092,0,0,0,0,41,0,0,0,0,0,0,0,0,0,0,0,0,0,0,0,0,0,0,0,0,0,0,0,39,0,94,0,0,0,0,0
41,0,0,0,0,0,0,0,2474815,0,0,15658,905216,136,0,0,0,0,0,27235,0,0,0,0,0,0,0,0,15658,15658,0,219127,0,699069,905216,0,3577,0,136,284,0,0,0,0,2147210
41,0,1,0,0,0,0,0,1237408,27234,0,0,0,11632,0,0,0,0,0,0,0,0,0,0,0,0,0,0,0,7657,0,109005,0,250118,0,0,1400,1222,2925,19897,0,0,173518,0,0
41,0,2,0,0,0,0,0,1237408,0,0,0,0,478,90112,0,0,0,0,0,0,0,0,0,0,0,0,0,0,0,0,108816,0,109113,55736,0,3156,708,2493,975,0,0,139051,0,70513
41,0,3,0,0,0,0,0,1237408,0,0,0,0,458,90112,0,0,0,0,0,0,0,0,0,0,0,0,0,0,0,0,72216,0,0,55845,0,987,271,0,672,0,0,38503,0,77851
41,0,4,0,0,0,0,0,1237408,0,0,0,0,492,90112,0,0,0,0,0,0,0,0,0,0,0,0,0,0,0,0,72481,0,0,56419,0,912,0,287,735,1029774,0,0,0,66578
41,0,5,0,0,0,0,0,1237408,0,0,0,0,674,90112,0,0,0,0,0,0,0,0,0,0,0,0,0,0,0,0,73862,0,0,56197,8003,2293,0,0,1364,0,0,531381,0,64836
41,0,6,0,0,0,0,0,1237408,0,0,0,0,716,90112,0,0,0,0,0,0,0,0,0,0,0,0,0,0,0,0,73897,0,0,56187,0,1152,1085,2,1049,0,0,319104,0,68380
41,0,7,0,0,0,0,0,1237408,0,0,0,0,713,90112,0,0,0,0,0,0,0,0,0,0,0,0,0,0,0,0,37978,0,0,55277,0,1202,376,0,1483,0,0,111261,0,75899
41,0,8,0,0,0,0,0,1237408,0,0,0,0,777,90112,0,0,0,0,0,0,0,0,0,0,0,0,0,0,0,0,37949,0,0,55348,0,1077,0,420,1578,1044284,0,0,0,63928
41,0,9,0,0,0,0,0,1237408,0,0,0,0,1050,90112,0,0,0,0,0,0,0,0,0,0,0,0,0,0,0,0,38089,0,0,56233,5405,567,0,0,1544,0,0,807836,0,67010
41,0,10,0,0,0,0,0,1237408,0,0,0,0,1176,90112,0,0,0,0,0,0,0,0,0,0,0,0,0,0,0,0,37987,0,0,56171,0,1214,1758,2,2354,0,0,515463,0,73234
41,0,11,0,0,0,0,0,1237408,0,0,0,0,1169,90112,0,0,0,0,0,0,0,0,0,0,0,0,0,0,0,0,0,0,0,56210,0,46,595,0,2675,0,0,192385,0,79422
41,0,12,0,0,0,0,0,1237408,0,0,0,0,1050,90112,0,0,0,0,0,0,0,0,0,0,0,0,0,0,0,0,0,0,0,56295,0,0,0,527,1558,813231,0,0,0,66703
41,0,13,0,0,0,0,0,1237408,0,0,0,0,1150,90112,0,0,0,0,0,0,0,0,0,0,0,0,0,0,0,0,0,0,0,56165,2847,0,0,1,2354,0,0,521333,0,72254
41,0,14,0,0,0,0,0,1237408,0,0,0,0,1147,90112,0,0,0,0,0,0,0,0,0,0,0,0,0,0,0,0,0,0,0,56188,0,0,657,1,1704,0,0,192610,0,79384
41,0,15,0,0,0,0,0,1237408,0,0,0,0,41,0,0,0,0,0,0,0,0,0,0,0,0,0,0,0,0,0,0,0,0,0,0,0,39,0,93,0,0,0,0,0
42,0,0,0,0,0,0,0,2476846,0,0,15658,905216,136,0,0,0,0,0,27237,0,0,0,0,0,0,0,0,15658,15658,0,219170,0,698870,905216,0,3581,0,136,284,0,0,0,0,2153970
42,0,1,0,0,0,0,0,1238423,27237,0,0,0,11612,0,0,0,0,0,0,0,0,0,0,0,0,0,0,0,7624,0,108616,0,250149,0,0,1420,1238,2909,19932,0,0,170184,0,0
42,0,2,0,0,0,0,0,1238423,0,0,0,0,482,90112,0,0,0,0,0,0,0,0,0,0,0,0,0,0,0,0,108736,0,109024,55825,0,3162,700,2494,980,0,0,136220,0,70558
42,0,3,0,0,0,0,0,1238423,0,0,0,0,456,90112,0,0,0,0,0,0,0,0,0,0,0,0,0,0,0,0,72275,0,0,55904,0,974,273,0,680,0,0,37929,0,77849
42,0,4,0,0,0,0,0,1238423,0,0,0,0,523,90112,0,0,0,0,0,0,0,0,0,0,0,0,0,0,0,0,72340,0,0,56424,0,925,0,256,769,1032978,0,0,0,66427
42,0,5,0,0,0,0,0,1238423,0,0,0,0,665,90112,0,0,0,0,0,0,0,0,0,0,0,0,0,0,0,0,73769,0,0,56144,7956,2278,0,1,1354,0,0,528696,0,64859
42,0,6,0,0,0,0,0,1238423,0,0,0,0,711,90112,0,0,0,0,0,0,0,0,0,0,0,0,0,0,0,0,73841,0,0,56180,0,1141,1083,1,1045,0,0,318222,0,67860
42,0,7,0,0,0,0,0,1238423,0,0,0,0,706,90112,0,0,0,0,0,0,0,0,0,0,0,0,0,0,0,0,37904,0,0,55258,0,1238,383,0,1452,0,0,107340,0,76151
42,0,8,0,0,0,0,0,1238423,0,0,0,0,809,90112,0,0,0,0,0,0,0,0,0,0,0,0,0,0,0,0,37833,0,0,55411,0,1055,0,390,1623,1048958,0,0,0,63960
42,0,9,0,0,0,0,0,1238423,0,0,0,0,1021,90112,0,0,0,0,0,0,0,0,0,0,0,0,0,0,0,0,37902,0,0,56218,5495,591,0,1,1512,0,0,822045,0,66924
42,0,10,0,0,0,0,0,1238423,0,0,0,0,1156,90112,0,0,0,0,0,0,0,0,0,0,0,0,0,0,0,0,37938,0,0,56249,0,1214,1761,1,2341,0,0,521770,0,72750
42,0,11,0,0,0,0,0,1238423,0,0,0,0,1154,90112,0,0,0,0,0,0,0,0,0,0,0,0,0,0,0,0,0,0,0,56220,0,46,608,0,2647,0,0,191598,0,79219
42,0,12,0,0,0,0,0,1238423,0,0,0,0,1040,90112,0,0,0,0,0,0,0,0,0,0,0,0,0,0,0,0,0,0,0,56296,0,0,0,539,1572,819859,0,0,0,66979
42,0,13,0,0,0,0,0,1238423,0,0,0,0,1178,90112,0,0,0,0,0,0,0,0,0,0,0,0,0,0,0,0,0,0,0,56171,2816,0,0,0,2356,0,0,525092,0,72344
42,0,14,0,0,0,0,0,1238423,0,0,0,0,1154,90112,0,0,0,0,0,0,0,0,0,0,0,0,0,0,0,0,0,0,0,56196,0,0,647,3,1709,0,0,192155,0,79878
42,0,15,0,0,0,0,0,1238423,0,0,0,0,41,0,0,0,0,0,0,0,0,0,0,0,0,0,0,0,0,0,0,0,0,0,0,0,39,0,91,0,0,0,0,0
43,0,0,0,0,0,0,0,631644,0,0,4098,67584,136,0,0,0,0,0,9822,0,0,0,0,0,0,0,0,4098,4098,0,0,0,87313,67584,0,294,0,136,284,0,0,0,0,77824
43,0,1,0,0,0,0,0,315822,9822,0,0,0,3236,0,0,0,0,0,0,0,0,0,0,0,0,0,0,0,1407,0,0,0,51921,0,0,79,173,2119,6115,0,0,77824,0,0
43,0,2,0,0,0,0,0,315822,0,0,0,0,2197,77824,0,0,0,0,0,0,0,0,0,0,0,0,0,0,0,0,0,0,0,59968,0,246,2039,275,4428,0,0,0,0,77824
43,0,3,0,0,0,0,0,315822,0,0,0,0,47,0,0,0,0,0,0,0,0,0,0,0,0,0,0,0,0,0,0,0,0,0,0,98,45,0,55,0,0,0,0,0
43,0,4,0,0,0,0,0,315822,0,0,0,0,47,0,0,0,0,0,0,0,0,0,0,0,0,0,0,0,0,0,0,0,0,0,0,87,0,45,66,0,0,0,0,0
43,0,5,0,0,0,0,0,315822,0,0,0,0,47,0,0,0,0,0,0,0,0,0,0,0,0,0,0,0,0,0,0,0,0,0,522,150,0,0,112,0,0,0,0,0
43,0,6,0,0,0,0,0,315822,0,0,0,0,47,0,0,0,0,0,0,0,0,0,0,0,0,0,0,0,0,0,0,0,0,0,0,43,98,0,52,0,0,0,0,0
43,0,7,0,0,0,0,0,315822,0,0,0,0,53,0,0,0,0,0,0,0,0,0,0,0,0,0,0,0,0,0,0,0,0,0,0,98,39,0,140,0,0,0,0,0
43,0,8,0,0,0,0,0,315822,0,0,0,0,53,0,0,0,0,0,0,0,0,0,0,0,0,0,0,0,0,0,0,0,0,0,0,52,0,39,110,0,0,0,0,0
43,0,9,0,0,0,0,0,315822,0,0,0,0,47,0,0,0,0,0,0,0,0,0,0,0,0,0,0,0,0,0,0,0,0,0,380,40,0,0,53,0,0,0,0,0
43,0,10,0,0,0,0,0,315822,0,0,0,0,53,0,0,0,0,0,0,0,0,0,0,0,0,0,0,0,0,0,0,0,0,0,0,82,86,0,124,0,0,0,0,0
43,0,11,0,0,0,0,0,315822,0,0,0,0,47,0,0,0,0,0,0,0,0,0,0,0,0,0,0,0,0,0,0,0,0,0,0,41,45,0,131,0,0,0,0,0
43,0,12,0,0,0,0,0,315822,0,0,0,0,47,0,0,0,0,0,0,0,0,0,0,0,0,0,0,0,0,0,0,0,0,0,0,0,0,45,93,0,0,0,0,0
43,0,13,0,0,0,0,0,315822,0,0,0,0,53,0,0,0,0,0,0,0,0,0,0,0,0,0,0,0,0,0,0,0,0,0,172,0,0,0,111,0,0,0,0,0
43,0,14,0,0,0,0,0,315822,0,0,0,0,47,0,0,0,0,0,0,0,0,0,0,0,0,0,0,0,0,0,0,0,0,0,0,0,86,0,63,0,0,0,0,0
43,0,15,0,0,0,0,0,315822,0,0,0,0,41,0,0,0,0,0,0,0,0,0,0,0,0,0,0,0,0,0,0,0,0,0,0,0,39,0,87,0,0,0,0,0
44,0,0,0,0,0,0,0,631689,0,0,4098,67584,136,0,0,0,0,0,9825,0,0,0,0,0,0,0,0,4098,4098,0,0,0,87407,67584,0,294,0,136,284,0,0,0,0,77824
44,0,1,0,0,0,0,0,315845,9825,0,0,0,3236,0,0,0,0,0,0,0,0,0,0,0,0,0,0,0,1488,0,0,0,52083,0,0,79,173,2119,6115,0,0,77824,0,0
44,0,2,0,0,0,0,0,315845,0,0,0,0,2197,77824,0,0,0,0,0,0,0,0,0,0,0,0,0,0,0,0,0,0,0,59900,0,246,2039,275,4428,0,0,0,0,77824
44,0,3,0,0,0,0,0,315845,0,0,0,0,47,0,0,0,0,0,0,0,0,0,0,0,0,0,0,0,0,0,0,0,0,0,0,98,45,0,55,0,0,0,0,0
44,0,4,0,0,0,0,0,315845,0,0,0,0,47,0,0,0,0,0,0,0,0,0,0,0,0,0,0,0,0,0,0,0,0,0,0,87,0,45,66,0,0,0,0,0
44,0,5,0,0,0,0,0,315845,0,0,0,0,47,0,0,0,0,0,0,0,0,0,0,0,0,0,0,0,0,0,0,0,0,0,522,150,0,0,112,0,0,0,0,0
44,0,6,0,0,0,0,0,315845,0,0,0,0,47,0,0,0,0,0,0,0,0,0,0,0,0,0,0,0,0,0,0,0,0,0,0,43,98,0,52,0,0,0,0,0
44,0,7,0,0,0,0,0,315845,0,0,0,0,53,0,0,0,0,0,0,0,0,0,0,0,0,0,0,0,0,0,0,0,0,0,0,98,39,0,140,0,0,0,0,0
44,0,8,0,0,0,0,0,315845,0,0,0,0,53,0,0,0,0,0,0,0,0,0,0,0,0,0,0,0,0,0,0,0,0,0,0,52,0,39,110,0,0,0,0,0
44,0,9,0,0,0,0,0,315845,0,0,0,0,47,0,0,0,0,0,0,0,0,0,0,0,0,0,0,0,0,0,0,0,0,0,380,40,0,0,53,0,0,0,0,0
44,0,10,0,0,0,0,0,315845,0,0,0,0,53,0,0,0,0,0,0,0,0,0,0,0,0,0,0,0,0,0,0,0,0,0,0,82,86,0,124,0,0,0,0,0
44,0,11,0,0,0,0,0,315845,0,0,0,0,47,0,0,0,0,0,0,0,0,0,0,0,0,0,0,0,0,0,0,0,0,0,0,41,45,0,131,0,0,0,0,0
44,0,12,0,0,0,0,0,315845,0,0,0,0,47,0,0,0,0,0,0,0,0,0,0,0,0,0,0,0,0,0,0,0,0,0,0,0,0,45,93,0,0,0,0,0
44,0,13,0,0,0,0,0,315845,0,0,0,0,53,0,0,0,0,0,0,0,0,0,0,0,0,0,0,0,0,0,0,0,0,0,172,0,0,0,111,0,0,0,0,0
44,0,14,0,0,0,0,0,315845,0,0,0,0,47,0,0,0,0,0,0,0,0,0,0,0,0,0,0,0,0,0,0,0,0,0,0,0,86,0,63,0,0,0,0,0
44,0,15,0,0,0,0,0,315845,0,0,0,0,41,0,0,0,0,0,0,0,0,0,0,0,0,0,0,0,0,0,0,0,0,0,0,0,39,0,87,0,0,0,0,0
45,0,0,0,0,0,0,0,631661,0,0,4098,67584,136,0,0,0,0,0,9825,0,0,0,0,0,0,0,0,4098,4098,0,0,0,87301,67584,0,294,0,136,284,0,0,0,0,77824
45,0,1,0,0,0,0,0,315831,9825,0,0,0,3230,0,0,0,0,0,0,0,0,0,0,0,0,0,0,0,1409,0,0,0,51916,0,0,79,173,2125,6102,0,0,77824,0,0
45,0,2,0,0,0,0,0,315831,0,0,0,0,2190,77824,0,0,0,0,0,0,0,0,0,0,0,0,0,0,0,0,0,0,0,59961,0,246,2046,275,4415,0,0,0,0,77824
45,0,3,0,0,0,0,0,315831,0,0,0,0,47,0,0,0,0,0,0,0,0,0,0,0,0,0,0,0,0,0,0,0,0,0,0,98,45,0,55,0,0,0,0,0
45,0,4,0,0,0,0,0,315831,0,0,0,0,47,0,0,0,0,0,0,0,0,0,0,0,0,0,0,0,0,0,0,0,0,0,0,87,0,45,66,0,0,0,0,0
45,0,5,0,0,0,0,0,315831,0,0,0,0,47,0,0,0,0,0,0,0,0,0,0,0,0,0,0,0,0,0,0,0,0,0,522,150,0,0,112,0,0,0,0,0
45,0,6,0,0,0,0,0,315831,0,0,0,0,47,0,0,0,0,0,0,0,0,0,0,0,0,0,0,0,0,0,0,0,0,0,0,43,98,0,52,0,0,0,0,0
45,0,7,0,0,0,0,0,315831,0,0,0,0,53,0,0,0,0,0,0,0,0,0,0,0,0,0,0,0,0,0,0,0,0,0,0,98,39,0,140,0,0,0,0,0
45,0,8,0,0,0,0,0,315831,0,0,0,0,53,0,0,0,0,0,0,0,0,0,0,0,0,0,0,0,0,0,0,0,0,0,0,52,0,39,110,0,0,0,0,0
45,0,9,0,0,0,0,0,315831,0,0,0,0,47,0,0,0,0,0,0,0,0,0,0,0,0,0,0,0,0,0,0,0,0,0,380,40,0,0,53,0,0,0,0,0
45,0,10,0,0,0,0,0,315831,0,0,0,0,53,0,0,0,0,0,0,0,0,0,0,0,0,0,0,0,0,0,0,0,0,0,0,82,86,0,124,0,0,0,0,0
45,0,11,0,0,0,0,0,315831,0,0,0,0,47,0,0,0,0,0,0,0,0,0,0,0,0,0,0,0,0,0,0,0,0,0,0,41,45,0,131,0,0,0,0,0
45,0,12,0,0,0,0,0,315831,0,0,0,0,47,0,0,0,0,0,0,0,0,0,0,0,0,0,0,0,0,0,0,0,0,0,0,0,0,45,93,0,0,0,0,0
45,0,13,0,0,0,0,0,315831,0,0,0,0,53,0,0,0,0,0,0,0,0,0,0,0,0,0,0,0,0,0,0,0,0,0,172,0,0,0,111,0,0,0,0,0
45,0,14,0,0,0,0,0,315831,0,0,0,0,47,0,0,0,0,0,0,0,0,0,0,0,0,0,0,0,0,0,0,0,0,0,0,0,86,0,63,0,0,0,0,0
45,0,15,0,0,0,0,0,315831,0,0,0,0,41,0,0,0,0,0,0,0,0,0,0,0,0,0,0,0,0,0,0,0,0,0,0,0,39,0,87,0,0,0,0,0
46,0,0,0,0,0,0,0,690020,0,0,4104,135168,136,0,0,0,0,0,9840,0,0,0,0,0,0,0,0,4104,4104,0,0,0,188449,135168,0,294,0,136,284,0,0,0,0,155648
46,0,1,0,0,0,0,0,345010,9840,0,0,0,4369,0,0,0,0,0,0,0,0,0,0,0,0,0,0,0,3194,0,0,0,102026,0,0,79,173,993,7149,0,0,83727,0,0
46,0,2,0,0,0,0,0,345010,0,0,0,0,1260,77824,0,0,0,0,0,0,0,0,0,0,0,0,0,0,0,0,0,0,53156,61090,0,246,2142,1911,2989,0,0,71921,0,77824
46,0,3,0,0,0,0,0,345010,0,0,0,0,1261,77824,0,0,0,0,0,0,0,0,0,0,0,0,0,0,0,0,0,0,0,61364,0,97,882,0,1687,0,0,1972,0,77824
46,0,4,0,0,0,0,0,345010,0,0,0,0,47,0,0,0,0,0,0,0,0,0,0,0,0,0,0,0,0,0,0,0,0,0,0,87,0,45,66,0,0,0,0,0
46,0,5,0,0,0,0,0,345010,0,0,0,0,47,0,0,0,0,0,0,0,0,0,0,0,0,0,0,0,0,0,0,0,0,0,522,150,0,0,112,0,0,0,0,0
46,0,6,0,0,0,0,0,345010,0,0,0,0,47,0,0,0,0,0,0,0,0,0,0,0,0,0,0,0,0,0,0,0,0,0,0,43,98,0,52,0,0,0,0,0
46,0,7,0,0,0,0,0,345010,0,0,0,0,53,0,0,0,0,0,0,0,0,0,0,0,0,0,0,0,0,0,0,0,0,0,0,100,39,0,140,0,0,0,0,0
46,0,8,0,0,0,0,0,345010,0,0,0,0,53,0,0,0,0,0,0,0,0,0,0,0,0,0,0,0,0,0,0,0,0,0,0,52,0,39,110,0,0,0,0,0
46,0,9,0,0,0,0,0,345010,0,0,0,0,47,0,0,0,0,0,0,0,0,0,0,0,0,0,0,0,0,0,0,0,0,0,380,40,0,0,53,0,0,0,0,0
46,0,10,0,0,0,0,0,345010,0,0,0,0,53,0,0,0,0,0,0,0,0,0,0,0,0,0,0,0,0,0,0,0,0,0,0,82,86,0,124,0,0,0,0,0
46,0,11,0,0,0,0,0,345010,0,0,0,0,47,0,0,0,0,0,0,0,0,0,0,0,0,0,0,0,0,0,0,0,0,0,0,40,45,0,131,0,0,0,0,0
46,0,12,0,0,0,0,0,345010,0,0,0,0,47,0,0,0,0,0,0,0,0,0,0,0,0,0,0,0,0,0,0,0,0,0,0,0,0,45,93,0,0,0,0,0
46,0,13,0,0,0,0,0,345010,0,0,0,0,53,0,0,0,0,0,0,0,0,0,0,0,0,0,0,0,0,0,0,0,0,0,172,0,0,0,111,0,0,0,0,0
46,0,14,0,0,0,0,0,345010,0,0,0,0,47,0,0,0,0,0,0,0,0,0,0,0,0,0,0,0,0,0,0,0,0,0,0,0,86,0,63,0,0,0,0,0
46,0,15,0,0,0,0,0,345010,0,0,0,0,41,0,0,0,0,0,0,0,0,0,0,0,0,0,0,0,0,0,0,0,0,0,0,0,39,0,89,0,0,0,0,0
47,0,0,0,0,0,0,0,690007,0,0,4104,135168,136,0,0,0,0,0,9841,0,0,0,0,0,0,0,0,4104,4104,0,0,0,188482,135168,0,294,0,136,284,0,0,0,0,155648
47,0,1,0,0,0,0,0,345004,9840,0,0,0,4366,0,0,0,0,0,0,0,0,0,0,0,0,0,0,0,3204,0,0,0,102047,0,0,79,173,996,7141,0,0,83715,0,0
47,0,2,0,0,0,0,0,345004,0,0,0,0,1256,77824,0,0,0,0,0,0,0,0,0,0,0,0,0,0,0,0,0,0,53155,61107,0,246,2147,1911,2981,0,0,71933,0,77824
47,0,3,0,0,0,0,0,345004,0,0,0,0,1261,77824,0,0,0,0,0,0,0,0,0,0,0,0,0,0,0,0,0,0,0,61359,0,98,882,0,1686,0,0,1967,0,77824
47,0,4,0,0,0,0,0,345004,0,0,0,0,47,0,0,0,0,0,0,0,0,0,0,0,0,0,0,0,0,0,0,0,0,0,0,87,0,45,66,0,0,0,0,0
47,0,5,0,0,0,0,0,345004,0,0,0,0,47,0,0,0,0,0,0,0,0,0,0,0,0,0,0,0,0,0,0,0,0,0,522,150,0,0,112,0,0,0,0,0
47,0,6,0,0,0,0,0,345004,0,0,0,0,47,0,0,0,0,0,0,0,0,0,0,0,0,0,0,0,0,0,0,0,0,0,0,43,98,0,52,0,0,0,0,0
47,0,7,0,0,0,0,0,345004,0,0,0,0,53,0,0,0,0,0,0,0,0,0,0,0,0,0,0,0,0,0,0,0,0,0,0,99,39,0,140,0,0,0,0,0
47,0,8,0,0,0,0,0,345004,0,0,0,0,53,0,0,0,0,0,0,0,0,0,0,0,0,0,0,0,0,0,0,0,0,0,0,52,0,39,110,0,0,0,0,0
47,0,9,0,0,0,0,0,345004,0,0,0,0,47,0,0,0,0,0,0,0,0,0,0,0,0,0,0,0,0,0,0,0,0,0,380,40,0,0,53,0,0,0,0,0
47,0,10,0,0,0,0,0,345004,0,0,0,0,53,0,0,0,0,0,0,0,0,0,0,0,0,0,0,0,0,0,0,0,0,0,0,82,86,0,124,0,0,0,0,0
47,0,11,0,0,0,0,0,345004,0,0,0,0,47,0,0,0,0,0,0,0,0,0,0,0,0,0,0,0,0,0,0,0,0,0,0,41,45,0,147,0,0,0,0,0
47,0,12,0,0,0,0,0,345004,0,0,0,0,47,0,0,0,0,0,0,0,0,0,0,0,0,0,0,0,0,0,0,0,0,0,0,0,0,45,93,0,0,0,0,0
47,0,13,0,0,0,0,0,345004,0,0,0,0,53,0,0,0,0,0,0,0,0,0,0,0,0,0,0,0,0,0,0,0,0,0,172,0,0,0,111,0,0,0,0,0
47,0,14,0,0,0,0,0,345004,0,0,0,0,47,0,0,0,0,0,0,0,0,0,0,0,0,0,0,0,0,0,0,0,0,0,0,0,86,0,63,0,0,0,0,0
47,0,15,0,0,0,0,0,345004,0,0,0,0,41,0,0,0,0,0,0,0,0,0,0,0,0,0,0,0,0,0,0,0,0,0,0,0,39,0,88,0,0,0,0,0
48,0,0,0,0,0,0,0,689805,0,0,4104,135168,136,0,0,0,0,0,9837,0,0,0,0,0,0,0,0,4104,4104,0,0,0,188340,135168,0,294,0,136,284,0,0,0,0,155648
48,0,1,0,0,0,0,0,344903,9837,0,0,0,4371,0,0,0,0,0,0,0,0,0,0,0,0,0,0,0,3240,0,0,0,101984,0,0,79,173,991,7154,0,0,83724,0,0
48,0,2,0,0,0,0,0,344903,0,0,0,0,1260,77824,0,0,0,0,0,0,0,0,0,0,0,0,0,0,0,0,0,0,53153,61057,0,246,2139,1911,2991,0,0,71924,0,77824
48,0,3,0,0,0,0,0,344903,0,0,0,0,1258,77824,0,0,0,0,0,0,0,0,0,0,0,0,0,0,0,0,0,0,0,61362,0,97,885,0,1684,0,0,1970,0,77824
48,0,4,0,0,0,0,0,344903,0,0,0,0,47,0,0,0,0,0,0,0,0,0,0,0,0,0,0,0,0,0,0,0,0,0,0,87,0,45,66,0,0,0,0,0
48,0,5,0,0,0,0,0,344903,0,0,0,0,47,0,0,0,0,0,0,0,0,0,0,0,0,0,0,0,0,0,0,0,0,0,522,150,0,0,112,0,0,0,0,0
48,0,6,0,0,0,0,0,344903,0,0,0,0,47,0,0,0,0,0,0,0,0,0,0,0,0,0,0,0,0,0,0,0,0,0,0,43,98,0,52,0,0,0,0,0
48,0,7,0,0,0,0,0,344903,0,0,0,0,53,0,0,0,0,0,0,0,0,0,0,0,0,0,0,0,0,0,0,0,0,0,0,100,39,0,140,0,0,0,0,0
48,0,8,0,0,0,0,0,344903,0,0,0,0,53,0,0,0,0,0,0,0,0,0,0,0,0,0,0,0,0,0,0,0,0,0,0,52,0,39,110,0,0,0,0,0
48,0,9,0,0,0,0,0,344903,0,0,0,0,47,0,0,0,0,0,0,0,0,0,0,0,0,0,0,0,0,0,0,0,0,0,380,40,0,0,53,0,0,0,0,0
48,0,10,0,0,0,0,0,344903,0,0,0,0,53,0,0,0,0,0,0,0,0,0,0,0,0,0,0,0,0,0,0,0,0,0,0,82,86,0,124,0,0,0,0,0
48,0,11,0,0,0,0,0,344903,0,0,0,0,47,0,0,0,0,0,0,0,0,0,0,0,0,0,0,0,0,0,0,0,0,0,0,40,45,0,131,0,0,0,0,0
48,0,12,0,0,0,0,0,344903,0,0,0,0,47,0,0,0,0,0,0,0,0,0,0,0,0,0,0,0,0,0,0,0,0,0,0,0,0,45,93,0,0,0,0,0
48,0,13,0,0,0,0,0,344903,0,0,0,0,53,0,0,0,0,0,0,0,0,0,0,0,0,0,0,0,0,0,0,0,0,0,172,0,0,0,111,0,0,0,0,0
48,0,14,0,0,0,0,0,344903,0,0,0,0,47,0,0,0,0,0,0,0,0,0,0,0,0,0,0,0,0,0,0,0,0,0,0,0,86,0,63,0,0,0,0,0
48,0,15,0,0,0,0,0,344903,0,0,0,0,41,0,0,0,0,0,0,0,0,0,0,0,0,0,0,0,0,0,0,0,0,0,0,0,39,0,89,0,0,0,0,0
49,0,0,0,0,0,0,0,726453,0,0,4106,270336,136,0,0,0,0,0,9855,0,0,0,0,0,0,0,0,4106,4106,0,104920,0,260967,270336,0,1321,0,136,284,0,0,0,0,367120
49,0,1,0,0,0,0,0,363226,9855,0,0,0,3288,0,0,0,0,0,0,0,0,0,0,0,0,0,0,0,1823,0,51202,0,97247,0,0,591,659,1080,5985,0,0,83496,0,0
49,0,2,0,0,0,0,0,363226,0,0,0,0,661,77824,0,0,0,0,0,0,0,0,0,0,0,0,0,0,0,0,0,0,50526,59973,0,246,1160,910,1254,0,0,100337,0,69716
49,0,3,0,0,0,0,0,363226,0,0,0,0,705,77824,0,0,0,0,0,0,0,0,0,0,0,0,0,0,0,0,0,0,0,60754,0,98,413,0,1108,0,0,1,0,77824
49,0,4,0,0,0,0,0,363226,0,0,0,0,702,77824,0,0,0,0,0,0,0,0,0,0,0,0,0,0,0,0,0,0,0,60984,0,87,0,415,1207,77975,0,0,0,69453
49,0,5,0,0,0,0,0,363226,0,0,0,0,663,77824,0,0,0,0,0,0,0,0,0,0,0,0,0,0,0,0,0,0,0,61438,1585,150,0,1,1243,0,0,14146,0,70620
49,0,6,0,0,0,0,0,363226,0,0,0,0,47,0,0,0,0,0,0,0,0,0,0,0,0,0,0,0,0,0,0,0,0,0,0,43,98,1,52,0,0,0,0,0
49,0,7,0,0,0,0,0,363226,0,0,0,0,53,0,0,0,0,0,0,0,0,0,0,0,0,0,0,0,0,0,0,0,0,0,0,100,39,0,140,0,0,0,0,0
49,0,8,0,0,0,0,0,363226,0,0,0,0,53,0,0,0,0,0,0,0,0,0,0,0,0,0,0,0,0,0,0,0,0,0,0,52,0,39,110,0,0,0,0,0
49,0,9,0,0,0,0,0,363226,0,0,0,0,47,0,0,0,0,0,0,0,0,0,0,0,0,0,0,0,0,0,0,0,0,0,380,40,0,0,53,0,0,0,0,0
49,0,10,0,0,0,0,0,363226,0,0,0,0,53,0,0,0,0,0,0,0,0,0,0,0,0,0,0,0,0,0,0,0,0,0,0,82,86,0,124,0,0,0,0,0
49,0,11,0,0,0,0,0,363226,0,0,0,0,47,0,0,0,0,0,0,0,0,0,0,0,0,0,0,0,0,0,0,0,0,0,0,42,45,0,4294967171,0,0,0,0,0
49,0,12,0,0,0,0,0,363226,0,0,0,0,47,0,0,0,0,0,0,0,0,0,0,0,0,0,0,0,0,0,0,0,0,0,0,0,0,45,93,0,0,0,0,0
49,0,13,0,0,0,0,0,363226,0,0,0,0,53,0,0,0,0,0,0,0,0,0,0,0,0,0,0,0,0,0,0,0,0,0,172,0,0,0,111,0,0,0,0,0
49,0,14,0,0,0,0,0,363226,0,0,0,0,47,0,0,0,0,0,0,0,0,0,0,0,0,0,0,0,0,0,0,0,0,0,0,0,86,0,63,0,0,0,0,0
49,0,15,0,0,0,0,0,363226,0,0,0,0,41,0,0,0,0,0,0,0,0,0,0,0,0,0,0,0,0,0,0,0,0,0,0,0,39,0,89,0,0,0,0,0
50,0,0,0,0,0,0,0,727102,0,0,4112,270336,136,0,0,0,0,0,9861,0,0,0,0,0,0,0,0,4112,4112,0,103223,0,261899,270336,0,1323,0,136,284,0,0,0,0,347126
50,0,1,0,0,0,0,0,363551,9861,0,0,0,4173,0,0,0,0,0,0,0,0,0,0,0,0,0,0,0,1728,0,53184,0,95008,0,0,524,177,750,6950,0,0,114078,0,0
50,0,2,0,0,0,0,0,363551,0,0,0,0,819,77824,0,0,0,0,0,0,0,0,0,0,0,0,0,0,0,0,0,0,50700,61058,0,246,1118,799,1854,0,0,74483,0,77751
50,0,3,0,0,0,0,0,363551,0,0,0,0,819,77824,0,0,0,0,0,0,0,0,0,0,0,0,0,0,0,0,0,0,0,61432,0,98,300,0,1332,0,0,23030,0,72203
50,0,4,0,0,0,0,0,363551,0,0,0,0,821,77824,0,0,0,0,0,0,0,0,0,0,0,0,0,0,0,0,0,0,0,59433,0,87,0,298,844,73984,0,0,0,72028
50,0,5,0,0,0,0,0,363551,0,0,0,0,815,77824,0,0,0,0,0,0,0,0,0,0,0,0,0,0,0,0,0,0,0,61424,1553,150,0,2,1464,0,0,10179,0,71768
50,0,6,0,0,0,0,0,363551,0,0,0,0,47,0,0,0,0,0,0,0,0,0,0,0,0,0,0,0,0,0,0,0,0,0,0,43,98,0,52,0,0,0,0,0
50,0,7,0,0,0,0,0,363551,0,0,0,0,53,0,0,0,0,0,0,0,0,0,0,0,0,0,0,0,0,0,0,0,0,0,0,101,39,0,140,0,0,0,0,0
50,0,8,0,0,0,0,0,363551,0,0,0,0,53,0,0,0,0,0,0,0,0,0,0,0,0,0,0,0,0,0,0,0,0,0,0,52,0,39,110,0,0,0,0,0
50,0,9,0,0,0,0,0,363551,0,0,0,0,47,0,0,0,0,0,0,0,0,0,0,0,0,0,0,0,0,0,0,0,0,0,380,40,0,0,53,0,0,0,0,0
50,0,10,0,0,0,0,0,363551,0,0,0,0,53,0,0,0,0,0,0,0,0,0,0,0,0,0,0,0,0,0,0,0,0,0,0,82,86,0,124,0,0,0,0,0
50,0,11,0,0,0,0,0,363551,0,0,0,0,47,0,0,0,0,0,0,0,0,0,0,0,0,0,0,0,0,0,0,0,0,0,0,41,45,0,147,0,0,0,0,0
50,0,12,0,0,0,0,0,363551,0,0,0,0,47,0,0,0,0,0,0,0,0,0,0,0,0,0,0,0,0,0,0,0,0,0,0,0,0,45,93,0,0,0,0,0
50,0,13,0,0,0,0,0,363551,0,0,0,0,53,0,0,0,0,0,0,0,0,0,0,0,0,0,0,0,0,0,0,0,0,0,172,0,0,0,111,0,0,0,0,0
50,0,14,0,0,0,0,0,363551,0,0,0,0,47,0,0,0,0,0,0,0,0,0,0,0,0,0,0,0,0,0,0,0,0,0,0,0,86,0,63,0,0,0,0,0
50,0,15,0,0,0,0,0,363551,0,0,0,0,41,0,0,0,0,0,0,0,0,0,0,0,0,0,0,0,0,0,0,0,0,0,0,0,39,0,90,0,0,0,0,0
51,0,0,0,0,0,0,0,728155,0,0,4112,270336,136,0,0,0,0,0,9864,0,0,0,0,0,0,0,0,4112,4112,0,103092,0,267463,270336,0,1323,0,136,284,0,0,0,0,346098
51,0,1,0,0,0,0,0,364078,9864,0,0,0,4149,0,0,0,0,0,0,0,0,0,0,0,0,0,0,0,2168,0,53030,0,96119,0,0,343,437,695,6923,0,0,84766,0,0
51,0,2,0,0,0,0,0,364078,0,0,0,0,816,77824,0,0,0,0,0,0,0,0,0,0,0,0,0,0,0,0,0,0,50623,61437,0,246,1121,924,1781,0,0,91142,0,70604
51,0,3,0,0,0,0,0,364078,0,0,0,0,819,77824,0,0,0,0,0,0,0,0,0,0,0,0,0,0,0,0,0,0,0,61298,0,98,300,0,1207,0,0,91,0,77784
51,0,4,0,0,0,0,0,364078,0,0,0,0,818,77824,0,0,0,0,0,0,0,0,0,0,0,0,0,0,0,0,0,0,0,60587,0,87,0,301,1101,69243,0,0,0,77567
51,0,5,0,0,0,0,0,364078,0,0,0,0,813,77824,0,0,0,0,0,0,0,0,0,0,0,0,0,0,0,0,0,0,0,60684,1553,150,0,1,1643,0,0,23178,0,69050
51,0,6,0,0,0,0,0,364078,0,0,0,0,47,0,0,0,0,0,0,0,0,0,0,0,0,0,0,0,0,0,0,0,0,0,0,43,98,1,52,0,0,0,0,0
51,0,7,0,0,0,0,0,364078,0,0,0,0,53,0,0,0,0,0,0,0,0,0,0,0,0,0,0,0,0,0,0,0,0,0,0,100,39,0,140,0,0,0,0,0
51,0,8,0,0,0,0,0,364078,0,0,0,0,53,0,0,0,0,0,0,0,0,0,0,0,0,0,0,0,0,0,0,0,0,0,0,52,0,39,110,0,0,0,0,0
51,0,9,0,0,0,0,0,364078,0,0,0,0,47,0,0,0,0,0,0,0,0,0,0,0,0,0,0,0,0,0,0,0,0,0,380,40,0,0,53,0,0,0,0,0
51,0,10,0,0,0,0,0,364078,0,0,0,0,53,0,0,0,0,0,0,0,0,0,0,0,0,0,0,0,0,0,0,0,0,0,0,82,86,0,124,0,0,0,0,0
51,0,11,0,0,0,0,0,364078,0,0,0,0,47,0,0,0,0,0,0,0,0,0,0,0,0,0,0,0,0,0,0,0,0,0,0,42,45,0,147,0,0,0,0,0
51,0,12,0,0,0,0,0,364078,0,0,0,0,47,0,0,0,0,0,0,0,0,0,0,0,0,0,0,0,0,0,0,0,0,0,0,0,0,45,93,0,0,0,0,0
51,0,13,0,0,0,0,0,364078,0,0,0,0,53,0,0,0,0,0,0,0,0,0,0,0,0,0,0,0,0,0,0,0,0,0,172,0,0,0,111,0,0,0,0,0
51,0,14,0,0,0,0,0,364078,0,0,0,0,47,0,0,0,0,0,0,0,0,0,0,0,0,0,0,0,0,0,0,0,0,0,0,0,86,0,63,0,0,0,0,0
51,0,15,0,0,0,0,0,364078,0,0,0,0,41,0,0,0,0,0,0,0,0,0,0,0,0,0,0,0,0,0,0,0,0,0,0,0,39,0,89,0,0,0,0,0
52,0,0,0,0,0,0,0,1034654,0,0,5858,405504,136,0,0,0,0,0,12495,0,0,0,0,0,0,0,0,5858,5858,0,104462,0,433209,405504,0,1169,0,136,284,0,0,0,0,720368
52,0,1,0,0,0,0,0,517327,12495,0,0,0,5052,0,0,0,0,0,0,0,0,0,0,0,0,0,0,0,2409,0,51555,0,187350,0,0,404,470,1446,8727,0,0,112101,0,0
52,0,2,0,0,0,0,0,517327,0,0,0,0,580,77824,0,0,0,0,0,0,0,0,0,0,0,0,0,0,0,0,52197,0,97433,61026,0,1034,896,1632,1182,0,0,91940,0,69947
52,0,3,0,0,0,0,0,517327,0,0,0,0,582,77824,0,0,0,0,0,0,0,0,0,0,0,0,0,0,0,0,51244,0,0,60988,0,445,313,0,856,0,0,16847,0,71591
52,0,4,0,0,0,0,0,517327,0,0,0,0,625,77824,0,0,0,0,0,0,0,0,0,0,0,0,0,0,0,0,0,0,0,60888,0,87,0,340,941,255722,0,0,0,67935
52,0,5,0,0,0,0,0,517327,0,0,0,0,744,77824,0,0,0,0,0,0,0,0,0,0,0,0,0,0,0,0,0,0,0,60874,2619,150,0,1,1531,0,0,195396,0,69554
52,0,6,0,0,0,0,0,517327,0,0,0,0,849,77824,0,0,0,0,0,0,0,0,0,0,0,0,0,0,0,0,0,0,0,60941,0,43,1252,1,1233,0,0,140162,0,67956
52,0,7,0,0,0,0,0,517327,0,0,0,0,844,77824,0,0,0,0,0,0,0,0,0,0,0,0,0,0,0,0,0,0,0,60589,0,102,410,0,1749,0,0,35175,0,70925
52,0,8,0,0,0,0,0,517327,0,0,0,0,53,0,0,0,0,0,0,0,0,0,0,0,0,0,0,0,0,0,0,0,0,0,0,52,0,39,110,0,0,0,0,0
52,0,9,0,0,0,0,0,517327,0,0,0,0,47,0,0,0,0,0,0,0,0,0,0,0,0,0,0,0,0,0,0,0,0,0,380,40,0,0,53,0,0,0,0,0
52,0,10,0,0,0,0,0,517327,0,0,0,0,53,0,0,0,0,0,0,0,0,0,0,0,0,0,0,0,0,0,0,0,0,0,0,82,86,0,124,0,0,0,0,0
52,0,11,0,0,0,0,0,517327,0,0,0,0,47,0,0,0,0,0,0,0,0,0,0,0,0,0,0,0,0,0,0,0,0,0,0,42,45,0,147,0,0,0,0,0
52,0,12,0,0,0,0,0,517327,0,0,0,0,47,0,0,0,0,0,0,0,0,0,0,0,0,0,0,0,0,0,0,0,0,0,0,0,0,45,93,0,0,0,0,0
52,0,13,0,0,0,0,0,517327,0,0,0,0,53,0,0,0,0,0,0,0,0,0,0,0,0,0,0,0,0,0,0,0,0,0,172,0,0,0,111,0,0,0,0,0
52,0,14,0,0,0,0,0,517327,0,0,0,0,47,0,0,0,0,0,0,0,0,0,0,0,0,0,0,0,0,0,0,0,0,0,0,0,86,0,63,0,0,0,0,0
52,0,15,0,0,0,0,0,517327,0,0,0,0,41,0,0,0,0,0,0,0,0,0,0,0,0,0,0,0,0,0,0,0,0,0,0,0,39,0,91,0,0,0,0,0
53,0,0,0,0,0,0,0,1037841,0,0,5872,405504,136,0,0,0,0,0,12513,0,0,0,0,0,0,0,0,5872,5872,0,104559,0,435425,405504,0,1159,0,136,284,0,0,0,0,719239
53,0,1,0,0,0,0,0,518920,12513,0,0,0,5131,0,0,0,0,0,0,0,0,0,0,0,0,0,0,0,2518,0,51665,0,187437,0,0,351,447,1457,8841,0,0,111958,0,0
53,0,2,0,0,0,0,0,518920,0,0,0,0,588,77824,0,0,0,0,0,0,0,0,0,0,0,0,0,0,0,0,52179,0,97567,61023,0,1048,886,1606,1210,0,0,92842,0,69893
53,0,3,0,0,0,0,0,518920,0,0,0,0,581,77824,0,0,0,0,0,0,0,0,0,0,0,0,0,0,0,0,51650,0,0,60944,0,475,314,0,861,0,0,15679,0,71807
53,0,4,0,0,0,0,0,518920,0,0,0,0,632,77824,0,0,0,0,0,0,0,0,0,0,0,0,0,0,0,0,0,0,0,61001,0,87,0,323,925,252820,0,0,0,68518
53,0,5,0,0,0,0,0,518920,0,0,0,0,774,77824,0,0,0,0,0,0,0,0,0,0,0,0,0,0,0,0,0,0,0,60958,2608,150,0,0,1620,0,0,197213,0,69505
53,0,6,0,0,0,0,0,518920,0,0,0,0,849,77824,0,0,0,0,0,0,0,0,0,0,0,0,0,0,0,0,0,0,0,60960,0,43,1265,2,1227,0,0,139265,0,68934
53,0,7,0,0,0,0,0,518920,0,0,0,0,850,77824,0,0,0,0,0,0,0,0,0,0,0,0,0,0,0,0,0,0,0,60640,0,101,415,0,1734,0,0,38819,0,70154
53,0,8,0,0,0,0,0,518920,0,0,0,0,53,0,0,0,0,0,0,0,0,0,0,0,0,0,0,0,0,0,0,0,0,0,0,52,0,39,110,0,0,0,0,0
53,0,9,0,0,0,0,0,518920,0,0,0,0,47,0,0,0,0,0,0,0,0,0,0,0,0,0,0,0,0,0,0,0,0,0,380,40,0,0,53,0,0,0,0,0
53,0,10,0,0,0,0,0,518920,0,0,0,0,53,0,0,0,0,0,0,0,0,0,0,0,0,0,0,0,0,0,0,0,0,0,0,82,86,0,124,0,0,0,0,0
53,0,11,0,0,0,0,0,518920,0,0,0,0,47,0,0,0,0,0,0,0,0,0,0,0,0,0,0,0,0,0,0,0,0,0,0,43,45,0,147,0,0,0,0,0
53,0,12,0,0,0,0,0,518920,0,0,0,0,47,0,0,0,0,0,0,0,0,0,0,0,0,0,0,0,0,0,0,0,0,0,0,0,0,45,93,0,0,0,0,0
53,0,13,0,0,0,0,0,518920,0,0,0,0,53,0,0,0,0,0,0,0,0,0,0,0,0,0,0,0,0,0,0,0,0,0,172,0,0,0,111,0,0,0,0,0
53,0,14,0,0,0,0,0,518920,0,0,0,0,47,0,0,0,0,0,0,0,0,0,0,0,0,0,0,0,0,0,0,0,0,0,0,0,86,0,63,0,0,0,0,0
53,0,15,0,0,0,0,0,518920,0,0,0,0,41,0,0,0,0,0,0,0,0,0,0,0,0,0,0,0,0,0,0,0,0,0,0,0,39,0,90,0,0,0,0,0
54,0,0,0,0,0,0,0,1029796,0,0,5858,405504,136,0,0,0,0,0,12489,0,0,0,0,0,0,0,0,5858,5858,0,104567,0,435637,405504,0,1167,0,136,284,0,0,0,0,712928
54,0,1,0,0,0,0,0,514898,12489,0,0,0,5084,0,0,0,0,0,0,0,0,0,0,0,0,0,0,0,2571,0,51832,0,187706,0,0,394,454,1434,8799,0,0,109894,0,0
54,0,2,0,0,0,0,0,514898,0,0,0,0,602,77824,0,0,0,0,0,0,0,0,0,0,0,0,0,0,0,0,52170,0,97597,60987,0,1029,866,1645,1211,0,0,90929,0,70117
54,0,3,0,0,0,0,0,514898,0,0,0,0,573,77824,0,0,0,0,0,0,0,0,0,0,0,0,0,0,0,0,51167,0,0,60948,0,441,324,0,840,0,0,15700,0,71906
54,0,4,0,0,0,0,0,514898,0,0,0,0,622,77824,0,0,0,0,0,0,0,0,0,0,0,0,0,0,0,0,0,0,0,60976,0,87,0,341,921,252108,0,0,0,68427
54,0,5,0,0,0,0,0,514898,0,0,0,0,751,77824,0,0,0,0,0,0,0,0,0,0,0,0,0,0,0,0,0,0,0,60865,2603,150,0,2,1542,0,0,191769,0,69411
54,0,6,0,0,0,0,0,514898,0,0,0,0,864,77824,0,0,0,0,0,0,0,0,0,0,0,0,0,0,0,0,0,0,0,61006,0,39,1249,0,1255,0,0,139346,0,67905
54,0,7,0,0,0,0,0,514898,0,0,0,0,858,77824,0,0,0,0,0,0,0,0,0,0,0,0,0,0,0,0,0,0,0,60642,0,104,396,0,1766,0,0,36410,0,71137
54,0,8,0,0,0,0,0,514898,0,0,0,0,56,0,0,0,0,0,0,0,0,0,0,0,0,0,0,0,0,0,0,0,0,0,0,52,0,36,113,0,0,0,0,0
54,0,9,0,0,0,0,0,514898,0,0,0,0,50,0,0,0,0,0,0,0,0,0,0,0,0,0,0,0,0,0,0,0,0,0,380,40,0,0,56,0,0,0,0,0
54,0,10,0,0,0,0,0,514898,0,0,0,0,56,0,0,0,0,0,0,0,0,0,0,0,0,0,0,0,0,0,0,0,0,0,0,86,86,0,127,0,0,0,0,0
54,0,11,0,0,0,0,0,514898,0,0,0,0,50,0,0,0,0,0,0,0,0,0,0,0,0,0,0,0,0,0,0,0,0,0,0,40,42,0,118,0,0,0,0,0
54,0,12,0,0,0,0,0,514898,0,0,0,0,50,0,0,0,0,0,0,0,0,0,0,0,0,0,0,0,0,0,0,0,0,0,0,0,0,42,96,0,0,0,0,0
54,0,13,0,0,0,0,0,514898,0,0,0,0,56,0,0,0,0,0,0,0,0,0,0,0,0,0,0,0,0,0,0,0,0,0,172,0,0,0,114,0,0,0,0,0
54,0,14,0,0,0,0,0,514898,0,0,0,0,50,0,0,0,0,0,0,0,0,0,0,0,0,0,0,0,0,0,0,0,0,0,0,0,86,0,62,0,0,0,0,0
54,0,15,0,0,0,0,0,514898,0,0,0,0,44,0,0,0,0,0,0,0,0,0,0,0,0,0,0,0,0,0,0,0,0,0,0,0,36,0,96,0,0,0,0,0
55,0,0,0,0,0,0,0,1361100,0,0,7688,540672,136,0,0,0,0,0,15252,0,0,0,0,0,0,0,0,7688,7688,0,194323,0,509532,540672,0,2040,0,136,284,0,0,0,0,1017373
55,0,1,0,0,0,0,0,680550,15252,0,0,0,6228,0,0,0,0,0,0,0,0,0,0,0,0,0,0,0,3604,0,98377,0,184152,0,0,791,738,1447,10831,0,0,133206,0,0
55,0,2,0,0,0,0,0,680550,0,0,0,0,472,77824,0,0,0,0,0,0,0,0,0,0,0,0,0,0,0,0,52276,0,96707,60955,0,1098,737,1610,973,0,0,105405,0,68413
55,0,3,0,0,0,0,0,680550,0,0,0,0,480,77824,0,0,0,0,0,0,0,0,0,0,0,0,0,0,0,0,51134,0,0,60906,0,491,248,0,703,0,0,23121,0,70329
55,0,4,0,0,0,0,0,680550,0,0,0,0,553,77824,0,0,0,0,0,0,0,0,0,0,0,0,0,0,0,0,51258,0,0,60992,0,388,0,310,835,420967,0,0,0,66767
55,0,5,0,0,0,0,0,680550,0,0,0,0,788,77824,0,0,0,0,0,0,0,0,0,0,0,0,0,0,0,0,51714,0,0,61052,3676,792,0,1,1565,0,0,360360,0,66516
55,0,6,0,0,0,0,0,680550,0,0,0,0,941,77824,0,0,0,0,0,0,0,0,0,0,0,0,0,0,0,0,0,0,0,61093,0,43,1365,2,1397,0,0,241313,0,65802
55,0,7,0,0,0,0,0,680550,0,0,0,0,915,77824,0,0,0,0,0,0,0,0,0,0,0,0,0,0,0,0,0,0,0,60418,0,99,478,0,1913,0,0,84869,0,68233
55,0,8,0,0,0,0,0,680550,0,0,0,0,697,77824,0,0,0,0,0,0,0,0,0,0,0,0,0,0,0,0,0,0,0,60472,0,52,0,366,1426,207651,0,0,0,67043
55,0,9,0,0,0,0,0,680550,0,0,0,0,687,77824,0,0,0,0,0,0,0,0,0,0,0,0,0,0,0,0,0,0,0,61000,1354,40,0,1,1024,0,0,52813,0,67593
55,0,10,0,0,0,0,0,680550,0,0,0,0,53,0,0,0,0,0,0,0,0,0,0,0,0,0,0,0,0,0,0,0,0,0,0,82,86,1,124,0,0,0,0,0
55,0,11,0,0,0,0,0,680550,0,0,0,0,47,0,0,0,0,0,0,0,0,0,0,0,0,0,0,0,0,0,0,0,0,0,0,46,45,0,131,0,0,0,0,0
55,0,12,0,0,0,0,0,680550,0,0,0,0,47,0,0,0,0,0,0,0,0,0,0,0,0,0,0,0,0,0,0,0,0,0,0,0,0,45,93,0,0,0,0,0
55,0,13,0,0,0,0,0,680550,0,0,0,0,53,0,0,0,0,0,0,0,0,0,0,0,0,0,0,0,0,0,0,0,0,0,172,0,0,0,111,0,0,0,0,0
55,0,14,0,0,0,0,0,680550,0,0,0,0,47,0,0,0,0,0,0,0,0,0,0,0,0,0,0,0,0,0,0,0,0,0,0,0,86,0,63,0,0,0,0,0
55,0,15,0,0,0,0,0,680550,0,0,0,0,41,0,0,0,0,0,0,0,0,0,0,0,0,0,0,0,0,0,0,0,0,0,0,0,39,0,89,0,0,0,0,0
56,0,0,0,0,0,0,0,1359470,0,0,7712,540672,136,0,0,0,0,0,15288,0,0,0,0,0,0,0,0,7712,7712,0,194520,0,509274,540672,0,2044,0,136,284,0,0,0,0,1013750
56,0,1,0,0,0,0,0,679735,15288,0,0,0,6216,0,0,0,0,0,0,0,0,0,0,0,0,0,0,0,3714,0,98447,0,184232,0,0,776,744,1492,10835,0,0,128742,0,0
56,0,2,0,0,0,0,0,679735,0,0,0,0,476,77824,0,0,0,0,0,0,0,0,0,0,0,0,0,0,0,0,52203,0,96692,61003,0,1082,729,1605,962,0,0,102975,0,68592
56,0,3,0,0,0,0,0,679735,0,0,0,0,474,77824,0,0,0,0,0,0,0,0,0,0,0,0,0,0,0,0,51179,0,0,60935,0,512,259,0,684,0,0,21742,0,70458
56,0,4,0,0,0,0,0,679735,0,0,0,0,566,77824,0,0,0,0,0,0,0,0,0,0,0,0,0,0,0,0,51259,0,0,61002,0,397,0,299,845,417012,0,0,0,66869
56,0,5,0,0,0,0,0,679735,0,0,0,0,786,77824,0,0,0,0,0,0,0,0,0,0,0,0,0,0,0,0,51746,0,0,60981,3692,798,0,1,1584,0,0,357701,0,66708
56,0,6,0,0,0,0,0,679735,0,0,0,0,925,77824,0,0,0,0,0,0,0,0,0,0,0,0,0,0,0,0,0,0,0,61074,0,43,1371,2,1397,0,0,236386,0,65556
56,0,7,0,0,0,0,0,679735,0,0,0,0,905,77824,0,0,0,0,0,0,0,0,0,0,0,0,0,0,0,0,0,0,0,60495,0,101,488,0,1880,0,0,81106,0,68372
56,0,8,0,0,0,0,0,679735,0,0,0,0,701,77824,0,0,0,0,0,0,0,0,0,0,0,0,0,0,0,0,0,0,0,60438,0,52,0,364,1423,210030,0,0,0,66921
56,0,9,0,0,0,0,0,679735,0,0,0,0,686,77824,0,0,0,0,0,0,0,0,0,0,0,0,0,0,0,0,0,0,0,61001,1361,40,0,1,1019,0,0,55946,0,67640
56,0,10,0,0,0,0,0,679735,0,0,0,0,53,0,0,0,0,0,0,0,0,0,0,0,0,0,0,0,0,0,0,0,0,0,0,82,86,1,124,0,0,0,0,0
56,0,11,0,0,0,0,0,679735,0,0,0,0,47,0,0,0,0,0,0,0,0,0,0,0,0,0,0,0,0,0,0,0,0,0,0,44,45,0,4294967171,0,0,0,0,0
56,0,12,0,0,0,0,0,679735,0,0,0,0,47,0,0,0,0,0,0,0,0,0,0,0,0,0,0,0,0,0,0,0,0,0,0,0,0,45,93,0,0,0,0,0
56,0,13,0,0,0,0,0,679735,0,0,0,0,53,0,0,0,0,0,0,0,0,0,0,0,0,0,0,0,0,0,0,0,0,0,172,0,0,0,111,0,0,0,0,0
56,0,14,0,0,0,0,0,679735,0,0,0,0,47,0,0,0,0,0,0,0,0,0,0,0,0,0,0,0,0,0,0,0,0,0,0,0,86,0,63,0,0,0,0,0
56,0,15,0,0,0,0,0,679735,0,0,0,0,41,0,0,0,0,0,0,0,0,0,0,0,0,0,0,0,0,0,0,0,0,0,0,0,39,0,91,0,0,0,0,0
57,0,0,0,0,0,0,0,1357157,0,0,7700,540672,136,0,0,0,0,0,15270,0,0,0,0,0,0,0,0,7700,7700,0,194467,0,511290,540672,0,2044,0,136,284,0,0,0,0,1014016
57,0,1,0,0,0,0,0,678579,15270,0,0,0,6224,0,0,0,0,0,0,0,0,0,0,0,0,0,0,0,3698,0,98607,0,184703,0,0,781,748,1463,10854,0,0,131325,0,0
57,0,2,0,0,0,0,0,678579,0,0,0,0,486,77824,0,0,0,0,0,0,0,0,0,0,0,0,0,0,0,0,52199,0,96897,60973,0,1091,719,1588,1008,0,0,102467,0,68777
57,0,3,0,0,0,0,0,678579,0,0,0,0,472,77824,0,0,0,0,0,0,0,0,0,0,0,0,0,0,0,0,51304,0,0,60945,0,512,260,0,700,0,0,22678,0,70284
57,0,4,0,0,0,0,0,678579,0,0,0,0,560,77824,0,0,0,0,0,0,0,0,0,0,0,0,0,0,0,0,51243,0,0,60991,0,413,0,307,827,416784,0,0,0,66840
57,0,5,0,0,0,0,0,678579,0,0,0,0,791,77824,0,0,0,0,0,0,0,0,0,0,0,0,0,0,0,0,51779,0,0,61010,3679,795,0,1,1575,0,0,353581,0,66532
57,0,6,0,0,0,0,0,678579,0,0,0,0,952,77824,0,0,0,0,0,0,0,0,0,0,0,0,0,0,0,0,0,0,0,61068,0,39,1344,2,1419,0,0,238329,0,65746
57,0,7,0,0,0,0,0,678579,0,0,0,0,905,77824,0,0,0,0,0,0,0,0,0,0,0,0,0,0,0,0,0,0,0,60486,0,99,488,0,1882,0,0,81848,0,68268
57,0,8,0,0,0,0,0,678579,0,0,0,0,725,77824,0,0,0,0,0,0,0,0,0,0,0,0,0,0,0,0,0,0,0,60438,0,52,0,338,1429,205856,0,0,0,67219
57,0,9,0,0,0,0,0,678579,0,0,0,0,691,77824,0,0,0,0,0,0,0,0,0,0,0,0,0,0,0,0,0,0,0,61012,1376,40,0,1,1023,0,0,53379,0,67501
57,0,10,0,0,0,0,0,678579,0,0,0,0,56,0,0,0,0,0,0,0,0,0,0,0,0,0,0,0,0,0,0,0,0,0,0,86,86,1,127,0,0,0,0,0
57,0,11,0,0,0,0,0,678579,0,0,0,0,50,0,0,0,0,0,0,0,0,0,0,0,0,0,0,0,0,0,0,0,0,0,0,46,42,0,166,0,0,0,0,0
57,0,12,0,0,0,0,0,678579,0,0,0,0,50,0,0,0,0,0,0,0,0,0,0,0,0,0,0,0,0,0,0,0,0,0,0,0,0,42,96,0,0,0,0,0
57,0,13,0,0,0,0,0,678579,0,0,0,0,56,0,0,0,0,0,0,0,0,0,0,0,0,0,0,0,0,0,0,0,0,0,172,0,0,0,114,0,0,0,0,0
57,0,14,0,0,0,0,0,678579,0,0,0,0,50,0,0,0,0,0,0,0,0,0,0,0,0,0,0,0,0,0,0,0,0,0,0,0,86,0,62,0,0,0,0,0
57,0,15,0,0,0,0,0,678579,0,0,0,0,44,0,0,0,0,0,0,0,0,0,0,0,0,0,0,0,0,0,0,0,0,0,0,0,36,0,92,0,0,0,0,0
58,0,0,0,0,0,0,0,1642522,0,0,9450,675840,136,0,0,0,0,0,17907,0,0,0,0,0,0,0,0,9450,9450,0,194398,0,658727,675840,0,1848,0,136,284,0,0,0,0,1304490
58,0,1,0,0,0,0,0,821261,17907,0,0,0,7358,0,0,0,0,0,0,0,0,0,0,0,0,0,0,0,4538,0,97773,0,262561,0,0,766,702,2142,12851,0,0,136002,0,0
58,0,2,0,0,0,0,0,821261,0,0,0,0,391,77824,0,0,0,0,0,0,0,0,0,0,0,0,0,0,0,0,97751,0,135690,60914,0,1822,629,2229,813,0,0,105748,0,68647
58,0,3,0,0,0,0,0,821261,0,0,0,0,404,77824,0,0,0,0,0,0,0,0,0,0,0,0,0,0,0,0,97392,0,0,60908,0,894,212,0,584,0,0,24495,0,69986
58,0,4,0,0,0,0,0,821261,0,0,0,0,463,77824,0,0,0,0,0,0,0,0,0,0,0,0,0,0,0,0,51366,0,0,60989,0,405,0,248,693,570907,0,0,0,66787
58,0,5,0,0,0,0,0,821261,0,0,0,0,656,77824,0,0,0,0,0,0,0,0,0,0,0,0,0,0,0,0,51750,0,0,61046,4652,929,0,1,1319,0,0,432528,0,64875
58,0,6,0,0,0,0,0,821261,0,0,0,0,725,77824,0,0,0,0,0,0,0,0,0,0,0,0,0,0,0,0,51586,0,0,61027,0,528,1108,1,1063,0,0,271965,0,64501
58,0,7,0,0,0,0,0,821261,0,0,0,0,731,77824,0,0,0,0,0,0,0,0,0,0,0,0,0,0,0,0,51881,0,0,60705,0,1016,372,0,1501,0,0,100953,0,65759
58,0,8,0,0,0,0,0,821261,0,0,0,0,673,77824,0,0,0,0,0,0,0,0,0,0,0,0,0,0,0,0,0,0,0,60610,0,52,0,350,1345,586749,0,0,0,64560
58,0,9,0,0,0,0,0,821261,0,0,0,0,812,77824,0,0,0,0,0,0,0,0,0,0,0,0,0,0,0,0,0,0,0,60978,2811,40,0,2,1208,0,0,488078,0,64480
58,0,10,0,0,0,0,0,821261,0,0,0,0,1009,77824,0,0,0,0,0,0,0,0,0,0,0,0,0,0,0,0,0,0,0,60945,0,86,1431,1,1972,0,0,325069,0,64913
58,0,11,0,0,0,0,0,821261,0,0,0,0,971,77824,0,0,0,0,0,0,0,0,0,0,0,0,0,0,0,0,0,0,0,61020,0,45,500,0,1634,0,0,125611,0,64968
58,0,12,0,0,0,0,0,821261,0,0,0,0,50,0,0,0,0,0,0,0,0,0,0,0,0,0,0,0,0,0,0,0,0,0,0,0,0,42,96,0,0,0,0,0
58,0,13,0,0,0,0,0,821261,0,0,0,0,56,0,0,0,0,0,0,0,0,0,0,0,0,0,0,0,0,0,0,0,0,0,172,0,0,0,114,0,0,0,0,0
58,0,14,0,0,0,0,0,821261,0,0,0,0,50,0,0,0,0,0,0,0,0,0,0,0,0,0,0,0,0,0,0,0,0,0,0,0,86,0,62,0,0,0,0,0
58,0,15,0,0,0,0,0,821261,0,0,0,0,44,0,0,0,0,0,0,0,0,0,0,0,0,0,0,0,0,0,0,0,0,0,0,0,36,0,95,0,0,0,0,0
59,0,0,0,0,0,0,0,1648165,0,0,9482,675840,136,0,0,0,0,0,17952,0,0,0,0,0,0,0,0,9482,9482,0,194502,0,657477,675840,0,1848,0,136,284,0,0,0,0,1301084
59,0,1,0,0,0,0,0,824083,17952,0,0,0,7357,0,0,0,0,0,0,0,0,0,0,0,0,0,0,0,4424,0,97743,0,261519,0,0,766,696,2181,12857,0,0,134309,0,0
59,0,2,0,0,0,0,0,824083,0,0,0,0,404,77824,0,0,0,0,0,0,0,0,0,0,0,0,0,0,0,0,97766,0,135052,60939,0,1835,606,2188,842,0,0,105962,0,68520
59,0,3,0,0,0,0,0,824083,0,0,0,0,393,77824,0,0,0,0,0,0,0,0,0,0,0,0,0,0,0,0,97321,0,0,60877,0,944,223,0,578,0,0,22698,0,70236
59,0,4,0,0,0,0,0,824083,0,0,0,0,459,77824,0,0,0,0,0,0,0,0,0,0,0,0,0,0,0,0,51349,0,0,61009,0,402,0,254,686,563060,0,0,0,66615
59,0,5,0,0,0,0,0,824083,0,0,0,0,649,77824,0,0,0,0,0,0,0,0,0,0,0,0,0,0,0,0,51771,0,0,61051,4700,947,0,1,1298,0,0,433109,0,64971
59,0,6,0,0,0,0,0,824083,0,0,0,0,709,77824,0,0,0,0,0,0,0,0,0,0,0,0,0,0,0,0,51852,0,0,61000,0,536,1103,2,1040,0,0,272517,0,64677
59,0,7,0,0,0,0,0,824083,0,0,0,0,715,77824,0,0,0,0,0,0,0,0,0,0,0,0,0,0,0,0,51306,0,0,60628,0,997,384,0,1467,0,0,101262,0,65618
59,0,8,0,0,0,0,0,824083,0,0,0,0,678,77824,0,0,0,0,0,0,0,0,0,0,0,0,0,0,0,0,0,0,0,60589,0,52,0,343,1351,590758,0,0,0,64528
59,0,9,0,0,0,0,0,824083,0,0,0,0,816,77824,0,0,0,0,0,0,0,0,0,0,0,0,0,0,0,0,0,0,0,60945,2801,40,0,0,1194,0,0,483855,0,64439
59,0,10,0,0,0,0,0,824083,0,0,0,0,994,77824,0,0,0,0,0,0,0,0,0,0,0,0,0,0,0,0,0,0,0,61101,0,82,1480,2,1971,0,0,332895,0,63675
59,0,11,0,0,0,0,0,824083,0,0,0,0,986,77824,0,0,0,0,0,0,0,0,0,0,0,0,0,0,0,0,0,0,0,61037,0,46,503,0,1696,0,0,122784,0,66557
59,0,12,0,0,0,0,0,824083,0,0,0,0,47,0,0,0,0,0,0,0,0,0,0,0,0,0,0,0,0,0,0,0,0,0,0,0,0,45,93,0,0,0,0,0
59,0,13,0,0,0,0,0,824083,0,0,0,0,53,0,0,0,0,0,0,0,0,0,0,0,0,0,0,0,0,0,0,0,0,0,172,0,0,0,111,0,0,0,0,0
59,0,14,0,0,0,0,0,824083,0,0,0,0,47,0,0,0,0,0,0,0,0,0,0,0,0,0,0,0,0,0,0,0,0,0,0,0,86,0,63,0,0,0,0,0
59,0,15,0,0,0,0,0,824083,0,0,0,0,41,0,0,0,0,0,0,0,0,0,0,0,0,0,0,0,0,0,0,0,0,0,0,0,39,0,91,0,0,0,0,0
60,0,0,0,0,0,0,0,1649495,0,0,9476,675840,136,0,0,0,0,0,17943,0,0,0,0,0,0,0,0,9476,9476,0,194459,0,658020,675840,0,1854,0,136,284,0,0,0,0,1305939
60,0,1,0,0,0,0,0,824748,17943,0,0,0,7408,0,0,0,0,0,0,0,0,0,0,0,0,0,0,0,4517,0,97784,0,261969,0,0,745,684,2157,13008,0,0,134503,0,0
60,0,2,0,0,0,0,0,824748,0,0,0,0,407,77824,0,0,0,0,0,0,0,0,0,0,0,0,0,0,0,0,97920,0,135135,60895,0,1820,606,2221,843,0,0,106076,0,68630
60,0,3,0,0,0,0,0,824748,0,0,0,0,394,77824,0,0,0,0,0,0,0,0,0,0,0,0,0,0,0,0,97266,0,0,60882,0,910,224,0,576,0,0,23891,0,70182
60,0,4,0,0,0,0,0,824748,0,0,0,0,454,77824,0,0,0,0,0,0,0,0,0,0,0,0,0,0,0,0,51380,0,0,60973,0,382,0,261,690,566080,0,0,0,66522
60,0,5,0,0,0,0,0,824748,0,0,0,0,640,77824,0,0,0,0,0,0,0,0,0,0,0,0,0,0,0,0,51769,0,0,61075,4594,930,0,1,1323,0,0,433029,0,64917
60,0,6,0,0,0,0,0,824748,0,0,0,0,722,77824,0,0,0,0,0,0,0,0,0,0,0,0,0,0,0,0,51867,0,0,60997,0,530,1123,1,1068,0,0,273239,0,64207
60,0,7,0,0,0,0,0,824748,0,0,0,0,742,77824,0,0,0,0,0,0,0,0,0,0,0,0,0,0,0,0,51297,0,0,60651,0,1025,360,0,1496,0,0,96238,0,66318
60,0,8,0,0,0,0,0,824748,0,0,0,0,691,77824,0,0,0,0,0,0,0,0,0,0,0,0,0,0,0,0,0,0,0,60661,0,52,0,334,1388,588214,0,0,0,64602
60,0,9,0,0,0,0,0,824748,0,0,0,0,797,77824,0,0,0,0,0,0,0,0,0,0,0,0,0,0,0,0,0,0,0,60991,2879,40,0,2,1190,0,0,483278,0,64371
60,0,10,0,0,0,0,0,824748,0,0,0,0,1016,77824,0,0,0,0,0,0,0,0,0,0,0,0,0,0,0,0,0,0,0,61103,0,82,1410,0,1989,0,0,332904,0,63654
60,0,11,0,0,0,0,0,824748,0,0,0,0,948,77824,0,0,0,0,0,0,0,0,0,0,0,0,0,0,0,0,0,0,0,60999,0,46,531,0,2116,0,0,123745,0,66477
60,0,12,0,0,0,0,0,824748,0,0,0,0,47,0,0,0,0,0,0,0,0,0,0,0,0,0,0,0,0,0,0,0,0,0,0,0,0,45,93,0,0,0,0,0
60,0,13,0,0,0,0,0,824748,0,0,0,0,53,0,0,0,0,0,0,0,0,0,0,0,0,0,0,0,0,0,0,0,0,0,172,0,0,0,111,0,0,0,0,0
60,0,14,0,0,0,0,0,824748,0,0,0,0,47,0,0,0,0,0,0,0,0,0,0,0,0,0,0,0,0,0,0,0,0,0,0,0,86,0,63,0,0,0,0,0
60,0,15,0,0,0,0,0,824748,0,0,0,0,41,0,0,0,0,0,0,0,0,0,0,0,0,0,0,0,0,0,0,0,0,0,0,0,39,0,91,0,0,0,0,0
61,0,0,0,0,0,0,0,2030743,0,0,11888,878592,136,0,0,0,0,0,21579,0,0,0,0,0,0,0,0,11888,11888,0,268491,0,795348,878592,0,2745,0,136,284,0,0,0,0,1711154
61,0,1,0,0,0,0,0,1015372,21579,0,0,0,8970,0,0,0,0,0,0,0,0,0,0,0,0,0,0,0,5747,0,135803,0,296219,0,0,1142,993,2304,15388,0,0,133086,0,0
61,0,2,0,0,0,0,0,1015372,0,0,0,0,311,77824,0,0,0,0,0,0,0,0,0,0,0,0,0,0,0,0,137552,0,133851,60911,0,2508,495,1917,658,0,0,104754,0,68564
61,0,3,0,0,0,0,0,1015372,0,0,0,0,309,77824,0,0,0,0,0,0,0,0,0,0,0,0,0,0,0,0,96612,0,0,60924,0,808,190,0,460,0,0,21522,0,70333
61,0,4,0,0,0,0,0,1015372,0,0,0,0,372,77824,0,0,0,0,0,0,0,0,0,0,0,0,0,0,0,0,96592,0,0,60992,0,752,0,197,546,750168,0,0,0,66522
61,0,5,0,0,0,0,0,1015372,0,0,0,0,500,77824,0,0,0,0,0,0,0,0,0,0,0,0,0,0,0,0,97646,0,0,60995,6293,1792,0,1,1007,0,0,439205,0,64523
61,0,6,0,0,0,0,0,1015372,0,0,0,0,563,77824,0,0,0,0,0,0,0,0,0,0,0,0,0,0,0,0,98482,0,0,60972,0,917,869,2,831,0,0,282932,0,63952
61,0,7,0,0,0,0,0,1015372,0,0,0,0,571,77824,0,0,0,0,0,0,0,0,0,0,0,0,0,0,0,0,51824,0,0,60628,0,960,292,0,1174,0,0,106461,0,64690
61,0,8,0,0,0,0,0,1015372,0,0,0,0,598,77824,0,0,0,0,0,0,0,0,0,0,0,0,0,0,0,0,51728,0,0,60761,0,820,0,311,1194,827945,0,0,0,64324
61,0,9,0,0,0,0,0,1015372,0,0,0,0,809,77824,0,0,0,0,0,0,0,0,0,0,0,0,0,0,0,0,51761,0,0,60981,4284,481,0,1,1196,0,0,703826,0,63727
61,0,10,0,0,0,0,0,1015372,0,0,0,0,905,77824,0,0,0,0,0,0,0,0,0,0,0,0,0,0,0,0,51763,0,0,61040,0,960,1412,1,1850,0,0,455442,0,64871
61,0,11,0,0,0,0,0,1015372,0,0,0,0,915,77824,0,0,0,0,0,0,0,0,0,0,0,0,0,0,0,0,0,0,0,60986,0,45,488,0,2018,0,0,178357,0,65163
61,0,12,0,0,0,0,0,1015372,0,0,0,0,823,77824,0,0,0,0,0,0,0,0,0,0,0,0,0,0,0,0,0,0,0,61022,0,0,0,420,1254,708672,0,0,0,63890
61,0,13,0,0,0,0,0,1015372,0,0,0,0,924,77824,0,0,0,0,0,0,0,0,0,0,0,0,0,0,0,0,0,0,0,61017,2263,0,0,1,1854,0,0,454981,0,64748
61,0,14,0,0,0,0,0,1015372,0,0,0,0,926,77824,0,0,0,0,0,0,0,0,0,0,0,0,0,0,0,0,0,0,0,60892,0,0,520,2,1377,0,0,177964,0,66327
61,0,15,0,0,0,0,0,1015372,0,0,0,0,44,0,0,0,0,0,0,0,0,0,0,0,0,0,0,0,0,0,0,0,0,0,0,0,36,0,96,0,0,0,0,0
62,0,0,0,0,0,0,0,2032470,0,0,11922,878592,136,0,0,0,0,0,21630,0,0,0,0,0,0,0,0,11922,11922,0,268856,0,794766,878592,0,2747,0,136,284,0,0,0,0,1715178
62,0,1,0,0,0,0,0,1016235,21630,0,0,0,9056,0,0,0,0,0,0,0,0,0,0,0,0,0,0,0,5759,0,135842,0,296287,0,0,1139,977,2271,15556,0,0,136247,0,0
62,0,2,0,0,0,0,0,1016235,0,0,0,0,319,77824,0,0,0,0,0,0,0,0,0,0,0,0,0,0,0,0,136793,0,133977,60831,0,2530,506,1945,676,0,0,106526,0,68594
62,0,3,0,0,0,0,0,1016235,0,0,0,0,322,77824,0,0,0,0,0,0,0,0,0,0,0,0,0,0,0,0,96691,0,0,60885,0,809,180,0,457,0,0,24813,0,70030
62,0,4,0,0,0,0,0,1016235,0,0,0,0,352,77824,0,0,0,0,0,0,0,0,0,0,0,0,0,0,0,0,96679,0,0,60981,0,734,0,223,528,750482,0,0,0,66502
62,0,5,0,0,0,0,0,1016235,0,0,0,0,487,77824,0,0,0,0,0,0,0,0,0,0,0,0,0,0,0,0,97721,0,0,60961,6234,1788,0,1,1005,0,0,433627,0,64795
62,0,6,0,0,0,0,0,1016235,0,0,0,0,552,77824,0,0,0,0,0,0,0,0,0,0,0,0,0,0,0,0,98298,0,0,60988,0,922,879,1,805,0,0,285806,0,63809
62,0,7,0,0,0,0,0,1016235,0,0,0,0,564,77824,0,0,0,0,0,0,0,0,0,0,0,0,0,0,0,0,51874,0,0,60653,0,964,300,0,1172,0,0,109756,0,64615
62,0,8,0,0,0,0,0,1016235,0,0,0,0,600,77824,0,0,0,0,0,0,0,0,0,0,0,0,0,0,0,0,51758,0,0,60732,0,814,0,307,1216,825905,0,0,0,64214
62,0,9,0,0,0,0,0,1016235,0,0,0,0,817,77824,0,0,0,0,0,0,0,0,0,0,0,0,0,0,0,0,51702,0,0,60964,4346,490,0,2,1201,0,0,708325,0,63682
62,0,10,0,0,0,0,0,1016235,0,0,0,0,946,77824,0,0,0,0,0,0,0,0,0,0,0,0,0,0,0,0,51626,0,0,61078,0,956,1390,0,1898,0,0,461376,0,64485
62,0,11,0,0,0,0,0,1016235,0,0,0,0,928,77824,0,0,0,0,0,0,0,0,0,0,0,0,0,0,0,0,0,0,0,61016,0,46,481,0,1955,0,0,182324,0,65046
62,0,12,0,0,0,0,0,1016235,0,0,0,0,814,77824,0,0,0,0,0,0,0,0,0,0,0,0,0,0,0,0,0,0,0,61079,0,0,0,427,1249,707740,0,0,0,63670
62,0,13,0,0,0,0,0,1016235,0,0,0,0,935,77824,0,0,0,0,0,0,0,0,0,0,0,0,0,0,0,0,0,0,0,60945,2230,0,0,1,1858,0,0,454301,0,64820
62,0,14,0,0,0,0,0,1016235,0,0,0,0,909,77824,0,0,0,0,0,0,0,0,0,0,0,0,0,0,0,0,0,0,0,60966,0,0,537,1,1366,0,0,183153,0,66315
62,0,15,0,0,0,0,0,1016235,0,0,0,0,41,0,0,0,0,0,0,0,0,0,0,0,0,0,0,0,0,0,0,0,0,0,0,0,39,0,93,0,0,0,0,0
63,0,0,0,0,0,0,0,2034760,0,0,11890,878592,136,0,0,0,0,0,21582,0,0,0,0,0,0,0,0,11890,11890,0,268461,0,794552,878592,0,2741,0,136,284,0,0,0,0,1713822
63,0,1,0,0,0,0,0,1017380,21582,0,0,0,9030,0,0,0,0,0,0,0,0,0,0,0,0,0,0,0,5668,0,136288,0,295803,0,0,1095,1011,2275,15471,0,0,133798,0,0
63,0,2,0,0,0,0,0,1017380,0,0,0,0,323,77824,0,0,0,0,0,0,0,0,0,0,0,0,0,0,0,0,137164,0,133966,60894,0,2546,489,1911,674,0,0,104991,0,68632
63,0,3,0,0,0,0,0,1017380,0,0,0,0,314,77824,0,0,0,0,0,0,0,0,0,0,0,0,0,0,0,0,96573,0,0,60889,0,821,185,0,462,0,0,22809,0,70295
63,0,4,0,0,0,0,0,1017380,0,0,0,0,376,77824,0,0,0,0,0,0,0,0,0,0,0,0,0,0,0,0,96551,0,0,60935,0,754,0,195,565,750519,0,0,0,66437
63,0,5,0,0,0,0,0,1017380,0,0,0,0,508,77824,0,0,0,0,0,0,0,0,0,0,0,0,0,0,0,0,97937,0,0,60957,6278,1826,0,1,1026,0,0,440919,0,64821
63,0,6,0,0,0,0,0,1017380,0,0,0,0,546,77824,0,0,0,0,0,0,0,0,0,0,0,0,0,0,0,0,98236,0,0,60992,0,908,885,2,789,0,0,289517,0,63552
63,0,7,0,0,0,0,0,1017380,0,0,0,0,568,77824,0,0,0,0,0,0,0,0,0,0,0,0,0,0,0,0,51773,0,0,60657,0,962,297,0,1160,0,0,112262,0,64535
63,0,8,0,0,0,0,0,1017380,0,0,0,0,587,77824,0,0,0,0,0,0,0,0,0,0,0,0,0,0,0,0,51655,0,0,60793,0,799,0,318,1196,828134,0,0,0,64253
63,0,9,0,0,0,0,0,1017380,0,0,0,0,828,77824,0,0,0,0,0,0,0,0,0,0,0,0,0,0,0,0,51842,0,0,60970,4279,453,0,1,1203,0,0,716070,0,63848
63,0,10,0,0,0,0,0,1017380,0,0,0,0,940,77824,0,0,0,0,0,0,0,0,0,0,0,0,0,0,0,0,51791,0,0,61009,0,956,1386,2,1900,0,0,456339,0,65189
63,0,11,0,0,0,0,0,1017380,0,0,0,0,921,77824,0,0,0,0,0,0,0,0,0,0,0,0,0,0,0,0,0,0,0,60943,0,45,484,0,2187,0,0,179737,0,65156
63,0,12,0,0,0,0,0,1017380,0,0,0,0,829,77824,0,0,0,0,0,0,0,0,0,0,0,0,0,0,0,0,0,0,0,61005,0,0,0,412,1279,709232,0,0,0,63912
63,0,13,0,0,0,0,0,1017380,0,0,0,0,928,77824,0,0,0,0,0,0,0,0,0,0,0,0,0,0,0,0,0,0,0,61005,2260,0,0,0,1884,0,0,458631,0,64948
63,0,14,0,0,0,0,0,1017380,0,0,0,0,920,77824,0,0,0,0,0,0,0,0,0,0,0,0,0,0,0,0,0,0,0,60898,0,0,522,2,1373,0,0,185480,0,66085
63,0,15,0,0,0,0,0,1017380,0,0,0,0,41,0,0,0,0,0,0,0,0,0,0,0,0,0,0,0,0,0,0,0,0,0,0,0,39,0,93,0,0,0,0,0
64,0,0,0,0,0,0,0,498680,0,0,2144,66560,136,0,0,0,0,0,6894,0,0,0,0,0,0,0,0,2144,2144,0,0,0,109424,66560,0,294,0,136,284,0,0,0,0,71680
64,0,1,0,0,0,0,0,249340,6894,0,0,0,2555,0,0,0,0,0,0,0,0,0,0,0,0,0,0,0,862,0,0,0,59140,0,0,79,173,846,4755,0,0,71680,0,0
64,0,2,0,0,0,0,0,249340,0,0,0,0,1518,71680,0,0,0,0,0,0,0,0,0,0,0,0,0,0,0,0,0,0,0,62587,0,246,764,275,3068,0,0,0,0,71680
64,0,3,0,0,0,0,0,249340,0,0,0,0,47,0,0,0,0,0,0,0,0,0,0,0,0,0,0,0,0,0,0,0,0,0,0,98,45,0,55,0,0,0,0,0
64,0,4,0,0,0,0,0,249340,0,0,0,0,47,0,0,0,0,0,0,0,0,0,0,0,0,0,0,0,0,0,0,0,0,0,0,87,0,45,66,0,0,0,0,0
64,0,5,0,0,0,0,0,249340,0,0,0,0,47,0,0,0,0,0,0,0,0,0,0,0,0,0,0,0,0,0,0,0,0,0,522,150,0,0,112,0,0,0,0,0
64,0,6,0,0,0,0,0,249340,0,0,0,0,47,0,0,0,0,0,0,0,0,0,0,0,0,0,0,0,0,0,0,0,0,0,0,43,98,0,52,0,0,0,0,0
64,0,7,0,0,0,0,0,249340,0,0,0,0,53,0,0,0,0,0,0,0,0,0,0,0,0,0,0,0,0,0,0,0,0,0,0,98,39,0,140,0,0,0,0,0
64,0,8,0,0,0,0,0,249340,0,0,0,0,53,0,0,0,0,0,0,0,0,0,0,0,0,0,0,0,0,0,0,0,0,0,0,52,0,39,110,0,0,0,0,0
64,0,9,0,0,0,0,0,249340,0,0,0,0,47,0,0,0,0,0,0,0,0,0,0,0,0,0,0,0,0,0,0,0,0,0,380,40,0,0,53,0,0,0,0,0
64,0,10,0,0,0,0,0,249340,0,0,0,0,53,0,0,0,0,0,0,0,0,0,0,0,0,0,0,0,0,0,0,0,0,0,0,82,86,0,124,0,0,0,0,0
64,0,11,0,0,0,0,0,249340,0,0,0,0,47,0,0,0,0,0,0,0,0,0,0,0,0,0,0,0,0,0,0,0,0,0,0,41,45,0,147,0,0,0,0,0
64,0,12,0,0,0,0,0,249340,0,0,0,0,47,0,0,0,0,0,0,0,0,0,0,0,0,0,0,0,0,0,0,0,0,0,0,0,0,45,93,0,0,0,0,0
64,0,13,0,0,0,0,0,249340,0,0,0,0,53,0,0,0,0,0,0,0,0,0,0,0,0,0,0,0,0,0,0,0,0,0,172,0,0,0,111,0,0,0,0,0
64,0,14,0,0,0,0,0,249340,0,0,0,0,47,0,0,0,0,0,0,0,0,0,0,0,0,0,0,0,0,0,0,0,0,0,0,0,86,0,63,0,0,0,0,0
64,0,15,0,0,0,0,0,249340,0,0,0,0,41,0,0,0,0,0,0,0,0,0,0,0,0,0,0,0,0,0,0,0,0,0,0,0,39,0,87,0,0,0,0,0
65,0,0,0,0,0,0,0,498886,0,0,2144,66560,136,0,0,0,0,0,6894,0,0,0,0,0,0,0,0,2144,2144,0,0,0,109421,66560,0,294,0,136,284,0,0,0,0,71680
65,0,1,0,0,0,0,0,249443,6894,0,0,0,2560,0,0,0,0,0,0,0,0,0,0,0,0,0,0,0,862,0,0,0,59146,0,0,79,174,840,4767,0,0,71680,0,0
65,0,2,0,0,0,0,0,249443,0,0,0,0,1524,71680,0,0,0,0,0,0,0,0,0,0,0,0,0,0,0,0,0,0,0,62584,0,246,757,276,3080,0,0,0,0,71680
65,0,3,0,0,0,0,0,249443,0,0,0,0,47,0,0,0,0,0,0,0,0,0,0,0,0,0,0,0,0,0,0,0,0,0,0,97,45,0,55,0,0,0,0,0
65,0,4,0,0,0,0,0,249443,0,0,0,0,47,0,0,0,0,0,0,0,0,0,0,0,0,0,0,0,0,0,0,0,0,0,0,87,0,45,66,0,0,0,0,0
65,0,5,0,0,0,0,0,249443,0,0,0,0,47,0,0,0,0,0,0,0,0,0,0,0,0,0,0,0,0,0,0,0,0,0,522,150,0,0,112,0,0,0,0,0
65,0,6,0,0,0,0,0,249443,0,0,0,0,47,0,0,0,0,0,0,0,0,0,0,0,0,0,0,0,0,0,0,0,0,0,0,43,98,0,52,0,0,0,0,0
65,0,7,0,0,0,0,0,249443,0,0,0,0,53,0,0,0,0,0,0,0,0,0,0,0,0,0,0,0,0,0,0,0,0,0,0,99,39,0,140,0,0,0,0,0
65,0,8,0,0,0,0,0,249443,0,0,0,0,53,0,0,0,0,0,0,0,0,0,0,0,0,0,0,0,0,0,0,0,0,0,0,52,0,39,110,0,0,0,0,0
65,0,9,0,0,0,0,0,249443,0,0,0,0,47,0,0,0,0,0,0,0,0,0,0,0,0,0,0,0,0,0,0,0,0,0,380,40,0,0,53,0,0,0,0,0
65,0,10,0,0,0,0,0,249443,0,0,0,0,53,0,0,0,0,0,0,0,0,0,0,0,0,0,0,0,0,0,0,0,0,0,0,82,86,0,124,0,0,0,0,0
65,0,11,0,0,0,0,0,249443,0,0,0,0,47,0,0,0,0,0,0,0,0,0,0,0,0,0,0,0,0,0,0,0,0,0,0,40,45,0,147,0,0,0,0,0
65,0,12,0,0,0,0,0,249443,0,0,0,0,47,0,0,0,0,0,0,0,0,0,0,0,0,0,0,0,0,0,0,0,0,0,0,0,0,45,93,0,0,0,0,0
65,0,13,0,0,0,0,0,249443,0,0,0,0,53,0,0,0,0,0,0,0,0,0,0,0,0,0,0,0,0,0,0,0,0,0,172,0,0,0,111,0,0,0,0,0
65,0,14,0,0,0,0,0,249443,0,0,0,0,47,0,0,0,0,0,0,0,0,0,0,0,0,0,0,0,0,0,0,0,0,0,0,0,86,0,63,0,0,0,0,0
65,0,15,0,0,0,0,0,249443,0,0,0,0,41,0,0,0,0,0,0,0,0,0,0,0,0,0,0,0,0,0,0,0,0,0,0,0,39,0,88,0,0,0,0,0
66,0,0,0,0,0,0,0,498630,0,0,2146,66560,136,0,0,0,0,0,6897,0,0,0,0,0,0,0,0,2146,2146,0,0,0,109418,66560,0,294,0,136,284,0,0,0,0,71680
66,0,1,0,0,0,0,0,249315,6897,0,0,0,2559,0,0,0,0,0,0,0,0,0,0,0,0,0,0,0,864,0,0,0,59141,0,0,79,173,844,4760,0,0,71680,0,0
66,0,2,0,0,0,0,0,249315,0,0,0,0,1519,71680,0,0,0,0,0,0,0,0,0,0,0,0,0,0,0,0,0,0,0,62586,0,246,765,275,3073,0,0,0,0,71680
66,0,3,0,0,0,0,0,249315,0,0,0,0,47,0,0,0,0,0,0,0,0,0,0,0,0,0,0,0,0,0,0,0,0,0,0,98,45,0,55,0,0,0,0,0
66,0,4,0,0,0,0,0,249315,0,0,0,0,47,0,0,0,0,0,0,0,0,0,0,0,0,0,0,0,0,0,0,0,0,0,0,87,0,45,66,0,0,0,0,0
66,0,5,0,0,0,0,0,249315,0,0,0,0,47,0,0,0,0,0,0,0,0,0,0,0,0,0,0,0,0,0,0,0,0,0,522,150,0,0,112,0,0,0,0,0
66,0,6,0,0,0,0,0,249315,0,0,0,0,47,0,0,0,0,0,0,0,0,0,0,0,0,0,0,0,0,0,0,0,0,0,0,43,98,0,52,0,0,0,0,0
66,0,7,0,0,0,0,0,249315,0,0,0,0,53,0,0,0,0,0,0,0,0,0,0,0,0,0,0,0,0,0,0,0,0,0,0,98,39,0,140,0,0,0,0,0
66,0,8,0,0,0,0,0,249315,0,0,0,0,53,0,0,0,0,0,0,0,0,0,0,0,0,0,0,0,0,0,0,0,0,0,0,52,0,39,110,0,0,0,0,0
66,0,9,0,0,0,0,0,249315,0,0,0,0,47,0,0,0,0,0,0,0,0,0,0,0,0,0,0,0,0,0,0,0,0,0,380,40,0,0,53,0,0,0,0,0
66,0,10,0,0,0,0,0,249315,0,0,0,0,53,0,0,0,0,0,0,0,0,0,0,0,0,0,0,0,0,0,0,0,0,0,0,82,86,0,124,0,0,0,0,0
66,0,11,0,0,0,0,0,249315,0,0,0,0,47,0,0,0,0,0,0,0,0,0,0,0,0,0,0,0,0,0,0,0,0,0,0,41,45,0,131,0,0,0,0,0
66,0,12,0,0,0,0,0,249315,0,0,0,0,47,0,0,0,0,0,0,0,0,0,0,0,0,0,0,0,0,0,0,0,0,0,0,0,0,45,93,0,0,0,0,0
66,0,13,0,0,0,0,0,249315,0,0,0,0,53,0,0,0,0,0,0,0,0,0,0,0,0,0,0,0,0,0,0,0,0,0,172,0,0,0,111,0,0,0,0,0
66,0,14,0,0,0,0,0,249315,0,0,0,0,47,0,0,0,0,0,0,0,0,0,0,0,0,0,0,0,0,0,0,0,0,0,0,0,86,0,63,0,0,0,0,0
66,0,15,0,0,0,0,0,249315,0,0,0,0,41,0,0,0,0,0,0,0,0,0,0,0,0,0,0,0,0,0,0,0,0,0,0,0,39,0,87,0,0,0,0,0
67,0,0,0,0,0,0,0,603298,0,0,2970,133120,136,0,0,0,0,0,8139,0,0,0,0,0,0,0,0,2970,2970,0,0,0,223722,133120,0,294,0,136,284,0,0,0,0,146968
67,0,1,0,0,0,0,0,301649,8139,0,0,0,3148,0,0,0,0,0,0,0,0,0,0,0,0,0,0,0,1088,0,0,0,116727,0,0,78,171,1083,5310,0,0,68758,0,0
67,0,2,0,0,0,0,0,301649,0,0,0,0,1006,71680,0,0,0,0,0,0,0,0,0,0,0,0,0,0,0,0,0,0,58011,63351,0,250,1623,1241,2176,0,0,74489,0,68969
67,0,3,0,0,0,0,0,301649,0,0,0,0,1055,71680,0,0,0,0,0,0,0,0,0,0,0,0,0,0,0,0,0,0,0,63301,0,100,522,0,1582,0,0,277,0,71648
67,0,4,0,0,0,0,0,301649,0,0,0,0,50,0,0,0,0,0,0,0,0,0,0,0,0,0,0,0,0,0,0,0,0,0,0,87,0,42,67,0,0,0,0,0
67,0,5,0,0,0,0,0,301649,0,0,0,0,50,0,0,0,0,0,0,0,0,0,0,0,0,0,0,0,0,0,0,0,0,0,525,150,0,0,116,0,0,0,0,0
67,0,6,0,0,0,0,0,301649,0,0,0,0,50,0,0,0,0,0,0,0,0,0,0,0,0,0,0,0,0,0,0,0,0,0,0,39,95,0,55,0,0,0,0,0
67,0,7,0,0,0,0,0,301649,0,0,0,0,53,0,0,0,0,0,0,0,0,0,0,0,0,0,0,0,0,0,0,0,0,0,0,99,39,0,138,0,0,0,0,0
67,0,8,0,0,0,0,0,301649,0,0,0,0,56,0,0,0,0,0,0,0,0,0,0,0,0,0,0,0,0,0,0,0,0,0,0,52,0,36,113,0,0,0,0,0
67,0,9,0,0,0,0,0,301649,0,0,0,0,50,0,0,0,0,0,0,0,0,0,0,0,0,0,0,0,0,0,0,0,0,0,380,40,0,0,56,0,0,0,0,0
67,0,10,0,0,0,0,0,301649,0,0,0,0,56,0,0,0,0,0,0,0,0,0,0,0,0,0,0,0,0,0,0,0,0,0,0,86,86,0,127,0,0,0,0,0
67,0,11,0,0,0,0,0,301649,0,0,0,0,50,0,0,0,0,0,0,0,0,0,0,0,0,0,0,0,0,0,0,0,0,0,0,41,42,0,102,0,0,0,0,0
67,0,12,0,0,0,0,0,301649,0,0,0,0,50,0,0,0,0,0,0,0,0,0,0,0,0,0,0,0,0,0,0,0,0,0,0,0,0,42,96,0,0,0,0,0
67,0,13,0,0,0,0,0,301649,0,0,0,0,56,0,0,0,0,0,0,0,0,0,0,0,0,0,0,0,0,0,0,0,0,0,172,0,0,0,114,0,0,0,0,0
67,0,14,0,0,0,0,0,301649,0,0,0,0,50,0,0,0,0,0,0,0,0,0,0,0,0,0,0,0,0,0,0,0,0,0,0,0,86,0,62,0,0,0,0,0
67,0,15,0,0,0,0,0,301649,0,0,0,0,44,0,0,0,0,0,0,0,0,0,0,0,0,0,0,0,0,0,0,0,0,0,0,0,36,0,91,0,0,0,0,0
68,0,0,0,0,0,0,0,602996,0,0,2968,133120,136,0,0,0,0,0,8136,0,0,0,0,0,0,0,0,2968,2968,0,0,0,223826,133120,0,294,0,136,284,0,0,0,0,146896
68,0,1,0,0,0,0,0,301498,8136,0,0,0,3177,0,0,0,0,0,0,0,0,0,0,0,0,0,0,0,1062,0,0,0,116777,0,0,78,171,1052,5332,0,0,68580,0,0
68,0,2,0,0,0,0,0,301498,0,0,0,0,993,71680,0,0,0,0,0,0,0,0,0,0,0,0,0,0,0,0,0,0,57982,63350,0,250,1628,1255,2178,0,0,74674,0,68872
68,0,3,0,0,0,0,0,301498,0,0,0,0,1047,71680,0,0,0,0,0,0,0,0,0,0,0,0,0,0,0,0,0,0,0,63303,0,100,528,0,1558,0,0,235,0,71662
68,0,4,0,0,0,0,0,301498,0,0,0,0,50,0,0,0,0,0,0,0,0,0,0,0,0,0,0,0,0,0,0,0,0,0,0,87,0,42,67,0,0,0,0,0
68,0,5,0,0,0,0,0,301498,0,0,0,0,50,0,0,0,0,0,0,0,0,0,0,0,0,0,0,0,0,0,0,0,0,0,525,150,0,0,116,0,0,0,0,0
68,0,6,0,0,0,0,0,301498,0,0,0,0,50,0,0,0,0,0,0,0,0,0,0,0,0,0,0,0,0,0,0,0,0,0,0,39,95,0,55,0,0,0,0,0
68,0,7,0,0,0,0,0,301498,0,0,0,0,53,0,0,0,0,0,0,0,0,0,0,0,0,0,0,0,0,0,0,0,0,0,0,99,39,0,138,0,0,0,0,0
68,0,8,0,0,0,0,0,301498,0,0,0,0,56,0,0,0,0,0,0,0,0,0,0,0,0,0,0,0,0,0,0,0,0,0,0,52,0,36,113,0,0,0,0,0
68,0,9,0,0,0,0,0,301498,0,0,0,0,50,0,0,0,0,0,0,0,0,0,0,0,0,0,0,0,0,0,0,0,0,0,380,40,0,0,56,0,0,0,0,0
68,0,10,0,0,0,0,0,301498,0,0,0,0,56,0,0,0,0,0,0,0,0,0,0,0,0,0,0,0,0,0,0,0,0,0,0,86,86,0,127,0,0,0,0,0
68,0,11,0,0,0,0,0,301498,0,0,0,0,50,0,0,0,0,0,0,0,0,0,0,0,0,0,0,0,0,0,0,0,0,0,0,41,42,0,118,0,0,0,0,0
68,0,12,0,0,0,0,0,301498,0,0,0,0,50,0,0,0,0,0,0,0,0,0,0,0,0,0,0,0,0,0,0,0,0,0,0,0,0,42,96,0,0,0,0,0
68,0,13,0,0,0,0,0,301498,0,0,0,0,56,0,0,0,0,0,0,0,0,0,0,0,0,0,0,0,0,0,0,0,0,0,172,0,0,0,114,0,0,0,0,0
68,0,14,0,0,0,0,0,301498,0,0,0,0,50,0,0,0,0,0,0,0,0,0,0,0,0,0,0,0,0,0,0,0,0,0,0,0,86,0,62,0,0,0,0,0
68,0,15,0,0,0,0,0,301498,0,0,0,0,44,0,0,0,0,0,0,0,0,0,0,0,0,0,0,0,0,0,0,0,0,0,0,0,36,0,91,0,0,0,0,0
69,0,0,0,0,0,0,0,598125,0,0,2906,133120,136,0,0,0,0,0,8040,0,0,0,0,0,0,0,0,2906,2906,0,0,0,222250,133120,0,294,0,136,284,0,0,0,0,145936
69,0,1,0,0,0,0,0,299063,8040,0,0,0,3074,0,0,0,0,0,0,0,0,0,0,0,0,0,0,0,1289,0,0,0,116199,0,0,79,174,1089,5217,0,0,70718,0,0
69,0,2,0,0,0,0,0,299063,0,0,0,0,981,71680,0,0,0,0,0,0,0,0,0,0,0,0,0,0,0,0,0,0,58333,63278,0,246,1581,1214,2112,0,0,72672,0,69938
69,0,3,0,0,0,0,0,299063,0,0,0,0,1017,71680,0,0,0,0,0,0,0,0,0,0,0,0,0,0,0,0,0,0,0,63281,0,99,525,0,1539,0,0,455,0,71640
69,0,4,0,0,0,0,0,299063,0,0,0,0,47,0,0,0,0,0,0,0,0,0,0,0,0,0,0,0,0,0,0,0,0,0,0,87,0,45,66,0,0,0,0,0
69,0,5,0,0,0,0,0,299063,0,0,0,0,47,0,0,0,0,0,0,0,0,0,0,0,0,0,0,0,0,0,0,0,0,0,522,150,0,0,112,0,0,0,0,0
69,0,6,0,0,0,0,0,299063,0,0,0,0,47,0,0,0,0,0,0,0,0,0,0,0,0,0,0,0,0,0,0,0,0,0,0,43,98,0,52,0,0,0,0,0
69,0,7,0,0,0,0,0,299063,0,0,0,0,53,0,0,0,0,0,0,0,0,0,0,0,0,0,0,0,0,0,0,0,0,0,0,98,39,0,140,0,0,0,0,0
69,0,8,0,0,0,0,0,299063,0,0,0,0,53,0,0,0,0,0,0,0,0,0,0,0,0,0,0,0,0,0,0,0,0,0,0,52,0,39,110,0,0,0,0,0
69,0,9,0,0,0,0,0,299063,0,0,0,0,47,0,0,0,0,0,0,0,0,0,0,0,0,0,0,0,0,0,0,0,0,0,380,40,0,0,53,0,0,0,0,0
69,0,10,0,0,0,0,0,299063,0,0,0,0,53,0,0,0,0,0,0,0,0,0,0,0,0,0,0,0,0,0,0,0,0,0,0,82,86,0,124,0,0,0,0,0
69,0,11,0,0,0,0,0,299063,0,0,0,0,47,0,0,0,0,0,0,0,0,0,0,0,0,0,0,0,0,0,0,0,0,0,0,42,45,0,131,0,0,0,0,0
69,0,12,0,0,0,0,0,299063,0,0,0,0,47,0,0,0,0,0,0,0,0,0,0,0,0,0,0,0,0,0,0,0,0,0,0,0,0,45,93,0,0,0,0,0
69,0,13,0,0,0,0,0,299063,0,0,0,0,53,0,0,0,0,0,0,0,0,0,0,0,0,0,0,0,0,0,0,0,0,0,172,0,0,0,111,0,0,0,0,0
69,0,14,0,0,0,0,0,299063,0,0,0,0,47,0,0,0,0,0,0,0,0,0,0,0,0,0,0,0,0,0,0,0,0,0,0,0,86,0,63,0,0,0,0,0
69,0,15,0,0,0,0,0,299063,0,0,0,0,41,0,0,0,0,0,0,0,0,0,0,0,0,0,0,0,0,0,0,0,0,0,0,0,39,0,87,0,0,0,0,0
70,0,0,0,0,0,0,0,975260,0,0,4104,266240,136,0,0,0,0,0,9849,0,0,0,0,0,0,0,0,4104,4104,0,118784,0,335773,266240,0,1321,0,136,284,0,0,0,0,516029
70,0,1,0,0,0,0,0,487630,9849,0,0,0,3841,0,0,0,0,0,0,0,0,0,0,0,0,0,0,0,2899,0,59392,0,112738,0,0,431,481,863,6584,0,0,182286,0,0
70,0,2,0,0,0,0,0,487630,0,0,0,0,699,71680,0,0,0,0,0,0,0,0,0,0,0,0,0,0,0,0,0,0,59206,63487,0,246,1094,947,1469,0,0,126731,0,63500
70,0,3,0,0,0,0,0,487630,0,0,0,0,676,71680,0,0,0,0,0,0,0,0,0,0,0,0,0,0,0,0,0,0,0,62557,0,99,440,0,1039,0,0,6294,0,67584
70,0,4,0,0,0,0,0,487630,0,0,0,0,725,71680,0,0,0,0,0,0,0,0,0,0,0,0,0,0,0,0,0,0,0,63488,0,87,0,392,1053,125846,0,0,0,64147
70,0,5,0,0,0,0,0,487630,0,0,0,0,668,71680,0,0,0,0,0,0,0,0,0,0,0,0,0,0,0,0,0,0,0,63487,1603,150,0,1,1408,0,0,6577,0,67377
70,0,6,0,0,0,0,0,487630,0,0,0,0,47,0,0,0,0,0,0,0,0,0,0,0,0,0,0,0,0,0,0,0,0,0,0,43,98,1,52,0,0,0,0,0
70,0,7,0,0,0,0,0,487630,0,0,0,0,53,0,0,0,0,0,0,0,0,0,0,0,0,0,0,0,0,0,0,0,0,0,0,99,39,0,140,0,0,0,0,0
70,0,8,0,0,0,0,0,487630,0,0,0,0,53,0,0,0,0,0,0,0,0,0,0,0,0,0,0,0,0,0,0,0,0,0,0,52,0,39,110,0,0,0,0,0
70,0,9,0,0,0,0,0,487630,0,0,0,0,47,0,0,0,0,0,0,0,0,0,0,0,0,0,0,0,0,0,0,0,0,0,380,40,0,0,53,0,0,0,0,0
70,0,10,0,0,0,0,0,487630,0,0,0,0,53,0,0,0,0,0,0,0,0,0,0,0,0,0,0,0,0,0,0,0,0,0,0,82,86,0,124,0,0,0,0,0
70,0,11,0,0,0,0,0,487630,0,0,0,0,47,0,0,0,0,0,0,0,0,0,0,0,0,0,0,0,0,0,0,0,0,0,0,43,45,0,131,0,0,0,0,0
70,0,12,0,0,0,0,0,487630,0,0,0,0,47,0,0,0,0,0,0,0,0,0,0,0,0,0,0,0,0,0,0,0,0,0,0,0,0,45,93,0,0,0,0,0
70,0,13,0,0,0,0,0,487630,0,0,0,0,53,0,0,0,0,0,0,0,0,0,0,0,0,0,0,0,0,0,0,0,0,0,172,0,0,0,111,0,0,0,0,0
70,0,14,0,0,0,0,0,487630,0,0,0,0,47,0,0,0,0,0,0,0,0,0,0,0,0,0,0,0,0,0,0,0,0,0,0,0,86,0,63,0,0,0,0,0
70,0,15,0,0,0,0,0,487630,0,0,0,0,41,0,0,0,0,0,0,0,0,0,0,0,0,0,0,0,0,0,0,0,0,0,0,0,39,0,88,0,0,0,0,0
71,0,0,0,0,0,0,0,975226,0,0,4104,266240,136,0,0,0,0,0,9852,0,0,0,0,0,0,0,0,4104,4104,0,118784,0,335764,266240,0,1321,0,136,284,0,0,0,0,511525
71,0,1,0,0,0,0,0,487613,9852,0,0,0,3637,0,0,0,0,0,0,0,0,0,0,0,0,0,0,0,2985,0,59392,0,112747,0,0,532,558,889,6376,0,0,183936,0,0
71,0,2,0,0,0,0,0,487613,0,0,0,0,686,71680,0,0,0,0,0,0,0,0,0,0,0,0,0,0,0,0,0,0,59188,63487,0,246,1125,904,1474,0,0,126597,0,63500
71,0,3,0,0,0,0,0,487613,0,0,0,0,696,71680,0,0,0,0,0,0,0,0,0,0,0,0,0,0,0,0,0,0,0,62566,0,97,421,0,1103,0,0,6582,0,67434
71,0,4,0,0,0,0,0,487613,0,0,0,0,675,71680,0,0,0,0,0,0,0,0,0,0,0,0,0,0,0,0,0,0,0,63488,0,87,0,442,1078,126490,0,0,0,64039
71,0,5,0,0,0,0,0,487613,0,0,0,0,645,71680,0,0,0,0,0,0,0,0,0,0,0,0,0,0,0,0,0,0,0,63487,1576,150,0,1,1284,0,0,6147,0,67588
71,0,6,0,0,0,0,0,487613,0,0,0,0,47,0,0,0,0,0,0,0,0,0,0,0,0,0,0,0,0,0,0,0,0,0,0,43,98,1,52,0,0,0,0,0
71,0,7,0,0,0,0,0,487613,0,0,0,0,53,0,0,0,0,0,0,0,0,0,0,0,0,0,0,0,0,0,0,0,0,0,0,101,39,0,140,0,0,0,0,0
71,0,8,0,0,0,0,0,487613,0,0,0,0,53,0,0,0,0,0,0,0,0,0,0,0,0,0,0,0,0,0,0,0,0,0,0,52,0,39,110,0,0,0,0,0
71,0,9,0,0,0,0,0,487613,0,0,0,0,47,0,0,0,0,0,0,0,0,0,0,0,0,0,0,0,0,0,0,0,0,0,380,40,0,0,53,0,0,0,0,0
71,0,10,0,0,0,0,0,487613,0,0,0,0,53,0,0,0,0,0,0,0,0,0,0,0,0,0,0,0,0,0,0,0,0,0,0,82,86,0,124,0,0,0,0,0
71,0,11,0,0,0,0,0,487613,0,0,0,0,47,0,0,0,0,0,0,0,0,0,0,0,0,0,0,0,0,0,0,0,0,0,0,41,45,0,131,0,0,0,0,0
71,0,12,0,0,0,0,0,487613,0,0,0,0,47,0,0,0,0,0,0,0,0,0,0,0,0,0,0,0,0,0,0,0,0,0,0,0,0,45,93,0,0,0,0,0
71,0,13,0,0,0,0,0,487613,0,0,0,0,53,0,0,0,0,0,0,0,0,0,0,0,0,0,0,0,0,0,0,0,0,0,172,0,0,0,111,0,0,0,0,0
71,0,14,0,0,0,0,0,487613,0,0,0,0,47,0,0,0,0,0,0,0,0,0,0,0,0,0,0,0,0,0,0,0,0,0,0,0,86,0,63,0,0,0,0,0
71,0,15,0,0,0,0,0,487613,0,0,0,0,41,0,0,0,0,0,0,0,0,0,0,0,0,0,0,0,0,0,0,0,0,0,0,0,39,0,90,0,0,0,0,0
72,0,0,0,0,0,0,0,975185,0,0,4104,266240,136,0,0,0,0,0,9852,0,0,0,0,0,0,0,0,4104,4104,0,118784,0,335765,266240,0,1321,0,136,284,0,0,0,0,511413
72,0,1,0,0,0,0,0,487592,9852,0,0,0,3644,0,0,0,0,0,0,0,0,0,0,0,0,0,0,0,2986,0,59392,0,112746,0,0,479,491,1002,6375,0,0,183966,0,0
72,0,2,0,0,0,0,0,487592,0,0,0,0,684,71680,0,0,0,0,0,0,0,0,0,0,0,0,0,0,0,0,0,0,59190,63487,0,250,1097,846,1412,0,0,126593,0,63500
72,0,3,0,0,0,0,0,487592,0,0,0,0,665,71680,0,0,0,0,0,0,0,0,0,0,0,0,0,0,0,0,0,0,0,62565,0,100,452,0,1127,0,0,6585,0,67432
72,0,4,0,0,0,0,0,487592,0,0,0,0,728,71680,0,0,0,0,0,0,0,0,0,0,0,0,0,0,0,0,0,0,0,63488,0,87,0,389,1064,126466,0,0,0,64057
72,0,5,0,0,0,0,0,487592,0,0,0,0,665,71680,0,0,0,0,0,0,0,0,0,0,0,0,0,0,0,0,0,0,0,63487,1612,150,0,1,1357,0,0,6144,0,67588
72,0,6,0,0,0,0,0,487592,0,0,0,0,50,0,0,0,0,0,0,0,0,0,0,0,0,0,0,0,0,0,0,0,0,0,0,39,95,1,55,0,0,0,0,0
72,0,7,0,0,0,0,0,487592,0,0,0,0,53,0,0,0,0,0,0,0,0,0,0,0,0,0,0,0,0,0,0,0,0,0,0,100,39,0,138,0,0,0,0,0
72,0,8,0,0,0,0,0,487592,0,0,0,0,56,0,0,0,0,0,0,0,0,0,0,0,0,0,0,0,0,0,0,0,0,0,0,52,0,36,113,0,0,0,0,0
72,0,9,0,0,0,0,0,487592,0,0,0,0,50,0,0,0,0,0,0,0,0,0,0,0,0,0,0,0,0,0,0,0,0,0,380,40,0,0,56,0,0,0,0,0
72,0,10,0,0,0,0,0,487592,0,0,0,0,56,0,0,0,0,0,0,0,0,0,0,0,0,0,0,0,0,0,0,0,0,0,0,86,86,0,127,0,0,0,0,0
72,0,11,0,0,0,0,0,487592,0,0,0,0,50,0,0,0,0,0,0,0,0,0,0,0,0,0,0,0,0,0,0,0,0,0,0,42,42,0,4294967190,0,0,0,0,0
72,0,12,0,0,0,0,0,487592,0,0,0,0,50,0,0,0,0,0,0,0,0,0,0,0,0,0,0,0,0,0,0,0,0,0,0,0,0,42,96,0,0,0,0,0
72,0,13,0,0,0,0,0,487592,0,0,0,0,56,0,0,0,0,0,0,0,0,0,0,0,0,0,0,0,0,0,0,0,0,0,172,0,0,0,114,0,0,0,0,0
72,0,14,0,0,0,0,0,487592,0,0,0,0,50,0,0,0,0,0,0,0,0,0,0,0,0,0,0,0,0,0,0,0,0,0,0,0,86,0,62,0,0,0,0,0
72,0,15,0,0,0,0,0,487592,0,0,0,0,44,0,0,0,0,0,0,0,0,0,0,0,0,0,0,0,0,0,0,0,0,0,0,0,36,0,92,0,0,0,0,0
73,0,0,0,0,0,0,0,1293820,0,0,5464,399360,136,0,0,0,0,0,11904,0,0,0,0,0,0,0,0,5464,5464,0,118579,0,539609,399360,0,985,0,136,284,0,0,0,0,928149
73,0,1,0,0,0,0,0,646910,11904,0,0,0,4517,0,0,0,0,0,0,0,0,0,0,0,0,0,0,0,2545,0,58835,0,223280,0,0,472,438,1551,8089,0,0,175127,0,0
73,0,2,0,0,0,0,0,646910,0,0,0,0,498,71680,0,0,0,0,0,0,0,0,0,0,0,0,0,0,0,0,58842,0,113689,63136,0,1002,766,1411,1007,0,0,111312,0,66618
73,0,3,0,0,0,0,0,646910,0,0,0,0,488,71680,0,0,0,0,0,0,0,0,0,0,0,0,0,0,0,0,58419,0,0,63436,0,552,288,0,757,0,0,62482,0,62790
73,0,4,0,0,0,0,0,646910,0,0,0,0,503,71680,0,0,0,0,0,0,0,0,0,0,0,0,0,0,0,0,0,0,0,63469,0,87,0,278,786,342273,0,0,0,65003
73,0,5,0,0,0,0,0,646910,0,0,0,0,767,71680,0,0,0,0,0,0,0,0,0,0,0,0,0,0,0,0,0,0,0,63345,2458,150,0,2,1518,0,0,325477,0,63306
73,0,6,0,0,0,0,0,646910,0,0,0,0,790,71680,0,0,0,0,0,0,0,0,0,0,0,0,0,0,0,0,0,0,0,63239,0,43,1293,0,1202,0,0,161160,0,64521
73,0,7,0,0,0,0,0,646910,0,0,0,0,831,71680,0,0,0,0,0,0,0,0,0,0,0,0,0,0,0,0,0,0,0,62688,0,102,422,0,1627,0,0,50260,0,66035
73,0,8,0,0,0,0,0,646910,0,0,0,0,53,0,0,0,0,0,0,0,0,0,0,0,0,0,0,0,0,0,0,0,0,0,0,52,0,39,110,0,0,0,0,0
73,0,9,0,0,0,0,0,646910,0,0,0,0,47,0,0,0,0,0,0,0,0,0,0,0,0,0,0,0,0,0,0,0,0,0,380,40,0,0,53,0,0,0,0,0
73,0,10,0,0,0,0,0,646910,0,0,0,0,53,0,0,0,0,0,0,0,0,0,0,0,0,0,0,0,0,0,0,0,0,0,0,82,86,0,124,0,0,0,0,0
73,0,11,0,0,0,0,0,646910,0,0,0,0,47,0,0,0,0,0,0,0,0,0,0,0,0,0,0,0,0,0,0,0,0,0,0,42,45,0,4294967187,0,0,0,0,0
73,0,12,0,0,0,0,0,646910,0,0,0,0,47,0,0,0,0,0,0,0,0,0,0,0,0,0,0,0,0,0,0,0,0,0,0,0,0,45,93,0,0,0,0,0
73,0,13,0,0,0,0,0,646910,0,0,0,0,53,0,0,0,0,0,0,0,0,0,0,0,0,0,0,0,0,0,0,0,0,0,172,0,0,0,111,0,0,0,0,0
73,0,14,0,0,0,0,0,646910,0,0,0,0,47,0,0,0,0,0,0,0,0,0,0,0,0,0,0,0,0,0,0,0,0,0,0,0,86,0,63,0,0,0,0,0
73,0,15,0,0,0,0,0,646910,0,0,0,0,41,0,0,0,0,0,0,0,0,0,0,0,0,0,0,0,0,0,0,0,0,0,0,0,39,0,91,0,0,0,0,0
74,0,0,0,0,0,0,0,1269926,0,0,5434,399360,136,0,0,0,0,0,11859,0,0,0,0,0,0,0,0,5434,5434,0,117882,0,539573,399360,0,989,0,136,284,0,0,0,0,885420
74,0,1,0,0,0,0,0,634963,11859,0,0,0,4632,0,0,0,0,0,0,0,0,0,0,0,0,0,0,0,2415,0,58554,0,223544,0,0,450,412,1454,8130,0,0,150951,0,0
74,0,2,0,0,0,0,0,634963,0,0,0,0,503,71680,0,0,0,0,0,0,0,0,0,0,0,0,0,0,0,0,59026,0,113562,63348,0,1028,777,1474,1027,0,0,120855,0,63777
74,0,3,0,0,0,0,0,634963,0,0,0,0,505,71680,0,0,0,0,0,0,0,0,0,0,0,0,0,0,0,0,58214,0,0,63279,0,525,269,0,742,0,0,22987,0,65965
74,0,4,0,0,0,0,0,634963,0,0,0,0,520,71680,0,0,0,0,0,0,0,0,0,0,0,0,0,0,0,0,0,0,0,63434,0,87,0,265,778,322320,0,0,0,65085
74,0,5,0,0,0,0,0,634963,0,0,0,0,709,71680,0,0,0,0,0,0,0,0,0,0,0,0,0,0,0,0,0,0,0,63277,2491,150,0,1,1440,0,0,299574,0,63868
74,0,6,0,0,0,0,0,634963,0,0,0,0,795,71680,0,0,0,0,0,0,0,0,0,0,0,0,0,0,0,0,0,0,0,63225,0,39,1306,1,1191,0,0,162408,0,64547
74,0,7,0,0,0,0,0,634963,0,0,0,0,843,71680,0,0,0,0,0,0,0,0,0,0,0,0,0,0,0,0,0,0,0,62726,0,100,416,0,1673,0,0,46693,0,66064
74,0,8,0,0,0,0,0,634963,0,0,0,0,56,0,0,0,0,0,0,0,0,0,0,0,0,0,0,0,0,0,0,0,0,0,0,52,0,36,113,0,0,0,0,0
74,0,9,0,0,0,0,0,634963,0,0,0,0,50,0,0,0,0,0,0,0,0,0,0,0,0,0,0,0,0,0,0,0,0,0,380,40,0,0,56,0,0,0,0,0
74,0,10,0,0,0,0,0,634963,0,0,0,0,56,0,0,0,0,0,0,0,0,0,0,0,0,0,0,0,0,0,0,0,0,0,0,86,86,0,127,0,0,0,0,0
74,0,11,0,0,0,0,0,634963,0,0,0,0,50,0,0,0,0,0,0,0,0,0,0,0,0,0,0,0,0,0,0,0,0,0,0,44,42,0,4294967222,0,0,0,0,0
74,0,12,0,0,0,0,0,634963,0,0,0,0,50,0,0,0,0,0,0,0,0,0,0,0,0,0,0,0,0,0,0,0,0,0,0,0,0,42,96,0,0,0,0,0
74,0,13,0,0,0,0,0,634963,0,0,0,0,56,0,0,0,0,0,0,0,0,0,0,0,0,0,0,0,0,0,0,0,0,0,172,0,0,0,114,0,0,0,0,0
74,0,14,0,0,0,0,0,634963,0,0,0,0,50,0,0,0,0,0,0,0,0,0,0,0,0,0,0,0,0,0,0,0,0,0,0,0,86,0,62,0,0,0,0,0
74,0,15,0,0,0,0,0,634963,0,0,0,0,44,0,0,0,0,0,0,0,0,0,0,0,0,0,0,0,0,0,0,0,0,0,0,0,36,0,92,0,0,0,0,0
75,0,0,0,0,0,0,0,1305764,0,0,5490,399360,136,0,0,0,0,0,11943,0,0,0,0,0,0,0,0,5490,5490,0,118437,0,539067,399360,0,983,0,136,284,0,0,0,0,946162
75,0,1,0,0,0,0,0,652882,11943,0,0,0,4542,0,0,0,0,0,0,0,0,0,0,0,0,0,0,0,2448,0,58729,0,223124,0,0,491,428,1543,8076,0,0,169719,0,0
75,0,2,0,0,0,0,0,652882,0,0,0,0,505,71680,0,0,0,0,0,0,0,0,0,0,0,0,0,0,0,0,58737,0,113445,63190,0,1005,759,1421,1012,0,0,116849,0,65525
75,0,3,0,0,0,0,0,652882,0,0,0,0,487,71680,0,0,0,0,0,0,0,0,0,0,0,0,0,0,0,0,58329,0,0,63354,0,541,289,0,759,0,0,50299,0,63795
75,0,4,0,0,0,0,0,652882,0,0,0,0,505,71680,0,0,0,0,0,0,0,0,0,0,0,0,0,0,0,0,0,0,0,63483,0,87,0,274,779,349785,0,0,0,64929
75,0,5,0,0,0,0,0,652882,0,0,0,0,766,71680,0,0,0,0,0,0,0,0,0,0,0,0,0,0,0,0,0,0,0,63368,2529,150,0,1,1522,0,0,338583,0,63301
75,0,6,0,0,0,0,0,652882,0,0,0,0,800,71680,0,0,0,0,0,0,0,0,0,0,0,0,0,0,0,0,0,0,0,63244,0,39,1254,2,1215,0,0,158234,0,64706
75,0,7,0,0,0,0,0,652882,0,0,0,0,801,71680,0,0,0,0,0,0,0,0,0,0,0,0,0,0,0,0,0,0,0,62721,0,99,454,0,1611,0,0,50433,0,66088
75,0,8,0,0,0,0,0,652882,0,0,0,0,56,0,0,0,0,0,0,0,0,0,0,0,0,0,0,0,0,0,0,0,0,0,0,52,0,36,113,0,0,0,0,0
75,0,9,0,0,0,0,0,652882,0,0,0,0,50,0,0,0,0,0,0,0,0,0,0,0,0,0,0,0,0,0,0,0,0,0,380,40,0,0,56,0,0,0,0,0
75,0,10,0,0,0,0,0,652882,0,0,0,0,56,0,0,0,0,0,0,0,0,0,0,0,0,0,0,0,0,0,0,0,0,0,0,86,86,0,127,0,0,0,0,0
75,0,11,0,0,0,0,0,652882,0,0,0,0,50,0,0,0,0,0,0,0,0,0,0,0,0,0,0,0,0,0,0,0,0,0,0,45,42,0,102,0,0,0,0,0
75,0,12,0,0,0,0,0,652882,0,0,0,0,50,0,0,0,0,0,0,0,0,0,0,0,0,0,0,0,0,0,0,0,0,0,0,0,0,42,96,0,0,0,0,0
75,0,13,0,0,0,0,0,652882,0,0,0,0,56,0,0,0,0,0,0,0,0,0,0,0,0,0,0,0,0,0,0,0,0,0,172,0,0,0,114,0,0,0,0,0
75,0,14,0,0,0,0,0,652882,0,0,0,0,50,0,0,0,0,0,0,0,0,0,0,0,0,0,0,0,0,0,0,0,0,0,0,0,86,0,62,0,0,0,0,0
75,0,15,0,0,0,0,0,652882,0,0,0,0,44,0,0,0,0,0,0,0,0,0,0,0,0,0,0,0,0,0,0,0,0,0,0,0,36,0,91,0,0,0,0,0
76,0,0,0,0,0,0,0,1477526,0,0,6888,532480,136,0,0,0,0,0,14049,0,0,0,0,0,0,0,0,6888,6888,0,227920,0,646073,532480,0,1804,0,136,284,0,0,0,0,1038641
76,0,1,0,0,0,0,0,738763,14049,0,0,0,5655,0,0,0,0,0,0,0,0,0,0,0,0,0,0,0,3483,0,115167,0,223048,0,0,651,673,1425,9824,0,0,143876,0,0
76,0,2,0,0,0,0,0,738763,0,0,0,0,396,71680,0,0,0,0,0,0,0,0,0,0,0,0,0,0,0,0,58286,0,114206,63153,0,1011,637,1433,851,0,0,103826,0,66035
76,0,3,0,0,0,0,0,738763,0,0,0,0,403,71680,0,0,0,0,0,0,0,0,0,0,0,0,0,0,0,0,58709,0,0,63130,0,525,228,0,602,0,0,24775,0,66376
76,0,4,0,0,0,0,0,738763,0,0,0,0,455,71680,0,0,0,0,0,0,0,0,0,0,0,0,0,0,0,0,58368,0,0,63309,0,379,0,272,683,404343,0,0,0,65271
76,0,5,0,0,0,0,0,738763,0,0,0,0,681,71680,0,0,0,0,0,0,0,0,0,0,0,0,0,0,0,0,58667,0,0,63262,3410,756,0,0,1402,0,0,399655,0,64397
76,0,6,0,0,0,0,0,738763,0,0,0,0,908,71680,0,0,0,0,0,0,0,0,0,0,0,0,0,0,0,0,0,0,0,63340,0,43,1270,2,1383,0,0,263620,0,65132
76,0,7,0,0,0,0,0,738763,0,0,0,0,853,71680,0,0,0,0,0,0,0,0,0,0,0,0,0,0,0,0,0,0,0,63184,0,101,471,0,1748,0,0,94821,0,64812
76,0,8,0,0,0,0,0,738763,0,0,0,0,636,71680,0,0,0,0,0,0,0,0,0,0,0,0,0,0,0,0,0,0,0,62968,0,52,0,327,1274,237191,0,0,0,64139
76,0,9,0,0,0,0,0,738763,0,0,0,0,623,71680,0,0,0,0,0,0,0,0,0,0,0,0,0,0,0,0,0,0,0,63284,1257,40,0,1,896,0,0,69907,0,64484
76,0,10,0,0,0,0,0,738763,0,0,0,0,53,0,0,0,0,0,0,0,0,0,0,0,0,0,0,0,0,0,0,0,0,0,0,82,86,1,124,0,0,0,0,0
76,0,11,0,0,0,0,0,738763,0,0,0,0,47,0,0,0,0,0,0,0,0,0,0,0,0,0,0,0,0,0,0,0,0,0,0,44,45,0,147,0,0,0,0,0
76,0,12,0,0,0,0,0,738763,0,0,0,0,47,0,0,0,0,0,0,0,0,0,0,0,0,0,0,0,0,0,0,0,0,0,0,0,0,45,93,0,0,0,0,0
76,0,13,0,0,0,0,0,738763,0,0,0,0,53,0,0,0,0,0,0,0,0,0,0,0,0,0,0,0,0,0,0,0,0,0,172,0,0,0,111,0,0,0,0,0
76,0,14,0,0,0,0,0,738763,0,0,0,0,47,0,0,0,0,0,0,0,0,0,0,0,0,0,0,0,0,0,0,0,0,0,0,0,86,0,63,0,0,0,0,0
76,0,15,0,0,0,0,0,738763,0,0,0,0,41,0,0,0,0,0,0,0,0,0,0,0,0,0,0,0,0,0,0,0,0,0,0,0,39,0,91,0,0,0,0,0
77,0,0,0,0,0,0,0,1482462,0,0,6874,532480,136,0,0,0,0,0,14031,0,0,0,0,0,0,0,0,6874,6874,0,227922,0,645422,532480,0,1804,0,136,284,0,0,0,0,1038939
77,0,1,0,0,0,0,0,741231,14031,0,0,0,5675,0,0,0,0,0,0,0,0,0,0,0,0,0,0,0,3639,0,114842,0,222920,0,0,673,670,1372,9903,0,0,137246,0,0
77,0,2,0,0,0,0,0,741231,0,0,0,0,406,71680,0,0,0,0,0,0,0,0,0,0,0,0,0,0,0,0,58912,0,113870,63171,0,1083,634,1434,832,0,0,102071,0,65704
77,0,3,0,0,0,0,0,741231,0,0,0,0,412,71680,0,0,0,0,0,0,0,0,0,0,0,0,0,0,0,0,58315,0,0,63147,0,523,218,0,609,0,0,19027,0,66809
77,0,4,0,0,0,0,0,741231,0,0,0,0,468,71680,0,0,0,0,0,0,0,0,0,0,0,0,0,0,0,0,58391,0,0,63298,0,373,0,259,697,409559,0,0,0,65215
77,0,5,0,0,0,0,0,741231,0,0,0,0,671,71680,0,0,0,0,0,0,0,0,0,0,0,0,0,0,0,0,58569,0,0,63283,3340,749,0,1,1373,0,0,403681,0,64333
77,0,6,0,0,0,0,0,741231,0,0,0,0,860,71680,0,0,0,0,0,0,0,0,0,0,0,0,0,0,0,0,0,0,0,63285,0,39,1344,1,1263,0,0,260313,0,63849
77,0,7,0,0,0,0,0,741231,0,0,0,0,884,71680,0,0,0,0,0,0,0,0,0,0,0,0,0,0,0,0,0,0,0,62929,0,101,437,0,1777,0,0,90515,0,65362
77,0,8,0,0,0,0,0,741231,0,0,0,0,636,71680,0,0,0,0,0,0,0,0,0,0,0,0,0,0,0,0,0,0,0,63005,0,52,0,327,1280,238109,0,0,0,64074
77,0,9,0,0,0,0,0,741231,0,0,0,0,617,71680,0,0,0,0,0,0,0,0,0,0,0,0,0,0,0,0,0,0,0,63289,1263,40,0,1,897,0,0,67731,0,64570
77,0,10,0,0,0,0,0,741231,0,0,0,0,56,0,0,0,0,0,0,0,0,0,0,0,0,0,0,0,0,0,0,0,0,0,0,86,86,1,127,0,0,0,0,0
77,0,11,0,0,0,0,0,741231,0,0,0,0,50,0,0,0,0,0,0,0,0,0,0,0,0,0,0,0,0,0,0,0,0,0,0,44,42,0,182,0,0,0,0,0
77,0,12,0,0,0,0,0,741231,0,0,0,0,50,0,0,0,0,0,0,0,0,0,0,0,0,0,0,0,0,0,0,0,0,0,0,0,0,42,96,0,0,0,0,0
77,0,13,0,0,0,0,0,741231,0,0,0,0,56,0,0,0,0,0,0,0,0,0,0,0,0,0,0,0,0,0,0,0,0,0,172,0,0,0,114,0,0,0,0,0
77,0,14,0,0,0,0,0,741231,0,0,0,0,50,0,0,0,0,0,0,0,0,0,0,0,0,0,0,0,0,0,0,0,0,0,0,0,86,0,62,0,0,0,0,0
77,0,15,0,0,0,0,0,741231,0,0,0,0,44,0,0,0,0,0,0,0,0,0,0,0,0,0,0,0,0,0,0,0,0,0,0,0,36,0,94,0,0,0,0,0
78,0,0,0,0,0,0,0,1484175,0,0,6870,532480,136,0,0,0,0,0,14025,0,0,0,0,0,0,0,0,6870,6870,0,227863,0,645155,532480,0,1806,0,136,284,0,0,0,0,1042590
78,0,1,0,0,0,0,0,742088,14025,0,0,0,5630,0,0,0,0,0,0,0,0,0,0,0,0,0,0,0,3622,0,114834,0,222803,0,0,684,674,1398,9840,0,0,139115,0,0
78,0,2,0,0,0,0,0,742088,0,0,0,0,406,71680,0,0,0,0,0,0,0,0,0,0,0,0,0,0,0,0,58887,0,113794,63155,0,1056,619,1432,836,0,0,102963,0,65745
78,0,3,0,0,0,0,0,742088,0,0,0,0,395,71680,0,0,0,0,0,0,0,0,0,0,0,0,0,0,0,0,58253,0,0,63159,0,524,236,0,592,0,0,20873,0,66680
78,0,4,0,0,0,0,0,742088,0,0,0,0,476,71680,0,0,0,0,0,0,0,0,0,0,0,0,0,0,0,0,58362,0,0,63313,0,380,0,253,702,407850,0,0,0,65251
78,0,5,0,0,0,0,0,742088,0,0,0,0,659,71680,0,0,0,0,0,0,0,0,0,0,0,0,0,0,0,0,58625,0,0,63305,3369,734,0,1,1357,0,0,396142,0,64316
78,0,6,0,0,0,0,0,742088,0,0,0,0,864,71680,0,0,0,0,0,0,0,0,0,0,0,0,0,0,0,0,0,0,0,63315,0,39,1347,1,1294,0,0,264419,0,64052
78,0,7,0,0,0,0,0,742088,0,0,0,0,891,71680,0,0,0,0,0,0,0,0,0,0,0,0,0,0,0,0,0,0,0,62892,0,101,430,0,1783,0,0,90707,0,65465
78,0,8,0,0,0,0,0,742088,0,0,0,0,629,71680,0,0,0,0,0,0,0,0,0,0,0,0,0,0,0,0,0,0,0,62988,0,52,0,334,1266,239376,0,0,0,64091
78,0,9,0,0,0,0,0,742088,0,0,0,0,630,71680,0,0,0,0,0,0,0,0,0,0,0,0,0,0,0,0,0,0,0,63246,1243,40,0,1,925,0,0,71632,0,64448
78,0,10,0,0,0,0,0,742088,0,0,0,0,56,0,0,0,0,0,0,0,0,0,0,0,0,0,0,0,0,0,0,0,0,0,0,86,86,1,127,0,0,0,0,0
78,0,11,0,0,0,0,0,742088,0,0,0,0,50,0,0,0,0,0,0,0,0,0,0,0,0,0,0,0,0,0,0,0,0,0,0,44,42,0,134,0,0,0,0,0
78,0,12,0,0,0,0,0,742088,0,0,0,0,50,0,0,0,0,0,0,0,0,0,0,0,0,0,0,0,0,0,0,0,0,0,0,0,0,42,96,0,0,0,0,0
78,0,13,0,0,0,0,0,742088,0,0,0,0,56,0,0,0,0,0,0,0,0,0,0,0,0,0,0,0,0,0,0,0,0,0,172,0,0,0,114,0,0,0,0,0
78,0,14,0,0,0,0,0,742088,0,0,0,0,50,0,0,0,0,0,0,0,0,0,0,0,0,0,0,0,0,0,0,0,0,0,0,0,86,0,62,0,0,0,0,0
78,0,15,0,0,0,0,0,742088,0,0,0,0,44,0,0,0,0,0,0,0,0,0,0,0,0,0,0,0,0,0,0,0,0,0,0,0,36,0,94,0,0,0,0,0
79,0,0,0,0,0,0,0,1793828,0,0,8368,665600,136,0,0,0,0,0,16284,0,0,0,0,0,0,0,0,8368,8368,0,228168,0,843620,665600,0,1572,0,136,284,0,0,0,0,1324064
79,0,1,0,0,0,0,0,896914,16284,0,0,0,6625,0,0,0,0,0,0,0,0,0,0,0,0,0,0,0,4221,0,114483,0,325995,0,0,696,607,1958,11520,0,0,140602,0,0
79,0,2,0,0,0,0,0,896914,0,0,0,0,338,71680,0,0,0,0,0,0,0,0,0,0,0,0,0,0,0,0,114273,0,165823,63162,0,1735,538,2013,718,0,0,103871,0,65386
79,0,3,0,0,0,0,0,896914,0,0,0,0,344,71680,0,0,0,0,0,0,0,0,0,0,0,0,0,0,0,0,114247,0,0,63106,0,872,189,0,497,0,0,18025,0,66839
79,0,4,0,0,0,0,0,896914,0,0,0,0,393,71680,0,0,0,0,0,0,0,0,0,0,0,0,0,0,0,0,58455,0,0,63281,0,358,0,200,575,541362,0,0,0,65403
79,0,5,0,0,0,0,0,896914,0,0,0,0,563,71680,0,0,0,0,0,0,0,0,0,0,0,0,0,0,0,0,58669,0,0,63290,4259,815,0,0,1132,0,0,463670,0,63782
79,0,6,0,0,0,0,0,896914,0,0,0,0,658,71680,0,0,0,0,0,0,0,0,0,0,0,0,0,0,0,0,58897,0,0,63241,0,452,1022,2,979,0,0,305974,0,63201
79,0,7,0,0,0,0,0,896914,0,0,0,0,658,71680,0,0,0,0,0,0,0,0,0,0,0,0,0,0,0,0,58475,0,0,63093,0,922,365,0,1363,0,0,113833,0,63414
79,0,8,0,0,0,0,0,896914,0,0,0,0,568,71680,0,0,0,0,0,0,0,0,0,0,0,0,0,0,0,0,0,0,0,63050,0,52,0,297,1129,597116,0,0,0,63493
79,0,9,0,0,0,0,0,896914,0,0,0,0,732,71680,0,0,0,0,0,0,0,0,0,0,0,0,0,0,0,0,0,0,0,63319,2518,40,0,0,1098,0,0,497528,0,63204
79,0,10,0,0,0,0,0,896914,0,0,0,0,920,71680,0,0,0,0,0,0,0,0,0,0,0,0,0,0,0,0,0,0,0,63294,0,82,1357,2,1863,0,0,371880,0,63808
79,0,11,0,0,0,0,0,896914,0,0,0,0,907,71680,0,0,0,0,0,0,0,0,0,0,0,0,0,0,0,0,0,0,0,63236,0,45,464,0,1525,0,0,141410,0,64590
79,0,12,0,0,0,0,0,896914,0,0,0,0,47,0,0,0,0,0,0,0,0,0,0,0,0,0,0,0,0,0,0,0,0,0,0,0,0,45,93,0,0,0,0,0
79,0,13,0,0,0,0,0,896914,0,0,0,0,53,0,0,0,0,0,0,0,0,0,0,0,0,0,0,0,0,0,0,0,0,0,172,0,0,0,111,0,0,0,0,0
79,0,14,0,0,0,0,0,896914,0,0,0,0,47,0,0,0,0,0,0,0,0,0,0,0,0,0,0,0,0,0,0,0,0,0,0,0,86,0,63,0,0,0,0,0
79,0,15,0,0,0,0,0,896914,0,0,0,0,41,0,0,0,0,0,0,0,0,0,0,0,0,0,0,0,0,0,0,0,0,0,0,0,39,0,92,0,0,0,0,0
80,0,0,0,0,0,0,0,1788321,0,0,8352,665600,136,0,0,0,0,0,16257,0,0,0,0,0,0,0,0,8352,8352,0,228169,0,844110,665600,0,1584,0,136,284,0,0,0,0,1321853
80,0,1,0,0,0,0,0,894161,16257,0,0,0,6622,0,0,0,0,0,0,0,0,0,0,0,0,0,0,0,4196,0,114593,0,325871,0,0,692,597,1959,11487,0,0,143047,0,0
80,0,2,0,0,0,0,0,894161,0,0,0,0,341,71680,0,0,0,0,0,0,0,0,0,0,0,0,0,0,0,0,114361,0,166117,63185,0,1704,527,2025,711,0,0,104310,0,65734
80,0,3,0,0,0,0,0,894161,0,0,0,0,339,71680,0,0,0,0,0,0,0,0,0,0,0,0,0,0,0,0,114351,0,0,63152,0,845,189,0,494,0,0,23196,0,66486
80,0,4,0,0,0,0,0,894161,0,0,0,0,395,71680,0,0,0,0,0,0,0,0,0,0,0,0,0,0,0,0,58464,0,0,63295,0,350,0,204,574,542725,0,0,0,65400
80,0,5,0,0,0,0,0,894161,0,0,0,0,550,71680,0,0,0,0,0,0,0,0,0,0,0,0,0,0,0,0,58780,0,0,63291,4284,829,0,1,1109,0,0,454456,0,63877
80,0,6,0,0,0,0,0,894161,0,0,0,0,666,71680,0,0,0,0,0,0,0,0,0,0,0,0,0,0,0,0,58358,0,0,63263,0,474,1025,1,986,0,0,299443,0,63385
80,0,7,0,0,0,0,0,894161,0,0,0,0,671,71680,0,0,0,0,0,0,0,0,0,0,0,0,0,0,0,0,58735,0,0,63098,0,939,350,0,1377,0,0,112368,0,63365
80,0,8,0,0,0,0,0,894161,0,0,0,0,569,71680,0,0,0,0,0,0,0,0,0,0,0,0,0,0,0,0,0,0,0,63044,0,52,0,302,1144,590714,0,0,0,63165
80,0,9,0,0,0,0,0,894161,0,0,0,0,739,71680,0,0,0,0,0,0,0,0,0,0,0,0,0,0,0,0,0,0,0,63278,2490,40,0,1,1089,0,0,495685,0,63245
80,0,10,0,0,0,0,0,894161,0,0,0,0,922,71680,0,0,0,0,0,0,0,0,0,0,0,0,0,0,0,0,0,0,0,63323,0,86,1360,1,1831,0,0,360609,0,65044
80,0,11,0,0,0,0,0,894161,0,0,0,0,919,71680,0,0,0,0,0,0,0,0,0,0,0,0,0,0,0,0,0,0,0,63316,0,47,443,0,1778,0,0,146801,0,63537
80,0,12,0,0,0,0,0,894161,0,0,0,0,50,0,0,0,0,0,0,0,0,0,0,0,0,0,0,0,0,0,0,0,0,0,0,0,0,42,96,0,0,0,0,0
80,0,13,0,0,0,0,0,894161,0,0,0,0,56,0,0,0,0,0,0,0,0,0,0,0,0,0,0,0,0,0,0,0,0,0,172,0,0,0,114,0,0,0,0,0
80,0,14,0,0,0,0,0,894161,0,0,0,0,50,0,0,0,0,0,0,0,0,0,0,0,0,0,0,0,0,0,0,0,0,0,0,0,86,0,62,0,0,0,0,0
80,0,15,0,0,0,0,0,894161,0,0,0,0,44,0,0,0,0,0,0,0,0,0,0,0,0,0,0,0,0,0,0,0,0,0,0,0,36,0,93,0,0,0,0,0
81,0,0,0,0,0,0,0,1777087,0,0,8322,665600,136,0,0,0,0,0,16212,0,0,0,0,0,0,0,0,8322,8322,0,228046,0,844181,665600,0,1578,0,136,284,0,0,0,0,1313855
81,0,1,0,0,0,0,0,888544,16212,0,0,0,6628,0,0,0,0,0,0,0,0,0,0,0,0,0,0,0,4211,0,114604,0,326177,0,0,677,597,1938,11497,0,0,140197,0,0
81,0,2,0,0,0,0,0,888544,0,0,0,0,333,71680,0,0,0,0,0,0,0,0,0,0,0,0,0,0,0,0,114342,0,165740,63222,0,1704,535,2029,694,0,0,102469,0,65612
81,0,3,0,0,0,0,0,888544,0,0,0,0,341,71680,0,0,0,0,0,0,0,0,0,0,0,0,0,0,0,0,114134,0,0,63138,0,826,187,0,499,0,0,20701,0,66601
81,0,4,0,0,0,0,0,888544,0,0,0,0,400,71680,0,0,0,0,0,0,0,0,0,0,0,0,0,0,0,0,58387,0,0,63304,0,347,0,193,582,539769,0,0,0,65361
81,0,5,0,0,0,0,0,888544,0,0,0,0,554,71680,0,0,0,0,0,0,0,0,0,0,0,0,0,0,0,0,58709,0,0,63274,4242,827,0,1,1132,0,0,458210,0,63818
81,0,6,0,0,0,0,0,888544,0,0,0,0,659,71680,0,0,0,0,0,0,0,0,0,0,0,0,0,0,0,0,58884,0,0,63258,0,460,1029,1,981,0,0,301167,0,63489
81,0,7,0,0,0,0,0,888544,0,0,0,0,672,71680,0,0,0,0,0,0,0,0,0,0,0,0,0,0,0,0,58483,0,0,63105,0,930,345,0,1394,0,0,114294,0,63445
81,0,8,0,0,0,0,0,888544,0,0,0,0,567,71680,0,0,0,0,0,0,0,0,0,0,0,0,0,0,0,0,0,0,0,63041,0,52,0,304,1145,594487,0,0,0,63195
81,0,9,0,0,0,0,0,888544,0,0,0,0,727,71680,0,0,0,0,0,0,0,0,0,0,0,0,0,0,0,0,0,0,0,63282,2507,40,0,2,1083,0,0,494526,0,63277
81,0,10,0,0,0,0,0,888544,0,0,0,0,894,71680,0,0,0,0,0,0,0,0,0,0,0,0,0,0,0,0,0,0,0,63236,0,82,1340,0,1813,0,0,358271,0,63989
81,0,11,0,0,0,0,0,888544,0,0,0,0,880,71680,0,0,0,0,0,0,0,0,0,0,0,0,0,0,0,0,0,0,0,63203,0,47,475,0,1970,0,0,129117,0,64779
81,0,12,0,0,0,0,0,888544,0,0,0,0,47,0,0,0,0,0,0,0,0,0,0,0,0,0,0,0,0,0,0,0,0,0,0,0,0,45,93,0,0,0,0,0
81,0,13,0,0,0,0,0,888544,0,0,0,0,53,0,0,0,0,0,0,0,0,0,0,0,0,0,0,0,0,0,0,0,0,0,172,0,0,0,111,0,0,0,0,0
81,0,14,0,0,0,0,0,888544,0,0,0,0,47,0,0,0,0,0,0,0,0,0,0,0,0,0,0,0,0,0,0,0,0,0,0,0,86,0,63,0,0,0,0,0
81,0,15,0,0,0,0,0,888544,0,0,0,0,41,0,0,0,0,0,0,0,0,0,0,0,0,0,0,0,0,0,0,0,0,0,0,0,39,0,90,0,0,0,0,0
82,0,0,0,0,0,0,0,2236083,0,0,10472,865280,136,0,0,0,0,0,19455,0,0,0,0,0,0,0,0,10472,10472,0,330430,0,1033608,865280,0,2371,0,136,284,0,0,0,0,1742720
82,0,1,0,0,0,0,0,1118042,19455,0,0,0,8028,0,0,0,0,0,0,0,0,0,0,0,0,0,0,0,5262,0,166084,0,374805,0,0,1006,883,2076,13728,0,0,137861,0,0
82,0,2,0,0,0,0,0,1118042,0,0,0,0,270,71680,0,0,0,0,0,0,0,0,0,0,0,0,0,0,0,0,167268,0,165205,63226,0,2289,430,1741,576,0,0,99897,0,65557
82,0,3,0,0,0,0,0,1118042,0,0,0,0,273,71680,0,0,0,0,0,0,0,0,0,0,0,0,0,0,0,0,113822,0,0,63146,0,731,156,0,403,0,0,20307,0,66356
82,0,4,0,0,0,0,0,1118042,0,0,0,0,310,71680,0,0,0,0,0,0,0,0,0,0,0,0,0,0,0,0,113732,0,0,63299,0,667,0,165,459,713406,0,0,0,65376
82,0,5,0,0,0,0,0,1118042,0,0,0,0,427,71680,0,0,0,0,0,0,0,0,0,0,0,0,0,0,0,0,114284,0,0,63270,5660,1615,0,1,869,0,0,459785,0,63455
82,0,6,0,0,0,0,0,1118042,0,0,0,0,514,71680,0,0,0,0,0,0,0,0,0,0,0,0,0,0,0,0,115035,0,0,63267,0,851,764,1,747,0,0,302613,0,63147
82,0,7,0,0,0,0,0,1118042,0,0,0,0,502,71680,0,0,0,0,0,0,0,0,0,0,0,0,0,0,0,0,58693,0,0,63076,0,898,273,0,1041,0,0,109345,0,63415
82,0,8,0,0,0,0,0,1118042,0,0,0,0,517,71680,0,0,0,0,0,0,0,0,0,0,0,0,0,0,0,0,58635,0,0,63102,0,704,0,264,1034,809203,0,0,0,63646
82,0,9,0,0,0,0,0,1118042,0,0,0,0,717,71680,0,0,0,0,0,0,0,0,0,0,0,0,0,0,0,0,58618,0,0,63266,3851,434,0,1,1062,0,0,781585,0,63386
82,0,10,0,0,0,0,0,1118042,0,0,0,0,827,71680,0,0,0,0,0,0,0,0,0,0,0,0,0,0,0,0,58500,0,0,63250,0,864,1313,1,1700,0,0,513779,0,63709
82,0,11,0,0,0,0,0,1118042,0,0,0,0,853,71680,0,0,0,0,0,0,0,0,0,0,0,0,0,0,0,0,0,0,0,63236,0,45,433,0,2037,0,0,209865,0,63473
82,0,12,0,0,0,0,0,1118042,0,0,0,0,711,71680,0,0,0,0,0,0,0,0,0,0,0,0,0,0,0,0,0,0,0,63278,0,0,0,380,1106,780677,0,0,0,63251
82,0,13,0,0,0,0,0,1118042,0,0,0,0,841,71680,0,0,0,0,0,0,0,0,0,0,0,0,0,0,0,0,0,0,0,63290,2038,0,0,1,1700,0,0,509339,0,63444
82,0,14,0,0,0,0,0,1118042,0,0,0,0,846,71680,0,0,0,0,0,0,0,0,0,0,0,0,0,0,0,0,0,0,0,63295,0,0,480,1,1275,0,0,196909,0,63704
82,0,15,0,0,0,0,0,1118042,0,0,0,0,41,0,0,0,0,0,0,0,0,0,0,0,0,0,0,0,0,0,0,0,0,0,0,0,39,0,94,0,0,0,0,0
83,0,0,0,0,0,0,0,2243988,0,0,10496,865280,136,0,0,0,0,0,19491,0,0,0,0,0,0,0,0,10496,10496,0,330352,0,1035017,865280,0,2381,0,136,284,0,0,0,0,1754992
83,0,1,0,0,0,0,0,1121994,19491,0,0,0,8097,0,0,0,0,0,0,0,0,0,0,0,0,0,0,0,5419,0,166479,0,375098,0,0,1004,867,2049,13889,0,0,140122,0,0
83,0,2,0,0,0,0,0,1121994,0,0,0,0,282,71680,0,0,0,0,0,0,0,0,0,0,0,0,0,0,0,0,167506,0,165055,63197,0,2311,421,1763,581,0,0,100257,0,65690
83,0,3,0,0,0,0,0,1121994,0,0,0,0,274,71680,0,0,0,0,0,0,0,0,0,0,0,0,0,0,0,0,113760,0,0,63138,0,729,157,0,390,0,0,23078,0,66219
83,0,4,0,0,0,0,0,1121994,0,0,0,0,307,71680,0,0,0,0,0,0,0,0,0,0,0,0,0,0,0,0,113717,0,0,63301,0,659,0,168,447,733730,0,0,0,65178
83,0,5,0,0,0,0,0,1121994,0,0,0,0,437,71680,0,0,0,0,0,0,0,0,0,0,0,0,0,0,0,0,114362,0,0,63252,5601,1616,0,1,884,0,0,457496,0,63750
83,0,6,0,0,0,0,0,1121994,0,0,0,0,504,71680,0,0,0,0,0,0,0,0,0,0,0,0,0,0,0,0,114997,0,0,63277,0,823,806,1,745,0,0,312330,0,63068
83,0,7,0,0,0,0,0,1121994,0,0,0,0,526,71680,0,0,0,0,0,0,0,0,0,0,0,0,0,0,0,0,58503,0,0,63062,0,890,259,0,1079,0,0,112048,0,63617
83,0,8,0,0,0,0,0,1121994,0,0,0,0,509,71680,0,0,0,0,0,0,0,0,0,0,0,0,0,0,0,0,58607,0,0,63087,0,716,0,276,1032,821326,0,0,0,63584
83,0,9,0,0,0,0,0,1121994,0,0,0,0,710,71680,0,0,0,0,0,0,0,0,0,0,0,0,0,0,0,0,58872,0,0,63264,3875,443,0,0,1045,0,0,791089,0,63398
83,0,10,0,0,0,0,0,1121994,0,0,0,0,851,71680,0,0,0,0,0,0,0,0,0,0,0,0,0,0,0,0,58753,0,0,63272,0,882,1279,2,1728,0,0,512256,0,63709
83,0,11,0,0,0,0,0,1121994,0,0,0,0,850,71680,0,0,0,0,0,0,0,0,0,0,0,0,0,0,0,0,0,0,0,63221,0,43,431,0,1434,0,0,202516,0,63497
83,0,12,0,0,0,0,0,1121994,0,0,0,0,734,71680,0,0,0,0,0,0,0,0,0,0,0,0,0,0,0,0,0,0,0,63297,0,0,0,363,1123,794081,0,0,0,62920
83,0,13,0,0,0,0,0,1121994,0,0,0,0,861,71680,0,0,0,0,0,0,0,0,0,0,0,0,0,0,0,0,0,0,0,63294,2042,0,0,0,1711,0,0,511382,0,63445
83,0,14,0,0,0,0,0,1121994,0,0,0,0,849,71680,0,0,0,0,0,0,0,0,0,0,0,0,0,0,0,0,0,0,0,63273,0,0,480,2,1260,0,0,204360,0,63673
83,0,15,0,0,0,0,0,1121994,0,0,0,0,44,0,0,0,0,0,0,0,0,0,0,0,0,0,0,0,0,0,0,0,0,0,0,0,36,0,98,0,0,0,0,0
84,0,0,0,0,0,0,0,2228457,0,0,10466,865280,136,0,0,0,0,0,19449,0,0,0,0,0,0,0,0,10466,10466,0,330239,0,1034840,865280,0,2373,0,136,284,0,0,0,0,1741831
84,0,1,0,0,0,0,0,1114228,19449,0,0,0,8085,0,0,0,0,0,0,0,0,0,0,0,0,0,0,0,5303,0,166462,0,375036,0,0,993,887,2022,13817,0,0,136904,0,0
84,0,2,0,0,0,0,0,1114228,0,0,0,0,276,71680,0,0,0,0,0,0,0,0,0,0,0,0,0,0,0,0,167460,0,165057,63212,0,2323,432,1747,587,0,0,99762,0,65620
84,0,3,0,0,0,0,0,1114228,0,0,0,0,280,71680,0,0,0,0,0,0,0,0,0,0,0,0,0,0,0,0,113780,0,0,63144,0,733,149,0,400,0,0,21397,0,66441
84,0,4,0,0,0,0,0,1114228,0,0,0,0,307,71680,0,0,0,0,0,0,0,0,0,0,0,0,0,0,0,0,113742,0,0,63280,0,668,0,168,458,720434,0,0,0,65273
84,0,5,0,0,0,0,0,1114228,0,0,0,0,418,71680,0,0,0,0,0,0,0,0,0,0,0,0,0,0,0,0,114397,0,0,63249,5620,1616,0,2,872,0,0,462007,0,63550
84,0,6,0,0,0,0,0,1114228,0,0,0,0,511,71680,0,0,0,0,0,0,0,0,0,0,0,0,0,0,0,0,114898,0,0,63290,0,807,781,0,748,0,0,315300,0,62970
84,0,7,0,0,0,0,0,1114228,0,0,0,0,508,71680,0,0,0,0,0,0,0,0,0,0,0,0,0,0,0,0,58499,0,0,63040,0,879,277,0,1063,0,0,112413,0,63686
84,0,8,0,0,0,0,0,1114228,0,0,0,0,537,71680,0,0,0,0,0,0,0,0,0,0,0,0,0,0,0,0,58600,0,0,63091,0,711,0,250,1048,806820,0,0,0,63377
84,0,9,0,0,0,0,0,1114228,0,0,0,0,731,71680,0,0,0,0,0,0,0,0,0,0,0,0,0,0,0,0,58870,0,0,63290,3873,438,0,1,1067,0,0,763621,0,63095
84,0,10,0,0,0,0,0,1114228,0,0,0,0,847,71680,0,0,0,0,0,0,0,0,0,0,0,0,0,0,0,0,58744,0,0,63316,0,873,1254,1,1741,0,0,526743,0,64028
84,0,11,0,0,0,0,0,1114228,0,0,0,0,827,71680,0,0,0,0,0,0,0,0,0,0,0,0,0,0,0,0,0,0,0,63256,0,44,448,0,5736,0,0,218645,0,63530
84,0,12,0,0,0,0,0,1114228,0,0,0,0,713,71680,0,0,0,0,0,0,0,0,0,0,0,0,0,0,0,0,0,0,0,63302,0,0,0,374,1097,770567,0,0,0,63249
84,0,13,0,0,0,0,0,1114228,0,0,0,0,834,71680,0,0,0,0,0,0,0,0,0,0,0,0,0,0,0,0,0,0,0,63288,2047,0,0,1,1685,0,0,514365,0,63455
84,0,14,0,0,0,0,0,1114228,0,0,0,0,853,71680,0,0,0,0,0,0,0,0,0,0,0,0,0,0,0,0,0,0,0,63266,0,0,474,1,1271,0,0,217228,0,63966
84,0,15,0,0,0,0,0,1114228,0,0,0,0,44,0,0,0,0,0,0,0,0,0,0,0,0,0,0,0,0,0,0,0,0,0,0,0,36,0,98,0,0,0,0,0
85,0,0,0,0,0,0,0,430758,0,0,2050,66048,136,0,0,0,0,0,6750,0,0,0,0,0,0,0,0,2050,2050,0,0,0,120292,66048,0,294,0,136,284,0,0,0,0,68608
85,0,1,0,0,0,0,0,215379,6750,0,0,0,2359,0,0,0,0,0,0,0,0,0,0,0,0,0,0,0,556,0,0,0,62423,0,0,79,173,948,4362,0,0,68608,0,0
85,0,2,0,0,0,0,0,215379,0,0,0,0,1320,68608,0,0,0,0,0,0,0,0,0,0,0,0,0,0,0,0,0,0,0,64013,0,246,867,276,2674,0,0,0,0,68608
85,0,3,0,0,0,0,0,215379,0,0,0,0,47,0,0,0,0,0,0,0,0,0,0,0,0,0,0,0,0,0,0,0,0,0,0,97,45,0,55,0,0,0,0,0
85,0,4,0,0,0,0,0,215379,0,0,0,0,47,0,0,0,0,0,0,0,0,0,0,0,0,0,0,0,0,0,0,0,0,0,0,87,0,45,66,0,0,0,0,0
85,0,5,0,0,0,0,0,215379,0,0,0,0,47,0,0,0,0,0,0,0,0,0,0,0,0,0,0,0,0,0,0,0,0,0,522,150,0,0,112,0,0,0,0,0
85,0,6,0,0,0,0,0,215379,0,0,0,0,47,0,0,0,0,0,0,0,0,0,0,0,0,0,0,0,0,0,0,0,0,0,0,43,98,0,52,0,0,0,0,0
85,0,7,0,0,0,0,0,215379,0,0,0,0,53,0,0,0,0,0,0,0,0,0,0,0,0,0,0,0,0,0,0,0,0,0,0,99,39,0,140,0,0,0,0,0
85,0,8,0,0,0,0,0,215379,0,0,0,0,53,0,0,0,0,0,0,0,0,0,0,0,0,0,0,0,0,0,0,0,0,0,0,52,0,39,110,0,0,0,0,0
85,0,9,0,0,0,0,0,215379,0,0,0,0,47,0,0,0,0,0,0,0,0,0,0,0,0,0,0,0,0,0,0,0,0,0,380,40,0,0,53,0,0,0,0,0
85,0,10,0,0,0,0,0,215379,0,0,0,0,53,0,0,0,0,0,0,0,0,0,0,0,0,0,0,0,0,0,0,0,0,0,0,82,86,0,124,0,0,0,0,0
85,0,11,0,0,0,0,0,215379,0,0,0,0,47,0,0,0,0,0,0,0,0,0,0,0,0,0,0,0,0,0,0,0,0,0,0,40,45,0,147,0,0,0,0,0
85,0,12,0,0,0,0,0,215379,0,0,0,0,47,0,0,0,0,0,0,0,0,0,0,0,0,0,0,0,0,0,0,0,0,0,0,0,0,45,93,0,0,0,0,0
85,0,13,0,0,0,0,0,215379,0,0,0,0,53,0,0,0,0,0,0,0,0,0,0,0,0,0,0,0,0,0,0,0,0,0,172,0,0,0,111,0,0,0,0,0
85,0,14,0,0,0,0,0,215379,0,0,0,0,47,0,0,0,0,0,0,0,0,0,0,0,0,0,0,0,0,0,0,0,0,0,0,0,86,0,63,0,0,0,0,0
85,0,15,0,0,0,0,0,215379,0,0,0,0,41,0,0,0,0,0,0,0,0,0,0,0,0,0,0,0,0,0,0,0,0,0,0,0,39,0,88,0,0,0,0,0
86,0,0,0,0,0,0,0,430829,0,0,2050,66048,136,0,0,0,0,0,6753,0,0,0,0,0,0,0,0,2050,2050,0,0,0,120291,66048,0,294,0,136,284,0,0,0,0,68608
86,0,1,0,0,0,0,0,215415,6753,0,0,0,2360,0,0,0,0,0,0,0,0,0,0,0,0,0,0,0,554,0,0,0,62421,0,0,79,174,946,4367,0,0,68608,0,0
86,0,2,0,0,0,0,0,215415,0,0,0,0,1324,68608,0,0,0,0,0,0,0,0,0,0,0,0,0,0,0,0,0,0,0,64014,0,246,863,276,2680,0,0,0,0,68608
86,0,3,0,0,0,0,0,215415,0,0,0,0,47,0,0,0,0,0,0,0,0,0,0,0,0,0,0,0,0,0,0,0,0,0,0,97,45,0,55,0,0,0,0,0
86,0,4,0,0,0,0,0,215415,0,0,0,0,47,0,0,0,0,0,0,0,0,0,0,0,0,0,0,0,0,0,0,0,0,0,0,87,0,45,66,0,0,0,0,0
86,0,5,0,0,0,0,0,215415,0,0,0,0,47,0,0,0,0,0,0,0,0,0,0,0,0,0,0,0,0,0,0,0,0,0,522,150,0,0,112,0,0,0,0,0
86,0,6,0,0,0,0,0,215415,0,0,0,0,47,0,0,0,0,0,0,0,0,0,0,0,0,0,0,0,0,0,0,0,0,0,0,43,98,0,52,0,0,0,0,0
86,0,7,0,0,0,0,0,215415,0,0,0,0,53,0,0,0,0,0,0,0,0,0,0,0,0,0,0,0,0,0,0,0,0,0,0,99,39,0,140,0,0,0,0,0
86,0,8,0,0,0,0,0,215415,0,0,0,0,53,0,0,0,0,0,0,0,0,0,0,0,0,0,0,0,0,0,0,0,0,0,0,52,0,39,110,0,0,0,0,0
86,0,9,0,0,0,0,0,215415,0,0,0,0,47,0,0,0,0,0,0,0,0,0,0,0,0,0,0,0,0,0,0,0,0,0,380,40,0,0,53,0,0,0,0,0
86,0,10,0,0,0,0,0,215415,0,0,0,0,53,0,0,0,0,0,0,0,0,0,0,0,0,0,0,0,0,0,0,0,0,0,0,82,86,0,124,0,0,0,0,0
86,0,11,0,0,0,0,0,215415,0,0,0,0,47,0,0,0,0,0,0,0,0,0,0,0,0,0,0,0,0,0,0,0,0,0,0,40,45,0,147,0,0,0,0,0
86,0,12,0,0,0,0,0,215415,0,0,0,0,47,0,0,0,0,0,0,0,0,0,0,0,0,0,0,0,0,0,0,0,0,0,0,0,0,45,93,0,0,0,0,0
86,0,13,0,0,0,0,0,215415,0,0,0,0,53,0,0,0,0,0,0,0,0,0,0,0,0,0,0,0,0,0,0,0,0,0,172,0,0,0,111,0,0,0,0,0
86,0,14,0,0,0,0,0,215415,0,0,0,0,47,0,0,0,0,0,0,0,0,0,0,0,0,0,0,0,0,0,0,0,0,0,0,0,86,0,63,0,0,0,0,0
86,0,15,0,0,0,0,0,215415,0,0,0,0,41,0,0,0,0,0,0,0,0,0,0,0,0,0,0,0,0,0,0,0,0,0,0,0,39,0,88,0,0,0,0,0
87,0,0,0,0,0,0,0,430710,0,0,2050,66048,136,0,0,0,0,0,6753,0,0,0,0,0,0,0,0,2050,2050,0,0,0,120288,66048,0,294,0,136,284,0,0,0,0,68608
87,0,1,0,0,0,0,0,215355,6753,0,0,0,2358,0,0,0,0,0,0,0,0,0,0,0,0,0,0,0,555,0,0,0,62421,0,0,78,172,951,4356,0,0,68608,0,0
87,0,2,0,0,0,0,0,215355,0,0,0,0,1319,68608,0,0,0,0,0,0,0,0,0,0,0,0,0,0,0,0,0,0,0,64014,0,250,869,273,2668,0,0,0,0,68608
87,0,3,0,0,0,0,0,215355,0,0,0,0,47,0,0,0,0,0,0,0,0,0,0,0,0,0,0,0,0,0,0,0,0,0,0,100,45,0,55,0,0,0,0,0
87,0,4,0,0,0,0,0,215355,0,0,0,0,50,0,0,0,0,0,0,0,0,0,0,0,0,0,0,0,0,0,0,0,0,0,0,87,0,42,67,0,0,0,0,0
87,0,5,0,0,0,0,0,215355,0,0,0,0,50,0,0,0,0,0,0,0,0,0,0,0,0,0,0,0,0,0,0,0,0,0,525,150,0,0,116,0,0,0,0,0
87,0,6,0,0,0,0,0,215355,0,0,0,0,50,0,0,0,0,0,0,0,0,0,0,0,0,0,0,0,0,0,0,0,0,0,0,39,95,0,55,0,0,0,0,0
87,0,7,0,0,0,0,0,215355,0,0,0,0,53,0,0,0,0,0,0,0,0,0,0,0,0,0,0,0,0,0,0,0,0,0,0,98,39,0,138,0,0,0,0,0
87,0,8,0,0,0,0,0,215355,0,0,0,0,56,0,0,0,0,0,0,0,0,0,0,0,0,0,0,0,0,0,0,0,0,0,0,52,0,36,113,0,0,0,0,0
87,0,9,0,0,0,0,0,215355,0,0,0,0,50,0,0,0,0,0,0,0,0,0,0,0,0,0,0,0,0,0,0,0,0,0,380,40,0,0,56,0,0,0,0,0
87,0,10,0,0,0,0,0,215355,0,0,0,0,56,0,0,0,0,0,0,0,0,0,0,0,0,0,0,0,0,0,0,0,0,0,0,86,86,0,127,0,0,0,0,0
87,0,11,0,0,0,0,0,215355,0,0,0,0,50,0,0,0,0,0,0,0,0,0,0,0,0,0,0,0,0,0,0,0,0,0,0,41,42,0,102,0,0,0,0,0
87,0,12,0,0,0,0,0,215355,0,0,0,0,50,0,0,0,0,0,0,0,0,0,0,0,0,0,0,0,0,0,0,0,0,0,0,0,0,42,96,0,0,0,0,0
87,0,13,0,0,0,0,0,215355,0,0,0,0,56,0,0,0,0,0,0,0,0,0,0,0,0,0,0,0,0,0,0,0,0,0,172,0,0,0,114,0,0,0,0,0
87,0,14,0,0,0,0,0,215355,0,0,0,0,50,0,0,0,0,0,0,0,0,0,0,0,0,0,0,0,0,0,0,0,0,0,0,0,86,0,62,0,0,0,0,0
87,0,15,0,0,0,0,0,215355,0,0,0,0,44,0,0,0,0,0,0,0,0,0,0,0,0,0,0,0,0,0,0,0,0,0,0,0,36,0,90,0,0,0,0,0
88,0,0,0,0,0,0,0,600954,0,0,2054,132096,136,0,0,0,0,0,6765,0,0,0,0,0,0,0,0,2054,2054,0,0,0,244315,132096,0,294,0,136,284,0,0,0,0,192620
88,0,1,0,0,0,0,0,300477,6765,0,0,0,2866,0,0,0,0,0,0,0,0,0,0,0,0,0,0,0,434,0,0,0,124306,0,0,79,173,446,4606,0,0,72672,0,0
88,0,2,0,0,0,0,0,300477,0,0,0,0,648,68608,0,0,0,0,0,0,0,0,0,0,0,0,0,0,0,0,0,0,61654,64511,0,246,1132,1179,1606,0,0,66588,0,66564
88,0,3,0,0,0,0,0,300477,0,0,0,0,665,68608,0,0,0,0,0,0,0,0,0,0,0,0,0,0,0,0,0,0,0,64405,0,97,454,0,799,0,0,3551,0,66564
88,0,4,0,0,0,0,0,300477,0,0,0,0,47,0,0,0,0,0,0,0,0,0,0,0,0,0,0,0,0,0,0,0,0,0,0,87,0,45,66,0,0,0,0,0
88,0,5,0,0,0,0,0,300477,0,0,0,0,47,0,0,0,0,0,0,0,0,0,0,0,0,0,0,0,0,0,0,0,0,0,522,150,0,0,112,0,0,0,0,0
88,0,6,0,0,0,0,0,300477,0,0,0,0,47,0,0,0,0,0,0,0,0,0,0,0,0,0,0,0,0,0,0,0,0,0,0,43,98,0,52,0,0,0,0,0
88,0,7,0,0,0,0,0,300477,0,0,0,0,53,0,0,0,0,0,0,0,0,0,0,0,0,0,0,0,0,0,0,0,0,0,0,100,39,0,140,0,0,0,0,0
88,0,8,0,0,0,0,0,300477,0,0,0,0,53,0,0,0,0,0,0,0,0,0,0,0,0,0,0,0,0,0,0,0,0,0,0,52,0,39,110,0,0,0,0,0
88,0,9,0,0,0,0,0,300477,0,0,0,0,47,0,0,0,0,0,0,0,0,0,0,0,0,0,0,0,0,0,0,0,0,0,380,40,0,0,53,0,0,0,0,0
88,0,10,0,0,0,0,0,300477,0,0,0,0,53,0,0,0,0,0,0,0,0,0,0,0,0,0,0,0,0,0,0,0,0,0,0,82,86,0,124,0,0,0,0,0
88,0,11,0,0,0,0,0,300477,0,0,0,0,47,0,0,0,0,0,0,0,0,0,0,0,0,0,0,0,0,0,0,0,0,0,0,40,45,0,131,0,0,0,0,0
88,0,12,0,0,0,0,0,300477,0,0,0,0,47,0,0,0,0,0,0,0,0,0,0,0,0,0,0,0,0,0,0,0,0,0,0,0,0,45,93,0,0,0,0,0
88,0,13,0,0,0,0,0,300477,0,0,0,0,53,0,0,0,0,0,0,0,0,0,0,0,0,0,0,0,0,0,0,0,0,0,172,0,0,0,111,0,0,0,0,0
88,0,14,0,0,0,0,0,300477,0,0,0,0,47,0,0,0,0,0,0,0,0,0,0,0,0,0,0,0,0,0,0,0,0,0,0,0,86,0,63,0,0,0,0,0
88,0,15,0,0,0,0,0,300477,0,0,0,0,41,0,0,0,0,0,0,0,0,0,0,0,0,0,0,0,0,0,0,0,0,0,0,0,39,0,89,0,0,0,0,0
89,0,0,0,0,0,0,0,600767,0,0,2054,132096,136,0,0,0,0,0,6765,0,0,0,0,0,0,0,0,2054,2054,0,0,0,244303,132096,0,294,0,136,284,0,0,0,0,192659
89,0,1,0,0,0,0,0,300384,6765,0,0,0,2848,0,0,0,0,0,0,0,0,0,0,0,0,0,0,0,460,0,0,0,124318,0,0,78,171,467,4585,0,0,72657,0,0
89,0,2,0,0,0,0,0,300384,0,0,0,0,644,68608,0,0,0,0,0,0,0,0,0,0,0,0,0,0,0,0,0,0,61630,64511,0,250,1132,1166,1590,0,0,66603,0,66564
89,0,3,0,0,0,0,0,300384,0,0,0,0,660,68608,0,0,0,0,0,0,0,0,0,0,0,0,0,0,0,0,0,0,0,64417,0,100,458,0,805,0,0,3536,0,66564
89,0,4,0,0,0,0,0,300384,0,0,0,0,50,0,0,0,0,0,0,0,0,0,0,0,0,0,0,0,0,0,0,0,0,0,0,87,0,42,67,0,0,0,0,0
89,0,5,0,0,0,0,0,300384,0,0,0,0,50,0,0,0,0,0,0,0,0,0,0,0,0,0,0,0,0,0,0,0,0,0,525,150,0,0,116,0,0,0,0,0
89,0,6,0,0,0,0,0,300384,0,0,0,0,50,0,0,0,0,0,0,0,0,0,0,0,0,0,0,0,0,0,0,0,0,0,0,39,95,0,55,0,0,0,0,0
89,0,7,0,0,0,0,0,300384,0,0,0,0,53,0,0,0,0,0,0,0,0,0,0,0,0,0,0,0,0,0,0,0,0,0,0,99,39,0,138,0,0,0,0,0
89,0,8,0,0,0,0,0,300384,0,0,0,0,56,0,0,0,0,0,0,0,0,0,0,0,0,0,0,0,0,0,0,0,0,0,0,52,0,36,113,0,0,0,0,0
89,0,9,0,0,0,0,0,300384,0,0,0,0,50,0,0,0,0,0,0,0,0,0,0,0,0,0,0,0,0,0,0,0,0,0,380,40,0,0,56,0,0,0,0,0
89,0,10,0,0,0,0,0,300384,0,0,0,0,56,0,0,0,0,0,0,0,0,0,0,0,0,0,0,0,0,0,0,0,0,0,0,86,86,0,127,0,0,0,0,0
89,0,11,0,0,0,0,0,300384,0,0,0,0,50,0,0,0,0,0,0,0,0,0,0,0,0,0,0,0,0,0,0,0,0,0,0,41,42,0,118,0,0,0,0,0
89,0,12,0,0,0,0,0,300384,0,0,0,0,50,0,0,0,0,0,0,0,0,0,0,0,0,0,0,0,0,0,0,0,0,0,0,0,0,42,96,0,0,0,0,0
89,0,13,0,0,0,0,0,300384,0,0,0,0,56,0,0,0,0,0,0,0,0,0,0,0,0,0,0,0,0,0,0,0,0,0,172,0,0,0,114,0,0,0,0,0
89,0,14,0,0,0,0,0,300384,0,0,0,0,50,0,0,0,0,0,0,0,0,0,0,0,0,0,0,0,0,0,0,0,0,0,0,0,86,0,62,0,0,0,0,0
89,0,15,0,0,0,0,0,300384,0,0,0,0,44,0,0,0,0,0,0,0,0,0,0,0,0,0,0,0,0,0,0,0,0,0,0,0,36,0,91,0,0,0,0,0
90,0,0,0,0,0,0,0,600905,0,0,2054,132096,136,0,0,0,0,0,6762,0,0,0,0,0,0,0,0,2054,2054,0,0,0,244306,132096,0,294,0,136,284,0,0,0,0,192664
90,0,1,0,0,0,0,0,300452,6762,0,0,0,2913,0,0,0,0,0,0,0,0,0,0,0,0,0,0,0,447,0,0,0,124313,0,0,79,174,398,4635,0,0,72666,0,0
90,0,2,0,0,0,0,0,300452,0,0,0,0,630,68608,0,0,0,0,0,0,0,0,0,0,0,0,0,0,0,0,0,0,61638,64511,0,246,1150,1211,1604,0,0,66594,0,66564
90,0,3,0,0,0,0,0,300452,0,0,0,0,664,68608,0,0,0,0,0,0,0,0,0,0,0,0,0,0,0,0,0,0,0,64413,0,98,454,0,766,0,0,3545,0,66564
90,0,4,0,0,0,0,0,300452,0,0,0,0,47,0,0,0,0,0,0,0,0,0,0,0,0,0,0,0,0,0,0,0,0,0,0,87,0,45,66,0,0,0,0,0
90,0,5,0,0,0,0,0,300452,0,0,0,0,47,0,0,0,0,0,0,0,0,0,0,0,0,0,0,0,0,0,0,0,0,0,522,150,0,0,112,0,0,0,0,0
90,0,6,0,0,0,0,0,300452,0,0,0,0,47,0,0,0,0,0,0,0,0,0,0,0,0,0,0,0,0,0,0,0,0,0,0,43,98,0,52,0,0,0,0,0
90,0,7,0,0,0,0,0,300452,0,0,0,0,53,0,0,0,0,0,0,0,0,0,0,0,0,0,0,0,0,0,0,0,0,0,0,99,39,0,140,0,0,0,0,0
90,0,8,0,0,0,0,0,300452,0,0,0,0,53,0,0,0,0,0,0,0,0,0,0,0,0,0,0,0,0,0,0,0,0,0,0,52,0,39,110,0,0,0,0,0
90,0,9,0,0,0,0,0,300452,0,0,0,0,47,0,0,0,0,0,0,0,0,0,0,0,0,0,0,0,0,0,0,0,0,0,380,40,0,0,53,0,0,0,0,0
90,0,10,0,0,0,0,0,300452,0,0,0,0,53,0,0,0,0,0,0,0,0,0,0,0,0,0,0,0,0,0,0,0,0,0,0,82,86,0,124,0,0,0,0,0
90,0,11,0,0,0,0,0,300452,0,0,0,0,47,0,0,0,0,0,0,0,0,0,0,0,0,0,0,0,0,0,0,0,0,0,0,41,45,0,131,0,0,0,0,0
90,0,12,0,0,0,0,0,300452,0,0,0,0,47,0,0,0,0,0,0,0,0,0,0,0,0,0,0,0,0,0,0,0,0,0,0,0,0,45,93,0,0,0,0,0
90,0,13,0,0,0,0,0,300452,0,0,0,0,53,0,0,0,0,0,0,0,0,0,0,0,0,0,0,0,0,0,0,0,0,0,172,0,0,0,111,0,0,0,0,0
90,0,14,0,0,0,0,0,300452,0,0,0,0,47,0,0,0,0,0,0,0,0,0,0,0,0,0,0,0,0,0,0,0,0,0,0,0,86,0,63,0,0,0,0,0
90,0,15,0,0,0,0,0,300452,0,0,0,0,41,0,0,0,0,0,0,0,0,0,0,0,0,0,0,0,0,0,0,0,0,0,0,0,39,0,88,0,0,0,0,0
91,0,0,0,0,0,0,0,1070069,0,0,3080,264192,136,0,0,0,0,0,8316,0,0,0,0,0,0,0,0,3080,3080,0,124421,0,360363,264192,0,1065,0,136,284,0,0,0,0,581251
91,0,1,0,0,0,0,0,535034,8316,0,0,0,3766,0,0,0,0,0,0,0,0,0,0,0,0,0,0,0,1054,0,61952,0,122796,0,0,169,284,373,6056,0,0,184850,0,0
91,0,2,0,0,0,0,0,535034,0,0,0,0,623,68608,0,0,0,0,0,0,0,0,0,0,0,0,0,0,0,0,0,0,61512,64507,0,246,851,939,1379,0,0,130749,0,63838
91,0,3,0,0,0,0,0,535034,0,0,0,0,614,68608,0,0,0,0,0,0,0,0,0,0,0,0,0,0,0,0,0,0,0,64448,0,98,247,0,729,0,0,3814,0,66444
91,0,4,0,0,0,0,0,535034,0,0,0,0,627,68608,0,0,0,0,0,0,0,0,0,0,0,0,0,0,0,0,0,0,0,64512,0,87,0,234,756,124054,0,0,0,66534
91,0,5,0,0,0,0,0,535034,0,0,0,0,643,68608,0,0,0,0,0,0,0,0,0,0,0,0,0,0,0,0,0,0,0,64511,1275,150,0,0,1389,0,0,62999,0,65002
91,0,6,0,0,0,0,0,535034,0,0,0,0,47,0,0,0,0,0,0,0,0,0,0,0,0,0,0,0,0,0,0,0,0,0,0,43,98,2,52,0,0,0,0,0
91,0,7,0,0,0,0,0,535034,0,0,0,0,53,0,0,0,0,0,0,0,0,0,0,0,0,0,0,0,0,0,0,0,0,0,0,99,39,0,140,0,0,0,0,0
91,0,8,0,0,0,0,0,535034,0,0,0,0,53,0,0,0,0,0,0,0,0,0,0,0,0,0,0,0,0,0,0,0,0,0,0,52,0,39,110,0,0,0,0,0
91,0,9,0,0,0,0,0,535034,0,0,0,0,47,0,0,0,0,0,0,0,0,0,0,0,0,0,0,0,0,0,0,0,0,0,380,40,0,0,53,0,0,0,0,0
91,0,10,0,0,0,0,0,535034,0,0,0,0,53,0,0,0,0,0,0,0,0,0,0,0,0,0,0,0,0,0,0,0,0,0,0,82,86,0,124,0,0,0,0,0
91,0,11,0,0,0,0,0,535034,0,0,0,0,47,0,0,0,0,0,0,0,0,0,0,0,0,0,0,0,0,0,0,0,0,0,0,43,45,0,147,0,0,0,0,0
91,0,12,0,0,0,0,0,535034,0,0,0,0,47,0,0,0,0,0,0,0,0,0,0,0,0,0,0,0,0,0,0,0,0,0,0,0,0,45,93,0,0,0,0,0
91,0,13,0,0,0,0,0,535034,0,0,0,0,53,0,0,0,0,0,0,0,0,0,0,0,0,0,0,0,0,0,0,0,0,0,172,0,0,0,111,0,0,0,0,0
91,0,14,0,0,0,0,0,535034,0,0,0,0,47,0,0,0,0,0,0,0,0,0,0,0,0,0,0,0,0,0,0,0,0,0,0,0,86,0,63,0,0,0,0,0
91,0,15,0,0,0,0,0,535034,0,0,0,0,41,0,0,0,0,0,0,0,0,0,0,0,0,0,0,0,0,0,0,0,0,0,0,0,39,0,88,0,0,0,0,0
92,0,0,0,0,0,0,0,1068730,0,0,3080,264192,136,0,0,0,0,0,8313,0,0,0,0,0,0,0,0,3080,3080,0,124423,0,360538,264192,0,1065,0,136,284,0,0,0,0,581563
92,0,1,0,0,0,0,0,534365,8313,0,0,0,3744,0,0,0,0,0,0,0,0,0,0,0,0,0,0,0,1062,0,61986,0,122836,0,0,187,284,377,5993,0,0,181086,0,0
92,0,2,0,0,0,0,0,534365,0,0,0,0,635,68608,0,0,0,0,0,0,0,0,0,0,0,0,0,0,0,0,0,0,61603,64504,0,250,866,947,1375,0,0,130214,0,63905
92,0,3,0,0,0,0,0,534365,0,0,0,0,641,68608,0,0,0,0,0,0,0,0,0,0,0,0,0,0,0,0,0,0,0,64461,0,100,220,0,746,0,0,3901,0,66458
92,0,4,0,0,0,0,0,534365,0,0,0,0,637,68608,0,0,0,0,0,0,0,0,0,0,0,0,0,0,0,0,0,0,0,64508,0,87,0,224,767,127460,0,0,0,66436
92,0,5,0,0,0,0,0,534365,0,0,0,0,628,68608,0,0,0,0,0,0,0,0,0,0,0,0,0,0,0,0,0,0,0,64481,1301,150,0,2,1356,0,0,59003,0,65090
92,0,6,0,0,0,0,0,534365,0,0,0,0,50,0,0,0,0,0,0,0,0,0,0,0,0,0,0,0,0,0,0,0,0,0,0,39,95,0,55,0,0,0,0,0
92,0,7,0,0,0,0,0,534365,0,0,0,0,53,0,0,0,0,0,0,0,0,0,0,0,0,0,0,0,0,0,0,0,0,0,0,101,39,0,138,0,0,0,0,0
92,0,8,0,0,0,0,0,534365,0,0,0,0,56,0,0,0,0,0,0,0,0,0,0,0,0,0,0,0,0,0,0,0,0,0,0,52,0,36,113,0,0,0,0,0
92,0,9,0,0,0,0,0,534365,0,0,0,0,50,0,0,0,0,0,0,0,0,0,0,0,0,0,0,0,0,0,0,0,0,0,380,40,0,0,56,0,0,0,0,0
92,0,10,0,0,0,0,0,534365,0,0,0,0,56,0,0,0,0,0,0,0,0,0,0,0,0,0,0,0,0,0,0,0,0,0,0,86,86,0,127,0,0,0,0,0
92,0,11,0,0,0,0,0,534365,0,0,0,0,50,0,0,0,0,0,0,0,0,0,0,0,0,0,0,0,0,0,0,0,0,0,0,41,42,0,118,0,0,0,0,0
92,0,12,0,0,0,0,0,534365,0,0,0,0,50,0,0,0,0,0,0,0,0,0,0,0,0,0,0,0,0,0,0,0,0,0,0,0,0,42,96,0,0,0,0,0
92,0,13,0,0,0,0,0,534365,0,0,0,0,56,0,0,0,0,0,0,0,0,0,0,0,0,0,0,0,0,0,0,0,0,0,172,0,0,0,114,0,0,0,0,0
92,0,14,0,0,0,0,0,534365,0,0,0,0,50,0,0,0,0,0,0,0,0,0,0,0,0,0,0,0,0,0,0,0,0,0,0,0,86,0,62,0,0,0,0,0
92,0,15,0,0,0,0,0,534365,0,0,0,0,44,0,0,0,0,0,0,0,0,0,0,0,0,0,0,0,0,0,0,0,0,0,0,0,36,0,93,0,0,0,0,0
93,0,0,0,0,0,0,0,1065213,0,0,3076,264192,136,0,0,0,0,0,8310,0,0,0,0,0,0,0,0,3076,3076,0,124657,0,361127,264192,0,1065,0,136,284,0,0,0,0,578790
93,0,1,0,0,0,0,0,532607,8310,0,0,0,2875,0,0,0,0,0,0,0,0,0,0,0,0,0,0,0,1559,0,62032,0,122627,0,0,408,502,803,5123,0,0,134301,0,0
93,0,2,0,0,0,0,0,532607,0,0,0,0,530,68608,0,0,0,0,0,0,0,0,0,0,0,0,0,0,0,0,0,0,62219,64497,0,250,873,724,1064,0,0,126071,0,65283
93,0,3,0,0,0,0,0,532607,0,0,0,0,545,68608,0,0,0,0,0,0,0,0,0,0,0,0,0,0,0,0,0,0,0,64482,0,100,313,0,872,0,0,29702,0,65615
93,0,4,0,0,0,0,0,532607,0,0,0,0,534,68608,0,0,0,0,0,0,0,0,0,0,0,0,0,0,0,0,0,0,0,64498,0,87,0,327,881,180660,0,0,0,64885
93,0,5,0,0,0,0,0,532607,0,0,0,0,536,68608,0,0,0,0,0,0,0,0,0,0,0,0,0,0,0,0,0,0,0,64251,1291,150,0,1,1043,0,0,4920,0,66368
93,0,6,0,0,0,0,0,532607,0,0,0,0,50,0,0,0,0,0,0,0,0,0,0,0,0,0,0,0,0,0,0,0,0,0,0,39,95,1,55,0,0,0,0,0
93,0,7,0,0,0,0,0,532607,0,0,0,0,53,0,0,0,0,0,0,0,0,0,0,0,0,0,0,0,0,0,0,0,0,0,0,100,39,0,138,0,0,0,0,0
93,0,8,0,0,0,0,0,532607,0,0,0,0,56,0,0,0,0,0,0,0,0,0,0,0,0,0,0,0,0,0,0,0,0,0,0,52,0,36,113,0,0,0,0,0
93,0,9,0,0,0,0,0,532607,0,0,0,0,50,0,0,0,0,0,0,0,0,0,0,0,0,0,0,0,0,0,0,0,0,0,380,40,0,0,56,0,0,0,0,0
93,0,10,0,0,0,0,0,532607,0,0,0,0,56,0,0,0,0,0,0,0,0,0,0,0,0,0,0,0,0,0,0,0,0,0,0,86,86,0,127,0,0,0,0,0
93,0,11,0,0,0,0,0,532607,0,0,0,0,50,0,0,0,0,0,0,0,0,0,0,0,0,0,0,0,0,0,0,0,0,0,0,42,42,0,182,0,0,0,0,0
93,0,12,0,0,0,0,0,532607,0,0,0,0,50,0,0,0,0,0,0,0,0,0,0,0,0,0,0,0,0,0,0,0,0,0,0,0,0,42,96,0,0,0,0,0
93,0,13,0,0,0,0,0,532607,0,0,0,0,56,0,0,0,0,0,0,0,0,0,0,0,0,0,0,0,0,0,0,0,0,0,172,0,0,0,114,0,0,0,0,0
93,0,14,0,0,0,0,0,532607,0,0,0,0,50,0,0,0,0,0,0,0,0,0,0,0,0,0,0,0,0,0,0,0,0,0,0,0,86,0,62,0,0,0,0,0
93,0,15,0,0,0,0,0,532607,0,0,0,0,44,0,0,0,0,0,0,0,0,0,0,0,0,0,0,0,0,0,0,0,0,0,0,0,36,0,92,0,0,0,0,0
94,0,0,0,0,0,0,0,1158566,0,0,4172,396288,136,0,0,0,0,0,9966,0,0,0,0,0,0,0,0,4172,4172,0,124527,0,596782,396288,0,811,0,136,284,0,0,0,0,757673
94,0,1,0,0,0,0,0,579283,9966,0,0,0,3868,0,0,0,0,0,0,0,0,0,0,0,0,0,0,0,2391,0,61866,0,242667,0,0,369,387,1062,6729,0,0,105301,0,0
94,0,2,0,0,0,0,0,579283,0,0,0,0,390,68608,0,0,0,0,0,0,0,0,0,0,0,0,0,0,0,0,62216,0,123172,64241,0,873,608,1178,862,0,0,66972,0,66115
94,0,3,0,0,0,0,0,579283,0,0,0,0,393,68608,0,0,0,0,0,0,0,0,0,0,0,0,0,0,0,0,62163,0,0,64215,0,376,214,0,626,0,0,5016,0,65441
94,0,4,0,0,0,0,0,579283,0,0,0,0,398,68608,0,0,0,0,0,0,0,0,0,0,0,0,0,0,0,0,0,0,0,64249,0,87,0,209,630,328250,0,0,0,63919
94,0,5,0,0,0,0,0,579283,0,0,0,0,610,68608,0,0,0,0,0,0,0,0,0,0,0,0,0,0,0,0,0,0,0,64391,2035,150,0,1,1234,0,0,274736,0,64379
94,0,6,0,0,0,0,0,579283,0,0,0,0,669,68608,0,0,0,0,0,0,0,0,0,0,0,0,0,0,0,0,0,0,0,64194,0,43,991,1,936,0,0,159339,0,64426
94,0,7,0,0,0,0,0,579283,0,0,0,0,681,68608,0,0,0,0,0,0,0,0,0,0,0,0,0,0,0,0,0,0,0,64242,0,103,297,0,1378,0,0,44845,0,62280
94,0,8,0,0,0,0,0,579283,0,0,0,0,53,0,0,0,0,0,0,0,0,0,0,0,0,0,0,0,0,0,0,0,0,0,0,52,0,39,110,0,0,0,0,0
94,0,9,0,0,0,0,0,579283,0,0,0,0,47,0,0,0,0,0,0,0,0,0,0,0,0,0,0,0,0,0,0,0,0,0,380,40,0,0,53,0,0,0,0,0
94,0,10,0,0,0,0,0,579283,0,0,0,0,53,0,0,0,0,0,0,0,0,0,0,0,0,0,0,0,0,0,0,0,0,0,0,82,86,0,124,0,0,0,0,0
94,0,11,0,0,0,0,0,579283,0,0,0,0,47,0,0,0,0,0,0,0,0,0,0,0,0,0,0,0,0,0,0,0,0,0,0,41,45,0,131,0,0,0,0,0
94,0,12,0,0,0,0,0,579283,0,0,0,0,47,0,0,0,0,0,0,0,0,0,0,0,0,0,0,0,0,0,0,0,0,0,0,0,0,45,93,0,0,0,0,0
94,0,13,0,0,0,0,0,579283,0,0,0,0,53,0,0,0,0,0,0,0,0,0,0,0,0,0,0,0,0,0,0,0,0,0,172,0,0,0,111,0,0,0,0,0
94,0,14,0,0,0,0,0,579283,0,0,0,0,47,0,0,0,0,0,0,0,0,0,0,0,0,0,0,0,0,0,0,0,0,0,0,0,86,0,63,0,0,0,0,0
94,0,15,0,0,0,0,0,579283,0,0,0,0,41,0,0,0,0,0,0,0,0,0,0,0,0,0,0,0,0,0,0,0,0,0,0,0,39,0,92,0,0,0,0,0
95,0,0,0,0,0,0,0,1166040,0,0,4114,396288,136,0,0,0,0,0,9876,0,0,0,0,0,0,0,0,4114,4114,0,124643,0,597644,396288,0,811,0,136,284,0,0,0,0,782094
95,0,1,0,0,0,0,0,583020,9876,0,0,0,3871,0,0,0,0,0,0,0,0,0,0,0,0,0,0,0,2471,0,61945,0,242645,0,0,279,295,1183,6641,0,0,103146,0,0
95,0,2,0,0,0,0,0,583020,0,0,0,0,369,68608,0,0,0,0,0,0,0,0,0,0,0,0,0,0,0,0,62285,0,123134,64271,0,770,653,1183,753,0,0,66425,0,66120
95,0,3,0,0,0,0,0,583020,0,0,0,0,416,68608,0,0,0,0,0,0,0,0,0,0,0,0,0,0,0,0,62195,0,0,64201,0,410,191,0,578,0,0,4794,0,65527
95,0,4,0,0,0,0,0,583020,0,0,0,0,393,68608,0,0,0,0,0,0,0,0,0,0,0,0,0,0,0,0,0,0,0,64270,0,87,0,214,534,326868,0,0,0,63925
95,0,5,0,0,0,0,0,583020,0,0,0,0,604,68608,0,0,0,0,0,0,0,0,0,0,0,0,0,0,0,0,0,0,0,64388,2023,150,0,2,1324,0,0,280753,0,64256
95,0,6,0,0,0,0,0,583020,0,0,0,0,633,68608,0,0,0,0,0,0,0,0,0,0,0,0,0,0,0,0,0,0,0,64199,0,43,945,1,971,0,0,152887,0,64287
95,0,7,0,0,0,0,0,583020,0,0,0,0,632,68608,0,0,0,0,0,0,0,0,0,0,0,0,0,0,0,0,0,0,0,64259,0,102,314,0,1264,0,0,44233,0,61404
95,0,8,0,0,0,0,0,583020,0,0,0,0,53,0,0,0,0,0,0,0,0,0,0,0,0,0,0,0,0,0,0,0,0,0,0,52,0,39,110,0,0,0,0,0
95,0,9,0,0,0,0,0,583020,0,0,0,0,47,0,0,0,0,0,0,0,0,0,0,0,0,0,0,0,0,0,0,0,0,0,380,40,0,0,53,0,0,0,0,0
95,0,10,0,0,0,0,0,583020,0,0,0,0,53,0,0,0,0,0,0,0,0,0,0,0,0,0,0,0,0,0,0,0,0,0,0,82,86,0,124,0,0,0,0,0
95,0,11,0,0,0,0,0,583020,0,0,0,0,47,0,0,0,0,0,0,0,0,0,0,0,0,0,0,0,0,0,0,0,0,0,0,42,45,0,131,0,0,0,0,0
95,0,12,0,0,0,0,0,583020,0,0,0,0,47,0,0,0,0,0,0,0,0,0,0,0,0,0,0,0,0,0,0,0,0,0,0,0,0,45,93,0,0,0,0,0
95,0,13,0,0,0,0,0,583020,0,0,0,0,53,0,0,0,0,0,0,0,0,0,0,0,0,0,0,0,0,0,0,0,0,0,172,0,0,0,111,0,0,0,0,0
95,0,14,0,0,0,0,0,583020,0,0,0,0,47,0,0,0,0,0,0,0,0,0,0,0,0,0,0,0,0,0,0,0,0,0,0,0,86,0,63,0,0,0,0,0
95,0,15,0,0,0,0,0,583020,0,0,0,0,41,0,0,0,0,0,0,0,0,0,0,0,0,0,0,0,0,0,0,0,0,0,0,0,39,0,91,0,0,0,0,0
96,0,0,0,0,0,0,0,1174332,0,0,4304,396288,136,0,0,0,0,0,10161,0,0,0,0,0,0,0,0,4304,4304,0,124340,0,594025,396288,0,815,0,136,284,0,0,0,0,737536
96,0,1,0,0,0,0,0,587166,10161,0,0,0,3915,0,0,0,0,0,0,0,0,0,0,0,0,0,0,0,2885,0,62040,0,241819,0,0,312,333,1258,6865,0,0,109180,0,0
96,0,2,0,0,0,0,0,587166,0,0,0,0,386,68608,0,0,0,0,0,0,0,0,0,0,0,0,0,0,0,0,62158,0,121888,64252,0,910,606,1163,783,0,0,71494,0,66024
96,0,3,0,0,0,0,0,587166,0,0,0,0,385,68608,0,0,0,0,0,0,0,0,0,0,0,0,0,0,0,0,61553,0,0,64427,0,475,221,0,607,0,0,6391,0,65482
96,0,4,0,0,0,0,0,587166,0,0,0,0,391,68608,0,0,0,0,0,0,0,0,0,0,0,0,0,0,0,0,0,0,0,64205,0,87,0,220,569,330460,0,0,0,64119
96,0,5,0,0,0,0,0,587166,0,0,0,0,617,68608,0,0,0,0,0,0,0,0,0,0,0,0,0,0,0,0,0,0,0,64364,2080,150,0,1,1282,0,0,254556,0,64690
96,0,6,0,0,0,0,0,587166,0,0,0,0,688,68608,0,0,0,0,0,0,0,0,0,0,0,0,0,0,0,0,0,0,0,64416,0,43,1060,1,990,0,0,178122,0,63608
96,0,7,0,0,0,0,0,587166,0,0,0,0,697,68608,0,0,0,0,0,0,0,0,0,0,0,0,0,0,0,0,0,0,0,64016,0,101,353,0,1369,0,0,63011,0,63728
96,0,8,0,0,0,0,0,587166,0,0,0,0,53,0,0,0,0,0,0,0,0,0,0,0,0,0,0,0,0,0,0,0,0,0,0,52,0,39,110,0,0,0,0,0
96,0,9,0,0,0,0,0,587166,0,0,0,0,47,0,0,0,0,0,0,0,0,0,0,0,0,0,0,0,0,0,0,0,0,0,380,40,0,0,53,0,0,0,0,0
96,0,10,0,0,0,0,0,587166,0,0,0,0,53,0,0,0,0,0,0,0,0,0,0,0,0,0,0,0,0,0,0,0,0,0,0,82,86,0,124,0,0,0,0,0
96,0,11,0,0,0,0,0,587166,0,0,0,0,47,0,0,0,0,0,0,0,0,0,0,0,0,0,0,0,0,0,0,0,0,0,0,43,45,0,131,0,0,0,0,0
96,0,12,0,0,0,0,0,587166,0,0,0,0,47,0,0,0,0,0,0,0,0,0,0,0,0,0,0,0,0,0,0,0,0,0,0,0,0,45,93,0,0,0,0,0
96,0,13,0,0,0,0,0,587166,0,0,0,0,53,0,0,0,0,0,0,0,0,0,0,0,0,0,0,0,0,0,0,0,0,0,172,0,0,0,111,0,0,0,0,0
96,0,14,0,0,0,0,0,587166,0,0,0,0,47,0,0,0,0,0,0,0,0,0,0,0,0,0,0,0,0,0,0,0,0,0,0,0,86,0,63,0,0,0,0,0
96,0,15,0,0,0,0,0,587166,0,0,0,0,41,0,0,0,0,0,0,0,0,0,0,0,0,0,0,0,0,0,0,0,0,0,0,0,39,0,90,0,0,0,0,0
97,0,0,0,0,0,0,0,1695996,0,0,5788,528384,136,0,0,0,0,0,12402,0,0,0,0,0,0,0,0,5788,5788,0,244830,0,714366,528384,0,1566,0,136,284,0,0,0,0,1160521
97,0,1,0,0,0,0,0,847998,12402,0,0,0,4938,0,0,0,0,0,0,0,0,0,0,0,0,0,0,0,2651,0,123109,0,242097,0,0,585,602,1179,8618,0,0,149306,0,0
97,0,2,0,0,0,0,0,847998,0,0,0,0,322,68608,0,0,0,0,0,0,0,0,0,0,0,0,0,0,0,0,61986,0,122560,64331,0,1000,505,1215,677,0,0,107425,0,65296
97,0,3,0,0,0,0,0,847998,0,0,0,0,318,68608,0,0,0,0,0,0,0,0,0,0,0,0,0,0,0,0,62200,0,0,64288,0,497,193,0,475,0,0,27273,0,65144
97,0,4,0,0,0,0,0,847998,0,0,0,0,394,68608,0,0,0,0,0,0,0,0,0,0,0,0,0,0,0,0,61912,0,0,64365,0,338,0,213,590,448996,0,0,0,65080
97,0,5,0,0,0,0,0,847998,0,0,0,0,580,68608,0,0,0,0,0,0,0,0,0,0,0,0,0,0,0,0,62108,0,0,64392,2931,656,0,0,1181,0,0,449978,0,64172
97,0,6,0,0,0,0,0,847998,0,0,0,0,752,68608,0,0,0,0,0,0,0,0,0,0,0,0,0,0,0,0,0,0,0,64393,0,39,1180,2,1074,0,0,324971,0,64605
97,0,7,0,0,0,0,0,847998,0,0,0,0,775,68608,0,0,0,0,0,0,0,0,0,0,0,0,0,0,0,0,0,0,0,64391,0,102,381,0,1529,0,0,131186,0,63668
97,0,8,0,0,0,0,0,847998,0,0,0,0,558,68608,0,0,0,0,0,0,0,0,0,0,0,0,0,0,0,0,0,0,0,64257,0,52,0,287,1119,326512,0,0,0,63818
97,0,9,0,0,0,0,0,847998,0,0,0,0,557,68608,0,0,0,0,0,0,0,0,0,0,0,0,0,0,0,0,0,0,0,64366,1126,40,0,2,812,0,0,91227,0,64170
97,0,10,0,0,0,0,0,847998,0,0,0,0,56,0,0,0,0,0,0,0,0,0,0,0,0,0,0,0,0,0,0,0,0,0,0,86,86,0,127,0,0,0,0,0
97,0,11,0,0,0,0,0,847998,0,0,0,0,50,0,0,0,0,0,0,0,0,0,0,0,0,0,0,0,0,0,0,0,0,0,0,44,42,0,150,0,0,0,0,0
97,0,12,0,0,0,0,0,847998,0,0,0,0,50,0,0,0,0,0,0,0,0,0,0,0,0,0,0,0,0,0,0,0,0,0,0,0,0,42,96,0,0,0,0,0
97,0,13,0,0,0,0,0,847998,0,0,0,0,56,0,0,0,0,0,0,0,0,0,0,0,0,0,0,0,0,0,0,0,0,0,172,0,0,0,114,0,0,0,0,0
97,0,14,0,0,0,0,0,847998,0,0,0,0,50,0,0,0,0,0,0,0,0,0,0,0,0,0,0,0,0,0,0,0,0,0,0,0,86,0,62,0,0,0,0,0
97,0,15,0,0,0,0,0,847998,0,0,0,0,44,0,0,0,0,0,0,0,0,0,0,0,0,0,0,0,0,0,0,0,0,0,0,0,36,0,94,0,0,0,0,0
98,0,0,0,0,0,0,0,1673723,0,0,5752,528384,136,0,0,0,0,0,12348,0,0,0,0,0,0,0,0,5752,5752,0,244897,0,714035,528384,0,1566,0,136,284,0,0,0,0,1153983
98,0,1,0,0,0,0,0,836862,12348,0,0,0,4852,0,0,0,0,0,0,0,0,0,0,0,0,0,0,0,2824,0,122965,0,242196,0,0,622,606,1188,8524,0,0,151694,0,0
98,0,2,0,0,0,0,0,836862,0,0,0,0,333,68608,0,0,0,0,0,0,0,0,0,0,0,0,0,0,0,0,62036,0,122479,64335,0,973,507,1202,686,0,0,109539,0,65278
98,0,3,0,0,0,0,0,836862,0,0,0,0,325,68608,0,0,0,0,0,0,0,0,0,0,0,0,0,0,0,0,62043,0,0,64295,0,501,189,0,476,0,0,27859,0,65107
98,0,4,0,0,0,0,0,836862,0,0,0,0,393,68608,0,0,0,0,0,0,0,0,0,0,0,0,0,0,0,0,61942,0,0,64372,0,353,0,214,579,447809,0,0,0,65004
98,0,5,0,0,0,0,0,836862,0,0,0,0,569,68608,0,0,0,0,0,0,0,0,0,0,0,0,0,0,0,0,61994,0,0,64396,2901,645,0,0,1140,0,0,430517,0,64257
98,0,6,0,0,0,0,0,836862,0,0,0,0,740,68608,0,0,0,0,0,0,0,0,0,0,0,0,0,0,0,0,0,0,0,64438,0,39,1147,3,1069,0,0,327036,0,63690
98,0,7,0,0,0,0,0,836862,0,0,0,0,751,68608,0,0,0,0,0,0,0,0,0,0,0,0,0,0,0,0,0,0,0,64318,0,99,385,0,1483,0,0,98021,0,64385
98,0,8,0,0,0,0,0,836862,0,0,0,0,574,68608,0,0,0,0,0,0,0,0,0,0,0,0,0,0,0,0,0,0,0,64256,0,52,0,271,1120,323900,0,0,0,63937
98,0,9,0,0,0,0,0,836862,0,0,0,0,544,68608,0,0,0,0,0,0,0,0,0,0,0,0,0,0,0,0,0,0,0,64377,1155,40,0,2,810,0,0,88205,0,63983
98,0,10,0,0,0,0,0,836862,0,0,0,0,56,0,0,0,0,0,0,0,0,0,0,0,0,0,0,0,0,0,0,0,0,0,0,86,86,0,127,0,0,0,0,0
98,0,11,0,0,0,0,0,836862,0,0,0,0,50,0,0,0,0,0,0,0,0,0,0,0,0,0,0,0,0,0,0,0,0,0,0,47,42,0,166,0,0,0,0,0
98,0,12,0,0,0,0,0,836862,0,0,0,0,50,0,0,0,0,0,0,0,0,0,0,0,0,0,0,0,0,0,0,0,0,0,0,0,0,42,96,0,0,0,0,0
98,0,13,0,0,0,0,0,836862,0,0,0,0,56,0,0,0,0,0,0,0,0,0,0,0,0,0,0,0,0,0,0,0,0,0,172,0,0,0,114,0,0,0,0,0
98,0,14,0,0,0,0,0,836862,0,0,0,0,50,0,0,0,0,0,0,0,0,0,0,0,0,0,0,0,0,0,0,0,0,0,0,0,86,0,62,0,0,0,0,0
98,0,15,0,0,0,0,0,836862,0,0,0,0,44,0,0,0,0,0,0,0,0,0,0,0,0,0,0,0,0,0,0,0,0,0,0,0,36,0,91,0,0,0,0,0
99,0,0,0,0,0,0,0,1687666,0,0,5802,528384,136,0,0,0,0,0,12423,0,0,0,0,0,0,0,0,5802,5802,0,244860,0,714063,528384,0,1566,0,136,284,0,0,0,0,1153244
99,0,1,0,0,0,0,0,843833,12423,0,0,0,4879,0,0,0,0,0,0,0,0,0,0,0,0,0,0,0,3231,0,122939,0,242145,0,0,611,626,1202,8554,0,0,150579,0,0
99,0,2,0,0,0,0,0,843833,0,0,0,0,331,68608,0,0,0,0,0,0,0,0,0,0,0,0,0,0,0,0,62290,0,122368,64315,0,924,515,1297,674,0,0,108426,0,65285
99,0,3,0,0,0,0,0,843833,0,0,0,0,332,68608,0,0,0,0,0,0,0,0,0,0,0,0,0,0,0,0,61853,0,0,64295,0,417,183,0,497,0,0,24447,0,65171
99,0,4,0,0,0,0,0,843833,0,0,0,0,397,68608,0,0,0,0,0,0,0,0,0,0,0,0,0,0,0,0,61885,0,0,64365,0,352,0,212,603,452691,0,0,0,64958
99,0,5,0,0,0,0,0,843833,0,0,0,0,568,68608,0,0,0,0,0,0,0,0,0,0,0,0,0,0,0,0,62111,0,0,64383,2940,635,0,2,1160,0,0,443516,0,64231
99,0,6,0,0,0,0,0,843833,0,0,0,0,776,68608,0,0,0,0,0,0,0,0,0,0,0,0,0,0,0,0,0,0,0,64438,0,39,1159,1,1178,0,0,330388,0,63989
99,0,7,0,0,0,0,0,843833,0,0,0,0,775,68608,0,0,0,0,0,0,0,0,0,0,0,0,0,0,0,0,0,0,0,64189,0,102,387,0,1616,0,0,107355,0,64216
99,0,8,0,0,0,0,0,843833,0,0,0,0,568,68608,0,0,0,0,0,0,0,0,0,0,0,0,0,0,0,0,0,0,0,64204,0,52,0,275,1113,322082,0,0,0,63930
99,0,9,0,0,0,0,0,843833,0,0,0,0,537,68608,0,0,0,0,0,0,0,0,0,0,0,0,0,0,0,0,0,0,0,64382,1155,40,0,1,811,0,0,91991,0,64225
99,0,10,0,0,0,0,0,843833,0,0,0,0,56,0,0,0,0,0,0,0,0,0,0,0,0,0,0,0,0,0,0,0,0,0,0,86,86,1,127,0,0,0,0,0
99,0,11,0,0,0,0,0,843833,0,0,0,0,50,0,0,0,0,0,0,0,0,0,0,0,0,0,0,0,0,0,0,0,0,0,0,43,42,0,118,0,0,0,0,0
99,0,12,0,0,0,0,0,843833,0,0,0,0,50,0,0,0,0,0,0,0,0,0,0,0,0,0,0,0,0,0,0,0,0,0,0,0,0,42,96,0,0,0,0,0
99,0,13,0,0,0,0,0,843833,0,0,0,0,56,0,0,0,0,0,0,0,0,0,0,0,0,0,0,0,0,0,0,0,0,0,172,0,0,0,114,0,0,0,0,0
99,0,14,0,0,0,0,0,843833,0,0,0,0,50,0,0,0,0,0,0,0,0,0,0,0,0,0,0,0,0,0,0,0,0,0,0,0,86,0,62,0,0,0,0,0
99,0,15,0,0,0,0,0,843833,0,0,0,0,44,0,0,0,0,0,0,0,0,0,0,0,0,0,0,0,0,0,0,0,0,0,0,0,36,0,95,0,0,0,0,0
100,0,0,0,0,0,0,0,2038619,0,0,7040,660480,136,0,0,0,0,0,14292,0,0,0,0,0,0,0,0,7040,7040,0,244835,0,942771,660480,0,1346,0,136,284,0,0,0,0,1454815
100,0,1,0,0,0,0,0,1019309,14292,0,0,0,5716,0,0,0,0,0,0,0,0,0,0,0,0,0,0,0,3333,0,122659,0,358803,0,0,575,506,1761,9938,0,0,144005,0,0
100,0,2,0,0,0,0,0,1019309,0,0,0,0,269,68608,0,0,0,0,0,0,0,0,0,0,0,0,0,0,0,0,122558,0,181026,64336,0,1475,430,1736,570,0,0,104673,0,65275
100,0,3,0,0,0,0,0,1019309,0,0,0,0,274,68608,0,0,0,0,0,0,0,0,0,0,0,0,0,0,0,0,122622,0,0,64283,0,777,153,0,393,0,0,29099,0,65090
100,0,4,0,0,0,0,0,1019309,0,0,0,0,325,68608,0,0,0,0,0,0,0,0,0,0,0,0,0,0,0,0,61951,0,0,64384,0,290,0,176,474,599058,0,0,0,65077
100,0,5,0,0,0,0,0,1019309,0,0,0,0,474,68608,0,0,0,0,0,0,0,0,0,0,0,0,0,0,0,0,62120,0,0,64380,3712,726,0,1,965,0,0,552250,0,63821
100,0,6,0,0,0,0,0,1019309,0,0,0,0,595,68608,0,0,0,0,0,0,0,0,0,0,0,0,0,0,0,0,62131,0,0,64367,0,442,898,1,884,0,0,374483,0,63476
100,0,7,0,0,0,0,0,1019309,0,0,0,0,593,68608,0,0,0,0,0,0,0,0,0,0,0,0,0,0,0,0,61997,0,0,64315,0,801,308,0,1215,0,0,146769,0,63612
100,0,8,0,0,0,0,0,1019309,0,0,0,0,475,68608,0,0,0,0,0,0,0,0,0,0,0,0,0,0,0,0,0,0,0,64223,0,52,0,256,970,664035,0,0,0,63681
100,0,9,0,0,0,0,0,1019309,0,0,0,0,608,68608,0,0,0,0,0,0,0,0,0,0,0,0,0,0,0,0,0,0,0,64382,2185,40,0,2,899,0,0,549851,0,63821
100,0,10,0,0,0,0,0,1019309,0,0,0,0,825,68608,0,0,0,0,0,0,0,0,0,0,0,0,0,0,0,0,0,0,0,64440,0,82,1197,1,1598,0,0,427146,0,64298
100,0,11,0,0,0,0,0,1019309,0,0,0,0,833,68608,0,0,0,0,0,0,0,0,0,0,0,0,0,0,0,0,0,0,0,64446,0,44,360,0,1344,0,0,189939,0,63654
100,0,12,0,0,0,0,0,1019309,0,0,0,0,47,0,0,0,0,0,0,0,0,0,0,0,0,0,0,0,0,0,0,0,0,0,0,0,0,45,93,0,0,0,0,0
100,0,13,0,0,0,0,0,1019309,0,0,0,0,53,0,0,0,0,0,0,0,0,0,0,0,0,0,0,0,0,0,0,0,0,0,172,0,0,0,111,0,0,0,0,0
100,0,14,0,0,0,0,0,1019309,0,0,0,0,47,0,0,0,0,0,0,0,0,0,0,0,0,0,0,0,0,0,0,0,0,0,0,0,86,0,63,0,0,0,0,0
100,0,15,0,0,0,0,0,1019309,0,0,0,0,41,0,0,0,0,0,0,0,0,0,0,0,0,0,0,0,0,0,0,0,0,0,0,0,39,0,93,0,0,0,0,0
101,0,0,0,0,0,0,0,2047275,0,0,7156,660480,136,0,0,0,0,0,14463,0,0,0,0,0,0,0,0,7156,7156,0,244806,0,942975,660480,0,1352,0,136,284,0,0,0,0,1442960
101,0,1,0,0,0,0,0,1023638,14463,0,0,0,5810,0,0,0,0,0,0,0,0,0,0,0,0,0,0,0,3382,0,122669,0,359261,0,0,576,513,1775,10112,0,0,155110,0,0
101,0,2,0,0,0,0,0,1023638,0,0,0,0,282,68608,0,0,0,0,0,0,0,0,0,0,0,0,0,0,0,0,122876,0,180946,64305,0,1519,423,1780,594,0,0,112802,0,65200
101,0,3,0,0,0,0,0,1023638,0,0,0,0,272,68608,0,0,0,0,0,0,0,0,0,0,0,0,0,0,0,0,122572,0,0,64293,0,780,160,0,403,0,0,26191,0,65196
101,0,4,0,0,0,0,0,1023638,0,0,0,0,328,68608,0,0,0,0,0,0,0,0,0,0,0,0,0,0,0,0,61930,0,0,64364,0,293,0,175,480,591783,0,0,0,65133
101,0,5,0,0,0,0,0,1023638,0,0,0,0,474,68608,0,0,0,0,0,0,0,0,0,0,0,0,0,0,0,0,61994,0,0,64397,3755,729,0,1,957,0,0,523125,0,63995
101,0,6,0,0,0,0,0,1023638,0,0,0,0,592,68608,0,0,0,0,0,0,0,0,0,0,0,0,0,0,0,0,62251,0,0,64371,0,459,889,1,870,0,0,361404,0,63557
101,0,7,0,0,0,0,0,1023638,0,0,0,0,585,68608,0,0,0,0,0,0,0,0,0,0,0,0,0,0,0,0,61866,0,0,64233,0,860,314,0,1197,0,0,114294,0,63946
101,0,8,0,0,0,0,0,1023638,0,0,0,0,490,68608,0,0,0,0,0,0,0,0,0,0,0,0,0,0,0,0,0,0,0,64235,0,52,0,245,986,655332,0,0,0,63679
101,0,9,0,0,0,0,0,1023638,0,0,0,0,618,68608,0,0,0,0,0,0,0,0,0,0,0,0,0,0,0,0,0,0,0,64387,2256,40,0,1,902,0,0,540844,0,64024
101,0,10,0,0,0,0,0,1023638,0,0,0,0,882,68608,0,0,0,0,0,0,0,0,0,0,0,0,0,0,0,0,0,0,0,64462,0,86,1236,2,1688,0,0,444242,0,64319
101,0,11,0,0,0,0,0,1023638,0,0,0,0,875,68608,0,0,0,0,0,0,0,0,0,0,0,0,0,0,0,0,0,0,0,64434,0,45,372,0,1719,0,0,198110,0,63812
101,0,12,0,0,0,0,0,1023638,0,0,0,0,50,0,0,0,0,0,0,0,0,0,0,0,0,0,0,0,0,0,0,0,0,0,0,0,0,42,96,0,0,0,0,0
101,0,13,0,0,0,0,0,1023638,0,0,0,0,56,0,0,0,0,0,0,0,0,0,0,0,0,0,0,0,0,0,0,0,0,0,172,0,0,0,114,0,0,0,0,0
101,0,14,0,0,0,0,0,1023638,0,0,0,0,50,0,0,0,0,0,0,0,0,0,0,0,0,0,0,0,0,0,0,0,0,0,0,0,86,0,62,0,0,0,0,0
101,0,15,0,0,0,0,0,1023638,0,0,0,0,44,0,0,0,0,0,0,0,0,0,0,0,0,0,0,0,0,0,0,0,0,0,0,0,36,0,95,0,0,0,0,0
102,0,0,0,0,0,0,0,2030797,0,0,7026,660480,136,0,0,0,0,0,14268,0,0,0,0,0,0,0,0,7026,7026,0,244855,0,942209,660480,0,1344,0,136,284,0,0,0,0,1449662
102,0,1,0,0,0,0,0,1015399,14268,0,0,0,5647,0,0,0,0,0,0,0,0,0,0,0,0,0,0,0,3544,0,122750,0,358546,0,0,579,525,1793,9873,0,0,155878,0,0
102,0,2,0,0,0,0,0,1015399,0,0,0,0,273,68608,0,0,0,0,0,0,0,0,0,0,0,0,0,0,0,0,122545,0,181268,64353,0,1457,433,1712,569,0,0,114203,0,65328
102,0,3,0,0,0,0,0,1015399,0,0,0,0,276,68608,0,0,0,0,0,0,0,0,0,0,0,0,0,0,0,0,122706,0,0,64255,0,787,155,0,401,0,0,30916,0,65075
102,0,4,0,0,0,0,0,1015399,0,0,0,0,316,68608,0,0,0,0,0,0,0,0,0,0,0,0,0,0,0,0,61924,0,0,64365,0,293,0,185,481,588906,0,0,0,64986
102,0,5,0,0,0,0,0,1015399,0,0,0,0,473,68608,0,0,0,0,0,0,0,0,0,0,0,0,0,0,0,0,62078,0,0,64386,3691,727,0,1,961,0,0,535890,0,63878
102,0,6,0,0,0,0,0,1015399,0,0,0,0,585,68608,0,0,0,0,0,0,0,0,0,0,0,0,0,0,0,0,61822,0,0,64403,0,445,921,1,879,0,0,369133,0,63945
102,0,7,0,0,0,0,0,1015399,0,0,0,0,608,68608,0,0,0,0,0,0,0,0,0,0,0,0,0,0,0,0,62267,0,0,64338,0,790,291,0,1219,0,0,158908,0,63422
102,0,8,0,0,0,0,0,1015399,0,0,0,0,486,68608,0,0,0,0,0,0,0,0,0,0,0,0,0,0,0,0,0,0,0,64215,0,52,0,243,976,648683,0,0,0,63745
102,0,9,0,0,0,0,0,1015399,0,0,0,0,632,68608,0,0,0,0,0,0,0,0,0,0,0,0,0,0,0,0,0,0,0,64408,2153,40,0,1,924,0,0,546563,0,63682
102,0,10,0,0,0,0,0,1015399,0,0,0,0,813,68608,0,0,0,0,0,0,0,0,0,0,0,0,0,0,0,0,0,0,0,64451,0,82,1201,2,1575,0,0,429282,0,64055
102,0,11,0,0,0,0,0,1015399,0,0,0,0,833,68608,0,0,0,0,0,0,0,0,0,0,0,0,0,0,0,0,0,0,0,64440,0,44,350,0,5414,0,0,190270,0,63659
102,0,12,0,0,0,0,0,1015399,0,0,0,0,47,0,0,0,0,0,0,0,0,0,0,0,0,0,0,0,0,0,0,0,0,0,0,0,0,45,93,0,0,0,0,0
102,0,13,0,0,0,0,0,1015399,0,0,0,0,53,0,0,0,0,0,0,0,0,0,0,0,0,0,0,0,0,0,0,0,0,0,172,0,0,0,111,0,0,0,0,0
102,0,14,0,0,0,0,0,1015399,0,0,0,0,47,0,0,0,0,0,0,0,0,0,0,0,0,0,0,0,0,0,0,0,0,0,0,0,86,0,63,0,0,0,0,0
102,0,15,0,0,0,0,0,1015399,0,0,0,0,41,0,0,0,0,0,0,0,0,0,0,0,0,0,0,0,0,0,0,0,0,0,0,0,39,0,93,0,0,0,0,0
103,0,0,0,0,0,0,0,2605176,0,0,8912,858624,136,0,0,0,0,0,17115,0,0,0,0,0,0,0,0,8912,8912,0,361523,0,1167195,858624,0,2017,0,136,284,0,0,0,0,1917283
103,0,1,0,0,0,0,0,1302588,17115,0,0,0,6912,0,0,0,0,0,0,0,0,0,0,0,0,0,0,0,4399,0,180639,0,415331,0,0,895,747,1879,11969,0,0,147152,0,0
103,0,2,0,0,0,0,0,1302588,0,0,0,0,219,68608,0,0,0,0,0,0,0,0,0,0,0,0,0,0,0,0,181232,0,180916,64350,0,1996,345,1486,466,0,0,104675,0,65425
103,0,3,0,0,0,0,0,1302588,0,0,0,0,219,68608,0,0,0,0,0,0,0,0,0,0,0,0,0,0,0,0,122404,0,0,64303,0,686,130,0,319,0,0,33655,0,64999
103,0,4,0,0,0,0,0,1302588,0,0,0,0,252,68608,0,0,0,0,0,0,0,0,0,0,0,0,0,0,0,0,122351,0,0,64374,0,558,0,149,373,793731,0,0,0,65138
103,0,5,0,0,0,0,0,1302588,0,0,0,0,357,68608,0,0,0,0,0,0,0,0,0,0,0,0,0,0,0,0,122416,0,0,64396,4828,1386,0,1,737,0,0,495542,0,63920
103,0,6,0,0,0,0,0,1302588,0,0,0,0,423,68608,0,0,0,0,0,0,0,0,0,0,0,0,0,0,0,0,122738,0,0,64344,0,793,670,2,615,0,0,354460,0,63868
103,0,7,0,0,0,0,0,1302588,0,0,0,0,432,68608,0,0,0,0,0,0,0,0,0,0,0,0,0,0,0,0,62171,0,0,64233,0,764,231,0,899,0,0,135481,0,63589
103,0,8,0,0,0,0,0,1302588,0,0,0,0,422,68608,0,0,0,0,0,0,0,0,0,0,0,0,0,0,0,0,62069,0,0,64269,0,594,0,237,878,955454,0,0,0,63941
103,0,9,0,0,0,0,0,1302588,0,0,0,0,604,68608,0,0,0,0,0,0,0,0,0,0,0,0,0,0,0,0,62113,0,0,64280,3465,418,0,2,894,0,0,934102,0,64007
103,0,10,0,0,0,0,0,1302588,0,0,0,0,751,68608,0,0,0,0,0,0,0,0,0,0,0,0,0,0,0,0,62029,0,0,64403,0,757,1121,1,1511,0,0,626374,0,63758
103,0,11,0,0,0,0,0,1302588,0,0,0,0,725,68608,0,0,0,0,0,0,0,0,0,0,0,0,0,0,0,0,0,0,0,64414,0,45,424,0,1392,0,0,243084,0,64259
103,0,12,0,0,0,0,0,1302588,0,0,0,0,599,68608,0,0,0,0,0,0,0,0,0,0,0,0,0,0,0,0,0,0,0,64362,0,0,0,334,946,921374,0,0,0,63939
103,0,13,0,0,0,0,0,1302588,0,0,0,0,754,68608,0,0,0,0,0,0,0,0,0,0,0,0,0,0,0,0,0,0,0,64377,1759,0,0,0,1489,0,0,608214,0,64226
103,0,14,0,0,0,0,0,1302588,0,0,0,0,731,68608,0,0,0,0,0,0,0,0,0,0,0,0,0,0,0,0,0,0,0,64455,0,0,455,2,1127,0,0,274965,0,63996
103,0,15,0,0,0,0,0,1302588,0,0,0,0,41,0,0,0,0,0,0,0,0,0,0,0,0,0,0,0,0,0,0,0,0,0,0,0,39,0,93,0,0,0,0,0
104,0,0,0,0,0,0,0,2600225,0,0,8922,858624,136,0,0,0,0,0,17130,0,0,0,0,0,0,0,0,8922,8922,0,360999,0,1166646,858624,0,2017,0,136,284,0,0,0,0,1913147
104,0,1,0,0,0,0,0,1300112,17130,0,0,0,7102,0,0,0,0,0,0,0,0,0,0,0,0,0,0,0,4587,0,180727,0,415515,0,0,844,734,1763,12031,0,0,139380,0,0
104,0,2,0,0,0,0,0,1300112,0,0,0,0,206,68608,0,0,0,0,0,0,0,0,0,0,0,0,0,0,0,0,181737,0,180710,64325,0,2062,358,1552,446,0,0,100114,0,65389
104,0,3,0,0,0,0,0,1300112,0,0,0,0,218,68608,0,0,0,0,0,0,0,0,0,0,0,0,0,0,0,0,122351,0,0,64313,0,631,129,0,313,0,0,27980,0,65247
104,0,4,0,0,0,0,0,1300112,0,0,0,0,271,68608,0,0,0,0,0,0,0,0,0,0,0,0,0,0,0,0,122137,0,0,64368,0,546,0,126,391,791035,0,0,0,64998
104,0,5,0,0,0,0,0,1300112,0,0,0,0,350,68608,0,0,0,0,0,0,0,0,0,0,0,0,0,0,0,0,122518,0,0,64374,4953,1420,0,2,747,0,0,510512,0,64021
104,0,6,0,0,0,0,0,1300112,0,0,0,0,444,68608,0,0,0,0,0,0,0,0,0,0,0,0,0,0,0,0,122999,0,0,64329,0,716,659,1,651,0,0,352600,0,63478
104,0,7,0,0,0,0,0,1300112,0,0,0,0,428,68608,0,0,0,0,0,0,0,0,0,0,0,0,0,0,0,0,62129,0,0,64243,0,823,249,0,900,0,0,121940,0,63840
104,0,8,0,0,0,0,0,1300112,0,0,0,0,451,68608,0,0,0,0,0,0,0,0,0,0,0,0,0,0,0,0,62133,0,0,64279,0,624,0,216,893,934190,0,0,0,63611
104,0,9,0,0,0,0,0,1300112,0,0,0,0,627,68608,0,0,0,0,0,0,0,0,0,0,0,0,0,0,0,0,62065,0,0,64313,3392,358,0,0,937,0,0,903003,0,63471
104,0,10,0,0,0,0,0,1300112,0,0,0,0,737,68608,0,0,0,0,0,0,0,0,0,0,0,0,0,0,0,0,62076,0,0,64398,0,796,1162,3,1525,0,0,622334,0,64642
104,0,11,0,0,0,0,0,1300112,0,0,0,0,760,68608,0,0,0,0,0,0,0,0,0,0,0,0,0,0,0,0,0,0,0,64452,0,42,383,0,1469,0,0,289753,0,63901
104,0,12,0,0,0,0,0,1300112,0,0,0,0,604,68608,0,0,0,0,0,0,0,0,0,0,0,0,0,0,0,0,0,0,0,64297,0,0,0,325,917,896585,0,0,0,63847
104,0,13,0,0,0,0,0,1300112,0,0,0,0,751,68608,0,0,0,0,0,0,0,0,0,0,0,0,0,0,0,0,0,0,0,64407,1773,0,0,2,1544,0,0,612175,0,64635
104,0,14,0,0,0,0,0,1300112,0,0,0,0,744,68608,0,0,0,0,0,0,0,0,0,0,0,0,0,0,0,0,0,0,0,64439,0,0,443,0,1099,0,0,287349,0,63738
104,0,15,0,0,0,0,0,1300112,0,0,0,0,44,0,0,0,0,0,0,0,0,0,0,0,0,0,0,0,0,0,0,0,0,0,0,0,36,0,101,0,0,0,0,0
105,0,0,0,0,0,0,0,2594254,0,0,8902,858624,136,0,0,0,0,0,17100,0,0,0,0,0,0,0,0,8902,8902,0,361536,0,1167502,858624,0,2011,0,136,284,0,0,0,0,1908456
105,0,1,0,0,0,0,0,1297127,17100,0,0,0,6920,0,0,0,0,0,0,0,0,0,0,0,0,0,0,0,4484,0,180628,0,415669,0,0,878,782,1843,12024,0,0,140376,0,0
105,0,2,0,0,0,0,0,1297127,0,0,0,0,222,68608,0,0,0,0,0,0,0,0,0,0,0,0,0,0,0,0,181322,0,180996,64327,0,2008,338,1501,473,0,0,101848,0,65322
105,0,3,0,0,0,0,0,1297127,0,0,0,0,214,68608,0,0,0,0,0,0,0,0,0,0,0,0,0,0,0,0,122508,0,0,64339,0,668,133,0,315,0,0,23697,0,65169
105,0,4,0,0,0,0,0,1297127,0,0,0,0,244,68608,0,0,0,0,0,0,0,0,0,0,0,0,0,0,0,0,122360,0,0,64362,0,587,0,157,372,791997,0,0,0,65020
105,0,5,0,0,0,0,0,1297127,0,0,0,0,352,68608,0,0,0,0,0,0,0,0,0,0,0,0,0,0,0,0,122444,0,0,64371,4778,1410,0,0,725,0,0,501106,0,64025
105,0,6,0,0,0,0,0,1297127,0,0,0,0,437,68608,0,0,0,0,0,0,0,0,0,0,0,0,0,0,0,0,122794,0,0,64315,0,772,677,2,636,0,0,353800,0,63655
105,0,7,0,0,0,0,0,1297127,0,0,0,0,446,68608,0,0,0,0,0,0,0,0,0,0,0,0,0,0,0,0,62149,0,0,64260,0,773,223,0,922,0,0,128346,0,63812
105,0,8,0,0,0,0,0,1297127,0,0,0,0,430,68608,0,0,0,0,0,0,0,0,0,0,0,0,0,0,0,0,62035,0,0,64294,0,596,0,223,849,952532,0,0,0,63880
105,0,9,0,0,0,0,0,1297127,0,0,0,0,584,68608,0,0,0,0,0,0,0,0,0,0,0,0,0,0,0,0,62130,0,0,64272,3498,371,0,1,897,0,0,928336,0,63932
105,0,10,0,0,0,0,0,1297127,0,0,0,0,773,68608,0,0,0,0,0,0,0,0,0,0,0,0,0,0,0,0,62026,0,0,64416,0,778,1103,1,1525,0,0,612510,0,63776
105,0,11,0,0,0,0,0,1297127,0,0,0,0,734,68608,0,0,0,0,0,0,0,0,0,0,0,0,0,0,0,0,0,0,0,64433,0,46,409,0,1763,0,0,242580,0,64377
105,0,12,0,0,0,0,0,1297127,0,0,0,0,594,68608,0,0,0,0,0,0,0,0,0,0,0,0,0,0,0,0,0,0,0,64378,0,0,0,339,939,948588,0,0,0,63766
105,0,13,0,0,0,0,0,1297127,0,0,0,0,760,68608,0,0,0,0,0,0,0,0,0,0,0,0,0,0,0,0,0,0,0,64341,1759,0,0,0,1542,0,0,611403,0,64066
105,0,14,0,0,0,0,0,1297127,0,0,0,0,742,68608,0,0,0,0,0,0,0,0,0,0,0,0,0,0,0,0,0,0,0,64458,0,0,442,2,1115,0,0,259730,0,63833
105,0,15,0,0,0,0,0,1297127,0,0,0,0,41,0,0,0,0,0,0,0,0,0,0,0,0,0,0,0,0,0,0,0,0,0,0,0,39,0,92,0,0,0,0,0
106,0,0,0,0,0,0,0,397939,0,0,1026,65792,136,0,0,0,0,0,5217,0,0,0,0,0,0,0,0,1026,1026,0,0,0,125534,65792,0,294,0,136,284,0,0,0,0,67072
106,0,1,0,0,0,0,0,198970,5217,0,0,0,1840,0,0,0,0,0,0,0,0,0,0,0,0,0,0,0,254,0,0,0,63906,0,0,78,172,445,3317,0,0,67072,0,0
106,0,2,0,0,0,0,0,198970,0,0,0,0,797,67072,0,0,0,0,0,0,0,0,0,0,0,0,0,0,0,0,0,0,0,64784,0,250,366,274,1628,0,0,0,0,67072
106,0,3,0,0,0,0,0,198970,0,0,0,0,47,0,0,0,0,0,0,0,0,0,0,0,0,0,0,0,0,0,0,0,0,0,0,99,45,0,55,0,0,0,0,0
106,0,4,0,0,0,0,0,198970,0,0,0,0,50,0,0,0,0,0,0,0,0,0,0,0,0,0,0,0,0,0,0,0,0,0,0,87,0,42,67,0,0,0,0,0
106,0,5,0,0,0,0,0,198970,0,0,0,0,50,0,0,0,0,0,0,0,0,0,0,0,0,0,0,0,0,0,0,0,0,0,525,150,0,0,116,0,0,0,0,0
106,0,6,0,0,0,0,0,198970,0,0,0,0,50,0,0,0,0,0,0,0,0,0,0,0,0,0,0,0,0,0,0,0,0,0,0,39,95,0,55,0,0,0,0,0
106,0,7,0,0,0,0,0,198970,0,0,0,0,53,0,0,0,0,0,0,0,0,0,0,0,0,0,0,0,0,0,0,0,0,0,0,99,39,0,138,0,0,0,0,0
106,0,8,0,0,0,0,0,198970,0,0,0,0,56,0,0,0,0,0,0,0,0,0,0,0,0,0,0,0,0,0,0,0,0,0,0,52,0,36,113,0,0,0,0,0
106,0,9,0,0,0,0,0,198970,0,0,0,0,50,0,0,0,0,0,0,0,0,0,0,0,0,0,0,0,0,0,0,0,0,0,380,40,0,0,56,0,0,0,0,0
106,0,10,0,0,0,0,0,198970,0,0,0,0,56,0,0,0,0,0,0,0,0,0,0,0,0,0,0,0,0,0,0,0,0,0,0,86,86,0,127,0,0,0,0,0
106,0,11,0,0,0,0,0,198970,0,0,0,0,50,0,0,0,0,0,0,0,0,0,0,0,0,0,0,0,0,0,0,0,0,0,0,40,42,0,102,0,0,0,0,0
106,0,12,0,0,0,0,0,198970,0,0,0,0,50,0,0,0,0,0,0,0,0,0,0,0,0,0,0,0,0,0,0,0,0,0,0,0,0,42,96,0,0,0,0,0
106,0,13,0,0,0,0,0,198970,0,0,0,0,56,0,0,0,0,0,0,0,0,0,0,0,0,0,0,0,0,0,0,0,0,0,172,0,0,0,114,0,0,0,0,0
106,0,14,0,0,0,0,0,198970,0,0,0,0,50,0,0,0,0,0,0,0,0,0,0,0,0,0,0,0,0,0,0,0,0,0,0,0,86,0,62,0,0,0,0,0
106,0,15,0,0,0,0,0,198970,0,0,0,0,44,0,0,0,0,0,0,0,0,0,0,0,0,0,0,0,0,0,0,0,0,0,0,0,36,0,91,0,0,0,0,0
107,0,0,0,0,0,0,0,397867,0,0,1026,65792,136,0,0,0,0,0,5217,0,0,0,0,0,0,0,0,1026,1026,0,0,0,125628,65792,0,294,0,136,284,0,0,0,0,67072
107,0,1,0,0,0,0,0,198934,5217,0,0,0,1840,0,0,0,0,0,0,0,0,0,0,0,0,0,0,0,261,0,0,0,63947,0,0,79,173,443,3325,0,0,67072,0,0
107,0,2,0,0,0,0,0,198934,0,0,0,0,802,67072,0,0,0,0,0,0,0,0,0,0,0,0,0,0,0,0,0,0,0,64783,0,246,361,276,1637,0,0,0,0,67072
107,0,3,0,0,0,0,0,198934,0,0,0,0,47,0,0,0,0,0,0,0,0,0,0,0,0,0,0,0,0,0,0,0,0,0,0,97,45,0,55,0,0,0,0,0
107,0,4,0,0,0,0,0,198934,0,0,0,0,47,0,0,0,0,0,0,0,0,0,0,0,0,0,0,0,0,0,0,0,0,0,0,87,0,45,66,0,0,0,0,0
107,0,5,0,0,0,0,0,198934,0,0,0,0,47,0,0,0,0,0,0,0,0,0,0,0,0,0,0,0,0,0,0,0,0,0,522,150,0,0,112,0,0,0,0,0
107,0,6,0,0,0,0,0,198934,0,0,0,0,47,0,0,0,0,0,0,0,0,0,0,0,0,0,0,0,0,0,0,0,0,0,0,43,98,0,52,0,0,0,0,0
107,0,7,0,0,0,0,0,198934,0,0,0,0,53,0,0,0,0,0,0,0,0,0,0,0,0,0,0,0,0,0,0,0,0,0,0,99,39,0,140,0,0,0,0,0
107,0,8,0,0,0,0,0,198934,0,0,0,0,53,0,0,0,0,0,0,0,0,0,0,0,0,0,0,0,0,0,0,0,0,0,0,52,0,39,110,0,0,0,0,0
107,0,9,0,0,0,0,0,198934,0,0,0,0,47,0,0,0,0,0,0,0,0,0,0,0,0,0,0,0,0,0,0,0,0,0,380,40,0,0,53,0,0,0,0,0
107,0,10,0,0,0,0,0,198934,0,0,0,0,53,0,0,0,0,0,0,0,0,0,0,0,0,0,0,0,0,0,0,0,0,0,0,82,86,0,124,0,0,0,0,0
107,0,11,0,0,0,0,0,198934,0,0,0,0,47,0,0,0,0,0,0,0,0,0,0,0,0,0,0,0,0,0,0,0,0,0,0,40,45,0,147,0,0,0,0,0
107,0,12,0,0,0,0,0,198934,0,0,0,0,47,0,0,0,0,0,0,0,0,0,0,0,0,0,0,0,0,0,0,0,0,0,0,0,0,45,93,0,0,0,0,0
107,0,13,0,0,0,0,0,198934,0,0,0,0,53,0,0,0,0,0,0,0,0,0,0,0,0,0,0,0,0,0,0,0,0,0,172,0,0,0,111,0,0,0,0,0
107,0,14,0,0,0,0,0,198934,0,0,0,0,47,0,0,0,0,0,0,0,0,0,0,0,0,0,0,0,0,0,0,0,0,0,0,0,86,0,63,0,0,0,0,0
107,0,15,0,0,0,0,0,198934,0,0,0,0,41,0,0,0,0,0,0,0,0,0,0,0,0,0,0,0,0,0,0,0,0,0,0,0,39,0,88,0,0,0,0,0
108,0,0,0,0,0,0,0,397848,0,0,1026,65792,136,0,0,0,0,0,5217,0,0,0,0,0,0,0,0,1026,1026,0,0,0,125641,65792,0,294,0,136,284,0,0,0,0,67072
108,0,1,0,0,0,0,0,198924,5217,0,0,0,1841,0,0,0,0,0,0,0,0,0,0,0,0,0,0,0,260,0,0,0,63951,0,0,78,172,444,3319,0,0,67072,0,0
108,0,2,0,0,0,0,0,198924,0,0,0,0,799,67072,0,0,0,0,0,0,0,0,0,0,0,0,0,0,0,0,0,0,0,64783,0,250,365,273,1631,0,0,0,0,67072
108,0,3,0,0,0,0,0,198924,0,0,0,0,47,0,0,0,0,0,0,0,0,0,0,0,0,0,0,0,0,0,0,0,0,0,0,100,45,0,55,0,0,0,0,0
108,0,4,0,0,0,0,0,198924,0,0,0,0,50,0,0,0,0,0,0,0,0,0,0,0,0,0,0,0,0,0,0,0,0,0,0,87,0,42,67,0,0,0,0,0
108,0,5,0,0,0,0,0,198924,0,0,0,0,50,0,0,0,0,0,0,0,0,0,0,0,0,0,0,0,0,0,0,0,0,0,525,150,0,0,116,0,0,0,0,0
108,0,6,0,0,0,0,0,198924,0,0,0,0,50,0,0,0,0,0,0,0,0,0,0,0,0,0,0,0,0,0,0,0,0,0,0,39,95,0,55,0,0,0,0,0
108,0,7,0,0,0,0,0,198924,0,0,0,0,53,0,0,0,0,0,0,0,0,0,0,0,0,0,0,0,0,0,0,0,0,0,0,98,39,0,138,0,0,0,0,0
108,0,8,0,0,0,0,0,198924,0,0,0,0,56,0,0,0,0,0,0,0,0,0,0,0,0,0,0,0,0,0,0,0,0,0,0,52,0,36,113,0,0,0,0,0
108,0,9,0,0,0,0,0,198924,0,0,0,0,50,0,0,0,0,0,0,0,0,0,0,0,0,0,0,0,0,0,0,0,0,0,380,40,0,0,56,0,0,0,0,0
108,0,10,0,0,0,0,0,198924,0,0,0,0,56,0,0,0,0,0,0,0,0,0,0,0,0,0,0,0,0,0,0,0,0,0,0,86,86,0,127,0,0,0,0,0
108,0,11,0,0,0,0,0,198924,0,0,0,0,50,0,0,0,0,0,0,0,0,0,0,0,0,0,0,0,0,0,0,0,0,0,0,41,42,0,102,0,0,0,0,0
108,0,12,0,0,0,0,0,198924,0,0,0,0,50,0,0,0,0,0,0,0,0,0,0,0,0,0,0,0,0,0,0,0,0,0,0,0,0,42,96,0,0,0,0,0
108,0,13,0,0,0,0,0,198924,0,0,0,0,56,0,0,0,0,0,0,0,0,0,0,0,0,0,0,0,0,0,0,0,0,0,172,0,0,0,114,0,0,0,0,0
108,0,14,0,0,0,0,0,198924,0,0,0,0,50,0,0,0,0,0,0,0,0,0,0,0,0,0,0,0,0,0,0,0,0,0,0,0,86,0,62,0,0,0,0,0
108,0,15,0,0,0,0,0,198924,0,0,0,0,44,0,0,0,0,0,0,0,0,0,0,0,0,0,0,0,0,0,0,0,0,0,0,0,36,0,90,0,0,0,0,0
109,0,0,0,0,0,0,0,612273,0,0,1540,131584,136,0,0,0,0,0,5994,0,0,0,0,0,0,0,0,1540,1540,0,0,0,253169,131584,0,294,0,136,284,0,0,0,0,229421
109,0,1,0,0,0,0,0,306136,5994,0,0,0,2000,0,0,0,0,0,0,0,0,0,0,0,0,0,0,0,495,0,0,0,127714,0,0,79,174,797,3481,0,0,68984,0,0
109,0,2,0,0,0,0,0,306136,0,0,0,0,560,67072,0,0,0,0,0,0,0,0,0,0,0,0,0,0,0,0,0,0,63534,65023,0,246,877,732,1099,0,0,66101,0,66035
109,0,3,0,0,0,0,0,306136,0,0,0,0,577,67072,0,0,0,0,0,0,0,0,0,0,0,0,0,0,0,0,0,0,0,65001,0,98,284,0,899,0,0,1793,0,66048
109,0,4,0,0,0,0,0,306136,0,0,0,0,47,0,0,0,0,0,0,0,0,0,0,0,0,0,0,0,0,0,0,0,0,0,0,87,0,45,66,0,0,0,0,0
109,0,5,0,0,0,0,0,306136,0,0,0,0,47,0,0,0,0,0,0,0,0,0,0,0,0,0,0,0,0,0,0,0,0,0,522,150,0,0,112,0,0,0,0,0
109,0,6,0,0,0,0,0,306136,0,0,0,0,47,0,0,0,0,0,0,0,0,0,0,0,0,0,0,0,0,0,0,0,0,0,0,43,98,0,52,0,0,0,0,0
109,0,7,0,0,0,0,0,306136,0,0,0,0,53,0,0,0,0,0,0,0,0,0,0,0,0,0,0,0,0,0,0,0,0,0,0,99,39,0,140,0,0,0,0,0
109,0,8,0,0,0,0,0,306136,0,0,0,0,53,0,0,0,0,0,0,0,0,0,0,0,0,0,0,0,0,0,0,0,0,0,0,52,0,39,110,0,0,0,0,0
109,0,9,0,0,0,0,0,306136,0,0,0,0,47,0,0,0,0,0,0,0,0,0,0,0,0,0,0,0,0,0,0,0,0,0,380,40,0,0,53,0,0,0,0,0
109,0,10,0,0,0,0,0,306136,0,0,0,0,53,0,0,0,0,0,0,0,0,0,0,0,0,0,0,0,0,0,0,0,0,0,0,82,86,0,124,0,0,0,0,0
109,0,11,0,0,0,0,0,306136,0,0,0,0,47,0,0,0,0,0,0,0,0,0,0,0,0,0,0,0,0,0,0,0,0,0,0,41,45,0,131,0,0,0,0,0
109,0,12,0,0,0,0,0,306136,0,0,0,0,47,0,0,0,0,0,0,0,0,0,0,0,0,0,0,0,0,0,0,0,0,0,0,0,0,45,93,0,0,0,0,0
109,0,13,0,0,0,0,0,306136,0,0,0,0,53,0,0,0,0,0,0,0,0,0,0,0,0,0,0,0,0,0,0,0,0,0,172,0,0,0,111,0,0,0,0,0
109,0,14,0,0,0,0,0,306136,0,0,0,0,47,0,0,0,0,0,0,0,0,0,0,0,0,0,0,0,0,0,0,0,0,0,0,0,86,0,63,0,0,0,0,0
109,0,15,0,0,0,0,0,306136,0,0,0,0,41,0,0,0,0,0,0,0,0,0,0,0,0,0,0,0,0,0,0,0,0,0,0,0,39,0,88,0,0,0,0,0
110,0,0,0,0,0,0,0,612323,0,0,1540,131584,136,0,0,0,0,0,5994,0,0,0,0,0,0,0,0,1540,1540,0,0,0,253190,131584,0,294,0,136,284,0,0,0,0,229439
110,0,1,0,0,0,0,0,306161,5994,0,0,0,1998,0,0,0,0,0,0,0,0,0,0,0,0,0,0,0,500,0,0,0,127718,0,0,79,174,799,3473,0,0,68968,0,0
110,0,2,0,0,0,0,0,306161,0,0,0,0,550,67072,0,0,0,0,0,0,0,0,0,0,0,0,0,0,0,0,0,0,63536,65023,0,246,883,715,1104,0,0,66114,0,66028
110,0,3,0,0,0,0,0,306161,0,0,0,0,573,67072,0,0,0,0,0,0,0,0,0,0,0,0,0,0,0,0,0,0,0,65001,0,98,288,0,912,0,0,1782,0,66052
110,0,4,0,0,0,0,0,306161,0,0,0,0,47,0,0,0,0,0,0,0,0,0,0,0,0,0,0,0,0,0,0,0,0,0,0,87,0,45,66,0,0,0,0,0
110,0,5,0,0,0,0,0,306161,0,0,0,0,47,0,0,0,0,0,0,0,0,0,0,0,0,0,0,0,0,0,0,0,0,0,522,150,0,0,112,0,0,0,0,0
110,0,6,0,0,0,0,0,306161,0,0,0,0,47,0,0,0,0,0,0,0,0,0,0,0,0,0,0,0,0,0,0,0,0,0,0,43,98,0,52,0,0,0,0,0
110,0,7,0,0,0,0,0,306161,0,0,0,0,53,0,0,0,0,0,0,0,0,0,0,0,0,0,0,0,0,0,0,0,0,0,0,99,39,0,140,0,0,0,0,0
110,0,8,0,0,0,0,0,306161,0,0,0,0,53,0,0,0,0,0,0,0,0,0,0,0,0,0,0,0,0,0,0,0,0,0,0,52,0,39,110,0,0,0,0,0
110,0,9,0,0,0,0,0,306161,0,0,0,0,47,0,0,0,0,0,0,0,0,0,0,0,0,0,0,0,0,0,0,0,0,0,380,40,0,0,53,0,0,0,0,0
110,0,10,0,0,0,0,0,306161,0,0,0,0,53,0,0,0,0,0,0,0,0,0,0,0,0,0,0,0,0,0,0,0,0,0,0,82,86,0,124,0,0,0,0,0
110,0,11,0,0,0,0,0,306161,0,0,0,0,47,0,0,0,0,0,0,0,0,0,0,0,0,0,0,0,0,0,0,0,0,0,0,41,45,0,147,0,0,0,0,0
110,0,12,0,0,0,0,0,306161,0,0,0,0,47,0,0,0,0,0,0,0,0,0,0,0,0,0,0,0,0,0,0,0,0,0,0,0,0,45,93,0,0,0,0,0
110,0,13,0,0,0,0,0,306161,0,0,0,0,53,0,0,0,0,0,0,0,0,0,0,0,0,0,0,0,0,0,0,0,0,0,172,0,0,0,111,0,0,0,0,0
110,0,14,0,0,0,0,0,306161,0,0,0,0,47,0,0,0,0,0,0,0,0,0,0,0,0,0,0,0,0,0,0,0,0,0,0,0,86,0,63,0,0,0,0,0
110,0,15,0,0,0,0,0,306161,0,0,0,0,41,0,0,0,0,0,0,0,0,0,0,0,0,0,0,0,0,0,0,0,0,0,0,0,39,0,88,0,0,0,0,0
111,0,0,0,0,0,0,0,612262,0,0,1540,131584,136,0,0,0,0,0,5994,0,0,0,0,0,0,0,0,1540,1540,0,0,0,253163,131584,0,294,0,136,284,0,0,0,0,229392
111,0,1,0,0,0,0,0,306131,5994,0,0,0,1992,0,0,0,0,0,0,0,0,0,0,0,0,0,0,0,502,0,0,0,127706,0,0,79,174,805,3467,0,0,68976,0,0
111,0,2,0,0,0,0,0,306131,0,0,0,0,559,67072,0,0,0,0,0,0,0,0,0,0,0,0,0,0,0,0,0,0,63530,65023,0,246,883,711,1111,0,0,66109,0,66033
111,0,3,0,0,0,0,0,306131,0,0,0,0,582,67072,0,0,0,0,0,0,0,0,0,0,0,0,0,0,0,0,0,0,0,64998,0,98,279,0,925,0,0,1791,0,66047
111,0,4,0,0,0,0,0,306131,0,0,0,0,47,0,0,0,0,0,0,0,0,0,0,0,0,0,0,0,0,0,0,0,0,0,0,87,0,45,66,0,0,0,0,0
111,0,5,0,0,0,0,0,306131,0,0,0,0,47,0,0,0,0,0,0,0,0,0,0,0,0,0,0,0,0,0,0,0,0,0,522,150,0,0,112,0,0,0,0,0
111,0,6,0,0,0,0,0,306131,0,0,0,0,47,0,0,0,0,0,0,0,0,0,0,0,0,0,0,0,0,0,0,0,0,0,0,43,98,0,52,0,0,0,0,0
111,0,7,0,0,0,0,0,306131,0,0,0,0,53,0,0,0,0,0,0,0,0,0,0,0,0,0,0,0,0,0,0,0,0,0,0,99,39,0,140,0,0,0,0,0
111,0,8,0,0,0,0,0,306131,0,0,0,0,53,0,0,0,0,0,0,0,0,0,0,0,0,0,0,0,0,0,0,0,0,0,0,52,0,39,110,0,0,0,0,0
111,0,9,0,0,0,0,0,306131,0,0,0,0,47,0,0,0,0,0,0,0,0,0,0,0,0,0,0,0,0,0,0,0,0,0,380,40,0,0,53,0,0,0,0,0
111,0,10,0,0,0,0,0,306131,0,0,0,0,53,0,0,0,0,0,0,0,0,0,0,0,0,0,0,0,0,0,0,0,0,0,0,82,86,0,124,0,0,0,0,0
111,0,11,0,0,0,0,0,306131,0,0,0,0,47,0,0,0,0,0,0,0,0,0,0,0,0,0,0,0,0,0,0,0,0,0,0,41,45,0,147,0,0,0,0,0
111,0,12,0,0,0,0,0,306131,0,0,0,0,47,0,0,0,0,0,0,0,0,0,0,0,0,0,0,0,0,0,0,0,0,0,0,0,0,45,93,0,0,0,0,0
111,0,13,0,0,0,0,0,306131,0,0,0,0,53,0,0,0,0,0,0,0,0,0,0,0,0,0,0,0,0,0,0,0,0,0,172,0,0,0,111,0,0,0,0,0
111,0,14,0,0,0,0,0,306131,0,0,0,0,47,0,0,0,0,0,0,0,0,0,0,0,0,0,0,0,0,0,0,0,0,0,0,0,86,0,63,0,0,0,0,0
111,0,15,0,0,0,0,0,306131,0,0,0,0,41,0,0,0,0,0,0,0,0,0,0,0,0,0,0,0,0,0,0,0,0,0,0,0,39,0,88,0,0,0,0,0
112,0,0,0,0,0,0,0,1115268,0,0,2566,263168,136,0,0,0,0,0,7542,0,0,0,0,0,0,0,0,2566,2566,0,127745,0,377341,263168,0,937,0,136,284,0,0,0,0,632775
112,0,1,0,0,0,0,0,557634,7542,0,0,0,2989,0,0,0,0,0,0,0,0,0,0,0,0,0,0,0,1051,0,63982,0,126978,0,0,217,352,520,4999,0,0,129973,0,0
112,0,2,0,0,0,0,0,557634,0,0,0,0,473,67072,0,0,0,0,0,0,0,0,0,0,0,0,0,0,0,0,0,0,64000,65023,0,250,717,715,1044,0,0,129987,0,64482
112,0,3,0,0,0,0,0,557634,0,0,0,0,460,67072,0,0,0,0,0,0,0,0,0,0,0,0,0,0,0,0,0,0,0,65023,0,100,273,0,669,0,0,2297,0,65895
112,0,4,0,0,0,0,0,557634,0,0,0,0,458,67072,0,0,0,0,0,0,0,0,0,0,0,0,0,0,0,0,0,0,0,65024,0,87,0,275,656,192380,0,0,0,65234
112,0,5,0,0,0,0,0,557634,0,0,0,0,447,67072,0,0,0,0,0,0,0,0,0,0,0,0,0,0,0,0,0,0,0,64777,1175,150,0,2,1017,0,0,1543,0,66052
112,0,6,0,0,0,0,0,557634,0,0,0,0,50,0,0,0,0,0,0,0,0,0,0,0,0,0,0,0,0,0,0,0,0,0,0,39,95,0,55,0,0,0,0,0
112,0,7,0,0,0,0,0,557634,0,0,0,0,53,0,0,0,0,0,0,0,0,0,0,0,0,0,0,0,0,0,0,0,0,0,0,101,39,0,138,0,0,0,0,0
112,0,8,0,0,0,0,0,557634,0,0,0,0,56,0,0,0,0,0,0,0,0,0,0,0,0,0,0,0,0,0,0,0,0,0,0,52,0,36,113,0,0,0,0,0
112,0,9,0,0,0,0,0,557634,0,0,0,0,50,0,0,0,0,0,0,0,0,0,0,0,0,0,0,0,0,0,0,0,0,0,380,40,0,0,56,0,0,0,0,0
112,0,10,0,0,0,0,0,557634,0,0,0,0,56,0,0,0,0,0,0,0,0,0,0,0,0,0,0,0,0,0,0,0,0,0,0,86,86,0,127,0,0,0,0,0
112,0,11,0,0,0,0,0,557634,0,0,0,0,50,0,0,0,0,0,0,0,0,0,0,0,0,0,0,0,0,0,0,0,0,0,0,41,42,0,150,0,0,0,0,0
112,0,12,0,0,0,0,0,557634,0,0,0,0,50,0,0,0,0,0,0,0,0,0,0,0,0,0,0,0,0,0,0,0,0,0,0,0,0,42,96,0,0,0,0,0
112,0,13,0,0,0,0,0,557634,0,0,0,0,56,0,0,0,0,0,0,0,0,0,0,0,0,0,0,0,0,0,0,0,0,0,172,0,0,0,114,0,0,0,0,0
112,0,14,0,0,0,0,0,557634,0,0,0,0,50,0,0,0,0,0,0,0,0,0,0,0,0,0,0,0,0,0,0,0,0,0,0,0,86,0,62,0,0,0,0,0
112,0,15,0,0,0,0,0,557634,0,0,0,0,44,0,0,0,0,0,0,0,0,0,0,0,0,0,0,0,0,0,0,0,0,0,0,0,36,0,93,0,0,0,0,0
113,0,0,0,0,0,0,0,1115385,0,0,2566,263168,136,0,0,0,0,0,7545,0,0,0,0,0,0,0,0,2566,2566,0,127745,0,377286,263168,0,937,0,136,284,0,0,0,0,629269
113,0,1,0,0,0,0,0,557693,7545,0,0,0,2996,0,0,0,0,0,0,0,0,0,0,0,0,0,0,0,998,0,63872,0,126978,0,0,254,307,521,5004,0,0,130693,0,0
113,0,2,0,0,0,0,0,557693,0,0,0,0,436,67072,0,0,0,0,0,0,0,0,0,0,0,0,0,0,0,0,0,0,64000,65023,0,250,737,734,987,0,0,129839,0,64722
113,0,3,0,0,0,0,0,557693,0,0,0,0,443,67072,0,0,0,0,0,0,0,0,0,0,0,0,0,0,0,0,0,0,0,65023,0,100,290,0,633,0,0,2271,0,65908
113,0,4,0,0,0,0,0,557693,0,0,0,0,457,67072,0,0,0,0,0,0,0,0,0,0,0,0,0,0,0,0,0,0,0,65024,0,87,0,276,609,192441,0,0,0,64999
113,0,5,0,0,0,0,0,557693,0,0,0,0,464,67072,0,0,0,0,0,0,0,0,0,0,0,0,0,0,0,0,0,0,0,64832,1157,150,0,2,997,0,0,1540,0,66052
113,0,6,0,0,0,0,0,557693,0,0,0,0,50,0,0,0,0,0,0,0,0,0,0,0,0,0,0,0,0,0,0,0,0,0,0,39,95,0,55,0,0,0,0,0
113,0,7,0,0,0,0,0,557693,0,0,0,0,53,0,0,0,0,0,0,0,0,0,0,0,0,0,0,0,0,0,0,0,0,0,0,101,39,0,138,0,0,0,0,0
113,0,8,0,0,0,0,0,557693,0,0,0,0,56,0,0,0,0,0,0,0,0,0,0,0,0,0,0,0,0,0,0,0,0,0,0,52,0,36,113,0,0,0,0,0
113,0,9,0,0,0,0,0,557693,0,0,0,0,50,0,0,0,0,0,0,0,0,0,0,0,0,0,0,0,0,0,0,0,0,0,380,40,0,0,56,0,0,0,0,0
113,0,10,0,0,0,0,0,557693,0,0,0,0,56,0,0,0,0,0,0,0,0,0,0,0,0,0,0,0,0,0,0,0,0,0,0,86,86,0,127,0,0,0,0,0
113,0,11,0,0,0,0,0,557693,0,0,0,0,50,0,0,0,0,0,0,0,0,0,0,0,0,0,0,0,0,0,0,0,0,0,0,41,42,0,118,0,0,0,0,0
113,0,12,0,0,0,0,0,557693,0,0,0,0,50,0,0,0,0,0,0,0,0,0,0,0,0,0,0,0,0,0,0,0,0,0,0,0,0,42,96,0,0,0,0,0
113,0,13,0,0,0,0,0,557693,0,0,0,0,56,0,0,0,0,0,0,0,0,0,0,0,0,0,0,0,0,0,0,0,0,0,172,0,0,0,114,0,0,0,0,0
113,0,14,0,0,0,0,0,557693,0,0,0,0,50,0,0,0,0,0,0,0,0,0,0,0,0,0,0,0,0,0,0,0,0,0,0,0,86,0,62,0,0,0,0,0
113,0,15,0,0,0,0,0,557693,0,0,0,0,44,0,0,0,0,0,0,0,0,0,0,0,0,0,0,0,0,0,0,0,0,0,0,0,36,0,93,0,0,0,0,0
114,0,0,0,0,0,0,0,1115424,0,0,2566,263168,136,0,0,0,0,0,7545,0,0,0,0,0,0,0,0,2566,2566,0,127745,0,377276,263168,0,937,0,136,284,0,0,0,0,629117
114,0,1,0,0,0,0,0,557712,7545,0,0,0,3014,0,0,0,0,0,0,0,0,0,0,0,0,0,0,0,1016,0,63920,0,126977,0,0,259,298,507,5036,0,0,130961,0,0
114,0,2,0,0,0,0,0,557712,0,0,0,0,443,67072,0,0,0,0,0,0,0,0,0,0,0,0,0,0,0,0,0,0,64000,65023,0,250,731,724,1018,0,0,129333,0,64730
114,0,3,0,0,0,0,0,557712,0,0,0,0,443,67072,0,0,0,0,0,0,0,0,0,0,0,0,0,0,0,0,0,0,0,65023,0,101,289,0,643,0,0,2553,0,65656
114,0,4,0,0,0,0,0,557712,0,0,0,0,459,67072,0,0,0,0,0,0,0,0,0,0,0,0,0,0,0,0,0,0,0,65024,0,87,0,274,602,192512,0,0,0,65230
114,0,5,0,0,0,0,0,557712,0,0,0,0,476,67072,0,0,0,0,0,0,0,0,0,0,0,0,0,0,0,0,0,0,0,64775,1149,150,0,0,1004,0,0,1546,0,66052
114,0,6,0,0,0,0,0,557712,0,0,0,0,50,0,0,0,0,0,0,0,0,0,0,0,0,0,0,0,0,0,0,0,0,0,0,39,95,2,55,0,0,0,0,0
114,0,7,0,0,0,0,0,557712,0,0,0,0,53,0,0,0,0,0,0,0,0,0,0,0,0,0,0,0,0,0,0,0,0,0,0,98,39,0,138,0,0,0,0,0
114,0,8,0,0,0,0,0,557712,0,0,0,0,56,0,0,0,0,0,0,0,0,0,0,0,0,0,0,0,0,0,0,0,0,0,0,52,0,36,113,0,0,0,0,0
114,0,9,0,0,0,0,0,557712,0,0,0,0,50,0,0,0,0,0,0,0,0,0,0,0,0,0,0,0,0,0,0,0,0,0,380,40,0,0,56,0,0,0,0,0
114,0,10,0,0,0,0,0,557712,0,0,0,0,56,0,0,0,0,0,0,0,0,0,0,0,0,0,0,0,0,0,0,0,0,0,0,86,86,0,127,0,0,0,0,0
114,0,11,0,0,0,0,0,557712,0,0,0,0,50,0,0,0,0,0,0,0,0,0,0,0,0,0,0,0,0,0,0,0,0,0,0,44,42,0,150,0,0,0,0,0
114,0,12,0,0,0,0,0,557712,0,0,0,0,50,0,0,0,0,0,0,0,0,0,0,0,0,0,0,0,0,0,0,0,0,0,0,0,0,42,96,0,0,0,0,0
114,0,13,0,0,0,0,0,557712,0,0,0,0,56,0,0,0,0,0,0,0,0,0,0,0,0,0,0,0,0,0,0,0,0,0,172,0,0,0,114,0,0,0,0,0
114,0,14,0,0,0,0,0,557712,0,0,0,0,50,0,0,0,0,0,0,0,0,0,0,0,0,0,0,0,0,0,0,0,0,0,0,0,86,0,62,0,0,0,0,0
114,0,15,0,0,0,0,0,557712,0,0,0,0,44,0,0,0,0,0,0,0,0,0,0,0,0,0,0,0,0,0,0,0,0,0,0,0,36,0,90,0,0,0,0,0
115,0,0,0,0,0,0,0,1245185,0,0,3296,394752,136,0,0,0,0,0,8652,0,0,0,0,0,0,0,0,3296,3296,0,127680,0,626091,394752,0,687,0,136,284,0,0,0,0,771099
115,0,1,0,0,0,0,0,622593,8652,0,0,0,3371,0,0,0,0,0,0,0,0,0,0,0,0,0,0,0,1770,0,63757,0,252518,0,0,263,267,909,5760,0,0,119903,0,0
115,0,2,0,0,0,0,0,622593,0,0,0,0,313,67072,0,0,0,0,0,0,0,0,0,0,0,0,0,0,0,0,63815,0,127093,64889,0,725,498,1060,661,0,0,78984,0,64940
115,0,3,0,0,0,0,0,622593,0,0,0,0,331,67072,0,0,0,0,0,0,0,0,0,0,0,0,0,0,0,0,63814,0,0,64932,0,320,152,0,468,0,0,5276,0,65334
115,0,4,0,0,0,0,0,622593,0,0,0,0,307,67072,0,0,0,0,0,0,0,0,0,0,0,0,0,0,0,0,0,0,0,64846,0,87,0,176,420,334659,0,0,0,64284
115,0,5,0,0,0,0,0,622593,0,0,0,0,486,67072,0,0,0,0,0,0,0,0,0,0,0,0,0,0,0,0,0,0,0,64983,1741,150,0,2,1006,0,0,265948,0,64876
115,0,6,0,0,0,0,0,622593,0,0,0,0,552,67072,0,0,0,0,0,0,0,0,0,0,0,0,0,0,0,0,0,0,0,64902,0,39,815,0,825,0,0,185609,0,65074
115,0,7,0,0,0,0,0,622593,0,0,0,0,535,67072,0,0,0,0,0,0,0,0,0,0,0,0,0,0,0,0,0,0,0,64887,0,102,298,0,1143,0,0,48364,0,64238
115,0,8,0,0,0,0,0,622593,0,0,0,0,56,0,0,0,0,0,0,0,0,0,0,0,0,0,0,0,0,0,0,0,0,0,0,52,0,36,113,0,0,0,0,0
115,0,9,0,0,0,0,0,622593,0,0,0,0,50,0,0,0,0,0,0,0,0,0,0,0,0,0,0,0,0,0,0,0,0,0,380,40,0,0,56,0,0,0,0,0
115,0,10,0,0,0,0,0,622593,0,0,0,0,56,0,0,0,0,0,0,0,0,0,0,0,0,0,0,0,0,0,0,0,0,0,0,86,86,0,127,0,0,0,0,0
115,0,11,0,0,0,0,0,622593,0,0,0,0,50,0,0,0,0,0,0,0,0,0,0,0,0,0,0,0,0,0,0,0,0,0,0,42,42,0,102,0,0,0,0,0
115,0,12,0,0,0,0,0,622593,0,0,0,0,50,0,0,0,0,0,0,0,0,0,0,0,0,0,0,0,0,0,0,0,0,0,0,0,0,42,96,0,0,0,0,0
115,0,13,0,0,0,0,0,622593,0,0,0,0,56,0,0,0,0,0,0,0,0,0,0,0,0,0,0,0,0,0,0,0,0,0,172,0,0,0,114,0,0,0,0,0
115,0,14,0,0,0,0,0,622593,0,0,0,0,50,0,0,0,0,0,0,0,0,0,0,0,0,0,0,0,0,0,0,0,0,0,0,0,86,0,62,0,0,0,0,0
115,0,15,0,0,0,0,0,622593,0,0,0,0,44,0,0,0,0,0,0,0,0,0,0,0,0,0,0,0,0,0,0,0,0,0,0,0,36,0,94,0,0,0,0,0
116,0,0,0,0,0,0,0,1243769,0,0,3292,394752,136,0,0,0,0,0,8646,0,0,0,0,0,0,0,0,3292,3292,0,127862,0,626061,394752,0,685,0,136,284,0,0,0,0,768831
116,0,1,0,0,0,0,0,621884,8646,0,0,0,3334,0,0,0,0,0,0,0,0,0,0,0,0,0,0,0,1765,0,63733,0,252529,0,0,325,271,876,5755,0,0,113731,0,0
116,0,2,0,0,0,0,0,621884,0,0,0,0,308,67072,0,0,0,0,0,0,0,0,0,0,0,0,0,0,0,0,63786,0,127113,64893,0,739,469,1114,620,0,0,78882,0,64944
116,0,3,0,0,0,0,0,621884,0,0,0,0,297,67072,0,0,0,0,0,0,0,0,0,0,0,0,0,0,0,0,63834,0,0,64934,0,303,183,0,396,0,0,5756,0,65327
116,0,4,0,0,0,0,0,621884,0,0,0,0,294,67072,0,0,0,0,0,0,0,0,0,0,0,0,0,0,0,0,0,0,0,64911,0,87,0,187,410,334567,0,0,0,64291
116,0,5,0,0,0,0,0,621884,0,0,0,0,459,67072,0,0,0,0,0,0,0,0,0,0,0,0,0,0,0,0,0,0,0,64996,1734,150,0,0,917,0,0,264274,0,64873
116,0,6,0,0,0,0,0,621884,0,0,0,0,545,67072,0,0,0,0,0,0,0,0,0,0,0,0,0,0,0,0,0,0,0,64905,0,39,838,2,804,0,0,186805,0,65086
116,0,7,0,0,0,0,0,621884,0,0,0,0,551,67072,0,0,0,0,0,0,0,0,0,0,0,0,0,0,0,0,0,0,0,64894,0,100,282,0,1176,0,0,50232,0,64253
116,0,8,0,0,0,0,0,621884,0,0,0,0,56,0,0,0,0,0,0,0,0,0,0,0,0,0,0,0,0,0,0,0,0,0,0,52,0,36,113,0,0,0,0,0
116,0,9,0,0,0,0,0,621884,0,0,0,0,50,0,0,0,0,0,0,0,0,0,0,0,0,0,0,0,0,0,0,0,0,0,380,40,0,0,56,0,0,0,0,0
116,0,10,0,0,0,0,0,621884,0,0,0,0,56,0,0,0,0,0,0,0,0,0,0,0,0,0,0,0,0,0,0,0,0,0,0,86,86,0,127,0,0,0,0,0
116,0,11,0,0,0,0,0,621884,0,0,0,0,50,0,0,0,0,0,0,0,0,0,0,0,0,0,0,0,0,0,0,0,0,0,0,44,42,0,182,0,0,0,0,0
116,0,12,0,0,0,0,0,621884,0,0,0,0,50,0,0,0,0,0,0,0,0,0,0,0,0,0,0,0,0,0,0,0,0,0,0,0,0,42,96,0,0,0,0,0
116,0,13,0,0,0,0,0,621884,0,0,0,0,56,0,0,0,0,0,0,0,0,0,0,0,0,0,0,0,0,0,0,0,0,0,172,0,0,0,114,0,0,0,0,0
116,0,14,0,0,0,0,0,621884,0,0,0,0,50,0,0,0,0,0,0,0,0,0,0,0,0,0,0,0,0,0,0,0,0,0,0,0,86,0,62,0,0,0,0,0
116,0,15,0,0,0,0,0,621884,0,0,0,0,44,0,0,0,0,0,0,0,0,0,0,0,0,0,0,0,0,0,0,0,0,0,0,0,36,0,92,0,0,0,0,0
117,0,0,0,0,0,0,0,1252242,0,0,3308,394752,136,0,0,0,0,0,8670,0,0,0,0,0,0,0,0,3308,3308,0,127847,0,625992,394752,0,691,0,136,284,0,0,0,0,774503
117,0,1,0,0,0,0,0,626121,8670,0,0,0,3358,0,0,0,0,0,0,0,0,0,0,0,0,0,0,0,1757,0,63734,0,252517,0,0,268,331,865,5774,0,0,120283,0,0
117,0,2,0,0,0,0,0,626121,0,0,0,0,294,67072,0,0,0,0,0,0,0,0,0,0,0,0,0,0,0,0,63783,0,127083,64893,0,788,482,1033,664,0,0,82879,0,64933
117,0,3,0,0,0,0,0,626121,0,0,0,0,293,67072,0,0,0,0,0,0,0,0,0,0,0,0,0,0,0,0,63838,0,0,64938,0,376,189,0,408,0,0,6585,0,65356
117,0,4,0,0,0,0,0,626121,0,0,0,0,316,67072,0,0,0,0,0,0,0,0,0,0,0,0,0,0,0,0,0,0,0,64918,0,87,0,171,493,333842,0,0,0,64368
117,0,5,0,0,0,0,0,626121,0,0,0,0,483,67072,0,0,0,0,0,0,0,0,0,0,0,0,0,0,0,0,0,0,0,64993,1742,150,0,2,992,0,0,263933,0,64859
117,0,6,0,0,0,0,0,626121,0,0,0,0,562,67072,0,0,0,0,0,0,0,0,0,0,0,0,0,0,0,0,0,0,0,64913,0,39,832,0,778,0,0,190677,0,65092
117,0,7,0,0,0,0,0,626121,0,0,0,0,556,67072,0,0,0,0,0,0,0,0,0,0,0,0,0,0,0,0,0,0,0,64899,0,101,283,0,1115,0,0,53204,0,64246
117,0,8,0,0,0,0,0,626121,0,0,0,0,56,0,0,0,0,0,0,0,0,0,0,0,0,0,0,0,0,0,0,0,0,0,0,52,0,36,113,0,0,0,0,0
117,0,9,0,0,0,0,0,626121,0,0,0,0,50,0,0,0,0,0,0,0,0,0,0,0,0,0,0,0,0,0,0,0,0,0,380,40,0,0,56,0,0,0,0,0
117,0,10,0,0,0,0,0,626121,0,0,0,0,56,0,0,0,0,0,0,0,0,0,0,0,0,0,0,0,0,0,0,0,0,0,0,86,86,0,127,0,0,0,0,0
117,0,11,0,0,0,0,0,626121,0,0,0,0,50,0,0,0,0,0,0,0,0,0,0,0,0,0,0,0,0,0,0,0,0,0,0,43,42,0,150,0,0,0,0,0
117,0,12,0,0,0,0,0,626121,0,0,0,0,50,0,0,0,0,0,0,0,0,0,0,0,0,0,0,0,0,0,0,0,0,0,0,0,0,42,96,0,0,0,0,0
117,0,13,0,0,0,0,0,626121,0,0,0,0,56,0,0,0,0,0,0,0,0,0,0,0,0,0,0,0,0,0,0,0,0,0,172,0,0,0,114,0,0,0,0,0
117,0,14,0,0,0,0,0,626121,0,0,0,0,50,0,0,0,0,0,0,0,0,0,0,0,0,0,0,0,0,0,0,0,0,0,0,0,86,0,62,0,0,0,0,0
117,0,15,0,0,0,0,0,626121,0,0,0,0,44,0,0,0,0,0,0,0,0,0,0,0,0,0,0,0,0,0,0,0,0,0,0,0,36,0,93,0,0,0,0,0
118,0,0,0,0,0,0,0,1761219,0,0,4548,526336,136,0,0,0,0,0,10539,0,0,0,0,0,0,0,0,4548,4548,0,253455,0,750153,526336,0,1304,0,136,284,0,0,0,0,1195750
118,0,1,0,0,0,0,0,880609,10539,0,0,0,4106,0,0,0,0,0,0,0,0,0,0,0,0,0,0,0,2191,0,127033,0,252100,0,0,519,500,939,7122,0,0,141225,0,0
118,0,2,0,0,0,0,0,880609,0,0,0,0,276,67072,0,0,0,0,0,0,0,0,0,0,0,0,0,0,0,0,63803,0,126765,64909,0,788,421,1052,577,0,0,104825,0,64801
118,0,3,0,0,0,0,0,880609,0,0,0,0,273,67072,0,0,0,0,0,0,0,0,0,0,0,0,0,0,0,0,63880,0,0,64942,0,373,152,0,383,0,0,3359,0,65462
118,0,4,0,0,0,0,0,880609,0,0,0,0,311,67072,0,0,0,0,0,0,0,0,0,0,0,0,0,0,0,0,63748,0,0,64906,0,283,0,186,460,470325,0,0,0,65098
118,0,5,0,0,0,0,0,880609,0,0,0,0,475,67072,0,0,0,0,0,0,0,0,0,0,0,0,0,0,0,0,63801,0,0,64985,2439,541,0,0,947,0,0,478382,0,64641
118,0,6,0,0,0,0,0,880609,0,0,0,0,620,67072,0,0,0,0,0,0,0,0,0,0,0,0,0,0,0,0,0,0,0,64938,0,39,870,2,906,0,0,350655,0,64891
118,0,7,0,0,0,0,0,880609,0,0,0,0,582,67072,0,0,0,0,0,0,0,0,0,0,0,0,0,0,0,0,0,0,0,64974,0,100,327,0,1213,0,0,130349,0,64527
118,0,8,0,0,0,0,0,880609,0,0,0,0,482,67072,0,0,0,0,0,0,0,0,0,0,0,0,0,0,0,0,0,0,0,64907,0,52,0,211,946,363453,0,0,0,64553
118,0,9,0,0,0,0,0,880609,0,0,0,0,463,67072,0,0,0,0,0,0,0,0,0,0,0,0,0,0,0,0,0,0,0,64944,992,40,0,2,681,0,0,96048,0,64576
118,0,10,0,0,0,0,0,880609,0,0,0,0,56,0,0,0,0,0,0,0,0,0,0,0,0,0,0,0,0,0,0,0,0,0,0,86,86,0,127,0,0,0,0,0
118,0,11,0,0,0,0,0,880609,0,0,0,0,50,0,0,0,0,0,0,0,0,0,0,0,0,0,0,0,0,0,0,0,0,0,0,46,42,0,102,0,0,0,0,0
118,0,12,0,0,0,0,0,880609,0,0,0,0,50,0,0,0,0,0,0,0,0,0,0,0,0,0,0,0,0,0,0,0,0,0,0,0,0,42,96,0,0,0,0,0
118,0,13,0,0,0,0,0,880609,0,0,0,0,56,0,0,0,0,0,0,0,0,0,0,0,0,0,0,0,0,0,0,0,0,0,172,0,0,0,114,0,0,0,0,0
118,0,14,0,0,0,0,0,880609,0,0,0,0,50,0,0,0,0,0,0,0,0,0,0,0,0,0,0,0,0,0,0,0,0,0,0,0,86,0,62,0,0,0,0,0
118,0,15,0,0,0,0,0,880609,0,0,0,0,44,0,0,0,0,0,0,0,0,0,0,0,0,0,0,0,0,0,0,0,0,0,0,0,36,0,92,0,0,0,0,0
119,0,0,0,0,0,0,0,1744718,0,0,4478,526336,136,0,0,0,0,0,10437,0,0,0,0,0,0,0,0,4478,4478,0,253377,0,750671,526336,0,1298,0,136,284,0,0,0,0,1191207
119,0,1,0,0,0,0,0,872359,10437,0,0,0,4056,0,0,0,0,0,0,0,0,0,0,0,0,0,0,0,2569,0,127183,0,252237,0,0,503,476,959,7060,0,0,135163,0,0
119,0,2,0,0,0,0,0,872359,0,0,0,0,273,67072,0,0,0,0,0,0,0,0,0,0,0,0,0,0,0,0,63949,0,126666,64896,0,752,420,990,584,0,0,102016,0,64811
119,0,3,0,0,0,0,0,872359,0,0,0,0,272,67072,0,0,0,0,0,0,0,0,0,0,0,0,0,0,0,0,63710,0,0,64943,0,389,148,0,395,0,0,3758,0,65504
119,0,4,0,0,0,0,0,872359,0,0,0,0,326,67072,0,0,0,0,0,0,0,0,0,0,0,0,0,0,0,0,63729,0,0,64904,0,268,0,165,467,478884,0,0,0,65112
119,0,5,0,0,0,0,0,872359,0,0,0,0,465,67072,0,0,0,0,0,0,0,0,0,0,0,0,0,0,0,0,63870,0,0,64967,2382,565,0,1,933,0,0,491093,0,64576
119,0,6,0,0,0,0,0,872359,0,0,0,0,584,67072,0,0,0,0,0,0,0,0,0,0,0,0,0,0,0,0,0,0,0,64998,0,43,890,1,872,0,0,351735,0,64429
119,0,7,0,0,0,0,0,872359,0,0,0,0,596,67072,0,0,0,0,0,0,0,0,0,0,0,0,0,0,0,0,0,0,0,64824,0,100,283,0,1182,0,0,124598,0,64909
119,0,8,0,0,0,0,0,872359,0,0,0,0,467,67072,0,0,0,0,0,0,0,0,0,0,0,0,0,0,0,0,0,0,0,64848,0,52,0,226,946,374156,0,0,0,64313
119,0,9,0,0,0,0,0,872359,0,0,0,0,443,67072,0,0,0,0,0,0,0,0,0,0,0,0,0,0,0,0,0,0,0,64980,997,40,0,2,637,0,0,133843,0,64485
119,0,10,0,0,0,0,0,872359,0,0,0,0,53,0,0,0,0,0,0,0,0,0,0,0,0,0,0,0,0,0,0,0,0,0,0,82,86,0,124,0,0,0,0,0
119,0,11,0,0,0,0,0,872359,0,0,0,0,47,0,0,0,0,0,0,0,0,0,0,0,0,0,0,0,0,0,0,0,0,0,0,46,45,0,131,0,0,0,0,0
119,0,12,0,0,0,0,0,872359,0,0,0,0,47,0,0,0,0,0,0,0,0,0,0,0,0,0,0,0,0,0,0,0,0,0,0,0,0,45,93,0,0,0,0,0
119,0,13,0,0,0,0,0,872359,0,0,0,0,53,0,0,0,0,0,0,0,0,0,0,0,0,0,0,0,0,0,0,0,0,0,172,0,0,0,111,0,0,0,0,0
119,0,14,0,0,0,0,0,872359,0,0,0,0,47,0,0,0,0,0,0,0,0,0,0,0,0,0,0,0,0,0,0,0,0,0,0,0,86,0,63,0,0,0,0,0
119,0,15,0,0,0,0,0,872359,0,0,0,0,41,0,0,0,0,0,0,0,0,0,0,0,0,0,0,0,0,0,0,0,0,0,0,0,39,0,89,0,0,0,0,0
120,0,0,0,0,0,0,0,1762237,0,0,4512,526336,136,0,0,0,0,0,10488,0,0,0,0,0,0,0,0,4512,4512,0,253180,0,750595,526336,0,1302,0,136,284,0,0,0,0,1199981
120,0,1,0,0,0,0,0,881119,10488,0,0,0,4154,0,0,0,0,0,0,0,0,0,0,0,0,0,0,0,2231,0,127227,0,252184,0,0,457,464,953,7113,0,0,145902,0,0
120,0,2,0,0,0,0,0,881119,0,0,0,0,279,67072,0,0,0,0,0,0,0,0,0,0,0,0,0,0,0,0,63667,0,126759,64912,0,752,416,1033,590,0,0,110619,0,64810
120,0,3,0,0,0,0,0,881119,0,0,0,0,270,67072,0,0,0,0,0,0,0,0,0,0,0,0,0,0,0,0,63867,0,0,64941,0,378,157,0,378,0,0,2964,0,65446
120,0,4,0,0,0,0,0,881119,0,0,0,0,314,67072,0,0,0,0,0,0,0,0,0,0,0,0,0,0,0,0,63687,0,0,64895,0,244,0,183,467,463722,0,0,0,65073
120,0,5,0,0,0,0,0,881119,0,0,0,0,461,67072,0,0,0,0,0,0,0,0,0,0,0,0,0,0,0,0,63884,0,0,64980,2465,548,0,0,986,0,0,461434,0,64644
120,0,6,0,0,0,0,0,881119,0,0,0,0,604,67072,0,0,0,0,0,0,0,0,0,0,0,0,0,0,0,0,0,0,0,64982,0,43,845,3,904,0,0,353430,0,64727
120,0,7,0,0,0,0,0,881119,0,0,0,0,560,67072,0,0,0,0,0,0,0,0,0,0,0,0,0,0,0,0,0,0,0,64958,0,100,331,0,1167,0,0,105815,0,64570
120,0,8,0,0,0,0,0,881119,0,0,0,0,427,67072,0,0,0,0,0,0,0,0,0,0,0,0,0,0,0,0,0,0,0,64851,0,52,0,264,928,369814,0,0,0,64685
120,0,9,0,0,0,0,0,881119,0,0,0,0,430,67072,0,0,0,0,0,0,0,0,0,0,0,0,0,0,0,0,0,0,0,64979,968,40,0,2,639,0,0,128080,0,64321
120,0,10,0,0,0,0,0,881119,0,0,0,0,53,0,0,0,0,0,0,0,0,0,0,0,0,0,0,0,0,0,0,0,0,0,0,82,86,0,124,0,0,0,0,0
120,0,11,0,0,0,0,0,881119,0,0,0,0,47,0,0,0,0,0,0,0,0,0,0,0,0,0,0,0,0,0,0,0,0,0,0,46,45,0,147,0,0,0,0,0
120,0,12,0,0,0,0,0,881119,0,0,0,0,47,0,0,0,0,0,0,0,0,0,0,0,0,0,0,0,0,0,0,0,0,0,0,0,0,45,93,0,0,0,0,0
120,0,13,0,0,0,0,0,881119,0,0,0,0,53,0,0,0,0,0,0,0,0,0,0,0,0,0,0,0,0,0,0,0,0,0,172,0,0,0,111,0,0,0,0,0
120,0,14,0,0,0,0,0,881119,0,0,0,0,47,0,0,0,0,0,0,0,0,0,0,0,0,0,0,0,0,0,0,0,0,0,0,0,86,0,63,0,0,0,0,0
120,0,15,0,0,0,0,0,881119,0,0,0,0,41,0,0,0,0,0,0,0,0,0,0,0,0,0,0,0,0,0,0,0,0,0,0,0,39,0,89,0,0,0,0,0
121,0,0,0,0,0,0,0,2154443,0,0,5658,657920,136,0,0,0,0,0,12219,0,0,0,0,0,0,0,0,5658,5658,0,253504,0,995098,657920,0,1120,0,136,284,0,0,0,0,1495992
121,0,1,0,0,0,0,0,1077221,12219,0,0,0,4856,0,0,0,0,0,0,0,0,0,0,0,0,0,0,0,3004,0,126935,0,375882,0,0,481,444,1395,8377,0,0,156495,0,0
121,0,2,0,0,0,0,0,1077221,0,0,0,0,235,67072,0,0,0,0,0,0,0,0,0,0,0,0,0,0,0,0,126772,0,188941,64887,0,1290,373,1462,496,0,0,116026,0,64758
121,0,3,0,0,0,0,0,1077221,0,0,0,0,240,67072,0,0,0,0,0,0,0,0,0,0,0,0,0,0,0,0,126847,0,0,64924,0,630,131,0,348,0,0,3428,0,65482
121,0,4,0,0,0,0,0,1077221,0,0,0,0,259,67072,0,0,0,0,0,0,0,0,0,0,0,0,0,0,0,0,63746,0,0,64939,0,250,0,154,386,624739,0,0,0,65070
121,0,5,0,0,0,0,0,1077221,0,0,0,0,386,67072,0,0,0,0,0,0,0,0,0,0,0,0,0,0,0,0,63826,0,0,64967,3088,614,0,2,791,0,0,573260,0,64540
121,0,6,0,0,0,0,0,1077221,0,0,0,0,477,67072,0,0,0,0,0,0,0,0,0,0,0,0,0,0,0,0,63681,0,0,64967,0,345,742,1,674,0,0,383825,0,64416
121,0,7,0,0,0,0,0,1077221,0,0,0,0,478,67072,0,0,0,0,0,0,0,0,0,0,0,0,0,0,0,0,63887,0,0,64902,0,681,265,0,991,0,0,127017,0,64440
121,0,8,0,0,0,0,0,1077221,0,0,0,0,392,67072,0,0,0,0,0,0,0,0,0,0,0,0,0,0,0,0,0,0,0,64888,0,52,0,201,789,666374,0,0,0,64445
121,0,9,0,0,0,0,0,1077221,0,0,0,0,515,67072,0,0,0,0,0,0,0,0,0,0,0,0,0,0,0,0,0,0,0,64960,1806,40,0,2,748,0,0,555180,0,64385
121,0,10,0,0,0,0,0,1077221,0,0,0,0,633,67072,0,0,0,0,0,0,0,0,0,0,0,0,0,0,0,0,0,0,0,64980,0,82,982,0,1287,0,0,464623,0,64849
121,0,11,0,0,0,0,0,1077221,0,0,0,0,640,67072,0,0,0,0,0,0,0,0,0,0,0,0,0,0,0,0,0,0,0,65004,0,47,334,0,1416,0,0,227763,0,64194
121,0,12,0,0,0,0,0,1077221,0,0,0,0,47,0,0,0,0,0,0,0,0,0,0,0,0,0,0,0,0,0,0,0,0,0,0,0,0,45,93,0,0,0,0,0
121,0,13,0,0,0,0,0,1077221,0,0,0,0,53,0,0,0,0,0,0,0,0,0,0,0,0,0,0,0,0,0,0,0,0,0,172,0,0,0,111,0,0,0,0,0
121,0,14,0,0,0,0,0,1077221,0,0,0,0,47,0,0,0,0,0,0,0,0,0,0,0,0,0,0,0,0,0,0,0,0,0,0,0,86,0,63,0,0,0,0,0
121,0,15,0,0,0,0,0,1077221,0,0,0,0,41,0,0,0,0,0,0,0,0,0,0,0,0,0,0,0,0,0,0,0,0,0,0,0,39,0,90,0,0,0,0,0
122,0,0,0,0,0,0,0,2155567,0,0,5684,657920,136,0,0,0,0,0,12255,0,0,0,0,0,0,0,0,5684,5684,0,253468,0,995401,657920,0,1122,0,136,284,0,0,0,0,1488432
122,0,1,0,0,0,0,0,1077784,12255,0,0,0,4840,0,0,0,0,0,0,0,0,0,0,0,0,0,0,0,3031,0,126943,0,376033,0,0,499,444,1419,8402,0,0,157936,0,0
122,0,2,0,0,0,0,0,1077784,0,0,0,0,226,67072,0,0,0,0,0,0,0,0,0,0,0,0,0,0,0,0,126968,0,189035,64873,0,1276,371,1476,490,0,0,116894,0,64813
122,0,3,0,0,0,0,0,1077784,0,0,0,0,232,67072,0,0,0,0,0,0,0,0,0,0,0,0,0,0,0,0,126871,0,0,64924,0,649,135,0,319,0,0,3483,0,65438
122,0,4,0,0,0,0,0,1077784,0,0,0,0,260,67072,0,0,0,0,0,0,0,0,0,0,0,0,0,0,0,0,63731,0,0,64937,0,265,0,153,371,608267,0,0,0,65066
122,0,5,0,0,0,0,0,1077784,0,0,0,0,398,67072,0,0,0,0,0,0,0,0,0,0,0,0,0,0,0,0,63826,0,0,64969,3075,602,0,0,795,0,0,549870,0,64607
122,0,6,0,0,0,0,0,1077784,0,0,0,0,489,67072,0,0,0,0,0,0,0,0,0,0,0,0,0,0,0,0,63747,0,0,64925,0,357,752,3,704,0,0,370428,0,64414
122,0,7,0,0,0,0,0,1077784,0,0,0,0,498,67072,0,0,0,0,0,0,0,0,0,0,0,0,0,0,0,0,63896,0,0,64876,0,677,247,0,1010,0,0,133213,0,64636
122,0,8,0,0,0,0,0,1077784,0,0,0,0,385,67072,0,0,0,0,0,0,0,0,0,0,0,0,0,0,0,0,0,0,0,64878,0,52,0,210,769,658629,0,0,0,64464
122,0,9,0,0,0,0,0,1077784,0,0,0,0,494,67072,0,0,0,0,0,0,0,0,0,0,0,0,0,0,0,0,0,0,0,64987,1832,40,0,1,737,0,0,552761,0,64392
122,0,10,0,0,0,0,0,1077784,0,0,0,0,636,67072,0,0,0,0,0,0,0,0,0,0,0,0,0,0,0,0,0,0,0,64974,0,86,997,1,1288,0,0,470402,0,64869
122,0,11,0,0,0,0,0,1077784,0,0,0,0,644,67072,0,0,0,0,0,0,0,0,0,0,0,0,0,0,0,0,0,0,0,64991,0,47,344,0,1401,0,0,237632,0,64238
122,0,12,0,0,0,0,0,1077784,0,0,0,0,50,0,0,0,0,0,0,0,0,0,0,0,0,0,0,0,0,0,0,0,0,0,0,0,0,42,96,0,0,0,0,0
122,0,13,0,0,0,0,0,1077784,0,0,0,0,56,0,0,0,0,0,0,0,0,0,0,0,0,0,0,0,0,0,0,0,0,0,172,0,0,0,114,0,0,0,0,0
122,0,14,0,0,0,0,0,1077784,0,0,0,0,50,0,0,0,0,0,0,0,0,0,0,0,0,0,0,0,0,0,0,0,0,0,0,0,86,0,62,0,0,0,0,0
122,0,15,0,0,0,0,0,1077784,0,0,0,0,44,0,0,0,0,0,0,0,0,0,0,0,0,0,0,0,0,0,0,0,0,0,0,0,36,0,93,0,0,0,0,0
123,0,0,0,0,0,0,0,2162129,0,0,5698,657920,136,0,0,0,0,0,12276,0,0,0,0,0,0,0,0,5698,5698,0,253582,0,995242,657920,0,1124,0,136,284,0,0,0,0,1495352
123,0,1,0,0,0,0,0,1081065,12276,0,0,0,4850,0,0,0,0,0,0,0,0,0,0,0,0,0,0,0,3078,0,126945,0,375961,0,0,497,440,1429,8362,0,0,164182,0,0
123,0,2,0,0,0,0,0,1081065,0,0,0,0,223,67072,0,0,0,0,0,0,0,0,0,0,0,0,0,0,0,0,126970,0,188963,64880,0,1267,381,1484,488,0,0,121141,0,64770
123,0,3,0,0,0,0,0,1081065,0,0,0,0,235,67072,0,0,0,0,0,0,0,0,0,0,0,0,0,0,0,0,126869,0,0,64916,0,646,138,0,323,0,0,3541,0,65391
123,0,4,0,0,0,0,0,1081065,0,0,0,0,263,67072,0,0,0,0,0,0,0,0,0,0,0,0,0,0,0,0,63740,0,0,64949,0,251,0,150,384,614459,0,0,0,65070
123,0,5,0,0,0,0,0,1081065,0,0,0,0,381,67072,0,0,0,0,0,0,0,0,0,0,0,0,0,0,0,0,63817,0,0,64960,3129,595,0,2,789,0,0,552718,0,64638
123,0,6,0,0,0,0,0,1081065,0,0,0,0,477,67072,0,0,0,0,0,0,0,0,0,0,0,0,0,0,0,0,63749,0,0,64929,0,355,744,0,703,0,0,369428,0,64534
123,0,7,0,0,0,0,0,1081065,0,0,0,0,477,67072,0,0,0,0,0,0,0,0,0,0,0,0,0,0,0,0,63891,0,0,64867,0,673,268,0,999,0,0,138881,0,64564
123,0,8,0,0,0,0,0,1081065,0,0,0,0,399,67072,0,0,0,0,0,0,0,0,0,0,0,0,0,0,0,0,0,0,0,64887,0,52,0,198,799,654995,0,0,0,64507
123,0,9,0,0,0,0,0,1081065,0,0,0,0,534,67072,0,0,0,0,0,0,0,0,0,0,0,0,0,0,0,0,0,0,0,64973,1808,40,0,0,786,0,0,549755,0,64336
123,0,10,0,0,0,0,0,1081065,0,0,0,0,635,67072,0,0,0,0,0,0,0,0,0,0,0,0,0,0,0,0,0,0,0,64976,0,86,998,2,1289,0,0,465567,0,64859
123,0,11,0,0,0,0,0,1081065,0,0,0,0,645,67072,0,0,0,0,0,0,0,0,0,0,0,0,0,0,0,0,0,0,0,65001,0,42,344,0,1187,0,0,238622,0,64250
123,0,12,0,0,0,0,0,1081065,0,0,0,0,50,0,0,0,0,0,0,0,0,0,0,0,0,0,0,0,0,0,0,0,0,0,0,0,0,42,96,0,0,0,0,0
123,0,13,0,0,0,0,0,1081065,0,0,0,0,56,0,0,0,0,0,0,0,0,0,0,0,0,0,0,0,0,0,0,0,0,0,172,0,0,0,114,0,0,0,0,0
123,0,14,0,0,0,0,0,1081065,0,0,0,0,50,0,0,0,0,0,0,0,0,0,0,0,0,0,0,0,0,0,0,0,0,0,0,0,86,0,62,0,0,0,0,0
123,0,15,0,0,0,0,0,1081065,0,0,0,0,44,0,0,0,0,0,0,0,0,0,0,0,0,0,0,0,0,0,0,0,0,0,0,0,36,0,98,0,0,0,0,0
124,0,0,0,0,0,0,0,2735210,0,0,7326,855296,136,0,0,0,0,0,14736,0,0,0,0,0,0,0,0,7326,7326,0,377177,0,1240137,855296,0,1715,0,136,284,0,0,0,0,1963626
124,0,1,0,0,0,0,0,1367605,14736,0,0,0,6007,0,0,0,0,0,0,0,0,0,0,0,0,0,0,0,3677,0,189157,0,437482,0,0,770,624,1446,10284,0,0,145978,0,0
124,0,2,0,0,0,0,0,1367605,0,0,0,0,192,67072,0,0,0,0,0,0,0,0,0,0,0,0,0,0,0,0,189428,0,188825,64912,0,1772,303,1306,415,0,0,107160,0,64734
124,0,3,0,0,0,0,0,1367605,0,0,0,0,191,67072,0,0,0,0,0,0,0,0,0,0,0,0,0,0,0,0,126713,0,0,64926,0,556,114,0,265,0,0,4903,0,65521
124,0,4,0,0,0,0,0,1367605,0,0,0,0,218,67072,0,0,0,0,0,0,0,0,0,0,0,0,0,0,0,0,126630,0,0,64893,0,451,0,125,323,785784,0,0,0,65187
124,0,5,0,0,0,0,0,1367605,0,0,0,0,313,67072,0,0,0,0,0,0,0,0,0,0,0,0,0,0,0,0,126833,0,0,64976,4064,1151,0,0,629,0,0,550827,0,64438
124,0,6,0,0,0,0,0,1367605,0,0,0,0,371,67072,0,0,0,0,0,0,0,0,0,0,0,0,0,0,0,0,127162,0,0,64936,0,566,571,2,532,0,0,393533,0,64678
124,0,7,0,0,0,0,0,1367605,0,0,0,0,377,67072,0,0,0,0,0,0,0,0,0,0,0,0,0,0,0,0,63898,0,0,64884,0,673,187,0,774,0,0,166341,0,64273
124,0,8,0,0,0,0,0,1367605,0,0,0,0,360,67072,0,0,0,0,0,0,0,0,0,0,0,0,0,0,0,0,63784,0,0,64884,0,536,0,201,737,940448,0,0,0,64560
124,0,9,0,0,0,0,0,1367605,0,0,0,0,507,67072,0,0,0,0,0,0,0,0,0,0,0,0,0,0,0,0,63904,0,0,64948,2897,355,0,1,761,0,0,919353,0,64486
124,0,10,0,0,0,0,0,1367605,0,0,0,0,633,67072,0,0,0,0,0,0,0,0,0,0,0,0,0,0,0,0,63868,0,0,64934,0,696,952,2,1297,0,0,648180,0,64191
124,0,11,0,0,0,0,0,1367605,0,0,0,0,631,67072,0,0,0,0,0,0,0,0,0,0,0,0,0,0,0,0,0,0,0,64921,0,45,323,0,1447,0,0,237448,0,65025
124,0,12,0,0,0,0,0,1367605,0,0,0,0,501,67072,0,0,0,0,0,0,0,0,0,0,0,0,0,0,0,0,0,0,0,64942,0,0,0,286,760,941413,0,0,0,64481
124,0,13,0,0,0,0,0,1367605,0,0,0,0,641,67072,0,0,0,0,0,0,0,0,0,0,0,0,0,0,0,0,0,0,0,64928,1474,0,0,1,1249,0,0,648948,0,64330
124,0,14,0,0,0,0,0,1367605,0,0,0,0,624,67072,0,0,0,0,0,0,0,0,0,0,0,0,0,0,0,0,0,0,0,64938,0,0,374,2,891,0,0,274480,0,64899
124,0,15,0,0,0,0,0,1367605,0,0,0,0,44,0,0,0,0,0,0,0,0,0,0,0,0,0,0,0,0,0,0,0,0,0,0,0,36,0,96,0,0,0,0,0
125,0,0,0,0,0,0,0,2809996,0,0,7474,855296,136,0,0,0,0,0,14958,0,0,0,0,0,0,0,0,7474,7474,0,377129,0,1239800,855296,0,1703,0,136,284,0,0,0,0,1995347
125,0,1,0,0,0,0,0,1404998,14958,0,0,0,6033,0,0,0,0,0,0,0,0,0,0,0,0,0,0,0,3766,0,189177,0,437028,0,0,737,648,1577,10341,0,0,143576,0,0
125,0,2,0,0,0,0,0,1404998,0,0,0,0,193,67072,0,0,0,0,0,0,0,0,0,0,0,0,0,0,0,0,188832,0,188669,64920,0,1736,296,1345,402,0,0,106632,0,64748
125,0,3,0,0,0,0,0,1404998,0,0,0,0,189,67072,0,0,0,0,0,0,0,0,0,0,0,0,0,0,0,0,126777,0,0,64940,0,548,112,0,272,0,0,4894,0,65505
125,0,4,0,0,0,0,0,1404998,0,0,0,0,207,67072,0,0,0,0,0,0,0,0,0,0,0,0,0,0,0,0,126668,0,0,64897,0,475,0,134,313,786720,0,0,0,65148
125,0,5,0,0,0,0,0,1404998,0,0,0,0,294,67072,0,0,0,0,0,0,0,0,0,0,0,0,0,0,0,0,126893,0,0,64972,4188,1230,0,1,604,0,0,545400,0,64436
125,0,6,0,0,0,0,0,1404998,0,0,0,0,364,67072,0,0,0,0,0,0,0,0,0,0,0,0,0,0,0,0,126832,0,0,64928,0,681,575,1,530,0,0,391011,0,64396
125,0,7,0,0,0,0,0,1404998,0,0,0,0,377,67072,0,0,0,0,0,0,0,0,0,0,0,0,0,0,0,0,63793,0,0,64888,0,727,188,0,772,0,0,147608,0,64485
125,0,8,0,0,0,0,0,1404998,0,0,0,0,361,67072,0,0,0,0,0,0,0,0,0,0,0,0,0,0,0,0,63782,0,0,64892,0,510,0,192,730,950590,0,0,0,64501
125,0,9,0,0,0,0,0,1404998,0,0,0,0,518,67072,0,0,0,0,0,0,0,0,0,0,0,0,0,0,0,0,63913,0,0,64946,2934,351,0,1,739,0,0,954377,0,64488
125,0,10,0,0,0,0,0,1404998,0,0,0,0,649,67072,0,0,0,0,0,0,0,0,0,0,0,0,0,0,0,0,63653,0,0,64961,0,683,1009,1,1297,0,0,660403,0,64084
125,0,11,0,0,0,0,0,1404998,0,0,0,0,662,67072,0,0,0,0,0,0,0,0,0,0,0,0,0,0,0,0,0,0,0,64976,0,39,337,0,5270,0,0,228744,0,64990
125,0,12,0,0,0,0,0,1404998,0,0,0,0,500,67072,0,0,0,0,0,0,0,0,0,0,0,0,0,0,0,0,0,0,0,64952,0,0,0,285,783,970816,0,0,0,64505
125,0,13,0,0,0,0,0,1404998,0,0,0,0,659,67072,0,0,0,0,0,0,0,0,0,0,0,0,0,0,0,0,0,0,0,64974,1540,0,0,1,1315,0,0,666929,0,64167
125,0,14,0,0,0,0,0,1404998,0,0,0,0,662,67072,0,0,0,0,0,0,0,0,0,0,0,0,0,0,0,0,0,0,0,64947,0,0,377,2,986,0,0,257814,0,64851
125,0,15,0,0,0,0,0,1404998,0,0,0,0,41,0,0,0,0,0,0,0,0,0,0,0,0,0,0,0,0,0,0,0,0,0,0,0,39,0,99,0,0,0,0,0
126,0,0,0,0,0,0,0,2696306,0,0,7248,855296,136,0,0,0,0,0,14622,0,0,0,0,0,0,0,0,7248,7248,0,377125,0,1235136,855296,0,1693,0,136,284,0,0,0,0,1934094
126,0,1,0,0,0,0,0,1348153,14622,0,0,0,5888,0,0,0,0,0,0,0,0,0,0,0,0,0,0,0,3747,0,188558,0,435923,0,0,723,642,1516,10083,0,0,140634,0,0
126,0,2,0,0,0,0,0,1348153,0,0,0,0,188,67072,0,0,0,0,0,0,0,0,0,0,0,0,0,0,0,0,188416,0,188432,64913,0,1682,308,1288,409,0,0,100103,0,64752
126,0,3,0,0,0,0,0,1348153,0,0,0,0,192,67072,0,0,0,0,0,0,0,0,0,0,0,0,0,0,0,0,126617,0,0,64913,0,552,115,0,272,0,0,2793,0,65542
126,0,4,0,0,0,0,0,1348153,0,0,0,0,209,67072,0,0,0,0,0,0,0,0,0,0,0,0,0,0,0,0,126598,0,0,64900,0,478,0,130,305,772883,0,0,0,65196
126,0,5,0,0,0,0,0,1348153,0,0,0,0,298,67072,0,0,0,0,0,0,0,0,0,0,0,0,0,0,0,0,126743,0,0,64976,4063,1175,0,1,621,0,0,549491,0,64327
126,0,6,0,0,0,0,0,1348153,0,0,0,0,341,67072,0,0,0,0,0,0,0,0,0,0,0,0,0,0,0,0,126750,0,0,64934,0,634,569,2,500,0,0,378082,0,64650
126,0,7,0,0,0,0,0,1348153,0,0,0,0,363,67072,0,0,0,0,0,0,0,0,0,0,0,0,0,0,0,0,63784,0,0,64840,0,672,186,0,746,0,0,165130,0,64306
126,0,8,0,0,0,0,0,1348153,0,0,0,0,354,67072,0,0,0,0,0,0,0,0,0,0,0,0,0,0,0,0,63799,0,0,64890,0,503,0,193,719,932603,0,0,0,64388
126,0,9,0,0,0,0,0,1348153,0,0,0,0,512,67072,0,0,0,0,0,0,0,0,0,0,0,0,0,0,0,0,63753,0,0,64921,2829,335,0,0,752,0,0,930642,0,64414
126,0,10,0,0,0,0,0,1348153,0,0,0,0,623,67072,0,0,0,0,0,0,0,0,0,0,0,0,0,0,0,0,63750,0,0,64947,0,634,959,2,1273,0,0,630230,0,64254
126,0,11,0,0,0,0,0,1348153,0,0,0,0,632,67072,0,0,0,0,0,0,0,0,0,0,0,0,0,0,0,0,0,0,0,64954,0,45,321,0,1160,0,0,229606,0,65068
126,0,12,0,0,0,0,0,1348153,0,0,0,0,511,67072,0,0,0,0,0,0,0,0,0,0,0,0,0,0,0,0,0,0,0,64954,0,0,0,272,799,966662,0,0,0,64586
126,0,13,0,0,0,0,0,1348153,0,0,0,0,626,67072,0,0,0,0,0,0,0,0,0,0,0,0,0,0,0,0,0,0,0,64985,1501,0,0,1,1250,0,0,628032,0,65112
126,0,14,0,0,0,0,0,1348153,0,0,0,0,628,67072,0,0,0,0,0,0,0,0,0,0,0,0,0,0,0,0,0,0,0,65009,0,0,364,1,953,0,0,282170,0,64266
126,0,15,0,0,0,0,0,1348153,0,0,0,0,41,0,0,0,0,0,0,0,0,0,0,0,0,0,0,0,0,0,0,0,0,0,0,0,39,0,94,0,0,0,0,0
127,0,0,0,0,0,0,0,380712,0,0,514,65664,136,0,0,0,0,0,4446,0,0,0,0,0,0,0,0,514,514,0,0,0,128370,65664,0,294,0,136,284,0,0,0,0,66304
127,0,1,0,0,0,0,0,190356,4446,0,0,0,1406,0,0,0,0,0,0,0,0,0,0,0,0,0,0,0,128,0,0,0,64747,0,0,79,174,364,2456,0,0,66304,0,0
127,0,2,0,0,0,0,0,190356,0,0,0,0,368,66304,0,0,0,0,0,0,0,0,0,0,0,0,0,0,0,0,0,0,0,65159,0,246,284,275,770,0,0,0,0,66304
127,0,3,0,0,0,0,0,190356,0,0,0,0,47,0,0,0,0,0,0,0,0,0,0,0,0,0,0,0,0,0,0,0,0,0,0,98,45,0,55,0,0,0,0,0
127,0,4,0,0,0,0,0,190356,0,0,0,0,47,0,0,0,0,0,0,0,0,0,0,0,0,0,0,0,0,0,0,0,0,0,0,87,0,45,66,0,0,0,0,0
127,0,5,0,0,0,0,0,190356,0,0,0,0,47,0,0,0,0,0,0,0,0,0,0,0,0,0,0,0,0,0,0,0,0,0,522,150,0,0,112,0,0,0,0,0
127,0,6,0,0,0,0,0,190356,0,0,0,0,47,0,0,0,0,0,0,0,0,0,0,0,0,0,0,0,0,0,0,0,0,0,0,43,98,0,52,0,0,0,0,0
127,0,7,0,0,0,0,0,190356,0,0,0,0,53,0,0,0,0,0,0,0,0,0,0,0,0,0,0,0,0,0,0,0,0,0,0,98,39,0,140,0,0,0,0,0
127,0,8,0,0,0,0,0,190356,0,0,0,0,53,0,0,0,0,0,0,0,0,0,0,0,0,0,0,0,0,0,0,0,0,0,0,52,0,39,110,0,0,0,0,0
127,0,9,0,0,0,0,0,190356,0,0,0,0,47,0,0,0,0,0,0,0,0,0,0,0,0,0,0,0,0,0,0,0,0,0,380,40,0,0,53,0,0,0,0,0
127,0,10,0,0,0,0,0,190356,0,0,0,0,53,0,0,0,0,0,0,0,0,0,0,0,0,0,0,0,0,0,0,0,0,0,0,82,86,0,124,0,0,0,0,0
127,0,11,0,0,0,0,0,190356,0,0,0,0,47,0,0,0,0,0,0,0,0,0,0,0,0,0,0,0,0,0,0,0,0,0,0,41,45,0,131,0,0,0,0,0
127,0,12,0,0,0,0,0,190356,0,0,0,0,47,0,0,0,0,0,0,0,0,0,0,0,0,0,0,0,0,0,0,0,0,0,0,0,0,45,93,0,0,0,0,0
127,0,13,0,0,0,0,0,190356,0,0,0,0,53,0,0,0,0,0,0,0,0,0,0,0,0,0,0,0,0,0,0,0,0,0,172,0,0,0,111,0,0,0,0,0
127,0,14,0,0,0,0,0,190356,0,0,0,0,47,0,0,0,0,0,0,0,0,0,0,0,0,0,0,0,0,0,0,0,0,0,0,0,86,0,63,0,0,0,0,0
127,0,15,0,0,0,0,0,190356,0,0,0,0,41,0,0,0,0,0,0,0,0,0,0,0,0,0,0,0,0,0,0,0,0,0,0,0,39,0,87,0,0,0,0,0
128,0,0,0,0,0,0,0,380640,0,0,514,65664,136,0,0,0,0,0,4449,0,0,0,0,0,0,0,0,514,514,0,0,0,128375,65664,0,294,0,136,284,0,0,0,0,66304
128,0,1,0,0,0,0,0,190320,4449,0,0,0,1409,0,0,0,0,0,0,0,0,0,0,0,0,0,0,0,132,0,0,0,64756,0,0,78,172,364,2459,0,0,66304,0,0
128,0,2,0,0,0,0,0,190320,0,0,0,0,371,66304,0,0,0,0,0,0,0,0,0,0,0,0,0,0,0,0,0,0,0,65155,0,250,281,273,771,0,0,0,0,66304
128,0,3,0,0,0,0,0,190320,0,0,0,0,47,0,0,0,0,0,0,0,0,0,0,0,0,0,0,0,0,0,0,0,0,0,0,100,45,0,55,0,0,0,0,0
128,0,4,0,0,0,0,0,190320,0,0,0,0,50,0,0,0,0,0,0,0,0,0,0,0,0,0,0,0,0,0,0,0,0,0,0,87,0,42,67,0,0,0,0,0
128,0,5,0,0,0,0,0,190320,0,0,0,0,50,0,0,0,0,0,0,0,0,0,0,0,0,0,0,0,0,0,0,0,0,0,525,150,0,0,116,0,0,0,0,0
128,0,6,0,0,0,0,0,190320,0,0,0,0,50,0,0,0,0,0,0,0,0,0,0,0,0,0,0,0,0,0,0,0,0,0,0,39,95,0,55,0,0,0,0,0
128,0,7,0,0,0,0,0,190320,0,0,0,0,53,0,0,0,0,0,0,0,0,0,0,0,0,0,0,0,0,0,0,0,0,0,0,98,39,0,138,0,0,0,0,0
128,0,8,0,0,0,0,0,190320,0,0,0,0,56,0,0,0,0,0,0,0,0,0,0,0,0,0,0,0,0,0,0,0,0,0,0,52,0,36,113,0,0,0,0,0
128,0,9,0,0,0,0,0,190320,0,0,0,0,50,0,0,0,0,0,0,0,0,0,0,0,0,0,0,0,0,0,0,0,0,0,380,40,0,0,56,0,0,0,0,0
128,0,10,0,0,0,0,0,190320,0,0,0,0,56,0,0,0,0,0,0,0,0,0,0,0,0,0,0,0,0,0,0,0,0,0,0,86,86,0,127,0,0,0,0,0
128,0,11,0,0,0,0,0,190320,0,0,0,0,50,0,0,0,0,0,0,0,0,0,0,0,0,0,0,0,0,0,0,0,0,0,0,41,42,0,4294967222,0,0,0,0,0
128,0,12,0,0,0,0,0,190320,0,0,0,0,50,0,0,0,0,0,0,0,0,0,0,0,0,0,0,0,0,0,0,0,0,0,0,0,0,42,96,0,0,0,0,0
128,0,13,0,0,0,0,0,190320,0,0,0,0,56,0,0,0,0,0,0,0,0,0,0,0,0,0,0,0,0,0,0,0,0,0,172,0,0,0,114,0,0,0,0,0
128,0,14,0,0,0,0,0,190320,0,0,0,0,50,0,0,0,0,0,0,0,0,0,0,0,0,0,0,0,0,0,0,0,0,0,0,0,86,0,62,0,0,0,0,0
128,0,15,0,0,0,0,0,190320,0,0,0,0,44,0,0,0,0,0,0,0,0,0,0,0,0,0,0,0,0,0,0,0,0,0,0,0,36,0,90,0,0,0,0,0
129,0,0,0,0,0,0,0,380621,0,0,514,65664,136,0,0,0,0,0,4449,0,0,0,0,0,0,0,0,514,514,0,0,0,128374,65664,0,294,0,136,284,0,0,0,0,66304
129,0,1,0,0,0,0,0,190311,4449,0,0,0,1412,0,0,0,0,0,0,0,0,0,0,0,0,0,0,0,132,0,0,0,64756,0,0,78,172,361,2461,0,0,66304,0,0
129,0,2,0,0,0,0,0,190311,0,0,0,0,370,66304,0,0,0,0,0,0,0,0,0,0,0,0,0,0,0,0,0,0,0,65154,0,250,282,273,773,0,0,0,0,66304
129,0,3,0,0,0,0,0,190311,0,0,0,0,47,0,0,0,0,0,0,0,0,0,0,0,0,0,0,0,0,0,0,0,0,0,0,100,45,0,55,0,0,0,0,0
129,0,4,0,0,0,0,0,190311,0,0,0,0,50,0,0,0,0,0,0,0,0,0,0,0,0,0,0,0,0,0,0,0,0,0,0,87,0,42,67,0,0,0,0,0
129,0,5,0,0,0,0,0,190311,0,0,0,0,50,0,0,0,0,0,0,0,0,0,0,0,0,0,0,0,0,0,0,0,0,0,525,150,0,0,116,0,0,0,0,0
129,0,6,0,0,0,0,0,190311,0,0,0,0,50,0,0,0,0,0,0,0,0,0,0,0,0,0,0,0,0,0,0,0,0,0,0,39,95,0,55,0,0,0,0,0
129,0,7,0,0,0,0,0,190311,0,0,0,0,53,0,0,0,0,0,0,0,0,0,0,0,0,0,0,0,0,0,0,0,0,0,0,98,39,0,138,0,0,0,0,0
129,0,8,0,0,0,0,0,190311,0,0,0,0,56,0,0,0,0,0,0,0,0,0,0,0,0,0,0,0,0,0,0,0,0,0,0,52,0,36,113,0,0,0,0,0
129,0,9,0,0,0,0,0,190311,0,0,0,0,50,0,0,0,0,0,0,0,0,0,0,0,0,0,0,0,0,0,0,0,0,0,380,40,0,0,56,0,0,0,0,0
129,0,10,0,0,0,0,0,190311,0,0,0,0,56,0,0,0,0,0,0,0,0,0,0,0,0,0,0,0,0,0,0,0,0,0,0,86,86,0,127,0,0,0,0,0
129,0,11,0,0,0,0,0,190311,0,0,0,0,50,0,0,0,0,0,0,0,0,0,0,0,0,0,0,0,0,0,0,0,0,0,0,41,42,0,102,0,0,0,0,0
129,0,12,0,0,0,0,0,190311,0,0,0,0,50,0,0,0,0,0,0,0,0,0,0,0,0,0,0,0,0,0,0,0,0,0,0,0,0,42,96,0,0,0,0,0
129,0,13,0,0,0,0,0,190311,0,0,0,0,56,0,0,0,0,0,0,0,0,0,0,0,0,0,0,0,0,0,0,0,0,0,172,0,0,0,114,0,0,0,0,0
129,0,14,0,0,0,0,0,190311,0,0,0,0,50,0,0,0,0,0,0,0,0,0,0,0,0,0,0,0,0,0,0,0,0,0,0,0,86,0,62,0,0,0,0,0
129,0,15,0,0,0,0,0,190311,0,0,0,0,44,0,0,0,0,0,0,0,0,0,0,0,0,0,0,0,0,0,0,0,0,0,0,0,36,0,90,0,0,0,0,0
130,0,0,0,0,0,0,0,621618,0,0,772,131328,136,0,0,0,0,0,4842,0,0,0,0,0,0,0,0,772,772,0,0,0,257684,131328,0,294,0,136,284,0,0,0,0,245421
130,0,1,0,0,0,0,0,310809,4842,0,0,0,1603,0,0,0,0,0,0,0,0,0,0,0,0,0,0,0,229,0,0,0,129369,0,0,79,172,428,2747,0,0,67311,0,0
130,0,2,0,0,0,0,0,310809,0,0,0,0,363,66304,0,0,0,0,0,0,0,0,0,0,0,0,0,0,0,0,0,0,64584,65279,0,246,446,535,700,0,0,65795,0,65796
130,0,3,0,0,0,0,0,310809,0,0,0,0,333,66304,0,0,0,0,0,0,0,0,0,0,0,0,0,0,0,0,0,0,0,65244,0,98,144,0,468,0,0,888,0,65796
130,0,4,0,0,0,0,0,310809,0,0,0,0,47,0,0,0,0,0,0,0,0,0,0,0,0,0,0,0,0,0,0,0,0,0,0,87,0,45,66,0,0,0,0,0
130,0,5,0,0,0,0,0,310809,0,0,0,0,47,0,0,0,0,0,0,0,0,0,0,0,0,0,0,0,0,0,0,0,0,0,522,150,0,0,112,0,0,0,0,0
130,0,6,0,0,0,0,0,310809,0,0,0,0,47,0,0,0,0,0,0,0,0,0,0,0,0,0,0,0,0,0,0,0,0,0,0,43,98,0,52,0,0,0,0,0
130,0,7,0,0,0,0,0,310809,0,0,0,0,53,0,0,0,0,0,0,0,0,0,0,0,0,0,0,0,0,0,0,0,0,0,0,99,39,0,140,0,0,0,0,0
130,0,8,0,0,0,0,0,310809,0,0,0,0,53,0,0,0,0,0,0,0,0,0,0,0,0,0,0,0,0,0,0,0,0,0,0,52,0,39,110,0,0,0,0,0
130,0,9,0,0,0,0,0,310809,0,0,0,0,47,0,0,0,0,0,0,0,0,0,0,0,0,0,0,0,0,0,0,0,0,0,380,40,0,0,53,0,0,0,0,0
130,0,10,0,0,0,0,0,310809,0,0,0,0,53,0,0,0,0,0,0,0,0,0,0,0,0,0,0,0,0,0,0,0,0,0,0,82,86,0,124,0,0,0,0,0
130,0,11,0,0,0,0,0,310809,0,0,0,0,47,0,0,0,0,0,0,0,0,0,0,0,0,0,0,0,0,0,0,0,0,0,0,41,45,0,131,0,0,0,0,0
130,0,12,0,0,0,0,0,310809,0,0,0,0,47,0,0,0,0,0,0,0,0,0,0,0,0,0,0,0,0,0,0,0,0,0,0,0,0,45,93,0,0,0,0,0
130,0,13,0,0,0,0,0,310809,0,0,0,0,53,0,0,0,0,0,0,0,0,0,0,0,0,0,0,0,0,0,0,0,0,0,172,0,0,0,111,0,0,0,0,0
130,0,14,0,0,0,0,0,310809,0,0,0,0,47,0,0,0,0,0,0,0,0,0,0,0,0,0,0,0,0,0,0,0,0,0,0,0,86,0,63,0,0,0,0,0
130,0,15,0,0,0,0,0,310809,0,0,0,0,41,0,0,0,0,0,0,0,0,0,0,0,0,0,0,0,0,0,0,0,0,0,0,0,39,0,88,0,0,0,0,0
131,0,0,0,0,0,0,0,621393,0,0,772,131328,136,0,0,0,0,0,4842,0,0,0,0,0,0,0,0,772,772,0,0,0,257688,131328,0,294,0,136,284,0,0,0,0,245459
131,0,1,0,0,0,0,0,310697,4842,0,0,0,1624,0,0,0,0,0,0,0,0,0,0,0,0,0,0,0,231,0,0,0,129365,0,0,78,171,409,2768,0,0,67280,0,0
131,0,2,0,0,0,0,0,310697,0,0,0,0,365,66304,0,0,0,0,0,0,0,0,0,0,0,0,0,0,0,0,0,0,64592,65279,0,250,443,549,703,0,0,65804,0,65796
131,0,3,0,0,0,0,0,310697,0,0,0,0,332,66304,0,0,0,0,0,0,0,0,0,0,0,0,0,0,0,0,0,0,0,65240,0,100,145,0,451,0,0,883,0,65796
131,0,4,0,0,0,0,0,310697,0,0,0,0,50,0,0,0,0,0,0,0,0,0,0,0,0,0,0,0,0,0,0,0,0,0,0,87,0,42,67,0,0,0,0,0
131,0,5,0,0,0,0,0,310697,0,0,0,0,50,0,0,0,0,0,0,0,0,0,0,0,0,0,0,0,0,0,0,0,0,0,525,150,0,0,116,0,0,0,0,0
131,0,6,0,0,0,0,0,310697,0,0,0,0,50,0,0,0,0,0,0,0,0,0,0,0,0,0,0,0,0,0,0,0,0,0,0,39,95,0,55,0,0,0,0,0
131,0,7,0,0,0,0,0,310697,0,0,0,0,53,0,0,0,0,0,0,0,0,0,0,0,0,0,0,0,0,0,0,0,0,0,0,99,39,0,138,0,0,0,0,0
131,0,8,0,0,0,0,0,310697,0,0,0,0,56,0,0,0,0,0,0,0,0,0,0,0,0,0,0,0,0,0,0,0,0,0,0,52,0,36,113,0,0,0,0,0
131,0,9,0,0,0,0,0,310697,0,0,0,0,50,0,0,0,0,0,0,0,0,0,0,0,0,0,0,0,0,0,0,0,0,0,380,40,0,0,56,0,0,0,0,0
131,0,10,0,0,0,0,0,310697,0,0,0,0,56,0,0,0,0,0,0,0,0,0,0,0,0,0,0,0,0,0,0,0,0,0,0,86,86,0,127,0,0,0,0,0
131,0,11,0,0,0,0,0,310697,0,0,0,0,50,0,0,0,0,0,0,0,0,0,0,0,0,0,0,0,0,0,0,0,0,0,0,41,42,0,166,0,0,0,0,0
131,0,12,0,0,0,0,0,310697,0,0,0,0,50,0,0,0,0,0,0,0,0,0,0,0,0,0,0,0,0,0,0,0,0,0,0,0,0,42,96,0,0,0,0,0
131,0,13,0,0,0,0,0,310697,0,0,0,0,56,0,0,0,0,0,0,0,0,0,0,0,0,0,0,0,0,0,0,0,0,0,172,0,0,0,114,0,0,0,0,0
131,0,14,0,0,0,0,0,310697,0,0,0,0,50,0,0,0,0,0,0,0,0,0,0,0,0,0,0,0,0,0,0,0,0,0,0,0,86,0,62,0,0,0,0,0
131,0,15,0,0,0,0,0,310697,0,0,0,0,44,0,0,0,0,0,0,0,0,0,0,0,0,0,0,0,0,0,0,0,0,0,0,0,36,0,91,0,0,0,0,0
132,0,0,0,0,0,0,0,621386,0,0,772,131328,136,0,0,0,0,0,4839,0,0,0,0,0,0,0,0,772,772,0,0,0,257682,131328,0,294,0,136,284,0,0,0,0,245413
132,0,1,0,0,0,0,0,310693,4839,0,0,0,1600,0,0,0,0,0,0,0,0,0,0,0,0,0,0,0,233,0,0,0,129371,0,0,79,174,429,2717,0,0,67298,0,0
132,0,2,0,0,0,0,0,310693,0,0,0,0,363,66304,0,0,0,0,0,0,0,0,0,0,0,0,0,0,0,0,0,0,64580,65279,0,246,473,534,700,0,0,65806,0,65792
132,0,3,0,0,0,0,0,310693,0,0,0,0,360,66304,0,0,0,0,0,0,0,0,0,0,0,0,0,0,0,0,0,0,0,65246,0,98,117,0,496,0,0,883,0,65796
132,0,4,0,0,0,0,0,310693,0,0,0,0,47,0,0,0,0,0,0,0,0,0,0,0,0,0,0,0,0,0,0,0,0,0,0,87,0,45,66,0,0,0,0,0
132,0,5,0,0,0,0,0,310693,0,0,0,0,47,0,0,0,0,0,0,0,0,0,0,0,0,0,0,0,0,0,0,0,0,0,522,150,0,0,112,0,0,0,0,0
132,0,6,0,0,0,0,0,310693,0,0,0,0,47,0,0,0,0,0,0,0,0,0,0,0,0,0,0,0,0,0,0,0,0,0,0,43,98,0,52,0,0,0,0,0
132,0,7,0,0,0,0,0,310693,0,0,0,0,53,0,0,0,0,0,0,0,0,0,0,0,0,0,0,0,0,0,0,0,0,0,0,99,39,0,140,0,0,0,0,0
132,0,8,0,0,0,0,0,310693,0,0,0,0,53,0,0,0,0,0,0,0,0,0,0,0,0,0,0,0,0,0,0,0,0,0,0,52,0,39,110,0,0,0,0,0
132,0,9,0,0,0,0,0,310693,0,0,0,0,47,0,0,0,0,0,0,0,0,0,0,0,0,0,0,0,0,0,0,0,0,0,380,40,0,0,53,0,0,0,0,0
132,0,10,0,0,0,0,0,310693,0,0,0,0,53,0,0,0,0,0,0,0,0,0,0,0,0,0,0,0,0,0,0,0,0,0,0,82,86,0,124,0,0,0,0,0
132,0,11,0,0,0,0,0,310693,0,0,0,0,47,0,0,0,0,0,0,0,0,0,0,0,0,0,0,0,0,0,0,0,0,0,0,41,45,0,147,0,0,0,0,0
132,0,12,0,0,0,0,0,310693,0,0,0,0,47,0,0,0,0,0,0,0,0,0,0,0,0,0,0,0,0,0,0,0,0,0,0,0,0,45,93,0,0,0,0,0
132,0,13,0,0,0,0,0,310693,0,0,0,0,53,0,0,0,0,0,0,0,0,0,0,0,0,0,0,0,0,0,0,0,0,0,172,0,0,0,111,0,0,0,0,0
132,0,14,0,0,0,0,0,310693,0,0,0,0,47,0,0,0,0,0,0,0,0,0,0,0,0,0,0,0,0,0,0,0,0,0,0,0,86,0,63,0,0,0,0,0
132,0,15,0,0,0,0,0,310693,0,0,0,0,41,0,0,0,0,0,0,0,0,0,0,0,0,0,0,0,0,0,0,0,0,0,0,0,39,0,88,0,0,0,0,0
133,0,0,0,0,0,0,0,1131568,0,0,1286,262656,136,0,0,0,0,0,5625,0,0,0,0,0,0,0,0,1286,1286,0,129409,0,385217,262656,0,617,0,136,284,0,0,0,0,640285
133,0,1,0,0,0,0,0,565784,5625,0,0,0,1887,0,0,0,0,0,0,0,0,0,0,0,0,0,0,0,543,0,64744,0,129026,0,0,182,300,429,3193,0,0,130399,0,0
133,0,2,0,0,0,0,0,565784,0,0,0,0,275,66304,0,0,0,0,0,0,0,0,0,0,0,0,0,0,0,0,0,0,64768,65279,0,246,429,465,551,0,0,130061,0,65127
133,0,3,0,0,0,0,0,565784,0,0,0,0,294,66304,0,0,0,0,0,0,0,0,0,0,0,0,0,0,0,0,0,0,0,65279,0,98,119,0,435,0,0,1081,0,65765
133,0,4,0,0,0,0,0,565784,0,0,0,0,311,66304,0,0,0,0,0,0,0,0,0,0,0,0,0,0,0,0,0,0,0,65280,0,87,0,102,457,193648,0,0,0,65348
133,0,5,0,0,0,0,0,565784,0,0,0,0,265,66304,0,0,0,0,0,0,0,0,0,0,0,0,0,0,0,0,0,0,0,65146,887,150,0,2,550,0,0,782,0,65796
133,0,6,0,0,0,0,0,565784,0,0,0,0,47,0,0,0,0,0,0,0,0,0,0,0,0,0,0,0,0,0,0,0,0,0,0,43,98,0,52,0,0,0,0,0
133,0,7,0,0,0,0,0,565784,0,0,0,0,53,0,0,0,0,0,0,0,0,0,0,0,0,0,0,0,0,0,0,0,0,0,0,101,39,0,140,0,0,0,0,0
133,0,8,0,0,0,0,0,565784,0,0,0,0,53,0,0,0,0,0,0,0,0,0,0,0,0,0,0,0,0,0,0,0,0,0,0,52,0,39,110,0,0,0,0,0
133,0,9,0,0,0,0,0,565784,0,0,0,0,47,0,0,0,0,0,0,0,0,0,0,0,0,0,0,0,0,0,0,0,0,0,380,40,0,0,53,0,0,0,0,0
133,0,10,0,0,0,0,0,565784,0,0,0,0,53,0,0,0,0,0,0,0,0,0,0,0,0,0,0,0,0,0,0,0,0,0,0,82,86,0,124,0,0,0,0,0
133,0,11,0,0,0,0,0,565784,0,0,0,0,47,0,0,0,0,0,0,0,0,0,0,0,0,0,0,0,0,0,0,0,0,0,0,41,45,0,131,0,0,0,0,0
133,0,12,0,0,0,0,0,565784,0,0,0,0,47,0,0,0,0,0,0,0,0,0,0,0,0,0,0,0,0,0,0,0,0,0,0,0,0,45,93,0,0,0,0,0
133,0,13,0,0,0,0,0,565784,0,0,0,0,53,0,0,0,0,0,0,0,0,0,0,0,0,0,0,0,0,0,0,0,0,0,172,0,0,0,111,0,0,0,0,0
133,0,14,0,0,0,0,0,565784,0,0,0,0,47,0,0,0,0,0,0,0,0,0,0,0,0,0,0,0,0,0,0,0,0,0,0,0,86,0,63,0,0,0,0,0
133,0,15,0,0,0,0,0,565784,0,0,0,0,41,0,0,0,0,0,0,0,0,0,0,0,0,0,0,0,0,0,0,0,0,0,0,0,39,0,90,0,0,0,0,0
134,0,0,0,0,0,0,0,1131660,0,0,1286,262656,136,0,0,0,0,0,5622,0,0,0,0,0,0,0,0,1286,1286,0,129409,0,385216,262656,0,617,0,136,284,0,0,0,0,640363
134,0,1,0,0,0,0,0,565830,5622,0,0,0,1889,0,0,0,0,0,0,0,0,0,0,0,0,0,0,0,539,0,64742,0,129026,0,0,212,295,402,3168,0,0,130422,0,0
134,0,2,0,0,0,0,0,565830,0,0,0,0,270,66304,0,0,0,0,0,0,0,0,0,0,0,0,0,0,0,0,0,0,64768,65279,0,250,456,493,542,0,0,130089,0,65129
134,0,3,0,0,0,0,0,565830,0,0,0,0,317,66304,0,0,0,0,0,0,0,0,0,0,0,0,0,0,0,0,0,0,0,65279,0,99,96,0,429,0,0,1076,0,65769
134,0,4,0,0,0,0,0,565830,0,0,0,0,313,66304,0,0,0,0,0,0,0,0,0,0,0,0,0,0,0,0,0,0,0,65280,0,87,0,100,454,193645,0,0,0,65349
134,0,5,0,0,0,0,0,565830,0,0,0,0,270,66304,0,0,0,0,0,0,0,0,0,0,0,0,0,0,0,0,0,0,0,65147,887,150,0,2,525,0,0,781,0,65796
134,0,6,0,0,0,0,0,565830,0,0,0,0,50,0,0,0,0,0,0,0,0,0,0,0,0,0,0,0,0,0,0,0,0,0,0,39,95,0,55,0,0,0,0,0
134,0,7,0,0,0,0,0,565830,0,0,0,0,53,0,0,0,0,0,0,0,0,0,0,0,0,0,0,0,0,0,0,0,0,0,0,102,39,0,138,0,0,0,0,0
134,0,8,0,0,0,0,0,565830,0,0,0,0,56,0,0,0,0,0,0,0,0,0,0,0,0,0,0,0,0,0,0,0,0,0,0,52,0,36,113,0,0,0,0,0
134,0,9,0,0,0,0,0,565830,0,0,0,0,50,0,0,0,0,0,0,0,0,0,0,0,0,0,0,0,0,0,0,0,0,0,380,40,0,0,56,0,0,0,0,0
134,0,10,0,0,0,0,0,565830,0,0,0,0,56,0,0,0,0,0,0,0,0,0,0,0,0,0,0,0,0,0,0,0,0,0,0,86,86,0,127,0,0,0,0,0
134,0,11,0,0,0,0,0,565830,0,0,0,0,50,0,0,0,0,0,0,0,0,0,0,0,0,0,0,0,0,0,0,0,0,0,0,40,42,0,182,0,0,0,0,0
134,0,12,0,0,0,0,0,565830,0,0,0,0,50,0,0,0,0,0,0,0,0,0,0,0,0,0,0,0,0,0,0,0,0,0,0,0,0,42,96,0,0,0,0,0
134,0,13,0,0,0,0,0,565830,0,0,0,0,56,0,0,0,0,0,0,0,0,0,0,0,0,0,0,0,0,0,0,0,0,0,172,0,0,0,114,0,0,0,0,0
134,0,14,0,0,0,0,0,565830,0,0,0,0,50,0,0,0,0,0,0,0,0,0,0,0,0,0,0,0,0,0,0,0,0,0,0,0,86,0,62,0,0,0,0,0
134,0,15,0,0,0,0,0,565830,0,0,0,0,44,0,0,0,0,0,0,0,0,0,0,0,0,0,0,0,0,0,0,0,0,0,0,0,36,0,94,0,0,0,0,0
135,0,0,0,0,0,0,0,1131693,0,0,1286,262656,136,0,0,0,0,0,5625,0,0,0,0,0,0,0,0,1286,1286,0,129409,0,385216,262656,0,617,0,136,284,0,0,0,0,640385
135,0,1,0,0,0,0,0,565847,5625,0,0,0,1875,0,0,0,0,0,0,0,0,0,0,0,0,0,0,0,536,0,64744,0,129025,0,0,192,300,431,3169,0,0,130421,0,0
135,0,2,0,0,0,0,0,565847,0,0,0,0,272,66304,0,0,0,0,0,0,0,0,0,0,0,0,0,0,0,0,0,0,64768,65279,0,246,441,466,545,0,0,130089,0,65122
135,0,3,0,0,0,0,0,565847,0,0,0,0,303,66304,0,0,0,0,0,0,0,0,0,0,0,0,0,0,0,0,0,0,0,65279,0,98,110,0,443,0,0,1080,0,65767
135,0,4,0,0,0,0,0,565847,0,0,0,0,311,66304,0,0,0,0,0,0,0,0,0,0,0,0,0,0,0,0,0,0,0,65280,0,87,0,102,457,193637,0,0,0,65357
135,0,5,0,0,0,0,0,565847,0,0,0,0,265,66304,0,0,0,0,0,0,0,0,0,0,0,0,0,0,0,0,0,0,0,65146,887,150,0,2,540,0,0,782,0,65796
135,0,6,0,0,0,0,0,565847,0,0,0,0,47,0,0,0,0,0,0,0,0,0,0,0,0,0,0,0,0,0,0,0,0,0,0,43,98,0,52,0,0,0,0,0
135,0,7,0,0,0,0,0,565847,0,0,0,0,53,0,0,0,0,0,0,0,0,0,0,0,0,0,0,0,0,0,0,0,0,0,0,101,39,0,140,0,0,0,0,0
135,0,8,0,0,0,0,0,565847,0,0,0,0,53,0,0,0,0,0,0,0,0,0,0,0,0,0,0,0,0,0,0,0,0,0,0,52,0,39,110,0,0,0,0,0
135,0,9,0,0,0,0,0,565847,0,0,0,0,47,0,0,0,0,0,0,0,0,0,0,0,0,0,0,0,0,0,0,0,0,0,380,40,0,0,53,0,0,0,0,0
135,0,10,0,0,0,0,0,565847,0,0,0,0,53,0,0,0,0,0,0,0,0,0,0,0,0,0,0,0,0,0,0,0,0,0,0,82,86,0,124,0,0,0,0,0
135,0,11,0,0,0,0,0,565847,0,0,0,0,47,0,0,0,0,0,0,0,0,0,0,0,0,0,0,0,0,0,0,0,0,0,0,41,45,0,147,0,0,0,0,0
135,0,12,0,0,0,0,0,565847,0,0,0,0,47,0,0,0,0,0,0,0,0,0,0,0,0,0,0,0,0,0,0,0,0,0,0,0,0,45,93,0,0,0,0,0
135,0,13,0,0,0,0,0,565847,0,0,0,0,53,0,0,0,0,0,0,0,0,0,0,0,0,0,0,0,0,0,0,0,0,0,172,0,0,0,111,0,0,0,0,0
135,0,14,0,0,0,0,0,565847,0,0,0,0,47,0,0,0,0,0,0,0,0,0,0,0,0,0,0,0,0,0,0,0,0,0,0,0,86,0,63,0,0,0,0,0
135,0,15,0,0,0,0,0,565847,0,0,0,0,41,0,0,0,0,0,0,0,0,0,0,0,0,0,0,0,0,0,0,0,0,0,0,0,39,0,90,0,0,0,0,0
136,0,0,0,0,0,0,0,1387674,0,0,1732,393984,136,0,0,0,0,0,6306,0,0,0,0,0,0,0,0,1732,1732,0,129430,0,640591,393984,0,509,0,136,284,0,0,0,0,855066
136,0,1,0,0,0,0,0,693837,6306,0,0,0,2199,0,0,0,0,0,0,0,0,0,0,0,0,0,0,0,799,0,64619,0,257357,0,0,185,248,614,3808,0,0,152731,0,0
136,0,2,0,0,0,0,0,693837,0,0,0,0,197,66304,0,0,0,0,0,0,0,0,0,0,0,0,0,0,0,0,64635,0,128995,65248,0,505,295,657,414,0,0,114301,0,65088
136,0,3,0,0,0,0,0,693837,0,0,0,0,188,66304,0,0,0,0,0,0,0,0,0,0,0,0,0,0,0,0,64710,0,0,65230,0,248,116,0,275,0,0,1408,0,65518
136,0,4,0,0,0,0,0,693837,0,0,0,0,194,66304,0,0,0,0,0,0,0,0,0,0,0,0,0,0,0,0,0,0,0,65264,0,87,0,111,288,340786,0,0,0,65088
136,0,5,0,0,0,0,0,693837,0,0,0,0,248,66304,0,0,0,0,0,0,0,0,0,0,0,0,0,0,0,0,0,0,0,65235,1160,150,0,2,510,0,0,280426,0,65125
136,0,6,0,0,0,0,0,693837,0,0,0,0,307,66304,0,0,0,0,0,0,0,0,0,0,0,0,0,0,0,0,0,0,0,65250,0,43,489,0,448,0,0,223408,0,65257
136,0,7,0,0,0,0,0,693837,0,0,0,0,312,66304,0,0,0,0,0,0,0,0,0,0,0,0,0,0,0,0,0,0,0,65239,0,102,173,0,644,0,0,51638,0,65024
136,0,8,0,0,0,0,0,693837,0,0,0,0,53,0,0,0,0,0,0,0,0,0,0,0,0,0,0,0,0,0,0,0,0,0,0,52,0,39,110,0,0,0,0,0
136,0,9,0,0,0,0,0,693837,0,0,0,0,47,0,0,0,0,0,0,0,0,0,0,0,0,0,0,0,0,0,0,0,0,0,380,40,0,0,53,0,0,0,0,0
136,0,10,0,0,0,0,0,693837,0,0,0,0,53,0,0,0,0,0,0,0,0,0,0,0,0,0,0,0,0,0,0,0,0,0,0,82,86,0,124,0,0,0,0,0
136,0,11,0,0,0,0,0,693837,0,0,0,0,47,0,0,0,0,0,0,0,0,0,0,0,0,0,0,0,0,0,0,0,0,0,0,42,45,0,147,0,0,0,0,0
136,0,12,0,0,0,0,0,693837,0,0,0,0,47,0,0,0,0,0,0,0,0,0,0,0,0,0,0,0,0,0,0,0,0,0,0,0,0,45,93,0,0,0,0,0
136,0,13,0,0,0,0,0,693837,0,0,0,0,53,0,0,0,0,0,0,0,0,0,0,0,0,0,0,0,0,0,0,0,0,0,172,0,0,0,111,0,0,0,0,0
136,0,14,0,0,0,0,0,693837,0,0,0,0,47,0,0,0,0,0,0,0,0,0,0,0,0,0,0,0,0,0,0,0,0,0,0,0,86,0,63,0,0,0,0,0
136,0,15,0,0,0,0,0,693837,0,0,0,0,41,0,0,0,0,0,0,0,0,0,0,0,0,0,0,0,0,0,0,0,0,0,0,0,39,0,91,0,0,0,0,0
137,0,0,0,0,0,0,0,1326119,0,0,1694,393984,136,0,0,0,0,0,6246,0,0,0,0,0,0,0,0,1694,1694,0,129444,0,640757,393984,0,499,0,136,284,0,0,0,0,803843
137,0,1,0,0,0,0,0,663059,6246,0,0,0,2172,0,0,0,0,0,0,0,0,0,0,0,0,0,0,0,834,0,64643,0,257353,0,0,177,236,623,3744,0,0,124359,0,0
137,0,2,0,0,0,0,0,663059,0,0,0,0,177,66304,0,0,0,0,0,0,0,0,0,0,0,0,0,0,0,0,64657,0,129064,65229,0,486,302,631,393,0,0,89033,0,65186
137,0,3,0,0,0,0,0,663059,0,0,0,0,185,66304,0,0,0,0,0,0,0,0,0,0,0,0,0,0,0,0,64701,0,0,65221,0,250,110,0,277,0,0,1349,0,65519
137,0,4,0,0,0,0,0,663059,0,0,0,0,191,66304,0,0,0,0,0,0,0,0,0,0,0,0,0,0,0,0,0,0,0,65232,0,87,0,104,272,339848,0,0,0,64954
137,0,5,0,0,0,0,0,663059,0,0,0,0,249,66304,0,0,0,0,0,0,0,0,0,0,0,0,0,0,0,0,0,0,0,65250,1152,150,0,2,527,0,0,265413,0,65148
137,0,6,0,0,0,0,0,663059,0,0,0,0,301,66304,0,0,0,0,0,0,0,0,0,0,0,0,0,0,0,0,0,0,0,65231,0,39,485,0,457,0,0,208284,0,65308
137,0,7,0,0,0,0,0,663059,0,0,0,0,309,66304,0,0,0,0,0,0,0,0,0,0,0,0,0,0,0,0,0,0,0,65232,0,103,167,0,631,0,0,55142,0,64953
137,0,8,0,0,0,0,0,663059,0,0,0,0,56,0,0,0,0,0,0,0,0,0,0,0,0,0,0,0,0,0,0,0,0,0,0,52,0,36,113,0,0,0,0,0
137,0,9,0,0,0,0,0,663059,0,0,0,0,50,0,0,0,0,0,0,0,0,0,0,0,0,0,0,0,0,0,0,0,0,0,380,40,0,0,56,0,0,0,0,0
137,0,10,0,0,0,0,0,663059,0,0,0,0,56,0,0,0,0,0,0,0,0,0,0,0,0,0,0,0,0,0,0,0,0,0,0,86,86,0,127,0,0,0,0,0
137,0,11,0,0,0,0,0,663059,0,0,0,0,50,0,0,0,0,0,0,0,0,0,0,0,0,0,0,0,0,0,0,0,0,0,0,41,42,0,4294967222,0,0,0,0,0
137,0,12,0,0,0,0,0,663059,0,0,0,0,50,0,0,0,0,0,0,0,0,0,0,0,0,0,0,0,0,0,0,0,0,0,0,0,0,42,96,0,0,0,0,0
137,0,13,0,0,0,0,0,663059,0,0,0,0,56,0,0,0,0,0,0,0,0,0,0,0,0,0,0,0,0,0,0,0,0,0,172,0,0,0,114,0,0,0,0,0
137,0,14,0,0,0,0,0,663059,0,0,0,0,50,0,0,0,0,0,0,0,0,0,0,0,0,0,0,0,0,0,0,0,0,0,0,0,86,0,62,0,0,0,0,0
137,0,15,0,0,0,0,0,663059,0,0,0,0,44,0,0,0,0,0,0,0,0,0,0,0,0,0,0,0,0,0,0,0,0,0,0,0,36,0,95,0,0,0,0,0
138,0,0,0,0,0,0,0,1368971,0,0,1722,393984,136,0,0,0,0,0,6288,0,0,0,0,0,0,0,0,1722,1722,0,129456,0,640647,393984,0,509,0,136,284,0,0,0,0,835725
138,0,1,0,0,0,0,0,684485,6288,0,0,0,2199,0,0,0,0,0,0,0,0,0,0,0,0,0,0,0,820,0,64642,0,257326,0,0,175,244,618,3799,0,0,146216,0,0
138,0,2,0,0,0,0,0,684485,0,0,0,0,185,66304,0,0,0,0,0,0,0,0,0,0,0,0,0,0,0,0,64648,0,129022,65240,0,493,306,650,404,0,0,107857,0,65249
138,0,3,0,0,0,0,0,684485,0,0,0,0,191,66304,0,0,0,0,0,0,0,0,0,0,0,0,0,0,0,0,64711,0,0,65233,0,251,110,0,275,0,0,12759,0,65428
138,0,4,0,0,0,0,0,684485,0,0,0,0,189,66304,0,0,0,0,0,0,0,0,0,0,0,0,0,0,0,0,0,0,0,65249,0,87,0,116,278,338827,0,0,0,65068
138,0,5,0,0,0,0,0,684485,0,0,0,0,248,66304,0,0,0,0,0,0,0,0,0,0,0,0,0,0,0,0,0,0,0,65240,1148,150,0,2,522,0,0,276902,0,65120
138,0,6,0,0,0,0,0,684485,0,0,0,0,310,66304,0,0,0,0,0,0,0,0,0,0,0,0,0,0,0,0,0,0,0,65238,0,39,494,0,465,0,0,221783,0,65277
138,0,7,0,0,0,0,0,684485,0,0,0,0,321,66304,0,0,0,0,0,0,0,0,0,0,0,0,0,0,0,0,0,0,0,65247,0,103,161,0,648,0,0,58395,0,65044
138,0,8,0,0,0,0,0,684485,0,0,0,0,56,0,0,0,0,0,0,0,0,0,0,0,0,0,0,0,0,0,0,0,0,0,0,52,0,36,113,0,0,0,0,0
138,0,9,0,0,0,0,0,684485,0,0,0,0,50,0,0,0,0,0,0,0,0,0,0,0,0,0,0,0,0,0,0,0,0,0,380,40,0,0,56,0,0,0,0,0
138,0,10,0,0,0,0,0,684485,0,0,0,0,56,0,0,0,0,0,0,0,0,0,0,0,0,0,0,0,0,0,0,0,0,0,0,86,86,0,127,0,0,0,0,0
138,0,11,0,0,0,0,0,684485,0,0,0,0,50,0,0,0,0,0,0,0,0,0,0,0,0,0,0,0,0,0,0,0,0,0,0,41,42,0,166,0,0,0,0,0
138,0,12,0,0,0,0,0,684485,0,0,0,0,50,0,0,0,0,0,0,0,0,0,0,0,0,0,0,0,0,0,0,0,0,0,0,0,0,42,96,0,0,0,0,0
138,0,13,0,0,0,0,0,684485,0,0,0,0,56,0,0,0,0,0,0,0,0,0,0,0,0,0,0,0,0,0,0,0,0,0,172,0,0,0,114,0,0,0,0,0
138,0,14,0,0,0,0,0,684485,0,0,0,0,50,0,0,0,0,0,0,0,0,0,0,0,0,0,0,0,0,0,0,0,0,0,0,0,86,0,62,0,0,0,0,0
138,0,15,0,0,0,0,0,684485,0,0,0,0,44,0,0,0,0,0,0,0,0,0,0,0,0,0,0,0,0,0,0,0,0,0,0,0,36,0,95,0,0,0,0,0
139,0,0,0,0,0,0,0,1807248,0,0,2310,525312,136,0,0,0,0,0,7185,0,0,0,0,0,0,0,0,2310,2310,0,257839,0,768059,525312,0,800,0,136,284,0,0,0,0,1191684
139,0,1,0,0,0,0,0,903624,7185,0,0,0,2622,0,0,0,0,0,0,0,0,0,0,0,0,0,0,0,1064,0,129010,0,257074,0,0,277,334,593,4514,0,0,134017,0,0
139,0,2,0,0,0,0,0,903624,0,0,0,0,158,66304,0,0,0,0,0,0,0,0,0,0,0,0,0,0,0,0,64646,0,128932,65225,0,524,252,663,339,0,0,104488,0,65151
139,0,3,0,0,0,0,0,903624,0,0,0,0,155,66304,0,0,0,0,0,0,0,0,0,0,0,0,0,0,0,0,64712,0,0,65245,0,248,102,0,219,0,0,5651,0,65548
139,0,4,0,0,0,0,0,903624,0,0,0,0,184,66304,0,0,0,0,0,0,0,0,0,0,0,0,0,0,0,0,64649,0,0,65242,0,189,0,111,261,491545,0,0,0,65244
139,0,5,0,0,0,0,0,903624,0,0,0,0,273,66304,0,0,0,0,0,0,0,0,0,0,0,0,0,0,0,0,64656,0,0,65262,1494,361,0,2,553,0,0,501278,0,65108
139,0,6,0,0,0,0,0,903624,0,0,0,0,332,66304,0,0,0,0,0,0,0,0,0,0,0,0,0,0,0,0,0,0,0,65236,0,39,504,0,490,0,0,371970,0,65214
139,0,7,0,0,0,0,0,903624,0,0,0,0,319,66304,0,0,0,0,0,0,0,0,0,0,0,0,0,0,0,0,0,0,0,65260,0,104,197,0,682,0,0,161465,0,64955
139,0,8,0,0,0,0,0,903624,0,0,0,0,257,66304,0,0,0,0,0,0,0,0,0,0,0,0,0,0,0,0,0,0,0,65211,0,52,0,134,513,372825,0,0,0,64906
139,0,9,0,0,0,0,0,903624,0,0,0,0,255,66304,0,0,0,0,0,0,0,0,0,0,0,0,0,0,0,0,0,0,0,65249,676,40,0,1,353,0,0,108130,0,65095
139,0,10,0,0,0,0,0,903624,0,0,0,0,56,0,0,0,0,0,0,0,0,0,0,0,0,0,0,0,0,0,0,0,0,0,0,86,86,1,127,0,0,0,0,0
139,0,11,0,0,0,0,0,903624,0,0,0,0,50,0,0,0,0,0,0,0,0,0,0,0,0,0,0,0,0,0,0,0,0,0,0,41,42,0,102,0,0,0,0,0
139,0,12,0,0,0,0,0,903624,0,0,0,0,50,0,0,0,0,0,0,0,0,0,0,0,0,0,0,0,0,0,0,0,0,0,0,0,0,42,96,0,0,0,0,0
139,0,13,0,0,0,0,0,903624,0,0,0,0,56,0,0,0,0,0,0,0,0,0,0,0,0,0,0,0,0,0,0,0,0,0,172,0,0,0,114,0,0,0,0,0
139,0,14,0,0,0,0,0,903624,0,0,0,0,50,0,0,0,0,0,0,0,0,0,0,0,0,0,0,0,0,0,0,0,0,0,0,0,86,0,62,0,0,0,0,0
139,0,15,0,0,0,0,0,903624,0,0,0,0,44,0,0,0,0,0,0,0,0,0,0,0,0,0,0,0,0,0,0,0,0,0,0,0,36,0,97,0,0,0,0,0
140,0,0,0,0,0,0,0,1757254,0,0,2264,525312,136,0,0,0,0,0,7116,0,0,0,0,0,0,0,0,2264,2264,0,257775,0,767871,525312,0,790,0,136,284,0,0,0,0,1143970
140,0,1,0,0,0,0,0,878627,7116,0,0,0,2587,0,0,0,0,0,0,0,0,0,0,0,0,0,0,0,1242,0,129016,0,257054,0,0,302,326,565,4469,0,0,116146,0,0
140,0,2,0,0,0,0,0,878627,0,0,0,0,152,66304,0,0,0,0,0,0,0,0,0,0,0,0,0,0,0,0,64733,0,128906,65216,0,525,251,655,335,0,0,91425,0,65128
140,0,3,0,0,0,0,0,878627,0,0,0,0,155,66304,0,0,0,0,0,0,0,0,0,0,0,0,0,0,0,0,64639,0,0,65243,0,242,94,0,217,0,0,1848,0,65565
140,0,4,0,0,0,0,0,878627,0,0,0,0,190,66304,0,0,0,0,0,0,0,0,0,0,0,0,0,0,0,0,64635,0,0,65247,0,179,0,101,270,481050,0,0,0,65267
140,0,5,0,0,0,0,0,878627,0,0,0,0,266,66304,0,0,0,0,0,0,0,0,0,0,0,0,0,0,0,0,64689,0,0,65222,1459,335,0,1,543,0,0,554257,0,64918
140,0,6,0,0,0,0,0,878627,0,0,0,0,309,66304,0,0,0,0,0,0,0,0,0,0,0,0,0,0,0,0,0,0,0,65257,0,39,527,1,458,0,0,362699,0,65057
140,0,7,0,0,0,0,0,878627,0,0,0,0,327,66304,0,0,0,0,0,0,0,0,0,0,0,0,0,0,0,0,0,0,0,65216,0,102,181,0,689,0,0,143872,0,65146
140,0,8,0,0,0,0,0,878627,0,0,0,0,252,66304,0,0,0,0,0,0,0,0,0,0,0,0,0,0,0,0,0,0,0,65201,0,52,0,133,512,332491,0,0,0,65001
140,0,9,0,0,0,0,0,878627,0,0,0,0,243,66304,0,0,0,0,0,0,0,0,0,0,0,0,0,0,0,0,0,0,0,65238,676,40,0,0,359,0,0,124029,0,64945
140,0,10,0,0,0,0,0,878627,0,0,0,0,56,0,0,0,0,0,0,0,0,0,0,0,0,0,0,0,0,0,0,0,0,0,0,86,86,2,127,0,0,0,0,0
140,0,11,0,0,0,0,0,878627,0,0,0,0,50,0,0,0,0,0,0,0,0,0,0,0,0,0,0,0,0,0,0,0,0,0,0,42,42,0,182,0,0,0,0,0
140,0,12,0,0,0,0,0,878627,0,0,0,0,50,0,0,0,0,0,0,0,0,0,0,0,0,0,0,0,0,0,0,0,0,0,0,0,0,42,96,0,0,0,0,0
140,0,13,0,0,0,0,0,878627,0,0,0,0,56,0,0,0,0,0,0,0,0,0,0,0,0,0,0,0,0,0,0,0,0,0,172,0,0,0,114,0,0,0,0,0
140,0,14,0,0,0,0,0,878627,0,0,0,0,50,0,0,0,0,0,0,0,0,0,0,0,0,0,0,0,0,0,0,0,0,0,0,0,86,0,62,0,0,0,0,0
140,0,15,0,0,0,0,0,878627,0,0,0,0,44,0,0,0,0,0,0,0,0,0,0,0,0,0,0,0,0,0,0,0,0,0,0,0,36,0,96,0,0,0,0,0
141,0,0,0,0,0,0,0,1818389,0,0,2304,525312,136,0,0,0,0,0,7176,0,0,0,0,0,0,0,0,2304,2304,0,257904,0,768314,525312,0,800,0,136,284,0,0,0,0,1203728
141,0,1,0,0,0,0,0,909195,7176,0,0,0,2585,0,0,0,0,0,0,0,0,0,0,0,0,0,0,0,1068,0,128988,0,257167,0,0,290,358,587,4461,0,0,134742,0,0
141,0,2,0,0,0,0,0,909195,0,0,0,0,158,66304,0,0,0,0,0,0,0,0,0,0,0,0,0,0,0,0,64642,0,128910,65227,0,523,261,664,345,0,0,106351,0,65126
141,0,3,0,0,0,0,0,909195,0,0,0,0,159,66304,0,0,0,0,0,0,0,0,0,0,0,0,0,0,0,0,64709,0,0,65254,0,244,101,0,227,0,0,1956,0,65564
141,0,4,0,0,0,0,0,909195,0,0,0,0,191,66304,0,0,0,0,0,0,0,0,0,0,0,0,0,0,0,0,64645,0,0,65247,0,203,0,106,279,495276,0,0,0,65292
141,0,5,0,0,0,0,0,909195,0,0,0,0,259,66304,0,0,0,0,0,0,0,0,0,0,0,0,0,0,0,0,64661,0,0,65274,1495,340,0,1,541,0,0,479985,0,65070
141,0,6,0,0,0,0,0,909195,0,0,0,0,336,66304,0,0,0,0,0,0,0,0,0,0,0,0,0,0,0,0,0,0,0,65249,0,39,508,2,491,0,0,368233,0,65196
141,0,7,0,0,0,0,0,909195,0,0,0,0,333,66304,0,0,0,0,0,0,0,0,0,0,0,0,0,0,0,0,0,0,0,65257,0,100,180,0,697,0,0,162575,0,64956
141,0,8,0,0,0,0,0,909195,0,0,0,0,257,66304,0,0,0,0,0,0,0,0,0,0,0,0,0,0,0,0,0,0,0,65212,0,52,0,132,497,380163,0,0,0,64837
141,0,9,0,0,0,0,0,909195,0,0,0,0,251,66304,0,0,0,0,0,0,0,0,0,0,0,0,0,0,0,0,0,0,0,65246,677,40,0,2,368,0,0,107536,0,65119
141,0,10,0,0,0,0,0,909195,0,0,0,0,56,0,0,0,0,0,0,0,0,0,0,0,0,0,0,0,0,0,0,0,0,0,0,86,86,0,127,0,0,0,0,0
141,0,11,0,0,0,0,0,909195,0,0,0,0,50,0,0,0,0,0,0,0,0,0,0,0,0,0,0,0,0,0,0,0,0,0,0,46,42,0,134,0,0,0,0,0
141,0,12,0,0,0,0,0,909195,0,0,0,0,50,0,0,0,0,0,0,0,0,0,0,0,0,0,0,0,0,0,0,0,0,0,0,0,0,42,96,0,0,0,0,0
141,0,13,0,0,0,0,0,909195,0,0,0,0,56,0,0,0,0,0,0,0,0,0,0,0,0,0,0,0,0,0,0,0,0,0,172,0,0,0,114,0,0,0,0,0
141,0,14,0,0,0,0,0,909195,0,0,0,0,50,0,0,0,0,0,0,0,0,0,0,0,0,0,0,0,0,0,0,0,0,0,0,0,86,0,62,0,0,0,0,0
141,0,15,0,0,0,0,0,909195,0,0,0,0,44,0,0,0,0,0,0,0,0,0,0,0,0,0,0,0,0,0,0,0,0,0,0,0,36,0,92,0,0,0,0,0
142,0,0,0,0,0,0,0,2206184,0,0,2840,656640,136,0,0,0,0,0,7992,0,0,0,0,0,0,0,0,2840,2840,0,257851,0,1022156,656640,0,716,0,136,284,0,0,0,0,1476914
142,0,1,0,0,0,0,0,1103092,7992,0,0,0,3045,0,0,0,0,0,0,0,0,0,0,0,0,0,0,0,1364,0,128962,0,384684,0,0,284,305,724,5192,0,0,146317,0,0
142,0,2,0,0,0,0,0,1103092,0,0,0,0,138,66304,0,0,0,0,0,0,0,0,0,0,0,0,0,0,0,0,128976,0,192842,65239,0,784,224,914,308,0,0,112390,0,65298
142,0,3,0,0,0,0,0,1103092,0,0,0,0,135,66304,0,0,0,0,0,0,0,0,0,0,0,0,0,0,0,0,129040,0,0,65228,0,327,91,0,187,0,0,22983,0,65314
142,0,4,0,0,0,0,0,1103092,0,0,0,0,150,66304,0,0,0,0,0,0,0,0,0,0,0,0,0,0,0,0,64626,0,0,65259,0,161,0,105,228,625521,0,0,0,65216
142,0,5,0,0,0,0,0,1103092,0,0,0,0,215,66304,0,0,0,0,0,0,0,0,0,0,0,0,0,0,0,0,64684,0,0,65260,1793,387,0,1,446,0,0,589255,0,64991
142,0,6,0,0,0,0,0,1103092,0,0,0,0,255,66304,0,0,0,0,0,0,0,0,0,0,0,0,0,0,0,0,64722,0,0,65230,0,164,423,2,373,0,0,405500,0,64961
142,0,7,0,0,0,0,0,1103092,0,0,0,0,263,66304,0,0,0,0,0,0,0,0,0,0,0,0,0,0,0,0,64661,0,0,65220,0,421,156,0,574,0,0,137519,0,65012
142,0,8,0,0,0,0,0,1103092,0,0,0,0,226,66304,0,0,0,0,0,0,0,0,0,0,0,0,0,0,0,0,0,0,0,65209,0,52,0,121,466,690022,0,0,0,64920
142,0,9,0,0,0,0,0,1103092,0,0,0,0,282,66304,0,0,0,0,0,0,0,0,0,0,0,0,0,0,0,0,0,0,0,65245,1109,40,0,1,400,0,0,575157,0,64943
142,0,10,0,0,0,0,0,1103092,0,0,0,0,349,66304,0,0,0,0,0,0,0,0,0,0,0,0,0,0,0,0,0,0,0,65260,0,82,525,2,744,0,0,479711,0,65092
142,0,11,0,0,0,0,0,1103092,0,0,0,0,340,66304,0,0,0,0,0,0,0,0,0,0,0,0,0,0,0,0,0,0,0,65261,0,47,194,0,826,0,0,225867,0,64949
142,0,12,0,0,0,0,0,1103092,0,0,0,0,47,0,0,0,0,0,0,0,0,0,0,0,0,0,0,0,0,0,0,0,0,0,0,0,0,45,93,0,0,0,0,0
142,0,13,0,0,0,0,0,1103092,0,0,0,0,53,0,0,0,0,0,0,0,0,0,0,0,0,0,0,0,0,0,0,0,0,0,172,0,0,0,111,0,0,0,0,0
142,0,14,0,0,0,0,0,1103092,0,0,0,0,47,0,0,0,0,0,0,0,0,0,0,0,0,0,0,0,0,0,0,0,0,0,0,0,86,0,63,0,0,0,0,0
142,0,15,0,0,0,0,0,1103092,0,0,0,0,41,0,0,0,0,0,0,0,0,0,0,0,0,0,0,0,0,0,0,0,0,0,0,0,39,0,90,0,0,0,0,0
143,0,0,0,0,0,0,0,2201273,0,0,2836,656640,136,0,0,0,0,0,7983,0,0,0,0,0,0,0,0,2836,2836,0,257834,0,1021777,656640,0,712,0,136,284,0,0,0,0,1475990
143,0,1,0,0,0,0,0,1100637,7983,0,0,0,3044,0,0,0,0,0,0,0,0,0,0,0,0,0,0,0,1458,0,128988,0,384509,0,0,279,311,720,5182,0,0,146768,0,0
143,0,2,0,0,0,0,0,1100637,0,0,0,0,139,66304,0,0,0,0,0,0,0,0,0,0,0,0,0,0,0,0,128907,0,192759,65213,0,795,219,907,312,0,0,111271,0,65121
143,0,3,0,0,0,0,0,1100637,0,0,0,0,134,66304,0,0,0,0,0,0,0,0,0,0,0,0,0,0,0,0,128978,0,0,65228,0,334,90,0,186,0,0,9860,0,65456
143,0,4,0,0,0,0,0,1100637,0,0,0,0,158,66304,0,0,0,0,0,0,0,0,0,0,0,0,0,0,0,0,64637,0,0,65245,0,175,0,95,226,637663,0,0,0,65308
143,0,5,0,0,0,0,0,1100637,0,0,0,0,218,66304,0,0,0,0,0,0,0,0,0,0,0,0,0,0,0,0,64675,0,0,65248,1803,385,0,0,454,0,0,601912,0,64960
143,0,6,0,0,0,0,0,1100637,0,0,0,0,253,66304,0,0,0,0,0,0,0,0,0,0,0,0,0,0,0,0,64616,0,0,65237,0,169,431,3,359,0,0,394245,0,65006
143,0,7,0,0,0,0,0,1100637,0,0,0,0,267,66304,0,0,0,0,0,0,0,0,0,0,0,0,0,0,0,0,64720,0,0,65226,0,401,152,0,592,0,0,178707,0,64854
143,0,8,0,0,0,0,0,1100637,0,0,0,0,228,66304,0,0,0,0,0,0,0,0,0,0,0,0,0,0,0,0,0,0,0,65212,0,52,0,117,452,713428,0,0,0,64913
143,0,9,0,0,0,0,0,1100637,0,0,0,0,268,66304,0,0,0,0,0,0,0,0,0,0,0,0,0,0,0,0,0,0,0,65237,1099,40,0,1,386,0,0,573721,0,64932
143,0,10,0,0,0,0,0,1100637,0,0,0,0,339,66304,0,0,0,0,0,0,0,0,0,0,0,0,0,0,0,0,0,0,0,65254,0,82,553,1,731,0,0,487446,0,65160
143,0,11,0,0,0,0,0,1100637,0,0,0,0,355,66304,0,0,0,0,0,0,0,0,0,0,0,0,0,0,0,0,0,0,0,65269,0,48,181,0,869,0,0,223489,0,64929
143,0,12,0,0,0,0,0,1100637,0,0,0,0,47,0,0,0,0,0,0,0,0,0,0,0,0,0,0,0,0,0,0,0,0,0,0,0,0,45,93,0,0,0,0,0
143,0,13,0,0,0,0,0,1100637,0,0,0,0,53,0,0,0,0,0,0,0,0,0,0,0,0,0,0,0,0,0,0,0,0,0,172,0,0,0,111,0,0,0,0,0
143,0,14,0,0,0,0,0,1100637,0,0,0,0,47,0,0,0,0,0,0,0,0,0,0,0,0,0,0,0,0,0,0,0,0,0,0,0,86,0,63,0,0,0,0,0
143,0,15,0,0,0,0,0,1100637,0,0,0,0,41,0,0,0,0,0,0,0,0,0,0,0,0,0,0,0,0,0,0,0,0,0,0,0,39,0,89,0,0,0,0,0
144,0,0,0,0,0,0,0,2220799,0,0,2852,656640,136,0,0,0,0,0,8007,0,0,0,0,0,0,0,0,2852,2852,0,257874,0,1022233,656640,0,712,0,136,284,0,0,0,0,1485924
144,0,1,0,0,0,0,0,1110400,8007,0,0,0,3042,0,0,0,0,0,0,0,0,0,0,0,0,0,0,0,1350,0,129010,0,384733,0,0,281,308,739,5220,0,0,167196,0,0
144,0,2,0,0,0,0,0,1110400,0,0,0,0,135,66304,0,0,0,0,0,0,0,0,0,0,0,0,0,0,0,0,128991,0,192831,65206,0,789,237,913,307,0,0,125588,0,65124
144,0,3,0,0,0,0,0,1110400,0,0,0,0,141,66304,0,0,0,0,0,0,0,0,0,0,0,0,0,0,0,0,129046,0,0,65233,0,334,92,0,196,0,0,15365,0,65468
144,0,4,0,0,0,0,0,1110400,0,0,0,0,147,66304,0,0,0,0,0,0,0,0,0,0,0,0,0,0,0,0,64645,0,0,65254,0,168,0,106,220,621855,0,0,0,65279
144,0,5,0,0,0,0,0,1110400,0,0,0,0,220,66304,0,0,0,0,0,0,0,0,0,0,0,0,0,0,0,0,64685,0,0,65251,1761,374,0,2,463,0,0,564434,0,65001
144,0,6,0,0,0,0,0,1110400,0,0,0,0,261,66304,0,0,0,0,0,0,0,0,0,0,0,0,0,0,0,0,64731,0,0,65234,0,174,433,0,368,0,0,386847,0,65043
144,0,7,0,0,0,0,0,1110400,0,0,0,0,276,66304,0,0,0,0,0,0,0,0,0,0,0,0,0,0,0,0,64669,0,0,65220,0,426,143,0,581,0,0,179799,0,64945
144,0,8,0,0,0,0,0,1110400,0,0,0,0,221,66304,0,0,0,0,0,0,0,0,0,0,0,0,0,0,0,0,0,0,0,65213,0,52,0,124,452,669868,0,0,0,64949
144,0,9,0,0,0,0,0,1110400,0,0,0,0,266,66304,0,0,0,0,0,0,0,0,0,0,0,0,0,0,0,0,0,0,0,65249,1124,40,0,1,395,0,0,568937,0,64860
144,0,10,0,0,0,0,0,1110400,0,0,0,0,351,66304,0,0,0,0,0,0,0,0,0,0,0,0,0,0,0,0,0,0,0,65269,0,82,525,2,738,0,0,480096,0,64938
144,0,11,0,0,0,0,0,1110400,0,0,0,0,341,66304,0,0,0,0,0,0,0,0,0,0,0,0,0,0,0,0,0,0,0,65251,0,42,198,0,892,0,0,161510,0,65060
144,0,12,0,0,0,0,0,1110400,0,0,0,0,47,0,0,0,0,0,0,0,0,0,0,0,0,0,0,0,0,0,0,0,0,0,0,0,0,45,93,0,0,0,0,0
144,0,13,0,0,0,0,0,1110400,0,0,0,0,53,0,0,0,0,0,0,0,0,0,0,0,0,0,0,0,0,0,0,0,0,0,172,0,0,0,111,0,0,0,0,0
144,0,14,0,0,0,0,0,1110400,0,0,0,0,47,0,0,0,0,0,0,0,0,0,0,0,0,0,0,0,0,0,0,0,0,0,0,0,86,0,63,0,0,0,0,0
144,0,15,0,0,0,0,0,1110400,0,0,0,0,41,0,0,0,0,0,0,0,0,0,0,0,0,0,0,0,0,0,0,0,0,0,0,0,39,0,95,0,0,0,0,0
145,0,0,0,0,0,0,0,2871801,0,0,3724,853632,136,0,0,0,0,0,9333,0,0,0,0,0,0,0,0,3724,3724,0,385211,0,1274797,853632,0,997,0,136,284,0,0,0,0,1971170
145,0,1,0,0,0,0,0,1435901,9333,0,0,0,3600,0,0,0,0,0,0,0,0,0,0,0,0,0,0,0,1930,0,192683,0,447897,0,0,412,403,830,6079,0,0,155507,0,0
145,0,2,0,0,0,0,0,1435901,0,0,0,0,117,66304,0,0,0,0,0,0,0,0,0,0,0,0,0,0,0,0,192936,0,192669,65233,0,1018,199,815,271,0,0,113776,0,65299
145,0,3,0,0,0,0,0,1435901,0,0,0,0,118,66304,0,0,0,0,0,0,0,0,0,0,0,0,0,0,0,0,128864,0,0,65218,0,321,81,0,160,0,0,22521,0,65350
145,0,4,0,0,0,0,0,1435901,0,0,0,0,133,66304,0,0,0,0,0,0,0,0,0,0,0,0,0,0,0,0,128845,0,0,65250,0,279,0,82,191,790994,0,0,0,65275
145,0,5,0,0,0,0,0,1435901,0,0,0,0,174,66304,0,0,0,0,0,0,0,0,0,0,0,0,0,0,0,0,128970,0,0,65253,2364,684,0,1,361,0,0,558121,0,64913
145,0,6,0,0,0,0,0,1435901,0,0,0,0,211,66304,0,0,0,0,0,0,0,0,0,0,0,0,0,0,0,0,129096,0,0,65229,0,339,321,2,287,0,0,400637,0,65009
145,0,7,0,0,0,0,0,1435901,0,0,0,0,209,66304,0,0,0,0,0,0,0,0,0,0,0,0,0,0,0,0,64710,0,0,65214,0,396,116,0,465,0,0,162471,0,65022
145,0,8,0,0,0,0,0,1435901,0,0,0,0,212,66304,0,0,0,0,0,0,0,0,0,0,0,0,0,0,0,0,64671,0,0,65211,0,281,0,111,426,951877,0,0,0,64914
145,0,9,0,0,0,0,0,1435901,0,0,0,0,276,66304,0,0,0,0,0,0,0,0,0,0,0,0,0,0,0,0,64696,0,0,65228,1638,197,0,1,387,0,0,969529,0,64951
145,0,10,0,0,0,0,0,1435901,0,0,0,0,342,66304,0,0,0,0,0,0,0,0,0,0,0,0,0,0,0,0,64677,0,0,65254,0,378,551,1,725,0,0,661729,0,64904
145,0,11,0,0,0,0,0,1435901,0,0,0,0,351,66304,0,0,0,0,0,0,0,0,0,0,0,0,0,0,0,0,0,0,0,65212,0,46,192,0,811,0,0,263781,0,65137
145,0,12,0,0,0,0,0,1435901,0,0,0,0,275,66304,0,0,0,0,0,0,0,0,0,0,0,0,0,0,0,0,0,0,0,65233,0,0,0,160,437,936531,0,0,0,64994
145,0,13,0,0,0,0,0,1435901,0,0,0,0,350,66304,0,0,0,0,0,0,0,0,0,0,0,0,0,0,0,0,0,0,0,65271,859,0,0,0,702,0,0,649383,0,65283
145,0,14,0,0,0,0,0,1435901,0,0,0,0,354,66304,0,0,0,0,0,0,0,0,0,0,0,0,0,0,0,0,0,0,0,65271,0,0,227,3,525,0,0,318838,0,64831
145,0,15,0,0,0,0,0,1435901,0,0,0,0,41,0,0,0,0,0,0,0,0,0,0,0,0,0,0,0,0,0,0,0,0,0,0,0,39,0,91,0,0,0,0,0
146,0,0,0,0,0,0,0,2881446,0,0,3724,853632,136,0,0,0,0,0,9333,0,0,0,0,0,0,0,0,3724,3724,0,385226,0,1276245,853632,0,999,0,136,284,0,0,0,0,1982637
146,0,1,0,0,0,0,0,1440723,9333,0,0,0,3610,0,0,0,0,0,0,0,0,0,0,0,0,0,0,0,1823,0,192801,0,448429,0,0,400,406,829,6110,0,0,160608,0,0
146,0,2,0,0,0,0,0,1440723,0,0,0,0,115,66304,0,0,0,0,0,0,0,0,0,0,0,0,0,0,0,0,193286,0,192516,65237,0,1024,202,809,267,0,0,112211,0,65395
146,0,3,0,0,0,0,0,1440723,0,0,0,0,120,66304,0,0,0,0,0,0,0,0,0,0,0,0,0,0,0,0,128894,0,0,65222,0,326,79,0,161,0,0,30766,0,65247
146,0,4,0,0,0,0,0,1440723,0,0,0,0,136,66304,0,0,0,0,0,0,0,0,0,0,0,0,0,0,0,0,128845,0,0,65245,0,282,0,79,192,787416,0,0,0,65289
146,0,5,0,0,0,0,0,1440723,0,0,0,0,172,66304,0,0,0,0,0,0,0,0,0,0,0,0,0,0,0,0,128973,0,0,65254,2340,690,0,1,367,0,0,549211,0,65005
146,0,6,0,0,0,0,0,1440723,0,0,0,0,209,66304,0,0,0,0,0,0,0,0,0,0,0,0,0,0,0,0,129197,0,0,65226,0,327,331,1,289,0,0,411887,0,64927
146,0,7,0,0,0,0,0,1440723,0,0,0,0,214,66304,0,0,0,0,0,0,0,0,0,0,0,0,0,0,0,0,64587,0,0,65231,0,407,113,0,453,0,0,161500,0,64959
146,0,8,0,0,0,0,0,1440723,0,0,0,0,209,66304,0,0,0,0,0,0,0,0,0,0,0,0,0,0,0,0,64693,0,0,65215,0,283,0,114,420,963120,0,0,0,64951
146,0,9,0,0,0,0,0,1440723,0,0,0,0,275,66304,0,0,0,0,0,0,0,0,0,0,0,0,0,0,0,0,64664,0,0,65250,1657,189,0,1,390,0,0,1015851,0,64930
146,0,10,0,0,0,0,0,1440723,0,0,0,0,347,66304,0,0,0,0,0,0,0,0,0,0,0,0,0,0,0,0,64694,0,0,65265,0,392,535,2,724,0,0,689905,0,65049
146,0,11,0,0,0,0,0,1440723,0,0,0,0,345,66304,0,0,0,0,0,0,0,0,0,0,0,0,0,0,0,0,0,0,0,65263,0,43,194,0,750,0,0,293458,0,64988
146,0,12,0,0,0,0,0,1440723,0,0,0,0,283,66304,0,0,0,0,0,0,0,0,0,0,0,0,0,0,0,0,0,0,0,65225,0,0,0,154,445,928884,0,0,0,64911
146,0,13,0,0,0,0,0,1440723,0,0,0,0,354,66304,0,0,0,0,0,0,0,0,0,0,0,0,0,0,0,0,0,0,0,65257,850,0,0,1,714,0,0,656838,0,64933
146,0,14,0,0,0,0,0,1440723,0,0,0,0,346,66304,0,0,0,0,0,0,0,0,0,0,0,0,0,0,0,0,0,0,0,65252,0,0,239,1,503,0,0,272812,0,65165
146,0,15,0,0,0,0,0,1440723,0,0,0,0,44,0,0,0,0,0,0,0,0,0,0,0,0,0,0,0,0,0,0,0,0,0,0,0,36,0,99,0,0,0,0,0
147,0,0,0,0,0,0,0,2778860,0,0,3658,853632,136,0,0,0,0,0,9234,0,0,0,0,0,0,0,0,3658,3658,0,385159,0,1273616,853632,0,1007,0,136,284,0,0,0,0,1929781
147,0,1,0,0,0,0,0,1389430,9234,0,0,0,3525,0,0,0,0,0,0,0,0,0,0,0,0,0,0,0,1902,0,192614,0,447550,0,0,418,406,830,5999,0,0,153388,0,0
147,0,2,0,0,0,0,0,1389430,0,0,0,0,119,66304,0,0,0,0,0,0,0,0,0,0,0,0,0,0,0,0,192527,0,192646,65235,0,975,194,798,273,0,0,112633,0,65188
147,0,3,0,0,0,0,0,1389430,0,0,0,0,117,66304,0,0,0,0,0,0,0,0,0,0,0,0,0,0,0,0,128894,0,0,65236,0,316,80,0,161,0,0,12542,0,65474
147,0,4,0,0,0,0,0,1389430,0,0,0,0,140,66304,0,0,0,0,0,0,0,0,0,0,0,0,0,0,0,0,128829,0,0,65242,0,279,0,75,200,801575,0,0,0,65287
147,0,5,0,0,0,0,0,1389430,0,0,0,0,174,66304,0,0,0,0,0,0,0,0,0,0,0,0,0,0,0,0,128954,0,0,65243,2308,654,0,2,369,0,0,574775,0,64992
147,0,6,0,0,0,0,0,1389430,0,0,0,0,206,66304,0,0,0,0,0,0,0,0,0,0,0,0,0,0,0,0,128896,0,0,65246,0,333,336,0,293,0,0,393664,0,64917
147,0,7,0,0,0,0,0,1389430,0,0,0,0,216,66304,0,0,0,0,0,0,0,0,0,0,0,0,0,0,0,0,64678,0,0,65212,0,401,111,0,456,0,0,152529,0,64964
147,0,8,0,0,0,0,0,1389430,0,0,0,0,214,66304,0,0,0,0,0,0,0,0,0,0,0,0,0,0,0,0,64659,0,0,65210,0,282,0,115,437,976066,0,0,0,64958
147,0,9,0,0,0,0,0,1389430,0,0,0,0,279,66304,0,0,0,0,0,0,0,0,0,0,0,0,0,0,0,0,64618,0,0,65218,1623,191,0,0,410,0,0,968156,0,65051
147,0,10,0,0,0,0,0,1389430,0,0,0,0,337,66304,0,0,0,0,0,0,0,0,0,0,0,0,0,0,0,0,64627,0,0,65222,0,364,524,2,700,0,0,644664,0,64844
147,0,11,0,0,0,0,0,1389430,0,0,0,0,338,66304,0,0,0,0,0,0,0,0,0,0,0,0,0,0,0,0,0,0,0,65247,0,44,184,0,577,0,0,246820,0,65151
147,0,12,0,0,0,0,0,1389430,0,0,0,0,275,66304,0,0,0,0,0,0,0,0,0,0,0,0,0,0,0,0,0,0,0,65238,0,0,0,164,440,914553,0,0,0,64962
147,0,13,0,0,0,0,0,1389430,0,0,0,0,345,66304,0,0,0,0,0,0,0,0,0,0,0,0,0,0,0,0,0,0,0,65269,829,0,0,1,683,0,0,621096,0,65157
147,0,14,0,0,0,0,0,1389430,0,0,0,0,341,66304,0,0,0,0,0,0,0,0,0,0,0,0,0,0,0,0,0,0,0,65260,0,0,221,1,506,0,0,289165,0,64770
147,0,15,0,0,0,0,0,1389430,0,0,0,0,41,0,0,0,0,0,0,0,0,0,0,0,0,0,0,0,0,0,0,0,0,0,0,0,39,0,95,0,0,0,0,0
148,0,0,0,0,0,0,0,372243,0,0,258,65600,136,0,0,0,0,0,4065,0,0,0,0,0,0,0,0,258,258,0,0,0,129722,65600,0,294,0,136,284,0,0,0,0,65920
148,0,1,0,0,0,0,0,186122,4065,0,0,0,1272,0,0,0,0,0,0,0,0,0,0,0,0,0,0,0,66,0,0,0,65143,0,0,79,174,242,2188,0,0,65920,0,0
148,0,2,0,0,0,0,0,186122,0,0,0,0,233,65920,0,0,0,0,0,0,0,0,0,0,0,0,0,0,0,0,0,0,0,65347,0,246,162,276,501,0,0,0,0,65920
148,0,3,0,0,0,0,0,186122,0,0,0,0,47,0,0,0,0,0,0,0,0,0,0,0,0,0,0,0,0,0,0,0,0,0,0,97,45,0,55,0,0,0,0,0
148,0,4,0,0,0,0,0,186122,0,0,0,0,47,0,0,0,0,0,0,0,0,0,0,0,0,0,0,0,0,0,0,0,0,0,0,87,0,45,66,0,0,0,0,0
148,0,5,0,0,0,0,0,186122,0,0,0,0,47,0,0,0,0,0,0,0,0,0,0,0,0,0,0,0,0,0,0,0,0,0,522,150,0,0,112,0,0,0,0,0
148,0,6,0,0,0,0,0,186122,0,0,0,0,47,0,0,0,0,0,0,0,0,0,0,0,0,0,0,0,0,0,0,0,0,0,0,43,98,0,52,0,0,0,0,0
148,0,7,0,0,0,0,0,186122,0,0,0,0,53,0,0,0,0,0,0,0,0,0,0,0,0,0,0,0,0,0,0,0,0,0,0,99,39,0,140,0,0,0,0,0
148,0,8,0,0,0,0,0,186122,0,0,0,0,53,0,0,0,0,0,0,0,0,0,0,0,0,0,0,0,0,0,0,0,0,0,0,52,0,39,110,0,0,0,0,0
148,0,9,0,0,0,0,0,186122,0,0,0,0,47,0,0,0,0,0,0,0,0,0,0,0,0,0,0,0,0,0,0,0,0,0,380,40,0,0,53,0,0,0,0,0
148,0,10,0,0,0,0,0,186122,0,0,0,0,53,0,0,0,0,0,0,0,0,0,0,0,0,0,0,0,0,0,0,0,0,0,0,82,86,0,124,0,0,0,0,0
148,0,11,0,0,0,0,0,186122,0,0,0,0,47,0,0,0,0,0,0,0,0,0,0,0,0,0,0,0,0,0,0,0,0,0,0,40,45,0,147,0,0,0,0,0
148,0,12,0,0,0,0,0,186122,0,0,0,0,47,0,0,0,0,0,0,0,0,0,0,0,0,0,0,0,0,0,0,0,0,0,0,0,0,45,93,0,0,0,0,0
148,0,13,0,0,0,0,0,186122,0,0,0,0,53,0,0,0,0,0,0,0,0,0,0,0,0,0,0,0,0,0,0,0,0,0,172,0,0,0,111,0,0,0,0,0
148,0,14,0,0,0,0,0,186122,0,0,0,0,47,0,0,0,0,0,0,0,0,0,0,0,0,0,0,0,0,0,0,0,0,0,0,0,86,0,63,0,0,0,0,0
148,0,15,0,0,0,0,0,186122,0,0,0,0,41,0,0,0,0,0,0,0,0,0,0,0,0,0,0,0,0,0,0,0,0,0,0,0,39,0,88,0,0,0,0,0
149,0,0,0,0,0,0,0,372215,0,0,258,65600,136,0,0,0,0,0,4065,0,0,0,0,0,0,0,0,258,258,0,0,0,129721,65600,0,294,0,136,284,0,0,0,0,65920
149,0,1,0,0,0,0,0,186108,4065,0,0,0,1277,0,0,0,0,0,0,0,0,0,0,0,0,0,0,0,63,0,0,0,65141,0,0,79,174,237,2198,0,0,65920,0,0
149,0,2,0,0,0,0,0,186108,0,0,0,0,238,65920,0,0,0,0,0,0,0,0,0,0,0,0,0,0,0,0,0,0,0,65348,0,246,157,276,511,0,0,0,0,65920
149,0,3,0,0,0,0,0,186108,0,0,0,0,47,0,0,0,0,0,0,0,0,0,0,0,0,0,0,0,0,0,0,0,0,0,0,97,45,0,55,0,0,0,0,0
149,0,4,0,0,0,0,0,186108,0,0,0,0,47,0,0,0,0,0,0,0,0,0,0,0,0,0,0,0,0,0,0,0,0,0,0,87,0,45,66,0,0,0,0,0
149,0,5,0,0,0,0,0,186108,0,0,0,0,47,0,0,0,0,0,0,0,0,0,0,0,0,0,0,0,0,0,0,0,0,0,522,150,0,0,112,0,0,0,0,0
149,0,6,0,0,0,0,0,186108,0,0,0,0,47,0,0,0,0,0,0,0,0,0,0,0,0,0,0,0,0,0,0,0,0,0,0,43,98,0,52,0,0,0,0,0
149,0,7,0,0,0,0,0,186108,0,0,0,0,53,0,0,0,0,0,0,0,0,0,0,0,0,0,0,0,0,0,0,0,0,0,0,99,39,0,140,0,0,0,0,0
149,0,8,0,0,0,0,0,186108,0,0,0,0,53,0,0,0,0,0,0,0,0,0,0,0,0,0,0,0,0,0,0,0,0,0,0,52,0,39,110,0,0,0,0,0
149,0,9,0,0,0,0,0,186108,0,0,0,0,47,0,0,0,0,0,0,0,0,0,0,0,0,0,0,0,0,0,0,0,0,0,380,40,0,0,53,0,0,0,0,0
149,0,10,0,0,0,0,0,186108,0,0,0,0,53,0,0,0,0,0,0,0,0,0,0,0,0,0,0,0,0,0,0,0,0,0,0,82,86,0,124,0,0,0,0,0
149,0,11,0,0,0,0,0,186108,0,0,0,0,47,0,0,0,0,0,0,0,0,0,0,0,0,0,0,0,0,0,0,0,0,0,0,40,45,0,131,0,0,0,0,0
149,0,12,0,0,0,0,0,186108,0,0,0,0,47,0,0,0,0,0,0,0,0,0,0,0,0,0,0,0,0,0,0,0,0,0,0,0,0,45,93,0,0,0,0,0
149,0,13,0,0,0,0,0,186108,0,0,0,0,53,0,0,0,0,0,0,0,0,0,0,0,0,0,0,0,0,0,0,0,0,0,172,0,0,0,111,0,0,0,0,0
149,0,14,0,0,0,0,0,186108,0,0,0,0,47,0,0,0,0,0,0,0,0,0,0,0,0,0,0,0,0,0,0,0,0,0,0,0,86,0,63,0,0,0,0,0
149,0,15,0,0,0,0,0,186108,0,0,0,0,41,0,0,0,0,0,0,0,0,0,0,0,0,0,0,0,0,0,0,0,0,0,0,0,39,0,88,0,0,0,0,0
150,0,0,0,0,0,0,0,372267,0,0,258,65600,136,0,0,0,0,0,4065,0,0,0,0,0,0,0,0,258,258,0,0,0,129725,65600,0,294,0,136,284,0,0,0,0,65920
150,0,1,0,0,0,0,0,186134,4065,0,0,0,1275,0,0,0,0,0,0,0,0,0,0,0,0,0,0,0,67,0,0,0,65147,0,0,79,173,240,2192,0,0,65920,0,0
150,0,2,0,0,0,0,0,186134,0,0,0,0,234,65920,0,0,0,0,0,0,0,0,0,0,0,0,0,0,0,0,0,0,0,65346,0,246,161,276,504,0,0,0,0,65920
150,0,3,0,0,0,0,0,186134,0,0,0,0,47,0,0,0,0,0,0,0,0,0,0,0,0,0,0,0,0,0,0,0,0,0,0,97,45,0,55,0,0,0,0,0
150,0,4,0,0,0,0,0,186134,0,0,0,0,47,0,0,0,0,0,0,0,0,0,0,0,0,0,0,0,0,0,0,0,0,0,0,87,0,45,66,0,0,0,0,0
150,0,5,0,0,0,0,0,186134,0,0,0,0,47,0,0,0,0,0,0,0,0,0,0,0,0,0,0,0,0,0,0,0,0,0,522,150,0,0,112,0,0,0,0,0
150,0,6,0,0,0,0,0,186134,0,0,0,0,47,0,0,0,0,0,0,0,0,0,0,0,0,0,0,0,0,0,0,0,0,0,0,43,98,0,52,0,0,0,0,0
150,0,7,0,0,0,0,0,186134,0,0,0,0,53,0,0,0,0,0,0,0,0,0,0,0,0,0,0,0,0,0,0,0,0,0,0,99,39,0,140,0,0,0,0,0
150,0,8,0,0,0,0,0,186134,0,0,0,0,53,0,0,0,0,0,0,0,0,0,0,0,0,0,0,0,0,0,0,0,0,0,0,52,0,39,110,0,0,0,0,0
150,0,9,0,0,0,0,0,186134,0,0,0,0,47,0,0,0,0,0,0,0,0,0,0,0,0,0,0,0,0,0,0,0,0,0,380,40,0,0,53,0,0,0,0,0
150,0,10,0,0,0,0,0,186134,0,0,0,0,53,0,0,0,0,0,0,0,0,0,0,0,0,0,0,0,0,0,0,0,0,0,0,82,86,0,124,0,0,0,0,0
150,0,11,0,0,0,0,0,186134,0,0,0,0,47,0,0,0,0,0,0,0,0,0,0,0,0,0,0,0,0,0,0,0,0,0,0,40,45,0,131,0,0,0,0,0
150,0,12,0,0,0,0,0,186134,0,0,0,0,47,0,0,0,0,0,0,0,0,0,0,0,0,0,0,0,0,0,0,0,0,0,0,0,0,45,93,0,0,0,0,0
150,0,13,0,0,0,0,0,186134,0,0,0,0,53,0,0,0,0,0,0,0,0,0,0,0,0,0,0,0,0,0,0,0,0,0,172,0,0,0,111,0,0,0,0,0
150,0,14,0,0,0,0,0,186134,0,0,0,0,47,0,0,0,0,0,0,0,0,0,0,0,0,0,0,0,0,0,0,0,0,0,0,0,86,0,63,0,0,0,0,0
150,0,15,0,0,0,0,0,186134,0,0,0,0,41,0,0,0,0,0,0,0,0,0,0,0,0,0,0,0,0,0,0,0,0,0,0,0,39,0,88,0,0,0,0,0
151,0,0,0,0,0,0,0,622753,0,0,388,131200,136,0,0,0,0,0,4266,0,0,0,0,0,0,0,0,388,388,0,0,0,259893,131200,0,294,0,136,284,0,0,0,0,252147
151,0,1,0,0,0,0,0,311376,4266,0,0,0,1317,0,0,0,0,0,0,0,0,0,0,0,0,0,0,0,138,0,0,0,130235,0,0,79,174,328,2234,0,0,66456,0,0
151,0,2,0,0,0,0,0,311376,0,0,0,0,171,65920,0,0,0,0,0,0,0,0,0,0,0,0,0,0,0,0,0,0,65031,65407,0,246,289,393,366,0,0,65666,0,65656
151,0,3,0,0,0,0,0,311376,0,0,0,0,176,65920,0,0,0,0,0,0,0,0,0,0,0,0,0,0,0,0,0,0,0,65406,0,98,109,0,261,0,0,452,0,65656
151,0,4,0,0,0,0,0,311376,0,0,0,0,47,0,0,0,0,0,0,0,0,0,0,0,0,0,0,0,0,0,0,0,0,0,0,87,0,45,66,0,0,0,0,0
151,0,5,0,0,0,0,0,311376,0,0,0,0,47,0,0,0,0,0,0,0,0,0,0,0,0,0,0,0,0,0,0,0,0,0,522,150,0,0,112,0,0,0,0,0
151,0,6,0,0,0,0,0,311376,0,0,0,0,47,0,0,0,0,0,0,0,0,0,0,0,0,0,0,0,0,0,0,0,0,0,0,43,98,0,52,0,0,0,0,0
151,0,7,0,0,0,0,0,311376,0,0,0,0,53,0,0,0,0,0,0,0,0,0,0,0,0,0,0,0,0,0,0,0,0,0,0,99,39,0,140,0,0,0,0,0
151,0,8,0,0,0,0,0,311376,0,0,0,0,53,0,0,0,0,0,0,0,0,0,0,0,0,0,0,0,0,0,0,0,0,0,0,52,0,39,110,0,0,0,0,0
151,0,9,0,0,0,0,0,311376,0,0,0,0,47,0,0,0,0,0,0,0,0,0,0,0,0,0,0,0,0,0,0,0,0,0,380,40,0,0,53,0,0,0,0,0
151,0,10,0,0,0,0,0,311376,0,0,0,0,53,0,0,0,0,0,0,0,0,0,0,0,0,0,0,0,0,0,0,0,0,0,0,82,86,0,124,0,0,0,0,0
151,0,11,0,0,0,0,0,311376,0,0,0,0,47,0,0,0,0,0,0,0,0,0,0,0,0,0,0,0,0,0,0,0,0,0,0,41,45,0,4294967187,0,0,0,0,0
151,0,12,0,0,0,0,0,311376,0,0,0,0,47,0,0,0,0,0,0,0,0,0,0,0,0,0,0,0,0,0,0,0,0,0,0,0,0,45,93,0,0,0,0,0
151,0,13,0,0,0,0,0,311376,0,0,0,0,53,0,0,0,0,0,0,0,0,0,0,0,0,0,0,0,0,0,0,0,0,0,172,0,0,0,111,0,0,0,0,0
151,0,14,0,0,0,0,0,311376,0,0,0,0,47,0,0,0,0,0,0,0,0,0,0,0,0,0,0,0,0,0,0,0,0,0,0,0,86,0,63,0,0,0,0,0
151,0,15,0,0,0,0,0,311376,0,0,0,0,41,0,0,0,0,0,0,0,0,0,0,0,0,0,0,0,0,0,0,0,0,0,0,0,39,0,88,0,0,0,0,0
152,0,0,0,0,0,0,0,622664,0,0,388,131200,136,0,0,0,0,0,4266,0,0,0,0,0,0,0,0,388,388,0,0,0,259868,131200,0,294,0,136,284,0,0,0,0,252109
152,0,1,0,0,0,0,0,311332,4266,0,0,0,1321,0,0,0,0,0,0,0,0,0,0,0,0,0,0,0,144,0,0,0,130229,0,0,78,172,327,2218,0,0,66445,0,0
152,0,2,0,0,0,0,0,311332,0,0,0,0,163,65920,0,0,0,0,0,0,0,0,0,0,0,0,0,0,0,0,0,0,65024,65407,0,250,306,392,356,0,0,65669,0,65660
152,0,3,0,0,0,0,0,311332,0,0,0,0,185,65920,0,0,0,0,0,0,0,0,0,0,0,0,0,0,0,0,0,0,0,65407,0,100,100,0,269,0,0,446,0,65662
152,0,4,0,0,0,0,0,311332,0,0,0,0,50,0,0,0,0,0,0,0,0,0,0,0,0,0,0,0,0,0,0,0,0,0,0,87,0,42,67,0,0,0,0,0
152,0,5,0,0,0,0,0,311332,0,0,0,0,50,0,0,0,0,0,0,0,0,0,0,0,0,0,0,0,0,0,0,0,0,0,525,150,0,0,116,0,0,0,0,0
152,0,6,0,0,0,0,0,311332,0,0,0,0,50,0,0,0,0,0,0,0,0,0,0,0,0,0,0,0,0,0,0,0,0,0,0,39,95,0,55,0,0,0,0,0
152,0,7,0,0,0,0,0,311332,0,0,0,0,53,0,0,0,0,0,0,0,0,0,0,0,0,0,0,0,0,0,0,0,0,0,0,99,39,0,138,0,0,0,0,0
152,0,8,0,0,0,0,0,311332,0,0,0,0,56,0,0,0,0,0,0,0,0,0,0,0,0,0,0,0,0,0,0,0,0,0,0,52,0,36,113,0,0,0,0,0
152,0,9,0,0,0,0,0,311332,0,0,0,0,50,0,0,0,0,0,0,0,0,0,0,0,0,0,0,0,0,0,0,0,0,0,380,40,0,0,56,0,0,0,0,0
152,0,10,0,0,0,0,0,311332,0,0,0,0,56,0,0,0,0,0,0,0,0,0,0,0,0,0,0,0,0,0,0,0,0,0,0,86,86,0,127,0,0,0,0,0
152,0,11,0,0,0,0,0,311332,0,0,0,0,50,0,0,0,0,0,0,0,0,0,0,0,0,0,0,0,0,0,0,0,0,0,0,41,42,0,4294967158,0,0,0,0,0
152,0,12,0,0,0,0,0,311332,0,0,0,0,50,0,0,0,0,0,0,0,0,0,0,0,0,0,0,0,0,0,0,0,0,0,0,0,0,42,96,0,0,0,0,0
152,0,13,0,0,0,0,0,311332,0,0,0,0,56,0,0,0,0,0,0,0,0,0,0,0,0,0,0,0,0,0,0,0,0,0,172,0,0,0,114,0,0,0,0,0
152,0,14,0,0,0,0,0,311332,0,0,0,0,50,0,0,0,0,0,0,0,0,0,0,0,0,0,0,0,0,0,0,0,0,0,0,0,86,0,62,0,0,0,0,0
152,0,15,0,0,0,0,0,311332,0,0,0,0,44,0,0,0,0,0,0,0,0,0,0,0,0,0,0,0,0,0,0,0,0,0,0,0,36,0,91,0,0,0,0,0
153,0,0,0,0,0,0,0,622699,0,0,388,131200,136,0,0,0,0,0,4263,0,0,0,0,0,0,0,0,388,388,0,0,0,259870,131200,0,294,0,136,284,0,0,0,0,252082
153,0,1,0,0,0,0,0,311350,4263,0,0,0,1317,0,0,0,0,0,0,0,0,0,0,0,0,0,0,0,138,0,0,0,130223,0,0,79,173,329,2229,0,0,66433,0,0
153,0,2,0,0,0,0,0,311350,0,0,0,0,169,65920,0,0,0,0,0,0,0,0,0,0,0,0,0,0,0,0,0,0,65023,65407,0,246,294,393,363,0,0,65661,0,65664
153,0,3,0,0,0,0,0,311350,0,0,0,0,179,65920,0,0,0,0,0,0,0,0,0,0,0,0,0,0,0,0,0,0,0,65402,0,98,106,0,264,0,0,445,0,65660
153,0,4,0,0,0,0,0,311350,0,0,0,0,47,0,0,0,0,0,0,0,0,0,0,0,0,0,0,0,0,0,0,0,0,0,0,87,0,45,66,0,0,0,0,0
153,0,5,0,0,0,0,0,311350,0,0,0,0,47,0,0,0,0,0,0,0,0,0,0,0,0,0,0,0,0,0,0,0,0,0,522,150,0,0,112,0,0,0,0,0
153,0,6,0,0,0,0,0,311350,0,0,0,0,47,0,0,0,0,0,0,0,0,0,0,0,0,0,0,0,0,0,0,0,0,0,0,43,98,0,52,0,0,0,0,0
153,0,7,0,0,0,0,0,311350,0,0,0,0,53,0,0,0,0,0,0,0,0,0,0,0,0,0,0,0,0,0,0,0,0,0,0,99,39,0,140,0,0,0,0,0
153,0,8,0,0,0,0,0,311350,0,0,0,0,53,0,0,0,0,0,0,0,0,0,0,0,0,0,0,0,0,0,0,0,0,0,0,52,0,39,110,0,0,0,0,0
153,0,9,0,0,0,0,0,311350,0,0,0,0,47,0,0,0,0,0,0,0,0,0,0,0,0,0,0,0,0,0,0,0,0,0,380,40,0,0,53,0,0,0,0,0
153,0,10,0,0,0,0,0,311350,0,0,0,0,53,0,0,0,0,0,0,0,0,0,0,0,0,0,0,0,0,0,0,0,0,0,0,82,86,0,124,0,0,0,0,0
153,0,11,0,0,0,0,0,311350,0,0,0,0,47,0,0,0,0,0,0,0,0,0,0,0,0,0,0,0,0,0,0,0,0,0,0,41,45,0,131,0,0,0,0,0
153,0,12,0,0,0,0,0,311350,0,0,0,0,47,0,0,0,0,0,0,0,0,0,0,0,0,0,0,0,0,0,0,0,0,0,0,0,0,45,93,0,0,0,0,0
153,0,13,0,0,0,0,0,311350,0,0,0,0,53,0,0,0,0,0,0,0,0,0,0,0,0,0,0,0,0,0,0,0,0,0,172,0,0,0,111,0,0,0,0,0
153,0,14,0,0,0,0,0,311350,0,0,0,0,47,0,0,0,0,0,0,0,0,0,0,0,0,0,0,0,0,0,0,0,0,0,0,0,86,0,63,0,0,0,0,0
153,0,15,0,0,0,0,0,311350,0,0,0,0,41,0,0,0,0,0,0,0,0,0,0,0,0,0,0,0,0,0,0,0,0,0,0,0,39,0,88,0,0,0,0,0
154,0,0,0,0,0,0,0,1024030,0,0,646,262400,136,0,0,0,0,0,4662,0,0,0,0,0,0,0,0,646,646,0,130241,0,389174,262400,0,457,0,136,284,0,0,0,0,530964
154,0,1,0,0,0,0,0,512015,4662,0,0,0,1598,0,0,0,0,0,0,0,0,0,0,0,0,0,0,0,367,0,65134,0,130043,0,0,115,211,234,2647,0,0,130114,0,0
154,0,2,0,0,0,0,0,512015,0,0,0,0,142,65920,0,0,0,0,0,0,0,0,0,0,0,0,0,0,0,0,0,0,65152,65346,0,246,255,409,350,0,0,129849,0,65336
154,0,3,0,0,0,0,0,512015,0,0,0,0,147,65920,0,0,0,0,0,0,0,0,0,0,0,0,0,0,0,0,0,0,0,65407,0,98,105,0,185,0,0,558,0,65629
154,0,4,0,0,0,0,0,512015,0,0,0,0,149,65920,0,0,0,0,0,0,0,0,0,0,0,0,0,0,0,0,0,0,0,65408,0,87,0,104,206,197045,0,0,0,65433
154,0,5,0,0,0,0,0,512015,0,0,0,0,153,65920,0,0,0,0,0,0,0,0,0,0,0,0,0,0,0,0,0,0,0,65350,678,150,0,1,345,0,0,1305,0,65359
154,0,6,0,0,0,0,0,512015,0,0,0,0,47,0,0,0,0,0,0,0,0,0,0,0,0,0,0,0,0,0,0,0,0,0,0,43,98,1,52,0,0,0,0,0
154,0,7,0,0,0,0,0,512015,0,0,0,0,53,0,0,0,0,0,0,0,0,0,0,0,0,0,0,0,0,0,0,0,0,0,0,100,39,0,140,0,0,0,0,0
154,0,8,0,0,0,0,0,512015,0,0,0,0,53,0,0,0,0,0,0,0,0,0,0,0,0,0,0,0,0,0,0,0,0,0,0,52,0,39,110,0,0,0,0,0
154,0,9,0,0,0,0,0,512015,0,0,0,0,47,0,0,0,0,0,0,0,0,0,0,0,0,0,0,0,0,0,0,0,0,0,380,40,0,0,53,0,0,0,0,0
154,0,10,0,0,0,0,0,512015,0,0,0,0,53,0,0,0,0,0,0,0,0,0,0,0,0,0,0,0,0,0,0,0,0,0,0,82,86,0,124,0,0,0,0,0
154,0,11,0,0,0,0,0,512015,0,0,0,0,47,0,0,0,0,0,0,0,0,0,0,0,0,0,0,0,0,0,0,0,0,0,0,42,45,0,131,0,0,0,0,0
154,0,12,0,0,0,0,0,512015,0,0,0,0,47,0,0,0,0,0,0,0,0,0,0,0,0,0,0,0,0,0,0,0,0,0,0,0,0,45,93,0,0,0,0,0
154,0,13,0,0,0,0,0,512015,0,0,0,0,53,0,0,0,0,0,0,0,0,0,0,0,0,0,0,0,0,0,0,0,0,0,172,0,0,0,111,0,0,0,0,0
154,0,14,0,0,0,0,0,512015,0,0,0,0,47,0,0,0,0,0,0,0,0,0,0,0,0,0,0,0,0,0,0,0,0,0,0,0,86,0,63,0,0,0,0,0
154,0,15,0,0,0,0,0,512015,0,0,0,0,41,0,0,0,0,0,0,0,0,0,0,0,0,0,0,0,0,0,0,0,0,0,0,0,39,0,89,0,0,0,0,0
155,0,0,0,0,0,0,0,1024051,0,0,646,262400,136,0,0,0,0,0,4665,0,0,0,0,0,0,0,0,646,646,0,130241,0,389160,262400,0,457,0,136,284,0,0,0,0,531034
155,0,1,0,0,0,0,0,512026,4665,0,0,0,1603,0,0,0,0,0,0,0,0,0,0,0,0,0,0,0,378,0,65138,0,130040,0,0,111,205,239,2651,0,0,130089,0,0
155,0,2,0,0,0,0,0,512026,0,0,0,0,143,65920,0,0,0,0,0,0,0,0,0,0,0,0,0,0,0,0,0,0,65152,65342,0,246,254,406,349,0,0,129846,0,65327
155,0,3,0,0,0,0,0,512026,0,0,0,0,147,65920,0,0,0,0,0,0,0,0,0,0,0,0,0,0,0,0,0,0,0,65407,0,98,105,0,188,0,0,551,0,65633
155,0,4,0,0,0,0,0,512026,0,0,0,0,144,65920,0,0,0,0,0,0,0,0,0,0,0,0,0,0,0,0,0,0,0,65408,0,87,0,109,194,197048,0,0,0,65438
155,0,5,0,0,0,0,0,512026,0,0,0,0,145,65920,0,0,0,0,0,0,0,0,0,0,0,0,0,0,0,0,0,0,0,65351,680,150,0,2,341,0,0,1289,0,65354
155,0,6,0,0,0,0,0,512026,0,0,0,0,47,0,0,0,0,0,0,0,0,0,0,0,0,0,0,0,0,0,0,0,0,0,0,43,98,0,52,0,0,0,0,0
155,0,7,0,0,0,0,0,512026,0,0,0,0,53,0,0,0,0,0,0,0,0,0,0,0,0,0,0,0,0,0,0,0,0,0,0,101,39,0,140,0,0,0,0,0
155,0,8,0,0,0,0,0,512026,0,0,0,0,53,0,0,0,0,0,0,0,0,0,0,0,0,0,0,0,0,0,0,0,0,0,0,52,0,39,110,0,0,0,0,0
155,0,9,0,0,0,0,0,512026,0,0,0,0,47,0,0,0,0,0,0,0,0,0,0,0,0,0,0,0,0,0,0,0,0,0,380,40,0,0,53,0,0,0,0,0
155,0,10,0,0,0,0,0,512026,0,0,0,0,53,0,0,0,0,0,0,0,0,0,0,0,0,0,0,0,0,0,0,0,0,0,0,82,86,0,124,0,0,0,0,0
155,0,11,0,0,0,0,0,512026,0,0,0,0,47,0,0,0,0,0,0,0,0,0,0,0,0,0,0,0,0,0,0,0,0,0,0,41,45,0,147,0,0,0,0,0
155,0,12,0,0,0,0,0,512026,0,0,0,0,47,0,0,0,0,0,0,0,0,0,0,0,0,0,0,0,0,0,0,0,0,0,0,0,0,45,93,0,0,0,0,0
155,0,13,0,0,0,0,0,512026,0,0,0,0,53,0,0,0,0,0,0,0,0,0,0,0,0,0,0,0,0,0,0,0,0,0,172,0,0,0,111,0,0,0,0,0
155,0,14,0,0,0,0,0,512026,0,0,0,0,47,0,0,0,0,0,0,0,0,0,0,0,0,0,0,0,0,0,0,0,0,0,0,0,86,0,63,0,0,0,0,0
155,0,15,0,0,0,0,0,512026,0,0,0,0,41,0,0,0,0,0,0,0,0,0,0,0,0,0,0,0,0,0,0,0,0,0,0,0,39,0,90,0,0,0,0,0
156,0,0,0,0,0,0,0,1023956,0,0,646,262400,136,0,0,0,0,0,4665,0,0,0,0,0,0,0,0,646,646,0,130241,0,389179,262400,0,457,0,136,284,0,0,0,0,531027
156,0,1,0,0,0,0,0,511978,4665,0,0,0,1596,0,0,0,0,0,0,0,0,0,0,0,0,0,0,0,373,0,65134,0,130046,0,0,112,212,238,2652,0,0,130101,0,0
156,0,2,0,0,0,0,0,511978,0,0,0,0,143,65920,0,0,0,0,0,0,0,0,0,0,0,0,0,0,0,0,0,0,65152,65345,0,246,249,403,353,0,0,129865,0,65331
156,0,3,0,0,0,0,0,511978,0,0,0,0,143,65920,0,0,0,0,0,0,0,0,0,0,0,0,0,0,0,0,0,0,0,65407,0,97,110,0,187,0,0,552,0,65630
156,0,4,0,0,0,0,0,511978,0,0,0,0,150,65920,0,0,0,0,0,0,0,0,0,0,0,0,0,0,0,0,0,0,0,65408,0,87,0,103,207,196967,0,0,0,65438
156,0,5,0,0,0,0,0,511978,0,0,0,0,154,65920,0,0,0,0,0,0,0,0,0,0,0,0,0,0,0,0,0,0,0,65353,677,150,0,2,349,0,0,1317,0,65351
156,0,6,0,0,0,0,0,511978,0,0,0,0,47,0,0,0,0,0,0,0,0,0,0,0,0,0,0,0,0,0,0,0,0,0,0,43,98,0,52,0,0,0,0,0
156,0,7,0,0,0,0,0,511978,0,0,0,0,53,0,0,0,0,0,0,0,0,0,0,0,0,0,0,0,0,0,0,0,0,0,0,102,39,0,140,0,0,0,0,0
156,0,8,0,0,0,0,0,511978,0,0,0,0,53,0,0,0,0,0,0,0,0,0,0,0,0,0,0,0,0,0,0,0,0,0,0,52,0,39,110,0,0,0,0,0
156,0,9,0,0,0,0,0,511978,0,0,0,0,47,0,0,0,0,0,0,0,0,0,0,0,0,0,0,0,0,0,0,0,0,0,380,40,0,0,53,0,0,0,0,0
156,0,10,0,0,0,0,0,511978,0,0,0,0,53,0,0,0,0,0,0,0,0,0,0,0,0,0,0,0,0,0,0,0,0,0,0,82,86,0,124,0,0,0,0,0
156,0,11,0,0,0,0,0,511978,0,0,0,0,47,0,0,0,0,0,0,0,0,0,0,0,0,0,0,0,0,0,0,0,0,0,0,40,45,0,131,0,0,0,0,0
156,0,12,0,0,0,0,0,511978,0,0,0,0,47,0,0,0,0,0,0,0,0,0,0,0,0,0,0,0,0,0,0,0,0,0,0,0,0,45,93,0,0,0,0,0
156,0,13,0,0,0,0,0,511978,0,0,0,0,53,0,0,0,0,0,0,0,0,0,0,0,0,0,0,0,0,0,0,0,0,0,172,0,0,0,111,0,0,0,0,0
156,0,14,0,0,0,0,0,511978,0,0,0,0,47,0,0,0,0,0,0,0,0,0,0,0,0,0,0,0,0,0,0,0,0,0,0,0,86,0,63,0,0,0,0,0
156,0,15,0,0,0,0,0,511978,0,0,0,0,41,0,0,0,0,0,0,0,0,0,0,0,0,0,0,0,0,0,0,0,0,0,0,0,39,0,91,0,0,0,0,0
157,0,0,0,0,0,0,0,1578404,0,0,1004,393600,136,0,0,0,0,0,5214,0,0,0,0,0,0,0,0,1004,1004,0,130241,0,647955,393600,0,419,0,136,284,0,0,0,0,988116
157,0,1,0,0,0,0,0,789202,5214,0,0,0,1801,0,0,0,0,0,0,0,0,0,0,0,0,0,0,0,417,0,65089,0,259722,0,0,133,213,371,3041,0,0,231095,0,0
157,0,2,0,0,0,0,0,789202,0,0,0,0,138,65920,0,0,0,0,0,0,0,0,0,0,0,0,0,0,0,0,65089,0,129984,65391,0,417,210,520,310,0,0,185439,0,65331
157,0,3,0,0,0,0,0,789202,0,0,0,0,134,65920,0,0,0,0,0,0,0,0,0,0,0,0,0,0,0,0,65129,0,0,65390,0,169,81,0,180,0,0,56397,0,65517
157,0,4,0,0,0,0,0,789202,0,0,0,0,138,65920,0,0,0,0,0,0,0,0,0,0,0,0,0,0,0,0,0,0,0,65408,0,87,0,77,197,387861,0,0,0,65499
157,0,5,0,0,0,0,0,789202,0,0,0,0,173,65920,0,0,0,0,0,0,0,0,0,0,0,0,0,0,0,0,0,0,0,65392,886,150,0,1,361,0,0,368428,0,65320
157,0,6,0,0,0,0,0,789202,0,0,0,0,200,65920,0,0,0,0,0,0,0,0,0,0,0,0,0,0,0,0,0,0,0,65394,0,43,325,1,263,0,0,337697,0,65487
157,0,7,0,0,0,0,0,789202,0,0,0,0,207,65920,0,0,0,0,0,0,0,0,0,0,0,0,0,0,0,0,0,0,0,65408,0,101,112,0,452,0,0,155330,0,65195
157,0,8,0,0,0,0,0,789202,0,0,0,0,53,0,0,0,0,0,0,0,0,0,0,0,0,0,0,0,0,0,0,0,0,0,0,52,0,39,110,0,0,0,0,0
157,0,9,0,0,0,0,0,789202,0,0,0,0,47,0,0,0,0,0,0,0,0,0,0,0,0,0,0,0,0,0,0,0,0,0,380,40,0,0,53,0,0,0,0,0
157,0,10,0,0,0,0,0,789202,0,0,0,0,53,0,0,0,0,0,0,0,0,0,0,0,0,0,0,0,0,0,0,0,0,0,0,82,86,0,124,0,0,0,0,0
157,0,11,0,0,0,0,0,789202,0,0,0,0,47,0,0,0,0,0,0,0,0,0,0,0,0,0,0,0,0,0,0,0,0,0,0,43,45,0,4294967171,0,0,0,0,0
157,0,12,0,0,0,0,0,789202,0,0,0,0,47,0,0,0,0,0,0,0,0,0,0,0,0,0,0,0,0,0,0,0,0,0,0,0,0,45,93,0,0,0,0,0
157,0,13,0,0,0,0,0,789202,0,0,0,0,53,0,0,0,0,0,0,0,0,0,0,0,0,0,0,0,0,0,0,0,0,0,172,0,0,0,111,0,0,0,0,0
157,0,14,0,0,0,0,0,789202,0,0,0,0,47,0,0,0,0,0,0,0,0,0,0,0,0,0,0,0,0,0,0,0,0,0,0,0,86,0,63,0,0,0,0,0
157,0,15,0,0,0,0,0,789202,0,0,0,0,41,0,0,0,0,0,0,0,0,0,0,0,0,0,0,0,0,0,0,0,0,0,0,0,39,0,90,0,0,0,0,0
158,0,0,0,0,0,0,0,1574327,0,0,1000,393600,136,0,0,0,0,0,5208,0,0,0,0,0,0,0,0,1000,1000,0,130241,0,647941,393600,0,419,0,136,284,0,0,0,0,984212
158,0,1,0,0,0,0,0,787163,5208,0,0,0,1789,0,0,0,0,0,0,0,0,0,0,0,0,0,0,0,420,0,65094,0,259720,0,0,133,209,383,3031,0,0,234127,0,0
158,0,2,0,0,0,0,0,787163,0,0,0,0,134,65920,0,0,0,0,0,0,0,0,0,0,0,0,0,0,0,0,65093,0,129979,65391,0,404,209,524,299,0,0,188464,0,65338
158,0,3,0,0,0,0,0,787163,0,0,0,0,128,65920,0,0,0,0,0,0,0,0,0,0,0,0,0,0,0,0,65130,0,0,65392,0,164,86,0,174,0,0,59434,0,65514
158,0,4,0,0,0,0,0,787163,0,0,0,0,124,65920,0,0,0,0,0,0,0,0,0,0,0,0,0,0,0,0,0,0,0,65408,0,87,0,91,178,380487,0,0,0,65509
158,0,5,0,0,0,0,0,787163,0,0,0,0,159,65920,0,0,0,0,0,0,0,0,0,0,0,0,0,0,0,0,0,0,0,65389,881,150,0,0,347,0,0,360223,0,65315
158,0,6,0,0,0,0,0,787163,0,0,0,0,195,65920,0,0,0,0,0,0,0,0,0,0,0,0,0,0,0,0,0,0,0,65392,0,43,327,3,269,0,0,334690,0,65482
158,0,7,0,0,0,0,0,787163,0,0,0,0,207,65920,0,0,0,0,0,0,0,0,0,0,0,0,0,0,0,0,0,0,0,65408,0,98,110,0,456,0,0,154305,0,65195
158,0,8,0,0,0,0,0,787163,0,0,0,0,53,0,0,0,0,0,0,0,0,0,0,0,0,0,0,0,0,0,0,0,0,0,0,52,0,39,110,0,0,0,0,0
158,0,9,0,0,0,0,0,787163,0,0,0,0,47,0,0,0,0,0,0,0,0,0,0,0,0,0,0,0,0,0,0,0,0,0,380,40,0,0,53,0,0,0,0,0
158,0,10,0,0,0,0,0,787163,0,0,0,0,53,0,0,0,0,0,0,0,0,0,0,0,0,0,0,0,0,0,0,0,0,0,0,82,86,0,124,0,0,0,0,0
158,0,11,0,0,0,0,0,787163,0,0,0,0,47,0,0,0,0,0,0,0,0,0,0,0,0,0,0,0,0,0,0,0,0,0,0,46,45,0,131,0,0,0,0,0
158,0,12,0,0,0,0,0,787163,0,0,0,0,47,0,0,0,0,0,0,0,0,0,0,0,0,0,0,0,0,0,0,0,0,0,0,0,0,45,93,0,0,0,0,0
158,0,13,0,0,0,0,0,787163,0,0,0,0,53,0,0,0,0,0,0,0,0,0,0,0,0,0,0,0,0,0,0,0,0,0,172,0,0,0,111,0,0,0,0,0
158,0,14,0,0,0,0,0,787163,0,0,0,0,47,0,0,0,0,0,0,0,0,0,0,0,0,0,0,0,0,0,0,0,0,0,0,0,86,0,63,0,0,0,0,0
158,0,15,0,0,0,0,0,787163,0,0,0,0,41,0,0,0,0,0,0,0,0,0,0,0,0,0,0,0,0,0,0,0,0,0,0,0,39,0,87,0,0,0,0,0
159,0,0,0,0,0,0,0,1594100,0,0,1014,393600,136,0,0,0,0,0,5229,0,0,0,0,0,0,0,0,1014,1014,0,130241,0,647871,393600,0,421,0,136,284,0,0,0,0,990368
159,0,1,0,0,0,0,0,797050,5229,0,0,0,1807,0,0,0,0,0,0,0,0,0,0,0,0,0,0,0,414,0,65093,0,259683,0,0,131,214,376,3041,0,0,252400,0,0
159,0,2,0,0,0,0,0,797050,0,0,0,0,131,65920,0,0,0,0,0,0,0,0,0,0,0,0,0,0,0,0,65095,0,129978,65394,0,418,220,526,301,0,0,202809,0,65317
159,0,3,0,0,0,0,0,797050,0,0,0,0,136,65920,0,0,0,0,0,0,0,0,0,0,0,0,0,0,0,0,65134,0,0,65385,0,169,80,0,183,0,0,73678,0,65512
159,0,4,0,0,0,0,0,797050,0,0,0,0,134,65920,0,0,0,0,0,0,0,0,0,0,0,0,0,0,0,0,0,0,0,65408,0,87,0,83,194,353043,0,0,0,65523
159,0,5,0,0,0,0,0,797050,0,0,0,0,168,65920,0,0,0,0,0,0,0,0,0,0,0,0,0,0,0,0,0,0,0,65392,892,150,0,1,356,0,0,327559,0,65381
159,0,6,0,0,0,0,0,797050,0,0,0,0,205,65920,0,0,0,0,0,0,0,0,0,0,0,0,0,0,0,0,0,0,0,65393,0,39,326,2,275,0,0,339118,0,65486
159,0,7,0,0,0,0,0,797050,0,0,0,0,210,65920,0,0,0,0,0,0,0,0,0,0,0,0,0,0,0,0,0,0,0,65408,0,99,113,0,460,0,0,166458,0,65221
159,0,8,0,0,0,0,0,797050,0,0,0,0,56,0,0,0,0,0,0,0,0,0,0,0,0,0,0,0,0,0,0,0,0,0,0,52,0,36,113,0,0,0,0,0
159,0,9,0,0,0,0,0,797050,0,0,0,0,50,0,0,0,0,0,0,0,0,0,0,0,0,0,0,0,0,0,0,0,0,0,380,40,0,0,56,0,0,0,0,0
159,0,10,0,0,0,0,0,797050,0,0,0,0,56,0,0,0,0,0,0,0,0,0,0,0,0,0,0,0,0,0,0,0,0,0,0,86,86,0,127,0,0,0,0,0
159,0,11,0,0,0,0,0,797050,0,0,0,0,50,0,0,0,0,0,0,0,0,0,0,0,0,0,0,0,0,0,0,0,0,0,0,45,42,0,118,0,0,0,0,0
159,0,12,0,0,0,0,0,797050,0,0,0,0,50,0,0,0,0,0,0,0,0,0,0,0,0,0,0,0,0,0,0,0,0,0,0,0,0,42,96,0,0,0,0,0
159,0,13,0,0,0,0,0,797050,0,0,0,0,56,0,0,0,0,0,0,0,0,0,0,0,0,0,0,0,0,0,0,0,0,0,172,0,0,0,114,0,0,0,0,0
159,0,14,0,0,0,0,0,797050,0,0,0,0,50,0,0,0,0,0,0,0,0,0,0,0,0,0,0,0,0,0,0,0,0,0,0,0,86,0,62,0,0,0,0,0
159,0,15,0,0,0,0,0,797050,0,0,0,0,44,0,0,0,0,0,0,0,0,0,0,0,0,0,0,0,0,0,0,0,0,0,0,0,36,0,91,0,0,0,0,0
160,0,0,0,0,0,0,0,1879294,0,0,1246,524800,136,0,0,0,0,0,5589,0,0,0,0,0,0,0,0,1246,1246,0,259967,0,777402,524800,0,566,0,136,284,0,0,0,0,1199918
160,0,1,0,0,0,0,0,939647,5589,0,0,0,1915,0,0,0,0,0,0,0,0,0,0,0,0,0,0,0,586,0,130092,0,259626,0,0,195,277,375,3268,0,0,156538,0,0
160,0,2,0,0,0,0,0,939647,0,0,0,0,107,65920,0,0,0,0,0,0,0,0,0,0,0,0,0,0,0,0,65088,0,129981,65378,0,408,177,494,250,0,0,120528,0,65352
160,0,3,0,0,0,0,0,939647,0,0,0,0,103,65920,0,0,0,0,0,0,0,0,0,0,0,0,0,0,0,0,65112,0,0,65390,0,176,77,0,139,0,0,18109,0,65512
160,0,4,0,0,0,0,0,939647,0,0,0,0,122,65920,0,0,0,0,0,0,0,0,0,0,0,0,0,0,0,0,65080,0,0,65391,0,147,0,77,184,559123,0,0,0,65336
160,0,5,0,0,0,0,0,939647,0,0,0,0,159,65920,0,0,0,0,0,0,0,0,0,0,0,0,0,0,0,0,65110,0,0,65399,1044,258,0,1,334,0,0,571529,0,65245
160,0,6,0,0,0,0,0,939647,0,0,0,0,202,65920,0,0,0,0,0,0,0,0,0,0,0,0,0,0,0,0,0,0,0,65393,0,43,330,2,278,0,0,441199,0,65261
160,0,7,0,0,0,0,0,939647,0,0,0,0,211,65920,0,0,0,0,0,0,0,0,0,0,0,0,0,0,0,0,0,0,0,65384,0,99,112,0,454,0,0,180121,0,65254
160,0,8,0,0,0,0,0,939647,0,0,0,0,158,65920,0,0,0,0,0,0,0,0,0,0,0,0,0,0,0,0,0,0,0,65376,0,52,0,95,318,372636,0,0,0,65261
160,0,9,0,0,0,0,0,939647,0,0,0,0,155,65920,0,0,0,0,0,0,0,0,0,0,0,0,0,0,0,0,0,0,0,65387,537,40,0,1,216,0,0,117983,0,65219
160,0,10,0,0,0,0,0,939647,0,0,0,0,53,0,0,0,0,0,0,0,0,0,0,0,0,0,0,0,0,0,0,0,0,0,0,82,86,1,124,0,0,0,0,0
160,0,11,0,0,0,0,0,939647,0,0,0,0,47,0,0,0,0,0,0,0,0,0,0,0,0,0,0,0,0,0,0,0,0,0,0,46,45,0,131,0,0,0,0,0
160,0,12,0,0,0,0,0,939647,0,0,0,0,47,0,0,0,0,0,0,0,0,0,0,0,0,0,0,0,0,0,0,0,0,0,0,0,0,45,93,0,0,0,0,0
160,0,13,0,0,0,0,0,939647,0,0,0,0,53,0,0,0,0,0,0,0,0,0,0,0,0,0,0,0,0,0,0,0,0,0,172,0,0,0,111,0,0,0,0,0
160,0,14,0,0,0,0,0,939647,0,0,0,0,47,0,0,0,0,0,0,0,0,0,0,0,0,0,0,0,0,0,0,0,0,0,0,0,86,0,63,0,0,0,0,0
160,0,15,0,0,0,0,0,939647,0,0,0,0,41,0,0,0,0,0,0,0,0,0,0,0,0,0,0,0,0,0,0,0,0,0,0,0,39,0,89,0,0,0,0,0
161,0,0,0,0,0,0,0,1878213,0,0,1244,524800,136,0,0,0,0,0,5586,0,0,0,0,0,0,0,0,1244,1244,0,259902,0,777315,524800,0,568,0,136,284,0,0,0,0,1190176
161,0,1,0,0,0,0,0,939107,5586,0,0,0,1900,0,0,0,0,0,0,0,0,0,0,0,0,0,0,0,664,0,130083,0,259619,0,0,202,266,392,3250,0,0,144140,0,0
161,0,2,0,0,0,0,0,939107,0,0,0,0,101,65920,0,0,0,0,0,0,0,0,0,0,0,0,0,0,0,0,65121,0,129971,65387,0,401,187,485,243,0,0,110285,0,65443
161,0,3,0,0,0,0,0,939107,0,0,0,0,109,65920,0,0,0,0,0,0,0,0,0,0,0,0,0,0,0,0,65072,0,0,65386,0,183,69,0,147,0,0,20272,0,65425
161,0,4,0,0,0,0,0,939107,0,0,0,0,120,65920,0,0,0,0,0,0,0,0,0,0,0,0,0,0,0,0,65079,0,0,65394,0,142,0,81,178,556500,0,0,0,65333
161,0,5,0,0,0,0,0,939107,0,0,0,0,164,65920,0,0,0,0,0,0,0,0,0,0,0,0,0,0,0,0,65119,0,0,65401,1035,253,0,0,333,0,0,541219,0,65309
161,0,6,0,0,0,0,0,939107,0,0,0,0,197,65920,0,0,0,0,0,0,0,0,0,0,0,0,0,0,0,0,0,0,0,65393,0,43,333,2,282,0,0,433404,0,65238
161,0,7,0,0,0,0,0,939107,0,0,0,0,206,65920,0,0,0,0,0,0,0,0,0,0,0,0,0,0,0,0,0,0,0,65363,0,99,119,0,444,0,0,173108,0,65280
161,0,8,0,0,0,0,0,939107,0,0,0,0,160,65920,0,0,0,0,0,0,0,0,0,0,0,0,0,0,0,0,0,0,0,65369,0,52,0,93,325,372365,0,0,0,65263
161,0,9,0,0,0,0,0,939107,0,0,0,0,157,65920,0,0,0,0,0,0,0,0,0,0,0,0,0,0,0,0,0,0,0,65390,537,40,0,1,223,0,0,141416,0,65191
161,0,10,0,0,0,0,0,939107,0,0,0,0,53,0,0,0,0,0,0,0,0,0,0,0,0,0,0,0,0,0,0,0,0,0,0,82,86,1,124,0,0,0,0,0
161,0,11,0,0,0,0,0,939107,0,0,0,0,47,0,0,0,0,0,0,0,0,0,0,0,0,0,0,0,0,0,0,0,0,0,0,46,45,0,131,0,0,0,0,0
161,0,12,0,0,0,0,0,939107,0,0,0,0,47,0,0,0,0,0,0,0,0,0,0,0,0,0,0,0,0,0,0,0,0,0,0,0,0,45,93,0,0,0,0,0
161,0,13,0,0,0,0,0,939107,0,0,0,0,53,0,0,0,0,0,0,0,0,0,0,0,0,0,0,0,0,0,0,0,0,0,172,0,0,0,111,0,0,0,0,0
161,0,14,0,0,0,0,0,939107,0,0,0,0,47,0,0,0,0,0,0,0,0,0,0,0,0,0,0,0,0,0,0,0,0,0,0,0,86,0,63,0,0,0,0,0
161,0,15,0,0,0,0,0,939107,0,0,0,0,41,0,0,0,0,0,0,0,0,0,0,0,0,0,0,0,0,0,0,0,0,0,0,0,39,0,89,0,0,0,0,0
162,0,0,0,0,0,0,0,1891912,0,0,1252,524800,136,0,0,0,0,0,5595,0,0,0,0,0,0,0,0,1252,1252,0,259925,0,777323,524800,0,574,0,136,284,0,0,0,0,1208022
162,0,1,0,0,0,0,0,945956,5595,0,0,0,1914,0,0,0,0,0,0,0,0,0,0,0,0,0,0,0,642,0,130074,0,259630,0,0,195,271,388,3278,0,0,162709,0,0
162,0,2,0,0,0,0,0,945956,0,0,0,0,113,65920,0,0,0,0,0,0,0,0,0,0,0,0,0,0,0,0,65124,0,129975,65380,0,398,167,496,250,0,0,124481,0,65362
162,0,3,0,0,0,0,0,945956,0,0,0,0,103,65920,0,0,0,0,0,0,0,0,0,0,0,0,0,0,0,0,65069,0,0,65384,0,177,76,0,135,0,0,18183,0,65493
162,0,4,0,0,0,0,0,945956,0,0,0,0,117,65920,0,0,0,0,0,0,0,0,0,0,0,0,0,0,0,0,65081,0,0,65392,0,147,0,88,173,549827,0,0,0,65338
162,0,5,0,0,0,0,0,945956,0,0,0,0,152,65920,0,0,0,0,0,0,0,0,0,0,0,0,0,0,0,0,65123,0,0,65403,1049,258,0,2,327,0,0,535679,0,65276
162,0,6,0,0,0,0,0,945956,0,0,0,0,207,65920,0,0,0,0,0,0,0,0,0,0,0,0,0,0,0,0,0,0,0,65397,0,43,326,1,293,0,0,441577,0,65245
162,0,7,0,0,0,0,0,945956,0,0,0,0,212,65920,0,0,0,0,0,0,0,0,0,0,0,0,0,0,0,0,0,0,0,65362,0,102,113,0,454,0,0,148144,0,65285
162,0,8,0,0,0,0,0,945956,0,0,0,0,164,65920,0,0,0,0,0,0,0,0,0,0,0,0,0,0,0,0,0,0,0,65372,0,52,0,91,326,387583,0,0,0,65272
162,0,9,0,0,0,0,0,945956,0,0,0,0,159,65920,0,0,0,0,0,0,0,0,0,0,0,0,0,0,0,0,0,0,0,65387,541,40,0,1,222,0,0,141528,0,65204
162,0,10,0,0,0,0,0,945956,0,0,0,0,53,0,0,0,0,0,0,0,0,0,0,0,0,0,0,0,0,0,0,0,0,0,0,82,86,1,124,0,0,0,0,0
162,0,11,0,0,0,0,0,945956,0,0,0,0,47,0,0,0,0,0,0,0,0,0,0,0,0,0,0,0,0,0,0,0,0,0,0,43,45,0,131,0,0,0,0,0
162,0,12,0,0,0,0,0,945956,0,0,0,0,47,0,0,0,0,0,0,0,0,0,0,0,0,0,0,0,0,0,0,0,0,0,0,0,0,45,93,0,0,0,0,0
162,0,13,0,0,0,0,0,945956,0,0,0,0,53,0,0,0,0,0,0,0,0,0,0,0,0,0,0,0,0,0,0,0,0,0,172,0,0,0,111,0,0,0,0,0
162,0,14,0,0,0,0,0,945956,0,0,0,0,47,0,0,0,0,0,0,0,0,0,0,0,0,0,0,0,0,0,0,0,0,0,0,0,86,0,63,0,0,0,0,0
162,0,15,0,0,0,0,0,945956,0,0,0,0,41,0,0,0,0,0,0,0,0,0,0,0,0,0,0,0,0,0,0,0,0,0,0,0,39,0,92,0,0,0,0,0
163,0,0,0,0,0,0,0,2251321,0,0,1516,656000,136,0,0,0,0,0,6006,0,0,0,0,0,0,0,0,1516,1516,0,259983,0,1034983,656000,0,518,0,136,284,0,0,0,0,1494164
163,0,1,0,0,0,0,0,1125660,6006,0,0,0,2088,0,0,0,0,0,0,0,0,0,0,0,0,0,0,0,799,0,130016,0,388825,0,0,190,243,513,3571,0,0,132107,0,0
163,0,2,0,0,0,0,0,1125660,0,0,0,0,90,65920,0,0,0,0,0,0,0,0,0,0,0,0,0,0,0,0,129990,0,194626,65376,0,513,167,591,218,0,0,99183,0,65366
163,0,3,0,0,0,0,0,1125660,0,0,0,0,98,65920,0,0,0,0,0,0,0,0,0,0,0,0,0,0,0,0,129980,0,0,65383,0,246,63,0,129,0,0,5882,0,65533
163,0,4,0,0,0,0,0,1125660,0,0,0,0,102,65920,0,0,0,0,0,0,0,0,0,0,0,0,0,0,0,0,65091,0,0,65390,0,132,0,75,145,732461,0,0,0,65366
163,0,5,0,0,0,0,0,1125660,0,0,0,0,143,65920,0,0,0,0,0,0,0,0,0,0,0,0,0,0,0,0,65104,0,0,65383,1190,281,0,1,296,0,0,643580,0,65164
163,0,6,0,0,0,0,0,1125660,0,0,0,0,169,65920,0,0,0,0,0,0,0,0,0,0,0,0,0,0,0,0,65077,0,0,65396,0,132,282,2,232,0,0,455793,0,65193
163,0,7,0,0,0,0,0,1125660,0,0,0,0,180,65920,0,0,0,0,0,0,0,0,0,0,0,0,0,0,0,0,65131,0,0,65362,0,245,95,0,390,0,0,190283,0,65236
163,0,8,0,0,0,0,0,1125660,0,0,0,0,143,65920,0,0,0,0,0,0,0,0,0,0,0,0,0,0,0,0,0,0,0,65377,0,52,0,84,292,767296,0,0,0,65134
163,0,9,0,0,0,0,0,1125660,0,0,0,0,174,65920,0,0,0,0,0,0,0,0,0,0,0,0,0,0,0,0,0,0,0,65386,763,40,0,0,242,0,0,653204,0,65163
163,0,10,0,0,0,0,0,1125660,0,0,0,0,205,65920,0,0,0,0,0,0,0,0,0,0,0,0,0,0,0,0,0,0,0,65401,0,82,313,2,418,0,0,502110,0,65359
163,0,11,0,0,0,0,0,1125660,0,0,0,0,197,65920,0,0,0,0,0,0,0,0,0,0,0,0,0,0,0,0,0,0,0,65400,0,45,123,0,457,0,0,223690,0,64969
163,0,12,0,0,0,0,0,1125660,0,0,0,0,47,0,0,0,0,0,0,0,0,0,0,0,0,0,0,0,0,0,0,0,0,0,0,0,0,45,93,0,0,0,0,0
163,0,13,0,0,0,0,0,1125660,0,0,0,0,53,0,0,0,0,0,0,0,0,0,0,0,0,0,0,0,0,0,0,0,0,0,172,0,0,0,111,0,0,0,0,0
163,0,14,0,0,0,0,0,1125660,0,0,0,0,47,0,0,0,0,0,0,0,0,0,0,0,0,0,0,0,0,0,0,0,0,0,0,0,86,0,63,0,0,0,0,0
163,0,15,0,0,0,0,0,1125660,0,0,0,0,41,0,0,0,0,0,0,0,0,0,0,0,0,0,0,0,0,0,0,0,0,0,0,0,39,0,92,0,0,0,0,0
164,0,0,0,0,0,0,0,2259824,0,0,1530,656000,136,0,0,0,0,0,6027,0,0,0,0,0,0,0,0,1530,1530,0,259960,0,1035146,656000,0,520,0,136,284,0,0,0,0,1457545
164,0,1,0,0,0,0,0,1129912,6027,0,0,0,2105,0,0,0,0,0,0,0,0,0,0,0,0,0,0,0,749,0,130019,0,388877,0,0,193,240,510,3576,0,0,142792,0,0
164,0,2,0,0,0,0,0,1129912,0,0,0,0,93,65920,0,0,0,0,0,0,0,0,0,0,0,0,0,0,0,0,130009,0,194660,65382,0,534,160,591,222,0,0,110021,0,65451
164,0,3,0,0,0,0,0,1129912,0,0,0,0,93,65920,0,0,0,0,0,0,0,0,0,0,0,0,0,0,0,0,129996,0,0,65386,0,256,68,0,124,0,0,24260,0,65431
164,0,4,0,0,0,0,0,1129912,0,0,0,0,109,65920,0,0,0,0,0,0,0,0,0,0,0,0,0,0,0,0,65088,0,0,65390,0,132,0,70,149,690237,0,0,0,65384
164,0,5,0,0,0,0,0,1129912,0,0,0,0,135,65920,0,0,0,0,0,0,0,0,0,0,0,0,0,0,0,0,65122,0,0,65391,1223,271,0,1,287,0,0,620226,0,65186
164,0,6,0,0,0,0,0,1129912,0,0,0,0,167,65920,0,0,0,0,0,0,0,0,0,0,0,0,0,0,0,0,65113,0,0,65393,0,124,267,1,227,0,0,421504,0,65155
164,0,7,0,0,0,0,0,1129912,0,0,0,0,167,65920,0,0,0,0,0,0,0,0,0,0,0,0,0,0,0,0,65087,0,0,65372,0,262,99,0,362,0,0,168305,0,65213
164,0,8,0,0,0,0,0,1129912,0,0,0,0,140,65920,0,0,0,0,0,0,0,0,0,0,0,0,0,0,0,0,0,0,0,65372,0,52,0,87,289,789067,0,0,0,65088
164,0,9,0,0,0,0,0,1129912,0,0,0,0,170,65920,0,0,0,0,0,0,0,0,0,0,0,0,0,0,0,0,0,0,0,65394,772,40,0,0,242,0,0,611860,0,65241
164,0,10,0,0,0,0,0,1129912,0,0,0,0,214,65920,0,0,0,0,0,0,0,0,0,0,0,0,0,0,0,0,0,0,0,65401,0,86,333,2,447,0,0,509316,0,65301
164,0,11,0,0,0,0,0,1129912,0,0,0,0,211,65920,0,0,0,0,0,0,0,0,0,0,0,0,0,0,0,0,0,0,0,65394,0,43,128,0,519,0,0,234559,0,65228
164,0,12,0,0,0,0,0,1129912,0,0,0,0,50,0,0,0,0,0,0,0,0,0,0,0,0,0,0,0,0,0,0,0,0,0,0,0,0,42,96,0,0,0,0,0
164,0,13,0,0,0,0,0,1129912,0,0,0,0,56,0,0,0,0,0,0,0,0,0,0,0,0,0,0,0,0,0,0,0,0,0,172,0,0,0,114,0,0,0,0,0
164,0,14,0,0,0,0,0,1129912,0,0,0,0,50,0,0,0,0,0,0,0,0,0,0,0,0,0,0,0,0,0,0,0,0,0,0,0,86,0,62,0,0,0,0,0
164,0,15,0,0,0,0,0,1129912,0,0,0,0,44,0,0,0,0,0,0,0,0,0,0,0,0,0,0,0,0,0,0,0,0,0,0,0,36,0,97,0,0,0,0,0
165,0,0,0,0,0,0,0,2293379,0,0,1536,656000,136,0,0,0,0,0,6033,0,0,0,0,0,0,0,0,1536,1536,0,259947,0,1035194,656000,0,522,0,136,284,0,0,0,0,1494400
165,0,1,0,0,0,0,0,1146690,6033,0,0,0,2111,0,0,0,0,0,0,0,0,0,0,0,0,0,0,0,754,0,130013,0,388885,0,0,184,253,506,3589,0,0,129815,0,0
165,0,2,0,0,0,0,0,1146690,0,0,0,0,94,65920,0,0,0,0,0,0,0,0,0,0,0,0,0,0,0,0,130022,0,194682,65383,0,535,160,603,219,0,0,100945,0,65443
165,0,3,0,0,0,0,0,1146690,0,0,0,0,94,65920,0,0,0,0,0,0,0,0,0,0,0,0,0,0,0,0,130008,0,0,65374,0,244,66,0,128,0,0,21190,0,65402
165,0,4,0,0,0,0,0,1146690,0,0,0,0,106,65920,0,0,0,0,0,0,0,0,0,0,0,0,0,0,0,0,65080,0,0,65392,0,138,0,71,153,720149,0,0,0,65409
165,0,5,0,0,0,0,0,1146690,0,0,0,0,132,65920,0,0,0,0,0,0,0,0,0,0,0,0,0,0,0,0,65118,0,0,65392,1222,276,0,1,288,0,0,600167,0,65161
165,0,6,0,0,0,0,0,1146690,0,0,0,0,163,65920,0,0,0,0,0,0,0,0,0,0,0,0,0,0,0,0,65114,0,0,65393,0,127,275,1,221,0,0,436165,0,65183
165,0,7,0,0,0,0,0,1146690,0,0,0,0,172,65920,0,0,0,0,0,0,0,0,0,0,0,0,0,0,0,0,65093,0,0,65379,0,266,97,0,376,0,0,168838,0,65246
165,0,8,0,0,0,0,0,1146690,0,0,0,0,138,65920,0,0,0,0,0,0,0,0,0,0,0,0,0,0,0,0,0,0,0,65370,0,52,0,93,285,803712,0,0,0,65089
165,0,9,0,0,0,0,0,1146690,0,0,0,0,167,65920,0,0,0,0,0,0,0,0,0,0,0,0,0,0,0,0,0,0,0,65394,773,40,0,0,234,0,0,624332,0,65254
165,0,10,0,0,0,0,0,1146690,0,0,0,0,211,65920,0,0,0,0,0,0,0,0,0,0,0,0,0,0,0,0,0,0,0,65402,0,82,335,3,447,0,0,523589,0,65257
165,0,11,0,0,0,0,0,1146690,0,0,0,0,209,65920,0,0,0,0,0,0,0,0,0,0,0,0,0,0,0,0,0,0,0,65392,0,43,130,0,458,0,0,247465,0,65217
165,0,12,0,0,0,0,0,1146690,0,0,0,0,47,0,0,0,0,0,0,0,0,0,0,0,0,0,0,0,0,0,0,0,0,0,0,0,0,45,93,0,0,0,0,0
165,0,13,0,0,0,0,0,1146690,0,0,0,0,53,0,0,0,0,0,0,0,0,0,0,0,0,0,0,0,0,0,0,0,0,0,172,0,0,0,111,0,0,0,0,0
165,0,14,0,0,0,0,0,1146690,0,0,0,0,47,0,0,0,0,0,0,0,0,0,0,0,0,0,0,0,0,0,0,0,0,0,0,0,86,0,63,0,0,0,0,0
165,0,15,0,0,0,0,0,1146690,0,0,0,0,41,0,0,0,0,0,0,0,0,0,0,0,0,0,0,0,0,0,0,0,0,0,0,0,39,0,94,0,0,0,0,0
166,0,0,0,0,0,0,0,2866339,0,0,1944,852800,136,0,0,0,0,0,6663,0,0,0,0,0,0,0,0,1944,1944,0,389211,0,1292729,852800,0,665,0,136,284,0,0,0,0,1909807
166,0,1,0,0,0,0,0,1433170,6663,0,0,0,2412,0,0,0,0,0,0,0,0,0,0,0,0,0,0,0,1028,0,194682,0,453440,0,0,240,294,519,4050,0,0,145715,0,0
166,0,2,0,0,0,0,0,1433170,0,0,0,0,86,65920,0,0,0,0,0,0,0,0,0,0,0,0,0,0,0,0,194803,0,194599,65381,0,642,142,559,205,0,0,102318,0,65448
166,0,3,0,0,0,0,0,1433170,0,0,0,0,81,65920,0,0,0,0,0,0,0,0,0,0,0,0,0,0,0,0,129969,0,0,65387,0,212,65,0,109,0,0,23431,0,65366
166,0,4,0,0,0,0,0,1433170,0,0,0,0,91,65920,0,0,0,0,0,0,0,0,0,0,0,0,0,0,0,0,129971,0,0,65397,0,188,0,64,131,868602,0,0,0,65403
166,0,5,0,0,0,0,0,1433170,0,0,0,0,114,65920,0,0,0,0,0,0,0,0,0,0,0,0,0,0,0,0,129998,0,0,65388,1482,434,0,2,253,0,0,555852,0,65174
166,0,6,0,0,0,0,0,1433170,0,0,0,0,131,65920,0,0,0,0,0,0,0,0,0,0,0,0,0,0,0,0,130097,0,0,65389,0,198,219,0,178,0,0,422876,0,65228
166,0,7,0,0,0,0,0,1433170,0,0,0,0,134,65920,0,0,0,0,0,0,0,0,0,0,0,0,0,0,0,0,65103,0,0,65370,0,268,83,0,301,0,0,187726,0,65242
166,0,8,0,0,0,0,0,1433170,0,0,0,0,132,65920,0,0,0,0,0,0,0,0,0,0,0,0,0,0,0,0,65088,0,0,65370,0,175,0,81,271,1042807,0,0,0,65192
166,0,9,0,0,0,0,0,1433170,0,0,0,0,169,65920,0,0,0,0,0,0,0,0,0,0,0,0,0,0,0,0,65120,0,0,65392,1023,113,0,1,234,0,0,1033812,0,65116
166,0,10,0,0,0,0,0,1433170,0,0,0,0,207,65920,0,0,0,0,0,0,0,0,0,0,0,0,0,0,0,0,65118,0,0,65381,0,228,316,1,443,0,0,688468,0,65194
166,0,11,0,0,0,0,0,1433170,0,0,0,0,201,65920,0,0,0,0,0,0,0,0,0,0,0,0,0,0,0,0,0,0,0,65394,0,45,122,0,484,0,0,313715,0,65121
166,0,12,0,0,0,0,0,1433170,0,0,0,0,171,65920,0,0,0,0,0,0,0,0,0,0,0,0,0,0,0,0,0,0,0,65395,0,0,0,102,277,978242,0,0,0,65210
166,0,13,0,0,0,0,0,1433170,0,0,0,0,201,65920,0,0,0,0,0,0,0,0,0,0,0,0,0,0,0,0,0,0,0,65380,536,0,0,1,419,0,0,664494,0,65210
166,0,14,0,0,0,0,0,1433170,0,0,0,0,205,65920,0,0,0,0,0,0,0,0,0,0,0,0,0,0,0,0,0,0,0,65397,0,0,158,2,308,0,0,296224,0,65204
166,0,15,0,0,0,0,0,1433170,0,0,0,0,41,0,0,0,0,0,0,0,0,0,0,0,0,0,0,0,0,0,0,0,0,0,0,0,39,0,93,0,0,0,0,0
167,0,0,0,0,0,0,0,2877551,0,0,1946,852800,136,0,0,0,0,0,6666,0,0,0,0,0,0,0,0,1946,1946,0,389245,0,1292740,852800,0,669,0,136,284,0,0,0,0,1931252
167,0,1,0,0,0,0,0,1438775,6666,0,0,0,2384,0,0,0,0,0,0,0,0,0,0,0,0,0,0,0,998,0,194614,0,453481,0,0,242,304,537,4032,0,0,136431,0,0
167,0,2,0,0,0,0,0,1438775,0,0,0,0,82,65920,0,0,0,0,0,0,0,0,0,0,0,0,0,0,0,0,194820,0,194643,65386,0,635,145,548,199,0,0,103382,0,65426
167,0,3,0,0,0,0,0,1438775,0,0,0,0,82,65920,0,0,0,0,0,0,0,0,0,0,0,0,0,0,0,0,130003,0,0,65381,0,221,62,0,110,0,0,18339,0,65423
167,0,4,0,0,0,0,0,1438775,0,0,0,0,89,65920,0,0,0,0,0,0,0,0,0,0,0,0,0,0,0,0,129980,0,0,65393,0,195,0,68,131,884166,0,0,0,65419
167,0,5,0,0,0,0,0,1438775,0,0,0,0,107,65920,0,0,0,0,0,0,0,0,0,0,0,0,0,0,0,0,130017,0,0,65391,1471,440,0,1,238,0,0,556497,0,65153
167,0,6,0,0,0,0,0,1438775,0,0,0,0,129,65920,0,0,0,0,0,0,0,0,0,0,0,0,0,0,0,0,130093,0,0,65395,0,207,222,2,176,0,0,401737,0,65228
167,0,7,0,0,0,0,0,1438775,0,0,0,0,138,65920,0,0,0,0,0,0,0,0,0,0,0,0,0,0,0,0,65089,0,0,65372,0,257,77,0,305,0,0,140094,0,65217
167,0,8,0,0,0,0,0,1438775,0,0,0,0,135,65920,0,0,0,0,0,0,0,0,0,0,0,0,0,0,0,0,65097,0,0,65377,0,174,0,78,270,1069880,0,0,0,65209
167,0,9,0,0,0,0,0,1438775,0,0,0,0,171,65920,0,0,0,0,0,0,0,0,0,0,0,0,0,0,0,0,65081,0,0,65391,1041,112,0,1,235,0,0,1092573,0,65050
167,0,10,0,0,0,0,0,1438775,0,0,0,0,211,65920,0,0,0,0,0,0,0,0,0,0,0,0,0,0,0,0,65104,0,0,65394,0,234,320,2,436,0,0,717152,0,65262
167,0,11,0,0,0,0,0,1438775,0,0,0,0,208,65920,0,0,0,0,0,0,0,0,0,0,0,0,0,0,0,0,0,0,0,65397,0,46,117,0,482,0,0,319944,0,65181
167,0,12,0,0,0,0,0,1438775,0,0,0,0,175,65920,0,0,0,0,0,0,0,0,0,0,0,0,0,0,0,0,0,0,0,65396,0,0,0,100,284,985106,0,0,0,65148
167,0,13,0,0,0,0,0,1438775,0,0,0,0,205,65920,0,0,0,0,0,0,0,0,0,0,0,0,0,0,0,0,0,0,0,65399,527,0,0,1,424,0,0,684161,0,65152
167,0,14,0,0,0,0,0,1438775,0,0,0,0,197,65920,0,0,0,0,0,0,0,0,0,0,0,0,0,0,0,0,0,0,0,65396,0,0,169,1,296,0,0,301712,0,65183
167,0,15,0,0,0,0,0,1438775,0,0,0,0,41,0,0,0,0,0,0,0,0,0,0,0,0,0,0,0,0,0,0,0,0,0,0,0,39,0,93,0,0,0,0,0
168,0,0,0,0,0,0,0,2853243,0,0,1946,852800,136,0,0,0,0,0,6669,0,0,0,0,0,0,0,0,1946,1946,0,389227,0,1292142,852800,0,669,0,136,284,0,0,0,0,1900502
168,0,1,0,0,0,0,0,1426621,6669,0,0,0,2399,0,0,0,0,0,0,0,0,0,0,0,0,0,0,0,999,0,194694,0,453117,0,0,253,296,519,4060,0,0,134013,0,0
168,0,2,0,0,0,0,0,1426621,0,0,0,0,92,65920,0,0,0,0,0,0,0,0,0,0,0,0,0,0,0,0,194651,0,194616,65390,0,643,144,557,212,0,0,99881,0,65499
168,0,3,0,0,0,0,0,1426621,0,0,0,0,89,65920,0,0,0,0,0,0,0,0,0,0,0,0,0,0,0,0,129983,0,0,65373,0,215,57,0,118,0,0,25272,0,65407
168,0,4,0,0,0,0,0,1426621,0,0,0,0,90,65920,0,0,0,0,0,0,0,0,0,0,0,0,0,0,0,0,129978,0,0,65385,0,185,0,67,134,868842,0,0,0,65366
168,0,5,0,0,0,0,0,1426621,0,0,0,0,106,65920,0,0,0,0,0,0,0,0,0,0,0,0,0,0,0,0,130028,0,0,65389,1459,429,0,2,235,0,0,589375,0,65082
168,0,6,0,0,0,0,0,1426621,0,0,0,0,129,65920,0,0,0,0,0,0,0,0,0,0,0,0,0,0,0,0,129993,0,0,65382,0,197,218,0,174,0,0,435344,0,65235
168,0,7,0,0,0,0,0,1426621,0,0,0,0,133,65920,0,0,0,0,0,0,0,0,0,0,0,0,0,0,0,0,65115,0,0,65365,0,263,84,0,304,0,0,189250,0,65188
168,0,8,0,0,0,0,0,1426621,0,0,0,0,135,65920,0,0,0,0,0,0,0,0,0,0,0,0,0,0,0,0,65100,0,0,65378,0,182,0,80,272,1041257,0,0,0,65232
168,0,9,0,0,0,0,0,1426621,0,0,0,0,162,65920,0,0,0,0,0,0,0,0,0,0,0,0,0,0,0,0,65103,0,0,65394,1054,120,0,1,227,0,0,1059198,0,65146
168,0,10,0,0,0,0,0,1426621,0,0,0,0,205,65920,0,0,0,0,0,0,0,0,0,0,0,0,0,0,0,0,65075,0,0,65394,0,239,316,1,431,0,0,701543,0,65164
168,0,11,0,0,0,0,0,1426621,0,0,0,0,199,65920,0,0,0,0,0,0,0,0,0,0,0,0,0,0,0,0,0,0,0,65398,0,45,126,0,509,0,0,313049,0,65159
168,0,12,0,0,0,0,0,1426621,0,0,0,0,166,65920,0,0,0,0,0,0,0,0,0,0,0,0,0,0,0,0,0,0,0,65392,0,0,0,107,265,957728,0,0,0,65205
168,0,13,0,0,0,0,0,1426621,0,0,0,0,215,65920,0,0,0,0,0,0,0,0,0,0,0,0,0,0,0,0,0,0,0,65394,519,0,0,1,426,0,0,665797,0,65319
168,0,14,0,0,0,0,0,1426621,0,0,0,0,207,65920,0,0,0,0,0,0,0,0,0,0,0,0,0,0,0,0,0,0,0,65394,0,0,156,2,299,0,0,305372,0,65119
168,0,15,0,0,0,0,0,1426621,0,0,0,0,41,0,0,0,0,0,0,0,0,0,0,0,0,0,0,0,0,0,0,0,0,0,0,0,39,0,93,0,0,0,0,0
169,0,0,0,0,0,0,0,365926,0,0,66,65552,136,0,0,0,0,0,3774,0,0,0,0,0,0,0,0,66,66,0,0,0,130735,65552,0,294,0,136,284,0,0,0,0,65632
169,0,1,0,0,0,0,0,182963,3774,0,0,0,1131,0,0,0,0,0,0,0,0,0,0,0,0,0,0,0,17,0,0,0,65438,0,0,79,173,192,1905,0,0,65632,0,0
169,0,2,0,0,0,0,0,182963,0,0,0,0,91,65632,0,0,0,0,0,0,0,0,0,0,0,0,0,0,0,0,0,0,0,65489,0,246,112,276,217,0,0,0,0,65632
169,0,3,0,0,0,0,0,182963,0,0,0,0,47,0,0,0,0,0,0,0,0,0,0,0,0,0,0,0,0,0,0,0,0,0,0,97,45,0,55,0,0,0,0,0
169,0,4,0,0,0,0,0,182963,0,0,0,0,47,0,0,0,0,0,0,0,0,0,0,0,0,0,0,0,0,0,0,0,0,0,0,87,0,45,66,0,0,0,0,0
169,0,5,0,0,0,0,0,182963,0,0,0,0,47,0,0,0,0,0,0,0,0,0,0,0,0,0,0,0,0,0,0,0,0,0,522,150,0,0,112,0,0,0,0,0
169,0,6,0,0,0,0,0,182963,0,0,0,0,47,0,0,0,0,0,0,0,0,0,0,0,0,0,0,0,0,0,0,0,0,0,0,43,98,0,52,0,0,0,0,0
169,0,7,0,0,0,0,0,182963,0,0,0,0,53,0,0,0,0,0,0,0,0,0,0,0,0,0,0,0,0,0,0,0,0,0,0,99,39,0,140,0,0,0,0,0
169,0,8,0,0,0,0,0,182963,0,0,0,0,53,0,0,0,0,0,0,0,0,0,0,0,0,0,0,0,0,0,0,0,0,0,0,52,0,39,110,0,0,0,0,0
169,0,9,0,0,0,0,0,182963,0,0,0,0,47,0,0,0,0,0,0,0,0,0,0,0,0,0,0,0,0,0,0,0,0,0,380,40,0,0,53,0,0,0,0,0
169,0,10,0,0,0,0,0,182963,0,0,0,0,53,0,0,0,0,0,0,0,0,0,0,0,0,0,0,0,0,0,0,0,0,0,0,82,86,0,124,0,0,0,0,0
169,0,11,0,0,0,0,0,182963,0,0,0,0,47,0,0,0,0,0,0,0,0,0,0,0,0,0,0,0,0,0,0,0,0,0,0,40,45,0,147,0,0,0,0,0
169,0,12,0,0,0,0,0,182963,0,0,0,0,47,0,0,0,0,0,0,0,0,0,0,0,0,0,0,0,0,0,0,0,0,0,0,0,0,45,93,0,0,0,0,0
169,0,13,0,0,0,0,0,182963,0,0,0,0,53,0,0,0,0,0,0,0,0,0,0,0,0,0,0,0,0,0,0,0,0,0,172,0,0,0,111,0,0,0,0,0
169,0,14,0,0,0,0,0,182963,0,0,0,0,47,0,0,0,0,0,0,0,0,0,0,0,0,0,0,0,0,0,0,0,0,0,0,0,86,0,63,0,0,0,0,0
169,0,15,0,0,0,0,0,182963,0,0,0,0,41,0,0,0,0,0,0,0,0,0,0,0,0,0,0,0,0,0,0,0,0,0,0,0,39,0,88,0,0,0,0,0
170,0,0,0,0,0,0,0,365901,0,0,66,65552,136,0,0,0,0,0,3777,0,0,0,0,0,0,0,0,66,66,0,0,0,130734,65552,0,294,0,136,284,0,0,0,0,65632
170,0,1,0,0,0,0,0,182951,3777,0,0,0,1137,0,0,0,0,0,0,0,0,0,0,0,0,0,0,0,15,0,0,0,65436,0,0,78,172,188,1911,0,0,65632,0,0
170,0,2,0,0,0,0,0,182951,0,0,0,0,94,65632,0,0,0,0,0,0,0,0,0,0,0,0,0,0,0,0,0,0,0,65490,0,250,109,274,222,0,0,0,0,65632
170,0,3,0,0,0,0,0,182951,0,0,0,0,47,0,0,0,0,0,0,0,0,0,0,0,0,0,0,0,0,0,0,0,0,0,0,99,45,0,55,0,0,0,0,0
170,0,4,0,0,0,0,0,182951,0,0,0,0,50,0,0,0,0,0,0,0,0,0,0,0,0,0,0,0,0,0,0,0,0,0,0,87,0,42,67,0,0,0,0,0
170,0,5,0,0,0,0,0,182951,0,0,0,0,50,0,0,0,0,0,0,0,0,0,0,0,0,0,0,0,0,0,0,0,0,0,525,150,0,0,116,0,0,0,0,0
170,0,6,0,0,0,0,0,182951,0,0,0,0,50,0,0,0,0,0,0,0,0,0,0,0,0,0,0,0,0,0,0,0,0,0,0,39,95,0,55,0,0,0,0,0
170,0,7,0,0,0,0,0,182951,0,0,0,0,53,0,0,0,0,0,0,0,0,0,0,0,0,0,0,0,0,0,0,0,0,0,0,99,39,0,138,0,0,0,0,0
170,0,8,0,0,0,0,0,182951,0,0,0,0,56,0,0,0,0,0,0,0,0,0,0,0,0,0,0,0,0,0,0,0,0,0,0,52,0,36,113,0,0,0,0,0
170,0,9,0,0,0,0,0,182951,0,0,0,0,50,0,0,0,0,0,0,0,0,0,0,0,0,0,0,0,0,0,0,0,0,0,380,40,0,0,56,0,0,0,0,0
170,0,10,0,0,0,0,0,182951,0,0,0,0,56,0,0,0,0,0,0,0,0,0,0,0,0,0,0,0,0,0,0,0,0,0,0,86,86,0,127,0,0,0,0,0
170,0,11,0,0,0,0,0,182951,0,0,0,0,50,0,0,0,0,0,0,0,0,0,0,0,0,0,0,0,0,0,0,0,0,0,0,40,42,0,4294967222,0,0,0,0,0
170,0,12,0,0,0,0,0,182951,0,0,0,0,50,0,0,0,0,0,0,0,0,0,0,0,0,0,0,0,0,0,0,0,0,0,0,0,0,42,96,0,0,0,0,0
170,0,13,0,0,0,0,0,182951,0,0,0,0,56,0,0,0,0,0,0,0,0,0,0,0,0,0,0,0,0,0,0,0,0,0,172,0,0,0,114,0,0,0,0,0
170,0,14,0,0,0,0,0,182951,0,0,0,0,50,0,0,0,0,0,0,0,0,0,0,0,0,0,0,0,0,0,0,0,0,0,0,0,86,0,62,0,0,0,0,0
170,0,15,0,0,0,0,0,182951,0,0,0,0,44,0,0,0,0,0,0,0,0,0,0,0,0,0,0,0,0,0,0,0,0,0,0,0,36,0,91,0,0,0,0,0
171,0,0,0,0,0,0,0,365869,0,0,66,65552,136,0,0,0,0,0,3777,0,0,0,0,0,0,0,0,66,66,0,0,0,130714,65552,0,294,0,136,284,0,0,0,0,65632
171,0,1,0,0,0,0,0,182935,3777,0,0,0,1132,0,0,0,0,0,0,0,0,0,0,0,0,0,0,0,18,0,0,0,65433,0,0,78,172,193,1901,0,0,65632,0,0
171,0,2,0,0,0,0,0,182935,0,0,0,0,89,65632,0,0,0,0,0,0,0,0,0,0,0,0,0,0,0,0,0,0,0,65485,0,250,114,274,212,0,0,0,0,65632
171,0,3,0,0,0,0,0,182935,0,0,0,0,47,0,0,0,0,0,0,0,0,0,0,0,0,0,0,0,0,0,0,0,0,0,0,99,45,0,55,0,0,0,0,0
171,0,4,0,0,0,0,0,182935,0,0,0,0,50,0,0,0,0,0,0,0,0,0,0,0,0,0,0,0,0,0,0,0,0,0,0,87,0,42,67,0,0,0,0,0
171,0,5,0,0,0,0,0,182935,0,0,0,0,50,0,0,0,0,0,0,0,0,0,0,0,0,0,0,0,0,0,0,0,0,0,525,150,0,0,116,0,0,0,0,0
171,0,6,0,0,0,0,0,182935,0,0,0,0,50,0,0,0,0,0,0,0,0,0,0,0,0,0,0,0,0,0,0,0,0,0,0,39,95,0,55,0,0,0,0,0
171,0,7,0,0,0,0,0,182935,0,0,0,0,53,0,0,0,0,0,0,0,0,0,0,0,0,0,0,0,0,0,0,0,0,0,0,99,39,0,138,0,0,0,0,0
171,0,8,0,0,0,0,0,182935,0,0,0,0,56,0,0,0,0,0,0,0,0,0,0,0,0,0,0,0,0,0,0,0,0,0,0,52,0,36,113,0,0,0,0,0
171,0,9,0,0,0,0,0,182935,0,0,0,0,50,0,0,0,0,0,0,0,0,0,0,0,0,0,0,0,0,0,0,0,0,0,380,40,0,0,56,0,0,0,0,0
171,0,10,0,0,0,0,0,182935,0,0,0,0,56,0,0,0,0,0,0,0,0,0,0,0,0,0,0,0,0,0,0,0,0,0,0,86,86,0,127,0,0,0,0,0
171,0,11,0,0,0,0,0,182935,0,0,0,0,50,0,0,0,0,0,0,0,0,0,0,0,0,0,0,0,0,0,0,0,0,0,0,40,42,0,118,0,0,0,0,0
171,0,12,0,0,0,0,0,182935,0,0,0,0,50,0,0,0,0,0,0,0,0,0,0,0,0,0,0,0,0,0,0,0,0,0,0,0,0,42,96,0,0,0,0,0
171,0,13,0,0,0,0,0,182935,0,0,0,0,56,0,0,0,0,0,0,0,0,0,0,0,0,0,0,0,0,0,0,0,0,0,172,0,0,0,114,0,0,0,0,0
171,0,14,0,0,0,0,0,182935,0,0,0,0,50,0,0,0,0,0,0,0,0,0,0,0,0,0,0,0,0,0,0,0,0,0,0,0,86,0,62,0,0,0,0,0
171,0,15,0,0,0,0,0,182935,0,0,0,0,44,0,0,0,0,0,0,0,0,0,0,0,0,0,0,0,0,0,0,0,0,0,0,0,36,0,91,0,0,0,0,0
172,0,0,0,0,0,0,0,625476,0,0,130,131104,136,0,0,0,0,0,3879,0,0,0,0,0,0,0,0,130,130,0,0,0,261334,131104,0,294,0,136,284,0,0,0,0,252192
172,0,1,0,0,0,0,0,312738,3879,0,0,0,1168,0,0,0,0,0,0,0,0,0,0,0,0,0,0,0,63,0,0,0,130810,0,0,78,172,222,1956,0,0,65751,0,0
172,0,2,0,0,0,0,0,312738,0,0,0,0,84,65632,0,0,0,0,0,0,0,0,0,0,0,0,0,0,0,0,0,0,65410,65485,0,250,157,312,204,0,0,65578,0,65561
172,0,3,0,0,0,0,0,312738,0,0,0,0,87,65632,0,0,0,0,0,0,0,0,0,0,0,0,0,0,0,0,0,0,0,65503,0,100,70,0,123,0,0,112,0,65568
172,0,4,0,0,0,0,0,312738,0,0,0,0,50,0,0,0,0,0,0,0,0,0,0,0,0,0,0,0,0,0,0,0,0,0,0,87,0,42,67,0,0,0,0,0
172,0,5,0,0,0,0,0,312738,0,0,0,0,50,0,0,0,0,0,0,0,0,0,0,0,0,0,0,0,0,0,0,0,0,0,525,150,0,0,116,0,0,0,0,0
172,0,6,0,0,0,0,0,312738,0,0,0,0,50,0,0,0,0,0,0,0,0,0,0,0,0,0,0,0,0,0,0,0,0,0,0,39,95,0,55,0,0,0,0,0
172,0,7,0,0,0,0,0,312738,0,0,0,0,53,0,0,0,0,0,0,0,0,0,0,0,0,0,0,0,0,0,0,0,0,0,0,99,39,0,138,0,0,0,0,0
172,0,8,0,0,0,0,0,312738,0,0,0,0,56,0,0,0,0,0,0,0,0,0,0,0,0,0,0,0,0,0,0,0,0,0,0,52,0,36,113,0,0,0,0,0
172,0,9,0,0,0,0,0,312738,0,0,0,0,50,0,0,0,0,0,0,0,0,0,0,0,0,0,0,0,0,0,0,0,0,0,380,40,0,0,56,0,0,0,0,0
172,0,10,0,0,0,0,0,312738,0,0,0,0,56,0,0,0,0,0,0,0,0,0,0,0,0,0,0,0,0,0,0,0,0,0,0,86,86,0,127,0,0,0,0,0
172,0,11,0,0,0,0,0,312738,0,0,0,0,50,0,0,0,0,0,0,0,0,0,0,0,0,0,0,0,0,0,0,0,0,0,0,41,42,0,118,0,0,0,0,0
172,0,12,0,0,0,0,0,312738,0,0,0,0,50,0,0,0,0,0,0,0,0,0,0,0,0,0,0,0,0,0,0,0,0,0,0,0,0,42,96,0,0,0,0,0
172,0,13,0,0,0,0,0,312738,0,0,0,0,56,0,0,0,0,0,0,0,0,0,0,0,0,0,0,0,0,0,0,0,0,0,172,0,0,0,114,0,0,0,0,0
172,0,14,0,0,0,0,0,312738,0,0,0,0,50,0,0,0,0,0,0,0,0,0,0,0,0,0,0,0,0,0,0,0,0,0,0,0,86,0,62,0,0,0,0,0
172,0,15,0,0,0,0,0,312738,0,0,0,0,44,0,0,0,0,0,0,0,0,0,0,0,0,0,0,0,0,0,0,0,0,0,0,0,36,0,91,0,0,0,0,0
173,0,0,0,0,0,0,0,625463,0,0,130,131104,136,0,0,0,0,0,3879,0,0,0,0,0,0,0,0,130,130,0,0,0,261335,131104,0,294,0,136,284,0,0,0,0,252187
173,0,1,0,0,0,0,0,312732,3879,0,0,0,1175,0,0,0,0,0,0,0,0,0,0,0,0,0,0,0,63,0,0,0,130808,0,0,78,172,215,1959,0,0,65751,0,0
173,0,2,0,0,0,0,0,312732,0,0,0,0,85,65632,0,0,0,0,0,0,0,0,0,0,0,0,0,0,0,0,0,0,65412,65485,0,250,161,319,206,0,0,65576,0,65567
173,0,3,0,0,0,0,0,312732,0,0,0,0,93,65632,0,0,0,0,0,0,0,0,0,0,0,0,0,0,0,0,0,0,0,65502,0,99,64,0,123,0,0,111,0,65568
173,0,4,0,0,0,0,0,312732,0,0,0,0,50,0,0,0,0,0,0,0,0,0,0,0,0,0,0,0,0,0,0,0,0,0,0,87,0,42,67,0,0,0,0,0
173,0,5,0,0,0,0,0,312732,0,0,0,0,50,0,0,0,0,0,0,0,0,0,0,0,0,0,0,0,0,0,0,0,0,0,525,150,0,0,116,0,0,0,0,0
173,0,6,0,0,0,0,0,312732,0,0,0,0,50,0,0,0,0,0,0,0,0,0,0,0,0,0,0,0,0,0,0,0,0,0,0,39,95,0,55,0,0,0,0,0
173,0,7,0,0,0,0,0,312732,0,0,0,0,53,0,0,0,0,0,0,0,0,0,0,0,0,0,0,0,0,0,0,0,0,0,0,100,39,0,138,0,0,0,0,0
173,0,8,0,0,0,0,0,312732,0,0,0,0,56,0,0,0,0,0,0,0,0,0,0,0,0,0,0,0,0,0,0,0,0,0,0,52,0,36,113,0,0,0,0,0
173,0,9,0,0,0,0,0,312732,0,0,0,0,50,0,0,0,0,0,0,0,0,0,0,0,0,0,0,0,0,0,0,0,0,0,380,40,0,0,56,0,0,0,0,0
173,0,10,0,0,0,0,0,312732,0,0,0,0,56,0,0,0,0,0,0,0,0,0,0,0,0,0,0,0,0,0,0,0,0,0,0,86,86,0,127,0,0,0,0,0
173,0,11,0,0,0,0,0,312732,0,0,0,0,50,0,0,0,0,0,0,0,0,0,0,0,0,0,0,0,0,0,0,0,0,0,0,40,42,0,150,0,0,0,0,0
173,0,12,0,0,0,0,0,312732,0,0,0,0,50,0,0,0,0,0,0,0,0,0,0,0,0,0,0,0,0,0,0,0,0,0,0,0,0,42,96,0,0,0,0,0
173,0,13,0,0,0,0,0,312732,0,0,0,0,56,0,0,0,0,0,0,0,0,0,0,0,0,0,0,0,0,0,0,0,0,0,172,0,0,0,114,0,0,0,0,0
173,0,14,0,0,0,0,0,312732,0,0,0,0,50,0,0,0,0,0,0,0,0,0,0,0,0,0,0,0,0,0,0,0,0,0,0,0,86,0,62,0,0,0,0,0
173,0,15,0,0,0,0,0,312732,0,0,0,0,44,0,0,0,0,0,0,0,0,0,0,0,0,0,0,0,0,0,0,0,0,0,0,0,36,0,92,0,0,0,0,0
174,0,0,0,0,0,0,0,625430,0,0,130,131104,136,0,0,0,0,0,3876,0,0,0,0,0,0,0,0,130,130,0,0,0,261343,131104,0,294,0,136,284,0,0,0,0,252071
174,0,1,0,0,0,0,0,312715,3876,0,0,0,1169,0,0,0,0,0,0,0,0,0,0,0,0,0,0,0,62,0,0,0,130813,0,0,79,173,219,1955,0,0,65736,0,0
174,0,2,0,0,0,0,0,312715,0,0,0,0,83,65632,0,0,0,0,0,0,0,0,0,0,0,0,0,0,0,0,0,0,65412,65488,0,246,162,313,209,0,0,65580,0,65569
174,0,3,0,0,0,0,0,312715,0,0,0,0,91,65632,0,0,0,0,0,0,0,0,0,0,0,0,0,0,0,0,0,0,0,65502,0,98,66,0,128,0,0,104,0,65572
174,0,4,0,0,0,0,0,312715,0,0,0,0,47,0,0,0,0,0,0,0,0,0,0,0,0,0,0,0,0,0,0,0,0,0,0,87,0,45,66,0,0,0,0,0
174,0,5,0,0,0,0,0,312715,0,0,0,0,47,0,0,0,0,0,0,0,0,0,0,0,0,0,0,0,0,0,0,0,0,0,522,150,0,0,112,0,0,0,0,0
174,0,6,0,0,0,0,0,312715,0,0,0,0,47,0,0,0,0,0,0,0,0,0,0,0,0,0,0,0,0,0,0,0,0,0,0,43,98,0,52,0,0,0,0,0
174,0,7,0,0,0,0,0,312715,0,0,0,0,53,0,0,0,0,0,0,0,0,0,0,0,0,0,0,0,0,0,0,0,0,0,0,99,39,0,140,0,0,0,0,0
174,0,8,0,0,0,0,0,312715,0,0,0,0,53,0,0,0,0,0,0,0,0,0,0,0,0,0,0,0,0,0,0,0,0,0,0,52,0,39,110,0,0,0,0,0
174,0,9,0,0,0,0,0,312715,0,0,0,0,47,0,0,0,0,0,0,0,0,0,0,0,0,0,0,0,0,0,0,0,0,0,380,40,0,0,53,0,0,0,0,0
174,0,10,0,0,0,0,0,312715,0,0,0,0,53,0,0,0,0,0,0,0,0,0,0,0,0,0,0,0,0,0,0,0,0,0,0,82,86,0,124,0,0,0,0,0
174,0,11,0,0,0,0,0,312715,0,0,0,0,47,0,0,0,0,0,0,0,0,0,0,0,0,0,0,0,0,0,0,0,0,0,0,41,45,0,147,0,0,0,0,0
174,0,12,0,0,0,0,0,312715,0,0,0,0,47,0,0,0,0,0,0,0,0,0,0,0,0,0,0,0,0,0,0,0,0,0,0,0,0,45,93,0,0,0,0,0
174,0,13,0,0,0,0,0,312715,0,0,0,0,53,0,0,0,0,0,0,0,0,0,0,0,0,0,0,0,0,0,0,0,0,0,172,0,0,0,111,0,0,0,0,0
174,0,14,0,0,0,0,0,312715,0,0,0,0,47,0,0,0,0,0,0,0,0,0,0,0,0,0,0,0,0,0,0,0,0,0,0,0,86,0,63,0,0,0,0,0
174,0,15,0,0,0,0,0,312715,0,0,0,0,41,0,0,0,0,0,0,0,0,0,0,0,0,0,0,0,0,0,0,0,0,0,0,0,39,0,88,0,0,0,0,0
175,0,0,0,0,0,0,0,1148594,0,0,258,262208,136,0,0,0,0,0,4083,0,0,0,0,0,0,0,0,258,258,0,130863,0,392046,262208,0,361,0,136,284,0,0,0,0,762880
175,0,1,0,0,0,0,0,574297,4083,0,0,0,1266,0,0,0,0,0,0,0,0,0,0,0,0,0,0,0,132,0,65408,0,130799,0,0,99,189,216,2117,0,0,303420,0,0
175,0,2,0,0,0,0,0,574297,0,0,0,0,89,65632,0,0,0,0,0,0,0,0,0,0,0,0,0,0,0,0,0,0,65438,65489,0,250,150,311,213,0,0,192403,0,65508
175,0,3,0,0,0,0,0,574297,0,0,0,0,88,65632,0,0,0,0,0,0,0,0,0,0,0,0,0,0,0,0,0,0,0,65489,0,99,67,0,124,0,0,119008,0,65473
175,0,4,0,0,0,0,0,574297,0,0,0,0,97,65632,0,0,0,0,0,0,0,0,0,0,0,0,0,0,0,0,0,0,0,65488,0,87,0,60,132,253492,0,0,0,65532
175,0,5,0,0,0,0,0,574297,0,0,0,0,93,65632,0,0,0,0,0,0,0,0,0,0,0,0,0,0,0,0,0,0,0,65500,593,150,0,1,205,0,0,61562,0,65501
175,0,6,0,0,0,0,0,574297,0,0,0,0,50,0,0,0,0,0,0,0,0,0,0,0,0,0,0,0,0,0,0,0,0,0,0,39,95,1,55,0,0,0,0,0
175,0,7,0,0,0,0,0,574297,0,0,0,0,53,0,0,0,0,0,0,0,0,0,0,0,0,0,0,0,0,0,0,0,0,0,0,101,39,0,138,0,0,0,0,0
175,0,8,0,0,0,0,0,574297,0,0,0,0,56,0,0,0,0,0,0,0,0,0,0,0,0,0,0,0,0,0,0,0,0,0,0,52,0,36,113,0,0,0,0,0
175,0,9,0,0,0,0,0,574297,0,0,0,0,50,0,0,0,0,0,0,0,0,0,0,0,0,0,0,0,0,0,0,0,0,0,380,40,0,0,56,0,0,0,0,0
175,0,10,0,0,0,0,0,574297,0,0,0,0,56,0,0,0,0,0,0,0,0,0,0,0,0,0,0,0,0,0,0,0,0,0,0,86,86,0,127,0,0,0,0,0
175,0,11,0,0,0,0,0,574297,0,0,0,0,50,0,0,0,0,0,0,0,0,0,0,0,0,0,0,0,0,0,0,0,0,0,0,41,42,0,118,0,0,0,0,0
175,0,12,0,0,0,0,0,574297,0,0,0,0,50,0,0,0,0,0,0,0,0,0,0,0,0,0,0,0,0,0,0,0,0,0,0,0,0,42,96,0,0,0,0,0
175,0,13,0,0,0,0,0,574297,0,0,0,0,56,0,0,0,0,0,0,0,0,0,0,0,0,0,0,0,0,0,0,0,0,0,172,0,0,0,114,0,0,0,0,0
175,0,14,0,0,0,0,0,574297,0,0,0,0,50,0,0,0,0,0,0,0,0,0,0,0,0,0,0,0,0,0,0,0,0,0,0,0,86,0,62,0,0,0,0,0
175,0,15,0,0,0,0,0,574297,0,0,0,0,44,0,0,0,0,0,0,0,0,0,0,0,0,0,0,0,0,0,0,0,0,0,0,0,36,0,93,0,0,0,0,0
176,0,0,0,0,0,0,0,1148659,0,0,258,262208,136,0,0,0,0,0,4080,0,0,0,0,0,0,0,0,258,258,0,130863,0,392060,262208,0,361,0,136,284,0,0,0,0,762925
176,0,1,0,0,0,0,0,574329,4080,0,0,0,1260,0,0,0,0,0,0,0,0,0,0,0,0,0,0,0,125,0,65410,0,130800,0,0,96,195,219,2104,0,0,303400,0,0
176,0,2,0,0,0,0,0,574329,0,0,0,0,88,65632,0,0,0,0,0,0,0,0,0,0,0,0,0,0,0,0,0,0,65434,65489,0,246,153,314,209,0,0,204697,0,65506
176,0,3,0,0,0,0,0,574329,0,0,0,0,89,65632,0,0,0,0,0,0,0,0,0,0,0,0,0,0,0,0,0,0,0,65491,0,98,66,0,123,0,0,119007,0,65477
176,0,4,0,0,0,0,0,574329,0,0,0,0,97,65632,0,0,0,0,0,0,0,0,0,0,0,0,0,0,0,0,0,0,0,65488,0,87,0,60,138,253513,0,0,0,65530
176,0,5,0,0,0,0,0,574329,0,0,0,0,85,65632,0,0,0,0,0,0,0,0,0,0,0,0,0,0,0,0,0,0,0,65503,597,150,0,2,200,0,0,61564,0,65500
176,0,6,0,0,0,0,0,574329,0,0,0,0,47,0,0,0,0,0,0,0,0,0,0,0,0,0,0,0,0,0,0,0,0,0,0,43,98,0,52,0,0,0,0,0
176,0,7,0,0,0,0,0,574329,0,0,0,0,53,0,0,0,0,0,0,0,0,0,0,0,0,0,0,0,0,0,0,0,0,0,0,101,39,0,140,0,0,0,0,0
176,0,8,0,0,0,0,0,574329,0,0,0,0,53,0,0,0,0,0,0,0,0,0,0,0,0,0,0,0,0,0,0,0,0,0,0,52,0,39,110,0,0,0,0,0
176,0,9,0,0,0,0,0,574329,0,0,0,0,47,0,0,0,0,0,0,0,0,0,0,0,0,0,0,0,0,0,0,0,0,0,380,40,0,0,53,0,0,0,0,0
176,0,10,0,0,0,0,0,574329,0,0,0,0,53,0,0,0,0,0,0,0,0,0,0,0,0,0,0,0,0,0,0,0,0,0,0,82,86,0,124,0,0,0,0,0
176,0,11,0,0,0,0,0,574329,0,0,0,0,47,0,0,0,0,0,0,0,0,0,0,0,0,0,0,0,0,0,0,0,0,0,0,41,45,0,131,0,0,0,0,0
176,0,12,0,0,0,0,0,574329,0,0,0,0,47,0,0,0,0,0,0,0,0,0,0,0,0,0,0,0,0,0,0,0,0,0,0,0,0,45,93,0,0,0,0,0
176,0,13,0,0,0,0,0,574329,0,0,0,0,53,0,0,0,0,0,0,0,0,0,0,0,0,0,0,0,0,0,0,0,0,0,172,0,0,0,111,0,0,0,0,0
176,0,14,0,0,0,0,0,574329,0,0,0,0,47,0,0,0,0,0,0,0,0,0,0,0,0,0,0,0,0,0,0,0,0,0,0,0,86,0,63,0,0,0,0,0
176,0,15,0,0,0,0,0,574329,0,0,0,0,41,0,0,0,0,0,0,0,0,0,0,0,0,0,0,0,0,0,0,0,0,0,0,0,39,0,90,0,0,0,0,0
177,0,0,0,0,0,0,0,1148595,0,0,258,262208,136,0,0,0,0,0,4083,0,0,0,0,0,0,0,0,258,258,0,130860,0,392047,262208,0,361,0,136,284,0,0,0,0,762877
177,0,1,0,0,0,0,0,574298,4083,0,0,0,1262,0,0,0,0,0,0,0,0,0,0,0,0,0,0,0,135,0,65412,0,130797,0,0,99,190,219,2106,0,0,303377,0,0
177,0,2,0,0,0,0,0,574298,0,0,0,0,90,65632,0,0,0,0,0,0,0,0,0,0,0,0,0,0,0,0,0,0,65424,65488,0,250,153,307,214,0,0,188302,0,65505
177,0,3,0,0,0,0,0,574298,0,0,0,0,91,65632,0,0,0,0,0,0,0,0,0,0,0,0,0,0,0,0,0,0,0,65489,0,100,64,0,130,0,0,118995,0,65470
177,0,4,0,0,0,0,0,574298,0,0,0,0,100,65632,0,0,0,0,0,0,0,0,0,0,0,0,0,0,0,0,0,0,0,65490,0,87,0,57,136,253520,0,0,0,65530
177,0,5,0,0,0,0,0,574298,0,0,0,0,91,65632,0,0,0,0,0,0,0,0,0,0,0,0,0,0,0,0,0,0,0,65502,597,150,0,2,203,0,0,61584,0,65503
177,0,6,0,0,0,0,0,574298,0,0,0,0,50,0,0,0,0,0,0,0,0,0,0,0,0,0,0,0,0,0,0,0,0,0,0,39,95,0,55,0,0,0,0,0
177,0,7,0,0,0,0,0,574298,0,0,0,0,53,0,0,0,0,0,0,0,0,0,0,0,0,0,0,0,0,0,0,0,0,0,0,101,39,0,138,0,0,0,0,0
177,0,8,0,0,0,0,0,574298,0,0,0,0,56,0,0,0,0,0,0,0,0,0,0,0,0,0,0,0,0,0,0,0,0,0,0,52,0,36,113,0,0,0,0,0
177,0,9,0,0,0,0,0,574298,0,0,0,0,50,0,0,0,0,0,0,0,0,0,0,0,0,0,0,0,0,0,0,0,0,0,380,40,0,0,56,0,0,0,0,0
177,0,10,0,0,0,0,0,574298,0,0,0,0,56,0,0,0,0,0,0,0,0,0,0,0,0,0,0,0,0,0,0,0,0,0,0,86,86,0,127,0,0,0,0,0
177,0,11,0,0,0,0,0,574298,0,0,0,0,50,0,0,0,0,0,0,0,0,0,0,0,0,0,0,0,0,0,0,0,0,0,0,41,42,0,4006,0,0,0,0,0
177,0,12,0,0,0,0,0,574298,0,0,0,0,50,0,0,0,0,0,0,0,0,0,0,0,0,0,0,0,0,0,0,0,0,0,0,0,0,42,96,0,0,0,0,0
177,0,13,0,0,0,0,0,574298,0,0,0,0,56,0,0,0,0,0,0,0,0,0,0,0,0,0,0,0,0,0,0,0,0,0,172,0,0,0,114,0,0,0,0,0
177,0,14,0,0,0,0,0,574298,0,0,0,0,50,0,0,0,0,0,0,0,0,0,0,0,0,0,0,0,0,0,0,0,0,0,0,0,86,0,62,0,0,0,0,0
177,0,15,0,0,0,0,0,574298,0,0,0,0,44,0,0,0,0,0,0,0,0,0,0,0,0,0,0,0,0,0,0,0,0,0,0,0,36,0,93,0,0,0,0,0
178,0,0,0,0,0,0,0,1672059,0,0,388,393312,136,0,0,0,0,0,4290,0,0,0,0,0,0,0,0,388,388,0,130852,0,653146,393312,0,345,0,136,284,0,0,0,0,1040027
178,0,1,0,0,0,0,0,836030,4290,0,0,0,1347,0,0,0,0,0,0,0,0,0,0,0,0,0,0,0,192,0,65428,0,261463,0,0,103,190,262,2270,0,0,208957,0,0
178,0,2,0,0,0,0,0,836030,0,0,0,0,76,65632,0,0,0,0,0,0,0,0,0,0,0,0,0,0,0,0,65421,0,130773,65494,0,308,135,366,186,0,0,192251,0,65496
178,0,3,0,0,0,0,0,836030,0,0,0,0,75,65632,0,0,0,0,0,0,0,0,0,0,0,0,0,0,0,0,65418,0,0,65502,0,128,64,0,100,0,0,77917,0,65516
178,0,4,0,0,0,0,0,836030,0,0,0,0,79,65632,0,0,0,0,0,0,0,0,0,0,0,0,0,0,0,0,0,0,0,65501,0,87,0,62,116,507569,0,0,0,65482
178,0,5,0,0,0,0,0,836030,0,0,0,0,92,65632,0,0,0,0,0,0,0,0,0,0,0,0,0,0,0,0,0,0,0,65494,662,150,0,0,202,0,0,372664,0,65496
178,0,6,0,0,0,0,0,836030,0,0,0,0,103,65632,0,0,0,0,0,0,0,0,0,0,0,0,0,0,0,0,0,0,0,65496,0,43,184,3,135,0,0,347637,0,65517
178,0,7,0,0,0,0,0,836030,0,0,0,0,109,65632,0,0,0,0,0,0,0,0,0,0,0,0,0,0,0,0,0,0,0,65489,0,100,69,0,255,0,0,167833,0,65489
178,0,8,0,0,0,0,0,836030,0,0,0,0,53,0,0,0,0,0,0,0,0,0,0,0,0,0,0,0,0,0,0,0,0,0,0,52,0,39,110,0,0,0,0,0
178,0,9,0,0,0,0,0,836030,0,0,0,0,47,0,0,0,0,0,0,0,0,0,0,0,0,0,0,0,0,0,0,0,0,0,380,40,0,0,53,0,0,0,0,0
178,0,10,0,0,0,0,0,836030,0,0,0,0,53,0,0,0,0,0,0,0,0,0,0,0,0,0,0,0,0,0,0,0,0,0,0,82,86,0,124,0,0,0,0,0
178,0,11,0,0,0,0,0,836030,0,0,0,0,47,0,0,0,0,0,0,0,0,0,0,0,0,0,0,0,0,0,0,0,0,0,0,44,45,0,4294967171,0,0,0,0,0
178,0,12,0,0,0,0,0,836030,0,0,0,0,47,0,0,0,0,0,0,0,0,0,0,0,0,0,0,0,0,0,0,0,0,0,0,0,0,45,93,0,0,0,0,0
178,0,13,0,0,0,0,0,836030,0,0,0,0,53,0,0,0,0,0,0,0,0,0,0,0,0,0,0,0,0,0,0,0,0,0,172,0,0,0,111,0,0,0,0,0
178,0,14,0,0,0,0,0,836030,0,0,0,0,47,0,0,0,0,0,0,0,0,0,0,0,0,0,0,0,0,0,0,0,0,0,0,0,86,0,63,0,0,0,0,0
178,0,15,0,0,0,0,0,836030,0,0,0,0,41,0,0,0,0,0,0,0,0,0,0,0,0,0,0,0,0,0,0,0,0,0,0,0,39,0,89,0,0,0,0,0
179,0,0,0,0,0,0,0,1672129,0,0,388,393312,136,0,0,0,0,0,4287,0,0,0,0,0,0,0,0,388,388,0,130852,0,653128,393312,0,345,0,136,284,0,0,0,0,1040202
179,0,1,0,0,0,0,0,836064,4287,0,0,0,1347,0,0,0,0,0,0,0,0,0,0,0,0,0,0,0,189,0,65426,0,261455,0,0,98,193,264,2258,0,0,208927,0,0
179,0,2,0,0,0,0,0,836064,0,0,0,0,76,65632,0,0,0,0,0,0,0,0,0,0,0,0,0,0,0,0,65421,0,130764,65493,0,309,139,368,181,0,0,192272,0,65496
179,0,3,0,0,0,0,0,836064,0,0,0,0,79,65632,0,0,0,0,0,0,0,0,0,0,0,0,0,0,0,0,65411,0,0,65501,0,127,60,0,103,0,0,77924,0,65526
179,0,4,0,0,0,0,0,836064,0,0,0,0,83,65632,0,0,0,0,0,0,0,0,0,0,0,0,0,0,0,0,0,0,0,65500,0,87,0,58,121,507578,0,0,0,65488
179,0,5,0,0,0,0,0,836064,0,0,0,0,92,65632,0,0,0,0,0,0,0,0,0,0,0,0,0,0,0,0,0,0,0,65495,670,150,0,1,207,0,0,372581,0,65496
179,0,6,0,0,0,0,0,836064,0,0,0,0,106,65632,0,0,0,0,0,0,0,0,0,0,0,0,0,0,0,0,0,0,0,65498,0,43,179,1,137,0,0,347631,0,65502
179,0,7,0,0,0,0,0,836064,0,0,0,0,107,65632,0,0,0,0,0,0,0,0,0,0,0,0,0,0,0,0,0,0,0,65484,0,101,72,0,254,0,0,167844,0,65478
179,0,8,0,0,0,0,0,836064,0,0,0,0,53,0,0,0,0,0,0,0,0,0,0,0,0,0,0,0,0,0,0,0,0,0,0,52,0,39,110,0,0,0,0,0
179,0,9,0,0,0,0,0,836064,0,0,0,0,47,0,0,0,0,0,0,0,0,0,0,0,0,0,0,0,0,0,0,0,0,0,380,40,0,0,53,0,0,0,0,0
179,0,10,0,0,0,0,0,836064,0,0,0,0,53,0,0,0,0,0,0,0,0,0,0,0,0,0,0,0,0,0,0,0,0,0,0,82,86,0,124,0,0,0,0,0
179,0,11,0,0,0,0,0,836064,0,0,0,0,47,0,0,0,0,0,0,0,0,0,0,0,0,0,0,0,0,0,0,0,0,0,0,43,45,0,4294967187,0,0,0,0,0
179,0,12,0,0,0,0,0,836064,0,0,0,0,47,0,0,0,0,0,0,0,0,0,0,0,0,0,0,0,0,0,0,0,0,0,0,0,0,45,93,0,0,0,0,0
179,0,13,0,0,0,0,0,836064,0,0,0,0,53,0,0,0,0,0,0,0,0,0,0,0,0,0,0,0,0,0,0,0,0,0,172,0,0,0,111,0,0,0,0,0
179,0,14,0,0,0,0,0,836064,0,0,0,0,47,0,0,0,0,0,0,0,0,0,0,0,0,0,0,0,0,0,0,0,0,0,0,0,86,0,63,0,0,0,0,0
179,0,15,0,0,0,0,0,836064,0,0,0,0,41,0,0,0,0,0,0,0,0,0,0,0,0,0,0,0,0,0,0,0,0,0,0,0,39,0,90,0,0,0,0,0
180,0,0,0,0,0,0,0,1672282,0,0,388,393312,136,0,0,0,0,0,4287,0,0,0,0,0,0,0,0,388,388,0,130852,0,653143,393312,0,345,0,136,284,0,0,0,0,1040255
180,0,1,0,0,0,0,0,836141,4287,0,0,0,1357,0,0,0,0,0,0,0,0,0,0,0,0,0,0,0,188,0,65427,0,261461,0,0,101,189,255,2273,0,0,208991,0,0
180,0,2,0,0,0,0,0,836141,0,0,0,0,76,65632,0,0,0,0,0,0,0,0,0,0,0,0,0,0,0,0,65420,0,130774,65495,0,308,138,371,188,0,0,188177,0,65499
180,0,3,0,0,0,0,0,836141,0,0,0,0,78,65632,0,0,0,0,0,0,0,0,0,0,0,0,0,0,0,0,65417,0,0,65501,0,126,61,0,100,0,0,77913,0,65523
180,0,4,0,0,0,0,0,836141,0,0,0,0,82,65632,0,0,0,0,0,0,0,0,0,0,0,0,0,0,0,0,0,0,0,65500,0,87,0,59,116,507584,0,0,0,65484
180,0,5,0,0,0,0,0,836141,0,0,0,0,93,65632,0,0,0,0,0,0,0,0,0,0,0,0,0,0,0,0,0,0,0,65495,666,150,0,1,205,0,0,372606,0,65493
180,0,6,0,0,0,0,0,836141,0,0,0,0,106,65632,0,0,0,0,0,0,0,0,0,0,0,0,0,0,0,0,0,0,0,65498,0,43,181,2,138,0,0,347676,0,65505
180,0,7,0,0,0,0,0,836141,0,0,0,0,110,65632,0,0,0,0,0,0,0,0,0,0,0,0,0,0,0,0,0,0,0,65489,0,100,69,0,258,0,0,167887,0,65486
180,0,8,0,0,0,0,0,836141,0,0,0,0,53,0,0,0,0,0,0,0,0,0,0,0,0,0,0,0,0,0,0,0,0,0,0,52,0,39,110,0,0,0,0,0
180,0,9,0,0,0,0,0,836141,0,0,0,0,47,0,0,0,0,0,0,0,0,0,0,0,0,0,0,0,0,0,0,0,0,0,380,40,0,0,53,0,0,0,0,0
180,0,10,0,0,0,0,0,836141,0,0,0,0,53,0,0,0,0,0,0,0,0,0,0,0,0,0,0,0,0,0,0,0,0,0,0,82,86,0,124,0,0,0,0,0
180,0,11,0,0,0,0,0,836141,0,0,0,0,47,0,0,0,0,0,0,0,0,0,0,0,0,0,0,0,0,0,0,0,0,0,0,44,45,0,147,0,0,0,0,0
180,0,12,0,0,0,0,0,836141,0,0,0,0,47,0,0,0,0,0,0,0,0,0,0,0,0,0,0,0,0,0,0,0,0,0,0,0,0,45,93,0,0,0,0,0
180,0,13,0,0,0,0,0,836141,0,0,0,0,53,0,0,0,0,0,0,0,0,0,0,0,0,0,0,0,0,0,0,0,0,0,172,0,0,0,111,0,0,0,0,0
180,0,14,0,0,0,0,0,836141,0,0,0,0,47,0,0,0,0,0,0,0,0,0,0,0,0,0,0,0,0,0,0,0,0,0,0,0,86,0,63,0,0,0,0,0
180,0,15,0,0,0,0,0,836141,0,0,0,0,41,0,0,0,0,0,0,0,0,0,0,0,0,0,0,0,0,0,0,0,0,0,0,0,39,0,89,0,0,0,0,0
181,0,0,0,0,0,0,0,2195624,0,0,516,524416,136,0,0,0,0,0,4494,0,0,0,0,0,0,0,0,516,516,0,261567,0,783751,524416,0,412,0,136,284,0,0,0,0,1475709
181,0,1,0,0,0,0,0,1097812,4494,0,0,0,1448,0,0,0,0,0,0,0,0,0,0,0,0,0,0,0,253,0,130791,0,261461,0,0,122,214,248,2422,0,0,221252,0,0
181,0,2,0,0,0,0,0,1097812,0,0,0,0,65,65632,0,0,0,0,0,0,0,0,0,0,0,0,0,0,0,0,65423,0,130783,65495,0,316,130,367,166,0,0,175966,0,65493
181,0,3,0,0,0,0,0,1097812,0,0,0,0,71,65632,0,0,0,0,0,0,0,0,0,0,0,0,0,0,0,0,65418,0,0,65499,0,125,54,0,90,0,0,69809,0,65513
181,0,4,0,0,0,0,0,1097812,0,0,0,0,79,65632,0,0,0,0,0,0,0,0,0,0,0,0,0,0,0,0,65414,0,0,65495,0,108,0,58,117,737139,0,0,0,65496
181,0,5,0,0,0,0,0,1097812,0,0,0,0,101,65632,0,0,0,0,0,0,0,0,0,0,0,0,0,0,0,0,65427,0,0,65499,740,199,0,0,220,0,0,728468,0,65491
181,0,6,0,0,0,0,0,1097812,0,0,0,0,115,65632,0,0,0,0,0,0,0,0,0,0,0,0,0,0,0,0,0,0,0,65497,0,39,181,2,149,0,0,523497,0,65495
181,0,7,0,0,0,0,0,1097812,0,0,0,0,111,65632,0,0,0,0,0,0,0,0,0,0,0,0,0,0,0,0,0,0,0,65488,0,101,73,0,266,0,0,229221,0,65491
181,0,8,0,0,0,0,0,1097812,0,0,0,0,108,65632,0,0,0,0,0,0,0,0,0,0,0,0,0,0,0,0,0,0,0,65488,0,52,0,53,215,539748,0,0,0,65496
181,0,9,0,0,0,0,0,1097812,0,0,0,0,100,65632,0,0,0,0,0,0,0,0,0,0,0,0,0,0,0,0,0,0,0,65495,450,40,0,1,128,0,0,147434,0,65464
181,0,10,0,0,0,0,0,1097812,0,0,0,0,56,0,0,0,0,0,0,0,0,0,0,0,0,0,0,0,0,0,0,0,0,0,0,86,86,1,127,0,0,0,0,0
181,0,11,0,0,0,0,0,1097812,0,0,0,0,50,0,0,0,0,0,0,0,0,0,0,0,0,0,0,0,0,0,0,0,0,0,0,44,42,0,182,0,0,0,0,0
181,0,12,0,0,0,0,0,1097812,0,0,0,0,50,0,0,0,0,0,0,0,0,0,0,0,0,0,0,0,0,0,0,0,0,0,0,0,0,42,96,0,0,0,0,0
181,0,13,0,0,0,0,0,1097812,0,0,0,0,56,0,0,0,0,0,0,0,0,0,0,0,0,0,0,0,0,0,0,0,0,0,172,0,0,0,114,0,0,0,0,0
181,0,14,0,0,0,0,0,1097812,0,0,0,0,50,0,0,0,0,0,0,0,0,0,0,0,0,0,0,0,0,0,0,0,0,0,0,0,86,0,62,0,0,0,0,0
181,0,15,0,0,0,0,0,1097812,0,0,0,0,44,0,0,0,0,0,0,0,0,0,0,0,0,0,0,0,0,0,0,0,0,0,0,0,36,0,94,0,0,0,0,0
182,0,0,0,0,0,0,0,2195744,0,0,516,524416,136,0,0,0,0,0,4494,0,0,0,0,0,0,0,0,516,516,0,261570,0,783751,524416,0,412,0,136,284,0,0,0,0,1475748
182,0,1,0,0,0,0,0,1097872,4494,0,0,0,1439,0,0,0,0,0,0,0,0,0,0,0,0,0,0,0,257,0,130791,0,261456,0,0,126,215,252,2431,0,0,221273,0,0
182,0,2,0,0,0,0,0,1097872,0,0,0,0,70,65632,0,0,0,0,0,0,0,0,0,0,0,0,0,0,0,0,65424,0,130783,65498,0,312,125,365,173,0,0,184145,0,65493
182,0,3,0,0,0,0,0,1097872,0,0,0,0,71,65632,0,0,0,0,0,0,0,0,0,0,0,0,0,0,0,0,65419,0,0,65499,0,128,54,0,89,0,0,69848,0,65502
182,0,4,0,0,0,0,0,1097872,0,0,0,0,75,65632,0,0,0,0,0,0,0,0,0,0,0,0,0,0,0,0,65416,0,0,65494,0,110,0,62,114,741193,0,0,0,65501
182,0,5,0,0,0,0,0,1097872,0,0,0,0,94,65632,0,0,0,0,0,0,0,0,0,0,0,0,0,0,0,0,65428,0,0,65499,727,199,0,2,209,0,0,728537,0,65482
182,0,6,0,0,0,0,0,1097872,0,0,0,0,110,65632,0,0,0,0,0,0,0,0,0,0,0,0,0,0,0,0,0,0,0,65496,0,43,193,1,144,0,0,523434,0,65497
182,0,7,0,0,0,0,0,1097872,0,0,0,0,120,65632,0,0,0,0,0,0,0,0,0,0,0,0,0,0,0,0,0,0,0,65488,0,101,65,0,272,0,0,229149,0,65482
182,0,8,0,0,0,0,0,1097872,0,0,0,0,100,65632,0,0,0,0,0,0,0,0,0,0,0,0,0,0,0,0,0,0,0,65488,0,52,0,61,205,539825,0,0,0,65492
182,0,9,0,0,0,0,0,1097872,0,0,0,0,90,65632,0,0,0,0,0,0,0,0,0,0,0,0,0,0,0,0,0,0,0,65494,452,40,0,1,118,0,0,143325,0,65472
182,0,10,0,0,0,0,0,1097872,0,0,0,0,53,0,0,0,0,0,0,0,0,0,0,0,0,0,0,0,0,0,0,0,0,0,0,82,86,1,124,0,0,0,0,0
182,0,11,0,0,0,0,0,1097872,0,0,0,0,47,0,0,0,0,0,0,0,0,0,0,0,0,0,0,0,0,0,0,0,0,0,0,44,45,0,147,0,0,0,0,0
182,0,12,0,0,0,0,0,1097872,0,0,0,0,47,0,0,0,0,0,0,0,0,0,0,0,0,0,0,0,0,0,0,0,0,0,0,0,0,45,93,0,0,0,0,0
182,0,13,0,0,0,0,0,1097872,0,0,0,0,53,0,0,0,0,0,0,0,0,0,0,0,0,0,0,0,0,0,0,0,0,0,172,0,0,0,111,0,0,0,0,0
182,0,14,0,0,0,0,0,1097872,0,0,0,0,47,0,0,0,0,0,0,0,0,0,0,0,0,0,0,0,0,0,0,0,0,0,0,0,86,0,63,0,0,0,0,0
182,0,15,0,0,0,0,0,1097872,0,0,0,0,41,0,0,0,0,0,0,0,0,0,0,0,0,0,0,0,0,0,0,0,0,0,0,0,39,0,91,0,0,0,0,0
183,0,0,0,0,0,0,0,2195785,0,0,516,524416,136,0,0,0,0,0,4494,0,0,0,0,0,0,0,0,516,516,0,261569,0,783751,524416,0,412,0,136,284,0,0,0,0,1475797
183,0,1,0,0,0,0,0,1097893,4494,0,0,0,1442,0,0,0,0,0,0,0,0,0,0,0,0,0,0,0,248,0,130788,0,261462,0,0,130,209,251,2421,0,0,221293,0,0
183,0,2,0,0,0,0,0,1097893,0,0,0,0,68,65632,0,0,0,0,0,0,0,0,0,0,0,0,0,0,0,0,65423,0,130783,65495,0,317,128,363,169,0,0,176026,0,65491
183,0,3,0,0,0,0,0,1097893,0,0,0,0,72,65632,0,0,0,0,0,0,0,0,0,0,0,0,0,0,0,0,65418,0,0,65499,0,129,53,0,91,0,0,69822,0,65515
183,0,4,0,0,0,0,0,1097893,0,0,0,0,84,65632,0,0,0,0,0,0,0,0,0,0,0,0,0,0,0,0,65415,0,0,65494,0,108,0,53,118,737136,0,0,0,65499
183,0,5,0,0,0,0,0,1097893,0,0,0,0,99,65632,0,0,0,0,0,0,0,0,0,0,0,0,0,0,0,0,65428,0,0,65500,737,195,0,1,214,0,0,728489,0,65486
183,0,6,0,0,0,0,0,1097893,0,0,0,0,111,65632,0,0,0,0,0,0,0,0,0,0,0,0,0,0,0,0,0,0,0,65497,0,39,190,2,144,0,0,527643,0,65491
183,0,7,0,0,0,0,0,1097893,0,0,0,0,117,65632,0,0,0,0,0,0,0,0,0,0,0,0,0,0,0,0,0,0,0,65488,0,101,67,0,268,0,0,229226,0,65491
183,0,8,0,0,0,0,0,1097893,0,0,0,0,106,65632,0,0,0,0,0,0,0,0,0,0,0,0,0,0,0,0,0,0,0,65488,0,52,0,55,213,539817,0,0,0,65497
183,0,9,0,0,0,0,0,1097893,0,0,0,0,98,65632,0,0,0,0,0,0,0,0,0,0,0,0,0,0,0,0,0,0,0,65494,450,40,0,1,130,0,0,143363,0,65465
183,0,10,0,0,0,0,0,1097893,0,0,0,0,56,0,0,0,0,0,0,0,0,0,0,0,0,0,0,0,0,0,0,0,0,0,0,86,86,1,127,0,0,0,0,0
183,0,11,0,0,0,0,0,1097893,0,0,0,0,50,0,0,0,0,0,0,0,0,0,0,0,0,0,0,0,0,0,0,0,0,0,0,44,42,0,118,0,0,0,0,0
183,0,12,0,0,0,0,0,1097893,0,0,0,0,50,0,0,0,0,0,0,0,0,0,0,0,0,0,0,0,0,0,0,0,0,0,0,0,0,42,96,0,0,0,0,0
183,0,13,0,0,0,0,0,1097893,0,0,0,0,56,0,0,0,0,0,0,0,0,0,0,0,0,0,0,0,0,0,0,0,0,0,172,0,0,0,114,0,0,0,0,0
183,0,14,0,0,0,0,0,1097893,0,0,0,0,50,0,0,0,0,0,0,0,0,0,0,0,0,0,0,0,0,0,0,0,0,0,0,0,86,0,62,0,0,0,0,0
183,0,15,0,0,0,0,0,1097893,0,0,0,0,44,0,0,0,0,0,0,0,0,0,0,0,0,0,0,0,0,0,0,0,0,0,0,0,36,0,94,0,0,0,0,0
184,0,0,0,0,0,0,0,2717609,0,0,642,655520,136,0,0,0,0,0,4695,0,0,0,0,0,0,0,0,642,642,0,261569,0,1044612,655520,0,390,0,136,284,0,0,0,0,1877330
184,0,1,0,0,0,0,0,1358804,4695,0,0,0,1528,0,0,0,0,0,0,0,0,0,0,0,0,0,0,0,320,0,130797,0,392019,0,0,125,201,306,2564,0,0,217182,0,0
184,0,2,0,0,0,0,0,1358804,0,0,0,0,66,65632,0,0,0,0,0,0,0,0,0,0,0,0,0,0,0,0,130800,0,196119,65491,0,370,116,414,162,0,0,171857,0,65497
184,0,3,0,0,0,0,0,1358804,0,0,0,0,64,65632,0,0,0,0,0,0,0,0,0,0,0,0,0,0,0,0,130789,0,0,65495,0,158,55,0,80,0,0,69771,0,65510
184,0,4,0,0,0,0,0,1358804,0,0,0,0,73,65632,0,0,0,0,0,0,0,0,0,0,0,0,0,0,0,0,65414,0,0,65496,0,105,0,54,101,949936,0,0,0,65489
184,0,5,0,0,0,0,0,1358804,0,0,0,0,90,65632,0,0,0,0,0,0,0,0,0,0,0,0,0,0,0,0,65418,0,0,65495,814,204,0,1,197,0,0,818260,0,65479
184,0,6,0,0,0,0,0,1358804,0,0,0,0,102,65632,0,0,0,0,0,0,0,0,0,0,0,0,0,0,0,0,65419,0,0,65496,0,73,166,2,131,0,0,596944,0,65453
184,0,7,0,0,0,0,0,1358804,0,0,0,0,103,65632,0,0,0,0,0,0,0,0,0,0,0,0,0,0,0,0,65433,0,0,65488,0,174,64,0,234,0,0,237368,0,65457
184,0,8,0,0,0,0,0,1358804,0,0,0,0,94,65632,0,0,0,0,0,0,0,0,0,0,0,0,0,0,0,0,0,0,0,65489,0,52,0,55,192,1014267,0,0,0,65485
184,0,9,0,0,0,0,0,1358804,0,0,0,0,103,65632,0,0,0,0,0,0,0,0,0,0,0,0,0,0,0,0,0,0,0,65499,539,40,0,2,136,0,0,748705,0,65476
184,0,10,0,0,0,0,0,1358804,0,0,0,0,120,65632,0,0,0,0,0,0,0,0,0,0,0,0,0,0,0,0,0,0,0,65500,0,86,185,1,258,0,0,621452,0,65502
184,0,11,0,0,0,0,0,1358804,0,0,0,0,116,65632,0,0,0,0,0,0,0,0,0,0,0,0,0,0,0,0,0,0,0,65493,0,46,75,0,258,0,0,257743,0,65481
184,0,12,0,0,0,0,0,1358804,0,0,0,0,50,0,0,0,0,0,0,0,0,0,0,0,0,0,0,0,0,0,0,0,0,0,0,0,0,42,96,0,0,0,0,0
184,0,13,0,0,0,0,0,1358804,0,0,0,0,56,0,0,0,0,0,0,0,0,0,0,0,0,0,0,0,0,0,0,0,0,0,172,0,0,0,114,0,0,0,0,0
184,0,14,0,0,0,0,0,1358804,0,0,0,0,50,0,0,0,0,0,0,0,0,0,0,0,0,0,0,0,0,0,0,0,0,0,0,0,86,0,62,0,0,0,0,0
184,0,15,0,0,0,0,0,1358804,0,0,0,0,44,0,0,0,0,0,0,0,0,0,0,0,0,0,0,0,0,0,0,0,0,0,0,0,36,0,94,0,0,0,0,0
185,0,0,0,0,0,0,0,2717547,0,0,642,655520,136,0,0,0,0,0,4692,0,0,0,0,0,0,0,0,642,642,0,261565,0,1044619,655520,0,390,0,136,284,0,0,0,0,1877195
185,0,1,0,0,0,0,0,1358774,4692,0,0,0,1522,0,0,0,0,0,0,0,0,0,0,0,0,0,0,0,318,0,130796,0,392025,0,0,130,204,304,2547,0,0,217171,0,0
185,0,2,0,0,0,0,0,1358774,0,0,0,0,65,65632,0,0,0,0,0,0,0,0,0,0,0,0,0,0,0,0,130798,0,196115,65490,0,372,115,418,157,0,0,167748,0,65499
185,0,3,0,0,0,0,0,1358774,0,0,0,0,62,65632,0,0,0,0,0,0,0,0,0,0,0,0,0,0,0,0,130790,0,0,65497,0,146,57,0,86,0,0,69764,0,65507
185,0,4,0,0,0,0,0,1358774,0,0,0,0,74,65632,0,0,0,0,0,0,0,0,0,0,0,0,0,0,0,0,65412,0,0,65496,0,107,0,53,105,949987,0,0,0,65498
185,0,5,0,0,0,0,0,1358774,0,0,0,0,83,65632,0,0,0,0,0,0,0,0,0,0,0,0,0,0,0,0,65422,0,0,65494,826,198,0,1,191,0,0,814152,0,65478
185,0,6,0,0,0,0,0,1358774,0,0,0,0,98,65632,0,0,0,0,0,0,0,0,0,0,0,0,0,0,0,0,65420,0,0,65496,0,71,169,1,127,0,0,600929,0,65461
185,0,7,0,0,0,0,0,1358774,0,0,0,0,101,65632,0,0,0,0,0,0,0,0,0,0,0,0,0,0,0,0,65434,0,0,65489,0,183,66,0,236,0,0,237292,0,65457
185,0,8,0,0,0,0,0,1358774,0,0,0,0,88,65632,0,0,0,0,0,0,0,0,0,0,0,0,0,0,0,0,0,0,0,65487,0,52,0,61,184,1010127,0,0,0,65494
185,0,9,0,0,0,0,0,1358774,0,0,0,0,102,65632,0,0,0,0,0,0,0,0,0,0,0,0,0,0,0,0,0,0,0,65497,532,42,0,1,139,0,0,748690,0,65476
185,0,10,0,0,0,0,0,1358774,0,0,0,0,122,65632,0,0,0,0,0,0,0,0,0,0,0,0,0,0,0,0,0,0,0,65500,0,88,187,1,260,0,0,621412,0,65500
185,0,11,0,0,0,0,0,1358774,0,0,0,0,119,65632,0,0,0,0,0,0,0,0,0,0,0,0,0,0,0,0,0,0,0,65493,0,39,72,0,295,0,0,253703,0,65477
185,0,12,0,0,0,0,0,1358774,0,0,0,0,48,0,0,0,0,0,0,0,0,0,0,0,0,0,0,0,0,0,0,0,0,0,0,0,0,44,94,0,0,0,0,0
185,0,13,0,0,0,0,0,1358774,0,0,0,0,53,0,0,0,0,0,0,0,0,0,0,0,0,0,0,0,0,0,0,0,0,0,173,0,0,0,109,0,0,0,0,0
185,0,14,0,0,0,0,0,1358774,0,0,0,0,47,0,0,0,0,0,0,0,0,0,0,0,0,0,0,0,0,0,0,0,0,0,0,0,86,0,57,0,0,0,0,0
185,0,15,0,0,0,0,0,1358774,0,0,0,0,41,0,0,0,0,0,0,0,0,0,0,0,0,0,0,0,0,0,0,0,0,0,0,0,39,0,98,0,0,0,0,0
186,0,0,0,0,0,0,0,2717463,0,0,642,655520,136,0,0,0,0,0,4692,0,0,0,0,0,0,0,0,642,642,0,261569,0,1044638,655520,0,390,0,136,284,0,0,0,0,1877065
186,0,1,0,0,0,0,0,1358732,4692,0,0,0,1518,0,0,0,0,0,0,0,0,0,0,0,0,0,0,0,318,0,130799,0,392032,0,0,128,211,303,2549,0,0,217180,0,0
186,0,2,0,0,0,0,0,1358732,0,0,0,0,65,65632,0,0,0,0,0,0,0,0,0,0,0,0,0,0,0,0,130793,0,196116,65494,0,369,118,418,161,0,0,171819,0,65499
186,0,3,0,0,0,0,0,1358732,0,0,0,0,65,65632,0,0,0,0,0,0,0,0,0,0,0,0,0,0,0,0,130790,0,0,65497,0,152,54,0,83,0,0,69775,0,65506
186,0,4,0,0,0,0,0,1358732,0,0,0,0,72,65632,0,0,0,0,0,0,0,0,0,0,0,0,0,0,0,0,65413,0,0,65496,0,109,0,55,107,949920,0,0,0,65502
186,0,5,0,0,0,0,0,1358732,0,0,0,0,88,65632,0,0,0,0,0,0,0,0,0,0,0,0,0,0,0,0,65418,0,0,65494,817,204,0,1,192,0,0,814184,0,65481
186,0,6,0,0,0,0,0,1358732,0,0,0,0,98,65632,0,0,0,0,0,0,0,0,0,0,0,0,0,0,0,0,65422,0,0,65498,0,77,171,2,124,0,0,592853,0,65459
186,0,7,0,0,0,0,0,1358732,0,0,0,0,104,65632,0,0,0,0,0,0,0,0,0,0,0,0,0,0,0,0,65433,0,0,65490,0,174,63,0,241,0,0,237357,0,65455
186,0,8,0,0,0,0,0,1358732,0,0,0,0,88,65632,0,0,0,0,0,0,0,0,0,0,0,0,0,0,0,0,0,0,0,65489,0,52,0,61,182,1018273,0,0,0,65490
186,0,9,0,0,0,0,0,1358732,0,0,0,0,105,65632,0,0,0,0,0,0,0,0,0,0,0,0,0,0,0,0,0,0,0,65499,532,40,0,1,138,0,0,756885,0,65482
186,0,10,0,0,0,0,0,1358732,0,0,0,0,123,65632,0,0,0,0,0,0,0,0,0,0,0,0,0,0,0,0,0,0,0,65498,0,82,185,1,261,0,0,621488,0,65503
186,0,11,0,0,0,0,0,1358732,0,0,0,0,117,65632,0,0,0,0,0,0,0,0,0,0,0,0,0,0,0,0,0,0,0,65494,0,47,73,0,67,0,0,253714,0,65484
186,0,12,0,0,0,0,0,1358732,0,0,0,0,47,0,0,0,0,0,0,0,0,0,0,0,0,0,0,0,0,0,0,0,0,0,0,0,0,45,93,0,0,0,0,0
186,0,13,0,0,0,0,0,1358732,0,0,0,0,53,0,0,0,0,0,0,0,0,0,0,0,0,0,0,0,0,0,0,0,0,0,172,0,0,0,111,0,0,0,0,0
186,0,14,0,0,0,0,0,1358732,0,0,0,0,47,0,0,0,0,0,0,0,0,0,0,0,0,0,0,0,0,0,0,0,0,0,0,0,86,0,63,0,0,0,0,0
186,0,15,0,0,0,0,0,1358732,0,0,0,0,41,0,0,0,0,0,0,0,0,0,0,0,0,0,0,0,0,0,0,0,0,0,0,0,39,0,90,0,0,0,0,0
187,0,0,0,0,0,0,0,3502123,0,0,838,852176,136,0,0,0,0,0,5004,0,0,0,0,0,0,0,0,838,838,0,392169,0,1305422,852176,0,457,0,136,284,0,0,0,0,2450885
187,0,1,0,0,0,0,0,1751062,5004,0,0,0,1666,0,0,0,0,0,0,0,0,0,0,0,0,0,0,0,430,0,196099,0,457224,0,0,155,223,315,2787,0,0,204873,0,0
187,0,2,0,0,0,0,0,1751062,0,0,0,0,62,65632,0,0,0,0,0,0,0,0,0,0,0,0,0,0,0,0,196090,0,196075,65495,0,424,111,404,153,0,0,171871,0,65498
187,0,3,0,0,0,0,0,1751062,0,0,0,0,62,65632,0,0,0,0,0,0,0,0,0,0,0,0,0,0,0,0,130772,0,0,65495,0,141,53,0,79,0,0,61588,0,65516
187,0,4,0,0,0,0,0,1751062,0,0,0,0,67,65632,0,0,0,0,0,0,0,0,0,0,0,0,0,0,0,0,130788,0,0,65494,0,130,0,52,93,1187884,0,0,0,65501
187,0,5,0,0,0,0,0,1751062,0,0,0,0,78,65632,0,0,0,0,0,0,0,0,0,0,0,0,0,0,0,0,130805,0,0,65494,924,271,0,2,173,0,0,728294,0,65445
187,0,6,0,0,0,0,0,1751062,0,0,0,0,86,65632,0,0,0,0,0,0,0,0,0,0,0,0,0,0,0,0,130787,0,0,65498,0,107,142,1,106,0,0,539581,0,65492
187,0,7,0,0,0,0,0,1751062,0,0,0,0,85,65632,0,0,0,0,0,0,0,0,0,0,0,0,0,0,0,0,65415,0,0,65487,0,175,60,0,211,0,0,241359,0,65464
187,0,8,0,0,0,0,0,1751062,0,0,0,0,93,65632,0,0,0,0,0,0,0,0,0,0,0,0,0,0,0,0,65417,0,0,65488,0,106,0,50,187,1361728,0,0,0,65467
187,0,9,0,0,0,0,0,1751062,0,0,0,0,102,65632,0,0,0,0,0,0,0,0,0,0,0,0,0,0,0,0,65417,0,0,65498,666,73,0,1,136,0,0,1402277,0,65437
187,0,10,0,0,0,0,0,1751062,0,0,0,0,122,65632,0,0,0,0,0,0,0,0,0,0,0,0,0,0,0,0,65416,0,0,65501,0,157,187,1,256,0,0,915484,0,65473
187,0,11,0,0,0,0,0,1751062,0,0,0,0,118,65632,0,0,0,0,0,0,0,0,0,0,0,0,0,0,0,0,0,0,0,65493,0,44,72,0,82,0,0,347624,0,65449
187,0,12,0,0,0,0,0,1751062,0,0,0,0,104,65632,0,0,0,0,0,0,0,0,0,0,0,0,0,0,0,0,0,0,0,65500,0,0,0,67,177,1230720,0,0,0,65500
187,0,13,0,0,0,0,0,1751062,0,0,0,0,124,65632,0,0,0,0,0,0,0,0,0,0,0,0,0,0,0,0,0,0,0,65500,318,0,0,2,250,0,0,768279,0,65503
187,0,14,0,0,0,0,0,1751062,0,0,0,0,114,65632,0,0,0,0,0,0,0,0,0,0,0,0,0,0,0,0,0,0,0,65500,0,0,121,0,156,0,0,363793,0,65477
187,0,15,0,0,0,0,0,1751062,0,0,0,0,44,0,0,0,0,0,0,0,0,0,0,0,0,0,0,0,0,0,0,0,0,0,0,0,36,0,99,0,0,0,0,0
188,0,0,0,0,0,0,0,3502546,0,0,838,852176,136,0,0,0,0,0,5004,0,0,0,0,0,0,0,0,838,838,0,392169,0,1305421,852176,0,457,0,136,284,0,0,0,0,2451281
188,0,1,0,0,0,0,0,1751273,5004,0,0,0,1660,0,0,0,0,0,0,0,0,0,0,0,0,0,0,0,439,0,196093,0,457236,0,0,154,225,320,2774,0,0,204857,0,0
188,0,2,0,0,0,0,0,1751273,0,0,0,0,59,65632,0,0,0,0,0,0,0,0,0,0,0,0,0,0,0,0,196092,0,196088,65496,0,422,116,397,153,0,0,171857,0,65493
188,0,3,0,0,0,0,0,1751273,0,0,0,0,63,65632,0,0,0,0,0,0,0,0,0,0,0,0,0,0,0,0,130784,0,0,65495,0,148,52,0,80,0,0,61615,0,65511
188,0,4,0,0,0,0,0,1751273,0,0,0,0,64,65632,0,0,0,0,0,0,0,0,0,0,0,0,0,0,0,0,130790,0,0,65493,0,131,0,55,91,1184026,0,0,0,65508
188,0,5,0,0,0,0,0,1751273,0,0,0,0,73,65632,0,0,0,0,0,0,0,0,0,0,0,0,0,0,0,0,130810,0,0,65486,926,270,0,0,170,0,0,728377,0,65453
188,0,6,0,0,0,0,0,1751273,0,0,0,0,77,65632,0,0,0,0,0,0,0,0,0,0,0,0,0,0,0,0,130789,0,0,65497,0,108,154,3,98,0,0,535521,0,65500
188,0,7,0,0,0,0,0,1751273,0,0,0,0,88,65632,0,0,0,0,0,0,0,0,0,0,0,0,0,0,0,0,65425,0,0,65487,0,167,57,0,213,0,0,245475,0,65469
188,0,8,0,0,0,0,0,1751273,0,0,0,0,87,65632,0,0,0,0,0,0,0,0,0,0,0,0,0,0,0,0,65414,0,0,65488,0,109,0,56,177,1361888,0,0,0,65463
188,0,9,0,0,0,0,0,1751273,0,0,0,0,103,65632,0,0,0,0,0,0,0,0,0,0,0,0,0,0,0,0,65419,0,0,65496,656,74,0,2,137,0,0,1402565,0,65439
188,0,10,0,0,0,0,0,1751273,0,0,0,0,115,65632,0,0,0,0,0,0,0,0,0,0,0,0,0,0,0,0,65417,0,0,65500,0,152,187,0,253,0,0,915647,0,65471
188,0,11,0,0,0,0,0,1751273,0,0,0,0,111,65632,0,0,0,0,0,0,0,0,0,0,0,0,0,0,0,0,0,0,0,65496,0,49,79,0,55,0,0,347696,0,65450
188,0,12,0,0,0,0,0,1751273,0,0,0,0,99,65632,0,0,0,0,0,0,0,0,0,0,0,0,0,0,0,0,0,0,0,65501,0,0,0,72,169,1230860,0,0,0,65496
188,0,13,0,0,0,0,0,1751273,0,0,0,0,117,65632,0,0,0,0,0,0,0,0,0,0,0,0,0,0,0,0,0,0,0,65499,320,0,0,2,242,0,0,768382,0,65497
188,0,14,0,0,0,0,0,1751273,0,0,0,0,111,65632,0,0,0,0,0,0,0,0,0,0,0,0,0,0,0,0,0,0,0,65500,0,0,121,0,158,0,0,363827,0,65469
188,0,15,0,0,0,0,0,1751273,0,0,0,0,41,0,0,0,0,0,0,0,0,0,0,0,0,0,0,0,0,0,0,0,0,0,0,0,39,0,91,0,0,0,0,0
189,0,0,0,0,0,0,0,3502286,0,0,838,852176,136,0,0,0,0,0,5004,0,0,0,0,0,0,0,0,838,838,0,392172,0,1305390,852176,0,457,0,136,284,0,0,0,0,2451173
189,0,1,0,0,0,0,0,1751143,5004,0,0,0,1673,0,0,0,0,0,0,0,0,0,0,0,0,0,0,0,426,0,196098,0,457212,0,0,153,225,308,2774,0,0,204821,0,0
189,0,2,0,0,0,0,0,1751143,0,0,0,0,63,65632,0,0,0,0,0,0,0,0,0,0,0,0,0,0,0,0,196075,0,196089,65494,0,430,114,403,155,0,0,171812,0,65489
189,0,3,0,0,0,0,0,1751143,0,0,0,0,65,65632,0,0,0,0,0,0,0,0,0,0,0,0,0,0,0,0,130784,0,0,65494,0,141,50,0,83,0,0,61569,0,65516
189,0,4,0,0,0,0,0,1751143,0,0,0,0,71,65632,0,0,0,0,0,0,0,0,0,0,0,0,0,0,0,0,130788,0,0,65494,0,129,0,48,100,1187978,0,0,0,65504
189,0,5,0,0,0,0,0,1751143,0,0,0,0,82,65632,0,0,0,0,0,0,0,0,0,0,0,0,0,0,0,0,130804,0,0,65493,941,274,0,1,176,0,0,728303,0,65448
189,0,6,0,0,0,0,0,1751143,0,0,0,0,84,65632,0,0,0,0,0,0,0,0,0,0,0,0,0,0,0,0,130785,0,0,65493,0,102,148,1,103,0,0,539611,0,65494
189,0,7,0,0,0,0,0,1751143,0,0,0,0,88,65632,0,0,0,0,0,0,0,0,0,0,0,0,0,0,0,0,65424,0,0,65488,0,176,57,0,213,0,0,241368,0,65471
189,0,8,0,0,0,0,0,1751143,0,0,0,0,85,65632,0,0,0,0,0,0,0,0,0,0,0,0,0,0,0,0,65420,0,0,65488,0,108,0,58,178,1365907,0,0,0,65461
189,0,9,0,0,0,0,0,1751143,0,0,0,0,105,65632,0,0,0,0,0,0,0,0,0,0,0,0,0,0,0,0,65416,0,0,65493,644,69,0,1,140,0,0,1402417,0,65440
189,0,10,0,0,0,0,0,1751143,0,0,0,0,121,65632,0,0,0,0,0,0,0,0,0,0,0,0,0,0,0,0,65416,0,0,65501,0,156,186,1,261,0,0,915545,0,65475
189,0,11,0,0,0,0,0,1751143,0,0,0,0,117,65632,0,0,0,0,0,0,0,0,0,0,0,0,0,0,0,0,0,0,0,65496,0,45,74,0,276,0,0,343589,0,65448
189,0,12,0,0,0,0,0,1751143,0,0,0,0,102,65632,0,0,0,0,0,0,0,0,0,0,0,0,0,0,0,0,0,0,0,65499,0,0,0,69,173,1230808,0,0,0,65494
189,0,13,0,0,0,0,0,1751143,0,0,0,0,122,65632,0,0,0,0,0,0,0,0,0,0,0,0,0,0,0,0,0,0,0,65500,330,0,0,2,252,0,0,768308,0,65511
189,0,14,0,0,0,0,0,1751143,0,0,0,0,126,65632,0,0,0,0,0,0,0,0,0,0,0,0,0,0,0,0,0,0,0,65500,0,0,109,0,169,0,0,363801,0,65473
189,0,15,0,0,0,0,0,1751143,0,0,0,0,44,0,0,0,0,0,0,0,0,0,0,0,0,0,0,0,0,0,0,0,0,0,0,0,36,0,98,0,0,0,0,0
190,0,0,0,0,0,0,0,364357,0,0,18,65540,136,0,0,0,0,0,3705,0,0,0,0,0,0,0,0,18,18,0,0,0,130976,65540,0,294,0,136,284,0,0,0,0,65560
190,0,1,0,0,0,0,0,182179,3705,0,0,0,1099,0,0,0,0,0,0,0,0,0,0,0,0,0,0,0,5,0,0,0,65508,0,0,78,172,178,1838,0,0,65560,0,0
190,0,2,0,0,0,0,0,182179,0,0,0,0,60,65560,0,0,0,0,0,0,0,0,0,0,0,0,0,0,0,0,0,0,0,65525,0,250,96,273,150,0,0,0,0,65560
190,0,3,0,0,0,0,0,182179,0,0,0,0,47,0,0,0,0,0,0,0,0,0,0,0,0,0,0,0,0,0,0,0,0,0,0,100,45,0,55,0,0,0,0,0
190,0,4,0,0,0,0,0,182179,0,0,0,0,50,0,0,0,0,0,0,0,0,0,0,0,0,0,0,0,0,0,0,0,0,0,0,87,0,42,67,0,0,0,0,0
190,0,5,0,0,0,0,0,182179,0,0,0,0,50,0,0,0,0,0,0,0,0,0,0,0,0,0,0,0,0,0,0,0,0,0,525,150,0,0,116,0,0,0,0,0
190,0,6,0,0,0,0,0,182179,0,0,0,0,50,0,0,0,0,0,0,0,0,0,0,0,0,0,0,0,0,0,0,0,0,0,0,39,95,0,55,0,0,0,0,0
190,0,7,0,0,0,0,0,182179,0,0,0,0,53,0,0,0,0,0,0,0,0,0,0,0,0,0,0,0,0,0,0,0,0,0,0,98,39,0,138,0,0,0,0,0
190,0,8,0,0,0,0,0,182179,0,0,0,0,56,0,0,0,0,0,0,0,0,0,0,0,0,0,0,0,0,0,0,0,0,0,0,52,0,36,113,0,0,0,0,0
190,0,9,0,0,0,0,0,182179,0,0,0,0,50,0,0,0,0,0,0,0,0,0,0,0,0,0,0,0,0,0,0,0,0,0,380,40,0,0,56,0,0,0,0,0
190,0,10,0,0,0,0,0,182179,0,0,0,0,56,0,0,0,0,0,0,0,0,0,0,0,0,0,0,0,0,0,0,0,0,0,0,86,86,0,127,0,0,0,0,0
190,0,11,0,0,0,0,0,182179,0,0,0,0,50,0,0,0,0,0,0,0,0,0,0,0,0,0,0,0,0,0,0,0,0,0,0,41,42,0,118,0,0,0,0,0
190,0,12,0,0,0,0,0,182179,0,0,0,0,50,0,0,0,0,0,0,0,0,0,0,0,0,0,0,0,0,0,0,0,0,0,0,0,0,42,96,0,0,0,0,0
190,0,13,0,0,0,0,0,182179,0,0,0,0,56,0,0,0,0,0,0,0,0,0,0,0,0,0,0,0,0,0,0,0,0,0,172,0,0,0,114,0,0,0,0,0
190,0,14,0,0,0,0,0,182179,0,0,0,0,50,0,0,0,0,0,0,0,0,0,0,0,0,0,0,0,0,0,0,0,0,0,0,0,86,0,62,0,0,0,0,0
190,0,15,0,0,0,0,0,182179,0,0,0,0,44,0,0,0,0,0,0,0,0,0,0,0,0,0,0,0,0,0,0,0,0,0,0,0,36,0,90,0,0,0,0,0
191,0,0,0,0,0,0,0,364343,0,0,18,65540,136,0,0,0,0,0,3705,0,0,0,0,0,0,0,0,18,18,0,0,0,130988,65540,0,294,0,136,284,0,0,0,0,65560
191,0,1,0,0,0,0,0,182172,3705,0,0,0,1097,0,0,0,0,0,0,0,0,0,0,0,0,0,0,0,5,0,0,0,65512,0,0,79,174,177,1838,0,0,65560,0,0
191,0,2,0,0,0,0,0,182172,0,0,0,0,58,65560,0,0,0,0,0,0,0,0,0,0,0,0,0,0,0,0,0,0,0,65524,0,246,97,276,151,0,0,0,0,65560
191,0,3,0,0,0,0,0,182172,0,0,0,0,47,0,0,0,0,0,0,0,0,0,0,0,0,0,0,0,0,0,0,0,0,0,0,97,45,0,55,0,0,0,0,0
191,0,4,0,0,0,0,0,182172,0,0,0,0,47,0,0,0,0,0,0,0,0,0,0,0,0,0,0,0,0,0,0,0,0,0,0,87,0,45,66,0,0,0,0,0
191,0,5,0,0,0,0,0,182172,0,0,0,0,47,0,0,0,0,0,0,0,0,0,0,0,0,0,0,0,0,0,0,0,0,0,522,150,0,0,112,0,0,0,0,0
191,0,6,0,0,0,0,0,182172,0,0,0,0,47,0,0,0,0,0,0,0,0,0,0,0,0,0,0,0,0,0,0,0,0,0,0,43,98,0,52,0,0,0,0,0
191,0,7,0,0,0,0,0,182172,0,0,0,0,53,0,0,0,0,0,0,0,0,0,0,0,0,0,0,0,0,0,0,0,0,0,0,99,39,0,140,0,0,0,0,0
191,0,8,0,0,0,0,0,182172,0,0,0,0,53,0,0,0,0,0,0,0,0,0,0,0,0,0,0,0,0,0,0,0,0,0,0,52,0,39,110,0,0,0,0,0
191,0,9,0,0,0,0,0,182172,0,0,0,0,47,0,0,0,0,0,0,0,0,0,0,0,0,0,0,0,0,0,0,0,0,0,380,40,0,0,53,0,0,0,0,0
191,0,10,0,0,0,0,0,182172,0,0,0,0,53,0,0,0,0,0,0,0,0,0,0,0,0,0,0,0,0,0,0,0,0,0,0,82,86,0,124,0,0,0,0,0
191,0,11,0,0,0,0,0,182172,0,0,0,0,47,0,0,0,0,0,0,0,0,0,0,0,0,0,0,0,0,0,0,0,0,0,0,40,45,0,4294967187,0,0,0,0,0
191,0,12,0,0,0,0,0,182172,0,0,0,0,47,0,0,0,0,0,0,0,0,0,0,0,0,0,0,0,0,0,0,0,0,0,0,0,0,45,93,0,0,0,0,0
191,0,13,0,0,0,0,0,182172,0,0,0,0,53,0,0,0,0,0,0,0,0,0,0,0,0,0,0,0,0,0,0,0,0,0,172,0,0,0,111,0,0,0,0,0
191,0,14,0,0,0,0,0,182172,0,0,0,0,47,0,0,0,0,0,0,0,0,0,0,0,0,0,0,0,0,0,0,0,0,0,0,0,86,0,63,0,0,0,0,0
191,0,15,0,0,0,0,0,182172,0,0,0,0,41,0,0,0,0,0,0,0,0,0,0,0,0,0,0,0,0,0,0,0,0,0,0,0,39,0,88,0,0,0,0,0
192,0,0,0,0,0,0,0,364345,0,0,18,65540,136,0,0,0,0,0,3705,0,0,0,0,0,0,0,0,18,18,0,0,0,130988,65540,0,294,0,136,284,0,0,0,0,65560
192,0,1,0,0,0,0,0,182173,3705,0,0,0,1099,0,0,0,0,0,0,0,0,0,0,0,0,0,0,0,5,0,0,0,65512,0,0,79,173,176,1840,0,0,65560,0,0
192,0,2,0,0,0,0,0,182173,0,0,0,0,58,65560,0,0,0,0,0,0,0,0,0,0,0,0,0,0,0,0,0,0,0,65524,0,246,97,276,152,0,0,0,0,65560
192,0,3,0,0,0,0,0,182173,0,0,0,0,47,0,0,0,0,0,0,0,0,0,0,0,0,0,0,0,0,0,0,0,0,0,0,97,45,0,55,0,0,0,0,0
192,0,4,0,0,0,0,0,182173,0,0,0,0,47,0,0,0,0,0,0,0,0,0,0,0,0,0,0,0,0,0,0,0,0,0,0,87,0,45,66,0,0,0,0,0
192,0,5,0,0,0,0,0,182173,0,0,0,0,47,0,0,0,0,0,0,0,0,0,0,0,0,0,0,0,0,0,0,0,0,0,522,150,0,0,112,0,0,0,0,0
192,0,6,0,0,0,0,0,182173,0,0,0,0,47,0,0,0,0,0,0,0,0,0,0,0,0,0,0,0,0,0,0,0,0,0,0,43,98,0,52,0,0,0,0,0
192,0,7,0,0,0,0,0,182173,0,0,0,0,53,0,0,0,0,0,0,0,0,0,0,0,0,0,0,0,0,0,0,0,0,0,0,99,39,0,140,0,0,0,0,0
192,0,8,0,0,0,0,0,182173,0,0,0,0,53,0,0,0,0,0,0,0,0,0,0,0,0,0,0,0,0,0,0,0,0,0,0,52,0,39,110,0,0,0,0,0
192,0,9,0,0,0,0,0,182173,0,0,0,0,47,0,0,0,0,0,0,0,0,0,0,0,0,0,0,0,0,0,0,0,0,0,380,40,0,0,53,0,0,0,0,0
192,0,10,0,0,0,0,0,182173,0,0,0,0,53,0,0,0,0,0,0,0,0,0,0,0,0,0,0,0,0,0,0,0,0,0,0,82,86,0,124,0,0,0,0,0
192,0,11,0,0,0,0,0,182173,0,0,0,0,47,0,0,0,0,0,0,0,0,0,0,0,0,0,0,0,0,0,0,0,0,0,0,40,45,0,4294967187,0,0,0,0,0
192,0,12,0,0,0,0,0,182173,0,0,0,0,47,0,0,0,0,0,0,0,0,0,0,0,0,0,0,0,0,0,0,0,0,0,0,0,0,45,93,0,0,0,0,0
192,0,13,0,0,0,0,0,182173,0,0,0,0,53,0,0,0,0,0,0,0,0,0,0,0,0,0,0,0,0,0,0,0,0,0,172,0,0,0,111,0,0,0,0,0
192,0,14,0,0,0,0,0,182173,0,0,0,0,47,0,0,0,0,0,0,0,0,0,0,0,0,0,0,0,0,0,0,0,0,0,0,0,86,0,63,0,0,0,0,0
192,0,15,0,0,0,0,0,182173,0,0,0,0,41,0,0,0,0,0,0,0,0,0,0,0,0,0,0,0,0,0,0,0,0,0,0,0,39,0,88,0,0,0,0,0
193,0,0,0,0,0,0,0,626072,0,0,34,131080,136,0,0,0,0,0,3735,0,0,0,0,0,0,0,0,34,34,0,0,0,261945,131080,0,294,0,136,284,0,0,0,0,229008
193,0,1,0,0,0,0,0,313036,3735,0,0,0,1108,0,0,0,0,0,0,0,0,0,0,0,0,0,0,0,16,0,0,0,131007,0,0,79,172,185,1851,0,0,65586,0,0
193,0,2,0,0,0,0,0,313036,0,0,0,0,55,65560,0,0,0,0,0,0,0,0,0,0,0,0,0,0,0,0,0,0,65506,65525,0,246,109,287,146,0,0,65546,0,65548
193,0,3,0,0,0,0,0,313036,0,0,0,0,59,65560,0,0,0,0,0,0,0,0,0,0,0,0,0,0,0,0,0,0,0,65527,0,97,50,0,75,0,0,21,0,65548
193,0,4,0,0,0,0,0,313036,0,0,0,0,47,0,0,0,0,0,0,0,0,0,0,0,0,0,0,0,0,0,0,0,0,0,0,87,0,45,66,0,0,0,0,0
193,0,5,0,0,0,0,0,313036,0,0,0,0,47,0,0,0,0,0,0,0,0,0,0,0,0,0,0,0,0,0,0,0,0,0,522,150,0,0,112,0,0,0,0,0
193,0,6,0,0,0,0,0,313036,0,0,0,0,47,0,0,0,0,0,0,0,0,0,0,0,0,0,0,0,0,0,0,0,0,0,0,43,98,0,52,0,0,0,0,0
193,0,7,0,0,0,0,0,313036,0,0,0,0,53,0,0,0,0,0,0,0,0,0,0,0,0,0,0,0,0,0,0,0,0,0,0,100,39,0,140,0,0,0,0,0
193,0,8,0,0,0,0,0,313036,0,0,0,0,53,0,0,0,0,0,0,0,0,0,0,0,0,0,0,0,0,0,0,0,0,0,0,52,0,39,110,0,0,0,0,0
193,0,9,0,0,0,0,0,313036,0,0,0,0,47,0,0,0,0,0,0,0,0,0,0,0,0,0,0,0,0,0,0,0,0,0,380,40,0,0,53,0,0,0,0,0
193,0,10,0,0,0,0,0,313036,0,0,0,0,53,0,0,0,0,0,0,0,0,0,0,0,0,0,0,0,0,0,0,0,0,0,0,82,86,0,124,0,0,0,0,0
193,0,11,0,0,0,0,0,313036,0,0,0,0,47,0,0,0,0,0,0,0,0,0,0,0,0,0,0,0,0,0,0,0,0,0,0,40,45,0,131,0,0,0,0,0
193,0,12,0,0,0,0,0,313036,0,0,0,0,47,0,0,0,0,0,0,0,0,0,0,0,0,0,0,0,0,0,0,0,0,0,0,0,0,45,93,0,0,0,0,0
193,0,13,0,0,0,0,0,313036,0,0,0,0,53,0,0,0,0,0,0,0,0,0,0,0,0,0,0,0,0,0,0,0,0,0,172,0,0,0,111,0,0,0,0,0
193,0,14,0,0,0,0,0,313036,0,0,0,0,47,0,0,0,0,0,0,0,0,0,0,0,0,0,0,0,0,0,0,0,0,0,0,0,86,0,63,0,0,0,0,0
193,0,15,0,0,0,0,0,313036,0,0,0,0,41,0,0,0,0,0,0,0,0,0,0,0,0,0,0,0,0,0,0,0,0,0,0,0,39,0,89,0,0,0,0,0
194,0,0,0,0,0,0,0,626122,0,0,34,131080,136,0,0,0,0,0,3735,0,0,0,0,0,0,0,0,34,34,0,0,0,261943,131080,0,294,0,136,284,0,0,0,0,229050
194,0,1,0,0,0,0,0,313061,3735,0,0,0,1110,0,0,0,0,0,0,0,0,0,0,0,0,0,0,0,17,0,0,0,131006,0,0,79,172,183,1853,0,0,65585,0,0
194,0,2,0,0,0,0,0,313061,0,0,0,0,57,65560,0,0,0,0,0,0,0,0,0,0,0,0,0,0,0,0,0,0,65506,65524,0,246,109,290,147,0,0,65546,0,65548
194,0,3,0,0,0,0,0,313061,0,0,0,0,60,65560,0,0,0,0,0,0,0,0,0,0,0,0,0,0,0,0,0,0,0,65527,0,98,48,0,73,0,0,21,0,65548
194,0,4,0,0,0,0,0,313061,0,0,0,0,47,0,0,0,0,0,0,0,0,0,0,0,0,0,0,0,0,0,0,0,0,0,0,87,0,45,66,0,0,0,0,0
194,0,5,0,0,0,0,0,313061,0,0,0,0,47,0,0,0,0,0,0,0,0,0,0,0,0,0,0,0,0,0,0,0,0,0,522,150,0,0,112,0,0,0,0,0
194,0,6,0,0,0,0,0,313061,0,0,0,0,47,0,0,0,0,0,0,0,0,0,0,0,0,0,0,0,0,0,0,0,0,0,0,43,98,0,52,0,0,0,0,0
194,0,7,0,0,0,0,0,313061,0,0,0,0,53,0,0,0,0,0,0,0,0,0,0,0,0,0,0,0,0,0,0,0,0,0,0,99,39,0,140,0,0,0,0,0
194,0,8,0,0,0,0,0,313061,0,0,0,0,53,0,0,0,0,0,0,0,0,0,0,0,0,0,0,0,0,0,0,0,0,0,0,52,0,39,110,0,0,0,0,0
194,0,9,0,0,0,0,0,313061,0,0,0,0,47,0,0,0,0,0,0,0,0,0,0,0,0,0,0,0,0,0,0,0,0,0,380,40,0,0,53,0,0,0,0,0
194,0,10,0,0,0,0,0,313061,0,0,0,0,53,0,0,0,0,0,0,0,0,0,0,0,0,0,0,0,0,0,0,0,0,0,0,82,86,0,124,0,0,0,0,0
194,0,11,0,0,0,0,0,313061,0,0,0,0,47,0,0,0,0,0,0,0,0,0,0,0,0,0,0,0,0,0,0,0,0,0,0,41,45,0,147,0,0,0,0,0
194,0,12,0,0,0,0,0,313061,0,0,0,0,47,0,0,0,0,0,0,0,0,0,0,0,0,0,0,0,0,0,0,0,0,0,0,0,0,45,93,0,0,0,0,0
194,0,13,0,0,0,0,0,313061,0,0,0,0,53,0,0,0,0,0,0,0,0,0,0,0,0,0,0,0,0,0,0,0,0,0,172,0,0,0,111,0,0,0,0,0
194,0,14,0,0,0,0,0,313061,0,0,0,0,47,0,0,0,0,0,0,0,0,0,0,0,0,0,0,0,0,0,0,0,0,0,0,0,86,0,63,0,0,0,0,0
194,0,15,0,0,0,0,0,313061,0,0,0,0,41,0,0,0,0,0,0,0,0,0,0,0,0,0,0,0,0,0,0,0,0,0,0,0,39,0,88,0,0,0,0,0
195,0,0,0,0,0,0,0,626030,0,0,34,131080,136,0,0,0,0,0,3732,0,0,0,0,0,0,0,0,34,34,0,0,0,261944,131080,0,294,0,136,284,0,0,0,0,228996
195,0,1,0,0,0,0,0,313015,3732,0,0,0,1109,0,0,0,0,0,0,0,0,0,0,0,0,0,0,0,17,0,0,0,131007,0,0,78,172,185,1850,0,0,65585,0,0
195,0,2,0,0,0,0,0,313015,0,0,0,0,56,65560,0,0,0,0,0,0,0,0,0,0,0,0,0,0,0,0,0,0,65506,65524,0,250,108,285,144,0,0,65547,0,65548
195,0,3,0,0,0,0,0,313015,0,0,0,0,57,65560,0,0,0,0,0,0,0,0,0,0,0,0,0,0,0,0,0,0,0,65527,0,101,51,0,72,0,0,20,0,65548
195,0,4,0,0,0,0,0,313015,0,0,0,0,50,0,0,0,0,0,0,0,0,0,0,0,0,0,0,0,0,0,0,0,0,0,0,87,0,42,67,0,0,0,0,0
195,0,5,0,0,0,0,0,313015,0,0,0,0,50,0,0,0,0,0,0,0,0,0,0,0,0,0,0,0,0,0,0,0,0,0,525,150,0,0,116,0,0,0,0,0
195,0,6,0,0,0,0,0,313015,0,0,0,0,50,0,0,0,0,0,0,0,0,0,0,0,0,0,0,0,0,0,0,0,0,0,0,39,95,0,55,0,0,0,0,0
195,0,7,0,0,0,0,0,313015,0,0,0,0,53,0,0,0,0,0,0,0,0,0,0,0,0,0,0,0,0,0,0,0,0,0,0,98,39,0,138,0,0,0,0,0
195,0,8,0,0,0,0,0,313015,0,0,0,0,56,0,0,0,0,0,0,0,0,0,0,0,0,0,0,0,0,0,0,0,0,0,0,52,0,36,113,0,0,0,0,0
195,0,9,0,0,0,0,0,313015,0,0,0,0,50,0,0,0,0,0,0,0,0,0,0,0,0,0,0,0,0,0,0,0,0,0,380,40,0,0,56,0,0,0,0,0
195,0,10,0,0,0,0,0,313015,0,0,0,0,56,0,0,0,0,0,0,0,0,0,0,0,0,0,0,0,0,0,0,0,0,0,0,86,86,0,127,0,0,0,0,0
195,0,11,0,0,0,0,0,313015,0,0,0,0,50,0,0,0,0,0,0,0,0,0,0,0,0,0,0,0,0,0,0,0,0,0,0,42,42,0,118,0,0,0,0,0
195,0,12,0,0,0,0,0,313015,0,0,0,0,50,0,0,0,0,0,0,0,0,0,0,0,0,0,0,0,0,0,0,0,0,0,0,0,0,42,96,0,0,0,0,0
195,0,13,0,0,0,0,0,313015,0,0,0,0,56,0,0,0,0,0,0,0,0,0,0,0,0,0,0,0,0,0,0,0,0,0,172,0,0,0,114,0,0,0,0,0
195,0,14,0,0,0,0,0,313015,0,0,0,0,50,0,0,0,0,0,0,0,0,0,0,0,0,0,0,0,0,0,0,0,0,0,0,0,86,0,62,0,0,0,0,0
195,0,15,0,0,0,0,0,313015,0,0,0,0,44,0,0,0,0,0,0,0,0,0,0,0,0,0,0,0,0,0,0,0,0,0,0,0,36,0,90,0,0,0,0,0
196,0,0,0,0,0,0,0,1150033,0,0,66,262160,136,0,0,0,0,0,3792,0,0,0,0,0,0,0,0,66,66,0,131020,0,392930,262160,0,313,0,136,284,0,0,0,0,688249
196,0,1,0,0,0,0,0,575016,3792,0,0,0,1132,0,0,0,0,0,0,0,0,0,0,0,0,0,0,0,33,0,65508,0,131005,0,0,84,179,183,1884,0,0,229432,0,0
196,0,2,0,0,0,0,0,575016,0,0,0,0,54,65560,0,0,0,0,0,0,0,0,0,0,0,0,0,0,0,0,0,0,65511,65524,0,246,108,287,143,0,0,163822,0,65532
196,0,3,0,0,0,0,0,575016,0,0,0,0,59,65560,0,0,0,0,0,0,0,0,0,0,0,0,0,0,0,0,0,0,0,65525,0,97,48,0,73,0,0,81967,0,65527
196,0,4,0,0,0,0,0,575016,0,0,0,0,61,65560,0,0,0,0,0,0,0,0,0,0,0,0,0,0,0,0,0,0,0,65524,0,87,0,48,86,229300,0,0,0,65534
196,0,5,0,0,0,0,0,575016,0,0,0,0,57,65560,0,0,0,0,0,0,0,0,0,0,0,0,0,0,0,0,0,0,0,65526,542,150,0,1,136,0,0,49200,0,65531
196,0,6,0,0,0,0,0,575016,0,0,0,0,47,0,0,0,0,0,0,0,0,0,0,0,0,0,0,0,0,0,0,0,0,0,0,43,98,1,52,0,0,0,0,0
196,0,7,0,0,0,0,0,575016,0,0,0,0,53,0,0,0,0,0,0,0,0,0,0,0,0,0,0,0,0,0,0,0,0,0,0,101,39,0,140,0,0,0,0,0
196,0,8,0,0,0,0,0,575016,0,0,0,0,53,0,0,0,0,0,0,0,0,0,0,0,0,0,0,0,0,0,0,0,0,0,0,52,0,39,110,0,0,0,0,0
196,0,9,0,0,0,0,0,575016,0,0,0,0,47,0,0,0,0,0,0,0,0,0,0,0,0,0,0,0,0,0,0,0,0,0,380,40,0,0,53,0,0,0,0,0
196,0,10,0,0,0,0,0,575016,0,0,0,0,53,0,0,0,0,0,0,0,0,0,0,0,0,0,0,0,0,0,0,0,0,0,0,82,86,0,124,0,0,0,0,0
196,0,11,0,0,0,0,0,575016,0,0,0,0,47,0,0,0,0,0,0,0,0,0,0,0,0,0,0,0,0,0,0,0,0,0,0,41,45,0,131,0,0,0,0,0
196,0,12,0,0,0,0,0,575016,0,0,0,0,47,0,0,0,0,0,0,0,0,0,0,0,0,0,0,0,0,0,0,0,0,0,0,0,0,45,93,0,0,0,0,0
196,0,13,0,0,0,0,0,575016,0,0,0,0,53,0,0,0,0,0,0,0,0,0,0,0,0,0,0,0,0,0,0,0,0,0,172,0,0,0,111,0,0,0,0,0
196,0,14,0,0,0,0,0,575016,0,0,0,0,47,0,0,0,0,0,0,0,0,0,0,0,0,0,0,0,0,0,0,0,0,0,0,0,86,0,63,0,0,0,0,0
196,0,15,0,0,0,0,0,575016,0,0,0,0,41,0,0,0,0,0,0,0,0,0,0,0,0,0,0,0,0,0,0,0,0,0,0,0,39,0,90,0,0,0,0,0
197,0,0,0,0,0,0,0,1150033,0,0,66,262160,136,0,0,0,0,0,3795,0,0,0,0,0,0,0,0,66,66,0,131018,0,392905,262160,0,313,0,136,284,0,0,0,0,688206
197,0,1,0,0,0,0,0,575017,3795,0,0,0,1133,0,0,0,0,0,0,0,0,0,0,0,0,0,0,0,32,0,65505,0,130998,0,0,84,179,182,1895,0,0,229446,0,0
197,0,2,0,0,0,0,0,575017,0,0,0,0,58,65560,0,0,0,0,0,0,0,0,0,0,0,0,0,0,0,0,0,0,65510,65521,0,250,101,283,147,0,0,147437,0,65536
197,0,3,0,0,0,0,0,575017,0,0,0,0,55,65560,0,0,0,0,0,0,0,0,0,0,0,0,0,0,0,0,0,0,0,65525,0,100,52,0,70,0,0,81966,0,65526
197,0,4,0,0,0,0,0,575017,0,0,0,0,61,65560,0,0,0,0,0,0,0,0,0,0,0,0,0,0,0,0,0,0,0,65525,0,87,0,48,85,229273,0,0,0,65534
197,0,5,0,0,0,0,0,575017,0,0,0,0,63,65560,0,0,0,0,0,0,0,0,0,0,0,0,0,0,0,0,0,0,0,65527,539,150,0,1,142,0,0,49180,0,65531
197,0,6,0,0,0,0,0,575017,0,0,0,0,50,0,0,0,0,0,0,0,0,0,0,0,0,0,0,0,0,0,0,0,0,0,0,39,95,1,55,0,0,0,0,0
197,0,7,0,0,0,0,0,575017,0,0,0,0,53,0,0,0,0,0,0,0,0,0,0,0,0,0,0,0,0,0,0,0,0,0,0,100,39,0,138,0,0,0,0,0
197,0,8,0,0,0,0,0,575017,0,0,0,0,56,0,0,0,0,0,0,0,0,0,0,0,0,0,0,0,0,0,0,0,0,0,0,52,0,36,113,0,0,0,0,0
197,0,9,0,0,0,0,0,575017,0,0,0,0,50,0,0,0,0,0,0,0,0,0,0,0,0,0,0,0,0,0,0,0,0,0,380,40,0,0,56,0,0,0,0,0
197,0,10,0,0,0,0,0,575017,0,0,0,0,56,0,0,0,0,0,0,0,0,0,0,0,0,0,0,0,0,0,0,0,0,0,0,86,86,0,127,0,0,0,0,0
197,0,11,0,0,0,0,0,575017,0,0,0,0,50,0,0,0,0,0,0,0,0,0,0,0,0,0,0,0,0,0,0,0,0,0,0,42,42,0,166,0,0,0,0,0
197,0,12,0,0,0,0,0,575017,0,0,0,0,50,0,0,0,0,0,0,0,0,0,0,0,0,0,0,0,0,0,0,0,0,0,0,0,0,42,96,0,0,0,0,0
197,0,13,0,0,0,0,0,575017,0,0,0,0,56,0,0,0,0,0,0,0,0,0,0,0,0,0,0,0,0,0,0,0,0,0,172,0,0,0,114,0,0,0,0,0
197,0,14,0,0,0,0,0,575017,0,0,0,0,50,0,0,0,0,0,0,0,0,0,0,0,0,0,0,0,0,0,0,0,0,0,0,0,86,0,62,0,0,0,0,0
197,0,15,0,0,0,0,0,575017,0,0,0,0,44,0,0,0,0,0,0,0,0,0,0,0,0,0,0,0,0,0,0,0,0,0,0,0,36,0,92,0,0,0,0,0
198,0,0,0,0,0,0,0,1150044,0,0,66,262160,136,0,0,0,0,0,3795,0,0,0,0,0,0,0,0,66,66,0,131020,0,392928,262160,0,313,0,136,284,0,0,0,0,688233
198,0,1,0,0,0,0,0,575022,3795,0,0,0,1129,0,0,0,0,0,0,0,0,0,0,0,0,0,0,0,31,0,65506,0,131004,0,0,86,180,183,1884,0,0,229481,0,0
198,0,2,0,0,0,0,0,575022,0,0,0,0,54,65560,0,0,0,0,0,0,0,0,0,0,0,0,0,0,0,0,0,0,65510,65524,0,246,108,286,144,0,0,147439,0,65536
198,0,3,0,0,0,0,0,575022,0,0,0,0,59,65560,0,0,0,0,0,0,0,0,0,0,0,0,0,0,0,0,0,0,0,65525,0,97,48,0,74,0,0,81971,0,65525
198,0,4,0,0,0,0,0,575022,0,0,0,0,59,65560,0,0,0,0,0,0,0,0,0,0,0,0,0,0,0,0,0,0,0,65524,0,87,0,50,84,229285,0,0,0,65538
198,0,5,0,0,0,0,0,575022,0,0,0,0,58,65560,0,0,0,0,0,0,0,0,0,0,0,0,0,0,0,0,0,0,0,65527,539,150,0,1,135,0,0,49189,0,65525
198,0,6,0,0,0,0,0,575022,0,0,0,0,47,0,0,0,0,0,0,0,0,0,0,0,0,0,0,0,0,0,0,0,0,0,0,43,98,1,52,0,0,0,0,0
198,0,7,0,0,0,0,0,575022,0,0,0,0,53,0,0,0,0,0,0,0,0,0,0,0,0,0,0,0,0,0,0,0,0,0,0,101,39,0,140,0,0,0,0,0
198,0,8,0,0,0,0,0,575022,0,0,0,0,53,0,0,0,0,0,0,0,0,0,0,0,0,0,0,0,0,0,0,0,0,0,0,52,0,39,110,0,0,0,0,0
198,0,9,0,0,0,0,0,575022,0,0,0,0,47,0,0,0,0,0,0,0,0,0,0,0,0,0,0,0,0,0,0,0,0,0,380,40,0,0,53,0,0,0,0,0
198,0,10,0,0,0,0,0,575022,0,0,0,0,53,0,0,0,0,0,0,0,0,0,0,0,0,0,0,0,0,0,0,0,0,0,0,82,86,0,124,0,0,0,0,0
198,0,11,0,0,0,0,0,575022,0,0,0,0,47,0,0,0,0,0,0,0,0,0,0,0,0,0,0,0,0,0,0,0,0,0,0,41,45,0,4294967187,0,0,0,0,0
198,0,12,0,0,0,0,0,575022,0,0,0,0,47,0,0,0,0,0,0,0,0,0,0,0,0,0,0,0,0,0,0,0,0,0,0,0,0,45,93,0,0,0,0,0
198,0,13,0,0,0,0,0,575022,0,0,0,0,53,0,0,0,0,0,0,0,0,0,0,0,0,0,0,0,0,0,0,0,0,0,172,0,0,0,111,0,0,0,0,0
198,0,14,0,0,0,0,0,575022,0,0,0,0,47,0,0,0,0,0,0,0,0,0,0,0,0,0,0,0,0,0,0,0,0,0,0,0,86,0,63,0,0,0,0,0
198,0,15,0,0,0,0,0,575022,0,0,0,0,41,0,0,0,0,0,0,0,0,0,0,0,0,0,0,0,0,0,0,0,0,0,0,0,39,0,90,0,0,0,0,0
199,0,0,0,0,0,0,0,1674056,0,0,98,393240,136,0,0,0,0,0,3855,0,0,0,0,0,0,0,0,98,98,0,131019,0,654810,393240,0,309,0,136,284,0,0,0,0,1015743
199,0,1,0,0,0,0,0,837028,3855,0,0,0,1156,0,0,0,0,0,0,0,0,0,0,0,0,0,0,0,47,0,65512,0,261972,0,0,84,178,194,1926,0,0,213035,0,0
199,0,2,0,0,0,0,0,837028,0,0,0,0,52,65560,0,0,0,0,0,0,0,0,0,0,0,0,0,0,0,0,65508,0,131002,65526,0,263,103,299,138,0,0,147406,0,65536
199,0,3,0,0,0,0,0,837028,0,0,0,0,55,65560,0,0,0,0,0,0,0,0,0,0,0,0,0,0,0,0,65507,0,0,65526,0,105,48,0,68,0,0,81939,0,65527
199,0,4,0,0,0,0,0,837028,0,0,0,0,57,65560,0,0,0,0,0,0,0,0,0,0,0,0,0,0,0,0,0,0,0,65525,0,87,0,48,80,458685,0,0,0,65525
199,0,5,0,0,0,0,0,837028,0,0,0,0,61,65560,0,0,0,0,0,0,0,0,0,0,0,0,0,0,0,0,0,0,0,65524,557,150,0,1,140,0,0,327657,0,65534
199,0,6,0,0,0,0,0,837028,0,0,0,0,62,65560,0,0,0,0,0,0,0,0,0,0,0,0,0,0,0,0,0,0,0,65526,0,43,115,1,73,0,0,262077,0,65534
199,0,7,0,0,0,0,0,837028,0,0,0,0,65,65560,0,0,0,0,0,0,0,0,0,0,0,0,0,0,0,0,0,0,0,65525,0,101,48,0,168,0,0,98316,0,65523
199,0,8,0,0,0,0,0,837028,0,0,0,0,53,0,0,0,0,0,0,0,0,0,0,0,0,0,0,0,0,0,0,0,0,0,0,52,0,39,110,0,0,0,0,0
199,0,9,0,0,0,0,0,837028,0,0,0,0,47,0,0,0,0,0,0,0,0,0,0,0,0,0,0,0,0,0,0,0,0,0,380,40,0,0,53,0,0,0,0,0
199,0,10,0,0,0,0,0,837028,0,0,0,0,53,0,0,0,0,0,0,0,0,0,0,0,0,0,0,0,0,0,0,0,0,0,0,82,86,0,124,0,0,0,0,0
199,0,11,0,0,0,0,0,837028,0,0,0,0,47,0,0,0,0,0,0,0,0,0,0,0,0,0,0,0,0,0,0,0,0,0,0,43,45,0,4294967171,0,0,0,0,0
199,0,12,0,0,0,0,0,837028,0,0,0,0,47,0,0,0,0,0,0,0,0,0,0,0,0,0,0,0,0,0,0,0,0,0,0,0,0,45,93,0,0,0,0,0
199,0,13,0,0,0,0,0,837028,0,0,0,0,53,0,0,0,0,0,0,0,0,0,0,0,0,0,0,0,0,0,0,0,0,0,172,0,0,0,111,0,0,0,0,0
199,0,14,0,0,0,0,0,837028,0,0,0,0,47,0,0,0,0,0,0,0,0,0,0,0,0,0,0,0,0,0,0,0,0,0,0,0,86,0,63,0,0,0,0,0
199,0,15,0,0,0,0,0,837028,0,0,0,0,41,0,0,0,0,0,0,0,0,0,0,0,0,0,0,0,0,0,0,0,0,0,0,0,39,0,90,0,0,0,0,0
200,0,0,0,0,0,0,0,1674130,0,0,98,393240,136,0,0,0,0,0,3855,0,0,0,0,0,0,0,0,98,98,0,131004,0,654787,393240,0,309,0,136,284,0,0,0,0,1015708
200,0,1,0,0,0,0,0,837065,3855,0,0,0,1161,0,0,0,0,0,0,0,0,0,0,0,0,0,0,0,51,0,65512,0,261962,0,0,84,177,190,1931,0,0,213066,0,0
200,0,2,0,0,0,0,0,837065,0,0,0,0,52,65560,0,0,0,0,0,0,0,0,0,0,0,0,0,0,0,0,65506,0,130992,65526,0,264,103,303,138,0,0,147412,0,65536
200,0,3,0,0,0,0,0,837065,0,0,0,0,56,65560,0,0,0,0,0,0,0,0,0,0,0,0,0,0,0,0,65498,0,0,65526,0,101,47,0,69,0,0,81956,0,65523
200,0,4,0,0,0,0,0,837065,0,0,0,0,55,65560,0,0,0,0,0,0,0,0,0,0,0,0,0,0,0,0,0,0,0,65522,0,87,0,50,78,458677,0,0,0,65524
200,0,5,0,0,0,0,0,837065,0,0,0,0,58,65560,0,0,0,0,0,0,0,0,0,0,0,0,0,0,0,0,0,0,0,65524,557,150,0,1,137,0,0,327663,0,65534
200,0,6,0,0,0,0,0,837065,0,0,0,0,63,65560,0,0,0,0,0,0,0,0,0,0,0,0,0,0,0,0,0,0,0,65527,0,43,116,1,73,0,0,262070,0,65537
200,0,7,0,0,0,0,0,837065,0,0,0,0,67,65560,0,0,0,0,0,0,0,0,0,0,0,0,0,0,0,0,0,0,0,65521,0,102,46,0,173,0,0,98321,0,65527
200,0,8,0,0,0,0,0,837065,0,0,0,0,53,0,0,0,0,0,0,0,0,0,0,0,0,0,0,0,0,0,0,0,0,0,0,52,0,39,110,0,0,0,0,0
200,0,9,0,0,0,0,0,837065,0,0,0,0,47,0,0,0,0,0,0,0,0,0,0,0,0,0,0,0,0,0,0,0,0,0,380,40,0,0,53,0,0,0,0,0
200,0,10,0,0,0,0,0,837065,0,0,0,0,53,0,0,0,0,0,0,0,0,0,0,0,0,0,0,0,0,0,0,0,0,0,0,82,86,0,124,0,0,0,0,0
200,0,11,0,0,0,0,0,837065,0,0,0,0,47,0,0,0,0,0,0,0,0,0,0,0,0,0,0,0,0,0,0,0,0,0,0,42,45,0,147,0,0,0,0,0
200,0,12,0,0,0,0,0,837065,0,0,0,0,47,0,0,0,0,0,0,0,0,0,0,0,0,0,0,0,0,0,0,0,0,0,0,0,0,45,93,0,0,0,0,0
200,0,13,0,0,0,0,0,837065,0,0,0,0,53,0,0,0,0,0,0,0,0,0,0,0,0,0,0,0,0,0,0,0,0,0,172,0,0,0,111,0,0,0,0,0
200,0,14,0,0,0,0,0,837065,0,0,0,0,47,0,0,0,0,0,0,0,0,0,0,0,0,0,0,0,0,0,0,0,0,0,0,0,86,0,63,0,0,0,0,0
200,0,15,0,0,0,0,0,837065,0,0,0,0,41,0,0,0,0,0,0,0,0,0,0,0,0,0,0,0,0,0,0,0,0,0,0,0,39,0,91,0,0,0,0,0
201,0,0,0,0,0,0,0,1674077,0,0,98,393240,136,0,0,0,0,0,3855,0,0,0,0,0,0,0,0,98,98,0,131019,0,654783,393240,0,309,0,136,284,0,0,0,0,1015714
201,0,1,0,0,0,0,0,837038,3855,0,0,0,1150,0,0,0,0,0,0,0,0,0,0,0,0,0,0,0,46,0,65512,0,261963,0,0,87,179,196,1925,0,0,213033,0,0
201,0,2,0,0,0,0,0,837038,0,0,0,0,53,65560,0,0,0,0,0,0,0,0,0,0,0,0,0,0,0,0,65501,0,131001,65526,0,263,101,299,138,0,0,147413,0,65536
201,0,3,0,0,0,0,0,837038,0,0,0,0,54,65560,0,0,0,0,0,0,0,0,0,0,0,0,0,0,0,0,65506,0,0,65526,0,105,48,0,68,0,0,81938,0,65531
201,0,4,0,0,0,0,0,837038,0,0,0,0,55,65560,0,0,0,0,0,0,0,0,0,0,0,0,0,0,0,0,0,0,0,65525,0,87,0,50,79,458697,0,0,0,65524
201,0,5,0,0,0,0,0,837038,0,0,0,0,61,65560,0,0,0,0,0,0,0,0,0,0,0,0,0,0,0,0,0,0,0,65524,554,150,0,1,137,0,0,327645,0,65534
201,0,6,0,0,0,0,0,837038,0,0,0,0,61,65560,0,0,0,0,0,0,0,0,0,0,0,0,0,0,0,0,0,0,0,65523,0,43,116,2,72,0,0,262086,0,65531
201,0,7,0,0,0,0,0,837038,0,0,0,0,66,65560,0,0,0,0,0,0,0,0,0,0,0,0,0,0,0,0,0,0,0,65524,0,100,47,0,169,0,0,98318,0,65527
201,0,8,0,0,0,0,0,837038,0,0,0,0,53,0,0,0,0,0,0,0,0,0,0,0,0,0,0,0,0,0,0,0,0,0,0,52,0,39,110,0,0,0,0,0
201,0,9,0,0,0,0,0,837038,0,0,0,0,47,0,0,0,0,0,0,0,0,0,0,0,0,0,0,0,0,0,0,0,0,0,380,40,0,0,53,0,0,0,0,0
201,0,10,0,0,0,0,0,837038,0,0,0,0,53,0,0,0,0,0,0,0,0,0,0,0,0,0,0,0,0,0,0,0,0,0,0,82,86,0,124,0,0,0,0,0
201,0,11,0,0,0,0,0,837038,0,0,0,0,47,0,0,0,0,0,0,0,0,0,0,0,0,0,0,0,0,0,0,0,0,0,0,44,45,0,147,0,0,0,0,0
201,0,12,0,0,0,0,0,837038,0,0,0,0,47,0,0,0,0,0,0,0,0,0,0,0,0,0,0,0,0,0,0,0,0,0,0,0,0,45,93,0,0,0,0,0
201,0,13,0,0,0,0,0,837038,0,0,0,0,53,0,0,0,0,0,0,0,0,0,0,0,0,0,0,0,0,0,0,0,0,0,172,0,0,0,111,0,0,0,0,0
201,0,14,0,0,0,0,0,837038,0,0,0,0,47,0,0,0,0,0,0,0,0,0,0,0,0,0,0,0,0,0,0,0,0,0,0,0,86,0,63,0,0,0,0,0
201,0,15,0,0,0,0,0,837038,0,0,0,0,41,0,0,0,0,0,0,0,0,0,0,0,0,0,0,0,0,0,0,0,0,0,0,0,39,0,89,0,0,0,0,0
202,0,0,0,0,0,0,0,2198051,0,0,130,524320,136,0,0,0,0,0,3912,0,0,0,0,0,0,0,0,130,130,0,262000,0,785761,524320,0,326,0,136,284,0,0,0,0,1441945
202,0,1,0,0,0,0,0,1099025,3912,0,0,0,1182,0,0,0,0,0,0,0,0,0,0,0,0,0,0,0,63,0,131000,0,261971,0,0,91,181,192,1966,0,0,163895,0,0
202,0,2,0,0,0,0,0,1099025,0,0,0,0,52,65560,0,0,0,0,0,0,0,0,0,0,0,0,0,0,0,0,65509,0,131002,65525,0,264,100,297,137,0,0,131056,0,65535
202,0,3,0,0,0,0,0,1099025,0,0,0,0,54,65560,0,0,0,0,0,0,0,0,0,0,0,0,0,0,0,0,65506,0,0,65525,0,106,47,0,66,0,0,49198,0,65535
202,0,4,0,0,0,0,0,1099025,0,0,0,0,57,65560,0,0,0,0,0,0,0,0,0,0,0,0,0,0,0,0,65505,0,0,65526,0,92,0,46,78,671733,0,0,0,65527
202,0,5,0,0,0,0,0,1099025,0,0,0,0,62,65560,0,0,0,0,0,0,0,0,0,0,0,0,0,0,0,0,65509,0,0,65527,574,163,0,1,142,0,0,606056,0,65522
202,0,6,0,0,0,0,0,1099025,0,0,0,0,64,65560,0,0,0,0,0,0,0,0,0,0,0,0,0,0,0,0,0,0,0,65526,0,39,114,1,78,0,0,425826,0,65520
202,0,7,0,0,0,0,0,1099025,0,0,0,0,66,65560,0,0,0,0,0,0,0,0,0,0,0,0,0,0,0,0,0,0,0,65524,0,101,47,0,168,0,0,147428,0,65529
202,0,8,0,0,0,0,0,1099025,0,0,0,0,68,65560,0,0,0,0,0,0,0,0,0,0,0,0,0,0,0,0,0,0,0,65525,0,52,0,41,139,507667,0,0,0,65531
202,0,9,0,0,0,0,0,1099025,0,0,0,0,61,65560,0,0,0,0,0,0,0,0,0,0,0,0,0,0,0,0,0,0,0,65525,397,40,0,1,73,0,0,98301,0,65524
202,0,10,0,0,0,0,0,1099025,0,0,0,0,56,0,0,0,0,0,0,0,0,0,0,0,0,0,0,0,0,0,0,0,0,0,0,86,86,1,127,0,0,0,0,0
202,0,11,0,0,0,0,0,1099025,0,0,0,0,50,0,0,0,0,0,0,0,0,0,0,0,0,0,0,0,0,0,0,0,0,0,0,44,42,0,102,0,0,0,0,0
202,0,12,0,0,0,0,0,1099025,0,0,0,0,50,0,0,0,0,0,0,0,0,0,0,0,0,0,0,0,0,0,0,0,0,0,0,0,0,42,96,0,0,0,0,0
202,0,13,0,0,0,0,0,1099025,0,0,0,0,56,0,0,0,0,0,0,0,0,0,0,0,0,0,0,0,0,0,0,0,0,0,172,0,0,0,114,0,0,0,0,0
202,0,14,0,0,0,0,0,1099025,0,0,0,0,50,0,0,0,0,0,0,0,0,0,0,0,0,0,0,0,0,0,0,0,0,0,0,0,86,0,62,0,0,0,0,0
202,0,15,0,0,0,0,0,1099025,0,0,0,0,44,0,0,0,0,0,0,0,0,0,0,0,0,0,0,0,0,0,0,0,0,0,0,0,36,0,94,0,0,0,0,0
203,0,0,0,0,0,0,0,2198150,0,0,130,524320,136,0,0,0,0,0,3915,0,0,0,0,0,0,0,0,130,130,0,261999,0,785758,524320,0,326,0,136,284,0,0,0,0,1441992
203,0,1,0,0,0,0,0,1099075,3915,0,0,0,1178,0,0,0,0,0,0,0,0,0,0,0,0,0,0,0,60,0,131001,0,261971,0,0,91,185,192,1964,0,0,163909,0,0
203,0,2,0,0,0,0,0,1099075,0,0,0,0,51,65560,0,0,0,0,0,0,0,0,0,0,0,0,0,0,0,0,65508,0,131000,65525,0,261,102,299,137,0,0,147457,0,65535
203,0,3,0,0,0,0,0,1099075,0,0,0,0,54,65560,0,0,0,0,0,0,0,0,0,0,0,0,0,0,0,0,65506,0,0,65526,0,106,46,0,65,0,0,49213,0,65535
203,0,4,0,0,0,0,0,1099075,0,0,0,0,55,65560,0,0,0,0,0,0,0,0,0,0,0,0,0,0,0,0,65505,0,0,65526,0,94,0,48,79,688092,0,0,0,65527
203,0,5,0,0,0,0,0,1099075,0,0,0,0,61,65560,0,0,0,0,0,0,0,0,0,0,0,0,0,0,0,0,65508,0,0,65527,570,161,0,1,143,0,0,606103,0,65518
203,0,6,0,0,0,0,0,1099075,0,0,0,0,63,65560,0,0,0,0,0,0,0,0,0,0,0,0,0,0,0,0,0,0,0,65526,0,43,118,1,76,0,0,425832,0,65523
203,0,7,0,0,0,0,0,1099075,0,0,0,0,69,65560,0,0,0,0,0,0,0,0,0,0,0,0,0,0,0,0,0,0,0,65524,0,100,44,0,172,0,0,147444,0,65529
203,0,8,0,0,0,0,0,1099075,0,0,0,0,62,65560,0,0,0,0,0,0,0,0,0,0,0,0,0,0,0,0,0,0,0,65524,0,52,0,47,131,507676,0,0,0,65528
203,0,9,0,0,0,0,0,1099075,0,0,0,0,57,65560,0,0,0,0,0,0,0,0,0,0,0,0,0,0,0,0,0,0,0,65526,396,40,0,0,71,0,0,98317,0,65525
203,0,10,0,0,0,0,0,1099075,0,0,0,0,53,0,0,0,0,0,0,0,0,0,0,0,0,0,0,0,0,0,0,0,0,0,0,82,86,2,124,0,0,0,0,0
203,0,11,0,0,0,0,0,1099075,0,0,0,0,47,0,0,0,0,0,0,0,0,0,0,0,0,0,0,0,0,0,0,0,0,0,0,44,45,0,147,0,0,0,0,0
203,0,12,0,0,0,0,0,1099075,0,0,0,0,47,0,0,0,0,0,0,0,0,0,0,0,0,0,0,0,0,0,0,0,0,0,0,0,0,45,93,0,0,0,0,0
203,0,13,0,0,0,0,0,1099075,0,0,0,0,53,0,0,0,0,0,0,0,0,0,0,0,0,0,0,0,0,0,0,0,0,0,172,0,0,0,111,0,0,0,0,0
203,0,14,0,0,0,0,0,1099075,0,0,0,0,47,0,0,0,0,0,0,0,0,0,0,0,0,0,0,0,0,0,0,0,0,0,0,0,86,0,63,0,0,0,0,0
203,0,15,0,0,0,0,0,1099075,0,0,0,0,41,0,0,0,0,0,0,0,0,0,0,0,0,0,0,0,0,0,0,0,0,0,0,0,39,0,91,0,0,0,0,0
204,0,0,0,0,0,0,0,2198143,0,0,130,524320,136,0,0,0,0,0,3915,0,0,0,0,0,0,0,0,130,130,0,261993,0,785758,524320,0,326,0,136,284,0,0,0,0,1442037
204,0,1,0,0,0,0,0,1099072,3915,0,0,0,1182,0,0,0,0,0,0,0,0,0,0,0,0,0,0,0,60,0,131004,0,261971,0,0,90,179,195,1970,0,0,163927,0,0
204,0,2,0,0,0,0,0,1099072,0,0,0,0,53,65560,0,0,0,0,0,0,0,0,0,0,0,0,0,0,0,0,65508,0,130997,65526,0,265,97,293,138,0,0,131089,0,65535
204,0,3,0,0,0,0,0,1099072,0,0,0,0,51,65560,0,0,0,0,0,0,0,0,0,0,0,0,0,0,0,0,65506,0,0,65527,0,110,49,0,64,0,0,49215,0,65535
204,0,4,0,0,0,0,0,1099072,0,0,0,0,59,65560,0,0,0,0,0,0,0,0,0,0,0,0,0,0,0,0,65505,0,0,65526,0,93,0,44,77,671724,0,0,0,65523
204,0,5,0,0,0,0,0,1099072,0,0,0,0,63,65560,0,0,0,0,0,0,0,0,0,0,0,0,0,0,0,0,65508,0,0,65526,573,162,0,0,145,0,0,606088,0,65524
204,0,6,0,0,0,0,0,1099072,0,0,0,0,64,65560,0,0,0,0,0,0,0,0,0,0,0,0,0,0,0,0,0,0,0,65526,0,39,116,2,77,0,0,425832,0,65517
204,0,7,0,0,0,0,0,1099072,0,0,0,0,68,65560,0,0,0,0,0,0,0,0,0,0,0,0,0,0,0,0,0,0,0,65523,0,99,45,0,167,0,0,147436,0,65526
204,0,8,0,0,0,0,0,1099072,0,0,0,0,70,65560,0,0,0,0,0,0,0,0,0,0,0,0,0,0,0,0,0,0,0,65524,0,52,0,39,140,507666,0,0,0,65532
204,0,9,0,0,0,0,0,1099072,0,0,0,0,61,65560,0,0,0,0,0,0,0,0,0,0,0,0,0,0,0,0,0,0,0,65526,398,40,0,2,74,0,0,98306,0,65525
204,0,10,0,0,0,0,0,1099072,0,0,0,0,56,0,0,0,0,0,0,0,0,0,0,0,0,0,0,0,0,0,0,0,0,0,0,86,86,0,127,0,0,0,0,0
204,0,11,0,0,0,0,0,1099072,0,0,0,0,50,0,0,0,0,0,0,0,0,0,0,0,0,0,0,0,0,0,0,0,0,0,0,47,42,0,118,0,0,0,0,0
204,0,12,0,0,0,0,0,1099072,0,0,0,0,50,0,0,0,0,0,0,0,0,0,0,0,0,0,0,0,0,0,0,0,0,0,0,0,0,42,96,0,0,0,0,0
204,0,13,0,0,0,0,0,1099072,0,0,0,0,56,0,0,0,0,0,0,0,0,0,0,0,0,0,0,0,0,0,0,0,0,0,172,0,0,0,114,0,0,0,0,0
204,0,14,0,0,0,0,0,1099072,0,0,0,0,50,0,0,0,0,0,0,0,0,0,0,0,0,0,0,0,0,0,0,0,0,0,0,0,86,0,62,0,0,0,0,0
204,0,15,0,0,0,0,0,1099072,0,0,0,0,44,0,0,0,0,0,0,0,0,0,0,0,0,0,0,0,0,0,0,0,0,0,0,0,36,0,91,0,0,0,0,0
205,0,0,0,0,0,0,0,2721878,0,0,162,655400,136,0,0,0,0,0,3975,0,0,0,0,0,0,0,0,162,162,0,262001,0,1047537,655400,0,322,0,136,284,0,0,0,0,1835287
205,0,1,0,0,0,0,0,1360939,3975,0,0,0,1207,0,0,0,0,0,0,0,0,0,0,0,0,0,0,0,78,0,130993,0,392909,0,0,94,180,199,2011,0,0,163902,0,0
205,0,2,0,0,0,0,0,1360939,0,0,0,0,53,65560,0,0,0,0,0,0,0,0,0,0,0,0,0,0,0,0,131004,0,196478,65525,0,281,97,314,137,0,0,131050,0,65535
205,0,3,0,0,0,0,0,1360939,0,0,0,0,52,65560,0,0,0,0,0,0,0,0,0,0,0,0,0,0,0,0,130999,0,0,65526,0,108,47,0,64,0,0,49197,0,65535
205,0,4,0,0,0,0,0,1360939,0,0,0,0,53,65560,0,0,0,0,0,0,0,0,0,0,0,0,0,0,0,0,65506,0,0,65526,0,90,0,48,77,868243,0,0,0,65527
205,0,5,0,0,0,0,0,1360939,0,0,0,0,58,65560,0,0,0,0,0,0,0,0,0,0,0,0,0,0,0,0,65500,0,0,65525,585,162,0,1,134,0,0,786171,0,65505
205,0,6,0,0,0,0,0,1360939,0,0,0,0,57,65560,0,0,0,0,0,0,0,0,0,0,0,0,0,0,0,0,65508,0,0,65525,0,49,116,1,65,0,0,458506,0,65515
205,0,7,0,0,0,0,0,1360939,0,0,0,0,65,65560,0,0,0,0,0,0,0,0,0,0,0,0,0,0,0,0,65510,0,0,65524,0,121,44,0,166,0,0,163784,0,65521
205,0,8,0,0,0,0,0,1360939,0,0,0,0,64,65560,0,0,0,0,0,0,0,0,0,0,0,0,0,0,0,0,0,0,0,65524,0,52,0,43,135,900691,0,0,0,65521
205,0,9,0,0,0,0,0,1360939,0,0,0,0,61,65560,0,0,0,0,0,0,0,0,0,0,0,0,0,0,0,0,0,0,0,65523,416,40,0,2,76,0,0,491336,0,65527
205,0,10,0,0,0,0,0,1360939,0,0,0,0,67,65560,0,0,0,0,0,0,0,0,0,0,0,0,0,0,0,0,0,0,0,65526,0,82,108,1,157,0,0,409351,0,65532
205,0,11,0,0,0,0,0,1360939,0,0,0,0,62,65560,0,0,0,0,0,0,0,0,0,0,0,0,0,0,0,0,0,0,0,65525,0,45,53,0,4294967206,0,0,131022,0,65528
205,0,12,0,0,0,0,0,1360939,0,0,0,0,47,0,0,0,0,0,0,0,0,0,0,0,0,0,0,0,0,0,0,0,0,0,0,0,0,45,93,0,0,0,0,0
205,0,13,0,0,0,0,0,1360939,0,0,0,0,53,0,0,0,0,0,0,0,0,0,0,0,0,0,0,0,0,0,0,0,0,0,172,0,0,0,111,0,0,0,0,0
205,0,14,0,0,0,0,0,1360939,0,0,0,0,47,0,0,0,0,0,0,0,0,0,0,0,0,0,0,0,0,0,0,0,0,0,0,0,86,0,63,0,0,0,0,0
205,0,15,0,0,0,0,0,1360939,0,0,0,0,41,0,0,0,0,0,0,0,0,0,0,0,0,0,0,0,0,0,0,0,0,0,0,0,39,0,92,0,0,0,0,0
206,0,0,0,0,0,0,0,2721855,0,0,162,655400,136,0,0,0,0,0,3972,0,0,0,0,0,0,0,0,162,162,0,262001,0,1047546,655400,0,322,0,136,284,0,0,0,0,1835237
206,0,1,0,0,0,0,0,1360928,3972,0,0,0,1209,0,0,0,0,0,0,0,0,0,0,0,0,0,0,0,78,0,131004,0,392896,0,0,92,181,198,1996,0,0,163895,0,0
206,0,2,0,0,0,0,0,1360928,0,0,0,0,52,65560,0,0,0,0,0,0,0,0,0,0,0,0,0,0,0,0,131004,0,196469,65525,0,283,99,316,133,0,0,131052,0,65534
206,0,3,0,0,0,0,0,1360928,0,0,0,0,53,65560,0,0,0,0,0,0,0,0,0,0,0,0,0,0,0,0,130992,0,0,65525,0,106,46,0,65,0,0,49200,0,65531
206,0,4,0,0,0,0,0,1360928,0,0,0,0,55,65560,0,0,0,0,0,0,0,0,0,0,0,0,0,0,0,0,65506,0,0,65526,0,92,0,46,76,868295,0,0,0,65527
206,0,5,0,0,0,0,0,1360928,0,0,0,0,60,65560,0,0,0,0,0,0,0,0,0,0,0,0,0,0,0,0,65509,0,0,65525,600,162,0,2,138,0,0,786182,0,65509
206,0,6,0,0,0,0,0,1360928,0,0,0,0,63,65560,0,0,0,0,0,0,0,0,0,0,0,0,0,0,0,0,65508,0,0,65525,0,46,109,0,72,0,0,458512,0,65517
206,0,7,0,0,0,0,0,1360928,0,0,0,0,64,65560,0,0,0,0,0,0,0,0,0,0,0,0,0,0,0,0,65507,0,0,65524,0,126,45,0,163,0,0,163788,0,65521
206,0,8,0,0,0,0,0,1360928,0,0,0,0,66,65560,0,0,0,0,0,0,0,0,0,0,0,0,0,0,0,0,0,0,0,65524,0,52,0,41,135,900733,0,0,0,65525
206,0,9,0,0,0,0,0,1360928,0,0,0,0,64,65560,0,0,0,0,0,0,0,0,0,0,0,0,0,0,0,0,0,0,0,65526,407,42,0,2,77,0,0,491349,0,65527
206,0,10,0,0,0,0,0,1360928,0,0,0,0,71,65560,0,0,0,0,0,0,0,0,0,0,0,0,0,0,0,0,0,0,0,65526,0,87,115,0,159,0,0,409386,0,65529
206,0,11,0,0,0,0,0,1360928,0,0,0,0,72,65560,0,0,0,0,0,0,0,0,0,0,0,0,0,0,0,0,0,0,0,65525,0,44,43,0,163,0,0,131021,0,65532
206,0,12,0,0,0,0,0,1360928,0,0,0,0,51,0,0,0,0,0,0,0,0,0,0,0,0,0,0,0,0,0,0,0,0,0,0,0,0,41,97,0,0,0,0,0
206,0,13,0,0,0,0,0,1360928,0,0,0,0,56,0,0,0,0,0,0,0,0,0,0,0,0,0,0,0,0,0,0,0,0,0,173,0,0,0,112,0,0,0,0,0
206,0,14,0,0,0,0,0,1360928,0,0,0,0,50,0,0,0,0,0,0,0,0,0,0,0,0,0,0,0,0,0,0,0,0,0,0,0,86,0,61,0,0,0,0,0
206,0,15,0,0,0,0,0,1360928,0,0,0,0,44,0,0,0,0,0,0,0,0,0,0,0,0,0,0,0,0,0,0,0,0,0,0,0,36,0,96,0,0,0,0,0
207,0,0,0,0,0,0,0,2721901,0,0,162,655400,136,0,0,0,0,0,3972,0,0,0,0,0,0,0,0,162,162,0,262001,0,1047577,655400,0,322,0,136,284,0,0,0,0,1835307
207,0,1,0,0,0,0,0,1360951,3972,0,0,0,1211,0,0,0,0,0,0,0,0,0,0,0,0,0,0,0,77,0,131005,0,392911,0,0,87,181,201,2009,0,0,163893,0,0
207,0,2,0,0,0,0,0,1360951,0,0,0,0,51,65560,0,0,0,0,0,0,0,0,0,0,0,0,0,0,0,0,131006,0,196479,65525,0,278,98,316,135,0,0,131054,0,65535
207,0,3,0,0,0,0,0,1360951,0,0,0,0,52,65560,0,0,0,0,0,0,0,0,0,0,0,0,0,0,0,0,131000,0,0,65526,0,108,47,0,62,0,0,49196,0,65535
207,0,4,0,0,0,0,0,1360951,0,0,0,0,53,65560,0,0,0,0,0,0,0,0,0,0,0,0,0,0,0,0,65506,0,0,65526,0,91,0,48,75,868270,0,0,0,65520
207,0,5,0,0,0,0,0,1360951,0,0,0,0,57,65560,0,0,0,0,0,0,0,0,0,0,0,0,0,0,0,0,65506,0,0,65525,590,165,0,1,137,0,0,802598,0,65507
207,0,6,0,0,0,0,0,1360951,0,0,0,0,58,65560,0,0,0,0,0,0,0,0,0,0,0,0,0,0,0,0,65508,0,0,65524,0,49,116,1,69,0,0,458544,0,65517
207,0,7,0,0,0,0,0,1360951,0,0,0,0,65,65560,0,0,0,0,0,0,0,0,0,0,0,0,0,0,0,0,65510,0,0,65524,0,122,43,0,166,0,0,163821,0,65520
207,0,8,0,0,0,0,0,1360951,0,0,0,0,63,65560,0,0,0,0,0,0,0,0,0,0,0,0,0,0,0,0,0,0,0,65524,0,52,0,44,133,917161,0,0,0,65525
207,0,9,0,0,0,0,0,1360951,0,0,0,0,62,65560,0,0,0,0,0,0,0,0,0,0,0,0,0,0,0,0,0,0,0,65527,412,40,0,1,74,0,0,491353,0,65527
207,0,10,0,0,0,0,0,1360951,0,0,0,0,69,65560,0,0,0,0,0,0,0,0,0,0,0,0,0,0,0,0,0,0,0,65526,0,82,111,1,159,0,0,409388,0,65529
207,0,11,0,0,0,0,0,1360951,0,0,0,0,66,65560,0,0,0,0,0,0,0,0,0,0,0,0,0,0,0,0,0,0,0,65526,0,43,49,0,169,0,0,131038,0,65532
207,0,12,0,0,0,0,0,1360951,0,0,0,0,47,0,0,0,0,0,0,0,0,0,0,0,0,0,0,0,0,0,0,0,0,0,0,0,0,45,93,0,0,0,0,0
207,0,13,0,0,0,0,0,1360951,0,0,0,0,53,0,0,0,0,0,0,0,0,0,0,0,0,0,0,0,0,0,0,0,0,0,172,0,0,0,111,0,0,0,0,0
207,0,14,0,0,0,0,0,1360951,0,0,0,0,47,0,0,0,0,0,0,0,0,0,0,0,0,0,0,0,0,0,0,0,0,0,0,0,86,0,63,0,0,0,0,0
207,0,15,0,0,0,0,0,1360951,0,0,0,0,41,0,0,0,0,0,0,0,0,0,0,0,0,0,0,0,0,0,0,0,0,0,0,0,39,0,94,0,0,0,0,0
208,0,0,0,0,0,0,0,3508243,0,0,212,852020,136,0,0,0,0,0,4065,0,0,0,0,0,0,0,0,212,212,0,392935,0,1309389,852020,0,339,0,136,284,0,0,0,0,2392503
208,0,1,0,0,0,0,0,1754122,4065,0,0,0,1246,0,0,0,0,0,0,0,0,0,0,0,0,0,0,0,110,0,196479,0,458375,0,0,93,184,210,2065,0,0,163946,0,0
208,0,2,0,0,0,0,0,1754122,0,0,0,0,50,65560,0,0,0,0,0,0,0,0,0,0,0,0,0,0,0,0,196478,0,196474,65524,0,296,97,306,132,0,0,131073,0,65535
208,0,3,0,0,0,0,0,1754122,0,0,0,0,52,65560,0,0,0,0,0,0,0,0,0,0,0,0,0,0,0,0,131000,0,0,65527,0,113,47,0,63,0,0,49228,0,65527
208,0,4,0,0,0,0,0,1754122,0,0,0,0,57,65560,0,0,0,0,0,0,0,0,0,0,0,0,0,0,0,0,130992,0,0,65526,0,97,0,42,77,1114159,0,0,0,65523
208,0,5,0,0,0,0,0,1754122,0,0,0,0,56,65560,0,0,0,0,0,0,0,0,0,0,0,0,0,0,0,0,131003,0,0,65525,614,184,0,2,132,0,0,589794,0,65519
208,0,6,0,0,0,0,0,1754122,0,0,0,0,57,65560,0,0,0,0,0,0,0,0,0,0,0,0,0,0,0,0,131005,0,0,65524,0,52,109,0,68,0,0,376680,0,65528
208,0,7,0,0,0,0,0,1754122,0,0,0,0,61,65560,0,0,0,0,0,0,0,0,0,0,0,0,0,0,0,0,65508,0,0,65524,0,118,43,0,158,0,0,163828,0,65522
208,0,8,0,0,0,0,0,1754122,0,0,0,0,64,65560,0,0,0,0,0,0,0,0,0,0,0,0,0,0,0,0,65506,0,0,65521,0,66,0,41,133,1228395,0,0,0,65526
208,0,9,0,0,0,0,0,1754122,0,0,0,0,62,65560,0,0,0,0,0,0,0,0,0,0,0,0,0,0,0,0,65506,0,0,65526,447,44,0,0,76,0,0,1277456,0,65513
208,0,10,0,0,0,0,0,1754122,0,0,0,0,72,65560,0,0,0,0,0,0,0,0,0,0,0,0,0,0,0,0,65506,0,0,65525,0,104,108,2,162,0,0,622275,0,65523
208,0,11,0,0,0,0,0,1754122,0,0,0,0,66,65560,0,0,0,0,0,0,0,0,0,0,0,0,0,0,0,0,0,0,0,65526,0,41,49,0,212,0,0,262047,0,65523
208,0,12,0,0,0,0,0,1754122,0,0,0,0,61,65560,0,0,0,0,0,0,0,0,0,0,0,0,0,0,0,0,0,0,0,65527,0,0,0,50,114,1031770,0,0,0,65530
208,0,13,0,0,0,0,0,1754122,0,0,0,0,71,65560,0,0,0,0,0,0,0,0,0,0,0,0,0,0,0,0,0,0,0,65527,204,0,0,2,150,0,0,507630,0,65521
208,0,14,0,0,0,0,0,1754122,0,0,0,0,66,65560,0,0,0,0,0,0,0,0,0,0,0,0,0,0,0,0,0,0,0,65527,0,0,93,0,85,0,0,262046,0,65517
208,0,15,0,0,0,0,0,1754122,0,0,0,0,44,0,0,0,0,0,0,0,0,0,0,0,0,0,0,0,0,0,0,0,0,0,0,0,36,0,102,0,0,0,0,0
209,0,0,0,0,0,0,0,3508191,0,0,212,852020,136,0,0,0,0,0,4065,0,0,0,0,0,0,0,0,212,212,0,392953,0,1309376,852020,0,339,0,136,284,0,0,0,0,2392455
209,0,1,0,0,0,0,0,1754096,4065,0,0,0,1240,0,0,0,0,0,0,0,0,0,0,0,0,0,0,0,107,0,196478,0,458372,0,0,97,185,211,2045,0,0,163948,0,0
209,0,2,0,0,0,0,0,1754096,0,0,0,0,51,65560,0,0,0,0,0,0,0,0,0,0,0,0,0,0,0,0,196478,0,196474,65524,0,295,99,304,134,0,0,131072,0,65535
209,0,3,0,0,0,0,0,1754096,0,0,0,0,54,65560,0,0,0,0,0,0,0,0,0,0,0,0,0,0,0,0,131000,0,0,65527,0,115,45,0,65,0,0,49242,0,65523
209,0,4,0,0,0,0,0,1754096,0,0,0,0,56,65560,0,0,0,0,0,0,0,0,0,0,0,0,0,0,0,0,130999,0,0,65526,0,98,0,43,76,1114134,0,0,0,65522
209,0,5,0,0,0,0,0,1754096,0,0,0,0,58,65560,0,0,0,0,0,0,0,0,0,0,0,0,0,0,0,0,131005,0,0,65525,626,183,0,1,131,0,0,589757,0,65517
209,0,6,0,0,0,0,0,1754096,0,0,0,0,60,65560,0,0,0,0,0,0,0,0,0,0,0,0,0,0,0,0,131005,0,0,65524,0,54,108,1,70,0,0,376648,0,65528
209,0,7,0,0,0,0,0,1754096,0,0,0,0,64,65560,0,0,0,0,0,0,0,0,0,0,0,0,0,0,0,0,65508,0,0,65524,0,115,41,0,160,0,0,163814,0,65520
209,0,8,0,0,0,0,0,1754096,0,0,0,0,64,65560,0,0,0,0,0,0,0,0,0,0,0,0,0,0,0,0,65508,0,0,65524,0,65,0,41,133,1228350,0,0,0,65524
209,0,9,0,0,0,0,0,1754096,0,0,0,0,63,65560,0,0,0,0,0,0,0,0,0,0,0,0,0,0,0,0,65506,0,0,65525,434,46,0,1,76,0,0,1277413,0,65513
209,0,10,0,0,0,0,0,1754096,0,0,0,0,71,65560,0,0,0,0,0,0,0,0,0,0,0,0,0,0,0,0,65506,0,0,65525,0,103,112,1,160,0,0,622270,0,65522
209,0,11,0,0,0,0,0,1754096,0,0,0,0,69,65560,0,0,0,0,0,0,0,0,0,0,0,0,0,0,0,0,0,0,0,65526,0,45,46,0,151,0,0,262044,0,65523
209,0,12,0,0,0,0,0,1754096,0,0,0,0,64,65560,0,0,0,0,0,0,0,0,0,0,0,0,0,0,0,0,0,0,0,65526,0,0,0,47,118,1031741,0,0,0,65530
209,0,13,0,0,0,0,0,1754096,0,0,0,0,69,65560,0,0,0,0,0,0,0,0,0,0,0,0,0,0,0,0,0,0,0,65527,211,0,0,2,146,0,0,507626,0,65521
209,0,14,0,0,0,0,0,1754096,0,0,0,0,68,65560,0,0,0,0,0,0,0,0,0,0,0,0,0,0,0,0,0,0,0,65527,0,0,91,0,88,0,0,262046,0,65517
209,0,15,0,0,0,0,0,1754096,0,0,0,0,44,0,0,0,0,0,0,0,0,0,0,0,0,0,0,0,0,0,0,0,0,0,0,0,36,0,98,0,0,0,0,0
210,0,0,0,0,0,0,0,3508118,0,0,212,852020,136,0,0,0,0,0,4068,0,0,0,0,0,0,0,0,212,212,0,392953,0,1309393,852020,0,339,0,136,284,0,0,0,0,2392380
210,0,1,0,0,0,0,0,1754059,4068,0,0,0,1244,0,0,0,0,0,0,0,0,0,0,0,0,0,0,0,108,0,196480,0,458375,0,0,94,186,209,2058,0,0,163911,0,0
210,0,2,0,0,0,0,0,1754059,0,0,0,0,50,65560,0,0,0,0,0,0,0,0,0,0,0,0,0,0,0,0,196479,0,196475,65524,0,294,99,307,133,0,0,131064,0,65534
210,0,3,0,0,0,0,0,1754059,0,0,0,0,53,65560,0,0,0,0,0,0,0,0,0,0,0,0,0,0,0,0,131000,0,0,65527,0,112,46,0,64,0,0,49212,0,65529
210,0,4,0,0,0,0,0,1754059,0,0,0,0,54,65560,0,0,0,0,0,0,0,0,0,0,0,0,0,0,0,0,131000,0,0,65526,0,98,0,45,75,1097752,0,0,0,65527
210,0,5,0,0,0,0,0,1754059,0,0,0,0,58,65560,0,0,0,0,0,0,0,0,0,0,0,0,0,0,0,0,131006,0,0,65524,617,185,0,0,132,0,0,589713,0,65516
210,0,6,0,0,0,0,0,1754059,0,0,0,0,60,65560,0,0,0,0,0,0,0,0,0,0,0,0,0,0,0,0,131004,0,0,65524,0,56,105,2,69,0,0,376648,0,65524
210,0,7,0,0,0,0,0,1754059,0,0,0,0,60,65560,0,0,0,0,0,0,0,0,0,0,0,0,0,0,0,0,65508,0,0,65524,0,120,44,0,154,0,0,163815,0,65522
210,0,8,0,0,0,0,0,1754059,0,0,0,0,65,65560,0,0,0,0,0,0,0,0,0,0,0,0,0,0,0,0,65506,0,0,65525,0,68,0,40,131,1228285,0,0,0,65524
210,0,9,0,0,0,0,0,1754059,0,0,0,0,62,65560,0,0,0,0,0,0,0,0,0,0,0,0,0,0,0,0,65506,0,0,65525,445,45,0,1,74,0,0,1277356,0,65510
210,0,10,0,0,0,0,0,1754059,0,0,0,0,70,65560,0,0,0,0,0,0,0,0,0,0,0,0,0,0,0,0,65506,0,0,65525,0,105,106,2,155,0,0,622229,0,65523
210,0,11,0,0,0,0,0,1754059,0,0,0,0,63,65560,0,0,0,0,0,0,0,0,0,0,0,0,0,0,0,0,0,0,0,65526,0,44,52,0,198,0,0,262019,0,65523
210,0,12,0,0,0,0,0,1754059,0,0,0,0,63,65560,0,0,0,0,0,0,0,0,0,0,0,0,0,0,0,0,0,0,0,65527,0,0,0,48,114,1031746,0,0,0,65534
210,0,13,0,0,0,0,0,1754059,0,0,0,0,71,65560,0,0,0,0,0,0,0,0,0,0,0,0,0,0,0,0,0,0,0,65527,208,0,0,2,149,0,0,507603,0,65530
210,0,14,0,0,0,0,0,1754059,0,0,0,0,68,65560,0,0,0,0,0,0,0,0,0,0,0,0,0,0,0,0,0,0,0,65527,0,0,91,0,86,0,0,262036,0,65517
210,0,15,0,0,0,0,0,1754059,0,0,0,0,44,0,0,0,0,0,0,0,0,0,0,0,0,0,0,0,0,0,0,0,0,0,0,0,36,0,99,0,0,0,0,0
211,0,0,0,0,0,0,0,1008824,0,0,6706,73728,136,0,0,0,0,0,13734,0,0,0,0,0,0,0,0,6706,6706,0,0,0,73728,73728,0,294,0,136,284,0,0,0,0,24576
211,0,1,0,0,0,0,0,504412,13734,0,0,0,4998,0,0,0,0,0,0,0,0,0,0,0,0,0,0,0,746,0,0,0,39471,0,0,79,172,2966,9638,0,0,24576,0,0
211,0,2,0,0,0,0,0,504412,0,0,0,0,3957,24576,0,0,0,0,0,0,0,0,0,0,0,0,0,0,0,0,0,0,0,34257,0,246,2886,276,7949,0,0,0,0,24576
211,0,3,0,0,0,0,0,504412,0,0,0,0,47,0,0,0,0,0,0,0,0,0,0,0,0,0,0,0,0,0,0,0,0,0,0,97,45,0,55,0,0,0,0,0
211,0,4,0,0,0,0,0,504412,0,0,0,0,47,0,0,0,0,0,0,0,0,0,0,0,0,0,0,0,0,0,0,0,0,0,0,87,0,45,66,0,0,0,0,0
211,0,5,0,0,0,0,0,504412,0,0,0,0,47,0,0,0,0,0,0,0,0,0,0,0,0,0,0,0,0,0,0,0,0,0,522,150,0,0,112,0,0,0,0,0
211,0,6,0,0,0,0,0,504412,0,0,0,0,47,0,0,0,0,0,0,0,0,0,0,0,0,0,0,0,0,0,0,0,0,0,0,43,98,0,52,0,0,0,0,0
211,0,7,0,0,0,0,0,504412,0,0,0,0,53,0,0,0,0,0,0,0,0,0,0,0,0,0,0,0,0,0,0,0,0,0,0,99,39,0,140,0,0,0,0,0
211,0,8,0,0,0,0,0,504412,0,0,0,0,53,0,0,0,0,0,0,0,0,0,0,0,0,0,0,0,0,0,0,0,0,0,0,52,0,39,110,0,0,0,0,0
211,0,9,0,0,0,0,0,504412,0,0,0,0,47,0,0,0,0,0,0,0,0,0,0,0,0,0,0,0,0,0,0,0,0,0,380,40,0,0,53,0,0,0,0,0
211,0,10,0,0,0,0,0,504412,0,0,0,0,53,0,0,0,0,0,0,0,0,0,0,0,0,0,0,0,0,0,0,0,0,0,0,82,86,0,124,0,0,0,0,0
211,0,11,0,0,0,0,0,504412,0,0,0,0,47,0,0,0,0,0,0,0,0,0,0,0,0,0,0,0,0,0,0,0,0,0,0,40,45,0,131,0,0,0,0,0
211,0,12,0,0,0,0,0,504412,0,0,0,0,47,0,0,0,0,0,0,0,0,0,0,0,0,0,0,0,0,0,0,0,0,0,0,0,0,45,93,0,0,0,0,0
211,0,13,0,0,0,0,0,504412,0,0,0,0,53,0,0,0,0,0,0,0,0,0,0,0,0,0,0,0,0,0,0,0,0,0,172,0,0,0,111,0,0,0,0,0
211,0,14,0,0,0,0,0,504412,0,0,0,0,47,0,0,0,0,0,0,0,0,0,0,0,0,0,0,0,0,0,0,0,0,0,0,0,86,0,63,0,0,0,0,0
211,0,15,0,0,0,0,0,504412,0,0,0,0,41,0,0,0,0,0,0,0,0,0,0,0,0,0,0,0,0,0,0,0,0,0,0,0,39,0,88,0,0,0,0,0
212,0,0,0,0,0,0,0,1008760,0,0,6706,73728,136,0,0,0,0,0,13737,0,0,0,0,0,0,0,0,6706,6706,0,0,0,73728,73728,0,294,0,136,284,0,0,0,0,24576
212,0,1,0,0,0,0,0,504380,13737,0,0,0,4996,0,0,0,0,0,0,0,0,0,0,0,0,0,0,0,745,0,0,0,39471,0,0,79,173,2967,9637,0,0,24576,0,0
212,0,2,0,0,0,0,0,504380,0,0,0,0,3959,24576,0,0,0,0,0,0,0,0,0,0,0,0,0,0,0,0,0,0,0,34257,0,246,2885,275,7950,0,0,0,0,24576
212,0,3,0,0,0,0,0,504380,0,0,0,0,47,0,0,0,0,0,0,0,0,0,0,0,0,0,0,0,0,0,0,0,0,0,0,98,45,0,55,0,0,0,0,0
212,0,4,0,0,0,0,0,504380,0,0,0,0,47,0,0,0,0,0,0,0,0,0,0,0,0,0,0,0,0,0,0,0,0,0,0,87,0,45,66,0,0,0,0,0
212,0,5,0,0,0,0,0,504380,0,0,0,0,47,0,0,0,0,0,0,0,0,0,0,0,0,0,0,0,0,0,0,0,0,0,522,150,0,0,112,0,0,0,0,0
212,0,6,0,0,0,0,0,504380,0,0,0,0,47,0,0,0,0,0,0,0,0,0,0,0,0,0,0,0,0,0,0,0,0,0,0,43,98,0,52,0,0,0,0,0
212,0,7,0,0,0,0,0,504380,0,0,0,0,53,0,0,0,0,0,0,0,0,0,0,0,0,0,0,0,0,0,0,0,0,0,0,98,39,0,140,0,0,0,0,0
212,0,8,0,0,0,0,0,504380,0,0,0,0,53,0,0,0,0,0,0,0,0,0,0,0,0,0,0,0,0,0,0,0,0,0,0,52,0,39,110,0,0,0,0,0
212,0,9,0,0,0,0,0,504380,0,0,0,0,47,0,0,0,0,0,0,0,0,0,0,0,0,0,0,0,0,0,0,0,0,0,380,40,0,0,53,0,0,0,0,0
212,0,10,0,0,0,0,0,504380,0,0,0,0,53,0,0,0,0,0,0,0,0,0,0,0,0,0,0,0,0,0,0,0,0,0,0,82,86,0,124,0,0,0,0,0
212,0,11,0,0,0,0,0,504380,0,0,0,0,47,0,0,0,0,0,0,0,0,0,0,0,0,0,0,0,0,0,0,0,0,0,0,41,45,0,131,0,0,0,0,0
212,0,12,0,0,0,0,0,504380,0,0,0,0,47,0,0,0,0,0,0,0,0,0,0,0,0,0,0,0,0,0,0,0,0,0,0,0,0,45,93,0,0,0,0,0
212,0,13,0,0,0,0,0,504380,0,0,0,0,53,0,0,0,0,0,0,0,0,0,0,0,0,0,0,0,0,0,0,0,0,0,172,0,0,0,111,0,0,0,0,0
212,0,14,0,0,0,0,0,504380,0,0,0,0,47,0,0,0,0,0,0,0,0,0,0,0,0,0,0,0,0,0,0,0,0,0,0,0,86,0,63,0,0,0,0,0
212,0,15,0,0,0,0,0,504380,0,0,0,0,41,0,0,0,0,0,0,0,0,0,0,0,0,0,0,0,0,0,0,0,0,0,0,0,39,0,87,0,0,0,0,0
213,0,0,0,0,0,0,0,1008853,0,0,6706,73728,136,0,0,0,0,0,13737,0,0,0,0,0,0,0,0,6706,6706,0,0,0,73728,73728,0,294,0,136,284,0,0,0,0,24576
213,0,1,0,0,0,0,0,504427,13737,0,0,0,4996,0,0,0,0,0,0,0,0,0,0,0,0,0,0,0,745,0,0,0,39470,0,0,79,173,2967,9637,0,0,24576,0,0
213,0,2,0,0,0,0,0,504427,0,0,0,0,3959,24576,0,0,0,0,0,0,0,0,0,0,0,0,0,0,0,0,0,0,0,34258,0,246,2885,275,7950,0,0,0,0,24576
213,0,3,0,0,0,0,0,504427,0,0,0,0,47,0,0,0,0,0,0,0,0,0,0,0,0,0,0,0,0,0,0,0,0,0,0,98,45,0,55,0,0,0,0,0
213,0,4,0,0,0,0,0,504427,0,0,0,0,47,0,0,0,0,0,0,0,0,0,0,0,0,0,0,0,0,0,0,0,0,0,0,87,0,45,66,0,0,0,0,0
213,0,5,0,0,0,0,0,504427,0,0,0,0,47,0,0,0,0,0,0,0,0,0,0,0,0,0,0,0,0,0,0,0,0,0,522,150,0,0,112,0,0,0,0,0
213,0,6,0,0,0,0,0,504427,0,0,0,0,47,0,0,0,0,0,0,0,0,0,0,0,0,0,0,0,0,0,0,0,0,0,0,43,98,0,52,0,0,0,0,0
213,0,7,0,0,0,0,0,504427,0,0,0,0,53,0,0,0,0,0,0,0,0,0,0,0,0,0,0,0,0,0,0,0,0,0,0,98,39,0,140,0,0,0,0,0
213,0,8,0,0,0,0,0,504427,0,0,0,0,53,0,0,0,0,0,0,0,0,0,0,0,0,0,0,0,0,0,0,0,0,0,0,52,0,39,110,0,0,0,0,0
213,0,9,0,0,0,0,0,504427,0,0,0,0,47,0,0,0,0,0,0,0,0,0,0,0,0,0,0,0,0,0,0,0,0,0,380,40,0,0,53,0,0,0,0,0
213,0,10,0,0,0,0,0,504427,0,0,0,0,53,0,0,0,0,0,0,0,0,0,0,0,0,0,0,0,0,0,0,0,0,0,0,82,86,0,124,0,0,0,0,0
213,0,11,0,0,0,0,0,504427,0,0,0,0,47,0,0,0,0,0,0,0,0,0,0,0,0,0,0,0,0,0,0,0,0,0,0,41,45,0,131,0,0,0,0,0
213,0,12,0,0,0,0,0,504427,0,0,0,0,47,0,0,0,0,0,0,0,0,0,0,0,0,0,0,0,0,0,0,0,0,0,0,0,0,45,93,0,0,0,0,0
213,0,13,0,0,0,0,0,504427,0,0,0,0,53,0,0,0,0,0,0,0,0,0,0,0,0,0,0,0,0,0,0,0,0,0,172,0,0,0,111,0,0,0,0,0
213,0,14,0,0,0,0,0,504427,0,0,0,0,47,0,0,0,0,0,0,0,0,0,0,0,0,0,0,0,0,0,0,0,0,0,0,0,86,0,63,0,0,0,0,0
213,0,15,0,0,0,0,0,504427,0,0,0,0,41,0,0,0,0,0,0,0,0,0,0,0,0,0,0,0,0,0,0,0,0,0,0,0,39,0,87,0,0,0,0,0
214,0,0,0,0,0,0,0,1099304,0,0,6564,147456,136,0,0,0,0,0,13530,0,0,0,0,0,0,0,0,6564,6564,0,0,0,147456,147456,0,294,0,136,284,0,0,0,0,49152
214,0,1,0,0,0,0,0,549652,13530,0,0,0,5987,0,0,0,0,0,0,0,0,0,0,0,0,0,0,0,2447,0,0,0,73704,0,0,78,171,1838,9994,0,0,24576,0,0
214,0,2,0,0,0,0,0,549652,0,0,0,0,2505,24576,0,0,0,0,0,0,0,0,0,0,0,0,0,0,0,0,0,0,40150,33694,0,250,3372,3529,4226,0,0,24576,0,24576
214,0,3,0,0,0,0,0,549652,0,0,0,0,2505,24576,0,0,0,0,0,0,0,0,0,0,0,0,0,0,0,0,0,0,0,34387,0,100,868,0,2540,0,0,0,0,24576
214,0,4,0,0,0,0,0,549652,0,0,0,0,50,0,0,0,0,0,0,0,0,0,0,0,0,0,0,0,0,0,0,0,0,0,0,87,0,42,67,0,0,0,0,0
214,0,5,0,0,0,0,0,549652,0,0,0,0,50,0,0,0,0,0,0,0,0,0,0,0,0,0,0,0,0,0,0,0,0,0,525,150,0,0,116,0,0,0,0,0
214,0,6,0,0,0,0,0,549652,0,0,0,0,50,0,0,0,0,0,0,0,0,0,0,0,0,0,0,0,0,0,0,0,0,0,0,39,95,0,55,0,0,0,0,0
214,0,7,0,0,0,0,0,549652,0,0,0,0,53,0,0,0,0,0,0,0,0,0,0,0,0,0,0,0,0,0,0,0,0,0,0,99,39,0,138,0,0,0,0,0
214,0,8,0,0,0,0,0,549652,0,0,0,0,56,0,0,0,0,0,0,0,0,0,0,0,0,0,0,0,0,0,0,0,0,0,0,52,0,36,113,0,0,0,0,0
214,0,9,0,0,0,0,0,549652,0,0,0,0,50,0,0,0,0,0,0,0,0,0,0,0,0,0,0,0,0,0,0,0,0,0,380,40,0,0,56,0,0,0,0,0
214,0,10,0,0,0,0,0,549652,0,0,0,0,56,0,0,0,0,0,0,0,0,0,0,0,0,0,0,0,0,0,0,0,0,0,0,86,86,0,127,0,0,0,0,0
214,0,11,0,0,0,0,0,549652,0,0,0,0,50,0,0,0,0,0,0,0,0,0,0,0,0,0,0,0,0,0,0,0,0,0,0,41,42,0,118,0,0,0,0,0
214,0,12,0,0,0,0,0,549652,0,0,0,0,50,0,0,0,0,0,0,0,0,0,0,0,0,0,0,0,0,0,0,0,0,0,0,0,0,42,96,0,0,0,0,0
214,0,13,0,0,0,0,0,549652,0,0,0,0,56,0,0,0,0,0,0,0,0,0,0,0,0,0,0,0,0,0,0,0,0,0,172,0,0,0,114,0,0,0,0,0
214,0,14,0,0,0,0,0,549652,0,0,0,0,50,0,0,0,0,0,0,0,0,0,0,0,0,0,0,0,0,0,0,0,0,0,0,0,86,0,62,0,0,0,0,0
214,0,15,0,0,0,0,0,549652,0,0,0,0,44,0,0,0,0,0,0,0,0,0,0,0,0,0,0,0,0,0,0,0,0,0,0,0,36,0,91,0,0,0,0,0
215,0,0,0,0,0,0,0,1099809,0,0,6560,147456,136,0,0,0,0,0,13524,0,0,0,0,0,0,0,0,6560,6560,0,0,0,147456,147456,0,294,0,136,284,0,0,0,0,49152
215,0,1,0,0,0,0,0,549905,13524,0,0,0,6008,0,0,0,0,0,0,0,0,0,0,0,0,0,0,0,3253,0,0,0,73702,0,0,78,172,1812,10013,0,0,24576,0,0
215,0,2,0,0,0,0,0,549905,0,0,0,0,2487,24576,0,0,0,0,0,0,0,0,0,0,0,0,0,0,0,0,0,0,40947,32807,0,250,3370,3530,4230,0,0,24576,0,24576
215,0,3,0,0,0,0,0,549905,0,0,0,0,2487,24576,0,0,0,0,0,0,0,0,0,0,0,0,0,0,0,0,0,0,0,32782,0,100,883,0,2520,0,0,0,0,24576
215,0,4,0,0,0,0,0,549905,0,0,0,0,50,0,0,0,0,0,0,0,0,0,0,0,0,0,0,0,0,0,0,0,0,0,0,87,0,42,67,0,0,0,0,0
215,0,5,0,0,0,0,0,549905,0,0,0,0,50,0,0,0,0,0,0,0,0,0,0,0,0,0,0,0,0,0,0,0,0,0,525,150,0,0,116,0,0,0,0,0
215,0,6,0,0,0,0,0,549905,0,0,0,0,50,0,0,0,0,0,0,0,0,0,0,0,0,0,0,0,0,0,0,0,0,0,0,39,95,0,55,0,0,0,0,0
215,0,7,0,0,0,0,0,549905,0,0,0,0,53,0,0,0,0,0,0,0,0,0,0,0,0,0,0,0,0,0,0,0,0,0,0,99,39,0,138,0,0,0,0,0
215,0,8,0,0,0,0,0,549905,0,0,0,0,56,0,0,0,0,0,0,0,0,0,0,0,0,0,0,0,0,0,0,0,0,0,0,52,0,36,113,0,0,0,0,0
215,0,9,0,0,0,0,0,549905,0,0,0,0,50,0,0,0,0,0,0,0,0,0,0,0,0,0,0,0,0,0,0,0,0,0,380,40,0,0,56,0,0,0,0,0
215,0,10,0,0,0,0,0,549905,0,0,0,0,56,0,0,0,0,0,0,0,0,0,0,0,0,0,0,0,0,0,0,0,0,0,0,86,86,0,127,0,0,0,0,0
215,0,11,0,0,0,0,0,549905,0,0,0,0,50,0,0,0,0,0,0,0,0,0,0,0,0,0,0,0,0,0,0,0,0,0,0,41,42,0,150,0,0,0,0,0
215,0,12,0,0,0,0,0,549905,0,0,0,0,50,0,0,0,0,0,0,0,0,0,0,0,0,0,0,0,0,0,0,0,0,0,0,0,0,42,96,0,0,0,0,0
215,0,13,0,0,0,0,0,549905,0,0,0,0,56,0,0,0,0,0,0,0,0,0,0,0,0,0,0,0,0,0,0,0,0,0,172,0,0,0,114,0,0,0,0,0
215,0,14,0,0,0,0,0,549905,0,0,0,0,50,0,0,0,0,0,0,0,0,0,0,0,0,0,0,0,0,0,0,0,0,0,0,0,86,0,62,0,0,0,0,0
215,0,15,0,0,0,0,0,549905,0,0,0,0,44,0,0,0,0,0,0,0,0,0,0,0,0,0,0,0,0,0,0,0,0,0,0,0,36,0,91,0,0,0,0,0
216,0,0,0,0,0,0,0,1099892,0,0,6560,147456,136,0,0,0,0,0,13521,0,0,0,0,0,0,0,0,6560,6560,0,0,0,147456,147456,0,294,0,136,284,0,0,0,0,49152
216,0,1,0,0,0,0,0,549946,13521,0,0,0,6004,0,0,0,0,0,0,0,0,0,0,0,0,0,0,0,2434,0,0,0,73702,0,0,79,173,1814,10015,0,0,24576,0,0
216,0,2,0,0,0,0,0,549946,0,0,0,0,2505,24576,0,0,0,0,0,0,0,0,0,0,0,0,0,0,0,0,0,0,40129,33625,0,246,3367,3542,4238,0,0,24576,0,24576
216,0,3,0,0,0,0,0,549946,0,0,0,0,2503,24576,0,0,0,0,0,0,0,0,0,0,0,0,0,0,0,0,0,0,0,34405,0,97,868,0,2526,0,0,0,0,24576
216,0,4,0,0,0,0,0,549946,0,0,0,0,47,0,0,0,0,0,0,0,0,0,0,0,0,0,0,0,0,0,0,0,0,0,0,87,0,45,66,0,0,0,0,0
216,0,5,0,0,0,0,0,549946,0,0,0,0,47,0,0,0,0,0,0,0,0,0,0,0,0,0,0,0,0,0,0,0,0,0,522,150,0,0,112,0,0,0,0,0
216,0,6,0,0,0,0,0,549946,0,0,0,0,47,0,0,0,0,0,0,0,0,0,0,0,0,0,0,0,0,0,0,0,0,0,0,43,98,0,52,0,0,0,0,0
216,0,7,0,0,0,0,0,549946,0,0,0,0,53,0,0,0,0,0,0,0,0,0,0,0,0,0,0,0,0,0,0,0,0,0,0,100,39,0,140,0,0,0,0,0
216,0,8,0,0,0,0,0,549946,0,0,0,0,53,0,0,0,0,0,0,0,0,0,0,0,0,0,0,0,0,0,0,0,0,0,0,52,0,39,110,0,0,0,0,0
216,0,9,0,0,0,0,0,549946,0,0,0,0,47,0,0,0,0,0,0,0,0,0,0,0,0,0,0,0,0,0,0,0,0,0,380,40,0,0,53,0,0,0,0,0
216,0,10,0,0,0,0,0,549946,0,0,0,0,53,0,0,0,0,0,0,0,0,0,0,0,0,0,0,0,0,0,0,0,0,0,0,82,86,0,124,0,0,0,0,0
216,0,11,0,0,0,0,0,549946,0,0,0,0,47,0,0,0,0,0,0,0,0,0,0,0,0,0,0,0,0,0,0,0,0,0,0,40,45,0,4294967171,0,0,0,0,0
216,0,12,0,0,0,0,0,549946,0,0,0,0,47,0,0,0,0,0,0,0,0,0,0,0,0,0,0,0,0,0,0,0,0,0,0,0,0,45,93,0,0,0,0,0
216,0,13,0,0,0,0,0,549946,0,0,0,0,53,0,0,0,0,0,0,0,0,0,0,0,0,0,0,0,0,0,0,0,0,0,172,0,0,0,111,0,0,0,0,0
216,0,14,0,0,0,0,0,549946,0,0,0,0,47,0,0,0,0,0,0,0,0,0,0,0,0,0,0,0,0,0,0,0,0,0,0,0,86,0,63,0,0,0,0,0
216,0,15,0,0,0,0,0,549946,0,0,0,0,41,0,0,0,0,0,0,0,0,0,0,0,0,0,0,0,0,0,0,0,0,0,0,0,39,0,89,0,0,0,0,0
217,0,0,0,0,0,0,0,1110889,0,0,7736,294912,136,0,0,0,0,0,15300,0,0,0,0,0,0,0,0,7736,7736,0,73728,0,221184,294912,0,2229,0,136,284,0,0,0,0,98304
217,0,1,0,0,0,0,0,555444,15300,0,0,0,5490,0,0,0,0,0,0,0,0,0,0,0,0,0,0,0,1376,0,39883,0,74916,0,0,819,882,2057,10012,0,0,24577,0,0
217,0,2,0,0,0,0,0,555444,0,0,0,0,1299,24576,0,0,0,0,0,0,0,0,0,0,0,0,0,0,0,0,0,0,39336,40800,0,250,2087,1249,2385,0,0,24575,0,24576
217,0,3,0,0,0,0,0,555444,0,0,0,0,1362,24576,0,0,0,0,0,0,0,0,0,0,0,0,0,0,0,0,0,0,0,34509,0,100,663,0,2329,0,0,0,0,24576
217,0,4,0,0,0,0,0,555444,0,0,0,0,1520,24576,0,0,0,0,0,0,0,0,0,0,0,0,0,0,0,0,0,0,0,41263,0,87,0,505,2247,24576,0,0,0,24576
217,0,5,0,0,0,0,0,555444,0,0,0,0,1514,24576,0,0,0,0,0,0,0,0,0,0,0,0,0,0,0,0,0,0,0,38344,2463,150,0,1,2774,0,0,0,0,24576
217,0,6,0,0,0,0,0,555444,0,0,0,0,50,0,0,0,0,0,0,0,0,0,0,0,0,0,0,0,0,0,0,0,0,0,0,39,95,1,55,0,0,0,0,0
217,0,7,0,0,0,0,0,555444,0,0,0,0,53,0,0,0,0,0,0,0,0,0,0,0,0,0,0,0,0,0,0,0,0,0,0,100,39,0,138,0,0,0,0,0
217,0,8,0,0,0,0,0,555444,0,0,0,0,56,0,0,0,0,0,0,0,0,0,0,0,0,0,0,0,0,0,0,0,0,0,0,52,0,36,113,0,0,0,0,0
217,0,9,0,0,0,0,0,555444,0,0,0,0,50,0,0,0,0,0,0,0,0,0,0,0,0,0,0,0,0,0,0,0,0,0,380,40,0,0,56,0,0,0,0,0
217,0,10,0,0,0,0,0,555444,0,0,0,0,56,0,0,0,0,0,0,0,0,0,0,0,0,0,0,0,0,0,0,0,0,0,0,86,86,0,127,0,0,0,0,0
217,0,11,0,0,0,0,0,555444,0,0,0,0,50,0,0,0,0,0,0,0,0,0,0,0,0,0,0,0,0,0,0,0,0,0,0,42,42,0,118,0,0,0,0,0
217,0,12,0,0,0,0,0,555444,0,0,0,0,50,0,0,0,0,0,0,0,0,0,0,0,0,0,0,0,0,0,0,0,0,0,0,0,0,42,96,0,0,0,0,0
217,0,13,0,0,0,0,0,555444,0,0,0,0,56,0,0,0,0,0,0,0,0,0,0,0,0,0,0,0,0,0,0,0,0,0,172,0,0,0,114,0,0,0,0,0
217,0,14,0,0,0,0,0,555444,0,0,0,0,50,0,0,0,0,0,0,0,0,0,0,0,0,0,0,0,0,0,0,0,0,0,0,0,86,0,62,0,0,0,0,0
217,0,15,0,0,0,0,0,555444,0,0,0,0,44,0,0,0,0,0,0,0,0,0,0,0,0,0,0,0,0,0,0,0,0,0,0,0,36,0,92,0,0,0,0,0
218,0,0,0,0,0,0,0,1110352,0,0,7732,294912,136,0,0,0,0,0,15291,0,0,0,0,0,0,0,0,7732,7732,0,73728,0,221184,294912,0,2227,0,136,284,0,0,0,0,98304
218,0,1,0,0,0,0,0,555176,15291,0,0,0,5484,0,0,0,0,0,0,0,0,0,0,0,0,0,0,0,1401,0,39906,0,74905,0,0,803,888,2069,10021,0,0,24576,0,0
218,0,2,0,0,0,0,0,555176,0,0,0,0,1299,24576,0,0,0,0,0,0,0,0,0,0,0,0,0,0,0,0,0,0,39337,40849,0,246,2079,1245,2382,0,0,24576,0,24576
218,0,3,0,0,0,0,0,555176,0,0,0,0,1355,24576,0,0,0,0,0,0,0,0,0,0,0,0,0,0,0,0,0,0,0,34493,0,97,670,0,2329,0,0,0,0,24576
218,0,4,0,0,0,0,0,555176,0,0,0,0,1518,24576,0,0,0,0,0,0,0,0,0,0,0,0,0,0,0,0,0,0,0,41177,0,87,0,505,2253,24576,0,0,0,24576
218,0,5,0,0,0,0,0,555176,0,0,0,0,1518,24576,0,0,0,0,0,0,0,0,0,0,0,0,0,0,0,0,0,0,0,38346,2452,150,0,1,2792,0,0,0,0,24576
218,0,6,0,0,0,0,0,555176,0,0,0,0,47,0,0,0,0,0,0,0,0,0,0,0,0,0,0,0,0,0,0,0,0,0,0,43,98,1,52,0,0,0,0,0
218,0,7,0,0,0,0,0,555176,0,0,0,0,53,0,0,0,0,0,0,0,0,0,0,0,0,0,0,0,0,0,0,0,0,0,0,101,39,0,140,0,0,0,0,0
218,0,8,0,0,0,0,0,555176,0,0,0,0,53,0,0,0,0,0,0,0,0,0,0,0,0,0,0,0,0,0,0,0,0,0,0,52,0,39,110,0,0,0,0,0
218,0,9,0,0,0,0,0,555176,0,0,0,0,47,0,0,0,0,0,0,0,0,0,0,0,0,0,0,0,0,0,0,0,0,0,380,40,0,0,53,0,0,0,0,0
218,0,10,0,0,0,0,0,555176,0,0,0,0,53,0,0,0,0,0,0,0,0,0,0,0,0,0,0,0,0,0,0,0,0,0,0,82,86,0,124,0,0,0,0,0
218,0,11,0,0,0,0,0,555176,0,0,0,0,47,0,0,0,0,0,0,0,0,0,0,0,0,0,0,0,0,0,0,0,0,0,0,41,45,0,131,0,0,0,0,0
218,0,12,0,0,0,0,0,555176,0,0,0,0,47,0,0,0,0,0,0,0,0,0,0,0,0,0,0,0,0,0,0,0,0,0,0,0,0,45,93,0,0,0,0,0
218,0,13,0,0,0,0,0,555176,0,0,0,0,53,0,0,0,0,0,0,0,0,0,0,0,0,0,0,0,0,0,0,0,0,0,172,0,0,0,111,0,0,0,0,0
218,0,14,0,0,0,0,0,555176,0,0,0,0,47,0,0,0,0,0,0,0,0,0,0,0,0,0,0,0,0,0,0,0,0,0,0,0,86,0,63,0,0,0,0,0
218,0,15,0,0,0,0,0,555176,0,0,0,0,41,0,0,0,0,0,0,0,0,0,0,0,0,0,0,0,0,0,0,0,0,0,0,0,39,0,90,0,0,0,0,0
219,0,0,0,0,0,0,0,1110775,0,0,7736,294912,136,0,0,0,0,0,15300,0,0,0,0,0,0,0,0,7736,7736,0,73728,0,221184,294912,0,2229,0,136,284,0,0,0,0,98304
219,0,1,0,0,0,0,0,555388,15300,0,0,0,5483,0,0,0,0,0,0,0,0,0,0,0,0,0,0,0,1404,0,39896,0,74904,0,0,805,889,2071,10025,0,0,24577,0,0
219,0,2,0,0,0,0,0,555388,0,0,0,0,1300,24576,0,0,0,0,0,0,0,0,0,0,0,0,0,0,0,0,0,0,39336,40840,0,246,2074,1244,2382,0,0,24575,0,24576
219,0,3,0,0,0,0,0,555388,0,0,0,0,1351,24576,0,0,0,0,0,0,0,0,0,0,0,0,0,0,0,0,0,0,0,34500,0,97,674,0,2326,0,0,0,0,24576
219,0,4,0,0,0,0,0,555388,0,0,0,0,1520,24576,0,0,0,0,0,0,0,0,0,0,0,0,0,0,0,0,0,0,0,41207,0,87,0,505,2255,24576,0,0,0,24576
219,0,5,0,0,0,0,0,555388,0,0,0,0,1517,24576,0,0,0,0,0,0,0,0,0,0,0,0,0,0,0,0,0,0,0,38354,2456,150,0,2,2791,0,0,0,0,24576
219,0,6,0,0,0,0,0,555388,0,0,0,0,47,0,0,0,0,0,0,0,0,0,0,0,0,0,0,0,0,0,0,0,0,0,0,43,98,0,52,0,0,0,0,0
219,0,7,0,0,0,0,0,555388,0,0,0,0,53,0,0,0,0,0,0,0,0,0,0,0,0,0,0,0,0,0,0,0,0,0,0,102,39,0,140,0,0,0,0,0
219,0,8,0,0,0,0,0,555388,0,0,0,0,53,0,0,0,0,0,0,0,0,0,0,0,0,0,0,0,0,0,0,0,0,0,0,52,0,39,110,0,0,0,0,0
219,0,9,0,0,0,0,0,555388,0,0,0,0,47,0,0,0,0,0,0,0,0,0,0,0,0,0,0,0,0,0,0,0,0,0,380,40,0,0,53,0,0,0,0,0
219,0,10,0,0,0,0,0,555388,0,0,0,0,53,0,0,0,0,0,0,0,0,0,0,0,0,0,0,0,0,0,0,0,0,0,0,82,86,0,124,0,0,0,0,0
219,0,11,0,0,0,0,0,555388,0,0,0,0,47,0,0,0,0,0,0,0,0,0,0,0,0,0,0,0,0,0,0,0,0,0,0,40,45,0,131,0,0,0,0,0
219,0,12,0,0,0,0,0,555388,0,0,0,0,47,0,0,0,0,0,0,0,0,0,0,0,0,0,0,0,0,0,0,0,0,0,0,0,0,45,93,0,0,0,0,0
219,0,13,0,0,0,0,0,555388,0,0,0,0,53,0,0,0,0,0,0,0,0,0,0,0,0,0,0,0,0,0,0,0,0,0,172,0,0,0,111,0,0,0,0,0
219,0,14,0,0,0,0,0,555388,0,0,0,0,47,0,0,0,0,0,0,0,0,0,0,0,0,0,0,0,0,0,0,0,0,0,0,0,86,0,63,0,0,0,0,0
219,0,15,0,0,0,0,0,555388,0,0,0,0,41,0,0,0,0,0,0,0,0,0,0,0,0,0,0,0,0,0,0,0,0,0,0,0,39,0,91,0,0,0,0,0
220,0,0,0,0,0,0,0,1161663,0,0,8040,442368,136,0,0,0,0,0,15768,0,0,0,0,0,0,0,0,8040,8040,0,73728,0,368640,442368,0,1635,0,136,284,0,0,0,0,147456
220,0,1,0,0,0,0,0,580832,15768,0,0,0,6640,0,0,0,0,0,0,0,0,0,0,0,0,0,0,0,2303,0,39194,0,147841,0,0,541,582,1791,11332,0,0,24577,0,0
220,0,2,0,0,0,0,0,580832,0,0,0,0,1005,24576,0,0,0,0,0,0,0,0,0,0,0,0,0,0,0,0,39116,0,72291,40075,0,1270,1355,2123,1958,0,0,24575,0,24576
220,0,3,0,0,0,0,0,580832,0,0,0,0,930,24576,0,0,0,0,0,0,0,0,0,0,0,0,0,0,0,0,38725,0,0,39713,0,440,500,0,1431,0,0,0,0,24576
220,0,4,0,0,0,0,0,580832,0,0,0,0,963,24576,0,0,0,0,0,0,0,0,0,0,0,0,0,0,0,0,0,0,0,45752,0,87,0,468,1391,49152,0,0,0,24576
220,0,5,0,0,0,0,0,580832,0,0,0,0,960,24576,0,0,0,0,0,0,0,0,0,0,0,0,0,0,0,0,0,0,0,40973,3325,150,0,1,1904,0,0,24575,0,24576
220,0,6,0,0,0,0,0,580832,0,0,0,0,1012,24576,0,0,0,0,0,0,0,0,0,0,0,0,0,0,0,0,0,0,0,38903,0,39,1312,1,1338,0,0,24576,0,24576
220,0,7,0,0,0,0,0,580832,0,0,0,0,894,24576,0,0,0,0,0,0,0,0,0,0,0,0,0,0,0,0,0,0,0,36780,0,101,537,0,1980,0,0,0,0,24576
220,0,8,0,0,0,0,0,580832,0,0,0,0,56,0,0,0,0,0,0,0,0,0,0,0,0,0,0,0,0,0,0,0,0,0,0,52,0,36,113,0,0,0,0,0
220,0,9,0,0,0,0,0,580832,0,0,0,0,50,0,0,0,0,0,0,0,0,0,0,0,0,0,0,0,0,0,0,0,0,0,380,40,0,0,56,0,0,0,0,0
220,0,10,0,0,0,0,0,580832,0,0,0,0,56,0,0,0,0,0,0,0,0,0,0,0,0,0,0,0,0,0,0,0,0,0,0,86,86,0,127,0,0,0,0,0
220,0,11,0,0,0,0,0,580832,0,0,0,0,50,0,0,0,0,0,0,0,0,0,0,0,0,0,0,0,0,0,0,0,0,0,0,43,42,0,118,0,0,0,0,0
220,0,12,0,0,0,0,0,580832,0,0,0,0,50,0,0,0,0,0,0,0,0,0,0,0,0,0,0,0,0,0,0,0,0,0,0,0,0,42,96,0,0,0,0,0
220,0,13,0,0,0,0,0,580832,0,0,0,0,56,0,0,0,0,0,0,0,0,0,0,0,0,0,0,0,0,0,0,0,0,0,172,0,0,0,114,0,0,0,0,0
220,0,14,0,0,0,0,0,580832,0,0,0,0,50,0,0,0,0,0,0,0,0,0,0,0,0,0,0,0,0,0,0,0,0,0,0,0,86,0,62,0,0,0,0,0
220,0,15,0,0,0,0,0,580832,0,0,0,0,44,0,0,0,0,0,0,0,0,0,0,0,0,0,0,0,0,0,0,0,0,0,0,0,36,0,93,0,0,0,0,0
221,0,0,0,0,0,0,0,1163147,0,0,8052,442368,136,0,0,0,0,0,15783,0,0,0,0,0,0,0,0,8052,8052,0,73728,0,368640,442368,0,1637,0,136,284,0,0,0,0,147456
221,0,1,0,0,0,0,0,581573,15783,0,0,0,6634,0,0,0,0,0,0,0,0,0,0,0,0,0,0,0,2346,0,39136,0,147780,0,0,532,583,1817,11302,0,0,24577,0,0
221,0,2,0,0,0,0,0,581573,0,0,0,0,1004,24576,0,0,0,0,0,0,0,0,0,0,0,0,0,0,0,0,39086,0,72314,40062,0,1244,1372,2114,1974,0,0,24575,0,24576
221,0,3,0,0,0,0,0,581573,0,0,0,0,944,24576,0,0,0,0,0,0,0,0,0,0,0,0,0,0,0,0,38637,0,0,39833,0,457,488,0,1441,0,0,0,0,24576
221,0,4,0,0,0,0,0,581573,0,0,0,0,965,24576,0,0,0,0,0,0,0,0,0,0,0,0,0,0,0,0,0,0,0,45955,0,87,0,468,1393,49152,0,0,0,24576
221,0,5,0,0,0,0,0,581573,0,0,0,0,944,24576,0,0,0,0,0,0,0,0,0,0,0,0,0,0,0,0,0,0,0,41112,3344,150,0,1,1899,0,0,24575,0,24576
221,0,6,0,0,0,0,0,581573,0,0,0,0,1020,24576,0,0,0,0,0,0,0,0,0,0,0,0,0,0,0,0,0,0,0,38867,0,39,1317,1,1374,0,0,24576,0,24576
221,0,7,0,0,0,0,0,581573,0,0,0,0,905,24576,0,0,0,0,0,0,0,0,0,0,0,0,0,0,0,0,0,0,0,36781,0,101,528,0,1976,0,0,0,0,24576
221,0,8,0,0,0,0,0,581573,0,0,0,0,56,0,0,0,0,0,0,0,0,0,0,0,0,0,0,0,0,0,0,0,0,0,0,52,0,36,113,0,0,0,0,0
221,0,9,0,0,0,0,0,581573,0,0,0,0,50,0,0,0,0,0,0,0,0,0,0,0,0,0,0,0,0,0,0,0,0,0,380,40,0,0,56,0,0,0,0,0
221,0,10,0,0,0,0,0,581573,0,0,0,0,56,0,0,0,0,0,0,0,0,0,0,0,0,0,0,0,0,0,0,0,0,0,0,86,86,0,127,0,0,0,0,0
221,0,11,0,0,0,0,0,581573,0,0,0,0,50,0,0,0,0,0,0,0,0,0,0,0,0,0,0,0,0,0,0,0,0,0,0,43,42,0,118,0,0,0,0,0
221,0,12,0,0,0,0,0,581573,0,0,0,0,50,0,0,0,0,0,0,0,0,0,0,0,0,0,0,0,0,0,0,0,0,0,0,0,0,42,96,0,0,0,0,0
221,0,13,0,0,0,0,0,581573,0,0,0,0,56,0,0,0,0,0,0,0,0,0,0,0,0,0,0,0,0,0,0,0,0,0,172,0,0,0,114,0,0,0,0,0
221,0,14,0,0,0,0,0,581573,0,0,0,0,50,0,0,0,0,0,0,0,0,0,0,0,0,0,0,0,0,0,0,0,0,0,0,0,86,0,62,0,0,0,0,0
221,0,15,0,0,0,0,0,581573,0,0,0,0,44,0,0,0,0,0,0,0,0,0,0,0,0,0,0,0,0,0,0,0,0,0,0,0,36,0,93,0,0,0,0,0
222,0,0,0,0,0,0,0,1164512,0,0,8062,442368,136,0,0,0,0,0,15798,0,0,0,0,0,0,0,0,8062,8062,0,73728,0,368640,442368,0,1639,0,136,284,0,0,0,0,147456
222,0,1,0,0,0,0,0,582256,15798,0,0,0,6473,0,0,0,0,0,0,0,0,0,0,0,0,0,0,0,3223,0,37663,0,147307,0,0,543,595,1965,11162,0,0,24577,0,0
222,0,2,0,0,0,0,0,582256,0,0,0,0,981,24576,0,0,0,0,0,0,0,0,0,0,0,0,0,0,0,0,38225,0,72926,39901,0,1233,1446,2072,1862,0,0,24575,0,24576
222,0,3,0,0,0,0,0,582256,0,0,0,0,993,24576,0,0,0,0,0,0,0,0,0,0,0,0,0,0,0,0,36299,0,0,44579,0,492,441,0,1499,0,0,0,0,24576
222,0,4,0,0,0,0,0,582256,0,0,0,0,944,24576,0,0,0,0,0,0,0,0,0,0,0,0,0,0,0,0,0,0,0,46586,0,87,0,491,1384,49152,0,0,0,24576
222,0,5,0,0,0,0,0,582256,0,0,0,0,952,24576,0,0,0,0,0,0,0,0,0,0,0,0,0,0,0,0,0,0,0,41556,3259,150,0,1,1898,0,0,24576,0,24576
222,0,6,0,0,0,0,0,582256,0,0,0,0,1011,24576,0,0,0,0,0,0,0,0,0,0,0,0,0,0,0,0,0,0,0,39729,0,39,1377,1,1378,0,0,24576,0,24576
222,0,7,0,0,0,0,0,582256,0,0,0,0,953,24576,0,0,0,0,0,0,0,0,0,0,0,0,0,0,0,0,0,0,0,37429,0,102,479,0,1989,0,0,0,0,24576
222,0,8,0,0,0,0,0,582256,0,0,0,0,56,0,0,0,0,0,0,0,0,0,0,0,0,0,0,0,0,0,0,0,0,0,0,52,0,36,113,0,0,0,0,0
222,0,9,0,0,0,0,0,582256,0,0,0,0,50,0,0,0,0,0,0,0,0,0,0,0,0,0,0,0,0,0,0,0,0,0,380,40,0,0,56,0,0,0,0,0
222,0,10,0,0,0,0,0,582256,0,0,0,0,56,0,0,0,0,0,0,0,0,0,0,0,0,0,0,0,0,0,0,0,0,0,0,86,86,0,127,0,0,0,0,0
222,0,11,0,0,0,0,0,582256,0,0,0,0,50,0,0,0,0,0,0,0,0,0,0,0,0,0,0,0,0,0,0,0,0,0,0,42,42,0,182,0,0,0,0,0
222,0,12,0,0,0,0,0,582256,0,0,0,0,50,0,0,0,0,0,0,0,0,0,0,0,0,0,0,0,0,0,0,0,0,0,0,0,0,42,96,0,0,0,0,0
222,0,13,0,0,0,0,0,582256,0,0,0,0,56,0,0,0,0,0,0,0,0,0,0,0,0,0,0,0,0,0,0,0,0,0,172,0,0,0,114,0,0,0,0,0
222,0,14,0,0,0,0,0,582256,0,0,0,0,50,0,0,0,0,0,0,0,0,0,0,0,0,0,0,0,0,0,0,0,0,0,0,0,86,0,62,0,0,0,0,0
222,0,15,0,0,0,0,0,582256,0,0,0,0,44,0,0,0,0,0,0,0,0,0,0,0,0,0,0,0,0,0,0,0,0,0,0,0,36,0,94,0,0,0,0,0
223,0,0,0,0,0,0,0,1248739,0,0,8224,589824,136,0,0,0,0,0,16056,0,0,0,0,0,0,0,0,8224,8224,0,147456,0,442368,589824,0,2352,0,136,284,0,0,0,0,196608
223,0,1,0,0,0,0,0,624369,16056,0,0,0,6391,0,0,0,0,0,0,0,0,0,0,0,0,0,0,0,3417,0,77067,0,148244,0,0,804,846,1699,11367,0,0,24577,0,0
223,0,2,0,0,0,0,0,624369,0,0,0,0,803,24576,0,0,0,0,0,0,0,0,0,0,0,0,0,0,0,0,38428,0,72737,40512,0,957,1008,1518,1517,0,0,24575,0,24576
223,0,3,0,0,0,0,0,624369,0,0,0,0,693,24576,0,0,0,0,0,0,0,0,0,0,0,0,0,0,0,0,36890,0,0,41692,0,572,426,0,1042,0,0,0,0,24576
223,0,4,0,0,0,0,0,624369,0,0,0,0,748,24576,0,0,0,0,0,0,0,0,0,0,0,0,0,0,0,0,35898,0,0,47861,0,465,0,371,1061,73727,0,0,0,24576
223,0,5,0,0,0,0,0,624369,0,0,0,0,803,24576,0,0,0,0,0,0,0,0,0,0,0,0,0,0,0,0,35073,0,0,43149,3568,869,0,1,1482,0,0,24575,0,24576
223,0,6,0,0,0,0,0,624369,0,0,0,0,755,24576,0,0,0,0,0,0,0,0,0,0,0,0,0,0,0,0,0,0,0,40249,0,39,1112,1,1082,0,0,24576,0,24576
223,0,7,0,0,0,0,0,624369,0,0,0,0,749,24576,0,0,0,0,0,0,0,0,0,0,0,0,0,0,0,0,0,0,0,43168,0,101,370,0,1391,0,0,0,0,24576
223,0,8,0,0,0,0,0,624369,0,0,0,0,804,24576,0,0,0,0,0,0,0,0,0,0,0,0,0,0,0,0,0,0,0,37830,0,52,0,315,1512,24576,0,0,0,24576
223,0,9,0,0,0,0,0,624369,0,0,0,0,809,24576,0,0,0,0,0,0,0,0,0,0,0,0,0,0,0,0,0,0,0,44261,1395,40,0,1,1125,0,0,0,0,24576
223,0,10,0,0,0,0,0,624369,0,0,0,0,56,0,0,0,0,0,0,0,0,0,0,0,0,0,0,0,0,0,0,0,0,0,0,86,86,1,127,0,0,0,0,0
223,0,11,0,0,0,0,0,624369,0,0,0,0,50,0,0,0,0,0,0,0,0,0,0,0,0,0,0,0,0,0,0,0,0,0,0,44,42,0,134,0,0,0,0,0
223,0,12,0,0,0,0,0,624369,0,0,0,0,50,0,0,0,0,0,0,0,0,0,0,0,0,0,0,0,0,0,0,0,0,0,0,0,0,42,96,0,0,0,0,0
223,0,13,0,0,0,0,0,624369,0,0,0,0,56,0,0,0,0,0,0,0,0,0,0,0,0,0,0,0,0,0,0,0,0,0,172,0,0,0,114,0,0,0,0,0
223,0,14,0,0,0,0,0,624369,0,0,0,0,50,0,0,0,0,0,0,0,0,0,0,0,0,0,0,0,0,0,0,0,0,0,0,0,86,0,62,0,0,0,0,0
223,0,15,0,0,0,0,0,624369,0,0,0,0,44,0,0,0,0,0,0,0,0,0,0,0,0,0,0,0,0,0,0,0,0,0,0,0,36,0,94,0,0,0,0,0
224,0,0,0,0,0,0,0,1248731,0,0,8224,589824,136,0,0,0,0,0,16056,0,0,0,0,0,0,0,0,8224,8224,0,147456,0,442368,589824,0,2352,0,136,284,0,0,0,0,196608
224,0,1,0,0,0,0,0,624365,16056,0,0,0,6790,0,0,0,0,0,0,0,0,0,0,0,0,0,0,0,2617,0,76055,0,148181,0,0,783,757,1410,11744,0,0,24577,0,0
224,0,2,0,0,0,0,0,624365,0,0,0,0,797,24576,0,0,0,0,0,0,0,0,0,0,0,0,0,0,0,0,38813,0,70573,39719,0,1018,1103,1772,1486,0,0,24575,0,24576
224,0,3,0,0,0,0,0,624365,0,0,0,0,783,24576,0,0,0,0,0,0,0,0,0,0,0,0,0,0,0,0,38442,0,0,44393,0,424,336,0,1026,0,0,0,0,24576
224,0,4,0,0,0,0,0,624365,0,0,0,0,670,24576,0,0,0,0,0,0,0,0,0,0,0,0,0,0,0,0,35200,0,0,46097,0,386,0,449,974,73728,0,0,0,24576
224,0,5,0,0,0,0,0,624365,0,0,0,0,622,24576,0,0,0,0,0,0,0,0,0,0,0,0,0,0,0,0,36488,0,0,42883,3495,833,0,1,1358,0,0,24575,0,24576
224,0,6,0,0,0,0,0,624365,0,0,0,0,662,24576,0,0,0,0,0,0,0,0,0,0,0,0,0,0,0,0,0,0,0,40534,0,43,1243,1,924,0,0,24576,0,24576
224,0,7,0,0,0,0,0,624365,0,0,0,0,787,24576,0,0,0,0,0,0,0,0,0,0,0,0,0,0,0,0,0,0,0,41992,0,102,332,0,1576,0,0,0,0,24576
224,0,8,0,0,0,0,0,624365,0,0,0,0,792,24576,0,0,0,0,0,0,0,0,0,0,0,0,0,0,0,0,0,0,0,38528,0,52,0,327,1579,24576,0,0,0,24576
224,0,9,0,0,0,0,0,624365,0,0,0,0,752,24576,0,0,0,0,0,0,0,0,0,0,0,0,0,0,0,0,0,0,0,40762,1440,40,0,1,1104,0,0,0,0,24576
224,0,10,0,0,0,0,0,624365,0,0,0,0,53,0,0,0,0,0,0,0,0,0,0,0,0,0,0,0,0,0,0,0,0,0,0,82,86,1,124,0,0,0,0,0
224,0,11,0,0,0,0,0,624365,0,0,0,0,47,0,0,0,0,0,0,0,0,0,0,0,0,0,0,0,0,0,0,0,0,0,0,43,45,0,131,0,0,0,0,0
224,0,12,0,0,0,0,0,624365,0,0,0,0,47,0,0,0,0,0,0,0,0,0,0,0,0,0,0,0,0,0,0,0,0,0,0,0,0,45,93,0,0,0,0,0
224,0,13,0,0,0,0,0,624365,0,0,0,0,53,0,0,0,0,0,0,0,0,0,0,0,0,0,0,0,0,0,0,0,0,0,172,0,0,0,111,0,0,0,0,0
224,0,14,0,0,0,0,0,624365,0,0,0,0,47,0,0,0,0,0,0,0,0,0,0,0,0,0,0,0,0,0,0,0,0,0,0,0,86,0,63,0,0,0,0,0
224,0,15,0,0,0,0,0,624365,0,0,0,0,41,0,0,0,0,0,0,0,0,0,0,0,0,0,0,0,0,0,0,0,0,0,0,0,39,0,92,0,0,0,0,0
225,0,0,0,0,0,0,0,1248698,0,0,8224,589824,136,0,0,0,0,0,16056,0,0,0,0,0,0,0,0,8224,8224,0,147456,0,442368,589824,0,2352,0,136,284,0,0,0,0,196608
225,0,1,0,0,0,0,0,624349,16056,0,0,0,6381,0,0,0,0,0,0,0,0,0,0,0,0,0,0,0,3375,0,77024,0,148207,0,0,801,848,1710,11373,0,0,24576,0,0
225,0,2,0,0,0,0,0,624349,0,0,0,0,803,24576,0,0,0,0,0,0,0,0,0,0,0,0,0,0,0,0,38412,0,72771,40490,0,947,1006,1514,1521,0,0,24576,0,24576
225,0,3,0,0,0,0,0,624349,0,0,0,0,691,24576,0,0,0,0,0,0,0,0,0,0,0,0,0,0,0,0,36877,0,0,41763,0,569,427,0,1048,0,0,0,0,24576
225,0,4,0,0,0,0,0,624349,0,0,0,0,749,24576,0,0,0,0,0,0,0,0,0,0,0,0,0,0,0,0,35920,0,0,47888,0,463,0,370,1067,73727,0,0,0,24576
225,0,5,0,0,0,0,0,624349,0,0,0,0,798,24576,0,0,0,0,0,0,0,0,0,0,0,0,0,0,0,0,35100,0,0,43146,3554,873,0,1,1476,0,0,24575,0,24576
225,0,6,0,0,0,0,0,624349,0,0,0,0,747,24576,0,0,0,0,0,0,0,0,0,0,0,0,0,0,0,0,0,0,0,40240,0,43,1126,1,1080,0,0,24576,0,24576
225,0,7,0,0,0,0,0,624349,0,0,0,0,755,24576,0,0,0,0,0,0,0,0,0,0,0,0,0,0,0,0,0,0,0,43146,0,101,364,0,1400,0,0,0,0,24576
225,0,8,0,0,0,0,0,624349,0,0,0,0,802,24576,0,0,0,0,0,0,0,0,0,0,0,0,0,0,0,0,0,0,0,37808,0,52,0,317,1512,24576,0,0,0,24576
225,0,9,0,0,0,0,0,624349,0,0,0,0,801,24576,0,0,0,0,0,0,0,0,0,0,0,0,0,0,0,0,0,0,0,44224,1401,40,0,1,1113,0,0,0,0,24576
225,0,10,0,0,0,0,0,624349,0,0,0,0,53,0,0,0,0,0,0,0,0,0,0,0,0,0,0,0,0,0,0,0,0,0,0,82,86,1,124,0,0,0,0,0
225,0,11,0,0,0,0,0,624349,0,0,0,0,47,0,0,0,0,0,0,0,0,0,0,0,0,0,0,0,0,0,0,0,0,0,0,44,45,0,131,0,0,0,0,0
225,0,12,0,0,0,0,0,624349,0,0,0,0,47,0,0,0,0,0,0,0,0,0,0,0,0,0,0,0,0,0,0,0,0,0,0,0,0,45,93,0,0,0,0,0
225,0,13,0,0,0,0,0,624349,0,0,0,0,53,0,0,0,0,0,0,0,0,0,0,0,0,0,0,0,0,0,0,0,0,0,172,0,0,0,111,0,0,0,0,0
225,0,14,0,0,0,0,0,624349,0,0,0,0,47,0,0,0,0,0,0,0,0,0,0,0,0,0,0,0,0,0,0,0,0,0,0,0,86,0,63,0,0,0,0,0
225,0,15,0,0,0,0,0,624349,0,0,0,0,41,0,0,0,0,0,0,0,0,0,0,0,0,0,0,0,0,0,0,0,0,0,0,0,39,0,91,0,0,0,0,0
226,0,0,0,0,0,0,0,1361770,0,0,8720,737280,136,0,0,0,0,0,16812,0,0,0,0,0,0,0,0,8720,8720,0,147456,0,589824,737280,0,2040,0,136,284,0,0,0,0,248482
226,0,1,0,0,0,0,0,680885,16812,0,0,0,6455,0,0,0,0,0,0,0,0,0,0,0,0,0,0,0,5203,0,75950,0,221980,0,0,773,825,2185,11587,0,0,24577,0,0
226,0,2,0,0,0,0,0,680885,0,0,0,0,658,24576,0,0,0,0,0,0,0,0,0,0,0,0,0,0,0,0,75943,0,109561,40532,0,1384,931,1851,1248,0,0,24575,0,24576
226,0,3,0,0,0,0,0,680885,0,0,0,0,627,24576,0,0,0,0,0,0,0,0,0,0,0,0,0,0,0,0,76177,0,0,42432,0,785,336,0,991,0,0,0,0,24576
226,0,4,0,0,0,0,0,680885,0,0,0,0,646,24576,0,0,0,0,0,0,0,0,0,0,0,0,0,0,0,0,36053,0,0,42964,0,394,0,317,1010,109961,0,0,0,24576
226,0,5,0,0,0,0,0,680885,0,0,0,0,637,24576,0,0,0,0,0,0,0,0,0,0,0,0,0,0,0,0,35773,0,0,43357,3981,685,0,1,1219,0,0,24575,0,24576
226,0,6,0,0,0,0,0,680885,0,0,0,0,609,24576,0,0,0,0,0,0,0,0,0,0,0,0,0,0,0,0,35802,0,0,48088,0,350,984,1,915,0,0,24576,0,24576
226,0,7,0,0,0,0,0,680885,0,0,0,0,631,24576,0,0,0,0,0,0,0,0,0,0,0,0,0,0,0,0,35217,0,0,45895,0,624,332,0,1254,0,0,0,0,24576
226,0,8,0,0,0,0,0,680885,0,0,0,0,625,24576,0,0,0,0,0,0,0,0,0,0,0,0,0,0,0,0,0,0,0,40089,0,52,0,338,1248,49152,0,0,0,24576
226,0,9,0,0,0,0,0,680885,0,0,0,0,607,24576,0,0,0,0,0,0,0,0,0,0,0,0,0,0,0,0,0,0,0,40742,2134,40,0,2,951,0,0,24576,0,24576
226,0,10,0,0,0,0,0,680885,0,0,0,0,630,24576,0,0,0,0,0,0,0,0,0,0,0,0,0,0,0,0,0,0,0,40407,0,86,953,1,1263,0,0,24576,0,24576
226,0,11,0,0,0,0,0,680885,0,0,0,0,622,24576,0,0,0,0,0,0,0,0,0,0,0,0,0,0,0,0,0,0,0,44792,0,45,341,0,1053,0,0,0,0,24576
226,0,12,0,0,0,0,0,680885,0,0,0,0,50,0,0,0,0,0,0,0,0,0,0,0,0,0,0,0,0,0,0,0,0,0,0,0,0,42,96,0,0,0,0,0
226,0,13,0,0,0,0,0,680885,0,0,0,0,56,0,0,0,0,0,0,0,0,0,0,0,0,0,0,0,0,0,0,0,0,0,172,0,0,0,114,0,0,0,0,0
226,0,14,0,0,0,0,0,680885,0,0,0,0,50,0,0,0,0,0,0,0,0,0,0,0,0,0,0,0,0,0,0,0,0,0,0,0,86,0,62,0,0,0,0,0
226,0,15,0,0,0,0,0,680885,0,0,0,0,44,0,0,0,0,0,0,0,0,0,0,0,0,0,0,0,0,0,0,0,0,0,0,0,36,0,95,0,0,0,0,0
227,0,0,0,0,0,0,0,1353276,0,0,8660,737280,136,0,0,0,0,0,16719,0,0,0,0,0,0,0,0,8660,8660,0,147456,0,589824,737280,0,2028,0,136,284,0,0,0,0,250354
227,0,1,0,0,0,0,0,676638,16719,0,0,0,7225,0,0,0,0,0,0,0,0,0,0,0,0,0,0,0,4360,0,76315,0,220184,0,0,476,728,1749,12196,0,0,24577,0,0
227,0,2,0,0,0,0,0,676638,0,0,0,0,609,24576,0,0,0,0,0,0,0,0,0,0,0,0,0,0,0,0,75037,0,109495,45011,0,1501,989,2015,1318,0,0,24575,0,24576
227,0,3,0,0,0,0,0,676638,0,0,0,0,641,24576,0,0,0,0,0,0,0,0,0,0,0,0,0,0,0,0,75919,0,0,48115,0,664,315,0,945,0,0,0,0,24576
227,0,4,0,0,0,0,0,676638,0,0,0,0,647,24576,0,0,0,0,0,0,0,0,0,0,0,0,0,0,0,0,36427,0,0,48674,0,354,0,310,954,98302,0,0,0,24576
227,0,5,0,0,0,0,0,676638,0,0,0,0,633,24576,0,0,0,0,0,0,0,0,0,0,0,0,0,0,0,0,35527,0,0,43384,4024,807,0,2,1378,0,0,24575,0,24576
227,0,6,0,0,0,0,0,676638,0,0,0,0,616,24576,0,0,0,0,0,0,0,0,0,0,0,0,0,0,0,0,36781,0,0,39995,0,266,961,0,877,0,0,24576,0,24576
227,0,7,0,0,0,0,0,676638,0,0,0,0,621,24576,0,0,0,0,0,0,0,0,0,0,0,0,0,0,0,0,35725,0,0,47454,0,694,336,0,1284,0,0,0,0,24576
227,0,8,0,0,0,0,0,676638,0,0,0,0,632,24576,0,0,0,0,0,0,0,0,0,0,0,0,0,0,0,0,0,0,0,37302,0,52,0,325,1289,49154,0,0,0,24576
227,0,9,0,0,0,0,0,676638,0,0,0,0,648,24576,0,0,0,0,0,0,0,0,0,0,0,0,0,0,0,0,0,0,0,40877,2076,40,0,2,864,0,0,24576,0,24576
227,0,10,0,0,0,0,0,676638,0,0,0,0,619,24576,0,0,0,0,0,0,0,0,0,0,0,0,0,0,0,0,0,0,0,42375,0,82,959,0,1334,0,0,24576,0,24576
227,0,11,0,0,0,0,0,676638,0,0,0,0,622,24576,0,0,0,0,0,0,0,0,0,0,0,0,0,0,0,0,0,0,0,42121,0,46,335,0,1139,0,0,0,0,24576
227,0,12,0,0,0,0,0,676638,0,0,0,0,47,0,0,0,0,0,0,0,0,0,0,0,0,0,0,0,0,0,0,0,0,0,0,0,0,45,93,0,0,0,0,0
227,0,13,0,0,0,0,0,676638,0,0,0,0,53,0,0,0,0,0,0,0,0,0,0,0,0,0,0,0,0,0,0,0,0,0,172,0,0,0,111,0,0,0,0,0
227,0,14,0,0,0,0,0,676638,0,0,0,0,47,0,0,0,0,0,0,0,0,0,0,0,0,0,0,0,0,0,0,0,0,0,0,0,86,0,63,0,0,0,0,0
227,0,15,0,0,0,0,0,676638,0,0,0,0,41,0,0,0,0,0,0,0,0,0,0,0,0,0,0,0,0,0,0,0,0,0,0,0,39,0,91,0,0,0,0,0
228,0,0,0,0,0,0,0,1352179,0,0,8660,737280,136,0,0,0,0,0,16719,0,0,0,0,0,0,0,0,8660,8660,0,147456,0,589824,737280,0,2028,0,136,284,0,0,0,0,249797
228,0,1,0,0,0,0,0,676090,16719,0,0,0,7198,0,0,0,0,0,0,0,0,0,0,0,0,0,0,0,4540,0,76203,0,220050,0,0,464,715,1801,12139,0,0,24577,0,0
228,0,2,0,0,0,0,0,676090,0,0,0,0,618,24576,0,0,0,0,0,0,0,0,0,0,0,0,0,0,0,0,74967,0,109639,45003,0,1480,985,1997,1315,0,0,24575,0,24576
228,0,3,0,0,0,0,0,676090,0,0,0,0,648,24576,0,0,0,0,0,0,0,0,0,0,0,0,0,0,0,0,75811,0,0,48083,0,687,309,0,946,0,0,0,0,24576
228,0,4,0,0,0,0,0,676090,0,0,0,0,654,24576,0,0,0,0,0,0,0,0,0,0,0,0,0,0,0,0,36484,0,0,48687,0,331,0,303,972,98302,0,0,0,24576
228,0,5,0,0,0,0,0,676090,0,0,0,0,628,24576,0,0,0,0,0,0,0,0,0,0,0,0,0,0,0,0,35572,0,0,43446,4058,814,0,0,1378,0,0,24575,0,24576
228,0,6,0,0,0,0,0,676090,0,0,0,0,599,24576,0,0,0,0,0,0,0,0,0,0,0,0,0,0,0,0,36794,0,0,39999,0,266,984,2,881,0,0,24576,0,24576
228,0,7,0,0,0,0,0,676090,0,0,0,0,627,24576,0,0,0,0,0,0,0,0,0,0,0,0,0,0,0,0,35732,0,0,47388,0,673,330,0,1286,0,0,0,0,24576
228,0,8,0,0,0,0,0,676090,0,0,0,0,636,24576,0,0,0,0,0,0,0,0,0,0,0,0,0,0,0,0,0,0,0,37245,0,52,0,321,1316,49154,0,0,0,24576
228,0,9,0,0,0,0,0,676090,0,0,0,0,637,24576,0,0,0,0,0,0,0,0,0,0,0,0,0,0,0,0,0,0,0,40894,2033,40,0,2,846,0,0,24576,0,24576
228,0,10,0,0,0,0,0,676090,0,0,0,0,574,24576,0,0,0,0,0,0,0,0,0,0,0,0,0,0,0,0,0,0,0,42395,0,82,1017,0,1289,0,0,24576,0,24576
228,0,11,0,0,0,0,0,676090,0,0,0,0,634,24576,0,0,0,0,0,0,0,0,0,0,0,0,0,0,0,0,0,0,0,42160,0,47,322,0,1370,0,0,0,0,24576
228,0,12,0,0,0,0,0,676090,0,0,0,0,47,0,0,0,0,0,0,0,0,0,0,0,0,0,0,0,0,0,0,0,0,0,0,0,0,45,93,0,0,0,0,0
228,0,13,0,0,0,0,0,676090,0,0,0,0,53,0,0,0,0,0,0,0,0,0,0,0,0,0,0,0,0,0,0,0,0,0,172,0,0,0,111,0,0,0,0,0
228,0,14,0,0,0,0,0,676090,0,0,0,0,47,0,0,0,0,0,0,0,0,0,0,0,0,0,0,0,0,0,0,0,0,0,0,0,86,0,63,0,0,0,0,0
228,0,15,0,0,0,0,0,676090,0,0,0,0,41,0,0,0,0,0,0,0,0,0,0,0,0,0,0,0,0,0,0,0,0,0,0,0,39,0,90,0,0,0,0,0
229,0,0,0,0,0,0,0,1728350,0,0,11254,958464,136,0,0,0,0,0,20628,0,0,0,0,0,0,0,0,11254,11254,0,221184,0,737280,958464,0,2895,0,136,284,0,0,0,0,529279
229,0,1,0,0,0,0,0,864175,20628,0,0,0,8550,0,0,0,0,0,0,0,0,0,0,0,0,0,0,0,5344,0,110537,0,258396,0,0,970,1032,2223,14749,0,0,24571,0,0
229,0,2,0,0,0,0,0,864175,0,0,0,0,618,24576,0,0,0,0,0,0,0,0,0,0,0,0,0,0,0,0,110470,0,110392,44741,0,1983,952,1990,1259,0,0,24575,0,24576
229,0,3,0,0,0,0,0,864175,0,0,0,0,616,24576,0,0,0,0,0,0,0,0,0,0,0,0,0,0,0,0,73855,0,0,44597,0,677,339,0,929,0,0,0,0,24576
229,0,4,0,0,0,0,0,864175,0,0,0,0,625,24576,0,0,0,0,0,0,0,0,0,0,0,0,0,0,0,0,73689,0,0,44121,0,660,0,332,929,124039,0,0,0,24576
229,0,5,0,0,0,0,0,864175,0,0,0,0,614,24576,0,0,0,0,0,0,0,0,0,0,0,0,0,0,0,0,73831,0,0,45180,5421,1309,0,2,1230,0,0,24573,0,24576
229,0,6,0,0,0,0,0,864175,0,0,0,0,619,24576,0,0,0,0,0,0,0,0,0,0,0,0,0,0,0,0,73867,0,0,43007,0,624,961,1,907,0,0,24576,0,24576
229,0,7,0,0,0,0,0,864175,0,0,0,0,624,24576,0,0,0,0,0,0,0,0,0,0,0,0,0,0,0,0,36762,0,0,41716,0,675,332,0,1293,0,0,0,0,24576
229,0,8,0,0,0,0,0,864175,0,0,0,0,626,24576,0,0,0,0,0,0,0,0,0,0,0,0,0,0,0,0,36863,0,0,37895,0,645,0,331,1251,98295,0,0,0,24576
229,0,9,0,0,0,0,0,864175,0,0,0,0,619,24576,0,0,0,0,0,0,0,0,0,0,0,0,0,0,0,0,36801,0,0,42802,3268,340,0,0,900,0,0,24576,0,24576
229,0,10,0,0,0,0,0,864175,0,0,0,0,626,24576,0,0,0,0,0,0,0,0,0,0,0,0,0,0,0,0,36744,0,0,41348,0,655,968,3,1277,0,0,24576,0,24576
229,0,11,0,0,0,0,0,864175,0,0,0,0,639,24576,0,0,0,0,0,0,0,0,0,0,0,0,0,0,0,0,0,0,0,44033,0,42,318,0,1488,0,0,0,0,24576
229,0,12,0,0,0,0,0,864175,0,0,0,0,611,24576,0,0,0,0,0,0,0,0,0,0,0,0,0,0,0,0,0,0,0,44207,0,0,0,346,931,24576,0,0,0,24576
229,0,13,0,0,0,0,0,864175,0,0,0,0,646,24576,0,0,0,0,0,0,0,0,0,0,0,0,0,0,0,0,0,0,0,41305,1588,0,0,0,1271,0,0,24576,0,24576
229,0,14,0,0,0,0,0,864175,0,0,0,0,631,24576,0,0,0,0,0,0,0,0,0,0,0,0,0,0,0,0,0,0,0,47401,0,0,370,2,941,0,0,0,0,24576
229,0,15,0,0,0,0,0,864175,0,0,0,0,44,0,0,0,0,0,0,0,0,0,0,0,0,0,0,0,0,0,0,0,0,0,0,0,36,0,99,0,0,0,0,0
230,0,0,0,0,0,0,0,1729106,0,0,11254,958464,136,0,0,0,0,0,20631,0,0,0,0,0,0,0,0,11254,11254,0,221184,0,737280,958464,0,2895,0,136,284,0,0,0,0,532152
230,0,1,0,0,0,0,0,864553,20631,0,0,0,8466,0,0,0,0,0,0,0,0,0,0,0,0,0,0,0,5303,0,110728,0,258196,0,0,968,1080,2261,14623,0,0,24584,0,0
230,0,2,0,0,0,0,0,864553,0,0,0,0,616,24576,0,0,0,0,0,0,0,0,0,0,0,0,0,0,0,0,110532,0,110479,44328,0,1941,955,1982,1270,0,0,24575,0,24576
230,0,3,0,0,0,0,0,864553,0,0,0,0,618,24576,0,0,0,0,0,0,0,0,0,0,0,0,0,0,0,0,73775,0,0,44313,0,690,337,0,926,0,0,0,0,24576
230,0,4,0,0,0,0,0,864553,0,0,0,0,633,24576,0,0,0,0,0,0,0,0,0,0,0,0,0,0,0,0,73852,0,0,42685,0,685,0,324,962,123764,0,0,0,24576
230,0,5,0,0,0,0,0,864553,0,0,0,0,618,24576,0,0,0,0,0,0,0,0,0,0,0,0,0,0,0,0,73664,0,0,43540,5460,1297,0,1,1248,0,0,24572,0,24576
230,0,6,0,0,0,0,0,864553,0,0,0,0,621,24576,0,0,0,0,0,0,0,0,0,0,0,0,0,0,0,0,73736,0,0,45066,0,647,975,2,928,0,0,24577,0,24576
230,0,7,0,0,0,0,0,864553,0,0,0,0,641,24576,0,0,0,0,0,0,0,0,0,0,0,0,0,0,0,0,36859,0,0,39245,0,675,316,0,1295,0,0,0,0,24576
230,0,8,0,0,0,0,0,864553,0,0,0,0,625,24576,0,0,0,0,0,0,0,0,0,0,0,0,0,0,0,0,36827,0,0,46006,0,630,0,332,1240,98278,0,0,0,24576
230,0,9,0,0,0,0,0,864553,0,0,0,0,641,24576,0,0,0,0,0,0,0,0,0,0,0,0,0,0,0,0,36918,0,0,42363,3220,347,0,0,927,0,0,24576,0,24576
230,0,10,0,0,0,0,0,864553,0,0,0,0,616,24576,0,0,0,0,0,0,0,0,0,0,0,0,0,0,0,0,36898,0,0,41308,0,654,970,3,1245,0,0,24576,0,24576
230,0,11,0,0,0,0,0,864553,0,0,0,0,631,24576,0,0,0,0,0,0,0,0,0,0,0,0,0,0,0,0,0,0,0,42577,0,43,326,0,1465,0,0,0,0,24576
230,0,12,0,0,0,0,0,864553,0,0,0,0,609,24576,0,0,0,0,0,0,0,0,0,0,0,0,0,0,0,0,0,0,0,45003,0,0,0,348,944,24576,0,0,0,24576
230,0,13,0,0,0,0,0,864553,0,0,0,0,628,24576,0,0,0,0,0,0,0,0,0,0,0,0,0,0,0,0,0,0,0,44053,1611,0,0,2,1246,0,0,24576,0,24576
230,0,14,0,0,0,0,0,864553,0,0,0,0,636,24576,0,0,0,0,0,0,0,0,0,0,0,0,0,0,0,0,0,0,0,41374,0,0,361,1,947,0,0,0,0,24576
230,0,15,0,0,0,0,0,864553,0,0,0,0,41,0,0,0,0,0,0,0,0,0,0,0,0,0,0,0,0,0,0,0,0,0,0,0,39,0,96,0,0,0,0,0
231,0,0,0,0,0,0,0,1729320,0,0,11250,958464,136,0,0,0,0,0,20625,0,0,0,0,0,0,0,0,11250,11250,0,221184,0,737280,958464,0,2895,0,136,284,0,0,0,0,531927
231,0,1,0,0,0,0,0,864660,20625,0,0,0,8462,0,0,0,0,0,0,0,0,0,0,0,0,0,0,0,5335,0,110660,0,258203,0,0,963,1044,2302,14660,0,0,24580,0,0
231,0,2,0,0,0,0,0,864660,0,0,0,0,628,24576,0,0,0,0,0,0,0,0,0,0,0,0,0,0,0,0,110454,0,110555,44400,0,1896,976,1961,1305,0,0,24575,0,24576
231,0,3,0,0,0,0,0,864660,0,0,0,0,650,24576,0,0,0,0,0,0,0,0,0,0,0,0,0,0,0,0,73800,0,0,44654,0,695,304,0,975,0,0,0,0,24576
231,0,4,0,0,0,0,0,864660,0,0,0,0,614,24576,0,0,0,0,0,0,0,0,0,0,0,0,0,0,0,0,73769,0,0,42817,0,671,0,343,919,126100,0,0,0,24576
231,0,5,0,0,0,0,0,864660,0,0,0,0,632,24576,0,0,0,0,0,0,0,0,0,0,0,0,0,0,0,0,73713,0,0,43646,5394,1310,0,1,1252,0,0,24577,0,24576
231,0,6,0,0,0,0,0,864660,0,0,0,0,636,24576,0,0,0,0,0,0,0,0,0,0,0,0,0,0,0,0,73880,0,0,42490,0,679,928,1,954,0,0,24576,0,24576
231,0,7,0,0,0,0,0,864660,0,0,0,0,608,24576,0,0,0,0,0,0,0,0,0,0,0,0,0,0,0,0,36871,0,0,41147,0,674,349,0,1259,0,0,0,0,24576
231,0,8,0,0,0,0,0,864660,0,0,0,0,649,24576,0,0,0,0,0,0,0,0,0,0,0,0,0,0,0,0,36822,0,0,37721,0,632,0,308,1276,98302,0,0,0,24576
231,0,9,0,0,0,0,0,864660,0,0,0,0,629,24576,0,0,0,0,0,0,0,0,0,0,0,0,0,0,0,0,36859,0,0,41953,3296,334,0,2,913,0,0,24576,0,24576
231,0,10,0,0,0,0,0,864660,0,0,0,0,645,24576,0,0,0,0,0,0,0,0,0,0,0,0,0,0,0,0,36746,0,0,41298,0,619,928,0,1275,0,0,24576,0,24576
231,0,11,0,0,0,0,0,864660,0,0,0,0,616,24576,0,0,0,0,0,0,0,0,0,0,0,0,0,0,0,0,0,0,0,43647,0,47,340,0,1481,0,0,0,0,24576
231,0,12,0,0,0,0,0,864660,0,0,0,0,630,24576,0,0,0,0,0,0,0,0,0,0,0,0,0,0,0,0,0,0,0,45824,0,0,0,327,963,24576,0,0,0,24576
231,0,13,0,0,0,0,0,864660,0,0,0,0,628,24576,0,0,0,0,0,0,0,0,0,0,0,0,0,0,0,0,0,0,0,44674,1607,0,0,1,1257,0,0,24576,0,24576
231,0,14,0,0,0,0,0,864660,0,0,0,0,616,24576,0,0,0,0,0,0,0,0,0,0,0,0,0,0,0,0,0,0,0,47472,0,0,383,1,960,0,0,0,0,24576
231,0,15,0,0,0,0,0,864660,0,0,0,0,44,0,0,0,0,0,0,0,0,0,0,0,0,0,0,0,0,0,0,0,0,0,0,0,36,0,95,0,0,0,0,0
232,0,0,0,0,0,0,0,626949,0,0,4100,69632,136,0,0,0,0,0,9828,0,0,0,0,0,0,0,0,4100,4100,0,0,0,69632,69632,0,294,0,136,284,0,0,0,0,12288
232,0,1,0,0,0,0,0,313475,9828,0,0,0,3192,0,0,0,0,0,0,0,0,0,0,0,0,0,0,0,2,0,0,0,37915,0,0,78,172,2167,6024,0,0,12288,0,0
232,0,2,0,0,0,0,0,313475,0,0,0,0,2152,12288,0,0,0,0,0,0,0,0,0,0,0,0,0,0,0,0,0,0,0,54609,0,250,2085,274,4335,0,0,0,0,12288
232,0,3,0,0,0,0,0,313475,0,0,0,0,47,0,0,0,0,0,0,0,0,0,0,0,0,0,0,0,0,0,0,0,0,0,0,99,45,0,55,0,0,0,0,0
232,0,4,0,0,0,0,0,313475,0,0,0,0,50,0,0,0,0,0,0,0,0,0,0,0,0,0,0,0,0,0,0,0,0,0,0,87,0,42,67,0,0,0,0,0
232,0,5,0,0,0,0,0,313475,0,0,0,0,50,0,0,0,0,0,0,0,0,0,0,0,0,0,0,0,0,0,0,0,0,0,525,150,0,0,116,0,0,0,0,0
232,0,6,0,0,0,0,0,313475,0,0,0,0,50,0,0,0,0,0,0,0,0,0,0,0,0,0,0,0,0,0,0,0,0,0,0,39,95,0,55,0,0,0,0,0
232,0,7,0,0,0,0,0,313475,0,0,0,0,53,0,0,0,0,0,0,0,0,0,0,0,0,0,0,0,0,0,0,0,0,0,0,99,39,0,138,0,0,0,0,0
232,0,8,0,0,0,0,0,313475,0,0,0,0,56,0,0,0,0,0,0,0,0,0,0,0,0,0,0,0,0,0,0,0,0,0,0,52,0,36,113,0,0,0,0,0
232,0,9,0,0,0,0,0,313475,0,0,0,0,50,0,0,0,0,0,0,0,0,0,0,0,0,0,0,0,0,0,0,0,0,0,380,40,0,0,56,0,0,0,0,0
232,0,10,0,0,0,0,0,313475,0,0,0,0,56,0,0,0,0,0,0,0,0,0,0,0,0,0,0,0,0,0,0,0,0,0,0,86,86,0,127,0,0,0,0,0
232,0,11,0,0,0,0,0,313475,0,0,0,0,50,0,0,0,0,0,0,0,0,0,0,0,0,0,0,0,0,0,0,0,0,0,0,40,42,0,4294967206,0,0,0,0,0
232,0,12,0,0,0,0,0,313475,0,0,0,0,50,0,0,0,0,0,0,0,0,0,0,0,0,0,0,0,0,0,0,0,0,0,0,0,0,42,96,0,0,0,0,0
232,0,13,0,0,0,0,0,313475,0,0,0,0,56,0,0,0,0,0,0,0,0,0,0,0,0,0,0,0,0,0,0,0,0,0,172,0,0,0,114,0,0,0,0,0
232,0,14,0,0,0,0,0,313475,0,0,0,0,50,0,0,0,0,0,0,0,0,0,0,0,0,0,0,0,0,0,0,0,0,0,0,0,86,0,62,0,0,0,0,0
232,0,15,0,0,0,0,0,313475,0,0,0,0,44,0,0,0,0,0,0,0,0,0,0,0,0,0,0,0,0,0,0,0,0,0,0,0,36,0,91,0,0,0,0,0
233,0,0,0,0,0,0,0,626925,0,0,4100,69632,136,0,0,0,0,0,9828,0,0,0,0,0,0,0,0,4100,4100,0,0,0,69632,69632,0,294,0,136,284,0,0,0,0,12288
233,0,1,0,0,0,0,0,313463,9828,0,0,0,3192,0,0,0,0,0,0,0,0,0,0,0,0,0,0,0,1,0,0,0,37927,0,0,78,172,2167,6024,0,0,12288,0,0
233,0,2,0,0,0,0,0,313463,0,0,0,0,2153,12288,0,0,0,0,0,0,0,0,0,0,0,0,0,0,0,0,0,0,0,54603,0,250,2085,273,4336,0,0,0,0,12288
233,0,3,0,0,0,0,0,313463,0,0,0,0,47,0,0,0,0,0,0,0,0,0,0,0,0,0,0,0,0,0,0,0,0,0,0,100,45,0,55,0,0,0,0,0
233,0,4,0,0,0,0,0,313463,0,0,0,0,50,0,0,0,0,0,0,0,0,0,0,0,0,0,0,0,0,0,0,0,0,0,0,87,0,42,67,0,0,0,0,0
233,0,5,0,0,0,0,0,313463,0,0,0,0,50,0,0,0,0,0,0,0,0,0,0,0,0,0,0,0,0,0,0,0,0,0,525,150,0,0,116,0,0,0,0,0
233,0,6,0,0,0,0,0,313463,0,0,0,0,50,0,0,0,0,0,0,0,0,0,0,0,0,0,0,0,0,0,0,0,0,0,0,39,95,0,55,0,0,0,0,0
233,0,7,0,0,0,0,0,313463,0,0,0,0,53,0,0,0,0,0,0,0,0,0,0,0,0,0,0,0,0,0,0,0,0,0,0,98,39,0,138,0,0,0,0,0
233,0,8,0,0,0,0,0,313463,0,0,0,0,56,0,0,0,0,0,0,0,0,0,0,0,0,0,0,0,0,0,0,0,0,0,0,52,0,36,113,0,0,0,0,0
233,0,9,0,0,0,0,0,313463,0,0,0,0,50,0,0,0,0,0,0,0,0,0,0,0,0,0,0,0,0,0,0,0,0,0,380,40,0,0,56,0,0,0,0,0
233,0,10,0,0,0,0,0,313463,0,0,0,0,56,0,0,0,0,0,0,0,0,0,0,0,0,0,0,0,0,0,0,0,0,0,0,86,86,0,127,0,0,0,0,0
233,0,11,0,0,0,0,0,313463,0,0,0,0,50,0,0,0,0,0,0,0,0,0,0,0,0,0,0,0,0,0,0,0,0,0,0,41,42,0,102,0,0,0,0,0
233,0,12,0,0,0,0,0,313463,0,0,0,0,50,0,0,0,0,0,0,0,0,0,0,0,0,0,0,0,0,0,0,0,0,0,0,0,0,42,96,0,0,0,0,0
233,0,13,0,0,0,0,0,313463,0,0,0,0,56,0,0,0,0,0,0,0,0,0,0,0,0,0,0,0,0,0,0,0,0,0,172,0,0,0,114,0,0,0,0,0
233,0,14,0,0,0,0,0,313463,0,0,0,0,50,0,0,0,0,0,0,0,0,0,0,0,0,0,0,0,0,0,0,0,0,0,0,0,86,0,62,0,0,0,0,0
233,0,15,0,0,0,0,0,313463,0,0,0,0,44,0,0,0,0,0,0,0,0,0,0,0,0,0,0,0,0,0,0,0,0,0,0,0,36,0,90,0,0,0,0,0
234,0,0,0,0,0,0,0,626919,0,0,4100,69632,136,0,0,0,0,0,9830,0,0,0,0,0,0,0,0,4100,4100,0,0,0,69632,69632,0,294,0,136,284,0,0,0,0,12288
234,0,1,0,0,0,0,0,313460,9828,0,0,0,3192,0,0,0,0,0,0,0,0,0,0,0,0,0,0,0,1,0,0,0,37918,0,0,78,172,2167,6024,0,0,12288,0,0
234,0,2,0,0,0,0,0,313460,0,0,0,0,2153,12288,0,0,0,0,0,0,0,0,0,0,0,0,0,0,0,0,0,0,0,54608,0,250,2085,273,4336,0,0,0,0,12288
234,0,3,0,0,0,0,0,313460,0,0,0,0,47,0,0,0,0,0,0,0,0,0,0,0,0,0,0,0,0,0,0,0,0,0,0,100,45,0,55,0,0,0,0,0
234,0,4,0,0,0,0,0,313460,0,0,0,0,50,0,0,0,0,0,0,0,0,0,0,0,0,0,0,0,0,0,0,0,0,0,0,87,0,42,67,0,0,0,0,0
234,0,5,0,0,0,0,0,313460,0,0,0,0,50,0,0,0,0,0,0,0,0,0,0,0,0,0,0,0,0,0,0,0,0,0,525,150,0,0,116,0,0,0,0,0
234,0,6,0,0,0,0,0,313460,0,0,0,0,50,0,0,0,0,0,0,0,0,0,0,0,0,0,0,0,0,0,0,0,0,0,0,39,95,0,55,0,0,0,0,0
234,0,7,0,0,0,0,0,313460,0,0,0,0,53,0,0,0,0,0,0,0,0,0,0,0,0,0,0,0,0,0,0,0,0,0,0,98,39,0,138,0,0,0,0,0
234,0,8,0,0,0,0,0,313460,0,0,0,0,56,0,0,0,0,0,0,0,0,0,0,0,0,0,0,0,0,0,0,0,0,0,0,52,0,36,113,0,0,0,0,0
234,0,9,0,0,0,0,0,313460,0,0,0,0,50,0,0,0,0,0,0,0,0,0,0,0,0,0,0,0,0,0,0,0,0,0,380,40,0,0,56,0,0,0,0,0
234,0,10,0,0,0,0,0,313460,0,0,0,0,56,0,0,0,0,0,0,0,0,0,0,0,0,0,0,0,0,0,0,0,0,0,0,86,86,0,127,0,0,0,0,0
234,0,11,0,0,0,0,0,313460,0,0,0,0,50,0,0,0,0,0,0,0,0,0,0,0,0,0,0,0,0,0,0,0,0,0,0,41,42,0,4294967222,0,0,0,0,0
234,0,12,0,0,0,0,0,313460,0,0,0,0,50,0,0,0,0,0,0,0,0,0,0,0,0,0,0,0,0,0,0,0,0,0,0,0,0,42,96,0,0,0,0,0
234,0,13,0,0,0,0,0,313460,0,0,0,0,56,0,0,0,0,0,0,0,0,0,0,0,0,0,0,0,0,0,0,0,0,0,172,0,0,0,114,0,0,0,0,0
234,0,14,0,0,0,0,0,313460,0,0,0,0,50,0,0,0,0,0,0,0,0,0,0,0,0,0,0,0,0,0,0,0,0,0,0,0,86,0,62,0,0,0,0,0
234,0,15,0,0,0,0,0,313460,0,0,0,0,44,0,0,0,0,0,0,0,0,0,0,0,0,0,0,0,0,0,0,0,0,0,0,0,36,0,90,0,0,0,0,0
235,0,0,0,0,0,0,0,644608,0,0,4104,139264,136,0,0,0,0,0,9840,0,0,0,0,0,0,0,0,4104,4104,0,0,0,139264,139264,0,294,0,136,284,0,0,0,0,24576
235,0,1,0,0,0,0,0,322304,9840,0,0,0,3296,0,0,0,0,0,0,0,0,0,0,0,0,0,0,0,224,0,0,0,73492,0,0,78,171,2069,6076,0,0,12288,0,0
235,0,2,0,0,0,0,0,322304,0,0,0,0,1187,12288,0,0,0,0,0,0,0,0,0,0,0,0,0,0,0,0,0,0,40627,56618,0,250,2139,1323,2423,0,0,12288,0,12288
235,0,3,0,0,0,0,0,322304,0,0,0,0,1184,12288,0,0,0,0,0,0,0,0,0,0,0,0,0,0,0,0,0,0,0,53337,0,100,959,0,2195,0,0,0,0,12288
235,0,4,0,0,0,0,0,322304,0,0,0,0,50,0,0,0,0,0,0,0,0,0,0,0,0,0,0,0,0,0,0,0,0,0,0,87,0,42,67,0,0,0,0,0
235,0,5,0,0,0,0,0,322304,0,0,0,0,50,0,0,0,0,0,0,0,0,0,0,0,0,0,0,0,0,0,0,0,0,0,525,150,0,0,116,0,0,0,0,0
235,0,6,0,0,0,0,0,322304,0,0,0,0,50,0,0,0,0,0,0,0,0,0,0,0,0,0,0,0,0,0,0,0,0,0,0,39,95,0,55,0,0,0,0,0
235,0,7,0,0,0,0,0,322304,0,0,0,0,53,0,0,0,0,0,0,0,0,0,0,0,0,0,0,0,0,0,0,0,0,0,0,99,39,0,138,0,0,0,0,0
235,0,8,0,0,0,0,0,322304,0,0,0,0,56,0,0,0,0,0,0,0,0,0,0,0,0,0,0,0,0,0,0,0,0,0,0,52,0,36,113,0,0,0,0,0
235,0,9,0,0,0,0,0,322304,0,0,0,0,50,0,0,0,0,0,0,0,0,0,0,0,0,0,0,0,0,0,0,0,0,0,380,40,0,0,56,0,0,0,0,0
235,0,10,0,0,0,0,0,322304,0,0,0,0,56,0,0,0,0,0,0,0,0,0,0,0,0,0,0,0,0,0,0,0,0,0,0,86,86,0,127,0,0,0,0,0
235,0,11,0,0,0,0,0,322304,0,0,0,0,50,0,0,0,0,0,0,0,0,0,0,0,0,0,0,0,0,0,0,0,0,0,0,41,42,0,182,0,0,0,0,0
235,0,12,0,0,0,0,0,322304,0,0,0,0,50,0,0,0,0,0,0,0,0,0,0,0,0,0,0,0,0,0,0,0,0,0,0,0,0,42,96,0,0,0,0,0
235,0,13,0,0,0,0,0,322304,0,0,0,0,56,0,0,0,0,0,0,0,0,0,0,0,0,0,0,0,0,0,0,0,0,0,172,0,0,0,114,0,0,0,0,0
235,0,14,0,0,0,0,0,322304,0,0,0,0,50,0,0,0,0,0,0,0,0,0,0,0,0,0,0,0,0,0,0,0,0,0,0,0,86,0,62,0,0,0,0,0
235,0,15,0,0,0,0,0,322304,0,0,0,0,44,0,0,0,0,0,0,0,0,0,0,0,0,0,0,0,0,0,0,0,0,0,0,0,36,0,91,0,0,0,0,0
236,0,0,0,0,0,0,0,644590,0,0,4104,139264,136,0,0,0,0,0,9840,0,0,0,0,0,0,0,0,4104,4104,0,0,0,139264,139264,0,294,0,136,284,0,0,0,0,24576
236,0,1,0,0,0,0,0,322295,9840,0,0,0,3296,0,0,0,0,0,0,0,0,0,0,0,0,0,0,0,224,0,0,0,73493,0,0,78,171,2069,6075,0,0,12288,0,0
236,0,2,0,0,0,0,0,322295,0,0,0,0,1186,12288,0,0,0,0,0,0,0,0,0,0,0,0,0,0,0,0,0,0,40627,56620,0,250,2140,1323,2422,0,0,12288,0,12288
236,0,3,0,0,0,0,0,322295,0,0,0,0,1183,12288,0,0,0,0,0,0,0,0,0,0,0,0,0,0,0,0,0,0,0,53337,0,101,959,0,2194,0,0,0,0,12288
236,0,4,0,0,0,0,0,322295,0,0,0,0,50,0,0,0,0,0,0,0,0,0,0,0,0,0,0,0,0,0,0,0,0,0,0,87,0,42,67,0,0,0,0,0
236,0,5,0,0,0,0,0,322295,0,0,0,0,50,0,0,0,0,0,0,0,0,0,0,0,0,0,0,0,0,0,0,0,0,0,525,150,0,0,116,0,0,0,0,0
236,0,6,0,0,0,0,0,322295,0,0,0,0,50,0,0,0,0,0,0,0,0,0,0,0,0,0,0,0,0,0,0,0,0,0,0,39,95,0,55,0,0,0,0,0
236,0,7,0,0,0,0,0,322295,0,0,0,0,53,0,0,0,0,0,0,0,0,0,0,0,0,0,0,0,0,0,0,0,0,0,0,98,39,0,138,0,0,0,0,0
236,0,8,0,0,0,0,0,322295,0,0,0,0,56,0,0,0,0,0,0,0,0,0,0,0,0,0,0,0,0,0,0,0,0,0,0,52,0,36,113,0,0,0,0,0
236,0,9,0,0,0,0,0,322295,0,0,0,0,50,0,0,0,0,0,0,0,0,0,0,0,0,0,0,0,0,0,0,0,0,0,380,40,0,0,56,0,0,0,0,0
236,0,10,0,0,0,0,0,322295,0,0,0,0,56,0,0,0,0,0,0,0,0,0,0,0,0,0,0,0,0,0,0,0,0,0,0,86,86,0,127,0,0,0,0,0
236,0,11,0,0,0,0,0,322295,0,0,0,0,50,0,0,0,0,0,0,0,0,0,0,0,0,0,0,0,0,0,0,0,0,0,0,42,42,0,134,0,0,0,0,0
236,0,12,0,0,0,0,0,322295,0,0,0,0,50,0,0,0,0,0,0,0,0,0,0,0,0,0,0,0,0,0,0,0,0,0,0,0,0,42,96,0,0,0,0,0
236,0,13,0,0,0,0,0,322295,0,0,0,0,56,0,0,0,0,0,0,0,0,0,0,0,0,0,0,0,0,0,0,0,0,0,172,0,0,0,114,0,0,0,0,0
236,0,14,0,0,0,0,0,322295,0,0,0,0,50,0,0,0,0,0,0,0,0,0,0,0,0,0,0,0,0,0,0,0,0,0,0,0,86,0,62,0,0,0,0,0
236,0,15,0,0,0,0,0,322295,0,0,0,0,44,0,0,0,0,0,0,0,0,0,0,0,0,0,0,0,0,0,0,0,0,0,0,0,36,0,90,0,0,0,0,0
237,0,0,0,0,0,0,0,644610,0,0,4104,139264,136,0,0,0,0,0,9837,0,0,0,0,0,0,0,0,4104,4104,0,0,0,139264,139264,0,294,0,136,284,0,0,0,0,24576
237,0,1,0,0,0,0,0,322305,9837,0,0,0,3296,0,0,0,0,0,0,0,0,0,0,0,0,0,0,0,223,0,0,0,73498,0,0,78,172,2068,6073,0,0,12288,0,0
237,0,2,0,0,0,0,0,322305,0,0,0,0,1185,12288,0,0,0,0,0,0,0,0,0,0,0,0,0,0,0,0,0,0,40627,56615,0,250,2142,1326,2419,0,0,12288,0,12288
237,0,3,0,0,0,0,0,322305,0,0,0,0,1185,12288,0,0,0,0,0,0,0,0,0,0,0,0,0,0,0,0,0,0,0,53337,0,100,958,0,2193,0,0,0,0,12288
237,0,4,0,0,0,0,0,322305,0,0,0,0,50,0,0,0,0,0,0,0,0,0,0,0,0,0,0,0,0,0,0,0,0,0,0,87,0,42,67,0,0,0,0,0
237,0,5,0,0,0,0,0,322305,0,0,0,0,50,0,0,0,0,0,0,0,0,0,0,0,0,0,0,0,0,0,0,0,0,0,525,150,0,0,116,0,0,0,0,0
237,0,6,0,0,0,0,0,322305,0,0,0,0,50,0,0,0,0,0,0,0,0,0,0,0,0,0,0,0,0,0,0,0,0,0,0,39,95,0,55,0,0,0,0,0
237,0,7,0,0,0,0,0,322305,0,0,0,0,53,0,0,0,0,0,0,0,0,0,0,0,0,0,0,0,0,0,0,0,0,0,0,99,39,0,138,0,0,0,0,0
237,0,8,0,0,0,0,0,322305,0,0,0,0,56,0,0,0,0,0,0,0,0,0,0,0,0,0,0,0,0,0,0,0,0,0,0,52,0,36,113,0,0,0,0,0
237,0,9,0,0,0,0,0,322305,0,0,0,0,50,0,0,0,0,0,0,0,0,0,0,0,0,0,0,0,0,0,0,0,0,0,380,40,0,0,56,0,0,0,0,0
237,0,10,0,0,0,0,0,322305,0,0,0,0,56,0,0,0,0,0,0,0,0,0,0,0,0,0,0,0,0,0,0,0,0,0,0,86,86,0,127,0,0,0,0,0
237,0,11,0,0,0,0,0,322305,0,0,0,0,50,0,0,0,0,0,0,0,0,0,0,0,0,0,0,0,0,0,0,0,0,0,0,41,42,0,166,0,0,0,0,0
237,0,12,0,0,0,0,0,322305,0,0,0,0,50,0,0,0,0,0,0,0,0,0,0,0,0,0,0,0,0,0,0,0,0,0,0,0,0,42,96,0,0,0,0,0
237,0,13,0,0,0,0,0,322305,0,0,0,0,56,0,0,0,0,0,0,0,0,0,0,0,0,0,0,0,0,0,0,0,0,0,172,0,0,0,114,0,0,0,0,0
237,0,14,0,0,0,0,0,322305,0,0,0,0,50,0,0,0,0,0,0,0,0,0,0,0,0,0,0,0,0,0,0,0,0,0,0,0,86,0,62,0,0,0,0,0
237,0,15,0,0,0,0,0,322305,0,0,0,0,44,0,0,0,0,0,0,0,0,0,0,0,0,0,0,0,0,0,0,0,0,0,0,0,36,0,91,0,0,0,0,0
238,0,0,0,0,0,0,0,657652,0,0,4112,278528,136,0,0,0,0,0,9861,0,0,0,0,0,0,0,0,4112,4112,0,80941,0,208896,278528,0,1323,0,136,284,0,0,0,0,49152
238,0,1,0,0,0,0,0,328826,9861,0,0,0,4340,0,0,0,0,0,0,0,0,0,0,0,0,0,0,0,2904,0,39644,0,76165,0,0,145,336,803,7122,0,0,12288,0,0
238,0,2,0,0,0,0,0,328826,0,0,0,0,709,12288,0,0,0,0,0,0,0,0,0,0,0,0,0,0,0,0,0,0,36872,53929,0,246,1117,1140,1351,0,0,12288,0,12288
238,0,3,0,0,0,0,0,328826,0,0,0,0,709,12288,0,0,0,0,0,0,0,0,0,0,0,0,0,0,0,0,0,0,0,57339,0,97,410,0,882,0,0,0,0,12288
238,0,4,0,0,0,0,0,328826,0,0,0,0,710,12288,0,0,0,0,0,0,0,0,0,0,0,0,0,0,0,0,0,0,0,57333,0,87,0,409,892,12288,0,0,0,12288
238,0,5,0,0,0,0,0,328826,0,0,0,0,708,12288,0,0,0,0,0,0,0,0,0,0,0,0,0,0,0,0,0,0,0,57342,1549,150,0,2,1736,0,0,0,0,12288
238,0,6,0,0,0,0,0,328826,0,0,0,0,47,0,0,0,0,0,0,0,0,0,0,0,0,0,0,0,0,0,0,0,0,0,0,43,98,0,52,0,0,0,0,0
238,0,7,0,0,0,0,0,328826,0,0,0,0,53,0,0,0,0,0,0,0,0,0,0,0,0,0,0,0,0,0,0,0,0,0,0,102,39,0,140,0,0,0,0,0
238,0,8,0,0,0,0,0,328826,0,0,0,0,53,0,0,0,0,0,0,0,0,0,0,0,0,0,0,0,0,0,0,0,0,0,0,52,0,39,110,0,0,0,0,0
238,0,9,0,0,0,0,0,328826,0,0,0,0,47,0,0,0,0,0,0,0,0,0,0,0,0,0,0,0,0,0,0,0,0,0,380,40,0,0,53,0,0,0,0,0
238,0,10,0,0,0,0,0,328826,0,0,0,0,53,0,0,0,0,0,0,0,0,0,0,0,0,0,0,0,0,0,0,0,0,0,0,82,86,0,124,0,0,0,0,0
238,0,11,0,0,0,0,0,328826,0,0,0,0,47,0,0,0,0,0,0,0,0,0,0,0,0,0,0,0,0,0,0,0,0,0,0,40,45,0,147,0,0,0,0,0
238,0,12,0,0,0,0,0,328826,0,0,0,0,47,0,0,0,0,0,0,0,0,0,0,0,0,0,0,0,0,0,0,0,0,0,0,0,0,45,93,0,0,0,0,0
238,0,13,0,0,0,0,0,328826,0,0,0,0,53,0,0,0,0,0,0,0,0,0,0,0,0,0,0,0,0,0,0,0,0,0,172,0,0,0,111,0,0,0,0,0
238,0,14,0,0,0,0,0,328826,0,0,0,0,47,0,0,0,0,0,0,0,0,0,0,0,0,0,0,0,0,0,0,0,0,0,0,0,86,0,63,0,0,0,0,0
238,0,15,0,0,0,0,0,328826,0,0,0,0,41,0,0,0,0,0,0,0,0,0,0,0,0,0,0,0,0,0,0,0,0,0,0,0,39,0,91,0,0,0,0,0
239,0,0,0,0,0,0,0,657677,0,0,4112,278528,136,0,0,0,0,0,9864,0,0,0,0,0,0,0,0,4112,4112,0,76163,0,208896,278528,0,1323,0,136,284,0,0,0,0,49152
239,0,1,0,0,0,0,0,328839,9864,0,0,0,4337,0,0,0,0,0,0,0,0,0,0,0,0,0,0,0,2905,0,39646,0,72188,0,0,139,346,802,7116,0,0,12288,0,0
239,0,2,0,0,0,0,0,328839,0,0,0,0,731,12288,0,0,0,0,0,0,0,0,0,0,0,0,0,0,0,0,0,0,38409,57340,0,246,1120,1131,1383,0,0,12288,0,12288
239,0,3,0,0,0,0,0,328839,0,0,0,0,734,12288,0,0,0,0,0,0,0,0,0,0,0,0,0,0,0,0,0,0,0,57113,0,97,385,0,916,0,0,0,0,12288
239,0,4,0,0,0,0,0,328839,0,0,0,0,732,12288,0,0,0,0,0,0,0,0,0,0,0,0,0,0,0,0,0,0,0,54493,0,87,0,387,924,12288,0,0,0,12288
239,0,5,0,0,0,0,0,328839,0,0,0,0,730,12288,0,0,0,0,0,0,0,0,0,0,0,0,0,0,0,0,0,0,0,57341,1549,150,0,2,1764,0,0,0,0,12288
239,0,6,0,0,0,0,0,328839,0,0,0,0,47,0,0,0,0,0,0,0,0,0,0,0,0,0,0,0,0,0,0,0,0,0,0,43,98,0,52,0,0,0,0,0
239,0,7,0,0,0,0,0,328839,0,0,0,0,53,0,0,0,0,0,0,0,0,0,0,0,0,0,0,0,0,0,0,0,0,0,0,102,39,0,140,0,0,0,0,0
239,0,8,0,0,0,0,0,328839,0,0,0,0,53,0,0,0,0,0,0,0,0,0,0,0,0,0,0,0,0,0,0,0,0,0,0,52,0,39,110,0,0,0,0,0
239,0,9,0,0,0,0,0,328839,0,0,0,0,47,0,0,0,0,0,0,0,0,0,0,0,0,0,0,0,0,0,0,0,0,0,380,40,0,0,53,0,0,0,0,0
239,0,10,0,0,0,0,0,328839,0,0,0,0,53,0,0,0,0,0,0,0,0,0,0,0,0,0,0,0,0,0,0,0,0,0,0,82,86,0,124,0,0,0,0,0
239,0,11,0,0,0,0,0,328839,0,0,0,0,47,0,0,0,0,0,0,0,0,0,0,0,0,0,0,0,0,0,0,0,0,0,0,40,45,0,131,0,0,0,0,0
239,0,12,0,0,0,0,0,328839,0,0,0,0,47,0,0,0,0,0,0,0,0,0,0,0,0,0,0,0,0,0,0,0,0,0,0,0,0,45,93,0,0,0,0,0
239,0,13,0,0,0,0,0,328839,0,0,0,0,53,0,0,0,0,0,0,0,0,0,0,0,0,0,0,0,0,0,0,0,0,0,172,0,0,0,111,0,0,0,0,0
239,0,14,0,0,0,0,0,328839,0,0,0,0,47,0,0,0,0,0,0,0,0,0,0,0,0,0,0,0,0,0,0,0,0,0,0,0,86,0,63,0,0,0,0,0
239,0,15,0,0,0,0,0,328839,0,0,0,0,41,0,0,0,0,0,0,0,0,0,0,0,0,0,0,0,0,0,0,0,0,0,0,0,39,0,91,0,0,0,0,0
240,0,0,0,0,0,0,0,657692,0,0,4112,278528,136,0,0,0,0,0,9864,0,0,0,0,0,0,0,0,4112,4112,0,76161,0,208896,278528,0,1323,0,136,284,0,0,0,0,49152
240,0,1,0,0,0,0,0,328846,9864,0,0,0,4336,0,0,0,0,0,0,0,0,0,0,0,0,0,0,0,2907,0,39644,0,72187,0,0,139,347,802,7116,0,0,12288,0,0
240,0,2,0,0,0,0,0,328846,0,0,0,0,732,12288,0,0,0,0,0,0,0,0,0,0,0,0,0,0,0,0,0,0,38410,57340,0,246,1119,1131,1384,0,0,12288,0,12288
240,0,3,0,0,0,0,0,328846,0,0,0,0,734,12288,0,0,0,0,0,0,0,0,0,0,0,0,0,0,0,0,0,0,0,57113,0,97,385,0,916,0,0,0,0,12288
240,0,4,0,0,0,0,0,328846,0,0,0,0,732,12288,0,0,0,0,0,0,0,0,0,0,0,0,0,0,0,0,0,0,0,54495,0,87,0,387,925,12288,0,0,0,12288
240,0,5,0,0,0,0,0,328846,0,0,0,0,732,12288,0,0,0,0,0,0,0,0,0,0,0,0,0,0,0,0,0,0,0,57342,1549,150,0,0,1766,0,0,0,0,12288
240,0,6,0,0,0,0,0,328846,0,0,0,0,47,0,0,0,0,0,0,0,0,0,0,0,0,0,0,0,0,0,0,0,0,0,0,43,98,2,52,0,0,0,0,0
240,0,7,0,0,0,0,0,328846,0,0,0,0,53,0,0,0,0,0,0,0,0,0,0,0,0,0,0,0,0,0,0,0,0,0,0,100,39,0,140,0,0,0,0,0
240,0,8,0,0,0,0,0,328846,0,0,0,0,53,0,0,0,0,0,0,0,0,0,0,0,0,0,0,0,0,0,0,0,0,0,0,52,0,39,110,0,0,0,0,0
240,0,9,0,0,0,0,0,328846,0,0,0,0,47,0,0,0,0,0,0,0,0,0,0,0,0,0,0,0,0,0,0,0,0,0,380,40,0,0,53,0,0,0,0,0
240,0,10,0,0,0,0,0,328846,0,0,0,0,53,0,0,0,0,0,0,0,0,0,0,0,0,0,0,0,0,0,0,0,0,0,0,82,86,0,124,0,0,0,0,0
240,0,11,0,0,0,0,0,328846,0,0,0,0,47,0,0,0,0,0,0,0,0,0,0,0,0,0,0,0,0,0,0,0,0,0,0,42,45,0,131,0,0,0,0,0
240,0,12,0,0,0,0,0,328846,0,0,0,0,47,0,0,0,0,0,0,0,0,0,0,0,0,0,0,0,0,0,0,0,0,0,0,0,0,45,93,0,0,0,0,0
240,0,13,0,0,0,0,0,328846,0,0,0,0,53,0,0,0,0,0,0,0,0,0,0,0,0,0,0,0,0,0,0,0,0,0,172,0,0,0,111,0,0,0,0,0
240,0,14,0,0,0,0,0,328846,0,0,0,0,47,0,0,0,0,0,0,0,0,0,0,0,0,0,0,0,0,0,0,0,0,0,0,0,86,0,63,0,0,0,0,0
240,0,15,0,0,0,0,0,328846,0,0,0,0,41,0,0,0,0,0,0,0,0,0,0,0,0,0,0,0,0,0,0,0,0,0,0,0,39,0,89,0,0,0,0,0
241,0,0,0,0,0,0,0,758253,0,0,4464,417792,136,0,0,0,0,0,10404,0,0,0,0,0,0,0,0,4464,4464,0,79103,0,348160,417792,0,1039,0,136,284,0,0,0,0,73728
241,0,1,0,0,0,0,0,379127,10404,0,0,0,3680,0,0,0,0,0,0,0,0,0,0,0,0,0,0,0,4073,0,39180,0,144044,0,0,396,472,1430,6677,0,0,12288,0,0
241,0,2,0,0,0,0,0,379127,0,0,0,0,537,12288,0,0,0,0,0,0,0,0,0,0,0,0,0,0,0,0,36901,0,73338,56887,0,701,845,1140,1018,0,0,12288,0,12288
241,0,3,0,0,0,0,0,379127,0,0,0,0,547,12288,0,0,0,0,0,0,0,0,0,0,0,0,0,0,0,0,35178,0,0,57261,0,416,287,0,863,0,0,0,0,12288
241,0,4,0,0,0,0,0,379127,0,0,0,0,521,12288,0,0,0,0,0,0,0,0,0,0,0,0,0,0,0,0,0,0,0,56925,0,87,0,314,839,24576,0,0,0,12288
241,0,5,0,0,0,0,0,379127,0,0,0,0,544,12288,0,0,0,0,0,0,0,0,0,0,0,0,0,0,0,0,0,0,0,56873,1954,150,0,1,1037,0,0,12288,0,12288
241,0,6,0,0,0,0,0,379127,0,0,0,0,515,12288,0,0,0,0,0,0,0,0,0,0,0,0,0,0,0,0,0,0,0,57150,0,43,869,2,810,0,0,12288,0,12288
241,0,7,0,0,0,0,0,379127,0,0,0,0,550,12288,0,0,0,0,0,0,0,0,0,0,0,0,0,0,0,0,0,0,0,56877,0,100,284,0,1065,0,0,0,0,12288
241,0,8,0,0,0,0,0,379127,0,0,0,0,53,0,0,0,0,0,0,0,0,0,0,0,0,0,0,0,0,0,0,0,0,0,0,52,0,39,110,0,0,0,0,0
241,0,9,0,0,0,0,0,379127,0,0,0,0,47,0,0,0,0,0,0,0,0,0,0,0,0,0,0,0,0,0,0,0,0,0,380,40,0,0,53,0,0,0,0,0
241,0,10,0,0,0,0,0,379127,0,0,0,0,53,0,0,0,0,0,0,0,0,0,0,0,0,0,0,0,0,0,0,0,0,0,0,82,86,0,124,0,0,0,0,0
241,0,11,0,0,0,0,0,379127,0,0,0,0,47,0,0,0,0,0,0,0,0,0,0,0,0,0,0,0,0,0,0,0,0,0,0,44,45,0,147,0,0,0,0,0
241,0,12,0,0,0,0,0,379127,0,0,0,0,47,0,0,0,0,0,0,0,0,0,0,0,0,0,0,0,0,0,0,0,0,0,0,0,0,45,93,0,0,0,0,0
241,0,13,0,0,0,0,0,379127,0,0,0,0,53,0,0,0,0,0,0,0,0,0,0,0,0,0,0,0,0,0,0,0,0,0,172,0,0,0,111,0,0,0,0,0
241,0,14,0,0,0,0,0,379127,0,0,0,0,47,0,0,0,0,0,0,0,0,0,0,0,0,0,0,0,0,0,0,0,0,0,0,0,86,0,63,0,0,0,0,0
241,0,15,0,0,0,0,0,379127,0,0,0,0,41,0,0,0,0,0,0,0,0,0,0,0,0,0,0,0,0,0,0,0,0,0,0,0,39,0,89,0,0,0,0,0
242,0,0,0,0,0,0,0,773715,0,0,4524,417792,136,0,0,0,0,0,10494,0,0,0,0,0,0,0,0,4524,4524,0,79140,0,348160,417792,0,1049,0,136,284,0,0,0,0,73728
242,0,1,0,0,0,0,0,386858,10494,0,0,0,4283,0,0,0,0,0,0,0,0,0,0,0,0,0,0,0,4104,0,38906,0,147050,0,0,318,405,1032,7325,0,0,12288,0,0
242,0,2,0,0,0,0,0,386858,0,0,0,0,557,12288,0,0,0,0,0,0,0,0,0,0,0,0,0,0,0,0,36875,0,77019,56857,0,746,841,1382,1190,0,0,12288,0,12288
242,0,3,0,0,0,0,0,386858,0,0,0,0,555,12288,0,0,0,0,0,0,0,0,0,0,0,0,0,0,0,0,38699,0,0,57310,0,303,290,0,761,0,0,0,0,12288
242,0,4,0,0,0,0,0,386858,0,0,0,0,533,12288,0,0,0,0,0,0,0,0,0,0,0,0,0,0,0,0,0,0,0,56870,0,87,0,312,785,24576,0,0,0,12288
242,0,5,0,0,0,0,0,386858,0,0,0,0,565,12288,0,0,0,0,0,0,0,0,0,0,0,0,0,0,0,0,0,0,0,57221,1973,150,0,0,1146,0,0,12288,0,12288
242,0,6,0,0,0,0,0,386858,0,0,0,0,519,12288,0,0,0,0,0,0,0,0,0,0,0,0,0,0,0,0,0,0,0,57224,0,43,872,3,779,0,0,12288,0,12288
242,0,7,0,0,0,0,0,386858,0,0,0,0,547,12288,0,0,0,0,0,0,0,0,0,0,0,0,0,0,0,0,0,0,0,55102,0,101,297,0,1183,0,0,0,0,12288
242,0,8,0,0,0,0,0,386858,0,0,0,0,53,0,0,0,0,0,0,0,0,0,0,0,0,0,0,0,0,0,0,0,0,0,0,52,0,39,110,0,0,0,0,0
242,0,9,0,0,0,0,0,386858,0,0,0,0,47,0,0,0,0,0,0,0,0,0,0,0,0,0,0,0,0,0,0,0,0,0,380,40,0,0,53,0,0,0,0,0
242,0,10,0,0,0,0,0,386858,0,0,0,0,53,0,0,0,0,0,0,0,0,0,0,0,0,0,0,0,0,0,0,0,0,0,0,82,86,0,124,0,0,0,0,0
242,0,11,0,0,0,0,0,386858,0,0,0,0,47,0,0,0,0,0,0,0,0,0,0,0,0,0,0,0,0,0,0,0,0,0,0,43,45,0,147,0,0,0,0,0
242,0,12,0,0,0,0,0,386858,0,0,0,0,47,0,0,0,0,0,0,0,0,0,0,0,0,0,0,0,0,0,0,0,0,0,0,0,0,45,93,0,0,0,0,0
242,0,13,0,0,0,0,0,386858,0,0,0,0,53,0,0,0,0,0,0,0,0,0,0,0,0,0,0,0,0,0,0,0,0,0,172,0,0,0,111,0,0,0,0,0
242,0,14,0,0,0,0,0,386858,0,0,0,0,47,0,0,0,0,0,0,0,0,0,0,0,0,0,0,0,0,0,0,0,0,0,0,0,86,0,63,0,0,0,0,0
242,0,15,0,0,0,0,0,386858,0,0,0,0,41,0,0,0,0,0,0,0,0,0,0,0,0,0,0,0,0,0,0,0,0,0,0,0,39,0,90,0,0,0,0,0
243,0,0,0,0,0,0,0,773557,0,0,4524,417792,136,0,0,0,0,0,10491,0,0,0,0,0,0,0,0,4524,4524,0,79187,0,348160,417792,0,1049,0,136,284,0,0,0,0,73728
243,0,1,0,0,0,0,0,386778,10491,0,0,0,4301,0,0,0,0,0,0,0,0,0,0,0,0,0,0,0,4128,0,38879,0,147132,0,0,321,406,1010,7313,0,0,12288,0,0
243,0,2,0,0,0,0,0,386778,0,0,0,0,538,12288,0,0,0,0,0,0,0,0,0,0,0,0,0,0,0,0,36850,0,77085,56858,0,750,856,1392,1179,0,0,12288,0,12288
243,0,3,0,0,0,0,0,386778,0,0,0,0,551,12288,0,0,0,0,0,0,0,0,0,0,0,0,0,0,0,0,38732,0,0,57312,0,297,294,0,753,0,0,0,0,12288
243,0,4,0,0,0,0,0,386778,0,0,0,0,538,12288,0,0,0,0,0,0,0,0,0,0,0,0,0,0,0,0,0,0,0,56890,0,87,0,307,789,24576,0,0,0,12288
243,0,5,0,0,0,0,0,386778,0,0,0,0,570,12288,0,0,0,0,0,0,0,0,0,0,0,0,0,0,0,0,0,0,0,57230,1988,150,0,0,1148,0,0,12288,0,12288
243,0,6,0,0,0,0,0,386778,0,0,0,0,527,12288,0,0,0,0,0,0,0,0,0,0,0,0,0,0,0,0,0,0,0,57244,0,39,857,3,787,0,0,12288,0,12288
243,0,7,0,0,0,0,0,386778,0,0,0,0,540,12288,0,0,0,0,0,0,0,0,0,0,0,0,0,0,0,0,0,0,0,55119,0,101,304,0,1182,0,0,0,0,12288
243,0,8,0,0,0,0,0,386778,0,0,0,0,56,0,0,0,0,0,0,0,0,0,0,0,0,0,0,0,0,0,0,0,0,0,0,52,0,36,113,0,0,0,0,0
243,0,9,0,0,0,0,0,386778,0,0,0,0,50,0,0,0,0,0,0,0,0,0,0,0,0,0,0,0,0,0,0,0,0,0,380,40,0,0,56,0,0,0,0,0
243,0,10,0,0,0,0,0,386778,0,0,0,0,56,0,0,0,0,0,0,0,0,0,0,0,0,0,0,0,0,0,0,0,0,0,0,86,86,0,127,0,0,0,0,0
243,0,11,0,0,0,0,0,386778,0,0,0,0,50,0,0,0,0,0,0,0,0,0,0,0,0,0,0,0,0,0,0,0,0,0,0,43,42,0,166,0,0,0,0,0
243,0,12,0,0,0,0,0,386778,0,0,0,0,50,0,0,0,0,0,0,0,0,0,0,0,0,0,0,0,0,0,0,0,0,0,0,0,0,42,96,0,0,0,0,0
243,0,13,0,0,0,0,0,386778,0,0,0,0,56,0,0,0,0,0,0,0,0,0,0,0,0,0,0,0,0,0,0,0,0,0,172,0,0,0,114,0,0,0,0,0
243,0,14,0,0,0,0,0,386778,0,0,0,0,50,0,0,0,0,0,0,0,0,0,0,0,0,0,0,0,0,0,0,0,0,0,0,0,86,0,62,0,0,0,0,0
243,0,15,0,0,0,0,0,386778,0,0,0,0,44,0,0,0,0,0,0,0,0,0,0,0,0,0,0,0,0,0,0,0,0,0,0,0,36,0,93,0,0,0,0,0
244,0,0,0,0,0,0,0,877634,0,0,5104,557056,136,0,0,0,0,0,11376,0,0,0,0,0,0,0,0,5104,5104,0,152348,0,417792,557056,0,1572,0,136,284,0,0,0,0,98304
244,0,1,0,0,0,0,0,438817,11376,0,0,0,4474,0,0,0,0,0,0,0,0,0,0,0,0,0,0,0,2733,0,70596,0,148566,0,0,455,555,1136,7712,0,0,12288,0,0
244,0,2,0,0,0,0,0,438817,0,0,0,0,464,12288,0,0,0,0,0,0,0,0,0,0,0,0,0,0,0,0,37164,0,82346,56922,0,675,743,1026,955,0,0,12288,0,12288
244,0,3,0,0,0,0,0,438817,0,0,0,0,478,12288,0,0,0,0,0,0,0,0,0,0,0,0,0,0,0,0,40282,0,0,57025,0,377,250,0,735,0,0,0,0,12288
244,0,4,0,0,0,0,0,438817,0,0,0,0,533,12288,0,0,0,0,0,0,0,0,0,0,0,0,0,0,0,0,38759,0,0,57183,0,248,0,196,774,36865,0,0,0,12288
244,0,5,0,0,0,0,0,438817,0,0,0,0,478,12288,0,0,0,0,0,0,0,0,0,0,0,0,0,0,0,0,40239,0,0,57217,2451,574,0,1,1021,0,0,12288,0,12288
244,0,6,0,0,0,0,0,438817,0,0,0,0,467,12288,0,0,0,0,0,0,0,0,0,0,0,0,0,0,0,0,0,0,0,57050,0,43,721,1,682,0,0,12288,0,12288
244,0,7,0,0,0,0,0,438817,0,0,0,0,460,12288,0,0,0,0,0,0,0,0,0,0,0,0,0,0,0,0,0,0,0,56785,0,100,269,0,908,0,0,0,0,12288
244,0,8,0,0,0,0,0,438817,0,0,0,0,480,12288,0,0,0,0,0,0,0,0,0,0,0,0,0,0,0,0,0,0,0,56898,0,52,0,249,1015,12288,0,0,0,12288
244,0,9,0,0,0,0,0,438817,0,0,0,0,427,12288,0,0,0,0,0,0,0,0,0,0,0,0,0,0,0,0,0,0,0,57107,1063,40,0,1,648,0,0,0,0,12288
244,0,10,0,0,0,0,0,438817,0,0,0,0,53,0,0,0,0,0,0,0,0,0,0,0,0,0,0,0,0,0,0,0,0,0,0,82,86,1,124,0,0,0,0,0
244,0,11,0,0,0,0,0,438817,0,0,0,0,47,0,0,0,0,0,0,0,0,0,0,0,0,0,0,0,0,0,0,0,0,0,0,45,45,0,131,0,0,0,0,0
244,0,12,0,0,0,0,0,438817,0,0,0,0,47,0,0,0,0,0,0,0,0,0,0,0,0,0,0,0,0,0,0,0,0,0,0,0,0,45,93,0,0,0,0,0
244,0,13,0,0,0,0,0,438817,0,0,0,0,53,0,0,0,0,0,0,0,0,0,0,0,0,0,0,0,0,0,0,0,0,0,172,0,0,0,111,0,0,0,0,0
244,0,14,0,0,0,0,0,438817,0,0,0,0,47,0,0,0,0,0,0,0,0,0,0,0,0,0,0,0,0,0,0,0,0,0,0,0,86,0,63,0,0,0,0,0
244,0,15,0,0,0,0,0,438817,0,0,0,0,41,0,0,0,0,0,0,0,0,0,0,0,0,0,0,0,0,0,0,0,0,0,0,0,39,0,90,0,0,0,0,0
245,0,0,0,0,0,0,0,875449,0,0,5088,557056,136,0,0,0,0,0,11352,0,0,0,0,0,0,0,0,5088,5088,0,152677,0,417792,557056,0,1568,0,136,284,0,0,0,0,98304
245,0,1,0,0,0,0,0,437725,11352,0,0,0,4452,0,0,0,0,0,0,0,0,0,0,0,0,0,0,0,2620,0,70572,0,148320,0,0,495,524,1133,7727,0,0,12288,0,0
245,0,2,0,0,0,0,0,437725,0,0,0,0,480,12288,0,0,0,0,0,0,0,0,0,0,0,0,0,0,0,0,36908,0,82637,57088,0,659,730,1077,932,0,0,12288,0,12288
245,0,3,0,0,0,0,0,437725,0,0,0,0,485,12288,0,0,0,0,0,0,0,0,0,0,0,0,0,0,0,0,40322,0,0,57076,0,315,242,0,748,0,0,0,0,12288
245,0,4,0,0,0,0,0,437725,0,0,0,0,486,12288,0,0,0,0,0,0,0,0,0,0,0,0,0,0,0,0,38619,0,0,57181,0,250,0,241,692,36864,0,0,0,12288
245,0,5,0,0,0,0,0,437725,0,0,0,0,490,12288,0,0,0,0,0,0,0,0,0,0,0,0,0,0,0,0,40120,0,0,57225,2411,609,0,2,954,0,0,12288,0,12288
245,0,6,0,0,0,0,0,437725,0,0,0,0,484,12288,0,0,0,0,0,0,0,0,0,0,0,0,0,0,0,0,0,0,0,57053,0,43,746,0,713,0,0,12288,0,12288
245,0,7,0,0,0,0,0,437725,0,0,0,0,504,12288,0,0,0,0,0,0,0,0,0,0,0,0,0,0,0,0,0,0,0,56841,0,103,223,0,1010,0,0,0,0,12288
245,0,8,0,0,0,0,0,437725,0,0,0,0,485,12288,0,0,0,0,0,0,0,0,0,0,0,0,0,0,0,0,0,0,0,56886,0,52,0,242,1016,12288,0,0,0,12288
245,0,9,0,0,0,0,0,437725,0,0,0,0,486,12288,0,0,0,0,0,0,0,0,0,0,0,0,0,0,0,0,0,0,0,57156,1008,40,0,0,670,0,0,0,0,12288
245,0,10,0,0,0,0,0,437725,0,0,0,0,53,0,0,0,0,0,0,0,0,0,0,0,0,0,0,0,0,0,0,0,0,0,0,82,86,2,124,0,0,0,0,0
245,0,11,0,0,0,0,0,437725,0,0,0,0,47,0,0,0,0,0,0,0,0,0,0,0,0,0,0,0,0,0,0,0,0,0,0,41,45,0,131,0,0,0,0,0
245,0,12,0,0,0,0,0,437725,0,0,0,0,47,0,0,0,0,0,0,0,0,0,0,0,0,0,0,0,0,0,0,0,0,0,0,0,0,45,93,0,0,0,0,0
245,0,13,0,0,0,0,0,437725,0,0,0,0,53,0,0,0,0,0,0,0,0,0,0,0,0,0,0,0,0,0,0,0,0,0,172,0,0,0,111,0,0,0,0,0
245,0,14,0,0,0,0,0,437725,0,0,0,0,47,0,0,0,0,0,0,0,0,0,0,0,0,0,0,0,0,0,0,0,0,0,0,0,86,0,63,0,0,0,0,0
245,0,15,0,0,0,0,0,437725,0,0,0,0,41,0,0,0,0,0,0,0,0,0,0,0,0,0,0,0,0,0,0,0,0,0,0,0,39,0,94,0,0,0,0,0
246,0,0,0,0,0,0,0,875172,0,0,5088,557056,136,0,0,0,0,0,11349,0,0,0,0,0,0,0,0,5088,5088,0,152713,0,417792,557056,0,1568,0,136,284,0,0,0,0,98304
246,0,1,0,0,0,0,0,437586,11349,0,0,0,4354,0,0,0,0,0,0,0,0,0,0,0,0,0,0,0,2445,0,70535,0,148334,0,0,633,616,1001,7640,0,0,12288,0,0
246,0,2,0,0,0,0,0,437586,0,0,0,0,491,12288,0,0,0,0,0,0,0,0,0,0,0,0,0,0,0,0,36989,0,82945,57107,0,715,731,1128,968,0,0,12288,0,12288
246,0,3,0,0,0,0,0,437586,0,0,0,0,497,12288,0,0,0,0,0,0,0,0,0,0,0,0,0,0,0,0,40291,0,0,57186,0,300,230,0,724,0,0,0,0,12288
246,0,4,0,0,0,0,0,437586,0,0,0,0,490,12288,0,0,0,0,0,0,0,0,0,0,0,0,0,0,0,0,38488,0,0,57193,0,330,0,237,709,36865,0,0,0,12288
246,0,5,0,0,0,0,0,437586,0,0,0,0,485,12288,0,0,0,0,0,0,0,0,0,0,0,0,0,0,0,0,39827,0,0,57215,2399,510,0,1,910,0,0,12288,0,12288
246,0,6,0,0,0,0,0,437586,0,0,0,0,470,12288,0,0,0,0,0,0,0,0,0,0,0,0,0,0,0,0,0,0,0,56958,0,39,768,1,647,0,0,12288,0,12288
246,0,7,0,0,0,0,0,437586,0,0,0,0,512,12288,0,0,0,0,0,0,0,0,0,0,0,0,0,0,0,0,0,0,0,56856,0,102,215,0,1033,0,0,0,0,12288
246,0,8,0,0,0,0,0,437586,0,0,0,0,491,12288,0,0,0,0,0,0,0,0,0,0,0,0,0,0,0,0,0,0,0,56956,0,52,0,236,942,12288,0,0,0,12288
246,0,9,0,0,0,0,0,437586,0,0,0,0,490,12288,0,0,0,0,0,0,0,0,0,0,0,0,0,0,0,0,0,0,0,57118,1008,40,0,2,773,0,0,0,0,12288
246,0,10,0,0,0,0,0,437586,0,0,0,0,56,0,0,0,0,0,0,0,0,0,0,0,0,0,0,0,0,0,0,0,0,0,0,86,86,0,127,0,0,0,0,0
246,0,11,0,0,0,0,0,437586,0,0,0,0,50,0,0,0,0,0,0,0,0,0,0,0,0,0,0,0,0,0,0,0,0,0,0,44,42,0,182,0,0,0,0,0
246,0,12,0,0,0,0,0,437586,0,0,0,0,50,0,0,0,0,0,0,0,0,0,0,0,0,0,0,0,0,0,0,0,0,0,0,0,0,42,96,0,0,0,0,0
246,0,13,0,0,0,0,0,437586,0,0,0,0,56,0,0,0,0,0,0,0,0,0,0,0,0,0,0,0,0,0,0,0,0,0,172,0,0,0,114,0,0,0,0,0
246,0,14,0,0,0,0,0,437586,0,0,0,0,50,0,0,0,0,0,0,0,0,0,0,0,0,0,0,0,0,0,0,0,0,0,0,0,86,0,62,0,0,0,0,0
246,0,15,0,0,0,0,0,437586,0,0,0,0,44,0,0,0,0,0,0,0,0,0,0,0,0,0,0,0,0,0,0,0,0,0,0,0,36,0,94,0,0,0,0,0
247,0,0,0,0,0,0,0,1069640,0,0,6320,696320,136,0,0,0,0,0,13212,0,0,0,0,0,0,0,0,6320,6320,0,153290,0,579360,696320,0,1560,0,136,284,0,0,0,0,123009
247,0,1,0,0,0,0,0,534820,13212,0,0,0,5186,0,0,0,0,0,0,0,0,0,0,0,0,0,0,0,3204,0,73612,0,228772,0,0,555,612,1485,9122,0,0,12288,0,0
247,0,2,0,0,0,0,0,534820,0,0,0,0,486,12288,0,0,0,0,0,0,0,0,0,0,0,0,0,0,0,0,70256,0,129084,57189,0,1103,688,1481,987,0,0,12288,0,12288
247,0,3,0,0,0,0,0,534820,0,0,0,0,451,12288,0,0,0,0,0,0,0,0,0,0,0,0,0,0,0,0,84272,0,0,57141,0,575,271,0,676,0,0,0,0,12288
247,0,4,0,0,0,0,0,534820,0,0,0,0,451,12288,0,0,0,0,0,0,0,0,0,0,0,0,0,0,0,0,37558,0,0,57068,0,311,0,272,684,49152,0,0,0,12288
247,0,5,0,0,0,0,0,534820,0,0,0,0,470,12288,0,0,0,0,0,0,0,0,0,0,0,0,0,0,0,0,39938,0,0,57074,3020,552,0,0,923,0,0,12288,0,12288
247,0,6,0,0,0,0,0,534820,0,0,0,0,451,12288,0,0,0,0,0,0,0,0,0,0,0,0,0,0,0,0,40304,0,0,57143,0,259,734,3,649,0,0,12288,0,12288
247,0,7,0,0,0,0,0,534820,0,0,0,0,463,12288,0,0,0,0,0,0,0,0,0,0,0,0,0,0,0,0,40653,0,0,56892,0,508,259,0,931,0,0,0,0,12288
247,0,8,0,0,0,0,0,534820,0,0,0,0,476,12288,0,0,0,0,0,0,0,0,0,0,0,0,0,0,0,0,0,0,0,56959,0,52,0,247,942,24576,0,0,0,12288
247,0,9,0,0,0,0,0,534820,0,0,0,0,453,12288,0,0,0,0,0,0,0,0,0,0,0,0,0,0,0,0,0,0,0,57152,1638,40,0,2,690,0,0,12288,0,12288
247,0,10,0,0,0,0,0,534820,0,0,0,0,461,12288,0,0,0,0,0,0,0,0,0,0,0,0,0,0,0,0,0,0,0,57131,0,82,734,0,949,0,0,12288,0,12288
247,0,11,0,0,0,0,0,534820,0,0,0,0,473,12288,0,0,0,0,0,0,0,0,0,0,0,0,0,0,0,0,0,0,0,57065,0,48,250,0,1158,0,0,0,0,12288
247,0,12,0,0,0,0,0,534820,0,0,0,0,47,0,0,0,0,0,0,0,0,0,0,0,0,0,0,0,0,0,0,0,0,0,0,0,0,45,93,0,0,0,0,0
247,0,13,0,0,0,0,0,534820,0,0,0,0,53,0,0,0,0,0,0,0,0,0,0,0,0,0,0,0,0,0,0,0,0,0,172,0,0,0,111,0,0,0,0,0
247,0,14,0,0,0,0,0,534820,0,0,0,0,47,0,0,0,0,0,0,0,0,0,0,0,0,0,0,0,0,0,0,0,0,0,0,0,86,0,63,0,0,0,0,0
247,0,15,0,0,0,0,0,534820,0,0,0,0,41,0,0,0,0,0,0,0,0,0,0,0,0,0,0,0,0,0,0,0,0,0,0,0,39,0,89,0,0,0,0,0
248,0,0,0,0,0,0,0,1067459,0,0,6300,696320,136,0,0,0,0,0,13182,0,0,0,0,0,0,0,0,6300,6300,0,152535,0,557056,696320,0,1556,0,136,284,0,0,0,0,123248
248,0,1,0,0,0,0,0,533730,13182,0,0,0,5166,0,0,0,0,0,0,0,0,0,0,0,0,0,0,0,3283,0,73724,0,217730,0,0,522,630,1500,9086,0,0,12288,0,0
248,0,2,0,0,0,0,0,533730,0,0,0,0,465,12288,0,0,0,0,0,0,0,0,0,0,0,0,0,0,0,0,70159,0,119253,57142,0,1063,718,1514,947,0,0,12288,0,12288
248,0,3,0,0,0,0,0,533730,0,0,0,0,464,12288,0,0,0,0,0,0,0,0,0,0,0,0,0,0,0,0,73585,0,0,57166,0,536,257,0,688,0,0,0,0,12288
248,0,4,0,0,0,0,0,533730,0,0,0,0,456,12288,0,0,0,0,0,0,0,0,0,0,0,0,0,0,0,0,38624,0,0,57077,0,324,0,265,695,49152,0,0,0,12288
248,0,5,0,0,0,0,0,533730,0,0,0,0,460,12288,0,0,0,0,0,0,0,0,0,0,0,0,0,0,0,0,39931,0,0,57125,2986,562,0,1,932,0,0,12288,0,12288
248,0,6,0,0,0,0,0,533730,0,0,0,0,457,12288,0,0,0,0,0,0,0,0,0,0,0,0,0,0,0,0,40330,0,0,57134,0,268,726,1,682,0,0,12288,0,12288
248,0,7,0,0,0,0,0,533730,0,0,0,0,463,12288,0,0,0,0,0,0,0,0,0,0,0,0,0,0,0,0,40317,0,0,56888,0,512,258,0,963,0,0,0,0,12288
248,0,8,0,0,0,0,0,533730,0,0,0,0,478,12288,0,0,0,0,0,0,0,0,0,0,0,0,0,0,0,0,0,0,0,56958,0,52,0,243,929,24576,0,0,0,12288
248,0,9,0,0,0,0,0,533730,0,0,0,0,454,12288,0,0,0,0,0,0,0,0,0,0,0,0,0,0,0,0,0,0,0,57123,1680,40,0,0,679,0,0,12288,0,12288
248,0,10,0,0,0,0,0,533730,0,0,0,0,482,12288,0,0,0,0,0,0,0,0,0,0,0,0,0,0,0,0,0,0,0,57137,0,82,689,2,959,0,0,12288,0,12288
248,0,11,0,0,0,0,0,533730,0,0,0,0,451,12288,0,0,0,0,0,0,0,0,0,0,0,0,0,0,0,0,0,0,0,57118,0,43,270,0,1089,0,0,0,0,12288
248,0,12,0,0,0,0,0,533730,0,0,0,0,47,0,0,0,0,0,0,0,0,0,0,0,0,0,0,0,0,0,0,0,0,0,0,0,0,45,93,0,0,0,0,0
248,0,13,0,0,0,0,0,533730,0,0,0,0,53,0,0,0,0,0,0,0,0,0,0,0,0,0,0,0,0,0,0,0,0,0,172,0,0,0,111,0,0,0,0,0
248,0,14,0,0,0,0,0,533730,0,0,0,0,47,0,0,0,0,0,0,0,0,0,0,0,0,0,0,0,0,0,0,0,0,0,0,0,86,0,63,0,0,0,0,0
248,0,15,0,0,0,0,0,533730,0,0,0,0,41,0,0,0,0,0,0,0,0,0,0,0,0,0,0,0,0,0,0,0,0,0,0,0,39,0,94,0,0,0,0,0
249,0,0,0,0,0,0,0,1068244,0,0,6300,696320,136,0,0,0,0,0,13179,0,0,0,0,0,0,0,0,6300,6300,0,152453,0,557056,696320,0,1556,0,136,284,0,0,0,0,123383
249,0,1,0,0,0,0,0,534122,13179,0,0,0,5161,0,0,0,0,0,0,0,0,0,0,0,0,0,0,0,3313,0,73811,0,217848,0,0,519,652,1486,9107,0,0,12288,0,0
249,0,2,0,0,0,0,0,534122,0,0,0,0,464,12288,0,0,0,0,0,0,0,0,0,0,0,0,0,0,0,0,70190,0,119187,57171,0,1077,721,1521,939,0,0,12288,0,12288
249,0,3,0,0,0,0,0,534122,0,0,0,0,466,12288,0,0,0,0,0,0,0,0,0,0,0,0,0,0,0,0,73618,0,0,57152,0,525,255,0,694,0,0,0,0,12288
249,0,4,0,0,0,0,0,534122,0,0,0,0,444,12288,0,0,0,0,0,0,0,0,0,0,0,0,0,0,0,0,38604,0,0,57056,0,331,0,277,698,49152,0,0,0,12288
249,0,5,0,0,0,0,0,534122,0,0,0,0,471,12288,0,0,0,0,0,0,0,0,0,0,0,0,0,0,0,0,39887,0,0,57128,2957,554,0,1,954,0,0,12288,0,12288
249,0,6,0,0,0,0,0,534122,0,0,0,0,441,12288,0,0,0,0,0,0,0,0,0,0,0,0,0,0,0,0,40306,0,0,57153,0,262,736,2,658,0,0,12288,0,12288
249,0,7,0,0,0,0,0,534122,0,0,0,0,457,12288,0,0,0,0,0,0,0,0,0,0,0,0,0,0,0,0,40263,0,0,56876,0,515,263,0,965,0,0,0,0,12288
249,0,8,0,0,0,0,0,534122,0,0,0,0,485,12288,0,0,0,0,0,0,0,0,0,0,0,0,0,0,0,0,0,0,0,56938,0,52,0,236,929,24576,0,0,0,12288
249,0,9,0,0,0,0,0,534122,0,0,0,0,455,12288,0,0,0,0,0,0,0,0,0,0,0,0,0,0,0,0,0,0,0,57113,1676,40,0,1,688,0,0,12288,0,12288
249,0,10,0,0,0,0,0,534122,0,0,0,0,462,12288,0,0,0,0,0,0,0,0,0,0,0,0,0,0,0,0,0,0,0,57143,0,82,698,1,945,0,0,12288,0,12288
249,0,11,0,0,0,0,0,534122,0,0,0,0,440,12288,0,0,0,0,0,0,0,0,0,0,0,0,0,0,0,0,0,0,0,57137,0,44,281,0,777,0,0,0,0,12288
249,0,12,0,0,0,0,0,534122,0,0,0,0,47,0,0,0,0,0,0,0,0,0,0,0,0,0,0,0,0,0,0,0,0,0,0,0,0,45,93,0,0,0,0,0
249,0,13,0,0,0,0,0,534122,0,0,0,0,53,0,0,0,0,0,0,0,0,0,0,0,0,0,0,0,0,0,0,0,0,0,172,0,0,0,111,0,0,0,0,0
249,0,14,0,0,0,0,0,534122,0,0,0,0,47,0,0,0,0,0,0,0,0,0,0,0,0,0,0,0,0,0,0,0,0,0,0,0,86,0,63,0,0,0,0,0
249,0,15,0,0,0,0,0,534122,0,0,0,0,41,0,0,0,0,0,0,0,0,0,0,0,0,0,0,0,0,0,0,0,0,0,0,0,39,0,93,0,0,0,0,0
250,0,0,0,0,0,0,0,1356633,0,0,8160,905216,136,0,0,0,0,0,15987,0,0,0,0,0,0,0,0,8160,8160,0,223012,0,703861,905216,0,2181,0,136,284,0,0,0,0,350356
250,0,1,0,0,0,0,0,678317,15987,0,0,0,6381,0,0,0,0,0,0,0,0,0,0,0,0,0,0,0,4466,0,108012,0,254465,0,0,746,836,1718,11053,0,0,12288,0,0
250,0,2,0,0,0,0,0,678317,0,0,0,0,459,12288,0,0,0,0,0,0,0,0,0,0,0,0,0,0,0,0,106786,0,111205,57145,0,1478,724,1494,941,0,0,12288,0,12288
250,0,3,0,0,0,0,0,678317,0,0,0,0,467,12288,0,0,0,0,0,0,0,0,0,0,0,0,0,0,0,0,72108,0,0,57147,0,539,249,0,701,0,0,0,0,12288
250,0,4,0,0,0,0,0,678317,0,0,0,0,457,12288,0,0,0,0,0,0,0,0,0,0,0,0,0,0,0,0,74800,0,0,57044,0,522,0,262,704,61834,0,0,0,12288
250,0,5,0,0,0,0,0,678317,0,0,0,0,467,12288,0,0,0,0,0,0,0,0,0,0,0,0,0,0,0,0,74171,0,0,57162,4082,972,0,2,930,0,0,12288,0,12288
250,0,6,0,0,0,0,0,678317,0,0,0,0,465,12288,0,0,0,0,0,0,0,0,0,0,0,0,0,0,0,0,75982,0,0,57143,0,455,723,0,713,0,0,12288,0,12288
250,0,7,0,0,0,0,0,678317,0,0,0,0,470,12288,0,0,0,0,0,0,0,0,0,0,0,0,0,0,0,0,40251,0,0,56841,0,507,249,0,969,0,0,0,0,12288
250,0,8,0,0,0,0,0,678317,0,0,0,0,456,12288,0,0,0,0,0,0,0,0,0,0,0,0,0,0,0,0,38599,0,0,56649,0,461,0,263,927,49157,0,0,0,12288
250,0,9,0,0,0,0,0,678317,0,0,0,0,469,12288,0,0,0,0,0,0,0,0,0,0,0,0,0,0,0,0,38919,0,0,57189,2444,250,0,1,701,0,0,12288,0,12288
250,0,10,0,0,0,0,0,678317,0,0,0,0,482,12288,0,0,0,0,0,0,0,0,0,0,0,0,0,0,0,0,38524,0,0,57203,0,520,712,2,961,0,0,12288,0,12288
250,0,11,0,0,0,0,0,678317,0,0,0,0,476,12288,0,0,0,0,0,0,0,0,0,0,0,0,0,0,0,0,0,0,0,57167,0,44,242,0,661,0,0,0,0,12288
250,0,12,0,0,0,0,0,678317,0,0,0,0,474,12288,0,0,0,0,0,0,0,0,0,0,0,0,0,0,0,0,0,0,0,57113,0,0,0,245,740,12288,0,0,0,12288
250,0,13,0,0,0,0,0,678317,0,0,0,0,476,12288,0,0,0,0,0,0,0,0,0,0,0,0,0,0,0,0,0,0,0,57150,1219,0,0,1,953,0,0,12288,0,12288
250,0,14,0,0,0,0,0,678317,0,0,0,0,464,12288,0,0,0,0,0,0,0,0,0,0,0,0,0,0,0,0,0,0,0,57140,0,0,295,2,671,0,0,0,0,12288
250,0,15,0,0,0,0,0,678317,0,0,0,0,41,0,0,0,0,0,0,0,0,0,0,0,0,0,0,0,0,0,0,0,0,0,0,0,39,0,94,0,0,0,0,0
251,0,0,0,0,0,0,0,1357647,0,0,8150,905216,136,0,0,0,0,0,15972,0,0,0,0,0,0,0,0,8150,8150,0,224593,0,703646,905216,0,2179,0,136,284,0,0,0,0,351916
251,0,1,0,0,0,0,0,678824,15972,0,0,0,6369,0,0,0,0,0,0,0,0,0,0,0,0,0,0,0,4147,0,107087,0,254555,0,0,743,837,1722,11031,0,0,12288,0,0
251,0,2,0,0,0,0,0,678824,0,0,0,0,463,12288,0,0,0,0,0,0,0,0,0,0,0,0,0,0,0,0,108088,0,109536,57131,0,1474,727,1492,940,0,0,12288,0,12288
251,0,3,0,0,0,0,0,678824,0,0,0,0,474,12288,0,0,0,0,0,0,0,0,0,0,0,0,0,0,0,0,73931,0,0,57129,0,548,243,0,698,0,0,0,0,12288
251,0,4,0,0,0,0,0,678824,0,0,0,0,465,12288,0,0,0,0,0,0,0,0,0,0,0,0,0,0,0,0,74444,0,0,57155,0,533,0,254,702,61934,0,0,0,12288
251,0,5,0,0,0,0,0,678824,0,0,0,0,481,12288,0,0,0,0,0,0,0,0,0,0,0,0,0,0,0,0,74592,0,0,57138,4079,980,0,1,937,0,0,12288,0,12288
251,0,6,0,0,0,0,0,678824,0,0,0,0,461,12288,0,0,0,0,0,0,0,0,0,0,0,0,0,0,0,0,72387,0,0,57111,0,475,725,1,689,0,0,12288,0,12288
251,0,7,0,0,0,0,0,678824,0,0,0,0,467,12288,0,0,0,0,0,0,0,0,0,0,0,0,0,0,0,0,38314,0,0,56761,0,501,251,0,961,0,0,0,0,12288
251,0,8,0,0,0,0,0,678824,0,0,0,0,449,12288,0,0,0,0,0,0,0,0,0,0,0,0,0,0,0,0,38809,0,0,56770,0,459,0,270,909,49137,0,0,0,12288
251,0,9,0,0,0,0,0,678824,0,0,0,0,461,12288,0,0,0,0,0,0,0,0,0,0,0,0,0,0,0,0,38437,0,0,57135,2430,255,0,2,678,0,0,12288,0,12288
251,0,10,0,0,0,0,0,678824,0,0,0,0,464,12288,0,0,0,0,0,0,0,0,0,0,0,0,0,0,0,0,40145,0,0,57189,0,502,722,0,937,0,0,12288,0,12288
251,0,11,0,0,0,0,0,678824,0,0,0,0,470,12288,0,0,0,0,0,0,0,0,0,0,0,0,0,0,0,0,0,0,0,57162,0,45,247,0,4985,0,0,0,0,12288
251,0,12,0,0,0,0,0,678824,0,0,0,0,460,12288,0,0,0,0,0,0,0,0,0,0,0,0,0,0,0,0,0,0,0,57140,0,0,0,257,726,12288,0,0,0,12288
251,0,13,0,0,0,0,0,678824,0,0,0,0,475,12288,0,0,0,0,0,0,0,0,0,0,0,0,0,0,0,0,0,0,0,57110,1213,0,0,1,945,0,0,12288,0,12288
251,0,14,0,0,0,0,0,678824,0,0,0,0,473,12288,0,0,0,0,0,0,0,0,0,0,0,0,0,0,0,0,0,0,0,57133,0,0,284,2,696,0,0,0,0,12288
251,0,15,0,0,0,0,0,678824,0,0,0,0,41,0,0,0,0,0,0,0,0,0,0,0,0,0,0,0,0,0,0,0,0,0,0,0,39,0,93,0,0,0,0,0
252,0,0,0,0,0,0,0,1357950,0,0,8160,905216,136,0,0,0,0,0,15990,0,0,0,0,0,0,0,0,8160,8160,0,219122,0,723054,905216,0,2181,0,136,284,0,0,0,0,327738
252,0,1,0,0,0,0,0,678975,15990,0,0,0,6336,0,0,0,0,0,0,0,0,0,0,0,0,0,0,0,4205,0,116108,0,259748,0,0,783,843,1719,10992,0,0,12287,0,0
252,0,2,0,0,0,0,0,678975,0,0,0,0,463,12288,0,0,0,0,0,0,0,0,0,0,0,0,0,0,0,0,115297,0,108193,57137,0,1475,718,1488,952,0,0,12288,0,12288
252,0,3,0,0,0,0,0,678975,0,0,0,0,465,12288,0,0,0,0,0,0,0,0,0,0,0,0,0,0,0,0,75689,0,0,57121,0,538,252,0,705,0,0,0,0,12288
252,0,4,0,0,0,0,0,678975,0,0,0,0,469,12288,0,0,0,0,0,0,0,0,0,0,0,0,0,0,0,0,73237,0,0,57130,0,539,0,250,705,61191,0,0,0,12288
252,0,5,0,0,0,0,0,678975,0,0,0,0,467,12288,0,0,0,0,0,0,0,0,0,0,0,0,0,0,0,0,75631,0,0,57155,4104,946,0,1,919,0,0,12287,0,12288
252,0,6,0,0,0,0,0,678975,0,0,0,0,457,12288,0,0,0,0,0,0,0,0,0,0,0,0,0,0,0,0,76245,0,0,57109,0,465,728,2,698,0,0,12288,0,12288
252,0,7,0,0,0,0,0,678975,0,0,0,0,467,12288,0,0,0,0,0,0,0,0,0,0,0,0,0,0,0,0,37932,0,0,56762,0,510,251,0,963,0,0,0,0,12288
252,0,8,0,0,0,0,0,678975,0,0,0,0,457,12288,0,0,0,0,0,0,0,0,0,0,0,0,0,0,0,0,38860,0,0,56852,0,444,0,262,928,49139,0,0,0,12288
252,0,9,0,0,0,0,0,678975,0,0,0,0,472,12288,0,0,0,0,0,0,0,0,0,0,0,0,0,0,0,0,38494,0,0,57180,2430,269,0,1,711,0,0,12288,0,12288
252,0,10,0,0,0,0,0,678975,0,0,0,0,462,12288,0,0,0,0,0,0,0,0,0,0,0,0,0,0,0,0,37135,0,0,57152,0,503,729,1,948,0,0,12288,0,12288
252,0,11,0,0,0,0,0,678975,0,0,0,0,472,12288,0,0,0,0,0,0,0,0,0,0,0,0,0,0,0,0,0,0,0,57146,0,46,246,0,581,0,0,0,0,12288
252,0,12,0,0,0,0,0,678975,0,0,0,0,464,12288,0,0,0,0,0,0,0,0,0,0,0,0,0,0,0,0,0,0,0,57126,0,0,0,255,747,12288,0,0,0,12288
252,0,13,0,0,0,0,0,678975,0,0,0,0,484,12288,0,0,0,0,0,0,0,0,0,0,0,0,0,0,0,0,0,0,0,57124,1214,0,0,0,942,0,0,12288,0,12288
252,0,14,0,0,0,0,0,678975,0,0,0,0,477,12288,0,0,0,0,0,0,0,0,0,0,0,0,0,0,0,0,0,0,0,57158,0,0,283,2,701,0,0,0,0,12288
252,0,15,0,0,0,0,0,678975,0,0,0,0,41,0,0,0,0,0,0,0,0,0,0,0,0,0,0,0,0,0,0,0,0,0,0,0,39,0,92,0,0,0,0,0
253,0,0,0,0,0,0,0,421858,0,0,2106,67584,136,0,0,0,0,0,6834,0,0,0,0,0,0,0,0,2106,2106,0,0,0,87577,67584,0,294,0,136,284,0,0,0,0,6144
253,0,1,0,0,0,0,0,210929,6834,0,0,0,2247,0,0,0,0,0,0,0,0,0,0,0,0,0,0,0,417,0,0,0,52845,0,0,79,174,1115,4140,0,0,6144,0,0
253,0,2,0,0,0,0,0,210929,0,0,0,0,1210,6144,0,0,0,0,0,0,0,0,0,0,0,0,0,0,0,0,0,0,0,59308,0,246,1033,276,2453,0,0,0,0,6144
253,0,3,0,0,0,0,0,210929,0,0,0,0,47,0,0,0,0,0,0,0,0,0,0,0,0,0,0,0,0,0,0,0,0,0,0,97,45,0,55,0,0,0,0,0
253,0,4,0,0,0,0,0,210929,0,0,0,0,47,0,0,0,0,0,0,0,0,0,0,0,0,0,0,0,0,0,0,0,0,0,0,87,0,45,66,0,0,0,0,0
253,0,5,0,0,0,0,0,210929,0,0,0,0,47,0,0,0,0,0,0,0,0,0,0,0,0,0,0,0,0,0,0,0,0,0,522,150,0,0,112,0,0,0,0,0
253,0,6,0,0,0,0,0,210929,0,0,0,0,47,0,0,0,0,0,0,0,0,0,0,0,0,0,0,0,0,0,0,0,0,0,0,43,98,0,52,0,0,0,0,0
253,0,7,0,0,0,0,0,210929,0,0,0,0,53,0,0,0,0,0,0,0,0,0,0,0,0,0,0,0,0,0,0,0,0,0,0,99,39,0,140,0,0,0,0,0
253,0,8,0,0,0,0,0,210929,0,0,0,0,53,0,0,0,0,0,0,0,0,0,0,0,0,0,0,0,0,0,0,0,0,0,0,52,0,39,110,0,0,0,0,0
253,0,9,0,0,0,0,0,210929,0,0,0,0,47,0,0,0,0,0,0,0,0,0,0,0,0,0,0,0,0,0,0,0,0,0,380,40,0,0,53,0,0,0,0,0
253,0,10,0,0,0,0,0,210929,0,0,0,0,53,0,0,0,0,0,0,0,0,0,0,0,0,0,0,0,0,0,0,0,0,0,0,82,86,0,124,0,0,0,0,0
253,0,11,0,0,0,0,0,210929,0,0,0,0,47,0,0,0,0,0,0,0,0,0,0,0,0,0,0,0,0,0,0,0,0,0,0,40,45,0,131,0,0,0,0,0
253,0,12,0,0,0,0,0,210929,0,0,0,0,47,0,0,0,0,0,0,0,0,0,0,0,0,0,0,0,0,0,0,0,0,0,0,0,0,45,93,0,0,0,0,0
253,0,13,0,0,0,0,0,210929,0,0,0,0,53,0,0,0,0,0,0,0,0,0,0,0,0,0,0,0,0,0,0,0,0,0,172,0,0,0,111,0,0,0,0,0
253,0,14,0,0,0,0,0,210929,0,0,0,0,47,0,0,0,0,0,0,0,0,0,0,0,0,0,0,0,0,0,0,0,0,0,0,0,86,0,63,0,0,0,0,0
253,0,15,0,0,0,0,0,210929,0,0,0,0,41,0,0,0,0,0,0,0,0,0,0,0,0,0,0,0,0,0,0,0,0,0,0,0,39,0,88,0,0,0,0,0
254,0,0,0,0,0,0,0,422025,0,0,2108,67584,136,0,0,0,0,0,6840,0,0,0,0,0,0,0,0,2108,2108,0,0,0,87583,67584,0,294,0,136,284,0,0,0,0,6144
254,0,1,0,0,0,0,0,211013,6840,0,0,0,2250,0,0,0,0,0,0,0,0,0,0,0,0,0,0,0,415,0,0,0,52846,0,0,79,174,1114,4144,0,0,6144,0,0
254,0,2,0,0,0,0,0,211013,0,0,0,0,1212,6144,0,0,0,0,0,0,0,0,0,0,0,0,0,0,0,0,0,0,0,59313,0,246,1034,275,2458,0,0,0,0,6144
254,0,3,0,0,0,0,0,211013,0,0,0,0,47,0,0,0,0,0,0,0,0,0,0,0,0,0,0,0,0,0,0,0,0,0,0,98,45,0,55,0,0,0,0,0
254,0,4,0,0,0,0,0,211013,0,0,0,0,47,0,0,0,0,0,0,0,0,0,0,0,0,0,0,0,0,0,0,0,0,0,0,87,0,45,66,0,0,0,0,0
254,0,5,0,0,0,0,0,211013,0,0,0,0,47,0,0,0,0,0,0,0,0,0,0,0,0,0,0,0,0,0,0,0,0,0,522,150,0,0,112,0,0,0,0,0
254,0,6,0,0,0,0,0,211013,0,0,0,0,47,0,0,0,0,0,0,0,0,0,0,0,0,0,0,0,0,0,0,0,0,0,0,43,98,0,52,0,0,0,0,0
254,0,7,0,0,0,0,0,211013,0,0,0,0,53,0,0,0,0,0,0,0,0,0,0,0,0,0,0,0,0,0,0,0,0,0,0,98,39,0,140,0,0,0,0,0
254,0,8,0,0,0,0,0,211013,0,0,0,0,53,0,0,0,0,0,0,0,0,0,0,0,0,0,0,0,0,0,0,0,0,0,0,52,0,39,110,0,0,0,0,0
254,0,9,0,0,0,0,0,211013,0,0,0,0,47,0,0,0,0,0,0,0,0,0,0,0,0,0,0,0,0,0,0,0,0,0,380,40,0,0,53,0,0,0,0,0
254,0,10,0,0,0,0,0,211013,0,0,0,0,53,0,0,0,0,0,0,0,0,0,0,0,0,0,0,0,0,0,0,0,0,0,0,82,86,0,124,0,0,0,0,0
254,0,11,0,0,0,0,0,211013,0,0,0,0,47,0,0,0,0,0,0,0,0,0,0,0,0,0,0,0,0,0,0,0,0,0,0,41,45,0,147,0,0,0,0,0
254,0,12,0,0,0,0,0,211013,0,0,0,0,47,0,0,0,0,0,0,0,0,0,0,0,0,0,0,0,0,0,0,0,0,0,0,0,0,45,93,0,0,0,0,0
254,0,13,0,0,0,0,0,211013,0,0,0,0,53,0,0,0,0,0,0,0,0,0,0,0,0,0,0,0,0,0,0,0,0,0,172,0,0,0,111,0,0,0,0,0
254,0,14,0,0,0,0,0,211013,0,0,0,0,47,0,0,0,0,0,0,0,0,0,0,0,0,0,0,0,0,0,0,0,0,0,0,0,86,0,63,0,0,0,0,0
254,0,15,0,0,0,0,0,211013,0,0,0,0,41,0,0,0,0,0,0,0,0,0,0,0,0,0,0,0,0,0,0,0,0,0,0,0,39,0,87,0,0,0,0,0
255,0,0,0,0,0,0,0,421934,0,0,2106,67584,136,0,0,0,0,0,6837,0,0,0,0,0,0,0,0,2106,2106,0,0,0,87579,67584,0,294,0,136,284,0,0,0,0,6144
255,0,1,0,0,0,0,0,210967,6837,0,0,0,2252,0,0,0,0,0,0,0,0,0,0,0,0,0,0,0,411,0,0,0,52847,0,0,79,173,1111,4146,0,0,6144,0,0
255,0,2,0,0,0,0,0,210967,0,0,0,0,1211,6144,0,0,0,0,0,0,0,0,0,0,0,0,0,0,0,0,0,0,0,59308,0,246,1032,276,2458,0,0,0,0,6144
255,0,3,0,0,0,0,0,210967,0,0,0,0,47,0,0,0,0,0,0,0,0,0,0,0,0,0,0,0,0,0,0,0,0,0,0,97,45,0,55,0,0,0,0,0
255,0,4,0,0,0,0,0,210967,0,0,0,0,47,0,0,0,0,0,0,0,0,0,0,0,0,0,0,0,0,0,0,0,0,0,0,87,0,45,66,0,0,0,0,0
255,0,5,0,0,0,0,0,210967,0,0,0,0,47,0,0,0,0,0,0,0,0,0,0,0,0,0,0,0,0,0,0,0,0,0,522,150,0,0,112,0,0,0,0,0
255,0,6,0,0,0,0,0,210967,0,0,0,0,47,0,0,0,0,0,0,0,0,0,0,0,0,0,0,0,0,0,0,0,0,0,0,43,98,0,52,0,0,0,0,0
255,0,7,0,0,0,0,0,210967,0,0,0,0,53,0,0,0,0,0,0,0,0,0,0,0,0,0,0,0,0,0,0,0,0,0,0,99,39,0,140,0,0,0,0,0
255,0,8,0,0,0,0,0,210967,0,0,0,0,53,0,0,0,0,0,0,0,0,0,0,0,0,0,0,0,0,0,0,0,0,0,0,52,0,39,110,0,0,0,0,0
255,0,9,0,0,0,0,0,210967,0,0,0,0,47,0,0,0,0,0,0,0,0,0,0,0,0,0,0,0,0,0,0,0,0,0,380,40,0,0,53,0,0,0,0,0
255,0,10,0,0,0,0,0,210967,0,0,0,0,53,0,0,0,0,0,0,0,0,0,0,0,0,0,0,0,0,0,0,0,0,0,0,82,86,0,124,0,0,0,0,0
255,0,11,0,0,0,0,0,210967,0,0,0,0,47,0,0,0,0,0,0,0,0,0,0,0,0,0,0,0,0,0,0,0,0,0,0,40,45,0,131,0,0,0,0,0
255,0,12,0,0,0,0,0,210967,0,0,0,0,47,0,0,0,0,0,0,0,0,0,0,0,0,0,0,0,0,0,0,0,0,0,0,0,0,45,93,0,0,0,0,0
255,0,13,0,0,0,0,0,210967,0,0,0,0,53,0,0,0,0,0,0,0,0,0,0,0,0,0,0,0,0,0,0,0,0,0,172,0,0,0,111,0,0,0,0,0
255,0,14,0,0,0,0,0,210967,0,0,0,0,47,0,0,0,0,0,0,0,0,0,0,0,0,0,0,0,0,0,0,0,0,0,0,0,86,0,63,0,0,0,0,0
255,0,15,0,0,0,0,0,210967,0,0,0,0,41,0,0,0,0,0,0,0,0,0,0,0,0,0,0,0,0,0,0,0,0,0,0,0,39,0,88,0,0,0,0,0
256,0,0,0,0,0,0,0,434856,0,0,2192,135168,136,0,0,0,0,0,6972,0,0,0,0,0,0,0,0,2192,2192,0,0,0,163020,135168,0,294,0,136,284,0,0,0,0,12288
256,0,1,0,0,0,0,0,217428,6972,0,0,0,2326,0,0,0,0,0,0,0,0,0,0,0,0,0,0,0,552,0,0,0,97349,0,0,78,171,1127,4142,0,0,6144,0,0
256,0,2,0,0,0,0,0,217428,0,0,0,0,863,6144,0,0,0,0,0,0,0,0,0,0,0,0,0,0,0,0,0,0,53245,60072,0,250,1191,826,1626,0,0,6144,0,6144
256,0,3,0,0,0,0,0,217428,0,0,0,0,867,6144,0,0,0,0,0,0,0,0,0,0,0,0,0,0,0,0,0,0,0,59394,0,101,319,0,1419,0,0,0,0,6144
256,0,4,0,0,0,0,0,217428,0,0,0,0,50,0,0,0,0,0,0,0,0,0,0,0,0,0,0,0,0,0,0,0,0,0,0,87,0,42,67,0,0,0,0,0
256,0,5,0,0,0,0,0,217428,0,0,0,0,50,0,0,0,0,0,0,0,0,0,0,0,0,0,0,0,0,0,0,0,0,0,525,150,0,0,116,0,0,0,0,0
256,0,6,0,0,0,0,0,217428,0,0,0,0,50,0,0,0,0,0,0,0,0,0,0,0,0,0,0,0,0,0,0,0,0,0,0,39,95,0,55,0,0,0,0,0
256,0,7,0,0,0,0,0,217428,0,0,0,0,53,0,0,0,0,0,0,0,0,0,0,0,0,0,0,0,0,0,0,0,0,0,0,98,39,0,138,0,0,0,0,0
256,0,8,0,0,0,0,0,217428,0,0,0,0,56,0,0,0,0,0,0,0,0,0,0,0,0,0,0,0,0,0,0,0,0,0,0,52,0,36,113,0,0,0,0,0
256,0,9,0,0,0,0,0,217428,0,0,0,0,50,0,0,0,0,0,0,0,0,0,0,0,0,0,0,0,0,0,0,0,0,0,380,40,0,0,56,0,0,0,0,0
256,0,10,0,0,0,0,0,217428,0,0,0,0,56,0,0,0,0,0,0,0,0,0,0,0,0,0,0,0,0,0,0,0,0,0,0,86,86,0,127,0,0,0,0,0
256,0,11,0,0,0,0,0,217428,0,0,0,0,50,0,0,0,0,0,0,0,0,0,0,0,0,0,0,0,0,0,0,0,0,0,0,42,42,0,118,0,0,0,0,0
256,0,12,0,0,0,0,0,217428,0,0,0,0,50,0,0,0,0,0,0,0,0,0,0,0,0,0,0,0,0,0,0,0,0,0,0,0,0,42,96,0,0,0,0,0
256,0,13,0,0,0,0,0,217428,0,0,0,0,56,0,0,0,0,0,0,0,0,0,0,0,0,0,0,0,0,0,0,0,0,0,172,0,0,0,114,0,0,0,0,0
256,0,14,0,0,0,0,0,217428,0,0,0,0,50,0,0,0,0,0,0,0,0,0,0,0,0,0,0,0,0,0,0,0,0,0,0,0,86,0,62,0,0,0,0,0
256,0,15,0,0,0,0,0,217428,0,0,0,0,44,0,0,0,0,0,0,0,0,0,0,0,0,0,0,0,0,0,0,0,0,0,0,0,36,0,90,0,0,0,0,0
257,0,0,0,0,0,0,0,434793,0,0,2192,135168,136,0,0,0,0,0,6972,0,0,0,0,0,0,0,0,2192,2192,0,0,0,163010,135168,0,294,0,136,284,0,0,0,0,12288
257,0,1,0,0,0,0,0,217397,6972,0,0,0,2316,0,0,0,0,0,0,0,0,0,0,0,0,0,0,0,552,0,0,0,97347,0,0,79,173,1134,4135,0,0,6144,0,0
257,0,2,0,0,0,0,0,217397,0,0,0,0,868,6144,0,0,0,0,0,0,0,0,0,0,0,0,0,0,0,0,0,0,53246,60067,0,246,1191,825,1629,0,0,6144,0,6144
257,0,3,0,0,0,0,0,217397,0,0,0,0,873,6144,0,0,0,0,0,0,0,0,0,0,0,0,0,0,0,0,0,0,0,59393,0,98,314,0,1428,0,0,0,0,6144
257,0,4,0,0,0,0,0,217397,0,0,0,0,47,0,0,0,0,0,0,0,0,0,0,0,0,0,0,0,0,0,0,0,0,0,0,87,0,45,66,0,0,0,0,0
257,0,5,0,0,0,0,0,217397,0,0,0,0,47,0,0,0,0,0,0,0,0,0,0,0,0,0,0,0,0,0,0,0,0,0,522,150,0,0,112,0,0,0,0,0
257,0,6,0,0,0,0,0,217397,0,0,0,0,47,0,0,0,0,0,0,0,0,0,0,0,0,0,0,0,0,0,0,0,0,0,0,43,98,0,52,0,0,0,0,0
257,0,7,0,0,0,0,0,217397,0,0,0,0,53,0,0,0,0,0,0,0,0,0,0,0,0,0,0,0,0,0,0,0,0,0,0,99,39,0,140,0,0,0,0,0
257,0,8,0,0,0,0,0,217397,0,0,0,0,53,0,0,0,0,0,0,0,0,0,0,0,0,0,0,0,0,0,0,0,0,0,0,52,0,39,110,0,0,0,0,0
257,0,9,0,0,0,0,0,217397,0,0,0,0,47,0,0,0,0,0,0,0,0,0,0,0,0,0,0,0,0,0,0,0,0,0,380,40,0,0,53,0,0,0,0,0
257,0,10,0,0,0,0,0,217397,0,0,0,0,53,0,0,0,0,0,0,0,0,0,0,0,0,0,0,0,0,0,0,0,0,0,0,82,86,0,124,0,0,0,0,0
257,0,11,0,0,0,0,0,217397,0,0,0,0,47,0,0,0,0,0,0,0,0,0,0,0,0,0,0,0,0,0,0,0,0,0,0,41,45,0,147,0,0,0,0,0
257,0,12,0,0,0,0,0,217397,0,0,0,0,47,0,0,0,0,0,0,0,0,0,0,0,0,0,0,0,0,0,0,0,0,0,0,0,0,45,93,0,0,0,0,0
257,0,13,0,0,0,0,0,217397,0,0,0,0,53,0,0,0,0,0,0,0,0,0,0,0,0,0,0,0,0,0,0,0,0,0,172,0,0,0,111,0,0,0,0,0
257,0,14,0,0,0,0,0,217397,0,0,0,0,47,0,0,0,0,0,0,0,0,0,0,0,0,0,0,0,0,0,0,0,0,0,0,0,86,0,63,0,0,0,0,0
257,0,15,0,0,0,0,0,217397,0,0,0,0,41,0,0,0,0,0,0,0,0,0,0,0,0,0,0,0,0,0,0,0,0,0,0,0,39,0,88,0,0,0,0,0
258,0,0,0,0,0,0,0,434936,0,0,2192,135168,136,0,0,0,0,0,6969,0,0,0,0,0,0,0,0,2192,2192,0,0,0,163047,135168,0,294,0,136,284,0,0,0,0,12288
258,0,1,0,0,0,0,0,217468,6969,0,0,0,2327,0,0,0,0,0,0,0,0,0,0,0,0,0,0,0,550,0,0,0,97352,0,0,78,172,1125,4143,0,0,6144,0,0
258,0,2,0,0,0,0,0,217468,0,0,0,0,864,6144,0,0,0,0,0,0,0,0,0,0,0,0,0,0,0,0,0,0,53245,60073,0,250,1191,828,1627,0,0,6144,0,6144
258,0,3,0,0,0,0,0,217468,0,0,0,0,868,6144,0,0,0,0,0,0,0,0,0,0,0,0,0,0,0,0,0,0,0,59394,0,101,318,0,1418,0,0,0,0,6144
258,0,4,0,0,0,0,0,217468,0,0,0,0,50,0,0,0,0,0,0,0,0,0,0,0,0,0,0,0,0,0,0,0,0,0,0,87,0,42,67,0,0,0,0,0
258,0,5,0,0,0,0,0,217468,0,0,0,0,50,0,0,0,0,0,0,0,0,0,0,0,0,0,0,0,0,0,0,0,0,0,525,150,0,0,116,0,0,0,0,0
258,0,6,0,0,0,0,0,217468,0,0,0,0,50,0,0,0,0,0,0,0,0,0,0,0,0,0,0,0,0,0,0,0,0,0,0,39,95,0,55,0,0,0,0,0
258,0,7,0,0,0,0,0,217468,0,0,0,0,53,0,0,0,0,0,0,0,0,0,0,0,0,0,0,0,0,0,0,0,0,0,0,98,39,0,138,0,0,0,0,0
258,0,8,0,0,0,0,0,217468,0,0,0,0,56,0,0,0,0,0,0,0,0,0,0,0,0,0,0,0,0,0,0,0,0,0,0,52,0,36,113,0,0,0,0,0
258,0,9,0,0,0,0,0,217468,0,0,0,0,50,0,0,0,0,0,0,0,0,0,0,0,0,0,0,0,0,0,0,0,0,0,380,40,0,0,56,0,0,0,0,0
258,0,10,0,0,0,0,0,217468,0,0,0,0,56,0,0,0,0,0,0,0,0,0,0,0,0,0,0,0,0,0,0,0,0,0,0,86,86,0,127,0,0,0,0,0
258,0,11,0,0,0,0,0,217468,0,0,0,0,50,0,0,0,0,0,0,0,0,0,0,0,0,0,0,0,0,0,0,0,0,0,0,42,42,0,118,0,0,0,0,0
258,0,12,0,0,0,0,0,217468,0,0,0,0,50,0,0,0,0,0,0,0,0,0,0,0,0,0,0,0,0,0,0,0,0,0,0,0,0,42,96,0,0,0,0,0
258,0,13,0,0,0,0,0,217468,0,0,0,0,56,0,0,0,0,0,0,0,0,0,0,0,0,0,0,0,0,0,0,0,0,0,172,0,0,0,114,0,0,0,0,0
258,0,14,0,0,0,0,0,217468,0,0,0,0,50,0,0,0,0,0,0,0,0,0,0,0,0,0,0,0,0,0,0,0,0,0,0,0,86,0,62,0,0,0,0,0
258,0,15,0,0,0,0,0,217468,0,0,0,0,44,0,0,0,0,0,0,0,0,0,0,0,0,0,0,0,0,0,0,0,0,0,0,0,36,0,90,0,0,0,0,0
259,0,0,0,0,0,0,0,542394,0,0,2896,270336,136,0,0,0,0,0,8040,0,0,0,0,0,0,0,0,2896,2896,0,104265,0,282670,270336,0,1019,0,136,284,0,0,0,0,24576
259,0,1,0,0,0,0,0,271197,8040,0,0,0,2871,0,0,0,0,0,0,0,0,0,0,0,0,0,0,0,9,0,51639,0,101869,0,0,426,434,677,5307,0,0,6144,0,0
259,0,2,0,0,0,0,0,271197,0,0,0,0,435,6144,0,0,0,0,0,0,0,0,0,0,0,0,0,0,0,0,0,0,53216,61436,0,246,827,759,975,0,0,6144,0,6144
259,0,3,0,0,0,0,0,271197,0,0,0,0,447,6144,0,0,0,0,0,0,0,0,0,0,0,0,0,0,0,0,0,0,0,60823,0,99,367,0,696,0,0,0,0,6144
259,0,4,0,0,0,0,0,271197,0,0,0,0,420,6144,0,0,0,0,0,0,0,0,0,0,0,0,0,0,0,0,0,0,0,61278,0,87,0,395,700,6144,0,0,0,6144
259,0,5,0,0,0,0,0,271197,0,0,0,0,695,6144,0,0,0,0,0,0,0,0,0,0,0,0,0,0,0,0,0,0,0,61015,969,150,0,1,1138,0,0,0,0,6144
259,0,6,0,0,0,0,0,271197,0,0,0,0,47,0,0,0,0,0,0,0,0,0,0,0,0,0,0,0,0,0,0,0,0,0,0,43,98,1,52,0,0,0,0,0
259,0,7,0,0,0,0,0,271197,0,0,0,0,53,0,0,0,0,0,0,0,0,0,0,0,0,0,0,0,0,0,0,0,0,0,0,99,39,0,140,0,0,0,0,0
259,0,8,0,0,0,0,0,271197,0,0,0,0,53,0,0,0,0,0,0,0,0,0,0,0,0,0,0,0,0,0,0,0,0,0,0,52,0,39,110,0,0,0,0,0
259,0,9,0,0,0,0,0,271197,0,0,0,0,47,0,0,0,0,0,0,0,0,0,0,0,0,0,0,0,0,0,0,0,0,0,380,40,0,0,53,0,0,0,0,0
259,0,10,0,0,0,0,0,271197,0,0,0,0,53,0,0,0,0,0,0,0,0,0,0,0,0,0,0,0,0,0,0,0,0,0,0,82,86,0,124,0,0,0,0,0
259,0,11,0,0,0,0,0,271197,0,0,0,0,47,0,0,0,0,0,0,0,0,0,0,0,0,0,0,0,0,0,0,0,0,0,0,43,45,0,131,0,0,0,0,0
259,0,12,0,0,0,0,0,271197,0,0,0,0,47,0,0,0,0,0,0,0,0,0,0,0,0,0,0,0,0,0,0,0,0,0,0,0,0,45,93,0,0,0,0,0
259,0,13,0,0,0,0,0,271197,0,0,0,0,53,0,0,0,0,0,0,0,0,0,0,0,0,0,0,0,0,0,0,0,0,0,172,0,0,0,111,0,0,0,0,0
259,0,14,0,0,0,0,0,271197,0,0,0,0,47,0,0,0,0,0,0,0,0,0,0,0,0,0,0,0,0,0,0,0,0,0,0,0,86,0,63,0,0,0,0,0
259,0,15,0,0,0,0,0,271197,0,0,0,0,41,0,0,0,0,0,0,0,0,0,0,0,0,0,0,0,0,0,0,0,0,0,0,0,39,0,88,0,0,0,0,0
260,0,0,0,0,0,0,0,541827,0,0,2888,270336,136,0,0,0,0,0,8028,0,0,0,0,0,0,0,0,2888,2888,0,104241,0,282765,270336,0,1017,0,136,284,0,0,0,0,24576
260,0,1,0,0,0,0,0,270913,8028,0,0,0,2862,0,0,0,0,0,0,0,0,0,0,0,0,0,0,0,11,0,51656,0,101858,0,0,424,437,677,5282,0,0,6144,0,0
260,0,2,0,0,0,0,0,270913,0,0,0,0,438,6144,0,0,0,0,0,0,0,0,0,0,0,0,0,0,0,0,0,0,53203,61436,0,250,822,754,975,0,0,6144,0,6144
260,0,3,0,0,0,0,0,270913,0,0,0,0,448,6144,0,0,0,0,0,0,0,0,0,0,0,0,0,0,0,0,0,0,0,60821,0,100,365,0,698,0,0,0,0,6144
260,0,4,0,0,0,0,0,270913,0,0,0,0,427,6144,0,0,0,0,0,0,0,0,0,0,0,0,0,0,0,0,0,0,0,61275,0,87,0,386,709,6144,0,0,0,6144
260,0,5,0,0,0,0,0,270913,0,0,0,0,691,6144,0,0,0,0,0,0,0,0,0,0,0,0,0,0,0,0,0,0,0,61040,982,150,0,0,1134,0,0,0,0,6144
260,0,6,0,0,0,0,0,270913,0,0,0,0,50,0,0,0,0,0,0,0,0,0,0,0,0,0,0,0,0,0,0,0,0,0,0,39,95,2,55,0,0,0,0,0
260,0,7,0,0,0,0,0,270913,0,0,0,0,53,0,0,0,0,0,0,0,0,0,0,0,0,0,0,0,0,0,0,0,0,0,0,99,39,0,138,0,0,0,0,0
260,0,8,0,0,0,0,0,270913,0,0,0,0,56,0,0,0,0,0,0,0,0,0,0,0,0,0,0,0,0,0,0,0,0,0,0,52,0,36,113,0,0,0,0,0
260,0,9,0,0,0,0,0,270913,0,0,0,0,50,0,0,0,0,0,0,0,0,0,0,0,0,0,0,0,0,0,0,0,0,0,380,40,0,0,56,0,0,0,0,0
260,0,10,0,0,0,0,0,270913,0,0,0,0,56,0,0,0,0,0,0,0,0,0,0,0,0,0,0,0,0,0,0,0,0,0,0,86,86,0,127,0,0,0,0,0
260,0,11,0,0,0,0,0,270913,0,0,0,0,50,0,0,0,0,0,0,0,0,0,0,0,0,0,0,0,0,0,0,0,0,0,0,43,42,0,134,0,0,0,0,0
260,0,12,0,0,0,0,0,270913,0,0,0,0,50,0,0,0,0,0,0,0,0,0,0,0,0,0,0,0,0,0,0,0,0,0,0,0,0,42,96,0,0,0,0,0
260,0,13,0,0,0,0,0,270913,0,0,0,0,56,0,0,0,0,0,0,0,0,0,0,0,0,0,0,0,0,0,0,0,0,0,172,0,0,0,114,0,0,0,0,0
260,0,14,0,0,0,0,0,270913,0,0,0,0,50,0,0,0,0,0,0,0,0,0,0,0,0,0,0,0,0,0,0,0,0,0,0,0,86,0,62,0,0,0,0,0
260,0,15,0,0,0,0,0,270913,0,0,0,0,44,0,0,0,0,0,0,0,0,0,0,0,0,0,0,0,0,0,0,0,0,0,0,0,36,0,91,0,0,0,0,0
261,0,0,0,0,0,0,0,542634,0,0,2896,270336,136,0,0,0,0,0,8037,0,0,0,0,0,0,0,0,2896,2896,0,104270,0,282727,270336,0,1019,0,136,284,0,0,0,0,24576
261,0,1,0,0,0,0,0,271317,8037,0,0,0,2871,0,0,0,0,0,0,0,0,0,0,0,0,0,0,0,14,0,51654,0,101863,0,0,424,434,679,5295,0,0,6144,0,0
261,0,2,0,0,0,0,0,271317,0,0,0,0,434,6144,0,0,0,0,0,0,0,0,0,0,0,0,0,0,0,0,0,0,53204,61436,0,246,831,758,973,0,0,6144,0,6144
261,0,3,0,0,0,0,0,271317,0,0,0,0,451,6144,0,0,0,0,0,0,0,0,0,0,0,0,0,0,0,0,0,0,0,60822,0,98,364,0,701,0,0,0,0,6144
261,0,4,0,0,0,0,0,271317,0,0,0,0,424,6144,0,0,0,0,0,0,0,0,0,0,0,0,0,0,0,0,0,0,0,61279,0,87,0,391,704,6144,0,0,0,6144
261,0,5,0,0,0,0,0,271317,0,0,0,0,691,6144,0,0,0,0,0,0,0,0,0,0,0,0,0,0,0,0,0,0,0,61030,977,150,0,1,1136,0,0,0,0,6144
261,0,6,0,0,0,0,0,271317,0,0,0,0,47,0,0,0,0,0,0,0,0,0,0,0,0,0,0,0,0,0,0,0,0,0,0,43,98,1,52,0,0,0,0,0
261,0,7,0,0,0,0,0,271317,0,0,0,0,53,0,0,0,0,0,0,0,0,0,0,0,0,0,0,0,0,0,0,0,0,0,0,100,39,0,140,0,0,0,0,0
261,0,8,0,0,0,0,0,271317,0,0,0,0,53,0,0,0,0,0,0,0,0,0,0,0,0,0,0,0,0,0,0,0,0,0,0,52,0,39,110,0,0,0,0,0
261,0,9,0,0,0,0,0,271317,0,0,0,0,47,0,0,0,0,0,0,0,0,0,0,0,0,0,0,0,0,0,0,0,0,0,380,40,0,0,53,0,0,0,0,0
261,0,10,0,0,0,0,0,271317,0,0,0,0,53,0,0,0,0,0,0,0,0,0,0,0,0,0,0,0,0,0,0,0,0,0,0,82,86,0,124,0,0,0,0,0
261,0,11,0,0,0,0,0,271317,0,0,0,0,47,0,0,0,0,0,0,0,0,0,0,0,0,0,0,0,0,0,0,0,0,0,0,42,45,0,147,0,0,0,0,0
261,0,12,0,0,0,0,0,271317,0,0,0,0,47,0,0,0,0,0,0,0,0,0,0,0,0,0,0,0,0,0,0,0,0,0,0,0,0,45,93,0,0,0,0,0
261,0,13,0,0,0,0,0,271317,0,0,0,0,53,0,0,0,0,0,0,0,0,0,0,0,0,0,0,0,0,0,0,0,0,0,172,0,0,0,111,0,0,0,0,0
261,0,14,0,0,0,0,0,271317,0,0,0,0,47,0,0,0,0,0,0,0,0,0,0,0,0,0,0,0,0,0,0,0,0,0,0,0,86,0,63,0,0,0,0,0
261,0,15,0,0,0,0,0,271317,0,0,0,0,41,0,0,0,0,0,0,0,0,0,0,0,0,0,0,0,0,0,0,0,0,0,0,0,39,0,89,0,0,0,0,0
262,0,0,0,0,0,0,0,727005,0,0,3096,405504,136,0,0,0,0,0,8349,0,0,0,0,0,0,0,0,3096,3096,0,104450,0,470898,405504,0,811,0,136,284,0,0,0,0,36864
262,0,1,0,0,0,0,0,363502,8349,0,0,0,3397,0,0,0,0,0,0,0,0,0,0,0,0,0,0,0,29,0,52232,0,195579,0,0,102,429,682,5669,0,0,6144,0,0
262,0,2,0,0,0,0,0,363502,0,0,0,0,437,6144,0,0,0,0,0,0,0,0,0,0,0,0,0,0,0,0,53248,0,97752,61434,0,532,606,1282,781,0,0,6144,0,6144
262,0,3,0,0,0,0,0,363502,0,0,0,0,437,6144,0,0,0,0,0,0,0,0,0,0,0,0,0,0,0,0,52219,0,0,60929,0,123,170,0,447,0,0,0,0,6144
262,0,4,0,0,0,0,0,363502,0,0,0,0,438,6144,0,0,0,0,0,0,0,0,0,0,0,0,0,0,0,0,0,0,0,61439,0,87,0,169,713,12288,0,0,0,6144
262,0,5,0,0,0,0,0,363502,0,0,0,0,438,6144,0,0,0,0,0,0,0,0,0,0,0,0,0,0,0,0,0,0,0,61437,1550,150,0,0,997,0,0,6144,0,6144
262,0,6,0,0,0,0,0,363502,0,0,0,0,439,6144,0,0,0,0,0,0,0,0,0,0,0,0,0,0,0,0,0,0,0,61437,0,43,613,2,675,0,0,6144,0,6144
262,0,7,0,0,0,0,0,363502,0,0,0,0,445,6144,0,0,0,0,0,0,0,0,0,0,0,0,0,0,0,0,0,0,0,60888,0,101,161,0,1024,0,0,0,0,6144
262,0,8,0,0,0,0,0,363502,0,0,0,0,53,0,0,0,0,0,0,0,0,0,0,0,0,0,0,0,0,0,0,0,0,0,0,52,0,39,110,0,0,0,0,0
262,0,9,0,0,0,0,0,363502,0,0,0,0,47,0,0,0,0,0,0,0,0,0,0,0,0,0,0,0,0,0,0,0,0,0,380,40,0,0,53,0,0,0,0,0
262,0,10,0,0,0,0,0,363502,0,0,0,0,53,0,0,0,0,0,0,0,0,0,0,0,0,0,0,0,0,0,0,0,0,0,0,82,86,0,124,0,0,0,0,0
262,0,11,0,0,0,0,0,363502,0,0,0,0,47,0,0,0,0,0,0,0,0,0,0,0,0,0,0,0,0,0,0,0,0,0,0,43,45,0,147,0,0,0,0,0
262,0,12,0,0,0,0,0,363502,0,0,0,0,47,0,0,0,0,0,0,0,0,0,0,0,0,0,0,0,0,0,0,0,0,0,0,0,0,45,93,0,0,0,0,0
262,0,13,0,0,0,0,0,363502,0,0,0,0,53,0,0,0,0,0,0,0,0,0,0,0,0,0,0,0,0,0,0,0,0,0,172,0,0,0,111,0,0,0,0,0
262,0,14,0,0,0,0,0,363502,0,0,0,0,47,0,0,0,0,0,0,0,0,0,0,0,0,0,0,0,0,0,0,0,0,0,0,0,86,0,63,0,0,0,0,0
262,0,15,0,0,0,0,0,363502,0,0,0,0,41,0,0,0,0,0,0,0,0,0,0,0,0,0,0,0,0,0,0,0,0,0,0,0,39,0,90,0,0,0,0,0
263,0,0,0,0,0,0,0,727016,0,0,3096,405504,136,0,0,0,0,0,8352,0,0,0,0,0,0,0,0,3096,3096,0,104450,0,470898,405504,0,811,0,136,284,0,0,0,0,36864
263,0,1,0,0,0,0,0,363508,8352,0,0,0,3393,0,0,0,0,0,0,0,0,0,0,0,0,0,0,0,31,0,52232,0,195579,0,0,102,429,686,5661,0,0,6144,0,0
263,0,2,0,0,0,0,0,363508,0,0,0,0,435,6144,0,0,0,0,0,0,0,0,0,0,0,0,0,0,0,0,53248,0,97752,61434,0,531,607,1280,778,0,0,6144,0,6144
263,0,3,0,0,0,0,0,363508,0,0,0,0,436,6144,0,0,0,0,0,0,0,0,0,0,0,0,0,0,0,0,52219,0,0,60929,0,124,171,0,447,0,0,0,0,6144
263,0,4,0,0,0,0,0,363508,0,0,0,0,437,6144,0,0,0,0,0,0,0,0,0,0,0,0,0,0,0,0,0,0,0,61439,0,87,0,170,712,12288,0,0,0,6144
263,0,5,0,0,0,0,0,363508,0,0,0,0,437,6144,0,0,0,0,0,0,0,0,0,0,0,0,0,0,0,0,0,0,0,61437,1553,150,0,0,996,0,0,6144,0,6144
263,0,6,0,0,0,0,0,363508,0,0,0,0,440,6144,0,0,0,0,0,0,0,0,0,0,0,0,0,0,0,0,0,0,0,61437,0,43,610,2,677,0,0,6144,0,6144
263,0,7,0,0,0,0,0,363508,0,0,0,0,444,6144,0,0,0,0,0,0,0,0,0,0,0,0,0,0,0,0,0,0,0,60888,0,100,163,0,1022,0,0,0,0,6144
263,0,8,0,0,0,0,0,363508,0,0,0,0,53,0,0,0,0,0,0,0,0,0,0,0,0,0,0,0,0,0,0,0,0,0,0,52,0,39,110,0,0,0,0,0
263,0,9,0,0,0,0,0,363508,0,0,0,0,47,0,0,0,0,0,0,0,0,0,0,0,0,0,0,0,0,0,0,0,0,0,380,40,0,0,53,0,0,0,0,0
263,0,10,0,0,0,0,0,363508,0,0,0,0,53,0,0,0,0,0,0,0,0,0,0,0,0,0,0,0,0,0,0,0,0,0,0,82,86,0,124,0,0,0,0,0
263,0,11,0,0,0,0,0,363508,0,0,0,0,47,0,0,0,0,0,0,0,0,0,0,0,0,0,0,0,0,0,0,0,0,0,0,44,45,0,147,0,0,0,0,0
263,0,12,0,0,0,0,0,363508,0,0,0,0,47,0,0,0,0,0,0,0,0,0,0,0,0,0,0,0,0,0,0,0,0,0,0,0,0,45,93,0,0,0,0,0
263,0,13,0,0,0,0,0,363508,0,0,0,0,53,0,0,0,0,0,0,0,0,0,0,0,0,0,0,0,0,0,0,0,0,0,172,0,0,0,111,0,0,0,0,0
263,0,14,0,0,0,0,0,363508,0,0,0,0,47,0,0,0,0,0,0,0,0,0,0,0,0,0,0,0,0,0,0,0,0,0,0,0,86,0,63,0,0,0,0,0
263,0,15,0,0,0,0,0,363508,0,0,0,0,41,0,0,0,0,0,0,0,0,0,0,0,0,0,0,0,0,0,0,0,0,0,0,0,39,0,89,0,0,0,0,0
264,0,0,0,0,0,0,0,726427,0,0,3096,405504,136,0,0,0,0,0,8352,0,0,0,0,0,0,0,0,3096,3096,0,104452,0,470916,405504,0,811,0,136,284,0,0,0,0,36864
264,0,1,0,0,0,0,0,363214,8352,0,0,0,3386,0,0,0,0,0,0,0,0,0,0,0,0,0,0,0,49,0,52225,0,195595,0,0,119,425,680,5657,0,0,6144,0,0
264,0,2,0,0,0,0,0,363214,0,0,0,0,434,6144,0,0,0,0,0,0,0,0,0,0,0,0,0,0,0,0,53247,0,97723,61435,0,554,613,1253,787,0,0,6144,0,6144
264,0,3,0,0,0,0,0,363214,0,0,0,0,441,6144,0,0,0,0,0,0,0,0,0,0,0,0,0,0,0,0,52328,0,0,60930,0,149,166,0,454,0,0,0,0,6144
264,0,4,0,0,0,0,0,363214,0,0,0,0,438,6144,0,0,0,0,0,0,0,0,0,0,0,0,0,0,0,0,0,0,0,61439,0,87,0,169,709,12288,0,0,0,6144
264,0,5,0,0,0,0,0,363214,0,0,0,0,444,6144,0,0,0,0,0,0,0,0,0,0,0,0,0,0,0,0,0,0,0,61435,1544,150,0,0,986,0,0,6144,0,6144
264,0,6,0,0,0,0,0,363214,0,0,0,0,441,6144,0,0,0,0,0,0,0,0,0,0,0,0,0,0,0,0,0,0,0,61429,0,43,613,3,655,0,0,6144,0,6144
264,0,7,0,0,0,0,0,363214,0,0,0,0,449,6144,0,0,0,0,0,0,0,0,0,0,0,0,0,0,0,0,0,0,0,60862,0,99,158,0,1002,0,0,0,0,6144
264,0,8,0,0,0,0,0,363214,0,0,0,0,53,0,0,0,0,0,0,0,0,0,0,0,0,0,0,0,0,0,0,0,0,0,0,52,0,39,110,0,0,0,0,0
264,0,9,0,0,0,0,0,363214,0,0,0,0,47,0,0,0,0,0,0,0,0,0,0,0,0,0,0,0,0,0,0,0,0,0,380,40,0,0,53,0,0,0,0,0
264,0,10,0,0,0,0,0,363214,0,0,0,0,53,0,0,0,0,0,0,0,0,0,0,0,0,0,0,0,0,0,0,0,0,0,0,82,86,0,124,0,0,0,0,0
264,0,11,0,0,0,0,0,363214,0,0,0,0,47,0,0,0,0,0,0,0,0,0,0,0,0,0,0,0,0,0,0,0,0,0,0,45,45,0,131,0,0,0,0,0
264,0,12,0,0,0,0,0,363214,0,0,0,0,47,0,0,0,0,0,0,0,0,0,0,0,0,0,0,0,0,0,0,0,0,0,0,0,0,45,93,0,0,0,0,0
264,0,13,0,0,0,0,0,363214,0,0,0,0,53,0,0,0,0,0,0,0,0,0,0,0,0,0,0,0,0,0,0,0,0,0,172,0,0,0,111,0,0,0,0,0
264,0,14,0,0,0,0,0,363214,0,0,0,0,47,0,0,0,0,0,0,0,0,0,0,0,0,0,0,0,0,0,0,0,0,0,0,0,86,0,63,0,0,0,0,0
264,0,15,0,0,0,0,0,363214,0,0,0,0,41,0,0,0,0,0,0,0,0,0,0,0,0,0,0,0,0,0,0,0,0,0,0,0,39,0,88,0,0,0,0,0
265,0,0,0,0,0,0,0,910733,0,0,4064,540672,136,0,0,0,0,0,9816,0,0,0,0,0,0,0,0,4064,4064,0,192354,0,536280,540672,0,1312,0,136,284,0,0,0,0,49152
265,0,1,0,0,0,0,0,455367,9816,0,0,0,3928,0,0,0,0,0,0,0,0,0,0,0,0,0,0,0,2312,0,97539,0,192049,0,0,376,493,783,6557,0,0,6144,0,0
265,0,2,0,0,0,0,0,455367,0,0,0,0,342,6144,0,0,0,0,0,0,0,0,0,0,0,0,0,0,0,0,53215,0,97725,61089,0,654,676,1001,713,0,0,6144,0,6144
265,0,3,0,0,0,0,0,455367,0,0,0,0,420,6144,0,0,0,0,0,0,0,0,0,0,0,0,0,0,0,0,53032,0,0,61191,0,255,178,0,564,0,0,0,0,6144
265,0,4,0,0,0,0,0,455367,0,0,0,0,410,6144,0,0,0,0,0,0,0,0,0,0,0,0,0,0,0,0,51174,0,0,61156,0,243,0,189,593,18432,0,0,0,6144
265,0,5,0,0,0,0,0,455367,0,0,0,0,348,6144,0,0,0,0,0,0,0,0,0,0,0,0,0,0,0,0,52841,0,0,61351,2087,520,0,0,764,0,0,6144,0,6144
265,0,6,0,0,0,0,0,455367,0,0,0,0,409,6144,0,0,0,0,0,0,0,0,0,0,0,0,0,0,0,0,0,0,0,61409,0,43,610,3,515,0,0,6144,0,6144
265,0,7,0,0,0,0,0,455367,0,0,0,0,421,6144,0,0,0,0,0,0,0,0,0,0,0,0,0,0,0,0,0,0,0,61081,0,100,177,0,860,0,0,0,0,6144
265,0,8,0,0,0,0,0,455367,0,0,0,0,422,6144,0,0,0,0,0,0,0,0,0,0,0,0,0,0,0,0,0,0,0,61186,0,52,0,177,832,6144,0,0,0,6144
265,0,9,0,0,0,0,0,455367,0,0,0,0,406,6144,0,0,0,0,0,0,0,0,0,0,0,0,0,0,0,0,0,0,0,61367,896,40,0,1,551,0,0,0,0,6144
265,0,10,0,0,0,0,0,455367,0,0,0,0,53,0,0,0,0,0,0,0,0,0,0,0,0,0,0,0,0,0,0,0,0,0,0,82,86,1,124,0,0,0,0,0
265,0,11,0,0,0,0,0,455367,0,0,0,0,47,0,0,0,0,0,0,0,0,0,0,0,0,0,0,0,0,0,0,0,0,0,0,45,45,0,147,0,0,0,0,0
265,0,12,0,0,0,0,0,455367,0,0,0,0,47,0,0,0,0,0,0,0,0,0,0,0,0,0,0,0,0,0,0,0,0,0,0,0,0,45,93,0,0,0,0,0
265,0,13,0,0,0,0,0,455367,0,0,0,0,53,0,0,0,0,0,0,0,0,0,0,0,0,0,0,0,0,0,0,0,0,0,172,0,0,0,111,0,0,0,0,0
265,0,14,0,0,0,0,0,455367,0,0,0,0,47,0,0,0,0,0,0,0,0,0,0,0,0,0,0,0,0,0,0,0,0,0,0,0,86,0,63,0,0,0,0,0
265,0,15,0,0,0,0,0,455367,0,0,0,0,41,0,0,0,0,0,0,0,0,0,0,0,0,0,0,0,0,0,0,0,0,0,0,0,39,0,90,0,0,0,0,0
266,0,0,0,0,0,0,0,909974,0,0,4060,540672,136,0,0,0,0,0,9807,0,0,0,0,0,0,0,0,4060,4060,0,192365,0,536244,540672,0,1310,0,136,284,0,0,0,0,49152
266,0,1,0,0,0,0,0,454987,9807,0,0,0,3938,0,0,0,0,0,0,0,0,0,0,0,0,0,0,0,2268,0,97528,0,192003,0,0,369,492,777,6545,0,0,6144,0,0
266,0,2,0,0,0,0,0,454987,0,0,0,0,341,6144,0,0,0,0,0,0,0,0,0,0,0,0,0,0,0,0,53213,0,97708,61101,0,657,679,1004,711,0,0,6144,0,6144
266,0,3,0,0,0,0,0,454987,0,0,0,0,421,6144,0,0,0,0,0,0,0,0,0,0,0,0,0,0,0,0,53024,0,0,61185,0,256,177,0,561,0,0,0,0,6144
266,0,4,0,0,0,0,0,454987,0,0,0,0,411,6144,0,0,0,0,0,0,0,0,0,0,0,0,0,0,0,0,51174,0,0,61147,0,243,0,188,593,18432,0,0,0,6144
266,0,5,0,0,0,0,0,454987,0,0,0,0,340,6144,0,0,0,0,0,0,0,0,0,0,0,0,0,0,0,0,52874,0,0,61347,2102,522,0,1,759,0,0,6144,0,6144
266,0,6,0,0,0,0,0,454987,0,0,0,0,412,6144,0,0,0,0,0,0,0,0,0,0,0,0,0,0,0,0,0,0,0,61409,0,43,607,1,515,0,0,6144,0,6144
266,0,7,0,0,0,0,0,454987,0,0,0,0,420,6144,0,0,0,0,0,0,0,0,0,0,0,0,0,0,0,0,0,0,0,61069,0,101,178,0,859,0,0,0,0,6144
266,0,8,0,0,0,0,0,454987,0,0,0,0,420,6144,0,0,0,0,0,0,0,0,0,0,0,0,0,0,0,0,0,0,0,61196,0,52,0,177,828,6144,0,0,0,6144
266,0,9,0,0,0,0,0,454987,0,0,0,0,411,6144,0,0,0,0,0,0,0,0,0,0,0,0,0,0,0,0,0,0,0,61376,888,40,0,0,552,0,0,0,0,6144
266,0,10,0,0,0,0,0,454987,0,0,0,0,53,0,0,0,0,0,0,0,0,0,0,0,0,0,0,0,0,0,0,0,0,0,0,82,86,2,124,0,0,0,0,0
266,0,11,0,0,0,0,0,454987,0,0,0,0,47,0,0,0,0,0,0,0,0,0,0,0,0,0,0,0,0,0,0,0,0,0,0,43,45,0,147,0,0,0,0,0
266,0,12,0,0,0,0,0,454987,0,0,0,0,47,0,0,0,0,0,0,0,0,0,0,0,0,0,0,0,0,0,0,0,0,0,0,0,0,45,93,0,0,0,0,0
266,0,13,0,0,0,0,0,454987,0,0,0,0,53,0,0,0,0,0,0,0,0,0,0,0,0,0,0,0,0,0,0,0,0,0,172,0,0,0,111,0,0,0,0,0
266,0,14,0,0,0,0,0,454987,0,0,0,0,47,0,0,0,0,0,0,0,0,0,0,0,0,0,0,0,0,0,0,0,0,0,0,0,86,0,63,0,0,0,0,0
266,0,15,0,0,0,0,0,454987,0,0,0,0,41,0,0,0,0,0,0,0,0,0,0,0,0,0,0,0,0,0,0,0,0,0,0,0,39,0,92,0,0,0,0,0
267,0,0,0,0,0,0,0,910298,0,0,4060,540672,136,0,0,0,0,0,9810,0,0,0,0,0,0,0,0,4060,4060,0,192379,0,536149,540672,0,1310,0,136,284,0,0,0,0,49152
267,0,1,0,0,0,0,0,455149,9810,0,0,0,3925,0,0,0,0,0,0,0,0,0,0,0,0,0,0,0,2305,0,97548,0,192020,0,0,373,496,782,6538,0,0,6144,0,0
267,0,2,0,0,0,0,0,455149,0,0,0,0,340,6144,0,0,0,0,0,0,0,0,0,0,0,0,0,0,0,0,53215,0,97718,61084,0,654,676,1003,710,0,0,6144,0,6144
267,0,3,0,0,0,0,0,455149,0,0,0,0,419,6144,0,0,0,0,0,0,0,0,0,0,0,0,0,0,0,0,53026,0,0,61185,0,252,180,0,563,0,0,0,0,6144
267,0,4,0,0,0,0,0,455149,0,0,0,0,408,6144,0,0,0,0,0,0,0,0,0,0,0,0,0,0,0,0,51175,0,0,61157,0,244,0,191,593,18432,0,0,0,6144
267,0,5,0,0,0,0,0,455149,0,0,0,0,348,6144,0,0,0,0,0,0,0,0,0,0,0,0,0,0,0,0,52868,0,0,61348,2099,519,0,0,766,0,0,6144,0,6144
267,0,6,0,0,0,0,0,455149,0,0,0,0,408,6144,0,0,0,0,0,0,0,0,0,0,0,0,0,0,0,0,0,0,0,61410,0,43,602,2,514,0,0,6144,0,6144
267,0,7,0,0,0,0,0,455149,0,0,0,0,412,6144,0,0,0,0,0,0,0,0,0,0,0,0,0,0,0,0,0,0,0,61080,0,101,187,0,853,0,0,0,0,6144
267,0,8,0,0,0,0,0,455149,0,0,0,0,410,6144,0,0,0,0,0,0,0,0,0,0,0,0,0,0,0,0,0,0,0,61198,0,52,0,187,817,6144,0,0,0,6144
267,0,9,0,0,0,0,0,455149,0,0,0,0,402,6144,0,0,0,0,0,0,0,0,0,0,0,0,0,0,0,0,0,0,0,61379,886,40,0,1,546,0,0,0,0,6144
267,0,10,0,0,0,0,0,455149,0,0,0,0,53,0,0,0,0,0,0,0,0,0,0,0,0,0,0,0,0,0,0,0,0,0,0,82,86,1,124,0,0,0,0,0
267,0,11,0,0,0,0,0,455149,0,0,0,0,47,0,0,0,0,0,0,0,0,0,0,0,0,0,0,0,0,0,0,0,0,0,0,44,45,0,4294967187,0,0,0,0,0
267,0,12,0,0,0,0,0,455149,0,0,0,0,47,0,0,0,0,0,0,0,0,0,0,0,0,0,0,0,0,0,0,0,0,0,0,0,0,45,93,0,0,0,0,0
267,0,13,0,0,0,0,0,455149,0,0,0,0,53,0,0,0,0,0,0,0,0,0,0,0,0,0,0,0,0,0,0,0,0,0,172,0,0,0,111,0,0,0,0,0
267,0,14,0,0,0,0,0,455149,0,0,0,0,47,0,0,0,0,0,0,0,0,0,0,0,0,0,0,0,0,0,0,0,0,0,0,0,86,0,63,0,0,0,0,0
267,0,15,0,0,0,0,0,455149,0,0,0,0,41,0,0,0,0,0,0,0,0,0,0,0,0,0,0,0,0,0,0,0,0,0,0,0,39,0,91,0,0,0,0,0
268,0,0,0,0,0,0,0,1101568,0,0,4940,675840,136,0,0,0,0,0,11142,0,0,0,0,0,0,0,0,4940,4940,0,193801,0,703826,675840,0,1284,0,136,284,0,0,0,0,62929
268,0,1,0,0,0,0,0,550784,11142,0,0,0,3828,0,0,0,0,0,0,0,0,0,0,0,0,0,0,0,1335,0,98145,0,276370,0,0,569,583,1478,6782,0,0,6144,0,0
268,0,2,0,0,0,0,0,550784,0,0,0,0,297,6144,0,0,0,0,0,0,0,0,0,0,0,0,0,0,0,0,98294,0,146854,61432,0,747,584,1189,625,0,0,6144,0,6144
268,0,3,0,0,0,0,0,550784,0,0,0,0,297,6144,0,0,0,0,0,0,0,0,0,0,0,0,0,0,0,0,104987,0,0,61357,0,507,288,0,467,0,0,0,0,6144
268,0,4,0,0,0,0,0,550784,0,0,0,0,414,6144,0,0,0,0,0,0,0,0,0,0,0,0,0,0,0,0,52681,0,0,61102,0,253,0,171,677,24576,0,0,0,6144
268,0,5,0,0,0,0,0,550784,0,0,0,0,296,6144,0,0,0,0,0,0,0,0,0,0,0,0,0,0,0,0,52671,0,0,61440,2726,399,0,0,612,0,0,6144,0,6144
268,0,6,0,0,0,0,0,550784,0,0,0,0,413,6144,0,0,0,0,0,0,0,0,0,0,0,0,0,0,0,0,50949,0,0,61033,0,286,472,2,664,0,0,6144,0,6144
268,0,7,0,0,0,0,0,550784,0,0,0,0,301,6144,0,0,0,0,0,0,0,0,0,0,0,0,0,0,0,0,52994,0,0,60787,0,350,284,0,719,0,0,0,0,6144
268,0,8,0,0,0,0,0,550784,0,0,0,0,302,6144,0,0,0,0,0,0,0,0,0,0,0,0,0,0,0,0,0,0,0,61276,0,52,0,283,688,12288,0,0,0,6144
268,0,9,0,0,0,0,0,550784,0,0,0,0,295,6144,0,0,0,0,0,0,0,0,0,0,0,0,0,0,0,0,0,0,0,61440,1365,40,0,1,547,0,0,6144,0,6144
268,0,10,0,0,0,0,0,550784,0,0,0,0,302,6144,0,0,0,0,0,0,0,0,0,0,0,0,0,0,0,0,0,0,0,61434,0,82,578,1,625,0,0,6144,0,6144
268,0,11,0,0,0,0,0,550784,0,0,0,0,296,6144,0,0,0,0,0,0,0,0,0,0,0,0,0,0,0,0,0,0,0,61182,0,46,289,0,790,0,0,0,0,6144
268,0,12,0,0,0,0,0,550784,0,0,0,0,47,0,0,0,0,0,0,0,0,0,0,0,0,0,0,0,0,0,0,0,0,0,0,0,0,45,93,0,0,0,0,0
268,0,13,0,0,0,0,0,550784,0,0,0,0,53,0,0,0,0,0,0,0,0,0,0,0,0,0,0,0,0,0,0,0,0,0,172,0,0,0,111,0,0,0,0,0
268,0,14,0,0,0,0,0,550784,0,0,0,0,47,0,0,0,0,0,0,0,0,0,0,0,0,0,0,0,0,0,0,0,0,0,0,0,86,0,63,0,0,0,0,0
268,0,15,0,0,0,0,0,550784,0,0,0,0,41,0,0,0,0,0,0,0,0,0,0,0,0,0,0,0,0,0,0,0,0,0,0,0,39,0,91,0,0,0,0,0
269,0,0,0,0,0,0,0,1101738,0,0,4940,675840,136,0,0,0,0,0,11142,0,0,0,0,0,0,0,0,4940,4940,0,193797,0,703854,675840,0,1284,0,136,284,0,0,0,0,62948
269,0,1,0,0,0,0,0,550869,11142,0,0,0,3822,0,0,0,0,0,0,0,0,0,0,0,0,0,0,0,1334,0,98146,0,276384,0,0,569,584,1483,6779,0,0,6144,0,0
269,0,2,0,0,0,0,0,550869,0,0,0,0,299,6144,0,0,0,0,0,0,0,0,0,0,0,0,0,0,0,0,98294,0,146861,61431,0,746,581,1185,627,0,0,6144,0,6144
269,0,3,0,0,0,0,0,550869,0,0,0,0,296,6144,0,0,0,0,0,0,0,0,0,0,0,0,0,0,0,0,104992,0,0,61358,0,509,289,0,468,0,0,0,0,6144
269,0,4,0,0,0,0,0,550869,0,0,0,0,416,6144,0,0,0,0,0,0,0,0,0,0,0,0,0,0,0,0,52681,0,0,61100,0,252,0,169,681,24576,0,0,0,6144
269,0,5,0,0,0,0,0,550869,0,0,0,0,298,6144,0,0,0,0,0,0,0,0,0,0,0,0,0,0,0,0,52675,0,0,61440,2726,400,0,0,613,0,0,6144,0,6144
269,0,6,0,0,0,0,0,550869,0,0,0,0,415,6144,0,0,0,0,0,0,0,0,0,0,0,0,0,0,0,0,50957,0,0,61033,0,288,469,2,665,0,0,6144,0,6144
269,0,7,0,0,0,0,0,550869,0,0,0,0,300,6144,0,0,0,0,0,0,0,0,0,0,0,0,0,0,0,0,52994,0,0,60786,0,349,285,0,717,0,0,0,0,6144
269,0,8,0,0,0,0,0,550869,0,0,0,0,304,6144,0,0,0,0,0,0,0,0,0,0,0,0,0,0,0,0,0,0,0,61276,0,52,0,281,691,12288,0,0,0,6144
269,0,9,0,0,0,0,0,550869,0,0,0,0,294,6144,0,0,0,0,0,0,0,0,0,0,0,0,0,0,0,0,0,0,0,61439,1368,40,0,1,545,0,0,6144,0,6144
269,0,10,0,0,0,0,0,550869,0,0,0,0,304,6144,0,0,0,0,0,0,0,0,0,0,0,0,0,0,0,0,0,0,0,61436,0,82,578,1,625,0,0,6144,0,6144
269,0,11,0,0,0,0,0,550869,0,0,0,0,298,6144,0,0,0,0,0,0,0,0,0,0,0,0,0,0,0,0,0,0,0,61183,0,46,287,0,631,0,0,0,0,6144
269,0,12,0,0,0,0,0,550869,0,0,0,0,47,0,0,0,0,0,0,0,0,0,0,0,0,0,0,0,0,0,0,0,0,0,0,0,0,45,93,0,0,0,0,0
269,0,13,0,0,0,0,0,550869,0,0,0,0,53,0,0,0,0,0,0,0,0,0,0,0,0,0,0,0,0,0,0,0,0,0,172,0,0,0,111,0,0,0,0,0
269,0,14,0,0,0,0,0,550869,0,0,0,0,47,0,0,0,0,0,0,0,0,0,0,0,0,0,0,0,0,0,0,0,0,0,0,0,86,0,63,0,0,0,0,0
269,0,15,0,0,0,0,0,550869,0,0,0,0,41,0,0,0,0,0,0,0,0,0,0,0,0,0,0,0,0,0,0,0,0,0,0,0,39,0,91,0,0,0,0,0
270,0,0,0,0,0,0,0,1101803,0,0,4940,675840,136,0,0,0,0,0,11142,0,0,0,0,0,0,0,0,4940,4940,0,193798,0,703814,675840,0,1284,0,136,284,0,0,0,0,62976
270,0,1,0,0,0,0,0,550902,11142,0,0,0,3828,0,0,0,0,0,0,0,0,0,0,0,0,0,0,0,1329,0,98139,0,276368,0,0,567,581,1482,6779,0,0,6144,0,0
270,0,2,0,0,0,0,0,550902,0,0,0,0,298,6144,0,0,0,0,0,0,0,0,0,0,0,0,0,0,0,0,98300,0,146853,61432,0,748,581,1184,626,0,0,6144,0,6144
270,0,3,0,0,0,0,0,550902,0,0,0,0,295,6144,0,0,0,0,0,0,0,0,0,0,0,0,0,0,0,0,104987,0,0,61358,0,511,290,0,466,0,0,0,0,6144
270,0,4,0,0,0,0,0,550902,0,0,0,0,418,6144,0,0,0,0,0,0,0,0,0,0,0,0,0,0,0,0,52682,0,0,61100,0,252,0,167,680,24576,0,0,0,6144
270,0,5,0,0,0,0,0,550902,0,0,0,0,303,6144,0,0,0,0,0,0,0,0,0,0,0,0,0,0,0,0,52673,0,0,61437,2732,400,0,0,620,0,0,6144,0,6144
270,0,6,0,0,0,0,0,550902,0,0,0,0,420,6144,0,0,0,0,0,0,0,0,0,0,0,0,0,0,0,0,50953,0,0,61032,0,285,466,2,671,0,0,6144,0,6144
270,0,7,0,0,0,0,0,550902,0,0,0,0,302,6144,0,0,0,0,0,0,0,0,0,0,0,0,0,0,0,0,52993,0,0,60786,0,349,283,0,717,0,0,0,0,6144
270,0,8,0,0,0,0,0,550902,0,0,0,0,306,6144,0,0,0,0,0,0,0,0,0,0,0,0,0,0,0,0,0,0,0,61277,0,52,0,279,693,12288,0,0,0,6144
270,0,9,0,0,0,0,0,550902,0,0,0,0,299,6144,0,0,0,0,0,0,0,0,0,0,0,0,0,0,0,0,0,0,0,61439,1362,40,0,1,550,0,0,6144,0,6144
270,0,10,0,0,0,0,0,550902,0,0,0,0,306,6144,0,0,0,0,0,0,0,0,0,0,0,0,0,0,0,0,0,0,0,61438,0,86,581,1,626,0,0,6144,0,6144
270,0,11,0,0,0,0,0,550902,0,0,0,0,303,6144,0,0,0,0,0,0,0,0,0,0,0,0,0,0,0,0,0,0,0,61182,0,46,282,0,828,0,0,0,0,6144
270,0,12,0,0,0,0,0,550902,0,0,0,0,50,0,0,0,0,0,0,0,0,0,0,0,0,0,0,0,0,0,0,0,0,0,0,0,0,42,96,0,0,0,0,0
270,0,13,0,0,0,0,0,550902,0,0,0,0,56,0,0,0,0,0,0,0,0,0,0,0,0,0,0,0,0,0,0,0,0,0,172,0,0,0,114,0,0,0,0,0
270,0,14,0,0,0,0,0,550902,0,0,0,0,50,0,0,0,0,0,0,0,0,0,0,0,0,0,0,0,0,0,0,0,0,0,0,0,86,0,62,0,0,0,0,0
270,0,15,0,0,0,0,0,550902,0,0,0,0,44,0,0,0,0,0,0,0,0,0,0,0,0,0,0,0,0,0,0,0,0,0,0,0,36,0,94,0,0,0,0,0
271,0,0,0,0,0,0,0,1352111,0,0,6178,878592,136,0,0,0,0,0,13014,0,0,0,0,0,0,0,0,6178,6178,0,267192,0,832318,878592,0,1723,0,136,284,0,0,0,0,420617
271,0,1,0,0,0,0,0,676056,13014,0,0,0,4668,0,0,0,0,0,0,0,0,0,0,0,0,0,0,0,3863,0,149450,0,292181,0,0,711,881,1439,8351,0,0,6144,0,0
271,0,2,0,0,0,0,0,676056,0,0,0,0,285,6144,0,0,0,0,0,0,0,0,0,0,0,0,0,0,0,0,135160,0,129293,60417,0,1120,681,1150,681,0,0,6144,0,6144
271,0,3,0,0,0,0,0,676056,0,0,0,0,401,6144,0,0,0,0,0,0,0,0,0,0,0,0,0,0,0,0,96438,0,0,61439,0,495,163,0,567,0,0,0,0,6144
271,0,4,0,0,0,0,0,676056,0,0,0,0,287,6144,0,0,0,0,0,0,0,0,0,0,0,0,0,0,0,0,96174,0,0,61438,0,559,0,280,542,29553,0,0,0,6144
271,0,5,0,0,0,0,0,676056,0,0,0,0,285,6144,0,0,0,0,0,0,0,0,0,0,0,0,0,0,0,0,106460,0,0,61440,3132,629,0,1,668,0,0,6144,0,6144
271,0,6,0,0,0,0,0,676056,0,0,0,0,289,6144,0,0,0,0,0,0,0,0,0,0,0,0,0,0,0,0,96174,0,0,61438,0,515,568,2,377,0,0,6144,0,6144
271,0,7,0,0,0,0,0,676056,0,0,0,0,291,6144,0,0,0,0,0,0,0,0,0,0,0,0,0,0,0,0,51204,0,0,60499,0,341,275,0,695,0,0,0,0,6144
271,0,8,0,0,0,0,0,676056,0,0,0,0,293,6144,0,0,0,0,0,0,0,0,0,0,0,0,0,0,0,0,52225,0,0,61436,0,291,0,274,591,24576,0,0,0,6144
271,0,9,0,0,0,0,0,676056,0,0,0,0,285,6144,0,0,0,0,0,0,0,0,0,0,0,0,0,0,0,0,53245,0,0,61437,2036,276,0,2,528,0,0,6144,0,6144
271,0,10,0,0,0,0,0,676056,0,0,0,0,292,6144,0,0,0,0,0,0,0,0,0,0,0,0,0,0,0,0,53243,0,0,61439,0,321,560,0,604,0,0,6144,0,6144
271,0,11,0,0,0,0,0,676056,0,0,0,0,286,6144,0,0,0,0,0,0,0,0,0,0,0,0,0,0,0,0,0,0,0,61438,0,47,281,0,771,0,0,0,0,6144
271,0,12,0,0,0,0,0,676056,0,0,0,0,285,6144,0,0,0,0,0,0,0,0,0,0,0,0,0,0,0,0,0,0,0,61282,0,0,0,280,567,6144,0,0,0,6144
271,0,13,0,0,0,0,0,676056,0,0,0,0,291,6144,0,0,0,0,0,0,0,0,0,0,0,0,0,0,0,0,0,0,0,61438,881,0,0,1,588,0,0,6144,0,6144
271,0,14,0,0,0,0,0,676056,0,0,0,0,285,6144,0,0,0,0,0,0,0,0,0,0,0,0,0,0,0,0,0,0,0,61357,0,0,321,1,537,0,0,0,0,6144
271,0,15,0,0,0,0,0,676056,0,0,0,0,41,0,0,0,0,0,0,0,0,0,0,0,0,0,0,0,0,0,0,0,0,0,0,0,39,0,92,0,0,0,0,0
272,0,0,0,0,0,0,0,1351844,0,0,6180,878592,136,0,0,0,0,0,13017,0,0,0,0,0,0,0,0,6180,6180,0,268067,0,864025,878592,0,1725,0,136,284,0,0,0,0,366803
272,0,1,0,0,0,0,0,675922,13017,0,0,0,4625,0,0,0,0,0,0,0,0,0,0,0,0,0,0,0,4177,0,149074,0,309943,0,0,615,749,1712,8390,0,0,6144,0,0
272,0,2,0,0,0,0,0,675922,0,0,0,0,315,6144,0,0,0,0,0,0,0,0,0,0,0,0,0,0,0,0,131171,0,147716,61411,0,1021,555,1046,642,0,0,6144,0,6144
272,0,3,0,0,0,0,0,675922,0,0,0,0,307,6144,0,0,0,0,0,0,0,0,0,0,0,0,0,0,0,0,102770,0,0,61430,0,532,258,0,539,0,0,0,0,6144
272,0,4,0,0,0,0,0,675922,0,0,0,0,317,6144,0,0,0,0,0,0,0,0,0,0,0,0,0,0,0,0,96269,0,0,61437,0,458,0,250,541,29961,0,0,0,6144
272,0,5,0,0,0,0,0,675922,0,0,0,0,394,6144,0,0,0,0,0,0,0,0,0,0,0,0,0,0,0,0,104320,0,0,61440,3178,716,0,1,786,0,0,6144,0,6144
272,0,6,0,0,0,0,0,675922,0,0,0,0,396,6144,0,0,0,0,0,0,0,0,0,0,0,0,0,0,0,0,96256,0,0,61439,0,470,504,1,628,0,0,6144,0,6144
272,0,7,0,0,0,0,0,675922,0,0,0,0,334,6144,0,0,0,0,0,0,0,0,0,0,0,0,0,0,0,0,52331,0,0,61437,0,366,233,0,676,0,0,0,0,6144
272,0,8,0,0,0,0,0,675922,0,0,0,0,327,6144,0,0,0,0,0,0,0,0,0,0,0,0,0,0,0,0,53092,0,0,61437,0,310,0,240,709,24576,0,0,0,6144
272,0,9,0,0,0,0,0,675922,0,0,0,0,325,6144,0,0,0,0,0,0,0,0,0,0,0,0,0,0,0,0,53230,0,0,61426,1977,261,0,2,496,0,0,6144,0,6144
272,0,10,0,0,0,0,0,675922,0,0,0,0,318,6144,0,0,0,0,0,0,0,0,0,0,0,0,0,0,0,0,51220,0,0,61439,0,349,578,0,647,0,0,6144,0,6144
272,0,11,0,0,0,0,0,675922,0,0,0,0,330,6144,0,0,0,0,0,0,0,0,0,0,0,0,0,0,0,0,0,0,0,60522,0,45,237,0,742,0,0,0,0,6144
272,0,12,0,0,0,0,0,675922,0,0,0,0,316,6144,0,0,0,0,0,0,0,0,0,0,0,0,0,0,0,0,0,0,0,61430,0,0,0,251,581,6144,0,0,0,6144
272,0,13,0,0,0,0,0,675922,0,0,0,0,320,6144,0,0,0,0,0,0,0,0,0,0,0,0,0,0,0,0,0,0,0,61430,918,0,0,0,632,0,0,6144,0,6144
272,0,14,0,0,0,0,0,675922,0,0,0,0,322,6144,0,0,0,0,0,0,0,0,0,0,0,0,0,0,0,0,0,0,0,61435,0,0,287,2,546,0,0,0,0,6144
272,0,15,0,0,0,0,0,675922,0,0,0,0,44,0,0,0,0,0,0,0,0,0,0,0,0,0,0,0,0,0,0,0,0,0,0,0,36,0,96,0,0,0,0,0
273,0,0,0,0,0,0,0,1352472,0,0,6184,878592,136,0,0,0,0,0,13023,0,0,0,0,0,0,0,0,6184,6184,0,272509,0,853583,878592,0,1725,0,136,284,0,0,0,0,408769
273,0,1,0,0,0,0,0,676236,13023,0,0,0,4298,0,0,0,0,0,0,0,0,0,0,0,0,0,0,0,4903,0,132051,0,313076,0,0,777,871,1759,8065,0,0,6144,0,0
273,0,2,0,0,0,0,0,676236,0,0,0,0,291,6144,0,0,0,0,0,0,0,0,0,0,0,0,0,0,0,0,132236,0,140943,61427,0,989,569,1027,623,0,0,6144,0,6144
273,0,3,0,0,0,0,0,676236,0,0,0,0,295,6144,0,0,0,0,0,0,0,0,0,0,0,0,0,0,0,0,97218,0,0,61430,0,559,271,0,522,0,0,0,0,6144
273,0,4,0,0,0,0,0,676236,0,0,0,0,296,6144,0,0,0,0,0,0,0,0,0,0,0,0,0,0,0,0,98266,0,0,61434,0,554,0,271,544,28766,0,0,0,6144
273,0,5,0,0,0,0,0,676236,0,0,0,0,292,6144,0,0,0,0,0,0,0,0,0,0,0,0,0,0,0,0,98278,0,0,61432,3166,637,0,1,603,0,0,6135,0,6144
273,0,6,0,0,0,0,0,676236,0,0,0,0,294,6144,0,0,0,0,0,0,0,0,0,0,0,0,0,0,0,0,97167,0,0,61435,0,496,569,2,532,0,0,6144,0,6144
273,0,7,0,0,0,0,0,676236,0,0,0,0,298,6144,0,0,0,0,0,0,0,0,0,0,0,0,0,0,0,0,53054,0,0,61435,0,349,269,0,629,0,0,0,0,6144
273,0,8,0,0,0,0,0,676236,0,0,0,0,299,6144,0,0,0,0,0,0,0,0,0,0,0,0,0,0,0,0,50213,0,0,61432,0,295,0,268,600,24576,0,0,0,6144
273,0,9,0,0,0,0,0,676236,0,0,0,0,300,6144,0,0,0,0,0,0,0,0,0,0,0,0,0,0,0,0,51205,0,0,61359,2007,276,0,2,537,0,0,6144,0,6144
273,0,10,0,0,0,0,0,676236,0,0,0,0,302,6144,0,0,0,0,0,0,0,0,0,0,0,0,0,0,0,0,51192,0,0,60543,0,337,567,1,617,0,0,6144,0,6144
273,0,11,0,0,0,0,0,676236,0,0,0,0,304,6144,0,0,0,0,0,0,0,0,0,0,0,0,0,0,0,0,0,0,0,60393,0,47,263,0,654,0,0,0,0,6144
273,0,12,0,0,0,0,0,676236,0,0,0,0,296,6144,0,0,0,0,0,0,0,0,0,0,0,0,0,0,0,0,0,0,0,61440,0,0,0,271,576,6144,0,0,0,6144
273,0,13,0,0,0,0,0,676236,0,0,0,0,301,6144,0,0,0,0,0,0,0,0,0,0,0,0,0,0,0,0,0,0,0,61436,898,0,0,0,600,0,0,6144,0,6144
273,0,14,0,0,0,0,0,676236,0,0,0,0,304,6144,0,0,0,0,0,0,0,0,0,0,0,0,0,0,0,0,0,0,0,61439,0,0,308,2,540,0,0,0,0,6144
273,0,15,0,0,0,0,0,676236,0,0,0,0,47,0,0,0,0,0,0,0,0,0,0,0,0,0,0,0,0,0,0,0,0,0,0,0,33,0,97,0,0,0,0,0
274,0,0,0,0,0,0,0,332646,0,0,1670,66560,136,0,0,0,0,0,6183,0,0,0,0,0,0,0,0,1670,1670,0,0,0,109258,66560,0,294,0,136,284,0,0,0,0,3072
274,0,1,0,0,0,0,0,166323,6183,0,0,0,1977,0,0,0,0,0,0,0,0,0,0,0,0,0,0,0,91,0,0,0,58924,0,0,79,174,949,3601,0,0,3072,0,0
274,0,2,0,0,0,0,0,166323,0,0,0,0,942,3072,0,0,0,0,0,0,0,0,0,0,0,0,0,0,0,0,0,0,0,62655,0,246,866,275,1915,0,0,0,0,3072
274,0,3,0,0,0,0,0,166323,0,0,0,0,47,0,0,0,0,0,0,0,0,0,0,0,0,0,0,0,0,0,0,0,0,0,0,98,45,0,55,0,0,0,0,0
274,0,4,0,0,0,0,0,166323,0,0,0,0,47,0,0,0,0,0,0,0,0,0,0,0,0,0,0,0,0,0,0,0,0,0,0,87,0,45,66,0,0,0,0,0
274,0,5,0,0,0,0,0,166323,0,0,0,0,47,0,0,0,0,0,0,0,0,0,0,0,0,0,0,0,0,0,0,0,0,0,522,150,0,0,112,0,0,0,0,0
274,0,6,0,0,0,0,0,166323,0,0,0,0,47,0,0,0,0,0,0,0,0,0,0,0,0,0,0,0,0,0,0,0,0,0,0,43,98,0,52,0,0,0,0,0
274,0,7,0,0,0,0,0,166323,0,0,0,0,53,0,0,0,0,0,0,0,0,0,0,0,0,0,0,0,0,0,0,0,0,0,0,98,39,0,140,0,0,0,0,0
274,0,8,0,0,0,0,0,166323,0,0,0,0,53,0,0,0,0,0,0,0,0,0,0,0,0,0,0,0,0,0,0,0,0,0,0,52,0,39,110,0,0,0,0,0
274,0,9,0,0,0,0,0,166323,0,0,0,0,47,0,0,0,0,0,0,0,0,0,0,0,0,0,0,0,0,0,0,0,0,0,380,40,0,0,53,0,0,0,0,0
274,0,10,0,0,0,0,0,166323,0,0,0,0,53,0,0,0,0,0,0,0,0,0,0,0,0,0,0,0,0,0,0,0,0,0,0,82,86,0,124,0,0,0,0,0
274,0,11,0,0,0,0,0,166323,0,0,0,0,47,0,0,0,0,0,0,0,0,0,0,0,0,0,0,0,0,0,0,0,0,0,0,41,45,0,131,0,0,0,0,0
274,0,12,0,0,0,0,0,166323,0,0,0,0,47,0,0,0,0,0,0,0,0,0,0,0,0,0,0,0,0,0,0,0,0,0,0,0,0,45,93,0,0,0,0,0
274,0,13,0,0,0,0,0,166323,0,0,0,0,53,0,0,0,0,0,0,0,0,0,0,0,0,0,0,0,0,0,0,0,0,0,172,0,0,0,111,0,0,0,0,0
274,0,14,0,0,0,0,0,166323,0,0,0,0,47,0,0,0,0,0,0,0,0,0,0,0,0,0,0,0,0,0,0,0,0,0,0,0,86,0,63,0,0,0,0,0
274,0,15,0,0,0,0,0,166323,0,0,0,0,41,0,0,0,0,0,0,0,0,0,0,0,0,0,0,0,0,0,0,0,0,0,0,0,39,0,87,0,0,0,0,0
275,0,0,0,0,0,0,0,332548,0,0,1670,66560,136,0,0,0,0,0,6183,0,0,0,0,0,0,0,0,1670,1670,0,0,0,109279,66560,0,294,0,136,284,0,0,0,0,3072
275,0,1,0,0,0,0,0,166274,6183,0,0,0,1984,0,0,0,0,0,0,0,0,0,0,0,0,0,0,0,80,0,0,0,58931,0,0,78,172,945,3608,0,0,3072,0,0
275,0,2,0,0,0,0,0,166274,0,0,0,0,945,3072,0,0,0,0,0,0,0,0,0,0,0,0,0,0,0,0,0,0,0,62654,0,250,863,273,1920,0,0,0,0,3072
275,0,3,0,0,0,0,0,166274,0,0,0,0,47,0,0,0,0,0,0,0,0,0,0,0,0,0,0,0,0,0,0,0,0,0,0,100,45,0,55,0,0,0,0,0
275,0,4,0,0,0,0,0,166274,0,0,0,0,50,0,0,0,0,0,0,0,0,0,0,0,0,0,0,0,0,0,0,0,0,0,0,87,0,42,67,0,0,0,0,0
275,0,5,0,0,0,0,0,166274,0,0,0,0,50,0,0,0,0,0,0,0,0,0,0,0,0,0,0,0,0,0,0,0,0,0,525,150,0,0,116,0,0,0,0,0
275,0,6,0,0,0,0,0,166274,0,0,0,0,50,0,0,0,0,0,0,0,0,0,0,0,0,0,0,0,0,0,0,0,0,0,0,39,95,0,55,0,0,0,0,0
275,0,7,0,0,0,0,0,166274,0,0,0,0,53,0,0,0,0,0,0,0,0,0,0,0,0,0,0,0,0,0,0,0,0,0,0,98,39,0,138,0,0,0,0,0
275,0,8,0,0,0,0,0,166274,0,0,0,0,56,0,0,0,0,0,0,0,0,0,0,0,0,0,0,0,0,0,0,0,0,0,0,52,0,36,113,0,0,0,0,0
275,0,9,0,0,0,0,0,166274,0,0,0,0,50,0,0,0,0,0,0,0,0,0,0,0,0,0,0,0,0,0,0,0,0,0,380,40,0,0,56,0,0,0,0,0
275,0,10,0,0,0,0,0,166274,0,0,0,0,56,0,0,0,0,0,0,0,0,0,0,0,0,0,0,0,0,0,0,0,0,0,0,86,86,0,127,0,0,0,0,0
275,0,11,0,0,0,0,0,166274,0,0,0,0,50,0,0,0,0,0,0,0,0,0,0,0,0,0,0,0,0,0,0,0,0,0,0,41,42,0,150,0,0,0,0,0
275,0,12,0,0,0,0,0,166274,0,0,0,0,50,0,0,0,0,0,0,0,0,0,0,0,0,0,0,0,0,0,0,0,0,0,0,0,0,42,96,0,0,0,0,0
275,0,13,0,0,0,0,0,166274,0,0,0,0,56,0,0,0,0,0,0,0,0,0,0,0,0,0,0,0,0,0,0,0,0,0,172,0,0,0,114,0,0,0,0,0
275,0,14,0,0,0,0,0,166274,0,0,0,0,50,0,0,0,0,0,0,0,0,0,0,0,0,0,0,0,0,0,0,0,0,0,0,0,86,0,62,0,0,0,0,0
275,0,15,0,0,0,0,0,166274,0,0,0,0,44,0,0,0,0,0,0,0,0,0,0,0,0,0,0,0,0,0,0,0,0,0,0,0,36,0,90,0,0,0,0,0
276,0,0,0,0,0,0,0,332623,0,0,1670,66560,136,0,0,0,0,0,6183,0,0,0,0,0,0,0,0,1670,1670,0,0,0,109264,66560,0,294,0,136,284,0,0,0,0,3072
276,0,1,0,0,0,0,0,166312,6183,0,0,0,1981,0,0,0,0,0,0,0,0,0,0,0,0,0,0,0,91,0,0,0,58928,0,0,79,174,945,3609,0,0,3072,0,0
276,0,2,0,0,0,0,0,166312,0,0,0,0,945,3072,0,0,0,0,0,0,0,0,0,0,0,0,0,0,0,0,0,0,0,62654,0,246,862,276,1922,0,0,0,0,3072
276,0,3,0,0,0,0,0,166312,0,0,0,0,47,0,0,0,0,0,0,0,0,0,0,0,0,0,0,0,0,0,0,0,0,0,0,97,45,0,55,0,0,0,0,0
276,0,4,0,0,0,0,0,166312,0,0,0,0,47,0,0,0,0,0,0,0,0,0,0,0,0,0,0,0,0,0,0,0,0,0,0,87,0,45,66,0,0,0,0,0
276,0,5,0,0,0,0,0,166312,0,0,0,0,47,0,0,0,0,0,0,0,0,0,0,0,0,0,0,0,0,0,0,0,0,0,522,150,0,0,112,0,0,0,0,0
276,0,6,0,0,0,0,0,166312,0,0,0,0,47,0,0,0,0,0,0,0,0,0,0,0,0,0,0,0,0,0,0,0,0,0,0,43,98,0,52,0,0,0,0,0
276,0,7,0,0,0,0,0,166312,0,0,0,0,53,0,0,0,0,0,0,0,0,0,0,0,0,0,0,0,0,0,0,0,0,0,0,99,39,0,140,0,0,0,0,0
276,0,8,0,0,0,0,0,166312,0,0,0,0,53,0,0,0,0,0,0,0,0,0,0,0,0,0,0,0,0,0,0,0,0,0,0,52,0,39,110,0,0,0,0,0
276,0,9,0,0,0,0,0,166312,0,0,0,0,47,0,0,0,0,0,0,0,0,0,0,0,0,0,0,0,0,0,0,0,0,0,380,40,0,0,53,0,0,0,0,0
276,0,10,0,0,0,0,0,166312,0,0,0,0,53,0,0,0,0,0,0,0,0,0,0,0,0,0,0,0,0,0,0,0,0,0,0,82,86,0,124,0,0,0,0,0
276,0,11,0,0,0,0,0,166312,0,0,0,0,47,0,0,0,0,0,0,0,0,0,0,0,0,0,0,0,0,0,0,0,0,0,0,40,45,0,147,0,0,0,0,0
276,0,12,0,0,0,0,0,166312,0,0,0,0,47,0,0,0,0,0,0,0,0,0,0,0,0,0,0,0,0,0,0,0,0,0,0,0,0,45,93,0,0,0,0,0
276,0,13,0,0,0,0,0,166312,0,0,0,0,53,0,0,0,0,0,0,0,0,0,0,0,0,0,0,0,0,0,0,0,0,0,172,0,0,0,111,0,0,0,0,0
276,0,14,0,0,0,0,0,166312,0,0,0,0,47,0,0,0,0,0,0,0,0,0,0,0,0,0,0,0,0,0,0,0,0,0,0,0,86,0,63,0,0,0,0,0
276,0,15,0,0,0,0,0,166312,0,0,0,0,41,0,0,0,0,0,0,0,0,0,0,0,0,0,0,0,0,0,0,0,0,0,0,0,39,0,88,0,0,0,0,0
277,0,0,0,0,0,0,0,354498,0,0,1664,133120,136,0,0,0,0,0,6180,0,0,0,0,0,0,0,0,1664,1664,0,0,0,229030,133120,0,294,0,136,284,0,0,0,0,6144
277,0,1,0,0,0,0,0,177249,6180,0,0,0,2095,0,0,0,0,0,0,0,0,0,0,0,0,0,0,0,415,0,0,0,118377,0,0,78,172,829,3648,0,0,3072,0,0
277,0,2,0,0,0,0,0,177249,0,0,0,0,497,3072,0,0,0,0,0,0,0,0,0,0,0,0,0,0,0,0,0,0,59269,63040,0,250,926,691,1165,0,0,3072,0,3072
277,0,3,0,0,0,0,0,177249,0,0,0,0,501,3072,0,0,0,0,0,0,0,0,0,0,0,0,0,0,0,0,0,0,0,63023,0,100,422,0,924,0,0,0,0,3072
277,0,4,0,0,0,0,0,177249,0,0,0,0,50,0,0,0,0,0,0,0,0,0,0,0,0,0,0,0,0,0,0,0,0,0,0,87,0,42,67,0,0,0,0,0
277,0,5,0,0,0,0,0,177249,0,0,0,0,50,0,0,0,0,0,0,0,0,0,0,0,0,0,0,0,0,0,0,0,0,0,525,150,0,0,116,0,0,0,0,0
277,0,6,0,0,0,0,0,177249,0,0,0,0,50,0,0,0,0,0,0,0,0,0,0,0,0,0,0,0,0,0,0,0,0,0,0,39,95,0,55,0,0,0,0,0
277,0,7,0,0,0,0,0,177249,0,0,0,0,53,0,0,0,0,0,0,0,0,0,0,0,0,0,0,0,0,0,0,0,0,0,0,99,39,0,138,0,0,0,0,0
277,0,8,0,0,0,0,0,177249,0,0,0,0,56,0,0,0,0,0,0,0,0,0,0,0,0,0,0,0,0,0,0,0,0,0,0,52,0,36,113,0,0,0,0,0
277,0,9,0,0,0,0,0,177249,0,0,0,0,50,0,0,0,0,0,0,0,0,0,0,0,0,0,0,0,0,0,0,0,0,0,380,40,0,0,56,0,0,0,0,0
277,0,10,0,0,0,0,0,177249,0,0,0,0,56,0,0,0,0,0,0,0,0,0,0,0,0,0,0,0,0,0,0,0,0,0,0,86,86,0,127,0,0,0,0,0
277,0,11,0,0,0,0,0,177249,0,0,0,0,50,0,0,0,0,0,0,0,0,0,0,0,0,0,0,0,0,0,0,0,0,0,0,41,42,0,118,0,0,0,0,0
277,0,12,0,0,0,0,0,177249,0,0,0,0,50,0,0,0,0,0,0,0,0,0,0,0,0,0,0,0,0,0,0,0,0,0,0,0,0,42,96,0,0,0,0,0
277,0,13,0,0,0,0,0,177249,0,0,0,0,56,0,0,0,0,0,0,0,0,0,0,0,0,0,0,0,0,0,0,0,0,0,172,0,0,0,114,0,0,0,0,0
277,0,14,0,0,0,0,0,177249,0,0,0,0,50,0,0,0,0,0,0,0,0,0,0,0,0,0,0,0,0,0,0,0,0,0,0,0,86,0,62,0,0,0,0,0
277,0,15,0,0,0,0,0,177249,0,0,0,0,44,0,0,0,0,0,0,0,0,0,0,0,0,0,0,0,0,0,0,0,0,0,0,0,36,0,91,0,0,0,0,0
278,0,0,0,0,0,0,0,354087,0,0,1656,133120,136,0,0,0,0,0,6168,0,0,0,0,0,0,0,0,1656,1656,0,0,0,229149,133120,0,294,0,136,284,0,0,0,0,6144
278,0,1,0,0,0,0,0,177043,6168,0,0,0,2101,0,0,0,0,0,0,0,0,0,0,0,0,0,0,0,432,0,0,0,118417,0,0,79,173,813,3652,0,0,3072,0,0
278,0,2,0,0,0,0,0,177043,0,0,0,0,500,3072,0,0,0,0,0,0,0,0,0,0,0,0,0,0,0,0,0,0,59288,63033,0,246,923,701,1171,0,0,3072,0,3072
278,0,3,0,0,0,0,0,177043,0,0,0,0,506,3072,0,0,0,0,0,0,0,0,0,0,0,0,0,0,0,0,0,0,0,63034,0,97,413,0,918,0,0,0,0,3072
278,0,4,0,0,0,0,0,177043,0,0,0,0,47,0,0,0,0,0,0,0,0,0,0,0,0,0,0,0,0,0,0,0,0,0,0,87,0,45,66,0,0,0,0,0
278,0,5,0,0,0,0,0,177043,0,0,0,0,47,0,0,0,0,0,0,0,0,0,0,0,0,0,0,0,0,0,0,0,0,0,522,150,0,0,112,0,0,0,0,0
278,0,6,0,0,0,0,0,177043,0,0,0,0,47,0,0,0,0,0,0,0,0,0,0,0,0,0,0,0,0,0,0,0,0,0,0,43,98,0,52,0,0,0,0,0
278,0,7,0,0,0,0,0,177043,0,0,0,0,53,0,0,0,0,0,0,0,0,0,0,0,0,0,0,0,0,0,0,0,0,0,0,100,39,0,140,0,0,0,0,0
278,0,8,0,0,0,0,0,177043,0,0,0,0,53,0,0,0,0,0,0,0,0,0,0,0,0,0,0,0,0,0,0,0,0,0,0,52,0,39,110,0,0,0,0,0
278,0,9,0,0,0,0,0,177043,0,0,0,0,47,0,0,0,0,0,0,0,0,0,0,0,0,0,0,0,0,0,0,0,0,0,380,40,0,0,53,0,0,0,0,0
278,0,10,0,0,0,0,0,177043,0,0,0,0,53,0,0,0,0,0,0,0,0,0,0,0,0,0,0,0,0,0,0,0,0,0,0,82,86,0,124,0,0,0,0,0
278,0,11,0,0,0,0,0,177043,0,0,0,0,47,0,0,0,0,0,0,0,0,0,0,0,0,0,0,0,0,0,0,0,0,0,0,40,45,0,4294967187,0,0,0,0,0
278,0,12,0,0,0,0,0,177043,0,0,0,0,47,0,0,0,0,0,0,0,0,0,0,0,0,0,0,0,0,0,0,0,0,0,0,0,0,45,93,0,0,0,0,0
278,0,13,0,0,0,0,0,177043,0,0,0,0,53,0,0,0,0,0,0,0,0,0,0,0,0,0,0,0,0,0,0,0,0,0,172,0,0,0,111,0,0,0,0,0
278,0,14,0,0,0,0,0,177043,0,0,0,0,47,0,0,0,0,0,0,0,0,0,0,0,0,0,0,0,0,0,0,0,0,0,0,0,86,0,63,0,0,0,0,0
278,0,15,0,0,0,0,0,177043,0,0,0,0,41,0,0,0,0,0,0,0,0,0,0,0,0,0,0,0,0,0,0,0,0,0,0,0,39,0,89,0,0,0,0,0
279,0,0,0,0,0,0,0,354194,0,0,1660,133120,136,0,0,0,0,0,6171,0,0,0,0,0,0,0,0,1660,1660,0,0,0,229126,133120,0,294,0,136,284,0,0,0,0,6144
279,0,1,0,0,0,0,0,177097,6171,0,0,0,2092,0,0,0,0,0,0,0,0,0,0,0,0,0,0,0,418,0,0,0,118414,0,0,79,174,825,3647,0,0,3072,0,0
279,0,2,0,0,0,0,0,177097,0,0,0,0,494,3072,0,0,0,0,0,0,0,0,0,0,0,0,0,0,0,0,0,0,59291,63039,0,246,923,694,1164,0,0,3072,0,3072
279,0,3,0,0,0,0,0,177097,0,0,0,0,498,3072,0,0,0,0,0,0,0,0,0,0,0,0,0,0,0,0,0,0,0,63035,0,97,423,0,919,0,0,0,0,3072
279,0,4,0,0,0,0,0,177097,0,0,0,0,47,0,0,0,0,0,0,0,0,0,0,0,0,0,0,0,0,0,0,0,0,0,0,87,0,45,66,0,0,0,0,0
279,0,5,0,0,0,0,0,177097,0,0,0,0,47,0,0,0,0,0,0,0,0,0,0,0,0,0,0,0,0,0,0,0,0,0,522,150,0,0,112,0,0,0,0,0
279,0,6,0,0,0,0,0,177097,0,0,0,0,47,0,0,0,0,0,0,0,0,0,0,0,0,0,0,0,0,0,0,0,0,0,0,43,98,0,52,0,0,0,0,0
279,0,7,0,0,0,0,0,177097,0,0,0,0,53,0,0,0,0,0,0,0,0,0,0,0,0,0,0,0,0,0,0,0,0,0,0,100,39,0,140,0,0,0,0,0
279,0,8,0,0,0,0,0,177097,0,0,0,0,53,0,0,0,0,0,0,0,0,0,0,0,0,0,0,0,0,0,0,0,0,0,0,52,0,39,110,0,0,0,0,0
279,0,9,0,0,0,0,0,177097,0,0,0,0,47,0,0,0,0,0,0,0,0,0,0,0,0,0,0,0,0,0,0,0,0,0,380,40,0,0,53,0,0,0,0,0
279,0,10,0,0,0,0,0,177097,0,0,0,0,53,0,0,0,0,0,0,0,0,0,0,0,0,0,0,0,0,0,0,0,0,0,0,82,86,0,124,0,0,0,0,0
279,0,11,0,0,0,0,0,177097,0,0,0,0,47,0,0,0,0,0,0,0,0,0,0,0,0,0,0,0,0,0,0,0,0,0,0,40,45,0,147,0,0,0,0,0
279,0,12,0,0,0,0,0,177097,0,0,0,0,47,0,0,0,0,0,0,0,0,0,0,0,0,0,0,0,0,0,0,0,0,0,0,0,0,45,93,0,0,0,0,0
279,0,13,0,0,0,0,0,177097,0,0,0,0,53,0,0,0,0,0,0,0,0,0,0,0,0,0,0,0,0,0,0,0,0,0,172,0,0,0,111,0,0,0,0,0
279,0,14,0,0,0,0,0,177097,0,0,0,0,47,0,0,0,0,0,0,0,0,0,0,0,0,0,0,0,0,0,0,0,0,0,0,0,86,0,63,0,0,0,0,0
279,0,15,0,0,0,0,0,177097,0,0,0,0,41,0,0,0,0,0,0,0,0,0,0,0,0,0,0,0,0,0,0,0,0,0,0,0,39,0,89,0,0,0,0,0
280,0,0,0,0,0,0,0,575132,0,0,1944,266240,136,0,0,0,0,0,6609,0,0,0,0,0,0,0,0,1944,1944,0,117462,0,339464,266240,0,781,0,136,284,0,0,0,0,12288
280,0,1,0,0,0,0,0,287566,6609,0,0,0,2383,0,0,0,0,0,0,0,0,0,0,0,0,0,0,0,964,0,59338,0,116602,0,0,240,320,513,4036,0,0,3072,0,0
280,0,2,0,0,0,0,0,287566,0,0,0,0,363,3072,0,0,0,0,0,0,0,0,0,0,0,0,0,0,0,0,0,0,59385,63481,0,246,614,582,768,0,0,3072,0,3072
280,0,3,0,0,0,0,0,287566,0,0,0,0,401,3072,0,0,0,0,0,0,0,0,0,0,0,0,0,0,0,0,0,0,0,63267,0,98,176,0,589,0,0,0,0,3072
280,0,4,0,0,0,0,0,287566,0,0,0,0,362,3072,0,0,0,0,0,0,0,0,0,0,0,0,0,0,0,0,0,0,0,63450,0,87,0,215,527,3072,0,0,0,3072
280,0,5,0,0,0,0,0,287566,0,0,0,0,355,3072,0,0,0,0,0,0,0,0,0,0,0,0,0,0,0,0,0,0,0,63250,1013,150,0,1,746,0,0,0,0,3072
280,0,6,0,0,0,0,0,287566,0,0,0,0,47,0,0,0,0,0,0,0,0,0,0,0,0,0,0,0,0,0,0,0,0,0,0,43,98,1,52,0,0,0,0,0
280,0,7,0,0,0,0,0,287566,0,0,0,0,53,0,0,0,0,0,0,0,0,0,0,0,0,0,0,0,0,0,0,0,0,0,0,100,39,0,140,0,0,0,0,0
280,0,8,0,0,0,0,0,287566,0,0,0,0,53,0,0,0,0,0,0,0,0,0,0,0,0,0,0,0,0,0,0,0,0,0,0,52,0,39,110,0,0,0,0,0
280,0,9,0,0,0,0,0,287566,0,0,0,0,47,0,0,0,0,0,0,0,0,0,0,0,0,0,0,0,0,0,0,0,0,0,380,40,0,0,53,0,0,0,0,0
280,0,10,0,0,0,0,0,287566,0,0,0,0,53,0,0,0,0,0,0,0,0,0,0,0,0,0,0,0,0,0,0,0,0,0,0,82,86,0,124,0,0,0,0,0
280,0,11,0,0,0,0,0,287566,0,0,0,0,47,0,0,0,0,0,0,0,0,0,0,0,0,0,0,0,0,0,0,0,0,0,0,42,45,0,4294967171,0,0,0,0,0
280,0,12,0,0,0,0,0,287566,0,0,0,0,47,0,0,0,0,0,0,0,0,0,0,0,0,0,0,0,0,0,0,0,0,0,0,0,0,45,93,0,0,0,0,0
280,0,13,0,0,0,0,0,287566,0,0,0,0,53,0,0,0,0,0,0,0,0,0,0,0,0,0,0,0,0,0,0,0,0,0,172,0,0,0,111,0,0,0,0,0
280,0,14,0,0,0,0,0,287566,0,0,0,0,47,0,0,0,0,0,0,0,0,0,0,0,0,0,0,0,0,0,0,0,0,0,0,0,86,0,63,0,0,0,0,0
280,0,15,0,0,0,0,0,287566,0,0,0,0,41,0,0,0,0,0,0,0,0,0,0,0,0,0,0,0,0,0,0,0,0,0,0,0,39,0,89,0,0,0,0,0
281,0,0,0,0,0,0,0,574105,0,0,1936,266240,136,0,0,0,0,0,6600,0,0,0,0,0,0,0,0,1936,1936,0,117483,0,339458,266240,0,779,0,136,284,0,0,0,0,12288
281,0,1,0,0,0,0,0,287053,6600,0,0,0,2369,0,0,0,0,0,0,0,0,0,0,0,0,0,0,0,984,0,59345,0,116602,0,0,236,320,523,4044,0,0,3072,0,0
281,0,2,0,0,0,0,0,287053,0,0,0,0,359,3072,0,0,0,0,0,0,0,0,0,0,0,0,0,0,0,0,0,0,59372,63480,0,250,606,570,759,0,0,3072,0,3072
281,0,3,0,0,0,0,0,287053,0,0,0,0,391,3072,0,0,0,0,0,0,0,0,0,0,0,0,0,0,0,0,0,0,0,63264,0,100,183,0,588,0,0,0,0,3072
281,0,4,0,0,0,0,0,287053,0,0,0,0,341,3072,0,0,0,0,0,0,0,0,0,0,0,0,0,0,0,0,0,0,0,63453,0,87,0,234,506,3072,0,0,0,3072
281,0,5,0,0,0,0,0,287053,0,0,0,0,358,3072,0,0,0,0,0,0,0,0,0,0,0,0,0,0,0,0,0,0,0,63246,991,150,0,0,751,0,0,0,0,3072
281,0,6,0,0,0,0,0,287053,0,0,0,0,50,0,0,0,0,0,0,0,0,0,0,0,0,0,0,0,0,0,0,0,0,0,0,39,95,2,55,0,0,0,0,0
281,0,7,0,0,0,0,0,287053,0,0,0,0,53,0,0,0,0,0,0,0,0,0,0,0,0,0,0,0,0,0,0,0,0,0,0,99,39,0,138,0,0,0,0,0
281,0,8,0,0,0,0,0,287053,0,0,0,0,56,0,0,0,0,0,0,0,0,0,0,0,0,0,0,0,0,0,0,0,0,0,0,52,0,36,113,0,0,0,0,0
281,0,9,0,0,0,0,0,287053,0,0,0,0,50,0,0,0,0,0,0,0,0,0,0,0,0,0,0,0,0,0,0,0,0,0,380,40,0,0,56,0,0,0,0,0
281,0,10,0,0,0,0,0,287053,0,0,0,0,56,0,0,0,0,0,0,0,0,0,0,0,0,0,0,0,0,0,0,0,0,0,0,86,86,0,127,0,0,0,0,0
281,0,11,0,0,0,0,0,287053,0,0,0,0,50,0,0,0,0,0,0,0,0,0,0,0,0,0,0,0,0,0,0,0,0,0,0,43,42,0,150,0,0,0,0,0
281,0,12,0,0,0,0,0,287053,0,0,0,0,50,0,0,0,0,0,0,0,0,0,0,0,0,0,0,0,0,0,0,0,0,0,0,0,0,42,96,0,0,0,0,0
281,0,13,0,0,0,0,0,287053,0,0,0,0,56,0,0,0,0,0,0,0,0,0,0,0,0,0,0,0,0,0,0,0,0,0,172,0,0,0,114,0,0,0,0,0
281,0,14,0,0,0,0,0,287053,0,0,0,0,50,0,0,0,0,0,0,0,0,0,0,0,0,0,0,0,0,0,0,0,0,0,0,0,86,0,62,0,0,0,0,0
281,0,15,0,0,0,0,0,287053,0,0,0,0,44,0,0,0,0,0,0,0,0,0,0,0,0,0,0,0,0,0,0,0,0,0,0,0,36,0,91,0,0,0,0,0
282,0,0,0,0,0,0,0,574290,0,0,1936,266240,136,0,0,0,0,0,6600,0,0,0,0,0,0,0,0,1936,1936,0,117479,0,339389,266240,0,779,0,136,284,0,0,0,0,12288
282,0,1,0,0,0,0,0,287145,6600,0,0,0,2378,0,0,0,0,0,0,0,0,0,0,0,0,0,0,0,973,0,59343,0,116581,0,0,239,313,518,4032,0,0,3072,0,0
282,0,2,0,0,0,0,0,287145,0,0,0,0,355,3072,0,0,0,0,0,0,0,0,0,0,0,0,0,0,0,0,0,0,59367,63484,0,246,614,575,758,0,0,3072,0,3072
282,0,3,0,0,0,0,0,287145,0,0,0,0,395,3072,0,0,0,0,0,0,0,0,0,0,0,0,0,0,0,0,0,0,0,63259,0,98,180,0,588,0,0,0,0,3072
282,0,4,0,0,0,0,0,287145,0,0,0,0,351,3072,0,0,0,0,0,0,0,0,0,0,0,0,0,0,0,0,0,0,0,63451,0,87,0,224,509,3072,0,0,0,3072
282,0,5,0,0,0,0,0,287145,0,0,0,0,350,3072,0,0,0,0,0,0,0,0,0,0,0,0,0,0,0,0,0,0,0,63249,1004,150,0,2,740,0,0,0,0,3072
282,0,6,0,0,0,0,0,287145,0,0,0,0,47,0,0,0,0,0,0,0,0,0,0,0,0,0,0,0,0,0,0,0,0,0,0,43,98,0,52,0,0,0,0,0
282,0,7,0,0,0,0,0,287145,0,0,0,0,53,0,0,0,0,0,0,0,0,0,0,0,0,0,0,0,0,0,0,0,0,0,0,101,39,0,140,0,0,0,0,0
282,0,8,0,0,0,0,0,287145,0,0,0,0,53,0,0,0,0,0,0,0,0,0,0,0,0,0,0,0,0,0,0,0,0,0,0,52,0,39,110,0,0,0,0,0
282,0,9,0,0,0,0,0,287145,0,0,0,0,47,0,0,0,0,0,0,0,0,0,0,0,0,0,0,0,0,0,0,0,0,0,380,40,0,0,53,0,0,0,0,0
282,0,10,0,0,0,0,0,287145,0,0,0,0,53,0,0,0,0,0,0,0,0,0,0,0,0,0,0,0,0,0,0,0,0,0,0,82,86,0,124,0,0,0,0,0
282,0,11,0,0,0,0,0,287145,0,0,0,0,47,0,0,0,0,0,0,0,0,0,0,0,0,0,0,0,0,0,0,0,0,0,0,41,45,0,147,0,0,0,0,0
282,0,12,0,0,0,0,0,287145,0,0,0,0,47,0,0,0,0,0,0,0,0,0,0,0,0,0,0,0,0,0,0,0,0,0,0,0,0,45,93,0,0,0,0,0
282,0,13,0,0,0,0,0,287145,0,0,0,0,53,0,0,0,0,0,0,0,0,0,0,0,0,0,0,0,0,0,0,0,0,0,172,0,0,0,111,0,0,0,0,0
282,0,14,0,0,0,0,0,287145,0,0,0,0,47,0,0,0,0,0,0,0,0,0,0,0,0,0,0,0,0,0,0,0,0,0,0,0,86,0,63,0,0,0,0,0
282,0,15,0,0,0,0,0,287145,0,0,0,0,41,0,0,0,0,0,0,0,0,0,0,0,0,0,0,0,0,0,0,0,0,0,0,0,39,0,90,0,0,0,0,0
283,0,0,0,0,0,0,0,796071,0,0,2064,399360,136,0,0,0,0,0,6805,0,0,0,0,0,0,0,0,2064,2064,0,117720,0,557509,399360,0,639,0,136,284,0,0,0,0,18432
283,0,1,0,0,0,0,0,398036,6804,0,0,0,2611,0,0,0,0,0,0,0,0,0,0,0,0,0,0,0,138,0,59387,0,227418,0,0,223,206,538,4328,0,0,3072,0,0
283,0,2,0,0,0,0,0,398036,0,0,0,0,286,3072,0,0,0,0,0,0,0,0,0,0,0,0,0,0,0,0,59392,0,114623,63480,0,558,452,670,672,0,0,3072,0,3072
283,0,3,0,0,0,0,0,398036,0,0,0,0,304,3072,0,0,0,0,0,0,0,0,0,0,0,0,0,0,0,0,59380,0,0,62536,0,247,131,0,458,0,0,0,0,3072
283,0,4,0,0,0,0,0,398036,0,0,0,0,303,3072,0,0,0,0,0,0,0,0,0,0,0,0,0,0,0,0,0,0,0,63481,0,87,0,132,354,6144,0,0,0,3072
283,0,5,0,0,0,0,0,398036,0,0,0,0,304,3072,0,0,0,0,0,0,0,0,0,0,0,0,0,0,0,0,0,0,0,63473,1227,150,0,1,570,0,0,3072,0,3072
283,0,6,0,0,0,0,0,398036,0,0,0,0,306,3072,0,0,0,0,0,0,0,0,0,0,0,0,0,0,0,0,0,0,0,63469,0,39,418,2,348,0,0,3072,0,3072
283,0,7,0,0,0,0,0,398036,0,0,0,0,291,3072,0,0,0,0,0,0,0,0,0,0,0,0,0,0,0,0,0,0,0,63479,0,100,144,0,574,0,0,0,0,3072
283,0,8,0,0,0,0,0,398036,0,0,0,0,56,0,0,0,0,0,0,0,0,0,0,0,0,0,0,0,0,0,0,0,0,0,0,52,0,36,113,0,0,0,0,0
283,0,9,0,0,0,0,0,398036,0,0,0,0,50,0,0,0,0,0,0,0,0,0,0,0,0,0,0,0,0,0,0,0,0,0,380,40,0,0,56,0,0,0,0,0
283,0,10,0,0,0,0,0,398036,0,0,0,0,56,0,0,0,0,0,0,0,0,0,0,0,0,0,0,0,0,0,0,0,0,0,0,86,86,0,127,0,0,0,0,0
283,0,11,0,0,0,0,0,398036,0,0,0,0,50,0,0,0,0,0,0,0,0,0,0,0,0,0,0,0,0,0,0,0,0,0,0,44,42,0,166,0,0,0,0,0
283,0,12,0,0,0,0,0,398036,0,0,0,0,50,0,0,0,0,0,0,0,0,0,0,0,0,0,0,0,0,0,0,0,0,0,0,0,0,42,96,0,0,0,0,0
283,0,13,0,0,0,0,0,398036,0,0,0,0,56,0,0,0,0,0,0,0,0,0,0,0,0,0,0,0,0,0,0,0,0,0,172,0,0,0,114,0,0,0,0,0
283,0,14,0,0,0,0,0,398036,0,0,0,0,50,0,0,0,0,0,0,0,0,0,0,0,0,0,0,0,0,0,0,0,0,0,0,0,86,0,62,0,0,0,0,0
283,0,15,0,0,0,0,0,398036,0,0,0,0,44,0,0,0,0,0,0,0,0,0,0,0,0,0,0,0,0,0,0,0,0,0,0,0,36,0,92,0,0,0,0,0
284,0,0,0,0,0,0,0,795576,0,0,2064,399360,136,0,0,0,0,0,6804,0,0,0,0,0,0,0,0,2064,2064,0,117761,0,555756,399360,0,639,0,136,284,0,0,0,0,18432
284,0,1,0,0,0,0,0,397788,6804,0,0,0,2509,0,0,0,0,0,0,0,0,0,0,0,0,0,0,0,1934,0,59390,0,227220,0,0,183,290,596,4325,0,0,3072,0,0
284,0,2,0,0,0,0,0,397788,0,0,0,0,284,3072,0,0,0,0,0,0,0,0,0,0,0,0,0,0,0,0,59392,0,113663,63483,0,490,413,745,605,0,0,3072,0,3072
284,0,3,0,0,0,0,0,397788,0,0,0,0,263,3072,0,0,0,0,0,0,0,0,0,0,0,0,0,0,0,0,58268,0,0,63488,0,219,172,0,370,0,0,0,0,3072
284,0,4,0,0,0,0,0,397788,0,0,0,0,264,3072,0,0,0,0,0,0,0,0,0,0,0,0,0,0,0,0,0,0,0,63488,0,87,0,171,399,6144,0,0,0,3072
284,0,5,0,0,0,0,0,397788,0,0,0,0,285,3072,0,0,0,0,0,0,0,0,0,0,0,0,0,0,0,0,0,0,0,63488,1167,150,0,2,591,0,0,3072,0,3072
284,0,6,0,0,0,0,0,397788,0,0,0,0,265,3072,0,0,0,0,0,0,0,0,0,0,0,0,0,0,0,0,0,0,0,63487,0,43,457,0,371,0,0,3072,0,3072
284,0,7,0,0,0,0,0,397788,0,0,0,0,288,3072,0,0,0,0,0,0,0,0,0,0,0,0,0,0,0,0,0,0,0,62460,0,102,147,0,599,0,0,0,0,3072
284,0,8,0,0,0,0,0,397788,0,0,0,0,53,0,0,0,0,0,0,0,0,0,0,0,0,0,0,0,0,0,0,0,0,0,0,52,0,39,110,0,0,0,0,0
284,0,9,0,0,0,0,0,397788,0,0,0,0,47,0,0,0,0,0,0,0,0,0,0,0,0,0,0,0,0,0,0,0,0,0,380,40,0,0,53,0,0,0,0,0
284,0,10,0,0,0,0,0,397788,0,0,0,0,53,0,0,0,0,0,0,0,0,0,0,0,0,0,0,0,0,0,0,0,0,0,0,82,86,0,124,0,0,0,0,0
284,0,11,0,0,0,0,0,397788,0,0,0,0,47,0,0,0,0,0,0,0,0,0,0,0,0,0,0,0,0,0,0,0,0,0,0,42,45,0,131,0,0,0,0,0
284,0,12,0,0,0,0,0,397788,0,0,0,0,47,0,0,0,0,0,0,0,0,0,0,0,0,0,0,0,0,0,0,0,0,0,0,0,0,45,93,0,0,0,0,0
284,0,13,0,0,0,0,0,397788,0,0,0,0,53,0,0,0,0,0,0,0,0,0,0,0,0,0,0,0,0,0,0,0,0,0,172,0,0,0,111,0,0,0,0,0
284,0,14,0,0,0,0,0,397788,0,0,0,0,47,0,0,0,0,0,0,0,0,0,0,0,0,0,0,0,0,0,0,0,0,0,0,0,86,0,63,0,0,0,0,0
284,0,15,0,0,0,0,0,397788,0,0,0,0,41,0,0,0,0,0,0,0,0,0,0,0,0,0,0,0,0,0,0,0,0,0,0,0,39,0,91,0,0,0,0,0
285,0,0,0,0,0,0,0,795528,0,0,2064,399360,136,0,0,0,0,0,6804,0,0,0,0,0,0,0,0,2064,2064,0,117761,0,555758,399360,0,639,0,136,284,0,0,0,0,18432
285,0,1,0,0,0,0,0,397764,6804,0,0,0,2488,0,0,0,0,0,0,0,0,0,0,0,0,0,0,0,1936,0,59390,0,227221,0,0,188,291,611,4236,0,0,3072,0,0
285,0,2,0,0,0,0,0,397764,0,0,0,0,220,3072,0,0,0,0,0,0,0,0,0,0,0,0,0,0,0,0,59392,0,113663,63483,0,464,457,760,537,0,0,3072,0,3072
285,0,3,0,0,0,0,0,397764,0,0,0,0,242,3072,0,0,0,0,0,0,0,0,0,0,0,0,0,0,0,0,58267,0,0,63488,0,194,192,0,360,0,0,0,0,3072
285,0,4,0,0,0,0,0,397764,0,0,0,0,263,3072,0,0,0,0,0,0,0,0,0,0,0,0,0,0,0,0,0,0,0,63488,0,87,0,172,401,6144,0,0,0,3072
285,0,5,0,0,0,0,0,397764,0,0,0,0,258,3072,0,0,0,0,0,0,0,0,0,0,0,0,0,0,0,0,0,0,0,63488,1191,150,0,1,559,0,0,3072,0,3072
285,0,6,0,0,0,0,0,397764,0,0,0,0,264,3072,0,0,0,0,0,0,0,0,0,0,0,0,0,0,0,0,0,0,0,63487,0,43,460,1,396,0,0,3072,0,3072
285,0,7,0,0,0,0,0,397764,0,0,0,0,289,3072,0,0,0,0,0,0,0,0,0,0,0,0,0,0,0,0,0,0,0,62460,0,101,145,0,626,0,0,0,0,3072
285,0,8,0,0,0,0,0,397764,0,0,0,0,53,0,0,0,0,0,0,0,0,0,0,0,0,0,0,0,0,0,0,0,0,0,0,52,0,39,110,0,0,0,0,0
285,0,9,0,0,0,0,0,397764,0,0,0,0,47,0,0,0,0,0,0,0,0,0,0,0,0,0,0,0,0,0,0,0,0,0,380,40,0,0,53,0,0,0,0,0
285,0,10,0,0,0,0,0,397764,0,0,0,0,53,0,0,0,0,0,0,0,0,0,0,0,0,0,0,0,0,0,0,0,0,0,0,82,86,0,124,0,0,0,0,0
285,0,11,0,0,0,0,0,397764,0,0,0,0,47,0,0,0,0,0,0,0,0,0,0,0,0,0,0,0,0,0,0,0,0,0,0,43,45,0,131,0,0,0,0,0
285,0,12,0,0,0,0,0,397764,0,0,0,0,47,0,0,0,0,0,0,0,0,0,0,0,0,0,0,0,0,0,0,0,0,0,0,0,0,45,93,0,0,0,0,0
285,0,13,0,0,0,0,0,397764,0,0,0,0,53,0,0,0,0,0,0,0,0,0,0,0,0,0,0,0,0,0,0,0,0,0,172,0,0,0,111,0,0,0,0,0
285,0,14,0,0,0,0,0,397764,0,0,0,0,47,0,0,0,0,0,0,0,0,0,0,0,0,0,0,0,0,0,0,0,0,0,0,0,86,0,63,0,0,0,0,0
285,0,15,0,0,0,0,0,397764,0,0,0,0,41,0,0,0,0,0,0,0,0,0,0,0,0,0,0,0,0,0,0,0,0,0,0,0,39,0,90,0,0,0,0,0
286,0,0,0,0,0,0,0,1020354,0,0,2784,532480,136,0,0,0,0,0,7893,0,0,0,0,0,0,0,0,2784,2784,0,227725,0,662385,532480,0,992,0,136,284,0,0,0,0,24576
286,0,1,0,0,0,0,0,510177,7893,0,0,0,2898,0,0,0,0,0,0,0,0,0,0,0,0,0,0,0,1739,0,117810,0,225740,0,0,317,421,664,5039,0,0,3072,0,0
286,0,2,0,0,0,0,0,510177,0,0,0,0,280,3072,0,0,0,0,0,0,0,0,0,0,0,0,0,0,0,0,58259,0,114400,63464,0,474,435,725,585,0,0,3072,0,3072
286,0,3,0,0,0,0,0,510177,0,0,0,0,277,3072,0,0,0,0,0,0,0,0,0,0,0,0,0,0,0,0,58084,0,0,63347,0,216,162,0,415,0,0,0,0,3072
286,0,4,0,0,0,0,0,510177,0,0,0,0,269,3072,0,0,0,0,0,0,0,0,0,0,0,0,0,0,0,0,59187,0,0,63460,0,216,0,170,408,9216,0,0,0,3072
286,0,5,0,0,0,0,0,510177,0,0,0,0,270,3072,0,0,0,0,0,0,0,0,0,0,0,0,0,0,0,0,59328,0,0,63289,1536,384,0,2,561,0,0,3072,0,3072
286,0,6,0,0,0,0,0,510177,0,0,0,0,264,3072,0,0,0,0,0,0,0,0,0,0,0,0,0,0,0,0,0,0,0,63486,0,43,457,0,390,0,0,3072,0,3072
286,0,7,0,0,0,0,0,510177,0,0,0,0,282,3072,0,0,0,0,0,0,0,0,0,0,0,0,0,0,0,0,0,0,0,63279,0,103,156,0,600,0,0,0,0,3072
286,0,8,0,0,0,0,0,510177,0,0,0,0,286,3072,0,0,0,0,0,0,0,0,0,0,0,0,0,0,0,0,0,0,0,63263,0,52,0,153,563,3072,0,0,0,3072
286,0,9,0,0,0,0,0,510177,0,0,0,0,271,3072,0,0,0,0,0,0,0,0,0,0,0,0,0,0,0,0,0,0,0,63272,735,40,0,1,392,0,0,0,0,3072
286,0,10,0,0,0,0,0,510177,0,0,0,0,53,0,0,0,0,0,0,0,0,0,0,0,0,0,0,0,0,0,0,0,0,0,0,82,86,1,124,0,0,0,0,0
286,0,11,0,0,0,0,0,510177,0,0,0,0,47,0,0,0,0,0,0,0,0,0,0,0,0,0,0,0,0,0,0,0,0,0,0,42,45,0,4294967171,0,0,0,0,0
286,0,12,0,0,0,0,0,510177,0,0,0,0,47,0,0,0,0,0,0,0,0,0,0,0,0,0,0,0,0,0,0,0,0,0,0,0,0,45,93,0,0,0,0,0
286,0,13,0,0,0,0,0,510177,0,0,0,0,53,0,0,0,0,0,0,0,0,0,0,0,0,0,0,0,0,0,0,0,0,0,172,0,0,0,111,0,0,0,0,0
286,0,14,0,0,0,0,0,510177,0,0,0,0,47,0,0,0,0,0,0,0,0,0,0,0,0,0,0,0,0,0,0,0,0,0,0,0,86,0,63,0,0,0,0,0
286,0,15,0,0,0,0,0,510177,0,0,0,0,41,0,0,0,0,0,0,0,0,0,0,0,0,0,0,0,0,0,0,0,0,0,0,0,39,0,93,0,0,0,0,0
287,0,0,0,0,0,0,0,1020114,0,0,2784,532480,136,0,0,0,0,0,7896,0,0,0,0,0,0,0,0,2784,2784,0,227735,0,662488,532480,0,992,0,136,284,0,0,0,0,24576
287,0,1,0,0,0,0,0,510057,7896,0,0,0,2889,0,0,0,0,0,0,0,0,0,0,0,0,0,0,0,1718,0,117788,0,225771,0,0,311,431,669,5008,0,0,3072,0,0
287,0,2,0,0,0,0,0,510057,0,0,0,0,280,3072,0,0,0,0,0,0,0,0,0,0,0,0,0,0,0,0,58258,0,114379,63478,0,465,430,733,581,0,0,3072,0,3072
287,0,3,0,0,0,0,0,510057,0,0,0,0,271,3072,0,0,0,0,0,0,0,0,0,0,0,0,0,0,0,0,58062,0,0,63352,0,212,167,0,406,0,0,0,0,3072
287,0,4,0,0,0,0,0,510057,0,0,0,0,275,3072,0,0,0,0,0,0,0,0,0,0,0,0,0,0,0,0,59191,0,0,63459,0,220,0,164,419,9216,0,0,0,3072
287,0,5,0,0,0,0,0,510057,0,0,0,0,285,3072,0,0,0,0,0,0,0,0,0,0,0,0,0,0,0,0,59338,0,0,63264,1563,386,0,0,580,0,0,3072,0,3072
287,0,6,0,0,0,0,0,510057,0,0,0,0,284,3072,0,0,0,0,0,0,0,0,0,0,0,0,0,0,0,0,0,0,0,63485,0,43,428,2,419,0,0,3072,0,3072
287,0,7,0,0,0,0,0,510057,0,0,0,0,273,3072,0,0,0,0,0,0,0,0,0,0,0,0,0,0,0,0,0,0,0,63273,0,100,165,0,596,0,0,0,0,3072
287,0,8,0,0,0,0,0,510057,0,0,0,0,281,3072,0,0,0,0,0,0,0,0,0,0,0,0,0,0,0,0,0,0,0,63258,0,52,0,158,554,3072,0,0,0,3072
287,0,9,0,0,0,0,0,510057,0,0,0,0,272,3072,0,0,0,0,0,0,0,0,0,0,0,0,0,0,0,0,0,0,0,63276,730,40,0,0,391,0,0,0,0,3072
287,0,10,0,0,0,0,0,510057,0,0,0,0,53,0,0,0,0,0,0,0,0,0,0,0,0,0,0,0,0,0,0,0,0,0,0,82,86,2,124,0,0,0,0,0
287,0,11,0,0,0,0,0,510057,0,0,0,0,47,0,0,0,0,0,0,0,0,0,0,0,0,0,0,0,0,0,0,0,0,0,0,44,45,0,147,0,0,0,0,0
287,0,12,0,0,0,0,0,510057,0,0,0,0,47,0,0,0,0,0,0,0,0,0,0,0,0,0,0,0,0,0,0,0,0,0,0,0,0,45,93,0,0,0,0,0
287,0,13,0,0,0,0,0,510057,0,0,0,0,53,0,0,0,0,0,0,0,0,0,0,0,0,0,0,0,0,0,0,0,0,0,172,0,0,0,111,0,0,0,0,0
287,0,14,0,0,0,0,0,510057,0,0,0,0,47,0,0,0,0,0,0,0,0,0,0,0,0,0,0,0,0,0,0,0,0,0,0,0,86,0,63,0,0,0,0,0
287,0,15,0,0,0,0,0,510057,0,0,0,0,41,0,0,0,0,0,0,0,0,0,0,0,0,0,0,0,0,0,0,0,0,0,0,0,39,0,91,0,0,0,0,0
288,0,0,0,0,0,0,0,1020092,0,0,2784,532480,136,0,0,0,0,0,7896,0,0,0,0,0,0,0,0,2784,2784,0,227741,0,662372,532480,0,992,0,136,284,0,0,0,0,24576
288,0,1,0,0,0,0,0,510046,7896,0,0,0,2906,0,0,0,0,0,0,0,0,0,0,0,0,0,0,0,1714,0,117796,0,225725,0,0,304,417,673,5063,0,0,3072,0,0
288,0,2,0,0,0,0,0,510046,0,0,0,0,293,3072,0,0,0,0,0,0,0,0,0,0,0,0,0,0,0,0,58251,0,114377,63463,0,465,422,731,593,0,0,3072,0,3072
288,0,3,0,0,0,0,0,510046,0,0,0,0,278,3072,0,0,0,0,0,0,0,0,0,0,0,0,0,0,0,0,58068,0,0,63343,0,208,161,0,418,0,0,0,0,3072
288,0,4,0,0,0,0,0,510046,0,0,0,0,271,3072,0,0,0,0,0,0,0,0,0,0,0,0,0,0,0,0,59191,0,0,63459,0,212,0,168,408,9216,0,0,0,3072
288,0,5,0,0,0,0,0,510046,0,0,0,0,289,3072,0,0,0,0,0,0,0,0,0,0,0,0,0,0,0,0,59322,0,0,63275,1533,393,0,0,584,0,0,3072,0,3072
288,0,6,0,0,0,0,0,510046,0,0,0,0,274,3072,0,0,0,0,0,0,0,0,0,0,0,0,0,0,0,0,0,0,0,63486,0,43,448,3,409,0,0,3072,0,3072
288,0,7,0,0,0,0,0,510046,0,0,0,0,284,3072,0,0,0,0,0,0,0,0,0,0,0,0,0,0,0,0,0,0,0,63274,0,101,154,0,609,0,0,0,0,3072
288,0,8,0,0,0,0,0,510046,0,0,0,0,280,3072,0,0,0,0,0,0,0,0,0,0,0,0,0,0,0,0,0,0,0,63266,0,52,0,159,561,3072,0,0,0,3072
288,0,9,0,0,0,0,0,510046,0,0,0,0,269,3072,0,0,0,0,0,0,0,0,0,0,0,0,0,0,0,0,0,0,0,63273,732,40,0,0,381,0,0,0,0,3072
288,0,10,0,0,0,0,0,510046,0,0,0,0,53,0,0,0,0,0,0,0,0,0,0,0,0,0,0,0,0,0,0,0,0,0,0,82,86,2,124,0,0,0,0,0
288,0,11,0,0,0,0,0,510046,0,0,0,0,47,0,0,0,0,0,0,0,0,0,0,0,0,0,0,0,0,0,0,0,0,0,0,43,45,0,147,0,0,0,0,0
288,0,12,0,0,0,0,0,510046,0,0,0,0,47,0,0,0,0,0,0,0,0,0,0,0,0,0,0,0,0,0,0,0,0,0,0,0,0,45,93,0,0,0,0,0
288,0,13,0,0,0,0,0,510046,0,0,0,0,53,0,0,0,0,0,0,0,0,0,0,0,0,0,0,0,0,0,0,0,0,0,172,0,0,0,111,0,0,0,0,0
288,0,14,0,0,0,0,0,510046,0,0,0,0,47,0,0,0,0,0,0,0,0,0,0,0,0,0,0,0,0,0,0,0,0,0,0,0,86,0,63,0,0,0,0,0
288,0,15,0,0,0,0,0,510046,0,0,0,0,41,0,0,0,0,0,0,0,0,0,0,0,0,0,0,0,0,0,0,0,0,0,0,0,39,0,92,0,0,0,0,0
289,0,0,0,0,0,0,0,1247188,0,0,3440,665600,136,0,0,0,0,0,8892,0,0,0,0,0,0,0,0,3440,3440,0,228986,0,885202,665600,0,984,0,136,284,0,0,0,0,52386
289,0,1,0,0,0,0,0,623594,8892,0,0,0,3467,0,0,0,0,0,0,0,0,0,0,0,0,0,0,0,1898,0,118418,0,337339,0,0,265,376,850,5915,0,0,3072,0,0
289,0,2,0,0,0,0,0,623594,0,0,0,0,292,3072,0,0,0,0,0,0,0,0,0,0,0,0,0,0,0,0,113029,0,173283,63480,0,663,426,1012,609,0,0,3072,0,3072
289,0,3,0,0,0,0,0,623594,0,0,0,0,283,3072,0,0,0,0,0,0,0,0,0,0,0,0,0,0,0,0,117013,0,0,63422,0,268,151,0,420,0,0,0,0,3072
289,0,4,0,0,0,0,0,623594,0,0,0,0,279,3072,0,0,0,0,0,0,0,0,0,0,0,0,0,0,0,0,59306,0,0,63390,0,225,0,156,363,12288,0,0,0,3072
289,0,5,0,0,0,0,0,623594,0,0,0,0,274,3072,0,0,0,0,0,0,0,0,0,0,0,0,0,0,0,0,59387,0,0,63241,1890,452,0,0,541,0,0,3072,0,3072
289,0,6,0,0,0,0,0,623594,0,0,0,0,275,3072,0,0,0,0,0,0,0,0,0,0,0,0,0,0,0,0,59325,0,0,63484,0,190,454,2,406,0,0,3072,0,3072
289,0,7,0,0,0,0,0,623594,0,0,0,0,294,3072,0,0,0,0,0,0,0,0,0,0,0,0,0,0,0,0,59148,0,0,63468,0,337,140,0,665,0,0,0,0,3072
289,0,8,0,0,0,0,0,623594,0,0,0,0,287,3072,0,0,0,0,0,0,0,0,0,0,0,0,0,0,0,0,0,0,0,63413,0,52,0,148,551,6144,0,0,0,3072
289,0,9,0,0,0,0,0,623594,0,0,0,0,286,3072,0,0,0,0,0,0,0,0,0,0,0,0,0,0,0,0,0,0,0,63421,1056,40,0,1,335,0,0,3072,0,3072
289,0,10,0,0,0,0,0,623594,0,0,0,0,290,3072,0,0,0,0,0,0,0,0,0,0,0,0,0,0,0,0,0,0,0,63203,0,82,431,1,559,0,0,3072,0,3072
289,0,11,0,0,0,0,0,623594,0,0,0,0,287,3072,0,0,0,0,0,0,0,0,0,0,0,0,0,0,0,0,0,0,0,63107,0,46,148,0,656,0,0,0,0,3072
289,0,12,0,0,0,0,0,623594,0,0,0,0,47,0,0,0,0,0,0,0,0,0,0,0,0,0,0,0,0,0,0,0,0,0,0,0,0,45,93,0,0,0,0,0
289,0,13,0,0,0,0,0,623594,0,0,0,0,53,0,0,0,0,0,0,0,0,0,0,0,0,0,0,0,0,0,0,0,0,0,172,0,0,0,111,0,0,0,0,0
289,0,14,0,0,0,0,0,623594,0,0,0,0,47,0,0,0,0,0,0,0,0,0,0,0,0,0,0,0,0,0,0,0,0,0,0,0,86,0,63,0,0,0,0,0
289,0,15,0,0,0,0,0,623594,0,0,0,0,41,0,0,0,0,0,0,0,0,0,0,0,0,0,0,0,0,0,0,0,0,0,0,0,39,0,91,0,0,0,0,0
290,0,0,0,0,0,0,0,1247284,0,0,3440,665600,136,0,0,0,0,0,8892,0,0,0,0,0,0,0,0,3440,3440,0,229361,0,887653,665600,0,984,0,136,284,0,0,0,0,51451
290,0,1,0,0,0,0,0,623642,8892,0,0,0,3490,0,0,0,0,0,0,0,0,0,0,0,0,0,0,0,2045,0,118751,0,338216,0,0,270,411,787,5959,0,0,3072,0,0
290,0,2,0,0,0,0,0,623642,0,0,0,0,294,3072,0,0,0,0,0,0,0,0,0,0,0,0,0,0,0,0,113108,0,173962,63483,0,752,415,971,626,0,0,3072,0,3072
290,0,3,0,0,0,0,0,623642,0,0,0,0,275,3072,0,0,0,0,0,0,0,0,0,0,0,0,0,0,0,0,117384,0,0,63485,0,284,160,0,436,0,0,0,0,3072
290,0,4,0,0,0,0,0,623642,0,0,0,0,296,3072,0,0,0,0,0,0,0,0,0,0,0,0,0,0,0,0,59389,0,0,63486,0,257,0,139,383,12288,0,0,0,3072
290,0,5,0,0,0,0,0,623642,0,0,0,0,296,3072,0,0,0,0,0,0,0,0,0,0,0,0,0,0,0,0,59392,0,0,63151,1880,471,0,2,539,0,0,3072,0,3072
290,0,6,0,0,0,0,0,623642,0,0,0,0,297,3072,0,0,0,0,0,0,0,0,0,0,0,0,0,0,0,0,59366,0,0,63483,0,204,444,0,325,0,0,3072,0,3072
290,0,7,0,0,0,0,0,623642,0,0,0,0,307,3072,0,0,0,0,0,0,0,0,0,0,0,0,0,0,0,0,59310,0,0,63486,0,429,128,0,571,0,0,0,0,3072
290,0,8,0,0,0,0,0,623642,0,0,0,0,313,3072,0,0,0,0,0,0,0,0,0,0,0,0,0,0,0,0,0,0,0,63485,0,52,0,122,545,6144,0,0,0,3072
290,0,9,0,0,0,0,0,623642,0,0,0,0,309,3072,0,0,0,0,0,0,0,0,0,0,0,0,0,0,0,0,0,0,0,63484,1069,40,0,1,339,0,0,3072,0,3072
290,0,10,0,0,0,0,0,623642,0,0,0,0,314,3072,0,0,0,0,0,0,0,0,0,0,0,0,0,0,0,0,0,0,0,63193,0,86,421,1,565,0,0,3072,0,3072
290,0,11,0,0,0,0,0,623642,0,0,0,0,301,3072,0,0,0,0,0,0,0,0,0,0,0,0,0,0,0,0,0,0,0,63129,0,44,134,0,696,0,0,0,0,3072
290,0,12,0,0,0,0,0,623642,0,0,0,0,50,0,0,0,0,0,0,0,0,0,0,0,0,0,0,0,0,0,0,0,0,0,0,0,0,42,96,0,0,0,0,0
290,0,13,0,0,0,0,0,623642,0,0,0,0,56,0,0,0,0,0,0,0,0,0,0,0,0,0,0,0,0,0,0,0,0,0,172,0,0,0,114,0,0,0,0,0
290,0,14,0,0,0,0,0,623642,0,0,0,0,50,0,0,0,0,0,0,0,0,0,0,0,0,0,0,0,0,0,0,0,0,0,0,0,86,0,62,0,0,0,0,0
290,0,15,0,0,0,0,0,623642,0,0,0,0,44,0,0,0,0,0,0,0,0,0,0,0,0,0,0,0,0,0,0,0,0,0,0,0,36,0,96,0,0,0,0,0
291,0,0,0,0,0,0,0,1246962,0,0,3440,665600,136,0,0,0,0,0,8889,0,0,0,0,0,0,0,0,3440,3440,0,228392,0,881435,665600,0,984,0,136,284,0,0,0,0,51195
291,0,1,0,0,0,0,0,623481,8889,0,0,0,3616,0,0,0,0,0,0,0,0,0,0,0,0,0,0,0,1483,0,117611,0,336274,0,0,245,404,693,6096,0,0,3072,0,0
291,0,2,0,0,0,0,0,623481,0,0,0,0,302,3072,0,0,0,0,0,0,0,0,0,0,0,0,0,0,0,0,113556,0,172138,63480,0,742,395,1084,625,0,0,3072,0,3072
291,0,3,0,0,0,0,0,623481,0,0,0,0,263,3072,0,0,0,0,0,0,0,0,0,0,0,0,0,0,0,0,116957,0,0,63202,0,187,172,0,408,0,0,0,0,3072
291,0,4,0,0,0,0,0,623481,0,0,0,0,289,3072,0,0,0,0,0,0,0,0,0,0,0,0,0,0,0,0,59092,0,0,63185,0,234,0,146,391,12288,0,0,0,3072
291,0,5,0,0,0,0,0,623481,0,0,0,0,287,3072,0,0,0,0,0,0,0,0,0,0,0,0,0,0,0,0,59387,0,0,63438,1889,461,0,0,565,0,0,3072,0,3072
291,0,6,0,0,0,0,0,623481,0,0,0,0,291,3072,0,0,0,0,0,0,0,0,0,0,0,0,0,0,0,0,59382,0,0,63482,0,186,439,3,347,0,0,3072,0,3072
291,0,7,0,0,0,0,0,623481,0,0,0,0,296,3072,0,0,0,0,0,0,0,0,0,0,0,0,0,0,0,0,59300,0,0,63454,0,402,138,0,682,0,0,0,0,3072
291,0,8,0,0,0,0,0,623481,0,0,0,0,289,3072,0,0,0,0,0,0,0,0,0,0,0,0,0,0,0,0,0,0,0,63179,0,52,0,146,544,6144,0,0,0,3072
291,0,9,0,0,0,0,0,623481,0,0,0,0,282,3072,0,0,0,0,0,0,0,0,0,0,0,0,0,0,0,0,0,0,0,63205,1069,40,0,1,322,0,0,3072,0,3072
291,0,10,0,0,0,0,0,623481,0,0,0,0,289,3072,0,0,0,0,0,0,0,0,0,0,0,0,0,0,0,0,0,0,0,63435,0,82,424,1,562,0,0,3072,0,3072
291,0,11,0,0,0,0,0,623481,0,0,0,0,278,3072,0,0,0,0,0,0,0,0,0,0,0,0,0,0,0,0,0,0,0,63393,0,47,156,0,680,0,0,0,0,3072
291,0,12,0,0,0,0,0,623481,0,0,0,0,47,0,0,0,0,0,0,0,0,0,0,0,0,0,0,0,0,0,0,0,0,0,0,0,0,45,93,0,0,0,0,0
291,0,13,0,0,0,0,0,623481,0,0,0,0,53,0,0,0,0,0,0,0,0,0,0,0,0,0,0,0,0,0,0,0,0,0,172,0,0,0,111,0,0,0,0,0
291,0,14,0,0,0,0,0,623481,0,0,0,0,47,0,0,0,0,0,0,0,0,0,0,0,0,0,0,0,0,0,0,0,0,0,0,0,86,0,63,0,0,0,0,0
291,0,15,0,0,0,0,0,623481,0,0,0,0,41,0,0,0,0,0,0,0,0,0,0,0,0,0,0,0,0,0,0,0,0,0,0,0,39,0,90,0,0,0,0,0
292,0,0,0,0,0,0,0,1526742,0,0,4504,865280,136,0,0,0,0,0,10503,0,0,0,0,0,0,0,0,4504,4504,0,329803,0,1047513,865280,0,1351,0,136,284,0,0,0,0,731548
292,0,1,0,0,0,0,0,763371,10503,0,0,0,4214,0,0,0,0,0,0,0,0,0,0,0,0,0,0,0,2431,0,168043,0,374122,0,0,414,495,902,7130,0,0,3072,0,0
292,0,2,0,0,0,0,0,763371,0,0,0,0,266,3072,0,0,0,0,0,0,0,0,0,0,0,0,0,0,0,0,163683,0,166446,63483,0,978,399,990,569,0,0,3072,0,3072
292,0,3,0,0,0,0,0,763371,0,0,0,0,259,3072,0,0,0,0,0,0,0,0,0,0,0,0,0,0,0,0,113257,0,0,63488,0,307,150,0,368,0,0,0,0,3072
292,0,4,0,0,0,0,0,763371,0,0,0,0,275,3072,0,0,0,0,0,0,0,0,0,0,0,0,0,0,0,0,114179,0,0,63266,0,296,0,166,406,15393,0,0,0,3072
292,0,5,0,0,0,0,0,763371,0,0,0,0,279,3072,0,0,0,0,0,0,0,0,0,0,0,0,0,0,0,0,114355,0,0,63279,2507,630,0,1,588,0,0,3072,0,3072
292,0,6,0,0,0,0,0,763371,0,0,0,0,288,3072,0,0,0,0,0,0,0,0,0,0,0,0,0,0,0,0,113538,0,0,63482,0,259,433,1,404,0,0,3072,0,3072
292,0,7,0,0,0,0,0,763371,0,0,0,0,278,3072,0,0,0,0,0,0,0,0,0,0,0,0,0,0,0,0,59268,0,0,63411,0,349,164,0,615,0,0,0,0,3072
292,0,8,0,0,0,0,0,763371,0,0,0,0,286,3072,0,0,0,0,0,0,0,0,0,0,0,0,0,0,0,0,58581,0,0,63234,0,295,0,157,597,12287,0,0,0,3072
292,0,9,0,0,0,0,0,763371,0,0,0,0,284,3072,0,0,0,0,0,0,0,0,0,0,0,0,0,0,0,0,59244,0,0,63272,1556,149,0,2,407,0,0,3072,0,3072
292,0,10,0,0,0,0,0,763371,0,0,0,0,288,3072,0,0,0,0,0,0,0,0,0,0,0,0,0,0,0,0,58307,0,0,63479,0,327,427,1,604,0,0,3072,0,3072
292,0,11,0,0,0,0,0,763371,0,0,0,0,274,3072,0,0,0,0,0,0,0,0,0,0,0,0,0,0,0,0,0,0,0,63277,0,44,169,0,621,0,0,0,0,3072
292,0,12,0,0,0,0,0,763371,0,0,0,0,276,3072,0,0,0,0,0,0,0,0,0,0,0,0,0,0,0,0,0,0,0,63317,0,0,0,167,432,3072,0,0,0,3072
292,0,13,0,0,0,0,0,763371,0,0,0,0,287,3072,0,0,0,0,0,0,0,0,0,0,0,0,0,0,0,0,0,0,0,63298,750,0,0,2,589,0,0,3072,0,3072
292,0,14,0,0,0,0,0,763371,0,0,0,0,282,3072,0,0,0,0,0,0,0,0,0,0,0,0,0,0,0,0,0,0,0,63470,0,0,202,0,406,0,0,0,0,3072
292,0,15,0,0,0,0,0,763371,0,0,0,0,41,0,0,0,0,0,0,0,0,0,0,0,0,0,0,0,0,0,0,0,0,0,0,0,39,0,96,0,0,0,0,0
293,0,0,0,0,0,0,0,1526746,0,0,4504,865280,136,0,0,0,0,0,10503,0,0,0,0,0,0,0,0,4504,4504,0,329769,0,1047459,865280,0,1351,0,136,284,0,0,0,0,731902
293,0,1,0,0,0,0,0,763373,10503,0,0,0,4209,0,0,0,0,0,0,0,0,0,0,0,0,0,0,0,2437,0,168046,0,374073,0,0,424,502,890,7160,0,0,3072,0,0
293,0,2,0,0,0,0,0,763373,0,0,0,0,267,3072,0,0,0,0,0,0,0,0,0,0,0,0,0,0,0,0,163656,0,166446,63483,0,985,399,989,576,0,0,3072,0,3072
293,0,3,0,0,0,0,0,763373,0,0,0,0,260,3072,0,0,0,0,0,0,0,0,0,0,0,0,0,0,0,0,113256,0,0,63488,0,307,149,0,370,0,0,0,0,3072
293,0,4,0,0,0,0,0,763373,0,0,0,0,273,3072,0,0,0,0,0,0,0,0,0,0,0,0,0,0,0,0,114177,0,0,63264,0,303,0,168,405,15397,0,0,0,3072
293,0,5,0,0,0,0,0,763373,0,0,0,0,284,3072,0,0,0,0,0,0,0,0,0,0,0,0,0,0,0,0,114368,0,0,63271,2472,625,0,1,588,0,0,3072,0,3072
293,0,6,0,0,0,0,0,763373,0,0,0,0,284,3072,0,0,0,0,0,0,0,0,0,0,0,0,0,0,0,0,113514,0,0,63485,0,255,451,1,397,0,0,3072,0,3072
293,0,7,0,0,0,0,0,763373,0,0,0,0,293,3072,0,0,0,0,0,0,0,0,0,0,0,0,0,0,0,0,59274,0,0,63410,0,350,150,0,628,0,0,0,0,3072
293,0,8,0,0,0,0,0,763373,0,0,0,0,295,3072,0,0,0,0,0,0,0,0,0,0,0,0,0,0,0,0,58581,0,0,63233,0,297,0,148,597,12287,0,0,0,3072
293,0,9,0,0,0,0,0,763373,0,0,0,0,288,3072,0,0,0,0,0,0,0,0,0,0,0,0,0,0,0,0,59257,0,0,63273,1566,149,0,1,416,0,0,3072,0,3072
293,0,10,0,0,0,0,0,763373,0,0,0,0,295,3072,0,0,0,0,0,0,0,0,0,0,0,0,0,0,0,0,58308,0,0,63473,0,328,417,1,614,0,0,3072,0,3072
293,0,11,0,0,0,0,0,763373,0,0,0,0,270,3072,0,0,0,0,0,0,0,0,0,0,0,0,0,0,0,0,0,0,0,63277,0,45,173,0,635,0,0,0,0,3072
293,0,12,0,0,0,0,0,763373,0,0,0,0,278,3072,0,0,0,0,0,0,0,0,0,0,0,0,0,0,0,0,0,0,0,63320,0,0,0,165,432,3072,0,0,0,3072
293,0,13,0,0,0,0,0,763373,0,0,0,0,289,3072,0,0,0,0,0,0,0,0,0,0,0,0,0,0,0,0,0,0,0,63302,756,0,0,1,591,0,0,3072,0,3072
293,0,14,0,0,0,0,0,763373,0,0,0,0,287,3072,0,0,0,0,0,0,0,0,0,0,0,0,0,0,0,0,0,0,0,63469,0,0,197,1,410,0,0,0,0,3072
293,0,15,0,0,0,0,0,763373,0,0,0,0,41,0,0,0,0,0,0,0,0,0,0,0,0,0,0,0,0,0,0,0,0,0,0,0,39,0,94,0,0,0,0,0
294,0,0,0,0,0,0,0,1526147,0,0,4500,865280,136,0,0,0,0,0,10500,0,0,0,0,0,0,0,0,4500,4500,0,329823,0,1047527,865280,0,1351,0,136,284,0,0,0,0,731659
294,0,1,0,0,0,0,0,763073,10500,0,0,0,4228,0,0,0,0,0,0,0,0,0,0,0,0,0,0,0,2489,0,168082,0,374163,0,0,407,500,886,7067,0,0,3072,0,0
294,0,2,0,0,0,0,0,763073,0,0,0,0,259,3072,0,0,0,0,0,0,0,0,0,0,0,0,0,0,0,0,163683,0,166519,63483,0,985,415,1002,558,0,0,3072,0,3072
294,0,3,0,0,0,0,0,763073,0,0,0,0,269,3072,0,0,0,0,0,0,0,0,0,0,0,0,0,0,0,0,113324,0,0,63487,0,304,140,0,369,0,0,0,0,3072
294,0,4,0,0,0,0,0,763073,0,0,0,0,288,3072,0,0,0,0,0,0,0,0,0,0,0,0,0,0,0,0,114195,0,0,63273,0,305,0,153,415,15356,0,0,0,3072
294,0,5,0,0,0,0,0,763073,0,0,0,0,279,3072,0,0,0,0,0,0,0,0,0,0,0,0,0,0,0,0,114362,0,0,63280,2564,636,0,1,586,0,0,3072,0,3072
294,0,6,0,0,0,0,0,763073,0,0,0,0,289,3072,0,0,0,0,0,0,0,0,0,0,0,0,0,0,0,0,113521,0,0,63480,0,253,442,2,402,0,0,3072,0,3072
294,0,7,0,0,0,0,0,763073,0,0,0,0,289,3072,0,0,0,0,0,0,0,0,0,0,0,0,0,0,0,0,59263,0,0,63446,0,361,153,0,616,0,0,0,0,3072
294,0,8,0,0,0,0,0,763073,0,0,0,0,282,3072,0,0,0,0,0,0,0,0,0,0,0,0,0,0,0,0,58589,0,0,63231,0,298,0,161,581,12287,0,0,0,3072
294,0,9,0,0,0,0,0,763073,0,0,0,0,297,3072,0,0,0,0,0,0,0,0,0,0,0,0,0,0,0,0,59258,0,0,63268,1499,143,0,1,420,0,0,3072,0,3072
294,0,10,0,0,0,0,0,763073,0,0,0,0,278,3072,0,0,0,0,0,0,0,0,0,0,0,0,0,0,0,0,58296,0,0,63485,0,337,456,2,588,0,0,3072,0,3072
294,0,11,0,0,0,0,0,763073,0,0,0,0,293,3072,0,0,0,0,0,0,0,0,0,0,0,0,0,0,0,0,0,0,0,63283,0,43,150,0,508,0,0,0,0,3072
294,0,12,0,0,0,0,0,763073,0,0,0,0,287,3072,0,0,0,0,0,0,0,0,0,0,0,0,0,0,0,0,0,0,0,63331,0,0,0,156,440,3072,0,0,0,3072
294,0,13,0,0,0,0,0,763073,0,0,0,0,297,3072,0,0,0,0,0,0,0,0,0,0,0,0,0,0,0,0,0,0,0,63302,760,0,0,2,605,0,0,3072,0,3072
294,0,14,0,0,0,0,0,763073,0,0,0,0,297,3072,0,0,0,0,0,0,0,0,0,0,0,0,0,0,0,0,0,0,0,63457,0,0,191,0,409,0,0,0,0,3072
294,0,15,0,0,0,0,0,763073,0,0,0,0,47,0,0,0,0,0,0,0,0,0,0,0,0,0,0,0,0,0,0,0,0,0,0,0,33,0,103,0,0,0,0,0
295,0,0,0,0,0,0,0,280830,0,0,1026,66048,136,0,0,0,0,0,5214,0,0,0,0,0,0,0,0,1026,1026,0,0,0,120116,66048,0,294,0,136,284,0,0,0,0,1536
295,0,1,0,0,0,0,0,140415,5214,0,0,0,1844,0,0,0,0,0,0,0,0,0,0,0,0,0,0,0,56,0,0,0,62365,0,0,78,171,442,3327,0,0,1536,0,0
295,0,2,0,0,0,0,0,140415,0,0,0,0,804,1536,0,0,0,0,0,0,0,0,0,0,0,0,0,0,0,0,0,0,0,63979,0,250,360,273,1638,0,0,0,0,1536
295,0,3,0,0,0,0,0,140415,0,0,0,0,47,0,0,0,0,0,0,0,0,0,0,0,0,0,0,0,0,0,0,0,0,0,0,100,45,0,55,0,0,0,0,0
295,0,4,0,0,0,0,0,140415,0,0,0,0,50,0,0,0,0,0,0,0,0,0,0,0,0,0,0,0,0,0,0,0,0,0,0,87,0,42,67,0,0,0,0,0
295,0,5,0,0,0,0,0,140415,0,0,0,0,50,0,0,0,0,0,0,0,0,0,0,0,0,0,0,0,0,0,0,0,0,0,525,150,0,0,116,0,0,0,0,0
295,0,6,0,0,0,0,0,140415,0,0,0,0,50,0,0,0,0,0,0,0,0,0,0,0,0,0,0,0,0,0,0,0,0,0,0,39,95,0,55,0,0,0,0,0
295,0,7,0,0,0,0,0,140415,0,0,0,0,53,0,0,0,0,0,0,0,0,0,0,0,0,0,0,0,0,0,0,0,0,0,0,98,39,0,138,0,0,0,0,0
295,0,8,0,0,0,0,0,140415,0,0,0,0,56,0,0,0,0,0,0,0,0,0,0,0,0,0,0,0,0,0,0,0,0,0,0,52,0,36,113,0,0,0,0,0
295,0,9,0,0,0,0,0,140415,0,0,0,0,50,0,0,0,0,0,0,0,0,0,0,0,0,0,0,0,0,0,0,0,0,0,380,40,0,0,56,0,0,0,0,0
295,0,10,0,0,0,0,0,140415,0,0,0,0,56,0,0,0,0,0,0,0,0,0,0,0,0,0,0,0,0,0,0,0,0,0,0,86,86,0,127,0,0,0,0,0
295,0,11,0,0,0,0,0,140415,0,0,0,0,50,0,0,0,0,0,0,0,0,0,0,0,0,0,0,0,0,0,0,0,0,0,0,41,42,0,118,0,0,0,0,0
295,0,12,0,0,0,0,0,140415,0,0,0,0,50,0,0,0,0,0,0,0,0,0,0,0,0,0,0,0,0,0,0,0,0,0,0,0,0,42,96,0,0,0,0,0
295,0,13,0,0,0,0,0,140415,0,0,0,0,56,0,0,0,0,0,0,0,0,0,0,0,0,0,0,0,0,0,0,0,0,0,172,0,0,0,114,0,0,0,0,0
295,0,14,0,0,0,0,0,140415,0,0,0,0,50,0,0,0,0,0,0,0,0,0,0,0,0,0,0,0,0,0,0,0,0,0,0,0,86,0,62,0,0,0,0,0
295,0,15,0,0,0,0,0,140415,0,0,0,0,44,0,0,0,0,0,0,0,0,0,0,0,0,0,0,0,0,0,0,0,0,0,0,0,36,0,90,0,0,0,0,0
296,0,0,0,0,0,0,0,280887,0,0,1026,66048,136,0,0,0,0,0,5217,0,0,0,0,0,0,0,0,1026,1026,0,0,0,120135,66048,0,294,0,136,284,0,0,0,0,1536
296,0,1,0,0,0,0,0,140444,5217,0,0,0,1832,0,0,0,0,0,0,0,0,0,0,0,0,0,0,0,58,0,0,0,62369,0,0,79,174,450,3309,0,0,1536,0,0
296,0,2,0,0,0,0,0,140444,0,0,0,0,795,1536,0,0,0,0,0,0,0,0,0,0,0,0,0,0,0,0,0,0,0,63982,0,246,369,275,1623,0,0,0,0,1536
296,0,3,0,0,0,0,0,140444,0,0,0,0,47,0,0,0,0,0,0,0,0,0,0,0,0,0,0,0,0,0,0,0,0,0,0,98,45,0,55,0,0,0,0,0
296,0,4,0,0,0,0,0,140444,0,0,0,0,47,0,0,0,0,0,0,0,0,0,0,0,0,0,0,0,0,0,0,0,0,0,0,87,0,45,66,0,0,0,0,0
296,0,5,0,0,0,0,0,140444,0,0,0,0,47,0,0,0,0,0,0,0,0,0,0,0,0,0,0,0,0,0,0,0,0,0,522,150,0,0,112,0,0,0,0,0
296,0,6,0,0,0,0,0,140444,0,0,0,0,47,0,0,0,0,0,0,0,0,0,0,0,0,0,0,0,0,0,0,0,0,0,0,43,98,0,52,0,0,0,0,0
296,0,7,0,0,0,0,0,140444,0,0,0,0,53,0,0,0,0,0,0,0,0,0,0,0,0,0,0,0,0,0,0,0,0,0,0,98,39,0,140,0,0,0,0,0
296,0,8,0,0,0,0,0,140444,0,0,0,0,53,0,0,0,0,0,0,0,0,0,0,0,0,0,0,0,0,0,0,0,0,0,0,52,0,39,110,0,0,0,0,0
296,0,9,0,0,0,0,0,140444,0,0,0,0,47,0,0,0,0,0,0,0,0,0,0,0,0,0,0,0,0,0,0,0,0,0,380,40,0,0,53,0,0,0,0,0
296,0,10,0,0,0,0,0,140444,0,0,0,0,53,0,0,0,0,0,0,0,0,0,0,0,0,0,0,0,0,0,0,0,0,0,0,82,86,0,124,0,0,0,0,0
296,0,11,0,0,0,0,0,140444,0,0,0,0,47,0,0,0,0,0,0,0,0,0,0,0,0,0,0,0,0,0,0,0,0,0,0,41,45,0,131,0,0,0,0,0
296,0,12,0,0,0,0,0,140444,0,0,0,0,47,0,0,0,0,0,0,0,0,0,0,0,0,0,0,0,0,0,0,0,0,0,0,0,0,45,93,0,0,0,0,0
296,0,13,0,0,0,0,0,140444,0,0,0,0,53,0,0,0,0,0,0,0,0,0,0,0,0,0,0,0,0,0,0,0,0,0,172,0,0,0,111,0,0,0,0,0
296,0,14,0,0,0,0,0,140444,0,0,0,0,47,0,0,0,0,0,0,0,0,0,0,0,0,0,0,0,0,0,0,0,0,0,0,0,86,0,63,0,0,0,0,0
296,0,15,0,0,0,0,0,140444,0,0,0,0,41,0,0,0,0,0,0,0,0,0,0,0,0,0,0,0,0,0,0,0,0,0,0,0,39,0,87,0,0,0,0,0
297,0,0,0,0,0,0,0,280907,0,0,1026,66048,136,0,0,0,0,0,5217,0,0,0,0,0,0,0,0,1026,1026,0,0,0,120114,66048,0,294,0,136,284,0,0,0,0,1536
297,0,1,0,0,0,0,0,140454,5217,0,0,0,1841,0,0,0,0,0,0,0,0,0,0,0,0,0,0,0,57,0,0,0,62363,0,0,79,173,442,3327,0,0,1536,0,0
297,0,2,0,0,0,0,0,140454,0,0,0,0,804,1536,0,0,0,0,0,0,0,0,0,0,0,0,0,0,0,0,0,0,0,63979,0,246,360,275,1640,0,0,0,0,1536
297,0,3,0,0,0,0,0,140454,0,0,0,0,47,0,0,0,0,0,0,0,0,0,0,0,0,0,0,0,0,0,0,0,0,0,0,98,45,0,55,0,0,0,0,0
297,0,4,0,0,0,0,0,140454,0,0,0,0,47,0,0,0,0,0,0,0,0,0,0,0,0,0,0,0,0,0,0,0,0,0,0,87,0,45,66,0,0,0,0,0
297,0,5,0,0,0,0,0,140454,0,0,0,0,47,0,0,0,0,0,0,0,0,0,0,0,0,0,0,0,0,0,0,0,0,0,522,150,0,0,112,0,0,0,0,0
297,0,6,0,0,0,0,0,140454,0,0,0,0,47,0,0,0,0,0,0,0,0,0,0,0,0,0,0,0,0,0,0,0,0,0,0,43,98,0,52,0,0,0,0,0
297,0,7,0,0,0,0,0,140454,0,0,0,0,53,0,0,0,0,0,0,0,0,0,0,0,0,0,0,0,0,0,0,0,0,0,0,98,39,0,140,0,0,0,0,0
297,0,8,0,0,0,0,0,140454,0,0,0,0,53,0,0,0,0,0,0,0,0,0,0,0,0,0,0,0,0,0,0,0,0,0,0,52,0,39,110,0,0,0,0,0
297,0,9,0,0,0,0,0,140454,0,0,0,0,47,0,0,0,0,0,0,0,0,0,0,0,0,0,0,0,0,0,0,0,0,0,380,40,0,0,53,0,0,0,0,0
297,0,10,0,0,0,0,0,140454,0,0,0,0,53,0,0,0,0,0,0,0,0,0,0,0,0,0,0,0,0,0,0,0,0,0,0,82,86,0,124,0,0,0,0,0
297,0,11,0,0,0,0,0,140454,0,0,0,0,47,0,0,0,0,0,0,0,0,0,0,0,0,0,0,0,0,0,0,0,0,0,0,41,45,0,147,0,0,0,0,0
297,0,12,0,0,0,0,0,140454,0,0,0,0,47,0,0,0,0,0,0,0,0,0,0,0,0,0,0,0,0,0,0,0,0,0,0,0,0,45,93,0,0,0,0,0
297,0,13,0,0,0,0,0,140454,0,0,0,0,53,0,0,0,0,0,0,0,0,0,0,0,0,0,0,0,0,0,0,0,0,0,172,0,0,0,111,0,0,0,0,0
297,0,14,0,0,0,0,0,140454,0,0,0,0,47,0,0,0,0,0,0,0,0,0,0,0,0,0,0,0,0,0,0,0,0,0,0,0,86,0,63,0,0,0,0,0
297,0,15,0,0,0,0,0,140454,0,0,0,0,41,0,0,0,0,0,0,0,0,0,0,0,0,0,0,0,0,0,0,0,0,0,0,0,39,0,87,0,0,0,0,0
298,0,0,0,0,0,0,0,355898,0,0,1028,132096,136,0,0,0,0,0,5226,0,0,0,0,0,0,0,0,1028,1028,0,0,0,245051,132096,0,294,0,136,284,0,0,0,0,3072
298,0,1,0,0,0,0,0,177949,5226,0,0,0,1980,0,0,0,0,0,0,0,0,0,0,0,0,0,0,0,981,0,0,0,124844,0,0,79,174,305,3214,0,0,1536,0,0
298,0,2,0,0,0,0,0,177949,0,0,0,0,328,1536,0,0,0,0,0,0,0,0,0,0,0,0,0,0,0,0,0,0,62464,64003,0,246,612,723,856,0,0,1536,0,1536
298,0,3,0,0,0,0,0,177949,0,0,0,0,336,1536,0,0,0,0,0,0,0,0,0,0,0,0,0,0,0,0,0,0,0,64511,0,98,269,0,411,0,0,0,0,1536
298,0,4,0,0,0,0,0,177949,0,0,0,0,47,0,0,0,0,0,0,0,0,0,0,0,0,0,0,0,0,0,0,0,0,0,0,87,0,45,66,0,0,0,0,0
298,0,5,0,0,0,0,0,177949,0,0,0,0,47,0,0,0,0,0,0,0,0,0,0,0,0,0,0,0,0,0,0,0,0,0,522,150,0,0,112,0,0,0,0,0
298,0,6,0,0,0,0,0,177949,0,0,0,0,47,0,0,0,0,0,0,0,0,0,0,0,0,0,0,0,0,0,0,0,0,0,0,43,98,0,52,0,0,0,0,0
298,0,7,0,0,0,0,0,177949,0,0,0,0,53,0,0,0,0,0,0,0,0,0,0,0,0,0,0,0,0,0,0,0,0,0,0,99,39,0,140,0,0,0,0,0
298,0,8,0,0,0,0,0,177949,0,0,0,0,53,0,0,0,0,0,0,0,0,0,0,0,0,0,0,0,0,0,0,0,0,0,0,52,0,39,110,0,0,0,0,0
298,0,9,0,0,0,0,0,177949,0,0,0,0,47,0,0,0,0,0,0,0,0,0,0,0,0,0,0,0,0,0,0,0,0,0,380,40,0,0,53,0,0,0,0,0
298,0,10,0,0,0,0,0,177949,0,0,0,0,53,0,0,0,0,0,0,0,0,0,0,0,0,0,0,0,0,0,0,0,0,0,0,82,86,0,124,0,0,0,0,0
298,0,11,0,0,0,0,0,177949,0,0,0,0,47,0,0,0,0,0,0,0,0,0,0,0,0,0,0,0,0,0,0,0,0,0,0,41,45,0,4294967187,0,0,0,0,0
298,0,12,0,0,0,0,0,177949,0,0,0,0,47,0,0,0,0,0,0,0,0,0,0,0,0,0,0,0,0,0,0,0,0,0,0,0,0,45,93,0,0,0,0,0
298,0,13,0,0,0,0,0,177949,0,0,0,0,53,0,0,0,0,0,0,0,0,0,0,0,0,0,0,0,0,0,0,0,0,0,172,0,0,0,111,0,0,0,0,0
298,0,14,0,0,0,0,0,177949,0,0,0,0,47,0,0,0,0,0,0,0,0,0,0,0,0,0,0,0,0,0,0,0,0,0,0,0,86,0,63,0,0,0,0,0
298,0,15,0,0,0,0,0,177949,0,0,0,0,41,0,0,0,0,0,0,0,0,0,0,0,0,0,0,0,0,0,0,0,0,0,0,0,39,0,88,0,0,0,0,0
299,0,0,0,0,0,0,0,355919,0,0,1028,132096,136,0,0,0,0,0,5226,0,0,0,0,0,0,0,0,1028,1028,0,0,0,245047,132096,0,294,0,136,284,0,0,0,0,3072
299,0,1,0,0,0,0,0,177960,5226,0,0,0,1966,0,0,0,0,0,0,0,0,0,0,0,0,0,0,0,977,0,0,0,124841,0,0,79,174,319,3217,0,0,1536,0,0
299,0,2,0,0,0,0,0,177960,0,0,0,0,337,1536,0,0,0,0,0,0,0,0,0,0,0,0,0,0,0,0,0,0,62464,64001,0,246,595,718,856,0,0,1536,0,1536
299,0,3,0,0,0,0,0,177960,0,0,0,0,327,1536,0,0,0,0,0,0,0,0,0,0,0,0,0,0,0,0,0,0,0,64511,0,99,277,0,407,0,0,0,0,1536
299,0,4,0,0,0,0,0,177960,0,0,0,0,47,0,0,0,0,0,0,0,0,0,0,0,0,0,0,0,0,0,0,0,0,0,0,87,0,45,66,0,0,0,0,0
299,0,5,0,0,0,0,0,177960,0,0,0,0,47,0,0,0,0,0,0,0,0,0,0,0,0,0,0,0,0,0,0,0,0,0,522,150,0,0,112,0,0,0,0,0
299,0,6,0,0,0,0,0,177960,0,0,0,0,47,0,0,0,0,0,0,0,0,0,0,0,0,0,0,0,0,0,0,0,0,0,0,43,98,0,52,0,0,0,0,0
299,0,7,0,0,0,0,0,177960,0,0,0,0,53,0,0,0,0,0,0,0,0,0,0,0,0,0,0,0,0,0,0,0,0,0,0,98,39,0,140,0,0,0,0,0
299,0,8,0,0,0,0,0,177960,0,0,0,0,53,0,0,0,0,0,0,0,0,0,0,0,0,0,0,0,0,0,0,0,0,0,0,52,0,39,110,0,0,0,0,0
299,0,9,0,0,0,0,0,177960,0,0,0,0,47,0,0,0,0,0,0,0,0,0,0,0,0,0,0,0,0,0,0,0,0,0,380,40,0,0,53,0,0,0,0,0
299,0,10,0,0,0,0,0,177960,0,0,0,0,53,0,0,0,0,0,0,0,0,0,0,0,0,0,0,0,0,0,0,0,0,0,0,82,86,0,124,0,0,0,0,0
299,0,11,0,0,0,0,0,177960,0,0,0,0,47,0,0,0,0,0,0,0,0,0,0,0,0,0,0,0,0,0,0,0,0,0,0,42,45,0,131,0,0,0,0,0
299,0,12,0,0,0,0,0,177960,0,0,0,0,47,0,0,0,0,0,0,0,0,0,0,0,0,0,0,0,0,0,0,0,0,0,0,0,0,45,93,0,0,0,0,0
299,0,13,0,0,0,0,0,177960,0,0,0,0,53,0,0,0,0,0,0,0,0,0,0,0,0,0,0,0,0,0,0,0,0,0,172,0,0,0,111,0,0,0,0,0
299,0,14,0,0,0,0,0,177960,0,0,0,0,47,0,0,0,0,0,0,0,0,0,0,0,0,0,0,0,0,0,0,0,0,0,0,0,86,0,63,0,0,0,0,0
299,0,15,0,0,0,0,0,177960,0,0,0,0,41,0,0,0,0,0,0,0,0,0,0,0,0,0,0,0,0,0,0,0,0,0,0,0,39,0,87,0,0,0,0,0
300,0,0,0,0,0,0,0,355898,0,0,1028,132096,136,0,0,0,0,0,5223,0,0,0,0,0,0,0,0,1028,1028,0,0,0,245015,132096,0,294,0,136,284,0,0,0,0,3072
300,0,1,0,0,0,0,0,177949,5223,0,0,0,1966,0,0,0,0,0,0,0,0,0,0,0,0,0,0,0,977,0,0,0,124829,0,0,79,174,319,3209,0,0,1536,0,0
300,0,2,0,0,0,0,0,177949,0,0,0,0,343,1536,0,0,0,0,0,0,0,0,0,0,0,0,0,0,0,0,0,0,62464,63996,0,246,603,719,861,0,0,1536,0,1536
300,0,3,0,0,0,0,0,177949,0,0,0,0,341,1536,0,0,0,0,0,0,0,0,0,0,0,0,0,0,0,0,0,0,0,64511,0,99,263,0,420,0,0,0,0,1536
300,0,4,0,0,0,0,0,177949,0,0,0,0,47,0,0,0,0,0,0,0,0,0,0,0,0,0,0,0,0,0,0,0,0,0,0,87,0,45,66,0,0,0,0,0
300,0,5,0,0,0,0,0,177949,0,0,0,0,47,0,0,0,0,0,0,0,0,0,0,0,0,0,0,0,0,0,0,0,0,0,522,150,0,0,112,0,0,0,0,0
300,0,6,0,0,0,0,0,177949,0,0,0,0,47,0,0,0,0,0,0,0,0,0,0,0,0,0,0,0,0,0,0,0,0,0,0,43,98,0,52,0,0,0,0,0
300,0,7,0,0,0,0,0,177949,0,0,0,0,53,0,0,0,0,0,0,0,0,0,0,0,0,0,0,0,0,0,0,0,0,0,0,98,39,0,140,0,0,0,0,0
300,0,8,0,0,0,0,0,177949,0,0,0,0,53,0,0,0,0,0,0,0,0,0,0,0,0,0,0,0,0,0,0,0,0,0,0,52,0,39,110,0,0,0,0,0
300,0,9,0,0,0,0,0,177949,0,0,0,0,47,0,0,0,0,0,0,0,0,0,0,0,0,0,0,0,0,0,0,0,0,0,380,40,0,0,53,0,0,0,0,0
300,0,10,0,0,0,0,0,177949,0,0,0,0,53,0,0,0,0,0,0,0,0,0,0,0,0,0,0,0,0,0,0,0,0,0,0,82,86,0,124,0,0,0,0,0
300,0,11,0,0,0,0,0,177949,0,0,0,0,47,0,0,0,0,0,0,0,0,0,0,0,0,0,0,0,0,0,0,0,0,0,0,42,45,0,4294967187,0,0,0,0,0
300,0,12,0,0,0,0,0,177949,0,0,0,0,47,0,0,0,0,0,0,0,0,0,0,0,0,0,0,0,0,0,0,0,0,0,0,0,0,45,93,0,0,0,0,0
300,0,13,0,0,0,0,0,177949,0,0,0,0,53,0,0,0,0,0,0,0,0,0,0,0,0,0,0,0,0,0,0,0,0,0,172,0,0,0,111,0,0,0,0,0
300,0,14,0,0,0,0,0,177949,0,0,0,0,47,0,0,0,0,0,0,0,0,0,0,0,0,0,0,0,0,0,0,0,0,0,0,0,86,0,63,0,0,0,0,0
300,0,15,0,0,0,0,0,177949,0,0,0,0,41,0,0,0,0,0,0,0,0,0,0,0,0,0,0,0,0,0,0,0,0,0,0,0,39,0,87,0,0,0,0,0
301,0,0,0,0,0,0,0,600762,0,0,1032,264192,136,0,0,0,0,0,5244,0,0,0,0,0,0,0,0,1032,1032,0,124416,0,365475,264192,0,553,0,136,284,0,0,0,0,6144
301,0,1,0,0,0,0,0,300381,5244,0,0,0,1711,0,0,0,0,0,0,0,0,0,0,0,0,0,0,0,27,0,62464,0,123934,0,0,185,279,369,2939,0,0,1536,0,0
301,0,2,0,0,0,0,0,300381,0,0,0,0,249,1536,0,0,0,0,0,0,0,0,0,0,0,0,0,0,0,0,0,0,62464,64503,0,250,358,434,486,0,0,1536,0,1536
301,0,3,0,0,0,0,0,300381,0,0,0,0,259,1536,0,0,0,0,0,0,0,0,0,0,0,0,0,0,0,0,0,0,0,64511,0,100,90,0,365,0,0,0,0,1536
301,0,4,0,0,0,0,0,300381,0,0,0,0,263,1536,0,0,0,0,0,0,0,0,0,0,0,0,0,0,0,0,0,0,0,64511,0,87,0,86,387,1536,0,0,0,1536
301,0,5,0,0,0,0,0,300381,0,0,0,0,263,1536,0,0,0,0,0,0,0,0,0,0,0,0,0,0,0,0,0,0,0,64511,782,150,0,0,480,0,0,0,0,1536
301,0,6,0,0,0,0,0,300381,0,0,0,0,50,0,0,0,0,0,0,0,0,0,0,0,0,0,0,0,0,0,0,0,0,0,0,39,95,2,55,0,0,0,0,0
301,0,7,0,0,0,0,0,300381,0,0,0,0,53,0,0,0,0,0,0,0,0,0,0,0,0,0,0,0,0,0,0,0,0,0,0,99,39,0,138,0,0,0,0,0
301,0,8,0,0,0,0,0,300381,0,0,0,0,56,0,0,0,0,0,0,0,0,0,0,0,0,0,0,0,0,0,0,0,0,0,0,52,0,36,113,0,0,0,0,0
301,0,9,0,0,0,0,0,300381,0,0,0,0,50,0,0,0,0,0,0,0,0,0,0,0,0,0,0,0,0,0,0,0,0,0,380,40,0,0,56,0,0,0,0,0
301,0,10,0,0,0,0,0,300381,0,0,0,0,56,0,0,0,0,0,0,0,0,0,0,0,0,0,0,0,0,0,0,0,0,0,0,86,86,0,127,0,0,0,0,0
301,0,11,0,0,0,0,0,300381,0,0,0,0,50,0,0,0,0,0,0,0,0,0,0,0,0,0,0,0,0,0,0,0,0,0,0,43,42,0,102,0,0,0,0,0
301,0,12,0,0,0,0,0,300381,0,0,0,0,50,0,0,0,0,0,0,0,0,0,0,0,0,0,0,0,0,0,0,0,0,0,0,0,0,42,96,0,0,0,0,0
301,0,13,0,0,0,0,0,300381,0,0,0,0,56,0,0,0,0,0,0,0,0,0,0,0,0,0,0,0,0,0,0,0,0,0,172,0,0,0,114,0,0,0,0,0
301,0,14,0,0,0,0,0,300381,0,0,0,0,50,0,0,0,0,0,0,0,0,0,0,0,0,0,0,0,0,0,0,0,0,0,0,0,86,0,62,0,0,0,0,0
301,0,15,0,0,0,0,0,300381,0,0,0,0,44,0,0,0,0,0,0,0,0,0,0,0,0,0,0,0,0,0,0,0,0,0,0,0,36,0,91,0,0,0,0,0
302,0,0,0,0,0,0,0,600806,0,0,1032,264192,136,0,0,0,0,0,5241,0,0,0,0,0,0,0,0,1032,1032,0,124416,0,365472,264192,0,553,0,136,284,0,0,0,0,6144
302,0,1,0,0,0,0,0,300403,5241,0,0,0,1709,0,0,0,0,0,0,0,0,0,0,0,0,0,0,0,26,0,62464,0,123933,0,0,172,280,383,2966,0,0,1536,0,0
302,0,2,0,0,0,0,0,300403,0,0,0,0,276,1536,0,0,0,0,0,0,0,0,0,0,0,0,0,0,0,0,0,0,62464,64503,0,246,331,426,511,0,0,1536,0,1536
302,0,3,0,0,0,0,0,300403,0,0,0,0,259,1536,0,0,0,0,0,0,0,0,0,0,0,0,0,0,0,0,0,0,0,64511,0,98,90,0,375,0,0,0,0,1536
302,0,4,0,0,0,0,0,300403,0,0,0,0,260,1536,0,0,0,0,0,0,0,0,0,0,0,0,0,0,0,0,0,0,0,64511,0,87,0,89,387,1536,0,0,0,1536
302,0,5,0,0,0,0,0,300403,0,0,0,0,257,1536,0,0,0,0,0,0,0,0,0,0,0,0,0,0,0,0,0,0,0,64511,780,150,0,2,488,0,0,0,0,1536
302,0,6,0,0,0,0,0,300403,0,0,0,0,47,0,0,0,0,0,0,0,0,0,0,0,0,0,0,0,0,0,0,0,0,0,0,43,98,0,52,0,0,0,0,0
302,0,7,0,0,0,0,0,300403,0,0,0,0,53,0,0,0,0,0,0,0,0,0,0,0,0,0,0,0,0,0,0,0,0,0,0,101,39,0,140,0,0,0,0,0
302,0,8,0,0,0,0,0,300403,0,0,0,0,53,0,0,0,0,0,0,0,0,0,0,0,0,0,0,0,0,0,0,0,0,0,0,52,0,39,110,0,0,0,0,0
302,0,9,0,0,0,0,0,300403,0,0,0,0,47,0,0,0,0,0,0,0,0,0,0,0,0,0,0,0,0,0,0,0,0,0,380,40,0,0,53,0,0,0,0,0
302,0,10,0,0,0,0,0,300403,0,0,0,0,53,0,0,0,0,0,0,0,0,0,0,0,0,0,0,0,0,0,0,0,0,0,0,82,86,0,124,0,0,0,0,0
302,0,11,0,0,0,0,0,300403,0,0,0,0,47,0,0,0,0,0,0,0,0,0,0,0,0,0,0,0,0,0,0,0,0,0,0,41,45,0,4294967187,0,0,0,0,0
302,0,12,0,0,0,0,0,300403,0,0,0,0,47,0,0,0,0,0,0,0,0,0,0,0,0,0,0,0,0,0,0,0,0,0,0,0,0,45,93,0,0,0,0,0
302,0,13,0,0,0,0,0,300403,0,0,0,0,53,0,0,0,0,0,0,0,0,0,0,0,0,0,0,0,0,0,0,0,0,0,172,0,0,0,111,0,0,0,0,0
302,0,14,0,0,0,0,0,300403,0,0,0,0,47,0,0,0,0,0,0,0,0,0,0,0,0,0,0,0,0,0,0,0,0,0,0,0,86,0,63,0,0,0,0,0
302,0,15,0,0,0,0,0,300403,0,0,0,0,41,0,0,0,0,0,0,0,0,0,0,0,0,0,0,0,0,0,0,0,0,0,0,0,39,0,90,0,0,0,0,0
303,0,0,0,0,0,0,0,600695,0,0,1032,264192,136,0,0,0,0,0,5244,0,0,0,0,0,0,0,0,1032,1032,0,124416,0,365483,264192,0,553,0,136,284,0,0,0,0,6144
303,0,1,0,0,0,0,0,300348,5244,0,0,0,1694,0,0,0,0,0,0,0,0,0,0,0,0,0,0,0,34,0,62464,0,123944,0,0,186,285,379,2898,0,0,1536,0,0
303,0,2,0,0,0,0,0,300348,0,0,0,0,242,1536,0,0,0,0,0,0,0,0,0,0,0,0,0,0,0,0,0,0,62464,64498,0,250,353,423,480,0,0,1536,0,1536
303,0,3,0,0,0,0,0,300348,0,0,0,0,246,1536,0,0,0,0,0,0,0,0,0,0,0,0,0,0,0,0,0,0,0,64511,0,101,102,0,363,0,0,0,0,1536
303,0,4,0,0,0,0,0,300348,0,0,0,0,264,1536,0,0,0,0,0,0,0,0,0,0,0,0,0,0,0,0,0,0,0,64511,0,87,0,85,394,1536,0,0,0,1536
303,0,5,0,0,0,0,0,300348,0,0,0,0,233,1536,0,0,0,0,0,0,0,0,0,0,0,0,0,0,0,0,0,0,0,64511,811,150,0,2,450,0,0,0,0,1536
303,0,6,0,0,0,0,0,300348,0,0,0,0,50,0,0,0,0,0,0,0,0,0,0,0,0,0,0,0,0,0,0,0,0,0,0,39,95,0,55,0,0,0,0,0
303,0,7,0,0,0,0,0,300348,0,0,0,0,53,0,0,0,0,0,0,0,0,0,0,0,0,0,0,0,0,0,0,0,0,0,0,100,39,0,138,0,0,0,0,0
303,0,8,0,0,0,0,0,300348,0,0,0,0,56,0,0,0,0,0,0,0,0,0,0,0,0,0,0,0,0,0,0,0,0,0,0,52,0,36,113,0,0,0,0,0
303,0,9,0,0,0,0,0,300348,0,0,0,0,50,0,0,0,0,0,0,0,0,0,0,0,0,0,0,0,0,0,0,0,0,0,380,40,0,0,56,0,0,0,0,0
303,0,10,0,0,0,0,0,300348,0,0,0,0,56,0,0,0,0,0,0,0,0,0,0,0,0,0,0,0,0,0,0,0,0,0,0,86,86,0,127,0,0,0,0,0
303,0,11,0,0,0,0,0,300348,0,0,0,0,50,0,0,0,0,0,0,0,0,0,0,0,0,0,0,0,0,0,0,0,0,0,0,42,42,0,102,0,0,0,0,0
303,0,12,0,0,0,0,0,300348,0,0,0,0,50,0,0,0,0,0,0,0,0,0,0,0,0,0,0,0,0,0,0,0,0,0,0,0,0,42,96,0,0,0,0,0
303,0,13,0,0,0,0,0,300348,0,0,0,0,56,0,0,0,0,0,0,0,0,0,0,0,0,0,0,0,0,0,0,0,0,0,172,0,0,0,114,0,0,0,0,0
303,0,14,0,0,0,0,0,300348,0,0,0,0,50,0,0,0,0,0,0,0,0,0,0,0,0,0,0,0,0,0,0,0,0,0,0,0,86,0,62,0,0,0,0,0
303,0,15,0,0,0,0,0,300348,0,0,0,0,44,0,0,0,0,0,0,0,0,0,0,0,0,0,0,0,0,0,0,0,0,0,0,0,36,0,92,0,0,0,0,0
304,0,0,0,0,0,0,0,845815,0,0,1416,396288,136,0,0,0,0,0,5832,0,0,0,0,0,0,0,0,1416,1416,0,124370,0,606974,396288,0,531,0,136,284,0,0,0,0,9216
304,0,1,0,0,0,0,0,422908,5832,0,0,0,2078,0,0,0,0,0,0,0,0,0,0,0,0,0,0,0,661,0,62444,0,245209,0,0,139,243,470,3495,0,0,1536,0,0
304,0,2,0,0,0,0,0,422908,0,0,0,0,206,1536,0,0,0,0,0,0,0,0,0,0,0,0,0,0,0,0,62438,0,122708,64409,0,393,331,624,440,0,0,1536,0,1536
304,0,3,0,0,0,0,0,422908,0,0,0,0,211,1536,0,0,0,0,0,0,0,0,0,0,0,0,0,0,0,0,61807,0,0,64359,0,166,115,0,277,0,0,0,0,1536
304,0,4,0,0,0,0,0,422908,0,0,0,0,217,1536,0,0,0,0,0,0,0,0,0,0,0,0,0,0,0,0,0,0,0,64506,0,87,0,110,306,3072,0,0,0,1536
304,0,5,0,0,0,0,0,422908,0,0,0,0,207,1536,0,0,0,0,0,0,0,0,0,0,0,0,0,0,0,0,0,0,0,64330,1000,150,0,1,449,0,0,1536,0,1536
304,0,6,0,0,0,0,0,422908,0,0,0,0,206,1536,0,0,0,0,0,0,0,0,0,0,0,0,0,0,0,0,0,0,0,64411,0,43,332,1,301,0,0,1536,0,1536
304,0,7,0,0,0,0,0,422908,0,0,0,0,211,1536,0,0,0,0,0,0,0,0,0,0,0,0,0,0,0,0,0,0,0,64384,0,102,115,0,467,0,0,0,0,1536
304,0,8,0,0,0,0,0,422908,0,0,0,0,53,0,0,0,0,0,0,0,0,0,0,0,0,0,0,0,0,0,0,0,0,0,0,52,0,39,110,0,0,0,0,0
304,0,9,0,0,0,0,0,422908,0,0,0,0,47,0,0,0,0,0,0,0,0,0,0,0,0,0,0,0,0,0,0,0,0,0,380,40,0,0,53,0,0,0,0,0
304,0,10,0,0,0,0,0,422908,0,0,0,0,53,0,0,0,0,0,0,0,0,0,0,0,0,0,0,0,0,0,0,0,0,0,0,82,86,0,124,0,0,0,0,0
304,0,11,0,0,0,0,0,422908,0,0,0,0,47,0,0,0,0,0,0,0,0,0,0,0,0,0,0,0,0,0,0,0,0,0,0,42,45,0,131,0,0,0,0,0
304,0,12,0,0,0,0,0,422908,0,0,0,0,47,0,0,0,0,0,0,0,0,0,0,0,0,0,0,0,0,0,0,0,0,0,0,0,0,45,93,0,0,0,0,0
304,0,13,0,0,0,0,0,422908,0,0,0,0,53,0,0,0,0,0,0,0,0,0,0,0,0,0,0,0,0,0,0,0,0,0,172,0,0,0,111,0,0,0,0,0
304,0,14,0,0,0,0,0,422908,0,0,0,0,47,0,0,0,0,0,0,0,0,0,0,0,0,0,0,0,0,0,0,0,0,0,0,0,86,0,63,0,0,0,0,0
304,0,15,0,0,0,0,0,422908,0,0,0,0,41,0,0,0,0,0,0,0,0,0,0,0,0,0,0,0,0,0,0,0,0,0,0,0,39,0,91,0,0,0,0,0
305,0,0,0,0,0,0,0,845377,0,0,1416,396288,136,0,0,0,0,0,5829,0,0,0,0,0,0,0,0,1416,1416,0,124363,0,607027,396288,0,531,0,136,284,0,0,0,0,9216
305,0,1,0,0,0,0,0,422688,5829,0,0,0,2065,0,0,0,0,0,0,0,0,0,0,0,0,0,0,0,662,0,62434,0,245236,0,0,138,252,475,3481,0,0,1536,0,0
305,0,2,0,0,0,0,0,422688,0,0,0,0,205,1536,0,0,0,0,0,0,0,0,0,0,0,0,0,0,0,0,62451,0,122766,64409,0,384,335,638,428,0,0,1536,0,1536
305,0,3,0,0,0,0,0,422688,0,0,0,0,213,1536,0,0,0,0,0,0,0,0,0,0,0,0,0,0,0,0,61849,0,0,64356,0,155,113,0,276,0,0,0,0,1536
305,0,4,0,0,0,0,0,422688,0,0,0,0,203,1536,0,0,0,0,0,0,0,0,0,0,0,0,0,0,0,0,0,0,0,64503,0,87,0,124,300,3072,0,0,0,1536
305,0,5,0,0,0,0,0,422688,0,0,0,0,203,1536,0,0,0,0,0,0,0,0,0,0,0,0,0,0,0,0,0,0,0,64323,997,150,0,0,446,0,0,1536,0,1536
305,0,6,0,0,0,0,0,422688,0,0,0,0,205,1536,0,0,0,0,0,0,0,0,0,0,0,0,0,0,0,0,0,0,0,64399,0,43,326,3,309,0,0,1536,0,1536
305,0,7,0,0,0,0,0,422688,0,0,0,0,206,1536,0,0,0,0,0,0,0,0,0,0,0,0,0,0,0,0,0,0,0,64415,0,98,121,0,474,0,0,0,0,1536
305,0,8,0,0,0,0,0,422688,0,0,0,0,53,0,0,0,0,0,0,0,0,0,0,0,0,0,0,0,0,0,0,0,0,0,0,52,0,39,110,0,0,0,0,0
305,0,9,0,0,0,0,0,422688,0,0,0,0,47,0,0,0,0,0,0,0,0,0,0,0,0,0,0,0,0,0,0,0,0,0,380,40,0,0,53,0,0,0,0,0
305,0,10,0,0,0,0,0,422688,0,0,0,0,53,0,0,0,0,0,0,0,0,0,0,0,0,0,0,0,0,0,0,0,0,0,0,82,86,0,124,0,0,0,0,0
305,0,11,0,0,0,0,0,422688,0,0,0,0,47,0,0,0,0,0,0,0,0,0,0,0,0,0,0,0,0,0,0,0,0,0,0,46,45,0,131,0,0,0,0,0
305,0,12,0,0,0,0,0,422688,0,0,0,0,47,0,0,0,0,0,0,0,0,0,0,0,0,0,0,0,0,0,0,0,0,0,0,0,0,45,93,0,0,0,0,0
305,0,13,0,0,0,0,0,422688,0,0,0,0,53,0,0,0,0,0,0,0,0,0,0,0,0,0,0,0,0,0,0,0,0,0,172,0,0,0,111,0,0,0,0,0
305,0,14,0,0,0,0,0,422688,0,0,0,0,47,0,0,0,0,0,0,0,0,0,0,0,0,0,0,0,0,0,0,0,0,0,0,0,86,0,63,0,0,0,0,0
305,0,15,0,0,0,0,0,422688,0,0,0,0,41,0,0,0,0,0,0,0,0,0,0,0,0,0,0,0,0,0,0,0,0,0,0,0,39,0,87,0,0,0,0,0
306,0,0,0,0,0,0,0,845227,0,0,1416,396288,136,0,0,0,0,0,5829,0,0,0,0,0,0,0,0,1416,1416,0,124363,0,606951,396288,0,531,0,136,284,0,0,0,0,9216
306,0,1,0,0,0,0,0,422613,5829,0,0,0,2076,0,0,0,0,0,0,0,0,0,0,0,0,0,0,0,688,0,62441,0,245193,0,0,146,248,460,3479,0,0,1536,0,0
306,0,2,0,0,0,0,0,422613,0,0,0,0,198,1536,0,0,0,0,0,0,0,0,0,0,0,0,0,0,0,0,62446,0,122716,64398,0,396,329,635,428,0,0,1536,0,1536
306,0,3,0,0,0,0,0,422613,0,0,0,0,202,1536,0,0,0,0,0,0,0,0,0,0,0,0,0,0,0,0,61809,0,0,64358,0,157,125,0,265,0,0,0,0,1536
306,0,4,0,0,0,0,0,422613,0,0,0,0,216,1536,0,0,0,0,0,0,0,0,0,0,0,0,0,0,0,0,0,0,0,64503,0,87,0,111,309,3072,0,0,0,1536
306,0,5,0,0,0,0,0,422613,0,0,0,0,204,1536,0,0,0,0,0,0,0,0,0,0,0,0,0,0,0,0,0,0,0,64330,1016,150,0,0,439,0,0,1536,0,1536
306,0,6,0,0,0,0,0,422613,0,0,0,0,218,1536,0,0,0,0,0,0,0,0,0,0,0,0,0,0,0,0,0,0,0,64406,0,39,319,3,314,0,0,1536,0,1536
306,0,7,0,0,0,0,0,422613,0,0,0,0,212,1536,0,0,0,0,0,0,0,0,0,0,0,0,0,0,0,0,0,0,0,64399,0,100,115,0,476,0,0,0,0,1536
306,0,8,0,0,0,0,0,422613,0,0,0,0,56,0,0,0,0,0,0,0,0,0,0,0,0,0,0,0,0,0,0,0,0,0,0,52,0,36,113,0,0,0,0,0
306,0,9,0,0,0,0,0,422613,0,0,0,0,50,0,0,0,0,0,0,0,0,0,0,0,0,0,0,0,0,0,0,0,0,0,380,40,0,0,56,0,0,0,0,0
306,0,10,0,0,0,0,0,422613,0,0,0,0,56,0,0,0,0,0,0,0,0,0,0,0,0,0,0,0,0,0,0,0,0,0,0,86,86,0,127,0,0,0,0,0
306,0,11,0,0,0,0,0,422613,0,0,0,0,50,0,0,0,0,0,0,0,0,0,0,0,0,0,0,0,0,0,0,0,0,0,0,44,42,0,118,0,0,0,0,0
306,0,12,0,0,0,0,0,422613,0,0,0,0,50,0,0,0,0,0,0,0,0,0,0,0,0,0,0,0,0,0,0,0,0,0,0,0,0,42,96,0,0,0,0,0
306,0,13,0,0,0,0,0,422613,0,0,0,0,56,0,0,0,0,0,0,0,0,0,0,0,0,0,0,0,0,0,0,0,0,0,172,0,0,0,114,0,0,0,0,0
306,0,14,0,0,0,0,0,422613,0,0,0,0,50,0,0,0,0,0,0,0,0,0,0,0,0,0,0,0,0,0,0,0,0,0,0,0,86,0,62,0,0,0,0,0
306,0,15,0,0,0,0,0,422613,0,0,0,0,44,0,0,0,0,0,0,0,0,0,0,0,0,0,0,0,0,0,0,0,0,0,0,0,36,0,92,0,0,0,0,0
307,0,0,0,0,0,0,0,1090253,0,0,1920,528384,136,0,0,0,0,0,6600,0,0,0,0,0,0,0,0,1920,1920,0,247151,0,723062,528384,0,776,0,136,284,0,0,0,0,12288
307,0,1,0,0,0,0,0,545126,6600,0,0,0,2442,0,0,0,0,0,0,0,0,0,0,0,0,0,0,0,892,0,122032,0,243782,0,0,215,333,446,4137,0,0,1536,0,0
307,0,2,0,0,0,0,0,545126,0,0,0,0,199,1536,0,0,0,0,0,0,0,0,0,0,0,0,0,0,0,0,62457,0,122303,64345,0,427,335,613,450,0,0,1536,0,1536
307,0,3,0,0,0,0,0,545126,0,0,0,0,204,1536,0,0,0,0,0,0,0,0,0,0,0,0,0,0,0,0,61879,0,0,64511,0,159,126,0,296,0,0,0,0,1536
307,0,4,0,0,0,0,0,545126,0,0,0,0,201,1536,0,0,0,0,0,0,0,0,0,0,0,0,0,0,0,0,62268,0,0,64477,0,167,0,130,299,4608,0,0,0,1536
307,0,5,0,0,0,0,0,545126,0,0,0,0,212,1536,0,0,0,0,0,0,0,0,0,0,0,0,0,0,0,0,62442,0,0,64511,1218,318,0,1,455,0,0,1536,0,1536
307,0,6,0,0,0,0,0,545126,0,0,0,0,205,1536,0,0,0,0,0,0,0,0,0,0,0,0,0,0,0,0,0,0,0,64425,0,43,337,1,270,0,0,1536,0,1536
307,0,7,0,0,0,0,0,545126,0,0,0,0,212,1536,0,0,0,0,0,0,0,0,0,0,0,0,0,0,0,0,0,0,0,64441,0,101,119,0,479,0,0,0,0,1536
307,0,8,0,0,0,0,0,545126,0,0,0,0,220,1536,0,0,0,0,0,0,0,0,0,0,0,0,0,0,0,0,0,0,0,64307,0,52,0,111,438,1536,0,0,0,1536
307,0,9,0,0,0,0,0,545126,0,0,0,0,208,1536,0,0,0,0,0,0,0,0,0,0,0,0,0,0,0,0,0,0,0,64325,624,40,0,1,287,0,0,0,0,1536
307,0,10,0,0,0,0,0,545126,0,0,0,0,53,0,0,0,0,0,0,0,0,0,0,0,0,0,0,0,0,0,0,0,0,0,0,82,86,1,124,0,0,0,0,0
307,0,11,0,0,0,0,0,545126,0,0,0,0,47,0,0,0,0,0,0,0,0,0,0,0,0,0,0,0,0,0,0,0,0,0,0,44,45,0,131,0,0,0,0,0
307,0,12,0,0,0,0,0,545126,0,0,0,0,47,0,0,0,0,0,0,0,0,0,0,0,0,0,0,0,0,0,0,0,0,0,0,0,0,45,93,0,0,0,0,0
307,0,13,0,0,0,0,0,545126,0,0,0,0,53,0,0,0,0,0,0,0,0,0,0,0,0,0,0,0,0,0,0,0,0,0,172,0,0,0,111,0,0,0,0,0
307,0,14,0,0,0,0,0,545126,0,0,0,0,47,0,0,0,0,0,0,0,0,0,0,0,0,0,0,0,0,0,0,0,0,0,0,0,86,0,63,0,0,0,0,0
307,0,15,0,0,0,0,0,545126,0,0,0,0,41,0,0,0,0,0,0,0,0,0,0,0,0,0,0,0,0,0,0,0,0,0,0,0,39,0,91,0,0,0,0,0
308,0,0,0,0,0,0,0,1089712,0,0,1920,528384,136,0,0,0,0,0,6600,0,0,0,0,0,0,0,0,1920,1920,0,247095,0,722966,528384,0,776,0,136,284,0,0,0,0,12288
308,0,1,0,0,0,0,0,544856,6600,0,0,0,2437,0,0,0,0,0,0,0,0,0,0,0,0,0,0,0,940,0,122023,0,243762,0,0,210,330,459,4134,0,0,1536,0,0
308,0,2,0,0,0,0,0,544856,0,0,0,0,213,1536,0,0,0,0,0,0,0,0,0,0,0,0,0,0,0,0,62456,0,122306,64343,0,424,322,611,455,0,0,1536,0,1536
308,0,3,0,0,0,0,0,544856,0,0,0,0,205,1536,0,0,0,0,0,0,0,0,0,0,0,0,0,0,0,0,61879,0,0,64511,0,157,126,0,300,0,0,0,0,1536
308,0,4,0,0,0,0,0,544856,0,0,0,0,207,1536,0,0,0,0,0,0,0,0,0,0,0,0,0,0,0,0,62259,0,0,64478,0,165,0,124,304,4608,0,0,0,1536
308,0,5,0,0,0,0,0,544856,0,0,0,0,203,1536,0,0,0,0,0,0,0,0,0,0,0,0,0,0,0,0,62447,0,0,64496,1229,315,0,2,454,0,0,1536,0,1536
308,0,6,0,0,0,0,0,544856,0,0,0,0,205,1536,0,0,0,0,0,0,0,0,0,0,0,0,0,0,0,0,0,0,0,64422,0,43,338,0,273,0,0,1536,0,1536
308,0,7,0,0,0,0,0,544856,0,0,0,0,212,1536,0,0,0,0,0,0,0,0,0,0,0,0,0,0,0,0,0,0,0,64445,0,103,118,0,481,0,0,0,0,1536
308,0,8,0,0,0,0,0,544856,0,0,0,0,220,1536,0,0,0,0,0,0,0,0,0,0,0,0,0,0,0,0,0,0,0,64309,0,52,0,111,440,1536,0,0,0,1536
308,0,9,0,0,0,0,0,544856,0,0,0,0,206,1536,0,0,0,0,0,0,0,0,0,0,0,0,0,0,0,0,0,0,0,64335,626,40,0,1,288,0,0,0,0,1536
308,0,10,0,0,0,0,0,544856,0,0,0,0,53,0,0,0,0,0,0,0,0,0,0,0,0,0,0,0,0,0,0,0,0,0,0,82,86,1,124,0,0,0,0,0
308,0,11,0,0,0,0,0,544856,0,0,0,0,47,0,0,0,0,0,0,0,0,0,0,0,0,0,0,0,0,0,0,0,0,0,0,42,45,0,131,0,0,0,0,0
308,0,12,0,0,0,0,0,544856,0,0,0,0,47,0,0,0,0,0,0,0,0,0,0,0,0,0,0,0,0,0,0,0,0,0,0,0,0,45,93,0,0,0,0,0
308,0,13,0,0,0,0,0,544856,0,0,0,0,53,0,0,0,0,0,0,0,0,0,0,0,0,0,0,0,0,0,0,0,0,0,172,0,0,0,111,0,0,0,0,0
308,0,14,0,0,0,0,0,544856,0,0,0,0,47,0,0,0,0,0,0,0,0,0,0,0,0,0,0,0,0,0,0,0,0,0,0,0,86,0,63,0,0,0,0,0
308,0,15,0,0,0,0,0,544856,0,0,0,0,41,0,0,0,0,0,0,0,0,0,0,0,0,0,0,0,0,0,0,0,0,0,0,0,39,0,93,0,0,0,0,0
309,0,0,0,0,0,0,0,1089761,0,0,1918,528384,136,0,0,0,0,0,6597,0,0,0,0,0,0,0,0,1918,1918,0,247186,0,723064,528384,0,776,0,136,284,0,0,0,0,12288
309,0,1,0,0,0,0,0,544881,6597,0,0,0,2444,0,0,0,0,0,0,0,0,0,0,0,0,0,0,0,900,0,121999,0,243795,0,0,214,328,448,4130,0,0,1536,0,0
309,0,2,0,0,0,0,0,544881,0,0,0,0,201,1536,0,0,0,0,0,0,0,0,0,0,0,0,0,0,0,0,62464,0,122294,64351,0,426,338,612,449,0,0,1536,0,1536
309,0,3,0,0,0,0,0,544881,0,0,0,0,210,1536,0,0,0,0,0,0,0,0,0,0,0,0,0,0,0,0,61869,0,0,64511,0,164,120,0,298,0,0,0,0,1536
309,0,4,0,0,0,0,0,544881,0,0,0,0,212,1536,0,0,0,0,0,0,0,0,0,0,0,0,0,0,0,0,62272,0,0,64484,0,168,0,119,304,4608,0,0,0,1536
309,0,5,0,0,0,0,0,544881,0,0,0,0,208,1536,0,0,0,0,0,0,0,0,0,0,0,0,0,0,0,0,62424,0,0,64505,1222,315,0,1,455,0,0,1536,0,1536
309,0,6,0,0,0,0,0,544881,0,0,0,0,197,1536,0,0,0,0,0,0,0,0,0,0,0,0,0,0,0,0,0,0,0,64423,0,43,346,2,263,0,0,1536,0,1536
309,0,7,0,0,0,0,0,544881,0,0,0,0,214,1536,0,0,0,0,0,0,0,0,0,0,0,0,0,0,0,0,0,0,0,64437,0,99,117,0,477,0,0,0,0,1536
309,0,8,0,0,0,0,0,544881,0,0,0,0,216,1536,0,0,0,0,0,0,0,0,0,0,0,0,0,0,0,0,0,0,0,64315,0,52,0,115,433,1536,0,0,0,1536
309,0,9,0,0,0,0,0,544881,0,0,0,0,202,1536,0,0,0,0,0,0,0,0,0,0,0,0,0,0,0,0,0,0,0,64319,626,40,0,1,284,0,0,0,0,1536
309,0,10,0,0,0,0,0,544881,0,0,0,0,53,0,0,0,0,0,0,0,0,0,0,0,0,0,0,0,0,0,0,0,0,0,0,82,86,1,124,0,0,0,0,0
309,0,11,0,0,0,0,0,544881,0,0,0,0,47,0,0,0,0,0,0,0,0,0,0,0,0,0,0,0,0,0,0,0,0,0,0,46,45,0,131,0,0,0,0,0
309,0,12,0,0,0,0,0,544881,0,0,0,0,47,0,0,0,0,0,0,0,0,0,0,0,0,0,0,0,0,0,0,0,0,0,0,0,0,45,93,0,0,0,0,0
309,0,13,0,0,0,0,0,544881,0,0,0,0,53,0,0,0,0,0,0,0,0,0,0,0,0,0,0,0,0,0,0,0,0,0,172,0,0,0,111,0,0,0,0,0
309,0,14,0,0,0,0,0,544881,0,0,0,0,47,0,0,0,0,0,0,0,0,0,0,0,0,0,0,0,0,0,0,0,0,0,0,0,86,0,63,0,0,0,0,0
309,0,15,0,0,0,0,0,544881,0,0,0,0,41,0,0,0,0,0,0,0,0,0,0,0,0,0,0,0,0,0,0,0,0,0,0,0,39,0,89,0,0,0,0,0
310,0,0,0,0,0,0,0,1349807,0,0,2072,660480,136,0,0,0,0,0,6840,0,0,0,0,0,0,0,0,2072,2072,0,248801,0,960855,660480,0,710,0,136,284,0,0,0,0,180767
310,0,1,0,0,0,0,0,674903,6840,0,0,0,2621,0,0,0,0,0,0,0,0,0,0,0,0,0,0,0,601,0,122370,0,363597,0,0,122,347,500,4384,0,0,1536,0,0
310,0,2,0,0,0,0,0,674903,0,0,0,0,199,1536,0,0,0,0,0,0,0,0,0,0,0,0,0,0,0,0,122843,0,182639,64508,0,489,294,832,399,0,0,1536,0,1536
310,0,3,0,0,0,0,0,674903,0,0,0,0,198,1536,0,0,0,0,0,0,0,0,0,0,0,0,0,0,0,0,121925,0,0,64511,0,138,99,0,232,0,0,0,0,1536
310,0,4,0,0,0,0,0,674903,0,0,0,0,199,1536,0,0,0,0,0,0,0,0,0,0,0,0,0,0,0,0,62462,0,0,64511,0,174,0,98,305,6144,0,0,0,1536
310,0,5,0,0,0,0,0,674903,0,0,0,0,202,1536,0,0,0,0,0,0,0,0,0,0,0,0,0,0,0,0,62458,0,0,64511,1339,330,0,0,462,0,0,1536,0,1536
310,0,6,0,0,0,0,0,674903,0,0,0,0,203,1536,0,0,0,0,0,0,0,0,0,0,0,0,0,0,0,0,61524,0,0,64510,0,130,302,2,296,0,0,1536,0,1536
310,0,7,0,0,0,0,0,674903,0,0,0,0,206,1536,0,0,0,0,0,0,0,0,0,0,0,0,0,0,0,0,62350,0,0,64508,0,282,92,0,488,0,0,0,0,1536
310,0,8,0,0,0,0,0,674903,0,0,0,0,209,1536,0,0,0,0,0,0,0,0,0,0,0,0,0,0,0,0,0,0,0,64511,0,52,0,90,388,3072,0,0,0,1536
310,0,9,0,0,0,0,0,674903,0,0,0,0,198,1536,0,0,0,0,0,0,0,0,0,0,0,0,0,0,0,0,0,0,0,64511,797,40,0,1,233,0,0,1536,0,1536
310,0,10,0,0,0,0,0,674903,0,0,0,0,205,1536,0,0,0,0,0,0,0,0,0,0,0,0,0,0,0,0,0,0,0,64475,0,82,290,2,398,0,0,1536,0,1536
310,0,11,0,0,0,0,0,674903,0,0,0,0,198,1536,0,0,0,0,0,0,0,0,0,0,0,0,0,0,0,0,0,0,0,64073,0,43,99,0,494,0,0,0,0,1536
310,0,12,0,0,0,0,0,674903,0,0,0,0,47,0,0,0,0,0,0,0,0,0,0,0,0,0,0,0,0,0,0,0,0,0,0,0,0,45,93,0,0,0,0,0
310,0,13,0,0,0,0,0,674903,0,0,0,0,53,0,0,0,0,0,0,0,0,0,0,0,0,0,0,0,0,0,0,0,0,0,172,0,0,0,111,0,0,0,0,0
310,0,14,0,0,0,0,0,674903,0,0,0,0,47,0,0,0,0,0,0,0,0,0,0,0,0,0,0,0,0,0,0,0,0,0,0,0,86,0,63,0,0,0,0,0
310,0,15,0,0,0,0,0,674903,0,0,0,0,41,0,0,0,0,0,0,0,0,0,0,0,0,0,0,0,0,0,0,0,0,0,0,0,39,0,94,0,0,0,0,0
311,0,0,0,0,0,0,0,1350217,0,0,2072,660480,136,0,0,0,0,0,6837,0,0,0,0,0,0,0,0,2072,2072,0,248801,0,960847,660480,0,710,0,136,284,0,0,0,0,181186
311,0,1,0,0,0,0,0,675109,6837,0,0,0,2611,0,0,0,0,0,0,0,0,0,0,0,0,0,0,0,594,0,122369,0,363591,0,0,119,351,509,4368,0,0,1536,0,0
311,0,2,0,0,0,0,0,675109,0,0,0,0,200,1536,0,0,0,0,0,0,0,0,0,0,0,0,0,0,0,0,122842,0,182659,64509,0,483,297,832,396,0,0,1536,0,1536
311,0,3,0,0,0,0,0,675109,0,0,0,0,201,1536,0,0,0,0,0,0,0,0,0,0,0,0,0,0,0,0,121916,0,0,64511,0,138,96,0,235,0,0,0,0,1536
311,0,4,0,0,0,0,0,675109,0,0,0,0,199,1536,0,0,0,0,0,0,0,0,0,0,0,0,0,0,0,0,62463,0,0,64512,0,176,0,98,307,6144,0,0,0,1536
311,0,5,0,0,0,0,0,675109,0,0,0,0,201,1536,0,0,0,0,0,0,0,0,0,0,0,0,0,0,0,0,62458,0,0,64511,1342,334,0,1,460,0,0,1536,0,1536
311,0,6,0,0,0,0,0,675109,0,0,0,0,201,1536,0,0,0,0,0,0,0,0,0,0,0,0,0,0,0,0,61528,0,0,64510,0,134,306,1,296,0,0,1536,0,1536
311,0,7,0,0,0,0,0,675109,0,0,0,0,208,1536,0,0,0,0,0,0,0,0,0,0,0,0,0,0,0,0,62369,0,0,64509,0,283,90,0,490,0,0,0,0,1536
311,0,8,0,0,0,0,0,675109,0,0,0,0,206,1536,0,0,0,0,0,0,0,0,0,0,0,0,0,0,0,0,0,0,0,64511,0,52,0,93,383,3072,0,0,0,1536
311,0,9,0,0,0,0,0,675109,0,0,0,0,201,1536,0,0,0,0,0,0,0,0,0,0,0,0,0,0,0,0,0,0,0,64511,790,40,0,1,232,0,0,1536,0,1536
311,0,10,0,0,0,0,0,675109,0,0,0,0,208,1536,0,0,0,0,0,0,0,0,0,0,0,0,0,0,0,0,0,0,0,64474,0,82,291,1,397,0,0,1536,0,1536
311,0,11,0,0,0,0,0,675109,0,0,0,0,200,1536,0,0,0,0,0,0,0,0,0,0,0,0,0,0,0,0,0,0,0,64064,0,45,96,0,513,0,0,0,0,1536
311,0,12,0,0,0,0,0,675109,0,0,0,0,47,0,0,0,0,0,0,0,0,0,0,0,0,0,0,0,0,0,0,0,0,0,0,0,0,45,93,0,0,0,0,0
311,0,13,0,0,0,0,0,675109,0,0,0,0,53,0,0,0,0,0,0,0,0,0,0,0,0,0,0,0,0,0,0,0,0,0,172,0,0,0,111,0,0,0,0,0
311,0,14,0,0,0,0,0,675109,0,0,0,0,47,0,0,0,0,0,0,0,0,0,0,0,0,0,0,0,0,0,0,0,0,0,0,0,86,0,63,0,0,0,0,0
311,0,15,0,0,0,0,0,675109,0,0,0,0,41,0,0,0,0,0,0,0,0,0,0,0,0,0,0,0,0,0,0,0,0,0,0,0,39,0,92,0,0,0,0,0
312,0,0,0,0,0,0,0,1350373,0,0,2072,660480,136,0,0,0,0,0,6837,0,0,0,0,0,0,0,0,2072,2072,0,248801,0,960803,660480,0,710,0,136,284,0,0,0,0,181403
312,0,1,0,0,0,0,0,675187,6837,0,0,0,2607,0,0,0,0,0,0,0,0,0,0,0,0,0,0,0,588,0,122370,0,363575,0,0,257,214,512,4366,0,0,1536,0,0
312,0,2,0,0,0,0,0,675187,0,0,0,0,202,1536,0,0,0,0,0,0,0,0,0,0,0,0,0,0,0,0,122854,0,182641,64508,0,619,295,631,460,0,0,1536,0,1536
312,0,3,0,0,0,0,0,675187,0,0,0,0,200,1536,0,0,0,0,0,0,0,0,0,0,0,0,0,0,0,0,121925,0,0,64511,0,278,96,0,296,0,0,0,0,1536
312,0,4,0,0,0,0,0,675187,0,0,0,0,200,1536,0,0,0,0,0,0,0,0,0,0,0,0,0,0,0,0,62463,0,0,64512,0,115,0,97,232,6144,0,0,0,1536
312,0,5,0,0,0,0,0,675187,0,0,0,0,202,1536,0,0,0,0,0,0,0,0,0,0,0,0,0,0,0,0,62458,0,0,64511,1342,269,0,2,388,0,0,1536,0,1536
312,0,6,0,0,0,0,0,675187,0,0,0,0,201,1536,0,0,0,0,0,0,0,0,0,0,0,0,0,0,0,0,61501,0,0,64510,0,71,305,1,223,0,0,1536,0,1536
312,0,7,0,0,0,0,0,675187,0,0,0,0,208,1536,0,0,0,0,0,0,0,0,0,0,0,0,0,0,0,0,62352,0,0,64508,0,219,90,0,414,0,0,0,0,1536
312,0,8,0,0,0,0,0,675187,0,0,0,0,205,1536,0,0,0,0,0,0,0,0,0,0,0,0,0,0,0,0,0,0,0,64511,0,52,0,94,443,3072,0,0,0,1536
312,0,9,0,0,0,0,0,675187,0,0,0,0,201,1536,0,0,0,0,0,0,0,0,0,0,0,0,0,0,0,0,0,0,0,64511,790,40,0,1,297,0,0,1536,0,1536
312,0,10,0,0,0,0,0,675187,0,0,0,0,208,1536,0,0,0,0,0,0,0,0,0,0,0,0,0,0,0,0,0,0,0,64486,0,82,290,1,460,0,0,1536,0,1536
312,0,11,0,0,0,0,0,675187,0,0,0,0,199,1536,0,0,0,0,0,0,0,0,0,0,0,0,0,0,0,0,0,0,0,64073,0,46,97,0,513,0,0,0,0,1536
312,0,12,0,0,0,0,0,675187,0,0,0,0,47,0,0,0,0,0,0,0,0,0,0,0,0,0,0,0,0,0,0,0,0,0,0,0,0,45,93,0,0,0,0,0
312,0,13,0,0,0,0,0,675187,0,0,0,0,53,0,0,0,0,0,0,0,0,0,0,0,0,0,0,0,0,0,0,0,0,0,172,0,0,0,111,0,0,0,0,0
312,0,14,0,0,0,0,0,675187,0,0,0,0,47,0,0,0,0,0,0,0,0,0,0,0,0,0,0,0,0,0,0,0,0,0,0,0,86,0,63,0,0,0,0,0
312,0,15,0,0,0,0,0,675187,0,0,0,0,41,0,0,0,0,0,0,0,0,0,0,0,0,0,0,0,0,0,0,0,0,0,0,0,39,0,91,0,0,0,0,0
313,0,0,0,0,0,0,0,1671045,0,0,3072,858624,136,0,0,0,0,0,8355,0,0,0,0,0,0,0,0,3072,3072,0,361753,0,1181247,858624,0,1007,0,136,284,0,0,0,0,1329438
313,0,1,0,0,0,0,0,835523,8355,0,0,0,2998,0,0,0,0,0,0,0,0,0,0,0,0,0,0,0,1370,0,184230,0,417870,0,0,360,446,789,5204,0,0,1536,0,0
313,0,2,0,0,0,0,0,835523,0,0,0,0,203,1536,0,0,0,0,0,0,0,0,0,0,0,0,0,0,0,0,180281,0,181686,64385,0,679,335,725,441,0,0,1536,0,1536
313,0,3,0,0,0,0,0,835523,0,0,0,0,214,1536,0,0,0,0,0,0,0,0,0,0,0,0,0,0,0,0,122184,0,0,64483,0,290,111,0,291,0,0,0,0,1536
313,0,4,0,0,0,0,0,835523,0,0,0,0,204,1536,0,0,0,0,0,0,0,0,0,0,0,0,0,0,0,0,122747,0,0,64498,0,277,0,123,306,7615,0,0,0,1536
313,0,5,0,0,0,0,0,835523,0,0,0,0,209,1536,0,0,0,0,0,0,0,0,0,0,0,0,0,0,0,0,124307,0,0,64507,1849,432,0,2,424,0,0,1534,0,1536
313,0,6,0,0,0,0,0,835523,0,0,0,0,210,1536,0,0,0,0,0,0,0,0,0,0,0,0,0,0,0,0,122862,0,0,64495,0,237,327,0,301,0,0,1536,0,1536
313,0,7,0,0,0,0,0,835523,0,0,0,0,211,1536,0,0,0,0,0,0,0,0,0,0,0,0,0,0,0,0,61785,0,0,64391,0,243,118,0,441,0,0,0,0,1536
313,0,8,0,0,0,0,0,835523,0,0,0,0,216,1536,0,0,0,0,0,0,0,0,0,0,0,0,0,0,0,0,62452,0,0,64376,0,192,0,113,419,6178,0,0,0,1536
313,0,9,0,0,0,0,0,835523,0,0,0,0,209,1536,0,0,0,0,0,0,0,0,0,0,0,0,0,0,0,0,62458,0,0,64500,1166,136,0,1,313,0,0,1536,0,1536
313,0,10,0,0,0,0,0,835523,0,0,0,0,212,1536,0,0,0,0,0,0,0,0,0,0,0,0,0,0,0,0,61946,0,0,64499,0,225,321,1,422,0,0,1536,0,1536
313,0,11,0,0,0,0,0,835523,0,0,0,0,205,1536,0,0,0,0,0,0,0,0,0,0,0,0,0,0,0,0,0,0,0,64497,0,44,122,0,478,0,0,0,0,1536
313,0,12,0,0,0,0,0,835523,0,0,0,0,205,1536,0,0,0,0,0,0,0,0,0,0,0,0,0,0,0,0,0,0,0,64498,0,0,0,122,348,1536,0,0,0,1536
313,0,13,0,0,0,0,0,835523,0,0,0,0,213,1536,0,0,0,0,0,0,0,0,0,0,0,0,0,0,0,0,0,0,0,64506,560,0,0,0,412,0,0,1536,0,1536
313,0,14,0,0,0,0,0,835523,0,0,0,0,203,1536,0,0,0,0,0,0,0,0,0,0,0,0,0,0,0,0,0,0,0,64509,0,0,165,2,313,0,0,0,0,1536
313,0,15,0,0,0,0,0,835523,0,0,0,0,41,0,0,0,0,0,0,0,0,0,0,0,0,0,0,0,0,0,0,0,0,0,0,0,39,0,94,0,0,0,0,0
314,0,0,0,0,0,0,0,1668593,0,0,3088,858624,136,0,0,0,0,0,8379,0,0,0,0,0,0,0,0,3088,3088,0,361891,0,1179331,858624,0,1009,0,136,284,0,0,0,0,1332510
314,0,1,0,0,0,0,0,834296,8379,0,0,0,3006,0,0,0,0,0,0,0,0,0,0,0,0,0,0,0,1171,0,184331,0,417243,0,0,371,436,796,5216,0,0,1536,0,0
314,0,2,0,0,0,0,0,834296,0,0,0,0,209,1536,0,0,0,0,0,0,0,0,0,0,0,0,0,0,0,0,180264,0,181641,64506,0,666,320,743,445,0,0,1536,0,1536
314,0,3,0,0,0,0,0,834296,0,0,0,0,203,1536,0,0,0,0,0,0,0,0,0,0,0,0,0,0,0,0,122294,0,0,64490,0,291,124,0,265,0,0,0,0,1536
314,0,4,0,0,0,0,0,834296,0,0,0,0,200,1536,0,0,0,0,0,0,0,0,0,0,0,0,0,0,0,0,122870,0,0,64489,0,274,0,127,294,7206,0,0,0,1536
314,0,5,0,0,0,0,0,834296,0,0,0,0,217,1536,0,0,0,0,0,0,0,0,0,0,0,0,0,0,0,0,124387,0,0,64510,1876,428,0,0,429,0,0,1536,0,1536
314,0,6,0,0,0,0,0,834296,0,0,0,0,220,1536,0,0,0,0,0,0,0,0,0,0,0,0,0,0,0,0,122866,0,0,64501,0,240,309,3,325,0,0,1536,0,1536
314,0,7,0,0,0,0,0,834296,0,0,0,0,201,1536,0,0,0,0,0,0,0,0,0,0,0,0,0,0,0,0,61545,0,0,64496,0,244,127,0,429,0,0,0,0,1536
314,0,8,0,0,0,0,0,834296,0,0,0,0,227,1536,0,0,0,0,0,0,0,0,0,0,0,0,0,0,0,0,62460,0,0,64502,0,195,0,102,432,6207,0,0,0,1536
314,0,9,0,0,0,0,0,834296,0,0,0,0,220,1536,0,0,0,0,0,0,0,0,0,0,0,0,0,0,0,0,62459,0,0,64509,1159,141,0,1,325,0,0,1536,0,1536
314,0,10,0,0,0,0,0,834296,0,0,0,0,210,1536,0,0,0,0,0,0,0,0,0,0,0,0,0,0,0,0,61950,0,0,64510,0,225,320,1,419,0,0,1536,0,1536
314,0,11,0,0,0,0,0,834296,0,0,0,0,201,1536,0,0,0,0,0,0,0,0,0,0,0,0,0,0,0,0,0,0,0,64496,0,47,127,0,253,0,0,0,0,1536
314,0,12,0,0,0,0,0,834296,0,0,0,0,218,1536,0,0,0,0,0,0,0,0,0,0,0,0,0,0,0,0,0,0,0,64502,0,0,0,111,360,1536,0,0,0,1536
314,0,13,0,0,0,0,0,834296,0,0,0,0,215,1536,0,0,0,0,0,0,0,0,0,0,0,0,0,0,0,0,0,0,0,64508,576,0,0,1,411,0,0,1536,0,1536
314,0,14,0,0,0,0,0,834296,0,0,0,0,210,1536,0,0,0,0,0,0,0,0,0,0,0,0,0,0,0,0,0,0,0,64510,0,0,163,1,322,0,0,0,0,1536
314,0,15,0,0,0,0,0,834296,0,0,0,0,44,0,0,0,0,0,0,0,0,0,0,0,0,0,0,0,0,0,0,0,0,0,0,0,36,0,95,0,0,0,0,0
315,0,0,0,0,0,0,0,1667268,0,0,3093,858624,136,0,0,0,0,0,8385,0,0,0,0,0,0,0,0,3093,3093,0,361919,0,1178668,858624,0,1011,0,136,284,0,0,0,0,1333640
315,0,1,0,0,0,0,0,833634,8385,0,0,0,2986,0,0,0,0,0,0,0,0,0,0,0,0,0,0,0,1161,0,184346,0,417050,0,0,369,447,809,5183,0,0,1536,0,0
315,0,2,0,0,0,0,0,833634,0,0,0,0,202,1536,0,0,0,0,0,0,0,0,0,0,0,0,0,0,0,0,180207,0,181604,64508,0,661,323,737,437,0,0,1536,0,1536
315,0,3,0,0,0,0,0,833634,0,0,0,0,200,1536,0,0,0,0,0,0,0,0,0,0,0,0,0,0,0,0,122272,0,0,64481,0,292,127,0,267,0,0,0,0,1536
315,0,4,0,0,0,0,0,833634,0,0,0,0,195,1536,0,0,0,0,0,0,0,0,0,0,0,0,0,0,0,0,122880,0,0,64489,0,281,0,134,295,7122,0,0,0,1536
315,0,5,0,0,0,0,0,833634,0,0,0,0,211,1536,0,0,0,0,0,0,0,0,0,0,0,0,0,0,0,0,124398,0,0,64511,1888,438,0,0,415,0,0,1536,0,1536
315,0,6,0,0,0,0,0,833634,0,0,0,0,214,1536,0,0,0,0,0,0,0,0,0,0,0,0,0,0,0,0,122874,0,0,64508,0,244,326,2,320,0,0,1536,0,1536
315,0,7,0,0,0,0,0,833634,0,0,0,0,212,1536,0,0,0,0,0,0,0,0,0,0,0,0,0,0,0,0,61497,0,0,64505,0,247,117,0,436,0,0,0,0,1536
315,0,8,0,0,0,0,0,833634,0,0,0,0,214,1536,0,0,0,0,0,0,0,0,0,0,0,0,0,0,0,0,62462,0,0,64509,0,191,0,115,416,6213,0,0,0,1536
315,0,9,0,0,0,0,0,833634,0,0,0,0,216,1536,0,0,0,0,0,0,0,0,0,0,0,0,0,0,0,0,62459,0,0,64511,1131,135,0,1,317,0,0,1536,0,1536
315,0,10,0,0,0,0,0,833634,0,0,0,0,201,1536,0,0,0,0,0,0,0,0,0,0,0,0,0,0,0,0,61949,0,0,64512,0,214,328,2,417,0,0,1536,0,1536
315,0,11,0,0,0,0,0,833634,0,0,0,0,201,1536,0,0,0,0,0,0,0,0,0,0,0,0,0,0,0,0,0,0,0,64498,0,44,127,0,238,0,0,0,0,1536
315,0,12,0,0,0,0,0,833634,0,0,0,0,220,1536,0,0,0,0,0,0,0,0,0,0,0,0,0,0,0,0,0,0,0,64507,0,0,0,109,366,1536,0,0,0,1536
315,0,13,0,0,0,0,0,833634,0,0,0,0,202,1536,0,0,0,0,0,0,0,0,0,0,0,0,0,0,0,0,0,0,0,64509,587,0,0,0,404,0,0,1536,0,1536
315,0,14,0,0,0,0,0,833634,0,0,0,0,203,1536,0,0,0,0,0,0,0,0,0,0,0,0,0,0,0,0,0,0,0,64511,0,0,168,2,326,0,0,0,0,1536
315,0,15,0,0,0,0,0,833634,0,0,0,0,42,0,0,0,0,0,0,0,0,0,0,0,0,0,0,0,0,0,0,0,0,0,0,0,38,0,95,0,0,0,0,0
316,0,0,0,0,0,0,0,257219,0,0,514,65792,136,0,0,0,0,0,4449,0,0,0,0,0,0,0,0,514,514,0,0,0,125599,65792,0,294,0,136,284,0,0,0,0,768
316,0,1,0,0,0,0,0,128610,4449,0,0,0,1457,0,0,0,0,0,0,0,0,0,0,0,0,0,0,0,17,0,0,0,63903,0,0,79,173,314,2559,0,0,768,0,0
316,0,2,0,0,0,0,0,128610,0,0,0,0,420,768,0,0,0,0,0,0,0,0,0,0,0,0,0,0,0,0,0,0,0,64768,0,246,232,275,872,0,0,0,0,768
316,0,3,0,0,0,0,0,128610,0,0,0,0,47,0,0,0,0,0,0,0,0,0,0,0,0,0,0,0,0,0,0,0,0,0,0,98,45,0,55,0,0,0,0,0
316,0,4,0,0,0,0,0,128610,0,0,0,0,47,0,0,0,0,0,0,0,0,0,0,0,0,0,0,0,0,0,0,0,0,0,0,87,0,45,66,0,0,0,0,0
316,0,5,0,0,0,0,0,128610,0,0,0,0,47,0,0,0,0,0,0,0,0,0,0,0,0,0,0,0,0,0,0,0,0,0,522,150,0,0,112,0,0,0,0,0
316,0,6,0,0,0,0,0,128610,0,0,0,0,47,0,0,0,0,0,0,0,0,0,0,0,0,0,0,0,0,0,0,0,0,0,0,43,98,0,52,0,0,0,0,0
316,0,7,0,0,0,0,0,128610,0,0,0,0,53,0,0,0,0,0,0,0,0,0,0,0,0,0,0,0,0,0,0,0,0,0,0,98,39,0,140,0,0,0,0,0
316,0,8,0,0,0,0,0,128610,0,0,0,0,53,0,0,0,0,0,0,0,0,0,0,0,0,0,0,0,0,0,0,0,0,0,0,52,0,39,110,0,0,0,0,0
316,0,9,0,0,0,0,0,128610,0,0,0,0,47,0,0,0,0,0,0,0,0,0,0,0,0,0,0,0,0,0,0,0,0,0,380,40,0,0,53,0,0,0,0,0
316,0,10,0,0,0,0,0,128610,0,0,0,0,53,0,0,0,0,0,0,0,0,0,0,0,0,0,0,0,0,0,0,0,0,0,0,82,86,0,124,0,0,0,0,0
316,0,11,0,0,0,0,0,128610,0,0,0,0,47,0,0,0,0,0,0,0,0,0,0,0,0,0,0,0,0,0,0,0,0,0,0,41,45,0,131,0,0,0,0,0
316,0,12,0,0,0,0,0,128610,0,0,0,0,47,0,0,0,0,0,0,0,0,0,0,0,0,0,0,0,0,0,0,0,0,0,0,0,0,45,93,0,0,0,0,0
316,0,13,0,0,0,0,0,128610,0,0,0,0,53,0,0,0,0,0,0,0,0,0,0,0,0,0,0,0,0,0,0,0,0,0,172,0,0,0,111,0,0,0,0,0
316,0,14,0,0,0,0,0,128610,0,0,0,0,47,0,0,0,0,0,0,0,0,0,0,0,0,0,0,0,0,0,0,0,0,0,0,0,86,0,63,0,0,0,0,0
316,0,15,0,0,0,0,0,128610,0,0,0,0,41,0,0,0,0,0,0,0,0,0,0,0,0,0,0,0,0,0,0,0,0,0,0,0,39,0,87,0,0,0,0,0
317,0,0,0,0,0,0,0,257262,0,0,514,65792,136,0,0,0,0,0,4449,0,0,0,0,0,0,0,0,514,514,0,0,0,125593,65792,0,294,0,136,284,0,0,0,0,768
317,0,1,0,0,0,0,0,128631,4449,0,0,0,1454,0,0,0,0,0,0,0,0,0,0,0,0,0,0,0,18,0,0,0,63897,0,0,79,174,316,2556,0,0,768,0,0
317,0,2,0,0,0,0,0,128631,0,0,0,0,419,768,0,0,0,0,0,0,0,0,0,0,0,0,0,0,0,0,0,0,0,64768,0,246,232,276,869,0,0,0,0,768
317,0,3,0,0,0,0,0,128631,0,0,0,0,47,0,0,0,0,0,0,0,0,0,0,0,0,0,0,0,0,0,0,0,0,0,0,97,45,0,55,0,0,0,0,0
317,0,4,0,0,0,0,0,128631,0,0,0,0,47,0,0,0,0,0,0,0,0,0,0,0,0,0,0,0,0,0,0,0,0,0,0,87,0,45,66,0,0,0,0,0
317,0,5,0,0,0,0,0,128631,0,0,0,0,47,0,0,0,0,0,0,0,0,0,0,0,0,0,0,0,0,0,0,0,0,0,522,150,0,0,112,0,0,0,0,0
317,0,6,0,0,0,0,0,128631,0,0,0,0,47,0,0,0,0,0,0,0,0,0,0,0,0,0,0,0,0,0,0,0,0,0,0,43,98,0,52,0,0,0,0,0
317,0,7,0,0,0,0,0,128631,0,0,0,0,53,0,0,0,0,0,0,0,0,0,0,0,0,0,0,0,0,0,0,0,0,0,0,99,39,0,140,0,0,0,0,0
317,0,8,0,0,0,0,0,128631,0,0,0,0,53,0,0,0,0,0,0,0,0,0,0,0,0,0,0,0,0,0,0,0,0,0,0,52,0,39,110,0,0,0,0,0
317,0,9,0,0,0,0,0,128631,0,0,0,0,47,0,0,0,0,0,0,0,0,0,0,0,0,0,0,0,0,0,0,0,0,0,380,40,0,0,53,0,0,0,0,0
317,0,10,0,0,0,0,0,128631,0,0,0,0,53,0,0,0,0,0,0,0,0,0,0,0,0,0,0,0,0,0,0,0,0,0,0,82,86,0,124,0,0,0,0,0
317,0,11,0,0,0,0,0,128631,0,0,0,0,47,0,0,0,0,0,0,0,0,0,0,0,0,0,0,0,0,0,0,0,0,0,0,40,45,0,147,0,0,0,0,0
317,0,12,0,0,0,0,0,128631,0,0,0,0,47,0,0,0,0,0,0,0,0,0,0,0,0,0,0,0,0,0,0,0,0,0,0,0,0,45,93,0,0,0,0,0
317,0,13,0,0,0,0,0,128631,0,0,0,0,53,0,0,0,0,0,0,0,0,0,0,0,0,0,0,0,0,0,0,0,0,0,172,0,0,0,111,0,0,0,0,0
317,0,14,0,0,0,0,0,128631,0,0,0,0,47,0,0,0,0,0,0,0,0,0,0,0,0,0,0,0,0,0,0,0,0,0,0,0,86,0,63,0,0,0,0,0
317,0,15,0,0,0,0,0,128631,0,0,0,0,41,0,0,0,0,0,0,0,0,0,0,0,0,0,0,0,0,0,0,0,0,0,0,0,39,0,88,0,0,0,0,0
318,0,0,0,0,0,0,0,257279,0,0,514,65792,136,0,0,0,0,0,4449,0,0,0,0,0,0,0,0,514,514,0,0,0,125586,65792,0,294,0,136,284,0,0,0,0,768
318,0,1,0,0,0,0,0,128640,4449,0,0,0,1457,0,0,0,0,0,0,0,0,0,0,0,0,0,0,0,17,0,0,0,63890,0,0,78,172,316,2551,0,0,768,0,0
318,0,2,0,0,0,0,0,128640,0,0,0,0,415,768,0,0,0,0,0,0,0,0,0,0,0,0,0,0,0,0,0,0,0,64768,0,250,237,273,863,0,0,0,0,768
318,0,3,0,0,0,0,0,128640,0,0,0,0,47,0,0,0,0,0,0,0,0,0,0,0,0,0,0,0,0,0,0,0,0,0,0,100,45,0,55,0,0,0,0,0
318,0,4,0,0,0,0,0,128640,0,0,0,0,50,0,0,0,0,0,0,0,0,0,0,0,0,0,0,0,0,0,0,0,0,0,0,87,0,42,67,0,0,0,0,0
318,0,5,0,0,0,0,0,128640,0,0,0,0,50,0,0,0,0,0,0,0,0,0,0,0,0,0,0,0,0,0,0,0,0,0,525,150,0,0,116,0,0,0,0,0
318,0,6,0,0,0,0,0,128640,0,0,0,0,50,0,0,0,0,0,0,0,0,0,0,0,0,0,0,0,0,0,0,0,0,0,0,39,95,0,55,0,0,0,0,0
318,0,7,0,0,0,0,0,128640,0,0,0,0,53,0,0,0,0,0,0,0,0,0,0,0,0,0,0,0,0,0,0,0,0,0,0,98,39,0,138,0,0,0,0,0
318,0,8,0,0,0,0,0,128640,0,0,0,0,56,0,0,0,0,0,0,0,0,0,0,0,0,0,0,0,0,0,0,0,0,0,0,52,0,36,113,0,0,0,0,0
318,0,9,0,0,0,0,0,128640,0,0,0,0,50,0,0,0,0,0,0,0,0,0,0,0,0,0,0,0,0,0,0,0,0,0,380,40,0,0,56,0,0,0,0,0
318,0,10,0,0,0,0,0,128640,0,0,0,0,56,0,0,0,0,0,0,0,0,0,0,0,0,0,0,0,0,0,0,0,0,0,0,86,86,0,127,0,0,0,0,0
318,0,11,0,0,0,0,0,128640,0,0,0,0,50,0,0,0,0,0,0,0,0,0,0,0,0,0,0,0,0,0,0,0,0,0,0,41,42,0,134,0,0,0,0,0
318,0,12,0,0,0,0,0,128640,0,0,0,0,50,0,0,0,0,0,0,0,0,0,0,0,0,0,0,0,0,0,0,0,0,0,0,0,0,42,96,0,0,0,0,0
318,0,13,0,0,0,0,0,128640,0,0,0,0,56,0,0,0,0,0,0,0,0,0,0,0,0,0,0,0,0,0,0,0,0,0,172,0,0,0,114,0,0,0,0,0
318,0,14,0,0,0,0,0,128640,0,0,0,0,50,0,0,0,0,0,0,0,0,0,0,0,0,0,0,0,0,0,0,0,0,0,0,0,86,0,62,0,0,0,0,0
318,0,15,0,0,0,0,0,128640,0,0,0,0,44,0,0,0,0,0,0,0,0,0,0,0,0,0,0,0,0,0,0,0,0,0,0,0,36,0,90,0,0,0,0,0
319,0,0,0,0,0,0,0,360040,0,0,516,131584,136,0,0,0,0,0,4458,0,0,0,0,0,0,0,0,516,516,0,0,0,253507,131584,0,294,0,136,284,0,0,0,0,1536
319,0,1,0,0,0,0,0,180020,4458,0,0,0,1364,0,0,0,0,0,0,0,0,0,0,0,0,0,0,0,500,0,0,0,127930,0,0,78,171,413,2348,0,0,768,0,0
319,0,2,0,0,0,0,0,180020,0,0,0,0,254,768,0,0,0,0,0,0,0,0,0,0,0,0,0,0,0,0,0,0,64000,64750,0,250,347,415,467,0,0,768,0,768
319,0,3,0,0,0,0,0,180020,0,0,0,0,253,768,0,0,0,0,0,0,0,0,0,0,0,0,0,0,0,0,0,0,0,65023,0,100,95,0,379,0,0,0,0,768
319,0,4,0,0,0,0,0,180020,0,0,0,0,50,0,0,0,0,0,0,0,0,0,0,0,0,0,0,0,0,0,0,0,0,0,0,87,0,42,67,0,0,0,0,0
319,0,5,0,0,0,0,0,180020,0,0,0,0,50,0,0,0,0,0,0,0,0,0,0,0,0,0,0,0,0,0,0,0,0,0,525,150,0,0,116,0,0,0,0,0
319,0,6,0,0,0,0,0,180020,0,0,0,0,50,0,0,0,0,0,0,0,0,0,0,0,0,0,0,0,0,0,0,0,0,0,0,39,95,0,55,0,0,0,0,0
319,0,7,0,0,0,0,0,180020,0,0,0,0,53,0,0,0,0,0,0,0,0,0,0,0,0,0,0,0,0,0,0,0,0,0,0,99,39,0,138,0,0,0,0,0
319,0,8,0,0,0,0,0,180020,0,0,0,0,56,0,0,0,0,0,0,0,0,0,0,0,0,0,0,0,0,0,0,0,0,0,0,52,0,36,113,0,0,0,0,0
319,0,9,0,0,0,0,0,180020,0,0,0,0,50,0,0,0,0,0,0,0,0,0,0,0,0,0,0,0,0,0,0,0,0,0,380,40,0,0,56,0,0,0,0,0
319,0,10,0,0,0,0,0,180020,0,0,0,0,56,0,0,0,0,0,0,0,0,0,0,0,0,0,0,0,0,0,0,0,0,0,0,86,86,0,127,0,0,0,0,0
319,0,11,0,0,0,0,0,180020,0,0,0,0,50,0,0,0,0,0,0,0,0,0,0,0,0,0,0,0,0,0,0,0,0,0,0,41,42,0,118,0,0,0,0,0
319,0,12,0,0,0,0,0,180020,0,0,0,0,50,0,0,0,0,0,0,0,0,0,0,0,0,0,0,0,0,0,0,0,0,0,0,0,0,42,96,0,0,0,0,0
319,0,13,0,0,0,0,0,180020,0,0,0,0,56,0,0,0,0,0,0,0,0,0,0,0,0,0,0,0,0,0,0,0,0,0,172,0,0,0,114,0,0,0,0,0
319,0,14,0,0,0,0,0,180020,0,0,0,0,50,0,0,0,0,0,0,0,0,0,0,0,0,0,0,0,0,0,0,0,0,0,0,0,86,0,62,0,0,0,0,0
319,0,15,0,0,0,0,0,180020,0,0,0,0,44,0,0,0,0,0,0,0,0,0,0,0,0,0,0,0,0,0,0,0,0,0,0,0,36,0,91,0,0,0,0,0
320,0,0,0,0,0,0,0,360164,0,0,516,131584,136,0,0,0,0,0,4458,0,0,0,0,0,0,0,0,516,516,0,0,0,253523,131584,0,294,0,136,284,0,0,0,0,1536
320,0,1,0,0,0,0,0,180082,4458,0,0,0,1374,0,0,0,0,0,0,0,0,0,0,0,0,0,0,0,500,0,0,0,127938,0,0,78,172,402,2365,0,0,768,0,0
320,0,2,0,0,0,0,0,180082,0,0,0,0,256,768,0,0,0,0,0,0,0,0,0,0,0,0,0,0,0,0,0,0,64000,64755,0,250,340,418,476,0,0,768,0,768
320,0,3,0,0,0,0,0,180082,0,0,0,0,248,768,0,0,0,0,0,0,0,0,0,0,0,0,0,0,0,0,0,0,0,65023,0,100,101,0,370,0,0,0,0,768
320,0,4,0,0,0,0,0,180082,0,0,0,0,50,0,0,0,0,0,0,0,0,0,0,0,0,0,0,0,0,0,0,0,0,0,0,87,0,42,67,0,0,0,0,0
320,0,5,0,0,0,0,0,180082,0,0,0,0,50,0,0,0,0,0,0,0,0,0,0,0,0,0,0,0,0,0,0,0,0,0,525,150,0,0,116,0,0,0,0,0
320,0,6,0,0,0,0,0,180082,0,0,0,0,50,0,0,0,0,0,0,0,0,0,0,0,0,0,0,0,0,0,0,0,0,0,0,39,95,0,55,0,0,0,0,0
320,0,7,0,0,0,0,0,180082,0,0,0,0,53,0,0,0,0,0,0,0,0,0,0,0,0,0,0,0,0,0,0,0,0,0,0,99,39,0,138,0,0,0,0,0
320,0,8,0,0,0,0,0,180082,0,0,0,0,56,0,0,0,0,0,0,0,0,0,0,0,0,0,0,0,0,0,0,0,0,0,0,52,0,36,113,0,0,0,0,0
320,0,9,0,0,0,0,0,180082,0,0,0,0,50,0,0,0,0,0,0,0,0,0,0,0,0,0,0,0,0,0,0,0,0,0,380,40,0,0,56,0,0,0,0,0
320,0,10,0,0,0,0,0,180082,0,0,0,0,56,0,0,0,0,0,0,0,0,0,0,0,0,0,0,0,0,0,0,0,0,0,0,86,86,0,127,0,0,0,0,0
320,0,11,0,0,0,0,0,180082,0,0,0,0,50,0,0,0,0,0,0,0,0,0,0,0,0,0,0,0,0,0,0,0,0,0,0,41,42,0,166,0,0,0,0,0
320,0,12,0,0,0,0,0,180082,0,0,0,0,50,0,0,0,0,0,0,0,0,0,0,0,0,0,0,0,0,0,0,0,0,0,0,0,0,42,96,0,0,0,0,0
320,0,13,0,0,0,0,0,180082,0,0,0,0,56,0,0,0,0,0,0,0,0,0,0,0,0,0,0,0,0,0,0,0,0,0,172,0,0,0,114,0,0,0,0,0
320,0,14,0,0,0,0,0,180082,0,0,0,0,50,0,0,0,0,0,0,0,0,0,0,0,0,0,0,0,0,0,0,0,0,0,0,0,86,0,62,0,0,0,0,0
320,0,15,0,0,0,0,0,180082,0,0,0,0,44,0,0,0,0,0,0,0,0,0,0,0,0,0,0,0,0,0,0,0,0,0,0,0,36,0,91,0,0,0,0,0
321,0,0,0,0,0,0,0,360002,0,0,516,131584,136,0,0,0,0,0,4455,0,0,0,0,0,0,0,0,516,516,0,0,0,253518,131584,0,294,0,136,284,0,0,0,0,1536
321,0,1,0,0,0,0,0,180001,4455,0,0,0,1361,0,0,0,0,0,0,0,0,0,0,0,0,0,0,0,498,0,0,0,127936,0,0,78,172,415,2351,0,0,768,0,0
321,0,2,0,0,0,0,0,180001,0,0,0,0,252,768,0,0,0,0,0,0,0,0,0,0,0,0,0,0,0,0,0,0,63999,64752,0,250,341,410,467,0,0,768,0,768
321,0,3,0,0,0,0,0,180001,0,0,0,0,244,768,0,0,0,0,0,0,0,0,0,0,0,0,0,0,0,0,0,0,0,65023,0,101,104,0,374,0,0,0,0,768
321,0,4,0,0,0,0,0,180001,0,0,0,0,50,0,0,0,0,0,0,0,0,0,0,0,0,0,0,0,0,0,0,0,0,0,0,87,0,42,67,0,0,0,0,0
321,0,5,0,0,0,0,0,180001,0,0,0,0,50,0,0,0,0,0,0,0,0,0,0,0,0,0,0,0,0,0,0,0,0,0,525,150,0,0,116,0,0,0,0,0
321,0,6,0,0,0,0,0,180001,0,0,0,0,50,0,0,0,0,0,0,0,0,0,0,0,0,0,0,0,0,0,0,0,0,0,0,39,95,0,55,0,0,0,0,0
321,0,7,0,0,0,0,0,180001,0,0,0,0,53,0,0,0,0,0,0,0,0,0,0,0,0,0,0,0,0,0,0,0,0,0,0,98,39,0,138,0,0,0,0,0
321,0,8,0,0,0,0,0,180001,0,0,0,0,56,0,0,0,0,0,0,0,0,0,0,0,0,0,0,0,0,0,0,0,0,0,0,52,0,36,113,0,0,0,0,0
321,0,9,0,0,0,0,0,180001,0,0,0,0,50,0,0,0,0,0,0,0,0,0,0,0,0,0,0,0,0,0,0,0,0,0,380,40,0,0,56,0,0,0,0,0
321,0,10,0,0,0,0,0,180001,0,0,0,0,56,0,0,0,0,0,0,0,0,0,0,0,0,0,0,0,0,0,0,0,0,0,0,86,86,0,127,0,0,0,0,0
321,0,11,0,0,0,0,0,180001,0,0,0,0,50,0,0,0,0,0,0,0,0,0,0,0,0,0,0,0,0,0,0,0,0,0,0,42,42,0,118,0,0,0,0,0
321,0,12,0,0,0,0,0,180001,0,0,0,0,50,0,0,0,0,0,0,0,0,0,0,0,0,0,0,0,0,0,0,0,0,0,0,0,0,42,96,0,0,0,0,0
321,0,13,0,0,0,0,0,180001,0,0,0,0,56,0,0,0,0,0,0,0,0,0,0,0,0,0,0,0,0,0,0,0,0,0,172,0,0,0,114,0,0,0,0,0
321,0,14,0,0,0,0,0,180001,0,0,0,0,50,0,0,0,0,0,0,0,0,0,0,0,0,0,0,0,0,0,0,0,0,0,0,0,86,0,62,0,0,0,0,0
321,0,15,0,0,0,0,0,180001,0,0,0,0,44,0,0,0,0,0,0,0,0,0,0,0,0,0,0,0,0,0,0,0,0,0,0,0,36,0,90,0,0,0,0,0
322,0,0,0,0,0,0,0,612942,0,0,520,263168,136,0,0,0,0,0,4473,0,0,0,0,0,0,0,0,520,520,0,127744,0,379240,263168,0,425,0,136,284,0,0,0,0,3072
322,0,1,0,0,0,0,0,306471,4473,0,0,0,1555,0,0,0,0,0,0,0,0,0,0,0,0,0,0,0,24,0,64000,0,127460,0,0,88,184,205,2549,0,0,768,0,0
322,0,2,0,0,0,0,0,306471,0,0,0,0,141,768,0,0,0,0,0,0,0,0,0,0,0,0,0,0,0,0,0,0,64000,65008,0,246,217,386,338,0,0,768,0,768
322,0,3,0,0,0,0,0,306471,0,0,0,0,138,768,0,0,0,0,0,0,0,0,0,0,0,0,0,0,0,0,0,0,0,65023,0,98,83,0,166,0,0,0,0,768
322,0,4,0,0,0,0,0,306471,0,0,0,0,138,768,0,0,0,0,0,0,0,0,0,0,0,0,0,0,0,0,0,0,0,65023,0,87,0,83,168,768,0,0,0,768
322,0,5,0,0,0,0,0,306471,0,0,0,0,143,768,0,0,0,0,0,0,0,0,0,0,0,0,0,0,0,0,0,0,0,65023,645,150,0,1,330,0,0,0,0,768
322,0,6,0,0,0,0,0,306471,0,0,0,0,47,0,0,0,0,0,0,0,0,0,0,0,0,0,0,0,0,0,0,0,0,0,0,43,98,1,52,0,0,0,0,0
322,0,7,0,0,0,0,0,306471,0,0,0,0,53,0,0,0,0,0,0,0,0,0,0,0,0,0,0,0,0,0,0,0,0,0,0,100,39,0,140,0,0,0,0,0
322,0,8,0,0,0,0,0,306471,0,0,0,0,53,0,0,0,0,0,0,0,0,0,0,0,0,0,0,0,0,0,0,0,0,0,0,52,0,39,110,0,0,0,0,0
322,0,9,0,0,0,0,0,306471,0,0,0,0,47,0,0,0,0,0,0,0,0,0,0,0,0,0,0,0,0,0,0,0,0,0,380,40,0,0,53,0,0,0,0,0
322,0,10,0,0,0,0,0,306471,0,0,0,0,53,0,0,0,0,0,0,0,0,0,0,0,0,0,0,0,0,0,0,0,0,0,0,82,86,0,124,0,0,0,0,0
322,0,11,0,0,0,0,0,306471,0,0,0,0,47,0,0,0,0,0,0,0,0,0,0,0,0,0,0,0,0,0,0,0,0,0,0,42,45,0,147,0,0,0,0,0
322,0,12,0,0,0,0,0,306471,0,0,0,0,47,0,0,0,0,0,0,0,0,0,0,0,0,0,0,0,0,0,0,0,0,0,0,0,0,45,93,0,0,0,0,0
322,0,13,0,0,0,0,0,306471,0,0,0,0,53,0,0,0,0,0,0,0,0,0,0,0,0,0,0,0,0,0,0,0,0,0,172,0,0,0,111,0,0,0,0,0
322,0,14,0,0,0,0,0,306471,0,0,0,0,47,0,0,0,0,0,0,0,0,0,0,0,0,0,0,0,0,0,0,0,0,0,0,0,86,0,63,0,0,0,0,0
322,0,15,0,0,0,0,0,306471,0,0,0,0,41,0,0,0,0,0,0,0,0,0,0,0,0,0,0,0,0,0,0,0,0,0,0,0,39,0,89,0,0,0,0,0
323,0,0,0,0,0,0,0,612969,0,0,523,263168,136,0,0,0,0,0,4479,0,0,0,0,0,0,0,0,523,523,0,127744,0,379262,263168,0,425,0,136,284,0,0,0,0,3072
323,0,1,0,0,0,0,0,306485,4479,0,0,0,1558,0,0,0,0,0,0,0,0,0,0,0,0,0,0,0,22,0,64000,0,127467,0,0,91,186,197,2541,0,0,768,0,0
323,0,2,0,0,0,0,0,306485,0,0,0,0,140,768,0,0,0,0,0,0,0,0,0,0,0,0,0,0,0,0,0,0,64000,65008,0,246,223,396,336,0,0,768,0,768
323,0,3,0,0,0,0,0,306485,0,0,0,0,144,768,0,0,0,0,0,0,0,0,0,0,0,0,0,0,0,0,0,0,0,65023,0,97,77,0,163,0,0,0,0,768
323,0,4,0,0,0,0,0,306485,0,0,0,0,142,768,0,0,0,0,0,0,0,0,0,0,0,0,0,0,0,0,0,0,0,65023,0,87,0,79,173,768,0,0,0,768
323,0,5,0,0,0,0,0,306485,0,0,0,0,142,768,0,0,0,0,0,0,0,0,0,0,0,0,0,0,0,0,0,0,0,65023,650,150,0,1,325,0,0,0,0,768
323,0,6,0,0,0,0,0,306485,0,0,0,0,47,0,0,0,0,0,0,0,0,0,0,0,0,0,0,0,0,0,0,0,0,0,0,43,98,1,52,0,0,0,0,0
323,0,7,0,0,0,0,0,306485,0,0,0,0,53,0,0,0,0,0,0,0,0,0,0,0,0,0,0,0,0,0,0,0,0,0,0,101,39,0,140,0,0,0,0,0
323,0,8,0,0,0,0,0,306485,0,0,0,0,53,0,0,0,0,0,0,0,0,0,0,0,0,0,0,0,0,0,0,0,0,0,0,52,0,39,110,0,0,0,0,0
323,0,9,0,0,0,0,0,306485,0,0,0,0,47,0,0,0,0,0,0,0,0,0,0,0,0,0,0,0,0,0,0,0,0,0,380,40,0,0,53,0,0,0,0,0
323,0,10,0,0,0,0,0,306485,0,0,0,0,53,0,0,0,0,0,0,0,0,0,0,0,0,0,0,0,0,0,0,0,0,0,0,82,86,0,124,0,0,0,0,0
323,0,11,0,0,0,0,0,306485,0,0,0,0,47,0,0,0,0,0,0,0,0,0,0,0,0,0,0,0,0,0,0,0,0,0,0,41,45,0,147,0,0,0,0,0
323,0,12,0,0,0,0,0,306485,0,0,0,0,47,0,0,0,0,0,0,0,0,0,0,0,0,0,0,0,0,0,0,0,0,0,0,0,0,45,93,0,0,0,0,0
323,0,13,0,0,0,0,0,306485,0,0,0,0,53,0,0,0,0,0,0,0,0,0,0,0,0,0,0,0,0,0,0,0,0,0,172,0,0,0,111,0,0,0,0,0
323,0,14,0,0,0,0,0,306485,0,0,0,0,47,0,0,0,0,0,0,0,0,0,0,0,0,0,0,0,0,0,0,0,0,0,0,0,86,0,63,0,0,0,0,0
323,0,15,0,0,0,0,0,306485,0,0,0,0,41,0,0,0,0,0,0,0,0,0,0,0,0,0,0,0,0,0,0,0,0,0,0,0,39,0,90,0,0,0,0,0
324,0,0,0,0,0,0,0,612834,0,0,520,263168,136,0,0,0,0,0,4476,0,0,0,0,0,0,0,0,520,520,0,127744,0,379224,263168,0,425,0,136,284,0,0,0,0,3072
324,0,1,0,0,0,0,0,306417,4476,0,0,0,1553,0,0,0,0,0,0,0,0,0,0,0,0,0,0,0,26,0,64000,0,127461,0,0,88,187,204,2529,0,0,768,0,0
324,0,2,0,0,0,0,0,306417,0,0,0,0,138,768,0,0,0,0,0,0,0,0,0,0,0,0,0,0,0,0,0,0,64000,65004,0,250,223,387,331,0,0,768,0,768
324,0,3,0,0,0,0,0,306417,0,0,0,0,141,768,0,0,0,0,0,0,0,0,0,0,0,0,0,0,0,0,0,0,0,65023,0,100,80,0,166,0,0,0,0,768
324,0,4,0,0,0,0,0,306417,0,0,0,0,144,768,0,0,0,0,0,0,0,0,0,0,0,0,0,0,0,0,0,0,0,65023,0,87,0,77,176,768,0,0,0,768
324,0,5,0,0,0,0,0,306417,0,0,0,0,140,768,0,0,0,0,0,0,0,0,0,0,0,0,0,0,0,0,0,0,0,65023,657,150,0,1,327,0,0,0,0,768
324,0,6,0,0,0,0,0,306417,0,0,0,0,50,0,0,0,0,0,0,0,0,0,0,0,0,0,0,0,0,0,0,0,0,0,0,39,95,1,55,0,0,0,0,0
324,0,7,0,0,0,0,0,306417,0,0,0,0,53,0,0,0,0,0,0,0,0,0,0,0,0,0,0,0,0,0,0,0,0,0,0,100,39,0,138,0,0,0,0,0
324,0,8,0,0,0,0,0,306417,0,0,0,0,56,0,0,0,0,0,0,0,0,0,0,0,0,0,0,0,0,0,0,0,0,0,0,52,0,36,113,0,0,0,0,0
324,0,9,0,0,0,0,0,306417,0,0,0,0,50,0,0,0,0,0,0,0,0,0,0,0,0,0,0,0,0,0,0,0,0,0,380,40,0,0,56,0,0,0,0,0
324,0,10,0,0,0,0,0,306417,0,0,0,0,56,0,0,0,0,0,0,0,0,0,0,0,0,0,0,0,0,0,0,0,0,0,0,86,86,0,127,0,0,0,0,0
324,0,11,0,0,0,0,0,306417,0,0,0,0,50,0,0,0,0,0,0,0,0,0,0,0,0,0,0,0,0,0,0,0,0,0,0,42,42,0,134,0,0,0,0,0
324,0,12,0,0,0,0,0,306417,0,0,0,0,50,0,0,0,0,0,0,0,0,0,0,0,0,0,0,0,0,0,0,0,0,0,0,0,0,42,96,0,0,0,0,0
324,0,13,0,0,0,0,0,306417,0,0,0,0,56,0,0,0,0,0,0,0,0,0,0,0,0,0,0,0,0,0,0,0,0,0,172,0,0,0,114,0,0,0,0,0
324,0,14,0,0,0,0,0,306417,0,0,0,0,50,0,0,0,0,0,0,0,0,0,0,0,0,0,0,0,0,0,0,0,0,0,0,0,86,0,62,0,0,0,0,0
324,0,15,0,0,0,0,0,306417,0,0,0,0,44,0,0,0,0,0,0,0,0,0,0,0,0,0,0,0,0,0,0,0,0,0,0,0,36,0,92,0,0,0,0,0
325,0,0,0,0,0,0,0,867485,0,0,780,394752,136,0,0,0,0,0,4878,0,0,0,0,0,0,0,0,780,780,0,127742,0,630505,394752,0,425,0,136,284,0,0,0,0,4608
325,0,1,0,0,0,0,0,433743,4878,0,0,0,1612,0,0,0,0,0,0,0,0,0,0,0,0,0,0,0,278,0,63970,0,253411,0,0,132,191,359,2711,0,0,768,0,0
325,0,2,0,0,0,0,0,433743,0,0,0,0,129,768,0,0,0,0,0,0,0,0,0,0,0,0,0,0,0,0,63973,0,126955,65020,0,324,231,461,282,0,0,768,0,768
325,0,3,0,0,0,0,0,433743,0,0,0,0,141,768,0,0,0,0,0,0,0,0,0,0,0,0,0,0,0,0,63744,0,0,64896,0,114,80,0,209,0,0,0,0,768
325,0,4,0,0,0,0,0,433743,0,0,0,0,134,768,0,0,0,0,0,0,0,0,0,0,0,0,0,0,0,0,0,0,0,65024,0,87,0,87,170,1536,0,0,0,768
325,0,5,0,0,0,0,0,433743,0,0,0,0,141,768,0,0,0,0,0,0,0,0,0,0,0,0,0,0,0,0,0,0,0,64895,782,150,0,0,284,0,0,768,0,768
325,0,6,0,0,0,0,0,433743,0,0,0,0,137,768,0,0,0,0,0,0,0,0,0,0,0,0,0,0,0,0,0,0,0,64895,0,39,216,3,199,0,0,768,0,768
325,0,7,0,0,0,0,0,433743,0,0,0,0,134,768,0,0,0,0,0,0,0,0,0,0,0,0,0,0,0,0,0,0,0,65021,0,100,87,0,335,0,0,0,0,768
325,0,8,0,0,0,0,0,433743,0,0,0,0,56,0,0,0,0,0,0,0,0,0,0,0,0,0,0,0,0,0,0,0,0,0,0,52,0,36,113,0,0,0,0,0
325,0,9,0,0,0,0,0,433743,0,0,0,0,50,0,0,0,0,0,0,0,0,0,0,0,0,0,0,0,0,0,0,0,0,0,380,40,0,0,56,0,0,0,0,0
325,0,10,0,0,0,0,0,433743,0,0,0,0,56,0,0,0,0,0,0,0,0,0,0,0,0,0,0,0,0,0,0,0,0,0,0,86,86,0,127,0,0,0,0,0
325,0,11,0,0,0,0,0,433743,0,0,0,0,50,0,0,0,0,0,0,0,0,0,0,0,0,0,0,0,0,0,0,0,0,0,0,44,42,0,134,0,0,0,0,0
325,0,12,0,0,0,0,0,433743,0,0,0,0,50,0,0,0,0,0,0,0,0,0,0,0,0,0,0,0,0,0,0,0,0,0,0,0,0,42,96,0,0,0,0,0
325,0,13,0,0,0,0,0,433743,0,0,0,0,56,0,0,0,0,0,0,0,0,0,0,0,0,0,0,0,0,0,0,0,0,0,172,0,0,0,114,0,0,0,0,0
325,0,14,0,0,0,0,0,433743,0,0,0,0,50,0,0,0,0,0,0,0,0,0,0,0,0,0,0,0,0,0,0,0,0,0,0,0,86,0,62,0,0,0,0,0
325,0,15,0,0,0,0,0,433743,0,0,0,0,44,0,0,0,0,0,0,0,0,0,0,0,0,0,0,0,0,0,0,0,0,0,0,0,36,0,92,0,0,0,0,0
326,0,0,0,0,0,0,0,867564,0,0,780,394752,136,0,0,0,0,0,4878,0,0,0,0,0,0,0,0,780,780,0,127742,0,630528,394752,0,425,0,136,284,0,0,0,0,4608
326,0,1,0,0,0,0,0,433782,4878,0,0,0,1616,0,0,0,0,0,0,0,0,0,0,0,0,0,0,0,277,0,63983,0,253404,0,0,131,191,356,2723,0,0,768,0,0
326,0,2,0,0,0,0,0,433782,0,0,0,0,133,768,0,0,0,0,0,0,0,0,0,0,0,0,0,0,0,0,63973,0,126955,65020,0,321,223,468,285,0,0,768,0,768
326,0,3,0,0,0,0,0,433782,0,0,0,0,137,768,0,0,0,0,0,0,0,0,0,0,0,0,0,0,0,0,63744,0,0,64898,0,109,84,0,203,0,0,0,0,768
326,0,4,0,0,0,0,0,433782,0,0,0,0,136,768,0,0,0,0,0,0,0,0,0,0,0,0,0,0,0,0,0,0,0,65024,0,87,0,85,173,1536,0,0,0,768
326,0,5,0,0,0,0,0,433782,0,0,0,0,138,768,0,0,0,0,0,0,0,0,0,0,0,0,0,0,0,0,0,0,0,64898,782,150,0,1,282,0,0,768,0,768
326,0,6,0,0,0,0,0,433782,0,0,0,0,130,768,0,0,0,0,0,0,0,0,0,0,0,0,0,0,0,0,0,0,0,64894,0,43,220,1,191,0,0,768,0,768
326,0,7,0,0,0,0,0,433782,0,0,0,0,130,768,0,0,0,0,0,0,0,0,0,0,0,0,0,0,0,0,0,0,0,65022,0,102,91,0,336,0,0,0,0,768
326,0,8,0,0,0,0,0,433782,0,0,0,0,53,0,0,0,0,0,0,0,0,0,0,0,0,0,0,0,0,0,0,0,0,0,0,52,0,39,110,0,0,0,0,0
326,0,9,0,0,0,0,0,433782,0,0,0,0,47,0,0,0,0,0,0,0,0,0,0,0,0,0,0,0,0,0,0,0,0,0,380,40,0,0,53,0,0,0,0,0
326,0,10,0,0,0,0,0,433782,0,0,0,0,53,0,0,0,0,0,0,0,0,0,0,0,0,0,0,0,0,0,0,0,0,0,0,82,86,0,124,0,0,0,0,0
326,0,11,0,0,0,0,0,433782,0,0,0,0,47,0,0,0,0,0,0,0,0,0,0,0,0,0,0,0,0,0,0,0,0,0,0,42,45,0,147,0,0,0,0,0
326,0,12,0,0,0,0,0,433782,0,0,0,0,47,0,0,0,0,0,0,0,0,0,0,0,0,0,0,0,0,0,0,0,0,0,0,0,0,45,93,0,0,0,0,0
326,0,13,0,0,0,0,0,433782,0,0,0,0,53,0,0,0,0,0,0,0,0,0,0,0,0,0,0,0,0,0,0,0,0,0,172,0,0,0,111,0,0,0,0,0
326,0,14,0,0,0,0,0,433782,0,0,0,0,47,0,0,0,0,0,0,0,0,0,0,0,0,0,0,0,0,0,0,0,0,0,0,0,86,0,63,0,0,0,0,0
326,0,15,0,0,0,0,0,433782,0,0,0,0,41,0,0,0,0,0,0,0,0,0,0,0,0,0,0,0,0,0,0,0,0,0,0,0,39,0,91,0,0,0,0,0
327,0,0,0,0,0,0,0,867580,0,0,783,394752,136,0,0,0,0,0,4881,0,0,0,0,0,0,0,0,783,783,0,127742,0,630468,394752,0,425,0,136,284,0,0,0,0,4608
327,0,1,0,0,0,0,0,433790,4881,0,0,0,1626,0,0,0,0,0,0,0,0,0,0,0,0,0,0,0,277,0,63986,0,253369,0,0,135,182,351,2732,0,0,768,0,0
327,0,2,0,0,0,0,0,433790,0,0,0,0,131,768,0,0,0,0,0,0,0,0,0,0,0,0,0,0,0,0,63966,0,126946,65020,0,324,225,468,284,0,0,768,0,768
327,0,3,0,0,0,0,0,433790,0,0,0,0,136,768,0,0,0,0,0,0,0,0,0,0,0,0,0,0,0,0,63744,0,0,64890,0,108,85,0,203,0,0,0,0,768
327,0,4,0,0,0,0,0,433790,0,0,0,0,131,768,0,0,0,0,0,0,0,0,0,0,0,0,0,0,0,0,0,0,0,65024,0,87,0,90,159,1536,0,0,0,768
327,0,5,0,0,0,0,0,433790,0,0,0,0,137,768,0,0,0,0,0,0,0,0,0,0,0,0,0,0,0,0,0,0,0,64902,781,150,0,0,277,0,0,768,0,768
327,0,6,0,0,0,0,0,433790,0,0,0,0,131,768,0,0,0,0,0,0,0,0,0,0,0,0,0,0,0,0,0,0,0,64888,0,39,218,2,193,0,0,768,0,768
327,0,7,0,0,0,0,0,433790,0,0,0,0,129,768,0,0,0,0,0,0,0,0,0,0,0,0,0,0,0,0,0,0,0,65022,0,100,92,0,337,0,0,0,0,768
327,0,8,0,0,0,0,0,433790,0,0,0,0,56,0,0,0,0,0,0,0,0,0,0,0,0,0,0,0,0,0,0,0,0,0,0,52,0,36,113,0,0,0,0,0
327,0,9,0,0,0,0,0,433790,0,0,0,0,50,0,0,0,0,0,0,0,0,0,0,0,0,0,0,0,0,0,0,0,0,0,380,40,0,0,56,0,0,0,0,0
327,0,10,0,0,0,0,0,433790,0,0,0,0,56,0,0,0,0,0,0,0,0,0,0,0,0,0,0,0,0,0,0,0,0,0,0,86,86,0,127,0,0,0,0,0
327,0,11,0,0,0,0,0,433790,0,0,0,0,50,0,0,0,0,0,0,0,0,0,0,0,0,0,0,0,0,0,0,0,0,0,0,44,42,0,134,0,0,0,0,0
327,0,12,0,0,0,0,0,433790,0,0,0,0,50,0,0,0,0,0,0,0,0,0,0,0,0,0,0,0,0,0,0,0,0,0,0,0,0,42,96,0,0,0,0,0
327,0,13,0,0,0,0,0,433790,0,0,0,0,56,0,0,0,0,0,0,0,0,0,0,0,0,0,0,0,0,0,0,0,0,0,172,0,0,0,114,0,0,0,0,0
327,0,14,0,0,0,0,0,433790,0,0,0,0,50,0,0,0,0,0,0,0,0,0,0,0,0,0,0,0,0,0,0,0,0,0,0,0,86,0,62,0,0,0,0,0
327,0,15,0,0,0,0,0,433790,0,0,0,0,44,0,0,0,0,0,0,0,0,0,0,0,0,0,0,0,0,0,0,0,0,0,0,0,36,0,92,0,0,0,0,0
328,0,0,0,0,0,0,0,1120858,0,0,1040,526336,136,0,0,0,0,0,5277,0,0,0,0,0,0,0,0,1040,1040,0,255457,0,753869,526336,0,556,0,136,284,0,0,0,0,6144
328,0,1,0,0,0,0,0,560429,5277,0,0,0,1863,0,0,0,0,0,0,0,0,0,0,0,0,0,0,0,524,0,126709,0,253172,0,0,127,253,313,3082,0,0,768,0,0
328,0,2,0,0,0,0,0,560429,0,0,0,0,131,768,0,0,0,0,0,0,0,0,0,0,0,0,0,0,0,0,64000,0,126278,65020,0,341,216,477,296,0,0,768,0,768
328,0,3,0,0,0,0,0,560429,0,0,0,0,127,768,0,0,0,0,0,0,0,0,0,0,0,0,0,0,0,0,63494,0,0,65019,0,130,94,0,163,0,0,0,0,768
328,0,4,0,0,0,0,0,560429,0,0,0,0,133,768,0,0,0,0,0,0,0,0,0,0,0,0,0,0,0,0,63999,0,0,65024,0,126,0,88,192,2304,0,0,0,768
328,0,5,0,0,0,0,0,560429,0,0,0,0,129,768,0,0,0,0,0,0,0,0,0,0,0,0,0,0,0,0,63985,0,0,65023,933,257,0,0,301,0,0,768,0,768
328,0,6,0,0,0,0,0,560429,0,0,0,0,140,768,0,0,0,0,0,0,0,0,0,0,0,0,0,0,0,0,0,0,0,65023,0,39,209,2,185,0,0,768,0,768
328,0,7,0,0,0,0,0,560429,0,0,0,0,128,768,0,0,0,0,0,0,0,0,0,0,0,0,0,0,0,0,0,0,0,64800,0,101,92,0,314,0,0,0,0,768
328,0,8,0,0,0,0,0,560429,0,0,0,0,138,768,0,0,0,0,0,0,0,0,0,0,0,0,0,0,0,0,0,0,0,65023,0,52,0,83,287,768,0,0,0,768
328,0,9,0,0,0,0,0,560429,0,0,0,0,136,768,0,0,0,0,0,0,0,0,0,0,0,0,0,0,0,0,0,0,0,65019,503,40,0,2,166,0,0,0,0,768
328,0,10,0,0,0,0,0,560429,0,0,0,0,56,0,0,0,0,0,0,0,0,0,0,0,0,0,0,0,0,0,0,0,0,0,0,86,86,0,127,0,0,0,0,0
328,0,11,0,0,0,0,0,560429,0,0,0,0,50,0,0,0,0,0,0,0,0,0,0,0,0,0,0,0,0,0,0,0,0,0,0,45,42,0,134,0,0,0,0,0
328,0,12,0,0,0,0,0,560429,0,0,0,0,50,0,0,0,0,0,0,0,0,0,0,0,0,0,0,0,0,0,0,0,0,0,0,0,0,42,96,0,0,0,0,0
328,0,13,0,0,0,0,0,560429,0,0,0,0,56,0,0,0,0,0,0,0,0,0,0,0,0,0,0,0,0,0,0,0,0,0,172,0,0,0,114,0,0,0,0,0
328,0,14,0,0,0,0,0,560429,0,0,0,0,50,0,0,0,0,0,0,0,0,0,0,0,0,0,0,0,0,0,0,0,0,0,0,0,86,0,62,0,0,0,0,0
328,0,15,0,0,0,0,0,560429,0,0,0,0,44,0,0,0,0,0,0,0,0,0,0,0,0,0,0,0,0,0,0,0,0,0,0,0,36,0,93,0,0,0,0,0
329,0,0,0,0,0,0,0,1121250,0,0,1040,526336,136,0,0,0,0,0,5281,0,0,0,0,0,0,0,0,1040,1040,0,255457,0,753861,526336,0,556,0,136,284,0,0,0,0,6144
329,0,1,0,0,0,0,0,560625,5280,0,0,0,1855,0,0,0,0,0,0,0,0,0,0,0,0,0,0,0,515,0,126720,0,253165,0,0,152,237,312,3111,0,0,768,0,0
329,0,2,0,0,0,0,0,560625,0,0,0,0,135,768,0,0,0,0,0,0,0,0,0,0,0,0,0,0,0,0,64000,0,126247,65020,0,344,218,464,311,0,0,768,0,768
329,0,3,0,0,0,0,0,560625,0,0,0,0,133,768,0,0,0,0,0,0,0,0,0,0,0,0,0,0,0,0,63489,0,0,65018,0,134,88,0,178,0,0,0,0,768
329,0,4,0,0,0,0,0,560625,0,0,0,0,138,768,0,0,0,0,0,0,0,0,0,0,0,0,0,0,0,0,63999,0,0,65024,0,116,0,83,191,2304,0,0,0,768
329,0,5,0,0,0,0,0,560625,0,0,0,0,136,768,0,0,0,0,0,0,0,0,0,0,0,0,0,0,0,0,63993,0,0,65023,894,244,0,1,296,0,0,768,0,768
329,0,6,0,0,0,0,0,560625,0,0,0,0,134,768,0,0,0,0,0,0,0,0,0,0,0,0,0,0,0,0,0,0,0,65022,0,43,230,1,172,0,0,768,0,768
329,0,7,0,0,0,0,0,560625,0,0,0,0,143,768,0,0,0,0,0,0,0,0,0,0,0,0,0,0,0,0,0,0,0,64779,0,102,77,0,325,0,0,0,0,768
329,0,8,0,0,0,0,0,560625,0,0,0,0,145,768,0,0,0,0,0,0,0,0,0,0,0,0,0,0,0,0,0,0,0,65023,0,52,0,76,304,768,0,0,0,768
329,0,9,0,0,0,0,0,560625,0,0,0,0,130,768,0,0,0,0,0,0,0,0,0,0,0,0,0,0,0,0,0,0,0,65022,518,40,0,0,173,0,0,0,0,768
329,0,10,0,0,0,0,0,560625,0,0,0,0,53,0,0,0,0,0,0,0,0,0,0,0,0,0,0,0,0,0,0,0,0,0,0,82,86,2,124,0,0,0,0,0
329,0,11,0,0,0,0,0,560625,0,0,0,0,47,0,0,0,0,0,0,0,0,0,0,0,0,0,0,0,0,0,0,0,0,0,0,42,45,0,131,0,0,0,0,0
329,0,12,0,0,0,0,0,560625,0,0,0,0,47,0,0,0,0,0,0,0,0,0,0,0,0,0,0,0,0,0,0,0,0,0,0,0,0,45,93,0,0,0,0,0
329,0,13,0,0,0,0,0,560625,0,0,0,0,53,0,0,0,0,0,0,0,0,0,0,0,0,0,0,0,0,0,0,0,0,0,172,0,0,0,111,0,0,0,0,0
329,0,14,0,0,0,0,0,560625,0,0,0,0,47,0,0,0,0,0,0,0,0,0,0,0,0,0,0,0,0,0,0,0,0,0,0,0,86,0,63,0,0,0,0,0
329,0,15,0,0,0,0,0,560625,0,0,0,0,41,0,0,0,0,0,0,0,0,0,0,0,0,0,0,0,0,0,0,0,0,0,0,0,39,0,93,0,0,0,0,0
330,0,0,0,0,0,0,0,1120812,0,0,1040,526336,136,0,0,0,0,0,5280,0,0,0,0,0,0,0,0,1040,1040,0,255457,0,753829,526336,0,556,0,136,284,0,0,0,0,6144
330,0,1,0,0,0,0,0,560406,5280,0,0,0,1870,0,0,0,0,0,0,0,0,0,0,0,0,0,0,0,525,0,126709,0,253154,0,0,135,250,301,3092,0,0,768,0,0
330,0,2,0,0,0,0,0,560406,0,0,0,0,128,768,0,0,0,0,0,0,0,0,0,0,0,0,0,0,0,0,64000,0,126281,65017,0,342,224,483,298,0,0,768,0,768
330,0,3,0,0,0,0,0,560406,0,0,0,0,131,768,0,0,0,0,0,0,0,0,0,0,0,0,0,0,0,0,63495,0,0,65019,0,128,89,0,164,0,0,0,0,768
330,0,4,0,0,0,0,0,560406,0,0,0,0,137,768,0,0,0,0,0,0,0,0,0,0,0,0,0,0,0,0,63999,0,0,65024,0,126,0,84,193,2304,0,0,0,768
330,0,5,0,0,0,0,0,560406,0,0,0,0,128,768,0,0,0,0,0,0,0,0,0,0,0,0,0,0,0,0,63987,0,0,65023,922,253,0,1,296,0,0,768,0,768
330,0,6,0,0,0,0,0,560406,0,0,0,0,140,768,0,0,0,0,0,0,0,0,0,0,0,0,0,0,0,0,0,0,0,65022,0,39,212,2,184,0,0,768,0,768
330,0,7,0,0,0,0,0,560406,0,0,0,0,133,768,0,0,0,0,0,0,0,0,0,0,0,0,0,0,0,0,0,0,0,64811,0,99,88,0,322,0,0,0,0,768
330,0,8,0,0,0,0,0,560406,0,0,0,0,143,768,0,0,0,0,0,0,0,0,0,0,0,0,0,0,0,0,0,0,0,65023,0,52,0,78,292,768,0,0,0,768
330,0,9,0,0,0,0,0,560406,0,0,0,0,130,768,0,0,0,0,0,0,0,0,0,0,0,0,0,0,0,0,0,0,0,65019,515,40,0,1,164,0,0,0,0,768
330,0,10,0,0,0,0,0,560406,0,0,0,0,56,0,0,0,0,0,0,0,0,0,0,0,0,0,0,0,0,0,0,0,0,0,0,86,86,1,127,0,0,0,0,0
330,0,11,0,0,0,0,0,560406,0,0,0,0,50,0,0,0,0,0,0,0,0,0,0,0,0,0,0,0,0,0,0,0,0,0,0,46,42,0,166,0,0,0,0,0
330,0,12,0,0,0,0,0,560406,0,0,0,0,50,0,0,0,0,0,0,0,0,0,0,0,0,0,0,0,0,0,0,0,0,0,0,0,0,42,96,0,0,0,0,0
330,0,13,0,0,0,0,0,560406,0,0,0,0,56,0,0,0,0,0,0,0,0,0,0,0,0,0,0,0,0,0,0,0,0,0,172,0,0,0,114,0,0,0,0,0
330,0,14,0,0,0,0,0,560406,0,0,0,0,50,0,0,0,0,0,0,0,0,0,0,0,0,0,0,0,0,0,0,0,0,0,0,0,86,0,62,0,0,0,0,0
330,0,15,0,0,0,0,0,560406,0,0,0,0,44,0,0,0,0,0,0,0,0,0,0,0,0,0,0,0,0,0,0,0,0,0,0,0,36,0,92,0,0,0,0,0
331,0,0,0,0,0,0,0,1370376,0,0,1298,657920,136,0,0,0,0,0,5679,0,0,0,0,0,0,0,0,1298,1298,0,254454,0,1002797,657920,0,556,0,136,284,0,0,0,0,249774
331,0,1,0,0,0,0,0,685188,5679,0,0,0,2119,0,0,0,0,0,0,0,0,0,0,0,0,0,0,0,540,0,126587,0,377811,0,0,123,247,327,3481,0,0,768,0,0
331,0,2,0,0,0,0,0,685188,0,0,0,0,130,768,0,0,0,0,0,0,0,0,0,0,0,0,0,0,0,0,126971,0,189371,65020,0,470,222,579,311,0,0,768,0,768
331,0,3,0,0,0,0,0,685188,0,0,0,0,135,768,0,0,0,0,0,0,0,0,0,0,0,0,0,0,0,0,126719,0,0,65023,0,141,86,0,189,0,0,0,0,768
331,0,4,0,0,0,0,0,685188,0,0,0,0,138,768,0,0,0,0,0,0,0,0,0,0,0,0,0,0,0,0,63875,0,0,65024,0,131,0,83,187,3072,0,0,0,768
331,0,5,0,0,0,0,0,685188,0,0,0,0,141,768,0,0,0,0,0,0,0,0,0,0,0,0,0,0,0,0,63976,0,0,65022,1038,245,0,0,329,0,0,768,0,768
331,0,6,0,0,0,0,0,685188,0,0,0,0,143,768,0,0,0,0,0,0,0,0,0,0,0,0,0,0,0,0,63636,0,0,64905,0,53,220,2,176,0,0,768,0,768
331,0,7,0,0,0,0,0,685188,0,0,0,0,142,768,0,0,0,0,0,0,0,0,0,0,0,0,0,0,0,0,63743,0,0,65023,0,214,78,0,335,0,0,0,0,768
331,0,8,0,0,0,0,0,685188,0,0,0,0,147,768,0,0,0,0,0,0,0,0,0,0,0,0,0,0,0,0,0,0,0,64887,0,52,0,74,291,1536,0,0,0,768
331,0,9,0,0,0,0,0,685188,0,0,0,0,141,768,0,0,0,0,0,0,0,0,0,0,0,0,0,0,0,0,0,0,0,64900,636,40,0,1,183,0,0,768,0,768
331,0,10,0,0,0,0,0,685188,0,0,0,0,141,768,0,0,0,0,0,0,0,0,0,0,0,0,0,0,0,0,0,0,0,65023,0,86,214,1,329,0,0,768,0,768
331,0,11,0,0,0,0,0,685188,0,0,0,0,134,768,0,0,0,0,0,0,0,0,0,0,0,0,0,0,0,0,0,0,0,65024,0,45,86,0,362,0,0,0,0,768
331,0,12,0,0,0,0,0,685188,0,0,0,0,50,0,0,0,0,0,0,0,0,0,0,0,0,0,0,0,0,0,0,0,0,0,0,0,0,42,96,0,0,0,0,0
331,0,13,0,0,0,0,0,685188,0,0,0,0,56,0,0,0,0,0,0,0,0,0,0,0,0,0,0,0,0,0,0,0,0,0,172,0,0,0,114,0,0,0,0,0
331,0,14,0,0,0,0,0,685188,0,0,0,0,50,0,0,0,0,0,0,0,0,0,0,0,0,0,0,0,0,0,0,0,0,0,0,0,86,0,62,0,0,0,0,0
331,0,15,0,0,0,0,0,685188,0,0,0,0,44,0,0,0,0,0,0,0,0,0,0,0,0,0,0,0,0,0,0,0,0,0,0,0,36,0,95,0,0,0,0,0
332,0,0,0,0,0,0,0,1370427,0,0,1298,657920,136,0,0,0,0,0,5679,0,0,0,0,0,0,0,0,1298,1298,0,254435,0,1002841,657920,0,556,0,136,284,0,0,0,0,249776
332,0,1,0,0,0,0,0,685214,5679,0,0,0,2120,0,0,0,0,0,0,0,0,0,0,0,0,0,0,0,542,0,126592,0,377823,0,0,127,257,312,3493,0,0,768,0,0
332,0,2,0,0,0,0,0,685214,0,0,0,0,133,768,0,0,0,0,0,0,0,0,0,0,0,0,0,0,0,0,126970,0,189380,65020,0,475,220,584,318,0,0,768,0,768
332,0,3,0,0,0,0,0,685214,0,0,0,0,135,768,0,0,0,0,0,0,0,0,0,0,0,0,0,0,0,0,126719,0,0,65023,0,132,86,0,193,0,0,0,0,768
332,0,4,0,0,0,0,0,685214,0,0,0,0,133,768,0,0,0,0,0,0,0,0,0,0,0,0,0,0,0,0,63867,0,0,65024,0,133,0,88,190,3072,0,0,0,768
332,0,5,0,0,0,0,0,685214,0,0,0,0,141,768,0,0,0,0,0,0,0,0,0,0,0,0,0,0,0,0,63979,0,0,65023,1029,242,0,0,328,0,0,768,0,768
332,0,6,0,0,0,0,0,685214,0,0,0,0,142,768,0,0,0,0,0,0,0,0,0,0,0,0,0,0,0,0,63633,0,0,64905,0,56,224,2,167,0,0,768,0,768
332,0,7,0,0,0,0,0,685214,0,0,0,0,146,768,0,0,0,0,0,0,0,0,0,0,0,0,0,0,0,0,63743,0,0,65024,0,214,75,0,347,0,0,0,0,768
332,0,8,0,0,0,0,0,685214,0,0,0,0,145,768,0,0,0,0,0,0,0,0,0,0,0,0,0,0,0,0,0,0,0,64888,0,52,0,76,287,1536,0,0,0,768
332,0,9,0,0,0,0,0,685214,0,0,0,0,138,768,0,0,0,0,0,0,0,0,0,0,0,0,0,0,0,0,0,0,0,64900,636,40,0,1,183,0,0,768,0,768
332,0,10,0,0,0,0,0,685214,0,0,0,0,136,768,0,0,0,0,0,0,0,0,0,0,0,0,0,0,0,0,0,0,0,65023,0,82,215,1,325,0,0,768,0,768
332,0,11,0,0,0,0,0,685214,0,0,0,0,131,768,0,0,0,0,0,0,0,0,0,0,0,0,0,0,0,0,0,0,0,65024,0,46,90,0,345,0,0,0,0,768
332,0,12,0,0,0,0,0,685214,0,0,0,0,47,0,0,0,0,0,0,0,0,0,0,0,0,0,0,0,0,0,0,0,0,0,0,0,0,45,93,0,0,0,0,0
332,0,13,0,0,0,0,0,685214,0,0,0,0,53,0,0,0,0,0,0,0,0,0,0,0,0,0,0,0,0,0,0,0,0,0,172,0,0,0,111,0,0,0,0,0
332,0,14,0,0,0,0,0,685214,0,0,0,0,47,0,0,0,0,0,0,0,0,0,0,0,0,0,0,0,0,0,0,0,0,0,0,0,86,0,63,0,0,0,0,0
332,0,15,0,0,0,0,0,685214,0,0,0,0,41,0,0,0,0,0,0,0,0,0,0,0,0,0,0,0,0,0,0,0,0,0,0,0,39,0,91,0,0,0,0,0
333,0,0,0,0,0,0,0,1370374,0,0,1298,657920,136,0,0,0,0,0,5676,0,0,0,0,0,0,0,0,1298,1298,0,254454,0,1002837,657920,0,556,0,136,284,0,0,0,0,249765
333,0,1,0,0,0,0,0,685187,5676,0,0,0,2100,0,0,0,0,0,0,0,0,0,0,0,0,0,0,0,540,0,126597,0,377814,0,0,133,254,329,3465,0,0,768,0,0
333,0,2,0,0,0,0,0,685187,0,0,0,0,134,768,0,0,0,0,0,0,0,0,0,0,0,0,0,0,0,0,126962,0,189377,65020,0,468,220,578,315,0,0,768,0,768
333,0,3,0,0,0,0,0,685187,0,0,0,0,135,768,0,0,0,0,0,0,0,0,0,0,0,0,0,0,0,0,126719,0,0,65023,0,139,85,0,193,0,0,0,0,768
333,0,4,0,0,0,0,0,685187,0,0,0,0,135,768,0,0,0,0,0,0,0,0,0,0,0,0,0,0,0,0,63875,0,0,65024,0,132,0,86,189,3072,0,0,0,768
333,0,5,0,0,0,0,0,685187,0,0,0,0,136,768,0,0,0,0,0,0,0,0,0,0,0,0,0,0,0,0,63978,0,0,65023,1037,239,0,0,320,0,0,768,0,768
333,0,6,0,0,0,0,0,685187,0,0,0,0,135,768,0,0,0,0,0,0,0,0,0,0,0,0,0,0,0,0,63629,0,0,64906,0,57,225,2,166,0,0,768,0,768
333,0,7,0,0,0,0,0,685187,0,0,0,0,140,768,0,0,0,0,0,0,0,0,0,0,0,0,0,0,0,0,63743,0,0,65023,0,210,81,0,338,0,0,0,0,768
333,0,8,0,0,0,0,0,685187,0,0,0,0,138,768,0,0,0,0,0,0,0,0,0,0,0,0,0,0,0,0,0,0,0,64887,0,52,0,83,281,1536,0,0,0,768
333,0,9,0,0,0,0,0,685187,0,0,0,0,132,768,0,0,0,0,0,0,0,0,0,0,0,0,0,0,0,0,0,0,0,64900,634,40,0,0,180,0,0,768,0,768
333,0,10,0,0,0,0,0,685187,0,0,0,0,136,768,0,0,0,0,0,0,0,0,0,0,0,0,0,0,0,0,0,0,0,65020,0,82,217,2,324,0,0,768,0,768
333,0,11,0,0,0,0,0,685187,0,0,0,0,133,768,0,0,0,0,0,0,0,0,0,0,0,0,0,0,0,0,0,0,0,65024,0,46,88,0,344,0,0,0,0,768
333,0,12,0,0,0,0,0,685187,0,0,0,0,47,0,0,0,0,0,0,0,0,0,0,0,0,0,0,0,0,0,0,0,0,0,0,0,0,45,93,0,0,0,0,0
333,0,13,0,0,0,0,0,685187,0,0,0,0,53,0,0,0,0,0,0,0,0,0,0,0,0,0,0,0,0,0,0,0,0,0,172,0,0,0,111,0,0,0,0,0
333,0,14,0,0,0,0,0,685187,0,0,0,0,47,0,0,0,0,0,0,0,0,0,0,0,0,0,0,0,0,0,0,0,0,0,0,0,86,0,63,0,0,0,0,0
333,0,15,0,0,0,0,0,685187,0,0,0,0,41,0,0,0,0,0,0,0,0,0,0,0,0,0,0,0,0,0,0,0,0,0,0,0,39,0,91,0,0,0,0,0
334,0,0,0,0,0,0,0,1741458,0,0,1686,855296,136,0,0,0,0,0,6276,0,0,0,0,0,0,0,0,1686,1686,0,377283,0,1246057,855296,0,691,0,136,284,0,0,0,0,1458114
334,0,1,0,0,0,0,0,870729,6276,0,0,0,2255,0,0,0,0,0,0,0,0,0,0,0,0,0,0,0,890,0,189920,0,438249,0,0,200,292,460,3818,0,0,768,0,0
334,0,2,0,0,0,0,0,870729,0,0,0,0,126,768,0,0,0,0,0,0,0,0,0,0,0,0,0,0,0,0,188422,0,188770,65020,0,523,203,537,284,0,0,768,0,768
334,0,3,0,0,0,0,0,870729,0,0,0,0,122,768,0,0,0,0,0,0,0,0,0,0,0,0,0,0,0,0,126677,0,0,65021,0,187,89,0,166,0,0,0,0,768
334,0,4,0,0,0,0,0,870729,0,0,0,0,137,768,0,0,0,0,0,0,0,0,0,0,0,0,0,0,0,0,126809,0,0,64998,0,165,0,84,196,3939,0,0,0,768
334,0,5,0,0,0,0,0,870729,0,0,0,0,136,768,0,0,0,0,0,0,0,0,0,0,0,0,0,0,0,0,127483,0,0,65023,1238,329,0,1,298,0,0,746,0,768
334,0,6,0,0,0,0,0,870729,0,0,0,0,133,768,0,0,0,0,0,0,0,0,0,0,0,0,0,0,0,0,126863,0,0,64950,0,123,227,2,180,0,0,768,0,768
334,0,7,0,0,0,0,0,870729,0,0,0,0,138,768,0,0,0,0,0,0,0,0,0,0,0,0,0,0,0,0,63704,0,0,64964,0,192,84,0,311,0,0,0,0,768
334,0,8,0,0,0,0,0,870729,0,0,0,0,150,768,0,0,0,0,0,0,0,0,0,0,0,0,0,0,0,0,63976,0,0,64949,0,143,0,73,304,3071,0,0,0,768
334,0,9,0,0,0,0,0,870729,0,0,0,0,135,768,0,0,0,0,0,0,0,0,0,0,0,0,0,0,0,0,63957,0,0,65016,834,82,0,1,186,0,0,768,0,768
334,0,10,0,0,0,0,0,870729,0,0,0,0,141,768,0,0,0,0,0,0,0,0,0,0,0,0,0,0,0,0,63655,0,0,64948,0,180,214,1,300,0,0,768,0,768
334,0,11,0,0,0,0,0,870729,0,0,0,0,133,768,0,0,0,0,0,0,0,0,0,0,0,0,0,0,0,0,0,0,0,65024,0,44,90,0,355,0,0,0,0,768
334,0,12,0,0,0,0,0,870729,0,0,0,0,132,768,0,0,0,0,0,0,0,0,0,0,0,0,0,0,0,0,0,0,0,64949,0,0,0,91,220,768,0,0,0,768
334,0,13,0,0,0,0,0,870729,0,0,0,0,145,768,0,0,0,0,0,0,0,0,0,0,0,0,0,0,0,0,0,0,0,64948,379,0,0,0,294,0,0,768,0,768
334,0,14,0,0,0,0,0,870729,0,0,0,0,134,768,0,0,0,0,0,0,0,0,0,0,0,0,0,0,0,0,0,0,0,65001,0,0,133,2,185,0,0,0,0,768
334,0,15,0,0,0,0,0,870729,0,0,0,0,44,0,0,0,0,0,0,0,0,0,0,0,0,0,0,0,0,0,0,0,0,0,0,0,36,0,97,0,0,0,0,0
335,0,0,0,0,0,0,0,1741814,0,0,1692,855296,136,0,0,0,0,0,6282,0,0,0,0,0,0,0,0,1692,1692,0,377260,0,1246156,855296,0,691,0,136,284,0,0,0,0,1458140
335,0,1,0,0,0,0,0,870907,6282,0,0,0,2218,0,0,0,0,0,0,0,0,0,0,0,0,0,0,0,899,0,189916,0,438292,0,0,209,301,479,3750,0,0,768,0,0
335,0,2,0,0,0,0,0,870907,0,0,0,0,123,768,0,0,0,0,0,0,0,0,0,0,0,0,0,0,0,0,188428,0,188768,65020,0,512,217,525,284,0,0,768,0,768
335,0,3,0,0,0,0,0,870907,0,0,0,0,132,768,0,0,0,0,0,0,0,0,0,0,0,0,0,0,0,0,126658,0,0,65023,0,193,79,0,182,0,0,0,0,768
335,0,4,0,0,0,0,0,870907,0,0,0,0,133,768,0,0,0,0,0,0,0,0,0,0,0,0,0,0,0,0,126808,0,0,65002,0,173,0,88,194,3938,0,0,0,768
335,0,5,0,0,0,0,0,870907,0,0,0,0,134,768,0,0,0,0,0,0,0,0,0,0,0,0,0,0,0,0,127476,0,0,65022,1255,329,0,1,287,0,0,747,0,768
335,0,6,0,0,0,0,0,870907,0,0,0,0,138,768,0,0,0,0,0,0,0,0,0,0,0,0,0,0,0,0,126870,0,0,64950,0,135,226,1,184,0,0,768,0,768
335,0,7,0,0,0,0,0,870907,0,0,0,0,142,768,0,0,0,0,0,0,0,0,0,0,0,0,0,0,0,0,63711,0,0,64947,0,186,81,0,315,0,0,0,0,768
335,0,8,0,0,0,0,0,870907,0,0,0,0,145,768,0,0,0,0,0,0,0,0,0,0,0,0,0,0,0,0,63968,0,0,64942,0,142,0,78,292,3078,0,0,0,768
335,0,9,0,0,0,0,0,870907,0,0,0,0,135,768,0,0,0,0,0,0,0,0,0,0,0,0,0,0,0,0,63952,0,0,65017,816,88,0,2,180,0,0,768,0,768
335,0,10,0,0,0,0,0,870907,0,0,0,0,141,768,0,0,0,0,0,0,0,0,0,0,0,0,0,0,0,0,63627,0,0,64948,0,172,218,0,296,0,0,768,0,768
335,0,11,0,0,0,0,0,870907,0,0,0,0,137,768,0,0,0,0,0,0,0,0,0,0,0,0,0,0,0,0,0,0,0,65018,0,46,86,0,322,0,0,0,0,768
335,0,12,0,0,0,0,0,870907,0,0,0,0,133,768,0,0,0,0,0,0,0,0,0,0,0,0,0,0,0,0,0,0,0,64949,0,0,0,90,222,768,0,0,0,768
335,0,13,0,0,0,0,0,870907,0,0,0,0,144,768,0,0,0,0,0,0,0,0,0,0,0,0,0,0,0,0,0,0,0,64945,387,0,0,1,287,0,0,768,0,768
335,0,14,0,0,0,0,0,870907,0,0,0,0,138,768,0,0,0,0,0,0,0,0,0,0,0,0,0,0,0,0,0,0,0,64993,0,0,126,1,197,0,0,0,0,768
335,0,15,0,0,0,0,0,870907,0,0,0,0,41,0,0,0,0,0,0,0,0,0,0,0,0,0,0,0,0,0,0,0,0,0,0,0,39,0,93,0,0,0,0,0
336,0,0,0,0,0,0,0,1741740,0,0,1689,855296,136,0,0,0,0,0,6282,0,0,0,0,0,0,0,0,1689,1689,0,377093,0,1246354,855296,0,691,0,136,284,0,0,0,0,1458019
336,0,1,0,0,0,0,0,870870,6282,0,0,0,2292,0,0,0,0,0,0,0,0,0,0,0,0,0,0,0,899,0,189887,0,438403,0,0,193,285,437,3807,0,0,768,0,0
336,0,2,0,0,0,0,0,870870,0,0,0,0,119,768,0,0,0,0,0,0,0,0,0,0,0,0,0,0,0,0,188539,0,188784,65021,0,532,215,549,279,0,0,768,0,768
336,0,3,0,0,0,0,0,870870,0,0,0,0,127,768,0,0,0,0,0,0,0,0,0,0,0,0,0,0,0,0,126680,0,0,65023,0,177,84,0,169,0,0,0,0,768
336,0,4,0,0,0,0,0,870870,0,0,0,0,135,768,0,0,0,0,0,0,0,0,0,0,0,0,0,0,0,0,126742,0,0,65002,0,161,0,86,192,3946,0,0,0,768
336,0,5,0,0,0,0,0,870870,0,0,0,0,133,768,0,0,0,0,0,0,0,0,0,0,0,0,0,0,0,0,127460,0,0,65023,1274,337,0,2,294,0,0,746,0,768
336,0,6,0,0,0,0,0,870870,0,0,0,0,136,768,0,0,0,0,0,0,0,0,0,0,0,0,0,0,0,0,126948,0,0,64957,0,121,222,0,176,0,0,768,0,768
336,0,7,0,0,0,0,0,870870,0,0,0,0,136,768,0,0,0,0,0,0,0,0,0,0,0,0,0,0,0,0,63714,0,0,64964,0,200,87,0,312,0,0,0,0,768
336,0,8,0,0,0,0,0,870870,0,0,0,0,143,768,0,0,0,0,0,0,0,0,0,0,0,0,0,0,0,0,63969,0,0,64928,0,147,0,80,297,3072,0,0,0,768
336,0,9,0,0,0,0,0,870870,0,0,0,0,136,768,0,0,0,0,0,0,0,0,0,0,0,0,0,0,0,0,63949,0,0,65015,803,79,0,1,182,0,0,768,0,768
336,0,10,0,0,0,0,0,870870,0,0,0,0,141,768,0,0,0,0,0,0,0,0,0,0,0,0,0,0,0,0,63709,0,0,64949,0,180,221,1,302,0,0,768,0,768
336,0,11,0,0,0,0,0,870870,0,0,0,0,140,768,0,0,0,0,0,0,0,0,0,0,0,0,0,0,0,0,0,0,0,65024,0,43,83,0,353,0,0,0,0,768
336,0,12,0,0,0,0,0,870870,0,0,0,0,141,768,0,0,0,0,0,0,0,0,0,0,0,0,0,0,0,0,0,0,0,64946,0,0,0,82,225,768,0,0,0,768
336,0,13,0,0,0,0,0,870870,0,0,0,0,145,768,0,0,0,0,0,0,0,0,0,0,0,0,0,0,0,0,0,0,0,64949,395,0,0,1,297,0,0,768,0,768
336,0,14,0,0,0,0,0,870870,0,0,0,0,139,768,0,0,0,0,0,0,0,0,0,0,0,0,0,0,0,0,0,0,0,65023,0,0,125,1,190,0,0,0,0,768
336,0,15,0,0,0,0,0,870870,0,0,0,0,41,0,0,0,0,0,0,0,0,0,0,0,0,0,0,0,0,0,0,0,0,0,0,0,39,0,96,0,0,0,0,0
337,0,0,0,0,0,0,0,244692,0,0,258,65664,136,0,0,0,0,0,4062,0,0,0,0,0,0,0,0,258,258,0,0,0,128339,65664,0,294,0,136,284,0,0,0,0,384
337,0,1,0,0,0,0,0,122346,4062,0,0,0,1310,0,0,0,0,0,0,0,0,0,0,0,0,0,0,0,12,0,0,0,64747,0,0,78,172,207,2260,0,0,384,0,0
337,0,2,0,0,0,0,0,122346,0,0,0,0,270,384,0,0,0,0,0,0,0,0,0,0,0,0,0,0,0,0,0,0,0,65149,0,250,125,274,571,0,0,0,0,384
337,0,3,0,0,0,0,0,122346,0,0,0,0,47,0,0,0,0,0,0,0,0,0,0,0,0,0,0,0,0,0,0,0,0,0,0,99,45,0,55,0,0,0,0,0
337,0,4,0,0,0,0,0,122346,0,0,0,0,50,0,0,0,0,0,0,0,0,0,0,0,0,0,0,0,0,0,0,0,0,0,0,87,0,42,67,0,0,0,0,0
337,0,5,0,0,0,0,0,122346,0,0,0,0,50,0,0,0,0,0,0,0,0,0,0,0,0,0,0,0,0,0,0,0,0,0,525,150,0,0,116,0,0,0,0,0
337,0,6,0,0,0,0,0,122346,0,0,0,0,50,0,0,0,0,0,0,0,0,0,0,0,0,0,0,0,0,0,0,0,0,0,0,39,95,0,55,0,0,0,0,0
337,0,7,0,0,0,0,0,122346,0,0,0,0,53,0,0,0,0,0,0,0,0,0,0,0,0,0,0,0,0,0,0,0,0,0,0,99,39,0,138,0,0,0,0,0
337,0,8,0,0,0,0,0,122346,0,0,0,0,56,0,0,0,0,0,0,0,0,0,0,0,0,0,0,0,0,0,0,0,0,0,0,52,0,36,113,0,0,0,0,0
337,0,9,0,0,0,0,0,122346,0,0,0,0,50,0,0,0,0,0,0,0,0,0,0,0,0,0,0,0,0,0,0,0,0,0,380,40,0,0,56,0,0,0,0,0
337,0,10,0,0,0,0,0,122346,0,0,0,0,56,0,0,0,0,0,0,0,0,0,0,0,0,0,0,0,0,0,0,0,0,0,0,86,86,0,127,0,0,0,0,0
337,0,11,0,0,0,0,0,122346,0,0,0,0,50,0,0,0,0,0,0,0,0,0,0,0,0,0,0,0,0,0,0,0,0,0,0,40,42,0,182,0,0,0,0,0
337,0,12,0,0,0,0,0,122346,0,0,0,0,50,0,0,0,0,0,0,0,0,0,0,0,0,0,0,0,0,0,0,0,0,0,0,0,0,42,96,0,0,0,0,0
337,0,13,0,0,0,0,0,122346,0,0,0,0,56,0,0,0,0,0,0,0,0,0,0,0,0,0,0,0,0,0,0,0,0,0,172,0,0,0,114,0,0,0,0,0
337,0,14,0,0,0,0,0,122346,0,0,0,0,50,0,0,0,0,0,0,0,0,0,0,0,0,0,0,0,0,0,0,0,0,0,0,0,86,0,62,0,0,0,0,0
337,0,15,0,0,0,0,0,122346,0,0,0,0,44,0,0,0,0,0,0,0,0,0,0,0,0,0,0,0,0,0,0,0,0,0,0,0,36,0,91,0,0,0,0,0
338,0,0,0,0,0,0,0,244693,0,0,258,65664,136,0,0,0,0,0,4065,0,0,0,0,0,0,0,0,258,258,0,0,0,128327,65664,0,294,0,136,284,0,0,0,0,384
338,0,1,0,0,0,0,0,122347,4065,0,0,0,1303,0,0,0,0,0,0,0,0,0,0,0,0,0,0,0,11,0,0,0,64741,0,0,78,172,214,2243,0,0,384,0,0
338,0,2,0,0,0,0,0,122347,0,0,0,0,261,384,0,0,0,0,0,0,0,0,0,0,0,0,0,0,0,0,0,0,0,65146,0,250,135,273,555,0,0,0,0,384
338,0,3,0,0,0,0,0,122347,0,0,0,0,47,0,0,0,0,0,0,0,0,0,0,0,0,0,0,0,0,0,0,0,0,0,0,100,45,0,55,0,0,0,0,0
338,0,4,0,0,0,0,0,122347,0,0,0,0,50,0,0,0,0,0,0,0,0,0,0,0,0,0,0,0,0,0,0,0,0,0,0,87,0,42,67,0,0,0,0,0
338,0,5,0,0,0,0,0,122347,0,0,0,0,50,0,0,0,0,0,0,0,0,0,0,0,0,0,0,0,0,0,0,0,0,0,525,150,0,0,116,0,0,0,0,0
338,0,6,0,0,0,0,0,122347,0,0,0,0,50,0,0,0,0,0,0,0,0,0,0,0,0,0,0,0,0,0,0,0,0,0,0,39,95,0,55,0,0,0,0,0
338,0,7,0,0,0,0,0,122347,0,0,0,0,53,0,0,0,0,0,0,0,0,0,0,0,0,0,0,0,0,0,0,0,0,0,0,98,39,0,138,0,0,0,0,0
338,0,8,0,0,0,0,0,122347,0,0,0,0,56,0,0,0,0,0,0,0,0,0,0,0,0,0,0,0,0,0,0,0,0,0,0,52,0,36,113,0,0,0,0,0
338,0,9,0,0,0,0,0,122347,0,0,0,0,50,0,0,0,0,0,0,0,0,0,0,0,0,0,0,0,0,0,0,0,0,0,380,40,0,0,56,0,0,0,0,0
338,0,10,0,0,0,0,0,122347,0,0,0,0,56,0,0,0,0,0,0,0,0,0,0,0,0,0,0,0,0,0,0,0,0,0,0,86,86,0,127,0,0,0,0,0
338,0,11,0,0,0,0,0,122347,0,0,0,0,50,0,0,0,0,0,0,0,0,0,0,0,0,0,0,0,0,0,0,0,0,0,0,41,42,0,102,0,0,0,0,0
338,0,12,0,0,0,0,0,122347,0,0,0,0,50,0,0,0,0,0,0,0,0,0,0,0,0,0,0,0,0,0,0,0,0,0,0,0,0,42,96,0,0,0,0,0
338,0,13,0,0,0,0,0,122347,0,0,0,0,56,0,0,0,0,0,0,0,0,0,0,0,0,0,0,0,0,0,0,0,0,0,172,0,0,0,114,0,0,0,0,0
338,0,14,0,0,0,0,0,122347,0,0,0,0,50,0,0,0,0,0,0,0,0,0,0,0,0,0,0,0,0,0,0,0,0,0,0,0,86,0,62,0,0,0,0,0
338,0,15,0,0,0,0,0,122347,0,0,0,0,44,0,0,0,0,0,0,0,0,0,0,0,0,0,0,0,0,0,0,0,0,0,0,0,36,0,90,0,0,0,0,0
339,0,0,0,0,0,0,0,244733,0,0,258,65664,136,0,0,0,0,0,4065,0,0,0,0,0,0,0,0,258,258,0,0,0,128325,65664,0,294,0,136,284,0,0,0,0,384
339,0,1,0,0,0,0,0,122367,4065,0,0,0,1295,0,0,0,0,0,0,0,0,0,0,0,0,0,0,0,12,0,0,0,64739,0,0,79,174,219,2237,0,0,384,0,0
339,0,2,0,0,0,0,0,122367,0,0,0,0,260,384,0,0,0,0,0,0,0,0,0,0,0,0,0,0,0,0,0,0,0,65146,0,246,136,275,551,0,0,0,0,384
339,0,3,0,0,0,0,0,122367,0,0,0,0,47,0,0,0,0,0,0,0,0,0,0,0,0,0,0,0,0,0,0,0,0,0,0,98,45,0,55,0,0,0,0,0
339,0,4,0,0,0,0,0,122367,0,0,0,0,47,0,0,0,0,0,0,0,0,0,0,0,0,0,0,0,0,0,0,0,0,0,0,87,0,45,66,0,0,0,0,0
339,0,5,0,0,0,0,0,122367,0,0,0,0,47,0,0,0,0,0,0,0,0,0,0,0,0,0,0,0,0,0,0,0,0,0,522,150,0,0,112,0,0,0,0,0
339,0,6,0,0,0,0,0,122367,0,0,0,0,47,0,0,0,0,0,0,0,0,0,0,0,0,0,0,0,0,0,0,0,0,0,0,43,98,0,52,0,0,0,0,0
339,0,7,0,0,0,0,0,122367,0,0,0,0,53,0,0,0,0,0,0,0,0,0,0,0,0,0,0,0,0,0,0,0,0,0,0,98,39,0,140,0,0,0,0,0
339,0,8,0,0,0,0,0,122367,0,0,0,0,53,0,0,0,0,0,0,0,0,0,0,0,0,0,0,0,0,0,0,0,0,0,0,52,0,39,110,0,0,0,0,0
339,0,9,0,0,0,0,0,122367,0,0,0,0,47,0,0,0,0,0,0,0,0,0,0,0,0,0,0,0,0,0,0,0,0,0,380,40,0,0,53,0,0,0,0,0
339,0,10,0,0,0,0,0,122367,0,0,0,0,53,0,0,0,0,0,0,0,0,0,0,0,0,0,0,0,0,0,0,0,0,0,0,82,86,0,124,0,0,0,0,0
339,0,11,0,0,0,0,0,122367,0,0,0,0,47,0,0,0,0,0,0,0,0,0,0,0,0,0,0,0,0,0,0,0,0,0,0,41,45,0,147,0,0,0,0,0
339,0,12,0,0,0,0,0,122367,0,0,0,0,47,0,0,0,0,0,0,0,0,0,0,0,0,0,0,0,0,0,0,0,0,0,0,0,0,45,93,0,0,0,0,0
339,0,13,0,0,0,0,0,122367,0,0,0,0,53,0,0,0,0,0,0,0,0,0,0,0,0,0,0,0,0,0,0,0,0,0,172,0,0,0,111,0,0,0,0,0
339,0,14,0,0,0,0,0,122367,0,0,0,0,47,0,0,0,0,0,0,0,0,0,0,0,0,0,0,0,0,0,0,0,0,0,0,0,86,0,63,0,0,0,0,0
339,0,15,0,0,0,0,0,122367,0,0,0,0,41,0,0,0,0,0,0,0,0,0,0,0,0,0,0,0,0,0,0,0,0,0,0,0,39,0,87,0,0,0,0,0
340,0,0,0,0,0,0,0,361765,0,0,260,131328,136,0,0,0,0,0,4074,0,0,0,0,0,0,0,0,260,260,0,0,0,257901,131328,0,294,0,136,284,0,0,0,0,768
340,0,1,0,0,0,0,0,180882,4074,0,0,0,1343,0,0,0,0,0,0,0,0,0,0,0,0,0,0,0,257,0,0,0,129531,0,0,78,172,177,2198,0,0,384,0,0
340,0,2,0,0,0,0,0,180882,0,0,0,0,112,384,0,0,0,0,0,0,0,0,0,0,0,0,0,0,0,0,0,0,64768,65152,0,250,220,402,317,0,0,384,0,384
340,0,3,0,0,0,0,0,180882,0,0,0,0,111,384,0,0,0,0,0,0,0,0,0,0,0,0,0,0,0,0,0,0,0,65279,0,101,109,0,121,0,0,0,0,384
340,0,4,0,0,0,0,0,180882,0,0,0,0,50,0,0,0,0,0,0,0,0,0,0,0,0,0,0,0,0,0,0,0,0,0,0,87,0,42,67,0,0,0,0,0
340,0,5,0,0,0,0,0,180882,0,0,0,0,50,0,0,0,0,0,0,0,0,0,0,0,0,0,0,0,0,0,0,0,0,0,525,150,0,0,116,0,0,0,0,0
340,0,6,0,0,0,0,0,180882,0,0,0,0,50,0,0,0,0,0,0,0,0,0,0,0,0,0,0,0,0,0,0,0,0,0,0,39,95,0,55,0,0,0,0,0
340,0,7,0,0,0,0,0,180882,0,0,0,0,53,0,0,0,0,0,0,0,0,0,0,0,0,0,0,0,0,0,0,0,0,0,0,98,39,0,138,0,0,0,0,0
340,0,8,0,0,0,0,0,180882,0,0,0,0,56,0,0,0,0,0,0,0,0,0,0,0,0,0,0,0,0,0,0,0,0,0,0,52,0,36,113,0,0,0,0,0
340,0,9,0,0,0,0,0,180882,0,0,0,0,50,0,0,0,0,0,0,0,0,0,0,0,0,0,0,0,0,0,0,0,0,0,380,40,0,0,56,0,0,0,0,0
340,0,10,0,0,0,0,0,180882,0,0,0,0,56,0,0,0,0,0,0,0,0,0,0,0,0,0,0,0,0,0,0,0,0,0,0,86,86,0,127,0,0,0,0,0
340,0,11,0,0,0,0,0,180882,0,0,0,0,50,0,0,0,0,0,0,0,0,0,0,0,0,0,0,0,0,0,0,0,0,0,0,42,42,0,118,0,0,0,0,0
340,0,12,0,0,0,0,0,180882,0,0,0,0,50,0,0,0,0,0,0,0,0,0,0,0,0,0,0,0,0,0,0,0,0,0,0,0,0,42,96,0,0,0,0,0
340,0,13,0,0,0,0,0,180882,0,0,0,0,56,0,0,0,0,0,0,0,0,0,0,0,0,0,0,0,0,0,0,0,0,0,172,0,0,0,114,0,0,0,0,0
340,0,14,0,0,0,0,0,180882,0,0,0,0,50,0,0,0,0,0,0,0,0,0,0,0,0,0,0,0,0,0,0,0,0,0,0,0,86,0,62,0,0,0,0,0
340,0,15,0,0,0,0,0,180882,0,0,0,0,44,0,0,0,0,0,0,0,0,0,0,0,0,0,0,0,0,0,0,0,0,0,0,0,36,0,90,0,0,0,0,0
341,0,0,0,0,0,0,0,361785,0,0,260,131328,136,0,0,0,0,0,4074,0,0,0,0,0,0,0,0,260,260,0,0,0,257969,131328,0,294,0,136,284,0,0,0,0,768
341,0,1,0,0,0,0,0,180893,4074,0,0,0,1262,0,0,0,0,0,0,0,0,0,0,0,0,0,0,0,229,0,0,0,129551,0,0,78,171,259,2118,0,0,384,0,0
341,0,2,0,0,0,0,0,180893,0,0,0,0,119,384,0,0,0,0,0,0,0,0,0,0,0,0,0,0,0,0,0,0,64768,65176,0,250,219,362,282,0,0,384,0,384
341,0,3,0,0,0,0,0,180893,0,0,0,0,118,384,0,0,0,0,0,0,0,0,0,0,0,0,0,0,0,0,0,0,0,65279,0,100,103,0,168,0,0,0,0,384
341,0,4,0,0,0,0,0,180893,0,0,0,0,50,0,0,0,0,0,0,0,0,0,0,0,0,0,0,0,0,0,0,0,0,0,0,87,0,42,67,0,0,0,0,0
341,0,5,0,0,0,0,0,180893,0,0,0,0,50,0,0,0,0,0,0,0,0,0,0,0,0,0,0,0,0,0,0,0,0,0,525,150,0,0,116,0,0,0,0,0
341,0,6,0,0,0,0,0,180893,0,0,0,0,50,0,0,0,0,0,0,0,0,0,0,0,0,0,0,0,0,0,0,0,0,0,0,39,95,0,55,0,0,0,0,0
341,0,7,0,0,0,0,0,180893,0,0,0,0,53,0,0,0,0,0,0,0,0,0,0,0,0,0,0,0,0,0,0,0,0,0,0,99,39,0,138,0,0,0,0,0
341,0,8,0,0,0,0,0,180893,0,0,0,0,56,0,0,0,0,0,0,0,0,0,0,0,0,0,0,0,0,0,0,0,0,0,0,52,0,36,113,0,0,0,0,0
341,0,9,0,0,0,0,0,180893,0,0,0,0,50,0,0,0,0,0,0,0,0,0,0,0,0,0,0,0,0,0,0,0,0,0,380,40,0,0,56,0,0,0,0,0
341,0,10,0,0,0,0,0,180893,0,0,0,0,56,0,0,0,0,0,0,0,0,0,0,0,0,0,0,0,0,0,0,0,0,0,0,86,86,0,127,0,0,0,0,0
341,0,11,0,0,0,0,0,180893,0,0,0,0,50,0,0,0,0,0,0,0,0,0,0,0,0,0,0,0,0,0,0,0,0,0,0,41,42,0,118,0,0,0,0,0
341,0,12,0,0,0,0,0,180893,0,0,0,0,50,0,0,0,0,0,0,0,0,0,0,0,0,0,0,0,0,0,0,0,0,0,0,0,0,42,96,0,0,0,0,0
341,0,13,0,0,0,0,0,180893,0,0,0,0,56,0,0,0,0,0,0,0,0,0,0,0,0,0,0,0,0,0,0,0,0,0,172,0,0,0,114,0,0,0,0,0
341,0,14,0,0,0,0,0,180893,0,0,0,0,50,0,0,0,0,0,0,0,0,0,0,0,0,0,0,0,0,0,0,0,0,0,0,0,86,0,62,0,0,0,0,0
341,0,15,0,0,0,0,0,180893,0,0,0,0,44,0,0,0,0,0,0,0,0,0,0,0,0,0,0,0,0,0,0,0,0,0,0,0,36,0,91,0,0,0,0,0
342,0,0,0,0,0,0,0,361785,0,0,260,131328,136,0,0,0,0,0,4071,0,0,0,0,0,0,0,0,260,260,0,0,0,257917,131328,0,294,0,136,284,0,0,0,0,768
342,0,1,0,0,0,0,0,180893,4071,0,0,0,1313,0,0,0,0,0,0,0,0,0,0,0,0,0,0,0,250,0,0,0,129535,0,0,79,173,205,2165,0,0,384,0,0
342,0,2,0,0,0,0,0,180893,0,0,0,0,114,384,0,0,0,0,0,0,0,0,0,0,0,0,0,0,0,0,0,0,64768,65158,0,246,226,392,306,0,0,384,0,384
342,0,3,0,0,0,0,0,180893,0,0,0,0,121,384,0,0,0,0,0,0,0,0,0,0,0,0,0,0,0,0,0,0,0,65279,0,97,100,0,144,0,0,0,0,384
342,0,4,0,0,0,0,0,180893,0,0,0,0,47,0,0,0,0,0,0,0,0,0,0,0,0,0,0,0,0,0,0,0,0,0,0,87,0,45,66,0,0,0,0,0
342,0,5,0,0,0,0,0,180893,0,0,0,0,47,0,0,0,0,0,0,0,0,0,0,0,0,0,0,0,0,0,0,0,0,0,522,150,0,0,112,0,0,0,0,0
342,0,6,0,0,0,0,0,180893,0,0,0,0,47,0,0,0,0,0,0,0,0,0,0,0,0,0,0,0,0,0,0,0,0,0,0,43,98,0,52,0,0,0,0,0
342,0,7,0,0,0,0,0,180893,0,0,0,0,53,0,0,0,0,0,0,0,0,0,0,0,0,0,0,0,0,0,0,0,0,0,0,100,39,0,140,0,0,0,0,0
342,0,8,0,0,0,0,0,180893,0,0,0,0,53,0,0,0,0,0,0,0,0,0,0,0,0,0,0,0,0,0,0,0,0,0,0,52,0,39,110,0,0,0,0,0
342,0,9,0,0,0,0,0,180893,0,0,0,0,47,0,0,0,0,0,0,0,0,0,0,0,0,0,0,0,0,0,0,0,0,0,380,40,0,0,53,0,0,0,0,0
342,0,10,0,0,0,0,0,180893,0,0,0,0,53,0,0,0,0,0,0,0,0,0,0,0,0,0,0,0,0,0,0,0,0,0,0,82,86,0,124,0,0,0,0,0
342,0,11,0,0,0,0,0,180893,0,0,0,0,47,0,0,0,0,0,0,0,0,0,0,0,0,0,0,0,0,0,0,0,0,0,0,40,45,0,147,0,0,0,0,0
342,0,12,0,0,0,0,0,180893,0,0,0,0,47,0,0,0,0,0,0,0,0,0,0,0,0,0,0,0,0,0,0,0,0,0,0,0,0,45,93,0,0,0,0,0
342,0,13,0,0,0,0,0,180893,0,0,0,0,53,0,0,0,0,0,0,0,0,0,0,0,0,0,0,0,0,0,0,0,0,0,172,0,0,0,111,0,0,0,0,0
342,0,14,0,0,0,0,0,180893,0,0,0,0,47,0,0,0,0,0,0,0,0,0,0,0,0,0,0,0,0,0,0,0,0,0,0,0,86,0,63,0,0,0,0,0
342,0,15,0,0,0,0,0,180893,0,0,0,0,41,0,0,0,0,0,0,0,0,0,0,0,0,0,0,0,0,0,0,0,0,0,0,0,39,0,89,0,0,0,0,0
343,0,0,0,0,0,0,0,619694,0,0,264,262656,136,0,0,0,0,0,4092,0,0,0,0,0,0,0,0,264,264,0,129408,0,386229,262656,0,361,0,136,284,0,0,0,0,1536
343,0,1,0,0,0,0,0,309847,4092,0,0,0,1240,0,0,0,0,0,0,0,0,0,0,0,0,0,0,0,13,0,64768,0,129262,0,0,107,198,231,2096,0,0,384,0,0
343,0,2,0,0,0,0,0,309847,0,0,0,0,90,384,0,0,0,0,0,0,0,0,0,0,0,0,0,0,0,0,0,0,64767,65264,0,250,159,311,204,0,0,384,0,384
343,0,3,0,0,0,0,0,309847,0,0,0,0,93,384,0,0,0,0,0,0,0,0,0,0,0,0,0,0,0,0,0,0,0,65279,0,100,64,0,130,0,0,0,0,384
343,0,4,0,0,0,0,0,309847,0,0,0,0,87,384,0,0,0,0,0,0,0,0,0,0,0,0,0,0,0,0,0,0,0,65279,0,87,0,70,130,384,0,0,0,384
343,0,5,0,0,0,0,0,309847,0,0,0,0,91,384,0,0,0,0,0,0,0,0,0,0,0,0,0,0,0,0,0,0,0,65279,585,150,0,1,194,0,0,0,0,384
343,0,6,0,0,0,0,0,309847,0,0,0,0,50,0,0,0,0,0,0,0,0,0,0,0,0,0,0,0,0,0,0,0,0,0,0,39,95,1,55,0,0,0,0,0
343,0,7,0,0,0,0,0,309847,0,0,0,0,53,0,0,0,0,0,0,0,0,0,0,0,0,0,0,0,0,0,0,0,0,0,0,100,39,0,138,0,0,0,0,0
343,0,8,0,0,0,0,0,309847,0,0,0,0,56,0,0,0,0,0,0,0,0,0,0,0,0,0,0,0,0,0,0,0,0,0,0,52,0,36,113,0,0,0,0,0
343,0,9,0,0,0,0,0,309847,0,0,0,0,50,0,0,0,0,0,0,0,0,0,0,0,0,0,0,0,0,0,0,0,0,0,380,40,0,0,56,0,0,0,0,0
343,0,10,0,0,0,0,0,309847,0,0,0,0,56,0,0,0,0,0,0,0,0,0,0,0,0,0,0,0,0,0,0,0,0,0,0,86,86,0,127,0,0,0,0,0
343,0,11,0,0,0,0,0,309847,0,0,0,0,50,0,0,0,0,0,0,0,0,0,0,0,0,0,0,0,0,0,0,0,0,0,0,42,42,0,134,0,0,0,0,0
343,0,12,0,0,0,0,0,309847,0,0,0,0,50,0,0,0,0,0,0,0,0,0,0,0,0,0,0,0,0,0,0,0,0,0,0,0,0,42,96,0,0,0,0,0
343,0,13,0,0,0,0,0,309847,0,0,0,0,56,0,0,0,0,0,0,0,0,0,0,0,0,0,0,0,0,0,0,0,0,0,172,0,0,0,114,0,0,0,0,0
343,0,14,0,0,0,0,0,309847,0,0,0,0,50,0,0,0,0,0,0,0,0,0,0,0,0,0,0,0,0,0,0,0,0,0,0,0,86,0,62,0,0,0,0,0
343,0,15,0,0,0,0,0,309847,0,0,0,0,44,0,0,0,0,0,0,0,0,0,0,0,0,0,0,0,0,0,0,0,0,0,0,0,36,0,92,0,0,0,0,0
344,0,0,0,0,0,0,0,619768,0,0,264,262656,136,0,0,0,0,0,4089,0,0,0,0,0,0,0,0,264,264,0,129408,0,386210,262656,0,361,0,136,284,0,0,0,0,1536
344,0,1,0,0,0,0,0,309884,4089,0,0,0,1245,0,0,0,0,0,0,0,0,0,0,0,0,0,0,0,15,0,64768,0,129262,0,0,105,197,229,2101,0,0,384,0,0
344,0,2,0,0,0,0,0,309884,0,0,0,0,87,384,0,0,0,0,0,0,0,0,0,0,0,0,0,0,0,0,0,0,64768,65264,0,250,157,315,199,0,0,384,0,384
344,0,3,0,0,0,0,0,309884,0,0,0,0,88,384,0,0,0,0,0,0,0,0,0,0,0,0,0,0,0,0,0,0,0,65279,0,100,69,0,121,0,0,0,0,384
344,0,4,0,0,0,0,0,309884,0,0,0,0,90,384,0,0,0,0,0,0,0,0,0,0,0,0,0,0,0,0,0,0,0,65279,0,87,0,67,133,384,0,0,0,384
344,0,5,0,0,0,0,0,309884,0,0,0,0,92,384,0,0,0,0,0,0,0,0,0,0,0,0,0,0,0,0,0,0,0,65279,587,150,0,1,197,0,0,0,0,384
344,0,6,0,0,0,0,0,309884,0,0,0,0,50,0,0,0,0,0,0,0,0,0,0,0,0,0,0,0,0,0,0,0,0,0,0,39,95,1,55,0,0,0,0,0
344,0,7,0,0,0,0,0,309884,0,0,0,0,53,0,0,0,0,0,0,0,0,0,0,0,0,0,0,0,0,0,0,0,0,0,0,100,39,0,138,0,0,0,0,0
344,0,8,0,0,0,0,0,309884,0,0,0,0,56,0,0,0,0,0,0,0,0,0,0,0,0,0,0,0,0,0,0,0,0,0,0,52,0,36,113,0,0,0,0,0
344,0,9,0,0,0,0,0,309884,0,0,0,0,50,0,0,0,0,0,0,0,0,0,0,0,0,0,0,0,0,0,0,0,0,0,380,40,0,0,56,0,0,0,0,0
344,0,10,0,0,0,0,0,309884,0,0,0,0,56,0,0,0,0,0,0,0,0,0,0,0,0,0,0,0,0,0,0,0,0,0,0,86,86,0,127,0,0,0,0,0
344,0,11,0,0,0,0,0,309884,0,0,0,0,50,0,0,0,0,0,0,0,0,0,0,0,0,0,0,0,0,0,0,0,0,0,0,42,42,0,166,0,0,0,0,0
344,0,12,0,0,0,0,0,309884,0,0,0,0,50,0,0,0,0,0,0,0,0,0,0,0,0,0,0,0,0,0,0,0,0,0,0,0,0,42,96,0,0,0,0,0
344,0,13,0,0,0,0,0,309884,0,0,0,0,56,0,0,0,0,0,0,0,0,0,0,0,0,0,0,0,0,0,0,0,0,0,172,0,0,0,114,0,0,0,0,0
344,0,14,0,0,0,0,0,309884,0,0,0,0,50,0,0,0,0,0,0,0,0,0,0,0,0,0,0,0,0,0,0,0,0,0,0,0,86,0,62,0,0,0,0,0
344,0,15,0,0,0,0,0,309884,0,0,0,0,44,0,0,0,0,0,0,0,0,0,0,0,0,0,0,0,0,0,0,0,0,0,0,0,36,0,92,0,0,0,0,0
345,0,0,0,0,0,0,0,619853,0,0,264,262656,136,0,0,0,0,0,4092,0,0,0,0,0,0,0,0,264,264,0,129408,0,386206,262656,0,361,0,136,284,0,0,0,0,1536
345,0,1,0,0,0,0,0,309927,4092,0,0,0,1235,0,0,0,0,0,0,0,0,0,0,0,0,0,0,0,13,0,64768,0,129255,0,0,105,202,234,2095,0,0,384,0,0
345,0,2,0,0,0,0,0,309927,0,0,0,0,88,384,0,0,0,0,0,0,0,0,0,0,0,0,0,0,0,0,0,0,64768,65260,0,246,159,313,201,0,0,384,0,384
345,0,3,0,0,0,0,0,309927,0,0,0,0,90,384,0,0,0,0,0,0,0,0,0,0,0,0,0,0,0,0,0,0,0,65279,0,99,66,0,127,0,0,0,0,384
345,0,4,0,0,0,0,0,309927,0,0,0,0,84,384,0,0,0,0,0,0,0,0,0,0,0,0,0,0,0,0,0,0,0,65279,0,87,0,73,131,384,0,0,0,384
345,0,5,0,0,0,0,0,309927,0,0,0,0,90,384,0,0,0,0,0,0,0,0,0,0,0,0,0,0,0,0,0,0,0,65279,581,150,0,0,195,0,0,0,0,384
345,0,6,0,0,0,0,0,309927,0,0,0,0,47,0,0,0,0,0,0,0,0,0,0,0,0,0,0,0,0,0,0,0,0,0,0,43,98,2,52,0,0,0,0,0
345,0,7,0,0,0,0,0,309927,0,0,0,0,53,0,0,0,0,0,0,0,0,0,0,0,0,0,0,0,0,0,0,0,0,0,0,98,39,0,140,0,0,0,0,0
345,0,8,0,0,0,0,0,309927,0,0,0,0,53,0,0,0,0,0,0,0,0,0,0,0,0,0,0,0,0,0,0,0,0,0,0,52,0,39,110,0,0,0,0,0
345,0,9,0,0,0,0,0,309927,0,0,0,0,47,0,0,0,0,0,0,0,0,0,0,0,0,0,0,0,0,0,0,0,0,0,380,40,0,0,53,0,0,0,0,0
345,0,10,0,0,0,0,0,309927,0,0,0,0,53,0,0,0,0,0,0,0,0,0,0,0,0,0,0,0,0,0,0,0,0,0,0,82,86,0,124,0,0,0,0,0
345,0,11,0,0,0,0,0,309927,0,0,0,0,47,0,0,0,0,0,0,0,0,0,0,0,0,0,0,0,0,0,0,0,0,0,0,44,45,0,131,0,0,0,0,0
345,0,12,0,0,0,0,0,309927,0,0,0,0,47,0,0,0,0,0,0,0,0,0,0,0,0,0,0,0,0,0,0,0,0,0,0,0,0,45,93,0,0,0,0,0
345,0,13,0,0,0,0,0,309927,0,0,0,0,53,0,0,0,0,0,0,0,0,0,0,0,0,0,0,0,0,0,0,0,0,0,172,0,0,0,111,0,0,0,0,0
345,0,14,0,0,0,0,0,309927,0,0,0,0,47,0,0,0,0,0,0,0,0,0,0,0,0,0,0,0,0,0,0,0,0,0,0,0,86,0,63,0,0,0,0,0
345,0,15,0,0,0,0,0,309927,0,0,0,0,41,0,0,0,0,0,0,0,0,0,0,0,0,0,0,0,0,0,0,0,0,0,0,0,39,0,87,0,0,0,0,0
346,0,0,0,0,0,0,0,878245,0,0,396,393984,136,0,0,0,0,0,4302,0,0,0,0,0,0,0,0,396,396,0,129407,0,642978,393984,0,361,0,136,284,0,0,0,0,2304
346,0,1,0,0,0,0,0,439123,4302,0,0,0,1356,0,0,0,0,0,0,0,0,0,0,0,0,0,0,0,150,0,64765,0,257794,0,0,100,199,255,2273,0,0,384,0,0
346,0,2,0,0,0,0,0,439123,0,0,0,0,96,384,0,0,0,0,0,0,0,0,0,0,0,0,0,0,0,0,64764,0,129016,65276,0,301,155,363,218,0,0,384,0,384
346,0,3,0,0,0,0,0,439123,0,0,0,0,96,384,0,0,0,0,0,0,0,0,0,0,0,0,0,0,0,0,64640,0,0,65219,0,129,61,0,119,0,0,0,0,384
346,0,4,0,0,0,0,0,439123,0,0,0,0,101,384,0,0,0,0,0,0,0,0,0,0,0,0,0,0,0,0,0,0,0,65280,0,87,0,56,146,768,0,0,0,384
346,0,5,0,0,0,0,0,439123,0,0,0,0,100,384,0,0,0,0,0,0,0,0,0,0,0,0,0,0,0,0,0,0,0,65217,656,150,0,1,211,0,0,384,0,384
346,0,6,0,0,0,0,0,439123,0,0,0,0,99,384,0,0,0,0,0,0,0,0,0,0,0,0,0,0,0,0,0,0,0,65221,0,39,157,1,120,0,0,384,0,384
346,0,7,0,0,0,0,0,439123,0,0,0,0,99,384,0,0,0,0,0,0,0,0,0,0,0,0,0,0,0,0,0,0,0,65278,0,103,57,0,221,0,0,0,0,384
346,0,8,0,0,0,0,0,439123,0,0,0,0,56,0,0,0,0,0,0,0,0,0,0,0,0,0,0,0,0,0,0,0,0,0,0,52,0,36,113,0,0,0,0,0
346,0,9,0,0,0,0,0,439123,0,0,0,0,50,0,0,0,0,0,0,0,0,0,0,0,0,0,0,0,0,0,0,0,0,0,380,40,0,0,56,0,0,0,0,0
346,0,10,0,0,0,0,0,439123,0,0,0,0,56,0,0,0,0,0,0,0,0,0,0,0,0,0,0,0,0,0,0,0,0,0,0,86,86,0,127,0,0,0,0,0
346,0,11,0,0,0,0,0,439123,0,0,0,0,50,0,0,0,0,0,0,0,0,0,0,0,0,0,0,0,0,0,0,0,0,0,0,41,42,0,118,0,0,0,0,0
346,0,12,0,0,0,0,0,439123,0,0,0,0,50,0,0,0,0,0,0,0,0,0,0,0,0,0,0,0,0,0,0,0,0,0,0,0,0,42,96,0,0,0,0,0
346,0,13,0,0,0,0,0,439123,0,0,0,0,56,0,0,0,0,0,0,0,0,0,0,0,0,0,0,0,0,0,0,0,0,0,172,0,0,0,114,0,0,0,0,0
346,0,14,0,0,0,0,0,439123,0,0,0,0,50,0,0,0,0,0,0,0,0,0,0,0,0,0,0,0,0,0,0,0,0,0,0,0,86,0,62,0,0,0,0,0
346,0,15,0,0,0,0,0,439123,0,0,0,0,44,0,0,0,0,0,0,0,0,0,0,0,0,0,0,0,0,0,0,0,0,0,0,0,36,0,95,0,0,0,0,0
347,0,0,0,0,0,0,0,878059,0,0,396,393984,136,0,0,0,0,0,4299,0,0,0,0,0,0,0,0,396,396,0,129406,0,642960,393984,0,361,0,136,284,0,0,0,0,2304
347,0,1,0,0,0,0,0,439029,4299,0,0,0,1354,0,0,0,0,0,0,0,0,0,0,0,0,0,0,0,144,0,64754,0,257795,0,0,101,201,254,2250,0,0,384,0,0
347,0,2,0,0,0,0,0,439029,0,0,0,0,93,384,0,0,0,0,0,0,0,0,0,0,0,0,0,0,0,0,64766,0,129013,65276,0,305,165,365,210,0,0,384,0,384
347,0,3,0,0,0,0,0,439029,0,0,0,0,103,384,0,0,0,0,0,0,0,0,0,0,0,0,0,0,0,0,64640,0,0,65224,0,126,54,0,127,0,0,0,0,384
347,0,4,0,0,0,0,0,439029,0,0,0,0,101,384,0,0,0,0,0,0,0,0,0,0,0,0,0,0,0,0,0,0,0,65280,0,87,0,56,147,768,0,0,0,384
347,0,5,0,0,0,0,0,439029,0,0,0,0,91,384,0,0,0,0,0,0,0,0,0,0,0,0,0,0,0,0,0,0,0,65220,667,150,0,1,201,0,0,384,0,384
347,0,6,0,0,0,0,0,439029,0,0,0,0,98,384,0,0,0,0,0,0,0,0,0,0,0,0,0,0,0,0,0,0,0,65218,0,39,155,2,115,0,0,384,0,384
347,0,7,0,0,0,0,0,439029,0,0,0,0,98,384,0,0,0,0,0,0,0,0,0,0,0,0,0,0,0,0,0,0,0,65278,0,101,59,0,223,0,0,0,0,384
347,0,8,0,0,0,0,0,439029,0,0,0,0,56,0,0,0,0,0,0,0,0,0,0,0,0,0,0,0,0,0,0,0,0,0,0,52,0,36,113,0,0,0,0,0
347,0,9,0,0,0,0,0,439029,0,0,0,0,50,0,0,0,0,0,0,0,0,0,0,0,0,0,0,0,0,0,0,0,0,0,380,40,0,0,56,0,0,0,0,0
347,0,10,0,0,0,0,0,439029,0,0,0,0,56,0,0,0,0,0,0,0,0,0,0,0,0,0,0,0,0,0,0,0,0,0,0,86,86,0,127,0,0,0,0,0
347,0,11,0,0,0,0,0,439029,0,0,0,0,50,0,0,0,0,0,0,0,0,0,0,0,0,0,0,0,0,0,0,0,0,0,0,43,42,0,166,0,0,0,0,0
347,0,12,0,0,0,0,0,439029,0,0,0,0,50,0,0,0,0,0,0,0,0,0,0,0,0,0,0,0,0,0,0,0,0,0,0,0,0,42,96,0,0,0,0,0
347,0,13,0,0,0,0,0,439029,0,0,0,0,56,0,0,0,0,0,0,0,0,0,0,0,0,0,0,0,0,0,0,0,0,0,172,0,0,0,114,0,0,0,0,0
347,0,14,0,0,0,0,0,439029,0,0,0,0,50,0,0,0,0,0,0,0,0,0,0,0,0,0,0,0,0,0,0,0,0,0,0,0,86,0,62,0,0,0,0,0
347,0,15,0,0,0,0,0,439029,0,0,0,0,44,0,0,0,0,0,0,0,0,0,0,0,0,0,0,0,0,0,0,0,0,0,0,0,36,0,93,0,0,0,0,0
348,0,0,0,0,0,0,0,878223,0,0,396,393984,136,0,0,0,0,0,4299,0,0,0,0,0,0,0,0,396,396,0,129406,0,642951,393984,0,361,0,136,284,0,0,0,0,2304
348,0,1,0,0,0,0,0,439111,4299,0,0,0,1350,0,0,0,0,0,0,0,0,0,0,0,0,0,0,0,142,0,64753,0,257795,0,0,100,205,255,2270,0,0,384,0,0
348,0,2,0,0,0,0,0,439111,0,0,0,0,90,384,0,0,0,0,0,0,0,0,0,0,0,0,0,0,0,0,64766,0,129014,65276,0,296,159,368,212,0,0,384,0,384
348,0,3,0,0,0,0,0,439111,0,0,0,0,94,384,0,0,0,0,0,0,0,0,0,0,0,0,0,0,0,0,64640,0,0,65219,0,126,63,0,115,0,0,0,0,384
348,0,4,0,0,0,0,0,439111,0,0,0,0,91,384,0,0,0,0,0,0,0,0,0,0,0,0,0,0,0,0,0,0,0,65280,0,87,0,66,141,768,0,0,0,384
348,0,5,0,0,0,0,0,439111,0,0,0,0,94,384,0,0,0,0,0,0,0,0,0,0,0,0,0,0,0,0,0,0,0,65219,649,150,0,0,205,0,0,384,0,384
348,0,6,0,0,0,0,0,439111,0,0,0,0,90,384,0,0,0,0,0,0,0,0,0,0,0,0,0,0,0,0,0,0,0,65220,0,43,161,2,112,0,0,384,0,384
348,0,7,0,0,0,0,0,439111,0,0,0,0,95,384,0,0,0,0,0,0,0,0,0,0,0,0,0,0,0,0,0,0,0,65277,0,101,62,0,220,0,0,0,0,384
348,0,8,0,0,0,0,0,439111,0,0,0,0,53,0,0,0,0,0,0,0,0,0,0,0,0,0,0,0,0,0,0,0,0,0,0,52,0,39,110,0,0,0,0,0
348,0,9,0,0,0,0,0,439111,0,0,0,0,47,0,0,0,0,0,0,0,0,0,0,0,0,0,0,0,0,0,0,0,0,0,380,40,0,0,53,0,0,0,0,0
348,0,10,0,0,0,0,0,439111,0,0,0,0,53,0,0,0,0,0,0,0,0,0,0,0,0,0,0,0,0,0,0,0,0,0,0,82,86,0,124,0,0,0,0,0
348,0,11,0,0,0,0,0,439111,0,0,0,0,47,0,0,0,0,0,0,0,0,0,0,0,0,0,0,0,0,0,0,0,0,0,0,43,45,0,147,0,0,0,0,0
348,0,12,0,0,0,0,0,439111,0,0,0,0,47,0,0,0,0,0,0,0,0,0,0,0,0,0,0,0,0,0,0,0,0,0,0,0,0,45,93,0,0,0,0,0
348,0,13,0,0,0,0,0,439111,0,0,0,0,53,0,0,0,0,0,0,0,0,0,0,0,0,0,0,0,0,0,0,0,0,0,172,0,0,0,111,0,0,0,0,0
348,0,14,0,0,0,0,0,439111,0,0,0,0,47,0,0,0,0,0,0,0,0,0,0,0,0,0,0,0,0,0,0,0,0,0,0,0,86,0,63,0,0,0,0,0
348,0,15,0,0,0,0,0,439111,0,0,0,0,41,0,0,0,0,0,0,0,0,0,0,0,0,0,0,0,0,0,0,0,0,0,0,0,39,0,90,0,0,0,0,0
349,0,0,0,0,0,0,0,1136808,0,0,528,525312,136,0,0,0,0,0,4512,0,0,0,0,0,0,0,0,528,528,0,258785,0,770163,525312,0,428,0,136,284,0,0,0,0,3072
349,0,1,0,0,0,0,0,568404,4512,0,0,0,1550,0,0,0,0,0,0,0,0,0,0,0,0,0,0,0,263,0,128897,0,257658,0,0,95,191,208,2544,0,0,384,0,0
349,0,2,0,0,0,0,0,568404,0,0,0,0,91,384,0,0,0,0,0,0,0,0,0,0,0,0,0,0,0,0,64768,0,128689,65276,0,304,159,390,229,0,0,384,0,384
349,0,3,0,0,0,0,0,568404,0,0,0,0,93,384,0,0,0,0,0,0,0,0,0,0,0,0,0,0,0,0,64518,0,0,65273,0,109,63,0,110,0,0,0,0,384
349,0,4,0,0,0,0,0,568404,0,0,0,0,89,384,0,0,0,0,0,0,0,0,0,0,0,0,0,0,0,0,64767,0,0,65280,0,95,0,68,118,1152,0,0,0,384
349,0,5,0,0,0,0,0,568404,0,0,0,0,92,384,0,0,0,0,0,0,0,0,0,0,0,0,0,0,0,0,64761,0,0,65279,703,209,0,0,216,0,0,384,0,384
349,0,6,0,0,0,0,0,568404,0,0,0,0,91,384,0,0,0,0,0,0,0,0,0,0,0,0,0,0,0,0,0,0,0,65278,0,43,164,3,105,0,0,384,0,384
349,0,7,0,0,0,0,0,568404,0,0,0,0,100,384,0,0,0,0,0,0,0,0,0,0,0,0,0,0,0,0,0,0,0,65168,0,98,57,0,244,0,0,0,0,384
349,0,8,0,0,0,0,0,568404,0,0,0,0,99,384,0,0,0,0,0,0,0,0,0,0,0,0,0,0,0,0,0,0,0,65279,0,52,0,58,215,384,0,0,0,384
349,0,9,0,0,0,0,0,568404,0,0,0,0,86,384,0,0,0,0,0,0,0,0,0,0,0,0,0,0,0,0,0,0,0,65278,451,40,0,1,100,0,0,0,0,384
349,0,10,0,0,0,0,0,568404,0,0,0,0,53,0,0,0,0,0,0,0,0,0,0,0,0,0,0,0,0,0,0,0,0,0,0,82,86,1,124,0,0,0,0,0
349,0,11,0,0,0,0,0,568404,0,0,0,0,47,0,0,0,0,0,0,0,0,0,0,0,0,0,0,0,0,0,0,0,0,0,0,47,45,0,147,0,0,0,0,0
349,0,12,0,0,0,0,0,568404,0,0,0,0,47,0,0,0,0,0,0,0,0,0,0,0,0,0,0,0,0,0,0,0,0,0,0,0,0,45,93,0,0,0,0,0
349,0,13,0,0,0,0,0,568404,0,0,0,0,53,0,0,0,0,0,0,0,0,0,0,0,0,0,0,0,0,0,0,0,0,0,172,0,0,0,111,0,0,0,0,0
349,0,14,0,0,0,0,0,568404,0,0,0,0,47,0,0,0,0,0,0,0,0,0,0,0,0,0,0,0,0,0,0,0,0,0,0,0,86,0,63,0,0,0,0,0
349,0,15,0,0,0,0,0,568404,0,0,0,0,41,0,0,0,0,0,0,0,0,0,0,0,0,0,0,0,0,0,0,0,0,0,0,0,39,0,88,0,0,0,0,0
350,0,0,0,0,0,0,0,1136870,0,0,528,525312,136,0,0,0,0,0,4512,0,0,0,0,0,0,0,0,528,528,0,258785,0,770159,525312,0,428,0,136,284,0,0,0,0,3072
350,0,1,0,0,0,0,0,568435,4512,0,0,0,1560,0,0,0,0,0,0,0,0,0,0,0,0,0,0,0,258,0,128896,0,257657,0,0,96,187,201,2541,0,0,384,0,0
350,0,2,0,0,0,0,0,568435,0,0,0,0,91,384,0,0,0,0,0,0,0,0,0,0,0,0,0,0,0,0,64768,0,128688,65276,0,306,156,395,229,0,0,384,0,384
350,0,3,0,0,0,0,0,568435,0,0,0,0,91,384,0,0,0,0,0,0,0,0,0,0,0,0,0,0,0,0,64518,0,0,65274,0,104,66,0,107,0,0,0,0,384
350,0,4,0,0,0,0,0,568435,0,0,0,0,91,384,0,0,0,0,0,0,0,0,0,0,0,0,0,0,0,0,64767,0,0,65280,0,93,0,66,118,1152,0,0,0,384
350,0,5,0,0,0,0,0,568435,0,0,0,0,91,384,0,0,0,0,0,0,0,0,0,0,0,0,0,0,0,0,64761,0,0,65279,719,206,0,0,217,0,0,384,0,384
350,0,6,0,0,0,0,0,568435,0,0,0,0,91,384,0,0,0,0,0,0,0,0,0,0,0,0,0,0,0,0,0,0,0,65278,0,43,160,3,103,0,0,384,0,384
350,0,7,0,0,0,0,0,568435,0,0,0,0,96,384,0,0,0,0,0,0,0,0,0,0,0,0,0,0,0,0,0,0,0,65167,0,99,61,0,244,0,0,0,0,384
350,0,8,0,0,0,0,0,568435,0,0,0,0,95,384,0,0,0,0,0,0,0,0,0,0,0,0,0,0,0,0,0,0,0,65279,0,52,0,62,213,384,0,0,0,384
350,0,9,0,0,0,0,0,568435,0,0,0,0,91,384,0,0,0,0,0,0,0,0,0,0,0,0,0,0,0,0,0,0,0,65278,442,40,0,1,108,0,0,0,0,384
350,0,10,0,0,0,0,0,568435,0,0,0,0,53,0,0,0,0,0,0,0,0,0,0,0,0,0,0,0,0,0,0,0,0,0,0,82,86,1,124,0,0,0,0,0
350,0,11,0,0,0,0,0,568435,0,0,0,0,47,0,0,0,0,0,0,0,0,0,0,0,0,0,0,0,0,0,0,0,0,0,0,46,45,0,147,0,0,0,0,0
350,0,12,0,0,0,0,0,568435,0,0,0,0,47,0,0,0,0,0,0,0,0,0,0,0,0,0,0,0,0,0,0,0,0,0,0,0,0,45,93,0,0,0,0,0
350,0,13,0,0,0,0,0,568435,0,0,0,0,53,0,0,0,0,0,0,0,0,0,0,0,0,0,0,0,0,0,0,0,0,0,172,0,0,0,111,0,0,0,0,0
350,0,14,0,0,0,0,0,568435,0,0,0,0,47,0,0,0,0,0,0,0,0,0,0,0,0,0,0,0,0,0,0,0,0,0,0,0,86,0,63,0,0,0,0,0
350,0,15,0,0,0,0,0,568435,0,0,0,0,41,0,0,0,0,0,0,0,0,0,0,0,0,0,0,0,0,0,0,0,0,0,0,0,39,0,89,0,0,0,0,0
351,0,0,0,0,0,0,0,1136956,0,0,531,525312,136,0,0,0,0,0,4515,0,0,0,0,0,0,0,0,531,531,0,258785,0,770161,525312,0,428,0,136,284,0,0,0,0,3072
351,0,1,0,0,0,0,0,568478,4515,0,0,0,1550,0,0,0,0,0,0,0,0,0,0,0,0,0,0,0,253,0,128896,0,257656,0,0,98,192,204,2535,0,0,384,0,0
351,0,2,0,0,0,0,0,568478,0,0,0,0,90,384,0,0,0,0,0,0,0,0,0,0,0,0,0,0,0,0,64768,0,128690,65276,0,307,156,397,223,0,0,384,0,384
351,0,3,0,0,0,0,0,568478,0,0,0,0,91,384,0,0,0,0,0,0,0,0,0,0,0,0,0,0,0,0,64519,0,0,65272,0,104,66,0,105,0,0,0,0,384
351,0,4,0,0,0,0,0,568478,0,0,0,0,89,384,0,0,0,0,0,0,0,0,0,0,0,0,0,0,0,0,64767,0,0,65280,0,96,0,68,116,1152,0,0,0,384
351,0,5,0,0,0,0,0,568478,0,0,0,0,89,384,0,0,0,0,0,0,0,0,0,0,0,0,0,0,0,0,64761,0,0,65279,715,206,0,0,213,0,0,384,0,384
351,0,6,0,0,0,0,0,568478,0,0,0,0,88,384,0,0,0,0,0,0,0,0,0,0,0,0,0,0,0,0,0,0,0,65278,0,43,161,3,99,0,0,384,0,384
351,0,7,0,0,0,0,0,568478,0,0,0,0,94,384,0,0,0,0,0,0,0,0,0,0,0,0,0,0,0,0,0,0,0,65163,0,100,63,0,241,0,0,0,0,384
351,0,8,0,0,0,0,0,568478,0,0,0,0,99,384,0,0,0,0,0,0,0,0,0,0,0,0,0,0,0,0,0,0,0,65279,0,52,0,58,214,384,0,0,0,384
351,0,9,0,0,0,0,0,568478,0,0,0,0,92,384,0,0,0,0,0,0,0,0,0,0,0,0,0,0,0,0,0,0,0,65278,445,40,0,1,109,0,0,0,0,384
351,0,10,0,0,0,0,0,568478,0,0,0,0,53,0,0,0,0,0,0,0,0,0,0,0,0,0,0,0,0,0,0,0,0,0,0,82,86,1,124,0,0,0,0,0
351,0,11,0,0,0,0,0,568478,0,0,0,0,47,0,0,0,0,0,0,0,0,0,0,0,0,0,0,0,0,0,0,0,0,0,0,45,45,0,147,0,0,0,0,0
351,0,12,0,0,0,0,0,568478,0,0,0,0,47,0,0,0,0,0,0,0,0,0,0,0,0,0,0,0,0,0,0,0,0,0,0,0,0,45,93,0,0,0,0,0
351,0,13,0,0,0,0,0,568478,0,0,0,0,53,0,0,0,0,0,0,0,0,0,0,0,0,0,0,0,0,0,0,0,0,0,172,0,0,0,111,0,0,0,0,0
351,0,14,0,0,0,0,0,568478,0,0,0,0,47,0,0,0,0,0,0,0,0,0,0,0,0,0,0,0,0,0,0,0,0,0,0,0,86,0,63,0,0,0,0,0
351,0,15,0,0,0,0,0,568478,0,0,0,0,41,0,0,0,0,0,0,0,0,0,0,0,0,0,0,0,0,0,0,0,0,0,0,0,39,0,90,0,0,0,0,0
352,0,0,0,0,0,0,0,1392900,0,0,658,656640,136,0,0,0,0,0,4719,0,0,0,0,0,0,0,0,658,658,0,258234,0,1025452,656640,0,428,0,136,284,0,0,0,0,274141
352,0,1,0,0,0,0,0,696450,4719,0,0,0,1495,0,0,0,0,0,0,0,0,0,0,0,0,0,0,0,269,0,128813,0,385424,0,0,139,217,325,2533,0,0,384,0,0
352,0,2,0,0,0,0,0,696450,0,0,0,0,96,384,0,0,0,0,0,0,0,0,0,0,0,0,0,0,0,0,128976,0,192969,65276,0,325,152,407,212,0,0,384,0,384
352,0,3,0,0,0,0,0,696450,0,0,0,0,95,384,0,0,0,0,0,0,0,0,0,0,0,0,0,0,0,0,128894,0,0,65279,0,150,62,0,120,0,0,0,0,384
352,0,4,0,0,0,0,0,696450,0,0,0,0,96,384,0,0,0,0,0,0,0,0,0,0,0,0,0,0,0,0,64678,0,0,65280,0,102,0,61,144,1536,0,0,0,384
352,0,5,0,0,0,0,0,696450,0,0,0,0,95,384,0,0,0,0,0,0,0,0,0,0,0,0,0,0,0,0,64732,0,0,65279,792,186,0,1,198,0,0,384,0,384
352,0,6,0,0,0,0,0,696450,0,0,0,0,91,384,0,0,0,0,0,0,0,0,0,0,0,0,0,0,0,0,64553,0,0,65219,0,68,160,1,126,0,0,384,0,384
352,0,7,0,0,0,0,0,696450,0,0,0,0,95,384,0,0,0,0,0,0,0,0,0,0,0,0,0,0,0,0,64641,0,0,65279,0,147,62,0,218,0,0,0,0,384
352,0,8,0,0,0,0,0,696450,0,0,0,0,97,384,0,0,0,0,0,0,0,0,0,0,0,0,0,0,0,0,0,0,0,65205,0,52,0,60,206,768,0,0,0,384
352,0,9,0,0,0,0,0,696450,0,0,0,0,88,384,0,0,0,0,0,0,0,0,0,0,0,0,0,0,0,0,0,0,0,65211,497,42,0,2,123,0,0,384,0,384
352,0,10,0,0,0,0,0,696450,0,0,0,0,103,384,0,0,0,0,0,0,0,0,0,0,0,0,0,0,0,0,0,0,0,65267,0,87,162,0,211,0,0,384,0,384
352,0,11,0,0,0,0,0,696450,0,0,0,0,109,384,0,0,0,0,0,0,0,0,0,0,0,0,0,0,0,0,0,0,0,65279,0,44,48,0,237,0,0,0,0,384
352,0,12,0,0,0,0,0,696450,0,0,0,0,51,0,0,0,0,0,0,0,0,0,0,0,0,0,0,0,0,0,0,0,0,0,0,0,0,41,97,0,0,0,0,0
352,0,13,0,0,0,0,0,696450,0,0,0,0,56,0,0,0,0,0,0,0,0,0,0,0,0,0,0,0,0,0,0,0,0,0,173,0,0,0,112,0,0,0,0,0
352,0,14,0,0,0,0,0,696450,0,0,0,0,50,0,0,0,0,0,0,0,0,0,0,0,0,0,0,0,0,0,0,0,0,0,0,0,86,0,61,0,0,0,0,0
352,0,15,0,0,0,0,0,696450,0,0,0,0,44,0,0,0,0,0,0,0,0,0,0,0,0,0,0,0,0,0,0,0,0,0,0,0,36,0,96,0,0,0,0,0
353,0,0,0,0,0,0,0,1392989,0,0,658,656640,136,0,0,0,0,0,4716,0,0,0,0,0,0,0,0,658,658,0,258248,0,1025515,656640,0,428,0,136,284,0,0,0,0,274188
353,0,1,0,0,0,0,0,696495,4716,0,0,0,1498,0,0,0,0,0,0,0,0,0,0,0,0,0,0,0,272,0,128821,0,385445,0,0,140,215,323,2556,0,0,384,0,0
353,0,2,0,0,0,0,0,696495,0,0,0,0,91,384,0,0,0,0,0,0,0,0,0,0,0,0,0,0,0,0,128989,0,192976,65276,0,321,155,410,209,0,0,384,0,384
353,0,3,0,0,0,0,0,696495,0,0,0,0,91,384,0,0,0,0,0,0,0,0,0,0,0,0,0,0,0,0,128895,0,0,65277,0,155,65,0,109,0,0,0,0,384
353,0,4,0,0,0,0,0,696495,0,0,0,0,92,384,0,0,0,0,0,0,0,0,0,0,0,0,0,0,0,0,64685,0,0,65280,0,99,0,65,141,1536,0,0,0,384
353,0,5,0,0,0,0,0,696495,0,0,0,0,91,384,0,0,0,0,0,0,0,0,0,0,0,0,0,0,0,0,64740,0,0,65279,769,187,0,1,192,0,0,384,0,384
353,0,6,0,0,0,0,0,696495,0,0,0,0,86,384,0,0,0,0,0,0,0,0,0,0,0,0,0,0,0,0,64557,0,0,65219,0,71,169,1,122,0,0,384,0,384
353,0,7,0,0,0,0,0,696495,0,0,0,0,99,384,0,0,0,0,0,0,0,0,0,0,0,0,0,0,0,0,64639,0,0,65279,0,139,58,0,225,0,0,0,0,384
353,0,8,0,0,0,0,0,696495,0,0,0,0,95,384,0,0,0,0,0,0,0,0,0,0,0,0,0,0,0,0,0,0,0,65205,0,52,0,62,207,768,0,0,0,384
353,0,9,0,0,0,0,0,696495,0,0,0,0,88,384,0,0,0,0,0,0,0,0,0,0,0,0,0,0,0,0,0,0,0,65214,511,40,0,1,124,0,0,384,0,384
353,0,10,0,0,0,0,0,696495,0,0,0,0,97,384,0,0,0,0,0,0,0,0,0,0,0,0,0,0,0,0,0,0,0,65270,0,82,148,1,207,0,0,384,0,384
353,0,11,0,0,0,0,0,696495,0,0,0,0,89,384,0,0,0,0,0,0,0,0,0,0,0,0,0,0,0,0,0,0,0,65280,0,46,68,0,212,0,0,0,0,384
353,0,12,0,0,0,0,0,696495,0,0,0,0,47,0,0,0,0,0,0,0,0,0,0,0,0,0,0,0,0,0,0,0,0,0,0,0,0,45,93,0,0,0,0,0
353,0,13,0,0,0,0,0,696495,0,0,0,0,53,0,0,0,0,0,0,0,0,0,0,0,0,0,0,0,0,0,0,0,0,0,172,0,0,0,111,0,0,0,0,0
353,0,14,0,0,0,0,0,696495,0,0,0,0,47,0,0,0,0,0,0,0,0,0,0,0,0,0,0,0,0,0,0,0,0,0,0,0,86,0,63,0,0,0,0,0
353,0,15,0,0,0,0,0,696495,0,0,0,0,41,0,0,0,0,0,0,0,0,0,0,0,0,0,0,0,0,0,0,0,0,0,0,0,39,0,91,0,0,0,0,0
354,0,0,0,0,0,0,0,1392964,0,0,658,656640,136,0,0,0,0,0,4716,0,0,0,0,0,0,0,0,658,658,0,258218,0,1025447,656640,0,428,0,136,284,0,0,0,0,274180
354,0,1,0,0,0,0,0,696482,4716,0,0,0,1488,0,0,0,0,0,0,0,0,0,0,0,0,0,0,0,263,0,128813,0,385419,0,0,138,213,337,2560,0,0,384,0,0
354,0,2,0,0,0,0,0,696482,0,0,0,0,96,384,0,0,0,0,0,0,0,0,0,0,0,0,0,0,0,0,128980,0,192967,65276,0,319,149,401,211,0,0,384,0,384
354,0,3,0,0,0,0,0,696482,0,0,0,0,90,384,0,0,0,0,0,0,0,0,0,0,0,0,0,0,0,0,128895,0,0,65279,0,157,66,0,115,0,0,0,0,384
354,0,4,0,0,0,0,0,696482,0,0,0,0,89,384,0,0,0,0,0,0,0,0,0,0,0,0,0,0,0,0,64672,0,0,65280,0,99,0,68,136,1536,0,0,0,384
354,0,5,0,0,0,0,0,696482,0,0,0,0,91,384,0,0,0,0,0,0,0,0,0,0,0,0,0,0,0,0,64731,0,0,65279,761,189,0,1,192,0,0,384,0,384
354,0,6,0,0,0,0,0,696482,0,0,0,0,86,384,0,0,0,0,0,0,0,0,0,0,0,0,0,0,0,0,64548,0,0,65218,0,73,172,1,122,0,0,384,0,384
354,0,7,0,0,0,0,0,696482,0,0,0,0,102,384,0,0,0,0,0,0,0,0,0,0,0,0,0,0,0,0,64639,0,0,65279,0,137,55,0,228,0,0,0,0,384
354,0,8,0,0,0,0,0,696482,0,0,0,0,94,384,0,0,0,0,0,0,0,0,0,0,0,0,0,0,0,0,0,0,0,65201,0,52,0,63,206,768,0,0,0,384
354,0,9,0,0,0,0,0,696482,0,0,0,0,90,384,0,0,0,0,0,0,0,0,0,0,0,0,0,0,0,0,0,0,0,65211,513,40,0,1,124,0,0,384,0,384
354,0,10,0,0,0,0,0,696482,0,0,0,0,98,384,0,0,0,0,0,0,0,0,0,0,0,0,0,0,0,0,0,0,0,65267,0,82,143,2,206,0,0,384,0,384
354,0,11,0,0,0,0,0,696482,0,0,0,0,86,384,0,0,0,0,0,0,0,0,0,0,0,0,0,0,0,0,0,0,0,65280,0,45,71,0,287,0,0,0,0,384
354,0,12,0,0,0,0,0,696482,0,0,0,0,47,0,0,0,0,0,0,0,0,0,0,0,0,0,0,0,0,0,0,0,0,0,0,0,0,45,93,0,0,0,0,0
354,0,13,0,0,0,0,0,696482,0,0,0,0,53,0,0,0,0,0,0,0,0,0,0,0,0,0,0,0,0,0,0,0,0,0,172,0,0,0,111,0,0,0,0,0
354,0,14,0,0,0,0,0,696482,0,0,0,0,47,0,0,0,0,0,0,0,0,0,0,0,0,0,0,0,0,0,0,0,0,0,0,0,86,0,63,0,0,0,0,0
354,0,15,0,0,0,0,0,696482,0,0,0,0,41,0,0,0,0,0,0,0,0,0,0,0,0,0,0,0,0,0,0,0,0,0,0,0,39,0,92,0,0,0,0,0
355,0,0,0,0,0,0,0,1774238,0,0,846,853632,136,0,0,0,0,0,5016,0,0,0,0,0,0,0,0,846,846,0,385257,0,1278513,853632,0,495,0,136,284,0,0,0,0,1481818
355,0,1,0,0,0,0,0,887119,5016,0,0,0,1694,0,0,0,0,0,0,0,0,0,0,0,0,0,0,0,453,0,193267,0,448547,0,0,135,229,309,2815,0,0,384,0,0
355,0,2,0,0,0,0,0,887119,0,0,0,0,85,384,0,0,0,0,0,0,0,0,0,0,0,0,0,0,0,0,192559,0,192680,65276,0,394,153,405,206,0,0,384,0,384
355,0,3,0,0,0,0,0,887119,0,0,0,0,88,384,0,0,0,0,0,0,0,0,0,0,0,0,0,0,0,0,128869,0,0,65279,0,146,63,0,113,0,0,0,0,384
355,0,4,0,0,0,0,0,887119,0,0,0,0,95,384,0,0,0,0,0,0,0,0,0,0,0,0,0,0,0,0,128936,0,0,65278,0,130,0,62,126,2031,0,0,0,384
355,0,5,0,0,0,0,0,887119,0,0,0,0,92,384,0,0,0,0,0,0,0,0,0,0,0,0,0,0,0,0,129269,0,0,65279,890,250,0,1,202,0,0,375,0,384
355,0,6,0,0,0,0,0,887119,0,0,0,0,95,384,0,0,0,0,0,0,0,0,0,0,0,0,0,0,0,0,128999,0,0,65244,0,76,162,1,120,0,0,384,0,384
355,0,7,0,0,0,0,0,887119,0,0,0,0,101,384,0,0,0,0,0,0,0,0,0,0,0,0,0,0,0,0,64618,0,0,65245,0,146,56,0,229,0,0,0,0,384
355,0,8,0,0,0,0,0,887119,0,0,0,0,95,384,0,0,0,0,0,0,0,0,0,0,0,0,0,0,0,0,64754,0,0,65236,0,97,0,62,198,1533,0,0,0,384
355,0,9,0,0,0,0,0,887119,0,0,0,0,93,384,0,0,0,0,0,0,0,0,0,0,0,0,0,0,0,0,64743,0,0,65275,591,56,0,1,117,0,0,384,0,384
355,0,10,0,0,0,0,0,887119,0,0,0,0,104,384,0,0,0,0,0,0,0,0,0,0,0,0,0,0,0,0,64624,0,0,65240,0,133,147,1,225,0,0,384,0,384
355,0,11,0,0,0,0,0,887119,0,0,0,0,95,384,0,0,0,0,0,0,0,0,0,0,0,0,0,0,0,0,0,0,0,65279,0,45,62,0,208,0,0,0,0,384
355,0,12,0,0,0,0,0,887119,0,0,0,0,95,384,0,0,0,0,0,0,0,0,0,0,0,0,0,0,0,0,0,0,0,65241,0,0,0,62,163,384,0,0,0,384
355,0,13,0,0,0,0,0,887119,0,0,0,0,98,384,0,0,0,0,0,0,0,0,0,0,0,0,0,0,0,0,0,0,0,65239,280,0,0,0,207,0,0,384,0,384
355,0,14,0,0,0,0,0,887119,0,0,0,0,90,384,0,0,0,0,0,0,0,0,0,0,0,0,0,0,0,0,0,0,0,65277,0,0,110,3,122,0,0,0,0,384
355,0,15,0,0,0,0,0,887119,0,0,0,0,44,0,0,0,0,0,0,0,0,0,0,0,0,0,0,0,0,0,0,0,0,0,0,0,36,0,95,0,0,0,0,0
356,0,0,0,0,0,0,0,1774159,0,0,846,853632,136,0,0,0,0,0,5016,0,0,0,0,0,0,0,0,846,846,0,385215,0,1278530,853632,0,495,0,136,284,0,0,0,0,1481437
356,0,1,0,0,0,0,0,887079,5016,0,0,0,1710,0,0,0,0,0,0,0,0,0,0,0,0,0,0,0,454,0,193265,0,448554,0,0,136,231,290,2828,0,0,384,0,0
356,0,2,0,0,0,0,0,887079,0,0,0,0,87,384,0,0,0,0,0,0,0,0,0,0,0,0,0,0,0,0,192562,0,192680,65276,0,400,150,422,204,0,0,384,0,384
356,0,3,0,0,0,0,0,887079,0,0,0,0,86,384,0,0,0,0,0,0,0,0,0,0,0,0,0,0,0,0,128869,0,0,65279,0,128,64,0,113,0,0,0,0,384
356,0,4,0,0,0,0,0,887079,0,0,0,0,90,384,0,0,0,0,0,0,0,0,0,0,0,0,0,0,0,0,128923,0,0,65280,0,128,0,67,127,2031,0,0,0,384
356,0,5,0,0,0,0,0,887079,0,0,0,0,89,384,0,0,0,0,0,0,0,0,0,0,0,0,0,0,0,0,129264,0,0,65279,896,252,0,2,196,0,0,373,0,384
356,0,6,0,0,0,0,0,887079,0,0,0,0,91,384,0,0,0,0,0,0,0,0,0,0,0,0,0,0,0,0,128997,0,0,65244,0,74,161,0,112,0,0,384,0,384
356,0,7,0,0,0,0,0,887079,0,0,0,0,96,384,0,0,0,0,0,0,0,0,0,0,0,0,0,0,0,0,64619,0,0,65244,0,161,61,0,228,0,0,0,0,384
356,0,8,0,0,0,0,0,887079,0,0,0,0,96,384,0,0,0,0,0,0,0,0,0,0,0,0,0,0,0,0,64746,0,0,65238,0,97,0,61,201,1534,0,0,0,384
356,0,9,0,0,0,0,0,887079,0,0,0,0,93,384,0,0,0,0,0,0,0,0,0,0,0,0,0,0,0,0,64744,0,0,65275,583,53,0,0,118,0,0,384,0,384
356,0,10,0,0,0,0,0,887079,0,0,0,0,95,384,0,0,0,0,0,0,0,0,0,0,0,0,0,0,0,0,64620,0,0,65241,0,138,159,3,213,0,0,384,0,384
356,0,11,0,0,0,0,0,887079,0,0,0,0,99,384,0,0,0,0,0,0,0,0,0,0,0,0,0,0,0,0,0,0,0,65280,0,37,58,0,253,0,0,0,0,384
356,0,12,0,0,0,0,0,887079,0,0,0,0,93,384,0,0,0,0,0,0,0,0,0,0,0,0,0,0,0,0,0,0,0,65238,0,0,0,64,161,384,0,0,0,384
356,0,13,0,0,0,0,0,887079,0,0,0,0,98,384,0,0,0,0,0,0,0,0,0,0,0,0,0,0,0,0,0,0,0,65239,278,0,0,0,210,0,0,384,0,384
356,0,14,0,0,0,0,0,887079,0,0,0,0,88,384,0,0,0,0,0,0,0,0,0,0,0,0,0,0,0,0,0,0,0,65277,0,0,110,2,115,0,0,0,0,384
356,0,15,0,0,0,0,0,887079,0,0,0,0,41,0,0,0,0,0,0,0,0,0,0,0,0,0,0,0,0,0,0,0,0,0,0,0,39,0,101,0,0,0,0,0
357,0,0,0,0,0,0,0,1774474,0,0,846,853632,136,0,0,0,0,0,5016,0,0,0,0,0,0,0,0,846,846,0,385273,0,1278471,853632,0,495,0,136,284,0,0,0,0,1482056
357,0,1,0,0,0,0,0,887237,5016,0,0,0,1684,0,0,0,0,0,0,0,0,0,0,0,0,0,0,0,463,0,193259,0,448549,0,0,142,234,307,2799,0,0,384,0,0
357,0,2,0,0,0,0,0,887237,0,0,0,0,85,384,0,0,0,0,0,0,0,0,0,0,0,0,0,0,0,0,192561,0,192680,65273,0,387,153,422,199,0,0,384,0,384
357,0,3,0,0,0,0,0,887237,0,0,0,0,89,384,0,0,0,0,0,0,0,0,0,0,0,0,0,0,0,0,128870,0,0,65279,0,124,62,0,119,0,0,0,0,384
357,0,4,0,0,0,0,0,887237,0,0,0,0,94,384,0,0,0,0,0,0,0,0,0,0,0,0,0,0,0,0,128943,0,0,65280,0,127,0,63,135,2031,0,0,0,384
357,0,5,0,0,0,0,0,887237,0,0,0,0,87,384,0,0,0,0,0,0,0,0,0,0,0,0,0,0,0,0,129267,0,0,65275,896,243,0,1,197,0,0,374,0,384
357,0,6,0,0,0,0,0,887237,0,0,0,0,95,384,0,0,0,0,0,0,0,0,0,0,0,0,0,0,0,0,129007,0,0,65244,0,79,159,1,124,0,0,384,0,384
357,0,7,0,0,0,0,0,887237,0,0,0,0,98,384,0,0,0,0,0,0,0,0,0,0,0,0,0,0,0,0,64617,0,0,65245,0,160,59,0,234,0,0,0,0,384
357,0,8,0,0,0,0,0,887237,0,0,0,0,97,384,0,0,0,0,0,0,0,0,0,0,0,0,0,0,0,0,64752,0,0,65239,0,99,0,60,201,1537,0,0,0,384
357,0,9,0,0,0,0,0,887237,0,0,0,0,88,384,0,0,0,0,0,0,0,0,0,0,0,0,0,0,0,0,64743,0,0,65276,592,63,0,1,112,0,0,384,0,384
357,0,10,0,0,0,0,0,887237,0,0,0,0,95,384,0,0,0,0,0,0,0,0,0,0,0,0,0,0,0,0,64615,0,0,65243,0,135,157,2,211,0,0,384,0,384
357,0,11,0,0,0,0,0,887237,0,0,0,0,96,384,0,0,0,0,0,0,0,0,0,0,0,0,0,0,0,0,0,0,0,65279,0,38,60,0,280,0,0,0,0,384
357,0,12,0,0,0,0,0,887237,0,0,0,0,92,384,0,0,0,0,0,0,0,0,0,0,0,0,0,0,0,0,0,0,0,65241,0,0,0,65,158,384,0,0,0,384
357,0,13,0,0,0,0,0,887237,0,0,0,0,96,384,0,0,0,0,0,0,0,0,0,0,0,0,0,0,0,0,0,0,0,65239,276,0,0,2,198,0,0,384,0,384
357,0,14,0,0,0,0,0,887237,0,0,0,0,86,384,0,0,0,0,0,0,0,0,0,0,0,0,0,0,0,0,0,0,0,65278,0,0,111,1,116,0,0,0,0,384
357,0,15,0,0,0,0,0,887237,0,0,0,0,41,0,0,0,0,0,0,0,0,0,0,0,0,0,0,0,0,0,0,0,0,0,0,0,39,0,101,0,0,0,0,0
358,0,0,0,0,0,0,0,238736,0,0,130,65600,136,0,0,0,0,0,3873,0,0,0,0,0,0,0,0,130,130,0,0,0,129714,65600,0,294,0,136,284,0,0,0,0,192
358,0,1,0,0,0,0,0,119368,3873,0,0,0,1175,0,0,0,0,0,0,0,0,0,0,0,0,0,0,0,7,0,0,0,65142,0,0,79,174,211,1997,0,0,192,0,0
358,0,2,0,0,0,0,0,119368,0,0,0,0,139,192,0,0,0,0,0,0,0,0,0,0,0,0,0,0,0,0,0,0,0,65340,0,246,128,276,310,0,0,0,0,192
358,0,3,0,0,0,0,0,119368,0,0,0,0,47,0,0,0,0,0,0,0,0,0,0,0,0,0,0,0,0,0,0,0,0,0,0,97,45,0,55,0,0,0,0,0
358,0,4,0,0,0,0,0,119368,0,0,0,0,47,0,0,0,0,0,0,0,0,0,0,0,0,0,0,0,0,0,0,0,0,0,0,87,0,45,66,0,0,0,0,0
358,0,5,0,0,0,0,0,119368,0,0,0,0,47,0,0,0,0,0,0,0,0,0,0,0,0,0,0,0,0,0,0,0,0,0,522,150,0,0,112,0,0,0,0,0
358,0,6,0,0,0,0,0,119368,0,0,0,0,47,0,0,0,0,0,0,0,0,0,0,0,0,0,0,0,0,0,0,0,0,0,0,43,98,0,52,0,0,0,0,0
358,0,7,0,0,0,0,0,119368,0,0,0,0,53,0,0,0,0,0,0,0,0,0,0,0,0,0,0,0,0,0,0,0,0,0,0,99,39,0,140,0,0,0,0,0
358,0,8,0,0,0,0,0,119368,0,0,0,0,53,0,0,0,0,0,0,0,0,0,0,0,0,0,0,0,0,0,0,0,0,0,0,52,0,39,110,0,0,0,0,0
358,0,9,0,0,0,0,0,119368,0,0,0,0,47,0,0,0,0,0,0,0,0,0,0,0,0,0,0,0,0,0,0,0,0,0,380,40,0,0,53,0,0,0,0,0
358,0,10,0,0,0,0,0,119368,0,0,0,0,53,0,0,0,0,0,0,0,0,0,0,0,0,0,0,0,0,0,0,0,0,0,0,82,86,0,124,0,0,0,0,0
358,0,11,0,0,0,0,0,119368,0,0,0,0,47,0,0,0,0,0,0,0,0,0,0,0,0,0,0,0,0,0,0,0,0,0,0,40,45,0,147,0,0,0,0,0
358,0,12,0,0,0,0,0,119368,0,0,0,0,47,0,0,0,0,0,0,0,0,0,0,0,0,0,0,0,0,0,0,0,0,0,0,0,0,45,93,0,0,0,0,0
358,0,13,0,0,0,0,0,119368,0,0,0,0,53,0,0,0,0,0,0,0,0,0,0,0,0,0,0,0,0,0,0,0,0,0,172,0,0,0,111,0,0,0,0,0
358,0,14,0,0,0,0,0,119368,0,0,0,0,47,0,0,0,0,0,0,0,0,0,0,0,0,0,0,0,0,0,0,0,0,0,0,0,86,0,63,0,0,0,0,0
358,0,15,0,0,0,0,0,119368,0,0,0,0,41,0,0,0,0,0,0,0,0,0,0,0,0,0,0,0,0,0,0,0,0,0,0,0,39,0,88,0,0,0,0,0
359,0,0,0,0,0,0,0,238732,0,0,130,65600,136,0,0,0,0,0,3873,0,0,0,0,0,0,0,0,130,130,0,0,0,129715,65600,0,294,0,136,284,0,0,0,0,192
359,0,1,0,0,0,0,0,119366,3873,0,0,0,1177,0,0,0,0,0,0,0,0,0,0,0,0,0,0,0,5,0,0,0,65143,0,0,79,174,209,1998,0,0,192,0,0
359,0,2,0,0,0,0,0,119366,0,0,0,0,138,192,0,0,0,0,0,0,0,0,0,0,0,0,0,0,0,0,0,0,0,65340,0,246,129,276,311,0,0,0,0,192
359,0,3,0,0,0,0,0,119366,0,0,0,0,47,0,0,0,0,0,0,0,0,0,0,0,0,0,0,0,0,0,0,0,0,0,0,97,45,0,55,0,0,0,0,0
359,0,4,0,0,0,0,0,119366,0,0,0,0,47,0,0,0,0,0,0,0,0,0,0,0,0,0,0,0,0,0,0,0,0,0,0,87,0,45,66,0,0,0,0,0
359,0,5,0,0,0,0,0,119366,0,0,0,0,47,0,0,0,0,0,0,0,0,0,0,0,0,0,0,0,0,0,0,0,0,0,522,150,0,0,112,0,0,0,0,0
359,0,6,0,0,0,0,0,119366,0,0,0,0,47,0,0,0,0,0,0,0,0,0,0,0,0,0,0,0,0,0,0,0,0,0,0,43,98,0,52,0,0,0,0,0
359,0,7,0,0,0,0,0,119366,0,0,0,0,53,0,0,0,0,0,0,0,0,0,0,0,0,0,0,0,0,0,0,0,0,0,0,99,39,0,140,0,0,0,0,0
359,0,8,0,0,0,0,0,119366,0,0,0,0,53,0,0,0,0,0,0,0,0,0,0,0,0,0,0,0,0,0,0,0,0,0,0,52,0,39,110,0,0,0,0,0
359,0,9,0,0,0,0,0,119366,0,0,0,0,47,0,0,0,0,0,0,0,0,0,0,0,0,0,0,0,0,0,0,0,0,0,380,40,0,0,53,0,0,0,0,0
359,0,10,0,0,0,0,0,119366,0,0,0,0,53,0,0,0,0,0,0,0,0,0,0,0,0,0,0,0,0,0,0,0,0,0,0,82,86,0,124,0,0,0,0,0
359,0,11,0,0,0,0,0,119366,0,0,0,0,47,0,0,0,0,0,0,0,0,0,0,0,0,0,0,0,0,0,0,0,0,0,0,40,45,0,147,0,0,0,0,0
359,0,12,0,0,0,0,0,119366,0,0,0,0,47,0,0,0,0,0,0,0,0,0,0,0,0,0,0,0,0,0,0,0,0,0,0,0,0,45,93,0,0,0,0,0
359,0,13,0,0,0,0,0,119366,0,0,0,0,53,0,0,0,0,0,0,0,0,0,0,0,0,0,0,0,0,0,0,0,0,0,172,0,0,0,111,0,0,0,0,0
359,0,14,0,0,0,0,0,119366,0,0,0,0,47,0,0,0,0,0,0,0,0,0,0,0,0,0,0,0,0,0,0,0,0,0,0,0,86,0,63,0,0,0,0,0
359,0,15,0,0,0,0,0,119366,0,0,0,0,41,0,0,0,0,0,0,0,0,0,0,0,0,0,0,0,0,0,0,0,0,0,0,0,39,0,88,0,0,0,0,0
360,0,0,0,0,0,0,0,238753,0,0,130,65600,136,0,0,0,0,0,3873,0,0,0,0,0,0,0,0,130,130,0,0,0,129712,65600,0,294,0,136,284,0,0,0,0,192
360,0,1,0,0,0,0,0,119377,3873,0,0,0,1177,0,0,0,0,0,0,0,0,0,0,0,0,0,0,0,7,0,0,0,65140,0,0,79,174,209,1998,0,0,192,0,0
360,0,2,0,0,0,0,0,119377,0,0,0,0,139,192,0,0,0,0,0,0,0,0,0,0,0,0,0,0,0,0,0,0,0,65340,0,246,129,275,312,0,0,0,0,192
360,0,3,0,0,0,0,0,119377,0,0,0,0,47,0,0,0,0,0,0,0,0,0,0,0,0,0,0,0,0,0,0,0,0,0,0,98,45,0,55,0,0,0,0,0
360,0,4,0,0,0,0,0,119377,0,0,0,0,47,0,0,0,0,0,0,0,0,0,0,0,0,0,0,0,0,0,0,0,0,0,0,87,0,45,66,0,0,0,0,0
360,0,5,0,0,0,0,0,119377,0,0,0,0,47,0,0,0,0,0,0,0,0,0,0,0,0,0,0,0,0,0,0,0,0,0,522,150,0,0,112,0,0,0,0,0
360,0,6,0,0,0,0,0,119377,0,0,0,0,47,0,0,0,0,0,0,0,0,0,0,0,0,0,0,0,0,0,0,0,0,0,0,43,98,0,52,0,0,0,0,0
360,0,7,0,0,0,0,0,119377,0,0,0,0,53,0,0,0,0,0,0,0,0,0,0,0,0,0,0,0,0,0,0,0,0,0,0,98,39,0,140,0,0,0,0,0
360,0,8,0,0,0,0,0,119377,0,0,0,0,53,0,0,0,0,0,0,0,0,0,0,0,0,0,0,0,0,0,0,0,0,0,0,52,0,39,110,0,0,0,0,0
360,0,9,0,0,0,0,0,119377,0,0,0,0,47,0,0,0,0,0,0,0,0,0,0,0,0,0,0,0,0,0,0,0,0,0,380,40,0,0,53,0,0,0,0,0
360,0,10,0,0,0,0,0,119377,0,0,0,0,53,0,0,0,0,0,0,0,0,0,0,0,0,0,0,0,0,0,0,0,0,0,0,82,86,0,124,0,0,0,0,0
360,0,11,0,0,0,0,0,119377,0,0,0,0,47,0,0,0,0,0,0,0,0,0,0,0,0,0,0,0,0,0,0,0,0,0,0,41,45,0,131,0,0,0,0,0
360,0,12,0,0,0,0,0,119377,0,0,0,0,47,0,0,0,0,0,0,0,0,0,0,0,0,0,0,0,0,0,0,0,0,0,0,0,0,45,93,0,0,0,0,0
360,0,13,0,0,0,0,0,119377,0,0,0,0,53,0,0,0,0,0,0,0,0,0,0,0,0,0,0,0,0,0,0,0,0,0,172,0,0,0,111,0,0,0,0,0
360,0,14,0,0,0,0,0,119377,0,0,0,0,47,0,0,0,0,0,0,0,0,0,0,0,0,0,0,0,0,0,0,0,0,0,0,0,86,0,63,0,0,0,0,0
360,0,15,0,0,0,0,0,119377,0,0,0,0,41,0,0,0,0,0,0,0,0,0,0,0,0,0,0,0,0,0,0,0,0,0,0,0,39,0,87,0,0,0,0,0
361,0,0,0,0,0,0,0,363002,0,0,132,131200,136,0,0,0,0,0,3882,0,0,0,0,0,0,0,0,132,132,0,0,0,260017,131200,0,294,0,136,284,0,0,0,0,384
361,0,1,0,0,0,0,0,181501,3882,0,0,0,1158,0,0,0,0,0,0,0,0,0,0,0,0,0,0,0,127,0,0,0,130299,0,0,78,171,235,1952,0,0,192,0,0
361,0,2,0,0,0,0,0,181501,0,0,0,0,105,192,0,0,0,0,0,0,0,0,0,0,0,0,0,0,0,0,0,0,65152,65346,0,250,153,309,217,0,0,192,0,192
361,0,3,0,0,0,0,0,181501,0,0,0,0,102,192,0,0,0,0,0,0,0,0,0,0,0,0,0,0,0,0,0,0,0,65407,0,100,55,0,141,0,0,0,0,192
361,0,4,0,0,0,0,0,181501,0,0,0,0,50,0,0,0,0,0,0,0,0,0,0,0,0,0,0,0,0,0,0,0,0,0,0,87,0,42,67,0,0,0,0,0
361,0,5,0,0,0,0,0,181501,0,0,0,0,50,0,0,0,0,0,0,0,0,0,0,0,0,0,0,0,0,0,0,0,0,0,525,150,0,0,116,0,0,0,0,0
361,0,6,0,0,0,0,0,181501,0,0,0,0,50,0,0,0,0,0,0,0,0,0,0,0,0,0,0,0,0,0,0,0,0,0,0,39,95,0,55,0,0,0,0,0
361,0,7,0,0,0,0,0,181501,0,0,0,0,53,0,0,0,0,0,0,0,0,0,0,0,0,0,0,0,0,0,0,0,0,0,0,99,39,0,138,0,0,0,0,0
361,0,8,0,0,0,0,0,181501,0,0,0,0,56,0,0,0,0,0,0,0,0,0,0,0,0,0,0,0,0,0,0,0,0,0,0,52,0,36,113,0,0,0,0,0
361,0,9,0,0,0,0,0,181501,0,0,0,0,50,0,0,0,0,0,0,0,0,0,0,0,0,0,0,0,0,0,0,0,0,0,380,40,0,0,56,0,0,0,0,0
361,0,10,0,0,0,0,0,181501,0,0,0,0,56,0,0,0,0,0,0,0,0,0,0,0,0,0,0,0,0,0,0,0,0,0,0,86,86,0,127,0,0,0,0,0
361,0,11,0,0,0,0,0,181501,0,0,0,0,50,0,0,0,0,0,0,0,0,0,0,0,0,0,0,0,0,0,0,0,0,0,0,41,42,0,102,0,0,0,0,0
361,0,12,0,0,0,0,0,181501,0,0,0,0,50,0,0,0,0,0,0,0,0,0,0,0,0,0,0,0,0,0,0,0,0,0,0,0,0,42,96,0,0,0,0,0
361,0,13,0,0,0,0,0,181501,0,0,0,0,56,0,0,0,0,0,0,0,0,0,0,0,0,0,0,0,0,0,0,0,0,0,172,0,0,0,114,0,0,0,0,0
361,0,14,0,0,0,0,0,181501,0,0,0,0,50,0,0,0,0,0,0,0,0,0,0,0,0,0,0,0,0,0,0,0,0,0,0,0,86,0,62,0,0,0,0,0
361,0,15,0,0,0,0,0,181501,0,0,0,0,44,0,0,0,0,0,0,0,0,0,0,0,0,0,0,0,0,0,0,0,0,0,0,0,36,0,91,0,0,0,0,0
362,0,0,0,0,0,0,0,363018,0,0,132,131200,136,0,0,0,0,0,3882,0,0,0,0,0,0,0,0,132,132,0,0,0,260018,131200,0,294,0,136,284,0,0,0,0,384
362,0,1,0,0,0,0,0,181509,3882,0,0,0,1160,0,0,0,0,0,0,0,0,0,0,0,0,0,0,0,126,0,0,0,130298,0,0,78,171,233,1954,0,0,192,0,0
362,0,2,0,0,0,0,0,181509,0,0,0,0,106,192,0,0,0,0,0,0,0,0,0,0,0,0,0,0,0,0,0,0,65152,65347,0,250,153,311,218,0,0,192,0,192
362,0,3,0,0,0,0,0,181509,0,0,0,0,103,192,0,0,0,0,0,0,0,0,0,0,0,0,0,0,0,0,0,0,0,65407,0,100,54,0,140,0,0,0,0,192
362,0,4,0,0,0,0,0,181509,0,0,0,0,50,0,0,0,0,0,0,0,0,0,0,0,0,0,0,0,0,0,0,0,0,0,0,87,0,42,67,0,0,0,0,0
362,0,5,0,0,0,0,0,181509,0,0,0,0,50,0,0,0,0,0,0,0,0,0,0,0,0,0,0,0,0,0,0,0,0,0,525,150,0,0,116,0,0,0,0,0
362,0,6,0,0,0,0,0,181509,0,0,0,0,50,0,0,0,0,0,0,0,0,0,0,0,0,0,0,0,0,0,0,0,0,0,0,39,95,0,55,0,0,0,0,0
362,0,7,0,0,0,0,0,181509,0,0,0,0,53,0,0,0,0,0,0,0,0,0,0,0,0,0,0,0,0,0,0,0,0,0,0,99,39,0,138,0,0,0,0,0
362,0,8,0,0,0,0,0,181509,0,0,0,0,56,0,0,0,0,0,0,0,0,0,0,0,0,0,0,0,0,0,0,0,0,0,0,52,0,36,113,0,0,0,0,0
362,0,9,0,0,0,0,0,181509,0,0,0,0,50,0,0,0,0,0,0,0,0,0,0,0,0,0,0,0,0,0,0,0,0,0,380,40,0,0,56,0,0,0,0,0
362,0,10,0,0,0,0,0,181509,0,0,0,0,56,0,0,0,0,0,0,0,0,0,0,0,0,0,0,0,0,0,0,0,0,0,0,86,86,0,127,0,0,0,0,0
362,0,11,0,0,0,0,0,181509,0,0,0,0,50,0,0,0,0,0,0,0,0,0,0,0,0,0,0,0,0,0,0,0,0,0,0,41,42,0,182,0,0,0,0,0
362,0,12,0,0,0,0,0,181509,0,0,0,0,50,0,0,0,0,0,0,0,0,0,0,0,0,0,0,0,0,0,0,0,0,0,0,0,0,42,96,0,0,0,0,0
362,0,13,0,0,0,0,0,181509,0,0,0,0,56,0,0,0,0,0,0,0,0,0,0,0,0,0,0,0,0,0,0,0,0,0,172,0,0,0,114,0,0,0,0,0
362,0,14,0,0,0,0,0,181509,0,0,0,0,50,0,0,0,0,0,0,0,0,0,0,0,0,0,0,0,0,0,0,0,0,0,0,0,86,0,62,0,0,0,0,0
362,0,15,0,0,0,0,0,181509,0,0,0,0,44,0,0,0,0,0,0,0,0,0,0,0,0,0,0,0,0,0,0,0,0,0,0,0,36,0,91,0,0,0,0,0
363,0,0,0,0,0,0,0,363049,0,0,132,131200,136,0,0,0,0,0,3879,0,0,0,0,0,0,0,0,132,132,0,0,0,260015,131200,0,294,0,136,284,0,0,0,0,384
363,0,1,0,0,0,0,0,181525,3879,0,0,0,1156,0,0,0,0,0,0,0,0,0,0,0,0,0,0,0,125,0,0,0,130297,0,0,79,172,235,1952,0,0,192,0,0
363,0,2,0,0,0,0,0,181525,0,0,0,0,104,192,0,0,0,0,0,0,0,0,0,0,0,0,0,0,0,0,0,0,65152,65346,0,246,154,312,217,0,0,192,0,192
363,0,3,0,0,0,0,0,181525,0,0,0,0,102,192,0,0,0,0,0,0,0,0,0,0,0,0,0,0,0,0,0,0,0,65407,0,98,55,0,140,0,0,0,0,192
363,0,4,0,0,0,0,0,181525,0,0,0,0,47,0,0,0,0,0,0,0,0,0,0,0,0,0,0,0,0,0,0,0,0,0,0,87,0,45,66,0,0,0,0,0
363,0,5,0,0,0,0,0,181525,0,0,0,0,47,0,0,0,0,0,0,0,0,0,0,0,0,0,0,0,0,0,0,0,0,0,522,150,0,0,112,0,0,0,0,0
363,0,6,0,0,0,0,0,181525,0,0,0,0,47,0,0,0,0,0,0,0,0,0,0,0,0,0,0,0,0,0,0,0,0,0,0,43,98,0,52,0,0,0,0,0
363,0,7,0,0,0,0,0,181525,0,0,0,0,53,0,0,0,0,0,0,0,0,0,0,0,0,0,0,0,0,0,0,0,0,0,0,99,39,0,140,0,0,0,0,0
363,0,8,0,0,0,0,0,181525,0,0,0,0,53,0,0,0,0,0,0,0,0,0,0,0,0,0,0,0,0,0,0,0,0,0,0,52,0,39,110,0,0,0,0,0
363,0,9,0,0,0,0,0,181525,0,0,0,0,47,0,0,0,0,0,0,0,0,0,0,0,0,0,0,0,0,0,0,0,0,0,380,40,0,0,53,0,0,0,0,0
363,0,10,0,0,0,0,0,181525,0,0,0,0,53,0,0,0,0,0,0,0,0,0,0,0,0,0,0,0,0,0,0,0,0,0,0,82,86,0,124,0,0,0,0,0
363,0,11,0,0,0,0,0,181525,0,0,0,0,47,0,0,0,0,0,0,0,0,0,0,0,0,0,0,0,0,0,0,0,0,0,0,41,45,0,131,0,0,0,0,0
363,0,12,0,0,0,0,0,181525,0,0,0,0,47,0,0,0,0,0,0,0,0,0,0,0,0,0,0,0,0,0,0,0,0,0,0,0,0,45,93,0,0,0,0,0
363,0,13,0,0,0,0,0,181525,0,0,0,0,53,0,0,0,0,0,0,0,0,0,0,0,0,0,0,0,0,0,0,0,0,0,172,0,0,0,111,0,0,0,0,0
363,0,14,0,0,0,0,0,181525,0,0,0,0,47,0,0,0,0,0,0,0,0,0,0,0,0,0,0,0,0,0,0,0,0,0,0,0,86,0,63,0,0,0,0,0
363,0,15,0,0,0,0,0,181525,0,0,0,0,41,0,0,0,0,0,0,0,0,0,0,0,0,0,0,0,0,0,0,0,0,0,0,0,39,0,88,0,0,0,0,0
364,0,0,0,0,0,0,0,623221,0,0,178,262400,136,0,0,0,0,0,3960,0,0,0,0,0,0,0,0,178,178,0,130222,0,389711,262400,0,339,0,136,284,0,0,0,0,768
364,0,1,0,0,0,0,0,311610,3960,0,0,0,1192,0,0,0,0,0,0,0,0,0,0,0,0,0,0,0,95,0,65151,0,130145,0,0,95,193,210,1997,0,0,192,0,0
364,0,2,0,0,0,0,0,311610,0,0,0,0,74,192,0,0,0,0,0,0,0,0,0,0,0,0,0,0,0,0,0,0,65151,65404,0,250,137,299,177,0,0,192,0,192
364,0,3,0,0,0,0,0,311610,0,0,0,0,76,192,0,0,0,0,0,0,0,0,0,0,0,0,0,0,0,0,0,0,0,65389,0,101,58,0,103,0,0,0,0,192
364,0,4,0,0,0,0,0,311610,0,0,0,0,80,192,0,0,0,0,0,0,0,0,0,0,0,0,0,0,0,0,0,0,0,65408,0,87,0,55,118,192,0,0,0,192
364,0,5,0,0,0,0,0,311610,0,0,0,0,78,192,0,0,0,0,0,0,0,0,0,0,0,0,0,0,0,0,0,0,0,65384,572,150,0,0,174,0,0,0,0,192
364,0,6,0,0,0,0,0,311610,0,0,0,0,50,0,0,0,0,0,0,0,0,0,0,0,0,0,0,0,0,0,0,0,0,0,0,39,95,2,55,0,0,0,0,0
364,0,7,0,0,0,0,0,311610,0,0,0,0,53,0,0,0,0,0,0,0,0,0,0,0,0,0,0,0,0,0,0,0,0,0,0,98,39,0,138,0,0,0,0,0
364,0,8,0,0,0,0,0,311610,0,0,0,0,56,0,0,0,0,0,0,0,0,0,0,0,0,0,0,0,0,0,0,0,0,0,0,52,0,36,113,0,0,0,0,0
364,0,9,0,0,0,0,0,311610,0,0,0,0,50,0,0,0,0,0,0,0,0,0,0,0,0,0,0,0,0,0,0,0,0,0,380,40,0,0,56,0,0,0,0,0
364,0,10,0,0,0,0,0,311610,0,0,0,0,56,0,0,0,0,0,0,0,0,0,0,0,0,0,0,0,0,0,0,0,0,0,0,86,86,0,127,0,0,0,0,0
364,0,11,0,0,0,0,0,311610,0,0,0,0,50,0,0,0,0,0,0,0,0,0,0,0,0,0,0,0,0,0,0,0,0,0,0,44,42,0,4006,0,0,0,0,0
364,0,12,0,0,0,0,0,311610,0,0,0,0,50,0,0,0,0,0,0,0,0,0,0,0,0,0,0,0,0,0,0,0,0,0,0,0,0,42,96,0,0,0,0,0
364,0,13,0,0,0,0,0,311610,0,0,0,0,56,0,0,0,0,0,0,0,0,0,0,0,0,0,0,0,0,0,0,0,0,0,172,0,0,0,114,0,0,0,0,0
364,0,14,0,0,0,0,0,311610,0,0,0,0,50,0,0,0,0,0,0,0,0,0,0,0,0,0,0,0,0,0,0,0,0,0,0,0,86,0,62,0,0,0,0,0
364,0,15,0,0,0,0,0,311610,0,0,0,0,44,0,0,0,0,0,0,0,0,0,0,0,0,0,0,0,0,0,0,0,0,0,0,0,36,0,90,0,0,0,0,0
365,0,0,0,0,0,0,0,623277,0,0,178,262400,136,0,0,0,0,0,3963,0,0,0,0,0,0,0,0,178,178,0,130224,0,389712,262400,0,339,0,136,284,0,0,0,0,768
365,0,1,0,0,0,0,0,311639,3963,0,0,0,1192,0,0,0,0,0,0,0,0,0,0,0,0,0,0,0,97,0,65151,0,130147,0,0,95,191,212,2006,0,0,192,0,0
365,0,2,0,0,0,0,0,311639,0,0,0,0,75,192,0,0,0,0,0,0,0,0,0,0,0,0,0,0,0,0,0,0,65150,65404,0,246,135,299,180,0,0,192,0,192
365,0,3,0,0,0,0,0,311639,0,0,0,0,76,192,0,0,0,0,0,0,0,0,0,0,0,0,0,0,0,0,0,0,0,65389,0,98,59,0,105,0,0,0,0,192
365,0,4,0,0,0,0,0,311639,0,0,0,0,80,192,0,0,0,0,0,0,0,0,0,0,0,0,0,0,0,0,0,0,0,65408,0,87,0,55,117,192,0,0,0,192
365,0,5,0,0,0,0,0,311639,0,0,0,0,81,192,0,0,0,0,0,0,0,0,0,0,0,0,0,0,0,0,0,0,0,65384,565,150,0,1,177,0,0,0,0,192
365,0,6,0,0,0,0,0,311639,0,0,0,0,47,0,0,0,0,0,0,0,0,0,0,0,0,0,0,0,0,0,0,0,0,0,0,43,98,1,52,0,0,0,0,0
365,0,7,0,0,0,0,0,311639,0,0,0,0,53,0,0,0,0,0,0,0,0,0,0,0,0,0,0,0,0,0,0,0,0,0,0,100,39,0,140,0,0,0,0,0
365,0,8,0,0,0,0,0,311639,0,0,0,0,53,0,0,0,0,0,0,0,0,0,0,0,0,0,0,0,0,0,0,0,0,0,0,52,0,39,110,0,0,0,0,0
365,0,9,0,0,0,0,0,311639,0,0,0,0,47,0,0,0,0,0,0,0,0,0,0,0,0,0,0,0,0,0,0,0,0,0,380,40,0,0,53,0,0,0,0,0
365,0,10,0,0,0,0,0,311639,0,0,0,0,53,0,0,0,0,0,0,0,0,0,0,0,0,0,0,0,0,0,0,0,0,0,0,82,86,0,124,0,0,0,0,0
365,0,11,0,0,0,0,0,311639,0,0,0,0,47,0,0,0,0,0,0,0,0,0,0,0,0,0,0,0,0,0,0,0,0,0,0,42,45,0,147,0,0,0,0,0
365,0,12,0,0,0,0,0,311639,0,0,0,0,47,0,0,0,0,0,0,0,0,0,0,0,0,0,0,0,0,0,0,0,0,0,0,0,0,45,93,0,0,0,0,0
365,0,13,0,0,0,0,0,311639,0,0,0,0,53,0,0,0,0,0,0,0,0,0,0,0,0,0,0,0,0,0,0,0,0,0,172,0,0,0,111,0,0,0,0,0
365,0,14,0,0,0,0,0,311639,0,0,0,0,47,0,0,0,0,0,0,0,0,0,0,0,0,0,0,0,0,0,0,0,0,0,0,0,86,0,63,0,0,0,0,0
365,0,15,0,0,0,0,0,311639,0,0,0,0,41,0,0,0,0,0,0,0,0,0,0,0,0,0,0,0,0,0,0,0,0,0,0,0,39,0,89,0,0,0,0,0
366,0,0,0,0,0,0,0,623234,0,0,178,262400,136,0,0,0,0,0,3963,0,0,0,0,0,0,0,0,178,178,0,130223,0,389687,262400,0,339,0,136,284,0,0,0,0,768
366,0,1,0,0,0,0,0,311617,3963,0,0,0,1192,0,0,0,0,0,0,0,0,0,0,0,0,0,0,0,90,0,65150,0,130131,0,0,96,193,209,2007,0,0,192,0,0
366,0,2,0,0,0,0,0,311617,0,0,0,0,74,192,0,0,0,0,0,0,0,0,0,0,0,0,0,0,0,0,0,0,65145,65404,0,250,132,299,178,0,0,192,0,192
366,0,3,0,0,0,0,0,311617,0,0,0,0,72,192,0,0,0,0,0,0,0,0,0,0,0,0,0,0,0,0,0,0,0,65385,0,100,63,0,99,0,0,0,0,192
366,0,4,0,0,0,0,0,311617,0,0,0,0,76,192,0,0,0,0,0,0,0,0,0,0,0,0,0,0,0,0,0,0,0,65408,0,87,0,59,115,192,0,0,0,192
366,0,5,0,0,0,0,0,311617,0,0,0,0,78,192,0,0,0,0,0,0,0,0,0,0,0,0,0,0,0,0,0,0,0,65385,567,150,0,1,173,0,0,0,0,192
366,0,6,0,0,0,0,0,311617,0,0,0,0,50,0,0,0,0,0,0,0,0,0,0,0,0,0,0,0,0,0,0,0,0,0,0,39,95,1,55,0,0,0,0,0
366,0,7,0,0,0,0,0,311617,0,0,0,0,53,0,0,0,0,0,0,0,0,0,0,0,0,0,0,0,0,0,0,0,0,0,0,100,39,0,138,0,0,0,0,0
366,0,8,0,0,0,0,0,311617,0,0,0,0,56,0,0,0,0,0,0,0,0,0,0,0,0,0,0,0,0,0,0,0,0,0,0,52,0,36,113,0,0,0,0,0
366,0,9,0,0,0,0,0,311617,0,0,0,0,50,0,0,0,0,0,0,0,0,0,0,0,0,0,0,0,0,0,0,0,0,0,380,40,0,0,56,0,0,0,0,0
366,0,10,0,0,0,0,0,311617,0,0,0,0,56,0,0,0,0,0,0,0,0,0,0,0,0,0,0,0,0,0,0,0,0,0,0,86,86,0,127,0,0,0,0,0
366,0,11,0,0,0,0,0,311617,0,0,0,0,50,0,0,0,0,0,0,0,0,0,0,0,0,0,0,0,0,0,0,0,0,0,0,42,42,0,182,0,0,0,0,0
366,0,12,0,0,0,0,0,311617,0,0,0,0,50,0,0,0,0,0,0,0,0,0,0,0,0,0,0,0,0,0,0,0,0,0,0,0,0,42,96,0,0,0,0,0
366,0,13,0,0,0,0,0,311617,0,0,0,0,56,0,0,0,0,0,0,0,0,0,0,0,0,0,0,0,0,0,0,0,0,0,172,0,0,0,114,0,0,0,0,0
366,0,14,0,0,0,0,0,311617,0,0,0,0,50,0,0,0,0,0,0,0,0,0,0,0,0,0,0,0,0,0,0,0,0,0,0,0,86,0,62,0,0,0,0,0
366,0,15,0,0,0,0,0,311617,0,0,0,0,44,0,0,0,0,0,0,0,0,0,0,0,0,0,0,0,0,0,0,0,0,0,0,0,36,0,92,0,0,0,0,0
367,0,0,0,0,0,0,0,884087,0,0,264,393600,136,0,0,0,0,0,4104,0,0,0,0,0,0,0,0,264,264,0,130236,0,649549,393600,0,339,0,136,284,0,0,0,0,1152
367,0,1,0,0,0,0,0,442044,4104,0,0,0,1284,0,0,0,0,0,0,0,0,0,0,0,0,0,0,0,19,0,65152,0,260129,0,0,100,175,219,2139,0,0,192,0,0
367,0,2,0,0,0,0,0,442044,0,0,0,0,78,192,0,0,0,0,0,0,0,0,0,0,0,0,0,0,0,0,65089,0,130285,65401,0,289,137,327,195,0,0,192,0,192
367,0,3,0,0,0,0,0,442044,0,0,0,0,81,192,0,0,0,0,0,0,0,0,0,0,0,0,0,0,0,0,65146,0,0,65407,0,115,54,0,110,0,0,0,0,192
367,0,4,0,0,0,0,0,442044,0,0,0,0,79,192,0,0,0,0,0,0,0,0,0,0,0,0,0,0,0,0,0,0,0,65348,0,87,0,56,100,384,0,0,0,192
367,0,5,0,0,0,0,0,442044,0,0,0,0,80,192,0,0,0,0,0,0,0,0,0,0,0,0,0,0,0,0,0,0,0,65407,604,150,0,1,169,0,0,192,0,192
367,0,6,0,0,0,0,0,442044,0,0,0,0,80,192,0,0,0,0,0,0,0,0,0,0,0,0,0,0,0,0,0,0,0,65408,0,43,141,1,87,0,0,192,0,192
367,0,7,0,0,0,0,0,442044,0,0,0,0,86,192,0,0,0,0,0,0,0,0,0,0,0,0,0,0,0,0,0,0,0,65405,0,102,48,0,201,0,0,0,0,192
367,0,8,0,0,0,0,0,442044,0,0,0,0,53,0,0,0,0,0,0,0,0,0,0,0,0,0,0,0,0,0,0,0,0,0,0,52,0,39,110,0,0,0,0,0
367,0,9,0,0,0,0,0,442044,0,0,0,0,47,0,0,0,0,0,0,0,0,0,0,0,0,0,0,0,0,0,0,0,0,0,380,40,0,0,53,0,0,0,0,0
367,0,10,0,0,0,0,0,442044,0,0,0,0,53,0,0,0,0,0,0,0,0,0,0,0,0,0,0,0,0,0,0,0,0,0,0,82,86,0,124,0,0,0,0,0
367,0,11,0,0,0,0,0,442044,0,0,0,0,47,0,0,0,0,0,0,0,0,0,0,0,0,0,0,0,0,0,0,0,0,0,0,42,45,0,131,0,0,0,0,0
367,0,12,0,0,0,0,0,442044,0,0,0,0,47,0,0,0,0,0,0,0,0,0,0,0,0,0,0,0,0,0,0,0,0,0,0,0,0,45,93,0,0,0,0,0
367,0,13,0,0,0,0,0,442044,0,0,0,0,53,0,0,0,0,0,0,0,0,0,0,0,0,0,0,0,0,0,0,0,0,0,172,0,0,0,111,0,0,0,0,0
367,0,14,0,0,0,0,0,442044,0,0,0,0,47,0,0,0,0,0,0,0,0,0,0,0,0,0,0,0,0,0,0,0,0,0,0,0,86,0,63,0,0,0,0,0
367,0,15,0,0,0,0,0,442044,0,0,0,0,41,0,0,0,0,0,0,0,0,0,0,0,0,0,0,0,0,0,0,0,0,0,0,0,39,0,91,0,0,0,0,0
368,0,0,0,0,0,0,0,884048,0,0,264,393600,136,0,0,0,0,0,4104,0,0,0,0,0,0,0,0,264,264,0,130237,0,649539,393600,0,339,0,136,284,0,0,0,0,1152
368,0,1,0,0,0,0,0,442024,4104,0,0,0,1293,0,0,0,0,0,0,0,0,0,0,0,0,0,0,0,26,0,65152,0,260187,0,0,78,190,217,2142,0,0,192,0,0
368,0,2,0,0,0,0,0,442024,0,0,0,0,76,192,0,0,0,0,0,0,0,0,0,0,0,0,0,0,0,0,65090,0,130209,65405,0,275,134,356,180,0,0,192,0,192
368,0,3,0,0,0,0,0,442024,0,0,0,0,76,192,0,0,0,0,0,0,0,0,0,0,0,0,0,0,0,0,65090,0,0,65402,0,103,59,0,88,0,0,0,0,192
368,0,4,0,0,0,0,0,442024,0,0,0,0,81,192,0,0,0,0,0,0,0,0,0,0,0,0,0,0,0,0,0,0,0,65347,0,87,0,54,117,384,0,0,0,192
368,0,5,0,0,0,0,0,442024,0,0,0,0,79,192,0,0,0,0,0,0,0,0,0,0,0,0,0,0,0,0,0,0,0,65406,613,150,0,1,190,0,0,192,0,192
368,0,6,0,0,0,0,0,442024,0,0,0,0,82,192,0,0,0,0,0,0,0,0,0,0,0,0,0,0,0,0,0,0,0,65408,0,39,135,1,107,0,0,192,0,192
368,0,7,0,0,0,0,0,442024,0,0,0,0,83,192,0,0,0,0,0,0,0,0,0,0,0,0,0,0,0,0,0,0,0,65406,0,101,52,0,210,0,0,0,0,192
368,0,8,0,0,0,0,0,442024,0,0,0,0,56,0,0,0,0,0,0,0,0,0,0,0,0,0,0,0,0,0,0,0,0,0,0,52,0,36,113,0,0,0,0,0
368,0,9,0,0,0,0,0,442024,0,0,0,0,50,0,0,0,0,0,0,0,0,0,0,0,0,0,0,0,0,0,0,0,0,0,380,40,0,0,56,0,0,0,0,0
368,0,10,0,0,0,0,0,442024,0,0,0,0,56,0,0,0,0,0,0,0,0,0,0,0,0,0,0,0,0,0,0,0,0,0,0,86,86,0,127,0,0,0,0,0
368,0,11,0,0,0,0,0,442024,0,0,0,0,50,0,0,0,0,0,0,0,0,0,0,0,0,0,0,0,0,0,0,0,0,0,0,43,42,0,118,0,0,0,0,0
368,0,12,0,0,0,0,0,442024,0,0,0,0,50,0,0,0,0,0,0,0,0,0,0,0,0,0,0,0,0,0,0,0,0,0,0,0,0,42,96,0,0,0,0,0
368,0,13,0,0,0,0,0,442024,0,0,0,0,56,0,0,0,0,0,0,0,0,0,0,0,0,0,0,0,0,0,0,0,0,0,172,0,0,0,114,0,0,0,0,0
368,0,14,0,0,0,0,0,442024,0,0,0,0,50,0,0,0,0,0,0,0,0,0,0,0,0,0,0,0,0,0,0,0,0,0,0,0,86,0,62,0,0,0,0,0
368,0,15,0,0,0,0,0,442024,0,0,0,0,44,0,0,0,0,0,0,0,0,0,0,0,0,0,0,0,0,0,0,0,0,0,0,0,36,0,93,0,0,0,0,0
369,0,0,0,0,0,0,0,884062,0,0,264,393600,136,0,0,0,0,0,4104,0,0,0,0,0,0,0,0,264,264,0,130217,0,649577,393600,0,339,0,136,284,0,0,0,0,1152
369,0,1,0,0,0,0,0,442031,4104,0,0,0,1289,0,0,0,0,0,0,0,0,0,0,0,0,0,0,0,26,0,65152,0,260201,0,0,78,192,219,2143,0,0,192,0,0
369,0,2,0,0,0,0,0,442031,0,0,0,0,78,192,0,0,0,0,0,0,0,0,0,0,0,0,0,0,0,0,65090,0,130218,65405,0,274,134,357,180,0,0,192,0,192
369,0,3,0,0,0,0,0,442031,0,0,0,0,78,192,0,0,0,0,0,0,0,0,0,0,0,0,0,0,0,0,65090,0,0,65405,0,102,57,0,90,0,0,0,0,192
369,0,4,0,0,0,0,0,442031,0,0,0,0,80,192,0,0,0,0,0,0,0,0,0,0,0,0,0,0,0,0,0,0,0,65345,0,87,0,55,118,384,0,0,0,192
369,0,5,0,0,0,0,0,442031,0,0,0,0,81,192,0,0,0,0,0,0,0,0,0,0,0,0,0,0,0,0,0,0,0,65406,608,150,0,1,192,0,0,192,0,192
369,0,6,0,0,0,0,0,442031,0,0,0,0,80,192,0,0,0,0,0,0,0,0,0,0,0,0,0,0,0,0,0,0,0,65408,0,39,137,2,106,0,0,192,0,192
369,0,7,0,0,0,0,0,442031,0,0,0,0,84,192,0,0,0,0,0,0,0,0,0,0,0,0,0,0,0,0,0,0,0,65406,0,100,51,0,212,0,0,0,0,192
369,0,8,0,0,0,0,0,442031,0,0,0,0,56,0,0,0,0,0,0,0,0,0,0,0,0,0,0,0,0,0,0,0,0,0,0,52,0,36,113,0,0,0,0,0
369,0,9,0,0,0,0,0,442031,0,0,0,0,50,0,0,0,0,0,0,0,0,0,0,0,0,0,0,0,0,0,0,0,0,0,380,40,0,0,56,0,0,0,0,0
369,0,10,0,0,0,0,0,442031,0,0,0,0,56,0,0,0,0,0,0,0,0,0,0,0,0,0,0,0,0,0,0,0,0,0,0,86,86,0,127,0,0,0,0,0
369,0,11,0,0,0,0,0,442031,0,0,0,0,50,0,0,0,0,0,0,0,0,0,0,0,0,0,0,0,0,0,0,0,0,0,0,44,42,0,118,0,0,0,0,0
369,0,12,0,0,0,0,0,442031,0,0,0,0,50,0,0,0,0,0,0,0,0,0,0,0,0,0,0,0,0,0,0,0,0,0,0,0,0,42,96,0,0,0,0,0
369,0,13,0,0,0,0,0,442031,0,0,0,0,56,0,0,0,0,0,0,0,0,0,0,0,0,0,0,0,0,0,0,0,0,0,172,0,0,0,114,0,0,0,0,0
369,0,14,0,0,0,0,0,442031,0,0,0,0,50,0,0,0,0,0,0,0,0,0,0,0,0,0,0,0,0,0,0,0,0,0,0,0,86,0,62,0,0,0,0,0
369,0,15,0,0,0,0,0,442031,0,0,0,0,44,0,0,0,0,0,0,0,0,0,0,0,0,0,0,0,0,0,0,0,0,0,0,0,36,0,92,0,0,0,0,0
370,0,0,0,0,0,0,0,1143672,0,0,352,524800,136,0,0,0,0,0,4245,0,0,0,0,0,0,0,0,352,352,0,259888,0,778316,524800,0,384,0,136,284,0,0,0,0,1536
370,0,1,0,0,0,0,0,571836,4245,0,0,0,1335,0,0,0,0,0,0,0,0,0,0,0,0,0,0,0,176,0,130024,0,260003,0,0,100,199,234,2235,0,0,192,0,0
370,0,2,0,0,0,0,0,571836,0,0,0,0,85,192,0,0,0,0,0,0,0,0,0,0,0,0,0,0,0,0,65069,0,130278,65404,0,270,134,328,205,0,0,192,0,192
370,0,3,0,0,0,0,0,571836,0,0,0,0,85,192,0,0,0,0,0,0,0,0,0,0,0,0,0,0,0,0,65146,0,0,65388,0,117,50,0,111,0,0,0,0,192
370,0,4,0,0,0,0,0,571836,0,0,0,0,82,192,0,0,0,0,0,0,0,0,0,0,0,0,0,0,0,0,65066,0,0,65404,0,108,0,53,107,576,0,0,0,192
370,0,5,0,0,0,0,0,571836,0,0,0,0,81,192,0,0,0,0,0,0,0,0,0,0,0,0,0,0,0,0,65148,0,0,65388,646,192,0,2,173,0,0,192,0,192
370,0,6,0,0,0,0,0,571836,0,0,0,0,80,192,0,0,0,0,0,0,0,0,0,0,0,0,0,0,0,0,0,0,0,65408,0,43,144,0,106,0,0,192,0,192
370,0,7,0,0,0,0,0,571836,0,0,0,0,89,192,0,0,0,0,0,0,0,0,0,0,0,0,0,0,0,0,0,0,0,65405,0,103,45,0,202,0,0,0,0,192
370,0,8,0,0,0,0,0,571836,0,0,0,0,89,192,0,0,0,0,0,0,0,0,0,0,0,0,0,0,0,0,0,0,0,65386,0,52,0,46,170,192,0,0,0,192
370,0,9,0,0,0,0,0,571836,0,0,0,0,84,192,0,0,0,0,0,0,0,0,0,0,0,0,0,0,0,0,0,0,0,65389,420,40,0,2,93,0,0,0,0,192
370,0,10,0,0,0,0,0,571836,0,0,0,0,53,0,0,0,0,0,0,0,0,0,0,0,0,0,0,0,0,0,0,0,0,0,0,82,86,0,124,0,0,0,0,0
370,0,11,0,0,0,0,0,571836,0,0,0,0,47,0,0,0,0,0,0,0,0,0,0,0,0,0,0,0,0,0,0,0,0,0,0,43,45,0,4294967187,0,0,0,0,0
370,0,12,0,0,0,0,0,571836,0,0,0,0,47,0,0,0,0,0,0,0,0,0,0,0,0,0,0,0,0,0,0,0,0,0,0,0,0,45,93,0,0,0,0,0
370,0,13,0,0,0,0,0,571836,0,0,0,0,53,0,0,0,0,0,0,0,0,0,0,0,0,0,0,0,0,0,0,0,0,0,172,0,0,0,111,0,0,0,0,0
370,0,14,0,0,0,0,0,571836,0,0,0,0,47,0,0,0,0,0,0,0,0,0,0,0,0,0,0,0,0,0,0,0,0,0,0,0,86,0,63,0,0,0,0,0
370,0,15,0,0,0,0,0,571836,0,0,0,0,41,0,0,0,0,0,0,0,0,0,0,0,0,0,0,0,0,0,0,0,0,0,0,0,39,0,92,0,0,0,0,0
371,0,0,0,0,0,0,0,1142716,0,0,352,524800,136,0,0,0,0,0,4248,0,0,0,0,0,0,0,0,352,352,0,259967,0,777453,524800,0,384,0,136,284,0,0,0,0,1536
371,0,1,0,0,0,0,0,571358,4248,0,0,0,1322,0,0,0,0,0,0,0,0,0,0,0,0,0,0,0,184,0,130048,0,259657,0,0,98,197,251,2216,0,0,192,0,0
371,0,2,0,0,0,0,0,571358,0,0,0,0,68,192,0,0,0,0,0,0,0,0,0,0,0,0,0,0,0,0,65071,0,130024,65404,0,275,136,324,171,0,0,192,0,192
371,0,3,0,0,0,0,0,571358,0,0,0,0,70,192,0,0,0,0,0,0,0,0,0,0,0,0,0,0,0,0,65128,0,0,65388,0,119,64,0,99,0,0,0,0,192
371,0,4,0,0,0,0,0,571358,0,0,0,0,73,192,0,0,0,0,0,0,0,0,0,0,0,0,0,0,0,0,65068,0,0,65388,0,92,0,62,110,576,0,0,0,192
371,0,5,0,0,0,0,0,571358,0,0,0,0,71,192,0,0,0,0,0,0,0,0,0,0,0,0,0,0,0,0,65074,0,0,65385,650,176,0,2,181,0,0,192,0,192
371,0,6,0,0,0,0,0,571358,0,0,0,0,72,192,0,0,0,0,0,0,0,0,0,0,0,0,0,0,0,0,0,0,0,65407,0,39,138,0,97,0,0,192,0,192
371,0,7,0,0,0,0,0,571358,0,0,0,0,76,192,0,0,0,0,0,0,0,0,0,0,0,0,0,0,0,0,0,0,0,65384,0,102,59,0,187,0,0,0,0,192
371,0,8,0,0,0,0,0,571358,0,0,0,0,80,192,0,0,0,0,0,0,0,0,0,0,0,0,0,0,0,0,0,0,0,65388,0,52,0,55,177,192,0,0,0,192
371,0,9,0,0,0,0,0,571358,0,0,0,0,73,192,0,0,0,0,0,0,0,0,0,0,0,0,0,0,0,0,0,0,0,65408,423,40,0,1,98,0,0,0,0,192
371,0,10,0,0,0,0,0,571358,0,0,0,0,56,0,0,0,0,0,0,0,0,0,0,0,0,0,0,0,0,0,0,0,0,0,0,86,86,1,127,0,0,0,0,0
371,0,11,0,0,0,0,0,571358,0,0,0,0,50,0,0,0,0,0,0,0,0,0,0,0,0,0,0,0,0,0,0,0,0,0,0,43,42,0,118,0,0,0,0,0
371,0,12,0,0,0,0,0,571358,0,0,0,0,50,0,0,0,0,0,0,0,0,0,0,0,0,0,0,0,0,0,0,0,0,0,0,0,0,42,96,0,0,0,0,0
371,0,13,0,0,0,0,0,571358,0,0,0,0,56,0,0,0,0,0,0,0,0,0,0,0,0,0,0,0,0,0,0,0,0,0,172,0,0,0,114,0,0,0,0,0
371,0,14,0,0,0,0,0,571358,0,0,0,0,50,0,0,0,0,0,0,0,0,0,0,0,0,0,0,0,0,0,0,0,0,0,0,0,86,0,62,0,0,0,0,0
371,0,15,0,0,0,0,0,571358,0,0,0,0,44,0,0,0,0,0,0,0,0,0,0,0,0,0,0,0,0,0,0,0,0,0,0,0,36,0,95,0,0,0,0,0
372,0,0,0,0,0,0,0,1143647,0,0,352,524800,136,0,0,0,0,0,4245,0,0,0,0,0,0,0,0,352,352,0,259896,0,778353,524800,0,384,0,136,284,0,0,0,0,1536
372,0,1,0,0,0,0,0,571824,4245,0,0,0,1338,0,0,0,0,0,0,0,0,0,0,0,0,0,0,0,178,0,130028,0,260009,0,0,99,199,232,2238,0,0,192,0,0
372,0,2,0,0,0,0,0,571824,0,0,0,0,81,192,0,0,0,0,0,0,0,0,0,0,0,0,0,0,0,0,65069,0,130279,65404,0,272,135,330,200,0,0,192,0,192
372,0,3,0,0,0,0,0,571824,0,0,0,0,83,192,0,0,0,0,0,0,0,0,0,0,0,0,0,0,0,0,65146,0,0,65389,0,114,52,0,110,0,0,0,0,192
372,0,4,0,0,0,0,0,571824,0,0,0,0,80,192,0,0,0,0,0,0,0,0,0,0,0,0,0,0,0,0,65066,0,0,65407,0,107,0,55,105,576,0,0,0,192
372,0,5,0,0,0,0,0,571824,0,0,0,0,79,192,0,0,0,0,0,0,0,0,0,0,0,0,0,0,0,0,65150,0,0,65388,645,193,0,2,171,0,0,192,0,192
372,0,6,0,0,0,0,0,571824,0,0,0,0,82,192,0,0,0,0,0,0,0,0,0,0,0,0,0,0,0,0,0,0,0,65408,0,43,141,0,106,0,0,192,0,192
372,0,7,0,0,0,0,0,571824,0,0,0,0,89,192,0,0,0,0,0,0,0,0,0,0,0,0,0,0,0,0,0,0,0,65405,0,103,46,0,204,0,0,0,0,192
372,0,8,0,0,0,0,0,571824,0,0,0,0,88,192,0,0,0,0,0,0,0,0,0,0,0,0,0,0,0,0,0,0,0,65386,0,52,0,47,170,192,0,0,0,192
372,0,9,0,0,0,0,0,571824,0,0,0,0,81,192,0,0,0,0,0,0,0,0,0,0,0,0,0,0,0,0,0,0,0,65389,424,40,0,0,89,0,0,0,0,192
372,0,10,0,0,0,0,0,571824,0,0,0,0,53,0,0,0,0,0,0,0,0,0,0,0,0,0,0,0,0,0,0,0,0,0,0,82,86,2,124,0,0,0,0,0
372,0,11,0,0,0,0,0,571824,0,0,0,0,47,0,0,0,0,0,0,0,0,0,0,0,0,0,0,0,0,0,0,0,0,0,0,41,45,0,4294967171,0,0,0,0,0
372,0,12,0,0,0,0,0,571824,0,0,0,0,47,0,0,0,0,0,0,0,0,0,0,0,0,0,0,0,0,0,0,0,0,0,0,0,0,45,93,0,0,0,0,0
372,0,13,0,0,0,0,0,571824,0,0,0,0,53,0,0,0,0,0,0,0,0,0,0,0,0,0,0,0,0,0,0,0,0,0,172,0,0,0,111,0,0,0,0,0
372,0,14,0,0,0,0,0,571824,0,0,0,0,47,0,0,0,0,0,0,0,0,0,0,0,0,0,0,0,0,0,0,0,0,0,0,0,86,0,63,0,0,0,0,0
372,0,15,0,0,0,0,0,571824,0,0,0,0,41,0,0,0,0,0,0,0,0,0,0,0,0,0,0,0,0,0,0,0,0,0,0,0,39,0,94,0,0,0,0,0
373,0,0,0,0,0,0,0,1403292,0,0,438,656000,136,0,0,0,0,0,4389,0,0,0,0,0,0,0,0,438,438,0,259902,0,1037187,656000,0,384,0,136,284,0,0,0,0,366601
373,0,1,0,0,0,0,0,701646,4389,0,0,0,1390,0,0,0,0,0,0,0,0,0,0,0,0,0,0,0,222,0,130024,0,389589,0,0,89,203,274,2327,0,0,192,0,0
373,0,2,0,0,0,0,0,701646,0,0,0,0,73,192,0,0,0,0,0,0,0,0,0,0,0,0,0,0,0,0,129967,0,195353,65404,0,310,134,356,174,0,0,192,0,192
373,0,3,0,0,0,0,0,701646,0,0,0,0,76,192,0,0,0,0,0,0,0,0,0,0,0,0,0,0,0,0,130230,0,0,65389,0,131,59,0,105,0,0,0,0,192
373,0,4,0,0,0,0,0,701646,0,0,0,0,74,192,0,0,0,0,0,0,0,0,0,0,0,0,0,0,0,0,65064,0,0,65408,0,100,0,61,111,768,0,0,0,192
373,0,5,0,0,0,0,0,701646,0,0,0,0,77,192,0,0,0,0,0,0,0,0,0,0,0,0,0,0,0,0,65149,0,0,65387,691,192,0,0,180,0,0,192,0,192
373,0,6,0,0,0,0,0,701646,0,0,0,0,77,192,0,0,0,0,0,0,0,0,0,0,0,0,0,0,0,0,65073,0,0,65408,0,65,138,2,86,0,0,192,0,192
373,0,7,0,0,0,0,0,701646,0,0,0,0,81,192,0,0,0,0,0,0,0,0,0,0,0,0,0,0,0,0,65094,0,0,65407,0,125,54,0,200,0,0,0,0,192
373,0,8,0,0,0,0,0,701646,0,0,0,0,81,192,0,0,0,0,0,0,0,0,0,0,0,0,0,0,0,0,0,0,0,65386,0,52,0,54,170,384,0,0,0,192
373,0,9,0,0,0,0,0,701646,0,0,0,0,76,192,0,0,0,0,0,0,0,0,0,0,0,0,0,0,0,0,0,0,0,65386,463,40,0,1,85,0,0,192,0,192
373,0,10,0,0,0,0,0,701646,0,0,0,0,83,192,0,0,0,0,0,0,0,0,0,0,0,0,0,0,0,0,0,0,0,65408,0,82,128,1,177,0,0,192,0,192
373,0,11,0,0,0,0,0,701646,0,0,0,0,77,192,0,0,0,0,0,0,0,0,0,0,0,0,0,0,0,0,0,0,0,65405,0,45,58,0,4294967273,0,0,0,0,192
373,0,12,0,0,0,0,0,701646,0,0,0,0,47,0,0,0,0,0,0,0,0,0,0,0,0,0,0,0,0,0,0,0,0,0,0,0,0,45,93,0,0,0,0,0
373,0,13,0,0,0,0,0,701646,0,0,0,0,53,0,0,0,0,0,0,0,0,0,0,0,0,0,0,0,0,0,0,0,0,0,172,0,0,0,111,0,0,0,0,0
373,0,14,0,0,0,0,0,701646,0,0,0,0,47,0,0,0,0,0,0,0,0,0,0,0,0,0,0,0,0,0,0,0,0,0,0,0,86,0,63,0,0,0,0,0
373,0,15,0,0,0,0,0,701646,0,0,0,0,41,0,0,0,0,0,0,0,0,0,0,0,0,0,0,0,0,0,0,0,0,0,0,0,39,0,92,0,0,0,0,0
374,0,0,0,0,0,0,0,1403365,0,0,438,656000,136,0,0,0,0,0,4389,0,0,0,0,0,0,0,0,438,438,0,260273,0,1036978,656000,0,384,0,136,284,0,0,0,0,366708
374,0,1,0,0,0,0,0,701683,4389,0,0,0,1358,0,0,0,0,0,0,0,0,0,0,0,0,0,0,0,220,0,130028,0,389402,0,0,121,211,266,2292,0,0,192,0,0
374,0,2,0,0,0,0,0,701683,0,0,0,0,75,192,0,0,0,0,0,0,0,0,0,0,0,0,0,0,0,0,129963,0,195095,65386,0,312,136,345,192,0,0,192,0,192
374,0,3,0,0,0,0,0,701683,0,0,0,0,79,192,0,0,0,0,0,0,0,0,0,0,0,0,0,0,0,0,130211,0,0,65405,0,142,56,0,108,0,0,0,0,192
374,0,4,0,0,0,0,0,701683,0,0,0,0,78,192,0,0,0,0,0,0,0,0,0,0,0,0,0,0,0,0,65065,0,0,65387,0,109,0,57,113,768,0,0,0,192
374,0,5,0,0,0,0,0,701683,0,0,0,0,82,192,0,0,0,0,0,0,0,0,0,0,0,0,0,0,0,0,65151,0,0,65387,692,173,0,0,172,0,0,192,0,192
374,0,6,0,0,0,0,0,701683,0,0,0,0,81,192,0,0,0,0,0,0,0,0,0,0,0,0,0,0,0,0,65071,0,0,65408,0,60,136,2,93,0,0,192,0,192
374,0,7,0,0,0,0,0,701683,0,0,0,0,83,192,0,0,0,0,0,0,0,0,0,0,0,0,0,0,0,0,65147,0,0,65407,0,124,52,0,192,0,0,0,0,192
374,0,8,0,0,0,0,0,701683,0,0,0,0,85,192,0,0,0,0,0,0,0,0,0,0,0,0,0,0,0,0,0,0,0,65388,0,52,0,50,165,384,0,0,0,192
374,0,9,0,0,0,0,0,701683,0,0,0,0,81,192,0,0,0,0,0,0,0,0,0,0,0,0,0,0,0,0,0,0,0,65388,463,40,0,0,109,0,0,192,0,192
374,0,10,0,0,0,0,0,701683,0,0,0,0,85,192,0,0,0,0,0,0,0,0,0,0,0,0,0,0,0,0,0,0,0,65406,0,86,128,3,180,0,0,192,0,192
374,0,11,0,0,0,0,0,701683,0,0,0,0,80,192,0,0,0,0,0,0,0,0,0,0,0,0,0,0,0,0,0,0,0,65390,0,44,55,0,220,0,0,0,0,192
374,0,12,0,0,0,0,0,701683,0,0,0,0,50,0,0,0,0,0,0,0,0,0,0,0,0,0,0,0,0,0,0,0,0,0,0,0,0,42,96,0,0,0,0,0
374,0,13,0,0,0,0,0,701683,0,0,0,0,56,0,0,0,0,0,0,0,0,0,0,0,0,0,0,0,0,0,0,0,0,0,172,0,0,0,114,0,0,0,0,0
374,0,14,0,0,0,0,0,701683,0,0,0,0,50,0,0,0,0,0,0,0,0,0,0,0,0,0,0,0,0,0,0,0,0,0,0,0,86,0,62,0,0,0,0,0
374,0,15,0,0,0,0,0,701683,0,0,0,0,44,0,0,0,0,0,0,0,0,0,0,0,0,0,0,0,0,0,0,0,0,0,0,0,36,0,96,0,0,0,0,0
375,0,0,0,0,0,0,0,1403194,0,0,438,656000,136,0,0,0,0,0,4386,0,0,0,0,0,0,0,0,438,438,0,259887,0,1037172,656000,0,384,0,136,284,0,0,0,0,366560
375,0,1,0,0,0,0,0,701597,4386,0,0,0,1377,0,0,0,0,0,0,0,0,0,0,0,0,0,0,0,212,0,130025,0,389578,0,0,89,207,283,2302,0,0,192,0,0
375,0,2,0,0,0,0,0,701597,0,0,0,0,72,192,0,0,0,0,0,0,0,0,0,0,0,0,0,0,0,0,129972,0,195352,65404,0,311,135,346,173,0,0,192,0,192
375,0,3,0,0,0,0,0,701597,0,0,0,0,76,192,0,0,0,0,0,0,0,0,0,0,0,0,0,0,0,0,130227,0,0,65390,0,142,59,0,104,0,0,0,0,192
375,0,4,0,0,0,0,0,701597,0,0,0,0,75,192,0,0,0,0,0,0,0,0,0,0,0,0,0,0,0,0,65064,0,0,65404,0,106,0,60,108,768,0,0,0,192
375,0,5,0,0,0,0,0,701597,0,0,0,0,76,192,0,0,0,0,0,0,0,0,0,0,0,0,0,0,0,0,65150,0,0,65387,702,190,0,1,181,0,0,192,0,192
375,0,6,0,0,0,0,0,701597,0,0,0,0,75,192,0,0,0,0,0,0,0,0,0,0,0,0,0,0,0,0,65073,0,0,65407,0,60,133,2,88,0,0,192,0,192
375,0,7,0,0,0,0,0,701597,0,0,0,0,75,192,0,0,0,0,0,0,0,0,0,0,0,0,0,0,0,0,65093,0,0,65407,0,125,60,0,183,0,0,0,0,192
375,0,8,0,0,0,0,0,701597,0,0,0,0,80,192,0,0,0,0,0,0,0,0,0,0,0,0,0,0,0,0,0,0,0,65385,0,52,0,55,163,384,0,0,0,192
375,0,9,0,0,0,0,0,701597,0,0,0,0,78,192,0,0,0,0,0,0,0,0,0,0,0,0,0,0,0,0,0,0,0,65386,458,40,0,1,89,0,0,192,0,192
375,0,10,0,0,0,0,0,701597,0,0,0,0,81,192,0,0,0,0,0,0,0,0,0,0,0,0,0,0,0,0,0,0,0,65408,0,86,130,2,176,0,0,192,0,192
375,0,11,0,0,0,0,0,701597,0,0,0,0,77,192,0,0,0,0,0,0,0,0,0,0,0,0,0,0,0,0,0,0,0,65405,0,45,57,0,4294967273,0,0,0,0,192
375,0,12,0,0,0,0,0,701597,0,0,0,0,50,0,0,0,0,0,0,0,0,0,0,0,0,0,0,0,0,0,0,0,0,0,0,0,0,42,96,0,0,0,0,0
375,0,13,0,0,0,0,0,701597,0,0,0,0,56,0,0,0,0,0,0,0,0,0,0,0,0,0,0,0,0,0,0,0,0,0,172,0,0,0,114,0,0,0,0,0
375,0,14,0,0,0,0,0,701597,0,0,0,0,50,0,0,0,0,0,0,0,0,0,0,0,0,0,0,0,0,0,0,0,0,0,0,0,86,0,62,0,0,0,0,0
375,0,15,0,0,0,0,0,701597,0,0,0,0,44,0,0,0,0,0,0,0,0,0,0,0,0,0,0,0,0,0,0,0,0,0,0,0,36,0,95,0,0,0,0,0
376,0,0,0,0,0,0,0,1790697,0,0,564,852800,136,0,0,0,0,0,4593,0,0,0,0,0,0,0,0,564,564,0,389402,0,1294162,852800,0,429,0,136,284,0,0,0,0,1502993
376,0,1,0,0,0,0,0,895349,4593,0,0,0,1481,0,0,0,0,0,0,0,0,0,0,0,0,0,0,0,344,0,194590,0,453770,0,0,122,212,270,2474,0,0,192,0,0
376,0,2,0,0,0,0,0,895349,0,0,0,0,71,192,0,0,0,0,0,0,0,0,0,0,0,0,0,0,0,0,194592,0,195070,65374,0,336,129,371,174,0,0,192,0,192
376,0,3,0,0,0,0,0,895349,0,0,0,0,70,192,0,0,0,0,0,0,0,0,0,0,0,0,0,0,0,0,130186,0,0,65408,0,124,60,0,88,0,0,0,0,192
376,0,4,0,0,0,0,0,895349,0,0,0,0,74,192,0,0,0,0,0,0,0,0,0,0,0,0,0,0,0,0,129970,0,0,65407,0,116,0,61,104,1265,0,0,0,192
376,0,5,0,0,0,0,0,895349,0,0,0,0,71,192,0,0,0,0,0,0,0,0,0,0,0,0,0,0,0,0,130030,0,0,65389,760,214,0,2,164,0,0,192,0,192
376,0,6,0,0,0,0,0,895349,0,0,0,0,77,192,0,0,0,0,0,0,0,0,0,0,0,0,0,0,0,0,129963,0,0,65408,0,75,142,0,95,0,0,192,0,192
376,0,7,0,0,0,0,0,895349,0,0,0,0,84,192,0,0,0,0,0,0,0,0,0,0,0,0,0,0,0,0,65086,0,0,65404,0,137,50,0,201,0,0,0,0,192
376,0,8,0,0,0,0,0,895349,0,0,0,0,81,192,0,0,0,0,0,0,0,0,0,0,0,0,0,0,0,0,65078,0,0,65390,0,83,0,54,168,769,0,0,0,192
376,0,9,0,0,0,0,0,895349,0,0,0,0,78,192,0,0,0,0,0,0,0,0,0,0,0,0,0,0,0,0,65078,0,0,65392,520,54,0,1,96,0,0,192,0,192
376,0,10,0,0,0,0,0,895349,0,0,0,0,82,192,0,0,0,0,0,0,0,0,0,0,0,0,0,0,0,0,65139,0,0,65402,0,113,129,1,180,0,0,192,0,192
376,0,11,0,0,0,0,0,895349,0,0,0,0,77,192,0,0,0,0,0,0,0,0,0,0,0,0,0,0,0,0,0,0,0,65404,0,43,58,0,211,0,0,0,0,192
376,0,12,0,0,0,0,0,895349,0,0,0,0,73,192,0,0,0,0,0,0,0,0,0,0,0,0,0,0,0,0,0,0,0,65408,0,0,0,62,133,192,0,0,0,192
376,0,13,0,0,0,0,0,895349,0,0,0,0,80,192,0,0,0,0,0,0,0,0,0,0,0,0,0,0,0,0,0,0,0,65403,238,0,0,1,169,0,0,192,0,192
376,0,14,0,0,0,0,0,895349,0,0,0,0,73,192,0,0,0,0,0,0,0,0,0,0,0,0,0,0,0,0,0,0,0,65393,0,0,103,1,103,0,0,0,0,192
376,0,15,0,0,0,0,0,895349,0,0,0,0,41,0,0,0,0,0,0,0,0,0,0,0,0,0,0,0,0,0,0,0,0,0,0,0,39,0,96,0,0,0,0,0
377,0,0,0,0,0,0,0,1790683,0,0,564,852800,136,0,0,0,0,0,4593,0,0,0,0,0,0,0,0,564,564,0,389401,0,1294162,852800,0,429,0,136,284,0,0,0,0,1503031
377,0,1,0,0,0,0,0,895341,4593,0,0,0,1479,0,0,0,0,0,0,0,0,0,0,0,0,0,0,0,340,0,194593,0,453765,0,0,124,213,269,2457,0,0,192,0,0
377,0,2,0,0,0,0,0,895341,0,0,0,0,74,192,0,0,0,0,0,0,0,0,0,0,0,0,0,0,0,0,194591,0,195070,65376,0,345,130,363,176,0,0,192,0,192
377,0,3,0,0,0,0,0,895341,0,0,0,0,73,192,0,0,0,0,0,0,0,0,0,0,0,0,0,0,0,0,130185,0,0,65408,0,129,57,0,94,0,0,0,0,192
377,0,4,0,0,0,0,0,895341,0,0,0,0,80,192,0,0,0,0,0,0,0,0,0,0,0,0,0,0,0,0,129970,0,0,65407,0,115,0,55,110,1265,0,0,0,192
377,0,5,0,0,0,0,0,895341,0,0,0,0,76,192,0,0,0,0,0,0,0,0,0,0,0,0,0,0,0,0,130032,0,0,65389,774,212,0,1,169,0,0,192,0,192
377,0,6,0,0,0,0,0,895341,0,0,0,0,80,192,0,0,0,0,0,0,0,0,0,0,0,0,0,0,0,0,129962,0,0,65408,0,69,135,1,95,0,0,192,0,192
377,0,7,0,0,0,0,0,895341,0,0,0,0,80,192,0,0,0,0,0,0,0,0,0,0,0,0,0,0,0,0,65086,0,0,65403,0,134,54,0,194,0,0,0,0,192
377,0,8,0,0,0,0,0,895341,0,0,0,0,80,192,0,0,0,0,0,0,0,0,0,0,0,0,0,0,0,0,65079,0,0,65390,0,83,0,55,168,766,0,0,0,192
377,0,9,0,0,0,0,0,895341,0,0,0,0,78,192,0,0,0,0,0,0,0,0,0,0,0,0,0,0,0,0,65081,0,0,65392,515,55,0,2,97,0,0,192,0,192
377,0,10,0,0,0,0,0,895341,0,0,0,0,81,192,0,0,0,0,0,0,0,0,0,0,0,0,0,0,0,0,65137,0,0,65402,0,117,130,0,181,0,0,192,0,192
377,0,11,0,0,0,0,0,895341,0,0,0,0,76,192,0,0,0,0,0,0,0,0,0,0,0,0,0,0,0,0,0,0,0,65404,0,47,58,0,273,0,0,0,0,192
377,0,12,0,0,0,0,0,895341,0,0,0,0,76,192,0,0,0,0,0,0,0,0,0,0,0,0,0,0,0,0,0,0,0,65408,0,0,0,59,136,192,0,0,0,192
377,0,13,0,0,0,0,0,895341,0,0,0,0,82,192,0,0,0,0,0,0,0,0,0,0,0,0,0,0,0,0,0,0,0,65403,240,0,0,1,170,0,0,192,0,192
377,0,14,0,0,0,0,0,895341,0,0,0,0,77,192,0,0,0,0,0,0,0,0,0,0,0,0,0,0,0,0,0,0,0,65394,0,0,102,1,103,0,0,0,0,192
377,0,15,0,0,0,0,0,895341,0,0,0,0,44,0,0,0,0,0,0,0,0,0,0,0,0,0,0,0,0,0,0,0,0,0,0,0,36,0,95,0,0,0,0,0
378,0,0,0,0,0,0,0,1790986,0,0,564,852800,136,0,0,0,0,0,4596,0,0,0,0,0,0,0,0,564,564,0,389408,0,1294126,852800,0,429,0,136,284,0,0,0,0,1503272
378,0,1,0,0,0,0,0,895493,4596,0,0,0,1483,0,0,0,0,0,0,0,0,0,0,0,0,0,0,0,310,0,194589,0,453740,0,0,123,215,264,2467,0,0,192,0,0
378,0,2,0,0,0,0,0,895493,0,0,0,0,75,192,0,0,0,0,0,0,0,0,0,0,0,0,0,0,0,0,194600,0,195053,65377,0,342,127,370,179,0,0,192,0,192
378,0,3,0,0,0,0,0,895493,0,0,0,0,73,192,0,0,0,0,0,0,0,0,0,0,0,0,0,0,0,0,130176,0,0,65408,0,121,58,0,94,0,0,0,0,192
378,0,4,0,0,0,0,0,895493,0,0,0,0,75,192,0,0,0,0,0,0,0,0,0,0,0,0,0,0,0,0,129970,0,0,65407,0,115,0,60,108,1269,0,0,0,192
378,0,5,0,0,0,0,0,895493,0,0,0,0,72,192,0,0,0,0,0,0,0,0,0,0,0,0,0,0,0,0,130033,0,0,65389,771,214,0,1,164,0,0,193,0,192
378,0,6,0,0,0,0,0,895493,0,0,0,0,73,192,0,0,0,0,0,0,0,0,0,0,0,0,0,0,0,0,129966,0,0,65408,0,73,143,1,87,0,0,192,0,192
378,0,7,0,0,0,0,0,895493,0,0,0,0,82,192,0,0,0,0,0,0,0,0,0,0,0,0,0,0,0,0,65091,0,0,65400,0,137,53,0,200,0,0,0,0,192
378,0,8,0,0,0,0,0,895493,0,0,0,0,82,192,0,0,0,0,0,0,0,0,0,0,0,0,0,0,0,0,65081,0,0,65389,0,83,0,53,170,760,0,0,0,192
378,0,9,0,0,0,0,0,895493,0,0,0,0,75,192,0,0,0,0,0,0,0,0,0,0,0,0,0,0,0,0,65080,0,0,65392,509,53,0,2,94,0,0,192,0,192
378,0,10,0,0,0,0,0,895493,0,0,0,0,77,192,0,0,0,0,0,0,0,0,0,0,0,0,0,0,0,0,65140,0,0,65403,0,113,134,0,177,0,0,192,0,192
378,0,11,0,0,0,0,0,895493,0,0,0,0,77,192,0,0,0,0,0,0,0,0,0,0,0,0,0,0,0,0,0,0,0,65402,0,45,58,0,4294967268,0,0,0,0,192
378,0,12,0,0,0,0,0,895493,0,0,0,0,76,192,0,0,0,0,0,0,0,0,0,0,0,0,0,0,0,0,0,0,0,65408,0,0,0,59,136,192,0,0,0,192
378,0,13,0,0,0,0,0,895493,0,0,0,0,81,192,0,0,0,0,0,0,0,0,0,0,0,0,0,0,0,0,0,0,0,65403,247,0,0,1,171,0,0,192,0,192
378,0,14,0,0,0,0,0,895493,0,0,0,0,79,192,0,0,0,0,0,0,0,0,0,0,0,0,0,0,0,0,0,0,0,65393,0,0,96,2,109,0,0,0,0,192
378,0,15,0,0,0,0,0,895493,0,0,0,0,41,0,0,0,0,0,0,0,0,0,0,0,0,0,0,0,0,0,0,0,0,0,0,0,39,0,93,0,0,0,0,0
379,0,0,0,0,0,0,0,234121,0,0,34,65552,136,0,0,0,0,0,3729,0,0,0,0,0,0,0,0,34,34,0,0,0,130733,65552,0,294,0,136,284,0,0,0,0,48
379,0,1,0,0,0,0,0,117061,3729,0,0,0,1111,0,0,0,0,0,0,0,0,0,0,0,0,0,0,0,2,0,0,0,65437,0,0,78,172,182,1862,0,0,48,0,0
379,0,2,0,0,0,0,0,117061,0,0,0,0,72,48,0,0,0,0,0,0,0,0,0,0,0,0,0,0,0,0,0,0,0,65488,0,250,100,273,174,0,0,0,0,48
379,0,3,0,0,0,0,0,117061,0,0,0,0,47,0,0,0,0,0,0,0,0,0,0,0,0,0,0,0,0,0,0,0,0,0,0,100,45,0,55,0,0,0,0,0
379,0,4,0,0,0,0,0,117061,0,0,0,0,50,0,0,0,0,0,0,0,0,0,0,0,0,0,0,0,0,0,0,0,0,0,0,87,0,42,67,0,0,0,0,0
379,0,5,0,0,0,0,0,117061,0,0,0,0,50,0,0,0,0,0,0,0,0,0,0,0,0,0,0,0,0,0,0,0,0,0,525,150,0,0,116,0,0,0,0,0
379,0,6,0,0,0,0,0,117061,0,0,0,0,50,0,0,0,0,0,0,0,0,0,0,0,0,0,0,0,0,0,0,0,0,0,0,39,95,0,55,0,0,0,0,0
379,0,7,0,0,0,0,0,117061,0,0,0,0,53,0,0,0,0,0,0,0,0,0,0,0,0,0,0,0,0,0,0,0,0,0,0,98,39,0,138,0,0,0,0,0
379,0,8,0,0,0,0,0,117061,0,0,0,0,56,0,0,0,0,0,0,0,0,0,0,0,0,0,0,0,0,0,0,0,0,0,0,52,0,36,113,0,0,0,0,0
379,0,9,0,0,0,0,0,117061,0,0,0,0,50,0,0,0,0,0,0,0,0,0,0,0,0,0,0,0,0,0,0,0,0,0,380,40,0,0,56,0,0,0,0,0
379,0,10,0,0,0,0,0,117061,0,0,0,0,56,0,0,0,0,0,0,0,0,0,0,0,0,0,0,0,0,0,0,0,0,0,0,86,86,0,127,0,0,0,0,0
379,0,11,0,0,0,0,0,117061,0,0,0,0,50,0,0,0,0,0,0,0,0,0,0,0,0,0,0,0,0,0,0,0,0,0,0,41,42,0,102,0,0,0,0,0
379,0,12,0,0,0,0,0,117061,0,0,0,0,50,0,0,0,0,0,0,0,0,0,0,0,0,0,0,0,0,0,0,0,0,0,0,0,0,42,96,0,0,0,0,0
379,0,13,0,0,0,0,0,117061,0,0,0,0,56,0,0,0,0,0,0,0,0,0,0,0,0,0,0,0,0,0,0,0,0,0,172,0,0,0,114,0,0,0,0,0
379,0,14,0,0,0,0,0,117061,0,0,0,0,50,0,0,0,0,0,0,0,0,0,0,0,0,0,0,0,0,0,0,0,0,0,0,0,86,0,62,0,0,0,0,0
379,0,15,0,0,0,0,0,117061,0,0,0,0,44,0,0,0,0,0,0,0,0,0,0,0,0,0,0,0,0,0,0,0,0,0,0,0,36,0,90,0,0,0,0,0
380,0,0,0,0,0,0,0,234149,0,0,34,65552,136,0,0,0,0,0,3729,0,0,0,0,0,0,0,0,34,34,0,0,0,130733,65552,0,294,0,136,284,0,0,0,0,48
380,0,1,0,0,0,0,0,117075,3729,0,0,0,1112,0,0,0,0,0,0,0,0,0,0,0,0,0,0,0,1,0,0,0,65437,0,0,79,173,179,1866,0,0,48,0,0
380,0,2,0,0,0,0,0,117075,0,0,0,0,72,48,0,0,0,0,0,0,0,0,0,0,0,0,0,0,0,0,0,0,0,65488,0,246,100,275,179,0,0,0,0,48
380,0,3,0,0,0,0,0,117075,0,0,0,0,47,0,0,0,0,0,0,0,0,0,0,0,0,0,0,0,0,0,0,0,0,0,0,98,45,0,55,0,0,0,0,0
380,0,4,0,0,0,0,0,117075,0,0,0,0,47,0,0,0,0,0,0,0,0,0,0,0,0,0,0,0,0,0,0,0,0,0,0,87,0,45,66,0,0,0,0,0
380,0,5,0,0,0,0,0,117075,0,0,0,0,47,0,0,0,0,0,0,0,0,0,0,0,0,0,0,0,0,0,0,0,0,0,522,150,0,0,112,0,0,0,0,0
380,0,6,0,0,0,0,0,117075,0,0,0,0,47,0,0,0,0,0,0,0,0,0,0,0,0,0,0,0,0,0,0,0,0,0,0,43,98,0,52,0,0,0,0,0
380,0,7,0,0,0,0,0,117075,0,0,0,0,53,0,0,0,0,0,0,0,0,0,0,0,0,0,0,0,0,0,0,0,0,0,0,98,39,0,140,0,0,0,0,0
380,0,8,0,0,0,0,0,117075,0,0,0,0,53,0,0,0,0,0,0,0,0,0,0,0,0,0,0,0,0,0,0,0,0,0,0,52,0,39,110,0,0,0,0,0
380,0,9,0,0,0,0,0,117075,0,0,0,0,47,0,0,0,0,0,0,0,0,0,0,0,0,0,0,0,0,0,0,0,0,0,380,40,0,0,53,0,0,0,0,0
380,0,10,0,0,0,0,0,117075,0,0,0,0,53,0,0,0,0,0,0,0,0,0,0,0,0,0,0,0,0,0,0,0,0,0,0,82,86,0,124,0,0,0,0,0
380,0,11,0,0,0,0,0,117075,0,0,0,0,47,0,0,0,0,0,0,0,0,0,0,0,0,0,0,0,0,0,0,0,0,0,0,41,45,0,147,0,0,0,0,0
380,0,12,0,0,0,0,0,117075,0,0,0,0,47,0,0,0,0,0,0,0,0,0,0,0,0,0,0,0,0,0,0,0,0,0,0,0,0,45,93,0,0,0,0,0
380,0,13,0,0,0,0,0,117075,0,0,0,0,53,0,0,0,0,0,0,0,0,0,0,0,0,0,0,0,0,0,0,0,0,0,172,0,0,0,111,0,0,0,0,0
380,0,14,0,0,0,0,0,117075,0,0,0,0,47,0,0,0,0,0,0,0,0,0,0,0,0,0,0,0,0,0,0,0,0,0,0,0,86,0,63,0,0,0,0,0
380,0,15,0,0,0,0,0,117075,0,0,0,0,41,0,0,0,0,0,0,0,0,0,0,0,0,0,0,0,0,0,0,0,0,0,0,0,39,0,87,0,0,0,0,0
381,0,0,0,0,0,0,0,234203,0,0,34,65552,136,0,0,0,0,0,3729,0,0,0,0,0,0,0,0,34,34,0,0,0,130712,65552,0,294,0,136,284,0,0,0,0,48
381,0,1,0,0,0,0,0,117102,3729,0,0,0,1112,0,0,0,0,0,0,0,0,0,0,0,0,0,0,0,2,0,0,0,65431,0,0,79,173,179,1866,0,0,48,0,0
381,0,2,0,0,0,0,0,117102,0,0,0,0,72,48,0,0,0,0,0,0,0,0,0,0,0,0,0,0,0,0,0,0,0,65485,0,246,100,275,179,0,0,0,0,48
381,0,3,0,0,0,0,0,117102,0,0,0,0,47,0,0,0,0,0,0,0,0,0,0,0,0,0,0,0,0,0,0,0,0,0,0,98,45,0,55,0,0,0,0,0
381,0,4,0,0,0,0,0,117102,0,0,0,0,47,0,0,0,0,0,0,0,0,0,0,0,0,0,0,0,0,0,0,0,0,0,0,87,0,45,66,0,0,0,0,0
381,0,5,0,0,0,0,0,117102,0,0,0,0,47,0,0,0,0,0,0,0,0,0,0,0,0,0,0,0,0,0,0,0,0,0,522,150,0,0,112,0,0,0,0,0
381,0,6,0,0,0,0,0,117102,0,0,0,0,47,0,0,0,0,0,0,0,0,0,0,0,0,0,0,0,0,0,0,0,0,0,0,43,98,0,52,0,0,0,0,0
381,0,7,0,0,0,0,0,117102,0,0,0,0,53,0,0,0,0,0,0,0,0,0,0,0,0,0,0,0,0,0,0,0,0,0,0,98,39,0,140,0,0,0,0,0
381,0,8,0,0,0,0,0,117102,0,0,0,0,53,0,0,0,0,0,0,0,0,0,0,0,0,0,0,0,0,0,0,0,0,0,0,52,0,39,110,0,0,0,0,0
381,0,9,0,0,0,0,0,117102,0,0,0,0,47,0,0,0,0,0,0,0,0,0,0,0,0,0,0,0,0,0,0,0,0,0,380,40,0,0,53,0,0,0,0,0
381,0,10,0,0,0,0,0,117102,0,0,0,0,53,0,0,0,0,0,0,0,0,0,0,0,0,0,0,0,0,0,0,0,0,0,0,82,86,0,124,0,0,0,0,0
381,0,11,0,0,0,0,0,117102,0,0,0,0,47,0,0,0,0,0,0,0,0,0,0,0,0,0,0,0,0,0,0,0,0,0,0,41,45,0,131,0,0,0,0,0
381,0,12,0,0,0,0,0,117102,0,0,0,0,47,0,0,0,0,0,0,0,0,0,0,0,0,0,0,0,0,0,0,0,0,0,0,0,0,45,93,0,0,0,0,0
381,0,13,0,0,0,0,0,117102,0,0,0,0,53,0,0,0,0,0,0,0,0,0,0,0,0,0,0,0,0,0,0,0,0,0,172,0,0,0,111,0,0,0,0,0
381,0,14,0,0,0,0,0,117102,0,0,0,0,47,0,0,0,0,0,0,0,0,0,0,0,0,0,0,0,0,0,0,0,0,0,0,0,86,0,63,0,0,0,0,0
381,0,15,0,0,0,0,0,117102,0,0,0,0,41,0,0,0,0,0,0,0,0,0,0,0,0,0,0,0,0,0,0,0,0,0,0,0,39,0,87,0,0,0,0,0
382,0,0,0,0,0,0,0,363828,0,0,66,131104,136,0,0,0,0,0,3783,0,0,0,0,0,0,0,0,66,66,0,0,0,261375,131104,0,294,0,136,284,0,0,0,0,96
382,0,1,0,0,0,0,0,181914,3783,0,0,0,1126,0,0,0,0,0,0,0,0,0,0,0,0,0,0,0,31,0,0,0,130815,0,0,79,173,198,1888,0,0,48,0,0
382,0,2,0,0,0,0,0,181914,0,0,0,0,68,48,0,0,0,0,0,0,0,0,0,0,0,0,0,0,0,0,0,0,65440,65490,0,246,122,299,165,0,0,48,0,48
382,0,3,0,0,0,0,0,181914,0,0,0,0,67,48,0,0,0,0,0,0,0,0,0,0,0,0,0,0,0,0,0,0,0,65488,0,99,57,0,86,0,0,0,0,48
382,0,4,0,0,0,0,0,181914,0,0,0,0,47,0,0,0,0,0,0,0,0,0,0,0,0,0,0,0,0,0,0,0,0,0,0,87,0,45,66,0,0,0,0,0
382,0,5,0,0,0,0,0,181914,0,0,0,0,47,0,0,0,0,0,0,0,0,0,0,0,0,0,0,0,0,0,0,0,0,0,522,150,0,0,112,0,0,0,0,0
382,0,6,0,0,0,0,0,181914,0,0,0,0,47,0,0,0,0,0,0,0,0,0,0,0,0,0,0,0,0,0,0,0,0,0,0,43,98,0,52,0,0,0,0,0
382,0,7,0,0,0,0,0,181914,0,0,0,0,53,0,0,0,0,0,0,0,0,0,0,0,0,0,0,0,0,0,0,0,0,0,0,98,39,0,140,0,0,0,0,0
382,0,8,0,0,0,0,0,181914,0,0,0,0,53,0,0,0,0,0,0,0,0,0,0,0,0,0,0,0,0,0,0,0,0,0,0,52,0,39,110,0,0,0,0,0
382,0,9,0,0,0,0,0,181914,0,0,0,0,47,0,0,0,0,0,0,0,0,0,0,0,0,0,0,0,0,0,0,0,0,0,380,40,0,0,53,0,0,0,0,0
382,0,10,0,0,0,0,0,181914,0,0,0,0,53,0,0,0,0,0,0,0,0,0,0,0,0,0,0,0,0,0,0,0,0,0,0,82,86,0,124,0,0,0,0,0
382,0,11,0,0,0,0,0,181914,0,0,0,0,47,0,0,0,0,0,0,0,0,0,0,0,0,0,0,0,0,0,0,0,0,0,0,42,45,0,131,0,0,0,0,0
382,0,12,0,0,0,0,0,181914,0,0,0,0,47,0,0,0,0,0,0,0,0,0,0,0,0,0,0,0,0,0,0,0,0,0,0,0,0,45,93,0,0,0,0,0
382,0,13,0,0,0,0,0,181914,0,0,0,0,53,0,0,0,0,0,0,0,0,0,0,0,0,0,0,0,0,0,0,0,0,0,172,0,0,0,111,0,0,0,0,0
382,0,14,0,0,0,0,0,181914,0,0,0,0,47,0,0,0,0,0,0,0,0,0,0,0,0,0,0,0,0,0,0,0,0,0,0,0,86,0,63,0,0,0,0,0
382,0,15,0,0,0,0,0,181914,0,0,0,0,41,0,0,0,0,0,0,0,0,0,0,0,0,0,0,0,0,0,0,0,0,0,0,0,39,0,87,0,0,0,0,0
383,0,0,0,0,0,0,0,363832,0,0,66,131104,136,0,0,0,0,0,3783,0,0,0,0,0,0,0,0,66,66,0,0,0,261365,131104,0,294,0,136,284,0,0,0,0,96
383,0,1,0,0,0,0,0,181916,3783,0,0,0,1128,0,0,0,0,0,0,0,0,0,0,0,0,0,0,0,33,0,0,0,130812,0,0,79,173,196,1890,0,0,48,0,0
383,0,2,0,0,0,0,0,181916,0,0,0,0,66,48,0,0,0,0,0,0,0,0,0,0,0,0,0,0,0,0,0,0,65440,65485,0,246,122,301,163,0,0,48,0,48
383,0,3,0,0,0,0,0,181916,0,0,0,0,65,48,0,0,0,0,0,0,0,0,0,0,0,0,0,0,0,0,0,0,0,65489,0,99,59,0,82,0,0,0,0,48
383,0,4,0,0,0,0,0,181916,0,0,0,0,47,0,0,0,0,0,0,0,0,0,0,0,0,0,0,0,0,0,0,0,0,0,0,87,0,45,66,0,0,0,0,0
383,0,5,0,0,0,0,0,181916,0,0,0,0,47,0,0,0,0,0,0,0,0,0,0,0,0,0,0,0,0,0,0,0,0,0,522,150,0,0,112,0,0,0,0,0
383,0,6,0,0,0,0,0,181916,0,0,0,0,47,0,0,0,0,0,0,0,0,0,0,0,0,0,0,0,0,0,0,0,0,0,0,43,98,0,52,0,0,0,0,0
383,0,7,0,0,0,0,0,181916,0,0,0,0,53,0,0,0,0,0,0,0,0,0,0,0,0,0,0,0,0,0,0,0,0,0,0,98,39,0,140,0,0,0,0,0
383,0,8,0,0,0,0,0,181916,0,0,0,0,53,0,0,0,0,0,0,0,0,0,0,0,0,0,0,0,0,0,0,0,0,0,0,52,0,39,110,0,0,0,0,0
383,0,9,0,0,0,0,0,181916,0,0,0,0,47,0,0,0,0,0,0,0,0,0,0,0,0,0,0,0,0,0,0,0,0,0,380,40,0,0,53,0,0,0,0,0
383,0,10,0,0,0,0,0,181916,0,0,0,0,53,0,0,0,0,0,0,0,0,0,0,0,0,0,0,0,0,0,0,0,0,0,0,82,86,0,124,0,0,0,0,0
383,0,11,0,0,0,0,0,181916,0,0,0,0,47,0,0,0,0,0,0,0,0,0,0,0,0,0,0,0,0,0,0,0,0,0,0,42,45,0,147,0,0,0,0,0
383,0,12,0,0,0,0,0,181916,0,0,0,0,47,0,0,0,0,0,0,0,0,0,0,0,0,0,0,0,0,0,0,0,0,0,0,0,0,45,93,0,0,0,0,0
383,0,13,0,0,0,0,0,181916,0,0,0,0,53,0,0,0,0,0,0,0,0,0,0,0,0,0,0,0,0,0,0,0,0,0,172,0,0,0,111,0,0,0,0,0
383,0,14,0,0,0,0,0,181916,0,0,0,0,47,0,0,0,0,0,0,0,0,0,0,0,0,0,0,0,0,0,0,0,0,0,0,0,86,0,63,0,0,0,0,0
383,0,15,0,0,0,0,0,181916,0,0,0,0,41,0,0,0,0,0,0,0,0,0,0,0,0,0,0,0,0,0,0,0,0,0,0,0,39,0,87,0,0,0,0,0
384,0,0,0,0,0,0,0,363795,0,0,66,131104,136,0,0,0,0,0,3783,0,0,0,0,0,0,0,0,66,66,0,0,0,261349,131104,0,294,0,136,284,0,0,0,0,96
384,0,1,0,0,0,0,0,181898,3783,0,0,0,1125,0,0,0,0,0,0,0,0,0,0,0,0,0,0,0,32,0,0,0,130807,0,0,79,173,199,1884,0,0,48,0,0
384,0,2,0,0,0,0,0,181898,0,0,0,0,63,48,0,0,0,0,0,0,0,0,0,0,0,0,0,0,0,0,0,0,65440,65485,0,246,125,300,158,0,0,48,0,48
384,0,3,0,0,0,0,0,181898,0,0,0,0,65,48,0,0,0,0,0,0,0,0,0,0,0,0,0,0,0,0,0,0,0,65488,0,99,59,0,83,0,0,0,0,48
384,0,4,0,0,0,0,0,181898,0,0,0,0,47,0,0,0,0,0,0,0,0,0,0,0,0,0,0,0,0,0,0,0,0,0,0,87,0,45,66,0,0,0,0,0
384,0,5,0,0,0,0,0,181898,0,0,0,0,47,0,0,0,0,0,0,0,0,0,0,0,0,0,0,0,0,0,0,0,0,0,522,150,0,0,112,0,0,0,0,0
384,0,6,0,0,0,0,0,181898,0,0,0,0,47,0,0,0,0,0,0,0,0,0,0,0,0,0,0,0,0,0,0,0,0,0,0,43,98,0,52,0,0,0,0,0
384,0,7,0,0,0,0,0,181898,0,0,0,0,53,0,0,0,0,0,0,0,0,0,0,0,0,0,0,0,0,0,0,0,0,0,0,98,39,0,140,0,0,0,0,0
384,0,8,0,0,0,0,0,181898,0,0,0,0,53,0,0,0,0,0,0,0,0,0,0,0,0,0,0,0,0,0,0,0,0,0,0,52,0,39,110,0,0,0,0,0
384,0,9,0,0,0,0,0,181898,0,0,0,0,47,0,0,0,0,0,0,0,0,0,0,0,0,0,0,0,0,0,0,0,0,0,380,40,0,0,53,0,0,0,0,0
384,0,10,0,0,0,0,0,181898,0,0,0,0,53,0,0,0,0,0,0,0,0,0,0,0,0,0,0,0,0,0,0,0,0,0,0,82,86,0,124,0,0,0,0,0
384,0,11,0,0,0,0,0,181898,0,0,0,0,47,0,0,0,0,0,0,0,0,0,0,0,0,0,0,0,0,0,0,0,0,0,0,42,45,0,131,0,0,0,0,0
384,0,12,0,0,0,0,0,181898,0,0,0,0,47,0,0,0,0,0,0,0,0,0,0,0,0,0,0,0,0,0,0,0,0,0,0,0,0,45,93,0,0,0,0,0
384,0,13,0,0,0,0,0,181898,0,0,0,0,53,0,0,0,0,0,0,0,0,0,0,0,0,0,0,0,0,0,0,0,0,0,172,0,0,0,111,0,0,0,0,0
384,0,14,0,0,0,0,0,181898,0,0,0,0,47,0,0,0,0,0,0,0,0,0,0,0,0,0,0,0,0,0,0,0,0,0,0,0,86,0,63,0,0,0,0,0
384,0,15,0,0,0,0,0,181898,0,0,0,0,41,0,0,0,0,0,0,0,0,0,0,0,0,0,0,0,0,0,0,0,0,0,0,0,39,0,87,0,0,0,0,0
385,0,0,0,0,0,0,0,626266,0,0,132,262208,136,0,0,0,0,0,3894,0,0,0,0,0,0,0,0,132,132,0,130862,0,392079,262208,0,329,0,136,284,0,0,0,0,192
385,0,1,0,0,0,0,0,313133,3894,0,0,0,1163,0,0,0,0,0,0,0,0,0,0,0,0,0,0,0,67,0,65438,0,130790,0,0,93,188,200,1950,0,0,48,0,0
385,0,2,0,0,0,0,0,313133,0,0,0,0,63,48,0,0,0,0,0,0,0,0,0,0,0,0,0,0,0,0,0,0,65411,65501,0,246,124,294,161,0,0,48,0,48
385,0,3,0,0,0,0,0,313133,0,0,0,0,66,48,0,0,0,0,0,0,0,0,0,0,0,0,0,0,0,0,0,0,0,65503,0,99,58,0,90,0,0,0,0,48
385,0,4,0,0,0,0,0,313133,0,0,0,0,68,48,0,0,0,0,0,0,0,0,0,0,0,0,0,0,0,0,0,0,0,65488,0,87,0,57,102,48,0,0,0,48
385,0,5,0,0,0,0,0,313133,0,0,0,0,65,48,0,0,0,0,0,0,0,0,0,0,0,0,0,0,0,0,0,0,0,65489,557,150,0,1,151,0,0,0,0,48
385,0,6,0,0,0,0,0,313133,0,0,0,0,47,0,0,0,0,0,0,0,0,0,0,0,0,0,0,0,0,0,0,0,0,0,0,43,98,1,52,0,0,0,0,0
385,0,7,0,0,0,0,0,313133,0,0,0,0,53,0,0,0,0,0,0,0,0,0,0,0,0,0,0,0,0,0,0,0,0,0,0,99,39,0,140,0,0,0,0,0
385,0,8,0,0,0,0,0,313133,0,0,0,0,53,0,0,0,0,0,0,0,0,0,0,0,0,0,0,0,0,0,0,0,0,0,0,52,0,39,110,0,0,0,0,0
385,0,9,0,0,0,0,0,313133,0,0,0,0,47,0,0,0,0,0,0,0,0,0,0,0,0,0,0,0,0,0,0,0,0,0,380,40,0,0,53,0,0,0,0,0
385,0,10,0,0,0,0,0,313133,0,0,0,0,53,0,0,0,0,0,0,0,0,0,0,0,0,0,0,0,0,0,0,0,0,0,0,82,86,0,124,0,0,0,0,0
385,0,11,0,0,0,0,0,313133,0,0,0,0,47,0,0,0,0,0,0,0,0,0,0,0,0,0,0,0,0,0,0,0,0,0,0,43,45,0,147,0,0,0,0,0
385,0,12,0,0,0,0,0,313133,0,0,0,0,47,0,0,0,0,0,0,0,0,0,0,0,0,0,0,0,0,0,0,0,0,0,0,0,0,45,93,0,0,0,0,0
385,0,13,0,0,0,0,0,313133,0,0,0,0,53,0,0,0,0,0,0,0,0,0,0,0,0,0,0,0,0,0,0,0,0,0,172,0,0,0,111,0,0,0,0,0
385,0,14,0,0,0,0,0,313133,0,0,0,0,47,0,0,0,0,0,0,0,0,0,0,0,0,0,0,0,0,0,0,0,0,0,0,0,86,0,63,0,0,0,0,0
385,0,15,0,0,0,0,0,313133,0,0,0,0,41,0,0,0,0,0,0,0,0,0,0,0,0,0,0,0,0,0,0,0,0,0,0,0,39,0,88,0,0,0,0,0
386,0,0,0,0,0,0,0,626102,0,0,132,262208,136,0,0,0,0,0,3891,0,0,0,0,0,0,0,0,132,132,0,130862,0,392065,262208,0,329,0,136,284,0,0,0,0,192
386,0,1,0,0,0,0,0,313051,3891,0,0,0,1166,0,0,0,0,0,0,0,0,0,0,0,0,0,0,0,65,0,65435,0,130791,0,0,93,187,198,1957,0,0,48,0,0
386,0,2,0,0,0,0,0,313051,0,0,0,0,65,48,0,0,0,0,0,0,0,0,0,0,0,0,0,0,0,0,0,0,65412,65501,0,250,123,295,161,0,0,48,0,48
386,0,3,0,0,0,0,0,313051,0,0,0,0,69,48,0,0,0,0,0,0,0,0,0,0,0,0,0,0,0,0,0,0,0,65503,0,99,56,0,91,0,0,0,0,48
386,0,4,0,0,0,0,0,313051,0,0,0,0,69,48,0,0,0,0,0,0,0,0,0,0,0,0,0,0,0,0,0,0,0,65488,0,87,0,56,101,48,0,0,0,48
386,0,5,0,0,0,0,0,313051,0,0,0,0,73,48,0,0,0,0,0,0,0,0,0,0,0,0,0,0,0,0,0,0,0,65487,554,150,0,0,159,0,0,0,0,48
386,0,6,0,0,0,0,0,313051,0,0,0,0,50,0,0,0,0,0,0,0,0,0,0,0,0,0,0,0,0,0,0,0,0,0,0,39,95,2,55,0,0,0,0,0
386,0,7,0,0,0,0,0,313051,0,0,0,0,53,0,0,0,0,0,0,0,0,0,0,0,0,0,0,0,0,0,0,0,0,0,0,100,39,0,138,0,0,0,0,0
386,0,8,0,0,0,0,0,313051,0,0,0,0,56,0,0,0,0,0,0,0,0,0,0,0,0,0,0,0,0,0,0,0,0,0,0,52,0,36,113,0,0,0,0,0
386,0,9,0,0,0,0,0,313051,0,0,0,0,50,0,0,0,0,0,0,0,0,0,0,0,0,0,0,0,0,0,0,0,0,0,380,40,0,0,56,0,0,0,0,0
386,0,10,0,0,0,0,0,313051,0,0,0,0,56,0,0,0,0,0,0,0,0,0,0,0,0,0,0,0,0,0,0,0,0,0,0,86,86,0,127,0,0,0,0,0
386,0,11,0,0,0,0,0,313051,0,0,0,0,50,0,0,0,0,0,0,0,0,0,0,0,0,0,0,0,0,0,0,0,0,0,0,42,42,0,134,0,0,0,0,0
386,0,12,0,0,0,0,0,313051,0,0,0,0,50,0,0,0,0,0,0,0,0,0,0,0,0,0,0,0,0,0,0,0,0,0,0,0,0,42,96,0,0,0,0,0
386,0,13,0,0,0,0,0,313051,0,0,0,0,56,0,0,0,0,0,0,0,0,0,0,0,0,0,0,0,0,0,0,0,0,0,172,0,0,0,114,0,0,0,0,0
386,0,14,0,0,0,0,0,313051,0,0,0,0,50,0,0,0,0,0,0,0,0,0,0,0,0,0,0,0,0,0,0,0,0,0,0,0,86,0,62,0,0,0,0,0
386,0,15,0,0,0,0,0,313051,0,0,0,0,44,0,0,0,0,0,0,0,0,0,0,0,0,0,0,0,0,0,0,0,0,0,0,0,36,0,92,0,0,0,0,0
387,0,0,0,0,0,0,0,626221,0,0,132,262208,136,0,0,0,0,0,3894,0,0,0,0,0,0,0,0,132,132,0,130863,0,392081,262208,0,329,0,136,284,0,0,0,0,192
387,0,1,0,0,0,0,0,313111,3894,0,0,0,1162,0,0,0,0,0,0,0,0,0,0,0,0,0,0,0,65,0,65438,0,130790,0,0,96,188,198,1949,0,0,48,0,0
387,0,2,0,0,0,0,0,313111,0,0,0,0,64,48,0,0,0,0,0,0,0,0,0,0,0,0,0,0,0,0,0,0,65413,65501,0,246,126,295,163,0,0,48,0,48
387,0,3,0,0,0,0,0,313111,0,0,0,0,70,48,0,0,0,0,0,0,0,0,0,0,0,0,0,0,0,0,0,0,0,65502,0,98,55,0,93,0,0,0,0,48
387,0,4,0,0,0,0,0,313111,0,0,0,0,68,48,0,0,0,0,0,0,0,0,0,0,0,0,0,0,0,0,0,0,0,65488,0,87,0,57,102,48,0,0,0,48
387,0,5,0,0,0,0,0,313111,0,0,0,0,67,48,0,0,0,0,0,0,0,0,0,0,0,0,0,0,0,0,0,0,0,65489,555,150,0,1,150,0,0,0,0,48
387,0,6,0,0,0,0,0,313111,0,0,0,0,47,0,0,0,0,0,0,0,0,0,0,0,0,0,0,0,0,0,0,0,0,0,0,43,98,1,52,0,0,0,0,0
387,0,7,0,0,0,0,0,313111,0,0,0,0,53,0,0,0,0,0,0,0,0,0,0,0,0,0,0,0,0,0,0,0,0,0,0,100,39,0,140,0,0,0,0,0
387,0,8,0,0,0,0,0,313111,0,0,0,0,53,0,0,0,0,0,0,0,0,0,0,0,0,0,0,0,0,0,0,0,0,0,0,52,0,39,110,0,0,0,0,0
387,0,9,0,0,0,0,0,313111,0,0,0,0,47,0,0,0,0,0,0,0,0,0,0,0,0,0,0,0,0,0,0,0,0,0,380,40,0,0,53,0,0,0,0,0
387,0,10,0,0,0,0,0,313111,0,0,0,0,53,0,0,0,0,0,0,0,0,0,0,0,0,0,0,0,0,0,0,0,0,0,0,82,86,0,124,0,0,0,0,0
387,0,11,0,0,0,0,0,313111,0,0,0,0,47,0,0,0,0,0,0,0,0,0,0,0,0,0,0,0,0,0,0,0,0,0,0,42,45,0,131,0,0,0,0,0
387,0,12,0,0,0,0,0,313111,0,0,0,0,47,0,0,0,0,0,0,0,0,0,0,0,0,0,0,0,0,0,0,0,0,0,0,0,0,45,93,0,0,0,0,0
387,0,13,0,0,0,0,0,313111,0,0,0,0,53,0,0,0,0,0,0,0,0,0,0,0,0,0,0,0,0,0,0,0,0,0,172,0,0,0,111,0,0,0,0,0
387,0,14,0,0,0,0,0,313111,0,0,0,0,47,0,0,0,0,0,0,0,0,0,0,0,0,0,0,0,0,0,0,0,0,0,0,0,86,0,63,0,0,0,0,0
387,0,15,0,0,0,0,0,313111,0,0,0,0,41,0,0,0,0,0,0,0,0,0,0,0,0,0,0,0,0,0,0,0,0,0,0,0,39,0,89,0,0,0,0,0
388,0,0,0,0,0,0,0,888243,0,0,198,393312,136,0,0,0,0,0,4005,0,0,0,0,0,0,0,0,198,198,0,130845,0,653296,393312,0,329,0,136,284,0,0,0,0,288
388,0,1,0,0,0,0,0,444122,4005,0,0,0,1223,0,0,0,0,0,0,0,0,0,0,0,0,0,0,0,92,0,65437,0,261510,0,0,95,178,216,2046,0,0,48,0,0
388,0,2,0,0,0,0,0,444122,0,0,0,0,69,48,0,0,0,0,0,0,0,0,0,0,0,0,0,0,0,0,65440,0,130836,65501,0,272,117,317,170,0,0,48,0,48
388,0,3,0,0,0,0,0,444122,0,0,0,0,66,48,0,0,0,0,0,0,0,0,0,0,0,0,0,0,0,0,65423,0,0,65502,0,108,57,0,90,0,0,0,0,48
388,0,4,0,0,0,0,0,444122,0,0,0,0,73,48,0,0,0,0,0,0,0,0,0,0,0,0,0,0,0,0,0,0,0,65501,0,87,0,52,96,96,0,0,0,48
388,0,5,0,0,0,0,0,444122,0,0,0,0,73,48,0,0,0,0,0,0,0,0,0,0,0,0,0,0,0,0,0,0,0,65489,590,150,0,1,157,0,0,48,0,48
388,0,6,0,0,0,0,0,444122,0,0,0,0,73,48,0,0,0,0,0,0,0,0,0,0,0,0,0,0,0,0,0,0,0,65488,0,39,126,1,91,0,0,48,0,48
388,0,7,0,0,0,0,0,444122,0,0,0,0,75,48,0,0,0,0,0,0,0,0,0,0,0,0,0,0,0,0,0,0,0,65486,0,101,50,0,187,0,0,0,0,48
388,0,8,0,0,0,0,0,444122,0,0,0,0,56,0,0,0,0,0,0,0,0,0,0,0,0,0,0,0,0,0,0,0,0,0,0,52,0,36,113,0,0,0,0,0
388,0,9,0,0,0,0,0,444122,0,0,0,0,50,0,0,0,0,0,0,0,0,0,0,0,0,0,0,0,0,0,0,0,0,0,380,40,0,0,56,0,0,0,0,0
388,0,10,0,0,0,0,0,444122,0,0,0,0,56,0,0,0,0,0,0,0,0,0,0,0,0,0,0,0,0,0,0,0,0,0,0,86,86,0,127,0,0,0,0,0
388,0,11,0,0,0,0,0,444122,0,0,0,0,50,0,0,0,0,0,0,0,0,0,0,0,0,0,0,0,0,0,0,0,0,0,0,43,42,0,166,0,0,0,0,0
388,0,12,0,0,0,0,0,444122,0,0,0,0,50,0,0,0,0,0,0,0,0,0,0,0,0,0,0,0,0,0,0,0,0,0,0,0,0,42,96,0,0,0,0,0
388,0,13,0,0,0,0,0,444122,0,0,0,0,56,0,0,0,0,0,0,0,0,0,0,0,0,0,0,0,0,0,0,0,0,0,172,0,0,0,114,0,0,0,0,0
388,0,14,0,0,0,0,0,444122,0,0,0,0,50,0,0,0,0,0,0,0,0,0,0,0,0,0,0,0,0,0,0,0,0,0,0,0,86,0,62,0,0,0,0,0
388,0,15,0,0,0,0,0,444122,0,0,0,0,44,0,0,0,0,0,0,0,0,0,0,0,0,0,0,0,0,0,0,0,0,0,0,0,36,0,93,0,0,0,0,0
389,0,0,0,0,0,0,0,888298,0,0,198,393312,136,0,0,0,0,0,4002,0,0,0,0,0,0,0,0,198,198,0,130853,0,653269,393312,0,329,0,136,284,0,0,0,0,288
389,0,1,0,0,0,0,0,444149,4002,0,0,0,1219,0,0,0,0,0,0,0,0,0,0,0,0,0,0,0,92,0,65437,0,261502,0,0,95,179,219,2038,0,0,48,0,0
389,0,2,0,0,0,0,0,444149,0,0,0,0,65,48,0,0,0,0,0,0,0,0,0,0,0,0,0,0,0,0,65432,0,130836,65501,0,267,122,320,165,0,0,48,0,48
389,0,3,0,0,0,0,0,444149,0,0,0,0,66,48,0,0,0,0,0,0,0,0,0,0,0,0,0,0,0,0,65424,0,0,65503,0,108,56,0,88,0,0,0,0,48
389,0,4,0,0,0,0,0,444149,0,0,0,0,68,48,0,0,0,0,0,0,0,0,0,0,0,0,0,0,0,0,0,0,0,65502,0,87,0,57,93,96,0,0,0,48
389,0,5,0,0,0,0,0,444149,0,0,0,0,69,48,0,0,0,0,0,0,0,0,0,0,0,0,0,0,0,0,0,0,0,65489,589,150,0,1,153,0,0,48,0,48
389,0,6,0,0,0,0,0,444149,0,0,0,0,73,48,0,0,0,0,0,0,0,0,0,0,0,0,0,0,0,0,0,0,0,65486,0,43,126,1,92,0,0,48,0,48
389,0,7,0,0,0,0,0,444149,0,0,0,0,75,48,0,0,0,0,0,0,0,0,0,0,0,0,0,0,0,0,0,0,0,65486,0,100,50,0,188,0,0,0,0,48
389,0,8,0,0,0,0,0,444149,0,0,0,0,53,0,0,0,0,0,0,0,0,0,0,0,0,0,0,0,0,0,0,0,0,0,0,52,0,39,110,0,0,0,0,0
389,0,9,0,0,0,0,0,444149,0,0,0,0,47,0,0,0,0,0,0,0,0,0,0,0,0,0,0,0,0,0,0,0,0,0,380,40,0,0,53,0,0,0,0,0
389,0,10,0,0,0,0,0,444149,0,0,0,0,53,0,0,0,0,0,0,0,0,0,0,0,0,0,0,0,0,0,0,0,0,0,0,82,86,0,124,0,0,0,0,0
389,0,11,0,0,0,0,0,444149,0,0,0,0,47,0,0,0,0,0,0,0,0,0,0,0,0,0,0,0,0,0,0,0,0,0,0,44,45,0,147,0,0,0,0,0
389,0,12,0,0,0,0,0,444149,0,0,0,0,47,0,0,0,0,0,0,0,0,0,0,0,0,0,0,0,0,0,0,0,0,0,0,0,0,45,93,0,0,0,0,0
389,0,13,0,0,0,0,0,444149,0,0,0,0,53,0,0,0,0,0,0,0,0,0,0,0,0,0,0,0,0,0,0,0,0,0,172,0,0,0,111,0,0,0,0,0
389,0,14,0,0,0,0,0,444149,0,0,0,0,47,0,0,0,0,0,0,0,0,0,0,0,0,0,0,0,0,0,0,0,0,0,0,0,86,0,63,0,0,0,0,0
389,0,15,0,0,0,0,0,444149,0,0,0,0,41,0,0,0,0,0,0,0,0,0,0,0,0,0,0,0,0,0,0,0,0,0,0,0,39,0,89,0,0,0,0,0
390,0,0,0,0,0,0,0,888201,0,0,198,393312,136,0,0,0,0,0,4002,0,0,0,0,0,0,0,0,198,198,0,130850,0,653264,393312,0,329,0,136,284,0,0,0,0,288
390,0,1,0,0,0,0,0,444100,4002,0,0,0,1222,0,0,0,0,0,0,0,0,0,0,0,0,0,0,0,96,0,65431,0,261508,0,0,93,182,215,2044,0,0,48,0,0
390,0,2,0,0,0,0,0,444100,0,0,0,0,65,48,0,0,0,0,0,0,0,0,0,0,0,0,0,0,0,0,65440,0,130835,65501,0,266,122,324,167,0,0,48,0,48
390,0,3,0,0,0,0,0,444100,0,0,0,0,68,48,0,0,0,0,0,0,0,0,0,0,0,0,0,0,0,0,65424,0,0,65502,0,102,55,0,91,0,0,0,0,48
390,0,4,0,0,0,0,0,444100,0,0,0,0,71,48,0,0,0,0,0,0,0,0,0,0,0,0,0,0,0,0,0,0,0,65502,0,87,0,54,98,96,0,0,0,48
390,0,5,0,0,0,0,0,444100,0,0,0,0,72,48,0,0,0,0,0,0,0,0,0,0,0,0,0,0,0,0,0,0,0,65488,586,150,0,1,158,0,0,48,0,48
390,0,6,0,0,0,0,0,444100,0,0,0,0,72,48,0,0,0,0,0,0,0,0,0,0,0,0,0,0,0,0,0,0,0,65488,0,43,129,1,92,0,0,48,0,48
390,0,7,0,0,0,0,0,444100,0,0,0,0,77,48,0,0,0,0,0,0,0,0,0,0,0,0,0,0,0,0,0,0,0,65488,0,102,48,0,194,0,0,0,0,48
390,0,8,0,0,0,0,0,444100,0,0,0,0,53,0,0,0,0,0,0,0,0,0,0,0,0,0,0,0,0,0,0,0,0,0,0,52,0,39,110,0,0,0,0,0
390,0,9,0,0,0,0,0,444100,0,0,0,0,47,0,0,0,0,0,0,0,0,0,0,0,0,0,0,0,0,0,0,0,0,0,380,40,0,0,53,0,0,0,0,0
390,0,10,0,0,0,0,0,444100,0,0,0,0,53,0,0,0,0,0,0,0,0,0,0,0,0,0,0,0,0,0,0,0,0,0,0,82,86,0,124,0,0,0,0,0
390,0,11,0,0,0,0,0,444100,0,0,0,0,47,0,0,0,0,0,0,0,0,0,0,0,0,0,0,0,0,0,0,0,0,0,0,42,45,0,131,0,0,0,0,0
390,0,12,0,0,0,0,0,444100,0,0,0,0,47,0,0,0,0,0,0,0,0,0,0,0,0,0,0,0,0,0,0,0,0,0,0,0,0,45,93,0,0,0,0,0
390,0,13,0,0,0,0,0,444100,0,0,0,0,53,0,0,0,0,0,0,0,0,0,0,0,0,0,0,0,0,0,0,0,0,0,172,0,0,0,111,0,0,0,0,0
390,0,14,0,0,0,0,0,444100,0,0,0,0,47,0,0,0,0,0,0,0,0,0,0,0,0,0,0,0,0,0,0,0,0,0,0,0,86,0,63,0,0,0,0,0
390,0,15,0,0,0,0,0,444100,0,0,0,0,41,0,0,0,0,0,0,0,0,0,0,0,0,0,0,0,0,0,0,0,0,0,0,0,39,0,91,0,0,0,0,0
391,0,0,0,0,0,0,0,1150185,0,0,262,524416,136,0,0,0,0,0,4113,0,0,0,0,0,0,0,0,262,262,0,261569,0,783868,524416,0,362,0,136,284,0,0,0,0,384
391,0,1,0,0,0,0,0,575092,4113,0,0,0,1270,0,0,0,0,0,0,0,0,0,0,0,0,0,0,0,134,0,130777,0,261536,0,0,100,194,214,2121,0,0,48,0,0
391,0,2,0,0,0,0,0,575092,0,0,0,0,65,48,0,0,0,0,0,0,0,0,0,0,0,0,0,0,0,0,65435,0,130837,65489,0,278,121,317,161,0,0,48,0,48
391,0,3,0,0,0,0,0,575092,0,0,0,0,69,48,0,0,0,0,0,0,0,0,0,0,0,0,0,0,0,0,65424,0,0,65502,0,114,54,0,87,0,0,0,0,48
391,0,4,0,0,0,0,0,575092,0,0,0,0,70,48,0,0,0,0,0,0,0,0,0,0,0,0,0,0,0,0,65422,0,0,65503,0,95,0,53,101,144,0,0,0,48
391,0,5,0,0,0,0,0,575092,0,0,0,0,72,48,0,0,0,0,0,0,0,0,0,0,0,0,0,0,0,0,65431,0,0,65503,618,172,0,1,164,0,0,48,0,48
391,0,6,0,0,0,0,0,575092,0,0,0,0,72,48,0,0,0,0,0,0,0,0,0,0,0,0,0,0,0,0,0,0,0,65491,0,39,127,1,84,0,0,48,0,48
391,0,7,0,0,0,0,0,575092,0,0,0,0,75,48,0,0,0,0,0,0,0,0,0,0,0,0,0,0,0,0,0,0,0,65488,0,102,50,0,180,0,0,0,0,48
391,0,8,0,0,0,0,0,575092,0,0,0,0,77,48,0,0,0,0,0,0,0,0,0,0,0,0,0,0,0,0,0,0,0,65488,0,52,0,48,161,48,0,0,0,48
391,0,9,0,0,0,0,0,575092,0,0,0,0,69,48,0,0,0,0,0,0,0,0,0,0,0,0,0,0,0,0,0,0,0,65486,413,40,0,2,88,0,0,0,0,48
391,0,10,0,0,0,0,0,575092,0,0,0,0,56,0,0,0,0,0,0,0,0,0,0,0,0,0,0,0,0,0,0,0,0,0,0,86,86,0,127,0,0,0,0,0
391,0,11,0,0,0,0,0,575092,0,0,0,0,50,0,0,0,0,0,0,0,0,0,0,0,0,0,0,0,0,0,0,0,0,0,0,44,42,0,166,0,0,0,0,0
391,0,12,0,0,0,0,0,575092,0,0,0,0,50,0,0,0,0,0,0,0,0,0,0,0,0,0,0,0,0,0,0,0,0,0,0,0,0,42,96,0,0,0,0,0
391,0,13,0,0,0,0,0,575092,0,0,0,0,56,0,0,0,0,0,0,0,0,0,0,0,0,0,0,0,0,0,0,0,0,0,172,0,0,0,114,0,0,0,0,0
391,0,14,0,0,0,0,0,575092,0,0,0,0,50,0,0,0,0,0,0,0,0,0,0,0,0,0,0,0,0,0,0,0,0,0,0,0,86,0,62,0,0,0,0,0
391,0,15,0,0,0,0,0,575092,0,0,0,0,44,0,0,0,0,0,0,0,0,0,0,0,0,0,0,0,0,0,0,0,0,0,0,0,36,0,94,0,0,0,0,0
392,0,0,0,0,0,0,0,1150270,0,0,262,524416,136,0,0,0,0,0,4113,0,0,0,0,0,0,0,0,262,262,0,261568,0,783825,524416,0,362,0,136,284,0,0,0,0,384
392,0,1,0,0,0,0,0,575135,4113,0,0,0,1266,0,0,0,0,0,0,0,0,0,0,0,0,0,0,0,130,0,130776,0,261518,0,0,101,195,216,2121,0,0,48,0,0
392,0,2,0,0,0,0,0,575135,0,0,0,0,67,48,0,0,0,0,0,0,0,0,0,0,0,0,0,0,0,0,65430,0,130827,65489,0,274,118,320,161,0,0,48,0,48
392,0,3,0,0,0,0,0,575135,0,0,0,0,66,48,0,0,0,0,0,0,0,0,0,0,0,0,0,0,0,0,65417,0,0,65502,0,114,56,0,82,0,0,0,0,48
392,0,4,0,0,0,0,0,575135,0,0,0,0,65,48,0,0,0,0,0,0,0,0,0,0,0,0,0,0,0,0,65422,0,0,65502,0,92,0,58,100,144,0,0,0,48
392,0,5,0,0,0,0,0,575135,0,0,0,0,70,48,0,0,0,0,0,0,0,0,0,0,0,0,0,0,0,0,65431,0,0,65502,617,172,0,1,161,0,0,48,0,48
392,0,6,0,0,0,0,0,575135,0,0,0,0,70,48,0,0,0,0,0,0,0,0,0,0,0,0,0,0,0,0,0,0,0,65489,0,43,128,1,82,0,0,48,0,48
392,0,7,0,0,0,0,0,575135,0,0,0,0,74,48,0,0,0,0,0,0,0,0,0,0,0,0,0,0,0,0,0,0,0,65485,0,100,51,0,181,0,0,0,0,48
392,0,8,0,0,0,0,0,575135,0,0,0,0,71,48,0,0,0,0,0,0,0,0,0,0,0,0,0,0,0,0,0,0,0,65488,0,52,0,54,158,48,0,0,0,48
392,0,9,0,0,0,0,0,575135,0,0,0,0,68,48,0,0,0,0,0,0,0,0,0,0,0,0,0,0,0,0,0,0,0,65485,410,40,0,0,87,0,0,0,0,48
392,0,10,0,0,0,0,0,575135,0,0,0,0,53,0,0,0,0,0,0,0,0,0,0,0,0,0,0,0,0,0,0,0,0,0,0,82,86,2,124,0,0,0,0,0
392,0,11,0,0,0,0,0,575135,0,0,0,0,47,0,0,0,0,0,0,0,0,0,0,0,0,0,0,0,0,0,0,0,0,0,0,44,45,0,147,0,0,0,0,0
392,0,12,0,0,0,0,0,575135,0,0,0,0,47,0,0,0,0,0,0,0,0,0,0,0,0,0,0,0,0,0,0,0,0,0,0,0,0,45,93,0,0,0,0,0
392,0,13,0,0,0,0,0,575135,0,0,0,0,53,0,0,0,0,0,0,0,0,0,0,0,0,0,0,0,0,0,0,0,0,0,172,0,0,0,111,0,0,0,0,0
392,0,14,0,0,0,0,0,575135,0,0,0,0,47,0,0,0,0,0,0,0,0,0,0,0,0,0,0,0,0,0,0,0,0,0,0,0,86,0,63,0,0,0,0,0
392,0,15,0,0,0,0,0,575135,0,0,0,0,41,0,0,0,0,0,0,0,0,0,0,0,0,0,0,0,0,0,0,0,0,0,0,0,39,0,91,0,0,0,0,0
393,0,0,0,0,0,0,0,1150187,0,0,262,524416,136,0,0,0,0,0,4113,0,0,0,0,0,0,0,0,262,262,0,261553,0,783877,524416,0,362,0,136,284,0,0,0,0,384
393,0,1,0,0,0,0,0,575094,4113,0,0,0,1271,0,0,0,0,0,0,0,0,0,0,0,0,0,0,0,127,0,130776,0,261537,0,0,101,193,213,2114,0,0,48,0,0
393,0,2,0,0,0,0,0,575094,0,0,0,0,64,48,0,0,0,0,0,0,0,0,0,0,0,0,0,0,0,0,65435,0,130833,65489,0,277,124,318,160,0,0,48,0,48
393,0,3,0,0,0,0,0,575094,0,0,0,0,70,48,0,0,0,0,0,0,0,0,0,0,0,0,0,0,0,0,65424,0,0,65502,0,114,53,0,87,0,0,0,0,48
393,0,4,0,0,0,0,0,575094,0,0,0,0,73,48,0,0,0,0,0,0,0,0,0,0,0,0,0,0,0,0,65422,0,0,65500,0,94,0,50,104,144,0,0,0,48
393,0,5,0,0,0,0,0,575094,0,0,0,0,68,48,0,0,0,0,0,0,0,0,0,0,0,0,0,0,0,0,65433,0,0,65503,623,171,0,2,160,0,0,48,0,48
393,0,6,0,0,0,0,0,575094,0,0,0,0,68,48,0,0,0,0,0,0,0,0,0,0,0,0,0,0,0,0,0,0,0,65492,0,39,128,1,81,0,0,48,0,48
393,0,7,0,0,0,0,0,575094,0,0,0,0,73,48,0,0,0,0,0,0,0,0,0,0,0,0,0,0,0,0,0,0,0,65485,0,101,52,0,179,0,0,0,0,48
393,0,8,0,0,0,0,0,575094,0,0,0,0,79,48,0,0,0,0,0,0,0,0,0,0,0,0,0,0,0,0,0,0,0,65487,0,52,0,46,164,48,0,0,0,48
393,0,9,0,0,0,0,0,575094,0,0,0,0,71,48,0,0,0,0,0,0,0,0,0,0,0,0,0,0,0,0,0,0,0,65486,413,40,0,2,91,0,0,0,0,48
393,0,10,0,0,0,0,0,575094,0,0,0,0,56,0,0,0,0,0,0,0,0,0,0,0,0,0,0,0,0,0,0,0,0,0,0,86,86,0,127,0,0,0,0,0
393,0,11,0,0,0,0,0,575094,0,0,0,0,50,0,0,0,0,0,0,0,0,0,0,0,0,0,0,0,0,0,0,0,0,0,0,45,42,0,102,0,0,0,0,0
393,0,12,0,0,0,0,0,575094,0,0,0,0,50,0,0,0,0,0,0,0,0,0,0,0,0,0,0,0,0,0,0,0,0,0,0,0,0,42,96,0,0,0,0,0
393,0,13,0,0,0,0,0,575094,0,0,0,0,56,0,0,0,0,0,0,0,0,0,0,0,0,0,0,0,0,0,0,0,0,0,172,0,0,0,114,0,0,0,0,0
393,0,14,0,0,0,0,0,575094,0,0,0,0,50,0,0,0,0,0,0,0,0,0,0,0,0,0,0,0,0,0,0,0,0,0,0,0,86,0,62,0,0,0,0,0
393,0,15,0,0,0,0,0,575094,0,0,0,0,44,0,0,0,0,0,0,0,0,0,0,0,0,0,0,0,0,0,0,0,0,0,0,0,36,0,93,0,0,0,0,0
394,0,0,0,0,0,0,0,1411972,0,0,328,655520,136,0,0,0,0,0,4224,0,0,0,0,0,0,0,0,328,328,0,261552,0,1044828,655520,0,362,0,136,284,0,0,0,0,946211
394,0,1,0,0,0,0,0,705986,4224,0,0,0,1318,0,0,0,0,0,0,0,0,0,0,0,0,0,0,0,160,0,130786,0,392132,0,0,104,195,229,2199,0,0,48,0,0
394,0,2,0,0,0,0,0,705986,0,0,0,0,63,48,0,0,0,0,0,0,0,0,0,0,0,0,0,0,0,0,130852,0,196113,65489,0,302,123,348,159,0,0,48,0,48
394,0,3,0,0,0,0,0,705986,0,0,0,0,69,48,0,0,0,0,0,0,0,0,0,0,0,0,0,0,0,0,130792,0,0,65501,0,113,54,0,92,0,0,0,0,48
394,0,4,0,0,0,0,0,705986,0,0,0,0,66,48,0,0,0,0,0,0,0,0,0,0,0,0,0,0,0,0,65422,0,0,65500,0,99,0,57,96,192,0,0,0,48
394,0,5,0,0,0,0,0,705986,0,0,0,0,66,48,0,0,0,0,0,0,0,0,0,0,0,0,0,0,0,0,65440,0,0,65503,648,173,0,0,150,0,0,48,0,48
394,0,6,0,0,0,0,0,705986,0,0,0,0,67,48,0,0,0,0,0,0,0,0,0,0,0,0,0,0,0,0,65416,0,0,65502,0,53,132,2,76,0,0,48,0,48
394,0,7,0,0,0,0,0,705986,0,0,0,0,75,48,0,0,0,0,0,0,0,0,0,0,0,0,0,0,0,0,65403,0,0,65487,0,132,50,0,185,0,0,0,0,48
394,0,8,0,0,0,0,0,705986,0,0,0,0,74,48,0,0,0,0,0,0,0,0,0,0,0,0,0,0,0,0,0,0,0,65487,0,52,0,51,154,96,0,0,0,48
394,0,9,0,0,0,0,0,705986,0,0,0,0,66,48,0,0,0,0,0,0,0,0,0,0,0,0,0,0,0,0,0,0,0,65488,443,40,0,2,84,0,0,48,0,48
394,0,10,0,0,0,0,0,705986,0,0,0,0,72,48,0,0,0,0,0,0,0,0,0,0,0,0,0,0,0,0,0,0,0,65500,0,82,120,1,168,0,0,48,0,48
394,0,11,0,0,0,0,0,705986,0,0,0,0,68,48,0,0,0,0,0,0,0,0,0,0,0,0,0,0,0,0,0,0,0,65500,0,46,56,0,4294967239,0,0,0,0,48
394,0,12,0,0,0,0,0,705986,0,0,0,0,47,0,0,0,0,0,0,0,0,0,0,0,0,0,0,0,0,0,0,0,0,0,0,0,0,45,93,0,0,0,0,0
394,0,13,0,0,0,0,0,705986,0,0,0,0,53,0,0,0,0,0,0,0,0,0,0,0,0,0,0,0,0,0,0,0,0,0,172,0,0,0,111,0,0,0,0,0
394,0,14,0,0,0,0,0,705986,0,0,0,0,47,0,0,0,0,0,0,0,0,0,0,0,0,0,0,0,0,0,0,0,0,0,0,0,86,0,63,0,0,0,0,0
394,0,15,0,0,0,0,0,705986,0,0,0,0,41,0,0,0,0,0,0,0,0,0,0,0,0,0,0,0,0,0,0,0,0,0,0,0,39,0,91,0,0,0,0,0
395,0,0,0,0,0,0,0,1412081,0,0,331,655520,136,0,0,0,0,0,4227,0,0,0,0,0,0,0,0,331,331,0,261566,0,1044792,655520,0,362,0,136,284,0,0,0,0,946285
395,0,1,0,0,0,0,0,706041,4227,0,0,0,1313,0,0,0,0,0,0,0,0,0,0,0,0,0,0,0,162,0,130786,0,392120,0,0,100,196,237,2185,0,0,48,0,0
395,0,2,0,0,0,0,0,706041,0,0,0,0,65,48,0,0,0,0,0,0,0,0,0,0,0,0,0,0,0,0,130856,0,196097,65489,0,304,121,339,159,0,0,48,0,48
395,0,3,0,0,0,0,0,706041,0,0,0,0,68,48,0,0,0,0,0,0,0,0,0,0,0,0,0,0,0,0,130788,0,0,65501,0,121,55,0,92,0,0,0,0,48
395,0,4,0,0,0,0,0,706041,0,0,0,0,73,48,0,0,0,0,0,0,0,0,0,0,0,0,0,0,0,0,65421,0,0,65503,0,98,0,50,103,192,0,0,0,48
395,0,5,0,0,0,0,0,706041,0,0,0,0,70,48,0,0,0,0,0,0,0,0,0,0,0,0,0,0,0,0,65440,0,0,65503,659,176,0,0,155,0,0,48,0,48
395,0,6,0,0,0,0,0,706041,0,0,0,0,71,48,0,0,0,0,0,0,0,0,0,0,0,0,0,0,0,0,65417,0,0,65503,0,51,125,2,80,0,0,48,0,48
395,0,7,0,0,0,0,0,706041,0,0,0,0,71,48,0,0,0,0,0,0,0,0,0,0,0,0,0,0,0,0,65404,0,0,65484,0,128,53,0,178,0,0,0,0,48
395,0,8,0,0,0,0,0,706041,0,0,0,0,76,48,0,0,0,0,0,0,0,0,0,0,0,0,0,0,0,0,0,0,0,65488,0,52,0,49,157,96,0,0,0,48
395,0,9,0,0,0,0,0,706041,0,0,0,0,73,48,0,0,0,0,0,0,0,0,0,0,0,0,0,0,0,0,0,0,0,65488,442,40,0,0,88,0,0,48,0,48
395,0,10,0,0,0,0,0,706041,0,0,0,0,76,48,0,0,0,0,0,0,0,0,0,0,0,0,0,0,0,0,0,0,0,65500,0,86,118,3,170,0,0,48,0,48
395,0,11,0,0,0,0,0,706041,0,0,0,0,71,48,0,0,0,0,0,0,0,0,0,0,0,0,0,0,0,0,0,0,0,65500,0,43,54,0,214,0,0,0,0,48
395,0,12,0,0,0,0,0,706041,0,0,0,0,50,0,0,0,0,0,0,0,0,0,0,0,0,0,0,0,0,0,0,0,0,0,0,0,0,42,96,0,0,0,0,0
395,0,13,0,0,0,0,0,706041,0,0,0,0,56,0,0,0,0,0,0,0,0,0,0,0,0,0,0,0,0,0,0,0,0,0,172,0,0,0,114,0,0,0,0,0
395,0,14,0,0,0,0,0,706041,0,0,0,0,50,0,0,0,0,0,0,0,0,0,0,0,0,0,0,0,0,0,0,0,0,0,0,0,86,0,62,0,0,0,0,0
395,0,15,0,0,0,0,0,706041,0,0,0,0,44,0,0,0,0,0,0,0,0,0,0,0,0,0,0,0,0,0,0,0,0,0,0,0,36,0,97,0,0,0,0,0
396,0,0,0,0,0,0,0,1412022,0,0,328,655520,136,0,0,0,0,0,4221,0,0,0,0,0,0,0,0,328,328,0,261567,0,1044826,655520,0,362,0,136,284,0,0,0,0,946272
396,0,1,0,0,0,0,0,706011,4221,0,0,0,1307,0,0,0,0,0,0,0,0,0,0,0,0,0,0,0,162,0,130786,0,392131,0,0,100,199,240,2182,0,0,48,0,0
396,0,2,0,0,0,0,0,706011,0,0,0,0,68,48,0,0,0,0,0,0,0,0,0,0,0,0,0,0,0,0,130848,0,196116,65489,0,301,120,341,161,0,0,48,0,48
396,0,3,0,0,0,0,0,706011,0,0,0,0,70,48,0,0,0,0,0,0,0,0,0,0,0,0,0,0,0,0,130796,0,0,65502,0,122,52,0,92,0,0,0,0,48
396,0,4,0,0,0,0,0,706011,0,0,0,0,74,48,0,0,0,0,0,0,0,0,0,0,0,0,0,0,0,0,65421,0,0,65502,0,101,0,49,104,192,0,0,0,48
396,0,5,0,0,0,0,0,706011,0,0,0,0,69,48,0,0,0,0,0,0,0,0,0,0,0,0,0,0,0,0,65440,0,0,65503,657,176,0,1,154,0,0,48,0,48
396,0,6,0,0,0,0,0,706011,0,0,0,0,70,48,0,0,0,0,0,0,0,0,0,0,0,0,0,0,0,0,65417,0,0,65500,0,54,128,1,79,0,0,48,0,48
396,0,7,0,0,0,0,0,706011,0,0,0,0,73,48,0,0,0,0,0,0,0,0,0,0,0,0,0,0,0,0,65408,0,0,65488,0,129,51,0,179,0,0,0,0,48
396,0,8,0,0,0,0,0,706011,0,0,0,0,78,48,0,0,0,0,0,0,0,0,0,0,0,0,0,0,0,0,0,0,0,65488,0,52,0,47,156,96,0,0,0,48
396,0,9,0,0,0,0,0,706011,0,0,0,0,72,48,0,0,0,0,0,0,0,0,0,0,0,0,0,0,0,0,0,0,0,65489,442,40,0,0,87,0,0,48,0,48
396,0,10,0,0,0,0,0,706011,0,0,0,0,77,48,0,0,0,0,0,0,0,0,0,0,0,0,0,0,0,0,0,0,0,65500,0,86,121,2,168,0,0,48,0,48
396,0,11,0,0,0,0,0,706011,0,0,0,0,73,48,0,0,0,0,0,0,0,0,0,0,0,0,0,0,0,0,0,0,0,65503,0,44,51,0,168,0,0,0,0,48
396,0,12,0,0,0,0,0,706011,0,0,0,0,50,0,0,0,0,0,0,0,0,0,0,0,0,0,0,0,0,0,0,0,0,0,0,0,0,42,96,0,0,0,0,0
396,0,13,0,0,0,0,0,706011,0,0,0,0,56,0,0,0,0,0,0,0,0,0,0,0,0,0,0,0,0,0,0,0,0,0,172,0,0,0,114,0,0,0,0,0
396,0,14,0,0,0,0,0,706011,0,0,0,0,50,0,0,0,0,0,0,0,0,0,0,0,0,0,0,0,0,0,0,0,0,0,0,0,86,0,62,0,0,0,0,0
396,0,15,0,0,0,0,0,706011,0,0,0,0,44,0,0,0,0,0,0,0,0,0,0,0,0,0,0,0,0,0,0,0,0,0,0,0,36,0,96,0,0,0,0,0
397,0,0,0,0,0,0,0,1803794,0,0,422,852176,136,0,0,0,0,0,4380,0,0,0,0,0,0,0,0,422,422,0,392173,0,1305593,852176,0,397,0,136,284,0,0,0,0,1504397
397,0,1,0,0,0,0,0,901897,4380,0,0,0,1381,0,0,0,0,0,0,0,0,0,0,0,0,0,0,0,231,0,196079,0,457328,0,0,113,208,241,2304,0,0,48,0,0
397,0,2,0,0,0,0,0,901897,0,0,0,0,63,48,0,0,0,0,0,0,0,0,0,0,0,0,0,0,0,0,196144,0,196085,65494,0,317,114,347,158,0,0,48,0,48
397,0,3,0,0,0,0,0,901897,0,0,0,0,64,48,0,0,0,0,0,0,0,0,0,0,0,0,0,0,0,0,130791,0,0,65498,0,115,53,0,80,0,0,0,0,48
397,0,4,0,0,0,0,0,901897,0,0,0,0,69,48,0,0,0,0,0,0,0,0,0,0,0,0,0,0,0,0,130798,0,0,65502,0,108,0,54,101,507214,0,0,0,48
397,0,5,0,0,0,0,0,901897,0,0,0,0,71,48,0,0,0,0,0,0,0,0,0,0,0,0,0,0,0,0,130811,0,0,65502,703,197,0,1,160,0,0,48,0,48
397,0,6,0,0,0,0,0,901897,0,0,0,0,70,48,0,0,0,0,0,0,0,0,0,0,0,0,0,0,0,0,130793,0,0,65502,0,67,132,1,85,0,0,48,0,48
397,0,7,0,0,0,0,0,901897,0,0,0,0,78,48,0,0,0,0,0,0,0,0,0,0,0,0,0,0,0,0,65414,0,0,65487,0,130,47,0,189,0,0,0,0,48
397,0,8,0,0,0,0,0,901897,0,0,0,0,75,48,0,0,0,0,0,0,0,0,0,0,0,0,0,0,0,0,65410,0,0,65487,0,75,0,50,158,192,0,0,0,48
397,0,9,0,0,0,0,0,901897,0,0,0,0,67,48,0,0,0,0,0,0,0,0,0,0,0,0,0,0,0,0,65418,0,0,65490,483,53,0,2,83,0,0,48,0,48
397,0,10,0,0,0,0,0,901897,0,0,0,0,73,48,0,0,0,0,0,0,0,0,0,0,0,0,0,0,0,0,65437,0,0,65486,0,106,122,1,166,0,0,48,0,48
397,0,11,0,0,0,0,0,901897,0,0,0,0,72,48,0,0,0,0,0,0,0,0,0,0,0,0,0,0,0,0,0,0,0,65503,0,44,53,0,184,0,0,0,0,48
397,0,12,0,0,0,0,0,901897,0,0,0,0,71,48,0,0,0,0,0,0,0,0,0,0,0,0,0,0,0,0,0,0,0,65503,0,0,0,54,129,48,0,0,0,48
397,0,13,0,0,0,0,0,901897,0,0,0,0,76,48,0,0,0,0,0,0,0,0,0,0,0,0,0,0,0,0,0,0,0,65501,226,0,0,0,156,0,0,48,0,48
397,0,14,0,0,0,0,0,901897,0,0,0,0,67,48,0,0,0,0,0,0,0,0,0,0,0,0,0,0,0,0,0,0,0,65490,0,0,98,3,94,0,0,0,0,48
397,0,15,0,0,0,0,0,901897,0,0,0,0,41,0,0,0,0,0,0,0,0,0,0,0,0,0,0,0,0,0,0,0,0,0,0,0,39,0,93,0,0,0,0,0
398,0,0,0,0,0,0,0,1803761,0,0,422,852176,136,0,0,0,0,0,4380,0,0,0,0,0,0,0,0,422,422,0,392174,0,1305633,852176,0,397,0,136,284,0,0,0,0,1504396
398,0,1,0,0,0,0,0,901880,4380,0,0,0,1401,0,0,0,0,0,0,0,0,0,0,0,0,0,0,0,225,0,196077,0,457344,0,0,111,207,224,2305,0,0,48,0,0
398,0,2,0,0,0,0,0,901880,0,0,0,0,62,48,0,0,0,0,0,0,0,0,0,0,0,0,0,0,0,0,196149,0,196092,65494,0,331,118,349,157,0,0,48,0,48
398,0,3,0,0,0,0,0,901880,0,0,0,0,65,48,0,0,0,0,0,0,0,0,0,0,0,0,0,0,0,0,130799,0,0,65498,0,112,51,0,83,0,0,0,0,48
398,0,4,0,0,0,0,0,901880,0,0,0,0,70,48,0,0,0,0,0,0,0,0,0,0,0,0,0,0,0,0,130796,0,0,65502,0,108,0,53,100,507208,0,0,0,48
398,0,5,0,0,0,0,0,901880,0,0,0,0,70,48,0,0,0,0,0,0,0,0,0,0,0,0,0,0,0,0,130812,0,0,65502,718,197,0,2,161,0,0,48,0,48
398,0,6,0,0,0,0,0,901880,0,0,0,0,73,48,0,0,0,0,0,0,0,0,0,0,0,0,0,0,0,0,130796,0,0,65502,0,54,128,0,87,0,0,48,0,48
398,0,7,0,0,0,0,0,901880,0,0,0,0,77,48,0,0,0,0,0,0,0,0,0,0,0,0,0,0,0,0,65414,0,0,65488,0,134,48,0,188,0,0,0,0,48
398,0,8,0,0,0,0,0,901880,0,0,0,0,81,48,0,0,0,0,0,0,0,0,0,0,0,0,0,0,0,0,65412,0,0,65488,0,76,0,44,163,192,0,0,0,48
398,0,9,0,0,0,0,0,901880,0,0,0,0,74,48,0,0,0,0,0,0,0,0,0,0,0,0,0,0,0,0,65416,0,0,65490,473,55,0,0,88,0,0,48,0,48
398,0,10,0,0,0,0,0,901880,0,0,0,0,79,48,0,0,0,0,0,0,0,0,0,0,0,0,0,0,0,0,65438,0,0,65490,0,116,126,2,175,0,0,48,0,48
398,0,11,0,0,0,0,0,901880,0,0,0,0,81,48,0,0,0,0,0,0,0,0,0,0,0,0,0,0,0,0,0,0,0,65502,0,44,44,0,198,0,0,0,0,48
398,0,12,0,0,0,0,0,901880,0,0,0,0,73,48,0,0,0,0,0,0,0,0,0,0,0,0,0,0,0,0,0,0,0,65503,0,0,0,52,130,48,0,0,0,48
398,0,13,0,0,0,0,0,901880,0,0,0,0,77,48,0,0,0,0,0,0,0,0,0,0,0,0,0,0,0,0,0,0,0,65501,233,0,0,1,155,0,0,48,0,48
398,0,14,0,0,0,0,0,901880,0,0,0,0,80,48,0,0,0,0,0,0,0,0,0,0,0,0,0,0,0,0,0,0,0,65489,0,0,91,2,97,0,0,0,0,48
398,0,15,0,0,0,0,0,901880,0,0,0,0,47,0,0,0,0,0,0,0,0,0,0,0,0,0,0,0,0,0,0,0,0,0,0,0,33,0,100,0,0,0,0,0
399,0,0,0,0,0,0,0,1803894,0,0,422,852176,136,0,0,0,0,0,4380,0,0,0,0,0,0,0,0,422,422,0,392174,0,1305619,852176,0,397,0,136,284,0,0,0,0,1504357
399,0,1,0,0,0,0,0,901947,4380,0,0,0,1405,0,0,0,0,0,0,0,0,0,0,0,0,0,0,0,225,0,196074,0,457340,0,0,112,207,219,2319,0,0,48,0,0
399,0,2,0,0,0,0,0,901947,0,0,0,0,62,48,0,0,0,0,0,0,0,0,0,0,0,0,0,0,0,0,196139,0,196094,65495,0,330,115,358,155,0,0,48,0,48
399,0,3,0,0,0,0,0,901947,0,0,0,0,64,48,0,0,0,0,0,0,0,0,0,0,0,0,0,0,0,0,130799,0,0,65498,0,98,53,0,86,0,0,0,0,48
399,0,4,0,0,0,0,0,901947,0,0,0,0,65,48,0,0,0,0,0,0,0,0,0,0,0,0,0,0,0,0,130796,0,0,65502,0,114,0,58,93,507156,0,0,0,48
399,0,5,0,0,0,0,0,901947,0,0,0,0,71,48,0,0,0,0,0,0,0,0,0,0,0,0,0,0,0,0,130811,0,0,65502,711,198,0,0,160,0,0,48,0,48
399,0,6,0,0,0,0,0,901947,0,0,0,0,68,48,0,0,0,0,0,0,0,0,0,0,0,0,0,0,0,0,130797,0,0,65499,0,54,129,2,83,0,0,48,0,48
399,0,7,0,0,0,0,0,901947,0,0,0,0,73,48,0,0,0,0,0,0,0,0,0,0,0,0,0,0,0,0,65413,0,0,65490,0,141,52,0,189,0,0,0,0,48
399,0,8,0,0,0,0,0,901947,0,0,0,0,72,48,0,0,0,0,0,0,0,0,0,0,0,0,0,0,0,0,65411,0,0,65488,0,72,0,53,152,192,0,0,0,48
399,0,9,0,0,0,0,0,901947,0,0,0,0,71,48,0,0,0,0,0,0,0,0,0,0,0,0,0,0,0,0,65415,0,0,65489,475,54,0,0,85,0,0,48,0,48
399,0,10,0,0,0,0,0,901947,0,0,0,0,78,48,0,0,0,0,0,0,0,0,0,0,0,0,0,0,0,0,65437,0,0,65490,0,114,121,2,176,0,0,48,0,48
399,0,11,0,0,0,0,0,901947,0,0,0,0,74,48,0,0,0,0,0,0,0,0,0,0,0,0,0,0,0,0,0,0,0,65502,0,39,50,0,192,0,0,0,0,48
399,0,12,0,0,0,0,0,901947,0,0,0,0,71,48,0,0,0,0,0,0,0,0,0,0,0,0,0,0,0,0,0,0,0,65503,0,0,0,54,132,48,0,0,0,48
399,0,13,0,0,0,0,0,901947,0,0,0,0,72,48,0,0,0,0,0,0,0,0,0,0,0,0,0,0,0,0,0,0,0,65501,230,0,0,1,151,0,0,48,0,48
399,0,14,0,0,0,0,0,901947,0,0,0,0,69,48,0,0,0,0,0,0,0,0,0,0,0,0,0,0,0,0,0,0,0,65489,0,0,97,1,88,0,0,0,0,48
399,0,15,0,0,0,0,0,901947,0,0,0,0,41,0,0,0,0,0,0,0,0,0,0,0,0,0,0,0,0,0,0,0,0,0,0,0,39,0,100,0,0,0,0,0
400,0,0,0,0,0,0,0,233084,0,0,10,65540,136,0,0,0,0,0,3693,0,0,0,0,0,0,0,0,10,10,0,0,0,130984,65540,0,294,0,136,284,0,0,0,0,12
400,0,1,0,0,0,0,0,116542,3693,0,0,0,1091,0,0,0,0,0,0,0,0,0,0,0,0,0,0,0,1,0,0,0,65508,0,0,79,173,176,1827,0,0,12,0,0
400,0,2,0,0,0,0,0,116542,0,0,0,0,53,12,0,0,0,0,0,0,0,0,0,0,0,0,0,0,0,0,0,0,0,65524,0,246,94,276,139,0,0,0,0,12
400,0,3,0,0,0,0,0,116542,0,0,0,0,47,0,0,0,0,0,0,0,0,0,0,0,0,0,0,0,0,0,0,0,0,0,0,97,45,0,55,0,0,0,0,0
400,0,4,0,0,0,0,0,116542,0,0,0,0,47,0,0,0,0,0,0,0,0,0,0,0,0,0,0,0,0,0,0,0,0,0,0,87,0,45,66,0,0,0,0,0
400,0,5,0,0,0,0,0,116542,0,0,0,0,47,0,0,0,0,0,0,0,0,0,0,0,0,0,0,0,0,0,0,0,0,0,522,150,0,0,112,0,0,0,0,0
400,0,6,0,0,0,0,0,116542,0,0,0,0,47,0,0,0,0,0,0,0,0,0,0,0,0,0,0,0,0,0,0,0,0,0,0,43,98,0,52,0,0,0,0,0
400,0,7,0,0,0,0,0,116542,0,0,0,0,53,0,0,0,0,0,0,0,0,0,0,0,0,0,0,0,0,0,0,0,0,0,0,99,39,0,140,0,0,0,0,0
400,0,8,0,0,0,0,0,116542,0,0,0,0,53,0,0,0,0,0,0,0,0,0,0,0,0,0,0,0,0,0,0,0,0,0,0,52,0,39,110,0,0,0,0,0
400,0,9,0,0,0,0,0,116542,0,0,0,0,47,0,0,0,0,0,0,0,0,0,0,0,0,0,0,0,0,0,0,0,0,0,380,40,0,0,53,0,0,0,0,0
400,0,10,0,0,0,0,0,116542,0,0,0,0,53,0,0,0,0,0,0,0,0,0,0,0,0,0,0,0,0,0,0,0,0,0,0,82,86,0,124,0,0,0,0,0
400,0,11,0,0,0,0,0,116542,0,0,0,0,47,0,0,0,0,0,0,0,0,0,0,0,0,0,0,0,0,0,0,0,0,0,0,40,45,0,4294967171,0,0,0,0,0
400,0,12,0,0,0,0,0,116542,0,0,0,0,47,0,0,0,0,0,0,0,0,0,0,0,0,0,0,0,0,0,0,0,0,0,0,0,0,45,93,0,0,0,0,0
400,0,13,0,0,0,0,0,116542,0,0,0,0,53,0,0,0,0,0,0,0,0,0,0,0,0,0,0,0,0,0,0,0,0,0,172,0,0,0,111,0,0,0,0,0
400,0,14,0,0,0,0,0,116542,0,0,0,0,47,0,0,0,0,0,0,0,0,0,0,0,0,0,0,0,0,0,0,0,0,0,0,0,86,0,63,0,0,0,0,0
400,0,15,0,0,0,0,0,116542,0,0,0,0,41,0,0,0,0,0,0,0,0,0,0,0,0,0,0,0,0,0,0,0,0,0,0,0,39,0,88,0,0,0,0,0
401,0,0,0,0,0,0,0,233073,0,0,10,65540,136,0,0,0,0,0,3693,0,0,0,0,0,0,0,0,10,10,0,0,0,130984,65540,0,294,0,136,284,0,0,0,0,12
401,0,1,0,0,0,0,0,116537,3693,0,0,0,1092,0,0,0,0,0,0,0,0,0,0,0,0,0,0,0,1,0,0,0,65508,0,0,79,173,175,1829,0,0,12,0,0
401,0,2,0,0,0,0,0,116537,0,0,0,0,55,12,0,0,0,0,0,0,0,0,0,0,0,0,0,0,0,0,0,0,0,65524,0,246,93,275,142,0,0,0,0,12
401,0,3,0,0,0,0,0,116537,0,0,0,0,47,0,0,0,0,0,0,0,0,0,0,0,0,0,0,0,0,0,0,0,0,0,0,98,45,0,55,0,0,0,0,0
401,0,4,0,0,0,0,0,116537,0,0,0,0,47,0,0,0,0,0,0,0,0,0,0,0,0,0,0,0,0,0,0,0,0,0,0,87,0,45,66,0,0,0,0,0
401,0,5,0,0,0,0,0,116537,0,0,0,0,47,0,0,0,0,0,0,0,0,0,0,0,0,0,0,0,0,0,0,0,0,0,522,150,0,0,112,0,0,0,0,0
401,0,6,0,0,0,0,0,116537,0,0,0,0,47,0,0,0,0,0,0,0,0,0,0,0,0,0,0,0,0,0,0,0,0,0,0,43,98,0,52,0,0,0,0,0
401,0,7,0,0,0,0,0,116537,0,0,0,0,53,0,0,0,0,0,0,0,0,0,0,0,0,0,0,0,0,0,0,0,0,0,0,98,39,0,140,0,0,0,0,0
401,0,8,0,0,0,0,0,116537,0,0,0,0,53,0,0,0,0,0,0,0,0,0,0,0,0,0,0,0,0,0,0,0,0,0,0,52,0,39,110,0,0,0,0,0
401,0,9,0,0,0,0,0,116537,0,0,0,0,47,0,0,0,0,0,0,0,0,0,0,0,0,0,0,0,0,0,0,0,0,0,380,40,0,0,53,0,0,0,0,0
401,0,10,0,0,0,0,0,116537,0,0,0,0,53,0,0,0,0,0,0,0,0,0,0,0,0,0,0,0,0,0,0,0,0,0,0,82,86,0,124,0,0,0,0,0
401,0,11,0,0,0,0,0,116537,0,0,0,0,47,0,0,0,0,0,0,0,0,0,0,0,0,0,0,0,0,0,0,0,0,0,0,41,45,0,131,0,0,0,0,0
401,0,12,0,0,0,0,0,116537,0,0,0,0,47,0,0,0,0,0,0,0,0,0,0,0,0,0,0,0,0,0,0,0,0,0,0,0,0,45,93,0,0,0,0,0
401,0,13,0,0,0,0,0,116537,0,0,0,0,53,0,0,0,0,0,0,0,0,0,0,0,0,0,0,0,0,0,0,0,0,0,172,0,0,0,111,0,0,0,0,0
401,0,14,0,0,0,0,0,116537,0,0,0,0,47,0,0,0,0,0,0,0,0,0,0,0,0,0,0,0,0,0,0,0,0,0,0,0,86,0,63,0,0,0,0,0
401,0,15,0,0,0,0,0,116537,0,0,0,0,41,0,0,0,0,0,0,0,0,0,0,0,0,0,0,0,0,0,0,0,0,0,0,0,39,0,87,0,0,0,0,0
402,0,0,0,0,0,0,0,233044,0,0,10,65540,136,0,0,0,0,0,3693,0,0,0,0,0,0,0,0,10,10,0,0,0,130988,65540,0,294,0,136,284,0,0,0,0,12
402,0,1,0,0,0,0,0,116522,3693,0,0,0,1090,0,0,0,0,0,0,0,0,0,0,0,0,0,0,0,0,0,0,0,65512,0,0,79,174,176,1826,0,0,12,0,0
402,0,2,0,0,0,0,0,116522,0,0,0,0,54,12,0,0,0,0,0,0,0,0,0,0,0,0,0,0,0,0,0,0,0,65524,0,246,94,275,140,0,0,0,0,12
402,0,3,0,0,0,0,0,116522,0,0,0,0,47,0,0,0,0,0,0,0,0,0,0,0,0,0,0,0,0,0,0,0,0,0,0,98,45,0,55,0,0,0,0,0
402,0,4,0,0,0,0,0,116522,0,0,0,0,47,0,0,0,0,0,0,0,0,0,0,0,0,0,0,0,0,0,0,0,0,0,0,87,0,45,66,0,0,0,0,0
402,0,5,0,0,0,0,0,116522,0,0,0,0,47,0,0,0,0,0,0,0,0,0,0,0,0,0,0,0,0,0,0,0,0,0,522,150,0,0,112,0,0,0,0,0
402,0,6,0,0,0,0,0,116522,0,0,0,0,47,0,0,0,0,0,0,0,0,0,0,0,0,0,0,0,0,0,0,0,0,0,0,43,98,0,52,0,0,0,0,0
402,0,7,0,0,0,0,0,116522,0,0,0,0,53,0,0,0,0,0,0,0,0,0,0,0,0,0,0,0,0,0,0,0,0,0,0,98,39,0,140,0,0,0,0,0
402,0,8,0,0,0,0,0,116522,0,0,0,0,53,0,0,0,0,0,0,0,0,0,0,0,0,0,0,0,0,0,0,0,0,0,0,52,0,39,110,0,0,0,0,0
402,0,9,0,0,0,0,0,116522,0,0,0,0,47,0,0,0,0,0,0,0,0,0,0,0,0,0,0,0,0,0,0,0,0,0,380,40,0,0,53,0,0,0,0,0
402,0,10,0,0,0,0,0,116522,0,0,0,0,53,0,0,0,0,0,0,0,0,0,0,0,0,0,0,0,0,0,0,0,0,0,0,82,86,0,124,0,0,0,0,0
402,0,11,0,0,0,0,0,116522,0,0,0,0,47,0,0,0,0,0,0,0,0,0,0,0,0,0,0,0,0,0,0,0,0,0,0,41,45,0,131,0,0,0,0,0
402,0,12,0,0,0,0,0,116522,0,0,0,0,47,0,0,0,0,0,0,0,0,0,0,0,0,0,0,0,0,0,0,0,0,0,0,0,0,45,93,0,0,0,0,0
402,0,13,0,0,0,0,0,116522,0,0,0,0,53,0,0,0,0,0,0,0,0,0,0,0,0,0,0,0,0,0,0,0,0,0,172,0,0,0,111,0,0,0,0,0
402,0,14,0,0,0,0,0,116522,0,0,0,0,47,0,0,0,0,0,0,0,0,0,0,0,0,0,0,0,0,0,0,0,0,0,0,0,86,0,63,0,0,0,0,0
402,0,15,0,0,0,0,0,116522,0,0,0,0,41,0,0,0,0,0,0,0,0,0,0,0,0,0,0,0,0,0,0,0,0,0,0,0,39,0,87,0,0,0,0,0
403,0,0,0,0,0,0,0,363990,0,0,18,131080,136,0,0,0,0,0,3711,0,0,0,0,0,0,0,0,18,18,0,0,0,261948,131080,0,294,0,136,284,0,0,0,0,24
403,0,1,0,0,0,0,0,181995,3711,0,0,0,1097,0,0,0,0,0,0,0,0,0,0,0,0,0,0,0,9,0,0,0,131007,0,0,79,173,179,1833,0,0,12,0,0
403,0,2,0,0,0,0,0,181995,0,0,0,0,50,12,0,0,0,0,0,0,0,0,0,0,0,0,0,0,0,0,0,0,65512,65524,0,246,100,285,133,0,0,12,0,12
403,0,3,0,0,0,0,0,181995,0,0,0,0,52,12,0,0,0,0,0,0,0,0,0,0,0,0,0,0,0,0,0,0,0,65524,0,98,48,0,62,0,0,0,0,12
403,0,4,0,0,0,0,0,181995,0,0,0,0,47,0,0,0,0,0,0,0,0,0,0,0,0,0,0,0,0,0,0,0,0,0,0,87,0,45,66,0,0,0,0,0
403,0,5,0,0,0,0,0,181995,0,0,0,0,47,0,0,0,0,0,0,0,0,0,0,0,0,0,0,0,0,0,0,0,0,0,522,150,0,0,112,0,0,0,0,0
403,0,6,0,0,0,0,0,181995,0,0,0,0,47,0,0,0,0,0,0,0,0,0,0,0,0,0,0,0,0,0,0,0,0,0,0,43,98,0,52,0,0,0,0,0
403,0,7,0,0,0,0,0,181995,0,0,0,0,53,0,0,0,0,0,0,0,0,0,0,0,0,0,0,0,0,0,0,0,0,0,0,99,39,0,140,0,0,0,0,0
403,0,8,0,0,0,0,0,181995,0,0,0,0,53,0,0,0,0,0,0,0,0,0,0,0,0,0,0,0,0,0,0,0,0,0,0,52,0,39,110,0,0,0,0,0
403,0,9,0,0,0,0,0,181995,0,0,0,0,47,0,0,0,0,0,0,0,0,0,0,0,0,0,0,0,0,0,0,0,0,0,380,40,0,0,53,0,0,0,0,0
403,0,10,0,0,0,0,0,181995,0,0,0,0,53,0,0,0,0,0,0,0,0,0,0,0,0,0,0,0,0,0,0,0,0,0,0,82,86,0,124,0,0,0,0,0
403,0,11,0,0,0,0,0,181995,0,0,0,0,47,0,0,0,0,0,0,0,0,0,0,0,0,0,0,0,0,0,0,0,0,0,0,41,45,0,147,0,0,0,0,0
403,0,12,0,0,0,0,0,181995,0,0,0,0,47,0,0,0,0,0,0,0,0,0,0,0,0,0,0,0,0,0,0,0,0,0,0,0,0,45,93,0,0,0,0,0
403,0,13,0,0,0,0,0,181995,0,0,0,0,53,0,0,0,0,0,0,0,0,0,0,0,0,0,0,0,0,0,0,0,0,0,172,0,0,0,111,0,0,0,0,0
403,0,14,0,0,0,0,0,181995,0,0,0,0,47,0,0,0,0,0,0,0,0,0,0,0,0,0,0,0,0,0,0,0,0,0,0,0,86,0,63,0,0,0,0,0
403,0,15,0,0,0,0,0,181995,0,0,0,0,41,0,0,0,0,0,0,0,0,0,0,0,0,0,0,0,0,0,0,0,0,0,0,0,39,0,88,0,0,0,0,0
404,0,0,0,0,0,0,0,363970,0,0,18,131080,136,0,0,0,0,0,3711,0,0,0,0,0,0,0,0,18,18,0,0,0,261946,131080,0,294,0,136,284,0,0,0,0,24
404,0,1,0,0,0,0,0,181985,3711,0,0,0,1101,0,0,0,0,0,0,0,0,0,0,0,0,0,0,0,8,0,0,0,131006,0,0,78,171,178,1834,0,0,12,0,0
404,0,2,0,0,0,0,0,181985,0,0,0,0,50,12,0,0,0,0,0,0,0,0,0,0,0,0,0,0,0,0,0,0,65512,65524,0,250,100,282,133,0,0,12,0,12
404,0,3,0,0,0,0,0,181985,0,0,0,0,52,12,0,0,0,0,0,0,0,0,0,0,0,0,0,0,0,0,0,0,0,65524,0,100,48,0,63,0,0,0,0,12
404,0,4,0,0,0,0,0,181985,0,0,0,0,50,0,0,0,0,0,0,0,0,0,0,0,0,0,0,0,0,0,0,0,0,0,0,87,0,42,67,0,0,0,0,0
404,0,5,0,0,0,0,0,181985,0,0,0,0,50,0,0,0,0,0,0,0,0,0,0,0,0,0,0,0,0,0,0,0,0,0,525,150,0,0,116,0,0,0,0,0
404,0,6,0,0,0,0,0,181985,0,0,0,0,50,0,0,0,0,0,0,0,0,0,0,0,0,0,0,0,0,0,0,0,0,0,0,39,95,0,55,0,0,0,0,0
404,0,7,0,0,0,0,0,181985,0,0,0,0,53,0,0,0,0,0,0,0,0,0,0,0,0,0,0,0,0,0,0,0,0,0,0,99,39,0,138,0,0,0,0,0
404,0,8,0,0,0,0,0,181985,0,0,0,0,56,0,0,0,0,0,0,0,0,0,0,0,0,0,0,0,0,0,0,0,0,0,0,52,0,36,113,0,0,0,0,0
404,0,9,0,0,0,0,0,181985,0,0,0,0,50,0,0,0,0,0,0,0,0,0,0,0,0,0,0,0,0,0,0,0,0,0,380,40,0,0,56,0,0,0,0,0
404,0,10,0,0,0,0,0,181985,0,0,0,0,56,0,0,0,0,0,0,0,0,0,0,0,0,0,0,0,0,0,0,0,0,0,0,86,86,0,127,0,0,0,0,0
404,0,11,0,0,0,0,0,181985,0,0,0,0,50,0,0,0,0,0,0,0,0,0,0,0,0,0,0,0,0,0,0,0,0,0,0,41,42,0,150,0,0,0,0,0
404,0,12,0,0,0,0,0,181985,0,0,0,0,50,0,0,0,0,0,0,0,0,0,0,0,0,0,0,0,0,0,0,0,0,0,0,0,0,42,96,0,0,0,0,0
404,0,13,0,0,0,0,0,181985,0,0,0,0,56,0,0,0,0,0,0,0,0,0,0,0,0,0,0,0,0,0,0,0,0,0,172,0,0,0,114,0,0,0,0,0
404,0,14,0,0,0,0,0,181985,0,0,0,0,50,0,0,0,0,0,0,0,0,0,0,0,0,0,0,0,0,0,0,0,0,0,0,0,86,0,62,0,0,0,0,0
404,0,15,0,0,0,0,0,181985,0,0,0,0,44,0,0,0,0,0,0,0,0,0,0,0,0,0,0,0,0,0,0,0,0,0,0,0,36,0,91,0,0,0,0,0
405,0,0,0,0,0,0,0,363984,0,0,18,131080,136,0,0,0,0,0,3708,0,0,0,0,0,0,0,0,18,18,0,0,0,261948,131080,0,294,0,136,284,0,0,0,0,24
405,0,1,0,0,0,0,0,181992,3708,0,0,0,1097,0,0,0,0,0,0,0,0,0,0,0,0,0,0,0,8,0,0,0,131007,0,0,79,174,178,1832,0,0,12,0,0
405,0,2,0,0,0,0,0,181992,0,0,0,0,52,12,0,0,0,0,0,0,0,0,0,0,0,0,0,0,0,0,0,0,65512,65524,0,246,101,284,136,0,0,12,0,12
405,0,3,0,0,0,0,0,181992,0,0,0,0,54,12,0,0,0,0,0,0,0,0,0,0,0,0,0,0,0,0,0,0,0,65524,0,99,46,0,64,0,0,0,0,12
405,0,4,0,0,0,0,0,181992,0,0,0,0,47,0,0,0,0,0,0,0,0,0,0,0,0,0,0,0,0,0,0,0,0,0,0,87,0,45,66,0,0,0,0,0
405,0,5,0,0,0,0,0,181992,0,0,0,0,47,0,0,0,0,0,0,0,0,0,0,0,0,0,0,0,0,0,0,0,0,0,522,150,0,0,112,0,0,0,0,0
405,0,6,0,0,0,0,0,181992,0,0,0,0,47,0,0,0,0,0,0,0,0,0,0,0,0,0,0,0,0,0,0,0,0,0,0,43,98,0,52,0,0,0,0,0
405,0,7,0,0,0,0,0,181992,0,0,0,0,53,0,0,0,0,0,0,0,0,0,0,0,0,0,0,0,0,0,0,0,0,0,0,98,39,0,140,0,0,0,0,0
405,0,8,0,0,0,0,0,181992,0,0,0,0,53,0,0,0,0,0,0,0,0,0,0,0,0,0,0,0,0,0,0,0,0,0,0,52,0,39,110,0,0,0,0,0
405,0,9,0,0,0,0,0,181992,0,0,0,0,47,0,0,0,0,0,0,0,0,0,0,0,0,0,0,0,0,0,0,0,0,0,380,40,0,0,53,0,0,0,0,0
405,0,10,0,0,0,0,0,181992,0,0,0,0,53,0,0,0,0,0,0,0,0,0,0,0,0,0,0,0,0,0,0,0,0,0,0,82,86,0,124,0,0,0,0,0
405,0,11,0,0,0,0,0,181992,0,0,0,0,47,0,0,0,0,0,0,0,0,0,0,0,0,0,0,0,0,0,0,0,0,0,0,42,45,0,131,0,0,0,0,0
405,0,12,0,0,0,0,0,181992,0,0,0,0,47,0,0,0,0,0,0,0,0,0,0,0,0,0,0,0,0,0,0,0,0,0,0,0,0,45,93,0,0,0,0,0
405,0,13,0,0,0,0,0,181992,0,0,0,0,53,0,0,0,0,0,0,0,0,0,0,0,0,0,0,0,0,0,0,0,0,0,172,0,0,0,111,0,0,0,0,0
405,0,14,0,0,0,0,0,181992,0,0,0,0,47,0,0,0,0,0,0,0,0,0,0,0,0,0,0,0,0,0,0,0,0,0,0,0,86,0,63,0,0,0,0,0
405,0,15,0,0,0,0,0,181992,0,0,0,0,41,0,0,0,0,0,0,0,0,0,0,0,0,0,0,0,0,0,0,0,0,0,0,0,39,0,87,0,0,0,0,0
406,0,0,0,0,0,0,0,626394,0,0,36,262160,136,0,0,0,0,0,3747,0,0,0,0,0,0,0,0,36,36,0,131020,0,392932,262160,0,305,0,136,284,0,0,0,0,48
406,0,1,0,0,0,0,0,313197,3747,0,0,0,1110,0,0,0,0,0,0,0,0,0,0,0,0,0,0,0,17,0,65511,0,131006,0,0,83,176,179,1853,0,0,12,0,0
406,0,2,0,0,0,0,0,313197,0,0,0,0,50,12,0,0,0,0,0,0,0,0,0,0,0,0,0,0,0,0,0,0,65507,65525,0,246,99,282,133,0,0,12,0,12
406,0,3,0,0,0,0,0,313197,0,0,0,0,53,12,0,0,0,0,0,0,0,0,0,0,0,0,0,0,0,0,0,0,0,65527,0,98,48,0,65,0,0,0,0,12
406,0,4,0,0,0,0,0,313197,0,0,0,0,53,12,0,0,0,0,0,0,0,0,0,0,0,0,0,0,0,0,0,0,0,65524,0,87,0,48,75,12,0,0,0,12
406,0,5,0,0,0,0,0,313197,0,0,0,0,53,12,0,0,0,0,0,0,0,0,0,0,0,0,0,0,0,0,0,0,0,65524,530,150,0,1,125,0,0,0,0,12
406,0,6,0,0,0,0,0,313197,0,0,0,0,47,0,0,0,0,0,0,0,0,0,0,0,0,0,0,0,0,0,0,0,0,0,0,43,98,1,52,0,0,0,0,0
406,0,7,0,0,0,0,0,313197,0,0,0,0,53,0,0,0,0,0,0,0,0,0,0,0,0,0,0,0,0,0,0,0,0,0,0,100,39,0,140,0,0,0,0,0
406,0,8,0,0,0,0,0,313197,0,0,0,0,53,0,0,0,0,0,0,0,0,0,0,0,0,0,0,0,0,0,0,0,0,0,0,52,0,39,110,0,0,0,0,0
406,0,9,0,0,0,0,0,313197,0,0,0,0,47,0,0,0,0,0,0,0,0,0,0,0,0,0,0,0,0,0,0,0,0,0,380,40,0,0,53,0,0,0,0,0
406,0,10,0,0,0,0,0,313197,0,0,0,0,53,0,0,0,0,0,0,0,0,0,0,0,0,0,0,0,0,0,0,0,0,0,0,82,86,0,124,0,0,0,0,0
406,0,11,0,0,0,0,0,313197,0,0,0,0,47,0,0,0,0,0,0,0,0,0,0,0,0,0,0,0,0,0,0,0,0,0,0,42,45,0,4294967171,0,0,0,0,0
406,0,12,0,0,0,0,0,313197,0,0,0,0,47,0,0,0,0,0,0,0,0,0,0,0,0,0,0,0,0,0,0,0,0,0,0,0,0,45,93,0,0,0,0,0
406,0,13,0,0,0,0,0,313197,0,0,0,0,53,0,0,0,0,0,0,0,0,0,0,0,0,0,0,0,0,0,0,0,0,0,172,0,0,0,111,0,0,0,0,0
406,0,14,0,0,0,0,0,313197,0,0,0,0,47,0,0,0,0,0,0,0,0,0,0,0,0,0,0,0,0,0,0,0,0,0,0,0,86,0,63,0,0,0,0,0
406,0,15,0,0,0,0,0,313197,0,0,0,0,41,0,0,0,0,0,0,0,0,0,0,0,0,0,0,0,0,0,0,0,0,0,0,0,39,0,89,0,0,0,0,0
407,0,0,0,0,0,0,0,626345,0,0,36,262160,136,0,0,0,0,0,3750,0,0,0,0,0,0,0,0,36,36,0,131020,0,392907,262160,0,305,0,136,284,0,0,0,0,48
407,0,1,0,0,0,0,0,313173,3750,0,0,0,1111,0,0,0,0,0,0,0,0,0,0,0,0,0,0,0,17,0,65512,0,130997,0,0,83,175,179,1854,0,0,12,0,0
407,0,2,0,0,0,0,0,313173,0,0,0,0,51,12,0,0,0,0,0,0,0,0,0,0,0,0,0,0,0,0,0,0,65502,65525,0,250,97,280,132,0,0,12,0,12
407,0,3,0,0,0,0,0,313173,0,0,0,0,52,12,0,0,0,0,0,0,0,0,0,0,0,0,0,0,0,0,0,0,0,65527,0,100,49,0,64,0,0,0,0,12
407,0,4,0,0,0,0,0,313173,0,0,0,0,55,12,0,0,0,0,0,0,0,0,0,0,0,0,0,0,0,0,0,0,0,65524,0,87,0,46,75,12,0,0,0,12
407,0,5,0,0,0,0,0,313173,0,0,0,0,57,12,0,0,0,0,0,0,0,0,0,0,0,0,0,0,0,0,0,0,0,65524,532,150,0,0,129,0,0,0,0,12
407,0,6,0,0,0,0,0,313173,0,0,0,0,50,0,0,0,0,0,0,0,0,0,0,0,0,0,0,0,0,0,0,0,0,0,0,39,95,2,55,0,0,0,0,0
407,0,7,0,0,0,0,0,313173,0,0,0,0,53,0,0,0,0,0,0,0,0,0,0,0,0,0,0,0,0,0,0,0,0,0,0,99,39,0,138,0,0,0,0,0
407,0,8,0,0,0,0,0,313173,0,0,0,0,56,0,0,0,0,0,0,0,0,0,0,0,0,0,0,0,0,0,0,0,0,0,0,52,0,36,113,0,0,0,0,0
407,0,9,0,0,0,0,0,313173,0,0,0,0,50,0,0,0,0,0,0,0,0,0,0,0,0,0,0,0,0,0,0,0,0,0,380,40,0,0,56,0,0,0,0,0
407,0,10,0,0,0,0,0,313173,0,0,0,0,56,0,0,0,0,0,0,0,0,0,0,0,0,0,0,0,0,0,0,0,0,0,0,86,86,0,127,0,0,0,0,0
407,0,11,0,0,0,0,0,313173,0,0,0,0,50,0,0,0,0,0,0,0,0,0,0,0,0,0,0,0,0,0,0,0,0,0,0,43,42,0,182,0,0,0,0,0
407,0,12,0,0,0,0,0,313173,0,0,0,0,50,0,0,0,0,0,0,0,0,0,0,0,0,0,0,0,0,0,0,0,0,0,0,0,0,42,96,0,0,0,0,0
407,0,13,0,0,0,0,0,313173,0,0,0,0,56,0,0,0,0,0,0,0,0,0,0,0,0,0,0,0,0,0,0,0,0,0,172,0,0,0,114,0,0,0,0,0
407,0,14,0,0,0,0,0,313173,0,0,0,0,50,0,0,0,0,0,0,0,0,0,0,0,0,0,0,0,0,0,0,0,0,0,0,0,86,0,62,0,0,0,0,0
407,0,15,0,0,0,0,0,313173,0,0,0,0,44,0,0,0,0,0,0,0,0,0,0,0,0,0,0,0,0,0,0,0,0,0,0,0,36,0,91,0,0,0,0,0
408,0,0,0,0,0,0,0,626423,0,0,36,262160,136,0,0,0,0,0,3750,0,0,0,0,0,0,0,0,36,36,0,131020,0,392931,262160,0,305,0,136,284,0,0,0,0,48
408,0,1,0,0,0,0,0,313211,3750,0,0,0,1106,0,0,0,0,0,0,0,0,0,0,0,0,0,0,0,18,0,65511,0,131006,0,0,84,178,180,1853,0,0,12,0,0
408,0,2,0,0,0,0,0,313211,0,0,0,0,51,12,0,0,0,0,0,0,0,0,0,0,0,0,0,0,0,0,0,0,65506,65525,0,246,97,281,134,0,0,12,0,12
408,0,3,0,0,0,0,0,313211,0,0,0,0,52,12,0,0,0,0,0,0,0,0,0,0,0,0,0,0,0,0,0,0,0,65527,0,98,49,0,65,0,0,0,0,12
408,0,4,0,0,0,0,0,313211,0,0,0,0,52,12,0,0,0,0,0,0,0,0,0,0,0,0,0,0,0,0,0,0,0,65524,0,87,0,49,75,12,0,0,0,12
408,0,5,0,0,0,0,0,313211,0,0,0,0,55,12,0,0,0,0,0,0,0,0,0,0,0,0,0,0,0,0,0,0,0,65524,528,150,0,0,126,0,0,0,0,12
408,0,6,0,0,0,0,0,313211,0,0,0,0,47,0,0,0,0,0,0,0,0,0,0,0,0,0,0,0,0,0,0,0,0,0,0,43,98,2,52,0,0,0,0,0
408,0,7,0,0,0,0,0,313211,0,0,0,0,53,0,0,0,0,0,0,0,0,0,0,0,0,0,0,0,0,0,0,0,0,0,0,99,39,0,140,0,0,0,0,0
408,0,8,0,0,0,0,0,313211,0,0,0,0,53,0,0,0,0,0,0,0,0,0,0,0,0,0,0,0,0,0,0,0,0,0,0,52,0,39,110,0,0,0,0,0
408,0,9,0,0,0,0,0,313211,0,0,0,0,47,0,0,0,0,0,0,0,0,0,0,0,0,0,0,0,0,0,0,0,0,0,380,40,0,0,53,0,0,0,0,0
408,0,10,0,0,0,0,0,313211,0,0,0,0,53,0,0,0,0,0,0,0,0,0,0,0,0,0,0,0,0,0,0,0,0,0,0,82,86,0,124,0,0,0,0,0
408,0,11,0,0,0,0,0,313211,0,0,0,0,47,0,0,0,0,0,0,0,0,0,0,0,0,0,0,0,0,0,0,0,0,0,0,43,45,0,147,0,0,0,0,0
408,0,12,0,0,0,0,0,313211,0,0,0,0,47,0,0,0,0,0,0,0,0,0,0,0,0,0,0,0,0,0,0,0,0,0,0,0,0,45,93,0,0,0,0,0
408,0,13,0,0,0,0,0,313211,0,0,0,0,53,0,0,0,0,0,0,0,0,0,0,0,0,0,0,0,0,0,0,0,0,0,172,0,0,0,111,0,0,0,0,0
408,0,14,0,0,0,0,0,313211,0,0,0,0,47,0,0,0,0,0,0,0,0,0,0,0,0,0,0,0,0,0,0,0,0,0,0,0,86,0,63,0,0,0,0,0
408,0,15,0,0,0,0,0,313211,0,0,0,0,41,0,0,0,0,0,0,0,0,0,0,0,0,0,0,0,0,0,0,0,0,0,0,0,39,0,88,0,0,0,0,0
409,0,0,0,0,0,0,0,888721,0,0,54,393240,136,0,0,0,0,0,3789,0,0,0,0,0,0,0,0,54,54,0,131017,0,654831,393240,0,305,0,136,284,0,0,0,0,72
409,0,1,0,0,0,0,0,444361,3789,0,0,0,1122,0,0,0,0,0,0,0,0,0,0,0,0,0,0,0,25,0,65510,0,261983,0,0,84,177,185,1876,0,0,12,0,0
409,0,2,0,0,0,0,0,444361,0,0,0,0,50,12,0,0,0,0,0,0,0,0,0,0,0,0,0,0,0,0,65512,0,131008,65525,0,254,96,289,133,0,0,12,0,12
409,0,3,0,0,0,0,0,444361,0,0,0,0,51,12,0,0,0,0,0,0,0,0,0,0,0,0,0,0,0,0,65508,0,0,65527,0,100,48,0,63,0,0,0,0,12
409,0,4,0,0,0,0,0,444361,0,0,0,0,52,12,0,0,0,0,0,0,0,0,0,0,0,0,0,0,0,0,0,0,0,65527,0,87,0,49,76,24,0,0,0,12
409,0,5,0,0,0,0,0,444361,0,0,0,0,54,12,0,0,0,0,0,0,0,0,0,0,0,0,0,0,0,0,0,0,0,65525,536,150,0,0,125,0,0,12,0,12
409,0,6,0,0,0,0,0,444361,0,0,0,0,52,12,0,0,0,0,0,0,0,0,0,0,0,0,0,0,0,0,0,0,0,65524,0,43,107,3,60,0,0,12,0,12
409,0,7,0,0,0,0,0,444361,0,0,0,0,60,12,0,0,0,0,0,0,0,0,0,0,0,0,0,0,0,0,0,0,0,65524,0,100,41,0,155,0,0,0,0,12
409,0,8,0,0,0,0,0,444361,0,0,0,0,53,0,0,0,0,0,0,0,0,0,0,0,0,0,0,0,0,0,0,0,0,0,0,52,0,39,110,0,0,0,0,0
409,0,9,0,0,0,0,0,444361,0,0,0,0,47,0,0,0,0,0,0,0,0,0,0,0,0,0,0,0,0,0,0,0,0,0,380,40,0,0,53,0,0,0,0,0
409,0,10,0,0,0,0,0,444361,0,0,0,0,53,0,0,0,0,0,0,0,0,0,0,0,0,0,0,0,0,0,0,0,0,0,0,82,86,0,124,0,0,0,0,0
409,0,11,0,0,0,0,0,444361,0,0,0,0,47,0,0,0,0,0,0,0,0,0,0,0,0,0,0,0,0,0,0,0,0,0,0,44,45,0,147,0,0,0,0,0
409,0,12,0,0,0,0,0,444361,0,0,0,0,47,0,0,0,0,0,0,0,0,0,0,0,0,0,0,0,0,0,0,0,0,0,0,0,0,45,93,0,0,0,0,0
409,0,13,0,0,0,0,0,444361,0,0,0,0,53,0,0,0,0,0,0,0,0,0,0,0,0,0,0,0,0,0,0,0,0,0,172,0,0,0,111,0,0,0,0,0
409,0,14,0,0,0,0,0,444361,0,0,0,0,47,0,0,0,0,0,0,0,0,0,0,0,0,0,0,0,0,0,0,0,0,0,0,0,86,0,63,0,0,0,0,0
409,0,15,0,0,0,0,0,444361,0,0,0,0,41,0,0,0,0,0,0,0,0,0,0,0,0,0,0,0,0,0,0,0,0,0,0,0,39,0,89,0,0,0,0,0
410,0,0,0,0,0,0,0,888692,0,0,54,393240,136,0,0,0,0,0,3789,0,0,0,0,0,0,0,0,54,54,0,131017,0,654831,393240,0,305,0,136,284,0,0,0,0,72
410,0,1,0,0,0,0,0,444346,3789,0,0,0,1125,0,0,0,0,0,0,0,0,0,0,0,0,0,0,0,23,0,65510,0,261982,0,0,82,176,185,1871,0,0,12,0,0
410,0,2,0,0,0,0,0,444346,0,0,0,0,49,12,0,0,0,0,0,0,0,0,0,0,0,0,0,0,0,0,65512,0,131009,65525,0,258,99,286,131,0,0,12,0,12
410,0,3,0,0,0,0,0,444346,0,0,0,0,53,12,0,0,0,0,0,0,0,0,0,0,0,0,0,0,0,0,65508,0,0,65526,0,103,46,0,65,0,0,0,0,12
410,0,4,0,0,0,0,0,444346,0,0,0,0,56,12,0,0,0,0,0,0,0,0,0,0,0,0,0,0,0,0,0,0,0,65527,0,87,0,45,78,24,0,0,0,12
410,0,5,0,0,0,0,0,444346,0,0,0,0,57,12,0,0,0,0,0,0,0,0,0,0,0,0,0,0,0,0,0,0,0,65525,541,150,0,1,130,0,0,12,0,12
410,0,6,0,0,0,0,0,444346,0,0,0,0,57,12,0,0,0,0,0,0,0,0,0,0,0,0,0,0,0,0,0,0,0,65524,0,39,102,1,65,0,0,12,0,12
410,0,7,0,0,0,0,0,444346,0,0,0,0,59,12,0,0,0,0,0,0,0,0,0,0,0,0,0,0,0,0,0,0,0,65523,0,102,42,0,151,0,0,0,0,12
410,0,8,0,0,0,0,0,444346,0,0,0,0,56,0,0,0,0,0,0,0,0,0,0,0,0,0,0,0,0,0,0,0,0,0,0,52,0,36,113,0,0,0,0,0
410,0,9,0,0,0,0,0,444346,0,0,0,0,50,0,0,0,0,0,0,0,0,0,0,0,0,0,0,0,0,0,0,0,0,0,380,40,0,0,56,0,0,0,0,0
410,0,10,0,0,0,0,0,444346,0,0,0,0,56,0,0,0,0,0,0,0,0,0,0,0,0,0,0,0,0,0,0,0,0,0,0,86,86,0,127,0,0,0,0,0
410,0,11,0,0,0,0,0,444346,0,0,0,0,50,0,0,0,0,0,0,0,0,0,0,0,0,0,0,0,0,0,0,0,0,0,0,42,42,0,4294967190,0,0,0,0,0
410,0,12,0,0,0,0,0,444346,0,0,0,0,50,0,0,0,0,0,0,0,0,0,0,0,0,0,0,0,0,0,0,0,0,0,0,0,0,42,96,0,0,0,0,0
410,0,13,0,0,0,0,0,444346,0,0,0,0,56,0,0,0,0,0,0,0,0,0,0,0,0,0,0,0,0,0,0,0,0,0,172,0,0,0,114,0,0,0,0,0
410,0,14,0,0,0,0,0,444346,0,0,0,0,50,0,0,0,0,0,0,0,0,0,0,0,0,0,0,0,0,0,0,0,0,0,0,0,86,0,62,0,0,0,0,0
410,0,15,0,0,0,0,0,444346,0,0,0,0,44,0,0,0,0,0,0,0,0,0,0,0,0,0,0,0,0,0,0,0,0,0,0,0,36,0,94,0,0,0,0,0
411,0,0,0,0,0,0,0,888742,0,0,54,393240,136,0,0,0,0,0,3789,0,0,0,0,0,0,0,0,54,54,0,131017,0,654818,393240,0,305,0,136,284,0,0,0,0,72
411,0,1,0,0,0,0,0,444371,3789,0,0,0,1124,0,0,0,0,0,0,0,0,0,0,0,0,0,0,0,27,0,65510,0,261977,0,0,83,177,184,1874,0,0,12,0,0
411,0,2,0,0,0,0,0,444371,0,0,0,0,50,12,0,0,0,0,0,0,0,0,0,0,0,0,0,0,0,0,65512,0,131004,65525,0,255,98,289,133,0,0,12,0,12
411,0,3,0,0,0,0,0,444371,0,0,0,0,53,12,0,0,0,0,0,0,0,0,0,0,0,0,0,0,0,0,65508,0,0,65526,0,100,46,0,65,0,0,0,0,12
411,0,4,0,0,0,0,0,444371,0,0,0,0,52,12,0,0,0,0,0,0,0,0,0,0,0,0,0,0,0,0,0,0,0,65527,0,87,0,49,75,24,0,0,0,12
411,0,5,0,0,0,0,0,444371,0,0,0,0,53,12,0,0,0,0,0,0,0,0,0,0,0,0,0,0,0,0,0,0,0,65525,538,150,0,0,125,0,0,12,0,12
411,0,6,0,0,0,0,0,444371,0,0,0,0,52,12,0,0,0,0,0,0,0,0,0,0,0,0,0,0,0,0,0,0,0,65524,0,43,106,3,59,0,0,12,0,12
411,0,7,0,0,0,0,0,444371,0,0,0,0,59,12,0,0,0,0,0,0,0,0,0,0,0,0,0,0,0,0,0,0,0,65524,0,100,42,0,154,0,0,0,0,12
411,0,8,0,0,0,0,0,444371,0,0,0,0,53,0,0,0,0,0,0,0,0,0,0,0,0,0,0,0,0,0,0,0,0,0,0,52,0,39,110,0,0,0,0,0
411,0,9,0,0,0,0,0,444371,0,0,0,0,47,0,0,0,0,0,0,0,0,0,0,0,0,0,0,0,0,0,0,0,0,0,380,40,0,0,53,0,0,0,0,0
411,0,10,0,0,0,0,0,444371,0,0,0,0,53,0,0,0,0,0,0,0,0,0,0,0,0,0,0,0,0,0,0,0,0,0,0,82,86,0,124,0,0,0,0,0
411,0,11,0,0,0,0,0,444371,0,0,0,0,47,0,0,0,0,0,0,0,0,0,0,0,0,0,0,0,0,0,0,0,0,0,0,44,45,0,147,0,0,0,0,0
411,0,12,0,0,0,0,0,444371,0,0,0,0,47,0,0,0,0,0,0,0,0,0,0,0,0,0,0,0,0,0,0,0,0,0,0,0,0,45,93,0,0,0,0,0
411,0,13,0,0,0,0,0,444371,0,0,0,0,53,0,0,0,0,0,0,0,0,0,0,0,0,0,0,0,0,0,0,0,0,0,172,0,0,0,111,0,0,0,0,0
411,0,14,0,0,0,0,0,444371,0,0,0,0,47,0,0,0,0,0,0,0,0,0,0,0,0,0,0,0,0,0,0,0,0,0,0,0,86,0,63,0,0,0,0,0
411,0,15,0,0,0,0,0,444371,0,0,0,0,41,0,0,0,0,0,0,0,0,0,0,0,0,0,0,0,0,0,0,0,0,0,0,0,39,0,89,0,0,0,0,0
412,0,0,0,0,0,0,0,1150884,0,0,70,524320,136,0,0,0,0,0,3822,0,0,0,0,0,0,0,0,70,70,0,261998,0,785785,524320,0,314,0,136,284,0,0,0,0,96
412,0,1,0,0,0,0,0,575442,3822,0,0,0,1142,0,0,0,0,0,0,0,0,0,0,0,0,0,0,0,35,0,131003,0,261985,0,0,83,179,182,1899,0,0,12,0,0
412,0,2,0,0,0,0,0,575442,0,0,0,0,50,12,0,0,0,0,0,0,0,0,0,0,0,0,0,0,0,0,65508,0,131009,65525,0,254,96,289,132,0,0,12,0,12
412,0,3,0,0,0,0,0,575442,0,0,0,0,52,12,0,0,0,0,0,0,0,0,0,0,0,0,0,0,0,0,65508,0,0,65527,0,101,47,0,63,0,0,0,0,12
412,0,4,0,0,0,0,0,575442,0,0,0,0,51,12,0,0,0,0,0,0,0,0,0,0,0,0,0,0,0,0,65506,0,0,65527,0,90,0,48,74,36,0,0,0,12
412,0,5,0,0,0,0,0,575442,0,0,0,0,51,12,0,0,0,0,0,0,0,0,0,0,0,0,0,0,0,0,65512,0,0,65527,545,160,0,2,124,0,0,12,0,12
412,0,6,0,0,0,0,0,575442,0,0,0,0,52,12,0,0,0,0,0,0,0,0,0,0,0,0,0,0,0,0,0,0,0,65526,0,43,108,0,60,0,0,12,0,12
412,0,7,0,0,0,0,0,575442,0,0,0,0,60,12,0,0,0,0,0,0,0,0,0,0,0,0,0,0,0,0,0,0,0,65524,0,102,41,0,155,0,0,0,0,12
412,0,8,0,0,0,0,0,575442,0,0,0,0,58,12,0,0,0,0,0,0,0,0,0,0,0,0,0,0,0,0,0,0,0,65524,0,52,0,43,123,12,0,0,0,12
412,0,9,0,0,0,0,0,575442,0,0,0,0,55,12,0,0,0,0,0,0,0,0,0,0,0,0,0,0,0,0,0,0,0,65525,386,40,0,0,62,0,0,0,0,12
412,0,10,0,0,0,0,0,575442,0,0,0,0,53,0,0,0,0,0,0,0,0,0,0,0,0,0,0,0,0,0,0,0,0,0,0,82,86,2,124,0,0,0,0,0
412,0,11,0,0,0,0,0,575442,0,0,0,0,47,0,0,0,0,0,0,0,0,0,0,0,0,0,0,0,0,0,0,0,0,0,0,42,45,0,131,0,0,0,0,0
412,0,12,0,0,0,0,0,575442,0,0,0,0,47,0,0,0,0,0,0,0,0,0,0,0,0,0,0,0,0,0,0,0,0,0,0,0,0,45,93,0,0,0,0,0
412,0,13,0,0,0,0,0,575442,0,0,0,0,53,0,0,0,0,0,0,0,0,0,0,0,0,0,0,0,0,0,0,0,0,0,172,0,0,0,111,0,0,0,0,0
412,0,14,0,0,0,0,0,575442,0,0,0,0,47,0,0,0,0,0,0,0,0,0,0,0,0,0,0,0,0,0,0,0,0,0,0,0,86,0,63,0,0,0,0,0
412,0,15,0,0,0,0,0,575442,0,0,0,0,41,0,0,0,0,0,0,0,0,0,0,0,0,0,0,0,0,0,0,0,0,0,0,0,39,0,93,0,0,0,0,0
413,0,0,0,0,0,0,0,1150894,0,0,70,524320,136,0,0,0,0,0,3825,0,0,0,0,0,0,0,0,70,70,0,261978,0,785779,524320,0,314,0,136,284,0,0,0,0,96
413,0,1,0,0,0,0,0,575447,3825,0,0,0,1140,0,0,0,0,0,0,0,0,0,0,0,0,0,0,0,39,0,131001,0,261986,0,0,82,182,182,1892,0,0,12,0,0
413,0,2,0,0,0,0,0,575447,0,0,0,0,50,12,0,0,0,0,0,0,0,0,0,0,0,0,0,0,0,0,65506,0,131008,65525,0,254,97,290,131,0,0,12,0,12
413,0,3,0,0,0,0,0,575447,0,0,0,0,52,12,0,0,0,0,0,0,0,0,0,0,0,0,0,0,0,0,65508,0,0,65527,0,101,46,0,63,0,0,0,0,12
413,0,4,0,0,0,0,0,575447,0,0,0,0,52,12,0,0,0,0,0,0,0,0,0,0,0,0,0,0,0,0,65499,0,0,65527,0,91,0,47,75,36,0,0,0,12
413,0,5,0,0,0,0,0,575447,0,0,0,0,53,12,0,0,0,0,0,0,0,0,0,0,0,0,0,0,0,0,65510,0,0,65527,549,160,0,1,127,0,0,12,0,12
413,0,6,0,0,0,0,0,575447,0,0,0,0,52,12,0,0,0,0,0,0,0,0,0,0,0,0,0,0,0,0,0,0,0,65527,0,43,106,2,60,0,0,12,0,12
413,0,7,0,0,0,0,0,575447,0,0,0,0,59,12,0,0,0,0,0,0,0,0,0,0,0,0,0,0,0,0,0,0,0,65524,0,99,42,0,155,0,0,0,0,12
413,0,8,0,0,0,0,0,575447,0,0,0,0,58,12,0,0,0,0,0,0,0,0,0,0,0,0,0,0,0,0,0,0,0,65522,0,52,0,43,122,12,0,0,0,12
413,0,9,0,0,0,0,0,575447,0,0,0,0,55,12,0,0,0,0,0,0,0,0,0,0,0,0,0,0,0,0,0,0,0,65524,384,40,0,2,62,0,0,0,0,12
413,0,10,0,0,0,0,0,575447,0,0,0,0,53,0,0,0,0,0,0,0,0,0,0,0,0,0,0,0,0,0,0,0,0,0,0,82,86,0,124,0,0,0,0,0
413,0,11,0,0,0,0,0,575447,0,0,0,0,47,0,0,0,0,0,0,0,0,0,0,0,0,0,0,0,0,0,0,0,0,0,0,47,45,0,131,0,0,0,0,0
413,0,12,0,0,0,0,0,575447,0,0,0,0,47,0,0,0,0,0,0,0,0,0,0,0,0,0,0,0,0,0,0,0,0,0,0,0,0,45,93,0,0,0,0,0
413,0,13,0,0,0,0,0,575447,0,0,0,0,53,0,0,0,0,0,0,0,0,0,0,0,0,0,0,0,0,0,0,0,0,0,172,0,0,0,111,0,0,0,0,0
413,0,14,0,0,0,0,0,575447,0,0,0,0,47,0,0,0,0,0,0,0,0,0,0,0,0,0,0,0,0,0,0,0,0,0,0,0,86,0,63,0,0,0,0,0
413,0,15,0,0,0,0,0,575447,0,0,0,0,41,0,0,0,0,0,0,0,0,0,0,0,0,0,0,0,0,0,0,0,0,0,0,0,39,0,88,0,0,0,0,0
414,0,0,0,0,0,0,0,1150779,0,0,70,524320,136,0,0,0,0,0,3825,0,0,0,0,0,0,0,0,70,70,0,261999,0,785755,524320,0,314,0,136,284,0,0,0,0,96
414,0,1,0,0,0,0,0,575390,3825,0,0,0,1140,0,0,0,0,0,0,0,0,0,0,0,0,0,0,0,31,0,131000,0,261978,0,0,85,178,183,1896,0,0,12,0,0
414,0,2,0,0,0,0,0,575390,0,0,0,0,48,12,0,0,0,0,0,0,0,0,0,0,0,0,0,0,0,0,65501,0,131007,65525,0,258,97,288,128,0,0,12,0,12
414,0,3,0,0,0,0,0,575390,0,0,0,0,52,12,0,0,0,0,0,0,0,0,0,0,0,0,0,0,0,0,65508,0,0,65527,0,103,47,0,62,0,0,0,0,12
414,0,4,0,0,0,0,0,575390,0,0,0,0,54,12,0,0,0,0,0,0,0,0,0,0,0,0,0,0,0,0,65506,0,0,65527,0,89,0,45,75,36,0,0,0,12
414,0,5,0,0,0,0,0,575390,0,0,0,0,57,12,0,0,0,0,0,0,0,0,0,0,0,0,0,0,0,0,65512,0,0,65527,545,158,0,1,130,0,0,12,0,12
414,0,6,0,0,0,0,0,575390,0,0,0,0,57,12,0,0,0,0,0,0,0,0,0,0,0,0,0,0,0,0,0,0,0,65526,0,39,103,1,65,0,0,12,0,12
414,0,7,0,0,0,0,0,575390,0,0,0,0,59,12,0,0,0,0,0,0,0,0,0,0,0,0,0,0,0,0,0,0,0,65523,0,103,41,0,151,0,0,0,0,12
414,0,8,0,0,0,0,0,575390,0,0,0,0,62,12,0,0,0,0,0,0,0,0,0,0,0,0,0,0,0,0,0,0,0,65524,0,52,0,39,128,12,0,0,0,12
414,0,9,0,0,0,0,0,575390,0,0,0,0,54,12,0,0,0,0,0,0,0,0,0,0,0,0,0,0,0,0,0,0,0,65524,389,40,0,2,63,0,0,0,0,12
414,0,10,0,0,0,0,0,575390,0,0,0,0,56,0,0,0,0,0,0,0,0,0,0,0,0,0,0,0,0,0,0,0,0,0,0,86,86,0,127,0,0,0,0,0
414,0,11,0,0,0,0,0,575390,0,0,0,0,50,0,0,0,0,0,0,0,0,0,0,0,0,0,0,0,0,0,0,0,0,0,0,43,42,0,182,0,0,0,0,0
414,0,12,0,0,0,0,0,575390,0,0,0,0,50,0,0,0,0,0,0,0,0,0,0,0,0,0,0,0,0,0,0,0,0,0,0,0,0,42,96,0,0,0,0,0
414,0,13,0,0,0,0,0,575390,0,0,0,0,56,0,0,0,0,0,0,0,0,0,0,0,0,0,0,0,0,0,0,0,0,0,172,0,0,0,114,0,0,0,0,0
414,0,14,0,0,0,0,0,575390,0,0,0,0,50,0,0,0,0,0,0,0,0,0,0,0,0,0,0,0,0,0,0,0,0,0,0,0,86,0,62,0,0,0,0,0
414,0,15,0,0,0,0,0,575390,0,0,0,0,44,0,0,0,0,0,0,0,0,0,0,0,0,0,0,0,0,0,0,0,0,0,0,0,36,0,95,0,0,0,0,0
415,0,0,0,0,0,0,0,1413143,0,0,88,655400,136,0,0,0,0,0,3864,0,0,0,0,0,0,0,0,88,88,0,261999,0,1047612,655400,0,314,0,136,284,0,0,0,0,120
415,0,1,0,0,0,0,0,706571,3864,0,0,0,1153,0,0,0,0,0,0,0,0,0,0,0,0,0,0,0,44,0,131003,0,392934,0,0,82,177,194,1913,0,0,12,0,0
415,0,2,0,0,0,0,0,706571,0,0,0,0,49,12,0,0,0,0,0,0,0,0,0,0,0,0,0,0,0,0,131013,0,196477,65525,0,263,97,293,129,0,0,12,0,12
415,0,3,0,0,0,0,0,706571,0,0,0,0,52,12,0,0,0,0,0,0,0,0,0,0,0,0,0,0,0,0,130996,0,0,65526,0,107,47,0,64,0,0,0,0,12
415,0,4,0,0,0,0,0,706571,0,0,0,0,54,12,0,0,0,0,0,0,0,0,0,0,0,0,0,0,0,0,65506,0,0,65528,0,89,0,45,74,48,0,0,0,12
415,0,5,0,0,0,0,0,706571,0,0,0,0,57,12,0,0,0,0,0,0,0,0,0,0,0,0,0,0,0,0,65511,0,0,65527,555,160,0,0,128,0,0,12,0,12
415,0,6,0,0,0,0,0,706571,0,0,0,0,55,12,0,0,0,0,0,0,0,0,0,0,0,0,0,0,0,0,65511,0,0,65527,0,43,103,3,65,0,0,12,0,12
415,0,7,0,0,0,0,0,706571,0,0,0,0,58,12,0,0,0,0,0,0,0,0,0,0,0,0,0,0,0,0,65498,0,0,65525,0,107,42,0,151,0,0,0,0,12
415,0,8,0,0,0,0,0,706571,0,0,0,0,60,12,0,0,0,0,0,0,0,0,0,0,0,0,0,0,0,0,0,0,0,65524,0,52,0,41,126,24,0,0,0,12
415,0,9,0,0,0,0,0,706571,0,0,0,0,57,12,0,0,0,0,0,0,0,0,0,0,0,0,0,0,0,0,0,0,0,65525,394,40,0,0,64,0,0,12,0,12
415,0,10,0,0,0,0,0,706571,0,0,0,0,60,12,0,0,0,0,0,0,0,0,0,0,0,0,0,0,0,0,0,0,0,65524,0,86,94,3,138,0,0,12,0,12
415,0,11,0,0,0,0,0,706571,0,0,0,0,55,12,0,0,0,0,0,0,0,0,0,0,0,0,0,0,0,0,0,0,0,65524,0,44,46,0,130,0,0,0,0,12
415,0,12,0,0,0,0,0,706571,0,0,0,0,50,0,0,0,0,0,0,0,0,0,0,0,0,0,0,0,0,0,0,0,0,0,0,0,0,42,96,0,0,0,0,0
415,0,13,0,0,0,0,0,706571,0,0,0,0,56,0,0,0,0,0,0,0,0,0,0,0,0,0,0,0,0,0,0,0,0,0,172,0,0,0,114,0,0,0,0,0
415,0,14,0,0,0,0,0,706571,0,0,0,0,50,0,0,0,0,0,0,0,0,0,0,0,0,0,0,0,0,0,0,0,0,0,0,0,86,0,62,0,0,0,0,0
415,0,15,0,0,0,0,0,706571,0,0,0,0,44,0,0,0,0,0,0,0,0,0,0,0,0,0,0,0,0,0,0,0,0,0,0,0,36,0,96,0,0,0,0,0
416,0,0,0,0,0,0,0,1413161,0,0,88,655400,136,0,0,0,0,0,3864,0,0,0,0,0,0,0,0,88,88,0,262001,0,1047604,655400,0,314,0,136,284,0,0,0,0,120
416,0,1,0,0,0,0,0,706581,3864,0,0,0,1159,0,0,0,0,0,0,0,0,0,0,0,0,0,0,0,43,0,130995,0,392940,0,0,83,176,188,1921,0,0,12,0,0
416,0,2,0,0,0,0,0,706581,0,0,0,0,49,12,0,0,0,0,0,0,0,0,0,0,0,0,0,0,0,0,131013,0,196485,65525,0,263,97,298,131,0,0,12,0,12
416,0,3,0,0,0,0,0,706581,0,0,0,0,53,12,0,0,0,0,0,0,0,0,0,0,0,0,0,0,0,0,131006,0,0,65525,0,102,46,0,65,0,0,0,0,12
416,0,4,0,0,0,0,0,706581,0,0,0,0,51,12,0,0,0,0,0,0,0,0,0,0,0,0,0,0,0,0,65506,0,0,65527,0,88,0,48,73,48,0,0,0,12
416,0,5,0,0,0,0,0,706581,0,0,0,0,51,12,0,0,0,0,0,0,0,0,0,0,0,0,0,0,0,0,65511,0,0,65526,553,160,0,2,122,0,0,12,0,12
416,0,6,0,0,0,0,0,706581,0,0,0,0,52,12,0,0,0,0,0,0,0,0,0,0,0,0,0,0,0,0,65512,0,0,65527,0,46,107,0,59,0,0,12,0,12
416,0,7,0,0,0,0,0,706581,0,0,0,0,58,12,0,0,0,0,0,0,0,0,0,0,0,0,0,0,0,0,65506,0,0,65525,0,113,42,0,153,0,0,0,0,12
416,0,8,0,0,0,0,0,706581,0,0,0,0,57,12,0,0,0,0,0,0,0,0,0,0,0,0,0,0,0,0,0,0,0,65525,0,52,0,44,124,24,0,0,0,12
416,0,9,0,0,0,0,0,706581,0,0,0,0,55,12,0,0,0,0,0,0,0,0,0,0,0,0,0,0,0,0,0,0,0,65524,393,40,0,0,62,0,0,12,0,12
416,0,10,0,0,0,0,0,706581,0,0,0,0,59,12,0,0,0,0,0,0,0,0,0,0,0,0,0,0,0,0,0,0,0,65524,0,82,94,2,138,0,0,12,0,12
416,0,11,0,0,0,0,0,706581,0,0,0,0,52,12,0,0,0,0,0,0,0,0,0,0,0,0,0,0,0,0,0,0,0,65527,0,42,48,0,4294967201,0,0,0,0,12
416,0,12,0,0,0,0,0,706581,0,0,0,0,47,0,0,0,0,0,0,0,0,0,0,0,0,0,0,0,0,0,0,0,0,0,0,0,0,45,93,0,0,0,0,0
416,0,13,0,0,0,0,0,706581,0,0,0,0,53,0,0,0,0,0,0,0,0,0,0,0,0,0,0,0,0,0,0,0,0,0,172,0,0,0,111,0,0,0,0,0
416,0,14,0,0,0,0,0,706581,0,0,0,0,47,0,0,0,0,0,0,0,0,0,0,0,0,0,0,0,0,0,0,0,0,0,0,0,86,0,63,0,0,0,0,0
416,0,15,0,0,0,0,0,706581,0,0,0,0,41,0,0,0,0,0,0,0,0,0,0,0,0,0,0,0,0,0,0,0,0,0,0,0,39,0,95,0,0,0,0,0
417,0,0,0,0,0,0,0,1413153,0,0,88,655400,136,0,0,0,0,0,3861,0,0,0,0,0,0,0,0,88,88,0,261992,0,1047612,655400,0,314,0,136,284,0,0,0,0,120
417,0,1,0,0,0,0,0,706577,3861,0,0,0,1156,0,0,0,0,0,0,0,0,0,0,0,0,0,0,0,39,0,131001,0,392938,0,0,84,176,190,1925,0,0,12,0,0
417,0,2,0,0,0,0,0,706577,0,0,0,0,48,12,0,0,0,0,0,0,0,0,0,0,0,0,0,0,0,0,131013,0,196485,65525,0,262,96,297,130,0,0,12,0,12
417,0,3,0,0,0,0,0,706577,0,0,0,0,50,12,0,0,0,0,0,0,0,0,0,0,0,0,0,0,0,0,131006,0,0,65526,0,104,48,0,62,0,0,0,0,12
417,0,4,0,0,0,0,0,706577,0,0,0,0,51,12,0,0,0,0,0,0,0,0,0,0,0,0,0,0,0,0,65506,0,0,65524,0,88,0,48,73,48,0,0,0,12
417,0,5,0,0,0,0,0,706577,0,0,0,0,52,12,0,0,0,0,0,0,0,0,0,0,0,0,0,0,0,0,65512,0,0,65527,547,159,0,1,122,0,0,12,0,12
417,0,6,0,0,0,0,0,706577,0,0,0,0,53,12,0,0,0,0,0,0,0,0,0,0,0,0,0,0,0,0,65512,0,0,65527,0,47,107,1,60,0,0,12,0,12
417,0,7,0,0,0,0,0,706577,0,0,0,0,59,12,0,0,0,0,0,0,0,0,0,0,0,0,0,0,0,0,65507,0,0,65525,0,109,41,0,155,0,0,0,0,12
417,0,8,0,0,0,0,0,706577,0,0,0,0,58,12,0,0,0,0,0,0,0,0,0,0,0,0,0,0,0,0,0,0,0,65523,0,52,0,43,125,24,0,0,0,12
417,0,9,0,0,0,0,0,706577,0,0,0,0,51,12,0,0,0,0,0,0,0,0,0,0,0,0,0,0,0,0,0,0,0,65524,399,40,0,1,59,0,0,12,0,12
417,0,10,0,0,0,0,0,706577,0,0,0,0,60,12,0,0,0,0,0,0,0,0,0,0,0,0,0,0,0,0,0,0,0,65524,0,82,92,1,138,0,0,12,0,12
417,0,11,0,0,0,0,0,706577,0,0,0,0,52,12,0,0,0,0,0,0,0,0,0,0,0,0,0,0,0,0,0,0,0,65527,0,44,49,0,143,0,0,0,0,12
417,0,12,0,0,0,0,0,706577,0,0,0,0,47,0,0,0,0,0,0,0,0,0,0,0,0,0,0,0,0,0,0,0,0,0,0,0,0,45,93,0,0,0,0,0
417,0,13,0,0,0,0,0,706577,0,0,0,0,53,0,0,0,0,0,0,0,0,0,0,0,0,0,0,0,0,0,0,0,0,0,172,0,0,0,111,0,0,0,0,0
417,0,14,0,0,0,0,0,706577,0,0,0,0,47,0,0,0,0,0,0,0,0,0,0,0,0,0,0,0,0,0,0,0,0,0,0,0,86,0,63,0,0,0,0,0
417,0,15,0,0,0,0,0,706577,0,0,0,0,41,0,0,0,0,0,0,0,0,0,0,0,0,0,0,0,0,0,0,0,0,0,0,0,39,0,93,0,0,0,0,0
418,0,0,0,0,0,0,0,1806451,0,0,114,852020,136,0,0,0,0,0,3918,0,0,0,0,0,0,0,0,114,114,0,392956,0,1309414,852020,0,325,0,136,284,0,0,0,0,883780
418,0,1,0,0,0,0,0,903226,3918,0,0,0,1180,0,0,0,0,0,0,0,0,0,0,0,0,0,0,0,55,0,196475,0,458387,0,0,84,186,185,1953,0,0,12,0,0
418,0,2,0,0,0,0,0,903226,0,0,0,0,49,12,0,0,0,0,0,0,0,0,0,0,0,0,0,0,0,0,196488,0,196476,65525,0,271,96,300,130,0,0,12,0,12
418,0,3,0,0,0,0,0,903226,0,0,0,0,51,12,0,0,0,0,0,0,0,0,0,0,0,0,0,0,0,0,131001,0,0,65525,0,101,46,0,60,0,0,0,0,12
418,0,4,0,0,0,0,0,903226,0,0,0,0,52,12,0,0,0,0,0,0,0,0,0,0,0,0,0,0,0,0,131004,0,0,65527,0,96,0,47,75,60,0,0,0,12
418,0,5,0,0,0,0,0,903226,0,0,0,0,53,12,0,0,0,0,0,0,0,0,0,0,0,0,0,0,0,0,131007,0,0,65527,563,168,0,1,126,0,0,12,0,12
418,0,6,0,0,0,0,0,903226,0,0,0,0,52,12,0,0,0,0,0,0,0,0,0,0,0,0,0,0,0,0,131005,0,0,65526,0,49,104,2,57,0,0,12,0,12
418,0,7,0,0,0,0,0,903226,0,0,0,0,59,12,0,0,0,0,0,0,0,0,0,0,0,0,0,0,0,0,65506,0,0,65524,0,109,42,0,156,0,0,0,0,12
418,0,8,0,0,0,0,0,903226,0,0,0,0,59,12,0,0,0,0,0,0,0,0,0,0,0,0,0,0,0,0,65504,0,0,65524,0,59,0,42,122,48,0,0,0,12
418,0,9,0,0,0,0,0,903226,0,0,0,0,53,12,0,0,0,0,0,0,0,0,0,0,0,0,0,0,0,0,65506,0,0,65524,408,43,0,1,60,0,0,12,0,12
418,0,10,0,0,0,0,0,903226,0,0,0,0,61,12,0,0,0,0,0,0,0,0,0,0,0,0,0,0,0,0,65510,0,0,65524,0,90,91,1,140,0,0,12,0,12
418,0,11,0,0,0,0,0,903226,0,0,0,0,52,12,0,0,0,0,0,0,0,0,0,0,0,0,0,0,0,0,0,0,0,65527,0,46,49,0,161,0,0,0,0,12
418,0,12,0,0,0,0,0,903226,0,0,0,0,56,12,0,0,0,0,0,0,0,0,0,0,0,0,0,0,0,0,0,0,0,65528,0,0,0,45,106,12,0,0,0,12
418,0,13,0,0,0,0,0,903226,0,0,0,0,58,12,0,0,0,0,0,0,0,0,0,0,0,0,0,0,0,0,0,0,0,65527,187,0,0,2,124,0,0,12,0,12
418,0,14,0,0,0,0,0,903226,0,0,0,0,52,12,0,0,0,0,0,0,0,0,0,0,0,0,0,0,0,0,0,0,0,65525,0,0,90,0,71,0,0,0,0,12
418,0,15,0,0,0,0,0,903226,0,0,0,0,41,0,0,0,0,0,0,0,0,0,0,0,0,0,0,0,0,0,0,0,0,0,0,0,39,0,94,0,0,0,0,0
419,0,0,0,0,0,0,0,1806444,0,0,114,852020,136,0,0,0,0,0,3918,0,0,0,0,0,0,0,0,114,114,0,392956,0,1309385,852020,0,325,0,136,284,0,0,0,0,883817
419,0,1,0,0,0,0,0,903222,3918,0,0,0,1175,0,0,0,0,0,0,0,0,0,0,0,0,0,0,0,55,0,196475,0,458377,0,0,87,186,187,1946,0,0,12,0,0
419,0,2,0,0,0,0,0,903222,0,0,0,0,48,12,0,0,0,0,0,0,0,0,0,0,0,0,0,0,0,0,196488,0,196468,65525,0,270,95,300,129,0,0,12,0,12
419,0,3,0,0,0,0,0,903222,0,0,0,0,49,12,0,0,0,0,0,0,0,0,0,0,0,0,0,0,0,0,130994,0,0,65525,0,102,47,0,58,0,0,0,0,12
419,0,4,0,0,0,0,0,903222,0,0,0,0,52,12,0,0,0,0,0,0,0,0,0,0,0,0,0,0,0,0,131004,0,0,65526,0,95,0,47,75,60,0,0,0,12
419,0,5,0,0,0,0,0,903222,0,0,0,0,51,12,0,0,0,0,0,0,0,0,0,0,0,0,0,0,0,0,131007,0,0,65527,566,165,0,0,124,0,0,12,0,12
419,0,6,0,0,0,0,0,903222,0,0,0,0,51,12,0,0,0,0,0,0,0,0,0,0,0,0,0,0,0,0,131004,0,0,65526,0,49,107,2,57,0,0,12,0,12
419,0,7,0,0,0,0,0,903222,0,0,0,0,60,12,0,0,0,0,0,0,0,0,0,0,0,0,0,0,0,0,65507,0,0,65521,0,109,41,0,156,0,0,0,0,12
419,0,8,0,0,0,0,0,903222,0,0,0,0,59,12,0,0,0,0,0,0,0,0,0,0,0,0,0,0,0,0,65504,0,0,65524,0,60,0,42,122,48,0,0,0,12
419,0,9,0,0,0,0,0,903222,0,0,0,0,54,12,0,0,0,0,0,0,0,0,0,0,0,0,0,0,0,0,65506,0,0,65524,405,44,0,1,63,0,0,12,0,12
419,0,10,0,0,0,0,0,903222,0,0,0,0,59,12,0,0,0,0,0,0,0,0,0,0,0,0,0,0,0,0,65510,0,0,65524,0,90,94,1,138,0,0,12,0,12
419,0,11,0,0,0,0,0,903222,0,0,0,0,53,12,0,0,0,0,0,0,0,0,0,0,0,0,0,0,0,0,0,0,0,65527,0,46,48,0,4294967202,0,0,0,0,12
419,0,12,0,0,0,0,0,903222,0,0,0,0,53,12,0,0,0,0,0,0,0,0,0,0,0,0,0,0,0,0,0,0,0,65528,0,0,0,48,102,12,0,0,0,12
419,0,13,0,0,0,0,0,903222,0,0,0,0,58,12,0,0,0,0,0,0,0,0,0,0,0,0,0,0,0,0,0,0,0,65527,186,0,0,2,123,0,0,12,0,12
419,0,14,0,0,0,0,0,903222,0,0,0,0,54,12,0,0,0,0,0,0,0,0,0,0,0,0,0,0,0,0,0,0,0,65525,0,0,88,0,73,0,0,0,0,12
419,0,15,0,0,0,0,0,903222,0,0,0,0,41,0,0,0,0,0,0,0,0,0,0,0,0,0,0,0,0,0,0,0,0,0,0,0,39,0,94,0,0,0,0,0
420,0,0,0,0,0,0,0,1806430,0,0,114,852020,136,0,0,0,0,0,3921,0,0,0,0,0,0,0,0,114,114,0,392955,0,1309403,852020,0,325,0,136,284,0,0,0,0,883804
420,0,1,0,0,0,0,0,903215,3921,0,0,0,1175,0,0,0,0,0,0,0,0,0,0,0,0,0,0,0,55,0,196474,0,458382,0,0,86,183,191,1944,0,0,12,0,0
420,0,2,0,0,0,0,0,903215,0,0,0,0,49,12,0,0,0,0,0,0,0,0,0,0,0,0,0,0,0,0,196483,0,196478,65525,0,269,95,296,131,0,0,12,0,12
420,0,3,0,0,0,0,0,903215,0,0,0,0,51,12,0,0,0,0,0,0,0,0,0,0,0,0,0,0,0,0,131003,0,0,65524,0,105,46,0,60,0,0,0,0,12
420,0,4,0,0,0,0,0,903215,0,0,0,0,50,12,0,0,0,0,0,0,0,0,0,0,0,0,0,0,0,0,131004,0,0,65527,0,94,0,49,73,60,0,0,0,12
420,0,5,0,0,0,0,0,903215,0,0,0,0,52,12,0,0,0,0,0,0,0,0,0,0,0,0,0,0,0,0,131007,0,0,65527,568,166,0,0,125,0,0,12,0,12
420,0,6,0,0,0,0,0,903215,0,0,0,0,51,12,0,0,0,0,0,0,0,0,0,0,0,0,0,0,0,0,131005,0,0,65525,0,49,106,3,58,0,0,12,0,12
420,0,7,0,0,0,0,0,903215,0,0,0,0,59,12,0,0,0,0,0,0,0,0,0,0,0,0,0,0,0,0,65506,0,0,65524,0,108,41,0,153,0,0,0,0,12
420,0,8,0,0,0,0,0,903215,0,0,0,0,58,12,0,0,0,0,0,0,0,0,0,0,0,0,0,0,0,0,65504,0,0,65524,0,61,0,43,121,48,0,0,0,12
420,0,9,0,0,0,0,0,903215,0,0,0,0,54,12,0,0,0,0,0,0,0,0,0,0,0,0,0,0,0,0,65506,0,0,65524,401,43,0,0,63,0,0,12,0,12
420,0,10,0,0,0,0,0,903215,0,0,0,0,58,12,0,0,0,0,0,0,0,0,0,0,0,0,0,0,0,0,65510,0,0,65524,0,89,97,2,138,0,0,12,0,12
420,0,11,0,0,0,0,0,903215,0,0,0,0,54,12,0,0,0,0,0,0,0,0,0,0,0,0,0,0,0,0,0,0,0,65527,0,45,46,0,161,0,0,0,0,12
420,0,12,0,0,0,0,0,903215,0,0,0,0,54,12,0,0,0,0,0,0,0,0,0,0,0,0,0,0,0,0,0,0,0,65528,0,0,0,47,102,12,0,0,0,12
420,0,13,0,0,0,0,0,903215,0,0,0,0,58,12,0,0,0,0,0,0,0,0,0,0,0,0,0,0,0,0,0,0,0,65527,187,0,0,2,124,0,0,12,0,12
420,0,14,0,0,0,0,0,903215,0,0,0,0,53,12,0,0,0,0,0,0,0,0,0,0,0,0,0,0,0,0,0,0,0,65525,0,0,88,1,73,0,0,0,0,12
420,0,15,0,0,0,0,0,903215,0,0,0,0,41,0,0,0,0,0,0,0,0,0,0,0,0,0,0,0,0,0,0,0,0,0,0,0,39,0,94,0,0,0,0,0
421,0,0,0,0,0,0,0,458052,0,0,2564,67584,136,0,0,0,0,0,7521,0,0,0,0,0,0,0,0,2564,2564,0,0,0,87836,67584,0,294,0,136,284,0,0,0,0,24064
421,0,1,0,0,0,0,0,229026,7521,0,0,0,2696,0,0,0,0,0,0,0,0,0,0,0,0,0,0,0,360,0,0,0,52968,0,0,79,173,1125,5034,0,0,24064,0,0
421,0,2,0,0,0,0,0,229026,0,0,0,0,1656,24064,0,0,0,0,0,0,0,0,0,0,0,0,0,0,0,0,0,0,0,59444,0,246,1046,275,3347,0,0,0,0,24064
421,0,3,0,0,0,0,0,229026,0,0,0,0,47,0,0,0,0,0,0,0,0,0,0,0,0,0,0,0,0,0,0,0,0,0,0,98,45,0,55,0,0,0,0,0
421,0,4,0,0,0,0,0,229026,0,0,0,0,47,0,0,0,0,0,0,0,0,0,0,0,0,0,0,0,0,0,0,0,0,0,0,87,0,45,66,0,0,0,0,0
421,0,5,0,0,0,0,0,229026,0,0,0,0,47,0,0,0,0,0,0,0,0,0,0,0,0,0,0,0,0,0,0,0,0,0,522,150,0,0,112,0,0,0,0,0
421,0,6,0,0,0,0,0,229026,0,0,0,0,47,0,0,0,0,0,0,0,0,0,0,0,0,0,0,0,0,0,0,0,0,0,0,43,98,0,52,0,0,0,0,0
421,0,7,0,0,0,0,0,229026,0,0,0,0,53,0,0,0,0,0,0,0,0,0,0,0,0,0,0,0,0,0,0,0,0,0,0,98,39,0,140,0,0,0,0,0
421,0,8,0,0,0,0,0,229026,0,0,0,0,53,0,0,0,0,0,0,0,0,0,0,0,0,0,0,0,0,0,0,0,0,0,0,52,0,39,110,0,0,0,0,0
421,0,9,0,0,0,0,0,229026,0,0,0,0,47,0,0,0,0,0,0,0,0,0,0,0,0,0,0,0,0,0,0,0,0,0,380,40,0,0,53,0,0,0,0,0
421,0,10,0,0,0,0,0,229026,0,0,0,0,53,0,0,0,0,0,0,0,0,0,0,0,0,0,0,0,0,0,0,0,0,0,0,82,86,0,124,0,0,0,0,0
421,0,11,0,0,0,0,0,229026,0,0,0,0,47,0,0,0,0,0,0,0,0,0,0,0,0,0,0,0,0,0,0,0,0,0,0,41,45,0,131,0,0,0,0,0
421,0,12,0,0,0,0,0,229026,0,0,0,0,47,0,0,0,0,0,0,0,0,0,0,0,0,0,0,0,0,0,0,0,0,0,0,0,0,45,93,0,0,0,0,0
421,0,13,0,0,0,0,0,229026,0,0,0,0,53,0,0,0,0,0,0,0,0,0,0,0,0,0,0,0,0,0,0,0,0,0,172,0,0,0,111,0,0,0,0,0
421,0,14,0,0,0,0,0,229026,0,0,0,0,47,0,0,0,0,0,0,0,0,0,0,0,0,0,0,0,0,0,0,0,0,0,0,0,86,0,63,0,0,0,0,0
421,0,15,0,0,0,0,0,229026,0,0,0,0,41,0,0,0,0,0,0,0,0,0,0,0,0,0,0,0,0,0,0,0,0,0,0,0,39,0,87,0,0,0,0,0
422,0,0,0,0,0,0,0,458047,0,0,2564,67584,136,0,0,0,0,0,7524,0,0,0,0,0,0,0,0,2564,2564,0,0,0,87827,67584,0,294,0,136,284,0,0,0,0,24064
422,0,1,0,0,0,0,0,229024,7524,0,0,0,2701,0,0,0,0,0,0,0,0,0,0,0,0,0,0,0,357,0,0,0,52965,0,0,78,172,1122,5042,0,0,24064,0,0
422,0,2,0,0,0,0,0,229024,0,0,0,0,1662,24064,0,0,0,0,0,0,0,0,0,0,0,0,0,0,0,0,0,0,0,59438,0,250,1040,273,3354,0,0,0,0,24064
422,0,3,0,0,0,0,0,229024,0,0,0,0,47,0,0,0,0,0,0,0,0,0,0,0,0,0,0,0,0,0,0,0,0,0,0,100,45,0,55,0,0,0,0,0
422,0,4,0,0,0,0,0,229024,0,0,0,0,50,0,0,0,0,0,0,0,0,0,0,0,0,0,0,0,0,0,0,0,0,0,0,87,0,42,67,0,0,0,0,0
422,0,5,0,0,0,0,0,229024,0,0,0,0,50,0,0,0,0,0,0,0,0,0,0,0,0,0,0,0,0,0,0,0,0,0,525,150,0,0,116,0,0,0,0,0
422,0,6,0,0,0,0,0,229024,0,0,0,0,50,0,0,0,0,0,0,0,0,0,0,0,0,0,0,0,0,0,0,0,0,0,0,39,95,0,55,0,0,0,0,0
422,0,7,0,0,0,0,0,229024,0,0,0,0,53,0,0,0,0,0,0,0,0,0,0,0,0,0,0,0,0,0,0,0,0,0,0,98,39,0,138,0,0,0,0,0
422,0,8,0,0,0,0,0,229024,0,0,0,0,56,0,0,0,0,0,0,0,0,0,0,0,0,0,0,0,0,0,0,0,0,0,0,52,0,36,113,0,0,0,0,0
422,0,9,0,0,0,0,0,229024,0,0,0,0,50,0,0,0,0,0,0,0,0,0,0,0,0,0,0,0,0,0,0,0,0,0,380,40,0,0,56,0,0,0,0,0
422,0,10,0,0,0,0,0,229024,0,0,0,0,56,0,0,0,0,0,0,0,0,0,0,0,0,0,0,0,0,0,0,0,0,0,0,86,86,0,127,0,0,0,0,0
422,0,11,0,0,0,0,0,229024,0,0,0,0,50,0,0,0,0,0,0,0,0,0,0,0,0,0,0,0,0,0,0,0,0,0,0,41,42,0,182,0,0,0,0,0
422,0,12,0,0,0,0,0,229024,0,0,0,0,50,0,0,0,0,0,0,0,0,0,0,0,0,0,0,0,0,0,0,0,0,0,0,0,0,42,96,0,0,0,0,0
422,0,13,0,0,0,0,0,229024,0,0,0,0,56,0,0,0,0,0,0,0,0,0,0,0,0,0,0,0,0,0,0,0,0,0,172,0,0,0,114,0,0,0,0,0
422,0,14,0,0,0,0,0,229024,0,0,0,0,50,0,0,0,0,0,0,0,0,0,0,0,0,0,0,0,0,0,0,0,0,0,0,0,86,0,62,0,0,0,0,0
422,0,15,0,0,0,0,0,229024,0,0,0,0,44,0,0,0,0,0,0,0,0,0,0,0,0,0,0,0,0,0,0,0,0,0,0,0,36,0,90,0,0,0,0,0
423,0,0,0,0,0,0,0,458194,0,0,2564,67584,136,0,0,0,0,0,7524,0,0,0,0,0,0,0,0,2564,2564,0,0,0,87833,67584,0,294,0,136,284,0,0,0,0,24064
423,0,1,0,0,0,0,0,229097,7524,0,0,0,2692,0,0,0,0,0,0,0,0,0,0,0,0,0,0,0,354,0,0,0,52963,0,0,79,173,1129,5026,0,0,24064,0,0
423,0,2,0,0,0,0,0,229097,0,0,0,0,1652,24064,0,0,0,0,0,0,0,0,0,0,0,0,0,0,0,0,0,0,0,59446,0,246,1050,275,3339,0,0,0,0,24064
423,0,3,0,0,0,0,0,229097,0,0,0,0,47,0,0,0,0,0,0,0,0,0,0,0,0,0,0,0,0,0,0,0,0,0,0,98,45,0,55,0,0,0,0,0
423,0,4,0,0,0,0,0,229097,0,0,0,0,47,0,0,0,0,0,0,0,0,0,0,0,0,0,0,0,0,0,0,0,0,0,0,87,0,45,66,0,0,0,0,0
423,0,5,0,0,0,0,0,229097,0,0,0,0,47,0,0,0,0,0,0,0,0,0,0,0,0,0,0,0,0,0,0,0,0,0,522,150,0,0,112,0,0,0,0,0
423,0,6,0,0,0,0,0,229097,0,0,0,0,47,0,0,0,0,0,0,0,0,0,0,0,0,0,0,0,0,0,0,0,0,0,0,43,98,0,52,0,0,0,0,0
423,0,7,0,0,0,0,0,229097,0,0,0,0,53,0,0,0,0,0,0,0,0,0,0,0,0,0,0,0,0,0,0,0,0,0,0,98,39,0,140,0,0,0,0,0
423,0,8,0,0,0,0,0,229097,0,0,0,0,53,0,0,0,0,0,0,0,0,0,0,0,0,0,0,0,0,0,0,0,0,0,0,52,0,39,110,0,0,0,0,0
423,0,9,0,0,0,0,0,229097,0,0,0,0,47,0,0,0,0,0,0,0,0,0,0,0,0,0,0,0,0,0,0,0,0,0,380,40,0,0,53,0,0,0,0,0
423,0,10,0,0,0,0,0,229097,0,0,0,0,53,0,0,0,0,0,0,0,0,0,0,0,0,0,0,0,0,0,0,0,0,0,0,82,86,0,124,0,0,0,0,0
423,0,11,0,0,0,0,0,229097,0,0,0,0,47,0,0,0,0,0,0,0,0,0,0,0,0,0,0,0,0,0,0,0,0,0,0,41,45,0,4294967171,0,0,0,0,0
423,0,12,0,0,0,0,0,229097,0,0,0,0,47,0,0,0,0,0,0,0,0,0,0,0,0,0,0,0,0,0,0,0,0,0,0,0,0,45,93,0,0,0,0,0
423,0,13,0,0,0,0,0,229097,0,0,0,0,53,0,0,0,0,0,0,0,0,0,0,0,0,0,0,0,0,0,0,0,0,0,172,0,0,0,111,0,0,0,0,0
423,0,14,0,0,0,0,0,229097,0,0,0,0,47,0,0,0,0,0,0,0,0,0,0,0,0,0,0,0,0,0,0,0,0,0,0,0,86,0,63,0,0,0,0,0
423,0,15,0,0,0,0,0,229097,0,0,0,0,41,0,0,0,0,0,0,0,0,0,0,0,0,0,0,0,0,0,0,0,0,0,0,0,39,0,87,0,0,0,0,0
424,0,0,0,0,0,0,0,476963,0,0,2568,135168,136,0,0,0,0,0,7536,0,0,0,0,0,0,0,0,2568,2568,0,0,0,169186,135168,0,294,0,136,284,0,0,0,0,48574
424,0,1,0,0,0,0,0,238481,7536,0,0,0,2776,0,0,0,0,0,0,0,0,0,0,0,0,0,0,0,709,0,0,0,98444,0,0,79,174,1049,4841,0,0,24286,0,0
424,0,2,0,0,0,0,0,238481,0,0,0,0,886,24064,0,0,0,0,0,0,0,0,0,0,0,0,0,0,0,0,0,0,52987,60425,0,246,1321,1133,1800,0,0,23918,0,24064
424,0,3,0,0,0,0,0,238481,0,0,0,0,832,24064,0,0,0,0,0,0,0,0,0,0,0,0,0,0,0,0,0,0,0,59547,0,99,542,0,1267,0,0,30,0,24064
424,0,4,0,0,0,0,0,238481,0,0,0,0,47,0,0,0,0,0,0,0,0,0,0,0,0,0,0,0,0,0,0,0,0,0,0,87,0,45,66,0,0,0,0,0
424,0,5,0,0,0,0,0,238481,0,0,0,0,47,0,0,0,0,0,0,0,0,0,0,0,0,0,0,0,0,0,0,0,0,0,522,150,0,0,112,0,0,0,0,0
424,0,6,0,0,0,0,0,238481,0,0,0,0,47,0,0,0,0,0,0,0,0,0,0,0,0,0,0,0,0,0,0,0,0,0,0,43,98,0,52,0,0,0,0,0
424,0,7,0,0,0,0,0,238481,0,0,0,0,53,0,0,0,0,0,0,0,0,0,0,0,0,0,0,0,0,0,0,0,0,0,0,98,39,0,140,0,0,0,0,0
424,0,8,0,0,0,0,0,238481,0,0,0,0,53,0,0,0,0,0,0,0,0,0,0,0,0,0,0,0,0,0,0,0,0,0,0,52,0,39,110,0,0,0,0,0
424,0,9,0,0,0,0,0,238481,0,0,0,0,47,0,0,0,0,0,0,0,0,0,0,0,0,0,0,0,0,0,0,0,0,0,380,40,0,0,53,0,0,0,0,0
424,0,10,0,0,0,0,0,238481,0,0,0,0,53,0,0,0,0,0,0,0,0,0,0,0,0,0,0,0,0,0,0,0,0,0,0,82,86,0,124,0,0,0,0,0
424,0,11,0,0,0,0,0,238481,0,0,0,0,47,0,0,0,0,0,0,0,0,0,0,0,0,0,0,0,0,0,0,0,0,0,0,42,45,0,147,0,0,0,0,0
424,0,12,0,0,0,0,0,238481,0,0,0,0,47,0,0,0,0,0,0,0,0,0,0,0,0,0,0,0,0,0,0,0,0,0,0,0,0,45,93,0,0,0,0,0
424,0,13,0,0,0,0,0,238481,0,0,0,0,53,0,0,0,0,0,0,0,0,0,0,0,0,0,0,0,0,0,0,0,0,0,172,0,0,0,111,0,0,0,0,0
424,0,14,0,0,0,0,0,238481,0,0,0,0,47,0,0,0,0,0,0,0,0,0,0,0,0,0,0,0,0,0,0,0,0,0,0,0,86,0,63,0,0,0,0,0
424,0,15,0,0,0,0,0,238481,0,0,0,0,41,0,0,0,0,0,0,0,0,0,0,0,0,0,0,0,0,0,0,0,0,0,0,0,39,0,87,0,0,0,0,0
425,0,0,0,0,0,0,0,476908,0,0,2568,135168,136,0,0,0,0,0,7536,0,0,0,0,0,0,0,0,2568,2568,0,0,0,169174,135168,0,294,0,136,284,0,0,0,0,48580
425,0,1,0,0,0,0,0,238454,7536,0,0,0,2781,0,0,0,0,0,0,0,0,0,0,0,0,0,0,0,706,0,0,0,98434,0,0,79,173,1045,4840,0,0,24286,0,0
425,0,2,0,0,0,0,0,238454,0,0,0,0,882,24064,0,0,0,0,0,0,0,0,0,0,0,0,0,0,0,0,0,0,52985,60428,0,246,1327,1137,1796,0,0,23918,0,24064
425,0,3,0,0,0,0,0,238454,0,0,0,0,834,24064,0,0,0,0,0,0,0,0,0,0,0,0,0,0,0,0,0,0,0,59550,0,99,540,0,1265,0,0,30,0,24064
425,0,4,0,0,0,0,0,238454,0,0,0,0,47,0,0,0,0,0,0,0,0,0,0,0,0,0,0,0,0,0,0,0,0,0,0,87,0,45,66,0,0,0,0,0
425,0,5,0,0,0,0,0,238454,0,0,0,0,47,0,0,0,0,0,0,0,0,0,0,0,0,0,0,0,0,0,0,0,0,0,522,150,0,0,112,0,0,0,0,0
425,0,6,0,0,0,0,0,238454,0,0,0,0,47,0,0,0,0,0,0,0,0,0,0,0,0,0,0,0,0,0,0,0,0,0,0,43,98,0,52,0,0,0,0,0
425,0,7,0,0,0,0,0,238454,0,0,0,0,53,0,0,0,0,0,0,0,0,0,0,0,0,0,0,0,0,0,0,0,0,0,0,98,39,0,140,0,0,0,0,0
425,0,8,0,0,0,0,0,238454,0,0,0,0,53,0,0,0,0,0,0,0,0,0,0,0,0,0,0,0,0,0,0,0,0,0,0,52,0,39,110,0,0,0,0,0
425,0,9,0,0,0,0,0,238454,0,0,0,0,47,0,0,0,0,0,0,0,0,0,0,0,0,0,0,0,0,0,0,0,0,0,380,40,0,0,53,0,0,0,0,0
425,0,10,0,0,0,0,0,238454,0,0,0,0,53,0,0,0,0,0,0,0,0,0,0,0,0,0,0,0,0,0,0,0,0,0,0,82,86,0,124,0,0,0,0,0
425,0,11,0,0,0,0,0,238454,0,0,0,0,47,0,0,0,0,0,0,0,0,0,0,0,0,0,0,0,0,0,0,0,0,0,0,42,45,0,147,0,0,0,0,0
425,0,12,0,0,0,0,0,238454,0,0,0,0,47,0,0,0,0,0,0,0,0,0,0,0,0,0,0,0,0,0,0,0,0,0,0,0,0,45,93,0,0,0,0,0
425,0,13,0,0,0,0,0,238454,0,0,0,0,53,0,0,0,0,0,0,0,0,0,0,0,0,0,0,0,0,0,0,0,0,0,172,0,0,0,111,0,0,0,0,0
425,0,14,0,0,0,0,0,238454,0,0,0,0,47,0,0,0,0,0,0,0,0,0,0,0,0,0,0,0,0,0,0,0,0,0,0,0,86,0,63,0,0,0,0,0
425,0,15,0,0,0,0,0,238454,0,0,0,0,41,0,0,0,0,0,0,0,0,0,0,0,0,0,0,0,0,0,0,0,0,0,0,0,39,0,87,0,0,0,0,0
426,0,0,0,0,0,0,0,476893,0,0,2568,135168,136,0,0,0,0,0,7533,0,0,0,0,0,0,0,0,2568,2568,0,0,0,169186,135168,0,294,0,136,284,0,0,0,0,48574
426,0,1,0,0,0,0,0,238447,7533,0,0,0,2781,0,0,0,0,0,0,0,0,0,0,0,0,0,0,0,708,0,0,0,98443,0,0,79,174,1044,4843,0,0,24286,0,0
426,0,2,0,0,0,0,0,238447,0,0,0,0,884,24064,0,0,0,0,0,0,0,0,0,0,0,0,0,0,0,0,0,0,52985,60430,0,246,1324,1137,1799,0,0,23918,0,24064
426,0,3,0,0,0,0,0,238447,0,0,0,0,833,24064,0,0,0,0,0,0,0,0,0,0,0,0,0,0,0,0,0,0,0,59549,0,99,541,0,1264,0,0,30,0,24064
426,0,4,0,0,0,0,0,238447,0,0,0,0,47,0,0,0,0,0,0,0,0,0,0,0,0,0,0,0,0,0,0,0,0,0,0,87,0,45,66,0,0,0,0,0
426,0,5,0,0,0,0,0,238447,0,0,0,0,47,0,0,0,0,0,0,0,0,0,0,0,0,0,0,0,0,0,0,0,0,0,522,150,0,0,112,0,0,0,0,0
426,0,6,0,0,0,0,0,238447,0,0,0,0,47,0,0,0,0,0,0,0,0,0,0,0,0,0,0,0,0,0,0,0,0,0,0,43,98,0,52,0,0,0,0,0
426,0,7,0,0,0,0,0,238447,0,0,0,0,53,0,0,0,0,0,0,0,0,0,0,0,0,0,0,0,0,0,0,0,0,0,0,98,39,0,140,0,0,0,0,0
426,0,8,0,0,0,0,0,238447,0,0,0,0,53,0,0,0,0,0,0,0,0,0,0,0,0,0,0,0,0,0,0,0,0,0,0,52,0,39,110,0,0,0,0,0
426,0,9,0,0,0,0,0,238447,0,0,0,0,47,0,0,0,0,0,0,0,0,0,0,0,0,0,0,0,0,0,0,0,0,0,380,40,0,0,53,0,0,0,0,0
426,0,10,0,0,0,0,0,238447,0,0,0,0,53,0,0,0,0,0,0,0,0,0,0,0,0,0,0,0,0,0,0,0,0,0,0,82,86,0,124,0,0,0,0,0
426,0,11,0,0,0,0,0,238447,0,0,0,0,47,0,0,0,0,0,0,0,0,0,0,0,0,0,0,0,0,0,0,0,0,0,0,42,45,0,131,0,0,0,0,0
426,0,12,0,0,0,0,0,238447,0,0,0,0,47,0,0,0,0,0,0,0,0,0,0,0,0,0,0,0,0,0,0,0,0,0,0,0,0,45,93,0,0,0,0,0
426,0,13,0,0,0,0,0,238447,0,0,0,0,53,0,0,0,0,0,0,0,0,0,0,0,0,0,0,0,0,0,0,0,0,0,172,0,0,0,111,0,0,0,0,0
426,0,14,0,0,0,0,0,238447,0,0,0,0,47,0,0,0,0,0,0,0,0,0,0,0,0,0,0,0,0,0,0,0,0,0,0,0,86,0,63,0,0,0,0,0
426,0,15,0,0,0,0,0,238447,0,0,0,0,41,0,0,0,0,0,0,0,0,0,0,0,0,0,0,0,0,0,0,0,0,0,0,0,39,0,87,0,0,0,0,0
427,0,0,0,0,0,0,0,580764,0,0,3086,270336,136,0,0,0,0,0,8325,0,0,0,0,0,0,0,0,3086,3086,0,105425,0,287808,270336,0,1065,0,136,284,0,0,0,0,117023
427,0,1,0,0,0,0,0,290382,8325,0,0,0,3163,0,0,0,0,0,0,0,0,0,0,0,0,0,0,0,2461,0,52985,0,102283,0,0,319,431,685,5364,0,0,24383,0,0
427,0,2,0,0,0,0,0,290382,0,0,0,0,554,24064,0,0,0,0,0,0,0,0,0,0,0,0,0,0,0,0,0,0,52283,61347,0,246,934,841,1100,0,0,24005,0,24060
427,0,3,0,0,0,0,0,290382,0,0,0,0,626,24064,0,0,0,0,0,0,0,0,0,0,0,0,0,0,0,0,0,0,0,61393,0,98,237,0,841,0,0,64,0,24032
427,0,4,0,0,0,0,0,290382,0,0,0,0,577,24064,0,0,0,0,0,0,0,0,0,0,0,0,0,0,0,0,0,0,0,61012,0,87,0,284,853,25554,0,0,0,23489
427,0,5,0,0,0,0,0,290382,0,0,0,0,582,24064,0,0,0,0,0,0,0,0,0,0,0,0,0,0,0,0,0,0,0,61204,1287,150,0,1,1180,0,0,0,0,24064
427,0,6,0,0,0,0,0,290382,0,0,0,0,47,0,0,0,0,0,0,0,0,0,0,0,0,0,0,0,0,0,0,0,0,0,0,43,98,1,52,0,0,0,0,0
427,0,7,0,0,0,0,0,290382,0,0,0,0,53,0,0,0,0,0,0,0,0,0,0,0,0,0,0,0,0,0,0,0,0,0,0,100,39,0,140,0,0,0,0,0
427,0,8,0,0,0,0,0,290382,0,0,0,0,53,0,0,0,0,0,0,0,0,0,0,0,0,0,0,0,0,0,0,0,0,0,0,52,0,39,110,0,0,0,0,0
427,0,9,0,0,0,0,0,290382,0,0,0,0,47,0,0,0,0,0,0,0,0,0,0,0,0,0,0,0,0,0,0,0,0,0,380,40,0,0,53,0,0,0,0,0
427,0,10,0,0,0,0,0,290382,0,0,0,0,53,0,0,0,0,0,0,0,0,0,0,0,0,0,0,0,0,0,0,0,0,0,0,82,86,0,124,0,0,0,0,0
427,0,11,0,0,0,0,0,290382,0,0,0,0,47,0,0,0,0,0,0,0,0,0,0,0,0,0,0,0,0,0,0,0,0,0,0,42,45,0,131,0,0,0,0,0
427,0,12,0,0,0,0,0,290382,0,0,0,0,47,0,0,0,0,0,0,0,0,0,0,0,0,0,0,0,0,0,0,0,0,0,0,0,0,45,93,0,0,0,0,0
427,0,13,0,0,0,0,0,290382,0,0,0,0,53,0,0,0,0,0,0,0,0,0,0,0,0,0,0,0,0,0,0,0,0,0,172,0,0,0,111,0,0,0,0,0
427,0,14,0,0,0,0,0,290382,0,0,0,0,47,0,0,0,0,0,0,0,0,0,0,0,0,0,0,0,0,0,0,0,0,0,0,0,86,0,63,0,0,0,0,0
427,0,15,0,0,0,0,0,290382,0,0,0,0,41,0,0,0,0,0,0,0,0,0,0,0,0,0,0,0,0,0,0,0,0,0,0,0,39,0,89,0,0,0,0,0
428,0,0,0,0,0,0,0,580846,0,0,3086,270336,136,0,0,0,0,0,8322,0,0,0,0,0,0,0,0,3086,3086,0,105497,0,287899,270336,0,1065,0,136,284,0,0,0,0,116739
428,0,1,0,0,0,0,0,290423,8322,0,0,0,3198,0,0,0,0,0,0,0,0,0,0,0,0,0,0,0,2441,0,53008,0,102276,0,0,334,392,674,5375,0,0,24608,0,0
428,0,2,0,0,0,0,0,290423,0,0,0,0,516,24064,0,0,0,0,0,0,0,0,0,0,0,0,0,0,0,0,0,0,52282,61356,0,246,949,837,1077,0,0,23958,0,24058
428,0,3,0,0,0,0,0,290423,0,0,0,0,602,24064,0,0,0,0,0,0,0,0,0,0,0,0,0,0,0,0,0,0,0,61395,0,99,260,0,821,0,0,111,0,24004
428,0,4,0,0,0,0,0,290423,0,0,0,0,579,24064,0,0,0,0,0,0,0,0,0,0,0,0,0,0,0,0,0,0,0,61009,0,87,0,282,816,25546,0,0,0,23490
428,0,5,0,0,0,0,0,290423,0,0,0,0,576,24064,0,0,0,0,0,0,0,0,0,0,0,0,0,0,0,0,0,0,0,61214,1296,150,0,0,1159,0,0,0,0,24064
428,0,6,0,0,0,0,0,290423,0,0,0,0,47,0,0,0,0,0,0,0,0,0,0,0,0,0,0,0,0,0,0,0,0,0,0,43,98,2,52,0,0,0,0,0
428,0,7,0,0,0,0,0,290423,0,0,0,0,53,0,0,0,0,0,0,0,0,0,0,0,0,0,0,0,0,0,0,0,0,0,0,98,39,0,140,0,0,0,0,0
428,0,8,0,0,0,0,0,290423,0,0,0,0,53,0,0,0,0,0,0,0,0,0,0,0,0,0,0,0,0,0,0,0,0,0,0,52,0,39,110,0,0,0,0,0
428,0,9,0,0,0,0,0,290423,0,0,0,0,47,0,0,0,0,0,0,0,0,0,0,0,0,0,0,0,0,0,0,0,0,0,380,40,0,0,53,0,0,0,0,0
428,0,10,0,0,0,0,0,290423,0,0,0,0,53,0,0,0,0,0,0,0,0,0,0,0,0,0,0,0,0,0,0,0,0,0,0,82,86,0,124,0,0,0,0,0
428,0,11,0,0,0,0,0,290423,0,0,0,0,47,0,0,0,0,0,0,0,0,0,0,0,0,0,0,0,0,0,0,0,0,0,0,44,45,0,131,0,0,0,0,0
428,0,12,0,0,0,0,0,290423,0,0,0,0,47,0,0,0,0,0,0,0,0,0,0,0,0,0,0,0,0,0,0,0,0,0,0,0,0,45,93,0,0,0,0,0
428,0,13,0,0,0,0,0,290423,0,0,0,0,53,0,0,0,0,0,0,0,0,0,0,0,0,0,0,0,0,0,0,0,0,0,172,0,0,0,111,0,0,0,0,0
428,0,14,0,0,0,0,0,290423,0,0,0,0,47,0,0,0,0,0,0,0,0,0,0,0,0,0,0,0,0,0,0,0,0,0,0,0,86,0,63,0,0,0,0,0
428,0,15,0,0,0,0,0,290423,0,0,0,0,41,0,0,0,0,0,0,0,0,0,0,0,0,0,0,0,0,0,0,0,0,0,0,0,39,0,87,0,0,0,0,0
429,0,0,0,0,0,0,0,581879,0,0,3088,270336,136,0,0,0,0,0,8328,0,0,0,0,0,0,0,0,3088,3088,0,105414,0,287218,270336,0,1067,0,136,284,0,0,0,0,115941
429,0,1,0,0,0,0,0,290940,8328,0,0,0,3183,0,0,0,0,0,0,0,0,0,0,0,0,0,0,0,2330,0,52922,0,102154,0,0,331,409,677,5377,0,0,24439,0,0
429,0,2,0,0,0,0,0,290940,0,0,0,0,517,24064,0,0,0,0,0,0,0,0,0,0,0,0,0,0,0,0,0,0,52294,61374,0,246,945,830,1082,0,0,24129,0,24059
429,0,3,0,0,0,0,0,290940,0,0,0,0,600,24064,0,0,0,0,0,0,0,0,0,0,0,0,0,0,0,0,0,0,0,61363,0,98,263,0,826,0,0,62,0,24034
429,0,4,0,0,0,0,0,290940,0,0,0,0,583,24064,0,0,0,0,0,0,0,0,0,0,0,0,0,0,0,0,0,0,0,61035,0,87,0,280,837,25552,0,0,0,23475
429,0,5,0,0,0,0,0,290940,0,0,0,0,591,24064,0,0,0,0,0,0,0,0,0,0,0,0,0,0,0,0,0,0,0,61202,1285,150,0,0,1177,0,0,0,0,24064
429,0,6,0,0,0,0,0,290940,0,0,0,0,47,0,0,0,0,0,0,0,0,0,0,0,0,0,0,0,0,0,0,0,0,0,0,43,98,2,52,0,0,0,0,0
429,0,7,0,0,0,0,0,290940,0,0,0,0,53,0,0,0,0,0,0,0,0,0,0,0,0,0,0,0,0,0,0,0,0,0,0,99,39,0,140,0,0,0,0,0
429,0,8,0,0,0,0,0,290940,0,0,0,0,53,0,0,0,0,0,0,0,0,0,0,0,0,0,0,0,0,0,0,0,0,0,0,52,0,39,110,0,0,0,0,0
429,0,9,0,0,0,0,0,290940,0,0,0,0,47,0,0,0,0,0,0,0,0,0,0,0,0,0,0,0,0,0,0,0,0,0,380,40,0,0,53,0,0,0,0,0
429,0,10,0,0,0,0,0,290940,0,0,0,0,53,0,0,0,0,0,0,0,0,0,0,0,0,0,0,0,0,0,0,0,0,0,0,82,86,0,124,0,0,0,0,0
429,0,11,0,0,0,0,0,290940,0,0,0,0,47,0,0,0,0,0,0,0,0,0,0,0,0,0,0,0,0,0,0,0,0,0,0,43,45,0,131,0,0,0,0,0
429,0,12,0,0,0,0,0,290940,0,0,0,0,47,0,0,0,0,0,0,0,0,0,0,0,0,0,0,0,0,0,0,0,0,0,0,0,0,45,93,0,0,0,0,0
429,0,13,0,0,0,0,0,290940,0,0,0,0,53,0,0,0,0,0,0,0,0,0,0,0,0,0,0,0,0,0,0,0,0,0,172,0,0,0,111,0,0,0,0,0
429,0,14,0,0,0,0,0,290940,0,0,0,0,47,0,0,0,0,0,0,0,0,0,0,0,0,0,0,0,0,0,0,0,0,0,0,0,86,0,63,0,0,0,0,0
429,0,15,0,0,0,0,0,290940,0,0,0,0,41,0,0,0,0,0,0,0,0,0,0,0,0,0,0,0,0,0,0,0,0,0,0,0,39,0,88,0,0,0,0,0
430,0,0,0,0,0,0,0,766820,0,0,3570,405504,136,0,0,0,0,0,9063,0,0,0,0,0,0,0,0,3570,3570,0,105187,0,462803,405504,0,865,0,136,284,0,0,0,0,207222
430,0,1,0,0,0,0,0,383410,9063,0,0,0,3419,0,0,0,0,0,0,0,0,0,0,0,0,0,0,0,1452,0,52266,0,193564,0,0,298,382,985,5928,0,0,26239,0,0
430,0,2,0,0,0,0,0,383410,0,0,0,0,422,24064,0,0,0,0,0,0,0,0,0,0,0,0,0,0,0,0,52429,0,98920,61235,0,648,666,1083,879,0,0,25396,0,23333
430,0,3,0,0,0,0,0,383410,0,0,0,0,427,24064,0,0,0,0,0,0,0,0,0,0,0,0,0,0,0,0,51830,0,0,61215,0,305,236,0,620,0,0,869,0,23707
430,0,4,0,0,0,0,0,383410,0,0,0,0,429,24064,0,0,0,0,0,0,0,0,0,0,0,0,0,0,0,0,0,0,0,61169,0,87,0,232,656,55618,0,0,0,22774
430,0,5,0,0,0,0,0,383410,0,0,0,0,441,24064,0,0,0,0,0,0,0,0,0,0,0,0,0,0,0,0,0,0,0,61263,1727,150,0,2,892,0,0,32698,0,23247
430,0,6,0,0,0,0,0,383410,0,0,0,0,457,24064,0,0,0,0,0,0,0,0,0,0,0,0,0,0,0,0,0,0,0,61192,0,43,730,1,687,0,0,27657,0,23214
430,0,7,0,0,0,0,0,383410,0,0,0,0,472,24064,0,0,0,0,0,0,0,0,0,0,0,0,0,0,0,0,0,0,0,60979,0,102,245,0,978,0,0,786,0,23860
430,0,8,0,0,0,0,0,383410,0,0,0,0,53,0,0,0,0,0,0,0,0,0,0,0,0,0,0,0,0,0,0,0,0,0,0,52,0,39,110,0,0,0,0,0
430,0,9,0,0,0,0,0,383410,0,0,0,0,47,0,0,0,0,0,0,0,0,0,0,0,0,0,0,0,0,0,0,0,0,0,380,40,0,0,53,0,0,0,0,0
430,0,10,0,0,0,0,0,383410,0,0,0,0,53,0,0,0,0,0,0,0,0,0,0,0,0,0,0,0,0,0,0,0,0,0,0,82,86,0,124,0,0,0,0,0
430,0,11,0,0,0,0,0,383410,0,0,0,0,47,0,0,0,0,0,0,0,0,0,0,0,0,0,0,0,0,0,0,0,0,0,0,42,45,0,147,0,0,0,0,0
430,0,12,0,0,0,0,0,383410,0,0,0,0,47,0,0,0,0,0,0,0,0,0,0,0,0,0,0,0,0,0,0,0,0,0,0,0,0,45,93,0,0,0,0,0
430,0,13,0,0,0,0,0,383410,0,0,0,0,53,0,0,0,0,0,0,0,0,0,0,0,0,0,0,0,0,0,0,0,0,0,172,0,0,0,111,0,0,0,0,0
430,0,14,0,0,0,0,0,383410,0,0,0,0,47,0,0,0,0,0,0,0,0,0,0,0,0,0,0,0,0,0,0,0,0,0,0,0,86,0,63,0,0,0,0,0
430,0,15,0,0,0,0,0,383410,0,0,0,0,41,0,0,0,0,0,0,0,0,0,0,0,0,0,0,0,0,0,0,0,0,0,0,0,39,0,91,0,0,0,0,0
431,0,0,0,0,0,0,0,767612,0,0,3592,405504,136,0,0,0,0,0,9093,0,0,0,0,0,0,0,0,3592,3592,0,105150,0,462786,405504,0,871,0,136,284,0,0,0,0,211119
431,0,1,0,0,0,0,0,383806,9093,0,0,0,3475,0,0,0,0,0,0,0,0,0,0,0,0,0,0,0,1458,0,52189,0,193515,0,0,278,368,985,6019,0,0,25556,0,0
431,0,2,0,0,0,0,0,383806,0,0,0,0,441,24064,0,0,0,0,0,0,0,0,0,0,0,0,0,0,0,0,52389,0,99093,61251,0,664,661,1070,906,0,0,25162,0,23291
431,0,3,0,0,0,0,0,383806,0,0,0,0,437,24064,0,0,0,0,0,0,0,0,0,0,0,0,0,0,0,0,51871,0,0,61184,0,319,229,0,638,0,0,913,0,23633
431,0,4,0,0,0,0,0,383806,0,0,0,0,430,24064,0,0,0,0,0,0,0,0,0,0,0,0,0,0,0,0,0,0,0,61227,0,87,0,237,643,55855,0,0,0,22958
431,0,5,0,0,0,0,0,383806,0,0,0,0,447,24064,0,0,0,0,0,0,0,0,0,0,0,0,0,0,0,0,0,0,0,61272,1719,150,0,2,922,0,0,33094,0,23304
431,0,6,0,0,0,0,0,383806,0,0,0,0,442,24064,0,0,0,0,0,0,0,0,0,0,0,0,0,0,0,0,0,0,0,61157,0,43,743,1,658,0,0,27306,0,23191
431,0,7,0,0,0,0,0,383806,0,0,0,0,467,24064,0,0,0,0,0,0,0,0,0,0,0,0,0,0,0,0,0,0,0,61015,0,101,253,0,965,0,0,617,0,23895
431,0,8,0,0,0,0,0,383806,0,0,0,0,53,0,0,0,0,0,0,0,0,0,0,0,0,0,0,0,0,0,0,0,0,0,0,52,0,39,110,0,0,0,0,0
431,0,9,0,0,0,0,0,383806,0,0,0,0,47,0,0,0,0,0,0,0,0,0,0,0,0,0,0,0,0,0,0,0,0,0,380,40,0,0,53,0,0,0,0,0
431,0,10,0,0,0,0,0,383806,0,0,0,0,53,0,0,0,0,0,0,0,0,0,0,0,0,0,0,0,0,0,0,0,0,0,0,82,86,0,124,0,0,0,0,0
431,0,11,0,0,0,0,0,383806,0,0,0,0,47,0,0,0,0,0,0,0,0,0,0,0,0,0,0,0,0,0,0,0,0,0,0,43,45,0,131,0,0,0,0,0
431,0,12,0,0,0,0,0,383806,0,0,0,0,47,0,0,0,0,0,0,0,0,0,0,0,0,0,0,0,0,0,0,0,0,0,0,0,0,45,93,0,0,0,0,0
431,0,13,0,0,0,0,0,383806,0,0,0,0,53,0,0,0,0,0,0,0,0,0,0,0,0,0,0,0,0,0,0,0,0,0,172,0,0,0,111,0,0,0,0,0
431,0,14,0,0,0,0,0,383806,0,0,0,0,47,0,0,0,0,0,0,0,0,0,0,0,0,0,0,0,0,0,0,0,0,0,0,0,86,0,63,0,0,0,0,0
431,0,15,0,0,0,0,0,383806,0,0,0,0,41,0,0,0,0,0,0,0,0,0,0,0,0,0,0,0,0,0,0,0,0,0,0,0,39,0,90,0,0,0,0,0
432,0,0,0,0,0,0,0,727430,0,0,3096,405504,136,0,0,0,0,0,8349,0,0,0,0,0,0,0,0,3096,3096,0,104950,0,455742,405504,0,811,0,136,284,0,0,0,0,152128
432,0,1,0,0,0,0,0,363715,8349,0,0,0,2653,0,0,0,0,0,0,0,0,0,0,0,0,0,0,0,36,0,50716,0,188982,0,0,335,425,1197,4928,0,0,25569,0,0
432,0,2,0,0,0,0,0,363715,0,0,0,0,432,24064,0,0,0,0,0,0,0,0,0,0,0,0,0,0,0,0,51722,0,97297,61434,0,508,607,796,771,0,0,23096,0,24052
432,0,3,0,0,0,0,0,363715,0,0,0,0,433,24064,0,0,0,0,0,0,0,0,0,0,0,0,0,0,0,0,52218,0,0,61436,0,354,174,0,698,0,0,13,0,24060
432,0,4,0,0,0,0,0,363715,0,0,0,0,429,24064,0,0,0,0,0,0,0,0,0,0,0,0,0,0,0,0,0,0,0,61435,0,87,0,178,701,49742,0,0,0,24044
432,0,5,0,0,0,0,0,363715,0,0,0,0,432,24064,0,0,0,0,0,0,0,0,0,0,0,0,0,0,0,0,0,0,0,61437,1546,150,0,1,758,0,0,24252,0,24057
432,0,6,0,0,0,0,0,363715,0,0,0,0,431,24064,0,0,0,0,0,0,0,0,0,0,0,0,0,0,0,0,0,0,0,61434,0,43,613,1,691,0,0,24064,0,24064
432,0,7,0,0,0,0,0,363715,0,0,0,0,438,24064,0,0,0,0,0,0,0,0,0,0,0,0,0,0,0,0,0,0,0,60930,0,101,169,0,786,0,0,0,0,24064
432,0,8,0,0,0,0,0,363715,0,0,0,0,53,0,0,0,0,0,0,0,0,0,0,0,0,0,0,0,0,0,0,0,0,0,0,52,0,39,110,0,0,0,0,0
432,0,9,0,0,0,0,0,363715,0,0,0,0,47,0,0,0,0,0,0,0,0,0,0,0,0,0,0,0,0,0,0,0,0,0,380,40,0,0,53,0,0,0,0,0
432,0,10,0,0,0,0,0,363715,0,0,0,0,53,0,0,0,0,0,0,0,0,0,0,0,0,0,0,0,0,0,0,0,0,0,0,82,86,0,124,0,0,0,0,0
432,0,11,0,0,0,0,0,363715,0,0,0,0,47,0,0,0,0,0,0,0,0,0,0,0,0,0,0,0,0,0,0,0,0,0,0,43,45,0,147,0,0,0,0,0
432,0,12,0,0,0,0,0,363715,0,0,0,0,47,0,0,0,0,0,0,0,0,0,0,0,0,0,0,0,0,0,0,0,0,0,0,0,0,45,93,0,0,0,0,0
432,0,13,0,0,0,0,0,363715,0,0,0,0,53,0,0,0,0,0,0,0,0,0,0,0,0,0,0,0,0,0,0,0,0,0,172,0,0,0,111,0,0,0,0,0
432,0,14,0,0,0,0,0,363715,0,0,0,0,47,0,0,0,0,0,0,0,0,0,0,0,0,0,0,0,0,0,0,0,0,0,0,0,86,0,63,0,0,0,0,0
432,0,15,0,0,0,0,0,363715,0,0,0,0,41,0,0,0,0,0,0,0,0,0,0,0,0,0,0,0,0,0,0,0,0,0,0,0,39,0,90,0,0,0,0,0
433,0,0,0,0,0,0,0,979100,0,0,4580,540672,136,0,0,0,0,0,10590,0,0,0,0,0,0,0,0,4580,4580,0,195725,0,530187,540672,0,1390,0,136,284,0,0,0,0,515828
433,0,1,0,0,0,0,0,489550,10590,0,0,0,4161,0,0,0,0,0,0,0,0,0,0,0,0,0,0,0,2369,0,98790,0,188002,0,0,468,526,941,7209,0,0,35104,0,0
433,0,2,0,0,0,0,0,489550,0,0,0,0,403,24064,0,0,0,0,0,0,0,0,0,0,0,0,0,0,0,0,52129,0,98101,61274,0,669,592,1036,832,0,0,26679,0,22577
433,0,3,0,0,0,0,0,489550,0,0,0,0,389,24064,0,0,0,0,0,0,0,0,0,0,0,0,0,0,0,0,51815,0,0,61272,0,315,217,0,572,0,0,2451,0,22867
433,0,4,0,0,0,0,0,489550,0,0,0,0,389,24064,0,0,0,0,0,0,0,0,0,0,0,0,0,0,0,0,51896,0,0,61253,0,271,0,226,578,131500,0,0,0,21634
433,0,5,0,0,0,0,0,489550,0,0,0,0,462,24064,0,0,0,0,0,0,0,0,0,0,0,0,0,0,0,0,52100,0,0,61176,2268,537,0,1,941,0,0,69966,0,22180
433,0,6,0,0,0,0,0,489550,0,0,0,0,464,24064,0,0,0,0,0,0,0,0,0,0,0,0,0,0,0,0,0,0,0,61210,0,39,742,1,683,0,0,31661,0,22840
433,0,7,0,0,0,0,0,489550,0,0,0,0,483,24064,0,0,0,0,0,0,0,0,0,0,0,0,0,0,0,0,0,0,0,60978,0,102,241,0,988,0,0,3276,0,23238
433,0,8,0,0,0,0,0,489550,0,0,0,0,429,24064,0,0,0,0,0,0,0,0,0,0,0,0,0,0,0,0,0,0,0,61019,0,52,0,232,873,37807,0,0,0,22414
433,0,9,0,0,0,0,0,489550,0,0,0,0,443,24064,0,0,0,0,0,0,0,0,0,0,0,0,0,0,0,0,0,0,0,61188,931,40,0,0,635,0,0,4699,0,22519
433,0,10,0,0,0,0,0,489550,0,0,0,0,56,0,0,0,0,0,0,0,0,0,0,0,0,0,0,0,0,0,0,0,0,0,0,86,86,2,127,0,0,0,0,0
433,0,11,0,0,0,0,0,489550,0,0,0,0,50,0,0,0,0,0,0,0,0,0,0,0,0,0,0,0,0,0,0,0,0,0,0,42,42,0,118,0,0,0,0,0
433,0,12,0,0,0,0,0,489550,0,0,0,0,50,0,0,0,0,0,0,0,0,0,0,0,0,0,0,0,0,0,0,0,0,0,0,0,0,42,96,0,0,0,0,0
433,0,13,0,0,0,0,0,489550,0,0,0,0,56,0,0,0,0,0,0,0,0,0,0,0,0,0,0,0,0,0,0,0,0,0,172,0,0,0,114,0,0,0,0,0
433,0,14,0,0,0,0,0,489550,0,0,0,0,50,0,0,0,0,0,0,0,0,0,0,0,0,0,0,0,0,0,0,0,0,0,0,0,86,0,62,0,0,0,0,0
433,0,15,0,0,0,0,0,489550,0,0,0,0,44,0,0,0,0,0,0,0,0,0,0,0,0,0,0,0,0,0,0,0,0,0,0,0,36,0,96,0,0,0,0,0
434,0,0,0,0,0,0,0,974866,0,0,4552,540672,136,0,0,0,0,0,10548,0,0,0,0,0,0,0,0,4552,4552,0,195659,0,531324,540672,0,1386,0,136,284,0,0,0,0,527626
434,0,1,0,0,0,0,0,487433,10548,0,0,0,4105,0,0,0,0,0,0,0,0,0,0,0,0,0,0,0,2530,0,99145,0,188657,0,0,488,539,936,7096,0,0,32459,0,0
434,0,2,0,0,0,0,0,487433,0,0,0,0,380,24064,0,0,0,0,0,0,0,0,0,0,0,0,0,0,0,0,52113,0,98543,61281,0,661,612,1044,797,0,0,29471,0,22798
434,0,3,0,0,0,0,0,487433,0,0,0,0,387,24064,0,0,0,0,0,0,0,0,0,0,0,0,0,0,0,0,51904,0,0,61326,0,304,219,0,565,0,0,2407,0,22899
434,0,4,0,0,0,0,0,487433,0,0,0,0,383,24064,0,0,0,0,0,0,0,0,0,0,0,0,0,0,0,0,51950,0,0,61213,0,281,0,228,573,125173,0,0,0,21638
434,0,5,0,0,0,0,0,487433,0,0,0,0,445,24064,0,0,0,0,0,0,0,0,0,0,0,0,0,0,0,0,52136,0,0,61177,2277,525,0,2,908,0,0,70637,0,22285
434,0,6,0,0,0,0,0,487433,0,0,0,0,459,24064,0,0,0,0,0,0,0,0,0,0,0,0,0,0,0,0,0,0,0,61165,0,43,720,0,676,0,0,31305,0,23163
434,0,7,0,0,0,0,0,487433,0,0,0,0,462,24064,0,0,0,0,0,0,0,0,0,0,0,0,0,0,0,0,0,0,0,61001,0,102,254,0,971,0,0,5814,0,22917
434,0,8,0,0,0,0,0,487433,0,0,0,0,430,24064,0,0,0,0,0,0,0,0,0,0,0,0,0,0,0,0,0,0,0,61059,0,52,0,231,864,37282,0,0,0,22140
434,0,9,0,0,0,0,0,487433,0,0,0,0,440,24064,0,0,0,0,0,0,0,0,0,0,0,0,0,0,0,0,0,0,0,61212,932,40,0,1,642,0,0,4802,0,22577
434,0,10,0,0,0,0,0,487433,0,0,0,0,53,0,0,0,0,0,0,0,0,0,0,0,0,0,0,0,0,0,0,0,0,0,0,82,86,1,124,0,0,0,0,0
434,0,11,0,0,0,0,0,487433,0,0,0,0,47,0,0,0,0,0,0,0,0,0,0,0,0,0,0,0,0,0,0,0,0,0,0,43,45,0,131,0,0,0,0,0
434,0,12,0,0,0,0,0,487433,0,0,0,0,47,0,0,0,0,0,0,0,0,0,0,0,0,0,0,0,0,0,0,0,0,0,0,0,0,45,93,0,0,0,0,0
434,0,13,0,0,0,0,0,487433,0,0,0,0,53,0,0,0,0,0,0,0,0,0,0,0,0,0,0,0,0,0,0,0,0,0,172,0,0,0,111,0,0,0,0,0
434,0,14,0,0,0,0,0,487433,0,0,0,0,47,0,0,0,0,0,0,0,0,0,0,0,0,0,0,0,0,0,0,0,0,0,0,0,86,0,63,0,0,0,0,0
434,0,15,0,0,0,0,0,487433,0,0,0,0,41,0,0,0,0,0,0,0,0,0,0,0,0,0,0,0,0,0,0,0,0,0,0,0,39,0,92,0,0,0,0,0
435,0,0,0,0,0,0,0,975431,0,0,4544,540672,136,0,0,0,0,0,10536,0,0,0,0,0,0,0,0,4544,4544,0,195589,0,532960,540672,0,1382,0,136,284,0,0,0,0,526379
435,0,1,0,0,0,0,0,487716,10536,0,0,0,4108,0,0,0,0,0,0,0,0,0,0,0,0,0,0,0,2410,0,99384,0,188827,0,0,455,557,940,7132,0,0,32635,0,0
435,0,2,0,0,0,0,0,487716,0,0,0,0,400,24064,0,0,0,0,0,0,0,0,0,0,0,0,0,0,0,0,52199,0,98080,61310,0,648,597,1054,818,0,0,26881,0,22568
435,0,3,0,0,0,0,0,487716,0,0,0,0,391,24064,0,0,0,0,0,0,0,0,0,0,0,0,0,0,0,0,51821,0,0,61271,0,293,216,0,569,0,0,2096,0,23099
435,0,4,0,0,0,0,0,487716,0,0,0,0,391,24064,0,0,0,0,0,0,0,0,0,0,0,0,0,0,0,0,51829,0,0,61209,0,284,0,220,596,126853,0,0,0,21782
435,0,5,0,0,0,0,0,487716,0,0,0,0,446,24064,0,0,0,0,0,0,0,0,0,0,0,0,0,0,0,0,52166,0,0,61190,2251,534,0,1,927,0,0,66675,0,22218
435,0,6,0,0,0,0,0,487716,0,0,0,0,458,24064,0,0,0,0,0,0,0,0,0,0,0,0,0,0,0,0,0,0,0,61207,0,43,731,2,688,0,0,32589,0,22643
435,0,7,0,0,0,0,0,487716,0,0,0,0,474,24064,0,0,0,0,0,0,0,0,0,0,0,0,0,0,0,0,0,0,0,60937,0,100,243,0,993,0,0,3522,0,23257
435,0,8,0,0,0,0,0,487716,0,0,0,0,435,24064,0,0,0,0,0,0,0,0,0,0,0,0,0,0,0,0,0,0,0,61007,0,52,0,222,862,37621,0,0,0,22055
435,0,9,0,0,0,0,0,487716,0,0,0,0,430,24064,0,0,0,0,0,0,0,0,0,0,0,0,0,0,0,0,0,0,0,61225,945,40,0,1,621,0,0,4511,0,22586
435,0,10,0,0,0,0,0,487716,0,0,0,0,53,0,0,0,0,0,0,0,0,0,0,0,0,0,0,0,0,0,0,0,0,0,0,82,86,1,124,0,0,0,0,0
435,0,11,0,0,0,0,0,487716,0,0,0,0,47,0,0,0,0,0,0,0,0,0,0,0,0,0,0,0,0,0,0,0,0,0,0,45,45,0,147,0,0,0,0,0
435,0,12,0,0,0,0,0,487716,0,0,0,0,47,0,0,0,0,0,0,0,0,0,0,0,0,0,0,0,0,0,0,0,0,0,0,0,0,45,93,0,0,0,0,0
435,0,13,0,0,0,0,0,487716,0,0,0,0,53,0,0,0,0,0,0,0,0,0,0,0,0,0,0,0,0,0,0,0,0,0,172,0,0,0,111,0,0,0,0,0
435,0,14,0,0,0,0,0,487716,0,0,0,0,47,0,0,0,0,0,0,0,0,0,0,0,0,0,0,0,0,0,0,0,0,0,0,0,86,0,63,0,0,0,0,0
435,0,15,0,0,0,0,0,487716,0,0,0,0,41,0,0,0,0,0,0,0,0,0,0,0,0,0,0,0,0,0,0,0,0,0,0,0,39,0,90,0,0,0,0,0
436,0,0,0,0,0,0,0,1165205,0,0,5590,675840,136,0,0,0,0,0,12117,0,0,0,0,0,0,0,0,5590,5590,0,195059,0,694284,675840,0,1340,0,136,284,0,0,0,0,743209
436,0,1,0,0,0,0,0,582602,12117,0,0,0,4805,0,0,0,0,0,0,0,0,0,0,0,0,0,0,0,2754,0,98640,0,271372,0,0,487,517,1299,8310,0,0,45626,0,0
436,0,2,0,0,0,0,0,582602,0,0,0,0,350,24064,0,0,0,0,0,0,0,0,0,0,0,0,0,0,0,0,98766,0,138972,61227,0,1077,533,1401,717,0,0,36948,0,21882
436,0,3,0,0,0,0,0,582602,0,0,0,0,344,24064,0,0,0,0,0,0,0,0,0,0,0,0,0,0,0,0,98590,0,0,61237,0,519,194,0,493,0,0,3975,0,22246
436,0,4,0,0,0,0,0,582602,0,0,0,0,365,24064,0,0,0,0,0,0,0,0,0,0,0,0,0,0,0,0,51925,0,0,61179,0,281,0,194,536,259382,0,0,0,20956
436,0,5,0,0,0,0,0,582602,0,0,0,0,412,24064,0,0,0,0,0,0,0,0,0,0,0,0,0,0,0,0,52198,0,0,61267,2876,565,0,1,836,0,0,106271,0,21359
436,0,6,0,0,0,0,0,582602,0,0,0,0,435,24064,0,0,0,0,0,0,0,0,0,0,0,0,0,0,0,0,52141,0,0,61267,0,262,670,1,626,0,0,45351,0,21729
436,0,7,0,0,0,0,0,582602,0,0,0,0,438,24064,0,0,0,0,0,0,0,0,0,0,0,0,0,0,0,0,52206,0,0,61091,0,546,230,0,898,0,0,12092,0,21968
436,0,8,0,0,0,0,0,582602,0,0,0,0,428,24064,0,0,0,0,0,0,0,0,0,0,0,0,0,0,0,0,0,0,0,61108,0,52,0,239,868,182647,0,0,0,21297
436,0,9,0,0,0,0,0,582602,0,0,0,0,465,24064,0,0,0,0,0,0,0,0,0,0,0,0,0,0,0,0,0,0,0,61229,1619,40,0,1,683,0,0,80448,0,21960
436,0,10,0,0,0,0,0,582602,0,0,0,0,507,24064,0,0,0,0,0,0,0,0,0,0,0,0,0,0,0,0,0,0,0,61211,0,86,740,2,1014,0,0,48962,0,21827
436,0,11,0,0,0,0,0,582602,0,0,0,0,500,24064,0,0,0,0,0,0,0,0,0,0,0,0,0,0,0,0,0,0,0,61175,0,44,249,0,1141,0,0,8481,0,22633
436,0,12,0,0,0,0,0,582602,0,0,0,0,50,0,0,0,0,0,0,0,0,0,0,0,0,0,0,0,0,0,0,0,0,0,0,0,0,42,96,0,0,0,0,0
436,0,13,0,0,0,0,0,582602,0,0,0,0,56,0,0,0,0,0,0,0,0,0,0,0,0,0,0,0,0,0,0,0,0,0,172,0,0,0,114,0,0,0,0,0
436,0,14,0,0,0,0,0,582602,0,0,0,0,50,0,0,0,0,0,0,0,0,0,0,0,0,0,0,0,0,0,0,0,0,0,0,0,86,0,62,0,0,0,0,0
436,0,15,0,0,0,0,0,582602,0,0,0,0,44,0,0,0,0,0,0,0,0,0,0,0,0,0,0,0,0,0,0,0,0,0,0,0,36,0,96,0,0,0,0,0
437,0,0,0,0,0,0,0,1160466,0,0,5550,675840,136,0,0,0,0,0,12057,0,0,0,0,0,0,0,0,5550,5550,0,194777,0,694595,675840,0,1334,0,136,284,0,0,0,0,742382
437,0,1,0,0,0,0,0,580233,12057,0,0,0,4783,0,0,0,0,0,0,0,0,0,0,0,0,0,0,0,2695,0,98476,0,271389,0,0,464,528,1293,8277,0,0,43958,0,0
437,0,2,0,0,0,0,0,580233,0,0,0,0,342,24064,0,0,0,0,0,0,0,0,0,0,0,0,0,0,0,0,98831,0,138747,61261,0,1066,529,1382,716,0,0,36506,0,21828
437,0,3,0,0,0,0,0,580233,0,0,0,0,338,24064,0,0,0,0,0,0,0,0,0,0,0,0,0,0,0,0,98430,0,0,61224,0,514,197,0,496,0,0,3736,0,22248
437,0,4,0,0,0,0,0,580233,0,0,0,0,354,24064,0,0,0,0,0,0,0,0,0,0,0,0,0,0,0,0,51873,0,0,61173,0,280,0,199,534,258749,0,0,0,20964
437,0,5,0,0,0,0,0,580233,0,0,0,0,420,24064,0,0,0,0,0,0,0,0,0,0,0,0,0,0,0,0,52227,0,0,61286,2851,571,0,0,857,0,0,109692,0,21330
437,0,6,0,0,0,0,0,580233,0,0,0,0,433,24064,0,0,0,0,0,0,0,0,0,0,0,0,0,0,0,0,52041,0,0,61215,0,249,670,2,636,0,0,43040,0,22102
437,0,7,0,0,0,0,0,580233,0,0,0,0,438,24064,0,0,0,0,0,0,0,0,0,0,0,0,0,0,0,0,52141,0,0,61133,0,532,228,0,906,0,0,13029,0,21815
437,0,8,0,0,0,0,0,580233,0,0,0,0,444,24064,0,0,0,0,0,0,0,0,0,0,0,0,0,0,0,0,0,0,0,61045,0,52,0,223,885,175962,0,0,0,21350
437,0,9,0,0,0,0,0,580233,0,0,0,0,476,24064,0,0,0,0,0,0,0,0,0,0,0,0,0,0,0,0,0,0,0,61180,1600,40,0,1,682,0,0,82938,0,21856
437,0,10,0,0,0,0,0,580233,0,0,0,0,476,24064,0,0,0,0,0,0,0,0,0,0,0,0,0,0,0,0,0,0,0,61248,0,86,740,2,986,0,0,44546,0,22180
437,0,11,0,0,0,0,0,580233,0,0,0,0,478,24064,0,0,0,0,0,0,0,0,0,0,0,0,0,0,0,0,0,0,0,61181,0,44,262,0,1024,0,0,12187,0,22345
437,0,12,0,0,0,0,0,580233,0,0,0,0,50,0,0,0,0,0,0,0,0,0,0,0,0,0,0,0,0,0,0,0,0,0,0,0,0,42,96,0,0,0,0,0
437,0,13,0,0,0,0,0,580233,0,0,0,0,56,0,0,0,0,0,0,0,0,0,0,0,0,0,0,0,0,0,0,0,0,0,172,0,0,0,114,0,0,0,0,0
437,0,14,0,0,0,0,0,580233,0,0,0,0,50,0,0,0,0,0,0,0,0,0,0,0,0,0,0,0,0,0,0,0,0,0,0,0,86,0,62,0,0,0,0,0
437,0,15,0,0,0,0,0,580233,0,0,0,0,44,0,0,0,0,0,0,0,0,0,0,0,0,0,0,0,0,0,0,0,0,0,0,0,36,0,96,0,0,0,0,0
438,0,0,0,0,0,0,0,1162129,0,0,5548,675840,136,0,0,0,0,0,12054,0,0,0,0,0,0,0,0,5548,5548,0,194856,0,694125,675840,0,1332,0,136,284,0,0,0,0,739268
438,0,1,0,0,0,0,0,581065,12054,0,0,0,4751,0,0,0,0,0,0,0,0,0,0,0,0,0,0,0,2679,0,98664,0,270976,0,0,490,543,1282,8269,0,0,46041,0,0
438,0,2,0,0,0,0,0,581065,0,0,0,0,347,24064,0,0,0,0,0,0,0,0,0,0,0,0,0,0,0,0,98753,0,138464,61216,0,1065,531,1390,723,0,0,36675,0,21877
438,0,3,0,0,0,0,0,581065,0,0,0,0,345,24064,0,0,0,0,0,0,0,0,0,0,0,0,0,0,0,0,98350,0,0,61214,0,507,190,0,500,0,0,4241,0,22186
438,0,4,0,0,0,0,0,581065,0,0,0,0,355,24064,0,0,0,0,0,0,0,0,0,0,0,0,0,0,0,0,51877,0,0,61184,0,297,0,200,534,260826,0,0,0,20953
438,0,5,0,0,0,0,0,581065,0,0,0,0,412,24064,0,0,0,0,0,0,0,0,0,0,0,0,0,0,0,0,52270,0,0,61272,2823,560,0,1,836,0,0,108920,0,21353
438,0,6,0,0,0,0,0,581065,0,0,0,0,432,24064,0,0,0,0,0,0,0,0,0,0,0,0,0,0,0,0,52082,0,0,61249,0,258,665,1,627,0,0,44846,0,21738
438,0,7,0,0,0,0,0,581065,0,0,0,0,433,24064,0,0,0,0,0,0,0,0,0,0,0,0,0,0,0,0,52148,0,0,61074,0,536,232,0,902,0,0,10126,0,22125
438,0,8,0,0,0,0,0,581065,0,0,0,0,433,24064,0,0,0,0,0,0,0,0,0,0,0,0,0,0,0,0,0,0,0,61067,0,52,0,230,853,176921,0,0,0,21354
438,0,9,0,0,0,0,0,581065,0,0,0,0,466,24064,0,0,0,0,0,0,0,0,0,0,0,0,0,0,0,0,0,0,0,61224,1637,40,0,1,687,0,0,84933,0,21905
438,0,10,0,0,0,0,0,581065,0,0,0,0,497,24064,0,0,0,0,0,0,0,0,0,0,0,0,0,0,0,0,0,0,0,61208,0,82,706,2,1002,0,0,47564,0,22209
438,0,11,0,0,0,0,0,581065,0,0,0,0,466,24064,0,0,0,0,0,0,0,0,0,0,0,0,0,0,0,0,0,0,0,61159,0,43,275,0,888,0,0,12546,0,22207
438,0,12,0,0,0,0,0,581065,0,0,0,0,47,0,0,0,0,0,0,0,0,0,0,0,0,0,0,0,0,0,0,0,0,0,0,0,0,45,93,0,0,0,0,0
438,0,13,0,0,0,0,0,581065,0,0,0,0,53,0,0,0,0,0,0,0,0,0,0,0,0,0,0,0,0,0,0,0,0,0,172,0,0,0,111,0,0,0,0,0
438,0,14,0,0,0,0,0,581065,0,0,0,0,47,0,0,0,0,0,0,0,0,0,0,0,0,0,0,0,0,0,0,0,0,0,0,0,86,0,63,0,0,0,0,0
438,0,15,0,0,0,0,0,581065,0,0,0,0,41,0,0,0,0,0,0,0,0,0,0,0,0,0,0,0,0,0,0,0,0,0,0,0,39,0,94,0,0,0,0,0
439,0,0,0,0,0,0,0,1425705,0,0,7056,878592,136,0,0,0,0,0,14331,0,0,0,0,0,0,0,0,7056,7056,0,270770,0,830448,878592,0,1839,0,136,284,0,0,0,0,1083178
439,0,1,0,0,0,0,0,712853,14331,0,0,0,5789,0,0,0,0,0,0,0,0,0,0,0,0,0,0,0,3235,0,138912,0,303980,0,0,689,688,1411,9911,0,0,53583,0,0
439,0,2,0,0,0,0,0,712853,0,0,0,0,296,24064,0,0,0,0,0,0,0,0,0,0,0,0,0,0,0,0,138557,0,136337,61165,0,1469,467,1310,625,0,0,44973,0,21591
439,0,3,0,0,0,0,0,712853,0,0,0,0,299,24064,0,0,0,0,0,0,0,0,0,0,0,0,0,0,0,0,97852,0,0,61181,0,484,166,0,429,0,0,6855,0,21905
439,0,4,0,0,0,0,0,712853,0,0,0,0,316,24064,0,0,0,0,0,0,0,0,0,0,0,0,0,0,0,0,97434,0,0,61191,0,470,0,163,467,436591,0,0,0,20757
439,0,5,0,0,0,0,0,712853,0,0,0,0,364,24064,0,0,0,0,0,0,0,0,0,0,0,0,0,0,0,0,99047,0,0,61256,3785,1003,0,1,743,0,0,133764,0,20810
439,0,6,0,0,0,0,0,712853,0,0,0,0,377,24064,0,0,0,0,0,0,0,0,0,0,0,0,0,0,0,0,98797,0,0,61236,0,485,594,2,546,0,0,60831,0,21090
439,0,7,0,0,0,0,0,712853,0,0,0,0,382,24064,0,0,0,0,0,0,0,0,0,0,0,0,0,0,0,0,52047,0,0,61016,0,536,209,0,815,0,0,16851,0,21368
439,0,8,0,0,0,0,0,712853,0,0,0,0,400,24064,0,0,0,0,0,0,0,0,0,0,0,0,0,0,0,0,52000,0,0,61110,0,481,0,207,801,406112,0,0,0,20374
439,0,9,0,0,0,0,0,712853,0,0,0,0,473,24064,0,0,0,0,0,0,0,0,0,0,0,0,0,0,0,0,51989,0,0,61227,2473,279,0,1,689,0,0,202625,0,21089
439,0,10,0,0,0,0,0,712853,0,0,0,0,503,24064,0,0,0,0,0,0,0,0,0,0,0,0,0,0,0,0,51939,0,0,61270,0,528,752,1,1014,0,0,93149,0,21361
439,0,11,0,0,0,0,0,712853,0,0,0,0,500,24064,0,0,0,0,0,0,0,0,0,0,0,0,0,0,0,0,0,0,0,61218,0,47,256,0,1148,0,0,22993,0,21812
439,0,12,0,0,0,0,0,712853,0,0,0,0,474,24064,0,0,0,0,0,0,0,0,0,0,0,0,0,0,0,0,0,0,0,61274,0,0,0,255,730,206091,0,0,0,20941
439,0,13,0,0,0,0,0,712853,0,0,0,0,498,24064,0,0,0,0,0,0,0,0,0,0,0,0,0,0,0,0,0,0,0,61285,1252,0,0,1,980,0,0,92872,0,21241
439,0,14,0,0,0,0,0,712853,0,0,0,0,488,24064,0,0,0,0,0,0,0,0,0,0,0,0,0,0,0,0,0,0,0,61271,0,0,308,2,721,0,0,23659,0,21902
439,0,15,0,0,0,0,0,712853,0,0,0,0,44,0,0,0,0,0,0,0,0,0,0,0,0,0,0,0,0,0,0,0,0,0,0,0,36,0,94,0,0,0,0,0
440,0,0,0,0,0,0,0,1430574,0,0,7118,878592,136,0,0,0,0,0,14424,0,0,0,0,0,0,0,0,7118,7118,0,270363,0,832823,878592,0,1849,0,136,284,0,0,0,0,1078408
440,0,1,0,0,0,0,0,715287,14424,0,0,0,5776,0,0,0,0,0,0,0,0,0,0,0,0,0,0,0,3330,0,139205,0,304719,0,0,691,705,1467,9919,0,0,55736,0,0
440,0,2,0,0,0,0,0,715287,0,0,0,0,306,24064,0,0,0,0,0,0,0,0,0,0,0,0,0,0,0,0,139567,0,135842,61203,0,1442,464,1302,646,0,0,48284,0,21622
440,0,3,0,0,0,0,0,715287,0,0,0,0,302,24064,0,0,0,0,0,0,0,0,0,0,0,0,0,0,0,0,97694,0,0,61148,0,493,167,0,441,0,0,7970,0,22002
440,0,4,0,0,0,0,0,715287,0,0,0,0,315,24064,0,0,0,0,0,0,0,0,0,0,0,0,0,0,0,0,97366,0,0,61198,0,481,0,164,472,431551,0,0,0,20737
440,0,5,0,0,0,0,0,715287,0,0,0,0,364,24064,0,0,0,0,0,0,0,0,0,0,0,0,0,0,0,0,99379,0,0,61252,3829,1018,0,2,746,0,0,137301,0,20739
440,0,6,0,0,0,0,0,715287,0,0,0,0,395,24064,0,0,0,0,0,0,0,0,0,0,0,0,0,0,0,0,99167,0,0,61240,0,510,594,0,584,0,0,61940,0,20760
440,0,7,0,0,0,0,0,715287,0,0,0,0,397,24064,0,0,0,0,0,0,0,0,0,0,0,0,0,0,0,0,51968,0,0,61099,0,545,196,0,820,0,0,16172,0,21357
440,0,8,0,0,0,0,0,715287,0,0,0,0,407,24064,0,0,0,0,0,0,0,0,0,0,0,0,0,0,0,0,51955,0,0,61091,0,479,0,204,809,405639,0,0,0,20410
440,0,9,0,0,0,0,0,715287,0,0,0,0,484,24064,0,0,0,0,0,0,0,0,0,0,0,0,0,0,0,0,52000,0,0,61214,2481,271,0,2,709,0,0,212128,0,20901
440,0,10,0,0,0,0,0,715287,0,0,0,0,490,24064,0,0,0,0,0,0,0,0,0,0,0,0,0,0,0,0,52011,0,0,61265,0,523,775,0,997,0,0,94611,0,21411
440,0,11,0,0,0,0,0,715287,0,0,0,0,505,24064,0,0,0,0,0,0,0,0,0,0,0,0,0,0,0,0,0,0,0,61249,0,45,256,0,1208,0,0,28017,0,21555
440,0,12,0,0,0,0,0,715287,0,0,0,0,460,24064,0,0,0,0,0,0,0,0,0,0,0,0,0,0,0,0,0,0,0,61283,0,0,0,275,724,217118,0,0,0,21150
440,0,13,0,0,0,0,0,715287,0,0,0,0,488,24064,0,0,0,0,0,0,0,0,0,0,0,0,0,0,0,0,0,0,0,61274,1258,0,0,1,988,0,0,97961,0,21532
440,0,14,0,0,0,0,0,715287,0,0,0,0,485,24064,0,0,0,0,0,0,0,0,0,0,0,0,0,0,0,0,0,0,0,61215,0,0,318,2,733,0,0,29926,0,21423
440,0,15,0,0,0,0,0,715287,0,0,0,0,41,0,0,0,0,0,0,0,0,0,0,0,0,0,0,0,0,0,0,0,0,0,0,0,39,0,93,0,0,0,0,0
441,0,0,0,0,0,0,0,1425522,0,0,7136,878592,136,0,0,0,0,0,14451,0,0,0,0,0,0,0,0,7136,7136,0,270650,0,828747,878592,0,1853,0,136,284,0,0,0,0,1072362
441,0,1,0,0,0,0,0,712761,14451,0,0,0,5809,0,0,0,0,0,0,0,0,0,0,0,0,0,0,0,3275,0,138357,0,303880,0,0,670,700,1478,9996,0,0,54792,0,0
441,0,2,0,0,0,0,0,712761,0,0,0,0,308,24064,0,0,0,0,0,0,0,0,0,0,0,0,0,0,0,0,138890,0,135944,61167,0,1452,463,1307,640,0,0,46342,0,21599
441,0,3,0,0,0,0,0,712761,0,0,0,0,299,24064,0,0,0,0,0,0,0,0,0,0,0,0,0,0,0,0,97681,0,0,61185,0,492,174,0,442,0,0,7950,0,21879
441,0,4,0,0,0,0,0,712761,0,0,0,0,301,24064,0,0,0,0,0,0,0,0,0,0,0,0,0,0,0,0,97447,0,0,61182,0,481,0,182,454,426092,0,0,0,20668
441,0,5,0,0,0,0,0,712761,0,0,0,0,373,24064,0,0,0,0,0,0,0,0,0,0,0,0,0,0,0,0,98910,0,0,61267,3804,1037,0,0,753,0,0,134251,0,20736
441,0,6,0,0,0,0,0,712761,0,0,0,0,377,24064,0,0,0,0,0,0,0,0,0,0,0,0,0,0,0,0,98888,0,0,61252,0,501,586,2,571,0,0,61883,0,20808
441,0,7,0,0,0,0,0,712761,0,0,0,0,368,24064,0,0,0,0,0,0,0,0,0,0,0,0,0,0,0,0,52003,0,0,61081,0,553,226,0,787,0,0,15493,0,21421
441,0,8,0,0,0,0,0,712761,0,0,0,0,402,24064,0,0,0,0,0,0,0,0,0,0,0,0,0,0,0,0,51968,0,0,61092,0,478,0,211,805,394885,0,0,0,20490
441,0,9,0,0,0,0,0,712761,0,0,0,0,450,24064,0,0,0,0,0,0,0,0,0,0,0,0,0,0,0,0,52031,0,0,61222,2499,251,0,1,672,0,0,210428,0,20976
441,0,10,0,0,0,0,0,712761,0,0,0,0,503,24064,0,0,0,0,0,0,0,0,0,0,0,0,0,0,0,0,52026,0,0,61253,0,530,761,1,1016,0,0,92663,0,21458
441,0,11,0,0,0,0,0,712761,0,0,0,0,501,24064,0,0,0,0,0,0,0,0,0,0,0,0,0,0,0,0,0,0,0,61207,0,46,261,0,925,0,0,28350,0,21698
441,0,12,0,0,0,0,0,712761,0,0,0,0,475,24064,0,0,0,0,0,0,0,0,0,0,0,0,0,0,0,0,0,0,0,61254,0,0,0,258,738,210638,0,0,0,21012
441,0,13,0,0,0,0,0,712761,0,0,0,0,498,24064,0,0,0,0,0,0,0,0,0,0,0,0,0,0,0,0,0,0,0,61289,1284,0,0,1,1018,0,0,100981,0,21033
441,0,14,0,0,0,0,0,712761,0,0,0,0,506,24064,0,0,0,0,0,0,0,0,0,0,0,0,0,0,0,0,0,0,0,61236,0,0,299,2,749,0,0,30246,0,21603
441,0,15,0,0,0,0,0,712761,0,0,0,0,41,0,0,0,0,0,0,0,0,0,0,0,0,0,0,0,0,0,0,0,0,0,0,0,39,0,92,0,0,0,0,0
442,0,0,0,0,0,0,0,1163569,0,0,8112,67584,136,0,0,0,0,0,15846,0,0,0,0,0,0,0,0,8112,8112,0,0,0,87228,67584,0,294,0,136,284,0,0,0,0,293885
442,0,1,0,0,0,0,0,581785,15846,0,0,0,5887,0,0,0,0,0,0,0,0,0,0,0,0,0,0,0,3002,0,0,0,52118,0,0,78,172,3484,11411,0,0,292771,0,0
442,0,2,0,0,0,0,0,581785,0,0,0,0,4844,292864,0,0,0,0,0,0,0,0,0,0,0,0,0,0,0,0,0,0,0,59682,0,250,3405,274,9722,0,0,3,0,292864
442,0,3,0,0,0,0,0,581785,0,0,0,0,47,0,0,0,0,0,0,0,0,0,0,0,0,0,0,0,0,0,0,0,0,0,0,99,45,0,55,0,0,0,0,0
442,0,4,0,0,0,0,0,581785,0,0,0,0,50,0,0,0,0,0,0,0,0,0,0,0,0,0,0,0,0,0,0,0,0,0,0,87,0,42,67,0,0,0,0,0
442,0,5,0,0,0,0,0,581785,0,0,0,0,50,0,0,0,0,0,0,0,0,0,0,0,0,0,0,0,0,0,0,0,0,0,525,150,0,0,116,0,0,0,0,0
442,0,6,0,0,0,0,0,581785,0,0,0,0,50,0,0,0,0,0,0,0,0,0,0,0,0,0,0,0,0,0,0,0,0,0,0,39,95,0,55,0,0,0,0,0
442,0,7,0,0,0,0,0,581785,0,0,0,0,53,0,0,0,0,0,0,0,0,0,0,0,0,0,0,0,0,0,0,0,0,0,0,99,39,0,138,0,0,0,0,0
442,0,8,0,0,0,0,0,581785,0,0,0,0,56,0,0,0,0,0,0,0,0,0,0,0,0,0,0,0,0,0,0,0,0,0,0,52,0,36,113,0,0,0,0,0
442,0,9,0,0,0,0,0,581785,0,0,0,0,50,0,0,0,0,0,0,0,0,0,0,0,0,0,0,0,0,0,0,0,0,0,380,40,0,0,56,0,0,0,0,0
442,0,10,0,0,0,0,0,581785,0,0,0,0,56,0,0,0,0,0,0,0,0,0,0,0,0,0,0,0,0,0,0,0,0,0,0,86,86,0,127,0,0,0,0,0
442,0,11,0,0,0,0,0,581785,0,0,0,0,50,0,0,0,0,0,0,0,0,0,0,0,0,0,0,0,0,0,0,0,0,0,0,40,42,0,118,0,0,0,0,0
442,0,12,0,0,0,0,0,581785,0,0,0,0,50,0,0,0,0,0,0,0,0,0,0,0,0,0,0,0,0,0,0,0,0,0,0,0,0,42,96,0,0,0,0,0
442,0,13,0,0,0,0,0,581785,0,0,0,0,56,0,0,0,0,0,0,0,0,0,0,0,0,0,0,0,0,0,0,0,0,0,172,0,0,0,114,0,0,0,0,0
442,0,14,0,0,0,0,0,581785,0,0,0,0,50,0,0,0,0,0,0,0,0,0,0,0,0,0,0,0,0,0,0,0,0,0,0,0,86,0,62,0,0,0,0,0
442,0,15,0,0,0,0,0,581785,0,0,0,0,44,0,0,0,0,0,0,0,0,0,0,0,0,0,0,0,0,0,0,0,0,0,0,0,36,0,91,0,0,0,0,0
443,0,0,0,0,0,0,0,1164507,0,0,8122,67584,136,0,0,0,0,0,15861,0,0,0,0,0,0,0,0,8122,8122,0,0,0,87264,67584,0,294,0,136,284,0,0,0,0,293767
443,0,1,0,0,0,0,0,582254,15861,0,0,0,5856,0,0,0,0,0,0,0,0,0,0,0,0,0,0,0,3009,0,0,0,52131,0,0,79,173,3523,11357,0,0,292787,0,0
443,0,2,0,0,0,0,0,582254,0,0,0,0,4818,292864,0,0,0,0,0,0,0,0,0,0,0,0,0,0,0,0,0,0,0,59706,0,246,3441,276,9669,0,0,0,0,292864
443,0,3,0,0,0,0,0,582254,0,0,0,0,47,0,0,0,0,0,0,0,0,0,0,0,0,0,0,0,0,0,0,0,0,0,0,97,45,0,55,0,0,0,0,0
443,0,4,0,0,0,0,0,582254,0,0,0,0,47,0,0,0,0,0,0,0,0,0,0,0,0,0,0,0,0,0,0,0,0,0,0,87,0,45,66,0,0,0,0,0
443,0,5,0,0,0,0,0,582254,0,0,0,0,47,0,0,0,0,0,0,0,0,0,0,0,0,0,0,0,0,0,0,0,0,0,522,150,0,0,112,0,0,0,0,0
443,0,6,0,0,0,0,0,582254,0,0,0,0,47,0,0,0,0,0,0,0,0,0,0,0,0,0,0,0,0,0,0,0,0,0,0,43,98,0,52,0,0,0,0,0
443,0,7,0,0,0,0,0,582254,0,0,0,0,53,0,0,0,0,0,0,0,0,0,0,0,0,0,0,0,0,0,0,0,0,0,0,99,39,0,140,0,0,0,0,0
443,0,8,0,0,0,0,0,582254,0,0,0,0,53,0,0,0,0,0,0,0,0,0,0,0,0,0,0,0,0,0,0,0,0,0,0,52,0,39,110,0,0,0,0,0
443,0,9,0,0,0,0,0,582254,0,0,0,0,47,0,0,0,0,0,0,0,0,0,0,0,0,0,0,0,0,0,0,0,0,0,380,40,0,0,53,0,0,0,0,0
443,0,10,0,0,0,0,0,582254,0,0,0,0,53,0,0,0,0,0,0,0,0,0,0,0,0,0,0,0,0,0,0,0,0,0,0,82,86,0,124,0,0,0,0,0
443,0,11,0,0,0,0,0,582254,0,0,0,0,47,0,0,0,0,0,0,0,0,0,0,0,0,0,0,0,0,0,0,0,0,0,0,40,45,0,147,0,0,0,0,0
443,0,12,0,0,0,0,0,582254,0,0,0,0,47,0,0,0,0,0,0,0,0,0,0,0,0,0,0,0,0,0,0,0,0,0,0,0,0,45,93,0,0,0,0,0
443,0,13,0,0,0,0,0,582254,0,0,0,0,53,0,0,0,0,0,0,0,0,0,0,0,0,0,0,0,0,0,0,0,0,0,172,0,0,0,111,0,0,0,0,0
443,0,14,0,0,0,0,0,582254,0,0,0,0,47,0,0,0,0,0,0,0,0,0,0,0,0,0,0,0,0,0,0,0,0,0,0,0,86,0,63,0,0,0,0,0
443,0,15,0,0,0,0,0,582254,0,0,0,0,41,0,0,0,0,0,0,0,0,0,0,0,0,0,0,0,0,0,0,0,0,0,0,0,39,0,88,0,0,0,0,0
444,0,0,0,0,0,0,0,1163828,0,0,8116,67584,136,0,0,0,0,0,15852,0,0,0,0,0,0,0,0,8116,8116,0,0,0,87216,67584,0,294,0,136,284,0,0,0,0,293803
444,0,1,0,0,0,0,0,581914,15852,0,0,0,5888,0,0,0,0,0,0,0,0,0,0,0,0,0,0,0,2980,0,0,0,52091,0,0,78,172,3487,11413,0,0,292781,0,0
444,0,2,0,0,0,0,0,581914,0,0,0,0,4846,292864,0,0,0,0,0,0,0,0,0,0,0,0,0,0,0,0,0,0,0,59696,0,250,3408,273,9725,0,0,0,0,292864
444,0,3,0,0,0,0,0,581914,0,0,0,0,47,0,0,0,0,0,0,0,0,0,0,0,0,0,0,0,0,0,0,0,0,0,0,100,45,0,55,0,0,0,0,0
444,0,4,0,0,0,0,0,581914,0,0,0,0,50,0,0,0,0,0,0,0,0,0,0,0,0,0,0,0,0,0,0,0,0,0,0,87,0,42,67,0,0,0,0,0
444,0,5,0,0,0,0,0,581914,0,0,0,0,50,0,0,0,0,0,0,0,0,0,0,0,0,0,0,0,0,0,0,0,0,0,525,150,0,0,116,0,0,0,0,0
444,0,6,0,0,0,0,0,581914,0,0,0,0,50,0,0,0,0,0,0,0,0,0,0,0,0,0,0,0,0,0,0,0,0,0,0,39,95,0,55,0,0,0,0,0
444,0,7,0,0,0,0,0,581914,0,0,0,0,53,0,0,0,0,0,0,0,0,0,0,0,0,0,0,0,0,0,0,0,0,0,0,98,39,0,138,0,0,0,0,0
444,0,8,0,0,0,0,0,581914,0,0,0,0,56,0,0,0,0,0,0,0,0,0,0,0,0,0,0,0,0,0,0,0,0,0,0,52,0,36,113,0,0,0,0,0
444,0,9,0,0,0,0,0,581914,0,0,0,0,50,0,0,0,0,0,0,0,0,0,0,0,0,0,0,0,0,0,0,0,0,0,380,40,0,0,56,0,0,0,0,0
444,0,10,0,0,0,0,0,581914,0,0,0,0,56,0,0,0,0,0,0,0,0,0,0,0,0,0,0,0,0,0,0,0,0,0,0,86,86,0,127,0,0,0,0,0
444,0,11,0,0,0,0,0,581914,0,0,0,0,50,0,0,0,0,0,0,0,0,0,0,0,0,0,0,0,0,0,0,0,0,0,0,41,42,0,118,0,0,0,0,0
444,0,12,0,0,0,0,0,581914,0,0,0,0,50,0,0,0,0,0,0,0,0,0,0,0,0,0,0,0,0,0,0,0,0,0,0,0,0,42,96,0,0,0,0,0
444,0,13,0,0,0,0,0,581914,0,0,0,0,56,0,0,0,0,0,0,0,0,0,0,0,0,0,0,0,0,0,0,0,0,0,172,0,0,0,114,0,0,0,0,0
444,0,14,0,0,0,0,0,581914,0,0,0,0,50,0,0,0,0,0,0,0,0,0,0,0,0,0,0,0,0,0,0,0,0,0,0,0,86,0,62,0,0,0,0,0
444,0,15,0,0,0,0,0,581914,0,0,0,0,44,0,0,0,0,0,0,0,0,0,0,0,0,0,0,0,0,0,0,0,0,0,0,0,36,0,90,0,0,0,0,0
445,0,0,0,0,0,0,0,1348755,0,0,8196,135168,136,0,0,0,0,0,15978,0,0,0,0,0,0,0,0,8196,8196,0,0,0,158003,135168,0,294,0,136,284,0,0,0,0,672573
445,0,1,0,0,0,0,0,674377,15978,0,0,0,6295,0,0,0,0,0,0,0,0,0,0,0,0,0,0,0,4821,0,0,0,96149,0,0,78,172,3161,10970,0,0,291990,0,0
445,0,2,0,0,0,0,0,674377,0,0,0,0,2855,292864,0,0,0,0,0,0,0,0,0,0,0,0,0,0,0,0,0,0,50975,59979,0,250,4336,3057,5357,0,0,295323,0,268007
445,0,3,0,0,0,0,0,674377,0,0,0,0,3003,292864,0,0,0,0,0,0,0,0,0,0,0,0,0,0,0,0,0,0,0,60460,0,100,1186,0,4326,0,0,24522,0,276517
445,0,4,0,0,0,0,0,674377,0,0,0,0,50,0,0,0,0,0,0,0,0,0,0,0,0,0,0,0,0,0,0,0,0,0,0,87,0,42,67,0,0,0,0,0
445,0,5,0,0,0,0,0,674377,0,0,0,0,50,0,0,0,0,0,0,0,0,0,0,0,0,0,0,0,0,0,0,0,0,0,525,150,0,0,116,0,0,0,0,0
445,0,6,0,0,0,0,0,674377,0,0,0,0,50,0,0,0,0,0,0,0,0,0,0,0,0,0,0,0,0,0,0,0,0,0,0,39,95,0,55,0,0,0,0,0
445,0,7,0,0,0,0,0,674377,0,0,0,0,53,0,0,0,0,0,0,0,0,0,0,0,0,0,0,0,0,0,0,0,0,0,0,99,39,0,138,0,0,0,0,0
445,0,8,0,0,0,0,0,674377,0,0,0,0,56,0,0,0,0,0,0,0,0,0,0,0,0,0,0,0,0,0,0,0,0,0,0,52,0,36,113,0,0,0,0,0
445,0,9,0,0,0,0,0,674377,0,0,0,0,50,0,0,0,0,0,0,0,0,0,0,0,0,0,0,0,0,0,0,0,0,0,380,40,0,0,56,0,0,0,0,0
445,0,10,0,0,0,0,0,674377,0,0,0,0,56,0,0,0,0,0,0,0,0,0,0,0,0,0,0,0,0,0,0,0,0,0,0,86,86,0,127,0,0,0,0,0
445,0,11,0,0,0,0,0,674377,0,0,0,0,50,0,0,0,0,0,0,0,0,0,0,0,0,0,0,0,0,0,0,0,0,0,0,41,42,0,134,0,0,0,0,0
445,0,12,0,0,0,0,0,674377,0,0,0,0,50,0,0,0,0,0,0,0,0,0,0,0,0,0,0,0,0,0,0,0,0,0,0,0,0,42,96,0,0,0,0,0
445,0,13,0,0,0,0,0,674377,0,0,0,0,56,0,0,0,0,0,0,0,0,0,0,0,0,0,0,0,0,0,0,0,0,0,172,0,0,0,114,0,0,0,0,0
445,0,14,0,0,0,0,0,674377,0,0,0,0,50,0,0,0,0,0,0,0,0,0,0,0,0,0,0,0,0,0,0,0,0,0,0,0,86,0,62,0,0,0,0,0
445,0,15,0,0,0,0,0,674377,0,0,0,0,44,0,0,0,0,0,0,0,0,0,0,0,0,0,0,0,0,0,0,0,0,0,0,0,36,0,91,0,0,0,0,0
446,0,0,0,0,0,0,0,1348926,0,0,8196,135168,136,0,0,0,0,0,15978,0,0,0,0,0,0,0,0,8196,8196,0,0,0,158032,135168,0,294,0,136,284,0,0,0,0,677478
446,0,1,0,0,0,0,0,674463,15978,0,0,0,6272,0,0,0,0,0,0,0,0,0,0,0,0,0,0,0,4892,0,0,0,96119,0,0,79,172,3183,11018,0,0,291840,0,0
446,0,2,0,0,0,0,0,674463,0,0,0,0,2890,292864,0,0,0,0,0,0,0,0,0,0,0,0,0,0,0,0,0,0,51026,59961,0,246,4268,3078,5353,0,0,295379,0,267993
446,0,3,0,0,0,0,0,674463,0,0,0,0,2969,292864,0,0,0,0,0,0,0,0,0,0,0,0,0,0,0,0,0,0,0,60445,0,99,1219,0,4273,0,0,24546,0,276501
446,0,4,0,0,0,0,0,674463,0,0,0,0,47,0,0,0,0,0,0,0,0,0,0,0,0,0,0,0,0,0,0,0,0,0,0,87,0,45,66,0,0,0,0,0
446,0,5,0,0,0,0,0,674463,0,0,0,0,47,0,0,0,0,0,0,0,0,0,0,0,0,0,0,0,0,0,0,0,0,0,522,150,0,0,112,0,0,0,0,0
446,0,6,0,0,0,0,0,674463,0,0,0,0,47,0,0,0,0,0,0,0,0,0,0,0,0,0,0,0,0,0,0,0,0,0,0,43,98,0,52,0,0,0,0,0
446,0,7,0,0,0,0,0,674463,0,0,0,0,53,0,0,0,0,0,0,0,0,0,0,0,0,0,0,0,0,0,0,0,0,0,0,98,39,0,140,0,0,0,0,0
446,0,8,0,0,0,0,0,674463,0,0,0,0,53,0,0,0,0,0,0,0,0,0,0,0,0,0,0,0,0,0,0,0,0,0,0,52,0,39,110,0,0,0,0,0
446,0,9,0,0,0,0,0,674463,0,0,0,0,47,0,0,0,0,0,0,0,0,0,0,0,0,0,0,0,0,0,0,0,0,0,380,40,0,0,53,0,0,0,0,0
446,0,10,0,0,0,0,0,674463,0,0,0,0,53,0,0,0,0,0,0,0,0,0,0,0,0,0,0,0,0,0,0,0,0,0,0,82,86,0,124,0,0,0,0,0
446,0,11,0,0,0,0,0,674463,0,0,0,0,47,0,0,0,0,0,0,0,0,0,0,0,0,0,0,0,0,0,0,0,0,0,0,42,45,0,131,0,0,0,0,0
446,0,12,0,0,0,0,0,674463,0,0,0,0,47,0,0,0,0,0,0,0,0,0,0,0,0,0,0,0,0,0,0,0,0,0,0,0,0,45,93,0,0,0,0,0
446,0,13,0,0,0,0,0,674463,0,0,0,0,53,0,0,0,0,0,0,0,0,0,0,0,0,0,0,0,0,0,0,0,0,0,172,0,0,0,111,0,0,0,0,0
446,0,14,0,0,0,0,0,674463,0,0,0,0,47,0,0,0,0,0,0,0,0,0,0,0,0,0,0,0,0,0,0,0,0,0,0,0,86,0,63,0,0,0,0,0
446,0,15,0,0,0,0,0,674463,0,0,0,0,41,0,0,0,0,0,0,0,0,0,0,0,0,0,0,0,0,0,0,0,0,0,0,0,39,0,87,0,0,0,0,0
447,0,0,0,0,0,0,0,1348395,0,0,8196,135168,136,0,0,0,0,0,15975,0,0,0,0,0,0,0,0,8196,8196,0,0,0,160740,135168,0,294,0,136,284,0,0,0,0,661991
447,0,1,0,0,0,0,0,674198,15975,0,0,0,6288,0,0,0,0,0,0,0,0,0,0,0,0,0,0,0,3042,0,0,0,98659,0,0,78,172,3168,11009,0,0,293860,0,0
447,0,2,0,0,0,0,0,674198,0,0,0,0,2965,292864,0,0,0,0,0,0,0,0,0,0,0,0,0,0,0,0,0,0,49250,59686,0,250,4290,2803,5714,0,0,317772,0,266375
447,0,3,0,0,0,0,0,674198,0,0,0,0,3067,292864,0,0,0,0,0,0,0,0,0,0,0,0,0,0,0,0,0,0,0,61433,0,100,1122,0,4644,0,0,25751,0,275744
447,0,4,0,0,0,0,0,674198,0,0,0,0,50,0,0,0,0,0,0,0,0,0,0,0,0,0,0,0,0,0,0,0,0,0,0,87,0,42,67,0,0,0,0,0
447,0,5,0,0,0,0,0,674198,0,0,0,0,50,0,0,0,0,0,0,0,0,0,0,0,0,0,0,0,0,0,0,0,0,0,525,150,0,0,116,0,0,0,0,0
447,0,6,0,0,0,0,0,674198,0,0,0,0,50,0,0,0,0,0,0,0,0,0,0,0,0,0,0,0,0,0,0,0,0,0,0,39,95,0,55,0,0,0,0,0
447,0,7,0,0,0,0,0,674198,0,0,0,0,53,0,0,0,0,0,0,0,0,0,0,0,0,0,0,0,0,0,0,0,0,0,0,99,39,0,138,0,0,0,0,0
447,0,8,0,0,0,0,0,674198,0,0,0,0,56,0,0,0,0,0,0,0,0,0,0,0,0,0,0,0,0,0,0,0,0,0,0,52,0,36,113,0,0,0,0,0
447,0,9,0,0,0,0,0,674198,0,0,0,0,50,0,0,0,0,0,0,0,0,0,0,0,0,0,0,0,0,0,0,0,0,0,380,40,0,0,56,0,0,0,0,0
447,0,10,0,0,0,0,0,674198,0,0,0,0,56,0,0,0,0,0,0,0,0,0,0,0,0,0,0,0,0,0,0,0,0,0,0,86,86,0,127,0,0,0,0,0
447,0,11,0,0,0,0,0,674198,0,0,0,0,50,0,0,0,0,0,0,0,0,0,0,0,0,0,0,0,0,0,0,0,0,0,0,41,42,0,150,0,0,0,0,0
447,0,12,0,0,0,0,0,674198,0,0,0,0,50,0,0,0,0,0,0,0,0,0,0,0,0,0,0,0,0,0,0,0,0,0,0,0,0,42,96,0,0,0,0,0
447,0,13,0,0,0,0,0,674198,0,0,0,0,56,0,0,0,0,0,0,0,0,0,0,0,0,0,0,0,0,0,0,0,0,0,172,0,0,0,114,0,0,0,0,0
447,0,14,0,0,0,0,0,674198,0,0,0,0,50,0,0,0,0,0,0,0,0,0,0,0,0,0,0,0,0,0,0,0,0,0,0,0,86,0,62,0,0,0,0,0
447,0,15,0,0,0,0,0,674198,0,0,0,0,44,0,0,0,0,0,0,0,0,0,0,0,0,0,0,0,0,0,0,0,0,0,0,0,36,0,91,0,0,0,0,0
448,0,0,0,0,0,0,0,1848808,0,0,12234,270336,136,0,0,0,0,0,22044,0,0,0,0,0,0,0,0,12234,12234,0,104394,0,262125,270336,0,3357,0,136,284,0,0,0,0,1394341
448,0,1,0,0,0,0,0,924404,22044,0,0,0,8959,0,0,0,0,0,0,0,0,0,0,0,0,0,0,0,5688,0,51842,0,96188,0,0,1178,1284,2325,15694,0,0,633494,0,0
448,0,2,0,0,0,0,0,924404,0,0,0,0,2068,292864,0,0,0,0,0,0,0,0,0,0,0,0,0,0,0,0,0,0,51663,61029,0,246,3191,2189,4194,0,0,547996,0,237167
448,0,3,0,0,0,0,0,924404,0,0,0,0,2112,292864,0,0,0,0,0,0,0,0,0,0,0,0,0,0,0,0,0,0,0,60905,0,99,1034,0,3263,0,0,192078,0,243746
448,0,4,0,0,0,0,0,924404,0,0,0,0,2154,292864,0,0,0,0,0,0,0,0,0,0,0,0,0,0,0,0,0,0,0,60774,0,87,0,999,3284,513297,0,0,0,246494
448,0,5,0,0,0,0,0,924404,0,0,0,0,2091,292864,0,0,0,0,0,0,0,0,0,0,0,0,0,0,0,0,0,0,0,60658,3644,150,0,0,4118,0,0,200576,0,244454
448,0,6,0,0,0,0,0,924404,0,0,0,0,47,0,0,0,0,0,0,0,0,0,0,0,0,0,0,0,0,0,0,0,0,0,0,43,98,2,52,0,0,0,0,0
448,0,7,0,0,0,0,0,924404,0,0,0,0,53,0,0,0,0,0,0,0,0,0,0,0,0,0,0,0,0,0,0,0,0,0,0,98,39,0,140,0,0,0,0,0
448,0,8,0,0,0,0,0,924404,0,0,0,0,53,0,0,0,0,0,0,0,0,0,0,0,0,0,0,0,0,0,0,0,0,0,0,52,0,39,110,0,0,0,0,0
448,0,9,0,0,0,0,0,924404,0,0,0,0,47,0,0,0,0,0,0,0,0,0,0,0,0,0,0,0,0,0,0,0,0,0,380,40,0,0,53,0,0,0,0,0
448,0,10,0,0,0,0,0,924404,0,0,0,0,53,0,0,0,0,0,0,0,0,0,0,0,0,0,0,0,0,0,0,0,0,0,0,82,86,0,124,0,0,0,0,0
448,0,11,0,0,0,0,0,924404,0,0,0,0,47,0,0,0,0,0,0,0,0,0,0,0,0,0,0,0,0,0,0,0,0,0,0,44,45,0,131,0,0,0,0,0
448,0,12,0,0,0,0,0,924404,0,0,0,0,47,0,0,0,0,0,0,0,0,0,0,0,0,0,0,0,0,0,0,0,0,0,0,0,0,45,93,0,0,0,0,0
448,0,13,0,0,0,0,0,924404,0,0,0,0,53,0,0,0,0,0,0,0,0,0,0,0,0,0,0,0,0,0,0,0,0,0,172,0,0,0,111,0,0,0,0,0
448,0,14,0,0,0,0,0,924404,0,0,0,0,47,0,0,0,0,0,0,0,0,0,0,0,0,0,0,0,0,0,0,0,0,0,0,0,86,0,63,0,0,0,0,0
448,0,15,0,0,0,0,0,924404,0,0,0,0,41,0,0,0,0,0,0,0,0,0,0,0,0,0,0,0,0,0,0,0,0,0,0,0,39,0,87,0,0,0,0,0
449,0,0,0,0,0,0,0,1843875,0,0,12236,270336,136,0,0,0,0,0,22050,0,0,0,0,0,0,0,0,12236,12236,0,104382,0,260874,270336,0,3357,0,136,284,0,0,0,0,1394925
449,0,1,0,0,0,0,0,921938,22050,0,0,0,8963,0,0,0,0,0,0,0,0,0,0,0,0,0,0,0,5907,0,51940,0,95795,0,0,1204,1312,2269,15744,0,0,630583,0,0
449,0,2,0,0,0,0,0,921938,0,0,0,0,2075,292864,0,0,0,0,0,0,0,0,0,0,0,0,0,0,0,0,0,0,51422,60957,0,246,3192,2263,4184,0,0,556210,0,235551
449,0,3,0,0,0,0,0,921938,0,0,0,0,2122,292864,0,0,0,0,0,0,0,0,0,0,0,0,0,0,0,0,0,0,0,60937,0,97,1025,0,3200,0,0,188505,0,244957
449,0,4,0,0,0,0,0,921938,0,0,0,0,2138,292864,0,0,0,0,0,0,0,0,0,0,0,0,0,0,0,0,0,0,0,60793,0,87,0,1015,3296,510187,0,0,0,247652
449,0,5,0,0,0,0,0,921938,0,0,0,0,2122,292864,0,0,0,0,0,0,0,0,0,0,0,0,0,0,0,0,0,0,0,60519,3599,150,0,0,4125,0,0,205292,0,243138
449,0,6,0,0,0,0,0,921938,0,0,0,0,47,0,0,0,0,0,0,0,0,0,0,0,0,0,0,0,0,0,0,0,0,0,0,43,98,2,52,0,0,0,0,0
449,0,7,0,0,0,0,0,921938,0,0,0,0,53,0,0,0,0,0,0,0,0,0,0,0,0,0,0,0,0,0,0,0,0,0,0,100,39,0,140,0,0,0,0,0
449,0,8,0,0,0,0,0,921938,0,0,0,0,53,0,0,0,0,0,0,0,0,0,0,0,0,0,0,0,0,0,0,0,0,0,0,52,0,39,110,0,0,0,0,0
449,0,9,0,0,0,0,0,921938,0,0,0,0,47,0,0,0,0,0,0,0,0,0,0,0,0,0,0,0,0,0,0,0,0,0,380,40,0,0,53,0,0,0,0,0
449,0,10,0,0,0,0,0,921938,0,0,0,0,53,0,0,0,0,0,0,0,0,0,0,0,0,0,0,0,0,0,0,0,0,0,0,82,86,0,124,0,0,0,0,0
449,0,11,0,0,0,0,0,921938,0,0,0,0,47,0,0,0,0,0,0,0,0,0,0,0,0,0,0,0,0,0,0,0,0,0,0,42,45,0,131,0,0,0,0,0
449,0,12,0,0,0,0,0,921938,0,0,0,0,47,0,0,0,0,0,0,0,0,0,0,0,0,0,0,0,0,0,0,0,0,0,0,0,0,45,93,0,0,0,0,0
449,0,13,0,0,0,0,0,921938,0,0,0,0,53,0,0,0,0,0,0,0,0,0,0,0,0,0,0,0,0,0,0,0,0,0,172,0,0,0,111,0,0,0,0,0
449,0,14,0,0,0,0,0,921938,0,0,0,0,47,0,0,0,0,0,0,0,0,0,0,0,0,0,0,0,0,0,0,0,0,0,0,0,86,0,63,0,0,0,0,0
449,0,15,0,0,0,0,0,921938,0,0,0,0,41,0,0,0,0,0,0,0,0,0,0,0,0,0,0,0,0,0,0,0,0,0,0,0,39,0,89,0,0,0,0,0
450,0,0,0,0,0,0,0,1845872,0,0,12252,270336,136,0,0,0,0,0,22074,0,0,0,0,0,0,0,0,12252,12252,0,104271,0,261633,270336,0,3361,0,136,284,0,0,0,0,1398081
450,0,1,0,0,0,0,0,922936,22074,0,0,0,9018,0,0,0,0,0,0,0,0,0,0,0,0,0,0,0,5828,0,51908,0,95840,0,0,1181,1292,2273,15730,0,0,630478,0,0
450,0,2,0,0,0,0,0,922936,0,0,0,0,2107,292864,0,0,0,0,0,0,0,0,0,0,0,0,0,0,0,0,0,0,51452,61042,0,246,3199,2216,4266,0,0,558233,0,234569
450,0,3,0,0,0,0,0,922936,0,0,0,0,2156,292864,0,0,0,0,0,0,0,0,0,0,0,0,0,0,0,0,0,0,0,60973,0,98,995,0,3284,0,0,187357,0,244941
450,0,4,0,0,0,0,0,922936,0,0,0,0,2184,292864,0,0,0,0,0,0,0,0,0,0,0,0,0,0,0,0,0,0,0,60669,0,87,0,973,3322,510155,0,0,0,248136
450,0,5,0,0,0,0,0,922936,0,0,0,0,2093,292864,0,0,0,0,0,0,0,0,0,0,0,0,0,0,0,0,0,0,0,60403,3677,150,0,1,4123,0,0,203928,0,242853
450,0,6,0,0,0,0,0,922936,0,0,0,0,47,0,0,0,0,0,0,0,0,0,0,0,0,0,0,0,0,0,0,0,0,0,0,43,98,1,52,0,0,0,0,0
450,0,7,0,0,0,0,0,922936,0,0,0,0,53,0,0,0,0,0,0,0,0,0,0,0,0,0,0,0,0,0,0,0,0,0,0,100,39,0,140,0,0,0,0,0
450,0,8,0,0,0,0,0,922936,0,0,0,0,53,0,0,0,0,0,0,0,0,0,0,0,0,0,0,0,0,0,0,0,0,0,0,52,0,39,110,0,0,0,0,0
450,0,9,0,0,0,0,0,922936,0,0,0,0,47,0,0,0,0,0,0,0,0,0,0,0,0,0,0,0,0,0,0,0,0,0,380,40,0,0,53,0,0,0,0,0
450,0,10,0,0,0,0,0,922936,0,0,0,0,53,0,0,0,0,0,0,0,0,0,0,0,0,0,0,0,0,0,0,0,0,0,0,82,86,0,124,0,0,0,0,0
450,0,11,0,0,0,0,0,922936,0,0,0,0,47,0,0,0,0,0,0,0,0,0,0,0,0,0,0,0,0,0,0,0,0,0,0,42,45,0,147,0,0,0,0,0
450,0,12,0,0,0,0,0,922936,0,0,0,0,47,0,0,0,0,0,0,0,0,0,0,0,0,0,0,0,0,0,0,0,0,0,0,0,0,45,93,0,0,0,0,0
450,0,13,0,0,0,0,0,922936,0,0,0,0,53,0,0,0,0,0,0,0,0,0,0,0,0,0,0,0,0,0,0,0,0,0,172,0,0,0,111,0,0,0,0,0
450,0,14,0,0,0,0,0,922936,0,0,0,0,47,0,0,0,0,0,0,0,0,0,0,0,0,0,0,0,0,0,0,0,0,0,0,0,86,0,63,0,0,0,0,0
450,0,15,0,0,0,0,0,922936,0,0,0,0,41,0,0,0,0,0,0,0,0,0,0,0,0,0,0,0,0,0,0,0,0,0,0,0,39,0,89,0,0,0,0,0
451,0,0,0,0,0,0,0,2857166,0,0,18806,405504,136,0,0,0,0,0,31917,0,0,0,0,0,0,0,0,18806,18806,0,103655,0,410824,405504,0,2507,0,136,284,0,0,0,0,2108285
451,0,1,0,0,0,0,0,1428583,31917,0,0,0,14102,0,0,0,0,0,0,0,0,0,0,0,0,0,0,0,9062,0,51605,0,182502,0,0,1210,933,4075,24380,0,0,641092,0,0
451,0,2,0,0,0,0,0,1428583,0,0,0,0,1413,292864,0,0,0,0,0,0,0,0,0,0,0,0,0,0,0,0,50537,0,96350,60554,0,3629,2114,5004,2844,0,0,507747,0,244992
451,0,3,0,0,0,0,0,1428583,0,0,0,0,1416,292864,0,0,0,0,0,0,0,0,0,0,0,0,0,0,0,0,52163,0,0,60647,0,1365,697,0,2110,0,0,210032,0,240788
451,0,4,0,0,0,0,0,1428583,0,0,0,0,1552,292864,0,0,0,0,0,0,0,0,0,0,0,0,0,0,0,0,0,0,0,60676,0,87,0,751,2330,969148,0,0,0,242995
451,0,5,0,0,0,0,0,1428583,0,0,0,0,2217,292864,0,0,0,0,0,0,0,0,0,0,0,0,0,0,0,0,0,0,0,60523,7746,150,0,0,4384,0,0,1024735,0,243783
451,0,6,0,0,0,0,0,1428583,0,0,0,0,2972,292864,0,0,0,0,0,0,0,0,0,0,0,0,0,0,0,0,0,0,0,61098,0,43,4754,2,4255,0,0,999264,0,243450
451,0,7,0,0,0,0,0,1428583,0,0,0,0,2976,292864,0,0,0,0,0,0,0,0,0,0,0,0,0,0,0,0,0,0,0,60782,0,101,1773,0,6454,0,0,415378,0,240331
451,0,8,0,0,0,0,0,1428583,0,0,0,0,53,0,0,0,0,0,0,0,0,0,0,0,0,0,0,0,0,0,0,0,0,0,0,52,0,39,110,0,0,0,0,0
451,0,9,0,0,0,0,0,1428583,0,0,0,0,47,0,0,0,0,0,0,0,0,0,0,0,0,0,0,0,0,0,0,0,0,0,380,40,0,0,53,0,0,0,0,0
451,0,10,0,0,0,0,0,1428583,0,0,0,0,53,0,0,0,0,0,0,0,0,0,0,0,0,0,0,0,0,0,0,0,0,0,0,82,86,0,124,0,0,0,0,0
451,0,11,0,0,0,0,0,1428583,0,0,0,0,47,0,0,0,0,0,0,0,0,0,0,0,0,0,0,0,0,0,0,0,0,0,0,43,45,0,131,0,0,0,0,0
451,0,12,0,0,0,0,0,1428583,0,0,0,0,47,0,0,0,0,0,0,0,0,0,0,0,0,0,0,0,0,0,0,0,0,0,0,0,0,45,93,0,0,0,0,0
451,0,13,0,0,0,0,0,1428583,0,0,0,0,53,0,0,0,0,0,0,0,0,0,0,0,0,0,0,0,0,0,0,0,0,0,172,0,0,0,111,0,0,0,0,0
451,0,14,0,0,0,0,0,1428583,0,0,0,0,47,0,0,0,0,0,0,0,0,0,0,0,0,0,0,0,0,0,0,0,0,0,0,0,86,0,63,0,0,0,0,0
451,0,15,0,0,0,0,0,1428583,0,0,0,0,41,0,0,0,0,0,0,0,0,0,0,0,0,0,0,0,0,0,0,0,0,0,0,0,39,0,90,0,0,0,0,0
452,0,0,0,0,0,0,0,2857557,0,0,18802,405504,136,0,0,0,0,0,31911,0,0,0,0,0,0,0,0,18802,18802,0,103641,0,410998,405504,0,2501,0,136,284,0,0,0,0,2104811
452,0,1,0,0,0,0,0,1428778,31911,0,0,0,13437,0,0,0,0,0,0,0,0,0,0,0,0,0,0,0,9053,0,51616,0,182652,0,0,1173,921,4785,23628,0,0,645446,0,0
452,0,2,0,0,0,0,0,1428778,0,0,0,0,1407,292864,0,0,0,0,0,0,0,0,0,0,0,0,0,0,0,0,50553,0,96473,60534,0,3170,2113,4760,2845,0,0,508133,0,245385
452,0,3,0,0,0,0,0,1428778,0,0,0,0,1403,292864,0,0,0,0,0,0,0,0,0,0,0,0,0,0,0,0,52119,0,0,60635,0,1582,716,0,2132,0,0,213512,0,240066
452,0,4,0,0,0,0,0,1428778,0,0,0,0,1538,292864,0,0,0,0,0,0,0,0,0,0,0,0,0,0,0,0,0,0,0,60654,0,87,0,759,2304,969599,0,0,0,242842
452,0,5,0,0,0,0,0,1428778,0,0,0,0,2175,292864,0,0,0,0,0,0,0,0,0,0,0,0,0,0,0,0,0,0,0,60497,7830,150,0,1,4367,0,0,1022929,0,243769
452,0,6,0,0,0,0,0,1428778,0,0,0,0,3087,292864,0,0,0,0,0,0,0,0,0,0,0,0,0,0,0,0,0,0,0,61073,0,39,4687,1,4833,0,0,992608,0,243423
452,0,7,0,0,0,0,0,1428778,0,0,0,0,3023,292864,0,0,0,0,0,0,0,0,0,0,0,0,0,0,0,0,0,0,0,60763,0,103,1727,0,6286,0,0,408019,0,240456
452,0,8,0,0,0,0,0,1428778,0,0,0,0,56,0,0,0,0,0,0,0,0,0,0,0,0,0,0,0,0,0,0,0,0,0,0,52,0,36,113,0,0,0,0,0
452,0,9,0,0,0,0,0,1428778,0,0,0,0,50,0,0,0,0,0,0,0,0,0,0,0,0,0,0,0,0,0,0,0,0,0,380,40,0,0,56,0,0,0,0,0
452,0,10,0,0,0,0,0,1428778,0,0,0,0,56,0,0,0,0,0,0,0,0,0,0,0,0,0,0,0,0,0,0,0,0,0,0,86,86,0,127,0,0,0,0,0
452,0,11,0,0,0,0,0,1428778,0,0,0,0,50,0,0,0,0,0,0,0,0,0,0,0,0,0,0,0,0,0,0,0,0,0,0,41,42,0,118,0,0,0,0,0
452,0,12,0,0,0,0,0,1428778,0,0,0,0,50,0,0,0,0,0,0,0,0,0,0,0,0,0,0,0,0,0,0,0,0,0,0,0,0,42,96,0,0,0,0,0
452,0,13,0,0,0,0,0,1428778,0,0,0,0,56,0,0,0,0,0,0,0,0,0,0,0,0,0,0,0,0,0,0,0,0,0,172,0,0,0,114,0,0,0,0,0
452,0,14,0,0,0,0,0,1428778,0,0,0,0,50,0,0,0,0,0,0,0,0,0,0,0,0,0,0,0,0,0,0,0,0,0,0,0,86,0,62,0,0,0,0,0
452,0,15,0,0,0,0,0,1428778,0,0,0,0,44,0,0,0,0,0,0,0,0,0,0,0,0,0,0,0,0,0,0,0,0,0,0,0,36,0,95,0,0,0,0,0
453,0,0,0,0,0,0,0,2859612,0,0,18808,405504,136,0,0,0,0,0,31920,0,0,0,0,0,0,0,0,18808,18808,0,103765,0,412828,405504,0,2497,0,136,284,0,0,0,0,2104565
453,0,1,0,0,0,0,0,1429806,31920,0,0,0,13427,0,0,0,0,0,0,0,0,0,0,0,0,0,0,0,9099,0,51675,0,183260,0,0,1200,937,4758,23698,0,0,643866,0,0
453,0,2,0,0,0,0,0,1429806,0,0,0,0,1430,292864,0,0,0,0,0,0,0,0,0,0,0,0,0,0,0,0,50494,0,96576,60580,0,3186,2135,4778,2869,0,0,508455,0,245274
453,0,3,0,0,0,0,0,1429806,0,0,0,0,1445,292864,0,0,0,0,0,0,0,0,0,0,0,0,0,0,0,0,52154,0,0,60692,0,1603,675,0,2140,0,0,213370,0,240017
453,0,4,0,0,0,0,0,1429806,0,0,0,0,1517,292864,0,0,0,0,0,0,0,0,0,0,0,0,0,0,0,0,0,0,0,60641,0,87,0,776,2300,967610,0,0,0,243036
453,0,5,0,0,0,0,0,1429806,0,0,0,0,2229,292864,0,0,0,0,0,0,0,0,0,0,0,0,0,0,0,0,0,0,0,60460,7734,150,0,1,4396,0,0,1023769,0,244155
453,0,6,0,0,0,0,0,1429806,0,0,0,0,3048,292864,0,0,0,0,0,0,0,0,0,0,0,0,0,0,0,0,0,0,0,61115,0,39,4714,1,4780,0,0,999530,0,243434
453,0,7,0,0,0,0,0,1429806,0,0,0,0,3009,292864,0,0,0,0,0,0,0,0,0,0,0,0,0,0,0,0,0,0,0,60777,0,102,1743,0,6254,0,0,415576,0,240009
453,0,8,0,0,0,0,0,1429806,0,0,0,0,56,0,0,0,0,0,0,0,0,0,0,0,0,0,0,0,0,0,0,0,0,0,0,52,0,36,113,0,0,0,0,0
453,0,9,0,0,0,0,0,1429806,0,0,0,0,50,0,0,0,0,0,0,0,0,0,0,0,0,0,0,0,0,0,0,0,0,0,380,40,0,0,56,0,0,0,0,0
453,0,10,0,0,0,0,0,1429806,0,0,0,0,56,0,0,0,0,0,0,0,0,0,0,0,0,0,0,0,0,0,0,0,0,0,0,86,86,0,127,0,0,0,0,0
453,0,11,0,0,0,0,0,1429806,0,0,0,0,50,0,0,0,0,0,0,0,0,0,0,0,0,0,0,0,0,0,0,0,0,0,0,42,42,0,4294967222,0,0,0,0,0
453,0,12,0,0,0,0,0,1429806,0,0,0,0,50,0,0,0,0,0,0,0,0,0,0,0,0,0,0,0,0,0,0,0,0,0,0,0,0,42,96,0,0,0,0,0
453,0,13,0,0,0,0,0,1429806,0,0,0,0,56,0,0,0,0,0,0,0,0,0,0,0,0,0,0,0,0,0,0,0,0,0,172,0,0,0,114,0,0,0,0,0
453,0,14,0,0,0,0,0,1429806,0,0,0,0,50,0,0,0,0,0,0,0,0,0,0,0,0,0,0,0,0,0,0,0,0,0,0,0,86,0,62,0,0,0,0,0
453,0,15,0,0,0,0,0,1429806,0,0,0,0,44,0,0,0,0,0,0,0,0,0,0,0,0,0,0,0,0,0,0,0,0,0,0,0,36,0,94,0,0,0,0,0
454,0,0,0,0,0,0,0,3607981,0,0,23618,540672,136,0,0,0,0,0,39144,0,0,0,0,0,0,0,0,23618,23618,0,190657,0,485459,540672,0,5466,0,136,284,0,0,0,0,2850487
454,0,1,0,0,0,0,0,1803990,39144,0,0,0,16657,0,0,0,0,0,0,0,0,0,0,0,0,0,0,0,10797,0,96978,0,180959,0,0,2180,1960,4337,29287,0,0,629525,0,0
454,0,2,0,0,0,0,0,1803990,0,0,0,0,1082,292864,0,0,0,0,0,0,0,0,0,0,0,0,0,0,0,0,50772,0,96012,60592,0,3164,1633,4262,2209,0,0,503870,0,244497
454,0,3,0,0,0,0,0,1803990,0,0,0,0,1082,292864,0,0,0,0,0,0,0,0,0,0,0,0,0,0,0,0,51556,0,0,60777,0,1628,552,0,1634,0,0,212952,0,239376
454,0,4,0,0,0,0,0,1803990,0,0,0,0,1417,292864,0,0,0,0,0,0,0,0,0,0,0,0,0,0,0,0,50510,0,0,60601,0,1143,0,752,2166,1314707,0,0,0,246564
454,0,5,0,0,0,0,0,1803990,0,0,0,0,2187,292864,0,0,0,0,0,0,0,0,0,0,0,0,0,0,0,0,51318,0,0,60678,10683,2193,0,2,4444,0,0,1458021,0,236774
454,0,6,0,0,0,0,0,1803990,0,0,0,0,3052,292864,0,0,0,0,0,0,0,0,0,0,0,0,0,0,0,0,0,0,0,60819,0,39,4523,1,4658,0,0,1390676,0,239555
454,0,7,0,0,0,0,0,1803990,0,0,0,0,2972,292864,0,0,0,0,0,0,0,0,0,0,0,0,0,0,0,0,0,0,0,60435,0,100,1633,0,6045,0,0,597856,0,238382
454,0,8,0,0,0,0,0,1803990,0,0,0,0,2117,292864,0,0,0,0,0,0,0,0,0,0,0,0,0,0,0,0,0,0,0,59782,0,52,0,1066,4211,1163737,0,0,0,236778
454,0,9,0,0,0,0,0,1803990,0,0,0,0,2112,292864,0,0,0,0,0,0,0,0,0,0,0,0,0,0,0,0,0,0,0,60630,3467,40,0,1,3166,0,0,479117,0,236037
454,0,10,0,0,0,0,0,1803990,0,0,0,0,56,0,0,0,0,0,0,0,0,0,0,0,0,0,0,0,0,0,0,0,0,0,0,86,86,1,127,0,0,0,0,0
454,0,11,0,0,0,0,0,1803990,0,0,0,0,50,0,0,0,0,0,0,0,0,0,0,0,0,0,0,0,0,0,0,0,0,0,0,45,42,0,166,0,0,0,0,0
454,0,12,0,0,0,0,0,1803990,0,0,0,0,50,0,0,0,0,0,0,0,0,0,0,0,0,0,0,0,0,0,0,0,0,0,0,0,0,42,96,0,0,0,0,0
454,0,13,0,0,0,0,0,1803990,0,0,0,0,56,0,0,0,0,0,0,0,0,0,0,0,0,0,0,0,0,0,0,0,0,0,172,0,0,0,114,0,0,0,0,0
454,0,14,0,0,0,0,0,1803990,0,0,0,0,50,0,0,0,0,0,0,0,0,0,0,0,0,0,0,0,0,0,0,0,0,0,0,0,86,0,62,0,0,0,0,0
454,0,15,0,0,0,0,0,1803990,0,0,0,0,44,0,0,0,0,0,0,0,0,0,0,0,0,0,0,0,0,0,0,0,0,0,0,0,36,0,93,0,0,0,0,0
455,0,0,0,0,0,0,0,3615516,0,0,23638,540672,136,0,0,0,0,0,39177,0,0,0,0,0,0,0,0,23638,23638,0,190797,0,484775,540672,0,5462,0,136,284,0,0,0,0,2856164
455,0,1,0,0,0,0,0,1807758,39177,0,0,0,16684,0,0,0,0,0,0,0,0,0,0,0,0,0,0,0,10987,0,96860,0,180746,0,0,2201,1934,4335,29403,0,0,634301,0,0
455,0,2,0,0,0,0,0,1807758,0,0,0,0,1083,292864,0,0,0,0,0,0,0,0,0,0,0,0,0,0,0,0,50849,0,95970,60557,0,3154,1611,4295,2209,0,0,501747,0,245638
455,0,3,0,0,0,0,0,1807758,0,0,0,0,1068,292864,0,0,0,0,0,0,0,0,0,0,0,0,0,0,0,0,51614,0,0,60827,0,1595,559,0,1627,0,0,217195,0,238725
455,0,4,0,0,0,0,0,1807758,0,0,0,0,1413,292864,0,0,0,0,0,0,0,0,0,0,0,0,0,0,0,0,50584,0,0,60541,0,1136,0,760,2145,1318320,0,0,0,246746
455,0,5,0,0,0,0,0,1807758,0,0,0,0,2264,292864,0,0,0,0,0,0,0,0,0,0,0,0,0,0,0,0,51411,0,0,60689,10636,2223,0,0,4474,0,0,1464075,0,236903
455,0,6,0,0,0,0,0,1807758,0,0,0,0,3084,292864,0,0,0,0,0,0,0,0,0,0,0,0,0,0,0,0,0,0,0,60795,0,43,4531,3,4714,0,0,1419292,0,239151
455,0,7,0,0,0,0,0,1807758,0,0,0,0,2993,292864,0,0,0,0,0,0,0,0,0,0,0,0,0,0,0,0,0,0,0,60465,0,100,1627,0,6114,0,0,612003,0,238447
455,0,8,0,0,0,0,0,1807758,0,0,0,0,2097,292864,0,0,0,0,0,0,0,0,0,0,0,0,0,0,0,0,0,0,0,59807,0,52,0,1078,4190,1165268,0,0,0,236975
455,0,9,0,0,0,0,0,1807758,0,0,0,0,2096,292864,0,0,0,0,0,0,0,0,0,0,0,0,0,0,0,0,0,0,0,60595,3457,40,0,1,3114,0,0,480410,0,236192
455,0,10,0,0,0,0,0,1807758,0,0,0,0,53,0,0,0,0,0,0,0,0,0,0,0,0,0,0,0,0,0,0,0,0,0,0,82,86,1,124,0,0,0,0,0
455,0,11,0,0,0,0,0,1807758,0,0,0,0,47,0,0,0,0,0,0,0,0,0,0,0,0,0,0,0,0,0,0,0,0,0,0,45,45,0,131,0,0,0,0,0
455,0,12,0,0,0,0,0,1807758,0,0,0,0,47,0,0,0,0,0,0,0,0,0,0,0,0,0,0,0,0,0,0,0,0,0,0,0,0,45,93,0,0,0,0,0
455,0,13,0,0,0,0,0,1807758,0,0,0,0,53,0,0,0,0,0,0,0,0,0,0,0,0,0,0,0,0,0,0,0,0,0,172,0,0,0,111,0,0,0,0,0
455,0,14,0,0,0,0,0,1807758,0,0,0,0,47,0,0,0,0,0,0,0,0,0,0,0,0,0,0,0,0,0,0,0,0,0,0,0,86,0,63,0,0,0,0,0
455,0,15,0,0,0,0,0,1807758,0,0,0,0,41,0,0,0,0,0,0,0,0,0,0,0,0,0,0,0,0,0,0,0,0,0,0,0,39,0,90,0,0,0,0,0
456,0,0,0,0,0,0,0,3620651,0,0,23750,540672,136,0,0,0,0,0,39345,0,0,0,0,0,0,0,0,23750,23750,0,190706,0,484032,540672,0,5456,0,136,284,0,0,0,0,2855939
456,0,1,0,0,0,0,0,1810326,39345,0,0,0,16851,0,0,0,0,0,0,0,0,0,0,0,0,0,0,0,10785,0,96907,0,180054,0,0,2224,1887,4304,29621,0,0,631854,0,0
456,0,2,0,0,0,0,0,1810326,0,0,0,0,1061,292864,0,0,0,0,0,0,0,0,0,0,0,0,0,0,0,0,52006,0,95275,60557,0,3229,1615,4375,2191,0,0,503659,0,244626
456,0,3,0,0,0,0,0,1810326,0,0,0,0,1042,292864,0,0,0,0,0,0,0,0,0,0,0,0,0,0,0,0,50190,0,0,60793,0,1604,593,0,1578,0,0,217276,0,238791
456,0,4,0,0,0,0,0,1810326,0,0,0,0,1442,292864,0,0,0,0,0,0,0,0,0,0,0,0,0,0,0,0,50543,0,0,60567,0,1101,0,727,2161,1329703,0,0,0,246854
456,0,5,0,0,0,0,0,1810326,0,0,0,0,2246,292864,0,0,0,0,0,0,0,0,0,0,0,0,0,0,0,0,51275,0,0,60647,10693,2211,0,2,4435,0,0,1451334,0,236966
456,0,6,0,0,0,0,0,1810326,0,0,0,0,3110,292864,0,0,0,0,0,0,0,0,0,0,0,0,0,0,0,0,0,0,0,60910,0,39,4641,1,4723,0,0,1417670,0,236174
456,0,7,0,0,0,0,0,1810326,0,0,0,0,3075,292864,0,0,0,0,0,0,0,0,0,0,0,0,0,0,0,0,0,0,0,59634,0,102,1603,0,6245,0,0,601900,0,240053
456,0,8,0,0,0,0,0,1810326,0,0,0,0,2086,292864,0,0,0,0,0,0,0,0,0,0,0,0,0,0,0,0,0,0,0,59797,0,52,0,1087,4212,1165545,0,0,0,237139
456,0,9,0,0,0,0,0,1810326,0,0,0,0,2105,292864,0,0,0,0,0,0,0,0,0,0,0,0,0,0,0,0,0,0,0,60648,3435,40,0,1,3133,0,0,484676,0,235774
456,0,10,0,0,0,0,0,1810326,0,0,0,0,56,0,0,0,0,0,0,0,0,0,0,0,0,0,0,0,0,0,0,0,0,0,0,86,86,1,127,0,0,0,0,0
456,0,11,0,0,0,0,0,1810326,0,0,0,0,50,0,0,0,0,0,0,0,0,0,0,0,0,0,0,0,0,0,0,0,0,0,0,43,42,0,166,0,0,0,0,0
456,0,12,0,0,0,0,0,1810326,0,0,0,0,50,0,0,0,0,0,0,0,0,0,0,0,0,0,0,0,0,0,0,0,0,0,0,0,0,42,96,0,0,0,0,0
456,0,13,0,0,0,0,0,1810326,0,0,0,0,56,0,0,0,0,0,0,0,0,0,0,0,0,0,0,0,0,0,0,0,0,0,172,0,0,0,114,0,0,0,0,0
456,0,14,0,0,0,0,0,1810326,0,0,0,0,50,0,0,0,0,0,0,0,0,0,0,0,0,0,0,0,0,0,0,0,0,0,0,0,86,0,62,0,0,0,0,0
456,0,15,0,0,0,0,0,1810326,0,0,0,0,44,0,0,0,0,0,0,0,0,0,0,0,0,0,0,0,0,0,0,0,0,0,0,0,36,0,95,0,0,0,0,0
457,0,0,0,0,0,0,0,4405603,0,0,28888,675840,136,0,0,0,0,0,47064,0,0,0,0,0,0,0,0,28888,28888,0,191187,0,618096,675840,0,4456,0,136,284,0,0,0,0,3631876
457,0,1,0,0,0,0,0,2202801,47064,0,0,0,20512,0,0,0,0,0,0,0,0,0,0,0,0,0,0,0,13460,0,96204,0,250820,0,0,2025,1582,6287,35703,0,0,631272,0,0
457,0,2,0,0,0,0,0,2202801,0,0,0,0,846,292864,0,0,0,0,0,0,0,0,0,0,0,0,0,0,0,0,96424,0,131412,60585,0,5705,1357,6543,1793,0,0,503628,0,245111
457,0,3,0,0,0,0,0,2202801,0,0,0,0,883,292864,0,0,0,0,0,0,0,0,0,0,0,0,0,0,0,0,95683,0,0,60786,0,2770,438,0,1306,0,0,215668,0,239044
457,0,4,0,0,0,0,0,2202801,0,0,0,0,1132,292864,0,0,0,0,0,0,0,0,0,0,0,0,0,0,0,0,50640,0,0,60584,0,927,0,597,1720,1684901,0,0,0,246586
457,0,5,0,0,0,0,0,2202801,0,0,0,0,1727,292864,0,0,0,0,0,0,0,0,0,0,0,0,0,0,0,0,51341,0,0,60602,13664,2557,0,0,3465,0,0,1620540,0,234799
457,0,6,0,0,0,0,0,2202801,0,0,0,0,2246,292864,0,0,0,0,0,0,0,0,0,0,0,0,0,0,0,0,51352,0,0,60647,0,1594,3467,2,3365,0,0,1534427,0,227946
457,0,7,0,0,0,0,0,2202801,0,0,0,0,2283,292864,0,0,0,0,0,0,0,0,0,0,0,0,0,0,0,0,50852,0,0,59939,0,3360,1148,0,4562,0,0,687194,0,228357
457,0,8,0,0,0,0,0,2202801,0,0,0,0,1757,292864,0,0,0,0,0,0,0,0,0,0,0,0,0,0,0,0,0,0,0,59981,0,52,0,856,3497,1847444,0,0,0,234105
457,0,9,0,0,0,0,0,2202801,0,0,0,0,2364,292864,0,0,0,0,0,0,0,0,0,0,0,0,0,0,0,0,0,0,0,60650,8051,40,0,2,3476,0,0,1861658,0,225265
457,0,10,0,0,0,0,0,2202801,0,0,0,0,3236,292864,0,0,0,0,0,0,0,0,0,0,0,0,0,0,0,0,0,0,0,60882,0,82,4871,0,6539,0,0,1797080,0,231647
457,0,11,0,0,0,0,0,2202801,0,0,0,0,3235,292864,0,0,0,0,0,0,0,0,0,0,0,0,0,0,0,0,0,0,0,60705,0,47,1638,0,6755,0,0,797585,0,233587
457,0,12,0,0,0,0,0,2202801,0,0,0,0,47,0,0,0,0,0,0,0,0,0,0,0,0,0,0,0,0,0,0,0,0,0,0,0,0,45,93,0,0,0,0,0
457,0,13,0,0,0,0,0,2202801,0,0,0,0,53,0,0,0,0,0,0,0,0,0,0,0,0,0,0,0,0,0,0,0,0,0,172,0,0,0,111,0,0,0,0,0
457,0,14,0,0,0,0,0,2202801,0,0,0,0,47,0,0,0,0,0,0,0,0,0,0,0,0,0,0,0,0,0,0,0,0,0,0,0,86,0,63,0,0,0,0,0
457,0,15,0,0,0,0,0,2202801,0,0,0,0,41,0,0,0,0,0,0,0,0,0,0,0,0,0,0,0,0,0,0,0,0,0,0,0,39,0,90,0,0,0,0,0
458,0,0,0,0,0,0,0,4397039,0,0,28894,675840,136,0,0,0,0,0,47070,0,0,0,0,0,0,0,0,28894,28894,0,191266,0,619790,675840,0,4460,0,136,284,0,0,0,0,3632425
458,0,1,0,0,0,0,0,2198520,47070,0,0,0,20167,0,0,0,0,0,0,0,0,0,0,0,0,0,0,0,13822,0,96240,0,252118,0,0,2067,1546,6632,35355,0,0,630383,0,0
458,0,2,0,0,0,0,0,2198520,0,0,0,0,890,292864,0,0,0,0,0,0,0,0,0,0,0,0,0,0,0,0,96474,0,132627,60552,0,5598,1313,6349,1805,0,0,501307,0,245363
458,0,3,0,0,0,0,0,2198520,0,0,0,0,878,292864,0,0,0,0,0,0,0,0,0,0,0,0,0,0,0,0,95751,0,0,60836,0,2938,446,0,1334,0,0,217698,0,238848
458,0,4,0,0,0,0,0,2198520,0,0,0,0,1149,292864,0,0,0,0,0,0,0,0,0,0,0,0,0,0,0,0,50689,0,0,60592,0,888,0,582,1740,1696428,0,0,0,246701
458,0,5,0,0,0,0,0,2198520,0,0,0,0,1732,292864,0,0,0,0,0,0,0,0,0,0,0,0,0,0,0,0,51386,0,0,60592,13717,2534,0,1,3441,0,0,1617481,0,234802
458,0,6,0,0,0,0,0,2198520,0,0,0,0,2241,292864,0,0,0,0,0,0,0,0,0,0,0,0,0,0,0,0,50816,0,0,60639,0,1687,3442,2,3376,0,0,1539140,0,227535
458,0,7,0,0,0,0,0,2198520,0,0,0,0,2248,292864,0,0,0,0,0,0,0,0,0,0,0,0,0,0,0,0,52001,0,0,59918,0,3188,1189,0,4533,0,0,683535,0,228898
458,0,8,0,0,0,0,0,2198520,0,0,0,0,1719,292864,0,0,0,0,0,0,0,0,0,0,0,0,0,0,0,0,0,0,0,59986,0,52,0,896,3500,1832885,0,0,0,234147
458,0,9,0,0,0,0,0,2198520,0,0,0,0,2371,292864,0,0,0,0,0,0,0,0,0,0,0,0,0,0,0,0,0,0,0,60684,8030,40,0,1,3500,0,0,1868413,0,225079
458,0,10,0,0,0,0,0,2198520,0,0,0,0,3273,292864,0,0,0,0,0,0,0,0,0,0,0,0,0,0,0,0,0,0,0,60745,0,82,4834,1,6479,0,0,1732821,0,234985
458,0,11,0,0,0,0,0,2198520,0,0,0,0,3239,292864,0,0,0,0,0,0,0,0,0,0,0,0,0,0,0,0,0,0,0,60912,0,47,1630,0,6204,0,0,762961,0,230300
458,0,12,0,0,0,0,0,2198520,0,0,0,0,47,0,0,0,0,0,0,0,0,0,0,0,0,0,0,0,0,0,0,0,0,0,0,0,0,45,93,0,0,0,0,0
458,0,13,0,0,0,0,0,2198520,0,0,0,0,53,0,0,0,0,0,0,0,0,0,0,0,0,0,0,0,0,0,0,0,0,0,172,0,0,0,111,0,0,0,0,0
458,0,14,0,0,0,0,0,2198520,0,0,0,0,47,0,0,0,0,0,0,0,0,0,0,0,0,0,0,0,0,0,0,0,0,0,0,0,86,0,63,0,0,0,0,0
458,0,15,0,0,0,0,0,2198520,0,0,0,0,41,0,0,0,0,0,0,0,0,0,0,0,0,0,0,0,0,0,0,0,0,0,0,0,39,0,90,0,0,0,0,0
459,0,0,0,0,0,0,0,4403901,0,0,28876,675840,136,0,0,0,0,0,47043,0,0,0,0,0,0,0,0,28876,28876,0,190996,0,620312,675840,0,4452,0,136,284,0,0,0,0,3639229
459,0,1,0,0,0,0,0,2201951,47043,0,0,0,20236,0,0,0,0,0,0,0,0,0,0,0,0,0,0,0,13803,0,96364,0,252142,0,0,2041,1542,6575,35388,0,0,631227,0,0
459,0,2,0,0,0,0,0,2201951,0,0,0,0,859,292864,0,0,0,0,0,0,0,0,0,0,0,0,0,0,0,0,96428,0,132437,60611,0,5583,1335,6389,1790,0,0,503638,0,244738
459,0,3,0,0,0,0,0,2201951,0,0,0,0,873,292864,0,0,0,0,0,0,0,0,0,0,0,0,0,0,0,0,95666,0,0,60851,0,2898,447,0,1321,0,0,214147,0,239276
459,0,4,0,0,0,0,0,2201951,0,0,0,0,1152,292864,0,0,0,0,0,0,0,0,0,0,0,0,0,0,0,0,50606,0,0,60624,0,912,0,577,1715,1695467,0,0,0,246455
459,0,5,0,0,0,0,0,2201951,0,0,0,0,1730,292864,0,0,0,0,0,0,0,0,0,0,0,0,0,0,0,0,51320,0,0,60649,13713,2561,0,1,3444,0,0,1622533,0,234749
459,0,6,0,0,0,0,0,2201951,0,0,0,0,2279,292864,0,0,0,0,0,0,0,0,0,0,0,0,0,0,0,0,50847,0,0,60570,0,1667,3417,1,3445,0,0,1553450,0,227146
459,0,7,0,0,0,0,0,2201951,0,0,0,0,2259,292864,0,0,0,0,0,0,0,0,0,0,0,0,0,0,0,0,52005,0,0,59898,0,3221,1177,0,4549,0,0,683312,0,229062
459,0,8,0,0,0,0,0,2201951,0,0,0,0,1752,292864,0,0,0,0,0,0,0,0,0,0,0,0,0,0,0,0,0,0,0,59935,0,52,0,857,3503,1836682,0,0,0,234258
459,0,9,0,0,0,0,0,2201951,0,0,0,0,2390,292864,0,0,0,0,0,0,0,0,0,0,0,0,0,0,0,0,0,0,0,60628,8056,40,0,1,3494,0,0,1874168,0,225197
459,0,10,0,0,0,0,0,2201951,0,0,0,0,3267,292864,0,0,0,0,0,0,0,0,0,0,0,0,0,0,0,0,0,0,0,60695,0,82,4816,1,6489,0,0,1790611,0,235129
459,0,11,0,0,0,0,0,2201951,0,0,0,0,3219,292864,0,0,0,0,0,0,0,0,0,0,0,0,0,0,0,0,0,0,0,60866,0,45,1646,0,6679,0,0,805756,0,230270
459,0,12,0,0,0,0,0,2201951,0,0,0,0,47,0,0,0,0,0,0,0,0,0,0,0,0,0,0,0,0,0,0,0,0,0,0,0,0,45,93,0,0,0,0,0
459,0,13,0,0,0,0,0,2201951,0,0,0,0,53,0,0,0,0,0,0,0,0,0,0,0,0,0,0,0,0,0,0,0,0,0,172,0,0,0,111,0,0,0,0,0
459,0,14,0,0,0,0,0,2201951,0,0,0,0,47,0,0,0,0,0,0,0,0,0,0,0,0,0,0,0,0,0,0,0,0,0,0,0,86,0,63,0,0,0,0,0
459,0,15,0,0,0,0,0,2201951,0,0,0,0,41,0,0,0,0,0,0,0,0,0,0,0,0,0,0,0,0,0,0,0,0,0,0,0,39,0,92,0,0,0,0,0
460,0,0,0,0,0,0,0,5532512,0,0,36646,878592,136,0,0,0,0,0,58716,0,0,0,0,0,0,0,0,36646,36646,0,263003,0,764848,878592,0,7291,0,136,284,0,0,0,0,4775734
460,0,1,0,0,0,0,0,2766256,58716,0,0,0,25173,0,0,0,0,0,0,0,0,0,0,0,0,0,0,0,17271,0,132338,0,289992,0,0,3372,2554,7068,43680,0,0,631641,0,0
460,0,2,0,0,0,0,0,2766256,0,0,0,0,658,292864,0,0,0,0,0,0,0,0,0,0,0,0,0,0,0,0,138174,0,131815,60528,0,7553,1062,5398,1388,0,0,501890,0,245088
460,0,3,0,0,0,0,0,2766256,0,0,0,0,680,292864,0,0,0,0,0,0,0,0,0,0,0,0,0,0,0,0,95518,0,0,60793,0,2398,361,0,1028,0,0,217275,0,238803
460,0,4,0,0,0,0,0,2766256,0,0,0,0,861,292864,0,0,0,0,0,0,0,0,0,0,0,0,0,0,0,0,95276,0,0,60561,0,2036,0,476,1311,2178669,0,0,0,246386
460,0,5,0,0,0,0,0,2766256,0,0,0,0,1298,292864,0,0,0,0,0,0,0,0,0,0,0,0,0,0,0,0,96531,0,0,60602,18395,5334,0,1,2571,0,0,1623945,0,234757
460,0,6,0,0,0,0,0,2766256,0,0,0,0,1591,292864,0,0,0,0,0,0,0,0,0,0,0,0,0,0,0,0,99137,0,0,60648,0,3191,2533,1,2404,0,0,1526605,0,228306
460,0,7,0,0,0,0,0,2766256,0,0,0,0,1669,292864,0,0,0,0,0,0,0,0,0,0,0,0,0,0,0,0,51924,0,0,60046,0,3068,783,0,3302,0,0,693322,0,226487
460,0,8,0,0,0,0,0,2766256,0,0,0,0,1635,292864,0,0,0,0,0,0,0,0,0,0,0,0,0,0,0,0,51394,0,0,59857,0,2305,0,830,3240,2430211,0,0,0,235701
460,0,9,0,0,0,0,0,2766256,0,0,0,0,2319,292864,0,0,0,0,0,0,0,0,0,0,0,0,0,0,0,0,51374,0,0,60723,13115,1562,0,1,3447,0,0,2446825,0,229122
460,0,10,0,0,0,0,0,2766256,0,0,0,0,3088,292864,0,0,0,0,0,0,0,0,0,0,0,0,0,0,0,0,51126,0,0,60915,0,3006,4452,2,5985,0,0,2262379,0,224290
460,0,11,0,0,0,0,0,2766256,0,0,0,0,3003,292864,0,0,0,0,0,0,0,0,0,0,0,0,0,0,0,0,0,0,0,60901,0,43,1536,0,5893,0,0,1020301,0,222882
460,0,12,0,0,0,0,0,2766256,0,0,0,0,2336,292864,0,0,0,0,0,0,0,0,0,0,0,0,0,0,0,0,0,0,0,60755,0,0,0,1129,3504,2442402,0,0,0,228960
460,0,13,0,0,0,0,0,2766256,0,0,0,0,3007,292864,0,0,0,0,0,0,0,0,0,0,0,0,0,0,0,0,0,0,0,60938,6913,0,0,1,5992,0,0,2267378,0,221920
460,0,14,0,0,0,0,0,2766256,0,0,0,0,3008,292864,0,0,0,0,0,0,0,0,0,0,0,0,0,0,0,0,0,0,0,60650,0,0,1572,1,4549,0,0,1014543,0,225817
460,0,15,0,0,0,0,0,2766256,0,0,0,0,41,0,0,0,0,0,0,0,0,0,0,0,0,0,0,0,0,0,0,0,0,0,0,0,39,0,96,0,0,0,0,0
461,0,0,0,0,0,0,0,5531068,0,0,36610,878592,136,0,0,0,0,0,58662,0,0,0,0,0,0,0,0,36610,36610,0,263238,0,751477,878592,0,7287,0,136,284,0,0,0,0,4776661
461,0,1,0,0,0,0,0,2765534,58662,0,0,0,25347,0,0,0,0,0,0,0,0,0,0,0,0,0,0,0,17513,0,132666,0,283280,0,0,3307,2564,6913,43857,0,0,631029,0,0
461,0,2,0,0,0,0,0,2765534,0,0,0,0,695,292864,0,0,0,0,0,0,0,0,0,0,0,0,0,0,0,0,132309,0,131381,60605,0,7696,1023,5401,1410,0,0,501820,0,245167
461,0,3,0,0,0,0,0,2765534,0,0,0,0,682,292864,0,0,0,0,0,0,0,0,0,0,0,0,0,0,0,0,95456,0,0,60750,0,2393,355,0,1020,0,0,212842,0,239533
461,0,4,0,0,0,0,0,2765534,0,0,0,0,867,292864,0,0,0,0,0,0,0,0,0,0,0,0,0,0,0,0,95283,0,0,60566,0,2059,0,466,1304,2179775,0,0,0,246431
461,0,5,0,0,0,0,0,2765534,0,0,0,0,1288,292864,0,0,0,0,0,0,0,0,0,0,0,0,0,0,0,0,96440,0,0,60555,18395,5396,0,0,2556,0,0,1620054,0,234762
461,0,6,0,0,0,0,0,2765534,0,0,0,0,1605,292864,0,0,0,0,0,0,0,0,0,0,0,0,0,0,0,0,96073,0,0,60570,0,3030,2456,2,2428,0,0,1523658,0,228137
461,0,7,0,0,0,0,0,2765534,0,0,0,0,1619,292864,0,0,0,0,0,0,0,0,0,0,0,0,0,0,0,0,51696,0,0,59952,0,3052,824,0,3263,0,0,683711,0,227688
461,0,8,0,0,0,0,0,2765534,0,0,0,0,1625,292864,0,0,0,0,0,0,0,0,0,0,0,0,0,0,0,0,51480,0,0,59836,0,2247,0,842,3265,2436597,0,0,0,235655
461,0,9,0,0,0,0,0,2765534,0,0,0,0,2281,292864,0,0,0,0,0,0,0,0,0,0,0,0,0,0,0,0,51780,0,0,60675,13185,1491,0,1,3412,0,0,2463344,0,229179
461,0,10,0,0,0,0,0,2765534,0,0,0,0,3076,292864,0,0,0,0,0,0,0,0,0,0,0,0,0,0,0,0,51181,0,0,60917,0,3055,4475,1,6089,0,0,2292653,0,221300
461,0,11,0,0,0,0,0,2765534,0,0,0,0,3011,292864,0,0,0,0,0,0,0,0,0,0,0,0,0,0,0,0,0,0,0,60922,0,46,1530,0,13663,0,0,1030847,0,222480
461,0,12,0,0,0,0,0,2765534,0,0,0,0,2291,292864,0,0,0,0,0,0,0,0,0,0,0,0,0,0,0,0,0,0,0,60631,0,0,0,1172,3515,2445021,0,0,0,229047
461,0,13,0,0,0,0,0,2765534,0,0,0,0,3005,292864,0,0,0,0,0,0,0,0,0,0,0,0,0,0,0,0,0,0,0,60923,6846,0,0,1,6063,0,0,2284689,0,221207
461,0,14,0,0,0,0,0,2765534,0,0,0,0,2985,292864,0,0,0,0,0,0,0,0,0,0,0,0,0,0,0,0,0,0,0,60590,0,0,1600,1,4479,0,0,1015274,0,226188
461,0,15,0,0,0,0,0,2765534,0,0,0,0,44,0,0,0,0,0,0,0,0,0,0,0,0,0,0,0,0,0,0,0,0,0,0,0,36,0,96,0,0,0,0,0
462,0,0,0,0,0,0,0,5532206,0,0,36610,878592,136,0,0,0,0,0,58665,0,0,0,0,0,0,0,0,36610,36610,0,263015,0,753671,878592,0,7283,0,136,284,0,0,0,0,4780796
462,0,1,0,0,0,0,0,2766103,58665,0,0,0,25294,0,0,0,0,0,0,0,0,0,0,0,0,0,0,0,17307,0,132870,0,283979,0,0,3321,2539,6977,43611,0,0,630775,0,0
462,0,2,0,0,0,0,0,2766103,0,0,0,0,688,292864,0,0,0,0,0,0,0,0,0,0,0,0,0,0,0,0,132410,0,131568,60562,0,7684,1038,5351,1410,0,0,502748,0,244440
462,0,3,0,0,0,0,0,2766103,0,0,0,0,686,292864,0,0,0,0,0,0,0,0,0,0,0,0,0,0,0,0,95599,0,0,60785,0,2444,354,0,1028,0,0,212453,0,239654
462,0,4,0,0,0,0,0,2766103,0,0,0,0,910,292864,0,0,0,0,0,0,0,0,0,0,0,0,0,0,0,0,95243,0,0,60628,0,2021,0,425,1360,2177835,0,0,0,246589
462,0,5,0,0,0,0,0,2766103,0,0,0,0,1316,292864,0,0,0,0,0,0,0,0,0,0,0,0,0,0,0,0,96474,0,0,60615,18573,5351,0,1,2611,0,0,1625392,0,234780
462,0,6,0,0,0,0,0,2766103,0,0,0,0,1634,292864,0,0,0,0,0,0,0,0,0,0,0,0,0,0,0,0,96107,0,0,60562,0,3041,2408,1,2458,0,0,1547935,0,227576
462,0,7,0,0,0,0,0,2766103,0,0,0,0,1597,292864,0,0,0,0,0,0,0,0,0,0,0,0,0,0,0,0,51645,0,0,60016,0,3027,847,0,3217,0,0,684577,0,227735
462,0,8,0,0,0,0,0,2766103,0,0,0,0,1610,292864,0,0,0,0,0,0,0,0,0,0,0,0,0,0,0,0,51427,0,0,59812,0,2266,0,853,3263,2438640,0,0,0,235679
462,0,9,0,0,0,0,0,2766103,0,0,0,0,2285,292864,0,0,0,0,0,0,0,0,0,0,0,0,0,0,0,0,51827,0,0,60743,13059,1505,0,0,3445,0,0,2462809,0,228838
462,0,10,0,0,0,0,0,2766103,0,0,0,0,3041,292864,0,0,0,0,0,0,0,0,0,0,0,0,0,0,0,0,51239,0,0,60928,0,3014,4524,3,6082,0,0,2275529,0,221419
462,0,11,0,0,0,0,0,2766103,0,0,0,0,3028,292864,0,0,0,0,0,0,0,0,0,0,0,0,0,0,0,0,0,0,0,60953,0,42,1511,0,9781,0,0,1023747,0,222998
462,0,12,0,0,0,0,0,2766103,0,0,0,0,2310,292864,0,0,0,0,0,0,0,0,0,0,0,0,0,0,0,0,0,0,0,60720,0,0,0,1151,3513,2446954,0,0,0,229330
462,0,13,0,0,0,0,0,2766103,0,0,0,0,2992,292864,0,0,0,0,0,0,0,0,0,0,0,0,0,0,0,0,0,0,0,60888,6897,0,0,0,6034,0,0,2279024,0,221358
462,0,14,0,0,0,0,0,2766103,0,0,0,0,3002,292864,0,0,0,0,0,0,0,0,0,0,0,0,0,0,0,0,0,0,0,60588,0,0,1580,2,4537,0,0,1007821,0,226234
462,0,15,0,0,0,0,0,2766103,0,0,0,0,41,0,0,0,0,0,0,0,0,0,0,0,0,0,0,0,0,0,0,0,0,0,0,0,39,0,96,0,0,0,0,0
463,0,0,0,0,0,0,0,290476,0,0,642,65792,136,0,0,0,0,0,4638,0,0,0,0,0,0,0,0,642,642,0,0,0,125575,65792,0,294,0,136,284,0,0,0,0,17344
463,0,1,0,0,0,0,0,145238,4638,0,0,0,1479,0,0,0,0,0,0,0,0,0,0,0,0,0,0,0,87,0,0,0,63943,0,0,78,170,424,2592,0,0,17344,0,0
463,0,2,0,0,0,0,0,145238,0,0,0,0,433,17344,0,0,0,0,0,0,0,0,0,0,0,0,0,0,0,0,0,0,0,64758,0,250,346,274,901,0,0,0,0,17344
463,0,3,0,0,0,0,0,145238,0,0,0,0,47,0,0,0,0,0,0,0,0,0,0,0,0,0,0,0,0,0,0,0,0,0,0,99,45,0,55,0,0,0,0,0
463,0,4,0,0,0,0,0,145238,0,0,0,0,50,0,0,0,0,0,0,0,0,0,0,0,0,0,0,0,0,0,0,0,0,0,0,87,0,42,67,0,0,0,0,0
463,0,5,0,0,0,0,0,145238,0,0,0,0,50,0,0,0,0,0,0,0,0,0,0,0,0,0,0,0,0,0,0,0,0,0,525,150,0,0,116,0,0,0,0,0
463,0,6,0,0,0,0,0,145238,0,0,0,0,50,0,0,0,0,0,0,0,0,0,0,0,0,0,0,0,0,0,0,0,0,0,0,39,95,0,55,0,0,0,0,0
463,0,7,0,0,0,0,0,145238,0,0,0,0,53,0,0,0,0,0,0,0,0,0,0,0,0,0,0,0,0,0,0,0,0,0,0,99,39,0,138,0,0,0,0,0
463,0,8,0,0,0,0,0,145238,0,0,0,0,56,0,0,0,0,0,0,0,0,0,0,0,0,0,0,0,0,0,0,0,0,0,0,52,0,36,113,0,0,0,0,0
463,0,9,0,0,0,0,0,145238,0,0,0,0,50,0,0,0,0,0,0,0,0,0,0,0,0,0,0,0,0,0,0,0,0,0,380,40,0,0,56,0,0,0,0,0
463,0,10,0,0,0,0,0,145238,0,0,0,0,56,0,0,0,0,0,0,0,0,0,0,0,0,0,0,0,0,0,0,0,0,0,0,86,86,0,127,0,0,0,0,0
463,0,11,0,0,0,0,0,145238,0,0,0,0,50,0,0,0,0,0,0,0,0,0,0,0,0,0,0,0,0,0,0,0,0,0,0,40,42,0,182,0,0,0,0,0
463,0,12,0,0,0,0,0,145238,0,0,0,0,50,0,0,0,0,0,0,0,0,0,0,0,0,0,0,0,0,0,0,0,0,0,0,0,0,42,96,0,0,0,0,0
463,0,13,0,0,0,0,0,145238,0,0,0,0,56,0,0,0,0,0,0,0,0,0,0,0,0,0,0,0,0,0,0,0,0,0,172,0,0,0,114,0,0,0,0,0
463,0,14,0,0,0,0,0,145238,0,0,0,0,50,0,0,0,0,0,0,0,0,0,0,0,0,0,0,0,0,0,0,0,0,0,0,0,86,0,62,0,0,0,0,0
463,0,15,0,0,0,0,0,145238,0,0,0,0,44,0,0,0,0,0,0,0,0,0,0,0,0,0,0,0,0,0,0,0,0,0,0,0,36,0,91,0,0,0,0,0
464,0,0,0,0,0,0,0,290527,0,0,642,65792,136,0,0,0,0,0,4641,0,0,0,0,0,0,0,0,642,642,0,0,0,125607,65792,0,294,0,136,284,0,0,0,0,17344
464,0,1,0,0,0,0,0,145264,4641,0,0,0,1473,0,0,0,0,0,0,0,0,0,0,0,0,0,0,0,83,0,0,0,63951,0,0,78,172,428,2584,0,0,17344,0,0
464,0,2,0,0,0,0,0,145264,0,0,0,0,431,17344,0,0,0,0,0,0,0,0,0,0,0,0,0,0,0,0,0,0,0,64761,0,250,348,274,895,0,0,0,0,17344
464,0,3,0,0,0,0,0,145264,0,0,0,0,47,0,0,0,0,0,0,0,0,0,0,0,0,0,0,0,0,0,0,0,0,0,0,99,45,0,55,0,0,0,0,0
464,0,4,0,0,0,0,0,145264,0,0,0,0,50,0,0,0,0,0,0,0,0,0,0,0,0,0,0,0,0,0,0,0,0,0,0,87,0,42,67,0,0,0,0,0
464,0,5,0,0,0,0,0,145264,0,0,0,0,50,0,0,0,0,0,0,0,0,0,0,0,0,0,0,0,0,0,0,0,0,0,525,150,0,0,116,0,0,0,0,0
464,0,6,0,0,0,0,0,145264,0,0,0,0,50,0,0,0,0,0,0,0,0,0,0,0,0,0,0,0,0,0,0,0,0,0,0,39,95,0,55,0,0,0,0,0
464,0,7,0,0,0,0,0,145264,0,0,0,0,53,0,0,0,0,0,0,0,0,0,0,0,0,0,0,0,0,0,0,0,0,0,0,99,39,0,138,0,0,0,0,0
464,0,8,0,0,0,0,0,145264,0,0,0,0,56,0,0,0,0,0,0,0,0,0,0,0,0,0,0,0,0,0,0,0,0,0,0,52,0,36,113,0,0,0,0,0
464,0,9,0,0,0,0,0,145264,0,0,0,0,50,0,0,0,0,0,0,0,0,0,0,0,0,0,0,0,0,0,0,0,0,0,380,40,0,0,56,0,0,0,0,0
464,0,10,0,0,0,0,0,145264,0,0,0,0,56,0,0,0,0,0,0,0,0,0,0,0,0,0,0,0,0,0,0,0,0,0,0,86,86,0,127,0,0,0,0,0
464,0,11,0,0,0,0,0,145264,0,0,0,0,50,0,0,0,0,0,0,0,0,0,0,0,0,0,0,0,0,0,0,0,0,0,0,40,42,0,4294967206,0,0,0,0,0
464,0,12,0,0,0,0,0,145264,0,0,0,0,50,0,0,0,0,0,0,0,0,0,0,0,0,0,0,0,0,0,0,0,0,0,0,0,0,42,96,0,0,0,0,0
464,0,13,0,0,0,0,0,145264,0,0,0,0,56,0,0,0,0,0,0,0,0,0,0,0,0,0,0,0,0,0,0,0,0,0,172,0,0,0,114,0,0,0,0,0
464,0,14,0,0,0,0,0,145264,0,0,0,0,50,0,0,0,0,0,0,0,0,0,0,0,0,0,0,0,0,0,0,0,0,0,0,0,86,0,62,0,0,0,0,0
464,0,15,0,0,0,0,0,145264,0,0,0,0,44,0,0,0,0,0,0,0,0,0,0,0,0,0,0,0,0,0,0,0,0,0,0,0,36,0,91,0,0,0,0,0
465,0,0,0,0,0,0,0,290427,0,0,642,65792,136,0,0,0,0,0,4641,0,0,0,0,0,0,0,0,642,642,0,0,0,125516,65792,0,294,0,136,284,0,0,0,0,17344
465,0,1,0,0,0,0,0,145214,4641,0,0,0,1470,0,0,0,0,0,0,0,0,0,0,0,0,0,0,0,78,0,0,0,63923,0,0,78,172,431,2580,0,0,17344,0,0
465,0,2,0,0,0,0,0,145214,0,0,0,0,430,17344,0,0,0,0,0,0,0,0,0,0,0,0,0,0,0,0,0,0,0,64761,0,250,349,274,891,0,0,0,0,17344
465,0,3,0,0,0,0,0,145214,0,0,0,0,47,0,0,0,0,0,0,0,0,0,0,0,0,0,0,0,0,0,0,0,0,0,0,99,45,0,55,0,0,0,0,0
465,0,4,0,0,0,0,0,145214,0,0,0,0,50,0,0,0,0,0,0,0,0,0,0,0,0,0,0,0,0,0,0,0,0,0,0,87,0,42,67,0,0,0,0,0
465,0,5,0,0,0,0,0,145214,0,0,0,0,50,0,0,0,0,0,0,0,0,0,0,0,0,0,0,0,0,0,0,0,0,0,525,150,0,0,116,0,0,0,0,0
465,0,6,0,0,0,0,0,145214,0,0,0,0,50,0,0,0,0,0,0,0,0,0,0,0,0,0,0,0,0,0,0,0,0,0,0,39,95,0,55,0,0,0,0,0
465,0,7,0,0,0,0,0,145214,0,0,0,0,53,0,0,0,0,0,0,0,0,0,0,0,0,0,0,0,0,0,0,0,0,0,0,99,39,0,138,0,0,0,0,0
465,0,8,0,0,0,0,0,145214,0,0,0,0,56,0,0,0,0,0,0,0,0,0,0,0,0,0,0,0,0,0,0,0,0,0,0,52,0,36,113,0,0,0,0,0
465,0,9,0,0,0,0,0,145214,0,0,0,0,50,0,0,0,0,0,0,0,0,0,0,0,0,0,0,0,0,0,0,0,0,0,380,40,0,0,56,0,0,0,0,0
465,0,10,0,0,0,0,0,145214,0,0,0,0,56,0,0,0,0,0,0,0,0,0,0,0,0,0,0,0,0,0,0,0,0,0,0,86,86,0,127,0,0,0,0,0
465,0,11,0,0,0,0,0,145214,0,0,0,0,50,0,0,0,0,0,0,0,0,0,0,0,0,0,0,0,0,0,0,0,0,0,0,40,42,0,182,0,0,0,0,0
465,0,12,0,0,0,0,0,145214,0,0,0,0,50,0,0,0,0,0,0,0,0,0,0,0,0,0,0,0,0,0,0,0,0,0,0,0,0,42,96,0,0,0,0,0
465,0,13,0,0,0,0,0,145214,0,0,0,0,56,0,0,0,0,0,0,0,0,0,0,0,0,0,0,0,0,0,0,0,0,0,172,0,0,0,114,0,0,0,0,0
465,0,14,0,0,0,0,0,145214,0,0,0,0,50,0,0,0,0,0,0,0,0,0,0,0,0,0,0,0,0,0,0,0,0,0,0,0,86,0,62,0,0,0,0,0
465,0,15,0,0,0,0,0,145214,0,0,0,0,44,0,0,0,0,0,0,0,0,0,0,0,0,0,0,0,0,0,0,0,0,0,0,0,36,0,91,0,0,0,0,0
466,0,0,0,0,0,0,0,421624,0,0,772,131584,136,0,0,0,0,0,4842,0,0,0,0,0,0,0,0,772,772,0,0,0,253361,131584,0,294,0,136,284,0,0,0,0,81390
466,0,1,0,0,0,0,0,210812,4842,0,0,0,1539,0,0,0,0,0,0,0,0,0,0,0,0,0,0,0,517,0,0,0,127790,0,0,78,168,497,2641,0,0,17657,0,0
466,0,2,0,0,0,0,0,210812,0,0,0,0,313,17344,0,0,0,0,0,0,0,0,0,0,0,0,0,0,0,0,0,0,63873,64885,0,250,485,484,628,0,0,17142,0,17070
466,0,3,0,0,0,0,0,210812,0,0,0,0,321,17344,0,0,0,0,0,0,0,0,0,0,0,0,0,0,0,0,0,0,0,65024,0,101,155,0,505,0,0,471,0,17080
466,0,4,0,0,0,0,0,210812,0,0,0,0,50,0,0,0,0,0,0,0,0,0,0,0,0,0,0,0,0,0,0,0,0,0,0,87,0,42,67,0,0,0,0,0
466,0,5,0,0,0,0,0,210812,0,0,0,0,50,0,0,0,0,0,0,0,0,0,0,0,0,0,0,0,0,0,0,0,0,0,525,150,0,0,116,0,0,0,0,0
466,0,6,0,0,0,0,0,210812,0,0,0,0,50,0,0,0,0,0,0,0,0,0,0,0,0,0,0,0,0,0,0,0,0,0,0,39,95,0,55,0,0,0,0,0
466,0,7,0,0,0,0,0,210812,0,0,0,0,53,0,0,0,0,0,0,0,0,0,0,0,0,0,0,0,0,0,0,0,0,0,0,98,39,0,138,0,0,0,0,0
466,0,8,0,0,0,0,0,210812,0,0,0,0,56,0,0,0,0,0,0,0,0,0,0,0,0,0,0,0,0,0,0,0,0,0,0,52,0,36,113,0,0,0,0,0
466,0,9,0,0,0,0,0,210812,0,0,0,0,50,0,0,0,0,0,0,0,0,0,0,0,0,0,0,0,0,0,0,0,0,0,380,40,0,0,56,0,0,0,0,0
466,0,10,0,0,0,0,0,210812,0,0,0,0,56,0,0,0,0,0,0,0,0,0,0,0,0,0,0,0,0,0,0,0,0,0,0,86,86,0,127,0,0,0,0,0
466,0,11,0,0,0,0,0,210812,0,0,0,0,50,0,0,0,0,0,0,0,0,0,0,0,0,0,0,0,0,0,0,0,0,0,0,42,42,0,182,0,0,0,0,0
466,0,12,0,0,0,0,0,210812,0,0,0,0,50,0,0,0,0,0,0,0,0,0,0,0,0,0,0,0,0,0,0,0,0,0,0,0,0,42,96,0,0,0,0,0
466,0,13,0,0,0,0,0,210812,0,0,0,0,56,0,0,0,0,0,0,0,0,0,0,0,0,0,0,0,0,0,0,0,0,0,172,0,0,0,114,0,0,0,0,0
466,0,14,0,0,0,0,0,210812,0,0,0,0,50,0,0,0,0,0,0,0,0,0,0,0,0,0,0,0,0,0,0,0,0,0,0,0,86,0,62,0,0,0,0,0
466,0,15,0,0,0,0,0,210812,0,0,0,0,44,0,0,0,0,0,0,0,0,0,0,0,0,0,0,0,0,0,0,0,0,0,0,0,36,0,90,0,0,0,0,0
467,0,0,0,0,0,0,0,421589,0,0,772,131584,136,0,0,0,0,0,4842,0,0,0,0,0,0,0,0,772,772,0,0,0,253370,131584,0,294,0,136,284,0,0,0,0,81369
467,0,1,0,0,0,0,0,210795,4842,0,0,0,1552,0,0,0,0,0,0,0,0,0,0,0,0,0,0,0,504,0,0,0,127794,0,0,79,173,478,2652,0,0,17660,0,0
467,0,2,0,0,0,0,0,210795,0,0,0,0,305,17344,0,0,0,0,0,0,0,0,0,0,0,0,0,0,0,0,0,0,63876,64887,0,246,490,494,634,0,0,17139,0,17065
467,0,3,0,0,0,0,0,210795,0,0,0,0,320,17344,0,0,0,0,0,0,0,0,0,0,0,0,0,0,0,0,0,0,0,65022,0,97,157,0,497,0,0,476,0,17077
467,0,4,0,0,0,0,0,210795,0,0,0,0,47,0,0,0,0,0,0,0,0,0,0,0,0,0,0,0,0,0,0,0,0,0,0,87,0,45,66,0,0,0,0,0
467,0,5,0,0,0,0,0,210795,0,0,0,0,47,0,0,0,0,0,0,0,0,0,0,0,0,0,0,0,0,0,0,0,0,0,522,150,0,0,112,0,0,0,0,0
467,0,6,0,0,0,0,0,210795,0,0,0,0,47,0,0,0,0,0,0,0,0,0,0,0,0,0,0,0,0,0,0,0,0,0,0,43,98,0,52,0,0,0,0,0
467,0,7,0,0,0,0,0,210795,0,0,0,0,53,0,0,0,0,0,0,0,0,0,0,0,0,0,0,0,0,0,0,0,0,0,0,100,39,0,140,0,0,0,0,0
467,0,8,0,0,0,0,0,210795,0,0,0,0,53,0,0,0,0,0,0,0,0,0,0,0,0,0,0,0,0,0,0,0,0,0,0,52,0,39,110,0,0,0,0,0
467,0,9,0,0,0,0,0,210795,0,0,0,0,47,0,0,0,0,0,0,0,0,0,0,0,0,0,0,0,0,0,0,0,0,0,380,40,0,0,53,0,0,0,0,0
467,0,10,0,0,0,0,0,210795,0,0,0,0,53,0,0,0,0,0,0,0,0,0,0,0,0,0,0,0,0,0,0,0,0,0,0,82,86,0,124,0,0,0,0,0
467,0,11,0,0,0,0,0,210795,0,0,0,0,47,0,0,0,0,0,0,0,0,0,0,0,0,0,0,0,0,0,0,0,0,0,0,40,45,0,131,0,0,0,0,0
467,0,12,0,0,0,0,0,210795,0,0,0,0,47,0,0,0,0,0,0,0,0,0,0,0,0,0,0,0,0,0,0,0,0,0,0,0,0,45,93,0,0,0,0,0
467,0,13,0,0,0,0,0,210795,0,0,0,0,53,0,0,0,0,0,0,0,0,0,0,0,0,0,0,0,0,0,0,0,0,0,172,0,0,0,111,0,0,0,0,0
467,0,14,0,0,0,0,0,210795,0,0,0,0,47,0,0,0,0,0,0,0,0,0,0,0,0,0,0,0,0,0,0,0,0,0,0,0,86,0,63,0,0,0,0,0
467,0,15,0,0,0,0,0,210795,0,0,0,0,41,0,0,0,0,0,0,0,0,0,0,0,0,0,0,0,0,0,0,0,0,0,0,0,39,0,89,0,0,0,0,0
468,0,0,0,0,0,0,0,421651,0,0,772,131584,136,0,0,0,0,0,4839,0,0,0,0,0,0,0,0,772,772,0,0,0,253364,131584,0,294,0,136,284,0,0,0,0,81409
468,0,1,0,0,0,0,0,210826,4839,0,0,0,1546,0,0,0,0,0,0,0,0,0,0,0,0,0,0,0,506,0,0,0,127790,0,0,79,172,485,2652,0,0,17656,0,0
468,0,2,0,0,0,0,0,210826,0,0,0,0,306,17344,0,0,0,0,0,0,0,0,0,0,0,0,0,0,0,0,0,0,63876,64885,0,246,484,489,633,0,0,17141,0,17067
468,0,3,0,0,0,0,0,210826,0,0,0,0,315,17344,0,0,0,0,0,0,0,0,0,0,0,0,0,0,0,0,0,0,0,65022,0,97,162,0,497,0,0,473,0,17080
468,0,4,0,0,0,0,0,210826,0,0,0,0,47,0,0,0,0,0,0,0,0,0,0,0,0,0,0,0,0,0,0,0,0,0,0,87,0,45,66,0,0,0,0,0
468,0,5,0,0,0,0,0,210826,0,0,0,0,47,0,0,0,0,0,0,0,0,0,0,0,0,0,0,0,0,0,0,0,0,0,522,150,0,0,112,0,0,0,0,0
468,0,6,0,0,0,0,0,210826,0,0,0,0,47,0,0,0,0,0,0,0,0,0,0,0,0,0,0,0,0,0,0,0,0,0,0,43,98,0,52,0,0,0,0,0
468,0,7,0,0,0,0,0,210826,0,0,0,0,53,0,0,0,0,0,0,0,0,0,0,0,0,0,0,0,0,0,0,0,0,0,0,100,39,0,140,0,0,0,0,0
468,0,8,0,0,0,0,0,210826,0,0,0,0,53,0,0,0,0,0,0,0,0,0,0,0,0,0,0,0,0,0,0,0,0,0,0,52,0,39,110,0,0,0,0,0
468,0,9,0,0,0,0,0,210826,0,0,0,0,47,0,0,0,0,0,0,0,0,0,0,0,0,0,0,0,0,0,0,0,0,0,380,40,0,0,53,0,0,0,0,0
468,0,10,0,0,0,0,0,210826,0,0,0,0,53,0,0,0,0,0,0,0,0,0,0,0,0,0,0,0,0,0,0,0,0,0,0,82,86,0,124,0,0,0,0,0
468,0,11,0,0,0,0,0,210826,0,0,0,0,47,0,0,0,0,0,0,0,0,0,0,0,0,0,0,0,0,0,0,0,0,0,0,40,45,0,131,0,0,0,0,0
468,0,12,0,0,0,0,0,210826,0,0,0,0,47,0,0,0,0,0,0,0,0,0,0,0,0,0,0,0,0,0,0,0,0,0,0,0,0,45,93,0,0,0,0,0
468,0,13,0,0,0,0,0,210826,0,0,0,0,53,0,0,0,0,0,0,0,0,0,0,0,0,0,0,0,0,0,0,0,0,0,172,0,0,0,111,0,0,0,0,0
468,0,14,0,0,0,0,0,210826,0,0,0,0,47,0,0,0,0,0,0,0,0,0,0,0,0,0,0,0,0,0,0,0,0,0,0,0,86,0,63,0,0,0,0,0
468,0,15,0,0,0,0,0,210826,0,0,0,0,41,0,0,0,0,0,0,0,0,0,0,0,0,0,0,0,0,0,0,0,0,0,0,0,39,0,89,0,0,0,0,0
469,0,0,0,0,0,0,0,677152,0,0,904,263168,136,0,0,0,0,0,5052,0,0,0,0,0,0,0,0,904,904,0,127792,0,377662,263168,0,521,0,136,284,0,0,0,0,223379
469,0,1,0,0,0,0,0,338576,5052,0,0,0,1687,0,0,0,0,0,0,0,0,0,0,0,0,0,0,0,356,0,63928,0,126908,0,0,150,251,328,2840,0,0,32964,0,0
469,0,2,0,0,0,0,0,338576,0,0,0,0,196,17344,0,0,0,0,0,0,0,0,0,0,0,0,0,0,0,0,0,0,63851,64950,0,250,333,418,427,0,0,16661,0,17271
469,0,3,0,0,0,0,0,338576,0,0,0,0,214,17344,0,0,0,0,0,0,0,0,0,0,0,0,0,0,0,0,0,0,0,64899,0,99,103,0,305,0,0,536,0,17038
469,0,4,0,0,0,0,0,338576,0,0,0,0,209,17344,0,0,0,0,0,0,0,0,0,0,0,0,0,0,0,0,0,0,0,65016,0,87,0,108,306,16781,0,0,0,17075
469,0,5,0,0,0,0,0,338576,0,0,0,0,204,17344,0,0,0,0,0,0,0,0,0,0,0,0,0,0,0,0,0,0,0,65019,754,150,0,1,425,0,0,896,0,16837
469,0,6,0,0,0,0,0,338576,0,0,0,0,50,0,0,0,0,0,0,0,0,0,0,0,0,0,0,0,0,0,0,0,0,0,0,39,95,1,55,0,0,0,0,0
469,0,7,0,0,0,0,0,338576,0,0,0,0,53,0,0,0,0,0,0,0,0,0,0,0,0,0,0,0,0,0,0,0,0,0,0,101,39,0,138,0,0,0,0,0
469,0,8,0,0,0,0,0,338576,0,0,0,0,56,0,0,0,0,0,0,0,0,0,0,0,0,0,0,0,0,0,0,0,0,0,0,52,0,36,113,0,0,0,0,0
469,0,9,0,0,0,0,0,338576,0,0,0,0,50,0,0,0,0,0,0,0,0,0,0,0,0,0,0,0,0,0,0,0,0,0,380,40,0,0,56,0,0,0,0,0
469,0,10,0,0,0,0,0,338576,0,0,0,0,56,0,0,0,0,0,0,0,0,0,0,0,0,0,0,0,0,0,0,0,0,0,0,86,86,0,127,0,0,0,0,0
469,0,11,0,0,0,0,0,338576,0,0,0,0,50,0,0,0,0,0,0,0,0,0,0,0,0,0,0,0,0,0,0,0,0,0,0,41,42,0,118,0,0,0,0,0
469,0,12,0,0,0,0,0,338576,0,0,0,0,50,0,0,0,0,0,0,0,0,0,0,0,0,0,0,0,0,0,0,0,0,0,0,0,0,42,96,0,0,0,0,0
469,0,13,0,0,0,0,0,338576,0,0,0,0,56,0,0,0,0,0,0,0,0,0,0,0,0,0,0,0,0,0,0,0,0,0,172,0,0,0,114,0,0,0,0,0
469,0,14,0,0,0,0,0,338576,0,0,0,0,50,0,0,0,0,0,0,0,0,0,0,0,0,0,0,0,0,0,0,0,0,0,0,0,86,0,62,0,0,0,0,0
469,0,15,0,0,0,0,0,338576,0,0,0,0,44,0,0,0,0,0,0,0,0,0,0,0,0,0,0,0,0,0,0,0,0,0,0,0,36,0,93,0,0,0,0,0
470,0,0,0,0,0,0,0,676424,0,0,904,263168,136,0,0,0,0,0,5049,0,0,0,0,0,0,0,0,904,904,0,127786,0,377841,263168,0,521,0,136,284,0,0,0,0,233366
470,0,1,0,0,0,0,0,338212,5049,0,0,0,1685,0,0,0,0,0,0,0,0,0,0,0,0,0,0,0,367,0,63921,0,126961,0,0,155,251,325,2848,0,0,31436,0,0
470,0,2,0,0,0,0,0,338212,0,0,0,0,200,17344,0,0,0,0,0,0,0,0,0,0,0,0,0,0,0,0,0,0,63857,64954,0,246,331,429,427,0,0,16629,0,17242
470,0,3,0,0,0,0,0,338212,0,0,0,0,216,17344,0,0,0,0,0,0,0,0,0,0,0,0,0,0,0,0,0,0,0,64916,0,97,101,0,298,0,0,618,0,16988
470,0,4,0,0,0,0,0,338212,0,0,0,0,213,17344,0,0,0,0,0,0,0,0,0,0,0,0,0,0,0,0,0,0,0,65006,0,87,0,104,310,16807,0,0,0,17075
470,0,5,0,0,0,0,0,338212,0,0,0,0,213,17344,0,0,0,0,0,0,0,0,0,0,0,0,0,0,0,0,0,0,0,65011,746,150,0,1,429,0,0,852,0,16860
470,0,6,0,0,0,0,0,338212,0,0,0,0,47,0,0,0,0,0,0,0,0,0,0,0,0,0,0,0,0,0,0,0,0,0,0,43,98,1,52,0,0,0,0,0
470,0,7,0,0,0,0,0,338212,0,0,0,0,53,0,0,0,0,0,0,0,0,0,0,0,0,0,0,0,0,0,0,0,0,0,0,101,39,0,140,0,0,0,0,0
470,0,8,0,0,0,0,0,338212,0,0,0,0,53,0,0,0,0,0,0,0,0,0,0,0,0,0,0,0,0,0,0,0,0,0,0,52,0,39,110,0,0,0,0,0
470,0,9,0,0,0,0,0,338212,0,0,0,0,47,0,0,0,0,0,0,0,0,0,0,0,0,0,0,0,0,0,0,0,0,0,380,40,0,0,53,0,0,0,0,0
470,0,10,0,0,0,0,0,338212,0,0,0,0,53,0,0,0,0,0,0,0,0,0,0,0,0,0,0,0,0,0,0,0,0,0,0,82,86,0,124,0,0,0,0,0
470,0,11,0,0,0,0,0,338212,0,0,0,0,47,0,0,0,0,0,0,0,0,0,0,0,0,0,0,0,0,0,0,0,0,0,0,41,45,0,147,0,0,0,0,0
470,0,12,0,0,0,0,0,338212,0,0,0,0,47,0,0,0,0,0,0,0,0,0,0,0,0,0,0,0,0,0,0,0,0,0,0,0,0,45,93,0,0,0,0,0
470,0,13,0,0,0,0,0,338212,0,0,0,0,53,0,0,0,0,0,0,0,0,0,0,0,0,0,0,0,0,0,0,0,0,0,172,0,0,0,111,0,0,0,0,0
470,0,14,0,0,0,0,0,338212,0,0,0,0,47,0,0,0,0,0,0,0,0,0,0,0,0,0,0,0,0,0,0,0,0,0,0,0,86,0,63,0,0,0,0,0
470,0,15,0,0,0,0,0,338212,0,0,0,0,41,0,0,0,0,0,0,0,0,0,0,0,0,0,0,0,0,0,0,0,0,0,0,0,39,0,90,0,0,0,0,0
471,0,0,0,0,0,0,0,677291,0,0,904,263168,136,0,0,0,0,0,5052,0,0,0,0,0,0,0,0,904,904,0,127791,0,377863,263168,0,521,0,136,284,0,0,0,0,234458
471,0,1,0,0,0,0,0,338646,5052,0,0,0,1689,0,0,0,0,0,0,0,0,0,0,0,0,0,0,0,365,0,63920,0,126967,0,0,150,253,324,2857,0,0,31348,0,0
471,0,2,0,0,0,0,0,338646,0,0,0,0,207,17344,0,0,0,0,0,0,0,0,0,0,0,0,0,0,0,0,0,0,63865,64955,0,246,328,428,436,0,0,16625,0,17252
471,0,3,0,0,0,0,0,338646,0,0,0,0,220,17344,0,0,0,0,0,0,0,0,0,0,0,0,0,0,0,0,0,0,0,64916,0,97,97,0,303,0,0,586,0,17008
471,0,4,0,0,0,0,0,338646,0,0,0,0,211,17344,0,0,0,0,0,0,0,0,0,0,0,0,0,0,0,0,0,0,0,65008,0,87,0,106,309,16832,0,0,0,17065
471,0,5,0,0,0,0,0,338646,0,0,0,0,212,17344,0,0,0,0,0,0,0,0,0,0,0,0,0,0,0,0,0,0,0,65011,744,150,0,2,433,0,0,839,0,16868
471,0,6,0,0,0,0,0,338646,0,0,0,0,47,0,0,0,0,0,0,0,0,0,0,0,0,0,0,0,0,0,0,0,0,0,0,43,98,0,52,0,0,0,0,0
471,0,7,0,0,0,0,0,338646,0,0,0,0,53,0,0,0,0,0,0,0,0,0,0,0,0,0,0,0,0,0,0,0,0,0,0,102,39,0,140,0,0,0,0,0
471,0,8,0,0,0,0,0,338646,0,0,0,0,53,0,0,0,0,0,0,0,0,0,0,0,0,0,0,0,0,0,0,0,0,0,0,52,0,39,110,0,0,0,0,0
471,0,9,0,0,0,0,0,338646,0,0,0,0,47,0,0,0,0,0,0,0,0,0,0,0,0,0,0,0,0,0,0,0,0,0,380,40,0,0,53,0,0,0,0,0
471,0,10,0,0,0,0,0,338646,0,0,0,0,53,0,0,0,0,0,0,0,0,0,0,0,0,0,0,0,0,0,0,0,0,0,0,82,86,0,124,0,0,0,0,0
471,0,11,0,0,0,0,0,338646,0,0,0,0,47,0,0,0,0,0,0,0,0,0,0,0,0,0,0,0,0,0,0,0,0,0,0,40,45,0,147,0,0,0,0,0
471,0,12,0,0,0,0,0,338646,0,0,0,0,47,0,0,0,0,0,0,0,0,0,0,0,0,0,0,0,0,0,0,0,0,0,0,0,0,45,93,0,0,0,0,0
471,0,13,0,0,0,0,0,338646,0,0,0,0,53,0,0,0,0,0,0,0,0,0,0,0,0,0,0,0,0,0,0,0,0,0,172,0,0,0,111,0,0,0,0,0
471,0,14,0,0,0,0,0,338646,0,0,0,0,47,0,0,0,0,0,0,0,0,0,0,0,0,0,0,0,0,0,0,0,0,0,0,0,86,0,63,0,0,0,0,0
471,0,15,0,0,0,0,0,338646,0,0,0,0,41,0,0,0,0,0,0,0,0,0,0,0,0,0,0,0,0,0,0,0,0,0,0,0,39,0,91,0,0,0,0,0
472,0,0,0,0,0,0,0,949793,0,0,1368,394752,136,0,0,0,0,0,5761,0,0,0,0,0,0,0,0,1368,1368,0,127711,0,628558,394752,0,495,0,136,284,0,0,0,0,492501
472,0,1,0,0,0,0,0,474897,5760,0,0,0,2008,0,0,0,0,0,0,0,0,0,0,0,0,0,0,0,641,0,63859,0,252906,0,0,151,241,482,3405,0,0,38182,0,0
472,0,2,0,0,0,0,0,474897,0,0,0,0,188,17344,0,0,0,0,0,0,0,0,0,0,0,0,0,0,0,0,63883,0,126911,64973,0,434,284,581,402,0,0,25046,0,16841
472,0,3,0,0,0,0,0,474897,0,0,0,0,188,17344,0,0,0,0,0,0,0,0,0,0,0,0,0,0,0,0,63834,0,0,64987,0,199,98,0,260,0,0,1182,0,16823
472,0,4,0,0,0,0,0,474897,0,0,0,0,191,17344,0,0,0,0,0,0,0,0,0,0,0,0,0,0,0,0,0,0,0,64943,0,87,0,100,278,110672,0,0,0,16802
472,0,5,0,0,0,0,0,474897,0,0,0,0,206,17344,0,0,0,0,0,0,0,0,0,0,0,0,0,0,0,0,0,0,0,64973,1019,150,0,1,434,0,0,76373,0,16760
472,0,6,0,0,0,0,0,474897,0,0,0,0,233,17344,0,0,0,0,0,0,0,0,0,0,0,0,0,0,0,0,0,0,0,64945,0,43,358,1,323,0,0,48793,0,16806
472,0,7,0,0,0,0,0,474897,0,0,0,0,229,17344,0,0,0,0,0,0,0,0,0,0,0,0,0,0,0,0,0,0,0,64967,0,101,134,0,488,0,0,11930,0,16762
472,0,8,0,0,0,0,0,474897,0,0,0,0,53,0,0,0,0,0,0,0,0,0,0,0,0,0,0,0,0,0,0,0,0,0,0,52,0,39,110,0,0,0,0,0
472,0,9,0,0,0,0,0,474897,0,0,0,0,47,0,0,0,0,0,0,0,0,0,0,0,0,0,0,0,0,0,0,0,0,0,380,40,0,0,53,0,0,0,0,0
472,0,10,0,0,0,0,0,474897,0,0,0,0,53,0,0,0,0,0,0,0,0,0,0,0,0,0,0,0,0,0,0,0,0,0,0,82,86,0,124,0,0,0,0,0
472,0,11,0,0,0,0,0,474897,0,0,0,0,47,0,0,0,0,0,0,0,0,0,0,0,0,0,0,0,0,0,0,0,0,0,0,43,45,0,147,0,0,0,0,0
472,0,12,0,0,0,0,0,474897,0,0,0,0,47,0,0,0,0,0,0,0,0,0,0,0,0,0,0,0,0,0,0,0,0,0,0,0,0,45,93,0,0,0,0,0
472,0,13,0,0,0,0,0,474897,0,0,0,0,53,0,0,0,0,0,0,0,0,0,0,0,0,0,0,0,0,0,0,0,0,0,172,0,0,0,111,0,0,0,0,0
472,0,14,0,0,0,0,0,474897,0,0,0,0,47,0,0,0,0,0,0,0,0,0,0,0,0,0,0,0,0,0,0,0,0,0,0,0,86,0,63,0,0,0,0,0
472,0,15,0,0,0,0,0,474897,0,0,0,0,41,0,0,0,0,0,0,0,0,0,0,0,0,0,0,0,0,0,0,0,0,0,0,0,39,0,90,0,0,0,0,0
473,0,0,0,0,0,0,0,953409,0,0,1392,394752,136,0,0,0,0,0,5793,0,0,0,0,0,0,0,0,1392,1392,0,127737,0,628419,394752,0,495,0,136,284,0,0,0,0,499667
473,0,1,0,0,0,0,0,476704,5793,0,0,0,2030,0,0,0,0,0,0,0,0,0,0,0,0,0,0,0,665,0,63866,0,252898,0,0,156,229,491,3456,0,0,40421,0,0
473,0,2,0,0,0,0,0,476704,0,0,0,0,176,17344,0,0,0,0,0,0,0,0,0,0,0,0,0,0,0,0,63893,0,126887,64980,0,427,284,599,391,0,0,26162,0,16844
473,0,3,0,0,0,0,0,476704,0,0,0,0,174,17344,0,0,0,0,0,0,0,0,0,0,0,0,0,0,0,0,63817,0,0,64940,0,194,115,0,244,0,0,1316,0,16822
473,0,4,0,0,0,0,0,476704,0,0,0,0,181,17344,0,0,0,0,0,0,0,0,0,0,0,0,0,0,0,0,0,0,0,64935,0,87,0,110,256,118754,0,0,0,16839
473,0,5,0,0,0,0,0,476704,0,0,0,0,200,17344,0,0,0,0,0,0,0,0,0,0,0,0,0,0,0,0,0,0,0,64970,1014,150,0,1,425,0,0,86856,0,16746
473,0,6,0,0,0,0,0,476704,0,0,0,0,226,17344,0,0,0,0,0,0,0,0,0,0,0,0,0,0,0,0,0,0,0,64981,0,43,379,1,331,0,0,59335,0,16769
473,0,7,0,0,0,0,0,476704,0,0,0,0,235,17344,0,0,0,0,0,0,0,0,0,0,0,0,0,0,0,0,0,0,0,64936,0,101,138,0,509,0,0,12225,0,16811
473,0,8,0,0,0,0,0,476704,0,0,0,0,53,0,0,0,0,0,0,0,0,0,0,0,0,0,0,0,0,0,0,0,0,0,0,52,0,39,110,0,0,0,0,0
473,0,9,0,0,0,0,0,476704,0,0,0,0,47,0,0,0,0,0,0,0,0,0,0,0,0,0,0,0,0,0,0,0,0,0,380,40,0,0,53,0,0,0,0,0
473,0,10,0,0,0,0,0,476704,0,0,0,0,53,0,0,0,0,0,0,0,0,0,0,0,0,0,0,0,0,0,0,0,0,0,0,82,86,0,124,0,0,0,0,0
473,0,11,0,0,0,0,0,476704,0,0,0,0,47,0,0,0,0,0,0,0,0,0,0,0,0,0,0,0,0,0,0,0,0,0,0,43,45,0,131,0,0,0,0,0
473,0,12,0,0,0,0,0,476704,0,0,0,0,47,0,0,0,0,0,0,0,0,0,0,0,0,0,0,0,0,0,0,0,0,0,0,0,0,45,93,0,0,0,0,0
473,0,13,0,0,0,0,0,476704,0,0,0,0,53,0,0,0,0,0,0,0,0,0,0,0,0,0,0,0,0,0,0,0,0,0,172,0,0,0,111,0,0,0,0,0
473,0,14,0,0,0,0,0,476704,0,0,0,0,47,0,0,0,0,0,0,0,0,0,0,0,0,0,0,0,0,0,0,0,0,0,0,0,86,0,63,0,0,0,0,0
473,0,15,0,0,0,0,0,476704,0,0,0,0,41,0,0,0,0,0,0,0,0,0,0,0,0,0,0,0,0,0,0,0,0,0,0,0,39,0,90,0,0,0,0,0
474,0,0,0,0,0,0,0,951630,0,0,1380,394752,136,0,0,0,0,0,5775,0,0,0,0,0,0,0,0,1380,1380,0,127698,0,628429,394752,0,497,0,136,284,0,0,0,0,493799
474,0,1,0,0,0,0,0,475815,5775,0,0,0,1997,0,0,0,0,0,0,0,0,0,0,0,0,0,0,0,709,0,63850,0,252932,0,0,156,240,501,3405,0,0,41516,0,0
474,0,2,0,0,0,0,0,475815,0,0,0,0,179,17344,0,0,0,0,0,0,0,0,0,0,0,0,0,0,0,0,63873,0,126874,64978,0,432,293,587,385,0,0,28998,0,16848
474,0,3,0,0,0,0,0,475815,0,0,0,0,186,17344,0,0,0,0,0,0,0,0,0,0,0,0,0,0,0,0,63776,0,0,64962,0,198,103,0,262,0,0,920,0,16824
474,0,4,0,0,0,0,0,475815,0,0,0,0,183,17344,0,0,0,0,0,0,0,0,0,0,0,0,0,0,0,0,0,0,0,64946,0,87,0,110,269,109753,0,0,0,16824
474,0,5,0,0,0,0,0,475815,0,0,0,0,200,17344,0,0,0,0,0,0,0,0,0,0,0,0,0,0,0,0,0,0,0,64958,1011,150,0,1,417,0,0,77167,0,16744
474,0,6,0,0,0,0,0,475815,0,0,0,0,232,17344,0,0,0,0,0,0,0,0,0,0,0,0,0,0,0,0,0,0,0,64990,0,43,370,1,328,0,0,54318,0,16798
474,0,7,0,0,0,0,0,475815,0,0,0,0,236,17344,0,0,0,0,0,0,0,0,0,0,0,0,0,0,0,0,0,0,0,64926,0,101,135,0,504,0,0,10167,0,16772
474,0,8,0,0,0,0,0,475815,0,0,0,0,53,0,0,0,0,0,0,0,0,0,0,0,0,0,0,0,0,0,0,0,0,0,0,52,0,39,110,0,0,0,0,0
474,0,9,0,0,0,0,0,475815,0,0,0,0,47,0,0,0,0,0,0,0,0,0,0,0,0,0,0,0,0,0,0,0,0,0,380,40,0,0,53,0,0,0,0,0
474,0,10,0,0,0,0,0,475815,0,0,0,0,53,0,0,0,0,0,0,0,0,0,0,0,0,0,0,0,0,0,0,0,0,0,0,82,86,0,124,0,0,0,0,0
474,0,11,0,0,0,0,0,475815,0,0,0,0,47,0,0,0,0,0,0,0,0,0,0,0,0,0,0,0,0,0,0,0,0,0,0,43,45,0,131,0,0,0,0,0
474,0,12,0,0,0,0,0,475815,0,0,0,0,47,0,0,0,0,0,0,0,0,0,0,0,0,0,0,0,0,0,0,0,0,0,0,0,0,45,93,0,0,0,0,0
474,0,13,0,0,0,0,0,475815,0,0,0,0,53,0,0,0,0,0,0,0,0,0,0,0,0,0,0,0,0,0,0,0,0,0,172,0,0,0,111,0,0,0,0,0
474,0,14,0,0,0,0,0,475815,0,0,0,0,47,0,0,0,0,0,0,0,0,0,0,0,0,0,0,0,0,0,0,0,0,0,0,0,86,0,63,0,0,0,0,0
474,0,15,0,0,0,0,0,475815,0,0,0,0,41,0,0,0,0,0,0,0,0,0,0,0,0,0,0,0,0,0,0,0,0,0,0,0,39,0,90,0,0,0,0,0
475,0,0,0,0,0,0,0,1244729,0,0,1834,526336,136,0,0,0,0,0,6471,0,0,0,0,0,0,0,0,1834,1834,0,253499,0,751821,526336,0,718,0,136,284,0,0,0,0,745636
475,0,1,0,0,0,0,0,622364,6471,0,0,0,2317,0,0,0,0,0,0,0,0,0,0,0,0,0,0,0,904,0,127082,0,252335,0,0,235,314,484,3948,0,0,76071,0,0
475,0,2,0,0,0,0,0,622364,0,0,0,0,162,17344,0,0,0,0,0,0,0,0,0,0,0,0,0,0,0,0,63852,0,126869,64950,0,441,272,590,357,0,0,61622,0,16841
475,0,3,0,0,0,0,0,622364,0,0,0,0,168,17344,0,0,0,0,0,0,0,0,0,0,0,0,0,0,0,0,63850,0,0,64964,0,196,99,0,233,0,0,1215,0,16836
475,0,4,0,0,0,0,0,622364,0,0,0,0,178,17344,0,0,0,0,0,0,0,0,0,0,0,0,0,0,0,0,63759,0,0,64917,0,163,0,103,262,213557,0,0,0,16767
475,0,5,0,0,0,0,0,622364,0,0,0,0,209,17344,0,0,0,0,0,0,0,0,0,0,0,0,0,0,0,0,63854,0,0,64992,1259,310,0,1,438,0,0,177247,0,16654
475,0,6,0,0,0,0,0,622364,0,0,0,0,242,17344,0,0,0,0,0,0,0,0,0,0,0,0,0,0,0,0,0,0,0,64974,0,39,380,2,347,0,0,83678,0,16665
475,0,7,0,0,0,0,0,622364,0,0,0,0,243,17344,0,0,0,0,0,0,0,0,0,0,0,0,0,0,0,0,0,0,0,64969,0,100,140,0,525,0,0,29370,0,16589
475,0,8,0,0,0,0,0,622364,0,0,0,0,210,17344,0,0,0,0,0,0,0,0,0,0,0,0,0,0,0,0,0,0,0,64942,0,52,0,113,424,77957,0,0,0,16656
475,0,9,0,0,0,0,0,622364,0,0,0,0,203,17344,0,0,0,0,0,0,0,0,0,0,0,0,0,0,0,0,0,0,0,64990,612,40,0,2,284,0,0,22702,0,16644
475,0,10,0,0,0,0,0,622364,0,0,0,0,56,0,0,0,0,0,0,0,0,0,0,0,0,0,0,0,0,0,0,0,0,0,0,86,86,0,127,0,0,0,0,0
475,0,11,0,0,0,0,0,622364,0,0,0,0,50,0,0,0,0,0,0,0,0,0,0,0,0,0,0,0,0,0,0,0,0,0,0,46,42,0,118,0,0,0,0,0
475,0,12,0,0,0,0,0,622364,0,0,0,0,50,0,0,0,0,0,0,0,0,0,0,0,0,0,0,0,0,0,0,0,0,0,0,0,0,42,96,0,0,0,0,0
475,0,13,0,0,0,0,0,622364,0,0,0,0,56,0,0,0,0,0,0,0,0,0,0,0,0,0,0,0,0,0,0,0,0,0,172,0,0,0,114,0,0,0,0,0
475,0,14,0,0,0,0,0,622364,0,0,0,0,50,0,0,0,0,0,0,0,0,0,0,0,0,0,0,0,0,0,0,0,0,0,0,0,86,0,62,0,0,0,0,0
475,0,15,0,0,0,0,0,622364,0,0,0,0,44,0,0,0,0,0,0,0,0,0,0,0,0,0,0,0,0,0,0,0,0,0,0,0,36,0,92,0,0,0,0,0
476,0,0,0,0,0,0,0,1224720,0,0,1792,526336,136,0,0,0,0,0,6408,0,0,0,0,0,0,0,0,1792,1792,0,253406,0,752064,526336,0,712,0,136,284,0,0,0,0,751883
476,0,1,0,0,0,0,0,612360,6408,0,0,0,2264,0,0,0,0,0,0,0,0,0,0,0,0,0,0,0,918,0,127098,0,252397,0,0,238,315,491,3930,0,0,66083,0,0
476,0,2,0,0,0,0,0,612360,0,0,0,0,165,17344,0,0,0,0,0,0,0,0,0,0,0,0,0,0,0,0,63888,0,126821,64947,0,430,258,570,356,0,0,56302,0,16843
476,0,3,0,0,0,0,0,612360,0,0,0,0,159,17344,0,0,0,0,0,0,0,0,0,0,0,0,0,0,0,0,63802,0,0,64971,0,194,106,0,234,0,0,910,0,16841
476,0,4,0,0,0,0,0,612360,0,0,0,0,176,17344,0,0,0,0,0,0,0,0,0,0,0,0,0,0,0,0,63774,0,0,64895,0,169,0,101,254,202400,0,0,0,16780
476,0,5,0,0,0,0,0,612360,0,0,0,0,215,17344,0,0,0,0,0,0,0,0,0,0,0,0,0,0,0,0,63842,0,0,64980,1196,297,0,2,446,0,0,162859,0,16725
476,0,6,0,0,0,0,0,612360,0,0,0,0,229,17344,0,0,0,0,0,0,0,0,0,0,0,0,0,0,0,0,0,0,0,64983,0,39,384,0,331,0,0,75249,0,16621
476,0,7,0,0,0,0,0,612360,0,0,0,0,247,17344,0,0,0,0,0,0,0,0,0,0,0,0,0,0,0,0,0,0,0,64944,0,102,126,0,521,0,0,25245,0,16648
476,0,8,0,0,0,0,0,612360,0,0,0,0,222,17344,0,0,0,0,0,0,0,0,0,0,0,0,0,0,0,0,0,0,0,64930,0,52,0,99,428,71051,0,0,0,16677
476,0,9,0,0,0,0,0,612360,0,0,0,0,197,17344,0,0,0,0,0,0,0,0,0,0,0,0,0,0,0,0,0,0,0,64991,628,40,0,0,287,0,0,24218,0,16624
476,0,10,0,0,0,0,0,612360,0,0,0,0,56,0,0,0,0,0,0,0,0,0,0,0,0,0,0,0,0,0,0,0,0,0,0,86,86,2,127,0,0,0,0,0
476,0,11,0,0,0,0,0,612360,0,0,0,0,50,0,0,0,0,0,0,0,0,0,0,0,0,0,0,0,0,0,0,0,0,0,0,42,42,0,118,0,0,0,0,0
476,0,12,0,0,0,0,0,612360,0,0,0,0,50,0,0,0,0,0,0,0,0,0,0,0,0,0,0,0,0,0,0,0,0,0,0,0,0,42,96,0,0,0,0,0
476,0,13,0,0,0,0,0,612360,0,0,0,0,56,0,0,0,0,0,0,0,0,0,0,0,0,0,0,0,0,0,0,0,0,0,172,0,0,0,114,0,0,0,0,0
476,0,14,0,0,0,0,0,612360,0,0,0,0,50,0,0,0,0,0,0,0,0,0,0,0,0,0,0,0,0,0,0,0,0,0,0,0,86,0,62,0,0,0,0,0
476,0,15,0,0,0,0,0,612360,0,0,0,0,44,0,0,0,0,0,0,0,0,0,0,0,0,0,0,0,0,0,0,0,0,0,0,0,36,0,96,0,0,0,0,0
477,0,0,0,0,0,0,0,1243878,0,0,1840,526336,136,0,0,0,0,0,6477,0,0,0,0,0,0,0,0,1840,1840,0,253612,0,752352,526336,0,722,0,136,284,0,0,0,0,725407
477,0,1,0,0,0,0,0,621939,6477,0,0,0,2317,0,0,0,0,0,0,0,0,0,0,0,0,0,0,0,869,0,127169,0,252474,0,0,234,325,480,3944,0,0,70689,0,0
477,0,2,0,0,0,0,0,621939,0,0,0,0,168,17344,0,0,0,0,0,0,0,0,0,0,0,0,0,0,0,0,63856,0,126909,64961,0,453,272,585,362,0,0,60248,0,16846
477,0,3,0,0,0,0,0,621939,0,0,0,0,174,17344,0,0,0,0,0,0,0,0,0,0,0,0,0,0,0,0,63860,0,0,64967,0,199,93,0,241,0,0,889,0,16851
477,0,4,0,0,0,0,0,621939,0,0,0,0,178,17344,0,0,0,0,0,0,0,0,0,0,0,0,0,0,0,0,63793,0,0,64898,0,170,0,105,265,203500,0,0,0,16789
477,0,5,0,0,0,0,0,621939,0,0,0,0,221,17344,0,0,0,0,0,0,0,0,0,0,0,0,0,0,0,0,63880,0,0,64985,1269,305,0,1,456,0,0,166327,0,16664
477,0,6,0,0,0,0,0,621939,0,0,0,0,246,17344,0,0,0,0,0,0,0,0,0,0,0,0,0,0,0,0,0,0,0,64960,0,39,367,2,341,0,0,81113,0,16684
477,0,7,0,0,0,0,0,621939,0,0,0,0,232,17344,0,0,0,0,0,0,0,0,0,0,0,0,0,0,0,0,0,0,0,64971,0,100,151,0,511,0,0,20770,0,16662
477,0,8,0,0,0,0,0,621939,0,0,0,0,219,17344,0,0,0,0,0,0,0,0,0,0,0,0,0,0,0,0,0,0,0,64944,0,52,0,106,428,79289,0,0,0,16656
477,0,9,0,0,0,0,0,621939,0,0,0,0,218,17344,0,0,0,0,0,0,0,0,0,0,0,0,0,0,0,0,0,0,0,64985,607,40,0,1,304,0,0,22642,0,16602
477,0,10,0,0,0,0,0,621939,0,0,0,0,56,0,0,0,0,0,0,0,0,0,0,0,0,0,0,0,0,0,0,0,0,0,0,86,86,1,127,0,0,0,0,0
477,0,11,0,0,0,0,0,621939,0,0,0,0,50,0,0,0,0,0,0,0,0,0,0,0,0,0,0,0,0,0,0,0,0,0,0,45,42,0,182,0,0,0,0,0
477,0,12,0,0,0,0,0,621939,0,0,0,0,50,0,0,0,0,0,0,0,0,0,0,0,0,0,0,0,0,0,0,0,0,0,0,0,0,42,96,0,0,0,0,0
477,0,13,0,0,0,0,0,621939,0,0,0,0,56,0,0,0,0,0,0,0,0,0,0,0,0,0,0,0,0,0,0,0,0,0,172,0,0,0,114,0,0,0,0,0
477,0,14,0,0,0,0,0,621939,0,0,0,0,50,0,0,0,0,0,0,0,0,0,0,0,0,0,0,0,0,0,0,0,0,0,0,0,86,0,62,0,0,0,0,0
477,0,15,0,0,0,0,0,621939,0,0,0,0,44,0,0,0,0,0,0,0,0,0,0,0,0,0,0,0,0,0,0,0,0,0,0,0,36,0,93,0,0,0,0,0
478,0,0,0,0,0,0,0,1508746,0,0,2258,657920,136,0,0,0,0,0,7119,0,0,0,0,0,0,0,0,2258,2258,0,253432,0,999816,657920,0,680,0,136,284,0,0,0,0,1048455
478,0,1,0,0,0,0,0,754373,7119,0,0,0,2581,0,0,0,0,0,0,0,0,0,0,0,0,0,0,0,1107,0,126999,0,377140,0,0,244,290,661,4465,0,0,58950,0,0
478,0,2,0,0,0,0,0,754373,0,0,0,0,149,17344,0,0,0,0,0,0,0,0,0,0,0,0,0,0,0,0,127074,0,189254,64961,0,608,236,723,333,0,0,47036,0,16864
478,0,3,0,0,0,0,0,754373,0,0,0,0,143,17344,0,0,0,0,0,0,0,0,0,0,0,0,0,0,0,0,127025,0,0,64965,0,295,102,0,209,0,0,2650,0,16823
478,0,4,0,0,0,0,0,754373,0,0,0,0,154,17344,0,0,0,0,0,0,0,0,0,0,0,0,0,0,0,0,63749,0,0,64915,0,161,0,99,216,371695,0,0,0,16760
478,0,5,0,0,0,0,0,754373,0,0,0,0,198,17344,0,0,0,0,0,0,0,0,0,0,0,0,0,0,0,0,63851,0,0,64979,1462,318,0,1,408,0,0,206836,0,16537
478,0,6,0,0,0,0,0,754373,0,0,0,0,204,17344,0,0,0,0,0,0,0,0,0,0,0,0,0,0,0,0,63840,0,0,64990,0,145,352,2,293,0,0,95153,0,16581
478,0,7,0,0,0,0,0,754373,0,0,0,0,224,17344,0,0,0,0,0,0,0,0,0,0,0,0,0,0,0,0,63856,0,0,64972,0,298,108,0,465,0,0,27378,0,16573
478,0,8,0,0,0,0,0,754373,0,0,0,0,202,17344,0,0,0,0,0,0,0,0,0,0,0,0,0,0,0,0,0,0,0,64930,0,52,0,111,408,296231,0,0,0,16567
478,0,9,0,0,0,0,0,754373,0,0,0,0,227,17344,0,0,0,0,0,0,0,0,0,0,0,0,0,0,0,0,0,0,0,64983,918,40,0,1,326,0,0,180799,0,16594
478,0,10,0,0,0,0,0,754373,0,0,0,0,260,17344,0,0,0,0,0,0,0,0,0,0,0,0,0,0,0,0,0,0,0,64983,0,82,379,1,534,0,0,118231,0,16617
478,0,11,0,0,0,0,0,754373,0,0,0,0,245,17344,0,0,0,0,0,0,0,0,0,0,0,0,0,0,0,0,0,0,0,64992,0,45,150,0,574,0,0,45897,0,16562
478,0,12,0,0,0,0,0,754373,0,0,0,0,47,0,0,0,0,0,0,0,0,0,0,0,0,0,0,0,0,0,0,0,0,0,0,0,0,45,93,0,0,0,0,0
478,0,13,0,0,0,0,0,754373,0,0,0,0,53,0,0,0,0,0,0,0,0,0,0,0,0,0,0,0,0,0,0,0,0,0,172,0,0,0,111,0,0,0,0,0
478,0,14,0,0,0,0,0,754373,0,0,0,0,47,0,0,0,0,0,0,0,0,0,0,0,0,0,0,0,0,0,0,0,0,0,0,0,86,0,63,0,0,0,0,0
478,0,15,0,0,0,0,0,754373,0,0,0,0,41,0,0,0,0,0,0,0,0,0,0,0,0,0,0,0,0,0,0,0,0,0,0,0,39,0,92,0,0,0,0,0
479,0,0,0,0,0,0,0,1518391,0,0,2290,657920,136,0,0,0,0,0,7167,0,0,0,0,0,0,0,0,2290,2290,0,253498,0,999585,657920,0,684,0,136,284,0,0,0,0,1028058
479,0,1,0,0,0,0,0,759196,7167,0,0,0,2633,0,0,0,0,0,0,0,0,0,0,0,0,0,0,0,1096,0,127001,0,377012,0,0,245,301,629,4504,0,0,58749,0,0
479,0,2,0,0,0,0,0,759196,0,0,0,0,154,17344,0,0,0,0,0,0,0,0,0,0,0,0,0,0,0,0,127036,0,189235,64958,0,624,240,755,340,0,0,49403,0,16878
479,0,3,0,0,0,0,0,759196,0,0,0,0,151,17344,0,0,0,0,0,0,0,0,0,0,0,0,0,0,0,0,126977,0,0,64962,0,289,93,0,204,0,0,1613,0,16833
479,0,4,0,0,0,0,0,759196,0,0,0,0,156,17344,0,0,0,0,0,0,0,0,0,0,0,0,0,0,0,0,63777,0,0,64929,0,169,0,99,222,360077,0,0,0,16724
479,0,5,0,0,0,0,0,759196,0,0,0,0,199,17344,0,0,0,0,0,0,0,0,0,0,0,0,0,0,0,0,63860,0,0,64980,1503,332,0,2,404,0,0,200441,0,16569
479,0,6,0,0,0,0,0,759196,0,0,0,0,216,17344,0,0,0,0,0,0,0,0,0,0,0,0,0,0,0,0,63862,0,0,64982,0,136,332,0,304,0,0,97242,0,16631
479,0,7,0,0,0,0,0,759196,0,0,0,0,214,17344,0,0,0,0,0,0,0,0,0,0,0,0,0,0,0,0,63868,0,0,64959,0,312,121,0,460,0,0,40499,0,16509
479,0,8,0,0,0,0,0,759196,0,0,0,0,200,17344,0,0,0,0,0,0,0,0,0,0,0,0,0,0,0,0,0,0,0,64951,0,52,0,115,400,309335,0,0,0,16570
479,0,9,0,0,0,0,0,759196,0,0,0,0,228,17344,0,0,0,0,0,0,0,0,0,0,0,0,0,0,0,0,0,0,0,64974,927,40,0,1,321,0,0,187093,0,16594
479,0,10,0,0,0,0,0,759196,0,0,0,0,266,17344,0,0,0,0,0,0,0,0,0,0,0,0,0,0,0,0,0,0,0,65006,0,82,389,1,553,0,0,118327,0,16605
479,0,11,0,0,0,0,0,759196,0,0,0,0,257,17344,0,0,0,0,0,0,0,0,0,0,0,0,0,0,0,0,0,0,0,64973,0,45,148,0,680,0,0,56182,0,16551
479,0,12,0,0,0,0,0,759196,0,0,0,0,47,0,0,0,0,0,0,0,0,0,0,0,0,0,0,0,0,0,0,0,0,0,0,0,0,45,93,0,0,0,0,0
479,0,13,0,0,0,0,0,759196,0,0,0,0,53,0,0,0,0,0,0,0,0,0,0,0,0,0,0,0,0,0,0,0,0,0,172,0,0,0,111,0,0,0,0,0
479,0,14,0,0,0,0,0,759196,0,0,0,0,47,0,0,0,0,0,0,0,0,0,0,0,0,0,0,0,0,0,0,0,0,0,0,0,86,0,63,0,0,0,0,0
479,0,15,0,0,0,0,0,759196,0,0,0,0,41,0,0,0,0,0,0,0,0,0,0,0,0,0,0,0,0,0,0,0,0,0,0,0,39,0,92,0,0,0,0,0
480,0,0,0,0,0,0,0,1507083,0,0,2268,657920,136,0,0,0,0,0,7131,0,0,0,0,0,0,0,0,2268,2268,0,253450,0,999719,657920,0,682,0,136,284,0,0,0,0,1029471
480,0,1,0,0,0,0,0,753542,7131,0,0,0,2615,0,0,0,0,0,0,0,0,0,0,0,0,0,0,0,1054,0,127004,0,377089,0,0,235,295,641,4472,0,0,67204,0,0
480,0,2,0,0,0,0,0,753542,0,0,0,0,150,17344,0,0,0,0,0,0,0,0,0,0,0,0,0,0,0,0,127083,0,189232,64962,0,619,237,740,334,0,0,57212,0,16826
480,0,3,0,0,0,0,0,753542,0,0,0,0,147,17344,0,0,0,0,0,0,0,0,0,0,0,0,0,0,0,0,126981,0,0,64961,0,290,96,0,209,0,0,3431,0,16843
480,0,4,0,0,0,0,0,753542,0,0,0,0,159,17344,0,0,0,0,0,0,0,0,0,0,0,0,0,0,0,0,63755,0,0,64930,0,158,0,96,228,344001,0,0,0,16749
480,0,5,0,0,0,0,0,753542,0,0,0,0,204,17344,0,0,0,0,0,0,0,0,0,0,0,0,0,0,0,0,63870,0,0,64988,1498,325,0,1,416,0,0,183590,0,16583
480,0,6,0,0,0,0,0,753542,0,0,0,0,222,17344,0,0,0,0,0,0,0,0,0,0,0,0,0,0,0,0,63865,0,0,64983,0,145,327,1,302,0,0,89827,0,16587
480,0,7,0,0,0,0,0,753542,0,0,0,0,216,17344,0,0,0,0,0,0,0,0,0,0,0,0,0,0,0,0,63853,0,0,64963,0,312,118,0,459,0,0,25468,0,16612
480,0,8,0,0,0,0,0,753542,0,0,0,0,207,17344,0,0,0,0,0,0,0,0,0,0,0,0,0,0,0,0,0,0,0,64926,0,52,0,106,416,288834,0,0,0,16592
480,0,9,0,0,0,0,0,753542,0,0,0,0,221,17344,0,0,0,0,0,0,0,0,0,0,0,0,0,0,0,0,0,0,0,64978,918,40,0,1,311,0,0,173668,0,16597
480,0,10,0,0,0,0,0,753542,0,0,0,0,249,17344,0,0,0,0,0,0,0,0,0,0,0,0,0,0,0,0,0,0,0,65005,0,86,398,1,521,0,0,107465,0,16611
480,0,11,0,0,0,0,0,753542,0,0,0,0,251,17344,0,0,0,0,0,0,0,0,0,0,0,0,0,0,0,0,0,0,0,64966,0,44,152,0,321,0,0,38979,0,16610
480,0,12,0,0,0,0,0,753542,0,0,0,0,50,0,0,0,0,0,0,0,0,0,0,0,0,0,0,0,0,0,0,0,0,0,0,0,0,42,96,0,0,0,0,0
480,0,13,0,0,0,0,0,753542,0,0,0,0,56,0,0,0,0,0,0,0,0,0,0,0,0,0,0,0,0,0,0,0,0,0,172,0,0,0,114,0,0,0,0,0
480,0,14,0,0,0,0,0,753542,0,0,0,0,50,0,0,0,0,0,0,0,0,0,0,0,0,0,0,0,0,0,0,0,0,0,0,0,86,0,62,0,0,0,0,0
480,0,15,0,0,0,0,0,753542,0,0,0,0,44,0,0,0,0,0,0,0,0,0,0,0,0,0,0,0,0,0,0,0,0,0,0,0,36,0,96,0,0,0,0,0
481,0,0,0,0,0,0,0,1923773,0,0,2910,855296,136,0,0,0,0,0,8112,0,0,0,0,0,0,0,0,2910,2910,0,377216,0,1243493,855296,0,901,0,136,284,0,0,0,0,1511978
481,0,1,0,0,0,0,0,961887,8112,0,0,0,3034,0,0,0,0,0,0,0,0,0,0,0,0,0,0,0,1503,0,189193,0,438202,0,0,332,371,694,5136,0,0,59833,0,0
481,0,2,0,0,0,0,0,961887,0,0,0,0,129,17344,0,0,0,0,0,0,0,0,0,0,0,0,0,0,0,0,189583,0,188844,64967,0,775,218,707,292,0,0,52259,0,16866
481,0,3,0,0,0,0,0,961887,0,0,0,0,130,17344,0,0,0,0,0,0,0,0,0,0,0,0,0,0,0,0,126850,0,0,64959,0,261,86,0,177,0,0,9351,0,16844
481,0,4,0,0,0,0,0,961887,0,0,0,0,137,17344,0,0,0,0,0,0,0,0,0,0,0,0,0,0,0,0,126736,0,0,64915,0,242,0,90,201,565798,0,0,0,16697
481,0,5,0,0,0,0,0,961887,0,0,0,0,172,17344,0,0,0,0,0,0,0,0,0,0,0,0,0,0,0,0,127003,0,0,64974,1908,521,0,0,362,0,0,211207,0,16558
481,0,6,0,0,0,0,0,961887,0,0,0,0,181,17344,0,0,0,0,0,0,0,0,0,0,0,0,0,0,0,0,127140,0,0,64993,0,254,297,2,253,0,0,117349,0,16554
481,0,7,0,0,0,0,0,961887,0,0,0,0,185,17344,0,0,0,0,0,0,0,0,0,0,0,0,0,0,0,0,63833,0,0,64956,0,311,107,0,405,0,0,40611,0,16500
481,0,8,0,0,0,0,0,961887,0,0,0,0,187,17344,0,0,0,0,0,0,0,0,0,0,0,0,0,0,0,0,63823,0,0,64940,0,227,0,102,384,537729,0,0,0,16505
481,0,9,0,0,0,0,0,961887,0,0,0,0,228,17344,0,0,0,0,0,0,0,0,0,0,0,0,0,0,0,0,63834,0,0,64978,1263,136,0,1,335,0,0,374021,0,16489
481,0,10,0,0,0,0,0,961887,0,0,0,0,262,17344,0,0,0,0,0,0,0,0,0,0,0,0,0,0,0,0,63827,0,0,64989,0,282,385,1,526,0,0,173831,0,16511
481,0,11,0,0,0,0,0,961887,0,0,0,0,257,17344,0,0,0,0,0,0,0,0,0,0,0,0,0,0,0,0,0,0,0,64990,0,45,136,0,647,0,0,66695,0,16563
481,0,12,0,0,0,0,0,961887,0,0,0,0,243,17344,0,0,0,0,0,0,0,0,0,0,0,0,0,0,0,0,0,0,0,64990,0,0,0,118,385,373347,0,0,0,16499
481,0,13,0,0,0,0,0,961887,0,0,0,0,249,17344,0,0,0,0,0,0,0,0,0,0,0,0,0,0,0,0,0,0,0,64987,671,0,0,1,512,0,0,168888,0,16472
481,0,14,0,0,0,0,0,961887,0,0,0,0,252,17344,0,0,0,0,0,0,0,0,0,0,0,0,0,0,0,0,0,0,0,64994,0,0,185,1,371,0,0,60415,0,16581
481,0,15,0,0,0,0,0,961887,0,0,0,0,44,0,0,0,0,0,0,0,0,0,0,0,0,0,0,0,0,0,0,0,0,0,0,0,36,0,97,0,0,0,0,0
482,0,0,0,0,0,0,0,1918833,0,0,2880,855296,136,0,0,0,0,0,8067,0,0,0,0,0,0,0,0,2880,2880,0,377194,0,1244117,855296,0,893,0,136,284,0,0,0,0,1499448
482,0,1,0,0,0,0,0,959416,8067,0,0,0,3024,0,0,0,0,0,0,0,0,0,0,0,0,0,0,0,1514,0,189366,0,438268,0,0,321,369,687,5126,0,0,74131,0,0
482,0,2,0,0,0,0,0,959416,0,0,0,0,134,17344,0,0,0,0,0,0,0,0,0,0,0,0,0,0,0,0,189519,0,188849,64962,0,782,214,707,281,0,0,64019,0,16842
482,0,3,0,0,0,0,0,959416,0,0,0,0,133,17344,0,0,0,0,0,0,0,0,0,0,0,0,0,0,0,0,126855,0,0,64959,0,257,83,0,178,0,0,16927,0,16806
482,0,4,0,0,0,0,0,959416,0,0,0,0,137,17344,0,0,0,0,0,0,0,0,0,0,0,0,0,0,0,0,126735,0,0,64906,0,240,0,88,199,550034,0,0,0,16734
482,0,5,0,0,0,0,0,959416,0,0,0,0,168,17344,0,0,0,0,0,0,0,0,0,0,0,0,0,0,0,0,127047,0,0,64987,1882,530,0,1,354,0,0,203867,0,16531
482,0,6,0,0,0,0,0,959416,0,0,0,0,187,17344,0,0,0,0,0,0,0,0,0,0,0,0,0,0,0,0,127147,0,0,64985,0,243,284,2,255,0,0,100738,0,16561
482,0,7,0,0,0,0,0,959416,0,0,0,0,181,17344,0,0,0,0,0,0,0,0,0,0,0,0,0,0,0,0,63812,0,0,64952,0,305,109,0,405,0,0,36153,0,16591
482,0,8,0,0,0,0,0,959416,0,0,0,0,182,17344,0,0,0,0,0,0,0,0,0,0,0,0,0,0,0,0,63831,0,0,64936,0,225,0,107,377,530571,0,0,0,16538
482,0,9,0,0,0,0,0,959416,0,0,0,0,223,17344,0,0,0,0,0,0,0,0,0,0,0,0,0,0,0,0,63841,0,0,64983,1279,140,0,1,311,0,0,359346,0,16507
482,0,10,0,0,0,0,0,959416,0,0,0,0,257,17344,0,0,0,0,0,0,0,0,0,0,0,0,0,0,0,0,63842,0,0,64988,0,278,377,1,530,0,0,163066,0,16438
482,0,11,0,0,0,0,0,959416,0,0,0,0,245,17344,0,0,0,0,0,0,0,0,0,0,0,0,0,0,0,0,0,0,0,64991,0,45,143,0,356,0,0,65526,0,16517
482,0,12,0,0,0,0,0,959416,0,0,0,0,225,17344,0,0,0,0,0,0,0,0,0,0,0,0,0,0,0,0,0,0,0,64989,0,0,0,130,363,361894,0,0,0,16500
482,0,13,0,0,0,0,0,959416,0,0,0,0,257,17344,0,0,0,0,0,0,0,0,0,0,0,0,0,0,0,0,0,0,0,64980,641,0,0,2,512,0,0,176484,0,16470
482,0,14,0,0,0,0,0,959416,0,0,0,0,251,17344,0,0,0,0,0,0,0,0,0,0,0,0,0,0,0,0,0,0,0,65000,0,0,180,0,370,0,0,76801,0,16466
482,0,15,0,0,0,0,0,959416,0,0,0,0,42,0,0,0,0,0,0,0,0,0,0,0,0,0,0,0,0,0,0,0,0,0,0,0,38,0,96,0,0,0,0,0
483,0,0,0,0,0,0,0,1922403,0,0,2898,855296,136,0,0,0,0,0,8094,0,0,0,0,0,0,0,0,2898,2898,0,377237,0,1244046,855296,0,903,0,136,284,0,0,0,0,1485139
483,0,1,0,0,0,0,0,961201,8094,0,0,0,2996,0,0,0,0,0,0,0,0,0,0,0,0,0,0,0,1555,0,189346,0,438297,0,0,345,373,705,5085,0,0,72328,0,0
483,0,2,0,0,0,0,0,961201,0,0,0,0,126,17344,0,0,0,0,0,0,0,0,0,0,0,0,0,0,0,0,189563,0,188948,64966,0,786,226,677,283,0,0,63361,0,16867
483,0,3,0,0,0,0,0,961201,0,0,0,0,138,17344,0,0,0,0,0,0,0,0,0,0,0,0,0,0,0,0,126904,0,0,64960,0,280,79,0,191,0,0,12453,0,16828
483,0,4,0,0,0,0,0,961201,0,0,0,0,142,17344,0,0,0,0,0,0,0,0,0,0,0,0,0,0,0,0,126719,0,0,64913,0,247,0,87,200,537078,0,0,0,16751
483,0,5,0,0,0,0,0,961201,0,0,0,0,170,17344,0,0,0,0,0,0,0,0,0,0,0,0,0,0,0,0,127082,0,0,64979,1901,514,0,1,354,0,0,201942,0,16581
483,0,6,0,0,0,0,0,961201,0,0,0,0,185,17344,0,0,0,0,0,0,0,0,0,0,0,0,0,0,0,0,127163,0,0,64991,0,233,299,2,259,0,0,110096,0,16608
483,0,7,0,0,0,0,0,961201,0,0,0,0,193,17344,0,0,0,0,0,0,0,0,0,0,0,0,0,0,0,0,63823,0,0,64955,0,293,100,0,407,0,0,49936,0,16459
483,0,8,0,0,0,0,0,961201,0,0,0,0,190,17344,0,0,0,0,0,0,0,0,0,0,0,0,0,0,0,0,63829,0,0,64936,0,224,0,101,385,531596,0,0,0,16593
483,0,9,0,0,0,0,0,961201,0,0,0,0,231,17344,0,0,0,0,0,0,0,0,0,0,0,0,0,0,0,0,63838,0,0,64986,1262,146,0,1,333,0,0,376111,0,16488
483,0,10,0,0,0,0,0,961201,0,0,0,0,241,17344,0,0,0,0,0,0,0,0,0,0,0,0,0,0,0,0,63813,0,0,64995,0,289,405,1,511,0,0,186794,0,16531
483,0,11,0,0,0,0,0,961201,0,0,0,0,259,17344,0,0,0,0,0,0,0,0,0,0,0,0,0,0,0,0,0,0,0,64992,0,47,129,0,552,0,0,81767,0,16527
483,0,12,0,0,0,0,0,961201,0,0,0,0,221,17344,0,0,0,0,0,0,0,0,0,0,0,0,0,0,0,0,0,0,0,64986,0,0,0,138,364,387006,0,0,0,16508
483,0,13,0,0,0,0,0,961201,0,0,0,0,251,17344,0,0,0,0,0,0,0,0,0,0,0,0,0,0,0,0,0,0,0,64996,636,0,0,1,500,0,0,165536,0,16504
483,0,14,0,0,0,0,0,961201,0,0,0,0,244,17344,0,0,0,0,0,0,0,0,0,0,0,0,0,0,0,0,0,0,0,64993,0,0,188,2,352,0,0,61142,0,16544
483,0,15,0,0,0,0,0,961201,0,0,0,0,44,0,0,0,0,0,0,0,0,0,0,0,0,0,0,0,0,0,0,0,0,0,0,0,36,0,94,0,0,0,0,0
484,0,0,0,0,0,0,0,807328,0,0,2562,65792,136,0,0,0,0,0,7521,0,0,0,0,0,0,0,0,2562,2562,0,0,0,125674,65792,0,294,0,136,284,0,0,0,0,266867
484,0,1,0,0,0,0,0,403664,7521,0,0,0,2707,0,0,0,0,0,0,0,0,0,0,0,0,0,0,0,976,0,0,0,63969,0,0,78,172,1114,5051,0,0,265729,0,0
484,0,2,0,0,0,0,0,403664,0,0,0,0,1665,265984,0,0,0,0,0,0,0,0,0,0,0,0,0,0,0,0,0,0,0,64777,0,250,1035,273,3363,0,0,133,0,265936
484,0,3,0,0,0,0,0,403664,0,0,0,0,47,0,0,0,0,0,0,0,0,0,0,0,0,0,0,0,0,0,0,0,0,0,0,100,45,0,55,0,0,0,0,0
484,0,4,0,0,0,0,0,403664,0,0,0,0,50,0,0,0,0,0,0,0,0,0,0,0,0,0,0,0,0,0,0,0,0,0,0,87,0,42,67,0,0,0,0,0
484,0,5,0,0,0,0,0,403664,0,0,0,0,50,0,0,0,0,0,0,0,0,0,0,0,0,0,0,0,0,0,0,0,0,0,525,150,0,0,116,0,0,0,0,0
484,0,6,0,0,0,0,0,403664,0,0,0,0,50,0,0,0,0,0,0,0,0,0,0,0,0,0,0,0,0,0,0,0,0,0,0,39,95,0,55,0,0,0,0,0
484,0,7,0,0,0,0,0,403664,0,0,0,0,53,0,0,0,0,0,0,0,0,0,0,0,0,0,0,0,0,0,0,0,0,0,0,98,39,0,138,0,0,0,0,0
484,0,8,0,0,0,0,0,403664,0,0,0,0,56,0,0,0,0,0,0,0,0,0,0,0,0,0,0,0,0,0,0,0,0,0,0,52,0,36,113,0,0,0,0,0
484,0,9,0,0,0,0,0,403664,0,0,0,0,50,0,0,0,0,0,0,0,0,0,0,0,0,0,0,0,0,0,0,0,0,0,380,40,0,0,56,0,0,0,0,0
484,0,10,0,0,0,0,0,403664,0,0,0,0,56,0,0,0,0,0,0,0,0,0,0,0,0,0,0,0,0,0,0,0,0,0,0,86,86,0,127,0,0,0,0,0
484,0,11,0,0,0,0,0,403664,0,0,0,0,50,0,0,0,0,0,0,0,0,0,0,0,0,0,0,0,0,0,0,0,0,0,0,41,42,0,150,0,0,0,0,0
484,0,12,0,0,0,0,0,403664,0,0,0,0,50,0,0,0,0,0,0,0,0,0,0,0,0,0,0,0,0,0,0,0,0,0,0,0,0,42,96,0,0,0,0,0
484,0,13,0,0,0,0,0,403664,0,0,0,0,56,0,0,0,0,0,0,0,0,0,0,0,0,0,0,0,0,0,0,0,0,0,172,0,0,0,114,0,0,0,0,0
484,0,14,0,0,0,0,0,403664,0,0,0,0,50,0,0,0,0,0,0,0,0,0,0,0,0,0,0,0,0,0,0,0,0,0,0,0,86,0,62,0,0,0,0,0
484,0,15,0,0,0,0,0,403664,0,0,0,0,44,0,0,0,0,0,0,0,0,0,0,0,0,0,0,0,0,0,0,0,0,0,0,0,36,0,90,0,0,0,0,0
485,0,0,0,0,0,0,0,807376,0,0,2562,65792,136,0,0,0,0,0,7521,0,0,0,0,0,0,0,0,2562,2562,0,0,0,125659,65792,0,294,0,136,284,0,0,0,0,266858
485,0,1,0,0,0,0,0,403688,7521,0,0,0,2719,0,0,0,0,0,0,0,0,0,0,0,0,0,0,0,988,0,0,0,63961,0,0,79,174,1099,5082,0,0,265735,0,0
485,0,2,0,0,0,0,0,403688,0,0,0,0,1681,265984,0,0,0,0,0,0,0,0,0,0,0,0,0,0,0,0,0,0,0,64782,0,246,1019,275,3396,0,0,140,0,265923
485,0,3,0,0,0,0,0,403688,0,0,0,0,47,0,0,0,0,0,0,0,0,0,0,0,0,0,0,0,0,0,0,0,0,0,0,98,45,0,55,0,0,0,0,0
485,0,4,0,0,0,0,0,403688,0,0,0,0,47,0,0,0,0,0,0,0,0,0,0,0,0,0,0,0,0,0,0,0,0,0,0,87,0,45,66,0,0,0,0,0
485,0,5,0,0,0,0,0,403688,0,0,0,0,47,0,0,0,0,0,0,0,0,0,0,0,0,0,0,0,0,0,0,0,0,0,522,150,0,0,112,0,0,0,0,0
485,0,6,0,0,0,0,0,403688,0,0,0,0,47,0,0,0,0,0,0,0,0,0,0,0,0,0,0,0,0,0,0,0,0,0,0,43,98,0,52,0,0,0,0,0
485,0,7,0,0,0,0,0,403688,0,0,0,0,53,0,0,0,0,0,0,0,0,0,0,0,0,0,0,0,0,0,0,0,0,0,0,98,39,0,140,0,0,0,0,0
485,0,8,0,0,0,0,0,403688,0,0,0,0,53,0,0,0,0,0,0,0,0,0,0,0,0,0,0,0,0,0,0,0,0,0,0,52,0,39,110,0,0,0,0,0
485,0,9,0,0,0,0,0,403688,0,0,0,0,47,0,0,0,0,0,0,0,0,0,0,0,0,0,0,0,0,0,0,0,0,0,380,40,0,0,53,0,0,0,0,0
485,0,10,0,0,0,0,0,403688,0,0,0,0,53,0,0,0,0,0,0,0,0,0,0,0,0,0,0,0,0,0,0,0,0,0,0,82,86,0,124,0,0,0,0,0
485,0,11,0,0,0,0,0,403688,0,0,0,0,47,0,0,0,0,0,0,0,0,0,0,0,0,0,0,0,0,0,0,0,0,0,0,41,45,0,147,0,0,0,0,0
485,0,12,0,0,0,0,0,403688,0,0,0,0,47,0,0,0,0,0,0,0,0,0,0,0,0,0,0,0,0,0,0,0,0,0,0,0,0,45,93,0,0,0,0,0
485,0,13,0,0,0,0,0,403688,0,0,0,0,53,0,0,0,0,0,0,0,0,0,0,0,0,0,0,0,0,0,0,0,0,0,172,0,0,0,111,0,0,0,0,0
485,0,14,0,0,0,0,0,403688,0,0,0,0,47,0,0,0,0,0,0,0,0,0,0,0,0,0,0,0,0,0,0,0,0,0,0,0,86,0,63,0,0,0,0,0
485,0,15,0,0,0,0,0,403688,0,0,0,0,41,0,0,0,0,0,0,0,0,0,0,0,0,0,0,0,0,0,0,0,0,0,0,0,39,0,87,0,0,0,0,0
486,0,0,0,0,0,0,0,807388,0,0,2562,65792,136,0,0,0,0,0,7521,0,0,0,0,0,0,0,0,2562,2562,0,0,0,125670,65792,0,294,0,136,284,0,0,0,0,266904
486,0,1,0,0,0,0,0,403694,7521,0,0,0,2721,0,0,0,0,0,0,0,0,0,0,0,0,0,0,0,992,0,0,0,63962,0,0,79,173,1098,5084,0,0,265724,0,0
486,0,2,0,0,0,0,0,403694,0,0,0,0,1680,265984,0,0,0,0,0,0,0,0,0,0,0,0,0,0,0,0,0,0,0,64780,0,246,1019,276,3396,0,0,140,0,265932
486,0,3,0,0,0,0,0,403694,0,0,0,0,47,0,0,0,0,0,0,0,0,0,0,0,0,0,0,0,0,0,0,0,0,0,0,97,45,0,55,0,0,0,0,0
486,0,4,0,0,0,0,0,403694,0,0,0,0,47,0,0,0,0,0,0,0,0,0,0,0,0,0,0,0,0,0,0,0,0,0,0,87,0,45,66,0,0,0,0,0
486,0,5,0,0,0,0,0,403694,0,0,0,0,47,0,0,0,0,0,0,0,0,0,0,0,0,0,0,0,0,0,0,0,0,0,522,150,0,0,112,0,0,0,0,0
486,0,6,0,0,0,0,0,403694,0,0,0,0,47,0,0,0,0,0,0,0,0,0,0,0,0,0,0,0,0,0,0,0,0,0,0,43,98,0,52,0,0,0,0,0
486,0,7,0,0,0,0,0,403694,0,0,0,0,53,0,0,0,0,0,0,0,0,0,0,0,0,0,0,0,0,0,0,0,0,0,0,99,39,0,140,0,0,0,0,0
486,0,8,0,0,0,0,0,403694,0,0,0,0,53,0,0,0,0,0,0,0,0,0,0,0,0,0,0,0,0,0,0,0,0,0,0,52,0,39,110,0,0,0,0,0
486,0,9,0,0,0,0,0,403694,0,0,0,0,47,0,0,0,0,0,0,0,0,0,0,0,0,0,0,0,0,0,0,0,0,0,380,40,0,0,53,0,0,0,0,0
486,0,10,0,0,0,0,0,403694,0,0,0,0,53,0,0,0,0,0,0,0,0,0,0,0,0,0,0,0,0,0,0,0,0,0,0,82,86,0,124,0,0,0,0,0
486,0,11,0,0,0,0,0,403694,0,0,0,0,47,0,0,0,0,0,0,0,0,0,0,0,0,0,0,0,0,0,0,0,0,0,0,40,45,0,131,0,0,0,0,0
486,0,12,0,0,0,0,0,403694,0,0,0,0,47,0,0,0,0,0,0,0,0,0,0,0,0,0,0,0,0,0,0,0,0,0,0,0,0,45,93,0,0,0,0,0
486,0,13,0,0,0,0,0,403694,0,0,0,0,53,0,0,0,0,0,0,0,0,0,0,0,0,0,0,0,0,0,0,0,0,0,172,0,0,0,111,0,0,0,0,0
486,0,14,0,0,0,0,0,403694,0,0,0,0,47,0,0,0,0,0,0,0,0,0,0,0,0,0,0,0,0,0,0,0,0,0,0,0,86,0,63,0,0,0,0,0
486,0,15,0,0,0,0,0,403694,0,0,0,0,41,0,0,0,0,0,0,0,0,0,0,0,0,0,0,0,0,0,0,0,0,0,0,0,39,0,88,0,0,0,0,0
487,0,0,0,0,0,0,0,1162516,0,0,4100,131584,136,0,0,0,0,0,9834,0,0,0,0,0,0,0,0,4100,4100,0,0,0,248764,131584,0,294,0,136,284,0,0,0,0,578110
487,0,1,0,0,0,0,0,581258,9834,0,0,0,3887,0,0,0,0,0,0,0,0,0,0,0,0,0,0,0,2088,0,0,0,126431,0,0,78,171,1474,6969,0,0,269344,0,0
487,0,2,0,0,0,0,0,581258,0,0,0,0,1771,265984,0,0,0,0,0,0,0,0,0,0,0,0,0,0,0,0,0,0,63536,65004,0,250,1833,1780,3141,0,0,263852,0,262630
487,0,3,0,0,0,0,0,581258,0,0,0,0,1465,265984,0,0,0,0,0,0,0,0,0,0,0,0,0,0,0,0,0,0,0,65000,0,101,677,0,2019,0,0,4986,0,262781
487,0,4,0,0,0,0,0,581258,0,0,0,0,50,0,0,0,0,0,0,0,0,0,0,0,0,0,0,0,0,0,0,0,0,0,0,87,0,42,67,0,0,0,0,0
487,0,5,0,0,0,0,0,581258,0,0,0,0,50,0,0,0,0,0,0,0,0,0,0,0,0,0,0,0,0,0,0,0,0,0,525,150,0,0,116,0,0,0,0,0
487,0,6,0,0,0,0,0,581258,0,0,0,0,50,0,0,0,0,0,0,0,0,0,0,0,0,0,0,0,0,0,0,0,0,0,0,39,95,0,55,0,0,0,0,0
487,0,7,0,0,0,0,0,581258,0,0,0,0,53,0,0,0,0,0,0,0,0,0,0,0,0,0,0,0,0,0,0,0,0,0,0,98,39,0,138,0,0,0,0,0
487,0,8,0,0,0,0,0,581258,0,0,0,0,56,0,0,0,0,0,0,0,0,0,0,0,0,0,0,0,0,0,0,0,0,0,0,52,0,36,113,0,0,0,0,0
487,0,9,0,0,0,0,0,581258,0,0,0,0,50,0,0,0,0,0,0,0,0,0,0,0,0,0,0,0,0,0,0,0,0,0,380,40,0,0,56,0,0,0,0,0
487,0,10,0,0,0,0,0,581258,0,0,0,0,56,0,0,0,0,0,0,0,0,0,0,0,0,0,0,0,0,0,0,0,0,0,0,86,86,0,127,0,0,0,0,0
487,0,11,0,0,0,0,0,581258,0,0,0,0,50,0,0,0,0,0,0,0,0,0,0,0,0,0,0,0,0,0,0,0,0,0,0,42,42,0,118,0,0,0,0,0
487,0,12,0,0,0,0,0,581258,0,0,0,0,50,0,0,0,0,0,0,0,0,0,0,0,0,0,0,0,0,0,0,0,0,0,0,0,0,42,96,0,0,0,0,0
487,0,13,0,0,0,0,0,581258,0,0,0,0,56,0,0,0,0,0,0,0,0,0,0,0,0,0,0,0,0,0,0,0,0,0,172,0,0,0,114,0,0,0,0,0
487,0,14,0,0,0,0,0,581258,0,0,0,0,50,0,0,0,0,0,0,0,0,0,0,0,0,0,0,0,0,0,0,0,0,0,0,0,86,0,62,0,0,0,0,0
487,0,15,0,0,0,0,0,581258,0,0,0,0,44,0,0,0,0,0,0,0,0,0,0,0,0,0,0,0,0,0,0,0,0,0,0,0,36,0,90,0,0,0,0,0
488,0,0,0,0,0,0,0,1162564,0,0,4100,131584,136,0,0,0,0,0,9834,0,0,0,0,0,0,0,0,4100,4100,0,0,0,248752,131584,0,294,0,136,284,0,0,0,0,578035
488,0,1,0,0,0,0,0,581282,9834,0,0,0,3890,0,0,0,0,0,0,0,0,0,0,0,0,0,0,0,2077,0,0,0,126421,0,0,79,174,1467,6989,0,0,269341,0,0
488,0,2,0,0,0,0,0,581282,0,0,0,0,1785,265984,0,0,0,0,0,0,0,0,0,0,0,0,0,0,0,0,0,0,63540,65007,0,246,1819,1784,3162,0,0,263857,0,262628
488,0,3,0,0,0,0,0,581282,0,0,0,0,1466,265984,0,0,0,0,0,0,0,0,0,0,0,0,0,0,0,0,0,0,0,64998,0,98,677,0,2018,0,0,4979,0,262783
488,0,4,0,0,0,0,0,581282,0,0,0,0,47,0,0,0,0,0,0,0,0,0,0,0,0,0,0,0,0,0,0,0,0,0,0,87,0,45,66,0,0,0,0,0
488,0,5,0,0,0,0,0,581282,0,0,0,0,47,0,0,0,0,0,0,0,0,0,0,0,0,0,0,0,0,0,0,0,0,0,522,150,0,0,112,0,0,0,0,0
488,0,6,0,0,0,0,0,581282,0,0,0,0,47,0,0,0,0,0,0,0,0,0,0,0,0,0,0,0,0,0,0,0,0,0,0,43,98,0,52,0,0,0,0,0
488,0,7,0,0,0,0,0,581282,0,0,0,0,53,0,0,0,0,0,0,0,0,0,0,0,0,0,0,0,0,0,0,0,0,0,0,99,39,0,140,0,0,0,0,0
488,0,8,0,0,0,0,0,581282,0,0,0,0,53,0,0,0,0,0,0,0,0,0,0,0,0,0,0,0,0,0,0,0,0,0,0,52,0,39,110,0,0,0,0,0
488,0,9,0,0,0,0,0,581282,0,0,0,0,47,0,0,0,0,0,0,0,0,0,0,0,0,0,0,0,0,0,0,0,0,0,380,40,0,0,53,0,0,0,0,0
488,0,10,0,0,0,0,0,581282,0,0,0,0,53,0,0,0,0,0,0,0,0,0,0,0,0,0,0,0,0,0,0,0,0,0,0,82,86,0,124,0,0,0,0,0
488,0,11,0,0,0,0,0,581282,0,0,0,0,47,0,0,0,0,0,0,0,0,0,0,0,0,0,0,0,0,0,0,0,0,0,0,41,45,0,4294967187,0,0,0,0,0
488,0,12,0,0,0,0,0,581282,0,0,0,0,47,0,0,0,0,0,0,0,0,0,0,0,0,0,0,0,0,0,0,0,0,0,0,0,0,45,93,0,0,0,0,0
488,0,13,0,0,0,0,0,581282,0,0,0,0,53,0,0,0,0,0,0,0,0,0,0,0,0,0,0,0,0,0,0,0,0,0,172,0,0,0,111,0,0,0,0,0
488,0,14,0,0,0,0,0,581282,0,0,0,0,47,0,0,0,0,0,0,0,0,0,0,0,0,0,0,0,0,0,0,0,0,0,0,0,86,0,63,0,0,0,0,0
488,0,15,0,0,0,0,0,581282,0,0,0,0,41,0,0,0,0,0,0,0,0,0,0,0,0,0,0,0,0,0,0,0,0,0,0,0,39,0,88,0,0,0,0,0
489,0,0,0,0,0,0,0,1162495,0,0,4100,131584,136,0,0,0,0,0,9831,0,0,0,0,0,0,0,0,4100,4100,0,0,0,248709,131584,0,294,0,136,284,0,0,0,0,577970
489,0,1,0,0,0,0,0,581248,9831,0,0,0,3867,0,0,0,0,0,0,0,0,0,0,0,0,0,0,0,2081,0,0,0,126417,0,0,78,172,1493,6976,0,0,269312,0,0
489,0,2,0,0,0,0,0,581248,0,0,0,0,1795,265984,0,0,0,0,0,0,0,0,0,0,0,0,0,0,0,0,0,0,63536,64996,0,250,1806,1772,3154,0,0,263882,0,262621
489,0,3,0,0,0,0,0,581248,0,0,0,0,1462,265984,0,0,0,0,0,0,0,0,0,0,0,0,0,0,0,0,0,0,0,65000,0,101,680,0,2024,0,0,4954,0,262788
489,0,4,0,0,0,0,0,581248,0,0,0,0,50,0,0,0,0,0,0,0,0,0,0,0,0,0,0,0,0,0,0,0,0,0,0,87,0,42,67,0,0,0,0,0
489,0,5,0,0,0,0,0,581248,0,0,0,0,50,0,0,0,0,0,0,0,0,0,0,0,0,0,0,0,0,0,0,0,0,0,525,150,0,0,116,0,0,0,0,0
489,0,6,0,0,0,0,0,581248,0,0,0,0,50,0,0,0,0,0,0,0,0,0,0,0,0,0,0,0,0,0,0,0,0,0,0,39,95,0,55,0,0,0,0,0
489,0,7,0,0,0,0,0,581248,0,0,0,0,53,0,0,0,0,0,0,0,0,0,0,0,0,0,0,0,0,0,0,0,0,0,0,98,39,0,138,0,0,0,0,0
489,0,8,0,0,0,0,0,581248,0,0,0,0,56,0,0,0,0,0,0,0,0,0,0,0,0,0,0,0,0,0,0,0,0,0,0,52,0,36,113,0,0,0,0,0
489,0,9,0,0,0,0,0,581248,0,0,0,0,50,0,0,0,0,0,0,0,0,0,0,0,0,0,0,0,0,0,0,0,0,0,380,40,0,0,56,0,0,0,0,0
489,0,10,0,0,0,0,0,581248,0,0,0,0,56,0,0,0,0,0,0,0,0,0,0,0,0,0,0,0,0,0,0,0,0,0,0,86,86,0,127,0,0,0,0,0
489,0,11,0,0,0,0,0,581248,0,0,0,0,50,0,0,0,0,0,0,0,0,0,0,0,0,0,0,0,0,0,0,0,0,0,0,42,42,0,182,0,0,0,0,0
489,0,12,0,0,0,0,0,581248,0,0,0,0,50,0,0,0,0,0,0,0,0,0,0,0,0,0,0,0,0,0,0,0,0,0,0,0,0,42,96,0,0,0,0,0
489,0,13,0,0,0,0,0,581248,0,0,0,0,56,0,0,0,0,0,0,0,0,0,0,0,0,0,0,0,0,0,0,0,0,0,172,0,0,0,114,0,0,0,0,0
489,0,14,0,0,0,0,0,581248,0,0,0,0,50,0,0,0,0,0,0,0,0,0,0,0,0,0,0,0,0,0,0,0,0,0,0,0,86,0,62,0,0,0,0,0
489,0,15,0,0,0,0,0,581248,0,0,0,0,44,0,0,0,0,0,0,0,0,0,0,0,0,0,0,0,0,0,0,0,0,0,0,0,36,0,90,0,0,0,0,0
490,0,0,0,0,0,0,0,2614033,0,0,8704,263168,136,0,0,0,0,0,16749,0,0,0,0,0,0,0,0,8704,8704,0,127309,0,378831,263168,0,2473,0,136,284,0,0,0,0,1496623
490,0,1,0,0,0,0,0,1307016,16749,0,0,0,7621,0,0,0,0,0,0,0,0,0,0,0,0,0,0,0,4075,0,63997,0,126719,0,0,638,707,1250,12678,0,0,718229,0,0
490,0,2,0,0,0,0,0,1307016,0,0,0,0,1355,265984,0,0,0,0,0,0,0,0,0,0,0,0,0,0,0,0,0,0,63744,65022,0,246,2277,1914,3068,0,0,695573,0,255710
490,0,3,0,0,0,0,0,1307016,0,0,0,0,1371,265984,0,0,0,0,0,0,0,0,0,0,0,0,0,0,0,0,0,0,0,65023,0,97,896,0,1918,0,0,203998,0,257657
490,0,4,0,0,0,0,0,1307016,0,0,0,0,1374,265984,0,0,0,0,0,0,0,0,0,0,0,0,0,0,0,0,0,0,0,64895,0,87,0,895,1926,749632,0,0,0,259203
490,0,5,0,0,0,0,0,1307016,0,0,0,0,1366,265984,0,0,0,0,0,0,0,0,0,0,0,0,0,0,0,0,0,0,0,65022,2706,150,0,1,3051,0,0,258042,0,257356
490,0,6,0,0,0,0,0,1307016,0,0,0,0,47,0,0,0,0,0,0,0,0,0,0,0,0,0,0,0,0,0,0,0,0,0,0,43,98,1,52,0,0,0,0,0
490,0,7,0,0,0,0,0,1307016,0,0,0,0,53,0,0,0,0,0,0,0,0,0,0,0,0,0,0,0,0,0,0,0,0,0,0,101,39,0,140,0,0,0,0,0
490,0,8,0,0,0,0,0,1307016,0,0,0,0,53,0,0,0,0,0,0,0,0,0,0,0,0,0,0,0,0,0,0,0,0,0,0,52,0,39,110,0,0,0,0,0
490,0,9,0,0,0,0,0,1307016,0,0,0,0,47,0,0,0,0,0,0,0,0,0,0,0,0,0,0,0,0,0,0,0,0,0,380,40,0,0,53,0,0,0,0,0
490,0,10,0,0,0,0,0,1307016,0,0,0,0,53,0,0,0,0,0,0,0,0,0,0,0,0,0,0,0,0,0,0,0,0,0,0,82,86,0,124,0,0,0,0,0
490,0,11,0,0,0,0,0,1307016,0,0,0,0,47,0,0,0,0,0,0,0,0,0,0,0,0,0,0,0,0,0,0,0,0,0,0,41,45,0,147,0,0,0,0,0
490,0,12,0,0,0,0,0,1307016,0,0,0,0,47,0,0,0,0,0,0,0,0,0,0,0,0,0,0,0,0,0,0,0,0,0,0,0,0,45,93,0,0,0,0,0
490,0,13,0,0,0,0,0,1307016,0,0,0,0,53,0,0,0,0,0,0,0,0,0,0,0,0,0,0,0,0,0,0,0,0,0,172,0,0,0,111,0,0,0,0,0
490,0,14,0,0,0,0,0,1307016,0,0,0,0,47,0,0,0,0,0,0,0,0,0,0,0,0,0,0,0,0,0,0,0,0,0,0,0,86,0,63,0,0,0,0,0
490,0,15,0,0,0,0,0,1307016,0,0,0,0,41,0,0,0,0,0,0,0,0,0,0,0,0,0,0,0,0,0,0,0,0,0,0,0,39,0,90,0,0,0,0,0
491,0,0,0,0,0,0,0,2604603,0,0,8686,263168,136,0,0,0,0,0,16725,0,0,0,0,0,0,0,0,8686,8686,0,127985,0,376592,263168,0,2465,0,136,284,0,0,0,0,1491134
491,0,1,0,0,0,0,0,1302302,16725,0,0,0,7433,0,0,0,0,0,0,0,0,0,0,0,0,0,0,0,4565,0,63537,0,126716,0,0,697,758,1310,12450,0,0,725304,0,0
491,0,2,0,0,0,0,0,1302302,0,0,0,0,1423,265984,0,0,0,0,0,0,0,0,0,0,0,0,0,0,0,0,0,0,63750,65022,0,246,2288,1855,3127,0,0,692655,0,257094
491,0,3,0,0,0,0,0,1302302,0,0,0,0,1452,265984,0,0,0,0,0,0,0,0,0,0,0,0,0,0,0,0,0,0,0,65017,0,97,809,0,2052,0,0,265521,0,256323
491,0,4,0,0,0,0,0,1302302,0,0,0,0,1463,265984,0,0,0,0,0,0,0,0,0,0,0,0,0,0,0,0,0,0,0,65019,0,87,0,798,2067,750800,0,0,0,258434
491,0,5,0,0,0,0,0,1302302,0,0,0,0,1442,265984,0,0,0,0,0,0,0,0,0,0,0,0,0,0,0,0,0,0,0,64994,2717,150,0,1,3066,0,0,195610,0,258437
491,0,6,0,0,0,0,0,1302302,0,0,0,0,47,0,0,0,0,0,0,0,0,0,0,0,0,0,0,0,0,0,0,0,0,0,0,43,98,1,52,0,0,0,0,0
491,0,7,0,0,0,0,0,1302302,0,0,0,0,53,0,0,0,0,0,0,0,0,0,0,0,0,0,0,0,0,0,0,0,0,0,0,101,39,0,140,0,0,0,0,0
491,0,8,0,0,0,0,0,1302302,0,0,0,0,53,0,0,0,0,0,0,0,0,0,0,0,0,0,0,0,0,0,0,0,0,0,0,52,0,39,110,0,0,0,0,0
491,0,9,0,0,0,0,0,1302302,0,0,0,0,47,0,0,0,0,0,0,0,0,0,0,0,0,0,0,0,0,0,0,0,0,0,380,40,0,0,53,0,0,0,0,0
491,0,10,0,0,0,0,0,1302302,0,0,0,0,53,0,0,0,0,0,0,0,0,0,0,0,0,0,0,0,0,0,0,0,0,0,0,82,86,0,124,0,0,0,0,0
491,0,11,0,0,0,0,0,1302302,0,0,0,0,47,0,0,0,0,0,0,0,0,0,0,0,0,0,0,0,0,0,0,0,0,0,0,41,45,0,131,0,0,0,0,0
491,0,12,0,0,0,0,0,1302302,0,0,0,0,47,0,0,0,0,0,0,0,0,0,0,0,0,0,0,0,0,0,0,0,0,0,0,0,0,45,93,0,0,0,0,0
491,0,13,0,0,0,0,0,1302302,0,0,0,0,53,0,0,0,0,0,0,0,0,0,0,0,0,0,0,0,0,0,0,0,0,0,172,0,0,0,111,0,0,0,0,0
491,0,14,0,0,0,0,0,1302302,0,0,0,0,47,0,0,0,0,0,0,0,0,0,0,0,0,0,0,0,0,0,0,0,0,0,0,0,86,0,63,0,0,0,0,0
491,0,15,0,0,0,0,0,1302302,0,0,0,0,41,0,0,0,0,0,0,0,0,0,0,0,0,0,0,0,0,0,0,0,0,0,0,0,39,0,90,0,0,0,0,0
492,0,0,0,0,0,0,0,2614234,0,0,8704,263168,136,0,0,0,0,0,16752,0,0,0,0,0,0,0,0,8704,8704,0,127312,0,378810,263168,0,2473,0,136,284,0,0,0,0,1496955
492,0,1,0,0,0,0,0,1307117,16752,0,0,0,7638,0,0,0,0,0,0,0,0,0,0,0,0,0,0,0,4069,0,63998,0,126711,0,0,609,715,1254,12725,0,0,718433,0,0
492,0,2,0,0,0,0,0,1307117,0,0,0,0,1377,265984,0,0,0,0,0,0,0,0,0,0,0,0,0,0,0,0,0,0,63741,65022,0,250,2247,1908,3088,0,0,695603,0,255726
492,0,3,0,0,0,0,0,1307117,0,0,0,0,1363,265984,0,0,0,0,0,0,0,0,0,0,0,0,0,0,0,0,0,0,0,65023,0,99,904,0,1914,0,0,204087,0,257628
492,0,4,0,0,0,0,0,1307117,0,0,0,0,1378,265984,0,0,0,0,0,0,0,0,0,0,0,0,0,0,0,0,0,0,0,64891,0,87,0,891,1939,749620,0,0,0,259217
492,0,5,0,0,0,0,0,1307117,0,0,0,0,1373,265984,0,0,0,0,0,0,0,0,0,0,0,0,0,0,0,0,0,0,0,65023,2706,150,0,1,3087,0,0,258129,0,257338
492,0,6,0,0,0,0,0,1307117,0,0,0,0,50,0,0,0,0,0,0,0,0,0,0,0,0,0,0,0,0,0,0,0,0,0,0,39,95,1,55,0,0,0,0,0
492,0,7,0,0,0,0,0,1307117,0,0,0,0,53,0,0,0,0,0,0,0,0,0,0,0,0,0,0,0,0,0,0,0,0,0,0,101,39,0,138,0,0,0,0,0
492,0,8,0,0,0,0,0,1307117,0,0,0,0,56,0,0,0,0,0,0,0,0,0,0,0,0,0,0,0,0,0,0,0,0,0,0,52,0,36,113,0,0,0,0,0
492,0,9,0,0,0,0,0,1307117,0,0,0,0,50,0,0,0,0,0,0,0,0,0,0,0,0,0,0,0,0,0,0,0,0,0,380,40,0,0,56,0,0,0,0,0
492,0,10,0,0,0,0,0,1307117,0,0,0,0,56,0,0,0,0,0,0,0,0,0,0,0,0,0,0,0,0,0,0,0,0,0,0,86,86,0,127,0,0,0,0,0
492,0,11,0,0,0,0,0,1307117,0,0,0,0,50,0,0,0,0,0,0,0,0,0,0,0,0,0,0,0,0,0,0,0,0,0,0,41,42,0,4294967206,0,0,0,0,0
492,0,12,0,0,0,0,0,1307117,0,0,0,0,50,0,0,0,0,0,0,0,0,0,0,0,0,0,0,0,0,0,0,0,0,0,0,0,0,42,96,0,0,0,0,0
492,0,13,0,0,0,0,0,1307117,0,0,0,0,56,0,0,0,0,0,0,0,0,0,0,0,0,0,0,0,0,0,0,0,0,0,172,0,0,0,114,0,0,0,0,0
492,0,14,0,0,0,0,0,1307117,0,0,0,0,50,0,0,0,0,0,0,0,0,0,0,0,0,0,0,0,0,0,0,0,0,0,0,0,86,0,62,0,0,0,0,0
492,0,15,0,0,0,0,0,1307117,0,0,0,0,44,0,0,0,0,0,0,0,0,0,0,0,0,0,0,0,0,0,0,0,0,0,0,0,36,0,93,0,0,0,0,0
493,0,0,0,0,0,0,0,3567096,0,0,12678,394752,136,0,0,0,0,0,22725,0,0,0,0,0,0,0,0,12678,12678,0,127738,0,623547,394752,0,1749,0,136,284,0,0,0,0,2085402
493,0,1,0,0,0,0,0,1783548,22725,0,0,0,9670,0,0,0,0,0,0,0,0,0,0,0,0,0,0,0,6293,0,63767,0,252140,0,0,732,612,3178,16834,0,0,724125,0,0
493,0,2,0,0,0,0,0,1783548,0,0,0,0,1009,265984,0,0,0,0,0,0,0,0,0,0,0,0,0,0,0,0,63591,0,126644,64989,0,2308,1564,3327,2093,0,0,643796,0,256414
493,0,3,0,0,0,0,0,1783548,0,0,0,0,1036,265984,0,0,0,0,0,0,0,0,0,0,0,0,0,0,0,0,63868,0,0,64944,0,1158,507,0,1496,0,0,173090,0,257091
493,0,4,0,0,0,0,0,1783548,0,0,0,0,1027,265984,0,0,0,0,0,0,0,0,0,0,0,0,0,0,0,0,0,0,0,64968,0,87,0,518,1485,1099074,0,0,0,258582
493,0,5,0,0,0,0,0,1783548,0,0,0,0,1509,265984,0,0,0,0,0,0,0,0,0,0,0,0,0,0,0,0,0,0,0,64901,5282,150,0,1,3026,0,0,1095067,0,257952
493,0,6,0,0,0,0,0,1783548,0,0,0,0,2258,265984,0,0,0,0,0,0,0,0,0,0,0,0,0,0,0,0,0,0,0,64970,0,43,3174,1,3312,0,0,1222609,0,258455
493,0,7,0,0,0,0,0,1783548,0,0,0,0,2231,265984,0,0,0,0,0,0,0,0,0,0,0,0,0,0,0,0,0,0,0,64936,0,103,969,0,4368,0,0,460777,0,257944
493,0,8,0,0,0,0,0,1783548,0,0,0,0,53,0,0,0,0,0,0,0,0,0,0,0,0,0,0,0,0,0,0,0,0,0,0,52,0,39,110,0,0,0,0,0
493,0,9,0,0,0,0,0,1783548,0,0,0,0,47,0,0,0,0,0,0,0,0,0,0,0,0,0,0,0,0,0,0,0,0,0,380,40,0,0,53,0,0,0,0,0
493,0,10,0,0,0,0,0,1783548,0,0,0,0,53,0,0,0,0,0,0,0,0,0,0,0,0,0,0,0,0,0,0,0,0,0,0,82,86,0,124,0,0,0,0,0
493,0,11,0,0,0,0,0,1783548,0,0,0,0,47,0,0,0,0,0,0,0,0,0,0,0,0,0,0,0,0,0,0,0,0,0,0,41,45,0,147,0,0,0,0,0
493,0,12,0,0,0,0,0,1783548,0,0,0,0,47,0,0,0,0,0,0,0,0,0,0,0,0,0,0,0,0,0,0,0,0,0,0,0,0,45,93,0,0,0,0,0
493,0,13,0,0,0,0,0,1783548,0,0,0,0,53,0,0,0,0,0,0,0,0,0,0,0,0,0,0,0,0,0,0,0,0,0,172,0,0,0,111,0,0,0,0,0
493,0,14,0,0,0,0,0,1783548,0,0,0,0,47,0,0,0,0,0,0,0,0,0,0,0,0,0,0,0,0,0,0,0,0,0,0,0,86,0,63,0,0,0,0,0
493,0,15,0,0,0,0,0,1783548,0,0,0,0,41,0,0,0,0,0,0,0,0,0,0,0,0,0,0,0,0,0,0,0,0,0,0,0,39,0,92,0,0,0,0,0
494,0,0,0,0,0,0,0,3572805,0,0,12676,394752,136,0,0,0,0,0,22722,0,0,0,0,0,0,0,0,12676,12676,0,127744,0,623395,394752,0,1751,0,136,284,0,0,0,0,2087701
494,0,1,0,0,0,0,0,1786403,22722,0,0,0,9679,0,0,0,0,0,0,0,0,0,0,0,0,0,0,0,6299,0,63738,0,252107,0,0,745,592,3174,16900,0,0,728178,0,0
494,0,2,0,0,0,0,0,1786403,0,0,0,0,1022,265984,0,0,0,0,0,0,0,0,0,0,0,0,0,0,0,0,63575,0,126647,64971,0,2261,1527,3334,2149,0,0,649203,0,256417
494,0,3,0,0,0,0,0,1786403,0,0,0,0,1009,265984,0,0,0,0,0,0,0,0,0,0,0,0,0,0,0,0,63879,0,0,64932,0,1162,536,0,1458,0,0,173792,0,257159
494,0,4,0,0,0,0,0,1786403,0,0,0,0,1017,265984,0,0,0,0,0,0,0,0,0,0,0,0,0,0,0,0,0,0,0,64975,0,87,0,530,1455,1090311,0,0,0,258611
494,0,5,0,0,0,0,0,1786403,0,0,0,0,1484,265984,0,0,0,0,0,0,0,0,0,0,0,0,0,0,0,0,0,0,0,64904,5260,150,0,0,2984,0,0,1085346,0,258003
494,0,6,0,0,0,0,0,1786403,0,0,0,0,2246,265984,0,0,0,0,0,0,0,0,0,0,0,0,0,0,0,0,0,0,0,64960,0,39,3204,2,3349,0,0,1213504,0,258475
494,0,7,0,0,0,0,0,1786403,0,0,0,0,2251,265984,0,0,0,0,0,0,0,0,0,0,0,0,0,0,0,0,0,0,0,64946,0,101,947,0,4383,0,0,464770,0,257938
494,0,8,0,0,0,0,0,1786403,0,0,0,0,56,0,0,0,0,0,0,0,0,0,0,0,0,0,0,0,0,0,0,0,0,0,0,52,0,36,113,0,0,0,0,0
494,0,9,0,0,0,0,0,1786403,0,0,0,0,50,0,0,0,0,0,0,0,0,0,0,0,0,0,0,0,0,0,0,0,0,0,380,40,0,0,56,0,0,0,0,0
494,0,10,0,0,0,0,0,1786403,0,0,0,0,56,0,0,0,0,0,0,0,0,0,0,0,0,0,0,0,0,0,0,0,0,0,0,86,86,0,127,0,0,0,0,0
494,0,11,0,0,0,0,0,1786403,0,0,0,0,50,0,0,0,0,0,0,0,0,0,0,0,0,0,0,0,0,0,0,0,0,0,0,43,42,0,182,0,0,0,0,0
494,0,12,0,0,0,0,0,1786403,0,0,0,0,50,0,0,0,0,0,0,0,0,0,0,0,0,0,0,0,0,0,0,0,0,0,0,0,0,42,96,0,0,0,0,0
494,0,13,0,0,0,0,0,1786403,0,0,0,0,56,0,0,0,0,0,0,0,0,0,0,0,0,0,0,0,0,0,0,0,0,0,172,0,0,0,114,0,0,0,0,0
494,0,14,0,0,0,0,0,1786403,0,0,0,0,50,0,0,0,0,0,0,0,0,0,0,0,0,0,0,0,0,0,0,0,0,0,0,0,86,0,62,0,0,0,0,0
494,0,15,0,0,0,0,0,1786403,0,0,0,0,44,0,0,0,0,0,0,0,0,0,0,0,0,0,0,0,0,0,0,0,0,0,0,0,36,0,93,0,0,0,0,0
495,0,0,0,0,0,0,0,3552837,0,0,12666,394752,136,0,0,0,0,0,22704,0,0,0,0,0,0,0,0,12666,12666,0,127760,0,623391,394752,0,1743,0,136,284,0,0,0,0,2067404
495,0,1,0,0,0,0,0,1776418,22704,0,0,0,9723,0,0,0,0,0,0,0,0,0,0,0,0,0,0,0,6303,0,63748,0,252064,0,0,716,602,3139,16841,0,0,722096,0,0
495,0,2,0,0,0,0,0,1776418,0,0,0,0,1004,265984,0,0,0,0,0,0,0,0,0,0,0,0,0,0,0,0,63588,0,126645,64939,0,2307,1542,3344,2106,0,0,643022,0,256458
495,0,3,0,0,0,0,0,1776418,0,0,0,0,1011,265984,0,0,0,0,0,0,0,0,0,0,0,0,0,0,0,0,63872,0,0,64920,0,1165,527,0,1446,0,0,174425,0,257151
495,0,4,0,0,0,0,0,1776418,0,0,0,0,1005,265984,0,0,0,0,0,0,0,0,0,0,0,0,0,0,0,0,0,0,0,64964,0,87,0,534,1452,1095304,0,0,0,258619
495,0,5,0,0,0,0,0,1776418,0,0,0,0,1473,265984,0,0,0,0,0,0,0,0,0,0,0,0,0,0,0,0,0,0,0,64921,5338,150,0,1,3004,0,0,1087959,0,257955
495,0,6,0,0,0,0,0,1776418,0,0,0,0,2269,265984,0,0,0,0,0,0,0,0,0,0,0,0,0,0,0,0,0,0,0,64959,0,39,3134,1,3330,0,0,1207600,0,258480
495,0,7,0,0,0,0,0,1776418,0,0,0,0,2201,265984,0,0,0,0,0,0,0,0,0,0,0,0,0,0,0,0,0,0,0,64943,0,100,1002,0,4335,0,0,456959,0,258059
495,0,8,0,0,0,0,0,1776418,0,0,0,0,56,0,0,0,0,0,0,0,0,0,0,0,0,0,0,0,0,0,0,0,0,0,0,52,0,36,113,0,0,0,0,0
495,0,9,0,0,0,0,0,1776418,0,0,0,0,50,0,0,0,0,0,0,0,0,0,0,0,0,0,0,0,0,0,0,0,0,0,380,40,0,0,56,0,0,0,0,0
495,0,10,0,0,0,0,0,1776418,0,0,0,0,56,0,0,0,0,0,0,0,0,0,0,0,0,0,0,0,0,0,0,0,0,0,0,86,86,0,127,0,0,0,0,0
495,0,11,0,0,0,0,0,1776418,0,0,0,0,50,0,0,0,0,0,0,0,0,0,0,0,0,0,0,0,0,0,0,0,0,0,0,44,42,0,166,0,0,0,0,0
495,0,12,0,0,0,0,0,1776418,0,0,0,0,50,0,0,0,0,0,0,0,0,0,0,0,0,0,0,0,0,0,0,0,0,0,0,0,0,42,96,0,0,0,0,0
495,0,13,0,0,0,0,0,1776418,0,0,0,0,56,0,0,0,0,0,0,0,0,0,0,0,0,0,0,0,0,0,0,0,0,0,172,0,0,0,114,0,0,0,0,0
495,0,14,0,0,0,0,0,1776418,0,0,0,0,50,0,0,0,0,0,0,0,0,0,0,0,0,0,0,0,0,0,0,0,0,0,0,0,86,0,62,0,0,0,0,0
495,0,15,0,0,0,0,0,1776418,0,0,0,0,44,0,0,0,0,0,0,0,0,0,0,0,0,0,0,0,0,0,0,0,0,0,0,0,36,0,92,0,0,0,0,0
496,0,0,0,0,0,0,0,4499134,0,0,16674,526336,136,0,0,0,0,0,28733,0,0,0,0,0,0,0,0,16674,16674,0,252694,0,747739,526336,0,3900,0,136,284,0,0,0,0,2624292
496,0,1,0,0,0,0,0,2249567,28731,0,0,0,12047,0,0,0,0,0,0,0,0,0,0,0,0,0,0,0,8301,0,127114,0,251671,0,0,1603,1408,3132,21182,0,0,662343,0,0
496,0,2,0,0,0,0,0,2249567,0,0,0,0,711,265984,0,0,0,0,0,0,0,0,0,0,0,0,0,0,0,0,63638,0,126680,64932,0,2288,1152,3147,1516,0,0,587824,0,257855
496,0,3,0,0,0,0,0,2249567,0,0,0,0,746,265984,0,0,0,0,0,0,0,0,0,0,0,0,0,0,0,0,63776,0,0,64864,0,1268,370,0,1013,0,0,203578,0,256393
496,0,4,0,0,0,0,0,2249567,0,0,0,0,949,265984,0,0,0,0,0,0,0,0,0,0,0,0,0,0,0,0,63671,0,0,64781,0,823,0,510,1467,1351866,0,0,0,259250
496,0,5,0,0,0,0,0,2249567,0,0,0,0,1566,265984,0,0,0,0,0,0,0,0,0,0,0,0,0,0,0,0,63840,0,0,64908,7715,1624,0,0,3109,0,0,1609289,0,257067
496,0,6,0,0,0,0,0,2249567,0,0,0,0,2367,265984,0,0,0,0,0,0,0,0,0,0,0,0,0,0,0,0,0,0,0,64935,0,43,3300,3,3603,0,0,1667588,0,257858
496,0,7,0,0,0,0,0,2249567,0,0,0,0,2305,265984,0,0,0,0,0,0,0,0,0,0,0,0,0,0,0,0,0,0,0,64910,0,99,1057,0,4496,0,0,643974,0,257866
496,0,8,0,0,0,0,0,2249567,0,0,0,0,1534,265984,0,0,0,0,0,0,0,0,0,0,0,0,0,0,0,0,0,0,0,64781,0,52,0,793,3092,1401100,0,0,0,257449
496,0,9,0,0,0,0,0,2249567,0,0,0,0,1528,265984,0,0,0,0,0,0,0,0,0,0,0,0,0,0,0,0,0,0,0,64899,2613,40,0,2,2297,0,0,533539,0,256569
496,0,10,0,0,0,0,0,2249567,0,0,0,0,53,0,0,0,0,0,0,0,0,0,0,0,0,0,0,0,0,0,0,0,0,0,0,82,86,0,124,0,0,0,0,0
496,0,11,0,0,0,0,0,2249567,0,0,0,0,47,0,0,0,0,0,0,0,0,0,0,0,0,0,0,0,0,0,0,0,0,0,0,47,45,0,4294967171,0,0,0,0,0
496,0,12,0,0,0,0,0,2249567,0,0,0,0,47,0,0,0,0,0,0,0,0,0,0,0,0,0,0,0,0,0,0,0,0,0,0,0,0,45,93,0,0,0,0,0
496,0,13,0,0,0,0,0,2249567,0,0,0,0,53,0,0,0,0,0,0,0,0,0,0,0,0,0,0,0,0,0,0,0,0,0,172,0,0,0,111,0,0,0,0,0
496,0,14,0,0,0,0,0,2249567,0,0,0,0,47,0,0,0,0,0,0,0,0,0,0,0,0,0,0,0,0,0,0,0,0,0,0,0,86,0,63,0,0,0,0,0
496,0,15,0,0,0,0,0,2249567,0,0,0,0,41,0,0,0,0,0,0,0,0,0,0,0,0,0,0,0,0,0,0,0,0,0,0,0,39,0,88,0,0,0,0,0
497,0,0,0,0,0,0,0,4440467,0,0,16644,526336,136,0,0,0,0,0,28686,0,0,0,0,0,0,0,0,16644,16644,0,253004,0,745357,526336,0,3850,0,136,284,0,0,0,0,2561052
497,0,1,0,0,0,0,0,2220234,28686,0,0,0,11941,0,0,0,0,0,0,0,0,0,0,0,0,0,0,0,8382,0,126901,0,251464,0,0,1581,1392,3246,20912,0,0,664755,0,0
497,0,2,0,0,0,0,0,2220234,0,0,0,0,694,265984,0,0,0,0,0,0,0,0,0,0,0,0,0,0,0,0,63711,0,126575,64935,0,2300,1122,3136,1504,0,0,580321,0,257801
497,0,3,0,0,0,0,0,2220234,0,0,0,0,697,265984,0,0,0,0,0,0,0,0,0,0,0,0,0,0,0,0,63782,0,0,64820,0,1272,421,0,1031,0,0,203435,0,256338
497,0,4,0,0,0,0,0,2220234,0,0,0,0,991,265984,0,0,0,0,0,0,0,0,0,0,0,0,0,0,0,0,63692,0,0,64866,0,854,0,472,1461,1338022,0,0,0,258782
497,0,5,0,0,0,0,0,2220234,0,0,0,0,1474,265984,0,0,0,0,0,0,0,0,0,0,0,0,0,0,0,0,63584,0,0,64787,7879,1636,0,1,2927,0,0,1604000,0,257436
497,0,6,0,0,0,0,0,2220234,0,0,0,0,2453,265984,0,0,0,0,0,0,0,0,0,0,0,0,0,0,0,0,0,0,0,64889,0,39,3306,1,3739,0,0,1658487,0,257901
497,0,7,0,0,0,0,0,2220234,0,0,0,0,2338,265984,0,0,0,0,0,0,0,0,0,0,0,0,0,0,0,0,0,0,0,64901,0,101,1082,0,4583,0,0,621875,0,258124
497,0,8,0,0,0,0,0,2220234,0,0,0,0,1500,265984,0,0,0,0,0,0,0,0,0,0,0,0,0,0,0,0,0,0,0,64834,0,52,0,773,2973,1434454,0,0,0,257271
497,0,9,0,0,0,0,0,2220234,0,0,0,0,1518,265984,0,0,0,0,0,0,0,0,0,0,0,0,0,0,0,0,0,0,0,64982,2538,40,0,1,2223,0,0,484047,0,256649
497,0,10,0,0,0,0,0,2220234,0,0,0,0,56,0,0,0,0,0,0,0,0,0,0,0,0,0,0,0,0,0,0,0,0,0,0,86,86,1,127,0,0,0,0,0
497,0,11,0,0,0,0,0,2220234,0,0,0,0,50,0,0,0,0,0,0,0,0,0,0,0,0,0,0,0,0,0,0,0,0,0,0,44,42,0,150,0,0,0,0,0
497,0,12,0,0,0,0,0,2220234,0,0,0,0,50,0,0,0,0,0,0,0,0,0,0,0,0,0,0,0,0,0,0,0,0,0,0,0,0,42,96,0,0,0,0,0
497,0,13,0,0,0,0,0,2220234,0,0,0,0,56,0,0,0,0,0,0,0,0,0,0,0,0,0,0,0,0,0,0,0,0,0,172,0,0,0,114,0,0,0,0,0
497,0,14,0,0,0,0,0,2220234,0,0,0,0,50,0,0,0,0,0,0,0,0,0,0,0,0,0,0,0,0,0,0,0,0,0,0,0,86,0,62,0,0,0,0,0
497,0,15,0,0,0,0,0,2220234,0,0,0,0,44,0,0,0,0,0,0,0,0,0,0,0,0,0,0,0,0,0,0,0,0,0,0,0,36,0,94,0,0,0,0,0
498,0,0,0,0,0,0,0,4506687,0,0,16670,526336,136,0,0,0,0,0,28722,0,0,0,0,0,0,0,0,16670,16670,0,252662,0,747421,526336,0,3898,0,136,284,0,0,0,0,2635619
498,0,1,0,0,0,0,0,2253343,28722,0,0,0,12248,0,0,0,0,0,0,0,0,0,0,0,0,0,0,0,8215,0,127039,0,251781,0,0,1501,1269,3168,21434,0,0,760208,0,0
498,0,2,0,0,0,0,0,2253343,0,0,0,0,732,265984,0,0,0,0,0,0,0,0,0,0,0,0,0,0,0,0,63608,0,126675,64934,0,2432,1115,2992,1510,0,0,641790,0,256923
498,0,3,0,0,0,0,0,2253343,0,0,0,0,733,265984,0,0,0,0,0,0,0,0,0,0,0,0,0,0,0,0,63776,0,0,64863,0,1323,384,0,1099,0,0,174319,0,256732
498,0,4,0,0,0,0,0,2253343,0,0,0,0,976,265984,0,0,0,0,0,0,0,0,0,0,0,0,0,0,0,0,63590,0,0,64851,0,843,0,481,1334,1364576,0,0,0,259060
498,0,5,0,0,0,0,0,2253343,0,0,0,0,1524,265984,0,0,0,0,0,0,0,0,0,0,0,0,0,0,0,0,63670,0,0,64922,7697,1623,0,1,3170,0,0,1621064,0,257899
498,0,6,0,0,0,0,0,2253343,0,0,0,0,2366,265984,0,0,0,0,0,0,0,0,0,0,0,0,0,0,0,0,0,0,0,64943,0,39,3336,1,3462,0,0,1661119,0,257842
498,0,7,0,0,0,0,0,2253343,0,0,0,0,2339,265984,0,0,0,0,0,0,0,0,0,0,0,0,0,0,0,0,0,0,0,64909,0,102,1023,0,4474,0,0,642182,0,257868
498,0,8,0,0,0,0,0,2253343,0,0,0,0,1560,265984,0,0,0,0,0,0,0,0,0,0,0,0,0,0,0,0,0,0,0,64760,0,52,0,767,3098,1407841,0,0,0,257209
498,0,9,0,0,0,0,0,2253343,0,0,0,0,1506,265984,0,0,0,0,0,0,0,0,0,0,0,0,0,0,0,0,0,0,0,64914,2663,40,0,0,2276,0,0,530815,0,256466
498,0,10,0,0,0,0,0,2253343,0,0,0,0,56,0,0,0,0,0,0,0,0,0,0,0,0,0,0,0,0,0,0,0,0,0,0,86,86,2,127,0,0,0,0,0
498,0,11,0,0,0,0,0,2253343,0,0,0,0,50,0,0,0,0,0,0,0,0,0,0,0,0,0,0,0,0,0,0,0,0,0,0,42,42,0,118,0,0,0,0,0
498,0,12,0,0,0,0,0,2253343,0,0,0,0,50,0,0,0,0,0,0,0,0,0,0,0,0,0,0,0,0,0,0,0,0,0,0,0,0,42,96,0,0,0,0,0
498,0,13,0,0,0,0,0,2253343,0,0,0,0,56,0,0,0,0,0,0,0,0,0,0,0,0,0,0,0,0,0,0,0,0,0,172,0,0,0,114,0,0,0,0,0
498,0,14,0,0,0,0,0,2253343,0,0,0,0,50,0,0,0,0,0,0,0,0,0,0,0,0,0,0,0,0,0,0,0,0,0,0,0,86,0,62,0,0,0,0,0
498,0,15,0,0,0,0,0,2253343,0,0,0,0,44,0,0,0,0,0,0,0,0,0,0,0,0,0,0,0,0,0,0,0,0,0,0,0,36,0,96,0,0,0,0,0
499,0,0,0,0,0,0,0,5678581,0,0,20962,657920,136,0,0,0,0,0,35175,0,0,0,0,0,0,0,0,20962,20962,0,253295,0,990693,657920,0,3074,0,136,284,0,0,0,0,3401839
499,0,1,0,0,0,0,0,2839290,35175,0,0,0,15348,0,0,0,0,0,0,0,0,0,0,0,0,0,0,0,10730,0,126540,0,375442,0,0,1431,994,4707,26489,0,0,680936,0,0
499,0,2,0,0,0,0,0,2839290,0,0,0,0,605,265984,0,0,0,0,0,0,0,0,0,0,0,0,0,0,0,0,126556,0,189042,64907,0,4268,931,5048,1315,0,0,623605,0,256320
499,0,3,0,0,0,0,0,2839290,0,0,0,0,607,265984,0,0,0,0,0,0,0,0,0,0,0,0,0,0,0,0,126789,0,0,64900,0,2094,326,0,829,0,0,167684,0,257612
499,0,4,0,0,0,0,0,2839290,0,0,0,0,789,265984,0,0,0,0,0,0,0,0,0,0,0,0,0,0,0,0,63688,0,0,64971,0,605,0,398,1111,1715348,0,0,0,259166
499,0,5,0,0,0,0,0,2839290,0,0,0,0,1140,265984,0,0,0,0,0,0,0,0,0,0,0,0,0,0,0,0,63712,0,0,64964,10214,1871,0,0,2364,0,0,1904532,0,257604
499,0,6,0,0,0,0,0,2839290,0,0,0,0,1705,265984,0,0,0,0,0,0,0,0,0,0,0,0,0,0,0,0,63697,0,0,64934,0,1312,2658,3,2555,0,0,1924878,0,255559
499,0,7,0,0,0,0,0,2839290,0,0,0,0,1729,265984,0,0,0,0,0,0,0,0,0,0,0,0,0,0,0,0,63871,0,0,64773,0,2494,909,0,3566,0,0,742239,0,255889
499,0,8,0,0,0,0,0,2839290,0,0,0,0,1170,265984,0,0,0,0,0,0,0,0,0,0,0,0,0,0,0,0,0,0,0,64753,0,52,0,603,2392,2188871,0,0,0,257465
499,0,9,0,0,0,0,0,2839290,0,0,0,0,1723,265984,0,0,0,0,0,0,0,0,0,0,0,0,0,0,0,0,0,0,0,64971,5948,40,0,1,2557,0,0,2183072,0,255978
499,0,10,0,0,0,0,0,2839290,0,0,0,0,2529,265984,0,0,0,0,0,0,0,0,0,0,0,0,0,0,0,0,0,0,0,64915,0,82,3681,1,4922,0,0,2183814,0,257505
499,0,11,0,0,0,0,0,2839290,0,0,0,0,2529,265984,0,0,0,0,0,0,0,0,0,0,0,0,0,0,0,0,0,0,0,65014,0,46,1151,0,5070,0,0,891228,0,257139
499,0,12,0,0,0,0,0,2839290,0,0,0,0,47,0,0,0,0,0,0,0,0,0,0,0,0,0,0,0,0,0,0,0,0,0,0,0,0,45,93,0,0,0,0,0
499,0,13,0,0,0,0,0,2839290,0,0,0,0,53,0,0,0,0,0,0,0,0,0,0,0,0,0,0,0,0,0,0,0,0,0,172,0,0,0,111,0,0,0,0,0
499,0,14,0,0,0,0,0,2839290,0,0,0,0,47,0,0,0,0,0,0,0,0,0,0,0,0,0,0,0,0,0,0,0,0,0,0,0,86,0,63,0,0,0,0,0
499,0,15,0,0,0,0,0,2839290,0,0,0,0,41,0,0,0,0,0,0,0,0,0,0,0,0,0,0,0,0,0,0,0,0,0,0,0,39,0,91,0,0,0,0,0
500,0,0,0,0,0,0,0,5538554,0,0,20772,657920,136,0,0,0,0,0,34890,0,0,0,0,0,0,0,0,20772,20772,0,253183,0,988734,657920,0,3036,0,136,284,0,0,0,0,3269481
500,0,1,0,0,0,0,0,2769277,34890,0,0,0,14946,0,0,0,0,0,0,0,0,0,0,0,0,0,0,0,10827,0,126656,0,374804,0,0,1419,1059,4866,26067,0,0,657398,0,0
500,0,2,0,0,0,0,0,2769277,0,0,0,0,606,265984,0,0,0,0,0,0,0,0,0,0,0,0,0,0,0,0,126656,0,188435,64855,0,4207,903,4887,1264,0,0,591382,0,256545
500,0,3,0,0,0,0,0,2769277,0,0,0,0,597,265984,0,0,0,0,0,0,0,0,0,0,0,0,0,0,0,0,126711,0,0,64987,0,2181,318,0,837,0,0,160698,0,257517
500,0,4,0,0,0,0,0,2769277,0,0,0,0,766,265984,0,0,0,0,0,0,0,0,0,0,0,0,0,0,0,0,63704,0,0,64849,0,648,0,403,1110,1631712,0,0,0,259146
500,0,5,0,0,0,0,0,2769277,0,0,0,0,1166,265984,0,0,0,0,0,0,0,0,0,0,0,0,0,0,0,0,63721,0,0,64896,10072,1862,0,1,2373,0,0,1819244,0,257275
500,0,6,0,0,0,0,0,2769277,0,0,0,0,1711,265984,0,0,0,0,0,0,0,0,0,0,0,0,0,0,0,0,63691,0,0,64897,0,1359,2639,1,2535,0,0,1852910,0,255593
500,0,7,0,0,0,0,0,2769277,0,0,0,0,1736,265984,0,0,0,0,0,0,0,0,0,0,0,0,0,0,0,0,63892,0,0,64764,0,2419,885,0,3524,0,0,723849,0,256172
500,0,8,0,0,0,0,0,2769277,0,0,0,0,1156,265984,0,0,0,0,0,0,0,0,0,0,0,0,0,0,0,0,0,0,0,64757,0,52,0,597,2315,2117229,0,0,0,257247
500,0,9,0,0,0,0,0,2769277,0,0,0,0,1736,265984,0,0,0,0,0,0,0,0,0,0,0,0,0,0,0,0,0,0,0,64966,5923,40,0,1,2561,0,0,2112621,0,255854
500,0,10,0,0,0,0,0,2769277,0,0,0,0,2549,265984,0,0,0,0,0,0,0,0,0,0,0,0,0,0,0,0,0,0,0,64919,0,82,3621,2,4875,0,0,2121232,0,257449
500,0,11,0,0,0,0,0,2769277,0,0,0,0,2511,265984,0,0,0,0,0,0,0,0,0,0,0,0,0,0,0,0,0,0,0,64995,0,44,1150,0,4401,0,0,855600,0,257149
500,0,12,0,0,0,0,0,2769277,0,0,0,0,47,0,0,0,0,0,0,0,0,0,0,0,0,0,0,0,0,0,0,0,0,0,0,0,0,45,93,0,0,0,0,0
500,0,13,0,0,0,0,0,2769277,0,0,0,0,53,0,0,0,0,0,0,0,0,0,0,0,0,0,0,0,0,0,0,0,0,0,172,0,0,0,111,0,0,0,0,0
500,0,14,0,0,0,0,0,2769277,0,0,0,0,47,0,0,0,0,0,0,0,0,0,0,0,0,0,0,0,0,0,0,0,0,0,0,0,86,0,63,0,0,0,0,0
500,0,15,0,0,0,0,0,2769277,0,0,0,0,41,0,0,0,0,0,0,0,0,0,0,0,0,0,0,0,0,0,0,0,0,0,0,0,39,0,93,0,0,0,0,0
501,0,0,0,0,0,0,0,5532346,0,0,20764,657920,136,0,0,0,0,0,34875,0,0,0,0,0,0,0,0,20764,20764,0,253082,0,988667,657920,0,3034,0,136,284,0,0,0,0,3265233
501,0,1,0,0,0,0,0,2766173,34875,0,0,0,14699,0,0,0,0,0,0,0,0,0,0,0,0,0,0,0,10635,0,126613,0,374883,0,0,1492,1059,5032,25910,0,0,669686,0,0
501,0,2,0,0,0,0,0,2766173,0,0,0,0,592,265984,0,0,0,0,0,0,0,0,0,0,0,0,0,0,0,0,126563,0,188647,64813,0,4193,899,4749,1228,0,0,590947,0,257569
501,0,3,0,0,0,0,0,2766173,0,0,0,0,579,265984,0,0,0,0,0,0,0,0,0,0,0,0,0,0,0,0,126754,0,0,64834,0,2289,334,0,843,0,0,198655,0,256573
501,0,4,0,0,0,0,0,2766173,0,0,0,0,777,265984,0,0,0,0,0,0,0,0,0,0,0,0,0,0,0,0,63612,0,0,64838,0,647,0,390,1121,1627262,0,0,0,259282
501,0,5,0,0,0,0,0,2766173,0,0,0,0,1154,265984,0,0,0,0,0,0,0,0,0,0,0,0,0,0,0,0,63653,0,0,64971,9978,1820,0,2,2332,0,0,1814978,0,257315
501,0,6,0,0,0,0,0,2766173,0,0,0,0,1724,265984,0,0,0,0,0,0,0,0,0,0,0,0,0,0,0,0,63720,0,0,64935,0,1342,2662,0,2577,0,0,1848247,0,255645
501,0,7,0,0,0,0,0,2766173,0,0,0,0,1771,265984,0,0,0,0,0,0,0,0,0,0,0,0,0,0,0,0,63854,0,0,64762,0,2318,847,0,3550,0,0,723211,0,256168
501,0,8,0,0,0,0,0,2766173,0,0,0,0,1178,265984,0,0,0,0,0,0,0,0,0,0,0,0,0,0,0,0,0,0,0,64749,0,52,0,575,2338,2114212,0,0,0,257248
501,0,9,0,0,0,0,0,2766173,0,0,0,0,1716,265984,0,0,0,0,0,0,0,0,0,0,0,0,0,0,0,0,0,0,0,65007,6012,40,0,0,2585,0,0,2109218,0,255831
501,0,10,0,0,0,0,0,2766173,0,0,0,0,2561,265984,0,0,0,0,0,0,0,0,0,0,0,0,0,0,0,0,0,0,0,64910,0,82,3573,3,4902,0,0,2117692,0,257422
501,0,11,0,0,0,0,0,2766173,0,0,0,0,2477,265984,0,0,0,0,0,0,0,0,0,0,0,0,0,0,0,0,0,0,0,65016,0,41,1182,0,8936,0,0,852783,0,257174
501,0,12,0,0,0,0,0,2766173,0,0,0,0,47,0,0,0,0,0,0,0,0,0,0,0,0,0,0,0,0,0,0,0,0,0,0,0,0,45,93,0,0,0,0,0
501,0,13,0,0,0,0,0,2766173,0,0,0,0,53,0,0,0,0,0,0,0,0,0,0,0,0,0,0,0,0,0,0,0,0,0,172,0,0,0,111,0,0,0,0,0
501,0,14,0,0,0,0,0,2766173,0,0,0,0,47,0,0,0,0,0,0,0,0,0,0,0,0,0,0,0,0,0,0,0,0,0,0,0,86,0,63,0,0,0,0,0
501,0,15,0,0,0,0,0,2766173,0,0,0,0,41,0,0,0,0,0,0,0,0,0,0,0,0,0,0,0,0,0,0,0,0,0,0,0,39,0,96,0,0,0,0,0
502,0,0,0,0,0,0,0,7305553,0,0,26978,855296,136,0,0,0,0,0,44214,0,0,0,0,0,0,0,0,26978,26978,0,376082,0,1233780,855296,0,5211,0,136,284,0,0,0,0,4439137
502,0,1,0,0,0,0,0,3652777,44214,0,0,0,18901,0,0,0,0,0,0,0,0,0,0,0,0,0,0,0,13786,0,188616,0,435732,0,0,2557,1806,5235,32495,0,0,734911,0,0
502,0,2,0,0,0,0,0,3652777,0,0,0,0,461,265984,0,0,0,0,0,0,0,0,0,0,0,0,0,0,0,0,188587,0,188593,65006,0,5923,727,4076,984,0,0,636592,0,256731
502,0,3,0,0,0,0,0,3652777,0,0,0,0,468,265984,0,0,0,0,0,0,0,0,0,0,0,0,0,0,0,0,126676,0,0,64908,0,1872,255,0,672,0,0,166345,0,256596
502,0,4,0,0,0,0,0,3652777,0,0,0,0,593,265984,0,0,0,0,0,0,0,0,0,0,0,0,0,0,0,0,126512,0,0,64836,0,1478,0,316,853,2043406,0,0,0,259003
502,0,5,0,0,0,0,0,3652777,0,0,0,0,849,265984,0,0,0,0,0,0,0,0,0,0,0,0,0,0,0,0,126605,0,0,64825,13975,3937,0,1,1738,0,0,1819818,0,257179
502,0,6,0,0,0,0,0,3652777,0,0,0,0,1167,265984,0,0,0,0,0,0,0,0,0,0,0,0,0,0,0,0,126574,0,0,64878,0,2383,1766,1,1738,0,0,1821069,0,256265
502,0,7,0,0,0,0,0,3652777,0,0,0,0,1155,265984,0,0,0,0,0,0,0,0,0,0,0,0,0,0,0,0,63912,0,0,64796,0,2363,624,0,2344,0,0,749848,0,256028
502,0,8,0,0,0,0,0,3652777,0,0,0,0,1211,265984,0,0,0,0,0,0,0,0,0,0,0,0,0,0,0,0,63681,0,0,64776,0,1654,0,566,2373,2710458,0,0,0,257294
502,0,9,0,0,0,0,0,3652777,0,0,0,0,1689,265984,0,0,0,0,0,0,0,0,0,0,0,0,0,0,0,0,63737,0,0,64971,9881,1236,0,1,2572,0,0,2958931,0,256749
502,0,10,0,0,0,0,0,3652777,0,0,0,0,2345,265984,0,0,0,0,0,0,0,0,0,0,0,0,0,0,0,0,63762,0,0,64961,0,2377,3550,1,4675,0,0,2850151,0,256318
502,0,11,0,0,0,0,0,3652777,0,0,0,0,2358,265984,0,0,0,0,0,0,0,0,0,0,0,0,0,0,0,0,0,0,0,64991,0,46,1180,0,5088,0,0,1222096,0,255344
502,0,12,0,0,0,0,0,3652777,0,0,0,0,1710,265984,0,0,0,0,0,0,0,0,0,0,0,0,0,0,0,0,0,0,0,64951,0,0,0,791,2565,2914826,0,0,0,256824
502,0,13,0,0,0,0,0,3652777,0,0,0,0,2343,265984,0,0,0,0,0,0,0,0,0,0,0,0,0,0,0,0,0,0,0,64996,5319,0,0,1,4652,0,0,2889733,0,255797
502,0,14,0,0,0,0,0,3652777,0,0,0,0,2381,265984,0,0,0,0,0,0,0,0,0,0,0,0,0,0,0,0,0,0,0,64958,0,0,1200,1,3549,0,0,1220415,0,255709
502,0,15,0,0,0,0,0,3652777,0,0,0,0,44,0,0,0,0,0,0,0,0,0,0,0,0,0,0,0,0,0,0,0,0,0,0,0,36,0,96,0,0,0,0,0
503,0,0,0,0,0,0,0,7194217,0,0,26790,855296,136,0,0,0,0,0,43932,0,0,0,0,0,0,0,0,26790,26790,0,376144,0,1233284,855296,0,5195,0,136,284,0,0,0,0,4371705
503,0,1,0,0,0,0,0,3597109,43932,0,0,0,19037,0,0,0,0,0,0,0,0,0,0,0,0,0,0,0,13824,0,188639,0,435971,0,0,2421,1810,5043,32669,0,0,674325,0,0
503,0,2,0,0,0,0,0,3597109,0,0,0,0,458,265984,0,0,0,0,0,0,0,0,0,0,0,0,0,0,0,0,188971,0,188541,64889,0,5987,747,4095,976,0,0,606818,0,256413
503,0,3,0,0,0,0,0,3597109,0,0,0,0,474,265984,0,0,0,0,0,0,0,0,0,0,0,0,0,0,0,0,126632,0,0,64926,0,1819,256,0,673,0,0,165201,0,257385
503,0,4,0,0,0,0,0,3597109,0,0,0,0,584,265984,0,0,0,0,0,0,0,0,0,0,0,0,0,0,0,0,126486,0,0,64818,0,1475,0,323,851,2014598,0,0,0,258961
503,0,5,0,0,0,0,0,3597109,0,0,0,0,876,265984,0,0,0,0,0,0,0,0,0,0,0,0,0,0,0,0,126724,0,0,64889,13729,4023,0,2,1757,0,0,1811169,0,257257
503,0,6,0,0,0,0,0,3597109,0,0,0,0,1178,265984,0,0,0,0,0,0,0,0,0,0,0,0,0,0,0,0,126852,0,0,64903,0,2213,1791,0,1771,0,0,1820657,0,256211
503,0,7,0,0,0,0,0,3597109,0,0,0,0,1192,265984,0,0,0,0,0,0,0,0,0,0,0,0,0,0,0,0,63855,0,0,64795,0,2376,584,0,2375,0,0,743986,0,255953
503,0,8,0,0,0,0,0,3597109,0,0,0,0,1183,265984,0,0,0,0,0,0,0,0,0,0,0,0,0,0,0,0,63748,0,0,64782,0,1623,0,594,2365,2693526,0,0,0,257364
503,0,9,0,0,0,0,0,3597109,0,0,0,0,1663,265984,0,0,0,0,0,0,0,0,0,0,0,0,0,0,0,0,63813,0,0,64942,9861,1131,0,1,2507,0,0,2915144,0,256954
503,0,10,0,0,0,0,0,3597109,0,0,0,0,2349,265984,0,0,0,0,0,0,0,0,0,0,0,0,0,0,0,0,63796,0,0,64936,0,2437,3501,1,4707,0,0,2836736,0,256095
503,0,11,0,0,0,0,0,3597109,0,0,0,0,2358,265984,0,0,0,0,0,0,0,0,0,0,0,0,0,0,0,0,0,0,0,64929,0,43,1135,0,3483,0,0,1198066,0,255824
503,0,12,0,0,0,0,0,3597109,0,0,0,0,1667,265984,0,0,0,0,0,0,0,0,0,0,0,0,0,0,0,0,0,0,0,64912,0,0,0,820,2539,2906257,0,0,0,256926
503,0,13,0,0,0,0,0,3597109,0,0,0,0,2345,265984,0,0,0,0,0,0,0,0,0,0,0,0,0,0,0,0,0,0,0,64982,5186,0,0,1,4715,0,0,2854750,0,255948
503,0,14,0,0,0,0,0,3597109,0,0,0,0,2337,265984,0,0,0,0,0,0,0,0,0,0,0,0,0,0,0,0,0,0,0,64929,0,0,1206,1,3407,0,0,1187602,0,256100
503,0,15,0,0,0,0,0,3597109,0,0,0,0,44,0,0,0,0,0,0,0,0,0,0,0,0,0,0,0,0,0,0,0,0,0,0,0,36,0,99,0,0,0,0,0
504,0,0,0,0,0,0,0,7267505,0,0,26926,855296,136,0,0,0,0,0,44139,0,0,0,0,0,0,0,0,26926,26926,0,376147,0,1233150,855296,0,5211,0,136,284,0,0,0,0,4406892
504,0,1,0,0,0,0,0,3633752,44139,0,0,0,18897,0,0,0,0,0,0,0,0,0,0,0,0,0,0,0,13564,0,188692,0,435631,0,0,2485,1864,5201,32519,0,0,735159,0,0
504,0,2,0,0,0,0,0,3633752,0,0,0,0,463,265984,0,0,0,0,0,0,0,0,0,0,0,0,0,0,0,0,188685,0,188378,65002,0,5863,719,4137,983,0,0,636614,0,256778
504,0,3,0,0,0,0,0,3633752,0,0,0,0,462,265984,0,0,0,0,0,0,0,0,0,0,0,0,0,0,0,0,126653,0,0,64909,0,1822,261,0,645,0,0,166188,0,256573
504,0,4,0,0,0,0,0,3633752,0,0,0,0,585,265984,0,0,0,0,0,0,0,0,0,0,0,0,0,0,0,0,126506,0,0,64849,0,1524,0,324,857,2018810,0,0,0,258891
504,0,5,0,0,0,0,0,3633752,0,0,0,0,865,265984,0,0,0,0,0,0,0,0,0,0,0,0,0,0,0,0,126642,0,0,64831,13903,4003,0,1,1744,0,0,1817259,0,257088
504,0,6,0,0,0,0,0,3633752,0,0,0,0,1188,265984,0,0,0,0,0,0,0,0,0,0,0,0,0,0,0,0,126542,0,0,64868,0,2402,1749,1,1774,0,0,1822386,0,256217
504,0,7,0,0,0,0,0,3633752,0,0,0,0,1159,265984,0,0,0,0,0,0,0,0,0,0,0,0,0,0,0,0,63737,0,0,64790,0,2388,620,0,2363,0,0,749847,0,256096
504,0,8,0,0,0,0,0,3633752,0,0,0,0,1194,265984,0,0,0,0,0,0,0,0,0,0,0,0,0,0,0,0,63699,0,0,64770,0,1621,0,583,2343,2690980,0,0,0,257423
504,0,9,0,0,0,0,0,3633752,0,0,0,0,1670,265984,0,0,0,0,0,0,0,0,0,0,0,0,0,0,0,0,63845,0,0,64958,9894,1205,0,2,2502,0,0,2918279,0,256956
504,0,10,0,0,0,0,0,3633752,0,0,0,0,2372,265984,0,0,0,0,0,0,0,0,0,0,0,0,0,0,0,0,63808,0,0,64992,0,2342,3521,1,4692,0,0,2853429,0,255378
504,0,11,0,0,0,0,0,3633752,0,0,0,0,2374,265984,0,0,0,0,0,0,0,0,0,0,0,0,0,0,0,0,0,0,0,64988,0,45,1155,0,4217,0,0,1187250,0,255897
504,0,12,0,0,0,0,0,3633752,0,0,0,0,1686,265984,0,0,0,0,0,0,0,0,0,0,0,0,0,0,0,0,0,0,0,64944,0,0,0,815,2574,2936913,0,0,0,256896
504,0,13,0,0,0,0,0,3633752,0,0,0,0,2350,265984,0,0,0,0,0,0,0,0,0,0,0,0,0,0,0,0,0,0,0,64980,5284,0,0,2,4674,0,0,2903707,0,255123
504,0,14,0,0,0,0,0,3633752,0,0,0,0,2390,265984,0,0,0,0,0,0,0,0,0,0,0,0,0,0,0,0,0,0,0,64868,0,0,1177,1,3583,0,0,1196513,0,256645
504,0,15,0,0,0,0,0,3633752,0,0,0,0,41,0,0,0,0,0,0,0,0,0,0,0,0,0,0,0,0,0,0,0,0,0,0,0,39,0,94,0,0,0,0,0
